Código;Especificação;Previsto Janeiro;Previsto Fevereiro;Previsto Março;Previsto Abril;Previsto Maio;Previsto Junho;Previsto Julho;Previsto Agosto;Previsto Setembro;Previsto Outubro;Previsto Novembro;Previsto Dezembro;Total Previsto;Realizado Janeiro;Realizado Fevereiro;Realizado Março;Realizado Abril;Realizado Maio;Realizado Junho;Realizado Julho;Realizado Agosto;Realizado Setembro;Realizado Outubro;Realizado Novembro;Realizado Dezembro;Total Realizado;Diferença Janeiro;Diferença Fevereiro;Diferença Março;Diferença Abril;Diferença Maio;Diferença Junho;Diferença Julho;Diferença Agosto;Diferença Setembro;Diferença Outubro;Diferença Novembro;Diferença Dezembro;Total Diferença
1.1.1.2.50.0.1.00.00.00;Imposto sobre a Propriedade Predial e Territorial Urbana;258.469,08;240.521,76;209.104,14;263.261,13;8.585.201,60;3.297.648,92;1.912.189,79;1.837.720,95;1.977.031,87;2.148.529,13;1.935.393,15;2.820.331,24;25.485.402,76;38.168,88;178.543,29;2.418.097,77;10.144.986,62;2.073.383,60;2.000.616,17;2.057.626,67;2.137.877,12;1.931.123,66;1.982.937,71;1.995.742,75;454.292,40;27.413.396,64;-220.300,20;-61.978,47;2.208.993,63;9.881.725,49;-6.511.818,00;-1.297.032,75;145.436,88;300.156,17;-45.908,21;-165.591,42;60.349,60;-2.366.038,84;1.927.993,88
1.1.1.2.50.0.2.00.00.00;Multas/Juros de Mora s/IPTU;1.806,40;1.680,98;1.461,41;1.839,89;60.000,83;23.046,83;13.364,03;12.843,59;13.817,21;15.015,78;13.526,21;19.710,92;178.114,08;6.406,17;25,78;91,82;5.002,32;69.361,19;105.769,78;34.568,43;30.129,70;31.129,34;43.892,74;49.559,83;64.179,48;440.116,58;4.599,77;-1.655,20;-1.369,59;3.162,43;9.360,36;82.722,95;21.204,40;17.286,11;17.312,13;28.876,96;36.033,62;44.468,56;262.002,50
1.1.1.2.50.0.2.00.00.00;Multas/Juros de Mora s/IPTU;1.806,40;1.680,98;1.461,41;1.839,89;60.000,83;23.046,83;13.364,03;12.843,59;13.817,21;15.015,78;13.526,21;19.710,92;178.114,08;6.406,17;25,78;91,82;5.002,32;69.361,19;105.769,78;34.568,43;30.129,70;31.129,34;43.892,74;49.559,83;64.179,48;440.116,58;4.599,77;-1.655,20;-1.369,59;3.162,43;9.360,36;82.722,95;21.204,40;17.286,11;17.312,13;28.876,96;36.033,62;44.468,56;262.002,50
1.1.1.2.50.0.3.00.00.00;IPTU - Dívida Ativa;31.268,37;29.097,17;25.296,43;31.848,08;1.038.596,97;398.933,92;231.327,66;222.318,76;239.171,94;259.918,86;234.134,68;341.190,30;3.083.103,14;228.816,60;216.878,90;212.718,68;215.095,48;161.394,76;141.429,30;141.821,55;142.347,24;137.320,26;344.716,36;462.086,53;850.596,38;3.255.222,04;197.548,23;187.781,73;187.422,25;183.247,40;-877.202,21;-257.504,62;-89.506,11;-79.971,52;-101.851,68;84.797,50;227.951,85;509.406,08;172.118,90
1.1.1.2.50.0.3.00.00.00;IPTU - Dívida Ativa;31.268,37;29.097,17;25.296,43;31.848,08;1.038.596,97;398.933,92;231.327,66;222.318,76;239.171,94;259.918,86;234.134,68;341.190,30;3.083.103,14;228.816,60;216.878,90;212.718,68;215.095,48;161.394,76;141.429,30;141.821,55;142.347,24;137.320,26;344.716,36;462.086,53;850.596,38;3.255.222,04;197.548,23;187.781,73;187.422,25;183.247,40;-877.202,21;-257.504,62;-89.506,11;-79.971,52;-101.851,68;84.797,50;227.951,85;509.406,08;172.118,90
1.1.1.2.50.0.4.00.00.00;Multas/Juros Mora Div.Ativ.IPTU;10.664,93;9.924,38;8.628,04;10.862,66;354.241,64;136.067,23;78.900,56;75.827,83;81.576,08;88.652,37;79.857,97;116.372,19;1.051.575,88;103.532,89;106.738,94;109.337,45;105.812,24;88.095,84;78.229,27;70.619,39;68.893,37;60.264,27;45.001,93;76.817,96;89.035,76;1.002.379,31;92.867,96;96.814,56;100.709,41;94.949,58;-266.145,80;-57.837,96;-8.281,17;-6.934,46;-21.311,81;-43.650,44;-3.040,01;-27.336,43;-49.196,57
1.1.1.2.50.0.4.00.00.00;Multas/Juros Mora Div.Ativ.IPTU;10.664,93;9.924,38;8.628,04;10.862,66;354.241,64;136.067,23;78.900,56;75.827,83;81.576,08;88.652,37;79.857,97;116.372,19;1.051.575,88;103.532,89;106.738,94;109.337,45;105.812,24;88.095,84;78.229,27;70.619,39;68.893,37;60.264,27;45.001,93;76.817,96;89.035,76;1.002.379,31;92.867,96;96.814,56;100.709,41;94.949,58;-266.145,80;-57.837,96;-8.281,17;-6.934,46;-21.311,81;-43.650,44;-3.040,01;-27.336,43;-49.196,57
1.1.1.2.53.0.1.00.00.00;"Imp.s/ Transm.""Inter Vivos"" Bens Imóv.Direitos Reais s/Imóveis";162.165,27;215.305,00;211.373,98;341.821,50;473.212,33;354.624,68;518.181,76;440.940,25;371.030,25;620.768,33;475.600,75;459.733,57;4.644.757,67;339.913,89;454.174,62;577.560,33;411.293,46;127.979,12;328.474,09;500.201,69;897.011,38;384.182,42;560.211,49;388.621,62;509.004,90;5.478.629,01;177.748,62;238.869,62;366.186,35;69.471,96;-345.233,21;-26.150,59;-17.980,07;456.071,13;13.152,17;-60.556,84;-86.979,13;49.271,33;833.871,34
1.1.1.2.53.0.1.00.00.00;"Imp.s/ Transm.""Inter Vivos"" Bens Imóv.Direitos Reais s/Imóveis";162.165,27;215.305,00;211.373,98;341.821,50;473.212,33;354.624,68;518.181,76;440.940,25;371.030,25;620.768,33;475.600,75;459.733,57;4.644.757,67;339.913,89;454.174,62;577.560,33;411.293,46;127.979,12;328.474,09;500.201,69;897.011,38;384.182,42;560.211,49;388.621,62;509.004,90;5.478.629,01;177.748,62;238.869,62;366.186,35;69.471,96;-345.233,21;-26.150,59;-17.980,07;456.071,13;13.152,17;-60.556,84;-86.979,13;49.271,33;833.871,34
1.1.1.3.03.1.1.00.00.00;Imposto sobre a Renda - Retido na Fonte - Trabalho - Principal;183.197,35;1.815.823,91;850.327,74;1.083.172,97;1.088.091,21;1.126.524,50;1.110.985,69;1.136.104,52;1.090.082,37;1.131.066,79;2.093.673,44;2.215.650,11;14.924.700,60;1.666.623,88;1.326.698,81;1.491.820,87;1.742.782,35;1.477.025,65;1.351.728,71;1.373.456,62;1.345.627,87;1.038.102,29;1.841.844,20;1.394.786,94;1.741.837,32;17.792.335,51;1.483.426,53;-489.125,10;641.493,13;659.609,38;388.934,44;225.204,21;262.470,93;209.523,35;-51.980,08;710.777,41;-698.886,50;-473.812,79;2.867.634,91
1.1.1.3.03.1.1.00.00.00;Imposto sobre a Renda - Retido na Fonte - Trabalho - Principal;183.197,35;1.815.823,91;850.327,74;1.083.172,97;1.088.091,21;1.126.524,50;1.110.985,69;1.136.104,52;1.090.082,37;1.131.066,79;2.093.673,44;2.215.650,11;14.924.700,60;1.666.623,88;1.326.698,81;1.491.820,87;1.742.782,35;1.477.025,65;1.351.728,71;1.373.456,62;1.345.627,87;1.038.102,29;1.841.844,20;1.394.786,94;1.741.837,32;17.792.335,51;1.483.426,53;-489.125,10;641.493,13;659.609,38;388.934,44;225.204,21;262.470,93;209.523,35;-51.980,08;710.777,41;-698.886,50;-473.812,79;2.867.634,91
1.1.1.3.03.4.1.00.00.00;Imposto sobre a Renda - Retido na Fonte - Outros Rendimentos - Principal;3.512,72;34.817,47;16.304,59;20.769,27;20.863,57;21.600,51;21.302,57;21.784,21;20.901,76;21.687,60;40.145,08;42.483,97;286.173,32;1.975,09;15.468,20;18.432,45;25.435,63;90.377,64;99.298,84;83.805,18;224.844,19;107.156,26;150.229,70;133.323,40;249.397,83;1.199.744,41;-1.537,63;-19.349,27;2.127,86;4.666,36;69.514,07;77.698,33;62.502,61;203.059,98;86.254,50;128.542,10;93.178,32;206.913,86;913.571,09
1.1.1.3.03.4.1.00.00.00;Imposto sobre a Renda - Retido na Fonte - Outros Rendimentos - Principal;3.512,72;34.817,47;16.304,59;20.769,27;20.863,57;21.600,51;21.302,57;21.784,21;20.901,76;21.687,60;40.145,08;42.483,97;286.173,32;1.975,09;15.468,20;18.432,45;25.435,63;90.377,64;99.298,84;83.805,18;224.844,19;107.156,26;150.229,70;133.323,40;249.397,83;1.199.744,41;-1.537,63;-19.349,27;2.127,86;4.666,36;69.514,07;77.698,33;62.502,61;203.059,98;86.254,50;128.542,10;93.178,32;206.913,86;913.571,09
1.1.1.4.51.1.1.00.00.00;Imposto sobre Serviços de Qualquer Natureza - ISSQN;1.490.096,76;1.271.119,05;1.508.090,43;1.533.774,16;1.371.424,85;1.542.118,16;1.593.287,78;1.694.397,39;1.804.961,93;1.803.648,35;2.216.602,40;2.291.465,63;20.120.986,89;699.093,28;1.015.776,86;741.832,85;736.800,94;1.995.905,31;6.872.849,45;2.057.040,06;2.479.521,22;2.263.239,38;2.274.969,39;2.361.668,24;2.309.201,81;25.807.898,79;-791.003,48;-255.342,19;-766.257,58;-796.973,22;624.480,46;5.330.731,29;463.752,28;785.123,83;458.277,45;471.321,04;145.065,84;17.736,18;5.686.911,90
1.1.1.4.51.1.1.00.00.00;Imposto sobre Serviços de Qualquer Natureza - ISSQN;1.490.096,76;1.271.119,05;1.508.090,43;1.533.774,16;1.371.424,85;1.542.118,16;1.593.287,78;1.694.397,39;1.804.961,93;1.803.648,35;2.216.602,40;2.291.465,63;20.120.986,89;699.093,28;1.015.776,86;741.832,85;736.800,94;1.995.905,31;6.872.849,45;2.057.040,06;2.479.521,22;2.263.239,38;2.274.969,39;2.361.668,24;2.309.201,81;25.807.898,79;-791.003,48;-255.342,19;-766.257,58;-796.973,22;624.480,46;5.330.731,29;463.752,28;785.123,83;458.277,45;471.321,04;145.065,84;17.736,18;5.686.911,90
1.1.1.4.51.1.2.00.00.00;Imposto sobre Serviços de Qualquer Natureza - Multas e Juros;38.748,83;33.054,49;39.216,75;39.884,63;35.662,85;40.101,61;41.432,23;44.061,52;46.936,67;46.902,51;57.641,06;59.587,81;523.230,96;14.906,74;14.267,71;15.832,14;11.952,95;11.649,41;175.562,37;76.866,98;34.257,95;31.966,84;15.179,34;32.795,24;33.462,60;468.700,27;-23.842,09;-18.786,78;-23.384,61;-27.931,68;-24.013,44;135.460,76;35.434,75;-9.803,57;-14.969,83;-31.723,17;-24.845,82;-26.125,21;-54.530,69
1.1.1.4.51.1.2.00.00.00;Imposto sobre Serviços de Qualquer Natureza - Multas e Juros;38.748,83;33.054,49;39.216,75;39.884,63;35.662,85;40.101,61;41.432,23;44.061,52;46.936,67;46.902,51;57.641,06;59.587,81;523.230,96;14.906,74;14.267,71;15.832,14;11.952,95;11.649,41;175.562,37;76.866,98;34.257,95;31.966,84;15.179,34;32.795,24;33.462,60;468.700,27;-23.842,09;-18.786,78;-23.384,61;-27.931,68;-24.013,44;135.460,76;35.434,75;-9.803,57;-14.969,83;-31.723,17;-24.845,82;-26.125,21;-54.530,69
1.1.1.4.51.1.3.00.00.00;Imposto sobre Serviços de Qualquer Natureza - Dívida Ativa;80.080,21;68.311,99;81.047,21;82.427,50;73.702,58;82.875,92;85.625,86;91.059,65;97.001,57;96.930,97;119.123,79;123.147,03;1.081.334,28;47.206,58;28.959,77;28.098,07;27.740,22;28.376,48;60.756,55;38.550,70;48.831,24;39.422,65;51.902,91;71.215,80;79.568,64;550.629,61;-32.873,63;-39.352,22;-52.949,14;-54.687,28;-45.326,10;-22.119,37;-47.075,16;-42.228,41;-57.578,92;-45.028,06;-47.907,99;-43.578,39;-530.704,67
1.1.1.4.51.1.3.00.00.00;Imposto sobre Serviços de Qualquer Natureza - Dívida Ativa;80.080,21;68.311,99;81.047,21;82.427,50;73.702,58;82.875,92;85.625,86;91.059,65;97.001,57;96.930,97;119.123,79;123.147,03;1.081.334,28;47.206,58;28.959,77;28.098,07;27.740,22;28.376,48;60.756,55;38.550,70;48.831,24;39.422,65;51.902,91;71.215,80;79.568,64;550.629,61;-32.873,63;-39.352,22;-52.949,14;-54.687,28;-45.326,10;-22.119,37;-47.075,16;-42.228,41;-57.578,92;-45.028,06;-47.907,99;-43.578,39;-530.704,67
1.1.1.4.51.1.4.00.00.00;Imposto sobre Serviços de Qualquer Natureza - Dívida Ativa - Multas e Juros;87.171,93;74.361,55;88.224,58;89.727,10;80.229,52;90.215,23;93.208,70;99.123,70;105.591,82;105.514,97;129.673,14;134.052,72;1.177.094,96;25.559,26;14.116,93;58.435,57;14.262,21;110.352,67;-21.631,92;16.887,03;35.322,92;14.545,71;13.673,27;19.247,33;18.233,47;319.004,45;-61.612,67;-60.244,62;-29.789,01;-75.464,89;30.123,15;-111.847,15;-76.321,67;-63.800,78;-91.046,11;-91.841,70;-110.425,81;-115.819,25;-858.090,51
1.1.1.4.51.1.4.00.00.00;Imposto sobre Serviços de Qualquer Natureza - Dívida Ativa - Multas e Juros;87.171,93;74.361,55;88.224,58;89.727,10;80.229,52;90.215,23;93.208,70;99.123,70;105.591,82;105.514,97;129.673,14;134.052,72;1.177.094,96;25.559,26;14.116,93;58.435,57;14.262,21;110.352,67;-21.631,92;16.887,03;35.322,92;14.545,71;13.673,27;19.247,33;18.233,47;319.004,45;-61.612,67;-60.244,62;-29.789,01;-75.464,89;30.123,15;-111.847,15;-76.321,67;-63.800,78;-91.046,11;-91.841,70;-110.425,81;-115.819,25;-858.090,51
1.1.2.1.01.0.1.01.00.00;Taxa Licença p/ Func. Estab.Com.,Ind.e Prest.Servi;17.196,18;17.196,18;17.196,18;17.196,18;17.196,18;17.196,18;17.196,18;17.196,18;17.196,18;17.196,18;17.196,18;17.196,20;206.354,18;19.201,91;13.243,61;19.871,31;15.399,76;5.395,96;6.054,04;33.693,99;9.977,53;6.927,37;32.270,48;838.759,55;435.954,98;1.436.750,49;2.005,73;-3.952,57;2.675,13;-1.796,42;-11.800,22;-11.142,14;16.497,81;-7.218,65;-10.268,81;15.074,30;821.563,37;418.758,78;1.230.396,31
1.1.2.1.01.0.1.01.00.00;Taxa Licença p/ Func. Estab.Com.,Ind.e Prest.Servi;17.196,18;17.196,18;17.196,18;17.196,18;17.196,18;17.196,18;17.196,18;17.196,18;17.196,18;17.196,18;17.196,18;17.196,20;206.354,18;19.201,91;13.243,61;19.871,31;15.399,76;5.395,96;6.054,04;33.693,99;9.977,53;6.927,37;32.270,48;838.759,55;435.954,98;1.436.750,49;2.005,73;-3.952,57;2.675,13;-1.796,42;-11.800,22;-11.142,14;16.497,81;-7.218,65;-10.268,81;15.074,30;821.563,37;418.758,78;1.230.396,31
1.1.2.1.01.0.1.02.00.00;Taxa de Licença para Execução de Obras;1.886,65;1.886,65;1.886,65;1.886,65;1.886,65;1.886,65;1.886,65;1.886,65;1.886,65;1.886,65;1.886,65;1.886,67;22.639,82;0,00;0,00;0,00;0,00;472,51;879,61;919,92;0,00;5.825,20;62,61;0,00;51,68;8.211,53;-1.886,65;-1.886,65;-1.886,65;-1.886,65;-1.414,14;-1.007,04;-966,73;-1.886,65;3.938,55;-1.824,04;-1.886,65;-1.834,99;-14.428,29
1.1.2.1.01.0.1.02.00.00;Taxa de Licença para Execução de Obras;1.886,65;1.886,65;1.886,65;1.886,65;1.886,65;1.886,65;1.886,65;1.886,65;1.886,65;1.886,65;1.886,65;1.886,67;22.639,82;0,00;0,00;0,00;0,00;472,51;879,61;919,92;0,00;5.825,20;62,61;0,00;51,68;8.211,53;-1.886,65;-1.886,65;-1.886,65;-1.886,65;-1.414,14;-1.007,04;-966,73;-1.886,65;3.938,55;-1.824,04;-1.886,65;-1.834,99;-14.428,29
1.1.2.1.01.0.1.03.00.00;Taxa de Utilização de Área de Domínio Público;12.247,70;12.247,70;12.247,70;12.247,70;12.247,70;12.247,70;12.247,70;12.247,70;12.247,70;12.247,70;12.247,70;12.247,74;146.972,44;265,77;9.802,99;874,92;413.428,81;-885,70;927,19;824,62;1.309,79;1.778,06;604,77;4.553,19;3.148,40;436.632,81;-11.981,93;-2.444,71;-11.372,78;401.181,11;-13.133,40;-11.320,51;-11.423,08;-10.937,91;-10.469,64;-11.642,93;-7.694,51;-9.099,34;289.660,37
1.1.2.1.01.0.1.03.00.00;Taxa de Utilização de Área de Domínio Público;12.247,70;12.247,70;12.247,70;12.247,70;12.247,70;12.247,70;12.247,70;12.247,70;12.247,70;12.247,70;12.247,70;12.247,74;146.972,44;265,77;9.802,99;874,92;413.428,81;-885,70;927,19;824,62;1.309,79;1.778,06;604,77;4.553,19;3.148,40;436.632,81;-11.981,93;-2.444,71;-11.372,78;401.181,11;-13.133,40;-11.320,51;-11.423,08;-10.937,91;-10.469,64;-11.642,93;-7.694,51;-9.099,34;289.660,37
1.1.2.1.01.0.1.04.00.00;Taxa de Aprovação do Projeto de Construção Civil;902,80;902,80;902,80;902,80;902,80;902,80;902,80;902,80;902,80;902,80;902,80;902,88;10.833,68;0,00;0,00;0,00;0,00;0,00;0,00;0,00;163,26;21.566,84;16.485,25;7.032,30;12.427,65;57.675,30;-902,80;-902,80;-902,80;-902,80;-902,80;-902,80;-902,80;-739,54;20.664,04;15.582,45;6.129,50;11.524,77;46.841,62
1.1.2.1.01.0.1.04.00.00;Taxa de Aprovação do Projeto de Construção Civil;902,80;902,80;902,80;902,80;902,80;902,80;902,80;902,80;902,80;902,80;902,80;902,88;10.833,68;0,00;0,00;0,00;0,00;0,00;0,00;0,00;163,26;21.566,84;16.485,25;7.032,30;12.427,65;57.675,30;-902,80;-902,80;-902,80;-902,80;-902,80;-902,80;-902,80;-739,54;20.664,04;15.582,45;6.129,50;11.524,77;46.841,62
1.1.2.1.01.0.1.05.00.00;Taxa de Alinhamento e Nivelamento;6.335,32;6.335,32;6.335,32;6.335,32;6.335,32;6.335,32;6.335,32;6.335,32;6.335,32;6.335,32;6.335,32;6.335,43;76.023,95;6.517,53;3.817,60;3.901,61;2.137,08;8.807,35;2.895,75;8.693,04;8.473,39;3.681,86;9.940,01;4.722,90;6.518,59;70.106,71;182,21;-2.517,72;-2.433,71;-4.198,24;2.472,03;-3.439,57;2.357,72;2.138,07;-2.653,46;3.604,69;-1.612,42;183,16;-5.917,24
1.1.2.1.01.0.1.05.00.00;Taxa de Alinhamento e Nivelamento;6.335,32;6.335,32;6.335,32;6.335,32;6.335,32;6.335,32;6.335,32;6.335,32;6.335,32;6.335,32;6.335,32;6.335,43;76.023,95;6.517,53;3.817,60;3.901,61;2.137,08;8.807,35;2.895,75;8.693,04;8.473,39;3.681,86;9.940,01;4.722,90;6.518,59;70.106,71;182,21;-2.517,72;-2.433,71;-4.198,24;2.472,03;-3.439,57;2.357,72;2.138,07;-2.653,46;3.604,69;-1.612,42;183,16;-5.917,24
1.1.2.1.01.0.1.06.00.00;Taxa de Apreensão, Depósito ou Liberação de Animais;795,01;795,01;795,01;795,01;795,01;795,01;795,01;795,01;795,01;795,01;795,01;795,02;9.540,13;1.063,05;0,00;2.458,57;0,00;0,00;0,00;0,00;0,00;0,00;0,00;0,00;0,00;3.521,62;268,04;-795,01;1.663,56;-795,01;-795,01;-795,01;-795,01;-795,01;-795,01;-795,01;-795,01;-795,02;-6.018,51
1.1.2.1.01.0.1.06.00.00;Taxa de Apreensão, Depósito ou Liberação de Animais;795,01;795,01;795,01;795,01;795,01;795,01;795,01;795,01;795,01;795,01;795,01;795,02;9.540,13;1.063,05;0,00;2.458,57;0,00;0,00;0,00;0,00;0,00;0,00;0,00;0,00;0,00;3.521,62;268,04;-795,01;1.663,56;-795,01;-795,01;-795,01;-795,01;-795,01;-795,01;-795,01;-795,01;-795,02;-6.018,51
1.1.2.1.01.0.1.07.00.00;Outras Taxas de Inspeção, Controle e Fiscalização;1.213,83;1.213,83;1.213,83;1.213,83;1.213,83;1.213,83;1.213,83;1.213,83;1.213,83;1.213,83;1.213,83;1.213,91;14.566,04;0,00;0,00;0,00;0,00;0,00;0,00;0,00;110,70;442,80;202,95;1.338,54;144,15;2.239,14;-1.213,83;-1.213,83;-1.213,83;-1.213,83;-1.213,83;-1.213,83;-1.213,83;-1.103,13;-771,03;-1.010,88;124,71;-1.069,76;-12.326,90
1.1.2.1.01.0.2.01.00.00;Multas e Juros-Taxas Insp.Cont.Fiscalização;1.157,79;1.157,79;1.157,79;1.157,79;1.157,79;1.157,79;1.157,79;1.157,79;1.157,79;1.157,79;1.157,79;1.157,85;13.893,54;848,30;0,00;3,64;9,70;103,93;96,66;101,53;182,89;311,82;623,77;924,35;458,56;3.665,15;-309,49;-1.157,79;-1.154,15;-1.148,09;-1.053,86;-1.061,13;-1.056,26;-974,90;-845,97;-534,02;-233,44;-699,29;-10.228,39
1.1.2.1.01.0.2.01.00.00;Multas e Juros-Taxas Insp.Cont.Fiscalização;1.157,79;1.157,79;1.157,79;1.157,79;1.157,79;1.157,79;1.157,79;1.157,79;1.157,79;1.157,79;1.157,79;1.157,85;13.893,54;848,30;0,00;3,64;9,70;103,93;96,66;101,53;182,89;311,82;623,77;924,35;458,56;3.665,15;-309,49;-1.157,79;-1.154,15;-1.148,09;-1.053,86;-1.061,13;-1.056,26;-974,90;-845,97;-534,02;-233,44;-699,29;-10.228,39
1.1.2.1.01.0.3.01.00.00;Divida Ativa-Taxas Insp.Cont.Fiscalização;34.536,83;34.536,83;34.536,83;34.536,83;34.536,83;34.536,83;34.536,83;34.536,83;34.536,83;34.536,83;34.536,83;34.536,86;414.441,99;30.206,51;20.289,08;32.849,37;17.845,91;25.953,35;26.750,83;20.263,86;19.856,99;11.322,35;37.797,97;35.124,92;65.119,56;343.380,70;-4.330,32;-14.247,75;-1.687,46;-16.690,92;-8.583,48;-7.786,00;-14.272,97;-14.679,84;-23.214,48;3.261,14;588,09;30.582,70;-71.061,29
1.1.2.1.01.0.3.01.00.00;Divida Ativa-Taxas Insp.Cont.Fiscalização;34.536,83;34.536,83;34.536,83;34.536,83;34.536,83;34.536,83;34.536,83;34.536,83;34.536,83;34.536,83;34.536,83;34.536,86;414.441,99;30.206,51;20.289,08;32.849,37;17.845,91;25.953,35;26.750,83;20.263,86;19.856,99;11.322,35;37.797,97;35.124,92;65.119,56;343.380,70;-4.330,32;-14.247,75;-1.687,46;-16.690,92;-8.583,48;-7.786,00;-14.272,97;-14.679,84;-23.214,48;3.261,14;588,09;30.582,70;-71.061,29
1.1.2.1.01.0.4.01.00.00;Multas e Juros Divida Ativa-Taxas Insp.Cont.Fiscal;27.632,13;27.632,13;27.632,13;27.632,13;27.632,13;27.632,13;27.632,13;27.632,13;27.632,13;27.632,13;27.632,13;27.632,20;331.585,63;35.064,13;241.219,83;17.802,88;11.688,27;13.330,01;-241.544,04;10.663,20;11.624,93;6.672,40;12.272,75;10.358,17;17.247,52;146.400,05;7.432,00;213.587,70;-9.829,25;-15.943,86;-14.302,12;-269.176,17;-16.968,93;-16.007,20;-20.959,73;-15.359,38;-17.273,96;-10.384,68;-185.185,58
1.1.2.1.01.0.4.01.00.00;Multas e Juros Divida Ativa-Taxas Insp.Cont.Fiscal;27.632,13;27.632,13;27.632,13;27.632,13;27.632,13;27.632,13;27.632,13;27.632,13;27.632,13;27.632,13;27.632,13;27.632,20;331.585,63;35.064,13;241.219,83;17.802,88;11.688,27;13.330,01;-241.544,04;10.663,20;11.624,93;6.672,40;12.272,75;10.358,17;17.247,52;146.400,05;7.432,00;213.587,70;-9.829,25;-15.943,86;-14.302,12;-269.176,17;-16.968,93;-16.007,20;-20.959,73;-15.359,38;-17.273,96;-10.384,68;-185.185,58
1.1.2.1.01.0.4.03.00.00;Taxa de Utilização de Área de Domínio Público - Multa e Juros	de Divida Ativa;25,89;25,89;25,89;25,89;25,89;25,89;25,89;25,89;25,89;25,89;25,89;25,91;310,70;0,00;0,00;0,00;0,00;5.593,79;450,00;154,27;225,98;50,18;53,16;462,19;65,24;7.054,81;-25,89;-25,89;-25,89;-25,89;5.567,90;424,11;128,38;200,09;24,29;27,27;436,30;39,33;6.744,11
1.1.2.1.01.0.4.03.00.00;Taxa de Utilização de Área de Domínio Público - Multa e Juros	de Divida Ativa;25,89;25,89;25,89;25,89;25,89;25,89;25,89;25,89;25,89;25,89;25,89;25,91;310,70;0,00;0,00;0,00;0,00;5.593,79;450,00;154,27;225,98;50,18;53,16;462,19;65,24;7.054,81;-25,89;-25,89;-25,89;-25,89;5.567,90;424,11;128,38;200,09;24,29;27,27;436,30;39,33;6.744,11
1.1.2.2.01.0.1.01.00.00;Taxa de Cemitérios;24.969,73;24.969,73;24.969,73;24.969,73;24.969,73;24.969,73;24.969,73;24.969,73;24.969,73;24.969,73;24.969,73;24.969,83;299.636,86;23.789,34;24.701,06;19.638,65;16.538,13;17.198,38;20.733,93;26.777,63;8.777,42;19.722,58;44.792,44;19.496,48;21.844,47;264.010,51;-1.180,39;-268,67;-5.331,08;-8.431,60;-7.771,35;-4.235,80;1.807,90;-16.192,31;-5.247,15;19.822,71;-5.473,25;-3.125,36;-35.626,35
1.1.2.2.01.0.1.01.00.00;Taxa de Cemitérios;24.969,73;24.969,73;24.969,73;24.969,73;24.969,73;24.969,73;24.969,73;24.969,73;24.969,73;24.969,73;24.969,73;24.969,83;299.636,86;23.789,34;24.701,06;19.638,65;16.538,13;17.198,38;20.733,93;26.777,63;8.777,42;19.722,58;44.792,44;19.496,48;21.844,47;264.010,51;-1.180,39;-268,67;-5.331,08;-8.431,60;-7.771,35;-4.235,80;1.807,90;-16.192,31;-5.247,15;19.822,71;-5.473,25;-3.125,36;-35.626,35
1.1.2.2.01.0.1.02.00.00;Taxa de Coleta e Tratamento de Lixo;87.960,10;84.572,93;74.038,33;72.519,69;2.524.934,03;999.326,85;588.462,66;756.274,74;605.646,74;583.093,70;584.958,71;795.050,93;7.756.839,41;36.681,54;43.655,81;733.363,64;3.005.442,65;603.645,81;580.630,54;573.833,02;550.589,66;528.984,62;540.410,95;511.690,31;108.197,72;7.817.126,27;-51.278,56;-40.917,12;659.325,31;2.932.922,96;-1.921.288,22;-418.696,31;-14.629,64;-205.685,08;-76.662,12;-42.682,75;-73.268,40;-686.853,21;60.286,86
1.1.2.2.01.0.1.02.00.00;Taxa de Coleta e Tratamento de Lixo;87.960,10;84.572,93;74.038,33;72.519,69;2.524.934,03;999.326,85;588.462,66;756.274,74;605.646,74;583.093,70;584.958,71;795.050,93;7.756.839,41;36.681,54;43.655,81;733.363,64;3.005.442,65;603.645,81;580.630,54;573.833,02;550.589,66;528.984,62;540.410,95;511.690,31;108.197,72;7.817.126,27;-51.278,56;-40.917,12;659.325,31;2.932.922,96;-1.921.288,22;-418.696,31;-14.629,64;-205.685,08;-76.662,12;-42.682,75;-73.268,40;-686.853,21;60.286,86
1.1.2.2.01.0.1.03.00.00;Serviços Registro Certificação e Fiscalização;11.278,54;11.278,54;11.278,54;11.278,54;11.278,54;11.278,54;11.278,54;11.278,54;11.278,54;11.278,54;11.278,54;11.278,58;135.342,52;5.663,15;11.484,35;3.914,74;4.429,80;26.186,34;23.896,34;22.257,77;23.345,59;17.189,16;7.740,93;19.499,35;12.351,62;177.959,14;-5.615,39;205,81;-7.363,80;-6.848,74;14.907,80;12.617,80;10.979,23;12.067,05;5.910,62;-3.537,61;8.220,81;1.073,04;42.616,62
1.1.2.2.01.0.1.03.00.00;Serviços Registro Certificação e Fiscalização;11.278,54;11.278,54;11.278,54;11.278,54;11.278,54;11.278,54;11.278,54;11.278,54;11.278,54;11.278,54;11.278,54;11.278,58;135.342,52;5.663,15;11.484,35;3.914,74;4.429,80;26.186,34;23.896,34;22.257,77;23.345,59;17.189,16;7.740,93;19.499,35;12.351,62;177.959,14;-5.615,39;205,81;-7.363,80;-6.848,74;14.907,80;12.617,80;10.979,23;12.067,05;5.910,62;-3.537,61;8.220,81;1.073,04;42.616,62
1.1.2.2.01.0.1.04.00.00;Outras Taxas pela Prestação de Serviços;29.347,15;29.347,15;29.347,15;29.347,15;29.347,15;29.347,15;29.347,15;29.347,15;29.347,15;29.347,15;29.347,15;29.347,17;352.165,82;204.726,31;37.816,32;60.132,92;32.015,07;20.833,88;-245.360,80;23.565,94;38.171,94;6.465,05;33.467,26;30.269,21;55.839,08;297.942,18;175.379,16;8.469,17;30.785,77;2.667,92;-8.513,27;-274.707,95;-5.781,21;8.824,79;-22.882,10;4.120,11;922,06;26.491,91;-54.223,64
1.1.2.2.01.0.1.04.00.00;Outras Taxas pela Prestação de Serviços;29.347,15;29.347,15;29.347,15;29.347,15;29.347,15;29.347,15;29.347,15;29.347,15;29.347,15;29.347,15;29.347,15;29.347,17;352.165,82;204.726,31;37.816,32;60.132,92;32.015,07;20.833,88;-245.360,80;23.565,94;38.171,94;6.465,05;33.467,26;30.269,21;55.839,08;297.942,18;175.379,16;8.469,17;30.785,77;2.667,92;-8.513,27;-274.707,95;-5.781,21;8.824,79;-22.882,10;4.120,11;922,06;26.491,91;-54.223,64
1.1.2.2.01.0.2.01.00.00;Multas e Juros-Taxas pela Prest.Serviços;2.581,27;2.581,27;2.581,27;2.581,27;2.581,27;2.581,27;2.581,27;2.581,27;2.581,27;2.581,27;2.581,27;2.581,37;30.975,34;2.295,72;195,21;787,87;1.687,13;5.616,71;8.065,82;8.474,07;7.599,69;8.948,17;12.674,98;14.519,41;19.495,31;90.360,09;-285,55;-2.386,06;-1.793,40;-894,14;3.035,44;5.484,55;5.892,80;5.018,42;6.366,90;10.093,71;11.938,14;16.913,94;59.384,75
1.1.2.2.01.0.2.01.00.00;Multas e Juros-Taxas pela Prest.Serviços;2.581,27;2.581,27;2.581,27;2.581,27;2.581,27;2.581,27;2.581,27;2.581,27;2.581,27;2.581,27;2.581,27;2.581,37;30.975,34;2.295,72;195,21;787,87;1.687,13;5.616,71;8.065,82;8.474,07;7.599,69;8.948,17;12.674,98;14.519,41;19.495,31;90.360,09;-285,55;-2.386,06;-1.793,40;-894,14;3.035,44;5.484,55;5.892,80;5.018,42;6.366,90;10.093,71;11.938,14;16.913,94;59.384,75
1.1.2.2.01.0.3.01.00.00;Divida Ativa - Taxas pela Prest.Serviços;104.114,63;104.114,63;104.114,63;104.114,63;104.114,63;104.114,63;104.114,63;104.114,63;104.114,63;104.114,63;104.114,63;104.114,73;1.249.375,66;86.388,72;108.438,10;188.410,05;317.344,91;59.419,07;-351.538,83;49.072,61;44.826,09;38.316,76;115.992,43;154.179,39;247.120,84;1.057.970,14;-17.725,91;4.323,47;84.295,42;213.230,28;-44.695,56;-455.653,46;-55.042,02;-59.288,54;-65.797,87;11.877,80;50.064,76;143.006,11;-191.405,52
1.1.2.2.01.0.3.01.00.00;Divida Ativa - Taxas pela Prest.Serviços;104.114,63;104.114,63;104.114,63;104.114,63;104.114,63;104.114,63;104.114,63;104.114,63;104.114,63;104.114,63;104.114,63;104.114,73;1.249.375,66;86.388,72;108.438,10;188.410,05;317.344,91;59.419,07;-351.538,83;49.072,61;44.826,09;38.316,76;115.992,43;154.179,39;247.120,84;1.057.970,14;-17.725,91;4.323,47;84.295,42;213.230,28;-44.695,56;-455.653,46;-55.042,02;-59.288,54;-65.797,87;11.877,80;50.064,76;143.006,11;-191.405,52
1.1.2.2.01.0.4.01.00.00;Multas e Juros Divida Ativa-Taxas pela Prest.Serviços;101.025,11;101.025,11;101.025,11;101.025,11;101.025,11;101.025,11;101.025,11;101.025,11;101.025,11;101.025,11;101.025,11;101.025,14;1.212.301,35;1.293.757,18;430.995,61;713.995,92;879.612,57;45.089,51;-3.131.887,96;28.618,31;25.011,39;22.385,32;13.525,06;19.383,39;22.135,90;362.622,20;1.192.732,07;329.970,50;612.970,81;778.587,46;-55.935,60;-3.232.913,07;-72.406,80;-76.013,72;-78.639,79;-87.500,05;-81.641,72;-78.889,24;-849.679,15
1.1.2.2.01.0.4.01.00.00;Multas e Juros Divida Ativa-Taxas pela Prest.Serviços;101.025,11;101.025,11;101.025,11;101.025,11;101.025,11;101.025,11;101.025,11;101.025,11;101.025,11;101.025,11;101.025,11;101.025,14;1.212.301,35;1.293.757,18;430.995,61;713.995,92;879.612,57;45.089,51;-3.131.887,96;28.618,31;25.011,39;22.385,32;13.525,06;19.383,39;22.135,90;362.622,20;1.192.732,07;329.970,50;612.970,81;778.587,46;-55.935,60;-3.232.913,07;-72.406,80;-76.013,72;-78.639,79;-87.500,05;-81.641,72;-78.889,24;-849.679,15
1.2.4.1.50.0.1.00.00.00;Contribuição para o Custeio do Serviço de Iluminação Pública;1.333.987,50;1.349.645,46;1.328.640,24;1.333.521,09;1.409.317,82;1.370.295,00;1.354.747,22;1.379.838,67;1.394.045,82;1.434.670,40;1.467.193,83;1.506.532,12;16.662.435,17;1.056.270,97;1.084.797,95;1.118.688,69;1.421.935,55;1.085.564,93;1.178.076,31;1.130.026,98;1.260.114,49;1.233.167,33;1.235.888,92;1.247.146,96;1.315.670,31;14.367.349,39;-277.716,53;-264.847,51;-209.951,55;88.414,46;-323.752,89;-192.218,69;-224.720,24;-119.724,18;-160.878,49;-198.781,48;-220.046,87;-190.861,81;-2.295.085,78
1.2.4.1.50.0.1.00.00.00;Contribuição para o Custeio do Serviço de Iluminação Pública;1.333.987,50;1.349.645,46;1.328.640,24;1.333.521,09;1.409.317,82;1.370.295,00;1.354.747,22;1.379.838,67;1.394.045,82;1.434.670,40;1.467.193,83;1.506.532,12;16.662.435,17;1.056.270,97;1.084.797,95;1.118.688,69;1.421.935,55;1.085.564,93;1.178.076,31;1.130.026,98;1.260.114,49;1.233.167,33;1.235.888,92;1.247.146,96;1.315.670,31;14.367.349,39;-277.716,53;-264.847,51;-209.951,55;88.414,46;-323.752,89;-192.218,69;-224.720,24;-119.724,18;-160.878,49;-198.781,48;-220.046,87;-190.861,81;-2.295.085,78
1.2.4.1.50.0.3.00.00.00;Contribuição para o Custeio do Serviço de Iluminação Pública - Divida Ativa;631,20;638,61;628,67;630,98;666,84;648,38;641,03;652,90;659,62;678,85;694,23;712,83;7.884,14;0,00;0,00;0,00;0,00;0,00;72,70;8.281,80;5.736,28;8.729,24;30.328,54;31.794,05;36.185,77;121.128,38;-631,20;-638,61;-628,67;-630,98;-666,84;-575,68;7.640,77;5.083,38;8.069,62;29.649,69;31.099,82;35.472,94;113.244,24
1.2.4.1.50.0.3.00.00.00;Contribuição para o Custeio do Serviço de Iluminação Pública - Divida Ativa;631,20;638,61;628,67;630,98;666,84;648,38;641,03;652,90;659,62;678,85;694,23;712,83;7.884,14;0,00;0,00;0,00;0,00;0,00;72,70;8.281,80;5.736,28;8.729,24;30.328,54;31.794,05;36.185,77;121.128,38;-631,20;-638,61;-628,67;-630,98;-666,84;-575,68;7.640,77;5.083,38;8.069,62;29.649,69;31.099,82;35.472,94;113.244,24
1.2.4.1.50.0.4.00.00.00;Contribuição para o Custeio do Serviço de Iluminação Pública - Multa e Juros de Divida Ativa;276,08;276,08;276,08;276,08;276,08;276,08;276,08;276,08;276,08;276,08;276,08;276,11;3.312,99;0,00;0,00;0,00;0,00;0,00;42,21;5.345,89;3.912,62;3.825,75;2.785,80;3.528,39;4.316,14;23.756,80;-276,08;-276,08;-276,08;-276,08;-276,08;-233,87;5.069,81;3.636,54;3.549,67;2.509,72;3.252,31;4.040,03;20.443,81
1.2.4.1.50.0.4.00.00.00;Contribuição para o Custeio do Serviço de Iluminação Pública - Multa e Juros de Divida Ativa;276,08;276,08;276,08;276,08;276,08;276,08;276,08;276,08;276,08;276,08;276,08;276,11;3.312,99;0,00;0,00;0,00;0,00;0,00;42,21;5.345,89;3.912,62;3.825,75;2.785,80;3.528,39;4.316,14;23.756,80;-276,08;-276,08;-276,08;-276,08;-276,08;-233,87;5.069,81;3.636,54;3.549,67;2.509,72;3.252,31;4.040,03;20.443,81
1.3.1.1.01.1.1.01.00.00;Alugueis e Arrendamentos;16.387,60;16.387,60;16.387,60;16.387,60;16.387,60;16.387,60;16.387,60;16.387,60;16.387,60;16.387,60;16.387,60;16.387,71;196.651,31;0,00;0,00;0,00;0,00;5.729,63;6.111,63;3.593,92;8.787,62;4.987,13;8.527,83;2.327,30;7.003,49;47.068,55;-16.387,60;-16.387,60;-16.387,60;-16.387,60;-10.657,97;-10.275,97;-12.793,68;-7.599,98;-11.400,47;-7.859,77;-14.060,30;-9.384,22;-149.582,76
1.3.1.1.01.1.1.01.00.00;Alugueis e Arrendamentos;16.387,60;16.387,60;16.387,60;16.387,60;16.387,60;16.387,60;16.387,60;16.387,60;16.387,60;16.387,60;16.387,60;16.387,71;196.651,31;0,00;0,00;0,00;0,00;5.729,63;6.111,63;3.593,92;8.787,62;4.987,13;8.527,83;2.327,30;7.003,49;47.068,55;-16.387,60;-16.387,60;-16.387,60;-16.387,60;-10.657,97;-10.275,97;-12.793,68;-7.599,98;-11.400,47;-7.859,77;-14.060,30;-9.384,22;-149.582,76
1.3.1.1.01.1.1.02.00.00;Alugueis - Outros;1.164,37;1.164,37;1.164,37;1.164,37;1.164,37;1.164,37;1.164,37;1.164,37;1.164,37;1.164,37;1.164,37;1.164,43;13.972,50;0,00;0,00;0,00;0,00;0,00;0,00;0,00;0,00;0,00;0,00;0,00;0,00;0,00;-1.164,37;-1.164,37;-1.164,37;-1.164,37;-1.164,37;-1.164,37;-1.164,37;-1.164,37;-1.164,37;-1.164,37;-1.164,37;-1.164,43;-13.972,50
1.3.1.1.01.1.1.02.00.00;Alugueis - Outros;1.164,37;1.164,37;1.164,37;1.164,37;1.164,37;1.164,37;1.164,37;1.164,37;1.164,37;1.164,37;1.164,37;1.164,43;13.972,50;0,00;0,00;0,00;0,00;0,00;0,00;0,00;0,00;0,00;0,00;0,00;0,00;0,00;-1.164,37;-1.164,37;-1.164,37;-1.164,37;-1.164,37;-1.164,37;-1.164,37;-1.164,37;-1.164,37;-1.164,37;-1.164,37;-1.164,43;-13.972,50
1.3.1.1.01.1.1.03.00.00;Arrendamentos;1.050,00;1.050,00;1.050,00;1.050,00;1.050,00;1.050,00;1.050,00;1.050,00;1.050,00;1.050,00;1.050,00;1.050,00;12.600,00;0,00;0,00;0,00;0,00;0,00;0,00;0,00;258,41;0,00;295,55;0,00;0,00;553,96;-1.050,00;-1.050,00;-1.050,00;-1.050,00;-1.050,00;-1.050,00;-1.050,00;-791,59;-1.050,00;-754,45;-1.050,00;-1.050,00;-12.046,04
1.3.1.1.01.2.1.01.00.00;Foros;69.067,51;69.067,51;69.067,51;69.067,51;69.067,51;69.067,51;69.067,51;69.067,51;69.067,51;69.067,51;69.067,51;69.067,62;828.810,23;43.213,08;41.673,66;118.901,03;137.332,95;68.743,22;33.746,12;56.694,31;42.086,42;102.383,88;67.920,29;53.649,65;59.139,46;825.484,07;-25.854,43;-27.393,85;49.833,52;68.265,44;-324,29;-35.321,39;-12.373,20;-26.981,09;33.316,37;-1.147,22;-15.417,86;-9.928,16;-3.326,16
1.3.1.1.01.2.1.02.00.00;Laudêmios;1.168,26;1.168,26;1.168,26;1.168,26;1.168,26;1.168,26;1.168,26;1.168,26;1.168,26;1.168,26;1.168,26;1.168,31;14.019,17;0,00;0,00;0,00;0,00;277.860,05;68.715,22;1.775,06;0,00;0,00;529,52;666,10;439,80;349.985,75;-1.168,26;-1.168,26;-1.168,26;-1.168,26;276.691,79;67.546,96;606,80;-1.168,26;-1.168,26;-638,74;-502,16;-728,51;335.966,58
1.3.1.1.01.2.1.02.00.00;Laudêmios;1.168,26;1.168,26;1.168,26;1.168,26;1.168,26;1.168,26;1.168,26;1.168,26;1.168,26;1.168,26;1.168,26;1.168,31;14.019,17;0,00;0,00;0,00;0,00;277.860,05;68.715,22;1.775,06;0,00;0,00;529,52;666,10;439,80;349.985,75;-1.168,26;-1.168,26;-1.168,26;-1.168,26;276.691,79;67.546,96;606,80;-1.168,26;-1.168,26;-638,74;-502,16;-728,51;335.966,58
1.3.1.1.01.2.2.01.00.00;Multas e Juros-Foros,Laudêmios Tarifas Ocupação;499,22;499,22;499,22;499,22;499,22;499,22;499,22;499,22;499,22;499,22;499,22;499,29;5.990,71;72,11;0,00;0,39;203,39;624,45;293,72;1.511,27;522,33;609,83;727,63;1.406,88;551,73;6.523,73;-427,11;-499,22;-498,83;-295,83;125,23;-205,50;1.012,05;23,11;110,61;228,41;907,66;52,44;533,02
1.3.1.1.01.2.2.01.00.00;Multas e Juros-Foros,Laudêmios Tarifas Ocupação;499,22;499,22;499,22;499,22;499,22;499,22;499,22;499,22;499,22;499,22;499,22;499,29;5.990,71;72,11;0,00;0,39;203,39;624,45;293,72;1.511,27;522,33;609,83;727,63;1.406,88;551,73;6.523,73;-427,11;-499,22;-498,83;-295,83;125,23;-205,50;1.012,05;23,11;110,61;228,41;907,66;52,44;533,02
1.3.1.1.01.2.3.01.00.00;Dívida Ativa-Foros,Laudêmios,Tarifas Ocupação;5.357,82;5.357,82;5.357,82;5.357,82;5.357,82;5.357,82;5.357,82;5.357,82;5.357,82;5.357,82;5.357,82;5.357,82;64.293,84;5.065,97;6.126,05;5.368,76;7.581,47;4.170,01;4.128,67;2.937,19;2.893,37;2.454,18;9.183,46;7.698,54;13.352,75;70.960,42;-291,85;768,23;10,94;2.223,65;-1.187,81;-1.229,15;-2.420,63;-2.464,45;-2.903,64;3.825,64;2.340,72;7.994,93;6.666,58
1.3.1.1.01.2.3.01.00.00;Dívida Ativa-Foros,Laudêmios,Tarifas Ocupação;5.357,82;5.357,82;5.357,82;5.357,82;5.357,82;5.357,82;5.357,82;5.357,82;5.357,82;5.357,82;5.357,82;5.357,82;64.293,84;5.065,97;6.126,05;5.368,76;7.581,47;4.170,01;4.128,67;2.937,19;2.893,37;2.454,18;9.183,46;7.698,54;13.352,75;70.960,42;-291,85;768,23;10,94;2.223,65;-1.187,81;-1.229,15;-2.420,63;-2.464,45;-2.903,64;3.825,64;2.340,72;7.994,93;6.666,58
1.3.1.1.01.2.4.01.00.00;Multas e Juros Dívida Ativa-Foros,Laud.Tarifas Ocupação;10.059,17;10.059,17;10.059,17;10.059,17;10.059,17;10.059,17;10.059,17;10.059,17;10.059,17;10.059,17;10.059,17;10.059,20;120.710,07;2.009,01;50.905,85;245.123,20;151.726,70;2.529,10;-437.979,91;1.034,54;1.596,67;1.342,95;607,79;763,42;7.741,89;27.401,21;-8.050,16;40.846,68;235.064,03;141.667,53;-7.530,07;-448.039,08;-9.024,63;-8.462,50;-8.716,22;-9.451,38;-9.295,75;-2.317,31;-93.308,86
1.3.1.1.01.2.4.01.00.00;Multas e Juros Dívida Ativa-Foros,Laud.Tarifas Ocupação;10.059,17;10.059,17;10.059,17;10.059,17;10.059,17;10.059,17;10.059,17;10.059,17;10.059,17;10.059,17;10.059,17;10.059,20;120.710,07;2.009,01;50.905,85;245.123,20;151.726,70;2.529,10;-437.979,91;1.034,54;1.596,67;1.342,95;607,79;763,42;7.741,89;27.401,21;-8.050,16;40.846,68;235.064,03;141.667,53;-7.530,07;-448.039,08;-9.024,63;-8.462,50;-8.716,22;-9.451,38;-9.295,75;-2.317,31;-93.308,86
1.3.1.1.99.0.1.01.00.00;Outras Receitas Imobiliárias;722,17;722,17;722,17;722,17;722,17;722,17;722,17;722,17;722,17;722,17;722,17;722,24;8.666,11;0,00;0,00;0,00;0,00;0,00;0,00;0,00;0,00;0,00;0,00;0,00;0,00;0,00;-722,17;-722,17;-722,17;-722,17;-722,17;-722,17;-722,17;-722,17;-722,17;-722,17;-722,17;-722,24;-8.666,11
1.3.1.1.99.0.1.01.00.00;Outras Receitas Imobiliárias;722,17;722,17;722,17;722,17;722,17;722,17;722,17;722,17;722,17;722,17;722,17;722,24;8.666,11;0,00;0,00;0,00;0,00;0,00;0,00;0,00;0,00;0,00;0,00;0,00;0,00;0,00;-722,17;-722,17;-722,17;-722,17;-722,17;-722,17;-722,17;-722,17;-722,17;-722,17;-722,17;-722,24;-8.666,11
1.3.2.1.01.0.1.03.00.00;Remuneração Depósitos Bancários-FUNDEB-70%;119.551,71;119.551,71;119.551,71;119.551,71;119.551,71;119.551,71;119.551,71;119.551,71;119.551,71;119.551,71;119.551,71;119.551,82;1.434.620,63;26.312,43;24.762,28;31.109,89;22.928,55;25.306,47;23.210,59;20.891,08;15.786,66;18.827,24;20.688,30;21.773,65;17.914,28;269.511,42;-93.239,28;-94.789,43;-88.441,82;-96.623,16;-94.245,24;-96.341,12;-98.660,63;-103.765,05;-100.724,47;-98.863,41;-97.778,06;-101.637,54;-1.165.109,21
1.3.2.1.01.0.1.04.00.00;Remuneração Depósitos Bancários-Multas de Trâns;18.389,91;18.389,91;18.389,91;18.389,91;18.389,91;18.389,91;18.389,91;18.389,91;18.389,91;18.389,91;18.389,91;18.390,07;220.679,08;26.299,91;20.394,62;28.216,84;22.407,21;19.887,99;28.281,26;21.048,14;6.499,88;24.803,96;25.503,52;22.584,15;20.761,49;266.688,97;7.910,00;2.004,71;9.826,93;4.017,30;1.498,08;9.891,35;2.658,23;-11.890,03;6.414,05;7.113,61;4.194,24;2.371,42;46.009,89
1.3.2.1.01.0.1.04.00.00;Remuneração Depósitos Bancários-Multas de Trâns;18.389,91;18.389,91;18.389,91;18.389,91;18.389,91;18.389,91;18.389,91;18.389,91;18.389,91;18.389,91;18.389,91;18.390,07;220.679,08;26.299,91;20.394,62;28.216,84;22.407,21;19.887,99;28.281,26;21.048,14;6.499,88;24.803,96;25.503,52;22.584,15;20.761,49;266.688,97;7.910,00;2.004,71;9.826,93;4.017,30;1.498,08;9.891,35;2.658,23;-11.890,03;6.414,05;7.113,61;4.194,24;2.371,42;46.009,89
1.3.2.1.01.0.1.05.00.00;Remuneração Depósitos Bancários-QESE;36.148,08;36.148,08;36.148,08;36.148,08;36.148,08;36.148,08;36.148,08;36.148,08;36.148,08;36.148,08;36.148,08;36.148,17;433.777,05;59.793,26;50.329,44;67.049,78;54.103,60;68.399,82;67.026,90;68.889,22;75.181,71;66.152,57;58.699,32;51.576,10;51.552,89;738.754,61;23.645,18;14.181,36;30.901,70;17.955,52;32.251,74;30.878,82;32.741,14;39.033,63;30.004,49;22.551,24;15.428,02;15.404,72;304.977,56
1.3.2.1.01.0.1.05.00.00;Remuneração Depósitos Bancários-QESE;36.148,08;36.148,08;36.148,08;36.148,08;36.148,08;36.148,08;36.148,08;36.148,08;36.148,08;36.148,08;36.148,08;36.148,17;433.777,05;59.793,26;50.329,44;67.049,78;54.103,60;68.399,82;67.026,90;68.889,22;75.181,71;66.152,57;58.699,32;51.576,10;51.552,89;738.754,61;23.645,18;14.181,36;30.901,70;17.955,52;32.251,74;30.878,82;32.741,14;39.033,63;30.004,49;22.551,24;15.428,02;15.404,72;304.977,56
1.3.2.1.01.0.1.06.00.00;Remuneração Depósitos Bancários-PNATE;1.452,00;1.452,00;1.452,00;1.452,00;1.452,00;1.452,00;1.452,00;1.452,00;1.452,00;1.452,00;1.452,00;1.452,04;17.424,04;1.559,87;1.294,86;1.719,62;1.357,27;2.048,82;2.088,46;2.096,06;2.283,67;2.105,86;2.235,39;2.013,62;1.959,98;22.763,48;107,87;-157,14;267,62;-94,73;596,82;636,46;644,06;831,67;653,86;783,39;561,62;507,94;5.339,44
1.3.2.1.01.0.1.06.00.00;Remuneração Depósitos Bancários-PNATE;1.452,00;1.452,00;1.452,00;1.452,00;1.452,00;1.452,00;1.452,00;1.452,00;1.452,00;1.452,00;1.452,00;1.452,04;17.424,04;1.559,87;1.294,86;1.719,62;1.357,27;2.048,82;2.088,46;2.096,06;2.283,67;2.105,86;2.235,39;2.013,62;1.959,98;22.763,48;107,87;-157,14;267,62;-94,73;596,82;636,46;644,06;831,67;653,86;783,39;561,62;507,94;5.339,44
1.3.2.1.01.0.1.07.00.00;Remuneração Depósitos Bancários-PNAE;6.453,93;6.453,93;6.453,93;6.453,93;6.453,93;6.453,93;6.453,93;6.453,93;6.453,93;6.453,93;6.453,93;6.453,98;77.447,21;3,10;251,10;921,37;464,10;552,78;688,10;1.243,34;946,44;1.034,00;653,99;591,45;132,29;7.482,06;-6.450,83;-6.202,83;-5.532,56;-5.989,83;-5.901,15;-5.765,83;-5.210,59;-5.507,49;-5.419,93;-5.799,94;-5.862,48;-6.321,69;-69.965,15
1.3.2.1.01.0.1.07.00.00;Remuneração Depósitos Bancários-PNAE;6.453,93;6.453,93;6.453,93;6.453,93;6.453,93;6.453,93;6.453,93;6.453,93;6.453,93;6.453,93;6.453,93;6.453,98;77.447,21;3,10;251,10;921,37;464,10;552,78;688,10;1.243,34;946,44;1.034,00;653,99;591,45;132,29;7.482,06;-6.450,83;-6.202,83;-5.532,56;-5.989,83;-5.901,15;-5.765,83;-5.210,59;-5.507,49;-5.419,93;-5.799,94;-5.862,48;-6.321,69;-69.965,15
1.3.2.1.01.0.1.08.00.00;Remuneração Depósitos Bancários-FNDE;19,53;19,53;19,53;19,53;19,53;19,53;19,53;19,53;19,53;19,53;19,53;19,57;234,40;9,43;9,40;9,19;9,10;9,32;10,14;9,73;125,24;152,41;154,53;143,30;56,99;698,78;-10,10;-10,13;-10,34;-10,43;-10,21;-9,39;-9,80;105,71;132,88;135,00;123,77;37,42;464,38
1.3.2.1.01.0.1.08.00.00;Remuneração Depósitos Bancários-FNDE;19,53;19,53;19,53;19,53;19,53;19,53;19,53;19,53;19,53;19,53;19,53;19,57;234,40;9,43;9,40;9,19;9,10;9,32;10,14;9,73;125,24;152,41;154,53;143,30;56,99;698,78;-10,10;-10,13;-10,34;-10,43;-10,21;-9,39;-9,80;105,71;132,88;135,00;123,77;37,42;464,38
1.3.2.1.01.0.1.09.00.00;Remuneração Depósitos Bancários-Conv.Educação;5.094,62;5.094,62;5.094,62;5.094,62;5.094,62;5.094,62;5.094,62;5.094,62;5.094,62;5.094,62;5.094,62;5.094,72;61.135,54;0,00;0,00;0,00;0,00;0,00;0,00;0,00;0,00;0,00;0,00;0,00;0,00;0,00;-5.094,62;-5.094,62;-5.094,62;-5.094,62;-5.094,62;-5.094,62;-5.094,62;-5.094,62;-5.094,62;-5.094,62;-5.094,62;-5.094,72;-61.135,54
1.3.2.1.01.0.1.09.00.00;Remuneração Depósitos Bancários-Conv.Educação;5.094,62;5.094,62;5.094,62;5.094,62;5.094,62;5.094,62;5.094,62;5.094,62;5.094,62;5.094,62;5.094,62;5.094,72;61.135,54;0,00;0,00;0,00;0,00;0,00;0,00;0,00;0,00;0,00;0,00;0,00;0,00;0,00;-5.094,62;-5.094,62;-5.094,62;-5.094,62;-5.094,62;-5.094,62;-5.094,62;-5.094,62;-5.094,62;-5.094,62;-5.094,62;-5.094,72;-61.135,54
1.3.2.1.01.0.1.10.00.00;Remuneração Depósitos Bancários-CIDE;2.928,71;2.928,71;2.928,71;2.928,71;2.928,71;2.928,71;2.928,71;2.928,71;2.928,71;2.928,71;2.928,71;2.928,81;35.144,62;4.970,59;4.103,27;5.298,62;4.185,34;5.171,89;4.962,48;4.975,01;5.325,91;4.571,88;4.783,45;4.439,23;4.314,72;57.102,39;2.041,88;1.174,56;2.369,91;1.256,63;2.243,18;2.033,77;2.046,30;2.397,20;1.643,17;1.854,74;1.510,52;1.385,91;21.957,77
1.3.2.1.01.0.1.12.00.00;Remuneração Depósitos Bancários-FNAS;24.069,70;24.069,70;24.069,70;24.069,70;24.069,70;24.069,70;24.069,70;24.069,70;24.069,70;24.069,70;24.069,70;24.069,73;288.836,43;26.781,48;21.388,41;26.978,56;20.726,07;24.191,58;22.651,57;22.833,92;24.343,51;21.416,48;21.573,76;19.341,33;17.945,34;270.172,01;2.711,78;-2.681,29;2.908,86;-3.343,63;121,88;-1.418,13;-1.235,78;273,81;-2.653,22;-2.495,94;-4.728,37;-6.124,39;-18.664,42
1.3.2.1.01.0.1.12.00.00;Remuneração Depósitos Bancários-FNAS;24.069,70;24.069,70;24.069,70;24.069,70;24.069,70;24.069,70;24.069,70;24.069,70;24.069,70;24.069,70;24.069,70;24.069,73;288.836,43;26.781,48;21.388,41;26.978,56;20.726,07;24.191,58;22.651,57;22.833,92;24.343,51;21.416,48;21.573,76;19.341,33;17.945,34;270.172,01;2.711,78;-2.681,29;2.908,86;-3.343,63;121,88;-1.418,13;-1.235,78;273,81;-2.653,22;-2.495,94;-4.728,37;-6.124,39;-18.664,42
1.3.2.1.01.0.1.13.00.00;Remuneração Depósitos Bancários-FEAS;4.484,28;4.484,28;4.484,28;4.484,28;4.484,28;4.484,28;4.484,28;4.484,28;4.484,28;4.484,28;4.484,28;4.484,37;53.811,45;8.675,26;7.121,93;351,39;6.893,89;8.167,09;7.573,57;7.467,81;7.397,46;6.416,06;6.418,22;5.838,13;5.268,87;77.589,68;4.190,98;2.637,65;-4.132,89;2.409,61;3.682,81;3.089,29;2.983,53;2.913,18;1.931,78;1.933,94;1.353,85;784,50;23.778,23
1.3.2.1.01.0.1.13.00.00;Remuneração Depósitos Bancários-FEAS;4.484,28;4.484,28;4.484,28;4.484,28;4.484,28;4.484,28;4.484,28;4.484,28;4.484,28;4.484,28;4.484,28;4.484,37;53.811,45;8.675,26;7.121,93;351,39;6.893,89;8.167,09;7.573,57;7.467,81;7.397,46;6.416,06;6.418,22;5.838,13;5.268,87;77.589,68;4.190,98;2.637,65;-4.132,89;2.409,61;3.682,81;3.089,29;2.983,53;2.913,18;1.931,78;1.933,94;1.353,85;784,50;23.778,23
1.3.2.1.01.0.1.14.00.00;Remuneração Depósitos Bancários-Outros Convênios;16.619,80;16.619,80;16.619,80;16.619,80;16.619,80;16.619,80;16.619,80;16.619,80;16.619,80;16.619,80;16.619,80;16.619,86;199.437,66;28.401,10;26.613,37;19.937,86;21.071,79;28.318,40;28.845,96;27.557,27;29.509,00;26.081,90;31.097,37;29.196,28;28.865,86;325.496,16;11.781,30;9.993,57;3.318,06;4.451,99;11.698,60;12.226,16;10.937,47;12.889,20;9.462,10;14.477,57;12.576,48;12.246,00;126.058,50
1.3.2.1.01.0.1.14.00.00;Remuneração Depósitos Bancários-Outros Convênios;16.619,80;16.619,80;16.619,80;16.619,80;16.619,80;16.619,80;16.619,80;16.619,80;16.619,80;16.619,80;16.619,80;16.619,86;199.437,66;28.401,10;26.613,37;19.937,86;21.071,79;28.318,40;28.845,96;27.557,27;29.509,00;26.081,90;31.097,37;29.196,28;28.865,86;325.496,16;11.781,30;9.993,57;3.318,06;4.451,99;11.698,60;12.226,16;10.937,47;12.889,20;9.462,10;14.477,57;12.576,48;12.246,00;126.058,50
1.3.2.1.01.0.1.15.00.00;Remuneração Depósitos Bancários-Alienação;52,45;52,45;52,45;52,45;52,45;52,45;52,45;52,45;52,45;52,45;52,45;52,56;629,51;119,14;101,28;130,78;103,31;127,66;122,49;122,79;47,23;37,14;38,10;276,30;1.849,08;3.075,30;66,69;48,83;78,33;50,86;75,21;70,04;70,34;-5,22;-15,31;-14,35;223,85;1.796,52;2.445,79
1.3.2.1.01.0.1.15.00.00;Remuneração Depósitos Bancários-Alienação;52,45;52,45;52,45;52,45;52,45;52,45;52,45;52,45;52,45;52,45;52,45;52,56;629,51;119,14;101,28;130,78;103,31;127,66;122,49;122,79;47,23;37,14;38,10;276,30;1.849,08;3.075,30;66,69;48,83;78,33;50,86;75,21;70,04;70,34;-5,22;-15,31;-14,35;223,85;1.796,52;2.445,79
1.3.2.1.01.0.1.16.00.00;Remuneração Depósitos Bancários-Operação Crédito;7,61;7,61;7,61;7,61;7,61;7,61;7,61;7,61;7,61;7,61;7,61;7,71;91,42;25,46;21,09;27,22;21,45;26,36;25,49;25,80;27,30;23,48;24,16;22,16;21,74;291,71;17,85;13,48;19,61;13,84;18,75;17,88;18,19;19,69;15,87;16,55;14,55;14,03;200,29
1.3.2.1.01.0.1.16.00.00;Remuneração Depósitos Bancários-Operação Crédito;7,61;7,61;7,61;7,61;7,61;7,61;7,61;7,61;7,61;7,61;7,61;7,71;91,42;25,46;21,09;27,22;21,45;26,36;25,49;25,80;27,30;23,48;24,16;22,16;21,74;291,71;17,85;13,48;19,61;13,84;18,75;17,88;18,19;19,69;15,87;16,55;14,55;14,03;200,29
1.3.2.1.01.0.1.18.00.00;Remuneração Depósitos Bancários-Pré-Sal;5.246,17;5.246,17;5.246,17;5.246,17;5.246,17;5.246,17;5.246,17;5.246,17;5.246,17;5.246,17;5.246,17;5.246,28;62.954,15;27.962,42;23.153,91;16.832,14;415,91;1.015,13;38.028,56;66.370,95;71.283,54;61.680,60;63.746,72;59.226,50;58.374,06;488.090,44;22.716,25;17.907,74;11.585,97;-4.830,26;-4.231,04;32.782,39;61.124,78;66.037,37;56.434,43;58.500,55;53.980,33;53.127,78;425.136,29
1.3.2.1.01.0.1.18.00.00;Remuneração Depósitos Bancários-Pré-Sal;5.246,17;5.246,17;5.246,17;5.246,17;5.246,17;5.246,17;5.246,17;5.246,17;5.246,17;5.246,17;5.246,17;5.246,28;62.954,15;27.962,42;23.153,91;16.832,14;415,91;1.015,13;38.028,56;66.370,95;71.283,54;61.680,60;63.746,72;59.226,50;58.374,06;488.090,44;22.716,25;17.907,74;11.585,97;-4.830,26;-4.231,04;32.782,39;61.124,78;66.037,37;56.434,43;58.500,55;53.980,33;53.127,78;425.136,29
1.3.2.1.01.0.1.19.00.00;Remuneração Depósitos Bancários-PTE/CONVED;5.509,07;5.509,07;5.509,07;5.509,07;5.509,07;5.509,07;5.509,07;5.509,07;5.509,07;5.509,07;5.509,07;5.509,17;66.108,94;8.331,30;7.424,00;10.625,07;8.533,34;10.050,63;9.769,76;9.630,76;9.941,50;8.868,32;9.287,63;8.900,91;8.679,09;110.042,31;2.822,23;1.914,93;5.116,00;3.024,27;4.541,56;4.260,69;4.121,69;4.432,43;3.359,25;3.778,56;3.391,84;3.169,92;43.933,37
1.3.2.1.01.0.1.19.00.00;Remuneração Depósitos Bancários-PTE/CONVED;5.509,07;5.509,07;5.509,07;5.509,07;5.509,07;5.509,07;5.509,07;5.509,07;5.509,07;5.509,07;5.509,07;5.509,17;66.108,94;8.331,30;7.424,00;10.625,07;8.533,34;10.050,63;9.769,76;9.630,76;9.941,50;8.868,32;9.287,63;8.900,91;8.679,09;110.042,31;2.822,23;1.914,93;5.116,00;3.024,27;4.541,56;4.260,69;4.121,69;4.432,43;3.359,25;3.778,56;3.391,84;3.169,92;43.933,37
1.3.2.1.01.0.1.20.00.00;Remuneração Depósitos Bancários-CFEM;215,73;215,73;215,73;215,73;215,73;215,73;215,73;215,73;215,73;215,73;215,73;215,80;2.588,83;21,07;17,39;22,46;0,00;0,00;20,68;21,09;22,57;19,37;19,87;18,26;17,75;200,51;-194,66;-198,34;-193,27;-215,73;-215,73;-195,05;-194,64;-193,16;-196,36;-195,86;-197,47;-198,05;-2.388,32
1.3.2.1.01.0.1.20.00.00;Remuneração Depósitos Bancários-CFEM;215,73;215,73;215,73;215,73;215,73;215,73;215,73;215,73;215,73;215,73;215,73;215,80;2.588,83;21,07;17,39;22,46;0,00;0,00;20,68;21,09;22,57;19,37;19,87;18,26;17,75;200,51;-194,66;-198,34;-193,27;-215,73;-215,73;-195,05;-194,64;-193,16;-196,36;-195,86;-197,47;-198,05;-2.388,32
1.3.2.1.01.0.1.21.00.00;Remuneração Depósitos Bancários-SEDESE;152,97;152,97;152,97;152,97;152,97;152,97;152,97;152,97;152,97;152,97;152,97;152,98;1.835,65;0,00;0,00;0,00;0,00;0,00;0,00;0,00;0,00;0,00;0,00;0,00;0,00;0,00;-152,97;-152,97;-152,97;-152,97;-152,97;-152,97;-152,97;-152,97;-152,97;-152,97;-152,97;-152,98;-1.835,65
1.3.2.1.01.0.1.21.00.00;Remuneração Depósitos Bancários-SEDESE;152,97;152,97;152,97;152,97;152,97;152,97;152,97;152,97;152,97;152,97;152,97;152,98;1.835,65;0,00;0,00;0,00;0,00;0,00;0,00;0,00;0,00;0,00;0,00;0,00;0,00;0,00;-152,97;-152,97;-152,97;-152,97;-152,97;-152,97;-152,97;-152,97;-152,97;-152,97;-152,97;-152,98;-1.835,65
1.3.2.1.01.0.1.22.00.00;Remuneração Depósitos Bancários-Lei Aldir Blanc;218,43;218,43;218,43;218,43;218,43;218,43;218,43;218,43;218,43;218,43;218,43;218,49;2.621,22;0,00;0,00;0,00;0,00;0,00;0,00;0,00;0,00;0,00;0,00;0,00;0,00;0,00;-218,43;-218,43;-218,43;-218,43;-218,43;-218,43;-218,43;-218,43;-218,43;-218,43;-218,43;-218,49;-2.621,22
1.3.2.1.01.0.1.23.00.00;Remuneração Depósitos Bancários-COVID/SUAS-EPI;32,57;32,57;32,57;32,57;32,57;32,57;32,57;32,57;32,57;32,57;32,57;32,65;390,92;41,11;33,92;43,81;34,60;42,75;41,03;41,13;44,03;37,79;38,77;35,62;34,62;469,18;8,54;1,35;11,24;2,03;10,18;8,46;8,56;11,46;5,22;6,20;3,05;1,97;78,26
1.3.2.1.01.0.1.24.00.00;Remuneração Depósitos Bancário-COVID/SUAS-Alimentos;863,79;863,79;863,79;863,79;863,79;863,79;863,79;863,79;863,79;863,79;863,79;863,83;10.365,52;1.117,17;921,92;1.190,49;940,36;1.162,01;1.114,96;1.060,71;646,78;146,11;149,84;137,71;133,84;8.721,90;253,38;58,13;326,70;76,57;298,22;251,17;196,92;-217,01;-717,68;-713,95;-726,08;-729,99;-1.643,62
1.3.2.1.01.0.1.24.00.00;Remuneração Depósitos Bancário-COVID/SUAS-Alimentos;863,79;863,79;863,79;863,79;863,79;863,79;863,79;863,79;863,79;863,79;863,79;863,83;10.365,52;1.117,17;921,92;1.190,49;940,36;1.162,01;1.114,96;1.060,71;646,78;146,11;149,84;137,71;133,84;8.721,90;253,38;58,13;326,70;76,57;298,22;251,17;196,92;-217,01;-717,68;-713,95;-726,08;-729,99;-1.643,62
1.3.2.1.01.0.1.25.00.00;Remuneração Depósitos Bancário-COVID/SUAS-Acolhimento;1.973,66;1.973,66;1.973,66;1.973,66;1.973,66;1.973,66;1.973,66;1.973,66;1.973,66;1.973,66;1.973,66;1.973,73;23.683,99;3.021,46;2.493,38;3.219,74;2.543,25;3.164,07;3.097,28;3.105,10;3.324,11;2.853,50;2.926,54;2.689,46;2.391,37;34.829,26;1.047,80;519,72;1.246,08;569,59;1.190,41;1.123,62;1.131,44;1.350,45;879,84;952,88;715,80;417,64;11.145,27
1.3.2.1.01.0.1.25.00.00;Remuneração Depósitos Bancário-COVID/SUAS-Acolhimento;1.973,66;1.973,66;1.973,66;1.973,66;1.973,66;1.973,66;1.973,66;1.973,66;1.973,66;1.973,66;1.973,66;1.973,73;23.683,99;3.021,46;2.493,38;3.219,74;2.543,25;3.164,07;3.097,28;3.105,10;3.324,11;2.853,50;2.926,54;2.689,46;2.391,37;34.829,26;1.047,80;519,72;1.246,08;569,59;1.190,41;1.123,62;1.131,44;1.350,45;879,84;952,88;715,80;417,64;11.145,27
1.3.2.1.01.0.1.26.00.00;Remuneração Depósitos Bancário-LC.173/20-PMB/PFEC I;435,04;435,04;435,04;435,04;435,04;435,04;435,04;435,04;435,04;435,04;435,04;435,15;5.220,59;181,24;149,57;193,14;152,56;188,53;180,88;181,35;194,13;166,65;170,92;157,07;152,67;2.068,71;-253,80;-285,47;-241,90;-282,48;-246,51;-254,16;-253,69;-240,91;-268,39;-264,12;-277,97;-282,48;-3.151,88
1.3.2.1.01.0.1.26.00.00;Remuneração Depósitos Bancário-LC.173/20-PMB/PFEC I;435,04;435,04;435,04;435,04;435,04;435,04;435,04;435,04;435,04;435,04;435,04;435,15;5.220,59;181,24;149,57;193,14;152,56;188,53;180,88;181,35;194,13;166,65;170,92;157,07;152,67;2.068,71;-253,80;-285,47;-241,90;-282,48;-246,51;-254,16;-253,69;-240,91;-268,39;-264,12;-277,97;-282,48;-3.151,88
1.3.2.1.01.0.1.27.00.00;Remuneração Depósitos Bancários-FEAS/PAIF/COVID;744,13;744,13;744,13;744,13;744,13;744,13;744,13;744,13;744,13;744,13;744,13;744,15;8.929,58;158,45;130,75;8.544,61;133,37;164,81;158,13;158,53;169,72;145,68;149,42;137,31;133,46;10.184,24;-585,68;-613,38;7.800,48;-610,76;-579,32;-586,00;-585,60;-574,41;-598,45;-594,71;-606,82;-610,69;1.254,66
1.3.2.1.01.0.1.27.00.00;Remuneração Depósitos Bancários-FEAS/PAIF/COVID;744,13;744,13;744,13;744,13;744,13;744,13;744,13;744,13;744,13;744,13;744,13;744,15;8.929,58;158,45;130,75;8.544,61;133,37;164,81;158,13;158,53;169,72;145,68;149,42;137,31;133,46;10.184,24;-585,68;-613,38;7.800,48;-610,76;-579,32;-586,00;-585,60;-574,41;-598,45;-594,71;-606,82;-610,69;1.254,66
1.3.2.1.01.0.1.28.00.00;Remuneração Depósitos Bancário-E.Parlamentar Individual;1.666,66;1.666,66;1.666,66;1.666,66;1.666,66;1.666,66;1.666,66;1.666,66;1.666,66;1.666,66;1.666,66;1.666,74;20.000,00;12.186,83;8.750,19;17.486,42;10.620,58;11.054,46;10.624,96;12.169,34;13.784,35;11.241,31;8.674,10;7.329,09;11.382,74;135.304,37;10.520,17;7.083,53;15.819,76;8.953,92;9.387,80;8.958,30;10.502,68;12.117,69;9.574,65;7.007,44;5.662,43;9.716,00;115.304,37
1.3.2.1.01.0.1.28.00.00;Remuneração Depósitos Bancário-E.Parlamentar Individual;1.666,66;1.666,66;1.666,66;1.666,66;1.666,66;1.666,66;1.666,66;1.666,66;1.666,66;1.666,66;1.666,66;1.666,74;20.000,00;12.186,83;8.750,19;17.486,42;10.620,58;11.054,46;10.624,96;12.169,34;13.784,35;11.241,31;8.674,10;7.329,09;11.382,74;135.304,37;10.520,17;7.083,53;15.819,76;8.953,92;9.387,80;8.958,30;10.502,68;12.117,69;9.574,65;7.007,44;5.662,43;9.716,00;115.304,37
1.3.2.1.01.0.1.29.00.00;Remuneração Depósitos Bancário-E.Parlamentar Bancada;6.041,66;6.041,66;6.041,66;6.041,66;6.041,66;6.041,66;6.041,66;6.041,66;6.041,66;6.041,66;6.041,66;6.041,74;72.500,00;1.996,60;1.647,64;2.127,62;0,00;2.076,75;1.992,66;1.997,69;2.138,59;0,00;0,00;0,00;0,00;13.977,55;-4.045,06;-4.394,02;-3.914,04;-6.041,66;-3.964,91;-4.049,00;-4.043,97;-3.903,07;-6.041,66;-6.041,66;-6.041,66;-6.041,74;-58.522,45
1.3.2.1.01.0.1.29.00.00;Remuneração Depósitos Bancário-E.Parlamentar Bancada;6.041,66;6.041,66;6.041,66;6.041,66;6.041,66;6.041,66;6.041,66;6.041,66;6.041,66;6.041,66;6.041,66;6.041,74;72.500,00;1.996,60;1.647,64;2.127,62;0,00;2.076,75;1.992,66;1.997,69;2.138,59;0,00;0,00;0,00;0,00;13.977,55;-4.045,06;-4.394,02;-3.914,04;-6.041,66;-3.964,91;-4.049,00;-4.043,97;-3.903,07;-6.041,66;-6.041,66;-6.041,66;-6.041,74;-58.522,45
1.3.2.1.01.0.1.30.00.00;Remuneração Depósitos Bancários-Ac.Jud.Brumadinho;37.767,00;37.767,00;37.767,00;37.767,00;37.767,00;37.767,00;37.767,00;37.767,00;37.767,00;37.767,00;37.767,00;37.767,00;453.204,00;67.870,47;56.008,42;72.324,43;57.128,67;70.594,71;67.736,33;67.907,32;72.697,09;62.227,93;59.107,24;52.260,76;47.922,90;753.786,27;30.103,47;18.241,42;34.557,43;19.361,67;32.827,71;29.969,33;30.140,32;34.930,09;24.460,93;21.340,24;14.493,76;10.155,90;300.582,27
1.3.2.1.01.0.1.31.00.00;Remuneração Depósitos Bancários-Iluminação-70%;55.161,77;55.161,77;55.161,77;55.161,77;55.161,77;55.161,77;55.161,77;55.161,77;55.161,77;55.161,77;55.161,77;55.161,96;661.941,43;101.527,81;89.572,50;122.152,57;174,69;125.559,80;118.382,19;131.143,27;137.343,36;117.151,00;121.524,20;111.229,12;108.593,90;1.284.354,41;46.366,04;34.410,73;66.990,80;-54.987,08;70.398,03;63.220,42;75.981,50;82.181,59;61.989,23;66.362,43;56.067,35;53.431,94;622.412,98
1.3.2.1.01.0.1.31.00.00;Remuneração Depósitos Bancários-Iluminação-70%;55.161,77;55.161,77;55.161,77;55.161,77;55.161,77;55.161,77;55.161,77;55.161,77;55.161,77;55.161,77;55.161,77;55.161,96;661.941,43;101.527,81;89.572,50;122.152,57;174,69;125.559,80;118.382,19;131.143,27;137.343,36;117.151,00;121.524,20;111.229,12;108.593,90;1.284.354,41;46.366,04;34.410,73;66.990,80;-54.987,08;70.398,03;63.220,42;75.981,50;82.181,59;61.989,23;66.362,43;56.067,35;53.431,94;622.412,98
1.3.2.1.01.0.1.33.00.00;Rec Remun Dep Banc Rec Vinc-Manutenção;197.522,90;197.522,90;197.522,90;197.522,90;197.522,90;197.522,90;197.522,90;197.522,90;197.522,90;197.522,90;197.522,90;197.522,91;2.370.274,81;364.107,93;300.932,53;0,00;303.655,76;445.344,93;380.253,78;437.402,36;256.292,81;151.913,45;392.363,12;0,00;-1.321,91;3.030.944,76;166.585,03;103.409,63;-197.522,90;106.132,86;247.822,03;182.730,88;239.879,46;58.769,91;-45.609,45;194.840,22;-197.522,90;-198.844,82;660.669,95
1.3.2.1.01.0.1.33.00.00;Rec Remun Dep Banc Rec Vinc-Manutenção;197.522,90;197.522,90;197.522,90;197.522,90;197.522,90;197.522,90;197.522,90;197.522,90;197.522,90;197.522,90;197.522,90;197.522,91;2.370.274,81;364.107,93;300.932,53;0,00;303.655,76;445.344,93;380.253,78;437.402,36;256.292,81;151.913,45;392.363,12;0,00;-1.321,91;3.030.944,76;166.585,03;103.409,63;-197.522,90;106.132,86;247.822,03;182.730,88;239.879,46;58.769,91;-45.609,45;194.840,22;-197.522,90;-198.844,82;660.669,95
1.3.2.1.01.0.1.34.00.00;Rec Remun Dep Banc Rec Vinc-BLINV;15.772,92;15.772,92;15.772,92;15.772,92;15.772,92;15.772,92;15.772,92;15.772,92;15.772,92;15.772,92;15.772,92;15.772,92;189.275,04;15.350,22;12.716,56;0,00;12.551,77;0,00;0,00;0,00;0,00;12.573,86;0,00;11.565,32;11.310,79;76.068,52;-422,70;-3.056,36;-15.772,92;-3.221,15;-15.772,92;-15.772,92;-15.772,92;-15.772,92;-3.199,06;-15.772,92;-4.207,60;-4.462,13;-113.206,52
1.3.2.1.01.0.1.34.00.00;Rec Remun Dep Banc Rec Vinc-BLINV;15.772,92;15.772,92;15.772,92;15.772,92;15.772,92;15.772,92;15.772,92;15.772,92;15.772,92;15.772,92;15.772,92;15.772,92;189.275,04;15.350,22;12.716,56;0,00;12.551,77;0,00;0,00;0,00;0,00;12.573,86;0,00;11.565,32;11.310,79;76.068,52;-422,70;-3.056,36;-15.772,92;-3.221,15;-15.772,92;-15.772,92;-15.772,92;-15.772,92;-3.199,06;-15.772,92;-4.207,60;-4.462,13;-113.206,52
1.3.2.1.01.0.1.35.00.00;Rec Remun Dep Banc Rec Vinc-Transf.SUS Estado;182.784,40;182.784,40;182.784,40;182.784,40;182.784,40;182.784,40;182.784,40;182.784,40;182.784,40;182.784,40;182.784,40;182.784,42;2.193.412,82;365.096,27;314.302,70;804.822,41;440.759,14;385.397,62;440.812,38;371.773,60;596.724,23;573.159,59;361.636,99;707.066,00;733.976,08;6.095.527,01;182.311,87;131.518,30;622.038,01;257.974,74;202.613,22;258.027,98;188.989,20;413.939,83;390.375,19;178.852,59;524.281,60;551.191,66;3.902.114,19
1.3.2.1.01.0.1.35.00.00;Rec Remun Dep Banc Rec Vinc-Transf.SUS Estado;182.784,40;182.784,40;182.784,40;182.784,40;182.784,40;182.784,40;182.784,40;182.784,40;182.784,40;182.784,40;182.784,40;182.784,42;2.193.412,82;365.096,27;314.302,70;804.822,41;440.759,14;385.397,62;440.812,38;371.773,60;596.724,23;573.159,59;361.636,99;707.066,00;733.976,08;6.095.527,01;182.311,87;131.518,30;622.038,01;257.974,74;202.613,22;258.027,98;188.989,20;413.939,83;390.375,19;178.852,59;524.281,60;551.191,66;3.902.114,19
1.3.2.1.01.0.1.36.00.00;Rec Remun Dep Banc Rec Vinc-Outras Transf.Recursos;307,03;307,03;307,03;307,03;307,03;307,03;307,03;307,03;307,03;307,03;307,03;307,17;3.684,50;26.666,67;0,00;0,00;0,00;0,00;0,00;0,00;0,00;0,00;0,00;0,00;0,00;26.666,67;26.359,64;-307,03;-307,03;-307,03;-307,03;-307,03;-307,03;-307,03;-307,03;-307,03;-307,03;-307,17;22.982,17
1.3.2.1.01.0.1.36.00.00;Rec Remun Dep Banc Rec Vinc-Outras Transf.Recursos;307,03;307,03;307,03;307,03;307,03;307,03;307,03;307,03;307,03;307,03;307,03;307,17;3.684,50;26.666,67;0,00;0,00;0,00;0,00;0,00;0,00;0,00;0,00;0,00;0,00;0,00;26.666,67;26.359,64;-307,03;-307,03;-307,03;-307,03;-307,03;-307,03;-307,03;-307,03;-307,03;-307,03;-307,17;22.982,17
1.3.2.1.01.0.1.37.00.00;Remuneração Depósitos Bancários-ASPS;2.031,22;2.031,22;2.031,22;2.031,22;2.031,22;2.031,22;2.031,22;2.031,22;2.031,22;2.031,22;2.031,22;2.031,44;24.374,86;98,34;9.970,37;16.792,54;10.632,36;8.977,46;2.465,03;0,00;5.544,10;1.352,53;4.230,03;0,00;0,00;60.062,76;-1.932,88;7.939,15;14.761,32;8.601,14;6.946,24;433,81;-2.031,22;3.512,88;-678,69;2.198,81;-2.031,22;-2.031,44;35.687,90
1.3.2.1.01.0.1.38.00.00;Rec Remun Dep Banc Rec Vinc - Lei 173/2020 - COVID - Saude;2.252,71;2.252,71;2.252,71;2.252,71;2.252,71;2.252,71;2.252,71;2.252,71;2.252,71;2.252,71;2.252,71;2.252,72;27.032,53;3.634,36;2.989,36;3.846,87;3.014,42;3.646,54;3.202,90;3.202,72;3.391,32;2.911,19;2.866,90;2.187,66;963,42;35.857,66;1.381,65;736,65;1.594,16;761,71;1.393,83;950,19;950,01;1.138,61;658,48;614,19;-65,05;-1.289,30;8.825,13
1.3.2.1.01.0.1.39.00.00;Remuneração Depósitos Bancários- Emenda Estadual Individual;0,00;0,00;0,00;0,00;0,00;0,00;0,00;0,00;0,00;0,00;0,00;0,00;0,00;0,00;0,00;0,00;2.862,80;6.051,77;9.182,74;9.205,91;6.541,98;7.361,13;7.549,59;6.937,98;6.743,38;62.437,28;0,00;0,00;0,00;2.862,80;6.051,77;9.182,74;9.205,91;6.541,98;7.361,13;7.549,59;6.937,98;6.743,38;62.437,28
1.3.2.1.01.0.1.40.00.00;Remuneração Depósitos Bancários- Emenda Estadual de Bancada;0,00;0,00;0,00;0,00;0,00;0,00;0,00;0,00;0,00;0,00;0,00;0,00;0,00;0,00;0,00;0,00;1.680,59;189,70;756,85;758,76;4.125,55;5.585,82;6.140,16;5.642,75;5.484,48;30.364,66;0,00;0,00;0,00;1.680,59;189,70;756,85;758,76;4.125,55;5.585,82;6.140,16;5.642,75;5.484,48;30.364,66
1.3.2.1.01.0.1.41.00.00;Rec. Remuneração Dep Bncarios - Piso da Enfermagem Font 1605;0,00;0,00;0,00;0,00;0,00;0,00;0,00;0,00;0,00;0,00;0,00;0,00;0,00;0,00;0,00;0,00;0,00;0,00;0,00;0,00;8.816,83;22.348,75;11.814,17;6.705,64;0,00;49.685,39;0,00;0,00;0,00;0,00;0,00;0,00;0,00;8.816,83;22.348,75;11.814,17;6.705,64;0,00;49.685,39
1.3.2.1.01.0.1.42.00.00;Remuneração Depósitos Bancários - LC 195/2022-Paulo Gustavo-Audivisual;0,00;0,00;0,00;0,00;0,00;0,00;0,00;0,00;0,00;0,00;0,00;0,00;0,00;0,00;0,00;0,00;0,00;0,00;0,00;0,00;5.110,36;6.330,18;6.492,25;5.966,29;5.560,91;29.459,99;0,00;0,00;0,00;0,00;0,00;0,00;0,00;5.110,36;6.330,18;6.492,25;5.966,29;5.560,91;29.459,99
1.3.2.1.01.0.1.43.00.00;Remuneração Depósitos Bancários - LC 195/2022-Paulo Gustavo-Demais Setores;0,00;0,00;0,00;0,00;0,00;0,00;0,00;0,00;0,00;0,00;0,00;0,00;0,00;0,00;0,00;0,00;0,00;0,00;0,00;0,00;2.070,14;2.564,27;2.629,92;2.416,86;2.835,77;12.516,96;0,00;0,00;0,00;0,00;0,00;0,00;0,00;2.070,14;2.564,27;2.629,92;2.416,86;2.835,77;12.516,96
1.3.2.1.01.0.1.50.00.00;Remuneração Depósitos Bancários-Rec.Não Vinc.Impostos;0,00;0,00;0,00;0,00;0,00;0,00;0,00;0,00;0,00;0,00;0,00;0,00;0,00;799.749,91;651.588,62;767.789,40;732.914,94;823.564,46;730.306,72;705.662,16;712.132,53;572.509,86;502.083,22;417.913,69;387.986,70;7.804.202,21;799.749,91;651.588,62;767.789,40;732.914,94;823.564,46;730.306,72;705.662,16;712.132,53;572.509,86;502.083,22;417.913,69;387.986,70;7.804.202,21
1.3.2.1.01.0.1.51.00.00;Remuneração Depósitos Bancários-Rec.Prov.Taxas/Contribuições;17.500,00;17.500,00;17.500,00;17.500,00;17.500,00;17.500,00;17.500,00;17.500,00;17.500,00;17.500,00;17.500,00;17.500,00;210.000,00;0,00;0,00;0,00;475,99;1.552,37;39.586,49;57.610,29;64.272,85;56.425,00;53.366,11;48.993,96;48.775,49;371.058,55;-17.500,00;-17.500,00;-17.500,00;-17.024,01;-15.947,63;22.086,49;40.110,29;46.772,85;38.925,00;35.866,11;31.493,96;31.275,49;161.058,55
1.3.2.1.01.0.1.51.00.00;Remuneração Depósitos Bancários-Rec.Prov.Taxas/Contribuições;17.500,00;17.500,00;17.500,00;17.500,00;17.500,00;17.500,00;17.500,00;17.500,00;17.500,00;17.500,00;17.500,00;17.500,00;210.000,00;0,00;0,00;0,00;475,99;1.552,37;39.586,49;57.610,29;64.272,85;56.425,00;53.366,11;48.993,96;48.775,49;371.058,55;-17.500,00;-17.500,00;-17.500,00;-17.024,01;-15.947,63;22.086,49;40.110,29;46.772,85;38.925,00;35.866,11;31.493,96;31.275,49;161.058,55
1.3.2.1.01.0.1.52.00.00;Remuneração Depósitos Bancários-Outros Rec.Não Vinculados;123.347,77;123.347,77;123.347,77;123.347,77;123.347,77;123.347,77;123.347,77;123.347,77;123.347,77;123.347,77;123.347,77;123.347,82;1.480.173,29;26.093,26;34.462,30;27.922,65;22.594,09;27.542,50;26.214,22;26.239,86;28.735,86;24.894,21;27.530,81;26.302,23;83.693,31;382.225,30;-97.254,51;-88.885,47;-95.425,12;-100.753,68;-95.805,27;-97.133,55;-97.107,91;-94.611,91;-98.453,56;-95.816,96;-97.045,54;-39.654,51;-1.097.947,99
1.3.2.1.01.0.1.52.00.00;Remuneração Depósitos Bancários-Outros Rec.Não Vinculados;123.347,77;123.347,77;123.347,77;123.347,77;123.347,77;123.347,77;123.347,77;123.347,77;123.347,77;123.347,77;123.347,77;123.347,82;1.480.173,29;26.093,26;34.462,30;27.922,65;22.594,09;27.542,50;26.214,22;26.239,86;28.735,86;24.894,21;27.530,81;26.302,23;83.693,31;382.225,30;-97.254,51;-88.885,47;-95.425,12;-100.753,68;-95.805,27;-97.133,55;-97.107,91;-94.611,91;-98.453,56;-95.816,96;-97.045,54;-39.654,51;-1.097.947,99
1.3.2.2.01.0.1.01.00.00;Dividendos;142,63;142,63;142,63;142,63;142,63;142,63;142,63;142,63;142,63;142,63;142,63;142,71;1.711,64;0,00;0,00;0,00;0,00;0,00;0,00;0,00;0,00;0,00;0,00;0,00;567,56;567,56;-142,63;-142,63;-142,63;-142,63;-142,63;-142,63;-142,63;-142,63;-142,63;-142,63;-142,63;424,85;-1.144,08
1.3.2.2.01.0.1.01.00.00;Dividendos;142,63;142,63;142,63;142,63;142,63;142,63;142,63;142,63;142,63;142,63;142,63;142,71;1.711,64;0,00;0,00;0,00;0,00;0,00;0,00;0,00;0,00;0,00;0,00;0,00;567,56;567,56;-142,63;-142,63;-142,63;-142,63;-142,63;-142,63;-142,63;-142,63;-142,63;-142,63;-142,63;424,85;-1.144,08
1.3.2.9.99.0.1.01.00.00;Outros Valores Mobiliários;87,50;87,50;87,50;87,50;87,50;87,50;87,50;87,50;87,50;87,50;87,50;87,50;1.050,00;0,00;0,00;0,00;0,00;0,00;0,00;0,00;0,00;0,00;0,00;0,00;0,00;0,00;-87,50;-87,50;-87,50;-87,50;-87,50;-87,50;-87,50;-87,50;-87,50;-87,50;-87,50;-87,50;-1.050,00
1.3.2.9.99.0.1.01.00.00;Outros Valores Mobiliários;87,50;87,50;87,50;87,50;87,50;87,50;87,50;87,50;87,50;87,50;87,50;87,50;1.050,00;0,00;0,00;0,00;0,00;0,00;0,00;0,00;0,00;0,00;0,00;0,00;0,00;0,00;-87,50;-87,50;-87,50;-87,50;-87,50;-87,50;-87,50;-87,50;-87,50;-87,50;-87,50;-87,50;-1.050,00
1.3.9.9.99.0.1.01.00.00;Outras Receitas Patrimoniais;87,50;87,50;87,50;87,50;87,50;87,50;87,50;87,50;87,50;87,50;87,50;87,50;1.050,00;0,00;0,00;0,00;0,00;0,00;0,00;0,00;0,00;0,00;0,00;0,00;0,00;0,00;-87,50;-87,50;-87,50;-87,50;-87,50;-87,50;-87,50;-87,50;-87,50;-87,50;-87,50;-87,50;-1.050,00
1.6.1.1.01.0.1.01.00.00;Serviços de Reparação, Manutenção e Instalação;704,68;704,68;704,68;704,68;704,68;704,68;704,68;704,68;704,68;704,68;704,68;704,72;8.456,20;0,00;0,00;0,00;0,00;0,00;0,00;0,00;0,00;0,00;0,00;0,00;0,00;0,00;-704,68;-704,68;-704,68;-704,68;-704,68;-704,68;-704,68;-704,68;-704,68;-704,68;-704,68;-704,72;-8.456,20
1.6.1.1.01.0.1.02.00.00;Receita de Água;875,00;875,00;875,00;875,00;875,00;875,00;875,00;875,00;875,00;875,00;875,00;875,00;10.500,00;0,00;0,00;0,00;0,00;0,00;0,00;0,00;0,00;0,00;0,00;0,00;0,00;0,00;-875,00;-875,00;-875,00;-875,00;-875,00;-875,00;-875,00;-875,00;-875,00;-875,00;-875,00;-875,00;-10.500,00
1.6.1.1.01.0.1.20.00.00;Receita Conservatório Heitor Vila Lobos;47,77;47,77;47,77;47,77;47,77;47,77;47,77;47,77;47,77;47,77;47,77;47,81;573,28;607,22;81.674,02;103.354,27;354,16;10.500,94;-146.766,30;7.821,99;9.048,13;9.215,65;6.966,33;6.825,77;6.993,06;96.595,24;559,45;81.626,25;103.306,50;306,39;10.453,17;-146.814,07;7.774,22;9.000,36;9.167,88;6.918,56;6.778,00;6.945,25;96.021,96
1.6.1.1.02.0.1.00.00.00;Inscrição em Concursos e Processos Seletivos;0,00;0,00;0,00;0,00;0,00;0,00;0,00;0,00;0,00;0,00;0,00;0,00;0,00;115.881,10;199.480,00;0,00;0,00;0,00;0,00;0,00;0,00;0,00;0,00;0,00;0,00;315.361,10;115.881,10;199.480,00;0,00;0,00;0,00;0,00;0,00;0,00;0,00;0,00;0,00;0,00;315.361,10
1.6.1.1.03.0.1.01.00.00;Serviços de Expedição de Certificados;697,75;697,75;697,75;697,75;697,75;697,75;697,75;697,75;697,75;697,75;697,75;697,81;8.373,06;0,00;0,00;0,00;0,00;0,00;0,00;0,00;0,00;0,00;0,00;0,00;0,00;0,00;-697,75;-697,75;-697,75;-697,75;-697,75;-697,75;-697,75;-697,75;-697,75;-697,75;-697,75;-697,81;-8.373,06
1.6.2.1.02.0.1.01.00.00;Receita Terminais Rodoviarios - Serviço Manutenção;2.092,05;2.092,05;2.092,05;2.092,05;2.092,05;2.092,05;2.092,05;2.092,05;2.092,05;2.092,05;2.092,05;2.092,05;25.104,60;0,00;0,00;0,00;0,00;9.768,40;7.590,00;474,72;6.350,00;16.838,00;9.509,50;7.777,00;0,00;58.307,62;-2.092,05;-2.092,05;-2.092,05;-2.092,05;7.676,35;5.497,95;-1.617,33;4.257,95;14.745,95;7.417,45;5.684,95;-2.092,05;33.203,02
1.6.2.1.02.0.1.02.00.00;Receita Terminais Rodoviarios - Serviço Embarque;34.298,55;34.298,55;34.298,55;34.298,55;34.298,55;34.298,55;34.298,55;34.298,55;34.298,55;34.298,55;34.298,55;34.298,62;411.582,67;54.410,71;49.639,69;49.007,09;42.573,51;53.535,45;30.720,25;42.960,00;45.645,05;31.025,46;43.173,59;27.386,63;34.314,82;504.392,25;20.112,16;15.341,14;14.708,54;8.274,96;19.236,90;-3.578,30;8.661,45;11.346,50;-3.273,09;8.875,04;-6.911,92;16,20;92.809,58
1.6.9.9.99.0.1.01.00.00;Serviços Administrativos Cemitério;955,26;955,26;955,26;955,26;955,26;955,26;955,26;955,26;955,26;955,26;955,26;955,36;11.463,22;0,00;295,55;0,00;0,00;0,00;0,00;0,00;0,00;0,00;0,00;0,00;0,00;295,55;-955,26;-659,71;-955,26;-955,26;-955,26;-955,26;-955,26;-955,26;-955,26;-955,26;-955,26;-955,36;-11.167,67
1.6.9.9.99.0.1.01.00.00;Serviços Administrativos Cemitério;955,26;955,26;955,26;955,26;955,26;955,26;955,26;955,26;955,26;955,26;955,26;955,36;11.463,22;0,00;295,55;0,00;0,00;0,00;0,00;0,00;0,00;0,00;0,00;0,00;0,00;295,55;-955,26;-659,71;-955,26;-955,26;-955,26;-955,26;-955,26;-955,26;-955,26;-955,26;-955,26;-955,36;-11.167,67
1.6.9.9.99.0.1.02.00.00;Outros Serviços Administrativos;4.360,06;4.360,06;4.360,06;4.360,06;4.360,06;4.360,06;4.360,06;4.360,06;4.360,06;4.360,06;4.360,06;4.360,09;52.320,75;595,55;597,37;948,65;461,85;147,65;0,00;195,60;73,83;855,91;949,00;532,69;403,00;5.761,10;-3.764,51;-3.762,69;-3.411,41;-3.898,21;-4.212,41;-4.360,06;-4.164,46;-4.286,23;-3.504,15;-3.411,06;-3.827,37;-3.957,09;-46.559,65
1.6.9.9.99.0.1.09.00.00;Outros Serviços;1.366,24;1.366,24;1.366,24;1.366,24;1.366,24;1.366,24;1.366,24;1.366,24;1.366,24;1.366,24;1.366,24;1.366,30;16.394,94;0,00;0,00;0,00;0,00;395,46;0,00;806,00;894,30;468,00;0,00;0,00;0,00;2.563,76;-1.366,24;-1.366,24;-1.366,24;-1.366,24;-970,78;-1.366,24;-560,24;-471,94;-898,24;-1.366,24;-1.366,24;-1.366,30;-13.831,18
1.6.9.9.99.0.1.09.00.00;Outros Serviços;1.366,24;1.366,24;1.366,24;1.366,24;1.366,24;1.366,24;1.366,24;1.366,24;1.366,24;1.366,24;1.366,24;1.366,30;16.394,94;0,00;0,00;0,00;0,00;395,46;0,00;806,00;894,30;468,00;0,00;0,00;0,00;2.563,76;-1.366,24;-1.366,24;-1.366,24;-1.366,24;-970,78;-1.366,24;-560,24;-471,94;-898,24;-1.366,24;-1.366,24;-1.366,30;-13.831,18
1.6.9.9.99.0.2.01.00.00;Multas/Juros de Mora s/Outros Serviços;262,50;262,50;262,50;262,50;262,50;262,50;262,50;262,50;262,50;262,50;262,50;262,50;3.150,00;0,00;0,00;0,00;0,00;0,84;174,36;197,82;354,27;386,87;163,06;196,89;219,72;1.693,83;-262,50;-262,50;-262,50;-262,50;-261,66;-88,14;-64,68;91,77;124,37;-99,44;-65,61;-42,78;-1.456,17
1.6.9.9.99.0.3.01.00.00;Dívida Ativa-Outros Serviços;875,00;875,00;875,00;875,00;875,00;875,00;875,00;875,00;875,00;875,00;875,00;875,00;10.500,00;0,00;0,00;0,00;0,00;0,00;119,04;59,28;424,93;357,12;200,59;119,04;201,50;1.481,50;-875,00;-875,00;-875,00;-875,00;-875,00;-755,96;-815,72;-450,07;-517,88;-674,41;-755,96;-673,50;-9.018,50
1.6.9.9.99.0.3.01.00.00;Dívida Ativa-Outros Serviços;875,00;875,00;875,00;875,00;875,00;875,00;875,00;875,00;875,00;875,00;875,00;875,00;10.500,00;0,00;0,00;0,00;0,00;0,00;119,04;59,28;424,93;357,12;200,59;119,04;201,50;1.481,50;-875,00;-875,00;-875,00;-875,00;-875,00;-755,96;-815,72;-450,07;-517,88;-674,41;-755,96;-673,50;-9.018,50
1.6.9.9.99.0.4.01.00.00;Multas/Juros Mora Div.Ativ.s/Outros Serviços;262,50;262,50;262,50;262,50;262,50;262,50;262,50;262,50;262,50;262,50;262,50;262,50;3.150,00;0,29;0,29;0,03;0,12;0,00;34,81;18,39;282,03;112,47;27,98;3.049,19;0,00;3.525,60;-262,21;-262,21;-262,47;-262,38;-262,50;-227,69;-244,11;19,53;-150,03;-234,52;2.786,69;-262,50;375,60
1.6.9.9.99.0.4.01.00.00;Multas/Juros Mora Div.Ativ.s/Outros Serviços;262,50;262,50;262,50;262,50;262,50;262,50;262,50;262,50;262,50;262,50;262,50;262,50;3.150,00;0,29;0,29;0,03;0,12;0,00;34,81;18,39;282,03;112,47;27,98;3.049,19;0,00;3.525,60;-262,21;-262,21;-262,47;-262,38;-262,50;-227,69;-244,11;19,53;-150,03;-234,52;2.786,69;-262,50;375,60
1.7.1.1.51.1.1.00.00.00;Cota-Parte do Fundo de Participação dos Municípios - Cota Mensal;5.263.829,45;6.899.545,77;4.624.620,58;4.834.690,37;5.810.632,03;5.025.294,55;4.379.473,35;5.489.960,95;4.311.471,69;4.804.418,24;6.239.626,01;6.479.290,84;64.162.853,83;5.994.710,07;8.268.999,43;5.058.526,28;5.783.474,17;6.429.260,03;6.004.880,68;4.604.138,44;5.116.342,78;4.454.507,42;4.844.047,57;6.284.979,53;6.915.128,48;69.758.994,88;730.880,62;1.369.453,66;433.905,70;948.783,80;618.628,00;979.586,13;224.665,09;-373.618,17;143.035,73;39.629,33;45.353,52;435.837,64;5.596.141,05
1.7.1.1.51.2.1.00.00.00;Cota-Parte do Fundo de Participação dos Municípios - Cotas Extraordinárias - Principal;685.965,78;685.965,78;685.965,78;685.965,78;685.965,78;685.965,78;685.965,78;685.965,78;685.965,78;685.965,78;685.965,78;685.965,88;8.231.589,46;0,00;0,00;0,00;0,00;0,00;0,00;3.843.566,50;0,00;951.357,07;0,00;0,00;3.832.325,02;8.627.248,59;-685.965,78;-685.965,78;-685.965,78;-685.965,78;-685.965,78;-685.965,78;3.157.600,72;-685.965,78;265.391,29;-685.965,78;-685.965,78;3.146.359,14;395.659,13
1.7.1.1.51.2.1.00.00.00;Cota-Parte do Fundo de Participação dos Municípios - Cotas Extraordinárias - Principal;685.965,78;685.965,78;685.965,78;685.965,78;685.965,78;685.965,78;685.965,78;685.965,78;685.965,78;685.965,78;685.965,78;685.965,88;8.231.589,46;0,00;0,00;0,00;0,00;0,00;0,00;3.843.566,50;0,00;951.357,07;0,00;0,00;3.832.325,02;8.627.248,59;-685.965,78;-685.965,78;-685.965,78;-685.965,78;-685.965,78;-685.965,78;3.157.600,72;-685.965,78;265.391,29;-685.965,78;-685.965,78;3.146.359,14;395.659,13
1.7.1.1.52.0.1.00.00.00;Cota-Parte do Imposto Sobre a Propriedade Territorial Rural;1.872,54;1.872,54;1.872,54;1.872,54;1.872,54;1.872,54;1.872,54;1.872,54;1.872,54;1.872,54;1.872,54;1.872,52;22.470,46;10.355,96;924,39;3.687,02;21.608,68;1.940,31;1.657,31;655,78;9.597,01;13.133,46;55.275,26;17.291,87;6.695,68;142.822,73;8.483,42;-948,15;1.814,48;19.736,14;67,77;-215,23;-1.216,76;7.724,47;11.260,92;53.402,72;15.419,33;4.823,16;120.352,27
1.7.1.1.52.0.1.00.00.00;Cota-Parte do Imposto Sobre a Propriedade Territorial Rural;1.872,54;1.872,54;1.872,54;1.872,54;1.872,54;1.872,54;1.872,54;1.872,54;1.872,54;1.872,54;1.872,54;1.872,52;22.470,46;10.355,96;924,39;3.687,02;21.608,68;1.940,31;1.657,31;655,78;9.597,01;13.133,46;55.275,26;17.291,87;6.695,68;142.822,73;8.483,42;-948,15;1.814,48;19.736,14;67,77;-215,23;-1.216,76;7.724,47;11.260,92;53.402,72;15.419,33;4.823,16;120.352,27
1.7.1.2.51.0.1.00.00.00;Cota-parte Comp.Financeira Rec.Minerais - CFEM;1.079,39;1.079,39;1.079,39;1.079,39;1.079,39;1.079,39;1.079,39;1.079,39;1.079,39;1.079,39;1.079,39;1.079,42;12.952,71;1.371,76;1.555,22;1.393,10;1.685,24;1.411,83;0,00;985,40;1.231,33;0,00;3.882,54;2.252,83;8.250,93;24.020,18;292,37;475,83;313,71;605,85;332,44;-1.079,39;-93,99;151,94;-1.079,39;2.803,15;1.173,44;7.171,51;11.067,47
1.7.1.2.51.0.1.00.00.00;Cota-parte Comp.Financeira Rec.Minerais - CFEM;1.079,39;1.079,39;1.079,39;1.079,39;1.079,39;1.079,39;1.079,39;1.079,39;1.079,39;1.079,39;1.079,39;1.079,42;12.952,71;1.371,76;1.555,22;1.393,10;1.685,24;1.411,83;0,00;985,40;1.231,33;0,00;3.882,54;2.252,83;8.250,93;24.020,18;292,37;475,83;313,71;605,85;332,44;-1.079,39;-93,99;151,94;-1.079,39;2.803,15;1.173,44;7.171,51;11.067,47
1.7.1.2.52.1.1.01.00.00;Cota-parte da Compensação Financeira pela Produção de Petróleo-Lei nº 7.990/89;500.165,67;500.165,67;500.165,67;500.165,67;500.165,67;500.165,67;500.165,67;500.165,67;500.165,67;500.165,67;500.165,67;500.165,71;6.001.988,08;690.365,44;614.636,91;657.620,86;585.172,67;579.957,07;601.769,39;0,00;541.595,60;1.144.882,42;586.809,93;710.523,91;701.686,10;7.415.020,30;190.199,77;114.471,24;157.455,19;85.007,00;79.791,40;101.603,72;-500.165,67;41.429,93;644.716,75;86.644,26;210.358,24;201.520,39;1.413.032,22
1.7.1.2.52.1.1.01.00.00;Cota-parte da Compensação Financeira pela Produção de Petróleo-Lei nº 7.990/89;500.165,67;500.165,67;500.165,67;500.165,67;500.165,67;500.165,67;500.165,67;500.165,67;500.165,67;500.165,67;500.165,67;500.165,71;6.001.988,08;690.365,44;614.636,91;657.620,86;585.172,67;579.957,07;601.769,39;0,00;541.595,60;1.144.882,42;586.809,93;710.523,91;701.686,10;7.415.020,30;190.199,77;114.471,24;157.455,19;85.007,00;79.791,40;101.603,72;-500.165,67;41.429,93;644.716,75;86.644,26;210.358,24;201.520,39;1.413.032,22
1.7.1.2.52.2.1.01.00.00;Cota-parte Excedente  Produção do Petróleo-Lei nº 9.478/97, artigo 49, I e II;229.943,33;229.943,33;229.943,33;229.943,33;229.943,33;229.943,33;229.943,33;229.943,33;229.943,33;229.943,33;229.943,33;229.943,43;2.759.320,06;2.440,73;1.950,90;2.016,32;1.893,93;936,36;1.710,58;0,00;2.151,02;4.134,15;2.210,30;2.762,71;1.538,65;23.745,65;-227.502,60;-227.992,43;-227.927,01;-228.049,40;-229.006,97;-228.232,75;-229.943,33;-227.792,31;-225.809,18;-227.733,03;-227.180,62;-228.404,78;-2.735.574,41
1.7.1.2.52.2.1.01.00.00;Cota-parte Excedente  Produção do Petróleo-Lei nº 9.478/97, artigo 49, I e II;229.943,33;229.943,33;229.943,33;229.943,33;229.943,33;229.943,33;229.943,33;229.943,33;229.943,33;229.943,33;229.943,33;229.943,43;2.759.320,06;2.440,73;1.950,90;2.016,32;1.893,93;936,36;1.710,58;0,00;2.151,02;4.134,15;2.210,30;2.762,71;1.538,65;23.745,65;-227.502,60;-227.992,43;-227.927,01;-228.049,40;-229.006,97;-228.232,75;-229.943,33;-227.792,31;-225.809,18;-227.733,03;-227.180,62;-228.404,78;-2.735.574,41
1.7.1.2.52.4.1.01.00.00;Cota-Parte do Fundo Especial do Petróleo-FEP;172.500,43;172.500,43;172.500,43;172.500,43;172.500,43;172.500,43;172.500,43;172.500,43;172.500,43;172.500,43;172.500,43;172.500,51;2.070.005,24;156.120,02;147.289,03;155.553,40;141.455,69;139.512,75;146.375,95;0,00;136.052,57;287.231,19;167.237,74;190.920,22;188.431,27;1.856.179,83;-16.380,41;-25.211,40;-16.947,03;-31.044,74;-32.987,68;-26.124,48;-172.500,43;-36.447,86;114.730,76;-5.262,69;18.419,79;15.930,76;-213.825,41
1.7.1.2.52.4.1.01.00.00;Cota-Parte do Fundo Especial do Petróleo-FEP;172.500,43;172.500,43;172.500,43;172.500,43;172.500,43;172.500,43;172.500,43;172.500,43;172.500,43;172.500,43;172.500,43;172.500,51;2.070.005,24;156.120,02;147.289,03;155.553,40;141.455,69;139.512,75;146.375,95;0,00;136.052,57;287.231,19;167.237,74;190.920,22;188.431,27;1.856.179,83;-16.380,41;-25.211,40;-16.947,03;-31.044,74;-32.987,68;-26.124,48;-172.500,43;-36.447,86;114.730,76;-5.262,69;18.419,79;15.930,76;-213.825,41
1.7.1.3.50.1.1.03.00.00;Portaria 622/6/2979-Incentivos APS-Capacitação Pond;154.379,00;154.379,00;154.379,00;154.379,00;154.379,00;154.379,00;154.379,00;154.379,00;154.379,00;154.379,00;154.379,00;154.379,10;1.852.548,10;0,00;137.902,16;0,00;532.841,47;579.966,72;525.374,29;497.546,78;534.674,20;525.374,29;541.893,29;542.420,31;541.893,29;4.959.886,80;-154.379,00;-16.476,84;-154.379,00;378.462,47;425.587,72;370.995,29;343.167,78;380.295,20;370.995,29;387.514,29;388.041,31;387.514,19;3.107.338,70
1.7.1.3.50.1.1.03.00.00;Portaria 622/6/2979-Incentivos APS-Capacitação Pond;154.379,00;154.379,00;154.379,00;154.379,00;154.379,00;154.379,00;154.379,00;154.379,00;154.379,00;154.379,00;154.379,00;154.379,10;1.852.548,10;0,00;137.902,16;0,00;532.841,47;579.966,72;525.374,29;497.546,78;534.674,20;525.374,29;541.893,29;542.420,31;541.893,29;4.959.886,80;-154.379,00;-16.476,84;-154.379,00;378.462,47;425.587,72;370.995,29;343.167,78;380.295,20;370.995,29;387.514,29;388.041,31;387.514,19;3.107.338,70
1.7.1.3.50.1.1.04.00.00;Portaria 2979/6/1105 - Incentivo Ações Estratégicas Po;8.472,00;8.472,00;8.472,00;8.472,00;8.472,00;8.472,00;8.472,00;8.472,00;8.472,00;8.472,00;8.472,00;8.472,00;101.664,00;0,00;55.527,00;54.027,00;57.027,00;55.527,00;57.027,00;0,00;1.500,00;2.000,00;3.500,00;2.000,00;24.000,00;312.135,00;-8.472,00;47.055,00;45.555,00;48.555,00;47.055,00;48.555,00;-8.472,00;-6.972,00;-6.472,00;-4.972,00;-6.472,00;15.528,00;210.471,00
1.7.1.3.50.1.1.04.00.00;Portaria 2979/6/1105 - Incentivo Ações Estratégicas Po;8.472,00;8.472,00;8.472,00;8.472,00;8.472,00;8.472,00;8.472,00;8.472,00;8.472,00;8.472,00;8.472,00;8.472,00;101.664,00;0,00;55.527,00;54.027,00;57.027,00;55.527,00;57.027,00;0,00;1.500,00;2.000,00;3.500,00;2.000,00;24.000,00;312.135,00;-8.472,00;47.055,00;45.555,00;48.555,00;47.055,00;48.555,00;-8.472,00;-6.972,00;-6.472,00;-4.972,00;-6.472,00;15.528,00;210.471,00
1.7.1.3.50.1.1.05.00.00;Portaria 960/622/166-Incentivo Financeiro APS-Desemp;12.093,75;12.093,75;12.093,75;12.093,75;12.093,75;12.093,75;12.093,75;12.093,75;12.093,75;12.093,75;12.093,75;12.093,75;145.125,00;0,00;47.125,25;0,00;0,00;0,00;58.154,75;0,00;66.254,75;90.744,75;82.782,00;82.782,00;82.782,00;510.625,50;-12.093,75;35.031,50;-12.093,75;-12.093,75;-12.093,75;46.061,00;-12.093,75;54.161,00;78.651,00;70.688,25;70.688,25;70.688,25;365.500,50
1.7.1.3.50.1.1.05.00.00;Portaria 960/622/166-Incentivo Financeiro APS-Desemp;12.093,75;12.093,75;12.093,75;12.093,75;12.093,75;12.093,75;12.093,75;12.093,75;12.093,75;12.093,75;12.093,75;12.093,75;145.125,00;0,00;47.125,25;0,00;0,00;0,00;58.154,75;0,00;66.254,75;90.744,75;82.782,00;82.782,00;82.782,00;510.625,50;-12.093,75;35.031,50;-12.093,75;-12.093,75;-12.093,75;46.061,00;-12.093,75;54.161,00;78.651,00;70.688,25;70.688,25;70.688,25;365.500,50
1.7.1.3.50.1.1.07.00.00;Portaria 4036 - Implementação de Politicas de Promoção da Equidade em Saúde;5.880,00;5.880,00;5.880,00;5.880,00;5.880,00;5.880,00;5.880,00;5.880,00;5.880,00;5.880,00;5.880,00;5.880,00;70.560,00;0,00;0,00;0,00;0,00;0,00;0,00;0,00;0,00;0,00;0,00;0,00;0,00;0,00;-5.880,00;-5.880,00;-5.880,00;-5.880,00;-5.880,00;-5.880,00;-5.880,00;-5.880,00;-5.880,00;-5.880,00;-5.880,00;-5.880,00;-70.560,00
1.7.1.3.50.1.1.07.00.00;Portaria 4036 - Implementação de Politicas de Promoção da Equidade em Saúde;5.880,00;5.880,00;5.880,00;5.880,00;5.880,00;5.880,00;5.880,00;5.880,00;5.880,00;5.880,00;5.880,00;5.880,00;70.560,00;0,00;0,00;0,00;0,00;0,00;0,00;0,00;0,00;0,00;0,00;0,00;0,00;0,00;-5.880,00;-5.880,00;-5.880,00;-5.880,00;-5.880,00;-5.880,00;-5.880,00;-5.880,00;-5.880,00;-5.880,00;-5.880,00;-5.880,00;-70.560,00
1.7.1.3.50.1.1.08.00.00;Portaria 1004/261/622 - Piso APS - Incentivo para Ações Estratégicas;33.888,00;33.888,00;33.888,00;33.888,00;33.888,00;33.888,00;33.888,00;33.888,00;33.888,00;33.888,00;33.888,00;33.888,00;406.656,00;56.480,00;0,00;0,00;0,00;1.500,00;0,00;55.527,00;54.027,00;93.556,00;56.480,00;66.080,00;117.560,00;501.210,00;22.592,00;-33.888,00;-33.888,00;-33.888,00;-32.388,00;-33.888,00;21.639,00;20.139,00;59.668,00;22.592,00;32.192,00;83.672,00;94.554,00
1.7.1.3.50.1.1.09.00.00;Portaria 261/6 - Piso APS - Capacitação Ponderada;312.184,93;312.184,93;312.184,93;312.184,93;312.184,93;312.184,93;312.184,93;312.184,93;312.184,93;312.184,93;312.184,93;312.184,97;3.746.219,20;459.285,58;463.890,39;532.841,47;0,00;0,00;0,00;0,00;0,00;0,00;0,00;0,00;0,00;1.456.017,44;147.100,65;151.705,46;220.656,54;-312.184,93;-312.184,93;-312.184,93;-312.184,93;-312.184,93;-312.184,93;-312.184,93;-312.184,93;-312.184,97;-2.290.201,76
1.7.1.3.50.1.1.09.00.00;Portaria 261/6 - Piso APS - Capacitação Ponderada;312.184,93;312.184,93;312.184,93;312.184,93;312.184,93;312.184,93;312.184,93;312.184,93;312.184,93;312.184,93;312.184,93;312.184,97;3.746.219,20;459.285,58;463.890,39;532.841,47;0,00;0,00;0,00;0,00;0,00;0,00;0,00;0,00;0,00;1.456.017,44;147.100,65;151.705,46;220.656,54;-312.184,93;-312.184,93;-312.184,93;-312.184,93;-312.184,93;-312.184,93;-312.184,93;-312.184,93;-312.184,97;-2.290.201,76
1.7.1.3.50.1.1.10.00.00;Portaria 261 - Piso APS - Desempenho;41.250,63;41.250,63;41.250,63;41.250,63;41.250,63;41.250,63;41.250,63;41.250,63;41.250,63;41.250,63;41.250,63;41.250,72;495.007,65;43.956,75;0,00;47.125,25;0,00;0,00;0,00;0,00;0,00;0,00;0,00;0,00;0,00;91.082,00;2.706,12;-41.250,63;5.874,62;-41.250,63;-41.250,63;-41.250,63;-41.250,63;-41.250,63;-41.250,63;-41.250,63;-41.250,63;-41.250,72;-403.925,65
1.7.1.3.50.1.1.15.00.00;Fonte 1604 - Portaria 622/3479/261/160/6 - Piso APS - ACS;499.052,66;499.052,66;499.052,66;499.052,66;499.052,66;499.052,66;499.052,66;499.052,66;499.052,66;499.052,66;499.052,66;499.052,74;5.988.632,00;447.888,00;424.452,00;539.028,00;577.056,00;432.960,00;432.960,00;604.634,75;543.840,00;430.320,00;432.960,00;427.680,00;710.640,00;6.004.418,75;-51.164,66;-74.600,66;39.975,34;78.003,34;-66.092,66;-66.092,66;105.582,09;44.787,34;-68.732,66;-66.092,66;-71.372,66;211.587,26;15.786,75
1.7.1.3.50.1.1.16.00.00;Portaria 986 - Rede Cegonha;0,00;0,00;0,00;0,00;0,00;0,00;0,00;0,00;0,00;0,00;0,00;0,00;0,00;0,00;946,18;0,00;0,00;0,00;0,00;0,00;0,00;0,00;0,00;0,00;6.937,06;7.883,24;0,00;946,18;0,00;0,00;0,00;0,00;0,00;0,00;0,00;0,00;0,00;6.937,06;7.883,24
1.7.1.3.50.1.1.17.00.00;Portaria 6 - Piso da Atenção Primária - Incentivo Desempenho;0,00;0,00;0,00;0,00;0,00;0,00;0,00;0,00;0,00;0,00;0,00;0,00;0,00;0,00;0,00;0,00;18.221,00;0,00;0,00;0,00;0,00;0,00;0,00;0,00;0,00;18.221,00;0,00;0,00;0,00;18.221,00;0,00;0,00;0,00;0,00;0,00;0,00;0,00;0,00;18.221,00
1.7.1.3.50.2.1.01.00.00;Portaria 3992-Açoes Estrat.e Compensações;143.485,22;143.485,22;143.485,22;143.485,22;143.485,22;143.485,22;143.485,22;143.485,22;143.485,22;143.485,22;143.485,22;143.485,30;1.721.822,72;0,00;0,00;0,00;0,00;0,00;0,00;0,00;0,00;0,00;0,00;0,00;0,00;0,00;-143.485,22;-143.485,22;-143.485,22;-143.485,22;-143.485,22;-143.485,22;-143.485,22;-143.485,22;-143.485,22;-143.485,22;-143.485,22;-143.485,30;-1.721.822,72
1.7.1.3.50.2.1.04.00.00;Portaria 1627/1602/1174/25/1261/3992/639/25/443 - Atenção a Saúde-Procedimentos MAC;4.274.815,11;4.274.815,11;4.274.815,11;4.274.815,11;4.274.815,11;4.274.815,11;4.274.815,11;4.274.815,11;4.274.815,11;4.274.815,11;4.274.815,11;4.274.815,15;51.297.781,36;5.636.153,11;7.003.546,49;5.584.157,82;5.771.011,96;10.559.858,18;5.785.852,71;5.824.082,78;0,00;6.027.062,89;6.641.504,41;7.052.432,10;7.493.621,62;73.379.284,07;1.361.338,00;2.728.731,38;1.309.342,71;1.496.196,85;6.285.043,07;1.511.037,60;1.549.267,67;-4.274.815,11;1.752.247,78;2.366.689,30;2.777.616,99;3.218.806,47;22.081.502,71
1.7.1.3.50.2.1.06.00.00;Portaria 3574 - Procedimentos MAC;679,32;679,32;679,32;679,32;679,32;679,32;679,32;679,32;679,32;679,32;679,32;679,37;8.151,89;0,00;0,00;0,00;0,00;0,00;0,00;0,00;0,00;0,00;0,00;0,00;0,00;0,00;-679,32;-679,32;-679,32;-679,32;-679,32;-679,32;-679,32;-679,32;-679,32;-679,32;-679,32;-679,37;-8.151,89
1.7.1.3.50.2.1.06.00.00;Portaria 3574 - Procedimentos MAC;679,32;679,32;679,32;679,32;679,32;679,32;679,32;679,32;679,32;679,32;679,32;679,37;8.151,89;0,00;0,00;0,00;0,00;0,00;0,00;0,00;0,00;0,00;0,00;0,00;0,00;0,00;-679,32;-679,32;-679,32;-679,32;-679,32;-679,32;-679,32;-679,32;-679,32;-679,32;-679,32;-679,37;-8.151,89
1.7.1.3.50.2.1.07.00.00;Portaria 3739 - Procedimentos MAC;3.420,17;3.420,17;3.420,17;3.420,17;3.420,17;3.420,17;3.420,17;3.420,17;3.420,17;3.420,17;3.420,17;3.420,22;41.042,09;0,00;0,00;0,00;0,00;0,00;0,00;0,00;0,00;0,00;0,00;0,00;0,00;0,00;-3.420,17;-3.420,17;-3.420,17;-3.420,17;-3.420,17;-3.420,17;-3.420,17;-3.420,17;-3.420,17;-3.420,17;-3.420,17;-3.420,22;-41.042,09
1.7.1.3.50.2.1.08.00.00;Portaria 3203 - Procedimentos MAC;11,04;11,04;11,04;11,04;11,04;11,04;11,04;11,04;11,04;11,04;11,04;11,08;132,52;0,00;0,00;0,00;0,00;0,00;0,00;0,00;0,00;0,00;0,00;0,00;0,00;0,00;-11,04;-11,04;-11,04;-11,04;-11,04;-11,04;-11,04;-11,04;-11,04;-11,04;-11,04;-11,08;-132,52
1.7.1.3.50.2.1.09.00.00;Portaria 28 - Procedimentos MAC;1.531.906,92;1.531.906,92;1.531.906,92;1.531.906,92;1.531.906,92;1.531.906,92;1.531.906,92;1.531.906,92;1.531.906,92;1.531.906,92;1.531.906,92;1.531.907,03;18.382.883,15;0,00;0,00;0,00;0,00;0,00;0,00;0,00;0,00;0,00;0,00;0,00;0,00;0,00;-1.531.906,92;-1.531.906,92;-1.531.906,92;-1.531.906,92;-1.531.906,92;-1.531.906,92;-1.531.906,92;-1.531.906,92;-1.531.906,92;-1.531.906,92;-1.531.906,92;-1.531.907,03;-18.382.883,15
1.7.1.3.50.2.1.10.00.00;Portaria 498/3829 - Procedimentos MAC;19.826,69;19.826,69;19.826,69;19.826,69;19.826,69;19.826,69;19.826,69;19.826,69;19.826,69;19.826,69;19.826,69;19.826,77;237.920,36;0,00;0,00;0,00;0,00;224.404,40;0,00;0,00;0,00;0,00;0,00;0,00;0,00;224.404,40;-19.826,69;-19.826,69;-19.826,69;-19.826,69;204.577,71;-19.826,69;-19.826,69;-19.826,69;-19.826,69;-19.826,69;-19.826,69;-19.826,77;-13.515,96
1.7.1.3.50.2.1.11.00.00;Portaria 404 - Procedimentos MAC;22.410,27;22.410,27;22.410,27;22.410,27;22.410,27;22.410,27;22.410,27;22.410,27;22.410,27;22.410,27;22.410,27;22.410,27;268.923,24;0,00;0,00;0,00;0,00;0,00;0,00;0,00;6.900.600,54;0,00;0,00;0,00;0,00;6.900.600,54;-22.410,27;-22.410,27;-22.410,27;-22.410,27;-22.410,27;-22.410,27;-22.410,27;6.878.190,27;-22.410,27;-22.410,27;-22.410,27;-22.410,27;6.631.677,30
1.7.1.3.50.2.1.12.00.00;Portaria 06 - Procedimentos MAC - FAEC;339.271,11;339.271,11;339.271,11;339.271,11;339.271,11;339.271,11;339.271,11;339.271,11;339.271,11;339.271,11;339.271,11;339.271,20;4.071.253,41;778.244,91;0,00;1.459.755,62;873.467,75;963.246,08;880.257,41;994.645,86;932.833,94;1.077.838,23;891.335,12;1.153.775,40;1.075.428,67;11.080.828,99;438.973,80;-339.271,11;1.120.484,51;534.196,64;623.974,97;540.986,30;655.374,75;593.562,83;738.567,12;552.064,01;814.504,29;736.157,47;7.009.575,58
1.7.1.3.50.2.1.12.00.00;Portaria 06 - Procedimentos MAC - FAEC;339.271,11;339.271,11;339.271,11;339.271,11;339.271,11;339.271,11;339.271,11;339.271,11;339.271,11;339.271,11;339.271,11;339.271,20;4.071.253,41;778.244,91;0,00;1.459.755,62;873.467,75;963.246,08;880.257,41;994.645,86;932.833,94;1.077.838,23;891.335,12;1.153.775,40;1.075.428,67;11.080.828,99;438.973,80;-339.271,11;1.120.484,51;534.196,64;623.974,97;540.986,30;655.374,75;593.562,83;738.567,12;552.064,01;814.504,29;736.157,47;7.009.575,58
1.7.1.3.50.3.1.01.00.00;Portaria 2619/1136/21 - DST/AIDS;5.572,35;5.572,35;5.572,35;5.572,35;5.572,35;5.572,35;5.572,35;5.572,35;5.572,35;5.572,35;5.572,35;5.572,46;66.868,31;12.519,25;12.519,25;0,00;0,00;0,00;0,00;0,00;12.519,25;12.519,25;12.519,25;12.519,25;12.519,25;87.634,75;6.946,90;6.946,90;-5.572,35;-5.572,35;-5.572,35;-5.572,35;-5.572,35;6.946,90;6.946,90;6.946,90;6.946,90;6.946,79;20.766,44
1.7.1.3.50.3.1.01.00.00;Portaria 2619/1136/21 - DST/AIDS;5.572,35;5.572,35;5.572,35;5.572,35;5.572,35;5.572,35;5.572,35;5.572,35;5.572,35;5.572,35;5.572,35;5.572,46;66.868,31;12.519,25;12.519,25;0,00;0,00;0,00;0,00;0,00;12.519,25;12.519,25;12.519,25;12.519,25;12.519,25;87.634,75;6.946,90;6.946,90;-5.572,35;-5.572,35;-5.572,35;-5.572,35;-5.572,35;6.946,90;6.946,90;6.946,90;6.946,90;6.946,79;20.766,44
1.7.1.3.50.3.1.03.00.00;Portaria 6/125 - Assistencia Financeira Complementar;169.216,11;169.216,11;169.216,11;169.216,11;169.216,11;169.216,11;169.216,11;169.216,11;169.216,11;169.216,11;169.216,11;169.216,16;2.030.593,37;127.596,00;67.512,23;127.596,00;0,00;0,00;0,00;0,00;0,00;0,00;0,00;0,00;0,00;322.704,23;-41.620,11;-101.703,88;-41.620,11;-169.216,11;-169.216,11;-169.216,11;-169.216,11;-169.216,11;-169.216,11;-169.216,11;-169.216,11;-169.216,16;-1.707.889,14
1.7.1.3.50.3.1.03.00.00;Portaria 6/125 - Assistencia Financeira Complementar;169.216,11;169.216,11;169.216,11;169.216,11;169.216,11;169.216,11;169.216,11;169.216,11;169.216,11;169.216,11;169.216,11;169.216,16;2.030.593,37;127.596,00;67.512,23;127.596,00;0,00;0,00;0,00;0,00;0,00;0,00;0,00;0,00;0,00;322.704,23;-41.620,11;-101.703,88;-41.620,11;-169.216,11;-169.216,11;-169.216,11;-169.216,11;-169.216,11;-169.216,11;-169.216,11;-169.216,11;-169.216,16;-1.707.889,14
1.7.1.3.50.3.1.06.00.00;Portaria 3918 - Sistema Nacional de Vigilância Epidemiológica e Controle de Doenças;64.472,16;64.472,16;64.472,16;64.472,16;64.472,16;64.472,16;64.472,16;64.472,16;64.472,16;64.472,16;64.472,16;64.472,23;773.665,99;0,00;0,00;0,00;0,00;0,00;0,00;0,00;0,00;0,00;0,00;0,00;0,00;0,00;-64.472,16;-64.472,16;-64.472,16;-64.472,16;-64.472,16;-64.472,16;-64.472,16;-64.472,16;-64.472,16;-64.472,16;-64.472,16;-64.472,23;-773.665,99
1.7.1.3.50.3.1.07.00.00;Portaria 1386/2497/76/844 - Incentivo Vigilância - Despesas Diversas;12.723,62;12.723,62;12.723,62;12.723,62;12.723,62;12.723,62;12.723,62;12.723,62;12.723,62;12.723,62;12.723,62;12.723,67;152.683,49;0,00;0,00;0,00;35.817,87;35.817,87;35.817,87;35.817,87;70.777,12;35.817,87;78.799,31;35.817,87;0,00;364.483,65;-12.723,62;-12.723,62;-12.723,62;23.094,25;23.094,25;23.094,25;23.094,25;58.053,50;23.094,25;66.075,69;23.094,25;-12.723,67;211.800,16
1.7.1.3.50.3.1.08.00.00;Portaria 124/21 - Incentivo Prevenção e Controle DST/AIDS e Hepatites Virais;7.675,03;7.675,03;7.675,03;7.675,03;7.675,03;7.675,03;7.675,03;7.675,03;7.675,03;7.675,03;7.675,03;7.675,05;92.100,38;0,00;0,00;12.519,25;12.519,25;12.519,25;12.519,25;12.519,25;0,00;0,00;0,00;0,00;0,00;62.596,25;-7.675,03;-7.675,03;4.844,22;4.844,22;4.844,22;4.844,22;4.844,22;-7.675,03;-7.675,03;-7.675,03;-7.675,03;-7.675,05;-29.504,13
1.7.1.3.50.3.1.08.00.00;Portaria 124/21 - Incentivo Prevenção e Controle DST/AIDS e Hepatites Virais;7.675,03;7.675,03;7.675,03;7.675,03;7.675,03;7.675,03;7.675,03;7.675,03;7.675,03;7.675,03;7.675,03;7.675,05;92.100,38;0,00;0,00;12.519,25;12.519,25;12.519,25;12.519,25;12.519,25;0,00;0,00;0,00;0,00;0,00;62.596,25;-7.675,03;-7.675,03;4.844,22;4.844,22;4.844,22;4.844,22;4.844,22;-7.675,03;-7.675,03;-7.675,03;-7.675,03;-7.675,05;-29.504,13
1.7.1.3.50.3.1.09.00.00;Portaria 128/76 - Incentivo Vigilância - Despesas Diversas;32.236,08;32.236,08;32.236,08;32.236,08;32.236,08;32.236,08;32.236,08;32.236,08;32.236,08;32.236,08;32.236,08;32.236,12;386.833,00;0,00;0,00;107.453,61;0,00;0,00;0,00;0,00;0,00;0,00;0,00;0,00;35.817,87;143.271,48;-32.236,08;-32.236,08;75.217,53;-32.236,08;-32.236,08;-32.236,08;-32.236,08;-32.236,08;-32.236,08;-32.236,08;-32.236,08;3.581,75;-243.561,52
1.7.1.3.50.3.1.10.00.00;Portaria 33/97 - Incentivo Ações de Vigilância Sanitária;6.257,74;6.257,74;6.257,74;6.257,74;6.257,74;6.257,74;6.257,74;6.257,74;6.257,74;6.257,74;6.257,74;6.257,80;75.092,94;0,00;0,00;20.862,00;6.954,00;6.954,00;6.954,00;0,00;13.908,00;6.954,00;6.954,00;6.954,00;41.716,00;118.210,00;-6.257,74;-6.257,74;14.604,26;696,26;696,26;696,26;-6.257,74;7.650,26;696,26;696,26;696,26;35.458,20;43.117,06
1.7.1.3.50.3.1.10.00.00;Portaria 33/97 - Incentivo Ações de Vigilância Sanitária;6.257,74;6.257,74;6.257,74;6.257,74;6.257,74;6.257,74;6.257,74;6.257,74;6.257,74;6.257,74;6.257,74;6.257,80;75.092,94;0,00;0,00;20.862,00;6.954,00;6.954,00;6.954,00;0,00;13.908,00;6.954,00;6.954,00;6.954,00;41.716,00;118.210,00;-6.257,74;-6.257,74;14.604,26;696,26;696,26;696,26;-6.257,74;7.650,26;696,26;696,26;696,26;35.458,20;43.117,06
1.7.1.3.50.3.1.11.00.00;Fonte 1604 - Portaria 1971/160 - Incentivo ACE;162.612,66;162.612,66;162.612,66;162.612,66;162.612,66;162.612,66;162.612,66;162.612,66;162.612,66;162.612,66;162.612,66;162.612,74;1.951.352,00;0,00;0,00;0,00;111.972,00;113.520,00;113.520,00;0,00;0,00;113.520,00;113.520,00;113.520,00;119.196,00;798.768,00;-162.612,66;-162.612,66;-162.612,66;-50.640,66;-49.092,66;-49.092,66;-162.612,66;-162.612,66;-49.092,66;-49.092,66;-49.092,66;-43.416,74;-1.152.584,00
1.7.1.3.50.3.1.11.00.00;Fonte 1604 - Portaria 1971/160 - Incentivo ACE;162.612,66;162.612,66;162.612,66;162.612,66;162.612,66;162.612,66;162.612,66;162.612,66;162.612,66;162.612,66;162.612,66;162.612,74;1.951.352,00;0,00;0,00;0,00;111.972,00;113.520,00;113.520,00;0,00;0,00;113.520,00;113.520,00;113.520,00;119.196,00;798.768,00;-162.612,66;-162.612,66;-162.612,66;-50.640,66;-49.092,66;-49.092,66;-162.612,66;-162.612,66;-49.092,66;-49.092,66;-49.092,66;-43.416,74;-1.152.584,00
1.7.1.3.50.4.1.01.00.00;Portaria 6/190 - Farmácia Básica;72.477,93;72.477,93;72.477,93;72.477,93;72.477,93;72.477,93;72.477,93;72.477,93;72.477,93;72.477,93;72.477,93;72.478,02;869.735,25;67.512,23;0,00;67.512,23;67.512,23;67.512,23;67.512,23;67.512,23;67.512,23;67.512,23;67.512,23;67.512,23;67.512,23;742.634,53;-4.965,70;-72.477,93;-4.965,70;-4.965,70;-4.965,70;-4.965,70;-4.965,70;-4.965,70;-4.965,70;-4.965,70;-4.965,70;-4.965,79;-127.100,72
1.7.1.3.50.4.1.01.00.00;Portaria 6/190 - Farmácia Básica;72.477,93;72.477,93;72.477,93;72.477,93;72.477,93;72.477,93;72.477,93;72.477,93;72.477,93;72.477,93;72.477,93;72.478,02;869.735,25;67.512,23;0,00;67.512,23;67.512,23;67.512,23;67.512,23;67.512,23;67.512,23;67.512,23;67.512,23;67.512,23;67.512,23;742.634,53;-4.965,70;-72.477,93;-4.965,70;-4.965,70;-4.965,70;-4.965,70;-4.965,70;-4.965,70;-4.965,70;-4.965,70;-4.965,70;-4.965,79;-127.100,72
1.7.1.3.50.5.1.02.00.00;Portaria 1723/411 - Implementação da Segurança Alimentar e Nutricional;2.400,00;2.400,00;2.400,00;2.400,00;2.400,00;2.400,00;2.400,00;2.400,00;2.400,00;2.400,00;2.400,00;2.400,00;28.800,00;0,00;0,00;0,00;0,00;0,00;0,00;0,00;0,00;0,00;0,00;0,00;18.400,00;18.400,00;-2.400,00;-2.400,00;-2.400,00;-2.400,00;-2.400,00;-2.400,00;-2.400,00;-2.400,00;-2.400,00;-2.400,00;-2.400,00;16.000,00;-10.400,00
1.7.1.3.50.5.1.02.00.00;Portaria 1723/411 - Implementação da Segurança Alimentar e Nutricional;2.400,00;2.400,00;2.400,00;2.400,00;2.400,00;2.400,00;2.400,00;2.400,00;2.400,00;2.400,00;2.400,00;2.400,00;28.800,00;0,00;0,00;0,00;0,00;0,00;0,00;0,00;0,00;0,00;0,00;0,00;18.400,00;18.400,00;-2.400,00;-2.400,00;-2.400,00;-2.400,00;-2.400,00;-2.400,00;-2.400,00;-2.400,00;-2.400,00;-2.400,00;-2.400,00;16.000,00;-10.400,00
1.7.1.3.50.5.1.04.00.00;Portaria 3113/1355/1135 - Piso Salarial da Enfermagem;0,00;0,00;0,00;0,00;0,00;0,00;0,00;0,00;0,00;0,00;0,00;0,00;0,00;0,00;0,00;0,00;0,00;0,00;0,00;0,00;0,00;0,00;0,00;0,00;11.324.669,77;11.324.669,77;0,00;0,00;0,00;0,00;0,00;0,00;0,00;0,00;0,00;0,00;0,00;11.324.669,77;11.324.669,77
1.7.1.3.99.0.1.12.00.00;Portaria 1157/589/4066 - INCREMENTO TEMPORARIO CUSTEIO MAC;0,00;0,00;0,00;0,00;0,00;0,00;0,00;0,00;0,00;0,00;0,00;0,00;0,00;0,00;0,00;0,00;0,00;0,00;2.300.000,00;150.000,00;0,00;0,00;1.247.500,00;100.000,00;-3.797.500,00;0,00;0,00;0,00;0,00;0,00;0,00;2.300.000,00;150.000,00;0,00;0,00;1.247.500,00;100.000,00;-3.797.500,00;0,00
1.7.1.3.99.0.1.13.00.00;Portaria 583 - Atenção Primaria - Incremento Temporario Serviços APS;0,00;0,00;0,00;0,00;0,00;0,00;0,00;0,00;0,00;0,00;0,00;0,00;0,00;0,00;0,00;0,00;0,00;0,00;200.000,00;0,00;0,00;0,00;0,00;0,00;-200.000,00;0,00;0,00;0,00;0,00;0,00;0,00;200.000,00;0,00;0,00;0,00;0,00;0,00;-200.000,00;0,00
1.7.1.3.99.0.1.14.00.00;Portaria 3113/1355/1135 - Piso Salarial da Enfermagem;0,00;0,00;0,00;0,00;0,00;0,00;0,00;0,00;0,00;0,00;0,00;0,00;0,00;0,00;0,00;0,00;0,00;0,00;0,00;0,00;3.794.360,00;0,00;2.436.368,95;1.265.480,88;-7.496.209,83;0,00;0,00;0,00;0,00;0,00;0,00;0,00;0,00;3.794.360,00;0,00;2.436.368,95;1.265.480,88;-7.496.209,83;0,00
1.7.1.3.99.0.1.15.00.00;Portaria 4072/1157/1023 - Emenda Individual - Incremento ao Custeio;0,00;0,00;0,00;0,00;0,00;0,00;0,00;0,00;0,00;0,00;0,00;0,00;0,00;0,00;0,00;0,00;0,00;0,00;0,00;0,00;0,00;201.414,00;0,00;143.253,00;-143.253,00;201.414,00;0,00;0,00;0,00;0,00;0,00;0,00;0,00;0,00;201.414,00;0,00;143.253,00;-143.253,00;201.414,00
1.7.1.4.50.0.1.00.00.00;Transferências do Salário-Educação;215.218,60;215.218,60;215.218,60;215.218,60;215.218,60;215.218,60;215.218,60;215.218,60;215.218,60;215.218,60;215.218,60;215.218,71;2.582.623,31;349.754,15;217.560,76;220.526,63;208.879,42;196.884,48;221.896,52;240.614,57;221.153,94;219.528,88;224.644,11;225.946,50;221.235,48;2.768.625,44;134.535,55;2.342,16;5.308,03;-6.339,18;-18.334,12;6.677,92;25.395,97;5.935,34;4.310,28;9.425,51;10.727,90;6.016,77;186.002,13
1.7.1.4.50.0.1.00.00.00;Transferências do Salário-Educação;215.218,60;215.218,60;215.218,60;215.218,60;215.218,60;215.218,60;215.218,60;215.218,60;215.218,60;215.218,60;215.218,60;215.218,71;2.582.623,31;349.754,15;217.560,76;220.526,63;208.879,42;196.884,48;221.896,52;240.614,57;221.153,94;219.528,88;224.644,11;225.946,50;221.235,48;2.768.625,44;134.535,55;2.342,16;5.308,03;-6.339,18;-18.334,12;6.677,92;25.395,97;5.935,34;4.310,28;9.425,51;10.727,90;6.016,77;186.002,13
1.7.1.4.51.0.1.01.00.00;Transf.Diretas FNDE Programa Dinheiro Direto na Escola - PDDE;4.269,01;4.269,01;4.269,01;4.269,01;4.269,01;4.269,01;4.269,01;4.269,01;4.269,01;4.269,01;4.269,01;4.269,08;51.228,19;0,00;0,00;0,00;0,00;0,00;0,00;0,00;0,00;0,00;0,00;0,00;0,00;0,00;-4.269,01;-4.269,01;-4.269,01;-4.269,01;-4.269,01;-4.269,01;-4.269,01;-4.269,01;-4.269,01;-4.269,01;-4.269,01;-4.269,08;-51.228,19
1.7.1.4.51.0.1.01.00.00;Transf.Diretas FNDE Programa Dinheiro Direto na Escola - PDDE;4.269,01;4.269,01;4.269,01;4.269,01;4.269,01;4.269,01;4.269,01;4.269,01;4.269,01;4.269,01;4.269,01;4.269,08;51.228,19;0,00;0,00;0,00;0,00;0,00;0,00;0,00;0,00;0,00;0,00;0,00;0,00;0,00;-4.269,01;-4.269,01;-4.269,01;-4.269,01;-4.269,01;-4.269,01;-4.269,01;-4.269,01;-4.269,01;-4.269,01;-4.269,01;-4.269,08;-51.228,19
1.7.1.4.52.0.1.00.00.00;Transferências Programa Nacional de Alimentação Escolar - PNAE;69.479,77;69.479,77;69.479,77;69.479,77;69.479,77;69.479,77;69.479,77;69.479,77;69.479,77;69.479,77;69.479,77;69.479,84;833.757,31;0,00;78.657,60;105.808,20;105.808,20;105.808,20;105.808,20;105.885,00;105.808,20;105.808,20;105.808,20;105.808,20;0,00;1.031.008,20;-69.479,77;9.177,83;36.328,43;36.328,43;36.328,43;36.328,43;36.405,23;36.328,43;36.328,43;36.328,43;36.328,43;-69.479,84;197.250,89
1.7.1.4.53.0.1.00.00.00;Transferências Programa Nacional de Apoio ao Transporte do Escolar - PNATE;15.661,51;15.661,51;15.661,51;15.661,51;15.661,51;15.661,51;15.661,51;15.661,51;15.661,51;15.661,51;15.661,51;15.661,59;187.938,20;0,00;0,00;152,68;86,52;68.448,62;0,00;17.165,08;34.330,16;34.981,49;19.395,57;19.395,57;24.220,26;218.175,95;-15.661,51;-15.661,51;-15.508,83;-15.574,99;52.787,11;-15.661,51;1.503,57;18.668,65;19.319,98;3.734,06;3.734,06;8.558,67;30.237,75
1.7.1.4.53.0.1.00.00.00;Transferências Programa Nacional de Apoio ao Transporte do Escolar - PNATE;15.661,51;15.661,51;15.661,51;15.661,51;15.661,51;15.661,51;15.661,51;15.661,51;15.661,51;15.661,51;15.661,51;15.661,59;187.938,20;0,00;0,00;152,68;86,52;68.448,62;0,00;17.165,08;34.330,16;34.981,49;19.395,57;19.395,57;24.220,26;218.175,95;-15.661,51;-15.661,51;-15.508,83;-15.574,99;52.787,11;-15.661,51;1.503,57;18.668,65;19.319,98;3.734,06;3.734,06;8.558,67;30.237,75
1.7.1.4.99.0.0.00.00.00;Outras Transf.Diretas Fundo Nacional do Desenvolvimento da Educação - FNDE;4.057,04;4.057,04;4.057,04;4.057,04;4.057,04;4.057,04;4.057,04;4.057,04;4.057,04;4.057,04;4.057,04;4.057,11;48.684,55;0,00;0,00;0,00;0,00;0,00;0,00;0,00;0,00;0,00;0,00;0,00;18.499,79;18.499,79;-4.057,04;-4.057,04;-4.057,04;-4.057,04;-4.057,04;-4.057,04;-4.057,04;-4.057,04;-4.057,04;-4.057,04;-4.057,04;14.442,68;-30.184,76
1.7.1.4.99.0.0.00.00.00;Outras Transf.Diretas Fundo Nacional do Desenvolvimento da Educação - FNDE;4.057,04;4.057,04;4.057,04;4.057,04;4.057,04;4.057,04;4.057,04;4.057,04;4.057,04;4.057,04;4.057,04;4.057,11;48.684,55;0,00;0,00;0,00;0,00;0,00;0,00;0,00;0,00;0,00;0,00;0,00;18.499,79;18.499,79;-4.057,04;-4.057,04;-4.057,04;-4.057,04;-4.057,04;-4.057,04;-4.057,04;-4.057,04;-4.057,04;-4.057,04;-4.057,04;14.442,68;-30.184,76
1.7.1.4.99.0.2.00.00.00;Outras Transferências FNDE - Escolas Tempo Integral;0,00;0,00;0,00;0,00;0,00;0,00;0,00;0,00;0,00;0,00;0,00;0,00;0,00;0,00;0,00;0,00;0,00;0,00;0,00;0,00;0,00;0,00;0,00;0,00;490.222,43;490.222,43;0,00;0,00;0,00;0,00;0,00;0,00;0,00;0,00;0,00;0,00;0,00;490.222,43;490.222,43
1.7.1.6.50.0.1.01.00.00;IGD-M-Programa Bolsa Familia;9.949,45;9.949,45;9.949,45;9.949,45;9.949,45;9.949,45;9.949,45;9.949,45;9.949,45;9.949,45;9.949,45;9.949,53;119.393,48;0,00;12.257,38;12.963,54;0,00;40.166,59;13.420,47;38.565,14;20.887,17;20.986,70;22.063,68;22.534,48;22.386,15;226.231,30;-9.949,45;2.307,93;3.014,09;-9.949,45;30.217,14;3.471,02;28.615,69;10.937,72;11.037,25;12.114,23;12.585,03;12.436,62;106.837,82
1.7.1.6.50.0.1.01.00.00;IGD-M-Programa Bolsa Familia;9.949,45;9.949,45;9.949,45;9.949,45;9.949,45;9.949,45;9.949,45;9.949,45;9.949,45;9.949,45;9.949,45;9.949,53;119.393,48;0,00;12.257,38;12.963,54;0,00;40.166,59;13.420,47;38.565,14;20.887,17;20.986,70;22.063,68;22.534,48;22.386,15;226.231,30;-9.949,45;2.307,93;3.014,09;-9.949,45;30.217,14;3.471,02;28.615,69;10.937,72;11.037,25;12.114,23;12.585,03;12.436,62;106.837,82
1.7.1.6.50.0.1.02.00.00;IGD-M - Sistema ùnico Assistencia Social;33.288,19;33.288,19;33.288,19;33.288,19;33.288,19;33.288,19;33.288,19;33.288,19;33.288,19;33.288,19;33.288,19;33.288,25;399.458,34;0,00;0,00;0,00;0,00;0,00;0,00;0,00;0,00;0,00;0,00;0,00;0,00;0,00;-33.288,19;-33.288,19;-33.288,19;-33.288,19;-33.288,19;-33.288,19;-33.288,19;-33.288,19;-33.288,19;-33.288,19;-33.288,19;-33.288,25;-399.458,34
1.7.1.6.50.0.1.02.00.00;IGD-M - Sistema ùnico Assistencia Social;33.288,19;33.288,19;33.288,19;33.288,19;33.288,19;33.288,19;33.288,19;33.288,19;33.288,19;33.288,19;33.288,19;33.288,25;399.458,34;0,00;0,00;0,00;0,00;0,00;0,00;0,00;0,00;0,00;0,00;0,00;0,00;0,00;-33.288,19;-33.288,19;-33.288,19;-33.288,19;-33.288,19;-33.288,19;-33.288,19;-33.288,19;-33.288,19;-33.288,19;-33.288,19;-33.288,25;-399.458,34
1.7.1.6.50.0.1.03.00.00;FNAS-Piso Básico Fixo-PAIF;30.724,12;30.724,12;30.724,12;30.724,12;30.724,12;30.724,12;30.724,12;30.724,12;30.724,12;30.724,12;30.724,12;30.724,22;368.689,54;0,00;21.685,61;21.744,82;21.876,81;21.605,92;16.791,94;16.784,86;18.979,08;18.972,53;18.983,56;0,00;57.604,22;235.029,35;-30.724,12;-9.038,51;-8.979,30;-8.847,31;-9.118,20;-13.932,18;-13.939,26;-11.745,04;-11.751,59;-11.740,56;-30.724,12;26.880,00;-133.660,19
1.7.1.6.50.0.1.04.00.00;FNAS-Piso Básico Variável-SCFV;15.889,41;15.889,41;15.889,41;15.889,41;15.889,41;15.889,41;15.889,41;15.889,41;15.889,41;15.889,41;15.889,41;15.889,43;190.672,94;0,00;37.108,53;25.345,05;25.345,05;25.702,04;25.702,04;25.702,04;25.305,44;25.305,44;25.305,44;0,00;75.648,36;316.469,43;-15.889,41;21.219,12;9.455,64;9.455,64;9.812,63;9.812,63;9.812,63;9.416,03;9.416,03;9.416,03;-15.889,41;59.758,93;125.796,49
1.7.1.6.50.0.1.04.00.00;FNAS-Piso Básico Variável-SCFV;15.889,41;15.889,41;15.889,41;15.889,41;15.889,41;15.889,41;15.889,41;15.889,41;15.889,41;15.889,41;15.889,41;15.889,43;190.672,94;0,00;37.108,53;25.345,05;25.345,05;25.702,04;25.702,04;25.702,04;25.305,44;25.305,44;25.305,44;0,00;75.648,36;316.469,43;-15.889,41;21.219,12;9.455,64;9.455,64;9.812,63;9.812,63;9.812,63;9.416,03;9.416,03;9.416,03;-15.889,41;59.758,93;125.796,49
1.7.1.6.50.0.1.05.00.00;Piso Fixo Média Complexidade-PAEFI;4.456,41;4.456,41;4.456,41;4.456,41;4.456,41;4.456,41;4.456,41;4.456,41;4.456,41;4.456,41;4.456,41;4.456,52;53.477,03;0,00;9.306,74;9.320,28;9.350,45;9.272,54;8.171,07;8.169,03;8.145,19;8.143,69;8.146,21;0,00;24.546,78;102.571,98;-4.456,41;4.850,33;4.863,87;4.894,04;4.816,13;3.714,66;3.712,62;3.688,78;3.687,28;3.689,80;-4.456,41;20.090,26;49.094,95
1.7.1.6.50.0.1.05.00.00;Piso Fixo Média Complexidade-PAEFI;4.456,41;4.456,41;4.456,41;4.456,41;4.456,41;4.456,41;4.456,41;4.456,41;4.456,41;4.456,41;4.456,41;4.456,52;53.477,03;0,00;9.306,74;9.320,28;9.350,45;9.272,54;8.171,07;8.169,03;8.145,19;8.143,69;8.146,21;0,00;24.546,78;102.571,98;-4.456,41;4.850,33;4.863,87;4.894,04;4.816,13;3.714,66;3.712,62;3.688,78;3.687,28;3.689,80;-4.456,41;20.090,26;49.094,95
1.7.1.6.50.0.1.06.00.00;Piso Fixo Média Complexidade-MSE;1.903,71;1.903,71;1.903,71;1.903,71;1.903,71;1.903,71;1.903,71;1.903,71;1.903,71;1.903,71;1.903,71;1.903,73;22.844,54;0,00;3.975,69;3.981,48;3.994,37;3.961,08;3.490,55;3.489,68;3.479,50;3.478,86;3.479,94;0,00;10.486,01;43.817,16;-1.903,71;2.071,98;2.077,77;2.090,66;2.057,37;1.586,84;1.585,97;1.575,79;1.575,15;1.576,23;-1.903,71;8.582,28;20.972,62
1.7.1.6.50.0.1.06.00.00;Piso Fixo Média Complexidade-MSE;1.903,71;1.903,71;1.903,71;1.903,71;1.903,71;1.903,71;1.903,71;1.903,71;1.903,71;1.903,71;1.903,71;1.903,73;22.844,54;0,00;3.975,69;3.981,48;3.994,37;3.961,08;3.490,55;3.489,68;3.479,50;3.478,86;3.479,94;0,00;10.486,01;43.817,16;-1.903,71;2.071,98;2.077,77;2.090,66;2.057,37;1.586,84;1.585,97;1.575,79;1.575,15;1.576,23;-1.903,71;8.582,28;20.972,62
1.7.1.6.50.0.1.07.00.00;Piso Fixo Média Complexidade-Abordagem Social;2.163,30;2.163,30;2.163,30;2.163,30;2.163,30;2.163,30;2.163,30;2.163,30;2.163,30;2.163,30;2.163,30;2.163,41;25.959,71;0,00;4.517,83;4.524,41;4.539,05;4.501,23;3.966,54;3.965,55;3.953,97;3.953,25;3.954,47;0,00;11.915,91;49.792,21;-2.163,30;2.354,53;2.361,11;2.375,75;2.337,93;1.803,24;1.802,25;1.790,67;1.789,95;1.791,17;-2.163,30;9.752,50;23.832,50
1.7.1.6.50.0.1.07.00.00;Piso Fixo Média Complexidade-Abordagem Social;2.163,30;2.163,30;2.163,30;2.163,30;2.163,30;2.163,30;2.163,30;2.163,30;2.163,30;2.163,30;2.163,30;2.163,41;25.959,71;0,00;4.517,83;4.524,41;4.539,05;4.501,23;3.966,54;3.965,55;3.953,97;3.953,25;3.954,47;0,00;11.915,91;49.792,21;-2.163,30;2.354,53;2.361,11;2.375,75;2.337,93;1.803,24;1.802,25;1.790,67;1.789,95;1.791,17;-2.163,30;9.752,50;23.832,50
1.7.1.6.50.0.1.08.00.00;Piso Transição Média e Alta Complexidade-PTMC;8.654,79;8.654,79;8.654,79;8.654,79;8.654,79;8.654,79;8.654,79;8.654,79;8.654,79;8.654,79;8.654,79;8.654,90;103.857,59;0,00;18.074,59;18.100,89;18.159,48;18.008,17;15.869,01;15.865,05;15.818,75;15.815,84;15.820,74;0,00;47.672,23;199.204,75;-8.654,79;9.419,80;9.446,10;9.504,69;9.353,38;7.214,22;7.210,26;7.163,96;7.161,05;7.165,95;-8.654,79;39.017,33;95.347,16
1.7.1.6.50.0.1.08.00.00;Piso Transição Média e Alta Complexidade-PTMC;8.654,79;8.654,79;8.654,79;8.654,79;8.654,79;8.654,79;8.654,79;8.654,79;8.654,79;8.654,79;8.654,79;8.654,90;103.857,59;0,00;18.074,59;18.100,89;18.159,48;18.008,17;15.869,01;15.865,05;15.818,75;15.815,84;15.820,74;0,00;47.672,23;199.204,75;-8.654,79;9.419,80;9.446,10;9.504,69;9.353,38;7.214,22;7.210,26;7.163,96;7.161,05;7.165,95;-8.654,79;39.017,33;95.347,16
1.7.1.6.50.0.1.09.00.00;Serviço Acolhimento a Outros Públicos;2.889,17;2.889,17;2.889,17;2.889,17;2.889,17;2.889,17;2.889,17;2.889,17;2.889,17;2.889,17;2.889,17;2.889,28;34.670,15;0,00;0,00;0,00;0,00;0,00;0,00;0,00;0,00;0,00;0,00;0,00;0,00;0,00;-2.889,17;-2.889,17;-2.889,17;-2.889,17;-2.889,17;-2.889,17;-2.889,17;-2.889,17;-2.889,17;-2.889,17;-2.889,17;-2.889,28;-34.670,15
1.7.1.6.50.0.1.09.00.00;Serviço Acolhimento a Outros Públicos;2.889,17;2.889,17;2.889,17;2.889,17;2.889,17;2.889,17;2.889,17;2.889,17;2.889,17;2.889,17;2.889,17;2.889,28;34.670,15;0,00;0,00;0,00;0,00;0,00;0,00;0,00;0,00;0,00;0,00;0,00;0,00;0,00;-2.889,17;-2.889,17;-2.889,17;-2.889,17;-2.889,17;-2.889,17;-2.889,17;-2.889,17;-2.889,17;-2.889,17;-2.889,17;-2.889,28;-34.670,15
1.7.1.6.50.0.1.10.00.00;Serviço de Acolhimento a Adultos e Famílias;2.812,30;2.812,30;2.812,30;2.812,30;2.812,30;2.812,30;2.812,30;2.812,30;2.812,30;2.812,30;2.812,30;2.812,34;33.747,64;0,00;5.873,18;5.881,73;5.900,77;5.851,60;5.156,50;5.155,21;5.140,17;5.139,22;5.140,81;0,00;15.490,68;64.729,87;-2.812,30;3.060,88;3.069,43;3.088,47;3.039,30;2.344,20;2.342,91;2.327,87;2.326,92;2.328,51;-2.812,30;12.678,34;30.982,23
1.7.1.6.50.0.1.11.00.00;Serviço de Acolhimento a Crianças e Adolescentes;5.520,96;5.520,96;5.520,96;5.520,96;5.520,96;5.520,96;5.520,96;5.520,96;5.520,96;5.520,96;5.520,96;5.521,03;66.251,59;0,00;13.553,50;0,00;13.617,16;13.503,70;11.899,61;11.896,64;11.861,92;11.859,74;11.863,42;0,00;35.747,74;135.803,43;-5.520,96;8.032,54;-5.520,96;8.096,20;7.982,74;6.378,65;6.375,68;6.340,96;6.338,78;6.342,46;-5.520,96;30.226,71;69.551,84
1.7.1.6.50.0.1.11.00.00;Serviço de Acolhimento a Crianças e Adolescentes;5.520,96;5.520,96;5.520,96;5.520,96;5.520,96;5.520,96;5.520,96;5.520,96;5.520,96;5.520,96;5.520,96;5.521,03;66.251,59;0,00;13.553,50;0,00;13.617,16;13.503,70;11.899,61;11.896,64;11.861,92;11.859,74;11.863,42;0,00;35.747,74;135.803,43;-5.520,96;8.032,54;-5.520,96;8.096,20;7.982,74;6.378,65;6.375,68;6.340,96;6.338,78;6.342,46;-5.520,96;30.226,71;69.551,84
1.7.1.6.50.0.1.12.00.00;BPC na Escola;337,78;337,78;337,78;337,78;337,78;337,78;337,78;337,78;337,78;337,78;337,78;337,89;4.053,47;0,00;0,00;0,00;0,00;0,00;0,00;0,00;0,00;0,00;0,00;0,00;0,00;0,00;-337,78;-337,78;-337,78;-337,78;-337,78;-337,78;-337,78;-337,78;-337,78;-337,78;-337,78;-337,89;-4.053,47
1.7.1.6.50.0.1.12.00.00;BPC na Escola;337,78;337,78;337,78;337,78;337,78;337,78;337,78;337,78;337,78;337,78;337,78;337,89;4.053,47;0,00;0,00;0,00;0,00;0,00;0,00;0,00;0,00;0,00;0,00;0,00;0,00;0,00;-337,78;-337,78;-337,78;-337,78;-337,78;-337,78;-337,78;-337,78;-337,78;-337,78;-337,78;-337,89;-4.053,47
1.7.1.6.50.0.1.13.00.00;ACESSUAS Trabalho;1.050,00;1.050,00;1.050,00;1.050,00;1.050,00;1.050,00;1.050,00;1.050,00;1.050,00;1.050,00;1.050,00;1.050,00;12.600,00;0,00;0,00;0,00;0,00;0,00;0,00;0,00;0,00;0,00;0,00;0,00;0,00;0,00;-1.050,00;-1.050,00;-1.050,00;-1.050,00;-1.050,00;-1.050,00;-1.050,00;-1.050,00;-1.050,00;-1.050,00;-1.050,00;-1.050,00;-12.600,00
1.7.1.6.50.0.1.14.00.00;Programa Primeia Infância no SUAS/CRIANÇA FELIZ;12.600,00;12.600,00;12.600,00;12.600,00;12.600,00;12.600,00;12.600,00;12.600,00;12.600,00;12.600,00;12.600,00;12.600,00;151.200,00;0,00;0,00;13.389,00;0,00;0,00;0,00;0,00;0,00;0,00;0,00;0,00;0,00;13.389,00;-12.600,00;-12.600,00;789,00;-12.600,00;-12.600,00;-12.600,00;-12.600,00;-12.600,00;-12.600,00;-12.600,00;-12.600,00;-12.600,00;-137.811,00
1.7.1.6.50.0.1.15.00.00;APREDCNEAS;1.050,00;1.050,00;1.050,00;1.050,00;1.050,00;1.050,00;1.050,00;1.050,00;1.050,00;1.050,00;1.050,00;1.050,00;12.600,00;0,00;0,00;0,00;0,00;0,00;0,00;0,00;0,00;0,00;0,00;0,00;0,00;0,00;-1.050,00;-1.050,00;-1.050,00;-1.050,00;-1.050,00;-1.050,00;-1.050,00;-1.050,00;-1.050,00;-1.050,00;-1.050,00;-1.050,00;-12.600,00
1.7.1.6.50.0.1.18.00.00;Piso Média e Alta Complexidade I-MAC;4.862,92;4.862,92;4.862,92;4.862,92;4.862,92;4.862,92;4.862,92;4.862,92;4.862,92;4.862,92;4.862,92;4.862,93;58.355,05;0,00;8.132,10;21.717,15;8.170,29;8.102,22;7.139,77;7.137,99;7.117,15;7.115,85;7.118,05;0,00;21.448,64;103.199,21;-4.862,92;3.269,18;16.854,23;3.307,37;3.239,30;2.276,85;2.275,07;2.254,23;2.252,93;2.255,13;-4.862,92;16.585,71;44.844,16
1.7.1.7.54.0.1.01.00.00;Transf.Convênios União Destinadas Prog.Saneam.Básico;8.935,79;8.935,79;8.935,79;8.935,79;8.935,79;8.935,79;8.935,79;8.935,79;8.935,79;8.935,79;8.935,79;8.935,80;107.229,49;0,00;0,00;0,00;0,00;0,00;0,00;180.622,74;357.161,06;0,00;0,00;0,00;0,00;537.783,80;-8.935,79;-8.935,79;-8.935,79;-8.935,79;-8.935,79;-8.935,79;171.686,95;348.225,27;-8.935,79;-8.935,79;-8.935,79;-8.935,80;430.554,31
1.7.1.7.54.0.1.01.00.00;Transf.Convênios União Destinadas Prog.Saneam.Básico;8.935,79;8.935,79;8.935,79;8.935,79;8.935,79;8.935,79;8.935,79;8.935,79;8.935,79;8.935,79;8.935,79;8.935,80;107.229,49;0,00;0,00;0,00;0,00;0,00;0,00;180.622,74;357.161,06;0,00;0,00;0,00;0,00;537.783,80;-8.935,79;-8.935,79;-8.935,79;-8.935,79;-8.935,79;-8.935,79;171.686,95;348.225,27;-8.935,79;-8.935,79;-8.935,79;-8.935,80;430.554,31
1.7.1.7.99.0.1.01.00.00;Transferências de Convênio - ECT;9.761,26;9.761,26;9.761,26;9.761,26;9.761,26;9.761,26;9.761,26;9.761,26;9.761,26;9.761,26;9.761,26;9.761,28;117.135,14;0,00;0,00;0,00;0,00;0,00;0,00;0,00;0,00;0,00;0,00;0,00;0,00;0,00;-9.761,26;-9.761,26;-9.761,26;-9.761,26;-9.761,26;-9.761,26;-9.761,26;-9.761,26;-9.761,26;-9.761,26;-9.761,26;-9.761,28;-117.135,14
1.7.1.9.58.0.1.00.00.00;Transf.Obrigatória Decorrente da Lei Complementar n° 176/2020;39.479,83;39.479,83;39.479,83;39.479,83;39.479,83;39.479,83;39.479,83;39.479,83;39.479,83;39.479,83;39.479,83;39.479,91;473.758,04;35.603,12;35.603,12;35.603,12;35.603,12;35.603,12;35.603,12;35.603,12;35.603,12;35.722,91;35.722,91;35.722,91;35.594,90;427.588,59;-3.876,71;-3.876,71;-3.876,71;-3.876,71;-3.876,71;-3.876,71;-3.876,71;-3.876,71;-3.756,92;-3.756,92;-3.756,92;-3.885,01;-46.169,45
1.7.1.9.58.0.1.00.00.00;Transf.Obrigatória Decorrente da Lei Complementar n° 176/2020;39.479,83;39.479,83;39.479,83;39.479,83;39.479,83;39.479,83;39.479,83;39.479,83;39.479,83;39.479,83;39.479,83;39.479,91;473.758,04;35.603,12;35.603,12;35.603,12;35.603,12;35.603,12;35.603,12;35.603,12;35.603,12;35.722,91;35.722,91;35.722,91;35.594,90;427.588,59;-3.876,71;-3.876,71;-3.876,71;-3.876,71;-3.876,71;-3.876,71;-3.876,71;-3.876,71;-3.756,92;-3.756,92;-3.756,92;-3.885,01;-46.169,45
1.7.1.9.60.0.1.01.00.00;Lei Aldir Blanc nº 14399/2022-Ações Gerais;0,00;0,00;0,00;0,00;0,00;0,00;0,00;0,00;0,00;0,00;0,00;0,00;0,00;0,00;0,00;0,00;0,00;0,00;0,00;0,00;0,00;0,00;0,00;0,00;670.228,35;670.228,35;0,00;0,00;0,00;0,00;0,00;0,00;0,00;0,00;0,00;0,00;0,00;670.228,35;670.228,35
1.7.1.9.60.0.1.02.00.00;Lei Aldir Blanc nº 14399/2022-Política Nac.Cultura Viva;0,00;0,00;0,00;0,00;0,00;0,00;0,00;0,00;0,00;0,00;0,00;0,00;0,00;0,00;0,00;0,00;0,00;0,00;0,00;0,00;0,00;0,00;0,00;0,00;223.409,45;223.409,45;0,00;0,00;0,00;0,00;0,00;0,00;0,00;0,00;0,00;0,00;0,00;223.409,45;223.409,45
1.7.1.9.99.0.1.02.00.00;Emenda 202329940001-SIGTV-Estrutura Rede Serviços SUAS;0,00;0,00;0,00;0,00;0,00;0,00;0,00;0,00;0,00;0,00;0,00;0,00;0,00;0,00;0,00;0,00;0,00;0,00;0,00;150.000,00;0,00;0,00;0,00;0,00;0,00;150.000,00;0,00;0,00;0,00;0,00;0,00;0,00;150.000,00;0,00;0,00;0,00;0,00;0,00;150.000,00
1.7.1.9.99.0.1.03.00.00;Emenda 202339600007-SIGTV-Estrutura Rede Serviços SUAS;0,00;0,00;0,00;0,00;0,00;0,00;0,00;0,00;0,00;0,00;0,00;0,00;0,00;0,00;0,00;0,00;0,00;0,00;0,00;100.000,00;0,00;0,00;0,00;0,00;0,00;100.000,00;0,00;0,00;0,00;0,00;0,00;0,00;100.000,00;0,00;0,00;0,00;0,00;0,00;100.000,00
1.7.1.9.99.0.1.06.00.00;Lei Complementar Paulo Gustavo-nº195/2022–Demais Setores;0,00;0,00;0,00;0,00;0,00;0,00;0,00;0,00;0,00;0,00;0,00;0,00;0,00;0,00;0,00;0,00;0,00;0,00;0,00;0,00;332.747,09;0,00;0,00;0,00;0,00;332.747,09;0,00;0,00;0,00;0,00;0,00;0,00;0,00;332.747,09;0,00;0,00;0,00;0,00;332.747,09
1.7.1.9.99.0.1.07.00.00;Recomposição do FPM- LC 201/2023 Port..Norm. MF nº 1357, de 2023.;0,00;0,00;0,00;0,00;0,00;0,00;0,00;0,00;0,00;0,00;0,00;0,00;0,00;0,00;0,00;0,00;0,00;0,00;0,00;0,00;0,00;0,00;0,00;2.145.385,04;0,00;2.145.385,04;0,00;0,00;0,00;0,00;0,00;0,00;0,00;0,00;0,00;0,00;2.145.385,04;0,00;2.145.385,04
1.7.2.1.50.0.1.00.00.00;Cota-Parte do ICMS;3.526.628,37;3.235.694,48;3.804.913,41;3.459.000,48;3.170.893,67;3.772.974,43;3.219.214,48;4.650.039,93;3.447.850,68;3.981.030,00;4.317.730,85;3.348.395,07;43.934.365,85;3.742.963,91;2.603.498,13;3.009.378,31;3.471.170,81;3.807.624,64;3.193.995,10;3.226.635,86;4.129.352,57;3.503.872,83;4.054.823,98;3.297.635,05;3.938.310,08;41.979.261,27;216.335,54;-632.196,35;-795.535,10;12.170,33;636.730,97;-578.979,33;7.421,38;-520.687,36;56.022,15;73.793,98;-1.020.095,80;589.915,01;-1.955.104,58
1.7.2.1.51.0.1.00.00.00;Cota-Parte do IPVA;1.409.269,13;1.409.269,13;6.576.589,29;3.601.173,33;3.624.601,68;1.608.222,61;958.942,33;700.111,91;536.228,09;469.512,80;393.854,62;426.946,49;21.714.721,41;2.333.579,81;1.835.917,95;8.171.597,04;3.769.548,37;3.675.797,61;1.143.071,05;891.306,27;893.309,23;805.177,34;663.501,26;478.622,22;427.165,03;25.088.593,18;924.310,68;426.648,82;1.595.007,75;168.375,04;51.195,93;-465.151,56;-67.636,06;193.197,32;268.949,25;193.988,46;84.767,60;218,54;3.373.871,77
1.7.2.1.51.0.1.00.00.00;Cota-Parte do IPVA;1.409.269,13;1.409.269,13;6.576.589,29;3.601.173,33;3.624.601,68;1.608.222,61;958.942,33;700.111,91;536.228,09;469.512,80;393.854,62;426.946,49;21.714.721,41;2.333.579,81;1.835.917,95;8.171.597,04;3.769.548,37;3.675.797,61;1.143.071,05;891.306,27;893.309,23;805.177,34;663.501,26;478.622,22;427.165,03;25.088.593,18;924.310,68;426.648,82;1.595.007,75;168.375,04;51.195,93;-465.151,56;-67.636,06;193.197,32;268.949,25;193.988,46;84.767,60;218,54;3.373.871,77
1.7.2.1.52.0.1.00.00.00;Cota-Parte do IPI-Municípios;40.999,29;33.536,70;39.821,12;39.938,65;38.603,75;35.394,47;40.922,72;34.412,40;40.944,06;41.707,53;39.956,17;40.846,83;467.083,69;34.879,59;24.891,99;30.844,12;33.059,88;29.655,91;36.776,04;33.414,43;29.737,45;38.751,33;43.170,32;35.347,87;38.478,64;409.007,57;-6.119,70;-8.644,71;-8.977,00;-6.878,77;-8.947,84;1.381,57;-7.508,29;-4.674,95;-2.192,73;1.462,79;-4.608,30;-2.368,19;-58.076,12
1.7.2.1.52.0.1.00.00.00;Cota-Parte do IPI-Municípios;40.999,29;33.536,70;39.821,12;39.938,65;38.603,75;35.394,47;40.922,72;34.412,40;40.944,06;41.707,53;39.956,17;40.846,83;467.083,69;34.879,59;24.891,99;30.844,12;33.059,88;29.655,91;36.776,04;33.414,43;29.737,45;38.751,33;43.170,32;35.347,87;38.478,64;409.007,57;-6.119,70;-8.644,71;-8.977,00;-6.878,77;-8.947,84;1.381,57;-7.508,29;-4.674,95;-2.192,73;1.462,79;-4.608,30;-2.368,19;-58.076,12
1.7.2.1.53.0.1.00.00.00;Cota-Parte CIDE-Contrib.Intervenção no Domínio Econômico;21.665,49;21.665,49;21.665,49;21.665,49;21.665,49;21.665,49;21.665,49;21.665,49;21.665,49;21.665,49;21.665,49;21.665,50;259.985,89;617,02;0,00;0,00;0,00;0,00;0,00;0,00;0,00;0,00;18.400,69;0,00;0,00;19.017,71;-21.048,47;-21.665,49;-21.665,49;-21.665,49;-21.665,49;-21.665,49;-21.665,49;-21.665,49;-21.665,49;-3.264,80;-21.665,49;-21.665,50;-240.968,18
1.7.2.1.53.0.1.00.00.00;Cota-Parte CIDE-Contrib.Intervenção no Domínio Econômico;21.665,49;21.665,49;21.665,49;21.665,49;21.665,49;21.665,49;21.665,49;21.665,49;21.665,49;21.665,49;21.665,49;21.665,50;259.985,89;617,02;0,00;0,00;0,00;0,00;0,00;0,00;0,00;0,00;18.400,69;0,00;0,00;19.017,71;-21.048,47;-21.665,49;-21.665,49;-21.665,49;-21.665,49;-21.665,49;-21.665,49;-21.665,49;-21.665,49;-3.264,80;-21.665,49;-21.665,50;-240.968,18
1.7.2.2.52.0.1.00.00.00;Cota-parte Royalties-Comp.Financ.pela Produção de Petróleo;113.634,18;113.634,18;113.634,18;113.634,18;113.634,18;113.634,18;113.634,18;113.634,18;113.634,18;113.634,18;113.634,18;113.634,28;1.363.610,26;0,00;0,00;0,00;0,00;0,00;0,00;0,00;0,00;0,00;0,00;0,00;0,00;0,00;-113.634,18;-113.634,18;-113.634,18;-113.634,18;-113.634,18;-113.634,18;-113.634,18;-113.634,18;-113.634,18;-113.634,18;-113.634,18;-113.634,28;-1.363.610,26
1.7.2.3.50.0.1.02.00.00;Res. SES 8605/2023-6641/2019 - (PIPA) Programa de Intervenção Precoce Avançada;40.869,27;40.869,27;40.869,27;40.869,27;40.869,27;40.869,27;40.869,27;40.869,27;40.869,27;40.869,27;40.869,27;40.869,36;490.431,33;0,00;0,00;122.504,26;0,00;0,00;0,00;136.426,58;0,00;0,00;0,00;136.426,54;0,00;395.357,38;-40.869,27;-40.869,27;81.634,99;-40.869,27;-40.869,27;-40.869,27;95.557,31;-40.869,27;-40.869,27;-40.869,27;95.557,27;-40.869,36;-95.073,95
1.7.2.3.50.0.1.07.00.00;Res. SES 8007/2022 - Valora Minas;956.681,73;956.681,73;956.681,73;956.681,73;956.681,73;956.681,73;956.681,73;956.681,73;956.681,73;956.681,73;956.681,73;956.681,77;11.480.180,80;0,00;0,00;0,00;0,00;0,00;0,00;0,00;0,00;0,00;0,00;0,00;0,00;0,00;-956.681,73;-956.681,73;-956.681,73;-956.681,73;-956.681,73;-956.681,73;-956.681,73;-956.681,73;-956.681,73;-956.681,73;-956.681,73;-956.681,77;-11.480.180,80
1.7.2.3.50.0.1.08.00.00;Res. SES 8695/2023-7927/2021 - Acidente Vascular Cerebral  U-AVCE;5.465,23;5.465,23;5.465,23;5.465,23;5.465,23;5.465,23;5.465,23;5.465,23;5.465,23;5.465,23;5.465,23;5.465,27;65.582,80;0,00;0,00;0,00;0,00;0,00;0,00;0,00;0,00;0,00;0,00;0,00;22.850,39;22.850,39;-5.465,23;-5.465,23;-5.465,23;-5.465,23;-5.465,23;-5.465,23;-5.465,23;-5.465,23;-5.465,23;-5.465,23;-5.465,23;17.385,12;-42.732,41
1.7.2.3.50.0.1.09.00.00;Res. SES 9326/9076/8618-8005 - POEPS;10.999,08;10.999,08;10.999,08;10.999,08;10.999,08;10.999,08;10.999,08;10.999,08;10.999,08;10.999,08;10.999,08;10.999,19;131.989,07;0,00;0,00;0,00;48.912,70;0,00;0,00;63.113,16;0,00;0,00;0,00;217.732,35;0,00;329.758,21;-10.999,08;-10.999,08;-10.999,08;37.913,62;-10.999,08;-10.999,08;52.114,08;-10.999,08;-10.999,08;-10.999,08;206.733,27;-10.999,19;197.769,14
1.7.2.3.50.0.1.09.00.00;Res. SES 9326/9076/8618-8005 - POEPS;10.999,08;10.999,08;10.999,08;10.999,08;10.999,08;10.999,08;10.999,08;10.999,08;10.999,08;10.999,08;10.999,08;10.999,19;131.989,07;0,00;0,00;0,00;48.912,70;0,00;0,00;63.113,16;0,00;0,00;0,00;217.732,35;0,00;329.758,21;-10.999,08;-10.999,08;-10.999,08;37.913,62;-10.999,08;-10.999,08;52.114,08;-10.999,08;-10.999,08;-10.999,08;206.733,27;-10.999,19;197.769,14
1.7.2.3.50.0.1.10.00.00;Res. SES 7988/8611 - CBAF - Componente Básico da Assistência Farmacêutica;34.499,89;34.499,89;34.499,89;34.499,89;34.499,89;34.499,89;34.499,89;34.499,89;34.499,89;34.499,89;34.499,89;34.499,93;413.998,72;0,00;0,00;76.666,43;0,00;76.666,43;0,00;0,00;0,00;76.666,43;0,00;76.666,43;76.666,43;383.332,15;-34.499,89;-34.499,89;42.166,54;-34.499,89;42.166,54;-34.499,89;-34.499,89;-34.499,89;42.166,54;-34.499,89;42.166,54;42.166,50;-30.666,57
1.7.2.3.50.0.1.11.00.00;Res. SES 7153/2020 - Vigilância em Saúde;0,00;0,00;0,00;0,00;0,00;0,00;0,00;0,00;0,00;0,00;0,00;0,00;0,00;479.388,82;448.410,59;18.926,39;0,00;0,00;0,00;0,00;0,00;0,00;0,00;0,00;0,00;946.725,80;479.388,82;448.410,59;18.926,39;0,00;0,00;0,00;0,00;0,00;0,00;0,00;0,00;0,00;946.725,80
1.7.2.3.50.0.1.12.00.00;Res. SES 8021/2022 - PEFAPS - Atenção Básica;102.872,23;102.872,23;102.872,23;102.872,23;102.872,23;102.872,23;102.872,23;102.872,23;102.872,23;102.872,23;102.872,23;102.872,25;1.234.466,78;0,00;0,00;0,00;0,00;0,00;0,00;0,00;0,00;0,00;0,00;0,00;0,00;0,00;-102.872,23;-102.872,23;-102.872,23;-102.872,23;-102.872,23;-102.872,23;-102.872,23;-102.872,23;-102.872,23;-102.872,23;-102.872,23;-102.872,25;-1.234.466,78
1.7.2.3.50.0.1.12.00.00;Res. SES 8021/2022 - PEFAPS - Atenção Básica;102.872,23;102.872,23;102.872,23;102.872,23;102.872,23;102.872,23;102.872,23;102.872,23;102.872,23;102.872,23;102.872,23;102.872,25;1.234.466,78;0,00;0,00;0,00;0,00;0,00;0,00;0,00;0,00;0,00;0,00;0,00;0,00;0,00;-102.872,23;-102.872,23;-102.872,23;-102.872,23;-102.872,23;-102.872,23;-102.872,23;-102.872,23;-102.872,23;-102.872,23;-102.872,23;-102.872,25;-1.234.466,78
1.7.2.3.50.0.1.13.00.00;Res. SES 8018/2022 - Triagem Auditiva Neonatal;44.353,96;44.353,96;44.353,96;44.353,96;44.353,96;44.353,96;44.353,96;44.353,96;44.353,96;44.353,96;44.353,96;44.354,06;532.247,62;0,00;0,00;0,00;0,00;0,00;0,00;27.408,00;0,00;0,00;0,00;0,00;0,00;27.408,00;-44.353,96;-44.353,96;-44.353,96;-44.353,96;-44.353,96;-44.353,96;-16.945,96;-44.353,96;-44.353,96;-44.353,96;-44.353,96;-44.354,06;-504.839,62
1.7.2.3.50.0.1.14.00.00;Res. SES 7924/2021 - Rede de Cuidados à Pessoa com Deficiência;116.333,56;116.333,56;116.333,56;116.333,56;116.333,56;116.333,56;116.333,56;116.333,56;116.333,56;116.333,56;116.333,56;116.333,66;1.396.002,82;0,00;0,00;0,00;0,00;0,00;0,00;0,00;0,00;0,00;0,00;0,00;0,00;0,00;-116.333,56;-116.333,56;-116.333,56;-116.333,56;-116.333,56;-116.333,56;-116.333,56;-116.333,56;-116.333,56;-116.333,56;-116.333,56;-116.333,66;-1.396.002,82
1.7.2.3.50.0.1.16.00.00;Res. SES 8075/2022 - Comp. Esp. Saúde Bucal;8.142,85;8.142,85;8.142,85;8.142,85;8.142,85;8.142,85;8.142,85;8.142,85;8.142,85;8.142,85;8.142,85;8.142,91;97.714,26;0,00;0,00;0,00;0,00;0,00;0,00;0,00;0,00;0,00;0,00;0,00;0,00;0,00;-8.142,85;-8.142,85;-8.142,85;-8.142,85;-8.142,85;-8.142,85;-8.142,85;-8.142,85;-8.142,85;-8.142,85;-8.142,85;-8.142,91;-97.714,26
1.7.2.3.50.0.1.19.00.00;Res. SES 8160/2022 - Rede de Atenção Psicossocial;37.656,00;37.656,00;37.656,00;37.656,00;37.656,00;37.656,00;37.656,00;37.656,00;37.656,00;37.656,00;37.656,00;37.656,00;451.872,00;0,00;0,00;0,00;0,00;0,00;0,00;0,00;0,00;0,00;0,00;0,00;0,00;0,00;-37.656,00;-37.656,00;-37.656,00;-37.656,00;-37.656,00;-37.656,00;-37.656,00;-37.656,00;-37.656,00;-37.656,00;-37.656,00;-37.656,00;-451.872,00
1.7.2.3.50.0.1.19.00.00;Res. SES 8160/2022 - Rede de Atenção Psicossocial;37.656,00;37.656,00;37.656,00;37.656,00;37.656,00;37.656,00;37.656,00;37.656,00;37.656,00;37.656,00;37.656,00;37.656,00;451.872,00;0,00;0,00;0,00;0,00;0,00;0,00;0,00;0,00;0,00;0,00;0,00;0,00;0,00;-37.656,00;-37.656,00;-37.656,00;-37.656,00;-37.656,00;-37.656,00;-37.656,00;-37.656,00;-37.656,00;-37.656,00;-37.656,00;-37.656,00;-451.872,00
1.7.2.3.50.0.1.20.00.00;Res. SES 8634/8106/2022 - Custeio de Serviços Residenciais Terapêuticos;273.600,00;273.600,00;273.600,00;273.600,00;273.600,00;273.600,00;273.600,00;273.600,00;273.600,00;273.600,00;273.600,00;273.600,00;3.283.200,00;0,00;0,00;0,00;0,00;608.000,00;0,00;0,00;0,00;608.000,00;0,00;608.000,00;0,00;1.824.000,00;-273.600,00;-273.600,00;-273.600,00;-273.600,00;334.400,00;-273.600,00;-273.600,00;-273.600,00;334.400,00;-273.600,00;334.400,00;-273.600,00;-1.459.200,00
1.7.2.3.50.0.1.21.00.00;Res. SES 8105/2022 - Custeio dos Centros de Atenção Psicossocial;159.310,08;159.310,08;159.310,08;159.310,08;159.310,08;159.310,08;159.310,08;159.310,08;159.310,08;159.310,08;159.310,08;159.310,08;1.911.720,96;0,00;0,00;0,00;0,00;0,00;0,00;0,00;0,00;0,00;0,00;0,00;0,00;0,00;-159.310,08;-159.310,08;-159.310,08;-159.310,08;-159.310,08;-159.310,08;-159.310,08;-159.310,08;-159.310,08;-159.310,08;-159.310,08;-159.310,08;-1.911.720,96
1.7.2.3.50.0.1.22.00.00;Res. SES 7954/2022 - Fortalecimento de Ações Detec. Controle do Câncer;6.594,09;6.594,09;6.594,09;6.594,09;6.594,09;6.594,09;6.594,09;6.594,09;6.594,09;6.594,09;6.594,09;6.594,16;79.129,15;0,00;0,00;0,00;0,00;0,00;0,00;0,00;0,00;0,00;0,00;0,00;0,00;0,00;-6.594,09;-6.594,09;-6.594,09;-6.594,09;-6.594,09;-6.594,09;-6.594,09;-6.594,09;-6.594,09;-6.594,09;-6.594,09;-6.594,16;-79.129,15
1.7.2.3.50.0.1.23.00.00;Res. SES 8523/2022 - Sobra Incentivo POEPS;0,00;0,00;0,00;0,00;0,00;0,00;0,00;0,00;0,00;0,00;0,00;0,00;0,00;157.524,00;0,00;0,00;0,00;0,00;0,00;0,00;0,00;0,00;0,00;0,00;0,00;157.524,00;157.524,00;0,00;0,00;0,00;0,00;0,00;0,00;0,00;0,00;0,00;0,00;0,00;157.524,00
1.7.2.3.50.0.1.24.00.00;Res. SES 5679/2017 - Extrapolamento Cirurgias Eletivas;0,00;0,00;0,00;0,00;0,00;0,00;0,00;0,00;0,00;0,00;0,00;0,00;0,00;3.289,78;0,00;0,00;0,00;0,00;0,00;0,00;0,00;0,00;0,00;0,00;0,00;3.289,78;3.289,78;0,00;0,00;0,00;0,00;0,00;0,00;0,00;0,00;0,00;0,00;0,00;3.289,78
1.7.2.3.50.0.1.25.00.00;Res. SES 8461/2022 - Custeio Vigilância Epidemiológica;0,00;0,00;0,00;0,00;0,00;0,00;0,00;0,00;0,00;0,00;0,00;0,00;0,00;150.944,00;0,00;0,00;0,00;0,00;0,00;0,00;0,00;0,00;0,00;0,00;0,00;150.944,00;150.944,00;0,00;0,00;0,00;0,00;0,00;0,00;0,00;0,00;0,00;0,00;0,00;150.944,00
1.7.2.3.50.0.1.27.00.00;Res. SES 8907/8668/8784/8500 - Módulo Eletivas Valora Minas;0,00;0,00;0,00;0,00;0,00;0,00;0,00;0,00;0,00;0,00;0,00;0,00;0,00;0,00;719.654,78;0,00;0,00;0,00;0,00;640.905,52;0,00;870.381,97;0,00;0,00;870.381,97;3.101.324,24;0,00;719.654,78;0,00;0,00;0,00;0,00;640.905,52;0,00;870.381,97;0,00;0,00;870.381,97;3.101.324,24
1.7.2.3.50.0.1.28.00.00;Res. 9320/8596/2023 - Valora Minas AVC;0,00;0,00;0,00;0,00;0,00;0,00;0,00;0,00;0,00;0,00;0,00;0,00;0,00;0,00;0,00;22.850,39;0,00;0,00;0,00;0,00;0,00;22.850,39;0,00;0,00;0,00;45.700,78;0,00;0,00;22.850,39;0,00;0,00;0,00;0,00;0,00;22.850,39;0,00;0,00;0,00;45.700,78
1.7.2.3.50.0.1.31.00.00;Res. 5856/2017 - Extrapolamento Quimio e Radioterapia;0,00;0,00;0,00;0,00;0,00;0,00;0,00;0,00;0,00;0,00;0,00;0,00;0,00;0,00;0,00;9.408,50;0,00;0,00;0,00;0,00;0,00;0,00;0,00;0,00;0,00;9.408,50;0,00;0,00;9.408,50;0,00;0,00;0,00;0,00;0,00;0,00;0,00;0,00;0,00;9.408,50
1.7.2.3.50.0.1.33.00.00;Res. SES 8428/2022 8641/2023 Inc Finan Assit Farm;0,00;0,00;0,00;0,00;0,00;0,00;0,00;0,00;0,00;0,00;0,00;0,00;0,00;0,00;0,00;0,00;0,00;314.581,38;0,00;76.666,42;72.862,08;0,00;0,00;35.528,32;0,00;499.638,20;0,00;0,00;0,00;0,00;314.581,38;0,00;76.666,42;72.862,08;0,00;0,00;35.528,32;0,00;499.638,20
1.7.2.3.50.0.1.34.00.00;Res 8660/2023 Altera 8626/23 - Financ Aten Prima - FES Abril;0,00;0,00;0,00;0,00;0,00;0,00;0,00;0,00;0,00;0,00;0,00;0,00;0,00;0,00;0,00;0,00;0,00;348.095,25;0,00;0,00;348.095,25;0,00;0,00;348.095,25;0,00;1.044.285,75;0,00;0,00;0,00;0,00;348.095,25;0,00;0,00;348.095,25;0,00;0,00;348.095,25;0,00;1.044.285,75
1.7.2.3.50.0.1.36.00.00;Res. SES 8617/2023 - Incentivo Financeiro LGBT/APS;0,00;0,00;0,00;0,00;0,00;0,00;0,00;0,00;0,00;0,00;0,00;0,00;0,00;0,00;0,00;0,00;0,00;25.000,00;0,00;0,00;0,00;25.000,00;0,00;0,00;0,00;50.000,00;0,00;0,00;0,00;0,00;25.000,00;0,00;0,00;0,00;25.000,00;0,00;0,00;0,00;50.000,00
1.7.2.3.50.0.1.38.00.00;Res SES 5910/2017 - Extrapolamento quimio e radioterapia;0,00;0,00;0,00;0,00;0,00;0,00;0,00;0,00;0,00;0,00;0,00;0,00;0,00;0,00;0,00;0,00;0,00;104.556,94;0,00;0,00;0,00;0,00;0,00;0,00;0,00;104.556,94;0,00;0,00;0,00;0,00;104.556,94;0,00;0,00;0,00;0,00;0,00;0,00;0,00;104.556,94
1.7.2.3.50.0.1.42.00.00;Res SES 5957/2017 - Extrapol Int MAC;0,00;0,00;0,00;0,00;0,00;0,00;0,00;0,00;0,00;0,00;0,00;0,00;0,00;0,00;0,00;0,00;0,00;0,00;0,00;0,00;4.113,41;0,00;0,00;0,00;0,00;4.113,41;0,00;0,00;0,00;0,00;0,00;0,00;0,00;4.113,41;0,00;0,00;0,00;0,00;4.113,41
1.7.2.3.50.0.1.43.00.00;Res SES 8776/2023 Reforç Custeio Aten Especia;0,00;0,00;0,00;0,00;0,00;0,00;0,00;0,00;0,00;0,00;0,00;0,00;0,00;0,00;0,00;0,00;0,00;0,00;0,00;0,00;250.000,00;0,00;0,00;0,00;0,00;250.000,00;0,00;0,00;0,00;0,00;0,00;0,00;0,00;250.000,00;0,00;0,00;0,00;0,00;250.000,00
1.7.2.3.50.0.1.47.00.00;Res 6554 6561 6213 6431 6218 6215 6373 6415 619 6213 6060 6010 6213 6061 6419;0,00;0,00;0,00;0,00;0,00;0,00;0,00;0,00;0,00;0,00;0,00;0,00;0,00;0,00;0,00;0,00;0,00;0,00;0,00;0,00;0,00;0,00;2.147.326,50;0,00;0,00;2.147.326,50;0,00;0,00;0,00;0,00;0,00;0,00;0,00;0,00;0,00;2.147.326,50;0,00;0,00;2.147.326,50
1.7.2.3.50.0.1.48.00.00;Res SES 7351/2020 Tabela diferenciada produção;0,00;0,00;0,00;0,00;0,00;0,00;0,00;0,00;0,00;0,00;0,00;0,00;0,00;0,00;0,00;0,00;0,00;0,00;0,00;0,00;0,00;0,00;4.795,06;0,00;0,00;4.795,06;0,00;0,00;0,00;0,00;0,00;0,00;0,00;0,00;0,00;4.795,06;0,00;0,00;4.795,06
1.7.2.3.50.0.1.49.00.00;Res SES 6993/2019 - Clinica Cirurgica Eletiva MAC;0,00;0,00;0,00;0,00;0,00;0,00;0,00;0,00;0,00;0,00;0,00;0,00;0,00;0,00;0,00;0,00;0,00;0,00;0,00;0,00;0,00;0,00;59.475,20;0,00;0,00;59.475,20;0,00;0,00;0,00;0,00;0,00;0,00;0,00;0,00;0,00;59.475,20;0,00;0,00;59.475,20
1.7.2.3.50.0.1.51.00.00;Res SES 8819/2023 - Emenda Individual;0,00;0,00;0,00;0,00;0,00;0,00;0,00;0,00;0,00;0,00;0,00;0,00;0,00;0,00;0,00;0,00;0,00;0,00;0,00;0,00;0,00;0,00;0,00;160.000,00;0,00;160.000,00;0,00;0,00;0,00;0,00;0,00;0,00;0,00;0,00;0,00;0,00;160.000,00;0,00;160.000,00
1.7.2.3.50.0.1.52.00.00;Res. SES 9081/2023 - Fiscal Vig Sanitaria;0,00;0,00;0,00;0,00;0,00;0,00;0,00;0,00;0,00;0,00;0,00;0,00;0,00;0,00;0,00;0,00;0,00;0,00;0,00;0,00;0,00;0,00;0,00;250.634,00;0,00;250.634,00;0,00;0,00;0,00;0,00;0,00;0,00;0,00;0,00;0,00;0,00;250.634,00;0,00;250.634,00
1.7.2.3.50.0.1.56.00.00;Res SES 9061/2023 - Cofinan Transporte Eletivo em Saúde;0,00;0,00;0,00;0,00;0,00;0,00;0,00;0,00;0,00;0,00;0,00;0,00;0,00;0,00;0,00;0,00;0,00;0,00;0,00;0,00;0,00;0,00;0,00;0,00;143.771,13;143.771,13;0,00;0,00;0,00;0,00;0,00;0,00;0,00;0,00;0,00;0,00;0,00;143.771,13;143.771,13
1.7.2.3.50.0.1.57.00.00;Res. SES 9124/2023 - Projeto Multissensorial APAE;0,00;0,00;0,00;0,00;0,00;0,00;0,00;0,00;0,00;0,00;0,00;0,00;0,00;0,00;0,00;0,00;0,00;0,00;0,00;0,00;0,00;0,00;0,00;0,00;300.000,00;300.000,00;0,00;0,00;0,00;0,00;0,00;0,00;0,00;0,00;0,00;0,00;0,00;300.000,00;300.000,00
1.7.2.3.50.0.1.58.00.00;Res SES 9066/2023 - Fnaciamento para coleta de violencia sexual;0,00;0,00;0,00;0,00;0,00;0,00;0,00;0,00;0,00;0,00;0,00;0,00;0,00;0,00;0,00;0,00;0,00;0,00;0,00;0,00;0,00;0,00;0,00;0,00;28.329,00;28.329,00;0,00;0,00;0,00;0,00;0,00;0,00;0,00;0,00;0,00;0,00;0,00;28.329,00;28.329,00
1.7.2.3.50.0.1.59.00.00;Res. SES 9183/2023 - Programa Miquilim;0,00;0,00;0,00;0,00;0,00;0,00;0,00;0,00;0,00;0,00;0,00;0,00;0,00;0,00;0,00;0,00;0,00;0,00;0,00;0,00;0,00;0,00;0,00;0,00;254.956,90;254.956,90;0,00;0,00;0,00;0,00;0,00;0,00;0,00;0,00;0,00;0,00;0,00;254.956,90;254.956,90
1.7.2.3.50.0.1.60.00.00;Res SES 9316/2024-9201/2023 - Arboviroses Dengue Zika Chikungunha F. amarela;0,00;0,00;0,00;0,00;0,00;0,00;0,00;0,00;0,00;0,00;0,00;0,00;0,00;0,00;0,00;0,00;0,00;0,00;0,00;0,00;0,00;0,00;0,00;0,00;263.165,70;263.165,70;0,00;0,00;0,00;0,00;0,00;0,00;0,00;0,00;0,00;0,00;0,00;263.165,70;263.165,70
1.7.2.9.51.0.1.01.00.00;Piso Mineiro Fixo;50.409,48;50.409,48;50.409,48;50.409,48;50.409,48;50.409,48;50.409,48;50.409,48;50.409,48;50.409,48;50.409,48;50.409,52;604.913,80;66.151,80;0,00;73.934,40;36.967,20;36.967,20;36.967,20;36.967,20;36.967,20;36.967,20;36.967,20;36.967,20;73.934,40;509.758,20;15.742,32;-50.409,48;23.524,92;-13.442,28;-13.442,28;-13.442,28;-13.442,28;-13.442,28;-13.442,28;-13.442,28;-13.442,28;23.524,88;-95.155,60
1.7.2.9.51.0.1.01.00.00;Piso Mineiro Fixo;50.409,48;50.409,48;50.409,48;50.409,48;50.409,48;50.409,48;50.409,48;50.409,48;50.409,48;50.409,48;50.409,48;50.409,52;604.913,80;66.151,80;0,00;73.934,40;36.967,20;36.967,20;36.967,20;36.967,20;36.967,20;36.967,20;36.967,20;36.967,20;73.934,40;509.758,20;15.742,32;-50.409,48;23.524,92;-13.442,28;-13.442,28;-13.442,28;-13.442,28;-13.442,28;-13.442,28;-13.442,28;-13.442,28;23.524,88;-95.155,60
1.7.2.9.52.0.1.01.00.00;Transferências de Recursos Destinados a Programas de Educação;1.549,02;1.549,02;1.549,02;1.549,02;1.549,02;1.549,02;1.549,02;1.549,02;1.549,02;1.549,02;1.549,02;1.549,06;18.588,28;0,00;0,00;0,00;0,00;0,00;0,00;0,00;18.499,79;0,00;0,00;0,00;-18.499,79;0,00;-1.549,02;-1.549,02;-1.549,02;-1.549,02;-1.549,02;-1.549,02;-1.549,02;16.950,77;-1.549,02;-1.549,02;-1.549,02;-20.048,85;-18.588,28
1.7.2.9.52.0.1.01.00.00;Transferências de Recursos Destinados a Programas de Educação;1.549,02;1.549,02;1.549,02;1.549,02;1.549,02;1.549,02;1.549,02;1.549,02;1.549,02;1.549,02;1.549,02;1.549,06;18.588,28;0,00;0,00;0,00;0,00;0,00;0,00;0,00;18.499,79;0,00;0,00;0,00;-18.499,79;0,00;-1.549,02;-1.549,02;-1.549,02;-1.549,02;-1.549,02;-1.549,02;-1.549,02;16.950,77;-1.549,02;-1.549,02;-1.549,02;-20.048,85;-18.588,28
1.7.2.9.52.0.1.02.00.00;Transf.Rec.Est.Dest.Prog.Educação-PTE/CONVED;102.581,20;102.581,20;102.581,20;102.581,20;102.581,20;102.581,20;102.581,20;102.581,20;102.581,20;102.581,20;102.581,20;102.581,31;1.230.974,51;0,00;135.296,06;135.296,06;135.296,07;135.296,06;135.296,07;135.296,06;135.296,06;135.296,06;135.296,07;135.296,06;0,00;1.352.960,63;-102.581,20;32.714,86;32.714,86;32.714,87;32.714,86;32.714,87;32.714,86;32.714,86;32.714,86;32.714,87;32.714,86;-102.581,31;121.986,12
1.7.2.9.52.0.1.02.00.00;Transf.Rec.Est.Dest.Prog.Educação-PTE/CONVED;102.581,20;102.581,20;102.581,20;102.581,20;102.581,20;102.581,20;102.581,20;102.581,20;102.581,20;102.581,20;102.581,20;102.581,31;1.230.974,51;0,00;135.296,06;135.296,06;135.296,07;135.296,06;135.296,07;135.296,06;135.296,06;135.296,06;135.296,07;135.296,06;0,00;1.352.960,63;-102.581,20;32.714,86;32.714,86;32.714,87;32.714,86;32.714,87;32.714,86;32.714,86;32.714,86;32.714,87;32.714,86;-102.581,31;121.986,12
1.7.5.1.50.0.1.00.00.00;Transf.Rec.F.Manut.Desenv.Educ.Básica e Valoriz Profiss.Educação-FUNDEB;4.806.069,77;4.070.688,14;4.615.630,76;3.559.332,73;5.112.170,48;4.006.144,54;3.807.663,86;5.003.879,93;3.846.973,74;4.276.269,23;5.037.302,50;3.759.150,51;51.901.276,19;4.973.149,52;3.661.632,53;4.588.884,63;4.075.008,67;4.461.908,84;3.632.419,60;3.293.922,45;4.039.954,55;3.418.468,79;3.968.727,84;3.629.324,23;4.143.152,55;47.886.554,20;167.079,75;-409.055,61;-26.746,13;515.675,94;-650.261,64;-373.724,94;-513.741,41;-963.925,38;-428.504,95;-307.541,39;-1.407.978,27;384.002,04;-4.014.721,99
1.7.9.1.99.0.1.01.00.00;Outras Transferências de Pessoas Físicas;2.134,61;2.134,61;2.134,61;2.134,61;2.134,61;2.134,61;2.134,61;2.134,61;2.134,61;2.134,61;2.134,61;2.134,62;25.615,33;344,15;584,67;1.165,30;1.054,93;1.138,41;7.569,70;15.765,35;109.280,06;8.402,19;8.032,63;10.873,80;14.542,12;178.753,31;-1.790,46;-1.549,94;-969,31;-1.079,68;-996,20;5.435,09;13.630,74;107.145,45;6.267,58;5.898,02;8.739,19;12.407,50;153.137,98
1.7.9.1.99.0.1.01.00.00;Outras Transferências de Pessoas Físicas;2.134,61;2.134,61;2.134,61;2.134,61;2.134,61;2.134,61;2.134,61;2.134,61;2.134,61;2.134,61;2.134,61;2.134,62;25.615,33;344,15;584,67;1.165,30;1.054,93;1.138,41;7.569,70;15.765,35;109.280,06;8.402,19;8.032,63;10.873,80;14.542,12;178.753,31;-1.790,46;-1.549,94;-969,31;-1.079,68;-996,20;5.435,09;13.630,74;107.145,45;6.267,58;5.898,02;8.739,19;12.407,50;153.137,98
1.9.1.0.06.1.3.00.00.00;Multas Previstas em Legislação Ambiental;0,00;0,00;0,00;0,00;0,00;0,00;0,00;0,00;0,00;0,00;0,00;0,00;0,00;0,00;0,00;0,00;0,00;0,00;0,00;0,00;0,00;0,00;9.847,14;2.759,64;2.803,45;15.410,23;0,00;0,00;0,00;0,00;0,00;0,00;0,00;0,00;0,00;9.847,14;2.759,64;2.803,45;15.410,23
1.9.1.1.01.0.1.01.00.00;Multas Previstas na Legislação de Trânsito - 30%;36.944,64;36.944,64;36.944,64;36.944,64;36.944,64;36.944,64;36.944,64;36.944,64;36.944,64;36.944,64;36.944,64;36.944,69;443.335,73;0,00;0,00;0,00;0,00;0,00;0,00;0,00;0,00;0,00;0,00;0,00;0,00;0,00;-36.944,64;-36.944,64;-36.944,64;-36.944,64;-36.944,64;-36.944,64;-36.944,64;-36.944,64;-36.944,64;-36.944,64;-36.944,64;-36.944,69;-443.335,73
1.9.1.1.01.0.1.01.00.00;Multas Previstas na Legislação de Trânsito - 30%;36.944,64;36.944,64;36.944,64;36.944,64;36.944,64;36.944,64;36.944,64;36.944,64;36.944,64;36.944,64;36.944,64;36.944,69;443.335,73;0,00;0,00;0,00;0,00;0,00;0,00;0,00;0,00;0,00;0,00;0,00;0,00;0,00;-36.944,64;-36.944,64;-36.944,64;-36.944,64;-36.944,64;-36.944,64;-36.944,64;-36.944,64;-36.944,64;-36.944,64;-36.944,64;-36.944,69;-443.335,73
1.9.1.1.01.0.1.02.00.00;Multas Previstas na Legislação de Trânsito - 70%;38.013,32;38.013,32;38.013,32;38.013,32;38.013,32;38.013,32;38.013,32;38.013,32;38.013,32;38.013,32;38.013,32;38.013,37;456.159,89;0,00;0,00;0,00;0,00;0,00;0,00;1,36;0,00;0,00;0,00;0,00;0,00;1,36;-38.013,32;-38.013,32;-38.013,32;-38.013,32;-38.013,32;-38.013,32;-38.011,96;-38.013,32;-38.013,32;-38.013,32;-38.013,32;-38.013,37;-456.158,53
1.9.1.1.01.0.1.03.00.00;Multas por Auto de Infração;4.458,04;4.458,04;4.458,04;4.458,04;4.458,04;4.458,04;4.458,04;4.458,04;4.458,04;4.458,04;4.458,04;4.458,04;53.496,48;5.576,52;1.107,45;449,41;3.153,92;1.444,98;1.910,91;2.050,76;4.110,67;3.537,58;5.051,35;8.563,82;12.471,46;49.428,83;1.118,48;-3.350,59;-4.008,63;-1.304,12;-3.013,06;-2.547,13;-2.407,28;-347,37;-920,46;593,31;4.105,78;8.013,42;-4.067,65
1.9.1.1.01.0.1.05.00.00;Multas por Penalidade Edificações Irregulares;8.750,00;8.750,00;8.750,00;8.750,00;8.750,00;8.750,00;8.750,00;8.750,00;8.750,00;8.750,00;8.750,00;8.750,00;105.000,00;19.326,67;6.146,03;8.507,82;6.260,98;14.556,62;15.441,08;8.719,34;18.469,56;15.609,17;12.664,63;15.826,09;10.627,52;152.155,51;10.576,67;-2.603,97;-242,18;-2.489,02;5.806,62;6.691,08;-30,66;9.719,56;6.859,17;3.914,63;7.076,09;1.877,52;47.155,51
1.9.1.1.01.0.1.05.00.00;Multas por Penalidade Edificações Irregulares;8.750,00;8.750,00;8.750,00;8.750,00;8.750,00;8.750,00;8.750,00;8.750,00;8.750,00;8.750,00;8.750,00;8.750,00;105.000,00;19.326,67;6.146,03;8.507,82;6.260,98;14.556,62;15.441,08;8.719,34;18.469,56;15.609,17;12.664,63;15.826,09;10.627,52;152.155,51;10.576,67;-2.603,97;-242,18;-2.489,02;5.806,62;6.691,08;-30,66;9.719,56;6.859,17;3.914,63;7.076,09;1.877,52;47.155,51
1.9.1.1.01.0.1.07.00.00;Multas Previstas na Legislação de Trânsito;63.958,07;63.958,07;63.958,07;63.958,07;63.958,07;63.958,07;63.958,07;63.958,07;63.958,07;63.958,07;63.958,07;63.958,12;767.496,89;103.454,15;99.845,66;116.319,42;97.670,37;165.687,81;132.062,69;151.202,36;172.553,71;182.729,58;166.394,14;200.125,83;201.798,34;1.789.844,06;39.496,08;35.887,59;52.361,35;33.712,30;101.729,74;68.104,62;87.244,29;108.595,64;118.771,51;102.436,07;136.167,76;137.840,22;1.022.347,17
1.9.1.1.01.0.1.07.00.00;Multas Previstas na Legislação de Trânsito;63.958,07;63.958,07;63.958,07;63.958,07;63.958,07;63.958,07;63.958,07;63.958,07;63.958,07;63.958,07;63.958,07;63.958,12;767.496,89;103.454,15;99.845,66;116.319,42;97.670,37;165.687,81;132.062,69;151.202,36;172.553,71;182.729,58;166.394,14;200.125,83;201.798,34;1.789.844,06;39.496,08;35.887,59;52.361,35;33.712,30;101.729,74;68.104,62;87.244,29;108.595,64;118.771,51;102.436,07;136.167,76;137.840,22;1.022.347,17
1.9.1.1.01.0.2.01.00.00;Multas/Juros Mora s/Multas Prev.Legislação Especifica;87,50;87,50;87,50;87,50;87,50;87,50;87,50;87,50;87,50;87,50;87,50;87,50;1.050,00;240,04;240,05;0,00;0,00;109,46;584,47;5,00;90,65;17,38;273,40;1.400,36;155,05;3.115,86;152,54;152,55;-87,50;-87,50;21,96;496,97;-82,50;3,15;-70,12;185,90;1.312,86;67,55;2.065,86
1.9.1.1.01.0.2.01.00.00;Multas/Juros Mora s/Multas Prev.Legislação Especifica;87,50;87,50;87,50;87,50;87,50;87,50;87,50;87,50;87,50;87,50;87,50;87,50;1.050,00;240,04;240,05;0,00;0,00;109,46;584,47;5,00;90,65;17,38;273,40;1.400,36;155,05;3.115,86;152,54;152,55;-87,50;-87,50;21,96;496,97;-82,50;3,15;-70,12;185,90;1.312,86;67,55;2.065,86
1.9.1.1.01.0.3.01.00.00;Dívida Ativa-Multas Prev.Legislação Especifica;263,84;263,84;263,84;263,84;263,84;263,84;263,84;263,84;263,84;263,84;263,84;263,85;3.166,09;2.856,60;3.561,90;286,63;307,31;1.500,00;1.985,69;500,00;1.500,00;3.567,14;7.070,37;3.183,92;2.659,12;28.978,68;2.592,76;3.298,06;22,79;43,47;1.236,16;1.721,85;236,16;1.236,16;3.303,30;6.806,53;2.920,08;2.395,27;25.812,59
1.9.1.1.01.0.3.01.00.00;Dívida Ativa-Multas Prev.Legislação Especifica;263,84;263,84;263,84;263,84;263,84;263,84;263,84;263,84;263,84;263,84;263,84;263,85;3.166,09;2.856,60;3.561,90;286,63;307,31;1.500,00;1.985,69;500,00;1.500,00;3.567,14;7.070,37;3.183,92;2.659,12;28.978,68;2.592,76;3.298,06;22,79;43,47;1.236,16;1.721,85;236,16;1.236,16;3.303,30;6.806,53;2.920,08;2.395,27;25.812,59
1.9.1.1.01.0.4.01.00.00;Multas/Juros Mora Div.Ativ.s/Multas Prev.Legisl.Especifica;155,52;155,52;155,52;155,52;155,52;155,52;155,52;155,52;155,52;155,52;155,52;155,57;1.866,29;839,51;1.440,67;128,47;128,47;19,80;19,80;2.270,46;19,80;19,80;36,18;0,00;0,00;4.922,96;683,99;1.285,15;-27,05;-27,05;-135,72;-135,72;2.114,94;-135,72;-135,72;-119,34;-155,52;-155,57;3.056,67
1.9.1.1.01.0.4.01.00.00;Multas/Juros Mora Div.Ativ.s/Multas Prev.Legisl.Especifica;155,52;155,52;155,52;155,52;155,52;155,52;155,52;155,52;155,52;155,52;155,52;155,57;1.866,29;839,51;1.440,67;128,47;128,47;19,80;19,80;2.270,46;19,80;19,80;36,18;0,00;0,00;4.922,96;683,99;1.285,15;-27,05;-27,05;-135,72;-135,72;2.114,94;-135,72;-135,72;-119,34;-155,52;-155,57;3.056,67
1.9.2.1.99.0.1.01.00.00;Indenizações por Limpeza  de lotes;202,58;202,58;202,58;202,58;202,58;202,58;202,58;202,58;202,58;202,58;202,58;202,63;2.431,01;0,00;0,00;0,00;0,00;0,00;0,00;0,00;0,00;0,00;0,00;0,00;0,00;0,00;-202,58;-202,58;-202,58;-202,58;-202,58;-202,58;-202,58;-202,58;-202,58;-202,58;-202,58;-202,63;-2.431,01
1.9.2.1.99.0.1.02.00.00;Outras Indenizações;5.193,03;5.193,03;5.193,03;5.193,03;5.193,03;5.193,03;5.193,03;5.193,03;5.193,03;5.193,03;5.193,03;5.193,09;62.316,42;0,00;0,00;0,00;0,00;0,00;0,00;0,00;0,00;0,00;0,00;0,00;0,00;0,00;-5.193,03;-5.193,03;-5.193,03;-5.193,03;-5.193,03;-5.193,03;-5.193,03;-5.193,03;-5.193,03;-5.193,03;-5.193,03;-5.193,09;-62.316,42
1.9.2.2.04.0.1.01.00.00;Restituição de Benefícios Assistenciais-COVID Acolhimento;0,00;0,00;0,00;0,00;0,00;0,00;0,00;0,00;0,00;0,00;0,00;0,00;0,00;0,00;0,00;0,00;0,00;9.566,69;0,00;0,00;0,00;0,00;0,00;0,00;0,00;9.566,69;0,00;0,00;0,00;0,00;9.566,69;0,00;0,00;0,00;0,00;0,00;0,00;0,00;9.566,69
1.9.2.2.09.0.1.00.00.00;Restituição de Recursos de Fomento e de Subvenções Financeiras - Principal;32.264,52;32.264,52;32.264,52;32.264,52;32.264,52;32.264,52;32.264,52;32.264,52;32.264,52;32.264,52;32.264,52;32.264,57;387.174,29;31.613,12;31.144,47;39.375,31;44.486,08;101.886,64;17.759,10;13.088,76;5.036,12;26.468,29;39.375,33;4.602,21;22.448,78;377.284,21;-651,40;-1.120,05;7.110,79;12.221,56;69.622,12;-14.505,42;-19.175,76;-27.228,40;-5.796,23;7.110,81;-27.662,31;-9.815,79;-9.890,08
1.9.2.2.09.0.1.02.00.00;Restituição Recursos Educação-Fomento;0,00;0,00;0,00;0,00;0,00;0,00;0,00;0,00;0,00;0,00;0,00;0,00;0,00;49.157,85;322.074,62;273,24;0,10;15.335,74;41.854,70;31.144,48;39.375,32;19.302,02;0,00;120.050,31;23.197,89;661.766,27;49.157,85;322.074,62;273,24;0,10;15.335,74;41.854,70;31.144,48;39.375,32;19.302,02;0,00;120.050,31;23.197,89;661.766,27
1.9.2.2.99.0.1.01.00.00;Rest.Terminal Rodoviário-Energia Eletrica;2.063,39;2.063,39;2.063,39;2.063,39;2.063,39;2.063,39;2.063,39;2.063,39;2.063,39;2.063,39;2.063,39;2.063,42;24.760,71;1.800,14;2.406,25;2.091,92;1.254,35;3.667,95;1.241,83;992,36;3.437,24;2.204,46;2.443,66;719,15;2.495,34;24.754,65;-263,25;342,86;28,53;-809,04;1.604,56;-821,56;-1.071,03;1.373,85;141,07;380,27;-1.344,24;431,92;-6,06
1.9.2.2.99.0.1.01.00.00;Rest.Terminal Rodoviário-Energia Eletrica;2.063,39;2.063,39;2.063,39;2.063,39;2.063,39;2.063,39;2.063,39;2.063,39;2.063,39;2.063,39;2.063,39;2.063,42;24.760,71;1.800,14;2.406,25;2.091,92;1.254,35;3.667,95;1.241,83;992,36;3.437,24;2.204,46;2.443,66;719,15;2.495,34;24.754,65;-263,25;342,86;28,53;-809,04;1.604,56;-821,56;-1.071,03;1.373,85;141,07;380,27;-1.344,24;431,92;-6,06
1.9.2.2.99.0.1.02.00.00;Restituições-Cessão Servidores;13.633,54;13.633,54;13.633,54;13.633,54;13.633,54;13.633,54;13.633,54;13.633,54;13.633,54;13.633,54;13.633,54;13.633,55;163.602,49;10.654,82;0,00;10.654,82;6.252,77;5.635,86;0,00;12.739,39;5.635,86;5.711,01;5.917,65;0,00;20.494,89;83.697,07;-2.978,72;-13.633,54;-2.978,72;-7.380,77;-7.997,68;-13.633,54;-894,15;-7.997,68;-7.922,53;-7.715,89;-13.633,54;6.861,34;-79.905,42
1.9.2.2.99.0.1.02.00.00;Restituições-Cessão Servidores;13.633,54;13.633,54;13.633,54;13.633,54;13.633,54;13.633,54;13.633,54;13.633,54;13.633,54;13.633,54;13.633,54;13.633,55;163.602,49;10.654,82;0,00;10.654,82;6.252,77;5.635,86;0,00;12.739,39;5.635,86;5.711,01;5.917,65;0,00;20.494,89;83.697,07;-2.978,72;-13.633,54;-2.978,72;-7.380,77;-7.997,68;-13.633,54;-894,15;-7.997,68;-7.922,53;-7.715,89;-13.633,54;6.861,34;-79.905,42
1.9.2.2.99.0.1.07.00.00;Outras Restituições-FIA;0,00;0,00;0,00;0,00;0,00;0,00;0,00;0,00;0,00;0,00;0,00;0,00;0,00;0,00;0,00;0,00;0,00;30.568,94;0,00;0,00;0,00;15.000,00;25.086,92;0,00;0,00;70.655,86;0,00;0,00;0,00;0,00;30.568,94;0,00;0,00;0,00;15.000,00;25.086,92;0,00;0,00;70.655,86
1.9.2.2.99.0.1.08.00.00;Outras Restituições - SESAP;12.795,00;12.795,00;12.795,00;12.795,00;12.795,00;12.795,00;12.795,00;12.795,00;12.795,00;12.795,00;12.795,00;12.795,00;153.540,00;0,00;0,00;0,00;0,00;1.075,21;432.185,20;2.750,99;0,00;228,60;0,00;257.525,12;-256.803,40;436.961,72;-12.795,00;-12.795,00;-12.795,00;-12.795,00;-11.719,79;419.390,20;-10.044,01;-12.795,00;-12.566,40;-12.795,00;244.730,12;-269.598,40;283.421,72
1.9.2.2.99.0.1.09.00.00;Outras Restuições;1.441,27;1.441,27;1.441,27;1.441,27;1.441,27;1.441,27;1.441,27;1.441,27;1.441,27;1.441,27;1.441,27;1.441,28;17.295,25;1.569,50;23.820,43;1.119,50;1.119,50;49.199,03;1.119,50;1.119,50;1.119,50;5.396,60;5.039,02;1.120,50;1.119,70;92.862,28;128,23;22.379,16;-321,77;-321,77;47.757,76;-321,77;-321,77;-321,77;3.955,33;3.597,75;-320,77;-321,58;75.567,03
1.9.2.2.99.0.1.09.00.00;Outras Restuições;1.441,27;1.441,27;1.441,27;1.441,27;1.441,27;1.441,27;1.441,27;1.441,27;1.441,27;1.441,27;1.441,27;1.441,28;17.295,25;1.569,50;23.820,43;1.119,50;1.119,50;49.199,03;1.119,50;1.119,50;1.119,50;5.396,60;5.039,02;1.120,50;1.119,70;92.862,28;128,23;22.379,16;-321,77;-321,77;47.757,76;-321,77;-321,77;-321,77;3.955,33;3.597,75;-320,77;-321,58;75.567,03
1.9.2.2.99.0.3.01.00.00;Divida Ativa - Outras Restituições;3.451,51;3.451,51;3.451,51;3.451,51;3.451,51;3.451,51;3.451,51;3.451,51;3.451,51;3.451,51;3.451,51;3.451,55;41.418,16;0,00;0,00;0,00;0,00;0,00;0,00;0,00;0,00;0,00;0,00;0,00;0,00;0,00;-3.451,51;-3.451,51;-3.451,51;-3.451,51;-3.451,51;-3.451,51;-3.451,51;-3.451,51;-3.451,51;-3.451,51;-3.451,51;-3.451,55;-41.418,16
1.9.2.2.99.0.3.01.00.00;Divida Ativa - Outras Restituições;3.451,51;3.451,51;3.451,51;3.451,51;3.451,51;3.451,51;3.451,51;3.451,51;3.451,51;3.451,51;3.451,51;3.451,55;41.418,16;0,00;0,00;0,00;0,00;0,00;0,00;0,00;0,00;0,00;0,00;0,00;0,00;0,00;-3.451,51;-3.451,51;-3.451,51;-3.451,51;-3.451,51;-3.451,51;-3.451,51;-3.451,51;-3.451,51;-3.451,51;-3.451,51;-3.451,55;-41.418,16
1.9.2.2.99.0.4.01.00.00;Multas e Juros Divida Ativa-Outras Restituições;177,99;177,99;177,99;177,99;177,99;177,99;177,99;177,99;177,99;177,99;177,99;178,03;2.135,92;0,00;0,00;0,00;0,00;0,00;0,00;0,00;0,00;0,00;0,00;0,00;0,00;0,00;-177,99;-177,99;-177,99;-177,99;-177,99;-177,99;-177,99;-177,99;-177,99;-177,99;-177,99;-178,03;-2.135,92
1.9.2.3.99.0.1.00.00.00;Outros Ressarcimentos - Principal;978,06;978,06;978,06;978,06;978,06;978,06;978,06;978,06;978,06;978,06;978,06;978,11;11.736,77;0,00;0,00;0,00;0,00;0,00;0,00;0,00;0,00;0,00;0,00;0,00;0,00;0,00;-978,06;-978,06;-978,06;-978,06;-978,06;-978,06;-978,06;-978,06;-978,06;-978,06;-978,06;-978,11;-11.736,77
1.9.9.9.12.2.1.00.00.00;Ônus de Sucumbência;36.200,73;36.200,73;36.200,73;36.200,73;36.200,73;36.200,73;36.200,73;36.200,73;36.200,73;36.200,73;36.200,73;36.200,82;434.408,85;7.037,76;3.399,43;5.170,67;62.361,91;12.392,51;6.416,40;27.649,03;16.981,77;8.603,17;10.391,26;19.266,37;48.867,84;228.538,12;-29.162,97;-32.801,30;-31.030,06;26.161,18;-23.808,22;-29.784,33;-8.551,70;-19.218,96;-27.597,56;-25.809,47;-16.934,36;12.667,02;-205.870,73
1.9.9.9.99.2.1.01.00.00;Receita de Utilização de Vias Públicas;14.526,79;14.526,79;14.526,79;14.526,79;14.526,79;14.526,79;14.526,79;14.526,79;14.526,79;14.526,79;14.526,79;14.526,80;174.321,49;2.507,69;124,04;174,05;71,06;580,87;363,39;85,34;136,58;363,40;88,59;1.249,21;909,28;6.653,50;-12.019,10;-14.402,75;-14.352,74;-14.455,73;-13.945,92;-14.163,40;-14.441,45;-14.390,21;-14.163,39;-14.438,20;-13.277,58;-13.617,52;-167.667,99
1.9.9.9.99.2.1.01.00.00;Receita de Utilização de Vias Públicas;14.526,79;14.526,79;14.526,79;14.526,79;14.526,79;14.526,79;14.526,79;14.526,79;14.526,79;14.526,79;14.526,79;14.526,80;174.321,49;2.507,69;124,04;174,05;71,06;580,87;363,39;85,34;136,58;363,40;88,59;1.249,21;909,28;6.653,50;-12.019,10;-14.402,75;-14.352,74;-14.455,73;-13.945,92;-14.163,40;-14.441,45;-14.390,21;-14.163,39;-14.438,20;-13.277,58;-13.617,52;-167.667,99
1.9.9.9.99.2.1.02.00.00;Receita de Eventos - Jubileu;0,00;0,00;0,00;40.000,00;16.616,49;0,00;0,00;0,00;0,00;0,00;0,00;0,00;56.616,49;0,00;0,00;0,00;0,00;0,00;0,00;0,00;0,00;0,00;0,00;0,00;0,00;0,00;0,00;0,00;0,00;-40.000,00;-16.616,49;0,00;0,00;0,00;0,00;0,00;0,00;0,00;-56.616,49
1.9.9.9.99.2.1.02.00.00;Receita de Eventos - Jubileu;0,00;0,00;0,00;40.000,00;16.616,49;0,00;0,00;0,00;0,00;0,00;0,00;0,00;56.616,49;0,00;0,00;0,00;0,00;0,00;0,00;0,00;0,00;0,00;0,00;0,00;0,00;0,00;0,00;0,00;0,00;-40.000,00;-16.616,49;0,00;0,00;0,00;0,00;0,00;0,00;0,00;-56.616,49
1.9.9.9.99.2.1.03.00.00;Outras Receitas - FIA;773,91;773,91;773,91;773,91;773,91;773,91;773,91;773,91;773,91;773,91;773,91;773,91;9.286,92;0,00;0,00;0,00;0,00;0,00;0,00;0,00;134.981,99;5.252,54;2.700,57;189,88;4.534,70;147.659,68;-773,91;-773,91;-773,91;-773,91;-773,91;-773,91;-773,91;134.208,08;4.478,63;1.926,66;-584,03;3.760,79;138.372,76
1.9.9.9.99.2.1.04.00.00;Receita de Eventos - Carnaval;0,00;8.000,00;3.659,23;0,00;0,00;0,00;0,00;0,00;0,00;0,00;0,00;0,00;11.659,23;0,00;0,00;0,00;0,00;0,00;0,00;0,00;0,00;0,00;0,00;0,00;0,00;0,00;0,00;-8.000,00;-3.659,23;0,00;0,00;0,00;0,00;0,00;0,00;0,00;0,00;0,00;-11.659,23
1.9.9.9.99.2.1.04.00.00;Receita de Eventos - Carnaval;0,00;8.000,00;3.659,23;0,00;0,00;0,00;0,00;0,00;0,00;0,00;0,00;0,00;11.659,23;0,00;0,00;0,00;0,00;0,00;0,00;0,00;0,00;0,00;0,00;0,00;0,00;0,00;0,00;-8.000,00;-3.659,23;0,00;0,00;0,00;0,00;0,00;0,00;0,00;0,00;0,00;-11.659,23
1.9.9.9.99.2.1.05.00.00;Receita de Eventos - Exposição Agropecuária;0,00;0,00;0,00;0,00;40.494,56;15.000,00;0,00;0,00;0,00;0,00;0,00;0,00;55.494,56;0,00;0,00;0,00;0,00;335.464,87;25.534,89;0,00;0,00;0,00;0,00;0,00;0,00;360.999,76;0,00;0,00;0,00;0,00;294.970,31;10.534,89;0,00;0,00;0,00;0,00;0,00;0,00;305.505,20
1.9.9.9.99.2.1.06.00.00;Receita de Eventos - Festa das Rosas;0,00;0,00;0,00;0,00;0,00;0,00;0,00;0,00;0,00;32.602,50;0,00;0,00;32.602,50;0,00;0,00;0,00;0,00;0,00;0,00;0,00;0,00;0,00;157.581,23;0,00;0,00;157.581,23;0,00;0,00;0,00;0,00;0,00;0,00;0,00;0,00;0,00;124.978,73;0,00;0,00;124.978,73
1.9.9.9.99.2.1.07.00.00;Outras Receitas Diversas;3.362,84;3.362,84;3.362,84;3.362,84;3.362,84;3.362,84;3.362,84;3.362,84;3.362,84;3.362,84;3.362,84;3.362,91;40.354,15;2.211,56;0,00;0,00;0,00;0,00;0,00;0,00;0,00;0,00;0,00;0,00;0,00;2.211,56;-1.151,28;-3.362,84;-3.362,84;-3.362,84;-3.362,84;-3.362,84;-3.362,84;-3.362,84;-3.362,84;-3.362,84;-3.362,84;-3.362,91;-38.142,59
2.1.1.2.52.0.1.00.00.00;Operações de Crédito Internas para Programas de Saneamento;0,00;648.926,66;1.224.463,33;1.224.463,33;1.800.000,00;1.224.463,33;648.926,66;1.224.463,33;1.800.000,00;1.224.463,33;1.224.463,33;1.224.431,10;13.469.064,40;0,00;0,00;0,00;0,00;0,00;0,00;0,00;0,00;0,00;0,00;0,00;0,00;0,00;0,00;-648.926,66;-1.224.463,33;-1.224.463,33;-1.800.000,00;-1.224.463,33;-648.926,66;-1.224.463,33;-1.800.000,00;-1.224.463,33;-1.224.463,33;-1.224.431,10;-13.469.064,40
2.2.1.3.01.0.1.00.00.00;Alienação de Bens Móveis e Semoventes - Principal;19.616,60;19.616,60;19.616,60;19.616,60;19.616,60;19.616,60;19.616,60;19.616,60;19.616,60;19.616,60;19.616,60;19.616,67;235.399,27;752,64;0,00;0,00;0,00;0,00;0,00;0,00;0,00;0,00;0,00;264.450,00;0,00;265.202,64;-18.863,96;-19.616,60;-19.616,60;-19.616,60;-19.616,60;-19.616,60;-19.616,60;-19.616,60;-19.616,60;-19.616,60;244.833,40;-19.616,67;29.803,37
2.4.1.2.50.9.1.01.00.00;Transf.Recursos Destinados a Programas de Educação;56.710,06;56.710,06;56.710,06;56.710,06;56.710,06;56.710,06;56.710,06;56.710,06;56.710,06;56.710,06;56.710,06;56.710,13;680.520,79;0,00;0,00;0,00;0,00;0,00;0,00;0,00;0,00;0,00;0,00;0,00;0,00;0,00;-56.710,06;-56.710,06;-56.710,06;-56.710,06;-56.710,06;-56.710,06;-56.710,06;-56.710,06;-56.710,06;-56.710,06;-56.710,06;-56.710,13;-680.520,79
2.4.1.4.51.0.1.01.00.00;Transf.Convênios União destinadas a Programas de Educação;17.934,30;17.934,30;17.934,30;17.934,30;17.934,30;17.934,30;17.934,30;17.934,30;17.934,30;17.934,30;17.934,30;17.934,38;215.211,68;0,00;0,00;0,00;0,00;0,00;0,00;0,00;0,00;0,00;0,00;0,00;30.000,00;30.000,00;-17.934,30;-17.934,30;-17.934,30;-17.934,30;-17.934,30;-17.934,30;-17.934,30;-17.934,30;-17.934,30;-17.934,30;-17.934,30;12.065,62;-185.211,68
2.4.1.4.52.0.1.01.00.00;Transf.Convênios União destinadas Progr.Saneamento Básico;50.773,70;50.773,70;50.773,70;50.773,70;50.773,70;50.773,70;50.773,70;50.773,70;50.773,70;50.773,70;50.773,70;50.773,79;609.284,49;0,00;0,00;0,00;0,00;0,00;0,00;0,00;0,00;0,00;0,00;0,00;0,00;0,00;-50.773,70;-50.773,70;-50.773,70;-50.773,70;-50.773,70;-50.773,70;-50.773,70;-50.773,70;-50.773,70;-50.773,70;-50.773,70;-50.773,79;-609.284,49
2.4.1.4.52.0.1.01.00.00;Transf.Convênios União destinadas Progr.Saneamento Básico;50.773,70;50.773,70;50.773,70;50.773,70;50.773,70;50.773,70;50.773,70;50.773,70;50.773,70;50.773,70;50.773,70;50.773,79;609.284,49;0,00;0,00;0,00;0,00;0,00;0,00;0,00;0,00;0,00;0,00;0,00;0,00;0,00;-50.773,70;-50.773,70;-50.773,70;-50.773,70;-50.773,70;-50.773,70;-50.773,70;-50.773,70;-50.773,70;-50.773,70;-50.773,70;-50.773,79;-609.284,49
2.4.1.4.99.0.1.01.00.00;Outras Transf.Convênios da União e de Suas Entidades;131.250,00;131.250,00;131.250,00;131.250,00;131.250,00;131.250,00;131.250,00;131.250,00;131.250,00;131.250,00;131.250,00;131.250,00;1.575.000,00;0,00;0,00;0,00;0,00;0,00;0,00;0,00;0,00;0,00;0,00;0,00;0,00;0,00;-131.250,00;-131.250,00;-131.250,00;-131.250,00;-131.250,00;-131.250,00;-131.250,00;-131.250,00;-131.250,00;-131.250,00;-131.250,00;-131.250,00;-1.575.000,00
2.4.1.9.51.0.1.01.00.00;Emenda Parlamentar 202339600001 - Dr. Frederico;0,00;0,00;0,00;0,00;0,00;0,00;0,00;0,00;0,00;0,00;0,00;0,00;0,00;0,00;0,00;0,00;0,00;0,00;0,00;0,00;150.000,00;0,00;0,00;0,00;0,00;150.000,00;0,00;0,00;0,00;0,00;0,00;0,00;0,00;150.000,00;0,00;0,00;0,00;0,00;150.000,00
2.4.1.9.51.0.1.03.00.00;Emenda Parlamentar 09032023-2-042164 - Lafayette de Andrada;0,00;0,00;0,00;0,00;0,00;0,00;0,00;0,00;0,00;0,00;0,00;0,00;0,00;0,00;0,00;0,00;0,00;0,00;0,00;0,00;0,00;0,00;0,00;0,00;250.000,00;250.000,00;0,00;0,00;0,00;0,00;0,00;0,00;0,00;0,00;0,00;0,00;0,00;250.000,00;250.000,00
2.4.1.9.51.0.1.04.00.00;Emenda Parlamentar 09032023-038463 - Rodrigo Pacheco;0,00;0,00;0,00;0,00;0,00;0,00;0,00;0,00;0,00;0,00;0,00;0,00;0,00;0,00;0,00;0,00;0,00;0,00;0,00;0,00;0,00;0,00;0,00;0,00;1.000.000,00;1.000.000,00;0,00;0,00;0,00;0,00;0,00;0,00;0,00;0,00;0,00;0,00;0,00;1.000.000,00;1.000.000,00
2.4.1.9.99.0.1.01.01.00;Emenda 310560820230003-SIGTV-Estrutura Rede Serviços SUAS;0,00;0,00;0,00;0,00;0,00;0,00;0,00;0,00;0,00;0,00;0,00;0,00;0,00;0,00;0,00;0,00;0,00;0,00;0,00;0,00;50.000,00;0,00;0,00;0,00;0,00;50.000,00;0,00;0,00;0,00;0,00;0,00;0,00;0,00;50.000,00;0,00;0,00;0,00;0,00;50.000,00
2.4.2.1.50.0.1.07.00.00;Res. SES 7319/2020 - Estruturação APS;0,00;0,00;0,00;0,00;0,00;0,00;0,00;0,00;0,00;0,00;0,00;0,00;0,00;0,00;0,00;22.703,48;0,00;0,00;0,00;0,00;0,00;0,00;0,00;0,00;0,00;22.703,48;0,00;0,00;22.703,48;0,00;0,00;0,00;0,00;0,00;0,00;0,00;0,00;0,00;22.703,48
2.4.2.1.50.0.1.10.00.00;Res. SES - 9070/2023 - Investimento Aqui. Equip Ed Gestores APS;0,00;0,00;0,00;0,00;0,00;0,00;0,00;0,00;0,00;0,00;0,00;0,00;0,00;0,00;0,00;0,00;0,00;0,00;0,00;0,00;0,00;0,00;0,00;0,00;12.540,00;12.540,00;0,00;0,00;0,00;0,00;0,00;0,00;0,00;0,00;0,00;0,00;0,00;12.540,00;12.540,00
2.4.2.1.50.0.1.11.00.00;Res. SES. 9082/2023 - Investimento Proj. Prov. Construção UBS;0,00;0,00;0,00;0,00;0,00;0,00;0,00;0,00;0,00;0,00;0,00;0,00;0,00;0,00;0,00;0,00;0,00;0,00;0,00;0,00;0,00;0,00;0,00;7.949.893,24;0,00;7.949.893,24;0,00;0,00;0,00;0,00;0,00;0,00;0,00;0,00;0,00;0,00;7.949.893,24;0,00;7.949.893,24
2.4.2.1.50.0.1.13.00.00;Res. SES 9163/2023 - Investimento CEO;0,00;0,00;0,00;0,00;0,00;0,00;0,00;0,00;0,00;0,00;0,00;0,00;0,00;0,00;0,00;0,00;0,00;0,00;0,00;0,00;0,00;0,00;0,00;0,00;859.512,00;859.512,00;0,00;0,00;0,00;0,00;0,00;0,00;0,00;0,00;0,00;0,00;0,00;859.512,00;859.512,00
2.4.2.2.99.0.1.01.00.00;Convênio: 9383756 - Transferência Especial;0,00;0,00;0,00;0,00;0,00;0,00;0,00;0,00;0,00;0,00;0,00;0,00;0,00;0,00;0,00;0,00;0,00;15.000,00;0,00;0,00;0,00;0,00;0,00;0,00;0,00;15.000,00;0,00;0,00;0,00;0,00;15.000,00;0,00;0,00;0,00;0,00;0,00;0,00;0,00;15.000,00
2.4.2.2.99.0.1.02.00.00;Convênio: 9383759 - Transferência Especial;0,00;0,00;0,00;0,00;0,00;0,00;0,00;0,00;0,00;0,00;0,00;0,00;0,00;0,00;0,00;0,00;0,00;71.022,00;0,00;0,00;0,00;0,00;0,00;0,00;0,00;71.022,00;0,00;0,00;0,00;0,00;71.022,00;0,00;0,00;0,00;0,00;0,00;0,00;0,00;71.022,00
2.4.2.2.99.0.1.03.00.00;Convênio:  9383763 - Transferência Especial;0,00;0,00;0,00;0,00;0,00;0,00;0,00;0,00;0,00;0,00;0,00;0,00;0,00;0,00;0,00;0,00;0,00;2.601,86;0,00;0,00;0,00;0,00;0,00;0,00;0,00;2.601,86;0,00;0,00;0,00;0,00;2.601,86;0,00;0,00;0,00;0,00;0,00;0,00;0,00;2.601,86
2.4.2.2.99.0.1.04.00.00;Convênio: 9384467 - Transferência Especial;0,00;0,00;0,00;0,00;0,00;0,00;0,00;0,00;0,00;0,00;0,00;0,00;0,00;0,00;0,00;0,00;0,00;150.000,00;0,00;0,00;0,00;0,00;0,00;0,00;0,00;150.000,00;0,00;0,00;0,00;0,00;150.000,00;0,00;0,00;0,00;0,00;0,00;0,00;0,00;150.000,00
2.4.2.2.99.0.1.05.00.00;Convênio:  9385442 - Transferência Especial;0,00;0,00;0,00;0,00;0,00;0,00;0,00;0,00;0,00;0,00;0,00;0,00;0,00;0,00;0,00;0,00;0,00;300.000,00;0,00;0,00;0,00;0,00;0,00;0,00;0,00;300.000,00;0,00;0,00;0,00;0,00;300.000,00;0,00;0,00;0,00;0,00;0,00;0,00;0,00;300.000,00
