Entidade;Número do Organograma;Descrição do organograma;Número da ação;Descrição da ação;Número do programa;Descrição do programa;Número da função;Descrição da função;Número da subfunção;Descrição da subfunção;Número da despesa;Natureza de Despesa;Descrição da natureza de despesa;Recurso;Descrição do recurso;Valor empenhado da despesa
FUNDO MUNICIPAL DE SAÚDE DE BARBACENA;18.002;FUNDO MUNICIPAL DE SAUDE;0.001;PAGAMENTOS DE PRECATÓRIOS E SENTENÇAS JUDICIAIS CONDENATÓRIAS DA SAÚDE;0;ENCARGOS DO MUNICIPIO;10;Saúde;122;Administração Geral;2;3.3.90.91.99.00.00.00;OUTRAS SENTENÇAS JUDICIAIS E DECISÕES JUDICIAIS;1.500.000.1002;RECURSOS NÃO VINCULADOS DE IMPOSTOS (SAÚDE);1.600,00
FUNDO MUNICIPAL DE SAÚDE DE BARBACENA;18.002;FUNDO MUNICIPAL DE SAUDE;1.288;CONSTRUÇAO, REFORMA, READEQUAÇAO E AMPLIAÇAO DE UBS;2;ATENÇAO BASICA;10;Saúde;301;Atenção Básica;61;3.3.90.93.03.00.00.00;OUTRAS INDENIZAÇÕES E RESTITUIÇÕES;1.500.000.1002;RECURSOS NÃO VINCULADOS DE IMPOSTOS (SAÚDE);278.842,07
FUNDO MUNICIPAL DE SAÚDE DE BARBACENA;18.002;FUNDO MUNICIPAL DE SAUDE;1.288;CONSTRUÇAO, REFORMA, READEQUAÇAO E AMPLIAÇAO DE UBS;2;ATENÇAO BASICA;10;Saúde;301;Atenção Básica;62;4.4.90.51.01.00.00.00;OBRAS E INSTALAÇÕES DE DOMÍNIO PÚBLICO;2.706.000.0000;TRANSFERÊNCIA ESPECIAL DA UNIÃO;681.327,83
FUNDO MUNICIPAL DE SAÚDE DE BARBACENA;18.002;FUNDO MUNICIPAL DE SAUDE;2.025;MANUTENÇÃO DA REDE DE ATENÇÃO PRIMÁRIA;2;ATENÇAO BASICA;10;Saúde;301;Atenção Básica;64;3.1.90.04.15.00.00.00;OBRIGAÇÕES PATRONAIS - CONTRATO TEMPORÁRIO;1.500.000.1002;RECURSOS NÃO VINCULADOS DE IMPOSTOS (SAÚDE);1.007.121,30
FUNDO MUNICIPAL DE SAÚDE DE BARBACENA;18.002;FUNDO MUNICIPAL DE SAUDE;2.025;MANUTENÇÃO DA REDE DE ATENÇÃO PRIMÁRIA;2;ATENÇAO BASICA;10;Saúde;301;Atenção Básica;64;3.1.90.04.01.00.00.00;SALÁRIO CONTRATO TEMPORÁRIO;1.500.000.1002;RECURSOS NÃO VINCULADOS DE IMPOSTOS (SAÚDE);5.202.902,21
FUNDO MUNICIPAL DE SAÚDE DE BARBACENA;18.002;FUNDO MUNICIPAL DE SAUDE;2.025;MANUTENÇÃO DA REDE DE ATENÇÃO PRIMÁRIA;2;ATENÇAO BASICA;10;Saúde;301;Atenção Básica;64;3.1.90.04.01.00.00.00;SALÁRIO CONTRATO TEMPORÁRIO;1.600.000.0000;TRANSFERÊNCIAS FUNDO A FUNDO DE RECURSOS DO SUS PROVENIENTES DO GOVERNO FEDERAL - BLOCO DE MANUTENÇÃO DAS AÇÕES E SERVIÇOS PÚBLICOS DE SAÚDE;2.688.611,36
FUNDO MUNICIPAL DE SAÚDE DE BARBACENA;18.002;FUNDO MUNICIPAL DE SAUDE;2.025;MANUTENÇÃO DA REDE DE ATENÇÃO PRIMÁRIA;2;ATENÇAO BASICA;10;Saúde;301;Atenção Básica;64;3.1.90.04.15.00.00.00;OBRIGAÇÕES PATRONAIS - CONTRATO TEMPORÁRIO;1.600.000.0000;TRANSFERÊNCIAS FUNDO A FUNDO DE RECURSOS DO SUS PROVENIENTES DO GOVERNO FEDERAL - BLOCO DE MANUTENÇÃO DAS AÇÕES E SERVIÇOS PÚBLICOS DE SAÚDE;599.893,10
FUNDO MUNICIPAL DE SAÚDE DE BARBACENA;18.002;FUNDO MUNICIPAL DE SAUDE;2.025;MANUTENÇÃO DA REDE DE ATENÇÃO PRIMÁRIA;2;ATENÇAO BASICA;10;Saúde;301;Atenção Básica;64;3.1.90.04.15.00.00.00;OBRIGAÇÕES PATRONAIS - CONTRATO TEMPORÁRIO;1.621.000.0000;TRANSFERÊNCIAS FUNDO A FUNDO DE RECURSOS DO SUS PROVENIENTES DO GOVERNO ESTADUAL;101.484,24
FUNDO MUNICIPAL DE SAÚDE DE BARBACENA;18.002;FUNDO MUNICIPAL DE SAUDE;2.025;MANUTENÇÃO DA REDE DE ATENÇÃO PRIMÁRIA;2;ATENÇAO BASICA;10;Saúde;301;Atenção Básica;64;3.1.90.04.01.00.00.00;SALÁRIO CONTRATO TEMPORÁRIO;1.621.000.0000;TRANSFERÊNCIAS FUNDO A FUNDO DE RECURSOS DO SUS PROVENIENTES DO GOVERNO ESTADUAL;461.453,44
FUNDO MUNICIPAL DE SAÚDE DE BARBACENA;18.002;FUNDO MUNICIPAL DE SAUDE;2.025;MANUTENÇÃO DA REDE DE ATENÇÃO PRIMÁRIA;2;ATENÇAO BASICA;10;Saúde;301;Atenção Básica;64;3.1.90.04.01.00.00.00;SALÁRIO CONTRATO TEMPORÁRIO;2.621.000.0000;TRANSFERÊNCIAS FUNDO A FUNDO DE RECURSOS DO SUS PROVENIENTES DO GOVERNO ESTADUAL;193.246,25
FUNDO MUNICIPAL DE SAÚDE DE BARBACENA;18.002;FUNDO MUNICIPAL DE SAUDE;2.025;MANUTENÇÃO DA REDE DE ATENÇÃO PRIMÁRIA;2;ATENÇAO BASICA;10;Saúde;301;Atenção Básica;64;3.1.90.04.15.00.00.00;OBRIGAÇÕES PATRONAIS - CONTRATO TEMPORÁRIO;2.621.000.0000;TRANSFERÊNCIAS FUNDO A FUNDO DE RECURSOS DO SUS PROVENIENTES DO GOVERNO ESTADUAL;39.134,05
FUNDO MUNICIPAL DE SAÚDE DE BARBACENA;18.002;FUNDO MUNICIPAL DE SAUDE;2.025;MANUTENÇÃO DA REDE DE ATENÇÃO PRIMÁRIA;2;ATENÇAO BASICA;10;Saúde;301;Atenção Básica;65;3.1.90.11.52.00.00.00;LICENÇA SAÚDE;1.500.000.1002;RECURSOS NÃO VINCULADOS DE IMPOSTOS (SAÚDE);10.872,59
FUNDO MUNICIPAL DE SAÚDE DE BARBACENA;18.002;FUNDO MUNICIPAL DE SAUDE;2.025;MANUTENÇÃO DA REDE DE ATENÇÃO PRIMÁRIA;2;ATENÇAO BASICA;10;Saúde;301;Atenção Básica;65;3.1.90.11.01.00.00.00;VENCIMENTOS E SALÁRIOS;1.500.000.1002;RECURSOS NÃO VINCULADOS DE IMPOSTOS (SAÚDE);724.104,24
FUNDO MUNICIPAL DE SAÚDE DE BARBACENA;18.002;FUNDO MUNICIPAL DE SAUDE;2.025;MANUTENÇÃO DA REDE DE ATENÇÃO PRIMÁRIA;2;ATENÇAO BASICA;10;Saúde;301;Atenção Básica;65;3.1.90.11.50.00.00.00;SALÁRIO MATERNIDADE;1.600.000.0000;TRANSFERÊNCIAS FUNDO A FUNDO DE RECURSOS DO SUS PROVENIENTES DO GOVERNO FEDERAL - BLOCO DE MANUTENÇÃO DAS AÇÕES E SERVIÇOS PÚBLICOS DE SAÚDE;21.465,51
FUNDO MUNICIPAL DE SAÚDE DE BARBACENA;18.002;FUNDO MUNICIPAL DE SAUDE;2.025;MANUTENÇÃO DA REDE DE ATENÇÃO PRIMÁRIA;2;ATENÇAO BASICA;10;Saúde;301;Atenção Básica;65;3.1.90.11.52.00.00.00;LICENÇA SAÚDE;1.600.000.0000;TRANSFERÊNCIAS FUNDO A FUNDO DE RECURSOS DO SUS PROVENIENTES DO GOVERNO FEDERAL - BLOCO DE MANUTENÇÃO DAS AÇÕES E SERVIÇOS PÚBLICOS DE SAÚDE;33.920,37
FUNDO MUNICIPAL DE SAÚDE DE BARBACENA;18.002;FUNDO MUNICIPAL DE SAUDE;2.025;MANUTENÇÃO DA REDE DE ATENÇÃO PRIMÁRIA;2;ATENÇAO BASICA;10;Saúde;301;Atenção Básica;65;3.1.90.11.01.00.00.00;VENCIMENTOS E SALÁRIOS;1.600.000.0000;TRANSFERÊNCIAS FUNDO A FUNDO DE RECURSOS DO SUS PROVENIENTES DO GOVERNO FEDERAL - BLOCO DE MANUTENÇÃO DAS AÇÕES E SERVIÇOS PÚBLICOS DE SAÚDE;1.534.536,04
FUNDO MUNICIPAL DE SAÚDE DE BARBACENA;18.002;FUNDO MUNICIPAL DE SAUDE;2.025;MANUTENÇÃO DA REDE DE ATENÇÃO PRIMÁRIA;2;ATENÇAO BASICA;10;Saúde;301;Atenção Básica;65;3.1.90.11.52.00.00.00;LICENÇA SAÚDE;1.621.000.0000;TRANSFERÊNCIAS FUNDO A FUNDO DE RECURSOS DO SUS PROVENIENTES DO GOVERNO ESTADUAL;3.102,19
FUNDO MUNICIPAL DE SAÚDE DE BARBACENA;18.002;FUNDO MUNICIPAL DE SAUDE;2.025;MANUTENÇÃO DA REDE DE ATENÇÃO PRIMÁRIA;2;ATENÇAO BASICA;10;Saúde;301;Atenção Básica;65;3.1.90.11.01.00.00.00;VENCIMENTOS E SALÁRIOS;1.621.000.0000;TRANSFERÊNCIAS FUNDO A FUNDO DE RECURSOS DO SUS PROVENIENTES DO GOVERNO ESTADUAL;208.284,13
FUNDO MUNICIPAL DE SAÚDE DE BARBACENA;18.002;FUNDO MUNICIPAL DE SAUDE;2.025;MANUTENÇÃO DA REDE DE ATENÇÃO PRIMÁRIA;2;ATENÇAO BASICA;10;Saúde;301;Atenção Básica;65;3.1.90.11.01.00.00.00;VENCIMENTOS E SALÁRIOS;2.621.000.0000;TRANSFERÊNCIAS FUNDO A FUNDO DE RECURSOS DO SUS PROVENIENTES DO GOVERNO ESTADUAL;210.723,63
FUNDO MUNICIPAL DE SAÚDE DE BARBACENA;18.002;FUNDO MUNICIPAL DE SAUDE;2.025;MANUTENÇÃO DA REDE DE ATENÇÃO PRIMÁRIA;2;ATENÇAO BASICA;10;Saúde;301;Atenção Básica;65;3.1.90.11.52.00.00.00;LICENÇA SAÚDE;2.621.000.0000;TRANSFERÊNCIAS FUNDO A FUNDO DE RECURSOS DO SUS PROVENIENTES DO GOVERNO ESTADUAL;3.027,88
FUNDO MUNICIPAL DE SAÚDE DE BARBACENA;18.002;FUNDO MUNICIPAL DE SAUDE;2.025;MANUTENÇÃO DA REDE DE ATENÇÃO PRIMÁRIA;2;ATENÇAO BASICA;10;Saúde;301;Atenção Básica;68;3.1.91.13.08.00.00.00;CONTRIB. PREV.- RPPS - PESSOAL ATIVO - PLANO PREV.;1.500.000.1002;RECURSOS NÃO VINCULADOS DE IMPOSTOS (SAÚDE);172.910,64
FUNDO MUNICIPAL DE SAÚDE DE BARBACENA;18.002;FUNDO MUNICIPAL DE SAUDE;2.025;MANUTENÇÃO DA REDE DE ATENÇÃO PRIMÁRIA;2;ATENÇAO BASICA;10;Saúde;301;Atenção Básica;68;3.1.91.13.08.00.00.00;CONTRIB. PREV.- RPPS - PESSOAL ATIVO - PLANO PREV.;1.600.000.0000;TRANSFERÊNCIAS FUNDO A FUNDO DE RECURSOS DO SUS PROVENIENTES DO GOVERNO FEDERAL - BLOCO DE MANUTENÇÃO DAS AÇÕES E SERVIÇOS PÚBLICOS DE SAÚDE;453.302,63
FUNDO MUNICIPAL DE SAÚDE DE BARBACENA;18.002;FUNDO MUNICIPAL DE SAUDE;2.025;MANUTENÇÃO DA REDE DE ATENÇÃO PRIMÁRIA;2;ATENÇAO BASICA;10;Saúde;301;Atenção Básica;68;3.1.91.13.08.00.00.00;CONTRIB. PREV.- RPPS - PESSOAL ATIVO - PLANO PREV.;1.621.000.0000;TRANSFERÊNCIAS FUNDO A FUNDO DE RECURSOS DO SUS PROVENIENTES DO GOVERNO ESTADUAL;58.678,05
FUNDO MUNICIPAL DE SAÚDE DE BARBACENA;18.002;FUNDO MUNICIPAL DE SAUDE;2.025;MANUTENÇÃO DA REDE DE ATENÇÃO PRIMÁRIA;2;ATENÇAO BASICA;10;Saúde;301;Atenção Básica;68;3.1.91.13.08.00.00.00;CONTRIB. PREV.- RPPS - PESSOAL ATIVO - PLANO PREV.;2.621.000.0000;TRANSFERÊNCIAS FUNDO A FUNDO DE RECURSOS DO SUS PROVENIENTES DO GOVERNO ESTADUAL;58.356,30
FUNDO MUNICIPAL DE SAÚDE DE BARBACENA;18.002;FUNDO MUNICIPAL DE SAUDE;2.025;MANUTENÇÃO DA REDE DE ATENÇÃO PRIMÁRIA;2;ATENÇAO BASICA;10;Saúde;301;Atenção Básica;69;3.3.90.08.56.00.00.00;SALÁRIO FAMÍLIA;1.500.000.1002;RECURSOS NÃO VINCULADOS DE IMPOSTOS (SAÚDE);990,00
FUNDO MUNICIPAL DE SAÚDE DE BARBACENA;18.002;FUNDO MUNICIPAL DE SAUDE;2.025;MANUTENÇÃO DA REDE DE ATENÇÃO PRIMÁRIA;2;ATENÇAO BASICA;10;Saúde;301;Atenção Básica;69;3.3.90.08.56.00.00.00;SALÁRIO FAMÍLIA;1.600.000.0000;TRANSFERÊNCIAS FUNDO A FUNDO DE RECURSOS DO SUS PROVENIENTES DO GOVERNO FEDERAL - BLOCO DE MANUTENÇÃO DAS AÇÕES E SERVIÇOS PÚBLICOS DE SAÚDE;2.292,00
FUNDO MUNICIPAL DE SAÚDE DE BARBACENA;18.002;FUNDO MUNICIPAL DE SAUDE;2.025;MANUTENÇÃO DA REDE DE ATENÇÃO PRIMÁRIA;2;ATENÇAO BASICA;10;Saúde;301;Atenção Básica;69;3.3.90.08.56.00.00.00;SALÁRIO FAMÍLIA;1.621.000.0000;TRANSFERÊNCIAS FUNDO A FUNDO DE RECURSOS DO SUS PROVENIENTES DO GOVERNO ESTADUAL;330,00
FUNDO MUNICIPAL DE SAÚDE DE BARBACENA;18.002;FUNDO MUNICIPAL DE SAUDE;2.025;MANUTENÇÃO DA REDE DE ATENÇÃO PRIMÁRIA;2;ATENÇAO BASICA;10;Saúde;301;Atenção Básica;69;3.3.90.08.56.00.00.00;SALÁRIO FAMÍLIA;2.621.000.0000;TRANSFERÊNCIAS FUNDO A FUNDO DE RECURSOS DO SUS PROVENIENTES DO GOVERNO ESTADUAL;330,00
FUNDO MUNICIPAL DE SAÚDE DE BARBACENA;18.002;FUNDO MUNICIPAL DE SAUDE;2.025;MANUTENÇÃO DA REDE DE ATENÇÃO PRIMÁRIA;2;ATENÇAO BASICA;10;Saúde;301;Atenção Básica;70;3.3.90.14.05.00.00.00;DIÁRIAS DE DEMAIS SERVIDORES;1.600.000.0000;TRANSFERÊNCIAS FUNDO A FUNDO DE RECURSOS DO SUS PROVENIENTES DO GOVERNO FEDERAL - BLOCO DE MANUTENÇÃO DAS AÇÕES E SERVIÇOS PÚBLICOS DE SAÚDE;2.150,00
FUNDO MUNICIPAL DE SAÚDE DE BARBACENA;18.002;FUNDO MUNICIPAL DE SAUDE;2.025;MANUTENÇÃO DA REDE DE ATENÇÃO PRIMÁRIA;2;ATENÇAO BASICA;10;Saúde;301;Atenção Básica;70;3.3.90.14.05.00.00.00;DIÁRIAS DE DEMAIS SERVIDORES;2.621.000.0000;TRANSFERÊNCIAS FUNDO A FUNDO DE RECURSOS DO SUS PROVENIENTES DO GOVERNO ESTADUAL;2.000,00
FUNDO MUNICIPAL DE SAÚDE DE BARBACENA;18.002;FUNDO MUNICIPAL DE SAUDE;2.025;MANUTENÇÃO DA REDE DE ATENÇÃO PRIMÁRIA;2;ATENÇAO BASICA;10;Saúde;301;Atenção Básica;72;3.3.90.30.16.00.00.00;MATERIAL DE EXPEDIENTE;1.600.000.0000;TRANSFERÊNCIAS FUNDO A FUNDO DE RECURSOS DO SUS PROVENIENTES DO GOVERNO FEDERAL - BLOCO DE MANUTENÇÃO DAS AÇÕES E SERVIÇOS PÚBLICOS DE SAÚDE;24.612,23
FUNDO MUNICIPAL DE SAÚDE DE BARBACENA;18.002;FUNDO MUNICIPAL DE SAUDE;2.025;MANUTENÇÃO DA REDE DE ATENÇÃO PRIMÁRIA;2;ATENÇAO BASICA;10;Saúde;301;Atenção Básica;72;3.3.90.30.28.00.00.00;MATERIAL DE PROTEÇÃO E SEGURANÇA;1.600.000.0000;TRANSFERÊNCIAS FUNDO A FUNDO DE RECURSOS DO SUS PROVENIENTES DO GOVERNO FEDERAL - BLOCO DE MANUTENÇÃO DAS AÇÕES E SERVIÇOS PÚBLICOS DE SAÚDE;729,00
FUNDO MUNICIPAL DE SAÚDE DE BARBACENA;18.002;FUNDO MUNICIPAL DE SAUDE;2.025;MANUTENÇÃO DA REDE DE ATENÇÃO PRIMÁRIA;2;ATENÇAO BASICA;10;Saúde;301;Atenção Básica;72;3.3.90.30.09.00.00.00;MEDICAMENTOS;1.600.000.0000;TRANSFERÊNCIAS FUNDO A FUNDO DE RECURSOS DO SUS PROVENIENTES DO GOVERNO FEDERAL - BLOCO DE MANUTENÇÃO DAS AÇÕES E SERVIÇOS PÚBLICOS DE SAÚDE;12.794,40
FUNDO MUNICIPAL DE SAÚDE DE BARBACENA;18.002;FUNDO MUNICIPAL DE SAUDE;2.025;MANUTENÇÃO DA REDE DE ATENÇÃO PRIMÁRIA;2;ATENÇAO BASICA;10;Saúde;301;Atenção Básica;72;3.3.90.30.99.00.00.00;OUTROS MATERIAIS DE CONSUMO;1.621.000.0000;TRANSFERÊNCIAS FUNDO A FUNDO DE RECURSOS DO SUS PROVENIENTES DO GOVERNO ESTADUAL;417.800,12
FUNDO MUNICIPAL DE SAÚDE DE BARBACENA;18.002;FUNDO MUNICIPAL DE SAUDE;2.025;MANUTENÇÃO DA REDE DE ATENÇÃO PRIMÁRIA;2;ATENÇAO BASICA;10;Saúde;301;Atenção Básica;72;3.3.90.30.16.00.00.00;MATERIAL DE EXPEDIENTE;1.621.000.0000;TRANSFERÊNCIAS FUNDO A FUNDO DE RECURSOS DO SUS PROVENIENTES DO GOVERNO ESTADUAL;22.462,23
FUNDO MUNICIPAL DE SAÚDE DE BARBACENA;18.002;FUNDO MUNICIPAL DE SAUDE;2.025;MANUTENÇÃO DA REDE DE ATENÇÃO PRIMÁRIA;2;ATENÇAO BASICA;10;Saúde;301;Atenção Básica;72;3.3.90.30.09.00.00.00;MEDICAMENTOS;1.621.000.0000;TRANSFERÊNCIAS FUNDO A FUNDO DE RECURSOS DO SUS PROVENIENTES DO GOVERNO ESTADUAL;8.400,80
FUNDO MUNICIPAL DE SAÚDE DE BARBACENA;18.002;FUNDO MUNICIPAL DE SAUDE;2.025;MANUTENÇÃO DA REDE DE ATENÇÃO PRIMÁRIA;2;ATENÇAO BASICA;10;Saúde;301;Atenção Básica;72;3.3.90.30.37.00.00.00;MATERIAL PARA MANUTENÇÃO DE VEÍCULOS;1.621.000.0000;TRANSFERÊNCIAS FUNDO A FUNDO DE RECURSOS DO SUS PROVENIENTES DO GOVERNO ESTADUAL;20.000,00
FUNDO MUNICIPAL DE SAÚDE DE BARBACENA;18.002;FUNDO MUNICIPAL DE SAUDE;2.025;MANUTENÇÃO DA REDE DE ATENÇÃO PRIMÁRIA;2;ATENÇAO BASICA;10;Saúde;301;Atenção Básica;72;3.3.90.30.22.00.00.00;MATERIAL DE LIMPEZA E PRODUÇÃO DE HIGIENIZAÇÃO;2.600.000.0000;TRANSFERÊNCIAS FUNDO A FUNDO DE RECURSOS DO SUS PROVENIENTES DO GOVERNO FEDERAL - BLOCO DE MANUTENÇÃO DAS AÇÕES E SERVIÇOS PÚBLICOS DE SAÚDE;28.983,17
FUNDO MUNICIPAL DE SAÚDE DE BARBACENA;18.002;FUNDO MUNICIPAL DE SAUDE;2.025;MANUTENÇÃO DA REDE DE ATENÇÃO PRIMÁRIA;2;ATENÇAO BASICA;10;Saúde;301;Atenção Básica;72;3.3.90.30.16.00.00.00;MATERIAL DE EXPEDIENTE;2.600.000.0000;TRANSFERÊNCIAS FUNDO A FUNDO DE RECURSOS DO SUS PROVENIENTES DO GOVERNO FEDERAL - BLOCO DE MANUTENÇÃO DAS AÇÕES E SERVIÇOS PÚBLICOS DE SAÚDE;30.305,28
FUNDO MUNICIPAL DE SAÚDE DE BARBACENA;18.002;FUNDO MUNICIPAL DE SAUDE;2.025;MANUTENÇÃO DA REDE DE ATENÇÃO PRIMÁRIA;2;ATENÇAO BASICA;10;Saúde;301;Atenção Básica;72;3.3.90.30.28.00.00.00;MATERIAL DE PROTEÇÃO E SEGURANÇA;2.600.000.0000;TRANSFERÊNCIAS FUNDO A FUNDO DE RECURSOS DO SUS PROVENIENTES DO GOVERNO FEDERAL - BLOCO DE MANUTENÇÃO DAS AÇÕES E SERVIÇOS PÚBLICOS DE SAÚDE;9.547,10
FUNDO MUNICIPAL DE SAÚDE DE BARBACENA;18.002;FUNDO MUNICIPAL DE SAUDE;2.025;MANUTENÇÃO DA REDE DE ATENÇÃO PRIMÁRIA;2;ATENÇAO BASICA;10;Saúde;301;Atenção Básica;72;3.3.90.30.37.00.00.00;MATERIAL PARA MANUTENÇÃO DE VEÍCULOS;2.621.000.0000;TRANSFERÊNCIAS FUNDO A FUNDO DE RECURSOS DO SUS PROVENIENTES DO GOVERNO ESTADUAL;50.000,00
FUNDO MUNICIPAL DE SAÚDE DE BARBACENA;18.002;FUNDO MUNICIPAL DE SAUDE;2.025;MANUTENÇÃO DA REDE DE ATENÇÃO PRIMÁRIA;2;ATENÇAO BASICA;10;Saúde;301;Atenção Básica;72;3.3.90.30.22.00.00.00;MATERIAL DE LIMPEZA E PRODUÇÃO DE HIGIENIZAÇÃO;2.621.000.0000;TRANSFERÊNCIAS FUNDO A FUNDO DE RECURSOS DO SUS PROVENIENTES DO GOVERNO ESTADUAL;2.312,49
FUNDO MUNICIPAL DE SAÚDE DE BARBACENA;18.002;FUNDO MUNICIPAL DE SAUDE;2.025;MANUTENÇÃO DA REDE DE ATENÇÃO PRIMÁRIA;2;ATENÇAO BASICA;10;Saúde;301;Atenção Básica;72;3.3.90.30.35.00.00.00;MATERIAL HOSPITALAR;2.621.000.0000;TRANSFERÊNCIAS FUNDO A FUNDO DE RECURSOS DO SUS PROVENIENTES DO GOVERNO ESTADUAL;591.577,80
FUNDO MUNICIPAL DE SAÚDE DE BARBACENA;18.002;FUNDO MUNICIPAL DE SAUDE;2.025;MANUTENÇÃO DA REDE DE ATENÇÃO PRIMÁRIA;2;ATENÇAO BASICA;10;Saúde;301;Atenção Básica;72;3.3.90.30.09.00.00.00;MEDICAMENTOS;2.621.000.0000;TRANSFERÊNCIAS FUNDO A FUNDO DE RECURSOS DO SUS PROVENIENTES DO GOVERNO ESTADUAL;794.054,55
FUNDO MUNICIPAL DE SAÚDE DE BARBACENA;18.002;FUNDO MUNICIPAL DE SAUDE;2.025;MANUTENÇÃO DA REDE DE ATENÇÃO PRIMÁRIA;2;ATENÇAO BASICA;10;Saúde;301;Atenção Básica;72;3.3.90.30.99.00.00.00;OUTROS MATERIAIS DE CONSUMO;2.621.000.0000;TRANSFERÊNCIAS FUNDO A FUNDO DE RECURSOS DO SUS PROVENIENTES DO GOVERNO ESTADUAL;153.298,05
FUNDO MUNICIPAL DE SAÚDE DE BARBACENA;18.002;FUNDO MUNICIPAL DE SAUDE;2.025;MANUTENÇÃO DA REDE DE ATENÇÃO PRIMÁRIA;2;ATENÇAO BASICA;10;Saúde;301;Atenção Básica;72;3.3.90.30.17.00.00.00;MATERIAL DE PROCESSAMENTO DE DADOS;2.621.000.0000;TRANSFERÊNCIAS FUNDO A FUNDO DE RECURSOS DO SUS PROVENIENTES DO GOVERNO ESTADUAL;5.921,90
FUNDO MUNICIPAL DE SAÚDE DE BARBACENA;18.002;FUNDO MUNICIPAL DE SAUDE;2.025;MANUTENÇÃO DA REDE DE ATENÇÃO PRIMÁRIA;2;ATENÇAO BASICA;10;Saúde;301;Atenção Básica;72;3.3.90.30.04.00.00.00;GÁS ENGARRAFADO;2.621.000.0000;TRANSFERÊNCIAS FUNDO A FUNDO DE RECURSOS DO SUS PROVENIENTES DO GOVERNO ESTADUAL;1.356,00
FUNDO MUNICIPAL DE SAÚDE DE BARBACENA;18.002;FUNDO MUNICIPAL DE SAUDE;2.025;MANUTENÇÃO DA REDE DE ATENÇÃO PRIMÁRIA;2;ATENÇAO BASICA;10;Saúde;301;Atenção Básica;72;3.3.90.30.26.00.00.00;MATERIAL ELÉTRICO E ELETRÔNICO;2.621.000.0000;TRANSFERÊNCIAS FUNDO A FUNDO DE RECURSOS DO SUS PROVENIENTES DO GOVERNO ESTADUAL;28.041,00
FUNDO MUNICIPAL DE SAÚDE DE BARBACENA;18.002;FUNDO MUNICIPAL DE SAUDE;2.025;MANUTENÇÃO DA REDE DE ATENÇÃO PRIMÁRIA;2;ATENÇAO BASICA;10;Saúde;301;Atenção Básica;72;3.3.90.30.26.00.00.00;MATERIAL ELÉTRICO E ELETRÔNICO;2.706.000.0000;TRANSFERÊNCIA ESPECIAL DA UNIÃO;13.388,00
FUNDO MUNICIPAL DE SAÚDE DE BARBACENA;18.002;FUNDO MUNICIPAL DE SAUDE;2.025;MANUTENÇÃO DA REDE DE ATENÇÃO PRIMÁRIA;2;ATENÇAO BASICA;10;Saúde;301;Atenção Básica;73;3.3.90.36.14.00.00.00;LOCAÇÃO DE IMÓVEIS;1.600.000.0000;TRANSFERÊNCIAS FUNDO A FUNDO DE RECURSOS DO SUS PROVENIENTES DO GOVERNO FEDERAL - BLOCO DE MANUTENÇÃO DAS AÇÕES E SERVIÇOS PÚBLICOS DE SAÚDE;50.828,17
FUNDO MUNICIPAL DE SAÚDE DE BARBACENA;18.002;FUNDO MUNICIPAL DE SAUDE;2.025;MANUTENÇÃO DA REDE DE ATENÇÃO PRIMÁRIA;2;ATENÇAO BASICA;10;Saúde;301;Atenção Básica;74;3.3.90.39.29.00.00.00;SERVIÇOS DE ENERGIA ELÉTRICA;1.500.000.1002;RECURSOS NÃO VINCULADOS DE IMPOSTOS (SAÚDE);70.000,00
FUNDO MUNICIPAL DE SAÚDE DE BARBACENA;18.002;FUNDO MUNICIPAL DE SAUDE;2.025;MANUTENÇÃO DA REDE DE ATENÇÃO PRIMÁRIA;2;ATENÇAO BASICA;10;Saúde;301;Atenção Básica;74;3.3.90.39.99.00.00.00;OUTROS SERVIÇOS DE TERCEIROS - PESSOA JURÍDICA;1.500.000.1002;RECURSOS NÃO VINCULADOS DE IMPOSTOS (SAÚDE);486,26
FUNDO MUNICIPAL DE SAÚDE DE BARBACENA;18.002;FUNDO MUNICIPAL DE SAUDE;2.025;MANUTENÇÃO DA REDE DE ATENÇÃO PRIMÁRIA;2;ATENÇAO BASICA;10;Saúde;301;Atenção Básica;74;3.3.90.39.99.00.00.00;OUTROS SERVIÇOS DE TERCEIROS - PESSOA JURÍDICA;1.600.000.0000;TRANSFERÊNCIAS FUNDO A FUNDO DE RECURSOS DO SUS PROVENIENTES DO GOVERNO FEDERAL - BLOCO DE MANUTENÇÃO DAS AÇÕES E SERVIÇOS PÚBLICOS DE SAÚDE;103.628,48
FUNDO MUNICIPAL DE SAÚDE DE BARBACENA;18.002;FUNDO MUNICIPAL DE SAUDE;2.025;MANUTENÇÃO DA REDE DE ATENÇÃO PRIMÁRIA;2;ATENÇAO BASICA;10;Saúde;301;Atenção Básica;74;3.3.90.39.36.00.00.00;SERVIÇO MÉDICO-HOSPITALAR, ODONT. E LABORATORIAL;1.600.000.0000;TRANSFERÊNCIAS FUNDO A FUNDO DE RECURSOS DO SUS PROVENIENTES DO GOVERNO FEDERAL - BLOCO DE MANUTENÇÃO DAS AÇÕES E SERVIÇOS PÚBLICOS DE SAÚDE;5.347,15
FUNDO MUNICIPAL DE SAÚDE DE BARBACENA;18.002;FUNDO MUNICIPAL DE SAUDE;2.025;MANUTENÇÃO DA REDE DE ATENÇÃO PRIMÁRIA;2;ATENÇAO BASICA;10;Saúde;301;Atenção Básica;74;3.3.90.39.53.00.00.00;SEGUROS EM GERAL;1.600.000.0000;TRANSFERÊNCIAS FUNDO A FUNDO DE RECURSOS DO SUS PROVENIENTES DO GOVERNO FEDERAL - BLOCO DE MANUTENÇÃO DAS AÇÕES E SERVIÇOS PÚBLICOS DE SAÚDE;0,00
FUNDO MUNICIPAL DE SAÚDE DE BARBACENA;18.002;FUNDO MUNICIPAL DE SAUDE;2.025;MANUTENÇÃO DA REDE DE ATENÇÃO PRIMÁRIA;2;ATENÇAO BASICA;10;Saúde;301;Atenção Básica;74;3.3.90.39.99.00.00.00;OUTROS SERVIÇOS DE TERCEIROS - PESSOA JURÍDICA;1.621.000.0000;TRANSFERÊNCIAS FUNDO A FUNDO DE RECURSOS DO SUS PROVENIENTES DO GOVERNO ESTADUAL;74.288,37
FUNDO MUNICIPAL DE SAÚDE DE BARBACENA;18.002;FUNDO MUNICIPAL DE SAUDE;2.025;MANUTENÇÃO DA REDE DE ATENÇÃO PRIMÁRIA;2;ATENÇAO BASICA;10;Saúde;301;Atenção Básica;74;3.3.90.39.12.00.00.00;LOCAÇÃO DE MÁQUINAS E EQUIPAMENTOS;1.621.000.0000;TRANSFERÊNCIAS FUNDO A FUNDO DE RECURSOS DO SUS PROVENIENTES DO GOVERNO ESTADUAL;60.916,24
FUNDO MUNICIPAL DE SAÚDE DE BARBACENA;18.002;FUNDO MUNICIPAL DE SAUDE;2.025;MANUTENÇÃO DA REDE DE ATENÇÃO PRIMÁRIA;2;ATENÇAO BASICA;10;Saúde;301;Atenção Básica;74;3.3.90.39.43.00.00.00;SERVIÇOS DE TELECOMUNICAÇÕES;1.621.000.0000;TRANSFERÊNCIAS FUNDO A FUNDO DE RECURSOS DO SUS PROVENIENTES DO GOVERNO ESTADUAL;18.410,00
FUNDO MUNICIPAL DE SAÚDE DE BARBACENA;18.002;FUNDO MUNICIPAL DE SAUDE;2.025;MANUTENÇÃO DA REDE DE ATENÇÃO PRIMÁRIA;2;ATENÇAO BASICA;10;Saúde;301;Atenção Básica;74;3.3.90.39.16.00.00.00;MANUTENÇÃO E CONSERVAÇÃO DE VEÍCULOS;1.621.000.0000;TRANSFERÊNCIAS FUNDO A FUNDO DE RECURSOS DO SUS PROVENIENTES DO GOVERNO ESTADUAL;20.000,00
FUNDO MUNICIPAL DE SAÚDE DE BARBACENA;18.002;FUNDO MUNICIPAL DE SAUDE;2.025;MANUTENÇÃO DA REDE DE ATENÇÃO PRIMÁRIA;2;ATENÇAO BASICA;10;Saúde;301;Atenção Básica;74;3.3.90.39.53.00.00.00;SEGUROS EM GERAL;1.621.000.0000;TRANSFERÊNCIAS FUNDO A FUNDO DE RECURSOS DO SUS PROVENIENTES DO GOVERNO ESTADUAL;12.500,00
FUNDO MUNICIPAL DE SAÚDE DE BARBACENA;18.002;FUNDO MUNICIPAL DE SAUDE;2.025;MANUTENÇÃO DA REDE DE ATENÇÃO PRIMÁRIA;2;ATENÇAO BASICA;10;Saúde;301;Atenção Básica;74;3.3.90.39.99.00.00.00;OUTROS SERVIÇOS DE TERCEIROS - PESSOA JURÍDICA;2.600.000.0000;TRANSFERÊNCIAS FUNDO A FUNDO DE RECURSOS DO SUS PROVENIENTES DO GOVERNO FEDERAL - BLOCO DE MANUTENÇÃO DAS AÇÕES E SERVIÇOS PÚBLICOS DE SAÚDE;147.850,28
FUNDO MUNICIPAL DE SAÚDE DE BARBACENA;18.002;FUNDO MUNICIPAL DE SAUDE;2.025;MANUTENÇÃO DA REDE DE ATENÇÃO PRIMÁRIA;2;ATENÇAO BASICA;10;Saúde;301;Atenção Básica;74;3.3.90.39.27.00.00.00;FORNECIMENTO DE ALIMENTAÇÃO;2.621.000.0000;TRANSFERÊNCIAS FUNDO A FUNDO DE RECURSOS DO SUS PROVENIENTES DO GOVERNO ESTADUAL;29.152,50
FUNDO MUNICIPAL DE SAÚDE DE BARBACENA;18.002;FUNDO MUNICIPAL DE SAUDE;2.025;MANUTENÇÃO DA REDE DE ATENÇÃO PRIMÁRIA;2;ATENÇAO BASICA;10;Saúde;301;Atenção Básica;74;3.3.90.39.16.00.00.00;MANUTENÇÃO E CONSERVAÇÃO DE VEÍCULOS;2.621.000.0000;TRANSFERÊNCIAS FUNDO A FUNDO DE RECURSOS DO SUS PROVENIENTES DO GOVERNO ESTADUAL;50.000,00
FUNDO MUNICIPAL DE SAÚDE DE BARBACENA;18.002;FUNDO MUNICIPAL DE SAUDE;2.025;MANUTENÇÃO DA REDE DE ATENÇÃO PRIMÁRIA;2;ATENÇAO BASICA;10;Saúde;301;Atenção Básica;74;3.3.90.39.99.00.00.00;OUTROS SERVIÇOS DE TERCEIROS - PESSOA JURÍDICA;2.621.000.0000;TRANSFERÊNCIAS FUNDO A FUNDO DE RECURSOS DO SUS PROVENIENTES DO GOVERNO ESTADUAL;507.332,87
FUNDO MUNICIPAL DE SAÚDE DE BARBACENA;18.002;FUNDO MUNICIPAL DE SAUDE;2.025;MANUTENÇÃO DA REDE DE ATENÇÃO PRIMÁRIA;2;ATENÇAO BASICA;10;Saúde;301;Atenção Básica;74;3.3.90.39.30.00.00.00;SERVIÇOS DE ÁGUA E ESGOTO;2.621.000.0000;TRANSFERÊNCIAS FUNDO A FUNDO DE RECURSOS DO SUS PROVENIENTES DO GOVERNO ESTADUAL;12.000,00
FUNDO MUNICIPAL DE SAÚDE DE BARBACENA;18.002;FUNDO MUNICIPAL DE SAUDE;2.025;MANUTENÇÃO DA REDE DE ATENÇÃO PRIMÁRIA;2;ATENÇAO BASICA;10;Saúde;301;Atenção Básica;74;3.3.90.39.53.00.00.00;SEGUROS EM GERAL;2.621.000.0000;TRANSFERÊNCIAS FUNDO A FUNDO DE RECURSOS DO SUS PROVENIENTES DO GOVERNO ESTADUAL;2.399,20
FUNDO MUNICIPAL DE SAÚDE DE BARBACENA;18.002;FUNDO MUNICIPAL DE SAUDE;2.025;MANUTENÇÃO DA REDE DE ATENÇÃO PRIMÁRIA;2;ATENÇAO BASICA;10;Saúde;301;Atenção Básica;74;3.3.90.39.48.00.00.00;SERVIÇOS GRÁFICOS;2.621.000.0000;TRANSFERÊNCIAS FUNDO A FUNDO DE RECURSOS DO SUS PROVENIENTES DO GOVERNO ESTADUAL;13.153,40
FUNDO MUNICIPAL DE SAÚDE DE BARBACENA;18.002;FUNDO MUNICIPAL DE SAUDE;2.025;MANUTENÇÃO DA REDE DE ATENÇÃO PRIMÁRIA;2;ATENÇAO BASICA;10;Saúde;301;Atenção Básica;74;3.3.90.39.99.00.00.00;OUTROS SERVIÇOS DE TERCEIROS - PESSOA JURÍDICA;2.706.000.0000;TRANSFERÊNCIA ESPECIAL DA UNIÃO;57.175,00
FUNDO MUNICIPAL DE SAÚDE DE BARBACENA;18.002;FUNDO MUNICIPAL DE SAUDE;2.025;MANUTENÇÃO DA REDE DE ATENÇÃO PRIMÁRIA;2;ATENÇAO BASICA;10;Saúde;301;Atenção Básica;76;3.3.90.46.00.00.00.00;AUXÍLIO-ALIMENTAÇÃO;1.500.000.1002;RECURSOS NÃO VINCULADOS DE IMPOSTOS (SAÚDE);532.076,57
FUNDO MUNICIPAL DE SAÚDE DE BARBACENA;18.002;FUNDO MUNICIPAL DE SAUDE;2.025;MANUTENÇÃO DA REDE DE ATENÇÃO PRIMÁRIA;2;ATENÇAO BASICA;10;Saúde;301;Atenção Básica;76;3.3.90.46.00.00.00.00;AUXÍLIO-ALIMENTAÇÃO;1.600.000.0000;TRANSFERÊNCIAS FUNDO A FUNDO DE RECURSOS DO SUS PROVENIENTES DO GOVERNO FEDERAL - BLOCO DE MANUTENÇÃO DAS AÇÕES E SERVIÇOS PÚBLICOS DE SAÚDE;362.841,52
FUNDO MUNICIPAL DE SAÚDE DE BARBACENA;18.002;FUNDO MUNICIPAL DE SAUDE;2.025;MANUTENÇÃO DA REDE DE ATENÇÃO PRIMÁRIA;2;ATENÇAO BASICA;10;Saúde;301;Atenção Básica;76;3.3.90.46.00.00.00.00;AUXÍLIO-ALIMENTAÇÃO;1.621.000.0000;TRANSFERÊNCIAS FUNDO A FUNDO DE RECURSOS DO SUS PROVENIENTES DO GOVERNO ESTADUAL;77.385,00
FUNDO MUNICIPAL DE SAÚDE DE BARBACENA;18.002;FUNDO MUNICIPAL DE SAUDE;2.025;MANUTENÇÃO DA REDE DE ATENÇÃO PRIMÁRIA;2;ATENÇAO BASICA;10;Saúde;301;Atenção Básica;76;3.3.90.46.00.00.00.00;AUXÍLIO-ALIMENTAÇÃO;2.621.000.0000;TRANSFERÊNCIAS FUNDO A FUNDO DE RECURSOS DO SUS PROVENIENTES DO GOVERNO ESTADUAL;43.140,00
FUNDO MUNICIPAL DE SAÚDE DE BARBACENA;18.002;FUNDO MUNICIPAL DE SAUDE;2.025;MANUTENÇÃO DA REDE DE ATENÇÃO PRIMÁRIA;2;ATENÇAO BASICA;10;Saúde;301;Atenção Básica;78;3.3.90.48.00.00.00.00;OUTROS AUXÍLIOS FINANCEIROS A PESSOAS FÍSICAS;1.500.000.1002;RECURSOS NÃO VINCULADOS DE IMPOSTOS (SAÚDE);20.419,99
FUNDO MUNICIPAL DE SAÚDE DE BARBACENA;18.002;FUNDO MUNICIPAL DE SAUDE;2.025;MANUTENÇÃO DA REDE DE ATENÇÃO PRIMÁRIA;2;ATENÇAO BASICA;10;Saúde;301;Atenção Básica;79;4.4.90.52.04.00.00.00;APARELHOS, EQUIPAMENTOS, UTENSÍLIOS MÉDICO-ODONT;1.500.000.1002;RECURSOS NÃO VINCULADOS DE IMPOSTOS (SAÚDE);5.407,05
FUNDO MUNICIPAL DE SAÚDE DE BARBACENA;18.002;FUNDO MUNICIPAL DE SAUDE;2.025;MANUTENÇÃO DA REDE DE ATENÇÃO PRIMÁRIA;2;ATENÇAO BASICA;10;Saúde;301;Atenção Básica;79;4.4.90.52.04.00.00.00;APARELHOS, EQUIPAMENTOS, UTENSÍLIOS MÉDICO-ODONT;2.601.000.0000;TRANSFERÊNCIAS FUNDO A FUNDO DE RECURSOS DO SUS PROVENIENTES DO GOVERNO FEDERAL. BLOCO DE ESTRUTURAÇÃO DA REDE DE SERVIÇOS PÚBLICOS DE SAÚDE;14.161,90
FUNDO MUNICIPAL DE SAÚDE DE BARBACENA;18.002;FUNDO MUNICIPAL DE SAUDE;2.025;MANUTENÇÃO DA REDE DE ATENÇÃO PRIMÁRIA;2;ATENÇAO BASICA;10;Saúde;301;Atenção Básica;79;4.4.90.52.06.00.00.00;APARELHOS E UTENSÍLIOS DOMÉSTICOS;2.601.000.0000;TRANSFERÊNCIAS FUNDO A FUNDO DE RECURSOS DO SUS PROVENIENTES DO GOVERNO FEDERAL. BLOCO DE ESTRUTURAÇÃO DA REDE DE SERVIÇOS PÚBLICOS DE SAÚDE;2.258,00
FUNDO MUNICIPAL DE SAÚDE DE BARBACENA;18.002;FUNDO MUNICIPAL DE SAUDE;2.025;MANUTENÇÃO DA REDE DE ATENÇÃO PRIMÁRIA;2;ATENÇAO BASICA;10;Saúde;301;Atenção Básica;79;4.4.90.52.24.00.00.00;MOBILIÁRIO EM GERAL;2.601.000.0000;TRANSFERÊNCIAS FUNDO A FUNDO DE RECURSOS DO SUS PROVENIENTES DO GOVERNO FEDERAL. BLOCO DE ESTRUTURAÇÃO DA REDE DE SERVIÇOS PÚBLICOS DE SAÚDE;6.015,00
FUNDO MUNICIPAL DE SAÚDE DE BARBACENA;18.002;FUNDO MUNICIPAL DE SAUDE;2.025;MANUTENÇÃO DA REDE DE ATENÇÃO PRIMÁRIA;2;ATENÇAO BASICA;10;Saúde;301;Atenção Básica;79;4.4.90.52.19.00.00.00;EQUIPAMENTOS DE PROCESSAMENTO DE DADOS;2.601.000.0000;TRANSFERÊNCIAS FUNDO A FUNDO DE RECURSOS DO SUS PROVENIENTES DO GOVERNO FEDERAL. BLOCO DE ESTRUTURAÇÃO DA REDE DE SERVIÇOS PÚBLICOS DE SAÚDE;24.093,00
FUNDO MUNICIPAL DE SAÚDE DE BARBACENA;18.002;FUNDO MUNICIPAL DE SAUDE;2.025;MANUTENÇÃO DA REDE DE ATENÇÃO PRIMÁRIA;2;ATENÇAO BASICA;10;Saúde;301;Atenção Básica;79;4.4.90.52.04.00.00.00;APARELHOS, EQUIPAMENTOS, UTENSÍLIOS MÉDICO-ODONT;2.621.000.0000;TRANSFERÊNCIAS FUNDO A FUNDO DE RECURSOS DO SUS PROVENIENTES DO GOVERNO ESTADUAL;59.296,97
FUNDO MUNICIPAL DE SAÚDE DE BARBACENA;18.002;FUNDO MUNICIPAL DE SAUDE;2.025;MANUTENÇÃO DA REDE DE ATENÇÃO PRIMÁRIA;2;ATENÇAO BASICA;10;Saúde;301;Atenção Básica;79;4.4.90.52.18.00.00.00;MÁQUINAS, UTENSÍLIOS E EQUIPAMENTOS DIVERSOS;2.621.000.0000;TRANSFERÊNCIAS FUNDO A FUNDO DE RECURSOS DO SUS PROVENIENTES DO GOVERNO ESTADUAL;19.724,75
FUNDO MUNICIPAL DE SAÚDE DE BARBACENA;18.002;FUNDO MUNICIPAL DE SAUDE;2.025;MANUTENÇÃO DA REDE DE ATENÇÃO PRIMÁRIA;2;ATENÇAO BASICA;10;Saúde;301;Atenção Básica;79;4.4.90.52.99.00.00.00;OUTROS MATERIAIS PERMANENTES;2.621.000.0000;TRANSFERÊNCIAS FUNDO A FUNDO DE RECURSOS DO SUS PROVENIENTES DO GOVERNO ESTADUAL;58.800,00
FUNDO MUNICIPAL DE SAÚDE DE BARBACENA;18.002;FUNDO MUNICIPAL DE SAUDE;2.025;MANUTENÇÃO DA REDE DE ATENÇÃO PRIMÁRIA;2;ATENÇAO BASICA;10;Saúde;301;Atenção Básica;79;4.4.90.52.24.00.00.00;MOBILIÁRIO EM GERAL;2.621.000.0000;TRANSFERÊNCIAS FUNDO A FUNDO DE RECURSOS DO SUS PROVENIENTES DO GOVERNO ESTADUAL;214.272,60
FUNDO MUNICIPAL DE SAÚDE DE BARBACENA;18.002;FUNDO MUNICIPAL DE SAUDE;2.615;MANUTENÇAO DO PROGRAMA ACS;2;ATENÇAO BASICA;10;Saúde;301;Atenção Básica;82;3.1.90.04.01.00.00.00;SALÁRIO CONTRATO TEMPORÁRIO;1.500.000.1002;RECURSOS NÃO VINCULADOS DE IMPOSTOS (SAÚDE);34.208,00
FUNDO MUNICIPAL DE SAÚDE DE BARBACENA;18.002;FUNDO MUNICIPAL DE SAUDE;2.615;MANUTENÇAO DO PROGRAMA ACS;2;ATENÇAO BASICA;10;Saúde;301;Atenção Básica;82;3.1.90.04.15.00.00.00;OBRIGAÇÕES PATRONAIS - CONTRATO TEMPORÁRIO;1.500.000.1002;RECURSOS NÃO VINCULADOS DE IMPOSTOS (SAÚDE);5.813,15
FUNDO MUNICIPAL DE SAÚDE DE BARBACENA;18.002;FUNDO MUNICIPAL DE SAUDE;2.615;MANUTENÇAO DO PROGRAMA ACS;2;ATENÇAO BASICA;10;Saúde;301;Atenção Básica;82;3.1.90.04.01.00.00.00;SALÁRIO CONTRATO TEMPORÁRIO;1.600.000.0000;TRANSFERÊNCIAS FUNDO A FUNDO DE RECURSOS DO SUS PROVENIENTES DO GOVERNO FEDERAL - BLOCO DE MANUTENÇÃO DAS AÇÕES E SERVIÇOS PÚBLICOS DE SAÚDE;20.904,00
FUNDO MUNICIPAL DE SAÚDE DE BARBACENA;18.002;FUNDO MUNICIPAL DE SAUDE;2.615;MANUTENÇAO DO PROGRAMA ACS;2;ATENÇAO BASICA;10;Saúde;301;Atenção Básica;82;3.1.90.04.15.00.00.00;OBRIGAÇÕES PATRONAIS - CONTRATO TEMPORÁRIO;1.600.000.0000;TRANSFERÊNCIAS FUNDO A FUNDO DE RECURSOS DO SUS PROVENIENTES DO GOVERNO FEDERAL - BLOCO DE MANUTENÇÃO DAS AÇÕES E SERVIÇOS PÚBLICOS DE SAÚDE;4.618,35
FUNDO MUNICIPAL DE SAÚDE DE BARBACENA;18.002;FUNDO MUNICIPAL DE SAUDE;2.615;MANUTENÇAO DO PROGRAMA ACS;2;ATENÇAO BASICA;10;Saúde;301;Atenção Básica;82;3.1.90.04.01.00.00.00;SALÁRIO CONTRATO TEMPORÁRIO;1.604.000.0000;TRANSFERÊNCIAS PROVENIENTES DO GOVERNO FEDERAL DESTINADAS AO VENCIMENTO DOS AGENTES COMUNITÁRIOS DE SAÚDE E DOS AGENTES DE COMBATE ÀS ENDEMIAS;12.028,00
FUNDO MUNICIPAL DE SAÚDE DE BARBACENA;18.002;FUNDO MUNICIPAL DE SAUDE;2.615;MANUTENÇAO DO PROGRAMA ACS;2;ATENÇAO BASICA;10;Saúde;301;Atenção Básica;82;3.1.90.04.15.00.00.00;OBRIGAÇÕES PATRONAIS - CONTRATO TEMPORÁRIO;1.604.000.0000;TRANSFERÊNCIAS PROVENIENTES DO GOVERNO FEDERAL DESTINADAS AO VENCIMENTO DOS AGENTES COMUNITÁRIOS DE SAÚDE E DOS AGENTES DE COMBATE ÀS ENDEMIAS;2.317,13
FUNDO MUNICIPAL DE SAÚDE DE BARBACENA;18.002;FUNDO MUNICIPAL DE SAUDE;2.615;MANUTENÇAO DO PROGRAMA ACS;2;ATENÇAO BASICA;10;Saúde;301;Atenção Básica;82;3.1.90.04.15.00.00.00;OBRIGAÇÕES PATRONAIS - CONTRATO TEMPORÁRIO;2.621.000.0000;TRANSFERÊNCIAS FUNDO A FUNDO DE RECURSOS DO SUS PROVENIENTES DO GOVERNO ESTADUAL;1.166,52
FUNDO MUNICIPAL DE SAÚDE DE BARBACENA;18.002;FUNDO MUNICIPAL DE SAUDE;2.615;MANUTENÇAO DO PROGRAMA ACS;2;ATENÇAO BASICA;10;Saúde;301;Atenção Básica;82;3.1.90.04.01.00.00.00;SALÁRIO CONTRATO TEMPORÁRIO;2.621.000.0000;TRANSFERÊNCIAS FUNDO A FUNDO DE RECURSOS DO SUS PROVENIENTES DO GOVERNO ESTADUAL;5.280,00
FUNDO MUNICIPAL DE SAÚDE DE BARBACENA;18.002;FUNDO MUNICIPAL DE SAUDE;2.615;MANUTENÇAO DO PROGRAMA ACS;2;ATENÇAO BASICA;10;Saúde;301;Atenção Básica;83;3.1.90.11.52.00.00.00;LICENÇA SAÚDE;1.500.000.1002;RECURSOS NÃO VINCULADOS DE IMPOSTOS (SAÚDE);21.115,60
FUNDO MUNICIPAL DE SAÚDE DE BARBACENA;18.002;FUNDO MUNICIPAL DE SAUDE;2.615;MANUTENÇAO DO PROGRAMA ACS;2;ATENÇAO BASICA;10;Saúde;301;Atenção Básica;83;3.1.90.11.01.00.00.00;VENCIMENTOS E SALÁRIOS;1.500.000.1002;RECURSOS NÃO VINCULADOS DE IMPOSTOS (SAÚDE);1.039.572,30
FUNDO MUNICIPAL DE SAÚDE DE BARBACENA;18.002;FUNDO MUNICIPAL DE SAUDE;2.615;MANUTENÇAO DO PROGRAMA ACS;2;ATENÇAO BASICA;10;Saúde;301;Atenção Básica;83;3.1.90.11.50.00.00.00;SALÁRIO MATERNIDADE;1.500.000.1002;RECURSOS NÃO VINCULADOS DE IMPOSTOS (SAÚDE);10.903,20
FUNDO MUNICIPAL DE SAÚDE DE BARBACENA;18.002;FUNDO MUNICIPAL DE SAUDE;2.615;MANUTENÇAO DO PROGRAMA ACS;2;ATENÇAO BASICA;10;Saúde;301;Atenção Básica;83;3.1.90.11.52.00.00.00;LICENÇA SAÚDE;1.600.000.0000;TRANSFERÊNCIAS FUNDO A FUNDO DE RECURSOS DO SUS PROVENIENTES DO GOVERNO FEDERAL - BLOCO DE MANUTENÇÃO DAS AÇÕES E SERVIÇOS PÚBLICOS DE SAÚDE;21.674,76
FUNDO MUNICIPAL DE SAÚDE DE BARBACENA;18.002;FUNDO MUNICIPAL DE SAUDE;2.615;MANUTENÇAO DO PROGRAMA ACS;2;ATENÇAO BASICA;10;Saúde;301;Atenção Básica;83;3.1.90.11.01.00.00.00;VENCIMENTOS E SALÁRIOS;1.600.000.0000;TRANSFERÊNCIAS FUNDO A FUNDO DE RECURSOS DO SUS PROVENIENTES DO GOVERNO FEDERAL - BLOCO DE MANUTENÇÃO DAS AÇÕES E SERVIÇOS PÚBLICOS DE SAÚDE;650.244,44
FUNDO MUNICIPAL DE SAÚDE DE BARBACENA;18.002;FUNDO MUNICIPAL DE SAUDE;2.615;MANUTENÇAO DO PROGRAMA ACS;2;ATENÇAO BASICA;10;Saúde;301;Atenção Básica;83;3.1.90.11.50.00.00.00;SALÁRIO MATERNIDADE;1.600.000.0000;TRANSFERÊNCIAS FUNDO A FUNDO DE RECURSOS DO SUS PROVENIENTES DO GOVERNO FEDERAL - BLOCO DE MANUTENÇÃO DAS AÇÕES E SERVIÇOS PÚBLICOS DE SAÚDE;6.076,00
FUNDO MUNICIPAL DE SAÚDE DE BARBACENA;18.002;FUNDO MUNICIPAL DE SAUDE;2.615;MANUTENÇAO DO PROGRAMA ACS;2;ATENÇAO BASICA;10;Saúde;301;Atenção Básica;83;3.1.90.11.50.00.00.00;SALÁRIO MATERNIDADE;1.604.000.0000;TRANSFERÊNCIAS PROVENIENTES DO GOVERNO FEDERAL DESTINADAS AO VENCIMENTO DOS AGENTES COMUNITÁRIOS DE SAÚDE E DOS AGENTES DE COMBATE ÀS ENDEMIAS;35.157,18
FUNDO MUNICIPAL DE SAÚDE DE BARBACENA;18.002;FUNDO MUNICIPAL DE SAUDE;2.615;MANUTENÇAO DO PROGRAMA ACS;2;ATENÇAO BASICA;10;Saúde;301;Atenção Básica;83;3.1.90.11.52.00.00.00;LICENÇA SAÚDE;1.604.000.0000;TRANSFERÊNCIAS PROVENIENTES DO GOVERNO FEDERAL DESTINADAS AO VENCIMENTO DOS AGENTES COMUNITÁRIOS DE SAÚDE E DOS AGENTES DE COMBATE ÀS ENDEMIAS;174.151,54
FUNDO MUNICIPAL DE SAÚDE DE BARBACENA;18.002;FUNDO MUNICIPAL DE SAUDE;2.615;MANUTENÇAO DO PROGRAMA ACS;2;ATENÇAO BASICA;10;Saúde;301;Atenção Básica;83;3.1.90.11.01.00.00.00;VENCIMENTOS E SALÁRIOS;1.604.000.0000;TRANSFERÊNCIAS PROVENIENTES DO GOVERNO FEDERAL DESTINADAS AO VENCIMENTO DOS AGENTES COMUNITÁRIOS DE SAÚDE E DOS AGENTES DE COMBATE ÀS ENDEMIAS;4.020.994,58
FUNDO MUNICIPAL DE SAÚDE DE BARBACENA;18.002;FUNDO MUNICIPAL DE SAUDE;2.615;MANUTENÇAO DO PROGRAMA ACS;2;ATENÇAO BASICA;10;Saúde;301;Atenção Básica;83;3.1.90.11.01.00.00.00;VENCIMENTOS E SALÁRIOS;2.621.000.0000;TRANSFERÊNCIAS FUNDO A FUNDO DE RECURSOS DO SUS PROVENIENTES DO GOVERNO ESTADUAL;192.345,96
FUNDO MUNICIPAL DE SAÚDE DE BARBACENA;18.002;FUNDO MUNICIPAL DE SAUDE;2.615;MANUTENÇAO DO PROGRAMA ACS;2;ATENÇAO BASICA;10;Saúde;301;Atenção Básica;84;3.1.91.13.08.00.00.00;CONTRIB. PREV.- RPPS - PESSOAL ATIVO - PLANO PREV.;1.500.000.1002;RECURSOS NÃO VINCULADOS DE IMPOSTOS (SAÚDE);243.631,17
FUNDO MUNICIPAL DE SAÚDE DE BARBACENA;18.002;FUNDO MUNICIPAL DE SAUDE;2.615;MANUTENÇAO DO PROGRAMA ACS;2;ATENÇAO BASICA;10;Saúde;301;Atenção Básica;84;3.1.91.13.08.00.00.00;CONTRIB. PREV.- RPPS - PESSOAL ATIVO - PLANO PREV.;1.600.000.0000;TRANSFERÊNCIAS FUNDO A FUNDO DE RECURSOS DO SUS PROVENIENTES DO GOVERNO FEDERAL - BLOCO DE MANUTENÇÃO DAS AÇÕES E SERVIÇOS PÚBLICOS DE SAÚDE;185.392,65
FUNDO MUNICIPAL DE SAÚDE DE BARBACENA;18.002;FUNDO MUNICIPAL DE SAUDE;2.615;MANUTENÇAO DO PROGRAMA ACS;2;ATENÇAO BASICA;10;Saúde;301;Atenção Básica;84;3.1.91.13.08.00.00.00;CONTRIB. PREV.- RPPS - PESSOAL ATIVO - PLANO PREV.;1.604.000.0000;TRANSFERÊNCIAS PROVENIENTES DO GOVERNO FEDERAL DESTINADAS AO VENCIMENTO DOS AGENTES COMUNITÁRIOS DE SAÚDE E DOS AGENTES DE COMBATE ÀS ENDEMIAS;1.208.018,30
FUNDO MUNICIPAL DE SAÚDE DE BARBACENA;18.002;FUNDO MUNICIPAL DE SAUDE;2.615;MANUTENÇAO DO PROGRAMA ACS;2;ATENÇAO BASICA;10;Saúde;301;Atenção Básica;84;3.1.91.13.08.00.00.00;CONTRIB. PREV.- RPPS - PESSOAL ATIVO - PLANO PREV.;2.621.000.0000;TRANSFERÊNCIAS FUNDO A FUNDO DE RECURSOS DO SUS PROVENIENTES DO GOVERNO ESTADUAL;52.897,14
FUNDO MUNICIPAL DE SAÚDE DE BARBACENA;18.002;FUNDO MUNICIPAL DE SAUDE;2.615;MANUTENÇAO DO PROGRAMA ACS;2;ATENÇAO BASICA;10;Saúde;301;Atenção Básica;88;3.3.90.46.00.00.00.00;AUXÍLIO-ALIMENTAÇÃO;1.500.000.1002;RECURSOS NÃO VINCULADOS DE IMPOSTOS (SAÚDE);116.910,00
FUNDO MUNICIPAL DE SAÚDE DE BARBACENA;18.002;FUNDO MUNICIPAL DE SAUDE;2.615;MANUTENÇAO DO PROGRAMA ACS;2;ATENÇAO BASICA;10;Saúde;301;Atenção Básica;88;3.3.90.46.00.00.00.00;AUXÍLIO-ALIMENTAÇÃO;1.600.000.0000;TRANSFERÊNCIAS FUNDO A FUNDO DE RECURSOS DO SUS PROVENIENTES DO GOVERNO FEDERAL - BLOCO DE MANUTENÇÃO DAS AÇÕES E SERVIÇOS PÚBLICOS DE SAÚDE;118.600,00
FUNDO MUNICIPAL DE SAÚDE DE BARBACENA;18.002;FUNDO MUNICIPAL DE SAUDE;2.615;MANUTENÇAO DO PROGRAMA ACS;2;ATENÇAO BASICA;10;Saúde;301;Atenção Básica;88;3.3.90.46.00.00.00.00;AUXÍLIO-ALIMENTAÇÃO;1.604.000.0000;TRANSFERÊNCIAS PROVENIENTES DO GOVERNO FEDERAL DESTINADAS AO VENCIMENTO DOS AGENTES COMUNITÁRIOS DE SAÚDE E DOS AGENTES DE COMBATE ÀS ENDEMIAS;562.948,99
FUNDO MUNICIPAL DE SAÚDE DE BARBACENA;18.002;FUNDO MUNICIPAL DE SAUDE;2.615;MANUTENÇAO DO PROGRAMA ACS;2;ATENÇAO BASICA;10;Saúde;301;Atenção Básica;88;3.3.90.46.00.00.00.00;AUXÍLIO-ALIMENTAÇÃO;2.621.000.0000;TRANSFERÊNCIAS FUNDO A FUNDO DE RECURSOS DO SUS PROVENIENTES DO GOVERNO ESTADUAL;29.250,00
FUNDO MUNICIPAL DE SAÚDE DE BARBACENA;18.002;FUNDO MUNICIPAL DE SAUDE;2.447;AQUISIÇÃO DE INSUMOS E MEDICAMENTOS PARA SANTA CASA DE MISERICÓRDIA DE BARBACENA;2;ATENÇAO BASICA;10;Saúde;302;Assistência Hospitalar e Ambulatorial;89;3.3.50.41.00.00.00.00;CONTRIBUIÇÕES;1.500.000.1002;RECURSOS NÃO VINCULADOS DE IMPOSTOS (SAÚDE);41.088,48
FUNDO MUNICIPAL DE SAÚDE DE BARBACENA;18.002;FUNDO MUNICIPAL DE SAUDE;2.012;MANUTENÇAO DA ASSISTENCIA FARMACEUTICA;2;ATENÇAO BASICA;10;Saúde;303;Suporte Profilático e Terapêutico;190;3.1.90.04.15.00.00.00;OBRIGAÇÕES PATRONAIS - CONTRATO TEMPORÁRIO;1.500.000.1002;RECURSOS NÃO VINCULADOS DE IMPOSTOS (SAÚDE);54.395,32
FUNDO MUNICIPAL DE SAÚDE DE BARBACENA;18.002;FUNDO MUNICIPAL DE SAUDE;2.012;MANUTENÇAO DA ASSISTENCIA FARMACEUTICA;2;ATENÇAO BASICA;10;Saúde;303;Suporte Profilático e Terapêutico;190;3.1.90.04.01.00.00.00;SALÁRIO CONTRATO TEMPORÁRIO;1.500.000.1002;RECURSOS NÃO VINCULADOS DE IMPOSTOS (SAÚDE);276.384,16
FUNDO MUNICIPAL DE SAÚDE DE BARBACENA;18.002;FUNDO MUNICIPAL DE SAUDE;2.012;MANUTENÇAO DA ASSISTENCIA FARMACEUTICA;2;ATENÇAO BASICA;10;Saúde;303;Suporte Profilático e Terapêutico;190;3.1.90.04.15.00.00.00;OBRIGAÇÕES PATRONAIS - CONTRATO TEMPORÁRIO;1.600.000.0000;TRANSFERÊNCIAS FUNDO A FUNDO DE RECURSOS DO SUS PROVENIENTES DO GOVERNO FEDERAL - BLOCO DE MANUTENÇÃO DAS AÇÕES E SERVIÇOS PÚBLICOS DE SAÚDE;28.499,86
FUNDO MUNICIPAL DE SAÚDE DE BARBACENA;18.002;FUNDO MUNICIPAL DE SAUDE;2.012;MANUTENÇAO DA ASSISTENCIA FARMACEUTICA;2;ATENÇAO BASICA;10;Saúde;303;Suporte Profilático e Terapêutico;190;3.1.90.04.01.00.00.00;SALÁRIO CONTRATO TEMPORÁRIO;1.600.000.0000;TRANSFERÊNCIAS FUNDO A FUNDO DE RECURSOS DO SUS PROVENIENTES DO GOVERNO FEDERAL - BLOCO DE MANUTENÇÃO DAS AÇÕES E SERVIÇOS PÚBLICOS DE SAÚDE;139.622,44
FUNDO MUNICIPAL DE SAÚDE DE BARBACENA;18.002;FUNDO MUNICIPAL DE SAUDE;2.012;MANUTENÇAO DA ASSISTENCIA FARMACEUTICA;2;ATENÇAO BASICA;10;Saúde;303;Suporte Profilático e Terapêutico;190;3.1.90.04.01.00.00.00;SALÁRIO CONTRATO TEMPORÁRIO;1.621.000.0000;TRANSFERÊNCIAS FUNDO A FUNDO DE RECURSOS DO SUS PROVENIENTES DO GOVERNO ESTADUAL;20.211,30
FUNDO MUNICIPAL DE SAÚDE DE BARBACENA;18.002;FUNDO MUNICIPAL DE SAUDE;2.012;MANUTENÇAO DA ASSISTENCIA FARMACEUTICA;2;ATENÇAO BASICA;10;Saúde;303;Suporte Profilático e Terapêutico;190;3.1.90.04.15.00.00.00;OBRIGAÇÕES PATRONAIS - CONTRATO TEMPORÁRIO;1.621.000.0000;TRANSFERÊNCIAS FUNDO A FUNDO DE RECURSOS DO SUS PROVENIENTES DO GOVERNO ESTADUAL;4.522,16
FUNDO MUNICIPAL DE SAÚDE DE BARBACENA;18.002;FUNDO MUNICIPAL DE SAUDE;2.012;MANUTENÇAO DA ASSISTENCIA FARMACEUTICA;2;ATENÇAO BASICA;10;Saúde;303;Suporte Profilático e Terapêutico;190;3.1.90.04.15.00.00.00;OBRIGAÇÕES PATRONAIS - CONTRATO TEMPORÁRIO;2.621.000.0000;TRANSFERÊNCIAS FUNDO A FUNDO DE RECURSOS DO SUS PROVENIENTES DO GOVERNO ESTADUAL;14.937,40
FUNDO MUNICIPAL DE SAÚDE DE BARBACENA;18.002;FUNDO MUNICIPAL DE SAUDE;2.012;MANUTENÇAO DA ASSISTENCIA FARMACEUTICA;2;ATENÇAO BASICA;10;Saúde;303;Suporte Profilático e Terapêutico;190;3.1.90.04.01.00.00.00;SALÁRIO CONTRATO TEMPORÁRIO;2.621.000.0000;TRANSFERÊNCIAS FUNDO A FUNDO DE RECURSOS DO SUS PROVENIENTES DO GOVERNO ESTADUAL;68.169,96
FUNDO MUNICIPAL DE SAÚDE DE BARBACENA;18.002;FUNDO MUNICIPAL DE SAUDE;2.012;MANUTENÇAO DA ASSISTENCIA FARMACEUTICA;2;ATENÇAO BASICA;10;Saúde;303;Suporte Profilático e Terapêutico;191;3.1.90.11.01.00.00.00;VENCIMENTOS E SALÁRIOS;1.500.000.1002;RECURSOS NÃO VINCULADOS DE IMPOSTOS (SAÚDE);81.721,14
FUNDO MUNICIPAL DE SAÚDE DE BARBACENA;18.002;FUNDO MUNICIPAL DE SAUDE;2.012;MANUTENÇAO DA ASSISTENCIA FARMACEUTICA;2;ATENÇAO BASICA;10;Saúde;303;Suporte Profilático e Terapêutico;191;3.1.90.11.52.00.00.00;LICENÇA SAÚDE;1.500.000.1002;RECURSOS NÃO VINCULADOS DE IMPOSTOS (SAÚDE);1.779,27
FUNDO MUNICIPAL DE SAÚDE DE BARBACENA;18.002;FUNDO MUNICIPAL DE SAUDE;2.012;MANUTENÇAO DA ASSISTENCIA FARMACEUTICA;2;ATENÇAO BASICA;10;Saúde;303;Suporte Profilático e Terapêutico;191;3.1.90.11.01.00.00.00;VENCIMENTOS E SALÁRIOS;1.600.000.0000;TRANSFERÊNCIAS FUNDO A FUNDO DE RECURSOS DO SUS PROVENIENTES DO GOVERNO FEDERAL - BLOCO DE MANUTENÇÃO DAS AÇÕES E SERVIÇOS PÚBLICOS DE SAÚDE;78.314,11
FUNDO MUNICIPAL DE SAÚDE DE BARBACENA;18.002;FUNDO MUNICIPAL DE SAUDE;2.012;MANUTENÇAO DA ASSISTENCIA FARMACEUTICA;2;ATENÇAO BASICA;10;Saúde;303;Suporte Profilático e Terapêutico;191;3.1.90.11.52.00.00.00;LICENÇA SAÚDE;1.600.000.0000;TRANSFERÊNCIAS FUNDO A FUNDO DE RECURSOS DO SUS PROVENIENTES DO GOVERNO FEDERAL - BLOCO DE MANUTENÇÃO DAS AÇÕES E SERVIÇOS PÚBLICOS DE SAÚDE;179,30
FUNDO MUNICIPAL DE SAÚDE DE BARBACENA;18.002;FUNDO MUNICIPAL DE SAUDE;2.012;MANUTENÇAO DA ASSISTENCIA FARMACEUTICA;2;ATENÇAO BASICA;10;Saúde;303;Suporte Profilático e Terapêutico;193;3.1.91.13.08.00.00.00;CONTRIB. PREV.- RPPS - PESSOAL ATIVO - PLANO PREV.;1.500.000.1002;RECURSOS NÃO VINCULADOS DE IMPOSTOS (SAÚDE);21.651,47
FUNDO MUNICIPAL DE SAÚDE DE BARBACENA;18.002;FUNDO MUNICIPAL DE SAUDE;2.012;MANUTENÇAO DA ASSISTENCIA FARMACEUTICA;2;ATENÇAO BASICA;10;Saúde;303;Suporte Profilático e Terapêutico;193;3.1.91.13.08.00.00.00;CONTRIB. PREV.- RPPS - PESSOAL ATIVO - PLANO PREV.;1.600.000.0000;TRANSFERÊNCIAS FUNDO A FUNDO DE RECURSOS DO SUS PROVENIENTES DO GOVERNO FEDERAL - BLOCO DE MANUTENÇÃO DAS AÇÕES E SERVIÇOS PÚBLICOS DE SAÚDE;21.611,26
FUNDO MUNICIPAL DE SAÚDE DE BARBACENA;18.002;FUNDO MUNICIPAL DE SAUDE;2.012;MANUTENÇAO DA ASSISTENCIA FARMACEUTICA;2;ATENÇAO BASICA;10;Saúde;303;Suporte Profilático e Terapêutico;196;3.3.90.30.09.00.00.00;MEDICAMENTOS;1.500.000.1002;RECURSOS NÃO VINCULADOS DE IMPOSTOS (SAÚDE);263.985,68
FUNDO MUNICIPAL DE SAÚDE DE BARBACENA;18.002;FUNDO MUNICIPAL DE SAUDE;2.012;MANUTENÇAO DA ASSISTENCIA FARMACEUTICA;2;ATENÇAO BASICA;10;Saúde;303;Suporte Profilático e Terapêutico;196;3.3.90.30.99.00.00.00;OUTROS MATERIAIS DE CONSUMO;1.500.000.1002;RECURSOS NÃO VINCULADOS DE IMPOSTOS (SAÚDE);78.418,34
FUNDO MUNICIPAL DE SAÚDE DE BARBACENA;18.002;FUNDO MUNICIPAL DE SAUDE;2.012;MANUTENÇAO DA ASSISTENCIA FARMACEUTICA;2;ATENÇAO BASICA;10;Saúde;303;Suporte Profilático e Terapêutico;196;3.3.90.30.99.00.00.00;OUTROS MATERIAIS DE CONSUMO;1.600.000.0000;TRANSFERÊNCIAS FUNDO A FUNDO DE RECURSOS DO SUS PROVENIENTES DO GOVERNO FEDERAL - BLOCO DE MANUTENÇÃO DAS AÇÕES E SERVIÇOS PÚBLICOS DE SAÚDE;105.263,31
FUNDO MUNICIPAL DE SAÚDE DE BARBACENA;18.002;FUNDO MUNICIPAL DE SAUDE;2.012;MANUTENÇAO DA ASSISTENCIA FARMACEUTICA;2;ATENÇAO BASICA;10;Saúde;303;Suporte Profilático e Terapêutico;196;3.3.90.30.09.00.00.00;MEDICAMENTOS;1.600.000.0000;TRANSFERÊNCIAS FUNDO A FUNDO DE RECURSOS DO SUS PROVENIENTES DO GOVERNO FEDERAL - BLOCO DE MANUTENÇÃO DAS AÇÕES E SERVIÇOS PÚBLICOS DE SAÚDE;691.274,56
FUNDO MUNICIPAL DE SAÚDE DE BARBACENA;18.002;FUNDO MUNICIPAL DE SAUDE;2.012;MANUTENÇAO DA ASSISTENCIA FARMACEUTICA;2;ATENÇAO BASICA;10;Saúde;303;Suporte Profilático e Terapêutico;196;3.3.90.30.09.00.00.00;MEDICAMENTOS;1.621.000.0000;TRANSFERÊNCIAS FUNDO A FUNDO DE RECURSOS DO SUS PROVENIENTES DO GOVERNO ESTADUAL;671.777,04
FUNDO MUNICIPAL DE SAÚDE DE BARBACENA;18.002;FUNDO MUNICIPAL DE SAUDE;2.012;MANUTENÇAO DA ASSISTENCIA FARMACEUTICA;2;ATENÇAO BASICA;10;Saúde;303;Suporte Profilático e Terapêutico;196;3.3.90.30.99.00.00.00;OUTROS MATERIAIS DE CONSUMO;1.621.000.0000;TRANSFERÊNCIAS FUNDO A FUNDO DE RECURSOS DO SUS PROVENIENTES DO GOVERNO ESTADUAL;78.418,35
FUNDO MUNICIPAL DE SAÚDE DE BARBACENA;18.002;FUNDO MUNICIPAL DE SAUDE;2.012;MANUTENÇAO DA ASSISTENCIA FARMACEUTICA;2;ATENÇAO BASICA;10;Saúde;303;Suporte Profilático e Terapêutico;196;3.3.90.30.09.00.00.00;MEDICAMENTOS;2.621.000.0000;TRANSFERÊNCIAS FUNDO A FUNDO DE RECURSOS DO SUS PROVENIENTES DO GOVERNO ESTADUAL;39.880,70
FUNDO MUNICIPAL DE SAÚDE DE BARBACENA;18.002;FUNDO MUNICIPAL DE SAUDE;2.012;MANUTENÇAO DA ASSISTENCIA FARMACEUTICA;2;ATENÇAO BASICA;10;Saúde;303;Suporte Profilático e Terapêutico;197;3.3.90.39.12.00.00.00;LOCAÇÃO DE MÁQUINAS E EQUIPAMENTOS;1.621.000.0000;TRANSFERÊNCIAS FUNDO A FUNDO DE RECURSOS DO SUS PROVENIENTES DO GOVERNO ESTADUAL;17.756,04
FUNDO MUNICIPAL DE SAÚDE DE BARBACENA;18.002;FUNDO MUNICIPAL DE SAUDE;2.012;MANUTENÇAO DA ASSISTENCIA FARMACEUTICA;2;ATENÇAO BASICA;10;Saúde;303;Suporte Profilático e Terapêutico;197;3.3.90.39.27.00.00.00;FORNECIMENTO DE ALIMENTAÇÃO;1.621.000.0000;TRANSFERÊNCIAS FUNDO A FUNDO DE RECURSOS DO SUS PROVENIENTES DO GOVERNO ESTADUAL;182,00
FUNDO MUNICIPAL DE SAÚDE DE BARBACENA;18.002;FUNDO MUNICIPAL DE SAUDE;2.012;MANUTENÇAO DA ASSISTENCIA FARMACEUTICA;2;ATENÇAO BASICA;10;Saúde;303;Suporte Profilático e Terapêutico;197;3.3.90.39.43.00.00.00;SERVIÇOS DE TELECOMUNICAÇÕES;1.621.000.0000;TRANSFERÊNCIAS FUNDO A FUNDO DE RECURSOS DO SUS PROVENIENTES DO GOVERNO ESTADUAL;2.685,00
FUNDO MUNICIPAL DE SAÚDE DE BARBACENA;18.002;FUNDO MUNICIPAL DE SAUDE;2.012;MANUTENÇAO DA ASSISTENCIA FARMACEUTICA;2;ATENÇAO BASICA;10;Saúde;303;Suporte Profilático e Terapêutico;197;3.3.90.39.99.00.00.00;OUTROS SERVIÇOS DE TERCEIROS - PESSOA JURÍDICA;2.621.000.0000;TRANSFERÊNCIAS FUNDO A FUNDO DE RECURSOS DO SUS PROVENIENTES DO GOVERNO ESTADUAL;1.169,00
FUNDO MUNICIPAL DE SAÚDE DE BARBACENA;18.002;FUNDO MUNICIPAL DE SAUDE;2.012;MANUTENÇAO DA ASSISTENCIA FARMACEUTICA;2;ATENÇAO BASICA;10;Saúde;303;Suporte Profilático e Terapêutico;199;3.3.90.46.00.00.00.00;AUXÍLIO-ALIMENTAÇÃO;1.500.000.1002;RECURSOS NÃO VINCULADOS DE IMPOSTOS (SAÚDE);42.885,00
FUNDO MUNICIPAL DE SAÚDE DE BARBACENA;18.002;FUNDO MUNICIPAL DE SAUDE;2.012;MANUTENÇAO DA ASSISTENCIA FARMACEUTICA;2;ATENÇAO BASICA;10;Saúde;303;Suporte Profilático e Terapêutico;199;3.3.90.46.00.00.00.00;AUXÍLIO-ALIMENTAÇÃO;1.600.000.0000;TRANSFERÊNCIAS FUNDO A FUNDO DE RECURSOS DO SUS PROVENIENTES DO GOVERNO FEDERAL - BLOCO DE MANUTENÇÃO DAS AÇÕES E SERVIÇOS PÚBLICOS DE SAÚDE;27.270,00
FUNDO MUNICIPAL DE SAÚDE DE BARBACENA;18.002;FUNDO MUNICIPAL DE SAUDE;2.012;MANUTENÇAO DA ASSISTENCIA FARMACEUTICA;2;ATENÇAO BASICA;10;Saúde;303;Suporte Profilático e Terapêutico;199;3.3.90.46.00.00.00.00;AUXÍLIO-ALIMENTAÇÃO;1.621.000.0000;TRANSFERÊNCIAS FUNDO A FUNDO DE RECURSOS DO SUS PROVENIENTES DO GOVERNO ESTADUAL;3.540,00
FUNDO MUNICIPAL DE SAÚDE DE BARBACENA;18.002;FUNDO MUNICIPAL DE SAUDE;2.012;MANUTENÇAO DA ASSISTENCIA FARMACEUTICA;2;ATENÇAO BASICA;10;Saúde;303;Suporte Profilático e Terapêutico;199;3.3.90.46.00.00.00.00;AUXÍLIO-ALIMENTAÇÃO;2.621.000.0000;TRANSFERÊNCIAS FUNDO A FUNDO DE RECURSOS DO SUS PROVENIENTES DO GOVERNO ESTADUAL;10.965,00
FUNDO MUNICIPAL DE SAÚDE DE BARBACENA;18.002;FUNDO MUNICIPAL DE SAUDE;2.008;MANUTENÇÃO DO CEREST;3;MEDIA E ALTA COMPLEXIDADE ASSISTENCIAL;10;Saúde;302;Assistência Hospitalar e Ambulatorial;91;3.1.90.04.01.00.00.00;SALÁRIO CONTRATO TEMPORÁRIO;1.600.000.0000;TRANSFERÊNCIAS FUNDO A FUNDO DE RECURSOS DO SUS PROVENIENTES DO GOVERNO FEDERAL - BLOCO DE MANUTENÇÃO DAS AÇÕES E SERVIÇOS PÚBLICOS DE SAÚDE;277.866,43
FUNDO MUNICIPAL DE SAÚDE DE BARBACENA;18.002;FUNDO MUNICIPAL DE SAUDE;2.008;MANUTENÇÃO DO CEREST;3;MEDIA E ALTA COMPLEXIDADE ASSISTENCIAL;10;Saúde;302;Assistência Hospitalar e Ambulatorial;91;3.1.90.04.15.00.00.00;OBRIGAÇÕES PATRONAIS - CONTRATO TEMPORÁRIO;1.600.000.0000;TRANSFERÊNCIAS FUNDO A FUNDO DE RECURSOS DO SUS PROVENIENTES DO GOVERNO FEDERAL - BLOCO DE MANUTENÇÃO DAS AÇÕES E SERVIÇOS PÚBLICOS DE SAÚDE;57.767,19
FUNDO MUNICIPAL DE SAÚDE DE BARBACENA;18.002;FUNDO MUNICIPAL DE SAUDE;2.008;MANUTENÇÃO DO CEREST;3;MEDIA E ALTA COMPLEXIDADE ASSISTENCIAL;10;Saúde;302;Assistência Hospitalar e Ambulatorial;92;3.1.90.11.01.00.00.00;VENCIMENTOS E SALÁRIOS;1.600.000.0000;TRANSFERÊNCIAS FUNDO A FUNDO DE RECURSOS DO SUS PROVENIENTES DO GOVERNO FEDERAL - BLOCO DE MANUTENÇÃO DAS AÇÕES E SERVIÇOS PÚBLICOS DE SAÚDE;5.373,19
FUNDO MUNICIPAL DE SAÚDE DE BARBACENA;18.002;FUNDO MUNICIPAL DE SAUDE;2.008;MANUTENÇÃO DO CEREST;3;MEDIA E ALTA COMPLEXIDADE ASSISTENCIAL;10;Saúde;302;Assistência Hospitalar e Ambulatorial;95;3.1.91.13.08.00.00.00;CONTRIB. PREV.- RPPS - PESSOAL ATIVO - PLANO PREV.;1.600.000.0000;TRANSFERÊNCIAS FUNDO A FUNDO DE RECURSOS DO SUS PROVENIENTES DO GOVERNO FEDERAL - BLOCO DE MANUTENÇÃO DAS AÇÕES E SERVIÇOS PÚBLICOS DE SAÚDE;1.161,97
FUNDO MUNICIPAL DE SAÚDE DE BARBACENA;18.002;FUNDO MUNICIPAL DE SAUDE;2.008;MANUTENÇÃO DO CEREST;3;MEDIA E ALTA COMPLEXIDADE ASSISTENCIAL;10;Saúde;302;Assistência Hospitalar e Ambulatorial;99;3.3.90.30.16.00.00.00;MATERIAL DE EXPEDIENTE;1.600.000.0000;TRANSFERÊNCIAS FUNDO A FUNDO DE RECURSOS DO SUS PROVENIENTES DO GOVERNO FEDERAL - BLOCO DE MANUTENÇÃO DAS AÇÕES E SERVIÇOS PÚBLICOS DE SAÚDE;21.490,02
FUNDO MUNICIPAL DE SAÚDE DE BARBACENA;18.002;FUNDO MUNICIPAL DE SAUDE;2.008;MANUTENÇÃO DO CEREST;3;MEDIA E ALTA COMPLEXIDADE ASSISTENCIAL;10;Saúde;302;Assistência Hospitalar e Ambulatorial;99;3.3.90.30.37.00.00.00;MATERIAL PARA MANUTENÇÃO DE VEÍCULOS;1.600.000.0000;TRANSFERÊNCIAS FUNDO A FUNDO DE RECURSOS DO SUS PROVENIENTES DO GOVERNO FEDERAL - BLOCO DE MANUTENÇÃO DAS AÇÕES E SERVIÇOS PÚBLICOS DE SAÚDE;2.375,00
FUNDO MUNICIPAL DE SAÚDE DE BARBACENA;18.002;FUNDO MUNICIPAL DE SAUDE;2.008;MANUTENÇÃO DO CEREST;3;MEDIA E ALTA COMPLEXIDADE ASSISTENCIAL;10;Saúde;302;Assistência Hospitalar e Ambulatorial;99;3.3.90.30.22.00.00.00;MATERIAL DE LIMPEZA E PRODUÇÃO DE HIGIENIZAÇÃO;2.600.000.0000;TRANSFERÊNCIAS FUNDO A FUNDO DE RECURSOS DO SUS PROVENIENTES DO GOVERNO FEDERAL - BLOCO DE MANUTENÇÃO DAS AÇÕES E SERVIÇOS PÚBLICOS DE SAÚDE;11.057,13
FUNDO MUNICIPAL DE SAÚDE DE BARBACENA;18.002;FUNDO MUNICIPAL DE SAUDE;2.008;MANUTENÇÃO DO CEREST;3;MEDIA E ALTA COMPLEXIDADE ASSISTENCIAL;10;Saúde;302;Assistência Hospitalar e Ambulatorial;99;3.3.90.30.16.00.00.00;MATERIAL DE EXPEDIENTE;2.600.000.0000;TRANSFERÊNCIAS FUNDO A FUNDO DE RECURSOS DO SUS PROVENIENTES DO GOVERNO FEDERAL - BLOCO DE MANUTENÇÃO DAS AÇÕES E SERVIÇOS PÚBLICOS DE SAÚDE;8.791,52
FUNDO MUNICIPAL DE SAÚDE DE BARBACENA;18.002;FUNDO MUNICIPAL DE SAUDE;2.008;MANUTENÇÃO DO CEREST;3;MEDIA E ALTA COMPLEXIDADE ASSISTENCIAL;10;Saúde;302;Assistência Hospitalar e Ambulatorial;99;3.3.90.30.37.00.00.00;MATERIAL PARA MANUTENÇÃO DE VEÍCULOS;2.621.000.0000;TRANSFERÊNCIAS FUNDO A FUNDO DE RECURSOS DO SUS PROVENIENTES DO GOVERNO ESTADUAL;15.000,00
FUNDO MUNICIPAL DE SAÚDE DE BARBACENA;18.002;FUNDO MUNICIPAL DE SAUDE;2.008;MANUTENÇÃO DO CEREST;3;MEDIA E ALTA COMPLEXIDADE ASSISTENCIAL;10;Saúde;302;Assistência Hospitalar e Ambulatorial;100;3.3.90.36.14.00.00.00;LOCAÇÃO DE IMÓVEIS;1.600.000.0000;TRANSFERÊNCIAS FUNDO A FUNDO DE RECURSOS DO SUS PROVENIENTES DO GOVERNO FEDERAL - BLOCO DE MANUTENÇÃO DAS AÇÕES E SERVIÇOS PÚBLICOS DE SAÚDE;72.000,00
FUNDO MUNICIPAL DE SAÚDE DE BARBACENA;18.002;FUNDO MUNICIPAL DE SAUDE;2.008;MANUTENÇÃO DO CEREST;3;MEDIA E ALTA COMPLEXIDADE ASSISTENCIAL;10;Saúde;302;Assistência Hospitalar e Ambulatorial;101;3.3.90.39.29.00.00.00;SERVIÇOS DE ENERGIA ELÉTRICA;1.500.000.1002;RECURSOS NÃO VINCULADOS DE IMPOSTOS (SAÚDE);4.000,00
FUNDO MUNICIPAL DE SAÚDE DE BARBACENA;18.002;FUNDO MUNICIPAL DE SAUDE;2.008;MANUTENÇÃO DO CEREST;3;MEDIA E ALTA COMPLEXIDADE ASSISTENCIAL;10;Saúde;302;Assistência Hospitalar e Ambulatorial;101;3.3.90.39.12.00.00.00;LOCAÇÃO DE MÁQUINAS E EQUIPAMENTOS;1.600.000.0000;TRANSFERÊNCIAS FUNDO A FUNDO DE RECURSOS DO SUS PROVENIENTES DO GOVERNO FEDERAL - BLOCO DE MANUTENÇÃO DAS AÇÕES E SERVIÇOS PÚBLICOS DE SAÚDE;4.655,01
FUNDO MUNICIPAL DE SAÚDE DE BARBACENA;18.002;FUNDO MUNICIPAL DE SAUDE;2.008;MANUTENÇÃO DO CEREST;3;MEDIA E ALTA COMPLEXIDADE ASSISTENCIAL;10;Saúde;302;Assistência Hospitalar e Ambulatorial;101;3.3.90.39.99.00.00.00;OUTROS SERVIÇOS DE TERCEIROS - PESSOA JURÍDICA;1.600.000.0000;TRANSFERÊNCIAS FUNDO A FUNDO DE RECURSOS DO SUS PROVENIENTES DO GOVERNO FEDERAL - BLOCO DE MANUTENÇÃO DAS AÇÕES E SERVIÇOS PÚBLICOS DE SAÚDE;1.591,12
FUNDO MUNICIPAL DE SAÚDE DE BARBACENA;18.002;FUNDO MUNICIPAL DE SAUDE;2.008;MANUTENÇÃO DO CEREST;3;MEDIA E ALTA COMPLEXIDADE ASSISTENCIAL;10;Saúde;302;Assistência Hospitalar e Ambulatorial;101;3.3.90.39.16.00.00.00;MANUTENÇÃO E CONSERVAÇÃO DE VEÍCULOS;1.600.000.0000;TRANSFERÊNCIAS FUNDO A FUNDO DE RECURSOS DO SUS PROVENIENTES DO GOVERNO FEDERAL - BLOCO DE MANUTENÇÃO DAS AÇÕES E SERVIÇOS PÚBLICOS DE SAÚDE;2.000,00
FUNDO MUNICIPAL DE SAÚDE DE BARBACENA;18.002;FUNDO MUNICIPAL DE SAUDE;2.008;MANUTENÇÃO DO CEREST;3;MEDIA E ALTA COMPLEXIDADE ASSISTENCIAL;10;Saúde;302;Assistência Hospitalar e Ambulatorial;101;3.3.90.39.53.00.00.00;SEGUROS EM GERAL;1.600.000.0000;TRANSFERÊNCIAS FUNDO A FUNDO DE RECURSOS DO SUS PROVENIENTES DO GOVERNO FEDERAL - BLOCO DE MANUTENÇÃO DAS AÇÕES E SERVIÇOS PÚBLICOS DE SAÚDE;1.300,00
FUNDO MUNICIPAL DE SAÚDE DE BARBACENA;18.002;FUNDO MUNICIPAL DE SAUDE;2.008;MANUTENÇÃO DO CEREST;3;MEDIA E ALTA COMPLEXIDADE ASSISTENCIAL;10;Saúde;302;Assistência Hospitalar e Ambulatorial;101;3.3.90.39.27.00.00.00;FORNECIMENTO DE ALIMENTAÇÃO;2.600.000.0000;TRANSFERÊNCIAS FUNDO A FUNDO DE RECURSOS DO SUS PROVENIENTES DO GOVERNO FEDERAL - BLOCO DE MANUTENÇÃO DAS AÇÕES E SERVIÇOS PÚBLICOS DE SAÚDE;54.600,00
FUNDO MUNICIPAL DE SAÚDE DE BARBACENA;18.002;FUNDO MUNICIPAL DE SAUDE;2.008;MANUTENÇÃO DO CEREST;3;MEDIA E ALTA COMPLEXIDADE ASSISTENCIAL;10;Saúde;302;Assistência Hospitalar e Ambulatorial;101;3.3.90.39.16.00.00.00;MANUTENÇÃO E CONSERVAÇÃO DE VEÍCULOS;2.621.000.0000;TRANSFERÊNCIAS FUNDO A FUNDO DE RECURSOS DO SUS PROVENIENTES DO GOVERNO ESTADUAL;15.000,00
FUNDO MUNICIPAL DE SAÚDE DE BARBACENA;18.002;FUNDO MUNICIPAL DE SAUDE;2.008;MANUTENÇÃO DO CEREST;3;MEDIA E ALTA COMPLEXIDADE ASSISTENCIAL;10;Saúde;302;Assistência Hospitalar e Ambulatorial;101;3.3.90.39.99.00.00.00;OUTROS SERVIÇOS DE TERCEIROS - PESSOA JURÍDICA;2.621.000.0000;TRANSFERÊNCIAS FUNDO A FUNDO DE RECURSOS DO SUS PROVENIENTES DO GOVERNO ESTADUAL;23.973,17
FUNDO MUNICIPAL DE SAÚDE DE BARBACENA;18.002;FUNDO MUNICIPAL DE SAUDE;2.008;MANUTENÇÃO DO CEREST;3;MEDIA E ALTA COMPLEXIDADE ASSISTENCIAL;10;Saúde;302;Assistência Hospitalar e Ambulatorial;101;3.3.90.39.48.00.00.00;SERVIÇOS GRÁFICOS;2.621.000.0000;TRANSFERÊNCIAS FUNDO A FUNDO DE RECURSOS DO SUS PROVENIENTES DO GOVERNO ESTADUAL;360,00
FUNDO MUNICIPAL DE SAÚDE DE BARBACENA;18.002;FUNDO MUNICIPAL DE SAUDE;2.008;MANUTENÇÃO DO CEREST;3;MEDIA E ALTA COMPLEXIDADE ASSISTENCIAL;10;Saúde;302;Assistência Hospitalar e Ambulatorial;103;3.3.90.46.00.00.00.00;AUXÍLIO-ALIMENTAÇÃO;1.600.000.0000;TRANSFERÊNCIAS FUNDO A FUNDO DE RECURSOS DO SUS PROVENIENTES DO GOVERNO FEDERAL - BLOCO DE MANUTENÇÃO DAS AÇÕES E SERVIÇOS PÚBLICOS DE SAÚDE;34.095,00
FUNDO MUNICIPAL DE SAÚDE DE BARBACENA;18.002;FUNDO MUNICIPAL DE SAUDE;2.015;MANUTENÇAO DO TRANSPORTE;3;MEDIA E ALTA COMPLEXIDADE ASSISTENCIAL;10;Saúde;302;Assistência Hospitalar e Ambulatorial;107;3.3.90.30.37.00.00.00;MATERIAL PARA MANUTENÇÃO DE VEÍCULOS;1.500.000.1002;RECURSOS NÃO VINCULADOS DE IMPOSTOS (SAÚDE);60.000,00
FUNDO MUNICIPAL DE SAÚDE DE BARBACENA;18.002;FUNDO MUNICIPAL DE SAUDE;2.015;MANUTENÇAO DO TRANSPORTE;3;MEDIA E ALTA COMPLEXIDADE ASSISTENCIAL;10;Saúde;302;Assistência Hospitalar e Ambulatorial;108;3.3.90.33.99.00.00.00;OUTRAS DESPESAS COM LOCOMOÇÃO;1.500.000.1002;RECURSOS NÃO VINCULADOS DE IMPOSTOS (SAÚDE);201.400,44
FUNDO MUNICIPAL DE SAÚDE DE BARBACENA;18.002;FUNDO MUNICIPAL DE SAUDE;2.015;MANUTENÇAO DO TRANSPORTE;3;MEDIA E ALTA COMPLEXIDADE ASSISTENCIAL;10;Saúde;302;Assistência Hospitalar e Ambulatorial;110;3.3.90.39.16.00.00.00;MANUTENÇÃO E CONSERVAÇÃO DE VEÍCULOS;1.500.000.1002;RECURSOS NÃO VINCULADOS DE IMPOSTOS (SAÚDE);60.000,00
FUNDO MUNICIPAL DE SAÚDE DE BARBACENA;18.002;FUNDO MUNICIPAL DE SAUDE;2.015;MANUTENÇAO DO TRANSPORTE;3;MEDIA E ALTA COMPLEXIDADE ASSISTENCIAL;10;Saúde;302;Assistência Hospitalar e Ambulatorial;110;3.3.90.39.29.00.00.00;SERVIÇOS DE ENERGIA ELÉTRICA;1.500.000.1002;RECURSOS NÃO VINCULADOS DE IMPOSTOS (SAÚDE);9.000,00
FUNDO MUNICIPAL DE SAÚDE DE BARBACENA;18.002;FUNDO MUNICIPAL DE SAUDE;2.015;MANUTENÇAO DO TRANSPORTE;3;MEDIA E ALTA COMPLEXIDADE ASSISTENCIAL;10;Saúde;302;Assistência Hospitalar e Ambulatorial;110;3.3.90.39.99.00.00.00;OUTROS SERVIÇOS DE TERCEIROS - PESSOA JURÍDICA;1.500.000.1002;RECURSOS NÃO VINCULADOS DE IMPOSTOS (SAÚDE);1.019,26
FUNDO MUNICIPAL DE SAÚDE DE BARBACENA;18.002;FUNDO MUNICIPAL DE SAUDE;2.015;MANUTENÇAO DO TRANSPORTE;3;MEDIA E ALTA COMPLEXIDADE ASSISTENCIAL;10;Saúde;302;Assistência Hospitalar e Ambulatorial;110;3.3.90.39.43.00.00.00;SERVIÇOS DE TELECOMUNICAÇÕES;1.500.000.1002;RECURSOS NÃO VINCULADOS DE IMPOSTOS (SAÚDE);2.399,00
FUNDO MUNICIPAL DE SAÚDE DE BARBACENA;18.002;FUNDO MUNICIPAL DE SAUDE;2.015;MANUTENÇAO DO TRANSPORTE;3;MEDIA E ALTA COMPLEXIDADE ASSISTENCIAL;10;Saúde;302;Assistência Hospitalar e Ambulatorial;110;3.3.90.39.99.00.00.00;OUTROS SERVIÇOS DE TERCEIROS - PESSOA JURÍDICA;1.600.000.0000;TRANSFERÊNCIAS FUNDO A FUNDO DE RECURSOS DO SUS PROVENIENTES DO GOVERNO FEDERAL - BLOCO DE MANUTENÇÃO DAS AÇÕES E SERVIÇOS PÚBLICOS DE SAÚDE;804.461,22
FUNDO MUNICIPAL DE SAÚDE DE BARBACENA;18.002;FUNDO MUNICIPAL DE SAUDE;2.015;MANUTENÇAO DO TRANSPORTE;3;MEDIA E ALTA COMPLEXIDADE ASSISTENCIAL;10;Saúde;302;Assistência Hospitalar e Ambulatorial;110;3.3.90.39.12.00.00.00;LOCAÇÃO DE MÁQUINAS E EQUIPAMENTOS;1.600.000.0000;TRANSFERÊNCIAS FUNDO A FUNDO DE RECURSOS DO SUS PROVENIENTES DO GOVERNO FEDERAL - BLOCO DE MANUTENÇÃO DAS AÇÕES E SERVIÇOS PÚBLICOS DE SAÚDE;4.655,01
FUNDO MUNICIPAL DE SAÚDE DE BARBACENA;18.002;FUNDO MUNICIPAL DE SAUDE;2.015;MANUTENÇAO DO TRANSPORTE;3;MEDIA E ALTA COMPLEXIDADE ASSISTENCIAL;10;Saúde;302;Assistência Hospitalar e Ambulatorial;110;3.3.90.39.53.00.00.00;SEGUROS EM GERAL;1.600.000.0000;TRANSFERÊNCIAS FUNDO A FUNDO DE RECURSOS DO SUS PROVENIENTES DO GOVERNO FEDERAL - BLOCO DE MANUTENÇÃO DAS AÇÕES E SERVIÇOS PÚBLICOS DE SAÚDE;53.288,12
FUNDO MUNICIPAL DE SAÚDE DE BARBACENA;18.002;FUNDO MUNICIPAL DE SAUDE;2.015;MANUTENÇAO DO TRANSPORTE;3;MEDIA E ALTA COMPLEXIDADE ASSISTENCIAL;10;Saúde;302;Assistência Hospitalar e Ambulatorial;110;3.3.90.39.16.00.00.00;MANUTENÇÃO E CONSERVAÇÃO DE VEÍCULOS;1.600.000.0000;TRANSFERÊNCIAS FUNDO A FUNDO DE RECURSOS DO SUS PROVENIENTES DO GOVERNO FEDERAL - BLOCO DE MANUTENÇÃO DAS AÇÕES E SERVIÇOS PÚBLICOS DE SAÚDE;3.380,00
FUNDO MUNICIPAL DE SAÚDE DE BARBACENA;18.002;FUNDO MUNICIPAL DE SAUDE;2.015;MANUTENÇAO DO TRANSPORTE;3;MEDIA E ALTA COMPLEXIDADE ASSISTENCIAL;10;Saúde;302;Assistência Hospitalar e Ambulatorial;110;3.3.90.39.99.00.00.00;OUTROS SERVIÇOS DE TERCEIROS - PESSOA JURÍDICA;2.600.000.0000;TRANSFERÊNCIAS FUNDO A FUNDO DE RECURSOS DO SUS PROVENIENTES DO GOVERNO FEDERAL - BLOCO DE MANUTENÇÃO DAS AÇÕES E SERVIÇOS PÚBLICOS DE SAÚDE;175.762,13
FUNDO MUNICIPAL DE SAÚDE DE BARBACENA;18.002;FUNDO MUNICIPAL DE SAUDE;2.015;MANUTENÇAO DO TRANSPORTE;3;MEDIA E ALTA COMPLEXIDADE ASSISTENCIAL;10;Saúde;302;Assistência Hospitalar e Ambulatorial;110;3.3.90.39.99.00.00.00;OUTROS SERVIÇOS DE TERCEIROS - PESSOA JURÍDICA;2.621.000.0000;TRANSFERÊNCIAS FUNDO A FUNDO DE RECURSOS DO SUS PROVENIENTES DO GOVERNO ESTADUAL;385.441,70
FUNDO MUNICIPAL DE SAÚDE DE BARBACENA;18.002;FUNDO MUNICIPAL DE SAUDE;2.015;MANUTENÇAO DO TRANSPORTE;3;MEDIA E ALTA COMPLEXIDADE ASSISTENCIAL;10;Saúde;302;Assistência Hospitalar e Ambulatorial;114;4.4.90.52.21.00.00.00;MÁQUINAS, FERRAMENTAS E UTENSÍLIOS DE OFICINA;1.500.000.1002;RECURSOS NÃO VINCULADOS DE IMPOSTOS (SAÚDE);8.550,00
FUNDO MUNICIPAL DE SAÚDE DE BARBACENA;18.002;FUNDO MUNICIPAL DE SAUDE;2.015;MANUTENÇAO DO TRANSPORTE;3;MEDIA E ALTA COMPLEXIDADE ASSISTENCIAL;10;Saúde;302;Assistência Hospitalar e Ambulatorial;114;4.4.90.52.30.00.00.00;VEÍCULOS DE TRAÇÃO MECÂNICA;2.621.000.0000;TRANSFERÊNCIAS FUNDO A FUNDO DE RECURSOS DO SUS PROVENIENTES DO GOVERNO ESTADUAL;239.900,00
FUNDO MUNICIPAL DE SAÚDE DE BARBACENA;18.002;FUNDO MUNICIPAL DE SAUDE;2.015;MANUTENÇAO DO TRANSPORTE;3;MEDIA E ALTA COMPLEXIDADE ASSISTENCIAL;10;Saúde;302;Assistência Hospitalar e Ambulatorial;114;4.4.90.52.30.00.00.00;VEÍCULOS DE TRAÇÃO MECÂNICA;2.707.000.0000;TRANSFERÊNCIAS DA UNIÃO – INCISO I DO ART. 5º DA LEI COMPLEMENTAR 273/2020;176.000,00
FUNDO MUNICIPAL DE SAÚDE DE BARBACENA;18.002;FUNDO MUNICIPAL DE SAUDE;2.015;MANUTENÇAO DO TRANSPORTE;3;MEDIA E ALTA COMPLEXIDADE ASSISTENCIAL;10;Saúde;302;Assistência Hospitalar e Ambulatorial;464;3.3.90.93.03.00.00.00;OUTRAS INDENIZAÇÕES E RESTITUIÇÕES;1.621.000.0000;TRANSFERÊNCIAS FUNDO A FUNDO DE RECURSOS DO SUS PROVENIENTES DO GOVERNO ESTADUAL;9.707,61
FUNDO MUNICIPAL DE SAÚDE DE BARBACENA;18.002;FUNDO MUNICIPAL DE SAUDE;2.015;MANUTENÇAO DO TRANSPORTE;3;MEDIA E ALTA COMPLEXIDADE ASSISTENCIAL;10;Saúde;302;Assistência Hospitalar e Ambulatorial;464;3.3.90.93.03.00.00.00;OUTRAS INDENIZAÇÕES E RESTITUIÇÕES;2.621.000.0000;TRANSFERÊNCIAS FUNDO A FUNDO DE RECURSOS DO SUS PROVENIENTES DO GOVERNO ESTADUAL;85.388,05
FUNDO MUNICIPAL DE SAÚDE DE BARBACENA;18.002;FUNDO MUNICIPAL DE SAUDE;2.027;MANUTENÇAO DO CORSÓRCIO INTERMUNICIPAL DA REDE DE URGÊNCIA E EMERGÊNCIA CENTRO-SUL - CISRU;3;MEDIA E ALTA COMPLEXIDADE ASSISTENCIAL;10;Saúde;302;Assistência Hospitalar e Ambulatorial;115;3.1.71.70.00.00.00.00;RATEIO PELA PARTICIPAÇÃO EM CONSÓRCIO PÚBLICO;1.500.000.1002;RECURSOS NÃO VINCULADOS DE IMPOSTOS (SAÚDE);408.567,73
FUNDO MUNICIPAL DE SAÚDE DE BARBACENA;18.002;FUNDO MUNICIPAL DE SAUDE;2.027;MANUTENÇAO DO CORSÓRCIO INTERMUNICIPAL DA REDE DE URGÊNCIA E EMERGÊNCIA CENTRO-SUL - CISRU;3;MEDIA E ALTA COMPLEXIDADE ASSISTENCIAL;10;Saúde;302;Assistência Hospitalar e Ambulatorial;116;3.3.71.70.00.00.00.00;RATEIO PELA PARTICIPAÇÃO EM CONSÓRCIO PÚBLICO;1.500.000.1002;RECURSOS NÃO VINCULADOS DE IMPOSTOS (SAÚDE);740.904,52
FUNDO MUNICIPAL DE SAÚDE DE BARBACENA;18.002;FUNDO MUNICIPAL DE SAUDE;2.027;MANUTENÇAO DO CORSÓRCIO INTERMUNICIPAL DA REDE DE URGÊNCIA E EMERGÊNCIA CENTRO-SUL - CISRU;3;MEDIA E ALTA COMPLEXIDADE ASSISTENCIAL;10;Saúde;302;Assistência Hospitalar e Ambulatorial;117;4.4.71.70.00.00.00.00;RATEIO PELA PARTICIPAÇÃO EM CONSÓRCIO PÚBLICO;1.500.000.1002;RECURSOS NÃO VINCULADOS DE IMPOSTOS (SAÚDE);769.232,71
FUNDO MUNICIPAL DE SAÚDE DE BARBACENA;18.002;FUNDO MUNICIPAL DE SAUDE;2.038;MANUTENÇÃO DO PROGRAMA DE ATENÇÃO DOMICILIAR;3;MEDIA E ALTA COMPLEXIDADE ASSISTENCIAL;10;Saúde;302;Assistência Hospitalar e Ambulatorial;118;3.1.90.04.15.00.00.00;OBRIGAÇÕES PATRONAIS - CONTRATO TEMPORÁRIO;1.600.000.0000;TRANSFERÊNCIAS FUNDO A FUNDO DE RECURSOS DO SUS PROVENIENTES DO GOVERNO FEDERAL - BLOCO DE MANUTENÇÃO DAS AÇÕES E SERVIÇOS PÚBLICOS DE SAÚDE;42.020,46
FUNDO MUNICIPAL DE SAÚDE DE BARBACENA;18.002;FUNDO MUNICIPAL DE SAUDE;2.038;MANUTENÇÃO DO PROGRAMA DE ATENÇÃO DOMICILIAR;3;MEDIA E ALTA COMPLEXIDADE ASSISTENCIAL;10;Saúde;302;Assistência Hospitalar e Ambulatorial;118;3.1.90.04.01.00.00.00;SALÁRIO CONTRATO TEMPORÁRIO;1.600.000.0000;TRANSFERÊNCIAS FUNDO A FUNDO DE RECURSOS DO SUS PROVENIENTES DO GOVERNO FEDERAL - BLOCO DE MANUTENÇÃO DAS AÇÕES E SERVIÇOS PÚBLICOS DE SAÚDE;238.536,65
FUNDO MUNICIPAL DE SAÚDE DE BARBACENA;18.002;FUNDO MUNICIPAL DE SAUDE;2.038;MANUTENÇÃO DO PROGRAMA DE ATENÇÃO DOMICILIAR;3;MEDIA E ALTA COMPLEXIDADE ASSISTENCIAL;10;Saúde;302;Assistência Hospitalar e Ambulatorial;120;3.3.90.14.05.00.00.00;DIÁRIAS DE DEMAIS SERVIDORES;1.600.000.0000;TRANSFERÊNCIAS FUNDO A FUNDO DE RECURSOS DO SUS PROVENIENTES DO GOVERNO FEDERAL - BLOCO DE MANUTENÇÃO DAS AÇÕES E SERVIÇOS PÚBLICOS DE SAÚDE;400,00
FUNDO MUNICIPAL DE SAÚDE DE BARBACENA;18.002;FUNDO MUNICIPAL DE SAUDE;2.038;MANUTENÇÃO DO PROGRAMA DE ATENÇÃO DOMICILIAR;3;MEDIA E ALTA COMPLEXIDADE ASSISTENCIAL;10;Saúde;302;Assistência Hospitalar e Ambulatorial;121;3.3.90.30.99.00.00.00;OUTROS MATERIAIS DE CONSUMO;1.600.000.0000;TRANSFERÊNCIAS FUNDO A FUNDO DE RECURSOS DO SUS PROVENIENTES DO GOVERNO FEDERAL - BLOCO DE MANUTENÇÃO DAS AÇÕES E SERVIÇOS PÚBLICOS DE SAÚDE;394.955,60
FUNDO MUNICIPAL DE SAÚDE DE BARBACENA;18.002;FUNDO MUNICIPAL DE SAUDE;2.038;MANUTENÇÃO DO PROGRAMA DE ATENÇÃO DOMICILIAR;3;MEDIA E ALTA COMPLEXIDADE ASSISTENCIAL;10;Saúde;302;Assistência Hospitalar e Ambulatorial;123;3.3.90.39.36.00.00.00;SERVIÇO MÉDICO-HOSPITALAR, ODONT. E LABORATORIAL;1.600.000.0000;TRANSFERÊNCIAS FUNDO A FUNDO DE RECURSOS DO SUS PROVENIENTES DO GOVERNO FEDERAL - BLOCO DE MANUTENÇÃO DAS AÇÕES E SERVIÇOS PÚBLICOS DE SAÚDE;61.282,25
FUNDO MUNICIPAL DE SAÚDE DE BARBACENA;18.002;FUNDO MUNICIPAL DE SAUDE;2.038;MANUTENÇÃO DO PROGRAMA DE ATENÇÃO DOMICILIAR;3;MEDIA E ALTA COMPLEXIDADE ASSISTENCIAL;10;Saúde;302;Assistência Hospitalar e Ambulatorial;124;3.3.90.46.00.00.00.00;AUXÍLIO-ALIMENTAÇÃO;1.600.000.0000;TRANSFERÊNCIAS FUNDO A FUNDO DE RECURSOS DO SUS PROVENIENTES DO GOVERNO FEDERAL - BLOCO DE MANUTENÇÃO DAS AÇÕES E SERVIÇOS PÚBLICOS DE SAÚDE;31.560,00
FUNDO MUNICIPAL DE SAÚDE DE BARBACENA;18.002;FUNDO MUNICIPAL DE SAUDE;2.038;MANUTENÇÃO DO PROGRAMA DE ATENÇÃO DOMICILIAR;3;MEDIA E ALTA COMPLEXIDADE ASSISTENCIAL;10;Saúde;302;Assistência Hospitalar e Ambulatorial;470;3.3.90.93.03.00.00.00;OUTRAS INDENIZAÇÕES E RESTITUIÇÕES;1.621.000.0000;TRANSFERÊNCIAS FUNDO A FUNDO DE RECURSOS DO SUS PROVENIENTES DO GOVERNO ESTADUAL;9.887,95
FUNDO MUNICIPAL DE SAÚDE DE BARBACENA;18.002;FUNDO MUNICIPAL DE SAUDE;2.038;MANUTENÇÃO DO PROGRAMA DE ATENÇÃO DOMICILIAR;3;MEDIA E ALTA COMPLEXIDADE ASSISTENCIAL;10;Saúde;302;Assistência Hospitalar e Ambulatorial;470;3.3.90.93.03.00.00.00;OUTRAS INDENIZAÇÕES E RESTITUIÇÕES;2.621.000.0000;TRANSFERÊNCIAS FUNDO A FUNDO DE RECURSOS DO SUS PROVENIENTES DO GOVERNO ESTADUAL;149.245,45
FUNDO MUNICIPAL DE SAÚDE DE BARBACENA;18.002;FUNDO MUNICIPAL DE SAUDE;2.038;MANUTENÇÃO DO PROGRAMA DE ATENÇÃO DOMICILIAR;3;MEDIA E ALTA COMPLEXIDADE ASSISTENCIAL;10;Saúde;302;Assistência Hospitalar e Ambulatorial;484;3.1.91.13.08.00.00.00;CONTRIB. PREV.- RPPS - PESSOAL ATIVO - PLANO PREV.;1.600.000.0000;TRANSFERÊNCIAS FUNDO A FUNDO DE RECURSOS DO SUS PROVENIENTES DO GOVERNO FEDERAL - BLOCO DE MANUTENÇÃO DAS AÇÕES E SERVIÇOS PÚBLICOS DE SAÚDE;4.343,15
FUNDO MUNICIPAL DE SAÚDE DE BARBACENA;18.002;FUNDO MUNICIPAL DE SAUDE;2.038;MANUTENÇÃO DO PROGRAMA DE ATENÇÃO DOMICILIAR;3;MEDIA E ALTA COMPLEXIDADE ASSISTENCIAL;10;Saúde;302;Assistência Hospitalar e Ambulatorial;486;3.1.90.11.01.00.00.00;VENCIMENTOS E SALÁRIOS;1.600.000.0000;TRANSFERÊNCIAS FUNDO A FUNDO DE RECURSOS DO SUS PROVENIENTES DO GOVERNO FEDERAL - BLOCO DE MANUTENÇÃO DAS AÇÕES E SERVIÇOS PÚBLICOS DE SAÚDE;15.511,20
FUNDO MUNICIPAL DE SAÚDE DE BARBACENA;18.002;FUNDO MUNICIPAL DE SAUDE;2.038;MANUTENÇÃO DO PROGRAMA DE ATENÇÃO DOMICILIAR;3;MEDIA E ALTA COMPLEXIDADE ASSISTENCIAL;10;Saúde;302;Assistência Hospitalar e Ambulatorial;487;3.3.90.08.56.00.00.00;SALÁRIO FAMÍLIA;1.600.000.0000;TRANSFERÊNCIAS FUNDO A FUNDO DE RECURSOS DO SUS PROVENIENTES DO GOVERNO FEDERAL - BLOCO DE MANUTENÇÃO DAS AÇÕES E SERVIÇOS PÚBLICOS DE SAÚDE;66,00
FUNDO MUNICIPAL DE SAÚDE DE BARBACENA;18.002;FUNDO MUNICIPAL DE SAUDE;2.042;MANUTENÇÃO DO TRATAMENTO FORA DO DOMICÍLIO - TFD;3;MEDIA E ALTA COMPLEXIDADE ASSISTENCIAL;10;Saúde;302;Assistência Hospitalar e Ambulatorial;128;3.3.90.14.05.00.00.00;DIÁRIAS DE DEMAIS SERVIDORES;1.600.000.0000;TRANSFERÊNCIAS FUNDO A FUNDO DE RECURSOS DO SUS PROVENIENTES DO GOVERNO FEDERAL - BLOCO DE MANUTENÇÃO DAS AÇÕES E SERVIÇOS PÚBLICOS DE SAÚDE;100,00
FUNDO MUNICIPAL DE SAÚDE DE BARBACENA;18.002;FUNDO MUNICIPAL DE SAUDE;2.042;MANUTENÇÃO DO TRATAMENTO FORA DO DOMICÍLIO - TFD;3;MEDIA E ALTA COMPLEXIDADE ASSISTENCIAL;10;Saúde;302;Assistência Hospitalar e Ambulatorial;131;3.3.90.36.99.00.00.00;OUTROS SERVIÇOS DE PESSOA FÍSICA;1.500.000.1002;RECURSOS NÃO VINCULADOS DE IMPOSTOS (SAÚDE);2.756,90
FUNDO MUNICIPAL DE SAÚDE DE BARBACENA;18.002;FUNDO MUNICIPAL DE SAUDE;2.042;MANUTENÇÃO DO TRATAMENTO FORA DO DOMICÍLIO - TFD;3;MEDIA E ALTA COMPLEXIDADE ASSISTENCIAL;10;Saúde;302;Assistência Hospitalar e Ambulatorial;131;3.3.90.36.99.00.00.00;OUTROS SERVIÇOS DE PESSOA FÍSICA;1.600.000.0000;TRANSFERÊNCIAS FUNDO A FUNDO DE RECURSOS DO SUS PROVENIENTES DO GOVERNO FEDERAL - BLOCO DE MANUTENÇÃO DAS AÇÕES E SERVIÇOS PÚBLICOS DE SAÚDE;2.151,04
FUNDO MUNICIPAL DE SAÚDE DE BARBACENA;18.002;FUNDO MUNICIPAL DE SAUDE;2.042;MANUTENÇÃO DO TRATAMENTO FORA DO DOMICÍLIO - TFD;3;MEDIA E ALTA COMPLEXIDADE ASSISTENCIAL;10;Saúde;302;Assistência Hospitalar e Ambulatorial;132;3.3.90.39.99.00.00.00;OUTROS SERVIÇOS DE TERCEIROS - PESSOA JURÍDICA;1.600.000.0000;TRANSFERÊNCIAS FUNDO A FUNDO DE RECURSOS DO SUS PROVENIENTES DO GOVERNO FEDERAL - BLOCO DE MANUTENÇÃO DAS AÇÕES E SERVIÇOS PÚBLICOS DE SAÚDE;24.091,34
FUNDO MUNICIPAL DE SAÚDE DE BARBACENA;18.002;FUNDO MUNICIPAL DE SAUDE;2.042;MANUTENÇÃO DO TRATAMENTO FORA DO DOMICÍLIO - TFD;3;MEDIA E ALTA COMPLEXIDADE ASSISTENCIAL;10;Saúde;302;Assistência Hospitalar e Ambulatorial;133;3.3.90.93.03.00.00.00;OUTRAS INDENIZAÇÕES E RESTITUIÇÕES;1.500.000.1002;RECURSOS NÃO VINCULADOS DE IMPOSTOS (SAÚDE);40.952,52
FUNDO MUNICIPAL DE SAÚDE DE BARBACENA;18.002;FUNDO MUNICIPAL DE SAUDE;2.043;MANUTENÇÃO DE REDE DE CUIDADOS A PESSOA COM DEFICIÊNCIA;3;MEDIA E ALTA COMPLEXIDADE ASSISTENCIAL;10;Saúde;302;Assistência Hospitalar e Ambulatorial;134;3.1.90.04.01.00.00.00;SALÁRIO CONTRATO TEMPORÁRIO;1.500.000.1002;RECURSOS NÃO VINCULADOS DE IMPOSTOS (SAÚDE);46.177,95
FUNDO MUNICIPAL DE SAÚDE DE BARBACENA;18.002;FUNDO MUNICIPAL DE SAUDE;2.043;MANUTENÇÃO DE REDE DE CUIDADOS A PESSOA COM DEFICIÊNCIA;3;MEDIA E ALTA COMPLEXIDADE ASSISTENCIAL;10;Saúde;302;Assistência Hospitalar e Ambulatorial;134;3.1.90.04.15.00.00.00;OBRIGAÇÕES PATRONAIS - CONTRATO TEMPORÁRIO;1.500.000.1002;RECURSOS NÃO VINCULADOS DE IMPOSTOS (SAÚDE);10.202,13
FUNDO MUNICIPAL DE SAÚDE DE BARBACENA;18.002;FUNDO MUNICIPAL DE SAUDE;2.043;MANUTENÇÃO DE REDE DE CUIDADOS A PESSOA COM DEFICIÊNCIA;3;MEDIA E ALTA COMPLEXIDADE ASSISTENCIAL;10;Saúde;302;Assistência Hospitalar e Ambulatorial;134;3.1.90.04.01.00.00.00;SALÁRIO CONTRATO TEMPORÁRIO;1.600.000.0000;TRANSFERÊNCIAS FUNDO A FUNDO DE RECURSOS DO SUS PROVENIENTES DO GOVERNO FEDERAL - BLOCO DE MANUTENÇÃO DAS AÇÕES E SERVIÇOS PÚBLICOS DE SAÚDE;29.671,71
FUNDO MUNICIPAL DE SAÚDE DE BARBACENA;18.002;FUNDO MUNICIPAL DE SAUDE;2.043;MANUTENÇÃO DE REDE DE CUIDADOS A PESSOA COM DEFICIÊNCIA;3;MEDIA E ALTA COMPLEXIDADE ASSISTENCIAL;10;Saúde;302;Assistência Hospitalar e Ambulatorial;134;3.1.90.04.15.00.00.00;OBRIGAÇÕES PATRONAIS - CONTRATO TEMPORÁRIO;1.600.000.0000;TRANSFERÊNCIAS FUNDO A FUNDO DE RECURSOS DO SUS PROVENIENTES DO GOVERNO FEDERAL - BLOCO DE MANUTENÇÃO DAS AÇÕES E SERVIÇOS PÚBLICOS DE SAÚDE;4.174,56
FUNDO MUNICIPAL DE SAÚDE DE BARBACENA;18.002;FUNDO MUNICIPAL DE SAUDE;2.043;MANUTENÇÃO DE REDE DE CUIDADOS A PESSOA COM DEFICIÊNCIA;3;MEDIA E ALTA COMPLEXIDADE ASSISTENCIAL;10;Saúde;302;Assistência Hospitalar e Ambulatorial;134;3.1.90.04.01.00.00.00;SALÁRIO CONTRATO TEMPORÁRIO;1.621.000.0000;TRANSFERÊNCIAS FUNDO A FUNDO DE RECURSOS DO SUS PROVENIENTES DO GOVERNO ESTADUAL;4.474,07
FUNDO MUNICIPAL DE SAÚDE DE BARBACENA;18.002;FUNDO MUNICIPAL DE SAUDE;2.043;MANUTENÇÃO DE REDE DE CUIDADOS A PESSOA COM DEFICIÊNCIA;3;MEDIA E ALTA COMPLEXIDADE ASSISTENCIAL;10;Saúde;302;Assistência Hospitalar e Ambulatorial;134;3.1.90.04.15.00.00.00;OBRIGAÇÕES PATRONAIS - CONTRATO TEMPORÁRIO;1.621.000.0000;TRANSFERÊNCIAS FUNDO A FUNDO DE RECURSOS DO SUS PROVENIENTES DO GOVERNO ESTADUAL;988,46
FUNDO MUNICIPAL DE SAÚDE DE BARBACENA;18.002;FUNDO MUNICIPAL DE SAUDE;2.043;MANUTENÇÃO DE REDE DE CUIDADOS A PESSOA COM DEFICIÊNCIA;3;MEDIA E ALTA COMPLEXIDADE ASSISTENCIAL;10;Saúde;302;Assistência Hospitalar e Ambulatorial;134;3.1.90.04.15.00.00.00;OBRIGAÇÕES PATRONAIS - CONTRATO TEMPORÁRIO;2.621.000.0000;TRANSFERÊNCIAS FUNDO A FUNDO DE RECURSOS DO SUS PROVENIENTES DO GOVERNO ESTADUAL;7.293,77
FUNDO MUNICIPAL DE SAÚDE DE BARBACENA;18.002;FUNDO MUNICIPAL DE SAUDE;2.043;MANUTENÇÃO DE REDE DE CUIDADOS A PESSOA COM DEFICIÊNCIA;3;MEDIA E ALTA COMPLEXIDADE ASSISTENCIAL;10;Saúde;302;Assistência Hospitalar e Ambulatorial;134;3.1.90.04.01.00.00.00;SALÁRIO CONTRATO TEMPORÁRIO;2.621.000.0000;TRANSFERÊNCIAS FUNDO A FUNDO DE RECURSOS DO SUS PROVENIENTES DO GOVERNO ESTADUAL;34.579,72
FUNDO MUNICIPAL DE SAÚDE DE BARBACENA;18.002;FUNDO MUNICIPAL DE SAUDE;2.043;MANUTENÇÃO DE REDE DE CUIDADOS A PESSOA COM DEFICIÊNCIA;3;MEDIA E ALTA COMPLEXIDADE ASSISTENCIAL;10;Saúde;302;Assistência Hospitalar e Ambulatorial;135;3.3.90.14.05.00.00.00;DIÁRIAS DE DEMAIS SERVIDORES;1.600.000.0000;TRANSFERÊNCIAS FUNDO A FUNDO DE RECURSOS DO SUS PROVENIENTES DO GOVERNO FEDERAL - BLOCO DE MANUTENÇÃO DAS AÇÕES E SERVIÇOS PÚBLICOS DE SAÚDE;300,00
FUNDO MUNICIPAL DE SAÚDE DE BARBACENA;18.002;FUNDO MUNICIPAL DE SAUDE;2.043;MANUTENÇÃO DE REDE DE CUIDADOS A PESSOA COM DEFICIÊNCIA;3;MEDIA E ALTA COMPLEXIDADE ASSISTENCIAL;10;Saúde;302;Assistência Hospitalar e Ambulatorial;137;3.3.90.39.99.00.00.00;OUTROS SERVIÇOS DE TERCEIROS - PESSOA JURÍDICA;1.600.000.0000;TRANSFERÊNCIAS FUNDO A FUNDO DE RECURSOS DO SUS PROVENIENTES DO GOVERNO FEDERAL - BLOCO DE MANUTENÇÃO DAS AÇÕES E SERVIÇOS PÚBLICOS DE SAÚDE;361.614,66
FUNDO MUNICIPAL DE SAÚDE DE BARBACENA;18.002;FUNDO MUNICIPAL DE SAUDE;2.043;MANUTENÇÃO DE REDE DE CUIDADOS A PESSOA COM DEFICIÊNCIA;3;MEDIA E ALTA COMPLEXIDADE ASSISTENCIAL;10;Saúde;302;Assistência Hospitalar e Ambulatorial;137;3.3.90.39.12.00.00.00;LOCAÇÃO DE MÁQUINAS E EQUIPAMENTOS;1.600.000.0000;TRANSFERÊNCIAS FUNDO A FUNDO DE RECURSOS DO SUS PROVENIENTES DO GOVERNO FEDERAL - BLOCO DE MANUTENÇÃO DAS AÇÕES E SERVIÇOS PÚBLICOS DE SAÚDE;7.413,33
FUNDO MUNICIPAL DE SAÚDE DE BARBACENA;18.002;FUNDO MUNICIPAL DE SAUDE;2.043;MANUTENÇÃO DE REDE DE CUIDADOS A PESSOA COM DEFICIÊNCIA;3;MEDIA E ALTA COMPLEXIDADE ASSISTENCIAL;10;Saúde;302;Assistência Hospitalar e Ambulatorial;137;3.3.90.39.99.00.00.00;OUTROS SERVIÇOS DE TERCEIROS - PESSOA JURÍDICA;2.600.000.0000;TRANSFERÊNCIAS FUNDO A FUNDO DE RECURSOS DO SUS PROVENIENTES DO GOVERNO FEDERAL - BLOCO DE MANUTENÇÃO DAS AÇÕES E SERVIÇOS PÚBLICOS DE SAÚDE;181.627,85
FUNDO MUNICIPAL DE SAÚDE DE BARBACENA;18.002;FUNDO MUNICIPAL DE SAUDE;2.043;MANUTENÇÃO DE REDE DE CUIDADOS A PESSOA COM DEFICIÊNCIA;3;MEDIA E ALTA COMPLEXIDADE ASSISTENCIAL;10;Saúde;302;Assistência Hospitalar e Ambulatorial;137;3.3.90.39.27.00.00.00;FORNECIMENTO DE ALIMENTAÇÃO;2.621.000.0000;TRANSFERÊNCIAS FUNDO A FUNDO DE RECURSOS DO SUS PROVENIENTES DO GOVERNO ESTADUAL;0,00
FUNDO MUNICIPAL DE SAÚDE DE BARBACENA;18.002;FUNDO MUNICIPAL DE SAUDE;2.043;MANUTENÇÃO DE REDE DE CUIDADOS A PESSOA COM DEFICIÊNCIA;3;MEDIA E ALTA COMPLEXIDADE ASSISTENCIAL;10;Saúde;302;Assistência Hospitalar e Ambulatorial;138;3.3.90.46.00.00.00.00;AUXÍLIO-ALIMENTAÇÃO;1.500.000.1002;RECURSOS NÃO VINCULADOS DE IMPOSTOS (SAÚDE);9.900,00
FUNDO MUNICIPAL DE SAÚDE DE BARBACENA;18.002;FUNDO MUNICIPAL DE SAUDE;2.043;MANUTENÇÃO DE REDE DE CUIDADOS A PESSOA COM DEFICIÊNCIA;3;MEDIA E ALTA COMPLEXIDADE ASSISTENCIAL;10;Saúde;302;Assistência Hospitalar e Ambulatorial;138;3.3.90.46.00.00.00.00;AUXÍLIO-ALIMENTAÇÃO;1.600.000.0000;TRANSFERÊNCIAS FUNDO A FUNDO DE RECURSOS DO SUS PROVENIENTES DO GOVERNO FEDERAL - BLOCO DE MANUTENÇÃO DAS AÇÕES E SERVIÇOS PÚBLICOS DE SAÚDE;1.350,00
FUNDO MUNICIPAL DE SAÚDE DE BARBACENA;18.002;FUNDO MUNICIPAL DE SAUDE;2.043;MANUTENÇÃO DE REDE DE CUIDADOS A PESSOA COM DEFICIÊNCIA;3;MEDIA E ALTA COMPLEXIDADE ASSISTENCIAL;10;Saúde;302;Assistência Hospitalar e Ambulatorial;138;3.3.90.46.00.00.00.00;AUXÍLIO-ALIMENTAÇÃO;1.621.000.0000;TRANSFERÊNCIAS FUNDO A FUNDO DE RECURSOS DO SUS PROVENIENTES DO GOVERNO ESTADUAL;1.350,00
FUNDO MUNICIPAL DE SAÚDE DE BARBACENA;18.002;FUNDO MUNICIPAL DE SAUDE;2.043;MANUTENÇÃO DE REDE DE CUIDADOS A PESSOA COM DEFICIÊNCIA;3;MEDIA E ALTA COMPLEXIDADE ASSISTENCIAL;10;Saúde;302;Assistência Hospitalar e Ambulatorial;138;3.3.90.46.00.00.00.00;AUXÍLIO-ALIMENTAÇÃO;2.621.000.0000;TRANSFERÊNCIAS FUNDO A FUNDO DE RECURSOS DO SUS PROVENIENTES DO GOVERNO ESTADUAL;5.415,00
FUNDO MUNICIPAL DE SAÚDE DE BARBACENA;18.002;FUNDO MUNICIPAL DE SAUDE;2.053;MANUTENÇÃO DO CONSÓRCIO INTERMUNICIPAL DE SAÚDE ALTO DAS VERTENTES - CISALV;3;MEDIA E ALTA COMPLEXIDADE ASSISTENCIAL;10;Saúde;302;Assistência Hospitalar e Ambulatorial;140;3.1.71.70.00.00.00.00;RATEIO PELA PARTICIPAÇÃO EM CONSÓRCIO PÚBLICO;1.500.000.1002;RECURSOS NÃO VINCULADOS DE IMPOSTOS (SAÚDE);52.036,40
FUNDO MUNICIPAL DE SAÚDE DE BARBACENA;18.002;FUNDO MUNICIPAL DE SAUDE;2.053;MANUTENÇÃO DO CONSÓRCIO INTERMUNICIPAL DE SAÚDE ALTO DAS VERTENTES - CISALV;3;MEDIA E ALTA COMPLEXIDADE ASSISTENCIAL;10;Saúde;302;Assistência Hospitalar e Ambulatorial;141;3.3.71.70.00.00.00.00;RATEIO PELA PARTICIPAÇÃO EM CONSÓRCIO PÚBLICO;1.500.000.1002;RECURSOS NÃO VINCULADOS DE IMPOSTOS (SAÚDE);1.005.172,65
FUNDO MUNICIPAL DE SAÚDE DE BARBACENA;18.002;FUNDO MUNICIPAL DE SAUDE;2.053;MANUTENÇÃO DO CONSÓRCIO INTERMUNICIPAL DE SAÚDE ALTO DAS VERTENTES - CISALV;3;MEDIA E ALTA COMPLEXIDADE ASSISTENCIAL;10;Saúde;302;Assistência Hospitalar e Ambulatorial;142;4.4.71.70.00.00.00.00;RATEIO PELA PARTICIPAÇÃO EM CONSÓRCIO PÚBLICO;1.500.000.1002;RECURSOS NÃO VINCULADOS DE IMPOSTOS (SAÚDE);12.027,39
FUNDO MUNICIPAL DE SAÚDE DE BARBACENA;18.002;FUNDO MUNICIPAL DE SAUDE;2.053;MANUTENÇÃO DO CONSÓRCIO INTERMUNICIPAL DE SAÚDE ALTO DAS VERTENTES - CISALV;3;MEDIA E ALTA COMPLEXIDADE ASSISTENCIAL;10;Saúde;302;Assistência Hospitalar e Ambulatorial;473;3.3.72.30.00.00.00.00;MATERIAL DE CONSUMO;1.500.000.1002;RECURSOS NÃO VINCULADOS DE IMPOSTOS (SAÚDE);60.000,00
FUNDO MUNICIPAL DE SAÚDE DE BARBACENA;18.002;FUNDO MUNICIPAL DE SAUDE;2.053;MANUTENÇÃO DO CONSÓRCIO INTERMUNICIPAL DE SAÚDE ALTO DAS VERTENTES - CISALV;3;MEDIA E ALTA COMPLEXIDADE ASSISTENCIAL;10;Saúde;302;Assistência Hospitalar e Ambulatorial;473;3.3.72.30.00.00.00.00;MATERIAL DE CONSUMO;1.600.000.0000;TRANSFERÊNCIAS FUNDO A FUNDO DE RECURSOS DO SUS PROVENIENTES DO GOVERNO FEDERAL - BLOCO DE MANUTENÇÃO DAS AÇÕES E SERVIÇOS PÚBLICOS DE SAÚDE;430.000,00
FUNDO MUNICIPAL DE SAÚDE DE BARBACENA;18.002;FUNDO MUNICIPAL DE SAUDE;2.053;MANUTENÇÃO DO CONSÓRCIO INTERMUNICIPAL DE SAÚDE ALTO DAS VERTENTES - CISALV;3;MEDIA E ALTA COMPLEXIDADE ASSISTENCIAL;10;Saúde;302;Assistência Hospitalar e Ambulatorial;473;3.3.72.30.00.00.00.00;MATERIAL DE CONSUMO;2.621.000.0000;TRANSFERÊNCIAS FUNDO A FUNDO DE RECURSOS DO SUS PROVENIENTES DO GOVERNO ESTADUAL;427.363,74
FUNDO MUNICIPAL DE SAÚDE DE BARBACENA;18.002;FUNDO MUNICIPAL DE SAUDE;2.053;MANUTENÇÃO DO CONSÓRCIO INTERMUNICIPAL DE SAÚDE ALTO DAS VERTENTES - CISALV;3;MEDIA E ALTA COMPLEXIDADE ASSISTENCIAL;10;Saúde;302;Assistência Hospitalar e Ambulatorial;482;3.3.72.39.00.00.00.00;OUTROS SERVIÇOS DE TERCEIROS - PESSOA JURÍDICA;1.500.000.1002;RECURSOS NÃO VINCULADOS DE IMPOSTOS (SAÚDE);45.871,85
FUNDO MUNICIPAL DE SAÚDE DE BARBACENA;18.002;FUNDO MUNICIPAL DE SAUDE;2.345;MANUTENÇÃO DO PROGRAMA A SAÚDE DO PACIENTE ONCOLÓGICO;3;MEDIA E ALTA COMPLEXIDADE ASSISTENCIAL;10;Saúde;302;Assistência Hospitalar e Ambulatorial;143;3.1.90.04.01.00.00.00;SALÁRIO CONTRATO TEMPORÁRIO;1.500.000.1002;RECURSOS NÃO VINCULADOS DE IMPOSTOS (SAÚDE);83.289,61
FUNDO MUNICIPAL DE SAÚDE DE BARBACENA;18.002;FUNDO MUNICIPAL DE SAUDE;2.345;MANUTENÇÃO DO PROGRAMA A SAÚDE DO PACIENTE ONCOLÓGICO;3;MEDIA E ALTA COMPLEXIDADE ASSISTENCIAL;10;Saúde;302;Assistência Hospitalar e Ambulatorial;143;3.1.90.04.15.00.00.00;OBRIGAÇÕES PATRONAIS - CONTRATO TEMPORÁRIO;1.500.000.1002;RECURSOS NÃO VINCULADOS DE IMPOSTOS (SAÚDE);13.920,69
FUNDO MUNICIPAL DE SAÚDE DE BARBACENA;18.002;FUNDO MUNICIPAL DE SAUDE;2.345;MANUTENÇÃO DO PROGRAMA A SAÚDE DO PACIENTE ONCOLÓGICO;3;MEDIA E ALTA COMPLEXIDADE ASSISTENCIAL;10;Saúde;302;Assistência Hospitalar e Ambulatorial;143;3.1.90.04.01.00.00.00;SALÁRIO CONTRATO TEMPORÁRIO;1.600.000.0000;TRANSFERÊNCIAS FUNDO A FUNDO DE RECURSOS DO SUS PROVENIENTES DO GOVERNO FEDERAL - BLOCO DE MANUTENÇÃO DAS AÇÕES E SERVIÇOS PÚBLICOS DE SAÚDE;125.590,32
FUNDO MUNICIPAL DE SAÚDE DE BARBACENA;18.002;FUNDO MUNICIPAL DE SAUDE;2.345;MANUTENÇÃO DO PROGRAMA A SAÚDE DO PACIENTE ONCOLÓGICO;3;MEDIA E ALTA COMPLEXIDADE ASSISTENCIAL;10;Saúde;302;Assistência Hospitalar e Ambulatorial;143;3.1.90.04.15.00.00.00;OBRIGAÇÕES PATRONAIS - CONTRATO TEMPORÁRIO;1.600.000.0000;TRANSFERÊNCIAS FUNDO A FUNDO DE RECURSOS DO SUS PROVENIENTES DO GOVERNO FEDERAL - BLOCO DE MANUTENÇÃO DAS AÇÕES E SERVIÇOS PÚBLICOS DE SAÚDE;24.802,72
FUNDO MUNICIPAL DE SAÚDE DE BARBACENA;18.002;FUNDO MUNICIPAL DE SAUDE;2.345;MANUTENÇÃO DO PROGRAMA A SAÚDE DO PACIENTE ONCOLÓGICO;3;MEDIA E ALTA COMPLEXIDADE ASSISTENCIAL;10;Saúde;302;Assistência Hospitalar e Ambulatorial;144;3.3.50.41.00.00.00.00;CONTRIBUIÇÕES;1.500.000.1002;RECURSOS NÃO VINCULADOS DE IMPOSTOS (SAÚDE);70.392,47
FUNDO MUNICIPAL DE SAÚDE DE BARBACENA;18.002;FUNDO MUNICIPAL DE SAUDE;2.345;MANUTENÇÃO DO PROGRAMA A SAÚDE DO PACIENTE ONCOLÓGICO;3;MEDIA E ALTA COMPLEXIDADE ASSISTENCIAL;10;Saúde;302;Assistência Hospitalar e Ambulatorial;146;3.3.90.39.99.00.00.00;OUTROS SERVIÇOS DE TERCEIROS - PESSOA JURÍDICA;1.500.000.1002;RECURSOS NÃO VINCULADOS DE IMPOSTOS (SAÚDE);115.614,88
FUNDO MUNICIPAL DE SAÚDE DE BARBACENA;18.002;FUNDO MUNICIPAL DE SAUDE;2.345;MANUTENÇÃO DO PROGRAMA A SAÚDE DO PACIENTE ONCOLÓGICO;3;MEDIA E ALTA COMPLEXIDADE ASSISTENCIAL;10;Saúde;302;Assistência Hospitalar e Ambulatorial;147;3.3.90.46.00.00.00.00;AUXÍLIO-ALIMENTAÇÃO;1.500.000.1002;RECURSOS NÃO VINCULADOS DE IMPOSTOS (SAÚDE);10.350,00
FUNDO MUNICIPAL DE SAÚDE DE BARBACENA;18.002;FUNDO MUNICIPAL DE SAUDE;2.345;MANUTENÇÃO DO PROGRAMA A SAÚDE DO PACIENTE ONCOLÓGICO;3;MEDIA E ALTA COMPLEXIDADE ASSISTENCIAL;10;Saúde;302;Assistência Hospitalar e Ambulatorial;147;3.3.90.46.00.00.00.00;AUXÍLIO-ALIMENTAÇÃO;1.600.000.0000;TRANSFERÊNCIAS FUNDO A FUNDO DE RECURSOS DO SUS PROVENIENTES DO GOVERNO FEDERAL - BLOCO DE MANUTENÇÃO DAS AÇÕES E SERVIÇOS PÚBLICOS DE SAÚDE;16.905,00
FUNDO MUNICIPAL DE SAÚDE DE BARBACENA;18.002;FUNDO MUNICIPAL DE SAUDE;2.345;MANUTENÇÃO DO PROGRAMA A SAÚDE DO PACIENTE ONCOLÓGICO;3;MEDIA E ALTA COMPLEXIDADE ASSISTENCIAL;10;Saúde;302;Assistência Hospitalar e Ambulatorial;147;3.3.90.46.00.00.00.00;AUXÍLIO-ALIMENTAÇÃO;1.621.000.0000;TRANSFERÊNCIAS FUNDO A FUNDO DE RECURSOS DO SUS PROVENIENTES DO GOVERNO ESTADUAL;1.800,00
FUNDO MUNICIPAL DE SAÚDE DE BARBACENA;18.002;FUNDO MUNICIPAL DE SAUDE;2.441;APOIO A SANTA CASA DE MISERICÓRDIA DE BARBACENA;3;MEDIA E ALTA COMPLEXIDADE ASSISTENCIAL;10;Saúde;302;Assistência Hospitalar e Ambulatorial;149;3.3.50.41.00.00.00.00;CONTRIBUIÇÕES;1.500.000.1002;RECURSOS NÃO VINCULADOS DE IMPOSTOS (SAÚDE);123.265,45
FUNDO MUNICIPAL DE SAÚDE DE BARBACENA;18.002;FUNDO MUNICIPAL DE SAUDE;2.441;APOIO A SANTA CASA DE MISERICÓRDIA DE BARBACENA;3;MEDIA E ALTA COMPLEXIDADE ASSISTENCIAL;10;Saúde;302;Assistência Hospitalar e Ambulatorial;149;3.3.50.41.00.00.00.00;CONTRIBUIÇÕES;1.600.000.0000;TRANSFERÊNCIAS FUNDO A FUNDO DE RECURSOS DO SUS PROVENIENTES DO GOVERNO FEDERAL - BLOCO DE MANUTENÇÃO DAS AÇÕES E SERVIÇOS PÚBLICOS DE SAÚDE;1.090.814,06
FUNDO MUNICIPAL DE SAÚDE DE BARBACENA;18.002;FUNDO MUNICIPAL DE SAUDE;2.442;APOIO AO HOSPITAL IBIAPABA CEBAMS;3;MEDIA E ALTA COMPLEXIDADE ASSISTENCIAL;10;Saúde;302;Assistência Hospitalar e Ambulatorial;150;3.3.50.41.00.00.00.00;CONTRIBUIÇÕES;1.600.000.0000;TRANSFERÊNCIAS FUNDO A FUNDO DE RECURSOS DO SUS PROVENIENTES DO GOVERNO FEDERAL - BLOCO DE MANUTENÇÃO DAS AÇÕES E SERVIÇOS PÚBLICOS DE SAÚDE;44.427,04
FUNDO MUNICIPAL DE SAÚDE DE BARBACENA;18.002;FUNDO MUNICIPAL DE SAUDE;2.444;APOIO AO NÚCLEO REGIONAL DE BARBACENA DE PREVENÇÃO E COMBATE AO CÂNCER;3;MEDIA E ALTA COMPLEXIDADE ASSISTENCIAL;10;Saúde;302;Assistência Hospitalar e Ambulatorial;471;4.4.50.41.00.00.00.00;CONTRIBUIÇÕES;1.500.000.1002;RECURSOS NÃO VINCULADOS DE IMPOSTOS (SAÚDE);50.000,00
FUNDO MUNICIPAL DE SAÚDE DE BARBACENA;18.002;FUNDO MUNICIPAL DE SAUDE;2.445;AQUISIÇÃO DE INSUMOS E MEDICAMENTOS PARA HOSPITAL IBIAPABA CEBAMS;3;MEDIA E ALTA COMPLEXIDADE ASSISTENCIAL;10;Saúde;302;Assistência Hospitalar e Ambulatorial;152;3.3.50.41.00.00.00.00;CONTRIBUIÇÕES;1.621.000.0000;TRANSFERÊNCIAS FUNDO A FUNDO DE RECURSOS DO SUS PROVENIENTES DO GOVERNO ESTADUAL;41.088,48
FUNDO MUNICIPAL DE SAÚDE DE BARBACENA;18.002;FUNDO MUNICIPAL DE SAUDE;2.446;AQUISIÇÃO DE INSUMOS E MEDICAMENTOS PARA HOSPITAL POLICLÍNICA E MATERNIDADE DE BARBACENA;3;MEDIA E ALTA COMPLEXIDADE ASSISTENCIAL;10;Saúde;302;Assistência Hospitalar e Ambulatorial;153;3.3.50.41.00.00.00.00;CONTRIBUIÇÕES;2.600.000.0000;TRANSFERÊNCIAS FUNDO A FUNDO DE RECURSOS DO SUS PROVENIENTES DO GOVERNO FEDERAL - BLOCO DE MANUTENÇÃO DAS AÇÕES E SERVIÇOS PÚBLICOS DE SAÚDE;41.088,48
FUNDO MUNICIPAL DE SAÚDE DE BARBACENA;18.002;FUNDO MUNICIPAL DE SAUDE;2.449;MANUTENÇÃO DA SANTA CASA DE MISERICÓRDIA DE BARBACENA;3;MEDIA E ALTA COMPLEXIDADE ASSISTENCIAL;10;Saúde;302;Assistência Hospitalar e Ambulatorial;468;3.3.50.41.00.00.00.00;CONTRIBUIÇÕES;1.500.000.1002;RECURSOS NÃO VINCULADOS DE IMPOSTOS (SAÚDE);173.265,45
FUNDO MUNICIPAL DE SAÚDE DE BARBACENA;18.002;FUNDO MUNICIPAL DE SAUDE;2.642;MANUTENÇÃO DA REDE DE ATENÇÃO PSICOSSOCIAL - RAPS;3;MEDIA E ALTA COMPLEXIDADE ASSISTENCIAL;10;Saúde;302;Assistência Hospitalar e Ambulatorial;160;3.1.90.04.01.00.00.00;SALÁRIO CONTRATO TEMPORÁRIO;1.500.000.1002;RECURSOS NÃO VINCULADOS DE IMPOSTOS (SAÚDE);10.244,50
FUNDO MUNICIPAL DE SAÚDE DE BARBACENA;18.002;FUNDO MUNICIPAL DE SAUDE;2.642;MANUTENÇÃO DA REDE DE ATENÇÃO PSICOSSOCIAL - RAPS;3;MEDIA E ALTA COMPLEXIDADE ASSISTENCIAL;10;Saúde;302;Assistência Hospitalar e Ambulatorial;160;3.1.90.04.15.00.00.00;OBRIGAÇÕES PATRONAIS - CONTRATO TEMPORÁRIO;1.600.000.0000;TRANSFERÊNCIAS FUNDO A FUNDO DE RECURSOS DO SUS PROVENIENTES DO GOVERNO FEDERAL - BLOCO DE MANUTENÇÃO DAS AÇÕES E SERVIÇOS PÚBLICOS DE SAÚDE;99.499,09
FUNDO MUNICIPAL DE SAÚDE DE BARBACENA;18.002;FUNDO MUNICIPAL DE SAUDE;2.642;MANUTENÇÃO DA REDE DE ATENÇÃO PSICOSSOCIAL - RAPS;3;MEDIA E ALTA COMPLEXIDADE ASSISTENCIAL;10;Saúde;302;Assistência Hospitalar e Ambulatorial;160;3.1.90.04.01.00.00.00;SALÁRIO CONTRATO TEMPORÁRIO;1.600.000.0000;TRANSFERÊNCIAS FUNDO A FUNDO DE RECURSOS DO SUS PROVENIENTES DO GOVERNO FEDERAL - BLOCO DE MANUTENÇÃO DAS AÇÕES E SERVIÇOS PÚBLICOS DE SAÚDE;393.292,39
FUNDO MUNICIPAL DE SAÚDE DE BARBACENA;18.002;FUNDO MUNICIPAL DE SAUDE;2.642;MANUTENÇÃO DA REDE DE ATENÇÃO PSICOSSOCIAL - RAPS;3;MEDIA E ALTA COMPLEXIDADE ASSISTENCIAL;10;Saúde;302;Assistência Hospitalar e Ambulatorial;160;3.1.90.04.01.00.00.00;SALÁRIO CONTRATO TEMPORÁRIO;1.621.000.0000;TRANSFERÊNCIAS FUNDO A FUNDO DE RECURSOS DO SUS PROVENIENTES DO GOVERNO ESTADUAL;206.596,25
FUNDO MUNICIPAL DE SAÚDE DE BARBACENA;18.002;FUNDO MUNICIPAL DE SAUDE;2.642;MANUTENÇÃO DA REDE DE ATENÇÃO PSICOSSOCIAL - RAPS;3;MEDIA E ALTA COMPLEXIDADE ASSISTENCIAL;10;Saúde;302;Assistência Hospitalar e Ambulatorial;160;3.1.90.04.15.00.00.00;OBRIGAÇÕES PATRONAIS - CONTRATO TEMPORÁRIO;1.621.000.0000;TRANSFERÊNCIAS FUNDO A FUNDO DE RECURSOS DO SUS PROVENIENTES DO GOVERNO ESTADUAL;40.281,46
FUNDO MUNICIPAL DE SAÚDE DE BARBACENA;18.002;FUNDO MUNICIPAL DE SAUDE;2.642;MANUTENÇÃO DA REDE DE ATENÇÃO PSICOSSOCIAL - RAPS;3;MEDIA E ALTA COMPLEXIDADE ASSISTENCIAL;10;Saúde;302;Assistência Hospitalar e Ambulatorial;160;3.1.90.04.01.00.00.00;SALÁRIO CONTRATO TEMPORÁRIO;2.621.000.0000;TRANSFERÊNCIAS FUNDO A FUNDO DE RECURSOS DO SUS PROVENIENTES DO GOVERNO ESTADUAL;2.420.059,01
FUNDO MUNICIPAL DE SAÚDE DE BARBACENA;18.002;FUNDO MUNICIPAL DE SAUDE;2.642;MANUTENÇÃO DA REDE DE ATENÇÃO PSICOSSOCIAL - RAPS;3;MEDIA E ALTA COMPLEXIDADE ASSISTENCIAL;10;Saúde;302;Assistência Hospitalar e Ambulatorial;160;3.1.90.04.15.00.00.00;OBRIGAÇÕES PATRONAIS - CONTRATO TEMPORÁRIO;2.621.000.0000;TRANSFERÊNCIAS FUNDO A FUNDO DE RECURSOS DO SUS PROVENIENTES DO GOVERNO ESTADUAL;484.299,26
FUNDO MUNICIPAL DE SAÚDE DE BARBACENA;18.002;FUNDO MUNICIPAL DE SAUDE;2.642;MANUTENÇÃO DA REDE DE ATENÇÃO PSICOSSOCIAL - RAPS;3;MEDIA E ALTA COMPLEXIDADE ASSISTENCIAL;10;Saúde;302;Assistência Hospitalar e Ambulatorial;161;3.1.90.11.01.00.00.00;VENCIMENTOS E SALÁRIOS;1.600.000.0000;TRANSFERÊNCIAS FUNDO A FUNDO DE RECURSOS DO SUS PROVENIENTES DO GOVERNO FEDERAL - BLOCO DE MANUTENÇÃO DAS AÇÕES E SERVIÇOS PÚBLICOS DE SAÚDE;327.115,82
FUNDO MUNICIPAL DE SAÚDE DE BARBACENA;18.002;FUNDO MUNICIPAL DE SAUDE;2.642;MANUTENÇÃO DA REDE DE ATENÇÃO PSICOSSOCIAL - RAPS;3;MEDIA E ALTA COMPLEXIDADE ASSISTENCIAL;10;Saúde;302;Assistência Hospitalar e Ambulatorial;161;3.1.90.11.52.00.00.00;LICENÇA SAÚDE;1.600.000.0000;TRANSFERÊNCIAS FUNDO A FUNDO DE RECURSOS DO SUS PROVENIENTES DO GOVERNO FEDERAL - BLOCO DE MANUTENÇÃO DAS AÇÕES E SERVIÇOS PÚBLICOS DE SAÚDE;31.483,59
FUNDO MUNICIPAL DE SAÚDE DE BARBACENA;18.002;FUNDO MUNICIPAL DE SAUDE;2.642;MANUTENÇÃO DA REDE DE ATENÇÃO PSICOSSOCIAL - RAPS;3;MEDIA E ALTA COMPLEXIDADE ASSISTENCIAL;10;Saúde;302;Assistência Hospitalar e Ambulatorial;161;3.1.90.11.52.00.00.00;LICENÇA SAÚDE;1.621.000.0000;TRANSFERÊNCIAS FUNDO A FUNDO DE RECURSOS DO SUS PROVENIENTES DO GOVERNO ESTADUAL;12.518,48
FUNDO MUNICIPAL DE SAÚDE DE BARBACENA;18.002;FUNDO MUNICIPAL DE SAUDE;2.642;MANUTENÇÃO DA REDE DE ATENÇÃO PSICOSSOCIAL - RAPS;3;MEDIA E ALTA COMPLEXIDADE ASSISTENCIAL;10;Saúde;302;Assistência Hospitalar e Ambulatorial;161;3.1.90.11.01.00.00.00;VENCIMENTOS E SALÁRIOS;1.621.000.0000;TRANSFERÊNCIAS FUNDO A FUNDO DE RECURSOS DO SUS PROVENIENTES DO GOVERNO ESTADUAL;165.914,68
FUNDO MUNICIPAL DE SAÚDE DE BARBACENA;18.002;FUNDO MUNICIPAL DE SAUDE;2.642;MANUTENÇÃO DA REDE DE ATENÇÃO PSICOSSOCIAL - RAPS;3;MEDIA E ALTA COMPLEXIDADE ASSISTENCIAL;10;Saúde;302;Assistência Hospitalar e Ambulatorial;161;3.1.90.11.01.00.00.00;VENCIMENTOS E SALÁRIOS;2.621.000.0000;TRANSFERÊNCIAS FUNDO A FUNDO DE RECURSOS DO SUS PROVENIENTES DO GOVERNO ESTADUAL;1.240.057,68
FUNDO MUNICIPAL DE SAÚDE DE BARBACENA;18.002;FUNDO MUNICIPAL DE SAUDE;2.642;MANUTENÇÃO DA REDE DE ATENÇÃO PSICOSSOCIAL - RAPS;3;MEDIA E ALTA COMPLEXIDADE ASSISTENCIAL;10;Saúde;302;Assistência Hospitalar e Ambulatorial;161;3.1.90.11.50.00.00.00;SALÁRIO MATERNIDADE;2.621.000.0000;TRANSFERÊNCIAS FUNDO A FUNDO DE RECURSOS DO SUS PROVENIENTES DO GOVERNO ESTADUAL;63.896,00
FUNDO MUNICIPAL DE SAÚDE DE BARBACENA;18.002;FUNDO MUNICIPAL DE SAUDE;2.642;MANUTENÇÃO DA REDE DE ATENÇÃO PSICOSSOCIAL - RAPS;3;MEDIA E ALTA COMPLEXIDADE ASSISTENCIAL;10;Saúde;302;Assistência Hospitalar e Ambulatorial;161;3.1.90.11.52.00.00.00;LICENÇA SAÚDE;2.621.000.0000;TRANSFERÊNCIAS FUNDO A FUNDO DE RECURSOS DO SUS PROVENIENTES DO GOVERNO ESTADUAL;1.986,88
FUNDO MUNICIPAL DE SAÚDE DE BARBACENA;18.002;FUNDO MUNICIPAL DE SAUDE;2.642;MANUTENÇÃO DA REDE DE ATENÇÃO PSICOSSOCIAL - RAPS;3;MEDIA E ALTA COMPLEXIDADE ASSISTENCIAL;10;Saúde;302;Assistência Hospitalar e Ambulatorial;163;3.1.91.13.08.00.00.00;CONTRIB. PREV.- RPPS - PESSOAL ATIVO - PLANO PREV.;1.600.000.0000;TRANSFERÊNCIAS FUNDO A FUNDO DE RECURSOS DO SUS PROVENIENTES DO GOVERNO FEDERAL - BLOCO DE MANUTENÇÃO DAS AÇÕES E SERVIÇOS PÚBLICOS DE SAÚDE;113.755,71
FUNDO MUNICIPAL DE SAÚDE DE BARBACENA;18.002;FUNDO MUNICIPAL DE SAUDE;2.642;MANUTENÇÃO DA REDE DE ATENÇÃO PSICOSSOCIAL - RAPS;3;MEDIA E ALTA COMPLEXIDADE ASSISTENCIAL;10;Saúde;302;Assistência Hospitalar e Ambulatorial;163;3.1.91.13.08.00.00.00;CONTRIB. PREV.- RPPS - PESSOAL ATIVO - PLANO PREV.;1.621.000.0000;TRANSFERÊNCIAS FUNDO A FUNDO DE RECURSOS DO SUS PROVENIENTES DO GOVERNO ESTADUAL;38.887,89
FUNDO MUNICIPAL DE SAÚDE DE BARBACENA;18.002;FUNDO MUNICIPAL DE SAUDE;2.642;MANUTENÇÃO DA REDE DE ATENÇÃO PSICOSSOCIAL - RAPS;3;MEDIA E ALTA COMPLEXIDADE ASSISTENCIAL;10;Saúde;302;Assistência Hospitalar e Ambulatorial;163;3.1.91.13.08.00.00.00;CONTRIB. PREV.- RPPS - PESSOAL ATIVO - PLANO PREV.;2.621.000.0000;TRANSFERÊNCIAS FUNDO A FUNDO DE RECURSOS DO SUS PROVENIENTES DO GOVERNO ESTADUAL;340.148,40
FUNDO MUNICIPAL DE SAÚDE DE BARBACENA;18.002;FUNDO MUNICIPAL DE SAUDE;2.642;MANUTENÇÃO DA REDE DE ATENÇÃO PSICOSSOCIAL - RAPS;3;MEDIA E ALTA COMPLEXIDADE ASSISTENCIAL;10;Saúde;302;Assistência Hospitalar e Ambulatorial;164;3.3.90.14.05.00.00.00;DIÁRIAS DE DEMAIS SERVIDORES;1.600.000.0000;TRANSFERÊNCIAS FUNDO A FUNDO DE RECURSOS DO SUS PROVENIENTES DO GOVERNO FEDERAL - BLOCO DE MANUTENÇÃO DAS AÇÕES E SERVIÇOS PÚBLICOS DE SAÚDE;6.100,00
FUNDO MUNICIPAL DE SAÚDE DE BARBACENA;18.002;FUNDO MUNICIPAL DE SAUDE;2.642;MANUTENÇÃO DA REDE DE ATENÇÃO PSICOSSOCIAL - RAPS;3;MEDIA E ALTA COMPLEXIDADE ASSISTENCIAL;10;Saúde;302;Assistência Hospitalar e Ambulatorial;165;3.3.90.18.00.00.00.00;AUXÍLIO FINANCEIRO A ESTUDANTES;1.600.000.0000;TRANSFERÊNCIAS FUNDO A FUNDO DE RECURSOS DO SUS PROVENIENTES DO GOVERNO FEDERAL - BLOCO DE MANUTENÇÃO DAS AÇÕES E SERVIÇOS PÚBLICOS DE SAÚDE;454,88
FUNDO MUNICIPAL DE SAÚDE DE BARBACENA;18.002;FUNDO MUNICIPAL DE SAUDE;2.642;MANUTENÇÃO DA REDE DE ATENÇÃO PSICOSSOCIAL - RAPS;3;MEDIA E ALTA COMPLEXIDADE ASSISTENCIAL;10;Saúde;302;Assistência Hospitalar e Ambulatorial;165;3.3.90.18.00.00.00.00;AUXÍLIO FINANCEIRO A ESTUDANTES;1.621.000.0000;TRANSFERÊNCIAS FUNDO A FUNDO DE RECURSOS DO SUS PROVENIENTES DO GOVERNO ESTADUAL;157,96
FUNDO MUNICIPAL DE SAÚDE DE BARBACENA;18.002;FUNDO MUNICIPAL DE SAUDE;2.642;MANUTENÇÃO DA REDE DE ATENÇÃO PSICOSSOCIAL - RAPS;3;MEDIA E ALTA COMPLEXIDADE ASSISTENCIAL;10;Saúde;302;Assistência Hospitalar e Ambulatorial;165;3.3.90.18.00.00.00.00;AUXÍLIO FINANCEIRO A ESTUDANTES;2.621.000.0000;TRANSFERÊNCIAS FUNDO A FUNDO DE RECURSOS DO SUS PROVENIENTES DO GOVERNO ESTADUAL;1.294,80
FUNDO MUNICIPAL DE SAÚDE DE BARBACENA;18.002;FUNDO MUNICIPAL DE SAUDE;2.642;MANUTENÇÃO DA REDE DE ATENÇÃO PSICOSSOCIAL - RAPS;3;MEDIA E ALTA COMPLEXIDADE ASSISTENCIAL;10;Saúde;302;Assistência Hospitalar e Ambulatorial;166;3.3.90.30.99.00.00.00;OUTROS MATERIAIS DE CONSUMO;1.600.000.0000;TRANSFERÊNCIAS FUNDO A FUNDO DE RECURSOS DO SUS PROVENIENTES DO GOVERNO FEDERAL - BLOCO DE MANUTENÇÃO DAS AÇÕES E SERVIÇOS PÚBLICOS DE SAÚDE;26.878,22
FUNDO MUNICIPAL DE SAÚDE DE BARBACENA;18.002;FUNDO MUNICIPAL DE SAUDE;2.642;MANUTENÇÃO DA REDE DE ATENÇÃO PSICOSSOCIAL - RAPS;3;MEDIA E ALTA COMPLEXIDADE ASSISTENCIAL;10;Saúde;302;Assistência Hospitalar e Ambulatorial;166;3.3.90.30.16.00.00.00;MATERIAL DE EXPEDIENTE;1.600.000.0000;TRANSFERÊNCIAS FUNDO A FUNDO DE RECURSOS DO SUS PROVENIENTES DO GOVERNO FEDERAL - BLOCO DE MANUTENÇÃO DAS AÇÕES E SERVIÇOS PÚBLICOS DE SAÚDE;22.290,12
FUNDO MUNICIPAL DE SAÚDE DE BARBACENA;18.002;FUNDO MUNICIPAL DE SAUDE;2.642;MANUTENÇÃO DA REDE DE ATENÇÃO PSICOSSOCIAL - RAPS;3;MEDIA E ALTA COMPLEXIDADE ASSISTENCIAL;10;Saúde;302;Assistência Hospitalar e Ambulatorial;166;3.3.90.30.22.00.00.00;MATERIAL DE LIMPEZA E PRODUÇÃO DE HIGIENIZAÇÃO;1.600.000.0000;TRANSFERÊNCIAS FUNDO A FUNDO DE RECURSOS DO SUS PROVENIENTES DO GOVERNO FEDERAL - BLOCO DE MANUTENÇÃO DAS AÇÕES E SERVIÇOS PÚBLICOS DE SAÚDE;4.146,39
FUNDO MUNICIPAL DE SAÚDE DE BARBACENA;18.002;FUNDO MUNICIPAL DE SAUDE;2.642;MANUTENÇÃO DA REDE DE ATENÇÃO PSICOSSOCIAL - RAPS;3;MEDIA E ALTA COMPLEXIDADE ASSISTENCIAL;10;Saúde;302;Assistência Hospitalar e Ambulatorial;166;3.3.90.30.37.00.00.00;MATERIAL PARA MANUTENÇÃO DE VEÍCULOS;1.600.000.0000;TRANSFERÊNCIAS FUNDO A FUNDO DE RECURSOS DO SUS PROVENIENTES DO GOVERNO FEDERAL - BLOCO DE MANUTENÇÃO DAS AÇÕES E SERVIÇOS PÚBLICOS DE SAÚDE;5.000,00
FUNDO MUNICIPAL DE SAÚDE DE BARBACENA;18.002;FUNDO MUNICIPAL DE SAUDE;2.642;MANUTENÇÃO DA REDE DE ATENÇÃO PSICOSSOCIAL - RAPS;3;MEDIA E ALTA COMPLEXIDADE ASSISTENCIAL;10;Saúde;302;Assistência Hospitalar e Ambulatorial;166;3.3.90.30.07.00.00.00;GÊNEROS DE ALIMENTAÇÃO;1.600.000.0000;TRANSFERÊNCIAS FUNDO A FUNDO DE RECURSOS DO SUS PROVENIENTES DO GOVERNO FEDERAL - BLOCO DE MANUTENÇÃO DAS AÇÕES E SERVIÇOS PÚBLICOS DE SAÚDE;47.257,68
FUNDO MUNICIPAL DE SAÚDE DE BARBACENA;18.002;FUNDO MUNICIPAL DE SAUDE;2.642;MANUTENÇÃO DA REDE DE ATENÇÃO PSICOSSOCIAL - RAPS;3;MEDIA E ALTA COMPLEXIDADE ASSISTENCIAL;10;Saúde;302;Assistência Hospitalar e Ambulatorial;166;3.3.90.30.07.00.00.00;GÊNEROS DE ALIMENTAÇÃO;1.621.000.0000;TRANSFERÊNCIAS FUNDO A FUNDO DE RECURSOS DO SUS PROVENIENTES DO GOVERNO ESTADUAL;63.313,96
FUNDO MUNICIPAL DE SAÚDE DE BARBACENA;18.002;FUNDO MUNICIPAL DE SAUDE;2.642;MANUTENÇÃO DA REDE DE ATENÇÃO PSICOSSOCIAL - RAPS;3;MEDIA E ALTA COMPLEXIDADE ASSISTENCIAL;10;Saúde;302;Assistência Hospitalar e Ambulatorial;166;3.3.90.30.24.00.00.00;MATERIAL PARA MANUTENÇÃO DE BENS IMÓVEIS;1.621.000.0000;TRANSFERÊNCIAS FUNDO A FUNDO DE RECURSOS DO SUS PROVENIENTES DO GOVERNO ESTADUAL;4.084,67
FUNDO MUNICIPAL DE SAÚDE DE BARBACENA;18.002;FUNDO MUNICIPAL DE SAUDE;2.642;MANUTENÇÃO DA REDE DE ATENÇÃO PSICOSSOCIAL - RAPS;3;MEDIA E ALTA COMPLEXIDADE ASSISTENCIAL;10;Saúde;302;Assistência Hospitalar e Ambulatorial;166;3.3.90.30.09.00.00.00;MEDICAMENTOS;1.621.000.0000;TRANSFERÊNCIAS FUNDO A FUNDO DE RECURSOS DO SUS PROVENIENTES DO GOVERNO ESTADUAL;65.987,00
FUNDO MUNICIPAL DE SAÚDE DE BARBACENA;18.002;FUNDO MUNICIPAL DE SAUDE;2.642;MANUTENÇÃO DA REDE DE ATENÇÃO PSICOSSOCIAL - RAPS;3;MEDIA E ALTA COMPLEXIDADE ASSISTENCIAL;10;Saúde;302;Assistência Hospitalar e Ambulatorial;166;3.3.90.30.22.00.00.00;MATERIAL DE LIMPEZA E PRODUÇÃO DE HIGIENIZAÇÃO;1.621.000.0000;TRANSFERÊNCIAS FUNDO A FUNDO DE RECURSOS DO SUS PROVENIENTES DO GOVERNO ESTADUAL;7.217,46
FUNDO MUNICIPAL DE SAÚDE DE BARBACENA;18.002;FUNDO MUNICIPAL DE SAUDE;2.642;MANUTENÇÃO DA REDE DE ATENÇÃO PSICOSSOCIAL - RAPS;3;MEDIA E ALTA COMPLEXIDADE ASSISTENCIAL;10;Saúde;302;Assistência Hospitalar e Ambulatorial;166;3.3.90.30.22.00.00.00;MATERIAL DE LIMPEZA E PRODUÇÃO DE HIGIENIZAÇÃO;2.600.000.0000;TRANSFERÊNCIAS FUNDO A FUNDO DE RECURSOS DO SUS PROVENIENTES DO GOVERNO FEDERAL - BLOCO DE MANUTENÇÃO DAS AÇÕES E SERVIÇOS PÚBLICOS DE SAÚDE;27.816,35
FUNDO MUNICIPAL DE SAÚDE DE BARBACENA;18.002;FUNDO MUNICIPAL DE SAUDE;2.642;MANUTENÇÃO DA REDE DE ATENÇÃO PSICOSSOCIAL - RAPS;3;MEDIA E ALTA COMPLEXIDADE ASSISTENCIAL;10;Saúde;302;Assistência Hospitalar e Ambulatorial;166;3.3.90.30.16.00.00.00;MATERIAL DE EXPEDIENTE;2.600.000.0000;TRANSFERÊNCIAS FUNDO A FUNDO DE RECURSOS DO SUS PROVENIENTES DO GOVERNO FEDERAL - BLOCO DE MANUTENÇÃO DAS AÇÕES E SERVIÇOS PÚBLICOS DE SAÚDE;9.090,88
FUNDO MUNICIPAL DE SAÚDE DE BARBACENA;18.002;FUNDO MUNICIPAL DE SAUDE;2.642;MANUTENÇÃO DA REDE DE ATENÇÃO PSICOSSOCIAL - RAPS;3;MEDIA E ALTA COMPLEXIDADE ASSISTENCIAL;10;Saúde;302;Assistência Hospitalar e Ambulatorial;166;3.3.90.30.37.00.00.00;MATERIAL PARA MANUTENÇÃO DE VEÍCULOS;2.621.000.0000;TRANSFERÊNCIAS FUNDO A FUNDO DE RECURSOS DO SUS PROVENIENTES DO GOVERNO ESTADUAL;15.000,00
FUNDO MUNICIPAL DE SAÚDE DE BARBACENA;18.002;FUNDO MUNICIPAL DE SAUDE;2.642;MANUTENÇÃO DA REDE DE ATENÇÃO PSICOSSOCIAL - RAPS;3;MEDIA E ALTA COMPLEXIDADE ASSISTENCIAL;10;Saúde;302;Assistência Hospitalar e Ambulatorial;166;3.3.90.30.04.00.00.00;GÁS ENGARRAFADO;2.621.000.0000;TRANSFERÊNCIAS FUNDO A FUNDO DE RECURSOS DO SUS PROVENIENTES DO GOVERNO ESTADUAL;2.486,00
FUNDO MUNICIPAL DE SAÚDE DE BARBACENA;18.002;FUNDO MUNICIPAL DE SAUDE;2.642;MANUTENÇÃO DA REDE DE ATENÇÃO PSICOSSOCIAL - RAPS;3;MEDIA E ALTA COMPLEXIDADE ASSISTENCIAL;10;Saúde;302;Assistência Hospitalar e Ambulatorial;166;3.3.90.30.99.00.00.00;OUTROS MATERIAIS DE CONSUMO;2.621.000.0000;TRANSFERÊNCIAS FUNDO A FUNDO DE RECURSOS DO SUS PROVENIENTES DO GOVERNO ESTADUAL;91,00
FUNDO MUNICIPAL DE SAÚDE DE BARBACENA;18.002;FUNDO MUNICIPAL DE SAUDE;2.642;MANUTENÇÃO DA REDE DE ATENÇÃO PSICOSSOCIAL - RAPS;3;MEDIA E ALTA COMPLEXIDADE ASSISTENCIAL;10;Saúde;302;Assistência Hospitalar e Ambulatorial;168;3.3.90.39.29.00.00.00;SERVIÇOS DE ENERGIA ELÉTRICA;1.500.000.1002;RECURSOS NÃO VINCULADOS DE IMPOSTOS (SAÚDE);20.000,00
FUNDO MUNICIPAL DE SAÚDE DE BARBACENA;18.002;FUNDO MUNICIPAL DE SAUDE;2.642;MANUTENÇÃO DA REDE DE ATENÇÃO PSICOSSOCIAL - RAPS;3;MEDIA E ALTA COMPLEXIDADE ASSISTENCIAL;10;Saúde;302;Assistência Hospitalar e Ambulatorial;168;3.3.90.39.99.00.00.00;OUTROS SERVIÇOS DE TERCEIROS - PESSOA JURÍDICA;1.600.000.0000;TRANSFERÊNCIAS FUNDO A FUNDO DE RECURSOS DO SUS PROVENIENTES DO GOVERNO FEDERAL - BLOCO DE MANUTENÇÃO DAS AÇÕES E SERVIÇOS PÚBLICOS DE SAÚDE;5.300.317,65
FUNDO MUNICIPAL DE SAÚDE DE BARBACENA;18.002;FUNDO MUNICIPAL DE SAUDE;2.642;MANUTENÇÃO DA REDE DE ATENÇÃO PSICOSSOCIAL - RAPS;3;MEDIA E ALTA COMPLEXIDADE ASSISTENCIAL;10;Saúde;302;Assistência Hospitalar e Ambulatorial;168;3.3.90.39.12.00.00.00;LOCAÇÃO DE MÁQUINAS E EQUIPAMENTOS;1.600.000.0000;TRANSFERÊNCIAS FUNDO A FUNDO DE RECURSOS DO SUS PROVENIENTES DO GOVERNO FEDERAL - BLOCO DE MANUTENÇÃO DAS AÇÕES E SERVIÇOS PÚBLICOS DE SAÚDE;13.389,04
FUNDO MUNICIPAL DE SAÚDE DE BARBACENA;18.002;FUNDO MUNICIPAL DE SAUDE;2.642;MANUTENÇÃO DA REDE DE ATENÇÃO PSICOSSOCIAL - RAPS;3;MEDIA E ALTA COMPLEXIDADE ASSISTENCIAL;10;Saúde;302;Assistência Hospitalar e Ambulatorial;168;3.3.90.39.16.00.00.00;MANUTENÇÃO E CONSERVAÇÃO DE VEÍCULOS;1.600.000.0000;TRANSFERÊNCIAS FUNDO A FUNDO DE RECURSOS DO SUS PROVENIENTES DO GOVERNO FEDERAL - BLOCO DE MANUTENÇÃO DAS AÇÕES E SERVIÇOS PÚBLICOS DE SAÚDE;5.000,00
FUNDO MUNICIPAL DE SAÚDE DE BARBACENA;18.002;FUNDO MUNICIPAL DE SAUDE;2.642;MANUTENÇÃO DA REDE DE ATENÇÃO PSICOSSOCIAL - RAPS;3;MEDIA E ALTA COMPLEXIDADE ASSISTENCIAL;10;Saúde;302;Assistência Hospitalar e Ambulatorial;168;3.3.90.39.53.00.00.00;SEGUROS EM GERAL;1.600.000.0000;TRANSFERÊNCIAS FUNDO A FUNDO DE RECURSOS DO SUS PROVENIENTES DO GOVERNO FEDERAL - BLOCO DE MANUTENÇÃO DAS AÇÕES E SERVIÇOS PÚBLICOS DE SAÚDE;950,00
FUNDO MUNICIPAL DE SAÚDE DE BARBACENA;18.002;FUNDO MUNICIPAL DE SAUDE;2.642;MANUTENÇÃO DA REDE DE ATENÇÃO PSICOSSOCIAL - RAPS;3;MEDIA E ALTA COMPLEXIDADE ASSISTENCIAL;10;Saúde;302;Assistência Hospitalar e Ambulatorial;168;3.3.90.39.27.00.00.00;FORNECIMENTO DE ALIMENTAÇÃO;1.621.000.0000;TRANSFERÊNCIAS FUNDO A FUNDO DE RECURSOS DO SUS PROVENIENTES DO GOVERNO ESTADUAL;89.728,10
FUNDO MUNICIPAL DE SAÚDE DE BARBACENA;18.002;FUNDO MUNICIPAL DE SAUDE;2.642;MANUTENÇÃO DA REDE DE ATENÇÃO PSICOSSOCIAL - RAPS;3;MEDIA E ALTA COMPLEXIDADE ASSISTENCIAL;10;Saúde;302;Assistência Hospitalar e Ambulatorial;168;3.3.90.39.43.00.00.00;SERVIÇOS DE TELECOMUNICAÇÕES;1.621.000.0000;TRANSFERÊNCIAS FUNDO A FUNDO DE RECURSOS DO SUS PROVENIENTES DO GOVERNO ESTADUAL;2.795,00
FUNDO MUNICIPAL DE SAÚDE DE BARBACENA;18.002;FUNDO MUNICIPAL DE SAUDE;2.642;MANUTENÇÃO DA REDE DE ATENÇÃO PSICOSSOCIAL - RAPS;3;MEDIA E ALTA COMPLEXIDADE ASSISTENCIAL;10;Saúde;302;Assistência Hospitalar e Ambulatorial;168;3.3.90.39.99.00.00.00;OUTROS SERVIÇOS DE TERCEIROS - PESSOA JURÍDICA;1.621.000.0000;TRANSFERÊNCIAS FUNDO A FUNDO DE RECURSOS DO SUS PROVENIENTES DO GOVERNO ESTADUAL;5.320,00
FUNDO MUNICIPAL DE SAÚDE DE BARBACENA;18.002;FUNDO MUNICIPAL DE SAUDE;2.642;MANUTENÇÃO DA REDE DE ATENÇÃO PSICOSSOCIAL - RAPS;3;MEDIA E ALTA COMPLEXIDADE ASSISTENCIAL;10;Saúde;302;Assistência Hospitalar e Ambulatorial;168;3.3.90.39.99.00.00.00;OUTROS SERVIÇOS DE TERCEIROS - PESSOA JURÍDICA;2.600.000.0000;TRANSFERÊNCIAS FUNDO A FUNDO DE RECURSOS DO SUS PROVENIENTES DO GOVERNO FEDERAL - BLOCO DE MANUTENÇÃO DAS AÇÕES E SERVIÇOS PÚBLICOS DE SAÚDE;2.212,56
FUNDO MUNICIPAL DE SAÚDE DE BARBACENA;18.002;FUNDO MUNICIPAL DE SAUDE;2.642;MANUTENÇÃO DA REDE DE ATENÇÃO PSICOSSOCIAL - RAPS;3;MEDIA E ALTA COMPLEXIDADE ASSISTENCIAL;10;Saúde;302;Assistência Hospitalar e Ambulatorial;168;3.3.90.39.53.00.00.00;SEGUROS EM GERAL;2.600.000.0000;TRANSFERÊNCIAS FUNDO A FUNDO DE RECURSOS DO SUS PROVENIENTES DO GOVERNO FEDERAL - BLOCO DE MANUTENÇÃO DAS AÇÕES E SERVIÇOS PÚBLICOS DE SAÚDE;0,00
FUNDO MUNICIPAL DE SAÚDE DE BARBACENA;18.002;FUNDO MUNICIPAL DE SAUDE;2.642;MANUTENÇÃO DA REDE DE ATENÇÃO PSICOSSOCIAL - RAPS;3;MEDIA E ALTA COMPLEXIDADE ASSISTENCIAL;10;Saúde;302;Assistência Hospitalar e Ambulatorial;168;3.3.90.39.99.00.00.00;OUTROS SERVIÇOS DE TERCEIROS - PESSOA JURÍDICA;2.621.000.0000;TRANSFERÊNCIAS FUNDO A FUNDO DE RECURSOS DO SUS PROVENIENTES DO GOVERNO ESTADUAL;2.291.263,63
FUNDO MUNICIPAL DE SAÚDE DE BARBACENA;18.002;FUNDO MUNICIPAL DE SAUDE;2.642;MANUTENÇÃO DA REDE DE ATENÇÃO PSICOSSOCIAL - RAPS;3;MEDIA E ALTA COMPLEXIDADE ASSISTENCIAL;10;Saúde;302;Assistência Hospitalar e Ambulatorial;168;3.3.90.39.10.00.00.00;LOCAÇÃO DE IMÓVEIS;2.621.000.0000;TRANSFERÊNCIAS FUNDO A FUNDO DE RECURSOS DO SUS PROVENIENTES DO GOVERNO ESTADUAL;91.800,00
FUNDO MUNICIPAL DE SAÚDE DE BARBACENA;18.002;FUNDO MUNICIPAL DE SAUDE;2.642;MANUTENÇÃO DA REDE DE ATENÇÃO PSICOSSOCIAL - RAPS;3;MEDIA E ALTA COMPLEXIDADE ASSISTENCIAL;10;Saúde;302;Assistência Hospitalar e Ambulatorial;168;3.3.90.39.30.00.00.00;SERVIÇOS DE ÁGUA E ESGOTO;2.621.000.0000;TRANSFERÊNCIAS FUNDO A FUNDO DE RECURSOS DO SUS PROVENIENTES DO GOVERNO ESTADUAL;5.000,00
FUNDO MUNICIPAL DE SAÚDE DE BARBACENA;18.002;FUNDO MUNICIPAL DE SAUDE;2.642;MANUTENÇÃO DA REDE DE ATENÇÃO PSICOSSOCIAL - RAPS;3;MEDIA E ALTA COMPLEXIDADE ASSISTENCIAL;10;Saúde;302;Assistência Hospitalar e Ambulatorial;168;3.3.90.39.27.00.00.00;FORNECIMENTO DE ALIMENTAÇÃO;2.621.000.0000;TRANSFERÊNCIAS FUNDO A FUNDO DE RECURSOS DO SUS PROVENIENTES DO GOVERNO ESTADUAL;72.936,57
FUNDO MUNICIPAL DE SAÚDE DE BARBACENA;18.002;FUNDO MUNICIPAL DE SAUDE;2.642;MANUTENÇÃO DA REDE DE ATENÇÃO PSICOSSOCIAL - RAPS;3;MEDIA E ALTA COMPLEXIDADE ASSISTENCIAL;10;Saúde;302;Assistência Hospitalar e Ambulatorial;168;3.3.90.39.16.00.00.00;MANUTENÇÃO E CONSERVAÇÃO DE VEÍCULOS;2.621.000.0000;TRANSFERÊNCIAS FUNDO A FUNDO DE RECURSOS DO SUS PROVENIENTES DO GOVERNO ESTADUAL;15.000,00
FUNDO MUNICIPAL DE SAÚDE DE BARBACENA;18.002;FUNDO MUNICIPAL DE SAUDE;2.642;MANUTENÇÃO DA REDE DE ATENÇÃO PSICOSSOCIAL - RAPS;3;MEDIA E ALTA COMPLEXIDADE ASSISTENCIAL;10;Saúde;302;Assistência Hospitalar e Ambulatorial;168;3.3.90.39.53.00.00.00;SEGUROS EM GERAL;2.621.000.0000;TRANSFERÊNCIAS FUNDO A FUNDO DE RECURSOS DO SUS PROVENIENTES DO GOVERNO ESTADUAL;0,00
FUNDO MUNICIPAL DE SAÚDE DE BARBACENA;18.002;FUNDO MUNICIPAL DE SAUDE;2.642;MANUTENÇÃO DA REDE DE ATENÇÃO PSICOSSOCIAL - RAPS;3;MEDIA E ALTA COMPLEXIDADE ASSISTENCIAL;10;Saúde;302;Assistência Hospitalar e Ambulatorial;168;3.3.90.39.48.00.00.00;SERVIÇOS GRÁFICOS;2.621.000.0000;TRANSFERÊNCIAS FUNDO A FUNDO DE RECURSOS DO SUS PROVENIENTES DO GOVERNO ESTADUAL;12.180,00
FUNDO MUNICIPAL DE SAÚDE DE BARBACENA;18.002;FUNDO MUNICIPAL DE SAUDE;2.642;MANUTENÇÃO DA REDE DE ATENÇÃO PSICOSSOCIAL - RAPS;3;MEDIA E ALTA COMPLEXIDADE ASSISTENCIAL;10;Saúde;302;Assistência Hospitalar e Ambulatorial;170;3.3.90.46.00.00.00.00;AUXÍLIO-ALIMENTAÇÃO;1.600.000.0000;TRANSFERÊNCIAS FUNDO A FUNDO DE RECURSOS DO SUS PROVENIENTES DO GOVERNO FEDERAL - BLOCO DE MANUTENÇÃO DAS AÇÕES E SERVIÇOS PÚBLICOS DE SAÚDE;51.780,00
FUNDO MUNICIPAL DE SAÚDE DE BARBACENA;18.002;FUNDO MUNICIPAL DE SAUDE;2.642;MANUTENÇÃO DA REDE DE ATENÇÃO PSICOSSOCIAL - RAPS;3;MEDIA E ALTA COMPLEXIDADE ASSISTENCIAL;10;Saúde;302;Assistência Hospitalar e Ambulatorial;170;3.3.90.46.00.00.00.00;AUXÍLIO-ALIMENTAÇÃO;1.621.000.0000;TRANSFERÊNCIAS FUNDO A FUNDO DE RECURSOS DO SUS PROVENIENTES DO GOVERNO ESTADUAL;33.600,00
FUNDO MUNICIPAL DE SAÚDE DE BARBACENA;18.002;FUNDO MUNICIPAL DE SAUDE;2.642;MANUTENÇÃO DA REDE DE ATENÇÃO PSICOSSOCIAL - RAPS;3;MEDIA E ALTA COMPLEXIDADE ASSISTENCIAL;10;Saúde;302;Assistência Hospitalar e Ambulatorial;170;3.3.90.46.00.00.00.00;AUXÍLIO-ALIMENTAÇÃO;2.621.000.0000;TRANSFERÊNCIAS FUNDO A FUNDO DE RECURSOS DO SUS PROVENIENTES DO GOVERNO ESTADUAL;331.299,38
FUNDO MUNICIPAL DE SAÚDE DE BARBACENA;18.002;FUNDO MUNICIPAL DE SAUDE;2.642;MANUTENÇÃO DA REDE DE ATENÇÃO PSICOSSOCIAL - RAPS;3;MEDIA E ALTA COMPLEXIDADE ASSISTENCIAL;10;Saúde;302;Assistência Hospitalar e Ambulatorial;172;4.4.90.52.30.00.00.00;VEÍCULOS DE TRAÇÃO MECÂNICA;2.621.000.0000;TRANSFERÊNCIAS FUNDO A FUNDO DE RECURSOS DO SUS PROVENIENTES DO GOVERNO ESTADUAL;384.000,00
FUNDO MUNICIPAL DE SAÚDE DE BARBACENA;18.002;FUNDO MUNICIPAL DE SAUDE;2.642;MANUTENÇÃO DA REDE DE ATENÇÃO PSICOSSOCIAL - RAPS;3;MEDIA E ALTA COMPLEXIDADE ASSISTENCIAL;10;Saúde;302;Assistência Hospitalar e Ambulatorial;172;4.4.90.52.04.00.00.00;APARELHOS, EQUIPAMENTOS, UTENSÍLIOS MÉDICO-ODONT;2.621.000.0000;TRANSFERÊNCIAS FUNDO A FUNDO DE RECURSOS DO SUS PROVENIENTES DO GOVERNO ESTADUAL;49.952,11
FUNDO MUNICIPAL DE SAÚDE DE BARBACENA;18.002;FUNDO MUNICIPAL DE SAUDE;2.642;MANUTENÇÃO DA REDE DE ATENÇÃO PSICOSSOCIAL - RAPS;3;MEDIA E ALTA COMPLEXIDADE ASSISTENCIAL;10;Saúde;302;Assistência Hospitalar e Ambulatorial;172;4.4.90.52.99.00.00.00;OUTROS MATERIAIS PERMANENTES;2.621.000.0000;TRANSFERÊNCIAS FUNDO A FUNDO DE RECURSOS DO SUS PROVENIENTES DO GOVERNO ESTADUAL;52.337,03
FUNDO MUNICIPAL DE SAÚDE DE BARBACENA;18.002;FUNDO MUNICIPAL DE SAUDE;2.642;MANUTENÇÃO DA REDE DE ATENÇÃO PSICOSSOCIAL - RAPS;3;MEDIA E ALTA COMPLEXIDADE ASSISTENCIAL;10;Saúde;302;Assistência Hospitalar e Ambulatorial;172;4.4.90.52.19.00.00.00;EQUIPAMENTOS DE PROCESSAMENTO DE DADOS;2.621.000.0000;TRANSFERÊNCIAS FUNDO A FUNDO DE RECURSOS DO SUS PROVENIENTES DO GOVERNO ESTADUAL;1.859,99
FUNDO MUNICIPAL DE SAÚDE DE BARBACENA;18.002;FUNDO MUNICIPAL DE SAUDE;2.642;MANUTENÇÃO DA REDE DE ATENÇÃO PSICOSSOCIAL - RAPS;3;MEDIA E ALTA COMPLEXIDADE ASSISTENCIAL;10;Saúde;302;Assistência Hospitalar e Ambulatorial;172;4.4.90.52.17.00.00.00;EQUIPAMENTOS PARA ÁUDIO, VÍDEO E FOTO;2.621.000.0000;TRANSFERÊNCIAS FUNDO A FUNDO DE RECURSOS DO SUS PROVENIENTES DO GOVERNO ESTADUAL;63.332,05
FUNDO MUNICIPAL DE SAÚDE DE BARBACENA;18.002;FUNDO MUNICIPAL DE SAUDE;2.642;MANUTENÇÃO DA REDE DE ATENÇÃO PSICOSSOCIAL - RAPS;3;MEDIA E ALTA COMPLEXIDADE ASSISTENCIAL;10;Saúde;302;Assistência Hospitalar e Ambulatorial;172;4.4.90.52.06.00.00.00;APARELHOS E UTENSÍLIOS DOMÉSTICOS;2.621.000.0000;TRANSFERÊNCIAS FUNDO A FUNDO DE RECURSOS DO SUS PROVENIENTES DO GOVERNO ESTADUAL;132.524,45
FUNDO MUNICIPAL DE SAÚDE DE BARBACENA;18.002;FUNDO MUNICIPAL DE SAUDE;2.642;MANUTENÇÃO DA REDE DE ATENÇÃO PSICOSSOCIAL - RAPS;3;MEDIA E ALTA COMPLEXIDADE ASSISTENCIAL;10;Saúde;302;Assistência Hospitalar e Ambulatorial;172;4.4.90.52.24.00.00.00;MOBILIÁRIO EM GERAL;2.621.000.0000;TRANSFERÊNCIAS FUNDO A FUNDO DE RECURSOS DO SUS PROVENIENTES DO GOVERNO ESTADUAL;170.139,53
FUNDO MUNICIPAL DE SAÚDE DE BARBACENA;18.002;FUNDO MUNICIPAL DE SAUDE;2.642;MANUTENÇÃO DA REDE DE ATENÇÃO PSICOSSOCIAL - RAPS;3;MEDIA E ALTA COMPLEXIDADE ASSISTENCIAL;10;Saúde;302;Assistência Hospitalar e Ambulatorial;172;4.4.90.52.21.00.00.00;MÁQUINAS, FERRAMENTAS E UTENSÍLIOS DE OFICINA;2.621.000.0000;TRANSFERÊNCIAS FUNDO A FUNDO DE RECURSOS DO SUS PROVENIENTES DO GOVERNO ESTADUAL;2.929,97
FUNDO MUNICIPAL DE SAÚDE DE BARBACENA;18.002;FUNDO MUNICIPAL DE SAUDE;2.642;MANUTENÇÃO DA REDE DE ATENÇÃO PSICOSSOCIAL - RAPS;3;MEDIA E ALTA COMPLEXIDADE ASSISTENCIAL;10;Saúde;302;Assistência Hospitalar e Ambulatorial;172;4.4.90.52.14.00.00.00;MÁQUINAS E EQUIPAMENTOS DE NATUREZA INDUSTRIAL;2.621.000.0000;TRANSFERÊNCIAS FUNDO A FUNDO DE RECURSOS DO SUS PROVENIENTES DO GOVERNO ESTADUAL;2.799,00
FUNDO MUNICIPAL DE SAÚDE DE BARBACENA;18.002;FUNDO MUNICIPAL DE SAUDE;2.642;MANUTENÇÃO DA REDE DE ATENÇÃO PSICOSSOCIAL - RAPS;3;MEDIA E ALTA COMPLEXIDADE ASSISTENCIAL;10;Saúde;302;Assistência Hospitalar e Ambulatorial;466;3.3.90.93.03.00.00.00;OUTRAS INDENIZAÇÕES E RESTITUIÇÕES;1.621.000.0000;TRANSFERÊNCIAS FUNDO A FUNDO DE RECURSOS DO SUS PROVENIENTES DO GOVERNO ESTADUAL;12.508,38
FUNDO MUNICIPAL DE SAÚDE DE BARBACENA;18.002;FUNDO MUNICIPAL DE SAUDE;2.642;MANUTENÇÃO DA REDE DE ATENÇÃO PSICOSSOCIAL - RAPS;3;MEDIA E ALTA COMPLEXIDADE ASSISTENCIAL;10;Saúde;302;Assistência Hospitalar e Ambulatorial;466;3.3.90.93.03.00.00.00;OUTRAS INDENIZAÇÕES E RESTITUIÇÕES;2.621.000.0000;TRANSFERÊNCIAS FUNDO A FUNDO DE RECURSOS DO SUS PROVENIENTES DO GOVERNO ESTADUAL;442.680,29
FUNDO MUNICIPAL DE SAÚDE DE BARBACENA;18.002;FUNDO MUNICIPAL DE SAUDE;2.642;MANUTENÇÃO DA REDE DE ATENÇÃO PSICOSSOCIAL - RAPS;3;MEDIA E ALTA COMPLEXIDADE ASSISTENCIAL;10;Saúde;302;Assistência Hospitalar e Ambulatorial;483;3.3.90.08.56.00.00.00;SALÁRIO FAMÍLIA;1.600.000.0000;TRANSFERÊNCIAS FUNDO A FUNDO DE RECURSOS DO SUS PROVENIENTES DO GOVERNO FEDERAL - BLOCO DE MANUTENÇÃO DAS AÇÕES E SERVIÇOS PÚBLICOS DE SAÚDE;132,00
FUNDO MUNICIPAL DE SAÚDE DE BARBACENA;18.002;FUNDO MUNICIPAL DE SAUDE;2.642;MANUTENÇÃO DA REDE DE ATENÇÃO PSICOSSOCIAL - RAPS;3;MEDIA E ALTA COMPLEXIDADE ASSISTENCIAL;10;Saúde;302;Assistência Hospitalar e Ambulatorial;483;3.3.90.08.56.00.00.00;SALÁRIO FAMÍLIA;1.621.000.0000;TRANSFERÊNCIAS FUNDO A FUNDO DE RECURSOS DO SUS PROVENIENTES DO GOVERNO ESTADUAL;66,00
FUNDO MUNICIPAL DE SAÚDE DE BARBACENA;18.002;FUNDO MUNICIPAL DE SAUDE;2.654;MANUTENÇÃO DA REDE DE ATENÇÃO ESPECIALIZADA;3;MEDIA E ALTA COMPLEXIDADE ASSISTENCIAL;10;Saúde;302;Assistência Hospitalar e Ambulatorial;173;3.3.50.41.00.00.00.00;CONTRIBUIÇÕES;1.600.000.0000;TRANSFERÊNCIAS FUNDO A FUNDO DE RECURSOS DO SUS PROVENIENTES DO GOVERNO FEDERAL - BLOCO DE MANUTENÇÃO DAS AÇÕES E SERVIÇOS PÚBLICOS DE SAÚDE;4.792.525,46
FUNDO MUNICIPAL DE SAÚDE DE BARBACENA;18.002;FUNDO MUNICIPAL DE SAUDE;2.654;MANUTENÇÃO DA REDE DE ATENÇÃO ESPECIALIZADA;3;MEDIA E ALTA COMPLEXIDADE ASSISTENCIAL;10;Saúde;302;Assistência Hospitalar e Ambulatorial;173;3.3.50.41.00.00.00.00;CONTRIBUIÇÕES;1.605.000.0000;ASSISTÊNCIA FINANCEIRA DA UNIÃO DESTINADA À COMPLEMENTAÇÃO AO PAGAMENTO DOS PISOS SALARIAIS PARA PROFISSIONAIS DA ENFERMAGEM.;8.871.647,39
FUNDO MUNICIPAL DE SAÚDE DE BARBACENA;18.002;FUNDO MUNICIPAL DE SAUDE;2.654;MANUTENÇÃO DA REDE DE ATENÇÃO ESPECIALIZADA;3;MEDIA E ALTA COMPLEXIDADE ASSISTENCIAL;10;Saúde;302;Assistência Hospitalar e Ambulatorial;173;3.3.50.41.00.00.00.00;CONTRIBUIÇÕES;1.621.000.0000;TRANSFERÊNCIAS FUNDO A FUNDO DE RECURSOS DO SUS PROVENIENTES DO GOVERNO ESTADUAL;1.628.911,52
FUNDO MUNICIPAL DE SAÚDE DE BARBACENA;18.002;FUNDO MUNICIPAL DE SAUDE;2.654;MANUTENÇÃO DA REDE DE ATENÇÃO ESPECIALIZADA;3;MEDIA E ALTA COMPLEXIDADE ASSISTENCIAL;10;Saúde;302;Assistência Hospitalar e Ambulatorial;173;3.3.50.41.00.00.00.00;CONTRIBUIÇÕES;1.706.000.0000;TRANSFERÊNCIA ESPECIAL DA UNIÃO BANCADA;450.000,00
FUNDO MUNICIPAL DE SAÚDE DE BARBACENA;18.002;FUNDO MUNICIPAL DE SAUDE;2.654;MANUTENÇÃO DA REDE DE ATENÇÃO ESPECIALIZADA;3;MEDIA E ALTA COMPLEXIDADE ASSISTENCIAL;10;Saúde;302;Assistência Hospitalar e Ambulatorial;173;3.3.50.41.00.00.00.00;CONTRIBUIÇÕES;1.706.000.3110;TRANSFERÊNCIA ESPECIAL DA UNIÃO - TRANSFERÊNCIAS DA UNIÃO DECORRENTES DE EMENDAS PARLAMENTARES INDIVIDUAIS;1.400.000,00
FUNDO MUNICIPAL DE SAÚDE DE BARBACENA;18.002;FUNDO MUNICIPAL DE SAUDE;2.654;MANUTENÇÃO DA REDE DE ATENÇÃO ESPECIALIZADA;3;MEDIA E ALTA COMPLEXIDADE ASSISTENCIAL;10;Saúde;302;Assistência Hospitalar e Ambulatorial;173;3.3.50.41.00.00.00.00;CONTRIBUIÇÕES;2.600.000.0000;TRANSFERÊNCIAS FUNDO A FUNDO DE RECURSOS DO SUS PROVENIENTES DO GOVERNO FEDERAL - BLOCO DE MANUTENÇÃO DAS AÇÕES E SERVIÇOS PÚBLICOS DE SAÚDE;541.088,48
FUNDO MUNICIPAL DE SAÚDE DE BARBACENA;18.002;FUNDO MUNICIPAL DE SAUDE;2.654;MANUTENÇÃO DA REDE DE ATENÇÃO ESPECIALIZADA;3;MEDIA E ALTA COMPLEXIDADE ASSISTENCIAL;10;Saúde;302;Assistência Hospitalar e Ambulatorial;173;3.3.50.41.00.00.00.00;CONTRIBUIÇÕES;2.621.000.0000;TRANSFERÊNCIAS FUNDO A FUNDO DE RECURSOS DO SUS PROVENIENTES DO GOVERNO ESTADUAL;267.144,00
FUNDO MUNICIPAL DE SAÚDE DE BARBACENA;18.002;FUNDO MUNICIPAL DE SAUDE;2.654;MANUTENÇÃO DA REDE DE ATENÇÃO ESPECIALIZADA;3;MEDIA E ALTA COMPLEXIDADE ASSISTENCIAL;10;Saúde;302;Assistência Hospitalar e Ambulatorial;173;3.3.50.41.00.00.00.00;CONTRIBUIÇÕES;2.706.000.0000;TRANSFERÊNCIA ESPECIAL DA UNIÃO;85.300,00
FUNDO MUNICIPAL DE SAÚDE DE BARBACENA;18.002;FUNDO MUNICIPAL DE SAUDE;2.654;MANUTENÇÃO DA REDE DE ATENÇÃO ESPECIALIZADA;3;MEDIA E ALTA COMPLEXIDADE ASSISTENCIAL;10;Saúde;302;Assistência Hospitalar e Ambulatorial;174;3.3.90.39.36.00.00.00;SERVIÇO MÉDICO-HOSPITALAR, ODONT. E LABORATORIAL;1.500.000.1002;RECURSOS NÃO VINCULADOS DE IMPOSTOS (SAÚDE);7.540.604,22
FUNDO MUNICIPAL DE SAÚDE DE BARBACENA;18.002;FUNDO MUNICIPAL DE SAUDE;2.654;MANUTENÇÃO DA REDE DE ATENÇÃO ESPECIALIZADA;3;MEDIA E ALTA COMPLEXIDADE ASSISTENCIAL;10;Saúde;302;Assistência Hospitalar e Ambulatorial;174;3.3.90.39.36.00.00.00;SERVIÇO MÉDICO-HOSPITALAR, ODONT. E LABORATORIAL;1.600.000.0000;TRANSFERÊNCIAS FUNDO A FUNDO DE RECURSOS DO SUS PROVENIENTES DO GOVERNO FEDERAL - BLOCO DE MANUTENÇÃO DAS AÇÕES E SERVIÇOS PÚBLICOS DE SAÚDE;62.524.311,55
FUNDO MUNICIPAL DE SAÚDE DE BARBACENA;18.002;FUNDO MUNICIPAL DE SAUDE;2.654;MANUTENÇÃO DA REDE DE ATENÇÃO ESPECIALIZADA;3;MEDIA E ALTA COMPLEXIDADE ASSISTENCIAL;10;Saúde;302;Assistência Hospitalar e Ambulatorial;174;3.3.90.39.99.00.00.00;OUTROS SERVIÇOS DE TERCEIROS - PESSOA JURÍDICA;1.600.000.0000;TRANSFERÊNCIAS FUNDO A FUNDO DE RECURSOS DO SUS PROVENIENTES DO GOVERNO FEDERAL - BLOCO DE MANUTENÇÃO DAS AÇÕES E SERVIÇOS PÚBLICOS DE SAÚDE;36.999,00
FUNDO MUNICIPAL DE SAÚDE DE BARBACENA;18.002;FUNDO MUNICIPAL DE SAUDE;2.654;MANUTENÇÃO DA REDE DE ATENÇÃO ESPECIALIZADA;3;MEDIA E ALTA COMPLEXIDADE ASSISTENCIAL;10;Saúde;302;Assistência Hospitalar e Ambulatorial;174;3.3.90.39.36.00.00.00;SERVIÇO MÉDICO-HOSPITALAR, ODONT. E LABORATORIAL;1.621.000.0000;TRANSFERÊNCIAS FUNDO A FUNDO DE RECURSOS DO SUS PROVENIENTES DO GOVERNO ESTADUAL;16.265.716,34
FUNDO MUNICIPAL DE SAÚDE DE BARBACENA;18.002;FUNDO MUNICIPAL DE SAUDE;2.654;MANUTENÇÃO DA REDE DE ATENÇÃO ESPECIALIZADA;3;MEDIA E ALTA COMPLEXIDADE ASSISTENCIAL;10;Saúde;302;Assistência Hospitalar e Ambulatorial;174;3.3.90.39.36.00.00.00;SERVIÇO MÉDICO-HOSPITALAR, ODONT. E LABORATORIAL;2.707.000.0000;TRANSFERÊNCIAS DA UNIÃO – INCISO I DO ART. 5º DA LEI COMPLEMENTAR 273/2020;92.244,96
FUNDO MUNICIPAL DE SAÚDE DE BARBACENA;18.002;FUNDO MUNICIPAL DE SAUDE;2.654;MANUTENÇÃO DA REDE DE ATENÇÃO ESPECIALIZADA;3;MEDIA E ALTA COMPLEXIDADE ASSISTENCIAL;10;Saúde;302;Assistência Hospitalar e Ambulatorial;175;3.3.90.93.03.00.00.00;OUTRAS INDENIZAÇÕES E RESTITUIÇÕES;1.621.000.0000;TRANSFERÊNCIAS FUNDO A FUNDO DE RECURSOS DO SUS PROVENIENTES DO GOVERNO ESTADUAL;114.877,90
FUNDO MUNICIPAL DE SAÚDE DE BARBACENA;18.002;FUNDO MUNICIPAL DE SAUDE;2.654;MANUTENÇÃO DA REDE DE ATENÇÃO ESPECIALIZADA;3;MEDIA E ALTA COMPLEXIDADE ASSISTENCIAL;10;Saúde;302;Assistência Hospitalar e Ambulatorial;175;3.3.90.93.03.00.00.00;OUTRAS INDENIZAÇÕES E RESTITUIÇÕES;2.621.000.0000;TRANSFERÊNCIAS FUNDO A FUNDO DE RECURSOS DO SUS PROVENIENTES DO GOVERNO ESTADUAL;1.725.440,83
FUNDO MUNICIPAL DE SAÚDE DE BARBACENA;18.002;FUNDO MUNICIPAL DE SAUDE;2.654;MANUTENÇÃO DA REDE DE ATENÇÃO ESPECIALIZADA;3;MEDIA E ALTA COMPLEXIDADE ASSISTENCIAL;10;Saúde;302;Assistência Hospitalar e Ambulatorial;177;4.4.90.52.04.00.00.00;APARELHOS, EQUIPAMENTOS, UTENSÍLIOS MÉDICO-ODONT;2.621.000.0000;TRANSFERÊNCIAS FUNDO A FUNDO DE RECURSOS DO SUS PROVENIENTES DO GOVERNO ESTADUAL;69.000,00
FUNDO MUNICIPAL DE SAÚDE DE BARBACENA;18.002;FUNDO MUNICIPAL DE SAUDE;2.654;MANUTENÇÃO DA REDE DE ATENÇÃO ESPECIALIZADA;3;MEDIA E ALTA COMPLEXIDADE ASSISTENCIAL;10;Saúde;302;Assistência Hospitalar e Ambulatorial;481;4.4.50.41.00.00.00.00;CONTRIBUIÇÕES;1.621.000.0000;TRANSFERÊNCIAS FUNDO A FUNDO DE RECURSOS DO SUS PROVENIENTES DO GOVERNO ESTADUAL;1.000.000,00
FUNDO MUNICIPAL DE SAÚDE DE BARBACENA;18.002;FUNDO MUNICIPAL DE SAUDE;2.685;MANUTENÇÃO DO CEM;3;MEDIA E ALTA COMPLEXIDADE ASSISTENCIAL;10;Saúde;302;Assistência Hospitalar e Ambulatorial;178;3.1.90.04.15.00.00.00;OBRIGAÇÕES PATRONAIS - CONTRATO TEMPORÁRIO;1.500.000.1002;RECURSOS NÃO VINCULADOS DE IMPOSTOS (SAÚDE);325.735,78
FUNDO MUNICIPAL DE SAÚDE DE BARBACENA;18.002;FUNDO MUNICIPAL DE SAUDE;2.685;MANUTENÇÃO DO CEM;3;MEDIA E ALTA COMPLEXIDADE ASSISTENCIAL;10;Saúde;302;Assistência Hospitalar e Ambulatorial;178;3.1.90.04.01.00.00.00;SALÁRIO CONTRATO TEMPORÁRIO;1.500.000.1002;RECURSOS NÃO VINCULADOS DE IMPOSTOS (SAÚDE);1.399.994,89
FUNDO MUNICIPAL DE SAÚDE DE BARBACENA;18.002;FUNDO MUNICIPAL DE SAUDE;2.685;MANUTENÇÃO DO CEM;3;MEDIA E ALTA COMPLEXIDADE ASSISTENCIAL;10;Saúde;302;Assistência Hospitalar e Ambulatorial;178;3.1.90.04.15.00.00.00;OBRIGAÇÕES PATRONAIS - CONTRATO TEMPORÁRIO;1.600.000.0000;TRANSFERÊNCIAS FUNDO A FUNDO DE RECURSOS DO SUS PROVENIENTES DO GOVERNO FEDERAL - BLOCO DE MANUTENÇÃO DAS AÇÕES E SERVIÇOS PÚBLICOS DE SAÚDE;113.034,38
FUNDO MUNICIPAL DE SAÚDE DE BARBACENA;18.002;FUNDO MUNICIPAL DE SAUDE;2.685;MANUTENÇÃO DO CEM;3;MEDIA E ALTA COMPLEXIDADE ASSISTENCIAL;10;Saúde;302;Assistência Hospitalar e Ambulatorial;178;3.1.90.04.01.00.00.00;SALÁRIO CONTRATO TEMPORÁRIO;1.600.000.0000;TRANSFERÊNCIAS FUNDO A FUNDO DE RECURSOS DO SUS PROVENIENTES DO GOVERNO FEDERAL - BLOCO DE MANUTENÇÃO DAS AÇÕES E SERVIÇOS PÚBLICOS DE SAÚDE;578.040,64
FUNDO MUNICIPAL DE SAÚDE DE BARBACENA;18.002;FUNDO MUNICIPAL DE SAUDE;2.685;MANUTENÇÃO DO CEM;3;MEDIA E ALTA COMPLEXIDADE ASSISTENCIAL;10;Saúde;302;Assistência Hospitalar e Ambulatorial;179;3.1.90.11.01.00.00.00;VENCIMENTOS E SALÁRIOS;1.500.000.1002;RECURSOS NÃO VINCULADOS DE IMPOSTOS (SAÚDE);1.101.405,02
FUNDO MUNICIPAL DE SAÚDE DE BARBACENA;18.002;FUNDO MUNICIPAL DE SAUDE;2.685;MANUTENÇÃO DO CEM;3;MEDIA E ALTA COMPLEXIDADE ASSISTENCIAL;10;Saúde;302;Assistência Hospitalar e Ambulatorial;179;3.1.90.11.52.00.00.00;LICENÇA SAÚDE;1.500.000.1002;RECURSOS NÃO VINCULADOS DE IMPOSTOS (SAÚDE);10.171,08
FUNDO MUNICIPAL DE SAÚDE DE BARBACENA;18.002;FUNDO MUNICIPAL DE SAUDE;2.685;MANUTENÇÃO DO CEM;3;MEDIA E ALTA COMPLEXIDADE ASSISTENCIAL;10;Saúde;302;Assistência Hospitalar e Ambulatorial;179;3.1.90.11.52.00.00.00;LICENÇA SAÚDE;1.600.000.0000;TRANSFERÊNCIAS FUNDO A FUNDO DE RECURSOS DO SUS PROVENIENTES DO GOVERNO FEDERAL - BLOCO DE MANUTENÇÃO DAS AÇÕES E SERVIÇOS PÚBLICOS DE SAÚDE;1.146,03
FUNDO MUNICIPAL DE SAÚDE DE BARBACENA;18.002;FUNDO MUNICIPAL DE SAUDE;2.685;MANUTENÇÃO DO CEM;3;MEDIA E ALTA COMPLEXIDADE ASSISTENCIAL;10;Saúde;302;Assistência Hospitalar e Ambulatorial;179;3.1.90.11.01.00.00.00;VENCIMENTOS E SALÁRIOS;1.600.000.0000;TRANSFERÊNCIAS FUNDO A FUNDO DE RECURSOS DO SUS PROVENIENTES DO GOVERNO FEDERAL - BLOCO DE MANUTENÇÃO DAS AÇÕES E SERVIÇOS PÚBLICOS DE SAÚDE;431.160,86
FUNDO MUNICIPAL DE SAÚDE DE BARBACENA;18.002;FUNDO MUNICIPAL DE SAUDE;2.685;MANUTENÇÃO DO CEM;3;MEDIA E ALTA COMPLEXIDADE ASSISTENCIAL;10;Saúde;302;Assistência Hospitalar e Ambulatorial;180;3.1.91.13.08.00.00.00;CONTRIB. PREV.- RPPS - PESSOAL ATIVO - PLANO PREV.;1.500.000.1002;RECURSOS NÃO VINCULADOS DE IMPOSTOS (SAÚDE);309.486,29
FUNDO MUNICIPAL DE SAÚDE DE BARBACENA;18.002;FUNDO MUNICIPAL DE SAUDE;2.685;MANUTENÇÃO DO CEM;3;MEDIA E ALTA COMPLEXIDADE ASSISTENCIAL;10;Saúde;302;Assistência Hospitalar e Ambulatorial;180;3.1.91.13.08.00.00.00;CONTRIB. PREV.- RPPS - PESSOAL ATIVO - PLANO PREV.;1.600.000.0000;TRANSFERÊNCIAS FUNDO A FUNDO DE RECURSOS DO SUS PROVENIENTES DO GOVERNO FEDERAL - BLOCO DE MANUTENÇÃO DAS AÇÕES E SERVIÇOS PÚBLICOS DE SAÚDE;109.641,76
FUNDO MUNICIPAL DE SAÚDE DE BARBACENA;18.002;FUNDO MUNICIPAL DE SAUDE;2.685;MANUTENÇÃO DO CEM;3;MEDIA E ALTA COMPLEXIDADE ASSISTENCIAL;10;Saúde;302;Assistência Hospitalar e Ambulatorial;181;3.3.90.08.56.00.00.00;SALÁRIO FAMÍLIA;1.500.000.1002;RECURSOS NÃO VINCULADOS DE IMPOSTOS (SAÚDE);1.048,80
FUNDO MUNICIPAL DE SAÚDE DE BARBACENA;18.002;FUNDO MUNICIPAL DE SAUDE;2.685;MANUTENÇÃO DO CEM;3;MEDIA E ALTA COMPLEXIDADE ASSISTENCIAL;10;Saúde;302;Assistência Hospitalar e Ambulatorial;181;3.3.90.08.99.00.00.00;OUTROS BENEFÍCIOS ASSISTENCIAIS;1.600.000.0000;TRANSFERÊNCIAS FUNDO A FUNDO DE RECURSOS DO SUS PROVENIENTES DO GOVERNO FEDERAL - BLOCO DE MANUTENÇÃO DAS AÇÕES E SERVIÇOS PÚBLICOS DE SAÚDE;264,00
FUNDO MUNICIPAL DE SAÚDE DE BARBACENA;18.002;FUNDO MUNICIPAL DE SAUDE;2.685;MANUTENÇÃO DO CEM;3;MEDIA E ALTA COMPLEXIDADE ASSISTENCIAL;10;Saúde;302;Assistência Hospitalar e Ambulatorial;182;3.3.90.14.05.00.00.00;DIÁRIAS DE DEMAIS SERVIDORES;1.500.000.1002;RECURSOS NÃO VINCULADOS DE IMPOSTOS (SAÚDE);100,00
FUNDO MUNICIPAL DE SAÚDE DE BARBACENA;18.002;FUNDO MUNICIPAL DE SAUDE;2.685;MANUTENÇÃO DO CEM;3;MEDIA E ALTA COMPLEXIDADE ASSISTENCIAL;10;Saúde;302;Assistência Hospitalar e Ambulatorial;183;3.3.90.18.00.00.00.00;AUXÍLIO FINANCEIRO A ESTUDANTES;1.500.000.1002;RECURSOS NÃO VINCULADOS DE IMPOSTOS (SAÚDE);149,00
FUNDO MUNICIPAL DE SAÚDE DE BARBACENA;18.002;FUNDO MUNICIPAL DE SAUDE;2.685;MANUTENÇÃO DO CEM;3;MEDIA E ALTA COMPLEXIDADE ASSISTENCIAL;10;Saúde;302;Assistência Hospitalar e Ambulatorial;184;3.3.90.30.04.00.00.00;GÁS ENGARRAFADO;1.500.000.1002;RECURSOS NÃO VINCULADOS DE IMPOSTOS (SAÚDE);3.203,50
FUNDO MUNICIPAL DE SAÚDE DE BARBACENA;18.002;FUNDO MUNICIPAL DE SAUDE;2.685;MANUTENÇÃO DO CEM;3;MEDIA E ALTA COMPLEXIDADE ASSISTENCIAL;10;Saúde;302;Assistência Hospitalar e Ambulatorial;184;3.3.90.30.16.00.00.00;MATERIAL DE EXPEDIENTE;1.500.000.1002;RECURSOS NÃO VINCULADOS DE IMPOSTOS (SAÚDE);22.290,12
FUNDO MUNICIPAL DE SAÚDE DE BARBACENA;18.002;FUNDO MUNICIPAL DE SAUDE;2.685;MANUTENÇÃO DO CEM;3;MEDIA E ALTA COMPLEXIDADE ASSISTENCIAL;10;Saúde;302;Assistência Hospitalar e Ambulatorial;184;3.3.90.30.17.00.00.00;MATERIAL DE PROCESSAMENTO DE DADOS;1.500.000.1002;RECURSOS NÃO VINCULADOS DE IMPOSTOS (SAÚDE);3.920,08
FUNDO MUNICIPAL DE SAÚDE DE BARBACENA;18.002;FUNDO MUNICIPAL DE SAUDE;2.685;MANUTENÇÃO DO CEM;3;MEDIA E ALTA COMPLEXIDADE ASSISTENCIAL;10;Saúde;302;Assistência Hospitalar e Ambulatorial;184;3.3.90.30.99.00.00.00;OUTROS MATERIAIS DE CONSUMO;1.600.000.0000;TRANSFERÊNCIAS FUNDO A FUNDO DE RECURSOS DO SUS PROVENIENTES DO GOVERNO FEDERAL - BLOCO DE MANUTENÇÃO DAS AÇÕES E SERVIÇOS PÚBLICOS DE SAÚDE;231,00
FUNDO MUNICIPAL DE SAÚDE DE BARBACENA;18.002;FUNDO MUNICIPAL DE SAUDE;2.685;MANUTENÇÃO DO CEM;3;MEDIA E ALTA COMPLEXIDADE ASSISTENCIAL;10;Saúde;302;Assistência Hospitalar e Ambulatorial;184;3.3.90.30.22.00.00.00;MATERIAL DE LIMPEZA E PRODUÇÃO DE HIGIENIZAÇÃO;2.600.000.0000;TRANSFERÊNCIAS FUNDO A FUNDO DE RECURSOS DO SUS PROVENIENTES DO GOVERNO FEDERAL - BLOCO DE MANUTENÇÃO DAS AÇÕES E SERVIÇOS PÚBLICOS DE SAÚDE;11.842,93
FUNDO MUNICIPAL DE SAÚDE DE BARBACENA;18.002;FUNDO MUNICIPAL DE SAUDE;2.685;MANUTENÇÃO DO CEM;3;MEDIA E ALTA COMPLEXIDADE ASSISTENCIAL;10;Saúde;302;Assistência Hospitalar e Ambulatorial;184;3.3.90.30.16.00.00.00;MATERIAL DE EXPEDIENTE;2.600.000.0000;TRANSFERÊNCIAS FUNDO A FUNDO DE RECURSOS DO SUS PROVENIENTES DO GOVERNO FEDERAL - BLOCO DE MANUTENÇÃO DAS AÇÕES E SERVIÇOS PÚBLICOS DE SAÚDE;9.005,08
FUNDO MUNICIPAL DE SAÚDE DE BARBACENA;18.002;FUNDO MUNICIPAL DE SAUDE;2.685;MANUTENÇÃO DO CEM;3;MEDIA E ALTA COMPLEXIDADE ASSISTENCIAL;10;Saúde;302;Assistência Hospitalar e Ambulatorial;185;3.3.90.39.12.00.00.00;LOCAÇÃO DE MÁQUINAS E EQUIPAMENTOS;1.500.000.1002;RECURSOS NÃO VINCULADOS DE IMPOSTOS (SAÚDE);4.655,01
FUNDO MUNICIPAL DE SAÚDE DE BARBACENA;18.002;FUNDO MUNICIPAL DE SAUDE;2.685;MANUTENÇÃO DO CEM;3;MEDIA E ALTA COMPLEXIDADE ASSISTENCIAL;10;Saúde;302;Assistência Hospitalar e Ambulatorial;185;3.3.90.39.99.00.00.00;OUTROS SERVIÇOS DE TERCEIROS - PESSOA JURÍDICA;1.500.000.1002;RECURSOS NÃO VINCULADOS DE IMPOSTOS (SAÚDE);226.429,00
FUNDO MUNICIPAL DE SAÚDE DE BARBACENA;18.002;FUNDO MUNICIPAL DE SAUDE;2.685;MANUTENÇÃO DO CEM;3;MEDIA E ALTA COMPLEXIDADE ASSISTENCIAL;10;Saúde;302;Assistência Hospitalar e Ambulatorial;185;3.3.90.39.29.00.00.00;SERVIÇOS DE ENERGIA ELÉTRICA;1.500.000.1002;RECURSOS NÃO VINCULADOS DE IMPOSTOS (SAÚDE);69.000,00
FUNDO MUNICIPAL DE SAÚDE DE BARBACENA;18.002;FUNDO MUNICIPAL DE SAUDE;2.685;MANUTENÇÃO DO CEM;3;MEDIA E ALTA COMPLEXIDADE ASSISTENCIAL;10;Saúde;302;Assistência Hospitalar e Ambulatorial;185;3.3.90.39.14.00.00.00;MANUTENÇÃO E CONSERVAÇÃO DE BENS IMÓVEIS;1.600.000.0000;TRANSFERÊNCIAS FUNDO A FUNDO DE RECURSOS DO SUS PROVENIENTES DO GOVERNO FEDERAL - BLOCO DE MANUTENÇÃO DAS AÇÕES E SERVIÇOS PÚBLICOS DE SAÚDE;463,50
FUNDO MUNICIPAL DE SAÚDE DE BARBACENA;18.002;FUNDO MUNICIPAL DE SAUDE;2.685;MANUTENÇÃO DO CEM;3;MEDIA E ALTA COMPLEXIDADE ASSISTENCIAL;10;Saúde;302;Assistência Hospitalar e Ambulatorial;185;3.3.90.39.99.00.00.00;OUTROS SERVIÇOS DE TERCEIROS - PESSOA JURÍDICA;2.600.000.0000;TRANSFERÊNCIAS FUNDO A FUNDO DE RECURSOS DO SUS PROVENIENTES DO GOVERNO FEDERAL - BLOCO DE MANUTENÇÃO DAS AÇÕES E SERVIÇOS PÚBLICOS DE SAÚDE;13.175,20
FUNDO MUNICIPAL DE SAÚDE DE BARBACENA;18.002;FUNDO MUNICIPAL DE SAUDE;2.685;MANUTENÇÃO DO CEM;3;MEDIA E ALTA COMPLEXIDADE ASSISTENCIAL;10;Saúde;302;Assistência Hospitalar e Ambulatorial;187;3.3.90.46.00.00.00.00;AUXÍLIO-ALIMENTAÇÃO;1.500.000.1002;RECURSOS NÃO VINCULADOS DE IMPOSTOS (SAÚDE);183.499,97
FUNDO MUNICIPAL DE SAÚDE DE BARBACENA;18.002;FUNDO MUNICIPAL DE SAUDE;2.685;MANUTENÇÃO DO CEM;3;MEDIA E ALTA COMPLEXIDADE ASSISTENCIAL;10;Saúde;302;Assistência Hospitalar e Ambulatorial;187;3.3.90.46.00.00.00.00;AUXÍLIO-ALIMENTAÇÃO;1.600.000.0000;TRANSFERÊNCIAS FUNDO A FUNDO DE RECURSOS DO SUS PROVENIENTES DO GOVERNO FEDERAL - BLOCO DE MANUTENÇÃO DAS AÇÕES E SERVIÇOS PÚBLICOS DE SAÚDE;83.495,00
FUNDO MUNICIPAL DE SAÚDE DE BARBACENA;18.002;FUNDO MUNICIPAL DE SAUDE;2.685;MANUTENÇÃO DO CEM;3;MEDIA E ALTA COMPLEXIDADE ASSISTENCIAL;10;Saúde;302;Assistência Hospitalar e Ambulatorial;188;4.4.90.52.04.00.00.00;APARELHOS, EQUIPAMENTOS, UTENSÍLIOS MÉDICO-ODONT;2.621.000.0000;TRANSFERÊNCIAS FUNDO A FUNDO DE RECURSOS DO SUS PROVENIENTES DO GOVERNO ESTADUAL;240.370,70
FUNDO MUNICIPAL DE SAÚDE DE BARBACENA;18.002;FUNDO MUNICIPAL DE SAUDE;2.685;MANUTENÇÃO DO CEM;3;MEDIA E ALTA COMPLEXIDADE ASSISTENCIAL;10;Saúde;302;Assistência Hospitalar e Ambulatorial;188;4.4.90.52.24.00.00.00;MOBILIÁRIO EM GERAL;2.621.000.0000;TRANSFERÊNCIAS FUNDO A FUNDO DE RECURSOS DO SUS PROVENIENTES DO GOVERNO ESTADUAL;39.541,00
FUNDO MUNICIPAL DE SAÚDE DE BARBACENA;18.002;FUNDO MUNICIPAL DE SAUDE;2.685;MANUTENÇÃO DO CEM;3;MEDIA E ALTA COMPLEXIDADE ASSISTENCIAL;10;Saúde;302;Assistência Hospitalar e Ambulatorial;188;4.4.90.52.99.00.00.00;OUTROS MATERIAIS PERMANENTES;2.621.000.0000;TRANSFERÊNCIAS FUNDO A FUNDO DE RECURSOS DO SUS PROVENIENTES DO GOVERNO ESTADUAL;16.377,20
FUNDO MUNICIPAL DE SAÚDE DE BARBACENA;18.002;FUNDO MUNICIPAL DE SAUDE;2.685;MANUTENÇÃO DO CEM;3;MEDIA E ALTA COMPLEXIDADE ASSISTENCIAL;10;Saúde;302;Assistência Hospitalar e Ambulatorial;188;4.4.90.52.19.00.00.00;EQUIPAMENTOS DE PROCESSAMENTO DE DADOS;2.621.000.0000;TRANSFERÊNCIAS FUNDO A FUNDO DE RECURSOS DO SUS PROVENIENTES DO GOVERNO ESTADUAL;83.704,00
FUNDO MUNICIPAL DE SAÚDE DE BARBACENA;18.002;FUNDO MUNICIPAL DE SAUDE;2.685;MANUTENÇÃO DO CEM;3;MEDIA E ALTA COMPLEXIDADE ASSISTENCIAL;10;Saúde;302;Assistência Hospitalar e Ambulatorial;188;4.4.90.52.18.00.00.00;MÁQUINAS, UTENSÍLIOS E EQUIPAMENTOS DIVERSOS;2.621.000.0000;TRANSFERÊNCIAS FUNDO A FUNDO DE RECURSOS DO SUS PROVENIENTES DO GOVERNO ESTADUAL;36.736,00
FUNDO MUNICIPAL DE SAÚDE DE BARBACENA;18.002;FUNDO MUNICIPAL DE SAUDE;2.685;MANUTENÇÃO DO CEM;3;MEDIA E ALTA COMPLEXIDADE ASSISTENCIAL;10;Saúde;302;Assistência Hospitalar e Ambulatorial;188;4.4.90.52.17.00.00.00;EQUIPAMENTOS PARA ÁUDIO, VÍDEO E FOTO;2.621.000.0000;TRANSFERÊNCIAS FUNDO A FUNDO DE RECURSOS DO SUS PROVENIENTES DO GOVERNO ESTADUAL;6.588,00
FUNDO MUNICIPAL DE SAÚDE DE BARBACENA;18.002;FUNDO MUNICIPAL DE SAUDE;2.685;MANUTENÇÃO DO CEM;3;MEDIA E ALTA COMPLEXIDADE ASSISTENCIAL;10;Saúde;302;Assistência Hospitalar e Ambulatorial;461;3.1.90.92.13.00.00.00;OBRIGAÇÕES PATRONAIS;1.500.000.1002;RECURSOS NÃO VINCULADOS DE IMPOSTOS (SAÚDE);40.003,72
FUNDO MUNICIPAL DE SAÚDE DE BARBACENA;18.002;FUNDO MUNICIPAL DE SAUDE;2.685;MANUTENÇÃO DO CEM;3;MEDIA E ALTA COMPLEXIDADE ASSISTENCIAL;10;Saúde;302;Assistência Hospitalar e Ambulatorial;461;3.1.90.92.99.00.00.00;OUTRAS DESPESAS DE EXERCÍCIOS ANTERIORES;1.500.000.1002;RECURSOS NÃO VINCULADOS DE IMPOSTOS (SAÚDE);142.870,43
FUNDO MUNICIPAL DE SAÚDE DE BARBACENA;18.002;FUNDO MUNICIPAL DE SAUDE;2.685;MANUTENÇÃO DO CEM;3;MEDIA E ALTA COMPLEXIDADE ASSISTENCIAL;10;Saúde;302;Assistência Hospitalar e Ambulatorial;461;3.1.90.92.94.00.00.00;INDENIZAÇÕES E RESTITUIÇÕES TRABALHISTAS;1.500.000.1002;RECURSOS NÃO VINCULADOS DE IMPOSTOS (SAÚDE);17.769,68
FUNDO MUNICIPAL DE SAÚDE DE BARBACENA;18.002;FUNDO MUNICIPAL DE SAUDE;2.689;APOIO A ASSOCIAÇÃO DE PAIS E AMIGOS DOS EXCEPCIONAIS - APAE;3;MEDIA E ALTA COMPLEXIDADE ASSISTENCIAL;10;Saúde;302;Assistência Hospitalar e Ambulatorial;460;3.3.90.39.36.00.00.00;SERVIÇO MÉDICO-HOSPITALAR, ODONT. E LABORATORIAL;2.600.000.0000;TRANSFERÊNCIAS FUNDO A FUNDO DE RECURSOS DO SUS PROVENIENTES DO GOVERNO FEDERAL - BLOCO DE MANUTENÇÃO DAS AÇÕES E SERVIÇOS PÚBLICOS DE SAÚDE;219.913,84
FUNDO MUNICIPAL DE SAÚDE DE BARBACENA;18.002;FUNDO MUNICIPAL DE SAUDE;2.069;DISTRIBUIÇÃO DE MEDICAMENTOS CONFORME DETERMINAÇÃO JUDICIAL;3;MEDIA E ALTA COMPLEXIDADE ASSISTENCIAL;10;Saúde;303;Suporte Profilático e Terapêutico;200;3.3.90.30.09.00.00.00;MEDICAMENTOS;1.500.000.1002;RECURSOS NÃO VINCULADOS DE IMPOSTOS (SAÚDE);45.024,54
FUNDO MUNICIPAL DE SAÚDE DE BARBACENA;18.002;FUNDO MUNICIPAL DE SAUDE;2.069;DISTRIBUIÇÃO DE MEDICAMENTOS CONFORME DETERMINAÇÃO JUDICIAL;3;MEDIA E ALTA COMPLEXIDADE ASSISTENCIAL;10;Saúde;303;Suporte Profilático e Terapêutico;200;3.3.90.30.99.00.00.00;OUTROS MATERIAIS DE CONSUMO;1.500.000.1002;RECURSOS NÃO VINCULADOS DE IMPOSTOS (SAÚDE);115.458,71
FUNDO MUNICIPAL DE SAÚDE DE BARBACENA;18.002;FUNDO MUNICIPAL DE SAUDE;2.339;AÇÕES DE ENFRENTAMENTO DA EMERGÊNCIA COVID 19;4;VIGILANCIA EM SAUDE;10;Saúde;122;Administração Geral;4;3.3.90.30.10.00.00.00;MATERIAL ODONTOLÓGICO;2.659.000.0000;OUTROS RECURSOS VINCULADOS À SAÚDE;17.195,00
FUNDO MUNICIPAL DE SAÚDE DE BARBACENA;18.002;FUNDO MUNICIPAL DE SAUDE;2.339;AÇÕES DE ENFRENTAMENTO DA EMERGÊNCIA COVID 19;4;VIGILANCIA EM SAUDE;10;Saúde;122;Administração Geral;4;3.3.90.30.09.00.00.00;MEDICAMENTOS;2.659.000.0000;OUTROS RECURSOS VINCULADOS À SAÚDE;168.613,72
FUNDO MUNICIPAL DE SAÚDE DE BARBACENA;18.002;FUNDO MUNICIPAL DE SAUDE;2.339;AÇÕES DE ENFRENTAMENTO DA EMERGÊNCIA COVID 19;4;VIGILANCIA EM SAUDE;10;Saúde;122;Administração Geral;4;3.3.90.30.16.00.00.00;MATERIAL DE EXPEDIENTE;2.659.000.0000;OUTROS RECURSOS VINCULADOS À SAÚDE;42.688,00
FUNDO MUNICIPAL DE SAÚDE DE BARBACENA;18.002;FUNDO MUNICIPAL DE SAUDE;2.339;AÇÕES DE ENFRENTAMENTO DA EMERGÊNCIA COVID 19;4;VIGILANCIA EM SAUDE;10;Saúde;122;Administração Geral;251;3.3.90.39.36.00.00.00;SERVIÇO MÉDICO-HOSPITALAR, ODONT. E LABORATORIAL;2.659.000.0000;OUTROS RECURSOS VINCULADOS À SAÚDE;488.107,50
FUNDO MUNICIPAL DE SAÚDE DE BARBACENA;18.002;FUNDO MUNICIPAL DE SAUDE;2.339;AÇÕES DE ENFRENTAMENTO DA EMERGÊNCIA COVID 19;4;VIGILANCIA EM SAUDE;10;Saúde;122;Administração Geral;251;3.3.90.39.68.00.00.00;SERVIÇOS DE PUBLICIDADE E PROPAGANDA;2.659.000.0000;OUTROS RECURSOS VINCULADOS À SAÚDE;5.423,00
FUNDO MUNICIPAL DE SAÚDE DE BARBACENA;18.002;FUNDO MUNICIPAL DE SAUDE;2.339;AÇÕES DE ENFRENTAMENTO DA EMERGÊNCIA COVID 19;4;VIGILANCIA EM SAUDE;10;Saúde;122;Administração Geral;465;3.1.90.92.99.00.00.00;OUTRAS DESPESAS DE EXERCÍCIOS ANTERIORES;2.659.000.0000;OUTROS RECURSOS VINCULADOS À SAÚDE;1.069,65
FUNDO MUNICIPAL DE SAÚDE DE BARBACENA;18.002;FUNDO MUNICIPAL DE SAUDE;2.339;AÇÕES DE ENFRENTAMENTO DA EMERGÊNCIA COVID 19;4;VIGILANCIA EM SAUDE;10;Saúde;122;Administração Geral;467;4.4.90.52.19.00.00.00;EQUIPAMENTOS DE PROCESSAMENTO DE DADOS;2.659.000.0000;OUTROS RECURSOS VINCULADOS À SAÚDE;58.775,78
FUNDO MUNICIPAL DE SAÚDE DE BARBACENA;18.002;FUNDO MUNICIPAL DE SAUDE;2.339;AÇÕES DE ENFRENTAMENTO DA EMERGÊNCIA COVID 19;4;VIGILANCIA EM SAUDE;10;Saúde;122;Administração Geral;467;4.4.90.52.17.00.00.00;EQUIPAMENTOS PARA ÁUDIO, VÍDEO E FOTO;2.659.000.0000;OUTROS RECURSOS VINCULADOS À SAÚDE;1.440,00
FUNDO MUNICIPAL DE SAÚDE DE BARBACENA;18.002;FUNDO MUNICIPAL DE SAUDE;2.339;AÇÕES DE ENFRENTAMENTO DA EMERGÊNCIA COVID 19;4;VIGILANCIA EM SAUDE;10;Saúde;122;Administração Geral;467;4.4.90.52.99.00.00.00;OUTROS MATERIAIS PERMANENTES;2.659.000.0000;OUTROS RECURSOS VINCULADOS À SAÚDE;2.353,93
FUNDO MUNICIPAL DE SAÚDE DE BARBACENA;18.002;FUNDO MUNICIPAL DE SAUDE;2.339;AÇÕES DE ENFRENTAMENTO DA EMERGÊNCIA COVID 19;4;VIGILANCIA EM SAUDE;10;Saúde;122;Administração Geral;474;3.1.90.04.15.00.00.00;OBRIGAÇÕES PATRONAIS - CONTRATO TEMPORÁRIO;2.659.000.0000;OUTROS RECURSOS VINCULADOS À SAÚDE;194.178,97
FUNDO MUNICIPAL DE SAÚDE DE BARBACENA;18.002;FUNDO MUNICIPAL DE SAUDE;2.339;AÇÕES DE ENFRENTAMENTO DA EMERGÊNCIA COVID 19;4;VIGILANCIA EM SAUDE;10;Saúde;122;Administração Geral;474;3.1.90.04.01.00.00.00;SALÁRIO CONTRATO TEMPORÁRIO;2.659.000.0000;OUTROS RECURSOS VINCULADOS À SAÚDE;1.345.161,32
FUNDO MUNICIPAL DE SAÚDE DE BARBACENA;18.002;FUNDO MUNICIPAL DE SAUDE;2.339;AÇÕES DE ENFRENTAMENTO DA EMERGÊNCIA COVID 19;4;VIGILANCIA EM SAUDE;10;Saúde;122;Administração Geral;475;3.1.90.11.01.00.00.00;VENCIMENTOS E SALÁRIOS;2.659.000.0000;OUTROS RECURSOS VINCULADOS À SAÚDE;183.351,91
FUNDO MUNICIPAL DE SAÚDE DE BARBACENA;18.002;FUNDO MUNICIPAL DE SAUDE;2.339;AÇÕES DE ENFRENTAMENTO DA EMERGÊNCIA COVID 19;4;VIGILANCIA EM SAUDE;10;Saúde;122;Administração Geral;477;3.1.91.13.08.00.00.00;CONTRIB. PREV.- RPPS - PESSOAL ATIVO - PLANO PREV.;2.659.000.0000;OUTROS RECURSOS VINCULADOS À SAÚDE;34.466,74
FUNDO MUNICIPAL DE SAÚDE DE BARBACENA;18.002;FUNDO MUNICIPAL DE SAUDE;2.339;AÇÕES DE ENFRENTAMENTO DA EMERGÊNCIA COVID 19;4;VIGILANCIA EM SAUDE;10;Saúde;122;Administração Geral;478;3.3.90.46.00.00.00.00;AUXÍLIO-ALIMENTAÇÃO;2.659.000.0000;OUTROS RECURSOS VINCULADOS À SAÚDE;30.780,00
FUNDO MUNICIPAL DE SAÚDE DE BARBACENA;18.002;FUNDO MUNICIPAL DE SAUDE;2.339;AÇÕES DE ENFRENTAMENTO DA EMERGÊNCIA COVID 19;4;VIGILANCIA EM SAUDE;10;Saúde;122;Administração Geral;479;3.3.90.08.56.00.00.00;SALÁRIO FAMÍLIA;2.659.000.0000;OUTROS RECURSOS VINCULADOS À SAÚDE;132,00
FUNDO MUNICIPAL DE SAÚDE DE BARBACENA;18.002;FUNDO MUNICIPAL DE SAUDE;2.339;AÇÕES DE ENFRENTAMENTO DA EMERGÊNCIA COVID 19;4;VIGILANCIA EM SAUDE;10;Saúde;122;Administração Geral;489;3.3.50.41.00.00.00.00;CONTRIBUIÇÕES;1.659.000.0000;OUTROS RECURSOS VINCULADOS À SAÚDE;741.689,56
FUNDO MUNICIPAL DE SAÚDE DE BARBACENA;18.002;FUNDO MUNICIPAL DE SAUDE;2.339;AÇÕES DE ENFRENTAMENTO DA EMERGÊNCIA COVID 19;4;VIGILANCIA EM SAUDE;10;Saúde;122;Administração Geral;489;3.3.50.41.00.00.00.00;CONTRIBUIÇÕES;2.659.000.0000;OUTROS RECURSOS VINCULADOS À SAÚDE;1.681.006,00
FUNDO MUNICIPAL DE SAÚDE DE BARBACENA;18.002;FUNDO MUNICIPAL DE SAUDE;2.009;MANUTENÇAO DA VIGILANCIA SANITARIA;4;VIGILANCIA EM SAUDE;10;Saúde;304;Vigilância Sanitária;202;3.1.90.04.15.00.00.00;OBRIGAÇÕES PATRONAIS - CONTRATO TEMPORÁRIO;1.500.000.1002;RECURSOS NÃO VINCULADOS DE IMPOSTOS (SAÚDE);12.220,61
FUNDO MUNICIPAL DE SAÚDE DE BARBACENA;18.002;FUNDO MUNICIPAL DE SAUDE;2.009;MANUTENÇAO DA VIGILANCIA SANITARIA;4;VIGILANCIA EM SAUDE;10;Saúde;304;Vigilância Sanitária;202;3.1.90.04.01.00.00.00;SALÁRIO CONTRATO TEMPORÁRIO;1.500.000.1002;RECURSOS NÃO VINCULADOS DE IMPOSTOS (SAÚDE);60.930,36
FUNDO MUNICIPAL DE SAÚDE DE BARBACENA;18.002;FUNDO MUNICIPAL DE SAUDE;2.009;MANUTENÇAO DA VIGILANCIA SANITARIA;4;VIGILANCIA EM SAUDE;10;Saúde;304;Vigilância Sanitária;202;3.1.90.04.15.00.00.00;OBRIGAÇÕES PATRONAIS - CONTRATO TEMPORÁRIO;1.600.000.0000;TRANSFERÊNCIAS FUNDO A FUNDO DE RECURSOS DO SUS PROVENIENTES DO GOVERNO FEDERAL - BLOCO DE MANUTENÇÃO DAS AÇÕES E SERVIÇOS PÚBLICOS DE SAÚDE;1.589,18
FUNDO MUNICIPAL DE SAÚDE DE BARBACENA;18.002;FUNDO MUNICIPAL DE SAUDE;2.009;MANUTENÇAO DA VIGILANCIA SANITARIA;4;VIGILANCIA EM SAUDE;10;Saúde;304;Vigilância Sanitária;202;3.1.90.04.01.00.00.00;SALÁRIO CONTRATO TEMPORÁRIO;1.600.000.0000;TRANSFERÊNCIAS FUNDO A FUNDO DE RECURSOS DO SUS PROVENIENTES DO GOVERNO FEDERAL - BLOCO DE MANUTENÇÃO DAS AÇÕES E SERVIÇOS PÚBLICOS DE SAÚDE;7.713,93
FUNDO MUNICIPAL DE SAÚDE DE BARBACENA;18.002;FUNDO MUNICIPAL DE SAUDE;2.009;MANUTENÇAO DA VIGILANCIA SANITARIA;4;VIGILANCIA EM SAUDE;10;Saúde;304;Vigilância Sanitária;202;3.1.90.04.15.00.00.00;OBRIGAÇÕES PATRONAIS - CONTRATO TEMPORÁRIO;1.621.000.0000;TRANSFERÊNCIAS FUNDO A FUNDO DE RECURSOS DO SUS PROVENIENTES DO GOVERNO ESTADUAL;5.161,16
FUNDO MUNICIPAL DE SAÚDE DE BARBACENA;18.002;FUNDO MUNICIPAL DE SAUDE;2.009;MANUTENÇAO DA VIGILANCIA SANITARIA;4;VIGILANCIA EM SAUDE;10;Saúde;304;Vigilância Sanitária;202;3.1.90.04.01.00.00.00;SALÁRIO CONTRATO TEMPORÁRIO;1.621.000.0000;TRANSFERÊNCIAS FUNDO A FUNDO DE RECURSOS DO SUS PROVENIENTES DO GOVERNO ESTADUAL;21.959,85
FUNDO MUNICIPAL DE SAÚDE DE BARBACENA;18.002;FUNDO MUNICIPAL DE SAUDE;2.009;MANUTENÇAO DA VIGILANCIA SANITARIA;4;VIGILANCIA EM SAUDE;10;Saúde;304;Vigilância Sanitária;202;3.1.90.04.01.00.00.00;SALÁRIO CONTRATO TEMPORÁRIO;2.621.000.0000;TRANSFERÊNCIAS FUNDO A FUNDO DE RECURSOS DO SUS PROVENIENTES DO GOVERNO ESTADUAL;10.450,71
FUNDO MUNICIPAL DE SAÚDE DE BARBACENA;18.002;FUNDO MUNICIPAL DE SAUDE;2.009;MANUTENÇAO DA VIGILANCIA SANITARIA;4;VIGILANCIA EM SAUDE;10;Saúde;304;Vigilância Sanitária;202;3.1.90.04.15.00.00.00;OBRIGAÇÕES PATRONAIS - CONTRATO TEMPORÁRIO;2.621.000.0000;TRANSFERÊNCIAS FUNDO A FUNDO DE RECURSOS DO SUS PROVENIENTES DO GOVERNO ESTADUAL;1.947,65
FUNDO MUNICIPAL DE SAÚDE DE BARBACENA;18.002;FUNDO MUNICIPAL DE SAUDE;2.009;MANUTENÇAO DA VIGILANCIA SANITARIA;4;VIGILANCIA EM SAUDE;10;Saúde;304;Vigilância Sanitária;203;3.1.90.11.01.00.00.00;VENCIMENTOS E SALÁRIOS;1.500.000.1002;RECURSOS NÃO VINCULADOS DE IMPOSTOS (SAÚDE);275.770,64
FUNDO MUNICIPAL DE SAÚDE DE BARBACENA;18.002;FUNDO MUNICIPAL DE SAUDE;2.009;MANUTENÇAO DA VIGILANCIA SANITARIA;4;VIGILANCIA EM SAUDE;10;Saúde;304;Vigilância Sanitária;203;3.1.90.11.52.00.00.00;LICENÇA SAÚDE;1.500.000.1002;RECURSOS NÃO VINCULADOS DE IMPOSTOS (SAÚDE);730,17
FUNDO MUNICIPAL DE SAÚDE DE BARBACENA;18.002;FUNDO MUNICIPAL DE SAUDE;2.009;MANUTENÇAO DA VIGILANCIA SANITARIA;4;VIGILANCIA EM SAUDE;10;Saúde;304;Vigilância Sanitária;203;3.1.90.11.01.00.00.00;VENCIMENTOS E SALÁRIOS;1.621.000.0000;TRANSFERÊNCIAS FUNDO A FUNDO DE RECURSOS DO SUS PROVENIENTES DO GOVERNO ESTADUAL;87.910,50
FUNDO MUNICIPAL DE SAÚDE DE BARBACENA;18.002;FUNDO MUNICIPAL DE SAUDE;2.009;MANUTENÇAO DA VIGILANCIA SANITARIA;4;VIGILANCIA EM SAUDE;10;Saúde;304;Vigilância Sanitária;203;3.1.90.11.01.00.00.00;VENCIMENTOS E SALÁRIOS;2.621.000.0000;TRANSFERÊNCIAS FUNDO A FUNDO DE RECURSOS DO SUS PROVENIENTES DO GOVERNO ESTADUAL;25.061,79
FUNDO MUNICIPAL DE SAÚDE DE BARBACENA;18.002;FUNDO MUNICIPAL DE SAUDE;2.009;MANUTENÇAO DA VIGILANCIA SANITARIA;4;VIGILANCIA EM SAUDE;10;Saúde;304;Vigilância Sanitária;205;3.1.91.13.08.00.00.00;CONTRIB. PREV.- RPPS - PESSOAL ATIVO - PLANO PREV.;1.500.000.1002;RECURSOS NÃO VINCULADOS DE IMPOSTOS (SAÚDE);30.991,57
FUNDO MUNICIPAL DE SAÚDE DE BARBACENA;18.002;FUNDO MUNICIPAL DE SAUDE;2.009;MANUTENÇAO DA VIGILANCIA SANITARIA;4;VIGILANCIA EM SAUDE;10;Saúde;304;Vigilância Sanitária;205;3.1.91.13.08.00.00.00;CONTRIB. PREV.- RPPS - PESSOAL ATIVO - PLANO PREV.;1.621.000.0000;TRANSFERÊNCIAS FUNDO A FUNDO DE RECURSOS DO SUS PROVENIENTES DO GOVERNO ESTADUAL;24.224,05
FUNDO MUNICIPAL DE SAÚDE DE BARBACENA;18.002;FUNDO MUNICIPAL DE SAUDE;2.009;MANUTENÇAO DA VIGILANCIA SANITARIA;4;VIGILANCIA EM SAUDE;10;Saúde;304;Vigilância Sanitária;205;3.1.91.13.08.00.00.00;CONTRIB. PREV.- RPPS - PESSOAL ATIVO - PLANO PREV.;2.621.000.0000;TRANSFERÊNCIAS FUNDO A FUNDO DE RECURSOS DO SUS PROVENIENTES DO GOVERNO ESTADUAL;6.885,19
FUNDO MUNICIPAL DE SAÚDE DE BARBACENA;18.002;FUNDO MUNICIPAL DE SAUDE;2.009;MANUTENÇAO DA VIGILANCIA SANITARIA;4;VIGILANCIA EM SAUDE;10;Saúde;304;Vigilância Sanitária;207;3.3.90.14.05.00.00.00;DIÁRIAS DE DEMAIS SERVIDORES;1.500.000.1002;RECURSOS NÃO VINCULADOS DE IMPOSTOS (SAÚDE);400,00
FUNDO MUNICIPAL DE SAÚDE DE BARBACENA;18.002;FUNDO MUNICIPAL DE SAUDE;2.009;MANUTENÇAO DA VIGILANCIA SANITARIA;4;VIGILANCIA EM SAUDE;10;Saúde;304;Vigilância Sanitária;207;3.3.90.14.05.00.00.00;DIÁRIAS DE DEMAIS SERVIDORES;1.600.000.0000;TRANSFERÊNCIAS FUNDO A FUNDO DE RECURSOS DO SUS PROVENIENTES DO GOVERNO FEDERAL - BLOCO DE MANUTENÇÃO DAS AÇÕES E SERVIÇOS PÚBLICOS DE SAÚDE;1.400,00
FUNDO MUNICIPAL DE SAÚDE DE BARBACENA;18.002;FUNDO MUNICIPAL DE SAUDE;2.009;MANUTENÇAO DA VIGILANCIA SANITARIA;4;VIGILANCIA EM SAUDE;10;Saúde;304;Vigilância Sanitária;209;3.3.90.30.16.00.00.00;MATERIAL DE EXPEDIENTE;1.600.000.0000;TRANSFERÊNCIAS FUNDO A FUNDO DE RECURSOS DO SUS PROVENIENTES DO GOVERNO FEDERAL - BLOCO DE MANUTENÇÃO DAS AÇÕES E SERVIÇOS PÚBLICOS DE SAÚDE;22.290,12
FUNDO MUNICIPAL DE SAÚDE DE BARBACENA;18.002;FUNDO MUNICIPAL DE SAUDE;2.009;MANUTENÇAO DA VIGILANCIA SANITARIA;4;VIGILANCIA EM SAUDE;10;Saúde;304;Vigilância Sanitária;209;3.3.90.30.37.00.00.00;MATERIAL PARA MANUTENÇÃO DE VEÍCULOS;1.600.000.0000;TRANSFERÊNCIAS FUNDO A FUNDO DE RECURSOS DO SUS PROVENIENTES DO GOVERNO FEDERAL - BLOCO DE MANUTENÇÃO DAS AÇÕES E SERVIÇOS PÚBLICOS DE SAÚDE;40.000,00
FUNDO MUNICIPAL DE SAÚDE DE BARBACENA;18.002;FUNDO MUNICIPAL DE SAUDE;2.009;MANUTENÇAO DA VIGILANCIA SANITARIA;4;VIGILANCIA EM SAUDE;10;Saúde;304;Vigilância Sanitária;209;3.3.90.30.37.00.00.00;MATERIAL PARA MANUTENÇÃO DE VEÍCULOS;2.600.000.0000;TRANSFERÊNCIAS FUNDO A FUNDO DE RECURSOS DO SUS PROVENIENTES DO GOVERNO FEDERAL - BLOCO DE MANUTENÇÃO DAS AÇÕES E SERVIÇOS PÚBLICOS DE SAÚDE;15.000,00
FUNDO MUNICIPAL DE SAÚDE DE BARBACENA;18.002;FUNDO MUNICIPAL DE SAUDE;2.009;MANUTENÇAO DA VIGILANCIA SANITARIA;4;VIGILANCIA EM SAUDE;10;Saúde;304;Vigilância Sanitária;209;3.3.90.30.22.00.00.00;MATERIAL DE LIMPEZA E PRODUÇÃO DE HIGIENIZAÇÃO;2.600.000.0000;TRANSFERÊNCIAS FUNDO A FUNDO DE RECURSOS DO SUS PROVENIENTES DO GOVERNO FEDERAL - BLOCO DE MANUTENÇÃO DAS AÇÕES E SERVIÇOS PÚBLICOS DE SAÚDE;2.139,35
FUNDO MUNICIPAL DE SAÚDE DE BARBACENA;18.002;FUNDO MUNICIPAL DE SAUDE;2.009;MANUTENÇAO DA VIGILANCIA SANITARIA;4;VIGILANCIA EM SAUDE;10;Saúde;304;Vigilância Sanitária;209;3.3.90.30.16.00.00.00;MATERIAL DE EXPEDIENTE;2.600.000.0000;TRANSFERÊNCIAS FUNDO A FUNDO DE RECURSOS DO SUS PROVENIENTES DO GOVERNO FEDERAL - BLOCO DE MANUTENÇÃO DAS AÇÕES E SERVIÇOS PÚBLICOS DE SAÚDE;9.085,84
FUNDO MUNICIPAL DE SAÚDE DE BARBACENA;18.002;FUNDO MUNICIPAL DE SAUDE;2.009;MANUTENÇAO DA VIGILANCIA SANITARIA;4;VIGILANCIA EM SAUDE;10;Saúde;304;Vigilância Sanitária;209;3.3.90.30.99.00.00.00;OUTROS MATERIAIS DE CONSUMO;2.621.000.0000;TRANSFERÊNCIAS FUNDO A FUNDO DE RECURSOS DO SUS PROVENIENTES DO GOVERNO ESTADUAL;31.412,40
FUNDO MUNICIPAL DE SAÚDE DE BARBACENA;18.002;FUNDO MUNICIPAL DE SAUDE;2.009;MANUTENÇAO DA VIGILANCIA SANITARIA;4;VIGILANCIA EM SAUDE;10;Saúde;304;Vigilância Sanitária;210;3.3.90.39.99.00.00.00;OUTROS SERVIÇOS DE TERCEIROS - PESSOA JURÍDICA;1.600.000.0000;TRANSFERÊNCIAS FUNDO A FUNDO DE RECURSOS DO SUS PROVENIENTES DO GOVERNO FEDERAL - BLOCO DE MANUTENÇÃO DAS AÇÕES E SERVIÇOS PÚBLICOS DE SAÚDE;32.937,73
FUNDO MUNICIPAL DE SAÚDE DE BARBACENA;18.002;FUNDO MUNICIPAL DE SAUDE;2.009;MANUTENÇAO DA VIGILANCIA SANITARIA;4;VIGILANCIA EM SAUDE;10;Saúde;304;Vigilância Sanitária;210;3.3.90.39.12.00.00.00;LOCAÇÃO DE MÁQUINAS E EQUIPAMENTOS;1.600.000.0000;TRANSFERÊNCIAS FUNDO A FUNDO DE RECURSOS DO SUS PROVENIENTES DO GOVERNO FEDERAL - BLOCO DE MANUTENÇÃO DAS AÇÕES E SERVIÇOS PÚBLICOS DE SAÚDE;4.655,01
FUNDO MUNICIPAL DE SAÚDE DE BARBACENA;18.002;FUNDO MUNICIPAL DE SAUDE;2.009;MANUTENÇAO DA VIGILANCIA SANITARIA;4;VIGILANCIA EM SAUDE;10;Saúde;304;Vigilância Sanitária;210;3.3.90.39.53.00.00.00;SEGUROS EM GERAL;1.600.000.0000;TRANSFERÊNCIAS FUNDO A FUNDO DE RECURSOS DO SUS PROVENIENTES DO GOVERNO FEDERAL - BLOCO DE MANUTENÇÃO DAS AÇÕES E SERVIÇOS PÚBLICOS DE SAÚDE;2.289,89
FUNDO MUNICIPAL DE SAÚDE DE BARBACENA;18.002;FUNDO MUNICIPAL DE SAUDE;2.009;MANUTENÇAO DA VIGILANCIA SANITARIA;4;VIGILANCIA EM SAUDE;10;Saúde;304;Vigilância Sanitária;210;3.3.90.39.43.00.00.00;SERVIÇOS DE TELECOMUNICAÇÕES;1.600.000.0000;TRANSFERÊNCIAS FUNDO A FUNDO DE RECURSOS DO SUS PROVENIENTES DO GOVERNO FEDERAL - BLOCO DE MANUTENÇÃO DAS AÇÕES E SERVIÇOS PÚBLICOS DE SAÚDE;3.310,00
FUNDO MUNICIPAL DE SAÚDE DE BARBACENA;18.002;FUNDO MUNICIPAL DE SAUDE;2.009;MANUTENÇAO DA VIGILANCIA SANITARIA;4;VIGILANCIA EM SAUDE;10;Saúde;304;Vigilância Sanitária;210;3.3.90.39.37.00.00.00;SERVIÇOS DE ANÁLISES E PESQUISAS CIENTÍFICAS;1.600.000.0000;TRANSFERÊNCIAS FUNDO A FUNDO DE RECURSOS DO SUS PROVENIENTES DO GOVERNO FEDERAL - BLOCO DE MANUTENÇÃO DAS AÇÕES E SERVIÇOS PÚBLICOS DE SAÚDE;40.000,00
FUNDO MUNICIPAL DE SAÚDE DE BARBACENA;18.002;FUNDO MUNICIPAL DE SAUDE;2.009;MANUTENÇAO DA VIGILANCIA SANITARIA;4;VIGILANCIA EM SAUDE;10;Saúde;304;Vigilância Sanitária;210;3.3.90.39.37.00.00.00;SERVIÇOS DE ANÁLISES E PESQUISAS CIENTÍFICAS;2.600.000.0000;TRANSFERÊNCIAS FUNDO A FUNDO DE RECURSOS DO SUS PROVENIENTES DO GOVERNO FEDERAL - BLOCO DE MANUTENÇÃO DAS AÇÕES E SERVIÇOS PÚBLICOS DE SAÚDE;11.125,00
FUNDO MUNICIPAL DE SAÚDE DE BARBACENA;18.002;FUNDO MUNICIPAL DE SAUDE;2.009;MANUTENÇAO DA VIGILANCIA SANITARIA;4;VIGILANCIA EM SAUDE;10;Saúde;304;Vigilância Sanitária;210;3.3.90.39.99.00.00.00;OUTROS SERVIÇOS DE TERCEIROS - PESSOA JURÍDICA;2.600.000.0000;TRANSFERÊNCIAS FUNDO A FUNDO DE RECURSOS DO SUS PROVENIENTES DO GOVERNO FEDERAL - BLOCO DE MANUTENÇÃO DAS AÇÕES E SERVIÇOS PÚBLICOS DE SAÚDE;19.496,00
FUNDO MUNICIPAL DE SAÚDE DE BARBACENA;18.002;FUNDO MUNICIPAL DE SAUDE;2.009;MANUTENÇAO DA VIGILANCIA SANITARIA;4;VIGILANCIA EM SAUDE;10;Saúde;304;Vigilância Sanitária;210;3.3.90.39.53.00.00.00;SEGUROS EM GERAL;2.621.000.0000;TRANSFERÊNCIAS FUNDO A FUNDO DE RECURSOS DO SUS PROVENIENTES DO GOVERNO ESTADUAL;1.980,00
FUNDO MUNICIPAL DE SAÚDE DE BARBACENA;18.002;FUNDO MUNICIPAL DE SAUDE;2.009;MANUTENÇAO DA VIGILANCIA SANITARIA;4;VIGILANCIA EM SAUDE;10;Saúde;304;Vigilância Sanitária;210;3.3.90.39.99.00.00.00;OUTROS SERVIÇOS DE TERCEIROS - PESSOA JURÍDICA;2.621.000.0000;TRANSFERÊNCIAS FUNDO A FUNDO DE RECURSOS DO SUS PROVENIENTES DO GOVERNO ESTADUAL;52.113,14
FUNDO MUNICIPAL DE SAÚDE DE BARBACENA;18.002;FUNDO MUNICIPAL DE SAUDE;2.009;MANUTENÇAO DA VIGILANCIA SANITARIA;4;VIGILANCIA EM SAUDE;10;Saúde;304;Vigilância Sanitária;212;3.3.90.46.00.00.00.00;AUXÍLIO-ALIMENTAÇÃO;1.500.000.1002;RECURSOS NÃO VINCULADOS DE IMPOSTOS (SAÚDE);26.150,00
FUNDO MUNICIPAL DE SAÚDE DE BARBACENA;18.002;FUNDO MUNICIPAL DE SAUDE;2.009;MANUTENÇAO DA VIGILANCIA SANITARIA;4;VIGILANCIA EM SAUDE;10;Saúde;304;Vigilância Sanitária;212;3.3.90.46.00.00.00.00;AUXÍLIO-ALIMENTAÇÃO;1.621.000.0000;TRANSFERÊNCIAS FUNDO A FUNDO DE RECURSOS DO SUS PROVENIENTES DO GOVERNO ESTADUAL;12.600,00
FUNDO MUNICIPAL DE SAÚDE DE BARBACENA;18.002;FUNDO MUNICIPAL DE SAUDE;2.009;MANUTENÇAO DA VIGILANCIA SANITARIA;4;VIGILANCIA EM SAUDE;10;Saúde;304;Vigilância Sanitária;212;3.3.90.46.00.00.00.00;AUXÍLIO-ALIMENTAÇÃO;2.621.000.0000;TRANSFERÊNCIAS FUNDO A FUNDO DE RECURSOS DO SUS PROVENIENTES DO GOVERNO ESTADUAL;3.600,00
FUNDO MUNICIPAL DE SAÚDE DE BARBACENA;18.002;FUNDO MUNICIPAL DE SAUDE;2.009;MANUTENÇAO DA VIGILANCIA SANITARIA;4;VIGILANCIA EM SAUDE;10;Saúde;304;Vigilância Sanitária;462;4.4.90.52.24.00.00.00;MOBILIÁRIO EM GERAL;2.621.000.0000;TRANSFERÊNCIAS FUNDO A FUNDO DE RECURSOS DO SUS PROVENIENTES DO GOVERNO ESTADUAL;133.525,47
FUNDO MUNICIPAL DE SAÚDE DE BARBACENA;18.002;FUNDO MUNICIPAL DE SAUDE;2.009;MANUTENÇAO DA VIGILANCIA SANITARIA;4;VIGILANCIA EM SAUDE;10;Saúde;304;Vigilância Sanitária;462;4.4.90.52.20.00.00.00;MÁQUINAS, INSTALAÇÕES E UTENSÍLIOS DE ESCRITÓRIO;2.621.000.0000;TRANSFERÊNCIAS FUNDO A FUNDO DE RECURSOS DO SUS PROVENIENTES DO GOVERNO ESTADUAL;10.850,00
FUNDO MUNICIPAL DE SAÚDE DE BARBACENA;18.002;FUNDO MUNICIPAL DE SAUDE;2.009;MANUTENÇAO DA VIGILANCIA SANITARIA;4;VIGILANCIA EM SAUDE;10;Saúde;304;Vigilância Sanitária;462;4.4.90.52.04.00.00.00;APARELHOS, EQUIPAMENTOS, UTENSÍLIOS MÉDICO-ODONT;2.621.000.0000;TRANSFERÊNCIAS FUNDO A FUNDO DE RECURSOS DO SUS PROVENIENTES DO GOVERNO ESTADUAL;3.600,00
FUNDO MUNICIPAL DE SAÚDE DE BARBACENA;18.002;FUNDO MUNICIPAL DE SAUDE;2.009;MANUTENÇAO DA VIGILANCIA SANITARIA;4;VIGILANCIA EM SAUDE;10;Saúde;304;Vigilância Sanitária;462;4.4.90.52.06.00.00.00;APARELHOS E UTENSÍLIOS DOMÉSTICOS;2.621.000.0000;TRANSFERÊNCIAS FUNDO A FUNDO DE RECURSOS DO SUS PROVENIENTES DO GOVERNO ESTADUAL;2.360,00
FUNDO MUNICIPAL DE SAÚDE DE BARBACENA;18.002;FUNDO MUNICIPAL DE SAUDE;2.010;MANUTENÇAO DA VIGILÂNCIA EPIDEMIOLÓGICA;4;VIGILANCIA EM SAUDE;10;Saúde;305;Vigilância Epidemiológica;214;3.1.90.04.15.00.00.00;OBRIGAÇÕES PATRONAIS - CONTRATO TEMPORÁRIO;1.500.000.1002;RECURSOS NÃO VINCULADOS DE IMPOSTOS (SAÚDE);41.017,15
FUNDO MUNICIPAL DE SAÚDE DE BARBACENA;18.002;FUNDO MUNICIPAL DE SAUDE;2.010;MANUTENÇAO DA VIGILÂNCIA EPIDEMIOLÓGICA;4;VIGILANCIA EM SAUDE;10;Saúde;305;Vigilância Epidemiológica;214;3.1.90.04.01.00.00.00;SALÁRIO CONTRATO TEMPORÁRIO;1.500.000.1002;RECURSOS NÃO VINCULADOS DE IMPOSTOS (SAÚDE);183.644,46
FUNDO MUNICIPAL DE SAÚDE DE BARBACENA;18.002;FUNDO MUNICIPAL DE SAUDE;2.010;MANUTENÇAO DA VIGILÂNCIA EPIDEMIOLÓGICA;4;VIGILANCIA EM SAUDE;10;Saúde;305;Vigilância Epidemiológica;214;3.1.90.04.01.00.00.00;SALÁRIO CONTRATO TEMPORÁRIO;1.600.000.0000;TRANSFERÊNCIAS FUNDO A FUNDO DE RECURSOS DO SUS PROVENIENTES DO GOVERNO FEDERAL - BLOCO DE MANUTENÇÃO DAS AÇÕES E SERVIÇOS PÚBLICOS DE SAÚDE;72.438,92
FUNDO MUNICIPAL DE SAÚDE DE BARBACENA;18.002;FUNDO MUNICIPAL DE SAUDE;2.010;MANUTENÇAO DA VIGILÂNCIA EPIDEMIOLÓGICA;4;VIGILANCIA EM SAUDE;10;Saúde;305;Vigilância Epidemiológica;214;3.1.90.04.15.00.00.00;OBRIGAÇÕES PATRONAIS - CONTRATO TEMPORÁRIO;1.600.000.0000;TRANSFERÊNCIAS FUNDO A FUNDO DE RECURSOS DO SUS PROVENIENTES DO GOVERNO FEDERAL - BLOCO DE MANUTENÇÃO DAS AÇÕES E SERVIÇOS PÚBLICOS DE SAÚDE;14.623,17
FUNDO MUNICIPAL DE SAÚDE DE BARBACENA;18.002;FUNDO MUNICIPAL DE SAUDE;2.010;MANUTENÇAO DA VIGILÂNCIA EPIDEMIOLÓGICA;4;VIGILANCIA EM SAUDE;10;Saúde;305;Vigilância Epidemiológica;214;3.1.90.04.15.00.00.00;OBRIGAÇÕES PATRONAIS - CONTRATO TEMPORÁRIO;1.621.000.0000;TRANSFERÊNCIAS FUNDO A FUNDO DE RECURSOS DO SUS PROVENIENTES DO GOVERNO ESTADUAL;8.533,02
FUNDO MUNICIPAL DE SAÚDE DE BARBACENA;18.002;FUNDO MUNICIPAL DE SAUDE;2.010;MANUTENÇAO DA VIGILÂNCIA EPIDEMIOLÓGICA;4;VIGILANCIA EM SAUDE;10;Saúde;305;Vigilância Epidemiológica;214;3.1.90.04.01.00.00.00;SALÁRIO CONTRATO TEMPORÁRIO;1.621.000.0000;TRANSFERÊNCIAS FUNDO A FUNDO DE RECURSOS DO SUS PROVENIENTES DO GOVERNO ESTADUAL;43.723,64
FUNDO MUNICIPAL DE SAÚDE DE BARBACENA;18.002;FUNDO MUNICIPAL DE SAUDE;2.010;MANUTENÇAO DA VIGILÂNCIA EPIDEMIOLÓGICA;4;VIGILANCIA EM SAUDE;10;Saúde;305;Vigilância Epidemiológica;214;3.1.90.04.01.00.00.00;SALÁRIO CONTRATO TEMPORÁRIO;2.621.000.0000;TRANSFERÊNCIAS FUNDO A FUNDO DE RECURSOS DO SUS PROVENIENTES DO GOVERNO ESTADUAL;36.784,98
FUNDO MUNICIPAL DE SAÚDE DE BARBACENA;18.002;FUNDO MUNICIPAL DE SAUDE;2.010;MANUTENÇAO DA VIGILÂNCIA EPIDEMIOLÓGICA;4;VIGILANCIA EM SAUDE;10;Saúde;305;Vigilância Epidemiológica;214;3.1.90.04.15.00.00.00;OBRIGAÇÕES PATRONAIS - CONTRATO TEMPORÁRIO;2.621.000.0000;TRANSFERÊNCIAS FUNDO A FUNDO DE RECURSOS DO SUS PROVENIENTES DO GOVERNO ESTADUAL;7.650,77
FUNDO MUNICIPAL DE SAÚDE DE BARBACENA;18.002;FUNDO MUNICIPAL DE SAUDE;2.010;MANUTENÇAO DA VIGILÂNCIA EPIDEMIOLÓGICA;4;VIGILANCIA EM SAUDE;10;Saúde;305;Vigilância Epidemiológica;215;3.1.90.11.01.00.00.00;VENCIMENTOS E SALÁRIOS;1.500.000.1002;RECURSOS NÃO VINCULADOS DE IMPOSTOS (SAÚDE);212.878,36
FUNDO MUNICIPAL DE SAÚDE DE BARBACENA;18.002;FUNDO MUNICIPAL DE SAUDE;2.010;MANUTENÇAO DA VIGILÂNCIA EPIDEMIOLÓGICA;4;VIGILANCIA EM SAUDE;10;Saúde;305;Vigilância Epidemiológica;215;3.1.90.11.52.00.00.00;LICENÇA SAÚDE;1.500.000.1002;RECURSOS NÃO VINCULADOS DE IMPOSTOS (SAÚDE);2.915,75
FUNDO MUNICIPAL DE SAÚDE DE BARBACENA;18.002;FUNDO MUNICIPAL DE SAUDE;2.010;MANUTENÇAO DA VIGILÂNCIA EPIDEMIOLÓGICA;4;VIGILANCIA EM SAUDE;10;Saúde;305;Vigilância Epidemiológica;215;3.1.90.11.01.00.00.00;VENCIMENTOS E SALÁRIOS;1.600.000.0000;TRANSFERÊNCIAS FUNDO A FUNDO DE RECURSOS DO SUS PROVENIENTES DO GOVERNO FEDERAL - BLOCO DE MANUTENÇÃO DAS AÇÕES E SERVIÇOS PÚBLICOS DE SAÚDE;40.294,21
FUNDO MUNICIPAL DE SAÚDE DE BARBACENA;18.002;FUNDO MUNICIPAL DE SAUDE;2.010;MANUTENÇAO DA VIGILÂNCIA EPIDEMIOLÓGICA;4;VIGILANCIA EM SAUDE;10;Saúde;305;Vigilância Epidemiológica;215;3.1.90.11.52.00.00.00;LICENÇA SAÚDE;1.600.000.0000;TRANSFERÊNCIAS FUNDO A FUNDO DE RECURSOS DO SUS PROVENIENTES DO GOVERNO FEDERAL - BLOCO DE MANUTENÇÃO DAS AÇÕES E SERVIÇOS PÚBLICOS DE SAÚDE;1.173,34
FUNDO MUNICIPAL DE SAÚDE DE BARBACENA;18.002;FUNDO MUNICIPAL DE SAUDE;2.010;MANUTENÇAO DA VIGILÂNCIA EPIDEMIOLÓGICA;4;VIGILANCIA EM SAUDE;10;Saúde;305;Vigilância Epidemiológica;215;3.1.90.11.01.00.00.00;VENCIMENTOS E SALÁRIOS;1.621.000.0000;TRANSFERÊNCIAS FUNDO A FUNDO DE RECURSOS DO SUS PROVENIENTES DO GOVERNO ESTADUAL;95.850,60
FUNDO MUNICIPAL DE SAÚDE DE BARBACENA;18.002;FUNDO MUNICIPAL DE SAUDE;2.010;MANUTENÇAO DA VIGILÂNCIA EPIDEMIOLÓGICA;4;VIGILANCIA EM SAUDE;10;Saúde;305;Vigilância Epidemiológica;215;3.1.90.11.52.00.00.00;LICENÇA SAÚDE;1.621.000.0000;TRANSFERÊNCIAS FUNDO A FUNDO DE RECURSOS DO SUS PROVENIENTES DO GOVERNO ESTADUAL;4.743,77
FUNDO MUNICIPAL DE SAÚDE DE BARBACENA;18.002;FUNDO MUNICIPAL DE SAUDE;2.010;MANUTENÇAO DA VIGILÂNCIA EPIDEMIOLÓGICA;4;VIGILANCIA EM SAUDE;10;Saúde;305;Vigilância Epidemiológica;215;3.1.90.11.01.00.00.00;VENCIMENTOS E SALÁRIOS;2.621.000.0000;TRANSFERÊNCIAS FUNDO A FUNDO DE RECURSOS DO SUS PROVENIENTES DO GOVERNO ESTADUAL;27.390,56
FUNDO MUNICIPAL DE SAÚDE DE BARBACENA;18.002;FUNDO MUNICIPAL DE SAUDE;2.010;MANUTENÇAO DA VIGILÂNCIA EPIDEMIOLÓGICA;4;VIGILANCIA EM SAUDE;10;Saúde;305;Vigilância Epidemiológica;215;3.1.90.11.52.00.00.00;LICENÇA SAÚDE;2.621.000.0000;TRANSFERÊNCIAS FUNDO A FUNDO DE RECURSOS DO SUS PROVENIENTES DO GOVERNO ESTADUAL;253,00
FUNDO MUNICIPAL DE SAÚDE DE BARBACENA;18.002;FUNDO MUNICIPAL DE SAUDE;2.010;MANUTENÇAO DA VIGILÂNCIA EPIDEMIOLÓGICA;4;VIGILANCIA EM SAUDE;10;Saúde;305;Vigilância Epidemiológica;217;3.1.91.13.08.00.00.00;CONTRIB. PREV.- RPPS - PESSOAL ATIVO - PLANO PREV.;1.500.000.1002;RECURSOS NÃO VINCULADOS DE IMPOSTOS (SAÚDE);83.565,40
FUNDO MUNICIPAL DE SAÚDE DE BARBACENA;18.002;FUNDO MUNICIPAL DE SAUDE;2.010;MANUTENÇAO DA VIGILÂNCIA EPIDEMIOLÓGICA;4;VIGILANCIA EM SAUDE;10;Saúde;305;Vigilância Epidemiológica;217;3.1.91.13.08.00.00.00;CONTRIB. PREV.- RPPS - PESSOAL ATIVO - PLANO PREV.;1.600.000.0000;TRANSFERÊNCIAS FUNDO A FUNDO DE RECURSOS DO SUS PROVENIENTES DO GOVERNO FEDERAL - BLOCO DE MANUTENÇÃO DAS AÇÕES E SERVIÇOS PÚBLICOS DE SAÚDE;11.610,92
FUNDO MUNICIPAL DE SAÚDE DE BARBACENA;18.002;FUNDO MUNICIPAL DE SAUDE;2.010;MANUTENÇAO DA VIGILÂNCIA EPIDEMIOLÓGICA;4;VIGILANCIA EM SAUDE;10;Saúde;305;Vigilância Epidemiológica;217;3.1.91.13.08.00.00.00;CONTRIB. PREV.- RPPS - PESSOAL ATIVO - PLANO PREV.;1.621.000.0000;TRANSFERÊNCIAS FUNDO A FUNDO DE RECURSOS DO SUS PROVENIENTES DO GOVERNO ESTADUAL;28.941,40
FUNDO MUNICIPAL DE SAÚDE DE BARBACENA;18.002;FUNDO MUNICIPAL DE SAUDE;2.010;MANUTENÇAO DA VIGILÂNCIA EPIDEMIOLÓGICA;4;VIGILANCIA EM SAUDE;10;Saúde;305;Vigilância Epidemiológica;217;3.1.91.13.08.00.00.00;CONTRIB. PREV.- RPPS - PESSOAL ATIVO - PLANO PREV.;2.621.000.0000;TRANSFERÊNCIAS FUNDO A FUNDO DE RECURSOS DO SUS PROVENIENTES DO GOVERNO ESTADUAL;7.191,32
FUNDO MUNICIPAL DE SAÚDE DE BARBACENA;18.002;FUNDO MUNICIPAL DE SAUDE;2.010;MANUTENÇAO DA VIGILÂNCIA EPIDEMIOLÓGICA;4;VIGILANCIA EM SAUDE;10;Saúde;305;Vigilância Epidemiológica;219;3.3.90.14.05.00.00.00;DIÁRIAS DE DEMAIS SERVIDORES;1.500.000.1002;RECURSOS NÃO VINCULADOS DE IMPOSTOS (SAÚDE);660,00
FUNDO MUNICIPAL DE SAÚDE DE BARBACENA;18.002;FUNDO MUNICIPAL DE SAUDE;2.010;MANUTENÇAO DA VIGILÂNCIA EPIDEMIOLÓGICA;4;VIGILANCIA EM SAUDE;10;Saúde;305;Vigilância Epidemiológica;219;3.3.90.14.05.00.00.00;DIÁRIAS DE DEMAIS SERVIDORES;1.600.000.0000;TRANSFERÊNCIAS FUNDO A FUNDO DE RECURSOS DO SUS PROVENIENTES DO GOVERNO FEDERAL - BLOCO DE MANUTENÇÃO DAS AÇÕES E SERVIÇOS PÚBLICOS DE SAÚDE;8.740,00
FUNDO MUNICIPAL DE SAÚDE DE BARBACENA;18.002;FUNDO MUNICIPAL DE SAUDE;2.010;MANUTENÇAO DA VIGILÂNCIA EPIDEMIOLÓGICA;4;VIGILANCIA EM SAUDE;10;Saúde;305;Vigilância Epidemiológica;221;3.3.90.30.37.00.00.00;MATERIAL PARA MANUTENÇÃO DE VEÍCULOS;1.500.000.1002;RECURSOS NÃO VINCULADOS DE IMPOSTOS (SAÚDE);17.550,00
FUNDO MUNICIPAL DE SAÚDE DE BARBACENA;18.002;FUNDO MUNICIPAL DE SAUDE;2.010;MANUTENÇAO DA VIGILÂNCIA EPIDEMIOLÓGICA;4;VIGILANCIA EM SAUDE;10;Saúde;305;Vigilância Epidemiológica;221;3.3.90.30.16.00.00.00;MATERIAL DE EXPEDIENTE;1.500.000.1002;RECURSOS NÃO VINCULADOS DE IMPOSTOS (SAÚDE);9.583,90
FUNDO MUNICIPAL DE SAÚDE DE BARBACENA;18.002;FUNDO MUNICIPAL DE SAUDE;2.010;MANUTENÇAO DA VIGILÂNCIA EPIDEMIOLÓGICA;4;VIGILANCIA EM SAUDE;10;Saúde;305;Vigilância Epidemiológica;221;3.3.90.30.22.00.00.00;MATERIAL DE LIMPEZA E PRODUÇÃO DE HIGIENIZAÇÃO;1.500.000.1002;RECURSOS NÃO VINCULADOS DE IMPOSTOS (SAÚDE);1.355,67
FUNDO MUNICIPAL DE SAÚDE DE BARBACENA;18.002;FUNDO MUNICIPAL DE SAUDE;2.010;MANUTENÇAO DA VIGILÂNCIA EPIDEMIOLÓGICA;4;VIGILANCIA EM SAUDE;10;Saúde;305;Vigilância Epidemiológica;221;3.3.90.30.16.00.00.00;MATERIAL DE EXPEDIENTE;1.600.000.0000;TRANSFERÊNCIAS FUNDO A FUNDO DE RECURSOS DO SUS PROVENIENTES DO GOVERNO FEDERAL - BLOCO DE MANUTENÇÃO DAS AÇÕES E SERVIÇOS PÚBLICOS DE SAÚDE;15.641,68
FUNDO MUNICIPAL DE SAÚDE DE BARBACENA;18.002;FUNDO MUNICIPAL DE SAUDE;2.010;MANUTENÇAO DA VIGILÂNCIA EPIDEMIOLÓGICA;4;VIGILANCIA EM SAUDE;10;Saúde;305;Vigilância Epidemiológica;221;3.3.90.30.37.00.00.00;MATERIAL PARA MANUTENÇÃO DE VEÍCULOS;2.600.000.0000;TRANSFERÊNCIAS FUNDO A FUNDO DE RECURSOS DO SUS PROVENIENTES DO GOVERNO FEDERAL - BLOCO DE MANUTENÇÃO DAS AÇÕES E SERVIÇOS PÚBLICOS DE SAÚDE;40.950,00
FUNDO MUNICIPAL DE SAÚDE DE BARBACENA;18.002;FUNDO MUNICIPAL DE SAUDE;2.010;MANUTENÇAO DA VIGILÂNCIA EPIDEMIOLÓGICA;4;VIGILANCIA EM SAUDE;10;Saúde;305;Vigilância Epidemiológica;221;3.3.90.30.22.00.00.00;MATERIAL DE LIMPEZA E PRODUÇÃO DE HIGIENIZAÇÃO;2.600.000.0000;TRANSFERÊNCIAS FUNDO A FUNDO DE RECURSOS DO SUS PROVENIENTES DO GOVERNO FEDERAL - BLOCO DE MANUTENÇÃO DAS AÇÕES E SERVIÇOS PÚBLICOS DE SAÚDE;3.163,23
FUNDO MUNICIPAL DE SAÚDE DE BARBACENA;18.002;FUNDO MUNICIPAL DE SAUDE;2.010;MANUTENÇAO DA VIGILÂNCIA EPIDEMIOLÓGICA;4;VIGILANCIA EM SAUDE;10;Saúde;305;Vigilância Epidemiológica;221;3.3.90.30.16.00.00.00;MATERIAL DE EXPEDIENTE;2.600.000.0000;TRANSFERÊNCIAS FUNDO A FUNDO DE RECURSOS DO SUS PROVENIENTES DO GOVERNO FEDERAL - BLOCO DE MANUTENÇÃO DAS AÇÕES E SERVIÇOS PÚBLICOS DE SAÚDE;5.711,16
FUNDO MUNICIPAL DE SAÚDE DE BARBACENA;18.002;FUNDO MUNICIPAL DE SAUDE;2.010;MANUTENÇAO DA VIGILÂNCIA EPIDEMIOLÓGICA;4;VIGILANCIA EM SAUDE;10;Saúde;305;Vigilância Epidemiológica;222;3.3.90.39.99.00.00.00;OUTROS SERVIÇOS DE TERCEIROS - PESSOA JURÍDICA;1.500.000.1002;RECURSOS NÃO VINCULADOS DE IMPOSTOS (SAÚDE);7.177,83
FUNDO MUNICIPAL DE SAÚDE DE BARBACENA;18.002;FUNDO MUNICIPAL DE SAUDE;2.010;MANUTENÇAO DA VIGILÂNCIA EPIDEMIOLÓGICA;4;VIGILANCIA EM SAUDE;10;Saúde;305;Vigilância Epidemiológica;222;3.3.90.39.16.00.00.00;MANUTENÇÃO E CONSERVAÇÃO DE VEÍCULOS;1.500.000.1002;RECURSOS NÃO VINCULADOS DE IMPOSTOS (SAÚDE);17.550,00
FUNDO MUNICIPAL DE SAÚDE DE BARBACENA;18.002;FUNDO MUNICIPAL DE SAUDE;2.010;MANUTENÇAO DA VIGILÂNCIA EPIDEMIOLÓGICA;4;VIGILANCIA EM SAUDE;10;Saúde;305;Vigilância Epidemiológica;222;3.3.90.39.12.00.00.00;LOCAÇÃO DE MÁQUINAS E EQUIPAMENTOS;1.500.000.1002;RECURSOS NÃO VINCULADOS DE IMPOSTOS (SAÚDE);1.396,51
FUNDO MUNICIPAL DE SAÚDE DE BARBACENA;18.002;FUNDO MUNICIPAL DE SAUDE;2.010;MANUTENÇAO DA VIGILÂNCIA EPIDEMIOLÓGICA;4;VIGILANCIA EM SAUDE;10;Saúde;305;Vigilância Epidemiológica;222;3.3.90.39.53.00.00.00;SEGUROS EM GERAL;1.500.000.1002;RECURSOS NÃO VINCULADOS DE IMPOSTOS (SAÚDE);3.225,91
FUNDO MUNICIPAL DE SAÚDE DE BARBACENA;18.002;FUNDO MUNICIPAL DE SAUDE;2.010;MANUTENÇAO DA VIGILÂNCIA EPIDEMIOLÓGICA;4;VIGILANCIA EM SAUDE;10;Saúde;305;Vigilância Epidemiológica;222;3.3.90.39.43.00.00.00;SERVIÇOS DE TELECOMUNICAÇÕES;1.500.000.1002;RECURSOS NÃO VINCULADOS DE IMPOSTOS (SAÚDE);1.413,00
FUNDO MUNICIPAL DE SAÚDE DE BARBACENA;18.002;FUNDO MUNICIPAL DE SAUDE;2.010;MANUTENÇAO DA VIGILÂNCIA EPIDEMIOLÓGICA;4;VIGILANCIA EM SAUDE;10;Saúde;305;Vigilância Epidemiológica;222;3.3.90.39.99.00.00.00;OUTROS SERVIÇOS DE TERCEIROS - PESSOA JURÍDICA;1.600.000.0000;TRANSFERÊNCIAS FUNDO A FUNDO DE RECURSOS DO SUS PROVENIENTES DO GOVERNO FEDERAL - BLOCO DE MANUTENÇÃO DAS AÇÕES E SERVIÇOS PÚBLICOS DE SAÚDE;16.244,24
FUNDO MUNICIPAL DE SAÚDE DE BARBACENA;18.002;FUNDO MUNICIPAL DE SAUDE;2.010;MANUTENÇAO DA VIGILÂNCIA EPIDEMIOLÓGICA;4;VIGILANCIA EM SAUDE;10;Saúde;305;Vigilância Epidemiológica;222;3.3.90.39.12.00.00.00;LOCAÇÃO DE MÁQUINAS E EQUIPAMENTOS;1.600.000.0000;TRANSFERÊNCIAS FUNDO A FUNDO DE RECURSOS DO SUS PROVENIENTES DO GOVERNO FEDERAL - BLOCO DE MANUTENÇÃO DAS AÇÕES E SERVIÇOS PÚBLICOS DE SAÚDE;3.258,51
FUNDO MUNICIPAL DE SAÚDE DE BARBACENA;18.002;FUNDO MUNICIPAL DE SAUDE;2.010;MANUTENÇAO DA VIGILÂNCIA EPIDEMIOLÓGICA;4;VIGILANCIA EM SAUDE;10;Saúde;305;Vigilância Epidemiológica;222;3.3.90.39.53.00.00.00;SEGUROS EM GERAL;1.600.000.0000;TRANSFERÊNCIAS FUNDO A FUNDO DE RECURSOS DO SUS PROVENIENTES DO GOVERNO FEDERAL - BLOCO DE MANUTENÇÃO DAS AÇÕES E SERVIÇOS PÚBLICOS DE SAÚDE;4.694,78
FUNDO MUNICIPAL DE SAÚDE DE BARBACENA;18.002;FUNDO MUNICIPAL DE SAUDE;2.010;MANUTENÇAO DA VIGILÂNCIA EPIDEMIOLÓGICA;4;VIGILANCIA EM SAUDE;10;Saúde;305;Vigilância Epidemiológica;222;3.3.90.39.43.00.00.00;SERVIÇOS DE TELECOMUNICAÇÕES;1.600.000.0000;TRANSFERÊNCIAS FUNDO A FUNDO DE RECURSOS DO SUS PROVENIENTES DO GOVERNO FEDERAL - BLOCO DE MANUTENÇÃO DAS AÇÕES E SERVIÇOS PÚBLICOS DE SAÚDE;3.297,00
FUNDO MUNICIPAL DE SAÚDE DE BARBACENA;18.002;FUNDO MUNICIPAL DE SAUDE;2.010;MANUTENÇAO DA VIGILÂNCIA EPIDEMIOLÓGICA;4;VIGILANCIA EM SAUDE;10;Saúde;305;Vigilância Epidemiológica;222;3.3.90.39.16.00.00.00;MANUTENÇÃO E CONSERVAÇÃO DE VEÍCULOS;2.600.000.0000;TRANSFERÊNCIAS FUNDO A FUNDO DE RECURSOS DO SUS PROVENIENTES DO GOVERNO FEDERAL - BLOCO DE MANUTENÇÃO DAS AÇÕES E SERVIÇOS PÚBLICOS DE SAÚDE;40.950,00
FUNDO MUNICIPAL DE SAÚDE DE BARBACENA;18.002;FUNDO MUNICIPAL DE SAUDE;2.010;MANUTENÇAO DA VIGILÂNCIA EPIDEMIOLÓGICA;4;VIGILANCIA EM SAUDE;10;Saúde;305;Vigilância Epidemiológica;222;3.3.90.39.99.00.00.00;OUTROS SERVIÇOS DE TERCEIROS - PESSOA JURÍDICA;2.600.000.0000;TRANSFERÊNCIAS FUNDO A FUNDO DE RECURSOS DO SUS PROVENIENTES DO GOVERNO FEDERAL - BLOCO DE MANUTENÇÃO DAS AÇÕES E SERVIÇOS PÚBLICOS DE SAÚDE;504,00
FUNDO MUNICIPAL DE SAÚDE DE BARBACENA;18.002;FUNDO MUNICIPAL DE SAUDE;2.010;MANUTENÇAO DA VIGILÂNCIA EPIDEMIOLÓGICA;4;VIGILANCIA EM SAUDE;10;Saúde;305;Vigilância Epidemiológica;222;3.3.90.39.53.00.00.00;SEGUROS EM GERAL;2.621.000.0000;TRANSFERÊNCIAS FUNDO A FUNDO DE RECURSOS DO SUS PROVENIENTES DO GOVERNO ESTADUAL;0,00
FUNDO MUNICIPAL DE SAÚDE DE BARBACENA;18.002;FUNDO MUNICIPAL DE SAUDE;2.010;MANUTENÇAO DA VIGILÂNCIA EPIDEMIOLÓGICA;4;VIGILANCIA EM SAUDE;10;Saúde;305;Vigilância Epidemiológica;222;3.3.90.39.99.00.00.00;OUTROS SERVIÇOS DE TERCEIROS - PESSOA JURÍDICA;2.621.000.0000;TRANSFERÊNCIAS FUNDO A FUNDO DE RECURSOS DO SUS PROVENIENTES DO GOVERNO ESTADUAL;23.431,90
FUNDO MUNICIPAL DE SAÚDE DE BARBACENA;18.002;FUNDO MUNICIPAL DE SAUDE;2.010;MANUTENÇAO DA VIGILÂNCIA EPIDEMIOLÓGICA;4;VIGILANCIA EM SAUDE;10;Saúde;305;Vigilância Epidemiológica;222;3.3.90.39.48.00.00.00;SERVIÇOS GRÁFICOS;2.621.000.0000;TRANSFERÊNCIAS FUNDO A FUNDO DE RECURSOS DO SUS PROVENIENTES DO GOVERNO ESTADUAL;378,00
FUNDO MUNICIPAL DE SAÚDE DE BARBACENA;18.002;FUNDO MUNICIPAL DE SAUDE;2.010;MANUTENÇAO DA VIGILÂNCIA EPIDEMIOLÓGICA;4;VIGILANCIA EM SAUDE;10;Saúde;305;Vigilância Epidemiológica;224;3.3.90.46.00.00.00.00;AUXÍLIO-ALIMENTAÇÃO;1.500.000.1002;RECURSOS NÃO VINCULADOS DE IMPOSTOS (SAÚDE);54.735,00
FUNDO MUNICIPAL DE SAÚDE DE BARBACENA;18.002;FUNDO MUNICIPAL DE SAUDE;2.010;MANUTENÇAO DA VIGILÂNCIA EPIDEMIOLÓGICA;4;VIGILANCIA EM SAUDE;10;Saúde;305;Vigilância Epidemiológica;224;3.3.90.46.00.00.00.00;AUXÍLIO-ALIMENTAÇÃO;1.600.000.0000;TRANSFERÊNCIAS FUNDO A FUNDO DE RECURSOS DO SUS PROVENIENTES DO GOVERNO FEDERAL - BLOCO DE MANUTENÇÃO DAS AÇÕES E SERVIÇOS PÚBLICOS DE SAÚDE;9.449,97
FUNDO MUNICIPAL DE SAÚDE DE BARBACENA;18.002;FUNDO MUNICIPAL DE SAUDE;2.010;MANUTENÇAO DA VIGILÂNCIA EPIDEMIOLÓGICA;4;VIGILANCIA EM SAUDE;10;Saúde;305;Vigilância Epidemiológica;224;3.3.90.46.00.00.00.00;AUXÍLIO-ALIMENTAÇÃO;1.621.000.0000;TRANSFERÊNCIAS FUNDO A FUNDO DE RECURSOS DO SUS PROVENIENTES DO GOVERNO ESTADUAL;13.800,00
FUNDO MUNICIPAL DE SAÚDE DE BARBACENA;18.002;FUNDO MUNICIPAL DE SAUDE;2.010;MANUTENÇAO DA VIGILÂNCIA EPIDEMIOLÓGICA;4;VIGILANCIA EM SAUDE;10;Saúde;305;Vigilância Epidemiológica;224;3.3.90.46.00.00.00.00;AUXÍLIO-ALIMENTAÇÃO;2.621.000.0000;TRANSFERÊNCIAS FUNDO A FUNDO DE RECURSOS DO SUS PROVENIENTES DO GOVERNO ESTADUAL;8.730,00
FUNDO MUNICIPAL DE SAÚDE DE BARBACENA;18.002;FUNDO MUNICIPAL DE SAUDE;2.010;MANUTENÇAO DA VIGILÂNCIA EPIDEMIOLÓGICA;4;VIGILANCIA EM SAUDE;10;Saúde;305;Vigilância Epidemiológica;226;4.4.90.52.24.00.00.00;MOBILIÁRIO EM GERAL;1.500.000.1002;RECURSOS NÃO VINCULADOS DE IMPOSTOS (SAÚDE);122.548,00
FUNDO MUNICIPAL DE SAÚDE DE BARBACENA;18.002;FUNDO MUNICIPAL DE SAUDE;2.010;MANUTENÇAO DA VIGILÂNCIA EPIDEMIOLÓGICA;4;VIGILANCIA EM SAUDE;10;Saúde;305;Vigilância Epidemiológica;226;4.4.90.52.18.00.00.00;MÁQUINAS, UTENSÍLIOS E EQUIPAMENTOS DIVERSOS;1.500.000.1002;RECURSOS NÃO VINCULADOS DE IMPOSTOS (SAÚDE);18.657,76
FUNDO MUNICIPAL DE SAÚDE DE BARBACENA;18.002;FUNDO MUNICIPAL DE SAUDE;2.010;MANUTENÇAO DA VIGILÂNCIA EPIDEMIOLÓGICA;4;VIGILANCIA EM SAUDE;10;Saúde;305;Vigilância Epidemiológica;226;4.4.90.52.06.00.00.00;APARELHOS E UTENSÍLIOS DOMÉSTICOS;1.500.000.1002;RECURSOS NÃO VINCULADOS DE IMPOSTOS (SAÚDE);6.960,00
FUNDO MUNICIPAL DE SAÚDE DE BARBACENA;18.002;FUNDO MUNICIPAL DE SAUDE;2.010;MANUTENÇAO DA VIGILÂNCIA EPIDEMIOLÓGICA;4;VIGILANCIA EM SAUDE;10;Saúde;305;Vigilância Epidemiológica;226;4.4.90.52.99.00.00.00;OUTROS MATERIAIS PERMANENTES;1.500.000.1002;RECURSOS NÃO VINCULADOS DE IMPOSTOS (SAÚDE);5.499,00
FUNDO MUNICIPAL DE SAÚDE DE BARBACENA;18.002;FUNDO MUNICIPAL DE SAUDE;2.010;MANUTENÇAO DA VIGILÂNCIA EPIDEMIOLÓGICA;4;VIGILANCIA EM SAUDE;10;Saúde;305;Vigilância Epidemiológica;226;4.4.90.52.24.00.00.00;MOBILIÁRIO EM GERAL;2.621.000.0000;TRANSFERÊNCIAS FUNDO A FUNDO DE RECURSOS DO SUS PROVENIENTES DO GOVERNO ESTADUAL;166.762,70
FUNDO MUNICIPAL DE SAÚDE DE BARBACENA;18.002;FUNDO MUNICIPAL DE SAUDE;2.010;MANUTENÇAO DA VIGILÂNCIA EPIDEMIOLÓGICA;4;VIGILANCIA EM SAUDE;10;Saúde;305;Vigilância Epidemiológica;226;4.4.90.52.06.00.00.00;APARELHOS E UTENSÍLIOS DOMÉSTICOS;2.621.000.0000;TRANSFERÊNCIAS FUNDO A FUNDO DE RECURSOS DO SUS PROVENIENTES DO GOVERNO ESTADUAL;16.520,00
FUNDO MUNICIPAL DE SAÚDE DE BARBACENA;18.002;FUNDO MUNICIPAL DE SAUDE;2.010;MANUTENÇAO DA VIGILÂNCIA EPIDEMIOLÓGICA;4;VIGILANCIA EM SAUDE;10;Saúde;305;Vigilância Epidemiológica;252;3.3.50.41.00.00.00.00;CONTRIBUIÇÕES;2.621.000.0000;TRANSFERÊNCIAS FUNDO A FUNDO DE RECURSOS DO SUS PROVENIENTES DO GOVERNO ESTADUAL;80.471,72
FUNDO MUNICIPAL DE SAÚDE DE BARBACENA;18.002;FUNDO MUNICIPAL DE SAUDE;2.014;MANUTENÇÃO DO CENTRO DE TESTAGEM E ACONSELHAMENTO - IST/AIDS;4;VIGILANCIA EM SAUDE;10;Saúde;305;Vigilância Epidemiológica;227;3.1.90.04.01.00.00.00;SALÁRIO CONTRATO TEMPORÁRIO;1.500.000.1002;RECURSOS NÃO VINCULADOS DE IMPOSTOS (SAÚDE);120.477,63
FUNDO MUNICIPAL DE SAÚDE DE BARBACENA;18.002;FUNDO MUNICIPAL DE SAUDE;2.014;MANUTENÇÃO DO CENTRO DE TESTAGEM E ACONSELHAMENTO - IST/AIDS;4;VIGILANCIA EM SAUDE;10;Saúde;305;Vigilância Epidemiológica;227;3.1.90.04.15.00.00.00;OBRIGAÇÕES PATRONAIS - CONTRATO TEMPORÁRIO;1.500.000.1002;RECURSOS NÃO VINCULADOS DE IMPOSTOS (SAÚDE);22.511,14
FUNDO MUNICIPAL DE SAÚDE DE BARBACENA;18.002;FUNDO MUNICIPAL DE SAUDE;2.014;MANUTENÇÃO DO CENTRO DE TESTAGEM E ACONSELHAMENTO - IST/AIDS;4;VIGILANCIA EM SAUDE;10;Saúde;305;Vigilância Epidemiológica;227;3.1.90.04.15.00.00.00;OBRIGAÇÕES PATRONAIS - CONTRATO TEMPORÁRIO;1.600.000.0000;TRANSFERÊNCIAS FUNDO A FUNDO DE RECURSOS DO SUS PROVENIENTES DO GOVERNO FEDERAL - BLOCO DE MANUTENÇÃO DAS AÇÕES E SERVIÇOS PÚBLICOS DE SAÚDE;8.117,74
FUNDO MUNICIPAL DE SAÚDE DE BARBACENA;18.002;FUNDO MUNICIPAL DE SAUDE;2.014;MANUTENÇÃO DO CENTRO DE TESTAGEM E ACONSELHAMENTO - IST/AIDS;4;VIGILANCIA EM SAUDE;10;Saúde;305;Vigilância Epidemiológica;227;3.1.90.04.01.00.00.00;SALÁRIO CONTRATO TEMPORÁRIO;1.600.000.0000;TRANSFERÊNCIAS FUNDO A FUNDO DE RECURSOS DO SUS PROVENIENTES DO GOVERNO FEDERAL - BLOCO DE MANUTENÇÃO DAS AÇÕES E SERVIÇOS PÚBLICOS DE SAÚDE;18.952,95
FUNDO MUNICIPAL DE SAÚDE DE BARBACENA;18.002;FUNDO MUNICIPAL DE SAUDE;2.014;MANUTENÇÃO DO CENTRO DE TESTAGEM E ACONSELHAMENTO - IST/AIDS;4;VIGILANCIA EM SAUDE;10;Saúde;305;Vigilância Epidemiológica;227;3.1.90.04.15.00.00.00;OBRIGAÇÕES PATRONAIS - CONTRATO TEMPORÁRIO;1.621.000.0000;TRANSFERÊNCIAS FUNDO A FUNDO DE RECURSOS DO SUS PROVENIENTES DO GOVERNO ESTADUAL;9.863,63
FUNDO MUNICIPAL DE SAÚDE DE BARBACENA;18.002;FUNDO MUNICIPAL DE SAUDE;2.014;MANUTENÇÃO DO CENTRO DE TESTAGEM E ACONSELHAMENTO - IST/AIDS;4;VIGILANCIA EM SAUDE;10;Saúde;305;Vigilância Epidemiológica;227;3.1.90.04.01.00.00.00;SALÁRIO CONTRATO TEMPORÁRIO;1.621.000.0000;TRANSFERÊNCIAS FUNDO A FUNDO DE RECURSOS DO SUS PROVENIENTES DO GOVERNO ESTADUAL;40.185,49
FUNDO MUNICIPAL DE SAÚDE DE BARBACENA;18.002;FUNDO MUNICIPAL DE SAUDE;2.014;MANUTENÇÃO DO CENTRO DE TESTAGEM E ACONSELHAMENTO - IST/AIDS;4;VIGILANCIA EM SAUDE;10;Saúde;305;Vigilância Epidemiológica;227;3.1.90.04.01.00.00.00;SALÁRIO CONTRATO TEMPORÁRIO;2.621.000.0000;TRANSFERÊNCIAS FUNDO A FUNDO DE RECURSOS DO SUS PROVENIENTES DO GOVERNO ESTADUAL;16.238,58
FUNDO MUNICIPAL DE SAÚDE DE BARBACENA;18.002;FUNDO MUNICIPAL DE SAUDE;2.014;MANUTENÇÃO DO CENTRO DE TESTAGEM E ACONSELHAMENTO - IST/AIDS;4;VIGILANCIA EM SAUDE;10;Saúde;305;Vigilância Epidemiológica;227;3.1.90.04.15.00.00.00;OBRIGAÇÕES PATRONAIS - CONTRATO TEMPORÁRIO;2.621.000.0000;TRANSFERÊNCIAS FUNDO A FUNDO DE RECURSOS DO SUS PROVENIENTES DO GOVERNO ESTADUAL;3.587,61
FUNDO MUNICIPAL DE SAÚDE DE BARBACENA;18.002;FUNDO MUNICIPAL DE SAUDE;2.014;MANUTENÇÃO DO CENTRO DE TESTAGEM E ACONSELHAMENTO - IST/AIDS;4;VIGILANCIA EM SAUDE;10;Saúde;305;Vigilância Epidemiológica;228;3.1.90.11.01.00.00.00;VENCIMENTOS E SALÁRIOS;1.500.000.1002;RECURSOS NÃO VINCULADOS DE IMPOSTOS (SAÚDE);217.896,22
FUNDO MUNICIPAL DE SAÚDE DE BARBACENA;18.002;FUNDO MUNICIPAL DE SAUDE;2.014;MANUTENÇÃO DO CENTRO DE TESTAGEM E ACONSELHAMENTO - IST/AIDS;4;VIGILANCIA EM SAUDE;10;Saúde;305;Vigilância Epidemiológica;228;3.1.90.11.50.00.00.00;SALÁRIO MATERNIDADE;1.500.000.1002;RECURSOS NÃO VINCULADOS DE IMPOSTOS (SAÚDE);3.605,96
FUNDO MUNICIPAL DE SAÚDE DE BARBACENA;18.002;FUNDO MUNICIPAL DE SAUDE;2.014;MANUTENÇÃO DO CENTRO DE TESTAGEM E ACONSELHAMENTO - IST/AIDS;4;VIGILANCIA EM SAUDE;10;Saúde;305;Vigilância Epidemiológica;228;3.1.90.11.50.00.00.00;SALÁRIO MATERNIDADE;1.600.000.0000;TRANSFERÊNCIAS FUNDO A FUNDO DE RECURSOS DO SUS PROVENIENTES DO GOVERNO FEDERAL - BLOCO DE MANUTENÇÃO DAS AÇÕES E SERVIÇOS PÚBLICOS DE SAÚDE;4.648,10
FUNDO MUNICIPAL DE SAÚDE DE BARBACENA;18.002;FUNDO MUNICIPAL DE SAUDE;2.014;MANUTENÇÃO DO CENTRO DE TESTAGEM E ACONSELHAMENTO - IST/AIDS;4;VIGILANCIA EM SAUDE;10;Saúde;305;Vigilância Epidemiológica;228;3.1.90.11.01.00.00.00;VENCIMENTOS E SALÁRIOS;1.600.000.0000;TRANSFERÊNCIAS FUNDO A FUNDO DE RECURSOS DO SUS PROVENIENTES DO GOVERNO FEDERAL - BLOCO DE MANUTENÇÃO DAS AÇÕES E SERVIÇOS PÚBLICOS DE SAÚDE;81.012,55
FUNDO MUNICIPAL DE SAÚDE DE BARBACENA;18.002;FUNDO MUNICIPAL DE SAUDE;2.014;MANUTENÇÃO DO CENTRO DE TESTAGEM E ACONSELHAMENTO - IST/AIDS;4;VIGILANCIA EM SAUDE;10;Saúde;305;Vigilância Epidemiológica;228;3.1.90.11.01.00.00.00;VENCIMENTOS E SALÁRIOS;1.621.000.0000;TRANSFERÊNCIAS FUNDO A FUNDO DE RECURSOS DO SUS PROVENIENTES DO GOVERNO ESTADUAL;108.247,35
FUNDO MUNICIPAL DE SAÚDE DE BARBACENA;18.002;FUNDO MUNICIPAL DE SAUDE;2.014;MANUTENÇÃO DO CENTRO DE TESTAGEM E ACONSELHAMENTO - IST/AIDS;4;VIGILANCIA EM SAUDE;10;Saúde;305;Vigilância Epidemiológica;228;3.1.90.11.52.00.00.00;LICENÇA SAÚDE;1.621.000.0000;TRANSFERÊNCIAS FUNDO A FUNDO DE RECURSOS DO SUS PROVENIENTES DO GOVERNO ESTADUAL;10.069,14
FUNDO MUNICIPAL DE SAÚDE DE BARBACENA;18.002;FUNDO MUNICIPAL DE SAUDE;2.014;MANUTENÇÃO DO CENTRO DE TESTAGEM E ACONSELHAMENTO - IST/AIDS;4;VIGILANCIA EM SAUDE;10;Saúde;305;Vigilância Epidemiológica;228;3.1.90.11.01.00.00.00;VENCIMENTOS E SALÁRIOS;2.621.000.0000;TRANSFERÊNCIAS FUNDO A FUNDO DE RECURSOS DO SUS PROVENIENTES DO GOVERNO ESTADUAL;32.284,57
FUNDO MUNICIPAL DE SAÚDE DE BARBACENA;18.002;FUNDO MUNICIPAL DE SAUDE;2.014;MANUTENÇÃO DO CENTRO DE TESTAGEM E ACONSELHAMENTO - IST/AIDS;4;VIGILANCIA EM SAUDE;10;Saúde;305;Vigilância Epidemiológica;228;3.1.90.11.52.00.00.00;LICENÇA SAÚDE;2.621.000.0000;TRANSFERÊNCIAS FUNDO A FUNDO DE RECURSOS DO SUS PROVENIENTES DO GOVERNO ESTADUAL;90,75
FUNDO MUNICIPAL DE SAÚDE DE BARBACENA;18.002;FUNDO MUNICIPAL DE SAUDE;2.014;MANUTENÇÃO DO CENTRO DE TESTAGEM E ACONSELHAMENTO - IST/AIDS;4;VIGILANCIA EM SAUDE;10;Saúde;305;Vigilância Epidemiológica;229;3.1.91.13.08.00.00.00;CONTRIB. PREV.- RPPS - PESSOAL ATIVO - PLANO PREV.;1.500.000.1002;RECURSOS NÃO VINCULADOS DE IMPOSTOS (SAÚDE);55.470,03
FUNDO MUNICIPAL DE SAÚDE DE BARBACENA;18.002;FUNDO MUNICIPAL DE SAUDE;2.014;MANUTENÇÃO DO CENTRO DE TESTAGEM E ACONSELHAMENTO - IST/AIDS;4;VIGILANCIA EM SAUDE;10;Saúde;305;Vigilância Epidemiológica;229;3.1.91.13.08.00.00.00;CONTRIB. PREV.- RPPS - PESSOAL ATIVO - PLANO PREV.;1.600.000.0000;TRANSFERÊNCIAS FUNDO A FUNDO DE RECURSOS DO SUS PROVENIENTES DO GOVERNO FEDERAL - BLOCO DE MANUTENÇÃO DAS AÇÕES E SERVIÇOS PÚBLICOS DE SAÚDE;17.160,54
FUNDO MUNICIPAL DE SAÚDE DE BARBACENA;18.002;FUNDO MUNICIPAL DE SAUDE;2.014;MANUTENÇÃO DO CENTRO DE TESTAGEM E ACONSELHAMENTO - IST/AIDS;4;VIGILANCIA EM SAUDE;10;Saúde;305;Vigilância Epidemiológica;229;3.1.91.13.08.00.00.00;CONTRIB. PREV.- RPPS - PESSOAL ATIVO - PLANO PREV.;1.621.000.0000;TRANSFERÊNCIAS FUNDO A FUNDO DE RECURSOS DO SUS PROVENIENTES DO GOVERNO ESTADUAL;36.343,57
FUNDO MUNICIPAL DE SAÚDE DE BARBACENA;18.002;FUNDO MUNICIPAL DE SAUDE;2.014;MANUTENÇÃO DO CENTRO DE TESTAGEM E ACONSELHAMENTO - IST/AIDS;4;VIGILANCIA EM SAUDE;10;Saúde;305;Vigilância Epidemiológica;229;3.1.91.13.08.00.00.00;CONTRIB. PREV.- RPPS - PESSOAL ATIVO - PLANO PREV.;2.621.000.0000;TRANSFERÊNCIAS FUNDO A FUNDO DE RECURSOS DO SUS PROVENIENTES DO GOVERNO ESTADUAL;9.065,09
FUNDO MUNICIPAL DE SAÚDE DE BARBACENA;18.002;FUNDO MUNICIPAL DE SAUDE;2.014;MANUTENÇÃO DO CENTRO DE TESTAGEM E ACONSELHAMENTO - IST/AIDS;4;VIGILANCIA EM SAUDE;10;Saúde;305;Vigilância Epidemiológica;232;3.3.90.30.37.00.00.00;MATERIAL PARA MANUTENÇÃO DE VEÍCULOS;1.600.000.0000;TRANSFERÊNCIAS FUNDO A FUNDO DE RECURSOS DO SUS PROVENIENTES DO GOVERNO FEDERAL - BLOCO DE MANUTENÇÃO DAS AÇÕES E SERVIÇOS PÚBLICOS DE SAÚDE;10.000,00
FUNDO MUNICIPAL DE SAÚDE DE BARBACENA;18.002;FUNDO MUNICIPAL DE SAUDE;2.014;MANUTENÇÃO DO CENTRO DE TESTAGEM E ACONSELHAMENTO - IST/AIDS;4;VIGILANCIA EM SAUDE;10;Saúde;305;Vigilância Epidemiológica;232;3.3.90.30.37.00.00.00;MATERIAL PARA MANUTENÇÃO DE VEÍCULOS;2.600.000.0000;TRANSFERÊNCIAS FUNDO A FUNDO DE RECURSOS DO SUS PROVENIENTES DO GOVERNO FEDERAL - BLOCO DE MANUTENÇÃO DAS AÇÕES E SERVIÇOS PÚBLICOS DE SAÚDE;20.000,00
FUNDO MUNICIPAL DE SAÚDE DE BARBACENA;18.002;FUNDO MUNICIPAL DE SAUDE;2.014;MANUTENÇÃO DO CENTRO DE TESTAGEM E ACONSELHAMENTO - IST/AIDS;4;VIGILANCIA EM SAUDE;10;Saúde;305;Vigilância Epidemiológica;233;3.3.90.39.12.00.00.00;LOCAÇÃO DE MÁQUINAS E EQUIPAMENTOS;1.600.000.0000;TRANSFERÊNCIAS FUNDO A FUNDO DE RECURSOS DO SUS PROVENIENTES DO GOVERNO FEDERAL - BLOCO DE MANUTENÇÃO DAS AÇÕES E SERVIÇOS PÚBLICOS DE SAÚDE;4.655,01
FUNDO MUNICIPAL DE SAÚDE DE BARBACENA;18.002;FUNDO MUNICIPAL DE SAUDE;2.014;MANUTENÇÃO DO CENTRO DE TESTAGEM E ACONSELHAMENTO - IST/AIDS;4;VIGILANCIA EM SAUDE;10;Saúde;305;Vigilância Epidemiológica;233;3.3.90.39.99.00.00.00;OUTROS SERVIÇOS DE TERCEIROS - PESSOA JURÍDICA;1.600.000.0000;TRANSFERÊNCIAS FUNDO A FUNDO DE RECURSOS DO SUS PROVENIENTES DO GOVERNO FEDERAL - BLOCO DE MANUTENÇÃO DAS AÇÕES E SERVIÇOS PÚBLICOS DE SAÚDE;6.986,54
FUNDO MUNICIPAL DE SAÚDE DE BARBACENA;18.002;FUNDO MUNICIPAL DE SAUDE;2.014;MANUTENÇÃO DO CENTRO DE TESTAGEM E ACONSELHAMENTO - IST/AIDS;4;VIGILANCIA EM SAUDE;10;Saúde;305;Vigilância Epidemiológica;233;3.3.90.39.53.00.00.00;SEGUROS EM GERAL;1.600.000.0000;TRANSFERÊNCIAS FUNDO A FUNDO DE RECURSOS DO SUS PROVENIENTES DO GOVERNO FEDERAL - BLOCO DE MANUTENÇÃO DAS AÇÕES E SERVIÇOS PÚBLICOS DE SAÚDE;1.499,99
FUNDO MUNICIPAL DE SAÚDE DE BARBACENA;18.002;FUNDO MUNICIPAL DE SAUDE;2.014;MANUTENÇÃO DO CENTRO DE TESTAGEM E ACONSELHAMENTO - IST/AIDS;4;VIGILANCIA EM SAUDE;10;Saúde;305;Vigilância Epidemiológica;233;3.3.90.39.43.00.00.00;SERVIÇOS DE TELECOMUNICAÇÕES;1.600.000.0000;TRANSFERÊNCIAS FUNDO A FUNDO DE RECURSOS DO SUS PROVENIENTES DO GOVERNO FEDERAL - BLOCO DE MANUTENÇÃO DAS AÇÕES E SERVIÇOS PÚBLICOS DE SAÚDE;2.195,00
FUNDO MUNICIPAL DE SAÚDE DE BARBACENA;18.002;FUNDO MUNICIPAL DE SAUDE;2.014;MANUTENÇÃO DO CENTRO DE TESTAGEM E ACONSELHAMENTO - IST/AIDS;4;VIGILANCIA EM SAUDE;10;Saúde;305;Vigilância Epidemiológica;233;3.3.90.39.16.00.00.00;MANUTENÇÃO E CONSERVAÇÃO DE VEÍCULOS;1.600.000.0000;TRANSFERÊNCIAS FUNDO A FUNDO DE RECURSOS DO SUS PROVENIENTES DO GOVERNO FEDERAL - BLOCO DE MANUTENÇÃO DAS AÇÕES E SERVIÇOS PÚBLICOS DE SAÚDE;10.000,00
FUNDO MUNICIPAL DE SAÚDE DE BARBACENA;18.002;FUNDO MUNICIPAL DE SAUDE;2.014;MANUTENÇÃO DO CENTRO DE TESTAGEM E ACONSELHAMENTO - IST/AIDS;4;VIGILANCIA EM SAUDE;10;Saúde;305;Vigilância Epidemiológica;233;3.3.90.39.16.00.00.00;MANUTENÇÃO E CONSERVAÇÃO DE VEÍCULOS;2.600.000.0000;TRANSFERÊNCIAS FUNDO A FUNDO DE RECURSOS DO SUS PROVENIENTES DO GOVERNO FEDERAL - BLOCO DE MANUTENÇÃO DAS AÇÕES E SERVIÇOS PÚBLICOS DE SAÚDE;20.000,00
FUNDO MUNICIPAL DE SAÚDE DE BARBACENA;18.002;FUNDO MUNICIPAL DE SAUDE;2.014;MANUTENÇÃO DO CENTRO DE TESTAGEM E ACONSELHAMENTO - IST/AIDS;4;VIGILANCIA EM SAUDE;10;Saúde;305;Vigilância Epidemiológica;233;3.3.90.39.99.00.00.00;OUTROS SERVIÇOS DE TERCEIROS - PESSOA JURÍDICA;2.621.000.0000;TRANSFERÊNCIAS FUNDO A FUNDO DE RECURSOS DO SUS PROVENIENTES DO GOVERNO ESTADUAL;8.941,65
FUNDO MUNICIPAL DE SAÚDE DE BARBACENA;18.002;FUNDO MUNICIPAL DE SAUDE;2.014;MANUTENÇÃO DO CENTRO DE TESTAGEM E ACONSELHAMENTO - IST/AIDS;4;VIGILANCIA EM SAUDE;10;Saúde;305;Vigilância Epidemiológica;233;3.3.90.39.48.00.00.00;SERVIÇOS GRÁFICOS;2.621.000.0000;TRANSFERÊNCIAS FUNDO A FUNDO DE RECURSOS DO SUS PROVENIENTES DO GOVERNO ESTADUAL;27.509,07
FUNDO MUNICIPAL DE SAÚDE DE BARBACENA;18.002;FUNDO MUNICIPAL DE SAUDE;2.014;MANUTENÇÃO DO CENTRO DE TESTAGEM E ACONSELHAMENTO - IST/AIDS;4;VIGILANCIA EM SAUDE;10;Saúde;305;Vigilância Epidemiológica;234;3.3.90.46.00.00.00.00;AUXÍLIO-ALIMENTAÇÃO;1.500.000.1002;RECURSOS NÃO VINCULADOS DE IMPOSTOS (SAÚDE);24.400,00
FUNDO MUNICIPAL DE SAÚDE DE BARBACENA;18.002;FUNDO MUNICIPAL DE SAUDE;2.014;MANUTENÇÃO DO CENTRO DE TESTAGEM E ACONSELHAMENTO - IST/AIDS;4;VIGILANCIA EM SAUDE;10;Saúde;305;Vigilância Epidemiológica;234;3.3.90.46.00.00.00.00;AUXÍLIO-ALIMENTAÇÃO;1.600.000.0000;TRANSFERÊNCIAS FUNDO A FUNDO DE RECURSOS DO SUS PROVENIENTES DO GOVERNO FEDERAL - BLOCO DE MANUTENÇÃO DAS AÇÕES E SERVIÇOS PÚBLICOS DE SAÚDE;3.500,00
FUNDO MUNICIPAL DE SAÚDE DE BARBACENA;18.002;FUNDO MUNICIPAL DE SAUDE;2.014;MANUTENÇÃO DO CENTRO DE TESTAGEM E ACONSELHAMENTO - IST/AIDS;4;VIGILANCIA EM SAUDE;10;Saúde;305;Vigilância Epidemiológica;234;3.3.90.46.00.00.00.00;AUXÍLIO-ALIMENTAÇÃO;1.621.000.0000;TRANSFERÊNCIAS FUNDO A FUNDO DE RECURSOS DO SUS PROVENIENTES DO GOVERNO ESTADUAL;10.350,00
FUNDO MUNICIPAL DE SAÚDE DE BARBACENA;18.002;FUNDO MUNICIPAL DE SAUDE;2.014;MANUTENÇÃO DO CENTRO DE TESTAGEM E ACONSELHAMENTO - IST/AIDS;4;VIGILANCIA EM SAUDE;10;Saúde;305;Vigilância Epidemiológica;234;3.3.90.46.00.00.00.00;AUXÍLIO-ALIMENTAÇÃO;2.621.000.0000;TRANSFERÊNCIAS FUNDO A FUNDO DE RECURSOS DO SUS PROVENIENTES DO GOVERNO ESTADUAL;4.050,00
FUNDO MUNICIPAL DE SAÚDE DE BARBACENA;18.002;FUNDO MUNICIPAL DE SAUDE;2.014;MANUTENÇÃO DO CENTRO DE TESTAGEM E ACONSELHAMENTO - IST/AIDS;4;VIGILANCIA EM SAUDE;10;Saúde;305;Vigilância Epidemiológica;235;4.4.90.52.24.00.00.00;MOBILIÁRIO EM GERAL;2.621.000.0000;TRANSFERÊNCIAS FUNDO A FUNDO DE RECURSOS DO SUS PROVENIENTES DO GOVERNO ESTADUAL;133.426,00
FUNDO MUNICIPAL DE SAÚDE DE BARBACENA;18.002;FUNDO MUNICIPAL DE SAUDE;2.028;MANUTENÇÃO DA VIGILÂNCIA AMBIENTAL E AÇÕES DE CONTROLE DE ZOONOSES;4;VIGILANCIA EM SAUDE;10;Saúde;305;Vigilância Epidemiológica;236;3.1.90.04.01.00.00.00;SALÁRIO CONTRATO TEMPORÁRIO;1.500.000.1002;RECURSOS NÃO VINCULADOS DE IMPOSTOS (SAÚDE);446.251,52
FUNDO MUNICIPAL DE SAÚDE DE BARBACENA;18.002;FUNDO MUNICIPAL DE SAUDE;2.028;MANUTENÇÃO DA VIGILÂNCIA AMBIENTAL E AÇÕES DE CONTROLE DE ZOONOSES;4;VIGILANCIA EM SAUDE;10;Saúde;305;Vigilância Epidemiológica;236;3.1.90.04.15.00.00.00;OBRIGAÇÕES PATRONAIS - CONTRATO TEMPORÁRIO;1.500.000.1002;RECURSOS NÃO VINCULADOS DE IMPOSTOS (SAÚDE);89.160,38
FUNDO MUNICIPAL DE SAÚDE DE BARBACENA;18.002;FUNDO MUNICIPAL DE SAUDE;2.028;MANUTENÇÃO DA VIGILÂNCIA AMBIENTAL E AÇÕES DE CONTROLE DE ZOONOSES;4;VIGILANCIA EM SAUDE;10;Saúde;305;Vigilância Epidemiológica;236;3.1.90.04.15.00.00.00;OBRIGAÇÕES PATRONAIS - CONTRATO TEMPORÁRIO;1.600.000.0000;TRANSFERÊNCIAS FUNDO A FUNDO DE RECURSOS DO SUS PROVENIENTES DO GOVERNO FEDERAL - BLOCO DE MANUTENÇÃO DAS AÇÕES E SERVIÇOS PÚBLICOS DE SAÚDE;15.188,10
FUNDO MUNICIPAL DE SAÚDE DE BARBACENA;18.002;FUNDO MUNICIPAL DE SAUDE;2.028;MANUTENÇÃO DA VIGILÂNCIA AMBIENTAL E AÇÕES DE CONTROLE DE ZOONOSES;4;VIGILANCIA EM SAUDE;10;Saúde;305;Vigilância Epidemiológica;236;3.1.90.04.01.00.00.00;SALÁRIO CONTRATO TEMPORÁRIO;1.600.000.0000;TRANSFERÊNCIAS FUNDO A FUNDO DE RECURSOS DO SUS PROVENIENTES DO GOVERNO FEDERAL - BLOCO DE MANUTENÇÃO DAS AÇÕES E SERVIÇOS PÚBLICOS DE SAÚDE;73.519,60
FUNDO MUNICIPAL DE SAÚDE DE BARBACENA;18.002;FUNDO MUNICIPAL DE SAUDE;2.028;MANUTENÇÃO DA VIGILÂNCIA AMBIENTAL E AÇÕES DE CONTROLE DE ZOONOSES;4;VIGILANCIA EM SAUDE;10;Saúde;305;Vigilância Epidemiológica;236;3.1.90.04.15.00.00.00;OBRIGAÇÕES PATRONAIS - CONTRATO TEMPORÁRIO;1.604.000.0000;TRANSFERÊNCIAS PROVENIENTES DO GOVERNO FEDERAL DESTINADAS AO VENCIMENTO DOS AGENTES COMUNITÁRIOS DE SAÚDE E DOS AGENTES DE COMBATE ÀS ENDEMIAS;15.188,10
FUNDO MUNICIPAL DE SAÚDE DE BARBACENA;18.002;FUNDO MUNICIPAL DE SAUDE;2.028;MANUTENÇÃO DA VIGILÂNCIA AMBIENTAL E AÇÕES DE CONTROLE DE ZOONOSES;4;VIGILANCIA EM SAUDE;10;Saúde;305;Vigilância Epidemiológica;236;3.1.90.04.01.00.00.00;SALÁRIO CONTRATO TEMPORÁRIO;1.604.000.0000;TRANSFERÊNCIAS PROVENIENTES DO GOVERNO FEDERAL DESTINADAS AO VENCIMENTO DOS AGENTES COMUNITÁRIOS DE SAÚDE E DOS AGENTES DE COMBATE ÀS ENDEMIAS;70.814,33
FUNDO MUNICIPAL DE SAÚDE DE BARBACENA;18.002;FUNDO MUNICIPAL DE SAUDE;2.028;MANUTENÇÃO DA VIGILÂNCIA AMBIENTAL E AÇÕES DE CONTROLE DE ZOONOSES;4;VIGILANCIA EM SAUDE;10;Saúde;305;Vigilância Epidemiológica;236;3.1.90.04.15.00.00.00;OBRIGAÇÕES PATRONAIS - CONTRATO TEMPORÁRIO;1.621.000.0000;TRANSFERÊNCIAS FUNDO A FUNDO DE RECURSOS DO SUS PROVENIENTES DO GOVERNO ESTADUAL;61.250,11
FUNDO MUNICIPAL DE SAÚDE DE BARBACENA;18.002;FUNDO MUNICIPAL DE SAUDE;2.028;MANUTENÇÃO DA VIGILÂNCIA AMBIENTAL E AÇÕES DE CONTROLE DE ZOONOSES;4;VIGILANCIA EM SAUDE;10;Saúde;305;Vigilância Epidemiológica;236;3.1.90.04.01.00.00.00;SALÁRIO CONTRATO TEMPORÁRIO;1.621.000.0000;TRANSFERÊNCIAS FUNDO A FUNDO DE RECURSOS DO SUS PROVENIENTES DO GOVERNO ESTADUAL;252.188,20
FUNDO MUNICIPAL DE SAÚDE DE BARBACENA;18.002;FUNDO MUNICIPAL DE SAUDE;2.028;MANUTENÇÃO DA VIGILÂNCIA AMBIENTAL E AÇÕES DE CONTROLE DE ZOONOSES;4;VIGILANCIA EM SAUDE;10;Saúde;305;Vigilância Epidemiológica;236;3.1.90.04.15.00.00.00;OBRIGAÇÕES PATRONAIS - CONTRATO TEMPORÁRIO;2.621.000.0000;TRANSFERÊNCIAS FUNDO A FUNDO DE RECURSOS DO SUS PROVENIENTES DO GOVERNO ESTADUAL;14.756,49
FUNDO MUNICIPAL DE SAÚDE DE BARBACENA;18.002;FUNDO MUNICIPAL DE SAUDE;2.028;MANUTENÇÃO DA VIGILÂNCIA AMBIENTAL E AÇÕES DE CONTROLE DE ZOONOSES;4;VIGILANCIA EM SAUDE;10;Saúde;305;Vigilância Epidemiológica;236;3.1.90.04.01.00.00.00;SALÁRIO CONTRATO TEMPORÁRIO;2.621.000.0000;TRANSFERÊNCIAS FUNDO A FUNDO DE RECURSOS DO SUS PROVENIENTES DO GOVERNO ESTADUAL;70.422,00
FUNDO MUNICIPAL DE SAÚDE DE BARBACENA;18.002;FUNDO MUNICIPAL DE SAUDE;2.028;MANUTENÇÃO DA VIGILÂNCIA AMBIENTAL E AÇÕES DE CONTROLE DE ZOONOSES;4;VIGILANCIA EM SAUDE;10;Saúde;305;Vigilância Epidemiológica;237;3.1.90.11.01.00.00.00;VENCIMENTOS E SALÁRIOS;1.500.000.1002;RECURSOS NÃO VINCULADOS DE IMPOSTOS (SAÚDE);154.247,76
FUNDO MUNICIPAL DE SAÚDE DE BARBACENA;18.002;FUNDO MUNICIPAL DE SAUDE;2.028;MANUTENÇÃO DA VIGILÂNCIA AMBIENTAL E AÇÕES DE CONTROLE DE ZOONOSES;4;VIGILANCIA EM SAUDE;10;Saúde;305;Vigilância Epidemiológica;237;3.1.90.11.52.00.00.00;LICENÇA SAÚDE;1.500.000.1002;RECURSOS NÃO VINCULADOS DE IMPOSTOS (SAÚDE);5.517,44
FUNDO MUNICIPAL DE SAÚDE DE BARBACENA;18.002;FUNDO MUNICIPAL DE SAUDE;2.028;MANUTENÇÃO DA VIGILÂNCIA AMBIENTAL E AÇÕES DE CONTROLE DE ZOONOSES;4;VIGILANCIA EM SAUDE;10;Saúde;305;Vigilância Epidemiológica;237;3.1.90.11.01.00.00.00;VENCIMENTOS E SALÁRIOS;1.604.000.0000;TRANSFERÊNCIAS PROVENIENTES DO GOVERNO FEDERAL DESTINADAS AO VENCIMENTO DOS AGENTES COMUNITÁRIOS DE SAÚDE E DOS AGENTES DE COMBATE ÀS ENDEMIAS;570.164,04
FUNDO MUNICIPAL DE SAÚDE DE BARBACENA;18.002;FUNDO MUNICIPAL DE SAUDE;2.028;MANUTENÇÃO DA VIGILÂNCIA AMBIENTAL E AÇÕES DE CONTROLE DE ZOONOSES;4;VIGILANCIA EM SAUDE;10;Saúde;305;Vigilância Epidemiológica;237;3.1.90.11.52.00.00.00;LICENÇA SAÚDE;1.604.000.0000;TRANSFERÊNCIAS PROVENIENTES DO GOVERNO FEDERAL DESTINADAS AO VENCIMENTO DOS AGENTES COMUNITÁRIOS DE SAÚDE E DOS AGENTES DE COMBATE ÀS ENDEMIAS;20.670,04
FUNDO MUNICIPAL DE SAÚDE DE BARBACENA;18.002;FUNDO MUNICIPAL DE SAUDE;2.028;MANUTENÇÃO DA VIGILÂNCIA AMBIENTAL E AÇÕES DE CONTROLE DE ZOONOSES;4;VIGILANCIA EM SAUDE;10;Saúde;305;Vigilância Epidemiológica;237;3.1.90.11.50.00.00.00;SALÁRIO MATERNIDADE;1.604.000.0000;TRANSFERÊNCIAS PROVENIENTES DO GOVERNO FEDERAL DESTINADAS AO VENCIMENTO DOS AGENTES COMUNITÁRIOS DE SAÚDE E DOS AGENTES DE COMBATE ÀS ENDEMIAS;12.816,80
FUNDO MUNICIPAL DE SAÚDE DE BARBACENA;18.002;FUNDO MUNICIPAL DE SAUDE;2.028;MANUTENÇÃO DA VIGILÂNCIA AMBIENTAL E AÇÕES DE CONTROLE DE ZOONOSES;4;VIGILANCIA EM SAUDE;10;Saúde;305;Vigilância Epidemiológica;237;3.1.90.11.50.00.00.00;SALÁRIO MATERNIDADE;1.621.000.0000;TRANSFERÊNCIAS FUNDO A FUNDO DE RECURSOS DO SUS PROVENIENTES DO GOVERNO ESTADUAL;748,00
FUNDO MUNICIPAL DE SAÚDE DE BARBACENA;18.002;FUNDO MUNICIPAL DE SAUDE;2.028;MANUTENÇÃO DA VIGILÂNCIA AMBIENTAL E AÇÕES DE CONTROLE DE ZOONOSES;4;VIGILANCIA EM SAUDE;10;Saúde;305;Vigilância Epidemiológica;237;3.1.90.11.52.00.00.00;LICENÇA SAÚDE;1.621.000.0000;TRANSFERÊNCIAS FUNDO A FUNDO DE RECURSOS DO SUS PROVENIENTES DO GOVERNO ESTADUAL;13.076,80
FUNDO MUNICIPAL DE SAÚDE DE BARBACENA;18.002;FUNDO MUNICIPAL DE SAUDE;2.028;MANUTENÇÃO DA VIGILÂNCIA AMBIENTAL E AÇÕES DE CONTROLE DE ZOONOSES;4;VIGILANCIA EM SAUDE;10;Saúde;305;Vigilância Epidemiológica;237;3.1.90.11.01.00.00.00;VENCIMENTOS E SALÁRIOS;1.621.000.0000;TRANSFERÊNCIAS FUNDO A FUNDO DE RECURSOS DO SUS PROVENIENTES DO GOVERNO ESTADUAL;302.536,30
FUNDO MUNICIPAL DE SAÚDE DE BARBACENA;18.002;FUNDO MUNICIPAL DE SAUDE;2.028;MANUTENÇÃO DA VIGILÂNCIA AMBIENTAL E AÇÕES DE CONTROLE DE ZOONOSES;4;VIGILANCIA EM SAUDE;10;Saúde;305;Vigilância Epidemiológica;237;3.1.90.11.52.00.00.00;LICENÇA SAÚDE;2.621.000.0000;TRANSFERÊNCIAS FUNDO A FUNDO DE RECURSOS DO SUS PROVENIENTES DO GOVERNO ESTADUAL;5.328,40
FUNDO MUNICIPAL DE SAÚDE DE BARBACENA;18.002;FUNDO MUNICIPAL DE SAUDE;2.028;MANUTENÇÃO DA VIGILÂNCIA AMBIENTAL E AÇÕES DE CONTROLE DE ZOONOSES;4;VIGILANCIA EM SAUDE;10;Saúde;305;Vigilância Epidemiológica;237;3.1.90.11.01.00.00.00;VENCIMENTOS E SALÁRIOS;2.621.000.0000;TRANSFERÊNCIAS FUNDO A FUNDO DE RECURSOS DO SUS PROVENIENTES DO GOVERNO ESTADUAL;84.959,60
FUNDO MUNICIPAL DE SAÚDE DE BARBACENA;18.002;FUNDO MUNICIPAL DE SAUDE;2.028;MANUTENÇÃO DA VIGILÂNCIA AMBIENTAL E AÇÕES DE CONTROLE DE ZOONOSES;4;VIGILANCIA EM SAUDE;10;Saúde;305;Vigilância Epidemiológica;237;3.1.90.11.50.00.00.00;SALÁRIO MATERNIDADE;2.621.000.0000;TRANSFERÊNCIAS FUNDO A FUNDO DE RECURSOS DO SUS PROVENIENTES DO GOVERNO ESTADUAL;2.640,00
FUNDO MUNICIPAL DE SAÚDE DE BARBACENA;18.002;FUNDO MUNICIPAL DE SAUDE;2.028;MANUTENÇÃO DA VIGILÂNCIA AMBIENTAL E AÇÕES DE CONTROLE DE ZOONOSES;4;VIGILANCIA EM SAUDE;10;Saúde;305;Vigilância Epidemiológica;238;3.1.91.13.08.00.00.00;CONTRIB. PREV.- RPPS - PESSOAL ATIVO - PLANO PREV.;1.500.000.1002;RECURSOS NÃO VINCULADOS DE IMPOSTOS (SAÚDE);42.799,63
FUNDO MUNICIPAL DE SAÚDE DE BARBACENA;18.002;FUNDO MUNICIPAL DE SAUDE;2.028;MANUTENÇÃO DA VIGILÂNCIA AMBIENTAL E AÇÕES DE CONTROLE DE ZOONOSES;4;VIGILANCIA EM SAUDE;10;Saúde;305;Vigilância Epidemiológica;238;3.1.91.13.08.00.00.00;CONTRIB. PREV.- RPPS - PESSOAL ATIVO - PLANO PREV.;1.604.000.0000;TRANSFERÊNCIAS PROVENIENTES DO GOVERNO FEDERAL DESTINADAS AO VENCIMENTO DOS AGENTES COMUNITÁRIOS DE SAÚDE E DOS AGENTES DE COMBATE ÀS ENDEMIAS;154.014,35
FUNDO MUNICIPAL DE SAÚDE DE BARBACENA;18.002;FUNDO MUNICIPAL DE SAUDE;2.028;MANUTENÇÃO DA VIGILÂNCIA AMBIENTAL E AÇÕES DE CONTROLE DE ZOONOSES;4;VIGILANCIA EM SAUDE;10;Saúde;305;Vigilância Epidemiológica;238;3.1.91.13.08.00.00.00;CONTRIB. PREV.- RPPS - PESSOAL ATIVO - PLANO PREV.;1.621.000.0000;TRANSFERÊNCIAS FUNDO A FUNDO DE RECURSOS DO SUS PROVENIENTES DO GOVERNO ESTADUAL;98.247,69
FUNDO MUNICIPAL DE SAÚDE DE BARBACENA;18.002;FUNDO MUNICIPAL DE SAUDE;2.028;MANUTENÇÃO DA VIGILÂNCIA AMBIENTAL E AÇÕES DE CONTROLE DE ZOONOSES;4;VIGILANCIA EM SAUDE;10;Saúde;305;Vigilância Epidemiológica;238;3.1.91.13.08.00.00.00;CONTRIB. PREV.- RPPS - PESSOAL ATIVO - PLANO PREV.;2.621.000.0000;TRANSFERÊNCIAS FUNDO A FUNDO DE RECURSOS DO SUS PROVENIENTES DO GOVERNO ESTADUAL;25.465,44
FUNDO MUNICIPAL DE SAÚDE DE BARBACENA;18.002;FUNDO MUNICIPAL DE SAUDE;2.028;MANUTENÇÃO DA VIGILÂNCIA AMBIENTAL E AÇÕES DE CONTROLE DE ZOONOSES;4;VIGILANCIA EM SAUDE;10;Saúde;305;Vigilância Epidemiológica;240;3.3.90.18.00.00.00.00;AUXÍLIO FINANCEIRO A ESTUDANTES;1.604.000.0000;TRANSFERÊNCIAS PROVENIENTES DO GOVERNO FEDERAL DESTINADAS AO VENCIMENTO DOS AGENTES COMUNITÁRIOS DE SAÚDE E DOS AGENTES DE COMBATE ÀS ENDEMIAS;3.090,49
FUNDO MUNICIPAL DE SAÚDE DE BARBACENA;18.002;FUNDO MUNICIPAL DE SAUDE;2.028;MANUTENÇÃO DA VIGILÂNCIA AMBIENTAL E AÇÕES DE CONTROLE DE ZOONOSES;4;VIGILANCIA EM SAUDE;10;Saúde;305;Vigilância Epidemiológica;240;3.3.90.18.00.00.00.00;AUXÍLIO FINANCEIRO A ESTUDANTES;1.621.000.0000;TRANSFERÊNCIAS FUNDO A FUNDO DE RECURSOS DO SUS PROVENIENTES DO GOVERNO ESTADUAL;1.059,61
FUNDO MUNICIPAL DE SAÚDE DE BARBACENA;18.002;FUNDO MUNICIPAL DE SAUDE;2.028;MANUTENÇÃO DA VIGILÂNCIA AMBIENTAL E AÇÕES DE CONTROLE DE ZOONOSES;4;VIGILANCIA EM SAUDE;10;Saúde;305;Vigilância Epidemiológica;240;3.3.90.18.00.00.00.00;AUXÍLIO FINANCEIRO A ESTUDANTES;2.621.000.0000;TRANSFERÊNCIAS FUNDO A FUNDO DE RECURSOS DO SUS PROVENIENTES DO GOVERNO ESTADUAL;562,69
FUNDO MUNICIPAL DE SAÚDE DE BARBACENA;18.002;FUNDO MUNICIPAL DE SAUDE;2.028;MANUTENÇÃO DA VIGILÂNCIA AMBIENTAL E AÇÕES DE CONTROLE DE ZOONOSES;4;VIGILANCIA EM SAUDE;10;Saúde;305;Vigilância Epidemiológica;241;3.3.90.30.99.00.00.00;OUTROS MATERIAIS DE CONSUMO;1.621.000.0000;TRANSFERÊNCIAS FUNDO A FUNDO DE RECURSOS DO SUS PROVENIENTES DO GOVERNO ESTADUAL;75.000,00
FUNDO MUNICIPAL DE SAÚDE DE BARBACENA;18.002;FUNDO MUNICIPAL DE SAUDE;2.028;MANUTENÇÃO DA VIGILÂNCIA AMBIENTAL E AÇÕES DE CONTROLE DE ZOONOSES;4;VIGILANCIA EM SAUDE;10;Saúde;305;Vigilância Epidemiológica;241;3.3.90.30.99.00.00.00;OUTROS MATERIAIS DE CONSUMO;2.621.000.0000;TRANSFERÊNCIAS FUNDO A FUNDO DE RECURSOS DO SUS PROVENIENTES DO GOVERNO ESTADUAL;49.933,49
FUNDO MUNICIPAL DE SAÚDE DE BARBACENA;18.002;FUNDO MUNICIPAL DE SAUDE;2.028;MANUTENÇÃO DA VIGILÂNCIA AMBIENTAL E AÇÕES DE CONTROLE DE ZOONOSES;4;VIGILANCIA EM SAUDE;10;Saúde;305;Vigilância Epidemiológica;241;3.3.90.30.23.00.00.00;UNIFORMES, TECIDOS E AVIAMENTOS;2.621.000.0000;TRANSFERÊNCIAS FUNDO A FUNDO DE RECURSOS DO SUS PROVENIENTES DO GOVERNO ESTADUAL;82.719,35
FUNDO MUNICIPAL DE SAÚDE DE BARBACENA;18.002;FUNDO MUNICIPAL DE SAUDE;2.028;MANUTENÇÃO DA VIGILÂNCIA AMBIENTAL E AÇÕES DE CONTROLE DE ZOONOSES;4;VIGILANCIA EM SAUDE;10;Saúde;305;Vigilância Epidemiológica;242;3.3.90.39.99.00.00.00;OUTROS SERVIÇOS DE TERCEIROS - PESSOA JURÍDICA;2.621.000.0000;TRANSFERÊNCIAS FUNDO A FUNDO DE RECURSOS DO SUS PROVENIENTES DO GOVERNO ESTADUAL;374,00
FUNDO MUNICIPAL DE SAÚDE DE BARBACENA;18.002;FUNDO MUNICIPAL DE SAUDE;2.028;MANUTENÇÃO DA VIGILÂNCIA AMBIENTAL E AÇÕES DE CONTROLE DE ZOONOSES;4;VIGILANCIA EM SAUDE;10;Saúde;305;Vigilância Epidemiológica;242;3.3.90.39.48.00.00.00;SERVIÇOS GRÁFICOS;2.621.000.0000;TRANSFERÊNCIAS FUNDO A FUNDO DE RECURSOS DO SUS PROVENIENTES DO GOVERNO ESTADUAL;6.319,90
FUNDO MUNICIPAL DE SAÚDE DE BARBACENA;18.002;FUNDO MUNICIPAL DE SAUDE;2.028;MANUTENÇÃO DA VIGILÂNCIA AMBIENTAL E AÇÕES DE CONTROLE DE ZOONOSES;4;VIGILANCIA EM SAUDE;10;Saúde;305;Vigilância Epidemiológica;243;3.3.90.46.00.00.00.00;AUXÍLIO-ALIMENTAÇÃO;1.500.000.1002;RECURSOS NÃO VINCULADOS DE IMPOSTOS (SAÚDE);101.553,76
FUNDO MUNICIPAL DE SAÚDE DE BARBACENA;18.002;FUNDO MUNICIPAL DE SAUDE;2.028;MANUTENÇÃO DA VIGILÂNCIA AMBIENTAL E AÇÕES DE CONTROLE DE ZOONOSES;4;VIGILANCIA EM SAUDE;10;Saúde;305;Vigilância Epidemiológica;243;3.3.90.46.00.00.00.00;AUXÍLIO-ALIMENTAÇÃO;1.600.000.0000;TRANSFERÊNCIAS FUNDO A FUNDO DE RECURSOS DO SUS PROVENIENTES DO GOVERNO FEDERAL - BLOCO DE MANUTENÇÃO DAS AÇÕES E SERVIÇOS PÚBLICOS DE SAÚDE;4.750,00
FUNDO MUNICIPAL DE SAÚDE DE BARBACENA;18.002;FUNDO MUNICIPAL DE SAUDE;2.028;MANUTENÇÃO DA VIGILÂNCIA AMBIENTAL E AÇÕES DE CONTROLE DE ZOONOSES;4;VIGILANCIA EM SAUDE;10;Saúde;305;Vigilância Epidemiológica;243;3.3.90.46.00.00.00.00;AUXÍLIO-ALIMENTAÇÃO;1.604.000.0000;TRANSFERÊNCIAS PROVENIENTES DO GOVERNO FEDERAL DESTINADAS AO VENCIMENTO DOS AGENTES COMUNITÁRIOS DE SAÚDE E DOS AGENTES DE COMBATE ÀS ENDEMIAS;68.440,00
FUNDO MUNICIPAL DE SAÚDE DE BARBACENA;18.002;FUNDO MUNICIPAL DE SAUDE;2.028;MANUTENÇÃO DA VIGILÂNCIA AMBIENTAL E AÇÕES DE CONTROLE DE ZOONOSES;4;VIGILANCIA EM SAUDE;10;Saúde;305;Vigilância Epidemiológica;243;3.3.90.46.00.00.00.00;AUXÍLIO-ALIMENTAÇÃO;1.621.000.0000;TRANSFERÊNCIAS FUNDO A FUNDO DE RECURSOS DO SUS PROVENIENTES DO GOVERNO ESTADUAL;64.800,00
FUNDO MUNICIPAL DE SAÚDE DE BARBACENA;18.002;FUNDO MUNICIPAL DE SAUDE;2.028;MANUTENÇÃO DA VIGILÂNCIA AMBIENTAL E AÇÕES DE CONTROLE DE ZOONOSES;4;VIGILANCIA EM SAUDE;10;Saúde;305;Vigilância Epidemiológica;243;3.3.90.46.00.00.00.00;AUXÍLIO-ALIMENTAÇÃO;2.621.000.0000;TRANSFERÊNCIAS FUNDO A FUNDO DE RECURSOS DO SUS PROVENIENTES DO GOVERNO ESTADUAL;21.465,00
FUNDO MUNICIPAL DE SAÚDE DE BARBACENA;18.002;FUNDO MUNICIPAL DE SAUDE;2.028;MANUTENÇÃO DA VIGILÂNCIA AMBIENTAL E AÇÕES DE CONTROLE DE ZOONOSES;4;VIGILANCIA EM SAUDE;10;Saúde;305;Vigilância Epidemiológica;244;4.4.90.52.24.00.00.00;MOBILIÁRIO EM GERAL;2.621.000.0000;TRANSFERÊNCIAS FUNDO A FUNDO DE RECURSOS DO SUS PROVENIENTES DO GOVERNO ESTADUAL;25.416,00
FUNDO MUNICIPAL DE SAÚDE DE BARBACENA;18.002;FUNDO MUNICIPAL DE SAUDE;2.034;MANUTENÇÃO DO SISTEMA DE IMUNIZAÇÃO;4;VIGILANCIA EM SAUDE;10;Saúde;305;Vigilância Epidemiológica;245;3.3.90.30.25.00.00.00;MATERIAL PARA MANUTENÇÃO DE BENS MÓVEIS;2.600.000.0000;TRANSFERÊNCIAS FUNDO A FUNDO DE RECURSOS DO SUS PROVENIENTES DO GOVERNO FEDERAL - BLOCO DE MANUTENÇÃO DAS AÇÕES E SERVIÇOS PÚBLICOS DE SAÚDE;0,00
FUNDO MUNICIPAL DE SAÚDE DE BARBACENA;18.002;FUNDO MUNICIPAL DE SAUDE;2.034;MANUTENÇÃO DO SISTEMA DE IMUNIZAÇÃO;4;VIGILANCIA EM SAUDE;10;Saúde;305;Vigilância Epidemiológica;246;3.3.90.39.99.00.00.00;OUTROS SERVIÇOS DE TERCEIROS - PESSOA JURÍDICA;1.600.000.0000;TRANSFERÊNCIAS FUNDO A FUNDO DE RECURSOS DO SUS PROVENIENTES DO GOVERNO FEDERAL - BLOCO DE MANUTENÇÃO DAS AÇÕES E SERVIÇOS PÚBLICOS DE SAÚDE;1.500,30
FUNDO MUNICIPAL DE SAÚDE DE BARBACENA;18.002;FUNDO MUNICIPAL DE SAUDE;2.034;MANUTENÇÃO DO SISTEMA DE IMUNIZAÇÃO;4;VIGILANCIA EM SAUDE;10;Saúde;305;Vigilância Epidemiológica;246;3.3.90.39.12.00.00.00;LOCAÇÃO DE MÁQUINAS E EQUIPAMENTOS;1.600.000.0000;TRANSFERÊNCIAS FUNDO A FUNDO DE RECURSOS DO SUS PROVENIENTES DO GOVERNO FEDERAL - BLOCO DE MANUTENÇÃO DAS AÇÕES E SERVIÇOS PÚBLICOS DE SAÚDE;4.655,01
FUNDO MUNICIPAL DE SAÚDE DE BARBACENA;18.002;FUNDO MUNICIPAL DE SAUDE;2.034;MANUTENÇÃO DO SISTEMA DE IMUNIZAÇÃO;4;VIGILANCIA EM SAUDE;10;Saúde;305;Vigilância Epidemiológica;246;3.3.90.39.27.00.00.00;FORNECIMENTO DE ALIMENTAÇÃO;2.600.000.0000;TRANSFERÊNCIAS FUNDO A FUNDO DE RECURSOS DO SUS PROVENIENTES DO GOVERNO FEDERAL - BLOCO DE MANUTENÇÃO DAS AÇÕES E SERVIÇOS PÚBLICOS DE SAÚDE;34.277,05
FUNDO MUNICIPAL DE SAÚDE DE BARBACENA;18.002;FUNDO MUNICIPAL DE SAUDE;2.034;MANUTENÇÃO DO SISTEMA DE IMUNIZAÇÃO;4;VIGILANCIA EM SAUDE;10;Saúde;305;Vigilância Epidemiológica;246;3.3.90.39.99.00.00.00;OUTROS SERVIÇOS DE TERCEIROS - PESSOA JURÍDICA;2.600.000.0000;TRANSFERÊNCIAS FUNDO A FUNDO DE RECURSOS DO SUS PROVENIENTES DO GOVERNO FEDERAL - BLOCO DE MANUTENÇÃO DAS AÇÕES E SERVIÇOS PÚBLICOS DE SAÚDE;18.971,60
FUNDO MUNICIPAL DE SAÚDE DE BARBACENA;18.002;FUNDO MUNICIPAL DE SAUDE;2.034;MANUTENÇÃO DO SISTEMA DE IMUNIZAÇÃO;4;VIGILANCIA EM SAUDE;10;Saúde;305;Vigilância Epidemiológica;246;3.3.90.39.99.00.00.00;OUTROS SERVIÇOS DE TERCEIROS - PESSOA JURÍDICA;2.621.000.0000;TRANSFERÊNCIAS FUNDO A FUNDO DE RECURSOS DO SUS PROVENIENTES DO GOVERNO ESTADUAL;908,16
FUNDO MUNICIPAL DE SAÚDE DE BARBACENA;18.002;FUNDO MUNICIPAL DE SAUDE;2.034;MANUTENÇÃO DO SISTEMA DE IMUNIZAÇÃO;4;VIGILANCIA EM SAUDE;10;Saúde;305;Vigilância Epidemiológica;246;3.3.90.39.48.00.00.00;SERVIÇOS GRÁFICOS;2.621.000.0000;TRANSFERÊNCIAS FUNDO A FUNDO DE RECURSOS DO SUS PROVENIENTES DO GOVERNO ESTADUAL;3.937,60
FUNDO MUNICIPAL DE SAÚDE DE BARBACENA;18.002;FUNDO MUNICIPAL DE SAUDE;2.034;MANUTENÇÃO DO SISTEMA DE IMUNIZAÇÃO;4;VIGILANCIA EM SAUDE;10;Saúde;305;Vigilância Epidemiológica;247;4.4.90.52.99.00.00.00;OUTROS MATERIAIS PERMANENTES;2.601.000.0000;TRANSFERÊNCIAS FUNDO A FUNDO DE RECURSOS DO SUS PROVENIENTES DO GOVERNO FEDERAL. BLOCO DE ESTRUTURAÇÃO DA REDE DE SERVIÇOS PÚBLICOS DE SAÚDE;25.619,00
FUNDO MUNICIPAL DE SAÚDE DE BARBACENA;18.002;FUNDO MUNICIPAL DE SAUDE;2.034;MANUTENÇÃO DO SISTEMA DE IMUNIZAÇÃO;4;VIGILANCIA EM SAUDE;10;Saúde;305;Vigilância Epidemiológica;247;4.4.90.52.06.00.00.00;APARELHOS E UTENSÍLIOS DOMÉSTICOS;2.601.000.0000;TRANSFERÊNCIAS FUNDO A FUNDO DE RECURSOS DO SUS PROVENIENTES DO GOVERNO FEDERAL. BLOCO DE ESTRUTURAÇÃO DA REDE DE SERVIÇOS PÚBLICOS DE SAÚDE;6.396,00
FUNDO MUNICIPAL DE SAÚDE DE BARBACENA;18.002;FUNDO MUNICIPAL DE SAUDE;2.034;MANUTENÇÃO DO SISTEMA DE IMUNIZAÇÃO;4;VIGILANCIA EM SAUDE;10;Saúde;305;Vigilância Epidemiológica;247;4.4.90.52.14.00.00.00;MÁQUINAS E EQUIPAMENTOS DE NATUREZA INDUSTRIAL;2.601.000.0000;TRANSFERÊNCIAS FUNDO A FUNDO DE RECURSOS DO SUS PROVENIENTES DO GOVERNO FEDERAL. BLOCO DE ESTRUTURAÇÃO DA REDE DE SERVIÇOS PÚBLICOS DE SAÚDE;47.999,96
FUNDO MUNICIPAL DE SAÚDE DE BARBACENA;18.002;FUNDO MUNICIPAL DE SAUDE;2.034;MANUTENÇÃO DO SISTEMA DE IMUNIZAÇÃO;4;VIGILANCIA EM SAUDE;10;Saúde;305;Vigilância Epidemiológica;247;4.4.90.52.99.00.00.00;OUTROS MATERIAIS PERMANENTES;2.621.000.0000;TRANSFERÊNCIAS FUNDO A FUNDO DE RECURSOS DO SUS PROVENIENTES DO GOVERNO ESTADUAL;4.545,00
FUNDO MUNICIPAL DE SAÚDE DE BARBACENA;18.002;FUNDO MUNICIPAL DE SAUDE;2.022;MANUTENÇAO DO CONTROLE SOCIAL;6;GESTÃO;10;Saúde;122;Administração Geral;6;3.1.90.11.01.00.00.00;VENCIMENTOS E SALÁRIOS;1.500.000.1002;RECURSOS NÃO VINCULADOS DE IMPOSTOS (SAÚDE);43.247,58
FUNDO MUNICIPAL DE SAÚDE DE BARBACENA;18.002;FUNDO MUNICIPAL DE SAUDE;2.022;MANUTENÇAO DO CONTROLE SOCIAL;6;GESTÃO;10;Saúde;122;Administração Geral;6;3.1.90.11.52.00.00.00;LICENÇA SAÚDE;1.500.000.1002;RECURSOS NÃO VINCULADOS DE IMPOSTOS (SAÚDE);820,29
FUNDO MUNICIPAL DE SAÚDE DE BARBACENA;18.002;FUNDO MUNICIPAL DE SAUDE;2.022;MANUTENÇAO DO CONTROLE SOCIAL;6;GESTÃO;10;Saúde;122;Administração Geral;7;3.1.91.13.08.00.00.00;CONTRIB. PREV.- RPPS - PESSOAL ATIVO - PLANO PREV.;1.500.000.1002;RECURSOS NÃO VINCULADOS DE IMPOSTOS (SAÚDE);11.984,80
FUNDO MUNICIPAL DE SAÚDE DE BARBACENA;18.002;FUNDO MUNICIPAL DE SAUDE;2.022;MANUTENÇAO DO CONTROLE SOCIAL;6;GESTÃO;10;Saúde;122;Administração Geral;12;3.3.90.39.99.00.00.00;OUTROS SERVIÇOS DE TERCEIROS - PESSOA JURÍDICA;1.500.000.1002;RECURSOS NÃO VINCULADOS DE IMPOSTOS (SAÚDE);2.822,70
FUNDO MUNICIPAL DE SAÚDE DE BARBACENA;18.002;FUNDO MUNICIPAL DE SAUDE;2.022;MANUTENÇAO DO CONTROLE SOCIAL;6;GESTÃO;10;Saúde;122;Administração Geral;12;3.3.90.39.12.00.00.00;LOCAÇÃO DE MÁQUINAS E EQUIPAMENTOS;1.500.000.1002;RECURSOS NÃO VINCULADOS DE IMPOSTOS (SAÚDE);4.655,01
FUNDO MUNICIPAL DE SAÚDE DE BARBACENA;18.002;FUNDO MUNICIPAL DE SAUDE;2.022;MANUTENÇAO DO CONTROLE SOCIAL;6;GESTÃO;10;Saúde;122;Administração Geral;12;3.3.90.39.27.00.00.00;FORNECIMENTO DE ALIMENTAÇÃO;1.500.000.1002;RECURSOS NÃO VINCULADOS DE IMPOSTOS (SAÚDE);10.965,50
FUNDO MUNICIPAL DE SAÚDE DE BARBACENA;18.002;FUNDO MUNICIPAL DE SAUDE;2.022;MANUTENÇAO DO CONTROLE SOCIAL;6;GESTÃO;10;Saúde;122;Administração Geral;12;3.3.90.39.43.00.00.00;SERVIÇOS DE TELECOMUNICAÇÕES;1.500.000.1002;RECURSOS NÃO VINCULADOS DE IMPOSTOS (SAÚDE);1.055,00
FUNDO MUNICIPAL DE SAÚDE DE BARBACENA;18.002;FUNDO MUNICIPAL DE SAUDE;2.022;MANUTENÇAO DO CONTROLE SOCIAL;6;GESTÃO;10;Saúde;122;Administração Geral;14;3.3.90.46.00.00.00.00;AUXÍLIO-ALIMENTAÇÃO;1.500.000.1002;RECURSOS NÃO VINCULADOS DE IMPOSTOS (SAÚDE);4.950,00
FUNDO MUNICIPAL DE SAÚDE DE BARBACENA;18.002;FUNDO MUNICIPAL DE SAUDE;2.024;MANUTENÇAO DA OUVIDORIA;6;GESTÃO;10;Saúde;122;Administração Geral;17;3.1.90.11.01.00.00.00;VENCIMENTOS E SALÁRIOS;1.500.000.1002;RECURSOS NÃO VINCULADOS DE IMPOSTOS (SAÚDE);95.139,07
FUNDO MUNICIPAL DE SAÚDE DE BARBACENA;18.002;FUNDO MUNICIPAL DE SAUDE;2.024;MANUTENÇAO DA OUVIDORIA;6;GESTÃO;10;Saúde;122;Administração Geral;17;3.1.90.11.52.00.00.00;LICENÇA SAÚDE;1.500.000.1002;RECURSOS NÃO VINCULADOS DE IMPOSTOS (SAÚDE);842,14
FUNDO MUNICIPAL DE SAÚDE DE BARBACENA;18.002;FUNDO MUNICIPAL DE SAUDE;2.024;MANUTENÇAO DA OUVIDORIA;6;GESTÃO;10;Saúde;122;Administração Geral;18;3.1.91.13.08.00.00.00;CONTRIB. PREV.- RPPS - PESSOAL ATIVO - PLANO PREV.;1.500.000.1002;RECURSOS NÃO VINCULADOS DE IMPOSTOS (SAÚDE);26.874,65
FUNDO MUNICIPAL DE SAÚDE DE BARBACENA;18.002;FUNDO MUNICIPAL DE SAUDE;2.024;MANUTENÇAO DA OUVIDORIA;6;GESTÃO;10;Saúde;122;Administração Geral;22;3.3.90.36.14.00.00.00;LOCAÇÃO DE IMÓVEIS;1.500.000.1002;RECURSOS NÃO VINCULADOS DE IMPOSTOS (SAÚDE);6.582,59
FUNDO MUNICIPAL DE SAÚDE DE BARBACENA;18.002;FUNDO MUNICIPAL DE SAUDE;2.024;MANUTENÇAO DA OUVIDORIA;6;GESTÃO;10;Saúde;122;Administração Geral;23;3.3.90.39.99.00.00.00;OUTROS SERVIÇOS DE TERCEIROS - PESSOA JURÍDICA;1.500.000.1002;RECURSOS NÃO VINCULADOS DE IMPOSTOS (SAÚDE);360,00
FUNDO MUNICIPAL DE SAÚDE DE BARBACENA;18.002;FUNDO MUNICIPAL DE SAUDE;2.024;MANUTENÇAO DA OUVIDORIA;6;GESTÃO;10;Saúde;122;Administração Geral;23;3.3.90.39.29.00.00.00;SERVIÇOS DE ENERGIA ELÉTRICA;1.500.000.1002;RECURSOS NÃO VINCULADOS DE IMPOSTOS (SAÚDE);4.000,00
FUNDO MUNICIPAL DE SAÚDE DE BARBACENA;18.002;FUNDO MUNICIPAL DE SAUDE;2.024;MANUTENÇAO DA OUVIDORIA;6;GESTÃO;10;Saúde;122;Administração Geral;23;3.3.90.39.12.00.00.00;LOCAÇÃO DE MÁQUINAS E EQUIPAMENTOS;1.500.000.1002;RECURSOS NÃO VINCULADOS DE IMPOSTOS (SAÚDE);4.655,01
FUNDO MUNICIPAL DE SAÚDE DE BARBACENA;18.002;FUNDO MUNICIPAL DE SAUDE;2.024;MANUTENÇAO DA OUVIDORIA;6;GESTÃO;10;Saúde;122;Administração Geral;23;3.3.90.39.43.00.00.00;SERVIÇOS DE TELECOMUNICAÇÕES;1.500.000.1002;RECURSOS NÃO VINCULADOS DE IMPOSTOS (SAÚDE);2.200,00
FUNDO MUNICIPAL DE SAÚDE DE BARBACENA;18.002;FUNDO MUNICIPAL DE SAUDE;2.024;MANUTENÇAO DA OUVIDORIA;6;GESTÃO;10;Saúde;122;Administração Geral;25;3.3.90.46.00.00.00.00;AUXÍLIO-ALIMENTAÇÃO;1.500.000.1002;RECURSOS NÃO VINCULADOS DE IMPOSTOS (SAÚDE);10.800,00
FUNDO MUNICIPAL DE SAÚDE DE BARBACENA;18.002;FUNDO MUNICIPAL DE SAUDE;2.031;MANUTENÇAO DO SIMACRA;6;GESTÃO;10;Saúde;122;Administração Geral;27;3.1.90.04.15.00.00.00;OBRIGAÇÕES PATRONAIS - CONTRATO TEMPORÁRIO;1.500.000.1002;RECURSOS NÃO VINCULADOS DE IMPOSTOS (SAÚDE);1.089.792,33
FUNDO MUNICIPAL DE SAÚDE DE BARBACENA;18.002;FUNDO MUNICIPAL DE SAUDE;2.031;MANUTENÇAO DO SIMACRA;6;GESTÃO;10;Saúde;122;Administração Geral;27;3.1.90.04.01.00.00.00;SALÁRIO CONTRATO TEMPORÁRIO;1.500.000.1002;RECURSOS NÃO VINCULADOS DE IMPOSTOS (SAÚDE);5.277.046,90
FUNDO MUNICIPAL DE SAÚDE DE BARBACENA;18.002;FUNDO MUNICIPAL DE SAUDE;2.031;MANUTENÇAO DO SIMACRA;6;GESTÃO;10;Saúde;122;Administração Geral;27;3.1.90.04.01.00.00.00;SALÁRIO CONTRATO TEMPORÁRIO;1.600.000.0000;TRANSFERÊNCIAS FUNDO A FUNDO DE RECURSOS DO SUS PROVENIENTES DO GOVERNO FEDERAL - BLOCO DE MANUTENÇÃO DAS AÇÕES E SERVIÇOS PÚBLICOS DE SAÚDE;4.495.426,41
FUNDO MUNICIPAL DE SAÚDE DE BARBACENA;18.002;FUNDO MUNICIPAL DE SAUDE;2.031;MANUTENÇAO DO SIMACRA;6;GESTÃO;10;Saúde;122;Administração Geral;27;3.1.90.04.15.00.00.00;OBRIGAÇÕES PATRONAIS - CONTRATO TEMPORÁRIO;1.600.000.0000;TRANSFERÊNCIAS FUNDO A FUNDO DE RECURSOS DO SUS PROVENIENTES DO GOVERNO FEDERAL - BLOCO DE MANUTENÇÃO DAS AÇÕES E SERVIÇOS PÚBLICOS DE SAÚDE;978.311,73
FUNDO MUNICIPAL DE SAÚDE DE BARBACENA;18.002;FUNDO MUNICIPAL DE SAUDE;2.031;MANUTENÇAO DO SIMACRA;6;GESTÃO;10;Saúde;122;Administração Geral;28;3.1.90.11.52.00.00.00;LICENÇA SAÚDE;1.500.000.1002;RECURSOS NÃO VINCULADOS DE IMPOSTOS (SAÚDE);4.396,75
FUNDO MUNICIPAL DE SAÚDE DE BARBACENA;18.002;FUNDO MUNICIPAL DE SAUDE;2.031;MANUTENÇAO DO SIMACRA;6;GESTÃO;10;Saúde;122;Administração Geral;28;3.1.90.11.01.00.00.00;VENCIMENTOS E SALÁRIOS;1.500.000.1002;RECURSOS NÃO VINCULADOS DE IMPOSTOS (SAÚDE);404.217,57
FUNDO MUNICIPAL DE SAÚDE DE BARBACENA;18.002;FUNDO MUNICIPAL DE SAUDE;2.031;MANUTENÇAO DO SIMACRA;6;GESTÃO;10;Saúde;122;Administração Geral;28;3.1.90.11.01.00.00.00;VENCIMENTOS E SALÁRIOS;1.600.000.0000;TRANSFERÊNCIAS FUNDO A FUNDO DE RECURSOS DO SUS PROVENIENTES DO GOVERNO FEDERAL - BLOCO DE MANUTENÇÃO DAS AÇÕES E SERVIÇOS PÚBLICOS DE SAÚDE;451.195,39
FUNDO MUNICIPAL DE SAÚDE DE BARBACENA;18.002;FUNDO MUNICIPAL DE SAUDE;2.031;MANUTENÇAO DO SIMACRA;6;GESTÃO;10;Saúde;122;Administração Geral;28;3.1.90.11.52.00.00.00;LICENÇA SAÚDE;1.600.000.0000;TRANSFERÊNCIAS FUNDO A FUNDO DE RECURSOS DO SUS PROVENIENTES DO GOVERNO FEDERAL - BLOCO DE MANUTENÇÃO DAS AÇÕES E SERVIÇOS PÚBLICOS DE SAÚDE;758,78
FUNDO MUNICIPAL DE SAÚDE DE BARBACENA;18.002;FUNDO MUNICIPAL DE SAUDE;2.031;MANUTENÇAO DO SIMACRA;6;GESTÃO;10;Saúde;122;Administração Geral;28;3.1.90.11.50.00.00.00;SALÁRIO MATERNIDADE;1.600.000.0000;TRANSFERÊNCIAS FUNDO A FUNDO DE RECURSOS DO SUS PROVENIENTES DO GOVERNO FEDERAL - BLOCO DE MANUTENÇÃO DAS AÇÕES E SERVIÇOS PÚBLICOS DE SAÚDE;2.655,72
FUNDO MUNICIPAL DE SAÚDE DE BARBACENA;18.002;FUNDO MUNICIPAL DE SAUDE;2.031;MANUTENÇAO DO SIMACRA;6;GESTÃO;10;Saúde;122;Administração Geral;29;3.1.90.13.03.00.00.00;CONTRIBUIÇÃO PATRONAL PARA INSS;1.500.000.1002;RECURSOS NÃO VINCULADOS DE IMPOSTOS (SAÚDE);839,51
FUNDO MUNICIPAL DE SAÚDE DE BARBACENA;18.002;FUNDO MUNICIPAL DE SAUDE;2.031;MANUTENÇAO DO SIMACRA;6;GESTÃO;10;Saúde;122;Administração Geral;31;3.1.91.13.08.00.00.00;CONTRIB. PREV.- RPPS - PESSOAL ATIVO - PLANO PREV.;1.500.000.1002;RECURSOS NÃO VINCULADOS DE IMPOSTOS (SAÚDE);108.495,99
FUNDO MUNICIPAL DE SAÚDE DE BARBACENA;18.002;FUNDO MUNICIPAL DE SAUDE;2.031;MANUTENÇAO DO SIMACRA;6;GESTÃO;10;Saúde;122;Administração Geral;31;3.1.91.13.08.00.00.00;CONTRIB. PREV.- RPPS - PESSOAL ATIVO - PLANO PREV.;1.600.000.0000;TRANSFERÊNCIAS FUNDO A FUNDO DE RECURSOS DO SUS PROVENIENTES DO GOVERNO FEDERAL - BLOCO DE MANUTENÇÃO DAS AÇÕES E SERVIÇOS PÚBLICOS DE SAÚDE;119.533,49
FUNDO MUNICIPAL DE SAÚDE DE BARBACENA;18.002;FUNDO MUNICIPAL DE SAUDE;2.031;MANUTENÇAO DO SIMACRA;6;GESTÃO;10;Saúde;122;Administração Geral;32;3.3.90.08.56.00.00.00;SALÁRIO FAMÍLIA;1.600.000.0000;TRANSFERÊNCIAS FUNDO A FUNDO DE RECURSOS DO SUS PROVENIENTES DO GOVERNO FEDERAL - BLOCO DE MANUTENÇÃO DAS AÇÕES E SERVIÇOS PÚBLICOS DE SAÚDE;66,00
FUNDO MUNICIPAL DE SAÚDE DE BARBACENA;18.002;FUNDO MUNICIPAL DE SAUDE;2.031;MANUTENÇAO DO SIMACRA;6;GESTÃO;10;Saúde;122;Administração Geral;33;3.3.90.14.05.00.00.00;DIÁRIAS DE DEMAIS SERVIDORES;1.500.000.1002;RECURSOS NÃO VINCULADOS DE IMPOSTOS (SAÚDE);3.700,00
FUNDO MUNICIPAL DE SAÚDE DE BARBACENA;18.002;FUNDO MUNICIPAL DE SAUDE;2.031;MANUTENÇAO DO SIMACRA;6;GESTÃO;10;Saúde;122;Administração Geral;37;3.3.90.39.12.00.00.00;LOCAÇÃO DE MÁQUINAS E EQUIPAMENTOS;1.600.000.0000;TRANSFERÊNCIAS FUNDO A FUNDO DE RECURSOS DO SUS PROVENIENTES DO GOVERNO FEDERAL - BLOCO DE MANUTENÇÃO DAS AÇÕES E SERVIÇOS PÚBLICOS DE SAÚDE;4.655,01
FUNDO MUNICIPAL DE SAÚDE DE BARBACENA;18.002;FUNDO MUNICIPAL DE SAUDE;2.031;MANUTENÇAO DO SIMACRA;6;GESTÃO;10;Saúde;122;Administração Geral;38;3.3.90.46.00.00.00.00;AUXÍLIO-ALIMENTAÇÃO;1.500.000.1002;RECURSOS NÃO VINCULADOS DE IMPOSTOS (SAÚDE);121.251,82
FUNDO MUNICIPAL DE SAÚDE DE BARBACENA;18.002;FUNDO MUNICIPAL DE SAUDE;2.031;MANUTENÇAO DO SIMACRA;6;GESTÃO;10;Saúde;122;Administração Geral;38;3.3.90.46.00.00.00.00;AUXÍLIO-ALIMENTAÇÃO;1.600.000.0000;TRANSFERÊNCIAS FUNDO A FUNDO DE RECURSOS DO SUS PROVENIENTES DO GOVERNO FEDERAL - BLOCO DE MANUTENÇÃO DAS AÇÕES E SERVIÇOS PÚBLICOS DE SAÚDE;99.621,00
FUNDO MUNICIPAL DE SAÚDE DE BARBACENA;18.002;FUNDO MUNICIPAL DE SAUDE;2.031;MANUTENÇAO DO SIMACRA;6;GESTÃO;10;Saúde;122;Administração Geral;39;3.3.90.93.03.00.00.00;OUTRAS INDENIZAÇÕES E RESTITUIÇÕES;1.621.000.0000;TRANSFERÊNCIAS FUNDO A FUNDO DE RECURSOS DO SUS PROVENIENTES DO GOVERNO ESTADUAL;20,45
FUNDO MUNICIPAL DE SAÚDE DE BARBACENA;18.002;FUNDO MUNICIPAL DE SAUDE;2.031;MANUTENÇAO DO SIMACRA;6;GESTÃO;10;Saúde;122;Administração Geral;39;3.3.90.93.03.00.00.00;OUTRAS INDENIZAÇÕES E RESTITUIÇÕES;2.621.000.0000;TRANSFERÊNCIAS FUNDO A FUNDO DE RECURSOS DO SUS PROVENIENTES DO GOVERNO ESTADUAL;983,05
FUNDO MUNICIPAL DE SAÚDE DE BARBACENA;18.002;FUNDO MUNICIPAL DE SAUDE;2.020;MANUTENÇÃO DO PROGRAMA DE ALIMENTAÇÃO E NUTRIÇÃO;6;GESTÃO;10;Saúde;306;Alimentação e Nutrição;249;3.3.90.30.99.00.00.00;OUTROS MATERIAIS DE CONSUMO;1.706.000.0000;TRANSFERÊNCIA ESPECIAL DA UNIÃO BANCADA;500.453,38
FUNDO MUNICIPAL DE SAÚDE DE BARBACENA;18.002;FUNDO MUNICIPAL DE SAUDE;2.018;PESSOAL E ENCARGOS SOCIAIS DA SESAP;11;APOIO A ADMINISTRAÇAO PUBLICA;10;Saúde;122;Administração Geral;41;3.1.90.04.01.00.00.00;SALÁRIO CONTRATO TEMPORÁRIO;1.500.000.1002;RECURSOS NÃO VINCULADOS DE IMPOSTOS (SAÚDE);3.989.948,06
FUNDO MUNICIPAL DE SAÚDE DE BARBACENA;18.002;FUNDO MUNICIPAL DE SAUDE;2.018;PESSOAL E ENCARGOS SOCIAIS DA SESAP;11;APOIO A ADMINISTRAÇAO PUBLICA;10;Saúde;122;Administração Geral;41;3.1.90.04.15.00.00.00;OBRIGAÇÕES PATRONAIS - CONTRATO TEMPORÁRIO;1.500.000.1002;RECURSOS NÃO VINCULADOS DE IMPOSTOS (SAÚDE);992.927,43
FUNDO MUNICIPAL DE SAÚDE DE BARBACENA;18.002;FUNDO MUNICIPAL DE SAUDE;2.018;PESSOAL E ENCARGOS SOCIAIS DA SESAP;11;APOIO A ADMINISTRAÇAO PUBLICA;10;Saúde;122;Administração Geral;41;3.1.90.04.15.00.00.00;OBRIGAÇÕES PATRONAIS - CONTRATO TEMPORÁRIO;1.605.000.0000;ASSISTÊNCIA FINANCEIRA DA UNIÃO DESTINADA À COMPLEMENTAÇÃO AO PAGAMENTO DOS PISOS SALARIAIS PARA PROFISSIONAIS DA ENFERMAGEM.;211.951,79
FUNDO MUNICIPAL DE SAÚDE DE BARBACENA;18.002;FUNDO MUNICIPAL DE SAUDE;2.018;PESSOAL E ENCARGOS SOCIAIS DA SESAP;11;APOIO A ADMINISTRAÇAO PUBLICA;10;Saúde;122;Administração Geral;41;3.1.90.04.01.00.00.00;SALÁRIO CONTRATO TEMPORÁRIO;1.605.000.0000;ASSISTÊNCIA FINANCEIRA DA UNIÃO DESTINADA À COMPLEMENTAÇÃO AO PAGAMENTO DOS PISOS SALARIAIS PARA PROFISSIONAIS DA ENFERMAGEM.;999.732,91
FUNDO MUNICIPAL DE SAÚDE DE BARBACENA;18.002;FUNDO MUNICIPAL DE SAUDE;2.018;PESSOAL E ENCARGOS SOCIAIS DA SESAP;11;APOIO A ADMINISTRAÇAO PUBLICA;10;Saúde;122;Administração Geral;41;3.1.90.04.15.00.00.00;OBRIGAÇÕES PATRONAIS - CONTRATO TEMPORÁRIO;2.707.000.0000;TRANSFERÊNCIAS DA UNIÃO – INCISO I DO ART. 5º DA LEI COMPLEMENTAR 273/2020;496,42
FUNDO MUNICIPAL DE SAÚDE DE BARBACENA;18.002;FUNDO MUNICIPAL DE SAUDE;2.018;PESSOAL E ENCARGOS SOCIAIS DA SESAP;11;APOIO A ADMINISTRAÇAO PUBLICA;10;Saúde;122;Administração Geral;41;3.1.90.04.01.00.00.00;SALÁRIO CONTRATO TEMPORÁRIO;2.707.000.0000;TRANSFERÊNCIAS DA UNIÃO – INCISO I DO ART. 5º DA LEI COMPLEMENTAR 273/2020;52.302,13
FUNDO MUNICIPAL DE SAÚDE DE BARBACENA;18.002;FUNDO MUNICIPAL DE SAUDE;2.018;PESSOAL E ENCARGOS SOCIAIS DA SESAP;11;APOIO A ADMINISTRAÇAO PUBLICA;10;Saúde;122;Administração Geral;42;3.1.90.11.52.00.00.00;LICENÇA SAÚDE;1.500.000.1002;RECURSOS NÃO VINCULADOS DE IMPOSTOS (SAÚDE);54.590,37
FUNDO MUNICIPAL DE SAÚDE DE BARBACENA;18.002;FUNDO MUNICIPAL DE SAUDE;2.018;PESSOAL E ENCARGOS SOCIAIS DA SESAP;11;APOIO A ADMINISTRAÇAO PUBLICA;10;Saúde;122;Administração Geral;42;3.1.90.11.01.00.00.00;VENCIMENTOS E SALÁRIOS;1.500.000.1002;RECURSOS NÃO VINCULADOS DE IMPOSTOS (SAÚDE);1.252.857,74
FUNDO MUNICIPAL DE SAÚDE DE BARBACENA;18.002;FUNDO MUNICIPAL DE SAUDE;2.018;PESSOAL E ENCARGOS SOCIAIS DA SESAP;11;APOIO A ADMINISTRAÇAO PUBLICA;10;Saúde;122;Administração Geral;42;3.1.90.11.09.00.00.00;SUBSÍDIO DE SECRETÁRIO MUNICIPAL;1.500.000.1002;RECURSOS NÃO VINCULADOS DE IMPOSTOS (SAÚDE);135.566,92
FUNDO MUNICIPAL DE SAÚDE DE BARBACENA;18.002;FUNDO MUNICIPAL DE SAUDE;2.018;PESSOAL E ENCARGOS SOCIAIS DA SESAP;11;APOIO A ADMINISTRAÇAO PUBLICA;10;Saúde;122;Administração Geral;42;3.1.90.11.01.00.00.00;VENCIMENTOS E SALÁRIOS;1.605.000.0000;ASSISTÊNCIA FINANCEIRA DA UNIÃO DESTINADA À COMPLEMENTAÇÃO AO PAGAMENTO DOS PISOS SALARIAIS PARA PROFISSIONAIS DA ENFERMAGEM.;27.263,53
FUNDO MUNICIPAL DE SAÚDE DE BARBACENA;18.002;FUNDO MUNICIPAL DE SAUDE;2.018;PESSOAL E ENCARGOS SOCIAIS DA SESAP;11;APOIO A ADMINISTRAÇAO PUBLICA;10;Saúde;122;Administração Geral;42;3.1.90.11.52.00.00.00;LICENÇA SAÚDE;1.605.000.0000;ASSISTÊNCIA FINANCEIRA DA UNIÃO DESTINADA À COMPLEMENTAÇÃO AO PAGAMENTO DOS PISOS SALARIAIS PARA PROFISSIONAIS DA ENFERMAGEM.;108,14
FUNDO MUNICIPAL DE SAÚDE DE BARBACENA;18.002;FUNDO MUNICIPAL DE SAUDE;2.018;PESSOAL E ENCARGOS SOCIAIS DA SESAP;11;APOIO A ADMINISTRAÇAO PUBLICA;10;Saúde;122;Administração Geral;42;3.1.90.11.01.00.00.00;VENCIMENTOS E SALÁRIOS;2.707.000.0000;TRANSFERÊNCIAS DA UNIÃO – INCISO I DO ART. 5º DA LEI COMPLEMENTAR 273/2020;75.188,87
FUNDO MUNICIPAL DE SAÚDE DE BARBACENA;18.002;FUNDO MUNICIPAL DE SAUDE;2.018;PESSOAL E ENCARGOS SOCIAIS DA SESAP;11;APOIO A ADMINISTRAÇAO PUBLICA;10;Saúde;122;Administração Geral;42;3.1.90.11.09.00.00.00;SUBSÍDIO DE SECRETÁRIO MUNICIPAL;2.707.000.0000;TRANSFERÊNCIAS DA UNIÃO – INCISO I DO ART. 5º DA LEI COMPLEMENTAR 273/2020;2.246,96
FUNDO MUNICIPAL DE SAÚDE DE BARBACENA;18.002;FUNDO MUNICIPAL DE SAUDE;2.018;PESSOAL E ENCARGOS SOCIAIS DA SESAP;11;APOIO A ADMINISTRAÇAO PUBLICA;10;Saúde;122;Administração Geral;43;3.1.90.13.03.00.00.00;CONTRIBUIÇÃO PATRONAL PARA INSS;1.500.000.1002;RECURSOS NÃO VINCULADOS DE IMPOSTOS (SAÚDE);15.885,59
FUNDO MUNICIPAL DE SAÚDE DE BARBACENA;18.002;FUNDO MUNICIPAL DE SAUDE;2.018;PESSOAL E ENCARGOS SOCIAIS DA SESAP;11;APOIO A ADMINISTRAÇAO PUBLICA;10;Saúde;122;Administração Geral;43;3.1.90.13.03.00.00.00;CONTRIBUIÇÃO PATRONAL PARA INSS;2.707.000.0000;TRANSFERÊNCIAS DA UNIÃO – INCISO I DO ART. 5º DA LEI COMPLEMENTAR 273/2020;42.238,46
FUNDO MUNICIPAL DE SAÚDE DE BARBACENA;18.002;FUNDO MUNICIPAL DE SAUDE;2.018;PESSOAL E ENCARGOS SOCIAIS DA SESAP;11;APOIO A ADMINISTRAÇAO PUBLICA;10;Saúde;122;Administração Geral;44;3.1.91.13.08.00.00.00;CONTRIB. PREV.- RPPS - PESSOAL ATIVO - PLANO PREV.;1.500.000.1002;RECURSOS NÃO VINCULADOS DE IMPOSTOS (SAÚDE);341.340,83
FUNDO MUNICIPAL DE SAÚDE DE BARBACENA;18.002;FUNDO MUNICIPAL DE SAUDE;2.018;PESSOAL E ENCARGOS SOCIAIS DA SESAP;11;APOIO A ADMINISTRAÇAO PUBLICA;10;Saúde;122;Administração Geral;44;3.1.91.13.99.00.00.00;OUTRAS OBRIGAÇÕES PATRONAIS;1.500.000.1002;RECURSOS NÃO VINCULADOS DE IMPOSTOS (SAÚDE);1.166,52
FUNDO MUNICIPAL DE SAÚDE DE BARBACENA;18.002;FUNDO MUNICIPAL DE SAUDE;2.018;PESSOAL E ENCARGOS SOCIAIS DA SESAP;11;APOIO A ADMINISTRAÇAO PUBLICA;10;Saúde;122;Administração Geral;44;3.1.91.13.08.00.00.00;CONTRIB. PREV.- RPPS - PESSOAL ATIVO - PLANO PREV.;1.605.000.0000;ASSISTÊNCIA FINANCEIRA DA UNIÃO DESTINADA À COMPLEMENTAÇÃO AO PAGAMENTO DOS PISOS SALARIAIS PARA PROFISSIONAIS DA ENFERMAGEM.;7.664,07
FUNDO MUNICIPAL DE SAÚDE DE BARBACENA;18.002;FUNDO MUNICIPAL DE SAUDE;2.018;PESSOAL E ENCARGOS SOCIAIS DA SESAP;11;APOIO A ADMINISTRAÇAO PUBLICA;10;Saúde;122;Administração Geral;44;3.1.91.13.08.00.00.00;CONTRIB. PREV.- RPPS - PESSOAL ATIVO - PLANO PREV.;2.707.000.0000;TRANSFERÊNCIAS DA UNIÃO – INCISO I DO ART. 5º DA LEI COMPLEMENTAR 273/2020;3.134,67
FUNDO MUNICIPAL DE SAÚDE DE BARBACENA;18.002;FUNDO MUNICIPAL DE SAUDE;2.018;PESSOAL E ENCARGOS SOCIAIS DA SESAP;11;APOIO A ADMINISTRAÇAO PUBLICA;10;Saúde;122;Administração Geral;45;3.3.90.08.56.00.00.00;SALÁRIO FAMÍLIA;1.500.000.1002;RECURSOS NÃO VINCULADOS DE IMPOSTOS (SAÚDE);788,40
FUNDO MUNICIPAL DE SAÚDE DE BARBACENA;18.002;FUNDO MUNICIPAL DE SAUDE;2.018;PESSOAL E ENCARGOS SOCIAIS DA SESAP;11;APOIO A ADMINISTRAÇAO PUBLICA;10;Saúde;122;Administração Geral;45;3.3.90.08.05.00.00.00;AUXÍLIO NATALIDADE;1.500.000.1002;RECURSOS NÃO VINCULADOS DE IMPOSTOS (SAÚDE);651,00
FUNDO MUNICIPAL DE SAÚDE DE BARBACENA;18.002;FUNDO MUNICIPAL DE SAUDE;2.018;PESSOAL E ENCARGOS SOCIAIS DA SESAP;11;APOIO A ADMINISTRAÇAO PUBLICA;10;Saúde;122;Administração Geral;46;3.3.90.18.00.00.00.00;AUXÍLIO FINANCEIRO A ESTUDANTES;1.500.000.1002;RECURSOS NÃO VINCULADOS DE IMPOSTOS (SAÚDE);682,86
FUNDO MUNICIPAL DE SAÚDE DE BARBACENA;18.002;FUNDO MUNICIPAL DE SAUDE;2.018;PESSOAL E ENCARGOS SOCIAIS DA SESAP;11;APOIO A ADMINISTRAÇAO PUBLICA;10;Saúde;122;Administração Geral;47;3.3.90.39.99.00.00.00;OUTROS SERVIÇOS DE TERCEIROS - PESSOA JURÍDICA;1.500.000.1002;RECURSOS NÃO VINCULADOS DE IMPOSTOS (SAÚDE);209.605,62
FUNDO MUNICIPAL DE SAÚDE DE BARBACENA;18.002;FUNDO MUNICIPAL DE SAUDE;2.018;PESSOAL E ENCARGOS SOCIAIS DA SESAP;11;APOIO A ADMINISTRAÇAO PUBLICA;10;Saúde;122;Administração Geral;48;3.3.90.46.00.00.00.00;AUXÍLIO-ALIMENTAÇÃO;1.500.000.1002;RECURSOS NÃO VINCULADOS DE IMPOSTOS (SAÚDE);583.400,00
FUNDO MUNICIPAL DE SAÚDE DE BARBACENA;18.002;FUNDO MUNICIPAL DE SAUDE;2.018;PESSOAL E ENCARGOS SOCIAIS DA SESAP;11;APOIO A ADMINISTRAÇAO PUBLICA;10;Saúde;122;Administração Geral;48;3.3.90.46.00.00.00.00;AUXÍLIO-ALIMENTAÇÃO;1.605.000.0000;ASSISTÊNCIA FINANCEIRA DA UNIÃO DESTINADA À COMPLEMENTAÇÃO AO PAGAMENTO DOS PISOS SALARIAIS PARA PROFISSIONAIS DA ENFERMAGEM.;73.020,00
FUNDO MUNICIPAL DE SAÚDE DE BARBACENA;18.002;FUNDO MUNICIPAL DE SAUDE;2.018;PESSOAL E ENCARGOS SOCIAIS DA SESAP;11;APOIO A ADMINISTRAÇAO PUBLICA;10;Saúde;122;Administração Geral;48;3.3.90.46.00.00.00.00;AUXÍLIO-ALIMENTAÇÃO;2.707.000.0000;TRANSFERÊNCIAS DA UNIÃO – INCISO I DO ART. 5º DA LEI COMPLEMENTAR 273/2020;5.850,00
FUNDO MUNICIPAL DE SAÚDE DE BARBACENA;18.002;FUNDO MUNICIPAL DE SAUDE;2.018;PESSOAL E ENCARGOS SOCIAIS DA SESAP;11;APOIO A ADMINISTRAÇAO PUBLICA;10;Saúde;122;Administração Geral;49;3.3.90.92.00.00.00.00;DESPESAS DE EXERCÍCIOS ANTERIORES;1.500.000.1002;RECURSOS NÃO VINCULADOS DE IMPOSTOS (SAÚDE);5.809,88
FUNDO MUNICIPAL DE SAÚDE DE BARBACENA;18.002;FUNDO MUNICIPAL DE SAUDE;2.021;MANUTENÇAO DE AÇÕES DA SESAP;11;APOIO A ADMINISTRAÇAO PUBLICA;10;Saúde;122;Administração Geral;50;3.3.90.14.05.00.00.00;DIÁRIAS DE DEMAIS SERVIDORES;1.500.000.1002;RECURSOS NÃO VINCULADOS DE IMPOSTOS (SAÚDE);12.100,00
FUNDO MUNICIPAL DE SAÚDE DE BARBACENA;18.002;FUNDO MUNICIPAL DE SAUDE;2.021;MANUTENÇAO DE AÇÕES DA SESAP;11;APOIO A ADMINISTRAÇAO PUBLICA;10;Saúde;122;Administração Geral;50;3.3.90.14.04.00.00.00;DIÁRIAS DE SECRETÁRIOS;1.500.000.1002;RECURSOS NÃO VINCULADOS DE IMPOSTOS (SAÚDE);1.000,00
FUNDO MUNICIPAL DE SAÚDE DE BARBACENA;18.002;FUNDO MUNICIPAL DE SAUDE;2.021;MANUTENÇAO DE AÇÕES DA SESAP;11;APOIO A ADMINISTRAÇAO PUBLICA;10;Saúde;122;Administração Geral;51;3.3.90.30.99.00.00.00;OUTROS MATERIAIS DE CONSUMO;1.500.000.1002;RECURSOS NÃO VINCULADOS DE IMPOSTOS (SAÚDE);1.243,60
FUNDO MUNICIPAL DE SAÚDE DE BARBACENA;18.002;FUNDO MUNICIPAL DE SAUDE;2.021;MANUTENÇAO DE AÇÕES DA SESAP;11;APOIO A ADMINISTRAÇAO PUBLICA;10;Saúde;122;Administração Geral;53;3.3.90.39.99.00.00.00;OUTROS SERVIÇOS DE TERCEIROS - PESSOA JURÍDICA;1.500.000.1002;RECURSOS NÃO VINCULADOS DE IMPOSTOS (SAÚDE);307.887,38
FUNDO MUNICIPAL DE SAÚDE DE BARBACENA;18.002;FUNDO MUNICIPAL DE SAUDE;2.021;MANUTENÇAO DE AÇÕES DA SESAP;11;APOIO A ADMINISTRAÇAO PUBLICA;10;Saúde;122;Administração Geral;53;3.3.90.39.43.00.00.00;SERVIÇOS DE TELECOMUNICAÇÕES;1.500.000.1002;RECURSOS NÃO VINCULADOS DE IMPOSTOS (SAÚDE);33.764,20
FUNDO MUNICIPAL DE SAÚDE DE BARBACENA;18.002;FUNDO MUNICIPAL DE SAUDE;2.021;MANUTENÇAO DE AÇÕES DA SESAP;11;APOIO A ADMINISTRAÇAO PUBLICA;10;Saúde;122;Administração Geral;53;3.3.90.39.10.00.00.00;LOCAÇÃO DE IMÓVEIS;1.500.000.1002;RECURSOS NÃO VINCULADOS DE IMPOSTOS (SAÚDE);138.949,44
FUNDO MUNICIPAL DE SAÚDE DE BARBACENA;18.002;FUNDO MUNICIPAL DE SAUDE;2.021;MANUTENÇAO DE AÇÕES DA SESAP;11;APOIO A ADMINISTRAÇAO PUBLICA;10;Saúde;122;Administração Geral;53;3.3.90.39.12.00.00.00;LOCAÇÃO DE MÁQUINAS E EQUIPAMENTOS;1.500.000.1002;RECURSOS NÃO VINCULADOS DE IMPOSTOS (SAÚDE);26.490,07
FUNDO MUNICIPAL DE SAÚDE DE BARBACENA;18.002;FUNDO MUNICIPAL DE SAUDE;2.021;MANUTENÇAO DE AÇÕES DA SESAP;11;APOIO A ADMINISTRAÇAO PUBLICA;10;Saúde;122;Administração Geral;53;3.3.90.39.29.00.00.00;SERVIÇOS DE ENERGIA ELÉTRICA;1.500.000.1002;RECURSOS NÃO VINCULADOS DE IMPOSTOS (SAÚDE);10.000,00
FUNDO MUNICIPAL DE SAÚDE DE BARBACENA;18.002;FUNDO MUNICIPAL DE SAUDE;2.021;MANUTENÇAO DE AÇÕES DA SESAP;11;APOIO A ADMINISTRAÇAO PUBLICA;10;Saúde;122;Administração Geral;53;3.3.90.39.99.00.00.00;OUTROS SERVIÇOS DE TERCEIROS - PESSOA JURÍDICA;1.621.000.0000;TRANSFERÊNCIAS FUNDO A FUNDO DE RECURSOS DO SUS PROVENIENTES DO GOVERNO ESTADUAL;497,15
FUNDO MUNICIPAL DE SAÚDE DE BARBACENA;18.002;FUNDO MUNICIPAL DE SAUDE;2.443;APOIO AO HOSPITAL POLICLÍNICA E MATERNIDADE DE BARBACENA - IMAIP;27;MOBILIDADE URBANA;10;Saúde;302;Assistência Hospitalar e Ambulatorial;189;3.3.50.41.00.00.00.00;CONTRIBUIÇÕES;2.600.000.0000;TRANSFERÊNCIAS FUNDO A FUNDO DE RECURSOS DO SUS PROVENIENTES DO GOVERNO FEDERAL - BLOCO DE MANUTENÇÃO DAS AÇÕES E SERVIÇOS PÚBLICOS DE SAÚDE;253.234,11
PREFEITURA MUNICIPAL DE BARBACENA;02.001;CGM;2.134;PESSOAL E ENCARGOS SOCIAIS DA CGM;11;APOIO A ADMINISTRAÇAO PUBLICA;4;Administração;122;Administração Geral;2;3.1.90.11.01.00.00.00;VENCIMENTOS E SALÁRIOS;1.500.000.0000;RECURSOS NÃO VINCULADOS DE IMPOSTOS;710.380,56
PREFEITURA MUNICIPAL DE BARBACENA;02.001;CGM;2.134;PESSOAL E ENCARGOS SOCIAIS DA CGM;11;APOIO A ADMINISTRAÇAO PUBLICA;4;Administração;122;Administração Geral;2;3.1.90.11.52.00.00.00;LICENÇA SAÚDE;1.500.000.0000;RECURSOS NÃO VINCULADOS DE IMPOSTOS;2.947,58
PREFEITURA MUNICIPAL DE BARBACENA;02.001;CGM;2.134;PESSOAL E ENCARGOS SOCIAIS DA CGM;11;APOIO A ADMINISTRAÇAO PUBLICA;4;Administração;122;Administração Geral;3;3.1.90.13.03.00.00.00;CONTRIBUIÇÃO PATRONAL PARA INSS;1.500.000.0000;RECURSOS NÃO VINCULADOS DE IMPOSTOS;60.927,35
PREFEITURA MUNICIPAL DE BARBACENA;02.001;CGM;2.134;PESSOAL E ENCARGOS SOCIAIS DA CGM;11;APOIO A ADMINISTRAÇAO PUBLICA;4;Administração;122;Administração Geral;6;3.1.91.13.08.00.00.00;CONTRIB. PREV.- RPPS - PESSOAL ATIVO - PLANO PREV.;1.500.000.0000;RECURSOS NÃO VINCULADOS DE IMPOSTOS;117.094,12
PREFEITURA MUNICIPAL DE BARBACENA;02.001;CGM;2.134;PESSOAL E ENCARGOS SOCIAIS DA CGM;11;APOIO A ADMINISTRAÇAO PUBLICA;4;Administração;122;Administração Geral;8;3.3.90.46.00.00.00.00;AUXÍLIO-ALIMENTAÇÃO;1.500.000.0000;RECURSOS NÃO VINCULADOS DE IMPOSTOS;36.900,00
PREFEITURA MUNICIPAL DE BARBACENA;02.001;CGM;2.140;MANUTENCAO DA CGM;11;APOIO A ADMINISTRAÇAO PUBLICA;4;Administração;122;Administração Geral;11;3.3.90.39.43.00.00.00;SERVIÇOS DE TELECOMUNICAÇÕES;1.500.000.0000;RECURSOS NÃO VINCULADOS DE IMPOSTOS;3.416,07
PREFEITURA MUNICIPAL DE BARBACENA;02.001;CGM;2.140;MANUTENCAO DA CGM;11;APOIO A ADMINISTRAÇAO PUBLICA;4;Administração;122;Administração Geral;11;3.3.90.39.12.00.00.00;LOCAÇÃO DE MÁQUINAS E EQUIPAMENTOS;1.500.000.0000;RECURSOS NÃO VINCULADOS DE IMPOSTOS;3.334,95
PREFEITURA MUNICIPAL DE BARBACENA;02.001;CGM;2.140;MANUTENCAO DA CGM;11;APOIO A ADMINISTRAÇAO PUBLICA;4;Administração;122;Administração Geral;11;3.3.90.39.99.00.00.00;OUTROS SERVIÇOS DE TERCEIROS - PESSOA JURÍDICA;1.500.000.0000;RECURSOS NÃO VINCULADOS DE IMPOSTOS;37.820,06
PREFEITURA MUNICIPAL DE BARBACENA;02.001;CGM;2.140;MANUTENCAO DA CGM;11;APOIO A ADMINISTRAÇAO PUBLICA;4;Administração;122;Administração Geral;11;3.3.90.39.05.00.00.00;SERVIÇOS TÉCNICOS PROFISSIONAIS;1.500.000.0000;RECURSOS NÃO VINCULADOS DE IMPOSTOS;65.000,00
PREFEITURA MUNICIPAL DE BARBACENA;03.001;CONTROLADORIA GERAL DO MUNICIPIO-CGEM;2.141;PESSOAL E ENCARGOS SOCIAIS DA CGEM;11;APOIO A ADMINISTRAÇAO PUBLICA;4;Administração;124;Controle Interno;16;3.1.90.11.01.00.00.00;VENCIMENTOS E SALÁRIOS;1.500.000.0000;RECURSOS NÃO VINCULADOS DE IMPOSTOS;606.050,16
PREFEITURA MUNICIPAL DE BARBACENA;03.001;CONTROLADORIA GERAL DO MUNICIPIO-CGEM;2.141;PESSOAL E ENCARGOS SOCIAIS DA CGEM;11;APOIO A ADMINISTRAÇAO PUBLICA;4;Administração;124;Controle Interno;16;3.1.90.11.52.00.00.00;LICENÇA SAÚDE;1.500.000.0000;RECURSOS NÃO VINCULADOS DE IMPOSTOS;7.682,97
PREFEITURA MUNICIPAL DE BARBACENA;03.001;CONTROLADORIA GERAL DO MUNICIPIO-CGEM;2.141;PESSOAL E ENCARGOS SOCIAIS DA CGEM;11;APOIO A ADMINISTRAÇAO PUBLICA;4;Administração;124;Controle Interno;17;3.1.90.13.03.00.00.00;CONTRIBUIÇÃO PATRONAL PARA INSS;1.500.000.0000;RECURSOS NÃO VINCULADOS DE IMPOSTOS;37.508,01
PREFEITURA MUNICIPAL DE BARBACENA;03.001;CONTROLADORIA GERAL DO MUNICIPIO-CGEM;2.141;PESSOAL E ENCARGOS SOCIAIS DA CGEM;11;APOIO A ADMINISTRAÇAO PUBLICA;4;Administração;124;Controle Interno;19;3.1.91.13.08.00.00.00;CONTRIB. PREV.- RPPS - PESSOAL ATIVO - PLANO PREV.;1.500.000.0000;RECURSOS NÃO VINCULADOS DE IMPOSTOS;117.645,21
PREFEITURA MUNICIPAL DE BARBACENA;03.001;CONTROLADORIA GERAL DO MUNICIPIO-CGEM;2.141;PESSOAL E ENCARGOS SOCIAIS DA CGEM;11;APOIO A ADMINISTRAÇAO PUBLICA;4;Administração;124;Controle Interno;21;3.3.90.18.00.00.00.00;AUXÍLIO FINANCEIRO A ESTUDANTES;1.500.000.0000;RECURSOS NÃO VINCULADOS DE IMPOSTOS;652,71
PREFEITURA MUNICIPAL DE BARBACENA;03.001;CONTROLADORIA GERAL DO MUNICIPIO-CGEM;2.141;PESSOAL E ENCARGOS SOCIAIS DA CGEM;11;APOIO A ADMINISTRAÇAO PUBLICA;4;Administração;124;Controle Interno;22;3.3.90.46.00.00.00.00;AUXÍLIO-ALIMENTAÇÃO;1.500.000.0000;RECURSOS NÃO VINCULADOS DE IMPOSTOS;45.275,00
PREFEITURA MUNICIPAL DE BARBACENA;03.001;CONTROLADORIA GERAL DO MUNICIPIO-CGEM;2.142;MANUTENÇAO DA CGEM;11;APOIO A ADMINISTRAÇAO PUBLICA;4;Administração;124;Controle Interno;23;3.3.90.14.05.00.00.00;DIÁRIAS DE DEMAIS SERVIDORES;1.500.000.0000;RECURSOS NÃO VINCULADOS DE IMPOSTOS;600,00
PREFEITURA MUNICIPAL DE BARBACENA;03.001;CONTROLADORIA GERAL DO MUNICIPIO-CGEM;2.142;MANUTENÇAO DA CGEM;11;APOIO A ADMINISTRAÇAO PUBLICA;4;Administração;124;Controle Interno;25;3.3.90.39.43.00.00.00;SERVIÇOS DE TELECOMUNICAÇÕES;1.500.000.0000;RECURSOS NÃO VINCULADOS DE IMPOSTOS;3.226,07
PREFEITURA MUNICIPAL DE BARBACENA;03.001;CONTROLADORIA GERAL DO MUNICIPIO-CGEM;2.142;MANUTENÇAO DA CGEM;11;APOIO A ADMINISTRAÇAO PUBLICA;4;Administração;124;Controle Interno;25;3.3.90.39.12.00.00.00;LOCAÇÃO DE MÁQUINAS E EQUIPAMENTOS;1.500.000.0000;RECURSOS NÃO VINCULADOS DE IMPOSTOS;3.334,95
PREFEITURA MUNICIPAL DE BARBACENA;03.001;CONTROLADORIA GERAL DO MUNICIPIO-CGEM;2.142;MANUTENÇAO DA CGEM;11;APOIO A ADMINISTRAÇAO PUBLICA;4;Administração;124;Controle Interno;25;3.3.90.39.99.00.00.00;OUTROS SERVIÇOS DE TERCEIROS - PESSOA JURÍDICA;1.500.000.0000;RECURSOS NÃO VINCULADOS DE IMPOSTOS;1.320,06
PREFEITURA MUNICIPAL DE BARBACENA;03.001;CONTROLADORIA GERAL DO MUNICIPIO-CGEM;2.142;MANUTENÇAO DA CGEM;11;APOIO A ADMINISTRAÇAO PUBLICA;4;Administração;124;Controle Interno;25;3.3.90.39.48.00.00.00;SERVIÇOS GRÁFICOS;1.500.000.0000;RECURSOS NÃO VINCULADOS DE IMPOSTOS;378,00
PREFEITURA MUNICIPAL DE BARBACENA;03.001;CONTROLADORIA GERAL DO MUNICIPIO-CGEM;2.142;MANUTENÇAO DA CGEM;11;APOIO A ADMINISTRAÇAO PUBLICA;4;Administração;124;Controle Interno;25;3.3.90.39.05.00.00.00;SERVIÇOS TÉCNICOS PROFISSIONAIS;1.500.000.0000;RECURSOS NÃO VINCULADOS DE IMPOSTOS;1.180,00
PREFEITURA MUNICIPAL DE BARBACENA;05.001;SEGAB;2.067;MANUTENÇAO DE PUBLICAÇOES OFICIAIS;11;APOIO A ADMINISTRAÇAO PUBLICA;4;Administração;122;Administração Geral;28;3.3.90.39.68.00.00.00;SERVIÇOS DE PUBLICIDADE E PROPAGANDA;1.500.000.0000;RECURSOS NÃO VINCULADOS DE IMPOSTOS;121,56
PREFEITURA MUNICIPAL DE BARBACENA;05.001;SEGAB;2.067;MANUTENÇAO DE PUBLICAÇOES OFICIAIS;11;APOIO A ADMINISTRAÇAO PUBLICA;4;Administração;122;Administração Geral;28;3.3.90.39.99.00.00.00;OUTROS SERVIÇOS DE TERCEIROS - PESSOA JURÍDICA;1.500.000.0000;RECURSOS NÃO VINCULADOS DE IMPOSTOS;9.744,90
PREFEITURA MUNICIPAL DE BARBACENA;05.001;SEGAB;2.067;MANUTENÇAO DE PUBLICAÇOES OFICIAIS;11;APOIO A ADMINISTRAÇAO PUBLICA;4;Administração;122;Administração Geral;28;3.3.90.39.33.00.00.00;SERVIÇOS DE COMUNICAÇÃO EM GERAL;1.500.000.0000;RECURSOS NÃO VINCULADOS DE IMPOSTOS;3.700,00
PREFEITURA MUNICIPAL DE BARBACENA;05.001;SEGAB;2.150;MANUTENÇAO DA SEGAB;11;APOIO A ADMINISTRAÇAO PUBLICA;4;Administração;122;Administração Geral;31;3.3.90.14.03.00.00.00;DIÁRIAS DE PREFEITO;1.500.000.0000;RECURSOS NÃO VINCULADOS DE IMPOSTOS;24.500,00
PREFEITURA MUNICIPAL DE BARBACENA;05.001;SEGAB;2.150;MANUTENÇAO DA SEGAB;11;APOIO A ADMINISTRAÇAO PUBLICA;4;Administração;122;Administração Geral;31;3.3.90.14.05.00.00.00;DIÁRIAS DE DEMAIS SERVIDORES;1.500.000.0000;RECURSOS NÃO VINCULADOS DE IMPOSTOS;4.600,00
PREFEITURA MUNICIPAL DE BARBACENA;05.001;SEGAB;2.150;MANUTENÇAO DA SEGAB;11;APOIO A ADMINISTRAÇAO PUBLICA;4;Administração;122;Administração Geral;31;3.3.90.14.04.00.00.00;DIÁRIAS DE SECRETÁRIOS;1.500.000.0000;RECURSOS NÃO VINCULADOS DE IMPOSTOS;1.600,00
PREFEITURA MUNICIPAL DE BARBACENA;05.001;SEGAB;2.150;MANUTENÇAO DA SEGAB;11;APOIO A ADMINISTRAÇAO PUBLICA;4;Administração;122;Administração Geral;33;3.3.90.30.07.00.00.00;GÊNEROS DE ALIMENTAÇÃO;1.500.000.0000;RECURSOS NÃO VINCULADOS DE IMPOSTOS;243,45
PREFEITURA MUNICIPAL DE BARBACENA;05.001;SEGAB;2.150;MANUTENÇAO DA SEGAB;11;APOIO A ADMINISTRAÇAO PUBLICA;4;Administração;122;Administração Geral;33;3.3.90.30.15.00.00.00;MATERIAL PARA FESTIVIDADES E HOMENAGENS;1.500.000.0000;RECURSOS NÃO VINCULADOS DE IMPOSTOS;6.785,64
PREFEITURA MUNICIPAL DE BARBACENA;05.001;SEGAB;2.150;MANUTENÇAO DA SEGAB;11;APOIO A ADMINISTRAÇAO PUBLICA;4;Administração;122;Administração Geral;33;3.3.90.30.47.00.00.00;BANDEIRAS, FLÂMULAS E INSÍGNIAS;1.500.000.0000;RECURSOS NÃO VINCULADOS DE IMPOSTOS;3.150,00
PREFEITURA MUNICIPAL DE BARBACENA;05.001;SEGAB;2.150;MANUTENÇAO DA SEGAB;11;APOIO A ADMINISTRAÇAO PUBLICA;4;Administração;122;Administração Geral;33;3.3.90.30.28.00.00.00;MATERIAL DE PROTEÇÃO E SEGURANÇA;1.500.000.0000;RECURSOS NÃO VINCULADOS DE IMPOSTOS;72,80
PREFEITURA MUNICIPAL DE BARBACENA;05.001;SEGAB;2.150;MANUTENÇAO DA SEGAB;11;APOIO A ADMINISTRAÇAO PUBLICA;4;Administração;122;Administração Geral;35;3.3.90.39.05.00.00.00;SERVIÇOS TÉCNICOS PROFISSIONAIS;1.500.000.0000;RECURSOS NÃO VINCULADOS DE IMPOSTOS;450,00
PREFEITURA MUNICIPAL DE BARBACENA;05.001;SEGAB;2.150;MANUTENÇAO DA SEGAB;11;APOIO A ADMINISTRAÇAO PUBLICA;4;Administração;122;Administração Geral;35;3.3.90.39.43.00.00.00;SERVIÇOS DE TELECOMUNICAÇÕES;1.500.000.0000;RECURSOS NÃO VINCULADOS DE IMPOSTOS;6.046,84
PREFEITURA MUNICIPAL DE BARBACENA;05.001;SEGAB;2.150;MANUTENÇAO DA SEGAB;11;APOIO A ADMINISTRAÇAO PUBLICA;4;Administração;122;Administração Geral;35;3.3.90.39.12.00.00.00;LOCAÇÃO DE MÁQUINAS E EQUIPAMENTOS;1.500.000.0000;RECURSOS NÃO VINCULADOS DE IMPOSTOS;10.898,10
PREFEITURA MUNICIPAL DE BARBACENA;05.001;SEGAB;2.150;MANUTENÇAO DA SEGAB;11;APOIO A ADMINISTRAÇAO PUBLICA;4;Administração;122;Administração Geral;35;3.3.90.39.99.00.00.00;OUTROS SERVIÇOS DE TERCEIROS - PESSOA JURÍDICA;1.500.000.0000;RECURSOS NÃO VINCULADOS DE IMPOSTOS;203.500,30
PREFEITURA MUNICIPAL DE BARBACENA;05.001;SEGAB;2.150;MANUTENÇAO DA SEGAB;11;APOIO A ADMINISTRAÇAO PUBLICA;4;Administração;122;Administração Geral;35;3.3.90.39.99.00.00.00;OUTROS SERVIÇOS DE TERCEIROS - PESSOA JURÍDICA;2.500.000.0000;RECURSOS NÃO VINCULADOS DE IMPOSTOS;40.211,75
PREFEITURA MUNICIPAL DE BARBACENA;05.001;SEGAB;2.150;MANUTENÇAO DA SEGAB;11;APOIO A ADMINISTRAÇAO PUBLICA;4;Administração;122;Administração Geral;35;3.3.90.39.22.00.00.00;MULTAS INDEDUTÍVEIS;2.500.000.0000;RECURSOS NÃO VINCULADOS DE IMPOSTOS;76.087,89
PREFEITURA MUNICIPAL DE BARBACENA;05.001;SEGAB;2.150;MANUTENÇAO DA SEGAB;11;APOIO A ADMINISTRAÇAO PUBLICA;4;Administração;122;Administração Geral;35;3.3.90.39.05.00.00.00;SERVIÇOS TÉCNICOS PROFISSIONAIS;2.500.000.0000;RECURSOS NÃO VINCULADOS DE IMPOSTOS;67.750,00
PREFEITURA MUNICIPAL DE BARBACENA;05.001;SEGAB;2.150;MANUTENÇAO DA SEGAB;11;APOIO A ADMINISTRAÇAO PUBLICA;4;Administração;122;Administração Geral;38;4.4.90.52.99.00.00.00;OUTROS MATERIAIS PERMANENTES;1.500.000.0000;RECURSOS NÃO VINCULADOS DE IMPOSTOS;10.041,00
PREFEITURA MUNICIPAL DE BARBACENA;05.001;SEGAB;2.150;MANUTENÇAO DA SEGAB;11;APOIO A ADMINISTRAÇAO PUBLICA;4;Administração;122;Administração Geral;930;3.3.90.47.00.00.00.00;OBRIGAÇÕES TRIBUTÁRIAS E CONTRIBUTIVAS;1.500.000.0000;RECURSOS NÃO VINCULADOS DE IMPOSTOS;0,00
PREFEITURA MUNICIPAL DE BARBACENA;05.001;SEGAB;2.150;MANUTENÇAO DA SEGAB;11;APOIO A ADMINISTRAÇAO PUBLICA;4;Administração;122;Administração Geral;965;3.1.90.94.01.00.00.00;INDENIZAÇÕES E RESTITUIÇÕES TRAB. ATIVO CIVIL;1.500.000.0000;RECURSOS NÃO VINCULADOS DE IMPOSTOS;5.195,33
PREFEITURA MUNICIPAL DE BARBACENA;05.001;SEGAB;2.151;PARCERIAS DE REPRESENTAÇAO E COOPERAÇAO INSTITUCIONAL;11;APOIO A ADMINISTRAÇAO PUBLICA;4;Administração;122;Administração Geral;40;3.3.70.41.00.00.00.00;CONTRIBUIÇÕES;1.500.000.0000;RECURSOS NÃO VINCULADOS DE IMPOSTOS;135.780,96
PREFEITURA MUNICIPAL DE BARBACENA;05.001;SEGAB;2.151;PARCERIAS DE REPRESENTAÇAO E COOPERAÇAO INSTITUCIONAL;11;APOIO A ADMINISTRAÇAO PUBLICA;4;Administração;122;Administração Geral;40;3.3.70.41.00.00.00.00;CONTRIBUIÇÕES;1.501.000.0000;OUTROS RECURSOS NÃO VINCULADOS;1.261.759,00
PREFEITURA MUNICIPAL DE BARBACENA;05.001;SEGAB;2.151;PARCERIAS DE REPRESENTAÇAO E COOPERAÇAO INSTITUCIONAL;11;APOIO A ADMINISTRAÇAO PUBLICA;4;Administração;122;Administração Geral;40;3.3.70.41.00.00.00.00;CONTRIBUIÇÕES;2.753.000.0000;RECURSOS PROVENIENTES DE TAXAS, CONTRIBUIÇÕES E PREÇOS PÚBLICOS;264.551,21
PREFEITURA MUNICIPAL DE BARBACENA;05.001;SEGAB;2.151;PARCERIAS DE REPRESENTAÇAO E COOPERAÇAO INSTITUCIONAL;11;APOIO A ADMINISTRAÇAO PUBLICA;4;Administração;122;Administração Geral;914;3.3.71.70.00.00.00.00;RATEIO PELA PARTICIPAÇÃO EM CONSÓRCIO PÚBLICO;1.500.000.0000;RECURSOS NÃO VINCULADOS DE IMPOSTOS;45.624,60
PREFEITURA MUNICIPAL DE BARBACENA;05.001;SEGAB;2.152;PESSOAL E ENCARGOS SOCIAIS DA SEGAB;11;APOIO A ADMINISTRAÇAO PUBLICA;4;Administração;122;Administração Geral;41;3.1.90.04.01.00.00.00;SALÁRIO CONTRATO TEMPORÁRIO;1.500.000.0000;RECURSOS NÃO VINCULADOS DE IMPOSTOS;105.580,06
PREFEITURA MUNICIPAL DE BARBACENA;05.001;SEGAB;2.152;PESSOAL E ENCARGOS SOCIAIS DA SEGAB;11;APOIO A ADMINISTRAÇAO PUBLICA;4;Administração;122;Administração Geral;41;3.1.90.04.15.00.00.00;OBRIGAÇÕES PATRONAIS - CONTRATO TEMPORÁRIO;1.500.000.0000;RECURSOS NÃO VINCULADOS DE IMPOSTOS;17.624,05
PREFEITURA MUNICIPAL DE BARBACENA;05.001;SEGAB;2.152;PESSOAL E ENCARGOS SOCIAIS DA SEGAB;11;APOIO A ADMINISTRAÇAO PUBLICA;4;Administração;122;Administração Geral;42;3.1.90.11.09.00.00.00;SUBSÍDIO DE SECRETÁRIO MUNICIPAL;1.500.000.0000;RECURSOS NÃO VINCULADOS DE IMPOSTOS;128.973,76
PREFEITURA MUNICIPAL DE BARBACENA;05.001;SEGAB;2.152;PESSOAL E ENCARGOS SOCIAIS DA SEGAB;11;APOIO A ADMINISTRAÇAO PUBLICA;4;Administração;122;Administração Geral;42;3.1.90.11.01.00.00.00;VENCIMENTOS E SALÁRIOS;1.500.000.0000;RECURSOS NÃO VINCULADOS DE IMPOSTOS;726.305,89
PREFEITURA MUNICIPAL DE BARBACENA;05.001;SEGAB;2.152;PESSOAL E ENCARGOS SOCIAIS DA SEGAB;11;APOIO A ADMINISTRAÇAO PUBLICA;4;Administração;122;Administração Geral;42;3.1.90.11.08.00.00.00;SUBSÍDIO DE VICE-PREFEITO;1.500.000.0000;RECURSOS NÃO VINCULADOS DE IMPOSTOS;166.935,34
PREFEITURA MUNICIPAL DE BARBACENA;05.001;SEGAB;2.152;PESSOAL E ENCARGOS SOCIAIS DA SEGAB;11;APOIO A ADMINISTRAÇAO PUBLICA;4;Administração;122;Administração Geral;42;3.1.90.11.07.00.00.00;SUBSÍDIO DE PREFEITO;1.500.000.0000;RECURSOS NÃO VINCULADOS DE IMPOSTOS;150.307,89
PREFEITURA MUNICIPAL DE BARBACENA;05.001;SEGAB;2.152;PESSOAL E ENCARGOS SOCIAIS DA SEGAB;11;APOIO A ADMINISTRAÇAO PUBLICA;4;Administração;122;Administração Geral;42;3.1.90.11.52.00.00.00;LICENÇA SAÚDE;1.500.000.0000;RECURSOS NÃO VINCULADOS DE IMPOSTOS;186,87
PREFEITURA MUNICIPAL DE BARBACENA;05.001;SEGAB;2.152;PESSOAL E ENCARGOS SOCIAIS DA SEGAB;11;APOIO A ADMINISTRAÇAO PUBLICA;4;Administração;122;Administração Geral;43;3.1.90.13.03.00.00.00;CONTRIBUIÇÃO PATRONAL PARA INSS;1.500.000.0000;RECURSOS NÃO VINCULADOS DE IMPOSTOS;306.768,51
PREFEITURA MUNICIPAL DE BARBACENA;05.001;SEGAB;2.152;PESSOAL E ENCARGOS SOCIAIS DA SEGAB;11;APOIO A ADMINISTRAÇAO PUBLICA;4;Administração;122;Administração Geral;43;3.1.90.13.99.00.00.00;OUTRAS OBRIGAÇÕES;1.500.000.0000;RECURSOS NÃO VINCULADOS DE IMPOSTOS;62.191,24
PREFEITURA MUNICIPAL DE BARBACENA;05.001;SEGAB;2.152;PESSOAL E ENCARGOS SOCIAIS DA SEGAB;11;APOIO A ADMINISTRAÇAO PUBLICA;4;Administração;122;Administração Geral;46;3.1.91.13.08.00.00.00;CONTRIB. PREV.- RPPS - PESSOAL ATIVO - PLANO PREV.;1.500.000.0000;RECURSOS NÃO VINCULADOS DE IMPOSTOS;67.101,39
PREFEITURA MUNICIPAL DE BARBACENA;05.001;SEGAB;2.152;PESSOAL E ENCARGOS SOCIAIS DA SEGAB;11;APOIO A ADMINISTRAÇAO PUBLICA;4;Administração;122;Administração Geral;49;3.3.90.39.99.00.00.00;OUTROS SERVIÇOS DE TERCEIROS - PESSOA JURÍDICA;1.500.000.0000;RECURSOS NÃO VINCULADOS DE IMPOSTOS;238.954,56
PREFEITURA MUNICIPAL DE BARBACENA;05.001;SEGAB;2.152;PESSOAL E ENCARGOS SOCIAIS DA SEGAB;11;APOIO A ADMINISTRAÇAO PUBLICA;4;Administração;122;Administração Geral;50;3.3.90.46.00.00.00.00;AUXÍLIO-ALIMENTAÇÃO;1.500.000.0000;RECURSOS NÃO VINCULADOS DE IMPOSTOS;65.160,00
PREFEITURA MUNICIPAL DE BARBACENA;05.001;SEGAB;2.152;PESSOAL E ENCARGOS SOCIAIS DA SEGAB;11;APOIO A ADMINISTRAÇAO PUBLICA;4;Administração;122;Administração Geral;948;3.3.90.19.00.00.00.00;AUXÍLIO-FARDAMENTO;1.500.000.0000;RECURSOS NÃO VINCULADOS DE IMPOSTOS;590,64
PREFEITURA MUNICIPAL DE BARBACENA;05.001;SEGAB;2.219;CONTRATO DE RATEIO COM O CODAMMA;11;APOIO A ADMINISTRAÇAO PUBLICA;4;Administração;122;Administração Geral;51;3.1.71.70.00.00.00.00;RATEIO PELA PARTICIPAÇÃO EM CONSÓRCIO PÚBLICO;1.500.000.0000;RECURSOS NÃO VINCULADOS DE IMPOSTOS;75.150,16
PREFEITURA MUNICIPAL DE BARBACENA;05.001;SEGAB;2.219;CONTRATO DE RATEIO COM O CODAMMA;11;APOIO A ADMINISTRAÇAO PUBLICA;4;Administração;122;Administração Geral;52;3.3.71.70.00.00.00.00;RATEIO PELA PARTICIPAÇÃO EM CONSÓRCIO PÚBLICO;1.500.000.0000;RECURSOS NÃO VINCULADOS DE IMPOSTOS;38.041,00
PREFEITURA MUNICIPAL DE BARBACENA;05.001;SEGAB;2.219;CONTRATO DE RATEIO COM O CODAMMA;11;APOIO A ADMINISTRAÇAO PUBLICA;4;Administração;122;Administração Geral;53;4.4.71.70.00.00.00.00;RATEIO PELA PARTICIPAÇÃO EM CONSÓRCIO PÚBLICO;1.500.000.0000;RECURSOS NÃO VINCULADOS DE IMPOSTOS;2.952,00
PREFEITURA MUNICIPAL DE BARBACENA;13.001;SEAPA;2.070;MANUTENÇAO DOS PARQUES DE EXPOSIÇAO E DO HORTO FLORESTAL;11;APOIO A ADMINISTRAÇAO PUBLICA;4;Administração;695;Turismo;54;3.3.90.30.06.00.00.00;ALIMENTOS PARA ANIMAIS;1.500.000.0000;RECURSOS NÃO VINCULADOS DE IMPOSTOS;6.201,93
PREFEITURA MUNICIPAL DE BARBACENA;13.001;SEAPA;2.070;MANUTENÇAO DOS PARQUES DE EXPOSIÇAO E DO HORTO FLORESTAL;11;APOIO A ADMINISTRAÇAO PUBLICA;4;Administração;695;Turismo;54;3.3.90.30.28.00.00.00;MATERIAL DE PROTEÇÃO E SEGURANÇA;1.500.000.0000;RECURSOS NÃO VINCULADOS DE IMPOSTOS;63,70
PREFEITURA MUNICIPAL DE BARBACENA;13.001;SEAPA;2.070;MANUTENÇAO DOS PARQUES DE EXPOSIÇAO E DO HORTO FLORESTAL;11;APOIO A ADMINISTRAÇAO PUBLICA;4;Administração;695;Turismo;54;3.3.90.30.99.00.00.00;OUTROS MATERIAIS DE CONSUMO;1.501.000.0000;OUTROS RECURSOS NÃO VINCULADOS;173.387,12
PREFEITURA MUNICIPAL DE BARBACENA;13.001;SEAPA;2.070;MANUTENÇAO DOS PARQUES DE EXPOSIÇAO E DO HORTO FLORESTAL;11;APOIO A ADMINISTRAÇAO PUBLICA;4;Administração;695;Turismo;56;3.3.90.39.60.00.00.00;VIGILÂNCIA OSTENSIVA;1.500.000.0000;RECURSOS NÃO VINCULADOS DE IMPOSTOS;426.031,54
PREFEITURA MUNICIPAL DE BARBACENA;13.001;SEAPA;2.070;MANUTENÇAO DOS PARQUES DE EXPOSIÇAO E DO HORTO FLORESTAL;11;APOIO A ADMINISTRAÇAO PUBLICA;4;Administração;695;Turismo;56;3.3.90.39.99.00.00.00;OUTROS SERVIÇOS DE TERCEIROS - PESSOA JURÍDICA;1.500.000.0000;RECURSOS NÃO VINCULADOS DE IMPOSTOS;67.879,34
PREFEITURA MUNICIPAL DE BARBACENA;13.001;SEAPA;2.172;PESSOAL E ENCARGOS SOCIAIS DA SEAPA;11;APOIO A ADMINISTRAÇAO PUBLICA;20;Agricultura;122;Administração Geral;58;3.1.90.04.01.00.00.00;SALÁRIO CONTRATO TEMPORÁRIO;1.500.000.0000;RECURSOS NÃO VINCULADOS DE IMPOSTOS;87.748,58
PREFEITURA MUNICIPAL DE BARBACENA;13.001;SEAPA;2.172;PESSOAL E ENCARGOS SOCIAIS DA SEAPA;11;APOIO A ADMINISTRAÇAO PUBLICA;20;Agricultura;122;Administração Geral;58;3.1.90.04.15.00.00.00;OBRIGAÇÕES PATRONAIS - CONTRATO TEMPORÁRIO;1.500.000.0000;RECURSOS NÃO VINCULADOS DE IMPOSTOS;18.040,34
PREFEITURA MUNICIPAL DE BARBACENA;13.001;SEAPA;2.172;PESSOAL E ENCARGOS SOCIAIS DA SEAPA;11;APOIO A ADMINISTRAÇAO PUBLICA;20;Agricultura;122;Administração Geral;59;3.1.90.11.09.00.00.00;SUBSÍDIO DE SECRETÁRIO MUNICIPAL;1.500.000.0000;RECURSOS NÃO VINCULADOS DE IMPOSTOS;119.838,15
PREFEITURA MUNICIPAL DE BARBACENA;13.001;SEAPA;2.172;PESSOAL E ENCARGOS SOCIAIS DA SEAPA;11;APOIO A ADMINISTRAÇAO PUBLICA;20;Agricultura;122;Administração Geral;59;3.1.90.11.01.00.00.00;VENCIMENTOS E SALÁRIOS;1.500.000.0000;RECURSOS NÃO VINCULADOS DE IMPOSTOS;720.670,69
PREFEITURA MUNICIPAL DE BARBACENA;13.001;SEAPA;2.172;PESSOAL E ENCARGOS SOCIAIS DA SEAPA;11;APOIO A ADMINISTRAÇAO PUBLICA;20;Agricultura;122;Administração Geral;59;3.1.90.11.52.00.00.00;LICENÇA SAÚDE;1.500.000.0000;RECURSOS NÃO VINCULADOS DE IMPOSTOS;11.979,82
PREFEITURA MUNICIPAL DE BARBACENA;13.001;SEAPA;2.172;PESSOAL E ENCARGOS SOCIAIS DA SEAPA;11;APOIO A ADMINISTRAÇAO PUBLICA;20;Agricultura;122;Administração Geral;60;3.1.90.13.03.00.00.00;CONTRIBUIÇÃO PATRONAL PARA INSS;1.500.000.0000;RECURSOS NÃO VINCULADOS DE IMPOSTOS;70.149,06
PREFEITURA MUNICIPAL DE BARBACENA;13.001;SEAPA;2.172;PESSOAL E ENCARGOS SOCIAIS DA SEAPA;11;APOIO A ADMINISTRAÇAO PUBLICA;20;Agricultura;122;Administração Geral;62;3.1.91.13.08.00.00.00;CONTRIB. PREV.- RPPS - PESSOAL ATIVO - PLANO PREV.;1.500.000.0000;RECURSOS NÃO VINCULADOS DE IMPOSTOS;139.579,82
PREFEITURA MUNICIPAL DE BARBACENA;13.001;SEAPA;2.172;PESSOAL E ENCARGOS SOCIAIS DA SEAPA;11;APOIO A ADMINISTRAÇAO PUBLICA;20;Agricultura;122;Administração Geral;65;3.3.90.46.00.00.00.00;AUXÍLIO-ALIMENTAÇÃO;1.500.000.0000;RECURSOS NÃO VINCULADOS DE IMPOSTOS;110.745,00
PREFEITURA MUNICIPAL DE BARBACENA;13.001;SEAPA;2.173;MANUTENÇAO DA SEAPA;11;APOIO A ADMINISTRAÇAO PUBLICA;20;Agricultura;122;Administração Geral;66;3.3.90.14.04.00.00.00;DIÁRIAS DE SECRETÁRIOS;1.500.000.0000;RECURSOS NÃO VINCULADOS DE IMPOSTOS;800,00
PREFEITURA MUNICIPAL DE BARBACENA;13.001;SEAPA;2.173;MANUTENÇAO DA SEAPA;11;APOIO A ADMINISTRAÇAO PUBLICA;20;Agricultura;122;Administração Geral;66;3.3.90.14.05.00.00.00;DIÁRIAS DE DEMAIS SERVIDORES;1.500.000.0000;RECURSOS NÃO VINCULADOS DE IMPOSTOS;1.600,00
PREFEITURA MUNICIPAL DE BARBACENA;13.001;SEAPA;2.173;MANUTENÇAO DA SEAPA;11;APOIO A ADMINISTRAÇAO PUBLICA;20;Agricultura;122;Administração Geral;67;3.3.90.30.07.00.00.00;GÊNEROS DE ALIMENTAÇÃO;1.500.000.0000;RECURSOS NÃO VINCULADOS DE IMPOSTOS;10.800,00
PREFEITURA MUNICIPAL DE BARBACENA;13.001;SEAPA;2.173;MANUTENÇAO DA SEAPA;11;APOIO A ADMINISTRAÇAO PUBLICA;20;Agricultura;122;Administração Geral;67;3.3.90.30.28.00.00.00;MATERIAL DE PROTEÇÃO E SEGURANÇA;1.500.000.0000;RECURSOS NÃO VINCULADOS DE IMPOSTOS;3.461,70
PREFEITURA MUNICIPAL DE BARBACENA;13.001;SEAPA;2.173;MANUTENÇAO DA SEAPA;11;APOIO A ADMINISTRAÇAO PUBLICA;20;Agricultura;122;Administração Geral;67;3.3.90.30.37.00.00.00;MATERIAL PARA MANUTENÇÃO DE VEÍCULOS;1.501.000.0000;OUTROS RECURSOS NÃO VINCULADOS;19.385,76
PREFEITURA MUNICIPAL DE BARBACENA;13.001;SEAPA;2.173;MANUTENÇAO DA SEAPA;11;APOIO A ADMINISTRAÇAO PUBLICA;20;Agricultura;122;Administração Geral;67;3.3.90.30.99.00.00.00;OUTROS MATERIAIS DE CONSUMO;1.501.000.0000;OUTROS RECURSOS NÃO VINCULADOS;4.652,03
PREFEITURA MUNICIPAL DE BARBACENA;13.001;SEAPA;2.173;MANUTENÇAO DA SEAPA;11;APOIO A ADMINISTRAÇAO PUBLICA;20;Agricultura;122;Administração Geral;67;3.3.90.30.99.00.00.00;OUTROS MATERIAIS DE CONSUMO;2.753.000.0000;RECURSOS PROVENIENTES DE TAXAS, CONTRIBUIÇÕES E PREÇOS PÚBLICOS;33.917,92
PREFEITURA MUNICIPAL DE BARBACENA;13.001;SEAPA;2.173;MANUTENÇAO DA SEAPA;11;APOIO A ADMINISTRAÇAO PUBLICA;20;Agricultura;122;Administração Geral;69;3.3.90.39.12.00.00.00;LOCAÇÃO DE MÁQUINAS E EQUIPAMENTOS;1.500.000.0000;RECURSOS NÃO VINCULADOS DE IMPOSTOS;6.669,90
PREFEITURA MUNICIPAL DE BARBACENA;13.001;SEAPA;2.173;MANUTENÇAO DA SEAPA;11;APOIO A ADMINISTRAÇAO PUBLICA;20;Agricultura;122;Administração Geral;69;3.3.90.39.43.00.00.00;SERVIÇOS DE TELECOMUNICAÇÕES;1.500.000.0000;RECURSOS NÃO VINCULADOS DE IMPOSTOS;2.968,43
PREFEITURA MUNICIPAL DE BARBACENA;13.001;SEAPA;2.173;MANUTENÇAO DA SEAPA;11;APOIO A ADMINISTRAÇAO PUBLICA;20;Agricultura;122;Administração Geral;69;3.3.90.39.99.00.00.00;OUTROS SERVIÇOS DE TERCEIROS - PESSOA JURÍDICA;1.500.000.0000;RECURSOS NÃO VINCULADOS DE IMPOSTOS;132.417,14
PREFEITURA MUNICIPAL DE BARBACENA;13.001;SEAPA;2.173;MANUTENÇAO DA SEAPA;11;APOIO A ADMINISTRAÇAO PUBLICA;20;Agricultura;122;Administração Geral;69;3.3.90.39.10.00.00.00;LOCAÇÃO DE IMÓVEIS;1.500.000.0000;RECURSOS NÃO VINCULADOS DE IMPOSTOS;96.000,00
PREFEITURA MUNICIPAL DE BARBACENA;13.001;SEAPA;2.173;MANUTENÇAO DA SEAPA;11;APOIO A ADMINISTRAÇAO PUBLICA;20;Agricultura;122;Administração Geral;69;3.3.90.39.05.00.00.00;SERVIÇOS TÉCNICOS PROFISSIONAIS;1.500.000.0000;RECURSOS NÃO VINCULADOS DE IMPOSTOS;10.865,00
PREFEITURA MUNICIPAL DE BARBACENA;13.001;SEAPA;2.173;MANUTENÇAO DA SEAPA;11;APOIO A ADMINISTRAÇAO PUBLICA;20;Agricultura;122;Administração Geral;69;3.3.90.39.53.00.00.00;SEGUROS EM GERAL;1.500.000.0000;RECURSOS NÃO VINCULADOS DE IMPOSTOS;3.480,00
PREFEITURA MUNICIPAL DE BARBACENA;13.001;SEAPA;2.173;MANUTENÇAO DA SEAPA;11;APOIO A ADMINISTRAÇAO PUBLICA;20;Agricultura;122;Administração Geral;69;3.3.90.39.99.00.00.00;OUTROS SERVIÇOS DE TERCEIROS - PESSOA JURÍDICA;1.501.000.0000;OUTROS RECURSOS NÃO VINCULADOS;74.463,74
PREFEITURA MUNICIPAL DE BARBACENA;13.001;SEAPA;2.173;MANUTENÇAO DA SEAPA;11;APOIO A ADMINISTRAÇAO PUBLICA;20;Agricultura;122;Administração Geral;69;3.3.90.39.30.00.00.00;SERVIÇOS DE ÁGUA E ESGOTO;1.501.000.0000;OUTROS RECURSOS NÃO VINCULADOS;0,00
PREFEITURA MUNICIPAL DE BARBACENA;13.001;SEAPA;2.173;MANUTENÇAO DA SEAPA;11;APOIO A ADMINISTRAÇAO PUBLICA;20;Agricultura;122;Administração Geral;69;3.3.90.39.43.00.00.00;SERVIÇOS DE TELECOMUNICAÇÕES;1.501.000.0000;OUTROS RECURSOS NÃO VINCULADOS;4.290,00
PREFEITURA MUNICIPAL DE BARBACENA;13.001;SEAPA;2.173;MANUTENÇAO DA SEAPA;11;APOIO A ADMINISTRAÇAO PUBLICA;20;Agricultura;122;Administração Geral;69;3.3.90.39.99.00.00.00;OUTROS SERVIÇOS DE TERCEIROS - PESSOA JURÍDICA;2.500.000.0000;RECURSOS NÃO VINCULADOS DE IMPOSTOS;40.211,75
PREFEITURA MUNICIPAL DE BARBACENA;13.001;SEAPA;2.173;MANUTENÇAO DA SEAPA;11;APOIO A ADMINISTRAÇAO PUBLICA;20;Agricultura;122;Administração Geral;71;3.3.90.47.00.00.00.00;OBRIGAÇÕES TRIBUTÁRIAS E CONTRIBUTIVAS;1.500.000.0000;RECURSOS NÃO VINCULADOS DE IMPOSTOS;608,18
PREFEITURA MUNICIPAL DE BARBACENA;13.001;SEAPA;2.173;MANUTENÇAO DA SEAPA;11;APOIO A ADMINISTRAÇAO PUBLICA;20;Agricultura;122;Administração Geral;75;4.4.90.52.99.00.00.00;OUTROS MATERIAIS PERMANENTES;1.500.000.0000;RECURSOS NÃO VINCULADOS DE IMPOSTOS;3.231,00
PREFEITURA MUNICIPAL DE BARBACENA;13.001;SEAPA;2.173;MANUTENÇAO DA SEAPA;11;APOIO A ADMINISTRAÇAO PUBLICA;20;Agricultura;122;Administração Geral;75;4.4.90.52.99.00.00.00;OUTROS MATERIAIS PERMANENTES;1.501.000.0000;OUTROS RECURSOS NÃO VINCULADOS;14.700,00
PREFEITURA MUNICIPAL DE BARBACENA;13.001;SEAPA;2.173;MANUTENÇAO DA SEAPA;11;APOIO A ADMINISTRAÇAO PUBLICA;20;Agricultura;122;Administração Geral;75;4.4.90.52.18.00.00.00;MÁQUINAS, UTENSÍLIOS E EQUIPAMENTOS DIVERSOS;1.753.000.0000;RECURSOS PROVENIENTES DE TAXAS, CONTRIBUIÇÕES E PREÇOS PÚBLICOS;29.700,00
PREFEITURA MUNICIPAL DE BARBACENA;13.001;SEAPA;2.178;APOIO E FOMENTO A PRODUÇÃO RURAL;35;DESENVOLVIMENTO RURAL;20;Agricultura;606;Extensão Rural;76;3.3.90.30.99.00.00.00;OUTROS MATERIAIS DE CONSUMO;1.500.000.0000;RECURSOS NÃO VINCULADOS DE IMPOSTOS;12.600,00
PREFEITURA MUNICIPAL DE BARBACENA;13.001;SEAPA;2.178;APOIO E FOMENTO A PRODUÇÃO RURAL;35;DESENVOLVIMENTO RURAL;20;Agricultura;606;Extensão Rural;76;3.3.90.30.31.00.00.00;SEMENTES, MUDAS DE PLANTAS E INSUMOS;1.501.000.0000;OUTROS RECURSOS NÃO VINCULADOS;100.800,00
PREFEITURA MUNICIPAL DE BARBACENA;13.001;SEAPA;2.178;APOIO E FOMENTO A PRODUÇÃO RURAL;35;DESENVOLVIMENTO RURAL;20;Agricultura;606;Extensão Rural;77;3.3.90.39.99.00.00.00;OUTROS SERVIÇOS DE TERCEIROS - PESSOA JURÍDICA;1.500.000.0000;RECURSOS NÃO VINCULADOS DE IMPOSTOS;256.256,00
PREFEITURA MUNICIPAL DE BARBACENA;13.001;SEAPA;2.178;APOIO E FOMENTO A PRODUÇÃO RURAL;35;DESENVOLVIMENTO RURAL;20;Agricultura;606;Extensão Rural;77;3.3.90.39.99.00.00.00;OUTROS SERVIÇOS DE TERCEIROS - PESSOA JURÍDICA;1.501.000.0000;OUTROS RECURSOS NÃO VINCULADOS;165.999,00
PREFEITURA MUNICIPAL DE BARBACENA;13.001;SEAPA;2.178;APOIO E FOMENTO A PRODUÇÃO RURAL;35;DESENVOLVIMENTO RURAL;20;Agricultura;606;Extensão Rural;78;3.3.90.41.00.00.00.00;CONTRIBUIÇÕES;1.501.000.0000;OUTROS RECURSOS NÃO VINCULADOS;138.892,71
PREFEITURA MUNICIPAL DE BARBACENA;13.001;SEAPA;2.178;APOIO E FOMENTO A PRODUÇÃO RURAL;35;DESENVOLVIMENTO RURAL;20;Agricultura;606;Extensão Rural;79;4.4.90.52.23.00.00.00;MÁQUINAS E EQUIPAMENTOS AGRÍCOLAS E RODOVIÁRIOS;1.500.000.0000;RECURSOS NÃO VINCULADOS DE IMPOSTOS;81.190,00
PREFEITURA MUNICIPAL DE BARBACENA;14.001;SEDEC;2.199;PESSOAL E ENCARGOS SOCIAIS DA SEDEC;11;APOIO A ADMINISTRAÇAO PUBLICA;12;Educação;122;Administração Geral;91;3.1.90.04.15.00.00.00;OBRIGAÇÕES PATRONAIS - CONTRATO TEMPORÁRIO;1.500.000.1001;RECURSOS NÃO VINCULADOS DE IMPOSTOS (EDUCAÇÃO);853.778,90
PREFEITURA MUNICIPAL DE BARBACENA;14.001;SEDEC;2.199;PESSOAL E ENCARGOS SOCIAIS DA SEDEC;11;APOIO A ADMINISTRAÇAO PUBLICA;12;Educação;122;Administração Geral;91;3.1.90.04.01.00.00.00;SALÁRIO CONTRATO TEMPORÁRIO;1.500.000.1001;RECURSOS NÃO VINCULADOS DE IMPOSTOS (EDUCAÇÃO);4.222.931,23
PREFEITURA MUNICIPAL DE BARBACENA;14.001;SEDEC;2.199;PESSOAL E ENCARGOS SOCIAIS DA SEDEC;11;APOIO A ADMINISTRAÇAO PUBLICA;12;Educação;122;Administração Geral;91;3.1.90.04.15.00.00.00;OBRIGAÇÕES PATRONAIS - CONTRATO TEMPORÁRIO;1.540.000.0000;TRANSFERÊNCIAS DO FUNDEB - IMPOSTOS E TRANSFERÊNCIAS DE IMPOSTOS (30%);28.918,76
PREFEITURA MUNICIPAL DE BARBACENA;14.001;SEDEC;2.199;PESSOAL E ENCARGOS SOCIAIS DA SEDEC;11;APOIO A ADMINISTRAÇAO PUBLICA;12;Educação;122;Administração Geral;91;3.1.90.04.01.00.00.00;SALÁRIO CONTRATO TEMPORÁRIO;1.540.000.0000;TRANSFERÊNCIAS DO FUNDEB - IMPOSTOS E TRANSFERÊNCIAS DE IMPOSTOS (30%);130.894,40
PREFEITURA MUNICIPAL DE BARBACENA;14.001;SEDEC;2.199;PESSOAL E ENCARGOS SOCIAIS DA SEDEC;11;APOIO A ADMINISTRAÇAO PUBLICA;12;Educação;122;Administração Geral;92;3.1.90.11.01.00.00.00;VENCIMENTOS E SALÁRIOS;1.500.000.1001;RECURSOS NÃO VINCULADOS DE IMPOSTOS (EDUCAÇÃO);1.010.649,68
PREFEITURA MUNICIPAL DE BARBACENA;14.001;SEDEC;2.199;PESSOAL E ENCARGOS SOCIAIS DA SEDEC;11;APOIO A ADMINISTRAÇAO PUBLICA;12;Educação;122;Administração Geral;92;3.1.90.11.52.00.00.00;LICENÇA SAÚDE;1.500.000.1001;RECURSOS NÃO VINCULADOS DE IMPOSTOS (EDUCAÇÃO);17.282,13
PREFEITURA MUNICIPAL DE BARBACENA;14.001;SEDEC;2.199;PESSOAL E ENCARGOS SOCIAIS DA SEDEC;11;APOIO A ADMINISTRAÇAO PUBLICA;12;Educação;122;Administração Geral;92;3.1.90.11.09.00.00.00;SUBSÍDIO DE SECRETÁRIO MUNICIPAL;1.500.000.1001;RECURSOS NÃO VINCULADOS DE IMPOSTOS (EDUCAÇÃO);116.842,20
PREFEITURA MUNICIPAL DE BARBACENA;14.001;SEDEC;2.199;PESSOAL E ENCARGOS SOCIAIS DA SEDEC;11;APOIO A ADMINISTRAÇAO PUBLICA;12;Educação;122;Administração Geral;93;3.1.90.13.03.00.00.00;CONTRIBUIÇÃO PATRONAL PARA INSS;1.500.000.1001;RECURSOS NÃO VINCULADOS DE IMPOSTOS (EDUCAÇÃO);99.741,41
PREFEITURA MUNICIPAL DE BARBACENA;14.001;SEDEC;2.199;PESSOAL E ENCARGOS SOCIAIS DA SEDEC;11;APOIO A ADMINISTRAÇAO PUBLICA;12;Educação;122;Administração Geral;93;3.1.90.13.99.00.00.00;OUTRAS OBRIGAÇÕES;1.500.000.1001;RECURSOS NÃO VINCULADOS DE IMPOSTOS (EDUCAÇÃO);7.406,04
PREFEITURA MUNICIPAL DE BARBACENA;14.001;SEDEC;2.199;PESSOAL E ENCARGOS SOCIAIS DA SEDEC;11;APOIO A ADMINISTRAÇAO PUBLICA;12;Educação;122;Administração Geral;96;3.1.91.13.08.00.00.00;CONTRIB. PREV.- RPPS - PESSOAL ATIVO - PLANO PREV.;1.500.000.1001;RECURSOS NÃO VINCULADOS DE IMPOSTOS (EDUCAÇÃO);151.641,68
PREFEITURA MUNICIPAL DE BARBACENA;14.001;SEDEC;2.199;PESSOAL E ENCARGOS SOCIAIS DA SEDEC;11;APOIO A ADMINISTRAÇAO PUBLICA;12;Educação;122;Administração Geral;97;3.3.90.08.56.00.00.00;SALÁRIO FAMÍLIA;1.500.000.1001;RECURSOS NÃO VINCULADOS DE IMPOSTOS (EDUCAÇÃO);788,40
PREFEITURA MUNICIPAL DE BARBACENA;14.001;SEDEC;2.199;PESSOAL E ENCARGOS SOCIAIS DA SEDEC;11;APOIO A ADMINISTRAÇAO PUBLICA;12;Educação;122;Administração Geral;99;3.3.90.46.00.00.00.00;AUXÍLIO-ALIMENTAÇÃO;1.500.000.1001;RECURSOS NÃO VINCULADOS DE IMPOSTOS (EDUCAÇÃO);1.159.301,59
PREFEITURA MUNICIPAL DE BARBACENA;14.001;SEDEC;2.199;PESSOAL E ENCARGOS SOCIAIS DA SEDEC;11;APOIO A ADMINISTRAÇAO PUBLICA;12;Educação;122;Administração Geral;99;3.3.90.46.00.00.00.00;AUXÍLIO-ALIMENTAÇÃO;1.540.000.0000;TRANSFERÊNCIAS DO FUNDEB - IMPOSTOS E TRANSFERÊNCIAS DE IMPOSTOS (30%);25.250,00
PREFEITURA MUNICIPAL DE BARBACENA;14.001;SEDEC;2.200;MANUTENÇAO DA SEDEC;11;APOIO A ADMINISTRAÇAO PUBLICA;12;Educação;122;Administração Geral;100;3.3.90.14.05.00.00.00;DIÁRIAS DE DEMAIS SERVIDORES;1.500.000.1001;RECURSOS NÃO VINCULADOS DE IMPOSTOS (EDUCAÇÃO);10.000,00
PREFEITURA MUNICIPAL DE BARBACENA;14.001;SEDEC;2.200;MANUTENÇAO DA SEDEC;11;APOIO A ADMINISTRAÇAO PUBLICA;12;Educação;122;Administração Geral;100;3.3.90.14.04.00.00.00;DIÁRIAS DE SECRETÁRIOS;1.500.000.1001;RECURSOS NÃO VINCULADOS DE IMPOSTOS (EDUCAÇÃO);4.600,00
PREFEITURA MUNICIPAL DE BARBACENA;14.001;SEDEC;2.200;MANUTENÇAO DA SEDEC;11;APOIO A ADMINISTRAÇAO PUBLICA;12;Educação;122;Administração Geral;101;3.3.90.30.37.00.00.00;MATERIAL PARA MANUTENÇÃO DE VEÍCULOS;1.500.000.1001;RECURSOS NÃO VINCULADOS DE IMPOSTOS (EDUCAÇÃO);2.886,46
PREFEITURA MUNICIPAL DE BARBACENA;14.001;SEDEC;2.200;MANUTENÇAO DA SEDEC;11;APOIO A ADMINISTRAÇAO PUBLICA;12;Educação;122;Administração Geral;101;3.3.90.30.16.00.00.00;MATERIAL DE EXPEDIENTE;1.500.000.1001;RECURSOS NÃO VINCULADOS DE IMPOSTOS (EDUCAÇÃO);13.782,66
PREFEITURA MUNICIPAL DE BARBACENA;14.001;SEDEC;2.200;MANUTENÇAO DA SEDEC;11;APOIO A ADMINISTRAÇAO PUBLICA;12;Educação;122;Administração Geral;101;3.3.90.30.99.00.00.00;OUTROS MATERIAIS DE CONSUMO;1.500.000.1001;RECURSOS NÃO VINCULADOS DE IMPOSTOS (EDUCAÇÃO);127.739,78
PREFEITURA MUNICIPAL DE BARBACENA;14.001;SEDEC;2.200;MANUTENÇAO DA SEDEC;11;APOIO A ADMINISTRAÇAO PUBLICA;12;Educação;122;Administração Geral;101;3.3.90.30.28.00.00.00;MATERIAL DE PROTEÇÃO E SEGURANÇA;1.500.000.1001;RECURSOS NÃO VINCULADOS DE IMPOSTOS (EDUCAÇÃO);939,20
PREFEITURA MUNICIPAL DE BARBACENA;14.001;SEDEC;2.200;MANUTENÇAO DA SEDEC;11;APOIO A ADMINISTRAÇAO PUBLICA;12;Educação;122;Administração Geral;102;3.3.90.33.99.00.00.00;OUTRAS DESPESAS COM LOCOMOÇÃO;1.500.000.1001;RECURSOS NÃO VINCULADOS DE IMPOSTOS (EDUCAÇÃO);1.850,00
PREFEITURA MUNICIPAL DE BARBACENA;14.001;SEDEC;2.200;MANUTENÇAO DA SEDEC;11;APOIO A ADMINISTRAÇAO PUBLICA;12;Educação;122;Administração Geral;103;3.3.90.36.14.00.00.00;LOCAÇÃO DE IMÓVEIS;1.500.000.1001;RECURSOS NÃO VINCULADOS DE IMPOSTOS (EDUCAÇÃO);106.693,84
PREFEITURA MUNICIPAL DE BARBACENA;14.001;SEDEC;2.200;MANUTENÇAO DA SEDEC;11;APOIO A ADMINISTRAÇAO PUBLICA;12;Educação;122;Administração Geral;104;3.3.90.39.05.00.00.00;SERVIÇOS TÉCNICOS PROFISSIONAIS;1.500.000.0000;RECURSOS NÃO VINCULADOS DE IMPOSTOS;15.225,00
PREFEITURA MUNICIPAL DE BARBACENA;14.001;SEDEC;2.200;MANUTENÇAO DA SEDEC;11;APOIO A ADMINISTRAÇAO PUBLICA;12;Educação;122;Administração Geral;104;3.3.90.39.99.00.00.00;OUTROS SERVIÇOS DE TERCEIROS - PESSOA JURÍDICA;1.500.000.0000;RECURSOS NÃO VINCULADOS DE IMPOSTOS;8.126,20
PREFEITURA MUNICIPAL DE BARBACENA;14.001;SEDEC;2.200;MANUTENÇAO DA SEDEC;11;APOIO A ADMINISTRAÇAO PUBLICA;12;Educação;122;Administração Geral;104;3.3.90.39.43.00.00.00;SERVIÇOS DE TELECOMUNICAÇÕES;1.500.000.0000;RECURSOS NÃO VINCULADOS DE IMPOSTOS;2.221,29
PREFEITURA MUNICIPAL DE BARBACENA;14.001;SEDEC;2.200;MANUTENÇAO DA SEDEC;11;APOIO A ADMINISTRAÇAO PUBLICA;12;Educação;122;Administração Geral;104;3.3.90.39.10.00.00.00;LOCAÇÃO DE IMÓVEIS;1.500.000.0000;RECURSOS NÃO VINCULADOS DE IMPOSTOS;15.000,00
PREFEITURA MUNICIPAL DE BARBACENA;14.001;SEDEC;2.200;MANUTENÇAO DA SEDEC;11;APOIO A ADMINISTRAÇAO PUBLICA;12;Educação;122;Administração Geral;104;3.3.90.39.10.00.00.00;LOCAÇÃO DE IMÓVEIS;1.500.000.1001;RECURSOS NÃO VINCULADOS DE IMPOSTOS (EDUCAÇÃO);45.000,00
PREFEITURA MUNICIPAL DE BARBACENA;14.001;SEDEC;2.200;MANUTENÇAO DA SEDEC;11;APOIO A ADMINISTRAÇAO PUBLICA;12;Educação;122;Administração Geral;104;3.3.90.39.12.00.00.00;LOCAÇÃO DE MÁQUINAS E EQUIPAMENTOS;1.500.000.1001;RECURSOS NÃO VINCULADOS DE IMPOSTOS (EDUCAÇÃO);16.674,75
PREFEITURA MUNICIPAL DE BARBACENA;14.001;SEDEC;2.200;MANUTENÇAO DA SEDEC;11;APOIO A ADMINISTRAÇAO PUBLICA;12;Educação;122;Administração Geral;104;3.3.90.39.43.00.00.00;SERVIÇOS DE TELECOMUNICAÇÕES;1.500.000.1001;RECURSOS NÃO VINCULADOS DE IMPOSTOS (EDUCAÇÃO);27.823,70
PREFEITURA MUNICIPAL DE BARBACENA;14.001;SEDEC;2.200;MANUTENÇAO DA SEDEC;11;APOIO A ADMINISTRAÇAO PUBLICA;12;Educação;122;Administração Geral;104;3.3.90.39.99.00.00.00;OUTROS SERVIÇOS DE TERCEIROS - PESSOA JURÍDICA;1.500.000.1001;RECURSOS NÃO VINCULADOS DE IMPOSTOS (EDUCAÇÃO);208.171,44
PREFEITURA MUNICIPAL DE BARBACENA;14.001;SEDEC;2.200;MANUTENÇAO DA SEDEC;11;APOIO A ADMINISTRAÇAO PUBLICA;12;Educação;122;Administração Geral;104;3.3.90.39.05.00.00.00;SERVIÇOS TÉCNICOS PROFISSIONAIS;1.500.000.1001;RECURSOS NÃO VINCULADOS DE IMPOSTOS (EDUCAÇÃO);4.000,00
PREFEITURA MUNICIPAL DE BARBACENA;14.001;SEDEC;2.200;MANUTENÇAO DA SEDEC;11;APOIO A ADMINISTRAÇAO PUBLICA;12;Educação;122;Administração Geral;104;3.3.90.39.30.00.00.00;SERVIÇOS DE ÁGUA E ESGOTO;1.500.000.1001;RECURSOS NÃO VINCULADOS DE IMPOSTOS (EDUCAÇÃO);3.000,00
PREFEITURA MUNICIPAL DE BARBACENA;14.001;SEDEC;2.200;MANUTENÇAO DA SEDEC;11;APOIO A ADMINISTRAÇAO PUBLICA;12;Educação;122;Administração Geral;104;3.3.90.39.29.00.00.00;SERVIÇOS DE ENERGIA ELÉTRICA;1.500.000.1001;RECURSOS NÃO VINCULADOS DE IMPOSTOS (EDUCAÇÃO);10.000,00
PREFEITURA MUNICIPAL DE BARBACENA;14.001;SEDEC;2.200;MANUTENÇAO DA SEDEC;11;APOIO A ADMINISTRAÇAO PUBLICA;12;Educação;122;Administração Geral;109;3.3.90.93.03.00.00.00;OUTRAS INDENIZAÇÕES E RESTITUIÇÕES;1.500.000.1001;RECURSOS NÃO VINCULADOS DE IMPOSTOS (EDUCAÇÃO);42.799,70
PREFEITURA MUNICIPAL DE BARBACENA;14.001;SEDEC;2.200;MANUTENÇAO DA SEDEC;11;APOIO A ADMINISTRAÇAO PUBLICA;12;Educação;122;Administração Geral;110;4.4.90.52.99.00.00.00;OUTROS MATERIAIS PERMANENTES;1.500.000.1001;RECURSOS NÃO VINCULADOS DE IMPOSTOS (EDUCAÇÃO);3.231,00
PREFEITURA MUNICIPAL DE BARBACENA;14.001;SEDEC;2.200;MANUTENÇAO DA SEDEC;11;APOIO A ADMINISTRAÇAO PUBLICA;12;Educação;122;Administração Geral;967;3.1.90.94.01.00.00.00;INDENIZAÇÕES E RESTITUIÇÕES TRAB. ATIVO CIVIL;1.500.000.1001;RECURSOS NÃO VINCULADOS DE IMPOSTOS (EDUCAÇÃO);17.320,33
PREFEITURA MUNICIPAL DE BARBACENA;14.001;SEDEC;2.721;DIGITALIZAÇÃO E OTIMIZAÇÃO DAS ATIVIDADES DA GEFUS;11;APOIO A ADMINISTRAÇAO PUBLICA;12;Educação;122;Administração Geral;112;3.3.90.39.99.00.00.00;OUTROS SERVIÇOS DE TERCEIROS - PESSOA JURÍDICA;1.500.000.1001;RECURSOS NÃO VINCULADOS DE IMPOSTOS (EDUCAÇÃO);5.669,20
PREFEITURA MUNICIPAL DE BARBACENA;14.001;SEDEC;2.080;MANUTENCAO DAS UNIDADES DE ENSINO DA EDUCACAO INFANTIL;14;GESTÃO DA EDUCAÇÃO INFANTIL;12;Educação;365;Educação Infantil;158;3.3.90.30.07.00.00.00;GÊNEROS DE ALIMENTAÇÃO;1.500.000.0000;RECURSOS NÃO VINCULADOS DE IMPOSTOS;59.131,46
PREFEITURA MUNICIPAL DE BARBACENA;14.001;SEDEC;2.080;MANUTENCAO DAS UNIDADES DE ENSINO DA EDUCACAO INFANTIL;14;GESTÃO DA EDUCAÇÃO INFANTIL;12;Educação;365;Educação Infantil;158;3.3.90.30.22.00.00.00;MATERIAL DE LIMPEZA E PRODUÇÃO DE HIGIENIZAÇÃO;1.500.000.1001;RECURSOS NÃO VINCULADOS DE IMPOSTOS (EDUCAÇÃO);34.857,48
PREFEITURA MUNICIPAL DE BARBACENA;14.001;SEDEC;2.080;MANUTENCAO DAS UNIDADES DE ENSINO DA EDUCACAO INFANTIL;14;GESTÃO DA EDUCAÇÃO INFANTIL;12;Educação;365;Educação Infantil;158;3.3.90.30.04.00.00.00;GÁS ENGARRAFADO;1.500.000.1001;RECURSOS NÃO VINCULADOS DE IMPOSTOS (EDUCAÇÃO);35.649,58
PREFEITURA MUNICIPAL DE BARBACENA;14.001;SEDEC;2.080;MANUTENCAO DAS UNIDADES DE ENSINO DA EDUCACAO INFANTIL;14;GESTÃO DA EDUCAÇÃO INFANTIL;12;Educação;365;Educação Infantil;158;3.3.90.30.16.00.00.00;MATERIAL DE EXPEDIENTE;1.500.000.1001;RECURSOS NÃO VINCULADOS DE IMPOSTOS (EDUCAÇÃO);11.901,50
PREFEITURA MUNICIPAL DE BARBACENA;14.001;SEDEC;2.080;MANUTENCAO DAS UNIDADES DE ENSINO DA EDUCACAO INFANTIL;14;GESTÃO DA EDUCAÇÃO INFANTIL;12;Educação;365;Educação Infantil;158;3.3.90.30.28.00.00.00;MATERIAL DE PROTEÇÃO E SEGURANÇA;1.500.000.1001;RECURSOS NÃO VINCULADOS DE IMPOSTOS (EDUCAÇÃO);182,00
PREFEITURA MUNICIPAL DE BARBACENA;14.001;SEDEC;2.080;MANUTENCAO DAS UNIDADES DE ENSINO DA EDUCACAO INFANTIL;14;GESTÃO DA EDUCAÇÃO INFANTIL;12;Educação;365;Educação Infantil;158;3.3.90.30.07.00.00.00;GÊNEROS DE ALIMENTAÇÃO;1.552.000.0000;PNAE - TRANSFERÊNCIAS DE RECURSOS DO FNDE REFERENTES AO PROGRAMA NACIONAL DE ALIMENTAÇÃO ESCOLAR;272.744,70
PREFEITURA MUNICIPAL DE BARBACENA;14.001;SEDEC;2.080;MANUTENCAO DAS UNIDADES DE ENSINO DA EDUCACAO INFANTIL;14;GESTÃO DA EDUCAÇÃO INFANTIL;12;Educação;365;Educação Infantil;158;3.3.90.30.23.00.00.00;UNIFORMES, TECIDOS E AVIAMENTOS;2.550.000.0000;QESE - TRANSFERÊNCIA DO SALÁRIO-EDUCAÇÃO;930.709,26
PREFEITURA MUNICIPAL DE BARBACENA;14.001;SEDEC;2.080;MANUTENCAO DAS UNIDADES DE ENSINO DA EDUCACAO INFANTIL;14;GESTÃO DA EDUCAÇÃO INFANTIL;12;Educação;365;Educação Infantil;160;3.3.90.39.99.00.00.00;OUTROS SERVIÇOS DE TERCEIROS - PESSOA JURÍDICA;1.500.000.1001;RECURSOS NÃO VINCULADOS DE IMPOSTOS (EDUCAÇÃO);2.975.436,27
PREFEITURA MUNICIPAL DE BARBACENA;14.001;SEDEC;2.080;MANUTENCAO DAS UNIDADES DE ENSINO DA EDUCACAO INFANTIL;14;GESTÃO DA EDUCAÇÃO INFANTIL;12;Educação;365;Educação Infantil;160;3.3.90.39.48.00.00.00;SERVIÇOS GRÁFICOS;1.500.000.1001;RECURSOS NÃO VINCULADOS DE IMPOSTOS (EDUCAÇÃO);0,00
PREFEITURA MUNICIPAL DE BARBACENA;14.001;SEDEC;2.080;MANUTENCAO DAS UNIDADES DE ENSINO DA EDUCACAO INFANTIL;14;GESTÃO DA EDUCAÇÃO INFANTIL;12;Educação;365;Educação Infantil;162;3.3.90.93.03.00.00.00;OUTRAS INDENIZAÇÕES E RESTITUIÇÕES;1.569.000.0000;OUTRAS TRANSFERÊNCIAS DE RECURSOS DO FNDE;1.236,59
PREFEITURA MUNICIPAL DE BARBACENA;14.001;SEDEC;2.080;MANUTENCAO DAS UNIDADES DE ENSINO DA EDUCACAO INFANTIL;14;GESTÃO DA EDUCAÇÃO INFANTIL;12;Educação;365;Educação Infantil;163;4.4.90.51.01.00.00.00;OBRAS E INSTALAÇÕES DE DOMÍNIO PÚBLICO;1.500.000.1001;RECURSOS NÃO VINCULADOS DE IMPOSTOS (EDUCAÇÃO);86.584,81
PREFEITURA MUNICIPAL DE BARBACENA;14.001;SEDEC;2.080;MANUTENCAO DAS UNIDADES DE ENSINO DA EDUCACAO INFANTIL;14;GESTÃO DA EDUCAÇÃO INFANTIL;12;Educação;365;Educação Infantil;163;4.4.90.51.01.00.00.00;OBRAS E INSTALAÇÕES DE DOMÍNIO PÚBLICO;2.550.000.0000;QESE - TRANSFERÊNCIA DO SALÁRIO-EDUCAÇÃO;106.952,25
PREFEITURA MUNICIPAL DE BARBACENA;14.001;SEDEC;2.082;PESSOAL E ENCARGOS SOCIAIS DA EDUCACAO INFANTIL;14;GESTÃO DA EDUCAÇÃO INFANTIL;12;Educação;365;Educação Infantil;165;3.1.90.04.15.00.00.00;OBRIGAÇÕES PATRONAIS - CONTRATO TEMPORÁRIO;1.500.000.1001;RECURSOS NÃO VINCULADOS DE IMPOSTOS (EDUCAÇÃO);145.945,38
PREFEITURA MUNICIPAL DE BARBACENA;14.001;SEDEC;2.082;PESSOAL E ENCARGOS SOCIAIS DA EDUCACAO INFANTIL;14;GESTÃO DA EDUCAÇÃO INFANTIL;12;Educação;365;Educação Infantil;165;3.1.90.04.01.00.00.00;SALÁRIO CONTRATO TEMPORÁRIO;1.500.000.1001;RECURSOS NÃO VINCULADOS DE IMPOSTOS (EDUCAÇÃO);701.609,62
PREFEITURA MUNICIPAL DE BARBACENA;14.001;SEDEC;2.082;PESSOAL E ENCARGOS SOCIAIS DA EDUCACAO INFANTIL;14;GESTÃO DA EDUCAÇÃO INFANTIL;12;Educação;365;Educação Infantil;165;3.1.90.04.15.00.00.00;OBRIGAÇÕES PATRONAIS - CONTRATO TEMPORÁRIO;1.540.000.0000;TRANSFERÊNCIAS DO FUNDEB - IMPOSTOS E TRANSFERÊNCIAS DE IMPOSTOS (30%);81.548,09
PREFEITURA MUNICIPAL DE BARBACENA;14.001;SEDEC;2.082;PESSOAL E ENCARGOS SOCIAIS DA EDUCACAO INFANTIL;14;GESTÃO DA EDUCAÇÃO INFANTIL;12;Educação;365;Educação Infantil;165;3.1.90.04.01.00.00.00;SALÁRIO CONTRATO TEMPORÁRIO;1.540.000.0000;TRANSFERÊNCIAS DO FUNDEB - IMPOSTOS E TRANSFERÊNCIAS DE IMPOSTOS (30%);378.611,13
PREFEITURA MUNICIPAL DE BARBACENA;14.001;SEDEC;2.082;PESSOAL E ENCARGOS SOCIAIS DA EDUCACAO INFANTIL;14;GESTÃO DA EDUCAÇÃO INFANTIL;12;Educação;365;Educação Infantil;165;3.1.90.04.01.00.00.00;SALÁRIO CONTRATO TEMPORÁRIO;1.540.000.1070;TRANSFERÊNCIAS DO FUNDEB - IMPOSTOS E TRANSFERÊNCIAS DE IMPOSTOS (70% -PAGTO DA REMUNERAÇÃO DOS PROFISSIONAIS DA EDUCAÇÃO BÁSICA EM EFETIVO EXERCÍCIO);1.739.754,46
PREFEITURA MUNICIPAL DE BARBACENA;14.001;SEDEC;2.082;PESSOAL E ENCARGOS SOCIAIS DA EDUCACAO INFANTIL;14;GESTÃO DA EDUCAÇÃO INFANTIL;12;Educação;365;Educação Infantil;165;3.1.90.04.15.00.00.00;OBRIGAÇÕES PATRONAIS - CONTRATO TEMPORÁRIO;1.540.000.1070;TRANSFERÊNCIAS DO FUNDEB - IMPOSTOS E TRANSFERÊNCIAS DE IMPOSTOS (70% -PAGTO DA REMUNERAÇÃO DOS PROFISSIONAIS DA EDUCAÇÃO BÁSICA EM EFETIVO EXERCÍCIO);343.056,75
PREFEITURA MUNICIPAL DE BARBACENA;14.001;SEDEC;2.082;PESSOAL E ENCARGOS SOCIAIS DA EDUCACAO INFANTIL;14;GESTÃO DA EDUCAÇÃO INFANTIL;12;Educação;365;Educação Infantil;166;3.1.90.11.01.00.00.00;VENCIMENTOS E SALÁRIOS;1.500.000.1001;RECURSOS NÃO VINCULADOS DE IMPOSTOS (EDUCAÇÃO);1.028.153,40
PREFEITURA MUNICIPAL DE BARBACENA;14.001;SEDEC;2.082;PESSOAL E ENCARGOS SOCIAIS DA EDUCACAO INFANTIL;14;GESTÃO DA EDUCAÇÃO INFANTIL;12;Educação;365;Educação Infantil;166;3.1.90.11.52.00.00.00;LICENÇA SAÚDE;1.500.000.1001;RECURSOS NÃO VINCULADOS DE IMPOSTOS (EDUCAÇÃO);20.781,75
PREFEITURA MUNICIPAL DE BARBACENA;14.001;SEDEC;2.082;PESSOAL E ENCARGOS SOCIAIS DA EDUCACAO INFANTIL;14;GESTÃO DA EDUCAÇÃO INFANTIL;12;Educação;365;Educação Infantil;166;3.1.90.11.52.00.00.00;LICENÇA SAÚDE;1.540.000.0000;TRANSFERÊNCIAS DO FUNDEB - IMPOSTOS E TRANSFERÊNCIAS DE IMPOSTOS (30%);8.886,92
PREFEITURA MUNICIPAL DE BARBACENA;14.001;SEDEC;2.082;PESSOAL E ENCARGOS SOCIAIS DA EDUCACAO INFANTIL;14;GESTÃO DA EDUCAÇÃO INFANTIL;12;Educação;365;Educação Infantil;166;3.1.90.11.01.00.00.00;VENCIMENTOS E SALÁRIOS;1.540.000.0000;TRANSFERÊNCIAS DO FUNDEB - IMPOSTOS E TRANSFERÊNCIAS DE IMPOSTOS (30%);57.441,73
PREFEITURA MUNICIPAL DE BARBACENA;14.001;SEDEC;2.082;PESSOAL E ENCARGOS SOCIAIS DA EDUCACAO INFANTIL;14;GESTÃO DA EDUCAÇÃO INFANTIL;12;Educação;365;Educação Infantil;166;3.1.90.11.01.00.00.00;VENCIMENTOS E SALÁRIOS;1.540.000.1070;TRANSFERÊNCIAS DO FUNDEB - IMPOSTOS E TRANSFERÊNCIAS DE IMPOSTOS (70% -PAGTO DA REMUNERAÇÃO DOS PROFISSIONAIS DA EDUCAÇÃO BÁSICA EM EFETIVO EXERCÍCIO);4.122.570,66
PREFEITURA MUNICIPAL DE BARBACENA;14.001;SEDEC;2.082;PESSOAL E ENCARGOS SOCIAIS DA EDUCACAO INFANTIL;14;GESTÃO DA EDUCAÇÃO INFANTIL;12;Educação;365;Educação Infantil;166;3.1.90.11.50.00.00.00;SALÁRIO MATERNIDADE;1.540.000.1070;TRANSFERÊNCIAS DO FUNDEB - IMPOSTOS E TRANSFERÊNCIAS DE IMPOSTOS (70% -PAGTO DA REMUNERAÇÃO DOS PROFISSIONAIS DA EDUCAÇÃO BÁSICA EM EFETIVO EXERCÍCIO);50.397,51
PREFEITURA MUNICIPAL DE BARBACENA;14.001;SEDEC;2.082;PESSOAL E ENCARGOS SOCIAIS DA EDUCACAO INFANTIL;14;GESTÃO DA EDUCAÇÃO INFANTIL;12;Educação;365;Educação Infantil;166;3.1.90.11.52.00.00.00;LICENÇA SAÚDE;1.540.000.1070;TRANSFERÊNCIAS DO FUNDEB - IMPOSTOS E TRANSFERÊNCIAS DE IMPOSTOS (70% -PAGTO DA REMUNERAÇÃO DOS PROFISSIONAIS DA EDUCAÇÃO BÁSICA EM EFETIVO EXERCÍCIO);167.727,56
PREFEITURA MUNICIPAL DE BARBACENA;14.001;SEDEC;2.082;PESSOAL E ENCARGOS SOCIAIS DA EDUCACAO INFANTIL;14;GESTÃO DA EDUCAÇÃO INFANTIL;12;Educação;365;Educação Infantil;168;3.1.91.13.08.00.00.00;CONTRIB. PREV.- RPPS - PESSOAL ATIVO - PLANO PREV.;1.500.000.1001;RECURSOS NÃO VINCULADOS DE IMPOSTOS (EDUCAÇÃO);275.425,16
PREFEITURA MUNICIPAL DE BARBACENA;14.001;SEDEC;2.082;PESSOAL E ENCARGOS SOCIAIS DA EDUCACAO INFANTIL;14;GESTÃO DA EDUCAÇÃO INFANTIL;12;Educação;365;Educação Infantil;168;3.1.91.13.08.00.00.00;CONTRIB. PREV.- RPPS - PESSOAL ATIVO - PLANO PREV.;1.540.000.0000;TRANSFERÊNCIAS DO FUNDEB - IMPOSTOS E TRANSFERÊNCIAS DE IMPOSTOS (30%);18.685,07
PREFEITURA MUNICIPAL DE BARBACENA;14.001;SEDEC;2.082;PESSOAL E ENCARGOS SOCIAIS DA EDUCACAO INFANTIL;14;GESTÃO DA EDUCAÇÃO INFANTIL;12;Educação;365;Educação Infantil;168;3.1.91.13.08.00.00.00;CONTRIB. PREV.- RPPS - PESSOAL ATIVO - PLANO PREV.;1.540.000.1070;TRANSFERÊNCIAS DO FUNDEB - IMPOSTOS E TRANSFERÊNCIAS DE IMPOSTOS (70% -PAGTO DA REMUNERAÇÃO DOS PROFISSIONAIS DA EDUCAÇÃO BÁSICA EM EFETIVO EXERCÍCIO);1.183.436,47
PREFEITURA MUNICIPAL DE BARBACENA;14.001;SEDEC;2.082;PESSOAL E ENCARGOS SOCIAIS DA EDUCACAO INFANTIL;14;GESTÃO DA EDUCAÇÃO INFANTIL;12;Educação;365;Educação Infantil;169;3.3.90.08.56.00.00.00;SALÁRIO FAMÍLIA;1.500.000.1001;RECURSOS NÃO VINCULADOS DE IMPOSTOS (EDUCAÇÃO);392,40
PREFEITURA MUNICIPAL DE BARBACENA;14.001;SEDEC;2.082;PESSOAL E ENCARGOS SOCIAIS DA EDUCACAO INFANTIL;14;GESTÃO DA EDUCAÇÃO INFANTIL;12;Educação;365;Educação Infantil;169;3.3.90.08.05.00.00.00;AUXÍLIO NATALIDADE;1.540.000.0000;TRANSFERÊNCIAS DO FUNDEB - IMPOSTOS E TRANSFERÊNCIAS DE IMPOSTOS (30%);1.816,00
PREFEITURA MUNICIPAL DE BARBACENA;14.001;SEDEC;2.082;PESSOAL E ENCARGOS SOCIAIS DA EDUCACAO INFANTIL;14;GESTÃO DA EDUCAÇÃO INFANTIL;12;Educação;365;Educação Infantil;169;3.3.90.08.56.00.00.00;SALÁRIO FAMÍLIA;1.540.000.0000;TRANSFERÊNCIAS DO FUNDEB - IMPOSTOS E TRANSFERÊNCIAS DE IMPOSTOS (30%);1.177,20
PREFEITURA MUNICIPAL DE BARBACENA;14.001;SEDEC;2.082;PESSOAL E ENCARGOS SOCIAIS DA EDUCACAO INFANTIL;14;GESTÃO DA EDUCAÇÃO INFANTIL;12;Educação;365;Educação Infantil;171;3.3.90.46.00.00.00.00;AUXÍLIO-ALIMENTAÇÃO;1.500.000.1001;RECURSOS NÃO VINCULADOS DE IMPOSTOS (EDUCAÇÃO);378.026,57
PREFEITURA MUNICIPAL DE BARBACENA;14.001;SEDEC;2.082;PESSOAL E ENCARGOS SOCIAIS DA EDUCACAO INFANTIL;14;GESTÃO DA EDUCAÇÃO INFANTIL;12;Educação;365;Educação Infantil;171;3.3.90.46.00.00.00.00;AUXÍLIO-ALIMENTAÇÃO;1.540.000.0000;TRANSFERÊNCIAS DO FUNDEB - IMPOSTOS E TRANSFERÊNCIAS DE IMPOSTOS (30%);564.269,90
PREFEITURA MUNICIPAL DE BARBACENA;14.001;SEDEC;2.135;MANUTENÇÃO DE CRECHES;14;GESTÃO DA EDUCAÇÃO INFANTIL;12;Educação;365;Educação Infantil;172;3.3.90.30.07.00.00.00;GÊNEROS DE ALIMENTAÇÃO;1.500.000.0000;RECURSOS NÃO VINCULADOS DE IMPOSTOS;6.945,13
PREFEITURA MUNICIPAL DE BARBACENA;14.001;SEDEC;2.135;MANUTENÇÃO DE CRECHES;14;GESTÃO DA EDUCAÇÃO INFANTIL;12;Educação;365;Educação Infantil;172;3.3.90.30.04.00.00.00;GÁS ENGARRAFADO;1.500.000.1001;RECURSOS NÃO VINCULADOS DE IMPOSTOS (EDUCAÇÃO);24.256,62
PREFEITURA MUNICIPAL DE BARBACENA;14.001;SEDEC;2.135;MANUTENÇÃO DE CRECHES;14;GESTÃO DA EDUCAÇÃO INFANTIL;12;Educação;365;Educação Infantil;172;3.3.90.30.16.00.00.00;MATERIAL DE EXPEDIENTE;1.500.000.1001;RECURSOS NÃO VINCULADOS DE IMPOSTOS (EDUCAÇÃO);5.665,22
PREFEITURA MUNICIPAL DE BARBACENA;14.001;SEDEC;2.135;MANUTENÇÃO DE CRECHES;14;GESTÃO DA EDUCAÇÃO INFANTIL;12;Educação;365;Educação Infantil;172;3.3.90.30.22.00.00.00;MATERIAL DE LIMPEZA E PRODUÇÃO DE HIGIENIZAÇÃO;1.500.000.1001;RECURSOS NÃO VINCULADOS DE IMPOSTOS (EDUCAÇÃO);29.765,68
PREFEITURA MUNICIPAL DE BARBACENA;14.001;SEDEC;2.135;MANUTENÇÃO DE CRECHES;14;GESTÃO DA EDUCAÇÃO INFANTIL;12;Educação;365;Educação Infantil;172;3.3.90.30.28.00.00.00;MATERIAL DE PROTEÇÃO E SEGURANÇA;1.500.000.1001;RECURSOS NÃO VINCULADOS DE IMPOSTOS (EDUCAÇÃO);309,40
PREFEITURA MUNICIPAL DE BARBACENA;14.001;SEDEC;2.135;MANUTENÇÃO DE CRECHES;14;GESTÃO DA EDUCAÇÃO INFANTIL;12;Educação;365;Educação Infantil;172;3.3.90.30.23.00.00.00;UNIFORMES, TECIDOS E AVIAMENTOS;1.550.000.0000;QESE - TRANSFERÊNCIA DO SALÁRIO-EDUCAÇÃO;91.185,59
PREFEITURA MUNICIPAL DE BARBACENA;14.001;SEDEC;2.135;MANUTENÇÃO DE CRECHES;14;GESTÃO DA EDUCAÇÃO INFANTIL;12;Educação;365;Educação Infantil;172;3.3.90.30.07.00.00.00;GÊNEROS DE ALIMENTAÇÃO;1.552.000.0000;PNAE - TRANSFERÊNCIAS DE RECURSOS DO FNDE REFERENTES AO PROGRAMA NACIONAL DE ALIMENTAÇÃO ESCOLAR;63.465,57
PREFEITURA MUNICIPAL DE BARBACENA;14.001;SEDEC;2.135;MANUTENÇÃO DE CRECHES;14;GESTÃO DA EDUCAÇÃO INFANTIL;12;Educação;365;Educação Infantil;172;3.3.90.30.23.00.00.00;UNIFORMES, TECIDOS E AVIAMENTOS;2.550.000.0000;QESE - TRANSFERÊNCIA DO SALÁRIO-EDUCAÇÃO;270.059,57
PREFEITURA MUNICIPAL DE BARBACENA;14.001;SEDEC;2.135;MANUTENÇÃO DE CRECHES;14;GESTÃO DA EDUCAÇÃO INFANTIL;12;Educação;365;Educação Infantil;173;3.3.90.36.99.00.00.00;OUTROS SERVIÇOS DE PESSOA FÍSICA;1.500.000.1001;RECURSOS NÃO VINCULADOS DE IMPOSTOS (EDUCAÇÃO);6.026,84
PREFEITURA MUNICIPAL DE BARBACENA;14.001;SEDEC;2.135;MANUTENÇÃO DE CRECHES;14;GESTÃO DA EDUCAÇÃO INFANTIL;12;Educação;365;Educação Infantil;174;3.3.90.39.99.00.00.00;OUTROS SERVIÇOS DE TERCEIROS - PESSOA JURÍDICA;1.500.000.1001;RECURSOS NÃO VINCULADOS DE IMPOSTOS (EDUCAÇÃO);2.756.155,39
PREFEITURA MUNICIPAL DE BARBACENA;14.001;SEDEC;2.135;MANUTENÇÃO DE CRECHES;14;GESTÃO DA EDUCAÇÃO INFANTIL;12;Educação;365;Educação Infantil;174;3.3.90.39.57.00.00.00;TRANSPORTE ESCOLAR;1.500.000.1001;RECURSOS NÃO VINCULADOS DE IMPOSTOS (EDUCAÇÃO);14.406,05
PREFEITURA MUNICIPAL DE BARBACENA;14.001;SEDEC;2.135;MANUTENÇÃO DE CRECHES;14;GESTÃO DA EDUCAÇÃO INFANTIL;12;Educação;365;Educação Infantil;174;3.3.90.39.57.00.00.00;TRANSPORTE ESCOLAR;1.553.000.0000;PNATE - TRANSFERÊNCIAS DE RECURSOS DO FNDE REFERENTES AO PROGRAMA NACIONAL DE APOIO AO TRANSPORTE ESCOLAR;9.681,63
PREFEITURA MUNICIPAL DE BARBACENA;14.001;SEDEC;2.135;MANUTENÇÃO DE CRECHES;14;GESTÃO DA EDUCAÇÃO INFANTIL;12;Educação;365;Educação Infantil;176;4.4.90.51.01.00.00.00;OBRAS E INSTALAÇÕES DE DOMÍNIO PÚBLICO;1.500.000.1001;RECURSOS NÃO VINCULADOS DE IMPOSTOS (EDUCAÇÃO);113.060,73
PREFEITURA MUNICIPAL DE BARBACENA;14.001;SEDEC;2.135;MANUTENÇÃO DE CRECHES;14;GESTÃO DA EDUCAÇÃO INFANTIL;12;Educação;365;Educação Infantil;176;4.4.90.51.01.00.00.00;OBRAS E INSTALAÇÕES DE DOMÍNIO PÚBLICO;2.550.000.0000;QESE - TRANSFERÊNCIA DO SALÁRIO-EDUCAÇÃO;14.479,61
PREFEITURA MUNICIPAL DE BARBACENA;14.001;SEDEC;2.138;PESSOAL E ENCARGOS SOCIAIS DE CRECHES;14;GESTÃO DA EDUCAÇÃO INFANTIL;12;Educação;365;Educação Infantil;179;3.1.90.04.01.00.00.00;SALÁRIO CONTRATO TEMPORÁRIO;1.500.000.1001;RECURSOS NÃO VINCULADOS DE IMPOSTOS (EDUCAÇÃO);958.630,39
PREFEITURA MUNICIPAL DE BARBACENA;14.001;SEDEC;2.138;PESSOAL E ENCARGOS SOCIAIS DE CRECHES;14;GESTÃO DA EDUCAÇÃO INFANTIL;12;Educação;365;Educação Infantil;179;3.1.90.04.15.00.00.00;OBRIGAÇÕES PATRONAIS - CONTRATO TEMPORÁRIO;1.500.000.1001;RECURSOS NÃO VINCULADOS DE IMPOSTOS (EDUCAÇÃO);189.402,87
PREFEITURA MUNICIPAL DE BARBACENA;14.001;SEDEC;2.138;PESSOAL E ENCARGOS SOCIAIS DE CRECHES;14;GESTÃO DA EDUCAÇÃO INFANTIL;12;Educação;365;Educação Infantil;179;3.1.90.04.01.00.00.00;SALÁRIO CONTRATO TEMPORÁRIO;1.540.000.1070;TRANSFERÊNCIAS DO FUNDEB - IMPOSTOS E TRANSFERÊNCIAS DE IMPOSTOS (70% -PAGTO DA REMUNERAÇÃO DOS PROFISSIONAIS DA EDUCAÇÃO BÁSICA EM EFETIVO EXERCÍCIO);394.127,26
PREFEITURA MUNICIPAL DE BARBACENA;14.001;SEDEC;2.138;PESSOAL E ENCARGOS SOCIAIS DE CRECHES;14;GESTÃO DA EDUCAÇÃO INFANTIL;12;Educação;365;Educação Infantil;179;3.1.90.04.15.00.00.00;OBRIGAÇÕES PATRONAIS - CONTRATO TEMPORÁRIO;1.540.000.1070;TRANSFERÊNCIAS DO FUNDEB - IMPOSTOS E TRANSFERÊNCIAS DE IMPOSTOS (70% -PAGTO DA REMUNERAÇÃO DOS PROFISSIONAIS DA EDUCAÇÃO BÁSICA EM EFETIVO EXERCÍCIO);72.640,49
PREFEITURA MUNICIPAL DE BARBACENA;14.001;SEDEC;2.138;PESSOAL E ENCARGOS SOCIAIS DE CRECHES;14;GESTÃO DA EDUCAÇÃO INFANTIL;12;Educação;365;Educação Infantil;180;3.1.90.11.01.00.00.00;VENCIMENTOS E SALÁRIOS;1.500.000.1001;RECURSOS NÃO VINCULADOS DE IMPOSTOS (EDUCAÇÃO);791.308,54
PREFEITURA MUNICIPAL DE BARBACENA;14.001;SEDEC;2.138;PESSOAL E ENCARGOS SOCIAIS DE CRECHES;14;GESTÃO DA EDUCAÇÃO INFANTIL;12;Educação;365;Educação Infantil;180;3.1.90.11.52.00.00.00;LICENÇA SAÚDE;1.500.000.1001;RECURSOS NÃO VINCULADOS DE IMPOSTOS (EDUCAÇÃO);7.195,04
PREFEITURA MUNICIPAL DE BARBACENA;14.001;SEDEC;2.138;PESSOAL E ENCARGOS SOCIAIS DE CRECHES;14;GESTÃO DA EDUCAÇÃO INFANTIL;12;Educação;365;Educação Infantil;180;3.1.90.11.50.00.00.00;SALÁRIO MATERNIDADE;1.500.000.1001;RECURSOS NÃO VINCULADOS DE IMPOSTOS (EDUCAÇÃO);1.985,75
PREFEITURA MUNICIPAL DE BARBACENA;14.001;SEDEC;2.138;PESSOAL E ENCARGOS SOCIAIS DE CRECHES;14;GESTÃO DA EDUCAÇÃO INFANTIL;12;Educação;365;Educação Infantil;180;3.1.90.11.01.00.00.00;VENCIMENTOS E SALÁRIOS;1.540.000.0000;TRANSFERÊNCIAS DO FUNDEB - IMPOSTOS E TRANSFERÊNCIAS DE IMPOSTOS (30%);6.160,02
PREFEITURA MUNICIPAL DE BARBACENA;14.001;SEDEC;2.138;PESSOAL E ENCARGOS SOCIAIS DE CRECHES;14;GESTÃO DA EDUCAÇÃO INFANTIL;12;Educação;365;Educação Infantil;180;3.1.90.11.52.00.00.00;LICENÇA SAÚDE;1.540.000.0000;TRANSFERÊNCIAS DO FUNDEB - IMPOSTOS E TRANSFERÊNCIAS DE IMPOSTOS (30%);96,80
PREFEITURA MUNICIPAL DE BARBACENA;14.001;SEDEC;2.138;PESSOAL E ENCARGOS SOCIAIS DE CRECHES;14;GESTÃO DA EDUCAÇÃO INFANTIL;12;Educação;365;Educação Infantil;180;3.1.90.11.01.00.00.00;VENCIMENTOS E SALÁRIOS;1.540.000.1070;TRANSFERÊNCIAS DO FUNDEB - IMPOSTOS E TRANSFERÊNCIAS DE IMPOSTOS (70% -PAGTO DA REMUNERAÇÃO DOS PROFISSIONAIS DA EDUCAÇÃO BÁSICA EM EFETIVO EXERCÍCIO);1.862.092,85
PREFEITURA MUNICIPAL DE BARBACENA;14.001;SEDEC;2.138;PESSOAL E ENCARGOS SOCIAIS DE CRECHES;14;GESTÃO DA EDUCAÇÃO INFANTIL;12;Educação;365;Educação Infantil;180;3.1.90.11.52.00.00.00;LICENÇA SAÚDE;1.540.000.1070;TRANSFERÊNCIAS DO FUNDEB - IMPOSTOS E TRANSFERÊNCIAS DE IMPOSTOS (70% -PAGTO DA REMUNERAÇÃO DOS PROFISSIONAIS DA EDUCAÇÃO BÁSICA EM EFETIVO EXERCÍCIO);59.025,07
PREFEITURA MUNICIPAL DE BARBACENA;14.001;SEDEC;2.138;PESSOAL E ENCARGOS SOCIAIS DE CRECHES;14;GESTÃO DA EDUCAÇÃO INFANTIL;12;Educação;365;Educação Infantil;180;3.1.90.11.50.00.00.00;SALÁRIO MATERNIDADE;1.540.000.1070;TRANSFERÊNCIAS DO FUNDEB - IMPOSTOS E TRANSFERÊNCIAS DE IMPOSTOS (70% -PAGTO DA REMUNERAÇÃO DOS PROFISSIONAIS DA EDUCAÇÃO BÁSICA EM EFETIVO EXERCÍCIO);21.446,16
PREFEITURA MUNICIPAL DE BARBACENA;14.001;SEDEC;2.138;PESSOAL E ENCARGOS SOCIAIS DE CRECHES;14;GESTÃO DA EDUCAÇÃO INFANTIL;12;Educação;365;Educação Infantil;182;3.1.91.13.08.00.00.00;CONTRIB. PREV.- RPPS - PESSOAL ATIVO - PLANO PREV.;1.500.000.1001;RECURSOS NÃO VINCULADOS DE IMPOSTOS (EDUCAÇÃO);210.909,88
PREFEITURA MUNICIPAL DE BARBACENA;14.001;SEDEC;2.138;PESSOAL E ENCARGOS SOCIAIS DE CRECHES;14;GESTÃO DA EDUCAÇÃO INFANTIL;12;Educação;365;Educação Infantil;182;3.1.91.13.08.00.00.00;CONTRIB. PREV.- RPPS - PESSOAL ATIVO - PLANO PREV.;1.540.000.0000;TRANSFERÊNCIAS DO FUNDEB - IMPOSTOS E TRANSFERÊNCIAS DE IMPOSTOS (30%);1.751,90
PREFEITURA MUNICIPAL DE BARBACENA;14.001;SEDEC;2.138;PESSOAL E ENCARGOS SOCIAIS DE CRECHES;14;GESTÃO DA EDUCAÇÃO INFANTIL;12;Educação;365;Educação Infantil;182;3.1.91.13.08.00.00.00;CONTRIB. PREV.- RPPS - PESSOAL ATIVO - PLANO PREV.;1.540.000.1070;TRANSFERÊNCIAS DO FUNDEB - IMPOSTOS E TRANSFERÊNCIAS DE IMPOSTOS (70% -PAGTO DA REMUNERAÇÃO DOS PROFISSIONAIS DA EDUCAÇÃO BÁSICA EM EFETIVO EXERCÍCIO);536.731,29
PREFEITURA MUNICIPAL DE BARBACENA;14.001;SEDEC;2.138;PESSOAL E ENCARGOS SOCIAIS DE CRECHES;14;GESTÃO DA EDUCAÇÃO INFANTIL;12;Educação;365;Educação Infantil;183;3.3.90.08.56.00.00.00;SALÁRIO FAMÍLIA;1.500.000.1001;RECURSOS NÃO VINCULADOS DE IMPOSTOS (EDUCAÇÃO);3.036,00
PREFEITURA MUNICIPAL DE BARBACENA;14.001;SEDEC;2.138;PESSOAL E ENCARGOS SOCIAIS DE CRECHES;14;GESTÃO DA EDUCAÇÃO INFANTIL;12;Educação;365;Educação Infantil;183;3.3.90.08.56.00.00.00;SALÁRIO FAMÍLIA;1.540.000.0000;TRANSFERÊNCIAS DO FUNDEB - IMPOSTOS E TRANSFERÊNCIAS DE IMPOSTOS (30%);132,00
PREFEITURA MUNICIPAL DE BARBACENA;14.001;SEDEC;2.138;PESSOAL E ENCARGOS SOCIAIS DE CRECHES;14;GESTÃO DA EDUCAÇÃO INFANTIL;12;Educação;365;Educação Infantil;183;3.3.90.08.05.00.00.00;AUXÍLIO NATALIDADE;1.540.000.1070;TRANSFERÊNCIAS DO FUNDEB - IMPOSTOS E TRANSFERÊNCIAS DE IMPOSTOS (70% -PAGTO DA REMUNERAÇÃO DOS PROFISSIONAIS DA EDUCAÇÃO BÁSICA EM EFETIVO EXERCÍCIO);660,00
PREFEITURA MUNICIPAL DE BARBACENA;14.001;SEDEC;2.138;PESSOAL E ENCARGOS SOCIAIS DE CRECHES;14;GESTÃO DA EDUCAÇÃO INFANTIL;12;Educação;365;Educação Infantil;949;3.3.90.46.00.00.00.00;AUXÍLIO-ALIMENTAÇÃO;1.500.000.1001;RECURSOS NÃO VINCULADOS DE IMPOSTOS (EDUCAÇÃO);280.035,00
PREFEITURA MUNICIPAL DE BARBACENA;14.001;SEDEC;2.138;PESSOAL E ENCARGOS SOCIAIS DE CRECHES;14;GESTÃO DA EDUCAÇÃO INFANTIL;12;Educação;365;Educação Infantil;949;3.3.90.46.00.00.00.00;AUXÍLIO-ALIMENTAÇÃO;1.540.000.0000;TRANSFERÊNCIAS DO FUNDEB - IMPOSTOS E TRANSFERÊNCIAS DE IMPOSTOS (30%);207.825,00
PREFEITURA MUNICIPAL DE BARBACENA;14.001;SEDEC;2.332;TRANSPORTE ESCOLAR DA EDUCAÇÃO INFANTIL;14;GESTÃO DA EDUCAÇÃO INFANTIL;12;Educação;365;Educação Infantil;184;3.3.90.36.99.00.00.00;OUTROS SERVIÇOS DE PESSOA FÍSICA;1.500.000.1001;RECURSOS NÃO VINCULADOS DE IMPOSTOS (EDUCAÇÃO);1.909,50
PREFEITURA MUNICIPAL DE BARBACENA;14.001;SEDEC;2.332;TRANSPORTE ESCOLAR DA EDUCAÇÃO INFANTIL;14;GESTÃO DA EDUCAÇÃO INFANTIL;12;Educação;365;Educação Infantil;184;3.3.90.36.99.00.00.00;OUTROS SERVIÇOS DE PESSOA FÍSICA;1.553.000.0000;PNATE - TRANSFERÊNCIAS DE RECURSOS DO FNDE REFERENTES AO PROGRAMA NACIONAL DE APOIO AO TRANSPORTE ESCOLAR;40.583,55
PREFEITURA MUNICIPAL DE BARBACENA;14.001;SEDEC;2.332;TRANSPORTE ESCOLAR DA EDUCAÇÃO INFANTIL;14;GESTÃO DA EDUCAÇÃO INFANTIL;12;Educação;365;Educação Infantil;185;3.3.90.39.57.00.00.00;TRANSPORTE ESCOLAR;1.500.000.1001;RECURSOS NÃO VINCULADOS DE IMPOSTOS (EDUCAÇÃO);21.279,92
PREFEITURA MUNICIPAL DE BARBACENA;14.001;SEDEC;2.332;TRANSPORTE ESCOLAR DA EDUCAÇÃO INFANTIL;14;GESTÃO DA EDUCAÇÃO INFANTIL;12;Educação;365;Educação Infantil;185;3.3.90.39.57.00.00.00;TRANSPORTE ESCOLAR;1.553.000.0000;PNATE - TRANSFERÊNCIAS DE RECURSOS DO FNDE REFERENTES AO PROGRAMA NACIONAL DE APOIO AO TRANSPORTE ESCOLAR;52.939,77
PREFEITURA MUNICIPAL DE BARBACENA;14.001;SEDEC;2.462;APOIO A CRECHE IRMÃOS DO CAMINHO;14;GESTÃO DA EDUCAÇÃO INFANTIL;12;Educação;365;Educação Infantil;974;4.4.50.41.00.00.00.00;CONTRIBUIÇÕES;1.500.000.0000;RECURSOS NÃO VINCULADOS DE IMPOSTOS;35.527,75
PREFEITURA MUNICIPAL DE BARBACENA;14.001;SEDEC;2.462;APOIO A CRECHE IRMÃOS DO CAMINHO;14;GESTÃO DA EDUCAÇÃO INFANTIL;12;Educação;365;Educação Infantil;974;4.4.50.41.00.00.00.00;CONTRIBUIÇÕES;1.500.000.1001;RECURSOS NÃO VINCULADOS DE IMPOSTOS (EDUCAÇÃO);0,00
PREFEITURA MUNICIPAL DE BARBACENA;14.001;SEDEC;2.463;APOIO A CRECHE SÃO PAULO DA CRUZ;14;GESTÃO DA EDUCAÇÃO INFANTIL;12;Educação;365;Educação Infantil;187;3.3.50.41.00.00.00.00;CONTRIBUIÇÕES;1.500.000.0000;RECURSOS NÃO VINCULADOS DE IMPOSTOS;66.265,45
PREFEITURA MUNICIPAL DE BARBACENA;14.001;SEDEC;2.463;APOIO A CRECHE SÃO PAULO DA CRUZ;14;GESTÃO DA EDUCAÇÃO INFANTIL;12;Educação;365;Educação Infantil;187;3.3.50.41.00.00.00.00;CONTRIBUIÇÕES;1.500.000.1001;RECURSOS NÃO VINCULADOS DE IMPOSTOS (EDUCAÇÃO);0,00
PREFEITURA MUNICIPAL DE BARBACENA;14.001;SEDEC;2.463;APOIO A CRECHE SÃO PAULO DA CRUZ;14;GESTÃO DA EDUCAÇÃO INFANTIL;12;Educação;365;Educação Infantil;964;4.4.50.41.00.00.00.00;CONTRIBUIÇÕES;1.500.000.0000;RECURSOS NÃO VINCULADOS DE IMPOSTOS;56.000,00
PREFEITURA MUNICIPAL DE BARBACENA;14.001;SEDEC;2.463;APOIO A CRECHE SÃO PAULO DA CRUZ;14;GESTÃO DA EDUCAÇÃO INFANTIL;12;Educação;365;Educação Infantil;964;4.4.50.41.00.00.00.00;CONTRIBUIÇÕES;1.500.000.1001;RECURSOS NÃO VINCULADOS DE IMPOSTOS (EDUCAÇÃO);0,00
PREFEITURA MUNICIPAL DE BARBACENA;14.001;SEDEC;2.202;TRANSPORTE ESCOLAR DO ENSINO FUNDAMENTAL;15;GESTÃO DO ENSINO FUNDAMENTAL;12;Educação;361;Ensino Fundamental;125;3.3.90.30.37.00.00.00;MATERIAL PARA MANUTENÇÃO DE VEÍCULOS;1.500.000.1001;RECURSOS NÃO VINCULADOS DE IMPOSTOS (EDUCAÇÃO);86.010,82
PREFEITURA MUNICIPAL DE BARBACENA;14.001;SEDEC;2.202;TRANSPORTE ESCOLAR DO ENSINO FUNDAMENTAL;15;GESTÃO DO ENSINO FUNDAMENTAL;12;Educação;361;Ensino Fundamental;125;3.3.90.30.99.00.00.00;OUTROS MATERIAIS DE CONSUMO;1.500.000.1001;RECURSOS NÃO VINCULADOS DE IMPOSTOS (EDUCAÇÃO);30.768,75
PREFEITURA MUNICIPAL DE BARBACENA;14.001;SEDEC;2.202;TRANSPORTE ESCOLAR DO ENSINO FUNDAMENTAL;15;GESTÃO DO ENSINO FUNDAMENTAL;12;Educação;361;Ensino Fundamental;127;3.3.90.36.42.00.00.00;TRANSPORTE ESCOLAR;1.500.000.1001;RECURSOS NÃO VINCULADOS DE IMPOSTOS (EDUCAÇÃO);697.303,90
PREFEITURA MUNICIPAL DE BARBACENA;14.001;SEDEC;2.202;TRANSPORTE ESCOLAR DO ENSINO FUNDAMENTAL;15;GESTÃO DO ENSINO FUNDAMENTAL;12;Educação;361;Ensino Fundamental;127;3.3.90.36.99.00.00.00;OUTROS SERVIÇOS DE PESSOA FÍSICA;1.500.000.1001;RECURSOS NÃO VINCULADOS DE IMPOSTOS (EDUCAÇÃO);316.608,13
PREFEITURA MUNICIPAL DE BARBACENA;14.001;SEDEC;2.202;TRANSPORTE ESCOLAR DO ENSINO FUNDAMENTAL;15;GESTÃO DO ENSINO FUNDAMENTAL;12;Educação;361;Ensino Fundamental;127;3.3.90.36.42.00.00.00;TRANSPORTE ESCOLAR;1.553.000.0000;PNATE - TRANSFERÊNCIAS DE RECURSOS DO FNDE REFERENTES AO PROGRAMA NACIONAL DE APOIO AO TRANSPORTE ESCOLAR;33.736,40
PREFEITURA MUNICIPAL DE BARBACENA;14.001;SEDEC;2.202;TRANSPORTE ESCOLAR DO ENSINO FUNDAMENTAL;15;GESTÃO DO ENSINO FUNDAMENTAL;12;Educação;361;Ensino Fundamental;127;3.3.90.36.42.00.00.00;TRANSPORTE ESCOLAR;1.576.001.0000;PTE- TRANSFERÊNCIAS DE RECURSOS DOS ESTADOS PARA PROGRAMAS DE EDUCAÇÃO (TRANSFERÊNCIAS DE RECURSOS PARA O PROGRAMA ESTADUAL DE TRANSPORTE ESCOLAR);25.176,00
PREFEITURA MUNICIPAL DE BARBACENA;14.001;SEDEC;2.202;TRANSPORTE ESCOLAR DO ENSINO FUNDAMENTAL;15;GESTÃO DO ENSINO FUNDAMENTAL;12;Educação;361;Ensino Fundamental;128;3.3.90.39.57.00.00.00;TRANSPORTE ESCOLAR;1.500.000.0000;RECURSOS NÃO VINCULADOS DE IMPOSTOS;54.617,61
PREFEITURA MUNICIPAL DE BARBACENA;14.001;SEDEC;2.202;TRANSPORTE ESCOLAR DO ENSINO FUNDAMENTAL;15;GESTÃO DO ENSINO FUNDAMENTAL;12;Educação;361;Ensino Fundamental;128;3.3.90.39.57.00.00.00;TRANSPORTE ESCOLAR;1.500.000.1001;RECURSOS NÃO VINCULADOS DE IMPOSTOS (EDUCAÇÃO);606.761,11
PREFEITURA MUNICIPAL DE BARBACENA;14.001;SEDEC;2.202;TRANSPORTE ESCOLAR DO ENSINO FUNDAMENTAL;15;GESTÃO DO ENSINO FUNDAMENTAL;12;Educação;361;Ensino Fundamental;128;3.3.90.39.99.00.00.00;OUTROS SERVIÇOS DE TERCEIROS - PESSOA JURÍDICA;1.500.000.1001;RECURSOS NÃO VINCULADOS DE IMPOSTOS (EDUCAÇÃO);451.206,71
PREFEITURA MUNICIPAL DE BARBACENA;14.001;SEDEC;2.202;TRANSPORTE ESCOLAR DO ENSINO FUNDAMENTAL;15;GESTÃO DO ENSINO FUNDAMENTAL;12;Educação;361;Ensino Fundamental;128;3.3.90.39.53.00.00.00;SEGUROS EM GERAL;1.500.000.1001;RECURSOS NÃO VINCULADOS DE IMPOSTOS (EDUCAÇÃO);69.876,38
PREFEITURA MUNICIPAL DE BARBACENA;14.001;SEDEC;2.202;TRANSPORTE ESCOLAR DO ENSINO FUNDAMENTAL;15;GESTÃO DO ENSINO FUNDAMENTAL;12;Educação;361;Ensino Fundamental;128;3.3.90.39.99.00.00.00;OUTROS SERVIÇOS DE TERCEIROS - PESSOA JURÍDICA;1.550.000.0000;QESE - TRANSFERÊNCIA DO SALÁRIO-EDUCAÇÃO;286.512,23
PREFEITURA MUNICIPAL DE BARBACENA;14.001;SEDEC;2.202;TRANSPORTE ESCOLAR DO ENSINO FUNDAMENTAL;15;GESTÃO DO ENSINO FUNDAMENTAL;12;Educação;361;Ensino Fundamental;128;3.3.90.39.57.00.00.00;TRANSPORTE ESCOLAR;1.553.000.0000;PNATE - TRANSFERÊNCIAS DE RECURSOS DO FNDE REFERENTES AO PROGRAMA NACIONAL DE APOIO AO TRANSPORTE ESCOLAR;45.560,88
PREFEITURA MUNICIPAL DE BARBACENA;14.001;SEDEC;2.202;TRANSPORTE ESCOLAR DO ENSINO FUNDAMENTAL;15;GESTÃO DO ENSINO FUNDAMENTAL;12;Educação;361;Ensino Fundamental;128;3.3.90.39.57.00.00.00;TRANSPORTE ESCOLAR;1.576.001.0000;PTE- TRANSFERÊNCIAS DE RECURSOS DOS ESTADOS PARA PROGRAMAS DE EDUCAÇÃO (TRANSFERÊNCIAS DE RECURSOS PARA O PROGRAMA ESTADUAL DE TRANSPORTE ESCOLAR);835.097,94
PREFEITURA MUNICIPAL DE BARBACENA;14.001;SEDEC;2.202;TRANSPORTE ESCOLAR DO ENSINO FUNDAMENTAL;15;GESTÃO DO ENSINO FUNDAMENTAL;12;Educação;361;Ensino Fundamental;129;3.3.90.47.00.00.00.00;OBRIGAÇÕES TRIBUTÁRIAS E CONTRIBUTIVAS;1.500.000.1001;RECURSOS NÃO VINCULADOS DE IMPOSTOS (EDUCAÇÃO);40.982,15
PREFEITURA MUNICIPAL DE BARBACENA;14.001;SEDEC;2.202;TRANSPORTE ESCOLAR DO ENSINO FUNDAMENTAL;15;GESTÃO DO ENSINO FUNDAMENTAL;12;Educação;361;Ensino Fundamental;130;3.3.90.92.00.00.00.00;DESPESAS DE EXERCÍCIOS ANTERIORES;1.550.000.0000;QESE - TRANSFERÊNCIA DO SALÁRIO-EDUCAÇÃO;59.400,92
PREFEITURA MUNICIPAL DE BARBACENA;14.001;SEDEC;2.203;MANUTENÇAO DAS UNIDADES DE ENSINO FUNDAMENTAL;15;GESTÃO DO ENSINO FUNDAMENTAL;12;Educação;361;Ensino Fundamental;133;3.3.90.30.07.00.00.00;GÊNEROS DE ALIMENTAÇÃO;1.500.000.0000;RECURSOS NÃO VINCULADOS DE IMPOSTOS;117.481,38
PREFEITURA MUNICIPAL DE BARBACENA;14.001;SEDEC;2.203;MANUTENÇAO DAS UNIDADES DE ENSINO FUNDAMENTAL;15;GESTÃO DO ENSINO FUNDAMENTAL;12;Educação;361;Ensino Fundamental;133;3.3.90.30.04.00.00.00;GÁS ENGARRAFADO;1.500.000.1001;RECURSOS NÃO VINCULADOS DE IMPOSTOS (EDUCAÇÃO);59.235,71
PREFEITURA MUNICIPAL DE BARBACENA;14.001;SEDEC;2.203;MANUTENÇAO DAS UNIDADES DE ENSINO FUNDAMENTAL;15;GESTÃO DO ENSINO FUNDAMENTAL;12;Educação;361;Ensino Fundamental;133;3.3.90.30.16.00.00.00;MATERIAL DE EXPEDIENTE;1.500.000.1001;RECURSOS NÃO VINCULADOS DE IMPOSTOS (EDUCAÇÃO);39.987,42
PREFEITURA MUNICIPAL DE BARBACENA;14.001;SEDEC;2.203;MANUTENÇAO DAS UNIDADES DE ENSINO FUNDAMENTAL;15;GESTÃO DO ENSINO FUNDAMENTAL;12;Educação;361;Ensino Fundamental;133;3.3.90.30.22.00.00.00;MATERIAL DE LIMPEZA E PRODUÇÃO DE HIGIENIZAÇÃO;1.500.000.1001;RECURSOS NÃO VINCULADOS DE IMPOSTOS (EDUCAÇÃO);28.922,88
PREFEITURA MUNICIPAL DE BARBACENA;14.001;SEDEC;2.203;MANUTENÇAO DAS UNIDADES DE ENSINO FUNDAMENTAL;15;GESTÃO DO ENSINO FUNDAMENTAL;12;Educação;361;Ensino Fundamental;133;3.3.90.30.28.00.00.00;MATERIAL DE PROTEÇÃO E SEGURANÇA;1.500.000.1001;RECURSOS NÃO VINCULADOS DE IMPOSTOS (EDUCAÇÃO);1.211,00
PREFEITURA MUNICIPAL DE BARBACENA;14.001;SEDEC;2.203;MANUTENÇAO DAS UNIDADES DE ENSINO FUNDAMENTAL;15;GESTÃO DO ENSINO FUNDAMENTAL;12;Educação;361;Ensino Fundamental;133;3.3.90.30.23.00.00.00;UNIFORMES, TECIDOS E AVIAMENTOS;1.550.000.0000;QESE - TRANSFERÊNCIA DO SALÁRIO-EDUCAÇÃO;570.285,57
PREFEITURA MUNICIPAL DE BARBACENA;14.001;SEDEC;2.203;MANUTENÇAO DAS UNIDADES DE ENSINO FUNDAMENTAL;15;GESTÃO DO ENSINO FUNDAMENTAL;12;Educação;361;Ensino Fundamental;133;3.3.90.30.07.00.00.00;GÊNEROS DE ALIMENTAÇÃO;1.552.000.0000;PNAE - TRANSFERÊNCIAS DE RECURSOS DO FNDE REFERENTES AO PROGRAMA NACIONAL DE ALIMENTAÇÃO ESCOLAR;656.507,10
PREFEITURA MUNICIPAL DE BARBACENA;14.001;SEDEC;2.203;MANUTENÇAO DAS UNIDADES DE ENSINO FUNDAMENTAL;15;GESTÃO DO ENSINO FUNDAMENTAL;12;Educação;361;Ensino Fundamental;133;3.3.90.30.23.00.00.00;UNIFORMES, TECIDOS E AVIAMENTOS;2.550.000.0000;QESE - TRANSFERÊNCIA DO SALÁRIO-EDUCAÇÃO;2.407.453,58
PREFEITURA MUNICIPAL DE BARBACENA;14.001;SEDEC;2.203;MANUTENÇAO DAS UNIDADES DE ENSINO FUNDAMENTAL;15;GESTÃO DO ENSINO FUNDAMENTAL;12;Educação;361;Ensino Fundamental;135;3.3.90.39.12.00.00.00;LOCAÇÃO DE MÁQUINAS E EQUIPAMENTOS;1.500.000.1001;RECURSOS NÃO VINCULADOS DE IMPOSTOS (EDUCAÇÃO);103.383,45
PREFEITURA MUNICIPAL DE BARBACENA;14.001;SEDEC;2.203;MANUTENÇAO DAS UNIDADES DE ENSINO FUNDAMENTAL;15;GESTÃO DO ENSINO FUNDAMENTAL;12;Educação;361;Ensino Fundamental;135;3.3.90.39.29.00.00.00;SERVIÇOS DE ENERGIA ELÉTRICA;1.500.000.1001;RECURSOS NÃO VINCULADOS DE IMPOSTOS (EDUCAÇÃO);212.000,00
PREFEITURA MUNICIPAL DE BARBACENA;14.001;SEDEC;2.203;MANUTENÇAO DAS UNIDADES DE ENSINO FUNDAMENTAL;15;GESTÃO DO ENSINO FUNDAMENTAL;12;Educação;361;Ensino Fundamental;135;3.3.90.39.30.00.00.00;SERVIÇOS DE ÁGUA E ESGOTO;1.500.000.1001;RECURSOS NÃO VINCULADOS DE IMPOSTOS (EDUCAÇÃO);170.000,00
PREFEITURA MUNICIPAL DE BARBACENA;14.001;SEDEC;2.203;MANUTENÇAO DAS UNIDADES DE ENSINO FUNDAMENTAL;15;GESTÃO DO ENSINO FUNDAMENTAL;12;Educação;361;Ensino Fundamental;135;3.3.90.39.43.00.00.00;SERVIÇOS DE TELECOMUNICAÇÕES;1.500.000.1001;RECURSOS NÃO VINCULADOS DE IMPOSTOS (EDUCAÇÃO);15.880,00
PREFEITURA MUNICIPAL DE BARBACENA;14.001;SEDEC;2.203;MANUTENÇAO DAS UNIDADES DE ENSINO FUNDAMENTAL;15;GESTÃO DO ENSINO FUNDAMENTAL;12;Educação;361;Ensino Fundamental;135;3.3.90.39.99.00.00.00;OUTROS SERVIÇOS DE TERCEIROS - PESSOA JURÍDICA;1.500.000.1001;RECURSOS NÃO VINCULADOS DE IMPOSTOS (EDUCAÇÃO);1.120.451,27
PREFEITURA MUNICIPAL DE BARBACENA;14.001;SEDEC;2.203;MANUTENÇAO DAS UNIDADES DE ENSINO FUNDAMENTAL;15;GESTÃO DO ENSINO FUNDAMENTAL;12;Educação;361;Ensino Fundamental;135;3.3.90.39.48.00.00.00;SERVIÇOS GRÁFICOS;1.500.000.1001;RECURSOS NÃO VINCULADOS DE IMPOSTOS (EDUCAÇÃO);0,00
PREFEITURA MUNICIPAL DE BARBACENA;14.001;SEDEC;2.203;MANUTENÇAO DAS UNIDADES DE ENSINO FUNDAMENTAL;15;GESTÃO DO ENSINO FUNDAMENTAL;12;Educação;361;Ensino Fundamental;135;3.3.90.39.05.00.00.00;SERVIÇOS TÉCNICOS PROFISSIONAIS;1.500.000.1001;RECURSOS NÃO VINCULADOS DE IMPOSTOS (EDUCAÇÃO);19.500,00
PREFEITURA MUNICIPAL DE BARBACENA;14.001;SEDEC;2.203;MANUTENÇAO DAS UNIDADES DE ENSINO FUNDAMENTAL;15;GESTÃO DO ENSINO FUNDAMENTAL;12;Educação;361;Ensino Fundamental;135;3.3.90.39.99.00.00.00;OUTROS SERVIÇOS DE TERCEIROS - PESSOA JURÍDICA;1.550.000.0000;QESE - TRANSFERÊNCIA DO SALÁRIO-EDUCAÇÃO;35.198,76
PREFEITURA MUNICIPAL DE BARBACENA;14.001;SEDEC;2.204;PESSOAL E ENCARGOS SOCIAIS DO ENSINO FUNDAMENTAL;15;GESTÃO DO ENSINO FUNDAMENTAL;12;Educação;361;Ensino Fundamental;140;3.1.90.04.15.00.00.00;OBRIGAÇÕES PATRONAIS - CONTRATO TEMPORÁRIO;1.500.000.1001;RECURSOS NÃO VINCULADOS DE IMPOSTOS (EDUCAÇÃO);217.563,57
PREFEITURA MUNICIPAL DE BARBACENA;14.001;SEDEC;2.204;PESSOAL E ENCARGOS SOCIAIS DO ENSINO FUNDAMENTAL;15;GESTÃO DO ENSINO FUNDAMENTAL;12;Educação;361;Ensino Fundamental;140;3.1.90.04.01.00.00.00;SALÁRIO CONTRATO TEMPORÁRIO;1.500.000.1001;RECURSOS NÃO VINCULADOS DE IMPOSTOS (EDUCAÇÃO);1.132.384,71
PREFEITURA MUNICIPAL DE BARBACENA;14.001;SEDEC;2.204;PESSOAL E ENCARGOS SOCIAIS DO ENSINO FUNDAMENTAL;15;GESTÃO DO ENSINO FUNDAMENTAL;12;Educação;361;Ensino Fundamental;140;3.1.90.04.15.00.00.00;OBRIGAÇÕES PATRONAIS - CONTRATO TEMPORÁRIO;1.540.000.0000;TRANSFERÊNCIAS DO FUNDEB - IMPOSTOS E TRANSFERÊNCIAS DE IMPOSTOS (30%);1.509,10
PREFEITURA MUNICIPAL DE BARBACENA;14.001;SEDEC;2.204;PESSOAL E ENCARGOS SOCIAIS DO ENSINO FUNDAMENTAL;15;GESTÃO DO ENSINO FUNDAMENTAL;12;Educação;361;Ensino Fundamental;140;3.1.90.04.01.00.00.00;SALÁRIO CONTRATO TEMPORÁRIO;1.540.000.0000;TRANSFERÊNCIAS DO FUNDEB - IMPOSTOS E TRANSFERÊNCIAS DE IMPOSTOS (30%);6.830,70
PREFEITURA MUNICIPAL DE BARBACENA;14.001;SEDEC;2.204;PESSOAL E ENCARGOS SOCIAIS DO ENSINO FUNDAMENTAL;15;GESTÃO DO ENSINO FUNDAMENTAL;12;Educação;361;Ensino Fundamental;140;3.1.90.04.01.00.00.00;SALÁRIO CONTRATO TEMPORÁRIO;1.540.000.1070;TRANSFERÊNCIAS DO FUNDEB - IMPOSTOS E TRANSFERÊNCIAS DE IMPOSTOS (70% -PAGTO DA REMUNERAÇÃO DOS PROFISSIONAIS DA EDUCAÇÃO BÁSICA EM EFETIVO EXERCÍCIO);6.681.660,66
PREFEITURA MUNICIPAL DE BARBACENA;14.001;SEDEC;2.204;PESSOAL E ENCARGOS SOCIAIS DO ENSINO FUNDAMENTAL;15;GESTÃO DO ENSINO FUNDAMENTAL;12;Educação;361;Ensino Fundamental;140;3.1.90.04.15.00.00.00;OBRIGAÇÕES PATRONAIS - CONTRATO TEMPORÁRIO;1.540.000.1070;TRANSFERÊNCIAS DO FUNDEB - IMPOSTOS E TRANSFERÊNCIAS DE IMPOSTOS (70% -PAGTO DA REMUNERAÇÃO DOS PROFISSIONAIS DA EDUCAÇÃO BÁSICA EM EFETIVO EXERCÍCIO);1.322.440,70
PREFEITURA MUNICIPAL DE BARBACENA;14.001;SEDEC;2.204;PESSOAL E ENCARGOS SOCIAIS DO ENSINO FUNDAMENTAL;15;GESTÃO DO ENSINO FUNDAMENTAL;12;Educação;361;Ensino Fundamental;141;3.1.90.11.01.00.00.00;VENCIMENTOS E SALÁRIOS;1.500.000.1001;RECURSOS NÃO VINCULADOS DE IMPOSTOS (EDUCAÇÃO);3.141.347,73
PREFEITURA MUNICIPAL DE BARBACENA;14.001;SEDEC;2.204;PESSOAL E ENCARGOS SOCIAIS DO ENSINO FUNDAMENTAL;15;GESTÃO DO ENSINO FUNDAMENTAL;12;Educação;361;Ensino Fundamental;141;3.1.90.11.52.00.00.00;LICENÇA SAÚDE;1.500.000.1001;RECURSOS NÃO VINCULADOS DE IMPOSTOS (EDUCAÇÃO);64.663,12
PREFEITURA MUNICIPAL DE BARBACENA;14.001;SEDEC;2.204;PESSOAL E ENCARGOS SOCIAIS DO ENSINO FUNDAMENTAL;15;GESTÃO DO ENSINO FUNDAMENTAL;12;Educação;361;Ensino Fundamental;141;3.1.90.11.50.00.00.00;SALÁRIO MATERNIDADE;1.500.000.1001;RECURSOS NÃO VINCULADOS DE IMPOSTOS (EDUCAÇÃO);7.870,80
PREFEITURA MUNICIPAL DE BARBACENA;14.001;SEDEC;2.204;PESSOAL E ENCARGOS SOCIAIS DO ENSINO FUNDAMENTAL;15;GESTÃO DO ENSINO FUNDAMENTAL;12;Educação;361;Ensino Fundamental;141;3.1.90.11.01.00.00.00;VENCIMENTOS E SALÁRIOS;1.540.000.0000;TRANSFERÊNCIAS DO FUNDEB - IMPOSTOS E TRANSFERÊNCIAS DE IMPOSTOS (30%);18.777,04
PREFEITURA MUNICIPAL DE BARBACENA;14.001;SEDEC;2.204;PESSOAL E ENCARGOS SOCIAIS DO ENSINO FUNDAMENTAL;15;GESTÃO DO ENSINO FUNDAMENTAL;12;Educação;361;Ensino Fundamental;141;3.1.90.11.01.00.00.00;VENCIMENTOS E SALÁRIOS;1.540.000.1070;TRANSFERÊNCIAS DO FUNDEB - IMPOSTOS E TRANSFERÊNCIAS DE IMPOSTOS (70% -PAGTO DA REMUNERAÇÃO DOS PROFISSIONAIS DA EDUCAÇÃO BÁSICA EM EFETIVO EXERCÍCIO);15.869.628,94
PREFEITURA MUNICIPAL DE BARBACENA;14.001;SEDEC;2.204;PESSOAL E ENCARGOS SOCIAIS DO ENSINO FUNDAMENTAL;15;GESTÃO DO ENSINO FUNDAMENTAL;12;Educação;361;Ensino Fundamental;141;3.1.90.11.52.00.00.00;LICENÇA SAÚDE;1.540.000.1070;TRANSFERÊNCIAS DO FUNDEB - IMPOSTOS E TRANSFERÊNCIAS DE IMPOSTOS (70% -PAGTO DA REMUNERAÇÃO DOS PROFISSIONAIS DA EDUCAÇÃO BÁSICA EM EFETIVO EXERCÍCIO);513.961,29
PREFEITURA MUNICIPAL DE BARBACENA;14.001;SEDEC;2.204;PESSOAL E ENCARGOS SOCIAIS DO ENSINO FUNDAMENTAL;15;GESTÃO DO ENSINO FUNDAMENTAL;12;Educação;361;Ensino Fundamental;141;3.1.90.11.50.00.00.00;SALÁRIO MATERNIDADE;1.540.000.1070;TRANSFERÊNCIAS DO FUNDEB - IMPOSTOS E TRANSFERÊNCIAS DE IMPOSTOS (70% -PAGTO DA REMUNERAÇÃO DOS PROFISSIONAIS DA EDUCAÇÃO BÁSICA EM EFETIVO EXERCÍCIO);107.928,47
PREFEITURA MUNICIPAL DE BARBACENA;14.001;SEDEC;2.204;PESSOAL E ENCARGOS SOCIAIS DO ENSINO FUNDAMENTAL;15;GESTÃO DO ENSINO FUNDAMENTAL;12;Educação;361;Ensino Fundamental;143;3.1.91.13.08.00.00.00;CONTRIB. PREV.- RPPS - PESSOAL ATIVO - PLANO PREV.;1.500.000.1001;RECURSOS NÃO VINCULADOS DE IMPOSTOS (EDUCAÇÃO);846.561,37
PREFEITURA MUNICIPAL DE BARBACENA;14.001;SEDEC;2.204;PESSOAL E ENCARGOS SOCIAIS DO ENSINO FUNDAMENTAL;15;GESTÃO DO ENSINO FUNDAMENTAL;12;Educação;361;Ensino Fundamental;143;3.1.91.13.99.00.00.00;OUTRAS OBRIGAÇÕES PATRONAIS;1.500.000.1001;RECURSOS NÃO VINCULADOS DE IMPOSTOS (EDUCAÇÃO);16.346,91
PREFEITURA MUNICIPAL DE BARBACENA;14.001;SEDEC;2.204;PESSOAL E ENCARGOS SOCIAIS DO ENSINO FUNDAMENTAL;15;GESTÃO DO ENSINO FUNDAMENTAL;12;Educação;361;Ensino Fundamental;143;3.1.91.13.08.00.00.00;CONTRIB. PREV.- RPPS - PESSOAL ATIVO - PLANO PREV.;1.540.000.0000;TRANSFERÊNCIAS DO FUNDEB - IMPOSTOS E TRANSFERÊNCIAS DE IMPOSTOS (30%);4.008,26
PREFEITURA MUNICIPAL DE BARBACENA;14.001;SEDEC;2.204;PESSOAL E ENCARGOS SOCIAIS DO ENSINO FUNDAMENTAL;15;GESTÃO DO ENSINO FUNDAMENTAL;12;Educação;361;Ensino Fundamental;143;3.1.91.13.08.00.00.00;CONTRIB. PREV.- RPPS - PESSOAL ATIVO - PLANO PREV.;1.540.000.1070;TRANSFERÊNCIAS DO FUNDEB - IMPOSTOS E TRANSFERÊNCIAS DE IMPOSTOS (70% -PAGTO DA REMUNERAÇÃO DOS PROFISSIONAIS DA EDUCAÇÃO BÁSICA EM EFETIVO EXERCÍCIO);4.444.174,82
PREFEITURA MUNICIPAL DE BARBACENA;14.001;SEDEC;2.204;PESSOAL E ENCARGOS SOCIAIS DO ENSINO FUNDAMENTAL;15;GESTÃO DO ENSINO FUNDAMENTAL;12;Educação;361;Ensino Fundamental;144;3.3.90.08.05.00.00.00;AUXÍLIO NATALIDADE;1.500.000.1001;RECURSOS NÃO VINCULADOS DE IMPOSTOS (EDUCAÇÃO);651,00
PREFEITURA MUNICIPAL DE BARBACENA;14.001;SEDEC;2.204;PESSOAL E ENCARGOS SOCIAIS DO ENSINO FUNDAMENTAL;15;GESTÃO DO ENSINO FUNDAMENTAL;12;Educação;361;Ensino Fundamental;144;3.3.90.08.56.00.00.00;SALÁRIO FAMÍLIA;1.500.000.1001;RECURSOS NÃO VINCULADOS DE IMPOSTOS (EDUCAÇÃO);10.239,30
PREFEITURA MUNICIPAL DE BARBACENA;14.001;SEDEC;2.204;PESSOAL E ENCARGOS SOCIAIS DO ENSINO FUNDAMENTAL;15;GESTÃO DO ENSINO FUNDAMENTAL;12;Educação;361;Ensino Fundamental;144;3.3.90.08.05.00.00.00;AUXÍLIO NATALIDADE;1.540.000.0000;TRANSFERÊNCIAS DO FUNDEB - IMPOSTOS E TRANSFERÊNCIAS DE IMPOSTOS (30%);1.302,00
PREFEITURA MUNICIPAL DE BARBACENA;14.001;SEDEC;2.204;PESSOAL E ENCARGOS SOCIAIS DO ENSINO FUNDAMENTAL;15;GESTÃO DO ENSINO FUNDAMENTAL;12;Educação;361;Ensino Fundamental;145;3.3.90.18.00.00.00.00;AUXÍLIO FINANCEIRO A ESTUDANTES;1.540.000.0000;TRANSFERÊNCIAS DO FUNDEB - IMPOSTOS E TRANSFERÊNCIAS DE IMPOSTOS (30%);574,97
PREFEITURA MUNICIPAL DE BARBACENA;14.001;SEDEC;2.204;PESSOAL E ENCARGOS SOCIAIS DO ENSINO FUNDAMENTAL;15;GESTÃO DO ENSINO FUNDAMENTAL;12;Educação;361;Ensino Fundamental;146;3.3.90.46.00.00.00.00;AUXÍLIO-ALIMENTAÇÃO;1.500.000.1001;RECURSOS NÃO VINCULADOS DE IMPOSTOS (EDUCAÇÃO);556.934,88
PREFEITURA MUNICIPAL DE BARBACENA;14.001;SEDEC;2.204;PESSOAL E ENCARGOS SOCIAIS DO ENSINO FUNDAMENTAL;15;GESTÃO DO ENSINO FUNDAMENTAL;12;Educação;361;Ensino Fundamental;146;3.3.90.46.00.00.00.00;AUXÍLIO-ALIMENTAÇÃO;1.540.000.0000;TRANSFERÊNCIAS DO FUNDEB - IMPOSTOS E TRANSFERÊNCIAS DE IMPOSTOS (30%);1.559.390,39
PREFEITURA MUNICIPAL DE BARBACENA;14.001;SEDEC;2.204;PESSOAL E ENCARGOS SOCIAIS DO ENSINO FUNDAMENTAL;15;GESTÃO DO ENSINO FUNDAMENTAL;12;Educação;361;Ensino Fundamental;146;3.3.90.46.00.00.00.00;AUXÍLIO-ALIMENTAÇÃO;2.540.000.0000;TRANSFERÊNCIAS DO FUNDEB - IMPOSTOS E TRANSFERÊNCIAS DE IMPOSTOS (30%);66.739,51
PREFEITURA MUNICIPAL DE BARBACENA;14.001;SEDEC;2.204;PESSOAL E ENCARGOS SOCIAIS DO ENSINO FUNDAMENTAL;15;GESTÃO DO ENSINO FUNDAMENTAL;12;Educação;361;Ensino Fundamental;915;3.3.90.39.99.00.00.00;OUTROS SERVIÇOS DE TERCEIROS - PESSOA JURÍDICA;1.500.000.1001;RECURSOS NÃO VINCULADOS DE IMPOSTOS (EDUCAÇÃO);509.912,64
PREFEITURA MUNICIPAL DE BARBACENA;14.001;SEDEC;2.081;MANUTENÇÃO DA EDUCAÇÃO DE JOVENS E ADULTOS;16;GESTÃO DA EDUCAÇÃO DE JOVENS E ADULTOS;12;Educação;366;Educação de Jovens e Adultos;194;3.3.90.30.07.00.00.00;GÊNEROS DE ALIMENTAÇÃO;1.500.000.0000;RECURSOS NÃO VINCULADOS DE IMPOSTOS;120,21
PREFEITURA MUNICIPAL DE BARBACENA;14.001;SEDEC;2.081;MANUTENÇÃO DA EDUCAÇÃO DE JOVENS E ADULTOS;16;GESTÃO DA EDUCAÇÃO DE JOVENS E ADULTOS;12;Educação;366;Educação de Jovens e Adultos;194;3.3.90.30.04.00.00.00;GÁS ENGARRAFADO;1.500.000.1001;RECURSOS NÃO VINCULADOS DE IMPOSTOS (EDUCAÇÃO);4.263,31
PREFEITURA MUNICIPAL DE BARBACENA;14.001;SEDEC;2.081;MANUTENÇÃO DA EDUCAÇÃO DE JOVENS E ADULTOS;16;GESTÃO DA EDUCAÇÃO DE JOVENS E ADULTOS;12;Educação;366;Educação de Jovens e Adultos;194;3.3.90.30.22.00.00.00;MATERIAL DE LIMPEZA E PRODUÇÃO DE HIGIENIZAÇÃO;1.500.000.1001;RECURSOS NÃO VINCULADOS DE IMPOSTOS (EDUCAÇÃO);29.765,68
PREFEITURA MUNICIPAL DE BARBACENA;14.001;SEDEC;2.081;MANUTENÇÃO DA EDUCAÇÃO DE JOVENS E ADULTOS;16;GESTÃO DA EDUCAÇÃO DE JOVENS E ADULTOS;12;Educação;366;Educação de Jovens e Adultos;194;3.3.90.30.07.00.00.00;GÊNEROS DE ALIMENTAÇÃO;1.552.000.0000;PNAE - TRANSFERÊNCIAS DE RECURSOS DO FNDE REFERENTES AO PROGRAMA NACIONAL DE ALIMENTAÇÃO ESCOLAR;8.165,14
PREFEITURA MUNICIPAL DE BARBACENA;14.001;SEDEC;2.081;MANUTENÇÃO DA EDUCAÇÃO DE JOVENS E ADULTOS;16;GESTÃO DA EDUCAÇÃO DE JOVENS E ADULTOS;12;Educação;366;Educação de Jovens e Adultos;194;3.3.90.30.23.00.00.00;UNIFORMES, TECIDOS E AVIAMENTOS;2.550.000.0000;QESE - TRANSFERÊNCIA DO SALÁRIO-EDUCAÇÃO;3.835,60
PREFEITURA MUNICIPAL DE BARBACENA;14.001;SEDEC;2.083;PESSOAL E ENCARGOS SOCIAIS DA EDUCACAO DE JOVENS E ADULTOS;16;GESTÃO DA EDUCAÇÃO DE JOVENS E ADULTOS;12;Educação;366;Educação de Jovens e Adultos;198;3.1.90.04.01.00.00.00;SALÁRIO CONTRATO TEMPORÁRIO;1.500.000.1001;RECURSOS NÃO VINCULADOS DE IMPOSTOS (EDUCAÇÃO);1.420,08
PREFEITURA MUNICIPAL DE BARBACENA;14.001;SEDEC;2.083;PESSOAL E ENCARGOS SOCIAIS DA EDUCACAO DE JOVENS E ADULTOS;16;GESTÃO DA EDUCAÇÃO DE JOVENS E ADULTOS;12;Educação;366;Educação de Jovens e Adultos;198;3.1.90.04.15.00.00.00;OBRIGAÇÕES PATRONAIS - CONTRATO TEMPORÁRIO;1.500.000.1001;RECURSOS NÃO VINCULADOS DE IMPOSTOS (EDUCAÇÃO);262,69
PREFEITURA MUNICIPAL DE BARBACENA;14.001;SEDEC;2.083;PESSOAL E ENCARGOS SOCIAIS DA EDUCACAO DE JOVENS E ADULTOS;16;GESTÃO DA EDUCAÇÃO DE JOVENS E ADULTOS;12;Educação;366;Educação de Jovens e Adultos;199;3.1.90.11.01.00.00.00;VENCIMENTOS E SALÁRIOS;1.500.000.1001;RECURSOS NÃO VINCULADOS DE IMPOSTOS (EDUCAÇÃO);47.360,68
PREFEITURA MUNICIPAL DE BARBACENA;14.001;SEDEC;2.083;PESSOAL E ENCARGOS SOCIAIS DA EDUCACAO DE JOVENS E ADULTOS;16;GESTÃO DA EDUCAÇÃO DE JOVENS E ADULTOS;12;Educação;366;Educação de Jovens e Adultos;199;3.1.90.11.52.00.00.00;LICENÇA SAÚDE;1.500.000.1001;RECURSOS NÃO VINCULADOS DE IMPOSTOS (EDUCAÇÃO);4.898,19
PREFEITURA MUNICIPAL DE BARBACENA;14.001;SEDEC;2.083;PESSOAL E ENCARGOS SOCIAIS DA EDUCACAO DE JOVENS E ADULTOS;16;GESTÃO DA EDUCAÇÃO DE JOVENS E ADULTOS;12;Educação;366;Educação de Jovens e Adultos;200;3.1.91.13.08.00.00.00;CONTRIB. PREV.- RPPS - PESSOAL ATIVO - PLANO PREV.;1.500.000.1001;RECURSOS NÃO VINCULADOS DE IMPOSTOS (EDUCAÇÃO);14.261,75
PREFEITURA MUNICIPAL DE BARBACENA;14.001;SEDEC;2.083;PESSOAL E ENCARGOS SOCIAIS DA EDUCACAO DE JOVENS E ADULTOS;16;GESTÃO DA EDUCAÇÃO DE JOVENS E ADULTOS;12;Educação;366;Educação de Jovens e Adultos;201;3.3.90.46.00.00.00.00;AUXÍLIO-ALIMENTAÇÃO;1.500.000.1001;RECURSOS NÃO VINCULADOS DE IMPOSTOS (EDUCAÇÃO);5.205,00
PREFEITURA MUNICIPAL DE BARBACENA;14.001;SEDEC;1.149;CONSTRUÇAO, REFORMA E AMPLIAÇAO DE UNIDADES DE ENSINO DO ENSINO FUNDAMENTAL;37;EDUCAÇÃO PARA TODOS;12;Educação;361;Ensino Fundamental;148;4.4.90.51.01.00.00.00;OBRAS E INSTALAÇÕES DE DOMÍNIO PÚBLICO;1.500.000.1001;RECURSOS NÃO VINCULADOS DE IMPOSTOS (EDUCAÇÃO);1.763.646,59
PREFEITURA MUNICIPAL DE BARBACENA;14.001;SEDEC;1.149;CONSTRUÇAO, REFORMA E AMPLIAÇAO DE UNIDADES DE ENSINO DO ENSINO FUNDAMENTAL;37;EDUCAÇÃO PARA TODOS;12;Educação;361;Ensino Fundamental;148;4.4.90.51.01.00.00.00;OBRAS E INSTALAÇÕES DE DOMÍNIO PÚBLICO;1.569.000.0000;OUTRAS TRANSFERÊNCIAS DE RECURSOS DO FNDE;73.999,17
PREFEITURA MUNICIPAL DE BARBACENA;14.001;SEDEC;1.149;CONSTRUÇAO, REFORMA E AMPLIAÇAO DE UNIDADES DE ENSINO DO ENSINO FUNDAMENTAL;37;EDUCAÇÃO PARA TODOS;12;Educação;361;Ensino Fundamental;148;4.4.90.51.01.00.00.00;OBRAS E INSTALAÇÕES DE DOMÍNIO PÚBLICO;2.550.000.0000;QESE - TRANSFERÊNCIA DO SALÁRIO-EDUCAÇÃO;279.907,64
PREFEITURA MUNICIPAL DE BARBACENA;14.001;SEDEC;2.205;PARCERIAS E CONVENIOS PARA O DESENVOLVIMENTO E A MELHORIA DA EDUCAÇAO;37;EDUCAÇÃO PARA TODOS;12;Educação;361;Ensino Fundamental;150;3.3.50.41.00.00.00.00;CONTRIBUIÇÕES;1.500.000.1001;RECURSOS NÃO VINCULADOS DE IMPOSTOS (EDUCAÇÃO);5.037,00
PREFEITURA MUNICIPAL DE BARBACENA;14.001;SEDEC;2.205;PARCERIAS E CONVENIOS PARA O DESENVOLVIMENTO E A MELHORIA DA EDUCAÇAO;37;EDUCAÇÃO PARA TODOS;12;Educação;361;Ensino Fundamental;150;3.3.50.41.00.00.00.00;CONTRIBUIÇÕES;2.500.000.0000;RECURSOS NÃO VINCULADOS DE IMPOSTOS;150.000,00
PREFEITURA MUNICIPAL DE BARBACENA;14.001;SEDEC;2.205;PARCERIAS E CONVENIOS PARA O DESENVOLVIMENTO E A MELHORIA DA EDUCAÇAO;37;EDUCAÇÃO PARA TODOS;12;Educação;361;Ensino Fundamental;927;3.3.90.47.00.00.00.00;OBRIGAÇÕES TRIBUTÁRIAS E CONTRIBUTIVAS;1.500.000.0000;RECURSOS NÃO VINCULADOS DE IMPOSTOS;2.090,24
PREFEITURA MUNICIPAL DE BARBACENA;14.001;SEDEC;2.093;TRANSPORTE ESCOLAR PARA O ENSINO MÉDIO;37;EDUCAÇÃO PARA TODOS;12;Educação;362;Ensino Médio;155;3.3.90.36.42.00.00.00;TRANSPORTE ESCOLAR;1.500.000.0000;RECURSOS NÃO VINCULADOS DE IMPOSTOS;61.912,00
PREFEITURA MUNICIPAL DE BARBACENA;14.001;SEDEC;2.093;TRANSPORTE ESCOLAR PARA O ENSINO MÉDIO;37;EDUCAÇÃO PARA TODOS;12;Educação;362;Ensino Médio;155;3.3.90.36.99.00.00.00;OUTROS SERVIÇOS DE PESSOA FÍSICA;1.576.001.0000;PTE- TRANSFERÊNCIAS DE RECURSOS DOS ESTADOS PARA PROGRAMAS DE EDUCAÇÃO (TRANSFERÊNCIAS DE RECURSOS PARA O PROGRAMA ESTADUAL DE TRANSPORTE ESCOLAR);23.007,46
PREFEITURA MUNICIPAL DE BARBACENA;14.001;SEDEC;2.093;TRANSPORTE ESCOLAR PARA O ENSINO MÉDIO;37;EDUCAÇÃO PARA TODOS;12;Educação;362;Ensino Médio;156;3.3.90.39.57.00.00.00;TRANSPORTE ESCOLAR;1.500.000.0000;RECURSOS NÃO VINCULADOS DE IMPOSTOS;127.739,15
PREFEITURA MUNICIPAL DE BARBACENA;14.001;SEDEC;2.093;TRANSPORTE ESCOLAR PARA O ENSINO MÉDIO;37;EDUCAÇÃO PARA TODOS;12;Educação;362;Ensino Médio;156;3.3.90.39.57.00.00.00;TRANSPORTE ESCOLAR;1.576.001.0000;PTE- TRANSFERÊNCIAS DE RECURSOS DOS ESTADOS PARA PROGRAMAS DE EDUCAÇÃO (TRANSFERÊNCIAS DE RECURSOS PARA O PROGRAMA ESTADUAL DE TRANSPORTE ESCOLAR);198.540,81
PREFEITURA MUNICIPAL DE BARBACENA;14.001;SEDEC;1.040;CONSTRUCAO, REFORMA E AMPLIACAO DE UNIDADES DA EDUCACAO INFANTIL;37;EDUCAÇÃO PARA TODOS;12;Educação;365;Educação Infantil;190;4.4.90.51.01.00.00.00;OBRAS E INSTALAÇÕES DE DOMÍNIO PÚBLICO;1.500.000.1001;RECURSOS NÃO VINCULADOS DE IMPOSTOS (EDUCAÇÃO);217.872,20
PREFEITURA MUNICIPAL DE BARBACENA;14.001;SEDEC;2.221;MANUTENÇÃO DO ATENDIMENTO EDUCACIONAL ESPECIALIZADO;38;GESTÃO DA EDUCAÇÃO ESPECIAL;12;Educação;367;Educação Especial;203;3.3.90.30.07.00.00.00;GÊNEROS DE ALIMENTAÇÃO;1.500.000.0000;RECURSOS NÃO VINCULADOS DE IMPOSTOS;12.793,87
PREFEITURA MUNICIPAL DE BARBACENA;14.001;SEDEC;2.221;MANUTENÇÃO DO ATENDIMENTO EDUCACIONAL ESPECIALIZADO;38;GESTÃO DA EDUCAÇÃO ESPECIAL;12;Educação;367;Educação Especial;203;3.3.90.30.22.00.00.00;MATERIAL DE LIMPEZA E PRODUÇÃO DE HIGIENIZAÇÃO;1.500.000.1001;RECURSOS NÃO VINCULADOS DE IMPOSTOS (EDUCAÇÃO);39.444,98
PREFEITURA MUNICIPAL DE BARBACENA;14.001;SEDEC;2.221;MANUTENÇÃO DO ATENDIMENTO EDUCACIONAL ESPECIALIZADO;38;GESTÃO DA EDUCAÇÃO ESPECIAL;12;Educação;367;Educação Especial;203;3.3.90.30.04.00.00.00;GÁS ENGARRAFADO;1.500.000.1001;RECURSOS NÃO VINCULADOS DE IMPOSTOS (EDUCAÇÃO);1.779,93
PREFEITURA MUNICIPAL DE BARBACENA;14.001;SEDEC;2.221;MANUTENÇÃO DO ATENDIMENTO EDUCACIONAL ESPECIALIZADO;38;GESTÃO DA EDUCAÇÃO ESPECIAL;12;Educação;367;Educação Especial;203;3.3.90.30.07.00.00.00;GÊNEROS DE ALIMENTAÇÃO;1.552.000.0000;PNAE - TRANSFERÊNCIAS DE RECURSOS DO FNDE REFERENTES AO PROGRAMA NACIONAL DE ALIMENTAÇÃO ESCOLAR;36.945,45
PREFEITURA MUNICIPAL DE BARBACENA;14.001;SEDEC;2.221;MANUTENÇÃO DO ATENDIMENTO EDUCACIONAL ESPECIALIZADO;38;GESTÃO DA EDUCAÇÃO ESPECIAL;12;Educação;367;Educação Especial;205;3.3.90.39.57.00.00.00;TRANSPORTE ESCOLAR;1.576.001.0000;PTE- TRANSFERÊNCIAS DE RECURSOS DOS ESTADOS PARA PROGRAMAS DE EDUCAÇÃO (TRANSFERÊNCIAS DE RECURSOS PARA O PROGRAMA ESTADUAL DE TRANSPORTE ESCOLAR);29.681,00
PREFEITURA MUNICIPAL DE BARBACENA;14.001;SEDEC;2.222;PESSOAL E ENCARGOS SOCIAIS DO ATENDIMENTO EDUCACIONAL ESPECIALIZADO;38;GESTÃO DA EDUCAÇÃO ESPECIAL;12;Educação;367;Educação Especial;207;3.1.90.04.01.00.00.00;SALÁRIO CONTRATO TEMPORÁRIO;1.500.000.1001;RECURSOS NÃO VINCULADOS DE IMPOSTOS (EDUCAÇÃO);2.154.074,39
PREFEITURA MUNICIPAL DE BARBACENA;14.001;SEDEC;2.222;PESSOAL E ENCARGOS SOCIAIS DO ATENDIMENTO EDUCACIONAL ESPECIALIZADO;38;GESTÃO DA EDUCAÇÃO ESPECIAL;12;Educação;367;Educação Especial;207;3.1.90.04.15.00.00.00;OBRIGAÇÕES PATRONAIS - CONTRATO TEMPORÁRIO;1.500.000.1001;RECURSOS NÃO VINCULADOS DE IMPOSTOS (EDUCAÇÃO);430.648,91
PREFEITURA MUNICIPAL DE BARBACENA;14.001;SEDEC;2.222;PESSOAL E ENCARGOS SOCIAIS DO ATENDIMENTO EDUCACIONAL ESPECIALIZADO;38;GESTÃO DA EDUCAÇÃO ESPECIAL;12;Educação;367;Educação Especial;207;3.1.90.04.01.00.00.00;SALÁRIO CONTRATO TEMPORÁRIO;1.540.000.0000;TRANSFERÊNCIAS DO FUNDEB - IMPOSTOS E TRANSFERÊNCIAS DE IMPOSTOS (30%);1.173.897,00
PREFEITURA MUNICIPAL DE BARBACENA;14.001;SEDEC;2.222;PESSOAL E ENCARGOS SOCIAIS DO ATENDIMENTO EDUCACIONAL ESPECIALIZADO;38;GESTÃO DA EDUCAÇÃO ESPECIAL;12;Educação;367;Educação Especial;207;3.1.90.04.15.00.00.00;OBRIGAÇÕES PATRONAIS - CONTRATO TEMPORÁRIO;1.540.000.0000;TRANSFERÊNCIAS DO FUNDEB - IMPOSTOS E TRANSFERÊNCIAS DE IMPOSTOS (30%);245.909,65
PREFEITURA MUNICIPAL DE BARBACENA;14.001;SEDEC;2.222;PESSOAL E ENCARGOS SOCIAIS DO ATENDIMENTO EDUCACIONAL ESPECIALIZADO;38;GESTÃO DA EDUCAÇÃO ESPECIAL;12;Educação;367;Educação Especial;207;3.1.90.04.15.00.00.00;OBRIGAÇÕES PATRONAIS - CONTRATO TEMPORÁRIO;1.540.000.1070;TRANSFERÊNCIAS DO FUNDEB - IMPOSTOS E TRANSFERÊNCIAS DE IMPOSTOS (70% -PAGTO DA REMUNERAÇÃO DOS PROFISSIONAIS DA EDUCAÇÃO BÁSICA EM EFETIVO EXERCÍCIO);213.916,72
PREFEITURA MUNICIPAL DE BARBACENA;14.001;SEDEC;2.222;PESSOAL E ENCARGOS SOCIAIS DO ATENDIMENTO EDUCACIONAL ESPECIALIZADO;38;GESTÃO DA EDUCAÇÃO ESPECIAL;12;Educação;367;Educação Especial;207;3.1.90.04.01.00.00.00;SALÁRIO CONTRATO TEMPORÁRIO;1.540.000.1070;TRANSFERÊNCIAS DO FUNDEB - IMPOSTOS E TRANSFERÊNCIAS DE IMPOSTOS (70% -PAGTO DA REMUNERAÇÃO DOS PROFISSIONAIS DA EDUCAÇÃO BÁSICA EM EFETIVO EXERCÍCIO);1.063.658,38
PREFEITURA MUNICIPAL DE BARBACENA;14.001;SEDEC;2.222;PESSOAL E ENCARGOS SOCIAIS DO ATENDIMENTO EDUCACIONAL ESPECIALIZADO;38;GESTÃO DA EDUCAÇÃO ESPECIAL;12;Educação;367;Educação Especial;208;3.1.90.11.01.00.00.00;VENCIMENTOS E SALÁRIOS;1.500.000.1001;RECURSOS NÃO VINCULADOS DE IMPOSTOS (EDUCAÇÃO);189.279,47
PREFEITURA MUNICIPAL DE BARBACENA;14.001;SEDEC;2.222;PESSOAL E ENCARGOS SOCIAIS DO ATENDIMENTO EDUCACIONAL ESPECIALIZADO;38;GESTÃO DA EDUCAÇÃO ESPECIAL;12;Educação;367;Educação Especial;208;3.1.90.11.52.00.00.00;LICENÇA SAÚDE;1.500.000.1001;RECURSOS NÃO VINCULADOS DE IMPOSTOS (EDUCAÇÃO);708,32
PREFEITURA MUNICIPAL DE BARBACENA;14.001;SEDEC;2.222;PESSOAL E ENCARGOS SOCIAIS DO ATENDIMENTO EDUCACIONAL ESPECIALIZADO;38;GESTÃO DA EDUCAÇÃO ESPECIAL;12;Educação;367;Educação Especial;208;3.1.90.11.01.00.00.00;VENCIMENTOS E SALÁRIOS;1.540.000.0000;TRANSFERÊNCIAS DO FUNDEB - IMPOSTOS E TRANSFERÊNCIAS DE IMPOSTOS (30%);764.191,52
PREFEITURA MUNICIPAL DE BARBACENA;14.001;SEDEC;2.222;PESSOAL E ENCARGOS SOCIAIS DO ATENDIMENTO EDUCACIONAL ESPECIALIZADO;38;GESTÃO DA EDUCAÇÃO ESPECIAL;12;Educação;367;Educação Especial;208;3.1.90.11.01.00.00.00;VENCIMENTOS E SALÁRIOS;1.540.000.1070;TRANSFERÊNCIAS DO FUNDEB - IMPOSTOS E TRANSFERÊNCIAS DE IMPOSTOS (70% -PAGTO DA REMUNERAÇÃO DOS PROFISSIONAIS DA EDUCAÇÃO BÁSICA EM EFETIVO EXERCÍCIO);78.817,16
PREFEITURA MUNICIPAL DE BARBACENA;14.001;SEDEC;2.222;PESSOAL E ENCARGOS SOCIAIS DO ATENDIMENTO EDUCACIONAL ESPECIALIZADO;38;GESTÃO DA EDUCAÇÃO ESPECIAL;12;Educação;367;Educação Especial;208;3.1.90.11.52.00.00.00;LICENÇA SAÚDE;1.540.000.1070;TRANSFERÊNCIAS DO FUNDEB - IMPOSTOS E TRANSFERÊNCIAS DE IMPOSTOS (70% -PAGTO DA REMUNERAÇÃO DOS PROFISSIONAIS DA EDUCAÇÃO BÁSICA EM EFETIVO EXERCÍCIO);13.741,57
PREFEITURA MUNICIPAL DE BARBACENA;14.001;SEDEC;2.222;PESSOAL E ENCARGOS SOCIAIS DO ATENDIMENTO EDUCACIONAL ESPECIALIZADO;38;GESTÃO DA EDUCAÇÃO ESPECIAL;12;Educação;367;Educação Especial;210;3.1.91.13.08.00.00.00;CONTRIB. PREV.- RPPS - PESSOAL ATIVO - PLANO PREV.;1.500.000.1001;RECURSOS NÃO VINCULADOS DE IMPOSTOS (EDUCAÇÃO);47.570,90
PREFEITURA MUNICIPAL DE BARBACENA;14.001;SEDEC;2.222;PESSOAL E ENCARGOS SOCIAIS DO ATENDIMENTO EDUCACIONAL ESPECIALIZADO;38;GESTÃO DA EDUCAÇÃO ESPECIAL;12;Educação;367;Educação Especial;210;3.1.91.13.08.00.00.00;CONTRIB. PREV.- RPPS - PESSOAL ATIVO - PLANO PREV.;1.540.000.1070;TRANSFERÊNCIAS DO FUNDEB - IMPOSTOS E TRANSFERÊNCIAS DE IMPOSTOS (70% -PAGTO DA REMUNERAÇÃO DOS PROFISSIONAIS DA EDUCAÇÃO BÁSICA EM EFETIVO EXERCÍCIO);235.352,06
PREFEITURA MUNICIPAL DE BARBACENA;14.001;SEDEC;2.222;PESSOAL E ENCARGOS SOCIAIS DO ATENDIMENTO EDUCACIONAL ESPECIALIZADO;38;GESTÃO DA EDUCAÇÃO ESPECIAL;12;Educação;367;Educação Especial;213;3.3.90.46.00.00.00.00;AUXÍLIO-ALIMENTAÇÃO;1.500.000.1001;RECURSOS NÃO VINCULADOS DE IMPOSTOS (EDUCAÇÃO);694.593,23
PREFEITURA MUNICIPAL DE BARBACENA;14.001;SEDEC;2.222;PESSOAL E ENCARGOS SOCIAIS DO ATENDIMENTO EDUCACIONAL ESPECIALIZADO;38;GESTÃO DA EDUCAÇÃO ESPECIAL;12;Educação;367;Educação Especial;213;3.3.90.46.00.00.00.00;AUXÍLIO-ALIMENTAÇÃO;1.540.000.0000;TRANSFERÊNCIAS DO FUNDEB - IMPOSTOS E TRANSFERÊNCIAS DE IMPOSTOS (30%);428.284,88
PREFEITURA MUNICIPAL DE BARBACENA;14.002;FUNDO MUNICIPAL PRO-ESPORTE E LAZER;1.151;CONSTRUÇAO, REFORMA E MODERNIZAÇÃO DE LOCAIS E INFRAESTRUTURA DE ESPORTE E LAZER;63;ESPORTE E LAZER TRANSFORMANDO BARBACENA;27;Desporto e Lazer;812;Desporto Comunitário;217;4.4.90.51.01.00.00.00;OBRAS E INSTALAÇÕES DE DOMÍNIO PÚBLICO;1.500.000.0000;RECURSOS NÃO VINCULADOS DE IMPOSTOS;306.157,31
PREFEITURA MUNICIPAL DE BARBACENA;14.002;FUNDO MUNICIPAL PRO-ESPORTE E LAZER;1.151;CONSTRUÇAO, REFORMA E MODERNIZAÇÃO DE LOCAIS E INFRAESTRUTURA DE ESPORTE E LAZER;63;ESPORTE E LAZER TRANSFORMANDO BARBACENA;27;Desporto e Lazer;812;Desporto Comunitário;217;4.4.90.51.01.00.00.00;OBRAS E INSTALAÇÕES DE DOMÍNIO PÚBLICO;1.700.000.0000;OUTRAS TRANSFERÊNCIAS DE CONVÊNIOS OU INSTRUMENTOS CONGÊNERES DA UNIÃO;7.902,77
PREFEITURA MUNICIPAL DE BARBACENA;14.002;FUNDO MUNICIPAL PRO-ESPORTE E LAZER;2.223;MANUTENÇÃO  DO CALENDÁRIO ANUAL DE  ATIVIDADES DE ESPORTE E LAZER PARTICIPATIVO;63;ESPORTE E LAZER TRANSFORMANDO BARBACENA;27;Desporto e Lazer;812;Desporto Comunitário;222;3.1.90.11.01.00.00.00;VENCIMENTOS E SALÁRIOS;1.500.000.0000;RECURSOS NÃO VINCULADOS DE IMPOSTOS;14.024,41
PREFEITURA MUNICIPAL DE BARBACENA;14.002;FUNDO MUNICIPAL PRO-ESPORTE E LAZER;2.223;MANUTENÇÃO  DO CALENDÁRIO ANUAL DE  ATIVIDADES DE ESPORTE E LAZER PARTICIPATIVO;63;ESPORTE E LAZER TRANSFORMANDO BARBACENA;27;Desporto e Lazer;812;Desporto Comunitário;223;3.1.90.13.03.00.00.00;CONTRIBUIÇÃO PATRONAL PARA INSS;1.500.000.0000;RECURSOS NÃO VINCULADOS DE IMPOSTOS;2.658,45
PREFEITURA MUNICIPAL DE BARBACENA;14.002;FUNDO MUNICIPAL PRO-ESPORTE E LAZER;2.223;MANUTENÇÃO  DO CALENDÁRIO ANUAL DE  ATIVIDADES DE ESPORTE E LAZER PARTICIPATIVO;63;ESPORTE E LAZER TRANSFORMANDO BARBACENA;27;Desporto e Lazer;812;Desporto Comunitário;227;3.3.90.30.37.00.00.00;MATERIAL PARA MANUTENÇÃO DE VEÍCULOS;1.500.000.0000;RECURSOS NÃO VINCULADOS DE IMPOSTOS;1.000,00
PREFEITURA MUNICIPAL DE BARBACENA;14.002;FUNDO MUNICIPAL PRO-ESPORTE E LAZER;2.223;MANUTENÇÃO  DO CALENDÁRIO ANUAL DE  ATIVIDADES DE ESPORTE E LAZER PARTICIPATIVO;63;ESPORTE E LAZER TRANSFORMANDO BARBACENA;27;Desporto e Lazer;812;Desporto Comunitário;227;3.3.90.30.99.00.00.00;OUTROS MATERIAIS DE CONSUMO;1.500.000.0000;RECURSOS NÃO VINCULADOS DE IMPOSTOS;7.045,35
PREFEITURA MUNICIPAL DE BARBACENA;14.002;FUNDO MUNICIPAL PRO-ESPORTE E LAZER;2.223;MANUTENÇÃO  DO CALENDÁRIO ANUAL DE  ATIVIDADES DE ESPORTE E LAZER PARTICIPATIVO;63;ESPORTE E LAZER TRANSFORMANDO BARBACENA;27;Desporto e Lazer;812;Desporto Comunitário;229;3.3.90.39.99.00.00.00;OUTROS SERVIÇOS DE TERCEIROS - PESSOA JURÍDICA;1.500.000.0000;RECURSOS NÃO VINCULADOS DE IMPOSTOS;437.429,40
PREFEITURA MUNICIPAL DE BARBACENA;14.002;FUNDO MUNICIPAL PRO-ESPORTE E LAZER;2.223;MANUTENÇÃO  DO CALENDÁRIO ANUAL DE  ATIVIDADES DE ESPORTE E LAZER PARTICIPATIVO;63;ESPORTE E LAZER TRANSFORMANDO BARBACENA;27;Desporto e Lazer;812;Desporto Comunitário;229;3.3.90.39.12.00.00.00;LOCAÇÃO DE MÁQUINAS E EQUIPAMENTOS;1.500.000.0000;RECURSOS NÃO VINCULADOS DE IMPOSTOS;3.334,95
PREFEITURA MUNICIPAL DE BARBACENA;14.002;FUNDO MUNICIPAL PRO-ESPORTE E LAZER;2.223;MANUTENÇÃO  DO CALENDÁRIO ANUAL DE  ATIVIDADES DE ESPORTE E LAZER PARTICIPATIVO;63;ESPORTE E LAZER TRANSFORMANDO BARBACENA;27;Desporto e Lazer;812;Desporto Comunitário;229;3.3.90.39.05.00.00.00;SERVIÇOS TÉCNICOS PROFISSIONAIS;1.500.000.0000;RECURSOS NÃO VINCULADOS DE IMPOSTOS;74.270,00
PREFEITURA MUNICIPAL DE BARBACENA;14.002;FUNDO MUNICIPAL PRO-ESPORTE E LAZER;2.223;MANUTENÇÃO  DO CALENDÁRIO ANUAL DE  ATIVIDADES DE ESPORTE E LAZER PARTICIPATIVO;63;ESPORTE E LAZER TRANSFORMANDO BARBACENA;27;Desporto e Lazer;812;Desporto Comunitário;229;3.3.90.39.99.00.00.00;OUTROS SERVIÇOS DE TERCEIROS - PESSOA JURÍDICA;1.501.000.0000;OUTROS RECURSOS NÃO VINCULADOS;3.971,26
PREFEITURA MUNICIPAL DE BARBACENA;14.002;FUNDO MUNICIPAL PRO-ESPORTE E LAZER;2.223;MANUTENÇÃO  DO CALENDÁRIO ANUAL DE  ATIVIDADES DE ESPORTE E LAZER PARTICIPATIVO;63;ESPORTE E LAZER TRANSFORMANDO BARBACENA;27;Desporto e Lazer;812;Desporto Comunitário;229;3.3.90.39.99.00.00.00;OUTROS SERVIÇOS DE TERCEIROS - PESSOA JURÍDICA;1.753.000.0000;RECURSOS PROVENIENTES DE TAXAS, CONTRIBUIÇÕES E PREÇOS PÚBLICOS;150.335,03
PREFEITURA MUNICIPAL DE BARBACENA;14.002;FUNDO MUNICIPAL PRO-ESPORTE E LAZER;2.223;MANUTENÇÃO  DO CALENDÁRIO ANUAL DE  ATIVIDADES DE ESPORTE E LAZER PARTICIPATIVO;63;ESPORTE E LAZER TRANSFORMANDO BARBACENA;27;Desporto e Lazer;812;Desporto Comunitário;229;3.3.90.39.05.00.00.00;SERVIÇOS TÉCNICOS PROFISSIONAIS;2.500.000.0000;RECURSOS NÃO VINCULADOS DE IMPOSTOS;80.000,00
PREFEITURA MUNICIPAL DE BARBACENA;14.002;FUNDO MUNICIPAL PRO-ESPORTE E LAZER;2.223;MANUTENÇÃO  DO CALENDÁRIO ANUAL DE  ATIVIDADES DE ESPORTE E LAZER PARTICIPATIVO;63;ESPORTE E LAZER TRANSFORMANDO BARBACENA;27;Desporto e Lazer;812;Desporto Comunitário;230;3.3.90.46.00.00.00.00;AUXÍLIO-ALIMENTAÇÃO;1.500.000.0000;RECURSOS NÃO VINCULADOS DE IMPOSTOS;1.515,00
PREFEITURA MUNICIPAL DE BARBACENA;14.002;FUNDO MUNICIPAL PRO-ESPORTE E LAZER;2.458;APOIO A ASSOCIAÇÃO DE CAPOEIRA BALANÇA BRASIL;63;ESPORTE E LAZER TRANSFORMANDO BARBACENA;27;Desporto e Lazer;812;Desporto Comunitário;233;3.3.50.41.00.00.00.00;CONTRIBUIÇÕES;1.501.000.0000;OUTROS RECURSOS NÃO VINCULADOS;30.265,45
PREFEITURA MUNICIPAL DE BARBACENA;14.002;FUNDO MUNICIPAL PRO-ESPORTE E LAZER;2.458;APOIO A ASSOCIAÇÃO DE CAPOEIRA BALANÇA BRASIL;63;ESPORTE E LAZER TRANSFORMANDO BARBACENA;27;Desporto e Lazer;812;Desporto Comunitário;979;4.4.50.41.00.00.00.00;CONTRIBUIÇÕES;1.501.000.0000;OUTROS RECURSOS NÃO VINCULADOS;3.000,00
PREFEITURA MUNICIPAL DE BARBACENA;14.002;FUNDO MUNICIPAL PRO-ESPORTE E LAZER;2.475;ASSOCIAÇÃO DOS AMIGOS CICLISTAS DE BARBACENA E REGIÃO -  AACB;63;ESPORTE E LAZER TRANSFORMANDO BARBACENA;27;Desporto e Lazer;812;Desporto Comunitário;234;3.3.50.41.00.00.00.00;CONTRIBUIÇÕES;1.753.000.0000;RECURSOS PROVENIENTES DE TAXAS, CONTRIBUIÇÕES E PREÇOS PÚBLICOS;173.265,45
PREFEITURA MUNICIPAL DE BARBACENA;14.002;FUNDO MUNICIPAL PRO-ESPORTE E LAZER;2.730;FOMENTAR E VALORIZAR PROJETOS SÓCIO-EDUCACIONAIS E APOIAR OS JOGOS ESCOLARES;63;ESPORTE E LAZER TRANSFORMANDO BARBACENA;27;Desporto e Lazer;812;Desporto Comunitário;236;3.3.90.39.99.00.00.00;OUTROS SERVIÇOS DE TERCEIROS - PESSOA JURÍDICA;1.500.000.0000;RECURSOS NÃO VINCULADOS DE IMPOSTOS;232.569,00
PREFEITURA MUNICIPAL DE BARBACENA;14.002;FUNDO MUNICIPAL PRO-ESPORTE E LAZER;2.730;FOMENTAR E VALORIZAR PROJETOS SÓCIO-EDUCACIONAIS E APOIAR OS JOGOS ESCOLARES;63;ESPORTE E LAZER TRANSFORMANDO BARBACENA;27;Desporto e Lazer;812;Desporto Comunitário;236;3.3.90.39.99.00.00.00;OUTROS SERVIÇOS DE TERCEIROS - PESSOA JURÍDICA;1.501.000.0000;OUTROS RECURSOS NÃO VINCULADOS;186.364,00
PREFEITURA MUNICIPAL DE BARBACENA;14.002;FUNDO MUNICIPAL PRO-ESPORTE E LAZER;2.730;FOMENTAR E VALORIZAR PROJETOS SÓCIO-EDUCACIONAIS E APOIAR OS JOGOS ESCOLARES;63;ESPORTE E LAZER TRANSFORMANDO BARBACENA;27;Desporto e Lazer;812;Desporto Comunitário;236;3.3.90.39.99.00.00.00;OUTROS SERVIÇOS DE TERCEIROS - PESSOA JURÍDICA;1.753.000.0000;RECURSOS PROVENIENTES DE TAXAS, CONTRIBUIÇÕES E PREÇOS PÚBLICOS;450.000,00
PREFEITURA MUNICIPAL DE BARBACENA;14.003;FUNDO MUNICIPAL DE CULTURA;2.071;MANUTENÇÃO DA BIBLIOTECA PÚBLICA MUNICIPAL E DEMAIS APARELHOS CULTURAIS;62;VALORIZAÇÃO E AMPLITUDE CULTURAL;13;Cultura;392;Difusão Cultural;238;3.1.90.04.15.00.00.00;OBRIGAÇÕES PATRONAIS - CONTRATO TEMPORÁRIO;1.500.000.0000;RECURSOS NÃO VINCULADOS DE IMPOSTOS;10.298,43
PREFEITURA MUNICIPAL DE BARBACENA;14.003;FUNDO MUNICIPAL DE CULTURA;2.071;MANUTENÇÃO DA BIBLIOTECA PÚBLICA MUNICIPAL E DEMAIS APARELHOS CULTURAIS;62;VALORIZAÇÃO E AMPLITUDE CULTURAL;13;Cultura;392;Difusão Cultural;238;3.1.90.04.01.00.00.00;SALÁRIO CONTRATO TEMPORÁRIO;1.500.000.0000;RECURSOS NÃO VINCULADOS DE IMPOSTOS;50.486,60
PREFEITURA MUNICIPAL DE BARBACENA;14.003;FUNDO MUNICIPAL DE CULTURA;2.071;MANUTENÇÃO DA BIBLIOTECA PÚBLICA MUNICIPAL E DEMAIS APARELHOS CULTURAIS;62;VALORIZAÇÃO E AMPLITUDE CULTURAL;13;Cultura;392;Difusão Cultural;239;3.1.90.11.01.00.00.00;VENCIMENTOS E SALÁRIOS;1.500.000.0000;RECURSOS NÃO VINCULADOS DE IMPOSTOS;816.142,54
PREFEITURA MUNICIPAL DE BARBACENA;14.003;FUNDO MUNICIPAL DE CULTURA;2.071;MANUTENÇÃO DA BIBLIOTECA PÚBLICA MUNICIPAL E DEMAIS APARELHOS CULTURAIS;62;VALORIZAÇÃO E AMPLITUDE CULTURAL;13;Cultura;392;Difusão Cultural;239;3.1.90.11.52.00.00.00;LICENÇA SAÚDE;1.500.000.0000;RECURSOS NÃO VINCULADOS DE IMPOSTOS;61.748,58
PREFEITURA MUNICIPAL DE BARBACENA;14.003;FUNDO MUNICIPAL DE CULTURA;2.071;MANUTENÇÃO DA BIBLIOTECA PÚBLICA MUNICIPAL E DEMAIS APARELHOS CULTURAIS;62;VALORIZAÇÃO E AMPLITUDE CULTURAL;13;Cultura;392;Difusão Cultural;240;3.1.90.13.03.00.00.00;CONTRIBUIÇÃO PATRONAL PARA INSS;1.500.000.0000;RECURSOS NÃO VINCULADOS DE IMPOSTOS;24.161,04
PREFEITURA MUNICIPAL DE BARBACENA;14.003;FUNDO MUNICIPAL DE CULTURA;2.071;MANUTENÇÃO DA BIBLIOTECA PÚBLICA MUNICIPAL E DEMAIS APARELHOS CULTURAIS;62;VALORIZAÇÃO E AMPLITUDE CULTURAL;13;Cultura;392;Difusão Cultural;241;3.1.91.13.08.00.00.00;CONTRIB. PREV.- RPPS - PESSOAL ATIVO - PLANO PREV.;1.500.000.0000;RECURSOS NÃO VINCULADOS DE IMPOSTOS;198.466,30
PREFEITURA MUNICIPAL DE BARBACENA;14.003;FUNDO MUNICIPAL DE CULTURA;2.071;MANUTENÇÃO DA BIBLIOTECA PÚBLICA MUNICIPAL E DEMAIS APARELHOS CULTURAIS;62;VALORIZAÇÃO E AMPLITUDE CULTURAL;13;Cultura;392;Difusão Cultural;242;3.3.90.08.56.00.00.00;SALÁRIO FAMÍLIA;1.500.000.0000;RECURSOS NÃO VINCULADOS DE IMPOSTOS;1.576,80
PREFEITURA MUNICIPAL DE BARBACENA;14.003;FUNDO MUNICIPAL DE CULTURA;2.071;MANUTENÇÃO DA BIBLIOTECA PÚBLICA MUNICIPAL E DEMAIS APARELHOS CULTURAIS;62;VALORIZAÇÃO E AMPLITUDE CULTURAL;13;Cultura;392;Difusão Cultural;243;3.3.90.14.05.00.00.00;DIÁRIAS DE DEMAIS SERVIDORES;1.500.000.0000;RECURSOS NÃO VINCULADOS DE IMPOSTOS;11.200,00
PREFEITURA MUNICIPAL DE BARBACENA;14.003;FUNDO MUNICIPAL DE CULTURA;2.071;MANUTENÇÃO DA BIBLIOTECA PÚBLICA MUNICIPAL E DEMAIS APARELHOS CULTURAIS;62;VALORIZAÇÃO E AMPLITUDE CULTURAL;13;Cultura;392;Difusão Cultural;243;3.3.90.14.05.00.00.00;DIÁRIAS DE DEMAIS SERVIDORES;1.501.000.0000;OUTROS RECURSOS NÃO VINCULADOS;7.400,00
PREFEITURA MUNICIPAL DE BARBACENA;14.003;FUNDO MUNICIPAL DE CULTURA;2.071;MANUTENÇÃO DA BIBLIOTECA PÚBLICA MUNICIPAL E DEMAIS APARELHOS CULTURAIS;62;VALORIZAÇÃO E AMPLITUDE CULTURAL;13;Cultura;392;Difusão Cultural;245;3.3.90.30.37.00.00.00;MATERIAL PARA MANUTENÇÃO DE VEÍCULOS;1.500.000.0000;RECURSOS NÃO VINCULADOS DE IMPOSTOS;0,00
PREFEITURA MUNICIPAL DE BARBACENA;14.003;FUNDO MUNICIPAL DE CULTURA;2.071;MANUTENÇÃO DA BIBLIOTECA PÚBLICA MUNICIPAL E DEMAIS APARELHOS CULTURAIS;62;VALORIZAÇÃO E AMPLITUDE CULTURAL;13;Cultura;392;Difusão Cultural;245;3.3.90.30.99.00.00.00;OUTROS MATERIAIS DE CONSUMO;1.500.000.0000;RECURSOS NÃO VINCULADOS DE IMPOSTOS;0,00
PREFEITURA MUNICIPAL DE BARBACENA;14.003;FUNDO MUNICIPAL DE CULTURA;2.071;MANUTENÇÃO DA BIBLIOTECA PÚBLICA MUNICIPAL E DEMAIS APARELHOS CULTURAIS;62;VALORIZAÇÃO E AMPLITUDE CULTURAL;13;Cultura;392;Difusão Cultural;245;3.3.90.30.28.00.00.00;MATERIAL DE PROTEÇÃO E SEGURANÇA;1.500.000.0000;RECURSOS NÃO VINCULADOS DE IMPOSTOS;109,20
PREFEITURA MUNICIPAL DE BARBACENA;14.003;FUNDO MUNICIPAL DE CULTURA;2.071;MANUTENÇÃO DA BIBLIOTECA PÚBLICA MUNICIPAL E DEMAIS APARELHOS CULTURAIS;62;VALORIZAÇÃO E AMPLITUDE CULTURAL;13;Cultura;392;Difusão Cultural;247;3.3.90.39.99.00.00.00;OUTROS SERVIÇOS DE TERCEIROS - PESSOA JURÍDICA;1.500.000.0000;RECURSOS NÃO VINCULADOS DE IMPOSTOS;31.957,48
PREFEITURA MUNICIPAL DE BARBACENA;14.003;FUNDO MUNICIPAL DE CULTURA;2.071;MANUTENÇÃO DA BIBLIOTECA PÚBLICA MUNICIPAL E DEMAIS APARELHOS CULTURAIS;62;VALORIZAÇÃO E AMPLITUDE CULTURAL;13;Cultura;392;Difusão Cultural;247;3.3.90.39.12.00.00.00;LOCAÇÃO DE MÁQUINAS E EQUIPAMENTOS;1.500.000.0000;RECURSOS NÃO VINCULADOS DE IMPOSTOS;13.339,80
PREFEITURA MUNICIPAL DE BARBACENA;14.003;FUNDO MUNICIPAL DE CULTURA;2.071;MANUTENÇÃO DA BIBLIOTECA PÚBLICA MUNICIPAL E DEMAIS APARELHOS CULTURAIS;62;VALORIZAÇÃO E AMPLITUDE CULTURAL;13;Cultura;392;Difusão Cultural;247;3.3.90.39.53.00.00.00;SEGUROS EM GERAL;1.500.000.0000;RECURSOS NÃO VINCULADOS DE IMPOSTOS;850,00
PREFEITURA MUNICIPAL DE BARBACENA;14.003;FUNDO MUNICIPAL DE CULTURA;2.071;MANUTENÇÃO DA BIBLIOTECA PÚBLICA MUNICIPAL E DEMAIS APARELHOS CULTURAIS;62;VALORIZAÇÃO E AMPLITUDE CULTURAL;13;Cultura;392;Difusão Cultural;247;3.3.90.39.99.00.00.00;OUTROS SERVIÇOS DE TERCEIROS - PESSOA JURÍDICA;2.500.000.0000;RECURSOS NÃO VINCULADOS DE IMPOSTOS;12.654,45
PREFEITURA MUNICIPAL DE BARBACENA;14.003;FUNDO MUNICIPAL DE CULTURA;2.071;MANUTENÇÃO DA BIBLIOTECA PÚBLICA MUNICIPAL E DEMAIS APARELHOS CULTURAIS;62;VALORIZAÇÃO E AMPLITUDE CULTURAL;13;Cultura;392;Difusão Cultural;247;3.3.90.39.27.00.00.00;FORNECIMENTO DE ALIMENTAÇÃO;2.500.000.0000;RECURSOS NÃO VINCULADOS DE IMPOSTOS;3.611,00
PREFEITURA MUNICIPAL DE BARBACENA;14.003;FUNDO MUNICIPAL DE CULTURA;2.071;MANUTENÇÃO DA BIBLIOTECA PÚBLICA MUNICIPAL E DEMAIS APARELHOS CULTURAIS;62;VALORIZAÇÃO E AMPLITUDE CULTURAL;13;Cultura;392;Difusão Cultural;249;3.3.90.46.00.00.00.00;AUXÍLIO-ALIMENTAÇÃO;1.500.000.0000;RECURSOS NÃO VINCULADOS DE IMPOSTOS;82.605,00
PREFEITURA MUNICIPAL DE BARBACENA;14.003;FUNDO MUNICIPAL DE CULTURA;2.072;MANUTENÇAO DE MUSEUS;62;VALORIZAÇÃO E AMPLITUDE CULTURAL;13;Cultura;392;Difusão Cultural;253;3.1.90.11.01.00.00.00;VENCIMENTOS E SALÁRIOS;1.500.000.0000;RECURSOS NÃO VINCULADOS DE IMPOSTOS;127.920,58
PREFEITURA MUNICIPAL DE BARBACENA;14.003;FUNDO MUNICIPAL DE CULTURA;2.072;MANUTENÇAO DE MUSEUS;62;VALORIZAÇÃO E AMPLITUDE CULTURAL;13;Cultura;392;Difusão Cultural;254;3.1.90.13.03.00.00.00;CONTRIBUIÇÃO PATRONAL PARA INSS;1.500.000.0000;RECURSOS NÃO VINCULADOS DE IMPOSTOS;12.605,59
PREFEITURA MUNICIPAL DE BARBACENA;14.003;FUNDO MUNICIPAL DE CULTURA;2.072;MANUTENÇAO DE MUSEUS;62;VALORIZAÇÃO E AMPLITUDE CULTURAL;13;Cultura;392;Difusão Cultural;255;3.1.91.13.08.00.00.00;CONTRIB. PREV.- RPPS - PESSOAL ATIVO - PLANO PREV.;1.500.000.0000;RECURSOS NÃO VINCULADOS DE IMPOSTOS;16.994,81
PREFEITURA MUNICIPAL DE BARBACENA;14.003;FUNDO MUNICIPAL DE CULTURA;2.072;MANUTENÇAO DE MUSEUS;62;VALORIZAÇÃO E AMPLITUDE CULTURAL;13;Cultura;392;Difusão Cultural;256;3.3.90.08.56.00.00.00;SALÁRIO FAMÍLIA;1.500.000.0000;RECURSOS NÃO VINCULADOS DE IMPOSTOS;462,00
PREFEITURA MUNICIPAL DE BARBACENA;14.003;FUNDO MUNICIPAL DE CULTURA;2.072;MANUTENÇAO DE MUSEUS;62;VALORIZAÇÃO E AMPLITUDE CULTURAL;13;Cultura;392;Difusão Cultural;257;3.3.90.14.05.00.00.00;DIÁRIAS DE DEMAIS SERVIDORES;1.501.000.0000;OUTROS RECURSOS NÃO VINCULADOS;1.600,00
PREFEITURA MUNICIPAL DE BARBACENA;14.003;FUNDO MUNICIPAL DE CULTURA;2.072;MANUTENÇAO DE MUSEUS;62;VALORIZAÇÃO E AMPLITUDE CULTURAL;13;Cultura;392;Difusão Cultural;259;3.3.90.30.28.00.00.00;MATERIAL DE PROTEÇÃO E SEGURANÇA;1.500.000.0000;RECURSOS NÃO VINCULADOS DE IMPOSTOS;182,00
PREFEITURA MUNICIPAL DE BARBACENA;14.003;FUNDO MUNICIPAL DE CULTURA;2.072;MANUTENÇAO DE MUSEUS;62;VALORIZAÇÃO E AMPLITUDE CULTURAL;13;Cultura;392;Difusão Cultural;261;3.3.90.39.99.00.00.00;OUTROS SERVIÇOS DE TERCEIROS - PESSOA JURÍDICA;1.500.000.0000;RECURSOS NÃO VINCULADOS DE IMPOSTOS;352.138,32
PREFEITURA MUNICIPAL DE BARBACENA;14.003;FUNDO MUNICIPAL DE CULTURA;2.072;MANUTENÇAO DE MUSEUS;62;VALORIZAÇÃO E AMPLITUDE CULTURAL;13;Cultura;392;Difusão Cultural;262;3.3.90.46.00.00.00.00;AUXÍLIO-ALIMENTAÇÃO;1.500.000.0000;RECURSOS NÃO VINCULADOS DE IMPOSTOS;14.850,00
PREFEITURA MUNICIPAL DE BARBACENA;14.003;FUNDO MUNICIPAL DE CULTURA;2.343;MANUTENÇÃO DE AÇÕES PARA EXECUÇÃO DA LEI PAULO GUSTAVO - LEI N° 195/2022;62;VALORIZAÇÃO E AMPLITUDE CULTURAL;13;Cultura;392;Difusão Cultural;988;3.3.90.48.00.00.00.00;OUTROS AUXÍLIOS FINANCEIROS A PESSOAS FÍSICAS;1.715.000.0000;TRANSFERÊNCIAS DESTINADAS AO SETOR CULTURAL - LC Nº 195/2022 - ART. 5º - AUDIOVISUAL;380.000,00
PREFEITURA MUNICIPAL DE BARBACENA;14.003;FUNDO MUNICIPAL DE CULTURA;2.343;MANUTENÇÃO DE AÇÕES PARA EXECUÇÃO DA LEI PAULO GUSTAVO - LEI N° 195/2022;62;VALORIZAÇÃO E AMPLITUDE CULTURAL;13;Cultura;392;Difusão Cultural;989;3.3.60.45.00.00.00.00;SUBVENÇÕES ECONÔMICAS;1.715.000.0000;TRANSFERÊNCIAS DESTINADAS AO SETOR CULTURAL - LC Nº 195/2022 - ART. 5º - AUDIOVISUAL;344.884,97
PREFEITURA MUNICIPAL DE BARBACENA;14.003;FUNDO MUNICIPAL DE CULTURA;2.343;MANUTENÇÃO DE AÇÕES PARA EXECUÇÃO DA LEI PAULO GUSTAVO - LEI N° 195/2022;62;VALORIZAÇÃO E AMPLITUDE CULTURAL;13;Cultura;392;Difusão Cultural;990;3.3.50.41.00.00.00.00;CONTRIBUIÇÕES;1.715.000.0000;TRANSFERÊNCIAS DESTINADAS AO SETOR CULTURAL - LC Nº 195/2022 - ART. 5º - AUDIOVISUAL;35.086,76
PREFEITURA MUNICIPAL DE BARBACENA;14.003;FUNDO MUNICIPAL DE CULTURA;2.343;MANUTENÇÃO DE AÇÕES PARA EXECUÇÃO DA LEI PAULO GUSTAVO - LEI N° 195/2022;62;VALORIZAÇÃO E AMPLITUDE CULTURAL;13;Cultura;392;Difusão Cultural;991;3.3.90.31.00.00.00.00;PREMIAÇÕES CULTURAIS, ARTÍSTICAS, CIENT., DESPORT;1.716.000.0000;TRANSFERÊNCIAS DESTINADAS AO SETOR CULTURAL - LC Nº 195/2022 - ART. 8º - DEMAIS SETORES DA CULTURA;332.746,80
PREFEITURA MUNICIPAL DE BARBACENA;14.003;FUNDO MUNICIPAL DE CULTURA;2.478;SUBSIDIAR TRANSPORTE PARA BANDAS DE MÚSICA E DE CONGADO PARA PARTICIPAÇÃO NOS EVENTOS FORA DA CIDADE;62;VALORIZAÇÃO E AMPLITUDE CULTURAL;13;Cultura;392;Difusão Cultural;270;3.3.90.39.99.00.00.00;OUTROS SERVIÇOS DE TERCEIROS - PESSOA JURÍDICA;1.500.000.0000;RECURSOS NÃO VINCULADOS DE IMPOSTOS;39.995,46
PREFEITURA MUNICIPAL DE BARBACENA;14.004;FUNDO MUN. PATRIM. ART, HIST. E CULTURAL - FUMPAC;2.338;MANUTENÇÃO, REF. E ADEQ. DOS APARELHOS CULTURAIS E PATRIMÔNIO HISTÓRICO CULTURAL;62;VALORIZAÇÃO E AMPLITUDE CULTURAL;13;Cultura;392;Difusão Cultural;272;3.3.90.35.99.00.00.00;OUTROS SERVIÇOS DE CONSULTORIA E ASSESSORIA;1.500.000.0000;RECURSOS NÃO VINCULADOS DE IMPOSTOS;12.960,00
PREFEITURA MUNICIPAL DE BARBACENA;14.004;FUNDO MUN. PATRIM. ART, HIST. E CULTURAL - FUMPAC;2.338;MANUTENÇÃO, REF. E ADEQ. DOS APARELHOS CULTURAIS E PATRIMÔNIO HISTÓRICO CULTURAL;62;VALORIZAÇÃO E AMPLITUDE CULTURAL;13;Cultura;392;Difusão Cultural;272;3.3.90.35.02.00.00.00;CONSULTORIA E ASSESSORIA JURÍDICA;1.500.000.0000;RECURSOS NÃO VINCULADOS DE IMPOSTOS;16.200,00
PREFEITURA MUNICIPAL DE BARBACENA;14.004;FUNDO MUN. PATRIM. ART, HIST. E CULTURAL - FUMPAC;2.338;MANUTENÇÃO, REF. E ADEQ. DOS APARELHOS CULTURAIS E PATRIMÔNIO HISTÓRICO CULTURAL;62;VALORIZAÇÃO E AMPLITUDE CULTURAL;13;Cultura;392;Difusão Cultural;274;3.3.90.39.99.00.00.00;OUTROS SERVIÇOS DE TERCEIROS - PESSOA JURÍDICA;1.500.000.0000;RECURSOS NÃO VINCULADOS DE IMPOSTOS;106.306,52
PREFEITURA MUNICIPAL DE BARBACENA;14.004;FUNDO MUN. PATRIM. ART, HIST. E CULTURAL - FUMPAC;2.338;MANUTENÇÃO, REF. E ADEQ. DOS APARELHOS CULTURAIS E PATRIMÔNIO HISTÓRICO CULTURAL;62;VALORIZAÇÃO E AMPLITUDE CULTURAL;13;Cultura;392;Difusão Cultural;276;4.4.90.51.01.00.00.00;OBRAS E INSTALAÇÕES DE DOMÍNIO PÚBLICO;2.500.000.0000;RECURSOS NÃO VINCULADOS DE IMPOSTOS;0,00
PREFEITURA MUNICIPAL DE BARBACENA;14.004;FUNDO MUN. PATRIM. ART, HIST. E CULTURAL - FUMPAC;2.338;MANUTENÇÃO, REF. E ADEQ. DOS APARELHOS CULTURAIS E PATRIMÔNIO HISTÓRICO CULTURAL;62;VALORIZAÇÃO E AMPLITUDE CULTURAL;13;Cultura;392;Difusão Cultural;950;3.3.90.92.00.00.00.00;DESPESAS DE EXERCÍCIOS ANTERIORES;1.500.000.0000;RECURSOS NÃO VINCULADOS DE IMPOSTOS;4.320,00
PREFEITURA MUNICIPAL DE BARBACENA;14.005;FUNDO MUNICIPAL DE TURISMO;2.257;REALIZAÇAO DA EXPOSIÇAO AGROPECUARIA DE BARBACENA;40;CALENDÁRIO OFICIAL DE EVENTOS;4;Administração;122;Administração Geral;278;3.3.90.39.20.00.00.00;FESTIVIDADES E HOMENAGENS;1.500.000.0000;RECURSOS NÃO VINCULADOS DE IMPOSTOS;1.602.820,00
PREFEITURA MUNICIPAL DE BARBACENA;14.005;FUNDO MUNICIPAL DE TURISMO;2.257;REALIZAÇAO DA EXPOSIÇAO AGROPECUARIA DE BARBACENA;40;CALENDÁRIO OFICIAL DE EVENTOS;4;Administração;122;Administração Geral;278;3.3.90.39.27.00.00.00;FORNECIMENTO DE ALIMENTAÇÃO;1.500.000.0000;RECURSOS NÃO VINCULADOS DE IMPOSTOS;1.639,65
PREFEITURA MUNICIPAL DE BARBACENA;14.005;FUNDO MUNICIPAL DE TURISMO;2.257;REALIZAÇAO DA EXPOSIÇAO AGROPECUARIA DE BARBACENA;40;CALENDÁRIO OFICIAL DE EVENTOS;4;Administração;122;Administração Geral;278;3.3.90.39.12.00.00.00;LOCAÇÃO DE MÁQUINAS E EQUIPAMENTOS;1.500.000.0000;RECURSOS NÃO VINCULADOS DE IMPOSTOS;453.704,99
PREFEITURA MUNICIPAL DE BARBACENA;14.005;FUNDO MUNICIPAL DE TURISMO;2.257;REALIZAÇAO DA EXPOSIÇAO AGROPECUARIA DE BARBACENA;40;CALENDÁRIO OFICIAL DE EVENTOS;4;Administração;122;Administração Geral;278;3.3.90.39.99.00.00.00;OUTROS SERVIÇOS DE TERCEIROS - PESSOA JURÍDICA;1.500.000.0000;RECURSOS NÃO VINCULADOS DE IMPOSTOS;74.780,00
PREFEITURA MUNICIPAL DE BARBACENA;14.005;FUNDO MUNICIPAL DE TURISMO;2.257;REALIZAÇAO DA EXPOSIÇAO AGROPECUARIA DE BARBACENA;40;CALENDÁRIO OFICIAL DE EVENTOS;4;Administração;122;Administração Geral;953;3.3.90.47.00.00.00.00;OBRIGAÇÕES TRIBUTÁRIAS E CONTRIBUTIVAS;1.500.000.0000;RECURSOS NÃO VINCULADOS DE IMPOSTOS;50.000,00
PREFEITURA MUNICIPAL DE BARBACENA;14.005;FUNDO MUNICIPAL DE TURISMO;2.256;REALIZAÇAO DO CARNAVAL;40;CALENDÁRIO OFICIAL DE EVENTOS;4;Administração;392;Difusão Cultural;281;3.3.90.39.99.00.00.00;OUTROS SERVIÇOS DE TERCEIROS - PESSOA JURÍDICA;1.500.000.0000;RECURSOS NÃO VINCULADOS DE IMPOSTOS;150.000,00
PREFEITURA MUNICIPAL DE BARBACENA;14.005;FUNDO MUNICIPAL DE TURISMO;2.261;REALIZAÇAO DA FESTA DAS ROSAS E FLORES;40;CALENDÁRIO OFICIAL DE EVENTOS;4;Administração;392;Difusão Cultural;282;3.3.90.39.20.00.00.00;FESTIVIDADES E HOMENAGENS;1.500.000.0000;RECURSOS NÃO VINCULADOS DE IMPOSTOS;10.976,00
PREFEITURA MUNICIPAL DE BARBACENA;14.005;FUNDO MUNICIPAL DE TURISMO;2.261;REALIZAÇAO DA FESTA DAS ROSAS E FLORES;40;CALENDÁRIO OFICIAL DE EVENTOS;4;Administração;392;Difusão Cultural;282;3.3.90.39.27.00.00.00;FORNECIMENTO DE ALIMENTAÇÃO;1.500.000.0000;RECURSOS NÃO VINCULADOS DE IMPOSTOS;868,05
PREFEITURA MUNICIPAL DE BARBACENA;14.005;FUNDO MUNICIPAL DE TURISMO;2.261;REALIZAÇAO DA FESTA DAS ROSAS E FLORES;40;CALENDÁRIO OFICIAL DE EVENTOS;4;Administração;392;Difusão Cultural;282;3.3.90.39.12.00.00.00;LOCAÇÃO DE MÁQUINAS E EQUIPAMENTOS;2.500.000.0000;RECURSOS NÃO VINCULADOS DE IMPOSTOS;475.284,49
PREFEITURA MUNICIPAL DE BARBACENA;14.005;FUNDO MUNICIPAL DE TURISMO;2.261;REALIZAÇAO DA FESTA DAS ROSAS E FLORES;40;CALENDÁRIO OFICIAL DE EVENTOS;4;Administração;392;Difusão Cultural;282;3.3.90.39.20.00.00.00;FESTIVIDADES E HOMENAGENS;2.500.000.0000;RECURSOS NÃO VINCULADOS DE IMPOSTOS;75.260,00
PREFEITURA MUNICIPAL DE BARBACENA;14.005;FUNDO MUNICIPAL DE TURISMO;2.261;REALIZAÇAO DA FESTA DAS ROSAS E FLORES;40;CALENDÁRIO OFICIAL DE EVENTOS;4;Administração;392;Difusão Cultural;282;3.3.90.39.99.00.00.00;OUTROS SERVIÇOS DE TERCEIROS - PESSOA JURÍDICA;2.500.000.0000;RECURSOS NÃO VINCULADOS DE IMPOSTOS;1.002.561,00
PREFEITURA MUNICIPAL DE BARBACENA;14.005;FUNDO MUNICIPAL DE TURISMO;2.261;REALIZAÇAO DA FESTA DAS ROSAS E FLORES;40;CALENDÁRIO OFICIAL DE EVENTOS;4;Administração;392;Difusão Cultural;282;3.3.90.39.99.00.00.00;OUTROS SERVIÇOS DE TERCEIROS - PESSOA JURÍDICA;2.753.000.0000;RECURSOS PROVENIENTES DE TAXAS, CONTRIBUIÇÕES E PREÇOS PÚBLICOS;842.445,00
PREFEITURA MUNICIPAL DE BARBACENA;14.005;FUNDO MUNICIPAL DE TURISMO;2.261;REALIZAÇAO DA FESTA DAS ROSAS E FLORES;40;CALENDÁRIO OFICIAL DE EVENTOS;4;Administração;392;Difusão Cultural;975;3.3.90.47.00.00.00.00;OBRIGAÇÕES TRIBUTÁRIAS E CONTRIBUTIVAS;2.500.000.0000;RECURSOS NÃO VINCULADOS DE IMPOSTOS;38.000,00
PREFEITURA MUNICIPAL DE BARBACENA;14.005;FUNDO MUNICIPAL DE TURISMO;2.256;REALIZAÇAO DO CARNAVAL;40;CALENDÁRIO OFICIAL DE EVENTOS;13;Cultura;392;Difusão Cultural;922;3.3.90.47.00.00.00.00;OBRIGAÇÕES TRIBUTÁRIAS E CONTRIBUTIVAS;1.500.000.0000;RECURSOS NÃO VINCULADOS DE IMPOSTOS;5.519,51
PREFEITURA MUNICIPAL DE BARBACENA;14.005;FUNDO MUNICIPAL DE TURISMO;2.670;APOIO A REALIZAÇÃO DE EVENTOS E FESTIVIDADES EM GERAL;40;CALENDÁRIO OFICIAL DE EVENTOS;13;Cultura;392;Difusão Cultural;291;3.3.90.39.99.00.00.00;OUTROS SERVIÇOS DE TERCEIROS - PESSOA JURÍDICA;1.500.000.0000;RECURSOS NÃO VINCULADOS DE IMPOSTOS;295.906,00
PREFEITURA MUNICIPAL DE BARBACENA;14.005;FUNDO MUNICIPAL DE TURISMO;2.670;APOIO A REALIZAÇÃO DE EVENTOS E FESTIVIDADES EM GERAL;40;CALENDÁRIO OFICIAL DE EVENTOS;13;Cultura;392;Difusão Cultural;291;3.3.90.39.27.00.00.00;FORNECIMENTO DE ALIMENTAÇÃO;1.500.000.0000;RECURSOS NÃO VINCULADOS DE IMPOSTOS;257,20
PREFEITURA MUNICIPAL DE BARBACENA;14.005;FUNDO MUNICIPAL DE TURISMO;2.670;APOIO A REALIZAÇÃO DE EVENTOS E FESTIVIDADES EM GERAL;40;CALENDÁRIO OFICIAL DE EVENTOS;13;Cultura;392;Difusão Cultural;291;3.3.90.39.12.00.00.00;LOCAÇÃO DE MÁQUINAS E EQUIPAMENTOS;1.500.000.0000;RECURSOS NÃO VINCULADOS DE IMPOSTOS;60.190,00
PREFEITURA MUNICIPAL DE BARBACENA;14.005;FUNDO MUNICIPAL DE TURISMO;2.670;APOIO A REALIZAÇÃO DE EVENTOS E FESTIVIDADES EM GERAL;40;CALENDÁRIO OFICIAL DE EVENTOS;13;Cultura;392;Difusão Cultural;291;3.3.90.39.20.00.00.00;FESTIVIDADES E HOMENAGENS;1.500.000.0000;RECURSOS NÃO VINCULADOS DE IMPOSTOS;250.500,00
PREFEITURA MUNICIPAL DE BARBACENA;14.005;FUNDO MUNICIPAL DE TURISMO;2.670;APOIO A REALIZAÇÃO DE EVENTOS E FESTIVIDADES EM GERAL;40;CALENDÁRIO OFICIAL DE EVENTOS;13;Cultura;392;Difusão Cultural;291;3.3.90.39.12.00.00.00;LOCAÇÃO DE MÁQUINAS E EQUIPAMENTOS;2.500.000.0000;RECURSOS NÃO VINCULADOS DE IMPOSTOS;171.545,00
PREFEITURA MUNICIPAL DE BARBACENA;14.005;FUNDO MUNICIPAL DE TURISMO;2.670;APOIO A REALIZAÇÃO DE EVENTOS E FESTIVIDADES EM GERAL;40;CALENDÁRIO OFICIAL DE EVENTOS;13;Cultura;392;Difusão Cultural;291;3.3.90.39.99.00.00.00;OUTROS SERVIÇOS DE TERCEIROS - PESSOA JURÍDICA;2.500.000.0000;RECURSOS NÃO VINCULADOS DE IMPOSTOS;508.776,00
PREFEITURA MUNICIPAL DE BARBACENA;14.005;FUNDO MUNICIPAL DE TURISMO;2.670;APOIO A REALIZAÇÃO DE EVENTOS E FESTIVIDADES EM GERAL;40;CALENDÁRIO OFICIAL DE EVENTOS;13;Cultura;392;Difusão Cultural;291;3.3.90.39.27.00.00.00;FORNECIMENTO DE ALIMENTAÇÃO;2.500.000.0000;RECURSOS NÃO VINCULADOS DE IMPOSTOS;30.310,00
PREFEITURA MUNICIPAL DE BARBACENA;14.005;FUNDO MUNICIPAL DE TURISMO;2.671;REALIZAÇÃO DAS FESTIVIDADES DO JUBILIEU DE SÃO JOSÉ OPERÁRIO;40;CALENDÁRIO OFICIAL DE EVENTOS;13;Cultura;392;Difusão Cultural;292;3.3.90.39.12.00.00.00;LOCAÇÃO DE MÁQUINAS E EQUIPAMENTOS;1.500.000.0000;RECURSOS NÃO VINCULADOS DE IMPOSTOS;54.020,00
PREFEITURA MUNICIPAL DE BARBACENA;14.005;FUNDO MUNICIPAL DE TURISMO;2.671;REALIZAÇÃO DAS FESTIVIDADES DO JUBILIEU DE SÃO JOSÉ OPERÁRIO;40;CALENDÁRIO OFICIAL DE EVENTOS;13;Cultura;392;Difusão Cultural;292;3.3.90.39.99.00.00.00;OUTROS SERVIÇOS DE TERCEIROS - PESSOA JURÍDICA;1.500.000.0000;RECURSOS NÃO VINCULADOS DE IMPOSTOS;61.380,00
PREFEITURA MUNICIPAL DE BARBACENA;14.005;FUNDO MUNICIPAL DE TURISMO;2.671;REALIZAÇÃO DAS FESTIVIDADES DO JUBILIEU DE SÃO JOSÉ OPERÁRIO;40;CALENDÁRIO OFICIAL DE EVENTOS;13;Cultura;392;Difusão Cultural;292;3.3.90.39.27.00.00.00;FORNECIMENTO DE ALIMENTAÇÃO;1.500.000.0000;RECURSOS NÃO VINCULADOS DE IMPOSTOS;1.543,20
PREFEITURA MUNICIPAL DE BARBACENA;14.005;FUNDO MUNICIPAL DE TURISMO;2.671;REALIZAÇÃO DAS FESTIVIDADES DO JUBILIEU DE SÃO JOSÉ OPERÁRIO;40;CALENDÁRIO OFICIAL DE EVENTOS;13;Cultura;392;Difusão Cultural;943;3.3.90.30.26.00.00.00;MATERIAL ELÉTRICO E ELETRÔNICO;1.500.000.0000;RECURSOS NÃO VINCULADOS DE IMPOSTOS;6.250,21
PREFEITURA MUNICIPAL DE BARBACENA;14.005;FUNDO MUNICIPAL DE TURISMO;2.734;REALIZAÇÃO DE DEMAIS EVENTOS DO CALENDÁRIO OFICIAL DO MUNICÍPIO;40;CALENDÁRIO OFICIAL DE EVENTOS;13;Cultura;392;Difusão Cultural;293;3.3.90.39.12.00.00.00;LOCAÇÃO DE MÁQUINAS E EQUIPAMENTOS;1.500.000.0000;RECURSOS NÃO VINCULADOS DE IMPOSTOS;440.895,00
PREFEITURA MUNICIPAL DE BARBACENA;14.005;FUNDO MUNICIPAL DE TURISMO;2.734;REALIZAÇÃO DE DEMAIS EVENTOS DO CALENDÁRIO OFICIAL DO MUNICÍPIO;40;CALENDÁRIO OFICIAL DE EVENTOS;13;Cultura;392;Difusão Cultural;293;3.3.90.39.27.00.00.00;FORNECIMENTO DE ALIMENTAÇÃO;1.500.000.0000;RECURSOS NÃO VINCULADOS DE IMPOSTOS;6.089,21
PREFEITURA MUNICIPAL DE BARBACENA;14.005;FUNDO MUNICIPAL DE TURISMO;2.734;REALIZAÇÃO DE DEMAIS EVENTOS DO CALENDÁRIO OFICIAL DO MUNICÍPIO;40;CALENDÁRIO OFICIAL DE EVENTOS;13;Cultura;392;Difusão Cultural;293;3.3.90.39.99.00.00.00;OUTROS SERVIÇOS DE TERCEIROS - PESSOA JURÍDICA;1.500.000.0000;RECURSOS NÃO VINCULADOS DE IMPOSTOS;283.104,00
PREFEITURA MUNICIPAL DE BARBACENA;14.005;FUNDO MUNICIPAL DE TURISMO;2.734;REALIZAÇÃO DE DEMAIS EVENTOS DO CALENDÁRIO OFICIAL DO MUNICÍPIO;40;CALENDÁRIO OFICIAL DE EVENTOS;13;Cultura;392;Difusão Cultural;293;3.3.90.39.20.00.00.00;FESTIVIDADES E HOMENAGENS;1.500.000.0000;RECURSOS NÃO VINCULADOS DE IMPOSTOS;13.000,00
PREFEITURA MUNICIPAL DE BARBACENA;14.005;FUNDO MUNICIPAL DE TURISMO;2.734;REALIZAÇÃO DE DEMAIS EVENTOS DO CALENDÁRIO OFICIAL DO MUNICÍPIO;40;CALENDÁRIO OFICIAL DE EVENTOS;13;Cultura;392;Difusão Cultural;293;3.3.90.39.12.00.00.00;LOCAÇÃO DE MÁQUINAS E EQUIPAMENTOS;2.500.000.0000;RECURSOS NÃO VINCULADOS DE IMPOSTOS;1.298.034,32
PREFEITURA MUNICIPAL DE BARBACENA;14.005;FUNDO MUNICIPAL DE TURISMO;2.734;REALIZAÇÃO DE DEMAIS EVENTOS DO CALENDÁRIO OFICIAL DO MUNICÍPIO;40;CALENDÁRIO OFICIAL DE EVENTOS;13;Cultura;392;Difusão Cultural;293;3.3.90.39.99.00.00.00;OUTROS SERVIÇOS DE TERCEIROS - PESSOA JURÍDICA;2.500.000.0000;RECURSOS NÃO VINCULADOS DE IMPOSTOS;2.379.174,07
PREFEITURA MUNICIPAL DE BARBACENA;14.005;FUNDO MUNICIPAL DE TURISMO;2.734;REALIZAÇÃO DE DEMAIS EVENTOS DO CALENDÁRIO OFICIAL DO MUNICÍPIO;40;CALENDÁRIO OFICIAL DE EVENTOS;13;Cultura;392;Difusão Cultural;294;3.3.90.47.00.00.00.00;OBRIGAÇÕES TRIBUTÁRIAS E CONTRIBUTIVAS;1.500.000.0000;RECURSOS NÃO VINCULADOS DE IMPOSTOS;12.550,00
PREFEITURA MUNICIPAL DE BARBACENA;14.005;FUNDO MUNICIPAL DE TURISMO;2.734;REALIZAÇÃO DE DEMAIS EVENTOS DO CALENDÁRIO OFICIAL DO MUNICÍPIO;40;CALENDÁRIO OFICIAL DE EVENTOS;13;Cultura;392;Difusão Cultural;294;3.3.90.47.00.00.00.00;OBRIGAÇÕES TRIBUTÁRIAS E CONTRIBUTIVAS;2.500.000.0000;RECURSOS NÃO VINCULADOS DE IMPOSTOS;24.600,00
PREFEITURA MUNICIPAL DE BARBACENA;14.005;FUNDO MUNICIPAL DE TURISMO;2.734;REALIZAÇÃO DE DEMAIS EVENTOS DO CALENDÁRIO OFICIAL DO MUNICÍPIO;40;CALENDÁRIO OFICIAL DE EVENTOS;13;Cultura;392;Difusão Cultural;294;3.3.90.47.00.00.00.00;OBRIGAÇÕES TRIBUTÁRIAS E CONTRIBUTIVAS;2.753.000.0000;RECURSOS PROVENIENTES DE TAXAS, CONTRIBUIÇÕES E PREÇOS PÚBLICOS;11.000,00
PREFEITURA MUNICIPAL DE BARBACENA;14.005;FUNDO MUNICIPAL DE TURISMO;2.734;REALIZAÇÃO DE DEMAIS EVENTOS DO CALENDÁRIO OFICIAL DO MUNICÍPIO;40;CALENDÁRIO OFICIAL DE EVENTOS;13;Cultura;392;Difusão Cultural;934;3.3.90.30.26.00.00.00;MATERIAL ELÉTRICO E ELETRÔNICO;1.500.000.0000;RECURSOS NÃO VINCULADOS DE IMPOSTOS;9.635,40
PREFEITURA MUNICIPAL DE BARBACENA;14.005;FUNDO MUNICIPAL DE TURISMO;2.734;REALIZAÇÃO DE DEMAIS EVENTOS DO CALENDÁRIO OFICIAL DO MUNICÍPIO;40;CALENDÁRIO OFICIAL DE EVENTOS;13;Cultura;392;Difusão Cultural;934;3.3.90.30.99.00.00.00;OUTROS MATERIAIS DE CONSUMO;2.500.000.0000;RECURSOS NÃO VINCULADOS DE IMPOSTOS;86.095,74
PREFEITURA MUNICIPAL DE BARBACENA;14.005;FUNDO MUNICIPAL DE TURISMO;2.733;REALIZAÇÃO E APOIO A ATIVIDADES, CAPACITAÇÕES, CONCURSOS E AÇÕES TURÍSTICAS;64;BARBACENA DESTINO TURÍSTICO;4;Administração;695;Turismo;992;3.3.50.41.00.00.00.00;CONTRIBUIÇÕES;1.753.000.0000;RECURSOS PROVENIENTES DE TAXAS, CONTRIBUIÇÕES E PREÇOS PÚBLICOS;18.465,00
PREFEITURA MUNICIPAL DE BARBACENA;15.001;SEGOV;2.068;PESSOAL E ENCARGOS SOCIAIS DA SEGOV;11;APOIO A ADMINISTRAÇAO PUBLICA;4;Administração;122;Administração Geral;295;3.1.90.04.01.00.00.00;SALÁRIO CONTRATO TEMPORÁRIO;1.500.000.0000;RECURSOS NÃO VINCULADOS DE IMPOSTOS;8.448,00
PREFEITURA MUNICIPAL DE BARBACENA;15.001;SEGOV;2.068;PESSOAL E ENCARGOS SOCIAIS DA SEGOV;11;APOIO A ADMINISTRAÇAO PUBLICA;4;Administração;122;Administração Geral;295;3.1.90.04.15.00.00.00;OBRIGAÇÕES PATRONAIS - CONTRATO TEMPORÁRIO;1.500.000.0000;RECURSOS NÃO VINCULADOS DE IMPOSTOS;1.866,42
PREFEITURA MUNICIPAL DE BARBACENA;15.001;SEGOV;2.068;PESSOAL E ENCARGOS SOCIAIS DA SEGOV;11;APOIO A ADMINISTRAÇAO PUBLICA;4;Administração;122;Administração Geral;296;3.1.90.11.01.00.00.00;VENCIMENTOS E SALÁRIOS;1.500.000.0000;RECURSOS NÃO VINCULADOS DE IMPOSTOS;1.101.248,57
PREFEITURA MUNICIPAL DE BARBACENA;15.001;SEGOV;2.068;PESSOAL E ENCARGOS SOCIAIS DA SEGOV;11;APOIO A ADMINISTRAÇAO PUBLICA;4;Administração;122;Administração Geral;296;3.1.90.11.09.00.00.00;SUBSÍDIO DE SECRETÁRIO MUNICIPAL;1.500.000.0000;RECURSOS NÃO VINCULADOS DE IMPOSTOS;119.838,15
PREFEITURA MUNICIPAL DE BARBACENA;15.001;SEGOV;2.068;PESSOAL E ENCARGOS SOCIAIS DA SEGOV;11;APOIO A ADMINISTRAÇAO PUBLICA;4;Administração;122;Administração Geral;296;3.1.90.11.52.00.00.00;LICENÇA SAÚDE;1.500.000.0000;RECURSOS NÃO VINCULADOS DE IMPOSTOS;5.758,36
PREFEITURA MUNICIPAL DE BARBACENA;15.001;SEGOV;2.068;PESSOAL E ENCARGOS SOCIAIS DA SEGOV;11;APOIO A ADMINISTRAÇAO PUBLICA;4;Administração;122;Administração Geral;297;3.1.90.13.03.00.00.00;CONTRIBUIÇÃO PATRONAL PARA INSS;1.500.000.0000;RECURSOS NÃO VINCULADOS DE IMPOSTOS;136.883,09
PREFEITURA MUNICIPAL DE BARBACENA;15.001;SEGOV;2.068;PESSOAL E ENCARGOS SOCIAIS DA SEGOV;11;APOIO A ADMINISTRAÇAO PUBLICA;4;Administração;122;Administração Geral;298;3.1.91.13.08.00.00.00;CONTRIB. PREV.- RPPS - PESSOAL ATIVO - PLANO PREV.;1.500.000.0000;RECURSOS NÃO VINCULADOS DE IMPOSTOS;154.164,76
PREFEITURA MUNICIPAL DE BARBACENA;15.001;SEGOV;2.068;PESSOAL E ENCARGOS SOCIAIS DA SEGOV;11;APOIO A ADMINISTRAÇAO PUBLICA;4;Administração;122;Administração Geral;299;3.3.90.08.56.00.00.00;SALÁRIO FAMÍLIA;1.500.000.0000;RECURSOS NÃO VINCULADOS DE IMPOSTOS;392,40
PREFEITURA MUNICIPAL DE BARBACENA;15.001;SEGOV;2.068;PESSOAL E ENCARGOS SOCIAIS DA SEGOV;11;APOIO A ADMINISTRAÇAO PUBLICA;4;Administração;122;Administração Geral;301;3.3.90.19.00.00.00.00;AUXÍLIO-FARDAMENTO;1.500.000.0000;RECURSOS NÃO VINCULADOS DE IMPOSTOS;590,64
PREFEITURA MUNICIPAL DE BARBACENA;15.001;SEGOV;2.068;PESSOAL E ENCARGOS SOCIAIS DA SEGOV;11;APOIO A ADMINISTRAÇAO PUBLICA;4;Administração;122;Administração Geral;302;3.3.90.46.00.00.00.00;AUXÍLIO-ALIMENTAÇÃO;1.500.000.0000;RECURSOS NÃO VINCULADOS DE IMPOSTOS;107.931,59
PREFEITURA MUNICIPAL DE BARBACENA;15.001;SEGOV;2.180;MANUTENÇAO DE DESPESAS COM EVENTOS, FESTIVIDADES, RECEPCOES E HOMENAGENS;11;APOIO A ADMINISTRAÇAO PUBLICA;4;Administração;122;Administração Geral;954;3.3.90.31.00.00.00.00;PREMIAÇÕES CULTURAIS, ARTÍSTICAS, CIENT., DESPORT;1.500.000.0000;RECURSOS NÃO VINCULADOS DE IMPOSTOS;2.500,00
PREFEITURA MUNICIPAL DE BARBACENA;15.001;SEGOV;2.181;MANUTENÇAO DA SEGOV;11;APOIO A ADMINISTRAÇAO PUBLICA;4;Administração;122;Administração Geral;306;3.3.90.14.05.00.00.00;DIÁRIAS DE DEMAIS SERVIDORES;1.500.000.0000;RECURSOS NÃO VINCULADOS DE IMPOSTOS;400,00
PREFEITURA MUNICIPAL DE BARBACENA;15.001;SEGOV;2.181;MANUTENÇAO DA SEGOV;11;APOIO A ADMINISTRAÇAO PUBLICA;4;Administração;122;Administração Geral;306;3.3.90.14.04.00.00.00;DIÁRIAS DE SECRETÁRIOS;1.500.000.0000;RECURSOS NÃO VINCULADOS DE IMPOSTOS;1.200,00
PREFEITURA MUNICIPAL DE BARBACENA;15.001;SEGOV;2.181;MANUTENÇAO DA SEGOV;11;APOIO A ADMINISTRAÇAO PUBLICA;4;Administração;122;Administração Geral;307;3.3.90.30.07.00.00.00;GÊNEROS DE ALIMENTAÇÃO;1.500.000.0000;RECURSOS NÃO VINCULADOS DE IMPOSTOS;98.699,25
PREFEITURA MUNICIPAL DE BARBACENA;15.001;SEGOV;2.181;MANUTENÇAO DA SEGOV;11;APOIO A ADMINISTRAÇAO PUBLICA;4;Administração;122;Administração Geral;307;3.3.90.30.37.00.00.00;MATERIAL PARA MANUTENÇÃO DE VEÍCULOS;1.500.000.0000;RECURSOS NÃO VINCULADOS DE IMPOSTOS;6.528,18
PREFEITURA MUNICIPAL DE BARBACENA;15.001;SEGOV;2.181;MANUTENÇAO DA SEGOV;11;APOIO A ADMINISTRAÇAO PUBLICA;4;Administração;122;Administração Geral;307;3.3.90.30.99.00.00.00;OUTROS MATERIAIS DE CONSUMO;1.500.000.0000;RECURSOS NÃO VINCULADOS DE IMPOSTOS;0,00
PREFEITURA MUNICIPAL DE BARBACENA;15.001;SEGOV;2.181;MANUTENÇAO DA SEGOV;11;APOIO A ADMINISTRAÇAO PUBLICA;4;Administração;122;Administração Geral;307;3.3.90.30.28.00.00.00;MATERIAL DE PROTEÇÃO E SEGURANÇA;1.500.000.0000;RECURSOS NÃO VINCULADOS DE IMPOSTOS;54,60
PREFEITURA MUNICIPAL DE BARBACENA;15.001;SEGOV;2.181;MANUTENÇAO DA SEGOV;11;APOIO A ADMINISTRAÇAO PUBLICA;4;Administração;122;Administração Geral;309;3.3.90.39.99.00.00.00;OUTROS SERVIÇOS DE TERCEIROS - PESSOA JURÍDICA;1.500.000.0000;RECURSOS NÃO VINCULADOS DE IMPOSTOS;26.943,49
PREFEITURA MUNICIPAL DE BARBACENA;15.001;SEGOV;2.181;MANUTENÇAO DA SEGOV;11;APOIO A ADMINISTRAÇAO PUBLICA;4;Administração;122;Administração Geral;309;3.3.90.39.12.00.00.00;LOCAÇÃO DE MÁQUINAS E EQUIPAMENTOS;1.500.000.0000;RECURSOS NÃO VINCULADOS DE IMPOSTOS;9.111,60
PREFEITURA MUNICIPAL DE BARBACENA;15.001;SEGOV;2.181;MANUTENÇAO DA SEGOV;11;APOIO A ADMINISTRAÇAO PUBLICA;4;Administração;122;Administração Geral;309;3.3.90.39.43.00.00.00;SERVIÇOS DE TELECOMUNICAÇÕES;1.500.000.0000;RECURSOS NÃO VINCULADOS DE IMPOSTOS;5.092,35
PREFEITURA MUNICIPAL DE BARBACENA;15.001;SEGOV;2.220;BARBACENA ATIVA;11;APOIO A ADMINISTRAÇAO PUBLICA;8;Assistência Social;244;Assistência Comunitária;313;3.3.90.30.06.00.00.00;ALIMENTOS PARA ANIMAIS;2.500.000.0000;RECURSOS NÃO VINCULADOS DE IMPOSTOS;59.665,00
PREFEITURA MUNICIPAL DE BARBACENA;15.001;SEGOV;2.220;BARBACENA ATIVA;11;APOIO A ADMINISTRAÇAO PUBLICA;8;Assistência Social;244;Assistência Comunitária;314;3.3.90.39.99.00.00.00;OUTROS SERVIÇOS DE TERCEIROS - PESSOA JURÍDICA;2.500.000.0000;RECURSOS NÃO VINCULADOS DE IMPOSTOS;113.190,00
PREFEITURA MUNICIPAL DE BARBACENA;15.001;SEGOV;2.171;DIVULGAÇÃO GOVERNAMENTAL;11;APOIO A ADMINISTRAÇAO PUBLICA;24;Comunicações;131;Comunicação Social;315;3.3.90.39.43.00.00.00;SERVIÇOS DE TELECOMUNICAÇÕES;1.500.000.0000;RECURSOS NÃO VINCULADOS DE IMPOSTOS;2.639,52
PREFEITURA MUNICIPAL DE BARBACENA;15.001;SEGOV;2.171;DIVULGAÇÃO GOVERNAMENTAL;11;APOIO A ADMINISTRAÇAO PUBLICA;24;Comunicações;131;Comunicação Social;315;3.3.90.39.99.00.00.00;OUTROS SERVIÇOS DE TERCEIROS - PESSOA JURÍDICA;1.500.000.0000;RECURSOS NÃO VINCULADOS DE IMPOSTOS;33.187,00
PREFEITURA MUNICIPAL DE BARBACENA;15.001;SEGOV;2.171;DIVULGAÇÃO GOVERNAMENTAL;11;APOIO A ADMINISTRAÇAO PUBLICA;24;Comunicações;131;Comunicação Social;315;3.3.90.39.48.00.00.00;SERVIÇOS GRÁFICOS;1.500.000.0000;RECURSOS NÃO VINCULADOS DE IMPOSTOS;185.530,00
PREFEITURA MUNICIPAL DE BARBACENA;15.001;SEGOV;2.171;DIVULGAÇÃO GOVERNAMENTAL;11;APOIO A ADMINISTRAÇAO PUBLICA;24;Comunicações;131;Comunicação Social;315;3.3.90.39.99.00.00.00;OUTROS SERVIÇOS DE TERCEIROS - PESSOA JURÍDICA;1.753.000.0000;RECURSOS PROVENIENTES DE TAXAS, CONTRIBUIÇÕES E PREÇOS PÚBLICOS;2.760,00
PREFEITURA MUNICIPAL DE BARBACENA;15.001;SEGOV;2.171;DIVULGAÇÃO GOVERNAMENTAL;11;APOIO A ADMINISTRAÇAO PUBLICA;24;Comunicações;131;Comunicação Social;315;3.3.90.39.05.00.00.00;SERVIÇOS TÉCNICOS PROFISSIONAIS;1.753.000.0000;RECURSOS PROVENIENTES DE TAXAS, CONTRIBUIÇÕES E PREÇOS PÚBLICOS;1.050,00
PREFEITURA MUNICIPAL DE BARBACENA;15.001;SEGOV;2.171;DIVULGAÇÃO GOVERNAMENTAL;11;APOIO A ADMINISTRAÇAO PUBLICA;24;Comunicações;131;Comunicação Social;316;4.4.90.52.19.00.00.00;EQUIPAMENTOS DE PROCESSAMENTO DE DADOS;1.753.000.0000;RECURSOS PROVENIENTES DE TAXAS, CONTRIBUIÇÕES E PREÇOS PÚBLICOS;54.000,00
PREFEITURA MUNICIPAL DE BARBACENA;16.001;SEMOP;2.100;MANUTENÇAO DA SEMOP;11;APOIO A ADMINISTRAÇAO PUBLICA;15;Urbanismo;122;Administração Geral;319;3.3.90.14.05.00.00.00;DIÁRIAS DE DEMAIS SERVIDORES;1.500.000.0000;RECURSOS NÃO VINCULADOS DE IMPOSTOS;600,00
PREFEITURA MUNICIPAL DE BARBACENA;16.001;SEMOP;2.100;MANUTENÇAO DA SEMOP;11;APOIO A ADMINISTRAÇAO PUBLICA;15;Urbanismo;122;Administração Geral;319;3.3.90.14.05.00.00.00;DIÁRIAS DE DEMAIS SERVIDORES;1.753.000.0000;RECURSOS PROVENIENTES DE TAXAS, CONTRIBUIÇÕES E PREÇOS PÚBLICOS;200,00
PREFEITURA MUNICIPAL DE BARBACENA;16.001;SEMOP;2.100;MANUTENÇAO DA SEMOP;11;APOIO A ADMINISTRAÇAO PUBLICA;15;Urbanismo;122;Administração Geral;320;3.3.90.30.07.00.00.00;GÊNEROS DE ALIMENTAÇÃO;1.500.000.0000;RECURSOS NÃO VINCULADOS DE IMPOSTOS;46.462,20
PREFEITURA MUNICIPAL DE BARBACENA;16.001;SEMOP;2.100;MANUTENÇAO DA SEMOP;11;APOIO A ADMINISTRAÇAO PUBLICA;15;Urbanismo;122;Administração Geral;320;3.3.90.30.99.00.00.00;OUTROS MATERIAIS DE CONSUMO;1.500.000.0000;RECURSOS NÃO VINCULADOS DE IMPOSTOS;1.400,00
PREFEITURA MUNICIPAL DE BARBACENA;16.001;SEMOP;2.100;MANUTENÇAO DA SEMOP;11;APOIO A ADMINISTRAÇAO PUBLICA;15;Urbanismo;122;Administração Geral;320;3.3.90.30.28.00.00.00;MATERIAL DE PROTEÇÃO E SEGURANÇA;1.500.000.0000;RECURSOS NÃO VINCULADOS DE IMPOSTOS;24.812,95
PREFEITURA MUNICIPAL DE BARBACENA;16.001;SEMOP;2.100;MANUTENÇAO DA SEMOP;11;APOIO A ADMINISTRAÇAO PUBLICA;15;Urbanismo;122;Administração Geral;320;3.3.90.30.37.00.00.00;MATERIAL PARA MANUTENÇÃO DE VEÍCULOS;1.753.000.0000;RECURSOS PROVENIENTES DE TAXAS, CONTRIBUIÇÕES E PREÇOS PÚBLICOS;142.332,55
PREFEITURA MUNICIPAL DE BARBACENA;16.001;SEMOP;2.100;MANUTENÇAO DA SEMOP;11;APOIO A ADMINISTRAÇAO PUBLICA;15;Urbanismo;122;Administração Geral;320;3.3.90.30.99.00.00.00;OUTROS MATERIAIS DE CONSUMO;1.753.000.0000;RECURSOS PROVENIENTES DE TAXAS, CONTRIBUIÇÕES E PREÇOS PÚBLICOS;47.695,32
PREFEITURA MUNICIPAL DE BARBACENA;16.001;SEMOP;2.100;MANUTENÇAO DA SEMOP;11;APOIO A ADMINISTRAÇAO PUBLICA;15;Urbanismo;122;Administração Geral;320;3.3.90.30.99.00.00.00;OUTROS MATERIAIS DE CONSUMO;2.753.000.0000;RECURSOS PROVENIENTES DE TAXAS, CONTRIBUIÇÕES E PREÇOS PÚBLICOS;170.458,86
PREFEITURA MUNICIPAL DE BARBACENA;16.001;SEMOP;2.100;MANUTENÇAO DA SEMOP;11;APOIO A ADMINISTRAÇAO PUBLICA;15;Urbanismo;122;Administração Geral;322;3.3.90.39.99.00.00.00;OUTROS SERVIÇOS DE TERCEIROS - PESSOA JURÍDICA;1.500.000.0000;RECURSOS NÃO VINCULADOS DE IMPOSTOS;576.529,61
PREFEITURA MUNICIPAL DE BARBACENA;16.001;SEMOP;2.100;MANUTENÇAO DA SEMOP;11;APOIO A ADMINISTRAÇAO PUBLICA;15;Urbanismo;122;Administração Geral;322;3.3.90.39.43.00.00.00;SERVIÇOS DE TELECOMUNICAÇÕES;1.500.000.0000;RECURSOS NÃO VINCULADOS DE IMPOSTOS;5.916,40
PREFEITURA MUNICIPAL DE BARBACENA;16.001;SEMOP;2.100;MANUTENÇAO DA SEMOP;11;APOIO A ADMINISTRAÇAO PUBLICA;15;Urbanismo;122;Administração Geral;322;3.3.90.39.30.00.00.00;SERVIÇOS DE ÁGUA E ESGOTO;1.500.000.0000;RECURSOS NÃO VINCULADOS DE IMPOSTOS;17.000,00
PREFEITURA MUNICIPAL DE BARBACENA;16.001;SEMOP;2.100;MANUTENÇAO DA SEMOP;11;APOIO A ADMINISTRAÇAO PUBLICA;15;Urbanismo;122;Administração Geral;322;3.3.90.39.12.00.00.00;LOCAÇÃO DE MÁQUINAS E EQUIPAMENTOS;1.500.000.0000;RECURSOS NÃO VINCULADOS DE IMPOSTOS;10.004,85
PREFEITURA MUNICIPAL DE BARBACENA;16.001;SEMOP;2.100;MANUTENÇAO DA SEMOP;11;APOIO A ADMINISTRAÇAO PUBLICA;15;Urbanismo;122;Administração Geral;322;3.3.90.39.64.00.00.00;SERVIÇOS BANCÁRIOS;1.500.000.0000;RECURSOS NÃO VINCULADOS DE IMPOSTOS;4.500,00
PREFEITURA MUNICIPAL DE BARBACENA;16.001;SEMOP;2.100;MANUTENÇAO DA SEMOP;11;APOIO A ADMINISTRAÇAO PUBLICA;15;Urbanismo;122;Administração Geral;322;3.3.90.39.05.00.00.00;SERVIÇOS TÉCNICOS PROFISSIONAIS;1.500.000.0000;RECURSOS NÃO VINCULADOS DE IMPOSTOS;2.199,88
PREFEITURA MUNICIPAL DE BARBACENA;16.001;SEMOP;2.100;MANUTENÇAO DA SEMOP;11;APOIO A ADMINISTRAÇAO PUBLICA;15;Urbanismo;122;Administração Geral;322;3.3.90.39.53.00.00.00;SEGUROS EM GERAL;1.500.000.0000;RECURSOS NÃO VINCULADOS DE IMPOSTOS;20.870,00
PREFEITURA MUNICIPAL DE BARBACENA;16.001;SEMOP;2.100;MANUTENÇAO DA SEMOP;11;APOIO A ADMINISTRAÇAO PUBLICA;15;Urbanismo;122;Administração Geral;322;3.3.90.39.99.00.00.00;OUTROS SERVIÇOS DE TERCEIROS - PESSOA JURÍDICA;1.753.000.0000;RECURSOS PROVENIENTES DE TAXAS, CONTRIBUIÇÕES E PREÇOS PÚBLICOS;98.618,22
PREFEITURA MUNICIPAL DE BARBACENA;16.001;SEMOP;2.100;MANUTENÇAO DA SEMOP;11;APOIO A ADMINISTRAÇAO PUBLICA;15;Urbanismo;122;Administração Geral;322;3.3.90.39.30.00.00.00;SERVIÇOS DE ÁGUA E ESGOTO;1.753.000.0000;RECURSOS PROVENIENTES DE TAXAS, CONTRIBUIÇÕES E PREÇOS PÚBLICOS;14.000,00
PREFEITURA MUNICIPAL DE BARBACENA;16.001;SEMOP;2.100;MANUTENÇAO DA SEMOP;11;APOIO A ADMINISTRAÇAO PUBLICA;15;Urbanismo;122;Administração Geral;322;3.3.90.39.43.00.00.00;SERVIÇOS DE TELECOMUNICAÇÕES;1.753.000.0000;RECURSOS PROVENIENTES DE TAXAS, CONTRIBUIÇÕES E PREÇOS PÚBLICOS;7.805,00
PREFEITURA MUNICIPAL DE BARBACENA;16.001;SEMOP;2.100;MANUTENÇAO DA SEMOP;11;APOIO A ADMINISTRAÇAO PUBLICA;15;Urbanismo;122;Administração Geral;322;3.3.90.39.05.00.00.00;SERVIÇOS TÉCNICOS PROFISSIONAIS;1.753.000.0000;RECURSOS PROVENIENTES DE TAXAS, CONTRIBUIÇÕES E PREÇOS PÚBLICOS;27.500,00
PREFEITURA MUNICIPAL DE BARBACENA;16.001;SEMOP;2.100;MANUTENÇAO DA SEMOP;11;APOIO A ADMINISTRAÇAO PUBLICA;15;Urbanismo;122;Administração Geral;322;3.3.90.39.99.00.00.00;OUTROS SERVIÇOS DE TERCEIROS - PESSOA JURÍDICA;2.500.000.0000;RECURSOS NÃO VINCULADOS DE IMPOSTOS;65.520,65
PREFEITURA MUNICIPAL DE BARBACENA;16.001;SEMOP;2.100;MANUTENÇAO DA SEMOP;11;APOIO A ADMINISTRAÇAO PUBLICA;15;Urbanismo;122;Administração Geral;324;3.3.90.47.00.00.00.00;OBRIGAÇÕES TRIBUTÁRIAS E CONTRIBUTIVAS;1.500.000.0000;RECURSOS NÃO VINCULADOS DE IMPOSTOS;6.158,96
PREFEITURA MUNICIPAL DE BARBACENA;16.001;SEMOP;2.100;MANUTENÇAO DA SEMOP;11;APOIO A ADMINISTRAÇAO PUBLICA;15;Urbanismo;122;Administração Geral;324;3.3.90.47.00.00.00.00;OBRIGAÇÕES TRIBUTÁRIAS E CONTRIBUTIVAS;1.750.000.0000;RECURSOS DA CONTRIBUIÇÃO DE INTERVENÇÃO NO DOMÍNIO ECONÔMICO - CIDE;0,00
PREFEITURA MUNICIPAL DE BARBACENA;16.001;SEMOP;2.100;MANUTENÇAO DA SEMOP;11;APOIO A ADMINISTRAÇAO PUBLICA;15;Urbanismo;122;Administração Geral;324;3.3.90.47.00.00.00.00;OBRIGAÇÕES TRIBUTÁRIAS E CONTRIBUTIVAS;1.753.000.0000;RECURSOS PROVENIENTES DE TAXAS, CONTRIBUIÇÕES E PREÇOS PÚBLICOS;12.473,58
PREFEITURA MUNICIPAL DE BARBACENA;16.001;SEMOP;2.100;MANUTENÇAO DA SEMOP;11;APOIO A ADMINISTRAÇAO PUBLICA;15;Urbanismo;122;Administração Geral;325;3.3.90.92.00.00.00.00;DESPESAS DE EXERCÍCIOS ANTERIORES;1.500.000.0000;RECURSOS NÃO VINCULADOS DE IMPOSTOS;19.969,87
PREFEITURA MUNICIPAL DE BARBACENA;16.001;SEMOP;2.100;MANUTENÇAO DA SEMOP;11;APOIO A ADMINISTRAÇAO PUBLICA;15;Urbanismo;122;Administração Geral;326;3.3.90.93.03.00.00.00;OUTRAS INDENIZAÇÕES E RESTITUIÇÕES;1.500.000.0000;RECURSOS NÃO VINCULADOS DE IMPOSTOS;4.545,00
PREFEITURA MUNICIPAL DE BARBACENA;16.001;SEMOP;2.100;MANUTENÇAO DA SEMOP;11;APOIO A ADMINISTRAÇAO PUBLICA;15;Urbanismo;122;Administração Geral;326;3.3.90.93.03.00.00.00;OUTRAS INDENIZAÇÕES E RESTITUIÇÕES;1.700.000.0000;OUTRAS TRANSFERÊNCIAS DE CONVÊNIOS OU INSTRUMENTOS CONGÊNERES DA UNIÃO;80.546,97
PREFEITURA MUNICIPAL DE BARBACENA;16.001;SEMOP;2.100;MANUTENÇAO DA SEMOP;11;APOIO A ADMINISTRAÇAO PUBLICA;15;Urbanismo;122;Administração Geral;944;3.1.90.94.99.00.00.00;OUTRAS INDENIZAÇÕES E RESTITUIÇÕES TRABALHISTAS;1.500.000.0000;RECURSOS NÃO VINCULADOS DE IMPOSTOS;448,61
PREFEITURA MUNICIPAL DE BARBACENA;16.001;SEMOP;2.111;PESSOAL E ENCARGOS SOCIAIS DA SEMOP;11;APOIO A ADMINISTRAÇAO PUBLICA;15;Urbanismo;122;Administração Geral;328;3.1.90.04.15.00.00.00;OBRIGAÇÕES PATRONAIS - CONTRATO TEMPORÁRIO;1.500.000.0000;RECURSOS NÃO VINCULADOS DE IMPOSTOS;436.501,68
PREFEITURA MUNICIPAL DE BARBACENA;16.001;SEMOP;2.111;PESSOAL E ENCARGOS SOCIAIS DA SEMOP;11;APOIO A ADMINISTRAÇAO PUBLICA;15;Urbanismo;122;Administração Geral;328;3.1.90.04.01.00.00.00;SALÁRIO CONTRATO TEMPORÁRIO;1.500.000.0000;RECURSOS NÃO VINCULADOS DE IMPOSTOS;2.228.993,75
PREFEITURA MUNICIPAL DE BARBACENA;16.001;SEMOP;2.111;PESSOAL E ENCARGOS SOCIAIS DA SEMOP;11;APOIO A ADMINISTRAÇAO PUBLICA;15;Urbanismo;122;Administração Geral;328;3.1.90.04.51.00.00.00;ADICIONAIS DE CONTRATO TEMPORÁRIO;1.500.000.0000;RECURSOS NÃO VINCULADOS DE IMPOSTOS;159,55
PREFEITURA MUNICIPAL DE BARBACENA;16.001;SEMOP;2.111;PESSOAL E ENCARGOS SOCIAIS DA SEMOP;11;APOIO A ADMINISTRAÇAO PUBLICA;15;Urbanismo;122;Administração Geral;328;3.1.90.04.15.00.00.00;OBRIGAÇÕES PATRONAIS - CONTRATO TEMPORÁRIO;1.753.000.0000;RECURSOS PROVENIENTES DE TAXAS, CONTRIBUIÇÕES E PREÇOS PÚBLICOS;117.758,13
PREFEITURA MUNICIPAL DE BARBACENA;16.001;SEMOP;2.111;PESSOAL E ENCARGOS SOCIAIS DA SEMOP;11;APOIO A ADMINISTRAÇAO PUBLICA;15;Urbanismo;122;Administração Geral;328;3.1.90.04.01.00.00.00;SALÁRIO CONTRATO TEMPORÁRIO;1.753.000.0000;RECURSOS PROVENIENTES DE TAXAS, CONTRIBUIÇÕES E PREÇOS PÚBLICOS;479.585,88
PREFEITURA MUNICIPAL DE BARBACENA;16.001;SEMOP;2.111;PESSOAL E ENCARGOS SOCIAIS DA SEMOP;11;APOIO A ADMINISTRAÇAO PUBLICA;15;Urbanismo;122;Administração Geral;329;3.1.90.11.09.00.00.00;SUBSÍDIO DE SECRETÁRIO MUNICIPAL;1.500.000.0000;RECURSOS NÃO VINCULADOS DE IMPOSTOS;109.227,48
PREFEITURA MUNICIPAL DE BARBACENA;16.001;SEMOP;2.111;PESSOAL E ENCARGOS SOCIAIS DA SEMOP;11;APOIO A ADMINISTRAÇAO PUBLICA;15;Urbanismo;122;Administração Geral;329;3.1.90.11.01.00.00.00;VENCIMENTOS E SALÁRIOS;1.500.000.0000;RECURSOS NÃO VINCULADOS DE IMPOSTOS;3.002.309,67
PREFEITURA MUNICIPAL DE BARBACENA;16.001;SEMOP;2.111;PESSOAL E ENCARGOS SOCIAIS DA SEMOP;11;APOIO A ADMINISTRAÇAO PUBLICA;15;Urbanismo;122;Administração Geral;329;3.1.90.11.52.00.00.00;LICENÇA SAÚDE;1.500.000.0000;RECURSOS NÃO VINCULADOS DE IMPOSTOS;12.013,76
PREFEITURA MUNICIPAL DE BARBACENA;16.001;SEMOP;2.111;PESSOAL E ENCARGOS SOCIAIS DA SEMOP;11;APOIO A ADMINISTRAÇAO PUBLICA;15;Urbanismo;122;Administração Geral;329;3.1.90.11.52.00.00.00;LICENÇA SAÚDE;1.753.000.0000;RECURSOS PROVENIENTES DE TAXAS, CONTRIBUIÇÕES E PREÇOS PÚBLICOS;7.072,94
PREFEITURA MUNICIPAL DE BARBACENA;16.001;SEMOP;2.111;PESSOAL E ENCARGOS SOCIAIS DA SEMOP;11;APOIO A ADMINISTRAÇAO PUBLICA;15;Urbanismo;122;Administração Geral;329;3.1.90.11.01.00.00.00;VENCIMENTOS E SALÁRIOS;1.753.000.0000;RECURSOS PROVENIENTES DE TAXAS, CONTRIBUIÇÕES E PREÇOS PÚBLICOS;694.802,38
PREFEITURA MUNICIPAL DE BARBACENA;16.001;SEMOP;2.111;PESSOAL E ENCARGOS SOCIAIS DA SEMOP;11;APOIO A ADMINISTRAÇAO PUBLICA;15;Urbanismo;122;Administração Geral;329;3.1.90.11.09.00.00.00;SUBSÍDIO DE SECRETÁRIO MUNICIPAL;1.753.000.0000;RECURSOS PROVENIENTES DE TAXAS, CONTRIBUIÇÕES E PREÇOS PÚBLICOS;20.597,18
PREFEITURA MUNICIPAL DE BARBACENA;16.001;SEMOP;2.111;PESSOAL E ENCARGOS SOCIAIS DA SEMOP;11;APOIO A ADMINISTRAÇAO PUBLICA;15;Urbanismo;122;Administração Geral;330;3.1.90.13.03.00.00.00;CONTRIBUIÇÃO PATRONAL PARA INSS;1.500.000.0000;RECURSOS NÃO VINCULADOS DE IMPOSTOS;278.681,66
PREFEITURA MUNICIPAL DE BARBACENA;16.001;SEMOP;2.111;PESSOAL E ENCARGOS SOCIAIS DA SEMOP;11;APOIO A ADMINISTRAÇAO PUBLICA;15;Urbanismo;122;Administração Geral;330;3.1.90.13.03.00.00.00;CONTRIBUIÇÃO PATRONAL PARA INSS;1.753.000.0000;RECURSOS PROVENIENTES DE TAXAS, CONTRIBUIÇÕES E PREÇOS PÚBLICOS;82.908,83
PREFEITURA MUNICIPAL DE BARBACENA;16.001;SEMOP;2.111;PESSOAL E ENCARGOS SOCIAIS DA SEMOP;11;APOIO A ADMINISTRAÇAO PUBLICA;15;Urbanismo;122;Administração Geral;332;3.1.91.13.08.00.00.00;CONTRIB. PREV.- RPPS - PESSOAL ATIVO - PLANO PREV.;1.500.000.0000;RECURSOS NÃO VINCULADOS DE IMPOSTOS;452.583,34
PREFEITURA MUNICIPAL DE BARBACENA;16.001;SEMOP;2.111;PESSOAL E ENCARGOS SOCIAIS DA SEMOP;11;APOIO A ADMINISTRAÇAO PUBLICA;15;Urbanismo;122;Administração Geral;332;3.1.91.13.08.00.00.00;CONTRIB. PREV.- RPPS - PESSOAL ATIVO - PLANO PREV.;1.753.000.0000;RECURSOS PROVENIENTES DE TAXAS, CONTRIBUIÇÕES E PREÇOS PÚBLICOS;123.411,83
PREFEITURA MUNICIPAL DE BARBACENA;16.001;SEMOP;2.111;PESSOAL E ENCARGOS SOCIAIS DA SEMOP;11;APOIO A ADMINISTRAÇAO PUBLICA;15;Urbanismo;122;Administração Geral;334;3.3.90.18.00.00.00.00;AUXÍLIO FINANCEIRO A ESTUDANTES;1.500.000.0000;RECURSOS NÃO VINCULADOS DE IMPOSTOS;149,06
PREFEITURA MUNICIPAL DE BARBACENA;16.001;SEMOP;2.111;PESSOAL E ENCARGOS SOCIAIS DA SEMOP;11;APOIO A ADMINISTRAÇAO PUBLICA;15;Urbanismo;122;Administração Geral;336;3.3.90.39.99.00.00.00;OUTROS SERVIÇOS DE TERCEIROS - PESSOA JURÍDICA;1.500.000.0000;RECURSOS NÃO VINCULADOS DE IMPOSTOS;194.364,00
PREFEITURA MUNICIPAL DE BARBACENA;16.001;SEMOP;2.111;PESSOAL E ENCARGOS SOCIAIS DA SEMOP;11;APOIO A ADMINISTRAÇAO PUBLICA;15;Urbanismo;122;Administração Geral;337;3.3.90.46.00.00.00.00;AUXÍLIO-ALIMENTAÇÃO;1.500.000.0000;RECURSOS NÃO VINCULADOS DE IMPOSTOS;771.453,65
PREFEITURA MUNICIPAL DE BARBACENA;16.001;SEMOP;2.111;PESSOAL E ENCARGOS SOCIAIS DA SEMOP;11;APOIO A ADMINISTRAÇAO PUBLICA;15;Urbanismo;122;Administração Geral;337;3.3.90.46.00.00.00.00;AUXÍLIO-ALIMENTAÇÃO;1.753.000.0000;RECURSOS PROVENIENTES DE TAXAS, CONTRIBUIÇÕES E PREÇOS PÚBLICOS;157.335,00
PREFEITURA MUNICIPAL DE BARBACENA;16.001;SEMOP;1.024;CONSTRUÇAO, REFORMA E REVITALIZAÇAO DE PREDIOS PUBLICOS;17;INFRAESTRUTURA URBANA E RURAL;4;Administração;122;Administração Geral;317;3.3.90.30.99.00.00.00;OUTROS MATERIAIS DE CONSUMO;2.500.000.0000;RECURSOS NÃO VINCULADOS DE IMPOSTOS;73.506,60
PREFEITURA MUNICIPAL DE BARBACENA;16.001;SEMOP;1.024;CONSTRUÇAO, REFORMA E REVITALIZAÇAO DE PREDIOS PUBLICOS;17;INFRAESTRUTURA URBANA E RURAL;4;Administração;122;Administração Geral;951;3.3.90.39.12.00.00.00;LOCAÇÃO DE MÁQUINAS E EQUIPAMENTOS;1.500.000.0000;RECURSOS NÃO VINCULADOS DE IMPOSTOS;960,00
PREFEITURA MUNICIPAL DE BARBACENA;16.001;SEMOP;1.031;OBRAS DE INFRAESTRUTURA URBANA E RURAL;17;INFRAESTRUTURA URBANA E RURAL;15;Urbanismo;451;Infra-Estrutura Urbana;338;3.3.90.30.99.00.00.00;OUTROS MATERIAIS DE CONSUMO;1.704.000.0000;TRANSFERÊNCIAS DA UNIÃO REFERENTES A COMPENSAÇÕES FINANCEIRAS PELA EXPLORAÇÃO DE RECURSOS NATURAIS;59.714,90
PREFEITURA MUNICIPAL DE BARBACENA;16.001;SEMOP;1.031;OBRAS DE INFRAESTRUTURA URBANA E RURAL;17;INFRAESTRUTURA URBANA E RURAL;15;Urbanismo;451;Infra-Estrutura Urbana;338;3.3.90.30.99.00.00.00;OUTROS MATERIAIS DE CONSUMO;2.500.000.0000;RECURSOS NÃO VINCULADOS DE IMPOSTOS;365.939,72
PREFEITURA MUNICIPAL DE BARBACENA;16.001;SEMOP;1.031;OBRAS DE INFRAESTRUTURA URBANA E RURAL;17;INFRAESTRUTURA URBANA E RURAL;15;Urbanismo;451;Infra-Estrutura Urbana;338;3.3.90.30.24.00.00.00;MATERIAL PARA MANUTENÇÃO DE BENS IMÓVEIS;2.500.000.0000;RECURSOS NÃO VINCULADOS DE IMPOSTOS;119.372,50
PREFEITURA MUNICIPAL DE BARBACENA;16.001;SEMOP;1.031;OBRAS DE INFRAESTRUTURA URBANA E RURAL;17;INFRAESTRUTURA URBANA E RURAL;15;Urbanismo;451;Infra-Estrutura Urbana;338;3.3.90.30.99.00.00.00;OUTROS MATERIAIS DE CONSUMO;2.753.000.0000;RECURSOS PROVENIENTES DE TAXAS, CONTRIBUIÇÕES E PREÇOS PÚBLICOS;72.830,00
PREFEITURA MUNICIPAL DE BARBACENA;16.001;SEMOP;1.031;OBRAS DE INFRAESTRUTURA URBANA E RURAL;17;INFRAESTRUTURA URBANA E RURAL;15;Urbanismo;451;Infra-Estrutura Urbana;339;3.3.90.39.12.00.00.00;LOCAÇÃO DE MÁQUINAS E EQUIPAMENTOS;1.704.000.0000;TRANSFERÊNCIAS DA UNIÃO REFERENTES A COMPENSAÇÕES FINANCEIRAS PELA EXPLORAÇÃO DE RECURSOS NATURAIS;33.335,75
PREFEITURA MUNICIPAL DE BARBACENA;16.001;SEMOP;1.031;OBRAS DE INFRAESTRUTURA URBANA E RURAL;17;INFRAESTRUTURA URBANA E RURAL;15;Urbanismo;451;Infra-Estrutura Urbana;339;3.3.90.39.12.00.00.00;LOCAÇÃO DE MÁQUINAS E EQUIPAMENTOS;2.500.000.0000;RECURSOS NÃO VINCULADOS DE IMPOSTOS;0,00
PREFEITURA MUNICIPAL DE BARBACENA;16.001;SEMOP;1.031;OBRAS DE INFRAESTRUTURA URBANA E RURAL;17;INFRAESTRUTURA URBANA E RURAL;15;Urbanismo;451;Infra-Estrutura Urbana;341;4.4.90.51.01.00.00.00;OBRAS E INSTALAÇÕES DE DOMÍNIO PÚBLICO;2.500.000.0000;RECURSOS NÃO VINCULADOS DE IMPOSTOS;301.655,07
PREFEITURA MUNICIPAL DE BARBACENA;16.001;SEMOP;1.031;OBRAS DE INFRAESTRUTURA URBANA E RURAL;17;INFRAESTRUTURA URBANA E RURAL;15;Urbanismo;451;Infra-Estrutura Urbana;913;3.3.90.92.00.00.00.00;DESPESAS DE EXERCÍCIOS ANTERIORES;1.500.000.0000;RECURSOS NÃO VINCULADOS DE IMPOSTOS;123.570,43
PREFEITURA MUNICIPAL DE BARBACENA;16.001;SEMOP;1.031;OBRAS DE INFRAESTRUTURA URBANA E RURAL;17;INFRAESTRUTURA URBANA E RURAL;15;Urbanismo;451;Infra-Estrutura Urbana;913;3.3.90.92.00.00.00.00;DESPESAS DE EXERCÍCIOS ANTERIORES;1.704.000.0000;TRANSFERÊNCIAS DA UNIÃO REFERENTES A COMPENSAÇÕES FINANCEIRAS PELA EXPLORAÇÃO DE RECURSOS NATURAIS;157.947,94
PREFEITURA MUNICIPAL DE BARBACENA;16.001;SEMOP;1.031;OBRAS DE INFRAESTRUTURA URBANA E RURAL;17;INFRAESTRUTURA URBANA E RURAL;15;Urbanismo;451;Infra-Estrutura Urbana;913;3.3.90.92.00.00.00.00;DESPESAS DE EXERCÍCIOS ANTERIORES;1.753.000.0000;RECURSOS PROVENIENTES DE TAXAS, CONTRIBUIÇÕES E PREÇOS PÚBLICOS;200.000,00
PREFEITURA MUNICIPAL DE BARBACENA;16.001;SEMOP;1.032;CONSTRUÇAO, REFORMA E REVITALIZAÇAO DE PRAÇAS E PARQUES;17;INFRAESTRUTURA URBANA E RURAL;15;Urbanismo;451;Infra-Estrutura Urbana;345;4.4.90.51.01.00.00.00;OBRAS E INSTALAÇÕES DE DOMÍNIO PÚBLICO;1.753.000.0000;RECURSOS PROVENIENTES DE TAXAS, CONTRIBUIÇÕES E PREÇOS PÚBLICOS;107.192,52
PREFEITURA MUNICIPAL DE BARBACENA;16.001;SEMOP;1.032;CONSTRUÇAO, REFORMA E REVITALIZAÇAO DE PRAÇAS E PARQUES;17;INFRAESTRUTURA URBANA E RURAL;15;Urbanismo;451;Infra-Estrutura Urbana;345;4.4.90.51.01.00.00.00;OBRAS E INSTALAÇÕES DE DOMÍNIO PÚBLICO;2.500.000.0000;RECURSOS NÃO VINCULADOS DE IMPOSTOS;155.515,23
PREFEITURA MUNICIPAL DE BARBACENA;16.001;SEMOP;1.032;CONSTRUÇAO, REFORMA E REVITALIZAÇAO DE PRAÇAS E PARQUES;17;INFRAESTRUTURA URBANA E RURAL;15;Urbanismo;451;Infra-Estrutura Urbana;345;4.4.90.51.01.00.00.00;OBRAS E INSTALAÇÕES DE DOMÍNIO PÚBLICO;2.753.000.0000;RECURSOS PROVENIENTES DE TAXAS, CONTRIBUIÇÕES E PREÇOS PÚBLICOS;59.999,99
PREFEITURA MUNICIPAL DE BARBACENA;16.001;SEMOP;1.032;CONSTRUÇAO, REFORMA E REVITALIZAÇAO DE PRAÇAS E PARQUES;17;INFRAESTRUTURA URBANA E RURAL;15;Urbanismo;451;Infra-Estrutura Urbana;971;4.4.90.61.01.00.00.00;AQUISIÇÃO DE IMÓVEIS DE DOMÍNIO PÚBLICO;2.500.000.0000;RECURSOS NÃO VINCULADOS DE IMPOSTOS;225.000,00
PREFEITURA MUNICIPAL DE BARBACENA;16.001;SEMOP;2.117;MANUTENÇAO, CONSTRUÇAO E CONSERVAÇAO DE CEMITERIOS;17;INFRAESTRUTURA URBANA E RURAL;15;Urbanismo;452;Serviços Urbanos;372;3.1.90.04.01.00.00.00;SALÁRIO CONTRATO TEMPORÁRIO;1.500.000.0000;RECURSOS NÃO VINCULADOS DE IMPOSTOS;180.700,82
PREFEITURA MUNICIPAL DE BARBACENA;16.001;SEMOP;2.117;MANUTENÇAO, CONSTRUÇAO E CONSERVAÇAO DE CEMITERIOS;17;INFRAESTRUTURA URBANA E RURAL;15;Urbanismo;452;Serviços Urbanos;372;3.1.90.04.15.00.00.00;OBRIGAÇÕES PATRONAIS - CONTRATO TEMPORÁRIO;1.500.000.0000;RECURSOS NÃO VINCULADOS DE IMPOSTOS;21.249,79
PREFEITURA MUNICIPAL DE BARBACENA;16.001;SEMOP;2.117;MANUTENÇAO, CONSTRUÇAO E CONSERVAÇAO DE CEMITERIOS;17;INFRAESTRUTURA URBANA E RURAL;15;Urbanismo;452;Serviços Urbanos;373;3.1.90.11.01.00.00.00;VENCIMENTOS E SALÁRIOS;1.500.000.0000;RECURSOS NÃO VINCULADOS DE IMPOSTOS;277.982,63
PREFEITURA MUNICIPAL DE BARBACENA;16.001;SEMOP;2.117;MANUTENÇAO, CONSTRUÇAO E CONSERVAÇAO DE CEMITERIOS;17;INFRAESTRUTURA URBANA E RURAL;15;Urbanismo;452;Serviços Urbanos;373;3.1.90.11.52.00.00.00;LICENÇA SAÚDE;1.500.000.0000;RECURSOS NÃO VINCULADOS DE IMPOSTOS;418,44
PREFEITURA MUNICIPAL DE BARBACENA;16.001;SEMOP;2.117;MANUTENÇAO, CONSTRUÇAO E CONSERVAÇAO DE CEMITERIOS;17;INFRAESTRUTURA URBANA E RURAL;15;Urbanismo;452;Serviços Urbanos;374;3.1.90.13.03.00.00.00;CONTRIBUIÇÃO PATRONAL PARA INSS;1.500.000.0000;RECURSOS NÃO VINCULADOS DE IMPOSTOS;22.468,71
PREFEITURA MUNICIPAL DE BARBACENA;16.001;SEMOP;2.117;MANUTENÇAO, CONSTRUÇAO E CONSERVAÇAO DE CEMITERIOS;17;INFRAESTRUTURA URBANA E RURAL;15;Urbanismo;452;Serviços Urbanos;375;3.1.91.13.08.00.00.00;CONTRIB. PREV.- RPPS - PESSOAL ATIVO - PLANO PREV.;1.500.000.0000;RECURSOS NÃO VINCULADOS DE IMPOSTOS;64.953,39
PREFEITURA MUNICIPAL DE BARBACENA;16.001;SEMOP;2.117;MANUTENÇAO, CONSTRUÇAO E CONSERVAÇAO DE CEMITERIOS;17;INFRAESTRUTURA URBANA E RURAL;15;Urbanismo;452;Serviços Urbanos;377;3.3.90.30.24.00.00.00;MATERIAL PARA MANUTENÇÃO DE BENS IMÓVEIS;2.500.000.0000;RECURSOS NÃO VINCULADOS DE IMPOSTOS;106.103,51
PREFEITURA MUNICIPAL DE BARBACENA;16.001;SEMOP;2.117;MANUTENÇAO, CONSTRUÇAO E CONSERVAÇAO DE CEMITERIOS;17;INFRAESTRUTURA URBANA E RURAL;15;Urbanismo;452;Serviços Urbanos;379;3.3.90.46.00.00.00.00;AUXÍLIO-ALIMENTAÇÃO;1.500.000.0000;RECURSOS NÃO VINCULADOS DE IMPOSTOS;72.170,00
PREFEITURA MUNICIPAL DE BARBACENA;16.001;SEMOP;2.340;ELABORAÇAO DO PLANO DIRETOR DO MUNICIPIO E PLANO DE MOBILIDADE URBANA;17;INFRAESTRUTURA URBANA E RURAL;15;Urbanismo;452;Serviços Urbanos;383;3.3.90.39.05.00.00.00;SERVIÇOS TÉCNICOS PROFISSIONAIS;1.500.000.0000;RECURSOS NÃO VINCULADOS DE IMPOSTOS;1.290.000,00
PREFEITURA MUNICIPAL DE BARBACENA;16.001;SEMOP;1.033;OBRAS DE CONSTRUÇAO, AMPLIAÇAO, READEQUAÇAO E MELHORIA DO SISTEMA DE ESGOTAMENTO SANITARIO;18;MEIO AMBIENTE E SANEAMENTO BASICO;17;Saneamento;512;Saneamento Básico Urbano;386;3.3.90.39.12.00.00.00;LOCAÇÃO DE MÁQUINAS E EQUIPAMENTOS;1.500.000.0000;RECURSOS NÃO VINCULADOS DE IMPOSTOS;31.360,00
PREFEITURA MUNICIPAL DE BARBACENA;16.001;SEMOP;1.034;OBRAS DE CONSTRUÇAO, AMPLIAÇAO, READEQUAÇAO E MELHORIA DO SISTEMA DE DRENAGEM;18;MEIO AMBIENTE E SANEAMENTO BASICO;17;Saneamento;512;Saneamento Básico Urbano;388;3.3.90.30.24.00.00.00;MATERIAL PARA MANUTENÇÃO DE BENS IMÓVEIS;2.500.000.0000;RECURSOS NÃO VINCULADOS DE IMPOSTOS;11.817,50
PREFEITURA MUNICIPAL DE BARBACENA;16.001;SEMOP;1.034;OBRAS DE CONSTRUÇAO, AMPLIAÇAO, READEQUAÇAO E MELHORIA DO SISTEMA DE DRENAGEM;18;MEIO AMBIENTE E SANEAMENTO BASICO;17;Saneamento;512;Saneamento Básico Urbano;390;4.4.90.51.01.00.00.00;OBRAS E INSTALAÇÕES DE DOMÍNIO PÚBLICO;1.753.000.0000;RECURSOS PROVENIENTES DE TAXAS, CONTRIBUIÇÕES E PREÇOS PÚBLICOS;0,00
PREFEITURA MUNICIPAL DE BARBACENA;16.001;SEMOP;2.161;MANUTENÇAO DAS ATIVIDADES DE LIMPEZA URBANA E DESTINAÇAO FINAL DE RESIDUOS;18;MEIO AMBIENTE E SANEAMENTO BASICO;17;Saneamento;512;Saneamento Básico Urbano;391;3.3.90.30.99.00.00.00;OUTROS MATERIAIS DE CONSUMO;1.500.000.0000;RECURSOS NÃO VINCULADOS DE IMPOSTOS;18.471,45
PREFEITURA MUNICIPAL DE BARBACENA;16.001;SEMOP;2.161;MANUTENÇAO DAS ATIVIDADES DE LIMPEZA URBANA E DESTINAÇAO FINAL DE RESIDUOS;18;MEIO AMBIENTE E SANEAMENTO BASICO;17;Saneamento;512;Saneamento Básico Urbano;391;3.3.90.30.28.00.00.00;MATERIAL DE PROTEÇÃO E SEGURANÇA;1.500.000.0000;RECURSOS NÃO VINCULADOS DE IMPOSTOS;15.945,10
PREFEITURA MUNICIPAL DE BARBACENA;16.001;SEMOP;2.161;MANUTENÇAO DAS ATIVIDADES DE LIMPEZA URBANA E DESTINAÇAO FINAL DE RESIDUOS;18;MEIO AMBIENTE E SANEAMENTO BASICO;17;Saneamento;512;Saneamento Básico Urbano;391;3.3.90.30.37.00.00.00;MATERIAL PARA MANUTENÇÃO DE VEÍCULOS;1.704.000.0000;TRANSFERÊNCIAS DA UNIÃO REFERENTES A COMPENSAÇÕES FINANCEIRAS PELA EXPLORAÇÃO DE RECURSOS NATURAIS;99.179,62
PREFEITURA MUNICIPAL DE BARBACENA;16.001;SEMOP;2.161;MANUTENÇAO DAS ATIVIDADES DE LIMPEZA URBANA E DESTINAÇAO FINAL DE RESIDUOS;18;MEIO AMBIENTE E SANEAMENTO BASICO;17;Saneamento;512;Saneamento Básico Urbano;391;3.3.90.30.28.00.00.00;MATERIAL DE PROTEÇÃO E SEGURANÇA;1.704.000.0000;TRANSFERÊNCIAS DA UNIÃO REFERENTES A COMPENSAÇÕES FINANCEIRAS PELA EXPLORAÇÃO DE RECURSOS NATURAIS;6.606,74
PREFEITURA MUNICIPAL DE BARBACENA;16.001;SEMOP;2.161;MANUTENÇAO DAS ATIVIDADES DE LIMPEZA URBANA E DESTINAÇAO FINAL DE RESIDUOS;18;MEIO AMBIENTE E SANEAMENTO BASICO;17;Saneamento;512;Saneamento Básico Urbano;391;3.3.90.30.99.00.00.00;OUTROS MATERIAIS DE CONSUMO;1.704.000.0000;TRANSFERÊNCIAS DA UNIÃO REFERENTES A COMPENSAÇÕES FINANCEIRAS PELA EXPLORAÇÃO DE RECURSOS NATURAIS;1.167,75
PREFEITURA MUNICIPAL DE BARBACENA;16.001;SEMOP;2.161;MANUTENÇAO DAS ATIVIDADES DE LIMPEZA URBANA E DESTINAÇAO FINAL DE RESIDUOS;18;MEIO AMBIENTE E SANEAMENTO BASICO;17;Saneamento;512;Saneamento Básico Urbano;391;3.3.90.30.99.00.00.00;OUTROS MATERIAIS DE CONSUMO;1.753.000.0000;RECURSOS PROVENIENTES DE TAXAS, CONTRIBUIÇÕES E PREÇOS PÚBLICOS;758,00
PREFEITURA MUNICIPAL DE BARBACENA;16.001;SEMOP;2.161;MANUTENÇAO DAS ATIVIDADES DE LIMPEZA URBANA E DESTINAÇAO FINAL DE RESIDUOS;18;MEIO AMBIENTE E SANEAMENTO BASICO;17;Saneamento;512;Saneamento Básico Urbano;391;3.3.90.30.99.00.00.00;OUTROS MATERIAIS DE CONSUMO;2.753.000.0000;RECURSOS PROVENIENTES DE TAXAS, CONTRIBUIÇÕES E PREÇOS PÚBLICOS;38.291,36
PREFEITURA MUNICIPAL DE BARBACENA;16.001;SEMOP;2.161;MANUTENÇAO DAS ATIVIDADES DE LIMPEZA URBANA E DESTINAÇAO FINAL DE RESIDUOS;18;MEIO AMBIENTE E SANEAMENTO BASICO;17;Saneamento;512;Saneamento Básico Urbano;393;3.3.90.39.99.00.00.00;OUTROS SERVIÇOS DE TERCEIROS - PESSOA JURÍDICA;1.500.000.0000;RECURSOS NÃO VINCULADOS DE IMPOSTOS;396.037,97
PREFEITURA MUNICIPAL DE BARBACENA;16.001;SEMOP;2.161;MANUTENÇAO DAS ATIVIDADES DE LIMPEZA URBANA E DESTINAÇAO FINAL DE RESIDUOS;18;MEIO AMBIENTE E SANEAMENTO BASICO;17;Saneamento;512;Saneamento Básico Urbano;393;3.3.90.39.53.00.00.00;SEGUROS EM GERAL;1.500.000.0000;RECURSOS NÃO VINCULADOS DE IMPOSTOS;16.500,00
PREFEITURA MUNICIPAL DE BARBACENA;16.001;SEMOP;2.161;MANUTENÇAO DAS ATIVIDADES DE LIMPEZA URBANA E DESTINAÇAO FINAL DE RESIDUOS;18;MEIO AMBIENTE E SANEAMENTO BASICO;17;Saneamento;512;Saneamento Básico Urbano;393;3.3.90.39.99.00.00.00;OUTROS SERVIÇOS DE TERCEIROS - PESSOA JURÍDICA;1.704.000.0000;TRANSFERÊNCIAS DA UNIÃO REFERENTES A COMPENSAÇÕES FINANCEIRAS PELA EXPLORAÇÃO DE RECURSOS NATURAIS;13.295,79
PREFEITURA MUNICIPAL DE BARBACENA;16.001;SEMOP;2.161;MANUTENÇAO DAS ATIVIDADES DE LIMPEZA URBANA E DESTINAÇAO FINAL DE RESIDUOS;18;MEIO AMBIENTE E SANEAMENTO BASICO;17;Saneamento;512;Saneamento Básico Urbano;393;3.3.90.39.61.00.00.00;LIMPEZA E CONSERVAÇÃO;1.704.000.0000;TRANSFERÊNCIAS DA UNIÃO REFERENTES A COMPENSAÇÕES FINANCEIRAS PELA EXPLORAÇÃO DE RECURSOS NATURAIS;6.815.783,24
PREFEITURA MUNICIPAL DE BARBACENA;16.001;SEMOP;2.161;MANUTENÇAO DAS ATIVIDADES DE LIMPEZA URBANA E DESTINAÇAO FINAL DE RESIDUOS;18;MEIO AMBIENTE E SANEAMENTO BASICO;17;Saneamento;512;Saneamento Básico Urbano;393;3.3.90.39.61.00.00.00;LIMPEZA E CONSERVAÇÃO;1.753.000.0000;RECURSOS PROVENIENTES DE TAXAS, CONTRIBUIÇÕES E PREÇOS PÚBLICOS;2.227.402,80
PREFEITURA MUNICIPAL DE BARBACENA;16.001;SEMOP;2.161;MANUTENÇAO DAS ATIVIDADES DE LIMPEZA URBANA E DESTINAÇAO FINAL DE RESIDUOS;18;MEIO AMBIENTE E SANEAMENTO BASICO;17;Saneamento;512;Saneamento Básico Urbano;393;3.3.90.39.99.00.00.00;OUTROS SERVIÇOS DE TERCEIROS - PESSOA JURÍDICA;1.753.000.0000;RECURSOS PROVENIENTES DE TAXAS, CONTRIBUIÇÕES E PREÇOS PÚBLICOS;324.426,00
PREFEITURA MUNICIPAL DE BARBACENA;16.001;SEMOP;2.161;MANUTENÇAO DAS ATIVIDADES DE LIMPEZA URBANA E DESTINAÇAO FINAL DE RESIDUOS;18;MEIO AMBIENTE E SANEAMENTO BASICO;17;Saneamento;512;Saneamento Básico Urbano;394;3.3.90.92.00.00.00.00;DESPESAS DE EXERCÍCIOS ANTERIORES;1.500.000.0000;RECURSOS NÃO VINCULADOS DE IMPOSTOS;28.473,76
PREFEITURA MUNICIPAL DE BARBACENA;16.001;SEMOP;2.161;MANUTENÇAO DAS ATIVIDADES DE LIMPEZA URBANA E DESTINAÇAO FINAL DE RESIDUOS;18;MEIO AMBIENTE E SANEAMENTO BASICO;17;Saneamento;512;Saneamento Básico Urbano;394;3.3.90.92.00.00.00.00;DESPESAS DE EXERCÍCIOS ANTERIORES;1.753.000.0000;RECURSOS PROVENIENTES DE TAXAS, CONTRIBUIÇÕES E PREÇOS PÚBLICOS;437.086,53
PREFEITURA MUNICIPAL DE BARBACENA;16.001;SEMOP;2.104;MANUTENÇAO DA REDE DE ILUMINAÇAO PUBLICA;20;ILUMINAÇAO PUBLICA;25;Energia;752;Energia Elétrica;397;3.3.90.39.29.00.00.00;SERVIÇOS DE ENERGIA ELÉTRICA;1.751.000.0000;RECURSOS DA CONTRIBUIÇÃO PARA O CUSTEIO DO SERVIÇO DE ILUMINAÇÃO PÚBLICA - COSIP;5.903.095,64
PREFEITURA MUNICIPAL DE BARBACENA;16.001;SEMOP;2.104;MANUTENÇAO DA REDE DE ILUMINAÇAO PUBLICA;20;ILUMINAÇAO PUBLICA;25;Energia;752;Energia Elétrica;397;3.3.90.39.99.00.00.00;OUTROS SERVIÇOS DE TERCEIROS - PESSOA JURÍDICA;1.751.000.0000;RECURSOS DA CONTRIBUIÇÃO PARA O CUSTEIO DO SERVIÇO DE ILUMINAÇÃO PÚBLICA - COSIP;965.486,83
PREFEITURA MUNICIPAL DE BARBACENA;16.001;SEMOP;2.104;MANUTENÇAO DA REDE DE ILUMINAÇAO PUBLICA;20;ILUMINAÇAO PUBLICA;25;Energia;752;Energia Elétrica;957;3.3.67.83.00.00.00.00;DESPESAS DECORRENTES DE CONTRATO DE PARCERIA PÚB.;1.751.000.0000;RECURSOS DA CONTRIBUIÇÃO PARA O CUSTEIO DO SERVIÇO DE ILUMINAÇÃO PÚBLICA - COSIP;3.728.976,88
PREFEITURA MUNICIPAL DE BARBACENA;16.001;SEMOP;1.027;CONSTRUÇAO, AMPLIAÇAO, RECUPERAÇÃO E MELHORIA DE VIAS PUBLICAS;27;MOBILIDADE URBANA;15;Urbanismo;451;Infra-Estrutura Urbana;350;3.3.90.39.99.00.00.00;OUTROS SERVIÇOS DE TERCEIROS - PESSOA JURÍDICA;1.500.000.0000;RECURSOS NÃO VINCULADOS DE IMPOSTOS;23.100,00
PREFEITURA MUNICIPAL DE BARBACENA;16.001;SEMOP;1.027;CONSTRUÇAO, AMPLIAÇAO, RECUPERAÇÃO E MELHORIA DE VIAS PUBLICAS;27;MOBILIDADE URBANA;15;Urbanismo;451;Infra-Estrutura Urbana;350;3.3.90.39.18.00.00.00;MANUTENÇÃO E CONS. DE ESTRADAS OU OUTRAS VIAS;1.500.000.0000;RECURSOS NÃO VINCULADOS DE IMPOSTOS;1.700,00
PREFEITURA MUNICIPAL DE BARBACENA;16.001;SEMOP;1.027;CONSTRUÇAO, AMPLIAÇAO, RECUPERAÇÃO E MELHORIA DE VIAS PUBLICAS;27;MOBILIDADE URBANA;15;Urbanismo;451;Infra-Estrutura Urbana;350;3.3.90.39.64.00.00.00;SERVIÇOS BANCÁRIOS;1.500.000.0000;RECURSOS NÃO VINCULADOS DE IMPOSTOS;9.500,00
PREFEITURA MUNICIPAL DE BARBACENA;16.001;SEMOP;1.027;CONSTRUÇAO, AMPLIAÇAO, RECUPERAÇÃO E MELHORIA DE VIAS PUBLICAS;27;MOBILIDADE URBANA;15;Urbanismo;451;Infra-Estrutura Urbana;352;4.4.90.51.01.00.00.00;OBRAS E INSTALAÇÕES DE DOMÍNIO PÚBLICO;1.500.000.0000;RECURSOS NÃO VINCULADOS DE IMPOSTOS;81.974,87
PREFEITURA MUNICIPAL DE BARBACENA;16.001;SEMOP;1.027;CONSTRUÇAO, AMPLIAÇAO, RECUPERAÇÃO E MELHORIA DE VIAS PUBLICAS;27;MOBILIDADE URBANA;15;Urbanismo;451;Infra-Estrutura Urbana;352;4.4.90.51.01.00.00.00;OBRAS E INSTALAÇÕES DE DOMÍNIO PÚBLICO;1.700.000.0000;OUTRAS TRANSFERÊNCIAS DE CONVÊNIOS OU INSTRUMENTOS CONGÊNERES DA UNIÃO;0,00
PREFEITURA MUNICIPAL DE BARBACENA;16.001;SEMOP;1.027;CONSTRUÇAO, AMPLIAÇAO, RECUPERAÇÃO E MELHORIA DE VIAS PUBLICAS;27;MOBILIDADE URBANA;15;Urbanismo;451;Infra-Estrutura Urbana;352;4.4.90.51.01.00.00.00;OBRAS E INSTALAÇÕES DE DOMÍNIO PÚBLICO;1.704.000.0000;TRANSFERÊNCIAS DA UNIÃO REFERENTES A COMPENSAÇÕES FINANCEIRAS PELA EXPLORAÇÃO DE RECURSOS NATURAIS;3.001.879,72
PREFEITURA MUNICIPAL DE BARBACENA;16.001;SEMOP;1.027;CONSTRUÇAO, AMPLIAÇAO, RECUPERAÇÃO E MELHORIA DE VIAS PUBLICAS;27;MOBILIDADE URBANA;15;Urbanismo;451;Infra-Estrutura Urbana;352;4.4.90.51.01.00.00.00;OBRAS E INSTALAÇÕES DE DOMÍNIO PÚBLICO;1.705.000.0000;TRANSFERÊNCIAS DOS ESTADOS REFERENTES A COMPENSAÇÕES FINANCEIRAS PELA EXPLORAÇÃO DE RECURSOS NATURAIS;0,00
PREFEITURA MUNICIPAL DE BARBACENA;16.001;SEMOP;1.027;CONSTRUÇAO, AMPLIAÇAO, RECUPERAÇÃO E MELHORIA DE VIAS PUBLICAS;27;MOBILIDADE URBANA;15;Urbanismo;451;Infra-Estrutura Urbana;352;4.4.90.51.01.00.00.00;OBRAS E INSTALAÇÕES DE DOMÍNIO PÚBLICO;1.753.000.0000;RECURSOS PROVENIENTES DE TAXAS, CONTRIBUIÇÕES E PREÇOS PÚBLICOS;740.179,37
PREFEITURA MUNICIPAL DE BARBACENA;16.001;SEMOP;1.027;CONSTRUÇAO, AMPLIAÇAO, RECUPERAÇÃO E MELHORIA DE VIAS PUBLICAS;27;MOBILIDADE URBANA;15;Urbanismo;451;Infra-Estrutura Urbana;352;4.4.90.51.01.00.00.00;OBRAS E INSTALAÇÕES DE DOMÍNIO PÚBLICO;2.500.000.0000;RECURSOS NÃO VINCULADOS DE IMPOSTOS;10.782.621,63
PREFEITURA MUNICIPAL DE BARBACENA;16.001;SEMOP;1.027;CONSTRUÇAO, AMPLIAÇAO, RECUPERAÇÃO E MELHORIA DE VIAS PUBLICAS;27;MOBILIDADE URBANA;15;Urbanismo;451;Infra-Estrutura Urbana;352;4.4.90.51.01.00.00.00;OBRAS E INSTALAÇÕES DE DOMÍNIO PÚBLICO;2.704.000.0000;TRANSFERÊNCIAS DA UNIÃO REFERENTES A COMPENSAÇÕES FINANCEIRAS PELA EXPLORAÇÃO DE RECURSOS NATURAIS;4.499.473,95
PREFEITURA MUNICIPAL DE BARBACENA;16.001;SEMOP;1.027;CONSTRUÇAO, AMPLIAÇAO, RECUPERAÇÃO E MELHORIA DE VIAS PUBLICAS;27;MOBILIDADE URBANA;15;Urbanismo;451;Infra-Estrutura Urbana;352;4.4.90.51.01.00.00.00;OBRAS E INSTALAÇÕES DE DOMÍNIO PÚBLICO;2.710.010.0000;TRANSFERÊNCIA ESPECIAL DOS ESTADOS (TRANSF. ESP. ESTADO - ACORDO JUDICIAL REPARAÇÃO IMPACTOS SOCIOECONÔMICOS E AMBIENTAIS-BARRAGEM BRUMADINHO);2.504.373,97
PREFEITURA MUNICIPAL DE BARBACENA;16.001;SEMOP;1.027;CONSTRUÇAO, AMPLIAÇAO, RECUPERAÇÃO E MELHORIA DE VIAS PUBLICAS;27;MOBILIDADE URBANA;15;Urbanismo;451;Infra-Estrutura Urbana;921;4.4.90.92.00.00.00.00;DESPESAS DE EXERCÍCIOS ANTERIORES;2.500.000.0000;RECURSOS NÃO VINCULADOS DE IMPOSTOS;403.724,50
PREFEITURA MUNICIPAL DE BARBACENA;16.001;SEMOP;1.027;CONSTRUÇAO, AMPLIAÇAO, RECUPERAÇÃO E MELHORIA DE VIAS PUBLICAS;27;MOBILIDADE URBANA;15;Urbanismo;451;Infra-Estrutura Urbana;986;3.3.50.41.00.00.00.00;CONTRIBUIÇÕES;1.501.000.0000;OUTROS RECURSOS NÃO VINCULADOS;123.265,45
PREFEITURA MUNICIPAL DE BARBACENA;17.001;SEPLAN;2.301;MANUTENÇAO DA SEPLAN;11;APOIO A ADMINISTRAÇAO PUBLICA;4;Administração;122;Administração Geral;401;3.3.90.14.05.00.00.00;DIÁRIAS DE DEMAIS SERVIDORES;1.500.000.0000;RECURSOS NÃO VINCULADOS DE IMPOSTOS;14.600,00
PREFEITURA MUNICIPAL DE BARBACENA;17.001;SEPLAN;2.301;MANUTENÇAO DA SEPLAN;11;APOIO A ADMINISTRAÇAO PUBLICA;4;Administração;122;Administração Geral;401;3.3.90.14.04.00.00.00;DIÁRIAS DE SECRETÁRIOS;1.500.000.0000;RECURSOS NÃO VINCULADOS DE IMPOSTOS;1.000,00
PREFEITURA MUNICIPAL DE BARBACENA;17.001;SEPLAN;2.301;MANUTENÇAO DA SEPLAN;11;APOIO A ADMINISTRAÇAO PUBLICA;4;Administração;122;Administração Geral;401;3.3.90.14.05.00.00.00;DIÁRIAS DE DEMAIS SERVIDORES;1.501.000.0000;OUTROS RECURSOS NÃO VINCULADOS;800,00
PREFEITURA MUNICIPAL DE BARBACENA;17.001;SEPLAN;2.301;MANUTENÇAO DA SEPLAN;11;APOIO A ADMINISTRAÇAO PUBLICA;4;Administração;122;Administração Geral;402;3.3.90.30.99.00.00.00;OUTROS MATERIAIS DE CONSUMO;1.500.000.0000;RECURSOS NÃO VINCULADOS DE IMPOSTOS;81.308,20
PREFEITURA MUNICIPAL DE BARBACENA;17.001;SEPLAN;2.301;MANUTENÇAO DA SEPLAN;11;APOIO A ADMINISTRAÇAO PUBLICA;4;Administração;122;Administração Geral;402;3.3.90.30.16.00.00.00;MATERIAL DE EXPEDIENTE;1.500.000.0000;RECURSOS NÃO VINCULADOS DE IMPOSTOS;305.462,25
PREFEITURA MUNICIPAL DE BARBACENA;17.001;SEPLAN;2.301;MANUTENÇAO DA SEPLAN;11;APOIO A ADMINISTRAÇAO PUBLICA;4;Administração;122;Administração Geral;402;3.3.90.30.22.00.00.00;MATERIAL DE LIMPEZA E PRODUÇÃO DE HIGIENIZAÇÃO;1.500.000.0000;RECURSOS NÃO VINCULADOS DE IMPOSTOS;178.688,85
PREFEITURA MUNICIPAL DE BARBACENA;17.001;SEPLAN;2.301;MANUTENÇAO DA SEPLAN;11;APOIO A ADMINISTRAÇAO PUBLICA;4;Administração;122;Administração Geral;402;3.3.90.30.28.00.00.00;MATERIAL DE PROTEÇÃO E SEGURANÇA;1.500.000.0000;RECURSOS NÃO VINCULADOS DE IMPOSTOS;29.988,00
PREFEITURA MUNICIPAL DE BARBACENA;17.001;SEPLAN;2.301;MANUTENÇAO DA SEPLAN;11;APOIO A ADMINISTRAÇAO PUBLICA;4;Administração;122;Administração Geral;402;3.3.90.30.13.00.00.00;MATERIAL DE CAÇA E PESCA;1.500.000.0000;RECURSOS NÃO VINCULADOS DE IMPOSTOS;11.038,00
PREFEITURA MUNICIPAL DE BARBACENA;17.001;SEPLAN;2.301;MANUTENÇAO DA SEPLAN;11;APOIO A ADMINISTRAÇAO PUBLICA;4;Administração;122;Administração Geral;402;3.3.90.30.37.00.00.00;MATERIAL PARA MANUTENÇÃO DE VEÍCULOS;1.501.000.0000;OUTROS RECURSOS NÃO VINCULADOS;10.000,00
PREFEITURA MUNICIPAL DE BARBACENA;17.001;SEPLAN;2.301;MANUTENÇAO DA SEPLAN;11;APOIO A ADMINISTRAÇAO PUBLICA;4;Administração;122;Administração Geral;402;3.3.90.30.99.00.00.00;OUTROS MATERIAIS DE CONSUMO;1.501.000.0000;OUTROS RECURSOS NÃO VINCULADOS;91.454,97
PREFEITURA MUNICIPAL DE BARBACENA;17.001;SEPLAN;2.301;MANUTENÇAO DA SEPLAN;11;APOIO A ADMINISTRAÇAO PUBLICA;4;Administração;122;Administração Geral;402;3.3.90.30.25.00.00.00;MATERIAL PARA MANUTENÇÃO DE BENS MÓVEIS;1.501.000.0000;OUTROS RECURSOS NÃO VINCULADOS;9.154,38
PREFEITURA MUNICIPAL DE BARBACENA;17.001;SEPLAN;2.301;MANUTENÇAO DA SEPLAN;11;APOIO A ADMINISTRAÇAO PUBLICA;4;Administração;122;Administração Geral;403;3.3.90.33.99.00.00.00;OUTRAS DESPESAS COM LOCOMOÇÃO;1.500.000.0000;RECURSOS NÃO VINCULADOS DE IMPOSTOS;2.830,00
PREFEITURA MUNICIPAL DE BARBACENA;17.001;SEPLAN;2.301;MANUTENÇAO DA SEPLAN;11;APOIO A ADMINISTRAÇAO PUBLICA;4;Administração;122;Administração Geral;403;3.3.90.33.01.00.00.00;LOCAÇÃO DE VEÍCULOS PARA LOCOMOÇÃO DE PESSOAS;1.500.000.0000;RECURSOS NÃO VINCULADOS DE IMPOSTOS;350,00
PREFEITURA MUNICIPAL DE BARBACENA;17.001;SEPLAN;2.301;MANUTENÇAO DA SEPLAN;11;APOIO A ADMINISTRAÇAO PUBLICA;4;Administração;122;Administração Geral;403;3.3.90.33.99.00.00.00;OUTRAS DESPESAS COM LOCOMOÇÃO;1.501.000.0000;OUTROS RECURSOS NÃO VINCULADOS;630,00
PREFEITURA MUNICIPAL DE BARBACENA;17.001;SEPLAN;2.301;MANUTENÇAO DA SEPLAN;11;APOIO A ADMINISTRAÇAO PUBLICA;4;Administração;122;Administração Geral;403;3.3.90.33.01.00.00.00;LOCAÇÃO DE VEÍCULOS PARA LOCOMOÇÃO DE PESSOAS;1.501.000.0000;OUTROS RECURSOS NÃO VINCULADOS;100,00
PREFEITURA MUNICIPAL DE BARBACENA;17.001;SEPLAN;2.301;MANUTENÇAO DA SEPLAN;11;APOIO A ADMINISTRAÇAO PUBLICA;4;Administração;122;Administração Geral;404;3.3.90.36.14.00.00.00;LOCAÇÃO DE IMÓVEIS;1.500.000.0000;RECURSOS NÃO VINCULADOS DE IMPOSTOS;107.706,00
PREFEITURA MUNICIPAL DE BARBACENA;17.001;SEPLAN;2.301;MANUTENÇAO DA SEPLAN;11;APOIO A ADMINISTRAÇAO PUBLICA;4;Administração;122;Administração Geral;405;3.3.90.39.43.00.00.00;SERVIÇOS DE TELECOMUNICAÇÕES;1.500.000.0000;RECURSOS NÃO VINCULADOS DE IMPOSTOS;22.777,14
PREFEITURA MUNICIPAL DE BARBACENA;17.001;SEPLAN;2.301;MANUTENÇAO DA SEPLAN;11;APOIO A ADMINISTRAÇAO PUBLICA;4;Administração;122;Administração Geral;405;3.3.90.39.99.00.00.00;OUTROS SERVIÇOS DE TERCEIROS - PESSOA JURÍDICA;1.500.000.0000;RECURSOS NÃO VINCULADOS DE IMPOSTOS;284.318,73
PREFEITURA MUNICIPAL DE BARBACENA;17.001;SEPLAN;2.301;MANUTENÇAO DA SEPLAN;11;APOIO A ADMINISTRAÇAO PUBLICA;4;Administração;122;Administração Geral;405;3.3.90.39.30.00.00.00;SERVIÇOS DE ÁGUA E ESGOTO;1.500.000.0000;RECURSOS NÃO VINCULADOS DE IMPOSTOS;3.900,00
PREFEITURA MUNICIPAL DE BARBACENA;17.001;SEPLAN;2.301;MANUTENÇAO DA SEPLAN;11;APOIO A ADMINISTRAÇAO PUBLICA;4;Administração;122;Administração Geral;405;3.3.90.39.05.00.00.00;SERVIÇOS TÉCNICOS PROFISSIONAIS;1.500.000.0000;RECURSOS NÃO VINCULADOS DE IMPOSTOS;14.435,00
PREFEITURA MUNICIPAL DE BARBACENA;17.001;SEPLAN;2.301;MANUTENÇAO DA SEPLAN;11;APOIO A ADMINISTRAÇAO PUBLICA;4;Administração;122;Administração Geral;405;3.3.90.39.12.00.00.00;LOCAÇÃO DE MÁQUINAS E EQUIPAMENTOS;1.500.000.0000;RECURSOS NÃO VINCULADOS DE IMPOSTOS;26.679,60
PREFEITURA MUNICIPAL DE BARBACENA;17.001;SEPLAN;2.301;MANUTENÇAO DA SEPLAN;11;APOIO A ADMINISTRAÇAO PUBLICA;4;Administração;122;Administração Geral;405;3.3.90.39.48.00.00.00;SERVIÇOS GRÁFICOS;1.500.000.0000;RECURSOS NÃO VINCULADOS DE IMPOSTOS;1.251,00
PREFEITURA MUNICIPAL DE BARBACENA;17.001;SEPLAN;2.301;MANUTENÇAO DA SEPLAN;11;APOIO A ADMINISTRAÇAO PUBLICA;4;Administração;122;Administração Geral;405;3.3.90.39.10.00.00.00;LOCAÇÃO DE IMÓVEIS;1.500.000.0000;RECURSOS NÃO VINCULADOS DE IMPOSTOS;122.982,30
PREFEITURA MUNICIPAL DE BARBACENA;17.001;SEPLAN;2.301;MANUTENÇAO DA SEPLAN;11;APOIO A ADMINISTRAÇAO PUBLICA;4;Administração;122;Administração Geral;405;3.3.90.39.99.00.00.00;OUTROS SERVIÇOS DE TERCEIROS - PESSOA JURÍDICA;1.501.000.0000;OUTROS RECURSOS NÃO VINCULADOS;949.494,14
PREFEITURA MUNICIPAL DE BARBACENA;17.001;SEPLAN;2.301;MANUTENÇAO DA SEPLAN;11;APOIO A ADMINISTRAÇAO PUBLICA;4;Administração;122;Administração Geral;405;3.3.90.39.10.00.00.00;LOCAÇÃO DE IMÓVEIS;1.501.000.0000;OUTROS RECURSOS NÃO VINCULADOS;152.043,50
PREFEITURA MUNICIPAL DE BARBACENA;17.001;SEPLAN;2.301;MANUTENÇAO DA SEPLAN;11;APOIO A ADMINISTRAÇAO PUBLICA;4;Administração;122;Administração Geral;405;3.3.90.39.43.00.00.00;SERVIÇOS DE TELECOMUNICAÇÕES;1.501.000.0000;OUTROS RECURSOS NÃO VINCULADOS;104.487,10
PREFEITURA MUNICIPAL DE BARBACENA;17.001;SEPLAN;2.301;MANUTENÇAO DA SEPLAN;11;APOIO A ADMINISTRAÇAO PUBLICA;4;Administração;122;Administração Geral;405;3.3.90.39.70.00.00.00;AQUISIÇÃO DE SOFTWARES DE APLICAÇÃO;1.501.000.0000;OUTROS RECURSOS NÃO VINCULADOS;4.500,00
PREFEITURA MUNICIPAL DE BARBACENA;17.001;SEPLAN;2.301;MANUTENÇAO DA SEPLAN;11;APOIO A ADMINISTRAÇAO PUBLICA;4;Administração;122;Administração Geral;405;3.3.90.39.05.00.00.00;SERVIÇOS TÉCNICOS PROFISSIONAIS;1.501.000.0000;OUTROS RECURSOS NÃO VINCULADOS;62.311,00
PREFEITURA MUNICIPAL DE BARBACENA;17.001;SEPLAN;2.301;MANUTENÇAO DA SEPLAN;11;APOIO A ADMINISTRAÇAO PUBLICA;4;Administração;122;Administração Geral;405;3.3.90.39.99.00.00.00;OUTROS SERVIÇOS DE TERCEIROS - PESSOA JURÍDICA;2.500.000.0000;RECURSOS NÃO VINCULADOS DE IMPOSTOS;42.011,75
PREFEITURA MUNICIPAL DE BARBACENA;17.001;SEPLAN;2.301;MANUTENÇAO DA SEPLAN;11;APOIO A ADMINISTRAÇAO PUBLICA;4;Administração;122;Administração Geral;407;3.3.90.47.00.00.00.00;OBRIGAÇÕES TRIBUTÁRIAS E CONTRIBUTIVAS;1.500.000.0000;RECURSOS NÃO VINCULADOS DE IMPOSTOS;0,00
PREFEITURA MUNICIPAL DE BARBACENA;17.001;SEPLAN;2.301;MANUTENÇAO DA SEPLAN;11;APOIO A ADMINISTRAÇAO PUBLICA;4;Administração;122;Administração Geral;409;3.3.90.92.00.00.00.00;DESPESAS DE EXERCÍCIOS ANTERIORES;1.500.000.0000;RECURSOS NÃO VINCULADOS DE IMPOSTOS;29.930,80
PREFEITURA MUNICIPAL DE BARBACENA;17.001;SEPLAN;2.301;MANUTENÇAO DA SEPLAN;11;APOIO A ADMINISTRAÇAO PUBLICA;4;Administração;122;Administração Geral;410;3.3.90.93.03.00.00.00;OUTRAS INDENIZAÇÕES E RESTITUIÇÕES;1.500.000.0000;RECURSOS NÃO VINCULADOS DE IMPOSTOS;3.591,43
PREFEITURA MUNICIPAL DE BARBACENA;17.001;SEPLAN;2.301;MANUTENÇAO DA SEPLAN;11;APOIO A ADMINISTRAÇAO PUBLICA;4;Administração;122;Administração Geral;411;4.4.90.52.27.00.00.00;VEÍCULOS DIVERSOS;1.500.000.0000;RECURSOS NÃO VINCULADOS DE IMPOSTOS;7.000,00
PREFEITURA MUNICIPAL DE BARBACENA;17.001;SEPLAN;2.301;MANUTENÇAO DA SEPLAN;11;APOIO A ADMINISTRAÇAO PUBLICA;4;Administração;122;Administração Geral;411;4.4.90.52.20.00.00.00;MÁQUINAS, INSTALAÇÕES E UTENSÍLIOS DE ESCRITÓRIO;1.500.000.0000;RECURSOS NÃO VINCULADOS DE IMPOSTOS;76.640,00
PREFEITURA MUNICIPAL DE BARBACENA;17.001;SEPLAN;2.301;MANUTENÇAO DA SEPLAN;11;APOIO A ADMINISTRAÇAO PUBLICA;4;Administração;122;Administração Geral;411;4.4.90.52.06.00.00.00;APARELHOS E UTENSÍLIOS DOMÉSTICOS;1.500.000.0000;RECURSOS NÃO VINCULADOS DE IMPOSTOS;7.100,00
PREFEITURA MUNICIPAL DE BARBACENA;17.001;SEPLAN;2.301;MANUTENÇAO DA SEPLAN;11;APOIO A ADMINISTRAÇAO PUBLICA;4;Administração;122;Administração Geral;411;4.4.90.52.99.00.00.00;OUTROS MATERIAIS PERMANENTES;1.500.000.0000;RECURSOS NÃO VINCULADOS DE IMPOSTOS;6.462,00
PREFEITURA MUNICIPAL DE BARBACENA;17.001;SEPLAN;2.301;MANUTENÇAO DA SEPLAN;11;APOIO A ADMINISTRAÇAO PUBLICA;4;Administração;122;Administração Geral;411;4.4.90.52.18.00.00.00;MÁQUINAS, UTENSÍLIOS E EQUIPAMENTOS DIVERSOS;1.500.000.0000;RECURSOS NÃO VINCULADOS DE IMPOSTOS;50.154,00
PREFEITURA MUNICIPAL DE BARBACENA;17.001;SEPLAN;2.301;MANUTENÇAO DA SEPLAN;11;APOIO A ADMINISTRAÇAO PUBLICA;4;Administração;122;Administração Geral;411;4.4.90.52.99.00.00.00;OUTROS MATERIAIS PERMANENTES;1.501.000.0000;OUTROS RECURSOS NÃO VINCULADOS;81.221,30
PREFEITURA MUNICIPAL DE BARBACENA;17.001;SEPLAN;2.301;MANUTENÇAO DA SEPLAN;11;APOIO A ADMINISTRAÇAO PUBLICA;4;Administração;122;Administração Geral;411;4.4.90.52.20.00.00.00;MÁQUINAS, INSTALAÇÕES E UTENSÍLIOS DE ESCRITÓRIO;1.501.000.0000;OUTROS RECURSOS NÃO VINCULADOS;4.080,00
PREFEITURA MUNICIPAL DE BARBACENA;17.001;SEPLAN;2.301;MANUTENÇAO DA SEPLAN;11;APOIO A ADMINISTRAÇAO PUBLICA;4;Administração;122;Administração Geral;411;4.4.90.52.27.00.00.00;VEÍCULOS DIVERSOS;2.710.000.3210;IDENTIFICAÇÃO DAS TRANSFERÊNCIAS DOS ESTADOS DECORRENTES DE EMENDAS PARLAMENTARES INDIVIDUAIS;100.000,00
PREFEITURA MUNICIPAL DE BARBACENA;17.001;SEPLAN;2.302;PESSOAL E ENCARGOS SOCIAIS DA SEPLAN;11;APOIO A ADMINISTRAÇAO PUBLICA;4;Administração;122;Administração Geral;412;3.1.90.04.15.00.00.00;OBRIGAÇÕES PATRONAIS - CONTRATO TEMPORÁRIO;1.500.000.0000;RECURSOS NÃO VINCULADOS DE IMPOSTOS;125.254,52
PREFEITURA MUNICIPAL DE BARBACENA;17.001;SEPLAN;2.302;PESSOAL E ENCARGOS SOCIAIS DA SEPLAN;11;APOIO A ADMINISTRAÇAO PUBLICA;4;Administração;122;Administração Geral;412;3.1.90.04.01.00.00.00;SALÁRIO CONTRATO TEMPORÁRIO;1.500.000.0000;RECURSOS NÃO VINCULADOS DE IMPOSTOS;635.877,82
PREFEITURA MUNICIPAL DE BARBACENA;17.001;SEPLAN;2.302;PESSOAL E ENCARGOS SOCIAIS DA SEPLAN;11;APOIO A ADMINISTRAÇAO PUBLICA;4;Administração;122;Administração Geral;412;3.1.90.04.01.00.00.00;SALÁRIO CONTRATO TEMPORÁRIO;1.501.000.0000;OUTROS RECURSOS NÃO VINCULADOS;157.512,16
PREFEITURA MUNICIPAL DE BARBACENA;17.001;SEPLAN;2.302;PESSOAL E ENCARGOS SOCIAIS DA SEPLAN;11;APOIO A ADMINISTRAÇAO PUBLICA;4;Administração;122;Administração Geral;412;3.1.90.04.15.00.00.00;OBRIGAÇÕES PATRONAIS - CONTRATO TEMPORÁRIO;1.501.000.0000;OUTROS RECURSOS NÃO VINCULADOS;38.566,89
PREFEITURA MUNICIPAL DE BARBACENA;17.001;SEPLAN;2.302;PESSOAL E ENCARGOS SOCIAIS DA SEPLAN;11;APOIO A ADMINISTRAÇAO PUBLICA;4;Administração;122;Administração Geral;413;3.1.90.11.01.00.00.00;VENCIMENTOS E SALÁRIOS;1.500.000.0000;RECURSOS NÃO VINCULADOS DE IMPOSTOS;3.271.845,33
PREFEITURA MUNICIPAL DE BARBACENA;17.001;SEPLAN;2.302;PESSOAL E ENCARGOS SOCIAIS DA SEPLAN;11;APOIO A ADMINISTRAÇAO PUBLICA;4;Administração;122;Administração Geral;413;3.1.90.11.52.00.00.00;LICENÇA SAÚDE;1.500.000.0000;RECURSOS NÃO VINCULADOS DE IMPOSTOS;79.086,13
PREFEITURA MUNICIPAL DE BARBACENA;17.001;SEPLAN;2.302;PESSOAL E ENCARGOS SOCIAIS DA SEPLAN;11;APOIO A ADMINISTRAÇAO PUBLICA;4;Administração;122;Administração Geral;413;3.1.90.11.09.00.00.00;SUBSÍDIO DE SECRETÁRIO MUNICIPAL;1.500.000.0000;RECURSOS NÃO VINCULADOS DE IMPOSTOS;94.372,55
PREFEITURA MUNICIPAL DE BARBACENA;17.001;SEPLAN;2.302;PESSOAL E ENCARGOS SOCIAIS DA SEPLAN;11;APOIO A ADMINISTRAÇAO PUBLICA;4;Administração;122;Administração Geral;413;3.1.90.11.50.00.00.00;SALÁRIO MATERNIDADE;1.500.000.0000;RECURSOS NÃO VINCULADOS DE IMPOSTOS;40.992,10
PREFEITURA MUNICIPAL DE BARBACENA;17.001;SEPLAN;2.302;PESSOAL E ENCARGOS SOCIAIS DA SEPLAN;11;APOIO A ADMINISTRAÇAO PUBLICA;4;Administração;122;Administração Geral;413;3.1.90.11.50.00.00.00;SALÁRIO MATERNIDADE;1.501.000.0000;OUTROS RECURSOS NÃO VINCULADOS;230,42
PREFEITURA MUNICIPAL DE BARBACENA;17.001;SEPLAN;2.302;PESSOAL E ENCARGOS SOCIAIS DA SEPLAN;11;APOIO A ADMINISTRAÇAO PUBLICA;4;Administração;122;Administração Geral;413;3.1.90.11.01.00.00.00;VENCIMENTOS E SALÁRIOS;1.501.000.0000;OUTROS RECURSOS NÃO VINCULADOS;745.825,45
PREFEITURA MUNICIPAL DE BARBACENA;17.001;SEPLAN;2.302;PESSOAL E ENCARGOS SOCIAIS DA SEPLAN;11;APOIO A ADMINISTRAÇAO PUBLICA;4;Administração;122;Administração Geral;413;3.1.90.11.52.00.00.00;LICENÇA SAÚDE;1.501.000.0000;OUTROS RECURSOS NÃO VINCULADOS;6.363,96
PREFEITURA MUNICIPAL DE BARBACENA;17.001;SEPLAN;2.302;PESSOAL E ENCARGOS SOCIAIS DA SEPLAN;11;APOIO A ADMINISTRAÇAO PUBLICA;4;Administração;122;Administração Geral;413;3.1.90.11.09.00.00.00;SUBSÍDIO DE SECRETÁRIO MUNICIPAL;1.501.000.0000;OUTROS RECURSOS NÃO VINCULADOS;22.469,65
PREFEITURA MUNICIPAL DE BARBACENA;17.001;SEPLAN;2.302;PESSOAL E ENCARGOS SOCIAIS DA SEPLAN;11;APOIO A ADMINISTRAÇAO PUBLICA;4;Administração;122;Administração Geral;414;3.1.90.13.03.00.00.00;CONTRIBUIÇÃO PATRONAL PARA INSS;1.500.000.0000;RECURSOS NÃO VINCULADOS DE IMPOSTOS;228.362,88
PREFEITURA MUNICIPAL DE BARBACENA;17.001;SEPLAN;2.302;PESSOAL E ENCARGOS SOCIAIS DA SEPLAN;11;APOIO A ADMINISTRAÇAO PUBLICA;4;Administração;122;Administração Geral;414;3.1.90.13.03.00.00.00;CONTRIBUIÇÃO PATRONAL PARA INSS;1.501.000.0000;OUTROS RECURSOS NÃO VINCULADOS;67.270,72
PREFEITURA MUNICIPAL DE BARBACENA;17.001;SEPLAN;2.302;PESSOAL E ENCARGOS SOCIAIS DA SEPLAN;11;APOIO A ADMINISTRAÇAO PUBLICA;4;Administração;122;Administração Geral;416;3.1.91.13.08.00.00.00;CONTRIB. PREV.- RPPS - PESSOAL ATIVO - PLANO PREV.;1.500.000.0000;RECURSOS NÃO VINCULADOS DE IMPOSTOS;555.941,62
PREFEITURA MUNICIPAL DE BARBACENA;17.001;SEPLAN;2.302;PESSOAL E ENCARGOS SOCIAIS DA SEPLAN;11;APOIO A ADMINISTRAÇAO PUBLICA;4;Administração;122;Administração Geral;416;3.1.91.13.08.00.00.00;CONTRIB. PREV.- RPPS - PESSOAL ATIVO - PLANO PREV.;1.501.000.0000;OUTROS RECURSOS NÃO VINCULADOS;141.360,96
PREFEITURA MUNICIPAL DE BARBACENA;17.001;SEPLAN;2.302;PESSOAL E ENCARGOS SOCIAIS DA SEPLAN;11;APOIO A ADMINISTRAÇAO PUBLICA;4;Administração;122;Administração Geral;417;3.3.90.08.01.00.00.00;AUXÍLIO-FUNERAL;1.500.000.0000;RECURSOS NÃO VINCULADOS DE IMPOSTOS;65.539,62
PREFEITURA MUNICIPAL DE BARBACENA;17.001;SEPLAN;2.302;PESSOAL E ENCARGOS SOCIAIS DA SEPLAN;11;APOIO A ADMINISTRAÇAO PUBLICA;4;Administração;122;Administração Geral;417;3.3.90.08.56.00.00.00;SALÁRIO FAMÍLIA;1.500.000.0000;RECURSOS NÃO VINCULADOS DE IMPOSTOS;5.782,80
PREFEITURA MUNICIPAL DE BARBACENA;17.001;SEPLAN;2.302;PESSOAL E ENCARGOS SOCIAIS DA SEPLAN;11;APOIO A ADMINISTRAÇAO PUBLICA;4;Administração;122;Administração Geral;417;3.3.90.08.05.00.00.00;AUXÍLIO NATALIDADE;1.500.000.0000;RECURSOS NÃO VINCULADOS DE IMPOSTOS;2.622,00
PREFEITURA MUNICIPAL DE BARBACENA;17.001;SEPLAN;2.302;PESSOAL E ENCARGOS SOCIAIS DA SEPLAN;11;APOIO A ADMINISTRAÇAO PUBLICA;4;Administração;122;Administração Geral;417;3.3.90.08.56.00.00.00;SALÁRIO FAMÍLIA;1.501.000.0000;OUTROS RECURSOS NÃO VINCULADOS;1.320,00
PREFEITURA MUNICIPAL DE BARBACENA;17.001;SEPLAN;2.302;PESSOAL E ENCARGOS SOCIAIS DA SEPLAN;11;APOIO A ADMINISTRAÇAO PUBLICA;4;Administração;122;Administração Geral;418;3.3.90.18.00.00.00.00;AUXÍLIO FINANCEIRO A ESTUDANTES;1.500.000.0000;RECURSOS NÃO VINCULADOS DE IMPOSTOS;2.248,61
PREFEITURA MUNICIPAL DE BARBACENA;17.001;SEPLAN;2.302;PESSOAL E ENCARGOS SOCIAIS DA SEPLAN;11;APOIO A ADMINISTRAÇAO PUBLICA;4;Administração;122;Administração Geral;418;3.3.90.18.00.00.00.00;AUXÍLIO FINANCEIRO A ESTUDANTES;1.501.000.0000;OUTROS RECURSOS NÃO VINCULADOS;473,74
PREFEITURA MUNICIPAL DE BARBACENA;17.001;SEPLAN;2.302;PESSOAL E ENCARGOS SOCIAIS DA SEPLAN;11;APOIO A ADMINISTRAÇAO PUBLICA;4;Administração;122;Administração Geral;419;3.3.90.46.00.00.00.00;AUXÍLIO-ALIMENTAÇÃO;1.500.000.0000;RECURSOS NÃO VINCULADOS DE IMPOSTOS;515.239,99
PREFEITURA MUNICIPAL DE BARBACENA;17.001;SEPLAN;2.302;PESSOAL E ENCARGOS SOCIAIS DA SEPLAN;11;APOIO A ADMINISTRAÇAO PUBLICA;4;Administração;122;Administração Geral;419;3.3.90.46.00.00.00.00;AUXÍLIO-ALIMENTAÇÃO;1.501.000.0000;OUTROS RECURSOS NÃO VINCULADOS;101.775,00
PREFEITURA MUNICIPAL DE BARBACENA;17.001;SEPLAN;2.302;PESSOAL E ENCARGOS SOCIAIS DA SEPLAN;11;APOIO A ADMINISTRAÇAO PUBLICA;4;Administração;122;Administração Geral;420;3.3.90.93.03.00.00.00;OUTRAS INDENIZAÇÕES E RESTITUIÇÕES;1.500.000.0000;RECURSOS NÃO VINCULADOS DE IMPOSTOS;57.778,05
PREFEITURA MUNICIPAL DE BARBACENA;17.001;SEPLAN;2.371;MANUTENÇAO DAS ATIVIDADES DE TECNOLOGIA DA INFORMAÇAO E COMUNICAÇAO;11;APOIO A ADMINISTRAÇAO PUBLICA;4;Administração;126;Tecnologia da Informatização;443;4.4.90.52.19.00.00.00;EQUIPAMENTOS DE PROCESSAMENTO DE DADOS;1.500.000.0000;RECURSOS NÃO VINCULADOS DE IMPOSTOS;5.394,00
PREFEITURA MUNICIPAL DE BARBACENA;17.001;SEPLAN;2.741;MANUTENÇÃO DE ATIVIDADES DA GESTÃO DE RECURSOS HUMANOS;26;MODERNIZAÇÃO DA ADMINISTRAÇÃO PÚBLICA;4;Administração;122;Administração Geral;422;3.3.90.39.05.00.00.00;SERVIÇOS TÉCNICOS PROFISSIONAIS;1.500.000.0000;RECURSOS NÃO VINCULADOS DE IMPOSTOS;2.805,84
PREFEITURA MUNICIPAL DE BARBACENA;17.001;SEPLAN;2.741;MANUTENÇÃO DE ATIVIDADES DA GESTÃO DE RECURSOS HUMANOS;26;MODERNIZAÇÃO DA ADMINISTRAÇÃO PÚBLICA;4;Administração;122;Administração Geral;422;3.3.90.39.99.00.00.00;OUTROS SERVIÇOS DE TERCEIROS - PESSOA JURÍDICA;1.500.000.0000;RECURSOS NÃO VINCULADOS DE IMPOSTOS;36.400,00
PREFEITURA MUNICIPAL DE BARBACENA;17.001;SEPLAN;2.741;MANUTENÇÃO DE ATIVIDADES DA GESTÃO DE RECURSOS HUMANOS;26;MODERNIZAÇÃO DA ADMINISTRAÇÃO PÚBLICA;4;Administração;122;Administração Geral;422;3.3.90.39.99.00.00.00;OUTROS SERVIÇOS DE TERCEIROS - PESSOA JURÍDICA;1.501.000.0000;OUTROS RECURSOS NÃO VINCULADOS;12.800,00
PREFEITURA MUNICIPAL DE BARBACENA;17.001;SEPLAN;2.741;MANUTENÇÃO DE ATIVIDADES DA GESTÃO DE RECURSOS HUMANOS;26;MODERNIZAÇÃO DA ADMINISTRAÇÃO PÚBLICA;4;Administração;122;Administração Geral;422;3.3.90.39.05.00.00.00;SERVIÇOS TÉCNICOS PROFISSIONAIS;1.501.000.0000;OUTROS RECURSOS NÃO VINCULADOS;490.000,00
PREFEITURA MUNICIPAL DE BARBACENA;17.001;SEPLAN;2.742;ADEQUAÇÃO E MODERNIZAÇÃO DOS SERVIÇOS PÚBLICOS;26;MODERNIZAÇÃO DA ADMINISTRAÇÃO PÚBLICA;4;Administração;122;Administração Geral;424;3.3.90.39.99.00.00.00;OUTROS SERVIÇOS DE TERCEIROS - PESSOA JURÍDICA;1.501.000.0000;OUTROS RECURSOS NÃO VINCULADOS;61.880,00
PREFEITURA MUNICIPAL DE BARBACENA;17.001;SEPLAN;2.744;MODERNIZAÇÃO DO DEPARTAMEMENTO DE ATENDIMENTO AO PÚBLICO - DAP;26;MODERNIZAÇÃO DA ADMINISTRAÇÃO PÚBLICA;4;Administração;122;Administração Geral;430;3.3.90.39.99.00.00.00;OUTROS SERVIÇOS DE TERCEIROS - PESSOA JURÍDICA;1.500.000.0000;RECURSOS NÃO VINCULADOS DE IMPOSTOS;293.755,40
PREFEITURA MUNICIPAL DE BARBACENA;17.001;SEPLAN;2.745;ATUALIZAÇÃO DAS INFORMAÇÕES DO CADASTRO DE PATRIMÔNIO MÓVEL E IMÓVEL;26;MODERNIZAÇÃO DA ADMINISTRAÇÃO PÚBLICA;4;Administração;122;Administração Geral;432;3.3.90.30.40.00.00.00;FERRAMENTAS;1.500.000.0000;RECURSOS NÃO VINCULADOS DE IMPOSTOS;295,00
PREFEITURA MUNICIPAL DE BARBACENA;17.001;SEPLAN;2.745;ATUALIZAÇÃO DAS INFORMAÇÕES DO CADASTRO DE PATRIMÔNIO MÓVEL E IMÓVEL;26;MODERNIZAÇÃO DA ADMINISTRAÇÃO PÚBLICA;4;Administração;122;Administração Geral;434;4.4.90.52.99.00.00.00;OUTROS MATERIAIS PERMANENTES;1.500.000.0000;RECURSOS NÃO VINCULADOS DE IMPOSTOS;399,50
PREFEITURA MUNICIPAL DE BARBACENA;17.001;SEPLAN;2.746;MANUTENÇÃO DAS ATIVIDADES DA SALA MINEIRA DO EMPREENDEDOR;26;MODERNIZAÇÃO DA ADMINISTRAÇÃO PÚBLICA;4;Administração;122;Administração Geral;435;3.3.90.30.99.00.00.00;OUTROS MATERIAIS DE CONSUMO;1.500.000.0000;RECURSOS NÃO VINCULADOS DE IMPOSTOS;12.253,10
PREFEITURA MUNICIPAL DE BARBACENA;17.001;SEPLAN;2.746;MANUTENÇÃO DAS ATIVIDADES DA SALA MINEIRA DO EMPREENDEDOR;26;MODERNIZAÇÃO DA ADMINISTRAÇÃO PÚBLICA;4;Administração;122;Administração Geral;435;3.3.90.30.16.00.00.00;MATERIAL DE EXPEDIENTE;1.500.000.0000;RECURSOS NÃO VINCULADOS DE IMPOSTOS;3.611,70
PREFEITURA MUNICIPAL DE BARBACENA;17.001;SEPLAN;2.746;MANUTENÇÃO DAS ATIVIDADES DA SALA MINEIRA DO EMPREENDEDOR;26;MODERNIZAÇÃO DA ADMINISTRAÇÃO PÚBLICA;4;Administração;122;Administração Geral;435;3.3.90.30.23.00.00.00;UNIFORMES, TECIDOS E AVIAMENTOS;1.500.000.0000;RECURSOS NÃO VINCULADOS DE IMPOSTOS;1.629,90
PREFEITURA MUNICIPAL DE BARBACENA;17.001;SEPLAN;2.746;MANUTENÇÃO DAS ATIVIDADES DA SALA MINEIRA DO EMPREENDEDOR;26;MODERNIZAÇÃO DA ADMINISTRAÇÃO PÚBLICA;4;Administração;122;Administração Geral;435;3.3.90.30.99.00.00.00;OUTROS MATERIAIS DE CONSUMO;2.500.000.0000;RECURSOS NÃO VINCULADOS DE IMPOSTOS;720,00
PREFEITURA MUNICIPAL DE BARBACENA;17.001;SEPLAN;2.746;MANUTENÇÃO DAS ATIVIDADES DA SALA MINEIRA DO EMPREENDEDOR;26;MODERNIZAÇÃO DA ADMINISTRAÇÃO PÚBLICA;4;Administração;122;Administração Geral;436;3.3.90.39.05.00.00.00;SERVIÇOS TÉCNICOS PROFISSIONAIS;1.500.000.0000;RECURSOS NÃO VINCULADOS DE IMPOSTOS;65.070,01
PREFEITURA MUNICIPAL DE BARBACENA;17.001;SEPLAN;2.746;MANUTENÇÃO DAS ATIVIDADES DA SALA MINEIRA DO EMPREENDEDOR;26;MODERNIZAÇÃO DA ADMINISTRAÇÃO PÚBLICA;4;Administração;122;Administração Geral;947;3.3.90.31.00.00.00.00;PREMIAÇÕES CULTURAIS, ARTÍSTICAS, CIENT., DESPORT;1.500.000.0000;RECURSOS NÃO VINCULADOS DE IMPOSTOS;11.000,00
PREFEITURA MUNICIPAL DE BARBACENA;17.001;SEPLAN;1.097;READEQUAR E REGULAMENTAR A INFRAESTRUTURA DE TIC;42;MODERNIZAÇÃO TECNOLÓGICA;4;Administração;126;Tecnologia da Informatização;447;3.3.90.30.16.00.00.00;MATERIAL DE EXPEDIENTE;1.500.000.0000;RECURSOS NÃO VINCULADOS DE IMPOSTOS;33.072,00
PREFEITURA MUNICIPAL DE BARBACENA;17.001;SEPLAN;1.097;READEQUAR E REGULAMENTAR A INFRAESTRUTURA DE TIC;42;MODERNIZAÇÃO TECNOLÓGICA;4;Administração;126;Tecnologia da Informatização;449;4.4.90.52.99.00.00.00;OUTROS MATERIAIS PERMANENTES;1.500.000.0000;RECURSOS NÃO VINCULADOS DE IMPOSTOS;16.650,00
PREFEITURA MUNICIPAL DE BARBACENA;17.001;SEPLAN;1.097;READEQUAR E REGULAMENTAR A INFRAESTRUTURA DE TIC;42;MODERNIZAÇÃO TECNOLÓGICA;4;Administração;126;Tecnologia da Informatização;449;4.4.90.52.19.00.00.00;EQUIPAMENTOS DE PROCESSAMENTO DE DADOS;1.500.000.0000;RECURSOS NÃO VINCULADOS DE IMPOSTOS;6.600,00
PREFEITURA MUNICIPAL DE BARBACENA;17.001;SEPLAN;1.097;READEQUAR E REGULAMENTAR A INFRAESTRUTURA DE TIC;42;MODERNIZAÇÃO TECNOLÓGICA;4;Administração;126;Tecnologia da Informatização;449;4.4.90.52.99.00.00.00;OUTROS MATERIAIS PERMANENTES;1.501.000.0000;OUTROS RECURSOS NÃO VINCULADOS;16.650,00
PREFEITURA MUNICIPAL DE BARBACENA;18.001;SESAP;2.021;MANUTENÇAO DE AÇÕES DA SESAP;11;APOIO A ADMINISTRAÇAO PUBLICA;10;Saúde;122;Administração Geral;458;3.3.90.47.00.00.00.00;OBRIGAÇÕES TRIBUTÁRIAS E CONTRIBUTIVAS;1.500.000.0000;RECURSOS NÃO VINCULADOS DE IMPOSTOS;747,21
PREFEITURA MUNICIPAL DE BARBACENA;19.001;SEFAZ;0.021;PAGAMENTO DE DESPESAS DECORRENTES DE SENTENÇAS JUDICIAIS;0;ENCARGOS DO MUNICIPIO;28;Encargos Especiais;61;Ação Judiciária;488;3.1.90.91.01.00.00.00;PRECATÓRIOS - ATIVO CIVIL;2.753.000.0000;RECURSOS PROVENIENTES DE TAXAS, CONTRIBUIÇÕES E PREÇOS PÚBLICOS;853.505,97
PREFEITURA MUNICIPAL DE BARBACENA;19.001;SEFAZ;0.003;AMORTIZACAO DA DÍVIDA POR CONTRATO;0;ENCARGOS DO MUNICIPIO;28;Encargos Especiais;841;Refinanciamento da Dívida Interna;490;4.6.90.71.01.00.00.00;PRINCIPAL DA DÍVIDA POR CONTRATO - INTERNA;1.500.000.0000;RECURSOS NÃO VINCULADOS DE IMPOSTOS;745.585,49
PREFEITURA MUNICIPAL DE BARBACENA;19.001;SEFAZ;0.004;JUROS E ENCARGOS DA DIVIDA POR CONTRATO;0;ENCARGOS DO MUNICIPIO;28;Encargos Especiais;843;Serviço da Dívida Interna;491;3.2.90.21.01.00.00.00;JUROS SOBRE A DÍVIDA POR CONTRATO - INTERNA;1.500.000.0000;RECURSOS NÃO VINCULADOS DE IMPOSTOS;81.395,09
PREFEITURA MUNICIPAL DE BARBACENA;19.001;SEFAZ;0.020;PARCELAMENTO DE DIVIDAS PREVIDENCIARIAS;0;ENCARGOS DO MUNICIPIO;28;Encargos Especiais;843;Serviço da Dívida Interna;495;3.2.91.21.00.00.00.00;JUROS SOBRE A DÍVIDA POR CONTRATO;1.500.000.0000;RECURSOS NÃO VINCULADOS DE IMPOSTOS;205.453,89
PREFEITURA MUNICIPAL DE BARBACENA;19.001;SEFAZ;0.020;PARCELAMENTO DE DIVIDAS PREVIDENCIARIAS;0;ENCARGOS DO MUNICIPIO;28;Encargos Especiais;843;Serviço da Dívida Interna;496;4.6.90.71.01.00.00.00;PRINCIPAL DA DÍVIDA POR CONTRATO - INTERNA;1.500.000.0000;RECURSOS NÃO VINCULADOS DE IMPOSTOS;1.936.458,10
PREFEITURA MUNICIPAL DE BARBACENA;19.001;SEFAZ;0.020;PARCELAMENTO DE DIVIDAS PREVIDENCIARIAS;0;ENCARGOS DO MUNICIPIO;28;Encargos Especiais;843;Serviço da Dívida Interna;496;4.6.90.71.01.00.00.00;PRINCIPAL DA DÍVIDA POR CONTRATO - INTERNA;1.501.000.0000;OUTROS RECURSOS NÃO VINCULADOS;994.615,25
PREFEITURA MUNICIPAL DE BARBACENA;19.001;SEFAZ;0.020;PARCELAMENTO DE DIVIDAS PREVIDENCIARIAS;0;ENCARGOS DO MUNICIPIO;28;Encargos Especiais;843;Serviço da Dívida Interna;497;4.6.91.71.00.00.00.00;PRINCIPAL DA DÍVIDA CONTRATUAL RESGATADO;1.500.000.0000;RECURSOS NÃO VINCULADOS DE IMPOSTOS;256.313,88
PREFEITURA MUNICIPAL DE BARBACENA;19.001;SEFAZ;0.002;PAGAMENTO DE PRECATORIOS;0;ENCARGOS DO MUNICIPIO;28;Encargos Especiais;846;Outros Encargos Especiais;498;3.1.90.91.01.00.00.00;PRECATÓRIOS - ATIVO CIVIL;1.500.000.0000;RECURSOS NÃO VINCULADOS DE IMPOSTOS;317.360,85
PREFEITURA MUNICIPAL DE BARBACENA;19.001;SEFAZ;2.108;MANUTENÇAO DA SEFAZ;11;APOIO A ADMINISTRAÇAO PUBLICA;4;Administração;122;Administração Geral;461;3.3.90.14.05.00.00.00;DIÁRIAS DE DEMAIS SERVIDORES;1.500.000.0000;RECURSOS NÃO VINCULADOS DE IMPOSTOS;3.300,00
PREFEITURA MUNICIPAL DE BARBACENA;19.001;SEFAZ;2.108;MANUTENÇAO DA SEFAZ;11;APOIO A ADMINISTRAÇAO PUBLICA;4;Administração;122;Administração Geral;462;3.3.90.30.37.00.00.00;MATERIAL PARA MANUTENÇÃO DE VEÍCULOS;1.500.000.0000;RECURSOS NÃO VINCULADOS DE IMPOSTOS;3.840,15
PREFEITURA MUNICIPAL DE BARBACENA;19.001;SEFAZ;2.108;MANUTENÇAO DA SEFAZ;11;APOIO A ADMINISTRAÇAO PUBLICA;4;Administração;122;Administração Geral;462;3.3.90.30.99.00.00.00;OUTROS MATERIAIS DE CONSUMO;1.500.000.0000;RECURSOS NÃO VINCULADOS DE IMPOSTOS;0,00
PREFEITURA MUNICIPAL DE BARBACENA;19.001;SEFAZ;2.108;MANUTENÇAO DA SEFAZ;11;APOIO A ADMINISTRAÇAO PUBLICA;4;Administração;122;Administração Geral;462;3.3.90.30.28.00.00.00;MATERIAL DE PROTEÇÃO E SEGURANÇA;1.500.000.0000;RECURSOS NÃO VINCULADOS DE IMPOSTOS;616,60
PREFEITURA MUNICIPAL DE BARBACENA;19.001;SEFAZ;2.108;MANUTENÇAO DA SEFAZ;11;APOIO A ADMINISTRAÇAO PUBLICA;4;Administração;122;Administração Geral;465;3.3.90.39.99.00.00.00;OUTROS SERVIÇOS DE TERCEIROS - PESSOA JURÍDICA;1.500.000.0000;RECURSOS NÃO VINCULADOS DE IMPOSTOS;144.411,30
PREFEITURA MUNICIPAL DE BARBACENA;19.001;SEFAZ;2.108;MANUTENÇAO DA SEFAZ;11;APOIO A ADMINISTRAÇAO PUBLICA;4;Administração;122;Administração Geral;465;3.3.90.39.12.00.00.00;LOCAÇÃO DE MÁQUINAS E EQUIPAMENTOS;1.500.000.0000;RECURSOS NÃO VINCULADOS DE IMPOSTOS;20.009,70
PREFEITURA MUNICIPAL DE BARBACENA;19.001;SEFAZ;2.108;MANUTENÇAO DA SEFAZ;11;APOIO A ADMINISTRAÇAO PUBLICA;4;Administração;122;Administração Geral;465;3.3.90.39.05.00.00.00;SERVIÇOS TÉCNICOS PROFISSIONAIS;1.500.000.0000;RECURSOS NÃO VINCULADOS DE IMPOSTOS;4.290,00
PREFEITURA MUNICIPAL DE BARBACENA;19.001;SEFAZ;2.108;MANUTENÇAO DA SEFAZ;11;APOIO A ADMINISTRAÇAO PUBLICA;4;Administração;122;Administração Geral;465;3.3.90.39.54.00.00.00;CONFECÇÃO DE UNIFORMES, BANDEIRAS E FLÂMULAS;1.500.000.0000;RECURSOS NÃO VINCULADOS DE IMPOSTOS;2.270,86
PREFEITURA MUNICIPAL DE BARBACENA;19.001;SEFAZ;2.108;MANUTENÇAO DA SEFAZ;11;APOIO A ADMINISTRAÇAO PUBLICA;4;Administração;122;Administração Geral;465;3.3.90.39.70.00.00.00;AQUISIÇÃO DE SOFTWARES DE APLICAÇÃO;1.500.000.0000;RECURSOS NÃO VINCULADOS DE IMPOSTOS;15.634,68
PREFEITURA MUNICIPAL DE BARBACENA;19.001;SEFAZ;2.108;MANUTENÇAO DA SEFAZ;11;APOIO A ADMINISTRAÇAO PUBLICA;4;Administração;122;Administração Geral;465;3.3.90.39.43.00.00.00;SERVIÇOS DE TELECOMUNICAÇÕES;1.500.000.0000;RECURSOS NÃO VINCULADOS DE IMPOSTOS;20.837,99
PREFEITURA MUNICIPAL DE BARBACENA;19.001;SEFAZ;2.108;MANUTENÇAO DA SEFAZ;11;APOIO A ADMINISTRAÇAO PUBLICA;4;Administração;122;Administração Geral;465;3.3.90.39.48.00.00.00;SERVIÇOS GRÁFICOS;1.500.000.0000;RECURSOS NÃO VINCULADOS DE IMPOSTOS;420,00
PREFEITURA MUNICIPAL DE BARBACENA;19.001;SEFAZ;2.108;MANUTENÇAO DA SEFAZ;11;APOIO A ADMINISTRAÇAO PUBLICA;4;Administração;122;Administração Geral;465;3.3.90.39.99.00.00.00;OUTROS SERVIÇOS DE TERCEIROS - PESSOA JURÍDICA;1.501.000.0000;OUTROS RECURSOS NÃO VINCULADOS;581.738,38
PREFEITURA MUNICIPAL DE BARBACENA;19.001;SEFAZ;2.108;MANUTENÇAO DA SEFAZ;11;APOIO A ADMINISTRAÇAO PUBLICA;4;Administração;122;Administração Geral;465;3.3.90.39.43.00.00.00;SERVIÇOS DE TELECOMUNICAÇÕES;1.501.000.0000;OUTROS RECURSOS NÃO VINCULADOS;1.744,99
PREFEITURA MUNICIPAL DE BARBACENA;19.001;SEFAZ;2.108;MANUTENÇAO DA SEFAZ;11;APOIO A ADMINISTRAÇAO PUBLICA;4;Administração;122;Administração Geral;465;3.3.90.39.70.00.00.00;AQUISIÇÃO DE SOFTWARES DE APLICAÇÃO;1.501.000.0000;OUTROS RECURSOS NÃO VINCULADOS;365.296,32
PREFEITURA MUNICIPAL DE BARBACENA;19.001;SEFAZ;2.108;MANUTENÇAO DA SEFAZ;11;APOIO A ADMINISTRAÇAO PUBLICA;4;Administração;122;Administração Geral;467;3.3.90.47.00.00.00.00;OBRIGAÇÕES TRIBUTÁRIAS E CONTRIBUTIVAS;1.500.000.0000;RECURSOS NÃO VINCULADOS DE IMPOSTOS;1.016,11
PREFEITURA MUNICIPAL DE BARBACENA;19.001;SEFAZ;2.108;MANUTENÇAO DA SEFAZ;11;APOIO A ADMINISTRAÇAO PUBLICA;4;Administração;122;Administração Geral;469;3.3.90.93.03.00.00.00;OUTRAS INDENIZAÇÕES E RESTITUIÇÕES;1.500.000.0000;RECURSOS NÃO VINCULADOS DE IMPOSTOS;3,98
PREFEITURA MUNICIPAL DE BARBACENA;19.001;SEFAZ;2.108;MANUTENÇAO DA SEFAZ;11;APOIO A ADMINISTRAÇAO PUBLICA;4;Administração;122;Administração Geral;470;4.4.90.52.24.00.00.00;MOBILIÁRIO EM GERAL;1.755.000.0000;RECURSOS DE ALIENAÇÃO DE BENS/ATIVOS - ADMINISTRAÇÃO DIRETA;9.800,00
PREFEITURA MUNICIPAL DE BARBACENA;19.001;SEFAZ;2.109;PESSOAL E ENCARGOS SOCIAIS DA SEFAZ;11;APOIO A ADMINISTRAÇAO PUBLICA;4;Administração;122;Administração Geral;471;3.1.90.04.15.00.00.00;OBRIGAÇÕES PATRONAIS - CONTRATO TEMPORÁRIO;1.500.000.0000;RECURSOS NÃO VINCULADOS DE IMPOSTOS;2.284,61
PREFEITURA MUNICIPAL DE BARBACENA;19.001;SEFAZ;2.109;PESSOAL E ENCARGOS SOCIAIS DA SEFAZ;11;APOIO A ADMINISTRAÇAO PUBLICA;4;Administração;122;Administração Geral;471;3.1.90.04.01.00.00.00;SALÁRIO CONTRATO TEMPORÁRIO;1.500.000.0000;RECURSOS NÃO VINCULADOS DE IMPOSTOS;10.386,14
PREFEITURA MUNICIPAL DE BARBACENA;19.001;SEFAZ;2.109;PESSOAL E ENCARGOS SOCIAIS DA SEFAZ;11;APOIO A ADMINISTRAÇAO PUBLICA;4;Administração;122;Administração Geral;471;3.1.90.04.01.00.00.00;SALÁRIO CONTRATO TEMPORÁRIO;1.753.000.0000;RECURSOS PROVENIENTES DE TAXAS, CONTRIBUIÇÕES E PREÇOS PÚBLICOS;86.747,99
PREFEITURA MUNICIPAL DE BARBACENA;19.001;SEFAZ;2.109;PESSOAL E ENCARGOS SOCIAIS DA SEFAZ;11;APOIO A ADMINISTRAÇAO PUBLICA;4;Administração;122;Administração Geral;471;3.1.90.04.15.00.00.00;OBRIGAÇÕES PATRONAIS - CONTRATO TEMPORÁRIO;1.753.000.0000;RECURSOS PROVENIENTES DE TAXAS, CONTRIBUIÇÕES E PREÇOS PÚBLICOS;17.486,98
PREFEITURA MUNICIPAL DE BARBACENA;19.001;SEFAZ;2.109;PESSOAL E ENCARGOS SOCIAIS DA SEFAZ;11;APOIO A ADMINISTRAÇAO PUBLICA;4;Administração;122;Administração Geral;472;3.1.90.11.52.00.00.00;LICENÇA SAÚDE;1.500.000.0000;RECURSOS NÃO VINCULADOS DE IMPOSTOS;5.547,84
PREFEITURA MUNICIPAL DE BARBACENA;19.001;SEFAZ;2.109;PESSOAL E ENCARGOS SOCIAIS DA SEFAZ;11;APOIO A ADMINISTRAÇAO PUBLICA;4;Administração;122;Administração Geral;472;3.1.90.11.09.00.00.00;SUBSÍDIO DE SECRETÁRIO MUNICIPAL;1.500.000.0000;RECURSOS NÃO VINCULADOS DE IMPOSTOS;8.987,86
PREFEITURA MUNICIPAL DE BARBACENA;19.001;SEFAZ;2.109;PESSOAL E ENCARGOS SOCIAIS DA SEFAZ;11;APOIO A ADMINISTRAÇAO PUBLICA;4;Administração;122;Administração Geral;472;3.1.90.11.01.00.00.00;VENCIMENTOS E SALÁRIOS;1.500.000.0000;RECURSOS NÃO VINCULADOS DE IMPOSTOS;326.724,85
PREFEITURA MUNICIPAL DE BARBACENA;19.001;SEFAZ;2.109;PESSOAL E ENCARGOS SOCIAIS DA SEFAZ;11;APOIO A ADMINISTRAÇAO PUBLICA;4;Administração;122;Administração Geral;472;3.1.90.11.01.00.00.00;VENCIMENTOS E SALÁRIOS;1.753.000.0000;RECURSOS PROVENIENTES DE TAXAS, CONTRIBUIÇÕES E PREÇOS PÚBLICOS;3.624.313,46
PREFEITURA MUNICIPAL DE BARBACENA;19.001;SEFAZ;2.109;PESSOAL E ENCARGOS SOCIAIS DA SEFAZ;11;APOIO A ADMINISTRAÇAO PUBLICA;4;Administração;122;Administração Geral;472;3.1.90.11.09.00.00.00;SUBSÍDIO DE SECRETÁRIO MUNICIPAL;1.753.000.0000;RECURSOS PROVENIENTES DE TAXAS, CONTRIBUIÇÕES E PREÇOS PÚBLICOS;110.850,29
PREFEITURA MUNICIPAL DE BARBACENA;19.001;SEFAZ;2.109;PESSOAL E ENCARGOS SOCIAIS DA SEFAZ;11;APOIO A ADMINISTRAÇAO PUBLICA;4;Administração;122;Administração Geral;472;3.1.90.11.52.00.00.00;LICENÇA SAÚDE;1.753.000.0000;RECURSOS PROVENIENTES DE TAXAS, CONTRIBUIÇÕES E PREÇOS PÚBLICOS;41.068,91
PREFEITURA MUNICIPAL DE BARBACENA;19.001;SEFAZ;2.109;PESSOAL E ENCARGOS SOCIAIS DA SEFAZ;11;APOIO A ADMINISTRAÇAO PUBLICA;4;Administração;122;Administração Geral;473;3.1.90.13.03.00.00.00;CONTRIBUIÇÃO PATRONAL PARA INSS;1.500.000.0000;RECURSOS NÃO VINCULADOS DE IMPOSTOS;12.104,27
PREFEITURA MUNICIPAL DE BARBACENA;19.001;SEFAZ;2.109;PESSOAL E ENCARGOS SOCIAIS DA SEFAZ;11;APOIO A ADMINISTRAÇAO PUBLICA;4;Administração;122;Administração Geral;473;3.1.90.13.03.00.00.00;CONTRIBUIÇÃO PATRONAL PARA INSS;1.753.000.0000;RECURSOS PROVENIENTES DE TAXAS, CONTRIBUIÇÕES E PREÇOS PÚBLICOS;131.273,60
PREFEITURA MUNICIPAL DE BARBACENA;19.001;SEFAZ;2.109;PESSOAL E ENCARGOS SOCIAIS DA SEFAZ;11;APOIO A ADMINISTRAÇAO PUBLICA;4;Administração;122;Administração Geral;473;3.1.90.13.99.00.00.00;OUTRAS OBRIGAÇÕES;1.753.000.0000;RECURSOS PROVENIENTES DE TAXAS, CONTRIBUIÇÕES E PREÇOS PÚBLICOS;3.238,35
PREFEITURA MUNICIPAL DE BARBACENA;19.001;SEFAZ;2.109;PESSOAL E ENCARGOS SOCIAIS DA SEFAZ;11;APOIO A ADMINISTRAÇAO PUBLICA;4;Administração;122;Administração Geral;476;3.1.91.13.08.00.00.00;CONTRIB. PREV.- RPPS - PESSOAL ATIVO - PLANO PREV.;1.500.000.0000;RECURSOS NÃO VINCULADOS DE IMPOSTOS;74.239,70
PREFEITURA MUNICIPAL DE BARBACENA;19.001;SEFAZ;2.109;PESSOAL E ENCARGOS SOCIAIS DA SEFAZ;11;APOIO A ADMINISTRAÇAO PUBLICA;4;Administração;122;Administração Geral;476;3.1.91.13.08.00.00.00;CONTRIB. PREV.- RPPS - PESSOAL ATIVO - PLANO PREV.;1.753.000.0000;RECURSOS PROVENIENTES DE TAXAS, CONTRIBUIÇÕES E PREÇOS PÚBLICOS;864.073,11
PREFEITURA MUNICIPAL DE BARBACENA;19.001;SEFAZ;2.109;PESSOAL E ENCARGOS SOCIAIS DA SEFAZ;11;APOIO A ADMINISTRAÇAO PUBLICA;4;Administração;122;Administração Geral;477;3.3.90.08.56.00.00.00;SALÁRIO FAMÍLIA;1.500.000.0000;RECURSOS NÃO VINCULADOS DE IMPOSTOS;66,00
PREFEITURA MUNICIPAL DE BARBACENA;19.001;SEFAZ;2.109;PESSOAL E ENCARGOS SOCIAIS DA SEFAZ;11;APOIO A ADMINISTRAÇAO PUBLICA;4;Administração;122;Administração Geral;477;3.3.90.08.56.00.00.00;SALÁRIO FAMÍLIA;1.753.000.0000;RECURSOS PROVENIENTES DE TAXAS, CONTRIBUIÇÕES E PREÇOS PÚBLICOS;982,80
PREFEITURA MUNICIPAL DE BARBACENA;19.001;SEFAZ;2.109;PESSOAL E ENCARGOS SOCIAIS DA SEFAZ;11;APOIO A ADMINISTRAÇAO PUBLICA;4;Administração;122;Administração Geral;478;3.3.90.18.00.00.00.00;AUXÍLIO FINANCEIRO A ESTUDANTES;1.753.000.0000;RECURSOS PROVENIENTES DE TAXAS, CONTRIBUIÇÕES E PREÇOS PÚBLICOS;352,35
PREFEITURA MUNICIPAL DE BARBACENA;19.001;SEFAZ;2.109;PESSOAL E ENCARGOS SOCIAIS DA SEFAZ;11;APOIO A ADMINISTRAÇAO PUBLICA;4;Administração;122;Administração Geral;479;3.3.90.46.00.00.00.00;AUXÍLIO-ALIMENTAÇÃO;1.500.000.0000;RECURSOS NÃO VINCULADOS DE IMPOSTOS;22.875,00
PREFEITURA MUNICIPAL DE BARBACENA;19.001;SEFAZ;2.109;PESSOAL E ENCARGOS SOCIAIS DA SEFAZ;11;APOIO A ADMINISTRAÇAO PUBLICA;4;Administração;122;Administração Geral;479;3.3.90.46.00.00.00.00;AUXÍLIO-ALIMENTAÇÃO;1.753.000.0000;RECURSOS PROVENIENTES DE TAXAS, CONTRIBUIÇÕES E PREÇOS PÚBLICOS;283.489,97
PREFEITURA MUNICIPAL DE BARBACENA;19.001;SEFAZ;2.329;MANUTENÇÃO DO PROGRAMA DE FORMAÇÃO DO PATRIMÔNIO DO SERV. PÚBLICO (PASEP);11;APOIO A ADMINISTRAÇAO PUBLICA;4;Administração;123;Administração Financeira;480;3.3.90.47.00.00.00.00;OBRIGAÇÕES TRIBUTÁRIAS E CONTRIBUTIVAS;1.500.000.0000;RECURSOS NÃO VINCULADOS DE IMPOSTOS;4.595.875,72
PREFEITURA MUNICIPAL DE BARBACENA;19.001;SEFAZ;2.329;MANUTENÇÃO DO PROGRAMA DE FORMAÇÃO DO PATRIMÔNIO DO SERV. PÚBLICO (PASEP);11;APOIO A ADMINISTRAÇAO PUBLICA;4;Administração;123;Administração Financeira;480;3.3.90.47.00.00.00.00;OBRIGAÇÕES TRIBUTÁRIAS E CONTRIBUTIVAS;2.500.000.0000;RECURSOS NÃO VINCULADOS DE IMPOSTOS;3.559.550,29
PREFEITURA MUNICIPAL DE BARBACENA;19.001;SEFAZ;2.107;MELHORIA DA ARRECADAÇAO MUNICIPAL;23;MODERNIZAÇAO DA RECEITA MUNICIPAL;4;Administração;123;Administração Financeira;482;3.3.90.39.48.00.00.00;SERVIÇOS GRÁFICOS;1.500.000.0000;RECURSOS NÃO VINCULADOS DE IMPOSTOS;25.643,30
PREFEITURA MUNICIPAL DE BARBACENA;19.001;SEFAZ;2.107;MELHORIA DA ARRECADAÇAO MUNICIPAL;23;MODERNIZAÇAO DA RECEITA MUNICIPAL;4;Administração;123;Administração Financeira;482;3.3.90.39.99.00.00.00;OUTROS SERVIÇOS DE TERCEIROS - PESSOA JURÍDICA;1.500.000.0000;RECURSOS NÃO VINCULADOS DE IMPOSTOS;477.485,89
PREFEITURA MUNICIPAL DE BARBACENA;19.001;SEFAZ;2.107;MELHORIA DA ARRECADAÇAO MUNICIPAL;23;MODERNIZAÇAO DA RECEITA MUNICIPAL;4;Administração;123;Administração Financeira;482;3.3.90.39.43.00.00.00;SERVIÇOS DE TELECOMUNICAÇÕES;1.500.000.0000;RECURSOS NÃO VINCULADOS DE IMPOSTOS;3.819,84
PREFEITURA MUNICIPAL DE BARBACENA;19.001;SEFAZ;2.107;MELHORIA DA ARRECADAÇAO MUNICIPAL;23;MODERNIZAÇAO DA RECEITA MUNICIPAL;4;Administração;123;Administração Financeira;482;3.3.90.39.05.00.00.00;SERVIÇOS TÉCNICOS PROFISSIONAIS;1.500.000.0000;RECURSOS NÃO VINCULADOS DE IMPOSTOS;9.170,00
PREFEITURA MUNICIPAL DE BARBACENA;19.001;SEFAZ;2.107;MELHORIA DA ARRECADAÇAO MUNICIPAL;23;MODERNIZAÇAO DA RECEITA MUNICIPAL;4;Administração;123;Administração Financeira;482;3.3.90.39.99.00.00.00;OUTROS SERVIÇOS DE TERCEIROS - PESSOA JURÍDICA;2.500.000.0000;RECURSOS NÃO VINCULADOS DE IMPOSTOS;19.200,00
PREFEITURA MUNICIPAL DE BARBACENA;19.001;SEFAZ;2.107;MELHORIA DA ARRECADAÇAO MUNICIPAL;23;MODERNIZAÇAO DA RECEITA MUNICIPAL;4;Administração;123;Administração Financeira;482;3.3.90.39.64.00.00.00;SERVIÇOS BANCÁRIOS;2.753.000.0000;RECURSOS PROVENIENTES DE TAXAS, CONTRIBUIÇÕES E PREÇOS PÚBLICOS;50.352,82
PREFEITURA MUNICIPAL DE BARBACENA;19.001;SEFAZ;2.107;MELHORIA DA ARRECADAÇAO MUNICIPAL;23;MODERNIZAÇAO DA RECEITA MUNICIPAL;4;Administração;123;Administração Financeira;483;3.3.90.92.00.00.00.00;DESPESAS DE EXERCÍCIOS ANTERIORES;1.500.000.0000;RECURSOS NÃO VINCULADOS DE IMPOSTOS;853,87
PREFEITURA MUNICIPAL DE BARBACENA;21.001;GCM;2.145;MANUTENÇAO DA GCM;11;APOIO A ADMINISTRAÇAO PUBLICA;6;Segurança Pública;122;Administração Geral;503;3.3.90.14.05.00.00.00;DIÁRIAS DE DEMAIS SERVIDORES;1.500.000.0000;RECURSOS NÃO VINCULADOS DE IMPOSTOS;17.100,00
PREFEITURA MUNICIPAL DE BARBACENA;21.001;GCM;2.145;MANUTENÇAO DA GCM;11;APOIO A ADMINISTRAÇAO PUBLICA;6;Segurança Pública;122;Administração Geral;504;3.3.90.30.37.00.00.00;MATERIAL PARA MANUTENÇÃO DE VEÍCULOS;1.500.000.0000;RECURSOS NÃO VINCULADOS DE IMPOSTOS;14.969,34
PREFEITURA MUNICIPAL DE BARBACENA;21.001;GCM;2.145;MANUTENÇAO DA GCM;11;APOIO A ADMINISTRAÇAO PUBLICA;6;Segurança Pública;122;Administração Geral;504;3.3.90.30.99.00.00.00;OUTROS MATERIAIS DE CONSUMO;1.500.000.0000;RECURSOS NÃO VINCULADOS DE IMPOSTOS;842,34
PREFEITURA MUNICIPAL DE BARBACENA;21.001;GCM;2.145;MANUTENÇAO DA GCM;11;APOIO A ADMINISTRAÇAO PUBLICA;6;Segurança Pública;122;Administração Geral;504;3.3.90.30.28.00.00.00;MATERIAL DE PROTEÇÃO E SEGURANÇA;1.500.000.0000;RECURSOS NÃO VINCULADOS DE IMPOSTOS;91,00
PREFEITURA MUNICIPAL DE BARBACENA;21.001;GCM;2.145;MANUTENÇAO DA GCM;11;APOIO A ADMINISTRAÇAO PUBLICA;6;Segurança Pública;122;Administração Geral;504;3.3.90.30.99.00.00.00;OUTROS MATERIAIS DE CONSUMO;1.753.000.0000;RECURSOS PROVENIENTES DE TAXAS, CONTRIBUIÇÕES E PREÇOS PÚBLICOS;6.979,88
PREFEITURA MUNICIPAL DE BARBACENA;21.001;GCM;2.145;MANUTENÇAO DA GCM;11;APOIO A ADMINISTRAÇAO PUBLICA;6;Segurança Pública;122;Administração Geral;505;3.3.90.39.99.00.00.00;OUTROS SERVIÇOS DE TERCEIROS - PESSOA JURÍDICA;1.500.000.0000;RECURSOS NÃO VINCULADOS DE IMPOSTOS;518.940,67
PREFEITURA MUNICIPAL DE BARBACENA;21.001;GCM;2.145;MANUTENÇAO DA GCM;11;APOIO A ADMINISTRAÇAO PUBLICA;6;Segurança Pública;122;Administração Geral;505;3.3.90.39.43.00.00.00;SERVIÇOS DE TELECOMUNICAÇÕES;1.500.000.0000;RECURSOS NÃO VINCULADOS DE IMPOSTOS;8.097,77
PREFEITURA MUNICIPAL DE BARBACENA;21.001;GCM;2.145;MANUTENÇAO DA GCM;11;APOIO A ADMINISTRAÇAO PUBLICA;6;Segurança Pública;122;Administração Geral;505;3.3.90.39.12.00.00.00;LOCAÇÃO DE MÁQUINAS E EQUIPAMENTOS;1.500.000.0000;RECURSOS NÃO VINCULADOS DE IMPOSTOS;3.334,95
PREFEITURA MUNICIPAL DE BARBACENA;21.001;GCM;2.145;MANUTENÇAO DA GCM;11;APOIO A ADMINISTRAÇAO PUBLICA;6;Segurança Pública;122;Administração Geral;505;3.3.90.39.70.00.00.00;AQUISIÇÃO DE SOFTWARES DE APLICAÇÃO;1.500.000.0000;RECURSOS NÃO VINCULADOS DE IMPOSTOS;149.040,00
PREFEITURA MUNICIPAL DE BARBACENA;21.001;GCM;2.145;MANUTENÇAO DA GCM;11;APOIO A ADMINISTRAÇAO PUBLICA;6;Segurança Pública;122;Administração Geral;505;3.3.90.39.05.00.00.00;SERVIÇOS TÉCNICOS PROFISSIONAIS;1.500.000.0000;RECURSOS NÃO VINCULADOS DE IMPOSTOS;61.765,00
PREFEITURA MUNICIPAL DE BARBACENA;21.001;GCM;2.145;MANUTENÇAO DA GCM;11;APOIO A ADMINISTRAÇAO PUBLICA;6;Segurança Pública;122;Administração Geral;505;3.3.90.39.99.00.00.00;OUTROS SERVIÇOS DE TERCEIROS - PESSOA JURÍDICA;2.500.000.0000;RECURSOS NÃO VINCULADOS DE IMPOSTOS;80.423,50
PREFEITURA MUNICIPAL DE BARBACENA;21.001;GCM;2.145;MANUTENÇAO DA GCM;11;APOIO A ADMINISTRAÇAO PUBLICA;6;Segurança Pública;122;Administração Geral;507;3.3.90.47.00.00.00.00;OBRIGAÇÕES TRIBUTÁRIAS E CONTRIBUTIVAS;1.500.000.0000;RECURSOS NÃO VINCULADOS DE IMPOSTOS;164,17
PREFEITURA MUNICIPAL DE BARBACENA;21.001;GCM;2.145;MANUTENÇAO DA GCM;11;APOIO A ADMINISTRAÇAO PUBLICA;6;Segurança Pública;122;Administração Geral;509;4.4.90.52.99.00.00.00;OUTROS MATERIAIS PERMANENTES;1.500.000.0000;RECURSOS NÃO VINCULADOS DE IMPOSTOS;3.231,00
PREFEITURA MUNICIPAL DE BARBACENA;21.001;GCM;2.145;MANUTENÇAO DA GCM;11;APOIO A ADMINISTRAÇAO PUBLICA;6;Segurança Pública;122;Administração Geral;958;3.3.90.93.03.00.00.00;OUTRAS INDENIZAÇÕES E RESTITUIÇÕES;1.500.000.0000;RECURSOS NÃO VINCULADOS DE IMPOSTOS;304,23
PREFEITURA MUNICIPAL DE BARBACENA;21.001;GCM;2.144;PESSOAL E ENCARGOS SOCIAIS DA GCM;11;APOIO A ADMINISTRAÇAO PUBLICA;6;Segurança Pública;181;Policiamento;510;3.1.90.04.01.00.00.00;SALÁRIO CONTRATO TEMPORÁRIO;1.500.000.0000;RECURSOS NÃO VINCULADOS DE IMPOSTOS;88.915,68
PREFEITURA MUNICIPAL DE BARBACENA;21.001;GCM;2.144;PESSOAL E ENCARGOS SOCIAIS DA GCM;11;APOIO A ADMINISTRAÇAO PUBLICA;6;Segurança Pública;181;Policiamento;510;3.1.90.04.15.00.00.00;OBRIGAÇÕES PATRONAIS - CONTRATO TEMPORÁRIO;1.500.000.0000;RECURSOS NÃO VINCULADOS DE IMPOSTOS;17.124,80
PREFEITURA MUNICIPAL DE BARBACENA;21.001;GCM;2.144;PESSOAL E ENCARGOS SOCIAIS DA GCM;11;APOIO A ADMINISTRAÇAO PUBLICA;6;Segurança Pública;181;Policiamento;511;3.1.90.11.01.00.00.00;VENCIMENTOS E SALÁRIOS;1.500.000.0000;RECURSOS NÃO VINCULADOS DE IMPOSTOS;5.410.416,48
PREFEITURA MUNICIPAL DE BARBACENA;21.001;GCM;2.144;PESSOAL E ENCARGOS SOCIAIS DA GCM;11;APOIO A ADMINISTRAÇAO PUBLICA;6;Segurança Pública;181;Policiamento;511;3.1.90.11.09.00.00.00;SUBSÍDIO DE SECRETÁRIO MUNICIPAL;1.500.000.0000;RECURSOS NÃO VINCULADOS DE IMPOSTOS;166.009,38
PREFEITURA MUNICIPAL DE BARBACENA;21.001;GCM;2.144;PESSOAL E ENCARGOS SOCIAIS DA GCM;11;APOIO A ADMINISTRAÇAO PUBLICA;6;Segurança Pública;181;Policiamento;511;3.1.90.11.52.00.00.00;LICENÇA SAÚDE;1.500.000.0000;RECURSOS NÃO VINCULADOS DE IMPOSTOS;76.303,43
PREFEITURA MUNICIPAL DE BARBACENA;21.001;GCM;2.144;PESSOAL E ENCARGOS SOCIAIS DA GCM;11;APOIO A ADMINISTRAÇAO PUBLICA;6;Segurança Pública;181;Policiamento;512;3.1.90.13.03.00.00.00;CONTRIBUIÇÃO PATRONAL PARA INSS;1.500.000.0000;RECURSOS NÃO VINCULADOS DE IMPOSTOS;22.664,64
PREFEITURA MUNICIPAL DE BARBACENA;21.001;GCM;2.144;PESSOAL E ENCARGOS SOCIAIS DA GCM;11;APOIO A ADMINISTRAÇAO PUBLICA;6;Segurança Pública;181;Policiamento;515;3.1.91.13.08.00.00.00;CONTRIB. PREV.- RPPS - PESSOAL ATIVO - PLANO PREV.;1.500.000.0000;RECURSOS NÃO VINCULADOS DE IMPOSTOS;1.515.248,90
PREFEITURA MUNICIPAL DE BARBACENA;21.001;GCM;2.144;PESSOAL E ENCARGOS SOCIAIS DA GCM;11;APOIO A ADMINISTRAÇAO PUBLICA;6;Segurança Pública;181;Policiamento;516;3.3.90.18.00.00.00.00;AUXÍLIO FINANCEIRO A ESTUDANTES;1.500.000.0000;RECURSOS NÃO VINCULADOS DE IMPOSTOS;1.595,79
PREFEITURA MUNICIPAL DE BARBACENA;21.001;GCM;2.144;PESSOAL E ENCARGOS SOCIAIS DA GCM;11;APOIO A ADMINISTRAÇAO PUBLICA;6;Segurança Pública;181;Policiamento;517;3.3.90.19.00.00.00.00;AUXÍLIO-FARDAMENTO;1.500.000.0000;RECURSOS NÃO VINCULADOS DE IMPOSTOS;45.479,28
PREFEITURA MUNICIPAL DE BARBACENA;21.001;GCM;2.144;PESSOAL E ENCARGOS SOCIAIS DA GCM;11;APOIO A ADMINISTRAÇAO PUBLICA;6;Segurança Pública;181;Policiamento;518;3.3.90.46.00.00.00.00;AUXÍLIO-ALIMENTAÇÃO;1.500.000.0000;RECURSOS NÃO VINCULADOS DE IMPOSTOS;414.975,00
PREFEITURA MUNICIPAL DE BARBACENA;21.001;GCM;2.144;PESSOAL E ENCARGOS SOCIAIS DA GCM;11;APOIO A ADMINISTRAÇAO PUBLICA;6;Segurança Pública;181;Policiamento;928;3.3.90.08.05.00.00.00;AUXÍLIO NATALIDADE;1.500.000.0000;RECURSOS NÃO VINCULADOS DE IMPOSTOS;651,00
PREFEITURA MUNICIPAL DE BARBACENA;21.001;GCM;2.146;FORTALECIMENTO DA GUARDA CIVIL MUNICIPAL;30;SEGURANÇA MUNICIPAL;6;Segurança Pública;181;Policiamento;521;3.3.90.30.99.00.00.00;OUTROS MATERIAIS DE CONSUMO;1.500.000.0000;RECURSOS NÃO VINCULADOS DE IMPOSTOS;11.038,84
PREFEITURA MUNICIPAL DE BARBACENA;21.001;GCM;2.146;FORTALECIMENTO DA GUARDA CIVIL MUNICIPAL;30;SEGURANÇA MUNICIPAL;6;Segurança Pública;181;Policiamento;521;3.3.90.30.27.00.00.00;MATERIAL DE MANOBRA E PATRULHAMENTO;1.500.000.0000;RECURSOS NÃO VINCULADOS DE IMPOSTOS;223.821,93
PREFEITURA MUNICIPAL DE BARBACENA;21.001;GCM;2.146;FORTALECIMENTO DA GUARDA CIVIL MUNICIPAL;30;SEGURANÇA MUNICIPAL;6;Segurança Pública;181;Policiamento;522;4.4.90.52.11.00.00.00;EQUIPAMENTOS DE MANOBRA E PATRULHAMENTO;1.500.000.0000;RECURSOS NÃO VINCULADOS DE IMPOSTOS;40.200,00
PREFEITURA MUNICIPAL DE BARBACENA;21.001;GCM;2.146;FORTALECIMENTO DA GUARDA CIVIL MUNICIPAL;30;SEGURANÇA MUNICIPAL;6;Segurança Pública;181;Policiamento;522;4.4.90.52.07.00.00.00;ARMAMENTOS;1.500.000.0000;RECURSOS NÃO VINCULADOS DE IMPOSTOS;121.963,50
PREFEITURA MUNICIPAL DE BARBACENA;21.001;GCM;2.146;FORTALECIMENTO DA GUARDA CIVIL MUNICIPAL;30;SEGURANÇA MUNICIPAL;6;Segurança Pública;181;Policiamento;522;4.4.90.52.99.00.00.00;OUTROS MATERIAIS PERMANENTES;1.500.000.0000;RECURSOS NÃO VINCULADOS DE IMPOSTOS;74.635,00
PREFEITURA MUNICIPAL DE BARBACENA;21.002;FUNDO MUNICIPAL DE DEFESA CIVIL;2.182;MANUTENÇAO DAS ATIVIDADES DA DEFESA CIVIL;32;BARBACENA RESILIENTE;6;Segurança Pública;182;Defesa Civil;524;3.3.90.39.12.00.00.00;LOCAÇÃO DE MÁQUINAS E EQUIPAMENTOS;1.500.000.0000;RECURSOS NÃO VINCULADOS DE IMPOSTOS;3.334,95
PREFEITURA MUNICIPAL DE BARBACENA;21.002;FUNDO MUNICIPAL DE DEFESA CIVIL;2.182;MANUTENÇAO DAS ATIVIDADES DA DEFESA CIVIL;32;BARBACENA RESILIENTE;6;Segurança Pública;182;Defesa Civil;524;3.3.90.39.99.00.00.00;OUTROS SERVIÇOS DE TERCEIROS - PESSOA JURÍDICA;1.500.000.0000;RECURSOS NÃO VINCULADOS DE IMPOSTOS;1.320,06
PREFEITURA MUNICIPAL DE BARBACENA;23.001;AGM;2.132;PESSOAL E ENCARGOS SOCIAIS DA AGM;11;APOIO A ADMINISTRAÇAO PUBLICA;3;Essencial à Justiça;92;Representação Judicial  e Extrajudicial;532;3.1.90.04.15.00.00.00;OBRIGAÇÕES PATRONAIS - CONTRATO TEMPORÁRIO;1.500.000.0000;RECURSOS NÃO VINCULADOS DE IMPOSTOS;19.582,82
PREFEITURA MUNICIPAL DE BARBACENA;23.001;AGM;2.132;PESSOAL E ENCARGOS SOCIAIS DA AGM;11;APOIO A ADMINISTRAÇAO PUBLICA;3;Essencial à Justiça;92;Representação Judicial  e Extrajudicial;532;3.1.90.04.01.00.00.00;SALÁRIO CONTRATO TEMPORÁRIO;1.500.000.0000;RECURSOS NÃO VINCULADOS DE IMPOSTOS;95.027,32
PREFEITURA MUNICIPAL DE BARBACENA;23.001;AGM;2.132;PESSOAL E ENCARGOS SOCIAIS DA AGM;11;APOIO A ADMINISTRAÇAO PUBLICA;3;Essencial à Justiça;92;Representação Judicial  e Extrajudicial;533;3.1.90.11.01.00.00.00;VENCIMENTOS E SALÁRIOS;1.500.000.0000;RECURSOS NÃO VINCULADOS DE IMPOSTOS;1.980.759,87
PREFEITURA MUNICIPAL DE BARBACENA;23.001;AGM;2.132;PESSOAL E ENCARGOS SOCIAIS DA AGM;11;APOIO A ADMINISTRAÇAO PUBLICA;3;Essencial à Justiça;92;Representação Judicial  e Extrajudicial;533;3.1.90.11.52.00.00.00;LICENÇA SAÚDE;1.500.000.0000;RECURSOS NÃO VINCULADOS DE IMPOSTOS;56.694,15
PREFEITURA MUNICIPAL DE BARBACENA;23.001;AGM;2.132;PESSOAL E ENCARGOS SOCIAIS DA AGM;11;APOIO A ADMINISTRAÇAO PUBLICA;3;Essencial à Justiça;92;Representação Judicial  e Extrajudicial;534;3.1.90.13.03.00.00.00;CONTRIBUIÇÃO PATRONAL PARA INSS;1.500.000.0000;RECURSOS NÃO VINCULADOS DE IMPOSTOS;80.886,38
PREFEITURA MUNICIPAL DE BARBACENA;23.001;AGM;2.132;PESSOAL E ENCARGOS SOCIAIS DA AGM;11;APOIO A ADMINISTRAÇAO PUBLICA;3;Essencial à Justiça;92;Representação Judicial  e Extrajudicial;536;3.1.91.13.08.00.00.00;CONTRIB. PREV.- RPPS - PESSOAL ATIVO - PLANO PREV.;1.500.000.0000;RECURSOS NÃO VINCULADOS DE IMPOSTOS;453.769,83
PREFEITURA MUNICIPAL DE BARBACENA;23.001;AGM;2.132;PESSOAL E ENCARGOS SOCIAIS DA AGM;11;APOIO A ADMINISTRAÇAO PUBLICA;3;Essencial à Justiça;92;Representação Judicial  e Extrajudicial;538;3.3.90.46.00.00.00.00;AUXÍLIO-ALIMENTAÇÃO;1.500.000.0000;RECURSOS NÃO VINCULADOS DE IMPOSTOS;126.195,00
PREFEITURA MUNICIPAL DE BARBACENA;23.001;AGM;2.132;PESSOAL E ENCARGOS SOCIAIS DA AGM;11;APOIO A ADMINISTRAÇAO PUBLICA;3;Essencial à Justiça;92;Representação Judicial  e Extrajudicial;931;3.3.90.08.05.00.00.00;AUXÍLIO NATALIDADE;1.500.000.0000;RECURSOS NÃO VINCULADOS DE IMPOSTOS;651,00
PREFEITURA MUNICIPAL DE BARBACENA;23.001;AGM;2.131;MANUTENÇAO DA AGM;11;APOIO A ADMINISTRAÇAO PUBLICA;3;Essencial à Justiça;122;Administração Geral;539;3.1.90.91.01.00.00.00;PRECATÓRIOS - ATIVO CIVIL;1.500.000.0000;RECURSOS NÃO VINCULADOS DE IMPOSTOS;312.851,97
PREFEITURA MUNICIPAL DE BARBACENA;23.001;AGM;2.131;MANUTENÇAO DA AGM;11;APOIO A ADMINISTRAÇAO PUBLICA;3;Essencial à Justiça;122;Administração Geral;540;3.3.90.14.05.00.00.00;DIÁRIAS DE DEMAIS SERVIDORES;1.500.000.0000;RECURSOS NÃO VINCULADOS DE IMPOSTOS;700,00
PREFEITURA MUNICIPAL DE BARBACENA;23.001;AGM;2.131;MANUTENÇAO DA AGM;11;APOIO A ADMINISTRAÇAO PUBLICA;3;Essencial à Justiça;122;Administração Geral;543;3.3.90.36.99.00.00.00;OUTROS SERVIÇOS DE PESSOA FÍSICA;1.500.000.0000;RECURSOS NÃO VINCULADOS DE IMPOSTOS;137.407,78
PREFEITURA MUNICIPAL DE BARBACENA;23.001;AGM;2.131;MANUTENÇAO DA AGM;11;APOIO A ADMINISTRAÇAO PUBLICA;3;Essencial à Justiça;122;Administração Geral;543;3.3.90.36.99.00.00.00;OUTROS SERVIÇOS DE PESSOA FÍSICA;1.501.000.0000;OUTROS RECURSOS NÃO VINCULADOS;122.499,72
PREFEITURA MUNICIPAL DE BARBACENA;23.001;AGM;2.131;MANUTENÇAO DA AGM;11;APOIO A ADMINISTRAÇAO PUBLICA;3;Essencial à Justiça;122;Administração Geral;544;3.3.90.39.99.00.00.00;OUTROS SERVIÇOS DE TERCEIROS - PESSOA JURÍDICA;1.500.000.0000;RECURSOS NÃO VINCULADOS DE IMPOSTOS;122.191,23
PREFEITURA MUNICIPAL DE BARBACENA;23.001;AGM;2.131;MANUTENÇAO DA AGM;11;APOIO A ADMINISTRAÇAO PUBLICA;3;Essencial à Justiça;122;Administração Geral;544;3.3.90.39.43.00.00.00;SERVIÇOS DE TELECOMUNICAÇÕES;1.500.000.0000;RECURSOS NÃO VINCULADOS DE IMPOSTOS;5.206,87
PREFEITURA MUNICIPAL DE BARBACENA;23.001;AGM;2.131;MANUTENÇAO DA AGM;11;APOIO A ADMINISTRAÇAO PUBLICA;3;Essencial à Justiça;122;Administração Geral;544;3.3.90.39.12.00.00.00;LOCAÇÃO DE MÁQUINAS E EQUIPAMENTOS;1.500.000.0000;RECURSOS NÃO VINCULADOS DE IMPOSTOS;6.669,90
PREFEITURA MUNICIPAL DE BARBACENA;23.001;AGM;2.131;MANUTENÇAO DA AGM;11;APOIO A ADMINISTRAÇAO PUBLICA;3;Essencial à Justiça;122;Administração Geral;544;3.3.90.39.50.00.00.00;SERVIÇOS JUDICIÁRIOS;1.500.000.0000;RECURSOS NÃO VINCULADOS DE IMPOSTOS;2.100,00
PREFEITURA MUNICIPAL DE BARBACENA;23.001;AGM;2.131;MANUTENÇAO DA AGM;11;APOIO A ADMINISTRAÇAO PUBLICA;3;Essencial à Justiça;122;Administração Geral;546;3.3.90.91.99.00.00.00;OUTRAS SENTENÇAS JUDICIAIS E DECISÕES JUDICIAIS;1.500.000.0000;RECURSOS NÃO VINCULADOS DE IMPOSTOS;88.769,41
PREFEITURA MUNICIPAL DE BARBACENA;23.001;AGM;2.131;MANUTENÇAO DA AGM;11;APOIO A ADMINISTRAÇAO PUBLICA;3;Essencial à Justiça;122;Administração Geral;548;3.3.90.93.03.00.00.00;OUTRAS INDENIZAÇÕES E RESTITUIÇÕES;1.500.000.0000;RECURSOS NÃO VINCULADOS DE IMPOSTOS;0,00
PREFEITURA MUNICIPAL DE BARBACENA;24.001;SETRAM;2.672;MANUTENÇÃO DO TERMINAL RODOVIÁRIO DE BARBACENA;11;APOIO A ADMINISTRAÇAO PUBLICA;4;Administração;122;Administração Geral;559;3.1.90.04.01.00.00.00;SALÁRIO CONTRATO TEMPORÁRIO;1.500.000.0000;RECURSOS NÃO VINCULADOS DE IMPOSTOS;159.749,54
PREFEITURA MUNICIPAL DE BARBACENA;24.001;SETRAM;2.672;MANUTENÇÃO DO TERMINAL RODOVIÁRIO DE BARBACENA;11;APOIO A ADMINISTRAÇAO PUBLICA;4;Administração;122;Administração Geral;559;3.1.90.04.15.00.00.00;OBRIGAÇÕES PATRONAIS - CONTRATO TEMPORÁRIO;1.500.000.0000;RECURSOS NÃO VINCULADOS DE IMPOSTOS;30.918,70
PREFEITURA MUNICIPAL DE BARBACENA;24.001;SETRAM;2.672;MANUTENÇÃO DO TERMINAL RODOVIÁRIO DE BARBACENA;11;APOIO A ADMINISTRAÇAO PUBLICA;4;Administração;122;Administração Geral;563;3.3.90.14.05.00.00.00;DIÁRIAS DE DEMAIS SERVIDORES;1.500.000.0000;RECURSOS NÃO VINCULADOS DE IMPOSTOS;400,00
PREFEITURA MUNICIPAL DE BARBACENA;24.001;SETRAM;2.672;MANUTENÇÃO DO TERMINAL RODOVIÁRIO DE BARBACENA;11;APOIO A ADMINISTRAÇAO PUBLICA;4;Administração;122;Administração Geral;565;3.3.90.30.22.00.00.00;MATERIAL DE LIMPEZA E PRODUÇÃO DE HIGIENIZAÇÃO;1.500.000.0000;RECURSOS NÃO VINCULADOS DE IMPOSTOS;23.125,30
PREFEITURA MUNICIPAL DE BARBACENA;24.001;SETRAM;2.672;MANUTENÇÃO DO TERMINAL RODOVIÁRIO DE BARBACENA;11;APOIO A ADMINISTRAÇAO PUBLICA;4;Administração;122;Administração Geral;565;3.3.90.30.28.00.00.00;MATERIAL DE PROTEÇÃO E SEGURANÇA;1.500.000.0000;RECURSOS NÃO VINCULADOS DE IMPOSTOS;218,40
PREFEITURA MUNICIPAL DE BARBACENA;24.001;SETRAM;2.672;MANUTENÇÃO DO TERMINAL RODOVIÁRIO DE BARBACENA;11;APOIO A ADMINISTRAÇAO PUBLICA;4;Administração;122;Administração Geral;567;3.3.90.39.99.00.00.00;OUTROS SERVIÇOS DE TERCEIROS - PESSOA JURÍDICA;1.500.000.0000;RECURSOS NÃO VINCULADOS DE IMPOSTOS;443.360,79
PREFEITURA MUNICIPAL DE BARBACENA;24.001;SETRAM;2.672;MANUTENÇÃO DO TERMINAL RODOVIÁRIO DE BARBACENA;11;APOIO A ADMINISTRAÇAO PUBLICA;4;Administração;122;Administração Geral;567;3.3.90.39.12.00.00.00;LOCAÇÃO DE MÁQUINAS E EQUIPAMENTOS;1.500.000.0000;RECURSOS NÃO VINCULADOS DE IMPOSTOS;3.334,95
PREFEITURA MUNICIPAL DE BARBACENA;24.001;SETRAM;2.672;MANUTENÇÃO DO TERMINAL RODOVIÁRIO DE BARBACENA;11;APOIO A ADMINISTRAÇAO PUBLICA;4;Administração;122;Administração Geral;567;3.3.90.39.15.00.00.00;MANUTENÇÃO E CONSERVAÇÃO DE MÁQUINAS E EQUIPAM.;1.500.000.0000;RECURSOS NÃO VINCULADOS DE IMPOSTOS;37.074,75
PREFEITURA MUNICIPAL DE BARBACENA;24.001;SETRAM;2.672;MANUTENÇÃO DO TERMINAL RODOVIÁRIO DE BARBACENA;11;APOIO A ADMINISTRAÇAO PUBLICA;4;Administração;122;Administração Geral;567;3.3.90.39.43.00.00.00;SERVIÇOS DE TELECOMUNICAÇÕES;1.500.000.0000;RECURSOS NÃO VINCULADOS DE IMPOSTOS;3.335,00
PREFEITURA MUNICIPAL DE BARBACENA;24.001;SETRAM;2.672;MANUTENÇÃO DO TERMINAL RODOVIÁRIO DE BARBACENA;11;APOIO A ADMINISTRAÇAO PUBLICA;4;Administração;122;Administração Geral;567;3.3.90.39.30.00.00.00;SERVIÇOS DE ÁGUA E ESGOTO;1.500.000.0000;RECURSOS NÃO VINCULADOS DE IMPOSTOS;52.000,00
PREFEITURA MUNICIPAL DE BARBACENA;24.001;SETRAM;2.672;MANUTENÇÃO DO TERMINAL RODOVIÁRIO DE BARBACENA;11;APOIO A ADMINISTRAÇAO PUBLICA;4;Administração;122;Administração Geral;567;3.3.90.39.99.00.00.00;OUTROS SERVIÇOS DE TERCEIROS - PESSOA JURÍDICA;1.501.000.0000;OUTROS RECURSOS NÃO VINCULADOS;1.932,00
PREFEITURA MUNICIPAL DE BARBACENA;24.001;SETRAM;2.672;MANUTENÇÃO DO TERMINAL RODOVIÁRIO DE BARBACENA;11;APOIO A ADMINISTRAÇAO PUBLICA;4;Administração;122;Administração Geral;567;3.3.90.39.05.00.00.00;SERVIÇOS TÉCNICOS PROFISSIONAIS;1.501.000.0000;OUTROS RECURSOS NÃO VINCULADOS;1.932,00
PREFEITURA MUNICIPAL DE BARBACENA;24.001;SETRAM;2.672;MANUTENÇÃO DO TERMINAL RODOVIÁRIO DE BARBACENA;11;APOIO A ADMINISTRAÇAO PUBLICA;4;Administração;122;Administração Geral;569;3.3.90.46.00.00.00.00;AUXÍLIO-ALIMENTAÇÃO;1.500.000.0000;RECURSOS NÃO VINCULADOS DE IMPOSTOS;39.705,00
PREFEITURA MUNICIPAL DE BARBACENA;24.001;SETRAM;2.156;GESTAO OPERACIONAL DO TRANSITO MUNICIPAL;27;MOBILIDADE URBANA;4;Administração;451;Infra-Estrutura Urbana;576;3.3.90.30.99.00.00.00;OUTROS MATERIAIS DE CONSUMO;1.500.000.0000;RECURSOS NÃO VINCULADOS DE IMPOSTOS;6.450,00
PREFEITURA MUNICIPAL DE BARBACENA;24.001;SETRAM;2.156;GESTAO OPERACIONAL DO TRANSITO MUNICIPAL;27;MOBILIDADE URBANA;4;Administração;451;Infra-Estrutura Urbana;576;3.3.90.30.42.00.00.00;MATERIAL DE SINALIZAÇÃO VISUAL E AFINS;1.500.000.0000;RECURSOS NÃO VINCULADOS DE IMPOSTOS;2.050,00
PREFEITURA MUNICIPAL DE BARBACENA;24.001;SETRAM;2.156;GESTAO OPERACIONAL DO TRANSITO MUNICIPAL;27;MOBILIDADE URBANA;4;Administração;451;Infra-Estrutura Urbana;577;3.3.90.39.48.00.00.00;SERVIÇOS GRÁFICOS;1.500.000.0000;RECURSOS NÃO VINCULADOS DE IMPOSTOS;2.469,50
PREFEITURA MUNICIPAL DE BARBACENA;24.001;SETRAM;2.156;GESTAO OPERACIONAL DO TRANSITO MUNICIPAL;27;MOBILIDADE URBANA;4;Administração;451;Infra-Estrutura Urbana;579;3.3.90.47.00.00.00.00;OBRIGAÇÕES TRIBUTÁRIAS E CONTRIBUTIVAS;1.500.000.0000;RECURSOS NÃO VINCULADOS DE IMPOSTOS;34,17
PREFEITURA MUNICIPAL DE BARBACENA;24.001;SETRAM;2.156;GESTAO OPERACIONAL DO TRANSITO MUNICIPAL;27;MOBILIDADE URBANA;4;Administração;451;Infra-Estrutura Urbana;581;3.3.90.93.03.00.00.00;OUTRAS INDENIZAÇÕES E RESTITUIÇÕES;1.500.000.0000;RECURSOS NÃO VINCULADOS DE IMPOSTOS;78,10
PREFEITURA MUNICIPAL DE BARBACENA;24.001;SETRAM;2.193;MANUTENÇÃO DA SETRAM;27;MOBILIDADE URBANA;15;Urbanismo;451;Infra-Estrutura Urbana;585;3.3.90.14.05.00.00.00;DIÁRIAS DE DEMAIS SERVIDORES;1.500.000.0000;RECURSOS NÃO VINCULADOS DE IMPOSTOS;5.800,00
PREFEITURA MUNICIPAL DE BARBACENA;24.001;SETRAM;2.193;MANUTENÇÃO DA SETRAM;27;MOBILIDADE URBANA;15;Urbanismo;451;Infra-Estrutura Urbana;585;3.3.90.14.04.00.00.00;DIÁRIAS DE SECRETÁRIOS;1.500.000.0000;RECURSOS NÃO VINCULADOS DE IMPOSTOS;1.000,00
PREFEITURA MUNICIPAL DE BARBACENA;24.001;SETRAM;2.193;MANUTENÇÃO DA SETRAM;27;MOBILIDADE URBANA;15;Urbanismo;451;Infra-Estrutura Urbana;586;3.3.90.30.99.00.00.00;OUTROS MATERIAIS DE CONSUMO;1.500.000.0000;RECURSOS NÃO VINCULADOS DE IMPOSTOS;5.744,25
PREFEITURA MUNICIPAL DE BARBACENA;24.001;SETRAM;2.193;MANUTENÇÃO DA SETRAM;27;MOBILIDADE URBANA;15;Urbanismo;451;Infra-Estrutura Urbana;586;3.3.90.30.04.00.00.00;GÁS ENGARRAFADO;1.500.000.0000;RECURSOS NÃO VINCULADOS DE IMPOSTOS;113,00
PREFEITURA MUNICIPAL DE BARBACENA;24.001;SETRAM;2.193;MANUTENÇÃO DA SETRAM;27;MOBILIDADE URBANA;15;Urbanismo;451;Infra-Estrutura Urbana;586;3.3.90.30.07.00.00.00;GÊNEROS DE ALIMENTAÇÃO;1.500.000.0000;RECURSOS NÃO VINCULADOS DE IMPOSTOS;8.035,20
PREFEITURA MUNICIPAL DE BARBACENA;24.001;SETRAM;2.193;MANUTENÇÃO DA SETRAM;27;MOBILIDADE URBANA;15;Urbanismo;451;Infra-Estrutura Urbana;587;3.3.90.39.99.00.00.00;OUTROS SERVIÇOS DE TERCEIROS - PESSOA JURÍDICA;1.500.000.0000;RECURSOS NÃO VINCULADOS DE IMPOSTOS;12.433,45
PREFEITURA MUNICIPAL DE BARBACENA;24.001;SETRAM;2.193;MANUTENÇÃO DA SETRAM;27;MOBILIDADE URBANA;15;Urbanismo;451;Infra-Estrutura Urbana;587;3.3.90.39.43.00.00.00;SERVIÇOS DE TELECOMUNICAÇÕES;1.500.000.0000;RECURSOS NÃO VINCULADOS DE IMPOSTOS;11.249,82
PREFEITURA MUNICIPAL DE BARBACENA;24.001;SETRAM;2.193;MANUTENÇÃO DA SETRAM;27;MOBILIDADE URBANA;15;Urbanismo;451;Infra-Estrutura Urbana;588;4.4.90.52.99.00.00.00;OUTROS MATERIAIS PERMANENTES;1.500.000.0000;RECURSOS NÃO VINCULADOS DE IMPOSTOS;49.998,50
PREFEITURA MUNICIPAL DE BARBACENA;24.001;SETRAM;2.193;MANUTENÇÃO DA SETRAM;27;MOBILIDADE URBANA;15;Urbanismo;451;Infra-Estrutura Urbana;588;4.4.90.52.06.00.00.00;APARELHOS E UTENSÍLIOS DOMÉSTICOS;1.500.000.0000;RECURSOS NÃO VINCULADOS DE IMPOSTOS;4.770,00
PREFEITURA MUNICIPAL DE BARBACENA;24.001;SETRAM;2.193;MANUTENÇÃO DA SETRAM;27;MOBILIDADE URBANA;15;Urbanismo;451;Infra-Estrutura Urbana;588;4.4.90.52.99.00.00.00;OUTROS MATERIAIS PERMANENTES;1.501.000.0000;OUTROS RECURSOS NÃO VINCULADOS;21.931,60
PREFEITURA MUNICIPAL DE BARBACENA;24.001;SETRAM;2.193;MANUTENÇÃO DA SETRAM;27;MOBILIDADE URBANA;15;Urbanismo;451;Infra-Estrutura Urbana;932;3.3.90.33.99.00.00.00;OUTRAS DESPESAS COM LOCOMOÇÃO;1.500.000.0000;RECURSOS NÃO VINCULADOS DE IMPOSTOS;100,00
PREFEITURA MUNICIPAL DE BARBACENA;24.001;SETRAM;2.193;MANUTENÇÃO DA SETRAM;27;MOBILIDADE URBANA;15;Urbanismo;451;Infra-Estrutura Urbana;966;3.1.90.94.01.00.00.00;INDENIZAÇÕES E RESTITUIÇÕES TRAB. ATIVO CIVIL;1.500.000.0000;RECURSOS NÃO VINCULADOS DE IMPOSTOS;146,28
PREFEITURA MUNICIPAL DE BARBACENA;24.001;SETRAM;2.196;PESSOAL E ENCARGOS SOCIAIS DA SETRAM;27;MOBILIDADE URBANA;15;Urbanismo;451;Infra-Estrutura Urbana;589;3.1.90.04.15.00.00.00;OBRIGAÇÕES PATRONAIS - CONTRATO TEMPORÁRIO;1.500.000.0000;RECURSOS NÃO VINCULADOS DE IMPOSTOS;98.730,19
PREFEITURA MUNICIPAL DE BARBACENA;24.001;SETRAM;2.196;PESSOAL E ENCARGOS SOCIAIS DA SETRAM;27;MOBILIDADE URBANA;15;Urbanismo;451;Infra-Estrutura Urbana;589;3.1.90.04.01.00.00.00;SALÁRIO CONTRATO TEMPORÁRIO;1.500.000.0000;RECURSOS NÃO VINCULADOS DE IMPOSTOS;482.246,82
PREFEITURA MUNICIPAL DE BARBACENA;24.001;SETRAM;2.196;PESSOAL E ENCARGOS SOCIAIS DA SETRAM;27;MOBILIDADE URBANA;15;Urbanismo;451;Infra-Estrutura Urbana;590;3.1.90.11.52.00.00.00;LICENÇA SAÚDE;1.500.000.0000;RECURSOS NÃO VINCULADOS DE IMPOSTOS;11.589,93
PREFEITURA MUNICIPAL DE BARBACENA;24.001;SETRAM;2.196;PESSOAL E ENCARGOS SOCIAIS DA SETRAM;27;MOBILIDADE URBANA;15;Urbanismo;451;Infra-Estrutura Urbana;590;3.1.90.11.01.00.00.00;VENCIMENTOS E SALÁRIOS;1.500.000.0000;RECURSOS NÃO VINCULADOS DE IMPOSTOS;1.966.167,82
PREFEITURA MUNICIPAL DE BARBACENA;24.001;SETRAM;2.196;PESSOAL E ENCARGOS SOCIAIS DA SETRAM;27;MOBILIDADE URBANA;15;Urbanismo;451;Infra-Estrutura Urbana;590;3.1.90.11.09.00.00.00;SUBSÍDIO DE SECRETÁRIO MUNICIPAL;1.500.000.0000;RECURSOS NÃO VINCULADOS DE IMPOSTOS;119.838,15
PREFEITURA MUNICIPAL DE BARBACENA;24.001;SETRAM;2.196;PESSOAL E ENCARGOS SOCIAIS DA SETRAM;27;MOBILIDADE URBANA;15;Urbanismo;451;Infra-Estrutura Urbana;591;3.1.90.13.99.00.00.00;OUTRAS OBRIGAÇÕES;1.500.000.0000;RECURSOS NÃO VINCULADOS DE IMPOSTOS;20.170,09
PREFEITURA MUNICIPAL DE BARBACENA;24.001;SETRAM;2.196;PESSOAL E ENCARGOS SOCIAIS DA SETRAM;27;MOBILIDADE URBANA;15;Urbanismo;451;Infra-Estrutura Urbana;591;3.1.90.13.03.00.00.00;CONTRIBUIÇÃO PATRONAL PARA INSS;1.500.000.0000;RECURSOS NÃO VINCULADOS DE IMPOSTOS;133.907,43
PREFEITURA MUNICIPAL DE BARBACENA;24.001;SETRAM;2.196;PESSOAL E ENCARGOS SOCIAIS DA SETRAM;27;MOBILIDADE URBANA;15;Urbanismo;451;Infra-Estrutura Urbana;593;3.1.91.13.08.00.00.00;CONTRIB. PREV.- RPPS - PESSOAL ATIVO - PLANO PREV.;1.500.000.0000;RECURSOS NÃO VINCULADOS DE IMPOSTOS;352.537,70
PREFEITURA MUNICIPAL DE BARBACENA;24.001;SETRAM;2.196;PESSOAL E ENCARGOS SOCIAIS DA SETRAM;27;MOBILIDADE URBANA;15;Urbanismo;451;Infra-Estrutura Urbana;593;3.1.91.13.99.00.00.00;OUTRAS OBRIGAÇÕES PATRONAIS;1.500.000.0000;RECURSOS NÃO VINCULADOS DE IMPOSTOS;7.016,46
PREFEITURA MUNICIPAL DE BARBACENA;24.001;SETRAM;2.196;PESSOAL E ENCARGOS SOCIAIS DA SETRAM;27;MOBILIDADE URBANA;15;Urbanismo;451;Infra-Estrutura Urbana;597;3.3.90.46.00.00.00.00;AUXÍLIO-ALIMENTAÇÃO;1.500.000.0000;RECURSOS NÃO VINCULADOS DE IMPOSTOS;290.615,00
PREFEITURA MUNICIPAL DE BARBACENA;24.002;FUNDO MUNICIPAL DE TRANSPORTES E TRÂNSITO - FMTT;2.156;GESTAO OPERACIONAL DO TRANSITO MUNICIPAL;27;MOBILIDADE URBANA;4;Administração;451;Infra-Estrutura Urbana;598;3.3.90.30.99.00.00.00;OUTROS MATERIAIS DE CONSUMO;1.752.000.0000;RECURSOS VINCULADOS AO TRÂNSITO;16.541,92
PREFEITURA MUNICIPAL DE BARBACENA;24.002;FUNDO MUNICIPAL DE TRANSPORTES E TRÂNSITO - FMTT;2.156;GESTAO OPERACIONAL DO TRANSITO MUNICIPAL;27;MOBILIDADE URBANA;4;Administração;451;Infra-Estrutura Urbana;598;3.3.90.30.42.00.00.00;MATERIAL DE SINALIZAÇÃO VISUAL E AFINS;1.752.000.0000;RECURSOS VINCULADOS AO TRÂNSITO;33.189,08
PREFEITURA MUNICIPAL DE BARBACENA;24.002;FUNDO MUNICIPAL DE TRANSPORTES E TRÂNSITO - FMTT;2.156;GESTAO OPERACIONAL DO TRANSITO MUNICIPAL;27;MOBILIDADE URBANA;4;Administração;451;Infra-Estrutura Urbana;598;3.3.90.30.24.00.00.00;MATERIAL PARA MANUTENÇÃO DE BENS IMÓVEIS;1.752.000.0000;RECURSOS VINCULADOS AO TRÂNSITO;146.124,00
PREFEITURA MUNICIPAL DE BARBACENA;24.002;FUNDO MUNICIPAL DE TRANSPORTES E TRÂNSITO - FMTT;2.156;GESTAO OPERACIONAL DO TRANSITO MUNICIPAL;27;MOBILIDADE URBANA;4;Administração;451;Infra-Estrutura Urbana;598;3.3.90.30.99.00.00.00;OUTROS MATERIAIS DE CONSUMO;2.752.000.0000;RECURSOS VINCULADOS AO TRÂNSITO;15.400,80
PREFEITURA MUNICIPAL DE BARBACENA;24.002;FUNDO MUNICIPAL DE TRANSPORTES E TRÂNSITO - FMTT;2.156;GESTAO OPERACIONAL DO TRANSITO MUNICIPAL;27;MOBILIDADE URBANA;4;Administração;451;Infra-Estrutura Urbana;598;3.3.90.30.42.00.00.00;MATERIAL DE SINALIZAÇÃO VISUAL E AFINS;2.752.000.0000;RECURSOS VINCULADOS AO TRÂNSITO;23.589,52
PREFEITURA MUNICIPAL DE BARBACENA;24.002;FUNDO MUNICIPAL DE TRANSPORTES E TRÂNSITO - FMTT;2.156;GESTAO OPERACIONAL DO TRANSITO MUNICIPAL;27;MOBILIDADE URBANA;4;Administração;451;Infra-Estrutura Urbana;598;3.3.90.30.26.00.00.00;MATERIAL ELÉTRICO E ELETRÔNICO;2.752.000.0000;RECURSOS VINCULADOS AO TRÂNSITO;2.058,50
PREFEITURA MUNICIPAL DE BARBACENA;24.002;FUNDO MUNICIPAL DE TRANSPORTES E TRÂNSITO - FMTT;2.156;GESTAO OPERACIONAL DO TRANSITO MUNICIPAL;27;MOBILIDADE URBANA;4;Administração;451;Infra-Estrutura Urbana;599;3.3.90.39.99.00.00.00;OUTROS SERVIÇOS DE TERCEIROS - PESSOA JURÍDICA;1.752.000.0000;RECURSOS VINCULADOS AO TRÂNSITO;786.964,69
PREFEITURA MUNICIPAL DE BARBACENA;24.002;FUNDO MUNICIPAL DE TRANSPORTES E TRÂNSITO - FMTT;2.156;GESTAO OPERACIONAL DO TRANSITO MUNICIPAL;27;MOBILIDADE URBANA;4;Administração;451;Infra-Estrutura Urbana;599;3.3.90.39.43.00.00.00;SERVIÇOS DE TELECOMUNICAÇÕES;1.752.000.0000;RECURSOS VINCULADOS AO TRÂNSITO;5.655,36
PREFEITURA MUNICIPAL DE BARBACENA;24.002;FUNDO MUNICIPAL DE TRANSPORTES E TRÂNSITO - FMTT;2.156;GESTAO OPERACIONAL DO TRANSITO MUNICIPAL;27;MOBILIDADE URBANA;4;Administração;451;Infra-Estrutura Urbana;599;3.3.90.39.12.00.00.00;LOCAÇÃO DE MÁQUINAS E EQUIPAMENTOS;1.752.000.0000;RECURSOS VINCULADOS AO TRÂNSITO;24.716,85
PREFEITURA MUNICIPAL DE BARBACENA;24.002;FUNDO MUNICIPAL DE TRANSPORTES E TRÂNSITO - FMTT;2.156;GESTAO OPERACIONAL DO TRANSITO MUNICIPAL;27;MOBILIDADE URBANA;4;Administração;451;Infra-Estrutura Urbana;599;3.3.90.39.48.00.00.00;SERVIÇOS GRÁFICOS;1.752.000.0000;RECURSOS VINCULADOS AO TRÂNSITO;46.534,13
PREFEITURA MUNICIPAL DE BARBACENA;24.002;FUNDO MUNICIPAL DE TRANSPORTES E TRÂNSITO - FMTT;2.156;GESTAO OPERACIONAL DO TRANSITO MUNICIPAL;27;MOBILIDADE URBANA;4;Administração;451;Infra-Estrutura Urbana;599;3.3.90.39.05.00.00.00;SERVIÇOS TÉCNICOS PROFISSIONAIS;1.752.000.0000;RECURSOS VINCULADOS AO TRÂNSITO;0,00
PREFEITURA MUNICIPAL DE BARBACENA;24.002;FUNDO MUNICIPAL DE TRANSPORTES E TRÂNSITO - FMTT;2.156;GESTAO OPERACIONAL DO TRANSITO MUNICIPAL;27;MOBILIDADE URBANA;4;Administração;451;Infra-Estrutura Urbana;599;3.3.90.39.99.00.00.00;OUTROS SERVIÇOS DE TERCEIROS - PESSOA JURÍDICA;2.752.000.0000;RECURSOS VINCULADOS AO TRÂNSITO;981.735,38
PREFEITURA MUNICIPAL DE BARBACENA;24.002;FUNDO MUNICIPAL DE TRANSPORTES E TRÂNSITO - FMTT;2.156;GESTAO OPERACIONAL DO TRANSITO MUNICIPAL;27;MOBILIDADE URBANA;4;Administração;451;Infra-Estrutura Urbana;599;3.3.90.39.12.00.00.00;LOCAÇÃO DE MÁQUINAS E EQUIPAMENTOS;2.752.000.0000;RECURSOS VINCULADOS AO TRÂNSITO;102.358,40
PREFEITURA MUNICIPAL DE BARBACENA;24.002;FUNDO MUNICIPAL DE TRANSPORTES E TRÂNSITO - FMTT;2.156;GESTAO OPERACIONAL DO TRANSITO MUNICIPAL;27;MOBILIDADE URBANA;4;Administração;451;Infra-Estrutura Urbana;599;3.3.90.39.48.00.00.00;SERVIÇOS GRÁFICOS;2.752.000.0000;RECURSOS VINCULADOS AO TRÂNSITO;4.825,40
PREFEITURA MUNICIPAL DE BARBACENA;24.002;FUNDO MUNICIPAL DE TRANSPORTES E TRÂNSITO - FMTT;2.156;GESTAO OPERACIONAL DO TRANSITO MUNICIPAL;27;MOBILIDADE URBANA;4;Administração;451;Infra-Estrutura Urbana;599;3.3.90.39.05.00.00.00;SERVIÇOS TÉCNICOS PROFISSIONAIS;2.752.000.0000;RECURSOS VINCULADOS AO TRÂNSITO;3.728,00
PREFEITURA MUNICIPAL DE BARBACENA;24.002;FUNDO MUNICIPAL DE TRANSPORTES E TRÂNSITO - FMTT;2.156;GESTAO OPERACIONAL DO TRANSITO MUNICIPAL;27;MOBILIDADE URBANA;4;Administração;451;Infra-Estrutura Urbana;603;4.4.90.52.99.00.00.00;OUTROS MATERIAIS PERMANENTES;1.752.000.0000;RECURSOS VINCULADOS AO TRÂNSITO;15.556,90
PREFEITURA MUNICIPAL DE BARBACENA;24.002;FUNDO MUNICIPAL DE TRANSPORTES E TRÂNSITO - FMTT;2.156;GESTAO OPERACIONAL DO TRANSITO MUNICIPAL;27;MOBILIDADE URBANA;4;Administração;451;Infra-Estrutura Urbana;603;4.4.90.52.99.00.00.00;OUTROS MATERIAIS PERMANENTES;2.752.000.0000;RECURSOS VINCULADOS AO TRÂNSITO;3.231,00
PREFEITURA MUNICIPAL DE BARBACENA;24.002;FUNDO MUNICIPAL DE TRANSPORTES E TRÂNSITO - FMTT;2.673;MANUTENÇÃO DAS ATIVIDADES DE MELHORIA E SEGURANÇA DO TRÂNSITO;27;MOBILIDADE URBANA;15;Urbanismo;451;Infra-Estrutura Urbana;962;3.3.90.31.00.00.00.00;PREMIAÇÕES CULTURAIS, ARTÍSTICAS, CIENT., DESPORT;2.752.000.0000;RECURSOS VINCULADOS AO TRÂNSITO;1.900,00
PREFEITURA MUNICIPAL DE BARBACENA;25.001;SEMAS;1.430;REFORMA ESTRUTURAL PREDIO SECRETARIA MUNICIPAL DE ASSISTÊNCIA SOCIAL;11;APOIO A ADMINISTRAÇAO PUBLICA;8;Assistência Social;122;Administração Geral;610;4.4.90.51.01.00.00.00;OBRAS E INSTALAÇÕES DE DOMÍNIO PÚBLICO;1.500.000.0000;RECURSOS NÃO VINCULADOS DE IMPOSTOS;190.542,60
PREFEITURA MUNICIPAL DE BARBACENA;25.001;SEMAS;1.431;AQUISIÇÃO DE VEÍCULOS PARA SUPORTE A ASSISTÊNCIA SOCIAL;11;APOIO A ADMINISTRAÇAO PUBLICA;8;Assistência Social;122;Administração Geral;612;4.4.90.52.27.00.00.00;VEÍCULOS DIVERSOS;1.500.000.0000;RECURSOS NÃO VINCULADOS DE IMPOSTOS;176.000,00
PREFEITURA MUNICIPAL DE BARBACENA;25.001;SEMAS;2.309;MANUTENÇAO DE AÇÕES DA ASSISTÊNCIA SOCIAL;11;APOIO A ADMINISTRAÇAO PUBLICA;8;Assistência Social;122;Administração Geral;613;3.3.90.14.05.00.00.00;DIÁRIAS DE DEMAIS SERVIDORES;1.500.000.0000;RECURSOS NÃO VINCULADOS DE IMPOSTOS;3.450,00
PREFEITURA MUNICIPAL DE BARBACENA;25.001;SEMAS;2.309;MANUTENÇAO DE AÇÕES DA ASSISTÊNCIA SOCIAL;11;APOIO A ADMINISTRAÇAO PUBLICA;8;Assistência Social;122;Administração Geral;613;3.3.90.14.04.00.00.00;DIÁRIAS DE SECRETÁRIOS;1.500.000.0000;RECURSOS NÃO VINCULADOS DE IMPOSTOS;3.200,00
PREFEITURA MUNICIPAL DE BARBACENA;25.001;SEMAS;2.309;MANUTENÇAO DE AÇÕES DA ASSISTÊNCIA SOCIAL;11;APOIO A ADMINISTRAÇAO PUBLICA;8;Assistência Social;122;Administração Geral;613;3.3.90.14.05.00.00.00;DIÁRIAS DE DEMAIS SERVIDORES;1.501.000.0000;OUTROS RECURSOS NÃO VINCULADOS;2.300,00
PREFEITURA MUNICIPAL DE BARBACENA;25.001;SEMAS;2.309;MANUTENÇAO DE AÇÕES DA ASSISTÊNCIA SOCIAL;11;APOIO A ADMINISTRAÇAO PUBLICA;8;Assistência Social;122;Administração Geral;614;3.3.90.30.07.00.00.00;GÊNEROS DE ALIMENTAÇÃO;1.500.000.0000;RECURSOS NÃO VINCULADOS DE IMPOSTOS;13.343,90
PREFEITURA MUNICIPAL DE BARBACENA;25.001;SEMAS;2.309;MANUTENÇAO DE AÇÕES DA ASSISTÊNCIA SOCIAL;11;APOIO A ADMINISTRAÇAO PUBLICA;8;Assistência Social;122;Administração Geral;614;3.3.90.30.28.00.00.00;MATERIAL DE PROTEÇÃO E SEGURANÇA;1.500.000.0000;RECURSOS NÃO VINCULADOS DE IMPOSTOS;127,40
PREFEITURA MUNICIPAL DE BARBACENA;25.001;SEMAS;2.309;MANUTENÇAO DE AÇÕES DA ASSISTÊNCIA SOCIAL;11;APOIO A ADMINISTRAÇAO PUBLICA;8;Assistência Social;122;Administração Geral;614;3.3.90.30.99.00.00.00;OUTROS MATERIAIS DE CONSUMO;1.500.000.0000;RECURSOS NÃO VINCULADOS DE IMPOSTOS;92.330,40
PREFEITURA MUNICIPAL DE BARBACENA;25.001;SEMAS;2.309;MANUTENÇAO DE AÇÕES DA ASSISTÊNCIA SOCIAL;11;APOIO A ADMINISTRAÇAO PUBLICA;8;Assistência Social;122;Administração Geral;614;3.3.90.30.04.00.00.00;GÁS ENGARRAFADO;1.661.000.0000;TRANSFERÊNCIA DE RECURSOS DOS FUNDOS ESTADUAIS DE ASSISTÊNCIA SOCIAL;5.085,00
PREFEITURA MUNICIPAL DE BARBACENA;25.001;SEMAS;2.309;MANUTENÇAO DE AÇÕES DA ASSISTÊNCIA SOCIAL;11;APOIO A ADMINISTRAÇAO PUBLICA;8;Assistência Social;122;Administração Geral;614;3.3.90.30.07.00.00.00;GÊNEROS DE ALIMENTAÇÃO;2.660.000.0000;TRANSFERÊNCIA DE RECURSOS DO FUNDO NACIONAL DE ASSISTÊNCIA SOCIAL - FNAS;25.091,45
PREFEITURA MUNICIPAL DE BARBACENA;25.001;SEMAS;2.309;MANUTENÇAO DE AÇÕES DA ASSISTÊNCIA SOCIAL;11;APOIO A ADMINISTRAÇAO PUBLICA;8;Assistência Social;122;Administração Geral;614;3.3.90.30.21.00.00.00;MATERIAL DE COPA E COZINHA;2.661.000.0000;TRANSFERÊNCIA DE RECURSOS DOS FUNDOS ESTADUAIS DE ASSISTÊNCIA SOCIAL;11.250,87
PREFEITURA MUNICIPAL DE BARBACENA;25.001;SEMAS;2.309;MANUTENÇAO DE AÇÕES DA ASSISTÊNCIA SOCIAL;11;APOIO A ADMINISTRAÇAO PUBLICA;8;Assistência Social;122;Administração Geral;614;3.3.90.30.99.00.00.00;OUTROS MATERIAIS DE CONSUMO;2.753.000.0000;RECURSOS PROVENIENTES DE TAXAS, CONTRIBUIÇÕES E PREÇOS PÚBLICOS;20.826,17
PREFEITURA MUNICIPAL DE BARBACENA;25.001;SEMAS;2.309;MANUTENÇAO DE AÇÕES DA ASSISTÊNCIA SOCIAL;11;APOIO A ADMINISTRAÇAO PUBLICA;8;Assistência Social;122;Administração Geral;615;3.3.90.33.99.00.00.00;OUTRAS DESPESAS COM LOCOMOÇÃO;1.500.000.0000;RECURSOS NÃO VINCULADOS DE IMPOSTOS;1.360,00
PREFEITURA MUNICIPAL DE BARBACENA;25.001;SEMAS;2.309;MANUTENÇAO DE AÇÕES DA ASSISTÊNCIA SOCIAL;11;APOIO A ADMINISTRAÇAO PUBLICA;8;Assistência Social;122;Administração Geral;615;3.3.90.33.01.00.00.00;LOCAÇÃO DE VEÍCULOS PARA LOCOMOÇÃO DE PESSOAS;1.500.000.0000;RECURSOS NÃO VINCULADOS DE IMPOSTOS;150,00
PREFEITURA MUNICIPAL DE BARBACENA;25.001;SEMAS;2.309;MANUTENÇAO DE AÇÕES DA ASSISTÊNCIA SOCIAL;11;APOIO A ADMINISTRAÇAO PUBLICA;8;Assistência Social;122;Administração Geral;615;3.3.90.33.01.00.00.00;LOCAÇÃO DE VEÍCULOS PARA LOCOMOÇÃO DE PESSOAS;1.501.000.0000;OUTROS RECURSOS NÃO VINCULADOS;600,00
PREFEITURA MUNICIPAL DE BARBACENA;25.001;SEMAS;2.309;MANUTENÇAO DE AÇÕES DA ASSISTÊNCIA SOCIAL;11;APOIO A ADMINISTRAÇAO PUBLICA;8;Assistência Social;122;Administração Geral;615;3.3.90.33.99.00.00.00;OUTRAS DESPESAS COM LOCOMOÇÃO;1.501.000.0000;OUTROS RECURSOS NÃO VINCULADOS;740,00
PREFEITURA MUNICIPAL DE BARBACENA;25.001;SEMAS;2.309;MANUTENÇAO DE AÇÕES DA ASSISTÊNCIA SOCIAL;11;APOIO A ADMINISTRAÇAO PUBLICA;8;Assistência Social;122;Administração Geral;617;3.3.90.39.43.00.00.00;SERVIÇOS DE TELECOMUNICAÇÕES;1.500.000.0000;RECURSOS NÃO VINCULADOS DE IMPOSTOS;33.092,02
PREFEITURA MUNICIPAL DE BARBACENA;25.001;SEMAS;2.309;MANUTENÇAO DE AÇÕES DA ASSISTÊNCIA SOCIAL;11;APOIO A ADMINISTRAÇAO PUBLICA;8;Assistência Social;122;Administração Geral;617;3.3.90.39.12.00.00.00;LOCAÇÃO DE MÁQUINAS E EQUIPAMENTOS;1.500.000.0000;RECURSOS NÃO VINCULADOS DE IMPOSTOS;13.339,80
PREFEITURA MUNICIPAL DE BARBACENA;25.001;SEMAS;2.309;MANUTENÇAO DE AÇÕES DA ASSISTÊNCIA SOCIAL;11;APOIO A ADMINISTRAÇAO PUBLICA;8;Assistência Social;122;Administração Geral;617;3.3.90.39.99.00.00.00;OUTROS SERVIÇOS DE TERCEIROS - PESSOA JURÍDICA;1.500.000.0000;RECURSOS NÃO VINCULADOS DE IMPOSTOS;175.145,24
PREFEITURA MUNICIPAL DE BARBACENA;25.001;SEMAS;2.309;MANUTENÇAO DE AÇÕES DA ASSISTÊNCIA SOCIAL;11;APOIO A ADMINISTRAÇAO PUBLICA;8;Assistência Social;122;Administração Geral;617;3.3.90.39.27.00.00.00;FORNECIMENTO DE ALIMENTAÇÃO;1.500.000.0000;RECURSOS NÃO VINCULADOS DE IMPOSTOS;5.809,00
PREFEITURA MUNICIPAL DE BARBACENA;25.001;SEMAS;2.309;MANUTENÇAO DE AÇÕES DA ASSISTÊNCIA SOCIAL;11;APOIO A ADMINISTRAÇAO PUBLICA;8;Assistência Social;122;Administração Geral;617;3.3.90.39.99.00.00.00;OUTROS SERVIÇOS DE TERCEIROS - PESSOA JURÍDICA;1.660.000.0000;TRANSFERÊNCIA DE RECURSOS DO FUNDO NACIONAL DE ASSISTÊNCIA SOCIAL - FNAS;81.000,00
PREFEITURA MUNICIPAL DE BARBACENA;25.001;SEMAS;2.309;MANUTENÇAO DE AÇÕES DA ASSISTÊNCIA SOCIAL;11;APOIO A ADMINISTRAÇAO PUBLICA;8;Assistência Social;122;Administração Geral;617;3.3.90.39.27.00.00.00;FORNECIMENTO DE ALIMENTAÇÃO;2.660.000.0000;TRANSFERÊNCIA DE RECURSOS DO FUNDO NACIONAL DE ASSISTÊNCIA SOCIAL - FNAS;19.148,00
PREFEITURA MUNICIPAL DE BARBACENA;25.001;SEMAS;2.309;MANUTENÇAO DE AÇÕES DA ASSISTÊNCIA SOCIAL;11;APOIO A ADMINISTRAÇAO PUBLICA;8;Assistência Social;122;Administração Geral;619;3.3.90.92.00.00.00.00;DESPESAS DE EXERCÍCIOS ANTERIORES;1.500.000.0000;RECURSOS NÃO VINCULADOS DE IMPOSTOS;258,54
PREFEITURA MUNICIPAL DE BARBACENA;25.001;SEMAS;2.309;MANUTENÇAO DE AÇÕES DA ASSISTÊNCIA SOCIAL;11;APOIO A ADMINISTRAÇAO PUBLICA;8;Assistência Social;122;Administração Geral;620;4.4.90.52.19.00.00.00;EQUIPAMENTOS DE PROCESSAMENTO DE DADOS;1.500.000.0000;RECURSOS NÃO VINCULADOS DE IMPOSTOS;9.672,00
PREFEITURA MUNICIPAL DE BARBACENA;25.001;SEMAS;2.309;MANUTENÇAO DE AÇÕES DA ASSISTÊNCIA SOCIAL;11;APOIO A ADMINISTRAÇAO PUBLICA;8;Assistência Social;122;Administração Geral;620;4.4.90.52.99.00.00.00;OUTROS MATERIAIS PERMANENTES;1.500.000.0000;RECURSOS NÃO VINCULADOS DE IMPOSTOS;105.071,50
PREFEITURA MUNICIPAL DE BARBACENA;25.001;SEMAS;2.309;MANUTENÇAO DE AÇÕES DA ASSISTÊNCIA SOCIAL;11;APOIO A ADMINISTRAÇAO PUBLICA;8;Assistência Social;122;Administração Geral;920;3.3.90.93.03.00.00.00;OUTRAS INDENIZAÇÕES E RESTITUIÇÕES;2.660.000.0000;TRANSFERÊNCIA DE RECURSOS DO FUNDO NACIONAL DE ASSISTÊNCIA SOCIAL - FNAS;25.357,22
PREFEITURA MUNICIPAL DE BARBACENA;25.001;SEMAS;2.309;MANUTENÇAO DE AÇÕES DA ASSISTÊNCIA SOCIAL;11;APOIO A ADMINISTRAÇAO PUBLICA;8;Assistência Social;122;Administração Geral;929;3.3.90.47.00.00.00.00;OBRIGAÇÕES TRIBUTÁRIAS E CONTRIBUTIVAS;1.500.000.0000;RECURSOS NÃO VINCULADOS DE IMPOSTOS;637,51
PREFEITURA MUNICIPAL DE BARBACENA;25.001;SEMAS;2.322;PESSOAL E ENCARGOS SOCIAIS DA ASSISTÊNCIA SOCIAL;11;APOIO A ADMINISTRAÇAO PUBLICA;8;Assistência Social;122;Administração Geral;621;3.1.90.04.15.00.00.00;OBRIGAÇÕES PATRONAIS - CONTRATO TEMPORÁRIO;1.500.000.0000;RECURSOS NÃO VINCULADOS DE IMPOSTOS;230.609,72
PREFEITURA MUNICIPAL DE BARBACENA;25.001;SEMAS;2.322;PESSOAL E ENCARGOS SOCIAIS DA ASSISTÊNCIA SOCIAL;11;APOIO A ADMINISTRAÇAO PUBLICA;8;Assistência Social;122;Administração Geral;621;3.1.90.04.01.00.00.00;SALÁRIO CONTRATO TEMPORÁRIO;1.500.000.0000;RECURSOS NÃO VINCULADOS DE IMPOSTOS;1.106.315,52
PREFEITURA MUNICIPAL DE BARBACENA;25.001;SEMAS;2.322;PESSOAL E ENCARGOS SOCIAIS DA ASSISTÊNCIA SOCIAL;11;APOIO A ADMINISTRAÇAO PUBLICA;8;Assistência Social;122;Administração Geral;622;3.1.90.11.01.00.00.00;VENCIMENTOS E SALÁRIOS;1.500.000.0000;RECURSOS NÃO VINCULADOS DE IMPOSTOS;1.288.123,68
PREFEITURA MUNICIPAL DE BARBACENA;25.001;SEMAS;2.322;PESSOAL E ENCARGOS SOCIAIS DA ASSISTÊNCIA SOCIAL;11;APOIO A ADMINISTRAÇAO PUBLICA;8;Assistência Social;122;Administração Geral;622;3.1.90.11.52.00.00.00;LICENÇA SAÚDE;1.500.000.0000;RECURSOS NÃO VINCULADOS DE IMPOSTOS;25.175,73
PREFEITURA MUNICIPAL DE BARBACENA;25.001;SEMAS;2.322;PESSOAL E ENCARGOS SOCIAIS DA ASSISTÊNCIA SOCIAL;11;APOIO A ADMINISTRAÇAO PUBLICA;8;Assistência Social;122;Administração Geral;622;3.1.90.11.09.00.00.00;SUBSÍDIO DE SECRETÁRIO MUNICIPAL;1.500.000.0000;RECURSOS NÃO VINCULADOS DE IMPOSTOS;116.842,20
PREFEITURA MUNICIPAL DE BARBACENA;25.001;SEMAS;2.322;PESSOAL E ENCARGOS SOCIAIS DA ASSISTÊNCIA SOCIAL;11;APOIO A ADMINISTRAÇAO PUBLICA;8;Assistência Social;122;Administração Geral;622;3.1.90.11.50.00.00.00;SALÁRIO MATERNIDADE;1.500.000.0000;RECURSOS NÃO VINCULADOS DE IMPOSTOS;67.178,96
PREFEITURA MUNICIPAL DE BARBACENA;25.001;SEMAS;2.322;PESSOAL E ENCARGOS SOCIAIS DA ASSISTÊNCIA SOCIAL;11;APOIO A ADMINISTRAÇAO PUBLICA;8;Assistência Social;122;Administração Geral;623;3.1.90.13.03.00.00.00;CONTRIBUIÇÃO PATRONAL PARA INSS;1.500.000.0000;RECURSOS NÃO VINCULADOS DE IMPOSTOS;137.630,86
PREFEITURA MUNICIPAL DE BARBACENA;25.001;SEMAS;2.322;PESSOAL E ENCARGOS SOCIAIS DA ASSISTÊNCIA SOCIAL;11;APOIO A ADMINISTRAÇAO PUBLICA;8;Assistência Social;122;Administração Geral;625;3.1.91.13.08.00.00.00;CONTRIB. PREV.- RPPS - PESSOAL ATIVO - PLANO PREV.;1.500.000.0000;RECURSOS NÃO VINCULADOS DE IMPOSTOS;227.142,42
PREFEITURA MUNICIPAL DE BARBACENA;25.001;SEMAS;2.322;PESSOAL E ENCARGOS SOCIAIS DA ASSISTÊNCIA SOCIAL;11;APOIO A ADMINISTRAÇAO PUBLICA;8;Assistência Social;122;Administração Geral;626;3.3.90.08.56.00.00.00;SALÁRIO FAMÍLIA;1.500.000.0000;RECURSOS NÃO VINCULADOS DE IMPOSTOS;656,40
PREFEITURA MUNICIPAL DE BARBACENA;25.001;SEMAS;2.322;PESSOAL E ENCARGOS SOCIAIS DA ASSISTÊNCIA SOCIAL;11;APOIO A ADMINISTRAÇAO PUBLICA;8;Assistência Social;122;Administração Geral;626;3.3.90.08.05.00.00.00;AUXÍLIO NATALIDADE;1.500.000.0000;RECURSOS NÃO VINCULADOS DE IMPOSTOS;1.302,00
PREFEITURA MUNICIPAL DE BARBACENA;25.001;SEMAS;2.322;PESSOAL E ENCARGOS SOCIAIS DA ASSISTÊNCIA SOCIAL;11;APOIO A ADMINISTRAÇAO PUBLICA;8;Assistência Social;122;Administração Geral;628;3.3.90.46.00.00.00.00;AUXÍLIO-ALIMENTAÇÃO;1.500.000.0000;RECURSOS NÃO VINCULADOS DE IMPOSTOS;383.709,99
PREFEITURA MUNICIPAL DE BARBACENA;25.001;SEMAS;2.460;APOIO A ASSOCIAÇÃO REN. CIDADÃ ORG. DE MEMBROS DA SOC. CIVIL - ARCOM-SC;56;PROTEÇÃO SOCIAL BÁSICA;8;Assistência Social;244;Assistência Comunitária;638;3.3.50.43.00.00.00.00;SUBVENÇÕES SOCIAIS;1.753.000.0000;RECURSOS PROVENIENTES DE TAXAS, CONTRIBUIÇÕES E PREÇOS PÚBLICOS;173.265,45
PREFEITURA MUNICIPAL DE BARBACENA;25.001;SEMAS;2.465;APOIO A OBRAS PASSIONISTAS SÃO PAULO DA CRUZ;56;PROTEÇÃO SOCIAL BÁSICA;8;Assistência Social;244;Assistência Comunitária;640;3.3.50.41.00.00.00.00;CONTRIBUIÇÕES;1.500.000.0000;RECURSOS NÃO VINCULADOS DE IMPOSTOS;93.316,36
PREFEITURA MUNICIPAL DE BARBACENA;25.001;SEMAS;2.466;APOIO A OBRAS SOCIAIS DE NOSSA SENHORA DE FÁTIMA;56;PROTEÇÃO SOCIAL BÁSICA;8;Assistência Social;244;Assistência Comunitária;641;3.3.50.43.00.00.00.00;SUBVENÇÕES SOCIAIS;1.500.000.0000;RECURSOS NÃO VINCULADOS DE IMPOSTOS;5.000,00
PREFEITURA MUNICIPAL DE BARBACENA;25.001;SEMAS;2.466;APOIO A OBRAS SOCIAIS DE NOSSA SENHORA DE FÁTIMA;56;PROTEÇÃO SOCIAL BÁSICA;8;Assistência Social;244;Assistência Comunitária;641;3.3.50.43.00.00.00.00;SUBVENÇÕES SOCIAIS;1.501.000.0000;OUTROS RECURSOS NÃO VINCULADOS;118.959,27
PREFEITURA MUNICIPAL DE BARBACENA;25.001;SEMAS;2.466;APOIO A OBRAS SOCIAIS DE NOSSA SENHORA DE FÁTIMA;56;PROTEÇÃO SOCIAL BÁSICA;8;Assistência Social;244;Assistência Comunitária;983;4.4.50.41.00.00.00.00;CONTRIBUIÇÕES;1.500.000.0000;RECURSOS NÃO VINCULADOS DE IMPOSTOS;20.000,00
PREFEITURA MUNICIPAL DE BARBACENA;25.001;SEMAS;2.417;CRIAÇÃO, IMPLANTAÇÃO E MANUTENÇÃO DA REGULARIZAÇÃO FUNDIÁRIA;59;PROGRAMAS FEDERAIS E MUNICIPAIS;8;Assistência Social;482;Habitação Urbana;656;3.3.90.39.05.00.00.00;SERVIÇOS TÉCNICOS PROFISSIONAIS;2.500.000.0000;RECURSOS NÃO VINCULADOS DE IMPOSTOS;1.000.000,00
PREFEITURA MUNICIPAL DE BARBACENA;25.003;FUNDO MUNICIPAL DE ASSISTENCIA SOCIAL - FMAS;2.321;MANUTENÇAO DO CONSELHO TUTELAR;11;APOIO A ADMINISTRAÇAO PUBLICA;8;Assistência Social;243;Assistência à Criança e ao Adolescente;674;3.3.90.36.99.00.00.00;OUTROS SERVIÇOS DE PESSOA FÍSICA;1.500.000.0000;RECURSOS NÃO VINCULADOS DE IMPOSTOS;248.494,42
PREFEITURA MUNICIPAL DE BARBACENA;25.003;FUNDO MUNICIPAL DE ASSISTENCIA SOCIAL - FMAS;2.321;MANUTENÇAO DO CONSELHO TUTELAR;11;APOIO A ADMINISTRAÇAO PUBLICA;8;Assistência Social;243;Assistência à Criança e ao Adolescente;675;3.3.90.39.12.00.00.00;LOCAÇÃO DE MÁQUINAS E EQUIPAMENTOS;1.500.000.0000;RECURSOS NÃO VINCULADOS DE IMPOSTOS;3.334,95
PREFEITURA MUNICIPAL DE BARBACENA;25.003;FUNDO MUNICIPAL DE ASSISTENCIA SOCIAL - FMAS;2.321;MANUTENÇAO DO CONSELHO TUTELAR;11;APOIO A ADMINISTRAÇAO PUBLICA;8;Assistência Social;243;Assistência à Criança e ao Adolescente;675;3.3.90.39.99.00.00.00;OUTROS SERVIÇOS DE TERCEIROS - PESSOA JURÍDICA;1.500.000.0000;RECURSOS NÃO VINCULADOS DE IMPOSTOS;53.911,50
PREFEITURA MUNICIPAL DE BARBACENA;25.003;FUNDO MUNICIPAL DE ASSISTENCIA SOCIAL - FMAS;2.321;MANUTENÇAO DO CONSELHO TUTELAR;11;APOIO A ADMINISTRAÇAO PUBLICA;8;Assistência Social;243;Assistência à Criança e ao Adolescente;677;3.3.90.46.00.00.00.00;AUXÍLIO-ALIMENTAÇÃO;1.500.000.0000;RECURSOS NÃO VINCULADOS DE IMPOSTOS;26.550,00
PREFEITURA MUNICIPAL DE BARBACENA;25.003;FUNDO MUNICIPAL DE ASSISTENCIA SOCIAL - FMAS;2.321;MANUTENÇAO DO CONSELHO TUTELAR;11;APOIO A ADMINISTRAÇAO PUBLICA;8;Assistência Social;243;Assistência à Criança e ao Adolescente;678;3.3.90.47.00.00.00.00;OBRIGAÇÕES TRIBUTÁRIAS E CONTRIBUTIVAS;1.500.000.0000;RECURSOS NÃO VINCULADOS DE IMPOSTOS;47.938,02
PREFEITURA MUNICIPAL DE BARBACENA;25.003;FUNDO MUNICIPAL DE ASSISTENCIA SOCIAL - FMAS;2.320;MANUTENÇAO DE CONSELHOS E CONFERENCIAS MUNICIPAIS - FMAS;55;FORTALECIMENTO DO CONTROLE SOCIAL;8;Assistência Social;122;Administração Geral;665;3.3.90.30.16.00.00.00;MATERIAL DE EXPEDIENTE;1.660.000.0000;TRANSFERÊNCIA DE RECURSOS DO FUNDO NACIONAL DE ASSISTÊNCIA SOCIAL - FNAS;1.236,00
PREFEITURA MUNICIPAL DE BARBACENA;25.003;FUNDO MUNICIPAL DE ASSISTENCIA SOCIAL - FMAS;2.320;MANUTENÇAO DE CONSELHOS E CONFERENCIAS MUNICIPAIS - FMAS;55;FORTALECIMENTO DO CONTROLE SOCIAL;8;Assistência Social;122;Administração Geral;665;3.3.90.30.39.00.00.00;MATERIAL GRÁFICO;1.660.000.0000;TRANSFERÊNCIA DE RECURSOS DO FUNDO NACIONAL DE ASSISTÊNCIA SOCIAL - FNAS;695,00
PREFEITURA MUNICIPAL DE BARBACENA;25.003;FUNDO MUNICIPAL DE ASSISTENCIA SOCIAL - FMAS;2.320;MANUTENÇAO DE CONSELHOS E CONFERENCIAS MUNICIPAIS - FMAS;55;FORTALECIMENTO DO CONTROLE SOCIAL;8;Assistência Social;122;Administração Geral;667;3.3.90.39.27.00.00.00;FORNECIMENTO DE ALIMENTAÇÃO;1.660.000.0000;TRANSFERÊNCIA DE RECURSOS DO FUNDO NACIONAL DE ASSISTÊNCIA SOCIAL - FNAS;3.140,00
PREFEITURA MUNICIPAL DE BARBACENA;25.003;FUNDO MUNICIPAL DE ASSISTENCIA SOCIAL - FMAS;2.452;AMPLIAÇÃO DAS AÇÕES DA ASSOCIAÇÃO CRECHE-ESCOLA IRMÃO DO CAMINHO;56;PROTEÇÃO SOCIAL BÁSICA;8;Assistência Social;243;Assistência à Criança e ao Adolescente;684;3.3.50.43.00.00.00.00;SUBVENÇÕES SOCIAIS;1.501.000.0000;OUTROS RECURSOS NÃO VINCULADOS;24.752,21
PREFEITURA MUNICIPAL DE BARBACENA;25.003;FUNDO MUNICIPAL DE ASSISTENCIA SOCIAL - FMAS;2.312;AMPLIAÇÃO BENEFICIOS EVENTUAIS;56;PROTEÇÃO SOCIAL BÁSICA;8;Assistência Social;244;Assistência Comunitária;707;3.3.90.32.99.00.00.00;OUTROS MATERIAIS, BENS/SERV. P/ DISTR. GRATUITA;1.500.000.0000;RECURSOS NÃO VINCULADOS DE IMPOSTOS;293.081,25
PREFEITURA MUNICIPAL DE BARBACENA;25.003;FUNDO MUNICIPAL DE ASSISTENCIA SOCIAL - FMAS;2.312;AMPLIAÇÃO BENEFICIOS EVENTUAIS;56;PROTEÇÃO SOCIAL BÁSICA;8;Assistência Social;244;Assistência Comunitária;707;3.3.90.32.99.00.00.00;OUTROS MATERIAIS, BENS/SERV. P/ DISTR. GRATUITA;1.501.000.0000;OUTROS RECURSOS NÃO VINCULADOS;127.190,00
PREFEITURA MUNICIPAL DE BARBACENA;25.003;FUNDO MUNICIPAL DE ASSISTENCIA SOCIAL - FMAS;2.312;AMPLIAÇÃO BENEFICIOS EVENTUAIS;56;PROTEÇÃO SOCIAL BÁSICA;8;Assistência Social;244;Assistência Comunitária;707;3.3.90.32.99.00.00.00;OUTROS MATERIAIS, BENS/SERV. P/ DISTR. GRATUITA;1.661.000.0000;TRANSFERÊNCIA DE RECURSOS DOS FUNDOS ESTADUAIS DE ASSISTÊNCIA SOCIAL;209.615,00
PREFEITURA MUNICIPAL DE BARBACENA;25.003;FUNDO MUNICIPAL DE ASSISTENCIA SOCIAL - FMAS;2.312;AMPLIAÇÃO BENEFICIOS EVENTUAIS;56;PROTEÇÃO SOCIAL BÁSICA;8;Assistência Social;244;Assistência Comunitária;707;3.3.90.32.99.00.00.00;OUTROS MATERIAIS, BENS/SERV. P/ DISTR. GRATUITA;2.661.000.0000;TRANSFERÊNCIA DE RECURSOS DOS FUNDOS ESTADUAIS DE ASSISTÊNCIA SOCIAL;118.316,00
PREFEITURA MUNICIPAL DE BARBACENA;25.003;FUNDO MUNICIPAL DE ASSISTENCIA SOCIAL - FMAS;2.312;AMPLIAÇÃO BENEFICIOS EVENTUAIS;56;PROTEÇÃO SOCIAL BÁSICA;8;Assistência Social;244;Assistência Comunitária;708;3.3.90.39.51.00.00.00;SERVIÇOS FUNERÁRIOS;1.661.000.0000;TRANSFERÊNCIA DE RECURSOS DOS FUNDOS ESTADUAIS DE ASSISTÊNCIA SOCIAL;0,00
PREFEITURA MUNICIPAL DE BARBACENA;25.003;FUNDO MUNICIPAL DE ASSISTENCIA SOCIAL - FMAS;2.312;AMPLIAÇÃO BENEFICIOS EVENTUAIS;56;PROTEÇÃO SOCIAL BÁSICA;8;Assistência Social;244;Assistência Comunitária;708;3.3.90.39.51.00.00.00;SERVIÇOS FUNERÁRIOS;2.661.000.0000;TRANSFERÊNCIA DE RECURSOS DOS FUNDOS ESTADUAIS DE ASSISTÊNCIA SOCIAL;0,00
PREFEITURA MUNICIPAL DE BARBACENA;25.003;FUNDO MUNICIPAL DE ASSISTENCIA SOCIAL - FMAS;2.312;AMPLIAÇÃO BENEFICIOS EVENTUAIS;56;PROTEÇÃO SOCIAL BÁSICA;8;Assistência Social;244;Assistência Comunitária;708;3.3.90.39.99.00.00.00;OUTROS SERVIÇOS DE TERCEIROS - PESSOA JURÍDICA;2.661.000.0000;TRANSFERÊNCIA DE RECURSOS DOS FUNDOS ESTADUAIS DE ASSISTÊNCIA SOCIAL;158.346,00
PREFEITURA MUNICIPAL DE BARBACENA;25.003;FUNDO MUNICIPAL DE ASSISTENCIA SOCIAL - FMAS;2.312;AMPLIAÇÃO BENEFICIOS EVENTUAIS;56;PROTEÇÃO SOCIAL BÁSICA;8;Assistência Social;244;Assistência Comunitária;709;3.3.90.48.00.00.00.00;OUTROS AUXÍLIOS FINANCEIROS A PESSOAS FÍSICAS;1.661.000.0000;TRANSFERÊNCIA DE RECURSOS DOS FUNDOS ESTADUAIS DE ASSISTÊNCIA SOCIAL;263.490,00
PREFEITURA MUNICIPAL DE BARBACENA;25.003;FUNDO MUNICIPAL DE ASSISTENCIA SOCIAL - FMAS;2.312;AMPLIAÇÃO BENEFICIOS EVENTUAIS;56;PROTEÇÃO SOCIAL BÁSICA;8;Assistência Social;244;Assistência Comunitária;709;3.3.90.48.00.00.00.00;OUTROS AUXÍLIOS FINANCEIROS A PESSOAS FÍSICAS;2.661.000.0000;TRANSFERÊNCIA DE RECURSOS DOS FUNDOS ESTADUAIS DE ASSISTÊNCIA SOCIAL;131.100,00
PREFEITURA MUNICIPAL DE BARBACENA;25.003;FUNDO MUNICIPAL DE ASSISTENCIA SOCIAL - FMAS;2.313;SERVIÇO DE CONVIVENCIA E FORTALECIMENTO DE VINCULOS;56;PROTEÇÃO SOCIAL BÁSICA;8;Assistência Social;244;Assistência Comunitária;715;3.3.90.39.99.00.00.00;OUTROS SERVIÇOS DE TERCEIROS - PESSOA JURÍDICA;1.501.000.0000;OUTROS RECURSOS NÃO VINCULADOS;124.999,92
PREFEITURA MUNICIPAL DE BARBACENA;25.003;FUNDO MUNICIPAL DE ASSISTENCIA SOCIAL - FMAS;2.313;SERVIÇO DE CONVIVENCIA E FORTALECIMENTO DE VINCULOS;56;PROTEÇÃO SOCIAL BÁSICA;8;Assistência Social;244;Assistência Comunitária;715;3.3.90.39.99.00.00.00;OUTROS SERVIÇOS DE TERCEIROS - PESSOA JURÍDICA;1.660.000.0000;TRANSFERÊNCIA DE RECURSOS DO FUNDO NACIONAL DE ASSISTÊNCIA SOCIAL - FNAS;125.665,32
PREFEITURA MUNICIPAL DE BARBACENA;25.003;FUNDO MUNICIPAL DE ASSISTENCIA SOCIAL - FMAS;2.313;SERVIÇO DE CONVIVENCIA E FORTALECIMENTO DE VINCULOS;56;PROTEÇÃO SOCIAL BÁSICA;8;Assistência Social;244;Assistência Comunitária;715;3.3.90.39.99.00.00.00;OUTROS SERVIÇOS DE TERCEIROS - PESSOA JURÍDICA;2.660.000.0000;TRANSFERÊNCIA DE RECURSOS DO FUNDO NACIONAL DE ASSISTÊNCIA SOCIAL - FNAS;110.000,00
PREFEITURA MUNICIPAL DE BARBACENA;25.003;FUNDO MUNICIPAL DE ASSISTENCIA SOCIAL - FMAS;2.319;MANUTENÇAO DE CRAS - PAIF;56;PROTEÇÃO SOCIAL BÁSICA;8;Assistência Social;244;Assistência Comunitária;717;3.1.90.04.01.00.00.00;SALÁRIO CONTRATO TEMPORÁRIO;1.500.000.0000;RECURSOS NÃO VINCULADOS DE IMPOSTOS;406.029,90
PREFEITURA MUNICIPAL DE BARBACENA;25.003;FUNDO MUNICIPAL DE ASSISTENCIA SOCIAL - FMAS;2.319;MANUTENÇAO DE CRAS - PAIF;56;PROTEÇÃO SOCIAL BÁSICA;8;Assistência Social;244;Assistência Comunitária;717;3.1.90.04.15.00.00.00;OBRIGAÇÕES PATRONAIS - CONTRATO TEMPORÁRIO;1.500.000.0000;RECURSOS NÃO VINCULADOS DE IMPOSTOS;71.712,75
PREFEITURA MUNICIPAL DE BARBACENA;25.003;FUNDO MUNICIPAL DE ASSISTENCIA SOCIAL - FMAS;2.319;MANUTENÇAO DE CRAS - PAIF;56;PROTEÇÃO SOCIAL BÁSICA;8;Assistência Social;244;Assistência Comunitária;717;3.1.90.04.01.00.00.00;SALÁRIO CONTRATO TEMPORÁRIO;1.660.000.0000;TRANSFERÊNCIA DE RECURSOS DO FUNDO NACIONAL DE ASSISTÊNCIA SOCIAL - FNAS;54.590,22
PREFEITURA MUNICIPAL DE BARBACENA;25.003;FUNDO MUNICIPAL DE ASSISTENCIA SOCIAL - FMAS;2.319;MANUTENÇAO DE CRAS - PAIF;56;PROTEÇÃO SOCIAL BÁSICA;8;Assistência Social;244;Assistência Comunitária;717;3.1.90.04.15.00.00.00;OBRIGAÇÕES PATRONAIS - CONTRATO TEMPORÁRIO;1.660.000.0000;TRANSFERÊNCIA DE RECURSOS DO FUNDO NACIONAL DE ASSISTÊNCIA SOCIAL - FNAS;11.128,84
PREFEITURA MUNICIPAL DE BARBACENA;25.003;FUNDO MUNICIPAL DE ASSISTENCIA SOCIAL - FMAS;2.319;MANUTENÇAO DE CRAS - PAIF;56;PROTEÇÃO SOCIAL BÁSICA;8;Assistência Social;244;Assistência Comunitária;717;3.1.90.04.01.00.00.00;SALÁRIO CONTRATO TEMPORÁRIO;2.660.000.0000;TRANSFERÊNCIA DE RECURSOS DO FUNDO NACIONAL DE ASSISTÊNCIA SOCIAL - FNAS;172.978,35
PREFEITURA MUNICIPAL DE BARBACENA;25.003;FUNDO MUNICIPAL DE ASSISTENCIA SOCIAL - FMAS;2.319;MANUTENÇAO DE CRAS - PAIF;56;PROTEÇÃO SOCIAL BÁSICA;8;Assistência Social;244;Assistência Comunitária;717;3.1.90.04.15.00.00.00;OBRIGAÇÕES PATRONAIS - CONTRATO TEMPORÁRIO;2.660.000.0000;TRANSFERÊNCIA DE RECURSOS DO FUNDO NACIONAL DE ASSISTÊNCIA SOCIAL - FNAS;45.471,01
PREFEITURA MUNICIPAL DE BARBACENA;25.003;FUNDO MUNICIPAL DE ASSISTENCIA SOCIAL - FMAS;2.319;MANUTENÇAO DE CRAS - PAIF;56;PROTEÇÃO SOCIAL BÁSICA;8;Assistência Social;244;Assistência Comunitária;718;3.1.90.11.01.00.00.00;VENCIMENTOS E SALÁRIOS;1.500.000.0000;RECURSOS NÃO VINCULADOS DE IMPOSTOS;262.474,23
PREFEITURA MUNICIPAL DE BARBACENA;25.003;FUNDO MUNICIPAL DE ASSISTENCIA SOCIAL - FMAS;2.319;MANUTENÇAO DE CRAS - PAIF;56;PROTEÇÃO SOCIAL BÁSICA;8;Assistência Social;244;Assistência Comunitária;718;3.1.90.11.52.00.00.00;LICENÇA SAÚDE;1.500.000.0000;RECURSOS NÃO VINCULADOS DE IMPOSTOS;2.219,93
PREFEITURA MUNICIPAL DE BARBACENA;25.003;FUNDO MUNICIPAL DE ASSISTENCIA SOCIAL - FMAS;2.319;MANUTENÇAO DE CRAS - PAIF;56;PROTEÇÃO SOCIAL BÁSICA;8;Assistência Social;244;Assistência Comunitária;718;3.1.90.11.01.00.00.00;VENCIMENTOS E SALÁRIOS;1.660.000.0000;TRANSFERÊNCIA DE RECURSOS DO FUNDO NACIONAL DE ASSISTÊNCIA SOCIAL - FNAS;32.198,17
PREFEITURA MUNICIPAL DE BARBACENA;25.003;FUNDO MUNICIPAL DE ASSISTENCIA SOCIAL - FMAS;2.319;MANUTENÇAO DE CRAS - PAIF;56;PROTEÇÃO SOCIAL BÁSICA;8;Assistência Social;244;Assistência Comunitária;718;3.1.90.11.52.00.00.00;LICENÇA SAÚDE;1.660.000.0000;TRANSFERÊNCIA DE RECURSOS DO FUNDO NACIONAL DE ASSISTÊNCIA SOCIAL - FNAS;1.341,45
PREFEITURA MUNICIPAL DE BARBACENA;25.003;FUNDO MUNICIPAL DE ASSISTENCIA SOCIAL - FMAS;2.319;MANUTENÇAO DE CRAS - PAIF;56;PROTEÇÃO SOCIAL BÁSICA;8;Assistência Social;244;Assistência Comunitária;718;3.1.90.11.01.00.00.00;VENCIMENTOS E SALÁRIOS;2.660.000.0000;TRANSFERÊNCIA DE RECURSOS DO FUNDO NACIONAL DE ASSISTÊNCIA SOCIAL - FNAS;133.203,08
PREFEITURA MUNICIPAL DE BARBACENA;25.003;FUNDO MUNICIPAL DE ASSISTENCIA SOCIAL - FMAS;2.319;MANUTENÇAO DE CRAS - PAIF;56;PROTEÇÃO SOCIAL BÁSICA;8;Assistência Social;244;Assistência Comunitária;718;3.1.90.11.52.00.00.00;LICENÇA SAÚDE;2.660.000.0000;TRANSFERÊNCIA DE RECURSOS DO FUNDO NACIONAL DE ASSISTÊNCIA SOCIAL - FNAS;5.852,78
PREFEITURA MUNICIPAL DE BARBACENA;25.003;FUNDO MUNICIPAL DE ASSISTENCIA SOCIAL - FMAS;2.319;MANUTENÇAO DE CRAS - PAIF;56;PROTEÇÃO SOCIAL BÁSICA;8;Assistência Social;244;Assistência Comunitária;719;3.1.90.13.03.00.00.00;CONTRIBUIÇÃO PATRONAL PARA INSS;1.500.000.0000;RECURSOS NÃO VINCULADOS DE IMPOSTOS;4.310,33
PREFEITURA MUNICIPAL DE BARBACENA;25.003;FUNDO MUNICIPAL DE ASSISTENCIA SOCIAL - FMAS;2.319;MANUTENÇAO DE CRAS - PAIF;56;PROTEÇÃO SOCIAL BÁSICA;8;Assistência Social;244;Assistência Comunitária;719;3.1.90.13.03.00.00.00;CONTRIBUIÇÃO PATRONAL PARA INSS;1.660.000.0000;TRANSFERÊNCIA DE RECURSOS DO FUNDO NACIONAL DE ASSISTÊNCIA SOCIAL - FNAS;1.527,65
PREFEITURA MUNICIPAL DE BARBACENA;25.003;FUNDO MUNICIPAL DE ASSISTENCIA SOCIAL - FMAS;2.319;MANUTENÇAO DE CRAS - PAIF;56;PROTEÇÃO SOCIAL BÁSICA;8;Assistência Social;244;Assistência Comunitária;719;3.1.90.13.03.00.00.00;CONTRIBUIÇÃO PATRONAL PARA INSS;2.660.000.0000;TRANSFERÊNCIA DE RECURSOS DO FUNDO NACIONAL DE ASSISTÊNCIA SOCIAL - FNAS;2.512,76
PREFEITURA MUNICIPAL DE BARBACENA;25.003;FUNDO MUNICIPAL DE ASSISTENCIA SOCIAL - FMAS;2.319;MANUTENÇAO DE CRAS - PAIF;56;PROTEÇÃO SOCIAL BÁSICA;8;Assistência Social;244;Assistência Comunitária;720;3.1.91.13.08.00.00.00;CONTRIB. PREV.- RPPS - PESSOAL ATIVO - PLANO PREV.;1.500.000.0000;RECURSOS NÃO VINCULADOS DE IMPOSTOS;65.237,13
PREFEITURA MUNICIPAL DE BARBACENA;25.003;FUNDO MUNICIPAL DE ASSISTENCIA SOCIAL - FMAS;2.319;MANUTENÇAO DE CRAS - PAIF;56;PROTEÇÃO SOCIAL BÁSICA;8;Assistência Social;244;Assistência Comunitária;720;3.1.91.13.08.00.00.00;CONTRIB. PREV.- RPPS - PESSOAL ATIVO - PLANO PREV.;1.660.000.0000;TRANSFERÊNCIA DE RECURSOS DO FUNDO NACIONAL DE ASSISTÊNCIA SOCIAL - FNAS;8.017,46
PREFEITURA MUNICIPAL DE BARBACENA;25.003;FUNDO MUNICIPAL DE ASSISTENCIA SOCIAL - FMAS;2.319;MANUTENÇAO DE CRAS - PAIF;56;PROTEÇÃO SOCIAL BÁSICA;8;Assistência Social;244;Assistência Comunitária;720;3.1.91.13.08.00.00.00;CONTRIB. PREV.- RPPS - PESSOAL ATIVO - PLANO PREV.;2.660.000.0000;TRANSFERÊNCIA DE RECURSOS DO FUNDO NACIONAL DE ASSISTÊNCIA SOCIAL - FNAS;34.783,08
PREFEITURA MUNICIPAL DE BARBACENA;25.003;FUNDO MUNICIPAL DE ASSISTENCIA SOCIAL - FMAS;2.319;MANUTENÇAO DE CRAS - PAIF;56;PROTEÇÃO SOCIAL BÁSICA;8;Assistência Social;244;Assistência Comunitária;724;3.3.90.18.00.00.00.00;AUXÍLIO FINANCEIRO A ESTUDANTES;1.500.000.0000;RECURSOS NÃO VINCULADOS DE IMPOSTOS;340,47
PREFEITURA MUNICIPAL DE BARBACENA;25.003;FUNDO MUNICIPAL DE ASSISTENCIA SOCIAL - FMAS;2.319;MANUTENÇAO DE CRAS - PAIF;56;PROTEÇÃO SOCIAL BÁSICA;8;Assistência Social;244;Assistência Comunitária;724;3.3.90.18.00.00.00.00;AUXÍLIO FINANCEIRO A ESTUDANTES;2.660.000.0000;TRANSFERÊNCIA DE RECURSOS DO FUNDO NACIONAL DE ASSISTÊNCIA SOCIAL - FNAS;261,49
PREFEITURA MUNICIPAL DE BARBACENA;25.003;FUNDO MUNICIPAL DE ASSISTENCIA SOCIAL - FMAS;2.319;MANUTENÇAO DE CRAS - PAIF;56;PROTEÇÃO SOCIAL BÁSICA;8;Assistência Social;244;Assistência Comunitária;725;3.3.90.30.28.00.00.00;MATERIAL DE PROTEÇÃO E SEGURANÇA;1.500.000.0000;RECURSOS NÃO VINCULADOS DE IMPOSTOS;72,80
PREFEITURA MUNICIPAL DE BARBACENA;25.003;FUNDO MUNICIPAL DE ASSISTENCIA SOCIAL - FMAS;2.319;MANUTENÇAO DE CRAS - PAIF;56;PROTEÇÃO SOCIAL BÁSICA;8;Assistência Social;244;Assistência Comunitária;725;3.3.90.30.17.00.00.00;MATERIAL DE PROCESSAMENTO DE DADOS;1.660.000.0000;TRANSFERÊNCIA DE RECURSOS DO FUNDO NACIONAL DE ASSISTÊNCIA SOCIAL - FNAS;22.500,00
PREFEITURA MUNICIPAL DE BARBACENA;25.003;FUNDO MUNICIPAL DE ASSISTENCIA SOCIAL - FMAS;2.319;MANUTENÇAO DE CRAS - PAIF;56;PROTEÇÃO SOCIAL BÁSICA;8;Assistência Social;244;Assistência Comunitária;725;3.3.90.30.16.00.00.00;MATERIAL DE EXPEDIENTE;1.660.000.0000;TRANSFERÊNCIA DE RECURSOS DO FUNDO NACIONAL DE ASSISTÊNCIA SOCIAL - FNAS;5.133,70
PREFEITURA MUNICIPAL DE BARBACENA;25.003;FUNDO MUNICIPAL DE ASSISTENCIA SOCIAL - FMAS;2.319;MANUTENÇAO DE CRAS - PAIF;56;PROTEÇÃO SOCIAL BÁSICA;8;Assistência Social;244;Assistência Comunitária;725;3.3.90.30.99.00.00.00;OUTROS MATERIAIS DE CONSUMO;1.660.000.0000;TRANSFERÊNCIA DE RECURSOS DO FUNDO NACIONAL DE ASSISTÊNCIA SOCIAL - FNAS;62.146,94
PREFEITURA MUNICIPAL DE BARBACENA;25.003;FUNDO MUNICIPAL DE ASSISTENCIA SOCIAL - FMAS;2.319;MANUTENÇAO DE CRAS - PAIF;56;PROTEÇÃO SOCIAL BÁSICA;8;Assistência Social;244;Assistência Comunitária;725;3.3.90.30.22.00.00.00;MATERIAL DE LIMPEZA E PRODUÇÃO DE HIGIENIZAÇÃO;1.660.000.0000;TRANSFERÊNCIA DE RECURSOS DO FUNDO NACIONAL DE ASSISTÊNCIA SOCIAL - FNAS;34.988,24
PREFEITURA MUNICIPAL DE BARBACENA;25.003;FUNDO MUNICIPAL DE ASSISTENCIA SOCIAL - FMAS;2.319;MANUTENÇAO DE CRAS - PAIF;56;PROTEÇÃO SOCIAL BÁSICA;8;Assistência Social;244;Assistência Comunitária;727;3.3.90.39.60.00.00.00;VIGILÂNCIA OSTENSIVA;1.500.000.0000;RECURSOS NÃO VINCULADOS DE IMPOSTOS;181.431,80
PREFEITURA MUNICIPAL DE BARBACENA;25.003;FUNDO MUNICIPAL DE ASSISTENCIA SOCIAL - FMAS;2.319;MANUTENÇAO DE CRAS - PAIF;56;PROTEÇÃO SOCIAL BÁSICA;8;Assistência Social;244;Assistência Comunitária;727;3.3.90.39.99.00.00.00;OUTROS SERVIÇOS DE TERCEIROS - PESSOA JURÍDICA;1.500.000.0000;RECURSOS NÃO VINCULADOS DE IMPOSTOS;28.933,96
PREFEITURA MUNICIPAL DE BARBACENA;25.003;FUNDO MUNICIPAL DE ASSISTENCIA SOCIAL - FMAS;2.319;MANUTENÇAO DE CRAS - PAIF;56;PROTEÇÃO SOCIAL BÁSICA;8;Assistência Social;244;Assistência Comunitária;727;3.3.90.39.43.00.00.00;SERVIÇOS DE TELECOMUNICAÇÕES;1.660.000.0000;TRANSFERÊNCIA DE RECURSOS DO FUNDO NACIONAL DE ASSISTÊNCIA SOCIAL - FNAS;1.920,00
PREFEITURA MUNICIPAL DE BARBACENA;25.003;FUNDO MUNICIPAL DE ASSISTENCIA SOCIAL - FMAS;2.319;MANUTENÇAO DE CRAS - PAIF;56;PROTEÇÃO SOCIAL BÁSICA;8;Assistência Social;244;Assistência Comunitária;727;3.3.90.39.12.00.00.00;LOCAÇÃO DE MÁQUINAS E EQUIPAMENTOS;1.660.000.0000;TRANSFERÊNCIA DE RECURSOS DO FUNDO NACIONAL DE ASSISTÊNCIA SOCIAL - FNAS;13.339,80
PREFEITURA MUNICIPAL DE BARBACENA;25.003;FUNDO MUNICIPAL DE ASSISTENCIA SOCIAL - FMAS;2.319;MANUTENÇAO DE CRAS - PAIF;56;PROTEÇÃO SOCIAL BÁSICA;8;Assistência Social;244;Assistência Comunitária;727;3.3.90.39.30.00.00.00;SERVIÇOS DE ÁGUA E ESGOTO;1.660.000.0000;TRANSFERÊNCIA DE RECURSOS DO FUNDO NACIONAL DE ASSISTÊNCIA SOCIAL - FNAS;13.000,00
PREFEITURA MUNICIPAL DE BARBACENA;25.003;FUNDO MUNICIPAL DE ASSISTENCIA SOCIAL - FMAS;2.319;MANUTENÇAO DE CRAS - PAIF;56;PROTEÇÃO SOCIAL BÁSICA;8;Assistência Social;244;Assistência Comunitária;727;3.3.90.39.99.00.00.00;OUTROS SERVIÇOS DE TERCEIROS - PESSOA JURÍDICA;1.660.000.0000;TRANSFERÊNCIA DE RECURSOS DO FUNDO NACIONAL DE ASSISTÊNCIA SOCIAL - FNAS;5.280,24
PREFEITURA MUNICIPAL DE BARBACENA;25.003;FUNDO MUNICIPAL DE ASSISTENCIA SOCIAL - FMAS;2.319;MANUTENÇAO DE CRAS - PAIF;56;PROTEÇÃO SOCIAL BÁSICA;8;Assistência Social;244;Assistência Comunitária;728;3.3.90.46.00.00.00.00;AUXÍLIO-ALIMENTAÇÃO;1.500.000.0000;RECURSOS NÃO VINCULADOS DE IMPOSTOS;89.570,00
PREFEITURA MUNICIPAL DE BARBACENA;25.003;FUNDO MUNICIPAL DE ASSISTENCIA SOCIAL - FMAS;2.319;MANUTENÇAO DE CRAS - PAIF;56;PROTEÇÃO SOCIAL BÁSICA;8;Assistência Social;244;Assistência Comunitária;728;3.3.90.46.00.00.00.00;AUXÍLIO-ALIMENTAÇÃO;1.660.000.0000;TRANSFERÊNCIA DE RECURSOS DO FUNDO NACIONAL DE ASSISTÊNCIA SOCIAL - FNAS;7.800,00
PREFEITURA MUNICIPAL DE BARBACENA;25.003;FUNDO MUNICIPAL DE ASSISTENCIA SOCIAL - FMAS;2.319;MANUTENÇAO DE CRAS - PAIF;56;PROTEÇÃO SOCIAL BÁSICA;8;Assistência Social;244;Assistência Comunitária;728;3.3.90.46.00.00.00.00;AUXÍLIO-ALIMENTAÇÃO;2.660.000.0000;TRANSFERÊNCIA DE RECURSOS DO FUNDO NACIONAL DE ASSISTÊNCIA SOCIAL - FNAS;60.325,00
PREFEITURA MUNICIPAL DE BARBACENA;25.003;FUNDO MUNICIPAL DE ASSISTENCIA SOCIAL - FMAS;2.319;MANUTENÇAO DE CRAS - PAIF;56;PROTEÇÃO SOCIAL BÁSICA;8;Assistência Social;244;Assistência Comunitária;730;4.4.90.52.99.00.00.00;OUTROS MATERIAIS PERMANENTES;2.660.000.0000;TRANSFERÊNCIA DE RECURSOS DO FUNDO NACIONAL DE ASSISTÊNCIA SOCIAL - FNAS;11.465,60
PREFEITURA MUNICIPAL DE BARBACENA;25.003;FUNDO MUNICIPAL DE ASSISTENCIA SOCIAL - FMAS;2.319;MANUTENÇAO DE CRAS - PAIF;56;PROTEÇÃO SOCIAL BÁSICA;8;Assistência Social;244;Assistência Comunitária;730;4.4.90.52.06.00.00.00;APARELHOS E UTENSÍLIOS DOMÉSTICOS;2.660.000.0000;TRANSFERÊNCIA DE RECURSOS DO FUNDO NACIONAL DE ASSISTÊNCIA SOCIAL - FNAS;32.842,30
PREFEITURA MUNICIPAL DE BARBACENA;25.003;FUNDO MUNICIPAL DE ASSISTENCIA SOCIAL - FMAS;2.319;MANUTENÇAO DE CRAS - PAIF;56;PROTEÇÃO SOCIAL BÁSICA;8;Assistência Social;244;Assistência Comunitária;730;4.4.90.52.19.00.00.00;EQUIPAMENTOS DE PROCESSAMENTO DE DADOS;2.660.000.0000;TRANSFERÊNCIA DE RECURSOS DO FUNDO NACIONAL DE ASSISTÊNCIA SOCIAL - FNAS;7.720,00
PREFEITURA MUNICIPAL DE BARBACENA;25.003;FUNDO MUNICIPAL DE ASSISTENCIA SOCIAL - FMAS;2.319;MANUTENÇAO DE CRAS - PAIF;56;PROTEÇÃO SOCIAL BÁSICA;8;Assistência Social;244;Assistência Comunitária;730;4.4.90.52.05.00.00.00;APARELHOS E EQUIPAMENTOS PARA ESPORTES E DIVERSÕES;2.660.000.0000;TRANSFERÊNCIA DE RECURSOS DO FUNDO NACIONAL DE ASSISTÊNCIA SOCIAL - FNAS;13.528,00
PREFEITURA MUNICIPAL DE BARBACENA;25.003;FUNDO MUNICIPAL DE ASSISTENCIA SOCIAL - FMAS;2.319;MANUTENÇAO DE CRAS - PAIF;56;PROTEÇÃO SOCIAL BÁSICA;8;Assistência Social;244;Assistência Comunitária;730;4.4.90.52.17.00.00.00;EQUIPAMENTOS PARA ÁUDIO, VÍDEO E FOTO;2.660.000.0000;TRANSFERÊNCIA DE RECURSOS DO FUNDO NACIONAL DE ASSISTÊNCIA SOCIAL - FNAS;2.718,87
PREFEITURA MUNICIPAL DE BARBACENA;25.003;FUNDO MUNICIPAL DE ASSISTENCIA SOCIAL - FMAS;2.319;MANUTENÇAO DE CRAS - PAIF;56;PROTEÇÃO SOCIAL BÁSICA;8;Assistência Social;244;Assistência Comunitária;730;4.4.90.52.24.00.00.00;MOBILIÁRIO EM GERAL;2.660.000.0000;TRANSFERÊNCIA DE RECURSOS DO FUNDO NACIONAL DE ASSISTÊNCIA SOCIAL - FNAS;6.902,00
PREFEITURA MUNICIPAL DE BARBACENA;25.003;FUNDO MUNICIPAL DE ASSISTENCIA SOCIAL - FMAS;2.319;MANUTENÇAO DE CRAS - PAIF;56;PROTEÇÃO SOCIAL BÁSICA;8;Assistência Social;244;Assistência Comunitária;730;4.4.90.52.18.00.00.00;MÁQUINAS, UTENSÍLIOS E EQUIPAMENTOS DIVERSOS;2.660.000.0000;TRANSFERÊNCIA DE RECURSOS DO FUNDO NACIONAL DE ASSISTÊNCIA SOCIAL - FNAS;26.719,85
PREFEITURA MUNICIPAL DE BARBACENA;25.003;FUNDO MUNICIPAL DE ASSISTENCIA SOCIAL - FMAS;2.319;MANUTENÇAO DE CRAS - PAIF;56;PROTEÇÃO SOCIAL BÁSICA;8;Assistência Social;244;Assistência Comunitária;730;4.4.90.52.03.00.00.00;APARELHOS E EQUIPAMENTOS DE COMUNICAÇÃO;2.660.000.0000;TRANSFERÊNCIA DE RECURSOS DO FUNDO NACIONAL DE ASSISTÊNCIA SOCIAL - FNAS;1.197,00
PREFEITURA MUNICIPAL DE BARBACENA;25.003;FUNDO MUNICIPAL DE ASSISTENCIA SOCIAL - FMAS;2.451;AMPLIAÇÃO DAS AÇÕES DA AMAB;56;PROTEÇÃO SOCIAL BÁSICA;8;Assistência Social;244;Assistência Comunitária;745;3.3.50.43.00.00.00.00;SUBVENÇÕES SOCIAIS;1.501.000.0000;OUTROS RECURSOS NÃO VINCULADOS;24.752,21
PREFEITURA MUNICIPAL DE BARBACENA;25.003;FUNDO MUNICIPAL DE ASSISTENCIA SOCIAL - FMAS;2.453;AMPLIAÇÃO DAS AÇÕES DAS OBRAS SOCIAIS DE NOSSA SENHORA DE FÁTIMA;56;PROTEÇÃO SOCIAL BÁSICA;8;Assistência Social;244;Assistência Comunitária;746;3.3.50.43.00.00.00.00;SUBVENÇÕES SOCIAIS;1.501.000.0000;OUTROS RECURSOS NÃO VINCULADOS;49.504,00
PREFEITURA MUNICIPAL DE BARBACENA;25.003;FUNDO MUNICIPAL DE ASSISTENCIA SOCIAL - FMAS;2.454;AMPLIAÇÃO DAS AÇÕES DAS OBRAS SOCIAIS SANTO ANTÔNIO;56;PROTEÇÃO SOCIAL BÁSICA;8;Assistência Social;244;Assistência Comunitária;747;3.3.50.43.00.00.00.00;SUBVENÇÕES SOCIAIS;1.501.000.0000;OUTROS RECURSOS NÃO VINCULADOS;4.000,00
PREFEITURA MUNICIPAL DE BARBACENA;25.003;FUNDO MUNICIPAL DE ASSISTENCIA SOCIAL - FMAS;2.454;AMPLIAÇÃO DAS AÇÕES DAS OBRAS SOCIAIS SANTO ANTÔNIO;56;PROTEÇÃO SOCIAL BÁSICA;8;Assistência Social;244;Assistência Comunitária;959;4.4.50.41.00.00.00.00;CONTRIBUIÇÕES;1.501.000.0000;OUTROS RECURSOS NÃO VINCULADOS;45.504,41
PREFEITURA MUNICIPAL DE BARBACENA;25.003;FUNDO MUNICIPAL DE ASSISTENCIA SOCIAL - FMAS;2.455;AMPLIAÇÃO DAS AÇÕES DO CORAL ARAUJO DE BARBACENA CAB;56;PROTEÇÃO SOCIAL BÁSICA;8;Assistência Social;244;Assistência Comunitária;960;4.4.50.41.00.00.00.00;CONTRIBUIÇÕES;1.501.000.0000;OUTROS RECURSOS NÃO VINCULADOS;24.752,21
PREFEITURA MUNICIPAL DE BARBACENA;25.003;FUNDO MUNICIPAL DE ASSISTENCIA SOCIAL - FMAS;2.459;APOIO A ASSOCIAÇÃO DE MÃES E AMIGOS DO AUTISTA DE BARBACENA - AMAB;56;PROTEÇÃO SOCIAL BÁSICA;8;Assistência Social;244;Assistência Comunitária;749;3.3.50.43.00.00.00.00;SUBVENÇÕES SOCIAIS;1.500.000.0000;RECURSOS NÃO VINCULADOS DE IMPOSTOS;53.316,37
PREFEITURA MUNICIPAL DE BARBACENA;25.003;FUNDO MUNICIPAL DE ASSISTENCIA SOCIAL - FMAS;2.459;APOIO A ASSOCIAÇÃO DE MÃES E AMIGOS DO AUTISTA DE BARBACENA - AMAB;56;PROTEÇÃO SOCIAL BÁSICA;8;Assistência Social;244;Assistência Comunitária;749;3.3.50.43.00.00.00.00;SUBVENÇÕES SOCIAIS;1.501.000.0000;OUTROS RECURSOS NÃO VINCULADOS;83.400,00
PREFEITURA MUNICIPAL DE BARBACENA;25.003;FUNDO MUNICIPAL DE ASSISTENCIA SOCIAL - FMAS;2.459;APOIO A ASSOCIAÇÃO DE MÃES E AMIGOS DO AUTISTA DE BARBACENA - AMAB;56;PROTEÇÃO SOCIAL BÁSICA;8;Assistência Social;244;Assistência Comunitária;961;3.3.50.41.00.00.00.00;CONTRIBUIÇÕES;1.501.000.0000;OUTROS RECURSOS NÃO VINCULADOS;199.865,45
PREFEITURA MUNICIPAL DE BARBACENA;25.003;FUNDO MUNICIPAL DE ASSISTENCIA SOCIAL - FMAS;2.461;APOIO A ASSOCIAÇÃO SÃO MIGUEL ARCANJO;56;PROTEÇÃO SOCIAL BÁSICA;8;Assistência Social;244;Assistência Comunitária;750;3.3.50.43.00.00.00.00;SUBVENÇÕES SOCIAIS;1.501.000.0000;OUTROS RECURSOS NÃO VINCULADOS;94.421,34
PREFEITURA MUNICIPAL DE BARBACENA;25.003;FUNDO MUNICIPAL DE ASSISTENCIA SOCIAL - FMAS;2.472;AQUISIÇÃO DE MATERIAIS PSICOPEDAGÓGICOS PARA A ASSOCIAÇÃO DAS MÃES DOS AUTISTAS DE BARBACENA – AMAB;56;PROTEÇÃO SOCIAL BÁSICA;8;Assistência Social;244;Assistência Comunitária;969;3.3.50.41.00.00.00.00;CONTRIBUIÇÕES;1.501.000.0000;OUTROS RECURSOS NÃO VINCULADOS;33.265,45
PREFEITURA MUNICIPAL DE BARBACENA;25.003;FUNDO MUNICIPAL DE ASSISTENCIA SOCIAL - FMAS;2.608;CONTRATOS E PARCERIAS COM ENTIDADES DE ASSISTENCIA SOCIAL;56;PROTEÇÃO SOCIAL BÁSICA;8;Assistência Social;244;Assistência Comunitária;752;3.3.50.43.00.00.00.00;SUBVENÇÕES SOCIAIS;1.500.000.0000;RECURSOS NÃO VINCULADOS DE IMPOSTOS;605.087,84
PREFEITURA MUNICIPAL DE BARBACENA;25.003;FUNDO MUNICIPAL DE ASSISTENCIA SOCIAL - FMAS;2.608;CONTRATOS E PARCERIAS COM ENTIDADES DE ASSISTENCIA SOCIAL;56;PROTEÇÃO SOCIAL BÁSICA;8;Assistência Social;244;Assistência Comunitária;752;3.3.50.43.00.00.00.00;SUBVENÇÕES SOCIAIS;1.501.000.0000;OUTROS RECURSOS NÃO VINCULADOS;732.030,95
PREFEITURA MUNICIPAL DE BARBACENA;25.003;FUNDO MUNICIPAL DE ASSISTENCIA SOCIAL - FMAS;2.608;CONTRATOS E PARCERIAS COM ENTIDADES DE ASSISTENCIA SOCIAL;56;PROTEÇÃO SOCIAL BÁSICA;8;Assistência Social;244;Assistência Comunitária;752;3.3.50.43.00.00.00.00;SUBVENÇÕES SOCIAIS;2.753.000.0000;RECURSOS PROVENIENTES DE TAXAS, CONTRIBUIÇÕES E PREÇOS PÚBLICOS;100.000,00
PREFEITURA MUNICIPAL DE BARBACENA;25.003;FUNDO MUNICIPAL DE ASSISTENCIA SOCIAL - FMAS;2.608;CONTRATOS E PARCERIAS COM ENTIDADES DE ASSISTENCIA SOCIAL;56;PROTEÇÃO SOCIAL BÁSICA;8;Assistência Social;244;Assistência Comunitária;753;3.3.90.39.05.00.00.00;SERVIÇOS TÉCNICOS PROFISSIONAIS;1.500.000.0000;RECURSOS NÃO VINCULADOS DE IMPOSTOS;73.556,58
PREFEITURA MUNICIPAL DE BARBACENA;25.003;FUNDO MUNICIPAL DE ASSISTENCIA SOCIAL - FMAS;2.307;SERVIÇO DE ATENÇAO AO MIGRANTE;57;PROTEÇÃO SOCIAL ESPECIAL DE MÉDIA COMPLEXIDADE;8;Assistência Social;244;Assistência Comunitária;754;3.1.90.04.15.00.00.00;OBRIGAÇÕES PATRONAIS - CONTRATO TEMPORÁRIO;1.500.000.0000;RECURSOS NÃO VINCULADOS DE IMPOSTOS;4.526,56
PREFEITURA MUNICIPAL DE BARBACENA;25.003;FUNDO MUNICIPAL DE ASSISTENCIA SOCIAL - FMAS;2.307;SERVIÇO DE ATENÇAO AO MIGRANTE;57;PROTEÇÃO SOCIAL ESPECIAL DE MÉDIA COMPLEXIDADE;8;Assistência Social;244;Assistência Comunitária;754;3.1.90.04.01.00.00.00;SALÁRIO CONTRATO TEMPORÁRIO;1.500.000.0000;RECURSOS NÃO VINCULADOS DE IMPOSTOS;21.342,58
PREFEITURA MUNICIPAL DE BARBACENA;25.003;FUNDO MUNICIPAL DE ASSISTENCIA SOCIAL - FMAS;2.307;SERVIÇO DE ATENÇAO AO MIGRANTE;57;PROTEÇÃO SOCIAL ESPECIAL DE MÉDIA COMPLEXIDADE;8;Assistência Social;244;Assistência Comunitária;761;3.3.90.46.00.00.00.00;AUXÍLIO-ALIMENTAÇÃO;1.500.000.0000;RECURSOS NÃO VINCULADOS DE IMPOSTOS;3.150,00
PREFEITURA MUNICIPAL DE BARBACENA;25.003;FUNDO MUNICIPAL DE ASSISTENCIA SOCIAL - FMAS;2.315;MANUTENÇAO DO CREAS - PAEFI;57;PROTEÇÃO SOCIAL ESPECIAL DE MÉDIA COMPLEXIDADE;8;Assistência Social;244;Assistência Comunitária;763;3.1.90.04.15.00.00.00;OBRIGAÇÕES PATRONAIS - CONTRATO TEMPORÁRIO;1.500.000.0000;RECURSOS NÃO VINCULADOS DE IMPOSTOS;22.201,40
PREFEITURA MUNICIPAL DE BARBACENA;25.003;FUNDO MUNICIPAL DE ASSISTENCIA SOCIAL - FMAS;2.315;MANUTENÇAO DO CREAS - PAEFI;57;PROTEÇÃO SOCIAL ESPECIAL DE MÉDIA COMPLEXIDADE;8;Assistência Social;244;Assistência Comunitária;763;3.1.90.04.01.00.00.00;SALÁRIO CONTRATO TEMPORÁRIO;1.500.000.0000;RECURSOS NÃO VINCULADOS DE IMPOSTOS;113.613,90
PREFEITURA MUNICIPAL DE BARBACENA;25.003;FUNDO MUNICIPAL DE ASSISTENCIA SOCIAL - FMAS;2.315;MANUTENÇAO DO CREAS - PAEFI;57;PROTEÇÃO SOCIAL ESPECIAL DE MÉDIA COMPLEXIDADE;8;Assistência Social;244;Assistência Comunitária;763;3.1.90.04.01.00.00.00;SALÁRIO CONTRATO TEMPORÁRIO;1.660.000.0000;TRANSFERÊNCIA DE RECURSOS DO FUNDO NACIONAL DE ASSISTÊNCIA SOCIAL - FNAS;90.166,86
PREFEITURA MUNICIPAL DE BARBACENA;25.003;FUNDO MUNICIPAL DE ASSISTENCIA SOCIAL - FMAS;2.315;MANUTENÇAO DO CREAS - PAEFI;57;PROTEÇÃO SOCIAL ESPECIAL DE MÉDIA COMPLEXIDADE;8;Assistência Social;244;Assistência Comunitária;763;3.1.90.04.15.00.00.00;OBRIGAÇÕES PATRONAIS - CONTRATO TEMPORÁRIO;1.660.000.0000;TRANSFERÊNCIA DE RECURSOS DO FUNDO NACIONAL DE ASSISTÊNCIA SOCIAL - FNAS;18.963,65
PREFEITURA MUNICIPAL DE BARBACENA;25.003;FUNDO MUNICIPAL DE ASSISTENCIA SOCIAL - FMAS;2.315;MANUTENÇAO DO CREAS - PAEFI;57;PROTEÇÃO SOCIAL ESPECIAL DE MÉDIA COMPLEXIDADE;8;Assistência Social;244;Assistência Comunitária;764;3.1.90.11.01.00.00.00;VENCIMENTOS E SALÁRIOS;1.500.000.0000;RECURSOS NÃO VINCULADOS DE IMPOSTOS;125.953,84
PREFEITURA MUNICIPAL DE BARBACENA;25.003;FUNDO MUNICIPAL DE ASSISTENCIA SOCIAL - FMAS;2.315;MANUTENÇAO DO CREAS - PAEFI;57;PROTEÇÃO SOCIAL ESPECIAL DE MÉDIA COMPLEXIDADE;8;Assistência Social;244;Assistência Comunitária;764;3.1.90.11.52.00.00.00;LICENÇA SAÚDE;1.500.000.0000;RECURSOS NÃO VINCULADOS DE IMPOSTOS;993,38
PREFEITURA MUNICIPAL DE BARBACENA;25.003;FUNDO MUNICIPAL DE ASSISTENCIA SOCIAL - FMAS;2.315;MANUTENÇAO DO CREAS - PAEFI;57;PROTEÇÃO SOCIAL ESPECIAL DE MÉDIA COMPLEXIDADE;8;Assistência Social;244;Assistência Comunitária;766;3.1.91.13.08.00.00.00;CONTRIB. PREV.- RPPS - PESSOAL ATIVO - PLANO PREV.;1.500.000.0000;RECURSOS NÃO VINCULADOS DE IMPOSTOS;34.553,16
PREFEITURA MUNICIPAL DE BARBACENA;25.003;FUNDO MUNICIPAL DE ASSISTENCIA SOCIAL - FMAS;2.315;MANUTENÇAO DO CREAS - PAEFI;57;PROTEÇÃO SOCIAL ESPECIAL DE MÉDIA COMPLEXIDADE;8;Assistência Social;244;Assistência Comunitária;768;3.3.90.30.28.00.00.00;MATERIAL DE PROTEÇÃO E SEGURANÇA;1.500.000.0000;RECURSOS NÃO VINCULADOS DE IMPOSTOS;36,40
PREFEITURA MUNICIPAL DE BARBACENA;25.003;FUNDO MUNICIPAL DE ASSISTENCIA SOCIAL - FMAS;2.315;MANUTENÇAO DO CREAS - PAEFI;57;PROTEÇÃO SOCIAL ESPECIAL DE MÉDIA COMPLEXIDADE;8;Assistência Social;244;Assistência Comunitária;768;3.3.90.30.16.00.00.00;MATERIAL DE EXPEDIENTE;1.660.000.0000;TRANSFERÊNCIA DE RECURSOS DO FUNDO NACIONAL DE ASSISTÊNCIA SOCIAL - FNAS;970,00
PREFEITURA MUNICIPAL DE BARBACENA;25.003;FUNDO MUNICIPAL DE ASSISTENCIA SOCIAL - FMAS;2.315;MANUTENÇAO DO CREAS - PAEFI;57;PROTEÇÃO SOCIAL ESPECIAL DE MÉDIA COMPLEXIDADE;8;Assistência Social;244;Assistência Comunitária;769;3.3.90.36.14.00.00.00;LOCAÇÃO DE IMÓVEIS;1.660.000.0000;TRANSFERÊNCIA DE RECURSOS DO FUNDO NACIONAL DE ASSISTÊNCIA SOCIAL - FNAS;35.570,08
PREFEITURA MUNICIPAL DE BARBACENA;25.003;FUNDO MUNICIPAL DE ASSISTENCIA SOCIAL - FMAS;2.315;MANUTENÇAO DO CREAS - PAEFI;57;PROTEÇÃO SOCIAL ESPECIAL DE MÉDIA COMPLEXIDADE;8;Assistência Social;244;Assistência Comunitária;770;3.3.90.39.43.00.00.00;SERVIÇOS DE TELECOMUNICAÇÕES;1.660.000.0000;TRANSFERÊNCIA DE RECURSOS DO FUNDO NACIONAL DE ASSISTÊNCIA SOCIAL - FNAS;720,00
PREFEITURA MUNICIPAL DE BARBACENA;25.003;FUNDO MUNICIPAL DE ASSISTENCIA SOCIAL - FMAS;2.315;MANUTENÇAO DO CREAS - PAEFI;57;PROTEÇÃO SOCIAL ESPECIAL DE MÉDIA COMPLEXIDADE;8;Assistência Social;244;Assistência Comunitária;770;3.3.90.39.12.00.00.00;LOCAÇÃO DE MÁQUINAS E EQUIPAMENTOS;1.660.000.0000;TRANSFERÊNCIA DE RECURSOS DO FUNDO NACIONAL DE ASSISTÊNCIA SOCIAL - FNAS;3.334,95
PREFEITURA MUNICIPAL DE BARBACENA;25.003;FUNDO MUNICIPAL DE ASSISTENCIA SOCIAL - FMAS;2.315;MANUTENÇAO DO CREAS - PAEFI;57;PROTEÇÃO SOCIAL ESPECIAL DE MÉDIA COMPLEXIDADE;8;Assistência Social;244;Assistência Comunitária;770;3.3.90.39.99.00.00.00;OUTROS SERVIÇOS DE TERCEIROS - PESSOA JURÍDICA;1.660.000.0000;TRANSFERÊNCIA DE RECURSOS DO FUNDO NACIONAL DE ASSISTÊNCIA SOCIAL - FNAS;1.320,06
PREFEITURA MUNICIPAL DE BARBACENA;25.003;FUNDO MUNICIPAL DE ASSISTENCIA SOCIAL - FMAS;2.315;MANUTENÇAO DO CREAS - PAEFI;57;PROTEÇÃO SOCIAL ESPECIAL DE MÉDIA COMPLEXIDADE;8;Assistência Social;244;Assistência Comunitária;771;3.3.90.46.00.00.00.00;AUXÍLIO-ALIMENTAÇÃO;1.500.000.0000;RECURSOS NÃO VINCULADOS DE IMPOSTOS;30.750,00
PREFEITURA MUNICIPAL DE BARBACENA;25.003;FUNDO MUNICIPAL DE ASSISTENCIA SOCIAL - FMAS;2.315;MANUTENÇAO DO CREAS - PAEFI;57;PROTEÇÃO SOCIAL ESPECIAL DE MÉDIA COMPLEXIDADE;8;Assistência Social;244;Assistência Comunitária;771;3.3.90.46.00.00.00.00;AUXÍLIO-ALIMENTAÇÃO;1.660.000.0000;TRANSFERÊNCIA DE RECURSOS DO FUNDO NACIONAL DE ASSISTÊNCIA SOCIAL - FNAS;13.950,00
PREFEITURA MUNICIPAL DE BARBACENA;25.003;FUNDO MUNICIPAL DE ASSISTENCIA SOCIAL - FMAS;2.688;MAN. DO CONVÊNIO DE HABILIT. E REABILIT. DA PESSOA COM DEFICIÊNCIA - PTMC  - APAE;57;PROTEÇÃO SOCIAL ESPECIAL DE MÉDIA COMPLEXIDADE;8;Assistência Social;244;Assistência Comunitária;778;3.3.90.39.99.00.00.00;OUTROS SERVIÇOS DE TERCEIROS - PESSOA JURÍDICA;2.660.000.0000;TRANSFERÊNCIA DE RECURSOS DO FUNDO NACIONAL DE ASSISTÊNCIA SOCIAL - FNAS;80.014,40
PREFEITURA MUNICIPAL DE BARBACENA;25.003;FUNDO MUNICIPAL DE ASSISTENCIA SOCIAL - FMAS;2.657;MANUTENÇÃO DE PARCERIAS, COOPERAÇAO E/OU FOMENTO COM INSTITUIÇÕES DE LONGA PERMANÊNCIA DE IDOSOS;58;PROTEÇÃO SOCIAL ESPECIAL DE ALTA COMPLEXIDADE;8;Assistência Social;241;Assistência à Pessoa Idosa;669;3.3.90.39.99.00.00.00;OUTROS SERVIÇOS DE TERCEIROS - PESSOA JURÍDICA;2.660.000.0000;TRANSFERÊNCIA DE RECURSOS DO FUNDO NACIONAL DE ASSISTÊNCIA SOCIAL - FNAS;27.000,00
PREFEITURA MUNICIPAL DE BARBACENA;25.003;FUNDO MUNICIPAL DE ASSISTENCIA SOCIAL - FMAS;2.310;REFORMA E MANUTENÇÃO DA CASA DE ACOLHIMENTO INSTITUCIONAL CRIANÇA E ADOLESCENTE;58;PROTEÇÃO SOCIAL ESPECIAL DE ALTA COMPLEXIDADE;8;Assistência Social;244;Assistência Comunitária;779;3.1.90.04.01.00.00.00;SALÁRIO CONTRATO TEMPORÁRIO;1.500.000.0000;RECURSOS NÃO VINCULADOS DE IMPOSTOS;89.341,56
PREFEITURA MUNICIPAL DE BARBACENA;25.003;FUNDO MUNICIPAL DE ASSISTENCIA SOCIAL - FMAS;2.310;REFORMA E MANUTENÇÃO DA CASA DE ACOLHIMENTO INSTITUCIONAL CRIANÇA E ADOLESCENTE;58;PROTEÇÃO SOCIAL ESPECIAL DE ALTA COMPLEXIDADE;8;Assistência Social;244;Assistência Comunitária;779;3.1.90.04.15.00.00.00;OBRIGAÇÕES PATRONAIS - CONTRATO TEMPORÁRIO;1.500.000.0000;RECURSOS NÃO VINCULADOS DE IMPOSTOS;17.289,22
PREFEITURA MUNICIPAL DE BARBACENA;25.003;FUNDO MUNICIPAL DE ASSISTENCIA SOCIAL - FMAS;2.310;REFORMA E MANUTENÇÃO DA CASA DE ACOLHIMENTO INSTITUCIONAL CRIANÇA E ADOLESCENTE;58;PROTEÇÃO SOCIAL ESPECIAL DE ALTA COMPLEXIDADE;8;Assistência Social;244;Assistência Comunitária;779;3.1.90.04.15.00.00.00;OBRIGAÇÕES PATRONAIS - CONTRATO TEMPORÁRIO;1.660.000.0000;TRANSFERÊNCIA DE RECURSOS DO FUNDO NACIONAL DE ASSISTÊNCIA SOCIAL - FNAS;16.938,82
PREFEITURA MUNICIPAL DE BARBACENA;25.003;FUNDO MUNICIPAL DE ASSISTENCIA SOCIAL - FMAS;2.310;REFORMA E MANUTENÇÃO DA CASA DE ACOLHIMENTO INSTITUCIONAL CRIANÇA E ADOLESCENTE;58;PROTEÇÃO SOCIAL ESPECIAL DE ALTA COMPLEXIDADE;8;Assistência Social;244;Assistência Comunitária;779;3.1.90.04.01.00.00.00;SALÁRIO CONTRATO TEMPORÁRIO;1.660.000.0000;TRANSFERÊNCIA DE RECURSOS DO FUNDO NACIONAL DE ASSISTÊNCIA SOCIAL - FNAS;78.034,31
PREFEITURA MUNICIPAL DE BARBACENA;25.003;FUNDO MUNICIPAL DE ASSISTENCIA SOCIAL - FMAS;2.310;REFORMA E MANUTENÇÃO DA CASA DE ACOLHIMENTO INSTITUCIONAL CRIANÇA E ADOLESCENTE;58;PROTEÇÃO SOCIAL ESPECIAL DE ALTA COMPLEXIDADE;8;Assistência Social;244;Assistência Comunitária;779;3.1.90.04.01.00.00.00;SALÁRIO CONTRATO TEMPORÁRIO;1.661.000.0000;TRANSFERÊNCIA DE RECURSOS DOS FUNDOS ESTADUAIS DE ASSISTÊNCIA SOCIAL;30.503,69
PREFEITURA MUNICIPAL DE BARBACENA;25.003;FUNDO MUNICIPAL DE ASSISTENCIA SOCIAL - FMAS;2.310;REFORMA E MANUTENÇÃO DA CASA DE ACOLHIMENTO INSTITUCIONAL CRIANÇA E ADOLESCENTE;58;PROTEÇÃO SOCIAL ESPECIAL DE ALTA COMPLEXIDADE;8;Assistência Social;244;Assistência Comunitária;779;3.1.90.04.15.00.00.00;OBRIGAÇÕES PATRONAIS - CONTRATO TEMPORÁRIO;1.661.000.0000;TRANSFERÊNCIA DE RECURSOS DOS FUNDOS ESTADUAIS DE ASSISTÊNCIA SOCIAL;5.787,03
PREFEITURA MUNICIPAL DE BARBACENA;25.003;FUNDO MUNICIPAL DE ASSISTENCIA SOCIAL - FMAS;2.310;REFORMA E MANUTENÇÃO DA CASA DE ACOLHIMENTO INSTITUCIONAL CRIANÇA E ADOLESCENTE;58;PROTEÇÃO SOCIAL ESPECIAL DE ALTA COMPLEXIDADE;8;Assistência Social;244;Assistência Comunitária;779;3.1.90.04.01.00.00.00;SALÁRIO CONTRATO TEMPORÁRIO;2.661.000.0000;TRANSFERÊNCIA DE RECURSOS DOS FUNDOS ESTADUAIS DE ASSISTÊNCIA SOCIAL;103.139,00
PREFEITURA MUNICIPAL DE BARBACENA;25.003;FUNDO MUNICIPAL DE ASSISTENCIA SOCIAL - FMAS;2.310;REFORMA E MANUTENÇÃO DA CASA DE ACOLHIMENTO INSTITUCIONAL CRIANÇA E ADOLESCENTE;58;PROTEÇÃO SOCIAL ESPECIAL DE ALTA COMPLEXIDADE;8;Assistência Social;244;Assistência Comunitária;779;3.1.90.04.15.00.00.00;OBRIGAÇÕES PATRONAIS - CONTRATO TEMPORÁRIO;2.661.000.0000;TRANSFERÊNCIA DE RECURSOS DOS FUNDOS ESTADUAIS DE ASSISTÊNCIA SOCIAL;11.828,65
PREFEITURA MUNICIPAL DE BARBACENA;25.003;FUNDO MUNICIPAL DE ASSISTENCIA SOCIAL - FMAS;2.310;REFORMA E MANUTENÇÃO DA CASA DE ACOLHIMENTO INSTITUCIONAL CRIANÇA E ADOLESCENTE;58;PROTEÇÃO SOCIAL ESPECIAL DE ALTA COMPLEXIDADE;8;Assistência Social;244;Assistência Comunitária;784;3.3.90.30.37.00.00.00;MATERIAL PARA MANUTENÇÃO DE VEÍCULOS;1.501.000.0000;OUTROS RECURSOS NÃO VINCULADOS;6.000,00
PREFEITURA MUNICIPAL DE BARBACENA;25.003;FUNDO MUNICIPAL DE ASSISTENCIA SOCIAL - FMAS;2.310;REFORMA E MANUTENÇÃO DA CASA DE ACOLHIMENTO INSTITUCIONAL CRIANÇA E ADOLESCENTE;58;PROTEÇÃO SOCIAL ESPECIAL DE ALTA COMPLEXIDADE;8;Assistência Social;244;Assistência Comunitária;784;3.3.90.30.99.00.00.00;OUTROS MATERIAIS DE CONSUMO;1.501.000.0000;OUTROS RECURSOS NÃO VINCULADOS;7.393,18
PREFEITURA MUNICIPAL DE BARBACENA;25.003;FUNDO MUNICIPAL DE ASSISTENCIA SOCIAL - FMAS;2.310;REFORMA E MANUTENÇÃO DA CASA DE ACOLHIMENTO INSTITUCIONAL CRIANÇA E ADOLESCENTE;58;PROTEÇÃO SOCIAL ESPECIAL DE ALTA COMPLEXIDADE;8;Assistência Social;244;Assistência Comunitária;784;3.3.90.30.99.00.00.00;OUTROS MATERIAIS DE CONSUMO;1.660.000.0000;TRANSFERÊNCIA DE RECURSOS DO FUNDO NACIONAL DE ASSISTÊNCIA SOCIAL - FNAS;17.249,00
PREFEITURA MUNICIPAL DE BARBACENA;25.003;FUNDO MUNICIPAL DE ASSISTENCIA SOCIAL - FMAS;2.310;REFORMA E MANUTENÇÃO DA CASA DE ACOLHIMENTO INSTITUCIONAL CRIANÇA E ADOLESCENTE;58;PROTEÇÃO SOCIAL ESPECIAL DE ALTA COMPLEXIDADE;8;Assistência Social;244;Assistência Comunitária;784;3.3.90.30.07.00.00.00;GÊNEROS DE ALIMENTAÇÃO;1.660.000.0000;TRANSFERÊNCIA DE RECURSOS DO FUNDO NACIONAL DE ASSISTÊNCIA SOCIAL - FNAS;8.344,95
PREFEITURA MUNICIPAL DE BARBACENA;25.003;FUNDO MUNICIPAL DE ASSISTENCIA SOCIAL - FMAS;2.310;REFORMA E MANUTENÇÃO DA CASA DE ACOLHIMENTO INSTITUCIONAL CRIANÇA E ADOLESCENTE;58;PROTEÇÃO SOCIAL ESPECIAL DE ALTA COMPLEXIDADE;8;Assistência Social;244;Assistência Comunitária;784;3.3.90.30.99.00.00.00;OUTROS MATERIAIS DE CONSUMO;2.660.000.0000;TRANSFERÊNCIA DE RECURSOS DO FUNDO NACIONAL DE ASSISTÊNCIA SOCIAL - FNAS;2.500,00
PREFEITURA MUNICIPAL DE BARBACENA;25.003;FUNDO MUNICIPAL DE ASSISTENCIA SOCIAL - FMAS;2.310;REFORMA E MANUTENÇÃO DA CASA DE ACOLHIMENTO INSTITUCIONAL CRIANÇA E ADOLESCENTE;58;PROTEÇÃO SOCIAL ESPECIAL DE ALTA COMPLEXIDADE;8;Assistência Social;244;Assistência Comunitária;784;3.3.90.30.09.00.00.00;MEDICAMENTOS;2.661.000.0000;TRANSFERÊNCIA DE RECURSOS DOS FUNDOS ESTADUAIS DE ASSISTÊNCIA SOCIAL;12.350,00
PREFEITURA MUNICIPAL DE BARBACENA;25.003;FUNDO MUNICIPAL DE ASSISTENCIA SOCIAL - FMAS;2.310;REFORMA E MANUTENÇÃO DA CASA DE ACOLHIMENTO INSTITUCIONAL CRIANÇA E ADOLESCENTE;58;PROTEÇÃO SOCIAL ESPECIAL DE ALTA COMPLEXIDADE;8;Assistência Social;244;Assistência Comunitária;784;3.3.90.30.99.00.00.00;OUTROS MATERIAIS DE CONSUMO;2.661.000.0000;TRANSFERÊNCIA DE RECURSOS DOS FUNDOS ESTADUAIS DE ASSISTÊNCIA SOCIAL;40.235,70
PREFEITURA MUNICIPAL DE BARBACENA;25.003;FUNDO MUNICIPAL DE ASSISTENCIA SOCIAL - FMAS;2.310;REFORMA E MANUTENÇÃO DA CASA DE ACOLHIMENTO INSTITUCIONAL CRIANÇA E ADOLESCENTE;58;PROTEÇÃO SOCIAL ESPECIAL DE ALTA COMPLEXIDADE;8;Assistência Social;244;Assistência Comunitária;784;3.3.90.30.22.00.00.00;MATERIAL DE LIMPEZA E PRODUÇÃO DE HIGIENIZAÇÃO;2.661.000.0000;TRANSFERÊNCIA DE RECURSOS DOS FUNDOS ESTADUAIS DE ASSISTÊNCIA SOCIAL;67.737,10
PREFEITURA MUNICIPAL DE BARBACENA;25.003;FUNDO MUNICIPAL DE ASSISTENCIA SOCIAL - FMAS;2.310;REFORMA E MANUTENÇÃO DA CASA DE ACOLHIMENTO INSTITUCIONAL CRIANÇA E ADOLESCENTE;58;PROTEÇÃO SOCIAL ESPECIAL DE ALTA COMPLEXIDADE;8;Assistência Social;244;Assistência Comunitária;785;3.3.90.33.99.00.00.00;OUTRAS DESPESAS COM LOCOMOÇÃO;1.660.000.0000;TRANSFERÊNCIA DE RECURSOS DO FUNDO NACIONAL DE ASSISTÊNCIA SOCIAL - FNAS;320,00
PREFEITURA MUNICIPAL DE BARBACENA;25.003;FUNDO MUNICIPAL DE ASSISTENCIA SOCIAL - FMAS;2.310;REFORMA E MANUTENÇÃO DA CASA DE ACOLHIMENTO INSTITUCIONAL CRIANÇA E ADOLESCENTE;58;PROTEÇÃO SOCIAL ESPECIAL DE ALTA COMPLEXIDADE;8;Assistência Social;244;Assistência Comunitária;786;3.3.90.36.14.00.00.00;LOCAÇÃO DE IMÓVEIS;1.660.000.0000;TRANSFERÊNCIA DE RECURSOS DO FUNDO NACIONAL DE ASSISTÊNCIA SOCIAL - FNAS;45.600,00
PREFEITURA MUNICIPAL DE BARBACENA;25.003;FUNDO MUNICIPAL DE ASSISTENCIA SOCIAL - FMAS;2.310;REFORMA E MANUTENÇÃO DA CASA DE ACOLHIMENTO INSTITUCIONAL CRIANÇA E ADOLESCENTE;58;PROTEÇÃO SOCIAL ESPECIAL DE ALTA COMPLEXIDADE;8;Assistência Social;244;Assistência Comunitária;787;3.3.90.39.27.00.00.00;FORNECIMENTO DE ALIMENTAÇÃO;1.500.000.0000;RECURSOS NÃO VINCULADOS DE IMPOSTOS;45.216,00
PREFEITURA MUNICIPAL DE BARBACENA;25.003;FUNDO MUNICIPAL DE ASSISTENCIA SOCIAL - FMAS;2.310;REFORMA E MANUTENÇÃO DA CASA DE ACOLHIMENTO INSTITUCIONAL CRIANÇA E ADOLESCENTE;58;PROTEÇÃO SOCIAL ESPECIAL DE ALTA COMPLEXIDADE;8;Assistência Social;244;Assistência Comunitária;787;3.3.90.39.99.00.00.00;OUTROS SERVIÇOS DE TERCEIROS - PESSOA JURÍDICA;1.501.000.0000;OUTROS RECURSOS NÃO VINCULADOS;14.696,13
PREFEITURA MUNICIPAL DE BARBACENA;25.003;FUNDO MUNICIPAL DE ASSISTENCIA SOCIAL - FMAS;2.310;REFORMA E MANUTENÇÃO DA CASA DE ACOLHIMENTO INSTITUCIONAL CRIANÇA E ADOLESCENTE;58;PROTEÇÃO SOCIAL ESPECIAL DE ALTA COMPLEXIDADE;8;Assistência Social;244;Assistência Comunitária;787;3.3.90.39.12.00.00.00;LOCAÇÃO DE MÁQUINAS E EQUIPAMENTOS;1.660.000.0000;TRANSFERÊNCIA DE RECURSOS DO FUNDO NACIONAL DE ASSISTÊNCIA SOCIAL - FNAS;3.334,95
PREFEITURA MUNICIPAL DE BARBACENA;25.003;FUNDO MUNICIPAL DE ASSISTENCIA SOCIAL - FMAS;2.310;REFORMA E MANUTENÇÃO DA CASA DE ACOLHIMENTO INSTITUCIONAL CRIANÇA E ADOLESCENTE;58;PROTEÇÃO SOCIAL ESPECIAL DE ALTA COMPLEXIDADE;8;Assistência Social;244;Assistência Comunitária;787;3.3.90.39.99.00.00.00;OUTROS SERVIÇOS DE TERCEIROS - PESSOA JURÍDICA;1.660.000.0000;TRANSFERÊNCIA DE RECURSOS DO FUNDO NACIONAL DE ASSISTÊNCIA SOCIAL - FNAS;32.657,20
PREFEITURA MUNICIPAL DE BARBACENA;25.003;FUNDO MUNICIPAL DE ASSISTENCIA SOCIAL - FMAS;2.310;REFORMA E MANUTENÇÃO DA CASA DE ACOLHIMENTO INSTITUCIONAL CRIANÇA E ADOLESCENTE;58;PROTEÇÃO SOCIAL ESPECIAL DE ALTA COMPLEXIDADE;8;Assistência Social;244;Assistência Comunitária;787;3.3.90.39.43.00.00.00;SERVIÇOS DE TELECOMUNICAÇÕES;1.660.000.0000;TRANSFERÊNCIA DE RECURSOS DO FUNDO NACIONAL DE ASSISTÊNCIA SOCIAL - FNAS;360,00
PREFEITURA MUNICIPAL DE BARBACENA;25.003;FUNDO MUNICIPAL DE ASSISTENCIA SOCIAL - FMAS;2.310;REFORMA E MANUTENÇÃO DA CASA DE ACOLHIMENTO INSTITUCIONAL CRIANÇA E ADOLESCENTE;58;PROTEÇÃO SOCIAL ESPECIAL DE ALTA COMPLEXIDADE;8;Assistência Social;244;Assistência Comunitária;787;3.3.90.39.27.00.00.00;FORNECIMENTO DE ALIMENTAÇÃO;2.660.000.0000;TRANSFERÊNCIA DE RECURSOS DO FUNDO NACIONAL DE ASSISTÊNCIA SOCIAL - FNAS;172.700,00
PREFEITURA MUNICIPAL DE BARBACENA;25.003;FUNDO MUNICIPAL DE ASSISTENCIA SOCIAL - FMAS;2.310;REFORMA E MANUTENÇÃO DA CASA DE ACOLHIMENTO INSTITUCIONAL CRIANÇA E ADOLESCENTE;58;PROTEÇÃO SOCIAL ESPECIAL DE ALTA COMPLEXIDADE;8;Assistência Social;244;Assistência Comunitária;788;3.3.90.46.00.00.00.00;AUXÍLIO-ALIMENTAÇÃO;1.500.000.0000;RECURSOS NÃO VINCULADOS DE IMPOSTOS;22.035,00
PREFEITURA MUNICIPAL DE BARBACENA;25.003;FUNDO MUNICIPAL DE ASSISTENCIA SOCIAL - FMAS;2.310;REFORMA E MANUTENÇÃO DA CASA DE ACOLHIMENTO INSTITUCIONAL CRIANÇA E ADOLESCENTE;58;PROTEÇÃO SOCIAL ESPECIAL DE ALTA COMPLEXIDADE;8;Assistência Social;244;Assistência Comunitária;788;3.3.90.46.00.00.00.00;AUXÍLIO-ALIMENTAÇÃO;1.660.000.0000;TRANSFERÊNCIA DE RECURSOS DO FUNDO NACIONAL DE ASSISTÊNCIA SOCIAL - FNAS;14.850,00
PREFEITURA MUNICIPAL DE BARBACENA;25.003;FUNDO MUNICIPAL DE ASSISTENCIA SOCIAL - FMAS;2.310;REFORMA E MANUTENÇÃO DA CASA DE ACOLHIMENTO INSTITUCIONAL CRIANÇA E ADOLESCENTE;58;PROTEÇÃO SOCIAL ESPECIAL DE ALTA COMPLEXIDADE;8;Assistência Social;244;Assistência Comunitária;788;3.3.90.46.00.00.00.00;AUXÍLIO-ALIMENTAÇÃO;1.661.000.0000;TRANSFERÊNCIA DE RECURSOS DOS FUNDOS ESTADUAIS DE ASSISTÊNCIA SOCIAL;4.600,00
PREFEITURA MUNICIPAL DE BARBACENA;25.003;FUNDO MUNICIPAL DE ASSISTENCIA SOCIAL - FMAS;2.310;REFORMA E MANUTENÇÃO DA CASA DE ACOLHIMENTO INSTITUCIONAL CRIANÇA E ADOLESCENTE;58;PROTEÇÃO SOCIAL ESPECIAL DE ALTA COMPLEXIDADE;8;Assistência Social;244;Assistência Comunitária;788;3.3.90.46.00.00.00.00;AUXÍLIO-ALIMENTAÇÃO;2.661.000.0000;TRANSFERÊNCIA DE RECURSOS DOS FUNDOS ESTADUAIS DE ASSISTÊNCIA SOCIAL;32.680,00
PREFEITURA MUNICIPAL DE BARBACENA;25.003;FUNDO MUNICIPAL DE ASSISTENCIA SOCIAL - FMAS;2.310;REFORMA E MANUTENÇÃO DA CASA DE ACOLHIMENTO INSTITUCIONAL CRIANÇA E ADOLESCENTE;58;PROTEÇÃO SOCIAL ESPECIAL DE ALTA COMPLEXIDADE;8;Assistência Social;244;Assistência Comunitária;925;3.1.90.11.52.00.00.00;LICENÇA SAÚDE;1.500.000.0000;RECURSOS NÃO VINCULADOS DE IMPOSTOS;2.057,73
PREFEITURA MUNICIPAL DE BARBACENA;25.003;FUNDO MUNICIPAL DE ASSISTENCIA SOCIAL - FMAS;2.310;REFORMA E MANUTENÇÃO DA CASA DE ACOLHIMENTO INSTITUCIONAL CRIANÇA E ADOLESCENTE;58;PROTEÇÃO SOCIAL ESPECIAL DE ALTA COMPLEXIDADE;8;Assistência Social;244;Assistência Comunitária;925;3.1.90.11.01.00.00.00;VENCIMENTOS E SALÁRIOS;1.500.000.0000;RECURSOS NÃO VINCULADOS DE IMPOSTOS;15.777,06
PREFEITURA MUNICIPAL DE BARBACENA;25.003;FUNDO MUNICIPAL DE ASSISTENCIA SOCIAL - FMAS;2.310;REFORMA E MANUTENÇÃO DA CASA DE ACOLHIMENTO INSTITUCIONAL CRIANÇA E ADOLESCENTE;58;PROTEÇÃO SOCIAL ESPECIAL DE ALTA COMPLEXIDADE;8;Assistência Social;244;Assistência Comunitária;925;3.1.90.11.01.00.00.00;VENCIMENTOS E SALÁRIOS;2.661.000.0000;TRANSFERÊNCIA DE RECURSOS DOS FUNDOS ESTADUAIS DE ASSISTÊNCIA SOCIAL;9.366,20
PREFEITURA MUNICIPAL DE BARBACENA;25.003;FUNDO MUNICIPAL DE ASSISTENCIA SOCIAL - FMAS;2.310;REFORMA E MANUTENÇÃO DA CASA DE ACOLHIMENTO INSTITUCIONAL CRIANÇA E ADOLESCENTE;58;PROTEÇÃO SOCIAL ESPECIAL DE ALTA COMPLEXIDADE;8;Assistência Social;244;Assistência Comunitária;925;3.1.90.11.52.00.00.00;LICENÇA SAÚDE;2.661.000.0000;TRANSFERÊNCIA DE RECURSOS DOS FUNDOS ESTADUAIS DE ASSISTÊNCIA SOCIAL;1.277,21
PREFEITURA MUNICIPAL DE BARBACENA;25.003;FUNDO MUNICIPAL DE ASSISTENCIA SOCIAL - FMAS;2.310;REFORMA E MANUTENÇÃO DA CASA DE ACOLHIMENTO INSTITUCIONAL CRIANÇA E ADOLESCENTE;58;PROTEÇÃO SOCIAL ESPECIAL DE ALTA COMPLEXIDADE;8;Assistência Social;244;Assistência Comunitária;926;3.1.91.13.08.00.00.00;CONTRIB. PREV.- RPPS - PESSOAL ATIVO - PLANO PREV.;1.500.000.0000;RECURSOS NÃO VINCULADOS DE IMPOSTOS;4.795,06
PREFEITURA MUNICIPAL DE BARBACENA;25.003;FUNDO MUNICIPAL DE ASSISTENCIA SOCIAL - FMAS;2.310;REFORMA E MANUTENÇÃO DA CASA DE ACOLHIMENTO INSTITUCIONAL CRIANÇA E ADOLESCENTE;58;PROTEÇÃO SOCIAL ESPECIAL DE ALTA COMPLEXIDADE;8;Assistência Social;244;Assistência Comunitária;926;3.1.91.13.08.00.00.00;CONTRIB. PREV.- RPPS - PESSOAL ATIVO - PLANO PREV.;1.661.000.0000;TRANSFERÊNCIA DE RECURSOS DOS FUNDOS ESTADUAIS DE ASSISTÊNCIA SOCIAL;563,41
PREFEITURA MUNICIPAL DE BARBACENA;25.003;FUNDO MUNICIPAL DE ASSISTENCIA SOCIAL - FMAS;2.310;REFORMA E MANUTENÇÃO DA CASA DE ACOLHIMENTO INSTITUCIONAL CRIANÇA E ADOLESCENTE;58;PROTEÇÃO SOCIAL ESPECIAL DE ALTA COMPLEXIDADE;8;Assistência Social;244;Assistência Comunitária;926;3.1.91.13.08.00.00.00;CONTRIB. PREV.- RPPS - PESSOAL ATIVO - PLANO PREV.;2.661.000.0000;TRANSFERÊNCIA DE RECURSOS DOS FUNDOS ESTADUAIS DE ASSISTÊNCIA SOCIAL;2.416,74
PREFEITURA MUNICIPAL DE BARBACENA;25.003;FUNDO MUNICIPAL DE ASSISTENCIA SOCIAL - FMAS;2.310;REFORMA E MANUTENÇÃO DA CASA DE ACOLHIMENTO INSTITUCIONAL CRIANÇA E ADOLESCENTE;58;PROTEÇÃO SOCIAL ESPECIAL DE ALTA COMPLEXIDADE;8;Assistência Social;244;Assistência Comunitária;926;3.1.91.13.99.00.00.00;OUTRAS OBRIGAÇÕES PATRONAIS;2.661.000.0000;TRANSFERÊNCIA DE RECURSOS DOS FUNDOS ESTADUAIS DE ASSISTÊNCIA SOCIAL;10.229,57
PREFEITURA MUNICIPAL DE BARBACENA;25.003;FUNDO MUNICIPAL DE ASSISTENCIA SOCIAL - FMAS;2.477;INSTITUIR, REGUL. E IMPLEM. PROG. SAÚDE MENSTRUAL NO CAIB E NO NÚCLEO DE APOIO AO CIDADÃO DE RUA;58;PROTEÇÃO SOCIAL ESPECIAL DE ALTA COMPLEXIDADE;8;Assistência Social;244;Assistência Comunitária;803;3.3.90.30.22.00.00.00;MATERIAL DE LIMPEZA E PRODUÇÃO DE HIGIENIZAÇÃO;1.501.000.0000;OUTROS RECURSOS NÃO VINCULADOS;29.402,00
PREFEITURA MUNICIPAL DE BARBACENA;25.003;FUNDO MUNICIPAL DE ASSISTENCIA SOCIAL - FMAS;2.665;MANUTENÇÃO DA CASA DE PASSAGEM;58;PROTEÇÃO SOCIAL ESPECIAL DE ALTA COMPLEXIDADE;8;Assistência Social;244;Assistência Comunitária;804;3.1.90.04.15.00.00.00;OBRIGAÇÕES PATRONAIS - CONTRATO TEMPORÁRIO;1.500.000.0000;RECURSOS NÃO VINCULADOS DE IMPOSTOS;2.915,74
PREFEITURA MUNICIPAL DE BARBACENA;25.003;FUNDO MUNICIPAL DE ASSISTENCIA SOCIAL - FMAS;2.665;MANUTENÇÃO DA CASA DE PASSAGEM;58;PROTEÇÃO SOCIAL ESPECIAL DE ALTA COMPLEXIDADE;8;Assistência Social;244;Assistência Comunitária;804;3.1.90.04.01.00.00.00;SALÁRIO CONTRATO TEMPORÁRIO;1.500.000.0000;RECURSOS NÃO VINCULADOS DE IMPOSTOS;14.931,61
PREFEITURA MUNICIPAL DE BARBACENA;25.003;FUNDO MUNICIPAL DE ASSISTENCIA SOCIAL - FMAS;2.665;MANUTENÇÃO DA CASA DE PASSAGEM;58;PROTEÇÃO SOCIAL ESPECIAL DE ALTA COMPLEXIDADE;8;Assistência Social;244;Assistência Comunitária;804;3.1.90.04.15.00.00.00;OBRIGAÇÕES PATRONAIS - CONTRATO TEMPORÁRIO;1.660.000.0000;TRANSFERÊNCIA DE RECURSOS DO FUNDO NACIONAL DE ASSISTÊNCIA SOCIAL - FNAS;4.462,29
PREFEITURA MUNICIPAL DE BARBACENA;25.003;FUNDO MUNICIPAL DE ASSISTENCIA SOCIAL - FMAS;2.665;MANUTENÇÃO DA CASA DE PASSAGEM;58;PROTEÇÃO SOCIAL ESPECIAL DE ALTA COMPLEXIDADE;8;Assistência Social;244;Assistência Comunitária;804;3.1.90.04.01.00.00.00;SALÁRIO CONTRATO TEMPORÁRIO;1.660.000.0000;TRANSFERÊNCIA DE RECURSOS DO FUNDO NACIONAL DE ASSISTÊNCIA SOCIAL - FNAS;20.193,65
PREFEITURA MUNICIPAL DE BARBACENA;25.003;FUNDO MUNICIPAL DE ASSISTENCIA SOCIAL - FMAS;2.665;MANUTENÇÃO DA CASA DE PASSAGEM;58;PROTEÇÃO SOCIAL ESPECIAL DE ALTA COMPLEXIDADE;8;Assistência Social;244;Assistência Comunitária;810;3.3.90.30.22.00.00.00;MATERIAL DE LIMPEZA E PRODUÇÃO DE HIGIENIZAÇÃO;1.500.000.0000;RECURSOS NÃO VINCULADOS DE IMPOSTOS;94.411,99
PREFEITURA MUNICIPAL DE BARBACENA;25.003;FUNDO MUNICIPAL DE ASSISTENCIA SOCIAL - FMAS;2.665;MANUTENÇÃO DA CASA DE PASSAGEM;58;PROTEÇÃO SOCIAL ESPECIAL DE ALTA COMPLEXIDADE;8;Assistência Social;244;Assistência Comunitária;811;3.3.90.36.14.00.00.00;LOCAÇÃO DE IMÓVEIS;1.661.000.0000;TRANSFERÊNCIA DE RECURSOS DOS FUNDOS ESTADUAIS DE ASSISTÊNCIA SOCIAL;38.688,00
PREFEITURA MUNICIPAL DE BARBACENA;25.003;FUNDO MUNICIPAL DE ASSISTENCIA SOCIAL - FMAS;2.665;MANUTENÇÃO DA CASA DE PASSAGEM;58;PROTEÇÃO SOCIAL ESPECIAL DE ALTA COMPLEXIDADE;8;Assistência Social;244;Assistência Comunitária;812;3.3.90.39.27.00.00.00;FORNECIMENTO DE ALIMENTAÇÃO;1.500.000.0000;RECURSOS NÃO VINCULADOS DE IMPOSTOS;45.216,00
PREFEITURA MUNICIPAL DE BARBACENA;25.003;FUNDO MUNICIPAL DE ASSISTENCIA SOCIAL - FMAS;2.665;MANUTENÇÃO DA CASA DE PASSAGEM;58;PROTEÇÃO SOCIAL ESPECIAL DE ALTA COMPLEXIDADE;8;Assistência Social;244;Assistência Comunitária;812;3.3.90.39.27.00.00.00;FORNECIMENTO DE ALIMENTAÇÃO;1.501.000.0000;OUTROS RECURSOS NÃO VINCULADOS;266.115,00
PREFEITURA MUNICIPAL DE BARBACENA;25.003;FUNDO MUNICIPAL DE ASSISTENCIA SOCIAL - FMAS;2.665;MANUTENÇÃO DA CASA DE PASSAGEM;58;PROTEÇÃO SOCIAL ESPECIAL DE ALTA COMPLEXIDADE;8;Assistência Social;244;Assistência Comunitária;812;3.3.90.39.99.00.00.00;OUTROS SERVIÇOS DE TERCEIROS - PESSOA JURÍDICA;1.660.000.0000;TRANSFERÊNCIA DE RECURSOS DO FUNDO NACIONAL DE ASSISTÊNCIA SOCIAL - FNAS;246,00
PREFEITURA MUNICIPAL DE BARBACENA;25.003;FUNDO MUNICIPAL DE ASSISTENCIA SOCIAL - FMAS;2.665;MANUTENÇÃO DA CASA DE PASSAGEM;58;PROTEÇÃO SOCIAL ESPECIAL DE ALTA COMPLEXIDADE;8;Assistência Social;244;Assistência Comunitária;813;3.3.90.46.00.00.00.00;AUXÍLIO-ALIMENTAÇÃO;1.500.000.0000;RECURSOS NÃO VINCULADOS DE IMPOSTOS;3.380,00
PREFEITURA MUNICIPAL DE BARBACENA;25.003;FUNDO MUNICIPAL DE ASSISTENCIA SOCIAL - FMAS;2.665;MANUTENÇÃO DA CASA DE PASSAGEM;58;PROTEÇÃO SOCIAL ESPECIAL DE ALTA COMPLEXIDADE;8;Assistência Social;244;Assistência Comunitária;813;3.3.90.46.00.00.00.00;AUXÍLIO-ALIMENTAÇÃO;1.660.000.0000;TRANSFERÊNCIA DE RECURSOS DO FUNDO NACIONAL DE ASSISTÊNCIA SOCIAL - FNAS;3.600,00
PREFEITURA MUNICIPAL DE BARBACENA;25.003;FUNDO MUNICIPAL DE ASSISTENCIA SOCIAL - FMAS;2.318;MANUTENÇÃO DO CADUNICO E PROGRAMA BOLSA FAMILIA;59;PROGRAMAS FEDERAIS E MUNICIPAIS;8;Assistência Social;244;Assistência Comunitária;821;3.1.90.04.15.00.00.00;OBRIGAÇÕES PATRONAIS - CONTRATO TEMPORÁRIO;1.500.000.0000;RECURSOS NÃO VINCULADOS DE IMPOSTOS;16.465,20
PREFEITURA MUNICIPAL DE BARBACENA;25.003;FUNDO MUNICIPAL DE ASSISTENCIA SOCIAL - FMAS;2.318;MANUTENÇÃO DO CADUNICO E PROGRAMA BOLSA FAMILIA;59;PROGRAMAS FEDERAIS E MUNICIPAIS;8;Assistência Social;244;Assistência Comunitária;821;3.1.90.04.01.00.00.00;SALÁRIO CONTRATO TEMPORÁRIO;1.500.000.0000;RECURSOS NÃO VINCULADOS DE IMPOSTOS;84.020,13
PREFEITURA MUNICIPAL DE BARBACENA;25.003;FUNDO MUNICIPAL DE ASSISTENCIA SOCIAL - FMAS;2.318;MANUTENÇÃO DO CADUNICO E PROGRAMA BOLSA FAMILIA;59;PROGRAMAS FEDERAIS E MUNICIPAIS;8;Assistência Social;244;Assistência Comunitária;821;3.1.90.04.01.00.00.00;SALÁRIO CONTRATO TEMPORÁRIO;1.660.000.0000;TRANSFERÊNCIA DE RECURSOS DO FUNDO NACIONAL DE ASSISTÊNCIA SOCIAL - FNAS;11.961,55
PREFEITURA MUNICIPAL DE BARBACENA;25.003;FUNDO MUNICIPAL DE ASSISTENCIA SOCIAL - FMAS;2.318;MANUTENÇÃO DO CADUNICO E PROGRAMA BOLSA FAMILIA;59;PROGRAMAS FEDERAIS E MUNICIPAIS;8;Assistência Social;244;Assistência Comunitária;821;3.1.90.04.15.00.00.00;OBRIGAÇÕES PATRONAIS - CONTRATO TEMPORÁRIO;1.660.000.0000;TRANSFERÊNCIA DE RECURSOS DO FUNDO NACIONAL DE ASSISTÊNCIA SOCIAL - FNAS;753,37
PREFEITURA MUNICIPAL DE BARBACENA;25.003;FUNDO MUNICIPAL DE ASSISTENCIA SOCIAL - FMAS;2.318;MANUTENÇÃO DO CADUNICO E PROGRAMA BOLSA FAMILIA;59;PROGRAMAS FEDERAIS E MUNICIPAIS;8;Assistência Social;244;Assistência Comunitária;825;3.3.90.30.37.00.00.00;MATERIAL PARA MANUTENÇÃO DE VEÍCULOS;1.660.000.0000;TRANSFERÊNCIA DE RECURSOS DO FUNDO NACIONAL DE ASSISTÊNCIA SOCIAL - FNAS;22.906,41
PREFEITURA MUNICIPAL DE BARBACENA;25.003;FUNDO MUNICIPAL DE ASSISTENCIA SOCIAL - FMAS;2.318;MANUTENÇÃO DO CADUNICO E PROGRAMA BOLSA FAMILIA;59;PROGRAMAS FEDERAIS E MUNICIPAIS;8;Assistência Social;244;Assistência Comunitária;825;3.3.90.30.17.00.00.00;MATERIAL DE PROCESSAMENTO DE DADOS;1.660.000.0000;TRANSFERÊNCIA DE RECURSOS DO FUNDO NACIONAL DE ASSISTÊNCIA SOCIAL - FNAS;15.353,16
PREFEITURA MUNICIPAL DE BARBACENA;25.003;FUNDO MUNICIPAL DE ASSISTENCIA SOCIAL - FMAS;2.318;MANUTENÇÃO DO CADUNICO E PROGRAMA BOLSA FAMILIA;59;PROGRAMAS FEDERAIS E MUNICIPAIS;8;Assistência Social;244;Assistência Comunitária;825;3.3.90.30.99.00.00.00;OUTROS MATERIAIS DE CONSUMO;1.660.000.0000;TRANSFERÊNCIA DE RECURSOS DO FUNDO NACIONAL DE ASSISTÊNCIA SOCIAL - FNAS;27.157,30
PREFEITURA MUNICIPAL DE BARBACENA;25.003;FUNDO MUNICIPAL DE ASSISTENCIA SOCIAL - FMAS;2.318;MANUTENÇÃO DO CADUNICO E PROGRAMA BOLSA FAMILIA;59;PROGRAMAS FEDERAIS E MUNICIPAIS;8;Assistência Social;244;Assistência Comunitária;825;3.3.90.30.16.00.00.00;MATERIAL DE EXPEDIENTE;1.660.000.0000;TRANSFERÊNCIA DE RECURSOS DO FUNDO NACIONAL DE ASSISTÊNCIA SOCIAL - FNAS;25.529,75
PREFEITURA MUNICIPAL DE BARBACENA;25.003;FUNDO MUNICIPAL DE ASSISTENCIA SOCIAL - FMAS;2.318;MANUTENÇÃO DO CADUNICO E PROGRAMA BOLSA FAMILIA;59;PROGRAMAS FEDERAIS E MUNICIPAIS;8;Assistência Social;244;Assistência Comunitária;825;3.3.90.30.22.00.00.00;MATERIAL DE LIMPEZA E PRODUÇÃO DE HIGIENIZAÇÃO;1.660.000.0000;TRANSFERÊNCIA DE RECURSOS DO FUNDO NACIONAL DE ASSISTÊNCIA SOCIAL - FNAS;34.206,54
PREFEITURA MUNICIPAL DE BARBACENA;25.003;FUNDO MUNICIPAL DE ASSISTENCIA SOCIAL - FMAS;2.318;MANUTENÇÃO DO CADUNICO E PROGRAMA BOLSA FAMILIA;59;PROGRAMAS FEDERAIS E MUNICIPAIS;8;Assistência Social;244;Assistência Comunitária;827;3.3.90.39.99.00.00.00;OUTROS SERVIÇOS DE TERCEIROS - PESSOA JURÍDICA;1.500.000.0000;RECURSOS NÃO VINCULADOS DE IMPOSTOS;14.707,25
PREFEITURA MUNICIPAL DE BARBACENA;25.003;FUNDO MUNICIPAL DE ASSISTENCIA SOCIAL - FMAS;2.318;MANUTENÇÃO DO CADUNICO E PROGRAMA BOLSA FAMILIA;59;PROGRAMAS FEDERAIS E MUNICIPAIS;8;Assistência Social;244;Assistência Comunitária;827;3.3.90.39.99.00.00.00;OUTROS SERVIÇOS DE TERCEIROS - PESSOA JURÍDICA;1.660.000.0000;TRANSFERÊNCIA DE RECURSOS DO FUNDO NACIONAL DE ASSISTÊNCIA SOCIAL - FNAS;30.932,56
PREFEITURA MUNICIPAL DE BARBACENA;25.003;FUNDO MUNICIPAL DE ASSISTENCIA SOCIAL - FMAS;2.318;MANUTENÇÃO DO CADUNICO E PROGRAMA BOLSA FAMILIA;59;PROGRAMAS FEDERAIS E MUNICIPAIS;8;Assistência Social;244;Assistência Comunitária;827;3.3.90.39.12.00.00.00;LOCAÇÃO DE MÁQUINAS E EQUIPAMENTOS;1.660.000.0000;TRANSFERÊNCIA DE RECURSOS DO FUNDO NACIONAL DE ASSISTÊNCIA SOCIAL - FNAS;3.334,95
PREFEITURA MUNICIPAL DE BARBACENA;25.003;FUNDO MUNICIPAL DE ASSISTENCIA SOCIAL - FMAS;2.318;MANUTENÇÃO DO CADUNICO E PROGRAMA BOLSA FAMILIA;59;PROGRAMAS FEDERAIS E MUNICIPAIS;8;Assistência Social;244;Assistência Comunitária;827;3.3.90.39.43.00.00.00;SERVIÇOS DE TELECOMUNICAÇÕES;1.660.000.0000;TRANSFERÊNCIA DE RECURSOS DO FUNDO NACIONAL DE ASSISTÊNCIA SOCIAL - FNAS;720,00
PREFEITURA MUNICIPAL DE BARBACENA;25.003;FUNDO MUNICIPAL DE ASSISTENCIA SOCIAL - FMAS;2.318;MANUTENÇÃO DO CADUNICO E PROGRAMA BOLSA FAMILIA;59;PROGRAMAS FEDERAIS E MUNICIPAIS;8;Assistência Social;244;Assistência Comunitária;827;3.3.90.39.48.00.00.00;SERVIÇOS GRÁFICOS;1.660.000.0000;TRANSFERÊNCIA DE RECURSOS DO FUNDO NACIONAL DE ASSISTÊNCIA SOCIAL - FNAS;1.671,60
PREFEITURA MUNICIPAL DE BARBACENA;25.003;FUNDO MUNICIPAL DE ASSISTENCIA SOCIAL - FMAS;2.318;MANUTENÇÃO DO CADUNICO E PROGRAMA BOLSA FAMILIA;59;PROGRAMAS FEDERAIS E MUNICIPAIS;8;Assistência Social;244;Assistência Comunitária;827;3.3.90.39.53.00.00.00;SEGUROS EM GERAL;1.660.000.0000;TRANSFERÊNCIA DE RECURSOS DO FUNDO NACIONAL DE ASSISTÊNCIA SOCIAL - FNAS;8.494,91
PREFEITURA MUNICIPAL DE BARBACENA;25.003;FUNDO MUNICIPAL DE ASSISTENCIA SOCIAL - FMAS;2.318;MANUTENÇÃO DO CADUNICO E PROGRAMA BOLSA FAMILIA;59;PROGRAMAS FEDERAIS E MUNICIPAIS;8;Assistência Social;244;Assistência Comunitária;828;3.3.90.46.00.00.00.00;AUXÍLIO-ALIMENTAÇÃO;1.500.000.0000;RECURSOS NÃO VINCULADOS DE IMPOSTOS;18.165,00
PREFEITURA MUNICIPAL DE BARBACENA;25.003;FUNDO MUNICIPAL DE ASSISTENCIA SOCIAL - FMAS;2.318;MANUTENÇÃO DO CADUNICO E PROGRAMA BOLSA FAMILIA;59;PROGRAMAS FEDERAIS E MUNICIPAIS;8;Assistência Social;244;Assistência Comunitária;828;3.3.90.46.00.00.00.00;AUXÍLIO-ALIMENTAÇÃO;1.660.000.0000;TRANSFERÊNCIA DE RECURSOS DO FUNDO NACIONAL DE ASSISTÊNCIA SOCIAL - FNAS;2.700,00
PREFEITURA MUNICIPAL DE BARBACENA;25.003;FUNDO MUNICIPAL DE ASSISTENCIA SOCIAL - FMAS;2.318;MANUTENÇÃO DO CADUNICO E PROGRAMA BOLSA FAMILIA;59;PROGRAMAS FEDERAIS E MUNICIPAIS;8;Assistência Social;244;Assistência Comunitária;830;4.4.90.52.19.00.00.00;EQUIPAMENTOS DE PROCESSAMENTO DE DADOS;1.500.000.0000;RECURSOS NÃO VINCULADOS DE IMPOSTOS;55.650,00
PREFEITURA MUNICIPAL DE BARBACENA;25.003;FUNDO MUNICIPAL DE ASSISTENCIA SOCIAL - FMAS;2.318;MANUTENÇÃO DO CADUNICO E PROGRAMA BOLSA FAMILIA;59;PROGRAMAS FEDERAIS E MUNICIPAIS;8;Assistência Social;244;Assistência Comunitária;830;4.4.90.52.19.00.00.00;EQUIPAMENTOS DE PROCESSAMENTO DE DADOS;1.660.000.0000;TRANSFERÊNCIA DE RECURSOS DO FUNDO NACIONAL DE ASSISTÊNCIA SOCIAL - FNAS;275.668,00
PREFEITURA MUNICIPAL DE BARBACENA;25.003;FUNDO MUNICIPAL DE ASSISTENCIA SOCIAL - FMAS;1.081;DIAGNOSTICO DA POLITICA MUNICIPAL DE ASSISTENCIA SOCIAL;60;VIGILÂNCIA SOCIOASSISTENCIAL;8;Assistência Social;244;Assistência Comunitária;835;3.3.90.39.05.00.00.00;SERVIÇOS TÉCNICOS PROFISSIONAIS;1.660.000.0000;TRANSFERÊNCIA DE RECURSOS DO FUNDO NACIONAL DE ASSISTÊNCIA SOCIAL - FNAS;152.800,00
PREFEITURA MUNICIPAL DE BARBACENA;25.003;FUNDO MUNICIPAL DE ASSISTENCIA SOCIAL - FMAS;2.341;AÇÕES DE ENFRENTAMENTO DA EMERGÊNCIA COVID 19;60;VIGILÂNCIA SOCIOASSISTENCIAL;8;Assistência Social;244;Assistência Comunitária;836;3.3.90.30.07.00.00.00;GÊNEROS DE ALIMENTAÇÃO;2.660.000.0000;TRANSFERÊNCIA DE RECURSOS DO FUNDO NACIONAL DE ASSISTÊNCIA SOCIAL - FNAS;114.950,40
PREFEITURA MUNICIPAL DE BARBACENA;25.003;FUNDO MUNICIPAL DE ASSISTENCIA SOCIAL - FMAS;2.341;AÇÕES DE ENFRENTAMENTO DA EMERGÊNCIA COVID 19;60;VIGILÂNCIA SOCIOASSISTENCIAL;8;Assistência Social;244;Assistência Comunitária;838;4.4.90.52.99.00.00.00;OUTROS MATERIAIS PERMANENTES;2.660.000.0000;TRANSFERÊNCIA DE RECURSOS DO FUNDO NACIONAL DE ASSISTÊNCIA SOCIAL - FNAS;133.802,34
PREFEITURA MUNICIPAL DE BARBACENA;25.003;FUNDO MUNICIPAL DE ASSISTENCIA SOCIAL - FMAS;2.341;AÇÕES DE ENFRENTAMENTO DA EMERGÊNCIA COVID 19;60;VIGILÂNCIA SOCIOASSISTENCIAL;8;Assistência Social;244;Assistência Comunitária;838;4.4.90.52.19.00.00.00;EQUIPAMENTOS DE PROCESSAMENTO DE DADOS;2.660.000.0000;TRANSFERÊNCIA DE RECURSOS DO FUNDO NACIONAL DE ASSISTÊNCIA SOCIAL - FNAS;9.600,00
PREFEITURA MUNICIPAL DE BARBACENA;25.004;FUNDO MUN DE APOIO DAS PESSOAS COM DEFICIENCIA;2.325;IMPLANTAÇÃO E PROMOÇÃO DAS POLITICAS DOS DIREITOS DA PESSOA COM DEFICIENCIA;55;FORTALECIMENTO DO CONTROLE SOCIAL;8;Assistência Social;242;Assistência à Pessoa com Deficiência;846;3.3.50.43.00.00.00.00;SUBVENÇÕES SOCIAIS;1.500.000.0000;RECURSOS NÃO VINCULADOS DE IMPOSTOS;182.898,60
PREFEITURA MUNICIPAL DE BARBACENA;25.004;FUNDO MUN DE APOIO DAS PESSOAS COM DEFICIENCIA;2.325;IMPLANTAÇÃO E PROMOÇÃO DAS POLITICAS DOS DIREITOS DA PESSOA COM DEFICIENCIA;55;FORTALECIMENTO DO CONTROLE SOCIAL;8;Assistência Social;242;Assistência à Pessoa com Deficiência;846;3.3.50.43.00.00.00.00;SUBVENÇÕES SOCIAIS;1.501.000.0000;OUTROS RECURSOS NÃO VINCULADOS;100.000,00
PREFEITURA MUNICIPAL DE BARBACENA;25.004;FUNDO MUN DE APOIO DAS PESSOAS COM DEFICIENCIA;2.471;APOIO ASSOCIAÇÃO REGIONAL DE PESSOAS PORTADORAS DE DEFICIÊNCIA (ASDEF);56;PROTEÇÃO SOCIAL BÁSICA;8;Assistência Social;242;Assistência à Pessoa com Deficiência;855;3.3.50.43.00.00.00.00;SUBVENÇÕES SOCIAIS;1.501.000.0000;OUTROS RECURSOS NÃO VINCULADOS;21.000,00
PREFEITURA MUNICIPAL DE BARBACENA;25.005;FUNDO MUN DE SEGUR ALIMENTAR E NUTRICIONAL - FMSAN;1.093;CRIAÇÃO, IMPLANTAÇÃO E MANUTENÇÃO DO RESTAURANTE POPULAR BAIRRO;55;FORTALECIMENTO DO CONTROLE SOCIAL;8;Assistência Social;306;Alimentação e Nutrição;858;3.3.90.39.27.00.00.00;FORNECIMENTO DE ALIMENTAÇÃO;1.500.000.0000;RECURSOS NÃO VINCULADOS DE IMPOSTOS;412.610,00
PREFEITURA MUNICIPAL DE BARBACENA;25.005;FUNDO MUN DE SEGUR ALIMENTAR E NUTRICIONAL - FMSAN;1.093;CRIAÇÃO, IMPLANTAÇÃO E MANUTENÇÃO DO RESTAURANTE POPULAR BAIRRO;55;FORTALECIMENTO DO CONTROLE SOCIAL;8;Assistência Social;306;Alimentação e Nutrição;858;3.3.90.39.27.00.00.00;FORNECIMENTO DE ALIMENTAÇÃO;1.501.000.0000;OUTROS RECURSOS NÃO VINCULADOS;870.958,00
PREFEITURA MUNICIPAL DE BARBACENA;25.006;FUNDO MUNICIPAL DA CRIANÇA - FMDCA;2.305;IMPLANTAÇÃO E PROMOÇAO DAS POLITICAS DOS DIREITOS DA CRIANÇA E DO ADOLESCENTE;55;FORTALECIMENTO DO CONTROLE SOCIAL;8;Assistência Social;243;Assistência à Criança e ao Adolescente;871;3.3.90.39.99.00.00.00;OUTROS SERVIÇOS DE TERCEIROS - PESSOA JURÍDICA;1.501.000.0000;OUTROS RECURSOS NÃO VINCULADOS;585.674,34
PREFEITURA MUNICIPAL DE BARBACENA;25.006;FUNDO MUNICIPAL DA CRIANÇA - FMDCA;2.305;IMPLANTAÇÃO E PROMOÇAO DAS POLITICAS DOS DIREITOS DA CRIANÇA E DO ADOLESCENTE;55;FORTALECIMENTO DO CONTROLE SOCIAL;8;Assistência Social;243;Assistência à Criança e ao Adolescente;976;4.4.50.41.00.00.00.00;CONTRIBUIÇÕES;1.501.000.0000;OUTROS RECURSOS NÃO VINCULADOS;54.325,66
PREFEITURA MUNICIPAL DE BARBACENA;25.010;FUNDO MUNICIPAL DO IDOSO;2.470;APOIO AO LAR DAS VELHINHAS;56;PROTEÇÃO SOCIAL BÁSICA;8;Assistência Social;241;Assistência à Pessoa Idosa;912;4.4.50.41.00.00.00.00;CONTRIBUIÇÕES;1.500.000.0000;RECURSOS NÃO VINCULADOS DE IMPOSTOS;1.000,00
PREFEITURA MUNICIPAL DE BARBACENA;25.010;FUNDO MUNICIPAL DO IDOSO;2.470;APOIO AO LAR DAS VELHINHAS;56;PROTEÇÃO SOCIAL BÁSICA;8;Assistência Social;241;Assistência à Pessoa Idosa;963;3.3.50.41.00.00.00.00;CONTRIBUIÇÕES;1.500.000.0000;RECURSOS NÃO VINCULADOS DE IMPOSTOS;128.949,08
