Entidade;Número do Organograma;Descrição do organograma;Número da ação;Descrição da ação;Número do programa;Descrição do programa;Número da função;Descrição da função;Número da subfunção;Descrição da subfunção;Número da despesa;Natureza de Despesa;Descrição da natureza de despesa;Recurso;Descrição do recurso;Valor orçado atualizado da despesa
FUNDO MUNICIPAL DE SAÚDE DE BARBACENA;18.002;FUNDO MUNICIPAL DE SAUDE;0.001;PAGAMENTOS DE PRECATÓRIOS E SENTENÇAS JUDICIAIS CONDENATÓRIAS DA SAÚDE;0;ENCARGOS DO MUNICIPIO;10;Saúde;122;Administração Geral;1;3.1.90.91.00.00.00.00;SENTENÇAS JUDICIAIS;1.500.000.1002;RECURSOS NÃO VINCULADOS DE IMPOSTOS (SAÚDE);2.000,00
FUNDO MUNICIPAL DE SAÚDE DE BARBACENA;18.002;FUNDO MUNICIPAL DE SAUDE;0.001;PAGAMENTOS DE PRECATÓRIOS E SENTENÇAS JUDICIAIS CONDENATÓRIAS DA SAÚDE;0;ENCARGOS DO MUNICIPIO;10;Saúde;122;Administração Geral;2;3.3.90.91.00.00.00.00;SENTENÇAS JUDICIAIS;1.500.000.1002;RECURSOS NÃO VINCULADOS DE IMPOSTOS (SAÚDE);66.756,28
FUNDO MUNICIPAL DE SAÚDE DE BARBACENA;18.002;FUNDO MUNICIPAL DE SAUDE;0.001;PAGAMENTOS DE PRECATÓRIOS E SENTENÇAS JUDICIAIS CONDENATÓRIAS DA SAÚDE;0;ENCARGOS DO MUNICIPIO;10;Saúde;122;Administração Geral;3;3.3.90.92.00.00.00.00;DESPESAS DE EXERCÍCIOS ANTERIORES;1.500.000.1002;RECURSOS NÃO VINCULADOS DE IMPOSTOS (SAÚDE);1.000,00
FUNDO MUNICIPAL DE SAÚDE DE BARBACENA;18.002;FUNDO MUNICIPAL DE SAUDE;1.009;CONSTRUÇÃO, REFORMA, READEQUAÇÃO E AMPLIAÇÃO DE ACADEMIAS DE SAÚDE;2;ATENÇAO BASICA;10;Saúde;301;Atenção Básica;58;3.3.90.39.00.00.00.00;OUTROS SERVIÇOS DE TERCEIROS - PESSOA JURÍDICA;1.601.000.0000;TRANSFERÊNCIAS FUNDO A FUNDO DE RECURSOS DO SUS PROVENIENTES DO GOVERNO FEDERAL - BLOCO DE ESTRUTURAÇÃO DA REDE DE SERVIÇOS PÚBLICOS DE SAÚDE;1.000,00
FUNDO MUNICIPAL DE SAÚDE DE BARBACENA;18.002;FUNDO MUNICIPAL DE SAUDE;1.009;CONSTRUÇÃO, REFORMA, READEQUAÇÃO E AMPLIAÇÃO DE ACADEMIAS DE SAÚDE;2;ATENÇAO BASICA;10;Saúde;301;Atenção Básica;59;4.4.90.51.00.00.00.00;OBRAS E INSTALAÇÕES;1.500.000.1002;RECURSOS NÃO VINCULADOS DE IMPOSTOS (SAÚDE);3.420,00
FUNDO MUNICIPAL DE SAÚDE DE BARBACENA;18.002;FUNDO MUNICIPAL DE SAUDE;1.288;CONSTRUÇAO, REFORMA, READEQUAÇAO E AMPLIAÇAO DE UBS;2;ATENÇAO BASICA;10;Saúde;301;Atenção Básica;60;3.3.90.39.00.00.00.00;OUTROS SERVIÇOS DE TERCEIROS - PESSOA JURÍDICA;1.601.000.0000;TRANSFERÊNCIAS FUNDO A FUNDO DE RECURSOS DO SUS PROVENIENTES DO GOVERNO FEDERAL - BLOCO DE ESTRUTURAÇÃO DA REDE DE SERVIÇOS PÚBLICOS DE SAÚDE;1.000,00
FUNDO MUNICIPAL DE SAÚDE DE BARBACENA;18.002;FUNDO MUNICIPAL DE SAUDE;1.288;CONSTRUÇAO, REFORMA, READEQUAÇAO E AMPLIAÇAO DE UBS;2;ATENÇAO BASICA;10;Saúde;301;Atenção Básica;61;3.3.90.93.00.00.00.00;INDENIZAÇÕES E RESTITUIÇÕES;1.500.000.1002;RECURSOS NÃO VINCULADOS DE IMPOSTOS (SAÚDE);278.842,07
FUNDO MUNICIPAL DE SAÚDE DE BARBACENA;18.002;FUNDO MUNICIPAL DE SAUDE;1.288;CONSTRUÇAO, REFORMA, READEQUAÇAO E AMPLIAÇAO DE UBS;2;ATENÇAO BASICA;10;Saúde;301;Atenção Básica;61;3.3.90.93.00.00.00.00;INDENIZAÇÕES E RESTITUIÇÕES;1.601.000.0000;TRANSFERÊNCIAS FUNDO A FUNDO DE RECURSOS DO SUS PROVENIENTES DO GOVERNO FEDERAL - BLOCO DE ESTRUTURAÇÃO DA REDE DE SERVIÇOS PÚBLICOS DE SAÚDE;1.000,00
FUNDO MUNICIPAL DE SAÚDE DE BARBACENA;18.002;FUNDO MUNICIPAL DE SAUDE;1.288;CONSTRUÇAO, REFORMA, READEQUAÇAO E AMPLIAÇAO DE UBS;2;ATENÇAO BASICA;10;Saúde;301;Atenção Básica;62;4.4.90.51.00.00.00.00;OBRAS E INSTALAÇÕES;1.500.000.1002;RECURSOS NÃO VINCULADOS DE IMPOSTOS (SAÚDE);9.750,00
FUNDO MUNICIPAL DE SAÚDE DE BARBACENA;18.002;FUNDO MUNICIPAL DE SAUDE;1.288;CONSTRUÇAO, REFORMA, READEQUAÇAO E AMPLIAÇAO DE UBS;2;ATENÇAO BASICA;10;Saúde;301;Atenção Básica;62;4.4.90.51.00.00.00.00;OBRAS E INSTALAÇÕES;2.621.000.0000;TRANSFERÊNCIAS FUNDO A FUNDO DE RECURSOS DO SUS PROVENIENTES DO GOVERNO ESTADUAL;0,00
FUNDO MUNICIPAL DE SAÚDE DE BARBACENA;18.002;FUNDO MUNICIPAL DE SAUDE;1.288;CONSTRUÇAO, REFORMA, READEQUAÇAO E AMPLIAÇAO DE UBS;2;ATENÇAO BASICA;10;Saúde;301;Atenção Básica;62;4.4.90.51.00.00.00.00;OBRAS E INSTALAÇÕES;2.706.000.0000;TRANSFERÊNCIA ESPECIAL DA UNIÃO;681.327,84
FUNDO MUNICIPAL DE SAÚDE DE BARBACENA;18.002;FUNDO MUNICIPAL DE SAUDE;1.480;CONSTRUÇÃO DE ACADEMIAS DE SAÚDE, BAIRRO BOA VISTA E IPANEMA;2;ATENÇAO BASICA;10;Saúde;301;Atenção Básica;63;4.4.90.51.00.00.00.00;OBRAS E INSTALAÇÕES;1.500.000.1002;RECURSOS NÃO VINCULADOS DE IMPOSTOS (SAÚDE);0,10
FUNDO MUNICIPAL DE SAÚDE DE BARBACENA;18.002;FUNDO MUNICIPAL DE SAUDE;1.480;CONSTRUÇÃO DE ACADEMIAS DE SAÚDE, BAIRRO BOA VISTA E IPANEMA;2;ATENÇAO BASICA;10;Saúde;301;Atenção Básica;63;4.4.90.51.00.00.00.00;OBRAS E INSTALAÇÕES;1.621.000.0000;TRANSFERÊNCIAS FUNDO A FUNDO DE RECURSOS DO SUS PROVENIENTES DO GOVERNO ESTADUAL;123.265,45
FUNDO MUNICIPAL DE SAÚDE DE BARBACENA;18.002;FUNDO MUNICIPAL DE SAUDE;2.025;MANUTENÇÃO DA REDE DE ATENÇÃO PRIMÁRIA;2;ATENÇAO BASICA;10;Saúde;301;Atenção Básica;64;3.1.90.04.00.00.00.00;CONTRATAÇÃO POR TEMPO DETERMINADO;1.500.000.1002;RECURSOS NÃO VINCULADOS DE IMPOSTOS (SAÚDE);6.230.207,12
FUNDO MUNICIPAL DE SAÚDE DE BARBACENA;18.002;FUNDO MUNICIPAL DE SAUDE;2.025;MANUTENÇÃO DA REDE DE ATENÇÃO PRIMÁRIA;2;ATENÇAO BASICA;10;Saúde;301;Atenção Básica;64;3.1.90.04.00.00.00.00;CONTRATAÇÃO POR TEMPO DETERMINADO;1.600.000.0000;TRANSFERÊNCIAS FUNDO A FUNDO DE RECURSOS DO SUS PROVENIENTES DO GOVERNO FEDERAL - BLOCO DE MANUTENÇÃO DAS AÇÕES E SERVIÇOS PÚBLICOS DE SAÚDE;3.294.772,28
FUNDO MUNICIPAL DE SAÚDE DE BARBACENA;18.002;FUNDO MUNICIPAL DE SAUDE;2.025;MANUTENÇÃO DA REDE DE ATENÇÃO PRIMÁRIA;2;ATENÇAO BASICA;10;Saúde;301;Atenção Básica;64;3.1.90.04.00.00.00.00;CONTRATAÇÃO POR TEMPO DETERMINADO;1.621.000.0000;TRANSFERÊNCIAS FUNDO A FUNDO DE RECURSOS DO SUS PROVENIENTES DO GOVERNO ESTADUAL;564.046,23
FUNDO MUNICIPAL DE SAÚDE DE BARBACENA;18.002;FUNDO MUNICIPAL DE SAUDE;2.025;MANUTENÇÃO DA REDE DE ATENÇÃO PRIMÁRIA;2;ATENÇAO BASICA;10;Saúde;301;Atenção Básica;64;3.1.90.04.00.00.00.00;CONTRATAÇÃO POR TEMPO DETERMINADO;2.621.000.0000;TRANSFERÊNCIAS FUNDO A FUNDO DE RECURSOS DO SUS PROVENIENTES DO GOVERNO ESTADUAL;263.521,33
FUNDO MUNICIPAL DE SAÚDE DE BARBACENA;18.002;FUNDO MUNICIPAL DE SAUDE;2.025;MANUTENÇÃO DA REDE DE ATENÇÃO PRIMÁRIA;2;ATENÇAO BASICA;10;Saúde;301;Atenção Básica;65;3.1.90.11.00.00.00.00;VENCIMENTOS E VANTAGENS FIXAS - PESSOAL CIVIL;1.500.000.1002;RECURSOS NÃO VINCULADOS DE IMPOSTOS (SAÚDE);734.976,83
FUNDO MUNICIPAL DE SAÚDE DE BARBACENA;18.002;FUNDO MUNICIPAL DE SAUDE;2.025;MANUTENÇÃO DA REDE DE ATENÇÃO PRIMÁRIA;2;ATENÇAO BASICA;10;Saúde;301;Atenção Básica;65;3.1.90.11.00.00.00.00;VENCIMENTOS E VANTAGENS FIXAS - PESSOAL CIVIL;1.600.000.0000;TRANSFERÊNCIAS FUNDO A FUNDO DE RECURSOS DO SUS PROVENIENTES DO GOVERNO FEDERAL - BLOCO DE MANUTENÇÃO DAS AÇÕES E SERVIÇOS PÚBLICOS DE SAÚDE;1.597.663,97
FUNDO MUNICIPAL DE SAÚDE DE BARBACENA;18.002;FUNDO MUNICIPAL DE SAUDE;2.025;MANUTENÇÃO DA REDE DE ATENÇÃO PRIMÁRIA;2;ATENÇAO BASICA;10;Saúde;301;Atenção Básica;65;3.1.90.11.00.00.00.00;VENCIMENTOS E VANTAGENS FIXAS - PESSOAL CIVIL;1.621.000.0000;TRANSFERÊNCIAS FUNDO A FUNDO DE RECURSOS DO SUS PROVENIENTES DO GOVERNO ESTADUAL;233.284,13
FUNDO MUNICIPAL DE SAÚDE DE BARBACENA;18.002;FUNDO MUNICIPAL DE SAUDE;2.025;MANUTENÇÃO DA REDE DE ATENÇÃO PRIMÁRIA;2;ATENÇAO BASICA;10;Saúde;301;Atenção Básica;65;3.1.90.11.00.00.00.00;VENCIMENTOS E VANTAGENS FIXAS - PESSOAL CIVIL;2.621.000.0000;TRANSFERÊNCIAS FUNDO A FUNDO DE RECURSOS DO SUS PROVENIENTES DO GOVERNO ESTADUAL;213.751,51
FUNDO MUNICIPAL DE SAÚDE DE BARBACENA;18.002;FUNDO MUNICIPAL DE SAUDE;2.025;MANUTENÇÃO DA REDE DE ATENÇÃO PRIMÁRIA;2;ATENÇAO BASICA;10;Saúde;301;Atenção Básica;66;3.1.90.13.00.00.00.00;OBRIGAÇÕES PATRONAIS;1.621.000.0000;TRANSFERÊNCIAS FUNDO A FUNDO DE RECURSOS DO SUS PROVENIENTES DO GOVERNO ESTADUAL;3.000,00
FUNDO MUNICIPAL DE SAÚDE DE BARBACENA;18.002;FUNDO MUNICIPAL DE SAUDE;2.025;MANUTENÇÃO DA REDE DE ATENÇÃO PRIMÁRIA;2;ATENÇAO BASICA;10;Saúde;301;Atenção Básica;67;3.1.90.92.00.00.00.00;DESPESAS DE EXERCÍCIOS ANTERIORES;1.500.000.1002;RECURSOS NÃO VINCULADOS DE IMPOSTOS (SAÚDE);199,96
FUNDO MUNICIPAL DE SAÚDE DE BARBACENA;18.002;FUNDO MUNICIPAL DE SAUDE;2.025;MANUTENÇÃO DA REDE DE ATENÇÃO PRIMÁRIA;2;ATENÇAO BASICA;10;Saúde;301;Atenção Básica;68;3.1.91.13.00.00.00.00;OBRIGAÇÕES PATRONAIS;1.500.000.1002;RECURSOS NÃO VINCULADOS DE IMPOSTOS (SAÚDE);172.910,67
FUNDO MUNICIPAL DE SAÚDE DE BARBACENA;18.002;FUNDO MUNICIPAL DE SAUDE;2.025;MANUTENÇÃO DA REDE DE ATENÇÃO PRIMÁRIA;2;ATENÇAO BASICA;10;Saúde;301;Atenção Básica;68;3.1.91.13.00.00.00.00;OBRIGAÇÕES PATRONAIS;1.600.000.0000;TRANSFERÊNCIAS FUNDO A FUNDO DE RECURSOS DO SUS PROVENIENTES DO GOVERNO FEDERAL - BLOCO DE MANUTENÇÃO DAS AÇÕES E SERVIÇOS PÚBLICOS DE SAÚDE;507.085,85
FUNDO MUNICIPAL DE SAÚDE DE BARBACENA;18.002;FUNDO MUNICIPAL DE SAUDE;2.025;MANUTENÇÃO DA REDE DE ATENÇÃO PRIMÁRIA;2;ATENÇAO BASICA;10;Saúde;301;Atenção Básica;68;3.1.91.13.00.00.00.00;OBRIGAÇÕES PATRONAIS;1.621.000.0000;TRANSFERÊNCIAS FUNDO A FUNDO DE RECURSOS DO SUS PROVENIENTES DO GOVERNO ESTADUAL;59.678,05
FUNDO MUNICIPAL DE SAÚDE DE BARBACENA;18.002;FUNDO MUNICIPAL DE SAUDE;2.025;MANUTENÇÃO DA REDE DE ATENÇÃO PRIMÁRIA;2;ATENÇAO BASICA;10;Saúde;301;Atenção Básica;68;3.1.91.13.00.00.00.00;OBRIGAÇÕES PATRONAIS;2.621.000.0000;TRANSFERÊNCIAS FUNDO A FUNDO DE RECURSOS DO SUS PROVENIENTES DO GOVERNO ESTADUAL;58.356,31
FUNDO MUNICIPAL DE SAÚDE DE BARBACENA;18.002;FUNDO MUNICIPAL DE SAUDE;2.025;MANUTENÇÃO DA REDE DE ATENÇÃO PRIMÁRIA;2;ATENÇAO BASICA;10;Saúde;301;Atenção Básica;69;3.3.90.08.00.00.00.00;OUTROS BENEFÍCIOS ASSISTENCIAIS-SERVIDOR/MILITAR;1.500.000.1002;RECURSOS NÃO VINCULADOS DE IMPOSTOS (SAÚDE);1.650,00
FUNDO MUNICIPAL DE SAÚDE DE BARBACENA;18.002;FUNDO MUNICIPAL DE SAUDE;2.025;MANUTENÇÃO DA REDE DE ATENÇÃO PRIMÁRIA;2;ATENÇAO BASICA;10;Saúde;301;Atenção Básica;69;3.3.90.08.00.00.00.00;OUTROS BENEFÍCIOS ASSISTENCIAIS-SERVIDOR/MILITAR;1.600.000.0000;TRANSFERÊNCIAS FUNDO A FUNDO DE RECURSOS DO SUS PROVENIENTES DO GOVERNO FEDERAL - BLOCO DE MANUTENÇÃO DAS AÇÕES E SERVIÇOS PÚBLICOS DE SAÚDE;5.363,00
FUNDO MUNICIPAL DE SAÚDE DE BARBACENA;18.002;FUNDO MUNICIPAL DE SAUDE;2.025;MANUTENÇÃO DA REDE DE ATENÇÃO PRIMÁRIA;2;ATENÇAO BASICA;10;Saúde;301;Atenção Básica;69;3.3.90.08.00.00.00.00;OUTROS BENEFÍCIOS ASSISTENCIAIS-SERVIDOR/MILITAR;1.621.000.0000;TRANSFERÊNCIAS FUNDO A FUNDO DE RECURSOS DO SUS PROVENIENTES DO GOVERNO ESTADUAL;1.000,00
FUNDO MUNICIPAL DE SAÚDE DE BARBACENA;18.002;FUNDO MUNICIPAL DE SAUDE;2.025;MANUTENÇÃO DA REDE DE ATENÇÃO PRIMÁRIA;2;ATENÇAO BASICA;10;Saúde;301;Atenção Básica;69;3.3.90.08.00.00.00.00;OUTROS BENEFÍCIOS ASSISTENCIAIS-SERVIDOR/MILITAR;2.621.000.0000;TRANSFERÊNCIAS FUNDO A FUNDO DE RECURSOS DO SUS PROVENIENTES DO GOVERNO ESTADUAL;330,00
FUNDO MUNICIPAL DE SAÚDE DE BARBACENA;18.002;FUNDO MUNICIPAL DE SAUDE;2.025;MANUTENÇÃO DA REDE DE ATENÇÃO PRIMÁRIA;2;ATENÇAO BASICA;10;Saúde;301;Atenção Básica;70;3.3.90.14.00.00.00.00;DIÁRIAS - PESSOAL CIVIL;1.600.000.0000;TRANSFERÊNCIAS FUNDO A FUNDO DE RECURSOS DO SUS PROVENIENTES DO GOVERNO FEDERAL - BLOCO DE MANUTENÇÃO DAS AÇÕES E SERVIÇOS PÚBLICOS DE SAÚDE;2.250,00
FUNDO MUNICIPAL DE SAÚDE DE BARBACENA;18.002;FUNDO MUNICIPAL DE SAUDE;2.025;MANUTENÇÃO DA REDE DE ATENÇÃO PRIMÁRIA;2;ATENÇAO BASICA;10;Saúde;301;Atenção Básica;70;3.3.90.14.00.00.00.00;DIÁRIAS - PESSOAL CIVIL;2.621.000.0000;TRANSFERÊNCIAS FUNDO A FUNDO DE RECURSOS DO SUS PROVENIENTES DO GOVERNO ESTADUAL;2.000,00
FUNDO MUNICIPAL DE SAÚDE DE BARBACENA;18.002;FUNDO MUNICIPAL DE SAUDE;2.025;MANUTENÇÃO DA REDE DE ATENÇÃO PRIMÁRIA;2;ATENÇAO BASICA;10;Saúde;301;Atenção Básica;71;3.3.90.18.00.00.00.00;AUXÍLIO FINANCEIRO A ESTUDANTES;1.500.000.1002;RECURSOS NÃO VINCULADOS DE IMPOSTOS (SAÚDE);680,00
FUNDO MUNICIPAL DE SAÚDE DE BARBACENA;18.002;FUNDO MUNICIPAL DE SAUDE;2.025;MANUTENÇÃO DA REDE DE ATENÇÃO PRIMÁRIA;2;ATENÇAO BASICA;10;Saúde;301;Atenção Básica;71;3.3.90.18.00.00.00.00;AUXÍLIO FINANCEIRO A ESTUDANTES;1.600.000.0000;TRANSFERÊNCIAS FUNDO A FUNDO DE RECURSOS DO SUS PROVENIENTES DO GOVERNO FEDERAL - BLOCO DE MANUTENÇÃO DAS AÇÕES E SERVIÇOS PÚBLICOS DE SAÚDE;500,00
FUNDO MUNICIPAL DE SAÚDE DE BARBACENA;18.002;FUNDO MUNICIPAL DE SAUDE;2.025;MANUTENÇÃO DA REDE DE ATENÇÃO PRIMÁRIA;2;ATENÇAO BASICA;10;Saúde;301;Atenção Básica;71;3.3.90.18.00.00.00.00;AUXÍLIO FINANCEIRO A ESTUDANTES;1.621.000.0000;TRANSFERÊNCIAS FUNDO A FUNDO DE RECURSOS DO SUS PROVENIENTES DO GOVERNO ESTADUAL;500,00
FUNDO MUNICIPAL DE SAÚDE DE BARBACENA;18.002;FUNDO MUNICIPAL DE SAUDE;2.025;MANUTENÇÃO DA REDE DE ATENÇÃO PRIMÁRIA;2;ATENÇAO BASICA;10;Saúde;301;Atenção Básica;72;3.3.90.30.00.00.00.00;MATERIAL DE CONSUMO;1.600.000.0000;TRANSFERÊNCIAS FUNDO A FUNDO DE RECURSOS DO SUS PROVENIENTES DO GOVERNO FEDERAL - BLOCO DE MANUTENÇÃO DAS AÇÕES E SERVIÇOS PÚBLICOS DE SAÚDE;38.135,63
FUNDO MUNICIPAL DE SAÚDE DE BARBACENA;18.002;FUNDO MUNICIPAL DE SAUDE;2.025;MANUTENÇÃO DA REDE DE ATENÇÃO PRIMÁRIA;2;ATENÇAO BASICA;10;Saúde;301;Atenção Básica;72;3.3.90.30.00.00.00.00;MATERIAL DE CONSUMO;1.621.000.0000;TRANSFERÊNCIAS FUNDO A FUNDO DE RECURSOS DO SUS PROVENIENTES DO GOVERNO ESTADUAL;1.075.953,86
FUNDO MUNICIPAL DE SAÚDE DE BARBACENA;18.002;FUNDO MUNICIPAL DE SAUDE;2.025;MANUTENÇÃO DA REDE DE ATENÇÃO PRIMÁRIA;2;ATENÇAO BASICA;10;Saúde;301;Atenção Básica;72;3.3.90.30.00.00.00.00;MATERIAL DE CONSUMO;2.600.000.0000;TRANSFERÊNCIAS FUNDO A FUNDO DE RECURSOS DO SUS PROVENIENTES DO GOVERNO FEDERAL - BLOCO DE MANUTENÇÃO DAS AÇÕES E SERVIÇOS PÚBLICOS DE SAÚDE;68.835,57
FUNDO MUNICIPAL DE SAÚDE DE BARBACENA;18.002;FUNDO MUNICIPAL DE SAUDE;2.025;MANUTENÇÃO DA REDE DE ATENÇÃO PRIMÁRIA;2;ATENÇAO BASICA;10;Saúde;301;Atenção Básica;72;3.3.90.30.00.00.00.00;MATERIAL DE CONSUMO;2.621.000.0000;TRANSFERÊNCIAS FUNDO A FUNDO DE RECURSOS DO SUS PROVENIENTES DO GOVERNO ESTADUAL;1.626.741,81
FUNDO MUNICIPAL DE SAÚDE DE BARBACENA;18.002;FUNDO MUNICIPAL DE SAUDE;2.025;MANUTENÇÃO DA REDE DE ATENÇÃO PRIMÁRIA;2;ATENÇAO BASICA;10;Saúde;301;Atenção Básica;72;3.3.90.30.00.00.00.00;MATERIAL DE CONSUMO;2.706.000.0000;TRANSFERÊNCIA ESPECIAL DA UNIÃO;13.388,01
FUNDO MUNICIPAL DE SAÚDE DE BARBACENA;18.002;FUNDO MUNICIPAL DE SAUDE;2.025;MANUTENÇÃO DA REDE DE ATENÇÃO PRIMÁRIA;2;ATENÇAO BASICA;10;Saúde;301;Atenção Básica;72;3.3.90.30.00.00.00.00;MATERIAL DE CONSUMO;2.707.000.0000;TRANSFERÊNCIAS DA UNIÃO – INCISO I DO ART. 5º DA LEI COMPLEMENTAR 273/2020;0,01
FUNDO MUNICIPAL DE SAÚDE DE BARBACENA;18.002;FUNDO MUNICIPAL DE SAUDE;2.025;MANUTENÇÃO DA REDE DE ATENÇÃO PRIMÁRIA;2;ATENÇAO BASICA;10;Saúde;301;Atenção Básica;73;3.3.90.36.00.00.00.00;OUTROS SERVIÇOS DE TERCEIROS - PESSOA FÍSICA;1.600.000.0000;TRANSFERÊNCIAS FUNDO A FUNDO DE RECURSOS DO SUS PROVENIENTES DO GOVERNO FEDERAL - BLOCO DE MANUTENÇÃO DAS AÇÕES E SERVIÇOS PÚBLICOS DE SAÚDE;50.881,51
FUNDO MUNICIPAL DE SAÚDE DE BARBACENA;18.002;FUNDO MUNICIPAL DE SAUDE;2.025;MANUTENÇÃO DA REDE DE ATENÇÃO PRIMÁRIA;2;ATENÇAO BASICA;10;Saúde;301;Atenção Básica;73;3.3.90.36.00.00.00.00;OUTROS SERVIÇOS DE TERCEIROS - PESSOA FÍSICA;1.621.000.0000;TRANSFERÊNCIAS FUNDO A FUNDO DE RECURSOS DO SUS PROVENIENTES DO GOVERNO ESTADUAL;1.000,00
FUNDO MUNICIPAL DE SAÚDE DE BARBACENA;18.002;FUNDO MUNICIPAL DE SAUDE;2.025;MANUTENÇÃO DA REDE DE ATENÇÃO PRIMÁRIA;2;ATENÇAO BASICA;10;Saúde;301;Atenção Básica;74;3.3.90.39.00.00.00.00;OUTROS SERVIÇOS DE TERCEIROS - PESSOA JURÍDICA;1.500.000.1002;RECURSOS NÃO VINCULADOS DE IMPOSTOS (SAÚDE);70.506,79
FUNDO MUNICIPAL DE SAÚDE DE BARBACENA;18.002;FUNDO MUNICIPAL DE SAUDE;2.025;MANUTENÇÃO DA REDE DE ATENÇÃO PRIMÁRIA;2;ATENÇAO BASICA;10;Saúde;301;Atenção Básica;74;3.3.90.39.00.00.00.00;OUTROS SERVIÇOS DE TERCEIROS - PESSOA JURÍDICA;1.600.000.0000;TRANSFERÊNCIAS FUNDO A FUNDO DE RECURSOS DO SUS PROVENIENTES DO GOVERNO FEDERAL - BLOCO DE MANUTENÇÃO DAS AÇÕES E SERVIÇOS PÚBLICOS DE SAÚDE;108.975,95
FUNDO MUNICIPAL DE SAÚDE DE BARBACENA;18.002;FUNDO MUNICIPAL DE SAUDE;2.025;MANUTENÇÃO DA REDE DE ATENÇÃO PRIMÁRIA;2;ATENÇAO BASICA;10;Saúde;301;Atenção Básica;74;3.3.90.39.00.00.00.00;OUTROS SERVIÇOS DE TERCEIROS - PESSOA JURÍDICA;1.621.000.0000;TRANSFERÊNCIAS FUNDO A FUNDO DE RECURSOS DO SUS PROVENIENTES DO GOVERNO ESTADUAL;192.789,57
FUNDO MUNICIPAL DE SAÚDE DE BARBACENA;18.002;FUNDO MUNICIPAL DE SAUDE;2.025;MANUTENÇÃO DA REDE DE ATENÇÃO PRIMÁRIA;2;ATENÇAO BASICA;10;Saúde;301;Atenção Básica;74;3.3.90.39.00.00.00.00;OUTROS SERVIÇOS DE TERCEIROS - PESSOA JURÍDICA;2.600.000.0000;TRANSFERÊNCIAS FUNDO A FUNDO DE RECURSOS DO SUS PROVENIENTES DO GOVERNO FEDERAL - BLOCO DE MANUTENÇÃO DAS AÇÕES E SERVIÇOS PÚBLICOS DE SAÚDE;169.497,64
FUNDO MUNICIPAL DE SAÚDE DE BARBACENA;18.002;FUNDO MUNICIPAL DE SAUDE;2.025;MANUTENÇÃO DA REDE DE ATENÇÃO PRIMÁRIA;2;ATENÇAO BASICA;10;Saúde;301;Atenção Básica;74;3.3.90.39.00.00.00.00;OUTROS SERVIÇOS DE TERCEIROS - PESSOA JURÍDICA;2.621.000.0000;TRANSFERÊNCIAS FUNDO A FUNDO DE RECURSOS DO SUS PROVENIENTES DO GOVERNO ESTADUAL;753.110,63
FUNDO MUNICIPAL DE SAÚDE DE BARBACENA;18.002;FUNDO MUNICIPAL DE SAUDE;2.025;MANUTENÇÃO DA REDE DE ATENÇÃO PRIMÁRIA;2;ATENÇAO BASICA;10;Saúde;301;Atenção Básica;74;3.3.90.39.00.00.00.00;OUTROS SERVIÇOS DE TERCEIROS - PESSOA JURÍDICA;2.706.000.0000;TRANSFERÊNCIA ESPECIAL DA UNIÃO;57.175,01
FUNDO MUNICIPAL DE SAÚDE DE BARBACENA;18.002;FUNDO MUNICIPAL DE SAUDE;2.025;MANUTENÇÃO DA REDE DE ATENÇÃO PRIMÁRIA;2;ATENÇAO BASICA;10;Saúde;301;Atenção Básica;75;3.3.90.40.00.00.00.00;SERVIÇOS DE TECNOLOGIA DA INFORMAÇÃO E COMUNICAÇ;1.500.000.1002;RECURSOS NÃO VINCULADOS DE IMPOSTOS (SAÚDE);493,21
FUNDO MUNICIPAL DE SAÚDE DE BARBACENA;18.002;FUNDO MUNICIPAL DE SAUDE;2.025;MANUTENÇÃO DA REDE DE ATENÇÃO PRIMÁRIA;2;ATENÇAO BASICA;10;Saúde;301;Atenção Básica;75;3.3.90.40.00.00.00.00;SERVIÇOS DE TECNOLOGIA DA INFORMAÇÃO E COMUNICAÇ;1.600.000.0000;TRANSFERÊNCIAS FUNDO A FUNDO DE RECURSOS DO SUS PROVENIENTES DO GOVERNO FEDERAL - BLOCO DE MANUTENÇÃO DAS AÇÕES E SERVIÇOS PÚBLICOS DE SAÚDE;0,00
FUNDO MUNICIPAL DE SAÚDE DE BARBACENA;18.002;FUNDO MUNICIPAL DE SAUDE;2.025;MANUTENÇÃO DA REDE DE ATENÇÃO PRIMÁRIA;2;ATENÇAO BASICA;10;Saúde;301;Atenção Básica;76;3.3.90.46.00.00.00.00;AUXÍLIO-ALIMENTAÇÃO;1.500.000.1002;RECURSOS NÃO VINCULADOS DE IMPOSTOS (SAÚDE);539.463,41
FUNDO MUNICIPAL DE SAÚDE DE BARBACENA;18.002;FUNDO MUNICIPAL DE SAUDE;2.025;MANUTENÇÃO DA REDE DE ATENÇÃO PRIMÁRIA;2;ATENÇAO BASICA;10;Saúde;301;Atenção Básica;76;3.3.90.46.00.00.00.00;AUXÍLIO-ALIMENTAÇÃO;1.600.000.0000;TRANSFERÊNCIAS FUNDO A FUNDO DE RECURSOS DO SUS PROVENIENTES DO GOVERNO FEDERAL - BLOCO DE MANUTENÇÃO DAS AÇÕES E SERVIÇOS PÚBLICOS DE SAÚDE;370.664,51
FUNDO MUNICIPAL DE SAÚDE DE BARBACENA;18.002;FUNDO MUNICIPAL DE SAUDE;2.025;MANUTENÇÃO DA REDE DE ATENÇÃO PRIMÁRIA;2;ATENÇAO BASICA;10;Saúde;301;Atenção Básica;76;3.3.90.46.00.00.00.00;AUXÍLIO-ALIMENTAÇÃO;1.621.000.0000;TRANSFERÊNCIAS FUNDO A FUNDO DE RECURSOS DO SUS PROVENIENTES DO GOVERNO ESTADUAL;77.835,00
FUNDO MUNICIPAL DE SAÚDE DE BARBACENA;18.002;FUNDO MUNICIPAL DE SAUDE;2.025;MANUTENÇÃO DA REDE DE ATENÇÃO PRIMÁRIA;2;ATENÇAO BASICA;10;Saúde;301;Atenção Básica;76;3.3.90.46.00.00.00.00;AUXÍLIO-ALIMENTAÇÃO;2.621.000.0000;TRANSFERÊNCIAS FUNDO A FUNDO DE RECURSOS DO SUS PROVENIENTES DO GOVERNO ESTADUAL;43.140,01
FUNDO MUNICIPAL DE SAÚDE DE BARBACENA;18.002;FUNDO MUNICIPAL DE SAUDE;2.025;MANUTENÇÃO DA REDE DE ATENÇÃO PRIMÁRIA;2;ATENÇAO BASICA;10;Saúde;301;Atenção Básica;77;3.3.90.47.00.00.00.00;OBRIGAÇÕES TRIBUTÁRIAS E CONTRIBUTIVAS;1.600.000.0000;TRANSFERÊNCIAS FUNDO A FUNDO DE RECURSOS DO SUS PROVENIENTES DO GOVERNO FEDERAL - BLOCO DE MANUTENÇÃO DAS AÇÕES E SERVIÇOS PÚBLICOS DE SAÚDE;0,00
FUNDO MUNICIPAL DE SAÚDE DE BARBACENA;18.002;FUNDO MUNICIPAL DE SAUDE;2.025;MANUTENÇÃO DA REDE DE ATENÇÃO PRIMÁRIA;2;ATENÇAO BASICA;10;Saúde;301;Atenção Básica;78;3.3.90.48.00.00.00.00;OUTROS AUXÍLIOS FINANCEIROS A PESSOAS FÍSICAS;1.500.000.1002;RECURSOS NÃO VINCULADOS DE IMPOSTOS (SAÚDE);43.786,67
FUNDO MUNICIPAL DE SAÚDE DE BARBACENA;18.002;FUNDO MUNICIPAL DE SAUDE;2.025;MANUTENÇÃO DA REDE DE ATENÇÃO PRIMÁRIA;2;ATENÇAO BASICA;10;Saúde;301;Atenção Básica;78;3.3.90.48.00.00.00.00;OUTROS AUXÍLIOS FINANCEIROS A PESSOAS FÍSICAS;1.600.000.0000;TRANSFERÊNCIAS FUNDO A FUNDO DE RECURSOS DO SUS PROVENIENTES DO GOVERNO FEDERAL - BLOCO DE MANUTENÇÃO DAS AÇÕES E SERVIÇOS PÚBLICOS DE SAÚDE;0,00
FUNDO MUNICIPAL DE SAÚDE DE BARBACENA;18.002;FUNDO MUNICIPAL DE SAUDE;2.025;MANUTENÇÃO DA REDE DE ATENÇÃO PRIMÁRIA;2;ATENÇAO BASICA;10;Saúde;301;Atenção Básica;79;4.4.90.52.00.00.00.00;EQUIPAMENTOS E MATERIAL PERMANENTE;1.500.000.1002;RECURSOS NÃO VINCULADOS DE IMPOSTOS (SAÚDE);5.407,05
FUNDO MUNICIPAL DE SAÚDE DE BARBACENA;18.002;FUNDO MUNICIPAL DE SAUDE;2.025;MANUTENÇÃO DA REDE DE ATENÇÃO PRIMÁRIA;2;ATENÇAO BASICA;10;Saúde;301;Atenção Básica;79;4.4.90.52.00.00.00.00;EQUIPAMENTOS E MATERIAL PERMANENTE;1.600.000.0000;TRANSFERÊNCIAS FUNDO A FUNDO DE RECURSOS DO SUS PROVENIENTES DO GOVERNO FEDERAL - BLOCO DE MANUTENÇÃO DAS AÇÕES E SERVIÇOS PÚBLICOS DE SAÚDE;0,00
FUNDO MUNICIPAL DE SAÚDE DE BARBACENA;18.002;FUNDO MUNICIPAL DE SAUDE;2.025;MANUTENÇÃO DA REDE DE ATENÇÃO PRIMÁRIA;2;ATENÇAO BASICA;10;Saúde;301;Atenção Básica;79;4.4.90.52.00.00.00.00;EQUIPAMENTOS E MATERIAL PERMANENTE;1.601.000.0000;TRANSFERÊNCIAS FUNDO A FUNDO DE RECURSOS DO SUS PROVENIENTES DO GOVERNO FEDERAL - BLOCO DE ESTRUTURAÇÃO DA REDE DE SERVIÇOS PÚBLICOS DE SAÚDE;185.274,04
FUNDO MUNICIPAL DE SAÚDE DE BARBACENA;18.002;FUNDO MUNICIPAL DE SAUDE;2.025;MANUTENÇÃO DA REDE DE ATENÇÃO PRIMÁRIA;2;ATENÇAO BASICA;10;Saúde;301;Atenção Básica;79;4.4.90.52.00.00.00.00;EQUIPAMENTOS E MATERIAL PERMANENTE;1.621.000.0000;TRANSFERÊNCIAS FUNDO A FUNDO DE RECURSOS DO SUS PROVENIENTES DO GOVERNO ESTADUAL;50.000,00
FUNDO MUNICIPAL DE SAÚDE DE BARBACENA;18.002;FUNDO MUNICIPAL DE SAUDE;2.025;MANUTENÇÃO DA REDE DE ATENÇÃO PRIMÁRIA;2;ATENÇAO BASICA;10;Saúde;301;Atenção Básica;79;4.4.90.52.00.00.00.00;EQUIPAMENTOS E MATERIAL PERMANENTE;2.601.000.0000;TRANSFERÊNCIAS FUNDO A FUNDO DE RECURSOS DO SUS PROVENIENTES DO GOVERNO FEDERAL. BLOCO DE ESTRUTURAÇÃO DA REDE DE SERVIÇOS PÚBLICOS DE SAÚDE;46.527,91
FUNDO MUNICIPAL DE SAÚDE DE BARBACENA;18.002;FUNDO MUNICIPAL DE SAUDE;2.025;MANUTENÇÃO DA REDE DE ATENÇÃO PRIMÁRIA;2;ATENÇAO BASICA;10;Saúde;301;Atenção Básica;79;4.4.90.52.00.00.00.00;EQUIPAMENTOS E MATERIAL PERMANENTE;2.621.000.0000;TRANSFERÊNCIAS FUNDO A FUNDO DE RECURSOS DO SUS PROVENIENTES DO GOVERNO ESTADUAL;352.094,33
FUNDO MUNICIPAL DE SAÚDE DE BARBACENA;18.002;FUNDO MUNICIPAL DE SAUDE;2.448;INSTITUIR, REGULAMENTAR E IMPLEMENTAR PROGRAMA SAÚDE MENSTRUAL NAS UBS;2;ATENÇAO BASICA;10;Saúde;301;Atenção Básica;80;3.3.90.30.00.00.00.00;MATERIAL DE CONSUMO;1.600.000.0000;TRANSFERÊNCIAS FUNDO A FUNDO DE RECURSOS DO SUS PROVENIENTES DO GOVERNO FEDERAL - BLOCO DE MANUTENÇÃO DAS AÇÕES E SERVIÇOS PÚBLICOS DE SAÚDE;50.000,00
FUNDO MUNICIPAL DE SAÚDE DE BARBACENA;18.002;FUNDO MUNICIPAL DE SAUDE;2.450;MANUTENÇÃO DA UBS SANTA EFIGÊNIA;2;ATENÇAO BASICA;10;Saúde;301;Atenção Básica;81;4.4.90.51.00.00.00.00;OBRAS E INSTALAÇÕES;1.500.000.1002;RECURSOS NÃO VINCULADOS DE IMPOSTOS (SAÚDE);0,01
FUNDO MUNICIPAL DE SAÚDE DE BARBACENA;18.002;FUNDO MUNICIPAL DE SAUDE;2.450;MANUTENÇÃO DA UBS SANTA EFIGÊNIA;2;ATENÇAO BASICA;10;Saúde;301;Atenção Básica;81;4.4.90.51.00.00.00.00;OBRAS E INSTALAÇÕES;1.621.000.0000;TRANSFERÊNCIAS FUNDO A FUNDO DE RECURSOS DO SUS PROVENIENTES DO GOVERNO ESTADUAL;173.265,45
FUNDO MUNICIPAL DE SAÚDE DE BARBACENA;18.002;FUNDO MUNICIPAL DE SAUDE;2.615;MANUTENÇAO DO PROGRAMA ACS;2;ATENÇAO BASICA;10;Saúde;301;Atenção Básica;82;3.1.90.04.00.00.00.00;CONTRATAÇÃO POR TEMPO DETERMINADO;1.500.000.1002;RECURSOS NÃO VINCULADOS DE IMPOSTOS (SAÚDE);40.021,15
FUNDO MUNICIPAL DE SAÚDE DE BARBACENA;18.002;FUNDO MUNICIPAL DE SAUDE;2.615;MANUTENÇAO DO PROGRAMA ACS;2;ATENÇAO BASICA;10;Saúde;301;Atenção Básica;82;3.1.90.04.00.00.00.00;CONTRATAÇÃO POR TEMPO DETERMINADO;1.600.000.0000;TRANSFERÊNCIAS FUNDO A FUNDO DE RECURSOS DO SUS PROVENIENTES DO GOVERNO FEDERAL - BLOCO DE MANUTENÇÃO DAS AÇÕES E SERVIÇOS PÚBLICOS DE SAÚDE;37.501,52
FUNDO MUNICIPAL DE SAÚDE DE BARBACENA;18.002;FUNDO MUNICIPAL DE SAUDE;2.615;MANUTENÇAO DO PROGRAMA ACS;2;ATENÇAO BASICA;10;Saúde;301;Atenção Básica;82;3.1.90.04.00.00.00.00;CONTRATAÇÃO POR TEMPO DETERMINADO;1.604.000.0000;TRANSFERÊNCIAS PROVENIENTES DO GOVERNO FEDERAL DESTINADAS AO VENCIMENTO DOS AGENTES COMUNITÁRIOS DE SAÚDE E DOS AGENTES DE COMBATE ÀS ENDEMIAS;105.812,58
FUNDO MUNICIPAL DE SAÚDE DE BARBACENA;18.002;FUNDO MUNICIPAL DE SAUDE;2.615;MANUTENÇAO DO PROGRAMA ACS;2;ATENÇAO BASICA;10;Saúde;301;Atenção Básica;82;3.1.90.04.00.00.00.00;CONTRATAÇÃO POR TEMPO DETERMINADO;2.621.000.0000;TRANSFERÊNCIAS FUNDO A FUNDO DE RECURSOS DO SUS PROVENIENTES DO GOVERNO ESTADUAL;6.446,52
FUNDO MUNICIPAL DE SAÚDE DE BARBACENA;18.002;FUNDO MUNICIPAL DE SAUDE;2.615;MANUTENÇAO DO PROGRAMA ACS;2;ATENÇAO BASICA;10;Saúde;301;Atenção Básica;83;3.1.90.11.00.00.00.00;VENCIMENTOS E VANTAGENS FIXAS - PESSOAL CIVIL;1.500.000.1002;RECURSOS NÃO VINCULADOS DE IMPOSTOS (SAÚDE);1.071.591,11
FUNDO MUNICIPAL DE SAÚDE DE BARBACENA;18.002;FUNDO MUNICIPAL DE SAUDE;2.615;MANUTENÇAO DO PROGRAMA ACS;2;ATENÇAO BASICA;10;Saúde;301;Atenção Básica;83;3.1.90.11.00.00.00.00;VENCIMENTOS E VANTAGENS FIXAS - PESSOAL CIVIL;1.600.000.0000;TRANSFERÊNCIAS FUNDO A FUNDO DE RECURSOS DO SUS PROVENIENTES DO GOVERNO FEDERAL - BLOCO DE MANUTENÇÃO DAS AÇÕES E SERVIÇOS PÚBLICOS DE SAÚDE;678.028,80
FUNDO MUNICIPAL DE SAÚDE DE BARBACENA;18.002;FUNDO MUNICIPAL DE SAUDE;2.615;MANUTENÇAO DO PROGRAMA ACS;2;ATENÇAO BASICA;10;Saúde;301;Atenção Básica;83;3.1.90.11.00.00.00.00;VENCIMENTOS E VANTAGENS FIXAS - PESSOAL CIVIL;1.604.000.0000;TRANSFERÊNCIAS PROVENIENTES DO GOVERNO FEDERAL DESTINADAS AO VENCIMENTO DOS AGENTES COMUNITÁRIOS DE SAÚDE E DOS AGENTES DE COMBATE ÀS ENDEMIAS;4.333.127,06
FUNDO MUNICIPAL DE SAÚDE DE BARBACENA;18.002;FUNDO MUNICIPAL DE SAUDE;2.615;MANUTENÇAO DO PROGRAMA ACS;2;ATENÇAO BASICA;10;Saúde;301;Atenção Básica;83;3.1.90.11.00.00.00.00;VENCIMENTOS E VANTAGENS FIXAS - PESSOAL CIVIL;2.621.000.0000;TRANSFERÊNCIAS FUNDO A FUNDO DE RECURSOS DO SUS PROVENIENTES DO GOVERNO ESTADUAL;192.345,96
FUNDO MUNICIPAL DE SAÚDE DE BARBACENA;18.002;FUNDO MUNICIPAL DE SAUDE;2.615;MANUTENÇAO DO PROGRAMA ACS;2;ATENÇAO BASICA;10;Saúde;301;Atenção Básica;84;3.1.91.13.00.00.00.00;OBRIGAÇÕES PATRONAIS;1.500.000.1002;RECURSOS NÃO VINCULADOS DE IMPOSTOS (SAÚDE);243.631,17
FUNDO MUNICIPAL DE SAÚDE DE BARBACENA;18.002;FUNDO MUNICIPAL DE SAUDE;2.615;MANUTENÇAO DO PROGRAMA ACS;2;ATENÇAO BASICA;10;Saúde;301;Atenção Básica;84;3.1.91.13.00.00.00.00;OBRIGAÇÕES PATRONAIS;1.600.000.0000;TRANSFERÊNCIAS FUNDO A FUNDO DE RECURSOS DO SUS PROVENIENTES DO GOVERNO FEDERAL - BLOCO DE MANUTENÇÃO DAS AÇÕES E SERVIÇOS PÚBLICOS DE SAÚDE;185.392,95
FUNDO MUNICIPAL DE SAÚDE DE BARBACENA;18.002;FUNDO MUNICIPAL DE SAUDE;2.615;MANUTENÇAO DO PROGRAMA ACS;2;ATENÇAO BASICA;10;Saúde;301;Atenção Básica;84;3.1.91.13.00.00.00.00;OBRIGAÇÕES PATRONAIS;1.604.000.0000;TRANSFERÊNCIAS PROVENIENTES DO GOVERNO FEDERAL DESTINADAS AO VENCIMENTO DOS AGENTES COMUNITÁRIOS DE SAÚDE E DOS AGENTES DE COMBATE ÀS ENDEMIAS;1.215.258,00
FUNDO MUNICIPAL DE SAÚDE DE BARBACENA;18.002;FUNDO MUNICIPAL DE SAUDE;2.615;MANUTENÇAO DO PROGRAMA ACS;2;ATENÇAO BASICA;10;Saúde;301;Atenção Básica;84;3.1.91.13.00.00.00.00;OBRIGAÇÕES PATRONAIS;2.621.000.0000;TRANSFERÊNCIAS FUNDO A FUNDO DE RECURSOS DO SUS PROVENIENTES DO GOVERNO ESTADUAL;52.897,24
FUNDO MUNICIPAL DE SAÚDE DE BARBACENA;18.002;FUNDO MUNICIPAL DE SAUDE;2.615;MANUTENÇAO DO PROGRAMA ACS;2;ATENÇAO BASICA;10;Saúde;301;Atenção Básica;85;3.3.90.08.00.00.00.00;OUTROS BENEFÍCIOS ASSISTENCIAIS-SERVIDOR/MILITAR;1.600.000.0000;TRANSFERÊNCIAS FUNDO A FUNDO DE RECURSOS DO SUS PROVENIENTES DO GOVERNO FEDERAL - BLOCO DE MANUTENÇÃO DAS AÇÕES E SERVIÇOS PÚBLICOS DE SAÚDE;7.092,62
FUNDO MUNICIPAL DE SAÚDE DE BARBACENA;18.002;FUNDO MUNICIPAL DE SAUDE;2.615;MANUTENÇAO DO PROGRAMA ACS;2;ATENÇAO BASICA;10;Saúde;301;Atenção Básica;85;3.3.90.08.00.00.00.00;OUTROS BENEFÍCIOS ASSISTENCIAIS-SERVIDOR/MILITAR;1.604.000.0000;TRANSFERÊNCIAS PROVENIENTES DO GOVERNO FEDERAL DESTINADAS AO VENCIMENTO DOS AGENTES COMUNITÁRIOS DE SAÚDE E DOS AGENTES DE COMBATE ÀS ENDEMIAS;500,00
FUNDO MUNICIPAL DE SAÚDE DE BARBACENA;18.002;FUNDO MUNICIPAL DE SAUDE;2.615;MANUTENÇAO DO PROGRAMA ACS;2;ATENÇAO BASICA;10;Saúde;301;Atenção Básica;86;3.3.90.14.00.00.00.00;DIÁRIAS - PESSOAL CIVIL;1.600.000.0000;TRANSFERÊNCIAS FUNDO A FUNDO DE RECURSOS DO SUS PROVENIENTES DO GOVERNO FEDERAL - BLOCO DE MANUTENÇÃO DAS AÇÕES E SERVIÇOS PÚBLICOS DE SAÚDE;1.000,00
FUNDO MUNICIPAL DE SAÚDE DE BARBACENA;18.002;FUNDO MUNICIPAL DE SAUDE;2.615;MANUTENÇAO DO PROGRAMA ACS;2;ATENÇAO BASICA;10;Saúde;301;Atenção Básica;87;3.3.90.18.00.00.00.00;AUXÍLIO FINANCEIRO A ESTUDANTES;1.500.000.1002;RECURSOS NÃO VINCULADOS DE IMPOSTOS (SAÚDE);0,00
FUNDO MUNICIPAL DE SAÚDE DE BARBACENA;18.002;FUNDO MUNICIPAL DE SAUDE;2.615;MANUTENÇAO DO PROGRAMA ACS;2;ATENÇAO BASICA;10;Saúde;301;Atenção Básica;87;3.3.90.18.00.00.00.00;AUXÍLIO FINANCEIRO A ESTUDANTES;1.600.000.0000;TRANSFERÊNCIAS FUNDO A FUNDO DE RECURSOS DO SUS PROVENIENTES DO GOVERNO FEDERAL - BLOCO DE MANUTENÇÃO DAS AÇÕES E SERVIÇOS PÚBLICOS DE SAÚDE;500,00
FUNDO MUNICIPAL DE SAÚDE DE BARBACENA;18.002;FUNDO MUNICIPAL DE SAUDE;2.615;MANUTENÇAO DO PROGRAMA ACS;2;ATENÇAO BASICA;10;Saúde;301;Atenção Básica;87;3.3.90.18.00.00.00.00;AUXÍLIO FINANCEIRO A ESTUDANTES;1.604.000.0000;TRANSFERÊNCIAS PROVENIENTES DO GOVERNO FEDERAL DESTINADAS AO VENCIMENTO DOS AGENTES COMUNITÁRIOS DE SAÚDE E DOS AGENTES DE COMBATE ÀS ENDEMIAS;500,00
FUNDO MUNICIPAL DE SAÚDE DE BARBACENA;18.002;FUNDO MUNICIPAL DE SAUDE;2.615;MANUTENÇAO DO PROGRAMA ACS;2;ATENÇAO BASICA;10;Saúde;301;Atenção Básica;88;3.3.90.46.00.00.00.00;AUXÍLIO-ALIMENTAÇÃO;1.500.000.1002;RECURSOS NÃO VINCULADOS DE IMPOSTOS (SAÚDE);116.910,00
FUNDO MUNICIPAL DE SAÚDE DE BARBACENA;18.002;FUNDO MUNICIPAL DE SAUDE;2.615;MANUTENÇAO DO PROGRAMA ACS;2;ATENÇAO BASICA;10;Saúde;301;Atenção Básica;88;3.3.90.46.00.00.00.00;AUXÍLIO-ALIMENTAÇÃO;1.600.000.0000;TRANSFERÊNCIAS FUNDO A FUNDO DE RECURSOS DO SUS PROVENIENTES DO GOVERNO FEDERAL - BLOCO DE MANUTENÇÃO DAS AÇÕES E SERVIÇOS PÚBLICOS DE SAÚDE;118.677,38
FUNDO MUNICIPAL DE SAÚDE DE BARBACENA;18.002;FUNDO MUNICIPAL DE SAUDE;2.615;MANUTENÇAO DO PROGRAMA ACS;2;ATENÇAO BASICA;10;Saúde;301;Atenção Básica;88;3.3.90.46.00.00.00.00;AUXÍLIO-ALIMENTAÇÃO;1.604.000.0000;TRANSFERÊNCIAS PROVENIENTES DO GOVERNO FEDERAL DESTINADAS AO VENCIMENTO DOS AGENTES COMUNITÁRIOS DE SAÚDE E DOS AGENTES DE COMBATE ÀS ENDEMIAS;596.293,99
FUNDO MUNICIPAL DE SAÚDE DE BARBACENA;18.002;FUNDO MUNICIPAL DE SAUDE;2.615;MANUTENÇAO DO PROGRAMA ACS;2;ATENÇAO BASICA;10;Saúde;301;Atenção Básica;88;3.3.90.46.00.00.00.00;AUXÍLIO-ALIMENTAÇÃO;2.621.000.0000;TRANSFERÊNCIAS FUNDO A FUNDO DE RECURSOS DO SUS PROVENIENTES DO GOVERNO ESTADUAL;29.250,00
FUNDO MUNICIPAL DE SAÚDE DE BARBACENA;18.002;FUNDO MUNICIPAL DE SAUDE;2.447;AQUISIÇÃO DE INSUMOS E MEDICAMENTOS PARA SANTA CASA DE MISERICÓRDIA DE BARBACENA;2;ATENÇAO BASICA;10;Saúde;302;Assistência Hospitalar e Ambulatorial;89;3.3.50.41.00.00.00.00;CONTRIBUIÇÕES;1.500.000.1002;RECURSOS NÃO VINCULADOS DE IMPOSTOS (SAÚDE);41.088,48
FUNDO MUNICIPAL DE SAÚDE DE BARBACENA;18.002;FUNDO MUNICIPAL DE SAUDE;2.012;MANUTENÇAO DA ASSISTENCIA FARMACEUTICA;2;ATENÇAO BASICA;10;Saúde;303;Suporte Profilático e Terapêutico;190;3.1.90.04.00.00.00.00;CONTRATAÇÃO POR TEMPO DETERMINADO;1.500.000.1002;RECURSOS NÃO VINCULADOS DE IMPOSTOS (SAÚDE);330.779,48
FUNDO MUNICIPAL DE SAÚDE DE BARBACENA;18.002;FUNDO MUNICIPAL DE SAUDE;2.012;MANUTENÇAO DA ASSISTENCIA FARMACEUTICA;2;ATENÇAO BASICA;10;Saúde;303;Suporte Profilático e Terapêutico;190;3.1.90.04.00.00.00.00;CONTRATAÇÃO POR TEMPO DETERMINADO;1.600.000.0000;TRANSFERÊNCIAS FUNDO A FUNDO DE RECURSOS DO SUS PROVENIENTES DO GOVERNO FEDERAL - BLOCO DE MANUTENÇÃO DAS AÇÕES E SERVIÇOS PÚBLICOS DE SAÚDE;168.122,31
FUNDO MUNICIPAL DE SAÚDE DE BARBACENA;18.002;FUNDO MUNICIPAL DE SAUDE;2.012;MANUTENÇAO DA ASSISTENCIA FARMACEUTICA;2;ATENÇAO BASICA;10;Saúde;303;Suporte Profilático e Terapêutico;190;3.1.90.04.00.00.00.00;CONTRATAÇÃO POR TEMPO DETERMINADO;1.621.000.0000;TRANSFERÊNCIAS FUNDO A FUNDO DE RECURSOS DO SUS PROVENIENTES DO GOVERNO ESTADUAL;25.103,29
FUNDO MUNICIPAL DE SAÚDE DE BARBACENA;18.002;FUNDO MUNICIPAL DE SAUDE;2.012;MANUTENÇAO DA ASSISTENCIA FARMACEUTICA;2;ATENÇAO BASICA;10;Saúde;303;Suporte Profilático e Terapêutico;190;3.1.90.04.00.00.00.00;CONTRATAÇÃO POR TEMPO DETERMINADO;2.621.000.0000;TRANSFERÊNCIAS FUNDO A FUNDO DE RECURSOS DO SUS PROVENIENTES DO GOVERNO ESTADUAL;83.270,55
FUNDO MUNICIPAL DE SAÚDE DE BARBACENA;18.002;FUNDO MUNICIPAL DE SAUDE;2.012;MANUTENÇAO DA ASSISTENCIA FARMACEUTICA;2;ATENÇAO BASICA;10;Saúde;303;Suporte Profilático e Terapêutico;191;3.1.90.11.00.00.00.00;VENCIMENTOS E VANTAGENS FIXAS - PESSOAL CIVIL;1.500.000.1002;RECURSOS NÃO VINCULADOS DE IMPOSTOS (SAÚDE);85.171,44
FUNDO MUNICIPAL DE SAÚDE DE BARBACENA;18.002;FUNDO MUNICIPAL DE SAUDE;2.012;MANUTENÇAO DA ASSISTENCIA FARMACEUTICA;2;ATENÇAO BASICA;10;Saúde;303;Suporte Profilático e Terapêutico;191;3.1.90.11.00.00.00.00;VENCIMENTOS E VANTAGENS FIXAS - PESSOAL CIVIL;1.600.000.0000;TRANSFERÊNCIAS FUNDO A FUNDO DE RECURSOS DO SUS PROVENIENTES DO GOVERNO FEDERAL - BLOCO DE MANUTENÇÃO DAS AÇÕES E SERVIÇOS PÚBLICOS DE SAÚDE;78.493,42
FUNDO MUNICIPAL DE SAÚDE DE BARBACENA;18.002;FUNDO MUNICIPAL DE SAUDE;2.012;MANUTENÇAO DA ASSISTENCIA FARMACEUTICA;2;ATENÇAO BASICA;10;Saúde;303;Suporte Profilático e Terapêutico;191;3.1.90.11.00.00.00.00;VENCIMENTOS E VANTAGENS FIXAS - PESSOAL CIVIL;2.621.000.0000;TRANSFERÊNCIAS FUNDO A FUNDO DE RECURSOS DO SUS PROVENIENTES DO GOVERNO ESTADUAL;0,01
FUNDO MUNICIPAL DE SAÚDE DE BARBACENA;18.002;FUNDO MUNICIPAL DE SAUDE;2.012;MANUTENÇAO DA ASSISTENCIA FARMACEUTICA;2;ATENÇAO BASICA;10;Saúde;303;Suporte Profilático e Terapêutico;192;3.1.90.13.00.00.00.00;OBRIGAÇÕES PATRONAIS;1.500.000.1002;RECURSOS NÃO VINCULADOS DE IMPOSTOS (SAÚDE);0,00
FUNDO MUNICIPAL DE SAÚDE DE BARBACENA;18.002;FUNDO MUNICIPAL DE SAUDE;2.012;MANUTENÇAO DA ASSISTENCIA FARMACEUTICA;2;ATENÇAO BASICA;10;Saúde;303;Suporte Profilático e Terapêutico;192;3.1.90.13.00.00.00.00;OBRIGAÇÕES PATRONAIS;2.621.000.0000;TRANSFERÊNCIAS FUNDO A FUNDO DE RECURSOS DO SUS PROVENIENTES DO GOVERNO ESTADUAL;0,01
FUNDO MUNICIPAL DE SAÚDE DE BARBACENA;18.002;FUNDO MUNICIPAL DE SAUDE;2.012;MANUTENÇAO DA ASSISTENCIA FARMACEUTICA;2;ATENÇAO BASICA;10;Saúde;303;Suporte Profilático e Terapêutico;193;3.1.91.13.00.00.00.00;OBRIGAÇÕES PATRONAIS;1.500.000.1002;RECURSOS NÃO VINCULADOS DE IMPOSTOS (SAÚDE);21.958,37
FUNDO MUNICIPAL DE SAÚDE DE BARBACENA;18.002;FUNDO MUNICIPAL DE SAUDE;2.012;MANUTENÇAO DA ASSISTENCIA FARMACEUTICA;2;ATENÇAO BASICA;10;Saúde;303;Suporte Profilático e Terapêutico;193;3.1.91.13.00.00.00.00;OBRIGAÇÕES PATRONAIS;1.600.000.0000;TRANSFERÊNCIAS FUNDO A FUNDO DE RECURSOS DO SUS PROVENIENTES DO GOVERNO FEDERAL - BLOCO DE MANUTENÇÃO DAS AÇÕES E SERVIÇOS PÚBLICOS DE SAÚDE;21.611,37
FUNDO MUNICIPAL DE SAÚDE DE BARBACENA;18.002;FUNDO MUNICIPAL DE SAUDE;2.012;MANUTENÇAO DA ASSISTENCIA FARMACEUTICA;2;ATENÇAO BASICA;10;Saúde;303;Suporte Profilático e Terapêutico;193;3.1.91.13.00.00.00.00;OBRIGAÇÕES PATRONAIS;2.621.000.0000;TRANSFERÊNCIAS FUNDO A FUNDO DE RECURSOS DO SUS PROVENIENTES DO GOVERNO ESTADUAL;0,01
FUNDO MUNICIPAL DE SAÚDE DE BARBACENA;18.002;FUNDO MUNICIPAL DE SAUDE;2.012;MANUTENÇAO DA ASSISTENCIA FARMACEUTICA;2;ATENÇAO BASICA;10;Saúde;303;Suporte Profilático e Terapêutico;194;3.3.90.08.00.00.00.00;OUTROS BENEFÍCIOS ASSISTENCIAIS-SERVIDOR/MILITAR;1.500.000.1002;RECURSOS NÃO VINCULADOS DE IMPOSTOS (SAÚDE);0,00
FUNDO MUNICIPAL DE SAÚDE DE BARBACENA;18.002;FUNDO MUNICIPAL DE SAUDE;2.012;MANUTENÇAO DA ASSISTENCIA FARMACEUTICA;2;ATENÇAO BASICA;10;Saúde;303;Suporte Profilático e Terapêutico;194;3.3.90.08.00.00.00.00;OUTROS BENEFÍCIOS ASSISTENCIAIS-SERVIDOR/MILITAR;2.621.000.0000;TRANSFERÊNCIAS FUNDO A FUNDO DE RECURSOS DO SUS PROVENIENTES DO GOVERNO ESTADUAL;0,01
FUNDO MUNICIPAL DE SAÚDE DE BARBACENA;18.002;FUNDO MUNICIPAL DE SAUDE;2.012;MANUTENÇAO DA ASSISTENCIA FARMACEUTICA;2;ATENÇAO BASICA;10;Saúde;303;Suporte Profilático e Terapêutico;195;3.3.90.18.00.00.00.00;AUXÍLIO FINANCEIRO A ESTUDANTES;1.500.000.1002;RECURSOS NÃO VINCULADOS DE IMPOSTOS (SAÚDE);0,00
FUNDO MUNICIPAL DE SAÚDE DE BARBACENA;18.002;FUNDO MUNICIPAL DE SAUDE;2.012;MANUTENÇAO DA ASSISTENCIA FARMACEUTICA;2;ATENÇAO BASICA;10;Saúde;303;Suporte Profilático e Terapêutico;195;3.3.90.18.00.00.00.00;AUXÍLIO FINANCEIRO A ESTUDANTES;2.621.000.0000;TRANSFERÊNCIAS FUNDO A FUNDO DE RECURSOS DO SUS PROVENIENTES DO GOVERNO ESTADUAL;0,01
FUNDO MUNICIPAL DE SAÚDE DE BARBACENA;18.002;FUNDO MUNICIPAL DE SAUDE;2.012;MANUTENÇAO DA ASSISTENCIA FARMACEUTICA;2;ATENÇAO BASICA;10;Saúde;303;Suporte Profilático e Terapêutico;196;3.3.90.30.00.00.00.00;MATERIAL DE CONSUMO;1.500.000.1002;RECURSOS NÃO VINCULADOS DE IMPOSTOS (SAÚDE);342.404,04
FUNDO MUNICIPAL DE SAÚDE DE BARBACENA;18.002;FUNDO MUNICIPAL DE SAUDE;2.012;MANUTENÇAO DA ASSISTENCIA FARMACEUTICA;2;ATENÇAO BASICA;10;Saúde;303;Suporte Profilático e Terapêutico;196;3.3.90.30.00.00.00.00;MATERIAL DE CONSUMO;1.600.000.0000;TRANSFERÊNCIAS FUNDO A FUNDO DE RECURSOS DO SUS PROVENIENTES DO GOVERNO FEDERAL - BLOCO DE MANUTENÇÃO DAS AÇÕES E SERVIÇOS PÚBLICOS DE SAÚDE;801.344,69
FUNDO MUNICIPAL DE SAÚDE DE BARBACENA;18.002;FUNDO MUNICIPAL DE SAUDE;2.012;MANUTENÇAO DA ASSISTENCIA FARMACEUTICA;2;ATENÇAO BASICA;10;Saúde;303;Suporte Profilático e Terapêutico;196;3.3.90.30.00.00.00.00;MATERIAL DE CONSUMO;1.621.000.0000;TRANSFERÊNCIAS FUNDO A FUNDO DE RECURSOS DO SUS PROVENIENTES DO GOVERNO ESTADUAL;753.347,09
FUNDO MUNICIPAL DE SAÚDE DE BARBACENA;18.002;FUNDO MUNICIPAL DE SAUDE;2.012;MANUTENÇAO DA ASSISTENCIA FARMACEUTICA;2;ATENÇAO BASICA;10;Saúde;303;Suporte Profilático e Terapêutico;196;3.3.90.30.00.00.00.00;MATERIAL DE CONSUMO;2.621.000.0000;TRANSFERÊNCIAS FUNDO A FUNDO DE RECURSOS DO SUS PROVENIENTES DO GOVERNO ESTADUAL;39.880,71
FUNDO MUNICIPAL DE SAÚDE DE BARBACENA;18.002;FUNDO MUNICIPAL DE SAUDE;2.012;MANUTENÇAO DA ASSISTENCIA FARMACEUTICA;2;ATENÇAO BASICA;10;Saúde;303;Suporte Profilático e Terapêutico;197;3.3.90.39.00.00.00.00;OUTROS SERVIÇOS DE TERCEIROS - PESSOA JURÍDICA;1.621.000.0000;TRANSFERÊNCIAS FUNDO A FUNDO DE RECURSOS DO SUS PROVENIENTES DO GOVERNO ESTADUAL;24.185,64
FUNDO MUNICIPAL DE SAÚDE DE BARBACENA;18.002;FUNDO MUNICIPAL DE SAUDE;2.012;MANUTENÇAO DA ASSISTENCIA FARMACEUTICA;2;ATENÇAO BASICA;10;Saúde;303;Suporte Profilático e Terapêutico;197;3.3.90.39.00.00.00.00;OUTROS SERVIÇOS DE TERCEIROS - PESSOA JURÍDICA;2.621.000.0000;TRANSFERÊNCIAS FUNDO A FUNDO DE RECURSOS DO SUS PROVENIENTES DO GOVERNO ESTADUAL;1.169,00
FUNDO MUNICIPAL DE SAÚDE DE BARBACENA;18.002;FUNDO MUNICIPAL DE SAUDE;2.012;MANUTENÇAO DA ASSISTENCIA FARMACEUTICA;2;ATENÇAO BASICA;10;Saúde;303;Suporte Profilático e Terapêutico;198;3.3.90.40.00.00.00.00;SERVIÇOS DE TECNOLOGIA DA INFORMAÇÃO E COMUNICAÇ;1.621.000.0000;TRANSFERÊNCIAS FUNDO A FUNDO DE RECURSOS DO SUS PROVENIENTES DO GOVERNO ESTADUAL;250,50
FUNDO MUNICIPAL DE SAÚDE DE BARBACENA;18.002;FUNDO MUNICIPAL DE SAUDE;2.012;MANUTENÇAO DA ASSISTENCIA FARMACEUTICA;2;ATENÇAO BASICA;10;Saúde;303;Suporte Profilático e Terapêutico;199;3.3.90.46.00.00.00.00;AUXÍLIO-ALIMENTAÇÃO;1.500.000.1002;RECURSOS NÃO VINCULADOS DE IMPOSTOS (SAÚDE);43.140,00
FUNDO MUNICIPAL DE SAÚDE DE BARBACENA;18.002;FUNDO MUNICIPAL DE SAUDE;2.012;MANUTENÇAO DA ASSISTENCIA FARMACEUTICA;2;ATENÇAO BASICA;10;Saúde;303;Suporte Profilático e Terapêutico;199;3.3.90.46.00.00.00.00;AUXÍLIO-ALIMENTAÇÃO;1.600.000.0000;TRANSFERÊNCIAS FUNDO A FUNDO DE RECURSOS DO SUS PROVENIENTES DO GOVERNO FEDERAL - BLOCO DE MANUTENÇÃO DAS AÇÕES E SERVIÇOS PÚBLICOS DE SAÚDE;27.270,01
FUNDO MUNICIPAL DE SAÚDE DE BARBACENA;18.002;FUNDO MUNICIPAL DE SAUDE;2.012;MANUTENÇAO DA ASSISTENCIA FARMACEUTICA;2;ATENÇAO BASICA;10;Saúde;303;Suporte Profilático e Terapêutico;199;3.3.90.46.00.00.00.00;AUXÍLIO-ALIMENTAÇÃO;1.621.000.0000;TRANSFERÊNCIAS FUNDO A FUNDO DE RECURSOS DO SUS PROVENIENTES DO GOVERNO ESTADUAL;4.125,00
FUNDO MUNICIPAL DE SAÚDE DE BARBACENA;18.002;FUNDO MUNICIPAL DE SAUDE;2.012;MANUTENÇAO DA ASSISTENCIA FARMACEUTICA;2;ATENÇAO BASICA;10;Saúde;303;Suporte Profilático e Terapêutico;199;3.3.90.46.00.00.00.00;AUXÍLIO-ALIMENTAÇÃO;2.621.000.0000;TRANSFERÊNCIAS FUNDO A FUNDO DE RECURSOS DO SUS PROVENIENTES DO GOVERNO ESTADUAL;13.583,79
FUNDO MUNICIPAL DE SAÚDE DE BARBACENA;18.002;FUNDO MUNICIPAL DE SAUDE;2.012;MANUTENÇAO DA ASSISTENCIA FARMACEUTICA;2;ATENÇAO BASICA;10;Saúde;303;Suporte Profilático e Terapêutico;463;4.4.90.52.00.00.00.00;EQUIPAMENTOS E MATERIAL PERMANENTE;2.621.000.0000;TRANSFERÊNCIAS FUNDO A FUNDO DE RECURSOS DO SUS PROVENIENTES DO GOVERNO ESTADUAL;0,01
FUNDO MUNICIPAL DE SAÚDE DE BARBACENA;18.002;FUNDO MUNICIPAL DE SAUDE;1.050;CONSTRUÇAO, REFORMA, READEQUAÇAO E AMPLIAÇAO DO CAPS;3;MEDIA E ALTA COMPLEXIDADE ASSISTENCIAL;10;Saúde;302;Assistência Hospitalar e Ambulatorial;90;3.3.90.39.00.00.00.00;OUTROS SERVIÇOS DE TERCEIROS - PESSOA JURÍDICA;1.600.000.0000;TRANSFERÊNCIAS FUNDO A FUNDO DE RECURSOS DO SUS PROVENIENTES DO GOVERNO FEDERAL - BLOCO DE MANUTENÇÃO DAS AÇÕES E SERVIÇOS PÚBLICOS DE SAÚDE;1,00
FUNDO MUNICIPAL DE SAÚDE DE BARBACENA;18.002;FUNDO MUNICIPAL DE SAUDE;1.050;CONSTRUÇAO, REFORMA, READEQUAÇAO E AMPLIAÇAO DO CAPS;3;MEDIA E ALTA COMPLEXIDADE ASSISTENCIAL;10;Saúde;302;Assistência Hospitalar e Ambulatorial;90;3.3.90.39.00.00.00.00;OUTROS SERVIÇOS DE TERCEIROS - PESSOA JURÍDICA;1.601.000.0000;TRANSFERÊNCIAS FUNDO A FUNDO DE RECURSOS DO SUS PROVENIENTES DO GOVERNO FEDERAL - BLOCO DE ESTRUTURAÇÃO DA REDE DE SERVIÇOS PÚBLICOS DE SAÚDE;1,00
FUNDO MUNICIPAL DE SAÚDE DE BARBACENA;18.002;FUNDO MUNICIPAL DE SAUDE;2.008;MANUTENÇÃO DO CEREST;3;MEDIA E ALTA COMPLEXIDADE ASSISTENCIAL;10;Saúde;302;Assistência Hospitalar e Ambulatorial;91;3.1.90.04.00.00.00.00;CONTRATAÇÃO POR TEMPO DETERMINADO;1.500.000.1002;RECURSOS NÃO VINCULADOS DE IMPOSTOS (SAÚDE);0,00
FUNDO MUNICIPAL DE SAÚDE DE BARBACENA;18.002;FUNDO MUNICIPAL DE SAUDE;2.008;MANUTENÇÃO DO CEREST;3;MEDIA E ALTA COMPLEXIDADE ASSISTENCIAL;10;Saúde;302;Assistência Hospitalar e Ambulatorial;91;3.1.90.04.00.00.00.00;CONTRATAÇÃO POR TEMPO DETERMINADO;1.600.000.0000;TRANSFERÊNCIAS FUNDO A FUNDO DE RECURSOS DO SUS PROVENIENTES DO GOVERNO FEDERAL - BLOCO DE MANUTENÇÃO DAS AÇÕES E SERVIÇOS PÚBLICOS DE SAÚDE;336.002,73
FUNDO MUNICIPAL DE SAÚDE DE BARBACENA;18.002;FUNDO MUNICIPAL DE SAUDE;2.008;MANUTENÇÃO DO CEREST;3;MEDIA E ALTA COMPLEXIDADE ASSISTENCIAL;10;Saúde;302;Assistência Hospitalar e Ambulatorial;92;3.1.90.11.00.00.00.00;VENCIMENTOS E VANTAGENS FIXAS - PESSOAL CIVIL;1.500.000.1002;RECURSOS NÃO VINCULADOS DE IMPOSTOS (SAÚDE);0,00
FUNDO MUNICIPAL DE SAÚDE DE BARBACENA;18.002;FUNDO MUNICIPAL DE SAUDE;2.008;MANUTENÇÃO DO CEREST;3;MEDIA E ALTA COMPLEXIDADE ASSISTENCIAL;10;Saúde;302;Assistência Hospitalar e Ambulatorial;92;3.1.90.11.00.00.00.00;VENCIMENTOS E VANTAGENS FIXAS - PESSOAL CIVIL;1.600.000.0000;TRANSFERÊNCIAS FUNDO A FUNDO DE RECURSOS DO SUS PROVENIENTES DO GOVERNO FEDERAL - BLOCO DE MANUTENÇÃO DAS AÇÕES E SERVIÇOS PÚBLICOS DE SAÚDE;10.373,19
FUNDO MUNICIPAL DE SAÚDE DE BARBACENA;18.002;FUNDO MUNICIPAL DE SAUDE;2.008;MANUTENÇÃO DO CEREST;3;MEDIA E ALTA COMPLEXIDADE ASSISTENCIAL;10;Saúde;302;Assistência Hospitalar e Ambulatorial;93;3.1.90.13.00.00.00.00;OBRIGAÇÕES PATRONAIS;1.500.000.1002;RECURSOS NÃO VINCULADOS DE IMPOSTOS (SAÚDE);0,00
FUNDO MUNICIPAL DE SAÚDE DE BARBACENA;18.002;FUNDO MUNICIPAL DE SAUDE;2.008;MANUTENÇÃO DO CEREST;3;MEDIA E ALTA COMPLEXIDADE ASSISTENCIAL;10;Saúde;302;Assistência Hospitalar e Ambulatorial;93;3.1.90.13.00.00.00.00;OBRIGAÇÕES PATRONAIS;1.600.000.0000;TRANSFERÊNCIAS FUNDO A FUNDO DE RECURSOS DO SUS PROVENIENTES DO GOVERNO FEDERAL - BLOCO DE MANUTENÇÃO DAS AÇÕES E SERVIÇOS PÚBLICOS DE SAÚDE;1.000,00
FUNDO MUNICIPAL DE SAÚDE DE BARBACENA;18.002;FUNDO MUNICIPAL DE SAUDE;2.008;MANUTENÇÃO DO CEREST;3;MEDIA E ALTA COMPLEXIDADE ASSISTENCIAL;10;Saúde;302;Assistência Hospitalar e Ambulatorial;94;3.1.90.92.00.00.00.00;DESPESAS DE EXERCÍCIOS ANTERIORES;1.600.000.0000;TRANSFERÊNCIAS FUNDO A FUNDO DE RECURSOS DO SUS PROVENIENTES DO GOVERNO FEDERAL - BLOCO DE MANUTENÇÃO DAS AÇÕES E SERVIÇOS PÚBLICOS DE SAÚDE;0,00
FUNDO MUNICIPAL DE SAÚDE DE BARBACENA;18.002;FUNDO MUNICIPAL DE SAUDE;2.008;MANUTENÇÃO DO CEREST;3;MEDIA E ALTA COMPLEXIDADE ASSISTENCIAL;10;Saúde;302;Assistência Hospitalar e Ambulatorial;95;3.1.91.13.00.00.00.00;OBRIGAÇÕES PATRONAIS;1.500.000.1002;RECURSOS NÃO VINCULADOS DE IMPOSTOS (SAÚDE);0,00
FUNDO MUNICIPAL DE SAÚDE DE BARBACENA;18.002;FUNDO MUNICIPAL DE SAUDE;2.008;MANUTENÇÃO DO CEREST;3;MEDIA E ALTA COMPLEXIDADE ASSISTENCIAL;10;Saúde;302;Assistência Hospitalar e Ambulatorial;95;3.1.91.13.00.00.00.00;OBRIGAÇÕES PATRONAIS;1.600.000.0000;TRANSFERÊNCIAS FUNDO A FUNDO DE RECURSOS DO SUS PROVENIENTES DO GOVERNO FEDERAL - BLOCO DE MANUTENÇÃO DAS AÇÕES E SERVIÇOS PÚBLICOS DE SAÚDE;5.000,00
FUNDO MUNICIPAL DE SAÚDE DE BARBACENA;18.002;FUNDO MUNICIPAL DE SAUDE;2.008;MANUTENÇÃO DO CEREST;3;MEDIA E ALTA COMPLEXIDADE ASSISTENCIAL;10;Saúde;302;Assistência Hospitalar e Ambulatorial;96;3.3.90.08.00.00.00.00;OUTROS BENEFÍCIOS ASSISTENCIAIS-SERVIDOR/MILITAR;1.500.000.1002;RECURSOS NÃO VINCULADOS DE IMPOSTOS (SAÚDE);0,00
FUNDO MUNICIPAL DE SAÚDE DE BARBACENA;18.002;FUNDO MUNICIPAL DE SAUDE;2.008;MANUTENÇÃO DO CEREST;3;MEDIA E ALTA COMPLEXIDADE ASSISTENCIAL;10;Saúde;302;Assistência Hospitalar e Ambulatorial;96;3.3.90.08.00.00.00.00;OUTROS BENEFÍCIOS ASSISTENCIAIS-SERVIDOR/MILITAR;1.600.000.0000;TRANSFERÊNCIAS FUNDO A FUNDO DE RECURSOS DO SUS PROVENIENTES DO GOVERNO FEDERAL - BLOCO DE MANUTENÇÃO DAS AÇÕES E SERVIÇOS PÚBLICOS DE SAÚDE;1.000,00
FUNDO MUNICIPAL DE SAÚDE DE BARBACENA;18.002;FUNDO MUNICIPAL DE SAUDE;2.008;MANUTENÇÃO DO CEREST;3;MEDIA E ALTA COMPLEXIDADE ASSISTENCIAL;10;Saúde;302;Assistência Hospitalar e Ambulatorial;97;3.3.90.14.00.00.00.00;DIÁRIAS - PESSOAL CIVIL;1.500.000.1002;RECURSOS NÃO VINCULADOS DE IMPOSTOS (SAÚDE);500,00
FUNDO MUNICIPAL DE SAÚDE DE BARBACENA;18.002;FUNDO MUNICIPAL DE SAUDE;2.008;MANUTENÇÃO DO CEREST;3;MEDIA E ALTA COMPLEXIDADE ASSISTENCIAL;10;Saúde;302;Assistência Hospitalar e Ambulatorial;97;3.3.90.14.00.00.00.00;DIÁRIAS - PESSOAL CIVIL;1.600.000.0000;TRANSFERÊNCIAS FUNDO A FUNDO DE RECURSOS DO SUS PROVENIENTES DO GOVERNO FEDERAL - BLOCO DE MANUTENÇÃO DAS AÇÕES E SERVIÇOS PÚBLICOS DE SAÚDE;336,25
FUNDO MUNICIPAL DE SAÚDE DE BARBACENA;18.002;FUNDO MUNICIPAL DE SAUDE;2.008;MANUTENÇÃO DO CEREST;3;MEDIA E ALTA COMPLEXIDADE ASSISTENCIAL;10;Saúde;302;Assistência Hospitalar e Ambulatorial;98;3.3.90.18.00.00.00.00;AUXÍLIO FINANCEIRO A ESTUDANTES;1.500.000.1002;RECURSOS NÃO VINCULADOS DE IMPOSTOS (SAÚDE);0,00
FUNDO MUNICIPAL DE SAÚDE DE BARBACENA;18.002;FUNDO MUNICIPAL DE SAUDE;2.008;MANUTENÇÃO DO CEREST;3;MEDIA E ALTA COMPLEXIDADE ASSISTENCIAL;10;Saúde;302;Assistência Hospitalar e Ambulatorial;98;3.3.90.18.00.00.00.00;AUXÍLIO FINANCEIRO A ESTUDANTES;1.600.000.0000;TRANSFERÊNCIAS FUNDO A FUNDO DE RECURSOS DO SUS PROVENIENTES DO GOVERNO FEDERAL - BLOCO DE MANUTENÇÃO DAS AÇÕES E SERVIÇOS PÚBLICOS DE SAÚDE;500,00
FUNDO MUNICIPAL DE SAÚDE DE BARBACENA;18.002;FUNDO MUNICIPAL DE SAUDE;2.008;MANUTENÇÃO DO CEREST;3;MEDIA E ALTA COMPLEXIDADE ASSISTENCIAL;10;Saúde;302;Assistência Hospitalar e Ambulatorial;99;3.3.90.30.00.00.00.00;MATERIAL DE CONSUMO;1.500.000.1002;RECURSOS NÃO VINCULADOS DE IMPOSTOS (SAÚDE);100,00
FUNDO MUNICIPAL DE SAÚDE DE BARBACENA;18.002;FUNDO MUNICIPAL DE SAUDE;2.008;MANUTENÇÃO DO CEREST;3;MEDIA E ALTA COMPLEXIDADE ASSISTENCIAL;10;Saúde;302;Assistência Hospitalar e Ambulatorial;99;3.3.90.30.00.00.00.00;MATERIAL DE CONSUMO;1.600.000.0000;TRANSFERÊNCIAS FUNDO A FUNDO DE RECURSOS DO SUS PROVENIENTES DO GOVERNO FEDERAL - BLOCO DE MANUTENÇÃO DAS AÇÕES E SERVIÇOS PÚBLICOS DE SAÚDE;24.000,00
FUNDO MUNICIPAL DE SAÚDE DE BARBACENA;18.002;FUNDO MUNICIPAL DE SAUDE;2.008;MANUTENÇÃO DO CEREST;3;MEDIA E ALTA COMPLEXIDADE ASSISTENCIAL;10;Saúde;302;Assistência Hospitalar e Ambulatorial;99;3.3.90.30.00.00.00.00;MATERIAL DE CONSUMO;1.621.000.0000;TRANSFERÊNCIAS FUNDO A FUNDO DE RECURSOS DO SUS PROVENIENTES DO GOVERNO ESTADUAL;10,00
FUNDO MUNICIPAL DE SAÚDE DE BARBACENA;18.002;FUNDO MUNICIPAL DE SAUDE;2.008;MANUTENÇÃO DO CEREST;3;MEDIA E ALTA COMPLEXIDADE ASSISTENCIAL;10;Saúde;302;Assistência Hospitalar e Ambulatorial;99;3.3.90.30.00.00.00.00;MATERIAL DE CONSUMO;2.600.000.0000;TRANSFERÊNCIAS FUNDO A FUNDO DE RECURSOS DO SUS PROVENIENTES DO GOVERNO FEDERAL - BLOCO DE MANUTENÇÃO DAS AÇÕES E SERVIÇOS PÚBLICOS DE SAÚDE;19.848,66
FUNDO MUNICIPAL DE SAÚDE DE BARBACENA;18.002;FUNDO MUNICIPAL DE SAUDE;2.008;MANUTENÇÃO DO CEREST;3;MEDIA E ALTA COMPLEXIDADE ASSISTENCIAL;10;Saúde;302;Assistência Hospitalar e Ambulatorial;99;3.3.90.30.00.00.00.00;MATERIAL DE CONSUMO;2.621.000.0000;TRANSFERÊNCIAS FUNDO A FUNDO DE RECURSOS DO SUS PROVENIENTES DO GOVERNO ESTADUAL;15.000,01
FUNDO MUNICIPAL DE SAÚDE DE BARBACENA;18.002;FUNDO MUNICIPAL DE SAUDE;2.008;MANUTENÇÃO DO CEREST;3;MEDIA E ALTA COMPLEXIDADE ASSISTENCIAL;10;Saúde;302;Assistência Hospitalar e Ambulatorial;100;3.3.90.36.00.00.00.00;OUTROS SERVIÇOS DE TERCEIROS - PESSOA FÍSICA;1.600.000.0000;TRANSFERÊNCIAS FUNDO A FUNDO DE RECURSOS DO SUS PROVENIENTES DO GOVERNO FEDERAL - BLOCO DE MANUTENÇÃO DAS AÇÕES E SERVIÇOS PÚBLICOS DE SAÚDE;72.000,00
FUNDO MUNICIPAL DE SAÚDE DE BARBACENA;18.002;FUNDO MUNICIPAL DE SAUDE;2.008;MANUTENÇÃO DO CEREST;3;MEDIA E ALTA COMPLEXIDADE ASSISTENCIAL;10;Saúde;302;Assistência Hospitalar e Ambulatorial;101;3.3.90.39.00.00.00.00;OUTROS SERVIÇOS DE TERCEIROS - PESSOA JURÍDICA;1.500.000.1002;RECURSOS NÃO VINCULADOS DE IMPOSTOS (SAÚDE);4.000,00
FUNDO MUNICIPAL DE SAÚDE DE BARBACENA;18.002;FUNDO MUNICIPAL DE SAUDE;2.008;MANUTENÇÃO DO CEREST;3;MEDIA E ALTA COMPLEXIDADE ASSISTENCIAL;10;Saúde;302;Assistência Hospitalar e Ambulatorial;101;3.3.90.39.00.00.00.00;OUTROS SERVIÇOS DE TERCEIROS - PESSOA JURÍDICA;1.600.000.0000;TRANSFERÊNCIAS FUNDO A FUNDO DE RECURSOS DO SUS PROVENIENTES DO GOVERNO FEDERAL - BLOCO DE MANUTENÇÃO DAS AÇÕES E SERVIÇOS PÚBLICOS DE SAÚDE;15.014,95
FUNDO MUNICIPAL DE SAÚDE DE BARBACENA;18.002;FUNDO MUNICIPAL DE SAUDE;2.008;MANUTENÇÃO DO CEREST;3;MEDIA E ALTA COMPLEXIDADE ASSISTENCIAL;10;Saúde;302;Assistência Hospitalar e Ambulatorial;101;3.3.90.39.00.00.00.00;OUTROS SERVIÇOS DE TERCEIROS - PESSOA JURÍDICA;1.621.000.0000;TRANSFERÊNCIAS FUNDO A FUNDO DE RECURSOS DO SUS PROVENIENTES DO GOVERNO ESTADUAL;10,00
FUNDO MUNICIPAL DE SAÚDE DE BARBACENA;18.002;FUNDO MUNICIPAL DE SAUDE;2.008;MANUTENÇÃO DO CEREST;3;MEDIA E ALTA COMPLEXIDADE ASSISTENCIAL;10;Saúde;302;Assistência Hospitalar e Ambulatorial;101;3.3.90.39.00.00.00.00;OUTROS SERVIÇOS DE TERCEIROS - PESSOA JURÍDICA;2.600.000.0000;TRANSFERÊNCIAS FUNDO A FUNDO DE RECURSOS DO SUS PROVENIENTES DO GOVERNO FEDERAL - BLOCO DE MANUTENÇÃO DAS AÇÕES E SERVIÇOS PÚBLICOS DE SAÚDE;60.730,22
FUNDO MUNICIPAL DE SAÚDE DE BARBACENA;18.002;FUNDO MUNICIPAL DE SAUDE;2.008;MANUTENÇÃO DO CEREST;3;MEDIA E ALTA COMPLEXIDADE ASSISTENCIAL;10;Saúde;302;Assistência Hospitalar e Ambulatorial;101;3.3.90.39.00.00.00.00;OUTROS SERVIÇOS DE TERCEIROS - PESSOA JURÍDICA;2.621.000.0000;TRANSFERÊNCIAS FUNDO A FUNDO DE RECURSOS DO SUS PROVENIENTES DO GOVERNO ESTADUAL;56.823,18
FUNDO MUNICIPAL DE SAÚDE DE BARBACENA;18.002;FUNDO MUNICIPAL DE SAUDE;2.008;MANUTENÇÃO DO CEREST;3;MEDIA E ALTA COMPLEXIDADE ASSISTENCIAL;10;Saúde;302;Assistência Hospitalar e Ambulatorial;102;3.3.90.40.00.00.00.00;SERVIÇOS DE TECNOLOGIA DA INFORMAÇÃO E COMUNICAÇ;1.500.000.1002;RECURSOS NÃO VINCULADOS DE IMPOSTOS (SAÚDE);500,00
FUNDO MUNICIPAL DE SAÚDE DE BARBACENA;18.002;FUNDO MUNICIPAL DE SAUDE;2.008;MANUTENÇÃO DO CEREST;3;MEDIA E ALTA COMPLEXIDADE ASSISTENCIAL;10;Saúde;302;Assistência Hospitalar e Ambulatorial;103;3.3.90.46.00.00.00.00;AUXÍLIO-ALIMENTAÇÃO;1.600.000.0000;TRANSFERÊNCIAS FUNDO A FUNDO DE RECURSOS DO SUS PROVENIENTES DO GOVERNO FEDERAL - BLOCO DE MANUTENÇÃO DAS AÇÕES E SERVIÇOS PÚBLICOS DE SAÚDE;36.500,00
FUNDO MUNICIPAL DE SAÚDE DE BARBACENA;18.002;FUNDO MUNICIPAL DE SAUDE;2.008;MANUTENÇÃO DO CEREST;3;MEDIA E ALTA COMPLEXIDADE ASSISTENCIAL;10;Saúde;302;Assistência Hospitalar e Ambulatorial;104;4.4.90.52.00.00.00.00;EQUIPAMENTOS E MATERIAL PERMANENTE;1.500.000.1002;RECURSOS NÃO VINCULADOS DE IMPOSTOS (SAÚDE);500,00
FUNDO MUNICIPAL DE SAÚDE DE BARBACENA;18.002;FUNDO MUNICIPAL DE SAUDE;2.008;MANUTENÇÃO DO CEREST;3;MEDIA E ALTA COMPLEXIDADE ASSISTENCIAL;10;Saúde;302;Assistência Hospitalar e Ambulatorial;104;4.4.90.52.00.00.00.00;EQUIPAMENTOS E MATERIAL PERMANENTE;1.600.000.0000;TRANSFERÊNCIAS FUNDO A FUNDO DE RECURSOS DO SUS PROVENIENTES DO GOVERNO FEDERAL - BLOCO DE MANUTENÇÃO DAS AÇÕES E SERVIÇOS PÚBLICOS DE SAÚDE;0,00
FUNDO MUNICIPAL DE SAÚDE DE BARBACENA;18.002;FUNDO MUNICIPAL DE SAUDE;2.008;MANUTENÇÃO DO CEREST;3;MEDIA E ALTA COMPLEXIDADE ASSISTENCIAL;10;Saúde;302;Assistência Hospitalar e Ambulatorial;104;4.4.90.52.00.00.00.00;EQUIPAMENTOS E MATERIAL PERMANENTE;1.621.000.0000;TRANSFERÊNCIAS FUNDO A FUNDO DE RECURSOS DO SUS PROVENIENTES DO GOVERNO ESTADUAL;10,00
FUNDO MUNICIPAL DE SAÚDE DE BARBACENA;18.002;FUNDO MUNICIPAL DE SAUDE;2.008;MANUTENÇÃO DO CEREST;3;MEDIA E ALTA COMPLEXIDADE ASSISTENCIAL;10;Saúde;302;Assistência Hospitalar e Ambulatorial;104;4.4.90.52.00.00.00.00;EQUIPAMENTOS E MATERIAL PERMANENTE;2.621.000.0000;TRANSFERÊNCIAS FUNDO A FUNDO DE RECURSOS DO SUS PROVENIENTES DO GOVERNO ESTADUAL;0,01
FUNDO MUNICIPAL DE SAÚDE DE BARBACENA;18.002;FUNDO MUNICIPAL DE SAUDE;2.015;MANUTENÇAO DO TRANSPORTE;3;MEDIA E ALTA COMPLEXIDADE ASSISTENCIAL;10;Saúde;302;Assistência Hospitalar e Ambulatorial;105;3.1.90.04.00.00.00.00;CONTRATAÇÃO POR TEMPO DETERMINADO;1.600.000.0000;TRANSFERÊNCIAS FUNDO A FUNDO DE RECURSOS DO SUS PROVENIENTES DO GOVERNO FEDERAL - BLOCO DE MANUTENÇÃO DAS AÇÕES E SERVIÇOS PÚBLICOS DE SAÚDE;0,00
FUNDO MUNICIPAL DE SAÚDE DE BARBACENA;18.002;FUNDO MUNICIPAL DE SAUDE;2.015;MANUTENÇAO DO TRANSPORTE;3;MEDIA E ALTA COMPLEXIDADE ASSISTENCIAL;10;Saúde;302;Assistência Hospitalar e Ambulatorial;106;3.3.90.14.00.00.00.00;DIÁRIAS - PESSOAL CIVIL;1.500.000.1002;RECURSOS NÃO VINCULADOS DE IMPOSTOS (SAÚDE);0,00
FUNDO MUNICIPAL DE SAÚDE DE BARBACENA;18.002;FUNDO MUNICIPAL DE SAUDE;2.015;MANUTENÇAO DO TRANSPORTE;3;MEDIA E ALTA COMPLEXIDADE ASSISTENCIAL;10;Saúde;302;Assistência Hospitalar e Ambulatorial;106;3.3.90.14.00.00.00.00;DIÁRIAS - PESSOAL CIVIL;1.600.000.0000;TRANSFERÊNCIAS FUNDO A FUNDO DE RECURSOS DO SUS PROVENIENTES DO GOVERNO FEDERAL - BLOCO DE MANUTENÇÃO DAS AÇÕES E SERVIÇOS PÚBLICOS DE SAÚDE;1.500,00
FUNDO MUNICIPAL DE SAÚDE DE BARBACENA;18.002;FUNDO MUNICIPAL DE SAUDE;2.015;MANUTENÇAO DO TRANSPORTE;3;MEDIA E ALTA COMPLEXIDADE ASSISTENCIAL;10;Saúde;302;Assistência Hospitalar e Ambulatorial;107;3.3.90.30.00.00.00.00;MATERIAL DE CONSUMO;1.500.000.1002;RECURSOS NÃO VINCULADOS DE IMPOSTOS (SAÚDE);60.000,00
FUNDO MUNICIPAL DE SAÚDE DE BARBACENA;18.002;FUNDO MUNICIPAL DE SAUDE;2.015;MANUTENÇAO DO TRANSPORTE;3;MEDIA E ALTA COMPLEXIDADE ASSISTENCIAL;10;Saúde;302;Assistência Hospitalar e Ambulatorial;107;3.3.90.30.00.00.00.00;MATERIAL DE CONSUMO;1.600.000.0000;TRANSFERÊNCIAS FUNDO A FUNDO DE RECURSOS DO SUS PROVENIENTES DO GOVERNO FEDERAL - BLOCO DE MANUTENÇÃO DAS AÇÕES E SERVIÇOS PÚBLICOS DE SAÚDE;0,00
FUNDO MUNICIPAL DE SAÚDE DE BARBACENA;18.002;FUNDO MUNICIPAL DE SAUDE;2.015;MANUTENÇAO DO TRANSPORTE;3;MEDIA E ALTA COMPLEXIDADE ASSISTENCIAL;10;Saúde;302;Assistência Hospitalar e Ambulatorial;107;3.3.90.30.00.00.00.00;MATERIAL DE CONSUMO;2.621.000.0000;TRANSFERÊNCIAS FUNDO A FUNDO DE RECURSOS DO SUS PROVENIENTES DO GOVERNO ESTADUAL;0,01
FUNDO MUNICIPAL DE SAÚDE DE BARBACENA;18.002;FUNDO MUNICIPAL DE SAUDE;2.015;MANUTENÇAO DO TRANSPORTE;3;MEDIA E ALTA COMPLEXIDADE ASSISTENCIAL;10;Saúde;302;Assistência Hospitalar e Ambulatorial;108;3.3.90.33.00.00.00.00;PASSAGENS E DESPESAS COM LOCOMOÇÃO;1.500.000.1002;RECURSOS NÃO VINCULADOS DE IMPOSTOS (SAÚDE);291.757,20
FUNDO MUNICIPAL DE SAÚDE DE BARBACENA;18.002;FUNDO MUNICIPAL DE SAUDE;2.015;MANUTENÇAO DO TRANSPORTE;3;MEDIA E ALTA COMPLEXIDADE ASSISTENCIAL;10;Saúde;302;Assistência Hospitalar e Ambulatorial;109;3.3.90.36.00.00.00.00;OUTROS SERVIÇOS DE TERCEIROS - PESSOA FÍSICA;1.500.000.1002;RECURSOS NÃO VINCULADOS DE IMPOSTOS (SAÚDE);0,00
FUNDO MUNICIPAL DE SAÚDE DE BARBACENA;18.002;FUNDO MUNICIPAL DE SAUDE;2.015;MANUTENÇAO DO TRANSPORTE;3;MEDIA E ALTA COMPLEXIDADE ASSISTENCIAL;10;Saúde;302;Assistência Hospitalar e Ambulatorial;109;3.3.90.36.00.00.00.00;OUTROS SERVIÇOS DE TERCEIROS - PESSOA FÍSICA;1.600.000.0000;TRANSFERÊNCIAS FUNDO A FUNDO DE RECURSOS DO SUS PROVENIENTES DO GOVERNO FEDERAL - BLOCO DE MANUTENÇÃO DAS AÇÕES E SERVIÇOS PÚBLICOS DE SAÚDE;0,00
FUNDO MUNICIPAL DE SAÚDE DE BARBACENA;18.002;FUNDO MUNICIPAL DE SAUDE;2.015;MANUTENÇAO DO TRANSPORTE;3;MEDIA E ALTA COMPLEXIDADE ASSISTENCIAL;10;Saúde;302;Assistência Hospitalar e Ambulatorial;110;3.3.90.39.00.00.00.00;OUTROS SERVIÇOS DE TERCEIROS - PESSOA JURÍDICA;1.500.000.1002;RECURSOS NÃO VINCULADOS DE IMPOSTOS (SAÚDE);72.418,26
FUNDO MUNICIPAL DE SAÚDE DE BARBACENA;18.002;FUNDO MUNICIPAL DE SAUDE;2.015;MANUTENÇAO DO TRANSPORTE;3;MEDIA E ALTA COMPLEXIDADE ASSISTENCIAL;10;Saúde;302;Assistência Hospitalar e Ambulatorial;110;3.3.90.39.00.00.00.00;OUTROS SERVIÇOS DE TERCEIROS - PESSOA JURÍDICA;1.600.000.0000;TRANSFERÊNCIAS FUNDO A FUNDO DE RECURSOS DO SUS PROVENIENTES DO GOVERNO FEDERAL - BLOCO DE MANUTENÇÃO DAS AÇÕES E SERVIÇOS PÚBLICOS DE SAÚDE;1.010.731,23
FUNDO MUNICIPAL DE SAÚDE DE BARBACENA;18.002;FUNDO MUNICIPAL DE SAUDE;2.015;MANUTENÇAO DO TRANSPORTE;3;MEDIA E ALTA COMPLEXIDADE ASSISTENCIAL;10;Saúde;302;Assistência Hospitalar e Ambulatorial;110;3.3.90.39.00.00.00.00;OUTROS SERVIÇOS DE TERCEIROS - PESSOA JURÍDICA;2.600.000.0000;TRANSFERÊNCIAS FUNDO A FUNDO DE RECURSOS DO SUS PROVENIENTES DO GOVERNO FEDERAL - BLOCO DE MANUTENÇÃO DAS AÇÕES E SERVIÇOS PÚBLICOS DE SAÚDE;239.132,01
FUNDO MUNICIPAL DE SAÚDE DE BARBACENA;18.002;FUNDO MUNICIPAL DE SAUDE;2.015;MANUTENÇAO DO TRANSPORTE;3;MEDIA E ALTA COMPLEXIDADE ASSISTENCIAL;10;Saúde;302;Assistência Hospitalar e Ambulatorial;110;3.3.90.39.00.00.00.00;OUTROS SERVIÇOS DE TERCEIROS - PESSOA JURÍDICA;2.621.000.0000;TRANSFERÊNCIAS FUNDO A FUNDO DE RECURSOS DO SUS PROVENIENTES DO GOVERNO ESTADUAL;389.016,81
FUNDO MUNICIPAL DE SAÚDE DE BARBACENA;18.002;FUNDO MUNICIPAL DE SAUDE;2.015;MANUTENÇAO DO TRANSPORTE;3;MEDIA E ALTA COMPLEXIDADE ASSISTENCIAL;10;Saúde;302;Assistência Hospitalar e Ambulatorial;111;3.3.90.40.00.00.00.00;SERVIÇOS DE TECNOLOGIA DA INFORMAÇÃO E COMUNICAÇ;1.500.000.1002;RECURSOS NÃO VINCULADOS DE IMPOSTOS (SAÚDE);50,00
FUNDO MUNICIPAL DE SAÚDE DE BARBACENA;18.002;FUNDO MUNICIPAL DE SAUDE;2.015;MANUTENÇAO DO TRANSPORTE;3;MEDIA E ALTA COMPLEXIDADE ASSISTENCIAL;10;Saúde;302;Assistência Hospitalar e Ambulatorial;112;3.3.90.47.00.00.00.00;OBRIGAÇÕES TRIBUTÁRIAS E CONTRIBUTIVAS;1.600.000.0000;TRANSFERÊNCIAS FUNDO A FUNDO DE RECURSOS DO SUS PROVENIENTES DO GOVERNO FEDERAL - BLOCO DE MANUTENÇÃO DAS AÇÕES E SERVIÇOS PÚBLICOS DE SAÚDE;0,00
FUNDO MUNICIPAL DE SAÚDE DE BARBACENA;18.002;FUNDO MUNICIPAL DE SAUDE;2.015;MANUTENÇAO DO TRANSPORTE;3;MEDIA E ALTA COMPLEXIDADE ASSISTENCIAL;10;Saúde;302;Assistência Hospitalar e Ambulatorial;113;3.3.90.92.00.00.00.00;DESPESAS DE EXERCÍCIOS ANTERIORES;1.500.000.1002;RECURSOS NÃO VINCULADOS DE IMPOSTOS (SAÚDE);0,00
FUNDO MUNICIPAL DE SAÚDE DE BARBACENA;18.002;FUNDO MUNICIPAL DE SAUDE;2.015;MANUTENÇAO DO TRANSPORTE;3;MEDIA E ALTA COMPLEXIDADE ASSISTENCIAL;10;Saúde;302;Assistência Hospitalar e Ambulatorial;113;3.3.90.92.00.00.00.00;DESPESAS DE EXERCÍCIOS ANTERIORES;1.600.000.0000;TRANSFERÊNCIAS FUNDO A FUNDO DE RECURSOS DO SUS PROVENIENTES DO GOVERNO FEDERAL - BLOCO DE MANUTENÇÃO DAS AÇÕES E SERVIÇOS PÚBLICOS DE SAÚDE;1.000,00
FUNDO MUNICIPAL DE SAÚDE DE BARBACENA;18.002;FUNDO MUNICIPAL DE SAUDE;2.015;MANUTENÇAO DO TRANSPORTE;3;MEDIA E ALTA COMPLEXIDADE ASSISTENCIAL;10;Saúde;302;Assistência Hospitalar e Ambulatorial;114;4.4.90.52.00.00.00.00;EQUIPAMENTOS E MATERIAL PERMANENTE;1.500.000.1002;RECURSOS NÃO VINCULADOS DE IMPOSTOS (SAÚDE);8.581,63
FUNDO MUNICIPAL DE SAÚDE DE BARBACENA;18.002;FUNDO MUNICIPAL DE SAUDE;2.015;MANUTENÇAO DO TRANSPORTE;3;MEDIA E ALTA COMPLEXIDADE ASSISTENCIAL;10;Saúde;302;Assistência Hospitalar e Ambulatorial;114;4.4.90.52.00.00.00.00;EQUIPAMENTOS E MATERIAL PERMANENTE;1.621.000.0000;TRANSFERÊNCIAS FUNDO A FUNDO DE RECURSOS DO SUS PROVENIENTES DO GOVERNO ESTADUAL;292,08
FUNDO MUNICIPAL DE SAÚDE DE BARBACENA;18.002;FUNDO MUNICIPAL DE SAUDE;2.015;MANUTENÇAO DO TRANSPORTE;3;MEDIA E ALTA COMPLEXIDADE ASSISTENCIAL;10;Saúde;302;Assistência Hospitalar e Ambulatorial;114;4.4.90.52.00.00.00.00;EQUIPAMENTOS E MATERIAL PERMANENTE;2.621.000.0000;TRANSFERÊNCIAS FUNDO A FUNDO DE RECURSOS DO SUS PROVENIENTES DO GOVERNO ESTADUAL;239.900,02
FUNDO MUNICIPAL DE SAÚDE DE BARBACENA;18.002;FUNDO MUNICIPAL DE SAUDE;2.015;MANUTENÇAO DO TRANSPORTE;3;MEDIA E ALTA COMPLEXIDADE ASSISTENCIAL;10;Saúde;302;Assistência Hospitalar e Ambulatorial;114;4.4.90.52.00.00.00.00;EQUIPAMENTOS E MATERIAL PERMANENTE;2.707.000.0000;TRANSFERÊNCIAS DA UNIÃO – INCISO I DO ART. 5º DA LEI COMPLEMENTAR 273/2020;176.000,02
FUNDO MUNICIPAL DE SAÚDE DE BARBACENA;18.002;FUNDO MUNICIPAL DE SAUDE;2.015;MANUTENÇAO DO TRANSPORTE;3;MEDIA E ALTA COMPLEXIDADE ASSISTENCIAL;10;Saúde;302;Assistência Hospitalar e Ambulatorial;464;3.3.90.93.00.00.00.00;INDENIZAÇÕES E RESTITUIÇÕES;1.621.000.0000;TRANSFERÊNCIAS FUNDO A FUNDO DE RECURSOS DO SUS PROVENIENTES DO GOVERNO ESTADUAL;9.707,92
FUNDO MUNICIPAL DE SAÚDE DE BARBACENA;18.002;FUNDO MUNICIPAL DE SAUDE;2.015;MANUTENÇAO DO TRANSPORTE;3;MEDIA E ALTA COMPLEXIDADE ASSISTENCIAL;10;Saúde;302;Assistência Hospitalar e Ambulatorial;464;3.3.90.93.00.00.00.00;INDENIZAÇÕES E RESTITUIÇÕES;2.621.000.0000;TRANSFERÊNCIAS FUNDO A FUNDO DE RECURSOS DO SUS PROVENIENTES DO GOVERNO ESTADUAL;85.388,05
FUNDO MUNICIPAL DE SAÚDE DE BARBACENA;18.002;FUNDO MUNICIPAL DE SAUDE;2.027;MANUTENÇAO DO CORSÓRCIO INTERMUNICIPAL DA REDE DE URGÊNCIA E EMERGÊNCIA CENTRO-SUL - CISRU;3;MEDIA E ALTA COMPLEXIDADE ASSISTENCIAL;10;Saúde;302;Assistência Hospitalar e Ambulatorial;115;3.1.71.70.00.00.00.00;RATEIO PELA PARTICIPAÇÃO EM CONSÓRCIO PÚBLICO;1.500.000.1002;RECURSOS NÃO VINCULADOS DE IMPOSTOS (SAÚDE);408.567,73
FUNDO MUNICIPAL DE SAÚDE DE BARBACENA;18.002;FUNDO MUNICIPAL DE SAUDE;2.027;MANUTENÇAO DO CORSÓRCIO INTERMUNICIPAL DA REDE DE URGÊNCIA E EMERGÊNCIA CENTRO-SUL - CISRU;3;MEDIA E ALTA COMPLEXIDADE ASSISTENCIAL;10;Saúde;302;Assistência Hospitalar e Ambulatorial;116;3.3.71.70.00.00.00.00;RATEIO PELA PARTICIPAÇÃO EM CONSÓRCIO PÚBLICO;1.500.000.1002;RECURSOS NÃO VINCULADOS DE IMPOSTOS (SAÚDE);740.904,52
FUNDO MUNICIPAL DE SAÚDE DE BARBACENA;18.002;FUNDO MUNICIPAL DE SAUDE;2.027;MANUTENÇAO DO CORSÓRCIO INTERMUNICIPAL DA REDE DE URGÊNCIA E EMERGÊNCIA CENTRO-SUL - CISRU;3;MEDIA E ALTA COMPLEXIDADE ASSISTENCIAL;10;Saúde;302;Assistência Hospitalar e Ambulatorial;117;4.4.71.70.00.00.00.00;RATEIO PELA PARTICIPAÇÃO EM CONSÓRCIO PÚBLICO;1.500.000.1002;RECURSOS NÃO VINCULADOS DE IMPOSTOS (SAÚDE);769.232,71
FUNDO MUNICIPAL DE SAÚDE DE BARBACENA;18.002;FUNDO MUNICIPAL DE SAUDE;2.038;MANUTENÇÃO DO PROGRAMA DE ATENÇÃO DOMICILIAR;3;MEDIA E ALTA COMPLEXIDADE ASSISTENCIAL;10;Saúde;302;Assistência Hospitalar e Ambulatorial;118;3.1.90.04.00.00.00.00;CONTRATAÇÃO POR TEMPO DETERMINADO;1.600.000.0000;TRANSFERÊNCIAS FUNDO A FUNDO DE RECURSOS DO SUS PROVENIENTES DO GOVERNO FEDERAL - BLOCO DE MANUTENÇÃO DAS AÇÕES E SERVIÇOS PÚBLICOS DE SAÚDE;282.667,71
FUNDO MUNICIPAL DE SAÚDE DE BARBACENA;18.002;FUNDO MUNICIPAL DE SAUDE;2.038;MANUTENÇÃO DO PROGRAMA DE ATENÇÃO DOMICILIAR;3;MEDIA E ALTA COMPLEXIDADE ASSISTENCIAL;10;Saúde;302;Assistência Hospitalar e Ambulatorial;119;3.1.90.92.00.00.00.00;DESPESAS DE EXERCÍCIOS ANTERIORES;1.600.000.0000;TRANSFERÊNCIAS FUNDO A FUNDO DE RECURSOS DO SUS PROVENIENTES DO GOVERNO FEDERAL - BLOCO DE MANUTENÇÃO DAS AÇÕES E SERVIÇOS PÚBLICOS DE SAÚDE;1.000,00
FUNDO MUNICIPAL DE SAÚDE DE BARBACENA;18.002;FUNDO MUNICIPAL DE SAUDE;2.038;MANUTENÇÃO DO PROGRAMA DE ATENÇÃO DOMICILIAR;3;MEDIA E ALTA COMPLEXIDADE ASSISTENCIAL;10;Saúde;302;Assistência Hospitalar e Ambulatorial;120;3.3.90.14.00.00.00.00;DIÁRIAS - PESSOAL CIVIL;1.600.000.0000;TRANSFERÊNCIAS FUNDO A FUNDO DE RECURSOS DO SUS PROVENIENTES DO GOVERNO FEDERAL - BLOCO DE MANUTENÇÃO DAS AÇÕES E SERVIÇOS PÚBLICOS DE SAÚDE;1.000,00
FUNDO MUNICIPAL DE SAÚDE DE BARBACENA;18.002;FUNDO MUNICIPAL DE SAUDE;2.038;MANUTENÇÃO DO PROGRAMA DE ATENÇÃO DOMICILIAR;3;MEDIA E ALTA COMPLEXIDADE ASSISTENCIAL;10;Saúde;302;Assistência Hospitalar e Ambulatorial;121;3.3.90.30.00.00.00.00;MATERIAL DE CONSUMO;1.600.000.0000;TRANSFERÊNCIAS FUNDO A FUNDO DE RECURSOS DO SUS PROVENIENTES DO GOVERNO FEDERAL - BLOCO DE MANUTENÇÃO DAS AÇÕES E SERVIÇOS PÚBLICOS DE SAÚDE;394.955,60
FUNDO MUNICIPAL DE SAÚDE DE BARBACENA;18.002;FUNDO MUNICIPAL DE SAUDE;2.038;MANUTENÇÃO DO PROGRAMA DE ATENÇÃO DOMICILIAR;3;MEDIA E ALTA COMPLEXIDADE ASSISTENCIAL;10;Saúde;302;Assistência Hospitalar e Ambulatorial;121;3.3.90.30.00.00.00.00;MATERIAL DE CONSUMO;1.621.000.0000;TRANSFERÊNCIAS FUNDO A FUNDO DE RECURSOS DO SUS PROVENIENTES DO GOVERNO ESTADUAL;0,01
FUNDO MUNICIPAL DE SAÚDE DE BARBACENA;18.002;FUNDO MUNICIPAL DE SAUDE;2.038;MANUTENÇÃO DO PROGRAMA DE ATENÇÃO DOMICILIAR;3;MEDIA E ALTA COMPLEXIDADE ASSISTENCIAL;10;Saúde;302;Assistência Hospitalar e Ambulatorial;121;3.3.90.30.00.00.00.00;MATERIAL DE CONSUMO;2.600.000.0000;TRANSFERÊNCIAS FUNDO A FUNDO DE RECURSOS DO SUS PROVENIENTES DO GOVERNO FEDERAL - BLOCO DE MANUTENÇÃO DAS AÇÕES E SERVIÇOS PÚBLICOS DE SAÚDE;0,01
FUNDO MUNICIPAL DE SAÚDE DE BARBACENA;18.002;FUNDO MUNICIPAL DE SAUDE;2.038;MANUTENÇÃO DO PROGRAMA DE ATENÇÃO DOMICILIAR;3;MEDIA E ALTA COMPLEXIDADE ASSISTENCIAL;10;Saúde;302;Assistência Hospitalar e Ambulatorial;122;3.3.90.36.00.00.00.00;OUTROS SERVIÇOS DE TERCEIROS - PESSOA FÍSICA;1.600.000.0000;TRANSFERÊNCIAS FUNDO A FUNDO DE RECURSOS DO SUS PROVENIENTES DO GOVERNO FEDERAL - BLOCO DE MANUTENÇÃO DAS AÇÕES E SERVIÇOS PÚBLICOS DE SAÚDE;3.142,43
FUNDO MUNICIPAL DE SAÚDE DE BARBACENA;18.002;FUNDO MUNICIPAL DE SAUDE;2.038;MANUTENÇÃO DO PROGRAMA DE ATENÇÃO DOMICILIAR;3;MEDIA E ALTA COMPLEXIDADE ASSISTENCIAL;10;Saúde;302;Assistência Hospitalar e Ambulatorial;122;3.3.90.36.00.00.00.00;OUTROS SERVIÇOS DE TERCEIROS - PESSOA FÍSICA;1.621.000.0000;TRANSFERÊNCIAS FUNDO A FUNDO DE RECURSOS DO SUS PROVENIENTES DO GOVERNO ESTADUAL;1.350,00
FUNDO MUNICIPAL DE SAÚDE DE BARBACENA;18.002;FUNDO MUNICIPAL DE SAUDE;2.038;MANUTENÇÃO DO PROGRAMA DE ATENÇÃO DOMICILIAR;3;MEDIA E ALTA COMPLEXIDADE ASSISTENCIAL;10;Saúde;302;Assistência Hospitalar e Ambulatorial;123;3.3.90.39.00.00.00.00;OUTROS SERVIÇOS DE TERCEIROS - PESSOA JURÍDICA;1.600.000.0000;TRANSFERÊNCIAS FUNDO A FUNDO DE RECURSOS DO SUS PROVENIENTES DO GOVERNO FEDERAL - BLOCO DE MANUTENÇÃO DAS AÇÕES E SERVIÇOS PÚBLICOS DE SAÚDE;61.282,25
FUNDO MUNICIPAL DE SAÚDE DE BARBACENA;18.002;FUNDO MUNICIPAL DE SAUDE;2.038;MANUTENÇÃO DO PROGRAMA DE ATENÇÃO DOMICILIAR;3;MEDIA E ALTA COMPLEXIDADE ASSISTENCIAL;10;Saúde;302;Assistência Hospitalar e Ambulatorial;124;3.3.90.46.00.00.00.00;AUXÍLIO-ALIMENTAÇÃO;1.600.000.0000;TRANSFERÊNCIAS FUNDO A FUNDO DE RECURSOS DO SUS PROVENIENTES DO GOVERNO FEDERAL - BLOCO DE MANUTENÇÃO DAS AÇÕES E SERVIÇOS PÚBLICOS DE SAÚDE;36.230,00
FUNDO MUNICIPAL DE SAÚDE DE BARBACENA;18.002;FUNDO MUNICIPAL DE SAUDE;2.038;MANUTENÇÃO DO PROGRAMA DE ATENÇÃO DOMICILIAR;3;MEDIA E ALTA COMPLEXIDADE ASSISTENCIAL;10;Saúde;302;Assistência Hospitalar e Ambulatorial;125;4.4.90.52.00.00.00.00;EQUIPAMENTOS E MATERIAL PERMANENTE;1.600.000.0000;TRANSFERÊNCIAS FUNDO A FUNDO DE RECURSOS DO SUS PROVENIENTES DO GOVERNO FEDERAL - BLOCO DE MANUTENÇÃO DAS AÇÕES E SERVIÇOS PÚBLICOS DE SAÚDE;0,00
FUNDO MUNICIPAL DE SAÚDE DE BARBACENA;18.002;FUNDO MUNICIPAL DE SAUDE;2.038;MANUTENÇÃO DO PROGRAMA DE ATENÇÃO DOMICILIAR;3;MEDIA E ALTA COMPLEXIDADE ASSISTENCIAL;10;Saúde;302;Assistência Hospitalar e Ambulatorial;470;3.3.90.93.00.00.00.00;INDENIZAÇÕES E RESTITUIÇÕES;1.621.000.0000;TRANSFERÊNCIAS FUNDO A FUNDO DE RECURSOS DO SUS PROVENIENTES DO GOVERNO ESTADUAL;9.887,95
FUNDO MUNICIPAL DE SAÚDE DE BARBACENA;18.002;FUNDO MUNICIPAL DE SAUDE;2.038;MANUTENÇÃO DO PROGRAMA DE ATENÇÃO DOMICILIAR;3;MEDIA E ALTA COMPLEXIDADE ASSISTENCIAL;10;Saúde;302;Assistência Hospitalar e Ambulatorial;470;3.3.90.93.00.00.00.00;INDENIZAÇÕES E RESTITUIÇÕES;2.621.000.0000;TRANSFERÊNCIAS FUNDO A FUNDO DE RECURSOS DO SUS PROVENIENTES DO GOVERNO ESTADUAL;149.245,45
FUNDO MUNICIPAL DE SAÚDE DE BARBACENA;18.002;FUNDO MUNICIPAL DE SAUDE;2.038;MANUTENÇÃO DO PROGRAMA DE ATENÇÃO DOMICILIAR;3;MEDIA E ALTA COMPLEXIDADE ASSISTENCIAL;10;Saúde;302;Assistência Hospitalar e Ambulatorial;484;3.1.91.13.00.00.00.00;OBRIGAÇÕES PATRONAIS;1.600.000.0000;TRANSFERÊNCIAS FUNDO A FUNDO DE RECURSOS DO SUS PROVENIENTES DO GOVERNO FEDERAL - BLOCO DE MANUTENÇÃO DAS AÇÕES E SERVIÇOS PÚBLICOS DE SAÚDE;4.429,92
FUNDO MUNICIPAL DE SAÚDE DE BARBACENA;18.002;FUNDO MUNICIPAL DE SAUDE;2.038;MANUTENÇÃO DO PROGRAMA DE ATENÇÃO DOMICILIAR;3;MEDIA E ALTA COMPLEXIDADE ASSISTENCIAL;10;Saúde;302;Assistência Hospitalar e Ambulatorial;485;3.1.90.13.00.00.00.00;OBRIGAÇÕES PATRONAIS;1.600.000.0000;TRANSFERÊNCIAS FUNDO A FUNDO DE RECURSOS DO SUS PROVENIENTES DO GOVERNO FEDERAL - BLOCO DE MANUTENÇÃO DAS AÇÕES E SERVIÇOS PÚBLICOS DE SAÚDE;2.367,10
FUNDO MUNICIPAL DE SAÚDE DE BARBACENA;18.002;FUNDO MUNICIPAL DE SAUDE;2.038;MANUTENÇÃO DO PROGRAMA DE ATENÇÃO DOMICILIAR;3;MEDIA E ALTA COMPLEXIDADE ASSISTENCIAL;10;Saúde;302;Assistência Hospitalar e Ambulatorial;486;3.1.90.11.00.00.00.00;VENCIMENTOS E VANTAGENS FIXAS - PESSOAL CIVIL;1.600.000.0000;TRANSFERÊNCIAS FUNDO A FUNDO DE RECURSOS DO SUS PROVENIENTES DO GOVERNO FEDERAL - BLOCO DE MANUTENÇÃO DAS AÇÕES E SERVIÇOS PÚBLICOS DE SAÚDE;15.821,42
FUNDO MUNICIPAL DE SAÚDE DE BARBACENA;18.002;FUNDO MUNICIPAL DE SAUDE;2.038;MANUTENÇÃO DO PROGRAMA DE ATENÇÃO DOMICILIAR;3;MEDIA E ALTA COMPLEXIDADE ASSISTENCIAL;10;Saúde;302;Assistência Hospitalar e Ambulatorial;487;3.3.90.08.00.00.00.00;OUTROS BENEFÍCIOS ASSISTENCIAIS-SERVIDOR/MILITAR;1.600.000.0000;TRANSFERÊNCIAS FUNDO A FUNDO DE RECURSOS DO SUS PROVENIENTES DO GOVERNO FEDERAL - BLOCO DE MANUTENÇÃO DAS AÇÕES E SERVIÇOS PÚBLICOS DE SAÚDE;70,00
FUNDO MUNICIPAL DE SAÚDE DE BARBACENA;18.002;FUNDO MUNICIPAL DE SAUDE;2.042;MANUTENÇÃO DO TRATAMENTO FORA DO DOMICÍLIO - TFD;3;MEDIA E ALTA COMPLEXIDADE ASSISTENCIAL;10;Saúde;302;Assistência Hospitalar e Ambulatorial;126;3.1.90.04.00.00.00.00;CONTRATAÇÃO POR TEMPO DETERMINADO;1.500.000.1002;RECURSOS NÃO VINCULADOS DE IMPOSTOS (SAÚDE);0,00
FUNDO MUNICIPAL DE SAÚDE DE BARBACENA;18.002;FUNDO MUNICIPAL DE SAUDE;2.042;MANUTENÇÃO DO TRATAMENTO FORA DO DOMICÍLIO - TFD;3;MEDIA E ALTA COMPLEXIDADE ASSISTENCIAL;10;Saúde;302;Assistência Hospitalar e Ambulatorial;126;3.1.90.04.00.00.00.00;CONTRATAÇÃO POR TEMPO DETERMINADO;1.600.000.0000;TRANSFERÊNCIAS FUNDO A FUNDO DE RECURSOS DO SUS PROVENIENTES DO GOVERNO FEDERAL - BLOCO DE MANUTENÇÃO DAS AÇÕES E SERVIÇOS PÚBLICOS DE SAÚDE;1.000,00
FUNDO MUNICIPAL DE SAÚDE DE BARBACENA;18.002;FUNDO MUNICIPAL DE SAUDE;2.042;MANUTENÇÃO DO TRATAMENTO FORA DO DOMICÍLIO - TFD;3;MEDIA E ALTA COMPLEXIDADE ASSISTENCIAL;10;Saúde;302;Assistência Hospitalar e Ambulatorial;127;3.1.91.13.00.00.00.00;OBRIGAÇÕES PATRONAIS;1.500.000.1002;RECURSOS NÃO VINCULADOS DE IMPOSTOS (SAÚDE);0,00
FUNDO MUNICIPAL DE SAÚDE DE BARBACENA;18.002;FUNDO MUNICIPAL DE SAUDE;2.042;MANUTENÇÃO DO TRATAMENTO FORA DO DOMICÍLIO - TFD;3;MEDIA E ALTA COMPLEXIDADE ASSISTENCIAL;10;Saúde;302;Assistência Hospitalar e Ambulatorial;128;3.3.90.14.00.00.00.00;DIÁRIAS - PESSOAL CIVIL;1.600.000.0000;TRANSFERÊNCIAS FUNDO A FUNDO DE RECURSOS DO SUS PROVENIENTES DO GOVERNO FEDERAL - BLOCO DE MANUTENÇÃO DAS AÇÕES E SERVIÇOS PÚBLICOS DE SAÚDE;1.000,00
FUNDO MUNICIPAL DE SAÚDE DE BARBACENA;18.002;FUNDO MUNICIPAL DE SAUDE;2.042;MANUTENÇÃO DO TRATAMENTO FORA DO DOMICÍLIO - TFD;3;MEDIA E ALTA COMPLEXIDADE ASSISTENCIAL;10;Saúde;302;Assistência Hospitalar e Ambulatorial;129;3.3.90.18.00.00.00.00;AUXÍLIO FINANCEIRO A ESTUDANTES;1.500.000.1002;RECURSOS NÃO VINCULADOS DE IMPOSTOS (SAÚDE);0,00
FUNDO MUNICIPAL DE SAÚDE DE BARBACENA;18.002;FUNDO MUNICIPAL DE SAUDE;2.042;MANUTENÇÃO DO TRATAMENTO FORA DO DOMICÍLIO - TFD;3;MEDIA E ALTA COMPLEXIDADE ASSISTENCIAL;10;Saúde;302;Assistência Hospitalar e Ambulatorial;130;3.3.90.30.00.00.00.00;MATERIAL DE CONSUMO;1.600.000.0000;TRANSFERÊNCIAS FUNDO A FUNDO DE RECURSOS DO SUS PROVENIENTES DO GOVERNO FEDERAL - BLOCO DE MANUTENÇÃO DAS AÇÕES E SERVIÇOS PÚBLICOS DE SAÚDE;1.000,00
FUNDO MUNICIPAL DE SAÚDE DE BARBACENA;18.002;FUNDO MUNICIPAL DE SAUDE;2.042;MANUTENÇÃO DO TRATAMENTO FORA DO DOMICÍLIO - TFD;3;MEDIA E ALTA COMPLEXIDADE ASSISTENCIAL;10;Saúde;302;Assistência Hospitalar e Ambulatorial;131;3.3.90.36.00.00.00.00;OUTROS SERVIÇOS DE TERCEIROS - PESSOA FÍSICA;1.500.000.1002;RECURSOS NÃO VINCULADOS DE IMPOSTOS (SAÚDE);10.000,00
FUNDO MUNICIPAL DE SAÚDE DE BARBACENA;18.002;FUNDO MUNICIPAL DE SAUDE;2.042;MANUTENÇÃO DO TRATAMENTO FORA DO DOMICÍLIO - TFD;3;MEDIA E ALTA COMPLEXIDADE ASSISTENCIAL;10;Saúde;302;Assistência Hospitalar e Ambulatorial;131;3.3.90.36.00.00.00.00;OUTROS SERVIÇOS DE TERCEIROS - PESSOA FÍSICA;1.600.000.0000;TRANSFERÊNCIAS FUNDO A FUNDO DE RECURSOS DO SUS PROVENIENTES DO GOVERNO FEDERAL - BLOCO DE MANUTENÇÃO DAS AÇÕES E SERVIÇOS PÚBLICOS DE SAÚDE;10.752,87
FUNDO MUNICIPAL DE SAÚDE DE BARBACENA;18.002;FUNDO MUNICIPAL DE SAUDE;2.042;MANUTENÇÃO DO TRATAMENTO FORA DO DOMICÍLIO - TFD;3;MEDIA E ALTA COMPLEXIDADE ASSISTENCIAL;10;Saúde;302;Assistência Hospitalar e Ambulatorial;132;3.3.90.39.00.00.00.00;OUTROS SERVIÇOS DE TERCEIROS - PESSOA JURÍDICA;1.500.000.1002;RECURSOS NÃO VINCULADOS DE IMPOSTOS (SAÚDE);0,00
FUNDO MUNICIPAL DE SAÚDE DE BARBACENA;18.002;FUNDO MUNICIPAL DE SAUDE;2.042;MANUTENÇÃO DO TRATAMENTO FORA DO DOMICÍLIO - TFD;3;MEDIA E ALTA COMPLEXIDADE ASSISTENCIAL;10;Saúde;302;Assistência Hospitalar e Ambulatorial;132;3.3.90.39.00.00.00.00;OUTROS SERVIÇOS DE TERCEIROS - PESSOA JURÍDICA;1.600.000.0000;TRANSFERÊNCIAS FUNDO A FUNDO DE RECURSOS DO SUS PROVENIENTES DO GOVERNO FEDERAL - BLOCO DE MANUTENÇÃO DAS AÇÕES E SERVIÇOS PÚBLICOS DE SAÚDE;24.247,13
FUNDO MUNICIPAL DE SAÚDE DE BARBACENA;18.002;FUNDO MUNICIPAL DE SAUDE;2.042;MANUTENÇÃO DO TRATAMENTO FORA DO DOMICÍLIO - TFD;3;MEDIA E ALTA COMPLEXIDADE ASSISTENCIAL;10;Saúde;302;Assistência Hospitalar e Ambulatorial;133;3.3.90.93.00.00.00.00;INDENIZAÇÕES E RESTITUIÇÕES;1.500.000.1002;RECURSOS NÃO VINCULADOS DE IMPOSTOS (SAÚDE);45.000,00
FUNDO MUNICIPAL DE SAÚDE DE BARBACENA;18.002;FUNDO MUNICIPAL DE SAUDE;2.042;MANUTENÇÃO DO TRATAMENTO FORA DO DOMICÍLIO - TFD;3;MEDIA E ALTA COMPLEXIDADE ASSISTENCIAL;10;Saúde;302;Assistência Hospitalar e Ambulatorial;133;3.3.90.93.00.00.00.00;INDENIZAÇÕES E RESTITUIÇÕES;1.600.000.0000;TRANSFERÊNCIAS FUNDO A FUNDO DE RECURSOS DO SUS PROVENIENTES DO GOVERNO FEDERAL - BLOCO DE MANUTENÇÃO DAS AÇÕES E SERVIÇOS PÚBLICOS DE SAÚDE;0,00
FUNDO MUNICIPAL DE SAÚDE DE BARBACENA;18.002;FUNDO MUNICIPAL DE SAUDE;2.043;MANUTENÇÃO DE REDE DE CUIDADOS A PESSOA COM DEFICIÊNCIA;3;MEDIA E ALTA COMPLEXIDADE ASSISTENCIAL;10;Saúde;302;Assistência Hospitalar e Ambulatorial;134;3.1.90.04.00.00.00.00;CONTRATAÇÃO POR TEMPO DETERMINADO;1.500.000.1002;RECURSOS NÃO VINCULADOS DE IMPOSTOS (SAÚDE);56.380,08
FUNDO MUNICIPAL DE SAÚDE DE BARBACENA;18.002;FUNDO MUNICIPAL DE SAUDE;2.043;MANUTENÇÃO DE REDE DE CUIDADOS A PESSOA COM DEFICIÊNCIA;3;MEDIA E ALTA COMPLEXIDADE ASSISTENCIAL;10;Saúde;302;Assistência Hospitalar e Ambulatorial;134;3.1.90.04.00.00.00.00;CONTRATAÇÃO POR TEMPO DETERMINADO;1.600.000.0000;TRANSFERÊNCIAS FUNDO A FUNDO DE RECURSOS DO SUS PROVENIENTES DO GOVERNO FEDERAL - BLOCO DE MANUTENÇÃO DAS AÇÕES E SERVIÇOS PÚBLICOS DE SAÚDE;37.241,51
FUNDO MUNICIPAL DE SAÚDE DE BARBACENA;18.002;FUNDO MUNICIPAL DE SAUDE;2.043;MANUTENÇÃO DE REDE DE CUIDADOS A PESSOA COM DEFICIÊNCIA;3;MEDIA E ALTA COMPLEXIDADE ASSISTENCIAL;10;Saúde;302;Assistência Hospitalar e Ambulatorial;134;3.1.90.04.00.00.00.00;CONTRATAÇÃO POR TEMPO DETERMINADO;1.621.000.0000;TRANSFERÊNCIAS FUNDO A FUNDO DE RECURSOS DO SUS PROVENIENTES DO GOVERNO ESTADUAL;9.843,00
FUNDO MUNICIPAL DE SAÚDE DE BARBACENA;18.002;FUNDO MUNICIPAL DE SAUDE;2.043;MANUTENÇÃO DE REDE DE CUIDADOS A PESSOA COM DEFICIÊNCIA;3;MEDIA E ALTA COMPLEXIDADE ASSISTENCIAL;10;Saúde;302;Assistência Hospitalar e Ambulatorial;134;3.1.90.04.00.00.00.00;CONTRATAÇÃO POR TEMPO DETERMINADO;2.621.000.0000;TRANSFERÊNCIAS FUNDO A FUNDO DE RECURSOS DO SUS PROVENIENTES DO GOVERNO ESTADUAL;43.211,84
FUNDO MUNICIPAL DE SAÚDE DE BARBACENA;18.002;FUNDO MUNICIPAL DE SAUDE;2.043;MANUTENÇÃO DE REDE DE CUIDADOS A PESSOA COM DEFICIÊNCIA;3;MEDIA E ALTA COMPLEXIDADE ASSISTENCIAL;10;Saúde;302;Assistência Hospitalar e Ambulatorial;135;3.3.90.14.00.00.00.00;DIÁRIAS - PESSOAL CIVIL;1.600.000.0000;TRANSFERÊNCIAS FUNDO A FUNDO DE RECURSOS DO SUS PROVENIENTES DO GOVERNO FEDERAL - BLOCO DE MANUTENÇÃO DAS AÇÕES E SERVIÇOS PÚBLICOS DE SAÚDE;1.000,00
FUNDO MUNICIPAL DE SAÚDE DE BARBACENA;18.002;FUNDO MUNICIPAL DE SAUDE;2.043;MANUTENÇÃO DE REDE DE CUIDADOS A PESSOA COM DEFICIÊNCIA;3;MEDIA E ALTA COMPLEXIDADE ASSISTENCIAL;10;Saúde;302;Assistência Hospitalar e Ambulatorial;136;3.3.90.30.00.00.00.00;MATERIAL DE CONSUMO;1.500.000.1002;RECURSOS NÃO VINCULADOS DE IMPOSTOS (SAÚDE);2.000,00
FUNDO MUNICIPAL DE SAÚDE DE BARBACENA;18.002;FUNDO MUNICIPAL DE SAUDE;2.043;MANUTENÇÃO DE REDE DE CUIDADOS A PESSOA COM DEFICIÊNCIA;3;MEDIA E ALTA COMPLEXIDADE ASSISTENCIAL;10;Saúde;302;Assistência Hospitalar e Ambulatorial;136;3.3.90.30.00.00.00.00;MATERIAL DE CONSUMO;1.600.000.0000;TRANSFERÊNCIAS FUNDO A FUNDO DE RECURSOS DO SUS PROVENIENTES DO GOVERNO FEDERAL - BLOCO DE MANUTENÇÃO DAS AÇÕES E SERVIÇOS PÚBLICOS DE SAÚDE;0,00
FUNDO MUNICIPAL DE SAÚDE DE BARBACENA;18.002;FUNDO MUNICIPAL DE SAUDE;2.043;MANUTENÇÃO DE REDE DE CUIDADOS A PESSOA COM DEFICIÊNCIA;3;MEDIA E ALTA COMPLEXIDADE ASSISTENCIAL;10;Saúde;302;Assistência Hospitalar e Ambulatorial;137;3.3.90.39.00.00.00.00;OUTROS SERVIÇOS DE TERCEIROS - PESSOA JURÍDICA;1.600.000.0000;TRANSFERÊNCIAS FUNDO A FUNDO DE RECURSOS DO SUS PROVENIENTES DO GOVERNO FEDERAL - BLOCO DE MANUTENÇÃO DAS AÇÕES E SERVIÇOS PÚBLICOS DE SAÚDE;457.113,00
FUNDO MUNICIPAL DE SAÚDE DE BARBACENA;18.002;FUNDO MUNICIPAL DE SAUDE;2.043;MANUTENÇÃO DE REDE DE CUIDADOS A PESSOA COM DEFICIÊNCIA;3;MEDIA E ALTA COMPLEXIDADE ASSISTENCIAL;10;Saúde;302;Assistência Hospitalar e Ambulatorial;137;3.3.90.39.00.00.00.00;OUTROS SERVIÇOS DE TERCEIROS - PESSOA JURÍDICA;1.621.000.0000;TRANSFERÊNCIAS FUNDO A FUNDO DE RECURSOS DO SUS PROVENIENTES DO GOVERNO ESTADUAL;0,00
FUNDO MUNICIPAL DE SAÚDE DE BARBACENA;18.002;FUNDO MUNICIPAL DE SAUDE;2.043;MANUTENÇÃO DE REDE DE CUIDADOS A PESSOA COM DEFICIÊNCIA;3;MEDIA E ALTA COMPLEXIDADE ASSISTENCIAL;10;Saúde;302;Assistência Hospitalar e Ambulatorial;137;3.3.90.39.00.00.00.00;OUTROS SERVIÇOS DE TERCEIROS - PESSOA JURÍDICA;2.600.000.0000;TRANSFERÊNCIAS FUNDO A FUNDO DE RECURSOS DO SUS PROVENIENTES DO GOVERNO FEDERAL - BLOCO DE MANUTENÇÃO DAS AÇÕES E SERVIÇOS PÚBLICOS DE SAÚDE;218.346,37
FUNDO MUNICIPAL DE SAÚDE DE BARBACENA;18.002;FUNDO MUNICIPAL DE SAUDE;2.043;MANUTENÇÃO DE REDE DE CUIDADOS A PESSOA COM DEFICIÊNCIA;3;MEDIA E ALTA COMPLEXIDADE ASSISTENCIAL;10;Saúde;302;Assistência Hospitalar e Ambulatorial;137;3.3.90.39.00.00.00.00;OUTROS SERVIÇOS DE TERCEIROS - PESSOA JURÍDICA;2.621.000.0000;TRANSFERÊNCIAS FUNDO A FUNDO DE RECURSOS DO SUS PROVENIENTES DO GOVERNO ESTADUAL;7.338,68
FUNDO MUNICIPAL DE SAÚDE DE BARBACENA;18.002;FUNDO MUNICIPAL DE SAUDE;2.043;MANUTENÇÃO DE REDE DE CUIDADOS A PESSOA COM DEFICIÊNCIA;3;MEDIA E ALTA COMPLEXIDADE ASSISTENCIAL;10;Saúde;302;Assistência Hospitalar e Ambulatorial;138;3.3.90.46.00.00.00.00;AUXÍLIO-ALIMENTAÇÃO;1.500.000.1002;RECURSOS NÃO VINCULADOS DE IMPOSTOS (SAÚDE);9.900,00
FUNDO MUNICIPAL DE SAÚDE DE BARBACENA;18.002;FUNDO MUNICIPAL DE SAUDE;2.043;MANUTENÇÃO DE REDE DE CUIDADOS A PESSOA COM DEFICIÊNCIA;3;MEDIA E ALTA COMPLEXIDADE ASSISTENCIAL;10;Saúde;302;Assistência Hospitalar e Ambulatorial;138;3.3.90.46.00.00.00.00;AUXÍLIO-ALIMENTAÇÃO;1.600.000.0000;TRANSFERÊNCIAS FUNDO A FUNDO DE RECURSOS DO SUS PROVENIENTES DO GOVERNO FEDERAL - BLOCO DE MANUTENÇÃO DAS AÇÕES E SERVIÇOS PÚBLICOS DE SAÚDE;4.155,00
FUNDO MUNICIPAL DE SAÚDE DE BARBACENA;18.002;FUNDO MUNICIPAL DE SAUDE;2.043;MANUTENÇÃO DE REDE DE CUIDADOS A PESSOA COM DEFICIÊNCIA;3;MEDIA E ALTA COMPLEXIDADE ASSISTENCIAL;10;Saúde;302;Assistência Hospitalar e Ambulatorial;138;3.3.90.46.00.00.00.00;AUXÍLIO-ALIMENTAÇÃO;1.621.000.0000;TRANSFERÊNCIAS FUNDO A FUNDO DE RECURSOS DO SUS PROVENIENTES DO GOVERNO ESTADUAL;1.350,00
FUNDO MUNICIPAL DE SAÚDE DE BARBACENA;18.002;FUNDO MUNICIPAL DE SAUDE;2.043;MANUTENÇÃO DE REDE DE CUIDADOS A PESSOA COM DEFICIÊNCIA;3;MEDIA E ALTA COMPLEXIDADE ASSISTENCIAL;10;Saúde;302;Assistência Hospitalar e Ambulatorial;138;3.3.90.46.00.00.00.00;AUXÍLIO-ALIMENTAÇÃO;2.621.000.0000;TRANSFERÊNCIAS FUNDO A FUNDO DE RECURSOS DO SUS PROVENIENTES DO GOVERNO ESTADUAL;7.965,00
FUNDO MUNICIPAL DE SAÚDE DE BARBACENA;18.002;FUNDO MUNICIPAL DE SAUDE;2.043;MANUTENÇÃO DE REDE DE CUIDADOS A PESSOA COM DEFICIÊNCIA;3;MEDIA E ALTA COMPLEXIDADE ASSISTENCIAL;10;Saúde;302;Assistência Hospitalar e Ambulatorial;139;3.3.90.92.00.00.00.00;DESPESAS DE EXERCÍCIOS ANTERIORES;1.500.000.1002;RECURSOS NÃO VINCULADOS DE IMPOSTOS (SAÚDE);1.000,00
FUNDO MUNICIPAL DE SAÚDE DE BARBACENA;18.002;FUNDO MUNICIPAL DE SAUDE;2.053;MANUTENÇÃO DO CONSÓRCIO INTERMUNICIPAL DE SAÚDE ALTO DAS VERTENTES - CISALV;3;MEDIA E ALTA COMPLEXIDADE ASSISTENCIAL;10;Saúde;302;Assistência Hospitalar e Ambulatorial;140;3.1.71.70.00.00.00.00;RATEIO PELA PARTICIPAÇÃO EM CONSÓRCIO PÚBLICO;1.500.000.1002;RECURSOS NÃO VINCULADOS DE IMPOSTOS (SAÚDE);52.036,40
FUNDO MUNICIPAL DE SAÚDE DE BARBACENA;18.002;FUNDO MUNICIPAL DE SAUDE;2.053;MANUTENÇÃO DO CONSÓRCIO INTERMUNICIPAL DE SAÚDE ALTO DAS VERTENTES - CISALV;3;MEDIA E ALTA COMPLEXIDADE ASSISTENCIAL;10;Saúde;302;Assistência Hospitalar e Ambulatorial;141;3.3.71.70.00.00.00.00;RATEIO PELA PARTICIPAÇÃO EM CONSÓRCIO PÚBLICO;1.500.000.1002;RECURSOS NÃO VINCULADOS DE IMPOSTOS (SAÚDE);1.005.172,65
FUNDO MUNICIPAL DE SAÚDE DE BARBACENA;18.002;FUNDO MUNICIPAL DE SAUDE;2.053;MANUTENÇÃO DO CONSÓRCIO INTERMUNICIPAL DE SAÚDE ALTO DAS VERTENTES - CISALV;3;MEDIA E ALTA COMPLEXIDADE ASSISTENCIAL;10;Saúde;302;Assistência Hospitalar e Ambulatorial;142;4.4.71.70.00.00.00.00;RATEIO PELA PARTICIPAÇÃO EM CONSÓRCIO PÚBLICO;1.500.000.1002;RECURSOS NÃO VINCULADOS DE IMPOSTOS (SAÚDE);12.027,39
FUNDO MUNICIPAL DE SAÚDE DE BARBACENA;18.002;FUNDO MUNICIPAL DE SAUDE;2.053;MANUTENÇÃO DO CONSÓRCIO INTERMUNICIPAL DE SAÚDE ALTO DAS VERTENTES - CISALV;3;MEDIA E ALTA COMPLEXIDADE ASSISTENCIAL;10;Saúde;302;Assistência Hospitalar e Ambulatorial;473;3.3.72.30.00.00.00.00;MATERIAL DE CONSUMO;1.500.000.1002;RECURSOS NÃO VINCULADOS DE IMPOSTOS (SAÚDE);60.000,01
FUNDO MUNICIPAL DE SAÚDE DE BARBACENA;18.002;FUNDO MUNICIPAL DE SAUDE;2.053;MANUTENÇÃO DO CONSÓRCIO INTERMUNICIPAL DE SAÚDE ALTO DAS VERTENTES - CISALV;3;MEDIA E ALTA COMPLEXIDADE ASSISTENCIAL;10;Saúde;302;Assistência Hospitalar e Ambulatorial;473;3.3.72.30.00.00.00.00;MATERIAL DE CONSUMO;1.600.000.0000;TRANSFERÊNCIAS FUNDO A FUNDO DE RECURSOS DO SUS PROVENIENTES DO GOVERNO FEDERAL - BLOCO DE MANUTENÇÃO DAS AÇÕES E SERVIÇOS PÚBLICOS DE SAÚDE;430.000,01
FUNDO MUNICIPAL DE SAÚDE DE BARBACENA;18.002;FUNDO MUNICIPAL DE SAUDE;2.053;MANUTENÇÃO DO CONSÓRCIO INTERMUNICIPAL DE SAÚDE ALTO DAS VERTENTES - CISALV;3;MEDIA E ALTA COMPLEXIDADE ASSISTENCIAL;10;Saúde;302;Assistência Hospitalar e Ambulatorial;473;3.3.72.30.00.00.00.00;MATERIAL DE CONSUMO;2.621.000.0000;TRANSFERÊNCIAS FUNDO A FUNDO DE RECURSOS DO SUS PROVENIENTES DO GOVERNO ESTADUAL;427.436,84
FUNDO MUNICIPAL DE SAÚDE DE BARBACENA;18.002;FUNDO MUNICIPAL DE SAUDE;2.053;MANUTENÇÃO DO CONSÓRCIO INTERMUNICIPAL DE SAÚDE ALTO DAS VERTENTES - CISALV;3;MEDIA E ALTA COMPLEXIDADE ASSISTENCIAL;10;Saúde;302;Assistência Hospitalar e Ambulatorial;482;3.3.72.39.00.00.00.00;OUTROS SERVIÇOS DE TERCEIROS - PESSOA JURÍDICA;1.500.000.1002;RECURSOS NÃO VINCULADOS DE IMPOSTOS (SAÚDE);45.871,86
FUNDO MUNICIPAL DE SAÚDE DE BARBACENA;18.002;FUNDO MUNICIPAL DE SAUDE;2.053;MANUTENÇÃO DO CONSÓRCIO INTERMUNICIPAL DE SAÚDE ALTO DAS VERTENTES - CISALV;3;MEDIA E ALTA COMPLEXIDADE ASSISTENCIAL;10;Saúde;302;Assistência Hospitalar e Ambulatorial;482;3.3.72.39.00.00.00.00;OUTROS SERVIÇOS DE TERCEIROS - PESSOA JURÍDICA;1.600.000.0000;TRANSFERÊNCIAS FUNDO A FUNDO DE RECURSOS DO SUS PROVENIENTES DO GOVERNO FEDERAL - BLOCO DE MANUTENÇÃO DAS AÇÕES E SERVIÇOS PÚBLICOS DE SAÚDE;0,01
FUNDO MUNICIPAL DE SAÚDE DE BARBACENA;18.002;FUNDO MUNICIPAL DE SAUDE;2.053;MANUTENÇÃO DO CONSÓRCIO INTERMUNICIPAL DE SAÚDE ALTO DAS VERTENTES - CISALV;3;MEDIA E ALTA COMPLEXIDADE ASSISTENCIAL;10;Saúde;302;Assistência Hospitalar e Ambulatorial;482;3.3.72.39.00.00.00.00;OUTROS SERVIÇOS DE TERCEIROS - PESSOA JURÍDICA;1.621.000.0000;TRANSFERÊNCIAS FUNDO A FUNDO DE RECURSOS DO SUS PROVENIENTES DO GOVERNO ESTADUAL;0,01
FUNDO MUNICIPAL DE SAÚDE DE BARBACENA;18.002;FUNDO MUNICIPAL DE SAUDE;2.345;MANUTENÇÃO DO PROGRAMA A SAÚDE DO PACIENTE ONCOLÓGICO;3;MEDIA E ALTA COMPLEXIDADE ASSISTENCIAL;10;Saúde;302;Assistência Hospitalar e Ambulatorial;143;3.1.90.04.00.00.00.00;CONTRATAÇÃO POR TEMPO DETERMINADO;1.500.000.1002;RECURSOS NÃO VINCULADOS DE IMPOSTOS (SAÚDE);97.210,30
FUNDO MUNICIPAL DE SAÚDE DE BARBACENA;18.002;FUNDO MUNICIPAL DE SAUDE;2.345;MANUTENÇÃO DO PROGRAMA A SAÚDE DO PACIENTE ONCOLÓGICO;3;MEDIA E ALTA COMPLEXIDADE ASSISTENCIAL;10;Saúde;302;Assistência Hospitalar e Ambulatorial;143;3.1.90.04.00.00.00.00;CONTRATAÇÃO POR TEMPO DETERMINADO;1.600.000.0000;TRANSFERÊNCIAS FUNDO A FUNDO DE RECURSOS DO SUS PROVENIENTES DO GOVERNO FEDERAL - BLOCO DE MANUTENÇÃO DAS AÇÕES E SERVIÇOS PÚBLICOS DE SAÚDE;150.537,05
FUNDO MUNICIPAL DE SAÚDE DE BARBACENA;18.002;FUNDO MUNICIPAL DE SAUDE;2.345;MANUTENÇÃO DO PROGRAMA A SAÚDE DO PACIENTE ONCOLÓGICO;3;MEDIA E ALTA COMPLEXIDADE ASSISTENCIAL;10;Saúde;302;Assistência Hospitalar e Ambulatorial;143;3.1.90.04.00.00.00.00;CONTRATAÇÃO POR TEMPO DETERMINADO;2.621.000.0000;TRANSFERÊNCIAS FUNDO A FUNDO DE RECURSOS DO SUS PROVENIENTES DO GOVERNO ESTADUAL;6.008,78
FUNDO MUNICIPAL DE SAÚDE DE BARBACENA;18.002;FUNDO MUNICIPAL DE SAUDE;2.345;MANUTENÇÃO DO PROGRAMA A SAÚDE DO PACIENTE ONCOLÓGICO;3;MEDIA E ALTA COMPLEXIDADE ASSISTENCIAL;10;Saúde;302;Assistência Hospitalar e Ambulatorial;144;3.3.50.41.00.00.00.00;CONTRIBUIÇÕES;1.500.000.1002;RECURSOS NÃO VINCULADOS DE IMPOSTOS (SAÚDE);189.175,31
FUNDO MUNICIPAL DE SAÚDE DE BARBACENA;18.002;FUNDO MUNICIPAL DE SAUDE;2.345;MANUTENÇÃO DO PROGRAMA A SAÚDE DO PACIENTE ONCOLÓGICO;3;MEDIA E ALTA COMPLEXIDADE ASSISTENCIAL;10;Saúde;302;Assistência Hospitalar e Ambulatorial;145;3.3.90.30.00.00.00.00;MATERIAL DE CONSUMO;1.600.000.0000;TRANSFERÊNCIAS FUNDO A FUNDO DE RECURSOS DO SUS PROVENIENTES DO GOVERNO FEDERAL - BLOCO DE MANUTENÇÃO DAS AÇÕES E SERVIÇOS PÚBLICOS DE SAÚDE;1.000,00
FUNDO MUNICIPAL DE SAÚDE DE BARBACENA;18.002;FUNDO MUNICIPAL DE SAUDE;2.345;MANUTENÇÃO DO PROGRAMA A SAÚDE DO PACIENTE ONCOLÓGICO;3;MEDIA E ALTA COMPLEXIDADE ASSISTENCIAL;10;Saúde;302;Assistência Hospitalar e Ambulatorial;146;3.3.90.39.00.00.00.00;OUTROS SERVIÇOS DE TERCEIROS - PESSOA JURÍDICA;1.500.000.1002;RECURSOS NÃO VINCULADOS DE IMPOSTOS (SAÚDE);124.380,12
FUNDO MUNICIPAL DE SAÚDE DE BARBACENA;18.002;FUNDO MUNICIPAL DE SAUDE;2.345;MANUTENÇÃO DO PROGRAMA A SAÚDE DO PACIENTE ONCOLÓGICO;3;MEDIA E ALTA COMPLEXIDADE ASSISTENCIAL;10;Saúde;302;Assistência Hospitalar e Ambulatorial;146;3.3.90.39.00.00.00.00;OUTROS SERVIÇOS DE TERCEIROS - PESSOA JURÍDICA;1.600.000.0000;TRANSFERÊNCIAS FUNDO A FUNDO DE RECURSOS DO SUS PROVENIENTES DO GOVERNO FEDERAL - BLOCO DE MANUTENÇÃO DAS AÇÕES E SERVIÇOS PÚBLICOS DE SAÚDE;1.000,00
FUNDO MUNICIPAL DE SAÚDE DE BARBACENA;18.002;FUNDO MUNICIPAL DE SAUDE;2.345;MANUTENÇÃO DO PROGRAMA A SAÚDE DO PACIENTE ONCOLÓGICO;3;MEDIA E ALTA COMPLEXIDADE ASSISTENCIAL;10;Saúde;302;Assistência Hospitalar e Ambulatorial;147;3.3.90.46.00.00.00.00;AUXÍLIO-ALIMENTAÇÃO;1.500.000.1002;RECURSOS NÃO VINCULADOS DE IMPOSTOS (SAÚDE);10.350,00
FUNDO MUNICIPAL DE SAÚDE DE BARBACENA;18.002;FUNDO MUNICIPAL DE SAUDE;2.345;MANUTENÇÃO DO PROGRAMA A SAÚDE DO PACIENTE ONCOLÓGICO;3;MEDIA E ALTA COMPLEXIDADE ASSISTENCIAL;10;Saúde;302;Assistência Hospitalar e Ambulatorial;147;3.3.90.46.00.00.00.00;AUXÍLIO-ALIMENTAÇÃO;1.600.000.0000;TRANSFERÊNCIAS FUNDO A FUNDO DE RECURSOS DO SUS PROVENIENTES DO GOVERNO FEDERAL - BLOCO DE MANUTENÇÃO DAS AÇÕES E SERVIÇOS PÚBLICOS DE SAÚDE;18.960,00
FUNDO MUNICIPAL DE SAÚDE DE BARBACENA;18.002;FUNDO MUNICIPAL DE SAUDE;2.345;MANUTENÇÃO DO PROGRAMA A SAÚDE DO PACIENTE ONCOLÓGICO;3;MEDIA E ALTA COMPLEXIDADE ASSISTENCIAL;10;Saúde;302;Assistência Hospitalar e Ambulatorial;147;3.3.90.46.00.00.00.00;AUXÍLIO-ALIMENTAÇÃO;1.621.000.0000;TRANSFERÊNCIAS FUNDO A FUNDO DE RECURSOS DO SUS PROVENIENTES DO GOVERNO ESTADUAL;1.866,00
FUNDO MUNICIPAL DE SAÚDE DE BARBACENA;18.002;FUNDO MUNICIPAL DE SAUDE;2.440;APOIO A ASSOCIAÇÃO DE APOIO A PESSOA PORTADORA DE CÂNCER E SEUS FAMILIARES -APPC;3;MEDIA E ALTA COMPLEXIDADE ASSISTENCIAL;10;Saúde;302;Assistência Hospitalar e Ambulatorial;148;3.3.50.41.00.00.00.00;CONTRIBUIÇÕES;1.500.000.1002;RECURSOS NÃO VINCULADOS DE IMPOSTOS (SAÚDE);173.265,45
FUNDO MUNICIPAL DE SAÚDE DE BARBACENA;18.002;FUNDO MUNICIPAL DE SAUDE;2.441;APOIO A SANTA CASA DE MISERICÓRDIA DE BARBACENA;3;MEDIA E ALTA COMPLEXIDADE ASSISTENCIAL;10;Saúde;302;Assistência Hospitalar e Ambulatorial;149;3.3.50.41.00.00.00.00;CONTRIBUIÇÕES;1.500.000.1002;RECURSOS NÃO VINCULADOS DE IMPOSTOS (SAÚDE);123.265,45
FUNDO MUNICIPAL DE SAÚDE DE BARBACENA;18.002;FUNDO MUNICIPAL DE SAUDE;2.441;APOIO A SANTA CASA DE MISERICÓRDIA DE BARBACENA;3;MEDIA E ALTA COMPLEXIDADE ASSISTENCIAL;10;Saúde;302;Assistência Hospitalar e Ambulatorial;149;3.3.50.41.00.00.00.00;CONTRIBUIÇÕES;1.600.000.0000;TRANSFERÊNCIAS FUNDO A FUNDO DE RECURSOS DO SUS PROVENIENTES DO GOVERNO FEDERAL - BLOCO DE MANUTENÇÃO DAS AÇÕES E SERVIÇOS PÚBLICOS DE SAÚDE;1.090.814,06
FUNDO MUNICIPAL DE SAÚDE DE BARBACENA;18.002;FUNDO MUNICIPAL DE SAUDE;2.441;APOIO A SANTA CASA DE MISERICÓRDIA DE BARBACENA;3;MEDIA E ALTA COMPLEXIDADE ASSISTENCIAL;10;Saúde;302;Assistência Hospitalar e Ambulatorial;149;3.3.50.41.00.00.00.00;CONTRIBUIÇÕES;1.621.000.0000;TRANSFERÊNCIAS FUNDO A FUNDO DE RECURSOS DO SUS PROVENIENTES DO GOVERNO ESTADUAL;173.265,45
FUNDO MUNICIPAL DE SAÚDE DE BARBACENA;18.002;FUNDO MUNICIPAL DE SAUDE;2.442;APOIO AO HOSPITAL IBIAPABA CEBAMS;3;MEDIA E ALTA COMPLEXIDADE ASSISTENCIAL;10;Saúde;302;Assistência Hospitalar e Ambulatorial;150;3.3.50.41.00.00.00.00;CONTRIBUIÇÕES;1.600.000.0000;TRANSFERÊNCIAS FUNDO A FUNDO DE RECURSOS DO SUS PROVENIENTES DO GOVERNO FEDERAL - BLOCO DE MANUTENÇÃO DAS AÇÕES E SERVIÇOS PÚBLICOS DE SAÚDE;44.427,04
FUNDO MUNICIPAL DE SAÚDE DE BARBACENA;18.002;FUNDO MUNICIPAL DE SAUDE;2.444;APOIO AO NÚCLEO REGIONAL DE BARBACENA DE PREVENÇÃO E COMBATE AO CÂNCER;3;MEDIA E ALTA COMPLEXIDADE ASSISTENCIAL;10;Saúde;302;Assistência Hospitalar e Ambulatorial;151;3.3.50.41.00.00.00.00;CONTRIBUIÇÕES;1.500.000.1002;RECURSOS NÃO VINCULADOS DE IMPOSTOS (SAÚDE);0,00
FUNDO MUNICIPAL DE SAÚDE DE BARBACENA;18.002;FUNDO MUNICIPAL DE SAUDE;2.444;APOIO AO NÚCLEO REGIONAL DE BARBACENA DE PREVENÇÃO E COMBATE AO CÂNCER;3;MEDIA E ALTA COMPLEXIDADE ASSISTENCIAL;10;Saúde;302;Assistência Hospitalar e Ambulatorial;471;4.4.50.41.00.00.00.00;CONTRIBUIÇÕES;1.500.000.1002;RECURSOS NÃO VINCULADOS DE IMPOSTOS (SAÚDE);50.000,00
FUNDO MUNICIPAL DE SAÚDE DE BARBACENA;18.002;FUNDO MUNICIPAL DE SAUDE;2.445;AQUISIÇÃO DE INSUMOS E MEDICAMENTOS PARA HOSPITAL IBIAPABA CEBAMS;3;MEDIA E ALTA COMPLEXIDADE ASSISTENCIAL;10;Saúde;302;Assistência Hospitalar e Ambulatorial;152;3.3.50.41.00.00.00.00;CONTRIBUIÇÕES;1.621.000.0000;TRANSFERÊNCIAS FUNDO A FUNDO DE RECURSOS DO SUS PROVENIENTES DO GOVERNO ESTADUAL;41.088,48
FUNDO MUNICIPAL DE SAÚDE DE BARBACENA;18.002;FUNDO MUNICIPAL DE SAUDE;2.446;AQUISIÇÃO DE INSUMOS E MEDICAMENTOS PARA HOSPITAL POLICLÍNICA E MATERNIDADE DE BARBACENA;3;MEDIA E ALTA COMPLEXIDADE ASSISTENCIAL;10;Saúde;302;Assistência Hospitalar e Ambulatorial;153;3.3.50.41.00.00.00.00;CONTRIBUIÇÕES;1.621.000.0000;TRANSFERÊNCIAS FUNDO A FUNDO DE RECURSOS DO SUS PROVENIENTES DO GOVERNO ESTADUAL;41.088,48
FUNDO MUNICIPAL DE SAÚDE DE BARBACENA;18.002;FUNDO MUNICIPAL DE SAUDE;2.446;AQUISIÇÃO DE INSUMOS E MEDICAMENTOS PARA HOSPITAL POLICLÍNICA E MATERNIDADE DE BARBACENA;3;MEDIA E ALTA COMPLEXIDADE ASSISTENCIAL;10;Saúde;302;Assistência Hospitalar e Ambulatorial;153;3.3.50.41.00.00.00.00;CONTRIBUIÇÕES;2.600.000.0000;TRANSFERÊNCIAS FUNDO A FUNDO DE RECURSOS DO SUS PROVENIENTES DO GOVERNO FEDERAL - BLOCO DE MANUTENÇÃO DAS AÇÕES E SERVIÇOS PÚBLICOS DE SAÚDE;41.088,48
FUNDO MUNICIPAL DE SAÚDE DE BARBACENA;18.002;FUNDO MUNICIPAL DE SAUDE;2.449;MANUTENÇÃO DA SANTA CASA DE MISERICÓRDIA DE BARBACENA;3;MEDIA E ALTA COMPLEXIDADE ASSISTENCIAL;10;Saúde;302;Assistência Hospitalar e Ambulatorial;154;3.3.90.39.00.00.00.00;OUTROS SERVIÇOS DE TERCEIROS - PESSOA JURÍDICA;1.500.000.1002;RECURSOS NÃO VINCULADOS DE IMPOSTOS (SAÚDE);0,00
FUNDO MUNICIPAL DE SAÚDE DE BARBACENA;18.002;FUNDO MUNICIPAL DE SAUDE;2.449;MANUTENÇÃO DA SANTA CASA DE MISERICÓRDIA DE BARBACENA;3;MEDIA E ALTA COMPLEXIDADE ASSISTENCIAL;10;Saúde;302;Assistência Hospitalar e Ambulatorial;468;3.3.50.41.00.00.00.00;CONTRIBUIÇÕES;1.500.000.1002;RECURSOS NÃO VINCULADOS DE IMPOSTOS (SAÚDE);173.265,46
FUNDO MUNICIPAL DE SAÚDE DE BARBACENA;18.002;FUNDO MUNICIPAL DE SAUDE;2.449;MANUTENÇÃO DA SANTA CASA DE MISERICÓRDIA DE BARBACENA;3;MEDIA E ALTA COMPLEXIDADE ASSISTENCIAL;10;Saúde;302;Assistência Hospitalar e Ambulatorial;469;4.4.50.41.00.00.00.00;CONTRIBUIÇÕES;1.500.000.1002;RECURSOS NÃO VINCULADOS DE IMPOSTOS (SAÚDE);0,01
FUNDO MUNICIPAL DE SAÚDE DE BARBACENA;18.002;FUNDO MUNICIPAL DE SAUDE;2.630;MANUTENÇAO DA UNIDADE DE COLETA E DISTRIBUIÇÃO DE SANGUE E HEMODERIVADOS;3;MEDIA E ALTA COMPLEXIDADE ASSISTENCIAL;10;Saúde;302;Assistência Hospitalar e Ambulatorial;155;3.1.90.04.00.00.00.00;CONTRATAÇÃO POR TEMPO DETERMINADO;1.500.000.1002;RECURSOS NÃO VINCULADOS DE IMPOSTOS (SAÚDE);0,00
FUNDO MUNICIPAL DE SAÚDE DE BARBACENA;18.002;FUNDO MUNICIPAL DE SAUDE;2.630;MANUTENÇAO DA UNIDADE DE COLETA E DISTRIBUIÇÃO DE SANGUE E HEMODERIVADOS;3;MEDIA E ALTA COMPLEXIDADE ASSISTENCIAL;10;Saúde;302;Assistência Hospitalar e Ambulatorial;156;3.1.90.11.00.00.00.00;VENCIMENTOS E VANTAGENS FIXAS - PESSOAL CIVIL;1.500.000.1002;RECURSOS NÃO VINCULADOS DE IMPOSTOS (SAÚDE);0,00
FUNDO MUNICIPAL DE SAÚDE DE BARBACENA;18.002;FUNDO MUNICIPAL DE SAUDE;2.630;MANUTENÇAO DA UNIDADE DE COLETA E DISTRIBUIÇÃO DE SANGUE E HEMODERIVADOS;3;MEDIA E ALTA COMPLEXIDADE ASSISTENCIAL;10;Saúde;302;Assistência Hospitalar e Ambulatorial;157;3.1.91.13.00.00.00.00;OBRIGAÇÕES PATRONAIS;1.500.000.1002;RECURSOS NÃO VINCULADOS DE IMPOSTOS (SAÚDE);0,00
FUNDO MUNICIPAL DE SAÚDE DE BARBACENA;18.002;FUNDO MUNICIPAL DE SAUDE;2.630;MANUTENÇAO DA UNIDADE DE COLETA E DISTRIBUIÇÃO DE SANGUE E HEMODERIVADOS;3;MEDIA E ALTA COMPLEXIDADE ASSISTENCIAL;10;Saúde;302;Assistência Hospitalar e Ambulatorial;158;3.3.90.18.00.00.00.00;AUXÍLIO FINANCEIRO A ESTUDANTES;1.500.000.1002;RECURSOS NÃO VINCULADOS DE IMPOSTOS (SAÚDE);0,00
FUNDO MUNICIPAL DE SAÚDE DE BARBACENA;18.002;FUNDO MUNICIPAL DE SAUDE;2.630;MANUTENÇAO DA UNIDADE DE COLETA E DISTRIBUIÇÃO DE SANGUE E HEMODERIVADOS;3;MEDIA E ALTA COMPLEXIDADE ASSISTENCIAL;10;Saúde;302;Assistência Hospitalar e Ambulatorial;159;3.3.90.39.00.00.00.00;OUTROS SERVIÇOS DE TERCEIROS - PESSOA JURÍDICA;1.500.000.1002;RECURSOS NÃO VINCULADOS DE IMPOSTOS (SAÚDE);1.000,00
FUNDO MUNICIPAL DE SAÚDE DE BARBACENA;18.002;FUNDO MUNICIPAL DE SAUDE;2.630;MANUTENÇAO DA UNIDADE DE COLETA E DISTRIBUIÇÃO DE SANGUE E HEMODERIVADOS;3;MEDIA E ALTA COMPLEXIDADE ASSISTENCIAL;10;Saúde;302;Assistência Hospitalar e Ambulatorial;159;3.3.90.39.00.00.00.00;OUTROS SERVIÇOS DE TERCEIROS - PESSOA JURÍDICA;1.600.000.0000;TRANSFERÊNCIAS FUNDO A FUNDO DE RECURSOS DO SUS PROVENIENTES DO GOVERNO FEDERAL - BLOCO DE MANUTENÇÃO DAS AÇÕES E SERVIÇOS PÚBLICOS DE SAÚDE;1.000,00
FUNDO MUNICIPAL DE SAÚDE DE BARBACENA;18.002;FUNDO MUNICIPAL DE SAUDE;2.642;MANUTENÇÃO DA REDE DE ATENÇÃO PSICOSSOCIAL - RAPS;3;MEDIA E ALTA COMPLEXIDADE ASSISTENCIAL;10;Saúde;302;Assistência Hospitalar e Ambulatorial;160;3.1.90.04.00.00.00.00;CONTRATAÇÃO POR TEMPO DETERMINADO;1.500.000.1002;RECURSOS NÃO VINCULADOS DE IMPOSTOS (SAÚDE);10.244,50
FUNDO MUNICIPAL DE SAÚDE DE BARBACENA;18.002;FUNDO MUNICIPAL DE SAUDE;2.642;MANUTENÇÃO DA REDE DE ATENÇÃO PSICOSSOCIAL - RAPS;3;MEDIA E ALTA COMPLEXIDADE ASSISTENCIAL;10;Saúde;302;Assistência Hospitalar e Ambulatorial;160;3.1.90.04.00.00.00.00;CONTRATAÇÃO POR TEMPO DETERMINADO;1.600.000.0000;TRANSFERÊNCIAS FUNDO A FUNDO DE RECURSOS DO SUS PROVENIENTES DO GOVERNO FEDERAL - BLOCO DE MANUTENÇÃO DAS AÇÕES E SERVIÇOS PÚBLICOS DE SAÚDE;495.385,09
FUNDO MUNICIPAL DE SAÚDE DE BARBACENA;18.002;FUNDO MUNICIPAL DE SAUDE;2.642;MANUTENÇÃO DA REDE DE ATENÇÃO PSICOSSOCIAL - RAPS;3;MEDIA E ALTA COMPLEXIDADE ASSISTENCIAL;10;Saúde;302;Assistência Hospitalar e Ambulatorial;160;3.1.90.04.00.00.00.00;CONTRATAÇÃO POR TEMPO DETERMINADO;1.621.000.0000;TRANSFERÊNCIAS FUNDO A FUNDO DE RECURSOS DO SUS PROVENIENTES DO GOVERNO ESTADUAL;258.785,64
FUNDO MUNICIPAL DE SAÚDE DE BARBACENA;18.002;FUNDO MUNICIPAL DE SAUDE;2.642;MANUTENÇÃO DA REDE DE ATENÇÃO PSICOSSOCIAL - RAPS;3;MEDIA E ALTA COMPLEXIDADE ASSISTENCIAL;10;Saúde;302;Assistência Hospitalar e Ambulatorial;160;3.1.90.04.00.00.00.00;CONTRATAÇÃO POR TEMPO DETERMINADO;2.621.000.0000;TRANSFERÊNCIAS FUNDO A FUNDO DE RECURSOS DO SUS PROVENIENTES DO GOVERNO ESTADUAL;2.904.358,28
FUNDO MUNICIPAL DE SAÚDE DE BARBACENA;18.002;FUNDO MUNICIPAL DE SAUDE;2.642;MANUTENÇÃO DA REDE DE ATENÇÃO PSICOSSOCIAL - RAPS;3;MEDIA E ALTA COMPLEXIDADE ASSISTENCIAL;10;Saúde;302;Assistência Hospitalar e Ambulatorial;161;3.1.90.11.00.00.00.00;VENCIMENTOS E VANTAGENS FIXAS - PESSOAL CIVIL;1.600.000.0000;TRANSFERÊNCIAS FUNDO A FUNDO DE RECURSOS DO SUS PROVENIENTES DO GOVERNO FEDERAL - BLOCO DE MANUTENÇÃO DAS AÇÕES E SERVIÇOS PÚBLICOS DE SAÚDE;358.599,41
FUNDO MUNICIPAL DE SAÚDE DE BARBACENA;18.002;FUNDO MUNICIPAL DE SAUDE;2.642;MANUTENÇÃO DA REDE DE ATENÇÃO PSICOSSOCIAL - RAPS;3;MEDIA E ALTA COMPLEXIDADE ASSISTENCIAL;10;Saúde;302;Assistência Hospitalar e Ambulatorial;161;3.1.90.11.00.00.00.00;VENCIMENTOS E VANTAGENS FIXAS - PESSOAL CIVIL;1.621.000.0000;TRANSFERÊNCIAS FUNDO A FUNDO DE RECURSOS DO SUS PROVENIENTES DO GOVERNO ESTADUAL;283.791,79
FUNDO MUNICIPAL DE SAÚDE DE BARBACENA;18.002;FUNDO MUNICIPAL DE SAUDE;2.642;MANUTENÇÃO DA REDE DE ATENÇÃO PSICOSSOCIAL - RAPS;3;MEDIA E ALTA COMPLEXIDADE ASSISTENCIAL;10;Saúde;302;Assistência Hospitalar e Ambulatorial;161;3.1.90.11.00.00.00.00;VENCIMENTOS E VANTAGENS FIXAS - PESSOAL CIVIL;2.621.000.0000;TRANSFERÊNCIAS FUNDO A FUNDO DE RECURSOS DO SUS PROVENIENTES DO GOVERNO ESTADUAL;1.305.940,62
FUNDO MUNICIPAL DE SAÚDE DE BARBACENA;18.002;FUNDO MUNICIPAL DE SAUDE;2.642;MANUTENÇÃO DA REDE DE ATENÇÃO PSICOSSOCIAL - RAPS;3;MEDIA E ALTA COMPLEXIDADE ASSISTENCIAL;10;Saúde;302;Assistência Hospitalar e Ambulatorial;162;3.1.90.92.00.00.00.00;DESPESAS DE EXERCÍCIOS ANTERIORES;1.600.000.0000;TRANSFERÊNCIAS FUNDO A FUNDO DE RECURSOS DO SUS PROVENIENTES DO GOVERNO FEDERAL - BLOCO DE MANUTENÇÃO DAS AÇÕES E SERVIÇOS PÚBLICOS DE SAÚDE;31,07
FUNDO MUNICIPAL DE SAÚDE DE BARBACENA;18.002;FUNDO MUNICIPAL DE SAUDE;2.642;MANUTENÇÃO DA REDE DE ATENÇÃO PSICOSSOCIAL - RAPS;3;MEDIA E ALTA COMPLEXIDADE ASSISTENCIAL;10;Saúde;302;Assistência Hospitalar e Ambulatorial;163;3.1.91.13.00.00.00.00;OBRIGAÇÕES PATRONAIS;1.600.000.0000;TRANSFERÊNCIAS FUNDO A FUNDO DE RECURSOS DO SUS PROVENIENTES DO GOVERNO FEDERAL - BLOCO DE MANUTENÇÃO DAS AÇÕES E SERVIÇOS PÚBLICOS DE SAÚDE;117.693,73
FUNDO MUNICIPAL DE SAÚDE DE BARBACENA;18.002;FUNDO MUNICIPAL DE SAUDE;2.642;MANUTENÇÃO DA REDE DE ATENÇÃO PSICOSSOCIAL - RAPS;3;MEDIA E ALTA COMPLEXIDADE ASSISTENCIAL;10;Saúde;302;Assistência Hospitalar e Ambulatorial;163;3.1.91.13.00.00.00.00;OBRIGAÇÕES PATRONAIS;1.621.000.0000;TRANSFERÊNCIAS FUNDO A FUNDO DE RECURSOS DO SUS PROVENIENTES DO GOVERNO ESTADUAL;77.775,65
FUNDO MUNICIPAL DE SAÚDE DE BARBACENA;18.002;FUNDO MUNICIPAL DE SAUDE;2.642;MANUTENÇÃO DA REDE DE ATENÇÃO PSICOSSOCIAL - RAPS;3;MEDIA E ALTA COMPLEXIDADE ASSISTENCIAL;10;Saúde;302;Assistência Hospitalar e Ambulatorial;163;3.1.91.13.00.00.00.00;OBRIGAÇÕES PATRONAIS;2.621.000.0000;TRANSFERÊNCIAS FUNDO A FUNDO DE RECURSOS DO SUS PROVENIENTES DO GOVERNO ESTADUAL;340.197,48
FUNDO MUNICIPAL DE SAÚDE DE BARBACENA;18.002;FUNDO MUNICIPAL DE SAUDE;2.642;MANUTENÇÃO DA REDE DE ATENÇÃO PSICOSSOCIAL - RAPS;3;MEDIA E ALTA COMPLEXIDADE ASSISTENCIAL;10;Saúde;302;Assistência Hospitalar e Ambulatorial;164;3.3.90.14.00.00.00.00;DIÁRIAS - PESSOAL CIVIL;1.600.000.0000;TRANSFERÊNCIAS FUNDO A FUNDO DE RECURSOS DO SUS PROVENIENTES DO GOVERNO FEDERAL - BLOCO DE MANUTENÇÃO DAS AÇÕES E SERVIÇOS PÚBLICOS DE SAÚDE;6.300,00
FUNDO MUNICIPAL DE SAÚDE DE BARBACENA;18.002;FUNDO MUNICIPAL DE SAUDE;2.642;MANUTENÇÃO DA REDE DE ATENÇÃO PSICOSSOCIAL - RAPS;3;MEDIA E ALTA COMPLEXIDADE ASSISTENCIAL;10;Saúde;302;Assistência Hospitalar e Ambulatorial;165;3.3.90.18.00.00.00.00;AUXÍLIO FINANCEIRO A ESTUDANTES;1.600.000.0000;TRANSFERÊNCIAS FUNDO A FUNDO DE RECURSOS DO SUS PROVENIENTES DO GOVERNO FEDERAL - BLOCO DE MANUTENÇÃO DAS AÇÕES E SERVIÇOS PÚBLICOS DE SAÚDE;1.321,54
FUNDO MUNICIPAL DE SAÚDE DE BARBACENA;18.002;FUNDO MUNICIPAL DE SAUDE;2.642;MANUTENÇÃO DA REDE DE ATENÇÃO PSICOSSOCIAL - RAPS;3;MEDIA E ALTA COMPLEXIDADE ASSISTENCIAL;10;Saúde;302;Assistência Hospitalar e Ambulatorial;165;3.3.90.18.00.00.00.00;AUXÍLIO FINANCEIRO A ESTUDANTES;1.621.000.0000;TRANSFERÊNCIAS FUNDO A FUNDO DE RECURSOS DO SUS PROVENIENTES DO GOVERNO ESTADUAL;157,96
FUNDO MUNICIPAL DE SAÚDE DE BARBACENA;18.002;FUNDO MUNICIPAL DE SAUDE;2.642;MANUTENÇÃO DA REDE DE ATENÇÃO PSICOSSOCIAL - RAPS;3;MEDIA E ALTA COMPLEXIDADE ASSISTENCIAL;10;Saúde;302;Assistência Hospitalar e Ambulatorial;165;3.3.90.18.00.00.00.00;AUXÍLIO FINANCEIRO A ESTUDANTES;2.621.000.0000;TRANSFERÊNCIAS FUNDO A FUNDO DE RECURSOS DO SUS PROVENIENTES DO GOVERNO ESTADUAL;1.452,76
FUNDO MUNICIPAL DE SAÚDE DE BARBACENA;18.002;FUNDO MUNICIPAL DE SAUDE;2.642;MANUTENÇÃO DA REDE DE ATENÇÃO PSICOSSOCIAL - RAPS;3;MEDIA E ALTA COMPLEXIDADE ASSISTENCIAL;10;Saúde;302;Assistência Hospitalar e Ambulatorial;166;3.3.90.30.00.00.00.00;MATERIAL DE CONSUMO;1.600.000.0000;TRANSFERÊNCIAS FUNDO A FUNDO DE RECURSOS DO SUS PROVENIENTES DO GOVERNO FEDERAL - BLOCO DE MANUTENÇÃO DAS AÇÕES E SERVIÇOS PÚBLICOS DE SAÚDE;105.572,41
FUNDO MUNICIPAL DE SAÚDE DE BARBACENA;18.002;FUNDO MUNICIPAL DE SAUDE;2.642;MANUTENÇÃO DA REDE DE ATENÇÃO PSICOSSOCIAL - RAPS;3;MEDIA E ALTA COMPLEXIDADE ASSISTENCIAL;10;Saúde;302;Assistência Hospitalar e Ambulatorial;166;3.3.90.30.00.00.00.00;MATERIAL DE CONSUMO;1.621.000.0000;TRANSFERÊNCIAS FUNDO A FUNDO DE RECURSOS DO SUS PROVENIENTES DO GOVERNO ESTADUAL;140.603,09
FUNDO MUNICIPAL DE SAÚDE DE BARBACENA;18.002;FUNDO MUNICIPAL DE SAUDE;2.642;MANUTENÇÃO DA REDE DE ATENÇÃO PSICOSSOCIAL - RAPS;3;MEDIA E ALTA COMPLEXIDADE ASSISTENCIAL;10;Saúde;302;Assistência Hospitalar e Ambulatorial;166;3.3.90.30.00.00.00.00;MATERIAL DE CONSUMO;2.600.000.0000;TRANSFERÊNCIAS FUNDO A FUNDO DE RECURSOS DO SUS PROVENIENTES DO GOVERNO FEDERAL - BLOCO DE MANUTENÇÃO DAS AÇÕES E SERVIÇOS PÚBLICOS DE SAÚDE;37.390,64
FUNDO MUNICIPAL DE SAÚDE DE BARBACENA;18.002;FUNDO MUNICIPAL DE SAUDE;2.642;MANUTENÇÃO DA REDE DE ATENÇÃO PSICOSSOCIAL - RAPS;3;MEDIA E ALTA COMPLEXIDADE ASSISTENCIAL;10;Saúde;302;Assistência Hospitalar e Ambulatorial;166;3.3.90.30.00.00.00.00;MATERIAL DE CONSUMO;2.621.000.0000;TRANSFERÊNCIAS FUNDO A FUNDO DE RECURSOS DO SUS PROVENIENTES DO GOVERNO ESTADUAL;17.577,01
FUNDO MUNICIPAL DE SAÚDE DE BARBACENA;18.002;FUNDO MUNICIPAL DE SAUDE;2.642;MANUTENÇÃO DA REDE DE ATENÇÃO PSICOSSOCIAL - RAPS;3;MEDIA E ALTA COMPLEXIDADE ASSISTENCIAL;10;Saúde;302;Assistência Hospitalar e Ambulatorial;167;3.3.90.36.00.00.00.00;OUTROS SERVIÇOS DE TERCEIROS - PESSOA FÍSICA;1.500.000.1002;RECURSOS NÃO VINCULADOS DE IMPOSTOS (SAÚDE);0,01
FUNDO MUNICIPAL DE SAÚDE DE BARBACENA;18.002;FUNDO MUNICIPAL DE SAUDE;2.642;MANUTENÇÃO DA REDE DE ATENÇÃO PSICOSSOCIAL - RAPS;3;MEDIA E ALTA COMPLEXIDADE ASSISTENCIAL;10;Saúde;302;Assistência Hospitalar e Ambulatorial;167;3.3.90.36.00.00.00.00;OUTROS SERVIÇOS DE TERCEIROS - PESSOA FÍSICA;1.600.000.0000;TRANSFERÊNCIAS FUNDO A FUNDO DE RECURSOS DO SUS PROVENIENTES DO GOVERNO FEDERAL - BLOCO DE MANUTENÇÃO DAS AÇÕES E SERVIÇOS PÚBLICOS DE SAÚDE;0,00
FUNDO MUNICIPAL DE SAÚDE DE BARBACENA;18.002;FUNDO MUNICIPAL DE SAUDE;2.642;MANUTENÇÃO DA REDE DE ATENÇÃO PSICOSSOCIAL - RAPS;3;MEDIA E ALTA COMPLEXIDADE ASSISTENCIAL;10;Saúde;302;Assistência Hospitalar e Ambulatorial;167;3.3.90.36.00.00.00.00;OUTROS SERVIÇOS DE TERCEIROS - PESSOA FÍSICA;1.621.000.0000;TRANSFERÊNCIAS FUNDO A FUNDO DE RECURSOS DO SUS PROVENIENTES DO GOVERNO ESTADUAL;500,00
FUNDO MUNICIPAL DE SAÚDE DE BARBACENA;18.002;FUNDO MUNICIPAL DE SAUDE;2.642;MANUTENÇÃO DA REDE DE ATENÇÃO PSICOSSOCIAL - RAPS;3;MEDIA E ALTA COMPLEXIDADE ASSISTENCIAL;10;Saúde;302;Assistência Hospitalar e Ambulatorial;167;3.3.90.36.00.00.00.00;OUTROS SERVIÇOS DE TERCEIROS - PESSOA FÍSICA;2.600.000.0000;TRANSFERÊNCIAS FUNDO A FUNDO DE RECURSOS DO SUS PROVENIENTES DO GOVERNO FEDERAL - BLOCO DE MANUTENÇÃO DAS AÇÕES E SERVIÇOS PÚBLICOS DE SAÚDE;0,01
FUNDO MUNICIPAL DE SAÚDE DE BARBACENA;18.002;FUNDO MUNICIPAL DE SAUDE;2.642;MANUTENÇÃO DA REDE DE ATENÇÃO PSICOSSOCIAL - RAPS;3;MEDIA E ALTA COMPLEXIDADE ASSISTENCIAL;10;Saúde;302;Assistência Hospitalar e Ambulatorial;167;3.3.90.36.00.00.00.00;OUTROS SERVIÇOS DE TERCEIROS - PESSOA FÍSICA;2.621.000.0000;TRANSFERÊNCIAS FUNDO A FUNDO DE RECURSOS DO SUS PROVENIENTES DO GOVERNO ESTADUAL;0,01
FUNDO MUNICIPAL DE SAÚDE DE BARBACENA;18.002;FUNDO MUNICIPAL DE SAUDE;2.642;MANUTENÇÃO DA REDE DE ATENÇÃO PSICOSSOCIAL - RAPS;3;MEDIA E ALTA COMPLEXIDADE ASSISTENCIAL;10;Saúde;302;Assistência Hospitalar e Ambulatorial;168;3.3.90.39.00.00.00.00;OUTROS SERVIÇOS DE TERCEIROS - PESSOA JURÍDICA;1.500.000.1002;RECURSOS NÃO VINCULADOS DE IMPOSTOS (SAÚDE);20.000,00
FUNDO MUNICIPAL DE SAÚDE DE BARBACENA;18.002;FUNDO MUNICIPAL DE SAUDE;2.642;MANUTENÇÃO DA REDE DE ATENÇÃO PSICOSSOCIAL - RAPS;3;MEDIA E ALTA COMPLEXIDADE ASSISTENCIAL;10;Saúde;302;Assistência Hospitalar e Ambulatorial;168;3.3.90.39.00.00.00.00;OUTROS SERVIÇOS DE TERCEIROS - PESSOA JURÍDICA;1.600.000.0000;TRANSFERÊNCIAS FUNDO A FUNDO DE RECURSOS DO SUS PROVENIENTES DO GOVERNO FEDERAL - BLOCO DE MANUTENÇÃO DAS AÇÕES E SERVIÇOS PÚBLICOS DE SAÚDE;5.321.972,03
FUNDO MUNICIPAL DE SAÚDE DE BARBACENA;18.002;FUNDO MUNICIPAL DE SAUDE;2.642;MANUTENÇÃO DA REDE DE ATENÇÃO PSICOSSOCIAL - RAPS;3;MEDIA E ALTA COMPLEXIDADE ASSISTENCIAL;10;Saúde;302;Assistência Hospitalar e Ambulatorial;168;3.3.90.39.00.00.00.00;OUTROS SERVIÇOS DE TERCEIROS - PESSOA JURÍDICA;1.621.000.0000;TRANSFERÊNCIAS FUNDO A FUNDO DE RECURSOS DO SUS PROVENIENTES DO GOVERNO ESTADUAL;104.980,60
FUNDO MUNICIPAL DE SAÚDE DE BARBACENA;18.002;FUNDO MUNICIPAL DE SAUDE;2.642;MANUTENÇÃO DA REDE DE ATENÇÃO PSICOSSOCIAL - RAPS;3;MEDIA E ALTA COMPLEXIDADE ASSISTENCIAL;10;Saúde;302;Assistência Hospitalar e Ambulatorial;168;3.3.90.39.00.00.00.00;OUTROS SERVIÇOS DE TERCEIROS - PESSOA JURÍDICA;2.600.000.0000;TRANSFERÊNCIAS FUNDO A FUNDO DE RECURSOS DO SUS PROVENIENTES DO GOVERNO FEDERAL - BLOCO DE MANUTENÇÃO DAS AÇÕES E SERVIÇOS PÚBLICOS DE SAÚDE;26.804,76
FUNDO MUNICIPAL DE SAÚDE DE BARBACENA;18.002;FUNDO MUNICIPAL DE SAUDE;2.642;MANUTENÇÃO DA REDE DE ATENÇÃO PSICOSSOCIAL - RAPS;3;MEDIA E ALTA COMPLEXIDADE ASSISTENCIAL;10;Saúde;302;Assistência Hospitalar e Ambulatorial;168;3.3.90.39.00.00.00.00;OUTROS SERVIÇOS DE TERCEIROS - PESSOA JURÍDICA;2.621.000.0000;TRANSFERÊNCIAS FUNDO A FUNDO DE RECURSOS DO SUS PROVENIENTES DO GOVERNO ESTADUAL;2.624.555,77
FUNDO MUNICIPAL DE SAÚDE DE BARBACENA;18.002;FUNDO MUNICIPAL DE SAUDE;2.642;MANUTENÇÃO DA REDE DE ATENÇÃO PSICOSSOCIAL - RAPS;3;MEDIA E ALTA COMPLEXIDADE ASSISTENCIAL;10;Saúde;302;Assistência Hospitalar e Ambulatorial;169;3.3.90.40.00.00.00.00;SERVIÇOS DE TECNOLOGIA DA INFORMAÇÃO E COMUNICAÇ;1.600.000.0000;TRANSFERÊNCIAS FUNDO A FUNDO DE RECURSOS DO SUS PROVENIENTES DO GOVERNO FEDERAL - BLOCO DE MANUTENÇÃO DAS AÇÕES E SERVIÇOS PÚBLICOS DE SAÚDE;0,00
FUNDO MUNICIPAL DE SAÚDE DE BARBACENA;18.002;FUNDO MUNICIPAL DE SAUDE;2.642;MANUTENÇÃO DA REDE DE ATENÇÃO PSICOSSOCIAL - RAPS;3;MEDIA E ALTA COMPLEXIDADE ASSISTENCIAL;10;Saúde;302;Assistência Hospitalar e Ambulatorial;170;3.3.90.46.00.00.00.00;AUXÍLIO-ALIMENTAÇÃO;1.500.000.1002;RECURSOS NÃO VINCULADOS DE IMPOSTOS (SAÚDE);0,00
FUNDO MUNICIPAL DE SAÚDE DE BARBACENA;18.002;FUNDO MUNICIPAL DE SAUDE;2.642;MANUTENÇÃO DA REDE DE ATENÇÃO PSICOSSOCIAL - RAPS;3;MEDIA E ALTA COMPLEXIDADE ASSISTENCIAL;10;Saúde;302;Assistência Hospitalar e Ambulatorial;170;3.3.90.46.00.00.00.00;AUXÍLIO-ALIMENTAÇÃO;1.600.000.0000;TRANSFERÊNCIAS FUNDO A FUNDO DE RECURSOS DO SUS PROVENIENTES DO GOVERNO FEDERAL - BLOCO DE MANUTENÇÃO DAS AÇÕES E SERVIÇOS PÚBLICOS DE SAÚDE;54.070,60
FUNDO MUNICIPAL DE SAÚDE DE BARBACENA;18.002;FUNDO MUNICIPAL DE SAUDE;2.642;MANUTENÇÃO DA REDE DE ATENÇÃO PSICOSSOCIAL - RAPS;3;MEDIA E ALTA COMPLEXIDADE ASSISTENCIAL;10;Saúde;302;Assistência Hospitalar e Ambulatorial;170;3.3.90.46.00.00.00.00;AUXÍLIO-ALIMENTAÇÃO;1.621.000.0000;TRANSFERÊNCIAS FUNDO A FUNDO DE RECURSOS DO SUS PROVENIENTES DO GOVERNO ESTADUAL;42.255,00
FUNDO MUNICIPAL DE SAÚDE DE BARBACENA;18.002;FUNDO MUNICIPAL DE SAUDE;2.642;MANUTENÇÃO DA REDE DE ATENÇÃO PSICOSSOCIAL - RAPS;3;MEDIA E ALTA COMPLEXIDADE ASSISTENCIAL;10;Saúde;302;Assistência Hospitalar e Ambulatorial;170;3.3.90.46.00.00.00.00;AUXÍLIO-ALIMENTAÇÃO;2.621.000.0000;TRANSFERÊNCIAS FUNDO A FUNDO DE RECURSOS DO SUS PROVENIENTES DO GOVERNO ESTADUAL;332.189,38
FUNDO MUNICIPAL DE SAÚDE DE BARBACENA;18.002;FUNDO MUNICIPAL DE SAUDE;2.642;MANUTENÇÃO DA REDE DE ATENÇÃO PSICOSSOCIAL - RAPS;3;MEDIA E ALTA COMPLEXIDADE ASSISTENCIAL;10;Saúde;302;Assistência Hospitalar e Ambulatorial;171;4.4.90.51.00.00.00.00;OBRAS E INSTALAÇÕES;1.600.000.0000;TRANSFERÊNCIAS FUNDO A FUNDO DE RECURSOS DO SUS PROVENIENTES DO GOVERNO FEDERAL - BLOCO DE MANUTENÇÃO DAS AÇÕES E SERVIÇOS PÚBLICOS DE SAÚDE;0,00
FUNDO MUNICIPAL DE SAÚDE DE BARBACENA;18.002;FUNDO MUNICIPAL DE SAUDE;2.642;MANUTENÇÃO DA REDE DE ATENÇÃO PSICOSSOCIAL - RAPS;3;MEDIA E ALTA COMPLEXIDADE ASSISTENCIAL;10;Saúde;302;Assistência Hospitalar e Ambulatorial;171;4.4.90.51.00.00.00.00;OBRAS E INSTALAÇÕES;1.621.000.0000;TRANSFERÊNCIAS FUNDO A FUNDO DE RECURSOS DO SUS PROVENIENTES DO GOVERNO ESTADUAL;1.000,00
FUNDO MUNICIPAL DE SAÚDE DE BARBACENA;18.002;FUNDO MUNICIPAL DE SAUDE;2.642;MANUTENÇÃO DA REDE DE ATENÇÃO PSICOSSOCIAL - RAPS;3;MEDIA E ALTA COMPLEXIDADE ASSISTENCIAL;10;Saúde;302;Assistência Hospitalar e Ambulatorial;172;4.4.90.52.00.00.00.00;EQUIPAMENTOS E MATERIAL PERMANENTE;1.600.000.0000;TRANSFERÊNCIAS FUNDO A FUNDO DE RECURSOS DO SUS PROVENIENTES DO GOVERNO FEDERAL - BLOCO DE MANUTENÇÃO DAS AÇÕES E SERVIÇOS PÚBLICOS DE SAÚDE;0,00
FUNDO MUNICIPAL DE SAÚDE DE BARBACENA;18.002;FUNDO MUNICIPAL DE SAUDE;2.642;MANUTENÇÃO DA REDE DE ATENÇÃO PSICOSSOCIAL - RAPS;3;MEDIA E ALTA COMPLEXIDADE ASSISTENCIAL;10;Saúde;302;Assistência Hospitalar e Ambulatorial;172;4.4.90.52.00.00.00.00;EQUIPAMENTOS E MATERIAL PERMANENTE;1.621.000.0000;TRANSFERÊNCIAS FUNDO A FUNDO DE RECURSOS DO SUS PROVENIENTES DO GOVERNO ESTADUAL;1.000,00
FUNDO MUNICIPAL DE SAÚDE DE BARBACENA;18.002;FUNDO MUNICIPAL DE SAUDE;2.642;MANUTENÇÃO DA REDE DE ATENÇÃO PSICOSSOCIAL - RAPS;3;MEDIA E ALTA COMPLEXIDADE ASSISTENCIAL;10;Saúde;302;Assistência Hospitalar e Ambulatorial;172;4.4.90.52.00.00.00.00;EQUIPAMENTOS E MATERIAL PERMANENTE;2.601.000.0000;TRANSFERÊNCIAS FUNDO A FUNDO DE RECURSOS DO SUS PROVENIENTES DO GOVERNO FEDERAL. BLOCO DE ESTRUTURAÇÃO DA REDE DE SERVIÇOS PÚBLICOS DE SAÚDE;0,10
FUNDO MUNICIPAL DE SAÚDE DE BARBACENA;18.002;FUNDO MUNICIPAL DE SAUDE;2.642;MANUTENÇÃO DA REDE DE ATENÇÃO PSICOSSOCIAL - RAPS;3;MEDIA E ALTA COMPLEXIDADE ASSISTENCIAL;10;Saúde;302;Assistência Hospitalar e Ambulatorial;172;4.4.90.52.00.00.00.00;EQUIPAMENTOS E MATERIAL PERMANENTE;2.621.000.0000;TRANSFERÊNCIAS FUNDO A FUNDO DE RECURSOS DO SUS PROVENIENTES DO GOVERNO ESTADUAL;859.874,15
FUNDO MUNICIPAL DE SAÚDE DE BARBACENA;18.002;FUNDO MUNICIPAL DE SAUDE;2.642;MANUTENÇÃO DA REDE DE ATENÇÃO PSICOSSOCIAL - RAPS;3;MEDIA E ALTA COMPLEXIDADE ASSISTENCIAL;10;Saúde;302;Assistência Hospitalar e Ambulatorial;466;3.3.90.93.00.00.00.00;INDENIZAÇÕES E RESTITUIÇÕES;1.621.000.0000;TRANSFERÊNCIAS FUNDO A FUNDO DE RECURSOS DO SUS PROVENIENTES DO GOVERNO ESTADUAL;12.508,38
FUNDO MUNICIPAL DE SAÚDE DE BARBACENA;18.002;FUNDO MUNICIPAL DE SAUDE;2.642;MANUTENÇÃO DA REDE DE ATENÇÃO PSICOSSOCIAL - RAPS;3;MEDIA E ALTA COMPLEXIDADE ASSISTENCIAL;10;Saúde;302;Assistência Hospitalar e Ambulatorial;466;3.3.90.93.00.00.00.00;INDENIZAÇÕES E RESTITUIÇÕES;2.621.000.0000;TRANSFERÊNCIAS FUNDO A FUNDO DE RECURSOS DO SUS PROVENIENTES DO GOVERNO ESTADUAL;442.680,29
FUNDO MUNICIPAL DE SAÚDE DE BARBACENA;18.002;FUNDO MUNICIPAL DE SAUDE;2.642;MANUTENÇÃO DA REDE DE ATENÇÃO PSICOSSOCIAL - RAPS;3;MEDIA E ALTA COMPLEXIDADE ASSISTENCIAL;10;Saúde;302;Assistência Hospitalar e Ambulatorial;483;3.3.90.08.00.00.00.00;OUTROS BENEFÍCIOS ASSISTENCIAIS-SERVIDOR/MILITAR;1.600.000.0000;TRANSFERÊNCIAS FUNDO A FUNDO DE RECURSOS DO SUS PROVENIENTES DO GOVERNO FEDERAL - BLOCO DE MANUTENÇÃO DAS AÇÕES E SERVIÇOS PÚBLICOS DE SAÚDE;138,60
FUNDO MUNICIPAL DE SAÚDE DE BARBACENA;18.002;FUNDO MUNICIPAL DE SAUDE;2.642;MANUTENÇÃO DA REDE DE ATENÇÃO PSICOSSOCIAL - RAPS;3;MEDIA E ALTA COMPLEXIDADE ASSISTENCIAL;10;Saúde;302;Assistência Hospitalar e Ambulatorial;483;3.3.90.08.00.00.00.00;OUTROS BENEFÍCIOS ASSISTENCIAIS-SERVIDOR/MILITAR;1.621.000.0000;TRANSFERÊNCIAS FUNDO A FUNDO DE RECURSOS DO SUS PROVENIENTES DO GOVERNO ESTADUAL;500,00
FUNDO MUNICIPAL DE SAÚDE DE BARBACENA;18.002;FUNDO MUNICIPAL DE SAUDE;2.642;MANUTENÇÃO DA REDE DE ATENÇÃO PSICOSSOCIAL - RAPS;3;MEDIA E ALTA COMPLEXIDADE ASSISTENCIAL;10;Saúde;302;Assistência Hospitalar e Ambulatorial;483;3.3.90.08.00.00.00.00;OUTROS BENEFÍCIOS ASSISTENCIAIS-SERVIDOR/MILITAR;2.621.000.0000;TRANSFERÊNCIAS FUNDO A FUNDO DE RECURSOS DO SUS PROVENIENTES DO GOVERNO ESTADUAL;66,10
FUNDO MUNICIPAL DE SAÚDE DE BARBACENA;18.002;FUNDO MUNICIPAL DE SAUDE;2.654;MANUTENÇÃO DA REDE DE ATENÇÃO ESPECIALIZADA;3;MEDIA E ALTA COMPLEXIDADE ASSISTENCIAL;10;Saúde;302;Assistência Hospitalar e Ambulatorial;173;3.3.50.41.00.00.00.00;CONTRIBUIÇÕES;1.500.000.1002;RECURSOS NÃO VINCULADOS DE IMPOSTOS (SAÚDE);0,00
FUNDO MUNICIPAL DE SAÚDE DE BARBACENA;18.002;FUNDO MUNICIPAL DE SAUDE;2.654;MANUTENÇÃO DA REDE DE ATENÇÃO ESPECIALIZADA;3;MEDIA E ALTA COMPLEXIDADE ASSISTENCIAL;10;Saúde;302;Assistência Hospitalar e Ambulatorial;173;3.3.50.41.00.00.00.00;CONTRIBUIÇÕES;1.600.000.0000;TRANSFERÊNCIAS FUNDO A FUNDO DE RECURSOS DO SUS PROVENIENTES DO GOVERNO FEDERAL - BLOCO DE MANUTENÇÃO DAS AÇÕES E SERVIÇOS PÚBLICOS DE SAÚDE;4.792.525,46
FUNDO MUNICIPAL DE SAÚDE DE BARBACENA;18.002;FUNDO MUNICIPAL DE SAUDE;2.654;MANUTENÇÃO DA REDE DE ATENÇÃO ESPECIALIZADA;3;MEDIA E ALTA COMPLEXIDADE ASSISTENCIAL;10;Saúde;302;Assistência Hospitalar e Ambulatorial;173;3.3.50.41.00.00.00.00;CONTRIBUIÇÕES;1.605.000.0000;ASSISTÊNCIA FINANCEIRA DA UNIÃO DESTINADA À COMPLEMENTAÇÃO AO PAGAMENTO DOS PISOS SALARIAIS PARA PROFISSIONAIS DA ENFERMAGEM.;8.871.647,39
FUNDO MUNICIPAL DE SAÚDE DE BARBACENA;18.002;FUNDO MUNICIPAL DE SAUDE;2.654;MANUTENÇÃO DA REDE DE ATENÇÃO ESPECIALIZADA;3;MEDIA E ALTA COMPLEXIDADE ASSISTENCIAL;10;Saúde;302;Assistência Hospitalar e Ambulatorial;173;3.3.50.41.00.00.00.00;CONTRIBUIÇÕES;1.621.000.0000;TRANSFERÊNCIAS FUNDO A FUNDO DE RECURSOS DO SUS PROVENIENTES DO GOVERNO ESTADUAL;1.654.529,84
FUNDO MUNICIPAL DE SAÚDE DE BARBACENA;18.002;FUNDO MUNICIPAL DE SAUDE;2.654;MANUTENÇÃO DA REDE DE ATENÇÃO ESPECIALIZADA;3;MEDIA E ALTA COMPLEXIDADE ASSISTENCIAL;10;Saúde;302;Assistência Hospitalar e Ambulatorial;173;3.3.50.41.00.00.00.00;CONTRIBUIÇÕES;1.706.000.0000;TRANSFERÊNCIA ESPECIAL DA UNIÃO BANCADA;450.000,00
FUNDO MUNICIPAL DE SAÚDE DE BARBACENA;18.002;FUNDO MUNICIPAL DE SAUDE;2.654;MANUTENÇÃO DA REDE DE ATENÇÃO ESPECIALIZADA;3;MEDIA E ALTA COMPLEXIDADE ASSISTENCIAL;10;Saúde;302;Assistência Hospitalar e Ambulatorial;173;3.3.50.41.00.00.00.00;CONTRIBUIÇÕES;1.706.000.3110;TRANSFERÊNCIA ESPECIAL DA UNIÃO - TRANSFERÊNCIAS DA UNIÃO DECORRENTES DE EMENDAS PARLAMENTARES INDIVIDUAIS;1.400.000,00
FUNDO MUNICIPAL DE SAÚDE DE BARBACENA;18.002;FUNDO MUNICIPAL DE SAUDE;2.654;MANUTENÇÃO DA REDE DE ATENÇÃO ESPECIALIZADA;3;MEDIA E ALTA COMPLEXIDADE ASSISTENCIAL;10;Saúde;302;Assistência Hospitalar e Ambulatorial;173;3.3.50.41.00.00.00.00;CONTRIBUIÇÕES;2.600.000.0000;TRANSFERÊNCIAS FUNDO A FUNDO DE RECURSOS DO SUS PROVENIENTES DO GOVERNO FEDERAL - BLOCO DE MANUTENÇÃO DAS AÇÕES E SERVIÇOS PÚBLICOS DE SAÚDE;541.088,48
FUNDO MUNICIPAL DE SAÚDE DE BARBACENA;18.002;FUNDO MUNICIPAL DE SAUDE;2.654;MANUTENÇÃO DA REDE DE ATENÇÃO ESPECIALIZADA;3;MEDIA E ALTA COMPLEXIDADE ASSISTENCIAL;10;Saúde;302;Assistência Hospitalar e Ambulatorial;173;3.3.50.41.00.00.00.00;CONTRIBUIÇÕES;2.621.000.0000;TRANSFERÊNCIAS FUNDO A FUNDO DE RECURSOS DO SUS PROVENIENTES DO GOVERNO ESTADUAL;267.144,00
FUNDO MUNICIPAL DE SAÚDE DE BARBACENA;18.002;FUNDO MUNICIPAL DE SAUDE;2.654;MANUTENÇÃO DA REDE DE ATENÇÃO ESPECIALIZADA;3;MEDIA E ALTA COMPLEXIDADE ASSISTENCIAL;10;Saúde;302;Assistência Hospitalar e Ambulatorial;173;3.3.50.41.00.00.00.00;CONTRIBUIÇÕES;2.706.000.0000;TRANSFERÊNCIA ESPECIAL DA UNIÃO;85.300,00
FUNDO MUNICIPAL DE SAÚDE DE BARBACENA;18.002;FUNDO MUNICIPAL DE SAUDE;2.654;MANUTENÇÃO DA REDE DE ATENÇÃO ESPECIALIZADA;3;MEDIA E ALTA COMPLEXIDADE ASSISTENCIAL;10;Saúde;302;Assistência Hospitalar e Ambulatorial;174;3.3.90.39.00.00.00.00;OUTROS SERVIÇOS DE TERCEIROS - PESSOA JURÍDICA;1.500.000.1002;RECURSOS NÃO VINCULADOS DE IMPOSTOS (SAÚDE);7.545.436,44
FUNDO MUNICIPAL DE SAÚDE DE BARBACENA;18.002;FUNDO MUNICIPAL DE SAUDE;2.654;MANUTENÇÃO DA REDE DE ATENÇÃO ESPECIALIZADA;3;MEDIA E ALTA COMPLEXIDADE ASSISTENCIAL;10;Saúde;302;Assistência Hospitalar e Ambulatorial;174;3.3.90.39.00.00.00.00;OUTROS SERVIÇOS DE TERCEIROS - PESSOA JURÍDICA;1.600.000.0000;TRANSFERÊNCIAS FUNDO A FUNDO DE RECURSOS DO SUS PROVENIENTES DO GOVERNO FEDERAL - BLOCO DE MANUTENÇÃO DAS AÇÕES E SERVIÇOS PÚBLICOS DE SAÚDE;62.596.203,97
FUNDO MUNICIPAL DE SAÚDE DE BARBACENA;18.002;FUNDO MUNICIPAL DE SAUDE;2.654;MANUTENÇÃO DA REDE DE ATENÇÃO ESPECIALIZADA;3;MEDIA E ALTA COMPLEXIDADE ASSISTENCIAL;10;Saúde;302;Assistência Hospitalar e Ambulatorial;174;3.3.90.39.00.00.00.00;OUTROS SERVIÇOS DE TERCEIROS - PESSOA JURÍDICA;1.621.000.0000;TRANSFERÊNCIAS FUNDO A FUNDO DE RECURSOS DO SUS PROVENIENTES DO GOVERNO ESTADUAL;16.695.025,70
FUNDO MUNICIPAL DE SAÚDE DE BARBACENA;18.002;FUNDO MUNICIPAL DE SAUDE;2.654;MANUTENÇÃO DA REDE DE ATENÇÃO ESPECIALIZADA;3;MEDIA E ALTA COMPLEXIDADE ASSISTENCIAL;10;Saúde;302;Assistência Hospitalar e Ambulatorial;174;3.3.90.39.00.00.00.00;OUTROS SERVIÇOS DE TERCEIROS - PESSOA JURÍDICA;2.707.000.0000;TRANSFERÊNCIAS DA UNIÃO – INCISO I DO ART. 5º DA LEI COMPLEMENTAR 273/2020;98.514,30
FUNDO MUNICIPAL DE SAÚDE DE BARBACENA;18.002;FUNDO MUNICIPAL DE SAUDE;2.654;MANUTENÇÃO DA REDE DE ATENÇÃO ESPECIALIZADA;3;MEDIA E ALTA COMPLEXIDADE ASSISTENCIAL;10;Saúde;302;Assistência Hospitalar e Ambulatorial;175;3.3.90.93.00.00.00.00;INDENIZAÇÕES E RESTITUIÇÕES;1.621.000.0000;TRANSFERÊNCIAS FUNDO A FUNDO DE RECURSOS DO SUS PROVENIENTES DO GOVERNO ESTADUAL;115.877,90
FUNDO MUNICIPAL DE SAÚDE DE BARBACENA;18.002;FUNDO MUNICIPAL DE SAUDE;2.654;MANUTENÇÃO DA REDE DE ATENÇÃO ESPECIALIZADA;3;MEDIA E ALTA COMPLEXIDADE ASSISTENCIAL;10;Saúde;302;Assistência Hospitalar e Ambulatorial;175;3.3.90.93.00.00.00.00;INDENIZAÇÕES E RESTITUIÇÕES;2.621.000.0000;TRANSFERÊNCIAS FUNDO A FUNDO DE RECURSOS DO SUS PROVENIENTES DO GOVERNO ESTADUAL;1.725.440,83
FUNDO MUNICIPAL DE SAÚDE DE BARBACENA;18.002;FUNDO MUNICIPAL DE SAUDE;2.654;MANUTENÇÃO DA REDE DE ATENÇÃO ESPECIALIZADA;3;MEDIA E ALTA COMPLEXIDADE ASSISTENCIAL;10;Saúde;302;Assistência Hospitalar e Ambulatorial;176;4.4.90.51.00.00.00.00;OBRAS E INSTALAÇÕES;1.500.000.1002;RECURSOS NÃO VINCULADOS DE IMPOSTOS (SAÚDE);1.000,00
FUNDO MUNICIPAL DE SAÚDE DE BARBACENA;18.002;FUNDO MUNICIPAL DE SAUDE;2.654;MANUTENÇÃO DA REDE DE ATENÇÃO ESPECIALIZADA;3;MEDIA E ALTA COMPLEXIDADE ASSISTENCIAL;10;Saúde;302;Assistência Hospitalar e Ambulatorial;177;4.4.90.52.00.00.00.00;EQUIPAMENTOS E MATERIAL PERMANENTE;1.500.000.1002;RECURSOS NÃO VINCULADOS DE IMPOSTOS (SAÚDE);1.000,00
FUNDO MUNICIPAL DE SAÚDE DE BARBACENA;18.002;FUNDO MUNICIPAL DE SAUDE;2.654;MANUTENÇÃO DA REDE DE ATENÇÃO ESPECIALIZADA;3;MEDIA E ALTA COMPLEXIDADE ASSISTENCIAL;10;Saúde;302;Assistência Hospitalar e Ambulatorial;177;4.4.90.52.00.00.00.00;EQUIPAMENTOS E MATERIAL PERMANENTE;2.621.000.0000;TRANSFERÊNCIAS FUNDO A FUNDO DE RECURSOS DO SUS PROVENIENTES DO GOVERNO ESTADUAL;69.000,01
FUNDO MUNICIPAL DE SAÚDE DE BARBACENA;18.002;FUNDO MUNICIPAL DE SAUDE;2.654;MANUTENÇÃO DA REDE DE ATENÇÃO ESPECIALIZADA;3;MEDIA E ALTA COMPLEXIDADE ASSISTENCIAL;10;Saúde;302;Assistência Hospitalar e Ambulatorial;481;4.4.50.41.00.00.00.00;CONTRIBUIÇÕES;1.621.000.0000;TRANSFERÊNCIAS FUNDO A FUNDO DE RECURSOS DO SUS PROVENIENTES DO GOVERNO ESTADUAL;1.000.000,00
FUNDO MUNICIPAL DE SAÚDE DE BARBACENA;18.002;FUNDO MUNICIPAL DE SAUDE;2.685;MANUTENÇÃO DO CEM;3;MEDIA E ALTA COMPLEXIDADE ASSISTENCIAL;10;Saúde;302;Assistência Hospitalar e Ambulatorial;178;3.1.90.04.00.00.00.00;CONTRATAÇÃO POR TEMPO DETERMINADO;1.500.000.1002;RECURSOS NÃO VINCULADOS DE IMPOSTOS (SAÚDE);1.811.597,16
FUNDO MUNICIPAL DE SAÚDE DE BARBACENA;18.002;FUNDO MUNICIPAL DE SAUDE;2.685;MANUTENÇÃO DO CEM;3;MEDIA E ALTA COMPLEXIDADE ASSISTENCIAL;10;Saúde;302;Assistência Hospitalar e Ambulatorial;178;3.1.90.04.00.00.00.00;CONTRATAÇÃO POR TEMPO DETERMINADO;1.600.000.0000;TRANSFERÊNCIAS FUNDO A FUNDO DE RECURSOS DO SUS PROVENIENTES DO GOVERNO FEDERAL - BLOCO DE MANUTENÇÃO DAS AÇÕES E SERVIÇOS PÚBLICOS DE SAÚDE;691.400,72
FUNDO MUNICIPAL DE SAÚDE DE BARBACENA;18.002;FUNDO MUNICIPAL DE SAUDE;2.685;MANUTENÇÃO DO CEM;3;MEDIA E ALTA COMPLEXIDADE ASSISTENCIAL;10;Saúde;302;Assistência Hospitalar e Ambulatorial;179;3.1.90.11.00.00.00.00;VENCIMENTOS E VANTAGENS FIXAS - PESSOAL CIVIL;1.500.000.1002;RECURSOS NÃO VINCULADOS DE IMPOSTOS (SAÚDE);1.170.514,83
FUNDO MUNICIPAL DE SAÚDE DE BARBACENA;18.002;FUNDO MUNICIPAL DE SAUDE;2.685;MANUTENÇÃO DO CEM;3;MEDIA E ALTA COMPLEXIDADE ASSISTENCIAL;10;Saúde;302;Assistência Hospitalar e Ambulatorial;179;3.1.90.11.00.00.00.00;VENCIMENTOS E VANTAGENS FIXAS - PESSOAL CIVIL;1.600.000.0000;TRANSFERÊNCIAS FUNDO A FUNDO DE RECURSOS DO SUS PROVENIENTES DO GOVERNO FEDERAL - BLOCO DE MANUTENÇÃO DAS AÇÕES E SERVIÇOS PÚBLICOS DE SAÚDE;432.513,22
FUNDO MUNICIPAL DE SAÚDE DE BARBACENA;18.002;FUNDO MUNICIPAL DE SAUDE;2.685;MANUTENÇÃO DO CEM;3;MEDIA E ALTA COMPLEXIDADE ASSISTENCIAL;10;Saúde;302;Assistência Hospitalar e Ambulatorial;180;3.1.91.13.00.00.00.00;OBRIGAÇÕES PATRONAIS;1.500.000.1002;RECURSOS NÃO VINCULADOS DE IMPOSTOS (SAÚDE);314.197,49
FUNDO MUNICIPAL DE SAÚDE DE BARBACENA;18.002;FUNDO MUNICIPAL DE SAUDE;2.685;MANUTENÇÃO DO CEM;3;MEDIA E ALTA COMPLEXIDADE ASSISTENCIAL;10;Saúde;302;Assistência Hospitalar e Ambulatorial;180;3.1.91.13.00.00.00.00;OBRIGAÇÕES PATRONAIS;1.600.000.0000;TRANSFERÊNCIAS FUNDO A FUNDO DE RECURSOS DO SUS PROVENIENTES DO GOVERNO FEDERAL - BLOCO DE MANUTENÇÃO DAS AÇÕES E SERVIÇOS PÚBLICOS DE SAÚDE;109.723,90
FUNDO MUNICIPAL DE SAÚDE DE BARBACENA;18.002;FUNDO MUNICIPAL DE SAUDE;2.685;MANUTENÇÃO DO CEM;3;MEDIA E ALTA COMPLEXIDADE ASSISTENCIAL;10;Saúde;302;Assistência Hospitalar e Ambulatorial;181;3.3.90.08.00.00.00.00;OUTROS BENEFÍCIOS ASSISTENCIAIS-SERVIDOR/MILITAR;1.500.000.1002;RECURSOS NÃO VINCULADOS DE IMPOSTOS (SAÚDE);1.232,00
FUNDO MUNICIPAL DE SAÚDE DE BARBACENA;18.002;FUNDO MUNICIPAL DE SAUDE;2.685;MANUTENÇÃO DO CEM;3;MEDIA E ALTA COMPLEXIDADE ASSISTENCIAL;10;Saúde;302;Assistência Hospitalar e Ambulatorial;181;3.3.90.08.00.00.00.00;OUTROS BENEFÍCIOS ASSISTENCIAIS-SERVIDOR/MILITAR;1.600.000.0000;TRANSFERÊNCIAS FUNDO A FUNDO DE RECURSOS DO SUS PROVENIENTES DO GOVERNO FEDERAL - BLOCO DE MANUTENÇÃO DAS AÇÕES E SERVIÇOS PÚBLICOS DE SAÚDE;2.000,00
FUNDO MUNICIPAL DE SAÚDE DE BARBACENA;18.002;FUNDO MUNICIPAL DE SAUDE;2.685;MANUTENÇÃO DO CEM;3;MEDIA E ALTA COMPLEXIDADE ASSISTENCIAL;10;Saúde;302;Assistência Hospitalar e Ambulatorial;182;3.3.90.14.00.00.00.00;DIÁRIAS - PESSOAL CIVIL;1.500.000.1002;RECURSOS NÃO VINCULADOS DE IMPOSTOS (SAÚDE);200,00
FUNDO MUNICIPAL DE SAÚDE DE BARBACENA;18.002;FUNDO MUNICIPAL DE SAUDE;2.685;MANUTENÇÃO DO CEM;3;MEDIA E ALTA COMPLEXIDADE ASSISTENCIAL;10;Saúde;302;Assistência Hospitalar e Ambulatorial;183;3.3.90.18.00.00.00.00;AUXÍLIO FINANCEIRO A ESTUDANTES;1.500.000.1002;RECURSOS NÃO VINCULADOS DE IMPOSTOS (SAÚDE);1.111,75
FUNDO MUNICIPAL DE SAÚDE DE BARBACENA;18.002;FUNDO MUNICIPAL DE SAUDE;2.685;MANUTENÇÃO DO CEM;3;MEDIA E ALTA COMPLEXIDADE ASSISTENCIAL;10;Saúde;302;Assistência Hospitalar e Ambulatorial;183;3.3.90.18.00.00.00.00;AUXÍLIO FINANCEIRO A ESTUDANTES;1.600.000.0000;TRANSFERÊNCIAS FUNDO A FUNDO DE RECURSOS DO SUS PROVENIENTES DO GOVERNO FEDERAL - BLOCO DE MANUTENÇÃO DAS AÇÕES E SERVIÇOS PÚBLICOS DE SAÚDE;500,00
FUNDO MUNICIPAL DE SAÚDE DE BARBACENA;18.002;FUNDO MUNICIPAL DE SAUDE;2.685;MANUTENÇÃO DO CEM;3;MEDIA E ALTA COMPLEXIDADE ASSISTENCIAL;10;Saúde;302;Assistência Hospitalar e Ambulatorial;184;3.3.90.30.00.00.00.00;MATERIAL DE CONSUMO;1.500.000.1002;RECURSOS NÃO VINCULADOS DE IMPOSTOS (SAÚDE);33.935,86
FUNDO MUNICIPAL DE SAÚDE DE BARBACENA;18.002;FUNDO MUNICIPAL DE SAUDE;2.685;MANUTENÇÃO DO CEM;3;MEDIA E ALTA COMPLEXIDADE ASSISTENCIAL;10;Saúde;302;Assistência Hospitalar e Ambulatorial;184;3.3.90.30.00.00.00.00;MATERIAL DE CONSUMO;1.600.000.0000;TRANSFERÊNCIAS FUNDO A FUNDO DE RECURSOS DO SUS PROVENIENTES DO GOVERNO FEDERAL - BLOCO DE MANUTENÇÃO DAS AÇÕES E SERVIÇOS PÚBLICOS DE SAÚDE;231,00
FUNDO MUNICIPAL DE SAÚDE DE BARBACENA;18.002;FUNDO MUNICIPAL DE SAUDE;2.685;MANUTENÇÃO DO CEM;3;MEDIA E ALTA COMPLEXIDADE ASSISTENCIAL;10;Saúde;302;Assistência Hospitalar e Ambulatorial;184;3.3.90.30.00.00.00.00;MATERIAL DE CONSUMO;2.600.000.0000;TRANSFERÊNCIAS FUNDO A FUNDO DE RECURSOS DO SUS PROVENIENTES DO GOVERNO FEDERAL - BLOCO DE MANUTENÇÃO DAS AÇÕES E SERVIÇOS PÚBLICOS DE SAÚDE;20.848,02
FUNDO MUNICIPAL DE SAÚDE DE BARBACENA;18.002;FUNDO MUNICIPAL DE SAUDE;2.685;MANUTENÇÃO DO CEM;3;MEDIA E ALTA COMPLEXIDADE ASSISTENCIAL;10;Saúde;302;Assistência Hospitalar e Ambulatorial;185;3.3.90.39.00.00.00.00;OUTROS SERVIÇOS DE TERCEIROS - PESSOA JURÍDICA;1.500.000.1002;RECURSOS NÃO VINCULADOS DE IMPOSTOS (SAÚDE);316.281,01
FUNDO MUNICIPAL DE SAÚDE DE BARBACENA;18.002;FUNDO MUNICIPAL DE SAUDE;2.685;MANUTENÇÃO DO CEM;3;MEDIA E ALTA COMPLEXIDADE ASSISTENCIAL;10;Saúde;302;Assistência Hospitalar e Ambulatorial;185;3.3.90.39.00.00.00.00;OUTROS SERVIÇOS DE TERCEIROS - PESSOA JURÍDICA;1.600.000.0000;TRANSFERÊNCIAS FUNDO A FUNDO DE RECURSOS DO SUS PROVENIENTES DO GOVERNO FEDERAL - BLOCO DE MANUTENÇÃO DAS AÇÕES E SERVIÇOS PÚBLICOS DE SAÚDE;463,50
FUNDO MUNICIPAL DE SAÚDE DE BARBACENA;18.002;FUNDO MUNICIPAL DE SAUDE;2.685;MANUTENÇÃO DO CEM;3;MEDIA E ALTA COMPLEXIDADE ASSISTENCIAL;10;Saúde;302;Assistência Hospitalar e Ambulatorial;185;3.3.90.39.00.00.00.00;OUTROS SERVIÇOS DE TERCEIROS - PESSOA JURÍDICA;2.600.000.0000;TRANSFERÊNCIAS FUNDO A FUNDO DE RECURSOS DO SUS PROVENIENTES DO GOVERNO FEDERAL - BLOCO DE MANUTENÇÃO DAS AÇÕES E SERVIÇOS PÚBLICOS DE SAÚDE;13.175,20
FUNDO MUNICIPAL DE SAÚDE DE BARBACENA;18.002;FUNDO MUNICIPAL DE SAUDE;2.685;MANUTENÇÃO DO CEM;3;MEDIA E ALTA COMPLEXIDADE ASSISTENCIAL;10;Saúde;302;Assistência Hospitalar e Ambulatorial;186;3.3.90.40.00.00.00.00;SERVIÇOS DE TECNOLOGIA DA INFORMAÇÃO E COMUNICAÇ;1.500.000.1002;RECURSOS NÃO VINCULADOS DE IMPOSTOS (SAÚDE);0,00
FUNDO MUNICIPAL DE SAÚDE DE BARBACENA;18.002;FUNDO MUNICIPAL DE SAUDE;2.685;MANUTENÇÃO DO CEM;3;MEDIA E ALTA COMPLEXIDADE ASSISTENCIAL;10;Saúde;302;Assistência Hospitalar e Ambulatorial;187;3.3.90.46.00.00.00.00;AUXÍLIO-ALIMENTAÇÃO;1.500.000.1002;RECURSOS NÃO VINCULADOS DE IMPOSTOS (SAÚDE);195.304,97
FUNDO MUNICIPAL DE SAÚDE DE BARBACENA;18.002;FUNDO MUNICIPAL DE SAUDE;2.685;MANUTENÇÃO DO CEM;3;MEDIA E ALTA COMPLEXIDADE ASSISTENCIAL;10;Saúde;302;Assistência Hospitalar e Ambulatorial;187;3.3.90.46.00.00.00.00;AUXÍLIO-ALIMENTAÇÃO;1.600.000.0000;TRANSFERÊNCIAS FUNDO A FUNDO DE RECURSOS DO SUS PROVENIENTES DO GOVERNO FEDERAL - BLOCO DE MANUTENÇÃO DAS AÇÕES E SERVIÇOS PÚBLICOS DE SAÚDE;84.259,23
FUNDO MUNICIPAL DE SAÚDE DE BARBACENA;18.002;FUNDO MUNICIPAL DE SAUDE;2.685;MANUTENÇÃO DO CEM;3;MEDIA E ALTA COMPLEXIDADE ASSISTENCIAL;10;Saúde;302;Assistência Hospitalar e Ambulatorial;188;4.4.90.52.00.00.00.00;EQUIPAMENTOS E MATERIAL PERMANENTE;1.500.000.1002;RECURSOS NÃO VINCULADOS DE IMPOSTOS (SAÚDE);620,19
FUNDO MUNICIPAL DE SAÚDE DE BARBACENA;18.002;FUNDO MUNICIPAL DE SAUDE;2.685;MANUTENÇÃO DO CEM;3;MEDIA E ALTA COMPLEXIDADE ASSISTENCIAL;10;Saúde;302;Assistência Hospitalar e Ambulatorial;188;4.4.90.52.00.00.00.00;EQUIPAMENTOS E MATERIAL PERMANENTE;1.600.000.0000;TRANSFERÊNCIAS FUNDO A FUNDO DE RECURSOS DO SUS PROVENIENTES DO GOVERNO FEDERAL - BLOCO DE MANUTENÇÃO DAS AÇÕES E SERVIÇOS PÚBLICOS DE SAÚDE;0,00
FUNDO MUNICIPAL DE SAÚDE DE BARBACENA;18.002;FUNDO MUNICIPAL DE SAUDE;2.685;MANUTENÇÃO DO CEM;3;MEDIA E ALTA COMPLEXIDADE ASSISTENCIAL;10;Saúde;302;Assistência Hospitalar e Ambulatorial;188;4.4.90.52.00.00.00.00;EQUIPAMENTOS E MATERIAL PERMANENTE;2.621.000.0000;TRANSFERÊNCIAS FUNDO A FUNDO DE RECURSOS DO SUS PROVENIENTES DO GOVERNO ESTADUAL;423.416,90
FUNDO MUNICIPAL DE SAÚDE DE BARBACENA;18.002;FUNDO MUNICIPAL DE SAUDE;2.685;MANUTENÇÃO DO CEM;3;MEDIA E ALTA COMPLEXIDADE ASSISTENCIAL;10;Saúde;302;Assistência Hospitalar e Ambulatorial;461;3.1.90.92.00.00.00.00;DESPESAS DE EXERCÍCIOS ANTERIORES;1.500.000.1002;RECURSOS NÃO VINCULADOS DE IMPOSTOS (SAÚDE);200.643,83
FUNDO MUNICIPAL DE SAÚDE DE BARBACENA;18.002;FUNDO MUNICIPAL DE SAUDE;2.685;MANUTENÇÃO DO CEM;3;MEDIA E ALTA COMPLEXIDADE ASSISTENCIAL;10;Saúde;302;Assistência Hospitalar e Ambulatorial;488;4.4.90.51.00.00.00.00;OBRAS E INSTALAÇÕES;1.500.000.1002;RECURSOS NÃO VINCULADOS DE IMPOSTOS (SAÚDE);0,01
FUNDO MUNICIPAL DE SAÚDE DE BARBACENA;18.002;FUNDO MUNICIPAL DE SAUDE;2.685;MANUTENÇÃO DO CEM;3;MEDIA E ALTA COMPLEXIDADE ASSISTENCIAL;10;Saúde;302;Assistência Hospitalar e Ambulatorial;488;4.4.90.51.00.00.00.00;OBRAS E INSTALAÇÕES;1.600.000.0000;TRANSFERÊNCIAS FUNDO A FUNDO DE RECURSOS DO SUS PROVENIENTES DO GOVERNO FEDERAL - BLOCO DE MANUTENÇÃO DAS AÇÕES E SERVIÇOS PÚBLICOS DE SAÚDE;0,01
FUNDO MUNICIPAL DE SAÚDE DE BARBACENA;18.002;FUNDO MUNICIPAL DE SAUDE;2.689;APOIO A ASSOCIAÇÃO DE PAIS E AMIGOS DOS EXCEPCIONAIS - APAE;3;MEDIA E ALTA COMPLEXIDADE ASSISTENCIAL;10;Saúde;302;Assistência Hospitalar e Ambulatorial;460;3.3.90.39.00.00.00.00;OUTROS SERVIÇOS DE TERCEIROS - PESSOA JURÍDICA;1.600.000.0000;TRANSFERÊNCIAS FUNDO A FUNDO DE RECURSOS DO SUS PROVENIENTES DO GOVERNO FEDERAL - BLOCO DE MANUTENÇÃO DAS AÇÕES E SERVIÇOS PÚBLICOS DE SAÚDE;0,00
FUNDO MUNICIPAL DE SAÚDE DE BARBACENA;18.002;FUNDO MUNICIPAL DE SAUDE;2.689;APOIO A ASSOCIAÇÃO DE PAIS E AMIGOS DOS EXCEPCIONAIS - APAE;3;MEDIA E ALTA COMPLEXIDADE ASSISTENCIAL;10;Saúde;302;Assistência Hospitalar e Ambulatorial;460;3.3.90.39.00.00.00.00;OUTROS SERVIÇOS DE TERCEIROS - PESSOA JURÍDICA;2.600.000.0000;TRANSFERÊNCIAS FUNDO A FUNDO DE RECURSOS DO SUS PROVENIENTES DO GOVERNO FEDERAL - BLOCO DE MANUTENÇÃO DAS AÇÕES E SERVIÇOS PÚBLICOS DE SAÚDE;219.913,84
FUNDO MUNICIPAL DE SAÚDE DE BARBACENA;18.002;FUNDO MUNICIPAL DE SAUDE;2.069;DISTRIBUIÇÃO DE MEDICAMENTOS CONFORME DETERMINAÇÃO JUDICIAL;3;MEDIA E ALTA COMPLEXIDADE ASSISTENCIAL;10;Saúde;303;Suporte Profilático e Terapêutico;200;3.3.90.30.00.00.00.00;MATERIAL DE CONSUMO;1.500.000.1002;RECURSOS NÃO VINCULADOS DE IMPOSTOS (SAÚDE);162.443,39
FUNDO MUNICIPAL DE SAÚDE DE BARBACENA;18.002;FUNDO MUNICIPAL DE SAUDE;2.339;AÇÕES DE ENFRENTAMENTO DA EMERGÊNCIA COVID 19;4;VIGILANCIA EM SAUDE;10;Saúde;122;Administração Geral;4;3.3.90.30.00.00.00.00;MATERIAL DE CONSUMO;1.707.000.0000;TRANSFERÊNCIAS DA UNIÃO – INCISO I DO ART. 5º DA LEI COMPLEMENTAR 173/2020;27.032,53
FUNDO MUNICIPAL DE SAÚDE DE BARBACENA;18.002;FUNDO MUNICIPAL DE SAUDE;2.339;AÇÕES DE ENFRENTAMENTO DA EMERGÊNCIA COVID 19;4;VIGILANCIA EM SAUDE;10;Saúde;122;Administração Geral;4;3.3.90.30.00.00.00.00;MATERIAL DE CONSUMO;2.659.000.0000;OUTROS RECURSOS VINCULADOS À SAÚDE;246.265,75
FUNDO MUNICIPAL DE SAÚDE DE BARBACENA;18.002;FUNDO MUNICIPAL DE SAUDE;2.339;AÇÕES DE ENFRENTAMENTO DA EMERGÊNCIA COVID 19;4;VIGILANCIA EM SAUDE;10;Saúde;122;Administração Geral;5;3.3.90.93.00.00.00.00;INDENIZAÇÕES E RESTITUIÇÕES;1.659.000.0000;OUTROS RECURSOS VINCULADOS À SAÚDE;1.000,00
FUNDO MUNICIPAL DE SAÚDE DE BARBACENA;18.002;FUNDO MUNICIPAL DE SAUDE;2.339;AÇÕES DE ENFRENTAMENTO DA EMERGÊNCIA COVID 19;4;VIGILANCIA EM SAUDE;10;Saúde;122;Administração Geral;251;3.3.90.39.00.00.00.00;OUTROS SERVIÇOS DE TERCEIROS - PESSOA JURÍDICA;2.659.000.0000;OUTROS RECURSOS VINCULADOS À SAÚDE;493.530,50
FUNDO MUNICIPAL DE SAÚDE DE BARBACENA;18.002;FUNDO MUNICIPAL DE SAUDE;2.339;AÇÕES DE ENFRENTAMENTO DA EMERGÊNCIA COVID 19;4;VIGILANCIA EM SAUDE;10;Saúde;122;Administração Geral;465;3.1.90.92.00.00.00.00;DESPESAS DE EXERCÍCIOS ANTERIORES;2.659.000.0000;OUTROS RECURSOS VINCULADOS À SAÚDE;1.069,65
FUNDO MUNICIPAL DE SAÚDE DE BARBACENA;18.002;FUNDO MUNICIPAL DE SAUDE;2.339;AÇÕES DE ENFRENTAMENTO DA EMERGÊNCIA COVID 19;4;VIGILANCIA EM SAUDE;10;Saúde;122;Administração Geral;467;4.4.90.52.00.00.00.00;EQUIPAMENTOS E MATERIAL PERMANENTE;2.659.000.0000;OUTROS RECURSOS VINCULADOS À SAÚDE;62.569,72
FUNDO MUNICIPAL DE SAÚDE DE BARBACENA;18.002;FUNDO MUNICIPAL DE SAUDE;2.339;AÇÕES DE ENFRENTAMENTO DA EMERGÊNCIA COVID 19;4;VIGILANCIA EM SAUDE;10;Saúde;122;Administração Geral;474;3.1.90.04.00.00.00.00;CONTRATAÇÃO POR TEMPO DETERMINADO;2.659.000.0000;OUTROS RECURSOS VINCULADOS À SAÚDE;1.540.318,27
FUNDO MUNICIPAL DE SAÚDE DE BARBACENA;18.002;FUNDO MUNICIPAL DE SAUDE;2.339;AÇÕES DE ENFRENTAMENTO DA EMERGÊNCIA COVID 19;4;VIGILANCIA EM SAUDE;10;Saúde;122;Administração Geral;475;3.1.90.11.00.00.00.00;VENCIMENTOS E VANTAGENS FIXAS - PESSOAL CIVIL;2.659.000.0000;OUTROS RECURSOS VINCULADOS À SAÚDE;201.029,44
FUNDO MUNICIPAL DE SAÚDE DE BARBACENA;18.002;FUNDO MUNICIPAL DE SAUDE;2.339;AÇÕES DE ENFRENTAMENTO DA EMERGÊNCIA COVID 19;4;VIGILANCIA EM SAUDE;10;Saúde;122;Administração Geral;476;3.1.90.13.00.00.00.00;OBRIGAÇÕES PATRONAIS;2.659.000.0000;OUTROS RECURSOS VINCULADOS À SAÚDE;0,01
FUNDO MUNICIPAL DE SAÚDE DE BARBACENA;18.002;FUNDO MUNICIPAL DE SAUDE;2.339;AÇÕES DE ENFRENTAMENTO DA EMERGÊNCIA COVID 19;4;VIGILANCIA EM SAUDE;10;Saúde;122;Administração Geral;477;3.1.91.13.00.00.00.00;OBRIGAÇÕES PATRONAIS;2.659.000.0000;OUTROS RECURSOS VINCULADOS À SAÚDE;53.013,14
FUNDO MUNICIPAL DE SAÚDE DE BARBACENA;18.002;FUNDO MUNICIPAL DE SAUDE;2.339;AÇÕES DE ENFRENTAMENTO DA EMERGÊNCIA COVID 19;4;VIGILANCIA EM SAUDE;10;Saúde;122;Administração Geral;478;3.3.90.46.00.00.00.00;AUXÍLIO-ALIMENTAÇÃO;2.659.000.0000;OUTROS RECURSOS VINCULADOS À SAÚDE;60.000,01
FUNDO MUNICIPAL DE SAÚDE DE BARBACENA;18.002;FUNDO MUNICIPAL DE SAUDE;2.339;AÇÕES DE ENFRENTAMENTO DA EMERGÊNCIA COVID 19;4;VIGILANCIA EM SAUDE;10;Saúde;122;Administração Geral;479;3.3.90.08.00.00.00.00;OUTROS BENEFÍCIOS ASSISTENCIAIS-SERVIDOR/MILITAR;2.659.000.0000;OUTROS RECURSOS VINCULADOS À SAÚDE;132,01
FUNDO MUNICIPAL DE SAÚDE DE BARBACENA;18.002;FUNDO MUNICIPAL DE SAUDE;2.339;AÇÕES DE ENFRENTAMENTO DA EMERGÊNCIA COVID 19;4;VIGILANCIA EM SAUDE;10;Saúde;122;Administração Geral;480;3.3.90.18.00.00.00.00;AUXÍLIO FINANCEIRO A ESTUDANTES;2.659.000.0000;OUTROS RECURSOS VINCULADOS À SAÚDE;0,01
FUNDO MUNICIPAL DE SAÚDE DE BARBACENA;18.002;FUNDO MUNICIPAL DE SAUDE;2.339;AÇÕES DE ENFRENTAMENTO DA EMERGÊNCIA COVID 19;4;VIGILANCIA EM SAUDE;10;Saúde;122;Administração Geral;489;3.3.50.41.00.00.00.00;CONTRIBUIÇÕES;1.659.000.0000;OUTROS RECURSOS VINCULADOS À SAÚDE;741.689,56
FUNDO MUNICIPAL DE SAÚDE DE BARBACENA;18.002;FUNDO MUNICIPAL DE SAUDE;2.339;AÇÕES DE ENFRENTAMENTO DA EMERGÊNCIA COVID 19;4;VIGILANCIA EM SAUDE;10;Saúde;122;Administração Geral;489;3.3.50.41.00.00.00.00;CONTRIBUIÇÕES;2.659.000.0000;OUTROS RECURSOS VINCULADOS À SAÚDE;1.681.006,00
FUNDO MUNICIPAL DE SAÚDE DE BARBACENA;18.002;FUNDO MUNICIPAL DE SAUDE;1.481;CRIAÇÃO DE CÃODOMÍNIO MUNICIPAL;4;VIGILANCIA EM SAUDE;10;Saúde;304;Vigilância Sanitária;201;4.4.90.51.00.00.00.00;OBRAS E INSTALAÇÕES;1.500.000.1002;RECURSOS NÃO VINCULADOS DE IMPOSTOS (SAÚDE);1.000,00
FUNDO MUNICIPAL DE SAÚDE DE BARBACENA;18.002;FUNDO MUNICIPAL DE SAUDE;2.009;MANUTENÇAO DA VIGILANCIA SANITARIA;4;VIGILANCIA EM SAUDE;10;Saúde;304;Vigilância Sanitária;202;3.1.90.04.00.00.00.00;CONTRATAÇÃO POR TEMPO DETERMINADO;1.500.000.1002;RECURSOS NÃO VINCULADOS DE IMPOSTOS (SAÚDE);73.150,97
FUNDO MUNICIPAL DE SAÚDE DE BARBACENA;18.002;FUNDO MUNICIPAL DE SAUDE;2.009;MANUTENÇAO DA VIGILANCIA SANITARIA;4;VIGILANCIA EM SAUDE;10;Saúde;304;Vigilância Sanitária;202;3.1.90.04.00.00.00.00;CONTRATAÇÃO POR TEMPO DETERMINADO;1.600.000.0000;TRANSFERÊNCIAS FUNDO A FUNDO DE RECURSOS DO SUS PROVENIENTES DO GOVERNO FEDERAL - BLOCO DE MANUTENÇÃO DAS AÇÕES E SERVIÇOS PÚBLICOS DE SAÚDE;10.058,53
FUNDO MUNICIPAL DE SAÚDE DE BARBACENA;18.002;FUNDO MUNICIPAL DE SAUDE;2.009;MANUTENÇAO DA VIGILANCIA SANITARIA;4;VIGILANCIA EM SAUDE;10;Saúde;304;Vigilância Sanitária;202;3.1.90.04.00.00.00.00;CONTRATAÇÃO POR TEMPO DETERMINADO;1.621.000.0000;TRANSFERÊNCIAS FUNDO A FUNDO DE RECURSOS DO SUS PROVENIENTES DO GOVERNO ESTADUAL;27.432,94
FUNDO MUNICIPAL DE SAÚDE DE BARBACENA;18.002;FUNDO MUNICIPAL DE SAUDE;2.009;MANUTENÇAO DA VIGILANCIA SANITARIA;4;VIGILANCIA EM SAUDE;10;Saúde;304;Vigilância Sanitária;202;3.1.90.04.00.00.00.00;CONTRATAÇÃO POR TEMPO DETERMINADO;2.621.000.0000;TRANSFERÊNCIAS FUNDO A FUNDO DE RECURSOS DO SUS PROVENIENTES DO GOVERNO ESTADUAL;27.000,00
FUNDO MUNICIPAL DE SAÚDE DE BARBACENA;18.002;FUNDO MUNICIPAL DE SAUDE;2.009;MANUTENÇAO DA VIGILANCIA SANITARIA;4;VIGILANCIA EM SAUDE;10;Saúde;304;Vigilância Sanitária;203;3.1.90.11.00.00.00.00;VENCIMENTOS E VANTAGENS FIXAS - PESSOAL CIVIL;1.500.000.1002;RECURSOS NÃO VINCULADOS DE IMPOSTOS (SAÚDE);276.500,82
FUNDO MUNICIPAL DE SAÚDE DE BARBACENA;18.002;FUNDO MUNICIPAL DE SAUDE;2.009;MANUTENÇAO DA VIGILANCIA SANITARIA;4;VIGILANCIA EM SAUDE;10;Saúde;304;Vigilância Sanitária;203;3.1.90.11.00.00.00.00;VENCIMENTOS E VANTAGENS FIXAS - PESSOAL CIVIL;1.621.000.0000;TRANSFERÊNCIAS FUNDO A FUNDO DE RECURSOS DO SUS PROVENIENTES DO GOVERNO ESTADUAL;97.981,20
FUNDO MUNICIPAL DE SAÚDE DE BARBACENA;18.002;FUNDO MUNICIPAL DE SAUDE;2.009;MANUTENÇAO DA VIGILANCIA SANITARIA;4;VIGILANCIA EM SAUDE;10;Saúde;304;Vigilância Sanitária;203;3.1.90.11.00.00.00.00;VENCIMENTOS E VANTAGENS FIXAS - PESSOAL CIVIL;2.621.000.0000;TRANSFERÊNCIAS FUNDO A FUNDO DE RECURSOS DO SUS PROVENIENTES DO GOVERNO ESTADUAL;37.000,00
FUNDO MUNICIPAL DE SAÚDE DE BARBACENA;18.002;FUNDO MUNICIPAL DE SAUDE;2.009;MANUTENÇAO DA VIGILANCIA SANITARIA;4;VIGILANCIA EM SAUDE;10;Saúde;304;Vigilância Sanitária;204;3.1.90.92.00.00.00.00;DESPESAS DE EXERCÍCIOS ANTERIORES;1.500.000.1002;RECURSOS NÃO VINCULADOS DE IMPOSTOS (SAÚDE);753,20
FUNDO MUNICIPAL DE SAÚDE DE BARBACENA;18.002;FUNDO MUNICIPAL DE SAUDE;2.009;MANUTENÇAO DA VIGILANCIA SANITARIA;4;VIGILANCIA EM SAUDE;10;Saúde;304;Vigilância Sanitária;205;3.1.91.13.00.00.00.00;OBRIGAÇÕES PATRONAIS;1.500.000.1002;RECURSOS NÃO VINCULADOS DE IMPOSTOS (SAÚDE);30.991,57
FUNDO MUNICIPAL DE SAÚDE DE BARBACENA;18.002;FUNDO MUNICIPAL DE SAUDE;2.009;MANUTENÇAO DA VIGILANCIA SANITARIA;4;VIGILANCIA EM SAUDE;10;Saúde;304;Vigilância Sanitária;205;3.1.91.13.00.00.00.00;OBRIGAÇÕES PATRONAIS;1.621.000.0000;TRANSFERÊNCIAS FUNDO A FUNDO DE RECURSOS DO SUS PROVENIENTES DO GOVERNO ESTADUAL;30.104,21
FUNDO MUNICIPAL DE SAÚDE DE BARBACENA;18.002;FUNDO MUNICIPAL DE SAUDE;2.009;MANUTENÇAO DA VIGILANCIA SANITARIA;4;VIGILANCIA EM SAUDE;10;Saúde;304;Vigilância Sanitária;205;3.1.91.13.00.00.00.00;OBRIGAÇÕES PATRONAIS;2.621.000.0000;TRANSFERÊNCIAS FUNDO A FUNDO DE RECURSOS DO SUS PROVENIENTES DO GOVERNO ESTADUAL;8.000,00
FUNDO MUNICIPAL DE SAÚDE DE BARBACENA;18.002;FUNDO MUNICIPAL DE SAUDE;2.009;MANUTENÇAO DA VIGILANCIA SANITARIA;4;VIGILANCIA EM SAUDE;10;Saúde;304;Vigilância Sanitária;206;3.3.90.08.00.00.00.00;OUTROS BENEFÍCIOS ASSISTENCIAIS-SERVIDOR/MILITAR;1.500.000.1002;RECURSOS NÃO VINCULADOS DE IMPOSTOS (SAÚDE);0,00
FUNDO MUNICIPAL DE SAÚDE DE BARBACENA;18.002;FUNDO MUNICIPAL DE SAUDE;2.009;MANUTENÇAO DA VIGILANCIA SANITARIA;4;VIGILANCIA EM SAUDE;10;Saúde;304;Vigilância Sanitária;207;3.3.90.14.00.00.00.00;DIÁRIAS - PESSOAL CIVIL;1.500.000.1002;RECURSOS NÃO VINCULADOS DE IMPOSTOS (SAÚDE);400,00
FUNDO MUNICIPAL DE SAÚDE DE BARBACENA;18.002;FUNDO MUNICIPAL DE SAUDE;2.009;MANUTENÇAO DA VIGILANCIA SANITARIA;4;VIGILANCIA EM SAUDE;10;Saúde;304;Vigilância Sanitária;207;3.3.90.14.00.00.00.00;DIÁRIAS - PESSOAL CIVIL;1.600.000.0000;TRANSFERÊNCIAS FUNDO A FUNDO DE RECURSOS DO SUS PROVENIENTES DO GOVERNO FEDERAL - BLOCO DE MANUTENÇÃO DAS AÇÕES E SERVIÇOS PÚBLICOS DE SAÚDE;1.500,00
FUNDO MUNICIPAL DE SAÚDE DE BARBACENA;18.002;FUNDO MUNICIPAL DE SAUDE;2.009;MANUTENÇAO DA VIGILANCIA SANITARIA;4;VIGILANCIA EM SAUDE;10;Saúde;304;Vigilância Sanitária;208;3.3.90.18.00.00.00.00;AUXÍLIO FINANCEIRO A ESTUDANTES;1.500.000.1002;RECURSOS NÃO VINCULADOS DE IMPOSTOS (SAÚDE);0,00
FUNDO MUNICIPAL DE SAÚDE DE BARBACENA;18.002;FUNDO MUNICIPAL DE SAUDE;2.009;MANUTENÇAO DA VIGILANCIA SANITARIA;4;VIGILANCIA EM SAUDE;10;Saúde;304;Vigilância Sanitária;209;3.3.90.30.00.00.00.00;MATERIAL DE CONSUMO;1.600.000.0000;TRANSFERÊNCIAS FUNDO A FUNDO DE RECURSOS DO SUS PROVENIENTES DO GOVERNO FEDERAL - BLOCO DE MANUTENÇÃO DAS AÇÕES E SERVIÇOS PÚBLICOS DE SAÚDE;62.290,12
FUNDO MUNICIPAL DE SAÚDE DE BARBACENA;18.002;FUNDO MUNICIPAL DE SAUDE;2.009;MANUTENÇAO DA VIGILANCIA SANITARIA;4;VIGILANCIA EM SAUDE;10;Saúde;304;Vigilância Sanitária;209;3.3.90.30.00.00.00.00;MATERIAL DE CONSUMO;2.600.000.0000;TRANSFERÊNCIAS FUNDO A FUNDO DE RECURSOS DO SUS PROVENIENTES DO GOVERNO FEDERAL - BLOCO DE MANUTENÇÃO DAS AÇÕES E SERVIÇOS PÚBLICOS DE SAÚDE;26.225,21
FUNDO MUNICIPAL DE SAÚDE DE BARBACENA;18.002;FUNDO MUNICIPAL DE SAUDE;2.009;MANUTENÇAO DA VIGILANCIA SANITARIA;4;VIGILANCIA EM SAUDE;10;Saúde;304;Vigilância Sanitária;209;3.3.90.30.00.00.00.00;MATERIAL DE CONSUMO;2.621.000.0000;TRANSFERÊNCIAS FUNDO A FUNDO DE RECURSOS DO SUS PROVENIENTES DO GOVERNO ESTADUAL;31.412,41
FUNDO MUNICIPAL DE SAÚDE DE BARBACENA;18.002;FUNDO MUNICIPAL DE SAUDE;2.009;MANUTENÇAO DA VIGILANCIA SANITARIA;4;VIGILANCIA EM SAUDE;10;Saúde;304;Vigilância Sanitária;210;3.3.90.39.00.00.00.00;OUTROS SERVIÇOS DE TERCEIROS - PESSOA JURÍDICA;1.600.000.0000;TRANSFERÊNCIAS FUNDO A FUNDO DE RECURSOS DO SUS PROVENIENTES DO GOVERNO FEDERAL - BLOCO DE MANUTENÇÃO DAS AÇÕES E SERVIÇOS PÚBLICOS DE SAÚDE;93.757,39
FUNDO MUNICIPAL DE SAÚDE DE BARBACENA;18.002;FUNDO MUNICIPAL DE SAUDE;2.009;MANUTENÇAO DA VIGILANCIA SANITARIA;4;VIGILANCIA EM SAUDE;10;Saúde;304;Vigilância Sanitária;210;3.3.90.39.00.00.00.00;OUTROS SERVIÇOS DE TERCEIROS - PESSOA JURÍDICA;2.600.000.0000;TRANSFERÊNCIAS FUNDO A FUNDO DE RECURSOS DO SUS PROVENIENTES DO GOVERNO FEDERAL - BLOCO DE MANUTENÇÃO DAS AÇÕES E SERVIÇOS PÚBLICOS DE SAÚDE;50.621,02
FUNDO MUNICIPAL DE SAÚDE DE BARBACENA;18.002;FUNDO MUNICIPAL DE SAUDE;2.009;MANUTENÇAO DA VIGILANCIA SANITARIA;4;VIGILANCIA EM SAUDE;10;Saúde;304;Vigilância Sanitária;210;3.3.90.39.00.00.00.00;OUTROS SERVIÇOS DE TERCEIROS - PESSOA JURÍDICA;2.621.000.0000;TRANSFERÊNCIAS FUNDO A FUNDO DE RECURSOS DO SUS PROVENIENTES DO GOVERNO ESTADUAL;62.928,47
FUNDO MUNICIPAL DE SAÚDE DE BARBACENA;18.002;FUNDO MUNICIPAL DE SAUDE;2.009;MANUTENÇAO DA VIGILANCIA SANITARIA;4;VIGILANCIA EM SAUDE;10;Saúde;304;Vigilância Sanitária;211;3.3.90.40.00.00.00.00;SERVIÇOS DE TECNOLOGIA DA INFORMAÇÃO E COMUNICAÇ;1.500.000.1002;RECURSOS NÃO VINCULADOS DE IMPOSTOS (SAÚDE);500,00
FUNDO MUNICIPAL DE SAÚDE DE BARBACENA;18.002;FUNDO MUNICIPAL DE SAUDE;2.009;MANUTENÇAO DA VIGILANCIA SANITARIA;4;VIGILANCIA EM SAUDE;10;Saúde;304;Vigilância Sanitária;212;3.3.90.46.00.00.00.00;AUXÍLIO-ALIMENTAÇÃO;1.500.000.1002;RECURSOS NÃO VINCULADOS DE IMPOSTOS (SAÚDE);26.150,00
FUNDO MUNICIPAL DE SAÚDE DE BARBACENA;18.002;FUNDO MUNICIPAL DE SAUDE;2.009;MANUTENÇAO DA VIGILANCIA SANITARIA;4;VIGILANCIA EM SAUDE;10;Saúde;304;Vigilância Sanitária;212;3.3.90.46.00.00.00.00;AUXÍLIO-ALIMENTAÇÃO;1.600.000.0000;TRANSFERÊNCIAS FUNDO A FUNDO DE RECURSOS DO SUS PROVENIENTES DO GOVERNO FEDERAL - BLOCO DE MANUTENÇÃO DAS AÇÕES E SERVIÇOS PÚBLICOS DE SAÚDE;14.300,00
FUNDO MUNICIPAL DE SAÚDE DE BARBACENA;18.002;FUNDO MUNICIPAL DE SAUDE;2.009;MANUTENÇAO DA VIGILANCIA SANITARIA;4;VIGILANCIA EM SAUDE;10;Saúde;304;Vigilância Sanitária;212;3.3.90.46.00.00.00.00;AUXÍLIO-ALIMENTAÇÃO;1.621.000.0000;TRANSFERÊNCIAS FUNDO A FUNDO DE RECURSOS DO SUS PROVENIENTES DO GOVERNO ESTADUAL;16.560,00
FUNDO MUNICIPAL DE SAÚDE DE BARBACENA;18.002;FUNDO MUNICIPAL DE SAUDE;2.009;MANUTENÇAO DA VIGILANCIA SANITARIA;4;VIGILANCIA EM SAUDE;10;Saúde;304;Vigilância Sanitária;212;3.3.90.46.00.00.00.00;AUXÍLIO-ALIMENTAÇÃO;2.621.000.0000;TRANSFERÊNCIAS FUNDO A FUNDO DE RECURSOS DO SUS PROVENIENTES DO GOVERNO ESTADUAL;5.000,00
FUNDO MUNICIPAL DE SAÚDE DE BARBACENA;18.002;FUNDO MUNICIPAL DE SAUDE;2.009;MANUTENÇAO DA VIGILANCIA SANITARIA;4;VIGILANCIA EM SAUDE;10;Saúde;304;Vigilância Sanitária;462;4.4.90.52.00.00.00.00;EQUIPAMENTOS E MATERIAL PERMANENTE;2.621.000.0000;TRANSFERÊNCIAS FUNDO A FUNDO DE RECURSOS DO SUS PROVENIENTES DO GOVERNO ESTADUAL;150.335,48
FUNDO MUNICIPAL DE SAÚDE DE BARBACENA;18.002;FUNDO MUNICIPAL DE SAUDE;2.009;MANUTENÇAO DA VIGILANCIA SANITARIA;4;VIGILANCIA EM SAUDE;10;Saúde;304;Vigilância Sanitária;472;3.3.90.93.00.00.00.00;INDENIZAÇÕES E RESTITUIÇÕES;1.500.000.1002;RECURSOS NÃO VINCULADOS DE IMPOSTOS (SAÚDE);0,00
FUNDO MUNICIPAL DE SAÚDE DE BARBACENA;18.002;FUNDO MUNICIPAL DE SAUDE;1.052;CONSTRUÇÃO, REFORMA, READEQUAÇÃO DO AMBULATÓRIO VET. MUNICIPAL E CENTRO DE CONTROLE DE ZOONOSES;4;VIGILANCIA EM SAUDE;10;Saúde;305;Vigilância Epidemiológica;213;4.4.90.51.00.00.00.00;OBRAS E INSTALAÇÕES;1.500.000.0000;RECURSOS NÃO VINCULADOS DE IMPOSTOS;0,00
FUNDO MUNICIPAL DE SAÚDE DE BARBACENA;18.002;FUNDO MUNICIPAL DE SAUDE;1.052;CONSTRUÇÃO, REFORMA, READEQUAÇÃO DO AMBULATÓRIO VET. MUNICIPAL E CENTRO DE CONTROLE DE ZOONOSES;4;VIGILANCIA EM SAUDE;10;Saúde;305;Vigilância Epidemiológica;213;4.4.90.51.00.00.00.00;OBRAS E INSTALAÇÕES;1.600.000.0000;TRANSFERÊNCIAS FUNDO A FUNDO DE RECURSOS DO SUS PROVENIENTES DO GOVERNO FEDERAL - BLOCO DE MANUTENÇÃO DAS AÇÕES E SERVIÇOS PÚBLICOS DE SAÚDE;1.000,00
FUNDO MUNICIPAL DE SAÚDE DE BARBACENA;18.002;FUNDO MUNICIPAL DE SAUDE;2.010;MANUTENÇAO DA VIGILÂNCIA EPIDEMIOLÓGICA;4;VIGILANCIA EM SAUDE;10;Saúde;305;Vigilância Epidemiológica;214;3.1.90.04.00.00.00.00;CONTRATAÇÃO POR TEMPO DETERMINADO;1.500.000.1002;RECURSOS NÃO VINCULADOS DE IMPOSTOS (SAÚDE);224.661,62
FUNDO MUNICIPAL DE SAÚDE DE BARBACENA;18.002;FUNDO MUNICIPAL DE SAUDE;2.010;MANUTENÇAO DA VIGILÂNCIA EPIDEMIOLÓGICA;4;VIGILANCIA EM SAUDE;10;Saúde;305;Vigilância Epidemiológica;214;3.1.90.04.00.00.00.00;CONTRATAÇÃO POR TEMPO DETERMINADO;1.600.000.0000;TRANSFERÊNCIAS FUNDO A FUNDO DE RECURSOS DO SUS PROVENIENTES DO GOVERNO FEDERAL - BLOCO DE MANUTENÇÃO DAS AÇÕES E SERVIÇOS PÚBLICOS DE SAÚDE;161.050,81
FUNDO MUNICIPAL DE SAÚDE DE BARBACENA;18.002;FUNDO MUNICIPAL DE SAUDE;2.010;MANUTENÇAO DA VIGILÂNCIA EPIDEMIOLÓGICA;4;VIGILANCIA EM SAUDE;10;Saúde;305;Vigilância Epidemiológica;214;3.1.90.04.00.00.00.00;CONTRATAÇÃO POR TEMPO DETERMINADO;1.621.000.0000;TRANSFERÊNCIAS FUNDO A FUNDO DE RECURSOS DO SUS PROVENIENTES DO GOVERNO ESTADUAL;61.059,95
FUNDO MUNICIPAL DE SAÚDE DE BARBACENA;18.002;FUNDO MUNICIPAL DE SAUDE;2.010;MANUTENÇAO DA VIGILÂNCIA EPIDEMIOLÓGICA;4;VIGILANCIA EM SAUDE;10;Saúde;305;Vigilância Epidemiológica;214;3.1.90.04.00.00.00.00;CONTRATAÇÃO POR TEMPO DETERMINADO;2.621.000.0000;TRANSFERÊNCIAS FUNDO A FUNDO DE RECURSOS DO SUS PROVENIENTES DO GOVERNO ESTADUAL;55.000,00
FUNDO MUNICIPAL DE SAÚDE DE BARBACENA;18.002;FUNDO MUNICIPAL DE SAUDE;2.010;MANUTENÇAO DA VIGILÂNCIA EPIDEMIOLÓGICA;4;VIGILANCIA EM SAUDE;10;Saúde;305;Vigilância Epidemiológica;215;3.1.90.11.00.00.00.00;VENCIMENTOS E VANTAGENS FIXAS - PESSOAL CIVIL;1.500.000.1002;RECURSOS NÃO VINCULADOS DE IMPOSTOS (SAÚDE);215.794,11
FUNDO MUNICIPAL DE SAÚDE DE BARBACENA;18.002;FUNDO MUNICIPAL DE SAUDE;2.010;MANUTENÇAO DA VIGILÂNCIA EPIDEMIOLÓGICA;4;VIGILANCIA EM SAUDE;10;Saúde;305;Vigilância Epidemiológica;215;3.1.90.11.00.00.00.00;VENCIMENTOS E VANTAGENS FIXAS - PESSOAL CIVIL;1.600.000.0000;TRANSFERÊNCIAS FUNDO A FUNDO DE RECURSOS DO SUS PROVENIENTES DO GOVERNO FEDERAL - BLOCO DE MANUTENÇÃO DAS AÇÕES E SERVIÇOS PÚBLICOS DE SAÚDE;42.263,06
FUNDO MUNICIPAL DE SAÚDE DE BARBACENA;18.002;FUNDO MUNICIPAL DE SAUDE;2.010;MANUTENÇAO DA VIGILÂNCIA EPIDEMIOLÓGICA;4;VIGILANCIA EM SAUDE;10;Saúde;305;Vigilância Epidemiológica;215;3.1.90.11.00.00.00.00;VENCIMENTOS E VANTAGENS FIXAS - PESSOAL CIVIL;1.621.000.0000;TRANSFERÊNCIAS FUNDO A FUNDO DE RECURSOS DO SUS PROVENIENTES DO GOVERNO ESTADUAL;106.066,46
FUNDO MUNICIPAL DE SAÚDE DE BARBACENA;18.002;FUNDO MUNICIPAL DE SAUDE;2.010;MANUTENÇAO DA VIGILÂNCIA EPIDEMIOLÓGICA;4;VIGILANCIA EM SAUDE;10;Saúde;305;Vigilância Epidemiológica;215;3.1.90.11.00.00.00.00;VENCIMENTOS E VANTAGENS FIXAS - PESSOAL CIVIL;2.621.000.0000;TRANSFERÊNCIAS FUNDO A FUNDO DE RECURSOS DO SUS PROVENIENTES DO GOVERNO ESTADUAL;30.000,00
FUNDO MUNICIPAL DE SAÚDE DE BARBACENA;18.002;FUNDO MUNICIPAL DE SAUDE;2.010;MANUTENÇAO DA VIGILÂNCIA EPIDEMIOLÓGICA;4;VIGILANCIA EM SAUDE;10;Saúde;305;Vigilância Epidemiológica;216;3.1.90.13.00.00.00.00;OBRIGAÇÕES PATRONAIS;1.600.000.0000;TRANSFERÊNCIAS FUNDO A FUNDO DE RECURSOS DO SUS PROVENIENTES DO GOVERNO FEDERAL - BLOCO DE MANUTENÇÃO DAS AÇÕES E SERVIÇOS PÚBLICOS DE SAÚDE;20.000,00
FUNDO MUNICIPAL DE SAÚDE DE BARBACENA;18.002;FUNDO MUNICIPAL DE SAUDE;2.010;MANUTENÇAO DA VIGILÂNCIA EPIDEMIOLÓGICA;4;VIGILANCIA EM SAUDE;10;Saúde;305;Vigilância Epidemiológica;216;3.1.90.13.00.00.00.00;OBRIGAÇÕES PATRONAIS;1.621.000.0000;TRANSFERÊNCIAS FUNDO A FUNDO DE RECURSOS DO SUS PROVENIENTES DO GOVERNO ESTADUAL;12.770,62
FUNDO MUNICIPAL DE SAÚDE DE BARBACENA;18.002;FUNDO MUNICIPAL DE SAUDE;2.010;MANUTENÇAO DA VIGILÂNCIA EPIDEMIOLÓGICA;4;VIGILANCIA EM SAUDE;10;Saúde;305;Vigilância Epidemiológica;217;3.1.91.13.00.00.00.00;OBRIGAÇÕES PATRONAIS;1.500.000.1002;RECURSOS NÃO VINCULADOS DE IMPOSTOS (SAÚDE);83.565,40
FUNDO MUNICIPAL DE SAÚDE DE BARBACENA;18.002;FUNDO MUNICIPAL DE SAUDE;2.010;MANUTENÇAO DA VIGILÂNCIA EPIDEMIOLÓGICA;4;VIGILANCIA EM SAUDE;10;Saúde;305;Vigilância Epidemiológica;217;3.1.91.13.00.00.00.00;OBRIGAÇÕES PATRONAIS;1.600.000.0000;TRANSFERÊNCIAS FUNDO A FUNDO DE RECURSOS DO SUS PROVENIENTES DO GOVERNO FEDERAL - BLOCO DE MANUTENÇÃO DAS AÇÕES E SERVIÇOS PÚBLICOS DE SAÚDE;93.313,65
FUNDO MUNICIPAL DE SAÚDE DE BARBACENA;18.002;FUNDO MUNICIPAL DE SAUDE;2.010;MANUTENÇAO DA VIGILÂNCIA EPIDEMIOLÓGICA;4;VIGILANCIA EM SAUDE;10;Saúde;305;Vigilância Epidemiológica;217;3.1.91.13.00.00.00.00;OBRIGAÇÕES PATRONAIS;1.621.000.0000;TRANSFERÊNCIAS FUNDO A FUNDO DE RECURSOS DO SUS PROVENIENTES DO GOVERNO ESTADUAL;29.666,36
FUNDO MUNICIPAL DE SAÚDE DE BARBACENA;18.002;FUNDO MUNICIPAL DE SAUDE;2.010;MANUTENÇAO DA VIGILÂNCIA EPIDEMIOLÓGICA;4;VIGILANCIA EM SAUDE;10;Saúde;305;Vigilância Epidemiológica;217;3.1.91.13.00.00.00.00;OBRIGAÇÕES PATRONAIS;2.621.000.0000;TRANSFERÊNCIAS FUNDO A FUNDO DE RECURSOS DO SUS PROVENIENTES DO GOVERNO ESTADUAL;8.000,00
FUNDO MUNICIPAL DE SAÚDE DE BARBACENA;18.002;FUNDO MUNICIPAL DE SAUDE;2.010;MANUTENÇAO DA VIGILÂNCIA EPIDEMIOLÓGICA;4;VIGILANCIA EM SAUDE;10;Saúde;305;Vigilância Epidemiológica;218;3.3.90.08.00.00.00.00;OUTROS BENEFÍCIOS ASSISTENCIAIS-SERVIDOR/MILITAR;1.500.000.1002;RECURSOS NÃO VINCULADOS DE IMPOSTOS (SAÚDE);0,00
FUNDO MUNICIPAL DE SAÚDE DE BARBACENA;18.002;FUNDO MUNICIPAL DE SAUDE;2.010;MANUTENÇAO DA VIGILÂNCIA EPIDEMIOLÓGICA;4;VIGILANCIA EM SAUDE;10;Saúde;305;Vigilância Epidemiológica;218;3.3.90.08.00.00.00.00;OUTROS BENEFÍCIOS ASSISTENCIAIS-SERVIDOR/MILITAR;1.600.000.0000;TRANSFERÊNCIAS FUNDO A FUNDO DE RECURSOS DO SUS PROVENIENTES DO GOVERNO FEDERAL - BLOCO DE MANUTENÇÃO DAS AÇÕES E SERVIÇOS PÚBLICOS DE SAÚDE;2.000,00
FUNDO MUNICIPAL DE SAÚDE DE BARBACENA;18.002;FUNDO MUNICIPAL DE SAUDE;2.010;MANUTENÇAO DA VIGILÂNCIA EPIDEMIOLÓGICA;4;VIGILANCIA EM SAUDE;10;Saúde;305;Vigilância Epidemiológica;219;3.3.90.14.00.00.00.00;DIÁRIAS - PESSOAL CIVIL;1.500.000.1002;RECURSOS NÃO VINCULADOS DE IMPOSTOS (SAÚDE);1.000,00
FUNDO MUNICIPAL DE SAÚDE DE BARBACENA;18.002;FUNDO MUNICIPAL DE SAUDE;2.010;MANUTENÇAO DA VIGILÂNCIA EPIDEMIOLÓGICA;4;VIGILANCIA EM SAUDE;10;Saúde;305;Vigilância Epidemiológica;219;3.3.90.14.00.00.00.00;DIÁRIAS - PESSOAL CIVIL;1.600.000.0000;TRANSFERÊNCIAS FUNDO A FUNDO DE RECURSOS DO SUS PROVENIENTES DO GOVERNO FEDERAL - BLOCO DE MANUTENÇÃO DAS AÇÕES E SERVIÇOS PÚBLICOS DE SAÚDE;9.140,00
FUNDO MUNICIPAL DE SAÚDE DE BARBACENA;18.002;FUNDO MUNICIPAL DE SAUDE;2.010;MANUTENÇAO DA VIGILÂNCIA EPIDEMIOLÓGICA;4;VIGILANCIA EM SAUDE;10;Saúde;305;Vigilância Epidemiológica;219;3.3.90.14.00.00.00.00;DIÁRIAS - PESSOAL CIVIL;1.621.000.0000;TRANSFERÊNCIAS FUNDO A FUNDO DE RECURSOS DO SUS PROVENIENTES DO GOVERNO ESTADUAL;1.000,00
FUNDO MUNICIPAL DE SAÚDE DE BARBACENA;18.002;FUNDO MUNICIPAL DE SAUDE;2.010;MANUTENÇAO DA VIGILÂNCIA EPIDEMIOLÓGICA;4;VIGILANCIA EM SAUDE;10;Saúde;305;Vigilância Epidemiológica;220;3.3.90.18.00.00.00.00;AUXÍLIO FINANCEIRO A ESTUDANTES;1.500.000.1002;RECURSOS NÃO VINCULADOS DE IMPOSTOS (SAÚDE);0,00
FUNDO MUNICIPAL DE SAÚDE DE BARBACENA;18.002;FUNDO MUNICIPAL DE SAUDE;2.010;MANUTENÇAO DA VIGILÂNCIA EPIDEMIOLÓGICA;4;VIGILANCIA EM SAUDE;10;Saúde;305;Vigilância Epidemiológica;220;3.3.90.18.00.00.00.00;AUXÍLIO FINANCEIRO A ESTUDANTES;1.600.000.0000;TRANSFERÊNCIAS FUNDO A FUNDO DE RECURSOS DO SUS PROVENIENTES DO GOVERNO FEDERAL - BLOCO DE MANUTENÇÃO DAS AÇÕES E SERVIÇOS PÚBLICOS DE SAÚDE;500,00
FUNDO MUNICIPAL DE SAÚDE DE BARBACENA;18.002;FUNDO MUNICIPAL DE SAUDE;2.010;MANUTENÇAO DA VIGILÂNCIA EPIDEMIOLÓGICA;4;VIGILANCIA EM SAUDE;10;Saúde;305;Vigilância Epidemiológica;221;3.3.90.30.00.00.00.00;MATERIAL DE CONSUMO;1.500.000.1002;RECURSOS NÃO VINCULADOS DE IMPOSTOS (SAÚDE);28.489,57
FUNDO MUNICIPAL DE SAÚDE DE BARBACENA;18.002;FUNDO MUNICIPAL DE SAUDE;2.010;MANUTENÇAO DA VIGILÂNCIA EPIDEMIOLÓGICA;4;VIGILANCIA EM SAUDE;10;Saúde;305;Vigilância Epidemiológica;221;3.3.90.30.00.00.00.00;MATERIAL DE CONSUMO;1.600.000.0000;TRANSFERÊNCIAS FUNDO A FUNDO DE RECURSOS DO SUS PROVENIENTES DO GOVERNO FEDERAL - BLOCO DE MANUTENÇÃO DAS AÇÕES E SERVIÇOS PÚBLICOS DE SAÚDE;15.827,14
FUNDO MUNICIPAL DE SAÚDE DE BARBACENA;18.002;FUNDO MUNICIPAL DE SAUDE;2.010;MANUTENÇAO DA VIGILÂNCIA EPIDEMIOLÓGICA;4;VIGILANCIA EM SAUDE;10;Saúde;305;Vigilância Epidemiológica;221;3.3.90.30.00.00.00.00;MATERIAL DE CONSUMO;2.600.000.0000;TRANSFERÊNCIAS FUNDO A FUNDO DE RECURSOS DO SUS PROVENIENTES DO GOVERNO FEDERAL - BLOCO DE MANUTENÇÃO DAS AÇÕES E SERVIÇOS PÚBLICOS DE SAÚDE;49.824,41
FUNDO MUNICIPAL DE SAÚDE DE BARBACENA;18.002;FUNDO MUNICIPAL DE SAUDE;2.010;MANUTENÇAO DA VIGILÂNCIA EPIDEMIOLÓGICA;4;VIGILANCIA EM SAUDE;10;Saúde;305;Vigilância Epidemiológica;221;3.3.90.30.00.00.00.00;MATERIAL DE CONSUMO;2.621.000.0000;TRANSFERÊNCIAS FUNDO A FUNDO DE RECURSOS DO SUS PROVENIENTES DO GOVERNO ESTADUAL;0,01
FUNDO MUNICIPAL DE SAÚDE DE BARBACENA;18.002;FUNDO MUNICIPAL DE SAUDE;2.010;MANUTENÇAO DA VIGILÂNCIA EPIDEMIOLÓGICA;4;VIGILANCIA EM SAUDE;10;Saúde;305;Vigilância Epidemiológica;222;3.3.90.39.00.00.00.00;OUTROS SERVIÇOS DE TERCEIROS - PESSOA JURÍDICA;1.500.000.1002;RECURSOS NÃO VINCULADOS DE IMPOSTOS (SAÚDE);47.752,32
FUNDO MUNICIPAL DE SAÚDE DE BARBACENA;18.002;FUNDO MUNICIPAL DE SAUDE;2.010;MANUTENÇAO DA VIGILÂNCIA EPIDEMIOLÓGICA;4;VIGILANCIA EM SAUDE;10;Saúde;305;Vigilância Epidemiológica;222;3.3.90.39.00.00.00.00;OUTROS SERVIÇOS DE TERCEIROS - PESSOA JURÍDICA;1.600.000.0000;TRANSFERÊNCIAS FUNDO A FUNDO DE RECURSOS DO SUS PROVENIENTES DO GOVERNO FEDERAL - BLOCO DE MANUTENÇÃO DAS AÇÕES E SERVIÇOS PÚBLICOS DE SAÚDE;52.572,85
FUNDO MUNICIPAL DE SAÚDE DE BARBACENA;18.002;FUNDO MUNICIPAL DE SAUDE;2.010;MANUTENÇAO DA VIGILÂNCIA EPIDEMIOLÓGICA;4;VIGILANCIA EM SAUDE;10;Saúde;305;Vigilância Epidemiológica;222;3.3.90.39.00.00.00.00;OUTROS SERVIÇOS DE TERCEIROS - PESSOA JURÍDICA;1.621.000.0000;TRANSFERÊNCIAS FUNDO A FUNDO DE RECURSOS DO SUS PROVENIENTES DO GOVERNO ESTADUAL;5.344,99
FUNDO MUNICIPAL DE SAÚDE DE BARBACENA;18.002;FUNDO MUNICIPAL DE SAUDE;2.010;MANUTENÇAO DA VIGILÂNCIA EPIDEMIOLÓGICA;4;VIGILANCIA EM SAUDE;10;Saúde;305;Vigilância Epidemiológica;222;3.3.90.39.00.00.00.00;OUTROS SERVIÇOS DE TERCEIROS - PESSOA JURÍDICA;2.600.000.0000;TRANSFERÊNCIAS FUNDO A FUNDO DE RECURSOS DO SUS PROVENIENTES DO GOVERNO FEDERAL - BLOCO DE MANUTENÇÃO DAS AÇÕES E SERVIÇOS PÚBLICOS DE SAÚDE;55.454,01
FUNDO MUNICIPAL DE SAÚDE DE BARBACENA;18.002;FUNDO MUNICIPAL DE SAUDE;2.010;MANUTENÇAO DA VIGILÂNCIA EPIDEMIOLÓGICA;4;VIGILANCIA EM SAUDE;10;Saúde;305;Vigilância Epidemiológica;222;3.3.90.39.00.00.00.00;OUTROS SERVIÇOS DE TERCEIROS - PESSOA JURÍDICA;2.621.000.0000;TRANSFERÊNCIAS FUNDO A FUNDO DE RECURSOS DO SUS PROVENIENTES DO GOVERNO ESTADUAL;28.400,64
FUNDO MUNICIPAL DE SAÚDE DE BARBACENA;18.002;FUNDO MUNICIPAL DE SAUDE;2.010;MANUTENÇAO DA VIGILÂNCIA EPIDEMIOLÓGICA;4;VIGILANCIA EM SAUDE;10;Saúde;305;Vigilância Epidemiológica;223;3.3.90.40.00.00.00.00;SERVIÇOS DE TECNOLOGIA DA INFORMAÇÃO E COMUNICAÇ;1.500.000.1002;RECURSOS NÃO VINCULADOS DE IMPOSTOS (SAÚDE);102,25
FUNDO MUNICIPAL DE SAÚDE DE BARBACENA;18.002;FUNDO MUNICIPAL DE SAUDE;2.010;MANUTENÇAO DA VIGILÂNCIA EPIDEMIOLÓGICA;4;VIGILANCIA EM SAUDE;10;Saúde;305;Vigilância Epidemiológica;223;3.3.90.40.00.00.00.00;SERVIÇOS DE TECNOLOGIA DA INFORMAÇÃO E COMUNICAÇ;1.600.000.0000;TRANSFERÊNCIAS FUNDO A FUNDO DE RECURSOS DO SUS PROVENIENTES DO GOVERNO FEDERAL - BLOCO DE MANUTENÇÃO DAS AÇÕES E SERVIÇOS PÚBLICOS DE SAÚDE;0,00
FUNDO MUNICIPAL DE SAÚDE DE BARBACENA;18.002;FUNDO MUNICIPAL DE SAUDE;2.010;MANUTENÇAO DA VIGILÂNCIA EPIDEMIOLÓGICA;4;VIGILANCIA EM SAUDE;10;Saúde;305;Vigilância Epidemiológica;224;3.3.90.46.00.00.00.00;AUXÍLIO-ALIMENTAÇÃO;1.500.000.1002;RECURSOS NÃO VINCULADOS DE IMPOSTOS (SAÚDE);54.735,00
FUNDO MUNICIPAL DE SAÚDE DE BARBACENA;18.002;FUNDO MUNICIPAL DE SAUDE;2.010;MANUTENÇAO DA VIGILÂNCIA EPIDEMIOLÓGICA;4;VIGILANCIA EM SAUDE;10;Saúde;305;Vigilância Epidemiológica;224;3.3.90.46.00.00.00.00;AUXÍLIO-ALIMENTAÇÃO;1.600.000.0000;TRANSFERÊNCIAS FUNDO A FUNDO DE RECURSOS DO SUS PROVENIENTES DO GOVERNO FEDERAL - BLOCO DE MANUTENÇÃO DAS AÇÕES E SERVIÇOS PÚBLICOS DE SAÚDE;9.457,38
FUNDO MUNICIPAL DE SAÚDE DE BARBACENA;18.002;FUNDO MUNICIPAL DE SAUDE;2.010;MANUTENÇAO DA VIGILÂNCIA EPIDEMIOLÓGICA;4;VIGILANCIA EM SAUDE;10;Saúde;305;Vigilância Epidemiológica;224;3.3.90.46.00.00.00.00;AUXÍLIO-ALIMENTAÇÃO;1.621.000.0000;TRANSFERÊNCIAS FUNDO A FUNDO DE RECURSOS DO SUS PROVENIENTES DO GOVERNO ESTADUAL;13.801,00
FUNDO MUNICIPAL DE SAÚDE DE BARBACENA;18.002;FUNDO MUNICIPAL DE SAUDE;2.010;MANUTENÇAO DA VIGILÂNCIA EPIDEMIOLÓGICA;4;VIGILANCIA EM SAUDE;10;Saúde;305;Vigilância Epidemiológica;224;3.3.90.46.00.00.00.00;AUXÍLIO-ALIMENTAÇÃO;2.621.000.0000;TRANSFERÊNCIAS FUNDO A FUNDO DE RECURSOS DO SUS PROVENIENTES DO GOVERNO ESTADUAL;10.500,00
FUNDO MUNICIPAL DE SAÚDE DE BARBACENA;18.002;FUNDO MUNICIPAL DE SAUDE;2.010;MANUTENÇAO DA VIGILÂNCIA EPIDEMIOLÓGICA;4;VIGILANCIA EM SAUDE;10;Saúde;305;Vigilância Epidemiológica;225;3.3.90.92.00.00.00.00;DESPESAS DE EXERCÍCIOS ANTERIORES;1.500.000.1002;RECURSOS NÃO VINCULADOS DE IMPOSTOS (SAÚDE);453,11
FUNDO MUNICIPAL DE SAÚDE DE BARBACENA;18.002;FUNDO MUNICIPAL DE SAUDE;2.010;MANUTENÇAO DA VIGILÂNCIA EPIDEMIOLÓGICA;4;VIGILANCIA EM SAUDE;10;Saúde;305;Vigilância Epidemiológica;225;3.3.90.92.00.00.00.00;DESPESAS DE EXERCÍCIOS ANTERIORES;1.600.000.0000;TRANSFERÊNCIAS FUNDO A FUNDO DE RECURSOS DO SUS PROVENIENTES DO GOVERNO FEDERAL - BLOCO DE MANUTENÇÃO DAS AÇÕES E SERVIÇOS PÚBLICOS DE SAÚDE;0,00
FUNDO MUNICIPAL DE SAÚDE DE BARBACENA;18.002;FUNDO MUNICIPAL DE SAUDE;2.010;MANUTENÇAO DA VIGILÂNCIA EPIDEMIOLÓGICA;4;VIGILANCIA EM SAUDE;10;Saúde;305;Vigilância Epidemiológica;226;4.4.90.52.00.00.00.00;EQUIPAMENTOS E MATERIAL PERMANENTE;1.500.000.1002;RECURSOS NÃO VINCULADOS DE IMPOSTOS (SAÚDE);153.664,76
FUNDO MUNICIPAL DE SAÚDE DE BARBACENA;18.002;FUNDO MUNICIPAL DE SAUDE;2.010;MANUTENÇAO DA VIGILÂNCIA EPIDEMIOLÓGICA;4;VIGILANCIA EM SAUDE;10;Saúde;305;Vigilância Epidemiológica;226;4.4.90.52.00.00.00.00;EQUIPAMENTOS E MATERIAL PERMANENTE;1.600.000.0000;TRANSFERÊNCIAS FUNDO A FUNDO DE RECURSOS DO SUS PROVENIENTES DO GOVERNO FEDERAL - BLOCO DE MANUTENÇÃO DAS AÇÕES E SERVIÇOS PÚBLICOS DE SAÚDE;0,00
FUNDO MUNICIPAL DE SAÚDE DE BARBACENA;18.002;FUNDO MUNICIPAL DE SAUDE;2.010;MANUTENÇAO DA VIGILÂNCIA EPIDEMIOLÓGICA;4;VIGILANCIA EM SAUDE;10;Saúde;305;Vigilância Epidemiológica;226;4.4.90.52.00.00.00.00;EQUIPAMENTOS E MATERIAL PERMANENTE;1.621.000.0000;TRANSFERÊNCIAS FUNDO A FUNDO DE RECURSOS DO SUS PROVENIENTES DO GOVERNO ESTADUAL;1.000,00
FUNDO MUNICIPAL DE SAÚDE DE BARBACENA;18.002;FUNDO MUNICIPAL DE SAUDE;2.010;MANUTENÇAO DA VIGILÂNCIA EPIDEMIOLÓGICA;4;VIGILANCIA EM SAUDE;10;Saúde;305;Vigilância Epidemiológica;226;4.4.90.52.00.00.00.00;EQUIPAMENTOS E MATERIAL PERMANENTE;2.621.000.0000;TRANSFERÊNCIAS FUNDO A FUNDO DE RECURSOS DO SUS PROVENIENTES DO GOVERNO ESTADUAL;183.282,71
FUNDO MUNICIPAL DE SAÚDE DE BARBACENA;18.002;FUNDO MUNICIPAL DE SAUDE;2.010;MANUTENÇAO DA VIGILÂNCIA EPIDEMIOLÓGICA;4;VIGILANCIA EM SAUDE;10;Saúde;305;Vigilância Epidemiológica;252;3.3.50.41.00.00.00.00;CONTRIBUIÇÕES;2.621.000.0000;TRANSFERÊNCIAS FUNDO A FUNDO DE RECURSOS DO SUS PROVENIENTES DO GOVERNO ESTADUAL;80.471,72
FUNDO MUNICIPAL DE SAÚDE DE BARBACENA;18.002;FUNDO MUNICIPAL DE SAUDE;2.014;MANUTENÇÃO DO CENTRO DE TESTAGEM E ACONSELHAMENTO - IST/AIDS;4;VIGILANCIA EM SAUDE;10;Saúde;305;Vigilância Epidemiológica;227;3.1.90.04.00.00.00.00;CONTRATAÇÃO POR TEMPO DETERMINADO;1.500.000.1002;RECURSOS NÃO VINCULADOS DE IMPOSTOS (SAÚDE);142.988,78
FUNDO MUNICIPAL DE SAÚDE DE BARBACENA;18.002;FUNDO MUNICIPAL DE SAUDE;2.014;MANUTENÇÃO DO CENTRO DE TESTAGEM E ACONSELHAMENTO - IST/AIDS;4;VIGILANCIA EM SAUDE;10;Saúde;305;Vigilância Epidemiológica;227;3.1.90.04.00.00.00.00;CONTRATAÇÃO POR TEMPO DETERMINADO;1.600.000.0000;TRANSFERÊNCIAS FUNDO A FUNDO DE RECURSOS DO SUS PROVENIENTES DO GOVERNO FEDERAL - BLOCO DE MANUTENÇÃO DAS AÇÕES E SERVIÇOS PÚBLICOS DE SAÚDE;27.119,49
FUNDO MUNICIPAL DE SAÚDE DE BARBACENA;18.002;FUNDO MUNICIPAL DE SAUDE;2.014;MANUTENÇÃO DO CENTRO DE TESTAGEM E ACONSELHAMENTO - IST/AIDS;4;VIGILANCIA EM SAUDE;10;Saúde;305;Vigilância Epidemiológica;227;3.1.90.04.00.00.00.00;CONTRATAÇÃO POR TEMPO DETERMINADO;1.621.000.0000;TRANSFERÊNCIAS FUNDO A FUNDO DE RECURSOS DO SUS PROVENIENTES DO GOVERNO ESTADUAL;51.503,06
FUNDO MUNICIPAL DE SAÚDE DE BARBACENA;18.002;FUNDO MUNICIPAL DE SAUDE;2.014;MANUTENÇÃO DO CENTRO DE TESTAGEM E ACONSELHAMENTO - IST/AIDS;4;VIGILANCIA EM SAUDE;10;Saúde;305;Vigilância Epidemiológica;227;3.1.90.04.00.00.00.00;CONTRATAÇÃO POR TEMPO DETERMINADO;2.621.000.0000;TRANSFERÊNCIAS FUNDO A FUNDO DE RECURSOS DO SUS PROVENIENTES DO GOVERNO ESTADUAL;22.000,00
FUNDO MUNICIPAL DE SAÚDE DE BARBACENA;18.002;FUNDO MUNICIPAL DE SAUDE;2.014;MANUTENÇÃO DO CENTRO DE TESTAGEM E ACONSELHAMENTO - IST/AIDS;4;VIGILANCIA EM SAUDE;10;Saúde;305;Vigilância Epidemiológica;228;3.1.90.11.00.00.00.00;VENCIMENTOS E VANTAGENS FIXAS - PESSOAL CIVIL;1.500.000.1002;RECURSOS NÃO VINCULADOS DE IMPOSTOS (SAÚDE);221.502,19
FUNDO MUNICIPAL DE SAÚDE DE BARBACENA;18.002;FUNDO MUNICIPAL DE SAUDE;2.014;MANUTENÇÃO DO CENTRO DE TESTAGEM E ACONSELHAMENTO - IST/AIDS;4;VIGILANCIA EM SAUDE;10;Saúde;305;Vigilância Epidemiológica;228;3.1.90.11.00.00.00.00;VENCIMENTOS E VANTAGENS FIXAS - PESSOAL CIVIL;1.600.000.0000;TRANSFERÊNCIAS FUNDO A FUNDO DE RECURSOS DO SUS PROVENIENTES DO GOVERNO FEDERAL - BLOCO DE MANUTENÇÃO DAS AÇÕES E SERVIÇOS PÚBLICOS DE SAÚDE;86.010,26
FUNDO MUNICIPAL DE SAÚDE DE BARBACENA;18.002;FUNDO MUNICIPAL DE SAUDE;2.014;MANUTENÇÃO DO CENTRO DE TESTAGEM E ACONSELHAMENTO - IST/AIDS;4;VIGILANCIA EM SAUDE;10;Saúde;305;Vigilância Epidemiológica;228;3.1.90.11.00.00.00.00;VENCIMENTOS E VANTAGENS FIXAS - PESSOAL CIVIL;1.621.000.0000;TRANSFERÊNCIAS FUNDO A FUNDO DE RECURSOS DO SUS PROVENIENTES DO GOVERNO ESTADUAL;121.858,18
FUNDO MUNICIPAL DE SAÚDE DE BARBACENA;18.002;FUNDO MUNICIPAL DE SAUDE;2.014;MANUTENÇÃO DO CENTRO DE TESTAGEM E ACONSELHAMENTO - IST/AIDS;4;VIGILANCIA EM SAUDE;10;Saúde;305;Vigilância Epidemiológica;228;3.1.90.11.00.00.00.00;VENCIMENTOS E VANTAGENS FIXAS - PESSOAL CIVIL;2.621.000.0000;TRANSFERÊNCIAS FUNDO A FUNDO DE RECURSOS DO SUS PROVENIENTES DO GOVERNO ESTADUAL;38.000,00
FUNDO MUNICIPAL DE SAÚDE DE BARBACENA;18.002;FUNDO MUNICIPAL DE SAUDE;2.014;MANUTENÇÃO DO CENTRO DE TESTAGEM E ACONSELHAMENTO - IST/AIDS;4;VIGILANCIA EM SAUDE;10;Saúde;305;Vigilância Epidemiológica;229;3.1.91.13.00.00.00.00;OBRIGAÇÕES PATRONAIS;1.500.000.1002;RECURSOS NÃO VINCULADOS DE IMPOSTOS (SAÚDE);55.580,36
FUNDO MUNICIPAL DE SAÚDE DE BARBACENA;18.002;FUNDO MUNICIPAL DE SAUDE;2.014;MANUTENÇÃO DO CENTRO DE TESTAGEM E ACONSELHAMENTO - IST/AIDS;4;VIGILANCIA EM SAUDE;10;Saúde;305;Vigilância Epidemiológica;229;3.1.91.13.00.00.00.00;OBRIGAÇÕES PATRONAIS;1.600.000.0000;TRANSFERÊNCIAS FUNDO A FUNDO DE RECURSOS DO SUS PROVENIENTES DO GOVERNO FEDERAL - BLOCO DE MANUTENÇÃO DAS AÇÕES E SERVIÇOS PÚBLICOS DE SAÚDE;17.170,31
FUNDO MUNICIPAL DE SAÚDE DE BARBACENA;18.002;FUNDO MUNICIPAL DE SAUDE;2.014;MANUTENÇÃO DO CENTRO DE TESTAGEM E ACONSELHAMENTO - IST/AIDS;4;VIGILANCIA EM SAUDE;10;Saúde;305;Vigilância Epidemiológica;229;3.1.91.13.00.00.00.00;OBRIGAÇÕES PATRONAIS;1.621.000.0000;TRANSFERÊNCIAS FUNDO A FUNDO DE RECURSOS DO SUS PROVENIENTES DO GOVERNO ESTADUAL;37.313,21
FUNDO MUNICIPAL DE SAÚDE DE BARBACENA;18.002;FUNDO MUNICIPAL DE SAUDE;2.014;MANUTENÇÃO DO CENTRO DE TESTAGEM E ACONSELHAMENTO - IST/AIDS;4;VIGILANCIA EM SAUDE;10;Saúde;305;Vigilância Epidemiológica;229;3.1.91.13.00.00.00.00;OBRIGAÇÕES PATRONAIS;2.621.000.0000;TRANSFERÊNCIAS FUNDO A FUNDO DE RECURSOS DO SUS PROVENIENTES DO GOVERNO ESTADUAL;10.000,00
FUNDO MUNICIPAL DE SAÚDE DE BARBACENA;18.002;FUNDO MUNICIPAL DE SAUDE;2.014;MANUTENÇÃO DO CENTRO DE TESTAGEM E ACONSELHAMENTO - IST/AIDS;4;VIGILANCIA EM SAUDE;10;Saúde;305;Vigilância Epidemiológica;230;3.3.90.08.00.00.00.00;OUTROS BENEFÍCIOS ASSISTENCIAIS-SERVIDOR/MILITAR;1.500.000.1002;RECURSOS NÃO VINCULADOS DE IMPOSTOS (SAÚDE);0,00
FUNDO MUNICIPAL DE SAÚDE DE BARBACENA;18.002;FUNDO MUNICIPAL DE SAUDE;2.014;MANUTENÇÃO DO CENTRO DE TESTAGEM E ACONSELHAMENTO - IST/AIDS;4;VIGILANCIA EM SAUDE;10;Saúde;305;Vigilância Epidemiológica;230;3.3.90.08.00.00.00.00;OUTROS BENEFÍCIOS ASSISTENCIAIS-SERVIDOR/MILITAR;1.600.000.0000;TRANSFERÊNCIAS FUNDO A FUNDO DE RECURSOS DO SUS PROVENIENTES DO GOVERNO FEDERAL - BLOCO DE MANUTENÇÃO DAS AÇÕES E SERVIÇOS PÚBLICOS DE SAÚDE;1.000,00
FUNDO MUNICIPAL DE SAÚDE DE BARBACENA;18.002;FUNDO MUNICIPAL DE SAUDE;2.014;MANUTENÇÃO DO CENTRO DE TESTAGEM E ACONSELHAMENTO - IST/AIDS;4;VIGILANCIA EM SAUDE;10;Saúde;305;Vigilância Epidemiológica;231;3.3.90.18.00.00.00.00;AUXÍLIO FINANCEIRO A ESTUDANTES;1.600.000.0000;TRANSFERÊNCIAS FUNDO A FUNDO DE RECURSOS DO SUS PROVENIENTES DO GOVERNO FEDERAL - BLOCO DE MANUTENÇÃO DAS AÇÕES E SERVIÇOS PÚBLICOS DE SAÚDE;500,00
FUNDO MUNICIPAL DE SAÚDE DE BARBACENA;18.002;FUNDO MUNICIPAL DE SAUDE;2.014;MANUTENÇÃO DO CENTRO DE TESTAGEM E ACONSELHAMENTO - IST/AIDS;4;VIGILANCIA EM SAUDE;10;Saúde;305;Vigilância Epidemiológica;232;3.3.90.30.00.00.00.00;MATERIAL DE CONSUMO;1.600.000.0000;TRANSFERÊNCIAS FUNDO A FUNDO DE RECURSOS DO SUS PROVENIENTES DO GOVERNO FEDERAL - BLOCO DE MANUTENÇÃO DAS AÇÕES E SERVIÇOS PÚBLICOS DE SAÚDE;10.000,00
FUNDO MUNICIPAL DE SAÚDE DE BARBACENA;18.002;FUNDO MUNICIPAL DE SAUDE;2.014;MANUTENÇÃO DO CENTRO DE TESTAGEM E ACONSELHAMENTO - IST/AIDS;4;VIGILANCIA EM SAUDE;10;Saúde;305;Vigilância Epidemiológica;232;3.3.90.30.00.00.00.00;MATERIAL DE CONSUMO;2.600.000.0000;TRANSFERÊNCIAS FUNDO A FUNDO DE RECURSOS DO SUS PROVENIENTES DO GOVERNO FEDERAL - BLOCO DE MANUTENÇÃO DAS AÇÕES E SERVIÇOS PÚBLICOS DE SAÚDE;20.000,01
FUNDO MUNICIPAL DE SAÚDE DE BARBACENA;18.002;FUNDO MUNICIPAL DE SAUDE;2.014;MANUTENÇÃO DO CENTRO DE TESTAGEM E ACONSELHAMENTO - IST/AIDS;4;VIGILANCIA EM SAUDE;10;Saúde;305;Vigilância Epidemiológica;232;3.3.90.30.00.00.00.00;MATERIAL DE CONSUMO;2.621.000.0000;TRANSFERÊNCIAS FUNDO A FUNDO DE RECURSOS DO SUS PROVENIENTES DO GOVERNO ESTADUAL;0,01
FUNDO MUNICIPAL DE SAÚDE DE BARBACENA;18.002;FUNDO MUNICIPAL DE SAUDE;2.014;MANUTENÇÃO DO CENTRO DE TESTAGEM E ACONSELHAMENTO - IST/AIDS;4;VIGILANCIA EM SAUDE;10;Saúde;305;Vigilância Epidemiológica;233;3.3.90.39.00.00.00.00;OUTROS SERVIÇOS DE TERCEIROS - PESSOA JURÍDICA;1.600.000.0000;TRANSFERÊNCIAS FUNDO A FUNDO DE RECURSOS DO SUS PROVENIENTES DO GOVERNO FEDERAL - BLOCO DE MANUTENÇÃO DAS AÇÕES E SERVIÇOS PÚBLICOS DE SAÚDE;43.194,22
FUNDO MUNICIPAL DE SAÚDE DE BARBACENA;18.002;FUNDO MUNICIPAL DE SAUDE;2.014;MANUTENÇÃO DO CENTRO DE TESTAGEM E ACONSELHAMENTO - IST/AIDS;4;VIGILANCIA EM SAUDE;10;Saúde;305;Vigilância Epidemiológica;233;3.3.90.39.00.00.00.00;OUTROS SERVIÇOS DE TERCEIROS - PESSOA JURÍDICA;1.621.000.0000;TRANSFERÊNCIAS FUNDO A FUNDO DE RECURSOS DO SUS PROVENIENTES DO GOVERNO ESTADUAL;1.000,00
FUNDO MUNICIPAL DE SAÚDE DE BARBACENA;18.002;FUNDO MUNICIPAL DE SAUDE;2.014;MANUTENÇÃO DO CENTRO DE TESTAGEM E ACONSELHAMENTO - IST/AIDS;4;VIGILANCIA EM SAUDE;10;Saúde;305;Vigilância Epidemiológica;233;3.3.90.39.00.00.00.00;OUTROS SERVIÇOS DE TERCEIROS - PESSOA JURÍDICA;2.600.000.0000;TRANSFERÊNCIAS FUNDO A FUNDO DE RECURSOS DO SUS PROVENIENTES DO GOVERNO FEDERAL - BLOCO DE MANUTENÇÃO DAS AÇÕES E SERVIÇOS PÚBLICOS DE SAÚDE;40.000,01
FUNDO MUNICIPAL DE SAÚDE DE BARBACENA;18.002;FUNDO MUNICIPAL DE SAUDE;2.014;MANUTENÇÃO DO CENTRO DE TESTAGEM E ACONSELHAMENTO - IST/AIDS;4;VIGILANCIA EM SAUDE;10;Saúde;305;Vigilância Epidemiológica;233;3.3.90.39.00.00.00.00;OUTROS SERVIÇOS DE TERCEIROS - PESSOA JURÍDICA;2.621.000.0000;TRANSFERÊNCIAS FUNDO A FUNDO DE RECURSOS DO SUS PROVENIENTES DO GOVERNO ESTADUAL;36.450,96
FUNDO MUNICIPAL DE SAÚDE DE BARBACENA;18.002;FUNDO MUNICIPAL DE SAUDE;2.014;MANUTENÇÃO DO CENTRO DE TESTAGEM E ACONSELHAMENTO - IST/AIDS;4;VIGILANCIA EM SAUDE;10;Saúde;305;Vigilância Epidemiológica;234;3.3.90.46.00.00.00.00;AUXÍLIO-ALIMENTAÇÃO;1.500.000.1002;RECURSOS NÃO VINCULADOS DE IMPOSTOS (SAÚDE);24.400,00
FUNDO MUNICIPAL DE SAÚDE DE BARBACENA;18.002;FUNDO MUNICIPAL DE SAUDE;2.014;MANUTENÇÃO DO CENTRO DE TESTAGEM E ACONSELHAMENTO - IST/AIDS;4;VIGILANCIA EM SAUDE;10;Saúde;305;Vigilância Epidemiológica;234;3.3.90.46.00.00.00.00;AUXÍLIO-ALIMENTAÇÃO;1.600.000.0000;TRANSFERÊNCIAS FUNDO A FUNDO DE RECURSOS DO SUS PROVENIENTES DO GOVERNO FEDERAL - BLOCO DE MANUTENÇÃO DAS AÇÕES E SERVIÇOS PÚBLICOS DE SAÚDE;3.500,00
FUNDO MUNICIPAL DE SAÚDE DE BARBACENA;18.002;FUNDO MUNICIPAL DE SAUDE;2.014;MANUTENÇÃO DO CENTRO DE TESTAGEM E ACONSELHAMENTO - IST/AIDS;4;VIGILANCIA EM SAUDE;10;Saúde;305;Vigilância Epidemiológica;234;3.3.90.46.00.00.00.00;AUXÍLIO-ALIMENTAÇÃO;1.621.000.0000;TRANSFERÊNCIAS FUNDO A FUNDO DE RECURSOS DO SUS PROVENIENTES DO GOVERNO ESTADUAL;10.710,00
FUNDO MUNICIPAL DE SAÚDE DE BARBACENA;18.002;FUNDO MUNICIPAL DE SAUDE;2.014;MANUTENÇÃO DO CENTRO DE TESTAGEM E ACONSELHAMENTO - IST/AIDS;4;VIGILANCIA EM SAUDE;10;Saúde;305;Vigilância Epidemiológica;234;3.3.90.46.00.00.00.00;AUXÍLIO-ALIMENTAÇÃO;2.621.000.0000;TRANSFERÊNCIAS FUNDO A FUNDO DE RECURSOS DO SUS PROVENIENTES DO GOVERNO ESTADUAL;4.500,00
FUNDO MUNICIPAL DE SAÚDE DE BARBACENA;18.002;FUNDO MUNICIPAL DE SAUDE;2.014;MANUTENÇÃO DO CENTRO DE TESTAGEM E ACONSELHAMENTO - IST/AIDS;4;VIGILANCIA EM SAUDE;10;Saúde;305;Vigilância Epidemiológica;235;4.4.90.52.00.00.00.00;EQUIPAMENTOS E MATERIAL PERMANENTE;1.600.000.0000;TRANSFERÊNCIAS FUNDO A FUNDO DE RECURSOS DO SUS PROVENIENTES DO GOVERNO FEDERAL - BLOCO DE MANUTENÇÃO DAS AÇÕES E SERVIÇOS PÚBLICOS DE SAÚDE;335,83
FUNDO MUNICIPAL DE SAÚDE DE BARBACENA;18.002;FUNDO MUNICIPAL DE SAUDE;2.014;MANUTENÇÃO DO CENTRO DE TESTAGEM E ACONSELHAMENTO - IST/AIDS;4;VIGILANCIA EM SAUDE;10;Saúde;305;Vigilância Epidemiológica;235;4.4.90.52.00.00.00.00;EQUIPAMENTOS E MATERIAL PERMANENTE;2.621.000.0000;TRANSFERÊNCIAS FUNDO A FUNDO DE RECURSOS DO SUS PROVENIENTES DO GOVERNO ESTADUAL;133.426,01
FUNDO MUNICIPAL DE SAÚDE DE BARBACENA;18.002;FUNDO MUNICIPAL DE SAUDE;2.028;MANUTENÇÃO DA VIGILÂNCIA AMBIENTAL E AÇÕES DE CONTROLE DE ZOONOSES;4;VIGILANCIA EM SAUDE;10;Saúde;305;Vigilância Epidemiológica;236;3.1.90.04.00.00.00.00;CONTRATAÇÃO POR TEMPO DETERMINADO;1.500.000.1002;RECURSOS NÃO VINCULADOS DE IMPOSTOS (SAÚDE);535.411,90
FUNDO MUNICIPAL DE SAÚDE DE BARBACENA;18.002;FUNDO MUNICIPAL DE SAUDE;2.028;MANUTENÇÃO DA VIGILÂNCIA AMBIENTAL E AÇÕES DE CONTROLE DE ZOONOSES;4;VIGILANCIA EM SAUDE;10;Saúde;305;Vigilância Epidemiológica;236;3.1.90.04.00.00.00.00;CONTRATAÇÃO POR TEMPO DETERMINADO;1.600.000.0000;TRANSFERÊNCIAS FUNDO A FUNDO DE RECURSOS DO SUS PROVENIENTES DO GOVERNO FEDERAL - BLOCO DE MANUTENÇÃO DAS AÇÕES E SERVIÇOS PÚBLICOS DE SAÚDE;89.176,78
FUNDO MUNICIPAL DE SAÚDE DE BARBACENA;18.002;FUNDO MUNICIPAL DE SAUDE;2.028;MANUTENÇÃO DA VIGILÂNCIA AMBIENTAL E AÇÕES DE CONTROLE DE ZOONOSES;4;VIGILANCIA EM SAUDE;10;Saúde;305;Vigilância Epidemiológica;236;3.1.90.04.00.00.00.00;CONTRATAÇÃO POR TEMPO DETERMINADO;1.604.000.0000;TRANSFERÊNCIAS PROVENIENTES DO GOVERNO FEDERAL DESTINADAS AO VENCIMENTO DOS AGENTES COMUNITÁRIOS DE SAÚDE E DOS AGENTES DE COMBATE ÀS ENDEMIAS;100.000,00
FUNDO MUNICIPAL DE SAÚDE DE BARBACENA;18.002;FUNDO MUNICIPAL DE SAUDE;2.028;MANUTENÇÃO DA VIGILÂNCIA AMBIENTAL E AÇÕES DE CONTROLE DE ZOONOSES;4;VIGILANCIA EM SAUDE;10;Saúde;305;Vigilância Epidemiológica;236;3.1.90.04.00.00.00.00;CONTRATAÇÃO POR TEMPO DETERMINADO;1.621.000.0000;TRANSFERÊNCIAS FUNDO A FUNDO DE RECURSOS DO SUS PROVENIENTES DO GOVERNO ESTADUAL;321.299,23
FUNDO MUNICIPAL DE SAÚDE DE BARBACENA;18.002;FUNDO MUNICIPAL DE SAUDE;2.028;MANUTENÇÃO DA VIGILÂNCIA AMBIENTAL E AÇÕES DE CONTROLE DE ZOONOSES;4;VIGILANCIA EM SAUDE;10;Saúde;305;Vigilância Epidemiológica;236;3.1.90.04.00.00.00.00;CONTRATAÇÃO POR TEMPO DETERMINADO;2.621.000.0000;TRANSFERÊNCIAS FUNDO A FUNDO DE RECURSOS DO SUS PROVENIENTES DO GOVERNO ESTADUAL;96.000,00
FUNDO MUNICIPAL DE SAÚDE DE BARBACENA;18.002;FUNDO MUNICIPAL DE SAUDE;2.028;MANUTENÇÃO DA VIGILÂNCIA AMBIENTAL E AÇÕES DE CONTROLE DE ZOONOSES;4;VIGILANCIA EM SAUDE;10;Saúde;305;Vigilância Epidemiológica;237;3.1.90.11.00.00.00.00;VENCIMENTOS E VANTAGENS FIXAS - PESSOAL CIVIL;1.500.000.1002;RECURSOS NÃO VINCULADOS DE IMPOSTOS (SAÚDE);159.765,20
FUNDO MUNICIPAL DE SAÚDE DE BARBACENA;18.002;FUNDO MUNICIPAL DE SAUDE;2.028;MANUTENÇÃO DA VIGILÂNCIA AMBIENTAL E AÇÕES DE CONTROLE DE ZOONOSES;4;VIGILANCIA EM SAUDE;10;Saúde;305;Vigilância Epidemiológica;237;3.1.90.11.00.00.00.00;VENCIMENTOS E VANTAGENS FIXAS - PESSOAL CIVIL;1.600.000.0000;TRANSFERÊNCIAS FUNDO A FUNDO DE RECURSOS DO SUS PROVENIENTES DO GOVERNO FEDERAL - BLOCO DE MANUTENÇÃO DAS AÇÕES E SERVIÇOS PÚBLICOS DE SAÚDE;0,00
FUNDO MUNICIPAL DE SAÚDE DE BARBACENA;18.002;FUNDO MUNICIPAL DE SAUDE;2.028;MANUTENÇÃO DA VIGILÂNCIA AMBIENTAL E AÇÕES DE CONTROLE DE ZOONOSES;4;VIGILANCIA EM SAUDE;10;Saúde;305;Vigilância Epidemiológica;237;3.1.90.11.00.00.00.00;VENCIMENTOS E VANTAGENS FIXAS - PESSOAL CIVIL;1.604.000.0000;TRANSFERÊNCIAS PROVENIENTES DO GOVERNO FEDERAL DESTINADAS AO VENCIMENTO DOS AGENTES COMUNITÁRIOS DE SAÚDE E DOS AGENTES DE COMBATE ÀS ENDEMIAS;1.312.694,16
FUNDO MUNICIPAL DE SAÚDE DE BARBACENA;18.002;FUNDO MUNICIPAL DE SAUDE;2.028;MANUTENÇÃO DA VIGILÂNCIA AMBIENTAL E AÇÕES DE CONTROLE DE ZOONOSES;4;VIGILANCIA EM SAUDE;10;Saúde;305;Vigilância Epidemiológica;237;3.1.90.11.00.00.00.00;VENCIMENTOS E VANTAGENS FIXAS - PESSOAL CIVIL;1.621.000.0000;TRANSFERÊNCIAS FUNDO A FUNDO DE RECURSOS DO SUS PROVENIENTES DO GOVERNO ESTADUAL;329.702,70
FUNDO MUNICIPAL DE SAÚDE DE BARBACENA;18.002;FUNDO MUNICIPAL DE SAUDE;2.028;MANUTENÇÃO DA VIGILÂNCIA AMBIENTAL E AÇÕES DE CONTROLE DE ZOONOSES;4;VIGILANCIA EM SAUDE;10;Saúde;305;Vigilância Epidemiológica;237;3.1.90.11.00.00.00.00;VENCIMENTOS E VANTAGENS FIXAS - PESSOAL CIVIL;2.621.000.0000;TRANSFERÊNCIAS FUNDO A FUNDO DE RECURSOS DO SUS PROVENIENTES DO GOVERNO ESTADUAL;115.000,00
FUNDO MUNICIPAL DE SAÚDE DE BARBACENA;18.002;FUNDO MUNICIPAL DE SAUDE;2.028;MANUTENÇÃO DA VIGILÂNCIA AMBIENTAL E AÇÕES DE CONTROLE DE ZOONOSES;4;VIGILANCIA EM SAUDE;10;Saúde;305;Vigilância Epidemiológica;238;3.1.91.13.00.00.00.00;OBRIGAÇÕES PATRONAIS;1.500.000.1002;RECURSOS NÃO VINCULADOS DE IMPOSTOS (SAÚDE);42.799,63
FUNDO MUNICIPAL DE SAÚDE DE BARBACENA;18.002;FUNDO MUNICIPAL DE SAUDE;2.028;MANUTENÇÃO DA VIGILÂNCIA AMBIENTAL E AÇÕES DE CONTROLE DE ZOONOSES;4;VIGILANCIA EM SAUDE;10;Saúde;305;Vigilância Epidemiológica;238;3.1.91.13.00.00.00.00;OBRIGAÇÕES PATRONAIS;1.600.000.0000;TRANSFERÊNCIAS FUNDO A FUNDO DE RECURSOS DO SUS PROVENIENTES DO GOVERNO FEDERAL - BLOCO DE MANUTENÇÃO DAS AÇÕES E SERVIÇOS PÚBLICOS DE SAÚDE;38,03
FUNDO MUNICIPAL DE SAÚDE DE BARBACENA;18.002;FUNDO MUNICIPAL DE SAUDE;2.028;MANUTENÇÃO DA VIGILÂNCIA AMBIENTAL E AÇÕES DE CONTROLE DE ZOONOSES;4;VIGILANCIA EM SAUDE;10;Saúde;305;Vigilância Epidemiológica;238;3.1.91.13.00.00.00.00;OBRIGAÇÕES PATRONAIS;1.604.000.0000;TRANSFERÊNCIAS PROVENIENTES DO GOVERNO FEDERAL DESTINADAS AO VENCIMENTO DOS AGENTES COMUNITÁRIOS DE SAÚDE E DOS AGENTES DE COMBATE ÀS ENDEMIAS;179.901,34
FUNDO MUNICIPAL DE SAÚDE DE BARBACENA;18.002;FUNDO MUNICIPAL DE SAUDE;2.028;MANUTENÇÃO DA VIGILÂNCIA AMBIENTAL E AÇÕES DE CONTROLE DE ZOONOSES;4;VIGILANCIA EM SAUDE;10;Saúde;305;Vigilância Epidemiológica;238;3.1.91.13.00.00.00.00;OBRIGAÇÕES PATRONAIS;1.621.000.0000;TRANSFERÊNCIAS FUNDO A FUNDO DE RECURSOS DO SUS PROVENIENTES DO GOVERNO ESTADUAL;103.675,96
FUNDO MUNICIPAL DE SAÚDE DE BARBACENA;18.002;FUNDO MUNICIPAL DE SAUDE;2.028;MANUTENÇÃO DA VIGILÂNCIA AMBIENTAL E AÇÕES DE CONTROLE DE ZOONOSES;4;VIGILANCIA EM SAUDE;10;Saúde;305;Vigilância Epidemiológica;238;3.1.91.13.00.00.00.00;OBRIGAÇÕES PATRONAIS;2.621.000.0000;TRANSFERÊNCIAS FUNDO A FUNDO DE RECURSOS DO SUS PROVENIENTES DO GOVERNO ESTADUAL;30.000,00
FUNDO MUNICIPAL DE SAÚDE DE BARBACENA;18.002;FUNDO MUNICIPAL DE SAUDE;2.028;MANUTENÇÃO DA VIGILÂNCIA AMBIENTAL E AÇÕES DE CONTROLE DE ZOONOSES;4;VIGILANCIA EM SAUDE;10;Saúde;305;Vigilância Epidemiológica;239;3.3.90.08.00.00.00.00;OUTROS BENEFÍCIOS ASSISTENCIAIS-SERVIDOR/MILITAR;1.600.000.0000;TRANSFERÊNCIAS FUNDO A FUNDO DE RECURSOS DO SUS PROVENIENTES DO GOVERNO FEDERAL - BLOCO DE MANUTENÇÃO DAS AÇÕES E SERVIÇOS PÚBLICOS DE SAÚDE;1.000,00
FUNDO MUNICIPAL DE SAÚDE DE BARBACENA;18.002;FUNDO MUNICIPAL DE SAUDE;2.028;MANUTENÇÃO DA VIGILÂNCIA AMBIENTAL E AÇÕES DE CONTROLE DE ZOONOSES;4;VIGILANCIA EM SAUDE;10;Saúde;305;Vigilância Epidemiológica;239;3.3.90.08.00.00.00.00;OUTROS BENEFÍCIOS ASSISTENCIAIS-SERVIDOR/MILITAR;1.604.000.0000;TRANSFERÊNCIAS PROVENIENTES DO GOVERNO FEDERAL DESTINADAS AO VENCIMENTO DOS AGENTES COMUNITÁRIOS DE SAÚDE E DOS AGENTES DE COMBATE ÀS ENDEMIAS;1.000,00
FUNDO MUNICIPAL DE SAÚDE DE BARBACENA;18.002;FUNDO MUNICIPAL DE SAUDE;2.028;MANUTENÇÃO DA VIGILÂNCIA AMBIENTAL E AÇÕES DE CONTROLE DE ZOONOSES;4;VIGILANCIA EM SAUDE;10;Saúde;305;Vigilância Epidemiológica;239;3.3.90.08.00.00.00.00;OUTROS BENEFÍCIOS ASSISTENCIAIS-SERVIDOR/MILITAR;2.621.000.0000;TRANSFERÊNCIAS FUNDO A FUNDO DE RECURSOS DO SUS PROVENIENTES DO GOVERNO ESTADUAL;10.000,00
FUNDO MUNICIPAL DE SAÚDE DE BARBACENA;18.002;FUNDO MUNICIPAL DE SAUDE;2.028;MANUTENÇÃO DA VIGILÂNCIA AMBIENTAL E AÇÕES DE CONTROLE DE ZOONOSES;4;VIGILANCIA EM SAUDE;10;Saúde;305;Vigilância Epidemiológica;240;3.3.90.18.00.00.00.00;AUXÍLIO FINANCEIRO A ESTUDANTES;1.500.000.1002;RECURSOS NÃO VINCULADOS DE IMPOSTOS (SAÚDE);762,67
FUNDO MUNICIPAL DE SAÚDE DE BARBACENA;18.002;FUNDO MUNICIPAL DE SAUDE;2.028;MANUTENÇÃO DA VIGILÂNCIA AMBIENTAL E AÇÕES DE CONTROLE DE ZOONOSES;4;VIGILANCIA EM SAUDE;10;Saúde;305;Vigilância Epidemiológica;240;3.3.90.18.00.00.00.00;AUXÍLIO FINANCEIRO A ESTUDANTES;1.600.000.0000;TRANSFERÊNCIAS FUNDO A FUNDO DE RECURSOS DO SUS PROVENIENTES DO GOVERNO FEDERAL - BLOCO DE MANUTENÇÃO DAS AÇÕES E SERVIÇOS PÚBLICOS DE SAÚDE;3.000,00
FUNDO MUNICIPAL DE SAÚDE DE BARBACENA;18.002;FUNDO MUNICIPAL DE SAUDE;2.028;MANUTENÇÃO DA VIGILÂNCIA AMBIENTAL E AÇÕES DE CONTROLE DE ZOONOSES;4;VIGILANCIA EM SAUDE;10;Saúde;305;Vigilância Epidemiológica;240;3.3.90.18.00.00.00.00;AUXÍLIO FINANCEIRO A ESTUDANTES;1.604.000.0000;TRANSFERÊNCIAS PROVENIENTES DO GOVERNO FEDERAL DESTINADAS AO VENCIMENTO DOS AGENTES COMUNITÁRIOS DE SAÚDE E DOS AGENTES DE COMBATE ÀS ENDEMIAS;17.621,87
FUNDO MUNICIPAL DE SAÚDE DE BARBACENA;18.002;FUNDO MUNICIPAL DE SAUDE;2.028;MANUTENÇÃO DA VIGILÂNCIA AMBIENTAL E AÇÕES DE CONTROLE DE ZOONOSES;4;VIGILANCIA EM SAUDE;10;Saúde;305;Vigilância Epidemiológica;240;3.3.90.18.00.00.00.00;AUXÍLIO FINANCEIRO A ESTUDANTES;1.621.000.0000;TRANSFERÊNCIAS FUNDO A FUNDO DE RECURSOS DO SUS PROVENIENTES DO GOVERNO ESTADUAL;1.436,34
FUNDO MUNICIPAL DE SAÚDE DE BARBACENA;18.002;FUNDO MUNICIPAL DE SAUDE;2.028;MANUTENÇÃO DA VIGILÂNCIA AMBIENTAL E AÇÕES DE CONTROLE DE ZOONOSES;4;VIGILANCIA EM SAUDE;10;Saúde;305;Vigilância Epidemiológica;240;3.3.90.18.00.00.00.00;AUXÍLIO FINANCEIRO A ESTUDANTES;2.621.000.0000;TRANSFERÊNCIAS FUNDO A FUNDO DE RECURSOS DO SUS PROVENIENTES DO GOVERNO ESTADUAL;1.000,00
FUNDO MUNICIPAL DE SAÚDE DE BARBACENA;18.002;FUNDO MUNICIPAL DE SAUDE;2.028;MANUTENÇÃO DA VIGILÂNCIA AMBIENTAL E AÇÕES DE CONTROLE DE ZOONOSES;4;VIGILANCIA EM SAUDE;10;Saúde;305;Vigilância Epidemiológica;241;3.3.90.30.00.00.00.00;MATERIAL DE CONSUMO;1.500.000.0000;RECURSOS NÃO VINCULADOS DE IMPOSTOS;59.665,10
FUNDO MUNICIPAL DE SAÚDE DE BARBACENA;18.002;FUNDO MUNICIPAL DE SAUDE;2.028;MANUTENÇÃO DA VIGILÂNCIA AMBIENTAL E AÇÕES DE CONTROLE DE ZOONOSES;4;VIGILANCIA EM SAUDE;10;Saúde;305;Vigilância Epidemiológica;241;3.3.90.30.00.00.00.00;MATERIAL DE CONSUMO;1.500.000.1002;RECURSOS NÃO VINCULADOS DE IMPOSTOS (SAÚDE);143,28
FUNDO MUNICIPAL DE SAÚDE DE BARBACENA;18.002;FUNDO MUNICIPAL DE SAUDE;2.028;MANUTENÇÃO DA VIGILÂNCIA AMBIENTAL E AÇÕES DE CONTROLE DE ZOONOSES;4;VIGILANCIA EM SAUDE;10;Saúde;305;Vigilância Epidemiológica;241;3.3.90.30.00.00.00.00;MATERIAL DE CONSUMO;1.600.000.0000;TRANSFERÊNCIAS FUNDO A FUNDO DE RECURSOS DO SUS PROVENIENTES DO GOVERNO FEDERAL - BLOCO DE MANUTENÇÃO DAS AÇÕES E SERVIÇOS PÚBLICOS DE SAÚDE;999,99
FUNDO MUNICIPAL DE SAÚDE DE BARBACENA;18.002;FUNDO MUNICIPAL DE SAUDE;2.028;MANUTENÇÃO DA VIGILÂNCIA AMBIENTAL E AÇÕES DE CONTROLE DE ZOONOSES;4;VIGILANCIA EM SAUDE;10;Saúde;305;Vigilância Epidemiológica;241;3.3.90.30.00.00.00.00;MATERIAL DE CONSUMO;1.621.000.0000;TRANSFERÊNCIAS FUNDO A FUNDO DE RECURSOS DO SUS PROVENIENTES DO GOVERNO ESTADUAL;75.000,10
FUNDO MUNICIPAL DE SAÚDE DE BARBACENA;18.002;FUNDO MUNICIPAL DE SAUDE;2.028;MANUTENÇÃO DA VIGILÂNCIA AMBIENTAL E AÇÕES DE CONTROLE DE ZOONOSES;4;VIGILANCIA EM SAUDE;10;Saúde;305;Vigilância Epidemiológica;241;3.3.90.30.00.00.00.00;MATERIAL DE CONSUMO;2.600.000.0000;TRANSFERÊNCIAS FUNDO A FUNDO DE RECURSOS DO SUS PROVENIENTES DO GOVERNO FEDERAL - BLOCO DE MANUTENÇÃO DAS AÇÕES E SERVIÇOS PÚBLICOS DE SAÚDE;0,01
FUNDO MUNICIPAL DE SAÚDE DE BARBACENA;18.002;FUNDO MUNICIPAL DE SAUDE;2.028;MANUTENÇÃO DA VIGILÂNCIA AMBIENTAL E AÇÕES DE CONTROLE DE ZOONOSES;4;VIGILANCIA EM SAUDE;10;Saúde;305;Vigilância Epidemiológica;241;3.3.90.30.00.00.00.00;MATERIAL DE CONSUMO;2.621.000.0000;TRANSFERÊNCIAS FUNDO A FUNDO DE RECURSOS DO SUS PROVENIENTES DO GOVERNO ESTADUAL;132.652,85
FUNDO MUNICIPAL DE SAÚDE DE BARBACENA;18.002;FUNDO MUNICIPAL DE SAUDE;2.028;MANUTENÇÃO DA VIGILÂNCIA AMBIENTAL E AÇÕES DE CONTROLE DE ZOONOSES;4;VIGILANCIA EM SAUDE;10;Saúde;305;Vigilância Epidemiológica;242;3.3.90.39.00.00.00.00;OUTROS SERVIÇOS DE TERCEIROS - PESSOA JURÍDICA;1.500.000.1002;RECURSOS NÃO VINCULADOS DE IMPOSTOS (SAÚDE);1.000,00
FUNDO MUNICIPAL DE SAÚDE DE BARBACENA;18.002;FUNDO MUNICIPAL DE SAUDE;2.028;MANUTENÇÃO DA VIGILÂNCIA AMBIENTAL E AÇÕES DE CONTROLE DE ZOONOSES;4;VIGILANCIA EM SAUDE;10;Saúde;305;Vigilância Epidemiológica;242;3.3.90.39.00.00.00.00;OUTROS SERVIÇOS DE TERCEIROS - PESSOA JURÍDICA;2.621.000.0000;TRANSFERÊNCIAS FUNDO A FUNDO DE RECURSOS DO SUS PROVENIENTES DO GOVERNO ESTADUAL;41.673,91
FUNDO MUNICIPAL DE SAÚDE DE BARBACENA;18.002;FUNDO MUNICIPAL DE SAUDE;2.028;MANUTENÇÃO DA VIGILÂNCIA AMBIENTAL E AÇÕES DE CONTROLE DE ZOONOSES;4;VIGILANCIA EM SAUDE;10;Saúde;305;Vigilância Epidemiológica;243;3.3.90.46.00.00.00.00;AUXÍLIO-ALIMENTAÇÃO;1.500.000.1002;RECURSOS NÃO VINCULADOS DE IMPOSTOS (SAÚDE);101.553,76
FUNDO MUNICIPAL DE SAÚDE DE BARBACENA;18.002;FUNDO MUNICIPAL DE SAUDE;2.028;MANUTENÇÃO DA VIGILÂNCIA AMBIENTAL E AÇÕES DE CONTROLE DE ZOONOSES;4;VIGILANCIA EM SAUDE;10;Saúde;305;Vigilância Epidemiológica;243;3.3.90.46.00.00.00.00;AUXÍLIO-ALIMENTAÇÃO;1.600.000.0000;TRANSFERÊNCIAS FUNDO A FUNDO DE RECURSOS DO SUS PROVENIENTES DO GOVERNO FEDERAL - BLOCO DE MANUTENÇÃO DAS AÇÕES E SERVIÇOS PÚBLICOS DE SAÚDE;22.499,91
FUNDO MUNICIPAL DE SAÚDE DE BARBACENA;18.002;FUNDO MUNICIPAL DE SAUDE;2.028;MANUTENÇÃO DA VIGILÂNCIA AMBIENTAL E AÇÕES DE CONTROLE DE ZOONOSES;4;VIGILANCIA EM SAUDE;10;Saúde;305;Vigilância Epidemiológica;243;3.3.90.46.00.00.00.00;AUXÍLIO-ALIMENTAÇÃO;1.604.000.0000;TRANSFERÊNCIAS PROVENIENTES DO GOVERNO FEDERAL DESTINADAS AO VENCIMENTO DOS AGENTES COMUNITÁRIOS DE SAÚDE E DOS AGENTES DE COMBATE ÀS ENDEMIAS;77.275,00
FUNDO MUNICIPAL DE SAÚDE DE BARBACENA;18.002;FUNDO MUNICIPAL DE SAUDE;2.028;MANUTENÇÃO DA VIGILÂNCIA AMBIENTAL E AÇÕES DE CONTROLE DE ZOONOSES;4;VIGILANCIA EM SAUDE;10;Saúde;305;Vigilância Epidemiológica;243;3.3.90.46.00.00.00.00;AUXÍLIO-ALIMENTAÇÃO;1.621.000.0000;TRANSFERÊNCIAS FUNDO A FUNDO DE RECURSOS DO SUS PROVENIENTES DO GOVERNO ESTADUAL;67.500,00
FUNDO MUNICIPAL DE SAÚDE DE BARBACENA;18.002;FUNDO MUNICIPAL DE SAUDE;2.028;MANUTENÇÃO DA VIGILÂNCIA AMBIENTAL E AÇÕES DE CONTROLE DE ZOONOSES;4;VIGILANCIA EM SAUDE;10;Saúde;305;Vigilância Epidemiológica;243;3.3.90.46.00.00.00.00;AUXÍLIO-ALIMENTAÇÃO;2.621.000.0000;TRANSFERÊNCIAS FUNDO A FUNDO DE RECURSOS DO SUS PROVENIENTES DO GOVERNO ESTADUAL;22.465,00
FUNDO MUNICIPAL DE SAÚDE DE BARBACENA;18.002;FUNDO MUNICIPAL DE SAUDE;2.028;MANUTENÇÃO DA VIGILÂNCIA AMBIENTAL E AÇÕES DE CONTROLE DE ZOONOSES;4;VIGILANCIA EM SAUDE;10;Saúde;305;Vigilância Epidemiológica;244;4.4.90.52.00.00.00.00;EQUIPAMENTOS E MATERIAL PERMANENTE;1.500.000.1002;RECURSOS NÃO VINCULADOS DE IMPOSTOS (SAÚDE);1.000,00
FUNDO MUNICIPAL DE SAÚDE DE BARBACENA;18.002;FUNDO MUNICIPAL DE SAUDE;2.028;MANUTENÇÃO DA VIGILÂNCIA AMBIENTAL E AÇÕES DE CONTROLE DE ZOONOSES;4;VIGILANCIA EM SAUDE;10;Saúde;305;Vigilância Epidemiológica;244;4.4.90.52.00.00.00.00;EQUIPAMENTOS E MATERIAL PERMANENTE;1.600.000.0000;TRANSFERÊNCIAS FUNDO A FUNDO DE RECURSOS DO SUS PROVENIENTES DO GOVERNO FEDERAL - BLOCO DE MANUTENÇÃO DAS AÇÕES E SERVIÇOS PÚBLICOS DE SAÚDE;500,00
FUNDO MUNICIPAL DE SAÚDE DE BARBACENA;18.002;FUNDO MUNICIPAL DE SAUDE;2.028;MANUTENÇÃO DA VIGILÂNCIA AMBIENTAL E AÇÕES DE CONTROLE DE ZOONOSES;4;VIGILANCIA EM SAUDE;10;Saúde;305;Vigilância Epidemiológica;244;4.4.90.52.00.00.00.00;EQUIPAMENTOS E MATERIAL PERMANENTE;2.621.000.0000;TRANSFERÊNCIAS FUNDO A FUNDO DE RECURSOS DO SUS PROVENIENTES DO GOVERNO ESTADUAL;25.416,01
FUNDO MUNICIPAL DE SAÚDE DE BARBACENA;18.002;FUNDO MUNICIPAL DE SAUDE;2.034;MANUTENÇÃO DO SISTEMA DE IMUNIZAÇÃO;4;VIGILANCIA EM SAUDE;10;Saúde;305;Vigilância Epidemiológica;245;3.3.90.30.00.00.00.00;MATERIAL DE CONSUMO;1.600.000.0000;TRANSFERÊNCIAS FUNDO A FUNDO DE RECURSOS DO SUS PROVENIENTES DO GOVERNO FEDERAL - BLOCO DE MANUTENÇÃO DAS AÇÕES E SERVIÇOS PÚBLICOS DE SAÚDE;1.000,00
FUNDO MUNICIPAL DE SAÚDE DE BARBACENA;18.002;FUNDO MUNICIPAL DE SAUDE;2.034;MANUTENÇÃO DO SISTEMA DE IMUNIZAÇÃO;4;VIGILANCIA EM SAUDE;10;Saúde;305;Vigilância Epidemiológica;245;3.3.90.30.00.00.00.00;MATERIAL DE CONSUMO;1.621.000.0000;TRANSFERÊNCIAS FUNDO A FUNDO DE RECURSOS DO SUS PROVENIENTES DO GOVERNO ESTADUAL;4.999,99
FUNDO MUNICIPAL DE SAÚDE DE BARBACENA;18.002;FUNDO MUNICIPAL DE SAUDE;2.034;MANUTENÇÃO DO SISTEMA DE IMUNIZAÇÃO;4;VIGILANCIA EM SAUDE;10;Saúde;305;Vigilância Epidemiológica;245;3.3.90.30.00.00.00.00;MATERIAL DE CONSUMO;2.600.000.0000;TRANSFERÊNCIAS FUNDO A FUNDO DE RECURSOS DO SUS PROVENIENTES DO GOVERNO FEDERAL - BLOCO DE MANUTENÇÃO DAS AÇÕES E SERVIÇOS PÚBLICOS DE SAÚDE;422,99
FUNDO MUNICIPAL DE SAÚDE DE BARBACENA;18.002;FUNDO MUNICIPAL DE SAUDE;2.034;MANUTENÇÃO DO SISTEMA DE IMUNIZAÇÃO;4;VIGILANCIA EM SAUDE;10;Saúde;305;Vigilância Epidemiológica;245;3.3.90.30.00.00.00.00;MATERIAL DE CONSUMO;2.621.000.0000;TRANSFERÊNCIAS FUNDO A FUNDO DE RECURSOS DO SUS PROVENIENTES DO GOVERNO ESTADUAL;0,01
FUNDO MUNICIPAL DE SAÚDE DE BARBACENA;18.002;FUNDO MUNICIPAL DE SAUDE;2.034;MANUTENÇÃO DO SISTEMA DE IMUNIZAÇÃO;4;VIGILANCIA EM SAUDE;10;Saúde;305;Vigilância Epidemiológica;246;3.3.90.39.00.00.00.00;OUTROS SERVIÇOS DE TERCEIROS - PESSOA JURÍDICA;1.600.000.0000;TRANSFERÊNCIAS FUNDO A FUNDO DE RECURSOS DO SUS PROVENIENTES DO GOVERNO FEDERAL - BLOCO DE MANUTENÇÃO DAS AÇÕES E SERVIÇOS PÚBLICOS DE SAÚDE;7.032,43
FUNDO MUNICIPAL DE SAÚDE DE BARBACENA;18.002;FUNDO MUNICIPAL DE SAUDE;2.034;MANUTENÇÃO DO SISTEMA DE IMUNIZAÇÃO;4;VIGILANCIA EM SAUDE;10;Saúde;305;Vigilância Epidemiológica;246;3.3.90.39.00.00.00.00;OUTROS SERVIÇOS DE TERCEIROS - PESSOA JURÍDICA;1.621.000.0000;TRANSFERÊNCIAS FUNDO A FUNDO DE RECURSOS DO SUS PROVENIENTES DO GOVERNO ESTADUAL;0,01
FUNDO MUNICIPAL DE SAÚDE DE BARBACENA;18.002;FUNDO MUNICIPAL DE SAUDE;2.034;MANUTENÇÃO DO SISTEMA DE IMUNIZAÇÃO;4;VIGILANCIA EM SAUDE;10;Saúde;305;Vigilância Epidemiológica;246;3.3.90.39.00.00.00.00;OUTROS SERVIÇOS DE TERCEIROS - PESSOA JURÍDICA;2.600.000.0000;TRANSFERÊNCIAS FUNDO A FUNDO DE RECURSOS DO SUS PROVENIENTES DO GOVERNO FEDERAL - BLOCO DE MANUTENÇÃO DAS AÇÕES E SERVIÇOS PÚBLICOS DE SAÚDE;119.203,01
FUNDO MUNICIPAL DE SAÚDE DE BARBACENA;18.002;FUNDO MUNICIPAL DE SAUDE;2.034;MANUTENÇÃO DO SISTEMA DE IMUNIZAÇÃO;4;VIGILANCIA EM SAUDE;10;Saúde;305;Vigilância Epidemiológica;246;3.3.90.39.00.00.00.00;OUTROS SERVIÇOS DE TERCEIROS - PESSOA JURÍDICA;2.621.000.0000;TRANSFERÊNCIAS FUNDO A FUNDO DE RECURSOS DO SUS PROVENIENTES DO GOVERNO ESTADUAL;74.386,01
FUNDO MUNICIPAL DE SAÚDE DE BARBACENA;18.002;FUNDO MUNICIPAL DE SAUDE;2.034;MANUTENÇÃO DO SISTEMA DE IMUNIZAÇÃO;4;VIGILANCIA EM SAUDE;10;Saúde;305;Vigilância Epidemiológica;247;4.4.90.52.00.00.00.00;EQUIPAMENTOS E MATERIAL PERMANENTE;1.601.000.0000;TRANSFERÊNCIAS FUNDO A FUNDO DE RECURSOS DO SUS PROVENIENTES DO GOVERNO FEDERAL - BLOCO DE ESTRUTURAÇÃO DA REDE DE SERVIÇOS PÚBLICOS DE SAÚDE;1.000,00
FUNDO MUNICIPAL DE SAÚDE DE BARBACENA;18.002;FUNDO MUNICIPAL DE SAUDE;2.034;MANUTENÇÃO DO SISTEMA DE IMUNIZAÇÃO;4;VIGILANCIA EM SAUDE;10;Saúde;305;Vigilância Epidemiológica;247;4.4.90.52.00.00.00.00;EQUIPAMENTOS E MATERIAL PERMANENTE;1.621.000.0000;TRANSFERÊNCIAS FUNDO A FUNDO DE RECURSOS DO SUS PROVENIENTES DO GOVERNO ESTADUAL;2.000,00
FUNDO MUNICIPAL DE SAÚDE DE BARBACENA;18.002;FUNDO MUNICIPAL DE SAUDE;2.034;MANUTENÇÃO DO SISTEMA DE IMUNIZAÇÃO;4;VIGILANCIA EM SAUDE;10;Saúde;305;Vigilância Epidemiológica;247;4.4.90.52.00.00.00.00;EQUIPAMENTOS E MATERIAL PERMANENTE;2.601.000.0000;TRANSFERÊNCIAS FUNDO A FUNDO DE RECURSOS DO SUS PROVENIENTES DO GOVERNO FEDERAL. BLOCO DE ESTRUTURAÇÃO DA REDE DE SERVIÇOS PÚBLICOS DE SAÚDE;80.015,06
FUNDO MUNICIPAL DE SAÚDE DE BARBACENA;18.002;FUNDO MUNICIPAL DE SAUDE;2.034;MANUTENÇÃO DO SISTEMA DE IMUNIZAÇÃO;4;VIGILANCIA EM SAUDE;10;Saúde;305;Vigilância Epidemiológica;247;4.4.90.52.00.00.00.00;EQUIPAMENTOS E MATERIAL PERMANENTE;2.621.000.0000;TRANSFERÊNCIAS FUNDO A FUNDO DE RECURSOS DO SUS PROVENIENTES DO GOVERNO ESTADUAL;4.645,01
FUNDO MUNICIPAL DE SAÚDE DE BARBACENA;18.002;FUNDO MUNICIPAL DE SAUDE;2.648;MANUTENÇAO DO PROGRAMA DE CONTROLE DA DENGUE;4;VIGILANCIA EM SAUDE;10;Saúde;305;Vigilância Epidemiológica;248;3.1.90.04.00.00.00.00;CONTRATAÇÃO POR TEMPO DETERMINADO;1.600.000.0000;TRANSFERÊNCIAS FUNDO A FUNDO DE RECURSOS DO SUS PROVENIENTES DO GOVERNO FEDERAL - BLOCO DE MANUTENÇÃO DAS AÇÕES E SERVIÇOS PÚBLICOS DE SAÚDE;1.000,00
FUNDO MUNICIPAL DE SAÚDE DE BARBACENA;18.002;FUNDO MUNICIPAL DE SAUDE;2.022;MANUTENÇAO DO CONTROLE SOCIAL;6;GESTÃO;10;Saúde;122;Administração Geral;6;3.1.90.11.00.00.00.00;VENCIMENTOS E VANTAGENS FIXAS - PESSOAL CIVIL;1.500.000.1002;RECURSOS NÃO VINCULADOS DE IMPOSTOS (SAÚDE);46.344,83
FUNDO MUNICIPAL DE SAÚDE DE BARBACENA;18.002;FUNDO MUNICIPAL DE SAUDE;2.022;MANUTENÇAO DO CONTROLE SOCIAL;6;GESTÃO;10;Saúde;122;Administração Geral;7;3.1.91.13.00.00.00.00;OBRIGAÇÕES PATRONAIS;1.500.000.1002;RECURSOS NÃO VINCULADOS DE IMPOSTOS (SAÚDE);12.603,62
FUNDO MUNICIPAL DE SAÚDE DE BARBACENA;18.002;FUNDO MUNICIPAL DE SAUDE;2.022;MANUTENÇAO DO CONTROLE SOCIAL;6;GESTÃO;10;Saúde;122;Administração Geral;8;3.3.90.14.00.00.00.00;DIÁRIAS - PESSOAL CIVIL;1.500.000.1002;RECURSOS NÃO VINCULADOS DE IMPOSTOS (SAÚDE);500,00
FUNDO MUNICIPAL DE SAÚDE DE BARBACENA;18.002;FUNDO MUNICIPAL DE SAUDE;2.022;MANUTENÇAO DO CONTROLE SOCIAL;6;GESTÃO;10;Saúde;122;Administração Geral;9;3.3.90.18.00.00.00.00;AUXÍLIO FINANCEIRO A ESTUDANTES;1.500.000.1002;RECURSOS NÃO VINCULADOS DE IMPOSTOS (SAÚDE);500,00
FUNDO MUNICIPAL DE SAÚDE DE BARBACENA;18.002;FUNDO MUNICIPAL DE SAUDE;2.022;MANUTENÇAO DO CONTROLE SOCIAL;6;GESTÃO;10;Saúde;122;Administração Geral;10;3.3.90.30.00.00.00.00;MATERIAL DE CONSUMO;1.500.000.1002;RECURSOS NÃO VINCULADOS DE IMPOSTOS (SAÚDE);900,10
FUNDO MUNICIPAL DE SAÚDE DE BARBACENA;18.002;FUNDO MUNICIPAL DE SAUDE;2.022;MANUTENÇAO DO CONTROLE SOCIAL;6;GESTÃO;10;Saúde;122;Administração Geral;11;3.3.90.36.00.00.00.00;OUTROS SERVIÇOS DE TERCEIROS - PESSOA FÍSICA;1.500.000.1002;RECURSOS NÃO VINCULADOS DE IMPOSTOS (SAÚDE);0,00
FUNDO MUNICIPAL DE SAÚDE DE BARBACENA;18.002;FUNDO MUNICIPAL DE SAUDE;2.022;MANUTENÇAO DO CONTROLE SOCIAL;6;GESTÃO;10;Saúde;122;Administração Geral;12;3.3.90.39.00.00.00.00;OUTROS SERVIÇOS DE TERCEIROS - PESSOA JURÍDICA;1.500.000.1002;RECURSOS NÃO VINCULADOS DE IMPOSTOS (SAÚDE);34.000,00
FUNDO MUNICIPAL DE SAÚDE DE BARBACENA;18.002;FUNDO MUNICIPAL DE SAUDE;2.022;MANUTENÇAO DO CONTROLE SOCIAL;6;GESTÃO;10;Saúde;122;Administração Geral;13;3.3.90.40.00.00.00.00;SERVIÇOS DE TECNOLOGIA DA INFORMAÇÃO E COMUNICAÇ;1.500.000.1002;RECURSOS NÃO VINCULADOS DE IMPOSTOS (SAÚDE);600,00
FUNDO MUNICIPAL DE SAÚDE DE BARBACENA;18.002;FUNDO MUNICIPAL DE SAUDE;2.022;MANUTENÇAO DO CONTROLE SOCIAL;6;GESTÃO;10;Saúde;122;Administração Geral;14;3.3.90.46.00.00.00.00;AUXÍLIO-ALIMENTAÇÃO;1.500.000.1002;RECURSOS NÃO VINCULADOS DE IMPOSTOS (SAÚDE);5.600,00
FUNDO MUNICIPAL DE SAÚDE DE BARBACENA;18.002;FUNDO MUNICIPAL DE SAUDE;2.022;MANUTENÇAO DO CONTROLE SOCIAL;6;GESTÃO;10;Saúde;122;Administração Geral;15;4.4.90.52.00.00.00.00;EQUIPAMENTOS E MATERIAL PERMANENTE;1.500.000.1002;RECURSOS NÃO VINCULADOS DE IMPOSTOS (SAÚDE);1.171,43
FUNDO MUNICIPAL DE SAÚDE DE BARBACENA;18.002;FUNDO MUNICIPAL DE SAUDE;2.024;MANUTENÇAO DA OUVIDORIA;6;GESTÃO;10;Saúde;122;Administração Geral;16;3.1.90.04.00.00.00.00;CONTRATAÇÃO POR TEMPO DETERMINADO;1.500.000.1002;RECURSOS NÃO VINCULADOS DE IMPOSTOS (SAÚDE);0,00
FUNDO MUNICIPAL DE SAÚDE DE BARBACENA;18.002;FUNDO MUNICIPAL DE SAUDE;2.024;MANUTENÇAO DA OUVIDORIA;6;GESTÃO;10;Saúde;122;Administração Geral;16;3.1.90.04.00.00.00.00;CONTRATAÇÃO POR TEMPO DETERMINADO;1.621.000.0000;TRANSFERÊNCIAS FUNDO A FUNDO DE RECURSOS DO SUS PROVENIENTES DO GOVERNO ESTADUAL;1.000,00
FUNDO MUNICIPAL DE SAÚDE DE BARBACENA;18.002;FUNDO MUNICIPAL DE SAUDE;2.024;MANUTENÇAO DA OUVIDORIA;6;GESTÃO;10;Saúde;122;Administração Geral;17;3.1.90.11.00.00.00.00;VENCIMENTOS E VANTAGENS FIXAS - PESSOAL CIVIL;1.500.000.1002;RECURSOS NÃO VINCULADOS DE IMPOSTOS (SAÚDE);99.841,13
FUNDO MUNICIPAL DE SAÚDE DE BARBACENA;18.002;FUNDO MUNICIPAL DE SAUDE;2.024;MANUTENÇAO DA OUVIDORIA;6;GESTÃO;10;Saúde;122;Administração Geral;17;3.1.90.11.00.00.00.00;VENCIMENTOS E VANTAGENS FIXAS - PESSOAL CIVIL;1.600.000.0000;TRANSFERÊNCIAS FUNDO A FUNDO DE RECURSOS DO SUS PROVENIENTES DO GOVERNO FEDERAL - BLOCO DE MANUTENÇÃO DAS AÇÕES E SERVIÇOS PÚBLICOS DE SAÚDE;1.000,00
FUNDO MUNICIPAL DE SAÚDE DE BARBACENA;18.002;FUNDO MUNICIPAL DE SAUDE;2.024;MANUTENÇAO DA OUVIDORIA;6;GESTÃO;10;Saúde;122;Administração Geral;17;3.1.90.11.00.00.00.00;VENCIMENTOS E VANTAGENS FIXAS - PESSOAL CIVIL;1.621.000.0000;TRANSFERÊNCIAS FUNDO A FUNDO DE RECURSOS DO SUS PROVENIENTES DO GOVERNO ESTADUAL;1.000,00
FUNDO MUNICIPAL DE SAÚDE DE BARBACENA;18.002;FUNDO MUNICIPAL DE SAUDE;2.024;MANUTENÇAO DA OUVIDORIA;6;GESTÃO;10;Saúde;122;Administração Geral;18;3.1.91.13.00.00.00.00;OBRIGAÇÕES PATRONAIS;1.500.000.1002;RECURSOS NÃO VINCULADOS DE IMPOSTOS (SAÚDE);27.081,38
FUNDO MUNICIPAL DE SAÚDE DE BARBACENA;18.002;FUNDO MUNICIPAL DE SAUDE;2.024;MANUTENÇAO DA OUVIDORIA;6;GESTÃO;10;Saúde;122;Administração Geral;18;3.1.91.13.00.00.00.00;OBRIGAÇÕES PATRONAIS;1.600.000.0000;TRANSFERÊNCIAS FUNDO A FUNDO DE RECURSOS DO SUS PROVENIENTES DO GOVERNO FEDERAL - BLOCO DE MANUTENÇÃO DAS AÇÕES E SERVIÇOS PÚBLICOS DE SAÚDE;1.000,00
FUNDO MUNICIPAL DE SAÚDE DE BARBACENA;18.002;FUNDO MUNICIPAL DE SAUDE;2.024;MANUTENÇAO DA OUVIDORIA;6;GESTÃO;10;Saúde;122;Administração Geral;18;3.1.91.13.00.00.00.00;OBRIGAÇÕES PATRONAIS;1.621.000.0000;TRANSFERÊNCIAS FUNDO A FUNDO DE RECURSOS DO SUS PROVENIENTES DO GOVERNO ESTADUAL;1.000,00
FUNDO MUNICIPAL DE SAÚDE DE BARBACENA;18.002;FUNDO MUNICIPAL DE SAUDE;2.024;MANUTENÇAO DA OUVIDORIA;6;GESTÃO;10;Saúde;122;Administração Geral;19;3.3.90.14.00.00.00.00;DIÁRIAS - PESSOAL CIVIL;1.500.000.1002;RECURSOS NÃO VINCULADOS DE IMPOSTOS (SAÚDE);500,00
FUNDO MUNICIPAL DE SAÚDE DE BARBACENA;18.002;FUNDO MUNICIPAL DE SAUDE;2.024;MANUTENÇAO DA OUVIDORIA;6;GESTÃO;10;Saúde;122;Administração Geral;19;3.3.90.14.00.00.00.00;DIÁRIAS - PESSOAL CIVIL;1.600.000.0000;TRANSFERÊNCIAS FUNDO A FUNDO DE RECURSOS DO SUS PROVENIENTES DO GOVERNO FEDERAL - BLOCO DE MANUTENÇÃO DAS AÇÕES E SERVIÇOS PÚBLICOS DE SAÚDE;1.000,00
FUNDO MUNICIPAL DE SAÚDE DE BARBACENA;18.002;FUNDO MUNICIPAL DE SAUDE;2.024;MANUTENÇAO DA OUVIDORIA;6;GESTÃO;10;Saúde;122;Administração Geral;19;3.3.90.14.00.00.00.00;DIÁRIAS - PESSOAL CIVIL;1.621.000.0000;TRANSFERÊNCIAS FUNDO A FUNDO DE RECURSOS DO SUS PROVENIENTES DO GOVERNO ESTADUAL;1.000,00
FUNDO MUNICIPAL DE SAÚDE DE BARBACENA;18.002;FUNDO MUNICIPAL DE SAUDE;2.024;MANUTENÇAO DA OUVIDORIA;6;GESTÃO;10;Saúde;122;Administração Geral;20;3.3.90.18.00.00.00.00;AUXÍLIO FINANCEIRO A ESTUDANTES;1.500.000.1002;RECURSOS NÃO VINCULADOS DE IMPOSTOS (SAÚDE);0,00
FUNDO MUNICIPAL DE SAÚDE DE BARBACENA;18.002;FUNDO MUNICIPAL DE SAUDE;2.024;MANUTENÇAO DA OUVIDORIA;6;GESTÃO;10;Saúde;122;Administração Geral;20;3.3.90.18.00.00.00.00;AUXÍLIO FINANCEIRO A ESTUDANTES;1.621.000.0000;TRANSFERÊNCIAS FUNDO A FUNDO DE RECURSOS DO SUS PROVENIENTES DO GOVERNO ESTADUAL;500,00
FUNDO MUNICIPAL DE SAÚDE DE BARBACENA;18.002;FUNDO MUNICIPAL DE SAUDE;2.024;MANUTENÇAO DA OUVIDORIA;6;GESTÃO;10;Saúde;122;Administração Geral;21;3.3.90.30.00.00.00.00;MATERIAL DE CONSUMO;1.500.000.1002;RECURSOS NÃO VINCULADOS DE IMPOSTOS (SAÚDE);0,00
FUNDO MUNICIPAL DE SAÚDE DE BARBACENA;18.002;FUNDO MUNICIPAL DE SAUDE;2.024;MANUTENÇAO DA OUVIDORIA;6;GESTÃO;10;Saúde;122;Administração Geral;21;3.3.90.30.00.00.00.00;MATERIAL DE CONSUMO;1.600.000.0000;TRANSFERÊNCIAS FUNDO A FUNDO DE RECURSOS DO SUS PROVENIENTES DO GOVERNO FEDERAL - BLOCO DE MANUTENÇÃO DAS AÇÕES E SERVIÇOS PÚBLICOS DE SAÚDE;824,74
FUNDO MUNICIPAL DE SAÚDE DE BARBACENA;18.002;FUNDO MUNICIPAL DE SAUDE;2.024;MANUTENÇAO DA OUVIDORIA;6;GESTÃO;10;Saúde;122;Administração Geral;21;3.3.90.30.00.00.00.00;MATERIAL DE CONSUMO;2.600.000.0000;TRANSFERÊNCIAS FUNDO A FUNDO DE RECURSOS DO SUS PROVENIENTES DO GOVERNO FEDERAL - BLOCO DE MANUTENÇÃO DAS AÇÕES E SERVIÇOS PÚBLICOS DE SAÚDE;0,10
FUNDO MUNICIPAL DE SAÚDE DE BARBACENA;18.002;FUNDO MUNICIPAL DE SAUDE;2.024;MANUTENÇAO DA OUVIDORIA;6;GESTÃO;10;Saúde;122;Administração Geral;21;3.3.90.30.00.00.00.00;MATERIAL DE CONSUMO;2.706.000.0000;TRANSFERÊNCIA ESPECIAL DA UNIÃO;0,10
FUNDO MUNICIPAL DE SAÚDE DE BARBACENA;18.002;FUNDO MUNICIPAL DE SAUDE;2.024;MANUTENÇAO DA OUVIDORIA;6;GESTÃO;10;Saúde;122;Administração Geral;21;3.3.90.30.00.00.00.00;MATERIAL DE CONSUMO;2.707.000.0000;TRANSFERÊNCIAS DA UNIÃO – INCISO I DO ART. 5º DA LEI COMPLEMENTAR 273/2020;0,10
FUNDO MUNICIPAL DE SAÚDE DE BARBACENA;18.002;FUNDO MUNICIPAL DE SAUDE;2.024;MANUTENÇAO DA OUVIDORIA;6;GESTÃO;10;Saúde;122;Administração Geral;22;3.3.90.36.00.00.00.00;OUTROS SERVIÇOS DE TERCEIROS - PESSOA FÍSICA;1.500.000.1002;RECURSOS NÃO VINCULADOS DE IMPOSTOS (SAÚDE);7.142,93
FUNDO MUNICIPAL DE SAÚDE DE BARBACENA;18.002;FUNDO MUNICIPAL DE SAUDE;2.024;MANUTENÇAO DA OUVIDORIA;6;GESTÃO;10;Saúde;122;Administração Geral;23;3.3.90.39.00.00.00.00;OUTROS SERVIÇOS DE TERCEIROS - PESSOA JURÍDICA;1.500.000.1002;RECURSOS NÃO VINCULADOS DE IMPOSTOS (SAÚDE);11.215,01
FUNDO MUNICIPAL DE SAÚDE DE BARBACENA;18.002;FUNDO MUNICIPAL DE SAUDE;2.024;MANUTENÇAO DA OUVIDORIA;6;GESTÃO;10;Saúde;122;Administração Geral;23;3.3.90.39.00.00.00.00;OUTROS SERVIÇOS DE TERCEIROS - PESSOA JURÍDICA;1.600.000.0000;TRANSFERÊNCIAS FUNDO A FUNDO DE RECURSOS DO SUS PROVENIENTES DO GOVERNO FEDERAL - BLOCO DE MANUTENÇÃO DAS AÇÕES E SERVIÇOS PÚBLICOS DE SAÚDE;1.000,00
FUNDO MUNICIPAL DE SAÚDE DE BARBACENA;18.002;FUNDO MUNICIPAL DE SAUDE;2.024;MANUTENÇAO DA OUVIDORIA;6;GESTÃO;10;Saúde;122;Administração Geral;23;3.3.90.39.00.00.00.00;OUTROS SERVIÇOS DE TERCEIROS - PESSOA JURÍDICA;1.621.000.0000;TRANSFERÊNCIAS FUNDO A FUNDO DE RECURSOS DO SUS PROVENIENTES DO GOVERNO ESTADUAL;1.000,00
FUNDO MUNICIPAL DE SAÚDE DE BARBACENA;18.002;FUNDO MUNICIPAL DE SAUDE;2.024;MANUTENÇAO DA OUVIDORIA;6;GESTÃO;10;Saúde;122;Administração Geral;24;3.3.90.40.00.00.00.00;SERVIÇOS DE TECNOLOGIA DA INFORMAÇÃO E COMUNICAÇ;1.500.000.1002;RECURSOS NÃO VINCULADOS DE IMPOSTOS (SAÚDE);427,06
FUNDO MUNICIPAL DE SAÚDE DE BARBACENA;18.002;FUNDO MUNICIPAL DE SAUDE;2.024;MANUTENÇAO DA OUVIDORIA;6;GESTÃO;10;Saúde;122;Administração Geral;24;3.3.90.40.00.00.00.00;SERVIÇOS DE TECNOLOGIA DA INFORMAÇÃO E COMUNICAÇ;1.621.000.0000;TRANSFERÊNCIAS FUNDO A FUNDO DE RECURSOS DO SUS PROVENIENTES DO GOVERNO ESTADUAL;1.000,00
FUNDO MUNICIPAL DE SAÚDE DE BARBACENA;18.002;FUNDO MUNICIPAL DE SAUDE;2.024;MANUTENÇAO DA OUVIDORIA;6;GESTÃO;10;Saúde;122;Administração Geral;25;3.3.90.46.00.00.00.00;AUXÍLIO-ALIMENTAÇÃO;1.500.000.1002;RECURSOS NÃO VINCULADOS DE IMPOSTOS (SAÚDE);10.890,00
FUNDO MUNICIPAL DE SAÚDE DE BARBACENA;18.002;FUNDO MUNICIPAL DE SAUDE;2.024;MANUTENÇAO DA OUVIDORIA;6;GESTÃO;10;Saúde;122;Administração Geral;26;4.4.90.52.00.00.00.00;EQUIPAMENTOS E MATERIAL PERMANENTE;1.500.000.1002;RECURSOS NÃO VINCULADOS DE IMPOSTOS (SAÚDE);311,00
FUNDO MUNICIPAL DE SAÚDE DE BARBACENA;18.002;FUNDO MUNICIPAL DE SAUDE;2.031;MANUTENÇAO DO SIMACRA;6;GESTÃO;10;Saúde;122;Administração Geral;27;3.1.90.04.00.00.00.00;CONTRATAÇÃO POR TEMPO DETERMINADO;1.500.000.1002;RECURSOS NÃO VINCULADOS DE IMPOSTOS (SAÚDE);6.366.839,23
FUNDO MUNICIPAL DE SAÚDE DE BARBACENA;18.002;FUNDO MUNICIPAL DE SAUDE;2.031;MANUTENÇAO DO SIMACRA;6;GESTÃO;10;Saúde;122;Administração Geral;27;3.1.90.04.00.00.00.00;CONTRATAÇÃO POR TEMPO DETERMINADO;1.600.000.0000;TRANSFERÊNCIAS FUNDO A FUNDO DE RECURSOS DO SUS PROVENIENTES DO GOVERNO FEDERAL - BLOCO DE MANUTENÇÃO DAS AÇÕES E SERVIÇOS PÚBLICOS DE SAÚDE;5.480.223,78
FUNDO MUNICIPAL DE SAÚDE DE BARBACENA;18.002;FUNDO MUNICIPAL DE SAUDE;2.031;MANUTENÇAO DO SIMACRA;6;GESTÃO;10;Saúde;122;Administração Geral;27;3.1.90.04.00.00.00.00;CONTRATAÇÃO POR TEMPO DETERMINADO;1.621.000.0000;TRANSFERÊNCIAS FUNDO A FUNDO DE RECURSOS DO SUS PROVENIENTES DO GOVERNO ESTADUAL;500,00
FUNDO MUNICIPAL DE SAÚDE DE BARBACENA;18.002;FUNDO MUNICIPAL DE SAUDE;2.031;MANUTENÇAO DO SIMACRA;6;GESTÃO;10;Saúde;122;Administração Geral;28;3.1.90.11.00.00.00.00;VENCIMENTOS E VANTAGENS FIXAS - PESSOAL CIVIL;1.500.000.1002;RECURSOS NÃO VINCULADOS DE IMPOSTOS (SAÚDE);408.614,32
FUNDO MUNICIPAL DE SAÚDE DE BARBACENA;18.002;FUNDO MUNICIPAL DE SAUDE;2.031;MANUTENÇAO DO SIMACRA;6;GESTÃO;10;Saúde;122;Administração Geral;28;3.1.90.11.00.00.00.00;VENCIMENTOS E VANTAGENS FIXAS - PESSOAL CIVIL;1.600.000.0000;TRANSFERÊNCIAS FUNDO A FUNDO DE RECURSOS DO SUS PROVENIENTES DO GOVERNO FEDERAL - BLOCO DE MANUTENÇÃO DAS AÇÕES E SERVIÇOS PÚBLICOS DE SAÚDE;473.339,04
FUNDO MUNICIPAL DE SAÚDE DE BARBACENA;18.002;FUNDO MUNICIPAL DE SAUDE;2.031;MANUTENÇAO DO SIMACRA;6;GESTÃO;10;Saúde;122;Administração Geral;28;3.1.90.11.00.00.00.00;VENCIMENTOS E VANTAGENS FIXAS - PESSOAL CIVIL;1.621.000.0000;TRANSFERÊNCIAS FUNDO A FUNDO DE RECURSOS DO SUS PROVENIENTES DO GOVERNO ESTADUAL;100,00
FUNDO MUNICIPAL DE SAÚDE DE BARBACENA;18.002;FUNDO MUNICIPAL DE SAUDE;2.031;MANUTENÇAO DO SIMACRA;6;GESTÃO;10;Saúde;122;Administração Geral;29;3.1.90.13.00.00.00.00;OBRIGAÇÕES PATRONAIS;1.500.000.1002;RECURSOS NÃO VINCULADOS DE IMPOSTOS (SAÚDE);1.000,00
FUNDO MUNICIPAL DE SAÚDE DE BARBACENA;18.002;FUNDO MUNICIPAL DE SAUDE;2.031;MANUTENÇAO DO SIMACRA;6;GESTÃO;10;Saúde;122;Administração Geral;29;3.1.90.13.00.00.00.00;OBRIGAÇÕES PATRONAIS;1.600.000.0000;TRANSFERÊNCIAS FUNDO A FUNDO DE RECURSOS DO SUS PROVENIENTES DO GOVERNO FEDERAL - BLOCO DE MANUTENÇÃO DAS AÇÕES E SERVIÇOS PÚBLICOS DE SAÚDE;1.000,00
FUNDO MUNICIPAL DE SAÚDE DE BARBACENA;18.002;FUNDO MUNICIPAL DE SAUDE;2.031;MANUTENÇAO DO SIMACRA;6;GESTÃO;10;Saúde;122;Administração Geral;29;3.1.90.13.00.00.00.00;OBRIGAÇÕES PATRONAIS;1.621.000.0000;TRANSFERÊNCIAS FUNDO A FUNDO DE RECURSOS DO SUS PROVENIENTES DO GOVERNO ESTADUAL;500,00
FUNDO MUNICIPAL DE SAÚDE DE BARBACENA;18.002;FUNDO MUNICIPAL DE SAUDE;2.031;MANUTENÇAO DO SIMACRA;6;GESTÃO;10;Saúde;122;Administração Geral;30;3.1.90.92.00.00.00.00;DESPESAS DE EXERCÍCIOS ANTERIORES;1.500.000.1002;RECURSOS NÃO VINCULADOS DE IMPOSTOS (SAÚDE);250,00
FUNDO MUNICIPAL DE SAÚDE DE BARBACENA;18.002;FUNDO MUNICIPAL DE SAUDE;2.031;MANUTENÇAO DO SIMACRA;6;GESTÃO;10;Saúde;122;Administração Geral;30;3.1.90.92.00.00.00.00;DESPESAS DE EXERCÍCIOS ANTERIORES;1.600.000.0000;TRANSFERÊNCIAS FUNDO A FUNDO DE RECURSOS DO SUS PROVENIENTES DO GOVERNO FEDERAL - BLOCO DE MANUTENÇÃO DAS AÇÕES E SERVIÇOS PÚBLICOS DE SAÚDE;1.000,00
FUNDO MUNICIPAL DE SAÚDE DE BARBACENA;18.002;FUNDO MUNICIPAL DE SAUDE;2.031;MANUTENÇAO DO SIMACRA;6;GESTÃO;10;Saúde;122;Administração Geral;31;3.1.91.13.00.00.00.00;OBRIGAÇÕES PATRONAIS;1.500.000.1002;RECURSOS NÃO VINCULADOS DE IMPOSTOS (SAÚDE);108.495,99
FUNDO MUNICIPAL DE SAÚDE DE BARBACENA;18.002;FUNDO MUNICIPAL DE SAUDE;2.031;MANUTENÇAO DO SIMACRA;6;GESTÃO;10;Saúde;122;Administração Geral;31;3.1.91.13.00.00.00.00;OBRIGAÇÕES PATRONAIS;1.600.000.0000;TRANSFERÊNCIAS FUNDO A FUNDO DE RECURSOS DO SUS PROVENIENTES DO GOVERNO FEDERAL - BLOCO DE MANUTENÇÃO DAS AÇÕES E SERVIÇOS PÚBLICOS DE SAÚDE;123.853,77
FUNDO MUNICIPAL DE SAÚDE DE BARBACENA;18.002;FUNDO MUNICIPAL DE SAUDE;2.031;MANUTENÇAO DO SIMACRA;6;GESTÃO;10;Saúde;122;Administração Geral;32;3.3.90.08.00.00.00.00;OUTROS BENEFÍCIOS ASSISTENCIAIS-SERVIDOR/MILITAR;1.600.000.0000;TRANSFERÊNCIAS FUNDO A FUNDO DE RECURSOS DO SUS PROVENIENTES DO GOVERNO FEDERAL - BLOCO DE MANUTENÇÃO DAS AÇÕES E SERVIÇOS PÚBLICOS DE SAÚDE;1.000,00
FUNDO MUNICIPAL DE SAÚDE DE BARBACENA;18.002;FUNDO MUNICIPAL DE SAUDE;2.031;MANUTENÇAO DO SIMACRA;6;GESTÃO;10;Saúde;122;Administração Geral;33;3.3.90.14.00.00.00.00;DIÁRIAS - PESSOAL CIVIL;1.500.000.1002;RECURSOS NÃO VINCULADOS DE IMPOSTOS (SAÚDE);3.700,00
FUNDO MUNICIPAL DE SAÚDE DE BARBACENA;18.002;FUNDO MUNICIPAL DE SAUDE;2.031;MANUTENÇAO DO SIMACRA;6;GESTÃO;10;Saúde;122;Administração Geral;34;3.3.90.18.00.00.00.00;AUXÍLIO FINANCEIRO A ESTUDANTES;1.500.000.1002;RECURSOS NÃO VINCULADOS DE IMPOSTOS (SAÚDE);1.000,00
FUNDO MUNICIPAL DE SAÚDE DE BARBACENA;18.002;FUNDO MUNICIPAL DE SAUDE;2.031;MANUTENÇAO DO SIMACRA;6;GESTÃO;10;Saúde;122;Administração Geral;34;3.3.90.18.00.00.00.00;AUXÍLIO FINANCEIRO A ESTUDANTES;1.600.000.0000;TRANSFERÊNCIAS FUNDO A FUNDO DE RECURSOS DO SUS PROVENIENTES DO GOVERNO FEDERAL - BLOCO DE MANUTENÇÃO DAS AÇÕES E SERVIÇOS PÚBLICOS DE SAÚDE;1.000,00
FUNDO MUNICIPAL DE SAÚDE DE BARBACENA;18.002;FUNDO MUNICIPAL DE SAUDE;2.031;MANUTENÇAO DO SIMACRA;6;GESTÃO;10;Saúde;122;Administração Geral;35;3.3.90.30.00.00.00.00;MATERIAL DE CONSUMO;1.500.000.1002;RECURSOS NÃO VINCULADOS DE IMPOSTOS (SAÚDE);0,00
FUNDO MUNICIPAL DE SAÚDE DE BARBACENA;18.002;FUNDO MUNICIPAL DE SAUDE;2.031;MANUTENÇAO DO SIMACRA;6;GESTÃO;10;Saúde;122;Administração Geral;35;3.3.90.30.00.00.00.00;MATERIAL DE CONSUMO;1.621.000.0000;TRANSFERÊNCIAS FUNDO A FUNDO DE RECURSOS DO SUS PROVENIENTES DO GOVERNO ESTADUAL;500,00
FUNDO MUNICIPAL DE SAÚDE DE BARBACENA;18.002;FUNDO MUNICIPAL DE SAUDE;2.031;MANUTENÇAO DO SIMACRA;6;GESTÃO;10;Saúde;122;Administração Geral;36;3.3.90.36.00.00.00.00;OUTROS SERVIÇOS DE TERCEIROS - PESSOA FÍSICA;1.500.000.1002;RECURSOS NÃO VINCULADOS DE IMPOSTOS (SAÚDE);600,00
FUNDO MUNICIPAL DE SAÚDE DE BARBACENA;18.002;FUNDO MUNICIPAL DE SAUDE;2.031;MANUTENÇAO DO SIMACRA;6;GESTÃO;10;Saúde;122;Administração Geral;37;3.3.90.39.00.00.00.00;OUTROS SERVIÇOS DE TERCEIROS - PESSOA JURÍDICA;1.600.000.0000;TRANSFERÊNCIAS FUNDO A FUNDO DE RECURSOS DO SUS PROVENIENTES DO GOVERNO FEDERAL - BLOCO DE MANUTENÇÃO DAS AÇÕES E SERVIÇOS PÚBLICOS DE SAÚDE;5.220,00
FUNDO MUNICIPAL DE SAÚDE DE BARBACENA;18.002;FUNDO MUNICIPAL DE SAUDE;2.031;MANUTENÇAO DO SIMACRA;6;GESTÃO;10;Saúde;122;Administração Geral;37;3.3.90.39.00.00.00.00;OUTROS SERVIÇOS DE TERCEIROS - PESSOA JURÍDICA;1.621.000.0000;TRANSFERÊNCIAS FUNDO A FUNDO DE RECURSOS DO SUS PROVENIENTES DO GOVERNO ESTADUAL;1.000,00
FUNDO MUNICIPAL DE SAÚDE DE BARBACENA;18.002;FUNDO MUNICIPAL DE SAUDE;2.031;MANUTENÇAO DO SIMACRA;6;GESTÃO;10;Saúde;122;Administração Geral;38;3.3.90.46.00.00.00.00;AUXÍLIO-ALIMENTAÇÃO;1.500.000.1002;RECURSOS NÃO VINCULADOS DE IMPOSTOS (SAÚDE);121.251,82
FUNDO MUNICIPAL DE SAÚDE DE BARBACENA;18.002;FUNDO MUNICIPAL DE SAUDE;2.031;MANUTENÇAO DO SIMACRA;6;GESTÃO;10;Saúde;122;Administração Geral;38;3.3.90.46.00.00.00.00;AUXÍLIO-ALIMENTAÇÃO;1.600.000.0000;TRANSFERÊNCIAS FUNDO A FUNDO DE RECURSOS DO SUS PROVENIENTES DO GOVERNO FEDERAL - BLOCO DE MANUTENÇÃO DAS AÇÕES E SERVIÇOS PÚBLICOS DE SAÚDE;101.088,00
FUNDO MUNICIPAL DE SAÚDE DE BARBACENA;18.002;FUNDO MUNICIPAL DE SAUDE;2.031;MANUTENÇAO DO SIMACRA;6;GESTÃO;10;Saúde;122;Administração Geral;39;3.3.90.93.00.00.00.00;INDENIZAÇÕES E RESTITUIÇÕES;1.621.000.0000;TRANSFERÊNCIAS FUNDO A FUNDO DE RECURSOS DO SUS PROVENIENTES DO GOVERNO ESTADUAL;4.000,00
FUNDO MUNICIPAL DE SAÚDE DE BARBACENA;18.002;FUNDO MUNICIPAL DE SAUDE;2.031;MANUTENÇAO DO SIMACRA;6;GESTÃO;10;Saúde;122;Administração Geral;39;3.3.90.93.00.00.00.00;INDENIZAÇÕES E RESTITUIÇÕES;2.621.000.0000;TRANSFERÊNCIAS FUNDO A FUNDO DE RECURSOS DO SUS PROVENIENTES DO GOVERNO ESTADUAL;983,05
FUNDO MUNICIPAL DE SAÚDE DE BARBACENA;18.002;FUNDO MUNICIPAL DE SAUDE;2.031;MANUTENÇAO DO SIMACRA;6;GESTÃO;10;Saúde;122;Administração Geral;40;4.4.90.52.00.00.00.00;EQUIPAMENTOS E MATERIAL PERMANENTE;1.500.000.1002;RECURSOS NÃO VINCULADOS DE IMPOSTOS (SAÚDE);600,00
FUNDO MUNICIPAL DE SAÚDE DE BARBACENA;18.002;FUNDO MUNICIPAL DE SAUDE;2.031;MANUTENÇAO DO SIMACRA;6;GESTÃO;10;Saúde;122;Administração Geral;40;4.4.90.52.00.00.00.00;EQUIPAMENTOS E MATERIAL PERMANENTE;1.621.000.0000;TRANSFERÊNCIAS FUNDO A FUNDO DE RECURSOS DO SUS PROVENIENTES DO GOVERNO ESTADUAL;1.000,00
FUNDO MUNICIPAL DE SAÚDE DE BARBACENA;18.002;FUNDO MUNICIPAL DE SAUDE;2.020;MANUTENÇÃO DO PROGRAMA DE ALIMENTAÇÃO E NUTRIÇÃO;6;GESTÃO;10;Saúde;306;Alimentação e Nutrição;249;3.3.90.30.00.00.00.00;MATERIAL DE CONSUMO;1.600.000.0000;TRANSFERÊNCIAS FUNDO A FUNDO DE RECURSOS DO SUS PROVENIENTES DO GOVERNO FEDERAL - BLOCO DE MANUTENÇÃO DAS AÇÕES E SERVIÇOS PÚBLICOS DE SAÚDE;77,37
FUNDO MUNICIPAL DE SAÚDE DE BARBACENA;18.002;FUNDO MUNICIPAL DE SAUDE;2.020;MANUTENÇÃO DO PROGRAMA DE ALIMENTAÇÃO E NUTRIÇÃO;6;GESTÃO;10;Saúde;306;Alimentação e Nutrição;249;3.3.90.30.00.00.00.00;MATERIAL DE CONSUMO;1.706.000.0000;TRANSFERÊNCIA ESPECIAL DA UNIÃO BANCADA;500.453,39
FUNDO MUNICIPAL DE SAÚDE DE BARBACENA;18.002;FUNDO MUNICIPAL DE SAUDE;2.020;MANUTENÇÃO DO PROGRAMA DE ALIMENTAÇÃO E NUTRIÇÃO;6;GESTÃO;10;Saúde;306;Alimentação e Nutrição;250;4.4.90.52.00.00.00.00;EQUIPAMENTOS E MATERIAL PERMANENTE;1.600.000.0000;TRANSFERÊNCIAS FUNDO A FUNDO DE RECURSOS DO SUS PROVENIENTES DO GOVERNO FEDERAL - BLOCO DE MANUTENÇÃO DAS AÇÕES E SERVIÇOS PÚBLICOS DE SAÚDE;1.499,66
FUNDO MUNICIPAL DE SAÚDE DE BARBACENA;18.002;FUNDO MUNICIPAL DE SAUDE;2.018;PESSOAL E ENCARGOS SOCIAIS DA SESAP;11;APOIO A ADMINISTRAÇAO PUBLICA;10;Saúde;122;Administração Geral;41;3.1.90.04.00.00.00.00;CONTRATAÇÃO POR TEMPO DETERMINADO;1.500.000.1002;RECURSOS NÃO VINCULADOS DE IMPOSTOS (SAÚDE);4.994.358,95
FUNDO MUNICIPAL DE SAÚDE DE BARBACENA;18.002;FUNDO MUNICIPAL DE SAUDE;2.018;PESSOAL E ENCARGOS SOCIAIS DA SESAP;11;APOIO A ADMINISTRAÇAO PUBLICA;10;Saúde;122;Administração Geral;41;3.1.90.04.00.00.00.00;CONTRATAÇÃO POR TEMPO DETERMINADO;1.605.000.0000;ASSISTÊNCIA FINANCEIRA DA UNIÃO DESTINADA À COMPLEMENTAÇÃO AO PAGAMENTO DOS PISOS SALARIAIS PARA PROFISSIONAIS DA ENFERMAGEM.;1.223.606,40
FUNDO MUNICIPAL DE SAÚDE DE BARBACENA;18.002;FUNDO MUNICIPAL DE SAUDE;2.018;PESSOAL E ENCARGOS SOCIAIS DA SESAP;11;APOIO A ADMINISTRAÇAO PUBLICA;10;Saúde;122;Administração Geral;41;3.1.90.04.00.00.00.00;CONTRATAÇÃO POR TEMPO DETERMINADO;2.707.000.0000;TRANSFERÊNCIAS DA UNIÃO – INCISO I DO ART. 5º DA LEI COMPLEMENTAR 273/2020;58.233,26
FUNDO MUNICIPAL DE SAÚDE DE BARBACENA;18.002;FUNDO MUNICIPAL DE SAUDE;2.018;PESSOAL E ENCARGOS SOCIAIS DA SESAP;11;APOIO A ADMINISTRAÇAO PUBLICA;10;Saúde;122;Administração Geral;42;3.1.90.11.00.00.00.00;VENCIMENTOS E VANTAGENS FIXAS - PESSOAL CIVIL;1.500.000.1002;RECURSOS NÃO VINCULADOS DE IMPOSTOS (SAÚDE);1.443.015,14
FUNDO MUNICIPAL DE SAÚDE DE BARBACENA;18.002;FUNDO MUNICIPAL DE SAUDE;2.018;PESSOAL E ENCARGOS SOCIAIS DA SESAP;11;APOIO A ADMINISTRAÇAO PUBLICA;10;Saúde;122;Administração Geral;42;3.1.90.11.00.00.00.00;VENCIMENTOS E VANTAGENS FIXAS - PESSOAL CIVIL;1.600.000.0000;TRANSFERÊNCIAS FUNDO A FUNDO DE RECURSOS DO SUS PROVENIENTES DO GOVERNO FEDERAL - BLOCO DE MANUTENÇÃO DAS AÇÕES E SERVIÇOS PÚBLICOS DE SAÚDE;4.921,92
FUNDO MUNICIPAL DE SAÚDE DE BARBACENA;18.002;FUNDO MUNICIPAL DE SAUDE;2.018;PESSOAL E ENCARGOS SOCIAIS DA SESAP;11;APOIO A ADMINISTRAÇAO PUBLICA;10;Saúde;122;Administração Geral;42;3.1.90.11.00.00.00.00;VENCIMENTOS E VANTAGENS FIXAS - PESSOAL CIVIL;1.605.000.0000;ASSISTÊNCIA FINANCEIRA DA UNIÃO DESTINADA À COMPLEMENTAÇÃO AO PAGAMENTO DOS PISOS SALARIAIS PARA PROFISSIONAIS DA ENFERMAGEM.;28.580,10
FUNDO MUNICIPAL DE SAÚDE DE BARBACENA;18.002;FUNDO MUNICIPAL DE SAUDE;2.018;PESSOAL E ENCARGOS SOCIAIS DA SESAP;11;APOIO A ADMINISTRAÇAO PUBLICA;10;Saúde;122;Administração Geral;42;3.1.90.11.00.00.00.00;VENCIMENTOS E VANTAGENS FIXAS - PESSOAL CIVIL;2.707.000.0000;TRANSFERÊNCIAS DA UNIÃO – INCISO I DO ART. 5º DA LEI COMPLEMENTAR 273/2020;80.893,91
FUNDO MUNICIPAL DE SAÚDE DE BARBACENA;18.002;FUNDO MUNICIPAL DE SAUDE;2.018;PESSOAL E ENCARGOS SOCIAIS DA SESAP;11;APOIO A ADMINISTRAÇAO PUBLICA;10;Saúde;122;Administração Geral;43;3.1.90.13.00.00.00.00;OBRIGAÇÕES PATRONAIS;1.500.000.1002;RECURSOS NÃO VINCULADOS DE IMPOSTOS (SAÚDE);15.885,60
FUNDO MUNICIPAL DE SAÚDE DE BARBACENA;18.002;FUNDO MUNICIPAL DE SAUDE;2.018;PESSOAL E ENCARGOS SOCIAIS DA SESAP;11;APOIO A ADMINISTRAÇAO PUBLICA;10;Saúde;122;Administração Geral;43;3.1.90.13.00.00.00.00;OBRIGAÇÕES PATRONAIS;2.707.000.0000;TRANSFERÊNCIAS DA UNIÃO – INCISO I DO ART. 5º DA LEI COMPLEMENTAR 273/2020;45.368,13
FUNDO MUNICIPAL DE SAÚDE DE BARBACENA;18.002;FUNDO MUNICIPAL DE SAUDE;2.018;PESSOAL E ENCARGOS SOCIAIS DA SESAP;11;APOIO A ADMINISTRAÇAO PUBLICA;10;Saúde;122;Administração Geral;44;3.1.91.13.00.00.00.00;OBRIGAÇÕES PATRONAIS;1.500.000.1002;RECURSOS NÃO VINCULADOS DE IMPOSTOS (SAÚDE);350.214,12
FUNDO MUNICIPAL DE SAÚDE DE BARBACENA;18.002;FUNDO MUNICIPAL DE SAUDE;2.018;PESSOAL E ENCARGOS SOCIAIS DA SESAP;11;APOIO A ADMINISTRAÇAO PUBLICA;10;Saúde;122;Administração Geral;44;3.1.91.13.00.00.00.00;OBRIGAÇÕES PATRONAIS;1.605.000.0000;ASSISTÊNCIA FINANCEIRA DA UNIÃO DESTINADA À COMPLEMENTAÇÃO AO PAGAMENTO DOS PISOS SALARIAIS PARA PROFISSIONAIS DA ENFERMAGEM.;8.334,90
FUNDO MUNICIPAL DE SAÚDE DE BARBACENA;18.002;FUNDO MUNICIPAL DE SAUDE;2.018;PESSOAL E ENCARGOS SOCIAIS DA SESAP;11;APOIO A ADMINISTRAÇAO PUBLICA;10;Saúde;122;Administração Geral;44;3.1.91.13.00.00.00.00;OBRIGAÇÕES PATRONAIS;2.707.000.0000;TRANSFERÊNCIAS DA UNIÃO – INCISO I DO ART. 5º DA LEI COMPLEMENTAR 273/2020;3.134,67
FUNDO MUNICIPAL DE SAÚDE DE BARBACENA;18.002;FUNDO MUNICIPAL DE SAUDE;2.018;PESSOAL E ENCARGOS SOCIAIS DA SESAP;11;APOIO A ADMINISTRAÇAO PUBLICA;10;Saúde;122;Administração Geral;45;3.3.90.08.00.00.00.00;OUTROS BENEFÍCIOS ASSISTENCIAIS-SERVIDOR/MILITAR;1.500.000.1002;RECURSOS NÃO VINCULADOS DE IMPOSTOS (SAÚDE);1.439,40
FUNDO MUNICIPAL DE SAÚDE DE BARBACENA;18.002;FUNDO MUNICIPAL DE SAUDE;2.018;PESSOAL E ENCARGOS SOCIAIS DA SESAP;11;APOIO A ADMINISTRAÇAO PUBLICA;10;Saúde;122;Administração Geral;46;3.3.90.18.00.00.00.00;AUXÍLIO FINANCEIRO A ESTUDANTES;1.500.000.1002;RECURSOS NÃO VINCULADOS DE IMPOSTOS (SAÚDE);785,61
FUNDO MUNICIPAL DE SAÚDE DE BARBACENA;18.002;FUNDO MUNICIPAL DE SAUDE;2.018;PESSOAL E ENCARGOS SOCIAIS DA SESAP;11;APOIO A ADMINISTRAÇAO PUBLICA;10;Saúde;122;Administração Geral;47;3.3.90.39.00.00.00.00;OUTROS SERVIÇOS DE TERCEIROS - PESSOA JURÍDICA;1.500.000.1002;RECURSOS NÃO VINCULADOS DE IMPOSTOS (SAÚDE);225.902,62
FUNDO MUNICIPAL DE SAÚDE DE BARBACENA;18.002;FUNDO MUNICIPAL DE SAUDE;2.018;PESSOAL E ENCARGOS SOCIAIS DA SESAP;11;APOIO A ADMINISTRAÇAO PUBLICA;10;Saúde;122;Administração Geral;48;3.3.90.46.00.00.00.00;AUXÍLIO-ALIMENTAÇÃO;1.500.000.1002;RECURSOS NÃO VINCULADOS DE IMPOSTOS (SAÚDE);583.401,00
FUNDO MUNICIPAL DE SAÚDE DE BARBACENA;18.002;FUNDO MUNICIPAL DE SAUDE;2.018;PESSOAL E ENCARGOS SOCIAIS DA SESAP;11;APOIO A ADMINISTRAÇAO PUBLICA;10;Saúde;122;Administração Geral;48;3.3.90.46.00.00.00.00;AUXÍLIO-ALIMENTAÇÃO;1.605.000.0000;ASSISTÊNCIA FINANCEIRA DA UNIÃO DESTINADA À COMPLEMENTAÇÃO AO PAGAMENTO DOS PISOS SALARIAIS PARA PROFISSIONAIS DA ENFERMAGEM.;81.030,00
FUNDO MUNICIPAL DE SAÚDE DE BARBACENA;18.002;FUNDO MUNICIPAL DE SAUDE;2.018;PESSOAL E ENCARGOS SOCIAIS DA SESAP;11;APOIO A ADMINISTRAÇAO PUBLICA;10;Saúde;122;Administração Geral;48;3.3.90.46.00.00.00.00;AUXÍLIO-ALIMENTAÇÃO;2.707.000.0000;TRANSFERÊNCIAS DA UNIÃO – INCISO I DO ART. 5º DA LEI COMPLEMENTAR 273/2020;5.850,00
FUNDO MUNICIPAL DE SAÚDE DE BARBACENA;18.002;FUNDO MUNICIPAL DE SAUDE;2.018;PESSOAL E ENCARGOS SOCIAIS DA SESAP;11;APOIO A ADMINISTRAÇAO PUBLICA;10;Saúde;122;Administração Geral;49;3.3.90.92.00.00.00.00;DESPESAS DE EXERCÍCIOS ANTERIORES;1.500.000.1002;RECURSOS NÃO VINCULADOS DE IMPOSTOS (SAÚDE);5.809,88
FUNDO MUNICIPAL DE SAÚDE DE BARBACENA;18.002;FUNDO MUNICIPAL DE SAUDE;2.021;MANUTENÇAO DE AÇÕES DA SESAP;11;APOIO A ADMINISTRAÇAO PUBLICA;10;Saúde;122;Administração Geral;50;3.3.90.14.00.00.00.00;DIÁRIAS - PESSOAL CIVIL;1.500.000.1002;RECURSOS NÃO VINCULADOS DE IMPOSTOS (SAÚDE);14.100,00
FUNDO MUNICIPAL DE SAÚDE DE BARBACENA;18.002;FUNDO MUNICIPAL DE SAUDE;2.021;MANUTENÇAO DE AÇÕES DA SESAP;11;APOIO A ADMINISTRAÇAO PUBLICA;10;Saúde;122;Administração Geral;51;3.3.90.30.00.00.00.00;MATERIAL DE CONSUMO;1.500.000.1002;RECURSOS NÃO VINCULADOS DE IMPOSTOS (SAÚDE);1.243,60
FUNDO MUNICIPAL DE SAÚDE DE BARBACENA;18.002;FUNDO MUNICIPAL DE SAUDE;2.021;MANUTENÇAO DE AÇÕES DA SESAP;11;APOIO A ADMINISTRAÇAO PUBLICA;10;Saúde;122;Administração Geral;51;3.3.90.30.00.00.00.00;MATERIAL DE CONSUMO;1.621.000.0000;TRANSFERÊNCIAS FUNDO A FUNDO DE RECURSOS DO SUS PROVENIENTES DO GOVERNO ESTADUAL;500,00
FUNDO MUNICIPAL DE SAÚDE DE BARBACENA;18.002;FUNDO MUNICIPAL DE SAUDE;2.021;MANUTENÇAO DE AÇÕES DA SESAP;11;APOIO A ADMINISTRAÇAO PUBLICA;10;Saúde;122;Administração Geral;52;3.3.90.36.00.00.00.00;OUTROS SERVIÇOS DE TERCEIROS - PESSOA FÍSICA;1.500.000.1002;RECURSOS NÃO VINCULADOS DE IMPOSTOS (SAÚDE);0,10
FUNDO MUNICIPAL DE SAÚDE DE BARBACENA;18.002;FUNDO MUNICIPAL DE SAUDE;2.021;MANUTENÇAO DE AÇÕES DA SESAP;11;APOIO A ADMINISTRAÇAO PUBLICA;10;Saúde;122;Administração Geral;53;3.3.90.39.00.00.00.00;OUTROS SERVIÇOS DE TERCEIROS - PESSOA JURÍDICA;1.500.000.1002;RECURSOS NÃO VINCULADOS DE IMPOSTOS (SAÚDE);517.401,23
FUNDO MUNICIPAL DE SAÚDE DE BARBACENA;18.002;FUNDO MUNICIPAL DE SAUDE;2.021;MANUTENÇAO DE AÇÕES DA SESAP;11;APOIO A ADMINISTRAÇAO PUBLICA;10;Saúde;122;Administração Geral;53;3.3.90.39.00.00.00.00;OUTROS SERVIÇOS DE TERCEIROS - PESSOA JURÍDICA;1.621.000.0000;TRANSFERÊNCIAS FUNDO A FUNDO DE RECURSOS DO SUS PROVENIENTES DO GOVERNO ESTADUAL;1.500,00
FUNDO MUNICIPAL DE SAÚDE DE BARBACENA;18.002;FUNDO MUNICIPAL DE SAUDE;2.021;MANUTENÇAO DE AÇÕES DA SESAP;11;APOIO A ADMINISTRAÇAO PUBLICA;10;Saúde;122;Administração Geral;54;3.3.90.40.00.00.00.00;SERVIÇOS DE TECNOLOGIA DA INFORMAÇÃO E COMUNICAÇ;1.500.000.1002;RECURSOS NÃO VINCULADOS DE IMPOSTOS (SAÚDE);0,00
FUNDO MUNICIPAL DE SAÚDE DE BARBACENA;18.002;FUNDO MUNICIPAL DE SAUDE;2.021;MANUTENÇAO DE AÇÕES DA SESAP;11;APOIO A ADMINISTRAÇAO PUBLICA;10;Saúde;122;Administração Geral;55;3.3.90.92.00.00.00.00;DESPESAS DE EXERCÍCIOS ANTERIORES;1.500.000.1002;RECURSOS NÃO VINCULADOS DE IMPOSTOS (SAÚDE);0,00
FUNDO MUNICIPAL DE SAÚDE DE BARBACENA;18.002;FUNDO MUNICIPAL DE SAUDE;2.021;MANUTENÇAO DE AÇÕES DA SESAP;11;APOIO A ADMINISTRAÇAO PUBLICA;10;Saúde;122;Administração Geral;56;3.3.90.93.00.00.00.00;INDENIZAÇÕES E RESTITUIÇÕES;1.500.000.1002;RECURSOS NÃO VINCULADOS DE IMPOSTOS (SAÚDE);0,00
FUNDO MUNICIPAL DE SAÚDE DE BARBACENA;18.002;FUNDO MUNICIPAL DE SAUDE;2.021;MANUTENÇAO DE AÇÕES DA SESAP;11;APOIO A ADMINISTRAÇAO PUBLICA;10;Saúde;122;Administração Geral;57;4.4.90.52.00.00.00.00;EQUIPAMENTOS E MATERIAL PERMANENTE;1.500.000.1002;RECURSOS NÃO VINCULADOS DE IMPOSTOS (SAÚDE);0,00
FUNDO MUNICIPAL DE SAÚDE DE BARBACENA;18.002;FUNDO MUNICIPAL DE SAUDE;2.443;APOIO AO HOSPITAL POLICLÍNICA E MATERNIDADE DE BARBACENA - IMAIP;27;MOBILIDADE URBANA;10;Saúde;302;Assistência Hospitalar e Ambulatorial;189;3.3.50.41.00.00.00.00;CONTRIBUIÇÕES;1.600.000.0000;TRANSFERÊNCIAS FUNDO A FUNDO DE RECURSOS DO SUS PROVENIENTES DO GOVERNO FEDERAL - BLOCO DE MANUTENÇÃO DAS AÇÕES E SERVIÇOS PÚBLICOS DE SAÚDE;79.968,66
FUNDO MUNICIPAL DE SAÚDE DE BARBACENA;18.002;FUNDO MUNICIPAL DE SAUDE;2.443;APOIO AO HOSPITAL POLICLÍNICA E MATERNIDADE DE BARBACENA - IMAIP;27;MOBILIDADE URBANA;10;Saúde;302;Assistência Hospitalar e Ambulatorial;189;3.3.50.41.00.00.00.00;CONTRIBUIÇÕES;1.621.000.0000;TRANSFERÊNCIAS FUNDO A FUNDO DE RECURSOS DO SUS PROVENIENTES DO GOVERNO ESTADUAL;173.265,45
FUNDO MUNICIPAL DE SAÚDE DE BARBACENA;18.002;FUNDO MUNICIPAL DE SAUDE;2.443;APOIO AO HOSPITAL POLICLÍNICA E MATERNIDADE DE BARBACENA - IMAIP;27;MOBILIDADE URBANA;10;Saúde;302;Assistência Hospitalar e Ambulatorial;189;3.3.50.41.00.00.00.00;CONTRIBUIÇÕES;2.600.000.0000;TRANSFERÊNCIAS FUNDO A FUNDO DE RECURSOS DO SUS PROVENIENTES DO GOVERNO FEDERAL - BLOCO DE MANUTENÇÃO DAS AÇÕES E SERVIÇOS PÚBLICOS DE SAÚDE;253.234,11
PREFEITURA MUNICIPAL DE BARBACENA;02.001;CGM;2.134;PESSOAL E ENCARGOS SOCIAIS DA CGM;11;APOIO A ADMINISTRAÇAO PUBLICA;4;Administração;122;Administração Geral;1;3.1.90.04.00.00.00.00;CONTRATAÇÃO POR TEMPO DETERMINADO;1.500.000.0000;RECURSOS NÃO VINCULADOS DE IMPOSTOS;0,00
PREFEITURA MUNICIPAL DE BARBACENA;02.001;CGM;2.134;PESSOAL E ENCARGOS SOCIAIS DA CGM;11;APOIO A ADMINISTRAÇAO PUBLICA;4;Administração;122;Administração Geral;2;3.1.90.11.00.00.00.00;VENCIMENTOS E VANTAGENS FIXAS - PESSOAL CIVIL;1.500.000.0000;RECURSOS NÃO VINCULADOS DE IMPOSTOS;713.328,14
PREFEITURA MUNICIPAL DE BARBACENA;02.001;CGM;2.134;PESSOAL E ENCARGOS SOCIAIS DA CGM;11;APOIO A ADMINISTRAÇAO PUBLICA;4;Administração;122;Administração Geral;3;3.1.90.13.00.00.00.00;OBRIGAÇÕES PATRONAIS;1.500.000.0000;RECURSOS NÃO VINCULADOS DE IMPOSTOS;60.927,35
PREFEITURA MUNICIPAL DE BARBACENA;02.001;CGM;2.134;PESSOAL E ENCARGOS SOCIAIS DA CGM;11;APOIO A ADMINISTRAÇAO PUBLICA;4;Administração;122;Administração Geral;4;3.1.90.92.00.00.00.00;DESPESAS DE EXERCÍCIOS ANTERIORES;1.500.000.0000;RECURSOS NÃO VINCULADOS DE IMPOSTOS;0,00
PREFEITURA MUNICIPAL DE BARBACENA;02.001;CGM;2.134;PESSOAL E ENCARGOS SOCIAIS DA CGM;11;APOIO A ADMINISTRAÇAO PUBLICA;4;Administração;122;Administração Geral;5;3.1.90.94.00.00.00.00;INDENIZAÇÕES E RESTITUIÇÕES TRABALHISTAS;1.500.000.0000;RECURSOS NÃO VINCULADOS DE IMPOSTOS;0,00
PREFEITURA MUNICIPAL DE BARBACENA;02.001;CGM;2.134;PESSOAL E ENCARGOS SOCIAIS DA CGM;11;APOIO A ADMINISTRAÇAO PUBLICA;4;Administração;122;Administração Geral;6;3.1.91.13.00.00.00.00;OBRIGAÇÕES PATRONAIS;1.500.000.0000;RECURSOS NÃO VINCULADOS DE IMPOSTOS;117.094,12
PREFEITURA MUNICIPAL DE BARBACENA;02.001;CGM;2.134;PESSOAL E ENCARGOS SOCIAIS DA CGM;11;APOIO A ADMINISTRAÇAO PUBLICA;4;Administração;122;Administração Geral;7;3.3.90.18.00.00.00.00;AUXÍLIO FINANCEIRO A ESTUDANTES;1.500.000.0000;RECURSOS NÃO VINCULADOS DE IMPOSTOS;0,00
PREFEITURA MUNICIPAL DE BARBACENA;02.001;CGM;2.134;PESSOAL E ENCARGOS SOCIAIS DA CGM;11;APOIO A ADMINISTRAÇAO PUBLICA;4;Administração;122;Administração Geral;8;3.3.90.46.00.00.00.00;AUXÍLIO-ALIMENTAÇÃO;1.500.000.0000;RECURSOS NÃO VINCULADOS DE IMPOSTOS;36.900,00
PREFEITURA MUNICIPAL DE BARBACENA;02.001;CGM;2.140;MANUTENCAO DA CGM;11;APOIO A ADMINISTRAÇAO PUBLICA;4;Administração;122;Administração Geral;9;3.3.90.14.00.00.00.00;DIÁRIAS - PESSOAL CIVIL;1.500.000.0000;RECURSOS NÃO VINCULADOS DE IMPOSTOS;0,00
PREFEITURA MUNICIPAL DE BARBACENA;02.001;CGM;2.140;MANUTENCAO DA CGM;11;APOIO A ADMINISTRAÇAO PUBLICA;4;Administração;122;Administração Geral;10;3.3.90.30.00.00.00.00;MATERIAL DE CONSUMO;1.500.000.0000;RECURSOS NÃO VINCULADOS DE IMPOSTOS;0,00
PREFEITURA MUNICIPAL DE BARBACENA;02.001;CGM;2.140;MANUTENCAO DA CGM;11;APOIO A ADMINISTRAÇAO PUBLICA;4;Administração;122;Administração Geral;11;3.3.90.39.00.00.00.00;OUTROS SERVIÇOS DE TERCEIROS - PESSOA JURÍDICA;1.500.000.0000;RECURSOS NÃO VINCULADOS DE IMPOSTOS;110.033,08
PREFEITURA MUNICIPAL DE BARBACENA;02.001;CGM;2.140;MANUTENCAO DA CGM;11;APOIO A ADMINISTRAÇAO PUBLICA;4;Administração;122;Administração Geral;12;3.3.90.40.00.00.00.00;SERVIÇOS DE TECNOLOGIA DA INFORMAÇÃO E COMUNICAÇ;1.500.000.0000;RECURSOS NÃO VINCULADOS DE IMPOSTOS;0,00
PREFEITURA MUNICIPAL DE BARBACENA;02.001;CGM;2.140;MANUTENCAO DA CGM;11;APOIO A ADMINISTRAÇAO PUBLICA;4;Administração;122;Administração Geral;13;3.3.90.93.00.00.00.00;INDENIZAÇÕES E RESTITUIÇÕES;1.500.000.0000;RECURSOS NÃO VINCULADOS DE IMPOSTOS;0,00
PREFEITURA MUNICIPAL DE BARBACENA;02.001;CGM;2.140;MANUTENCAO DA CGM;11;APOIO A ADMINISTRAÇAO PUBLICA;4;Administração;122;Administração Geral;14;4.4.90.52.00.00.00.00;EQUIPAMENTOS E MATERIAL PERMANENTE;1.500.000.0000;RECURSOS NÃO VINCULADOS DE IMPOSTOS;0,00
PREFEITURA MUNICIPAL DE BARBACENA;03.001;CONTROLADORIA GERAL DO MUNICIPIO-CGEM;2.141;PESSOAL E ENCARGOS SOCIAIS DA CGEM;11;APOIO A ADMINISTRAÇAO PUBLICA;4;Administração;124;Controle Interno;15;3.1.90.04.00.00.00.00;CONTRATAÇÃO POR TEMPO DETERMINADO;1.500.000.0000;RECURSOS NÃO VINCULADOS DE IMPOSTOS;371,64
PREFEITURA MUNICIPAL DE BARBACENA;03.001;CONTROLADORIA GERAL DO MUNICIPIO-CGEM;2.141;PESSOAL E ENCARGOS SOCIAIS DA CGEM;11;APOIO A ADMINISTRAÇAO PUBLICA;4;Administração;124;Controle Interno;16;3.1.90.11.00.00.00.00;VENCIMENTOS E VANTAGENS FIXAS - PESSOAL CIVIL;1.500.000.0000;RECURSOS NÃO VINCULADOS DE IMPOSTOS;614.778,14
PREFEITURA MUNICIPAL DE BARBACENA;03.001;CONTROLADORIA GERAL DO MUNICIPIO-CGEM;2.141;PESSOAL E ENCARGOS SOCIAIS DA CGEM;11;APOIO A ADMINISTRAÇAO PUBLICA;4;Administração;124;Controle Interno;17;3.1.90.13.00.00.00.00;OBRIGAÇÕES PATRONAIS;1.500.000.0000;RECURSOS NÃO VINCULADOS DE IMPOSTOS;51.175,02
PREFEITURA MUNICIPAL DE BARBACENA;03.001;CONTROLADORIA GERAL DO MUNICIPIO-CGEM;2.141;PESSOAL E ENCARGOS SOCIAIS DA CGEM;11;APOIO A ADMINISTRAÇAO PUBLICA;4;Administração;124;Controle Interno;18;3.1.90.92.00.00.00.00;DESPESAS DE EXERCÍCIOS ANTERIORES;1.500.000.0000;RECURSOS NÃO VINCULADOS DE IMPOSTOS;1.000,00
PREFEITURA MUNICIPAL DE BARBACENA;03.001;CONTROLADORIA GERAL DO MUNICIPIO-CGEM;2.141;PESSOAL E ENCARGOS SOCIAIS DA CGEM;11;APOIO A ADMINISTRAÇAO PUBLICA;4;Administração;124;Controle Interno;19;3.1.91.13.00.00.00.00;OBRIGAÇÕES PATRONAIS;1.500.000.0000;RECURSOS NÃO VINCULADOS DE IMPOSTOS;120.396,49
PREFEITURA MUNICIPAL DE BARBACENA;03.001;CONTROLADORIA GERAL DO MUNICIPIO-CGEM;2.141;PESSOAL E ENCARGOS SOCIAIS DA CGEM;11;APOIO A ADMINISTRAÇAO PUBLICA;4;Administração;124;Controle Interno;20;3.3.90.08.00.00.00.00;OUTROS BENEFÍCIOS ASSISTENCIAIS-SERVIDOR/MILITAR;1.500.000.0000;RECURSOS NÃO VINCULADOS DE IMPOSTOS;1.000,00
PREFEITURA MUNICIPAL DE BARBACENA;03.001;CONTROLADORIA GERAL DO MUNICIPIO-CGEM;2.141;PESSOAL E ENCARGOS SOCIAIS DA CGEM;11;APOIO A ADMINISTRAÇAO PUBLICA;4;Administração;124;Controle Interno;21;3.3.90.18.00.00.00.00;AUXÍLIO FINANCEIRO A ESTUDANTES;1.500.000.0000;RECURSOS NÃO VINCULADOS DE IMPOSTOS;1.000,00
PREFEITURA MUNICIPAL DE BARBACENA;03.001;CONTROLADORIA GERAL DO MUNICIPIO-CGEM;2.141;PESSOAL E ENCARGOS SOCIAIS DA CGEM;11;APOIO A ADMINISTRAÇAO PUBLICA;4;Administração;124;Controle Interno;22;3.3.90.46.00.00.00.00;AUXÍLIO-ALIMENTAÇÃO;1.500.000.0000;RECURSOS NÃO VINCULADOS DE IMPOSTOS;51.736,25
PREFEITURA MUNICIPAL DE BARBACENA;03.001;CONTROLADORIA GERAL DO MUNICIPIO-CGEM;2.142;MANUTENÇAO DA CGEM;11;APOIO A ADMINISTRAÇAO PUBLICA;4;Administração;124;Controle Interno;23;3.3.90.14.00.00.00.00;DIÁRIAS - PESSOAL CIVIL;1.500.000.0000;RECURSOS NÃO VINCULADOS DE IMPOSTOS;2.000,00
PREFEITURA MUNICIPAL DE BARBACENA;03.001;CONTROLADORIA GERAL DO MUNICIPIO-CGEM;2.142;MANUTENÇAO DA CGEM;11;APOIO A ADMINISTRAÇAO PUBLICA;4;Administração;124;Controle Interno;24;3.3.90.30.00.00.00.00;MATERIAL DE CONSUMO;1.500.000.0000;RECURSOS NÃO VINCULADOS DE IMPOSTOS;2.000,00
PREFEITURA MUNICIPAL DE BARBACENA;03.001;CONTROLADORIA GERAL DO MUNICIPIO-CGEM;2.142;MANUTENÇAO DA CGEM;11;APOIO A ADMINISTRAÇAO PUBLICA;4;Administração;124;Controle Interno;25;3.3.90.39.00.00.00.00;OUTROS SERVIÇOS DE TERCEIROS - PESSOA JURÍDICA;1.500.000.0000;RECURSOS NÃO VINCULADOS DE IMPOSTOS;11.547,98
PREFEITURA MUNICIPAL DE BARBACENA;03.001;CONTROLADORIA GERAL DO MUNICIPIO-CGEM;2.142;MANUTENÇAO DA CGEM;11;APOIO A ADMINISTRAÇAO PUBLICA;4;Administração;124;Controle Interno;26;3.3.90.40.00.00.00.00;SERVIÇOS DE TECNOLOGIA DA INFORMAÇÃO E COMUNICAÇ;1.500.000.0000;RECURSOS NÃO VINCULADOS DE IMPOSTOS;89,48
PREFEITURA MUNICIPAL DE BARBACENA;03.001;CONTROLADORIA GERAL DO MUNICIPIO-CGEM;2.142;MANUTENÇAO DA CGEM;11;APOIO A ADMINISTRAÇAO PUBLICA;4;Administração;124;Controle Interno;27;4.4.90.52.00.00.00.00;EQUIPAMENTOS E MATERIAL PERMANENTE;1.500.000.0000;RECURSOS NÃO VINCULADOS DE IMPOSTOS;4.850,00
PREFEITURA MUNICIPAL DE BARBACENA;05.001;SEGAB;2.067;MANUTENÇAO DE PUBLICAÇOES OFICIAIS;11;APOIO A ADMINISTRAÇAO PUBLICA;4;Administração;122;Administração Geral;28;3.3.90.39.00.00.00.00;OUTROS SERVIÇOS DE TERCEIROS - PESSOA JURÍDICA;1.500.000.0000;RECURSOS NÃO VINCULADOS DE IMPOSTOS;30.752,92
PREFEITURA MUNICIPAL DE BARBACENA;05.001;SEGAB;2.067;MANUTENÇAO DE PUBLICAÇOES OFICIAIS;11;APOIO A ADMINISTRAÇAO PUBLICA;4;Administração;122;Administração Geral;28;3.3.90.39.00.00.00.00;OUTROS SERVIÇOS DE TERCEIROS - PESSOA JURÍDICA;2.500.000.0000;RECURSOS NÃO VINCULADOS DE IMPOSTOS;0,01
PREFEITURA MUNICIPAL DE BARBACENA;05.001;SEGAB;2.150;MANUTENÇAO DA SEGAB;11;APOIO A ADMINISTRAÇAO PUBLICA;4;Administração;122;Administração Geral;29;3.3.60.41.00.00.00.00;CONTRIBUIÇÕES;1.500.000.0000;RECURSOS NÃO VINCULADOS DE IMPOSTOS;0,00
PREFEITURA MUNICIPAL DE BARBACENA;05.001;SEGAB;2.150;MANUTENÇAO DA SEGAB;11;APOIO A ADMINISTRAÇAO PUBLICA;4;Administração;122;Administração Geral;30;3.3.90.04.00.00.00.00;CONTRATAÇÃO POR TEMPO DETERMINADO;1.500.000.0000;RECURSOS NÃO VINCULADOS DE IMPOSTOS;100,00
PREFEITURA MUNICIPAL DE BARBACENA;05.001;SEGAB;2.150;MANUTENÇAO DA SEGAB;11;APOIO A ADMINISTRAÇAO PUBLICA;4;Administração;122;Administração Geral;31;3.3.90.14.00.00.00.00;DIÁRIAS - PESSOAL CIVIL;1.500.000.0000;RECURSOS NÃO VINCULADOS DE IMPOSTOS;30.700,00
PREFEITURA MUNICIPAL DE BARBACENA;05.001;SEGAB;2.150;MANUTENÇAO DA SEGAB;11;APOIO A ADMINISTRAÇAO PUBLICA;4;Administração;122;Administração Geral;32;3.3.90.19.00.00.00.00;AUXÍLIO-FARDAMENTO;1.500.000.0000;RECURSOS NÃO VINCULADOS DE IMPOSTOS;0,00
PREFEITURA MUNICIPAL DE BARBACENA;05.001;SEGAB;2.150;MANUTENÇAO DA SEGAB;11;APOIO A ADMINISTRAÇAO PUBLICA;4;Administração;122;Administração Geral;33;3.3.90.30.00.00.00.00;MATERIAL DE CONSUMO;1.500.000.0000;RECURSOS NÃO VINCULADOS DE IMPOSTOS;10.251,89
PREFEITURA MUNICIPAL DE BARBACENA;05.001;SEGAB;2.150;MANUTENÇAO DA SEGAB;11;APOIO A ADMINISTRAÇAO PUBLICA;4;Administração;122;Administração Geral;33;3.3.90.30.00.00.00.00;MATERIAL DE CONSUMO;2.500.000.0000;RECURSOS NÃO VINCULADOS DE IMPOSTOS;0,01
PREFEITURA MUNICIPAL DE BARBACENA;05.001;SEGAB;2.150;MANUTENÇAO DA SEGAB;11;APOIO A ADMINISTRAÇAO PUBLICA;4;Administração;122;Administração Geral;34;3.3.90.33.00.00.00.00;PASSAGENS E DESPESAS COM LOCOMOÇÃO;1.500.000.0000;RECURSOS NÃO VINCULADOS DE IMPOSTOS;0,00
PREFEITURA MUNICIPAL DE BARBACENA;05.001;SEGAB;2.150;MANUTENÇAO DA SEGAB;11;APOIO A ADMINISTRAÇAO PUBLICA;4;Administração;122;Administração Geral;35;3.3.90.39.00.00.00.00;OUTROS SERVIÇOS DE TERCEIROS - PESSOA JURÍDICA;1.500.000.0000;RECURSOS NÃO VINCULADOS DE IMPOSTOS;220.896,32
PREFEITURA MUNICIPAL DE BARBACENA;05.001;SEGAB;2.150;MANUTENÇAO DA SEGAB;11;APOIO A ADMINISTRAÇAO PUBLICA;4;Administração;122;Administração Geral;35;3.3.90.39.00.00.00.00;OUTROS SERVIÇOS DE TERCEIROS - PESSOA JURÍDICA;1.753.000.0000;RECURSOS PROVENIENTES DE TAXAS, CONTRIBUIÇÕES E PREÇOS PÚBLICOS;0,01
PREFEITURA MUNICIPAL DE BARBACENA;05.001;SEGAB;2.150;MANUTENÇAO DA SEGAB;11;APOIO A ADMINISTRAÇAO PUBLICA;4;Administração;122;Administração Geral;35;3.3.90.39.00.00.00.00;OUTROS SERVIÇOS DE TERCEIROS - PESSOA JURÍDICA;2.500.000.0000;RECURSOS NÃO VINCULADOS DE IMPOSTOS;184.049,65
PREFEITURA MUNICIPAL DE BARBACENA;05.001;SEGAB;2.150;MANUTENÇAO DA SEGAB;11;APOIO A ADMINISTRAÇAO PUBLICA;4;Administração;122;Administração Geral;35;3.3.90.39.00.00.00.00;OUTROS SERVIÇOS DE TERCEIROS - PESSOA JURÍDICA;2.753.000.0000;RECURSOS PROVENIENTES DE TAXAS, CONTRIBUIÇÕES E PREÇOS PÚBLICOS;0,01
PREFEITURA MUNICIPAL DE BARBACENA;05.001;SEGAB;2.150;MANUTENÇAO DA SEGAB;11;APOIO A ADMINISTRAÇAO PUBLICA;4;Administração;122;Administração Geral;36;3.3.90.92.00.00.00.00;DESPESAS DE EXERCÍCIOS ANTERIORES;1.500.000.0000;RECURSOS NÃO VINCULADOS DE IMPOSTOS;0,00
PREFEITURA MUNICIPAL DE BARBACENA;05.001;SEGAB;2.150;MANUTENÇAO DA SEGAB;11;APOIO A ADMINISTRAÇAO PUBLICA;4;Administração;122;Administração Geral;37;3.3.90.93.00.00.00.00;INDENIZAÇÕES E RESTITUIÇÕES;1.500.000.0000;RECURSOS NÃO VINCULADOS DE IMPOSTOS;0,00
PREFEITURA MUNICIPAL DE BARBACENA;05.001;SEGAB;2.150;MANUTENÇAO DA SEGAB;11;APOIO A ADMINISTRAÇAO PUBLICA;4;Administração;122;Administração Geral;38;4.4.90.52.00.00.00.00;EQUIPAMENTOS E MATERIAL PERMANENTE;1.500.000.0000;RECURSOS NÃO VINCULADOS DE IMPOSTOS;10.041,00
PREFEITURA MUNICIPAL DE BARBACENA;05.001;SEGAB;2.150;MANUTENÇAO DA SEGAB;11;APOIO A ADMINISTRAÇAO PUBLICA;4;Administração;122;Administração Geral;38;4.4.90.52.00.00.00.00;EQUIPAMENTOS E MATERIAL PERMANENTE;2.500.000.0000;RECURSOS NÃO VINCULADOS DE IMPOSTOS;0,01
PREFEITURA MUNICIPAL DE BARBACENA;05.001;SEGAB;2.150;MANUTENÇAO DA SEGAB;11;APOIO A ADMINISTRAÇAO PUBLICA;4;Administração;122;Administração Geral;930;3.3.90.47.00.00.00.00;OBRIGAÇÕES TRIBUTÁRIAS E CONTRIBUTIVAS;1.500.000.0000;RECURSOS NÃO VINCULADOS DE IMPOSTOS;85,13
PREFEITURA MUNICIPAL DE BARBACENA;05.001;SEGAB;2.150;MANUTENÇAO DA SEGAB;11;APOIO A ADMINISTRAÇAO PUBLICA;4;Administração;122;Administração Geral;965;3.1.90.94.00.00.00.00;INDENIZAÇÕES E RESTITUIÇÕES TRABALHISTAS;1.500.000.0000;RECURSOS NÃO VINCULADOS DE IMPOSTOS;5.195,33
PREFEITURA MUNICIPAL DE BARBACENA;05.001;SEGAB;2.151;PARCERIAS DE REPRESENTAÇAO E COOPERAÇAO INSTITUCIONAL;11;APOIO A ADMINISTRAÇAO PUBLICA;4;Administração;122;Administração Geral;39;3.3.60.41.00.00.00.00;CONTRIBUIÇÕES;1.500.000.0000;RECURSOS NÃO VINCULADOS DE IMPOSTOS;0,00
PREFEITURA MUNICIPAL DE BARBACENA;05.001;SEGAB;2.151;PARCERIAS DE REPRESENTAÇAO E COOPERAÇAO INSTITUCIONAL;11;APOIO A ADMINISTRAÇAO PUBLICA;4;Administração;122;Administração Geral;40;3.3.70.41.00.00.00.00;CONTRIBUIÇÕES;1.500.000.0000;RECURSOS NÃO VINCULADOS DE IMPOSTOS;135.781,00
PREFEITURA MUNICIPAL DE BARBACENA;05.001;SEGAB;2.151;PARCERIAS DE REPRESENTAÇAO E COOPERAÇAO INSTITUCIONAL;11;APOIO A ADMINISTRAÇAO PUBLICA;4;Administração;122;Administração Geral;40;3.3.70.41.00.00.00.00;CONTRIBUIÇÕES;1.501.000.0000;OUTROS RECURSOS NÃO VINCULADOS;1.271.386,00
PREFEITURA MUNICIPAL DE BARBACENA;05.001;SEGAB;2.151;PARCERIAS DE REPRESENTAÇAO E COOPERAÇAO INSTITUCIONAL;11;APOIO A ADMINISTRAÇAO PUBLICA;4;Administração;122;Administração Geral;40;3.3.70.41.00.00.00.00;CONTRIBUIÇÕES;2.753.000.0000;RECURSOS PROVENIENTES DE TAXAS, CONTRIBUIÇÕES E PREÇOS PÚBLICOS;264.551,21
PREFEITURA MUNICIPAL DE BARBACENA;05.001;SEGAB;2.151;PARCERIAS DE REPRESENTAÇAO E COOPERAÇAO INSTITUCIONAL;11;APOIO A ADMINISTRAÇAO PUBLICA;4;Administração;122;Administração Geral;914;3.3.71.70.00.00.00.00;RATEIO PELA PARTICIPAÇÃO EM CONSÓRCIO PÚBLICO;1.500.000.0000;RECURSOS NÃO VINCULADOS DE IMPOSTOS;45.624,60
PREFEITURA MUNICIPAL DE BARBACENA;05.001;SEGAB;2.152;PESSOAL E ENCARGOS SOCIAIS DA SEGAB;11;APOIO A ADMINISTRAÇAO PUBLICA;4;Administração;122;Administração Geral;41;3.1.90.04.00.00.00.00;CONTRATAÇÃO POR TEMPO DETERMINADO;1.500.000.0000;RECURSOS NÃO VINCULADOS DE IMPOSTOS;123.467,04
PREFEITURA MUNICIPAL DE BARBACENA;05.001;SEGAB;2.152;PESSOAL E ENCARGOS SOCIAIS DA SEGAB;11;APOIO A ADMINISTRAÇAO PUBLICA;4;Administração;122;Administração Geral;42;3.1.90.11.00.00.00.00;VENCIMENTOS E VANTAGENS FIXAS - PESSOAL CIVIL;1.500.000.0000;RECURSOS NÃO VINCULADOS DE IMPOSTOS;1.172.709,75
PREFEITURA MUNICIPAL DE BARBACENA;05.001;SEGAB;2.152;PESSOAL E ENCARGOS SOCIAIS DA SEGAB;11;APOIO A ADMINISTRAÇAO PUBLICA;4;Administração;122;Administração Geral;43;3.1.90.13.00.00.00.00;OBRIGAÇÕES PATRONAIS;1.500.000.0000;RECURSOS NÃO VINCULADOS DE IMPOSTOS;371.796,15
PREFEITURA MUNICIPAL DE BARBACENA;05.001;SEGAB;2.152;PESSOAL E ENCARGOS SOCIAIS DA SEGAB;11;APOIO A ADMINISTRAÇAO PUBLICA;4;Administração;122;Administração Geral;44;3.1.90.91.00.00.00.00;SENTENÇAS JUDICIAIS;1.500.000.0000;RECURSOS NÃO VINCULADOS DE IMPOSTOS;0,00
PREFEITURA MUNICIPAL DE BARBACENA;05.001;SEGAB;2.152;PESSOAL E ENCARGOS SOCIAIS DA SEGAB;11;APOIO A ADMINISTRAÇAO PUBLICA;4;Administração;122;Administração Geral;45;3.1.90.92.00.00.00.00;DESPESAS DE EXERCÍCIOS ANTERIORES;1.500.000.0000;RECURSOS NÃO VINCULADOS DE IMPOSTOS;0,00
PREFEITURA MUNICIPAL DE BARBACENA;05.001;SEGAB;2.152;PESSOAL E ENCARGOS SOCIAIS DA SEGAB;11;APOIO A ADMINISTRAÇAO PUBLICA;4;Administração;122;Administração Geral;46;3.1.91.13.00.00.00.00;OBRIGAÇÕES PATRONAIS;1.500.000.0000;RECURSOS NÃO VINCULADOS DE IMPOSTOS;72.299,70
PREFEITURA MUNICIPAL DE BARBACENA;05.001;SEGAB;2.152;PESSOAL E ENCARGOS SOCIAIS DA SEGAB;11;APOIO A ADMINISTRAÇAO PUBLICA;4;Administração;122;Administração Geral;47;3.3.90.08.00.00.00.00;OUTROS BENEFÍCIOS ASSISTENCIAIS-SERVIDOR/MILITAR;1.500.000.0000;RECURSOS NÃO VINCULADOS DE IMPOSTOS;0,00
PREFEITURA MUNICIPAL DE BARBACENA;05.001;SEGAB;2.152;PESSOAL E ENCARGOS SOCIAIS DA SEGAB;11;APOIO A ADMINISTRAÇAO PUBLICA;4;Administração;122;Administração Geral;48;3.3.90.18.00.00.00.00;AUXÍLIO FINANCEIRO A ESTUDANTES;1.500.000.0000;RECURSOS NÃO VINCULADOS DE IMPOSTOS;0,00
PREFEITURA MUNICIPAL DE BARBACENA;05.001;SEGAB;2.152;PESSOAL E ENCARGOS SOCIAIS DA SEGAB;11;APOIO A ADMINISTRAÇAO PUBLICA;4;Administração;122;Administração Geral;49;3.3.90.39.00.00.00.00;OUTROS SERVIÇOS DE TERCEIROS - PESSOA JURÍDICA;1.500.000.0000;RECURSOS NÃO VINCULADOS DE IMPOSTOS;238.954,56
PREFEITURA MUNICIPAL DE BARBACENA;05.001;SEGAB;2.152;PESSOAL E ENCARGOS SOCIAIS DA SEGAB;11;APOIO A ADMINISTRAÇAO PUBLICA;4;Administração;122;Administração Geral;50;3.3.90.46.00.00.00.00;AUXÍLIO-ALIMENTAÇÃO;1.500.000.0000;RECURSOS NÃO VINCULADOS DE IMPOSTOS;65.160,00
PREFEITURA MUNICIPAL DE BARBACENA;05.001;SEGAB;2.152;PESSOAL E ENCARGOS SOCIAIS DA SEGAB;11;APOIO A ADMINISTRAÇAO PUBLICA;4;Administração;122;Administração Geral;948;3.3.90.19.00.00.00.00;AUXÍLIO-FARDAMENTO;1.500.000.0000;RECURSOS NÃO VINCULADOS DE IMPOSTOS;590,64
PREFEITURA MUNICIPAL DE BARBACENA;05.001;SEGAB;2.219;CONTRATO DE RATEIO COM O CODAMMA;11;APOIO A ADMINISTRAÇAO PUBLICA;4;Administração;122;Administração Geral;51;3.1.71.70.00.00.00.00;RATEIO PELA PARTICIPAÇÃO EM CONSÓRCIO PÚBLICO;1.500.000.0000;RECURSOS NÃO VINCULADOS DE IMPOSTOS;75.150,16
PREFEITURA MUNICIPAL DE BARBACENA;05.001;SEGAB;2.219;CONTRATO DE RATEIO COM O CODAMMA;11;APOIO A ADMINISTRAÇAO PUBLICA;4;Administração;122;Administração Geral;52;3.3.71.70.00.00.00.00;RATEIO PELA PARTICIPAÇÃO EM CONSÓRCIO PÚBLICO;1.500.000.0000;RECURSOS NÃO VINCULADOS DE IMPOSTOS;38.041,00
PREFEITURA MUNICIPAL DE BARBACENA;05.001;SEGAB;2.219;CONTRATO DE RATEIO COM O CODAMMA;11;APOIO A ADMINISTRAÇAO PUBLICA;4;Administração;122;Administração Geral;53;4.4.71.70.00.00.00.00;RATEIO PELA PARTICIPAÇÃO EM CONSÓRCIO PÚBLICO;1.500.000.0000;RECURSOS NÃO VINCULADOS DE IMPOSTOS;2.952,00
PREFEITURA MUNICIPAL DE BARBACENA;13.001;SEAPA;2.070;MANUTENÇAO DOS PARQUES DE EXPOSIÇAO E DO HORTO FLORESTAL;11;APOIO A ADMINISTRAÇAO PUBLICA;4;Administração;695;Turismo;54;3.3.90.30.00.00.00.00;MATERIAL DE CONSUMO;1.500.000.0000;RECURSOS NÃO VINCULADOS DE IMPOSTOS;6.265,63
PREFEITURA MUNICIPAL DE BARBACENA;13.001;SEAPA;2.070;MANUTENÇAO DOS PARQUES DE EXPOSIÇAO E DO HORTO FLORESTAL;11;APOIO A ADMINISTRAÇAO PUBLICA;4;Administração;695;Turismo;54;3.3.90.30.00.00.00.00;MATERIAL DE CONSUMO;1.501.000.0000;OUTROS RECURSOS NÃO VINCULADOS;174.419,70
PREFEITURA MUNICIPAL DE BARBACENA;13.001;SEAPA;2.070;MANUTENÇAO DOS PARQUES DE EXPOSIÇAO E DO HORTO FLORESTAL;11;APOIO A ADMINISTRAÇAO PUBLICA;4;Administração;695;Turismo;55;3.3.90.34.00.00.00.00;OUTRAS DESP.DE PESSOAL DECOR.DE CONT.TERCEIRIZAÇÃO;1.500.000.0000;RECURSOS NÃO VINCULADOS DE IMPOSTOS;34,37
PREFEITURA MUNICIPAL DE BARBACENA;13.001;SEAPA;2.070;MANUTENÇAO DOS PARQUES DE EXPOSIÇAO E DO HORTO FLORESTAL;11;APOIO A ADMINISTRAÇAO PUBLICA;4;Administração;695;Turismo;56;3.3.90.39.00.00.00.00;OUTROS SERVIÇOS DE TERCEIROS - PESSOA JURÍDICA;1.500.000.0000;RECURSOS NÃO VINCULADOS DE IMPOSTOS;493.910,88
PREFEITURA MUNICIPAL DE BARBACENA;13.001;SEAPA;2.070;MANUTENÇAO DOS PARQUES DE EXPOSIÇAO E DO HORTO FLORESTAL;11;APOIO A ADMINISTRAÇAO PUBLICA;4;Administração;695;Turismo;57;4.4.90.51.00.00.00.00;OBRAS E INSTALAÇÕES;1.501.000.0000;OUTROS RECURSOS NÃO VINCULADOS;0,00
PREFEITURA MUNICIPAL DE BARBACENA;13.001;SEAPA;2.172;PESSOAL E ENCARGOS SOCIAIS DA SEAPA;11;APOIO A ADMINISTRAÇAO PUBLICA;20;Agricultura;122;Administração Geral;58;3.1.90.04.00.00.00.00;CONTRATAÇÃO POR TEMPO DETERMINADO;1.500.000.0000;RECURSOS NÃO VINCULADOS DE IMPOSTOS;106.194,75
PREFEITURA MUNICIPAL DE BARBACENA;13.001;SEAPA;2.172;PESSOAL E ENCARGOS SOCIAIS DA SEAPA;11;APOIO A ADMINISTRAÇAO PUBLICA;20;Agricultura;122;Administração Geral;59;3.1.90.11.00.00.00.00;VENCIMENTOS E VANTAGENS FIXAS - PESSOAL CIVIL;1.500.000.0000;RECURSOS NÃO VINCULADOS DE IMPOSTOS;854.347,63
PREFEITURA MUNICIPAL DE BARBACENA;13.001;SEAPA;2.172;PESSOAL E ENCARGOS SOCIAIS DA SEAPA;11;APOIO A ADMINISTRAÇAO PUBLICA;20;Agricultura;122;Administração Geral;60;3.1.90.13.00.00.00.00;OBRIGAÇÕES PATRONAIS;1.500.000.0000;RECURSOS NÃO VINCULADOS DE IMPOSTOS;70.491,50
PREFEITURA MUNICIPAL DE BARBACENA;13.001;SEAPA;2.172;PESSOAL E ENCARGOS SOCIAIS DA SEAPA;11;APOIO A ADMINISTRAÇAO PUBLICA;20;Agricultura;122;Administração Geral;61;3.1.90.92.00.00.00.00;DESPESAS DE EXERCÍCIOS ANTERIORES;1.500.000.0000;RECURSOS NÃO VINCULADOS DE IMPOSTOS;435,60
PREFEITURA MUNICIPAL DE BARBACENA;13.001;SEAPA;2.172;PESSOAL E ENCARGOS SOCIAIS DA SEAPA;11;APOIO A ADMINISTRAÇAO PUBLICA;20;Agricultura;122;Administração Geral;62;3.1.91.13.00.00.00.00;OBRIGAÇÕES PATRONAIS;1.500.000.0000;RECURSOS NÃO VINCULADOS DE IMPOSTOS;151.291,71
PREFEITURA MUNICIPAL DE BARBACENA;13.001;SEAPA;2.172;PESSOAL E ENCARGOS SOCIAIS DA SEAPA;11;APOIO A ADMINISTRAÇAO PUBLICA;20;Agricultura;122;Administração Geral;63;3.3.90.08.00.00.00.00;OUTROS BENEFÍCIOS ASSISTENCIAIS-SERVIDOR/MILITAR;1.500.000.0000;RECURSOS NÃO VINCULADOS DE IMPOSTOS;1.000,00
PREFEITURA MUNICIPAL DE BARBACENA;13.001;SEAPA;2.172;PESSOAL E ENCARGOS SOCIAIS DA SEAPA;11;APOIO A ADMINISTRAÇAO PUBLICA;20;Agricultura;122;Administração Geral;64;3.3.90.18.00.00.00.00;AUXÍLIO FINANCEIRO A ESTUDANTES;1.500.000.0000;RECURSOS NÃO VINCULADOS DE IMPOSTOS;1.000,00
PREFEITURA MUNICIPAL DE BARBACENA;13.001;SEAPA;2.172;PESSOAL E ENCARGOS SOCIAIS DA SEAPA;11;APOIO A ADMINISTRAÇAO PUBLICA;20;Agricultura;122;Administração Geral;65;3.3.90.46.00.00.00.00;AUXÍLIO-ALIMENTAÇÃO;1.500.000.0000;RECURSOS NÃO VINCULADOS DE IMPOSTOS;111.165,00
PREFEITURA MUNICIPAL DE BARBACENA;13.001;SEAPA;2.173;MANUTENÇAO DA SEAPA;11;APOIO A ADMINISTRAÇAO PUBLICA;20;Agricultura;122;Administração Geral;66;3.3.90.14.00.00.00.00;DIÁRIAS - PESSOAL CIVIL;1.500.000.0000;RECURSOS NÃO VINCULADOS DE IMPOSTOS;2.400,00
PREFEITURA MUNICIPAL DE BARBACENA;13.001;SEAPA;2.173;MANUTENÇAO DA SEAPA;11;APOIO A ADMINISTRAÇAO PUBLICA;20;Agricultura;122;Administração Geral;67;3.3.90.30.00.00.00.00;MATERIAL DE CONSUMO;1.500.000.0000;RECURSOS NÃO VINCULADOS DE IMPOSTOS;14.859,70
PREFEITURA MUNICIPAL DE BARBACENA;13.001;SEAPA;2.173;MANUTENÇAO DA SEAPA;11;APOIO A ADMINISTRAÇAO PUBLICA;20;Agricultura;122;Administração Geral;67;3.3.90.30.00.00.00.00;MATERIAL DE CONSUMO;1.501.000.0000;OUTROS RECURSOS NÃO VINCULADOS;27.582,30
PREFEITURA MUNICIPAL DE BARBACENA;13.001;SEAPA;2.173;MANUTENÇAO DA SEAPA;11;APOIO A ADMINISTRAÇAO PUBLICA;20;Agricultura;122;Administração Geral;67;3.3.90.30.00.00.00.00;MATERIAL DE CONSUMO;1.753.000.0000;RECURSOS PROVENIENTES DE TAXAS, CONTRIBUIÇÕES E PREÇOS PÚBLICOS;0,01
PREFEITURA MUNICIPAL DE BARBACENA;13.001;SEAPA;2.173;MANUTENÇAO DA SEAPA;11;APOIO A ADMINISTRAÇAO PUBLICA;20;Agricultura;122;Administração Geral;67;3.3.90.30.00.00.00.00;MATERIAL DE CONSUMO;2.753.000.0000;RECURSOS PROVENIENTES DE TAXAS, CONTRIBUIÇÕES E PREÇOS PÚBLICOS;33.917,93
PREFEITURA MUNICIPAL DE BARBACENA;13.001;SEAPA;2.173;MANUTENÇAO DA SEAPA;11;APOIO A ADMINISTRAÇAO PUBLICA;20;Agricultura;122;Administração Geral;68;3.3.90.36.00.00.00.00;OUTROS SERVIÇOS DE TERCEIROS - PESSOA FÍSICA;1.500.000.0000;RECURSOS NÃO VINCULADOS DE IMPOSTOS;0,00
PREFEITURA MUNICIPAL DE BARBACENA;13.001;SEAPA;2.173;MANUTENÇAO DA SEAPA;11;APOIO A ADMINISTRAÇAO PUBLICA;20;Agricultura;122;Administração Geral;69;3.3.90.39.00.00.00.00;OUTROS SERVIÇOS DE TERCEIROS - PESSOA JURÍDICA;1.500.000.0000;RECURSOS NÃO VINCULADOS DE IMPOSTOS;252.400,47
PREFEITURA MUNICIPAL DE BARBACENA;13.001;SEAPA;2.173;MANUTENÇAO DA SEAPA;11;APOIO A ADMINISTRAÇAO PUBLICA;20;Agricultura;122;Administração Geral;69;3.3.90.39.00.00.00.00;OUTROS SERVIÇOS DE TERCEIROS - PESSOA JURÍDICA;1.501.000.0000;OUTROS RECURSOS NÃO VINCULADOS;114.931,33
PREFEITURA MUNICIPAL DE BARBACENA;13.001;SEAPA;2.173;MANUTENÇAO DA SEAPA;11;APOIO A ADMINISTRAÇAO PUBLICA;20;Agricultura;122;Administração Geral;69;3.3.90.39.00.00.00.00;OUTROS SERVIÇOS DE TERCEIROS - PESSOA JURÍDICA;2.500.000.0000;RECURSOS NÃO VINCULADOS DE IMPOSTOS;40.211,76
PREFEITURA MUNICIPAL DE BARBACENA;13.001;SEAPA;2.173;MANUTENÇAO DA SEAPA;11;APOIO A ADMINISTRAÇAO PUBLICA;20;Agricultura;122;Administração Geral;70;3.3.90.40.00.00.00.00;SERVIÇOS DE TECNOLOGIA DA INFORMAÇÃO E COMUNICAÇ;1.500.000.0000;RECURSOS NÃO VINCULADOS DE IMPOSTOS;0,00
PREFEITURA MUNICIPAL DE BARBACENA;13.001;SEAPA;2.173;MANUTENÇAO DA SEAPA;11;APOIO A ADMINISTRAÇAO PUBLICA;20;Agricultura;122;Administração Geral;71;3.3.90.47.00.00.00.00;OBRIGAÇÕES TRIBUTÁRIAS E CONTRIBUTIVAS;1.500.000.0000;RECURSOS NÃO VINCULADOS DE IMPOSTOS;608,18
PREFEITURA MUNICIPAL DE BARBACENA;13.001;SEAPA;2.173;MANUTENÇAO DA SEAPA;11;APOIO A ADMINISTRAÇAO PUBLICA;20;Agricultura;122;Administração Geral;72;3.3.90.92.00.00.00.00;DESPESAS DE EXERCÍCIOS ANTERIORES;1.500.000.0000;RECURSOS NÃO VINCULADOS DE IMPOSTOS;0,00
PREFEITURA MUNICIPAL DE BARBACENA;13.001;SEAPA;2.173;MANUTENÇAO DA SEAPA;11;APOIO A ADMINISTRAÇAO PUBLICA;20;Agricultura;122;Administração Geral;73;3.3.90.93.00.00.00.00;INDENIZAÇÕES E RESTITUIÇÕES;1.500.000.0000;RECURSOS NÃO VINCULADOS DE IMPOSTOS;0,00
PREFEITURA MUNICIPAL DE BARBACENA;13.001;SEAPA;2.173;MANUTENÇAO DA SEAPA;11;APOIO A ADMINISTRAÇAO PUBLICA;20;Agricultura;122;Administração Geral;74;4.4.90.51.00.00.00.00;OBRAS E INSTALAÇÕES;1.500.000.0000;RECURSOS NÃO VINCULADOS DE IMPOSTOS;0,00
PREFEITURA MUNICIPAL DE BARBACENA;13.001;SEAPA;2.173;MANUTENÇAO DA SEAPA;11;APOIO A ADMINISTRAÇAO PUBLICA;20;Agricultura;122;Administração Geral;75;4.4.90.52.00.00.00.00;EQUIPAMENTOS E MATERIAL PERMANENTE;1.500.000.0000;RECURSOS NÃO VINCULADOS DE IMPOSTOS;3.231,00
PREFEITURA MUNICIPAL DE BARBACENA;13.001;SEAPA;2.173;MANUTENÇAO DA SEAPA;11;APOIO A ADMINISTRAÇAO PUBLICA;20;Agricultura;122;Administração Geral;75;4.4.90.52.00.00.00.00;EQUIPAMENTOS E MATERIAL PERMANENTE;1.501.000.0000;OUTROS RECURSOS NÃO VINCULADOS;18.422,88
PREFEITURA MUNICIPAL DE BARBACENA;13.001;SEAPA;2.173;MANUTENÇAO DA SEAPA;11;APOIO A ADMINISTRAÇAO PUBLICA;20;Agricultura;122;Administração Geral;75;4.4.90.52.00.00.00.00;EQUIPAMENTOS E MATERIAL PERMANENTE;1.753.000.0000;RECURSOS PROVENIENTES DE TAXAS, CONTRIBUIÇÕES E PREÇOS PÚBLICOS;29.700,01
PREFEITURA MUNICIPAL DE BARBACENA;13.001;SEAPA;2.173;MANUTENÇAO DA SEAPA;11;APOIO A ADMINISTRAÇAO PUBLICA;20;Agricultura;122;Administração Geral;75;4.4.90.52.00.00.00.00;EQUIPAMENTOS E MATERIAL PERMANENTE;2.753.000.0000;RECURSOS PROVENIENTES DE TAXAS, CONTRIBUIÇÕES E PREÇOS PÚBLICOS;0,01
PREFEITURA MUNICIPAL DE BARBACENA;13.001;SEAPA;2.178;APOIO E FOMENTO A PRODUÇÃO RURAL;35;DESENVOLVIMENTO RURAL;20;Agricultura;606;Extensão Rural;76;3.3.90.30.00.00.00.00;MATERIAL DE CONSUMO;1.500.000.0000;RECURSOS NÃO VINCULADOS DE IMPOSTOS;12.609,90
PREFEITURA MUNICIPAL DE BARBACENA;13.001;SEAPA;2.178;APOIO E FOMENTO A PRODUÇÃO RURAL;35;DESENVOLVIMENTO RURAL;20;Agricultura;606;Extensão Rural;76;3.3.90.30.00.00.00.00;MATERIAL DE CONSUMO;1.501.000.0000;OUTROS RECURSOS NÃO VINCULADOS;100.800,10
PREFEITURA MUNICIPAL DE BARBACENA;13.001;SEAPA;2.178;APOIO E FOMENTO A PRODUÇÃO RURAL;35;DESENVOLVIMENTO RURAL;20;Agricultura;606;Extensão Rural;77;3.3.90.39.00.00.00.00;OUTROS SERVIÇOS DE TERCEIROS - PESSOA JURÍDICA;1.500.000.0000;RECURSOS NÃO VINCULADOS DE IMPOSTOS;256.256,00
PREFEITURA MUNICIPAL DE BARBACENA;13.001;SEAPA;2.178;APOIO E FOMENTO A PRODUÇÃO RURAL;35;DESENVOLVIMENTO RURAL;20;Agricultura;606;Extensão Rural;77;3.3.90.39.00.00.00.00;OUTROS SERVIÇOS DE TERCEIROS - PESSOA JURÍDICA;1.501.000.0000;OUTROS RECURSOS NÃO VINCULADOS;178.608,90
PREFEITURA MUNICIPAL DE BARBACENA;13.001;SEAPA;2.178;APOIO E FOMENTO A PRODUÇÃO RURAL;35;DESENVOLVIMENTO RURAL;20;Agricultura;606;Extensão Rural;78;3.3.90.41.00.00.00.00;CONTRIBUIÇÕES;1.500.000.0000;RECURSOS NÃO VINCULADOS DE IMPOSTOS;0,00
PREFEITURA MUNICIPAL DE BARBACENA;13.001;SEAPA;2.178;APOIO E FOMENTO A PRODUÇÃO RURAL;35;DESENVOLVIMENTO RURAL;20;Agricultura;606;Extensão Rural;78;3.3.90.41.00.00.00.00;CONTRIBUIÇÕES;1.501.000.0000;OUTROS RECURSOS NÃO VINCULADOS;139.037,73
PREFEITURA MUNICIPAL DE BARBACENA;13.001;SEAPA;2.178;APOIO E FOMENTO A PRODUÇÃO RURAL;35;DESENVOLVIMENTO RURAL;20;Agricultura;606;Extensão Rural;79;4.4.90.52.00.00.00.00;EQUIPAMENTOS E MATERIAL PERMANENTE;1.500.000.0000;RECURSOS NÃO VINCULADOS DE IMPOSTOS;81.190,00
PREFEITURA MUNICIPAL DE BARBACENA;13.001;SEAPA;2.178;APOIO E FOMENTO A PRODUÇÃO RURAL;35;DESENVOLVIMENTO RURAL;20;Agricultura;606;Extensão Rural;79;4.4.90.52.00.00.00.00;EQUIPAMENTOS E MATERIAL PERMANENTE;1.501.000.0000;OUTROS RECURSOS NÃO VINCULADOS;0,00
PREFEITURA MUNICIPAL DE BARBACENA;13.001;SEAPA;2.178;APOIO E FOMENTO A PRODUÇÃO RURAL;35;DESENVOLVIMENTO RURAL;20;Agricultura;606;Extensão Rural;79;4.4.90.52.00.00.00.00;EQUIPAMENTOS E MATERIAL PERMANENTE;1.700.000.0000;OUTRAS TRANSFERÊNCIAS DE CONVÊNIOS OU INSTRUMENTOS CONGÊNERES DA UNIÃO;150.000,00
PREFEITURA MUNICIPAL DE BARBACENA;13.001;SEAPA;2.178;APOIO E FOMENTO A PRODUÇÃO RURAL;35;DESENVOLVIMENTO RURAL;20;Agricultura;606;Extensão Rural;933;4.4.90.51.00.00.00.00;OBRAS E INSTALAÇÕES;1.500.000.0000;RECURSOS NÃO VINCULADOS DE IMPOSTOS;0,10
PREFEITURA MUNICIPAL DE BARBACENA;13.001;SEAPA;2.178;APOIO E FOMENTO A PRODUÇÃO RURAL;35;DESENVOLVIMENTO RURAL;20;Agricultura;606;Extensão Rural;933;4.4.90.51.00.00.00.00;OBRAS E INSTALAÇÕES;1.501.000.0000;OUTROS RECURSOS NÃO VINCULADOS;0,10
PREFEITURA MUNICIPAL DE BARBACENA;13.001;SEAPA;2.750;FOMENTO A CRIAÇÃO DE AGROINDUSTRIAS NAS LOCALIDADES RURAIS;35;DESENVOLVIMENTO RURAL;20;Agricultura;608;Promoção da Produção Agropecuária;80;3.3.90.30.00.00.00.00;MATERIAL DE CONSUMO;1.500.000.0000;RECURSOS NÃO VINCULADOS DE IMPOSTOS;0,00
PREFEITURA MUNICIPAL DE BARBACENA;13.001;SEAPA;2.750;FOMENTO A CRIAÇÃO DE AGROINDUSTRIAS NAS LOCALIDADES RURAIS;35;DESENVOLVIMENTO RURAL;20;Agricultura;608;Promoção da Produção Agropecuária;81;3.3.90.39.00.00.00.00;OUTROS SERVIÇOS DE TERCEIROS - PESSOA JURÍDICA;1.500.000.0000;RECURSOS NÃO VINCULADOS DE IMPOSTOS;0,00
PREFEITURA MUNICIPAL DE BARBACENA;13.001;SEAPA;2.750;FOMENTO A CRIAÇÃO DE AGROINDUSTRIAS NAS LOCALIDADES RURAIS;35;DESENVOLVIMENTO RURAL;20;Agricultura;608;Promoção da Produção Agropecuária;82;4.4.90.52.00.00.00.00;EQUIPAMENTOS E MATERIAL PERMANENTE;1.501.000.0000;OUTROS RECURSOS NÃO VINCULADOS;1.864,45
PREFEITURA MUNICIPAL DE BARBACENA;13.001;SEAPA;2.751;MANUTENÇÃO DO PROJETO HORTA NA ESCOLA;35;DESENVOLVIMENTO RURAL;20;Agricultura;608;Promoção da Produção Agropecuária;83;3.3.90.30.00.00.00.00;MATERIAL DE CONSUMO;1.500.000.0000;RECURSOS NÃO VINCULADOS DE IMPOSTOS;0,00
PREFEITURA MUNICIPAL DE BARBACENA;13.001;SEAPA;2.751;MANUTENÇÃO DO PROJETO HORTA NA ESCOLA;35;DESENVOLVIMENTO RURAL;20;Agricultura;608;Promoção da Produção Agropecuária;83;3.3.90.30.00.00.00.00;MATERIAL DE CONSUMO;1.501.000.0000;OUTROS RECURSOS NÃO VINCULADOS;0,00
PREFEITURA MUNICIPAL DE BARBACENA;13.001;SEAPA;2.751;MANUTENÇÃO DO PROJETO HORTA NA ESCOLA;35;DESENVOLVIMENTO RURAL;20;Agricultura;608;Promoção da Produção Agropecuária;84;3.3.90.39.00.00.00.00;OUTROS SERVIÇOS DE TERCEIROS - PESSOA JURÍDICA;1.500.000.0000;RECURSOS NÃO VINCULADOS DE IMPOSTOS;0,00
PREFEITURA MUNICIPAL DE BARBACENA;13.001;SEAPA;2.752;MANUTENÇÃO DO PROJETO HORTAS COMUNITÁRIAS;35;DESENVOLVIMENTO RURAL;20;Agricultura;608;Promoção da Produção Agropecuária;85;3.3.90.30.00.00.00.00;MATERIAL DE CONSUMO;1.500.000.0000;RECURSOS NÃO VINCULADOS DE IMPOSTOS;0,00
PREFEITURA MUNICIPAL DE BARBACENA;13.001;SEAPA;2.752;MANUTENÇÃO DO PROJETO HORTAS COMUNITÁRIAS;35;DESENVOLVIMENTO RURAL;20;Agricultura;608;Promoção da Produção Agropecuária;86;3.3.90.39.00.00.00.00;OUTROS SERVIÇOS DE TERCEIROS - PESSOA JURÍDICA;1.500.000.0000;RECURSOS NÃO VINCULADOS DE IMPOSTOS;0,00
PREFEITURA MUNICIPAL DE BARBACENA;13.001;SEAPA;2.753;REATIVAÇÃO DO PLANO MUNICIPAL DE DESENVOLVIMENTO RURAL SUSTENTÁVEL (PMDR);35;DESENVOLVIMENTO RURAL;20;Agricultura;608;Promoção da Produção Agropecuária;87;3.3.90.30.00.00.00.00;MATERIAL DE CONSUMO;1.500.000.0000;RECURSOS NÃO VINCULADOS DE IMPOSTOS;0,00
PREFEITURA MUNICIPAL DE BARBACENA;13.001;SEAPA;2.753;REATIVAÇÃO DO PLANO MUNICIPAL DE DESENVOLVIMENTO RURAL SUSTENTÁVEL (PMDR);35;DESENVOLVIMENTO RURAL;20;Agricultura;608;Promoção da Produção Agropecuária;88;3.3.90.39.00.00.00.00;OUTROS SERVIÇOS DE TERCEIROS - PESSOA JURÍDICA;1.500.000.0000;RECURSOS NÃO VINCULADOS DE IMPOSTOS;0,00
PREFEITURA MUNICIPAL DE BARBACENA;13.001;SEAPA;2.755;MANUTENÇÃO DO PROGRAMA DE AQUISIÇÃO DE ALIMENTOS - PAA;35;DESENVOLVIMENTO RURAL;20;Agricultura;608;Promoção da Produção Agropecuária;89;3.3.90.30.00.00.00.00;MATERIAL DE CONSUMO;1.501.000.0000;OUTROS RECURSOS NÃO VINCULADOS;6.204,41
PREFEITURA MUNICIPAL DE BARBACENA;13.001;SEAPA;2.755;MANUTENÇÃO DO PROGRAMA DE AQUISIÇÃO DE ALIMENTOS - PAA;35;DESENVOLVIMENTO RURAL;20;Agricultura;608;Promoção da Produção Agropecuária;90;3.3.90.39.00.00.00.00;OUTROS SERVIÇOS DE TERCEIROS - PESSOA JURÍDICA;1.501.000.0000;OUTROS RECURSOS NÃO VINCULADOS;15.000,00
PREFEITURA MUNICIPAL DE BARBACENA;14.001;SEDEC;2.199;PESSOAL E ENCARGOS SOCIAIS DA SEDEC;11;APOIO A ADMINISTRAÇAO PUBLICA;12;Educação;122;Administração Geral;91;3.1.90.04.00.00.00.00;CONTRATAÇÃO POR TEMPO DETERMINADO;1.500.000.1001;RECURSOS NÃO VINCULADOS DE IMPOSTOS (EDUCAÇÃO);5.076.710,13
PREFEITURA MUNICIPAL DE BARBACENA;14.001;SEDEC;2.199;PESSOAL E ENCARGOS SOCIAIS DA SEDEC;11;APOIO A ADMINISTRAÇAO PUBLICA;12;Educação;122;Administração Geral;91;3.1.90.04.00.00.00.00;CONTRATAÇÃO POR TEMPO DETERMINADO;1.540.000.0000;TRANSFERÊNCIAS DO FUNDEB - IMPOSTOS E TRANSFERÊNCIAS DE IMPOSTOS (30%);2.324.699,30
PREFEITURA MUNICIPAL DE BARBACENA;14.001;SEDEC;2.199;PESSOAL E ENCARGOS SOCIAIS DA SEDEC;11;APOIO A ADMINISTRAÇAO PUBLICA;12;Educação;122;Administração Geral;92;3.1.90.11.00.00.00.00;VENCIMENTOS E VANTAGENS FIXAS - PESSOAL CIVIL;1.500.000.1001;RECURSOS NÃO VINCULADOS DE IMPOSTOS (EDUCAÇÃO);1.145.681,42
PREFEITURA MUNICIPAL DE BARBACENA;14.001;SEDEC;2.199;PESSOAL E ENCARGOS SOCIAIS DA SEDEC;11;APOIO A ADMINISTRAÇAO PUBLICA;12;Educação;122;Administração Geral;92;3.1.90.11.00.00.00.00;VENCIMENTOS E VANTAGENS FIXAS - PESSOAL CIVIL;1.500.000.1002;RECURSOS NÃO VINCULADOS DE IMPOSTOS (SAÚDE);15.727,21
PREFEITURA MUNICIPAL DE BARBACENA;14.001;SEDEC;2.199;PESSOAL E ENCARGOS SOCIAIS DA SEDEC;11;APOIO A ADMINISTRAÇAO PUBLICA;12;Educação;122;Administração Geral;92;3.1.90.11.00.00.00.00;VENCIMENTOS E VANTAGENS FIXAS - PESSOAL CIVIL;1.540.000.0000;TRANSFERÊNCIAS DO FUNDEB - IMPOSTOS E TRANSFERÊNCIAS DE IMPOSTOS (30%);864.755,93
PREFEITURA MUNICIPAL DE BARBACENA;14.001;SEDEC;2.199;PESSOAL E ENCARGOS SOCIAIS DA SEDEC;11;APOIO A ADMINISTRAÇAO PUBLICA;12;Educação;122;Administração Geral;93;3.1.90.13.00.00.00.00;OBRIGAÇÕES PATRONAIS;1.500.000.1001;RECURSOS NÃO VINCULADOS DE IMPOSTOS (EDUCAÇÃO);108.100,43
PREFEITURA MUNICIPAL DE BARBACENA;14.001;SEDEC;2.199;PESSOAL E ENCARGOS SOCIAIS DA SEDEC;11;APOIO A ADMINISTRAÇAO PUBLICA;12;Educação;122;Administração Geral;93;3.1.90.13.00.00.00.00;OBRIGAÇÕES PATRONAIS;1.540.000.0000;TRANSFERÊNCIAS DO FUNDEB - IMPOSTOS E TRANSFERÊNCIAS DE IMPOSTOS (30%);138.158,99
PREFEITURA MUNICIPAL DE BARBACENA;14.001;SEDEC;2.199;PESSOAL E ENCARGOS SOCIAIS DA SEDEC;11;APOIO A ADMINISTRAÇAO PUBLICA;12;Educação;122;Administração Geral;94;3.1.90.92.00.00.00.00;DESPESAS DE EXERCÍCIOS ANTERIORES;1.500.000.1001;RECURSOS NÃO VINCULADOS DE IMPOSTOS (EDUCAÇÃO);1.000,00
PREFEITURA MUNICIPAL DE BARBACENA;14.001;SEDEC;2.199;PESSOAL E ENCARGOS SOCIAIS DA SEDEC;11;APOIO A ADMINISTRAÇAO PUBLICA;12;Educação;122;Administração Geral;95;3.1.90.94.00.00.00.00;INDENIZAÇÕES E RESTITUIÇÕES TRABALHISTAS;1.500.000.1001;RECURSOS NÃO VINCULADOS DE IMPOSTOS (EDUCAÇÃO);0,00
PREFEITURA MUNICIPAL DE BARBACENA;14.001;SEDEC;2.199;PESSOAL E ENCARGOS SOCIAIS DA SEDEC;11;APOIO A ADMINISTRAÇAO PUBLICA;12;Educação;122;Administração Geral;96;3.1.91.13.00.00.00.00;OBRIGAÇÕES PATRONAIS;1.500.000.1001;RECURSOS NÃO VINCULADOS DE IMPOSTOS (EDUCAÇÃO);164.488,09
PREFEITURA MUNICIPAL DE BARBACENA;14.001;SEDEC;2.199;PESSOAL E ENCARGOS SOCIAIS DA SEDEC;11;APOIO A ADMINISTRAÇAO PUBLICA;12;Educação;122;Administração Geral;96;3.1.91.13.00.00.00.00;OBRIGAÇÕES PATRONAIS;1.540.000.0000;TRANSFERÊNCIAS DO FUNDEB - IMPOSTOS E TRANSFERÊNCIAS DE IMPOSTOS (30%);199.788,30
PREFEITURA MUNICIPAL DE BARBACENA;14.001;SEDEC;2.199;PESSOAL E ENCARGOS SOCIAIS DA SEDEC;11;APOIO A ADMINISTRAÇAO PUBLICA;12;Educação;122;Administração Geral;97;3.3.90.08.00.00.00.00;OUTROS BENEFÍCIOS ASSISTENCIAIS-SERVIDOR/MILITAR;1.500.000.1001;RECURSOS NÃO VINCULADOS DE IMPOSTOS (EDUCAÇÃO);795,00
PREFEITURA MUNICIPAL DE BARBACENA;14.001;SEDEC;2.199;PESSOAL E ENCARGOS SOCIAIS DA SEDEC;11;APOIO A ADMINISTRAÇAO PUBLICA;12;Educação;122;Administração Geral;97;3.3.90.08.00.00.00.00;OUTROS BENEFÍCIOS ASSISTENCIAIS-SERVIDOR/MILITAR;1.540.000.0000;TRANSFERÊNCIAS DO FUNDEB - IMPOSTOS E TRANSFERÊNCIAS DE IMPOSTOS (30%);866,58
PREFEITURA MUNICIPAL DE BARBACENA;14.001;SEDEC;2.199;PESSOAL E ENCARGOS SOCIAIS DA SEDEC;11;APOIO A ADMINISTRAÇAO PUBLICA;12;Educação;122;Administração Geral;98;3.3.90.18.00.00.00.00;AUXÍLIO FINANCEIRO A ESTUDANTES;1.500.000.1001;RECURSOS NÃO VINCULADOS DE IMPOSTOS (EDUCAÇÃO);2.000,00
PREFEITURA MUNICIPAL DE BARBACENA;14.001;SEDEC;2.199;PESSOAL E ENCARGOS SOCIAIS DA SEDEC;11;APOIO A ADMINISTRAÇAO PUBLICA;12;Educação;122;Administração Geral;99;3.3.90.46.00.00.00.00;AUXÍLIO-ALIMENTAÇÃO;1.500.000.1001;RECURSOS NÃO VINCULADOS DE IMPOSTOS (EDUCAÇÃO);1.159.301,59
PREFEITURA MUNICIPAL DE BARBACENA;14.001;SEDEC;2.199;PESSOAL E ENCARGOS SOCIAIS DA SEDEC;11;APOIO A ADMINISTRAÇAO PUBLICA;12;Educação;122;Administração Geral;99;3.3.90.46.00.00.00.00;AUXÍLIO-ALIMENTAÇÃO;1.540.000.0000;TRANSFERÊNCIAS DO FUNDEB - IMPOSTOS E TRANSFERÊNCIAS DE IMPOSTOS (30%);740.858,98
PREFEITURA MUNICIPAL DE BARBACENA;14.001;SEDEC;2.200;MANUTENÇAO DA SEDEC;11;APOIO A ADMINISTRAÇAO PUBLICA;12;Educação;122;Administração Geral;100;3.3.90.14.00.00.00.00;DIÁRIAS - PESSOAL CIVIL;1.500.000.1001;RECURSOS NÃO VINCULADOS DE IMPOSTOS (EDUCAÇÃO);15.000,00
PREFEITURA MUNICIPAL DE BARBACENA;14.001;SEDEC;2.200;MANUTENÇAO DA SEDEC;11;APOIO A ADMINISTRAÇAO PUBLICA;12;Educação;122;Administração Geral;101;3.3.90.30.00.00.00.00;MATERIAL DE CONSUMO;1.500.000.1001;RECURSOS NÃO VINCULADOS DE IMPOSTOS (EDUCAÇÃO);163.400,39
PREFEITURA MUNICIPAL DE BARBACENA;14.001;SEDEC;2.200;MANUTENÇAO DA SEDEC;11;APOIO A ADMINISTRAÇAO PUBLICA;12;Educação;122;Administração Geral;101;3.3.90.30.00.00.00.00;MATERIAL DE CONSUMO;1.550.000.0000;QESE - TRANSFERÊNCIA DO SALÁRIO-EDUCAÇÃO;0,01
PREFEITURA MUNICIPAL DE BARBACENA;14.001;SEDEC;2.200;MANUTENÇAO DA SEDEC;11;APOIO A ADMINISTRAÇAO PUBLICA;12;Educação;122;Administração Geral;102;3.3.90.33.00.00.00.00;PASSAGENS E DESPESAS COM LOCOMOÇÃO;1.500.000.1001;RECURSOS NÃO VINCULADOS DE IMPOSTOS (EDUCAÇÃO);1.850,00
PREFEITURA MUNICIPAL DE BARBACENA;14.001;SEDEC;2.200;MANUTENÇAO DA SEDEC;11;APOIO A ADMINISTRAÇAO PUBLICA;12;Educação;122;Administração Geral;103;3.3.90.36.00.00.00.00;OUTROS SERVIÇOS DE TERCEIROS - PESSOA FÍSICA;1.500.000.1001;RECURSOS NÃO VINCULADOS DE IMPOSTOS (EDUCAÇÃO);106.693,84
PREFEITURA MUNICIPAL DE BARBACENA;14.001;SEDEC;2.200;MANUTENÇAO DA SEDEC;11;APOIO A ADMINISTRAÇAO PUBLICA;12;Educação;122;Administração Geral;104;3.3.90.39.00.00.00.00;OUTROS SERVIÇOS DE TERCEIROS - PESSOA JURÍDICA;1.500.000.0000;RECURSOS NÃO VINCULADOS DE IMPOSTOS;61.067,90
PREFEITURA MUNICIPAL DE BARBACENA;14.001;SEDEC;2.200;MANUTENÇAO DA SEDEC;11;APOIO A ADMINISTRAÇAO PUBLICA;12;Educação;122;Administração Geral;104;3.3.90.39.00.00.00.00;OUTROS SERVIÇOS DE TERCEIROS - PESSOA JURÍDICA;1.500.000.1001;RECURSOS NÃO VINCULADOS DE IMPOSTOS (EDUCAÇÃO);319.114,66
PREFEITURA MUNICIPAL DE BARBACENA;14.001;SEDEC;2.200;MANUTENÇAO DA SEDEC;11;APOIO A ADMINISTRAÇAO PUBLICA;12;Educação;122;Administração Geral;105;3.3.90.40.00.00.00.00;SERVIÇOS DE TECNOLOGIA DA INFORMAÇÃO E COMUNICAÇ;1.500.000.1001;RECURSOS NÃO VINCULADOS DE IMPOSTOS (EDUCAÇÃO);0,00
PREFEITURA MUNICIPAL DE BARBACENA;14.001;SEDEC;2.200;MANUTENÇAO DA SEDEC;11;APOIO A ADMINISTRAÇAO PUBLICA;12;Educação;122;Administração Geral;106;3.3.90.47.00.00.00.00;OBRIGAÇÕES TRIBUTÁRIAS E CONTRIBUTIVAS;1.500.000.1001;RECURSOS NÃO VINCULADOS DE IMPOSTOS (EDUCAÇÃO);0,00
PREFEITURA MUNICIPAL DE BARBACENA;14.001;SEDEC;2.200;MANUTENÇAO DA SEDEC;11;APOIO A ADMINISTRAÇAO PUBLICA;12;Educação;122;Administração Geral;107;3.3.90.49.00.00.00.00;AUXÍLIO-TRANSPORTE;1.500.000.1001;RECURSOS NÃO VINCULADOS DE IMPOSTOS (EDUCAÇÃO);0,80
PREFEITURA MUNICIPAL DE BARBACENA;14.001;SEDEC;2.200;MANUTENÇAO DA SEDEC;11;APOIO A ADMINISTRAÇAO PUBLICA;12;Educação;122;Administração Geral;108;3.3.90.92.00.00.00.00;DESPESAS DE EXERCÍCIOS ANTERIORES;1.500.000.1001;RECURSOS NÃO VINCULADOS DE IMPOSTOS (EDUCAÇÃO);0,00
PREFEITURA MUNICIPAL DE BARBACENA;14.001;SEDEC;2.200;MANUTENÇAO DA SEDEC;11;APOIO A ADMINISTRAÇAO PUBLICA;12;Educação;122;Administração Geral;109;3.3.90.93.00.00.00.00;INDENIZAÇÕES E RESTITUIÇÕES;1.500.000.0000;RECURSOS NÃO VINCULADOS DE IMPOSTOS;485,45
PREFEITURA MUNICIPAL DE BARBACENA;14.001;SEDEC;2.200;MANUTENÇAO DA SEDEC;11;APOIO A ADMINISTRAÇAO PUBLICA;12;Educação;122;Administração Geral;109;3.3.90.93.00.00.00.00;INDENIZAÇÕES E RESTITUIÇÕES;1.500.000.1001;RECURSOS NÃO VINCULADOS DE IMPOSTOS (EDUCAÇÃO);42.799,70
PREFEITURA MUNICIPAL DE BARBACENA;14.001;SEDEC;2.200;MANUTENÇAO DA SEDEC;11;APOIO A ADMINISTRAÇAO PUBLICA;12;Educação;122;Administração Geral;110;4.4.90.52.00.00.00.00;EQUIPAMENTOS E MATERIAL PERMANENTE;1.500.000.1001;RECURSOS NÃO VINCULADOS DE IMPOSTOS (EDUCAÇÃO);3.231,00
PREFEITURA MUNICIPAL DE BARBACENA;14.001;SEDEC;2.200;MANUTENÇAO DA SEDEC;11;APOIO A ADMINISTRAÇAO PUBLICA;12;Educação;122;Administração Geral;110;4.4.90.52.00.00.00.00;EQUIPAMENTOS E MATERIAL PERMANENTE;1.550.000.0000;QESE - TRANSFERÊNCIA DO SALÁRIO-EDUCAÇÃO;0,01
PREFEITURA MUNICIPAL DE BARBACENA;14.001;SEDEC;2.200;MANUTENÇAO DA SEDEC;11;APOIO A ADMINISTRAÇAO PUBLICA;12;Educação;122;Administração Geral;967;3.1.90.94.00.00.00.00;INDENIZAÇÕES E RESTITUIÇÕES TRABALHISTAS;1.500.000.1001;RECURSOS NÃO VINCULADOS DE IMPOSTOS (EDUCAÇÃO);17.320,33
PREFEITURA MUNICIPAL DE BARBACENA;14.001;SEDEC;2.721;DIGITALIZAÇÃO E OTIMIZAÇÃO DAS ATIVIDADES DA GEFUS;11;APOIO A ADMINISTRAÇAO PUBLICA;12;Educação;122;Administração Geral;111;3.3.90.30.00.00.00.00;MATERIAL DE CONSUMO;1.500.000.1001;RECURSOS NÃO VINCULADOS DE IMPOSTOS (EDUCAÇÃO);0,00
PREFEITURA MUNICIPAL DE BARBACENA;14.001;SEDEC;2.721;DIGITALIZAÇÃO E OTIMIZAÇÃO DAS ATIVIDADES DA GEFUS;11;APOIO A ADMINISTRAÇAO PUBLICA;12;Educação;122;Administração Geral;112;3.3.90.39.00.00.00.00;OUTROS SERVIÇOS DE TERCEIROS - PESSOA JURÍDICA;1.500.000.1001;RECURSOS NÃO VINCULADOS DE IMPOSTOS (EDUCAÇÃO);5.669,20
PREFEITURA MUNICIPAL DE BARBACENA;14.001;SEDEC;2.721;DIGITALIZAÇÃO E OTIMIZAÇÃO DAS ATIVIDADES DA GEFUS;11;APOIO A ADMINISTRAÇAO PUBLICA;12;Educação;122;Administração Geral;113;4.4.90.52.00.00.00.00;EQUIPAMENTOS E MATERIAL PERMANENTE;1.500.000.1001;RECURSOS NÃO VINCULADOS DE IMPOSTOS (EDUCAÇÃO);0,00
PREFEITURA MUNICIPAL DE BARBACENA;14.001;SEDEC;2.726;MANUTENÇÃO DAS ATIVIDADES DE INFRAESTRUTURA E SUPORTE OPERACIONAL DA SEDEC;11;APOIO A ADMINISTRAÇAO PUBLICA;12;Educação;122;Administração Geral;114;3.3.90.30.00.00.00.00;MATERIAL DE CONSUMO;1.500.000.1001;RECURSOS NÃO VINCULADOS DE IMPOSTOS (EDUCAÇÃO);0,00
PREFEITURA MUNICIPAL DE BARBACENA;14.001;SEDEC;2.726;MANUTENÇÃO DAS ATIVIDADES DE INFRAESTRUTURA E SUPORTE OPERACIONAL DA SEDEC;11;APOIO A ADMINISTRAÇAO PUBLICA;12;Educação;122;Administração Geral;115;3.3.90.39.00.00.00.00;OUTROS SERVIÇOS DE TERCEIROS - PESSOA JURÍDICA;1.500.000.1001;RECURSOS NÃO VINCULADOS DE IMPOSTOS (EDUCAÇÃO);0,00
PREFEITURA MUNICIPAL DE BARBACENA;14.001;SEDEC;2.726;MANUTENÇÃO DAS ATIVIDADES DE INFRAESTRUTURA E SUPORTE OPERACIONAL DA SEDEC;11;APOIO A ADMINISTRAÇAO PUBLICA;12;Educação;122;Administração Geral;116;4.4.90.52.00.00.00.00;EQUIPAMENTOS E MATERIAL PERMANENTE;1.500.000.1001;RECURSOS NÃO VINCULADOS DE IMPOSTOS (EDUCAÇÃO);0,00
PREFEITURA MUNICIPAL DE BARBACENA;14.001;SEDEC;2.080;MANUTENCAO DAS UNIDADES DE ENSINO DA EDUCACAO INFANTIL;14;GESTÃO DA EDUCAÇÃO INFANTIL;12;Educação;365;Educação Infantil;158;3.3.90.30.00.00.00.00;MATERIAL DE CONSUMO;1.500.000.0000;RECURSOS NÃO VINCULADOS DE IMPOSTOS;59.131,46
PREFEITURA MUNICIPAL DE BARBACENA;14.001;SEDEC;2.080;MANUTENCAO DAS UNIDADES DE ENSINO DA EDUCACAO INFANTIL;14;GESTÃO DA EDUCAÇÃO INFANTIL;12;Educação;365;Educação Infantil;158;3.3.90.30.00.00.00.00;MATERIAL DE CONSUMO;1.500.000.1001;RECURSOS NÃO VINCULADOS DE IMPOSTOS (EDUCAÇÃO);82.590,56
PREFEITURA MUNICIPAL DE BARBACENA;14.001;SEDEC;2.080;MANUTENCAO DAS UNIDADES DE ENSINO DA EDUCACAO INFANTIL;14;GESTÃO DA EDUCAÇÃO INFANTIL;12;Educação;365;Educação Infantil;158;3.3.90.30.00.00.00.00;MATERIAL DE CONSUMO;1.550.000.0000;QESE - TRANSFERÊNCIA DO SALÁRIO-EDUCAÇÃO;5.000,00
PREFEITURA MUNICIPAL DE BARBACENA;14.001;SEDEC;2.080;MANUTENCAO DAS UNIDADES DE ENSINO DA EDUCACAO INFANTIL;14;GESTÃO DA EDUCAÇÃO INFANTIL;12;Educação;365;Educação Infantil;158;3.3.90.30.00.00.00.00;MATERIAL DE CONSUMO;1.552.000.0000;PNAE - TRANSFERÊNCIAS DE RECURSOS DO FNDE REFERENTES AO PROGRAMA NACIONAL DE ALIMENTAÇÃO ESCOLAR;272.744,70
PREFEITURA MUNICIPAL DE BARBACENA;14.001;SEDEC;2.080;MANUTENCAO DAS UNIDADES DE ENSINO DA EDUCACAO INFANTIL;14;GESTÃO DA EDUCAÇÃO INFANTIL;12;Educação;365;Educação Infantil;158;3.3.90.30.00.00.00.00;MATERIAL DE CONSUMO;2.500.000.1001;RECURSOS NÃO VINCULADOS DE IMPOSTOS (EDUCAÇÃO);0,01
PREFEITURA MUNICIPAL DE BARBACENA;14.001;SEDEC;2.080;MANUTENCAO DAS UNIDADES DE ENSINO DA EDUCACAO INFANTIL;14;GESTÃO DA EDUCAÇÃO INFANTIL;12;Educação;365;Educação Infantil;158;3.3.90.30.00.00.00.00;MATERIAL DE CONSUMO;2.550.000.0000;QESE - TRANSFERÊNCIA DO SALÁRIO-EDUCAÇÃO;930.709,28
PREFEITURA MUNICIPAL DE BARBACENA;14.001;SEDEC;2.080;MANUTENCAO DAS UNIDADES DE ENSINO DA EDUCACAO INFANTIL;14;GESTÃO DA EDUCAÇÃO INFANTIL;12;Educação;365;Educação Infantil;159;3.3.90.36.00.00.00.00;OUTROS SERVIÇOS DE TERCEIROS - PESSOA FÍSICA;1.500.000.1001;RECURSOS NÃO VINCULADOS DE IMPOSTOS (EDUCAÇÃO);197,30
PREFEITURA MUNICIPAL DE BARBACENA;14.001;SEDEC;2.080;MANUTENCAO DAS UNIDADES DE ENSINO DA EDUCACAO INFANTIL;14;GESTÃO DA EDUCAÇÃO INFANTIL;12;Educação;365;Educação Infantil;160;3.3.90.39.00.00.00.00;OUTROS SERVIÇOS DE TERCEIROS - PESSOA JURÍDICA;1.500.000.1001;RECURSOS NÃO VINCULADOS DE IMPOSTOS (EDUCAÇÃO);2.975.436,37
PREFEITURA MUNICIPAL DE BARBACENA;14.001;SEDEC;2.080;MANUTENCAO DAS UNIDADES DE ENSINO DA EDUCACAO INFANTIL;14;GESTÃO DA EDUCAÇÃO INFANTIL;12;Educação;365;Educação Infantil;160;3.3.90.39.00.00.00.00;OUTROS SERVIÇOS DE TERCEIROS - PESSOA JURÍDICA;1.569.000.0000;OUTRAS TRANSFERÊNCIAS DE RECURSOS DO FNDE;10.000,00
PREFEITURA MUNICIPAL DE BARBACENA;14.001;SEDEC;2.080;MANUTENCAO DAS UNIDADES DE ENSINO DA EDUCACAO INFANTIL;14;GESTÃO DA EDUCAÇÃO INFANTIL;12;Educação;365;Educação Infantil;161;3.3.90.92.00.00.00.00;DESPESAS DE EXERCÍCIOS ANTERIORES;1.500.000.1001;RECURSOS NÃO VINCULADOS DE IMPOSTOS (EDUCAÇÃO);102,67
PREFEITURA MUNICIPAL DE BARBACENA;14.001;SEDEC;2.080;MANUTENCAO DAS UNIDADES DE ENSINO DA EDUCACAO INFANTIL;14;GESTÃO DA EDUCAÇÃO INFANTIL;12;Educação;365;Educação Infantil;162;3.3.90.93.00.00.00.00;INDENIZAÇÕES E RESTITUIÇÕES;1.569.000.0000;OUTRAS TRANSFERÊNCIAS DE RECURSOS DO FNDE;5.000,00
PREFEITURA MUNICIPAL DE BARBACENA;14.001;SEDEC;2.080;MANUTENCAO DAS UNIDADES DE ENSINO DA EDUCACAO INFANTIL;14;GESTÃO DA EDUCAÇÃO INFANTIL;12;Educação;365;Educação Infantil;163;4.4.90.51.00.00.00.00;OBRAS E INSTALAÇÕES;1.500.000.1001;RECURSOS NÃO VINCULADOS DE IMPOSTOS (EDUCAÇÃO);86.584,81
PREFEITURA MUNICIPAL DE BARBACENA;14.001;SEDEC;2.080;MANUTENCAO DAS UNIDADES DE ENSINO DA EDUCACAO INFANTIL;14;GESTÃO DA EDUCAÇÃO INFANTIL;12;Educação;365;Educação Infantil;163;4.4.90.51.00.00.00.00;OBRAS E INSTALAÇÕES;1.550.000.0000;QESE - TRANSFERÊNCIA DO SALÁRIO-EDUCAÇÃO;0,01
PREFEITURA MUNICIPAL DE BARBACENA;14.001;SEDEC;2.080;MANUTENCAO DAS UNIDADES DE ENSINO DA EDUCACAO INFANTIL;14;GESTÃO DA EDUCAÇÃO INFANTIL;12;Educação;365;Educação Infantil;163;4.4.90.51.00.00.00.00;OBRAS E INSTALAÇÕES;2.500.000.1001;RECURSOS NÃO VINCULADOS DE IMPOSTOS (EDUCAÇÃO);0,01
PREFEITURA MUNICIPAL DE BARBACENA;14.001;SEDEC;2.080;MANUTENCAO DAS UNIDADES DE ENSINO DA EDUCACAO INFANTIL;14;GESTÃO DA EDUCAÇÃO INFANTIL;12;Educação;365;Educação Infantil;163;4.4.90.51.00.00.00.00;OBRAS E INSTALAÇÕES;2.550.000.0000;QESE - TRANSFERÊNCIA DO SALÁRIO-EDUCAÇÃO;106.952,26
PREFEITURA MUNICIPAL DE BARBACENA;14.001;SEDEC;2.080;MANUTENCAO DAS UNIDADES DE ENSINO DA EDUCACAO INFANTIL;14;GESTÃO DA EDUCAÇÃO INFANTIL;12;Educação;365;Educação Infantil;164;4.4.90.52.00.00.00.00;EQUIPAMENTOS E MATERIAL PERMANENTE;1.500.000.1001;RECURSOS NÃO VINCULADOS DE IMPOSTOS (EDUCAÇÃO);0,00
PREFEITURA MUNICIPAL DE BARBACENA;14.001;SEDEC;2.080;MANUTENCAO DAS UNIDADES DE ENSINO DA EDUCACAO INFANTIL;14;GESTÃO DA EDUCAÇÃO INFANTIL;12;Educação;365;Educação Infantil;164;4.4.90.52.00.00.00.00;EQUIPAMENTOS E MATERIAL PERMANENTE;1.540.000.0000;TRANSFERÊNCIAS DO FUNDEB - IMPOSTOS E TRANSFERÊNCIAS DE IMPOSTOS (30%);17.704,05
PREFEITURA MUNICIPAL DE BARBACENA;14.001;SEDEC;2.080;MANUTENCAO DAS UNIDADES DE ENSINO DA EDUCACAO INFANTIL;14;GESTÃO DA EDUCAÇÃO INFANTIL;12;Educação;365;Educação Infantil;164;4.4.90.52.00.00.00.00;EQUIPAMENTOS E MATERIAL PERMANENTE;1.550.000.0000;QESE - TRANSFERÊNCIA DO SALÁRIO-EDUCAÇÃO;1.000,00
PREFEITURA MUNICIPAL DE BARBACENA;14.001;SEDEC;2.080;MANUTENCAO DAS UNIDADES DE ENSINO DA EDUCACAO INFANTIL;14;GESTÃO DA EDUCAÇÃO INFANTIL;12;Educação;365;Educação Infantil;164;4.4.90.52.00.00.00.00;EQUIPAMENTOS E MATERIAL PERMANENTE;1.569.000.0000;OUTRAS TRANSFERÊNCIAS DE RECURSOS DO FNDE;5.000,00
PREFEITURA MUNICIPAL DE BARBACENA;14.001;SEDEC;2.082;PESSOAL E ENCARGOS SOCIAIS DA EDUCACAO INFANTIL;14;GESTÃO DA EDUCAÇÃO INFANTIL;12;Educação;365;Educação Infantil;165;3.1.90.04.00.00.00.00;CONTRATAÇÃO POR TEMPO DETERMINADO;1.500.000.1001;RECURSOS NÃO VINCULADOS DE IMPOSTOS (EDUCAÇÃO);847.555,00
PREFEITURA MUNICIPAL DE BARBACENA;14.001;SEDEC;2.082;PESSOAL E ENCARGOS SOCIAIS DA EDUCACAO INFANTIL;14;GESTÃO DA EDUCAÇÃO INFANTIL;12;Educação;365;Educação Infantil;165;3.1.90.04.00.00.00.00;CONTRATAÇÃO POR TEMPO DETERMINADO;1.540.000.0000;TRANSFERÊNCIAS DO FUNDEB - IMPOSTOS E TRANSFERÊNCIAS DE IMPOSTOS (30%);469.020,22
PREFEITURA MUNICIPAL DE BARBACENA;14.001;SEDEC;2.082;PESSOAL E ENCARGOS SOCIAIS DA EDUCACAO INFANTIL;14;GESTÃO DA EDUCAÇÃO INFANTIL;12;Educação;365;Educação Infantil;165;3.1.90.04.00.00.00.00;CONTRATAÇÃO POR TEMPO DETERMINADO;1.540.000.1070;TRANSFERÊNCIAS DO FUNDEB - IMPOSTOS E TRANSFERÊNCIAS DE IMPOSTOS (70% -PAGTO DA REMUNERAÇÃO DOS PROFISSIONAIS DA EDUCAÇÃO BÁSICA EM EFETIVO EXERCÍCIO);2.104.479,22
PREFEITURA MUNICIPAL DE BARBACENA;14.001;SEDEC;2.082;PESSOAL E ENCARGOS SOCIAIS DA EDUCACAO INFANTIL;14;GESTÃO DA EDUCAÇÃO INFANTIL;12;Educação;365;Educação Infantil;165;3.1.90.04.00.00.00.00;CONTRATAÇÃO POR TEMPO DETERMINADO;1.569.000.0000;OUTRAS TRANSFERÊNCIAS DE RECURSOS DO FNDE;1.000,00
PREFEITURA MUNICIPAL DE BARBACENA;14.001;SEDEC;2.082;PESSOAL E ENCARGOS SOCIAIS DA EDUCACAO INFANTIL;14;GESTÃO DA EDUCAÇÃO INFANTIL;12;Educação;365;Educação Infantil;166;3.1.90.11.00.00.00.00;VENCIMENTOS E VANTAGENS FIXAS - PESSOAL CIVIL;1.500.000.1001;RECURSOS NÃO VINCULADOS DE IMPOSTOS (EDUCAÇÃO);1.048.935,15
PREFEITURA MUNICIPAL DE BARBACENA;14.001;SEDEC;2.082;PESSOAL E ENCARGOS SOCIAIS DA EDUCACAO INFANTIL;14;GESTÃO DA EDUCAÇÃO INFANTIL;12;Educação;365;Educação Infantil;166;3.1.90.11.00.00.00.00;VENCIMENTOS E VANTAGENS FIXAS - PESSOAL CIVIL;1.540.000.0000;TRANSFERÊNCIAS DO FUNDEB - IMPOSTOS E TRANSFERÊNCIAS DE IMPOSTOS (30%);149.599,98
PREFEITURA MUNICIPAL DE BARBACENA;14.001;SEDEC;2.082;PESSOAL E ENCARGOS SOCIAIS DA EDUCACAO INFANTIL;14;GESTÃO DA EDUCAÇÃO INFANTIL;12;Educação;365;Educação Infantil;166;3.1.90.11.00.00.00.00;VENCIMENTOS E VANTAGENS FIXAS - PESSOAL CIVIL;1.540.000.1070;TRANSFERÊNCIAS DO FUNDEB - IMPOSTOS E TRANSFERÊNCIAS DE IMPOSTOS (70% -PAGTO DA REMUNERAÇÃO DOS PROFISSIONAIS DA EDUCAÇÃO BÁSICA EM EFETIVO EXERCÍCIO);4.373.970,02
PREFEITURA MUNICIPAL DE BARBACENA;14.001;SEDEC;2.082;PESSOAL E ENCARGOS SOCIAIS DA EDUCACAO INFANTIL;14;GESTÃO DA EDUCAÇÃO INFANTIL;12;Educação;365;Educação Infantil;167;3.1.90.13.00.00.00.00;OBRIGAÇÕES PATRONAIS;1.540.000.1070;TRANSFERÊNCIAS DO FUNDEB - IMPOSTOS E TRANSFERÊNCIAS DE IMPOSTOS (70% -PAGTO DA REMUNERAÇÃO DOS PROFISSIONAIS DA EDUCAÇÃO BÁSICA EM EFETIVO EXERCÍCIO);5.000,00
PREFEITURA MUNICIPAL DE BARBACENA;14.001;SEDEC;2.082;PESSOAL E ENCARGOS SOCIAIS DA EDUCACAO INFANTIL;14;GESTÃO DA EDUCAÇÃO INFANTIL;12;Educação;365;Educação Infantil;167;3.1.90.13.00.00.00.00;OBRIGAÇÕES PATRONAIS;1.569.000.0000;OUTRAS TRANSFERÊNCIAS DE RECURSOS DO FNDE;10.000,00
PREFEITURA MUNICIPAL DE BARBACENA;14.001;SEDEC;2.082;PESSOAL E ENCARGOS SOCIAIS DA EDUCACAO INFANTIL;14;GESTÃO DA EDUCAÇÃO INFANTIL;12;Educação;365;Educação Infantil;168;3.1.91.13.00.00.00.00;OBRIGAÇÕES PATRONAIS;1.500.000.1001;RECURSOS NÃO VINCULADOS DE IMPOSTOS (EDUCAÇÃO);275.425,16
PREFEITURA MUNICIPAL DE BARBACENA;14.001;SEDEC;2.082;PESSOAL E ENCARGOS SOCIAIS DA EDUCACAO INFANTIL;14;GESTÃO DA EDUCAÇÃO INFANTIL;12;Educação;365;Educação Infantil;168;3.1.91.13.00.00.00.00;OBRIGAÇÕES PATRONAIS;1.540.000.0000;TRANSFERÊNCIAS DO FUNDEB - IMPOSTOS E TRANSFERÊNCIAS DE IMPOSTOS (30%);82.885,29
PREFEITURA MUNICIPAL DE BARBACENA;14.001;SEDEC;2.082;PESSOAL E ENCARGOS SOCIAIS DA EDUCACAO INFANTIL;14;GESTÃO DA EDUCAÇÃO INFANTIL;12;Educação;365;Educação Infantil;168;3.1.91.13.00.00.00.00;OBRIGAÇÕES PATRONAIS;1.540.000.1070;TRANSFERÊNCIAS DO FUNDEB - IMPOSTOS E TRANSFERÊNCIAS DE IMPOSTOS (70% -PAGTO DA REMUNERAÇÃO DOS PROFISSIONAIS DA EDUCAÇÃO BÁSICA EM EFETIVO EXERCÍCIO);1.193.123,91
PREFEITURA MUNICIPAL DE BARBACENA;14.001;SEDEC;2.082;PESSOAL E ENCARGOS SOCIAIS DA EDUCACAO INFANTIL;14;GESTÃO DA EDUCAÇÃO INFANTIL;12;Educação;365;Educação Infantil;169;3.3.90.08.00.00.00.00;OUTROS BENEFÍCIOS ASSISTENCIAIS-SERVIDOR/MILITAR;1.500.000.1001;RECURSOS NÃO VINCULADOS DE IMPOSTOS (EDUCAÇÃO);399,00
PREFEITURA MUNICIPAL DE BARBACENA;14.001;SEDEC;2.082;PESSOAL E ENCARGOS SOCIAIS DA EDUCACAO INFANTIL;14;GESTÃO DA EDUCAÇÃO INFANTIL;12;Educação;365;Educação Infantil;169;3.3.90.08.00.00.00.00;OUTROS BENEFÍCIOS ASSISTENCIAIS-SERVIDOR/MILITAR;1.540.000.0000;TRANSFERÊNCIAS DO FUNDEB - IMPOSTOS E TRANSFERÊNCIAS DE IMPOSTOS (30%);4.313,31
PREFEITURA MUNICIPAL DE BARBACENA;14.001;SEDEC;2.082;PESSOAL E ENCARGOS SOCIAIS DA EDUCACAO INFANTIL;14;GESTÃO DA EDUCAÇÃO INFANTIL;12;Educação;365;Educação Infantil;169;3.3.90.08.00.00.00.00;OUTROS BENEFÍCIOS ASSISTENCIAIS-SERVIDOR/MILITAR;1.540.000.1070;TRANSFERÊNCIAS DO FUNDEB - IMPOSTOS E TRANSFERÊNCIAS DE IMPOSTOS (70% -PAGTO DA REMUNERAÇÃO DOS PROFISSIONAIS DA EDUCAÇÃO BÁSICA EM EFETIVO EXERCÍCIO);5.000,00
PREFEITURA MUNICIPAL DE BARBACENA;14.001;SEDEC;2.082;PESSOAL E ENCARGOS SOCIAIS DA EDUCACAO INFANTIL;14;GESTÃO DA EDUCAÇÃO INFANTIL;12;Educação;365;Educação Infantil;169;3.3.90.08.00.00.00.00;OUTROS BENEFÍCIOS ASSISTENCIAIS-SERVIDOR/MILITAR;1.569.000.0000;OUTRAS TRANSFERÊNCIAS DE RECURSOS DO FNDE;2.000,00
PREFEITURA MUNICIPAL DE BARBACENA;14.001;SEDEC;2.082;PESSOAL E ENCARGOS SOCIAIS DA EDUCACAO INFANTIL;14;GESTÃO DA EDUCAÇÃO INFANTIL;12;Educação;365;Educação Infantil;170;3.3.90.18.00.00.00.00;AUXÍLIO FINANCEIRO A ESTUDANTES;1.540.000.0000;TRANSFERÊNCIAS DO FUNDEB - IMPOSTOS E TRANSFERÊNCIAS DE IMPOSTOS (30%);1.430,00
PREFEITURA MUNICIPAL DE BARBACENA;14.001;SEDEC;2.082;PESSOAL E ENCARGOS SOCIAIS DA EDUCACAO INFANTIL;14;GESTÃO DA EDUCAÇÃO INFANTIL;12;Educação;365;Educação Infantil;170;3.3.90.18.00.00.00.00;AUXÍLIO FINANCEIRO A ESTUDANTES;1.540.000.1070;TRANSFERÊNCIAS DO FUNDEB - IMPOSTOS E TRANSFERÊNCIAS DE IMPOSTOS (70% -PAGTO DA REMUNERAÇÃO DOS PROFISSIONAIS DA EDUCAÇÃO BÁSICA EM EFETIVO EXERCÍCIO);5.000,00
PREFEITURA MUNICIPAL DE BARBACENA;14.001;SEDEC;2.082;PESSOAL E ENCARGOS SOCIAIS DA EDUCACAO INFANTIL;14;GESTÃO DA EDUCAÇÃO INFANTIL;12;Educação;365;Educação Infantil;170;3.3.90.18.00.00.00.00;AUXÍLIO FINANCEIRO A ESTUDANTES;1.569.000.0000;OUTRAS TRANSFERÊNCIAS DE RECURSOS DO FNDE;1.000,00
PREFEITURA MUNICIPAL DE BARBACENA;14.001;SEDEC;2.082;PESSOAL E ENCARGOS SOCIAIS DA EDUCACAO INFANTIL;14;GESTÃO DA EDUCAÇÃO INFANTIL;12;Educação;365;Educação Infantil;171;3.3.90.46.00.00.00.00;AUXÍLIO-ALIMENTAÇÃO;1.500.000.1001;RECURSOS NÃO VINCULADOS DE IMPOSTOS (EDUCAÇÃO);378.026,57
PREFEITURA MUNICIPAL DE BARBACENA;14.001;SEDEC;2.082;PESSOAL E ENCARGOS SOCIAIS DA EDUCACAO INFANTIL;14;GESTÃO DA EDUCAÇÃO INFANTIL;12;Educação;365;Educação Infantil;171;3.3.90.46.00.00.00.00;AUXÍLIO-ALIMENTAÇÃO;1.540.000.0000;TRANSFERÊNCIAS DO FUNDEB - IMPOSTOS E TRANSFERÊNCIAS DE IMPOSTOS (30%);589.160,00
PREFEITURA MUNICIPAL DE BARBACENA;14.001;SEDEC;2.082;PESSOAL E ENCARGOS SOCIAIS DA EDUCACAO INFANTIL;14;GESTÃO DA EDUCAÇÃO INFANTIL;12;Educação;365;Educação Infantil;171;3.3.90.46.00.00.00.00;AUXÍLIO-ALIMENTAÇÃO;1.540.000.1070;TRANSFERÊNCIAS DO FUNDEB - IMPOSTOS E TRANSFERÊNCIAS DE IMPOSTOS (70% -PAGTO DA REMUNERAÇÃO DOS PROFISSIONAIS DA EDUCAÇÃO BÁSICA EM EFETIVO EXERCÍCIO);745,00
PREFEITURA MUNICIPAL DE BARBACENA;14.001;SEDEC;2.135;MANUTENÇÃO DE CRECHES;14;GESTÃO DA EDUCAÇÃO INFANTIL;12;Educação;365;Educação Infantil;172;3.3.90.30.00.00.00.00;MATERIAL DE CONSUMO;1.500.000.0000;RECURSOS NÃO VINCULADOS DE IMPOSTOS;6.945,13
PREFEITURA MUNICIPAL DE BARBACENA;14.001;SEDEC;2.135;MANUTENÇÃO DE CRECHES;14;GESTÃO DA EDUCAÇÃO INFANTIL;12;Educação;365;Educação Infantil;172;3.3.90.30.00.00.00.00;MATERIAL DE CONSUMO;1.500.000.1001;RECURSOS NÃO VINCULADOS DE IMPOSTOS (EDUCAÇÃO);59.996,92
PREFEITURA MUNICIPAL DE BARBACENA;14.001;SEDEC;2.135;MANUTENÇÃO DE CRECHES;14;GESTÃO DA EDUCAÇÃO INFANTIL;12;Educação;365;Educação Infantil;172;3.3.90.30.00.00.00.00;MATERIAL DE CONSUMO;1.550.000.0000;QESE - TRANSFERÊNCIA DO SALÁRIO-EDUCAÇÃO;92.185,59
PREFEITURA MUNICIPAL DE BARBACENA;14.001;SEDEC;2.135;MANUTENÇÃO DE CRECHES;14;GESTÃO DA EDUCAÇÃO INFANTIL;12;Educação;365;Educação Infantil;172;3.3.90.30.00.00.00.00;MATERIAL DE CONSUMO;1.552.000.0000;PNAE - TRANSFERÊNCIAS DE RECURSOS DO FNDE REFERENTES AO PROGRAMA NACIONAL DE ALIMENTAÇÃO ESCOLAR;63.716,24
PREFEITURA MUNICIPAL DE BARBACENA;14.001;SEDEC;2.135;MANUTENÇÃO DE CRECHES;14;GESTÃO DA EDUCAÇÃO INFANTIL;12;Educação;365;Educação Infantil;172;3.3.90.30.00.00.00.00;MATERIAL DE CONSUMO;1.553.000.0000;PNATE - TRANSFERÊNCIAS DE RECURSOS DO FNDE REFERENTES AO PROGRAMA NACIONAL DE APOIO AO TRANSPORTE ESCOLAR;0,01
PREFEITURA MUNICIPAL DE BARBACENA;14.001;SEDEC;2.135;MANUTENÇÃO DE CRECHES;14;GESTÃO DA EDUCAÇÃO INFANTIL;12;Educação;365;Educação Infantil;172;3.3.90.30.00.00.00.00;MATERIAL DE CONSUMO;1.576.001.0000;PTE- TRANSFERÊNCIAS DE RECURSOS DOS ESTADOS PARA PROGRAMAS DE EDUCAÇÃO (TRANSFERÊNCIAS DE RECURSOS PARA O PROGRAMA ESTADUAL DE TRANSPORTE ESCOLAR);0,01
PREFEITURA MUNICIPAL DE BARBACENA;14.001;SEDEC;2.135;MANUTENÇÃO DE CRECHES;14;GESTÃO DA EDUCAÇÃO INFANTIL;12;Educação;365;Educação Infantil;172;3.3.90.30.00.00.00.00;MATERIAL DE CONSUMO;2.550.000.0000;QESE - TRANSFERÊNCIA DO SALÁRIO-EDUCAÇÃO;361.245,17
PREFEITURA MUNICIPAL DE BARBACENA;14.001;SEDEC;2.135;MANUTENÇÃO DE CRECHES;14;GESTÃO DA EDUCAÇÃO INFANTIL;12;Educação;365;Educação Infantil;173;3.3.90.36.00.00.00.00;OUTROS SERVIÇOS DE TERCEIROS - PESSOA FÍSICA;1.500.000.1001;RECURSOS NÃO VINCULADOS DE IMPOSTOS (EDUCAÇÃO);6.988,52
PREFEITURA MUNICIPAL DE BARBACENA;14.001;SEDEC;2.135;MANUTENÇÃO DE CRECHES;14;GESTÃO DA EDUCAÇÃO INFANTIL;12;Educação;365;Educação Infantil;174;3.3.90.39.00.00.00.00;OUTROS SERVIÇOS DE TERCEIROS - PESSOA JURÍDICA;1.500.000.1001;RECURSOS NÃO VINCULADOS DE IMPOSTOS (EDUCAÇÃO);2.779.874,75
PREFEITURA MUNICIPAL DE BARBACENA;14.001;SEDEC;2.135;MANUTENÇÃO DE CRECHES;14;GESTÃO DA EDUCAÇÃO INFANTIL;12;Educação;365;Educação Infantil;174;3.3.90.39.00.00.00.00;OUTROS SERVIÇOS DE TERCEIROS - PESSOA JURÍDICA;1.551.000.0000;TRANSFERÊNCIAS DE RECURSOS DO FNDE REFERENTES AO PROGRAMA DINHEIRO DIRETO NA ESCOLA (PDDE);4.000,00
PREFEITURA MUNICIPAL DE BARBACENA;14.001;SEDEC;2.135;MANUTENÇÃO DE CRECHES;14;GESTÃO DA EDUCAÇÃO INFANTIL;12;Educação;365;Educação Infantil;174;3.3.90.39.00.00.00.00;OUTROS SERVIÇOS DE TERCEIROS - PESSOA JURÍDICA;1.553.000.0000;PNATE - TRANSFERÊNCIAS DE RECURSOS DO FNDE REFERENTES AO PROGRAMA NACIONAL DE APOIO AO TRANSPORTE ESCOLAR;11.757,90
PREFEITURA MUNICIPAL DE BARBACENA;14.001;SEDEC;2.135;MANUTENÇÃO DE CRECHES;14;GESTÃO DA EDUCAÇÃO INFANTIL;12;Educação;365;Educação Infantil;175;3.3.90.92.00.00.00.00;DESPESAS DE EXERCÍCIOS ANTERIORES;1.500.000.1001;RECURSOS NÃO VINCULADOS DE IMPOSTOS (EDUCAÇÃO);0,00
PREFEITURA MUNICIPAL DE BARBACENA;14.001;SEDEC;2.135;MANUTENÇÃO DE CRECHES;14;GESTÃO DA EDUCAÇÃO INFANTIL;12;Educação;365;Educação Infantil;176;4.4.90.51.00.00.00.00;OBRAS E INSTALAÇÕES;1.500.000.1001;RECURSOS NÃO VINCULADOS DE IMPOSTOS (EDUCAÇÃO);113.060,73
PREFEITURA MUNICIPAL DE BARBACENA;14.001;SEDEC;2.135;MANUTENÇÃO DE CRECHES;14;GESTÃO DA EDUCAÇÃO INFANTIL;12;Educação;365;Educação Infantil;176;4.4.90.51.00.00.00.00;OBRAS E INSTALAÇÕES;1.550.000.0000;QESE - TRANSFERÊNCIA DO SALÁRIO-EDUCAÇÃO;0,01
PREFEITURA MUNICIPAL DE BARBACENA;14.001;SEDEC;2.135;MANUTENÇÃO DE CRECHES;14;GESTÃO DA EDUCAÇÃO INFANTIL;12;Educação;365;Educação Infantil;176;4.4.90.51.00.00.00.00;OBRAS E INSTALAÇÕES;2.500.000.1001;RECURSOS NÃO VINCULADOS DE IMPOSTOS (EDUCAÇÃO);0,01
PREFEITURA MUNICIPAL DE BARBACENA;14.001;SEDEC;2.135;MANUTENÇÃO DE CRECHES;14;GESTÃO DA EDUCAÇÃO INFANTIL;12;Educação;365;Educação Infantil;176;4.4.90.51.00.00.00.00;OBRAS E INSTALAÇÕES;2.550.000.0000;QESE - TRANSFERÊNCIA DO SALÁRIO-EDUCAÇÃO;14.479,62
PREFEITURA MUNICIPAL DE BARBACENA;14.001;SEDEC;2.135;MANUTENÇÃO DE CRECHES;14;GESTÃO DA EDUCAÇÃO INFANTIL;12;Educação;365;Educação Infantil;177;4.4.90.52.00.00.00.00;EQUIPAMENTOS E MATERIAL PERMANENTE;1.500.000.1001;RECURSOS NÃO VINCULADOS DE IMPOSTOS (EDUCAÇÃO);0,60
PREFEITURA MUNICIPAL DE BARBACENA;14.001;SEDEC;2.135;MANUTENÇÃO DE CRECHES;14;GESTÃO DA EDUCAÇÃO INFANTIL;12;Educação;365;Educação Infantil;177;4.4.90.52.00.00.00.00;EQUIPAMENTOS E MATERIAL PERMANENTE;1.540.000.0000;TRANSFERÊNCIAS DO FUNDEB - IMPOSTOS E TRANSFERÊNCIAS DE IMPOSTOS (30%);44.260,24
PREFEITURA MUNICIPAL DE BARBACENA;14.001;SEDEC;2.135;MANUTENÇÃO DE CRECHES;14;GESTÃO DA EDUCAÇÃO INFANTIL;12;Educação;365;Educação Infantil;177;4.4.90.52.00.00.00.00;EQUIPAMENTOS E MATERIAL PERMANENTE;1.550.000.0000;QESE - TRANSFERÊNCIA DO SALÁRIO-EDUCAÇÃO;10.000,00
PREFEITURA MUNICIPAL DE BARBACENA;14.001;SEDEC;2.135;MANUTENÇÃO DE CRECHES;14;GESTÃO DA EDUCAÇÃO INFANTIL;12;Educação;365;Educação Infantil;178;4.4.90.92.00.00.00.00;DESPESAS DE EXERCÍCIOS ANTERIORES;1.569.000.0000;OUTRAS TRANSFERÊNCIAS DE RECURSOS DO FNDE;15.000,00
PREFEITURA MUNICIPAL DE BARBACENA;14.001;SEDEC;2.138;PESSOAL E ENCARGOS SOCIAIS DE CRECHES;14;GESTÃO DA EDUCAÇÃO INFANTIL;12;Educação;365;Educação Infantil;179;3.1.90.04.00.00.00.00;CONTRATAÇÃO POR TEMPO DETERMINADO;1.500.000.1001;RECURSOS NÃO VINCULADOS DE IMPOSTOS (EDUCAÇÃO);1.152.269,10
PREFEITURA MUNICIPAL DE BARBACENA;14.001;SEDEC;2.138;PESSOAL E ENCARGOS SOCIAIS DE CRECHES;14;GESTÃO DA EDUCAÇÃO INFANTIL;12;Educação;365;Educação Infantil;179;3.1.90.04.00.00.00.00;CONTRATAÇÃO POR TEMPO DETERMINADO;1.540.000.0000;TRANSFERÊNCIAS DO FUNDEB - IMPOSTOS E TRANSFERÊNCIAS DE IMPOSTOS (30%);0,01
PREFEITURA MUNICIPAL DE BARBACENA;14.001;SEDEC;2.138;PESSOAL E ENCARGOS SOCIAIS DE CRECHES;14;GESTÃO DA EDUCAÇÃO INFANTIL;12;Educação;365;Educação Infantil;179;3.1.90.04.00.00.00.00;CONTRATAÇÃO POR TEMPO DETERMINADO;1.540.000.1070;TRANSFERÊNCIAS DO FUNDEB - IMPOSTOS E TRANSFERÊNCIAS DE IMPOSTOS (70% -PAGTO DA REMUNERAÇÃO DOS PROFISSIONAIS DA EDUCAÇÃO BÁSICA EM EFETIVO EXERCÍCIO);476.181,16
PREFEITURA MUNICIPAL DE BARBACENA;14.001;SEDEC;2.138;PESSOAL E ENCARGOS SOCIAIS DE CRECHES;14;GESTÃO DA EDUCAÇÃO INFANTIL;12;Educação;365;Educação Infantil;180;3.1.90.11.00.00.00.00;VENCIMENTOS E VANTAGENS FIXAS - PESSOAL CIVIL;1.500.000.1001;RECURSOS NÃO VINCULADOS DE IMPOSTOS (EDUCAÇÃO);800.489,33
PREFEITURA MUNICIPAL DE BARBACENA;14.001;SEDEC;2.138;PESSOAL E ENCARGOS SOCIAIS DE CRECHES;14;GESTÃO DA EDUCAÇÃO INFANTIL;12;Educação;365;Educação Infantil;180;3.1.90.11.00.00.00.00;VENCIMENTOS E VANTAGENS FIXAS - PESSOAL CIVIL;1.540.000.0000;TRANSFERÊNCIAS DO FUNDEB - IMPOSTOS E TRANSFERÊNCIAS DE IMPOSTOS (30%);6.388,83
PREFEITURA MUNICIPAL DE BARBACENA;14.001;SEDEC;2.138;PESSOAL E ENCARGOS SOCIAIS DE CRECHES;14;GESTÃO DA EDUCAÇÃO INFANTIL;12;Educação;365;Educação Infantil;180;3.1.90.11.00.00.00.00;VENCIMENTOS E VANTAGENS FIXAS - PESSOAL CIVIL;1.540.000.1070;TRANSFERÊNCIAS DO FUNDEB - IMPOSTOS E TRANSFERÊNCIAS DE IMPOSTOS (70% -PAGTO DA REMUNERAÇÃO DOS PROFISSIONAIS DA EDUCAÇÃO BÁSICA EM EFETIVO EXERCÍCIO);1.966.846,79
PREFEITURA MUNICIPAL DE BARBACENA;14.001;SEDEC;2.138;PESSOAL E ENCARGOS SOCIAIS DE CRECHES;14;GESTÃO DA EDUCAÇÃO INFANTIL;12;Educação;365;Educação Infantil;181;3.1.90.13.00.00.00.00;OBRIGAÇÕES PATRONAIS;1.500.000.1001;RECURSOS NÃO VINCULADOS DE IMPOSTOS (EDUCAÇÃO);1.000,00
PREFEITURA MUNICIPAL DE BARBACENA;14.001;SEDEC;2.138;PESSOAL E ENCARGOS SOCIAIS DE CRECHES;14;GESTÃO DA EDUCAÇÃO INFANTIL;12;Educação;365;Educação Infantil;181;3.1.90.13.00.00.00.00;OBRIGAÇÕES PATRONAIS;1.540.000.0000;TRANSFERÊNCIAS DO FUNDEB - IMPOSTOS E TRANSFERÊNCIAS DE IMPOSTOS (30%);0,01
PREFEITURA MUNICIPAL DE BARBACENA;14.001;SEDEC;2.138;PESSOAL E ENCARGOS SOCIAIS DE CRECHES;14;GESTÃO DA EDUCAÇÃO INFANTIL;12;Educação;365;Educação Infantil;181;3.1.90.13.00.00.00.00;OBRIGAÇÕES PATRONAIS;1.540.000.1070;TRANSFERÊNCIAS DO FUNDEB - IMPOSTOS E TRANSFERÊNCIAS DE IMPOSTOS (70% -PAGTO DA REMUNERAÇÃO DOS PROFISSIONAIS DA EDUCAÇÃO BÁSICA EM EFETIVO EXERCÍCIO);0,01
PREFEITURA MUNICIPAL DE BARBACENA;14.001;SEDEC;2.138;PESSOAL E ENCARGOS SOCIAIS DE CRECHES;14;GESTÃO DA EDUCAÇÃO INFANTIL;12;Educação;365;Educação Infantil;182;3.1.91.13.00.00.00.00;OBRIGAÇÕES PATRONAIS;1.500.000.1001;RECURSOS NÃO VINCULADOS DE IMPOSTOS (EDUCAÇÃO);210.909,88
PREFEITURA MUNICIPAL DE BARBACENA;14.001;SEDEC;2.138;PESSOAL E ENCARGOS SOCIAIS DE CRECHES;14;GESTÃO DA EDUCAÇÃO INFANTIL;12;Educação;365;Educação Infantil;182;3.1.91.13.00.00.00.00;OBRIGAÇÕES PATRONAIS;1.540.000.0000;TRANSFERÊNCIAS DO FUNDEB - IMPOSTOS E TRANSFERÊNCIAS DE IMPOSTOS (30%);1.751,91
PREFEITURA MUNICIPAL DE BARBACENA;14.001;SEDEC;2.138;PESSOAL E ENCARGOS SOCIAIS DE CRECHES;14;GESTÃO DA EDUCAÇÃO INFANTIL;12;Educação;365;Educação Infantil;182;3.1.91.13.00.00.00.00;OBRIGAÇÕES PATRONAIS;1.540.000.1070;TRANSFERÊNCIAS DO FUNDEB - IMPOSTOS E TRANSFERÊNCIAS DE IMPOSTOS (70% -PAGTO DA REMUNERAÇÃO DOS PROFISSIONAIS DA EDUCAÇÃO BÁSICA EM EFETIVO EXERCÍCIO);543.530,43
PREFEITURA MUNICIPAL DE BARBACENA;14.001;SEDEC;2.138;PESSOAL E ENCARGOS SOCIAIS DE CRECHES;14;GESTÃO DA EDUCAÇÃO INFANTIL;12;Educação;365;Educação Infantil;183;3.3.90.08.00.00.00.00;OUTROS BENEFÍCIOS ASSISTENCIAIS-SERVIDOR/MILITAR;1.500.000.1001;RECURSOS NÃO VINCULADOS DE IMPOSTOS (EDUCAÇÃO);3.396,00
PREFEITURA MUNICIPAL DE BARBACENA;14.001;SEDEC;2.138;PESSOAL E ENCARGOS SOCIAIS DE CRECHES;14;GESTÃO DA EDUCAÇÃO INFANTIL;12;Educação;365;Educação Infantil;183;3.3.90.08.00.00.00.00;OUTROS BENEFÍCIOS ASSISTENCIAIS-SERVIDOR/MILITAR;1.540.000.0000;TRANSFERÊNCIAS DO FUNDEB - IMPOSTOS E TRANSFERÊNCIAS DE IMPOSTOS (30%);132,01
PREFEITURA MUNICIPAL DE BARBACENA;14.001;SEDEC;2.138;PESSOAL E ENCARGOS SOCIAIS DE CRECHES;14;GESTÃO DA EDUCAÇÃO INFANTIL;12;Educação;365;Educação Infantil;183;3.3.90.08.00.00.00.00;OUTROS BENEFÍCIOS ASSISTENCIAIS-SERVIDOR/MILITAR;1.540.000.1070;TRANSFERÊNCIAS DO FUNDEB - IMPOSTOS E TRANSFERÊNCIAS DE IMPOSTOS (70% -PAGTO DA REMUNERAÇÃO DOS PROFISSIONAIS DA EDUCAÇÃO BÁSICA EM EFETIVO EXERCÍCIO);5.000,01
PREFEITURA MUNICIPAL DE BARBACENA;14.001;SEDEC;2.138;PESSOAL E ENCARGOS SOCIAIS DE CRECHES;14;GESTÃO DA EDUCAÇÃO INFANTIL;12;Educação;365;Educação Infantil;949;3.3.90.46.00.00.00.00;AUXÍLIO-ALIMENTAÇÃO;1.500.000.1001;RECURSOS NÃO VINCULADOS DE IMPOSTOS (EDUCAÇÃO);284.541,00
PREFEITURA MUNICIPAL DE BARBACENA;14.001;SEDEC;2.138;PESSOAL E ENCARGOS SOCIAIS DE CRECHES;14;GESTÃO DA EDUCAÇÃO INFANTIL;12;Educação;365;Educação Infantil;949;3.3.90.46.00.00.00.00;AUXÍLIO-ALIMENTAÇÃO;1.540.000.0000;TRANSFERÊNCIAS DO FUNDEB - IMPOSTOS E TRANSFERÊNCIAS DE IMPOSTOS (30%);209.175,00
PREFEITURA MUNICIPAL DE BARBACENA;14.001;SEDEC;2.138;PESSOAL E ENCARGOS SOCIAIS DE CRECHES;14;GESTÃO DA EDUCAÇÃO INFANTIL;12;Educação;365;Educação Infantil;949;3.3.90.46.00.00.00.00;AUXÍLIO-ALIMENTAÇÃO;1.540.000.1070;TRANSFERÊNCIAS DO FUNDEB - IMPOSTOS E TRANSFERÊNCIAS DE IMPOSTOS (70% -PAGTO DA REMUNERAÇÃO DOS PROFISSIONAIS DA EDUCAÇÃO BÁSICA EM EFETIVO EXERCÍCIO);59.445,00
PREFEITURA MUNICIPAL DE BARBACENA;14.001;SEDEC;2.332;TRANSPORTE ESCOLAR DA EDUCAÇÃO INFANTIL;14;GESTÃO DA EDUCAÇÃO INFANTIL;12;Educação;365;Educação Infantil;184;3.3.90.36.00.00.00.00;OUTROS SERVIÇOS DE TERCEIROS - PESSOA FÍSICA;1.500.000.1001;RECURSOS NÃO VINCULADOS DE IMPOSTOS (EDUCAÇÃO);3.311,39
PREFEITURA MUNICIPAL DE BARBACENA;14.001;SEDEC;2.332;TRANSPORTE ESCOLAR DA EDUCAÇÃO INFANTIL;14;GESTÃO DA EDUCAÇÃO INFANTIL;12;Educação;365;Educação Infantil;184;3.3.90.36.00.00.00.00;OUTROS SERVIÇOS DE TERCEIROS - PESSOA FÍSICA;1.550.000.0000;QESE - TRANSFERÊNCIA DO SALÁRIO-EDUCAÇÃO;999,90
PREFEITURA MUNICIPAL DE BARBACENA;14.001;SEDEC;2.332;TRANSPORTE ESCOLAR DA EDUCAÇÃO INFANTIL;14;GESTÃO DA EDUCAÇÃO INFANTIL;12;Educação;365;Educação Infantil;184;3.3.90.36.00.00.00.00;OUTROS SERVIÇOS DE TERCEIROS - PESSOA FÍSICA;1.553.000.0000;PNATE - TRANSFERÊNCIAS DE RECURSOS DO FNDE REFERENTES AO PROGRAMA NACIONAL DE APOIO AO TRANSPORTE ESCOLAR;49.080,93
PREFEITURA MUNICIPAL DE BARBACENA;14.001;SEDEC;2.332;TRANSPORTE ESCOLAR DA EDUCAÇÃO INFANTIL;14;GESTÃO DA EDUCAÇÃO INFANTIL;12;Educação;365;Educação Infantil;185;3.3.90.39.00.00.00.00;OUTROS SERVIÇOS DE TERCEIROS - PESSOA JURÍDICA;1.500.000.1001;RECURSOS NÃO VINCULADOS DE IMPOSTOS (EDUCAÇÃO);26.834,42
PREFEITURA MUNICIPAL DE BARBACENA;14.001;SEDEC;2.332;TRANSPORTE ESCOLAR DA EDUCAÇÃO INFANTIL;14;GESTÃO DA EDUCAÇÃO INFANTIL;12;Educação;365;Educação Infantil;185;3.3.90.39.00.00.00.00;OUTROS SERVIÇOS DE TERCEIROS - PESSOA JURÍDICA;1.550.000.0000;QESE - TRANSFERÊNCIA DO SALÁRIO-EDUCAÇÃO;999,97
PREFEITURA MUNICIPAL DE BARBACENA;14.001;SEDEC;2.332;TRANSPORTE ESCOLAR DA EDUCAÇÃO INFANTIL;14;GESTÃO DA EDUCAÇÃO INFANTIL;12;Educação;365;Educação Infantil;185;3.3.90.39.00.00.00.00;OUTROS SERVIÇOS DE TERCEIROS - PESSOA JURÍDICA;1.553.000.0000;PNATE - TRANSFERÊNCIAS DE RECURSOS DO FNDE REFERENTES AO PROGRAMA NACIONAL DE APOIO AO TRANSPORTE ESCOLAR;63.178,44
PREFEITURA MUNICIPAL DE BARBACENA;14.001;SEDEC;2.332;TRANSPORTE ESCOLAR DA EDUCAÇÃO INFANTIL;14;GESTÃO DA EDUCAÇÃO INFANTIL;12;Educação;365;Educação Infantil;185;3.3.90.39.00.00.00.00;OUTROS SERVIÇOS DE TERCEIROS - PESSOA JURÍDICA;1.570.000.0000;TRANSFERÊNCIAS DO GOVERNO FEDERAL REFERENTES A CONVÊNIOS E INSTRUMENTOS CONGÊNERES VINCULADOS À EDUCAÇÃO;1.500,00
PREFEITURA MUNICIPAL DE BARBACENA;14.001;SEDEC;2.332;TRANSPORTE ESCOLAR DA EDUCAÇÃO INFANTIL;14;GESTÃO DA EDUCAÇÃO INFANTIL;12;Educação;365;Educação Infantil;968;3.3.90.30.00.00.00.00;MATERIAL DE CONSUMO;1.500.000.1001;RECURSOS NÃO VINCULADOS DE IMPOSTOS (EDUCAÇÃO);0,10
PREFEITURA MUNICIPAL DE BARBACENA;14.001;SEDEC;2.332;TRANSPORTE ESCOLAR DA EDUCAÇÃO INFANTIL;14;GESTÃO DA EDUCAÇÃO INFANTIL;12;Educação;365;Educação Infantil;968;3.3.90.30.00.00.00.00;MATERIAL DE CONSUMO;1.550.000.0000;QESE - TRANSFERÊNCIA DO SALÁRIO-EDUCAÇÃO;0,10
PREFEITURA MUNICIPAL DE BARBACENA;14.001;SEDEC;2.332;TRANSPORTE ESCOLAR DA EDUCAÇÃO INFANTIL;14;GESTÃO DA EDUCAÇÃO INFANTIL;12;Educação;365;Educação Infantil;968;3.3.90.30.00.00.00.00;MATERIAL DE CONSUMO;1.553.000.0000;PNATE - TRANSFERÊNCIAS DE RECURSOS DO FNDE REFERENTES AO PROGRAMA NACIONAL DE APOIO AO TRANSPORTE ESCOLAR;0,02
PREFEITURA MUNICIPAL DE BARBACENA;14.001;SEDEC;2.332;TRANSPORTE ESCOLAR DA EDUCAÇÃO INFANTIL;14;GESTÃO DA EDUCAÇÃO INFANTIL;12;Educação;365;Educação Infantil;968;3.3.90.30.00.00.00.00;MATERIAL DE CONSUMO;1.576.001.0000;PTE- TRANSFERÊNCIAS DE RECURSOS DOS ESTADOS PARA PROGRAMAS DE EDUCAÇÃO (TRANSFERÊNCIAS DE RECURSOS PARA O PROGRAMA ESTADUAL DE TRANSPORTE ESCOLAR);0,02
PREFEITURA MUNICIPAL DE BARBACENA;14.001;SEDEC;2.462;APOIO A CRECHE IRMÃOS DO CAMINHO;14;GESTÃO DA EDUCAÇÃO INFANTIL;12;Educação;365;Educação Infantil;186;3.3.50.41.00.00.00.00;CONTRIBUIÇÕES;1.500.000.1001;RECURSOS NÃO VINCULADOS DE IMPOSTOS (EDUCAÇÃO);0,00
PREFEITURA MUNICIPAL DE BARBACENA;14.001;SEDEC;2.462;APOIO A CRECHE IRMÃOS DO CAMINHO;14;GESTÃO DA EDUCAÇÃO INFANTIL;12;Educação;365;Educação Infantil;974;4.4.50.41.00.00.00.00;CONTRIBUIÇÕES;1.500.000.0000;RECURSOS NÃO VINCULADOS DE IMPOSTOS;35.527,75
PREFEITURA MUNICIPAL DE BARBACENA;14.001;SEDEC;2.462;APOIO A CRECHE IRMÃOS DO CAMINHO;14;GESTÃO DA EDUCAÇÃO INFANTIL;12;Educação;365;Educação Infantil;974;4.4.50.41.00.00.00.00;CONTRIBUIÇÕES;1.500.000.1001;RECURSOS NÃO VINCULADOS DE IMPOSTOS (EDUCAÇÃO);0,00
PREFEITURA MUNICIPAL DE BARBACENA;14.001;SEDEC;2.463;APOIO A CRECHE SÃO PAULO DA CRUZ;14;GESTÃO DA EDUCAÇÃO INFANTIL;12;Educação;365;Educação Infantil;187;3.3.50.41.00.00.00.00;CONTRIBUIÇÕES;1.500.000.0000;RECURSOS NÃO VINCULADOS DE IMPOSTOS;66.265,45
PREFEITURA MUNICIPAL DE BARBACENA;14.001;SEDEC;2.463;APOIO A CRECHE SÃO PAULO DA CRUZ;14;GESTÃO DA EDUCAÇÃO INFANTIL;12;Educação;365;Educação Infantil;187;3.3.50.41.00.00.00.00;CONTRIBUIÇÕES;1.500.000.1001;RECURSOS NÃO VINCULADOS DE IMPOSTOS (EDUCAÇÃO);66.265,45
PREFEITURA MUNICIPAL DE BARBACENA;14.001;SEDEC;2.463;APOIO A CRECHE SÃO PAULO DA CRUZ;14;GESTÃO DA EDUCAÇÃO INFANTIL;12;Educação;365;Educação Infantil;964;4.4.50.41.00.00.00.00;CONTRIBUIÇÕES;1.500.000.0000;RECURSOS NÃO VINCULADOS DE IMPOSTOS;56.000,00
PREFEITURA MUNICIPAL DE BARBACENA;14.001;SEDEC;2.463;APOIO A CRECHE SÃO PAULO DA CRUZ;14;GESTÃO DA EDUCAÇÃO INFANTIL;12;Educação;365;Educação Infantil;964;4.4.50.41.00.00.00.00;CONTRIBUIÇÕES;1.500.000.1001;RECURSOS NÃO VINCULADOS DE IMPOSTOS (EDUCAÇÃO);33.418,91
PREFEITURA MUNICIPAL DE BARBACENA;14.001;SEDEC;1.450;AQUISIÇÃO DE UNIFORMES PARA ECIM CAIC;15;GESTÃO DO ENSINO FUNDAMENTAL;12;Educação;361;Ensino Fundamental;124;3.3.90.30.00.00.00.00;MATERIAL DE CONSUMO;1.500.000.1001;RECURSOS NÃO VINCULADOS DE IMPOSTOS (EDUCAÇÃO);0,00
PREFEITURA MUNICIPAL DE BARBACENA;14.001;SEDEC;1.450;AQUISIÇÃO DE UNIFORMES PARA ECIM CAIC;15;GESTÃO DO ENSINO FUNDAMENTAL;12;Educação;361;Ensino Fundamental;124;3.3.90.30.00.00.00.00;MATERIAL DE CONSUMO;1.550.000.0000;QESE - TRANSFERÊNCIA DO SALÁRIO-EDUCAÇÃO;10.000,00
PREFEITURA MUNICIPAL DE BARBACENA;14.001;SEDEC;2.202;TRANSPORTE ESCOLAR DO ENSINO FUNDAMENTAL;15;GESTÃO DO ENSINO FUNDAMENTAL;12;Educação;361;Ensino Fundamental;125;3.3.90.30.00.00.00.00;MATERIAL DE CONSUMO;1.500.000.1001;RECURSOS NÃO VINCULADOS DE IMPOSTOS (EDUCAÇÃO);140.152,72
PREFEITURA MUNICIPAL DE BARBACENA;14.001;SEDEC;2.202;TRANSPORTE ESCOLAR DO ENSINO FUNDAMENTAL;15;GESTÃO DO ENSINO FUNDAMENTAL;12;Educação;361;Ensino Fundamental;125;3.3.90.30.00.00.00.00;MATERIAL DE CONSUMO;1.550.000.0000;QESE - TRANSFERÊNCIA DO SALÁRIO-EDUCAÇÃO;199.999,98
PREFEITURA MUNICIPAL DE BARBACENA;14.001;SEDEC;2.202;TRANSPORTE ESCOLAR DO ENSINO FUNDAMENTAL;15;GESTÃO DO ENSINO FUNDAMENTAL;12;Educação;361;Ensino Fundamental;125;3.3.90.30.00.00.00.00;MATERIAL DE CONSUMO;1.553.000.0000;PNATE - TRANSFERÊNCIAS DE RECURSOS DO FNDE REFERENTES AO PROGRAMA NACIONAL DE APOIO AO TRANSPORTE ESCOLAR;0,02
PREFEITURA MUNICIPAL DE BARBACENA;14.001;SEDEC;2.202;TRANSPORTE ESCOLAR DO ENSINO FUNDAMENTAL;15;GESTÃO DO ENSINO FUNDAMENTAL;12;Educação;361;Ensino Fundamental;125;3.3.90.30.00.00.00.00;MATERIAL DE CONSUMO;1.576.001.0000;PTE- TRANSFERÊNCIAS DE RECURSOS DOS ESTADOS PARA PROGRAMAS DE EDUCAÇÃO (TRANSFERÊNCIAS DE RECURSOS PARA O PROGRAMA ESTADUAL DE TRANSPORTE ESCOLAR);0,02
PREFEITURA MUNICIPAL DE BARBACENA;14.001;SEDEC;2.202;TRANSPORTE ESCOLAR DO ENSINO FUNDAMENTAL;15;GESTÃO DO ENSINO FUNDAMENTAL;12;Educação;361;Ensino Fundamental;126;3.3.90.34.00.00.00.00;OUTRAS DESP.DE PESSOAL DECOR.DE CONT.TERCEIRIZAÇÃO;1.500.000.1001;RECURSOS NÃO VINCULADOS DE IMPOSTOS (EDUCAÇÃO);440,01
PREFEITURA MUNICIPAL DE BARBACENA;14.001;SEDEC;2.202;TRANSPORTE ESCOLAR DO ENSINO FUNDAMENTAL;15;GESTÃO DO ENSINO FUNDAMENTAL;12;Educação;361;Ensino Fundamental;126;3.3.90.34.00.00.00.00;OUTRAS DESP.DE PESSOAL DECOR.DE CONT.TERCEIRIZAÇÃO;1.550.000.0000;QESE - TRANSFERÊNCIA DO SALÁRIO-EDUCAÇÃO;7.000,00
PREFEITURA MUNICIPAL DE BARBACENA;14.001;SEDEC;2.202;TRANSPORTE ESCOLAR DO ENSINO FUNDAMENTAL;15;GESTÃO DO ENSINO FUNDAMENTAL;12;Educação;361;Ensino Fundamental;126;3.3.90.34.00.00.00.00;OUTRAS DESP.DE PESSOAL DECOR.DE CONT.TERCEIRIZAÇÃO;1.553.000.0000;PNATE - TRANSFERÊNCIAS DE RECURSOS DO FNDE REFERENTES AO PROGRAMA NACIONAL DE APOIO AO TRANSPORTE ESCOLAR;0,00
PREFEITURA MUNICIPAL DE BARBACENA;14.001;SEDEC;2.202;TRANSPORTE ESCOLAR DO ENSINO FUNDAMENTAL;15;GESTÃO DO ENSINO FUNDAMENTAL;12;Educação;361;Ensino Fundamental;126;3.3.90.34.00.00.00.00;OUTRAS DESP.DE PESSOAL DECOR.DE CONT.TERCEIRIZAÇÃO;1.570.000.0000;TRANSFERÊNCIAS DO GOVERNO FEDERAL REFERENTES A CONVÊNIOS E INSTRUMENTOS CONGÊNERES VINCULADOS À EDUCAÇÃO;5.000,00
PREFEITURA MUNICIPAL DE BARBACENA;14.001;SEDEC;2.202;TRANSPORTE ESCOLAR DO ENSINO FUNDAMENTAL;15;GESTÃO DO ENSINO FUNDAMENTAL;12;Educação;361;Ensino Fundamental;127;3.3.90.36.00.00.00.00;OUTROS SERVIÇOS DE TERCEIROS - PESSOA FÍSICA;1.500.000.1001;RECURSOS NÃO VINCULADOS DE IMPOSTOS (EDUCAÇÃO);1.085.728,84
PREFEITURA MUNICIPAL DE BARBACENA;14.001;SEDEC;2.202;TRANSPORTE ESCOLAR DO ENSINO FUNDAMENTAL;15;GESTÃO DO ENSINO FUNDAMENTAL;12;Educação;361;Ensino Fundamental;127;3.3.90.36.00.00.00.00;OUTROS SERVIÇOS DE TERCEIROS - PESSOA FÍSICA;1.550.000.0000;QESE - TRANSFERÊNCIA DO SALÁRIO-EDUCAÇÃO;1.138.929,16
PREFEITURA MUNICIPAL DE BARBACENA;14.001;SEDEC;2.202;TRANSPORTE ESCOLAR DO ENSINO FUNDAMENTAL;15;GESTÃO DO ENSINO FUNDAMENTAL;12;Educação;361;Ensino Fundamental;127;3.3.90.36.00.00.00.00;OUTROS SERVIÇOS DE TERCEIROS - PESSOA FÍSICA;1.553.000.0000;PNATE - TRANSFERÊNCIAS DE RECURSOS DO FNDE REFERENTES AO PROGRAMA NACIONAL DE APOIO AO TRANSPORTE ESCOLAR;35.512,00
PREFEITURA MUNICIPAL DE BARBACENA;14.001;SEDEC;2.202;TRANSPORTE ESCOLAR DO ENSINO FUNDAMENTAL;15;GESTÃO DO ENSINO FUNDAMENTAL;12;Educação;361;Ensino Fundamental;127;3.3.90.36.00.00.00.00;OUTROS SERVIÇOS DE TERCEIROS - PESSOA FÍSICA;1.570.000.0000;TRANSFERÊNCIAS DO GOVERNO FEDERAL REFERENTES A CONVÊNIOS E INSTRUMENTOS CONGÊNERES VINCULADOS À EDUCAÇÃO;20.000,00
PREFEITURA MUNICIPAL DE BARBACENA;14.001;SEDEC;2.202;TRANSPORTE ESCOLAR DO ENSINO FUNDAMENTAL;15;GESTÃO DO ENSINO FUNDAMENTAL;12;Educação;361;Ensino Fundamental;127;3.3.90.36.00.00.00.00;OUTROS SERVIÇOS DE TERCEIROS - PESSOA FÍSICA;1.576.001.0000;PTE- TRANSFERÊNCIAS DE RECURSOS DOS ESTADOS PARA PROGRAMAS DE EDUCAÇÃO (TRANSFERÊNCIAS DE RECURSOS PARA O PROGRAMA ESTADUAL DE TRANSPORTE ESCOLAR);71.610,00
PREFEITURA MUNICIPAL DE BARBACENA;14.001;SEDEC;2.202;TRANSPORTE ESCOLAR DO ENSINO FUNDAMENTAL;15;GESTÃO DO ENSINO FUNDAMENTAL;12;Educação;361;Ensino Fundamental;128;3.3.90.39.00.00.00.00;OUTROS SERVIÇOS DE TERCEIROS - PESSOA JURÍDICA;1.500.000.0000;RECURSOS NÃO VINCULADOS DE IMPOSTOS;66.123,07
PREFEITURA MUNICIPAL DE BARBACENA;14.001;SEDEC;2.202;TRANSPORTE ESCOLAR DO ENSINO FUNDAMENTAL;15;GESTÃO DO ENSINO FUNDAMENTAL;12;Educação;361;Ensino Fundamental;128;3.3.90.39.00.00.00.00;OUTROS SERVIÇOS DE TERCEIROS - PESSOA JURÍDICA;1.500.000.1001;RECURSOS NÃO VINCULADOS DE IMPOSTOS (EDUCAÇÃO);1.197.094,61
PREFEITURA MUNICIPAL DE BARBACENA;14.001;SEDEC;2.202;TRANSPORTE ESCOLAR DO ENSINO FUNDAMENTAL;15;GESTÃO DO ENSINO FUNDAMENTAL;12;Educação;361;Ensino Fundamental;128;3.3.90.39.00.00.00.00;OUTROS SERVIÇOS DE TERCEIROS - PESSOA JURÍDICA;1.550.000.0000;QESE - TRANSFERÊNCIA DO SALÁRIO-EDUCAÇÃO;350.000,00
PREFEITURA MUNICIPAL DE BARBACENA;14.001;SEDEC;2.202;TRANSPORTE ESCOLAR DO ENSINO FUNDAMENTAL;15;GESTÃO DO ENSINO FUNDAMENTAL;12;Educação;361;Ensino Fundamental;128;3.3.90.39.00.00.00.00;OUTROS SERVIÇOS DE TERCEIROS - PESSOA JURÍDICA;1.553.000.0000;PNATE - TRANSFERÊNCIAS DE RECURSOS DO FNDE REFERENTES AO PROGRAMA NACIONAL DE APOIO AO TRANSPORTE ESCOLAR;45.560,88
PREFEITURA MUNICIPAL DE BARBACENA;14.001;SEDEC;2.202;TRANSPORTE ESCOLAR DO ENSINO FUNDAMENTAL;15;GESTÃO DO ENSINO FUNDAMENTAL;12;Educação;361;Ensino Fundamental;128;3.3.90.39.00.00.00.00;OUTROS SERVIÇOS DE TERCEIROS - PESSOA JURÍDICA;1.569.000.0000;OUTRAS TRANSFERÊNCIAS DE RECURSOS DO FNDE;45.000,00
PREFEITURA MUNICIPAL DE BARBACENA;14.001;SEDEC;2.202;TRANSPORTE ESCOLAR DO ENSINO FUNDAMENTAL;15;GESTÃO DO ENSINO FUNDAMENTAL;12;Educação;361;Ensino Fundamental;128;3.3.90.39.00.00.00.00;OUTROS SERVIÇOS DE TERCEIROS - PESSOA JURÍDICA;1.570.000.0000;TRANSFERÊNCIAS DO GOVERNO FEDERAL REFERENTES A CONVÊNIOS E INSTRUMENTOS CONGÊNERES VINCULADOS À EDUCAÇÃO;74.951,74
PREFEITURA MUNICIPAL DE BARBACENA;14.001;SEDEC;2.202;TRANSPORTE ESCOLAR DO ENSINO FUNDAMENTAL;15;GESTÃO DO ENSINO FUNDAMENTAL;12;Educação;361;Ensino Fundamental;128;3.3.90.39.00.00.00.00;OUTROS SERVIÇOS DE TERCEIROS - PESSOA JURÍDICA;1.576.001.0000;PTE- TRANSFERÊNCIAS DE RECURSOS DOS ESTADOS PARA PROGRAMAS DE EDUCAÇÃO (TRANSFERÊNCIAS DE RECURSOS PARA O PROGRAMA ESTADUAL DE TRANSPORTE ESCOLAR);909.441,38
PREFEITURA MUNICIPAL DE BARBACENA;14.001;SEDEC;2.202;TRANSPORTE ESCOLAR DO ENSINO FUNDAMENTAL;15;GESTÃO DO ENSINO FUNDAMENTAL;12;Educação;361;Ensino Fundamental;129;3.3.90.47.00.00.00.00;OBRIGAÇÕES TRIBUTÁRIAS E CONTRIBUTIVAS;1.500.000.1001;RECURSOS NÃO VINCULADOS DE IMPOSTOS (EDUCAÇÃO);46.358,23
PREFEITURA MUNICIPAL DE BARBACENA;14.001;SEDEC;2.202;TRANSPORTE ESCOLAR DO ENSINO FUNDAMENTAL;15;GESTÃO DO ENSINO FUNDAMENTAL;12;Educação;361;Ensino Fundamental;129;3.3.90.47.00.00.00.00;OBRIGAÇÕES TRIBUTÁRIAS E CONTRIBUTIVAS;1.550.000.0000;QESE - TRANSFERÊNCIA DO SALÁRIO-EDUCAÇÃO;20.000,00
PREFEITURA MUNICIPAL DE BARBACENA;14.001;SEDEC;2.202;TRANSPORTE ESCOLAR DO ENSINO FUNDAMENTAL;15;GESTÃO DO ENSINO FUNDAMENTAL;12;Educação;361;Ensino Fundamental;130;3.3.90.92.00.00.00.00;DESPESAS DE EXERCÍCIOS ANTERIORES;1.500.000.1001;RECURSOS NÃO VINCULADOS DE IMPOSTOS (EDUCAÇÃO);0,00
PREFEITURA MUNICIPAL DE BARBACENA;14.001;SEDEC;2.202;TRANSPORTE ESCOLAR DO ENSINO FUNDAMENTAL;15;GESTÃO DO ENSINO FUNDAMENTAL;12;Educação;361;Ensino Fundamental;130;3.3.90.92.00.00.00.00;DESPESAS DE EXERCÍCIOS ANTERIORES;1.550.000.0000;QESE - TRANSFERÊNCIA DO SALÁRIO-EDUCAÇÃO;62.400,92
PREFEITURA MUNICIPAL DE BARBACENA;14.001;SEDEC;2.202;TRANSPORTE ESCOLAR DO ENSINO FUNDAMENTAL;15;GESTÃO DO ENSINO FUNDAMENTAL;12;Educação;361;Ensino Fundamental;131;3.3.90.93.00.00.00.00;INDENIZAÇÕES E RESTITUIÇÕES;1.500.000.1001;RECURSOS NÃO VINCULADOS DE IMPOSTOS (EDUCAÇÃO);1.000,00
PREFEITURA MUNICIPAL DE BARBACENA;14.001;SEDEC;2.202;TRANSPORTE ESCOLAR DO ENSINO FUNDAMENTAL;15;GESTÃO DO ENSINO FUNDAMENTAL;12;Educação;361;Ensino Fundamental;131;3.3.90.93.00.00.00.00;INDENIZAÇÕES E RESTITUIÇÕES;1.550.000.0000;QESE - TRANSFERÊNCIA DO SALÁRIO-EDUCAÇÃO;2.000,00
PREFEITURA MUNICIPAL DE BARBACENA;14.001;SEDEC;2.202;TRANSPORTE ESCOLAR DO ENSINO FUNDAMENTAL;15;GESTÃO DO ENSINO FUNDAMENTAL;12;Educação;361;Ensino Fundamental;131;3.3.90.93.00.00.00.00;INDENIZAÇÕES E RESTITUIÇÕES;1.570.000.0000;TRANSFERÊNCIAS DO GOVERNO FEDERAL REFERENTES A CONVÊNIOS E INSTRUMENTOS CONGÊNERES VINCULADOS À EDUCAÇÃO;3.000,00
PREFEITURA MUNICIPAL DE BARBACENA;14.001;SEDEC;2.202;TRANSPORTE ESCOLAR DO ENSINO FUNDAMENTAL;15;GESTÃO DO ENSINO FUNDAMENTAL;12;Educação;361;Ensino Fundamental;132;4.4.90.52.00.00.00.00;EQUIPAMENTOS E MATERIAL PERMANENTE;1.500.000.1001;RECURSOS NÃO VINCULADOS DE IMPOSTOS (EDUCAÇÃO);0,00
PREFEITURA MUNICIPAL DE BARBACENA;14.001;SEDEC;2.202;TRANSPORTE ESCOLAR DO ENSINO FUNDAMENTAL;15;GESTÃO DO ENSINO FUNDAMENTAL;12;Educação;361;Ensino Fundamental;132;4.4.90.52.00.00.00.00;EQUIPAMENTOS E MATERIAL PERMANENTE;1.571.000.0000;TRANSFERÊNCIAS DO ESTADO REFERENTES A CONVÊNIOS E INSTRUMENTOS CONGÊNERES VINCULADOS À EDUCAÇÃO;5.000,00
PREFEITURA MUNICIPAL DE BARBACENA;14.001;SEDEC;2.202;TRANSPORTE ESCOLAR DO ENSINO FUNDAMENTAL;15;GESTÃO DO ENSINO FUNDAMENTAL;12;Educação;361;Ensino Fundamental;132;4.4.90.52.00.00.00.00;EQUIPAMENTOS E MATERIAL PERMANENTE;2.751.000.0000;RECURSOS DA CONTRIBUIÇÃO PARA O CUSTEIO DO SERVIÇO DE ILUMINAÇÃO PÚBLICA - COSIP;0,01
PREFEITURA MUNICIPAL DE BARBACENA;14.001;SEDEC;2.203;MANUTENÇAO DAS UNIDADES DE ENSINO FUNDAMENTAL;15;GESTÃO DO ENSINO FUNDAMENTAL;12;Educação;361;Ensino Fundamental;133;3.3.90.30.00.00.00.00;MATERIAL DE CONSUMO;1.500.000.0000;RECURSOS NÃO VINCULADOS DE IMPOSTOS;117.481,38
PREFEITURA MUNICIPAL DE BARBACENA;14.001;SEDEC;2.203;MANUTENÇAO DAS UNIDADES DE ENSINO FUNDAMENTAL;15;GESTÃO DO ENSINO FUNDAMENTAL;12;Educação;361;Ensino Fundamental;133;3.3.90.30.00.00.00.00;MATERIAL DE CONSUMO;1.500.000.1001;RECURSOS NÃO VINCULADOS DE IMPOSTOS (EDUCAÇÃO);129.357,01
PREFEITURA MUNICIPAL DE BARBACENA;14.001;SEDEC;2.203;MANUTENÇAO DAS UNIDADES DE ENSINO FUNDAMENTAL;15;GESTÃO DO ENSINO FUNDAMENTAL;12;Educação;361;Ensino Fundamental;133;3.3.90.30.00.00.00.00;MATERIAL DE CONSUMO;1.550.000.0000;QESE - TRANSFERÊNCIA DO SALÁRIO-EDUCAÇÃO;570.285,57
PREFEITURA MUNICIPAL DE BARBACENA;14.001;SEDEC;2.203;MANUTENÇAO DAS UNIDADES DE ENSINO FUNDAMENTAL;15;GESTÃO DO ENSINO FUNDAMENTAL;12;Educação;361;Ensino Fundamental;133;3.3.90.30.00.00.00.00;MATERIAL DE CONSUMO;1.552.000.0000;PNAE - TRANSFERÊNCIAS DE RECURSOS DO FNDE REFERENTES AO PROGRAMA NACIONAL DE ALIMENTAÇÃO ESCOLAR;656.607,19
PREFEITURA MUNICIPAL DE BARBACENA;14.001;SEDEC;2.203;MANUTENÇAO DAS UNIDADES DE ENSINO FUNDAMENTAL;15;GESTÃO DO ENSINO FUNDAMENTAL;12;Educação;361;Ensino Fundamental;133;3.3.90.30.00.00.00.00;MATERIAL DE CONSUMO;1.569.000.0000;OUTRAS TRANSFERÊNCIAS DE RECURSOS DO FNDE;5.000,00
PREFEITURA MUNICIPAL DE BARBACENA;14.001;SEDEC;2.203;MANUTENÇAO DAS UNIDADES DE ENSINO FUNDAMENTAL;15;GESTÃO DO ENSINO FUNDAMENTAL;12;Educação;361;Ensino Fundamental;133;3.3.90.30.00.00.00.00;MATERIAL DE CONSUMO;2.500.000.1001;RECURSOS NÃO VINCULADOS DE IMPOSTOS (EDUCAÇÃO);0,01
PREFEITURA MUNICIPAL DE BARBACENA;14.001;SEDEC;2.203;MANUTENÇAO DAS UNIDADES DE ENSINO FUNDAMENTAL;15;GESTÃO DO ENSINO FUNDAMENTAL;12;Educação;361;Ensino Fundamental;133;3.3.90.30.00.00.00.00;MATERIAL DE CONSUMO;2.550.000.0000;QESE - TRANSFERÊNCIA DO SALÁRIO-EDUCAÇÃO;2.576.399,67
PREFEITURA MUNICIPAL DE BARBACENA;14.001;SEDEC;2.203;MANUTENÇAO DAS UNIDADES DE ENSINO FUNDAMENTAL;15;GESTÃO DO ENSINO FUNDAMENTAL;12;Educação;361;Ensino Fundamental;134;3.3.90.36.00.00.00.00;OUTROS SERVIÇOS DE TERCEIROS - PESSOA FÍSICA;1.550.000.0000;QESE - TRANSFERÊNCIA DO SALÁRIO-EDUCAÇÃO;3.000,00
PREFEITURA MUNICIPAL DE BARBACENA;14.001;SEDEC;2.203;MANUTENÇAO DAS UNIDADES DE ENSINO FUNDAMENTAL;15;GESTÃO DO ENSINO FUNDAMENTAL;12;Educação;361;Ensino Fundamental;135;3.3.90.39.00.00.00.00;OUTROS SERVIÇOS DE TERCEIROS - PESSOA JURÍDICA;1.500.000.1001;RECURSOS NÃO VINCULADOS DE IMPOSTOS (EDUCAÇÃO);1.649.068,60
PREFEITURA MUNICIPAL DE BARBACENA;14.001;SEDEC;2.203;MANUTENÇAO DAS UNIDADES DE ENSINO FUNDAMENTAL;15;GESTÃO DO ENSINO FUNDAMENTAL;12;Educação;361;Ensino Fundamental;135;3.3.90.39.00.00.00.00;OUTROS SERVIÇOS DE TERCEIROS - PESSOA JURÍDICA;1.550.000.0000;QESE - TRANSFERÊNCIA DO SALÁRIO-EDUCAÇÃO;35.198,76
PREFEITURA MUNICIPAL DE BARBACENA;14.001;SEDEC;2.203;MANUTENÇAO DAS UNIDADES DE ENSINO FUNDAMENTAL;15;GESTÃO DO ENSINO FUNDAMENTAL;12;Educação;361;Ensino Fundamental;136;3.3.90.92.00.00.00.00;DESPESAS DE EXERCÍCIOS ANTERIORES;1.500.000.1001;RECURSOS NÃO VINCULADOS DE IMPOSTOS (EDUCAÇÃO);0,00
PREFEITURA MUNICIPAL DE BARBACENA;14.001;SEDEC;2.203;MANUTENÇAO DAS UNIDADES DE ENSINO FUNDAMENTAL;15;GESTÃO DO ENSINO FUNDAMENTAL;12;Educação;361;Ensino Fundamental;137;3.3.90.93.00.00.00.00;INDENIZAÇÕES E RESTITUIÇÕES;1.569.000.0000;OUTRAS TRANSFERÊNCIAS DE RECURSOS DO FNDE;39.439,74
PREFEITURA MUNICIPAL DE BARBACENA;14.001;SEDEC;2.203;MANUTENÇAO DAS UNIDADES DE ENSINO FUNDAMENTAL;15;GESTÃO DO ENSINO FUNDAMENTAL;12;Educação;361;Ensino Fundamental;138;4.4.90.51.00.00.00.00;OBRAS E INSTALAÇÕES;1.500.000.1001;RECURSOS NÃO VINCULADOS DE IMPOSTOS (EDUCAÇÃO);0,00
PREFEITURA MUNICIPAL DE BARBACENA;14.001;SEDEC;2.203;MANUTENÇAO DAS UNIDADES DE ENSINO FUNDAMENTAL;15;GESTÃO DO ENSINO FUNDAMENTAL;12;Educação;361;Ensino Fundamental;138;4.4.90.51.00.00.00.00;OBRAS E INSTALAÇÕES;1.550.000.0000;QESE - TRANSFERÊNCIA DO SALÁRIO-EDUCAÇÃO;15.000,00
PREFEITURA MUNICIPAL DE BARBACENA;14.001;SEDEC;2.203;MANUTENÇAO DAS UNIDADES DE ENSINO FUNDAMENTAL;15;GESTÃO DO ENSINO FUNDAMENTAL;12;Educação;361;Ensino Fundamental;139;4.4.90.52.00.00.00.00;EQUIPAMENTOS E MATERIAL PERMANENTE;1.500.000.1001;RECURSOS NÃO VINCULADOS DE IMPOSTOS (EDUCAÇÃO);0,00
PREFEITURA MUNICIPAL DE BARBACENA;14.001;SEDEC;2.203;MANUTENÇAO DAS UNIDADES DE ENSINO FUNDAMENTAL;15;GESTÃO DO ENSINO FUNDAMENTAL;12;Educação;361;Ensino Fundamental;139;4.4.90.52.00.00.00.00;EQUIPAMENTOS E MATERIAL PERMANENTE;1.540.000.0000;TRANSFERÊNCIAS DO FUNDEB - IMPOSTOS E TRANSFERÊNCIAS DE IMPOSTOS (30%);8.852,05
PREFEITURA MUNICIPAL DE BARBACENA;14.001;SEDEC;2.203;MANUTENÇAO DAS UNIDADES DE ENSINO FUNDAMENTAL;15;GESTÃO DO ENSINO FUNDAMENTAL;12;Educação;361;Ensino Fundamental;139;4.4.90.52.00.00.00.00;EQUIPAMENTOS E MATERIAL PERMANENTE;1.550.000.0000;QESE - TRANSFERÊNCIA DO SALÁRIO-EDUCAÇÃO;1.000,00
PREFEITURA MUNICIPAL DE BARBACENA;14.001;SEDEC;2.203;MANUTENÇAO DAS UNIDADES DE ENSINO FUNDAMENTAL;15;GESTÃO DO ENSINO FUNDAMENTAL;12;Educação;361;Ensino Fundamental;139;4.4.90.52.00.00.00.00;EQUIPAMENTOS E MATERIAL PERMANENTE;1.569.000.0000;OUTRAS TRANSFERÊNCIAS DE RECURSOS DO FNDE;150.000,00
PREFEITURA MUNICIPAL DE BARBACENA;14.001;SEDEC;2.203;MANUTENÇAO DAS UNIDADES DE ENSINO FUNDAMENTAL;15;GESTÃO DO ENSINO FUNDAMENTAL;12;Educação;361;Ensino Fundamental;139;4.4.90.52.00.00.00.00;EQUIPAMENTOS E MATERIAL PERMANENTE;1.571.000.0000;TRANSFERÊNCIAS DO ESTADO REFERENTES A CONVÊNIOS E INSTRUMENTOS CONGÊNERES VINCULADOS À EDUCAÇÃO;4.895,48
PREFEITURA MUNICIPAL DE BARBACENA;14.001;SEDEC;2.204;PESSOAL E ENCARGOS SOCIAIS DO ENSINO FUNDAMENTAL;15;GESTÃO DO ENSINO FUNDAMENTAL;12;Educação;361;Ensino Fundamental;140;3.1.90.04.00.00.00.00;CONTRATAÇÃO POR TEMPO DETERMINADO;1.500.000.1001;RECURSOS NÃO VINCULADOS DE IMPOSTOS (EDUCAÇÃO);1.429.107,10
PREFEITURA MUNICIPAL DE BARBACENA;14.001;SEDEC;2.204;PESSOAL E ENCARGOS SOCIAIS DO ENSINO FUNDAMENTAL;15;GESTÃO DO ENSINO FUNDAMENTAL;12;Educação;361;Ensino Fundamental;140;3.1.90.04.00.00.00.00;CONTRATAÇÃO POR TEMPO DETERMINADO;1.540.000.0000;TRANSFERÊNCIAS DO FUNDEB - IMPOSTOS E TRANSFERÊNCIAS DE IMPOSTOS (30%);8.569,94
PREFEITURA MUNICIPAL DE BARBACENA;14.001;SEDEC;2.204;PESSOAL E ENCARGOS SOCIAIS DO ENSINO FUNDAMENTAL;15;GESTÃO DO ENSINO FUNDAMENTAL;12;Educação;361;Ensino Fundamental;140;3.1.90.04.00.00.00.00;CONTRATAÇÃO POR TEMPO DETERMINADO;1.540.000.1070;TRANSFERÊNCIAS DO FUNDEB - IMPOSTOS E TRANSFERÊNCIAS DE IMPOSTOS (70% -PAGTO DA REMUNERAÇÃO DOS PROFISSIONAIS DA EDUCAÇÃO BÁSICA EM EFETIVO EXERCÍCIO);8.092.236,68
PREFEITURA MUNICIPAL DE BARBACENA;14.001;SEDEC;2.204;PESSOAL E ENCARGOS SOCIAIS DO ENSINO FUNDAMENTAL;15;GESTÃO DO ENSINO FUNDAMENTAL;12;Educação;361;Ensino Fundamental;141;3.1.90.11.00.00.00.00;VENCIMENTOS E VANTAGENS FIXAS - PESSOAL CIVIL;1.500.000.1001;RECURSOS NÃO VINCULADOS DE IMPOSTOS (EDUCAÇÃO);3.215.147,81
PREFEITURA MUNICIPAL DE BARBACENA;14.001;SEDEC;2.204;PESSOAL E ENCARGOS SOCIAIS DO ENSINO FUNDAMENTAL;15;GESTÃO DO ENSINO FUNDAMENTAL;12;Educação;361;Ensino Fundamental;141;3.1.90.11.00.00.00.00;VENCIMENTOS E VANTAGENS FIXAS - PESSOAL CIVIL;1.540.000.0000;TRANSFERÊNCIAS DO FUNDEB - IMPOSTOS E TRANSFERÊNCIAS DE IMPOSTOS (30%);18.777,04
PREFEITURA MUNICIPAL DE BARBACENA;14.001;SEDEC;2.204;PESSOAL E ENCARGOS SOCIAIS DO ENSINO FUNDAMENTAL;15;GESTÃO DO ENSINO FUNDAMENTAL;12;Educação;361;Ensino Fundamental;141;3.1.90.11.00.00.00.00;VENCIMENTOS E VANTAGENS FIXAS - PESSOAL CIVIL;1.540.000.1070;TRANSFERÊNCIAS DO FUNDEB - IMPOSTOS E TRANSFERÊNCIAS DE IMPOSTOS (70% -PAGTO DA REMUNERAÇÃO DOS PROFISSIONAIS DA EDUCAÇÃO BÁSICA EM EFETIVO EXERCÍCIO);16.597.195,24
PREFEITURA MUNICIPAL DE BARBACENA;14.001;SEDEC;2.204;PESSOAL E ENCARGOS SOCIAIS DO ENSINO FUNDAMENTAL;15;GESTÃO DO ENSINO FUNDAMENTAL;12;Educação;361;Ensino Fundamental;142;3.1.90.92.00.00.00.00;DESPESAS DE EXERCÍCIOS ANTERIORES;1.500.000.1001;RECURSOS NÃO VINCULADOS DE IMPOSTOS (EDUCAÇÃO);36,80
PREFEITURA MUNICIPAL DE BARBACENA;14.001;SEDEC;2.204;PESSOAL E ENCARGOS SOCIAIS DO ENSINO FUNDAMENTAL;15;GESTÃO DO ENSINO FUNDAMENTAL;12;Educação;361;Ensino Fundamental;143;3.1.91.13.00.00.00.00;OBRIGAÇÕES PATRONAIS;1.500.000.1001;RECURSOS NÃO VINCULADOS DE IMPOSTOS (EDUCAÇÃO);862.908,28
PREFEITURA MUNICIPAL DE BARBACENA;14.001;SEDEC;2.204;PESSOAL E ENCARGOS SOCIAIS DO ENSINO FUNDAMENTAL;15;GESTÃO DO ENSINO FUNDAMENTAL;12;Educação;361;Ensino Fundamental;143;3.1.91.13.00.00.00.00;OBRIGAÇÕES PATRONAIS;1.540.000.0000;TRANSFERÊNCIAS DO FUNDEB - IMPOSTOS E TRANSFERÊNCIAS DE IMPOSTOS (30%);4.008,26
PREFEITURA MUNICIPAL DE BARBACENA;14.001;SEDEC;2.204;PESSOAL E ENCARGOS SOCIAIS DO ENSINO FUNDAMENTAL;15;GESTÃO DO ENSINO FUNDAMENTAL;12;Educação;361;Ensino Fundamental;143;3.1.91.13.00.00.00.00;OBRIGAÇÕES PATRONAIS;1.540.000.1070;TRANSFERÊNCIAS DO FUNDEB - IMPOSTOS E TRANSFERÊNCIAS DE IMPOSTOS (70% -PAGTO DA REMUNERAÇÃO DOS PROFISSIONAIS DA EDUCAÇÃO BÁSICA EM EFETIVO EXERCÍCIO);4.505.601,17
PREFEITURA MUNICIPAL DE BARBACENA;14.001;SEDEC;2.204;PESSOAL E ENCARGOS SOCIAIS DO ENSINO FUNDAMENTAL;15;GESTÃO DO ENSINO FUNDAMENTAL;12;Educação;361;Ensino Fundamental;144;3.3.90.08.00.00.00.00;OUTROS BENEFÍCIOS ASSISTENCIAIS-SERVIDOR/MILITAR;1.500.000.1001;RECURSOS NÃO VINCULADOS DE IMPOSTOS (EDUCAÇÃO);10.962,90
PREFEITURA MUNICIPAL DE BARBACENA;14.001;SEDEC;2.204;PESSOAL E ENCARGOS SOCIAIS DO ENSINO FUNDAMENTAL;15;GESTÃO DO ENSINO FUNDAMENTAL;12;Educação;361;Ensino Fundamental;144;3.3.90.08.00.00.00.00;OUTROS BENEFÍCIOS ASSISTENCIAIS-SERVIDOR/MILITAR;1.540.000.0000;TRANSFERÊNCIAS DO FUNDEB - IMPOSTOS E TRANSFERÊNCIAS DE IMPOSTOS (30%);8.900,28
PREFEITURA MUNICIPAL DE BARBACENA;14.001;SEDEC;2.204;PESSOAL E ENCARGOS SOCIAIS DO ENSINO FUNDAMENTAL;15;GESTÃO DO ENSINO FUNDAMENTAL;12;Educação;361;Ensino Fundamental;144;3.3.90.08.00.00.00.00;OUTROS BENEFÍCIOS ASSISTENCIAIS-SERVIDOR/MILITAR;1.540.000.1070;TRANSFERÊNCIAS DO FUNDEB - IMPOSTOS E TRANSFERÊNCIAS DE IMPOSTOS (70% -PAGTO DA REMUNERAÇÃO DOS PROFISSIONAIS DA EDUCAÇÃO BÁSICA EM EFETIVO EXERCÍCIO);0,00
PREFEITURA MUNICIPAL DE BARBACENA;14.001;SEDEC;2.204;PESSOAL E ENCARGOS SOCIAIS DO ENSINO FUNDAMENTAL;15;GESTÃO DO ENSINO FUNDAMENTAL;12;Educação;361;Ensino Fundamental;145;3.3.90.18.00.00.00.00;AUXÍLIO FINANCEIRO A ESTUDANTES;1.540.000.0000;TRANSFERÊNCIAS DO FUNDEB - IMPOSTOS E TRANSFERÊNCIAS DE IMPOSTOS (30%);1.000,00
PREFEITURA MUNICIPAL DE BARBACENA;14.001;SEDEC;2.204;PESSOAL E ENCARGOS SOCIAIS DO ENSINO FUNDAMENTAL;15;GESTÃO DO ENSINO FUNDAMENTAL;12;Educação;361;Ensino Fundamental;145;3.3.90.18.00.00.00.00;AUXÍLIO FINANCEIRO A ESTUDANTES;1.540.000.1070;TRANSFERÊNCIAS DO FUNDEB - IMPOSTOS E TRANSFERÊNCIAS DE IMPOSTOS (70% -PAGTO DA REMUNERAÇÃO DOS PROFISSIONAIS DA EDUCAÇÃO BÁSICA EM EFETIVO EXERCÍCIO);1.000,00
PREFEITURA MUNICIPAL DE BARBACENA;14.001;SEDEC;2.204;PESSOAL E ENCARGOS SOCIAIS DO ENSINO FUNDAMENTAL;15;GESTÃO DO ENSINO FUNDAMENTAL;12;Educação;361;Ensino Fundamental;146;3.3.90.46.00.00.00.00;AUXÍLIO-ALIMENTAÇÃO;1.500.000.1001;RECURSOS NÃO VINCULADOS DE IMPOSTOS (EDUCAÇÃO);558.559,38
PREFEITURA MUNICIPAL DE BARBACENA;14.001;SEDEC;2.204;PESSOAL E ENCARGOS SOCIAIS DO ENSINO FUNDAMENTAL;15;GESTÃO DO ENSINO FUNDAMENTAL;12;Educação;361;Ensino Fundamental;146;3.3.90.46.00.00.00.00;AUXÍLIO-ALIMENTAÇÃO;1.540.000.0000;TRANSFERÊNCIAS DO FUNDEB - IMPOSTOS E TRANSFERÊNCIAS DE IMPOSTOS (30%);1.584.836,60
PREFEITURA MUNICIPAL DE BARBACENA;14.001;SEDEC;2.204;PESSOAL E ENCARGOS SOCIAIS DO ENSINO FUNDAMENTAL;15;GESTÃO DO ENSINO FUNDAMENTAL;12;Educação;361;Ensino Fundamental;146;3.3.90.46.00.00.00.00;AUXÍLIO-ALIMENTAÇÃO;1.540.000.1070;TRANSFERÊNCIAS DO FUNDEB - IMPOSTOS E TRANSFERÊNCIAS DE IMPOSTOS (70% -PAGTO DA REMUNERAÇÃO DOS PROFISSIONAIS DA EDUCAÇÃO BÁSICA EM EFETIVO EXERCÍCIO);3.906,77
PREFEITURA MUNICIPAL DE BARBACENA;14.001;SEDEC;2.204;PESSOAL E ENCARGOS SOCIAIS DO ENSINO FUNDAMENTAL;15;GESTÃO DO ENSINO FUNDAMENTAL;12;Educação;361;Ensino Fundamental;146;3.3.90.46.00.00.00.00;AUXÍLIO-ALIMENTAÇÃO;2.540.000.0000;TRANSFERÊNCIAS DO FUNDEB - IMPOSTOS E TRANSFERÊNCIAS DE IMPOSTOS (30%);66.739,51
PREFEITURA MUNICIPAL DE BARBACENA;14.001;SEDEC;2.204;PESSOAL E ENCARGOS SOCIAIS DO ENSINO FUNDAMENTAL;15;GESTÃO DO ENSINO FUNDAMENTAL;12;Educação;361;Ensino Fundamental;915;3.3.90.39.00.00.00.00;OUTROS SERVIÇOS DE TERCEIROS - PESSOA JURÍDICA;1.500.000.1001;RECURSOS NÃO VINCULADOS DE IMPOSTOS (EDUCAÇÃO);509.912,64
PREFEITURA MUNICIPAL DE BARBACENA;14.001;SEDEC;2.094;TRANSPORTE ESCOLAR PARA EDUCACAO DE JOVENS E ADULTOS;16;GESTÃO DA EDUCAÇÃO DE JOVENS E ADULTOS;12;Educação;365;Educação Infantil;188;3.3.90.36.00.00.00.00;OUTROS SERVIÇOS DE TERCEIROS - PESSOA FÍSICA;1.553.000.0000;PNATE - TRANSFERÊNCIAS DE RECURSOS DO FNDE REFERENTES AO PROGRAMA NACIONAL DE APOIO AO TRANSPORTE ESCOLAR;272,03
PREFEITURA MUNICIPAL DE BARBACENA;14.001;SEDEC;2.094;TRANSPORTE ESCOLAR PARA EDUCACAO DE JOVENS E ADULTOS;16;GESTÃO DA EDUCAÇÃO DE JOVENS E ADULTOS;12;Educação;365;Educação Infantil;189;3.3.90.39.00.00.00.00;OUTROS SERVIÇOS DE TERCEIROS - PESSOA JURÍDICA;1.553.000.0000;PNATE - TRANSFERÊNCIAS DE RECURSOS DO FNDE REFERENTES AO PROGRAMA NACIONAL DE APOIO AO TRANSPORTE ESCOLAR;0,00
PREFEITURA MUNICIPAL DE BARBACENA;14.001;SEDEC;2.094;TRANSPORTE ESCOLAR PARA EDUCACAO DE JOVENS E ADULTOS;16;GESTÃO DA EDUCAÇÃO DE JOVENS E ADULTOS;12;Educação;365;Educação Infantil;189;3.3.90.39.00.00.00.00;OUTROS SERVIÇOS DE TERCEIROS - PESSOA JURÍDICA;1.570.000.0000;TRANSFERÊNCIAS DO GOVERNO FEDERAL REFERENTES A CONVÊNIOS E INSTRUMENTOS CONGÊNERES VINCULADOS À EDUCAÇÃO;2.000,00
PREFEITURA MUNICIPAL DE BARBACENA;14.001;SEDEC;2.081;MANUTENÇÃO DA EDUCAÇÃO DE JOVENS E ADULTOS;16;GESTÃO DA EDUCAÇÃO DE JOVENS E ADULTOS;12;Educação;366;Educação de Jovens e Adultos;194;3.3.90.30.00.00.00.00;MATERIAL DE CONSUMO;1.500.000.0000;RECURSOS NÃO VINCULADOS DE IMPOSTOS;120,21
PREFEITURA MUNICIPAL DE BARBACENA;14.001;SEDEC;2.081;MANUTENÇÃO DA EDUCAÇÃO DE JOVENS E ADULTOS;16;GESTÃO DA EDUCAÇÃO DE JOVENS E ADULTOS;12;Educação;366;Educação de Jovens e Adultos;194;3.3.90.30.00.00.00.00;MATERIAL DE CONSUMO;1.500.000.1001;RECURSOS NÃO VINCULADOS DE IMPOSTOS (EDUCAÇÃO);34.028,99
PREFEITURA MUNICIPAL DE BARBACENA;14.001;SEDEC;2.081;MANUTENÇÃO DA EDUCAÇÃO DE JOVENS E ADULTOS;16;GESTÃO DA EDUCAÇÃO DE JOVENS E ADULTOS;12;Educação;366;Educação de Jovens e Adultos;194;3.3.90.30.00.00.00.00;MATERIAL DE CONSUMO;1.550.000.0000;QESE - TRANSFERÊNCIA DO SALÁRIO-EDUCAÇÃO;1.000,00
PREFEITURA MUNICIPAL DE BARBACENA;14.001;SEDEC;2.081;MANUTENÇÃO DA EDUCAÇÃO DE JOVENS E ADULTOS;16;GESTÃO DA EDUCAÇÃO DE JOVENS E ADULTOS;12;Educação;366;Educação de Jovens e Adultos;194;3.3.90.30.00.00.00.00;MATERIAL DE CONSUMO;1.552.000.0000;PNAE - TRANSFERÊNCIAS DE RECURSOS DO FNDE REFERENTES AO PROGRAMA NACIONAL DE ALIMENTAÇÃO ESCOLAR;8.210,29
PREFEITURA MUNICIPAL DE BARBACENA;14.001;SEDEC;2.081;MANUTENÇÃO DA EDUCAÇÃO DE JOVENS E ADULTOS;16;GESTÃO DA EDUCAÇÃO DE JOVENS E ADULTOS;12;Educação;366;Educação de Jovens e Adultos;194;3.3.90.30.00.00.00.00;MATERIAL DE CONSUMO;1.569.000.0000;OUTRAS TRANSFERÊNCIAS DE RECURSOS DO FNDE;35.000,00
PREFEITURA MUNICIPAL DE BARBACENA;14.001;SEDEC;2.081;MANUTENÇÃO DA EDUCAÇÃO DE JOVENS E ADULTOS;16;GESTÃO DA EDUCAÇÃO DE JOVENS E ADULTOS;12;Educação;366;Educação de Jovens e Adultos;194;3.3.90.30.00.00.00.00;MATERIAL DE CONSUMO;2.550.000.0000;QESE - TRANSFERÊNCIA DO SALÁRIO-EDUCAÇÃO;3.835,61
PREFEITURA MUNICIPAL DE BARBACENA;14.001;SEDEC;2.081;MANUTENÇÃO DA EDUCAÇÃO DE JOVENS E ADULTOS;16;GESTÃO DA EDUCAÇÃO DE JOVENS E ADULTOS;12;Educação;366;Educação de Jovens e Adultos;195;3.3.90.39.00.00.00.00;OUTROS SERVIÇOS DE TERCEIROS - PESSOA JURÍDICA;1.500.000.1001;RECURSOS NÃO VINCULADOS DE IMPOSTOS (EDUCAÇÃO);1.644,38
PREFEITURA MUNICIPAL DE BARBACENA;14.001;SEDEC;2.081;MANUTENÇÃO DA EDUCAÇÃO DE JOVENS E ADULTOS;16;GESTÃO DA EDUCAÇÃO DE JOVENS E ADULTOS;12;Educação;366;Educação de Jovens e Adultos;196;3.3.90.93.00.00.00.00;INDENIZAÇÕES E RESTITUIÇÕES;1.569.000.0000;OUTRAS TRANSFERÊNCIAS DE RECURSOS DO FNDE;12.000,00
PREFEITURA MUNICIPAL DE BARBACENA;14.001;SEDEC;2.081;MANUTENÇÃO DA EDUCAÇÃO DE JOVENS E ADULTOS;16;GESTÃO DA EDUCAÇÃO DE JOVENS E ADULTOS;12;Educação;366;Educação de Jovens e Adultos;197;4.4.90.52.00.00.00.00;EQUIPAMENTOS E MATERIAL PERMANENTE;1.500.000.1001;RECURSOS NÃO VINCULADOS DE IMPOSTOS (EDUCAÇÃO);7.676,69
PREFEITURA MUNICIPAL DE BARBACENA;14.001;SEDEC;2.083;PESSOAL E ENCARGOS SOCIAIS DA EDUCACAO DE JOVENS E ADULTOS;16;GESTÃO DA EDUCAÇÃO DE JOVENS E ADULTOS;12;Educação;366;Educação de Jovens e Adultos;198;3.1.90.04.00.00.00.00;CONTRATAÇÃO POR TEMPO DETERMINADO;1.500.000.1001;RECURSOS NÃO VINCULADOS DE IMPOSTOS (EDUCAÇÃO);6.798,49
PREFEITURA MUNICIPAL DE BARBACENA;14.001;SEDEC;2.083;PESSOAL E ENCARGOS SOCIAIS DA EDUCACAO DE JOVENS E ADULTOS;16;GESTÃO DA EDUCAÇÃO DE JOVENS E ADULTOS;12;Educação;366;Educação de Jovens e Adultos;198;3.1.90.04.00.00.00.00;CONTRATAÇÃO POR TEMPO DETERMINADO;1.569.000.0000;OUTRAS TRANSFERÊNCIAS DE RECURSOS DO FNDE;50.000,00
PREFEITURA MUNICIPAL DE BARBACENA;14.001;SEDEC;2.083;PESSOAL E ENCARGOS SOCIAIS DA EDUCACAO DE JOVENS E ADULTOS;16;GESTÃO DA EDUCAÇÃO DE JOVENS E ADULTOS;12;Educação;366;Educação de Jovens e Adultos;199;3.1.90.11.00.00.00.00;VENCIMENTOS E VANTAGENS FIXAS - PESSOAL CIVIL;1.500.000.1001;RECURSOS NÃO VINCULADOS DE IMPOSTOS (EDUCAÇÃO);52.258,87
PREFEITURA MUNICIPAL DE BARBACENA;14.001;SEDEC;2.083;PESSOAL E ENCARGOS SOCIAIS DA EDUCACAO DE JOVENS E ADULTOS;16;GESTÃO DA EDUCAÇÃO DE JOVENS E ADULTOS;12;Educação;366;Educação de Jovens e Adultos;200;3.1.91.13.00.00.00.00;OBRIGAÇÕES PATRONAIS;1.500.000.1001;RECURSOS NÃO VINCULADOS DE IMPOSTOS (EDUCAÇÃO);15.279,86
PREFEITURA MUNICIPAL DE BARBACENA;14.001;SEDEC;2.083;PESSOAL E ENCARGOS SOCIAIS DA EDUCACAO DE JOVENS E ADULTOS;16;GESTÃO DA EDUCAÇÃO DE JOVENS E ADULTOS;12;Educação;366;Educação de Jovens e Adultos;201;3.3.90.46.00.00.00.00;AUXÍLIO-ALIMENTAÇÃO;1.500.000.1001;RECURSOS NÃO VINCULADOS DE IMPOSTOS (EDUCAÇÃO);5.250,00
PREFEITURA MUNICIPAL DE BARBACENA;14.001;SEDEC;2.476;INSTITUIR, REGULAMENTAR E IMPLEMENTAR PROGRAMA SAÚDE MENSTRUAL NA ESCOLAS PÚBLICAS;36;EDUCAÇÃO PARA A VIDA;12;Educação;122;Administração Geral;123;3.3.90.30.00.00.00.00;MATERIAL DE CONSUMO;1.500.000.1001;RECURSOS NÃO VINCULADOS DE IMPOSTOS (EDUCAÇÃO);50.000,00
PREFEITURA MUNICIPAL DE BARBACENA;14.001;SEDEC;2.084;FORMACAO CONTINUADA DE PROFISSIONAIS E GESTORES DA EDUCACAO BÁSICA;37;EDUCAÇÃO PARA TODOS;12;Educação;122;Administração Geral;121;3.3.90.39.00.00.00.00;OUTROS SERVIÇOS DE TERCEIROS - PESSOA JURÍDICA;1.500.000.1001;RECURSOS NÃO VINCULADOS DE IMPOSTOS (EDUCAÇÃO);0,00
PREFEITURA MUNICIPAL DE BARBACENA;14.001;SEDEC;2.334;ATUALIZAR O PLANO DE CARREIRA PARA PROFISSIONAIS DA EDUCAÇÃO;37;EDUCAÇÃO PARA TODOS;12;Educação;122;Administração Geral;117;3.3.90.30.00.00.00.00;MATERIAL DE CONSUMO;1.500.000.1001;RECURSOS NÃO VINCULADOS DE IMPOSTOS (EDUCAÇÃO);2.000,00
PREFEITURA MUNICIPAL DE BARBACENA;14.001;SEDEC;2.334;ATUALIZAR O PLANO DE CARREIRA PARA PROFISSIONAIS DA EDUCAÇÃO;37;EDUCAÇÃO PARA TODOS;12;Educação;122;Administração Geral;118;3.3.90.39.00.00.00.00;OUTROS SERVIÇOS DE TERCEIROS - PESSOA JURÍDICA;1.500.000.1001;RECURSOS NÃO VINCULADOS DE IMPOSTOS (EDUCAÇÃO);1.000,00
PREFEITURA MUNICIPAL DE BARBACENA;14.001;SEDEC;2.722;IMPLANTAÇÃO E MANUTENÇÃO  DA INCLUSÃO DIGITAL NAS ESCOLAS MUNICIPAIS;37;EDUCAÇÃO PARA TODOS;12;Educação;122;Administração Geral;119;3.3.90.30.00.00.00.00;MATERIAL DE CONSUMO;1.500.000.1001;RECURSOS NÃO VINCULADOS DE IMPOSTOS (EDUCAÇÃO);0,00
PREFEITURA MUNICIPAL DE BARBACENA;14.001;SEDEC;2.722;IMPLANTAÇÃO E MANUTENÇÃO  DA INCLUSÃO DIGITAL NAS ESCOLAS MUNICIPAIS;37;EDUCAÇÃO PARA TODOS;12;Educação;122;Administração Geral;120;4.4.90.52.00.00.00.00;EQUIPAMENTOS E MATERIAL PERMANENTE;1.500.000.1001;RECURSOS NÃO VINCULADOS DE IMPOSTOS (EDUCAÇÃO);0,00
PREFEITURA MUNICIPAL DE BARBACENA;14.001;SEDEC;2.724;IMPLEMENTAÇÃO E EXTENSÃO DO PROJETO MAÕZINHAS NA TERRA;37;EDUCAÇÃO PARA TODOS;12;Educação;122;Administração Geral;214;3.3.90.30.00.00.00.00;MATERIAL DE CONSUMO;1.500.000.1001;RECURSOS NÃO VINCULADOS DE IMPOSTOS (EDUCAÇÃO);0,00
PREFEITURA MUNICIPAL DE BARBACENA;14.001;SEDEC;2.723;CAPACITAÇÃO DOS CONSELHEIROS MUNICIPAIS DA EDUCAÇÃO;37;EDUCAÇÃO PARA TODOS;12;Educação;128;Formação de Recursos Humanos;122;3.3.90.39.00.00.00.00;OUTROS SERVIÇOS DE TERCEIROS - PESSOA JURÍDICA;1.500.000.1001;RECURSOS NÃO VINCULADOS DE IMPOSTOS (EDUCAÇÃO);0,00
PREFEITURA MUNICIPAL DE BARBACENA;14.001;SEDEC;1.101;AQUISIÇÃO DE MATERIAIS PEDAGÓGICOS PARA O ENSINO FUNDAMENTAL;37;EDUCAÇÃO PARA TODOS;12;Educação;361;Ensino Fundamental;147;4.4.90.52.00.00.00.00;EQUIPAMENTOS E MATERIAL PERMANENTE;1.569.000.0000;OUTRAS TRANSFERÊNCIAS DE RECURSOS DO FNDE;15.000,00
PREFEITURA MUNICIPAL DE BARBACENA;14.001;SEDEC;1.101;AQUISIÇÃO DE MATERIAIS PEDAGÓGICOS PARA O ENSINO FUNDAMENTAL;37;EDUCAÇÃO PARA TODOS;12;Educação;361;Ensino Fundamental;984;3.3.90.30.00.00.00.00;MATERIAL DE CONSUMO;1.500.000.1001;RECURSOS NÃO VINCULADOS DE IMPOSTOS (EDUCAÇÃO);0,02
PREFEITURA MUNICIPAL DE BARBACENA;14.001;SEDEC;1.101;AQUISIÇÃO DE MATERIAIS PEDAGÓGICOS PARA O ENSINO FUNDAMENTAL;37;EDUCAÇÃO PARA TODOS;12;Educação;361;Ensino Fundamental;984;3.3.90.30.00.00.00.00;MATERIAL DE CONSUMO;2.500.000.1001;RECURSOS NÃO VINCULADOS DE IMPOSTOS (EDUCAÇÃO);0,01
PREFEITURA MUNICIPAL DE BARBACENA;14.001;SEDEC;1.101;AQUISIÇÃO DE MATERIAIS PEDAGÓGICOS PARA O ENSINO FUNDAMENTAL;37;EDUCAÇÃO PARA TODOS;12;Educação;361;Ensino Fundamental;984;3.3.90.30.00.00.00.00;MATERIAL DE CONSUMO;2.550.000.0000;QESE - TRANSFERÊNCIA DO SALÁRIO-EDUCAÇÃO;0,01
PREFEITURA MUNICIPAL DE BARBACENA;14.001;SEDEC;1.149;CONSTRUÇAO, REFORMA E AMPLIAÇAO DE UNIDADES DE ENSINO DO ENSINO FUNDAMENTAL;37;EDUCAÇÃO PARA TODOS;12;Educação;361;Ensino Fundamental;148;4.4.90.51.00.00.00.00;OBRAS E INSTALAÇÕES;1.500.000.1001;RECURSOS NÃO VINCULADOS DE IMPOSTOS (EDUCAÇÃO);1.769.458,05
PREFEITURA MUNICIPAL DE BARBACENA;14.001;SEDEC;1.149;CONSTRUÇAO, REFORMA E AMPLIAÇAO DE UNIDADES DE ENSINO DO ENSINO FUNDAMENTAL;37;EDUCAÇÃO PARA TODOS;12;Educação;361;Ensino Fundamental;148;4.4.90.51.00.00.00.00;OBRAS E INSTALAÇÕES;1.550.000.0000;QESE - TRANSFERÊNCIA DO SALÁRIO-EDUCAÇÃO;486.400,36
PREFEITURA MUNICIPAL DE BARBACENA;14.001;SEDEC;1.149;CONSTRUÇAO, REFORMA E AMPLIAÇAO DE UNIDADES DE ENSINO DO ENSINO FUNDAMENTAL;37;EDUCAÇÃO PARA TODOS;12;Educação;361;Ensino Fundamental;148;4.4.90.51.00.00.00.00;OBRAS E INSTALAÇÕES;1.569.000.0000;OUTRAS TRANSFERÊNCIAS DE RECURSOS DO FNDE;180.000,00
PREFEITURA MUNICIPAL DE BARBACENA;14.001;SEDEC;1.149;CONSTRUÇAO, REFORMA E AMPLIAÇAO DE UNIDADES DE ENSINO DO ENSINO FUNDAMENTAL;37;EDUCAÇÃO PARA TODOS;12;Educação;361;Ensino Fundamental;148;4.4.90.51.00.00.00.00;OBRAS E INSTALAÇÕES;1.570.000.0000;TRANSFERÊNCIAS DO GOVERNO FEDERAL REFERENTES A CONVÊNIOS E INSTRUMENTOS CONGÊNERES VINCULADOS À EDUCAÇÃO;50.000,00
PREFEITURA MUNICIPAL DE BARBACENA;14.001;SEDEC;1.149;CONSTRUÇAO, REFORMA E AMPLIAÇAO DE UNIDADES DE ENSINO DO ENSINO FUNDAMENTAL;37;EDUCAÇÃO PARA TODOS;12;Educação;361;Ensino Fundamental;148;4.4.90.51.00.00.00.00;OBRAS E INSTALAÇÕES;1.576.000.0000;TRANSFERÊNCIAS DE RECURSOS DOS ESTADOS PARA PROGRAMAS DE EDUCAÇÃO;18.588,28
PREFEITURA MUNICIPAL DE BARBACENA;14.001;SEDEC;1.149;CONSTRUÇAO, REFORMA E AMPLIAÇAO DE UNIDADES DE ENSINO DO ENSINO FUNDAMENTAL;37;EDUCAÇÃO PARA TODOS;12;Educação;361;Ensino Fundamental;148;4.4.90.51.00.00.00.00;OBRAS E INSTALAÇÕES;2.500.000.1001;RECURSOS NÃO VINCULADOS DE IMPOSTOS (EDUCAÇÃO);0,02
PREFEITURA MUNICIPAL DE BARBACENA;14.001;SEDEC;1.149;CONSTRUÇAO, REFORMA E AMPLIAÇAO DE UNIDADES DE ENSINO DO ENSINO FUNDAMENTAL;37;EDUCAÇÃO PARA TODOS;12;Educação;361;Ensino Fundamental;148;4.4.90.51.00.00.00.00;OBRAS E INSTALAÇÕES;2.550.000.0000;QESE - TRANSFERÊNCIA DO SALÁRIO-EDUCAÇÃO;279.907,65
PREFEITURA MUNICIPAL DE BARBACENA;14.001;SEDEC;1.149;CONSTRUÇAO, REFORMA E AMPLIAÇAO DE UNIDADES DE ENSINO DO ENSINO FUNDAMENTAL;37;EDUCAÇÃO PARA TODOS;12;Educação;361;Ensino Fundamental;149;4.4.90.61.00.00.00.00;AQUISIÇÃO DE IMÓVEIS;1.500.000.1001;RECURSOS NÃO VINCULADOS DE IMPOSTOS (EDUCAÇÃO);1.000,00
PREFEITURA MUNICIPAL DE BARBACENA;14.001;SEDEC;2.205;PARCERIAS E CONVENIOS PARA O DESENVOLVIMENTO E A MELHORIA DA EDUCAÇAO;37;EDUCAÇÃO PARA TODOS;12;Educação;361;Ensino Fundamental;150;3.3.50.41.00.00.00.00;CONTRIBUIÇÕES;1.500.000.0000;RECURSOS NÃO VINCULADOS DE IMPOSTOS;0,01
PREFEITURA MUNICIPAL DE BARBACENA;14.001;SEDEC;2.205;PARCERIAS E CONVENIOS PARA O DESENVOLVIMENTO E A MELHORIA DA EDUCAÇAO;37;EDUCAÇÃO PARA TODOS;12;Educação;361;Ensino Fundamental;150;3.3.50.41.00.00.00.00;CONTRIBUIÇÕES;1.500.000.1001;RECURSOS NÃO VINCULADOS DE IMPOSTOS (EDUCAÇÃO);5.073,00
PREFEITURA MUNICIPAL DE BARBACENA;14.001;SEDEC;2.205;PARCERIAS E CONVENIOS PARA O DESENVOLVIMENTO E A MELHORIA DA EDUCAÇAO;37;EDUCAÇÃO PARA TODOS;12;Educação;361;Ensino Fundamental;150;3.3.50.41.00.00.00.00;CONTRIBUIÇÕES;1.501.000.0000;OUTROS RECURSOS NÃO VINCULADOS;0,01
PREFEITURA MUNICIPAL DE BARBACENA;14.001;SEDEC;2.205;PARCERIAS E CONVENIOS PARA O DESENVOLVIMENTO E A MELHORIA DA EDUCAÇAO;37;EDUCAÇÃO PARA TODOS;12;Educação;361;Ensino Fundamental;150;3.3.50.41.00.00.00.00;CONTRIBUIÇÕES;1.551.000.0000;TRANSFERÊNCIAS DE RECURSOS DO FNDE REFERENTES AO PROGRAMA DINHEIRO DIRETO NA ESCOLA (PDDE);47.228,19
PREFEITURA MUNICIPAL DE BARBACENA;14.001;SEDEC;2.205;PARCERIAS E CONVENIOS PARA O DESENVOLVIMENTO E A MELHORIA DA EDUCAÇAO;37;EDUCAÇÃO PARA TODOS;12;Educação;361;Ensino Fundamental;150;3.3.50.41.00.00.00.00;CONTRIBUIÇÕES;2.500.000.0000;RECURSOS NÃO VINCULADOS DE IMPOSTOS;150.000,00
PREFEITURA MUNICIPAL DE BARBACENA;14.001;SEDEC;2.205;PARCERIAS E CONVENIOS PARA O DESENVOLVIMENTO E A MELHORIA DA EDUCAÇAO;37;EDUCAÇÃO PARA TODOS;12;Educação;361;Ensino Fundamental;151;3.3.70.41.00.00.00.00;CONTRIBUIÇÕES;1.500.000.1001;RECURSOS NÃO VINCULADOS DE IMPOSTOS (EDUCAÇÃO);2.000,00
PREFEITURA MUNICIPAL DE BARBACENA;14.001;SEDEC;2.205;PARCERIAS E CONVENIOS PARA O DESENVOLVIMENTO E A MELHORIA DA EDUCAÇAO;37;EDUCAÇÃO PARA TODOS;12;Educação;361;Ensino Fundamental;152;4.4.90.52.00.00.00.00;EQUIPAMENTOS E MATERIAL PERMANENTE;1.500.000.1001;RECURSOS NÃO VINCULADOS DE IMPOSTOS (EDUCAÇÃO);1.000,00
PREFEITURA MUNICIPAL DE BARBACENA;14.001;SEDEC;2.205;PARCERIAS E CONVENIOS PARA O DESENVOLVIMENTO E A MELHORIA DA EDUCAÇAO;37;EDUCAÇÃO PARA TODOS;12;Educação;361;Ensino Fundamental;916;3.3.90.39.00.00.00.00;OUTROS SERVIÇOS DE TERCEIROS - PESSOA JURÍDICA;1.500.000.0000;RECURSOS NÃO VINCULADOS DE IMPOSTOS;0,01
PREFEITURA MUNICIPAL DE BARBACENA;14.001;SEDEC;2.205;PARCERIAS E CONVENIOS PARA O DESENVOLVIMENTO E A MELHORIA DA EDUCAÇAO;37;EDUCAÇÃO PARA TODOS;12;Educação;361;Ensino Fundamental;917;3.3.90.36.00.00.00.00;OUTROS SERVIÇOS DE TERCEIROS - PESSOA FÍSICA;1.500.000.0000;RECURSOS NÃO VINCULADOS DE IMPOSTOS;0,01
PREFEITURA MUNICIPAL DE BARBACENA;14.001;SEDEC;2.205;PARCERIAS E CONVENIOS PARA O DESENVOLVIMENTO E A MELHORIA DA EDUCAÇAO;37;EDUCAÇÃO PARA TODOS;12;Educação;361;Ensino Fundamental;927;3.3.90.47.00.00.00.00;OBRIGAÇÕES TRIBUTÁRIAS E CONTRIBUTIVAS;1.500.000.0000;RECURSOS NÃO VINCULADOS DE IMPOSTOS;2.953,60
PREFEITURA MUNICIPAL DE BARBACENA;14.001;SEDEC;2.725;IMPLEMENTAÇÃO E MANUTENÇÃO DO PROGRAMA PENSANDO NO FUTURO;37;EDUCAÇÃO PARA TODOS;12;Educação;361;Ensino Fundamental;153;3.3.90.30.00.00.00.00;MATERIAL DE CONSUMO;1.500.000.1001;RECURSOS NÃO VINCULADOS DE IMPOSTOS (EDUCAÇÃO);0,00
PREFEITURA MUNICIPAL DE BARBACENA;14.001;SEDEC;2.725;IMPLEMENTAÇÃO E MANUTENÇÃO DO PROGRAMA PENSANDO NO FUTURO;37;EDUCAÇÃO PARA TODOS;12;Educação;361;Ensino Fundamental;154;3.3.90.39.00.00.00.00;OUTROS SERVIÇOS DE TERCEIROS - PESSOA JURÍDICA;1.500.000.1001;RECURSOS NÃO VINCULADOS DE IMPOSTOS (EDUCAÇÃO);0,00
PREFEITURA MUNICIPAL DE BARBACENA;14.001;SEDEC;2.093;TRANSPORTE ESCOLAR PARA O ENSINO MÉDIO;37;EDUCAÇÃO PARA TODOS;12;Educação;362;Ensino Médio;155;3.3.90.36.00.00.00.00;OUTROS SERVIÇOS DE TERCEIROS - PESSOA FÍSICA;1.500.000.0000;RECURSOS NÃO VINCULADOS DE IMPOSTOS;67.231,93
PREFEITURA MUNICIPAL DE BARBACENA;14.001;SEDEC;2.093;TRANSPORTE ESCOLAR PARA O ENSINO MÉDIO;37;EDUCAÇÃO PARA TODOS;12;Educação;362;Ensino Médio;155;3.3.90.36.00.00.00.00;OUTROS SERVIÇOS DE TERCEIROS - PESSOA FÍSICA;1.576.001.0000;PTE- TRANSFERÊNCIAS DE RECURSOS DOS ESTADOS PARA PROGRAMAS DE EDUCAÇÃO (TRANSFERÊNCIAS DE RECURSOS PARA O PROGRAMA ESTADUAL DE TRANSPORTE ESCOLAR);25.571,09
PREFEITURA MUNICIPAL DE BARBACENA;14.001;SEDEC;2.093;TRANSPORTE ESCOLAR PARA O ENSINO MÉDIO;37;EDUCAÇÃO PARA TODOS;12;Educação;362;Ensino Médio;156;3.3.90.39.00.00.00.00;OUTROS SERVIÇOS DE TERCEIROS - PESSOA JURÍDICA;1.500.000.0000;RECURSOS NÃO VINCULADOS DE IMPOSTOS;135.023,29
PREFEITURA MUNICIPAL DE BARBACENA;14.001;SEDEC;2.093;TRANSPORTE ESCOLAR PARA O ENSINO MÉDIO;37;EDUCAÇÃO PARA TODOS;12;Educação;362;Ensino Médio;156;3.3.90.39.00.00.00.00;OUTROS SERVIÇOS DE TERCEIROS - PESSOA JURÍDICA;1.576.001.0000;PTE- TRANSFERÊNCIAS DE RECURSOS DOS ESTADOS PARA PROGRAMAS DE EDUCAÇÃO (TRANSFERÊNCIAS DE RECURSOS PARA O PROGRAMA ESTADUAL DE TRANSPORTE ESCOLAR);254.530,32
PREFEITURA MUNICIPAL DE BARBACENA;14.001;SEDEC;2.093;TRANSPORTE ESCOLAR PARA O ENSINO MÉDIO;37;EDUCAÇÃO PARA TODOS;12;Educação;362;Ensino Médio;157;3.3.90.47.00.00.00.00;OBRIGAÇÕES TRIBUTÁRIAS E CONTRIBUTIVAS;1.500.000.0000;RECURSOS NÃO VINCULADOS DE IMPOSTOS;590,82
PREFEITURA MUNICIPAL DE BARBACENA;14.001;SEDEC;1.040;CONSTRUCAO, REFORMA E AMPLIACAO DE UNIDADES DA EDUCACAO INFANTIL;37;EDUCAÇÃO PARA TODOS;12;Educação;365;Educação Infantil;190;4.4.90.51.00.00.00.00;OBRAS E INSTALAÇÕES;1.500.000.1001;RECURSOS NÃO VINCULADOS DE IMPOSTOS (EDUCAÇÃO);217.872,21
PREFEITURA MUNICIPAL DE BARBACENA;14.001;SEDEC;1.040;CONSTRUCAO, REFORMA E AMPLIACAO DE UNIDADES DA EDUCACAO INFANTIL;37;EDUCAÇÃO PARA TODOS;12;Educação;365;Educação Infantil;190;4.4.90.51.00.00.00.00;OBRAS E INSTALAÇÕES;1.550.000.0000;QESE - TRANSFERÊNCIA DO SALÁRIO-EDUCAÇÃO;0,01
PREFEITURA MUNICIPAL DE BARBACENA;14.001;SEDEC;1.040;CONSTRUCAO, REFORMA E AMPLIACAO DE UNIDADES DA EDUCACAO INFANTIL;37;EDUCAÇÃO PARA TODOS;12;Educação;365;Educação Infantil;190;4.4.90.51.00.00.00.00;OBRAS E INSTALAÇÕES;1.569.000.0000;OUTRAS TRANSFERÊNCIAS DE RECURSOS DO FNDE;125.000,00
PREFEITURA MUNICIPAL DE BARBACENA;14.001;SEDEC;1.040;CONSTRUCAO, REFORMA E AMPLIACAO DE UNIDADES DA EDUCACAO INFANTIL;37;EDUCAÇÃO PARA TODOS;12;Educação;365;Educação Infantil;190;4.4.90.51.00.00.00.00;OBRAS E INSTALAÇÕES;1.570.000.0000;TRANSFERÊNCIAS DO GOVERNO FEDERAL REFERENTES A CONVÊNIOS E INSTRUMENTOS CONGÊNERES VINCULADOS À EDUCAÇÃO;110.000,00
PREFEITURA MUNICIPAL DE BARBACENA;14.001;SEDEC;1.040;CONSTRUCAO, REFORMA E AMPLIACAO DE UNIDADES DA EDUCACAO INFANTIL;37;EDUCAÇÃO PARA TODOS;12;Educação;365;Educação Infantil;190;4.4.90.51.00.00.00.00;OBRAS E INSTALAÇÕES;2.500.000.1001;RECURSOS NÃO VINCULADOS DE IMPOSTOS (EDUCAÇÃO);0,01
PREFEITURA MUNICIPAL DE BARBACENA;14.001;SEDEC;1.040;CONSTRUCAO, REFORMA E AMPLIACAO DE UNIDADES DA EDUCACAO INFANTIL;37;EDUCAÇÃO PARA TODOS;12;Educação;365;Educação Infantil;190;4.4.90.51.00.00.00.00;OBRAS E INSTALAÇÕES;2.550.000.0000;QESE - TRANSFERÊNCIA DO SALÁRIO-EDUCAÇÃO;0,01
PREFEITURA MUNICIPAL DE BARBACENA;14.001;SEDEC;1.100;AQUISIÇÃO DE MATERIAIS PEDAGÓGICOS PARA A EDUCAÇÃO INFANTIL;37;EDUCAÇÃO PARA TODOS;12;Educação;365;Educação Infantil;191;3.3.90.30.00.00.00.00;MATERIAL DE CONSUMO;1.569.000.0000;OUTRAS TRANSFERÊNCIAS DE RECURSOS DO FNDE;13.000,00
PREFEITURA MUNICIPAL DE BARBACENA;14.001;SEDEC;1.100;AQUISIÇÃO DE MATERIAIS PEDAGÓGICOS PARA A EDUCAÇÃO INFANTIL;37;EDUCAÇÃO PARA TODOS;12;Educação;365;Educação Infantil;192;3.3.90.93.00.00.00.00;INDENIZAÇÕES E RESTITUIÇÕES;1.569.000.0000;OUTRAS TRANSFERÊNCIAS DE RECURSOS DO FNDE;1.000,00
PREFEITURA MUNICIPAL DE BARBACENA;14.001;SEDEC;1.100;AQUISIÇÃO DE MATERIAIS PEDAGÓGICOS PARA A EDUCAÇÃO INFANTIL;37;EDUCAÇÃO PARA TODOS;12;Educação;365;Educação Infantil;193;4.4.90.52.00.00.00.00;EQUIPAMENTOS E MATERIAL PERMANENTE;1.569.000.0000;OUTRAS TRANSFERÊNCIAS DE RECURSOS DO FNDE;10.000,00
PREFEITURA MUNICIPAL DE BARBACENA;14.001;SEDEC;2.221;MANUTENÇÃO DO ATENDIMENTO EDUCACIONAL ESPECIALIZADO;38;GESTÃO DA EDUCAÇÃO ESPECIAL;12;Educação;367;Educação Especial;202;3.3.50.43.00.00.00.00;SUBVENÇÕES SOCIAIS;1.500.000.1001;RECURSOS NÃO VINCULADOS DE IMPOSTOS (EDUCAÇÃO);0,00
PREFEITURA MUNICIPAL DE BARBACENA;14.001;SEDEC;2.221;MANUTENÇÃO DO ATENDIMENTO EDUCACIONAL ESPECIALIZADO;38;GESTÃO DA EDUCAÇÃO ESPECIAL;12;Educação;367;Educação Especial;202;3.3.50.43.00.00.00.00;SUBVENÇÕES SOCIAIS;1.550.000.0000;QESE - TRANSFERÊNCIA DO SALÁRIO-EDUCAÇÃO;3.000,00
PREFEITURA MUNICIPAL DE BARBACENA;14.001;SEDEC;2.221;MANUTENÇÃO DO ATENDIMENTO EDUCACIONAL ESPECIALIZADO;38;GESTÃO DA EDUCAÇÃO ESPECIAL;12;Educação;367;Educação Especial;203;3.3.90.30.00.00.00.00;MATERIAL DE CONSUMO;1.500.000.0000;RECURSOS NÃO VINCULADOS DE IMPOSTOS;12.793,87
PREFEITURA MUNICIPAL DE BARBACENA;14.001;SEDEC;2.221;MANUTENÇÃO DO ATENDIMENTO EDUCACIONAL ESPECIALIZADO;38;GESTÃO DA EDUCAÇÃO ESPECIAL;12;Educação;367;Educação Especial;203;3.3.90.30.00.00.00.00;MATERIAL DE CONSUMO;1.500.000.1001;RECURSOS NÃO VINCULADOS DE IMPOSTOS (EDUCAÇÃO);41.224,91
PREFEITURA MUNICIPAL DE BARBACENA;14.001;SEDEC;2.221;MANUTENÇÃO DO ATENDIMENTO EDUCACIONAL ESPECIALIZADO;38;GESTÃO DA EDUCAÇÃO ESPECIAL;12;Educação;367;Educação Especial;203;3.3.90.30.00.00.00.00;MATERIAL DE CONSUMO;1.550.000.0000;QESE - TRANSFERÊNCIA DO SALÁRIO-EDUCAÇÃO;1.000,00
PREFEITURA MUNICIPAL DE BARBACENA;14.001;SEDEC;2.221;MANUTENÇÃO DO ATENDIMENTO EDUCACIONAL ESPECIALIZADO;38;GESTÃO DA EDUCAÇÃO ESPECIAL;12;Educação;367;Educação Especial;203;3.3.90.30.00.00.00.00;MATERIAL DE CONSUMO;1.552.000.0000;PNAE - TRANSFERÊNCIAS DE RECURSOS DO FNDE REFERENTES AO PROGRAMA NACIONAL DE ALIMENTAÇÃO ESCOLAR;37.494,14
PREFEITURA MUNICIPAL DE BARBACENA;14.001;SEDEC;2.221;MANUTENÇÃO DO ATENDIMENTO EDUCACIONAL ESPECIALIZADO;38;GESTÃO DA EDUCAÇÃO ESPECIAL;12;Educação;367;Educação Especial;203;3.3.90.30.00.00.00.00;MATERIAL DE CONSUMO;1.553.000.0000;PNATE - TRANSFERÊNCIAS DE RECURSOS DO FNDE REFERENTES AO PROGRAMA NACIONAL DE APOIO AO TRANSPORTE ESCOLAR;0,01
PREFEITURA MUNICIPAL DE BARBACENA;14.001;SEDEC;2.221;MANUTENÇÃO DO ATENDIMENTO EDUCACIONAL ESPECIALIZADO;38;GESTÃO DA EDUCAÇÃO ESPECIAL;12;Educação;367;Educação Especial;203;3.3.90.30.00.00.00.00;MATERIAL DE CONSUMO;1.576.001.0000;PTE- TRANSFERÊNCIAS DE RECURSOS DOS ESTADOS PARA PROGRAMAS DE EDUCAÇÃO (TRANSFERÊNCIAS DE RECURSOS PARA O PROGRAMA ESTADUAL DE TRANSPORTE ESCOLAR);0,01
PREFEITURA MUNICIPAL DE BARBACENA;14.001;SEDEC;2.221;MANUTENÇÃO DO ATENDIMENTO EDUCACIONAL ESPECIALIZADO;38;GESTÃO DA EDUCAÇÃO ESPECIAL;12;Educação;367;Educação Especial;203;3.3.90.30.00.00.00.00;MATERIAL DE CONSUMO;2.550.000.0000;QESE - TRANSFERÊNCIA DO SALÁRIO-EDUCAÇÃO;0,01
PREFEITURA MUNICIPAL DE BARBACENA;14.001;SEDEC;2.221;MANUTENÇÃO DO ATENDIMENTO EDUCACIONAL ESPECIALIZADO;38;GESTÃO DA EDUCAÇÃO ESPECIAL;12;Educação;367;Educação Especial;204;3.3.90.36.00.00.00.00;OUTROS SERVIÇOS DE TERCEIROS - PESSOA FÍSICA;1.500.000.1001;RECURSOS NÃO VINCULADOS DE IMPOSTOS (EDUCAÇÃO);1.000,00
PREFEITURA MUNICIPAL DE BARBACENA;14.001;SEDEC;2.221;MANUTENÇÃO DO ATENDIMENTO EDUCACIONAL ESPECIALIZADO;38;GESTÃO DA EDUCAÇÃO ESPECIAL;12;Educação;367;Educação Especial;205;3.3.90.39.00.00.00.00;OUTROS SERVIÇOS DE TERCEIROS - PESSOA JURÍDICA;1.500.000.1001;RECURSOS NÃO VINCULADOS DE IMPOSTOS (EDUCAÇÃO);0,00
PREFEITURA MUNICIPAL DE BARBACENA;14.001;SEDEC;2.221;MANUTENÇÃO DO ATENDIMENTO EDUCACIONAL ESPECIALIZADO;38;GESTÃO DA EDUCAÇÃO ESPECIAL;12;Educação;367;Educação Especial;205;3.3.90.39.00.00.00.00;OUTROS SERVIÇOS DE TERCEIROS - PESSOA JURÍDICA;1.576.001.0000;PTE- TRANSFERÊNCIAS DE RECURSOS DOS ESTADOS PARA PROGRAMAS DE EDUCAÇÃO (TRANSFERÊNCIAS DE RECURSOS PARA O PROGRAMA ESTADUAL DE TRANSPORTE ESCOLAR);35.930,60
PREFEITURA MUNICIPAL DE BARBACENA;14.001;SEDEC;2.221;MANUTENÇÃO DO ATENDIMENTO EDUCACIONAL ESPECIALIZADO;38;GESTÃO DA EDUCAÇÃO ESPECIAL;12;Educação;367;Educação Especial;206;4.4.90.52.00.00.00.00;EQUIPAMENTOS E MATERIAL PERMANENTE;1.500.000.0000;RECURSOS NÃO VINCULADOS DE IMPOSTOS;1.000,00
PREFEITURA MUNICIPAL DE BARBACENA;14.001;SEDEC;2.221;MANUTENÇÃO DO ATENDIMENTO EDUCACIONAL ESPECIALIZADO;38;GESTÃO DA EDUCAÇÃO ESPECIAL;12;Educação;367;Educação Especial;206;4.4.90.52.00.00.00.00;EQUIPAMENTOS E MATERIAL PERMANENTE;1.500.000.1001;RECURSOS NÃO VINCULADOS DE IMPOSTOS (EDUCAÇÃO);0,00
PREFEITURA MUNICIPAL DE BARBACENA;14.001;SEDEC;2.222;PESSOAL E ENCARGOS SOCIAIS DO ATENDIMENTO EDUCACIONAL ESPECIALIZADO;38;GESTÃO DA EDUCAÇÃO ESPECIAL;12;Educação;367;Educação Especial;207;3.1.90.04.00.00.00.00;CONTRATAÇÃO POR TEMPO DETERMINADO;1.500.000.1001;RECURSOS NÃO VINCULADOS DE IMPOSTOS (EDUCAÇÃO);2.584.723,30
PREFEITURA MUNICIPAL DE BARBACENA;14.001;SEDEC;2.222;PESSOAL E ENCARGOS SOCIAIS DO ATENDIMENTO EDUCACIONAL ESPECIALIZADO;38;GESTÃO DA EDUCAÇÃO ESPECIAL;12;Educação;367;Educação Especial;207;3.1.90.04.00.00.00.00;CONTRATAÇÃO POR TEMPO DETERMINADO;1.540.000.0000;TRANSFERÊNCIAS DO FUNDEB - IMPOSTOS E TRANSFERÊNCIAS DE IMPOSTOS (30%);2.374.532,53
PREFEITURA MUNICIPAL DE BARBACENA;14.001;SEDEC;2.222;PESSOAL E ENCARGOS SOCIAIS DO ATENDIMENTO EDUCACIONAL ESPECIALIZADO;38;GESTÃO DA EDUCAÇÃO ESPECIAL;12;Educação;367;Educação Especial;207;3.1.90.04.00.00.00.00;CONTRATAÇÃO POR TEMPO DETERMINADO;1.540.000.1070;TRANSFERÊNCIAS DO FUNDEB - IMPOSTOS E TRANSFERÊNCIAS DE IMPOSTOS (70% -PAGTO DA REMUNERAÇÃO DOS PROFISSIONAIS DA EDUCAÇÃO BÁSICA EM EFETIVO EXERCÍCIO);1.278.936,49
PREFEITURA MUNICIPAL DE BARBACENA;14.001;SEDEC;2.222;PESSOAL E ENCARGOS SOCIAIS DO ATENDIMENTO EDUCACIONAL ESPECIALIZADO;38;GESTÃO DA EDUCAÇÃO ESPECIAL;12;Educação;367;Educação Especial;208;3.1.90.11.00.00.00.00;VENCIMENTOS E VANTAGENS FIXAS - PESSOAL CIVIL;1.500.000.1001;RECURSOS NÃO VINCULADOS DE IMPOSTOS (EDUCAÇÃO);191.670,48
PREFEITURA MUNICIPAL DE BARBACENA;14.001;SEDEC;2.222;PESSOAL E ENCARGOS SOCIAIS DO ATENDIMENTO EDUCACIONAL ESPECIALIZADO;38;GESTÃO DA EDUCAÇÃO ESPECIAL;12;Educação;367;Educação Especial;208;3.1.90.11.00.00.00.00;VENCIMENTOS E VANTAGENS FIXAS - PESSOAL CIVIL;1.540.000.0000;TRANSFERÊNCIAS DO FUNDEB - IMPOSTOS E TRANSFERÊNCIAS DE IMPOSTOS (30%);971.386,79
PREFEITURA MUNICIPAL DE BARBACENA;14.001;SEDEC;2.222;PESSOAL E ENCARGOS SOCIAIS DO ATENDIMENTO EDUCACIONAL ESPECIALIZADO;38;GESTÃO DA EDUCAÇÃO ESPECIAL;12;Educação;367;Educação Especial;208;3.1.90.11.00.00.00.00;VENCIMENTOS E VANTAGENS FIXAS - PESSOAL CIVIL;1.540.000.1070;TRANSFERÊNCIAS DO FUNDEB - IMPOSTOS E TRANSFERÊNCIAS DE IMPOSTOS (70% -PAGTO DA REMUNERAÇÃO DOS PROFISSIONAIS DA EDUCAÇÃO BÁSICA EM EFETIVO EXERCÍCIO);107.582,59
PREFEITURA MUNICIPAL DE BARBACENA;14.001;SEDEC;2.222;PESSOAL E ENCARGOS SOCIAIS DO ATENDIMENTO EDUCACIONAL ESPECIALIZADO;38;GESTÃO DA EDUCAÇÃO ESPECIAL;12;Educação;367;Educação Especial;209;3.1.90.13.00.00.00.00;OBRIGAÇÕES PATRONAIS;1.500.000.1001;RECURSOS NÃO VINCULADOS DE IMPOSTOS (EDUCAÇÃO);2.000,00
PREFEITURA MUNICIPAL DE BARBACENA;14.001;SEDEC;2.222;PESSOAL E ENCARGOS SOCIAIS DO ATENDIMENTO EDUCACIONAL ESPECIALIZADO;38;GESTÃO DA EDUCAÇÃO ESPECIAL;12;Educação;367;Educação Especial;210;3.1.91.13.00.00.00.00;OBRIGAÇÕES PATRONAIS;1.500.000.1001;RECURSOS NÃO VINCULADOS DE IMPOSTOS (EDUCAÇÃO);58.306,19
PREFEITURA MUNICIPAL DE BARBACENA;14.001;SEDEC;2.222;PESSOAL E ENCARGOS SOCIAIS DO ATENDIMENTO EDUCACIONAL ESPECIALIZADO;38;GESTÃO DA EDUCAÇÃO ESPECIAL;12;Educação;367;Educação Especial;210;3.1.91.13.00.00.00.00;OBRIGAÇÕES PATRONAIS;1.540.000.0000;TRANSFERÊNCIAS DO FUNDEB - IMPOSTOS E TRANSFERÊNCIAS DE IMPOSTOS (30%);314.365,35
PREFEITURA MUNICIPAL DE BARBACENA;14.001;SEDEC;2.222;PESSOAL E ENCARGOS SOCIAIS DO ATENDIMENTO EDUCACIONAL ESPECIALIZADO;38;GESTÃO DA EDUCAÇÃO ESPECIAL;12;Educação;367;Educação Especial;210;3.1.91.13.00.00.00.00;OBRIGAÇÕES PATRONAIS;1.540.000.1070;TRANSFERÊNCIAS DO FUNDEB - IMPOSTOS E TRANSFERÊNCIAS DE IMPOSTOS (70% -PAGTO DA REMUNERAÇÃO DOS PROFISSIONAIS DA EDUCAÇÃO BÁSICA EM EFETIVO EXERCÍCIO);238.878,55
PREFEITURA MUNICIPAL DE BARBACENA;14.001;SEDEC;2.222;PESSOAL E ENCARGOS SOCIAIS DO ATENDIMENTO EDUCACIONAL ESPECIALIZADO;38;GESTÃO DA EDUCAÇÃO ESPECIAL;12;Educação;367;Educação Especial;211;3.3.90.08.00.00.00.00;OUTROS BENEFÍCIOS ASSISTENCIAIS-SERVIDOR/MILITAR;1.500.000.1001;RECURSOS NÃO VINCULADOS DE IMPOSTOS (EDUCAÇÃO);2.000,00
PREFEITURA MUNICIPAL DE BARBACENA;14.001;SEDEC;2.222;PESSOAL E ENCARGOS SOCIAIS DO ATENDIMENTO EDUCACIONAL ESPECIALIZADO;38;GESTÃO DA EDUCAÇÃO ESPECIAL;12;Educação;367;Educação Especial;212;3.3.90.18.00.00.00.00;AUXÍLIO FINANCEIRO A ESTUDANTES;1.500.000.1001;RECURSOS NÃO VINCULADOS DE IMPOSTOS (EDUCAÇÃO);3.000,00
PREFEITURA MUNICIPAL DE BARBACENA;14.001;SEDEC;2.222;PESSOAL E ENCARGOS SOCIAIS DO ATENDIMENTO EDUCACIONAL ESPECIALIZADO;38;GESTÃO DA EDUCAÇÃO ESPECIAL;12;Educação;367;Educação Especial;213;3.3.90.46.00.00.00.00;AUXÍLIO-ALIMENTAÇÃO;1.500.000.1001;RECURSOS NÃO VINCULADOS DE IMPOSTOS (EDUCAÇÃO);694.593,23
PREFEITURA MUNICIPAL DE BARBACENA;14.001;SEDEC;2.222;PESSOAL E ENCARGOS SOCIAIS DO ATENDIMENTO EDUCACIONAL ESPECIALIZADO;38;GESTÃO DA EDUCAÇÃO ESPECIAL;12;Educação;367;Educação Especial;213;3.3.90.46.00.00.00.00;AUXÍLIO-ALIMENTAÇÃO;1.540.000.0000;TRANSFERÊNCIAS DO FUNDEB - IMPOSTOS E TRANSFERÊNCIAS DE IMPOSTOS (30%);632.060,00
PREFEITURA MUNICIPAL DE BARBACENA;14.001;SEDEC;2.222;PESSOAL E ENCARGOS SOCIAIS DO ATENDIMENTO EDUCACIONAL ESPECIALIZADO;38;GESTÃO DA EDUCAÇÃO ESPECIAL;12;Educação;367;Educação Especial;213;3.3.90.46.00.00.00.00;AUXÍLIO-ALIMENTAÇÃO;1.540.000.1070;TRANSFERÊNCIAS DO FUNDEB - IMPOSTOS E TRANSFERÊNCIAS DE IMPOSTOS (70% -PAGTO DA REMUNERAÇÃO DOS PROFISSIONAIS DA EDUCAÇÃO BÁSICA EM EFETIVO EXERCÍCIO);0,00
PREFEITURA MUNICIPAL DE BARBACENA;14.002;FUNDO MUNICIPAL PRO-ESPORTE E LAZER;2.731;MANTER, QUALIFICAR E VALORIZAR AS ATIVIDADES DE RENDIMENTO ESPORTIVO;63;ESPORTE E LAZER TRANSFORMANDO BARBACENA;27;Desporto e Lazer;811;Desporto de Rendimento;215;3.3.90.30.00.00.00.00;MATERIAL DE CONSUMO;1.500.000.0000;RECURSOS NÃO VINCULADOS DE IMPOSTOS;257,05
PREFEITURA MUNICIPAL DE BARBACENA;14.002;FUNDO MUNICIPAL PRO-ESPORTE E LAZER;2.731;MANTER, QUALIFICAR E VALORIZAR AS ATIVIDADES DE RENDIMENTO ESPORTIVO;63;ESPORTE E LAZER TRANSFORMANDO BARBACENA;27;Desporto e Lazer;811;Desporto de Rendimento;216;3.3.90.39.00.00.00.00;OUTROS SERVIÇOS DE TERCEIROS - PESSOA JURÍDICA;1.500.000.0000;RECURSOS NÃO VINCULADOS DE IMPOSTOS;0,00
PREFEITURA MUNICIPAL DE BARBACENA;14.002;FUNDO MUNICIPAL PRO-ESPORTE E LAZER;1.151;CONSTRUÇAO, REFORMA E MODERNIZAÇÃO DE LOCAIS E INFRAESTRUTURA DE ESPORTE E LAZER;63;ESPORTE E LAZER TRANSFORMANDO BARBACENA;27;Desporto e Lazer;812;Desporto Comunitário;217;4.4.90.51.00.00.00.00;OBRAS E INSTALAÇÕES;1.500.000.0000;RECURSOS NÃO VINCULADOS DE IMPOSTOS;310.086,62
PREFEITURA MUNICIPAL DE BARBACENA;14.002;FUNDO MUNICIPAL PRO-ESPORTE E LAZER;1.151;CONSTRUÇAO, REFORMA E MODERNIZAÇÃO DE LOCAIS E INFRAESTRUTURA DE ESPORTE E LAZER;63;ESPORTE E LAZER TRANSFORMANDO BARBACENA;27;Desporto e Lazer;812;Desporto Comunitário;217;4.4.90.51.00.00.00.00;OBRAS E INSTALAÇÕES;1.501.000.0000;OUTROS RECURSOS NÃO VINCULADOS;0,01
PREFEITURA MUNICIPAL DE BARBACENA;14.002;FUNDO MUNICIPAL PRO-ESPORTE E LAZER;1.151;CONSTRUÇAO, REFORMA E MODERNIZAÇÃO DE LOCAIS E INFRAESTRUTURA DE ESPORTE E LAZER;63;ESPORTE E LAZER TRANSFORMANDO BARBACENA;27;Desporto e Lazer;812;Desporto Comunitário;217;4.4.90.51.00.00.00.00;OBRAS E INSTALAÇÕES;1.700.000.0000;OUTRAS TRANSFERÊNCIAS DE CONVÊNIOS OU INSTRUMENTOS CONGÊNERES DA UNIÃO;579.906,36
PREFEITURA MUNICIPAL DE BARBACENA;14.002;FUNDO MUNICIPAL PRO-ESPORTE E LAZER;1.151;CONSTRUÇAO, REFORMA E MODERNIZAÇÃO DE LOCAIS E INFRAESTRUTURA DE ESPORTE E LAZER;63;ESPORTE E LAZER TRANSFORMANDO BARBACENA;27;Desporto e Lazer;812;Desporto Comunitário;217;4.4.90.51.00.00.00.00;OBRAS E INSTALAÇÕES;1.753.000.0000;RECURSOS PROVENIENTES DE TAXAS, CONTRIBUIÇÕES E PREÇOS PÚBLICOS;0,01
PREFEITURA MUNICIPAL DE BARBACENA;14.002;FUNDO MUNICIPAL PRO-ESPORTE E LAZER;1.474;OBRAS DE MANUTENÇÃO DO CAMPO DO BARCELONA;63;ESPORTE E LAZER TRANSFORMANDO BARBACENA;27;Desporto e Lazer;812;Desporto Comunitário;218;4.4.90.51.00.00.00.00;OBRAS E INSTALAÇÕES;1.500.000.0000;RECURSOS NÃO VINCULADOS DE IMPOSTOS;0,00
PREFEITURA MUNICIPAL DE BARBACENA;14.002;FUNDO MUNICIPAL PRO-ESPORTE E LAZER;2.213;REALIZAÇAO DE EVENTOS PARA INCENTIVO A PRATICA DE ESPORTES;63;ESPORTE E LAZER TRANSFORMANDO BARBACENA;27;Desporto e Lazer;812;Desporto Comunitário;219;3.3.90.30.00.00.00.00;MATERIAL DE CONSUMO;1.500.000.0000;RECURSOS NÃO VINCULADOS DE IMPOSTOS;944,59
PREFEITURA MUNICIPAL DE BARBACENA;14.002;FUNDO MUNICIPAL PRO-ESPORTE E LAZER;2.213;REALIZAÇAO DE EVENTOS PARA INCENTIVO A PRATICA DE ESPORTES;63;ESPORTE E LAZER TRANSFORMANDO BARBACENA;27;Desporto e Lazer;812;Desporto Comunitário;219;3.3.90.30.00.00.00.00;MATERIAL DE CONSUMO;1.501.000.0000;OUTROS RECURSOS NÃO VINCULADOS;16.534,55
PREFEITURA MUNICIPAL DE BARBACENA;14.002;FUNDO MUNICIPAL PRO-ESPORTE E LAZER;2.213;REALIZAÇAO DE EVENTOS PARA INCENTIVO A PRATICA DE ESPORTES;63;ESPORTE E LAZER TRANSFORMANDO BARBACENA;27;Desporto e Lazer;812;Desporto Comunitário;220;3.3.90.39.00.00.00.00;OUTROS SERVIÇOS DE TERCEIROS - PESSOA JURÍDICA;1.500.000.0000;RECURSOS NÃO VINCULADOS DE IMPOSTOS;232,42
PREFEITURA MUNICIPAL DE BARBACENA;14.002;FUNDO MUNICIPAL PRO-ESPORTE E LAZER;2.213;REALIZAÇAO DE EVENTOS PARA INCENTIVO A PRATICA DE ESPORTES;63;ESPORTE E LAZER TRANSFORMANDO BARBACENA;27;Desporto e Lazer;812;Desporto Comunitário;220;3.3.90.39.00.00.00.00;OUTROS SERVIÇOS DE TERCEIROS - PESSOA JURÍDICA;1.501.000.0000;OUTROS RECURSOS NÃO VINCULADOS;5.889,50
PREFEITURA MUNICIPAL DE BARBACENA;14.002;FUNDO MUNICIPAL PRO-ESPORTE E LAZER;2.223;MANUTENÇÃO  DO CALENDÁRIO ANUAL DE  ATIVIDADES DE ESPORTE E LAZER PARTICIPATIVO;63;ESPORTE E LAZER TRANSFORMANDO BARBACENA;27;Desporto e Lazer;812;Desporto Comunitário;221;3.1.90.04.00.00.00.00;CONTRATAÇÃO POR TEMPO DETERMINADO;1.500.000.0000;RECURSOS NÃO VINCULADOS DE IMPOSTOS;1,00
PREFEITURA MUNICIPAL DE BARBACENA;14.002;FUNDO MUNICIPAL PRO-ESPORTE E LAZER;2.223;MANUTENÇÃO  DO CALENDÁRIO ANUAL DE  ATIVIDADES DE ESPORTE E LAZER PARTICIPATIVO;63;ESPORTE E LAZER TRANSFORMANDO BARBACENA;27;Desporto e Lazer;812;Desporto Comunitário;222;3.1.90.11.00.00.00.00;VENCIMENTOS E VANTAGENS FIXAS - PESSOAL CIVIL;1.500.000.0000;RECURSOS NÃO VINCULADOS DE IMPOSTOS;14.024,41
PREFEITURA MUNICIPAL DE BARBACENA;14.002;FUNDO MUNICIPAL PRO-ESPORTE E LAZER;2.223;MANUTENÇÃO  DO CALENDÁRIO ANUAL DE  ATIVIDADES DE ESPORTE E LAZER PARTICIPATIVO;63;ESPORTE E LAZER TRANSFORMANDO BARBACENA;27;Desporto e Lazer;812;Desporto Comunitário;223;3.1.90.13.00.00.00.00;OBRIGAÇÕES PATRONAIS;1.500.000.0000;RECURSOS NÃO VINCULADOS DE IMPOSTOS;2.658,45
PREFEITURA MUNICIPAL DE BARBACENA;14.002;FUNDO MUNICIPAL PRO-ESPORTE E LAZER;2.223;MANUTENÇÃO  DO CALENDÁRIO ANUAL DE  ATIVIDADES DE ESPORTE E LAZER PARTICIPATIVO;63;ESPORTE E LAZER TRANSFORMANDO BARBACENA;27;Desporto e Lazer;812;Desporto Comunitário;224;3.1.91.13.00.00.00.00;OBRIGAÇÕES PATRONAIS;1.500.000.0000;RECURSOS NÃO VINCULADOS DE IMPOSTOS;0,67
PREFEITURA MUNICIPAL DE BARBACENA;14.002;FUNDO MUNICIPAL PRO-ESPORTE E LAZER;2.223;MANUTENÇÃO  DO CALENDÁRIO ANUAL DE  ATIVIDADES DE ESPORTE E LAZER PARTICIPATIVO;63;ESPORTE E LAZER TRANSFORMANDO BARBACENA;27;Desporto e Lazer;812;Desporto Comunitário;225;3.3.90.08.00.00.00.00;OUTROS BENEFÍCIOS ASSISTENCIAIS-SERVIDOR/MILITAR;1.500.000.0000;RECURSOS NÃO VINCULADOS DE IMPOSTOS;1,00
PREFEITURA MUNICIPAL DE BARBACENA;14.002;FUNDO MUNICIPAL PRO-ESPORTE E LAZER;2.223;MANUTENÇÃO  DO CALENDÁRIO ANUAL DE  ATIVIDADES DE ESPORTE E LAZER PARTICIPATIVO;63;ESPORTE E LAZER TRANSFORMANDO BARBACENA;27;Desporto e Lazer;812;Desporto Comunitário;226;3.3.90.18.00.00.00.00;AUXÍLIO FINANCEIRO A ESTUDANTES;1.500.000.0000;RECURSOS NÃO VINCULADOS DE IMPOSTOS;200,00
PREFEITURA MUNICIPAL DE BARBACENA;14.002;FUNDO MUNICIPAL PRO-ESPORTE E LAZER;2.223;MANUTENÇÃO  DO CALENDÁRIO ANUAL DE  ATIVIDADES DE ESPORTE E LAZER PARTICIPATIVO;63;ESPORTE E LAZER TRANSFORMANDO BARBACENA;27;Desporto e Lazer;812;Desporto Comunitário;227;3.3.90.30.00.00.00.00;MATERIAL DE CONSUMO;1.500.000.0000;RECURSOS NÃO VINCULADOS DE IMPOSTOS;8.333,66
PREFEITURA MUNICIPAL DE BARBACENA;14.002;FUNDO MUNICIPAL PRO-ESPORTE E LAZER;2.223;MANUTENÇÃO  DO CALENDÁRIO ANUAL DE  ATIVIDADES DE ESPORTE E LAZER PARTICIPATIVO;63;ESPORTE E LAZER TRANSFORMANDO BARBACENA;27;Desporto e Lazer;812;Desporto Comunitário;227;3.3.90.30.00.00.00.00;MATERIAL DE CONSUMO;1.700.000.0000;OUTRAS TRANSFERÊNCIAS DE CONVÊNIOS OU INSTRUMENTOS CONGÊNERES DA UNIÃO;200.000,00
PREFEITURA MUNICIPAL DE BARBACENA;14.002;FUNDO MUNICIPAL PRO-ESPORTE E LAZER;2.223;MANUTENÇÃO  DO CALENDÁRIO ANUAL DE  ATIVIDADES DE ESPORTE E LAZER PARTICIPATIVO;63;ESPORTE E LAZER TRANSFORMANDO BARBACENA;27;Desporto e Lazer;812;Desporto Comunitário;228;3.3.90.36.00.00.00.00;OUTROS SERVIÇOS DE TERCEIROS - PESSOA FÍSICA;1.500.000.0000;RECURSOS NÃO VINCULADOS DE IMPOSTOS;0,00
PREFEITURA MUNICIPAL DE BARBACENA;14.002;FUNDO MUNICIPAL PRO-ESPORTE E LAZER;2.223;MANUTENÇÃO  DO CALENDÁRIO ANUAL DE  ATIVIDADES DE ESPORTE E LAZER PARTICIPATIVO;63;ESPORTE E LAZER TRANSFORMANDO BARBACENA;27;Desporto e Lazer;812;Desporto Comunitário;229;3.3.90.39.00.00.00.00;OUTROS SERVIÇOS DE TERCEIROS - PESSOA JURÍDICA;1.500.000.0000;RECURSOS NÃO VINCULADOS DE IMPOSTOS;517.301,14
PREFEITURA MUNICIPAL DE BARBACENA;14.002;FUNDO MUNICIPAL PRO-ESPORTE E LAZER;2.223;MANUTENÇÃO  DO CALENDÁRIO ANUAL DE  ATIVIDADES DE ESPORTE E LAZER PARTICIPATIVO;63;ESPORTE E LAZER TRANSFORMANDO BARBACENA;27;Desporto e Lazer;812;Desporto Comunitário;229;3.3.90.39.00.00.00.00;OUTROS SERVIÇOS DE TERCEIROS - PESSOA JURÍDICA;1.501.000.0000;OUTROS RECURSOS NÃO VINCULADOS;3.971,27
PREFEITURA MUNICIPAL DE BARBACENA;14.002;FUNDO MUNICIPAL PRO-ESPORTE E LAZER;2.223;MANUTENÇÃO  DO CALENDÁRIO ANUAL DE  ATIVIDADES DE ESPORTE E LAZER PARTICIPATIVO;63;ESPORTE E LAZER TRANSFORMANDO BARBACENA;27;Desporto e Lazer;812;Desporto Comunitário;229;3.3.90.39.00.00.00.00;OUTROS SERVIÇOS DE TERCEIROS - PESSOA JURÍDICA;1.700.000.0000;OUTRAS TRANSFERÊNCIAS DE CONVÊNIOS OU INSTRUMENTOS CONGÊNERES DA UNIÃO;5.000,00
PREFEITURA MUNICIPAL DE BARBACENA;14.002;FUNDO MUNICIPAL PRO-ESPORTE E LAZER;2.223;MANUTENÇÃO  DO CALENDÁRIO ANUAL DE  ATIVIDADES DE ESPORTE E LAZER PARTICIPATIVO;63;ESPORTE E LAZER TRANSFORMANDO BARBACENA;27;Desporto e Lazer;812;Desporto Comunitário;229;3.3.90.39.00.00.00.00;OUTROS SERVIÇOS DE TERCEIROS - PESSOA JURÍDICA;1.753.000.0000;RECURSOS PROVENIENTES DE TAXAS, CONTRIBUIÇÕES E PREÇOS PÚBLICOS;150.335,03
PREFEITURA MUNICIPAL DE BARBACENA;14.002;FUNDO MUNICIPAL PRO-ESPORTE E LAZER;2.223;MANUTENÇÃO  DO CALENDÁRIO ANUAL DE  ATIVIDADES DE ESPORTE E LAZER PARTICIPATIVO;63;ESPORTE E LAZER TRANSFORMANDO BARBACENA;27;Desporto e Lazer;812;Desporto Comunitário;229;3.3.90.39.00.00.00.00;OUTROS SERVIÇOS DE TERCEIROS - PESSOA JURÍDICA;2.500.000.0000;RECURSOS NÃO VINCULADOS DE IMPOSTOS;80.000,00
PREFEITURA MUNICIPAL DE BARBACENA;14.002;FUNDO MUNICIPAL PRO-ESPORTE E LAZER;2.223;MANUTENÇÃO  DO CALENDÁRIO ANUAL DE  ATIVIDADES DE ESPORTE E LAZER PARTICIPATIVO;63;ESPORTE E LAZER TRANSFORMANDO BARBACENA;27;Desporto e Lazer;812;Desporto Comunitário;230;3.3.90.46.00.00.00.00;AUXÍLIO-ALIMENTAÇÃO;1.500.000.0000;RECURSOS NÃO VINCULADOS DE IMPOSTOS;4.146,91
PREFEITURA MUNICIPAL DE BARBACENA;14.002;FUNDO MUNICIPAL PRO-ESPORTE E LAZER;2.223;MANUTENÇÃO  DO CALENDÁRIO ANUAL DE  ATIVIDADES DE ESPORTE E LAZER PARTICIPATIVO;63;ESPORTE E LAZER TRANSFORMANDO BARBACENA;27;Desporto e Lazer;812;Desporto Comunitário;231;4.4.90.52.00.00.00.00;EQUIPAMENTOS E MATERIAL PERMANENTE;1.500.000.0000;RECURSOS NÃO VINCULADOS DE IMPOSTOS;0,00
PREFEITURA MUNICIPAL DE BARBACENA;14.002;FUNDO MUNICIPAL PRO-ESPORTE E LAZER;2.223;MANUTENÇÃO  DO CALENDÁRIO ANUAL DE  ATIVIDADES DE ESPORTE E LAZER PARTICIPATIVO;63;ESPORTE E LAZER TRANSFORMANDO BARBACENA;27;Desporto e Lazer;812;Desporto Comunitário;231;4.4.90.52.00.00.00.00;EQUIPAMENTOS E MATERIAL PERMANENTE;1.700.000.0000;OUTRAS TRANSFERÊNCIAS DE CONVÊNIOS OU INSTRUMENTOS CONGÊNERES DA UNIÃO;80.000,00
PREFEITURA MUNICIPAL DE BARBACENA;14.002;FUNDO MUNICIPAL PRO-ESPORTE E LAZER;2.456;APOIO A ASSOCIACAO BARBACENENSE DE SKATE - ABSKT;63;ESPORTE E LAZER TRANSFORMANDO BARBACENA;27;Desporto e Lazer;812;Desporto Comunitário;232;3.3.50.41.00.00.00.00;CONTRIBUIÇÕES;1.501.000.0000;OUTROS RECURSOS NÃO VINCULADOS;86.632,72
PREFEITURA MUNICIPAL DE BARBACENA;14.002;FUNDO MUNICIPAL PRO-ESPORTE E LAZER;2.458;APOIO A ASSOCIAÇÃO DE CAPOEIRA BALANÇA BRASIL;63;ESPORTE E LAZER TRANSFORMANDO BARBACENA;27;Desporto e Lazer;812;Desporto Comunitário;233;3.3.50.41.00.00.00.00;CONTRIBUIÇÕES;1.501.000.0000;OUTROS RECURSOS NÃO VINCULADOS;30.265,45
PREFEITURA MUNICIPAL DE BARBACENA;14.002;FUNDO MUNICIPAL PRO-ESPORTE E LAZER;2.458;APOIO A ASSOCIAÇÃO DE CAPOEIRA BALANÇA BRASIL;63;ESPORTE E LAZER TRANSFORMANDO BARBACENA;27;Desporto e Lazer;812;Desporto Comunitário;979;4.4.50.41.00.00.00.00;CONTRIBUIÇÕES;1.501.000.0000;OUTROS RECURSOS NÃO VINCULADOS;3.000,00
PREFEITURA MUNICIPAL DE BARBACENA;14.002;FUNDO MUNICIPAL PRO-ESPORTE E LAZER;2.475;ASSOCIAÇÃO DOS AMIGOS CICLISTAS DE BARBACENA E REGIÃO -  AACB;63;ESPORTE E LAZER TRANSFORMANDO BARBACENA;27;Desporto e Lazer;812;Desporto Comunitário;234;3.3.50.41.00.00.00.00;CONTRIBUIÇÕES;1.753.000.0000;RECURSOS PROVENIENTES DE TAXAS, CONTRIBUIÇÕES E PREÇOS PÚBLICOS;173.265,45
PREFEITURA MUNICIPAL DE BARBACENA;14.002;FUNDO MUNICIPAL PRO-ESPORTE E LAZER;2.730;FOMENTAR E VALORIZAR PROJETOS SÓCIO-EDUCACIONAIS E APOIAR OS JOGOS ESCOLARES;63;ESPORTE E LAZER TRANSFORMANDO BARBACENA;27;Desporto e Lazer;812;Desporto Comunitário;235;3.3.90.30.00.00.00.00;MATERIAL DE CONSUMO;1.500.000.0000;RECURSOS NÃO VINCULADOS DE IMPOSTOS;231,79
PREFEITURA MUNICIPAL DE BARBACENA;14.002;FUNDO MUNICIPAL PRO-ESPORTE E LAZER;2.730;FOMENTAR E VALORIZAR PROJETOS SÓCIO-EDUCACIONAIS E APOIAR OS JOGOS ESCOLARES;63;ESPORTE E LAZER TRANSFORMANDO BARBACENA;27;Desporto e Lazer;812;Desporto Comunitário;236;3.3.90.39.00.00.00.00;OUTROS SERVIÇOS DE TERCEIROS - PESSOA JURÍDICA;1.500.000.0000;RECURSOS NÃO VINCULADOS DE IMPOSTOS;232.657,03
PREFEITURA MUNICIPAL DE BARBACENA;14.002;FUNDO MUNICIPAL PRO-ESPORTE E LAZER;2.730;FOMENTAR E VALORIZAR PROJETOS SÓCIO-EDUCACIONAIS E APOIAR OS JOGOS ESCOLARES;63;ESPORTE E LAZER TRANSFORMANDO BARBACENA;27;Desporto e Lazer;812;Desporto Comunitário;236;3.3.90.39.00.00.00.00;OUTROS SERVIÇOS DE TERCEIROS - PESSOA JURÍDICA;1.501.000.0000;OUTROS RECURSOS NÃO VINCULADOS;186.364,00
PREFEITURA MUNICIPAL DE BARBACENA;14.002;FUNDO MUNICIPAL PRO-ESPORTE E LAZER;2.730;FOMENTAR E VALORIZAR PROJETOS SÓCIO-EDUCACIONAIS E APOIAR OS JOGOS ESCOLARES;63;ESPORTE E LAZER TRANSFORMANDO BARBACENA;27;Desporto e Lazer;812;Desporto Comunitário;236;3.3.90.39.00.00.00.00;OUTROS SERVIÇOS DE TERCEIROS - PESSOA JURÍDICA;1.753.000.0000;RECURSOS PROVENIENTES DE TAXAS, CONTRIBUIÇÕES E PREÇOS PÚBLICOS;450.000,00
PREFEITURA MUNICIPAL DE BARBACENA;14.003;FUNDO MUNICIPAL DE CULTURA;1.487;CRIAÇÃO DO TEATRO MUNICIPAL DE BARBACENA;62;VALORIZAÇÃO E AMPLITUDE CULTURAL;13;Cultura;392;Difusão Cultural;237;4.4.90.51.00.00.00.00;OBRAS E INSTALAÇÕES;1.500.000.0000;RECURSOS NÃO VINCULADOS DE IMPOSTOS;1.000,00
PREFEITURA MUNICIPAL DE BARBACENA;14.003;FUNDO MUNICIPAL DE CULTURA;2.071;MANUTENÇÃO DA BIBLIOTECA PÚBLICA MUNICIPAL E DEMAIS APARELHOS CULTURAIS;62;VALORIZAÇÃO E AMPLITUDE CULTURAL;13;Cultura;392;Difusão Cultural;238;3.1.90.04.00.00.00.00;CONTRATAÇÃO POR TEMPO DETERMINADO;1.500.000.0000;RECURSOS NÃO VINCULADOS DE IMPOSTOS;60.785,03
PREFEITURA MUNICIPAL DE BARBACENA;14.003;FUNDO MUNICIPAL DE CULTURA;2.071;MANUTENÇÃO DA BIBLIOTECA PÚBLICA MUNICIPAL E DEMAIS APARELHOS CULTURAIS;62;VALORIZAÇÃO E AMPLITUDE CULTURAL;13;Cultura;392;Difusão Cultural;238;3.1.90.04.00.00.00.00;CONTRATAÇÃO POR TEMPO DETERMINADO;1.599.003.0000;OUTROS RECURSOS VINCULADOS À EDUCAÇÃO (SERVIÇOS EDUCACIONAIS);9.029,48
PREFEITURA MUNICIPAL DE BARBACENA;14.003;FUNDO MUNICIPAL DE CULTURA;2.071;MANUTENÇÃO DA BIBLIOTECA PÚBLICA MUNICIPAL E DEMAIS APARELHOS CULTURAIS;62;VALORIZAÇÃO E AMPLITUDE CULTURAL;13;Cultura;392;Difusão Cultural;239;3.1.90.11.00.00.00.00;VENCIMENTOS E VANTAGENS FIXAS - PESSOAL CIVIL;1.500.000.0000;RECURSOS NÃO VINCULADOS DE IMPOSTOS;877.891,12
PREFEITURA MUNICIPAL DE BARBACENA;14.003;FUNDO MUNICIPAL DE CULTURA;2.071;MANUTENÇÃO DA BIBLIOTECA PÚBLICA MUNICIPAL E DEMAIS APARELHOS CULTURAIS;62;VALORIZAÇÃO E AMPLITUDE CULTURAL;13;Cultura;392;Difusão Cultural;240;3.1.90.13.00.00.00.00;OBRIGAÇÕES PATRONAIS;1.500.000.0000;RECURSOS NÃO VINCULADOS DE IMPOSTOS;24.571,11
PREFEITURA MUNICIPAL DE BARBACENA;14.003;FUNDO MUNICIPAL DE CULTURA;2.071;MANUTENÇÃO DA BIBLIOTECA PÚBLICA MUNICIPAL E DEMAIS APARELHOS CULTURAIS;62;VALORIZAÇÃO E AMPLITUDE CULTURAL;13;Cultura;392;Difusão Cultural;241;3.1.91.13.00.00.00.00;OBRIGAÇÕES PATRONAIS;1.500.000.0000;RECURSOS NÃO VINCULADOS DE IMPOSTOS;198.466,30
PREFEITURA MUNICIPAL DE BARBACENA;14.003;FUNDO MUNICIPAL DE CULTURA;2.071;MANUTENÇÃO DA BIBLIOTECA PÚBLICA MUNICIPAL E DEMAIS APARELHOS CULTURAIS;62;VALORIZAÇÃO E AMPLITUDE CULTURAL;13;Cultura;392;Difusão Cultural;242;3.3.90.08.00.00.00.00;OUTROS BENEFÍCIOS ASSISTENCIAIS-SERVIDOR/MILITAR;1.500.000.0000;RECURSOS NÃO VINCULADOS DE IMPOSTOS;1.576,80
PREFEITURA MUNICIPAL DE BARBACENA;14.003;FUNDO MUNICIPAL DE CULTURA;2.071;MANUTENÇÃO DA BIBLIOTECA PÚBLICA MUNICIPAL E DEMAIS APARELHOS CULTURAIS;62;VALORIZAÇÃO E AMPLITUDE CULTURAL;13;Cultura;392;Difusão Cultural;243;3.3.90.14.00.00.00.00;DIÁRIAS - PESSOAL CIVIL;1.500.000.0000;RECURSOS NÃO VINCULADOS DE IMPOSTOS;11.200,00
PREFEITURA MUNICIPAL DE BARBACENA;14.003;FUNDO MUNICIPAL DE CULTURA;2.071;MANUTENÇÃO DA BIBLIOTECA PÚBLICA MUNICIPAL E DEMAIS APARELHOS CULTURAIS;62;VALORIZAÇÃO E AMPLITUDE CULTURAL;13;Cultura;392;Difusão Cultural;243;3.3.90.14.00.00.00.00;DIÁRIAS - PESSOAL CIVIL;1.501.000.0000;OUTROS RECURSOS NÃO VINCULADOS;7.400,00
PREFEITURA MUNICIPAL DE BARBACENA;14.003;FUNDO MUNICIPAL DE CULTURA;2.071;MANUTENÇÃO DA BIBLIOTECA PÚBLICA MUNICIPAL E DEMAIS APARELHOS CULTURAIS;62;VALORIZAÇÃO E AMPLITUDE CULTURAL;13;Cultura;392;Difusão Cultural;244;3.3.90.18.00.00.00.00;AUXÍLIO FINANCEIRO A ESTUDANTES;1.500.000.0000;RECURSOS NÃO VINCULADOS DE IMPOSTOS;0,00
PREFEITURA MUNICIPAL DE BARBACENA;14.003;FUNDO MUNICIPAL DE CULTURA;2.071;MANUTENÇÃO DA BIBLIOTECA PÚBLICA MUNICIPAL E DEMAIS APARELHOS CULTURAIS;62;VALORIZAÇÃO E AMPLITUDE CULTURAL;13;Cultura;392;Difusão Cultural;245;3.3.90.30.00.00.00.00;MATERIAL DE CONSUMO;1.500.000.0000;RECURSOS NÃO VINCULADOS DE IMPOSTOS;1.442,53
PREFEITURA MUNICIPAL DE BARBACENA;14.003;FUNDO MUNICIPAL DE CULTURA;2.071;MANUTENÇÃO DA BIBLIOTECA PÚBLICA MUNICIPAL E DEMAIS APARELHOS CULTURAIS;62;VALORIZAÇÃO E AMPLITUDE CULTURAL;13;Cultura;392;Difusão Cultural;245;3.3.90.30.00.00.00.00;MATERIAL DE CONSUMO;1.700.000.0000;OUTRAS TRANSFERÊNCIAS DE CONVÊNIOS OU INSTRUMENTOS CONGÊNERES DA UNIÃO;11.000,00
PREFEITURA MUNICIPAL DE BARBACENA;14.003;FUNDO MUNICIPAL DE CULTURA;2.071;MANUTENÇÃO DA BIBLIOTECA PÚBLICA MUNICIPAL E DEMAIS APARELHOS CULTURAIS;62;VALORIZAÇÃO E AMPLITUDE CULTURAL;13;Cultura;392;Difusão Cultural;246;3.3.90.36.00.00.00.00;OUTROS SERVIÇOS DE TERCEIROS - PESSOA FÍSICA;1.500.000.0000;RECURSOS NÃO VINCULADOS DE IMPOSTOS;8,47
PREFEITURA MUNICIPAL DE BARBACENA;14.003;FUNDO MUNICIPAL DE CULTURA;2.071;MANUTENÇÃO DA BIBLIOTECA PÚBLICA MUNICIPAL E DEMAIS APARELHOS CULTURAIS;62;VALORIZAÇÃO E AMPLITUDE CULTURAL;13;Cultura;392;Difusão Cultural;247;3.3.90.39.00.00.00.00;OUTROS SERVIÇOS DE TERCEIROS - PESSOA JURÍDICA;1.500.000.0000;RECURSOS NÃO VINCULADOS DE IMPOSTOS;49.086,30
PREFEITURA MUNICIPAL DE BARBACENA;14.003;FUNDO MUNICIPAL DE CULTURA;2.071;MANUTENÇÃO DA BIBLIOTECA PÚBLICA MUNICIPAL E DEMAIS APARELHOS CULTURAIS;62;VALORIZAÇÃO E AMPLITUDE CULTURAL;13;Cultura;392;Difusão Cultural;247;3.3.90.39.00.00.00.00;OUTROS SERVIÇOS DE TERCEIROS - PESSOA JURÍDICA;1.700.000.0000;OUTRAS TRANSFERÊNCIAS DE CONVÊNIOS OU INSTRUMENTOS CONGÊNERES DA UNIÃO;11.000,00
PREFEITURA MUNICIPAL DE BARBACENA;14.003;FUNDO MUNICIPAL DE CULTURA;2.071;MANUTENÇÃO DA BIBLIOTECA PÚBLICA MUNICIPAL E DEMAIS APARELHOS CULTURAIS;62;VALORIZAÇÃO E AMPLITUDE CULTURAL;13;Cultura;392;Difusão Cultural;247;3.3.90.39.00.00.00.00;OUTROS SERVIÇOS DE TERCEIROS - PESSOA JURÍDICA;2.500.000.0000;RECURSOS NÃO VINCULADOS DE IMPOSTOS;16.265,46
PREFEITURA MUNICIPAL DE BARBACENA;14.003;FUNDO MUNICIPAL DE CULTURA;2.071;MANUTENÇÃO DA BIBLIOTECA PÚBLICA MUNICIPAL E DEMAIS APARELHOS CULTURAIS;62;VALORIZAÇÃO E AMPLITUDE CULTURAL;13;Cultura;392;Difusão Cultural;248;3.3.90.40.00.00.00.00;SERVIÇOS DE TECNOLOGIA DA INFORMAÇÃO E COMUNICAÇ;1.500.000.0000;RECURSOS NÃO VINCULADOS DE IMPOSTOS;0,00
PREFEITURA MUNICIPAL DE BARBACENA;14.003;FUNDO MUNICIPAL DE CULTURA;2.071;MANUTENÇÃO DA BIBLIOTECA PÚBLICA MUNICIPAL E DEMAIS APARELHOS CULTURAIS;62;VALORIZAÇÃO E AMPLITUDE CULTURAL;13;Cultura;392;Difusão Cultural;249;3.3.90.46.00.00.00.00;AUXÍLIO-ALIMENTAÇÃO;1.500.000.0000;RECURSOS NÃO VINCULADOS DE IMPOSTOS;82.605,00
PREFEITURA MUNICIPAL DE BARBACENA;14.003;FUNDO MUNICIPAL DE CULTURA;2.071;MANUTENÇÃO DA BIBLIOTECA PÚBLICA MUNICIPAL E DEMAIS APARELHOS CULTURAIS;62;VALORIZAÇÃO E AMPLITUDE CULTURAL;13;Cultura;392;Difusão Cultural;250;3.3.90.93.00.00.00.00;INDENIZAÇÕES E RESTITUIÇÕES;1.700.000.0000;OUTRAS TRANSFERÊNCIAS DE CONVÊNIOS OU INSTRUMENTOS CONGÊNERES DA UNIÃO;1.000,00
PREFEITURA MUNICIPAL DE BARBACENA;14.003;FUNDO MUNICIPAL DE CULTURA;2.071;MANUTENÇÃO DA BIBLIOTECA PÚBLICA MUNICIPAL E DEMAIS APARELHOS CULTURAIS;62;VALORIZAÇÃO E AMPLITUDE CULTURAL;13;Cultura;392;Difusão Cultural;251;4.4.90.52.00.00.00.00;EQUIPAMENTOS E MATERIAL PERMANENTE;1.500.000.0000;RECURSOS NÃO VINCULADOS DE IMPOSTOS;0,00
PREFEITURA MUNICIPAL DE BARBACENA;14.003;FUNDO MUNICIPAL DE CULTURA;2.071;MANUTENÇÃO DA BIBLIOTECA PÚBLICA MUNICIPAL E DEMAIS APARELHOS CULTURAIS;62;VALORIZAÇÃO E AMPLITUDE CULTURAL;13;Cultura;392;Difusão Cultural;251;4.4.90.52.00.00.00.00;EQUIPAMENTOS E MATERIAL PERMANENTE;1.700.000.0000;OUTRAS TRANSFERÊNCIAS DE CONVÊNIOS OU INSTRUMENTOS CONGÊNERES DA UNIÃO;30.000,00
PREFEITURA MUNICIPAL DE BARBACENA;14.003;FUNDO MUNICIPAL DE CULTURA;2.072;MANUTENÇAO DE MUSEUS;62;VALORIZAÇÃO E AMPLITUDE CULTURAL;13;Cultura;392;Difusão Cultural;252;3.1.90.04.00.00.00.00;CONTRATAÇÃO POR TEMPO DETERMINADO;1.500.000.0000;RECURSOS NÃO VINCULADOS DE IMPOSTOS;0,00
PREFEITURA MUNICIPAL DE BARBACENA;14.003;FUNDO MUNICIPAL DE CULTURA;2.072;MANUTENÇAO DE MUSEUS;62;VALORIZAÇÃO E AMPLITUDE CULTURAL;13;Cultura;392;Difusão Cultural;253;3.1.90.11.00.00.00.00;VENCIMENTOS E VANTAGENS FIXAS - PESSOAL CIVIL;1.500.000.0000;RECURSOS NÃO VINCULADOS DE IMPOSTOS;128.959,57
PREFEITURA MUNICIPAL DE BARBACENA;14.003;FUNDO MUNICIPAL DE CULTURA;2.072;MANUTENÇAO DE MUSEUS;62;VALORIZAÇÃO E AMPLITUDE CULTURAL;13;Cultura;392;Difusão Cultural;254;3.1.90.13.00.00.00.00;OBRIGAÇÕES PATRONAIS;1.500.000.0000;RECURSOS NÃO VINCULADOS DE IMPOSTOS;12.605,59
PREFEITURA MUNICIPAL DE BARBACENA;14.003;FUNDO MUNICIPAL DE CULTURA;2.072;MANUTENÇAO DE MUSEUS;62;VALORIZAÇÃO E AMPLITUDE CULTURAL;13;Cultura;392;Difusão Cultural;255;3.1.91.13.00.00.00.00;OBRIGAÇÕES PATRONAIS;1.500.000.0000;RECURSOS NÃO VINCULADOS DE IMPOSTOS;18.380,67
PREFEITURA MUNICIPAL DE BARBACENA;14.003;FUNDO MUNICIPAL DE CULTURA;2.072;MANUTENÇAO DE MUSEUS;62;VALORIZAÇÃO E AMPLITUDE CULTURAL;13;Cultura;392;Difusão Cultural;256;3.3.90.08.00.00.00.00;OUTROS BENEFÍCIOS ASSISTENCIAIS-SERVIDOR/MILITAR;1.500.000.0000;RECURSOS NÃO VINCULADOS DE IMPOSTOS;933,32
PREFEITURA MUNICIPAL DE BARBACENA;14.003;FUNDO MUNICIPAL DE CULTURA;2.072;MANUTENÇAO DE MUSEUS;62;VALORIZAÇÃO E AMPLITUDE CULTURAL;13;Cultura;392;Difusão Cultural;257;3.3.90.14.00.00.00.00;DIÁRIAS - PESSOAL CIVIL;1.500.000.0000;RECURSOS NÃO VINCULADOS DE IMPOSTOS;0,00
PREFEITURA MUNICIPAL DE BARBACENA;14.003;FUNDO MUNICIPAL DE CULTURA;2.072;MANUTENÇAO DE MUSEUS;62;VALORIZAÇÃO E AMPLITUDE CULTURAL;13;Cultura;392;Difusão Cultural;257;3.3.90.14.00.00.00.00;DIÁRIAS - PESSOAL CIVIL;1.501.000.0000;OUTROS RECURSOS NÃO VINCULADOS;1.600,00
PREFEITURA MUNICIPAL DE BARBACENA;14.003;FUNDO MUNICIPAL DE CULTURA;2.072;MANUTENÇAO DE MUSEUS;62;VALORIZAÇÃO E AMPLITUDE CULTURAL;13;Cultura;392;Difusão Cultural;258;3.3.90.18.00.00.00.00;AUXÍLIO FINANCEIRO A ESTUDANTES;1.500.000.0000;RECURSOS NÃO VINCULADOS DE IMPOSTOS;1.000,00
PREFEITURA MUNICIPAL DE BARBACENA;14.003;FUNDO MUNICIPAL DE CULTURA;2.072;MANUTENÇAO DE MUSEUS;62;VALORIZAÇÃO E AMPLITUDE CULTURAL;13;Cultura;392;Difusão Cultural;259;3.3.90.30.00.00.00.00;MATERIAL DE CONSUMO;1.500.000.0000;RECURSOS NÃO VINCULADOS DE IMPOSTOS;266,67
PREFEITURA MUNICIPAL DE BARBACENA;14.003;FUNDO MUNICIPAL DE CULTURA;2.072;MANUTENÇAO DE MUSEUS;62;VALORIZAÇÃO E AMPLITUDE CULTURAL;13;Cultura;392;Difusão Cultural;259;3.3.90.30.00.00.00.00;MATERIAL DE CONSUMO;1.700.000.0000;OUTRAS TRANSFERÊNCIAS DE CONVÊNIOS OU INSTRUMENTOS CONGÊNERES DA UNIÃO;10.000,00
PREFEITURA MUNICIPAL DE BARBACENA;14.003;FUNDO MUNICIPAL DE CULTURA;2.072;MANUTENÇAO DE MUSEUS;62;VALORIZAÇÃO E AMPLITUDE CULTURAL;13;Cultura;392;Difusão Cultural;260;3.3.90.36.00.00.00.00;OUTROS SERVIÇOS DE TERCEIROS - PESSOA FÍSICA;1.500.000.0000;RECURSOS NÃO VINCULADOS DE IMPOSTOS;0,00
PREFEITURA MUNICIPAL DE BARBACENA;14.003;FUNDO MUNICIPAL DE CULTURA;2.072;MANUTENÇAO DE MUSEUS;62;VALORIZAÇÃO E AMPLITUDE CULTURAL;13;Cultura;392;Difusão Cultural;261;3.3.90.39.00.00.00.00;OUTROS SERVIÇOS DE TERCEIROS - PESSOA JURÍDICA;1.500.000.0000;RECURSOS NÃO VINCULADOS DE IMPOSTOS;352.138,32
PREFEITURA MUNICIPAL DE BARBACENA;14.003;FUNDO MUNICIPAL DE CULTURA;2.072;MANUTENÇAO DE MUSEUS;62;VALORIZAÇÃO E AMPLITUDE CULTURAL;13;Cultura;392;Difusão Cultural;261;3.3.90.39.00.00.00.00;OUTROS SERVIÇOS DE TERCEIROS - PESSOA JURÍDICA;1.700.000.0000;OUTRAS TRANSFERÊNCIAS DE CONVÊNIOS OU INSTRUMENTOS CONGÊNERES DA UNIÃO;10.000,00
PREFEITURA MUNICIPAL DE BARBACENA;14.003;FUNDO MUNICIPAL DE CULTURA;2.072;MANUTENÇAO DE MUSEUS;62;VALORIZAÇÃO E AMPLITUDE CULTURAL;13;Cultura;392;Difusão Cultural;262;3.3.90.46.00.00.00.00;AUXÍLIO-ALIMENTAÇÃO;1.500.000.0000;RECURSOS NÃO VINCULADOS DE IMPOSTOS;15.355,32
PREFEITURA MUNICIPAL DE BARBACENA;14.003;FUNDO MUNICIPAL DE CULTURA;2.072;MANUTENÇAO DE MUSEUS;62;VALORIZAÇÃO E AMPLITUDE CULTURAL;13;Cultura;392;Difusão Cultural;263;3.3.90.93.00.00.00.00;INDENIZAÇÕES E RESTITUIÇÕES;1.700.000.0000;OUTRAS TRANSFERÊNCIAS DE CONVÊNIOS OU INSTRUMENTOS CONGÊNERES DA UNIÃO;10.000,00
PREFEITURA MUNICIPAL DE BARBACENA;14.003;FUNDO MUNICIPAL DE CULTURA;2.072;MANUTENÇAO DE MUSEUS;62;VALORIZAÇÃO E AMPLITUDE CULTURAL;13;Cultura;392;Difusão Cultural;264;4.4.90.51.00.00.00.00;OBRAS E INSTALAÇÕES;1.500.000.0000;RECURSOS NÃO VINCULADOS DE IMPOSTOS;0,00
PREFEITURA MUNICIPAL DE BARBACENA;14.003;FUNDO MUNICIPAL DE CULTURA;2.072;MANUTENÇAO DE MUSEUS;62;VALORIZAÇÃO E AMPLITUDE CULTURAL;13;Cultura;392;Difusão Cultural;265;4.4.90.52.00.00.00.00;EQUIPAMENTOS E MATERIAL PERMANENTE;1.500.000.0000;RECURSOS NÃO VINCULADOS DE IMPOSTOS;0,00
PREFEITURA MUNICIPAL DE BARBACENA;14.003;FUNDO MUNICIPAL DE CULTURA;2.072;MANUTENÇAO DE MUSEUS;62;VALORIZAÇÃO E AMPLITUDE CULTURAL;13;Cultura;392;Difusão Cultural;265;4.4.90.52.00.00.00.00;EQUIPAMENTOS E MATERIAL PERMANENTE;1.700.000.0000;OUTRAS TRANSFERÊNCIAS DE CONVÊNIOS OU INSTRUMENTOS CONGÊNERES DA UNIÃO;35.000,00
PREFEITURA MUNICIPAL DE BARBACENA;14.003;FUNDO MUNICIPAL DE CULTURA;2.251;REALIZAÇÃO E APOIO A ATIVIDADES, CONCURSOS E EDITAIS CULTURAIS;62;VALORIZAÇÃO E AMPLITUDE CULTURAL;13;Cultura;392;Difusão Cultural;266;3.3.90.30.00.00.00.00;MATERIAL DE CONSUMO;1.500.000.0000;RECURSOS NÃO VINCULADOS DE IMPOSTOS;110,15
PREFEITURA MUNICIPAL DE BARBACENA;14.003;FUNDO MUNICIPAL DE CULTURA;2.251;REALIZAÇÃO E APOIO A ATIVIDADES, CONCURSOS E EDITAIS CULTURAIS;62;VALORIZAÇÃO E AMPLITUDE CULTURAL;13;Cultura;392;Difusão Cultural;267;3.3.90.39.00.00.00.00;OUTROS SERVIÇOS DE TERCEIROS - PESSOA JURÍDICA;1.500.000.0000;RECURSOS NÃO VINCULADOS DE IMPOSTOS;244,77
PREFEITURA MUNICIPAL DE BARBACENA;14.003;FUNDO MUNICIPAL DE CULTURA;2.251;REALIZAÇÃO E APOIO A ATIVIDADES, CONCURSOS E EDITAIS CULTURAIS;62;VALORIZAÇÃO E AMPLITUDE CULTURAL;13;Cultura;392;Difusão Cultural;267;3.3.90.39.00.00.00.00;OUTROS SERVIÇOS DE TERCEIROS - PESSOA JURÍDICA;2.753.000.0000;RECURSOS PROVENIENTES DE TAXAS, CONTRIBUIÇÕES E PREÇOS PÚBLICOS;0,01
PREFEITURA MUNICIPAL DE BARBACENA;14.003;FUNDO MUNICIPAL DE CULTURA;2.251;REALIZAÇÃO E APOIO A ATIVIDADES, CONCURSOS E EDITAIS CULTURAIS;62;VALORIZAÇÃO E AMPLITUDE CULTURAL;13;Cultura;392;Difusão Cultural;268;3.3.90.47.00.00.00.00;OBRIGAÇÕES TRIBUTÁRIAS E CONTRIBUTIVAS;1.500.000.0000;RECURSOS NÃO VINCULADOS DE IMPOSTOS;0,00
PREFEITURA MUNICIPAL DE BARBACENA;14.003;FUNDO MUNICIPAL DE CULTURA;2.251;REALIZAÇÃO E APOIO A ATIVIDADES, CONCURSOS E EDITAIS CULTURAIS;62;VALORIZAÇÃO E AMPLITUDE CULTURAL;13;Cultura;392;Difusão Cultural;269;3.3.90.93.00.00.00.00;INDENIZAÇÕES E RESTITUIÇÕES;1.749.000.0000;OUTRAS VINCULAÇÕES DE TRANSFERÊNCIAS;2.621,22
PREFEITURA MUNICIPAL DE BARBACENA;14.003;FUNDO MUNICIPAL DE CULTURA;2.343;MANUTENÇÃO DE AÇÕES PARA EXECUÇÃO DA LEI PAULO GUSTAVO - LEI N° 195/2022;62;VALORIZAÇÃO E AMPLITUDE CULTURAL;13;Cultura;392;Difusão Cultural;988;3.3.90.48.00.00.00.00;OUTROS AUXÍLIOS FINANCEIROS A PESSOAS FÍSICAS;1.715.000.0000;TRANSFERÊNCIAS DESTINADAS AO SETOR CULTURAL - LC Nº 195/2022 - ART. 5º - AUDIOVISUAL;380.000,00
PREFEITURA MUNICIPAL DE BARBACENA;14.003;FUNDO MUNICIPAL DE CULTURA;2.343;MANUTENÇÃO DE AÇÕES PARA EXECUÇÃO DA LEI PAULO GUSTAVO - LEI N° 195/2022;62;VALORIZAÇÃO E AMPLITUDE CULTURAL;13;Cultura;392;Difusão Cultural;989;3.3.60.45.00.00.00.00;SUBVENÇÕES ECONÔMICAS;1.715.000.0000;TRANSFERÊNCIAS DESTINADAS AO SETOR CULTURAL - LC Nº 195/2022 - ART. 5º - AUDIOVISUAL;344.884,97
PREFEITURA MUNICIPAL DE BARBACENA;14.003;FUNDO MUNICIPAL DE CULTURA;2.343;MANUTENÇÃO DE AÇÕES PARA EXECUÇÃO DA LEI PAULO GUSTAVO - LEI N° 195/2022;62;VALORIZAÇÃO E AMPLITUDE CULTURAL;13;Cultura;392;Difusão Cultural;990;3.3.50.41.00.00.00.00;CONTRIBUIÇÕES;1.715.000.0000;TRANSFERÊNCIAS DESTINADAS AO SETOR CULTURAL - LC Nº 195/2022 - ART. 5º - AUDIOVISUAL;96.537,52
PREFEITURA MUNICIPAL DE BARBACENA;14.003;FUNDO MUNICIPAL DE CULTURA;2.343;MANUTENÇÃO DE AÇÕES PARA EXECUÇÃO DA LEI PAULO GUSTAVO - LEI N° 195/2022;62;VALORIZAÇÃO E AMPLITUDE CULTURAL;13;Cultura;392;Difusão Cultural;991;3.3.90.31.00.00.00.00;PREMIAÇÕES CULTURAIS, ARTÍSTICAS, CIENT., DESPORT;1.716.000.0000;TRANSFERÊNCIAS DESTINADAS AO SETOR CULTURAL - LC Nº 195/2022 - ART. 8º - DEMAIS SETORES DA CULTURA;332.747,09
PREFEITURA MUNICIPAL DE BARBACENA;14.003;FUNDO MUNICIPAL DE CULTURA;2.478;SUBSIDIAR TRANSPORTE PARA BANDAS DE MÚSICA E DE CONGADO PARA PARTICIPAÇÃO NOS EVENTOS FORA DA CIDADE;62;VALORIZAÇÃO E AMPLITUDE CULTURAL;13;Cultura;392;Difusão Cultural;270;3.3.90.39.00.00.00.00;OUTROS SERVIÇOS DE TERCEIROS - PESSOA JURÍDICA;1.500.000.0000;RECURSOS NÃO VINCULADOS DE IMPOSTOS;40.000,00
PREFEITURA MUNICIPAL DE BARBACENA;14.004;FUNDO MUN. PATRIM. ART, HIST. E CULTURAL - FUMPAC;2.338;MANUTENÇÃO, REF. E ADEQ. DOS APARELHOS CULTURAIS E PATRIMÔNIO HISTÓRICO CULTURAL;62;VALORIZAÇÃO E AMPLITUDE CULTURAL;13;Cultura;392;Difusão Cultural;271;3.3.90.30.00.00.00.00;MATERIAL DE CONSUMO;1.500.000.0000;RECURSOS NÃO VINCULADOS DE IMPOSTOS;0,00
PREFEITURA MUNICIPAL DE BARBACENA;14.004;FUNDO MUN. PATRIM. ART, HIST. E CULTURAL - FUMPAC;2.338;MANUTENÇÃO, REF. E ADEQ. DOS APARELHOS CULTURAIS E PATRIMÔNIO HISTÓRICO CULTURAL;62;VALORIZAÇÃO E AMPLITUDE CULTURAL;13;Cultura;392;Difusão Cultural;272;3.3.90.35.00.00.00.00;SERVIÇOS DE CONSULTORIA;1.500.000.0000;RECURSOS NÃO VINCULADOS DE IMPOSTOS;29.160,00
PREFEITURA MUNICIPAL DE BARBACENA;14.004;FUNDO MUN. PATRIM. ART, HIST. E CULTURAL - FUMPAC;2.338;MANUTENÇÃO, REF. E ADEQ. DOS APARELHOS CULTURAIS E PATRIMÔNIO HISTÓRICO CULTURAL;62;VALORIZAÇÃO E AMPLITUDE CULTURAL;13;Cultura;392;Difusão Cultural;273;3.3.90.36.00.00.00.00;OUTROS SERVIÇOS DE TERCEIROS - PESSOA FÍSICA;1.500.000.0000;RECURSOS NÃO VINCULADOS DE IMPOSTOS;0,00
PREFEITURA MUNICIPAL DE BARBACENA;14.004;FUNDO MUN. PATRIM. ART, HIST. E CULTURAL - FUMPAC;2.338;MANUTENÇÃO, REF. E ADEQ. DOS APARELHOS CULTURAIS E PATRIMÔNIO HISTÓRICO CULTURAL;62;VALORIZAÇÃO E AMPLITUDE CULTURAL;13;Cultura;392;Difusão Cultural;274;3.3.90.39.00.00.00.00;OUTROS SERVIÇOS DE TERCEIROS - PESSOA JURÍDICA;1.500.000.0000;RECURSOS NÃO VINCULADOS DE IMPOSTOS;107.440,08
PREFEITURA MUNICIPAL DE BARBACENA;14.004;FUNDO MUN. PATRIM. ART, HIST. E CULTURAL - FUMPAC;2.338;MANUTENÇÃO, REF. E ADEQ. DOS APARELHOS CULTURAIS E PATRIMÔNIO HISTÓRICO CULTURAL;62;VALORIZAÇÃO E AMPLITUDE CULTURAL;13;Cultura;392;Difusão Cultural;275;3.3.90.47.00.00.00.00;OBRIGAÇÕES TRIBUTÁRIAS E CONTRIBUTIVAS;1.500.000.0000;RECURSOS NÃO VINCULADOS DE IMPOSTOS;0,00
PREFEITURA MUNICIPAL DE BARBACENA;14.004;FUNDO MUN. PATRIM. ART, HIST. E CULTURAL - FUMPAC;2.338;MANUTENÇÃO, REF. E ADEQ. DOS APARELHOS CULTURAIS E PATRIMÔNIO HISTÓRICO CULTURAL;62;VALORIZAÇÃO E AMPLITUDE CULTURAL;13;Cultura;392;Difusão Cultural;276;4.4.90.51.00.00.00.00;OBRAS E INSTALAÇÕES;1.500.000.0000;RECURSOS NÃO VINCULADOS DE IMPOSTOS;21,46
PREFEITURA MUNICIPAL DE BARBACENA;14.004;FUNDO MUN. PATRIM. ART, HIST. E CULTURAL - FUMPAC;2.338;MANUTENÇÃO, REF. E ADEQ. DOS APARELHOS CULTURAIS E PATRIMÔNIO HISTÓRICO CULTURAL;62;VALORIZAÇÃO E AMPLITUDE CULTURAL;13;Cultura;392;Difusão Cultural;276;4.4.90.51.00.00.00.00;OBRAS E INSTALAÇÕES;2.500.000.0000;RECURSOS NÃO VINCULADOS DE IMPOSTOS;244.515,46
PREFEITURA MUNICIPAL DE BARBACENA;14.004;FUNDO MUN. PATRIM. ART, HIST. E CULTURAL - FUMPAC;2.338;MANUTENÇÃO, REF. E ADEQ. DOS APARELHOS CULTURAIS E PATRIMÔNIO HISTÓRICO CULTURAL;62;VALORIZAÇÃO E AMPLITUDE CULTURAL;13;Cultura;392;Difusão Cultural;277;4.4.90.52.00.00.00.00;EQUIPAMENTOS E MATERIAL PERMANENTE;1.500.000.0000;RECURSOS NÃO VINCULADOS DE IMPOSTOS;94,78
PREFEITURA MUNICIPAL DE BARBACENA;14.004;FUNDO MUN. PATRIM. ART, HIST. E CULTURAL - FUMPAC;2.338;MANUTENÇÃO, REF. E ADEQ. DOS APARELHOS CULTURAIS E PATRIMÔNIO HISTÓRICO CULTURAL;62;VALORIZAÇÃO E AMPLITUDE CULTURAL;13;Cultura;392;Difusão Cultural;950;3.3.90.92.00.00.00.00;DESPESAS DE EXERCÍCIOS ANTERIORES;1.500.000.0000;RECURSOS NÃO VINCULADOS DE IMPOSTOS;4.320,00
PREFEITURA MUNICIPAL DE BARBACENA;14.005;FUNDO MUNICIPAL DE TURISMO;2.257;REALIZAÇAO DA EXPOSIÇAO AGROPECUARIA DE BARBACENA;40;CALENDÁRIO OFICIAL DE EVENTOS;4;Administração;122;Administração Geral;278;3.3.90.39.00.00.00.00;OUTROS SERVIÇOS DE TERCEIROS - PESSOA JURÍDICA;1.500.000.0000;RECURSOS NÃO VINCULADOS DE IMPOSTOS;2.132.944,64
PREFEITURA MUNICIPAL DE BARBACENA;14.005;FUNDO MUNICIPAL DE TURISMO;2.257;REALIZAÇAO DA EXPOSIÇAO AGROPECUARIA DE BARBACENA;40;CALENDÁRIO OFICIAL DE EVENTOS;4;Administração;122;Administração Geral;953;3.3.90.47.00.00.00.00;OBRIGAÇÕES TRIBUTÁRIAS E CONTRIBUTIVAS;1.500.000.0000;RECURSOS NÃO VINCULADOS DE IMPOSTOS;50.000,00
PREFEITURA MUNICIPAL DE BARBACENA;14.005;FUNDO MUNICIPAL DE TURISMO;2.256;REALIZAÇAO DO CARNAVAL;40;CALENDÁRIO OFICIAL DE EVENTOS;4;Administração;392;Difusão Cultural;279;3.3.90.30.00.00.00.00;MATERIAL DE CONSUMO;1.500.000.0000;RECURSOS NÃO VINCULADOS DE IMPOSTOS;0,00
PREFEITURA MUNICIPAL DE BARBACENA;14.005;FUNDO MUNICIPAL DE TURISMO;2.256;REALIZAÇAO DO CARNAVAL;40;CALENDÁRIO OFICIAL DE EVENTOS;4;Administração;392;Difusão Cultural;280;3.3.90.36.00.00.00.00;OUTROS SERVIÇOS DE TERCEIROS - PESSOA FÍSICA;1.500.000.0000;RECURSOS NÃO VINCULADOS DE IMPOSTOS;0,00
PREFEITURA MUNICIPAL DE BARBACENA;14.005;FUNDO MUNICIPAL DE TURISMO;2.256;REALIZAÇAO DO CARNAVAL;40;CALENDÁRIO OFICIAL DE EVENTOS;4;Administração;392;Difusão Cultural;281;3.3.90.39.00.00.00.00;OUTROS SERVIÇOS DE TERCEIROS - PESSOA JURÍDICA;1.500.000.0000;RECURSOS NÃO VINCULADOS DE IMPOSTOS;150.000,00
PREFEITURA MUNICIPAL DE BARBACENA;14.005;FUNDO MUNICIPAL DE TURISMO;2.261;REALIZAÇAO DA FESTA DAS ROSAS E FLORES;40;CALENDÁRIO OFICIAL DE EVENTOS;4;Administração;392;Difusão Cultural;282;3.3.90.39.00.00.00.00;OUTROS SERVIÇOS DE TERCEIROS - PESSOA JURÍDICA;1.500.000.0000;RECURSOS NÃO VINCULADOS DE IMPOSTOS;25.970,62
PREFEITURA MUNICIPAL DE BARBACENA;14.005;FUNDO MUNICIPAL DE TURISMO;2.261;REALIZAÇAO DA FESTA DAS ROSAS E FLORES;40;CALENDÁRIO OFICIAL DE EVENTOS;4;Administração;392;Difusão Cultural;282;3.3.90.39.00.00.00.00;OUTROS SERVIÇOS DE TERCEIROS - PESSOA JURÍDICA;2.500.000.0000;RECURSOS NÃO VINCULADOS DE IMPOSTOS;1.553.105,50
PREFEITURA MUNICIPAL DE BARBACENA;14.005;FUNDO MUNICIPAL DE TURISMO;2.261;REALIZAÇAO DA FESTA DAS ROSAS E FLORES;40;CALENDÁRIO OFICIAL DE EVENTOS;4;Administração;392;Difusão Cultural;282;3.3.90.39.00.00.00.00;OUTROS SERVIÇOS DE TERCEIROS - PESSOA JURÍDICA;2.753.000.0000;RECURSOS PROVENIENTES DE TAXAS, CONTRIBUIÇÕES E PREÇOS PÚBLICOS;842.445,01
PREFEITURA MUNICIPAL DE BARBACENA;14.005;FUNDO MUNICIPAL DE TURISMO;2.261;REALIZAÇAO DA FESTA DAS ROSAS E FLORES;40;CALENDÁRIO OFICIAL DE EVENTOS;4;Administração;392;Difusão Cultural;975;3.3.90.47.00.00.00.00;OBRIGAÇÕES TRIBUTÁRIAS E CONTRIBUTIVAS;2.500.000.0000;RECURSOS NÃO VINCULADOS DE IMPOSTOS;38.000,00
PREFEITURA MUNICIPAL DE BARBACENA;14.005;FUNDO MUNICIPAL DE TURISMO;2.256;REALIZAÇAO DO CARNAVAL;40;CALENDÁRIO OFICIAL DE EVENTOS;13;Cultura;392;Difusão Cultural;922;3.3.90.47.00.00.00.00;OBRIGAÇÕES TRIBUTÁRIAS E CONTRIBUTIVAS;1.500.000.0000;RECURSOS NÃO VINCULADOS DE IMPOSTOS;5.519,51
PREFEITURA MUNICIPAL DE BARBACENA;14.005;FUNDO MUNICIPAL DE TURISMO;2.670;APOIO A REALIZAÇÃO DE EVENTOS E FESTIVIDADES EM GERAL;40;CALENDÁRIO OFICIAL DE EVENTOS;13;Cultura;392;Difusão Cultural;290;3.3.50.41.00.00.00.00;CONTRIBUIÇÕES;1.500.000.0000;RECURSOS NÃO VINCULADOS DE IMPOSTOS;0,00
PREFEITURA MUNICIPAL DE BARBACENA;14.005;FUNDO MUNICIPAL DE TURISMO;2.670;APOIO A REALIZAÇÃO DE EVENTOS E FESTIVIDADES EM GERAL;40;CALENDÁRIO OFICIAL DE EVENTOS;13;Cultura;392;Difusão Cultural;291;3.3.90.39.00.00.00.00;OUTROS SERVIÇOS DE TERCEIROS - PESSOA JURÍDICA;1.500.000.0000;RECURSOS NÃO VINCULADOS DE IMPOSTOS;606.853,20
PREFEITURA MUNICIPAL DE BARBACENA;14.005;FUNDO MUNICIPAL DE TURISMO;2.670;APOIO A REALIZAÇÃO DE EVENTOS E FESTIVIDADES EM GERAL;40;CALENDÁRIO OFICIAL DE EVENTOS;13;Cultura;392;Difusão Cultural;291;3.3.90.39.00.00.00.00;OUTROS SERVIÇOS DE TERCEIROS - PESSOA JURÍDICA;1.501.000.0000;OUTROS RECURSOS NÃO VINCULADOS;57.268,66
PREFEITURA MUNICIPAL DE BARBACENA;14.005;FUNDO MUNICIPAL DE TURISMO;2.670;APOIO A REALIZAÇÃO DE EVENTOS E FESTIVIDADES EM GERAL;40;CALENDÁRIO OFICIAL DE EVENTOS;13;Cultura;392;Difusão Cultural;291;3.3.90.39.00.00.00.00;OUTROS SERVIÇOS DE TERCEIROS - PESSOA JURÍDICA;2.500.000.0000;RECURSOS NÃO VINCULADOS DE IMPOSTOS;710.631,01
PREFEITURA MUNICIPAL DE BARBACENA;14.005;FUNDO MUNICIPAL DE TURISMO;2.670;APOIO A REALIZAÇÃO DE EVENTOS E FESTIVIDADES EM GERAL;40;CALENDÁRIO OFICIAL DE EVENTOS;13;Cultura;392;Difusão Cultural;291;3.3.90.39.00.00.00.00;OUTROS SERVIÇOS DE TERCEIROS - PESSOA JURÍDICA;2.753.000.0000;RECURSOS PROVENIENTES DE TAXAS, CONTRIBUIÇÕES E PREÇOS PÚBLICOS;0,01
PREFEITURA MUNICIPAL DE BARBACENA;14.005;FUNDO MUNICIPAL DE TURISMO;2.671;REALIZAÇÃO DAS FESTIVIDADES DO JUBILIEU DE SÃO JOSÉ OPERÁRIO;40;CALENDÁRIO OFICIAL DE EVENTOS;13;Cultura;392;Difusão Cultural;292;3.3.90.39.00.00.00.00;OUTROS SERVIÇOS DE TERCEIROS - PESSOA JURÍDICA;1.500.000.0000;RECURSOS NÃO VINCULADOS DE IMPOSTOS;116.943,20
PREFEITURA MUNICIPAL DE BARBACENA;14.005;FUNDO MUNICIPAL DE TURISMO;2.671;REALIZAÇÃO DAS FESTIVIDADES DO JUBILIEU DE SÃO JOSÉ OPERÁRIO;40;CALENDÁRIO OFICIAL DE EVENTOS;13;Cultura;392;Difusão Cultural;943;3.3.90.30.00.00.00.00;MATERIAL DE CONSUMO;1.500.000.0000;RECURSOS NÃO VINCULADOS DE IMPOSTOS;6.250,22
PREFEITURA MUNICIPAL DE BARBACENA;14.005;FUNDO MUNICIPAL DE TURISMO;2.734;REALIZAÇÃO DE DEMAIS EVENTOS DO CALENDÁRIO OFICIAL DO MUNICÍPIO;40;CALENDÁRIO OFICIAL DE EVENTOS;13;Cultura;392;Difusão Cultural;293;3.3.90.39.00.00.00.00;OUTROS SERVIÇOS DE TERCEIROS - PESSOA JURÍDICA;1.500.000.0000;RECURSOS NÃO VINCULADOS DE IMPOSTOS;743.088,21
PREFEITURA MUNICIPAL DE BARBACENA;14.005;FUNDO MUNICIPAL DE TURISMO;2.734;REALIZAÇÃO DE DEMAIS EVENTOS DO CALENDÁRIO OFICIAL DO MUNICÍPIO;40;CALENDÁRIO OFICIAL DE EVENTOS;13;Cultura;392;Difusão Cultural;293;3.3.90.39.00.00.00.00;OUTROS SERVIÇOS DE TERCEIROS - PESSOA JURÍDICA;2.500.000.0000;RECURSOS NÃO VINCULADOS DE IMPOSTOS;3.725.538,07
PREFEITURA MUNICIPAL DE BARBACENA;14.005;FUNDO MUNICIPAL DE TURISMO;2.734;REALIZAÇÃO DE DEMAIS EVENTOS DO CALENDÁRIO OFICIAL DO MUNICÍPIO;40;CALENDÁRIO OFICIAL DE EVENTOS;13;Cultura;392;Difusão Cultural;293;3.3.90.39.00.00.00.00;OUTROS SERVIÇOS DE TERCEIROS - PESSOA JURÍDICA;2.753.000.0000;RECURSOS PROVENIENTES DE TAXAS, CONTRIBUIÇÕES E PREÇOS PÚBLICOS;0,01
PREFEITURA MUNICIPAL DE BARBACENA;14.005;FUNDO MUNICIPAL DE TURISMO;2.734;REALIZAÇÃO DE DEMAIS EVENTOS DO CALENDÁRIO OFICIAL DO MUNICÍPIO;40;CALENDÁRIO OFICIAL DE EVENTOS;13;Cultura;392;Difusão Cultural;294;3.3.90.47.00.00.00.00;OBRIGAÇÕES TRIBUTÁRIAS E CONTRIBUTIVAS;1.500.000.0000;RECURSOS NÃO VINCULADOS DE IMPOSTOS;12.844,00
PREFEITURA MUNICIPAL DE BARBACENA;14.005;FUNDO MUNICIPAL DE TURISMO;2.734;REALIZAÇÃO DE DEMAIS EVENTOS DO CALENDÁRIO OFICIAL DO MUNICÍPIO;40;CALENDÁRIO OFICIAL DE EVENTOS;13;Cultura;392;Difusão Cultural;294;3.3.90.47.00.00.00.00;OBRIGAÇÕES TRIBUTÁRIAS E CONTRIBUTIVAS;2.500.000.0000;RECURSOS NÃO VINCULADOS DE IMPOSTOS;24.600,00
PREFEITURA MUNICIPAL DE BARBACENA;14.005;FUNDO MUNICIPAL DE TURISMO;2.734;REALIZAÇÃO DE DEMAIS EVENTOS DO CALENDÁRIO OFICIAL DO MUNICÍPIO;40;CALENDÁRIO OFICIAL DE EVENTOS;13;Cultura;392;Difusão Cultural;294;3.3.90.47.00.00.00.00;OBRIGAÇÕES TRIBUTÁRIAS E CONTRIBUTIVAS;2.753.000.0000;RECURSOS PROVENIENTES DE TAXAS, CONTRIBUIÇÕES E PREÇOS PÚBLICOS;11.000,00
PREFEITURA MUNICIPAL DE BARBACENA;14.005;FUNDO MUNICIPAL DE TURISMO;2.734;REALIZAÇÃO DE DEMAIS EVENTOS DO CALENDÁRIO OFICIAL DO MUNICÍPIO;40;CALENDÁRIO OFICIAL DE EVENTOS;13;Cultura;392;Difusão Cultural;934;3.3.90.30.00.00.00.00;MATERIAL DE CONSUMO;1.500.000.0000;RECURSOS NÃO VINCULADOS DE IMPOSTOS;9.720,77
PREFEITURA MUNICIPAL DE BARBACENA;14.005;FUNDO MUNICIPAL DE TURISMO;2.734;REALIZAÇÃO DE DEMAIS EVENTOS DO CALENDÁRIO OFICIAL DO MUNICÍPIO;40;CALENDÁRIO OFICIAL DE EVENTOS;13;Cultura;392;Difusão Cultural;934;3.3.90.30.00.00.00.00;MATERIAL DE CONSUMO;2.500.000.0000;RECURSOS NÃO VINCULADOS DE IMPOSTOS;86.095,75
PREFEITURA MUNICIPAL DE BARBACENA;14.005;FUNDO MUNICIPAL DE TURISMO;2.734;REALIZAÇÃO DE DEMAIS EVENTOS DO CALENDÁRIO OFICIAL DO MUNICÍPIO;40;CALENDÁRIO OFICIAL DE EVENTOS;13;Cultura;392;Difusão Cultural;934;3.3.90.30.00.00.00.00;MATERIAL DE CONSUMO;2.753.000.0000;RECURSOS PROVENIENTES DE TAXAS, CONTRIBUIÇÕES E PREÇOS PÚBLICOS;0,01
PREFEITURA MUNICIPAL DE BARBACENA;14.005;FUNDO MUNICIPAL DE TURISMO;1.452;ADEQUAÇÃO DA COMTUR, FUMTUR E POLÍTICA MUNICIPAL DE TURISMO;64;BARBACENA DESTINO TURÍSTICO;4;Administração;695;Turismo;283;3.3.90.39.00.00.00.00;OUTROS SERVIÇOS DE TERCEIROS - PESSOA JURÍDICA;1.500.000.0000;RECURSOS NÃO VINCULADOS DE IMPOSTOS;734,68
PREFEITURA MUNICIPAL DE BARBACENA;14.005;FUNDO MUNICIPAL DE TURISMO;2.732;IMPLANTAÇÃO E MANUTENÇÃO DO CENTRO DE APOIO TURÍSTICO (CAT);64;BARBACENA DESTINO TURÍSTICO;4;Administração;695;Turismo;284;3.3.90.30.00.00.00.00;MATERIAL DE CONSUMO;1.500.000.0000;RECURSOS NÃO VINCULADOS DE IMPOSTOS;440,00
PREFEITURA MUNICIPAL DE BARBACENA;14.005;FUNDO MUNICIPAL DE TURISMO;2.732;IMPLANTAÇÃO E MANUTENÇÃO DO CENTRO DE APOIO TURÍSTICO (CAT);64;BARBACENA DESTINO TURÍSTICO;4;Administração;695;Turismo;285;3.3.90.39.00.00.00.00;OUTROS SERVIÇOS DE TERCEIROS - PESSOA JURÍDICA;1.500.000.0000;RECURSOS NÃO VINCULADOS DE IMPOSTOS;667,62
PREFEITURA MUNICIPAL DE BARBACENA;14.005;FUNDO MUNICIPAL DE TURISMO;2.732;IMPLANTAÇÃO E MANUTENÇÃO DO CENTRO DE APOIO TURÍSTICO (CAT);64;BARBACENA DESTINO TURÍSTICO;4;Administração;695;Turismo;286;4.4.90.52.00.00.00.00;EQUIPAMENTOS E MATERIAL PERMANENTE;1.753.000.0000;RECURSOS PROVENIENTES DE TAXAS, CONTRIBUIÇÕES E PREÇOS PÚBLICOS;0,00
PREFEITURA MUNICIPAL DE BARBACENA;14.005;FUNDO MUNICIPAL DE TURISMO;2.733;REALIZAÇÃO E APOIO A ATIVIDADES, CAPACITAÇÕES, CONCURSOS E AÇÕES TURÍSTICAS;64;BARBACENA DESTINO TURÍSTICO;4;Administração;695;Turismo;287;3.3.90.30.00.00.00.00;MATERIAL DE CONSUMO;1.500.000.0000;RECURSOS NÃO VINCULADOS DE IMPOSTOS;320,20
PREFEITURA MUNICIPAL DE BARBACENA;14.005;FUNDO MUNICIPAL DE TURISMO;2.733;REALIZAÇÃO E APOIO A ATIVIDADES, CAPACITAÇÕES, CONCURSOS E AÇÕES TURÍSTICAS;64;BARBACENA DESTINO TURÍSTICO;4;Administração;695;Turismo;288;3.3.90.39.00.00.00.00;OUTROS SERVIÇOS DE TERCEIROS - PESSOA JURÍDICA;1.500.000.0000;RECURSOS NÃO VINCULADOS DE IMPOSTOS;0,00
PREFEITURA MUNICIPAL DE BARBACENA;14.005;FUNDO MUNICIPAL DE TURISMO;2.733;REALIZAÇÃO E APOIO A ATIVIDADES, CAPACITAÇÕES, CONCURSOS E AÇÕES TURÍSTICAS;64;BARBACENA DESTINO TURÍSTICO;4;Administração;695;Turismo;288;3.3.90.39.00.00.00.00;OUTROS SERVIÇOS DE TERCEIROS - PESSOA JURÍDICA;1.753.000.0000;RECURSOS PROVENIENTES DE TAXAS, CONTRIBUIÇÕES E PREÇOS PÚBLICOS;9.656,06
PREFEITURA MUNICIPAL DE BARBACENA;14.005;FUNDO MUNICIPAL DE TURISMO;2.733;REALIZAÇÃO E APOIO A ATIVIDADES, CAPACITAÇÕES, CONCURSOS E AÇÕES TURÍSTICAS;64;BARBACENA DESTINO TURÍSTICO;4;Administração;695;Turismo;289;4.4.90.52.00.00.00.00;EQUIPAMENTOS E MATERIAL PERMANENTE;1.500.000.0000;RECURSOS NÃO VINCULADOS DE IMPOSTOS;0,00
PREFEITURA MUNICIPAL DE BARBACENA;14.005;FUNDO MUNICIPAL DE TURISMO;2.733;REALIZAÇÃO E APOIO A ATIVIDADES, CAPACITAÇÕES, CONCURSOS E AÇÕES TURÍSTICAS;64;BARBACENA DESTINO TURÍSTICO;4;Administração;695;Turismo;992;3.3.50.41.00.00.00.00;CONTRIBUIÇÕES;1.753.000.0000;RECURSOS PROVENIENTES DE TAXAS, CONTRIBUIÇÕES E PREÇOS PÚBLICOS;18.465,00
PREFEITURA MUNICIPAL DE BARBACENA;15.001;SEGOV;2.068;PESSOAL E ENCARGOS SOCIAIS DA SEGOV;11;APOIO A ADMINISTRAÇAO PUBLICA;4;Administração;122;Administração Geral;295;3.1.90.04.00.00.00.00;CONTRATAÇÃO POR TEMPO DETERMINADO;1.500.000.0000;RECURSOS NÃO VINCULADOS DE IMPOSTOS;10.314,42
PREFEITURA MUNICIPAL DE BARBACENA;15.001;SEGOV;2.068;PESSOAL E ENCARGOS SOCIAIS DA SEGOV;11;APOIO A ADMINISTRAÇAO PUBLICA;4;Administração;122;Administração Geral;296;3.1.90.11.00.00.00.00;VENCIMENTOS E VANTAGENS FIXAS - PESSOAL CIVIL;1.500.000.0000;RECURSOS NÃO VINCULADOS DE IMPOSTOS;1.226.845,28
PREFEITURA MUNICIPAL DE BARBACENA;15.001;SEGOV;2.068;PESSOAL E ENCARGOS SOCIAIS DA SEGOV;11;APOIO A ADMINISTRAÇAO PUBLICA;4;Administração;122;Administração Geral;297;3.1.90.13.00.00.00.00;OBRIGAÇÕES PATRONAIS;1.500.000.0000;RECURSOS NÃO VINCULADOS DE IMPOSTOS;137.553,79
PREFEITURA MUNICIPAL DE BARBACENA;15.001;SEGOV;2.068;PESSOAL E ENCARGOS SOCIAIS DA SEGOV;11;APOIO A ADMINISTRAÇAO PUBLICA;4;Administração;122;Administração Geral;298;3.1.91.13.00.00.00.00;OBRIGAÇÕES PATRONAIS;1.500.000.0000;RECURSOS NÃO VINCULADOS DE IMPOSTOS;154.164,76
PREFEITURA MUNICIPAL DE BARBACENA;15.001;SEGOV;2.068;PESSOAL E ENCARGOS SOCIAIS DA SEGOV;11;APOIO A ADMINISTRAÇAO PUBLICA;4;Administração;122;Administração Geral;299;3.3.90.08.00.00.00.00;OUTROS BENEFÍCIOS ASSISTENCIAIS-SERVIDOR/MILITAR;1.500.000.0000;RECURSOS NÃO VINCULADOS DE IMPOSTOS;1.000,00
PREFEITURA MUNICIPAL DE BARBACENA;15.001;SEGOV;2.068;PESSOAL E ENCARGOS SOCIAIS DA SEGOV;11;APOIO A ADMINISTRAÇAO PUBLICA;4;Administração;122;Administração Geral;300;3.3.90.18.00.00.00.00;AUXÍLIO FINANCEIRO A ESTUDANTES;1.500.000.0000;RECURSOS NÃO VINCULADOS DE IMPOSTOS;0,00
PREFEITURA MUNICIPAL DE BARBACENA;15.001;SEGOV;2.068;PESSOAL E ENCARGOS SOCIAIS DA SEGOV;11;APOIO A ADMINISTRAÇAO PUBLICA;4;Administração;122;Administração Geral;301;3.3.90.19.00.00.00.00;AUXÍLIO-FARDAMENTO;1.500.000.0000;RECURSOS NÃO VINCULADOS DE IMPOSTOS;590,64
PREFEITURA MUNICIPAL DE BARBACENA;15.001;SEGOV;2.068;PESSOAL E ENCARGOS SOCIAIS DA SEGOV;11;APOIO A ADMINISTRAÇAO PUBLICA;4;Administração;122;Administração Geral;302;3.3.90.46.00.00.00.00;AUXÍLIO-ALIMENTAÇÃO;1.500.000.0000;RECURSOS NÃO VINCULADOS DE IMPOSTOS;107.931,59
PREFEITURA MUNICIPAL DE BARBACENA;15.001;SEGOV;2.180;MANUTENÇAO DE DESPESAS COM EVENTOS, FESTIVIDADES, RECEPCOES E HOMENAGENS;11;APOIO A ADMINISTRAÇAO PUBLICA;4;Administração;122;Administração Geral;303;3.3.90.30.00.00.00.00;MATERIAL DE CONSUMO;1.500.000.0000;RECURSOS NÃO VINCULADOS DE IMPOSTOS;0,00
PREFEITURA MUNICIPAL DE BARBACENA;15.001;SEGOV;2.180;MANUTENÇAO DE DESPESAS COM EVENTOS, FESTIVIDADES, RECEPCOES E HOMENAGENS;11;APOIO A ADMINISTRAÇAO PUBLICA;4;Administração;122;Administração Geral;304;3.3.90.39.00.00.00.00;OUTROS SERVIÇOS DE TERCEIROS - PESSOA JURÍDICA;1.500.000.0000;RECURSOS NÃO VINCULADOS DE IMPOSTOS;0,00
PREFEITURA MUNICIPAL DE BARBACENA;15.001;SEGOV;2.180;MANUTENÇAO DE DESPESAS COM EVENTOS, FESTIVIDADES, RECEPCOES E HOMENAGENS;11;APOIO A ADMINISTRAÇAO PUBLICA;4;Administração;122;Administração Geral;305;3.3.90.92.00.00.00.00;DESPESAS DE EXERCÍCIOS ANTERIORES;1.500.000.0000;RECURSOS NÃO VINCULADOS DE IMPOSTOS;0,00
PREFEITURA MUNICIPAL DE BARBACENA;15.001;SEGOV;2.180;MANUTENÇAO DE DESPESAS COM EVENTOS, FESTIVIDADES, RECEPCOES E HOMENAGENS;11;APOIO A ADMINISTRAÇAO PUBLICA;4;Administração;122;Administração Geral;954;3.3.90.31.00.00.00.00;PREMIAÇÕES CULTURAIS, ARTÍSTICAS, CIENT., DESPORT;1.500.000.0000;RECURSOS NÃO VINCULADOS DE IMPOSTOS;2.500,01
PREFEITURA MUNICIPAL DE BARBACENA;15.001;SEGOV;2.181;MANUTENÇAO DA SEGOV;11;APOIO A ADMINISTRAÇAO PUBLICA;4;Administração;122;Administração Geral;306;3.3.90.14.00.00.00.00;DIÁRIAS - PESSOAL CIVIL;1.500.000.0000;RECURSOS NÃO VINCULADOS DE IMPOSTOS;1.600,00
PREFEITURA MUNICIPAL DE BARBACENA;15.001;SEGOV;2.181;MANUTENÇAO DA SEGOV;11;APOIO A ADMINISTRAÇAO PUBLICA;4;Administração;122;Administração Geral;307;3.3.90.30.00.00.00.00;MATERIAL DE CONSUMO;1.500.000.0000;RECURSOS NÃO VINCULADOS DE IMPOSTOS;125.027,51
PREFEITURA MUNICIPAL DE BARBACENA;15.001;SEGOV;2.181;MANUTENÇAO DA SEGOV;11;APOIO A ADMINISTRAÇAO PUBLICA;4;Administração;122;Administração Geral;307;3.3.90.30.00.00.00.00;MATERIAL DE CONSUMO;1.753.000.0000;RECURSOS PROVENIENTES DE TAXAS, CONTRIBUIÇÕES E PREÇOS PÚBLICOS;0,00
PREFEITURA MUNICIPAL DE BARBACENA;15.001;SEGOV;2.181;MANUTENÇAO DA SEGOV;11;APOIO A ADMINISTRAÇAO PUBLICA;4;Administração;122;Administração Geral;308;3.3.90.36.00.00.00.00;OUTROS SERVIÇOS DE TERCEIROS - PESSOA FÍSICA;1.500.000.0000;RECURSOS NÃO VINCULADOS DE IMPOSTOS;0,00
PREFEITURA MUNICIPAL DE BARBACENA;15.001;SEGOV;2.181;MANUTENÇAO DA SEGOV;11;APOIO A ADMINISTRAÇAO PUBLICA;4;Administração;122;Administração Geral;309;3.3.90.39.00.00.00.00;OUTROS SERVIÇOS DE TERCEIROS - PESSOA JURÍDICA;1.500.000.0000;RECURSOS NÃO VINCULADOS DE IMPOSTOS;45.032,93
PREFEITURA MUNICIPAL DE BARBACENA;15.001;SEGOV;2.181;MANUTENÇAO DA SEGOV;11;APOIO A ADMINISTRAÇAO PUBLICA;4;Administração;122;Administração Geral;310;3.3.90.40.00.00.00.00;SERVIÇOS DE TECNOLOGIA DA INFORMAÇÃO E COMUNICAÇ;1.500.000.0000;RECURSOS NÃO VINCULADOS DE IMPOSTOS;0,00
PREFEITURA MUNICIPAL DE BARBACENA;15.001;SEGOV;2.181;MANUTENÇAO DA SEGOV;11;APOIO A ADMINISTRAÇAO PUBLICA;4;Administração;122;Administração Geral;311;3.3.90.92.00.00.00.00;DESPESAS DE EXERCÍCIOS ANTERIORES;1.500.000.0000;RECURSOS NÃO VINCULADOS DE IMPOSTOS;0,00
PREFEITURA MUNICIPAL DE BARBACENA;15.001;SEGOV;2.181;MANUTENÇAO DA SEGOV;11;APOIO A ADMINISTRAÇAO PUBLICA;4;Administração;122;Administração Geral;312;4.4.90.52.00.00.00.00;EQUIPAMENTOS E MATERIAL PERMANENTE;1.500.000.0000;RECURSOS NÃO VINCULADOS DE IMPOSTOS;0,00
PREFEITURA MUNICIPAL DE BARBACENA;15.001;SEGOV;2.220;BARBACENA ATIVA;11;APOIO A ADMINISTRAÇAO PUBLICA;8;Assistência Social;244;Assistência Comunitária;313;3.3.90.30.00.00.00.00;MATERIAL DE CONSUMO;1.500.000.0000;RECURSOS NÃO VINCULADOS DE IMPOSTOS;0,00
PREFEITURA MUNICIPAL DE BARBACENA;15.001;SEGOV;2.220;BARBACENA ATIVA;11;APOIO A ADMINISTRAÇAO PUBLICA;8;Assistência Social;244;Assistência Comunitária;313;3.3.90.30.00.00.00.00;MATERIAL DE CONSUMO;2.500.000.0000;RECURSOS NÃO VINCULADOS DE IMPOSTOS;59.665,00
PREFEITURA MUNICIPAL DE BARBACENA;15.001;SEGOV;2.220;BARBACENA ATIVA;11;APOIO A ADMINISTRAÇAO PUBLICA;8;Assistência Social;244;Assistência Comunitária;314;3.3.90.39.00.00.00.00;OUTROS SERVIÇOS DE TERCEIROS - PESSOA JURÍDICA;1.500.000.0000;RECURSOS NÃO VINCULADOS DE IMPOSTOS;0,00
PREFEITURA MUNICIPAL DE BARBACENA;15.001;SEGOV;2.220;BARBACENA ATIVA;11;APOIO A ADMINISTRAÇAO PUBLICA;8;Assistência Social;244;Assistência Comunitária;314;3.3.90.39.00.00.00.00;OUTROS SERVIÇOS DE TERCEIROS - PESSOA JURÍDICA;2.500.000.0000;RECURSOS NÃO VINCULADOS DE IMPOSTOS;114.513,10
PREFEITURA MUNICIPAL DE BARBACENA;15.001;SEGOV;2.171;DIVULGAÇÃO GOVERNAMENTAL;11;APOIO A ADMINISTRAÇAO PUBLICA;24;Comunicações;131;Comunicação Social;315;3.3.90.39.00.00.00.00;OUTROS SERVIÇOS DE TERCEIROS - PESSOA JURÍDICA;1.500.000.0000;RECURSOS NÃO VINCULADOS DE IMPOSTOS;221.356,52
PREFEITURA MUNICIPAL DE BARBACENA;15.001;SEGOV;2.171;DIVULGAÇÃO GOVERNAMENTAL;11;APOIO A ADMINISTRAÇAO PUBLICA;24;Comunicações;131;Comunicação Social;315;3.3.90.39.00.00.00.00;OUTROS SERVIÇOS DE TERCEIROS - PESSOA JURÍDICA;1.753.000.0000;RECURSOS PROVENIENTES DE TAXAS, CONTRIBUIÇÕES E PREÇOS PÚBLICOS;3.810,00
PREFEITURA MUNICIPAL DE BARBACENA;15.001;SEGOV;2.171;DIVULGAÇÃO GOVERNAMENTAL;11;APOIO A ADMINISTRAÇAO PUBLICA;24;Comunicações;131;Comunicação Social;316;4.4.90.52.00.00.00.00;EQUIPAMENTOS E MATERIAL PERMANENTE;1.500.000.0000;RECURSOS NÃO VINCULADOS DE IMPOSTOS;0,00
PREFEITURA MUNICIPAL DE BARBACENA;15.001;SEGOV;2.171;DIVULGAÇÃO GOVERNAMENTAL;11;APOIO A ADMINISTRAÇAO PUBLICA;24;Comunicações;131;Comunicação Social;316;4.4.90.52.00.00.00.00;EQUIPAMENTOS E MATERIAL PERMANENTE;1.501.000.0000;OUTROS RECURSOS NÃO VINCULADOS;0,01
PREFEITURA MUNICIPAL DE BARBACENA;15.001;SEGOV;2.171;DIVULGAÇÃO GOVERNAMENTAL;11;APOIO A ADMINISTRAÇAO PUBLICA;24;Comunicações;131;Comunicação Social;316;4.4.90.52.00.00.00.00;EQUIPAMENTOS E MATERIAL PERMANENTE;1.753.000.0000;RECURSOS PROVENIENTES DE TAXAS, CONTRIBUIÇÕES E PREÇOS PÚBLICOS;54.000,01
PREFEITURA MUNICIPAL DE BARBACENA;15.001;SEGOV;2.171;DIVULGAÇÃO GOVERNAMENTAL;11;APOIO A ADMINISTRAÇAO PUBLICA;24;Comunicações;131;Comunicação Social;316;4.4.90.52.00.00.00.00;EQUIPAMENTOS E MATERIAL PERMANENTE;2.501.000.0000;OUTROS RECURSOS NÃO VINCULADOS;0,01
PREFEITURA MUNICIPAL DE BARBACENA;15.001;SEGOV;2.171;DIVULGAÇÃO GOVERNAMENTAL;11;APOIO A ADMINISTRAÇAO PUBLICA;24;Comunicações;131;Comunicação Social;316;4.4.90.52.00.00.00.00;EQUIPAMENTOS E MATERIAL PERMANENTE;2.753.000.0000;RECURSOS PROVENIENTES DE TAXAS, CONTRIBUIÇÕES E PREÇOS PÚBLICOS;0,01
PREFEITURA MUNICIPAL DE BARBACENA;15.001;SEGOV;2.171;DIVULGAÇÃO GOVERNAMENTAL;11;APOIO A ADMINISTRAÇAO PUBLICA;24;Comunicações;131;Comunicação Social;923;3.3.90.30.00.00.00.00;MATERIAL DE CONSUMO;1.500.000.0000;RECURSOS NÃO VINCULADOS DE IMPOSTOS;0,01
PREFEITURA MUNICIPAL DE BARBACENA;15.001;SEGOV;2.171;DIVULGAÇÃO GOVERNAMENTAL;11;APOIO A ADMINISTRAÇAO PUBLICA;24;Comunicações;131;Comunicação Social;923;3.3.90.30.00.00.00.00;MATERIAL DE CONSUMO;1.501.000.0000;OUTROS RECURSOS NÃO VINCULADOS;0,01
PREFEITURA MUNICIPAL DE BARBACENA;15.001;SEGOV;2.171;DIVULGAÇÃO GOVERNAMENTAL;11;APOIO A ADMINISTRAÇAO PUBLICA;24;Comunicações;131;Comunicação Social;923;3.3.90.30.00.00.00.00;MATERIAL DE CONSUMO;1.753.000.0000;RECURSOS PROVENIENTES DE TAXAS, CONTRIBUIÇÕES E PREÇOS PÚBLICOS;0,01
PREFEITURA MUNICIPAL DE BARBACENA;15.001;SEGOV;2.171;DIVULGAÇÃO GOVERNAMENTAL;11;APOIO A ADMINISTRAÇAO PUBLICA;24;Comunicações;131;Comunicação Social;923;3.3.90.30.00.00.00.00;MATERIAL DE CONSUMO;2.501.000.0000;OUTROS RECURSOS NÃO VINCULADOS;0,01
PREFEITURA MUNICIPAL DE BARBACENA;16.001;SEMOP;2.100;MANUTENÇAO DA SEMOP;11;APOIO A ADMINISTRAÇAO PUBLICA;15;Urbanismo;122;Administração Geral;319;3.3.90.14.00.00.00.00;DIÁRIAS - PESSOAL CIVIL;1.500.000.0000;RECURSOS NÃO VINCULADOS DE IMPOSTOS;600,00
PREFEITURA MUNICIPAL DE BARBACENA;16.001;SEMOP;2.100;MANUTENÇAO DA SEMOP;11;APOIO A ADMINISTRAÇAO PUBLICA;15;Urbanismo;122;Administração Geral;319;3.3.90.14.00.00.00.00;DIÁRIAS - PESSOAL CIVIL;1.753.000.0000;RECURSOS PROVENIENTES DE TAXAS, CONTRIBUIÇÕES E PREÇOS PÚBLICOS;200,00
PREFEITURA MUNICIPAL DE BARBACENA;16.001;SEMOP;2.100;MANUTENÇAO DA SEMOP;11;APOIO A ADMINISTRAÇAO PUBLICA;15;Urbanismo;122;Administração Geral;320;3.3.90.30.00.00.00.00;MATERIAL DE CONSUMO;1.500.000.0000;RECURSOS NÃO VINCULADOS DE IMPOSTOS;161.812,95
PREFEITURA MUNICIPAL DE BARBACENA;16.001;SEMOP;2.100;MANUTENÇAO DA SEMOP;11;APOIO A ADMINISTRAÇAO PUBLICA;15;Urbanismo;122;Administração Geral;320;3.3.90.30.00.00.00.00;MATERIAL DE CONSUMO;1.753.000.0000;RECURSOS PROVENIENTES DE TAXAS, CONTRIBUIÇÕES E PREÇOS PÚBLICOS;232.115,80
PREFEITURA MUNICIPAL DE BARBACENA;16.001;SEMOP;2.100;MANUTENÇAO DA SEMOP;11;APOIO A ADMINISTRAÇAO PUBLICA;15;Urbanismo;122;Administração Geral;320;3.3.90.30.00.00.00.00;MATERIAL DE CONSUMO;2.500.000.0000;RECURSOS NÃO VINCULADOS DE IMPOSTOS;0,01
PREFEITURA MUNICIPAL DE BARBACENA;16.001;SEMOP;2.100;MANUTENÇAO DA SEMOP;11;APOIO A ADMINISTRAÇAO PUBLICA;15;Urbanismo;122;Administração Geral;320;3.3.90.30.00.00.00.00;MATERIAL DE CONSUMO;2.753.000.0000;RECURSOS PROVENIENTES DE TAXAS, CONTRIBUIÇÕES E PREÇOS PÚBLICOS;170.458,87
PREFEITURA MUNICIPAL DE BARBACENA;16.001;SEMOP;2.100;MANUTENÇAO DA SEMOP;11;APOIO A ADMINISTRAÇAO PUBLICA;15;Urbanismo;122;Administração Geral;321;3.3.90.36.00.00.00.00;OUTROS SERVIÇOS DE TERCEIROS - PESSOA FÍSICA;1.500.000.0000;RECURSOS NÃO VINCULADOS DE IMPOSTOS;0,00
PREFEITURA MUNICIPAL DE BARBACENA;16.001;SEMOP;2.100;MANUTENÇAO DA SEMOP;11;APOIO A ADMINISTRAÇAO PUBLICA;15;Urbanismo;122;Administração Geral;322;3.3.90.39.00.00.00.00;OUTROS SERVIÇOS DE TERCEIROS - PESSOA JURÍDICA;1.500.000.0000;RECURSOS NÃO VINCULADOS DE IMPOSTOS;655.738,26
PREFEITURA MUNICIPAL DE BARBACENA;16.001;SEMOP;2.100;MANUTENÇAO DA SEMOP;11;APOIO A ADMINISTRAÇAO PUBLICA;15;Urbanismo;122;Administração Geral;322;3.3.90.39.00.00.00.00;OUTROS SERVIÇOS DE TERCEIROS - PESSOA JURÍDICA;1.753.000.0000;RECURSOS PROVENIENTES DE TAXAS, CONTRIBUIÇÕES E PREÇOS PÚBLICOS;191.157,43
PREFEITURA MUNICIPAL DE BARBACENA;16.001;SEMOP;2.100;MANUTENÇAO DA SEMOP;11;APOIO A ADMINISTRAÇAO PUBLICA;15;Urbanismo;122;Administração Geral;322;3.3.90.39.00.00.00.00;OUTROS SERVIÇOS DE TERCEIROS - PESSOA JURÍDICA;2.500.000.0000;RECURSOS NÃO VINCULADOS DE IMPOSTOS;65.520,66
PREFEITURA MUNICIPAL DE BARBACENA;16.001;SEMOP;2.100;MANUTENÇAO DA SEMOP;11;APOIO A ADMINISTRAÇAO PUBLICA;15;Urbanismo;122;Administração Geral;323;3.3.90.40.00.00.00.00;SERVIÇOS DE TECNOLOGIA DA INFORMAÇÃO E COMUNICAÇ;1.500.000.0000;RECURSOS NÃO VINCULADOS DE IMPOSTOS;0,00
PREFEITURA MUNICIPAL DE BARBACENA;16.001;SEMOP;2.100;MANUTENÇAO DA SEMOP;11;APOIO A ADMINISTRAÇAO PUBLICA;15;Urbanismo;122;Administração Geral;324;3.3.90.47.00.00.00.00;OBRIGAÇÕES TRIBUTÁRIAS E CONTRIBUTIVAS;1.500.000.0000;RECURSOS NÃO VINCULADOS DE IMPOSTOS;7.845,20
PREFEITURA MUNICIPAL DE BARBACENA;16.001;SEMOP;2.100;MANUTENÇAO DA SEMOP;11;APOIO A ADMINISTRAÇAO PUBLICA;15;Urbanismo;122;Administração Geral;324;3.3.90.47.00.00.00.00;OBRIGAÇÕES TRIBUTÁRIAS E CONTRIBUTIVAS;1.750.000.0000;RECURSOS DA CONTRIBUIÇÃO DE INTERVENÇÃO NO DOMÍNIO ECONÔMICO - CIDE;5.000,00
PREFEITURA MUNICIPAL DE BARBACENA;16.001;SEMOP;2.100;MANUTENÇAO DA SEMOP;11;APOIO A ADMINISTRAÇAO PUBLICA;15;Urbanismo;122;Administração Geral;324;3.3.90.47.00.00.00.00;OBRIGAÇÕES TRIBUTÁRIAS E CONTRIBUTIVAS;1.753.000.0000;RECURSOS PROVENIENTES DE TAXAS, CONTRIBUIÇÕES E PREÇOS PÚBLICOS;12.473,58
PREFEITURA MUNICIPAL DE BARBACENA;16.001;SEMOP;2.100;MANUTENÇAO DA SEMOP;11;APOIO A ADMINISTRAÇAO PUBLICA;15;Urbanismo;122;Administração Geral;325;3.3.90.92.00.00.00.00;DESPESAS DE EXERCÍCIOS ANTERIORES;1.500.000.0000;RECURSOS NÃO VINCULADOS DE IMPOSTOS;19.969,87
PREFEITURA MUNICIPAL DE BARBACENA;16.001;SEMOP;2.100;MANUTENÇAO DA SEMOP;11;APOIO A ADMINISTRAÇAO PUBLICA;15;Urbanismo;122;Administração Geral;326;3.3.90.93.00.00.00.00;INDENIZAÇÕES E RESTITUIÇÕES;1.500.000.0000;RECURSOS NÃO VINCULADOS DE IMPOSTOS;4.545,00
PREFEITURA MUNICIPAL DE BARBACENA;16.001;SEMOP;2.100;MANUTENÇAO DA SEMOP;11;APOIO A ADMINISTRAÇAO PUBLICA;15;Urbanismo;122;Administração Geral;326;3.3.90.93.00.00.00.00;INDENIZAÇÕES E RESTITUIÇÕES;1.700.000.0000;OUTRAS TRANSFERÊNCIAS DE CONVÊNIOS OU INSTRUMENTOS CONGÊNERES DA UNIÃO;80.546,97
PREFEITURA MUNICIPAL DE BARBACENA;16.001;SEMOP;2.100;MANUTENÇAO DA SEMOP;11;APOIO A ADMINISTRAÇAO PUBLICA;15;Urbanismo;122;Administração Geral;327;4.4.90.52.00.00.00.00;EQUIPAMENTOS E MATERIAL PERMANENTE;1.500.000.0000;RECURSOS NÃO VINCULADOS DE IMPOSTOS;0,00
PREFEITURA MUNICIPAL DE BARBACENA;16.001;SEMOP;2.100;MANUTENÇAO DA SEMOP;11;APOIO A ADMINISTRAÇAO PUBLICA;15;Urbanismo;122;Administração Geral;327;4.4.90.52.00.00.00.00;EQUIPAMENTOS E MATERIAL PERMANENTE;1.753.000.0000;RECURSOS PROVENIENTES DE TAXAS, CONTRIBUIÇÕES E PREÇOS PÚBLICOS;0,00
PREFEITURA MUNICIPAL DE BARBACENA;16.001;SEMOP;2.100;MANUTENÇAO DA SEMOP;11;APOIO A ADMINISTRAÇAO PUBLICA;15;Urbanismo;122;Administração Geral;944;3.1.90.94.00.00.00.00;INDENIZAÇÕES E RESTITUIÇÕES TRABALHISTAS;1.500.000.0000;RECURSOS NÃO VINCULADOS DE IMPOSTOS;448,61
PREFEITURA MUNICIPAL DE BARBACENA;16.001;SEMOP;2.111;PESSOAL E ENCARGOS SOCIAIS DA SEMOP;11;APOIO A ADMINISTRAÇAO PUBLICA;15;Urbanismo;122;Administração Geral;328;3.1.90.04.00.00.00.00;CONTRATAÇÃO POR TEMPO DETERMINADO;1.500.000.0000;RECURSOS NÃO VINCULADOS DE IMPOSTOS;2.676.775,20
PREFEITURA MUNICIPAL DE BARBACENA;16.001;SEMOP;2.111;PESSOAL E ENCARGOS SOCIAIS DA SEMOP;11;APOIO A ADMINISTRAÇAO PUBLICA;15;Urbanismo;122;Administração Geral;328;3.1.90.04.00.00.00.00;CONTRATAÇÃO POR TEMPO DETERMINADO;1.753.000.0000;RECURSOS PROVENIENTES DE TAXAS, CONTRIBUIÇÕES E PREÇOS PÚBLICOS;597.353,91
PREFEITURA MUNICIPAL DE BARBACENA;16.001;SEMOP;2.111;PESSOAL E ENCARGOS SOCIAIS DA SEMOP;11;APOIO A ADMINISTRAÇAO PUBLICA;15;Urbanismo;122;Administração Geral;329;3.1.90.11.00.00.00.00;VENCIMENTOS E VANTAGENS FIXAS - PESSOAL CIVIL;1.500.000.0000;RECURSOS NÃO VINCULADOS DE IMPOSTOS;3.143.275,59
PREFEITURA MUNICIPAL DE BARBACENA;16.001;SEMOP;2.111;PESSOAL E ENCARGOS SOCIAIS DA SEMOP;11;APOIO A ADMINISTRAÇAO PUBLICA;15;Urbanismo;122;Administração Geral;329;3.1.90.11.00.00.00.00;VENCIMENTOS E VANTAGENS FIXAS - PESSOAL CIVIL;1.753.000.0000;RECURSOS PROVENIENTES DE TAXAS, CONTRIBUIÇÕES E PREÇOS PÚBLICOS;722.472,50
PREFEITURA MUNICIPAL DE BARBACENA;16.001;SEMOP;2.111;PESSOAL E ENCARGOS SOCIAIS DA SEMOP;11;APOIO A ADMINISTRAÇAO PUBLICA;15;Urbanismo;122;Administração Geral;330;3.1.90.13.00.00.00.00;OBRIGAÇÕES PATRONAIS;1.500.000.0000;RECURSOS NÃO VINCULADOS DE IMPOSTOS;298.411,72
PREFEITURA MUNICIPAL DE BARBACENA;16.001;SEMOP;2.111;PESSOAL E ENCARGOS SOCIAIS DA SEMOP;11;APOIO A ADMINISTRAÇAO PUBLICA;15;Urbanismo;122;Administração Geral;330;3.1.90.13.00.00.00.00;OBRIGAÇÕES PATRONAIS;1.753.000.0000;RECURSOS PROVENIENTES DE TAXAS, CONTRIBUIÇÕES E PREÇOS PÚBLICOS;84.533,52
PREFEITURA MUNICIPAL DE BARBACENA;16.001;SEMOP;2.111;PESSOAL E ENCARGOS SOCIAIS DA SEMOP;11;APOIO A ADMINISTRAÇAO PUBLICA;15;Urbanismo;122;Administração Geral;331;3.1.90.92.00.00.00.00;DESPESAS DE EXERCÍCIOS ANTERIORES;1.500.000.0000;RECURSOS NÃO VINCULADOS DE IMPOSTOS;79,78
PREFEITURA MUNICIPAL DE BARBACENA;16.001;SEMOP;2.111;PESSOAL E ENCARGOS SOCIAIS DA SEMOP;11;APOIO A ADMINISTRAÇAO PUBLICA;15;Urbanismo;122;Administração Geral;332;3.1.91.13.00.00.00.00;OBRIGAÇÕES PATRONAIS;1.500.000.0000;RECURSOS NÃO VINCULADOS DE IMPOSTOS;456.848,16
PREFEITURA MUNICIPAL DE BARBACENA;16.001;SEMOP;2.111;PESSOAL E ENCARGOS SOCIAIS DA SEMOP;11;APOIO A ADMINISTRAÇAO PUBLICA;15;Urbanismo;122;Administração Geral;332;3.1.91.13.00.00.00.00;OBRIGAÇÕES PATRONAIS;1.753.000.0000;RECURSOS PROVENIENTES DE TAXAS, CONTRIBUIÇÕES E PREÇOS PÚBLICOS;162.604,49
PREFEITURA MUNICIPAL DE BARBACENA;16.001;SEMOP;2.111;PESSOAL E ENCARGOS SOCIAIS DA SEMOP;11;APOIO A ADMINISTRAÇAO PUBLICA;15;Urbanismo;122;Administração Geral;333;3.3.90.08.00.00.00.00;OUTROS BENEFÍCIOS ASSISTENCIAIS-SERVIDOR/MILITAR;1.500.000.0000;RECURSOS NÃO VINCULADOS DE IMPOSTOS;2.000,00
PREFEITURA MUNICIPAL DE BARBACENA;16.001;SEMOP;2.111;PESSOAL E ENCARGOS SOCIAIS DA SEMOP;11;APOIO A ADMINISTRAÇAO PUBLICA;15;Urbanismo;122;Administração Geral;333;3.3.90.08.00.00.00.00;OUTROS BENEFÍCIOS ASSISTENCIAIS-SERVIDOR/MILITAR;1.753.000.0000;RECURSOS PROVENIENTES DE TAXAS, CONTRIBUIÇÕES E PREÇOS PÚBLICOS;0,10
PREFEITURA MUNICIPAL DE BARBACENA;16.001;SEMOP;2.111;PESSOAL E ENCARGOS SOCIAIS DA SEMOP;11;APOIO A ADMINISTRAÇAO PUBLICA;15;Urbanismo;122;Administração Geral;334;3.3.90.18.00.00.00.00;AUXÍLIO FINANCEIRO A ESTUDANTES;1.500.000.0000;RECURSOS NÃO VINCULADOS DE IMPOSTOS;2.000,00
PREFEITURA MUNICIPAL DE BARBACENA;16.001;SEMOP;2.111;PESSOAL E ENCARGOS SOCIAIS DA SEMOP;11;APOIO A ADMINISTRAÇAO PUBLICA;15;Urbanismo;122;Administração Geral;334;3.3.90.18.00.00.00.00;AUXÍLIO FINANCEIRO A ESTUDANTES;1.753.000.0000;RECURSOS PROVENIENTES DE TAXAS, CONTRIBUIÇÕES E PREÇOS PÚBLICOS;0,10
PREFEITURA MUNICIPAL DE BARBACENA;16.001;SEMOP;2.111;PESSOAL E ENCARGOS SOCIAIS DA SEMOP;11;APOIO A ADMINISTRAÇAO PUBLICA;15;Urbanismo;122;Administração Geral;335;3.3.90.34.00.00.00.00;OUTRAS DESP.DE PESSOAL DECOR.DE CONT.TERCEIRIZAÇÃO;1.500.000.0000;RECURSOS NÃO VINCULADOS DE IMPOSTOS;0,00
PREFEITURA MUNICIPAL DE BARBACENA;16.001;SEMOP;2.111;PESSOAL E ENCARGOS SOCIAIS DA SEMOP;11;APOIO A ADMINISTRAÇAO PUBLICA;15;Urbanismo;122;Administração Geral;336;3.3.90.39.00.00.00.00;OUTROS SERVIÇOS DE TERCEIROS - PESSOA JURÍDICA;1.500.000.0000;RECURSOS NÃO VINCULADOS DE IMPOSTOS;194.364,00
PREFEITURA MUNICIPAL DE BARBACENA;16.001;SEMOP;2.111;PESSOAL E ENCARGOS SOCIAIS DA SEMOP;11;APOIO A ADMINISTRAÇAO PUBLICA;15;Urbanismo;122;Administração Geral;337;3.3.90.46.00.00.00.00;AUXÍLIO-ALIMENTAÇÃO;1.500.000.0000;RECURSOS NÃO VINCULADOS DE IMPOSTOS;830.611,34
PREFEITURA MUNICIPAL DE BARBACENA;16.001;SEMOP;2.111;PESSOAL E ENCARGOS SOCIAIS DA SEMOP;11;APOIO A ADMINISTRAÇAO PUBLICA;15;Urbanismo;122;Administração Geral;337;3.3.90.46.00.00.00.00;AUXÍLIO-ALIMENTAÇÃO;1.753.000.0000;RECURSOS PROVENIENTES DE TAXAS, CONTRIBUIÇÕES E PREÇOS PÚBLICOS;157.335,00
PREFEITURA MUNICIPAL DE BARBACENA;16.001;SEMOP;1.024;CONSTRUÇAO, REFORMA E REVITALIZAÇAO DE PREDIOS PUBLICOS;17;INFRAESTRUTURA URBANA E RURAL;4;Administração;122;Administração Geral;317;3.3.90.30.00.00.00.00;MATERIAL DE CONSUMO;1.500.000.0000;RECURSOS NÃO VINCULADOS DE IMPOSTOS;0,00
PREFEITURA MUNICIPAL DE BARBACENA;16.001;SEMOP;1.024;CONSTRUÇAO, REFORMA E REVITALIZAÇAO DE PREDIOS PUBLICOS;17;INFRAESTRUTURA URBANA E RURAL;4;Administração;122;Administração Geral;317;3.3.90.30.00.00.00.00;MATERIAL DE CONSUMO;1.501.000.0000;OUTROS RECURSOS NÃO VINCULADOS;0,01
PREFEITURA MUNICIPAL DE BARBACENA;16.001;SEMOP;1.024;CONSTRUÇAO, REFORMA E REVITALIZAÇAO DE PREDIOS PUBLICOS;17;INFRAESTRUTURA URBANA E RURAL;4;Administração;122;Administração Geral;317;3.3.90.30.00.00.00.00;MATERIAL DE CONSUMO;1.753.000.0000;RECURSOS PROVENIENTES DE TAXAS, CONTRIBUIÇÕES E PREÇOS PÚBLICOS;0,01
PREFEITURA MUNICIPAL DE BARBACENA;16.001;SEMOP;1.024;CONSTRUÇAO, REFORMA E REVITALIZAÇAO DE PREDIOS PUBLICOS;17;INFRAESTRUTURA URBANA E RURAL;4;Administração;122;Administração Geral;317;3.3.90.30.00.00.00.00;MATERIAL DE CONSUMO;2.500.000.0000;RECURSOS NÃO VINCULADOS DE IMPOSTOS;79.158,91
PREFEITURA MUNICIPAL DE BARBACENA;16.001;SEMOP;1.024;CONSTRUÇAO, REFORMA E REVITALIZAÇAO DE PREDIOS PUBLICOS;17;INFRAESTRUTURA URBANA E RURAL;4;Administração;122;Administração Geral;317;3.3.90.30.00.00.00.00;MATERIAL DE CONSUMO;2.753.000.0000;RECURSOS PROVENIENTES DE TAXAS, CONTRIBUIÇÕES E PREÇOS PÚBLICOS;0,01
PREFEITURA MUNICIPAL DE BARBACENA;16.001;SEMOP;1.024;CONSTRUÇAO, REFORMA E REVITALIZAÇAO DE PREDIOS PUBLICOS;17;INFRAESTRUTURA URBANA E RURAL;4;Administração;122;Administração Geral;318;4.4.90.51.00.00.00.00;OBRAS E INSTALAÇÕES;1.500.000.0000;RECURSOS NÃO VINCULADOS DE IMPOSTOS;0,00
PREFEITURA MUNICIPAL DE BARBACENA;16.001;SEMOP;1.024;CONSTRUÇAO, REFORMA E REVITALIZAÇAO DE PREDIOS PUBLICOS;17;INFRAESTRUTURA URBANA E RURAL;4;Administração;122;Administração Geral;318;4.4.90.51.00.00.00.00;OBRAS E INSTALAÇÕES;1.753.000.0000;RECURSOS PROVENIENTES DE TAXAS, CONTRIBUIÇÕES E PREÇOS PÚBLICOS;0,00
PREFEITURA MUNICIPAL DE BARBACENA;16.001;SEMOP;1.024;CONSTRUÇAO, REFORMA E REVITALIZAÇAO DE PREDIOS PUBLICOS;17;INFRAESTRUTURA URBANA E RURAL;4;Administração;122;Administração Geral;951;3.3.90.39.00.00.00.00;OUTROS SERVIÇOS DE TERCEIROS - PESSOA JURÍDICA;1.500.000.0000;RECURSOS NÃO VINCULADOS DE IMPOSTOS;960,10
PREFEITURA MUNICIPAL DE BARBACENA;16.001;SEMOP;1.031;OBRAS DE INFRAESTRUTURA URBANA E RURAL;17;INFRAESTRUTURA URBANA E RURAL;15;Urbanismo;451;Infra-Estrutura Urbana;338;3.3.90.30.00.00.00.00;MATERIAL DE CONSUMO;1.500.000.0000;RECURSOS NÃO VINCULADOS DE IMPOSTOS;0,00
PREFEITURA MUNICIPAL DE BARBACENA;16.001;SEMOP;1.031;OBRAS DE INFRAESTRUTURA URBANA E RURAL;17;INFRAESTRUTURA URBANA E RURAL;15;Urbanismo;451;Infra-Estrutura Urbana;338;3.3.90.30.00.00.00.00;MATERIAL DE CONSUMO;1.501.000.0000;OUTROS RECURSOS NÃO VINCULADOS;0,01
PREFEITURA MUNICIPAL DE BARBACENA;16.001;SEMOP;1.031;OBRAS DE INFRAESTRUTURA URBANA E RURAL;17;INFRAESTRUTURA URBANA E RURAL;15;Urbanismo;451;Infra-Estrutura Urbana;338;3.3.90.30.00.00.00.00;MATERIAL DE CONSUMO;1.704.000.0000;TRANSFERÊNCIAS DA UNIÃO REFERENTES A COMPENSAÇÕES FINANCEIRAS PELA EXPLORAÇÃO DE RECURSOS NATURAIS;390.023,00
PREFEITURA MUNICIPAL DE BARBACENA;16.001;SEMOP;1.031;OBRAS DE INFRAESTRUTURA URBANA E RURAL;17;INFRAESTRUTURA URBANA E RURAL;15;Urbanismo;451;Infra-Estrutura Urbana;338;3.3.90.30.00.00.00.00;MATERIAL DE CONSUMO;1.753.000.0000;RECURSOS PROVENIENTES DE TAXAS, CONTRIBUIÇÕES E PREÇOS PÚBLICOS;0,00
PREFEITURA MUNICIPAL DE BARBACENA;16.001;SEMOP;1.031;OBRAS DE INFRAESTRUTURA URBANA E RURAL;17;INFRAESTRUTURA URBANA E RURAL;15;Urbanismo;451;Infra-Estrutura Urbana;338;3.3.90.30.00.00.00.00;MATERIAL DE CONSUMO;2.500.000.0000;RECURSOS NÃO VINCULADOS DE IMPOSTOS;1.920.583,01
PREFEITURA MUNICIPAL DE BARBACENA;16.001;SEMOP;1.031;OBRAS DE INFRAESTRUTURA URBANA E RURAL;17;INFRAESTRUTURA URBANA E RURAL;15;Urbanismo;451;Infra-Estrutura Urbana;338;3.3.90.30.00.00.00.00;MATERIAL DE CONSUMO;2.706.000.0000;TRANSFERÊNCIA ESPECIAL DA UNIÃO;0,01
PREFEITURA MUNICIPAL DE BARBACENA;16.001;SEMOP;1.031;OBRAS DE INFRAESTRUTURA URBANA E RURAL;17;INFRAESTRUTURA URBANA E RURAL;15;Urbanismo;451;Infra-Estrutura Urbana;338;3.3.90.30.00.00.00.00;MATERIAL DE CONSUMO;2.710.010.0000;TRANSFERÊNCIA ESPECIAL DOS ESTADOS (TRANSF. ESP. ESTADO - ACORDO JUDICIAL REPARAÇÃO IMPACTOS SOCIOECONÔMICOS E AMBIENTAIS-BARRAGEM BRUMADINHO);0,01
PREFEITURA MUNICIPAL DE BARBACENA;16.001;SEMOP;1.031;OBRAS DE INFRAESTRUTURA URBANA E RURAL;17;INFRAESTRUTURA URBANA E RURAL;15;Urbanismo;451;Infra-Estrutura Urbana;338;3.3.90.30.00.00.00.00;MATERIAL DE CONSUMO;2.753.000.0000;RECURSOS PROVENIENTES DE TAXAS, CONTRIBUIÇÕES E PREÇOS PÚBLICOS;194.250,01
PREFEITURA MUNICIPAL DE BARBACENA;16.001;SEMOP;1.031;OBRAS DE INFRAESTRUTURA URBANA E RURAL;17;INFRAESTRUTURA URBANA E RURAL;15;Urbanismo;451;Infra-Estrutura Urbana;339;3.3.90.39.00.00.00.00;OUTROS SERVIÇOS DE TERCEIROS - PESSOA JURÍDICA;1.500.000.0000;RECURSOS NÃO VINCULADOS DE IMPOSTOS;0,00
PREFEITURA MUNICIPAL DE BARBACENA;16.001;SEMOP;1.031;OBRAS DE INFRAESTRUTURA URBANA E RURAL;17;INFRAESTRUTURA URBANA E RURAL;15;Urbanismo;451;Infra-Estrutura Urbana;339;3.3.90.39.00.00.00.00;OUTROS SERVIÇOS DE TERCEIROS - PESSOA JURÍDICA;1.704.000.0000;TRANSFERÊNCIAS DA UNIÃO REFERENTES A COMPENSAÇÕES FINANCEIRAS PELA EXPLORAÇÃO DE RECURSOS NATURAIS;67.187,50
PREFEITURA MUNICIPAL DE BARBACENA;16.001;SEMOP;1.031;OBRAS DE INFRAESTRUTURA URBANA E RURAL;17;INFRAESTRUTURA URBANA E RURAL;15;Urbanismo;451;Infra-Estrutura Urbana;339;3.3.90.39.00.00.00.00;OUTROS SERVIÇOS DE TERCEIROS - PESSOA JURÍDICA;1.753.000.0000;RECURSOS PROVENIENTES DE TAXAS, CONTRIBUIÇÕES E PREÇOS PÚBLICOS;0,00
PREFEITURA MUNICIPAL DE BARBACENA;16.001;SEMOP;1.031;OBRAS DE INFRAESTRUTURA URBANA E RURAL;17;INFRAESTRUTURA URBANA E RURAL;15;Urbanismo;451;Infra-Estrutura Urbana;339;3.3.90.39.00.00.00.00;OUTROS SERVIÇOS DE TERCEIROS - PESSOA JURÍDICA;2.500.000.0000;RECURSOS NÃO VINCULADOS DE IMPOSTOS;0,00
PREFEITURA MUNICIPAL DE BARBACENA;16.001;SEMOP;1.031;OBRAS DE INFRAESTRUTURA URBANA E RURAL;17;INFRAESTRUTURA URBANA E RURAL;15;Urbanismo;451;Infra-Estrutura Urbana;340;3.3.90.93.00.00.00.00;INDENIZAÇÕES E RESTITUIÇÕES;1.500.000.0000;RECURSOS NÃO VINCULADOS DE IMPOSTOS;0,00
PREFEITURA MUNICIPAL DE BARBACENA;16.001;SEMOP;1.031;OBRAS DE INFRAESTRUTURA URBANA E RURAL;17;INFRAESTRUTURA URBANA E RURAL;15;Urbanismo;451;Infra-Estrutura Urbana;341;4.4.90.51.00.00.00.00;OBRAS E INSTALAÇÕES;1.500.000.0000;RECURSOS NÃO VINCULADOS DE IMPOSTOS;0,00
PREFEITURA MUNICIPAL DE BARBACENA;16.001;SEMOP;1.031;OBRAS DE INFRAESTRUTURA URBANA E RURAL;17;INFRAESTRUTURA URBANA E RURAL;15;Urbanismo;451;Infra-Estrutura Urbana;341;4.4.90.51.00.00.00.00;OBRAS E INSTALAÇÕES;1.704.000.0000;TRANSFERÊNCIAS DA UNIÃO REFERENTES A COMPENSAÇÕES FINANCEIRAS PELA EXPLORAÇÃO DE RECURSOS NATURAIS;0,00
PREFEITURA MUNICIPAL DE BARBACENA;16.001;SEMOP;1.031;OBRAS DE INFRAESTRUTURA URBANA E RURAL;17;INFRAESTRUTURA URBANA E RURAL;15;Urbanismo;451;Infra-Estrutura Urbana;341;4.4.90.51.00.00.00.00;OBRAS E INSTALAÇÕES;1.706.000.0000;TRANSFERÊNCIA ESPECIAL DA UNIÃO BANCADA;19.999,98
PREFEITURA MUNICIPAL DE BARBACENA;16.001;SEMOP;1.031;OBRAS DE INFRAESTRUTURA URBANA E RURAL;17;INFRAESTRUTURA URBANA E RURAL;15;Urbanismo;451;Infra-Estrutura Urbana;341;4.4.90.51.00.00.00.00;OBRAS E INSTALAÇÕES;1.707.000.0000;TRANSFERÊNCIAS DA UNIÃO – INCISO I DO ART. 5º DA LEI COMPLEMENTAR 173/2020;5.220,59
PREFEITURA MUNICIPAL DE BARBACENA;16.001;SEMOP;1.031;OBRAS DE INFRAESTRUTURA URBANA E RURAL;17;INFRAESTRUTURA URBANA E RURAL;15;Urbanismo;451;Infra-Estrutura Urbana;341;4.4.90.51.00.00.00.00;OBRAS E INSTALAÇÕES;1.710.000.0000;TRANSFERÊNCIA ESPECIAL DOS ESTADOS;150.000,00
PREFEITURA MUNICIPAL DE BARBACENA;16.001;SEMOP;1.031;OBRAS DE INFRAESTRUTURA URBANA E RURAL;17;INFRAESTRUTURA URBANA E RURAL;15;Urbanismo;451;Infra-Estrutura Urbana;341;4.4.90.51.00.00.00.00;OBRAS E INSTALAÇÕES;1.753.000.0000;RECURSOS PROVENIENTES DE TAXAS, CONTRIBUIÇÕES E PREÇOS PÚBLICOS;0,00
PREFEITURA MUNICIPAL DE BARBACENA;16.001;SEMOP;1.031;OBRAS DE INFRAESTRUTURA URBANA E RURAL;17;INFRAESTRUTURA URBANA E RURAL;15;Urbanismo;451;Infra-Estrutura Urbana;341;4.4.90.51.00.00.00.00;OBRAS E INSTALAÇÕES;2.500.000.0000;RECURSOS NÃO VINCULADOS DE IMPOSTOS;301.655,08
PREFEITURA MUNICIPAL DE BARBACENA;16.001;SEMOP;1.031;OBRAS DE INFRAESTRUTURA URBANA E RURAL;17;INFRAESTRUTURA URBANA E RURAL;15;Urbanismo;451;Infra-Estrutura Urbana;341;4.4.90.51.00.00.00.00;OBRAS E INSTALAÇÕES;2.704.000.0000;TRANSFERÊNCIAS DA UNIÃO REFERENTES A COMPENSAÇÕES FINANCEIRAS PELA EXPLORAÇÃO DE RECURSOS NATURAIS;0,01
PREFEITURA MUNICIPAL DE BARBACENA;16.001;SEMOP;1.031;OBRAS DE INFRAESTRUTURA URBANA E RURAL;17;INFRAESTRUTURA URBANA E RURAL;15;Urbanismo;451;Infra-Estrutura Urbana;341;4.4.90.51.00.00.00.00;OBRAS E INSTALAÇÕES;2.710.010.0000;TRANSFERÊNCIA ESPECIAL DOS ESTADOS (TRANSF. ESP. ESTADO - ACORDO JUDICIAL REPARAÇÃO IMPACTOS SOCIOECONÔMICOS E AMBIENTAIS-BARRAGEM BRUMADINHO);0,01
PREFEITURA MUNICIPAL DE BARBACENA;16.001;SEMOP;1.031;OBRAS DE INFRAESTRUTURA URBANA E RURAL;17;INFRAESTRUTURA URBANA E RURAL;15;Urbanismo;451;Infra-Estrutura Urbana;342;4.4.90.52.00.00.00.00;EQUIPAMENTOS E MATERIAL PERMANENTE;1.500.000.0000;RECURSOS NÃO VINCULADOS DE IMPOSTOS;0,00
PREFEITURA MUNICIPAL DE BARBACENA;16.001;SEMOP;1.031;OBRAS DE INFRAESTRUTURA URBANA E RURAL;17;INFRAESTRUTURA URBANA E RURAL;15;Urbanismo;451;Infra-Estrutura Urbana;342;4.4.90.52.00.00.00.00;EQUIPAMENTOS E MATERIAL PERMANENTE;1.704.000.0000;TRANSFERÊNCIAS DA UNIÃO REFERENTES A COMPENSAÇÕES FINANCEIRAS PELA EXPLORAÇÃO DE RECURSOS NATURAIS;0,00
PREFEITURA MUNICIPAL DE BARBACENA;16.001;SEMOP;1.031;OBRAS DE INFRAESTRUTURA URBANA E RURAL;17;INFRAESTRUTURA URBANA E RURAL;15;Urbanismo;451;Infra-Estrutura Urbana;342;4.4.90.52.00.00.00.00;EQUIPAMENTOS E MATERIAL PERMANENTE;1.753.000.0000;RECURSOS PROVENIENTES DE TAXAS, CONTRIBUIÇÕES E PREÇOS PÚBLICOS;1.000,00
PREFEITURA MUNICIPAL DE BARBACENA;16.001;SEMOP;1.031;OBRAS DE INFRAESTRUTURA URBANA E RURAL;17;INFRAESTRUTURA URBANA E RURAL;15;Urbanismo;451;Infra-Estrutura Urbana;342;4.4.90.52.00.00.00.00;EQUIPAMENTOS E MATERIAL PERMANENTE;1.755.000.0000;RECURSOS DE ALIENAÇÃO DE BENS/ATIVOS - ADMINISTRAÇÃO DIRETA;60.000,00
PREFEITURA MUNICIPAL DE BARBACENA;16.001;SEMOP;1.031;OBRAS DE INFRAESTRUTURA URBANA E RURAL;17;INFRAESTRUTURA URBANA E RURAL;15;Urbanismo;451;Infra-Estrutura Urbana;913;3.3.90.92.00.00.00.00;DESPESAS DE EXERCÍCIOS ANTERIORES;1.500.000.0000;RECURSOS NÃO VINCULADOS DE IMPOSTOS;123.570,43
PREFEITURA MUNICIPAL DE BARBACENA;16.001;SEMOP;1.031;OBRAS DE INFRAESTRUTURA URBANA E RURAL;17;INFRAESTRUTURA URBANA E RURAL;15;Urbanismo;451;Infra-Estrutura Urbana;913;3.3.90.92.00.00.00.00;DESPESAS DE EXERCÍCIOS ANTERIORES;1.704.000.0000;TRANSFERÊNCIAS DA UNIÃO REFERENTES A COMPENSAÇÕES FINANCEIRAS PELA EXPLORAÇÃO DE RECURSOS NATURAIS;157.947,94
PREFEITURA MUNICIPAL DE BARBACENA;16.001;SEMOP;1.031;OBRAS DE INFRAESTRUTURA URBANA E RURAL;17;INFRAESTRUTURA URBANA E RURAL;15;Urbanismo;451;Infra-Estrutura Urbana;913;3.3.90.92.00.00.00.00;DESPESAS DE EXERCÍCIOS ANTERIORES;1.753.000.0000;RECURSOS PROVENIENTES DE TAXAS, CONTRIBUIÇÕES E PREÇOS PÚBLICOS;200.000,00
PREFEITURA MUNICIPAL DE BARBACENA;16.001;SEMOP;1.032;CONSTRUÇAO, REFORMA E REVITALIZAÇAO DE PRAÇAS E PARQUES;17;INFRAESTRUTURA URBANA E RURAL;15;Urbanismo;451;Infra-Estrutura Urbana;343;3.3.90.30.00.00.00.00;MATERIAL DE CONSUMO;1.500.000.0000;RECURSOS NÃO VINCULADOS DE IMPOSTOS;0,00
PREFEITURA MUNICIPAL DE BARBACENA;16.001;SEMOP;1.032;CONSTRUÇAO, REFORMA E REVITALIZAÇAO DE PRAÇAS E PARQUES;17;INFRAESTRUTURA URBANA E RURAL;15;Urbanismo;451;Infra-Estrutura Urbana;344;3.3.90.39.00.00.00.00;OUTROS SERVIÇOS DE TERCEIROS - PESSOA JURÍDICA;1.500.000.0000;RECURSOS NÃO VINCULADOS DE IMPOSTOS;0,00
PREFEITURA MUNICIPAL DE BARBACENA;16.001;SEMOP;1.032;CONSTRUÇAO, REFORMA E REVITALIZAÇAO DE PRAÇAS E PARQUES;17;INFRAESTRUTURA URBANA E RURAL;15;Urbanismo;451;Infra-Estrutura Urbana;344;3.3.90.39.00.00.00.00;OUTROS SERVIÇOS DE TERCEIROS - PESSOA JURÍDICA;1.700.000.0000;OUTRAS TRANSFERÊNCIAS DE CONVÊNIOS OU INSTRUMENTOS CONGÊNERES DA UNIÃO;1.000,00
PREFEITURA MUNICIPAL DE BARBACENA;16.001;SEMOP;1.032;CONSTRUÇAO, REFORMA E REVITALIZAÇAO DE PRAÇAS E PARQUES;17;INFRAESTRUTURA URBANA E RURAL;15;Urbanismo;451;Infra-Estrutura Urbana;345;4.4.90.51.00.00.00.00;OBRAS E INSTALAÇÕES;1.500.000.0000;RECURSOS NÃO VINCULADOS DE IMPOSTOS;0,00
PREFEITURA MUNICIPAL DE BARBACENA;16.001;SEMOP;1.032;CONSTRUÇAO, REFORMA E REVITALIZAÇAO DE PRAÇAS E PARQUES;17;INFRAESTRUTURA URBANA E RURAL;15;Urbanismo;451;Infra-Estrutura Urbana;345;4.4.90.51.00.00.00.00;OBRAS E INSTALAÇÕES;1.704.000.0000;TRANSFERÊNCIAS DA UNIÃO REFERENTES A COMPENSAÇÕES FINANCEIRAS PELA EXPLORAÇÃO DE RECURSOS NATURAIS;0,00
PREFEITURA MUNICIPAL DE BARBACENA;16.001;SEMOP;1.032;CONSTRUÇAO, REFORMA E REVITALIZAÇAO DE PRAÇAS E PARQUES;17;INFRAESTRUTURA URBANA E RURAL;15;Urbanismo;451;Infra-Estrutura Urbana;345;4.4.90.51.00.00.00.00;OBRAS E INSTALAÇÕES;1.753.000.0000;RECURSOS PROVENIENTES DE TAXAS, CONTRIBUIÇÕES E PREÇOS PÚBLICOS;107.192,52
PREFEITURA MUNICIPAL DE BARBACENA;16.001;SEMOP;1.032;CONSTRUÇAO, REFORMA E REVITALIZAÇAO DE PRAÇAS E PARQUES;17;INFRAESTRUTURA URBANA E RURAL;15;Urbanismo;451;Infra-Estrutura Urbana;345;4.4.90.51.00.00.00.00;OBRAS E INSTALAÇÕES;2.500.000.0000;RECURSOS NÃO VINCULADOS DE IMPOSTOS;155.515,23
PREFEITURA MUNICIPAL DE BARBACENA;16.001;SEMOP;1.032;CONSTRUÇAO, REFORMA E REVITALIZAÇAO DE PRAÇAS E PARQUES;17;INFRAESTRUTURA URBANA E RURAL;15;Urbanismo;451;Infra-Estrutura Urbana;345;4.4.90.51.00.00.00.00;OBRAS E INSTALAÇÕES;2.753.000.0000;RECURSOS PROVENIENTES DE TAXAS, CONTRIBUIÇÕES E PREÇOS PÚBLICOS;166.890,84
PREFEITURA MUNICIPAL DE BARBACENA;16.001;SEMOP;1.032;CONSTRUÇAO, REFORMA E REVITALIZAÇAO DE PRAÇAS E PARQUES;17;INFRAESTRUTURA URBANA E RURAL;15;Urbanismo;451;Infra-Estrutura Urbana;346;4.4.90.52.00.00.00.00;EQUIPAMENTOS E MATERIAL PERMANENTE;1.500.000.0000;RECURSOS NÃO VINCULADOS DE IMPOSTOS;0,00
PREFEITURA MUNICIPAL DE BARBACENA;16.001;SEMOP;1.032;CONSTRUÇAO, REFORMA E REVITALIZAÇAO DE PRAÇAS E PARQUES;17;INFRAESTRUTURA URBANA E RURAL;15;Urbanismo;451;Infra-Estrutura Urbana;971;4.4.90.61.00.00.00.00;AQUISIÇÃO DE IMÓVEIS;1.500.000.0000;RECURSOS NÃO VINCULADOS DE IMPOSTOS;0,10
PREFEITURA MUNICIPAL DE BARBACENA;16.001;SEMOP;1.032;CONSTRUÇAO, REFORMA E REVITALIZAÇAO DE PRAÇAS E PARQUES;17;INFRAESTRUTURA URBANA E RURAL;15;Urbanismo;451;Infra-Estrutura Urbana;971;4.4.90.61.00.00.00.00;AQUISIÇÃO DE IMÓVEIS;2.500.000.0000;RECURSOS NÃO VINCULADOS DE IMPOSTOS;225.000,10
PREFEITURA MUNICIPAL DE BARBACENA;16.001;SEMOP;1.486;CRIAÇÃO DO PARQUE ECOLÓGICO DE BARBACENA;17;INFRAESTRUTURA URBANA E RURAL;15;Urbanismo;451;Infra-Estrutura Urbana;347;4.4.90.51.00.00.00.00;OBRAS E INSTALAÇÕES;1.500.000.0000;RECURSOS NÃO VINCULADOS DE IMPOSTOS;1.000,00
PREFEITURA MUNICIPAL DE BARBACENA;16.001;SEMOP;2.473;AQUISIÇÃO E INSTALAÇÃO DE MATA-BURROS NAS ZONAS RURAIS DO MUNICÍPIO;17;INFRAESTRUTURA URBANA E RURAL;15;Urbanismo;451;Infra-Estrutura Urbana;348;4.4.90.51.00.00.00.00;OBRAS E INSTALAÇÕES;1.704.000.0000;TRANSFERÊNCIAS DA UNIÃO REFERENTES A COMPENSAÇÕES FINANCEIRAS PELA EXPLORAÇÃO DE RECURSOS NATURAIS;127.500,00
PREFEITURA MUNICIPAL DE BARBACENA;16.001;SEMOP;2.117;MANUTENÇAO, CONSTRUÇAO E CONSERVAÇAO DE CEMITERIOS;17;INFRAESTRUTURA URBANA E RURAL;15;Urbanismo;452;Serviços Urbanos;372;3.1.90.04.00.00.00.00;CONTRATAÇÃO POR TEMPO DETERMINADO;1.500.000.0000;RECURSOS NÃO VINCULADOS DE IMPOSTOS;202.816,99
PREFEITURA MUNICIPAL DE BARBACENA;16.001;SEMOP;2.117;MANUTENÇAO, CONSTRUÇAO E CONSERVAÇAO DE CEMITERIOS;17;INFRAESTRUTURA URBANA E RURAL;15;Urbanismo;452;Serviços Urbanos;373;3.1.90.11.00.00.00.00;VENCIMENTOS E VANTAGENS FIXAS - PESSOAL CIVIL;1.500.000.0000;RECURSOS NÃO VINCULADOS DE IMPOSTOS;284.215,63
PREFEITURA MUNICIPAL DE BARBACENA;16.001;SEMOP;2.117;MANUTENÇAO, CONSTRUÇAO E CONSERVAÇAO DE CEMITERIOS;17;INFRAESTRUTURA URBANA E RURAL;15;Urbanismo;452;Serviços Urbanos;374;3.1.90.13.00.00.00.00;OBRIGAÇÕES PATRONAIS;1.500.000.0000;RECURSOS NÃO VINCULADOS DE IMPOSTOS;26.986,71
PREFEITURA MUNICIPAL DE BARBACENA;16.001;SEMOP;2.117;MANUTENÇAO, CONSTRUÇAO E CONSERVAÇAO DE CEMITERIOS;17;INFRAESTRUTURA URBANA E RURAL;15;Urbanismo;452;Serviços Urbanos;375;3.1.91.13.00.00.00.00;OBRIGAÇÕES PATRONAIS;1.500.000.0000;RECURSOS NÃO VINCULADOS DE IMPOSTOS;72.573,91
PREFEITURA MUNICIPAL DE BARBACENA;16.001;SEMOP;2.117;MANUTENÇAO, CONSTRUÇAO E CONSERVAÇAO DE CEMITERIOS;17;INFRAESTRUTURA URBANA E RURAL;15;Urbanismo;452;Serviços Urbanos;376;3.3.90.18.00.00.00.00;AUXÍLIO FINANCEIRO A ESTUDANTES;1.500.000.0000;RECURSOS NÃO VINCULADOS DE IMPOSTOS;1.000,00
PREFEITURA MUNICIPAL DE BARBACENA;16.001;SEMOP;2.117;MANUTENÇAO, CONSTRUÇAO E CONSERVAÇAO DE CEMITERIOS;17;INFRAESTRUTURA URBANA E RURAL;15;Urbanismo;452;Serviços Urbanos;377;3.3.90.30.00.00.00.00;MATERIAL DE CONSUMO;1.500.000.0000;RECURSOS NÃO VINCULADOS DE IMPOSTOS;0,00
PREFEITURA MUNICIPAL DE BARBACENA;16.001;SEMOP;2.117;MANUTENÇAO, CONSTRUÇAO E CONSERVAÇAO DE CEMITERIOS;17;INFRAESTRUTURA URBANA E RURAL;15;Urbanismo;452;Serviços Urbanos;377;3.3.90.30.00.00.00.00;MATERIAL DE CONSUMO;1.501.000.0000;OUTROS RECURSOS NÃO VINCULADOS;0,01
PREFEITURA MUNICIPAL DE BARBACENA;16.001;SEMOP;2.117;MANUTENÇAO, CONSTRUÇAO E CONSERVAÇAO DE CEMITERIOS;17;INFRAESTRUTURA URBANA E RURAL;15;Urbanismo;452;Serviços Urbanos;377;3.3.90.30.00.00.00.00;MATERIAL DE CONSUMO;1.753.000.0000;RECURSOS PROVENIENTES DE TAXAS, CONTRIBUIÇÕES E PREÇOS PÚBLICOS;0,01
PREFEITURA MUNICIPAL DE BARBACENA;16.001;SEMOP;2.117;MANUTENÇAO, CONSTRUÇAO E CONSERVAÇAO DE CEMITERIOS;17;INFRAESTRUTURA URBANA E RURAL;15;Urbanismo;452;Serviços Urbanos;377;3.3.90.30.00.00.00.00;MATERIAL DE CONSUMO;2.500.000.0000;RECURSOS NÃO VINCULADOS DE IMPOSTOS;109.435,56
PREFEITURA MUNICIPAL DE BARBACENA;16.001;SEMOP;2.117;MANUTENÇAO, CONSTRUÇAO E CONSERVAÇAO DE CEMITERIOS;17;INFRAESTRUTURA URBANA E RURAL;15;Urbanismo;452;Serviços Urbanos;377;3.3.90.30.00.00.00.00;MATERIAL DE CONSUMO;2.753.000.0000;RECURSOS PROVENIENTES DE TAXAS, CONTRIBUIÇÕES E PREÇOS PÚBLICOS;0,01
PREFEITURA MUNICIPAL DE BARBACENA;16.001;SEMOP;2.117;MANUTENÇAO, CONSTRUÇAO E CONSERVAÇAO DE CEMITERIOS;17;INFRAESTRUTURA URBANA E RURAL;15;Urbanismo;452;Serviços Urbanos;378;3.3.90.39.00.00.00.00;OUTROS SERVIÇOS DE TERCEIROS - PESSOA JURÍDICA;1.500.000.0000;RECURSOS NÃO VINCULADOS DE IMPOSTOS;56,95
PREFEITURA MUNICIPAL DE BARBACENA;16.001;SEMOP;2.117;MANUTENÇAO, CONSTRUÇAO E CONSERVAÇAO DE CEMITERIOS;17;INFRAESTRUTURA URBANA E RURAL;15;Urbanismo;452;Serviços Urbanos;379;3.3.90.46.00.00.00.00;AUXÍLIO-ALIMENTAÇÃO;1.500.000.0000;RECURSOS NÃO VINCULADOS DE IMPOSTOS;75.415,73
PREFEITURA MUNICIPAL DE BARBACENA;16.001;SEMOP;2.117;MANUTENÇAO, CONSTRUÇAO E CONSERVAÇAO DE CEMITERIOS;17;INFRAESTRUTURA URBANA E RURAL;15;Urbanismo;452;Serviços Urbanos;380;4.4.90.52.00.00.00.00;EQUIPAMENTOS E MATERIAL PERMANENTE;1.500.000.0000;RECURSOS NÃO VINCULADOS DE IMPOSTOS;0,00
PREFEITURA MUNICIPAL DE BARBACENA;16.001;SEMOP;2.340;ELABORAÇAO DO PLANO DIRETOR DO MUNICIPIO E PLANO DE MOBILIDADE URBANA;17;INFRAESTRUTURA URBANA E RURAL;15;Urbanismo;452;Serviços Urbanos;381;3.3.90.30.00.00.00.00;MATERIAL DE CONSUMO;1.500.000.0000;RECURSOS NÃO VINCULADOS DE IMPOSTOS;0,00
PREFEITURA MUNICIPAL DE BARBACENA;16.001;SEMOP;2.340;ELABORAÇAO DO PLANO DIRETOR DO MUNICIPIO E PLANO DE MOBILIDADE URBANA;17;INFRAESTRUTURA URBANA E RURAL;15;Urbanismo;452;Serviços Urbanos;381;3.3.90.30.00.00.00.00;MATERIAL DE CONSUMO;1.700.000.0000;OUTRAS TRANSFERÊNCIAS DE CONVÊNIOS OU INSTRUMENTOS CONGÊNERES DA UNIÃO;1.000,00
PREFEITURA MUNICIPAL DE BARBACENA;16.001;SEMOP;2.340;ELABORAÇAO DO PLANO DIRETOR DO MUNICIPIO E PLANO DE MOBILIDADE URBANA;17;INFRAESTRUTURA URBANA E RURAL;15;Urbanismo;452;Serviços Urbanos;382;3.3.90.35.00.00.00.00;SERVIÇOS DE CONSULTORIA;1.500.000.0000;RECURSOS NÃO VINCULADOS DE IMPOSTOS;0,00
PREFEITURA MUNICIPAL DE BARBACENA;16.001;SEMOP;2.340;ELABORAÇAO DO PLANO DIRETOR DO MUNICIPIO E PLANO DE MOBILIDADE URBANA;17;INFRAESTRUTURA URBANA E RURAL;15;Urbanismo;452;Serviços Urbanos;382;3.3.90.35.00.00.00.00;SERVIÇOS DE CONSULTORIA;1.700.000.0000;OUTRAS TRANSFERÊNCIAS DE CONVÊNIOS OU INSTRUMENTOS CONGÊNERES DA UNIÃO;1.000,00
PREFEITURA MUNICIPAL DE BARBACENA;16.001;SEMOP;2.340;ELABORAÇAO DO PLANO DIRETOR DO MUNICIPIO E PLANO DE MOBILIDADE URBANA;17;INFRAESTRUTURA URBANA E RURAL;15;Urbanismo;452;Serviços Urbanos;383;3.3.90.39.00.00.00.00;OUTROS SERVIÇOS DE TERCEIROS - PESSOA JURÍDICA;1.500.000.0000;RECURSOS NÃO VINCULADOS DE IMPOSTOS;1.290.000,00
PREFEITURA MUNICIPAL DE BARBACENA;16.001;SEMOP;2.340;ELABORAÇAO DO PLANO DIRETOR DO MUNICIPIO E PLANO DE MOBILIDADE URBANA;17;INFRAESTRUTURA URBANA E RURAL;15;Urbanismo;452;Serviços Urbanos;383;3.3.90.39.00.00.00.00;OUTROS SERVIÇOS DE TERCEIROS - PESSOA JURÍDICA;1.700.000.0000;OUTRAS TRANSFERÊNCIAS DE CONVÊNIOS OU INSTRUMENTOS CONGÊNERES DA UNIÃO;1.000,00
PREFEITURA MUNICIPAL DE BARBACENA;16.001;SEMOP;1.498;OBRAS DE CONSTRUÇÃO E AMPLIAÇÃO DE SANEAMENTO RURAL E CONSERVAÇÃO DE NASCENTES;18;MEIO AMBIENTE E SANEAMENTO BASICO;17;Saneamento;511;Saneamento Básico Rural;384;3.3.90.39.00.00.00.00;OUTROS SERVIÇOS DE TERCEIROS - PESSOA JURÍDICA;1.500.000.0000;RECURSOS NÃO VINCULADOS DE IMPOSTOS;0,00
PREFEITURA MUNICIPAL DE BARBACENA;16.001;SEMOP;1.029;OBRAS DE CONSTRUÇAO, AMPLIAÇAO, READEQUAÇAO E MELHORIA DO SISTEMA DE ABASTECIMENTO DE AGUA;18;MEIO AMBIENTE E SANEAMENTO BASICO;17;Saneamento;512;Saneamento Básico Urbano;385;4.4.90.51.00.00.00.00;OBRAS E INSTALAÇÕES;1.500.000.0000;RECURSOS NÃO VINCULADOS DE IMPOSTOS;0,00
PREFEITURA MUNICIPAL DE BARBACENA;16.001;SEMOP;1.029;OBRAS DE CONSTRUÇAO, AMPLIAÇAO, READEQUAÇAO E MELHORIA DO SISTEMA DE ABASTECIMENTO DE AGUA;18;MEIO AMBIENTE E SANEAMENTO BASICO;17;Saneamento;512;Saneamento Básico Urbano;385;4.4.90.51.00.00.00.00;OBRAS E INSTALAÇÕES;1.700.000.0000;OUTRAS TRANSFERÊNCIAS DE CONVÊNIOS OU INSTRUMENTOS CONGÊNERES DA UNIÃO;1.000,00
PREFEITURA MUNICIPAL DE BARBACENA;16.001;SEMOP;1.033;OBRAS DE CONSTRUÇAO, AMPLIAÇAO, READEQUAÇAO E MELHORIA DO SISTEMA DE ESGOTAMENTO SANITARIO;18;MEIO AMBIENTE E SANEAMENTO BASICO;17;Saneamento;512;Saneamento Básico Urbano;386;3.3.90.39.00.00.00.00;OUTROS SERVIÇOS DE TERCEIROS - PESSOA JURÍDICA;1.500.000.0000;RECURSOS NÃO VINCULADOS DE IMPOSTOS;38.400,30
PREFEITURA MUNICIPAL DE BARBACENA;16.001;SEMOP;1.033;OBRAS DE CONSTRUÇAO, AMPLIAÇAO, READEQUAÇAO E MELHORIA DO SISTEMA DE ESGOTAMENTO SANITARIO;18;MEIO AMBIENTE E SANEAMENTO BASICO;17;Saneamento;512;Saneamento Básico Urbano;386;3.3.90.39.00.00.00.00;OUTROS SERVIÇOS DE TERCEIROS - PESSOA JURÍDICA;1.700.000.0000;OUTRAS TRANSFERÊNCIAS DE CONVÊNIOS OU INSTRUMENTOS CONGÊNERES DA UNIÃO;244.700,00
PREFEITURA MUNICIPAL DE BARBACENA;16.001;SEMOP;1.033;OBRAS DE CONSTRUÇAO, AMPLIAÇAO, READEQUAÇAO E MELHORIA DO SISTEMA DE ESGOTAMENTO SANITARIO;18;MEIO AMBIENTE E SANEAMENTO BASICO;17;Saneamento;512;Saneamento Básico Urbano;387;4.4.90.51.00.00.00.00;OBRAS E INSTALAÇÕES;1.500.000.0000;RECURSOS NÃO VINCULADOS DE IMPOSTOS;0,00
PREFEITURA MUNICIPAL DE BARBACENA;16.001;SEMOP;1.033;OBRAS DE CONSTRUÇAO, AMPLIAÇAO, READEQUAÇAO E MELHORIA DO SISTEMA DE ESGOTAMENTO SANITARIO;18;MEIO AMBIENTE E SANEAMENTO BASICO;17;Saneamento;512;Saneamento Básico Urbano;387;4.4.90.51.00.00.00.00;OBRAS E INSTALAÇÕES;1.700.000.0000;OUTRAS TRANSFERÊNCIAS DE CONVÊNIOS OU INSTRUMENTOS CONGÊNERES DA UNIÃO;753.480,42
PREFEITURA MUNICIPAL DE BARBACENA;16.001;SEMOP;1.033;OBRAS DE CONSTRUÇAO, AMPLIAÇAO, READEQUAÇAO E MELHORIA DO SISTEMA DE ESGOTAMENTO SANITARIO;18;MEIO AMBIENTE E SANEAMENTO BASICO;17;Saneamento;512;Saneamento Básico Urbano;387;4.4.90.51.00.00.00.00;OBRAS E INSTALAÇÕES;1.704.000.0000;TRANSFERÊNCIAS DA UNIÃO REFERENTES A COMPENSAÇÕES FINANCEIRAS PELA EXPLORAÇÃO DE RECURSOS NATURAIS;0,00
PREFEITURA MUNICIPAL DE BARBACENA;16.001;SEMOP;1.033;OBRAS DE CONSTRUÇAO, AMPLIAÇAO, READEQUAÇAO E MELHORIA DO SISTEMA DE ESGOTAMENTO SANITARIO;18;MEIO AMBIENTE E SANEAMENTO BASICO;17;Saneamento;512;Saneamento Básico Urbano;387;4.4.90.51.00.00.00.00;OBRAS E INSTALAÇÕES;1.754.000.0000;RECURSOS DE OPERAÇÕES DE CRÉDITO;13.469.155,82
PREFEITURA MUNICIPAL DE BARBACENA;16.001;SEMOP;1.034;OBRAS DE CONSTRUÇAO, AMPLIAÇAO, READEQUAÇAO E MELHORIA DO SISTEMA DE DRENAGEM;18;MEIO AMBIENTE E SANEAMENTO BASICO;17;Saneamento;512;Saneamento Básico Urbano;388;3.3.90.30.00.00.00.00;MATERIAL DE CONSUMO;1.500.000.0000;RECURSOS NÃO VINCULADOS DE IMPOSTOS;0,00
PREFEITURA MUNICIPAL DE BARBACENA;16.001;SEMOP;1.034;OBRAS DE CONSTRUÇAO, AMPLIAÇAO, READEQUAÇAO E MELHORIA DO SISTEMA DE DRENAGEM;18;MEIO AMBIENTE E SANEAMENTO BASICO;17;Saneamento;512;Saneamento Básico Urbano;388;3.3.90.30.00.00.00.00;MATERIAL DE CONSUMO;1.501.000.0000;OUTROS RECURSOS NÃO VINCULADOS;0,01
PREFEITURA MUNICIPAL DE BARBACENA;16.001;SEMOP;1.034;OBRAS DE CONSTRUÇAO, AMPLIAÇAO, READEQUAÇAO E MELHORIA DO SISTEMA DE DRENAGEM;18;MEIO AMBIENTE E SANEAMENTO BASICO;17;Saneamento;512;Saneamento Básico Urbano;388;3.3.90.30.00.00.00.00;MATERIAL DE CONSUMO;1.753.000.0000;RECURSOS PROVENIENTES DE TAXAS, CONTRIBUIÇÕES E PREÇOS PÚBLICOS;0,00
PREFEITURA MUNICIPAL DE BARBACENA;16.001;SEMOP;1.034;OBRAS DE CONSTRUÇAO, AMPLIAÇAO, READEQUAÇAO E MELHORIA DO SISTEMA DE DRENAGEM;18;MEIO AMBIENTE E SANEAMENTO BASICO;17;Saneamento;512;Saneamento Básico Urbano;388;3.3.90.30.00.00.00.00;MATERIAL DE CONSUMO;2.500.000.0000;RECURSOS NÃO VINCULADOS DE IMPOSTOS;11.817,51
PREFEITURA MUNICIPAL DE BARBACENA;16.001;SEMOP;1.034;OBRAS DE CONSTRUÇAO, AMPLIAÇAO, READEQUAÇAO E MELHORIA DO SISTEMA DE DRENAGEM;18;MEIO AMBIENTE E SANEAMENTO BASICO;17;Saneamento;512;Saneamento Básico Urbano;388;3.3.90.30.00.00.00.00;MATERIAL DE CONSUMO;2.753.000.0000;RECURSOS PROVENIENTES DE TAXAS, CONTRIBUIÇÕES E PREÇOS PÚBLICOS;0,01
PREFEITURA MUNICIPAL DE BARBACENA;16.001;SEMOP;1.034;OBRAS DE CONSTRUÇAO, AMPLIAÇAO, READEQUAÇAO E MELHORIA DO SISTEMA DE DRENAGEM;18;MEIO AMBIENTE E SANEAMENTO BASICO;17;Saneamento;512;Saneamento Básico Urbano;389;3.3.90.39.00.00.00.00;OUTROS SERVIÇOS DE TERCEIROS - PESSOA JURÍDICA;1.753.000.0000;RECURSOS PROVENIENTES DE TAXAS, CONTRIBUIÇÕES E PREÇOS PÚBLICOS;0,00
PREFEITURA MUNICIPAL DE BARBACENA;16.001;SEMOP;1.034;OBRAS DE CONSTRUÇAO, AMPLIAÇAO, READEQUAÇAO E MELHORIA DO SISTEMA DE DRENAGEM;18;MEIO AMBIENTE E SANEAMENTO BASICO;17;Saneamento;512;Saneamento Básico Urbano;389;3.3.90.39.00.00.00.00;OUTROS SERVIÇOS DE TERCEIROS - PESSOA JURÍDICA;2.500.000.0000;RECURSOS NÃO VINCULADOS DE IMPOSTOS;0,05
PREFEITURA MUNICIPAL DE BARBACENA;16.001;SEMOP;1.034;OBRAS DE CONSTRUÇAO, AMPLIAÇAO, READEQUAÇAO E MELHORIA DO SISTEMA DE DRENAGEM;18;MEIO AMBIENTE E SANEAMENTO BASICO;17;Saneamento;512;Saneamento Básico Urbano;389;3.3.90.39.00.00.00.00;OUTROS SERVIÇOS DE TERCEIROS - PESSOA JURÍDICA;2.753.000.0000;RECURSOS PROVENIENTES DE TAXAS, CONTRIBUIÇÕES E PREÇOS PÚBLICOS;0,05
PREFEITURA MUNICIPAL DE BARBACENA;16.001;SEMOP;1.034;OBRAS DE CONSTRUÇAO, AMPLIAÇAO, READEQUAÇAO E MELHORIA DO SISTEMA DE DRENAGEM;18;MEIO AMBIENTE E SANEAMENTO BASICO;17;Saneamento;512;Saneamento Básico Urbano;390;4.4.90.51.00.00.00.00;OBRAS E INSTALAÇÕES;1.500.000.0000;RECURSOS NÃO VINCULADOS DE IMPOSTOS;11,60
PREFEITURA MUNICIPAL DE BARBACENA;16.001;SEMOP;1.034;OBRAS DE CONSTRUÇAO, AMPLIAÇAO, READEQUAÇAO E MELHORIA DO SISTEMA DE DRENAGEM;18;MEIO AMBIENTE E SANEAMENTO BASICO;17;Saneamento;512;Saneamento Básico Urbano;390;4.4.90.51.00.00.00.00;OBRAS E INSTALAÇÕES;1.700.000.0000;OUTRAS TRANSFERÊNCIAS DE CONVÊNIOS OU INSTRUMENTOS CONGÊNERES DA UNIÃO;1.000,00
PREFEITURA MUNICIPAL DE BARBACENA;16.001;SEMOP;1.034;OBRAS DE CONSTRUÇAO, AMPLIAÇAO, READEQUAÇAO E MELHORIA DO SISTEMA DE DRENAGEM;18;MEIO AMBIENTE E SANEAMENTO BASICO;17;Saneamento;512;Saneamento Básico Urbano;390;4.4.90.51.00.00.00.00;OBRAS E INSTALAÇÕES;1.704.000.0000;TRANSFERÊNCIAS DA UNIÃO REFERENTES A COMPENSAÇÕES FINANCEIRAS PELA EXPLORAÇÃO DE RECURSOS NATURAIS;0,00
PREFEITURA MUNICIPAL DE BARBACENA;16.001;SEMOP;1.034;OBRAS DE CONSTRUÇAO, AMPLIAÇAO, READEQUAÇAO E MELHORIA DO SISTEMA DE DRENAGEM;18;MEIO AMBIENTE E SANEAMENTO BASICO;17;Saneamento;512;Saneamento Básico Urbano;390;4.4.90.51.00.00.00.00;OBRAS E INSTALAÇÕES;1.753.000.0000;RECURSOS PROVENIENTES DE TAXAS, CONTRIBUIÇÕES E PREÇOS PÚBLICOS;15.559,60
PREFEITURA MUNICIPAL DE BARBACENA;16.001;SEMOP;1.034;OBRAS DE CONSTRUÇAO, AMPLIAÇAO, READEQUAÇAO E MELHORIA DO SISTEMA DE DRENAGEM;18;MEIO AMBIENTE E SANEAMENTO BASICO;17;Saneamento;512;Saneamento Básico Urbano;955;3.3.90.41.00.00.00.00;CONTRIBUIÇÕES;1.500.000.0000;RECURSOS NÃO VINCULADOS DE IMPOSTOS;0,01
PREFEITURA MUNICIPAL DE BARBACENA;16.001;SEMOP;2.161;MANUTENÇAO DAS ATIVIDADES DE LIMPEZA URBANA E DESTINAÇAO FINAL DE RESIDUOS;18;MEIO AMBIENTE E SANEAMENTO BASICO;17;Saneamento;512;Saneamento Básico Urbano;391;3.3.90.30.00.00.00.00;MATERIAL DE CONSUMO;1.500.000.0000;RECURSOS NÃO VINCULADOS DE IMPOSTOS;54.985,11
PREFEITURA MUNICIPAL DE BARBACENA;16.001;SEMOP;2.161;MANUTENÇAO DAS ATIVIDADES DE LIMPEZA URBANA E DESTINAÇAO FINAL DE RESIDUOS;18;MEIO AMBIENTE E SANEAMENTO BASICO;17;Saneamento;512;Saneamento Básico Urbano;391;3.3.90.30.00.00.00.00;MATERIAL DE CONSUMO;1.704.000.0000;TRANSFERÊNCIAS DA UNIÃO REFERENTES A COMPENSAÇÕES FINANCEIRAS PELA EXPLORAÇÃO DE RECURSOS NATURAIS;112.774,50
PREFEITURA MUNICIPAL DE BARBACENA;16.001;SEMOP;2.161;MANUTENÇAO DAS ATIVIDADES DE LIMPEZA URBANA E DESTINAÇAO FINAL DE RESIDUOS;18;MEIO AMBIENTE E SANEAMENTO BASICO;17;Saneamento;512;Saneamento Básico Urbano;391;3.3.90.30.00.00.00.00;MATERIAL DE CONSUMO;1.753.000.0000;RECURSOS PROVENIENTES DE TAXAS, CONTRIBUIÇÕES E PREÇOS PÚBLICOS;5.185,92
PREFEITURA MUNICIPAL DE BARBACENA;16.001;SEMOP;2.161;MANUTENÇAO DAS ATIVIDADES DE LIMPEZA URBANA E DESTINAÇAO FINAL DE RESIDUOS;18;MEIO AMBIENTE E SANEAMENTO BASICO;17;Saneamento;512;Saneamento Básico Urbano;391;3.3.90.30.00.00.00.00;MATERIAL DE CONSUMO;2.500.000.0000;RECURSOS NÃO VINCULADOS DE IMPOSTOS;0,01
PREFEITURA MUNICIPAL DE BARBACENA;16.001;SEMOP;2.161;MANUTENÇAO DAS ATIVIDADES DE LIMPEZA URBANA E DESTINAÇAO FINAL DE RESIDUOS;18;MEIO AMBIENTE E SANEAMENTO BASICO;17;Saneamento;512;Saneamento Básico Urbano;391;3.3.90.30.00.00.00.00;MATERIAL DE CONSUMO;2.753.000.0000;RECURSOS PROVENIENTES DE TAXAS, CONTRIBUIÇÕES E PREÇOS PÚBLICOS;38.291,37
PREFEITURA MUNICIPAL DE BARBACENA;16.001;SEMOP;2.161;MANUTENÇAO DAS ATIVIDADES DE LIMPEZA URBANA E DESTINAÇAO FINAL DE RESIDUOS;18;MEIO AMBIENTE E SANEAMENTO BASICO;17;Saneamento;512;Saneamento Básico Urbano;392;3.3.90.36.00.00.00.00;OUTROS SERVIÇOS DE TERCEIROS - PESSOA FÍSICA;1.500.000.0000;RECURSOS NÃO VINCULADOS DE IMPOSTOS;0,00
PREFEITURA MUNICIPAL DE BARBACENA;16.001;SEMOP;2.161;MANUTENÇAO DAS ATIVIDADES DE LIMPEZA URBANA E DESTINAÇAO FINAL DE RESIDUOS;18;MEIO AMBIENTE E SANEAMENTO BASICO;17;Saneamento;512;Saneamento Básico Urbano;393;3.3.90.39.00.00.00.00;OUTROS SERVIÇOS DE TERCEIROS - PESSOA JURÍDICA;1.500.000.0000;RECURSOS NÃO VINCULADOS DE IMPOSTOS;412.691,33
PREFEITURA MUNICIPAL DE BARBACENA;16.001;SEMOP;2.161;MANUTENÇAO DAS ATIVIDADES DE LIMPEZA URBANA E DESTINAÇAO FINAL DE RESIDUOS;18;MEIO AMBIENTE E SANEAMENTO BASICO;17;Saneamento;512;Saneamento Básico Urbano;393;3.3.90.39.00.00.00.00;OUTROS SERVIÇOS DE TERCEIROS - PESSOA JURÍDICA;1.501.000.0000;OUTROS RECURSOS NÃO VINCULADOS;6.666,39
PREFEITURA MUNICIPAL DE BARBACENA;16.001;SEMOP;2.161;MANUTENÇAO DAS ATIVIDADES DE LIMPEZA URBANA E DESTINAÇAO FINAL DE RESIDUOS;18;MEIO AMBIENTE E SANEAMENTO BASICO;17;Saneamento;512;Saneamento Básico Urbano;393;3.3.90.39.00.00.00.00;OUTROS SERVIÇOS DE TERCEIROS - PESSOA JURÍDICA;1.704.000.0000;TRANSFERÊNCIAS DA UNIÃO REFERENTES A COMPENSAÇÕES FINANCEIRAS PELA EXPLORAÇÃO DE RECURSOS NATURAIS;6.860.383,24
PREFEITURA MUNICIPAL DE BARBACENA;16.001;SEMOP;2.161;MANUTENÇAO DAS ATIVIDADES DE LIMPEZA URBANA E DESTINAÇAO FINAL DE RESIDUOS;18;MEIO AMBIENTE E SANEAMENTO BASICO;17;Saneamento;512;Saneamento Básico Urbano;393;3.3.90.39.00.00.00.00;OUTROS SERVIÇOS DE TERCEIROS - PESSOA JURÍDICA;1.753.000.0000;RECURSOS PROVENIENTES DE TAXAS, CONTRIBUIÇÕES E PREÇOS PÚBLICOS;2.551.828,80
PREFEITURA MUNICIPAL DE BARBACENA;16.001;SEMOP;2.161;MANUTENÇAO DAS ATIVIDADES DE LIMPEZA URBANA E DESTINAÇAO FINAL DE RESIDUOS;18;MEIO AMBIENTE E SANEAMENTO BASICO;17;Saneamento;512;Saneamento Básico Urbano;393;3.3.90.39.00.00.00.00;OUTROS SERVIÇOS DE TERCEIROS - PESSOA JURÍDICA;2.500.000.0000;RECURSOS NÃO VINCULADOS DE IMPOSTOS;0,05
PREFEITURA MUNICIPAL DE BARBACENA;16.001;SEMOP;2.161;MANUTENÇAO DAS ATIVIDADES DE LIMPEZA URBANA E DESTINAÇAO FINAL DE RESIDUOS;18;MEIO AMBIENTE E SANEAMENTO BASICO;17;Saneamento;512;Saneamento Básico Urbano;393;3.3.90.39.00.00.00.00;OUTROS SERVIÇOS DE TERCEIROS - PESSOA JURÍDICA;2.753.000.0000;RECURSOS PROVENIENTES DE TAXAS, CONTRIBUIÇÕES E PREÇOS PÚBLICOS;0,05
PREFEITURA MUNICIPAL DE BARBACENA;16.001;SEMOP;2.161;MANUTENÇAO DAS ATIVIDADES DE LIMPEZA URBANA E DESTINAÇAO FINAL DE RESIDUOS;18;MEIO AMBIENTE E SANEAMENTO BASICO;17;Saneamento;512;Saneamento Básico Urbano;394;3.3.90.92.00.00.00.00;DESPESAS DE EXERCÍCIOS ANTERIORES;1.500.000.0000;RECURSOS NÃO VINCULADOS DE IMPOSTOS;28.473,76
PREFEITURA MUNICIPAL DE BARBACENA;16.001;SEMOP;2.161;MANUTENÇAO DAS ATIVIDADES DE LIMPEZA URBANA E DESTINAÇAO FINAL DE RESIDUOS;18;MEIO AMBIENTE E SANEAMENTO BASICO;17;Saneamento;512;Saneamento Básico Urbano;394;3.3.90.92.00.00.00.00;DESPESAS DE EXERCÍCIOS ANTERIORES;1.753.000.0000;RECURSOS PROVENIENTES DE TAXAS, CONTRIBUIÇÕES E PREÇOS PÚBLICOS;437.086,53
PREFEITURA MUNICIPAL DE BARBACENA;16.001;SEMOP;2.161;MANUTENÇAO DAS ATIVIDADES DE LIMPEZA URBANA E DESTINAÇAO FINAL DE RESIDUOS;18;MEIO AMBIENTE E SANEAMENTO BASICO;17;Saneamento;512;Saneamento Básico Urbano;395;4.4.90.52.00.00.00.00;EQUIPAMENTOS E MATERIAL PERMANENTE;1.500.000.0000;RECURSOS NÃO VINCULADOS DE IMPOSTOS;0,00
PREFEITURA MUNICIPAL DE BARBACENA;16.001;SEMOP;2.161;MANUTENÇAO DAS ATIVIDADES DE LIMPEZA URBANA E DESTINAÇAO FINAL DE RESIDUOS;18;MEIO AMBIENTE E SANEAMENTO BASICO;17;Saneamento;512;Saneamento Básico Urbano;395;4.4.90.52.00.00.00.00;EQUIPAMENTOS E MATERIAL PERMANENTE;1.753.000.0000;RECURSOS PROVENIENTES DE TAXAS, CONTRIBUIÇÕES E PREÇOS PÚBLICOS;0,00
PREFEITURA MUNICIPAL DE BARBACENA;16.001;SEMOP;2.161;MANUTENÇAO DAS ATIVIDADES DE LIMPEZA URBANA E DESTINAÇAO FINAL DE RESIDUOS;18;MEIO AMBIENTE E SANEAMENTO BASICO;17;Saneamento;512;Saneamento Básico Urbano;956;3.3.90.41.00.00.00.00;CONTRIBUIÇÕES;1.500.000.0000;RECURSOS NÃO VINCULADOS DE IMPOSTOS;0,01
PREFEITURA MUNICIPAL DE BARBACENA;16.001;SEMOP;1.028;OBRAS DE AMPLIAÇAO E MELHORIA DA REDE DE ILUMINAÇAO PUBLICA;20;ILUMINAÇAO PUBLICA;25;Energia;752;Energia Elétrica;396;4.4.90.51.00.00.00.00;OBRAS E INSTALAÇÕES;1.751.000.0000;RECURSOS DA CONTRIBUIÇÃO PARA O CUSTEIO DO SERVIÇO DE ILUMINAÇÃO PÚBLICA - COSIP;571.098,78
PREFEITURA MUNICIPAL DE BARBACENA;16.001;SEMOP;1.028;OBRAS DE AMPLIAÇAO E MELHORIA DA REDE DE ILUMINAÇAO PUBLICA;20;ILUMINAÇAO PUBLICA;25;Energia;752;Energia Elétrica;396;4.4.90.51.00.00.00.00;OBRAS E INSTALAÇÕES;2.751.000.0000;RECURSOS DA CONTRIBUIÇÃO PARA O CUSTEIO DO SERVIÇO DE ILUMINAÇÃO PÚBLICA - COSIP;0,10
PREFEITURA MUNICIPAL DE BARBACENA;16.001;SEMOP;2.104;MANUTENÇAO DA REDE DE ILUMINAÇAO PUBLICA;20;ILUMINAÇAO PUBLICA;25;Energia;752;Energia Elétrica;397;3.3.90.39.00.00.00.00;OUTROS SERVIÇOS DE TERCEIROS - PESSOA JURÍDICA;1.751.000.0000;RECURSOS DA CONTRIBUIÇÃO PARA O CUSTEIO DO SERVIÇO DE ILUMINAÇÃO PÚBLICA - COSIP;7.054.769,72
PREFEITURA MUNICIPAL DE BARBACENA;16.001;SEMOP;2.104;MANUTENÇAO DA REDE DE ILUMINAÇAO PUBLICA;20;ILUMINAÇAO PUBLICA;25;Energia;752;Energia Elétrica;397;3.3.90.39.00.00.00.00;OUTROS SERVIÇOS DE TERCEIROS - PESSOA JURÍDICA;2.751.000.0000;RECURSOS DA CONTRIBUIÇÃO PARA O CUSTEIO DO SERVIÇO DE ILUMINAÇÃO PÚBLICA - COSIP;0,01
PREFEITURA MUNICIPAL DE BARBACENA;16.001;SEMOP;2.104;MANUTENÇAO DA REDE DE ILUMINAÇAO PUBLICA;20;ILUMINAÇAO PUBLICA;25;Energia;752;Energia Elétrica;957;3.3.67.83.00.00.00.00;DESPESAS DECORRENTES DE CONTRATO DE PARCERIA PÚB.;1.751.000.0000;RECURSOS DA CONTRIBUIÇÃO PARA O CUSTEIO DO SERVIÇO DE ILUMINAÇÃO PÚBLICA - COSIP;4.000.000,00
PREFEITURA MUNICIPAL DE BARBACENA;16.001;SEMOP;2.116;PROJETOS DE ENGENHARIA DE ILUMINAÇAO PUBLICA;20;ILUMINAÇAO PUBLICA;25;Energia;752;Energia Elétrica;398;3.3.90.39.00.00.00.00;OUTROS SERVIÇOS DE TERCEIROS - PESSOA JURÍDICA;1.751.000.0000;RECURSOS DA CONTRIBUIÇÃO PARA O CUSTEIO DO SERVIÇO DE ILUMINAÇÃO PÚBLICA - COSIP;20.000,00
PREFEITURA MUNICIPAL DE BARBACENA;16.001;SEMOP;2.116;PROJETOS DE ENGENHARIA DE ILUMINAÇAO PUBLICA;20;ILUMINAÇAO PUBLICA;25;Energia;752;Energia Elétrica;399;4.4.90.51.00.00.00.00;OBRAS E INSTALAÇÕES;1.751.000.0000;RECURSOS DA CONTRIBUIÇÃO PARA O CUSTEIO DO SERVIÇO DE ILUMINAÇÃO PÚBLICA - COSIP;79.999,99
PREFEITURA MUNICIPAL DE BARBACENA;16.001;SEMOP;1.027;CONSTRUÇAO, AMPLIAÇAO, RECUPERAÇÃO E MELHORIA DE VIAS PUBLICAS;27;MOBILIDADE URBANA;15;Urbanismo;451;Infra-Estrutura Urbana;349;3.3.90.30.00.00.00.00;MATERIAL DE CONSUMO;1.500.000.0000;RECURSOS NÃO VINCULADOS DE IMPOSTOS;0,00
PREFEITURA MUNICIPAL DE BARBACENA;16.001;SEMOP;1.027;CONSTRUÇAO, AMPLIAÇAO, RECUPERAÇÃO E MELHORIA DE VIAS PUBLICAS;27;MOBILIDADE URBANA;15;Urbanismo;451;Infra-Estrutura Urbana;349;3.3.90.30.00.00.00.00;MATERIAL DE CONSUMO;1.750.000.0000;RECURSOS DA CONTRIBUIÇÃO DE INTERVENÇÃO NO DOMÍNIO ECONÔMICO - CIDE;290.130,51
PREFEITURA MUNICIPAL DE BARBACENA;16.001;SEMOP;1.027;CONSTRUÇAO, AMPLIAÇAO, RECUPERAÇÃO E MELHORIA DE VIAS PUBLICAS;27;MOBILIDADE URBANA;15;Urbanismo;451;Infra-Estrutura Urbana;350;3.3.90.39.00.00.00.00;OUTROS SERVIÇOS DE TERCEIROS - PESSOA JURÍDICA;1.500.000.0000;RECURSOS NÃO VINCULADOS DE IMPOSTOS;34.300,00
PREFEITURA MUNICIPAL DE BARBACENA;16.001;SEMOP;1.027;CONSTRUÇAO, AMPLIAÇAO, RECUPERAÇÃO E MELHORIA DE VIAS PUBLICAS;27;MOBILIDADE URBANA;15;Urbanismo;451;Infra-Estrutura Urbana;350;3.3.90.39.00.00.00.00;OUTROS SERVIÇOS DE TERCEIROS - PESSOA JURÍDICA;1.704.000.0000;TRANSFERÊNCIAS DA UNIÃO REFERENTES A COMPENSAÇÕES FINANCEIRAS PELA EXPLORAÇÃO DE RECURSOS NATURAIS;0,00
PREFEITURA MUNICIPAL DE BARBACENA;16.001;SEMOP;1.027;CONSTRUÇAO, AMPLIAÇAO, RECUPERAÇÃO E MELHORIA DE VIAS PUBLICAS;27;MOBILIDADE URBANA;15;Urbanismo;451;Infra-Estrutura Urbana;350;3.3.90.39.00.00.00.00;OUTROS SERVIÇOS DE TERCEIROS - PESSOA JURÍDICA;1.708.000.0000;TRANSFERÊNCIA DA UNIÃO REFERENTE À COMPENSAÇÃO FINANCEIRA DE RECURSOS MINERAIS;15.541,54
PREFEITURA MUNICIPAL DE BARBACENA;16.001;SEMOP;1.027;CONSTRUÇAO, AMPLIAÇAO, RECUPERAÇÃO E MELHORIA DE VIAS PUBLICAS;27;MOBILIDADE URBANA;15;Urbanismo;451;Infra-Estrutura Urbana;350;3.3.90.39.00.00.00.00;OUTROS SERVIÇOS DE TERCEIROS - PESSOA JURÍDICA;1.753.000.0000;RECURSOS PROVENIENTES DE TAXAS, CONTRIBUIÇÕES E PREÇOS PÚBLICOS;0,00
PREFEITURA MUNICIPAL DE BARBACENA;16.001;SEMOP;1.027;CONSTRUÇAO, AMPLIAÇAO, RECUPERAÇÃO E MELHORIA DE VIAS PUBLICAS;27;MOBILIDADE URBANA;15;Urbanismo;451;Infra-Estrutura Urbana;351;3.3.90.92.00.00.00.00;DESPESAS DE EXERCÍCIOS ANTERIORES;1.704.000.0000;TRANSFERÊNCIAS DA UNIÃO REFERENTES A COMPENSAÇÕES FINANCEIRAS PELA EXPLORAÇÃO DE RECURSOS NATURAIS;0,00
PREFEITURA MUNICIPAL DE BARBACENA;16.001;SEMOP;1.027;CONSTRUÇAO, AMPLIAÇAO, RECUPERAÇÃO E MELHORIA DE VIAS PUBLICAS;27;MOBILIDADE URBANA;15;Urbanismo;451;Infra-Estrutura Urbana;352;4.4.90.51.00.00.00.00;OBRAS E INSTALAÇÕES;1.500.000.0000;RECURSOS NÃO VINCULADOS DE IMPOSTOS;93.042,11
PREFEITURA MUNICIPAL DE BARBACENA;16.001;SEMOP;1.027;CONSTRUÇAO, AMPLIAÇAO, RECUPERAÇÃO E MELHORIA DE VIAS PUBLICAS;27;MOBILIDADE URBANA;15;Urbanismo;451;Infra-Estrutura Urbana;352;4.4.90.51.00.00.00.00;OBRAS E INSTALAÇÕES;1.501.000.0000;OUTROS RECURSOS NÃO VINCULADOS;0,01
PREFEITURA MUNICIPAL DE BARBACENA;16.001;SEMOP;1.027;CONSTRUÇAO, AMPLIAÇAO, RECUPERAÇÃO E MELHORIA DE VIAS PUBLICAS;27;MOBILIDADE URBANA;15;Urbanismo;451;Infra-Estrutura Urbana;352;4.4.90.51.00.00.00.00;OBRAS E INSTALAÇÕES;1.700.000.0000;OUTRAS TRANSFERÊNCIAS DE CONVÊNIOS OU INSTRUMENTOS CONGÊNERES DA UNIÃO;160.452,83
PREFEITURA MUNICIPAL DE BARBACENA;16.001;SEMOP;1.027;CONSTRUÇAO, AMPLIAÇAO, RECUPERAÇÃO E MELHORIA DE VIAS PUBLICAS;27;MOBILIDADE URBANA;15;Urbanismo;451;Infra-Estrutura Urbana;352;4.4.90.51.00.00.00.00;OBRAS E INSTALAÇÕES;1.704.000.0000;TRANSFERÊNCIAS DA UNIÃO REFERENTES A COMPENSAÇÕES FINANCEIRAS PELA EXPLORAÇÃO DE RECURSOS NATURAIS;3.001.879,72
PREFEITURA MUNICIPAL DE BARBACENA;16.001;SEMOP;1.027;CONSTRUÇAO, AMPLIAÇAO, RECUPERAÇÃO E MELHORIA DE VIAS PUBLICAS;27;MOBILIDADE URBANA;15;Urbanismo;451;Infra-Estrutura Urbana;352;4.4.90.51.00.00.00.00;OBRAS E INSTALAÇÕES;1.705.000.0000;TRANSFERÊNCIAS DOS ESTADOS REFERENTES A COMPENSAÇÕES FINANCEIRAS PELA EXPLORAÇÃO DE RECURSOS NATURAIS;1.317.844,81
PREFEITURA MUNICIPAL DE BARBACENA;16.001;SEMOP;1.027;CONSTRUÇAO, AMPLIAÇAO, RECUPERAÇÃO E MELHORIA DE VIAS PUBLICAS;27;MOBILIDADE URBANA;15;Urbanismo;451;Infra-Estrutura Urbana;352;4.4.90.51.00.00.00.00;OBRAS E INSTALAÇÕES;1.706.000.0000;TRANSFERÊNCIA ESPECIAL DA UNIÃO BANCADA;0,01
PREFEITURA MUNICIPAL DE BARBACENA;16.001;SEMOP;1.027;CONSTRUÇAO, AMPLIAÇAO, RECUPERAÇÃO E MELHORIA DE VIAS PUBLICAS;27;MOBILIDADE URBANA;15;Urbanismo;451;Infra-Estrutura Urbana;352;4.4.90.51.00.00.00.00;OBRAS E INSTALAÇÕES;1.710.000.0000;TRANSFERÊNCIA ESPECIAL DOS ESTADOS;303.204,00
PREFEITURA MUNICIPAL DE BARBACENA;16.001;SEMOP;1.027;CONSTRUÇAO, AMPLIAÇAO, RECUPERAÇÃO E MELHORIA DE VIAS PUBLICAS;27;MOBILIDADE URBANA;15;Urbanismo;451;Infra-Estrutura Urbana;352;4.4.90.51.00.00.00.00;OBRAS E INSTALAÇÕES;1.753.000.0000;RECURSOS PROVENIENTES DE TAXAS, CONTRIBUIÇÕES E PREÇOS PÚBLICOS;756.133,02
PREFEITURA MUNICIPAL DE BARBACENA;16.001;SEMOP;1.027;CONSTRUÇAO, AMPLIAÇAO, RECUPERAÇÃO E MELHORIA DE VIAS PUBLICAS;27;MOBILIDADE URBANA;15;Urbanismo;451;Infra-Estrutura Urbana;352;4.4.90.51.00.00.00.00;OBRAS E INSTALAÇÕES;1.755.000.0000;RECURSOS DE ALIENAÇÃO DE BENS/ATIVOS - ADMINISTRAÇÃO DIRETA;158.028,78
PREFEITURA MUNICIPAL DE BARBACENA;16.001;SEMOP;1.027;CONSTRUÇAO, AMPLIAÇAO, RECUPERAÇÃO E MELHORIA DE VIAS PUBLICAS;27;MOBILIDADE URBANA;15;Urbanismo;451;Infra-Estrutura Urbana;352;4.4.90.51.00.00.00.00;OBRAS E INSTALAÇÕES;1.899.000.0000;OUTROS RECURSOS VINCULADOS;72.500,00
PREFEITURA MUNICIPAL DE BARBACENA;16.001;SEMOP;1.027;CONSTRUÇAO, AMPLIAÇAO, RECUPERAÇÃO E MELHORIA DE VIAS PUBLICAS;27;MOBILIDADE URBANA;15;Urbanismo;451;Infra-Estrutura Urbana;352;4.4.90.51.00.00.00.00;OBRAS E INSTALAÇÕES;2.500.000.0000;RECURSOS NÃO VINCULADOS DE IMPOSTOS;12.407.621,63
PREFEITURA MUNICIPAL DE BARBACENA;16.001;SEMOP;1.027;CONSTRUÇAO, AMPLIAÇAO, RECUPERAÇÃO E MELHORIA DE VIAS PUBLICAS;27;MOBILIDADE URBANA;15;Urbanismo;451;Infra-Estrutura Urbana;352;4.4.90.51.00.00.00.00;OBRAS E INSTALAÇÕES;2.704.000.0000;TRANSFERÊNCIAS DA UNIÃO REFERENTES A COMPENSAÇÕES FINANCEIRAS PELA EXPLORAÇÃO DE RECURSOS NATURAIS;4.499.537,11
PREFEITURA MUNICIPAL DE BARBACENA;16.001;SEMOP;1.027;CONSTRUÇAO, AMPLIAÇAO, RECUPERAÇÃO E MELHORIA DE VIAS PUBLICAS;27;MOBILIDADE URBANA;15;Urbanismo;451;Infra-Estrutura Urbana;352;4.4.90.51.00.00.00.00;OBRAS E INSTALAÇÕES;2.710.010.0000;TRANSFERÊNCIA ESPECIAL DOS ESTADOS (TRANSF. ESP. ESTADO - ACORDO JUDICIAL REPARAÇÃO IMPACTOS SOCIOECONÔMICOS E AMBIENTAIS-BARRAGEM BRUMADINHO);3.136.966,79
PREFEITURA MUNICIPAL DE BARBACENA;16.001;SEMOP;1.027;CONSTRUÇAO, AMPLIAÇAO, RECUPERAÇÃO E MELHORIA DE VIAS PUBLICAS;27;MOBILIDADE URBANA;15;Urbanismo;451;Infra-Estrutura Urbana;352;4.4.90.51.00.00.00.00;OBRAS E INSTALAÇÕES;2.753.000.0000;RECURSOS PROVENIENTES DE TAXAS, CONTRIBUIÇÕES E PREÇOS PÚBLICOS;0,01
PREFEITURA MUNICIPAL DE BARBACENA;16.001;SEMOP;1.027;CONSTRUÇAO, AMPLIAÇAO, RECUPERAÇÃO E MELHORIA DE VIAS PUBLICAS;27;MOBILIDADE URBANA;15;Urbanismo;451;Infra-Estrutura Urbana;919;3.3.71.70.00.00.00.00;RATEIO PELA PARTICIPAÇÃO EM CONSÓRCIO PÚBLICO;1.753.000.0000;RECURSOS PROVENIENTES DE TAXAS, CONTRIBUIÇÕES E PREÇOS PÚBLICOS;0,01
PREFEITURA MUNICIPAL DE BARBACENA;16.001;SEMOP;1.027;CONSTRUÇAO, AMPLIAÇAO, RECUPERAÇÃO E MELHORIA DE VIAS PUBLICAS;27;MOBILIDADE URBANA;15;Urbanismo;451;Infra-Estrutura Urbana;921;4.4.90.92.00.00.00.00;DESPESAS DE EXERCÍCIOS ANTERIORES;1.753.000.0000;RECURSOS PROVENIENTES DE TAXAS, CONTRIBUIÇÕES E PREÇOS PÚBLICOS;0,01
PREFEITURA MUNICIPAL DE BARBACENA;16.001;SEMOP;1.027;CONSTRUÇAO, AMPLIAÇAO, RECUPERAÇÃO E MELHORIA DE VIAS PUBLICAS;27;MOBILIDADE URBANA;15;Urbanismo;451;Infra-Estrutura Urbana;921;4.4.90.92.00.00.00.00;DESPESAS DE EXERCÍCIOS ANTERIORES;2.500.000.0000;RECURSOS NÃO VINCULADOS DE IMPOSTOS;403.724,51
PREFEITURA MUNICIPAL DE BARBACENA;16.001;SEMOP;1.027;CONSTRUÇAO, AMPLIAÇAO, RECUPERAÇÃO E MELHORIA DE VIAS PUBLICAS;27;MOBILIDADE URBANA;15;Urbanismo;451;Infra-Estrutura Urbana;921;4.4.90.92.00.00.00.00;DESPESAS DE EXERCÍCIOS ANTERIORES;2.753.000.0000;RECURSOS PROVENIENTES DE TAXAS, CONTRIBUIÇÕES E PREÇOS PÚBLICOS;0,01
PREFEITURA MUNICIPAL DE BARBACENA;16.001;SEMOP;1.027;CONSTRUÇAO, AMPLIAÇAO, RECUPERAÇÃO E MELHORIA DE VIAS PUBLICAS;27;MOBILIDADE URBANA;15;Urbanismo;451;Infra-Estrutura Urbana;986;3.3.50.41.00.00.00.00;CONTRIBUIÇÕES;1.501.000.0000;OUTROS RECURSOS NÃO VINCULADOS;123.265,46
PREFEITURA MUNICIPAL DE BARBACENA;16.001;SEMOP;1.027;CONSTRUÇAO, AMPLIAÇAO, RECUPERAÇÃO E MELHORIA DE VIAS PUBLICAS;27;MOBILIDADE URBANA;15;Urbanismo;451;Infra-Estrutura Urbana;987;4.4.50.41.00.00.00.00;CONTRIBUIÇÕES;1.501.000.0000;OUTROS RECURSOS NÃO VINCULADOS;0,01
PREFEITURA MUNICIPAL DE BARBACENA;16.001;SEMOP;1.469;BLOQUETEAMENTO DA RUA ANTÔNIO CARNEIRO;27;MOBILIDADE URBANA;15;Urbanismo;451;Infra-Estrutura Urbana;353;4.4.90.51.00.00.00.00;OBRAS E INSTALAÇÕES;1.700.000.0000;OUTRAS TRANSFERÊNCIAS DE CONVÊNIOS OU INSTRUMENTOS CONGÊNERES DA UNIÃO;30.000,00
PREFEITURA MUNICIPAL DE BARBACENA;16.001;SEMOP;1.470;RECAPEAMENTO DA RUA PEDRO LOSCHI;27;MOBILIDADE URBANA;15;Urbanismo;451;Infra-Estrutura Urbana;354;4.4.90.51.00.00.00.00;OBRAS E INSTALAÇÕES;1.700.000.0000;OUTRAS TRANSFERÊNCIAS DE CONVÊNIOS OU INSTRUMENTOS CONGÊNERES DA UNIÃO;50.000,00
PREFEITURA MUNICIPAL DE BARBACENA;16.001;SEMOP;1.471;RECAPEAMENTO DA RUA JOSÉ ZILLE;27;MOBILIDADE URBANA;15;Urbanismo;451;Infra-Estrutura Urbana;355;4.4.90.51.00.00.00.00;OBRAS E INSTALAÇÕES;1.700.000.0000;OUTRAS TRANSFERÊNCIAS DE CONVÊNIOS OU INSTRUMENTOS CONGÊNERES DA UNIÃO;50.000,00
PREFEITURA MUNICIPAL DE BARBACENA;16.001;SEMOP;1.472;PAVIMENTAÇÃO DA RUA ANTÔNIO SFREDO;27;MOBILIDADE URBANA;15;Urbanismo;451;Infra-Estrutura Urbana;356;4.4.90.51.00.00.00.00;OBRAS E INSTALAÇÕES;1.700.000.0000;OUTRAS TRANSFERÊNCIAS DE CONVÊNIOS OU INSTRUMENTOS CONGÊNERES DA UNIÃO;50.000,00
PREFEITURA MUNICIPAL DE BARBACENA;16.001;SEMOP;1.473;PAVIMENTAÇÃO DA RUA UBIRAJARA FURTADO;27;MOBILIDADE URBANA;15;Urbanismo;451;Infra-Estrutura Urbana;357;4.4.90.51.00.00.00.00;OBRAS E INSTALAÇÕES;1.700.000.0000;OUTRAS TRANSFERÊNCIAS DE CONVÊNIOS OU INSTRUMENTOS CONGÊNERES DA UNIÃO;50.000,00
PREFEITURA MUNICIPAL DE BARBACENA;16.001;SEMOP;1.482;ASFALTAMENTO DA RUA ARMANDO DE OLIVEIRA BRASIL, BAIRRO DE FÁTIMA;27;MOBILIDADE URBANA;15;Urbanismo;451;Infra-Estrutura Urbana;358;4.4.90.51.00.00.00.00;OBRAS E INSTALAÇÕES;1.704.000.0000;TRANSFERÊNCIAS DA UNIÃO REFERENTES A COMPENSAÇÕES FINANCEIRAS PELA EXPLORAÇÃO DE RECURSOS NATURAIS;49.653,09
PREFEITURA MUNICIPAL DE BARBACENA;16.001;SEMOP;1.483;ASFALTAMENTO DA RUA JOSÉ ZILLE, BAIRRO IPANEMA;27;MOBILIDADE URBANA;15;Urbanismo;451;Infra-Estrutura Urbana;359;4.4.90.51.00.00.00.00;OBRAS E INSTALAÇÕES;1.704.000.0000;TRANSFERÊNCIAS DA UNIÃO REFERENTES A COMPENSAÇÕES FINANCEIRAS PELA EXPLORAÇÃO DE RECURSOS NATURAIS;68.265,45
PREFEITURA MUNICIPAL DE BARBACENA;16.001;SEMOP;1.484;ASFALTAMENTO DA RUA SANTA RITA DURÃO, BAIRRO CARMO;27;MOBILIDADE URBANA;15;Urbanismo;451;Infra-Estrutura Urbana;360;4.4.90.51.00.00.00.00;OBRAS E INSTALAÇÕES;1.704.000.0000;TRANSFERÊNCIAS DA UNIÃO REFERENTES A COMPENSAÇÕES FINANCEIRAS PELA EXPLORAÇÃO DE RECURSOS NATURAIS;49.653,09
PREFEITURA MUNICIPAL DE BARBACENA;16.001;SEMOP;1.485;CONSTRUÇÃO DE REDE DE CAPTAÇÃO DE ÁGUA PLUVIAL COM MANILHA DE CIMENTO, BITOLA 40MM, ZONA RURAL;27;MOBILIDADE URBANA;15;Urbanismo;451;Infra-Estrutura Urbana;361;4.4.90.51.00.00.00.00;OBRAS E INSTALAÇÕES;1.705.000.0000;TRANSFERÊNCIAS DOS ESTADOS REFERENTES A COMPENSAÇÕES FINANCEIRAS PELA EXPLORAÇÃO DE RECURSOS NATURAIS;45.765,45
PREFEITURA MUNICIPAL DE BARBACENA;16.001;SEMOP;1.488;PAVIMENTAÇÃO DE RUAS DA COMUNIDADE DE TORRES;27;MOBILIDADE URBANA;15;Urbanismo;451;Infra-Estrutura Urbana;362;4.4.90.51.00.00.00.00;OBRAS E INSTALAÇÕES;1.704.000.0000;TRANSFERÊNCIAS DA UNIÃO REFERENTES A COMPENSAÇÕES FINANCEIRAS PELA EXPLORAÇÃO DE RECURSOS NATURAIS;1.000,00
PREFEITURA MUNICIPAL DE BARBACENA;16.001;SEMOP;1.489;PAVIMENTAÇÃO DE RUAS DA COMUNIDADE DO POMBAL;27;MOBILIDADE URBANA;15;Urbanismo;451;Infra-Estrutura Urbana;363;4.4.90.51.00.00.00.00;OBRAS E INSTALAÇÕES;1.704.000.0000;TRANSFERÊNCIAS DA UNIÃO REFERENTES A COMPENSAÇÕES FINANCEIRAS PELA EXPLORAÇÃO DE RECURSOS NATURAIS;1.000,00
PREFEITURA MUNICIPAL DE BARBACENA;16.001;SEMOP;1.490;PAVIMENTAÇÃO DE RUAS DA COMUNIDADE DOS COSTAS;27;MOBILIDADE URBANA;15;Urbanismo;451;Infra-Estrutura Urbana;364;4.4.90.51.00.00.00.00;OBRAS E INSTALAÇÕES;1.704.000.0000;TRANSFERÊNCIAS DA UNIÃO REFERENTES A COMPENSAÇÕES FINANCEIRAS PELA EXPLORAÇÃO DE RECURSOS NATURAIS;1.000,00
PREFEITURA MUNICIPAL DE BARBACENA;16.001;SEMOP;1.491;PAVIMENTAÇÃO DE RUAS DO BAIRRO BOA VISTA;27;MOBILIDADE URBANA;15;Urbanismo;451;Infra-Estrutura Urbana;365;4.4.90.51.00.00.00.00;OBRAS E INSTALAÇÕES;1.704.000.0000;TRANSFERÊNCIAS DA UNIÃO REFERENTES A COMPENSAÇÕES FINANCEIRAS PELA EXPLORAÇÃO DE RECURSOS NATURAIS;1.000,00
PREFEITURA MUNICIPAL DE BARBACENA;16.001;SEMOP;1.492;PAVIMENTAÇÃO DE RUAS DO BAIRRO CAIÇARAS;27;MOBILIDADE URBANA;15;Urbanismo;451;Infra-Estrutura Urbana;366;4.4.90.51.00.00.00.00;OBRAS E INSTALAÇÕES;1.704.000.0000;TRANSFERÊNCIAS DA UNIÃO REFERENTES A COMPENSAÇÕES FINANCEIRAS PELA EXPLORAÇÃO DE RECURSOS NATURAIS;1.000,00
PREFEITURA MUNICIPAL DE BARBACENA;16.001;SEMOP;1.493;PAVIMENTAÇÃO DE RUAS DO BAIRRO SÃO CRISTÓVÃO;27;MOBILIDADE URBANA;15;Urbanismo;451;Infra-Estrutura Urbana;367;4.4.90.51.00.00.00.00;OBRAS E INSTALAÇÕES;1.704.000.0000;TRANSFERÊNCIAS DA UNIÃO REFERENTES A COMPENSAÇÕES FINANCEIRAS PELA EXPLORAÇÃO DE RECURSOS NATURAIS;1.000,00
PREFEITURA MUNICIPAL DE BARBACENA;16.001;SEMOP;1.494;PAVIMENTAÇÃO DE RUAS DO BAIRRO SÃO PEDRO;27;MOBILIDADE URBANA;15;Urbanismo;451;Infra-Estrutura Urbana;368;4.4.90.51.00.00.00.00;OBRAS E INSTALAÇÕES;1.704.000.0000;TRANSFERÊNCIAS DA UNIÃO REFERENTES A COMPENSAÇÕES FINANCEIRAS PELA EXPLORAÇÃO DE RECURSOS NATURAIS;1.000,00
PREFEITURA MUNICIPAL DE BARBACENA;16.001;SEMOP;1.495;PAVIMENTAÇÃO DE RUAS DO BAIRRO VALENTIM PRENASSI;27;MOBILIDADE URBANA;15;Urbanismo;451;Infra-Estrutura Urbana;369;4.4.90.51.00.00.00.00;OBRAS E INSTALAÇÕES;1.704.000.0000;TRANSFERÊNCIAS DA UNIÃO REFERENTES A COMPENSAÇÕES FINANCEIRAS PELA EXPLORAÇÃO DE RECURSOS NATURAIS;1.000,00
PREFEITURA MUNICIPAL DE BARBACENA;16.001;SEMOP;1.496;PAVIMENTAÇÃO DE RUAS DO BAIRRO VILELA;27;MOBILIDADE URBANA;15;Urbanismo;451;Infra-Estrutura Urbana;370;4.4.90.51.00.00.00.00;OBRAS E INSTALAÇÕES;1.704.000.0000;TRANSFERÊNCIAS DA UNIÃO REFERENTES A COMPENSAÇÕES FINANCEIRAS PELA EXPLORAÇÃO DE RECURSOS NATURAIS;1.000,00
PREFEITURA MUNICIPAL DE BARBACENA;16.001;SEMOP;1.497;RECUP. EST. R: JOSÉ F. SOBRINHO, DR. DIAULAS ABREU, Mª. EVAN. DE OLIVEIRA  E L. BERTOLINO (DINIZ II);27;MOBILIDADE URBANA;15;Urbanismo;451;Infra-Estrutura Urbana;371;4.4.90.51.00.00.00.00;OBRAS E INSTALAÇÕES;1.753.000.0000;RECURSOS PROVENIENTES DE TAXAS, CONTRIBUIÇÕES E PREÇOS PÚBLICOS;1.000,00
PREFEITURA MUNICIPAL DE BARBACENA;17.001;SEPLAN;2.301;MANUTENÇAO DA SEPLAN;11;APOIO A ADMINISTRAÇAO PUBLICA;4;Administração;122;Administração Geral;400;3.1.90.91.00.00.00.00;SENTENÇAS JUDICIAIS;1.500.000.0000;RECURSOS NÃO VINCULADOS DE IMPOSTOS;10.000,00
PREFEITURA MUNICIPAL DE BARBACENA;17.001;SEPLAN;2.301;MANUTENÇAO DA SEPLAN;11;APOIO A ADMINISTRAÇAO PUBLICA;4;Administração;122;Administração Geral;401;3.3.90.14.00.00.00.00;DIÁRIAS - PESSOAL CIVIL;1.500.000.0000;RECURSOS NÃO VINCULADOS DE IMPOSTOS;15.600,00
PREFEITURA MUNICIPAL DE BARBACENA;17.001;SEPLAN;2.301;MANUTENÇAO DA SEPLAN;11;APOIO A ADMINISTRAÇAO PUBLICA;4;Administração;122;Administração Geral;401;3.3.90.14.00.00.00.00;DIÁRIAS - PESSOAL CIVIL;1.501.000.0000;OUTROS RECURSOS NÃO VINCULADOS;800,00
PREFEITURA MUNICIPAL DE BARBACENA;17.001;SEPLAN;2.301;MANUTENÇAO DA SEPLAN;11;APOIO A ADMINISTRAÇAO PUBLICA;4;Administração;122;Administração Geral;402;3.3.90.30.00.00.00.00;MATERIAL DE CONSUMO;1.500.000.0000;RECURSOS NÃO VINCULADOS DE IMPOSTOS;610.757,30
PREFEITURA MUNICIPAL DE BARBACENA;17.001;SEPLAN;2.301;MANUTENÇAO DA SEPLAN;11;APOIO A ADMINISTRAÇAO PUBLICA;4;Administração;122;Administração Geral;402;3.3.90.30.00.00.00.00;MATERIAL DE CONSUMO;1.501.000.0000;OUTROS RECURSOS NÃO VINCULADOS;115.769,72
PREFEITURA MUNICIPAL DE BARBACENA;17.001;SEPLAN;2.301;MANUTENÇAO DA SEPLAN;11;APOIO A ADMINISTRAÇAO PUBLICA;4;Administração;122;Administração Geral;402;3.3.90.30.00.00.00.00;MATERIAL DE CONSUMO;1.753.000.0000;RECURSOS PROVENIENTES DE TAXAS, CONTRIBUIÇÕES E PREÇOS PÚBLICOS;0,01
PREFEITURA MUNICIPAL DE BARBACENA;17.001;SEPLAN;2.301;MANUTENÇAO DA SEPLAN;11;APOIO A ADMINISTRAÇAO PUBLICA;4;Administração;122;Administração Geral;402;3.3.90.30.00.00.00.00;MATERIAL DE CONSUMO;2.753.000.0000;RECURSOS PROVENIENTES DE TAXAS, CONTRIBUIÇÕES E PREÇOS PÚBLICOS;7.653,85
PREFEITURA MUNICIPAL DE BARBACENA;17.001;SEPLAN;2.301;MANUTENÇAO DA SEPLAN;11;APOIO A ADMINISTRAÇAO PUBLICA;4;Administração;122;Administração Geral;403;3.3.90.33.00.00.00.00;PASSAGENS E DESPESAS COM LOCOMOÇÃO;1.500.000.0000;RECURSOS NÃO VINCULADOS DE IMPOSTOS;3.180,00
PREFEITURA MUNICIPAL DE BARBACENA;17.001;SEPLAN;2.301;MANUTENÇAO DA SEPLAN;11;APOIO A ADMINISTRAÇAO PUBLICA;4;Administração;122;Administração Geral;403;3.3.90.33.00.00.00.00;PASSAGENS E DESPESAS COM LOCOMOÇÃO;1.501.000.0000;OUTROS RECURSOS NÃO VINCULADOS;759,98
PREFEITURA MUNICIPAL DE BARBACENA;17.001;SEPLAN;2.301;MANUTENÇAO DA SEPLAN;11;APOIO A ADMINISTRAÇAO PUBLICA;4;Administração;122;Administração Geral;404;3.3.90.36.00.00.00.00;OUTROS SERVIÇOS DE TERCEIROS - PESSOA FÍSICA;1.500.000.0000;RECURSOS NÃO VINCULADOS DE IMPOSTOS;107.706,00
PREFEITURA MUNICIPAL DE BARBACENA;17.001;SEPLAN;2.301;MANUTENÇAO DA SEPLAN;11;APOIO A ADMINISTRAÇAO PUBLICA;4;Administração;122;Administração Geral;405;3.3.90.39.00.00.00.00;OUTROS SERVIÇOS DE TERCEIROS - PESSOA JURÍDICA;1.500.000.0000;RECURSOS NÃO VINCULADOS DE IMPOSTOS;505.057,65
PREFEITURA MUNICIPAL DE BARBACENA;17.001;SEPLAN;2.301;MANUTENÇAO DA SEPLAN;11;APOIO A ADMINISTRAÇAO PUBLICA;4;Administração;122;Administração Geral;405;3.3.90.39.00.00.00.00;OUTROS SERVIÇOS DE TERCEIROS - PESSOA JURÍDICA;1.501.000.0000;OUTROS RECURSOS NÃO VINCULADOS;1.276.332,17
PREFEITURA MUNICIPAL DE BARBACENA;17.001;SEPLAN;2.301;MANUTENÇAO DA SEPLAN;11;APOIO A ADMINISTRAÇAO PUBLICA;4;Administração;122;Administração Geral;405;3.3.90.39.00.00.00.00;OUTROS SERVIÇOS DE TERCEIROS - PESSOA JURÍDICA;2.500.000.0000;RECURSOS NÃO VINCULADOS DE IMPOSTOS;42.011,76
PREFEITURA MUNICIPAL DE BARBACENA;17.001;SEPLAN;2.301;MANUTENÇAO DA SEPLAN;11;APOIO A ADMINISTRAÇAO PUBLICA;4;Administração;122;Administração Geral;406;3.3.90.40.00.00.00.00;SERVIÇOS DE TECNOLOGIA DA INFORMAÇÃO E COMUNICAÇ;1.500.000.0000;RECURSOS NÃO VINCULADOS DE IMPOSTOS;0,00
PREFEITURA MUNICIPAL DE BARBACENA;17.001;SEPLAN;2.301;MANUTENÇAO DA SEPLAN;11;APOIO A ADMINISTRAÇAO PUBLICA;4;Administração;122;Administração Geral;407;3.3.90.47.00.00.00.00;OBRIGAÇÕES TRIBUTÁRIAS E CONTRIBUTIVAS;1.500.000.0000;RECURSOS NÃO VINCULADOS DE IMPOSTOS;214,47
PREFEITURA MUNICIPAL DE BARBACENA;17.001;SEPLAN;2.301;MANUTENÇAO DA SEPLAN;11;APOIO A ADMINISTRAÇAO PUBLICA;4;Administração;122;Administração Geral;408;3.3.90.49.00.00.00.00;AUXÍLIO-TRANSPORTE;1.500.000.0000;RECURSOS NÃO VINCULADOS DE IMPOSTOS;0,00
PREFEITURA MUNICIPAL DE BARBACENA;17.001;SEPLAN;2.301;MANUTENÇAO DA SEPLAN;11;APOIO A ADMINISTRAÇAO PUBLICA;4;Administração;122;Administração Geral;409;3.3.90.92.00.00.00.00;DESPESAS DE EXERCÍCIOS ANTERIORES;1.500.000.0000;RECURSOS NÃO VINCULADOS DE IMPOSTOS;35.681,80
PREFEITURA MUNICIPAL DE BARBACENA;17.001;SEPLAN;2.301;MANUTENÇAO DA SEPLAN;11;APOIO A ADMINISTRAÇAO PUBLICA;4;Administração;122;Administração Geral;410;3.3.90.93.00.00.00.00;INDENIZAÇÕES E RESTITUIÇÕES;1.500.000.0000;RECURSOS NÃO VINCULADOS DE IMPOSTOS;3.591,43
PREFEITURA MUNICIPAL DE BARBACENA;17.001;SEPLAN;2.301;MANUTENÇAO DA SEPLAN;11;APOIO A ADMINISTRAÇAO PUBLICA;4;Administração;122;Administração Geral;411;4.4.90.52.00.00.00.00;EQUIPAMENTOS E MATERIAL PERMANENTE;1.500.000.0000;RECURSOS NÃO VINCULADOS DE IMPOSTOS;149.356,00
PREFEITURA MUNICIPAL DE BARBACENA;17.001;SEPLAN;2.301;MANUTENÇAO DA SEPLAN;11;APOIO A ADMINISTRAÇAO PUBLICA;4;Administração;122;Administração Geral;411;4.4.90.52.00.00.00.00;EQUIPAMENTOS E MATERIAL PERMANENTE;1.501.000.0000;OUTROS RECURSOS NÃO VINCULADOS;85.301,30
PREFEITURA MUNICIPAL DE BARBACENA;17.001;SEPLAN;2.301;MANUTENÇAO DA SEPLAN;11;APOIO A ADMINISTRAÇAO PUBLICA;4;Administração;122;Administração Geral;411;4.4.90.52.00.00.00.00;EQUIPAMENTOS E MATERIAL PERMANENTE;1.706.000.0000;TRANSFERÊNCIA ESPECIAL DA UNIÃO BANCADA;0,02
PREFEITURA MUNICIPAL DE BARBACENA;17.001;SEPLAN;2.301;MANUTENÇAO DA SEPLAN;11;APOIO A ADMINISTRAÇAO PUBLICA;4;Administração;122;Administração Geral;411;4.4.90.52.00.00.00.00;EQUIPAMENTOS E MATERIAL PERMANENTE;1.755.000.0000;RECURSOS DE ALIENAÇÃO DE BENS/ATIVOS - ADMINISTRAÇÃO DIRETA;0,01
PREFEITURA MUNICIPAL DE BARBACENA;17.001;SEPLAN;2.301;MANUTENÇAO DA SEPLAN;11;APOIO A ADMINISTRAÇAO PUBLICA;4;Administração;122;Administração Geral;411;4.4.90.52.00.00.00.00;EQUIPAMENTOS E MATERIAL PERMANENTE;2.706.000.3110;TRANSFERÊNCIA ESPECIAL DA UNIÃO - TRANSFERÊNCIAS DA UNIÃO DECORRENTES DE EMENDAS PARLAMENTARES INDIVIDUAIS;107.000,01
PREFEITURA MUNICIPAL DE BARBACENA;17.001;SEPLAN;2.301;MANUTENÇAO DA SEPLAN;11;APOIO A ADMINISTRAÇAO PUBLICA;4;Administração;122;Administração Geral;411;4.4.90.52.00.00.00.00;EQUIPAMENTOS E MATERIAL PERMANENTE;2.710.000.3210;IDENTIFICAÇÃO DAS TRANSFERÊNCIAS DOS ESTADOS DECORRENTES DE EMENDAS PARLAMENTARES INDIVIDUAIS;100.000,00
PREFEITURA MUNICIPAL DE BARBACENA;17.001;SEPLAN;2.302;PESSOAL E ENCARGOS SOCIAIS DA SEPLAN;11;APOIO A ADMINISTRAÇAO PUBLICA;4;Administração;122;Administração Geral;412;3.1.90.04.00.00.00.00;CONTRATAÇÃO POR TEMPO DETERMINADO;1.500.000.0000;RECURSOS NÃO VINCULADOS DE IMPOSTOS;765.443,21
PREFEITURA MUNICIPAL DE BARBACENA;17.001;SEPLAN;2.302;PESSOAL E ENCARGOS SOCIAIS DA SEPLAN;11;APOIO A ADMINISTRAÇAO PUBLICA;4;Administração;122;Administração Geral;412;3.1.90.04.00.00.00.00;CONTRATAÇÃO POR TEMPO DETERMINADO;1.501.000.0000;OUTROS RECURSOS NÃO VINCULADOS;196.099,23
PREFEITURA MUNICIPAL DE BARBACENA;17.001;SEPLAN;2.302;PESSOAL E ENCARGOS SOCIAIS DA SEPLAN;11;APOIO A ADMINISTRAÇAO PUBLICA;4;Administração;122;Administração Geral;413;3.1.90.11.00.00.00.00;VENCIMENTOS E VANTAGENS FIXAS - PESSOAL CIVIL;1.500.000.0000;RECURSOS NÃO VINCULADOS DE IMPOSTOS;3.489.929,06
PREFEITURA MUNICIPAL DE BARBACENA;17.001;SEPLAN;2.302;PESSOAL E ENCARGOS SOCIAIS DA SEPLAN;11;APOIO A ADMINISTRAÇAO PUBLICA;4;Administração;122;Administração Geral;413;3.1.90.11.00.00.00.00;VENCIMENTOS E VANTAGENS FIXAS - PESSOAL CIVIL;1.501.000.0000;OUTROS RECURSOS NÃO VINCULADOS;774.889,48
PREFEITURA MUNICIPAL DE BARBACENA;17.001;SEPLAN;2.302;PESSOAL E ENCARGOS SOCIAIS DA SEPLAN;11;APOIO A ADMINISTRAÇAO PUBLICA;4;Administração;122;Administração Geral;414;3.1.90.13.00.00.00.00;OBRIGAÇÕES PATRONAIS;1.500.000.0000;RECURSOS NÃO VINCULADOS DE IMPOSTOS;228.362,88
PREFEITURA MUNICIPAL DE BARBACENA;17.001;SEPLAN;2.302;PESSOAL E ENCARGOS SOCIAIS DA SEPLAN;11;APOIO A ADMINISTRAÇAO PUBLICA;4;Administração;122;Administração Geral;414;3.1.90.13.00.00.00.00;OBRIGAÇÕES PATRONAIS;1.501.000.0000;OUTROS RECURSOS NÃO VINCULADOS;69.573,78
PREFEITURA MUNICIPAL DE BARBACENA;17.001;SEPLAN;2.302;PESSOAL E ENCARGOS SOCIAIS DA SEPLAN;11;APOIO A ADMINISTRAÇAO PUBLICA;4;Administração;122;Administração Geral;415;3.1.90.92.00.00.00.00;DESPESAS DE EXERCÍCIOS ANTERIORES;1.500.000.0000;RECURSOS NÃO VINCULADOS DE IMPOSTOS;0,00
PREFEITURA MUNICIPAL DE BARBACENA;17.001;SEPLAN;2.302;PESSOAL E ENCARGOS SOCIAIS DA SEPLAN;11;APOIO A ADMINISTRAÇAO PUBLICA;4;Administração;122;Administração Geral;416;3.1.91.13.00.00.00.00;OBRIGAÇÕES PATRONAIS;1.500.000.0000;RECURSOS NÃO VINCULADOS DE IMPOSTOS;579.281,81
PREFEITURA MUNICIPAL DE BARBACENA;17.001;SEPLAN;2.302;PESSOAL E ENCARGOS SOCIAIS DA SEPLAN;11;APOIO A ADMINISTRAÇAO PUBLICA;4;Administração;122;Administração Geral;416;3.1.91.13.00.00.00.00;OBRIGAÇÕES PATRONAIS;1.501.000.0000;OUTROS RECURSOS NÃO VINCULADOS;141.360,96
PREFEITURA MUNICIPAL DE BARBACENA;17.001;SEPLAN;2.302;PESSOAL E ENCARGOS SOCIAIS DA SEPLAN;11;APOIO A ADMINISTRAÇAO PUBLICA;4;Administração;122;Administração Geral;417;3.3.90.08.00.00.00.00;OUTROS BENEFÍCIOS ASSISTENCIAIS-SERVIDOR/MILITAR;1.500.000.0000;RECURSOS NÃO VINCULADOS DE IMPOSTOS;82.012,52
PREFEITURA MUNICIPAL DE BARBACENA;17.001;SEPLAN;2.302;PESSOAL E ENCARGOS SOCIAIS DA SEPLAN;11;APOIO A ADMINISTRAÇAO PUBLICA;4;Administração;122;Administração Geral;417;3.3.90.08.00.00.00.00;OUTROS BENEFÍCIOS ASSISTENCIAIS-SERVIDOR/MILITAR;1.501.000.0000;OUTROS RECURSOS NÃO VINCULADOS;1.660,10
PREFEITURA MUNICIPAL DE BARBACENA;17.001;SEPLAN;2.302;PESSOAL E ENCARGOS SOCIAIS DA SEPLAN;11;APOIO A ADMINISTRAÇAO PUBLICA;4;Administração;122;Administração Geral;418;3.3.90.18.00.00.00.00;AUXÍLIO FINANCEIRO A ESTUDANTES;1.500.000.0000;RECURSOS NÃO VINCULADOS DE IMPOSTOS;2.418,66
PREFEITURA MUNICIPAL DE BARBACENA;17.001;SEPLAN;2.302;PESSOAL E ENCARGOS SOCIAIS DA SEPLAN;11;APOIO A ADMINISTRAÇAO PUBLICA;4;Administração;122;Administração Geral;418;3.3.90.18.00.00.00.00;AUXÍLIO FINANCEIRO A ESTUDANTES;1.501.000.0000;OUTROS RECURSOS NÃO VINCULADOS;773,84
PREFEITURA MUNICIPAL DE BARBACENA;17.001;SEPLAN;2.302;PESSOAL E ENCARGOS SOCIAIS DA SEPLAN;11;APOIO A ADMINISTRAÇAO PUBLICA;4;Administração;122;Administração Geral;419;3.3.90.46.00.00.00.00;AUXÍLIO-ALIMENTAÇÃO;1.500.000.0000;RECURSOS NÃO VINCULADOS DE IMPOSTOS;529.369,99
PREFEITURA MUNICIPAL DE BARBACENA;17.001;SEPLAN;2.302;PESSOAL E ENCARGOS SOCIAIS DA SEPLAN;11;APOIO A ADMINISTRAÇAO PUBLICA;4;Administração;122;Administração Geral;419;3.3.90.46.00.00.00.00;AUXÍLIO-ALIMENTAÇÃO;1.501.000.0000;OUTROS RECURSOS NÃO VINCULADOS;101.775,00
PREFEITURA MUNICIPAL DE BARBACENA;17.001;SEPLAN;2.302;PESSOAL E ENCARGOS SOCIAIS DA SEPLAN;11;APOIO A ADMINISTRAÇAO PUBLICA;4;Administração;122;Administração Geral;420;3.3.90.93.00.00.00.00;INDENIZAÇÕES E RESTITUIÇÕES;1.500.000.0000;RECURSOS NÃO VINCULADOS DE IMPOSTOS;58.597,85
PREFEITURA MUNICIPAL DE BARBACENA;17.001;SEPLAN;2.302;PESSOAL E ENCARGOS SOCIAIS DA SEPLAN;11;APOIO A ADMINISTRAÇAO PUBLICA;4;Administração;122;Administração Geral;420;3.3.90.93.00.00.00.00;INDENIZAÇÕES E RESTITUIÇÕES;1.501.000.0000;OUTROS RECURSOS NÃO VINCULADOS;0,00
PREFEITURA MUNICIPAL DE BARBACENA;17.001;SEPLAN;2.371;MANUTENÇAO DAS ATIVIDADES DE TECNOLOGIA DA INFORMAÇAO E COMUNICAÇAO;11;APOIO A ADMINISTRAÇAO PUBLICA;4;Administração;126;Tecnologia da Informatização;438;3.3.90.14.00.00.00.00;DIÁRIAS - PESSOAL CIVIL;1.500.000.0000;RECURSOS NÃO VINCULADOS DE IMPOSTOS;0,00
PREFEITURA MUNICIPAL DE BARBACENA;17.001;SEPLAN;2.371;MANUTENÇAO DAS ATIVIDADES DE TECNOLOGIA DA INFORMAÇAO E COMUNICAÇAO;11;APOIO A ADMINISTRAÇAO PUBLICA;4;Administração;126;Tecnologia da Informatização;439;3.3.90.30.00.00.00.00;MATERIAL DE CONSUMO;1.500.000.0000;RECURSOS NÃO VINCULADOS DE IMPOSTOS;0,00
PREFEITURA MUNICIPAL DE BARBACENA;17.001;SEPLAN;2.371;MANUTENÇAO DAS ATIVIDADES DE TECNOLOGIA DA INFORMAÇAO E COMUNICAÇAO;11;APOIO A ADMINISTRAÇAO PUBLICA;4;Administração;126;Tecnologia da Informatização;439;3.3.90.30.00.00.00.00;MATERIAL DE CONSUMO;1.755.000.0000;RECURSOS DE ALIENAÇÃO DE BENS/ATIVOS - ADMINISTRAÇÃO DIRETA;1.000,00
PREFEITURA MUNICIPAL DE BARBACENA;17.001;SEPLAN;2.371;MANUTENÇAO DAS ATIVIDADES DE TECNOLOGIA DA INFORMAÇAO E COMUNICAÇAO;11;APOIO A ADMINISTRAÇAO PUBLICA;4;Administração;126;Tecnologia da Informatização;440;3.3.90.35.00.00.00.00;SERVIÇOS DE CONSULTORIA;1.500.000.0000;RECURSOS NÃO VINCULADOS DE IMPOSTOS;0,00
PREFEITURA MUNICIPAL DE BARBACENA;17.001;SEPLAN;2.371;MANUTENÇAO DAS ATIVIDADES DE TECNOLOGIA DA INFORMAÇAO E COMUNICAÇAO;11;APOIO A ADMINISTRAÇAO PUBLICA;4;Administração;126;Tecnologia da Informatização;441;3.3.90.39.00.00.00.00;OUTROS SERVIÇOS DE TERCEIROS - PESSOA JURÍDICA;1.500.000.0000;RECURSOS NÃO VINCULADOS DE IMPOSTOS;0,00
PREFEITURA MUNICIPAL DE BARBACENA;17.001;SEPLAN;2.371;MANUTENÇAO DAS ATIVIDADES DE TECNOLOGIA DA INFORMAÇAO E COMUNICAÇAO;11;APOIO A ADMINISTRAÇAO PUBLICA;4;Administração;126;Tecnologia da Informatização;442;3.3.90.40.00.00.00.00;SERVIÇOS DE TECNOLOGIA DA INFORMAÇÃO E COMUNICAÇ;1.500.000.0000;RECURSOS NÃO VINCULADOS DE IMPOSTOS;0,00
PREFEITURA MUNICIPAL DE BARBACENA;17.001;SEPLAN;2.371;MANUTENÇAO DAS ATIVIDADES DE TECNOLOGIA DA INFORMAÇAO E COMUNICAÇAO;11;APOIO A ADMINISTRAÇAO PUBLICA;4;Administração;126;Tecnologia da Informatização;443;4.4.90.52.00.00.00.00;EQUIPAMENTOS E MATERIAL PERMANENTE;1.500.000.0000;RECURSOS NÃO VINCULADOS DE IMPOSTOS;5.394,00
PREFEITURA MUNICIPAL DE BARBACENA;17.001;SEPLAN;2.371;MANUTENÇAO DAS ATIVIDADES DE TECNOLOGIA DA INFORMAÇAO E COMUNICAÇAO;11;APOIO A ADMINISTRAÇAO PUBLICA;4;Administração;126;Tecnologia da Informatização;443;4.4.90.52.00.00.00.00;EQUIPAMENTOS E MATERIAL PERMANENTE;1.755.000.0000;RECURSOS DE ALIENAÇÃO DE BENS/ATIVOS - ADMINISTRAÇÃO DIRETA;999,99
PREFEITURA MUNICIPAL DE BARBACENA;17.001;SEPLAN;2.741;MANUTENÇÃO DE ATIVIDADES DA GESTÃO DE RECURSOS HUMANOS;26;MODERNIZAÇÃO DA ADMINISTRAÇÃO PÚBLICA;4;Administração;122;Administração Geral;421;3.3.90.30.00.00.00.00;MATERIAL DE CONSUMO;1.500.000.0000;RECURSOS NÃO VINCULADOS DE IMPOSTOS;0,00
PREFEITURA MUNICIPAL DE BARBACENA;17.001;SEPLAN;2.741;MANUTENÇÃO DE ATIVIDADES DA GESTÃO DE RECURSOS HUMANOS;26;MODERNIZAÇÃO DA ADMINISTRAÇÃO PÚBLICA;4;Administração;122;Administração Geral;422;3.3.90.39.00.00.00.00;OUTROS SERVIÇOS DE TERCEIROS - PESSOA JURÍDICA;1.500.000.0000;RECURSOS NÃO VINCULADOS DE IMPOSTOS;39.205,84
PREFEITURA MUNICIPAL DE BARBACENA;17.001;SEPLAN;2.741;MANUTENÇÃO DE ATIVIDADES DA GESTÃO DE RECURSOS HUMANOS;26;MODERNIZAÇÃO DA ADMINISTRAÇÃO PÚBLICA;4;Administração;122;Administração Geral;422;3.3.90.39.00.00.00.00;OUTROS SERVIÇOS DE TERCEIROS - PESSOA JURÍDICA;1.501.000.0000;OUTROS RECURSOS NÃO VINCULADOS;502.800,00
PREFEITURA MUNICIPAL DE BARBACENA;17.001;SEPLAN;2.742;ADEQUAÇÃO E MODERNIZAÇÃO DOS SERVIÇOS PÚBLICOS;26;MODERNIZAÇÃO DA ADMINISTRAÇÃO PÚBLICA;4;Administração;122;Administração Geral;423;3.3.90.30.00.00.00.00;MATERIAL DE CONSUMO;1.500.000.0000;RECURSOS NÃO VINCULADOS DE IMPOSTOS;0,00
PREFEITURA MUNICIPAL DE BARBACENA;17.001;SEPLAN;2.742;ADEQUAÇÃO E MODERNIZAÇÃO DOS SERVIÇOS PÚBLICOS;26;MODERNIZAÇÃO DA ADMINISTRAÇÃO PÚBLICA;4;Administração;122;Administração Geral;424;3.3.90.39.00.00.00.00;OUTROS SERVIÇOS DE TERCEIROS - PESSOA JURÍDICA;1.500.000.0000;RECURSOS NÃO VINCULADOS DE IMPOSTOS;0,00
PREFEITURA MUNICIPAL DE BARBACENA;17.001;SEPLAN;2.742;ADEQUAÇÃO E MODERNIZAÇÃO DOS SERVIÇOS PÚBLICOS;26;MODERNIZAÇÃO DA ADMINISTRAÇÃO PÚBLICA;4;Administração;122;Administração Geral;424;3.3.90.39.00.00.00.00;OUTROS SERVIÇOS DE TERCEIROS - PESSOA JURÍDICA;1.501.000.0000;OUTROS RECURSOS NÃO VINCULADOS;61.880,00
PREFEITURA MUNICIPAL DE BARBACENA;17.001;SEPLAN;2.742;ADEQUAÇÃO E MODERNIZAÇÃO DOS SERVIÇOS PÚBLICOS;26;MODERNIZAÇÃO DA ADMINISTRAÇÃO PÚBLICA;4;Administração;122;Administração Geral;425;4.4.90.52.00.00.00.00;EQUIPAMENTOS E MATERIAL PERMANENTE;1.500.000.0000;RECURSOS NÃO VINCULADOS DE IMPOSTOS;0,00
PREFEITURA MUNICIPAL DE BARBACENA;17.001;SEPLAN;2.743;MODERNIZAÇÃO DOS PROCESSOS LOGÍSTICOS;26;MODERNIZAÇÃO DA ADMINISTRAÇÃO PÚBLICA;4;Administração;122;Administração Geral;426;3.3.90.30.00.00.00.00;MATERIAL DE CONSUMO;1.500.000.0000;RECURSOS NÃO VINCULADOS DE IMPOSTOS;0,00
PREFEITURA MUNICIPAL DE BARBACENA;17.001;SEPLAN;2.743;MODERNIZAÇÃO DOS PROCESSOS LOGÍSTICOS;26;MODERNIZAÇÃO DA ADMINISTRAÇÃO PÚBLICA;4;Administração;122;Administração Geral;427;3.3.90.39.00.00.00.00;OUTROS SERVIÇOS DE TERCEIROS - PESSOA JURÍDICA;1.500.000.0000;RECURSOS NÃO VINCULADOS DE IMPOSTOS;0,00
PREFEITURA MUNICIPAL DE BARBACENA;17.001;SEPLAN;2.743;MODERNIZAÇÃO DOS PROCESSOS LOGÍSTICOS;26;MODERNIZAÇÃO DA ADMINISTRAÇÃO PÚBLICA;4;Administração;122;Administração Geral;428;4.4.90.52.00.00.00.00;EQUIPAMENTOS E MATERIAL PERMANENTE;1.500.000.0000;RECURSOS NÃO VINCULADOS DE IMPOSTOS;0,00
PREFEITURA MUNICIPAL DE BARBACENA;17.001;SEPLAN;2.744;MODERNIZAÇÃO DO DEPARTAMEMENTO DE ATENDIMENTO AO PÚBLICO - DAP;26;MODERNIZAÇÃO DA ADMINISTRAÇÃO PÚBLICA;4;Administração;122;Administração Geral;429;3.3.90.30.00.00.00.00;MATERIAL DE CONSUMO;1.500.000.0000;RECURSOS NÃO VINCULADOS DE IMPOSTOS;0,00
PREFEITURA MUNICIPAL DE BARBACENA;17.001;SEPLAN;2.744;MODERNIZAÇÃO DO DEPARTAMEMENTO DE ATENDIMENTO AO PÚBLICO - DAP;26;MODERNIZAÇÃO DA ADMINISTRAÇÃO PÚBLICA;4;Administração;122;Administração Geral;430;3.3.90.39.00.00.00.00;OUTROS SERVIÇOS DE TERCEIROS - PESSOA JURÍDICA;1.500.000.0000;RECURSOS NÃO VINCULADOS DE IMPOSTOS;293.755,40
PREFEITURA MUNICIPAL DE BARBACENA;17.001;SEPLAN;2.744;MODERNIZAÇÃO DO DEPARTAMEMENTO DE ATENDIMENTO AO PÚBLICO - DAP;26;MODERNIZAÇÃO DA ADMINISTRAÇÃO PÚBLICA;4;Administração;122;Administração Geral;431;4.4.90.52.00.00.00.00;EQUIPAMENTOS E MATERIAL PERMANENTE;1.500.000.0000;RECURSOS NÃO VINCULADOS DE IMPOSTOS;0,00
PREFEITURA MUNICIPAL DE BARBACENA;17.001;SEPLAN;2.745;ATUALIZAÇÃO DAS INFORMAÇÕES DO CADASTRO DE PATRIMÔNIO MÓVEL E IMÓVEL;26;MODERNIZAÇÃO DA ADMINISTRAÇÃO PÚBLICA;4;Administração;122;Administração Geral;432;3.3.90.30.00.00.00.00;MATERIAL DE CONSUMO;1.500.000.0000;RECURSOS NÃO VINCULADOS DE IMPOSTOS;295,00
PREFEITURA MUNICIPAL DE BARBACENA;17.001;SEPLAN;2.745;ATUALIZAÇÃO DAS INFORMAÇÕES DO CADASTRO DE PATRIMÔNIO MÓVEL E IMÓVEL;26;MODERNIZAÇÃO DA ADMINISTRAÇÃO PÚBLICA;4;Administração;122;Administração Geral;433;3.3.90.39.00.00.00.00;OUTROS SERVIÇOS DE TERCEIROS - PESSOA JURÍDICA;1.500.000.0000;RECURSOS NÃO VINCULADOS DE IMPOSTOS;0,00
PREFEITURA MUNICIPAL DE BARBACENA;17.001;SEPLAN;2.745;ATUALIZAÇÃO DAS INFORMAÇÕES DO CADASTRO DE PATRIMÔNIO MÓVEL E IMÓVEL;26;MODERNIZAÇÃO DA ADMINISTRAÇÃO PÚBLICA;4;Administração;122;Administração Geral;434;4.4.90.52.00.00.00.00;EQUIPAMENTOS E MATERIAL PERMANENTE;1.500.000.0000;RECURSOS NÃO VINCULADOS DE IMPOSTOS;399,50
PREFEITURA MUNICIPAL DE BARBACENA;17.001;SEPLAN;2.745;ATUALIZAÇÃO DAS INFORMAÇÕES DO CADASTRO DE PATRIMÔNIO MÓVEL E IMÓVEL;26;MODERNIZAÇÃO DA ADMINISTRAÇÃO PÚBLICA;4;Administração;122;Administração Geral;924;3.3.90.36.00.00.00.00;OUTROS SERVIÇOS DE TERCEIROS - PESSOA FÍSICA;1.500.000.0000;RECURSOS NÃO VINCULADOS DE IMPOSTOS;0,10
PREFEITURA MUNICIPAL DE BARBACENA;17.001;SEPLAN;2.746;MANUTENÇÃO DAS ATIVIDADES DA SALA MINEIRA DO EMPREENDEDOR;26;MODERNIZAÇÃO DA ADMINISTRAÇÃO PÚBLICA;4;Administração;122;Administração Geral;435;3.3.90.30.00.00.00.00;MATERIAL DE CONSUMO;1.500.000.0000;RECURSOS NÃO VINCULADOS DE IMPOSTOS;31.426,40
PREFEITURA MUNICIPAL DE BARBACENA;17.001;SEPLAN;2.746;MANUTENÇÃO DAS ATIVIDADES DA SALA MINEIRA DO EMPREENDEDOR;26;MODERNIZAÇÃO DA ADMINISTRAÇÃO PÚBLICA;4;Administração;122;Administração Geral;435;3.3.90.30.00.00.00.00;MATERIAL DE CONSUMO;2.500.000.0000;RECURSOS NÃO VINCULADOS DE IMPOSTOS;720,01
PREFEITURA MUNICIPAL DE BARBACENA;17.001;SEPLAN;2.746;MANUTENÇÃO DAS ATIVIDADES DA SALA MINEIRA DO EMPREENDEDOR;26;MODERNIZAÇÃO DA ADMINISTRAÇÃO PÚBLICA;4;Administração;122;Administração Geral;436;3.3.90.39.00.00.00.00;OUTROS SERVIÇOS DE TERCEIROS - PESSOA JURÍDICA;1.500.000.0000;RECURSOS NÃO VINCULADOS DE IMPOSTOS;90.340,01
PREFEITURA MUNICIPAL DE BARBACENA;17.001;SEPLAN;2.746;MANUTENÇÃO DAS ATIVIDADES DA SALA MINEIRA DO EMPREENDEDOR;26;MODERNIZAÇÃO DA ADMINISTRAÇÃO PÚBLICA;4;Administração;122;Administração Geral;436;3.3.90.39.00.00.00.00;OUTROS SERVIÇOS DE TERCEIROS - PESSOA JURÍDICA;1.501.000.0000;OUTROS RECURSOS NÃO VINCULADOS;0,01
PREFEITURA MUNICIPAL DE BARBACENA;17.001;SEPLAN;2.746;MANUTENÇÃO DAS ATIVIDADES DA SALA MINEIRA DO EMPREENDEDOR;26;MODERNIZAÇÃO DA ADMINISTRAÇÃO PÚBLICA;4;Administração;122;Administração Geral;436;3.3.90.39.00.00.00.00;OUTROS SERVIÇOS DE TERCEIROS - PESSOA JURÍDICA;1.753.000.0000;RECURSOS PROVENIENTES DE TAXAS, CONTRIBUIÇÕES E PREÇOS PÚBLICOS;0,01
PREFEITURA MUNICIPAL DE BARBACENA;17.001;SEPLAN;2.746;MANUTENÇÃO DAS ATIVIDADES DA SALA MINEIRA DO EMPREENDEDOR;26;MODERNIZAÇÃO DA ADMINISTRAÇÃO PÚBLICA;4;Administração;122;Administração Geral;436;3.3.90.39.00.00.00.00;OUTROS SERVIÇOS DE TERCEIROS - PESSOA JURÍDICA;2.500.000.0000;RECURSOS NÃO VINCULADOS DE IMPOSTOS;0,01
PREFEITURA MUNICIPAL DE BARBACENA;17.001;SEPLAN;2.746;MANUTENÇÃO DAS ATIVIDADES DA SALA MINEIRA DO EMPREENDEDOR;26;MODERNIZAÇÃO DA ADMINISTRAÇÃO PÚBLICA;4;Administração;122;Administração Geral;436;3.3.90.39.00.00.00.00;OUTROS SERVIÇOS DE TERCEIROS - PESSOA JURÍDICA;2.753.000.0000;RECURSOS PROVENIENTES DE TAXAS, CONTRIBUIÇÕES E PREÇOS PÚBLICOS;0,01
PREFEITURA MUNICIPAL DE BARBACENA;17.001;SEPLAN;2.746;MANUTENÇÃO DAS ATIVIDADES DA SALA MINEIRA DO EMPREENDEDOR;26;MODERNIZAÇÃO DA ADMINISTRAÇÃO PÚBLICA;4;Administração;122;Administração Geral;437;4.4.90.52.00.00.00.00;EQUIPAMENTOS E MATERIAL PERMANENTE;1.500.000.0000;RECURSOS NÃO VINCULADOS DE IMPOSTOS;0,00
PREFEITURA MUNICIPAL DE BARBACENA;17.001;SEPLAN;2.746;MANUTENÇÃO DAS ATIVIDADES DA SALA MINEIRA DO EMPREENDEDOR;26;MODERNIZAÇÃO DA ADMINISTRAÇÃO PÚBLICA;4;Administração;122;Administração Geral;945;3.3.90.36.00.00.00.00;OUTROS SERVIÇOS DE TERCEIROS - PESSOA FÍSICA;1.500.000.0000;RECURSOS NÃO VINCULADOS DE IMPOSTOS;0,01
PREFEITURA MUNICIPAL DE BARBACENA;17.001;SEPLAN;2.746;MANUTENÇÃO DAS ATIVIDADES DA SALA MINEIRA DO EMPREENDEDOR;26;MODERNIZAÇÃO DA ADMINISTRAÇÃO PÚBLICA;4;Administração;122;Administração Geral;945;3.3.90.36.00.00.00.00;OUTROS SERVIÇOS DE TERCEIROS - PESSOA FÍSICA;1.501.000.0000;OUTROS RECURSOS NÃO VINCULADOS;0,01
PREFEITURA MUNICIPAL DE BARBACENA;17.001;SEPLAN;2.746;MANUTENÇÃO DAS ATIVIDADES DA SALA MINEIRA DO EMPREENDEDOR;26;MODERNIZAÇÃO DA ADMINISTRAÇÃO PÚBLICA;4;Administração;122;Administração Geral;947;3.3.90.31.00.00.00.00;PREMIAÇÕES CULTURAIS, ARTÍSTICAS, CIENT., DESPORT;1.500.000.0000;RECURSOS NÃO VINCULADOS DE IMPOSTOS;11.000,01
PREFEITURA MUNICIPAL DE BARBACENA;17.001;SEPLAN;2.740;MANUTENÇÃO DO PROCESSO DE EDUCAÇÃO CONTINUADA;26;MODERNIZAÇÃO DA ADMINISTRAÇÃO PÚBLICA;4;Administração;128;Formação de Recursos Humanos;453;3.3.90.30.00.00.00.00;MATERIAL DE CONSUMO;1.500.000.0000;RECURSOS NÃO VINCULADOS DE IMPOSTOS;0,00
PREFEITURA MUNICIPAL DE BARBACENA;17.001;SEPLAN;2.740;MANUTENÇÃO DO PROCESSO DE EDUCAÇÃO CONTINUADA;26;MODERNIZAÇÃO DA ADMINISTRAÇÃO PÚBLICA;4;Administração;128;Formação de Recursos Humanos;454;3.3.90.39.00.00.00.00;OUTROS SERVIÇOS DE TERCEIROS - PESSOA JURÍDICA;1.500.000.0000;RECURSOS NÃO VINCULADOS DE IMPOSTOS;0,00
PREFEITURA MUNICIPAL DE BARBACENA;17.001;SEPLAN;2.740;MANUTENÇÃO DO PROCESSO DE EDUCAÇÃO CONTINUADA;26;MODERNIZAÇÃO DA ADMINISTRAÇÃO PÚBLICA;4;Administração;128;Formação de Recursos Humanos;455;4.4.90.52.00.00.00.00;EQUIPAMENTOS E MATERIAL PERMANENTE;1.501.000.0000;OUTROS RECURSOS NÃO VINCULADOS;0,00
PREFEITURA MUNICIPAL DE BARBACENA;17.001;SEPLAN;1.096;REESTRUTURAÇÃO E IMPLANTAÇÃO DE ESTRUTURA FÍSICA E/OU LÓGICA DE TIC;42;MODERNIZAÇÃO TECNOLÓGICA;4;Administração;126;Tecnologia da Informatização;444;3.3.90.30.00.00.00.00;MATERIAL DE CONSUMO;1.500.000.0000;RECURSOS NÃO VINCULADOS DE IMPOSTOS;0,00
PREFEITURA MUNICIPAL DE BARBACENA;17.001;SEPLAN;1.096;REESTRUTURAÇÃO E IMPLANTAÇÃO DE ESTRUTURA FÍSICA E/OU LÓGICA DE TIC;42;MODERNIZAÇÃO TECNOLÓGICA;4;Administração;126;Tecnologia da Informatização;445;3.3.90.39.00.00.00.00;OUTROS SERVIÇOS DE TERCEIROS - PESSOA JURÍDICA;1.500.000.0000;RECURSOS NÃO VINCULADOS DE IMPOSTOS;0,00
PREFEITURA MUNICIPAL DE BARBACENA;17.001;SEPLAN;1.096;REESTRUTURAÇÃO E IMPLANTAÇÃO DE ESTRUTURA FÍSICA E/OU LÓGICA DE TIC;42;MODERNIZAÇÃO TECNOLÓGICA;4;Administração;126;Tecnologia da Informatização;446;4.4.90.52.00.00.00.00;EQUIPAMENTOS E MATERIAL PERMANENTE;1.500.000.0000;RECURSOS NÃO VINCULADOS DE IMPOSTOS;0,00
PREFEITURA MUNICIPAL DE BARBACENA;17.001;SEPLAN;1.096;REESTRUTURAÇÃO E IMPLANTAÇÃO DE ESTRUTURA FÍSICA E/OU LÓGICA DE TIC;42;MODERNIZAÇÃO TECNOLÓGICA;4;Administração;126;Tecnologia da Informatização;446;4.4.90.52.00.00.00.00;EQUIPAMENTOS E MATERIAL PERMANENTE;1.501.000.0000;OUTROS RECURSOS NÃO VINCULADOS;0,00
PREFEITURA MUNICIPAL DE BARBACENA;17.001;SEPLAN;1.097;READEQUAR E REGULAMENTAR A INFRAESTRUTURA DE TIC;42;MODERNIZAÇÃO TECNOLÓGICA;4;Administração;126;Tecnologia da Informatização;447;3.3.90.30.00.00.00.00;MATERIAL DE CONSUMO;1.500.000.0000;RECURSOS NÃO VINCULADOS DE IMPOSTOS;33.072,00
PREFEITURA MUNICIPAL DE BARBACENA;17.001;SEPLAN;1.097;READEQUAR E REGULAMENTAR A INFRAESTRUTURA DE TIC;42;MODERNIZAÇÃO TECNOLÓGICA;4;Administração;126;Tecnologia da Informatização;447;3.3.90.30.00.00.00.00;MATERIAL DE CONSUMO;1.501.000.0000;OUTROS RECURSOS NÃO VINCULADOS;0,00
PREFEITURA MUNICIPAL DE BARBACENA;17.001;SEPLAN;1.097;READEQUAR E REGULAMENTAR A INFRAESTRUTURA DE TIC;42;MODERNIZAÇÃO TECNOLÓGICA;4;Administração;126;Tecnologia da Informatização;448;3.3.90.39.00.00.00.00;OUTROS SERVIÇOS DE TERCEIROS - PESSOA JURÍDICA;1.500.000.0000;RECURSOS NÃO VINCULADOS DE IMPOSTOS;0,00
PREFEITURA MUNICIPAL DE BARBACENA;17.001;SEPLAN;1.097;READEQUAR E REGULAMENTAR A INFRAESTRUTURA DE TIC;42;MODERNIZAÇÃO TECNOLÓGICA;4;Administração;126;Tecnologia da Informatização;449;4.4.90.52.00.00.00.00;EQUIPAMENTOS E MATERIAL PERMANENTE;1.500.000.0000;RECURSOS NÃO VINCULADOS DE IMPOSTOS;23.250,00
PREFEITURA MUNICIPAL DE BARBACENA;17.001;SEPLAN;1.097;READEQUAR E REGULAMENTAR A INFRAESTRUTURA DE TIC;42;MODERNIZAÇÃO TECNOLÓGICA;4;Administração;126;Tecnologia da Informatização;449;4.4.90.52.00.00.00.00;EQUIPAMENTOS E MATERIAL PERMANENTE;1.501.000.0000;OUTROS RECURSOS NÃO VINCULADOS;16.650,00
PREFEITURA MUNICIPAL DE BARBACENA;17.001;SEPLAN;2.747;PROPICIAR INTEGRAÇÃO DE INFORMAÇÕES INTER E INTRAGOVERNAMENTAIS E A COMUNIDADE MUNDIAL;42;MODERNIZAÇÃO TECNOLÓGICA;4;Administração;126;Tecnologia da Informatização;450;3.3.90.30.00.00.00.00;MATERIAL DE CONSUMO;1.500.000.0000;RECURSOS NÃO VINCULADOS DE IMPOSTOS;0,00
PREFEITURA MUNICIPAL DE BARBACENA;17.001;SEPLAN;2.747;PROPICIAR INTEGRAÇÃO DE INFORMAÇÕES INTER E INTRAGOVERNAMENTAIS E A COMUNIDADE MUNDIAL;42;MODERNIZAÇÃO TECNOLÓGICA;4;Administração;126;Tecnologia da Informatização;451;3.3.90.39.00.00.00.00;OUTROS SERVIÇOS DE TERCEIROS - PESSOA JURÍDICA;1.500.000.0000;RECURSOS NÃO VINCULADOS DE IMPOSTOS;0,00
PREFEITURA MUNICIPAL DE BARBACENA;17.001;SEPLAN;2.747;PROPICIAR INTEGRAÇÃO DE INFORMAÇÕES INTER E INTRAGOVERNAMENTAIS E A COMUNIDADE MUNDIAL;42;MODERNIZAÇÃO TECNOLÓGICA;4;Administração;126;Tecnologia da Informatização;452;4.4.90.52.00.00.00.00;EQUIPAMENTOS E MATERIAL PERMANENTE;1.500.000.0000;RECURSOS NÃO VINCULADOS DE IMPOSTOS;0,00
PREFEITURA MUNICIPAL DE BARBACENA;17.001;SEPLAN;2.747;PROPICIAR INTEGRAÇÃO DE INFORMAÇÕES INTER E INTRAGOVERNAMENTAIS E A COMUNIDADE MUNDIAL;42;MODERNIZAÇÃO TECNOLÓGICA;4;Administração;126;Tecnologia da Informatização;452;4.4.90.52.00.00.00.00;EQUIPAMENTOS E MATERIAL PERMANENTE;1.501.000.0000;OUTROS RECURSOS NÃO VINCULADOS;0,00
PREFEITURA MUNICIPAL DE BARBACENA;18.001;SESAP;2.021;MANUTENÇAO DE AÇÕES DA SESAP;11;APOIO A ADMINISTRAÇAO PUBLICA;10;Saúde;122;Administração Geral;456;3.1.90.91.00.00.00.00;SENTENÇAS JUDICIAIS;1.500.000.0000;RECURSOS NÃO VINCULADOS DE IMPOSTOS;2.000,00
PREFEITURA MUNICIPAL DE BARBACENA;18.001;SESAP;2.021;MANUTENÇAO DE AÇÕES DA SESAP;11;APOIO A ADMINISTRAÇAO PUBLICA;10;Saúde;122;Administração Geral;457;3.3.90.39.00.00.00.00;OUTROS SERVIÇOS DE TERCEIROS - PESSOA JURÍDICA;1.500.000.0000;RECURSOS NÃO VINCULADOS DE IMPOSTOS;2.500,00
PREFEITURA MUNICIPAL DE BARBACENA;18.001;SESAP;2.021;MANUTENÇAO DE AÇÕES DA SESAP;11;APOIO A ADMINISTRAÇAO PUBLICA;10;Saúde;122;Administração Geral;458;3.3.90.47.00.00.00.00;OBRIGAÇÕES TRIBUTÁRIAS E CONTRIBUTIVAS;1.500.000.0000;RECURSOS NÃO VINCULADOS DE IMPOSTOS;6.000,00
PREFEITURA MUNICIPAL DE BARBACENA;18.001;SESAP;2.021;MANUTENÇAO DE AÇÕES DA SESAP;11;APOIO A ADMINISTRAÇAO PUBLICA;10;Saúde;122;Administração Geral;459;3.3.90.91.00.00.00.00;SENTENÇAS JUDICIAIS;1.500.000.0000;RECURSOS NÃO VINCULADOS DE IMPOSTOS;5.000,00
PREFEITURA MUNICIPAL DE BARBACENA;19.001;SEFAZ;0.021;PAGAMENTO DE DESPESAS DECORRENTES DE SENTENÇAS JUDICIAIS;0;ENCARGOS DO MUNICIPIO;28;Encargos Especiais;61;Ação Judiciária;488;3.1.90.91.00.00.00.00;SENTENÇAS JUDICIAIS;1.500.000.0000;RECURSOS NÃO VINCULADOS DE IMPOSTOS;0,00
PREFEITURA MUNICIPAL DE BARBACENA;19.001;SEFAZ;0.021;PAGAMENTO DE DESPESAS DECORRENTES DE SENTENÇAS JUDICIAIS;0;ENCARGOS DO MUNICIPIO;28;Encargos Especiais;61;Ação Judiciária;488;3.1.90.91.00.00.00.00;SENTENÇAS JUDICIAIS;2.753.000.0000;RECURSOS PROVENIENTES DE TAXAS, CONTRIBUIÇÕES E PREÇOS PÚBLICOS;905.000,00
PREFEITURA MUNICIPAL DE BARBACENA;19.001;SEFAZ;0.021;PAGAMENTO DE DESPESAS DECORRENTES DE SENTENÇAS JUDICIAIS;0;ENCARGOS DO MUNICIPIO;28;Encargos Especiais;61;Ação Judiciária;489;3.3.90.91.00.00.00.00;SENTENÇAS JUDICIAIS;1.500.000.0000;RECURSOS NÃO VINCULADOS DE IMPOSTOS;0,00
PREFEITURA MUNICIPAL DE BARBACENA;19.001;SEFAZ;0.021;PAGAMENTO DE DESPESAS DECORRENTES DE SENTENÇAS JUDICIAIS;0;ENCARGOS DO MUNICIPIO;28;Encargos Especiais;61;Ação Judiciária;489;3.3.90.91.00.00.00.00;SENTENÇAS JUDICIAIS;1.753.000.0000;RECURSOS PROVENIENTES DE TAXAS, CONTRIBUIÇÕES E PREÇOS PÚBLICOS;0,00
PREFEITURA MUNICIPAL DE BARBACENA;19.001;SEFAZ;0.003;AMORTIZACAO DA DÍVIDA POR CONTRATO;0;ENCARGOS DO MUNICIPIO;28;Encargos Especiais;841;Refinanciamento da Dívida Interna;490;4.6.90.71.00.00.00.00;PRINCIPAL DA DÍVIDA CONTRATUAL RESGATADO;1.500.000.0000;RECURSOS NÃO VINCULADOS DE IMPOSTOS;748.666,31
PREFEITURA MUNICIPAL DE BARBACENA;19.001;SEFAZ;0.004;JUROS E ENCARGOS DA DIVIDA POR CONTRATO;0;ENCARGOS DO MUNICIPIO;28;Encargos Especiais;843;Serviço da Dívida Interna;491;3.2.90.21.00.00.00.00;JUROS SOBRE A DÍVIDA POR CONTRATO;1.500.000.0000;RECURSOS NÃO VINCULADOS DE IMPOSTOS;81.395,09
PREFEITURA MUNICIPAL DE BARBACENA;19.001;SEFAZ;0.004;JUROS E ENCARGOS DA DIVIDA POR CONTRATO;0;ENCARGOS DO MUNICIPIO;28;Encargos Especiais;843;Serviço da Dívida Interna;492;3.2.90.22.00.00.00.00;OUTROS ENCARGOS S/ A DÍVIDA POR CONTRATO;1.500.000.0000;RECURSOS NÃO VINCULADOS DE IMPOSTOS;0,00
PREFEITURA MUNICIPAL DE BARBACENA;19.001;SEFAZ;0.004;JUROS E ENCARGOS DA DIVIDA POR CONTRATO;0;ENCARGOS DO MUNICIPIO;28;Encargos Especiais;843;Serviço da Dívida Interna;493;3.2.91.21.00.00.00.00;JUROS SOBRE A DÍVIDA POR CONTRATO;1.500.000.0000;RECURSOS NÃO VINCULADOS DE IMPOSTOS;0,00
PREFEITURA MUNICIPAL DE BARBACENA;19.001;SEFAZ;0.020;PARCELAMENTO DE DIVIDAS PREVIDENCIARIAS;0;ENCARGOS DO MUNICIPIO;28;Encargos Especiais;843;Serviço da Dívida Interna;494;3.2.90.21.00.00.00.00;JUROS SOBRE A DÍVIDA POR CONTRATO;1.500.000.0000;RECURSOS NÃO VINCULADOS DE IMPOSTOS;0,00
PREFEITURA MUNICIPAL DE BARBACENA;19.001;SEFAZ;0.020;PARCELAMENTO DE DIVIDAS PREVIDENCIARIAS;0;ENCARGOS DO MUNICIPIO;28;Encargos Especiais;843;Serviço da Dívida Interna;495;3.2.91.21.00.00.00.00;JUROS SOBRE A DÍVIDA POR CONTRATO;1.500.000.0000;RECURSOS NÃO VINCULADOS DE IMPOSTOS;205.453,89
PREFEITURA MUNICIPAL DE BARBACENA;19.001;SEFAZ;0.020;PARCELAMENTO DE DIVIDAS PREVIDENCIARIAS;0;ENCARGOS DO MUNICIPIO;28;Encargos Especiais;843;Serviço da Dívida Interna;496;4.6.90.71.00.00.00.00;PRINCIPAL DA DÍVIDA CONTRATUAL RESGATADO;1.500.000.0000;RECURSOS NÃO VINCULADOS DE IMPOSTOS;1.936.458,10
PREFEITURA MUNICIPAL DE BARBACENA;19.001;SEFAZ;0.020;PARCELAMENTO DE DIVIDAS PREVIDENCIARIAS;0;ENCARGOS DO MUNICIPIO;28;Encargos Especiais;843;Serviço da Dívida Interna;496;4.6.90.71.00.00.00.00;PRINCIPAL DA DÍVIDA CONTRATUAL RESGATADO;1.501.000.0000;OUTROS RECURSOS NÃO VINCULADOS;1.000.000,00
PREFEITURA MUNICIPAL DE BARBACENA;19.001;SEFAZ;0.020;PARCELAMENTO DE DIVIDAS PREVIDENCIARIAS;0;ENCARGOS DO MUNICIPIO;28;Encargos Especiais;843;Serviço da Dívida Interna;497;4.6.91.71.00.00.00.00;PRINCIPAL DA DÍVIDA CONTRATUAL RESGATADO;1.500.000.0000;RECURSOS NÃO VINCULADOS DE IMPOSTOS;256.313,88
PREFEITURA MUNICIPAL DE BARBACENA;19.001;SEFAZ;0.002;PAGAMENTO DE PRECATORIOS;0;ENCARGOS DO MUNICIPIO;28;Encargos Especiais;846;Outros Encargos Especiais;498;3.1.90.91.00.00.00.00;SENTENÇAS JUDICIAIS;1.500.000.0000;RECURSOS NÃO VINCULADOS DE IMPOSTOS;317.360,85
PREFEITURA MUNICIPAL DE BARBACENA;19.001;SEFAZ;0.002;PAGAMENTO DE PRECATORIOS;0;ENCARGOS DO MUNICIPIO;28;Encargos Especiais;846;Outros Encargos Especiais;499;3.3.90.91.00.00.00.00;SENTENÇAS JUDICIAIS;1.500.000.0000;RECURSOS NÃO VINCULADOS DE IMPOSTOS;0,00
PREFEITURA MUNICIPAL DE BARBACENA;19.001;SEFAZ;2.108;MANUTENÇAO DA SEFAZ;11;APOIO A ADMINISTRAÇAO PUBLICA;4;Administração;122;Administração Geral;461;3.3.90.14.00.00.00.00;DIÁRIAS - PESSOAL CIVIL;1.500.000.0000;RECURSOS NÃO VINCULADOS DE IMPOSTOS;3.300,00
PREFEITURA MUNICIPAL DE BARBACENA;19.001;SEFAZ;2.108;MANUTENÇAO DA SEFAZ;11;APOIO A ADMINISTRAÇAO PUBLICA;4;Administração;122;Administração Geral;462;3.3.90.30.00.00.00.00;MATERIAL DE CONSUMO;1.500.000.0000;RECURSOS NÃO VINCULADOS DE IMPOSTOS;10.949,93
PREFEITURA MUNICIPAL DE BARBACENA;19.001;SEFAZ;2.108;MANUTENÇAO DA SEFAZ;11;APOIO A ADMINISTRAÇAO PUBLICA;4;Administração;122;Administração Geral;463;3.3.90.33.00.00.00.00;PASSAGENS E DESPESAS COM LOCOMOÇÃO;1.500.000.0000;RECURSOS NÃO VINCULADOS DE IMPOSTOS;0,00
PREFEITURA MUNICIPAL DE BARBACENA;19.001;SEFAZ;2.108;MANUTENÇAO DA SEFAZ;11;APOIO A ADMINISTRAÇAO PUBLICA;4;Administração;122;Administração Geral;464;3.3.90.35.00.00.00.00;SERVIÇOS DE CONSULTORIA;1.500.000.0000;RECURSOS NÃO VINCULADOS DE IMPOSTOS;0,00
PREFEITURA MUNICIPAL DE BARBACENA;19.001;SEFAZ;2.108;MANUTENÇAO DA SEFAZ;11;APOIO A ADMINISTRAÇAO PUBLICA;4;Administração;122;Administração Geral;465;3.3.90.39.00.00.00.00;OUTROS SERVIÇOS DE TERCEIROS - PESSOA JURÍDICA;1.500.000.0000;RECURSOS NÃO VINCULADOS DE IMPOSTOS;209.145,70
PREFEITURA MUNICIPAL DE BARBACENA;19.001;SEFAZ;2.108;MANUTENÇAO DA SEFAZ;11;APOIO A ADMINISTRAÇAO PUBLICA;4;Administração;122;Administração Geral;465;3.3.90.39.00.00.00.00;OUTROS SERVIÇOS DE TERCEIROS - PESSOA JURÍDICA;1.501.000.0000;OUTROS RECURSOS NÃO VINCULADOS;979.903,93
PREFEITURA MUNICIPAL DE BARBACENA;19.001;SEFAZ;2.108;MANUTENÇAO DA SEFAZ;11;APOIO A ADMINISTRAÇAO PUBLICA;4;Administração;122;Administração Geral;465;3.3.90.39.00.00.00.00;OUTROS SERVIÇOS DE TERCEIROS - PESSOA JURÍDICA;1.753.000.0000;RECURSOS PROVENIENTES DE TAXAS, CONTRIBUIÇÕES E PREÇOS PÚBLICOS;0,01
PREFEITURA MUNICIPAL DE BARBACENA;19.001;SEFAZ;2.108;MANUTENÇAO DA SEFAZ;11;APOIO A ADMINISTRAÇAO PUBLICA;4;Administração;122;Administração Geral;466;3.3.90.40.00.00.00.00;SERVIÇOS DE TECNOLOGIA DA INFORMAÇÃO E COMUNICAÇ;1.500.000.0000;RECURSOS NÃO VINCULADOS DE IMPOSTOS;0,00
PREFEITURA MUNICIPAL DE BARBACENA;19.001;SEFAZ;2.108;MANUTENÇAO DA SEFAZ;11;APOIO A ADMINISTRAÇAO PUBLICA;4;Administração;122;Administração Geral;467;3.3.90.47.00.00.00.00;OBRIGAÇÕES TRIBUTÁRIAS E CONTRIBUTIVAS;1.500.000.0000;RECURSOS NÃO VINCULADOS DE IMPOSTOS;1.050,78
PREFEITURA MUNICIPAL DE BARBACENA;19.001;SEFAZ;2.108;MANUTENÇAO DA SEFAZ;11;APOIO A ADMINISTRAÇAO PUBLICA;4;Administração;122;Administração Geral;468;3.3.90.92.00.00.00.00;DESPESAS DE EXERCÍCIOS ANTERIORES;1.500.000.0000;RECURSOS NÃO VINCULADOS DE IMPOSTOS;0,00
PREFEITURA MUNICIPAL DE BARBACENA;19.001;SEFAZ;2.108;MANUTENÇAO DA SEFAZ;11;APOIO A ADMINISTRAÇAO PUBLICA;4;Administração;122;Administração Geral;469;3.3.90.93.00.00.00.00;INDENIZAÇÕES E RESTITUIÇÕES;1.500.000.0000;RECURSOS NÃO VINCULADOS DE IMPOSTOS;3,99
PREFEITURA MUNICIPAL DE BARBACENA;19.001;SEFAZ;2.108;MANUTENÇAO DA SEFAZ;11;APOIO A ADMINISTRAÇAO PUBLICA;4;Administração;122;Administração Geral;470;4.4.90.52.00.00.00.00;EQUIPAMENTOS E MATERIAL PERMANENTE;1.500.000.0000;RECURSOS NÃO VINCULADOS DE IMPOSTOS;0,00
PREFEITURA MUNICIPAL DE BARBACENA;19.001;SEFAZ;2.108;MANUTENÇAO DA SEFAZ;11;APOIO A ADMINISTRAÇAO PUBLICA;4;Administração;122;Administração Geral;470;4.4.90.52.00.00.00.00;EQUIPAMENTOS E MATERIAL PERMANENTE;1.753.000.0000;RECURSOS PROVENIENTES DE TAXAS, CONTRIBUIÇÕES E PREÇOS PÚBLICOS;4.073,15
PREFEITURA MUNICIPAL DE BARBACENA;19.001;SEFAZ;2.108;MANUTENÇAO DA SEFAZ;11;APOIO A ADMINISTRAÇAO PUBLICA;4;Administração;122;Administração Geral;470;4.4.90.52.00.00.00.00;EQUIPAMENTOS E MATERIAL PERMANENTE;1.755.000.0000;RECURSOS DE ALIENAÇÃO DE BENS/ATIVOS - ADMINISTRAÇÃO DIRETA;16.000,00
PREFEITURA MUNICIPAL DE BARBACENA;19.001;SEFAZ;2.109;PESSOAL E ENCARGOS SOCIAIS DA SEFAZ;11;APOIO A ADMINISTRAÇAO PUBLICA;4;Administração;122;Administração Geral;471;3.1.90.04.00.00.00.00;CONTRATAÇÃO POR TEMPO DETERMINADO;1.500.000.0000;RECURSOS NÃO VINCULADOS DE IMPOSTOS;12.670,75
PREFEITURA MUNICIPAL DE BARBACENA;19.001;SEFAZ;2.109;PESSOAL E ENCARGOS SOCIAIS DA SEFAZ;11;APOIO A ADMINISTRAÇAO PUBLICA;4;Administração;122;Administração Geral;471;3.1.90.04.00.00.00.00;CONTRATAÇÃO POR TEMPO DETERMINADO;1.753.000.0000;RECURSOS PROVENIENTES DE TAXAS, CONTRIBUIÇÕES E PREÇOS PÚBLICOS;105.224,31
PREFEITURA MUNICIPAL DE BARBACENA;19.001;SEFAZ;2.109;PESSOAL E ENCARGOS SOCIAIS DA SEFAZ;11;APOIO A ADMINISTRAÇAO PUBLICA;4;Administração;122;Administração Geral;472;3.1.90.11.00.00.00.00;VENCIMENTOS E VANTAGENS FIXAS - PESSOAL CIVIL;1.500.000.0000;RECURSOS NÃO VINCULADOS DE IMPOSTOS;341.260,55
PREFEITURA MUNICIPAL DE BARBACENA;19.001;SEFAZ;2.109;PESSOAL E ENCARGOS SOCIAIS DA SEFAZ;11;APOIO A ADMINISTRAÇAO PUBLICA;4;Administração;122;Administração Geral;472;3.1.90.11.00.00.00.00;VENCIMENTOS E VANTAGENS FIXAS - PESSOAL CIVIL;1.753.000.0000;RECURSOS PROVENIENTES DE TAXAS, CONTRIBUIÇÕES E PREÇOS PÚBLICOS;3.776.232,66
PREFEITURA MUNICIPAL DE BARBACENA;19.001;SEFAZ;2.109;PESSOAL E ENCARGOS SOCIAIS DA SEFAZ;11;APOIO A ADMINISTRAÇAO PUBLICA;4;Administração;122;Administração Geral;473;3.1.90.13.00.00.00.00;OBRIGAÇÕES PATRONAIS;1.500.000.0000;RECURSOS NÃO VINCULADOS DE IMPOSTOS;21.508,54
PREFEITURA MUNICIPAL DE BARBACENA;19.001;SEFAZ;2.109;PESSOAL E ENCARGOS SOCIAIS DA SEFAZ;11;APOIO A ADMINISTRAÇAO PUBLICA;4;Administração;122;Administração Geral;473;3.1.90.13.00.00.00.00;OBRIGAÇÕES PATRONAIS;1.753.000.0000;RECURSOS PROVENIENTES DE TAXAS, CONTRIBUIÇÕES E PREÇOS PÚBLICOS;135.641,53
PREFEITURA MUNICIPAL DE BARBACENA;19.001;SEFAZ;2.109;PESSOAL E ENCARGOS SOCIAIS DA SEFAZ;11;APOIO A ADMINISTRAÇAO PUBLICA;4;Administração;122;Administração Geral;474;3.1.90.91.00.00.00.00;SENTENÇAS JUDICIAIS;1.500.000.0000;RECURSOS NÃO VINCULADOS DE IMPOSTOS;0,00
PREFEITURA MUNICIPAL DE BARBACENA;19.001;SEFAZ;2.109;PESSOAL E ENCARGOS SOCIAIS DA SEFAZ;11;APOIO A ADMINISTRAÇAO PUBLICA;4;Administração;122;Administração Geral;474;3.1.90.91.00.00.00.00;SENTENÇAS JUDICIAIS;1.753.000.0000;RECURSOS PROVENIENTES DE TAXAS, CONTRIBUIÇÕES E PREÇOS PÚBLICOS;0,00
PREFEITURA MUNICIPAL DE BARBACENA;19.001;SEFAZ;2.109;PESSOAL E ENCARGOS SOCIAIS DA SEFAZ;11;APOIO A ADMINISTRAÇAO PUBLICA;4;Administração;122;Administração Geral;475;3.1.90.92.00.00.00.00;DESPESAS DE EXERCÍCIOS ANTERIORES;1.500.000.0000;RECURSOS NÃO VINCULADOS DE IMPOSTOS;0,00
PREFEITURA MUNICIPAL DE BARBACENA;19.001;SEFAZ;2.109;PESSOAL E ENCARGOS SOCIAIS DA SEFAZ;11;APOIO A ADMINISTRAÇAO PUBLICA;4;Administração;122;Administração Geral;475;3.1.90.92.00.00.00.00;DESPESAS DE EXERCÍCIOS ANTERIORES;1.753.000.0000;RECURSOS PROVENIENTES DE TAXAS, CONTRIBUIÇÕES E PREÇOS PÚBLICOS;1.000,00
PREFEITURA MUNICIPAL DE BARBACENA;19.001;SEFAZ;2.109;PESSOAL E ENCARGOS SOCIAIS DA SEFAZ;11;APOIO A ADMINISTRAÇAO PUBLICA;4;Administração;122;Administração Geral;476;3.1.91.13.00.00.00.00;OBRIGAÇÕES PATRONAIS;1.500.000.0000;RECURSOS NÃO VINCULADOS DE IMPOSTOS;74.392,87
PREFEITURA MUNICIPAL DE BARBACENA;19.001;SEFAZ;2.109;PESSOAL E ENCARGOS SOCIAIS DA SEFAZ;11;APOIO A ADMINISTRAÇAO PUBLICA;4;Administração;122;Administração Geral;476;3.1.91.13.00.00.00.00;OBRIGAÇÕES PATRONAIS;1.753.000.0000;RECURSOS PROVENIENTES DE TAXAS, CONTRIBUIÇÕES E PREÇOS PÚBLICOS;864.073,11
PREFEITURA MUNICIPAL DE BARBACENA;19.001;SEFAZ;2.109;PESSOAL E ENCARGOS SOCIAIS DA SEFAZ;11;APOIO A ADMINISTRAÇAO PUBLICA;4;Administração;122;Administração Geral;477;3.3.90.08.00.00.00.00;OUTROS BENEFÍCIOS ASSISTENCIAIS-SERVIDOR/MILITAR;1.500.000.0000;RECURSOS NÃO VINCULADOS DE IMPOSTOS;66,00
PREFEITURA MUNICIPAL DE BARBACENA;19.001;SEFAZ;2.109;PESSOAL E ENCARGOS SOCIAIS DA SEFAZ;11;APOIO A ADMINISTRAÇAO PUBLICA;4;Administração;122;Administração Geral;477;3.3.90.08.00.00.00.00;OUTROS BENEFÍCIOS ASSISTENCIAIS-SERVIDOR/MILITAR;1.753.000.0000;RECURSOS PROVENIENTES DE TAXAS, CONTRIBUIÇÕES E PREÇOS PÚBLICOS;1.576,87
PREFEITURA MUNICIPAL DE BARBACENA;19.001;SEFAZ;2.109;PESSOAL E ENCARGOS SOCIAIS DA SEFAZ;11;APOIO A ADMINISTRAÇAO PUBLICA;4;Administração;122;Administração Geral;478;3.3.90.18.00.00.00.00;AUXÍLIO FINANCEIRO A ESTUDANTES;1.500.000.0000;RECURSOS NÃO VINCULADOS DE IMPOSTOS;0,00
PREFEITURA MUNICIPAL DE BARBACENA;19.001;SEFAZ;2.109;PESSOAL E ENCARGOS SOCIAIS DA SEFAZ;11;APOIO A ADMINISTRAÇAO PUBLICA;4;Administração;122;Administração Geral;478;3.3.90.18.00.00.00.00;AUXÍLIO FINANCEIRO A ESTUDANTES;1.753.000.0000;RECURSOS PROVENIENTES DE TAXAS, CONTRIBUIÇÕES E PREÇOS PÚBLICOS;454,03
PREFEITURA MUNICIPAL DE BARBACENA;19.001;SEFAZ;2.109;PESSOAL E ENCARGOS SOCIAIS DA SEFAZ;11;APOIO A ADMINISTRAÇAO PUBLICA;4;Administração;122;Administração Geral;479;3.3.90.46.00.00.00.00;AUXÍLIO-ALIMENTAÇÃO;1.500.000.0000;RECURSOS NÃO VINCULADOS DE IMPOSTOS;22.875,00
PREFEITURA MUNICIPAL DE BARBACENA;19.001;SEFAZ;2.109;PESSOAL E ENCARGOS SOCIAIS DA SEFAZ;11;APOIO A ADMINISTRAÇAO PUBLICA;4;Administração;122;Administração Geral;479;3.3.90.46.00.00.00.00;AUXÍLIO-ALIMENTAÇÃO;1.753.000.0000;RECURSOS PROVENIENTES DE TAXAS, CONTRIBUIÇÕES E PREÇOS PÚBLICOS;284.328,36
PREFEITURA MUNICIPAL DE BARBACENA;19.001;SEFAZ;2.329;MANUTENÇÃO DO PROGRAMA DE FORMAÇÃO DO PATRIMÔNIO DO SERV. PÚBLICO (PASEP);11;APOIO A ADMINISTRAÇAO PUBLICA;4;Administração;123;Administração Financeira;480;3.3.90.47.00.00.00.00;OBRIGAÇÕES TRIBUTÁRIAS E CONTRIBUTIVAS;1.500.000.0000;RECURSOS NÃO VINCULADOS DE IMPOSTOS;4.619.401,46
PREFEITURA MUNICIPAL DE BARBACENA;19.001;SEFAZ;2.329;MANUTENÇÃO DO PROGRAMA DE FORMAÇÃO DO PATRIMÔNIO DO SERV. PÚBLICO (PASEP);11;APOIO A ADMINISTRAÇAO PUBLICA;4;Administração;123;Administração Financeira;480;3.3.90.47.00.00.00.00;OBRIGAÇÕES TRIBUTÁRIAS E CONTRIBUTIVAS;2.500.000.0000;RECURSOS NÃO VINCULADOS DE IMPOSTOS;4.122.711,64
PREFEITURA MUNICIPAL DE BARBACENA;19.001;SEFAZ;2.590;IMPLANTACAO E MANUTENCAO DO PLANO COMPLEMENTAR DO RPPS;11;APOIO A ADMINISTRAÇAO PUBLICA;4;Administração;271;Previdência Básica;487;3.1.96.13.99.00.00.00;OUTRAS OBRIGAÇÕES;1.500.000.0000;RECURSOS NÃO VINCULADOS DE IMPOSTOS;0,00
PREFEITURA MUNICIPAL DE BARBACENA;19.001;SEFAZ;2.107;MELHORIA DA ARRECADAÇAO MUNICIPAL;23;MODERNIZAÇAO DA RECEITA MUNICIPAL;4;Administração;123;Administração Financeira;481;3.3.90.30.00.00.00.00;MATERIAL DE CONSUMO;1.500.000.0000;RECURSOS NÃO VINCULADOS DE IMPOSTOS;0,00
PREFEITURA MUNICIPAL DE BARBACENA;19.001;SEFAZ;2.107;MELHORIA DA ARRECADAÇAO MUNICIPAL;23;MODERNIZAÇAO DA RECEITA MUNICIPAL;4;Administração;123;Administração Financeira;482;3.3.90.39.00.00.00.00;OUTROS SERVIÇOS DE TERCEIROS - PESSOA JURÍDICA;1.500.000.0000;RECURSOS NÃO VINCULADOS DE IMPOSTOS;516.119,03
PREFEITURA MUNICIPAL DE BARBACENA;19.001;SEFAZ;2.107;MELHORIA DA ARRECADAÇAO MUNICIPAL;23;MODERNIZAÇAO DA RECEITA MUNICIPAL;4;Administração;123;Administração Financeira;482;3.3.90.39.00.00.00.00;OUTROS SERVIÇOS DE TERCEIROS - PESSOA JURÍDICA;2.500.000.0000;RECURSOS NÃO VINCULADOS DE IMPOSTOS;19.200,00
PREFEITURA MUNICIPAL DE BARBACENA;19.001;SEFAZ;2.107;MELHORIA DA ARRECADAÇAO MUNICIPAL;23;MODERNIZAÇAO DA RECEITA MUNICIPAL;4;Administração;123;Administração Financeira;482;3.3.90.39.00.00.00.00;OUTROS SERVIÇOS DE TERCEIROS - PESSOA JURÍDICA;2.753.000.0000;RECURSOS PROVENIENTES DE TAXAS, CONTRIBUIÇÕES E PREÇOS PÚBLICOS;60.000,00
PREFEITURA MUNICIPAL DE BARBACENA;19.001;SEFAZ;2.107;MELHORIA DA ARRECADAÇAO MUNICIPAL;23;MODERNIZAÇAO DA RECEITA MUNICIPAL;4;Administração;123;Administração Financeira;483;3.3.90.92.00.00.00.00;DESPESAS DE EXERCÍCIOS ANTERIORES;1.500.000.0000;RECURSOS NÃO VINCULADOS DE IMPOSTOS;928,72
PREFEITURA MUNICIPAL DE BARBACENA;19.001;SEFAZ;2.110;IMPLANTAÇAO E MANUTENÇAO DO SISTEMA DE GEOPROCESSAMENTO E CADASTRO TÉCNICO IMOBILIÁRIO;23;MODERNIZAÇAO DA RECEITA MUNICIPAL;4;Administração;125;Normatização e Fiscalização;484;3.3.90.30.00.00.00.00;MATERIAL DE CONSUMO;1.500.000.0000;RECURSOS NÃO VINCULADOS DE IMPOSTOS;0,00
PREFEITURA MUNICIPAL DE BARBACENA;19.001;SEFAZ;2.110;IMPLANTAÇAO E MANUTENÇAO DO SISTEMA DE GEOPROCESSAMENTO E CADASTRO TÉCNICO IMOBILIÁRIO;23;MODERNIZAÇAO DA RECEITA MUNICIPAL;4;Administração;125;Normatização e Fiscalização;485;3.3.90.39.00.00.00.00;OUTROS SERVIÇOS DE TERCEIROS - PESSOA JURÍDICA;1.500.000.0000;RECURSOS NÃO VINCULADOS DE IMPOSTOS;0,00
PREFEITURA MUNICIPAL DE BARBACENA;19.001;SEFAZ;2.110;IMPLANTAÇAO E MANUTENÇAO DO SISTEMA DE GEOPROCESSAMENTO E CADASTRO TÉCNICO IMOBILIÁRIO;23;MODERNIZAÇAO DA RECEITA MUNICIPAL;4;Administração;125;Normatização e Fiscalização;485;3.3.90.39.00.00.00.00;OUTROS SERVIÇOS DE TERCEIROS - PESSOA JURÍDICA;1.753.000.0000;RECURSOS PROVENIENTES DE TAXAS, CONTRIBUIÇÕES E PREÇOS PÚBLICOS;0,00
PREFEITURA MUNICIPAL DE BARBACENA;19.001;SEFAZ;2.110;IMPLANTAÇAO E MANUTENÇAO DO SISTEMA DE GEOPROCESSAMENTO E CADASTRO TÉCNICO IMOBILIÁRIO;23;MODERNIZAÇAO DA RECEITA MUNICIPAL;4;Administração;125;Normatização e Fiscalização;486;4.4.90.52.00.00.00.00;EQUIPAMENTOS E MATERIAL PERMANENTE;1.500.000.0000;RECURSOS NÃO VINCULADOS DE IMPOSTOS;0,00
PREFEITURA MUNICIPAL DE BARBACENA;19.001;SEFAZ;9.999;RESERVA DE CONTINGENCIA;9999;RESERVAS;99;Reserva de Contingência;999;Reserva de Contingência;500;9.9.99.99.99.00.00.00;RESERVA DE CONTINGÊNCIA OU RESERVA DO RPPS;1.500.000.0000;RECURSOS NÃO VINCULADOS DE IMPOSTOS;510.000,00
PREFEITURA MUNICIPAL DE BARBACENA;19.003;FUNDO MUN DE DES SUSTENT E DEFESA AMBIENTAL FUNDAL;1.173;IMPLANTAÇAO E MANUTENÇÃO DE DISTRITOS INDUSTRIAIS;22;FOMENTO ECONOMICO;22;Indústria;661;Promoção Industrial;501;3.3.90.39.00.00.00.00;OUTROS SERVIÇOS DE TERCEIROS - PESSOA JURÍDICA;1.500.000.0000;RECURSOS NÃO VINCULADOS DE IMPOSTOS;1.000,00
PREFEITURA MUNICIPAL DE BARBACENA;19.003;FUNDO MUN DE DES SUSTENT E DEFESA AMBIENTAL FUNDAL;2.253;PROMOÇAO, DESENVOLVIMENTO E FORTALECIMENTO DA ECONOMIA DE BARBACENA E REGIAO;22;FOMENTO ECONOMICO;23;Comércio e Serviços;691;Promoção Comercial;502;3.3.90.39.00.00.00.00;OUTROS SERVIÇOS DE TERCEIROS - PESSOA JURÍDICA;1.500.000.0000;RECURSOS NÃO VINCULADOS DE IMPOSTOS;925,15
PREFEITURA MUNICIPAL DE BARBACENA;21.001;GCM;2.145;MANUTENÇAO DA GCM;11;APOIO A ADMINISTRAÇAO PUBLICA;6;Segurança Pública;122;Administração Geral;503;3.3.90.14.00.00.00.00;DIÁRIAS - PESSOAL CIVIL;1.500.000.0000;RECURSOS NÃO VINCULADOS DE IMPOSTOS;17.760,00
PREFEITURA MUNICIPAL DE BARBACENA;21.001;GCM;2.145;MANUTENÇAO DA GCM;11;APOIO A ADMINISTRAÇAO PUBLICA;6;Segurança Pública;122;Administração Geral;504;3.3.90.30.00.00.00.00;MATERIAL DE CONSUMO;1.500.000.0000;RECURSOS NÃO VINCULADOS DE IMPOSTOS;22.091,00
PREFEITURA MUNICIPAL DE BARBACENA;21.001;GCM;2.145;MANUTENÇAO DA GCM;11;APOIO A ADMINISTRAÇAO PUBLICA;6;Segurança Pública;122;Administração Geral;504;3.3.90.30.00.00.00.00;MATERIAL DE CONSUMO;1.501.000.0000;OUTROS RECURSOS NÃO VINCULADOS;0,01
PREFEITURA MUNICIPAL DE BARBACENA;21.001;GCM;2.145;MANUTENÇAO DA GCM;11;APOIO A ADMINISTRAÇAO PUBLICA;6;Segurança Pública;122;Administração Geral;504;3.3.90.30.00.00.00.00;MATERIAL DE CONSUMO;1.753.000.0000;RECURSOS PROVENIENTES DE TAXAS, CONTRIBUIÇÕES E PREÇOS PÚBLICOS;6.979,89
PREFEITURA MUNICIPAL DE BARBACENA;21.001;GCM;2.145;MANUTENÇAO DA GCM;11;APOIO A ADMINISTRAÇAO PUBLICA;6;Segurança Pública;122;Administração Geral;504;3.3.90.30.00.00.00.00;MATERIAL DE CONSUMO;2.753.000.0000;RECURSOS PROVENIENTES DE TAXAS, CONTRIBUIÇÕES E PREÇOS PÚBLICOS;0,01
PREFEITURA MUNICIPAL DE BARBACENA;21.001;GCM;2.145;MANUTENÇAO DA GCM;11;APOIO A ADMINISTRAÇAO PUBLICA;6;Segurança Pública;122;Administração Geral;505;3.3.90.39.00.00.00.00;OUTROS SERVIÇOS DE TERCEIROS - PESSOA JURÍDICA;1.500.000.0000;RECURSOS NÃO VINCULADOS DE IMPOSTOS;746.279,07
PREFEITURA MUNICIPAL DE BARBACENA;21.001;GCM;2.145;MANUTENÇAO DA GCM;11;APOIO A ADMINISTRAÇAO PUBLICA;6;Segurança Pública;122;Administração Geral;505;3.3.90.39.00.00.00.00;OUTROS SERVIÇOS DE TERCEIROS - PESSOA JURÍDICA;1.753.000.0000;RECURSOS PROVENIENTES DE TAXAS, CONTRIBUIÇÕES E PREÇOS PÚBLICOS;0,01
PREFEITURA MUNICIPAL DE BARBACENA;21.001;GCM;2.145;MANUTENÇAO DA GCM;11;APOIO A ADMINISTRAÇAO PUBLICA;6;Segurança Pública;122;Administração Geral;505;3.3.90.39.00.00.00.00;OUTROS SERVIÇOS DE TERCEIROS - PESSOA JURÍDICA;2.500.000.0000;RECURSOS NÃO VINCULADOS DE IMPOSTOS;80.423,51
PREFEITURA MUNICIPAL DE BARBACENA;21.001;GCM;2.145;MANUTENÇAO DA GCM;11;APOIO A ADMINISTRAÇAO PUBLICA;6;Segurança Pública;122;Administração Geral;505;3.3.90.39.00.00.00.00;OUTROS SERVIÇOS DE TERCEIROS - PESSOA JURÍDICA;2.753.000.0000;RECURSOS PROVENIENTES DE TAXAS, CONTRIBUIÇÕES E PREÇOS PÚBLICOS;0,01
PREFEITURA MUNICIPAL DE BARBACENA;21.001;GCM;2.145;MANUTENÇAO DA GCM;11;APOIO A ADMINISTRAÇAO PUBLICA;6;Segurança Pública;122;Administração Geral;506;3.3.90.40.00.00.00.00;SERVIÇOS DE TECNOLOGIA DA INFORMAÇÃO E COMUNICAÇ;1.500.000.0000;RECURSOS NÃO VINCULADOS DE IMPOSTOS;8,67
PREFEITURA MUNICIPAL DE BARBACENA;21.001;GCM;2.145;MANUTENÇAO DA GCM;11;APOIO A ADMINISTRAÇAO PUBLICA;6;Segurança Pública;122;Administração Geral;507;3.3.90.47.00.00.00.00;OBRIGAÇÕES TRIBUTÁRIAS E CONTRIBUTIVAS;1.500.000.0000;RECURSOS NÃO VINCULADOS DE IMPOSTOS;165,67
PREFEITURA MUNICIPAL DE BARBACENA;21.001;GCM;2.145;MANUTENÇAO DA GCM;11;APOIO A ADMINISTRAÇAO PUBLICA;6;Segurança Pública;122;Administração Geral;508;3.3.90.92.00.00.00.00;DESPESAS DE EXERCÍCIOS ANTERIORES;1.500.000.0000;RECURSOS NÃO VINCULADOS DE IMPOSTOS;2,40
PREFEITURA MUNICIPAL DE BARBACENA;21.001;GCM;2.145;MANUTENÇAO DA GCM;11;APOIO A ADMINISTRAÇAO PUBLICA;6;Segurança Pública;122;Administração Geral;509;4.4.90.52.00.00.00.00;EQUIPAMENTOS E MATERIAL PERMANENTE;1.500.000.0000;RECURSOS NÃO VINCULADOS DE IMPOSTOS;3.232,12
PREFEITURA MUNICIPAL DE BARBACENA;21.001;GCM;2.145;MANUTENÇAO DA GCM;11;APOIO A ADMINISTRAÇAO PUBLICA;6;Segurança Pública;122;Administração Geral;958;3.3.90.93.00.00.00.00;INDENIZAÇÕES E RESTITUIÇÕES;1.500.000.0000;RECURSOS NÃO VINCULADOS DE IMPOSTOS;304,23
PREFEITURA MUNICIPAL DE BARBACENA;21.001;GCM;2.144;PESSOAL E ENCARGOS SOCIAIS DA GCM;11;APOIO A ADMINISTRAÇAO PUBLICA;6;Segurança Pública;181;Policiamento;510;3.1.90.04.00.00.00.00;CONTRATAÇÃO POR TEMPO DETERMINADO;1.500.000.0000;RECURSOS NÃO VINCULADOS DE IMPOSTOS;106.040,48
PREFEITURA MUNICIPAL DE BARBACENA;21.001;GCM;2.144;PESSOAL E ENCARGOS SOCIAIS DA GCM;11;APOIO A ADMINISTRAÇAO PUBLICA;6;Segurança Pública;181;Policiamento;511;3.1.90.11.00.00.00.00;VENCIMENTOS E VANTAGENS FIXAS - PESSOAL CIVIL;1.500.000.0000;RECURSOS NÃO VINCULADOS DE IMPOSTOS;5.652.729,29
PREFEITURA MUNICIPAL DE BARBACENA;21.001;GCM;2.144;PESSOAL E ENCARGOS SOCIAIS DA GCM;11;APOIO A ADMINISTRAÇAO PUBLICA;6;Segurança Pública;181;Policiamento;512;3.1.90.13.00.00.00.00;OBRIGAÇÕES PATRONAIS;1.500.000.0000;RECURSOS NÃO VINCULADOS DE IMPOSTOS;22.664,64
PREFEITURA MUNICIPAL DE BARBACENA;21.001;GCM;2.144;PESSOAL E ENCARGOS SOCIAIS DA GCM;11;APOIO A ADMINISTRAÇAO PUBLICA;6;Segurança Pública;181;Policiamento;513;3.1.90.92.00.00.00.00;DESPESAS DE EXERCÍCIOS ANTERIORES;1.500.000.0000;RECURSOS NÃO VINCULADOS DE IMPOSTOS;400,00
PREFEITURA MUNICIPAL DE BARBACENA;21.001;GCM;2.144;PESSOAL E ENCARGOS SOCIAIS DA GCM;11;APOIO A ADMINISTRAÇAO PUBLICA;6;Segurança Pública;181;Policiamento;514;3.1.90.94.00.00.00.00;INDENIZAÇÕES E RESTITUIÇÕES TRABALHISTAS;1.500.000.0000;RECURSOS NÃO VINCULADOS DE IMPOSTOS;0,00
PREFEITURA MUNICIPAL DE BARBACENA;21.001;GCM;2.144;PESSOAL E ENCARGOS SOCIAIS DA GCM;11;APOIO A ADMINISTRAÇAO PUBLICA;6;Segurança Pública;181;Policiamento;515;3.1.91.13.00.00.00.00;OBRIGAÇÕES PATRONAIS;1.500.000.0000;RECURSOS NÃO VINCULADOS DE IMPOSTOS;1.515.248,90
PREFEITURA MUNICIPAL DE BARBACENA;21.001;GCM;2.144;PESSOAL E ENCARGOS SOCIAIS DA GCM;11;APOIO A ADMINISTRAÇAO PUBLICA;6;Segurança Pública;181;Policiamento;516;3.3.90.18.00.00.00.00;AUXÍLIO FINANCEIRO A ESTUDANTES;1.500.000.0000;RECURSOS NÃO VINCULADOS DE IMPOSTOS;1.595,79
PREFEITURA MUNICIPAL DE BARBACENA;21.001;GCM;2.144;PESSOAL E ENCARGOS SOCIAIS DA GCM;11;APOIO A ADMINISTRAÇAO PUBLICA;6;Segurança Pública;181;Policiamento;517;3.3.90.19.00.00.00.00;AUXÍLIO-FARDAMENTO;1.500.000.0000;RECURSOS NÃO VINCULADOS DE IMPOSTOS;45.798,00
PREFEITURA MUNICIPAL DE BARBACENA;21.001;GCM;2.144;PESSOAL E ENCARGOS SOCIAIS DA GCM;11;APOIO A ADMINISTRAÇAO PUBLICA;6;Segurança Pública;181;Policiamento;518;3.3.90.46.00.00.00.00;AUXÍLIO-ALIMENTAÇÃO;1.500.000.0000;RECURSOS NÃO VINCULADOS DE IMPOSTOS;414.975,00
PREFEITURA MUNICIPAL DE BARBACENA;21.001;GCM;2.144;PESSOAL E ENCARGOS SOCIAIS DA GCM;11;APOIO A ADMINISTRAÇAO PUBLICA;6;Segurança Pública;181;Policiamento;928;3.3.90.08.00.00.00.00;OUTROS BENEFÍCIOS ASSISTENCIAIS-SERVIDOR/MILITAR;1.500.000.0000;RECURSOS NÃO VINCULADOS DE IMPOSTOS;651,00
PREFEITURA MUNICIPAL DE BARBACENA;21.001;GCM;1.085;REFORMA, AMPLIAÇÃO E ADEQUAÇÃO DA SEDE DA GCM;30;SEGURANÇA MUNICIPAL;6;Segurança Pública;181;Policiamento;519;4.4.90.51.00.00.00.00;OBRAS E INSTALAÇÕES;1.500.000.0000;RECURSOS NÃO VINCULADOS DE IMPOSTOS;0,00
PREFEITURA MUNICIPAL DE BARBACENA;21.001;GCM;1.085;REFORMA, AMPLIAÇÃO E ADEQUAÇÃO DA SEDE DA GCM;30;SEGURANÇA MUNICIPAL;6;Segurança Pública;181;Policiamento;520;4.4.90.52.00.00.00.00;EQUIPAMENTOS E MATERIAL PERMANENTE;1.500.000.0000;RECURSOS NÃO VINCULADOS DE IMPOSTOS;0,00
PREFEITURA MUNICIPAL DE BARBACENA;21.001;GCM;2.146;FORTALECIMENTO DA GUARDA CIVIL MUNICIPAL;30;SEGURANÇA MUNICIPAL;6;Segurança Pública;181;Policiamento;521;3.3.90.30.00.00.00.00;MATERIAL DE CONSUMO;1.500.000.0000;RECURSOS NÃO VINCULADOS DE IMPOSTOS;234.866,41
PREFEITURA MUNICIPAL DE BARBACENA;21.001;GCM;2.146;FORTALECIMENTO DA GUARDA CIVIL MUNICIPAL;30;SEGURANÇA MUNICIPAL;6;Segurança Pública;181;Policiamento;522;4.4.90.52.00.00.00.00;EQUIPAMENTOS E MATERIAL PERMANENTE;1.500.000.0000;RECURSOS NÃO VINCULADOS DE IMPOSTOS;236.798,50
PREFEITURA MUNICIPAL DE BARBACENA;21.002;FUNDO MUNICIPAL DE DEFESA CIVIL;2.182;MANUTENÇAO DAS ATIVIDADES DA DEFESA CIVIL;32;BARBACENA RESILIENTE;6;Segurança Pública;182;Defesa Civil;523;3.3.90.30.00.00.00.00;MATERIAL DE CONSUMO;1.500.000.0000;RECURSOS NÃO VINCULADOS DE IMPOSTOS;500,00
PREFEITURA MUNICIPAL DE BARBACENA;21.002;FUNDO MUNICIPAL DE DEFESA CIVIL;2.182;MANUTENÇAO DAS ATIVIDADES DA DEFESA CIVIL;32;BARBACENA RESILIENTE;6;Segurança Pública;182;Defesa Civil;524;3.3.90.39.00.00.00.00;OUTROS SERVIÇOS DE TERCEIROS - PESSOA JURÍDICA;1.500.000.0000;RECURSOS NÃO VINCULADOS DE IMPOSTOS;4.663,75
PREFEITURA MUNICIPAL DE BARBACENA;21.002;FUNDO MUNICIPAL DE DEFESA CIVIL;2.182;MANUTENÇAO DAS ATIVIDADES DA DEFESA CIVIL;32;BARBACENA RESILIENTE;6;Segurança Pública;182;Defesa Civil;525;4.4.90.51.00.00.00.00;OBRAS E INSTALAÇÕES;1.500.000.0000;RECURSOS NÃO VINCULADOS DE IMPOSTOS;459,45
PREFEITURA MUNICIPAL DE BARBACENA;21.002;FUNDO MUNICIPAL DE DEFESA CIVIL;2.430;GESTÃO DE PREVENÇÃO E REDUÇÃO DO RISCO DE DESASTRES;32;BARBACENA RESILIENTE;6;Segurança Pública;182;Defesa Civil;526;3.3.90.30.00.00.00.00;MATERIAL DE CONSUMO;1.500.000.0000;RECURSOS NÃO VINCULADOS DE IMPOSTOS;3.000,00
PREFEITURA MUNICIPAL DE BARBACENA;21.002;FUNDO MUNICIPAL DE DEFESA CIVIL;2.430;GESTÃO DE PREVENÇÃO E REDUÇÃO DO RISCO DE DESASTRES;32;BARBACENA RESILIENTE;6;Segurança Pública;182;Defesa Civil;527;3.3.90.39.00.00.00.00;OUTROS SERVIÇOS DE TERCEIROS - PESSOA JURÍDICA;1.500.000.0000;RECURSOS NÃO VINCULADOS DE IMPOSTOS;0,00
PREFEITURA MUNICIPAL DE BARBACENA;21.002;FUNDO MUNICIPAL DE DEFESA CIVIL;2.431;GESTÃO DE RESPOSTA AOS DESASTRES;32;BARBACENA RESILIENTE;6;Segurança Pública;182;Defesa Civil;528;3.3.90.30.00.00.00.00;MATERIAL DE CONSUMO;1.500.000.0000;RECURSOS NÃO VINCULADOS DE IMPOSTOS;0,00
PREFEITURA MUNICIPAL DE BARBACENA;21.002;FUNDO MUNICIPAL DE DEFESA CIVIL;2.431;GESTÃO DE RESPOSTA AOS DESASTRES;32;BARBACENA RESILIENTE;6;Segurança Pública;182;Defesa Civil;528;3.3.90.30.00.00.00.00;MATERIAL DE CONSUMO;1.700.000.0000;OUTRAS TRANSFERÊNCIAS DE CONVÊNIOS OU INSTRUMENTOS CONGÊNERES DA UNIÃO;0,10
PREFEITURA MUNICIPAL DE BARBACENA;21.002;FUNDO MUNICIPAL DE DEFESA CIVIL;2.431;GESTÃO DE RESPOSTA AOS DESASTRES;32;BARBACENA RESILIENTE;6;Segurança Pública;182;Defesa Civil;529;3.3.90.39.00.00.00.00;OUTROS SERVIÇOS DE TERCEIROS - PESSOA JURÍDICA;1.500.000.0000;RECURSOS NÃO VINCULADOS DE IMPOSTOS;1.381,23
PREFEITURA MUNICIPAL DE BARBACENA;21.002;FUNDO MUNICIPAL DE DEFESA CIVIL;2.431;GESTÃO DE RESPOSTA AOS DESASTRES;32;BARBACENA RESILIENTE;6;Segurança Pública;182;Defesa Civil;529;3.3.90.39.00.00.00.00;OUTROS SERVIÇOS DE TERCEIROS - PESSOA JURÍDICA;1.700.000.0000;OUTRAS TRANSFERÊNCIAS DE CONVÊNIOS OU INSTRUMENTOS CONGÊNERES DA UNIÃO;0,10
PREFEITURA MUNICIPAL DE BARBACENA;21.002;FUNDO MUNICIPAL DE DEFESA CIVIL;2.432;GESTÃO DE RECUPERAÇÃO DE DESASTRES;32;BARBACENA RESILIENTE;6;Segurança Pública;182;Defesa Civil;530;3.3.90.30.00.00.00.00;MATERIAL DE CONSUMO;1.500.000.0000;RECURSOS NÃO VINCULADOS DE IMPOSTOS;165,00
PREFEITURA MUNICIPAL DE BARBACENA;21.002;FUNDO MUNICIPAL DE DEFESA CIVIL;2.432;GESTÃO DE RECUPERAÇÃO DE DESASTRES;32;BARBACENA RESILIENTE;6;Segurança Pública;182;Defesa Civil;531;3.3.90.39.00.00.00.00;OUTROS SERVIÇOS DE TERCEIROS - PESSOA JURÍDICA;1.500.000.0000;RECURSOS NÃO VINCULADOS DE IMPOSTOS;688,38
PREFEITURA MUNICIPAL DE BARBACENA;23.001;AGM;2.132;PESSOAL E ENCARGOS SOCIAIS DA AGM;11;APOIO A ADMINISTRAÇAO PUBLICA;3;Essencial à Justiça;92;Representação Judicial  e Extrajudicial;532;3.1.90.04.00.00.00.00;CONTRATAÇÃO POR TEMPO DETERMINADO;1.500.000.0000;RECURSOS NÃO VINCULADOS DE IMPOSTOS;114.610,14
PREFEITURA MUNICIPAL DE BARBACENA;23.001;AGM;2.132;PESSOAL E ENCARGOS SOCIAIS DA AGM;11;APOIO A ADMINISTRAÇAO PUBLICA;3;Essencial à Justiça;92;Representação Judicial  e Extrajudicial;533;3.1.90.11.00.00.00.00;VENCIMENTOS E VANTAGENS FIXAS - PESSOAL CIVIL;1.500.000.0000;RECURSOS NÃO VINCULADOS DE IMPOSTOS;2.037.454,02
PREFEITURA MUNICIPAL DE BARBACENA;23.001;AGM;2.132;PESSOAL E ENCARGOS SOCIAIS DA AGM;11;APOIO A ADMINISTRAÇAO PUBLICA;3;Essencial à Justiça;92;Representação Judicial  e Extrajudicial;534;3.1.90.13.00.00.00.00;OBRIGAÇÕES PATRONAIS;1.500.000.0000;RECURSOS NÃO VINCULADOS DE IMPOSTOS;80.886,38
PREFEITURA MUNICIPAL DE BARBACENA;23.001;AGM;2.132;PESSOAL E ENCARGOS SOCIAIS DA AGM;11;APOIO A ADMINISTRAÇAO PUBLICA;3;Essencial à Justiça;92;Representação Judicial  e Extrajudicial;535;3.1.90.92.00.00.00.00;DESPESAS DE EXERCÍCIOS ANTERIORES;1.500.000.0000;RECURSOS NÃO VINCULADOS DE IMPOSTOS;0,00
PREFEITURA MUNICIPAL DE BARBACENA;23.001;AGM;2.132;PESSOAL E ENCARGOS SOCIAIS DA AGM;11;APOIO A ADMINISTRAÇAO PUBLICA;3;Essencial à Justiça;92;Representação Judicial  e Extrajudicial;536;3.1.91.13.00.00.00.00;OBRIGAÇÕES PATRONAIS;1.500.000.0000;RECURSOS NÃO VINCULADOS DE IMPOSTOS;453.819,83
PREFEITURA MUNICIPAL DE BARBACENA;23.001;AGM;2.132;PESSOAL E ENCARGOS SOCIAIS DA AGM;11;APOIO A ADMINISTRAÇAO PUBLICA;3;Essencial à Justiça;92;Representação Judicial  e Extrajudicial;537;3.3.90.18.00.00.00.00;AUXÍLIO FINANCEIRO A ESTUDANTES;1.500.000.0000;RECURSOS NÃO VINCULADOS DE IMPOSTOS;38,48
PREFEITURA MUNICIPAL DE BARBACENA;23.001;AGM;2.132;PESSOAL E ENCARGOS SOCIAIS DA AGM;11;APOIO A ADMINISTRAÇAO PUBLICA;3;Essencial à Justiça;92;Representação Judicial  e Extrajudicial;538;3.3.90.46.00.00.00.00;AUXÍLIO-ALIMENTAÇÃO;1.500.000.0000;RECURSOS NÃO VINCULADOS DE IMPOSTOS;126.468,50
PREFEITURA MUNICIPAL DE BARBACENA;23.001;AGM;2.132;PESSOAL E ENCARGOS SOCIAIS DA AGM;11;APOIO A ADMINISTRAÇAO PUBLICA;3;Essencial à Justiça;92;Representação Judicial  e Extrajudicial;931;3.3.90.08.00.00.00.00;OUTROS BENEFÍCIOS ASSISTENCIAIS-SERVIDOR/MILITAR;1.500.000.0000;RECURSOS NÃO VINCULADOS DE IMPOSTOS;810,00
PREFEITURA MUNICIPAL DE BARBACENA;23.001;AGM;2.131;MANUTENÇAO DA AGM;11;APOIO A ADMINISTRAÇAO PUBLICA;3;Essencial à Justiça;122;Administração Geral;539;3.1.90.91.00.00.00.00;SENTENÇAS JUDICIAIS;1.500.000.0000;RECURSOS NÃO VINCULADOS DE IMPOSTOS;312.851,97
PREFEITURA MUNICIPAL DE BARBACENA;23.001;AGM;2.131;MANUTENÇAO DA AGM;11;APOIO A ADMINISTRAÇAO PUBLICA;3;Essencial à Justiça;122;Administração Geral;540;3.3.90.14.00.00.00.00;DIÁRIAS - PESSOAL CIVIL;1.500.000.0000;RECURSOS NÃO VINCULADOS DE IMPOSTOS;900,00
PREFEITURA MUNICIPAL DE BARBACENA;23.001;AGM;2.131;MANUTENÇAO DA AGM;11;APOIO A ADMINISTRAÇAO PUBLICA;3;Essencial à Justiça;122;Administração Geral;541;3.3.90.30.00.00.00.00;MATERIAL DE CONSUMO;1.500.000.0000;RECURSOS NÃO VINCULADOS DE IMPOSTOS;0,00
PREFEITURA MUNICIPAL DE BARBACENA;23.001;AGM;2.131;MANUTENÇAO DA AGM;11;APOIO A ADMINISTRAÇAO PUBLICA;3;Essencial à Justiça;122;Administração Geral;542;3.3.90.33.00.00.00.00;PASSAGENS E DESPESAS COM LOCOMOÇÃO;1.500.000.0000;RECURSOS NÃO VINCULADOS DE IMPOSTOS;0,00
PREFEITURA MUNICIPAL DE BARBACENA;23.001;AGM;2.131;MANUTENÇAO DA AGM;11;APOIO A ADMINISTRAÇAO PUBLICA;3;Essencial à Justiça;122;Administração Geral;543;3.3.90.36.00.00.00.00;OUTROS SERVIÇOS DE TERCEIROS - PESSOA FÍSICA;1.500.000.0000;RECURSOS NÃO VINCULADOS DE IMPOSTOS;137.407,78
PREFEITURA MUNICIPAL DE BARBACENA;23.001;AGM;2.131;MANUTENÇAO DA AGM;11;APOIO A ADMINISTRAÇAO PUBLICA;3;Essencial à Justiça;122;Administração Geral;543;3.3.90.36.00.00.00.00;OUTROS SERVIÇOS DE TERCEIROS - PESSOA FÍSICA;1.501.000.0000;OUTROS RECURSOS NÃO VINCULADOS;122.499,77
PREFEITURA MUNICIPAL DE BARBACENA;23.001;AGM;2.131;MANUTENÇAO DA AGM;11;APOIO A ADMINISTRAÇAO PUBLICA;3;Essencial à Justiça;122;Administração Geral;544;3.3.90.39.00.00.00.00;OUTROS SERVIÇOS DE TERCEIROS - PESSOA JURÍDICA;1.500.000.0000;RECURSOS NÃO VINCULADOS DE IMPOSTOS;151.161,87
PREFEITURA MUNICIPAL DE BARBACENA;23.001;AGM;2.131;MANUTENÇAO DA AGM;11;APOIO A ADMINISTRAÇAO PUBLICA;3;Essencial à Justiça;122;Administração Geral;545;3.3.90.40.00.00.00.00;SERVIÇOS DE TECNOLOGIA DA INFORMAÇÃO E COMUNICAÇ;1.500.000.0000;RECURSOS NÃO VINCULADOS DE IMPOSTOS;0,00
PREFEITURA MUNICIPAL DE BARBACENA;23.001;AGM;2.131;MANUTENÇAO DA AGM;11;APOIO A ADMINISTRAÇAO PUBLICA;3;Essencial à Justiça;122;Administração Geral;546;3.3.90.91.00.00.00.00;SENTENÇAS JUDICIAIS;1.500.000.0000;RECURSOS NÃO VINCULADOS DE IMPOSTOS;88.769,41
PREFEITURA MUNICIPAL DE BARBACENA;23.001;AGM;2.131;MANUTENÇAO DA AGM;11;APOIO A ADMINISTRAÇAO PUBLICA;3;Essencial à Justiça;122;Administração Geral;547;3.3.90.92.00.00.00.00;DESPESAS DE EXERCÍCIOS ANTERIORES;1.500.000.0000;RECURSOS NÃO VINCULADOS DE IMPOSTOS;0,00
PREFEITURA MUNICIPAL DE BARBACENA;23.001;AGM;2.131;MANUTENÇAO DA AGM;11;APOIO A ADMINISTRAÇAO PUBLICA;3;Essencial à Justiça;122;Administração Geral;548;3.3.90.93.00.00.00.00;INDENIZAÇÕES E RESTITUIÇÕES;1.500.000.0000;RECURSOS NÃO VINCULADOS DE IMPOSTOS;0,00
PREFEITURA MUNICIPAL DE BARBACENA;23.001;AGM;2.131;MANUTENÇAO DA AGM;11;APOIO A ADMINISTRAÇAO PUBLICA;3;Essencial à Justiça;122;Administração Geral;549;4.4.90.52.00.00.00.00;EQUIPAMENTOS E MATERIAL PERMANENTE;1.500.000.0000;RECURSOS NÃO VINCULADOS DE IMPOSTOS;0,00
PREFEITURA MUNICIPAL DE BARBACENA;23.002;FUNDO MUN. PROTEÇÃO E DEFESA DO CONSUMIDOR - FMDC;2.191;MANUTENÇÃO DO PROCON;11;APOIO A ADMINISTRAÇAO PUBLICA;3;Essencial à Justiça;91;Defesa da Ordem Jurídica;550;3.1.90.04.00.00.00.00;CONTRATAÇÃO POR TEMPO DETERMINADO;1.500.000.0000;RECURSOS NÃO VINCULADOS DE IMPOSTOS;0,00
PREFEITURA MUNICIPAL DE BARBACENA;23.002;FUNDO MUN. PROTEÇÃO E DEFESA DO CONSUMIDOR - FMDC;2.191;MANUTENÇÃO DO PROCON;11;APOIO A ADMINISTRAÇAO PUBLICA;3;Essencial à Justiça;91;Defesa da Ordem Jurídica;551;3.1.90.11.00.00.00.00;VENCIMENTOS E VANTAGENS FIXAS - PESSOAL CIVIL;1.500.000.0000;RECURSOS NÃO VINCULADOS DE IMPOSTOS;0,00
PREFEITURA MUNICIPAL DE BARBACENA;23.002;FUNDO MUN. PROTEÇÃO E DEFESA DO CONSUMIDOR - FMDC;2.191;MANUTENÇÃO DO PROCON;11;APOIO A ADMINISTRAÇAO PUBLICA;3;Essencial à Justiça;91;Defesa da Ordem Jurídica;552;3.1.90.13.00.00.00.00;OBRIGAÇÕES PATRONAIS;1.500.000.0000;RECURSOS NÃO VINCULADOS DE IMPOSTOS;0,00
PREFEITURA MUNICIPAL DE BARBACENA;23.002;FUNDO MUN. PROTEÇÃO E DEFESA DO CONSUMIDOR - FMDC;2.191;MANUTENÇÃO DO PROCON;11;APOIO A ADMINISTRAÇAO PUBLICA;3;Essencial à Justiça;91;Defesa da Ordem Jurídica;553;3.1.91.13.00.00.00.00;OBRIGAÇÕES PATRONAIS;1.500.000.0000;RECURSOS NÃO VINCULADOS DE IMPOSTOS;0,00
PREFEITURA MUNICIPAL DE BARBACENA;23.002;FUNDO MUN. PROTEÇÃO E DEFESA DO CONSUMIDOR - FMDC;2.191;MANUTENÇÃO DO PROCON;11;APOIO A ADMINISTRAÇAO PUBLICA;3;Essencial à Justiça;91;Defesa da Ordem Jurídica;554;3.3.90.18.00.00.00.00;AUXÍLIO FINANCEIRO A ESTUDANTES;1.500.000.0000;RECURSOS NÃO VINCULADOS DE IMPOSTOS;0,00
PREFEITURA MUNICIPAL DE BARBACENA;23.002;FUNDO MUN. PROTEÇÃO E DEFESA DO CONSUMIDOR - FMDC;2.191;MANUTENÇÃO DO PROCON;11;APOIO A ADMINISTRAÇAO PUBLICA;3;Essencial à Justiça;91;Defesa da Ordem Jurídica;555;3.3.90.30.00.00.00.00;MATERIAL DE CONSUMO;1.500.000.0000;RECURSOS NÃO VINCULADOS DE IMPOSTOS;0,00
PREFEITURA MUNICIPAL DE BARBACENA;23.002;FUNDO MUN. PROTEÇÃO E DEFESA DO CONSUMIDOR - FMDC;2.191;MANUTENÇÃO DO PROCON;11;APOIO A ADMINISTRAÇAO PUBLICA;3;Essencial à Justiça;91;Defesa da Ordem Jurídica;556;3.3.90.36.00.00.00.00;OUTROS SERVIÇOS DE TERCEIROS - PESSOA FÍSICA;1.500.000.0000;RECURSOS NÃO VINCULADOS DE IMPOSTOS;0,00
PREFEITURA MUNICIPAL DE BARBACENA;23.002;FUNDO MUN. PROTEÇÃO E DEFESA DO CONSUMIDOR - FMDC;2.191;MANUTENÇÃO DO PROCON;11;APOIO A ADMINISTRAÇAO PUBLICA;3;Essencial à Justiça;91;Defesa da Ordem Jurídica;557;3.3.90.39.00.00.00.00;OUTROS SERVIÇOS DE TERCEIROS - PESSOA JURÍDICA;1.500.000.0000;RECURSOS NÃO VINCULADOS DE IMPOSTOS;0,00
PREFEITURA MUNICIPAL DE BARBACENA;23.002;FUNDO MUN. PROTEÇÃO E DEFESA DO CONSUMIDOR - FMDC;2.191;MANUTENÇÃO DO PROCON;11;APOIO A ADMINISTRAÇAO PUBLICA;3;Essencial à Justiça;91;Defesa da Ordem Jurídica;558;4.4.90.52.00.00.00.00;EQUIPAMENTOS E MATERIAL PERMANENTE;1.500.000.0000;RECURSOS NÃO VINCULADOS DE IMPOSTOS;0,00
PREFEITURA MUNICIPAL DE BARBACENA;24.001;SETRAM;2.672;MANUTENÇÃO DO TERMINAL RODOVIÁRIO DE BARBACENA;11;APOIO A ADMINISTRAÇAO PUBLICA;4;Administração;122;Administração Geral;559;3.1.90.04.00.00.00.00;CONTRATAÇÃO POR TEMPO DETERMINADO;1.500.000.0000;RECURSOS NÃO VINCULADOS DE IMPOSTOS;190.708,24
PREFEITURA MUNICIPAL DE BARBACENA;24.001;SETRAM;2.672;MANUTENÇÃO DO TERMINAL RODOVIÁRIO DE BARBACENA;11;APOIO A ADMINISTRAÇAO PUBLICA;4;Administração;122;Administração Geral;560;3.1.90.11.00.00.00.00;VENCIMENTOS E VANTAGENS FIXAS - PESSOAL CIVIL;1.500.000.0000;RECURSOS NÃO VINCULADOS DE IMPOSTOS;0,00
PREFEITURA MUNICIPAL DE BARBACENA;24.001;SETRAM;2.672;MANUTENÇÃO DO TERMINAL RODOVIÁRIO DE BARBACENA;11;APOIO A ADMINISTRAÇAO PUBLICA;4;Administração;122;Administração Geral;561;3.1.90.13.00.00.00.00;OBRIGAÇÕES PATRONAIS;1.500.000.0000;RECURSOS NÃO VINCULADOS DE IMPOSTOS;0,00
PREFEITURA MUNICIPAL DE BARBACENA;24.001;SETRAM;2.672;MANUTENÇÃO DO TERMINAL RODOVIÁRIO DE BARBACENA;11;APOIO A ADMINISTRAÇAO PUBLICA;4;Administração;122;Administração Geral;562;3.1.91.13.00.00.00.00;OBRIGAÇÕES PATRONAIS;1.500.000.0000;RECURSOS NÃO VINCULADOS DE IMPOSTOS;0,00
PREFEITURA MUNICIPAL DE BARBACENA;24.001;SETRAM;2.672;MANUTENÇÃO DO TERMINAL RODOVIÁRIO DE BARBACENA;11;APOIO A ADMINISTRAÇAO PUBLICA;4;Administração;122;Administração Geral;563;3.3.90.14.00.00.00.00;DIÁRIAS - PESSOAL CIVIL;1.500.000.0000;RECURSOS NÃO VINCULADOS DE IMPOSTOS;400,00
PREFEITURA MUNICIPAL DE BARBACENA;24.001;SETRAM;2.672;MANUTENÇÃO DO TERMINAL RODOVIÁRIO DE BARBACENA;11;APOIO A ADMINISTRAÇAO PUBLICA;4;Administração;122;Administração Geral;564;3.3.90.18.00.00.00.00;AUXÍLIO FINANCEIRO A ESTUDANTES;1.500.000.0000;RECURSOS NÃO VINCULADOS DE IMPOSTOS;0,00
PREFEITURA MUNICIPAL DE BARBACENA;24.001;SETRAM;2.672;MANUTENÇÃO DO TERMINAL RODOVIÁRIO DE BARBACENA;11;APOIO A ADMINISTRAÇAO PUBLICA;4;Administração;122;Administração Geral;565;3.3.90.30.00.00.00.00;MATERIAL DE CONSUMO;1.500.000.0000;RECURSOS NÃO VINCULADOS DE IMPOSTOS;23.426,95
PREFEITURA MUNICIPAL DE BARBACENA;24.001;SETRAM;2.672;MANUTENÇÃO DO TERMINAL RODOVIÁRIO DE BARBACENA;11;APOIO A ADMINISTRAÇAO PUBLICA;4;Administração;122;Administração Geral;566;3.3.90.36.00.00.00.00;OUTROS SERVIÇOS DE TERCEIROS - PESSOA FÍSICA;1.500.000.0000;RECURSOS NÃO VINCULADOS DE IMPOSTOS;83,40
PREFEITURA MUNICIPAL DE BARBACENA;24.001;SETRAM;2.672;MANUTENÇÃO DO TERMINAL RODOVIÁRIO DE BARBACENA;11;APOIO A ADMINISTRAÇAO PUBLICA;4;Administração;122;Administração Geral;567;3.3.90.39.00.00.00.00;OUTROS SERVIÇOS DE TERCEIROS - PESSOA JURÍDICA;1.500.000.0000;RECURSOS NÃO VINCULADOS DE IMPOSTOS;539.628,49
PREFEITURA MUNICIPAL DE BARBACENA;24.001;SETRAM;2.672;MANUTENÇÃO DO TERMINAL RODOVIÁRIO DE BARBACENA;11;APOIO A ADMINISTRAÇAO PUBLICA;4;Administração;122;Administração Geral;567;3.3.90.39.00.00.00.00;OUTROS SERVIÇOS DE TERCEIROS - PESSOA JURÍDICA;1.501.000.0000;OUTROS RECURSOS NÃO VINCULADOS;3.864,00
PREFEITURA MUNICIPAL DE BARBACENA;24.001;SETRAM;2.672;MANUTENÇÃO DO TERMINAL RODOVIÁRIO DE BARBACENA;11;APOIO A ADMINISTRAÇAO PUBLICA;4;Administração;122;Administração Geral;568;3.3.90.40.00.00.00.00;SERVIÇOS DE TECNOLOGIA DA INFORMAÇÃO E COMUNICAÇ;1.500.000.0000;RECURSOS NÃO VINCULADOS DE IMPOSTOS;0,00
PREFEITURA MUNICIPAL DE BARBACENA;24.001;SETRAM;2.672;MANUTENÇÃO DO TERMINAL RODOVIÁRIO DE BARBACENA;11;APOIO A ADMINISTRAÇAO PUBLICA;4;Administração;122;Administração Geral;569;3.3.90.46.00.00.00.00;AUXÍLIO-ALIMENTAÇÃO;1.500.000.0000;RECURSOS NÃO VINCULADOS DE IMPOSTOS;39.705,00
PREFEITURA MUNICIPAL DE BARBACENA;24.001;SETRAM;2.672;MANUTENÇÃO DO TERMINAL RODOVIÁRIO DE BARBACENA;11;APOIO A ADMINISTRAÇAO PUBLICA;4;Administração;122;Administração Geral;570;3.3.90.47.00.00.00.00;OBRIGAÇÕES TRIBUTÁRIAS E CONTRIBUTIVAS;1.500.000.0000;RECURSOS NÃO VINCULADOS DE IMPOSTOS;0,00
PREFEITURA MUNICIPAL DE BARBACENA;24.001;SETRAM;2.672;MANUTENÇÃO DO TERMINAL RODOVIÁRIO DE BARBACENA;11;APOIO A ADMINISTRAÇAO PUBLICA;4;Administração;122;Administração Geral;571;3.3.90.92.00.00.00.00;DESPESAS DE EXERCÍCIOS ANTERIORES;1.500.000.0000;RECURSOS NÃO VINCULADOS DE IMPOSTOS;0,00
PREFEITURA MUNICIPAL DE BARBACENA;24.001;SETRAM;2.672;MANUTENÇÃO DO TERMINAL RODOVIÁRIO DE BARBACENA;11;APOIO A ADMINISTRAÇAO PUBLICA;4;Administração;122;Administração Geral;572;4.4.90.52.00.00.00.00;EQUIPAMENTOS E MATERIAL PERMANENTE;1.500.000.0000;RECURSOS NÃO VINCULADOS DE IMPOSTOS;0,00
PREFEITURA MUNICIPAL DE BARBACENA;24.001;SETRAM;2.672;MANUTENÇÃO DO TERMINAL RODOVIÁRIO DE BARBACENA;11;APOIO A ADMINISTRAÇAO PUBLICA;4;Administração;122;Administração Geral;572;4.4.90.52.00.00.00.00;EQUIPAMENTOS E MATERIAL PERMANENTE;1.501.000.0000;OUTROS RECURSOS NÃO VINCULADOS;22.136,00
PREFEITURA MUNICIPAL DE BARBACENA;24.001;SETRAM;2.154;PLANEJAMENTO, ESTUDOS E PESQUISAS PARA A MELHORIA DO TRANSITO MUNICIPAL;27;MOBILIDADE URBANA;4;Administração;451;Infra-Estrutura Urbana;573;3.3.90.35.00.00.00.00;SERVIÇOS DE CONSULTORIA;1.500.000.0000;RECURSOS NÃO VINCULADOS DE IMPOSTOS;0,00
PREFEITURA MUNICIPAL DE BARBACENA;24.001;SETRAM;2.154;PLANEJAMENTO, ESTUDOS E PESQUISAS PARA A MELHORIA DO TRANSITO MUNICIPAL;27;MOBILIDADE URBANA;4;Administração;451;Infra-Estrutura Urbana;574;3.3.90.39.00.00.00.00;OUTROS SERVIÇOS DE TERCEIROS - PESSOA JURÍDICA;1.501.000.0000;OUTROS RECURSOS NÃO VINCULADOS;0,00
PREFEITURA MUNICIPAL DE BARBACENA;24.001;SETRAM;2.156;GESTAO OPERACIONAL DO TRANSITO MUNICIPAL;27;MOBILIDADE URBANA;4;Administração;451;Infra-Estrutura Urbana;575;3.3.90.14.00.00.00.00;DIÁRIAS - PESSOAL CIVIL;1.500.000.0000;RECURSOS NÃO VINCULADOS DE IMPOSTOS;0,00
PREFEITURA MUNICIPAL DE BARBACENA;24.001;SETRAM;2.156;GESTAO OPERACIONAL DO TRANSITO MUNICIPAL;27;MOBILIDADE URBANA;4;Administração;451;Infra-Estrutura Urbana;576;3.3.90.30.00.00.00.00;MATERIAL DE CONSUMO;1.500.000.0000;RECURSOS NÃO VINCULADOS DE IMPOSTOS;8.500,00
PREFEITURA MUNICIPAL DE BARBACENA;24.001;SETRAM;2.156;GESTAO OPERACIONAL DO TRANSITO MUNICIPAL;27;MOBILIDADE URBANA;4;Administração;451;Infra-Estrutura Urbana;577;3.3.90.39.00.00.00.00;OUTROS SERVIÇOS DE TERCEIROS - PESSOA JURÍDICA;1.500.000.0000;RECURSOS NÃO VINCULADOS DE IMPOSTOS;2.469,50
PREFEITURA MUNICIPAL DE BARBACENA;24.001;SETRAM;2.156;GESTAO OPERACIONAL DO TRANSITO MUNICIPAL;27;MOBILIDADE URBANA;4;Administração;451;Infra-Estrutura Urbana;577;3.3.90.39.00.00.00.00;OUTROS SERVIÇOS DE TERCEIROS - PESSOA JURÍDICA;1.501.000.0000;OUTROS RECURSOS NÃO VINCULADOS;68,40
PREFEITURA MUNICIPAL DE BARBACENA;24.001;SETRAM;2.156;GESTAO OPERACIONAL DO TRANSITO MUNICIPAL;27;MOBILIDADE URBANA;4;Administração;451;Infra-Estrutura Urbana;578;3.3.90.40.00.00.00.00;SERVIÇOS DE TECNOLOGIA DA INFORMAÇÃO E COMUNICAÇ;1.500.000.0000;RECURSOS NÃO VINCULADOS DE IMPOSTOS;0,00
PREFEITURA MUNICIPAL DE BARBACENA;24.001;SETRAM;2.156;GESTAO OPERACIONAL DO TRANSITO MUNICIPAL;27;MOBILIDADE URBANA;4;Administração;451;Infra-Estrutura Urbana;579;3.3.90.47.00.00.00.00;OBRIGAÇÕES TRIBUTÁRIAS E CONTRIBUTIVAS;1.500.000.0000;RECURSOS NÃO VINCULADOS DE IMPOSTOS;34,17
PREFEITURA MUNICIPAL DE BARBACENA;24.001;SETRAM;2.156;GESTAO OPERACIONAL DO TRANSITO MUNICIPAL;27;MOBILIDADE URBANA;4;Administração;451;Infra-Estrutura Urbana;580;3.3.90.92.00.00.00.00;DESPESAS DE EXERCÍCIOS ANTERIORES;1.500.000.0000;RECURSOS NÃO VINCULADOS DE IMPOSTOS;0,00
PREFEITURA MUNICIPAL DE BARBACENA;24.001;SETRAM;2.156;GESTAO OPERACIONAL DO TRANSITO MUNICIPAL;27;MOBILIDADE URBANA;4;Administração;451;Infra-Estrutura Urbana;581;3.3.90.93.00.00.00.00;INDENIZAÇÕES E RESTITUIÇÕES;1.500.000.0000;RECURSOS NÃO VINCULADOS DE IMPOSTOS;78,10
PREFEITURA MUNICIPAL DE BARBACENA;24.001;SETRAM;2.156;GESTAO OPERACIONAL DO TRANSITO MUNICIPAL;27;MOBILIDADE URBANA;4;Administração;451;Infra-Estrutura Urbana;582;4.4.90.52.00.00.00.00;EQUIPAMENTOS E MATERIAL PERMANENTE;1.500.000.0000;RECURSOS NÃO VINCULADOS DE IMPOSTOS;0,00
PREFEITURA MUNICIPAL DE BARBACENA;24.001;SETRAM;2.155;TRANSPORTE PUBLICO MUNICIPAL;27;MOBILIDADE URBANA;4;Administração;453;Transportes Coletivos Urbanos;583;3.3.90.39.00.00.00.00;OUTROS SERVIÇOS DE TERCEIROS - PESSOA JURÍDICA;1.500.000.0000;RECURSOS NÃO VINCULADOS DE IMPOSTOS;0,00
PREFEITURA MUNICIPAL DE BARBACENA;24.001;SETRAM;2.078;ELABORAÇAO DE PROJETOS DE ENGENHARIA DE MOBILIDADE URBANA;27;MOBILIDADE URBANA;15;Urbanismo;451;Infra-Estrutura Urbana;584;4.4.90.51.00.00.00.00;OBRAS E INSTALAÇÕES;1.500.000.0000;RECURSOS NÃO VINCULADOS DE IMPOSTOS;0,00
PREFEITURA MUNICIPAL DE BARBACENA;24.001;SETRAM;2.193;MANUTENÇÃO DA SETRAM;27;MOBILIDADE URBANA;15;Urbanismo;451;Infra-Estrutura Urbana;585;3.3.90.14.00.00.00.00;DIÁRIAS - PESSOAL CIVIL;1.500.000.0000;RECURSOS NÃO VINCULADOS DE IMPOSTOS;6.816,37
PREFEITURA MUNICIPAL DE BARBACENA;24.001;SETRAM;2.193;MANUTENÇÃO DA SETRAM;27;MOBILIDADE URBANA;15;Urbanismo;451;Infra-Estrutura Urbana;586;3.3.90.30.00.00.00.00;MATERIAL DE CONSUMO;1.500.000.0000;RECURSOS NÃO VINCULADOS DE IMPOSTOS;13.892,45
PREFEITURA MUNICIPAL DE BARBACENA;24.001;SETRAM;2.193;MANUTENÇÃO DA SETRAM;27;MOBILIDADE URBANA;15;Urbanismo;451;Infra-Estrutura Urbana;587;3.3.90.39.00.00.00.00;OUTROS SERVIÇOS DE TERCEIROS - PESSOA JURÍDICA;1.500.000.0000;RECURSOS NÃO VINCULADOS DE IMPOSTOS;23.914,22
PREFEITURA MUNICIPAL DE BARBACENA;24.001;SETRAM;2.193;MANUTENÇÃO DA SETRAM;27;MOBILIDADE URBANA;15;Urbanismo;451;Infra-Estrutura Urbana;588;4.4.90.52.00.00.00.00;EQUIPAMENTOS E MATERIAL PERMANENTE;1.500.000.0000;RECURSOS NÃO VINCULADOS DE IMPOSTOS;54.768,50
PREFEITURA MUNICIPAL DE BARBACENA;24.001;SETRAM;2.193;MANUTENÇÃO DA SETRAM;27;MOBILIDADE URBANA;15;Urbanismo;451;Infra-Estrutura Urbana;588;4.4.90.52.00.00.00.00;EQUIPAMENTOS E MATERIAL PERMANENTE;1.501.000.0000;OUTROS RECURSOS NÃO VINCULADOS;21.931,60
PREFEITURA MUNICIPAL DE BARBACENA;24.001;SETRAM;2.193;MANUTENÇÃO DA SETRAM;27;MOBILIDADE URBANA;15;Urbanismo;451;Infra-Estrutura Urbana;932;3.3.90.33.00.00.00.00;PASSAGENS E DESPESAS COM LOCOMOÇÃO;1.500.000.0000;RECURSOS NÃO VINCULADOS DE IMPOSTOS;100,00
PREFEITURA MUNICIPAL DE BARBACENA;24.001;SETRAM;2.193;MANUTENÇÃO DA SETRAM;27;MOBILIDADE URBANA;15;Urbanismo;451;Infra-Estrutura Urbana;966;3.1.90.94.00.00.00.00;INDENIZAÇÕES E RESTITUIÇÕES TRABALHISTAS;1.500.000.0000;RECURSOS NÃO VINCULADOS DE IMPOSTOS;146,28
PREFEITURA MUNICIPAL DE BARBACENA;24.001;SETRAM;2.196;PESSOAL E ENCARGOS SOCIAIS DA SETRAM;27;MOBILIDADE URBANA;15;Urbanismo;451;Infra-Estrutura Urbana;589;3.1.90.04.00.00.00.00;CONTRATAÇÃO POR TEMPO DETERMINADO;1.500.000.0000;RECURSOS NÃO VINCULADOS DE IMPOSTOS;580.977,01
PREFEITURA MUNICIPAL DE BARBACENA;24.001;SETRAM;2.196;PESSOAL E ENCARGOS SOCIAIS DA SETRAM;27;MOBILIDADE URBANA;15;Urbanismo;451;Infra-Estrutura Urbana;590;3.1.90.11.00.00.00.00;VENCIMENTOS E VANTAGENS FIXAS - PESSOAL CIVIL;1.500.000.0000;RECURSOS NÃO VINCULADOS DE IMPOSTOS;2.097.596,20
PREFEITURA MUNICIPAL DE BARBACENA;24.001;SETRAM;2.196;PESSOAL E ENCARGOS SOCIAIS DA SETRAM;27;MOBILIDADE URBANA;15;Urbanismo;451;Infra-Estrutura Urbana;591;3.1.90.13.00.00.00.00;OBRIGAÇÕES PATRONAIS;1.500.000.0000;RECURSOS NÃO VINCULADOS DE IMPOSTOS;154.468,89
PREFEITURA MUNICIPAL DE BARBACENA;24.001;SETRAM;2.196;PESSOAL E ENCARGOS SOCIAIS DA SETRAM;27;MOBILIDADE URBANA;15;Urbanismo;451;Infra-Estrutura Urbana;592;3.1.90.16.00.00.00.00;OUTRAS DESPESAS VARIÁVEIS - PESSOAL CIVIL;1.500.000.0000;RECURSOS NÃO VINCULADOS DE IMPOSTOS;0,00
PREFEITURA MUNICIPAL DE BARBACENA;24.001;SETRAM;2.196;PESSOAL E ENCARGOS SOCIAIS DA SETRAM;27;MOBILIDADE URBANA;15;Urbanismo;451;Infra-Estrutura Urbana;593;3.1.91.13.00.00.00.00;OBRIGAÇÕES PATRONAIS;1.500.000.0000;RECURSOS NÃO VINCULADOS DE IMPOSTOS;359.554,16
PREFEITURA MUNICIPAL DE BARBACENA;24.001;SETRAM;2.196;PESSOAL E ENCARGOS SOCIAIS DA SETRAM;27;MOBILIDADE URBANA;15;Urbanismo;451;Infra-Estrutura Urbana;594;3.3.90.08.00.00.00.00;OUTROS BENEFÍCIOS ASSISTENCIAIS-SERVIDOR/MILITAR;1.500.000.0000;RECURSOS NÃO VINCULADOS DE IMPOSTOS;0,00
PREFEITURA MUNICIPAL DE BARBACENA;24.001;SETRAM;2.196;PESSOAL E ENCARGOS SOCIAIS DA SETRAM;27;MOBILIDADE URBANA;15;Urbanismo;451;Infra-Estrutura Urbana;595;3.3.90.18.00.00.00.00;AUXÍLIO FINANCEIRO A ESTUDANTES;1.500.000.0000;RECURSOS NÃO VINCULADOS DE IMPOSTOS;0,00
PREFEITURA MUNICIPAL DE BARBACENA;24.001;SETRAM;2.196;PESSOAL E ENCARGOS SOCIAIS DA SETRAM;27;MOBILIDADE URBANA;15;Urbanismo;451;Infra-Estrutura Urbana;596;3.3.90.19.00.00.00.00;AUXÍLIO-FARDAMENTO;1.500.000.0000;RECURSOS NÃO VINCULADOS DE IMPOSTOS;0,00
PREFEITURA MUNICIPAL DE BARBACENA;24.001;SETRAM;2.196;PESSOAL E ENCARGOS SOCIAIS DA SETRAM;27;MOBILIDADE URBANA;15;Urbanismo;451;Infra-Estrutura Urbana;597;3.3.90.46.00.00.00.00;AUXÍLIO-ALIMENTAÇÃO;1.500.000.0000;RECURSOS NÃO VINCULADOS DE IMPOSTOS;290.615,00
PREFEITURA MUNICIPAL DE BARBACENA;24.002;FUNDO MUNICIPAL DE TRANSPORTES E TRÂNSITO - FMTT;2.156;GESTAO OPERACIONAL DO TRANSITO MUNICIPAL;27;MOBILIDADE URBANA;4;Administração;451;Infra-Estrutura Urbana;598;3.3.90.30.00.00.00.00;MATERIAL DE CONSUMO;1.752.000.0000;RECURSOS VINCULADOS AO TRÂNSITO;220.229,47
PREFEITURA MUNICIPAL DE BARBACENA;24.002;FUNDO MUNICIPAL DE TRANSPORTES E TRÂNSITO - FMTT;2.156;GESTAO OPERACIONAL DO TRANSITO MUNICIPAL;27;MOBILIDADE URBANA;4;Administração;451;Infra-Estrutura Urbana;598;3.3.90.30.00.00.00.00;MATERIAL DE CONSUMO;2.752.000.0000;RECURSOS VINCULADOS AO TRÂNSITO;41.048,83
PREFEITURA MUNICIPAL DE BARBACENA;24.002;FUNDO MUNICIPAL DE TRANSPORTES E TRÂNSITO - FMTT;2.156;GESTAO OPERACIONAL DO TRANSITO MUNICIPAL;27;MOBILIDADE URBANA;4;Administração;451;Infra-Estrutura Urbana;599;3.3.90.39.00.00.00.00;OUTROS SERVIÇOS DE TERCEIROS - PESSOA JURÍDICA;1.752.000.0000;RECURSOS VINCULADOS AO TRÂNSITO;925.994,28
PREFEITURA MUNICIPAL DE BARBACENA;24.002;FUNDO MUNICIPAL DE TRANSPORTES E TRÂNSITO - FMTT;2.156;GESTAO OPERACIONAL DO TRANSITO MUNICIPAL;27;MOBILIDADE URBANA;4;Administração;451;Infra-Estrutura Urbana;599;3.3.90.39.00.00.00.00;OUTROS SERVIÇOS DE TERCEIROS - PESSOA JURÍDICA;2.752.000.0000;RECURSOS VINCULADOS AO TRÂNSITO;1.092.647,19
PREFEITURA MUNICIPAL DE BARBACENA;24.002;FUNDO MUNICIPAL DE TRANSPORTES E TRÂNSITO - FMTT;2.156;GESTAO OPERACIONAL DO TRANSITO MUNICIPAL;27;MOBILIDADE URBANA;4;Administração;451;Infra-Estrutura Urbana;600;3.3.90.40.00.00.00.00;SERVIÇOS DE TECNOLOGIA DA INFORMAÇÃO E COMUNICAÇ;1.752.000.0000;RECURSOS VINCULADOS AO TRÂNSITO;0,00
PREFEITURA MUNICIPAL DE BARBACENA;24.002;FUNDO MUNICIPAL DE TRANSPORTES E TRÂNSITO - FMTT;2.156;GESTAO OPERACIONAL DO TRANSITO MUNICIPAL;27;MOBILIDADE URBANA;4;Administração;451;Infra-Estrutura Urbana;601;3.3.90.92.00.00.00.00;DESPESAS DE EXERCÍCIOS ANTERIORES;1.752.000.0000;RECURSOS VINCULADOS AO TRÂNSITO;0,00
PREFEITURA MUNICIPAL DE BARBACENA;24.002;FUNDO MUNICIPAL DE TRANSPORTES E TRÂNSITO - FMTT;2.156;GESTAO OPERACIONAL DO TRANSITO MUNICIPAL;27;MOBILIDADE URBANA;4;Administração;451;Infra-Estrutura Urbana;602;3.3.90.93.00.00.00.00;INDENIZAÇÕES E RESTITUIÇÕES;1.752.000.0000;RECURSOS VINCULADOS AO TRÂNSITO;0,00
PREFEITURA MUNICIPAL DE BARBACENA;24.002;FUNDO MUNICIPAL DE TRANSPORTES E TRÂNSITO - FMTT;2.156;GESTAO OPERACIONAL DO TRANSITO MUNICIPAL;27;MOBILIDADE URBANA;4;Administração;451;Infra-Estrutura Urbana;603;4.4.90.52.00.00.00.00;EQUIPAMENTOS E MATERIAL PERMANENTE;1.752.000.0000;RECURSOS VINCULADOS AO TRÂNSITO;15.556,90
PREFEITURA MUNICIPAL DE BARBACENA;24.002;FUNDO MUNICIPAL DE TRANSPORTES E TRÂNSITO - FMTT;2.156;GESTAO OPERACIONAL DO TRANSITO MUNICIPAL;27;MOBILIDADE URBANA;4;Administração;451;Infra-Estrutura Urbana;603;4.4.90.52.00.00.00.00;EQUIPAMENTOS E MATERIAL PERMANENTE;2.752.000.0000;RECURSOS VINCULADOS AO TRÂNSITO;3.231,01
PREFEITURA MUNICIPAL DE BARBACENA;24.002;FUNDO MUNICIPAL DE TRANSPORTES E TRÂNSITO - FMTT;2.673;MANUTENÇÃO DAS ATIVIDADES DE MELHORIA E SEGURANÇA DO TRÂNSITO;27;MOBILIDADE URBANA;15;Urbanismo;451;Infra-Estrutura Urbana;604;3.3.90.30.00.00.00.00;MATERIAL DE CONSUMO;1.752.000.0000;RECURSOS VINCULADOS AO TRÂNSITO;0,00
PREFEITURA MUNICIPAL DE BARBACENA;24.002;FUNDO MUNICIPAL DE TRANSPORTES E TRÂNSITO - FMTT;2.673;MANUTENÇÃO DAS ATIVIDADES DE MELHORIA E SEGURANÇA DO TRÂNSITO;27;MOBILIDADE URBANA;15;Urbanismo;451;Infra-Estrutura Urbana;605;3.3.90.39.00.00.00.00;OUTROS SERVIÇOS DE TERCEIROS - PESSOA JURÍDICA;1.752.000.0000;RECURSOS VINCULADOS AO TRÂNSITO;0,00
PREFEITURA MUNICIPAL DE BARBACENA;24.002;FUNDO MUNICIPAL DE TRANSPORTES E TRÂNSITO - FMTT;2.673;MANUTENÇÃO DAS ATIVIDADES DE MELHORIA E SEGURANÇA DO TRÂNSITO;27;MOBILIDADE URBANA;15;Urbanismo;451;Infra-Estrutura Urbana;606;4.4.90.51.00.00.00.00;OBRAS E INSTALAÇÕES;1.752.000.0000;RECURSOS VINCULADOS AO TRÂNSITO;0,00
PREFEITURA MUNICIPAL DE BARBACENA;24.002;FUNDO MUNICIPAL DE TRANSPORTES E TRÂNSITO - FMTT;2.673;MANUTENÇÃO DAS ATIVIDADES DE MELHORIA E SEGURANÇA DO TRÂNSITO;27;MOBILIDADE URBANA;15;Urbanismo;451;Infra-Estrutura Urbana;607;4.4.90.52.00.00.00.00;EQUIPAMENTOS E MATERIAL PERMANENTE;1.752.000.0000;RECURSOS VINCULADOS AO TRÂNSITO;0,00
PREFEITURA MUNICIPAL DE BARBACENA;24.002;FUNDO MUNICIPAL DE TRANSPORTES E TRÂNSITO - FMTT;2.673;MANUTENÇÃO DAS ATIVIDADES DE MELHORIA E SEGURANÇA DO TRÂNSITO;27;MOBILIDADE URBANA;15;Urbanismo;451;Infra-Estrutura Urbana;962;3.3.90.31.00.00.00.00;PREMIAÇÕES CULTURAIS, ARTÍSTICAS, CIENT., DESPORT;1.752.000.0000;RECURSOS VINCULADOS AO TRÂNSITO;0,01
PREFEITURA MUNICIPAL DE BARBACENA;24.002;FUNDO MUNICIPAL DE TRANSPORTES E TRÂNSITO - FMTT;2.673;MANUTENÇÃO DAS ATIVIDADES DE MELHORIA E SEGURANÇA DO TRÂNSITO;27;MOBILIDADE URBANA;15;Urbanismo;451;Infra-Estrutura Urbana;962;3.3.90.31.00.00.00.00;PREMIAÇÕES CULTURAIS, ARTÍSTICAS, CIENT., DESPORT;2.752.000.0000;RECURSOS VINCULADOS AO TRÂNSITO;1.900,01
PREFEITURA MUNICIPAL DE BARBACENA;25.001;SEMAS;1.430;REFORMA ESTRUTURAL PREDIO SECRETARIA MUNICIPAL DE ASSISTÊNCIA SOCIAL;11;APOIO A ADMINISTRAÇAO PUBLICA;8;Assistência Social;122;Administração Geral;608;3.3.90.30.00.00.00.00;MATERIAL DE CONSUMO;1.500.000.0000;RECURSOS NÃO VINCULADOS DE IMPOSTOS;0,00
PREFEITURA MUNICIPAL DE BARBACENA;25.001;SEMAS;1.430;REFORMA ESTRUTURAL PREDIO SECRETARIA MUNICIPAL DE ASSISTÊNCIA SOCIAL;11;APOIO A ADMINISTRAÇAO PUBLICA;8;Assistência Social;122;Administração Geral;609;3.3.90.39.00.00.00.00;OUTROS SERVIÇOS DE TERCEIROS - PESSOA JURÍDICA;1.500.000.0000;RECURSOS NÃO VINCULADOS DE IMPOSTOS;0,00
PREFEITURA MUNICIPAL DE BARBACENA;25.001;SEMAS;1.430;REFORMA ESTRUTURAL PREDIO SECRETARIA MUNICIPAL DE ASSISTÊNCIA SOCIAL;11;APOIO A ADMINISTRAÇAO PUBLICA;8;Assistência Social;122;Administração Geral;610;4.4.90.51.00.00.00.00;OBRAS E INSTALAÇÕES;1.500.000.0000;RECURSOS NÃO VINCULADOS DE IMPOSTOS;190.542,60
PREFEITURA MUNICIPAL DE BARBACENA;25.001;SEMAS;1.430;REFORMA ESTRUTURAL PREDIO SECRETARIA MUNICIPAL DE ASSISTÊNCIA SOCIAL;11;APOIO A ADMINISTRAÇAO PUBLICA;8;Assistência Social;122;Administração Geral;610;4.4.90.51.00.00.00.00;OBRAS E INSTALAÇÕES;1.501.000.0000;OUTROS RECURSOS NÃO VINCULADOS;999,90
PREFEITURA MUNICIPAL DE BARBACENA;25.001;SEMAS;1.430;REFORMA ESTRUTURAL PREDIO SECRETARIA MUNICIPAL DE ASSISTÊNCIA SOCIAL;11;APOIO A ADMINISTRAÇAO PUBLICA;8;Assistência Social;122;Administração Geral;611;4.4.90.52.00.00.00.00;EQUIPAMENTOS E MATERIAL PERMANENTE;1.500.000.0000;RECURSOS NÃO VINCULADOS DE IMPOSTOS;0,00
PREFEITURA MUNICIPAL DE BARBACENA;25.001;SEMAS;1.431;AQUISIÇÃO DE VEÍCULOS PARA SUPORTE A ASSISTÊNCIA SOCIAL;11;APOIO A ADMINISTRAÇAO PUBLICA;8;Assistência Social;122;Administração Geral;612;4.4.90.52.00.00.00.00;EQUIPAMENTOS E MATERIAL PERMANENTE;1.500.000.0000;RECURSOS NÃO VINCULADOS DE IMPOSTOS;176.000,00
PREFEITURA MUNICIPAL DE BARBACENA;25.001;SEMAS;1.431;AQUISIÇÃO DE VEÍCULOS PARA SUPORTE A ASSISTÊNCIA SOCIAL;11;APOIO A ADMINISTRAÇAO PUBLICA;8;Assistência Social;122;Administração Geral;612;4.4.90.52.00.00.00.00;EQUIPAMENTOS E MATERIAL PERMANENTE;1.501.000.0000;OUTROS RECURSOS NÃO VINCULADOS;0,00
PREFEITURA MUNICIPAL DE BARBACENA;25.001;SEMAS;1.431;AQUISIÇÃO DE VEÍCULOS PARA SUPORTE A ASSISTÊNCIA SOCIAL;11;APOIO A ADMINISTRAÇAO PUBLICA;8;Assistência Social;122;Administração Geral;612;4.4.90.52.00.00.00.00;EQUIPAMENTOS E MATERIAL PERMANENTE;1.660.000.0000;TRANSFERÊNCIA DE RECURSOS DO FUNDO NACIONAL DE ASSISTÊNCIA SOCIAL - FNAS;0,00
PREFEITURA MUNICIPAL DE BARBACENA;25.001;SEMAS;2.309;MANUTENÇAO DE AÇÕES DA ASSISTÊNCIA SOCIAL;11;APOIO A ADMINISTRAÇAO PUBLICA;8;Assistência Social;122;Administração Geral;613;3.3.90.14.00.00.00.00;DIÁRIAS - PESSOAL CIVIL;1.500.000.0000;RECURSOS NÃO VINCULADOS DE IMPOSTOS;7.250,00
PREFEITURA MUNICIPAL DE BARBACENA;25.001;SEMAS;2.309;MANUTENÇAO DE AÇÕES DA ASSISTÊNCIA SOCIAL;11;APOIO A ADMINISTRAÇAO PUBLICA;8;Assistência Social;122;Administração Geral;613;3.3.90.14.00.00.00.00;DIÁRIAS - PESSOAL CIVIL;1.501.000.0000;OUTROS RECURSOS NÃO VINCULADOS;2.300,00
PREFEITURA MUNICIPAL DE BARBACENA;25.001;SEMAS;2.309;MANUTENÇAO DE AÇÕES DA ASSISTÊNCIA SOCIAL;11;APOIO A ADMINISTRAÇAO PUBLICA;8;Assistência Social;122;Administração Geral;614;3.3.90.30.00.00.00.00;MATERIAL DE CONSUMO;1.500.000.0000;RECURSOS NÃO VINCULADOS DE IMPOSTOS;105.801,70
PREFEITURA MUNICIPAL DE BARBACENA;25.001;SEMAS;2.309;MANUTENÇAO DE AÇÕES DA ASSISTÊNCIA SOCIAL;11;APOIO A ADMINISTRAÇAO PUBLICA;8;Assistência Social;122;Administração Geral;614;3.3.90.30.00.00.00.00;MATERIAL DE CONSUMO;1.501.000.0000;OUTROS RECURSOS NÃO VINCULADOS;96,00
PREFEITURA MUNICIPAL DE BARBACENA;25.001;SEMAS;2.309;MANUTENÇAO DE AÇÕES DA ASSISTÊNCIA SOCIAL;11;APOIO A ADMINISTRAÇAO PUBLICA;8;Assistência Social;122;Administração Geral;614;3.3.90.30.00.00.00.00;MATERIAL DE CONSUMO;1.660.000.0000;TRANSFERÊNCIA DE RECURSOS DO FUNDO NACIONAL DE ASSISTÊNCIA SOCIAL - FNAS;124,00
PREFEITURA MUNICIPAL DE BARBACENA;25.001;SEMAS;2.309;MANUTENÇAO DE AÇÕES DA ASSISTÊNCIA SOCIAL;11;APOIO A ADMINISTRAÇAO PUBLICA;8;Assistência Social;122;Administração Geral;614;3.3.90.30.00.00.00.00;MATERIAL DE CONSUMO;1.661.000.0000;TRANSFERÊNCIA DE RECURSOS DOS FUNDOS ESTADUAIS DE ASSISTÊNCIA SOCIAL;5.085,00
PREFEITURA MUNICIPAL DE BARBACENA;25.001;SEMAS;2.309;MANUTENÇAO DE AÇÕES DA ASSISTÊNCIA SOCIAL;11;APOIO A ADMINISTRAÇAO PUBLICA;8;Assistência Social;122;Administração Geral;614;3.3.90.30.00.00.00.00;MATERIAL DE CONSUMO;1.753.000.0000;RECURSOS PROVENIENTES DE TAXAS, CONTRIBUIÇÕES E PREÇOS PÚBLICOS;0,01
PREFEITURA MUNICIPAL DE BARBACENA;25.001;SEMAS;2.309;MANUTENÇAO DE AÇÕES DA ASSISTÊNCIA SOCIAL;11;APOIO A ADMINISTRAÇAO PUBLICA;8;Assistência Social;122;Administração Geral;614;3.3.90.30.00.00.00.00;MATERIAL DE CONSUMO;2.660.000.0000;TRANSFERÊNCIA DE RECURSOS DO FUNDO NACIONAL DE ASSISTÊNCIA SOCIAL - FNAS;25.091,47
PREFEITURA MUNICIPAL DE BARBACENA;25.001;SEMAS;2.309;MANUTENÇAO DE AÇÕES DA ASSISTÊNCIA SOCIAL;11;APOIO A ADMINISTRAÇAO PUBLICA;8;Assistência Social;122;Administração Geral;614;3.3.90.30.00.00.00.00;MATERIAL DE CONSUMO;2.661.000.0000;TRANSFERÊNCIA DE RECURSOS DOS FUNDOS ESTADUAIS DE ASSISTÊNCIA SOCIAL;11.943,88
PREFEITURA MUNICIPAL DE BARBACENA;25.001;SEMAS;2.309;MANUTENÇAO DE AÇÕES DA ASSISTÊNCIA SOCIAL;11;APOIO A ADMINISTRAÇAO PUBLICA;8;Assistência Social;122;Administração Geral;614;3.3.90.30.00.00.00.00;MATERIAL DE CONSUMO;2.753.000.0000;RECURSOS PROVENIENTES DE TAXAS, CONTRIBUIÇÕES E PREÇOS PÚBLICOS;20.826,18
PREFEITURA MUNICIPAL DE BARBACENA;25.001;SEMAS;2.309;MANUTENÇAO DE AÇÕES DA ASSISTÊNCIA SOCIAL;11;APOIO A ADMINISTRAÇAO PUBLICA;8;Assistência Social;122;Administração Geral;615;3.3.90.33.00.00.00.00;PASSAGENS E DESPESAS COM LOCOMOÇÃO;1.500.000.0000;RECURSOS NÃO VINCULADOS DE IMPOSTOS;1.510,00
PREFEITURA MUNICIPAL DE BARBACENA;25.001;SEMAS;2.309;MANUTENÇAO DE AÇÕES DA ASSISTÊNCIA SOCIAL;11;APOIO A ADMINISTRAÇAO PUBLICA;8;Assistência Social;122;Administração Geral;615;3.3.90.33.00.00.00.00;PASSAGENS E DESPESAS COM LOCOMOÇÃO;1.501.000.0000;OUTROS RECURSOS NÃO VINCULADOS;1.340,00
PREFEITURA MUNICIPAL DE BARBACENA;25.001;SEMAS;2.309;MANUTENÇAO DE AÇÕES DA ASSISTÊNCIA SOCIAL;11;APOIO A ADMINISTRAÇAO PUBLICA;8;Assistência Social;122;Administração Geral;616;3.3.90.36.00.00.00.00;OUTROS SERVIÇOS DE TERCEIROS - PESSOA FÍSICA;1.500.000.0000;RECURSOS NÃO VINCULADOS DE IMPOSTOS;0,00
PREFEITURA MUNICIPAL DE BARBACENA;25.001;SEMAS;2.309;MANUTENÇAO DE AÇÕES DA ASSISTÊNCIA SOCIAL;11;APOIO A ADMINISTRAÇAO PUBLICA;8;Assistência Social;122;Administração Geral;617;3.3.90.39.00.00.00.00;OUTROS SERVIÇOS DE TERCEIROS - PESSOA JURÍDICA;1.500.000.0000;RECURSOS NÃO VINCULADOS DE IMPOSTOS;227.834,65
PREFEITURA MUNICIPAL DE BARBACENA;25.001;SEMAS;2.309;MANUTENÇAO DE AÇÕES DA ASSISTÊNCIA SOCIAL;11;APOIO A ADMINISTRAÇAO PUBLICA;8;Assistência Social;122;Administração Geral;617;3.3.90.39.00.00.00.00;OUTROS SERVIÇOS DE TERCEIROS - PESSOA JURÍDICA;1.660.000.0000;TRANSFERÊNCIA DE RECURSOS DO FUNDO NACIONAL DE ASSISTÊNCIA SOCIAL - FNAS;81.000,00
PREFEITURA MUNICIPAL DE BARBACENA;25.001;SEMAS;2.309;MANUTENÇAO DE AÇÕES DA ASSISTÊNCIA SOCIAL;11;APOIO A ADMINISTRAÇAO PUBLICA;8;Assistência Social;122;Administração Geral;617;3.3.90.39.00.00.00.00;OUTROS SERVIÇOS DE TERCEIROS - PESSOA JURÍDICA;2.660.000.0000;TRANSFERÊNCIA DE RECURSOS DO FUNDO NACIONAL DE ASSISTÊNCIA SOCIAL - FNAS;19.148,01
PREFEITURA MUNICIPAL DE BARBACENA;25.001;SEMAS;2.309;MANUTENÇAO DE AÇÕES DA ASSISTÊNCIA SOCIAL;11;APOIO A ADMINISTRAÇAO PUBLICA;8;Assistência Social;122;Administração Geral;618;3.3.90.40.00.00.00.00;SERVIÇOS DE TECNOLOGIA DA INFORMAÇÃO E COMUNICAÇ;1.500.000.0000;RECURSOS NÃO VINCULADOS DE IMPOSTOS;0,00
PREFEITURA MUNICIPAL DE BARBACENA;25.001;SEMAS;2.309;MANUTENÇAO DE AÇÕES DA ASSISTÊNCIA SOCIAL;11;APOIO A ADMINISTRAÇAO PUBLICA;8;Assistência Social;122;Administração Geral;619;3.3.90.92.00.00.00.00;DESPESAS DE EXERCÍCIOS ANTERIORES;1.500.000.0000;RECURSOS NÃO VINCULADOS DE IMPOSTOS;258,54
PREFEITURA MUNICIPAL DE BARBACENA;25.001;SEMAS;2.309;MANUTENÇAO DE AÇÕES DA ASSISTÊNCIA SOCIAL;11;APOIO A ADMINISTRAÇAO PUBLICA;8;Assistência Social;122;Administração Geral;619;3.3.90.92.00.00.00.00;DESPESAS DE EXERCÍCIOS ANTERIORES;1.660.000.0000;TRANSFERÊNCIA DE RECURSOS DO FUNDO NACIONAL DE ASSISTÊNCIA SOCIAL - FNAS;378,00
PREFEITURA MUNICIPAL DE BARBACENA;25.001;SEMAS;2.309;MANUTENÇAO DE AÇÕES DA ASSISTÊNCIA SOCIAL;11;APOIO A ADMINISTRAÇAO PUBLICA;8;Assistência Social;122;Administração Geral;620;4.4.90.52.00.00.00.00;EQUIPAMENTOS E MATERIAL PERMANENTE;1.500.000.0000;RECURSOS NÃO VINCULADOS DE IMPOSTOS;114.743,50
PREFEITURA MUNICIPAL DE BARBACENA;25.001;SEMAS;2.309;MANUTENÇAO DE AÇÕES DA ASSISTÊNCIA SOCIAL;11;APOIO A ADMINISTRAÇAO PUBLICA;8;Assistência Social;122;Administração Geral;620;4.4.90.52.00.00.00.00;EQUIPAMENTOS E MATERIAL PERMANENTE;1.501.000.0000;OUTROS RECURSOS NÃO VINCULADOS;310,00
PREFEITURA MUNICIPAL DE BARBACENA;25.001;SEMAS;2.309;MANUTENÇAO DE AÇÕES DA ASSISTÊNCIA SOCIAL;11;APOIO A ADMINISTRAÇAO PUBLICA;8;Assistência Social;122;Administração Geral;620;4.4.90.52.00.00.00.00;EQUIPAMENTOS E MATERIAL PERMANENTE;1.665.000.0000;TRANSFERÊNCIAS DE CONVÊNIOS E INSTRUMENTOS CONGÊNERES VINCULADOS À ASSISTÊNCIA SOCIAL;1.835,65
PREFEITURA MUNICIPAL DE BARBACENA;25.001;SEMAS;2.309;MANUTENÇAO DE AÇÕES DA ASSISTÊNCIA SOCIAL;11;APOIO A ADMINISTRAÇAO PUBLICA;8;Assistência Social;122;Administração Geral;620;4.4.90.52.00.00.00.00;EQUIPAMENTOS E MATERIAL PERMANENTE;1.753.000.0000;RECURSOS PROVENIENTES DE TAXAS, CONTRIBUIÇÕES E PREÇOS PÚBLICOS;0,01
PREFEITURA MUNICIPAL DE BARBACENA;25.001;SEMAS;2.309;MANUTENÇAO DE AÇÕES DA ASSISTÊNCIA SOCIAL;11;APOIO A ADMINISTRAÇAO PUBLICA;8;Assistência Social;122;Administração Geral;620;4.4.90.52.00.00.00.00;EQUIPAMENTOS E MATERIAL PERMANENTE;2.500.000.0000;RECURSOS NÃO VINCULADOS DE IMPOSTOS;0,01
PREFEITURA MUNICIPAL DE BARBACENA;25.001;SEMAS;2.309;MANUTENÇAO DE AÇÕES DA ASSISTÊNCIA SOCIAL;11;APOIO A ADMINISTRAÇAO PUBLICA;8;Assistência Social;122;Administração Geral;620;4.4.90.52.00.00.00.00;EQUIPAMENTOS E MATERIAL PERMANENTE;2.706.000.0000;TRANSFERÊNCIA ESPECIAL DA UNIÃO;0,10
PREFEITURA MUNICIPAL DE BARBACENA;25.001;SEMAS;2.309;MANUTENÇAO DE AÇÕES DA ASSISTÊNCIA SOCIAL;11;APOIO A ADMINISTRAÇAO PUBLICA;8;Assistência Social;122;Administração Geral;620;4.4.90.52.00.00.00.00;EQUIPAMENTOS E MATERIAL PERMANENTE;2.753.000.0000;RECURSOS PROVENIENTES DE TAXAS, CONTRIBUIÇÕES E PREÇOS PÚBLICOS;0,01
PREFEITURA MUNICIPAL DE BARBACENA;25.001;SEMAS;2.309;MANUTENÇAO DE AÇÕES DA ASSISTÊNCIA SOCIAL;11;APOIO A ADMINISTRAÇAO PUBLICA;8;Assistência Social;122;Administração Geral;920;3.3.90.93.00.00.00.00;INDENIZAÇÕES E RESTITUIÇÕES;2.660.000.0000;TRANSFERÊNCIA DE RECURSOS DO FUNDO NACIONAL DE ASSISTÊNCIA SOCIAL - FNAS;25.357,22
PREFEITURA MUNICIPAL DE BARBACENA;25.001;SEMAS;2.309;MANUTENÇAO DE AÇÕES DA ASSISTÊNCIA SOCIAL;11;APOIO A ADMINISTRAÇAO PUBLICA;8;Assistência Social;122;Administração Geral;929;3.3.90.47.00.00.00.00;OBRIGAÇÕES TRIBUTÁRIAS E CONTRIBUTIVAS;1.500.000.0000;RECURSOS NÃO VINCULADOS DE IMPOSTOS;637,51
PREFEITURA MUNICIPAL DE BARBACENA;25.001;SEMAS;2.322;PESSOAL E ENCARGOS SOCIAIS DA ASSISTÊNCIA SOCIAL;11;APOIO A ADMINISTRAÇAO PUBLICA;8;Assistência Social;122;Administração Geral;621;3.1.90.04.00.00.00.00;CONTRATAÇÃO POR TEMPO DETERMINADO;1.500.000.0000;RECURSOS NÃO VINCULADOS DE IMPOSTOS;1.336.925,24
PREFEITURA MUNICIPAL DE BARBACENA;25.001;SEMAS;2.322;PESSOAL E ENCARGOS SOCIAIS DA ASSISTÊNCIA SOCIAL;11;APOIO A ADMINISTRAÇAO PUBLICA;8;Assistência Social;122;Administração Geral;621;3.1.90.04.00.00.00.00;CONTRATAÇÃO POR TEMPO DETERMINADO;1.660.000.0000;TRANSFERÊNCIA DE RECURSOS DO FUNDO NACIONAL DE ASSISTÊNCIA SOCIAL - FNAS;0,00
PREFEITURA MUNICIPAL DE BARBACENA;25.001;SEMAS;2.322;PESSOAL E ENCARGOS SOCIAIS DA ASSISTÊNCIA SOCIAL;11;APOIO A ADMINISTRAÇAO PUBLICA;8;Assistência Social;122;Administração Geral;622;3.1.90.11.00.00.00.00;VENCIMENTOS E VANTAGENS FIXAS - PESSOAL CIVIL;1.500.000.0000;RECURSOS NÃO VINCULADOS DE IMPOSTOS;1.497.320,57
PREFEITURA MUNICIPAL DE BARBACENA;25.001;SEMAS;2.322;PESSOAL E ENCARGOS SOCIAIS DA ASSISTÊNCIA SOCIAL;11;APOIO A ADMINISTRAÇAO PUBLICA;8;Assistência Social;122;Administração Geral;622;3.1.90.11.00.00.00.00;VENCIMENTOS E VANTAGENS FIXAS - PESSOAL CIVIL;1.660.000.0000;TRANSFERÊNCIA DE RECURSOS DO FUNDO NACIONAL DE ASSISTÊNCIA SOCIAL - FNAS;6.876,65
PREFEITURA MUNICIPAL DE BARBACENA;25.001;SEMAS;2.322;PESSOAL E ENCARGOS SOCIAIS DA ASSISTÊNCIA SOCIAL;11;APOIO A ADMINISTRAÇAO PUBLICA;8;Assistência Social;122;Administração Geral;623;3.1.90.13.00.00.00.00;OBRIGAÇÕES PATRONAIS;1.500.000.0000;RECURSOS NÃO VINCULADOS DE IMPOSTOS;138.510,91
PREFEITURA MUNICIPAL DE BARBACENA;25.001;SEMAS;2.322;PESSOAL E ENCARGOS SOCIAIS DA ASSISTÊNCIA SOCIAL;11;APOIO A ADMINISTRAÇAO PUBLICA;8;Assistência Social;122;Administração Geral;624;3.1.90.92.00.00.00.00;DESPESAS DE EXERCÍCIOS ANTERIORES;1.500.000.0000;RECURSOS NÃO VINCULADOS DE IMPOSTOS;0,00
PREFEITURA MUNICIPAL DE BARBACENA;25.001;SEMAS;2.322;PESSOAL E ENCARGOS SOCIAIS DA ASSISTÊNCIA SOCIAL;11;APOIO A ADMINISTRAÇAO PUBLICA;8;Assistência Social;122;Administração Geral;625;3.1.91.13.00.00.00.00;OBRIGAÇÕES PATRONAIS;1.500.000.0000;RECURSOS NÃO VINCULADOS DE IMPOSTOS;227.142,42
PREFEITURA MUNICIPAL DE BARBACENA;25.001;SEMAS;2.322;PESSOAL E ENCARGOS SOCIAIS DA ASSISTÊNCIA SOCIAL;11;APOIO A ADMINISTRAÇAO PUBLICA;8;Assistência Social;122;Administração Geral;625;3.1.91.13.00.00.00.00;OBRIGAÇÕES PATRONAIS;1.660.000.0000;TRANSFERÊNCIA DE RECURSOS DO FUNDO NACIONAL DE ASSISTÊNCIA SOCIAL - FNAS;0,00
PREFEITURA MUNICIPAL DE BARBACENA;25.001;SEMAS;2.322;PESSOAL E ENCARGOS SOCIAIS DA ASSISTÊNCIA SOCIAL;11;APOIO A ADMINISTRAÇAO PUBLICA;8;Assistência Social;122;Administração Geral;626;3.3.90.08.00.00.00.00;OUTROS BENEFÍCIOS ASSISTENCIAIS-SERVIDOR/MILITAR;1.500.000.0000;RECURSOS NÃO VINCULADOS DE IMPOSTOS;2.031,00
PREFEITURA MUNICIPAL DE BARBACENA;25.001;SEMAS;2.322;PESSOAL E ENCARGOS SOCIAIS DA ASSISTÊNCIA SOCIAL;11;APOIO A ADMINISTRAÇAO PUBLICA;8;Assistência Social;122;Administração Geral;626;3.3.90.08.00.00.00.00;OUTROS BENEFÍCIOS ASSISTENCIAIS-SERVIDOR/MILITAR;1.660.000.0000;TRANSFERÊNCIA DE RECURSOS DO FUNDO NACIONAL DE ASSISTÊNCIA SOCIAL - FNAS;1.123,25
PREFEITURA MUNICIPAL DE BARBACENA;25.001;SEMAS;2.322;PESSOAL E ENCARGOS SOCIAIS DA ASSISTÊNCIA SOCIAL;11;APOIO A ADMINISTRAÇAO PUBLICA;8;Assistência Social;122;Administração Geral;627;3.3.90.18.00.00.00.00;AUXÍLIO FINANCEIRO A ESTUDANTES;1.500.000.0000;RECURSOS NÃO VINCULADOS DE IMPOSTOS;3.000,00
PREFEITURA MUNICIPAL DE BARBACENA;25.001;SEMAS;2.322;PESSOAL E ENCARGOS SOCIAIS DA ASSISTÊNCIA SOCIAL;11;APOIO A ADMINISTRAÇAO PUBLICA;8;Assistência Social;122;Administração Geral;628;3.3.90.46.00.00.00.00;AUXÍLIO-ALIMENTAÇÃO;1.500.000.0000;RECURSOS NÃO VINCULADOS DE IMPOSTOS;384.161,49
PREFEITURA MUNICIPAL DE BARBACENA;25.001;SEMAS;2.322;PESSOAL E ENCARGOS SOCIAIS DA ASSISTÊNCIA SOCIAL;11;APOIO A ADMINISTRAÇAO PUBLICA;8;Assistência Social;122;Administração Geral;628;3.3.90.46.00.00.00.00;AUXÍLIO-ALIMENTAÇÃO;1.660.000.0000;TRANSFERÊNCIA DE RECURSOS DO FUNDO NACIONAL DE ASSISTÊNCIA SOCIAL - FNAS;0,10
PREFEITURA MUNICIPAL DE BARBACENA;25.001;SEMAS;2.385;CRIAÇÃO, IMPLANTAÇÃO E MANUTENÇÃO DA CASA DOS CONSELHOS;55;FORTALECIMENTO DO CONTROLE SOCIAL;8;Assistência Social;122;Administração Geral;629;3.3.90.30.00.00.00.00;MATERIAL DE CONSUMO;1.500.000.0000;RECURSOS NÃO VINCULADOS DE IMPOSTOS;0,00
PREFEITURA MUNICIPAL DE BARBACENA;25.001;SEMAS;2.385;CRIAÇÃO, IMPLANTAÇÃO E MANUTENÇÃO DA CASA DOS CONSELHOS;55;FORTALECIMENTO DO CONTROLE SOCIAL;8;Assistência Social;122;Administração Geral;630;3.3.90.39.00.00.00.00;OUTROS SERVIÇOS DE TERCEIROS - PESSOA JURÍDICA;1.500.000.0000;RECURSOS NÃO VINCULADOS DE IMPOSTOS;0,00
PREFEITURA MUNICIPAL DE BARBACENA;25.001;SEMAS;2.385;CRIAÇÃO, IMPLANTAÇÃO E MANUTENÇÃO DA CASA DOS CONSELHOS;55;FORTALECIMENTO DO CONTROLE SOCIAL;8;Assistência Social;122;Administração Geral;630;3.3.90.39.00.00.00.00;OUTROS SERVIÇOS DE TERCEIROS - PESSOA JURÍDICA;1.501.000.0000;OUTROS RECURSOS NÃO VINCULADOS;0,00
PREFEITURA MUNICIPAL DE BARBACENA;25.001;SEMAS;2.385;CRIAÇÃO, IMPLANTAÇÃO E MANUTENÇÃO DA CASA DOS CONSELHOS;55;FORTALECIMENTO DO CONTROLE SOCIAL;8;Assistência Social;122;Administração Geral;631;4.4.90.52.00.00.00.00;EQUIPAMENTOS E MATERIAL PERMANENTE;1.500.000.0000;RECURSOS NÃO VINCULADOS DE IMPOSTOS;0,00
PREFEITURA MUNICIPAL DE BARBACENA;25.001;SEMAS;2.385;CRIAÇÃO, IMPLANTAÇÃO E MANUTENÇÃO DA CASA DOS CONSELHOS;55;FORTALECIMENTO DO CONTROLE SOCIAL;8;Assistência Social;122;Administração Geral;631;4.4.90.52.00.00.00.00;EQUIPAMENTOS E MATERIAL PERMANENTE;1.660.000.0000;TRANSFERÊNCIA DE RECURSOS DO FUNDO NACIONAL DE ASSISTÊNCIA SOCIAL - FNAS;1.000,00
PREFEITURA MUNICIPAL DE BARBACENA;25.001;SEMAS;2.601;CAPACITAÇÃO DOS CONSELHEIROS MUNICIPAIS E MANUTENÇÃO DO CMAS E CMDCA;55;FORTALECIMENTO DO CONTROLE SOCIAL;8;Assistência Social;128;Formação de Recursos Humanos;632;3.3.90.14.00.00.00.00;DIÁRIAS - PESSOAL CIVIL;1.660.000.0000;TRANSFERÊNCIA DE RECURSOS DO FUNDO NACIONAL DE ASSISTÊNCIA SOCIAL - FNAS;1.000,00
PREFEITURA MUNICIPAL DE BARBACENA;25.001;SEMAS;2.601;CAPACITAÇÃO DOS CONSELHEIROS MUNICIPAIS E MANUTENÇÃO DO CMAS E CMDCA;55;FORTALECIMENTO DO CONTROLE SOCIAL;8;Assistência Social;128;Formação de Recursos Humanos;633;3.3.90.30.00.00.00.00;MATERIAL DE CONSUMO;1.500.000.0000;RECURSOS NÃO VINCULADOS DE IMPOSTOS;0,00
PREFEITURA MUNICIPAL DE BARBACENA;25.001;SEMAS;2.601;CAPACITAÇÃO DOS CONSELHEIROS MUNICIPAIS E MANUTENÇÃO DO CMAS E CMDCA;55;FORTALECIMENTO DO CONTROLE SOCIAL;8;Assistência Social;128;Formação de Recursos Humanos;633;3.3.90.30.00.00.00.00;MATERIAL DE CONSUMO;1.660.000.0000;TRANSFERÊNCIA DE RECURSOS DO FUNDO NACIONAL DE ASSISTÊNCIA SOCIAL - FNAS;1.000,00
PREFEITURA MUNICIPAL DE BARBACENA;25.001;SEMAS;2.601;CAPACITAÇÃO DOS CONSELHEIROS MUNICIPAIS E MANUTENÇÃO DO CMAS E CMDCA;55;FORTALECIMENTO DO CONTROLE SOCIAL;8;Assistência Social;128;Formação de Recursos Humanos;634;3.3.90.36.00.00.00.00;OUTROS SERVIÇOS DE TERCEIROS - PESSOA FÍSICA;1.500.000.0000;RECURSOS NÃO VINCULADOS DE IMPOSTOS;0,00
PREFEITURA MUNICIPAL DE BARBACENA;25.001;SEMAS;2.601;CAPACITAÇÃO DOS CONSELHEIROS MUNICIPAIS E MANUTENÇÃO DO CMAS E CMDCA;55;FORTALECIMENTO DO CONTROLE SOCIAL;8;Assistência Social;128;Formação de Recursos Humanos;634;3.3.90.36.00.00.00.00;OUTROS SERVIÇOS DE TERCEIROS - PESSOA FÍSICA;1.660.000.0000;TRANSFERÊNCIA DE RECURSOS DO FUNDO NACIONAL DE ASSISTÊNCIA SOCIAL - FNAS;1.500,00
PREFEITURA MUNICIPAL DE BARBACENA;25.001;SEMAS;2.601;CAPACITAÇÃO DOS CONSELHEIROS MUNICIPAIS E MANUTENÇÃO DO CMAS E CMDCA;55;FORTALECIMENTO DO CONTROLE SOCIAL;8;Assistência Social;128;Formação de Recursos Humanos;635;3.3.90.39.00.00.00.00;OUTROS SERVIÇOS DE TERCEIROS - PESSOA JURÍDICA;1.500.000.0000;RECURSOS NÃO VINCULADOS DE IMPOSTOS;0,00
PREFEITURA MUNICIPAL DE BARBACENA;25.001;SEMAS;2.601;CAPACITAÇÃO DOS CONSELHEIROS MUNICIPAIS E MANUTENÇÃO DO CMAS E CMDCA;55;FORTALECIMENTO DO CONTROLE SOCIAL;8;Assistência Social;128;Formação de Recursos Humanos;635;3.3.90.39.00.00.00.00;OUTROS SERVIÇOS DE TERCEIROS - PESSOA JURÍDICA;1.660.000.0000;TRANSFERÊNCIA DE RECURSOS DO FUNDO NACIONAL DE ASSISTÊNCIA SOCIAL - FNAS;1.500,00
PREFEITURA MUNICIPAL DE BARBACENA;25.001;SEMAS;2.097;IMPLANTAÇÃO E MANUTENÇAO DA POLITICA SOBRE DROGAS;55;FORTALECIMENTO DO CONTROLE SOCIAL;8;Assistência Social;244;Assistência Comunitária;636;3.3.90.30.00.00.00.00;MATERIAL DE CONSUMO;1.500.000.0000;RECURSOS NÃO VINCULADOS DE IMPOSTOS;0,00
PREFEITURA MUNICIPAL DE BARBACENA;25.001;SEMAS;2.457;APOIO A ASSOCIAÇÃO COMUNITÁRIA DO DISTRITO DE PINHEIRO GROSSO;56;PROTEÇÃO SOCIAL BÁSICA;8;Assistência Social;244;Assistência Comunitária;637;3.3.50.41.00.00.00.00;CONTRIBUIÇÕES;1.501.000.0000;OUTROS RECURSOS NÃO VINCULADOS;0,00
PREFEITURA MUNICIPAL DE BARBACENA;25.001;SEMAS;2.460;APOIO A ASSOCIAÇÃO REN. CIDADÃ ORG. DE MEMBROS DA SOC. CIVIL - ARCOM-SC;56;PROTEÇÃO SOCIAL BÁSICA;8;Assistência Social;244;Assistência Comunitária;638;3.3.50.43.00.00.00.00;SUBVENÇÕES SOCIAIS;1.753.000.0000;RECURSOS PROVENIENTES DE TAXAS, CONTRIBUIÇÕES E PREÇOS PÚBLICOS;173.265,45
PREFEITURA MUNICIPAL DE BARBACENA;25.001;SEMAS;2.460;APOIO A ASSOCIAÇÃO REN. CIDADÃ ORG. DE MEMBROS DA SOC. CIVIL - ARCOM-SC;56;PROTEÇÃO SOCIAL BÁSICA;8;Assistência Social;244;Assistência Comunitária;973;4.4.50.41.00.00.00.00;CONTRIBUIÇÕES;1.753.000.0000;RECURSOS PROVENIENTES DE TAXAS, CONTRIBUIÇÕES E PREÇOS PÚBLICOS;0,01
PREFEITURA MUNICIPAL DE BARBACENA;25.001;SEMAS;2.464;APOIO A MARTIN LUTHER KING PELA VIDA;56;PROTEÇÃO SOCIAL BÁSICA;8;Assistência Social;244;Assistência Comunitária;639;3.3.50.41.00.00.00.00;CONTRIBUIÇÕES;1.753.000.0000;RECURSOS PROVENIENTES DE TAXAS, CONTRIBUIÇÕES E PREÇOS PÚBLICOS;16.485,16
PREFEITURA MUNICIPAL DE BARBACENA;25.001;SEMAS;2.465;APOIO A OBRAS PASSIONISTAS SÃO PAULO DA CRUZ;56;PROTEÇÃO SOCIAL BÁSICA;8;Assistência Social;244;Assistência Comunitária;640;3.3.50.41.00.00.00.00;CONTRIBUIÇÕES;1.500.000.0000;RECURSOS NÃO VINCULADOS DE IMPOSTOS;93.316,36
PREFEITURA MUNICIPAL DE BARBACENA;25.001;SEMAS;2.466;APOIO A OBRAS SOCIAIS DE NOSSA SENHORA DE FÁTIMA;56;PROTEÇÃO SOCIAL BÁSICA;8;Assistência Social;244;Assistência Comunitária;641;3.3.50.43.00.00.00.00;SUBVENÇÕES SOCIAIS;1.500.000.0000;RECURSOS NÃO VINCULADOS DE IMPOSTOS;5.000,00
PREFEITURA MUNICIPAL DE BARBACENA;25.001;SEMAS;2.466;APOIO A OBRAS SOCIAIS DE NOSSA SENHORA DE FÁTIMA;56;PROTEÇÃO SOCIAL BÁSICA;8;Assistência Social;244;Assistência Comunitária;641;3.3.50.43.00.00.00.00;SUBVENÇÕES SOCIAIS;1.501.000.0000;OUTROS RECURSOS NÃO VINCULADOS;118.959,27
PREFEITURA MUNICIPAL DE BARBACENA;25.001;SEMAS;2.466;APOIO A OBRAS SOCIAIS DE NOSSA SENHORA DE FÁTIMA;56;PROTEÇÃO SOCIAL BÁSICA;8;Assistência Social;244;Assistência Comunitária;983;4.4.50.41.00.00.00.00;CONTRIBUIÇÕES;1.500.000.0000;RECURSOS NÃO VINCULADOS DE IMPOSTOS;20.000,00
PREFEITURA MUNICIPAL DE BARBACENA;25.001;SEMAS;2.467;APOIO A UNIAO COMUNITARIA DE BARBACENA (UCB);56;PROTEÇÃO SOCIAL BÁSICA;8;Assistência Social;244;Assistência Comunitária;642;3.3.50.43.00.00.00.00;SUBVENÇÕES SOCIAIS;1.501.000.0000;OUTROS RECURSOS NÃO VINCULADOS;30.000,00
PREFEITURA MUNICIPAL DE BARBACENA;25.001;SEMAS;2.468;APOIO AO INSTITUTO APRENDIZ SOLIDÁRIO;56;PROTEÇÃO SOCIAL BÁSICA;8;Assistência Social;244;Assistência Comunitária;643;3.3.50.43.00.00.00.00;SUBVENÇÕES SOCIAIS;1.500.000.0000;RECURSOS NÃO VINCULADOS DE IMPOSTOS;5.974,32
PREFEITURA MUNICIPAL DE BARBACENA;25.001;SEMAS;2.468;APOIO AO INSTITUTO APRENDIZ SOLIDÁRIO;56;PROTEÇÃO SOCIAL BÁSICA;8;Assistência Social;244;Assistência Comunitária;643;3.3.50.43.00.00.00.00;SUBVENÇÕES SOCIAIS;1.501.000.0000;OUTROS RECURSOS NÃO VINCULADOS;40.000,00
PREFEITURA MUNICIPAL DE BARBACENA;25.001;SEMAS;2.469;APOIO AO INSTITUTO SOCIO AMBIENTAL DAS VERTENTES;56;PROTEÇÃO SOCIAL BÁSICA;8;Assistência Social;244;Assistência Comunitária;644;3.3.50.41.00.00.00.00;CONTRIBUIÇÕES;1.501.000.0000;OUTROS RECURSOS NÃO VINCULADOS;20.000,00
PREFEITURA MUNICIPAL DE BARBACENA;25.001;SEMAS;2.474;APOIO A ASSOCIAÇÃO DE GUARDAS MUNICIPAIS DE BARBACENA;56;PROTEÇÃO SOCIAL BÁSICA;8;Assistência Social;244;Assistência Comunitária;645;3.3.50.41.00.00.00.00;CONTRIBUIÇÕES;1.501.000.0000;OUTROS RECURSOS NÃO VINCULADOS;25.000,00
PREFEITURA MUNICIPAL DE BARBACENA;25.001;SEMAS;2.419;CRIAÇÃO, IMPLANTAÇÃO E MANUTENÇÃO DAS OPERAÇÕES URBANAS CONSORCIADAS;59;PROGRAMAS FEDERAIS E MUNICIPAIS;8;Assistência Social;451;Infra-Estrutura Urbana;646;3.3.90.30.00.00.00.00;MATERIAL DE CONSUMO;1.500.000.0000;RECURSOS NÃO VINCULADOS DE IMPOSTOS;0,00
PREFEITURA MUNICIPAL DE BARBACENA;25.001;SEMAS;2.419;CRIAÇÃO, IMPLANTAÇÃO E MANUTENÇÃO DAS OPERAÇÕES URBANAS CONSORCIADAS;59;PROGRAMAS FEDERAIS E MUNICIPAIS;8;Assistência Social;451;Infra-Estrutura Urbana;647;3.3.90.39.00.00.00.00;OUTROS SERVIÇOS DE TERCEIROS - PESSOA JURÍDICA;1.500.000.0000;RECURSOS NÃO VINCULADOS DE IMPOSTOS;0,00
PREFEITURA MUNICIPAL DE BARBACENA;25.001;SEMAS;2.420;LEGISLAÇÃO DE ÁREAS DE RISCO;59;PROGRAMAS FEDERAIS E MUNICIPAIS;8;Assistência Social;451;Infra-Estrutura Urbana;648;3.3.90.30.00.00.00.00;MATERIAL DE CONSUMO;1.500.000.0000;RECURSOS NÃO VINCULADOS DE IMPOSTOS;0,00
PREFEITURA MUNICIPAL DE BARBACENA;25.001;SEMAS;2.420;LEGISLAÇÃO DE ÁREAS DE RISCO;59;PROGRAMAS FEDERAIS E MUNICIPAIS;8;Assistência Social;451;Infra-Estrutura Urbana;649;3.3.90.39.00.00.00.00;OUTROS SERVIÇOS DE TERCEIROS - PESSOA JURÍDICA;1.500.000.0000;RECURSOS NÃO VINCULADOS DE IMPOSTOS;0,00
PREFEITURA MUNICIPAL DE BARBACENA;25.001;SEMAS;2.415;CRIAÇÃO, IMPLANTAÇÃO E MANUTENÇÃO PROGRAMA MINHA CASA VERDE E AMARELA;59;PROGRAMAS FEDERAIS E MUNICIPAIS;8;Assistência Social;482;Habitação Urbana;650;3.3.90.30.00.00.00.00;MATERIAL DE CONSUMO;1.500.000.0000;RECURSOS NÃO VINCULADOS DE IMPOSTOS;0,00
PREFEITURA MUNICIPAL DE BARBACENA;25.001;SEMAS;2.415;CRIAÇÃO, IMPLANTAÇÃO E MANUTENÇÃO PROGRAMA MINHA CASA VERDE E AMARELA;59;PROGRAMAS FEDERAIS E MUNICIPAIS;8;Assistência Social;482;Habitação Urbana;651;3.3.90.39.00.00.00.00;OUTROS SERVIÇOS DE TERCEIROS - PESSOA JURÍDICA;1.500.000.0000;RECURSOS NÃO VINCULADOS DE IMPOSTOS;0,00
PREFEITURA MUNICIPAL DE BARBACENA;25.001;SEMAS;2.415;CRIAÇÃO, IMPLANTAÇÃO E MANUTENÇÃO PROGRAMA MINHA CASA VERDE E AMARELA;59;PROGRAMAS FEDERAIS E MUNICIPAIS;8;Assistência Social;482;Habitação Urbana;652;4.4.90.52.00.00.00.00;EQUIPAMENTOS E MATERIAL PERMANENTE;1.501.000.0000;OUTROS RECURSOS NÃO VINCULADOS;3.000,00
PREFEITURA MUNICIPAL DE BARBACENA;25.001;SEMAS;2.416;CRIAÇÃO, IMPLANTAÇÃO E MANUTENÇÃO PROGRAMA PRO MORADIA;59;PROGRAMAS FEDERAIS E MUNICIPAIS;8;Assistência Social;482;Habitação Urbana;653;3.3.90.30.00.00.00.00;MATERIAL DE CONSUMO;1.500.000.0000;RECURSOS NÃO VINCULADOS DE IMPOSTOS;0,00
PREFEITURA MUNICIPAL DE BARBACENA;25.001;SEMAS;2.416;CRIAÇÃO, IMPLANTAÇÃO E MANUTENÇÃO PROGRAMA PRO MORADIA;59;PROGRAMAS FEDERAIS E MUNICIPAIS;8;Assistência Social;482;Habitação Urbana;654;3.3.90.39.00.00.00.00;OUTROS SERVIÇOS DE TERCEIROS - PESSOA JURÍDICA;1.500.000.0000;RECURSOS NÃO VINCULADOS DE IMPOSTOS;0,00
PREFEITURA MUNICIPAL DE BARBACENA;25.001;SEMAS;2.417;CRIAÇÃO, IMPLANTAÇÃO E MANUTENÇÃO DA REGULARIZAÇÃO FUNDIÁRIA;59;PROGRAMAS FEDERAIS E MUNICIPAIS;8;Assistência Social;482;Habitação Urbana;655;3.3.90.30.00.00.00.00;MATERIAL DE CONSUMO;1.500.000.0000;RECURSOS NÃO VINCULADOS DE IMPOSTOS;0,00
PREFEITURA MUNICIPAL DE BARBACENA;25.001;SEMAS;2.417;CRIAÇÃO, IMPLANTAÇÃO E MANUTENÇÃO DA REGULARIZAÇÃO FUNDIÁRIA;59;PROGRAMAS FEDERAIS E MUNICIPAIS;8;Assistência Social;482;Habitação Urbana;656;3.3.90.39.00.00.00.00;OUTROS SERVIÇOS DE TERCEIROS - PESSOA JURÍDICA;1.500.000.0000;RECURSOS NÃO VINCULADOS DE IMPOSTOS;0,00
PREFEITURA MUNICIPAL DE BARBACENA;25.001;SEMAS;2.417;CRIAÇÃO, IMPLANTAÇÃO E MANUTENÇÃO DA REGULARIZAÇÃO FUNDIÁRIA;59;PROGRAMAS FEDERAIS E MUNICIPAIS;8;Assistência Social;482;Habitação Urbana;656;3.3.90.39.00.00.00.00;OUTROS SERVIÇOS DE TERCEIROS - PESSOA JURÍDICA;1.501.000.0000;OUTROS RECURSOS NÃO VINCULADOS;0,10
PREFEITURA MUNICIPAL DE BARBACENA;25.001;SEMAS;2.417;CRIAÇÃO, IMPLANTAÇÃO E MANUTENÇÃO DA REGULARIZAÇÃO FUNDIÁRIA;59;PROGRAMAS FEDERAIS E MUNICIPAIS;8;Assistência Social;482;Habitação Urbana;656;3.3.90.39.00.00.00.00;OUTROS SERVIÇOS DE TERCEIROS - PESSOA JURÍDICA;2.500.000.0000;RECURSOS NÃO VINCULADOS DE IMPOSTOS;1.000.000,01
PREFEITURA MUNICIPAL DE BARBACENA;25.001;SEMAS;2.417;CRIAÇÃO, IMPLANTAÇÃO E MANUTENÇÃO DA REGULARIZAÇÃO FUNDIÁRIA;59;PROGRAMAS FEDERAIS E MUNICIPAIS;8;Assistência Social;482;Habitação Urbana;656;3.3.90.39.00.00.00.00;OUTROS SERVIÇOS DE TERCEIROS - PESSOA JURÍDICA;2.753.000.0000;RECURSOS PROVENIENTES DE TAXAS, CONTRIBUIÇÕES E PREÇOS PÚBLICOS;0,01
PREFEITURA MUNICIPAL DE BARBACENA;25.001;SEMAS;2.418;CRIAÇÃO, IMPLANTAÇÃO E MANUTENÇÃO DE ZONAS DE INTERRESSE SOCIAL;59;PROGRAMAS FEDERAIS E MUNICIPAIS;8;Assistência Social;482;Habitação Urbana;657;3.3.90.30.00.00.00.00;MATERIAL DE CONSUMO;1.500.000.0000;RECURSOS NÃO VINCULADOS DE IMPOSTOS;0,00
PREFEITURA MUNICIPAL DE BARBACENA;25.001;SEMAS;2.418;CRIAÇÃO, IMPLANTAÇÃO E MANUTENÇÃO DE ZONAS DE INTERRESSE SOCIAL;59;PROGRAMAS FEDERAIS E MUNICIPAIS;8;Assistência Social;482;Habitação Urbana;658;3.3.90.39.00.00.00.00;OUTROS SERVIÇOS DE TERCEIROS - PESSOA JURÍDICA;1.500.000.0000;RECURSOS NÃO VINCULADOS DE IMPOSTOS;0,00
PREFEITURA MUNICIPAL DE BARBACENA;25.001;SEMAS;2.661;PROJETO DE TRABALHO TÉCNICO SOCIAL (PTTS);59;PROGRAMAS FEDERAIS E MUNICIPAIS;16;Habitação;482;Habitação Urbana;659;3.3.90.30.00.00.00.00;MATERIAL DE CONSUMO;1.500.000.0000;RECURSOS NÃO VINCULADOS DE IMPOSTOS;0,00
PREFEITURA MUNICIPAL DE BARBACENA;25.001;SEMAS;2.661;PROJETO DE TRABALHO TÉCNICO SOCIAL (PTTS);59;PROGRAMAS FEDERAIS E MUNICIPAIS;16;Habitação;482;Habitação Urbana;660;3.3.90.39.00.00.00.00;OUTROS SERVIÇOS DE TERCEIROS - PESSOA JURÍDICA;1.500.000.0000;RECURSOS NÃO VINCULADOS DE IMPOSTOS;0,00
PREFEITURA MUNICIPAL DE BARBACENA;25.001;SEMAS;2.661;PROJETO DE TRABALHO TÉCNICO SOCIAL (PTTS);59;PROGRAMAS FEDERAIS E MUNICIPAIS;16;Habitação;482;Habitação Urbana;661;4.4.90.51.00.00.00.00;OBRAS E INSTALAÇÕES;1.500.000.0000;RECURSOS NÃO VINCULADOS DE IMPOSTOS;0,00
PREFEITURA MUNICIPAL DE BARBACENA;25.001;SEMAS;2.661;PROJETO DE TRABALHO TÉCNICO SOCIAL (PTTS);59;PROGRAMAS FEDERAIS E MUNICIPAIS;16;Habitação;482;Habitação Urbana;662;4.4.90.52.00.00.00.00;EQUIPAMENTOS E MATERIAL PERMANENTE;1.500.000.0000;RECURSOS NÃO VINCULADOS DE IMPOSTOS;0,00
PREFEITURA MUNICIPAL DE BARBACENA;25.003;FUNDO MUNICIPAL DE ASSISTENCIA SOCIAL - FMAS;2.381;ATUALIZAÇÃO DA LEGISLAÇÃO DA ASSISTÊNCIA SOCIAL;11;APOIO A ADMINISTRAÇAO PUBLICA;8;Assistência Social;122;Administração Geral;663;3.3.90.30.00.00.00.00;MATERIAL DE CONSUMO;1.500.000.0000;RECURSOS NÃO VINCULADOS DE IMPOSTOS;0,00
PREFEITURA MUNICIPAL DE BARBACENA;25.003;FUNDO MUNICIPAL DE ASSISTENCIA SOCIAL - FMAS;2.381;ATUALIZAÇÃO DA LEGISLAÇÃO DA ASSISTÊNCIA SOCIAL;11;APOIO A ADMINISTRAÇAO PUBLICA;8;Assistência Social;122;Administração Geral;664;3.3.90.39.00.00.00.00;OUTROS SERVIÇOS DE TERCEIROS - PESSOA JURÍDICA;1.500.000.0000;RECURSOS NÃO VINCULADOS DE IMPOSTOS;0,00
PREFEITURA MUNICIPAL DE BARBACENA;25.003;FUNDO MUNICIPAL DE ASSISTENCIA SOCIAL - FMAS;2.321;MANUTENÇAO DO CONSELHO TUTELAR;11;APOIO A ADMINISTRAÇAO PUBLICA;8;Assistência Social;243;Assistência à Criança e ao Adolescente;670;3.1.90.04.00.00.00.00;CONTRATAÇÃO POR TEMPO DETERMINADO;1.500.000.0000;RECURSOS NÃO VINCULADOS DE IMPOSTOS;0,00
PREFEITURA MUNICIPAL DE BARBACENA;25.003;FUNDO MUNICIPAL DE ASSISTENCIA SOCIAL - FMAS;2.321;MANUTENÇAO DO CONSELHO TUTELAR;11;APOIO A ADMINISTRAÇAO PUBLICA;8;Assistência Social;243;Assistência à Criança e ao Adolescente;670;3.1.90.04.00.00.00.00;CONTRATAÇÃO POR TEMPO DETERMINADO;1.660.000.0000;TRANSFERÊNCIA DE RECURSOS DO FUNDO NACIONAL DE ASSISTÊNCIA SOCIAL - FNAS;2.000,00
PREFEITURA MUNICIPAL DE BARBACENA;25.003;FUNDO MUNICIPAL DE ASSISTENCIA SOCIAL - FMAS;2.321;MANUTENÇAO DO CONSELHO TUTELAR;11;APOIO A ADMINISTRAÇAO PUBLICA;8;Assistência Social;243;Assistência à Criança e ao Adolescente;671;3.3.90.08.00.00.00.00;OUTROS BENEFÍCIOS ASSISTENCIAIS-SERVIDOR/MILITAR;1.660.000.0000;TRANSFERÊNCIA DE RECURSOS DO FUNDO NACIONAL DE ASSISTÊNCIA SOCIAL - FNAS;2.000,00
PREFEITURA MUNICIPAL DE BARBACENA;25.003;FUNDO MUNICIPAL DE ASSISTENCIA SOCIAL - FMAS;2.321;MANUTENÇAO DO CONSELHO TUTELAR;11;APOIO A ADMINISTRAÇAO PUBLICA;8;Assistência Social;243;Assistência à Criança e ao Adolescente;672;3.3.90.14.00.00.00.00;DIÁRIAS - PESSOAL CIVIL;1.500.000.0000;RECURSOS NÃO VINCULADOS DE IMPOSTOS;0,00
PREFEITURA MUNICIPAL DE BARBACENA;25.003;FUNDO MUNICIPAL DE ASSISTENCIA SOCIAL - FMAS;2.321;MANUTENÇAO DO CONSELHO TUTELAR;11;APOIO A ADMINISTRAÇAO PUBLICA;8;Assistência Social;243;Assistência à Criança e ao Adolescente;673;3.3.90.30.00.00.00.00;MATERIAL DE CONSUMO;1.500.000.0000;RECURSOS NÃO VINCULADOS DE IMPOSTOS;0,00
PREFEITURA MUNICIPAL DE BARBACENA;25.003;FUNDO MUNICIPAL DE ASSISTENCIA SOCIAL - FMAS;2.321;MANUTENÇAO DO CONSELHO TUTELAR;11;APOIO A ADMINISTRAÇAO PUBLICA;8;Assistência Social;243;Assistência à Criança e ao Adolescente;674;3.3.90.36.00.00.00.00;OUTROS SERVIÇOS DE TERCEIROS - PESSOA FÍSICA;1.500.000.0000;RECURSOS NÃO VINCULADOS DE IMPOSTOS;258.565,84
PREFEITURA MUNICIPAL DE BARBACENA;25.003;FUNDO MUNICIPAL DE ASSISTENCIA SOCIAL - FMAS;2.321;MANUTENÇAO DO CONSELHO TUTELAR;11;APOIO A ADMINISTRAÇAO PUBLICA;8;Assistência Social;243;Assistência à Criança e ao Adolescente;675;3.3.90.39.00.00.00.00;OUTROS SERVIÇOS DE TERCEIROS - PESSOA JURÍDICA;1.500.000.0000;RECURSOS NÃO VINCULADOS DE IMPOSTOS;57.246,45
PREFEITURA MUNICIPAL DE BARBACENA;25.003;FUNDO MUNICIPAL DE ASSISTENCIA SOCIAL - FMAS;2.321;MANUTENÇAO DO CONSELHO TUTELAR;11;APOIO A ADMINISTRAÇAO PUBLICA;8;Assistência Social;243;Assistência à Criança e ao Adolescente;676;3.3.90.40.00.00.00.00;SERVIÇOS DE TECNOLOGIA DA INFORMAÇÃO E COMUNICAÇ;1.500.000.0000;RECURSOS NÃO VINCULADOS DE IMPOSTOS;0,00
PREFEITURA MUNICIPAL DE BARBACENA;25.003;FUNDO MUNICIPAL DE ASSISTENCIA SOCIAL - FMAS;2.321;MANUTENÇAO DO CONSELHO TUTELAR;11;APOIO A ADMINISTRAÇAO PUBLICA;8;Assistência Social;243;Assistência à Criança e ao Adolescente;677;3.3.90.46.00.00.00.00;AUXÍLIO-ALIMENTAÇÃO;1.500.000.0000;RECURSOS NÃO VINCULADOS DE IMPOSTOS;26.862,50
PREFEITURA MUNICIPAL DE BARBACENA;25.003;FUNDO MUNICIPAL DE ASSISTENCIA SOCIAL - FMAS;2.321;MANUTENÇAO DO CONSELHO TUTELAR;11;APOIO A ADMINISTRAÇAO PUBLICA;8;Assistência Social;243;Assistência à Criança e ao Adolescente;678;3.3.90.47.00.00.00.00;OBRIGAÇÕES TRIBUTÁRIAS E CONTRIBUTIVAS;1.500.000.0000;RECURSOS NÃO VINCULADOS DE IMPOSTOS;48.334,29
PREFEITURA MUNICIPAL DE BARBACENA;25.003;FUNDO MUNICIPAL DE ASSISTENCIA SOCIAL - FMAS;2.321;MANUTENÇAO DO CONSELHO TUTELAR;11;APOIO A ADMINISTRAÇAO PUBLICA;8;Assistência Social;243;Assistência à Criança e ao Adolescente;679;4.4.90.51.00.00.00.00;OBRAS E INSTALAÇÕES;1.500.000.0000;RECURSOS NÃO VINCULADOS DE IMPOSTOS;0,00
PREFEITURA MUNICIPAL DE BARBACENA;25.003;FUNDO MUNICIPAL DE ASSISTENCIA SOCIAL - FMAS;2.321;MANUTENÇAO DO CONSELHO TUTELAR;11;APOIO A ADMINISTRAÇAO PUBLICA;8;Assistência Social;243;Assistência à Criança e ao Adolescente;680;4.4.90.52.00.00.00.00;EQUIPAMENTOS E MATERIAL PERMANENTE;1.500.000.0000;RECURSOS NÃO VINCULADOS DE IMPOSTOS;0,00
PREFEITURA MUNICIPAL DE BARBACENA;25.003;FUNDO MUNICIPAL DE ASSISTENCIA SOCIAL - FMAS;2.383;CRIAÇÃO, IMPLANTAÇÃO E MANUTENÇÃO NOVO CONSELHO TUTELAR;11;APOIO A ADMINISTRAÇAO PUBLICA;8;Assistência Social;243;Assistência à Criança e ao Adolescente;681;3.3.90.30.00.00.00.00;MATERIAL DE CONSUMO;1.500.000.0000;RECURSOS NÃO VINCULADOS DE IMPOSTOS;0,00
PREFEITURA MUNICIPAL DE BARBACENA;25.003;FUNDO MUNICIPAL DE ASSISTENCIA SOCIAL - FMAS;2.383;CRIAÇÃO, IMPLANTAÇÃO E MANUTENÇÃO NOVO CONSELHO TUTELAR;11;APOIO A ADMINISTRAÇAO PUBLICA;8;Assistência Social;243;Assistência à Criança e ao Adolescente;682;3.3.90.39.00.00.00.00;OUTROS SERVIÇOS DE TERCEIROS - PESSOA JURÍDICA;1.500.000.0000;RECURSOS NÃO VINCULADOS DE IMPOSTOS;0,00
PREFEITURA MUNICIPAL DE BARBACENA;25.003;FUNDO MUNICIPAL DE ASSISTENCIA SOCIAL - FMAS;2.383;CRIAÇÃO, IMPLANTAÇÃO E MANUTENÇÃO NOVO CONSELHO TUTELAR;11;APOIO A ADMINISTRAÇAO PUBLICA;8;Assistência Social;243;Assistência à Criança e ao Adolescente;682;3.3.90.39.00.00.00.00;OUTROS SERVIÇOS DE TERCEIROS - PESSOA JURÍDICA;1.660.000.0000;TRANSFERÊNCIA DE RECURSOS DO FUNDO NACIONAL DE ASSISTÊNCIA SOCIAL - FNAS;5.000,00
PREFEITURA MUNICIPAL DE BARBACENA;25.003;FUNDO MUNICIPAL DE ASSISTENCIA SOCIAL - FMAS;2.383;CRIAÇÃO, IMPLANTAÇÃO E MANUTENÇÃO NOVO CONSELHO TUTELAR;11;APOIO A ADMINISTRAÇAO PUBLICA;8;Assistência Social;243;Assistência à Criança e ao Adolescente;683;4.4.90.52.00.00.00.00;EQUIPAMENTOS E MATERIAL PERMANENTE;1.500.000.0000;RECURSOS NÃO VINCULADOS DE IMPOSTOS;0,00
PREFEITURA MUNICIPAL DE BARBACENA;25.003;FUNDO MUNICIPAL DE ASSISTENCIA SOCIAL - FMAS;2.383;CRIAÇÃO, IMPLANTAÇÃO E MANUTENÇÃO NOVO CONSELHO TUTELAR;11;APOIO A ADMINISTRAÇAO PUBLICA;8;Assistência Social;243;Assistência à Criança e ao Adolescente;683;4.4.90.52.00.00.00.00;EQUIPAMENTOS E MATERIAL PERMANENTE;1.660.000.0000;TRANSFERÊNCIA DE RECURSOS DO FUNDO NACIONAL DE ASSISTÊNCIA SOCIAL - FNAS;2.500,00
PREFEITURA MUNICIPAL DE BARBACENA;25.003;FUNDO MUNICIPAL DE ASSISTENCIA SOCIAL - FMAS;2.382;FORTALECIMENTO DAS ENTIDADES FILANTROPICAS;11;APOIO A ADMINISTRAÇAO PUBLICA;8;Assistência Social;244;Assistência Comunitária;702;3.3.90.39.00.00.00.00;OUTROS SERVIÇOS DE TERCEIROS - PESSOA JURÍDICA;1.500.000.0000;RECURSOS NÃO VINCULADOS DE IMPOSTOS;0,00
PREFEITURA MUNICIPAL DE BARBACENA;25.003;FUNDO MUNICIPAL DE ASSISTENCIA SOCIAL - FMAS;2.382;FORTALECIMENTO DAS ENTIDADES FILANTROPICAS;11;APOIO A ADMINISTRAÇAO PUBLICA;8;Assistência Social;244;Assistência Comunitária;702;3.3.90.39.00.00.00.00;OUTROS SERVIÇOS DE TERCEIROS - PESSOA JURÍDICA;1.660.000.0000;TRANSFERÊNCIA DE RECURSOS DO FUNDO NACIONAL DE ASSISTÊNCIA SOCIAL - FNAS;3.499,90
PREFEITURA MUNICIPAL DE BARBACENA;25.003;FUNDO MUNICIPAL DE ASSISTENCIA SOCIAL - FMAS;2.382;FORTALECIMENTO DAS ENTIDADES FILANTROPICAS;11;APOIO A ADMINISTRAÇAO PUBLICA;8;Assistência Social;244;Assistência Comunitária;703;3.3.90.43.00.00.00.00;SUBVENÇÕES SOCIAIS;1.501.000.0000;OUTROS RECURSOS NÃO VINCULADOS;0,00
PREFEITURA MUNICIPAL DE BARBACENA;25.003;FUNDO MUNICIPAL DE ASSISTENCIA SOCIAL - FMAS;2.382;FORTALECIMENTO DAS ENTIDADES FILANTROPICAS;11;APOIO A ADMINISTRAÇAO PUBLICA;8;Assistência Social;244;Assistência Comunitária;703;3.3.90.43.00.00.00.00;SUBVENÇÕES SOCIAIS;1.660.000.0000;TRANSFERÊNCIA DE RECURSOS DO FUNDO NACIONAL DE ASSISTÊNCIA SOCIAL - FNAS;1.505,09
PREFEITURA MUNICIPAL DE BARBACENA;25.003;FUNDO MUNICIPAL DE ASSISTENCIA SOCIAL - FMAS;2.382;FORTALECIMENTO DAS ENTIDADES FILANTROPICAS;11;APOIO A ADMINISTRAÇAO PUBLICA;8;Assistência Social;244;Assistência Comunitária;985;4.4.90.52.00.00.00.00;EQUIPAMENTOS E MATERIAL PERMANENTE;1.660.000.0000;TRANSFERÊNCIA DE RECURSOS DO FUNDO NACIONAL DE ASSISTÊNCIA SOCIAL - FNAS;0,10
PREFEITURA MUNICIPAL DE BARBACENA;25.003;FUNDO MUNICIPAL DE ASSISTENCIA SOCIAL - FMAS;2.320;MANUTENÇAO DE CONSELHOS E CONFERENCIAS MUNICIPAIS - FMAS;55;FORTALECIMENTO DO CONTROLE SOCIAL;8;Assistência Social;122;Administração Geral;665;3.3.90.30.00.00.00.00;MATERIAL DE CONSUMO;1.660.000.0000;TRANSFERÊNCIA DE RECURSOS DO FUNDO NACIONAL DE ASSISTÊNCIA SOCIAL - FNAS;1.931,00
PREFEITURA MUNICIPAL DE BARBACENA;25.003;FUNDO MUNICIPAL DE ASSISTENCIA SOCIAL - FMAS;2.320;MANUTENÇAO DE CONSELHOS E CONFERENCIAS MUNICIPAIS - FMAS;55;FORTALECIMENTO DO CONTROLE SOCIAL;8;Assistência Social;122;Administração Geral;666;3.3.90.36.00.00.00.00;OUTROS SERVIÇOS DE TERCEIROS - PESSOA FÍSICA;1.660.000.0000;TRANSFERÊNCIA DE RECURSOS DO FUNDO NACIONAL DE ASSISTÊNCIA SOCIAL - FNAS;4.429,00
PREFEITURA MUNICIPAL DE BARBACENA;25.003;FUNDO MUNICIPAL DE ASSISTENCIA SOCIAL - FMAS;2.320;MANUTENÇAO DE CONSELHOS E CONFERENCIAS MUNICIPAIS - FMAS;55;FORTALECIMENTO DO CONTROLE SOCIAL;8;Assistência Social;122;Administração Geral;667;3.3.90.39.00.00.00.00;OUTROS SERVIÇOS DE TERCEIROS - PESSOA JURÍDICA;1.660.000.0000;TRANSFERÊNCIA DE RECURSOS DO FUNDO NACIONAL DE ASSISTÊNCIA SOCIAL - FNAS;3.140,00
PREFEITURA MUNICIPAL DE BARBACENA;25.003;FUNDO MUNICIPAL DE ASSISTENCIA SOCIAL - FMAS;2.320;MANUTENÇAO DE CONSELHOS E CONFERENCIAS MUNICIPAIS - FMAS;55;FORTALECIMENTO DO CONTROLE SOCIAL;8;Assistência Social;122;Administração Geral;668;4.4.90.52.00.00.00.00;EQUIPAMENTOS E MATERIAL PERMANENTE;1.660.000.0000;TRANSFERÊNCIA DE RECURSOS DO FUNDO NACIONAL DE ASSISTÊNCIA SOCIAL - FNAS;2.000,00
PREFEITURA MUNICIPAL DE BARBACENA;25.003;FUNDO MUNICIPAL DE ASSISTENCIA SOCIAL - FMAS;2.520;IMPLANTAÇAO E MANUTENÇAO DA SECRETARIA EXECUTIVA DO CONSELHO MUNICIPAL DE ASSISTENCIA SOCIAL;55;FORTALECIMENTO DO CONTROLE SOCIAL;8;Assistência Social;244;Assistência Comunitária;704;3.3.90.30.00.00.00.00;MATERIAL DE CONSUMO;1.500.000.0000;RECURSOS NÃO VINCULADOS DE IMPOSTOS;0,00
PREFEITURA MUNICIPAL DE BARBACENA;25.003;FUNDO MUNICIPAL DE ASSISTENCIA SOCIAL - FMAS;2.520;IMPLANTAÇAO E MANUTENÇAO DA SECRETARIA EXECUTIVA DO CONSELHO MUNICIPAL DE ASSISTENCIA SOCIAL;55;FORTALECIMENTO DO CONTROLE SOCIAL;8;Assistência Social;244;Assistência Comunitária;705;3.3.90.39.00.00.00.00;OUTROS SERVIÇOS DE TERCEIROS - PESSOA JURÍDICA;1.500.000.0000;RECURSOS NÃO VINCULADOS DE IMPOSTOS;0,00
PREFEITURA MUNICIPAL DE BARBACENA;25.003;FUNDO MUNICIPAL DE ASSISTENCIA SOCIAL - FMAS;2.520;IMPLANTAÇAO E MANUTENÇAO DA SECRETARIA EXECUTIVA DO CONSELHO MUNICIPAL DE ASSISTENCIA SOCIAL;55;FORTALECIMENTO DO CONTROLE SOCIAL;8;Assistência Social;244;Assistência Comunitária;706;4.4.90.52.00.00.00.00;EQUIPAMENTOS E MATERIAL PERMANENTE;1.500.000.0000;RECURSOS NÃO VINCULADOS DE IMPOSTOS;0,00
PREFEITURA MUNICIPAL DE BARBACENA;25.003;FUNDO MUNICIPAL DE ASSISTENCIA SOCIAL - FMAS;2.452;AMPLIAÇÃO DAS AÇÕES DA ASSOCIAÇÃO CRECHE-ESCOLA IRMÃO DO CAMINHO;56;PROTEÇÃO SOCIAL BÁSICA;8;Assistência Social;243;Assistência à Criança e ao Adolescente;684;3.3.50.43.00.00.00.00;SUBVENÇÕES SOCIAIS;1.501.000.0000;OUTROS RECURSOS NÃO VINCULADOS;24.752,21
PREFEITURA MUNICIPAL DE BARBACENA;25.003;FUNDO MUNICIPAL DE ASSISTENCIA SOCIAL - FMAS;2.521;MANUTENÇAO DO PROGRAMA PRIMEIRA INFANCIA;56;PROTEÇÃO SOCIAL BÁSICA;8;Assistência Social;243;Assistência à Criança e ao Adolescente;685;3.1.90.04.00.00.00.00;CONTRATAÇÃO POR TEMPO DETERMINADO;1.500.000.0000;RECURSOS NÃO VINCULADOS DE IMPOSTOS;0,00
PREFEITURA MUNICIPAL DE BARBACENA;25.003;FUNDO MUNICIPAL DE ASSISTENCIA SOCIAL - FMAS;2.521;MANUTENÇAO DO PROGRAMA PRIMEIRA INFANCIA;56;PROTEÇÃO SOCIAL BÁSICA;8;Assistência Social;243;Assistência à Criança e ao Adolescente;685;3.1.90.04.00.00.00.00;CONTRATAÇÃO POR TEMPO DETERMINADO;1.660.000.0000;TRANSFERÊNCIA DE RECURSOS DO FUNDO NACIONAL DE ASSISTÊNCIA SOCIAL - FNAS;20.000,00
PREFEITURA MUNICIPAL DE BARBACENA;25.003;FUNDO MUNICIPAL DE ASSISTENCIA SOCIAL - FMAS;2.521;MANUTENÇAO DO PROGRAMA PRIMEIRA INFANCIA;56;PROTEÇÃO SOCIAL BÁSICA;8;Assistência Social;243;Assistência à Criança e ao Adolescente;686;3.1.90.11.00.00.00.00;VENCIMENTOS E VANTAGENS FIXAS - PESSOAL CIVIL;1.660.000.0000;TRANSFERÊNCIA DE RECURSOS DO FUNDO NACIONAL DE ASSISTÊNCIA SOCIAL - FNAS;15.000,00
PREFEITURA MUNICIPAL DE BARBACENA;25.003;FUNDO MUNICIPAL DE ASSISTENCIA SOCIAL - FMAS;2.521;MANUTENÇAO DO PROGRAMA PRIMEIRA INFANCIA;56;PROTEÇÃO SOCIAL BÁSICA;8;Assistência Social;243;Assistência à Criança e ao Adolescente;687;3.1.90.13.00.00.00.00;OBRIGAÇÕES PATRONAIS;1.660.000.0000;TRANSFERÊNCIA DE RECURSOS DO FUNDO NACIONAL DE ASSISTÊNCIA SOCIAL - FNAS;8.000,00
PREFEITURA MUNICIPAL DE BARBACENA;25.003;FUNDO MUNICIPAL DE ASSISTENCIA SOCIAL - FMAS;2.521;MANUTENÇAO DO PROGRAMA PRIMEIRA INFANCIA;56;PROTEÇÃO SOCIAL BÁSICA;8;Assistência Social;243;Assistência à Criança e ao Adolescente;688;3.1.91.13.00.00.00.00;OBRIGAÇÕES PATRONAIS;1.660.000.0000;TRANSFERÊNCIA DE RECURSOS DO FUNDO NACIONAL DE ASSISTÊNCIA SOCIAL - FNAS;1.500,00
PREFEITURA MUNICIPAL DE BARBACENA;25.003;FUNDO MUNICIPAL DE ASSISTENCIA SOCIAL - FMAS;2.521;MANUTENÇAO DO PROGRAMA PRIMEIRA INFANCIA;56;PROTEÇÃO SOCIAL BÁSICA;8;Assistência Social;243;Assistência à Criança e ao Adolescente;689;3.3.90.08.00.00.00.00;OUTROS BENEFÍCIOS ASSISTENCIAIS-SERVIDOR/MILITAR;1.660.000.0000;TRANSFERÊNCIA DE RECURSOS DO FUNDO NACIONAL DE ASSISTÊNCIA SOCIAL - FNAS;2.500,00
PREFEITURA MUNICIPAL DE BARBACENA;25.003;FUNDO MUNICIPAL DE ASSISTENCIA SOCIAL - FMAS;2.521;MANUTENÇAO DO PROGRAMA PRIMEIRA INFANCIA;56;PROTEÇÃO SOCIAL BÁSICA;8;Assistência Social;243;Assistência à Criança e ao Adolescente;690;3.3.90.18.00.00.00.00;AUXÍLIO FINANCEIRO A ESTUDANTES;1.660.000.0000;TRANSFERÊNCIA DE RECURSOS DO FUNDO NACIONAL DE ASSISTÊNCIA SOCIAL - FNAS;1.000,00
PREFEITURA MUNICIPAL DE BARBACENA;25.003;FUNDO MUNICIPAL DE ASSISTENCIA SOCIAL - FMAS;2.521;MANUTENÇAO DO PROGRAMA PRIMEIRA INFANCIA;56;PROTEÇÃO SOCIAL BÁSICA;8;Assistência Social;243;Assistência à Criança e ao Adolescente;691;3.3.90.30.00.00.00.00;MATERIAL DE CONSUMO;1.500.000.0000;RECURSOS NÃO VINCULADOS DE IMPOSTOS;0,00
PREFEITURA MUNICIPAL DE BARBACENA;25.003;FUNDO MUNICIPAL DE ASSISTENCIA SOCIAL - FMAS;2.521;MANUTENÇAO DO PROGRAMA PRIMEIRA INFANCIA;56;PROTEÇÃO SOCIAL BÁSICA;8;Assistência Social;243;Assistência à Criança e ao Adolescente;692;3.3.90.39.00.00.00.00;OUTROS SERVIÇOS DE TERCEIROS - PESSOA JURÍDICA;1.500.000.0000;RECURSOS NÃO VINCULADOS DE IMPOSTOS;0,00
PREFEITURA MUNICIPAL DE BARBACENA;25.003;FUNDO MUNICIPAL DE ASSISTENCIA SOCIAL - FMAS;2.521;MANUTENÇAO DO PROGRAMA PRIMEIRA INFANCIA;56;PROTEÇÃO SOCIAL BÁSICA;8;Assistência Social;243;Assistência à Criança e ao Adolescente;692;3.3.90.39.00.00.00.00;OUTROS SERVIÇOS DE TERCEIROS - PESSOA JURÍDICA;2.660.000.0000;TRANSFERÊNCIA DE RECURSOS DO FUNDO NACIONAL DE ASSISTÊNCIA SOCIAL - FNAS;499,95
PREFEITURA MUNICIPAL DE BARBACENA;25.003;FUNDO MUNICIPAL DE ASSISTENCIA SOCIAL - FMAS;2.521;MANUTENÇAO DO PROGRAMA PRIMEIRA INFANCIA;56;PROTEÇÃO SOCIAL BÁSICA;8;Assistência Social;243;Assistência à Criança e ao Adolescente;693;3.3.90.46.00.00.00.00;AUXÍLIO-ALIMENTAÇÃO;1.500.000.0000;RECURSOS NÃO VINCULADOS DE IMPOSTOS;9.274,71
PREFEITURA MUNICIPAL DE BARBACENA;25.003;FUNDO MUNICIPAL DE ASSISTENCIA SOCIAL - FMAS;2.312;AMPLIAÇÃO BENEFICIOS EVENTUAIS;56;PROTEÇÃO SOCIAL BÁSICA;8;Assistência Social;244;Assistência Comunitária;707;3.3.90.32.00.00.00.00;MATERIAL, BEM OU SERVIÇO PARA DISTRIB. GRATUITA;1.500.000.0000;RECURSOS NÃO VINCULADOS DE IMPOSTOS;293.081,30
PREFEITURA MUNICIPAL DE BARBACENA;25.003;FUNDO MUNICIPAL DE ASSISTENCIA SOCIAL - FMAS;2.312;AMPLIAÇÃO BENEFICIOS EVENTUAIS;56;PROTEÇÃO SOCIAL BÁSICA;8;Assistência Social;244;Assistência Comunitária;707;3.3.90.32.00.00.00.00;MATERIAL, BEM OU SERVIÇO PARA DISTRIB. GRATUITA;1.501.000.0000;OUTROS RECURSOS NÃO VINCULADOS;127.190,00
PREFEITURA MUNICIPAL DE BARBACENA;25.003;FUNDO MUNICIPAL DE ASSISTENCIA SOCIAL - FMAS;2.312;AMPLIAÇÃO BENEFICIOS EVENTUAIS;56;PROTEÇÃO SOCIAL BÁSICA;8;Assistência Social;244;Assistência Comunitária;707;3.3.90.32.00.00.00.00;MATERIAL, BEM OU SERVIÇO PARA DISTRIB. GRATUITA;1.661.000.0000;TRANSFERÊNCIA DE RECURSOS DOS FUNDOS ESTADUAIS DE ASSISTÊNCIA SOCIAL;212.090,00
PREFEITURA MUNICIPAL DE BARBACENA;25.003;FUNDO MUNICIPAL DE ASSISTENCIA SOCIAL - FMAS;2.312;AMPLIAÇÃO BENEFICIOS EVENTUAIS;56;PROTEÇÃO SOCIAL BÁSICA;8;Assistência Social;244;Assistência Comunitária;707;3.3.90.32.00.00.00.00;MATERIAL, BEM OU SERVIÇO PARA DISTRIB. GRATUITA;2.661.000.0000;TRANSFERÊNCIA DE RECURSOS DOS FUNDOS ESTADUAIS DE ASSISTÊNCIA SOCIAL;118.316,01
PREFEITURA MUNICIPAL DE BARBACENA;25.003;FUNDO MUNICIPAL DE ASSISTENCIA SOCIAL - FMAS;2.312;AMPLIAÇÃO BENEFICIOS EVENTUAIS;56;PROTEÇÃO SOCIAL BÁSICA;8;Assistência Social;244;Assistência Comunitária;708;3.3.90.39.00.00.00.00;OUTROS SERVIÇOS DE TERCEIROS - PESSOA JURÍDICA;1.500.000.0000;RECURSOS NÃO VINCULADOS DE IMPOSTOS;0,00
PREFEITURA MUNICIPAL DE BARBACENA;25.003;FUNDO MUNICIPAL DE ASSISTENCIA SOCIAL - FMAS;2.312;AMPLIAÇÃO BENEFICIOS EVENTUAIS;56;PROTEÇÃO SOCIAL BÁSICA;8;Assistência Social;244;Assistência Comunitária;708;3.3.90.39.00.00.00.00;OUTROS SERVIÇOS DE TERCEIROS - PESSOA JURÍDICA;1.661.000.0000;TRANSFERÊNCIA DE RECURSOS DOS FUNDOS ESTADUAIS DE ASSISTÊNCIA SOCIAL;1.400,10
PREFEITURA MUNICIPAL DE BARBACENA;25.003;FUNDO MUNICIPAL DE ASSISTENCIA SOCIAL - FMAS;2.312;AMPLIAÇÃO BENEFICIOS EVENTUAIS;56;PROTEÇÃO SOCIAL BÁSICA;8;Assistência Social;244;Assistência Comunitária;708;3.3.90.39.00.00.00.00;OUTROS SERVIÇOS DE TERCEIROS - PESSOA JURÍDICA;2.661.000.0000;TRANSFERÊNCIA DE RECURSOS DOS FUNDOS ESTADUAIS DE ASSISTÊNCIA SOCIAL;163.150,00
PREFEITURA MUNICIPAL DE BARBACENA;25.003;FUNDO MUNICIPAL DE ASSISTENCIA SOCIAL - FMAS;2.312;AMPLIAÇÃO BENEFICIOS EVENTUAIS;56;PROTEÇÃO SOCIAL BÁSICA;8;Assistência Social;244;Assistência Comunitária;709;3.3.90.48.00.00.00.00;OUTROS AUXÍLIOS FINANCEIROS A PESSOAS FÍSICAS;1.500.000.0000;RECURSOS NÃO VINCULADOS DE IMPOSTOS;0,00
PREFEITURA MUNICIPAL DE BARBACENA;25.003;FUNDO MUNICIPAL DE ASSISTENCIA SOCIAL - FMAS;2.312;AMPLIAÇÃO BENEFICIOS EVENTUAIS;56;PROTEÇÃO SOCIAL BÁSICA;8;Assistência Social;244;Assistência Comunitária;709;3.3.90.48.00.00.00.00;OUTROS AUXÍLIOS FINANCEIROS A PESSOAS FÍSICAS;1.501.000.0000;OUTROS RECURSOS NÃO VINCULADOS;0,00
PREFEITURA MUNICIPAL DE BARBACENA;25.003;FUNDO MUNICIPAL DE ASSISTENCIA SOCIAL - FMAS;2.312;AMPLIAÇÃO BENEFICIOS EVENTUAIS;56;PROTEÇÃO SOCIAL BÁSICA;8;Assistência Social;244;Assistência Comunitária;709;3.3.90.48.00.00.00.00;OUTROS AUXÍLIOS FINANCEIROS A PESSOAS FÍSICAS;1.661.000.0000;TRANSFERÊNCIA DE RECURSOS DOS FUNDOS ESTADUAIS DE ASSISTÊNCIA SOCIAL;368.342,00
PREFEITURA MUNICIPAL DE BARBACENA;25.003;FUNDO MUNICIPAL DE ASSISTENCIA SOCIAL - FMAS;2.312;AMPLIAÇÃO BENEFICIOS EVENTUAIS;56;PROTEÇÃO SOCIAL BÁSICA;8;Assistência Social;244;Assistência Comunitária;709;3.3.90.48.00.00.00.00;OUTROS AUXÍLIOS FINANCEIROS A PESSOAS FÍSICAS;2.661.000.0000;TRANSFERÊNCIA DE RECURSOS DOS FUNDOS ESTADUAIS DE ASSISTÊNCIA SOCIAL;171.000,00
PREFEITURA MUNICIPAL DE BARBACENA;25.003;FUNDO MUNICIPAL DE ASSISTENCIA SOCIAL - FMAS;2.312;AMPLIAÇÃO BENEFICIOS EVENTUAIS;56;PROTEÇÃO SOCIAL BÁSICA;8;Assistência Social;244;Assistência Comunitária;710;3.3.90.93.00.00.00.00;INDENIZAÇÕES E RESTITUIÇÕES;1.500.000.0000;RECURSOS NÃO VINCULADOS DE IMPOSTOS;0,00
PREFEITURA MUNICIPAL DE BARBACENA;25.003;FUNDO MUNICIPAL DE ASSISTENCIA SOCIAL - FMAS;2.312;AMPLIAÇÃO BENEFICIOS EVENTUAIS;56;PROTEÇÃO SOCIAL BÁSICA;8;Assistência Social;244;Assistência Comunitária;710;3.3.90.93.00.00.00.00;INDENIZAÇÕES E RESTITUIÇÕES;1.661.000.0000;TRANSFERÊNCIA DE RECURSOS DOS FUNDOS ESTADUAIS DE ASSISTÊNCIA SOCIAL;0,90
PREFEITURA MUNICIPAL DE BARBACENA;25.003;FUNDO MUNICIPAL DE ASSISTENCIA SOCIAL - FMAS;2.313;SERVIÇO DE CONVIVENCIA E FORTALECIMENTO DE VINCULOS;56;PROTEÇÃO SOCIAL BÁSICA;8;Assistência Social;244;Assistência Comunitária;711;3.1.90.04.00.00.00.00;CONTRATAÇÃO POR TEMPO DETERMINADO;1.660.000.0000;TRANSFERÊNCIA DE RECURSOS DO FUNDO NACIONAL DE ASSISTÊNCIA SOCIAL - FNAS;1.500,00
PREFEITURA MUNICIPAL DE BARBACENA;25.003;FUNDO MUNICIPAL DE ASSISTENCIA SOCIAL - FMAS;2.313;SERVIÇO DE CONVIVENCIA E FORTALECIMENTO DE VINCULOS;56;PROTEÇÃO SOCIAL BÁSICA;8;Assistência Social;244;Assistência Comunitária;712;3.1.90.13.00.00.00.00;OBRIGAÇÕES PATRONAIS;1.660.000.0000;TRANSFERÊNCIA DE RECURSOS DO FUNDO NACIONAL DE ASSISTÊNCIA SOCIAL - FNAS;2.000,00
PREFEITURA MUNICIPAL DE BARBACENA;25.003;FUNDO MUNICIPAL DE ASSISTENCIA SOCIAL - FMAS;2.313;SERVIÇO DE CONVIVENCIA E FORTALECIMENTO DE VINCULOS;56;PROTEÇÃO SOCIAL BÁSICA;8;Assistência Social;244;Assistência Comunitária;713;3.3.90.18.00.00.00.00;AUXÍLIO FINANCEIRO A ESTUDANTES;1.660.000.0000;TRANSFERÊNCIA DE RECURSOS DO FUNDO NACIONAL DE ASSISTÊNCIA SOCIAL - FNAS;1.000,00
PREFEITURA MUNICIPAL DE BARBACENA;25.003;FUNDO MUNICIPAL DE ASSISTENCIA SOCIAL - FMAS;2.313;SERVIÇO DE CONVIVENCIA E FORTALECIMENTO DE VINCULOS;56;PROTEÇÃO SOCIAL BÁSICA;8;Assistência Social;244;Assistência Comunitária;714;3.3.90.30.00.00.00.00;MATERIAL DE CONSUMO;1.500.000.0000;RECURSOS NÃO VINCULADOS DE IMPOSTOS;0,00
PREFEITURA MUNICIPAL DE BARBACENA;25.003;FUNDO MUNICIPAL DE ASSISTENCIA SOCIAL - FMAS;2.313;SERVIÇO DE CONVIVENCIA E FORTALECIMENTO DE VINCULOS;56;PROTEÇÃO SOCIAL BÁSICA;8;Assistência Social;244;Assistência Comunitária;715;3.3.90.39.00.00.00.00;OUTROS SERVIÇOS DE TERCEIROS - PESSOA JURÍDICA;1.500.000.0000;RECURSOS NÃO VINCULADOS DE IMPOSTOS;0,00
PREFEITURA MUNICIPAL DE BARBACENA;25.003;FUNDO MUNICIPAL DE ASSISTENCIA SOCIAL - FMAS;2.313;SERVIÇO DE CONVIVENCIA E FORTALECIMENTO DE VINCULOS;56;PROTEÇÃO SOCIAL BÁSICA;8;Assistência Social;244;Assistência Comunitária;715;3.3.90.39.00.00.00.00;OUTROS SERVIÇOS DE TERCEIROS - PESSOA JURÍDICA;1.501.000.0000;OUTROS RECURSOS NÃO VINCULADOS;124.999,92
PREFEITURA MUNICIPAL DE BARBACENA;25.003;FUNDO MUNICIPAL DE ASSISTENCIA SOCIAL - FMAS;2.313;SERVIÇO DE CONVIVENCIA E FORTALECIMENTO DE VINCULOS;56;PROTEÇÃO SOCIAL BÁSICA;8;Assistência Social;244;Assistência Comunitária;715;3.3.90.39.00.00.00.00;OUTROS SERVIÇOS DE TERCEIROS - PESSOA JURÍDICA;1.660.000.0000;TRANSFERÊNCIA DE RECURSOS DO FUNDO NACIONAL DE ASSISTÊNCIA SOCIAL - FNAS;125.665,32
PREFEITURA MUNICIPAL DE BARBACENA;25.003;FUNDO MUNICIPAL DE ASSISTENCIA SOCIAL - FMAS;2.313;SERVIÇO DE CONVIVENCIA E FORTALECIMENTO DE VINCULOS;56;PROTEÇÃO SOCIAL BÁSICA;8;Assistência Social;244;Assistência Comunitária;715;3.3.90.39.00.00.00.00;OUTROS SERVIÇOS DE TERCEIROS - PESSOA JURÍDICA;2.660.000.0000;TRANSFERÊNCIA DE RECURSOS DO FUNDO NACIONAL DE ASSISTÊNCIA SOCIAL - FNAS;110.000,00
PREFEITURA MUNICIPAL DE BARBACENA;25.003;FUNDO MUNICIPAL DE ASSISTENCIA SOCIAL - FMAS;2.313;SERVIÇO DE CONVIVENCIA E FORTALECIMENTO DE VINCULOS;56;PROTEÇÃO SOCIAL BÁSICA;8;Assistência Social;244;Assistência Comunitária;716;3.3.90.48.00.00.00.00;OUTROS AUXÍLIOS FINANCEIROS A PESSOAS FÍSICAS;1.500.000.0000;RECURSOS NÃO VINCULADOS DE IMPOSTOS;0,00
PREFEITURA MUNICIPAL DE BARBACENA;25.003;FUNDO MUNICIPAL DE ASSISTENCIA SOCIAL - FMAS;2.319;MANUTENÇAO DE CRAS - PAIF;56;PROTEÇÃO SOCIAL BÁSICA;8;Assistência Social;244;Assistência Comunitária;717;3.1.90.04.00.00.00.00;CONTRATAÇÃO POR TEMPO DETERMINADO;1.500.000.0000;RECURSOS NÃO VINCULADOS DE IMPOSTOS;477.743,47
PREFEITURA MUNICIPAL DE BARBACENA;25.003;FUNDO MUNICIPAL DE ASSISTENCIA SOCIAL - FMAS;2.319;MANUTENÇAO DE CRAS - PAIF;56;PROTEÇÃO SOCIAL BÁSICA;8;Assistência Social;244;Assistência Comunitária;717;3.1.90.04.00.00.00.00;CONTRATAÇÃO POR TEMPO DETERMINADO;1.660.000.0000;TRANSFERÊNCIA DE RECURSOS DO FUNDO NACIONAL DE ASSISTÊNCIA SOCIAL - FNAS;87.376,59
PREFEITURA MUNICIPAL DE BARBACENA;25.003;FUNDO MUNICIPAL DE ASSISTENCIA SOCIAL - FMAS;2.319;MANUTENÇAO DE CRAS - PAIF;56;PROTEÇÃO SOCIAL BÁSICA;8;Assistência Social;244;Assistência Comunitária;717;3.1.90.04.00.00.00.00;CONTRATAÇÃO POR TEMPO DETERMINADO;1.661.000.0000;TRANSFERÊNCIA DE RECURSOS DOS FUNDOS ESTADUAIS DE ASSISTÊNCIA SOCIAL;0,00
PREFEITURA MUNICIPAL DE BARBACENA;25.003;FUNDO MUNICIPAL DE ASSISTENCIA SOCIAL - FMAS;2.319;MANUTENÇAO DE CRAS - PAIF;56;PROTEÇÃO SOCIAL BÁSICA;8;Assistência Social;244;Assistência Comunitária;717;3.1.90.04.00.00.00.00;CONTRATAÇÃO POR TEMPO DETERMINADO;2.660.000.0000;TRANSFERÊNCIA DE RECURSOS DO FUNDO NACIONAL DE ASSISTÊNCIA SOCIAL - FNAS;331.787,81
PREFEITURA MUNICIPAL DE BARBACENA;25.003;FUNDO MUNICIPAL DE ASSISTENCIA SOCIAL - FMAS;2.319;MANUTENÇAO DE CRAS - PAIF;56;PROTEÇÃO SOCIAL BÁSICA;8;Assistência Social;244;Assistência Comunitária;718;3.1.90.11.00.00.00.00;VENCIMENTOS E VANTAGENS FIXAS - PESSOAL CIVIL;1.500.000.0000;RECURSOS NÃO VINCULADOS DE IMPOSTOS;264.700,23
PREFEITURA MUNICIPAL DE BARBACENA;25.003;FUNDO MUNICIPAL DE ASSISTENCIA SOCIAL - FMAS;2.319;MANUTENÇAO DE CRAS - PAIF;56;PROTEÇÃO SOCIAL BÁSICA;8;Assistência Social;244;Assistência Comunitária;718;3.1.90.11.00.00.00.00;VENCIMENTOS E VANTAGENS FIXAS - PESSOAL CIVIL;1.660.000.0000;TRANSFERÊNCIA DE RECURSOS DO FUNDO NACIONAL DE ASSISTÊNCIA SOCIAL - FNAS;41.999,98
PREFEITURA MUNICIPAL DE BARBACENA;25.003;FUNDO MUNICIPAL DE ASSISTENCIA SOCIAL - FMAS;2.319;MANUTENÇAO DE CRAS - PAIF;56;PROTEÇÃO SOCIAL BÁSICA;8;Assistência Social;244;Assistência Comunitária;718;3.1.90.11.00.00.00.00;VENCIMENTOS E VANTAGENS FIXAS - PESSOAL CIVIL;1.661.000.0000;TRANSFERÊNCIA DE RECURSOS DOS FUNDOS ESTADUAIS DE ASSISTÊNCIA SOCIAL;0,00
PREFEITURA MUNICIPAL DE BARBACENA;25.003;FUNDO MUNICIPAL DE ASSISTENCIA SOCIAL - FMAS;2.319;MANUTENÇAO DE CRAS - PAIF;56;PROTEÇÃO SOCIAL BÁSICA;8;Assistência Social;244;Assistência Comunitária;718;3.1.90.11.00.00.00.00;VENCIMENTOS E VANTAGENS FIXAS - PESSOAL CIVIL;2.660.000.0000;TRANSFERÊNCIA DE RECURSOS DO FUNDO NACIONAL DE ASSISTÊNCIA SOCIAL - FNAS;207.559,01
PREFEITURA MUNICIPAL DE BARBACENA;25.003;FUNDO MUNICIPAL DE ASSISTENCIA SOCIAL - FMAS;2.319;MANUTENÇAO DE CRAS - PAIF;56;PROTEÇÃO SOCIAL BÁSICA;8;Assistência Social;244;Assistência Comunitária;719;3.1.90.13.00.00.00.00;OBRIGAÇÕES PATRONAIS;1.500.000.0000;RECURSOS NÃO VINCULADOS DE IMPOSTOS;4.314,03
PREFEITURA MUNICIPAL DE BARBACENA;25.003;FUNDO MUNICIPAL DE ASSISTENCIA SOCIAL - FMAS;2.319;MANUTENÇAO DE CRAS - PAIF;56;PROTEÇÃO SOCIAL BÁSICA;8;Assistência Social;244;Assistência Comunitária;719;3.1.90.13.00.00.00.00;OBRIGAÇÕES PATRONAIS;1.660.000.0000;TRANSFERÊNCIA DE RECURSOS DO FUNDO NACIONAL DE ASSISTÊNCIA SOCIAL - FNAS;5.000,00
PREFEITURA MUNICIPAL DE BARBACENA;25.003;FUNDO MUNICIPAL DE ASSISTENCIA SOCIAL - FMAS;2.319;MANUTENÇAO DE CRAS - PAIF;56;PROTEÇÃO SOCIAL BÁSICA;8;Assistência Social;244;Assistência Comunitária;719;3.1.90.13.00.00.00.00;OBRIGAÇÕES PATRONAIS;1.661.000.0000;TRANSFERÊNCIA DE RECURSOS DOS FUNDOS ESTADUAIS DE ASSISTÊNCIA SOCIAL;0,00
PREFEITURA MUNICIPAL DE BARBACENA;25.003;FUNDO MUNICIPAL DE ASSISTENCIA SOCIAL - FMAS;2.319;MANUTENÇAO DE CRAS - PAIF;56;PROTEÇÃO SOCIAL BÁSICA;8;Assistência Social;244;Assistência Comunitária;719;3.1.90.13.00.00.00.00;OBRIGAÇÕES PATRONAIS;2.660.000.0000;TRANSFERÊNCIA DE RECURSOS DO FUNDO NACIONAL DE ASSISTÊNCIA SOCIAL - FNAS;5.400,01
PREFEITURA MUNICIPAL DE BARBACENA;25.003;FUNDO MUNICIPAL DE ASSISTENCIA SOCIAL - FMAS;2.319;MANUTENÇAO DE CRAS - PAIF;56;PROTEÇÃO SOCIAL BÁSICA;8;Assistência Social;244;Assistência Comunitária;720;3.1.91.13.00.00.00.00;OBRIGAÇÕES PATRONAIS;1.500.000.0000;RECURSOS NÃO VINCULADOS DE IMPOSTOS;80.528,96
PREFEITURA MUNICIPAL DE BARBACENA;25.003;FUNDO MUNICIPAL DE ASSISTENCIA SOCIAL - FMAS;2.319;MANUTENÇAO DE CRAS - PAIF;56;PROTEÇÃO SOCIAL BÁSICA;8;Assistência Social;244;Assistência Comunitária;720;3.1.91.13.00.00.00.00;OBRIGAÇÕES PATRONAIS;1.660.000.0000;TRANSFERÊNCIA DE RECURSOS DO FUNDO NACIONAL DE ASSISTÊNCIA SOCIAL - FNAS;29.512,50
PREFEITURA MUNICIPAL DE BARBACENA;25.003;FUNDO MUNICIPAL DE ASSISTENCIA SOCIAL - FMAS;2.319;MANUTENÇAO DE CRAS - PAIF;56;PROTEÇÃO SOCIAL BÁSICA;8;Assistência Social;244;Assistência Comunitária;720;3.1.91.13.00.00.00.00;OBRIGAÇÕES PATRONAIS;1.661.000.0000;TRANSFERÊNCIA DE RECURSOS DOS FUNDOS ESTADUAIS DE ASSISTÊNCIA SOCIAL;0,00
PREFEITURA MUNICIPAL DE BARBACENA;25.003;FUNDO MUNICIPAL DE ASSISTENCIA SOCIAL - FMAS;2.319;MANUTENÇAO DE CRAS - PAIF;56;PROTEÇÃO SOCIAL BÁSICA;8;Assistência Social;244;Assistência Comunitária;720;3.1.91.13.00.00.00.00;OBRIGAÇÕES PATRONAIS;2.660.000.0000;TRANSFERÊNCIA DE RECURSOS DO FUNDO NACIONAL DE ASSISTÊNCIA SOCIAL - FNAS;64.331,11
PREFEITURA MUNICIPAL DE BARBACENA;25.003;FUNDO MUNICIPAL DE ASSISTENCIA SOCIAL - FMAS;2.319;MANUTENÇAO DE CRAS - PAIF;56;PROTEÇÃO SOCIAL BÁSICA;8;Assistência Social;244;Assistência Comunitária;721;3.1.91.92.00.00.00.00;DESPESAS DE EXERCÍCIOS ANTERIORES;1.660.000.0000;TRANSFERÊNCIA DE RECURSOS DO FUNDO NACIONAL DE ASSISTÊNCIA SOCIAL - FNAS;0,00
PREFEITURA MUNICIPAL DE BARBACENA;25.003;FUNDO MUNICIPAL DE ASSISTENCIA SOCIAL - FMAS;2.319;MANUTENÇAO DE CRAS - PAIF;56;PROTEÇÃO SOCIAL BÁSICA;8;Assistência Social;244;Assistência Comunitária;722;3.3.90.08.00.00.00.00;OUTROS BENEFÍCIOS ASSISTENCIAIS-SERVIDOR/MILITAR;1.660.000.0000;TRANSFERÊNCIA DE RECURSOS DO FUNDO NACIONAL DE ASSISTÊNCIA SOCIAL - FNAS;2.000,00
PREFEITURA MUNICIPAL DE BARBACENA;25.003;FUNDO MUNICIPAL DE ASSISTENCIA SOCIAL - FMAS;2.319;MANUTENÇAO DE CRAS - PAIF;56;PROTEÇÃO SOCIAL BÁSICA;8;Assistência Social;244;Assistência Comunitária;722;3.3.90.08.00.00.00.00;OUTROS BENEFÍCIOS ASSISTENCIAIS-SERVIDOR/MILITAR;1.661.000.0000;TRANSFERÊNCIA DE RECURSOS DOS FUNDOS ESTADUAIS DE ASSISTÊNCIA SOCIAL;336,00
PREFEITURA MUNICIPAL DE BARBACENA;25.003;FUNDO MUNICIPAL DE ASSISTENCIA SOCIAL - FMAS;2.319;MANUTENÇAO DE CRAS - PAIF;56;PROTEÇÃO SOCIAL BÁSICA;8;Assistência Social;244;Assistência Comunitária;722;3.3.90.08.00.00.00.00;OUTROS BENEFÍCIOS ASSISTENCIAIS-SERVIDOR/MILITAR;2.660.000.0000;TRANSFERÊNCIA DE RECURSOS DO FUNDO NACIONAL DE ASSISTÊNCIA SOCIAL - FNAS;0,01
PREFEITURA MUNICIPAL DE BARBACENA;25.003;FUNDO MUNICIPAL DE ASSISTENCIA SOCIAL - FMAS;2.319;MANUTENÇAO DE CRAS - PAIF;56;PROTEÇÃO SOCIAL BÁSICA;8;Assistência Social;244;Assistência Comunitária;723;3.3.90.14.00.00.00.00;DIÁRIAS - PESSOAL CIVIL;1.500.000.0000;RECURSOS NÃO VINCULADOS DE IMPOSTOS;0,00
PREFEITURA MUNICIPAL DE BARBACENA;25.003;FUNDO MUNICIPAL DE ASSISTENCIA SOCIAL - FMAS;2.319;MANUTENÇAO DE CRAS - PAIF;56;PROTEÇÃO SOCIAL BÁSICA;8;Assistência Social;244;Assistência Comunitária;723;3.3.90.14.00.00.00.00;DIÁRIAS - PESSOAL CIVIL;1.660.000.0000;TRANSFERÊNCIA DE RECURSOS DO FUNDO NACIONAL DE ASSISTÊNCIA SOCIAL - FNAS;168,60
PREFEITURA MUNICIPAL DE BARBACENA;25.003;FUNDO MUNICIPAL DE ASSISTENCIA SOCIAL - FMAS;2.319;MANUTENÇAO DE CRAS - PAIF;56;PROTEÇÃO SOCIAL BÁSICA;8;Assistência Social;244;Assistência Comunitária;723;3.3.90.14.00.00.00.00;DIÁRIAS - PESSOAL CIVIL;1.661.000.0000;TRANSFERÊNCIA DE RECURSOS DOS FUNDOS ESTADUAIS DE ASSISTÊNCIA SOCIAL;0,00
PREFEITURA MUNICIPAL DE BARBACENA;25.003;FUNDO MUNICIPAL DE ASSISTENCIA SOCIAL - FMAS;2.319;MANUTENÇAO DE CRAS - PAIF;56;PROTEÇÃO SOCIAL BÁSICA;8;Assistência Social;244;Assistência Comunitária;724;3.3.90.18.00.00.00.00;AUXÍLIO FINANCEIRO A ESTUDANTES;1.500.000.0000;RECURSOS NÃO VINCULADOS DE IMPOSTOS;1.000,00
PREFEITURA MUNICIPAL DE BARBACENA;25.003;FUNDO MUNICIPAL DE ASSISTENCIA SOCIAL - FMAS;2.319;MANUTENÇAO DE CRAS - PAIF;56;PROTEÇÃO SOCIAL BÁSICA;8;Assistência Social;244;Assistência Comunitária;724;3.3.90.18.00.00.00.00;AUXÍLIO FINANCEIRO A ESTUDANTES;1.660.000.0000;TRANSFERÊNCIA DE RECURSOS DO FUNDO NACIONAL DE ASSISTÊNCIA SOCIAL - FNAS;1.000,00
PREFEITURA MUNICIPAL DE BARBACENA;25.003;FUNDO MUNICIPAL DE ASSISTENCIA SOCIAL - FMAS;2.319;MANUTENÇAO DE CRAS - PAIF;56;PROTEÇÃO SOCIAL BÁSICA;8;Assistência Social;244;Assistência Comunitária;724;3.3.90.18.00.00.00.00;AUXÍLIO FINANCEIRO A ESTUDANTES;2.660.000.0000;TRANSFERÊNCIA DE RECURSOS DO FUNDO NACIONAL DE ASSISTÊNCIA SOCIAL - FNAS;1.800,01
PREFEITURA MUNICIPAL DE BARBACENA;25.003;FUNDO MUNICIPAL DE ASSISTENCIA SOCIAL - FMAS;2.319;MANUTENÇAO DE CRAS - PAIF;56;PROTEÇÃO SOCIAL BÁSICA;8;Assistência Social;244;Assistência Comunitária;725;3.3.90.30.00.00.00.00;MATERIAL DE CONSUMO;1.500.000.0000;RECURSOS NÃO VINCULADOS DE IMPOSTOS;72,80
PREFEITURA MUNICIPAL DE BARBACENA;25.003;FUNDO MUNICIPAL DE ASSISTENCIA SOCIAL - FMAS;2.319;MANUTENÇAO DE CRAS - PAIF;56;PROTEÇÃO SOCIAL BÁSICA;8;Assistência Social;244;Assistência Comunitária;725;3.3.90.30.00.00.00.00;MATERIAL DE CONSUMO;1.660.000.0000;TRANSFERÊNCIA DE RECURSOS DO FUNDO NACIONAL DE ASSISTÊNCIA SOCIAL - FNAS;125.068,88
PREFEITURA MUNICIPAL DE BARBACENA;25.003;FUNDO MUNICIPAL DE ASSISTENCIA SOCIAL - FMAS;2.319;MANUTENÇAO DE CRAS - PAIF;56;PROTEÇÃO SOCIAL BÁSICA;8;Assistência Social;244;Assistência Comunitária;725;3.3.90.30.00.00.00.00;MATERIAL DE CONSUMO;1.661.000.0000;TRANSFERÊNCIA DE RECURSOS DOS FUNDOS ESTADUAIS DE ASSISTÊNCIA SOCIAL;5,83
PREFEITURA MUNICIPAL DE BARBACENA;25.003;FUNDO MUNICIPAL DE ASSISTENCIA SOCIAL - FMAS;2.319;MANUTENÇAO DE CRAS - PAIF;56;PROTEÇÃO SOCIAL BÁSICA;8;Assistência Social;244;Assistência Comunitária;725;3.3.90.30.00.00.00.00;MATERIAL DE CONSUMO;2.660.000.0000;TRANSFERÊNCIA DE RECURSOS DO FUNDO NACIONAL DE ASSISTÊNCIA SOCIAL - FNAS;0,01
PREFEITURA MUNICIPAL DE BARBACENA;25.003;FUNDO MUNICIPAL DE ASSISTENCIA SOCIAL - FMAS;2.319;MANUTENÇAO DE CRAS - PAIF;56;PROTEÇÃO SOCIAL BÁSICA;8;Assistência Social;244;Assistência Comunitária;726;3.3.90.36.00.00.00.00;OUTROS SERVIÇOS DE TERCEIROS - PESSOA FÍSICA;1.500.000.0000;RECURSOS NÃO VINCULADOS DE IMPOSTOS;0,00
PREFEITURA MUNICIPAL DE BARBACENA;25.003;FUNDO MUNICIPAL DE ASSISTENCIA SOCIAL - FMAS;2.319;MANUTENÇAO DE CRAS - PAIF;56;PROTEÇÃO SOCIAL BÁSICA;8;Assistência Social;244;Assistência Comunitária;726;3.3.90.36.00.00.00.00;OUTROS SERVIÇOS DE TERCEIROS - PESSOA FÍSICA;1.660.000.0000;TRANSFERÊNCIA DE RECURSOS DO FUNDO NACIONAL DE ASSISTÊNCIA SOCIAL - FNAS;0,00
PREFEITURA MUNICIPAL DE BARBACENA;25.003;FUNDO MUNICIPAL DE ASSISTENCIA SOCIAL - FMAS;2.319;MANUTENÇAO DE CRAS - PAIF;56;PROTEÇÃO SOCIAL BÁSICA;8;Assistência Social;244;Assistência Comunitária;726;3.3.90.36.00.00.00.00;OUTROS SERVIÇOS DE TERCEIROS - PESSOA FÍSICA;1.661.000.0000;TRANSFERÊNCIA DE RECURSOS DOS FUNDOS ESTADUAIS DE ASSISTÊNCIA SOCIAL;0,00
PREFEITURA MUNICIPAL DE BARBACENA;25.003;FUNDO MUNICIPAL DE ASSISTENCIA SOCIAL - FMAS;2.319;MANUTENÇAO DE CRAS - PAIF;56;PROTEÇÃO SOCIAL BÁSICA;8;Assistência Social;244;Assistência Comunitária;727;3.3.90.39.00.00.00.00;OUTROS SERVIÇOS DE TERCEIROS - PESSOA JURÍDICA;1.500.000.0000;RECURSOS NÃO VINCULADOS DE IMPOSTOS;210.365,76
PREFEITURA MUNICIPAL DE BARBACENA;25.003;FUNDO MUNICIPAL DE ASSISTENCIA SOCIAL - FMAS;2.319;MANUTENÇAO DE CRAS - PAIF;56;PROTEÇÃO SOCIAL BÁSICA;8;Assistência Social;244;Assistência Comunitária;727;3.3.90.39.00.00.00.00;OUTROS SERVIÇOS DE TERCEIROS - PESSOA JURÍDICA;1.660.000.0000;TRANSFERÊNCIA DE RECURSOS DO FUNDO NACIONAL DE ASSISTÊNCIA SOCIAL - FNAS;33.540,04
PREFEITURA MUNICIPAL DE BARBACENA;25.003;FUNDO MUNICIPAL DE ASSISTENCIA SOCIAL - FMAS;2.319;MANUTENÇAO DE CRAS - PAIF;56;PROTEÇÃO SOCIAL BÁSICA;8;Assistência Social;244;Assistência Comunitária;727;3.3.90.39.00.00.00.00;OUTROS SERVIÇOS DE TERCEIROS - PESSOA JURÍDICA;1.661.000.0000;TRANSFERÊNCIA DE RECURSOS DOS FUNDOS ESTADUAIS DE ASSISTÊNCIA SOCIAL;0,00
PREFEITURA MUNICIPAL DE BARBACENA;25.003;FUNDO MUNICIPAL DE ASSISTENCIA SOCIAL - FMAS;2.319;MANUTENÇAO DE CRAS - PAIF;56;PROTEÇÃO SOCIAL BÁSICA;8;Assistência Social;244;Assistência Comunitária;728;3.3.90.46.00.00.00.00;AUXÍLIO-ALIMENTAÇÃO;1.500.000.0000;RECURSOS NÃO VINCULADOS DE IMPOSTOS;89.937,34
PREFEITURA MUNICIPAL DE BARBACENA;25.003;FUNDO MUNICIPAL DE ASSISTENCIA SOCIAL - FMAS;2.319;MANUTENÇAO DE CRAS - PAIF;56;PROTEÇÃO SOCIAL BÁSICA;8;Assistência Social;244;Assistência Comunitária;728;3.3.90.46.00.00.00.00;AUXÍLIO-ALIMENTAÇÃO;1.660.000.0000;TRANSFERÊNCIA DE RECURSOS DO FUNDO NACIONAL DE ASSISTÊNCIA SOCIAL - FNAS;19.633,08
PREFEITURA MUNICIPAL DE BARBACENA;25.003;FUNDO MUNICIPAL DE ASSISTENCIA SOCIAL - FMAS;2.319;MANUTENÇAO DE CRAS - PAIF;56;PROTEÇÃO SOCIAL BÁSICA;8;Assistência Social;244;Assistência Comunitária;728;3.3.90.46.00.00.00.00;AUXÍLIO-ALIMENTAÇÃO;2.660.000.0000;TRANSFERÊNCIA DE RECURSOS DO FUNDO NACIONAL DE ASSISTÊNCIA SOCIAL - FNAS;117.659,67
PREFEITURA MUNICIPAL DE BARBACENA;25.003;FUNDO MUNICIPAL DE ASSISTENCIA SOCIAL - FMAS;2.319;MANUTENÇAO DE CRAS - PAIF;56;PROTEÇÃO SOCIAL BÁSICA;8;Assistência Social;244;Assistência Comunitária;729;4.4.90.51.00.00.00.00;OBRAS E INSTALAÇÕES;1.500.000.0000;RECURSOS NÃO VINCULADOS DE IMPOSTOS;0,00
PREFEITURA MUNICIPAL DE BARBACENA;25.003;FUNDO MUNICIPAL DE ASSISTENCIA SOCIAL - FMAS;2.319;MANUTENÇAO DE CRAS - PAIF;56;PROTEÇÃO SOCIAL BÁSICA;8;Assistência Social;244;Assistência Comunitária;729;4.4.90.51.00.00.00.00;OBRAS E INSTALAÇÕES;1.660.000.0000;TRANSFERÊNCIA DE RECURSOS DO FUNDO NACIONAL DE ASSISTÊNCIA SOCIAL - FNAS;0,00
PREFEITURA MUNICIPAL DE BARBACENA;25.003;FUNDO MUNICIPAL DE ASSISTENCIA SOCIAL - FMAS;2.319;MANUTENÇAO DE CRAS - PAIF;56;PROTEÇÃO SOCIAL BÁSICA;8;Assistência Social;244;Assistência Comunitária;729;4.4.90.51.00.00.00.00;OBRAS E INSTALAÇÕES;1.661.000.0000;TRANSFERÊNCIA DE RECURSOS DOS FUNDOS ESTADUAIS DE ASSISTÊNCIA SOCIAL;0,00
PREFEITURA MUNICIPAL DE BARBACENA;25.003;FUNDO MUNICIPAL DE ASSISTENCIA SOCIAL - FMAS;2.319;MANUTENÇAO DE CRAS - PAIF;56;PROTEÇÃO SOCIAL BÁSICA;8;Assistência Social;244;Assistência Comunitária;730;4.4.90.52.00.00.00.00;EQUIPAMENTOS E MATERIAL PERMANENTE;1.500.000.0000;RECURSOS NÃO VINCULADOS DE IMPOSTOS;0,00
PREFEITURA MUNICIPAL DE BARBACENA;25.003;FUNDO MUNICIPAL DE ASSISTENCIA SOCIAL - FMAS;2.319;MANUTENÇAO DE CRAS - PAIF;56;PROTEÇÃO SOCIAL BÁSICA;8;Assistência Social;244;Assistência Comunitária;730;4.4.90.52.00.00.00.00;EQUIPAMENTOS E MATERIAL PERMANENTE;1.501.000.0000;OUTROS RECURSOS NÃO VINCULADOS;0,00
PREFEITURA MUNICIPAL DE BARBACENA;25.003;FUNDO MUNICIPAL DE ASSISTENCIA SOCIAL - FMAS;2.319;MANUTENÇAO DE CRAS - PAIF;56;PROTEÇÃO SOCIAL BÁSICA;8;Assistência Social;244;Assistência Comunitária;730;4.4.90.52.00.00.00.00;EQUIPAMENTOS E MATERIAL PERMANENTE;1.660.000.0000;TRANSFERÊNCIA DE RECURSOS DO FUNDO NACIONAL DE ASSISTÊNCIA SOCIAL - FNAS;0,00
PREFEITURA MUNICIPAL DE BARBACENA;25.003;FUNDO MUNICIPAL DE ASSISTENCIA SOCIAL - FMAS;2.319;MANUTENÇAO DE CRAS - PAIF;56;PROTEÇÃO SOCIAL BÁSICA;8;Assistência Social;244;Assistência Comunitária;730;4.4.90.52.00.00.00.00;EQUIPAMENTOS E MATERIAL PERMANENTE;2.660.000.0000;TRANSFERÊNCIA DE RECURSOS DO FUNDO NACIONAL DE ASSISTÊNCIA SOCIAL - FNAS;103.093,63
PREFEITURA MUNICIPAL DE BARBACENA;25.003;FUNDO MUNICIPAL DE ASSISTENCIA SOCIAL - FMAS;2.386;CRIAÇÃO, IMPLANTAÇÃO E MANUTENÇÃO CRAS SANTA MARIA, CRAS FARIA E CRAS ZONA RURAL;56;PROTEÇÃO SOCIAL BÁSICA;8;Assistência Social;244;Assistência Comunitária;731;3.3.90.30.00.00.00.00;MATERIAL DE CONSUMO;1.500.000.0000;RECURSOS NÃO VINCULADOS DE IMPOSTOS;0,00
PREFEITURA MUNICIPAL DE BARBACENA;25.003;FUNDO MUNICIPAL DE ASSISTENCIA SOCIAL - FMAS;2.386;CRIAÇÃO, IMPLANTAÇÃO E MANUTENÇÃO CRAS SANTA MARIA, CRAS FARIA E CRAS ZONA RURAL;56;PROTEÇÃO SOCIAL BÁSICA;8;Assistência Social;244;Assistência Comunitária;731;3.3.90.30.00.00.00.00;MATERIAL DE CONSUMO;1.660.000.0000;TRANSFERÊNCIA DE RECURSOS DO FUNDO NACIONAL DE ASSISTÊNCIA SOCIAL - FNAS;4.000,00
PREFEITURA MUNICIPAL DE BARBACENA;25.003;FUNDO MUNICIPAL DE ASSISTENCIA SOCIAL - FMAS;2.386;CRIAÇÃO, IMPLANTAÇÃO E MANUTENÇÃO CRAS SANTA MARIA, CRAS FARIA E CRAS ZONA RURAL;56;PROTEÇÃO SOCIAL BÁSICA;8;Assistência Social;244;Assistência Comunitária;732;3.3.90.39.00.00.00.00;OUTROS SERVIÇOS DE TERCEIROS - PESSOA JURÍDICA;1.501.000.0000;OUTROS RECURSOS NÃO VINCULADOS;0,00
PREFEITURA MUNICIPAL DE BARBACENA;25.003;FUNDO MUNICIPAL DE ASSISTENCIA SOCIAL - FMAS;2.386;CRIAÇÃO, IMPLANTAÇÃO E MANUTENÇÃO CRAS SANTA MARIA, CRAS FARIA E CRAS ZONA RURAL;56;PROTEÇÃO SOCIAL BÁSICA;8;Assistência Social;244;Assistência Comunitária;733;4.4.90.51.00.00.00.00;OBRAS E INSTALAÇÕES;1.660.000.0000;TRANSFERÊNCIA DE RECURSOS DO FUNDO NACIONAL DE ASSISTÊNCIA SOCIAL - FNAS;5.000,00
PREFEITURA MUNICIPAL DE BARBACENA;25.003;FUNDO MUNICIPAL DE ASSISTENCIA SOCIAL - FMAS;2.386;CRIAÇÃO, IMPLANTAÇÃO E MANUTENÇÃO CRAS SANTA MARIA, CRAS FARIA E CRAS ZONA RURAL;56;PROTEÇÃO SOCIAL BÁSICA;8;Assistência Social;244;Assistência Comunitária;734;4.4.90.52.00.00.00.00;EQUIPAMENTOS E MATERIAL PERMANENTE;1.660.000.0000;TRANSFERÊNCIA DE RECURSOS DO FUNDO NACIONAL DE ASSISTÊNCIA SOCIAL - FNAS;1.458,52
PREFEITURA MUNICIPAL DE BARBACENA;25.003;FUNDO MUNICIPAL DE ASSISTENCIA SOCIAL - FMAS;2.387;PROGRAMA OPERAÇÃO ACOLHIDA;56;PROTEÇÃO SOCIAL BÁSICA;8;Assistência Social;244;Assistência Comunitária;735;3.3.90.30.00.00.00.00;MATERIAL DE CONSUMO;1.500.000.0000;RECURSOS NÃO VINCULADOS DE IMPOSTOS;0,00
PREFEITURA MUNICIPAL DE BARBACENA;25.003;FUNDO MUNICIPAL DE ASSISTENCIA SOCIAL - FMAS;2.387;PROGRAMA OPERAÇÃO ACOLHIDA;56;PROTEÇÃO SOCIAL BÁSICA;8;Assistência Social;244;Assistência Comunitária;735;3.3.90.30.00.00.00.00;MATERIAL DE CONSUMO;1.660.000.0000;TRANSFERÊNCIA DE RECURSOS DO FUNDO NACIONAL DE ASSISTÊNCIA SOCIAL - FNAS;3.000,00
PREFEITURA MUNICIPAL DE BARBACENA;25.003;FUNDO MUNICIPAL DE ASSISTENCIA SOCIAL - FMAS;2.387;PROGRAMA OPERAÇÃO ACOLHIDA;56;PROTEÇÃO SOCIAL BÁSICA;8;Assistência Social;244;Assistência Comunitária;736;3.3.90.39.00.00.00.00;OUTROS SERVIÇOS DE TERCEIROS - PESSOA JURÍDICA;1.660.000.0000;TRANSFERÊNCIA DE RECURSOS DO FUNDO NACIONAL DE ASSISTÊNCIA SOCIAL - FNAS;2.500,00
PREFEITURA MUNICIPAL DE BARBACENA;25.003;FUNDO MUNICIPAL DE ASSISTENCIA SOCIAL - FMAS;2.389;PROGRAMA PROGREDIR;56;PROTEÇÃO SOCIAL BÁSICA;8;Assistência Social;244;Assistência Comunitária;737;3.3.90.30.00.00.00.00;MATERIAL DE CONSUMO;1.500.000.0000;RECURSOS NÃO VINCULADOS DE IMPOSTOS;0,00
PREFEITURA MUNICIPAL DE BARBACENA;25.003;FUNDO MUNICIPAL DE ASSISTENCIA SOCIAL - FMAS;2.389;PROGRAMA PROGREDIR;56;PROTEÇÃO SOCIAL BÁSICA;8;Assistência Social;244;Assistência Comunitária;737;3.3.90.30.00.00.00.00;MATERIAL DE CONSUMO;1.660.000.0000;TRANSFERÊNCIA DE RECURSOS DO FUNDO NACIONAL DE ASSISTÊNCIA SOCIAL - FNAS;3.000,00
PREFEITURA MUNICIPAL DE BARBACENA;25.003;FUNDO MUNICIPAL DE ASSISTENCIA SOCIAL - FMAS;2.389;PROGRAMA PROGREDIR;56;PROTEÇÃO SOCIAL BÁSICA;8;Assistência Social;244;Assistência Comunitária;738;3.3.90.39.00.00.00.00;OUTROS SERVIÇOS DE TERCEIROS - PESSOA JURÍDICA;1.660.000.0000;TRANSFERÊNCIA DE RECURSOS DO FUNDO NACIONAL DE ASSISTÊNCIA SOCIAL - FNAS;2.500,00
PREFEITURA MUNICIPAL DE BARBACENA;25.003;FUNDO MUNICIPAL DE ASSISTENCIA SOCIAL - FMAS;2.390;PROGRAMA RECOMEÇO;56;PROTEÇÃO SOCIAL BÁSICA;8;Assistência Social;244;Assistência Comunitária;739;3.3.90.30.00.00.00.00;MATERIAL DE CONSUMO;1.500.000.0000;RECURSOS NÃO VINCULADOS DE IMPOSTOS;0,00
PREFEITURA MUNICIPAL DE BARBACENA;25.003;FUNDO MUNICIPAL DE ASSISTENCIA SOCIAL - FMAS;2.390;PROGRAMA RECOMEÇO;56;PROTEÇÃO SOCIAL BÁSICA;8;Assistência Social;244;Assistência Comunitária;739;3.3.90.30.00.00.00.00;MATERIAL DE CONSUMO;1.660.000.0000;TRANSFERÊNCIA DE RECURSOS DO FUNDO NACIONAL DE ASSISTÊNCIA SOCIAL - FNAS;4.000,00
PREFEITURA MUNICIPAL DE BARBACENA;25.003;FUNDO MUNICIPAL DE ASSISTENCIA SOCIAL - FMAS;2.390;PROGRAMA RECOMEÇO;56;PROTEÇÃO SOCIAL BÁSICA;8;Assistência Social;244;Assistência Comunitária;740;3.3.90.39.00.00.00.00;OUTROS SERVIÇOS DE TERCEIROS - PESSOA JURÍDICA;1.660.000.0000;TRANSFERÊNCIA DE RECURSOS DO FUNDO NACIONAL DE ASSISTÊNCIA SOCIAL - FNAS;3.500,00
PREFEITURA MUNICIPAL DE BARBACENA;25.003;FUNDO MUNICIPAL DE ASSISTENCIA SOCIAL - FMAS;2.395;PROGRAMA VIDA EM REDE;56;PROTEÇÃO SOCIAL BÁSICA;8;Assistência Social;244;Assistência Comunitária;741;3.3.90.30.00.00.00.00;MATERIAL DE CONSUMO;1.500.000.0000;RECURSOS NÃO VINCULADOS DE IMPOSTOS;0,00
PREFEITURA MUNICIPAL DE BARBACENA;25.003;FUNDO MUNICIPAL DE ASSISTENCIA SOCIAL - FMAS;2.395;PROGRAMA VIDA EM REDE;56;PROTEÇÃO SOCIAL BÁSICA;8;Assistência Social;244;Assistência Comunitária;742;3.3.90.39.00.00.00.00;OUTROS SERVIÇOS DE TERCEIROS - PESSOA JURÍDICA;1.500.000.0000;RECURSOS NÃO VINCULADOS DE IMPOSTOS;0,00
PREFEITURA MUNICIPAL DE BARBACENA;25.003;FUNDO MUNICIPAL DE ASSISTENCIA SOCIAL - FMAS;2.397;PROGRAMA MEU EMPREGO;56;PROTEÇÃO SOCIAL BÁSICA;8;Assistência Social;244;Assistência Comunitária;743;3.3.90.30.00.00.00.00;MATERIAL DE CONSUMO;1.500.000.0000;RECURSOS NÃO VINCULADOS DE IMPOSTOS;0,00
PREFEITURA MUNICIPAL DE BARBACENA;25.003;FUNDO MUNICIPAL DE ASSISTENCIA SOCIAL - FMAS;2.397;PROGRAMA MEU EMPREGO;56;PROTEÇÃO SOCIAL BÁSICA;8;Assistência Social;244;Assistência Comunitária;744;3.3.90.39.00.00.00.00;OUTROS SERVIÇOS DE TERCEIROS - PESSOA JURÍDICA;1.500.000.0000;RECURSOS NÃO VINCULADOS DE IMPOSTOS;0,00
PREFEITURA MUNICIPAL DE BARBACENA;25.003;FUNDO MUNICIPAL DE ASSISTENCIA SOCIAL - FMAS;2.451;AMPLIAÇÃO DAS AÇÕES DA AMAB;56;PROTEÇÃO SOCIAL BÁSICA;8;Assistência Social;244;Assistência Comunitária;745;3.3.50.43.00.00.00.00;SUBVENÇÕES SOCIAIS;1.501.000.0000;OUTROS RECURSOS NÃO VINCULADOS;24.752,21
PREFEITURA MUNICIPAL DE BARBACENA;25.003;FUNDO MUNICIPAL DE ASSISTENCIA SOCIAL - FMAS;2.453;AMPLIAÇÃO DAS AÇÕES DAS OBRAS SOCIAIS DE NOSSA SENHORA DE FÁTIMA;56;PROTEÇÃO SOCIAL BÁSICA;8;Assistência Social;244;Assistência Comunitária;746;3.3.50.43.00.00.00.00;SUBVENÇÕES SOCIAIS;1.501.000.0000;OUTROS RECURSOS NÃO VINCULADOS;49.504,41
PREFEITURA MUNICIPAL DE BARBACENA;25.003;FUNDO MUNICIPAL DE ASSISTENCIA SOCIAL - FMAS;2.454;AMPLIAÇÃO DAS AÇÕES DAS OBRAS SOCIAIS SANTO ANTÔNIO;56;PROTEÇÃO SOCIAL BÁSICA;8;Assistência Social;244;Assistência Comunitária;747;3.3.50.43.00.00.00.00;SUBVENÇÕES SOCIAIS;1.501.000.0000;OUTROS RECURSOS NÃO VINCULADOS;4.000,00
PREFEITURA MUNICIPAL DE BARBACENA;25.003;FUNDO MUNICIPAL DE ASSISTENCIA SOCIAL - FMAS;2.454;AMPLIAÇÃO DAS AÇÕES DAS OBRAS SOCIAIS SANTO ANTÔNIO;56;PROTEÇÃO SOCIAL BÁSICA;8;Assistência Social;244;Assistência Comunitária;959;4.4.50.41.00.00.00.00;CONTRIBUIÇÕES;1.501.000.0000;OUTROS RECURSOS NÃO VINCULADOS;45.504,41
PREFEITURA MUNICIPAL DE BARBACENA;25.003;FUNDO MUNICIPAL DE ASSISTENCIA SOCIAL - FMAS;2.455;AMPLIAÇÃO DAS AÇÕES DO CORAL ARAUJO DE BARBACENA CAB;56;PROTEÇÃO SOCIAL BÁSICA;8;Assistência Social;244;Assistência Comunitária;748;3.3.50.43.00.00.00.00;SUBVENÇÕES SOCIAIS;1.501.000.0000;OUTROS RECURSOS NÃO VINCULADOS;0,00
PREFEITURA MUNICIPAL DE BARBACENA;25.003;FUNDO MUNICIPAL DE ASSISTENCIA SOCIAL - FMAS;2.455;AMPLIAÇÃO DAS AÇÕES DO CORAL ARAUJO DE BARBACENA CAB;56;PROTEÇÃO SOCIAL BÁSICA;8;Assistência Social;244;Assistência Comunitária;960;4.4.50.41.00.00.00.00;CONTRIBUIÇÕES;1.501.000.0000;OUTROS RECURSOS NÃO VINCULADOS;24.752,21
PREFEITURA MUNICIPAL DE BARBACENA;25.003;FUNDO MUNICIPAL DE ASSISTENCIA SOCIAL - FMAS;2.459;APOIO A ASSOCIAÇÃO DE MÃES E AMIGOS DO AUTISTA DE BARBACENA - AMAB;56;PROTEÇÃO SOCIAL BÁSICA;8;Assistência Social;244;Assistência Comunitária;749;3.3.50.43.00.00.00.00;SUBVENÇÕES SOCIAIS;1.500.000.0000;RECURSOS NÃO VINCULADOS DE IMPOSTOS;53.316,37
PREFEITURA MUNICIPAL DE BARBACENA;25.003;FUNDO MUNICIPAL DE ASSISTENCIA SOCIAL - FMAS;2.459;APOIO A ASSOCIAÇÃO DE MÃES E AMIGOS DO AUTISTA DE BARBACENA - AMAB;56;PROTEÇÃO SOCIAL BÁSICA;8;Assistência Social;244;Assistência Comunitária;749;3.3.50.43.00.00.00.00;SUBVENÇÕES SOCIAIS;1.501.000.0000;OUTROS RECURSOS NÃO VINCULADOS;83.400,00
PREFEITURA MUNICIPAL DE BARBACENA;25.003;FUNDO MUNICIPAL DE ASSISTENCIA SOCIAL - FMAS;2.459;APOIO A ASSOCIAÇÃO DE MÃES E AMIGOS DO AUTISTA DE BARBACENA - AMAB;56;PROTEÇÃO SOCIAL BÁSICA;8;Assistência Social;244;Assistência Comunitária;961;3.3.50.41.00.00.00.00;CONTRIBUIÇÕES;1.500.000.0000;RECURSOS NÃO VINCULADOS DE IMPOSTOS;0,01
PREFEITURA MUNICIPAL DE BARBACENA;25.003;FUNDO MUNICIPAL DE ASSISTENCIA SOCIAL - FMAS;2.459;APOIO A ASSOCIAÇÃO DE MÃES E AMIGOS DO AUTISTA DE BARBACENA - AMAB;56;PROTEÇÃO SOCIAL BÁSICA;8;Assistência Social;244;Assistência Comunitária;961;3.3.50.41.00.00.00.00;CONTRIBUIÇÕES;1.501.000.0000;OUTROS RECURSOS NÃO VINCULADOS;199.865,46
PREFEITURA MUNICIPAL DE BARBACENA;25.003;FUNDO MUNICIPAL DE ASSISTENCIA SOCIAL - FMAS;2.461;APOIO A ASSOCIAÇÃO SÃO MIGUEL ARCANJO;56;PROTEÇÃO SOCIAL BÁSICA;8;Assistência Social;244;Assistência Comunitária;750;3.3.50.43.00.00.00.00;SUBVENÇÕES SOCIAIS;1.501.000.0000;OUTROS RECURSOS NÃO VINCULADOS;94.421,34
PREFEITURA MUNICIPAL DE BARBACENA;25.003;FUNDO MUNICIPAL DE ASSISTENCIA SOCIAL - FMAS;2.461;APOIO A ASSOCIAÇÃO SÃO MIGUEL ARCANJO;56;PROTEÇÃO SOCIAL BÁSICA;8;Assistência Social;244;Assistência Comunitária;750;3.3.50.43.00.00.00.00;SUBVENÇÕES SOCIAIS;1.660.000.0000;TRANSFERÊNCIA DE RECURSOS DO FUNDO NACIONAL DE ASSISTÊNCIA SOCIAL - FNAS;40.995,23
PREFEITURA MUNICIPAL DE BARBACENA;25.003;FUNDO MUNICIPAL DE ASSISTENCIA SOCIAL - FMAS;2.472;AQUISIÇÃO DE MATERIAIS PSICOPEDAGÓGICOS PARA A ASSOCIAÇÃO DAS MÃES DOS AUTISTAS DE BARBACENA – AMAB;56;PROTEÇÃO SOCIAL BÁSICA;8;Assistência Social;244;Assistência Comunitária;751;3.3.50.43.00.00.00.00;SUBVENÇÕES SOCIAIS;1.501.000.0000;OUTROS RECURSOS NÃO VINCULADOS;0,00
PREFEITURA MUNICIPAL DE BARBACENA;25.003;FUNDO MUNICIPAL DE ASSISTENCIA SOCIAL - FMAS;2.472;AQUISIÇÃO DE MATERIAIS PSICOPEDAGÓGICOS PARA A ASSOCIAÇÃO DAS MÃES DOS AUTISTAS DE BARBACENA – AMAB;56;PROTEÇÃO SOCIAL BÁSICA;8;Assistência Social;244;Assistência Comunitária;969;3.3.50.41.00.00.00.00;CONTRIBUIÇÕES;1.501.000.0000;OUTROS RECURSOS NÃO VINCULADOS;33.265,45
PREFEITURA MUNICIPAL DE BARBACENA;25.003;FUNDO MUNICIPAL DE ASSISTENCIA SOCIAL - FMAS;2.472;AQUISIÇÃO DE MATERIAIS PSICOPEDAGÓGICOS PARA A ASSOCIAÇÃO DAS MÃES DOS AUTISTAS DE BARBACENA – AMAB;56;PROTEÇÃO SOCIAL BÁSICA;8;Assistência Social;244;Assistência Comunitária;970;4.4.50.41.00.00.00.00;CONTRIBUIÇÕES;1.501.000.0000;OUTROS RECURSOS NÃO VINCULADOS;0,00
PREFEITURA MUNICIPAL DE BARBACENA;25.003;FUNDO MUNICIPAL DE ASSISTENCIA SOCIAL - FMAS;2.608;CONTRATOS E PARCERIAS COM ENTIDADES DE ASSISTENCIA SOCIAL;56;PROTEÇÃO SOCIAL BÁSICA;8;Assistência Social;244;Assistência Comunitária;752;3.3.50.43.00.00.00.00;SUBVENÇÕES SOCIAIS;1.500.000.0000;RECURSOS NÃO VINCULADOS DE IMPOSTOS;605.087,85
PREFEITURA MUNICIPAL DE BARBACENA;25.003;FUNDO MUNICIPAL DE ASSISTENCIA SOCIAL - FMAS;2.608;CONTRATOS E PARCERIAS COM ENTIDADES DE ASSISTENCIA SOCIAL;56;PROTEÇÃO SOCIAL BÁSICA;8;Assistência Social;244;Assistência Comunitária;752;3.3.50.43.00.00.00.00;SUBVENÇÕES SOCIAIS;1.501.000.0000;OUTROS RECURSOS NÃO VINCULADOS;732.030,96
PREFEITURA MUNICIPAL DE BARBACENA;25.003;FUNDO MUNICIPAL DE ASSISTENCIA SOCIAL - FMAS;2.608;CONTRATOS E PARCERIAS COM ENTIDADES DE ASSISTENCIA SOCIAL;56;PROTEÇÃO SOCIAL BÁSICA;8;Assistência Social;244;Assistência Comunitária;752;3.3.50.43.00.00.00.00;SUBVENÇÕES SOCIAIS;2.753.000.0000;RECURSOS PROVENIENTES DE TAXAS, CONTRIBUIÇÕES E PREÇOS PÚBLICOS;100.000,01
PREFEITURA MUNICIPAL DE BARBACENA;25.003;FUNDO MUNICIPAL DE ASSISTENCIA SOCIAL - FMAS;2.608;CONTRATOS E PARCERIAS COM ENTIDADES DE ASSISTENCIA SOCIAL;56;PROTEÇÃO SOCIAL BÁSICA;8;Assistência Social;244;Assistência Comunitária;753;3.3.90.39.00.00.00.00;OUTROS SERVIÇOS DE TERCEIROS - PESSOA JURÍDICA;1.500.000.0000;RECURSOS NÃO VINCULADOS DE IMPOSTOS;73.556,58
PREFEITURA MUNICIPAL DE BARBACENA;25.003;FUNDO MUNICIPAL DE ASSISTENCIA SOCIAL - FMAS;2.608;CONTRATOS E PARCERIAS COM ENTIDADES DE ASSISTENCIA SOCIAL;56;PROTEÇÃO SOCIAL BÁSICA;8;Assistência Social;244;Assistência Comunitária;753;3.3.90.39.00.00.00.00;OUTROS SERVIÇOS DE TERCEIROS - PESSOA JURÍDICA;1.501.000.0000;OUTROS RECURSOS NÃO VINCULADOS;0,00
PREFEITURA MUNICIPAL DE BARBACENA;25.003;FUNDO MUNICIPAL DE ASSISTENCIA SOCIAL - FMAS;2.608;CONTRATOS E PARCERIAS COM ENTIDADES DE ASSISTENCIA SOCIAL;56;PROTEÇÃO SOCIAL BÁSICA;8;Assistência Social;244;Assistência Comunitária;753;3.3.90.39.00.00.00.00;OUTROS SERVIÇOS DE TERCEIROS - PESSOA JURÍDICA;1.661.000.0000;TRANSFERÊNCIA DE RECURSOS DOS FUNDOS ESTADUAIS DE ASSISTÊNCIA SOCIAL;0,00
PREFEITURA MUNICIPAL DE BARBACENA;25.003;FUNDO MUNICIPAL DE ASSISTENCIA SOCIAL - FMAS;2.605;MANUTENÇÃO DO SERVIÇO DE ATENDIMENTO A ADOLESCENTES EM MEDIDA SÓCIOEDUCATIVA;57;PROTEÇÃO SOCIAL ESPECIAL DE MÉDIA COMPLEXIDADE;8;Assistência Social;243;Assistência à Criança e ao Adolescente;694;3.1.90.04.00.00.00.00;CONTRATAÇÃO POR TEMPO DETERMINADO;1.660.000.0000;TRANSFERÊNCIA DE RECURSOS DO FUNDO NACIONAL DE ASSISTÊNCIA SOCIAL - FNAS;4.500,00
PREFEITURA MUNICIPAL DE BARBACENA;25.003;FUNDO MUNICIPAL DE ASSISTENCIA SOCIAL - FMAS;2.605;MANUTENÇÃO DO SERVIÇO DE ATENDIMENTO A ADOLESCENTES EM MEDIDA SÓCIOEDUCATIVA;57;PROTEÇÃO SOCIAL ESPECIAL DE MÉDIA COMPLEXIDADE;8;Assistência Social;243;Assistência à Criança e ao Adolescente;695;3.1.90.13.00.00.00.00;OBRIGAÇÕES PATRONAIS;1.660.000.0000;TRANSFERÊNCIA DE RECURSOS DO FUNDO NACIONAL DE ASSISTÊNCIA SOCIAL - FNAS;5.000,00
PREFEITURA MUNICIPAL DE BARBACENA;25.003;FUNDO MUNICIPAL DE ASSISTENCIA SOCIAL - FMAS;2.605;MANUTENÇÃO DO SERVIÇO DE ATENDIMENTO A ADOLESCENTES EM MEDIDA SÓCIOEDUCATIVA;57;PROTEÇÃO SOCIAL ESPECIAL DE MÉDIA COMPLEXIDADE;8;Assistência Social;243;Assistência à Criança e ao Adolescente;696;3.3.90.18.00.00.00.00;AUXÍLIO FINANCEIRO A ESTUDANTES;1.660.000.0000;TRANSFERÊNCIA DE RECURSOS DO FUNDO NACIONAL DE ASSISTÊNCIA SOCIAL - FNAS;1.000,00
PREFEITURA MUNICIPAL DE BARBACENA;25.003;FUNDO MUNICIPAL DE ASSISTENCIA SOCIAL - FMAS;2.605;MANUTENÇÃO DO SERVIÇO DE ATENDIMENTO A ADOLESCENTES EM MEDIDA SÓCIOEDUCATIVA;57;PROTEÇÃO SOCIAL ESPECIAL DE MÉDIA COMPLEXIDADE;8;Assistência Social;243;Assistência à Criança e ao Adolescente;697;3.3.90.30.00.00.00.00;MATERIAL DE CONSUMO;1.660.000.0000;TRANSFERÊNCIA DE RECURSOS DO FUNDO NACIONAL DE ASSISTÊNCIA SOCIAL - FNAS;1.500,00
PREFEITURA MUNICIPAL DE BARBACENA;25.003;FUNDO MUNICIPAL DE ASSISTENCIA SOCIAL - FMAS;2.605;MANUTENÇÃO DO SERVIÇO DE ATENDIMENTO A ADOLESCENTES EM MEDIDA SÓCIOEDUCATIVA;57;PROTEÇÃO SOCIAL ESPECIAL DE MÉDIA COMPLEXIDADE;8;Assistência Social;243;Assistência à Criança e ao Adolescente;698;3.3.90.36.00.00.00.00;OUTROS SERVIÇOS DE TERCEIROS - PESSOA FÍSICA;1.660.000.0000;TRANSFERÊNCIA DE RECURSOS DO FUNDO NACIONAL DE ASSISTÊNCIA SOCIAL - FNAS;1.000,00
PREFEITURA MUNICIPAL DE BARBACENA;25.003;FUNDO MUNICIPAL DE ASSISTENCIA SOCIAL - FMAS;2.605;MANUTENÇÃO DO SERVIÇO DE ATENDIMENTO A ADOLESCENTES EM MEDIDA SÓCIOEDUCATIVA;57;PROTEÇÃO SOCIAL ESPECIAL DE MÉDIA COMPLEXIDADE;8;Assistência Social;243;Assistência à Criança e ao Adolescente;699;3.3.90.39.00.00.00.00;OUTROS SERVIÇOS DE TERCEIROS - PESSOA JURÍDICA;1.501.000.0000;OUTROS RECURSOS NÃO VINCULADOS;0,00
PREFEITURA MUNICIPAL DE BARBACENA;25.003;FUNDO MUNICIPAL DE ASSISTENCIA SOCIAL - FMAS;2.605;MANUTENÇÃO DO SERVIÇO DE ATENDIMENTO A ADOLESCENTES EM MEDIDA SÓCIOEDUCATIVA;57;PROTEÇÃO SOCIAL ESPECIAL DE MÉDIA COMPLEXIDADE;8;Assistência Social;243;Assistência à Criança e ao Adolescente;699;3.3.90.39.00.00.00.00;OUTROS SERVIÇOS DE TERCEIROS - PESSOA JURÍDICA;1.660.000.0000;TRANSFERÊNCIA DE RECURSOS DO FUNDO NACIONAL DE ASSISTÊNCIA SOCIAL - FNAS;1.000,00
PREFEITURA MUNICIPAL DE BARBACENA;25.003;FUNDO MUNICIPAL DE ASSISTENCIA SOCIAL - FMAS;2.307;SERVIÇO DE ATENÇAO AO MIGRANTE;57;PROTEÇÃO SOCIAL ESPECIAL DE MÉDIA COMPLEXIDADE;8;Assistência Social;244;Assistência Comunitária;754;3.1.90.04.00.00.00.00;CONTRATAÇÃO POR TEMPO DETERMINADO;1.500.000.0000;RECURSOS NÃO VINCULADOS DE IMPOSTOS;25.931,21
PREFEITURA MUNICIPAL DE BARBACENA;25.003;FUNDO MUNICIPAL DE ASSISTENCIA SOCIAL - FMAS;2.307;SERVIÇO DE ATENÇAO AO MIGRANTE;57;PROTEÇÃO SOCIAL ESPECIAL DE MÉDIA COMPLEXIDADE;8;Assistência Social;244;Assistência Comunitária;755;3.1.90.11.00.00.00.00;VENCIMENTOS E VANTAGENS FIXAS - PESSOAL CIVIL;1.500.000.0000;RECURSOS NÃO VINCULADOS DE IMPOSTOS;1.834,00
PREFEITURA MUNICIPAL DE BARBACENA;25.003;FUNDO MUNICIPAL DE ASSISTENCIA SOCIAL - FMAS;2.307;SERVIÇO DE ATENÇAO AO MIGRANTE;57;PROTEÇÃO SOCIAL ESPECIAL DE MÉDIA COMPLEXIDADE;8;Assistência Social;244;Assistência Comunitária;756;3.1.90.13.00.00.00.00;OBRIGAÇÕES PATRONAIS;1.500.000.0000;RECURSOS NÃO VINCULADOS DE IMPOSTOS;3.064,61
PREFEITURA MUNICIPAL DE BARBACENA;25.003;FUNDO MUNICIPAL DE ASSISTENCIA SOCIAL - FMAS;2.307;SERVIÇO DE ATENÇAO AO MIGRANTE;57;PROTEÇÃO SOCIAL ESPECIAL DE MÉDIA COMPLEXIDADE;8;Assistência Social;244;Assistência Comunitária;757;3.3.90.14.00.00.00.00;DIÁRIAS - PESSOAL CIVIL;1.500.000.0000;RECURSOS NÃO VINCULADOS DE IMPOSTOS;0,00
PREFEITURA MUNICIPAL DE BARBACENA;25.003;FUNDO MUNICIPAL DE ASSISTENCIA SOCIAL - FMAS;2.307;SERVIÇO DE ATENÇAO AO MIGRANTE;57;PROTEÇÃO SOCIAL ESPECIAL DE MÉDIA COMPLEXIDADE;8;Assistência Social;244;Assistência Comunitária;758;3.3.90.18.00.00.00.00;AUXÍLIO FINANCEIRO A ESTUDANTES;1.500.000.0000;RECURSOS NÃO VINCULADOS DE IMPOSTOS;750,00
PREFEITURA MUNICIPAL DE BARBACENA;25.003;FUNDO MUNICIPAL DE ASSISTENCIA SOCIAL - FMAS;2.307;SERVIÇO DE ATENÇAO AO MIGRANTE;57;PROTEÇÃO SOCIAL ESPECIAL DE MÉDIA COMPLEXIDADE;8;Assistência Social;244;Assistência Comunitária;759;3.3.90.30.00.00.00.00;MATERIAL DE CONSUMO;1.500.000.0000;RECURSOS NÃO VINCULADOS DE IMPOSTOS;0,00
PREFEITURA MUNICIPAL DE BARBACENA;25.003;FUNDO MUNICIPAL DE ASSISTENCIA SOCIAL - FMAS;2.307;SERVIÇO DE ATENÇAO AO MIGRANTE;57;PROTEÇÃO SOCIAL ESPECIAL DE MÉDIA COMPLEXIDADE;8;Assistência Social;244;Assistência Comunitária;760;3.3.90.39.00.00.00.00;OUTROS SERVIÇOS DE TERCEIROS - PESSOA JURÍDICA;1.500.000.0000;RECURSOS NÃO VINCULADOS DE IMPOSTOS;0,00
PREFEITURA MUNICIPAL DE BARBACENA;25.003;FUNDO MUNICIPAL DE ASSISTENCIA SOCIAL - FMAS;2.307;SERVIÇO DE ATENÇAO AO MIGRANTE;57;PROTEÇÃO SOCIAL ESPECIAL DE MÉDIA COMPLEXIDADE;8;Assistência Social;244;Assistência Comunitária;760;3.3.90.39.00.00.00.00;OUTROS SERVIÇOS DE TERCEIROS - PESSOA JURÍDICA;1.661.000.0000;TRANSFERÊNCIA DE RECURSOS DOS FUNDOS ESTADUAIS DE ASSISTÊNCIA SOCIAL;0,00
PREFEITURA MUNICIPAL DE BARBACENA;25.003;FUNDO MUNICIPAL DE ASSISTENCIA SOCIAL - FMAS;2.307;SERVIÇO DE ATENÇAO AO MIGRANTE;57;PROTEÇÃO SOCIAL ESPECIAL DE MÉDIA COMPLEXIDADE;8;Assistência Social;244;Assistência Comunitária;761;3.3.90.46.00.00.00.00;AUXÍLIO-ALIMENTAÇÃO;1.500.000.0000;RECURSOS NÃO VINCULADOS DE IMPOSTOS;3.300,00
PREFEITURA MUNICIPAL DE BARBACENA;25.003;FUNDO MUNICIPAL DE ASSISTENCIA SOCIAL - FMAS;2.307;SERVIÇO DE ATENÇAO AO MIGRANTE;57;PROTEÇÃO SOCIAL ESPECIAL DE MÉDIA COMPLEXIDADE;8;Assistência Social;244;Assistência Comunitária;762;4.4.90.52.00.00.00.00;EQUIPAMENTOS E MATERIAL PERMANENTE;1.500.000.0000;RECURSOS NÃO VINCULADOS DE IMPOSTOS;0,00
PREFEITURA MUNICIPAL DE BARBACENA;25.003;FUNDO MUNICIPAL DE ASSISTENCIA SOCIAL - FMAS;2.315;MANUTENÇAO DO CREAS - PAEFI;57;PROTEÇÃO SOCIAL ESPECIAL DE MÉDIA COMPLEXIDADE;8;Assistência Social;244;Assistência Comunitária;763;3.1.90.04.00.00.00.00;CONTRATAÇÃO POR TEMPO DETERMINADO;1.500.000.0000;RECURSOS NÃO VINCULADOS DE IMPOSTOS;135.886,39
PREFEITURA MUNICIPAL DE BARBACENA;25.003;FUNDO MUNICIPAL DE ASSISTENCIA SOCIAL - FMAS;2.315;MANUTENÇAO DO CREAS - PAEFI;57;PROTEÇÃO SOCIAL ESPECIAL DE MÉDIA COMPLEXIDADE;8;Assistência Social;244;Assistência Comunitária;763;3.1.90.04.00.00.00.00;CONTRATAÇÃO POR TEMPO DETERMINADO;1.660.000.0000;TRANSFERÊNCIA DE RECURSOS DO FUNDO NACIONAL DE ASSISTÊNCIA SOCIAL - FNAS;132.065,74
PREFEITURA MUNICIPAL DE BARBACENA;25.003;FUNDO MUNICIPAL DE ASSISTENCIA SOCIAL - FMAS;2.315;MANUTENÇAO DO CREAS - PAEFI;57;PROTEÇÃO SOCIAL ESPECIAL DE MÉDIA COMPLEXIDADE;8;Assistência Social;244;Assistência Comunitária;764;3.1.90.11.00.00.00.00;VENCIMENTOS E VANTAGENS FIXAS - PESSOAL CIVIL;1.500.000.0000;RECURSOS NÃO VINCULADOS DE IMPOSTOS;126.975,71
PREFEITURA MUNICIPAL DE BARBACENA;25.003;FUNDO MUNICIPAL DE ASSISTENCIA SOCIAL - FMAS;2.315;MANUTENÇAO DO CREAS - PAEFI;57;PROTEÇÃO SOCIAL ESPECIAL DE MÉDIA COMPLEXIDADE;8;Assistência Social;244;Assistência Comunitária;764;3.1.90.11.00.00.00.00;VENCIMENTOS E VANTAGENS FIXAS - PESSOAL CIVIL;1.660.000.0000;TRANSFERÊNCIA DE RECURSOS DO FUNDO NACIONAL DE ASSISTÊNCIA SOCIAL - FNAS;1.500,00
PREFEITURA MUNICIPAL DE BARBACENA;25.003;FUNDO MUNICIPAL DE ASSISTENCIA SOCIAL - FMAS;2.315;MANUTENÇAO DO CREAS - PAEFI;57;PROTEÇÃO SOCIAL ESPECIAL DE MÉDIA COMPLEXIDADE;8;Assistência Social;244;Assistência Comunitária;765;3.1.90.13.00.00.00.00;OBRIGAÇÕES PATRONAIS;1.500.000.0000;RECURSOS NÃO VINCULADOS DE IMPOSTOS;0,00
PREFEITURA MUNICIPAL DE BARBACENA;25.003;FUNDO MUNICIPAL DE ASSISTENCIA SOCIAL - FMAS;2.315;MANUTENÇAO DO CREAS - PAEFI;57;PROTEÇÃO SOCIAL ESPECIAL DE MÉDIA COMPLEXIDADE;8;Assistência Social;244;Assistência Comunitária;766;3.1.91.13.00.00.00.00;OBRIGAÇÕES PATRONAIS;1.500.000.0000;RECURSOS NÃO VINCULADOS DE IMPOSTOS;34.553,16
PREFEITURA MUNICIPAL DE BARBACENA;25.003;FUNDO MUNICIPAL DE ASSISTENCIA SOCIAL - FMAS;2.315;MANUTENÇAO DO CREAS - PAEFI;57;PROTEÇÃO SOCIAL ESPECIAL DE MÉDIA COMPLEXIDADE;8;Assistência Social;244;Assistência Comunitária;766;3.1.91.13.00.00.00.00;OBRIGAÇÕES PATRONAIS;1.660.000.0000;TRANSFERÊNCIA DE RECURSOS DO FUNDO NACIONAL DE ASSISTÊNCIA SOCIAL - FNAS;190,00
PREFEITURA MUNICIPAL DE BARBACENA;25.003;FUNDO MUNICIPAL DE ASSISTENCIA SOCIAL - FMAS;2.315;MANUTENÇAO DO CREAS - PAEFI;57;PROTEÇÃO SOCIAL ESPECIAL DE MÉDIA COMPLEXIDADE;8;Assistência Social;244;Assistência Comunitária;767;3.3.90.18.00.00.00.00;AUXÍLIO FINANCEIRO A ESTUDANTES;1.500.000.0000;RECURSOS NÃO VINCULADOS DE IMPOSTOS;2.000,00
PREFEITURA MUNICIPAL DE BARBACENA;25.003;FUNDO MUNICIPAL DE ASSISTENCIA SOCIAL - FMAS;2.315;MANUTENÇAO DO CREAS - PAEFI;57;PROTEÇÃO SOCIAL ESPECIAL DE MÉDIA COMPLEXIDADE;8;Assistência Social;244;Assistência Comunitária;768;3.3.90.30.00.00.00.00;MATERIAL DE CONSUMO;1.500.000.0000;RECURSOS NÃO VINCULADOS DE IMPOSTOS;36,40
PREFEITURA MUNICIPAL DE BARBACENA;25.003;FUNDO MUNICIPAL DE ASSISTENCIA SOCIAL - FMAS;2.315;MANUTENÇAO DO CREAS - PAEFI;57;PROTEÇÃO SOCIAL ESPECIAL DE MÉDIA COMPLEXIDADE;8;Assistência Social;244;Assistência Comunitária;768;3.3.90.30.00.00.00.00;MATERIAL DE CONSUMO;1.660.000.0000;TRANSFERÊNCIA DE RECURSOS DO FUNDO NACIONAL DE ASSISTÊNCIA SOCIAL - FNAS;1.669,33
PREFEITURA MUNICIPAL DE BARBACENA;25.003;FUNDO MUNICIPAL DE ASSISTENCIA SOCIAL - FMAS;2.315;MANUTENÇAO DO CREAS - PAEFI;57;PROTEÇÃO SOCIAL ESPECIAL DE MÉDIA COMPLEXIDADE;8;Assistência Social;244;Assistência Comunitária;769;3.3.90.36.00.00.00.00;OUTROS SERVIÇOS DE TERCEIROS - PESSOA FÍSICA;1.660.000.0000;TRANSFERÊNCIA DE RECURSOS DO FUNDO NACIONAL DE ASSISTÊNCIA SOCIAL - FNAS;35.570,08
PREFEITURA MUNICIPAL DE BARBACENA;25.003;FUNDO MUNICIPAL DE ASSISTENCIA SOCIAL - FMAS;2.315;MANUTENÇAO DO CREAS - PAEFI;57;PROTEÇÃO SOCIAL ESPECIAL DE MÉDIA COMPLEXIDADE;8;Assistência Social;244;Assistência Comunitária;770;3.3.90.39.00.00.00.00;OUTROS SERVIÇOS DE TERCEIROS - PESSOA JURÍDICA;1.500.000.0000;RECURSOS NÃO VINCULADOS DE IMPOSTOS;0,00
PREFEITURA MUNICIPAL DE BARBACENA;25.003;FUNDO MUNICIPAL DE ASSISTENCIA SOCIAL - FMAS;2.315;MANUTENÇAO DO CREAS - PAEFI;57;PROTEÇÃO SOCIAL ESPECIAL DE MÉDIA COMPLEXIDADE;8;Assistência Social;244;Assistência Comunitária;770;3.3.90.39.00.00.00.00;OUTROS SERVIÇOS DE TERCEIROS - PESSOA JURÍDICA;1.660.000.0000;TRANSFERÊNCIA DE RECURSOS DO FUNDO NACIONAL DE ASSISTÊNCIA SOCIAL - FNAS;5.375,01
PREFEITURA MUNICIPAL DE BARBACENA;25.003;FUNDO MUNICIPAL DE ASSISTENCIA SOCIAL - FMAS;2.315;MANUTENÇAO DO CREAS - PAEFI;57;PROTEÇÃO SOCIAL ESPECIAL DE MÉDIA COMPLEXIDADE;8;Assistência Social;244;Assistência Comunitária;771;3.3.90.46.00.00.00.00;AUXÍLIO-ALIMENTAÇÃO;1.500.000.0000;RECURSOS NÃO VINCULADOS DE IMPOSTOS;30.750,00
PREFEITURA MUNICIPAL DE BARBACENA;25.003;FUNDO MUNICIPAL DE ASSISTENCIA SOCIAL - FMAS;2.315;MANUTENÇAO DO CREAS - PAEFI;57;PROTEÇÃO SOCIAL ESPECIAL DE MÉDIA COMPLEXIDADE;8;Assistência Social;244;Assistência Comunitária;771;3.3.90.46.00.00.00.00;AUXÍLIO-ALIMENTAÇÃO;1.660.000.0000;TRANSFERÊNCIA DE RECURSOS DO FUNDO NACIONAL DE ASSISTÊNCIA SOCIAL - FNAS;17.460,00
PREFEITURA MUNICIPAL DE BARBACENA;25.003;FUNDO MUNICIPAL DE ASSISTENCIA SOCIAL - FMAS;2.315;MANUTENÇAO DO CREAS - PAEFI;57;PROTEÇÃO SOCIAL ESPECIAL DE MÉDIA COMPLEXIDADE;8;Assistência Social;244;Assistência Comunitária;772;4.4.90.52.00.00.00.00;EQUIPAMENTOS E MATERIAL PERMANENTE;1.501.000.0000;OUTROS RECURSOS NÃO VINCULADOS;0,00
PREFEITURA MUNICIPAL DE BARBACENA;25.003;FUNDO MUNICIPAL DE ASSISTENCIA SOCIAL - FMAS;2.315;MANUTENÇAO DO CREAS - PAEFI;57;PROTEÇÃO SOCIAL ESPECIAL DE MÉDIA COMPLEXIDADE;8;Assistência Social;244;Assistência Comunitária;772;4.4.90.52.00.00.00.00;EQUIPAMENTOS E MATERIAL PERMANENTE;1.660.000.0000;TRANSFERÊNCIA DE RECURSOS DO FUNDO NACIONAL DE ASSISTÊNCIA SOCIAL - FNAS;537,57
PREFEITURA MUNICIPAL DE BARBACENA;25.003;FUNDO MUNICIPAL DE ASSISTENCIA SOCIAL - FMAS;2.669;SERVIÇO DE ABORDAGEM SOCIAL;57;PROTEÇÃO SOCIAL ESPECIAL DE MÉDIA COMPLEXIDADE;8;Assistência Social;244;Assistência Comunitária;773;3.1.90.04.00.00.00.00;CONTRATAÇÃO POR TEMPO DETERMINADO;1.660.000.0000;TRANSFERÊNCIA DE RECURSOS DO FUNDO NACIONAL DE ASSISTÊNCIA SOCIAL - FNAS;0,00
PREFEITURA MUNICIPAL DE BARBACENA;25.003;FUNDO MUNICIPAL DE ASSISTENCIA SOCIAL - FMAS;2.669;SERVIÇO DE ABORDAGEM SOCIAL;57;PROTEÇÃO SOCIAL ESPECIAL DE MÉDIA COMPLEXIDADE;8;Assistência Social;244;Assistência Comunitária;774;3.1.91.13.00.00.00.00;OBRIGAÇÕES PATRONAIS;1.660.000.0000;TRANSFERÊNCIA DE RECURSOS DO FUNDO NACIONAL DE ASSISTÊNCIA SOCIAL - FNAS;0,00
PREFEITURA MUNICIPAL DE BARBACENA;25.003;FUNDO MUNICIPAL DE ASSISTENCIA SOCIAL - FMAS;2.669;SERVIÇO DE ABORDAGEM SOCIAL;57;PROTEÇÃO SOCIAL ESPECIAL DE MÉDIA COMPLEXIDADE;8;Assistência Social;244;Assistência Comunitária;775;3.3.90.30.00.00.00.00;MATERIAL DE CONSUMO;1.660.000.0000;TRANSFERÊNCIA DE RECURSOS DO FUNDO NACIONAL DE ASSISTÊNCIA SOCIAL - FNAS;5.000,00
PREFEITURA MUNICIPAL DE BARBACENA;25.003;FUNDO MUNICIPAL DE ASSISTENCIA SOCIAL - FMAS;2.669;SERVIÇO DE ABORDAGEM SOCIAL;57;PROTEÇÃO SOCIAL ESPECIAL DE MÉDIA COMPLEXIDADE;8;Assistência Social;244;Assistência Comunitária;776;3.3.90.36.00.00.00.00;OUTROS SERVIÇOS DE TERCEIROS - PESSOA FÍSICA;1.660.000.0000;TRANSFERÊNCIA DE RECURSOS DO FUNDO NACIONAL DE ASSISTÊNCIA SOCIAL - FNAS;1.000,00
PREFEITURA MUNICIPAL DE BARBACENA;25.003;FUNDO MUNICIPAL DE ASSISTENCIA SOCIAL - FMAS;2.669;SERVIÇO DE ABORDAGEM SOCIAL;57;PROTEÇÃO SOCIAL ESPECIAL DE MÉDIA COMPLEXIDADE;8;Assistência Social;244;Assistência Comunitária;777;3.3.93.39.00.00.00.00;OUTROS SERVIÇOS DE TERCEIROS - PESSOA JURÍDICA;1.660.000.0000;TRANSFERÊNCIA DE RECURSOS DO FUNDO NACIONAL DE ASSISTÊNCIA SOCIAL - FNAS;1.000,00
PREFEITURA MUNICIPAL DE BARBACENA;25.003;FUNDO MUNICIPAL DE ASSISTENCIA SOCIAL - FMAS;2.688;MAN. DO CONVÊNIO DE HABILIT. E REABILIT. DA PESSOA COM DEFICIÊNCIA - PTMC  - APAE;57;PROTEÇÃO SOCIAL ESPECIAL DE MÉDIA COMPLEXIDADE;8;Assistência Social;244;Assistência Comunitária;778;3.3.90.39.00.00.00.00;OUTROS SERVIÇOS DE TERCEIROS - PESSOA JURÍDICA;1.501.000.0000;OUTROS RECURSOS NÃO VINCULADOS;0,00
PREFEITURA MUNICIPAL DE BARBACENA;25.003;FUNDO MUNICIPAL DE ASSISTENCIA SOCIAL - FMAS;2.688;MAN. DO CONVÊNIO DE HABILIT. E REABILIT. DA PESSOA COM DEFICIÊNCIA - PTMC  - APAE;57;PROTEÇÃO SOCIAL ESPECIAL DE MÉDIA COMPLEXIDADE;8;Assistência Social;244;Assistência Comunitária;778;3.3.90.39.00.00.00.00;OUTROS SERVIÇOS DE TERCEIROS - PESSOA JURÍDICA;1.660.000.0000;TRANSFERÊNCIA DE RECURSOS DO FUNDO NACIONAL DE ASSISTÊNCIA SOCIAL - FNAS;17.644,00
PREFEITURA MUNICIPAL DE BARBACENA;25.003;FUNDO MUNICIPAL DE ASSISTENCIA SOCIAL - FMAS;2.688;MAN. DO CONVÊNIO DE HABILIT. E REABILIT. DA PESSOA COM DEFICIÊNCIA - PTMC  - APAE;57;PROTEÇÃO SOCIAL ESPECIAL DE MÉDIA COMPLEXIDADE;8;Assistência Social;244;Assistência Comunitária;778;3.3.90.39.00.00.00.00;OUTROS SERVIÇOS DE TERCEIROS - PESSOA JURÍDICA;2.660.000.0000;TRANSFERÊNCIA DE RECURSOS DO FUNDO NACIONAL DE ASSISTÊNCIA SOCIAL - FNAS;80.014,40
PREFEITURA MUNICIPAL DE BARBACENA;25.003;FUNDO MUNICIPAL DE ASSISTENCIA SOCIAL - FMAS;2.657;MANUTENÇÃO DE PARCERIAS, COOPERAÇAO E/OU FOMENTO COM INSTITUIÇÕES DE LONGA PERMANÊNCIA DE IDOSOS;58;PROTEÇÃO SOCIAL ESPECIAL DE ALTA COMPLEXIDADE;8;Assistência Social;241;Assistência à Pessoa Idosa;669;3.3.90.39.00.00.00.00;OUTROS SERVIÇOS DE TERCEIROS - PESSOA JURÍDICA;1.500.000.0000;RECURSOS NÃO VINCULADOS DE IMPOSTOS;0,00
PREFEITURA MUNICIPAL DE BARBACENA;25.003;FUNDO MUNICIPAL DE ASSISTENCIA SOCIAL - FMAS;2.657;MANUTENÇÃO DE PARCERIAS, COOPERAÇAO E/OU FOMENTO COM INSTITUIÇÕES DE LONGA PERMANÊNCIA DE IDOSOS;58;PROTEÇÃO SOCIAL ESPECIAL DE ALTA COMPLEXIDADE;8;Assistência Social;241;Assistência à Pessoa Idosa;669;3.3.90.39.00.00.00.00;OUTROS SERVIÇOS DE TERCEIROS - PESSOA JURÍDICA;1.501.000.0000;OUTROS RECURSOS NÃO VINCULADOS;0,00
PREFEITURA MUNICIPAL DE BARBACENA;25.003;FUNDO MUNICIPAL DE ASSISTENCIA SOCIAL - FMAS;2.657;MANUTENÇÃO DE PARCERIAS, COOPERAÇAO E/OU FOMENTO COM INSTITUIÇÕES DE LONGA PERMANÊNCIA DE IDOSOS;58;PROTEÇÃO SOCIAL ESPECIAL DE ALTA COMPLEXIDADE;8;Assistência Social;241;Assistência à Pessoa Idosa;669;3.3.90.39.00.00.00.00;OUTROS SERVIÇOS DE TERCEIROS - PESSOA JURÍDICA;1.660.000.0000;TRANSFERÊNCIA DE RECURSOS DO FUNDO NACIONAL DE ASSISTÊNCIA SOCIAL - FNAS;0,00
PREFEITURA MUNICIPAL DE BARBACENA;25.003;FUNDO MUNICIPAL DE ASSISTENCIA SOCIAL - FMAS;2.657;MANUTENÇÃO DE PARCERIAS, COOPERAÇAO E/OU FOMENTO COM INSTITUIÇÕES DE LONGA PERMANÊNCIA DE IDOSOS;58;PROTEÇÃO SOCIAL ESPECIAL DE ALTA COMPLEXIDADE;8;Assistência Social;241;Assistência à Pessoa Idosa;669;3.3.90.39.00.00.00.00;OUTROS SERVIÇOS DE TERCEIROS - PESSOA JURÍDICA;2.660.000.0000;TRANSFERÊNCIA DE RECURSOS DO FUNDO NACIONAL DE ASSISTÊNCIA SOCIAL - FNAS;27.000,00
PREFEITURA MUNICIPAL DE BARBACENA;25.003;FUNDO MUNICIPAL DE ASSISTENCIA SOCIAL - FMAS;1.092;PARCERIAS, COOPERAÇAO E/OU FOMENTO COM INSTITUIÇOES DE ACOLHIMENTO PARA CRIANÇAS E ADOLESCENTES;58;PROTEÇÃO SOCIAL ESPECIAL DE ALTA COMPLEXIDADE;8;Assistência Social;243;Assistência à Criança e ao Adolescente;700;3.3.90.30.00.00.00.00;MATERIAL DE CONSUMO;1.500.000.0000;RECURSOS NÃO VINCULADOS DE IMPOSTOS;0,00
PREFEITURA MUNICIPAL DE BARBACENA;25.003;FUNDO MUNICIPAL DE ASSISTENCIA SOCIAL - FMAS;1.092;PARCERIAS, COOPERAÇAO E/OU FOMENTO COM INSTITUIÇOES DE ACOLHIMENTO PARA CRIANÇAS E ADOLESCENTES;58;PROTEÇÃO SOCIAL ESPECIAL DE ALTA COMPLEXIDADE;8;Assistência Social;243;Assistência à Criança e ao Adolescente;701;3.3.90.39.00.00.00.00;OUTROS SERVIÇOS DE TERCEIROS - PESSOA JURÍDICA;1.500.000.0000;RECURSOS NÃO VINCULADOS DE IMPOSTOS;0,00
PREFEITURA MUNICIPAL DE BARBACENA;25.003;FUNDO MUNICIPAL DE ASSISTENCIA SOCIAL - FMAS;1.092;PARCERIAS, COOPERAÇAO E/OU FOMENTO COM INSTITUIÇOES DE ACOLHIMENTO PARA CRIANÇAS E ADOLESCENTES;58;PROTEÇÃO SOCIAL ESPECIAL DE ALTA COMPLEXIDADE;8;Assistência Social;243;Assistência à Criança e ao Adolescente;701;3.3.90.39.00.00.00.00;OUTROS SERVIÇOS DE TERCEIROS - PESSOA JURÍDICA;1.501.000.0000;OUTROS RECURSOS NÃO VINCULADOS;0,00
PREFEITURA MUNICIPAL DE BARBACENA;25.003;FUNDO MUNICIPAL DE ASSISTENCIA SOCIAL - FMAS;2.310;REFORMA E MANUTENÇÃO DA CASA DE ACOLHIMENTO INSTITUCIONAL CRIANÇA E ADOLESCENTE;58;PROTEÇÃO SOCIAL ESPECIAL DE ALTA COMPLEXIDADE;8;Assistência Social;244;Assistência Comunitária;779;3.1.90.04.00.00.00.00;CONTRATAÇÃO POR TEMPO DETERMINADO;1.500.000.0000;RECURSOS NÃO VINCULADOS DE IMPOSTOS;106.631,06
PREFEITURA MUNICIPAL DE BARBACENA;25.003;FUNDO MUNICIPAL DE ASSISTENCIA SOCIAL - FMAS;2.310;REFORMA E MANUTENÇÃO DA CASA DE ACOLHIMENTO INSTITUCIONAL CRIANÇA E ADOLESCENTE;58;PROTEÇÃO SOCIAL ESPECIAL DE ALTA COMPLEXIDADE;8;Assistência Social;244;Assistência Comunitária;779;3.1.90.04.00.00.00.00;CONTRATAÇÃO POR TEMPO DETERMINADO;1.660.000.0000;TRANSFERÊNCIA DE RECURSOS DO FUNDO NACIONAL DE ASSISTÊNCIA SOCIAL - FNAS;113.274,14
PREFEITURA MUNICIPAL DE BARBACENA;25.003;FUNDO MUNICIPAL DE ASSISTENCIA SOCIAL - FMAS;2.310;REFORMA E MANUTENÇÃO DA CASA DE ACOLHIMENTO INSTITUCIONAL CRIANÇA E ADOLESCENTE;58;PROTEÇÃO SOCIAL ESPECIAL DE ALTA COMPLEXIDADE;8;Assistência Social;244;Assistência Comunitária;779;3.1.90.04.00.00.00.00;CONTRATAÇÃO POR TEMPO DETERMINADO;1.661.000.0000;TRANSFERÊNCIA DE RECURSOS DOS FUNDOS ESTADUAIS DE ASSISTÊNCIA SOCIAL;36.372,90
PREFEITURA MUNICIPAL DE BARBACENA;25.003;FUNDO MUNICIPAL DE ASSISTENCIA SOCIAL - FMAS;2.310;REFORMA E MANUTENÇÃO DA CASA DE ACOLHIMENTO INSTITUCIONAL CRIANÇA E ADOLESCENTE;58;PROTEÇÃO SOCIAL ESPECIAL DE ALTA COMPLEXIDADE;8;Assistência Social;244;Assistência Comunitária;779;3.1.90.04.00.00.00.00;CONTRATAÇÃO POR TEMPO DETERMINADO;2.661.000.0000;TRANSFERÊNCIA DE RECURSOS DOS FUNDOS ESTADUAIS DE ASSISTÊNCIA SOCIAL;155.828,41
PREFEITURA MUNICIPAL DE BARBACENA;25.003;FUNDO MUNICIPAL DE ASSISTENCIA SOCIAL - FMAS;2.310;REFORMA E MANUTENÇÃO DA CASA DE ACOLHIMENTO INSTITUCIONAL CRIANÇA E ADOLESCENTE;58;PROTEÇÃO SOCIAL ESPECIAL DE ALTA COMPLEXIDADE;8;Assistência Social;244;Assistência Comunitária;780;3.1.90.13.00.00.00.00;OBRIGAÇÕES PATRONAIS;1.660.000.0000;TRANSFERÊNCIA DE RECURSOS DO FUNDO NACIONAL DE ASSISTÊNCIA SOCIAL - FNAS;3.429,28
PREFEITURA MUNICIPAL DE BARBACENA;25.003;FUNDO MUNICIPAL DE ASSISTENCIA SOCIAL - FMAS;2.310;REFORMA E MANUTENÇÃO DA CASA DE ACOLHIMENTO INSTITUCIONAL CRIANÇA E ADOLESCENTE;58;PROTEÇÃO SOCIAL ESPECIAL DE ALTA COMPLEXIDADE;8;Assistência Social;244;Assistência Comunitária;780;3.1.90.13.00.00.00.00;OBRIGAÇÕES PATRONAIS;1.661.000.0000;TRANSFERÊNCIA DE RECURSOS DOS FUNDOS ESTADUAIS DE ASSISTÊNCIA SOCIAL;0,00
PREFEITURA MUNICIPAL DE BARBACENA;25.003;FUNDO MUNICIPAL DE ASSISTENCIA SOCIAL - FMAS;2.310;REFORMA E MANUTENÇÃO DA CASA DE ACOLHIMENTO INSTITUCIONAL CRIANÇA E ADOLESCENTE;58;PROTEÇÃO SOCIAL ESPECIAL DE ALTA COMPLEXIDADE;8;Assistência Social;244;Assistência Comunitária;780;3.1.90.13.00.00.00.00;OBRIGAÇÕES PATRONAIS;2.661.000.0000;TRANSFERÊNCIA DE RECURSOS DOS FUNDOS ESTADUAIS DE ASSISTÊNCIA SOCIAL;0,01
PREFEITURA MUNICIPAL DE BARBACENA;25.003;FUNDO MUNICIPAL DE ASSISTENCIA SOCIAL - FMAS;2.310;REFORMA E MANUTENÇÃO DA CASA DE ACOLHIMENTO INSTITUCIONAL CRIANÇA E ADOLESCENTE;58;PROTEÇÃO SOCIAL ESPECIAL DE ALTA COMPLEXIDADE;8;Assistência Social;244;Assistência Comunitária;781;3.3.90.08.00.00.00.00;OUTROS BENEFÍCIOS ASSISTENCIAIS-SERVIDOR/MILITAR;1.500.000.0000;RECURSOS NÃO VINCULADOS DE IMPOSTOS;846,28
PREFEITURA MUNICIPAL DE BARBACENA;25.003;FUNDO MUNICIPAL DE ASSISTENCIA SOCIAL - FMAS;2.310;REFORMA E MANUTENÇÃO DA CASA DE ACOLHIMENTO INSTITUCIONAL CRIANÇA E ADOLESCENTE;58;PROTEÇÃO SOCIAL ESPECIAL DE ALTA COMPLEXIDADE;8;Assistência Social;244;Assistência Comunitária;781;3.3.90.08.00.00.00.00;OUTROS BENEFÍCIOS ASSISTENCIAIS-SERVIDOR/MILITAR;1.660.000.0000;TRANSFERÊNCIA DE RECURSOS DO FUNDO NACIONAL DE ASSISTÊNCIA SOCIAL - FNAS;1.000,00
PREFEITURA MUNICIPAL DE BARBACENA;25.003;FUNDO MUNICIPAL DE ASSISTENCIA SOCIAL - FMAS;2.310;REFORMA E MANUTENÇÃO DA CASA DE ACOLHIMENTO INSTITUCIONAL CRIANÇA E ADOLESCENTE;58;PROTEÇÃO SOCIAL ESPECIAL DE ALTA COMPLEXIDADE;8;Assistência Social;244;Assistência Comunitária;781;3.3.90.08.00.00.00.00;OUTROS BENEFÍCIOS ASSISTENCIAIS-SERVIDOR/MILITAR;1.661.000.0000;TRANSFERÊNCIA DE RECURSOS DOS FUNDOS ESTADUAIS DE ASSISTÊNCIA SOCIAL;27,10
PREFEITURA MUNICIPAL DE BARBACENA;25.003;FUNDO MUNICIPAL DE ASSISTENCIA SOCIAL - FMAS;2.310;REFORMA E MANUTENÇÃO DA CASA DE ACOLHIMENTO INSTITUCIONAL CRIANÇA E ADOLESCENTE;58;PROTEÇÃO SOCIAL ESPECIAL DE ALTA COMPLEXIDADE;8;Assistência Social;244;Assistência Comunitária;781;3.3.90.08.00.00.00.00;OUTROS BENEFÍCIOS ASSISTENCIAIS-SERVIDOR/MILITAR;2.661.000.0000;TRANSFERÊNCIA DE RECURSOS DOS FUNDOS ESTADUAIS DE ASSISTÊNCIA SOCIAL;0,01
PREFEITURA MUNICIPAL DE BARBACENA;25.003;FUNDO MUNICIPAL DE ASSISTENCIA SOCIAL - FMAS;2.310;REFORMA E MANUTENÇÃO DA CASA DE ACOLHIMENTO INSTITUCIONAL CRIANÇA E ADOLESCENTE;58;PROTEÇÃO SOCIAL ESPECIAL DE ALTA COMPLEXIDADE;8;Assistência Social;244;Assistência Comunitária;782;3.3.90.14.00.00.00.00;DIÁRIAS - PESSOAL CIVIL;1.660.000.0000;TRANSFERÊNCIA DE RECURSOS DO FUNDO NACIONAL DE ASSISTÊNCIA SOCIAL - FNAS;1.115,78
PREFEITURA MUNICIPAL DE BARBACENA;25.003;FUNDO MUNICIPAL DE ASSISTENCIA SOCIAL - FMAS;2.310;REFORMA E MANUTENÇÃO DA CASA DE ACOLHIMENTO INSTITUCIONAL CRIANÇA E ADOLESCENTE;58;PROTEÇÃO SOCIAL ESPECIAL DE ALTA COMPLEXIDADE;8;Assistência Social;244;Assistência Comunitária;783;3.3.90.18.00.00.00.00;AUXÍLIO FINANCEIRO A ESTUDANTES;1.660.000.0000;TRANSFERÊNCIA DE RECURSOS DO FUNDO NACIONAL DE ASSISTÊNCIA SOCIAL - FNAS;1.500,00
PREFEITURA MUNICIPAL DE BARBACENA;25.003;FUNDO MUNICIPAL DE ASSISTENCIA SOCIAL - FMAS;2.310;REFORMA E MANUTENÇÃO DA CASA DE ACOLHIMENTO INSTITUCIONAL CRIANÇA E ADOLESCENTE;58;PROTEÇÃO SOCIAL ESPECIAL DE ALTA COMPLEXIDADE;8;Assistência Social;244;Assistência Comunitária;783;3.3.90.18.00.00.00.00;AUXÍLIO FINANCEIRO A ESTUDANTES;1.661.000.0000;TRANSFERÊNCIA DE RECURSOS DOS FUNDOS ESTADUAIS DE ASSISTÊNCIA SOCIAL;0,00
PREFEITURA MUNICIPAL DE BARBACENA;25.003;FUNDO MUNICIPAL DE ASSISTENCIA SOCIAL - FMAS;2.310;REFORMA E MANUTENÇÃO DA CASA DE ACOLHIMENTO INSTITUCIONAL CRIANÇA E ADOLESCENTE;58;PROTEÇÃO SOCIAL ESPECIAL DE ALTA COMPLEXIDADE;8;Assistência Social;244;Assistência Comunitária;783;3.3.90.18.00.00.00.00;AUXÍLIO FINANCEIRO A ESTUDANTES;2.661.000.0000;TRANSFERÊNCIA DE RECURSOS DOS FUNDOS ESTADUAIS DE ASSISTÊNCIA SOCIAL;0,01
PREFEITURA MUNICIPAL DE BARBACENA;25.003;FUNDO MUNICIPAL DE ASSISTENCIA SOCIAL - FMAS;2.310;REFORMA E MANUTENÇÃO DA CASA DE ACOLHIMENTO INSTITUCIONAL CRIANÇA E ADOLESCENTE;58;PROTEÇÃO SOCIAL ESPECIAL DE ALTA COMPLEXIDADE;8;Assistência Social;244;Assistência Comunitária;784;3.3.90.30.00.00.00.00;MATERIAL DE CONSUMO;1.500.000.0000;RECURSOS NÃO VINCULADOS DE IMPOSTOS;1.500,00
PREFEITURA MUNICIPAL DE BARBACENA;25.003;FUNDO MUNICIPAL DE ASSISTENCIA SOCIAL - FMAS;2.310;REFORMA E MANUTENÇÃO DA CASA DE ACOLHIMENTO INSTITUCIONAL CRIANÇA E ADOLESCENTE;58;PROTEÇÃO SOCIAL ESPECIAL DE ALTA COMPLEXIDADE;8;Assistência Social;244;Assistência Comunitária;784;3.3.90.30.00.00.00.00;MATERIAL DE CONSUMO;1.501.000.0000;OUTROS RECURSOS NÃO VINCULADOS;16.500,00
PREFEITURA MUNICIPAL DE BARBACENA;25.003;FUNDO MUNICIPAL DE ASSISTENCIA SOCIAL - FMAS;2.310;REFORMA E MANUTENÇÃO DA CASA DE ACOLHIMENTO INSTITUCIONAL CRIANÇA E ADOLESCENTE;58;PROTEÇÃO SOCIAL ESPECIAL DE ALTA COMPLEXIDADE;8;Assistência Social;244;Assistência Comunitária;784;3.3.90.30.00.00.00.00;MATERIAL DE CONSUMO;1.660.000.0000;TRANSFERÊNCIA DE RECURSOS DO FUNDO NACIONAL DE ASSISTÊNCIA SOCIAL - FNAS;25.593,95
PREFEITURA MUNICIPAL DE BARBACENA;25.003;FUNDO MUNICIPAL DE ASSISTENCIA SOCIAL - FMAS;2.310;REFORMA E MANUTENÇÃO DA CASA DE ACOLHIMENTO INSTITUCIONAL CRIANÇA E ADOLESCENTE;58;PROTEÇÃO SOCIAL ESPECIAL DE ALTA COMPLEXIDADE;8;Assistência Social;244;Assistência Comunitária;784;3.3.90.30.00.00.00.00;MATERIAL DE CONSUMO;1.661.000.0000;TRANSFERÊNCIA DE RECURSOS DOS FUNDOS ESTADUAIS DE ASSISTÊNCIA SOCIAL;0,00
PREFEITURA MUNICIPAL DE BARBACENA;25.003;FUNDO MUNICIPAL DE ASSISTENCIA SOCIAL - FMAS;2.310;REFORMA E MANUTENÇÃO DA CASA DE ACOLHIMENTO INSTITUCIONAL CRIANÇA E ADOLESCENTE;58;PROTEÇÃO SOCIAL ESPECIAL DE ALTA COMPLEXIDADE;8;Assistência Social;244;Assistência Comunitária;784;3.3.90.30.00.00.00.00;MATERIAL DE CONSUMO;2.660.000.0000;TRANSFERÊNCIA DE RECURSOS DO FUNDO NACIONAL DE ASSISTÊNCIA SOCIAL - FNAS;2.500,01
PREFEITURA MUNICIPAL DE BARBACENA;25.003;FUNDO MUNICIPAL DE ASSISTENCIA SOCIAL - FMAS;2.310;REFORMA E MANUTENÇÃO DA CASA DE ACOLHIMENTO INSTITUCIONAL CRIANÇA E ADOLESCENTE;58;PROTEÇÃO SOCIAL ESPECIAL DE ALTA COMPLEXIDADE;8;Assistência Social;244;Assistência Comunitária;784;3.3.90.30.00.00.00.00;MATERIAL DE CONSUMO;2.661.000.0000;TRANSFERÊNCIA DE RECURSOS DOS FUNDOS ESTADUAIS DE ASSISTÊNCIA SOCIAL;147.052,81
PREFEITURA MUNICIPAL DE BARBACENA;25.003;FUNDO MUNICIPAL DE ASSISTENCIA SOCIAL - FMAS;2.310;REFORMA E MANUTENÇÃO DA CASA DE ACOLHIMENTO INSTITUCIONAL CRIANÇA E ADOLESCENTE;58;PROTEÇÃO SOCIAL ESPECIAL DE ALTA COMPLEXIDADE;8;Assistência Social;244;Assistência Comunitária;785;3.3.90.33.00.00.00.00;PASSAGENS E DESPESAS COM LOCOMOÇÃO;1.660.000.0000;TRANSFERÊNCIA DE RECURSOS DO FUNDO NACIONAL DE ASSISTÊNCIA SOCIAL - FNAS;1.000,00
PREFEITURA MUNICIPAL DE BARBACENA;25.003;FUNDO MUNICIPAL DE ASSISTENCIA SOCIAL - FMAS;2.310;REFORMA E MANUTENÇÃO DA CASA DE ACOLHIMENTO INSTITUCIONAL CRIANÇA E ADOLESCENTE;58;PROTEÇÃO SOCIAL ESPECIAL DE ALTA COMPLEXIDADE;8;Assistência Social;244;Assistência Comunitária;786;3.3.90.36.00.00.00.00;OUTROS SERVIÇOS DE TERCEIROS - PESSOA FÍSICA;1.660.000.0000;TRANSFERÊNCIA DE RECURSOS DO FUNDO NACIONAL DE ASSISTÊNCIA SOCIAL - FNAS;45.600,00
PREFEITURA MUNICIPAL DE BARBACENA;25.003;FUNDO MUNICIPAL DE ASSISTENCIA SOCIAL - FMAS;2.310;REFORMA E MANUTENÇÃO DA CASA DE ACOLHIMENTO INSTITUCIONAL CRIANÇA E ADOLESCENTE;58;PROTEÇÃO SOCIAL ESPECIAL DE ALTA COMPLEXIDADE;8;Assistência Social;244;Assistência Comunitária;787;3.3.90.39.00.00.00.00;OUTROS SERVIÇOS DE TERCEIROS - PESSOA JURÍDICA;1.500.000.0000;RECURSOS NÃO VINCULADOS DE IMPOSTOS;45.216,00
PREFEITURA MUNICIPAL DE BARBACENA;25.003;FUNDO MUNICIPAL DE ASSISTENCIA SOCIAL - FMAS;2.310;REFORMA E MANUTENÇÃO DA CASA DE ACOLHIMENTO INSTITUCIONAL CRIANÇA E ADOLESCENTE;58;PROTEÇÃO SOCIAL ESPECIAL DE ALTA COMPLEXIDADE;8;Assistência Social;244;Assistência Comunitária;787;3.3.90.39.00.00.00.00;OUTROS SERVIÇOS DE TERCEIROS - PESSOA JURÍDICA;1.501.000.0000;OUTROS RECURSOS NÃO VINCULADOS;14.696,13
PREFEITURA MUNICIPAL DE BARBACENA;25.003;FUNDO MUNICIPAL DE ASSISTENCIA SOCIAL - FMAS;2.310;REFORMA E MANUTENÇÃO DA CASA DE ACOLHIMENTO INSTITUCIONAL CRIANÇA E ADOLESCENTE;58;PROTEÇÃO SOCIAL ESPECIAL DE ALTA COMPLEXIDADE;8;Assistência Social;244;Assistência Comunitária;787;3.3.90.39.00.00.00.00;OUTROS SERVIÇOS DE TERCEIROS - PESSOA JURÍDICA;1.660.000.0000;TRANSFERÊNCIA DE RECURSOS DO FUNDO NACIONAL DE ASSISTÊNCIA SOCIAL - FNAS;41.812,39
PREFEITURA MUNICIPAL DE BARBACENA;25.003;FUNDO MUNICIPAL DE ASSISTENCIA SOCIAL - FMAS;2.310;REFORMA E MANUTENÇÃO DA CASA DE ACOLHIMENTO INSTITUCIONAL CRIANÇA E ADOLESCENTE;58;PROTEÇÃO SOCIAL ESPECIAL DE ALTA COMPLEXIDADE;8;Assistência Social;244;Assistência Comunitária;787;3.3.90.39.00.00.00.00;OUTROS SERVIÇOS DE TERCEIROS - PESSOA JURÍDICA;1.661.000.0000;TRANSFERÊNCIA DE RECURSOS DOS FUNDOS ESTADUAIS DE ASSISTÊNCIA SOCIAL;0,00
PREFEITURA MUNICIPAL DE BARBACENA;25.003;FUNDO MUNICIPAL DE ASSISTENCIA SOCIAL - FMAS;2.310;REFORMA E MANUTENÇÃO DA CASA DE ACOLHIMENTO INSTITUCIONAL CRIANÇA E ADOLESCENTE;58;PROTEÇÃO SOCIAL ESPECIAL DE ALTA COMPLEXIDADE;8;Assistência Social;244;Assistência Comunitária;787;3.3.90.39.00.00.00.00;OUTROS SERVIÇOS DE TERCEIROS - PESSOA JURÍDICA;2.660.000.0000;TRANSFERÊNCIA DE RECURSOS DO FUNDO NACIONAL DE ASSISTÊNCIA SOCIAL - FNAS;172.700,00
PREFEITURA MUNICIPAL DE BARBACENA;25.003;FUNDO MUNICIPAL DE ASSISTENCIA SOCIAL - FMAS;2.310;REFORMA E MANUTENÇÃO DA CASA DE ACOLHIMENTO INSTITUCIONAL CRIANÇA E ADOLESCENTE;58;PROTEÇÃO SOCIAL ESPECIAL DE ALTA COMPLEXIDADE;8;Assistência Social;244;Assistência Comunitária;788;3.3.90.46.00.00.00.00;AUXÍLIO-ALIMENTAÇÃO;1.500.000.0000;RECURSOS NÃO VINCULADOS DE IMPOSTOS;22.110,50
PREFEITURA MUNICIPAL DE BARBACENA;25.003;FUNDO MUNICIPAL DE ASSISTENCIA SOCIAL - FMAS;2.310;REFORMA E MANUTENÇÃO DA CASA DE ACOLHIMENTO INSTITUCIONAL CRIANÇA E ADOLESCENTE;58;PROTEÇÃO SOCIAL ESPECIAL DE ALTA COMPLEXIDADE;8;Assistência Social;244;Assistência Comunitária;788;3.3.90.46.00.00.00.00;AUXÍLIO-ALIMENTAÇÃO;1.660.000.0000;TRANSFERÊNCIA DE RECURSOS DO FUNDO NACIONAL DE ASSISTÊNCIA SOCIAL - FNAS;21.709,63
PREFEITURA MUNICIPAL DE BARBACENA;25.003;FUNDO MUNICIPAL DE ASSISTENCIA SOCIAL - FMAS;2.310;REFORMA E MANUTENÇÃO DA CASA DE ACOLHIMENTO INSTITUCIONAL CRIANÇA E ADOLESCENTE;58;PROTEÇÃO SOCIAL ESPECIAL DE ALTA COMPLEXIDADE;8;Assistência Social;244;Assistência Comunitária;788;3.3.90.46.00.00.00.00;AUXÍLIO-ALIMENTAÇÃO;1.661.000.0000;TRANSFERÊNCIA DE RECURSOS DOS FUNDOS ESTADUAIS DE ASSISTÊNCIA SOCIAL;4.600,00
PREFEITURA MUNICIPAL DE BARBACENA;25.003;FUNDO MUNICIPAL DE ASSISTENCIA SOCIAL - FMAS;2.310;REFORMA E MANUTENÇÃO DA CASA DE ACOLHIMENTO INSTITUCIONAL CRIANÇA E ADOLESCENTE;58;PROTEÇÃO SOCIAL ESPECIAL DE ALTA COMPLEXIDADE;8;Assistência Social;244;Assistência Comunitária;788;3.3.90.46.00.00.00.00;AUXÍLIO-ALIMENTAÇÃO;2.661.000.0000;TRANSFERÊNCIA DE RECURSOS DOS FUNDOS ESTADUAIS DE ASSISTÊNCIA SOCIAL;69.900,00
PREFEITURA MUNICIPAL DE BARBACENA;25.003;FUNDO MUNICIPAL DE ASSISTENCIA SOCIAL - FMAS;2.310;REFORMA E MANUTENÇÃO DA CASA DE ACOLHIMENTO INSTITUCIONAL CRIANÇA E ADOLESCENTE;58;PROTEÇÃO SOCIAL ESPECIAL DE ALTA COMPLEXIDADE;8;Assistência Social;244;Assistência Comunitária;789;3.3.90.92.00.00.00.00;DESPESAS DE EXERCÍCIOS ANTERIORES;1.660.000.0000;TRANSFERÊNCIA DE RECURSOS DO FUNDO NACIONAL DE ASSISTÊNCIA SOCIAL - FNAS;0,00
PREFEITURA MUNICIPAL DE BARBACENA;25.003;FUNDO MUNICIPAL DE ASSISTENCIA SOCIAL - FMAS;2.310;REFORMA E MANUTENÇÃO DA CASA DE ACOLHIMENTO INSTITUCIONAL CRIANÇA E ADOLESCENTE;58;PROTEÇÃO SOCIAL ESPECIAL DE ALTA COMPLEXIDADE;8;Assistência Social;244;Assistência Comunitária;790;4.4.90.51.00.00.00.00;OBRAS E INSTALAÇÕES;1.501.000.0000;OUTROS RECURSOS NÃO VINCULADOS;144,82
PREFEITURA MUNICIPAL DE BARBACENA;25.003;FUNDO MUNICIPAL DE ASSISTENCIA SOCIAL - FMAS;2.310;REFORMA E MANUTENÇÃO DA CASA DE ACOLHIMENTO INSTITUCIONAL CRIANÇA E ADOLESCENTE;58;PROTEÇÃO SOCIAL ESPECIAL DE ALTA COMPLEXIDADE;8;Assistência Social;244;Assistência Comunitária;791;4.4.90.52.00.00.00.00;EQUIPAMENTOS E MATERIAL PERMANENTE;1.501.000.0000;OUTROS RECURSOS NÃO VINCULADOS;53,87
PREFEITURA MUNICIPAL DE BARBACENA;25.003;FUNDO MUNICIPAL DE ASSISTENCIA SOCIAL - FMAS;2.310;REFORMA E MANUTENÇÃO DA CASA DE ACOLHIMENTO INSTITUCIONAL CRIANÇA E ADOLESCENTE;58;PROTEÇÃO SOCIAL ESPECIAL DE ALTA COMPLEXIDADE;8;Assistência Social;244;Assistência Comunitária;791;4.4.90.52.00.00.00.00;EQUIPAMENTOS E MATERIAL PERMANENTE;1.660.000.0000;TRANSFERÊNCIA DE RECURSOS DO FUNDO NACIONAL DE ASSISTÊNCIA SOCIAL - FNAS;0,00
PREFEITURA MUNICIPAL DE BARBACENA;25.003;FUNDO MUNICIPAL DE ASSISTENCIA SOCIAL - FMAS;2.310;REFORMA E MANUTENÇÃO DA CASA DE ACOLHIMENTO INSTITUCIONAL CRIANÇA E ADOLESCENTE;58;PROTEÇÃO SOCIAL ESPECIAL DE ALTA COMPLEXIDADE;8;Assistência Social;244;Assistência Comunitária;925;3.1.90.11.00.00.00.00;VENCIMENTOS E VANTAGENS FIXAS - PESSOAL CIVIL;1.500.000.0000;RECURSOS NÃO VINCULADOS DE IMPOSTOS;18.047,66
PREFEITURA MUNICIPAL DE BARBACENA;25.003;FUNDO MUNICIPAL DE ASSISTENCIA SOCIAL - FMAS;2.310;REFORMA E MANUTENÇÃO DA CASA DE ACOLHIMENTO INSTITUCIONAL CRIANÇA E ADOLESCENTE;58;PROTEÇÃO SOCIAL ESPECIAL DE ALTA COMPLEXIDADE;8;Assistência Social;244;Assistência Comunitária;925;3.1.90.11.00.00.00.00;VENCIMENTOS E VANTAGENS FIXAS - PESSOAL CIVIL;1.661.000.0000;TRANSFERÊNCIA DE RECURSOS DOS FUNDOS ESTADUAIS DE ASSISTÊNCIA SOCIAL;0,00
PREFEITURA MUNICIPAL DE BARBACENA;25.003;FUNDO MUNICIPAL DE ASSISTENCIA SOCIAL - FMAS;2.310;REFORMA E MANUTENÇÃO DA CASA DE ACOLHIMENTO INSTITUCIONAL CRIANÇA E ADOLESCENTE;58;PROTEÇÃO SOCIAL ESPECIAL DE ALTA COMPLEXIDADE;8;Assistência Social;244;Assistência Comunitária;925;3.1.90.11.00.00.00.00;VENCIMENTOS E VANTAGENS FIXAS - PESSOAL CIVIL;2.661.000.0000;TRANSFERÊNCIA DE RECURSOS DOS FUNDOS ESTADUAIS DE ASSISTÊNCIA SOCIAL;18.194,50
PREFEITURA MUNICIPAL DE BARBACENA;25.003;FUNDO MUNICIPAL DE ASSISTENCIA SOCIAL - FMAS;2.310;REFORMA E MANUTENÇÃO DA CASA DE ACOLHIMENTO INSTITUCIONAL CRIANÇA E ADOLESCENTE;58;PROTEÇÃO SOCIAL ESPECIAL DE ALTA COMPLEXIDADE;8;Assistência Social;244;Assistência Comunitária;926;3.1.91.13.00.00.00.00;OBRIGAÇÕES PATRONAIS;1.500.000.0000;RECURSOS NÃO VINCULADOS DE IMPOSTOS;5.477,51
PREFEITURA MUNICIPAL DE BARBACENA;25.003;FUNDO MUNICIPAL DE ASSISTENCIA SOCIAL - FMAS;2.310;REFORMA E MANUTENÇÃO DA CASA DE ACOLHIMENTO INSTITUCIONAL CRIANÇA E ADOLESCENTE;58;PROTEÇÃO SOCIAL ESPECIAL DE ALTA COMPLEXIDADE;8;Assistência Social;244;Assistência Comunitária;926;3.1.91.13.00.00.00.00;OBRIGAÇÕES PATRONAIS;1.661.000.0000;TRANSFERÊNCIA DE RECURSOS DOS FUNDOS ESTADUAIS DE ASSISTÊNCIA SOCIAL;707,00
PREFEITURA MUNICIPAL DE BARBACENA;25.003;FUNDO MUNICIPAL DE ASSISTENCIA SOCIAL - FMAS;2.310;REFORMA E MANUTENÇÃO DA CASA DE ACOLHIMENTO INSTITUCIONAL CRIANÇA E ADOLESCENTE;58;PROTEÇÃO SOCIAL ESPECIAL DE ALTA COMPLEXIDADE;8;Assistência Social;244;Assistência Comunitária;926;3.1.91.13.00.00.00.00;OBRIGAÇÕES PATRONAIS;2.661.000.0000;TRANSFERÊNCIA DE RECURSOS DOS FUNDOS ESTADUAIS DE ASSISTÊNCIA SOCIAL;26.000,00
PREFEITURA MUNICIPAL DE BARBACENA;25.003;FUNDO MUNICIPAL DE ASSISTENCIA SOCIAL - FMAS;2.410;CRIAÇÃO, IMPLANTAÇÃO E MANUTENÇÃO CENTRO DE CONVIVENCIA INTERGERACIONAL;58;PROTEÇÃO SOCIAL ESPECIAL DE ALTA COMPLEXIDADE;8;Assistência Social;244;Assistência Comunitária;792;3.3.90.30.00.00.00.00;MATERIAL DE CONSUMO;1.500.000.0000;RECURSOS NÃO VINCULADOS DE IMPOSTOS;0,00
PREFEITURA MUNICIPAL DE BARBACENA;25.003;FUNDO MUNICIPAL DE ASSISTENCIA SOCIAL - FMAS;2.410;CRIAÇÃO, IMPLANTAÇÃO E MANUTENÇÃO CENTRO DE CONVIVENCIA INTERGERACIONAL;58;PROTEÇÃO SOCIAL ESPECIAL DE ALTA COMPLEXIDADE;8;Assistência Social;244;Assistência Comunitária;792;3.3.90.30.00.00.00.00;MATERIAL DE CONSUMO;1.660.000.0000;TRANSFERÊNCIA DE RECURSOS DO FUNDO NACIONAL DE ASSISTÊNCIA SOCIAL - FNAS;6.000,00
PREFEITURA MUNICIPAL DE BARBACENA;25.003;FUNDO MUNICIPAL DE ASSISTENCIA SOCIAL - FMAS;2.410;CRIAÇÃO, IMPLANTAÇÃO E MANUTENÇÃO CENTRO DE CONVIVENCIA INTERGERACIONAL;58;PROTEÇÃO SOCIAL ESPECIAL DE ALTA COMPLEXIDADE;8;Assistência Social;244;Assistência Comunitária;793;3.3.90.39.00.00.00.00;OUTROS SERVIÇOS DE TERCEIROS - PESSOA JURÍDICA;1.660.000.0000;TRANSFERÊNCIA DE RECURSOS DO FUNDO NACIONAL DE ASSISTÊNCIA SOCIAL - FNAS;3.500,00
PREFEITURA MUNICIPAL DE BARBACENA;25.003;FUNDO MUNICIPAL DE ASSISTENCIA SOCIAL - FMAS;2.410;CRIAÇÃO, IMPLANTAÇÃO E MANUTENÇÃO CENTRO DE CONVIVENCIA INTERGERACIONAL;58;PROTEÇÃO SOCIAL ESPECIAL DE ALTA COMPLEXIDADE;8;Assistência Social;244;Assistência Comunitária;794;4.4.90.51.00.00.00.00;OBRAS E INSTALAÇÕES;1.660.000.0000;TRANSFERÊNCIA DE RECURSOS DO FUNDO NACIONAL DE ASSISTÊNCIA SOCIAL - FNAS;6.000,00
PREFEITURA MUNICIPAL DE BARBACENA;25.003;FUNDO MUNICIPAL DE ASSISTENCIA SOCIAL - FMAS;2.410;CRIAÇÃO, IMPLANTAÇÃO E MANUTENÇÃO CENTRO DE CONVIVENCIA INTERGERACIONAL;58;PROTEÇÃO SOCIAL ESPECIAL DE ALTA COMPLEXIDADE;8;Assistência Social;244;Assistência Comunitária;795;4.4.90.52.00.00.00.00;EQUIPAMENTOS E MATERIAL PERMANENTE;1.501.000.0000;OUTROS RECURSOS NÃO VINCULADOS;0,00
PREFEITURA MUNICIPAL DE BARBACENA;25.003;FUNDO MUNICIPAL DE ASSISTENCIA SOCIAL - FMAS;2.411;CRIAÇÃO, IMPLANTAÇÃO E MANUTENÇÃO CENTRO DE ACOLHIMENTO FAMILIAR;58;PROTEÇÃO SOCIAL ESPECIAL DE ALTA COMPLEXIDADE;8;Assistência Social;244;Assistência Comunitária;796;3.3.90.30.00.00.00.00;MATERIAL DE CONSUMO;1.500.000.0000;RECURSOS NÃO VINCULADOS DE IMPOSTOS;0,00
PREFEITURA MUNICIPAL DE BARBACENA;25.003;FUNDO MUNICIPAL DE ASSISTENCIA SOCIAL - FMAS;2.411;CRIAÇÃO, IMPLANTAÇÃO E MANUTENÇÃO CENTRO DE ACOLHIMENTO FAMILIAR;58;PROTEÇÃO SOCIAL ESPECIAL DE ALTA COMPLEXIDADE;8;Assistência Social;244;Assistência Comunitária;796;3.3.90.30.00.00.00.00;MATERIAL DE CONSUMO;1.660.000.0000;TRANSFERÊNCIA DE RECURSOS DO FUNDO NACIONAL DE ASSISTÊNCIA SOCIAL - FNAS;6.000,00
PREFEITURA MUNICIPAL DE BARBACENA;25.003;FUNDO MUNICIPAL DE ASSISTENCIA SOCIAL - FMAS;2.411;CRIAÇÃO, IMPLANTAÇÃO E MANUTENÇÃO CENTRO DE ACOLHIMENTO FAMILIAR;58;PROTEÇÃO SOCIAL ESPECIAL DE ALTA COMPLEXIDADE;8;Assistência Social;244;Assistência Comunitária;796;3.3.90.30.00.00.00.00;MATERIAL DE CONSUMO;1.661.000.0000;TRANSFERÊNCIA DE RECURSOS DOS FUNDOS ESTADUAIS DE ASSISTÊNCIA SOCIAL;0,00
PREFEITURA MUNICIPAL DE BARBACENA;25.003;FUNDO MUNICIPAL DE ASSISTENCIA SOCIAL - FMAS;2.411;CRIAÇÃO, IMPLANTAÇÃO E MANUTENÇÃO CENTRO DE ACOLHIMENTO FAMILIAR;58;PROTEÇÃO SOCIAL ESPECIAL DE ALTA COMPLEXIDADE;8;Assistência Social;244;Assistência Comunitária;797;3.3.90.39.00.00.00.00;OUTROS SERVIÇOS DE TERCEIROS - PESSOA JURÍDICA;1.660.000.0000;TRANSFERÊNCIA DE RECURSOS DO FUNDO NACIONAL DE ASSISTÊNCIA SOCIAL - FNAS;4.000,00
PREFEITURA MUNICIPAL DE BARBACENA;25.003;FUNDO MUNICIPAL DE ASSISTENCIA SOCIAL - FMAS;2.412;CRIAÇÃO, IMPLANTAÇÃO E MANUTENÇÃO CASA ALBERGUE;58;PROTEÇÃO SOCIAL ESPECIAL DE ALTA COMPLEXIDADE;8;Assistência Social;244;Assistência Comunitária;798;3.3.90.30.00.00.00.00;MATERIAL DE CONSUMO;1.500.000.0000;RECURSOS NÃO VINCULADOS DE IMPOSTOS;0,00
PREFEITURA MUNICIPAL DE BARBACENA;25.003;FUNDO MUNICIPAL DE ASSISTENCIA SOCIAL - FMAS;2.412;CRIAÇÃO, IMPLANTAÇÃO E MANUTENÇÃO CASA ALBERGUE;58;PROTEÇÃO SOCIAL ESPECIAL DE ALTA COMPLEXIDADE;8;Assistência Social;244;Assistência Comunitária;798;3.3.90.30.00.00.00.00;MATERIAL DE CONSUMO;1.660.000.0000;TRANSFERÊNCIA DE RECURSOS DO FUNDO NACIONAL DE ASSISTÊNCIA SOCIAL - FNAS;6.000,00
PREFEITURA MUNICIPAL DE BARBACENA;25.003;FUNDO MUNICIPAL DE ASSISTENCIA SOCIAL - FMAS;2.412;CRIAÇÃO, IMPLANTAÇÃO E MANUTENÇÃO CASA ALBERGUE;58;PROTEÇÃO SOCIAL ESPECIAL DE ALTA COMPLEXIDADE;8;Assistência Social;244;Assistência Comunitária;798;3.3.90.30.00.00.00.00;MATERIAL DE CONSUMO;1.661.000.0000;TRANSFERÊNCIA DE RECURSOS DOS FUNDOS ESTADUAIS DE ASSISTÊNCIA SOCIAL;0,00
PREFEITURA MUNICIPAL DE BARBACENA;25.003;FUNDO MUNICIPAL DE ASSISTENCIA SOCIAL - FMAS;2.412;CRIAÇÃO, IMPLANTAÇÃO E MANUTENÇÃO CASA ALBERGUE;58;PROTEÇÃO SOCIAL ESPECIAL DE ALTA COMPLEXIDADE;8;Assistência Social;244;Assistência Comunitária;799;3.3.90.39.00.00.00.00;OUTROS SERVIÇOS DE TERCEIROS - PESSOA JURÍDICA;1.501.000.0000;OUTROS RECURSOS NÃO VINCULADOS;0,00
PREFEITURA MUNICIPAL DE BARBACENA;25.003;FUNDO MUNICIPAL DE ASSISTENCIA SOCIAL - FMAS;2.412;CRIAÇÃO, IMPLANTAÇÃO E MANUTENÇÃO CASA ALBERGUE;58;PROTEÇÃO SOCIAL ESPECIAL DE ALTA COMPLEXIDADE;8;Assistência Social;244;Assistência Comunitária;799;3.3.90.39.00.00.00.00;OUTROS SERVIÇOS DE TERCEIROS - PESSOA JURÍDICA;1.660.000.0000;TRANSFERÊNCIA DE RECURSOS DO FUNDO NACIONAL DE ASSISTÊNCIA SOCIAL - FNAS;4.000,00
PREFEITURA MUNICIPAL DE BARBACENA;25.003;FUNDO MUNICIPAL DE ASSISTENCIA SOCIAL - FMAS;2.413;CRIAÇÃO, IMPLANTAÇÃO E MANUTENÇÃO NOVA CASA DE ACOLHIMENTO;58;PROTEÇÃO SOCIAL ESPECIAL DE ALTA COMPLEXIDADE;8;Assistência Social;244;Assistência Comunitária;800;3.3.90.30.00.00.00.00;MATERIAL DE CONSUMO;1.500.000.0000;RECURSOS NÃO VINCULADOS DE IMPOSTOS;0,00
PREFEITURA MUNICIPAL DE BARBACENA;25.003;FUNDO MUNICIPAL DE ASSISTENCIA SOCIAL - FMAS;2.413;CRIAÇÃO, IMPLANTAÇÃO E MANUTENÇÃO NOVA CASA DE ACOLHIMENTO;58;PROTEÇÃO SOCIAL ESPECIAL DE ALTA COMPLEXIDADE;8;Assistência Social;244;Assistência Comunitária;800;3.3.90.30.00.00.00.00;MATERIAL DE CONSUMO;1.660.000.0000;TRANSFERÊNCIA DE RECURSOS DO FUNDO NACIONAL DE ASSISTÊNCIA SOCIAL - FNAS;6.000,00
PREFEITURA MUNICIPAL DE BARBACENA;25.003;FUNDO MUNICIPAL DE ASSISTENCIA SOCIAL - FMAS;2.413;CRIAÇÃO, IMPLANTAÇÃO E MANUTENÇÃO NOVA CASA DE ACOLHIMENTO;58;PROTEÇÃO SOCIAL ESPECIAL DE ALTA COMPLEXIDADE;8;Assistência Social;244;Assistência Comunitária;801;3.3.90.39.00.00.00.00;OUTROS SERVIÇOS DE TERCEIROS - PESSOA JURÍDICA;1.501.000.0000;OUTROS RECURSOS NÃO VINCULADOS;0,00
PREFEITURA MUNICIPAL DE BARBACENA;25.003;FUNDO MUNICIPAL DE ASSISTENCIA SOCIAL - FMAS;2.413;CRIAÇÃO, IMPLANTAÇÃO E MANUTENÇÃO NOVA CASA DE ACOLHIMENTO;58;PROTEÇÃO SOCIAL ESPECIAL DE ALTA COMPLEXIDADE;8;Assistência Social;244;Assistência Comunitária;801;3.3.90.39.00.00.00.00;OUTROS SERVIÇOS DE TERCEIROS - PESSOA JURÍDICA;1.660.000.0000;TRANSFERÊNCIA DE RECURSOS DO FUNDO NACIONAL DE ASSISTÊNCIA SOCIAL - FNAS;4.000,00
PREFEITURA MUNICIPAL DE BARBACENA;25.003;FUNDO MUNICIPAL DE ASSISTENCIA SOCIAL - FMAS;2.413;CRIAÇÃO, IMPLANTAÇÃO E MANUTENÇÃO NOVA CASA DE ACOLHIMENTO;58;PROTEÇÃO SOCIAL ESPECIAL DE ALTA COMPLEXIDADE;8;Assistência Social;244;Assistência Comunitária;802;4.4.90.51.00.00.00.00;OBRAS E INSTALAÇÕES;1.660.000.0000;TRANSFERÊNCIA DE RECURSOS DO FUNDO NACIONAL DE ASSISTÊNCIA SOCIAL - FNAS;6.000,00
PREFEITURA MUNICIPAL DE BARBACENA;25.003;FUNDO MUNICIPAL DE ASSISTENCIA SOCIAL - FMAS;2.477;INSTITUIR, REGUL. E IMPLEM. PROG. SAÚDE MENSTRUAL NO CAIB E NO NÚCLEO DE APOIO AO CIDADÃO DE RUA;58;PROTEÇÃO SOCIAL ESPECIAL DE ALTA COMPLEXIDADE;8;Assistência Social;244;Assistência Comunitária;803;3.3.90.30.00.00.00.00;MATERIAL DE CONSUMO;1.501.000.0000;OUTROS RECURSOS NÃO VINCULADOS;30.000,00
PREFEITURA MUNICIPAL DE BARBACENA;25.003;FUNDO MUNICIPAL DE ASSISTENCIA SOCIAL - FMAS;2.665;MANUTENÇÃO DA CASA DE PASSAGEM;58;PROTEÇÃO SOCIAL ESPECIAL DE ALTA COMPLEXIDADE;8;Assistência Social;244;Assistência Comunitária;804;3.1.90.04.00.00.00.00;CONTRATAÇÃO POR TEMPO DETERMINADO;1.500.000.0000;RECURSOS NÃO VINCULADOS DE IMPOSTOS;17.847,35
PREFEITURA MUNICIPAL DE BARBACENA;25.003;FUNDO MUNICIPAL DE ASSISTENCIA SOCIAL - FMAS;2.665;MANUTENÇÃO DA CASA DE PASSAGEM;58;PROTEÇÃO SOCIAL ESPECIAL DE ALTA COMPLEXIDADE;8;Assistência Social;244;Assistência Comunitária;804;3.1.90.04.00.00.00.00;CONTRATAÇÃO POR TEMPO DETERMINADO;1.660.000.0000;TRANSFERÊNCIA DE RECURSOS DO FUNDO NACIONAL DE ASSISTÊNCIA SOCIAL - FNAS;29.197,45
PREFEITURA MUNICIPAL DE BARBACENA;25.003;FUNDO MUNICIPAL DE ASSISTENCIA SOCIAL - FMAS;2.665;MANUTENÇÃO DA CASA DE PASSAGEM;58;PROTEÇÃO SOCIAL ESPECIAL DE ALTA COMPLEXIDADE;8;Assistência Social;244;Assistência Comunitária;805;3.1.90.11.00.00.00.00;VENCIMENTOS E VANTAGENS FIXAS - PESSOAL CIVIL;1.500.000.0000;RECURSOS NÃO VINCULADOS DE IMPOSTOS;0,00
PREFEITURA MUNICIPAL DE BARBACENA;25.003;FUNDO MUNICIPAL DE ASSISTENCIA SOCIAL - FMAS;2.665;MANUTENÇÃO DA CASA DE PASSAGEM;58;PROTEÇÃO SOCIAL ESPECIAL DE ALTA COMPLEXIDADE;8;Assistência Social;244;Assistência Comunitária;805;3.1.90.11.00.00.00.00;VENCIMENTOS E VANTAGENS FIXAS - PESSOAL CIVIL;1.660.000.0000;TRANSFERÊNCIA DE RECURSOS DO FUNDO NACIONAL DE ASSISTÊNCIA SOCIAL - FNAS;2.000,00
PREFEITURA MUNICIPAL DE BARBACENA;25.003;FUNDO MUNICIPAL DE ASSISTENCIA SOCIAL - FMAS;2.665;MANUTENÇÃO DA CASA DE PASSAGEM;58;PROTEÇÃO SOCIAL ESPECIAL DE ALTA COMPLEXIDADE;8;Assistência Social;244;Assistência Comunitária;806;3.1.90.13.00.00.00.00;OBRIGAÇÕES PATRONAIS;1.500.000.0000;RECURSOS NÃO VINCULADOS DE IMPOSTOS;0,00
PREFEITURA MUNICIPAL DE BARBACENA;25.003;FUNDO MUNICIPAL DE ASSISTENCIA SOCIAL - FMAS;2.665;MANUTENÇÃO DA CASA DE PASSAGEM;58;PROTEÇÃO SOCIAL ESPECIAL DE ALTA COMPLEXIDADE;8;Assistência Social;244;Assistência Comunitária;806;3.1.90.13.00.00.00.00;OBRIGAÇÕES PATRONAIS;1.660.000.0000;TRANSFERÊNCIA DE RECURSOS DO FUNDO NACIONAL DE ASSISTÊNCIA SOCIAL - FNAS;2.708,65
PREFEITURA MUNICIPAL DE BARBACENA;25.003;FUNDO MUNICIPAL DE ASSISTENCIA SOCIAL - FMAS;2.665;MANUTENÇÃO DA CASA DE PASSAGEM;58;PROTEÇÃO SOCIAL ESPECIAL DE ALTA COMPLEXIDADE;8;Assistência Social;244;Assistência Comunitária;807;3.1.91.13.00.00.00.00;OBRIGAÇÕES PATRONAIS;1.500.000.0000;RECURSOS NÃO VINCULADOS DE IMPOSTOS;0,00
PREFEITURA MUNICIPAL DE BARBACENA;25.003;FUNDO MUNICIPAL DE ASSISTENCIA SOCIAL - FMAS;2.665;MANUTENÇÃO DA CASA DE PASSAGEM;58;PROTEÇÃO SOCIAL ESPECIAL DE ALTA COMPLEXIDADE;8;Assistência Social;244;Assistência Comunitária;807;3.1.91.13.00.00.00.00;OBRIGAÇÕES PATRONAIS;1.660.000.0000;TRANSFERÊNCIA DE RECURSOS DO FUNDO NACIONAL DE ASSISTÊNCIA SOCIAL - FNAS;1.000,00
PREFEITURA MUNICIPAL DE BARBACENA;25.003;FUNDO MUNICIPAL DE ASSISTENCIA SOCIAL - FMAS;2.665;MANUTENÇÃO DA CASA DE PASSAGEM;58;PROTEÇÃO SOCIAL ESPECIAL DE ALTA COMPLEXIDADE;8;Assistência Social;244;Assistência Comunitária;808;3.3.90.08.00.00.00.00;OUTROS BENEFÍCIOS ASSISTENCIAIS-SERVIDOR/MILITAR;1.500.000.0000;RECURSOS NÃO VINCULADOS DE IMPOSTOS;0,00
PREFEITURA MUNICIPAL DE BARBACENA;25.003;FUNDO MUNICIPAL DE ASSISTENCIA SOCIAL - FMAS;2.665;MANUTENÇÃO DA CASA DE PASSAGEM;58;PROTEÇÃO SOCIAL ESPECIAL DE ALTA COMPLEXIDADE;8;Assistência Social;244;Assistência Comunitária;808;3.3.90.08.00.00.00.00;OUTROS BENEFÍCIOS ASSISTENCIAIS-SERVIDOR/MILITAR;1.660.000.0000;TRANSFERÊNCIA DE RECURSOS DO FUNDO NACIONAL DE ASSISTÊNCIA SOCIAL - FNAS;2.000,00
PREFEITURA MUNICIPAL DE BARBACENA;25.003;FUNDO MUNICIPAL DE ASSISTENCIA SOCIAL - FMAS;2.665;MANUTENÇÃO DA CASA DE PASSAGEM;58;PROTEÇÃO SOCIAL ESPECIAL DE ALTA COMPLEXIDADE;8;Assistência Social;244;Assistência Comunitária;809;3.3.90.18.00.00.00.00;AUXÍLIO FINANCEIRO A ESTUDANTES;1.500.000.0000;RECURSOS NÃO VINCULADOS DE IMPOSTOS;1.000,00
PREFEITURA MUNICIPAL DE BARBACENA;25.003;FUNDO MUNICIPAL DE ASSISTENCIA SOCIAL - FMAS;2.665;MANUTENÇÃO DA CASA DE PASSAGEM;58;PROTEÇÃO SOCIAL ESPECIAL DE ALTA COMPLEXIDADE;8;Assistência Social;244;Assistência Comunitária;809;3.3.90.18.00.00.00.00;AUXÍLIO FINANCEIRO A ESTUDANTES;1.660.000.0000;TRANSFERÊNCIA DE RECURSOS DO FUNDO NACIONAL DE ASSISTÊNCIA SOCIAL - FNAS;1.000,00
PREFEITURA MUNICIPAL DE BARBACENA;25.003;FUNDO MUNICIPAL DE ASSISTENCIA SOCIAL - FMAS;2.665;MANUTENÇÃO DA CASA DE PASSAGEM;58;PROTEÇÃO SOCIAL ESPECIAL DE ALTA COMPLEXIDADE;8;Assistência Social;244;Assistência Comunitária;810;3.3.90.30.00.00.00.00;MATERIAL DE CONSUMO;1.500.000.0000;RECURSOS NÃO VINCULADOS DE IMPOSTOS;94.411,99
PREFEITURA MUNICIPAL DE BARBACENA;25.003;FUNDO MUNICIPAL DE ASSISTENCIA SOCIAL - FMAS;2.665;MANUTENÇÃO DA CASA DE PASSAGEM;58;PROTEÇÃO SOCIAL ESPECIAL DE ALTA COMPLEXIDADE;8;Assistência Social;244;Assistência Comunitária;810;3.3.90.30.00.00.00.00;MATERIAL DE CONSUMO;1.660.000.0000;TRANSFERÊNCIA DE RECURSOS DO FUNDO NACIONAL DE ASSISTÊNCIA SOCIAL - FNAS;242,15
PREFEITURA MUNICIPAL DE BARBACENA;25.003;FUNDO MUNICIPAL DE ASSISTENCIA SOCIAL - FMAS;2.665;MANUTENÇÃO DA CASA DE PASSAGEM;58;PROTEÇÃO SOCIAL ESPECIAL DE ALTA COMPLEXIDADE;8;Assistência Social;244;Assistência Comunitária;811;3.3.90.36.00.00.00.00;OUTROS SERVIÇOS DE TERCEIROS - PESSOA FÍSICA;1.661.000.0000;TRANSFERÊNCIA DE RECURSOS DOS FUNDOS ESTADUAIS DE ASSISTÊNCIA SOCIAL;38.688,00
PREFEITURA MUNICIPAL DE BARBACENA;25.003;FUNDO MUNICIPAL DE ASSISTENCIA SOCIAL - FMAS;2.665;MANUTENÇÃO DA CASA DE PASSAGEM;58;PROTEÇÃO SOCIAL ESPECIAL DE ALTA COMPLEXIDADE;8;Assistência Social;244;Assistência Comunitária;812;3.3.90.39.00.00.00.00;OUTROS SERVIÇOS DE TERCEIROS - PESSOA JURÍDICA;1.500.000.0000;RECURSOS NÃO VINCULADOS DE IMPOSTOS;45.216,00
PREFEITURA MUNICIPAL DE BARBACENA;25.003;FUNDO MUNICIPAL DE ASSISTENCIA SOCIAL - FMAS;2.665;MANUTENÇÃO DA CASA DE PASSAGEM;58;PROTEÇÃO SOCIAL ESPECIAL DE ALTA COMPLEXIDADE;8;Assistência Social;244;Assistência Comunitária;812;3.3.90.39.00.00.00.00;OUTROS SERVIÇOS DE TERCEIROS - PESSOA JURÍDICA;1.501.000.0000;OUTROS RECURSOS NÃO VINCULADOS;266.115,00
PREFEITURA MUNICIPAL DE BARBACENA;25.003;FUNDO MUNICIPAL DE ASSISTENCIA SOCIAL - FMAS;2.665;MANUTENÇÃO DA CASA DE PASSAGEM;58;PROTEÇÃO SOCIAL ESPECIAL DE ALTA COMPLEXIDADE;8;Assistência Social;244;Assistência Comunitária;812;3.3.90.39.00.00.00.00;OUTROS SERVIÇOS DE TERCEIROS - PESSOA JURÍDICA;1.660.000.0000;TRANSFERÊNCIA DE RECURSOS DO FUNDO NACIONAL DE ASSISTÊNCIA SOCIAL - FNAS;2.347,72
PREFEITURA MUNICIPAL DE BARBACENA;25.003;FUNDO MUNICIPAL DE ASSISTENCIA SOCIAL - FMAS;2.665;MANUTENÇÃO DA CASA DE PASSAGEM;58;PROTEÇÃO SOCIAL ESPECIAL DE ALTA COMPLEXIDADE;8;Assistência Social;244;Assistência Comunitária;813;3.3.90.46.00.00.00.00;AUXÍLIO-ALIMENTAÇÃO;1.500.000.0000;RECURSOS NÃO VINCULADOS DE IMPOSTOS;4.088,52
PREFEITURA MUNICIPAL DE BARBACENA;25.003;FUNDO MUNICIPAL DE ASSISTENCIA SOCIAL - FMAS;2.665;MANUTENÇÃO DA CASA DE PASSAGEM;58;PROTEÇÃO SOCIAL ESPECIAL DE ALTA COMPLEXIDADE;8;Assistência Social;244;Assistência Comunitária;813;3.3.90.46.00.00.00.00;AUXÍLIO-ALIMENTAÇÃO;1.660.000.0000;TRANSFERÊNCIA DE RECURSOS DO FUNDO NACIONAL DE ASSISTÊNCIA SOCIAL - FNAS;4.500,00
PREFEITURA MUNICIPAL DE BARBACENA;25.003;FUNDO MUNICIPAL DE ASSISTENCIA SOCIAL - FMAS;2.665;MANUTENÇÃO DA CASA DE PASSAGEM;58;PROTEÇÃO SOCIAL ESPECIAL DE ALTA COMPLEXIDADE;8;Assistência Social;244;Assistência Comunitária;814;3.3.90.92.00.00.00.00;DESPESAS DE EXERCÍCIOS ANTERIORES;1.660.000.0000;TRANSFERÊNCIA DE RECURSOS DO FUNDO NACIONAL DE ASSISTÊNCIA SOCIAL - FNAS;1.000,00
PREFEITURA MUNICIPAL DE BARBACENA;25.003;FUNDO MUNICIPAL DE ASSISTENCIA SOCIAL - FMAS;2.665;MANUTENÇÃO DA CASA DE PASSAGEM;58;PROTEÇÃO SOCIAL ESPECIAL DE ALTA COMPLEXIDADE;8;Assistência Social;244;Assistência Comunitária;815;4.4.90.51.00.00.00.00;OBRAS E INSTALAÇÕES;1.660.000.0000;TRANSFERÊNCIA DE RECURSOS DO FUNDO NACIONAL DE ASSISTÊNCIA SOCIAL - FNAS;1.000,00
PREFEITURA MUNICIPAL DE BARBACENA;25.003;FUNDO MUNICIPAL DE ASSISTENCIA SOCIAL - FMAS;2.665;MANUTENÇÃO DA CASA DE PASSAGEM;58;PROTEÇÃO SOCIAL ESPECIAL DE ALTA COMPLEXIDADE;8;Assistência Social;244;Assistência Comunitária;816;4.4.90.52.00.00.00.00;EQUIPAMENTOS E MATERIAL PERMANENTE;1.501.000.0000;OUTROS RECURSOS NÃO VINCULADOS;0,00
PREFEITURA MUNICIPAL DE BARBACENA;25.003;FUNDO MUNICIPAL DE ASSISTENCIA SOCIAL - FMAS;2.665;MANUTENÇÃO DA CASA DE PASSAGEM;58;PROTEÇÃO SOCIAL ESPECIAL DE ALTA COMPLEXIDADE;8;Assistência Social;244;Assistência Comunitária;816;4.4.90.52.00.00.00.00;EQUIPAMENTOS E MATERIAL PERMANENTE;1.660.000.0000;TRANSFERÊNCIA DE RECURSOS DO FUNDO NACIONAL DE ASSISTÊNCIA SOCIAL - FNAS;2.000,00
PREFEITURA MUNICIPAL DE BARBACENA;25.003;FUNDO MUNICIPAL DE ASSISTENCIA SOCIAL - FMAS;2.602;ACOLHIMENTO INSTITUCIONAL - FAMILIA ACOLHEDORA;58;PROTEÇÃO SOCIAL ESPECIAL DE ALTA COMPLEXIDADE;8;Assistência Social;306;Alimentação e Nutrição;844;3.3.90.30.00.00.00.00;MATERIAL DE CONSUMO;1.500.000.0000;RECURSOS NÃO VINCULADOS DE IMPOSTOS;0,00
PREFEITURA MUNICIPAL DE BARBACENA;25.003;FUNDO MUNICIPAL DE ASSISTENCIA SOCIAL - FMAS;2.602;ACOLHIMENTO INSTITUCIONAL - FAMILIA ACOLHEDORA;58;PROTEÇÃO SOCIAL ESPECIAL DE ALTA COMPLEXIDADE;8;Assistência Social;306;Alimentação e Nutrição;845;3.3.90.36.00.00.00.00;OUTROS SERVIÇOS DE TERCEIROS - PESSOA FÍSICA;1.500.000.0000;RECURSOS NÃO VINCULADOS DE IMPOSTOS;0,00
PREFEITURA MUNICIPAL DE BARBACENA;25.003;FUNDO MUNICIPAL DE ASSISTENCIA SOCIAL - FMAS;2.602;ACOLHIMENTO INSTITUCIONAL - FAMILIA ACOLHEDORA;58;PROTEÇÃO SOCIAL ESPECIAL DE ALTA COMPLEXIDADE;8;Assistência Social;306;Alimentação e Nutrição;845;3.3.90.36.00.00.00.00;OUTROS SERVIÇOS DE TERCEIROS - PESSOA FÍSICA;1.661.000.0000;TRANSFERÊNCIA DE RECURSOS DOS FUNDOS ESTADUAIS DE ASSISTÊNCIA SOCIAL;0,00
PREFEITURA MUNICIPAL DE BARBACENA;25.003;FUNDO MUNICIPAL DE ASSISTENCIA SOCIAL - FMAS;2.317;MANUTENÇÃO DE PROGRAMAS MUNICIPAIS DE HABITAÇAO DE INTERESSE SOCIAL;59;PROGRAMAS FEDERAIS E MUNICIPAIS;8;Assistência Social;244;Assistência Comunitária;817;3.3.90.30.00.00.00.00;MATERIAL DE CONSUMO;1.500.000.0000;RECURSOS NÃO VINCULADOS DE IMPOSTOS;0,00
PREFEITURA MUNICIPAL DE BARBACENA;25.003;FUNDO MUNICIPAL DE ASSISTENCIA SOCIAL - FMAS;2.317;MANUTENÇÃO DE PROGRAMAS MUNICIPAIS DE HABITAÇAO DE INTERESSE SOCIAL;59;PROGRAMAS FEDERAIS E MUNICIPAIS;8;Assistência Social;244;Assistência Comunitária;818;3.3.90.36.00.00.00.00;OUTROS SERVIÇOS DE TERCEIROS - PESSOA FÍSICA;1.500.000.0000;RECURSOS NÃO VINCULADOS DE IMPOSTOS;0,00
PREFEITURA MUNICIPAL DE BARBACENA;25.003;FUNDO MUNICIPAL DE ASSISTENCIA SOCIAL - FMAS;2.317;MANUTENÇÃO DE PROGRAMAS MUNICIPAIS DE HABITAÇAO DE INTERESSE SOCIAL;59;PROGRAMAS FEDERAIS E MUNICIPAIS;8;Assistência Social;244;Assistência Comunitária;819;3.3.90.39.00.00.00.00;OUTROS SERVIÇOS DE TERCEIROS - PESSOA JURÍDICA;1.500.000.0000;RECURSOS NÃO VINCULADOS DE IMPOSTOS;0,00
PREFEITURA MUNICIPAL DE BARBACENA;25.003;FUNDO MUNICIPAL DE ASSISTENCIA SOCIAL - FMAS;2.317;MANUTENÇÃO DE PROGRAMAS MUNICIPAIS DE HABITAÇAO DE INTERESSE SOCIAL;59;PROGRAMAS FEDERAIS E MUNICIPAIS;8;Assistência Social;244;Assistência Comunitária;820;4.4.90.52.00.00.00.00;EQUIPAMENTOS E MATERIAL PERMANENTE;1.500.000.0000;RECURSOS NÃO VINCULADOS DE IMPOSTOS;0,00
PREFEITURA MUNICIPAL DE BARBACENA;25.003;FUNDO MUNICIPAL DE ASSISTENCIA SOCIAL - FMAS;2.318;MANUTENÇÃO DO CADUNICO E PROGRAMA BOLSA FAMILIA;59;PROGRAMAS FEDERAIS E MUNICIPAIS;8;Assistência Social;244;Assistência Comunitária;821;3.1.90.04.00.00.00.00;CONTRATAÇÃO POR TEMPO DETERMINADO;1.500.000.0000;RECURSOS NÃO VINCULADOS DE IMPOSTOS;100.536,40
PREFEITURA MUNICIPAL DE BARBACENA;25.003;FUNDO MUNICIPAL DE ASSISTENCIA SOCIAL - FMAS;2.318;MANUTENÇÃO DO CADUNICO E PROGRAMA BOLSA FAMILIA;59;PROGRAMAS FEDERAIS E MUNICIPAIS;8;Assistência Social;244;Assistência Comunitária;821;3.1.90.04.00.00.00.00;CONTRATAÇÃO POR TEMPO DETERMINADO;1.660.000.0000;TRANSFERÊNCIA DE RECURSOS DO FUNDO NACIONAL DE ASSISTÊNCIA SOCIAL - FNAS;17.438,72
PREFEITURA MUNICIPAL DE BARBACENA;25.003;FUNDO MUNICIPAL DE ASSISTENCIA SOCIAL - FMAS;2.318;MANUTENÇÃO DO CADUNICO E PROGRAMA BOLSA FAMILIA;59;PROGRAMAS FEDERAIS E MUNICIPAIS;8;Assistência Social;244;Assistência Comunitária;822;3.1.90.13.00.00.00.00;OBRIGAÇÕES PATRONAIS;1.660.000.0000;TRANSFERÊNCIA DE RECURSOS DO FUNDO NACIONAL DE ASSISTÊNCIA SOCIAL - FNAS;944,89
PREFEITURA MUNICIPAL DE BARBACENA;25.003;FUNDO MUNICIPAL DE ASSISTENCIA SOCIAL - FMAS;2.318;MANUTENÇÃO DO CADUNICO E PROGRAMA BOLSA FAMILIA;59;PROGRAMAS FEDERAIS E MUNICIPAIS;8;Assistência Social;244;Assistência Comunitária;823;3.3.90.14.00.00.00.00;DIÁRIAS - PESSOAL CIVIL;1.660.000.0000;TRANSFERÊNCIA DE RECURSOS DO FUNDO NACIONAL DE ASSISTÊNCIA SOCIAL - FNAS;0,00
PREFEITURA MUNICIPAL DE BARBACENA;25.003;FUNDO MUNICIPAL DE ASSISTENCIA SOCIAL - FMAS;2.318;MANUTENÇÃO DO CADUNICO E PROGRAMA BOLSA FAMILIA;59;PROGRAMAS FEDERAIS E MUNICIPAIS;8;Assistência Social;244;Assistência Comunitária;824;3.3.90.18.00.00.00.00;AUXÍLIO FINANCEIRO A ESTUDANTES;1.660.000.0000;TRANSFERÊNCIA DE RECURSOS DO FUNDO NACIONAL DE ASSISTÊNCIA SOCIAL - FNAS;1.000,00
PREFEITURA MUNICIPAL DE BARBACENA;25.003;FUNDO MUNICIPAL DE ASSISTENCIA SOCIAL - FMAS;2.318;MANUTENÇÃO DO CADUNICO E PROGRAMA BOLSA FAMILIA;59;PROGRAMAS FEDERAIS E MUNICIPAIS;8;Assistência Social;244;Assistência Comunitária;825;3.3.90.30.00.00.00.00;MATERIAL DE CONSUMO;1.500.000.0000;RECURSOS NÃO VINCULADOS DE IMPOSTOS;0,00
PREFEITURA MUNICIPAL DE BARBACENA;25.003;FUNDO MUNICIPAL DE ASSISTENCIA SOCIAL - FMAS;2.318;MANUTENÇÃO DO CADUNICO E PROGRAMA BOLSA FAMILIA;59;PROGRAMAS FEDERAIS E MUNICIPAIS;8;Assistência Social;244;Assistência Comunitária;825;3.3.90.30.00.00.00.00;MATERIAL DE CONSUMO;1.660.000.0000;TRANSFERÊNCIA DE RECURSOS DO FUNDO NACIONAL DE ASSISTÊNCIA SOCIAL - FNAS;135.942,66
PREFEITURA MUNICIPAL DE BARBACENA;25.003;FUNDO MUNICIPAL DE ASSISTENCIA SOCIAL - FMAS;2.318;MANUTENÇÃO DO CADUNICO E PROGRAMA BOLSA FAMILIA;59;PROGRAMAS FEDERAIS E MUNICIPAIS;8;Assistência Social;244;Assistência Comunitária;826;3.3.90.36.00.00.00.00;OUTROS SERVIÇOS DE TERCEIROS - PESSOA FÍSICA;1.660.000.0000;TRANSFERÊNCIA DE RECURSOS DO FUNDO NACIONAL DE ASSISTÊNCIA SOCIAL - FNAS;4.068,60
PREFEITURA MUNICIPAL DE BARBACENA;25.003;FUNDO MUNICIPAL DE ASSISTENCIA SOCIAL - FMAS;2.318;MANUTENÇÃO DO CADUNICO E PROGRAMA BOLSA FAMILIA;59;PROGRAMAS FEDERAIS E MUNICIPAIS;8;Assistência Social;244;Assistência Comunitária;827;3.3.90.39.00.00.00.00;OUTROS SERVIÇOS DE TERCEIROS - PESSOA JURÍDICA;1.500.000.0000;RECURSOS NÃO VINCULADOS DE IMPOSTOS;14.707,25
PREFEITURA MUNICIPAL DE BARBACENA;25.003;FUNDO MUNICIPAL DE ASSISTENCIA SOCIAL - FMAS;2.318;MANUTENÇÃO DO CADUNICO E PROGRAMA BOLSA FAMILIA;59;PROGRAMAS FEDERAIS E MUNICIPAIS;8;Assistência Social;244;Assistência Comunitária;827;3.3.90.39.00.00.00.00;OUTROS SERVIÇOS DE TERCEIROS - PESSOA JURÍDICA;1.660.000.0000;TRANSFERÊNCIA DE RECURSOS DO FUNDO NACIONAL DE ASSISTÊNCIA SOCIAL - FNAS;51.226,36
PREFEITURA MUNICIPAL DE BARBACENA;25.003;FUNDO MUNICIPAL DE ASSISTENCIA SOCIAL - FMAS;2.318;MANUTENÇÃO DO CADUNICO E PROGRAMA BOLSA FAMILIA;59;PROGRAMAS FEDERAIS E MUNICIPAIS;8;Assistência Social;244;Assistência Comunitária;827;3.3.90.39.00.00.00.00;OUTROS SERVIÇOS DE TERCEIROS - PESSOA JURÍDICA;2.660.000.0000;TRANSFERÊNCIA DE RECURSOS DO FUNDO NACIONAL DE ASSISTÊNCIA SOCIAL - FNAS;0,01
PREFEITURA MUNICIPAL DE BARBACENA;25.003;FUNDO MUNICIPAL DE ASSISTENCIA SOCIAL - FMAS;2.318;MANUTENÇÃO DO CADUNICO E PROGRAMA BOLSA FAMILIA;59;PROGRAMAS FEDERAIS E MUNICIPAIS;8;Assistência Social;244;Assistência Comunitária;828;3.3.90.46.00.00.00.00;AUXÍLIO-ALIMENTAÇÃO;1.500.000.0000;RECURSOS NÃO VINCULADOS DE IMPOSTOS;20.950,00
PREFEITURA MUNICIPAL DE BARBACENA;25.003;FUNDO MUNICIPAL DE ASSISTENCIA SOCIAL - FMAS;2.318;MANUTENÇÃO DO CADUNICO E PROGRAMA BOLSA FAMILIA;59;PROGRAMAS FEDERAIS E MUNICIPAIS;8;Assistência Social;244;Assistência Comunitária;828;3.3.90.46.00.00.00.00;AUXÍLIO-ALIMENTAÇÃO;1.660.000.0000;TRANSFERÊNCIA DE RECURSOS DO FUNDO NACIONAL DE ASSISTÊNCIA SOCIAL - FNAS;4.050,00
PREFEITURA MUNICIPAL DE BARBACENA;25.003;FUNDO MUNICIPAL DE ASSISTENCIA SOCIAL - FMAS;2.318;MANUTENÇÃO DO CADUNICO E PROGRAMA BOLSA FAMILIA;59;PROGRAMAS FEDERAIS E MUNICIPAIS;8;Assistência Social;244;Assistência Comunitária;829;3.3.90.92.00.00.00.00;DESPESAS DE EXERCÍCIOS ANTERIORES;1.660.000.0000;TRANSFERÊNCIA DE RECURSOS DO FUNDO NACIONAL DE ASSISTÊNCIA SOCIAL - FNAS;0,00
PREFEITURA MUNICIPAL DE BARBACENA;25.003;FUNDO MUNICIPAL DE ASSISTENCIA SOCIAL - FMAS;2.318;MANUTENÇÃO DO CADUNICO E PROGRAMA BOLSA FAMILIA;59;PROGRAMAS FEDERAIS E MUNICIPAIS;8;Assistência Social;244;Assistência Comunitária;830;4.4.90.52.00.00.00.00;EQUIPAMENTOS E MATERIAL PERMANENTE;1.500.000.0000;RECURSOS NÃO VINCULADOS DE IMPOSTOS;55.650,00
PREFEITURA MUNICIPAL DE BARBACENA;25.003;FUNDO MUNICIPAL DE ASSISTENCIA SOCIAL - FMAS;2.318;MANUTENÇÃO DO CADUNICO E PROGRAMA BOLSA FAMILIA;59;PROGRAMAS FEDERAIS E MUNICIPAIS;8;Assistência Social;244;Assistência Comunitária;830;4.4.90.52.00.00.00.00;EQUIPAMENTOS E MATERIAL PERMANENTE;1.660.000.0000;TRANSFERÊNCIA DE RECURSOS DO FUNDO NACIONAL DE ASSISTÊNCIA SOCIAL - FNAS;275.668,00
PREFEITURA MUNICIPAL DE BARBACENA;25.003;FUNDO MUNICIPAL DE ASSISTENCIA SOCIAL - FMAS;2.522;ACESSO AO MUNDO DO TRABALHO - ACESSUAS TRABALHO;59;PROGRAMAS FEDERAIS E MUNICIPAIS;8;Assistência Social;244;Assistência Comunitária;831;3.3.90.30.00.00.00.00;MATERIAL DE CONSUMO;1.500.000.0000;RECURSOS NÃO VINCULADOS DE IMPOSTOS;0,00
PREFEITURA MUNICIPAL DE BARBACENA;25.003;FUNDO MUNICIPAL DE ASSISTENCIA SOCIAL - FMAS;2.522;ACESSO AO MUNDO DO TRABALHO - ACESSUAS TRABALHO;59;PROGRAMAS FEDERAIS E MUNICIPAIS;8;Assistência Social;244;Assistência Comunitária;831;3.3.90.30.00.00.00.00;MATERIAL DE CONSUMO;1.660.000.0000;TRANSFERÊNCIA DE RECURSOS DO FUNDO NACIONAL DE ASSISTÊNCIA SOCIAL - FNAS;0,00
PREFEITURA MUNICIPAL DE BARBACENA;25.003;FUNDO MUNICIPAL DE ASSISTENCIA SOCIAL - FMAS;2.522;ACESSO AO MUNDO DO TRABALHO - ACESSUAS TRABALHO;59;PROGRAMAS FEDERAIS E MUNICIPAIS;8;Assistência Social;244;Assistência Comunitária;832;3.3.90.39.00.00.00.00;OUTROS SERVIÇOS DE TERCEIROS - PESSOA JURÍDICA;1.500.000.0000;RECURSOS NÃO VINCULADOS DE IMPOSTOS;0,00
PREFEITURA MUNICIPAL DE BARBACENA;25.003;FUNDO MUNICIPAL DE ASSISTENCIA SOCIAL - FMAS;2.522;ACESSO AO MUNDO DO TRABALHO - ACESSUAS TRABALHO;59;PROGRAMAS FEDERAIS E MUNICIPAIS;8;Assistência Social;244;Assistência Comunitária;832;3.3.90.39.00.00.00.00;OUTROS SERVIÇOS DE TERCEIROS - PESSOA JURÍDICA;1.501.000.0000;OUTROS RECURSOS NÃO VINCULADOS;0,00
PREFEITURA MUNICIPAL DE BARBACENA;25.003;FUNDO MUNICIPAL DE ASSISTENCIA SOCIAL - FMAS;2.523;IMPLANTAÇAO DE PROGRAMAS DE GERAÇAO DE RENDA PARA PESSOAS EM SITUAÇAO DE VULNERABILIDADE SOCIAL;59;PROGRAMAS FEDERAIS E MUNICIPAIS;8;Assistência Social;244;Assistência Comunitária;833;3.3.90.30.00.00.00.00;MATERIAL DE CONSUMO;1.500.000.0000;RECURSOS NÃO VINCULADOS DE IMPOSTOS;0,00
PREFEITURA MUNICIPAL DE BARBACENA;25.003;FUNDO MUNICIPAL DE ASSISTENCIA SOCIAL - FMAS;2.523;IMPLANTAÇAO DE PROGRAMAS DE GERAÇAO DE RENDA PARA PESSOAS EM SITUAÇAO DE VULNERABILIDADE SOCIAL;59;PROGRAMAS FEDERAIS E MUNICIPAIS;8;Assistência Social;244;Assistência Comunitária;834;3.3.90.39.00.00.00.00;OUTROS SERVIÇOS DE TERCEIROS - PESSOA JURÍDICA;1.500.000.0000;RECURSOS NÃO VINCULADOS DE IMPOSTOS;0,00
PREFEITURA MUNICIPAL DE BARBACENA;25.003;FUNDO MUNICIPAL DE ASSISTENCIA SOCIAL - FMAS;1.081;DIAGNOSTICO DA POLITICA MUNICIPAL DE ASSISTENCIA SOCIAL;60;VIGILÂNCIA SOCIOASSISTENCIAL;8;Assistência Social;244;Assistência Comunitária;835;3.3.90.39.00.00.00.00;OUTROS SERVIÇOS DE TERCEIROS - PESSOA JURÍDICA;1.500.000.0000;RECURSOS NÃO VINCULADOS DE IMPOSTOS;0,00
PREFEITURA MUNICIPAL DE BARBACENA;25.003;FUNDO MUNICIPAL DE ASSISTENCIA SOCIAL - FMAS;1.081;DIAGNOSTICO DA POLITICA MUNICIPAL DE ASSISTENCIA SOCIAL;60;VIGILÂNCIA SOCIOASSISTENCIAL;8;Assistência Social;244;Assistência Comunitária;835;3.3.90.39.00.00.00.00;OUTROS SERVIÇOS DE TERCEIROS - PESSOA JURÍDICA;1.501.000.0000;OUTROS RECURSOS NÃO VINCULADOS;0,00
PREFEITURA MUNICIPAL DE BARBACENA;25.003;FUNDO MUNICIPAL DE ASSISTENCIA SOCIAL - FMAS;1.081;DIAGNOSTICO DA POLITICA MUNICIPAL DE ASSISTENCIA SOCIAL;60;VIGILÂNCIA SOCIOASSISTENCIAL;8;Assistência Social;244;Assistência Comunitária;835;3.3.90.39.00.00.00.00;OUTROS SERVIÇOS DE TERCEIROS - PESSOA JURÍDICA;1.660.000.0000;TRANSFERÊNCIA DE RECURSOS DO FUNDO NACIONAL DE ASSISTÊNCIA SOCIAL - FNAS;152.800,00
PREFEITURA MUNICIPAL DE BARBACENA;25.003;FUNDO MUNICIPAL DE ASSISTENCIA SOCIAL - FMAS;2.341;AÇÕES DE ENFRENTAMENTO DA EMERGÊNCIA COVID 19;60;VIGILÂNCIA SOCIOASSISTENCIAL;8;Assistência Social;244;Assistência Comunitária;836;3.3.90.30.00.00.00.00;MATERIAL DE CONSUMO;1.660.000.0000;TRANSFERÊNCIA DE RECURSOS DO FUNDO NACIONAL DE ASSISTÊNCIA SOCIAL - FNAS;1.000,00
PREFEITURA MUNICIPAL DE BARBACENA;25.003;FUNDO MUNICIPAL DE ASSISTENCIA SOCIAL - FMAS;2.341;AÇÕES DE ENFRENTAMENTO DA EMERGÊNCIA COVID 19;60;VIGILÂNCIA SOCIOASSISTENCIAL;8;Assistência Social;244;Assistência Comunitária;836;3.3.90.30.00.00.00.00;MATERIAL DE CONSUMO;2.660.000.0000;TRANSFERÊNCIA DE RECURSOS DO FUNDO NACIONAL DE ASSISTÊNCIA SOCIAL - FNAS;114.950,41
PREFEITURA MUNICIPAL DE BARBACENA;25.003;FUNDO MUNICIPAL DE ASSISTENCIA SOCIAL - FMAS;2.341;AÇÕES DE ENFRENTAMENTO DA EMERGÊNCIA COVID 19;60;VIGILÂNCIA SOCIOASSISTENCIAL;8;Assistência Social;244;Assistência Comunitária;837;3.3.90.39.00.00.00.00;OUTROS SERVIÇOS DE TERCEIROS - PESSOA JURÍDICA;1.660.000.0000;TRANSFERÊNCIA DE RECURSOS DO FUNDO NACIONAL DE ASSISTÊNCIA SOCIAL - FNAS;1.000,00
PREFEITURA MUNICIPAL DE BARBACENA;25.003;FUNDO MUNICIPAL DE ASSISTENCIA SOCIAL - FMAS;2.341;AÇÕES DE ENFRENTAMENTO DA EMERGÊNCIA COVID 19;60;VIGILÂNCIA SOCIOASSISTENCIAL;8;Assistência Social;244;Assistência Comunitária;838;4.4.90.52.00.00.00.00;EQUIPAMENTOS E MATERIAL PERMANENTE;1.660.000.0000;TRANSFERÊNCIA DE RECURSOS DO FUNDO NACIONAL DE ASSISTÊNCIA SOCIAL - FNAS;1.000,00
PREFEITURA MUNICIPAL DE BARBACENA;25.003;FUNDO MUNICIPAL DE ASSISTENCIA SOCIAL - FMAS;2.341;AÇÕES DE ENFRENTAMENTO DA EMERGÊNCIA COVID 19;60;VIGILÂNCIA SOCIOASSISTENCIAL;8;Assistência Social;244;Assistência Comunitária;838;4.4.90.52.00.00.00.00;EQUIPAMENTOS E MATERIAL PERMANENTE;2.660.000.0000;TRANSFERÊNCIA DE RECURSOS DO FUNDO NACIONAL DE ASSISTÊNCIA SOCIAL - FNAS;199.239,45
PREFEITURA MUNICIPAL DE BARBACENA;25.003;FUNDO MUNICIPAL DE ASSISTENCIA SOCIAL - FMAS;2.421;CAPACITAÇÃO DOS SERVIDORES CECAD;60;VIGILÂNCIA SOCIOASSISTENCIAL;8;Assistência Social;244;Assistência Comunitária;839;3.3.90.30.00.00.00.00;MATERIAL DE CONSUMO;1.500.000.0000;RECURSOS NÃO VINCULADOS DE IMPOSTOS;0,00
PREFEITURA MUNICIPAL DE BARBACENA;25.003;FUNDO MUNICIPAL DE ASSISTENCIA SOCIAL - FMAS;2.421;CAPACITAÇÃO DOS SERVIDORES CECAD;60;VIGILÂNCIA SOCIOASSISTENCIAL;8;Assistência Social;244;Assistência Comunitária;840;3.3.90.39.00.00.00.00;OUTROS SERVIÇOS DE TERCEIROS - PESSOA JURÍDICA;1.660.000.0000;TRANSFERÊNCIA DE RECURSOS DO FUNDO NACIONAL DE ASSISTÊNCIA SOCIAL - FNAS;5.000,00
PREFEITURA MUNICIPAL DE BARBACENA;25.003;FUNDO MUNICIPAL DE ASSISTENCIA SOCIAL - FMAS;2.525;IMPLANTAÇAO E MANUTENÇAO DA VIGILANCIA SOCIOASSISTENCIAL;60;VIGILÂNCIA SOCIOASSISTENCIAL;8;Assistência Social;244;Assistência Comunitária;841;3.3.90.30.00.00.00.00;MATERIAL DE CONSUMO;1.500.000.0000;RECURSOS NÃO VINCULADOS DE IMPOSTOS;0,00
PREFEITURA MUNICIPAL DE BARBACENA;25.003;FUNDO MUNICIPAL DE ASSISTENCIA SOCIAL - FMAS;2.525;IMPLANTAÇAO E MANUTENÇAO DA VIGILANCIA SOCIOASSISTENCIAL;60;VIGILÂNCIA SOCIOASSISTENCIAL;8;Assistência Social;244;Assistência Comunitária;842;3.3.90.39.00.00.00.00;OUTROS SERVIÇOS DE TERCEIROS - PESSOA JURÍDICA;1.500.000.0000;RECURSOS NÃO VINCULADOS DE IMPOSTOS;0,00
PREFEITURA MUNICIPAL DE BARBACENA;25.003;FUNDO MUNICIPAL DE ASSISTENCIA SOCIAL - FMAS;2.525;IMPLANTAÇAO E MANUTENÇAO DA VIGILANCIA SOCIOASSISTENCIAL;60;VIGILÂNCIA SOCIOASSISTENCIAL;8;Assistência Social;244;Assistência Comunitária;843;4.4.90.52.00.00.00.00;EQUIPAMENTOS E MATERIAL PERMANENTE;1.500.000.0000;RECURSOS NÃO VINCULADOS DE IMPOSTOS;0,00
PREFEITURA MUNICIPAL DE BARBACENA;25.004;FUNDO MUN DE APOIO DAS PESSOAS COM DEFICIENCIA;2.325;IMPLANTAÇÃO E PROMOÇÃO DAS POLITICAS DOS DIREITOS DA PESSOA COM DEFICIENCIA;55;FORTALECIMENTO DO CONTROLE SOCIAL;8;Assistência Social;242;Assistência à Pessoa com Deficiência;846;3.3.50.43.00.00.00.00;SUBVENÇÕES SOCIAIS;1.500.000.0000;RECURSOS NÃO VINCULADOS DE IMPOSTOS;182.898,60
PREFEITURA MUNICIPAL DE BARBACENA;25.004;FUNDO MUN DE APOIO DAS PESSOAS COM DEFICIENCIA;2.325;IMPLANTAÇÃO E PROMOÇÃO DAS POLITICAS DOS DIREITOS DA PESSOA COM DEFICIENCIA;55;FORTALECIMENTO DO CONTROLE SOCIAL;8;Assistência Social;242;Assistência à Pessoa com Deficiência;846;3.3.50.43.00.00.00.00;SUBVENÇÕES SOCIAIS;1.501.000.0000;OUTROS RECURSOS NÃO VINCULADOS;100.000,00
PREFEITURA MUNICIPAL DE BARBACENA;25.004;FUNDO MUN DE APOIO DAS PESSOAS COM DEFICIENCIA;2.325;IMPLANTAÇÃO E PROMOÇÃO DAS POLITICAS DOS DIREITOS DA PESSOA COM DEFICIENCIA;55;FORTALECIMENTO DO CONTROLE SOCIAL;8;Assistência Social;242;Assistência à Pessoa com Deficiência;847;3.3.90.39.00.00.00.00;OUTROS SERVIÇOS DE TERCEIROS - PESSOA JURÍDICA;1.500.000.0000;RECURSOS NÃO VINCULADOS DE IMPOSTOS;0,00
PREFEITURA MUNICIPAL DE BARBACENA;25.004;FUNDO MUN DE APOIO DAS PESSOAS COM DEFICIENCIA;2.325;IMPLANTAÇÃO E PROMOÇÃO DAS POLITICAS DOS DIREITOS DA PESSOA COM DEFICIENCIA;55;FORTALECIMENTO DO CONTROLE SOCIAL;8;Assistência Social;242;Assistência à Pessoa com Deficiência;848;4.4.90.52.00.00.00.00;EQUIPAMENTOS E MATERIAL PERMANENTE;1.500.000.0000;RECURSOS NÃO VINCULADOS DE IMPOSTOS;0,00
PREFEITURA MUNICIPAL DE BARBACENA;25.004;FUNDO MUN DE APOIO DAS PESSOAS COM DEFICIENCIA;2.325;IMPLANTAÇÃO E PROMOÇÃO DAS POLITICAS DOS DIREITOS DA PESSOA COM DEFICIENCIA;55;FORTALECIMENTO DO CONTROLE SOCIAL;8;Assistência Social;242;Assistência à Pessoa com Deficiência;848;4.4.90.52.00.00.00.00;EQUIPAMENTOS E MATERIAL PERMANENTE;1.753.000.0000;RECURSOS PROVENIENTES DE TAXAS, CONTRIBUIÇÕES E PREÇOS PÚBLICOS;0,01
PREFEITURA MUNICIPAL DE BARBACENA;25.004;FUNDO MUN DE APOIO DAS PESSOAS COM DEFICIENCIA;2.325;IMPLANTAÇÃO E PROMOÇÃO DAS POLITICAS DOS DIREITOS DA PESSOA COM DEFICIENCIA;55;FORTALECIMENTO DO CONTROLE SOCIAL;8;Assistência Social;242;Assistência à Pessoa com Deficiência;848;4.4.90.52.00.00.00.00;EQUIPAMENTOS E MATERIAL PERMANENTE;2.500.000.0000;RECURSOS NÃO VINCULADOS DE IMPOSTOS;0,01
PREFEITURA MUNICIPAL DE BARBACENA;25.004;FUNDO MUN DE APOIO DAS PESSOAS COM DEFICIENCIA;2.325;IMPLANTAÇÃO E PROMOÇÃO DAS POLITICAS DOS DIREITOS DA PESSOA COM DEFICIENCIA;55;FORTALECIMENTO DO CONTROLE SOCIAL;8;Assistência Social;242;Assistência à Pessoa com Deficiência;848;4.4.90.52.00.00.00.00;EQUIPAMENTOS E MATERIAL PERMANENTE;2.753.000.0000;RECURSOS PROVENIENTES DE TAXAS, CONTRIBUIÇÕES E PREÇOS PÚBLICOS;0,01
PREFEITURA MUNICIPAL DE BARBACENA;25.004;FUNDO MUN DE APOIO DAS PESSOAS COM DEFICIENCIA;2.510;MANUTENÇAO DE CONSELHOS E CONFERENCIAS MUNICIPAIS - FMPD;55;FORTALECIMENTO DO CONTROLE SOCIAL;8;Assistência Social;242;Assistência à Pessoa com Deficiência;849;3.3.90.30.00.00.00.00;MATERIAL DE CONSUMO;1.500.000.0000;RECURSOS NÃO VINCULADOS DE IMPOSTOS;0,00
PREFEITURA MUNICIPAL DE BARBACENA;25.004;FUNDO MUN DE APOIO DAS PESSOAS COM DEFICIENCIA;2.510;MANUTENÇAO DE CONSELHOS E CONFERENCIAS MUNICIPAIS - FMPD;55;FORTALECIMENTO DO CONTROLE SOCIAL;8;Assistência Social;242;Assistência à Pessoa com Deficiência;850;3.3.90.36.00.00.00.00;OUTROS SERVIÇOS DE TERCEIROS - PESSOA FÍSICA;1.500.000.0000;RECURSOS NÃO VINCULADOS DE IMPOSTOS;0,00
PREFEITURA MUNICIPAL DE BARBACENA;25.004;FUNDO MUN DE APOIO DAS PESSOAS COM DEFICIENCIA;2.510;MANUTENÇAO DE CONSELHOS E CONFERENCIAS MUNICIPAIS - FMPD;55;FORTALECIMENTO DO CONTROLE SOCIAL;8;Assistência Social;242;Assistência à Pessoa com Deficiência;851;3.3.90.39.00.00.00.00;OUTROS SERVIÇOS DE TERCEIROS - PESSOA JURÍDICA;1.500.000.0000;RECURSOS NÃO VINCULADOS DE IMPOSTOS;0,00
PREFEITURA MUNICIPAL DE BARBACENA;25.004;FUNDO MUN DE APOIO DAS PESSOAS COM DEFICIENCIA;2.511;CAPACITAÇAO DOS CONSELHEIROS MUNICIPAIS - FMPD;55;FORTALECIMENTO DO CONTROLE SOCIAL;8;Assistência Social;242;Assistência à Pessoa com Deficiência;852;3.3.90.30.00.00.00.00;MATERIAL DE CONSUMO;1.500.000.0000;RECURSOS NÃO VINCULADOS DE IMPOSTOS;0,00
PREFEITURA MUNICIPAL DE BARBACENA;25.004;FUNDO MUN DE APOIO DAS PESSOAS COM DEFICIENCIA;2.511;CAPACITAÇAO DOS CONSELHEIROS MUNICIPAIS - FMPD;55;FORTALECIMENTO DO CONTROLE SOCIAL;8;Assistência Social;242;Assistência à Pessoa com Deficiência;853;3.3.90.36.00.00.00.00;OUTROS SERVIÇOS DE TERCEIROS - PESSOA FÍSICA;1.500.000.0000;RECURSOS NÃO VINCULADOS DE IMPOSTOS;0,00
PREFEITURA MUNICIPAL DE BARBACENA;25.004;FUNDO MUN DE APOIO DAS PESSOAS COM DEFICIENCIA;2.511;CAPACITAÇAO DOS CONSELHEIROS MUNICIPAIS - FMPD;55;FORTALECIMENTO DO CONTROLE SOCIAL;8;Assistência Social;242;Assistência à Pessoa com Deficiência;854;3.3.90.39.00.00.00.00;OUTROS SERVIÇOS DE TERCEIROS - PESSOA JURÍDICA;1.500.000.0000;RECURSOS NÃO VINCULADOS DE IMPOSTOS;0,00
PREFEITURA MUNICIPAL DE BARBACENA;25.004;FUNDO MUN DE APOIO DAS PESSOAS COM DEFICIENCIA;2.471;APOIO ASSOCIAÇÃO REGIONAL DE PESSOAS PORTADORAS DE DEFICIÊNCIA (ASDEF);56;PROTEÇÃO SOCIAL BÁSICA;8;Assistência Social;242;Assistência à Pessoa com Deficiência;855;3.3.50.43.00.00.00.00;SUBVENÇÕES SOCIAIS;1.501.000.0000;OUTROS RECURSOS NÃO VINCULADOS;21.000,00
PREFEITURA MUNICIPAL DE BARBACENA;25.005;FUNDO MUN DE SEGUR ALIMENTAR E NUTRICIONAL - FMSAN;1.093;CRIAÇÃO, IMPLANTAÇÃO E MANUTENÇÃO DO RESTAURANTE POPULAR BAIRRO;55;FORTALECIMENTO DO CONTROLE SOCIAL;8;Assistência Social;306;Alimentação e Nutrição;856;3.3.90.30.00.00.00.00;MATERIAL DE CONSUMO;1.500.000.0000;RECURSOS NÃO VINCULADOS DE IMPOSTOS;0,00
PREFEITURA MUNICIPAL DE BARBACENA;25.005;FUNDO MUN DE SEGUR ALIMENTAR E NUTRICIONAL - FMSAN;1.093;CRIAÇÃO, IMPLANTAÇÃO E MANUTENÇÃO DO RESTAURANTE POPULAR BAIRRO;55;FORTALECIMENTO DO CONTROLE SOCIAL;8;Assistência Social;306;Alimentação e Nutrição;857;3.3.90.36.00.00.00.00;OUTROS SERVIÇOS DE TERCEIROS - PESSOA FÍSICA;1.500.000.0000;RECURSOS NÃO VINCULADOS DE IMPOSTOS;0,00
PREFEITURA MUNICIPAL DE BARBACENA;25.005;FUNDO MUN DE SEGUR ALIMENTAR E NUTRICIONAL - FMSAN;1.093;CRIAÇÃO, IMPLANTAÇÃO E MANUTENÇÃO DO RESTAURANTE POPULAR BAIRRO;55;FORTALECIMENTO DO CONTROLE SOCIAL;8;Assistência Social;306;Alimentação e Nutrição;858;3.3.90.39.00.00.00.00;OUTROS SERVIÇOS DE TERCEIROS - PESSOA JURÍDICA;1.500.000.0000;RECURSOS NÃO VINCULADOS DE IMPOSTOS;412.610,00
PREFEITURA MUNICIPAL DE BARBACENA;25.005;FUNDO MUN DE SEGUR ALIMENTAR E NUTRICIONAL - FMSAN;1.093;CRIAÇÃO, IMPLANTAÇÃO E MANUTENÇÃO DO RESTAURANTE POPULAR BAIRRO;55;FORTALECIMENTO DO CONTROLE SOCIAL;8;Assistência Social;306;Alimentação e Nutrição;858;3.3.90.39.00.00.00.00;OUTROS SERVIÇOS DE TERCEIROS - PESSOA JURÍDICA;1.501.000.0000;OUTROS RECURSOS NÃO VINCULADOS;870.958,00
PREFEITURA MUNICIPAL DE BARBACENA;25.005;FUNDO MUN DE SEGUR ALIMENTAR E NUTRICIONAL - FMSAN;1.093;CRIAÇÃO, IMPLANTAÇÃO E MANUTENÇÃO DO RESTAURANTE POPULAR BAIRRO;55;FORTALECIMENTO DO CONTROLE SOCIAL;8;Assistência Social;306;Alimentação e Nutrição;859;4.4.90.51.00.00.00.00;OBRAS E INSTALAÇÕES;1.500.000.0000;RECURSOS NÃO VINCULADOS DE IMPOSTOS;0,00
PREFEITURA MUNICIPAL DE BARBACENA;25.005;FUNDO MUN DE SEGUR ALIMENTAR E NUTRICIONAL - FMSAN;1.093;CRIAÇÃO, IMPLANTAÇÃO E MANUTENÇÃO DO RESTAURANTE POPULAR BAIRRO;55;FORTALECIMENTO DO CONTROLE SOCIAL;8;Assistência Social;306;Alimentação e Nutrição;860;4.4.90.52.00.00.00.00;EQUIPAMENTOS E MATERIAL PERMANENTE;1.500.000.0000;RECURSOS NÃO VINCULADOS DE IMPOSTOS;0,00
PREFEITURA MUNICIPAL DE BARBACENA;25.005;FUNDO MUN DE SEGUR ALIMENTAR E NUTRICIONAL - FMSAN;2.306;IMPLANTAÇÃO E PROMOCAO DAS POLITICAS PUBLICAS DE SEGURANCA ALIMENTAR E NUTRICIONAL;55;FORTALECIMENTO DO CONTROLE SOCIAL;8;Assistência Social;306;Alimentação e Nutrição;861;3.3.90.30.00.00.00.00;MATERIAL DE CONSUMO;1.500.000.0000;RECURSOS NÃO VINCULADOS DE IMPOSTOS;0,00
PREFEITURA MUNICIPAL DE BARBACENA;25.005;FUNDO MUN DE SEGUR ALIMENTAR E NUTRICIONAL - FMSAN;2.306;IMPLANTAÇÃO E PROMOCAO DAS POLITICAS PUBLICAS DE SEGURANCA ALIMENTAR E NUTRICIONAL;55;FORTALECIMENTO DO CONTROLE SOCIAL;8;Assistência Social;306;Alimentação e Nutrição;862;3.3.90.39.00.00.00.00;OUTROS SERVIÇOS DE TERCEIROS - PESSOA JURÍDICA;1.500.000.0000;RECURSOS NÃO VINCULADOS DE IMPOSTOS;0,00
PREFEITURA MUNICIPAL DE BARBACENA;25.005;FUNDO MUN DE SEGUR ALIMENTAR E NUTRICIONAL - FMSAN;2.384;MANUTENÇÃO DO RESTAURANTE POPULAR CENTRO;55;FORTALECIMENTO DO CONTROLE SOCIAL;8;Assistência Social;306;Alimentação e Nutrição;863;3.3.90.39.00.00.00.00;OUTROS SERVIÇOS DE TERCEIROS - PESSOA JURÍDICA;1.500.000.0000;RECURSOS NÃO VINCULADOS DE IMPOSTOS;0,00
PREFEITURA MUNICIPAL DE BARBACENA;25.005;FUNDO MUN DE SEGUR ALIMENTAR E NUTRICIONAL - FMSAN;2.384;MANUTENÇÃO DO RESTAURANTE POPULAR CENTRO;55;FORTALECIMENTO DO CONTROLE SOCIAL;8;Assistência Social;306;Alimentação e Nutrição;863;3.3.90.39.00.00.00.00;OUTROS SERVIÇOS DE TERCEIROS - PESSOA JURÍDICA;1.501.000.0000;OUTROS RECURSOS NÃO VINCULADOS;183,05
PREFEITURA MUNICIPAL DE BARBACENA;25.005;FUNDO MUN DE SEGUR ALIMENTAR E NUTRICIONAL - FMSAN;2.512;MANUTENÇAO DE CONSELHOS E CONFERENCIAS MUNICIPAIS - FMSAN;55;FORTALECIMENTO DO CONTROLE SOCIAL;8;Assistência Social;306;Alimentação e Nutrição;864;3.3.90.30.00.00.00.00;MATERIAL DE CONSUMO;1.500.000.0000;RECURSOS NÃO VINCULADOS DE IMPOSTOS;0,00
PREFEITURA MUNICIPAL DE BARBACENA;25.005;FUNDO MUN DE SEGUR ALIMENTAR E NUTRICIONAL - FMSAN;2.512;MANUTENÇAO DE CONSELHOS E CONFERENCIAS MUNICIPAIS - FMSAN;55;FORTALECIMENTO DO CONTROLE SOCIAL;8;Assistência Social;306;Alimentação e Nutrição;865;3.3.90.36.00.00.00.00;OUTROS SERVIÇOS DE TERCEIROS - PESSOA FÍSICA;1.500.000.0000;RECURSOS NÃO VINCULADOS DE IMPOSTOS;0,00
PREFEITURA MUNICIPAL DE BARBACENA;25.005;FUNDO MUN DE SEGUR ALIMENTAR E NUTRICIONAL - FMSAN;2.512;MANUTENÇAO DE CONSELHOS E CONFERENCIAS MUNICIPAIS - FMSAN;55;FORTALECIMENTO DO CONTROLE SOCIAL;8;Assistência Social;306;Alimentação e Nutrição;866;3.3.90.39.00.00.00.00;OUTROS SERVIÇOS DE TERCEIROS - PESSOA JURÍDICA;1.500.000.0000;RECURSOS NÃO VINCULADOS DE IMPOSTOS;0,00
PREFEITURA MUNICIPAL DE BARBACENA;25.005;FUNDO MUN DE SEGUR ALIMENTAR E NUTRICIONAL - FMSAN;2.513;CAPACITAÇAO DOS CONSELHEIROS MUNICIPAIS - FMSAN;55;FORTALECIMENTO DO CONTROLE SOCIAL;8;Assistência Social;306;Alimentação e Nutrição;867;3.3.90.30.00.00.00.00;MATERIAL DE CONSUMO;1.500.000.0000;RECURSOS NÃO VINCULADOS DE IMPOSTOS;0,00
PREFEITURA MUNICIPAL DE BARBACENA;25.005;FUNDO MUN DE SEGUR ALIMENTAR E NUTRICIONAL - FMSAN;2.513;CAPACITAÇAO DOS CONSELHEIROS MUNICIPAIS - FMSAN;55;FORTALECIMENTO DO CONTROLE SOCIAL;8;Assistência Social;306;Alimentação e Nutrição;868;3.3.90.36.00.00.00.00;OUTROS SERVIÇOS DE TERCEIROS - PESSOA FÍSICA;1.500.000.0000;RECURSOS NÃO VINCULADOS DE IMPOSTOS;0,00
PREFEITURA MUNICIPAL DE BARBACENA;25.005;FUNDO MUN DE SEGUR ALIMENTAR E NUTRICIONAL - FMSAN;2.513;CAPACITAÇAO DOS CONSELHEIROS MUNICIPAIS - FMSAN;55;FORTALECIMENTO DO CONTROLE SOCIAL;8;Assistência Social;306;Alimentação e Nutrição;869;3.3.90.39.00.00.00.00;OUTROS SERVIÇOS DE TERCEIROS - PESSOA JURÍDICA;1.500.000.0000;RECURSOS NÃO VINCULADOS DE IMPOSTOS;0,00
PREFEITURA MUNICIPAL DE BARBACENA;25.006;FUNDO MUNICIPAL DA CRIANÇA - FMDCA;2.305;IMPLANTAÇÃO E PROMOÇAO DAS POLITICAS DOS DIREITOS DA CRIANÇA E DO ADOLESCENTE;55;FORTALECIMENTO DO CONTROLE SOCIAL;8;Assistência Social;243;Assistência à Criança e ao Adolescente;870;3.3.50.43.00.00.00.00;SUBVENÇÕES SOCIAIS;1.500.000.0000;RECURSOS NÃO VINCULADOS DE IMPOSTOS;0,00
PREFEITURA MUNICIPAL DE BARBACENA;25.006;FUNDO MUNICIPAL DA CRIANÇA - FMDCA;2.305;IMPLANTAÇÃO E PROMOÇAO DAS POLITICAS DOS DIREITOS DA CRIANÇA E DO ADOLESCENTE;55;FORTALECIMENTO DO CONTROLE SOCIAL;8;Assistência Social;243;Assistência à Criança e ao Adolescente;870;3.3.50.43.00.00.00.00;SUBVENÇÕES SOCIAIS;1.501.000.0000;OUTROS RECURSOS NÃO VINCULADOS;0,00
PREFEITURA MUNICIPAL DE BARBACENA;25.006;FUNDO MUNICIPAL DA CRIANÇA - FMDCA;2.305;IMPLANTAÇÃO E PROMOÇAO DAS POLITICAS DOS DIREITOS DA CRIANÇA E DO ADOLESCENTE;55;FORTALECIMENTO DO CONTROLE SOCIAL;8;Assistência Social;243;Assistência à Criança e ao Adolescente;871;3.3.90.39.00.00.00.00;OUTROS SERVIÇOS DE TERCEIROS - PESSOA JURÍDICA;1.500.000.0000;RECURSOS NÃO VINCULADOS DE IMPOSTOS;0,00
PREFEITURA MUNICIPAL DE BARBACENA;25.006;FUNDO MUNICIPAL DA CRIANÇA - FMDCA;2.305;IMPLANTAÇÃO E PROMOÇAO DAS POLITICAS DOS DIREITOS DA CRIANÇA E DO ADOLESCENTE;55;FORTALECIMENTO DO CONTROLE SOCIAL;8;Assistência Social;243;Assistência à Criança e ao Adolescente;871;3.3.90.39.00.00.00.00;OUTROS SERVIÇOS DE TERCEIROS - PESSOA JURÍDICA;1.501.000.0000;OUTROS RECURSOS NÃO VINCULADOS;585.674,34
PREFEITURA MUNICIPAL DE BARBACENA;25.006;FUNDO MUNICIPAL DA CRIANÇA - FMDCA;2.305;IMPLANTAÇÃO E PROMOÇAO DAS POLITICAS DOS DIREITOS DA CRIANÇA E DO ADOLESCENTE;55;FORTALECIMENTO DO CONTROLE SOCIAL;8;Assistência Social;243;Assistência à Criança e ao Adolescente;976;4.4.50.41.00.00.00.00;CONTRIBUIÇÕES;1.501.000.0000;OUTROS RECURSOS NÃO VINCULADOS;54.325,66
PREFEITURA MUNICIPAL DE BARBACENA;25.006;FUNDO MUNICIPAL DA CRIANÇA - FMDCA;2.606;MANUTENÇÃO DO FUNDO DA INFÂNCIA E ADOLESCÊNCIA;55;FORTALECIMENTO DO CONTROLE SOCIAL;8;Assistência Social;243;Assistência à Criança e ao Adolescente;872;3.3.90.43.00.00.00.00;SUBVENÇÕES SOCIAIS;1.500.000.0000;RECURSOS NÃO VINCULADOS DE IMPOSTOS;0,00
PREFEITURA MUNICIPAL DE BARBACENA;25.006;FUNDO MUNICIPAL DA CRIANÇA - FMDCA;2.392;PROGRAMA FORÇAS NO ESPORTE PARA VULNERÁVEIS;56;PROTEÇÃO SOCIAL BÁSICA;8;Assistência Social;243;Assistência à Criança e ao Adolescente;873;3.3.90.32.00.00.00.00;MATERIAL, BEM OU SERVIÇO PARA DISTRIB. GRATUITA;1.500.000.0000;RECURSOS NÃO VINCULADOS DE IMPOSTOS;0,00
PREFEITURA MUNICIPAL DE BARBACENA;25.006;FUNDO MUNICIPAL DA CRIANÇA - FMDCA;2.392;PROGRAMA FORÇAS NO ESPORTE PARA VULNERÁVEIS;56;PROTEÇÃO SOCIAL BÁSICA;8;Assistência Social;243;Assistência à Criança e ao Adolescente;874;3.3.90.39.00.00.00.00;OUTROS SERVIÇOS DE TERCEIROS - PESSOA JURÍDICA;1.500.000.0000;RECURSOS NÃO VINCULADOS DE IMPOSTOS;0,00
PREFEITURA MUNICIPAL DE BARBACENA;25.006;FUNDO MUNICIPAL DA CRIANÇA - FMDCA;2.392;PROGRAMA FORÇAS NO ESPORTE PARA VULNERÁVEIS;56;PROTEÇÃO SOCIAL BÁSICA;8;Assistência Social;243;Assistência à Criança e ao Adolescente;874;3.3.90.39.00.00.00.00;OUTROS SERVIÇOS DE TERCEIROS - PESSOA JURÍDICA;1.660.000.0000;TRANSFERÊNCIA DE RECURSOS DO FUNDO NACIONAL DE ASSISTÊNCIA SOCIAL - FNAS;5.000,00
PREFEITURA MUNICIPAL DE BARBACENA;25.006;FUNDO MUNICIPAL DA CRIANÇA - FMDCA;2.604;MANUTENÇÃO DO PROGRAMA DE ERRADICAÇÃO DO TRABALHO INFANTIL - PETI;57;PROTEÇÃO SOCIAL ESPECIAL DE MÉDIA COMPLEXIDADE;8;Assistência Social;243;Assistência à Criança e ao Adolescente;875;3.3.90.39.00.00.00.00;OUTROS SERVIÇOS DE TERCEIROS - PESSOA JURÍDICA;1.500.000.0000;RECURSOS NÃO VINCULADOS DE IMPOSTOS;0,00
PREFEITURA MUNICIPAL DE BARBACENA;25.006;FUNDO MUNICIPAL DA CRIANÇA - FMDCA;2.604;MANUTENÇÃO DO PROGRAMA DE ERRADICAÇÃO DO TRABALHO INFANTIL - PETI;57;PROTEÇÃO SOCIAL ESPECIAL DE MÉDIA COMPLEXIDADE;8;Assistência Social;243;Assistência à Criança e ao Adolescente;875;3.3.90.39.00.00.00.00;OUTROS SERVIÇOS DE TERCEIROS - PESSOA JURÍDICA;1.660.000.0000;TRANSFERÊNCIA DE RECURSOS DO FUNDO NACIONAL DE ASSISTÊNCIA SOCIAL - FNAS;0,00
PREFEITURA MUNICIPAL DE BARBACENA;25.006;FUNDO MUNICIPAL DA CRIANÇA - FMDCA;2.414;CRIAÇÃO, IMPLANTAÇÃO E MANUTENÇÃO CENTRO ATENDIMENTO INTEGRADO A CRIANÇA E ADOLESCENTE;58;PROTEÇÃO SOCIAL ESPECIAL DE ALTA COMPLEXIDADE;8;Assistência Social;243;Assistência à Criança e ao Adolescente;876;3.3.90.30.00.00.00.00;MATERIAL DE CONSUMO;1.500.000.0000;RECURSOS NÃO VINCULADOS DE IMPOSTOS;0,00
PREFEITURA MUNICIPAL DE BARBACENA;25.006;FUNDO MUNICIPAL DA CRIANÇA - FMDCA;2.414;CRIAÇÃO, IMPLANTAÇÃO E MANUTENÇÃO CENTRO ATENDIMENTO INTEGRADO A CRIANÇA E ADOLESCENTE;58;PROTEÇÃO SOCIAL ESPECIAL DE ALTA COMPLEXIDADE;8;Assistência Social;243;Assistência à Criança e ao Adolescente;877;3.3.90.39.00.00.00.00;OUTROS SERVIÇOS DE TERCEIROS - PESSOA JURÍDICA;1.500.000.0000;RECURSOS NÃO VINCULADOS DE IMPOSTOS;0,00
PREFEITURA MUNICIPAL DE BARBACENA;25.006;FUNDO MUNICIPAL DA CRIANÇA - FMDCA;2.414;CRIAÇÃO, IMPLANTAÇÃO E MANUTENÇÃO CENTRO ATENDIMENTO INTEGRADO A CRIANÇA E ADOLESCENTE;58;PROTEÇÃO SOCIAL ESPECIAL DE ALTA COMPLEXIDADE;8;Assistência Social;243;Assistência à Criança e ao Adolescente;877;3.3.90.39.00.00.00.00;OUTROS SERVIÇOS DE TERCEIROS - PESSOA JURÍDICA;1.660.000.0000;TRANSFERÊNCIA DE RECURSOS DO FUNDO NACIONAL DE ASSISTÊNCIA SOCIAL - FNAS;5.000,00
PREFEITURA MUNICIPAL DE BARBACENA;25.006;FUNDO MUNICIPAL DA CRIANÇA - FMDCA;2.414;CRIAÇÃO, IMPLANTAÇÃO E MANUTENÇÃO CENTRO ATENDIMENTO INTEGRADO A CRIANÇA E ADOLESCENTE;58;PROTEÇÃO SOCIAL ESPECIAL DE ALTA COMPLEXIDADE;8;Assistência Social;243;Assistência à Criança e ao Adolescente;878;4.4.90.51.00.00.00.00;OBRAS E INSTALAÇÕES;1.660.000.0000;TRANSFERÊNCIA DE RECURSOS DO FUNDO NACIONAL DE ASSISTÊNCIA SOCIAL - FNAS;4.500,00
PREFEITURA MUNICIPAL DE BARBACENA;25.007;FUNDO MUNICIPAL DOS DIREITOS DA MULHER - FMDM;2.326;IMPLANTAÇÃO E PROMOÇAO DAS POLITICAS PUBLICAS DOS DIREITOS DA MULHER;55;FORTALECIMENTO DO CONTROLE SOCIAL;8;Assistência Social;244;Assistência Comunitária;879;3.3.90.39.00.00.00.00;OUTROS SERVIÇOS DE TERCEIROS - PESSOA JURÍDICA;1.500.000.0000;RECURSOS NÃO VINCULADOS DE IMPOSTOS;0,00
PREFEITURA MUNICIPAL DE BARBACENA;25.007;FUNDO MUNICIPAL DOS DIREITOS DA MULHER - FMDM;2.514;MANUTENÇAO DE CONSELHOS E CONFERENCIAS MUNICIPAIS - FMDM;55;FORTALECIMENTO DO CONTROLE SOCIAL;8;Assistência Social;244;Assistência Comunitária;880;3.3.90.30.00.00.00.00;MATERIAL DE CONSUMO;1.500.000.0000;RECURSOS NÃO VINCULADOS DE IMPOSTOS;0,00
PREFEITURA MUNICIPAL DE BARBACENA;25.007;FUNDO MUNICIPAL DOS DIREITOS DA MULHER - FMDM;2.514;MANUTENÇAO DE CONSELHOS E CONFERENCIAS MUNICIPAIS - FMDM;55;FORTALECIMENTO DO CONTROLE SOCIAL;8;Assistência Social;244;Assistência Comunitária;881;3.3.90.36.00.00.00.00;OUTROS SERVIÇOS DE TERCEIROS - PESSOA FÍSICA;1.500.000.0000;RECURSOS NÃO VINCULADOS DE IMPOSTOS;0,00
PREFEITURA MUNICIPAL DE BARBACENA;25.007;FUNDO MUNICIPAL DOS DIREITOS DA MULHER - FMDM;2.514;MANUTENÇAO DE CONSELHOS E CONFERENCIAS MUNICIPAIS - FMDM;55;FORTALECIMENTO DO CONTROLE SOCIAL;8;Assistência Social;244;Assistência Comunitária;882;3.3.90.39.00.00.00.00;OUTROS SERVIÇOS DE TERCEIROS - PESSOA JURÍDICA;1.500.000.0000;RECURSOS NÃO VINCULADOS DE IMPOSTOS;0,00
PREFEITURA MUNICIPAL DE BARBACENA;25.007;FUNDO MUNICIPAL DOS DIREITOS DA MULHER - FMDM;2.515;CAPACITAÇAO DOS CONSELHEIROS MUNICIPAIS - FMDM;55;FORTALECIMENTO DO CONTROLE SOCIAL;8;Assistência Social;244;Assistência Comunitária;883;3.3.90.30.00.00.00.00;MATERIAL DE CONSUMO;1.500.000.0000;RECURSOS NÃO VINCULADOS DE IMPOSTOS;0,00
PREFEITURA MUNICIPAL DE BARBACENA;25.007;FUNDO MUNICIPAL DOS DIREITOS DA MULHER - FMDM;2.515;CAPACITAÇAO DOS CONSELHEIROS MUNICIPAIS - FMDM;55;FORTALECIMENTO DO CONTROLE SOCIAL;8;Assistência Social;244;Assistência Comunitária;884;3.3.90.36.00.00.00.00;OUTROS SERVIÇOS DE TERCEIROS - PESSOA FÍSICA;1.500.000.0000;RECURSOS NÃO VINCULADOS DE IMPOSTOS;0,00
PREFEITURA MUNICIPAL DE BARBACENA;25.007;FUNDO MUNICIPAL DOS DIREITOS DA MULHER - FMDM;2.515;CAPACITAÇAO DOS CONSELHEIROS MUNICIPAIS - FMDM;55;FORTALECIMENTO DO CONTROLE SOCIAL;8;Assistência Social;244;Assistência Comunitária;885;3.3.90.39.00.00.00.00;OUTROS SERVIÇOS DE TERCEIROS - PESSOA JURÍDICA;1.500.000.0000;RECURSOS NÃO VINCULADOS DE IMPOSTOS;0,00
PREFEITURA MUNICIPAL DE BARBACENA;25.007;FUNDO MUNICIPAL DOS DIREITOS DA MULHER - FMDM;2.391;PROGRAMA QUALIFICA MULHER;56;PROTEÇÃO SOCIAL BÁSICA;8;Assistência Social;244;Assistência Comunitária;886;3.3.90.30.00.00.00.00;MATERIAL DE CONSUMO;1.500.000.0000;RECURSOS NÃO VINCULADOS DE IMPOSTOS;0,00
PREFEITURA MUNICIPAL DE BARBACENA;25.007;FUNDO MUNICIPAL DOS DIREITOS DA MULHER - FMDM;2.391;PROGRAMA QUALIFICA MULHER;56;PROTEÇÃO SOCIAL BÁSICA;8;Assistência Social;244;Assistência Comunitária;887;3.3.90.39.00.00.00.00;OUTROS SERVIÇOS DE TERCEIROS - PESSOA JURÍDICA;1.500.000.0000;RECURSOS NÃO VINCULADOS DE IMPOSTOS;0,00
PREFEITURA MUNICIPAL DE BARBACENA;25.007;FUNDO MUNICIPAL DOS DIREITOS DA MULHER - FMDM;2.399;CRIAÇÃO, IMPLANTAÇÃO E MANUTENÇÃO CASA DA MULHER BRASILEIRA;58;PROTEÇÃO SOCIAL ESPECIAL DE ALTA COMPLEXIDADE;8;Assistência Social;244;Assistência Comunitária;888;3.3.90.30.00.00.00.00;MATERIAL DE CONSUMO;1.500.000.0000;RECURSOS NÃO VINCULADOS DE IMPOSTOS;0,00
PREFEITURA MUNICIPAL DE BARBACENA;25.007;FUNDO MUNICIPAL DOS DIREITOS DA MULHER - FMDM;2.399;CRIAÇÃO, IMPLANTAÇÃO E MANUTENÇÃO CASA DA MULHER BRASILEIRA;58;PROTEÇÃO SOCIAL ESPECIAL DE ALTA COMPLEXIDADE;8;Assistência Social;244;Assistência Comunitária;889;3.3.90.39.00.00.00.00;OUTROS SERVIÇOS DE TERCEIROS - PESSOA JURÍDICA;1.500.000.0000;RECURSOS NÃO VINCULADOS DE IMPOSTOS;0,00
PREFEITURA MUNICIPAL DE BARBACENA;25.008;FUNDO MUNICIPAL DA JUVENTUDE - FMJU;2.516;MANUTENÇAO DE CONSELHOS E CONFERENCIAS MUNICIPAIS - FMDJ;55;FORTALECIMENTO DO CONTROLE SOCIAL;8;Assistência Social;243;Assistência à Criança e ao Adolescente;890;3.3.90.30.00.00.00.00;MATERIAL DE CONSUMO;1.500.000.0000;RECURSOS NÃO VINCULADOS DE IMPOSTOS;0,00
PREFEITURA MUNICIPAL DE BARBACENA;25.008;FUNDO MUNICIPAL DA JUVENTUDE - FMJU;2.516;MANUTENÇAO DE CONSELHOS E CONFERENCIAS MUNICIPAIS - FMDJ;55;FORTALECIMENTO DO CONTROLE SOCIAL;8;Assistência Social;243;Assistência à Criança e ao Adolescente;891;3.3.90.36.00.00.00.00;OUTROS SERVIÇOS DE TERCEIROS - PESSOA FÍSICA;1.500.000.0000;RECURSOS NÃO VINCULADOS DE IMPOSTOS;0,00
PREFEITURA MUNICIPAL DE BARBACENA;25.008;FUNDO MUNICIPAL DA JUVENTUDE - FMJU;2.516;MANUTENÇAO DE CONSELHOS E CONFERENCIAS MUNICIPAIS - FMDJ;55;FORTALECIMENTO DO CONTROLE SOCIAL;8;Assistência Social;243;Assistência à Criança e ao Adolescente;892;3.3.90.39.00.00.00.00;OUTROS SERVIÇOS DE TERCEIROS - PESSOA JURÍDICA;1.500.000.0000;RECURSOS NÃO VINCULADOS DE IMPOSTOS;0,00
PREFEITURA MUNICIPAL DE BARBACENA;25.008;FUNDO MUNICIPAL DA JUVENTUDE - FMJU;2.517;CAPACITAÇAO DOS CONSELHEIROS MUNICIPAIS - FMDJ;55;FORTALECIMENTO DO CONTROLE SOCIAL;8;Assistência Social;243;Assistência à Criança e ao Adolescente;893;3.3.90.30.00.00.00.00;MATERIAL DE CONSUMO;1.500.000.0000;RECURSOS NÃO VINCULADOS DE IMPOSTOS;0,00
PREFEITURA MUNICIPAL DE BARBACENA;25.008;FUNDO MUNICIPAL DA JUVENTUDE - FMJU;2.517;CAPACITAÇAO DOS CONSELHEIROS MUNICIPAIS - FMDJ;55;FORTALECIMENTO DO CONTROLE SOCIAL;8;Assistência Social;243;Assistência à Criança e ao Adolescente;894;3.3.90.36.00.00.00.00;OUTROS SERVIÇOS DE TERCEIROS - PESSOA FÍSICA;1.500.000.0000;RECURSOS NÃO VINCULADOS DE IMPOSTOS;0,00
PREFEITURA MUNICIPAL DE BARBACENA;25.008;FUNDO MUNICIPAL DA JUVENTUDE - FMJU;2.517;CAPACITAÇAO DOS CONSELHEIROS MUNICIPAIS - FMDJ;55;FORTALECIMENTO DO CONTROLE SOCIAL;8;Assistência Social;243;Assistência à Criança e ao Adolescente;895;3.3.90.39.00.00.00.00;OUTROS SERVIÇOS DE TERCEIROS - PESSOA JURÍDICA;1.500.000.0000;RECURSOS NÃO VINCULADOS DE IMPOSTOS;0,00
PREFEITURA MUNICIPAL DE BARBACENA;25.008;FUNDO MUNICIPAL DA JUVENTUDE - FMJU;2.667;PROMOÇÃO DAS POLÍTICAS PUBLICAS DOS DIRETOS DA JUVENTUDE;55;FORTALECIMENTO DO CONTROLE SOCIAL;8;Assistência Social;243;Assistência à Criança e ao Adolescente;896;3.3.90.39.00.00.00.00;OUTROS SERVIÇOS DE TERCEIROS - PESSOA JURÍDICA;1.500.000.0000;RECURSOS NÃO VINCULADOS DE IMPOSTOS;0,00
PREFEITURA MUNICIPAL DE BARBACENA;25.008;FUNDO MUNICIPAL DA JUVENTUDE - FMJU;2.388;PROGRAMA ESPAÇO 4.0;56;PROTEÇÃO SOCIAL BÁSICA;8;Assistência Social;244;Assistência Comunitária;897;3.3.90.30.00.00.00.00;MATERIAL DE CONSUMO;1.500.000.0000;RECURSOS NÃO VINCULADOS DE IMPOSTOS;0,00
PREFEITURA MUNICIPAL DE BARBACENA;25.008;FUNDO MUNICIPAL DA JUVENTUDE - FMJU;2.388;PROGRAMA ESPAÇO 4.0;56;PROTEÇÃO SOCIAL BÁSICA;8;Assistência Social;244;Assistência Comunitária;897;3.3.90.30.00.00.00.00;MATERIAL DE CONSUMO;1.660.000.0000;TRANSFERÊNCIA DE RECURSOS DO FUNDO NACIONAL DE ASSISTÊNCIA SOCIAL - FNAS;3.000,00
PREFEITURA MUNICIPAL DE BARBACENA;25.008;FUNDO MUNICIPAL DA JUVENTUDE - FMJU;2.388;PROGRAMA ESPAÇO 4.0;56;PROTEÇÃO SOCIAL BÁSICA;8;Assistência Social;244;Assistência Comunitária;898;3.3.90.39.00.00.00.00;OUTROS SERVIÇOS DE TERCEIROS - PESSOA JURÍDICA;1.500.000.0000;RECURSOS NÃO VINCULADOS DE IMPOSTOS;0,00
PREFEITURA MUNICIPAL DE BARBACENA;25.008;FUNDO MUNICIPAL DA JUVENTUDE - FMJU;2.388;PROGRAMA ESPAÇO 4.0;56;PROTEÇÃO SOCIAL BÁSICA;8;Assistência Social;244;Assistência Comunitária;898;3.3.90.39.00.00.00.00;OUTROS SERVIÇOS DE TERCEIROS - PESSOA JURÍDICA;1.660.000.0000;TRANSFERÊNCIA DE RECURSOS DO FUNDO NACIONAL DE ASSISTÊNCIA SOCIAL - FNAS;3.000,00
PREFEITURA MUNICIPAL DE BARBACENA;25.008;FUNDO MUNICIPAL DA JUVENTUDE - FMJU;2.388;PROGRAMA ESPAÇO 4.0;56;PROTEÇÃO SOCIAL BÁSICA;8;Assistência Social;244;Assistência Comunitária;899;4.4.90.52.00.00.00.00;EQUIPAMENTOS E MATERIAL PERMANENTE;1.660.000.0000;TRANSFERÊNCIA DE RECURSOS DO FUNDO NACIONAL DE ASSISTÊNCIA SOCIAL - FNAS;3.000,00
PREFEITURA MUNICIPAL DE BARBACENA;25.009;FUNDO MUNICIPAL DA IGUALDADE RACIAL;2.323;IMPLANTAÇÃO E PROMOÇAO DAS POLITICAS PUBLICAS DA IGUALDADE RACIAL;55;FORTALECIMENTO DO CONTROLE SOCIAL;8;Assistência Social;244;Assistência Comunitária;900;3.3.90.39.00.00.00.00;OUTROS SERVIÇOS DE TERCEIROS - PESSOA JURÍDICA;1.500.000.0000;RECURSOS NÃO VINCULADOS DE IMPOSTOS;0,00
PREFEITURA MUNICIPAL DE BARBACENA;25.009;FUNDO MUNICIPAL DA IGUALDADE RACIAL;2.518;MANUTENÇAO DE CONSELHOS E CONFERENCIAS MUNICIPAIS - FMIR;55;FORTALECIMENTO DO CONTROLE SOCIAL;8;Assistência Social;244;Assistência Comunitária;901;3.3.90.30.00.00.00.00;MATERIAL DE CONSUMO;1.500.000.0000;RECURSOS NÃO VINCULADOS DE IMPOSTOS;0,00
PREFEITURA MUNICIPAL DE BARBACENA;25.009;FUNDO MUNICIPAL DA IGUALDADE RACIAL;2.518;MANUTENÇAO DE CONSELHOS E CONFERENCIAS MUNICIPAIS - FMIR;55;FORTALECIMENTO DO CONTROLE SOCIAL;8;Assistência Social;244;Assistência Comunitária;902;3.3.90.36.00.00.00.00;OUTROS SERVIÇOS DE TERCEIROS - PESSOA FÍSICA;1.500.000.0000;RECURSOS NÃO VINCULADOS DE IMPOSTOS;0,00
PREFEITURA MUNICIPAL DE BARBACENA;25.009;FUNDO MUNICIPAL DA IGUALDADE RACIAL;2.518;MANUTENÇAO DE CONSELHOS E CONFERENCIAS MUNICIPAIS - FMIR;55;FORTALECIMENTO DO CONTROLE SOCIAL;8;Assistência Social;244;Assistência Comunitária;903;3.3.90.39.00.00.00.00;OUTROS SERVIÇOS DE TERCEIROS - PESSOA JURÍDICA;1.500.000.0000;RECURSOS NÃO VINCULADOS DE IMPOSTOS;0,00
PREFEITURA MUNICIPAL DE BARBACENA;25.009;FUNDO MUNICIPAL DA IGUALDADE RACIAL;2.519;CAPACITAÇAO DOS CONSELHEIROS MUNICIPAIS - FMIR;55;FORTALECIMENTO DO CONTROLE SOCIAL;8;Assistência Social;244;Assistência Comunitária;904;3.3.90.30.00.00.00.00;MATERIAL DE CONSUMO;1.500.000.0000;RECURSOS NÃO VINCULADOS DE IMPOSTOS;0,00
PREFEITURA MUNICIPAL DE BARBACENA;25.009;FUNDO MUNICIPAL DA IGUALDADE RACIAL;2.519;CAPACITAÇAO DOS CONSELHEIROS MUNICIPAIS - FMIR;55;FORTALECIMENTO DO CONTROLE SOCIAL;8;Assistência Social;244;Assistência Comunitária;905;3.3.90.36.00.00.00.00;OUTROS SERVIÇOS DE TERCEIROS - PESSOA FÍSICA;1.500.000.0000;RECURSOS NÃO VINCULADOS DE IMPOSTOS;0,00
PREFEITURA MUNICIPAL DE BARBACENA;25.009;FUNDO MUNICIPAL DA IGUALDADE RACIAL;2.519;CAPACITAÇAO DOS CONSELHEIROS MUNICIPAIS - FMIR;55;FORTALECIMENTO DO CONTROLE SOCIAL;8;Assistência Social;244;Assistência Comunitária;906;3.3.90.39.00.00.00.00;OUTROS SERVIÇOS DE TERCEIROS - PESSOA JURÍDICA;1.500.000.0000;RECURSOS NÃO VINCULADOS DE IMPOSTOS;0,00
PREFEITURA MUNICIPAL DE BARBACENA;25.010;FUNDO MUNICIPAL DO IDOSO;2.099;PROMOÇAO DOS DIREITOS DO IDOSO E DEMAIS POLITICAS ESPECIAIS;55;FORTALECIMENTO DO CONTROLE SOCIAL;8;Assistência Social;241;Assistência à Pessoa Idosa;907;3.3.90.14.00.00.00.00;DIÁRIAS - PESSOAL CIVIL;1.500.000.0000;RECURSOS NÃO VINCULADOS DE IMPOSTOS;0,00
PREFEITURA MUNICIPAL DE BARBACENA;25.010;FUNDO MUNICIPAL DO IDOSO;2.099;PROMOÇAO DOS DIREITOS DO IDOSO E DEMAIS POLITICAS ESPECIAIS;55;FORTALECIMENTO DO CONTROLE SOCIAL;8;Assistência Social;241;Assistência à Pessoa Idosa;908;3.3.90.30.00.00.00.00;MATERIAL DE CONSUMO;1.500.000.0000;RECURSOS NÃO VINCULADOS DE IMPOSTOS;0,00
PREFEITURA MUNICIPAL DE BARBACENA;25.010;FUNDO MUNICIPAL DO IDOSO;2.394;PROGRAMA RENOVAÇÃO IDOSOS;56;PROTEÇÃO SOCIAL BÁSICA;8;Assistência Social;241;Assistência à Pessoa Idosa;909;3.3.90.30.00.00.00.00;MATERIAL DE CONSUMO;1.500.000.0000;RECURSOS NÃO VINCULADOS DE IMPOSTOS;0,00
PREFEITURA MUNICIPAL DE BARBACENA;25.010;FUNDO MUNICIPAL DO IDOSO;2.394;PROGRAMA RENOVAÇÃO IDOSOS;56;PROTEÇÃO SOCIAL BÁSICA;8;Assistência Social;241;Assistência à Pessoa Idosa;910;3.3.90.39.00.00.00.00;OUTROS SERVIÇOS DE TERCEIROS - PESSOA JURÍDICA;1.500.000.0000;RECURSOS NÃO VINCULADOS DE IMPOSTOS;0,00
PREFEITURA MUNICIPAL DE BARBACENA;25.010;FUNDO MUNICIPAL DO IDOSO;2.470;APOIO AO LAR DAS VELHINHAS;56;PROTEÇÃO SOCIAL BÁSICA;8;Assistência Social;241;Assistência à Pessoa Idosa;911;3.3.50.43.00.00.00.00;SUBVENÇÕES SOCIAIS;1.500.000.0000;RECURSOS NÃO VINCULADOS DE IMPOSTOS;0,00
PREFEITURA MUNICIPAL DE BARBACENA;25.010;FUNDO MUNICIPAL DO IDOSO;2.470;APOIO AO LAR DAS VELHINHAS;56;PROTEÇÃO SOCIAL BÁSICA;8;Assistência Social;241;Assistência à Pessoa Idosa;912;4.4.50.41.00.00.00.00;CONTRIBUIÇÕES;1.500.000.0000;RECURSOS NÃO VINCULADOS DE IMPOSTOS;1.000,00
PREFEITURA MUNICIPAL DE BARBACENA;25.010;FUNDO MUNICIPAL DO IDOSO;2.470;APOIO AO LAR DAS VELHINHAS;56;PROTEÇÃO SOCIAL BÁSICA;8;Assistência Social;241;Assistência à Pessoa Idosa;963;3.3.50.41.00.00.00.00;CONTRIBUIÇÕES;1.500.000.0000;RECURSOS NÃO VINCULADOS DE IMPOSTOS;128.949,08
