Entidade;Número do Organograma;Descrição do organograma;Número da ação;Descrição da ação;Número do programa;Descrição do programa;Número da função;Descrição da função;Número da subfunção;Descrição da subfunção;Número da despesa;Natureza de Despesa;Descrição da natureza de despesa;Recurso;Descrição do recurso;Valor orçado da despesa
FUNDO MUNICIPAL DE SAÚDE DE BARBACENA;18.002;FUNDO MUNICIPAL DE SAUDE;0.001;PAGAMENTOS DE PRECATÓRIOS E SENTENÇAS JUDICIAIS CONDENATÓRIAS DA SAÚDE;0;ENCARGOS DO MUNICIPIO;10;Saúde;122;Administração Geral;1;3.1.90.91.00.00.00.00;SENTENÇAS JUDICIAIS;1.500.000.1002;RECURSOS NÃO VINCULADOS DE IMPOSTOS (SAÚDE);2.000,00
FUNDO MUNICIPAL DE SAÚDE DE BARBACENA;18.002;FUNDO MUNICIPAL DE SAUDE;0.001;PAGAMENTOS DE PRECATÓRIOS E SENTENÇAS JUDICIAIS CONDENATÓRIAS DA SAÚDE;0;ENCARGOS DO MUNICIPIO;10;Saúde;122;Administração Geral;2;3.3.90.91.00.00.00.00;SENTENÇAS JUDICIAIS;1.500.000.1002;RECURSOS NÃO VINCULADOS DE IMPOSTOS (SAÚDE);167.978,40
FUNDO MUNICIPAL DE SAÚDE DE BARBACENA;18.002;FUNDO MUNICIPAL DE SAUDE;0.001;PAGAMENTOS DE PRECATÓRIOS E SENTENÇAS JUDICIAIS CONDENATÓRIAS DA SAÚDE;0;ENCARGOS DO MUNICIPIO;10;Saúde;122;Administração Geral;3;3.3.90.92.00.00.00.00;DESPESAS DE EXERCÍCIOS ANTERIORES;1.500.000.1002;RECURSOS NÃO VINCULADOS DE IMPOSTOS (SAÚDE);1.000,00
FUNDO MUNICIPAL DE SAÚDE DE BARBACENA;18.002;FUNDO MUNICIPAL DE SAUDE;1.009;CONSTRUÇÃO, REFORMA, READEQUAÇÃO E AMPLIAÇÃO DE ACADEMIAS DE SAÚDE;2;ATENÇAO BASICA;10;Saúde;301;Atenção Básica;58;3.3.90.39.00.00.00.00;OUTROS SERVIÇOS DE TERCEIROS - PESSOA JURÍDICA;1.601.000.0000;TRANSFERÊNCIAS FUNDO A FUNDO DE RECURSOS DO SUS PROVENIENTES DO GOVERNO FEDERAL - BLOCO DE ESTRUTURAÇÃO DA REDE DE SERVIÇOS PÚBLICOS DE SAÚDE;1.000,00
FUNDO MUNICIPAL DE SAÚDE DE BARBACENA;18.002;FUNDO MUNICIPAL DE SAUDE;1.009;CONSTRUÇÃO, REFORMA, READEQUAÇÃO E AMPLIAÇÃO DE ACADEMIAS DE SAÚDE;2;ATENÇAO BASICA;10;Saúde;301;Atenção Básica;59;4.4.90.51.00.00.00.00;OBRAS E INSTALAÇÕES;1.500.000.1002;RECURSOS NÃO VINCULADOS DE IMPOSTOS (SAÚDE);5.000,00
FUNDO MUNICIPAL DE SAÚDE DE BARBACENA;18.002;FUNDO MUNICIPAL DE SAUDE;1.288;CONSTRUÇAO, REFORMA, READEQUAÇAO E AMPLIAÇAO DE UBS;2;ATENÇAO BASICA;10;Saúde;301;Atenção Básica;60;3.3.90.39.00.00.00.00;OUTROS SERVIÇOS DE TERCEIROS - PESSOA JURÍDICA;1.601.000.0000;TRANSFERÊNCIAS FUNDO A FUNDO DE RECURSOS DO SUS PROVENIENTES DO GOVERNO FEDERAL - BLOCO DE ESTRUTURAÇÃO DA REDE DE SERVIÇOS PÚBLICOS DE SAÚDE;1.000,00
FUNDO MUNICIPAL DE SAÚDE DE BARBACENA;18.002;FUNDO MUNICIPAL DE SAUDE;1.288;CONSTRUÇAO, REFORMA, READEQUAÇAO E AMPLIAÇAO DE UBS;2;ATENÇAO BASICA;10;Saúde;301;Atenção Básica;61;3.3.90.93.00.00.00.00;INDENIZAÇÕES E RESTITUIÇÕES;1.500.000.1002;RECURSOS NÃO VINCULADOS DE IMPOSTOS (SAÚDE);0,00
FUNDO MUNICIPAL DE SAÚDE DE BARBACENA;18.002;FUNDO MUNICIPAL DE SAUDE;1.288;CONSTRUÇAO, REFORMA, READEQUAÇAO E AMPLIAÇAO DE UBS;2;ATENÇAO BASICA;10;Saúde;301;Atenção Básica;61;3.3.90.93.00.00.00.00;INDENIZAÇÕES E RESTITUIÇÕES;1.601.000.0000;TRANSFERÊNCIAS FUNDO A FUNDO DE RECURSOS DO SUS PROVENIENTES DO GOVERNO FEDERAL - BLOCO DE ESTRUTURAÇÃO DA REDE DE SERVIÇOS PÚBLICOS DE SAÚDE;1.000,00
FUNDO MUNICIPAL DE SAÚDE DE BARBACENA;18.002;FUNDO MUNICIPAL DE SAUDE;1.288;CONSTRUÇAO, REFORMA, READEQUAÇAO E AMPLIAÇAO DE UBS;2;ATENÇAO BASICA;10;Saúde;301;Atenção Básica;62;4.4.90.51.00.00.00.00;OBRAS E INSTALAÇÕES;1.500.000.1002;RECURSOS NÃO VINCULADOS DE IMPOSTOS (SAÚDE);10.000,00
FUNDO MUNICIPAL DE SAÚDE DE BARBACENA;18.002;FUNDO MUNICIPAL DE SAUDE;1.288;CONSTRUÇAO, REFORMA, READEQUAÇAO E AMPLIAÇAO DE UBS;2;ATENÇAO BASICA;10;Saúde;301;Atenção Básica;62;4.4.90.51.00.00.00.00;OBRAS E INSTALAÇÕES;2.621.000.0000;TRANSFERÊNCIAS FUNDO A FUNDO DE RECURSOS DO SUS PROVENIENTES DO GOVERNO ESTADUAL;0,00
FUNDO MUNICIPAL DE SAÚDE DE BARBACENA;18.002;FUNDO MUNICIPAL DE SAUDE;1.288;CONSTRUÇAO, REFORMA, READEQUAÇAO E AMPLIAÇAO DE UBS;2;ATENÇAO BASICA;10;Saúde;301;Atenção Básica;62;4.4.90.51.00.00.00.00;OBRAS E INSTALAÇÕES;2.706.000.0000;TRANSFERÊNCIA ESPECIAL DA UNIÃO;0,00
FUNDO MUNICIPAL DE SAÚDE DE BARBACENA;18.002;FUNDO MUNICIPAL DE SAUDE;1.480;CONSTRUÇÃO DE ACADEMIAS DE SAÚDE, BAIRRO BOA VISTA E IPANEMA;2;ATENÇAO BASICA;10;Saúde;301;Atenção Básica;63;4.4.90.51.00.00.00.00;OBRAS E INSTALAÇÕES;1.500.000.1002;RECURSOS NÃO VINCULADOS DE IMPOSTOS (SAÚDE);0,00
FUNDO MUNICIPAL DE SAÚDE DE BARBACENA;18.002;FUNDO MUNICIPAL DE SAUDE;1.480;CONSTRUÇÃO DE ACADEMIAS DE SAÚDE, BAIRRO BOA VISTA E IPANEMA;2;ATENÇAO BASICA;10;Saúde;301;Atenção Básica;63;4.4.90.51.00.00.00.00;OBRAS E INSTALAÇÕES;1.621.000.0000;TRANSFERÊNCIAS FUNDO A FUNDO DE RECURSOS DO SUS PROVENIENTES DO GOVERNO ESTADUAL;123.265,45
FUNDO MUNICIPAL DE SAÚDE DE BARBACENA;18.002;FUNDO MUNICIPAL DE SAUDE;2.025;MANUTENÇÃO DA REDE DE ATENÇÃO PRIMÁRIA;2;ATENÇAO BASICA;10;Saúde;301;Atenção Básica;64;3.1.90.04.00.00.00.00;CONTRATAÇÃO POR TEMPO DETERMINADO;1.500.000.1002;RECURSOS NÃO VINCULADOS DE IMPOSTOS (SAÚDE);100.000,00
FUNDO MUNICIPAL DE SAÚDE DE BARBACENA;18.002;FUNDO MUNICIPAL DE SAUDE;2.025;MANUTENÇÃO DA REDE DE ATENÇÃO PRIMÁRIA;2;ATENÇAO BASICA;10;Saúde;301;Atenção Básica;64;3.1.90.04.00.00.00.00;CONTRATAÇÃO POR TEMPO DETERMINADO;1.600.000.0000;TRANSFERÊNCIAS FUNDO A FUNDO DE RECURSOS DO SUS PROVENIENTES DO GOVERNO FEDERAL - BLOCO DE MANUTENÇÃO DAS AÇÕES E SERVIÇOS PÚBLICOS DE SAÚDE;5.448.120,67
FUNDO MUNICIPAL DE SAÚDE DE BARBACENA;18.002;FUNDO MUNICIPAL DE SAUDE;2.025;MANUTENÇÃO DA REDE DE ATENÇÃO PRIMÁRIA;2;ATENÇAO BASICA;10;Saúde;301;Atenção Básica;64;3.1.90.04.00.00.00.00;CONTRATAÇÃO POR TEMPO DETERMINADO;1.621.000.0000;TRANSFERÊNCIAS FUNDO A FUNDO DE RECURSOS DO SUS PROVENIENTES DO GOVERNO ESTADUAL;5.000,00
FUNDO MUNICIPAL DE SAÚDE DE BARBACENA;18.002;FUNDO MUNICIPAL DE SAUDE;2.025;MANUTENÇÃO DA REDE DE ATENÇÃO PRIMÁRIA;2;ATENÇAO BASICA;10;Saúde;301;Atenção Básica;64;3.1.90.04.00.00.00.00;CONTRATAÇÃO POR TEMPO DETERMINADO;2.621.000.0000;TRANSFERÊNCIAS FUNDO A FUNDO DE RECURSOS DO SUS PROVENIENTES DO GOVERNO ESTADUAL;0,00
FUNDO MUNICIPAL DE SAÚDE DE BARBACENA;18.002;FUNDO MUNICIPAL DE SAUDE;2.025;MANUTENÇÃO DA REDE DE ATENÇÃO PRIMÁRIA;2;ATENÇAO BASICA;10;Saúde;301;Atenção Básica;65;3.1.90.11.00.00.00.00;VENCIMENTOS E VANTAGENS FIXAS - PESSOAL CIVIL;1.500.000.1002;RECURSOS NÃO VINCULADOS DE IMPOSTOS (SAÚDE);100.000,00
FUNDO MUNICIPAL DE SAÚDE DE BARBACENA;18.002;FUNDO MUNICIPAL DE SAUDE;2.025;MANUTENÇÃO DA REDE DE ATENÇÃO PRIMÁRIA;2;ATENÇAO BASICA;10;Saúde;301;Atenção Básica;65;3.1.90.11.00.00.00.00;VENCIMENTOS E VANTAGENS FIXAS - PESSOAL CIVIL;1.600.000.0000;TRANSFERÊNCIAS FUNDO A FUNDO DE RECURSOS DO SUS PROVENIENTES DO GOVERNO FEDERAL - BLOCO DE MANUTENÇÃO DAS AÇÕES E SERVIÇOS PÚBLICOS DE SAÚDE;1.333.710,12
FUNDO MUNICIPAL DE SAÚDE DE BARBACENA;18.002;FUNDO MUNICIPAL DE SAUDE;2.025;MANUTENÇÃO DA REDE DE ATENÇÃO PRIMÁRIA;2;ATENÇAO BASICA;10;Saúde;301;Atenção Básica;65;3.1.90.11.00.00.00.00;VENCIMENTOS E VANTAGENS FIXAS - PESSOAL CIVIL;1.621.000.0000;TRANSFERÊNCIAS FUNDO A FUNDO DE RECURSOS DO SUS PROVENIENTES DO GOVERNO ESTADUAL;25.000,00
FUNDO MUNICIPAL DE SAÚDE DE BARBACENA;18.002;FUNDO MUNICIPAL DE SAUDE;2.025;MANUTENÇÃO DA REDE DE ATENÇÃO PRIMÁRIA;2;ATENÇAO BASICA;10;Saúde;301;Atenção Básica;65;3.1.90.11.00.00.00.00;VENCIMENTOS E VANTAGENS FIXAS - PESSOAL CIVIL;2.621.000.0000;TRANSFERÊNCIAS FUNDO A FUNDO DE RECURSOS DO SUS PROVENIENTES DO GOVERNO ESTADUAL;0,00
FUNDO MUNICIPAL DE SAÚDE DE BARBACENA;18.002;FUNDO MUNICIPAL DE SAUDE;2.025;MANUTENÇÃO DA REDE DE ATENÇÃO PRIMÁRIA;2;ATENÇAO BASICA;10;Saúde;301;Atenção Básica;66;3.1.90.13.00.00.00.00;OBRIGAÇÕES PATRONAIS;1.621.000.0000;TRANSFERÊNCIAS FUNDO A FUNDO DE RECURSOS DO SUS PROVENIENTES DO GOVERNO ESTADUAL;3.000,00
FUNDO MUNICIPAL DE SAÚDE DE BARBACENA;18.002;FUNDO MUNICIPAL DE SAUDE;2.025;MANUTENÇÃO DA REDE DE ATENÇÃO PRIMÁRIA;2;ATENÇAO BASICA;10;Saúde;301;Atenção Básica;67;3.1.90.92.00.00.00.00;DESPESAS DE EXERCÍCIOS ANTERIORES;1.500.000.1002;RECURSOS NÃO VINCULADOS DE IMPOSTOS (SAÚDE);200,00
FUNDO MUNICIPAL DE SAÚDE DE BARBACENA;18.002;FUNDO MUNICIPAL DE SAUDE;2.025;MANUTENÇÃO DA REDE DE ATENÇÃO PRIMÁRIA;2;ATENÇAO BASICA;10;Saúde;301;Atenção Básica;68;3.1.91.13.00.00.00.00;OBRIGAÇÕES PATRONAIS;1.500.000.1002;RECURSOS NÃO VINCULADOS DE IMPOSTOS (SAÚDE);100.000,00
FUNDO MUNICIPAL DE SAÚDE DE BARBACENA;18.002;FUNDO MUNICIPAL DE SAUDE;2.025;MANUTENÇÃO DA REDE DE ATENÇÃO PRIMÁRIA;2;ATENÇAO BASICA;10;Saúde;301;Atenção Básica;68;3.1.91.13.00.00.00.00;OBRIGAÇÕES PATRONAIS;1.600.000.0000;TRANSFERÊNCIAS FUNDO A FUNDO DE RECURSOS DO SUS PROVENIENTES DO GOVERNO FEDERAL - BLOCO DE MANUTENÇÃO DAS AÇÕES E SERVIÇOS PÚBLICOS DE SAÚDE;362.357,41
FUNDO MUNICIPAL DE SAÚDE DE BARBACENA;18.002;FUNDO MUNICIPAL DE SAUDE;2.025;MANUTENÇÃO DA REDE DE ATENÇÃO PRIMÁRIA;2;ATENÇAO BASICA;10;Saúde;301;Atenção Básica;68;3.1.91.13.00.00.00.00;OBRIGAÇÕES PATRONAIS;1.621.000.0000;TRANSFERÊNCIAS FUNDO A FUNDO DE RECURSOS DO SUS PROVENIENTES DO GOVERNO ESTADUAL;1.000,00
FUNDO MUNICIPAL DE SAÚDE DE BARBACENA;18.002;FUNDO MUNICIPAL DE SAUDE;2.025;MANUTENÇÃO DA REDE DE ATENÇÃO PRIMÁRIA;2;ATENÇAO BASICA;10;Saúde;301;Atenção Básica;68;3.1.91.13.00.00.00.00;OBRIGAÇÕES PATRONAIS;2.621.000.0000;TRANSFERÊNCIAS FUNDO A FUNDO DE RECURSOS DO SUS PROVENIENTES DO GOVERNO ESTADUAL;0,00
FUNDO MUNICIPAL DE SAÚDE DE BARBACENA;18.002;FUNDO MUNICIPAL DE SAUDE;2.025;MANUTENÇÃO DA REDE DE ATENÇÃO PRIMÁRIA;2;ATENÇAO BASICA;10;Saúde;301;Atenção Básica;69;3.3.90.08.00.00.00.00;OUTROS BENEFÍCIOS ASSISTENCIAIS-SERVIDOR/MILITAR;1.500.000.1002;RECURSOS NÃO VINCULADOS DE IMPOSTOS (SAÚDE);1.000,00
FUNDO MUNICIPAL DE SAÚDE DE BARBACENA;18.002;FUNDO MUNICIPAL DE SAUDE;2.025;MANUTENÇÃO DA REDE DE ATENÇÃO PRIMÁRIA;2;ATENÇAO BASICA;10;Saúde;301;Atenção Básica;69;3.3.90.08.00.00.00.00;OUTROS BENEFÍCIOS ASSISTENCIAIS-SERVIDOR/MILITAR;1.600.000.0000;TRANSFERÊNCIAS FUNDO A FUNDO DE RECURSOS DO SUS PROVENIENTES DO GOVERNO FEDERAL - BLOCO DE MANUTENÇÃO DAS AÇÕES E SERVIÇOS PÚBLICOS DE SAÚDE;5.000,00
FUNDO MUNICIPAL DE SAÚDE DE BARBACENA;18.002;FUNDO MUNICIPAL DE SAUDE;2.025;MANUTENÇÃO DA REDE DE ATENÇÃO PRIMÁRIA;2;ATENÇAO BASICA;10;Saúde;301;Atenção Básica;69;3.3.90.08.00.00.00.00;OUTROS BENEFÍCIOS ASSISTENCIAIS-SERVIDOR/MILITAR;1.621.000.0000;TRANSFERÊNCIAS FUNDO A FUNDO DE RECURSOS DO SUS PROVENIENTES DO GOVERNO ESTADUAL;1.000,00
FUNDO MUNICIPAL DE SAÚDE DE BARBACENA;18.002;FUNDO MUNICIPAL DE SAUDE;2.025;MANUTENÇÃO DA REDE DE ATENÇÃO PRIMÁRIA;2;ATENÇAO BASICA;10;Saúde;301;Atenção Básica;69;3.3.90.08.00.00.00.00;OUTROS BENEFÍCIOS ASSISTENCIAIS-SERVIDOR/MILITAR;2.621.000.0000;TRANSFERÊNCIAS FUNDO A FUNDO DE RECURSOS DO SUS PROVENIENTES DO GOVERNO ESTADUAL;0,00
FUNDO MUNICIPAL DE SAÚDE DE BARBACENA;18.002;FUNDO MUNICIPAL DE SAUDE;2.025;MANUTENÇÃO DA REDE DE ATENÇÃO PRIMÁRIA;2;ATENÇAO BASICA;10;Saúde;301;Atenção Básica;70;3.3.90.14.00.00.00.00;DIÁRIAS - PESSOAL CIVIL;1.600.000.0000;TRANSFERÊNCIAS FUNDO A FUNDO DE RECURSOS DO SUS PROVENIENTES DO GOVERNO FEDERAL - BLOCO DE MANUTENÇÃO DAS AÇÕES E SERVIÇOS PÚBLICOS DE SAÚDE;2.000,00
FUNDO MUNICIPAL DE SAÚDE DE BARBACENA;18.002;FUNDO MUNICIPAL DE SAUDE;2.025;MANUTENÇÃO DA REDE DE ATENÇÃO PRIMÁRIA;2;ATENÇAO BASICA;10;Saúde;301;Atenção Básica;70;3.3.90.14.00.00.00.00;DIÁRIAS - PESSOAL CIVIL;2.621.000.0000;TRANSFERÊNCIAS FUNDO A FUNDO DE RECURSOS DO SUS PROVENIENTES DO GOVERNO ESTADUAL;0,00
FUNDO MUNICIPAL DE SAÚDE DE BARBACENA;18.002;FUNDO MUNICIPAL DE SAUDE;2.025;MANUTENÇÃO DA REDE DE ATENÇÃO PRIMÁRIA;2;ATENÇAO BASICA;10;Saúde;301;Atenção Básica;71;3.3.90.18.00.00.00.00;AUXÍLIO FINANCEIRO A ESTUDANTES;1.500.000.1002;RECURSOS NÃO VINCULADOS DE IMPOSTOS (SAÚDE);1.000,00
FUNDO MUNICIPAL DE SAÚDE DE BARBACENA;18.002;FUNDO MUNICIPAL DE SAUDE;2.025;MANUTENÇÃO DA REDE DE ATENÇÃO PRIMÁRIA;2;ATENÇAO BASICA;10;Saúde;301;Atenção Básica;71;3.3.90.18.00.00.00.00;AUXÍLIO FINANCEIRO A ESTUDANTES;1.600.000.0000;TRANSFERÊNCIAS FUNDO A FUNDO DE RECURSOS DO SUS PROVENIENTES DO GOVERNO FEDERAL - BLOCO DE MANUTENÇÃO DAS AÇÕES E SERVIÇOS PÚBLICOS DE SAÚDE;500,00
FUNDO MUNICIPAL DE SAÚDE DE BARBACENA;18.002;FUNDO MUNICIPAL DE SAUDE;2.025;MANUTENÇÃO DA REDE DE ATENÇÃO PRIMÁRIA;2;ATENÇAO BASICA;10;Saúde;301;Atenção Básica;71;3.3.90.18.00.00.00.00;AUXÍLIO FINANCEIRO A ESTUDANTES;1.621.000.0000;TRANSFERÊNCIAS FUNDO A FUNDO DE RECURSOS DO SUS PROVENIENTES DO GOVERNO ESTADUAL;500,00
FUNDO MUNICIPAL DE SAÚDE DE BARBACENA;18.002;FUNDO MUNICIPAL DE SAUDE;2.025;MANUTENÇÃO DA REDE DE ATENÇÃO PRIMÁRIA;2;ATENÇAO BASICA;10;Saúde;301;Atenção Básica;72;3.3.90.30.00.00.00.00;MATERIAL DE CONSUMO;1.600.000.0000;TRANSFERÊNCIAS FUNDO A FUNDO DE RECURSOS DO SUS PROVENIENTES DO GOVERNO FEDERAL - BLOCO DE MANUTENÇÃO DAS AÇÕES E SERVIÇOS PÚBLICOS DE SAÚDE;5.000,00
FUNDO MUNICIPAL DE SAÚDE DE BARBACENA;18.002;FUNDO MUNICIPAL DE SAUDE;2.025;MANUTENÇÃO DA REDE DE ATENÇÃO PRIMÁRIA;2;ATENÇAO BASICA;10;Saúde;301;Atenção Básica;72;3.3.90.30.00.00.00.00;MATERIAL DE CONSUMO;1.621.000.0000;TRANSFERÊNCIAS FUNDO A FUNDO DE RECURSOS DO SUS PROVENIENTES DO GOVERNO ESTADUAL;3.666.179,08
FUNDO MUNICIPAL DE SAÚDE DE BARBACENA;18.002;FUNDO MUNICIPAL DE SAUDE;2.025;MANUTENÇÃO DA REDE DE ATENÇÃO PRIMÁRIA;2;ATENÇAO BASICA;10;Saúde;301;Atenção Básica;72;3.3.90.30.00.00.00.00;MATERIAL DE CONSUMO;2.600.000.0000;TRANSFERÊNCIAS FUNDO A FUNDO DE RECURSOS DO SUS PROVENIENTES DO GOVERNO FEDERAL - BLOCO DE MANUTENÇÃO DAS AÇÕES E SERVIÇOS PÚBLICOS DE SAÚDE;0,00
FUNDO MUNICIPAL DE SAÚDE DE BARBACENA;18.002;FUNDO MUNICIPAL DE SAUDE;2.025;MANUTENÇÃO DA REDE DE ATENÇÃO PRIMÁRIA;2;ATENÇAO BASICA;10;Saúde;301;Atenção Básica;72;3.3.90.30.00.00.00.00;MATERIAL DE CONSUMO;2.621.000.0000;TRANSFERÊNCIAS FUNDO A FUNDO DE RECURSOS DO SUS PROVENIENTES DO GOVERNO ESTADUAL;0,00
FUNDO MUNICIPAL DE SAÚDE DE BARBACENA;18.002;FUNDO MUNICIPAL DE SAUDE;2.025;MANUTENÇÃO DA REDE DE ATENÇÃO PRIMÁRIA;2;ATENÇAO BASICA;10;Saúde;301;Atenção Básica;72;3.3.90.30.00.00.00.00;MATERIAL DE CONSUMO;2.706.000.0000;TRANSFERÊNCIA ESPECIAL DA UNIÃO;0,00
FUNDO MUNICIPAL DE SAÚDE DE BARBACENA;18.002;FUNDO MUNICIPAL DE SAUDE;2.025;MANUTENÇÃO DA REDE DE ATENÇÃO PRIMÁRIA;2;ATENÇAO BASICA;10;Saúde;301;Atenção Básica;72;3.3.90.30.00.00.00.00;MATERIAL DE CONSUMO;2.707.000.0000;TRANSFERÊNCIAS DA UNIÃO – INCISO I DO ART. 5º DA LEI COMPLEMENTAR 273/2020;0,00
FUNDO MUNICIPAL DE SAÚDE DE BARBACENA;18.002;FUNDO MUNICIPAL DE SAUDE;2.025;MANUTENÇÃO DA REDE DE ATENÇÃO PRIMÁRIA;2;ATENÇAO BASICA;10;Saúde;301;Atenção Básica;73;3.3.90.36.00.00.00.00;OUTROS SERVIÇOS DE TERCEIROS - PESSOA FÍSICA;1.600.000.0000;TRANSFERÊNCIAS FUNDO A FUNDO DE RECURSOS DO SUS PROVENIENTES DO GOVERNO FEDERAL - BLOCO DE MANUTENÇÃO DAS AÇÕES E SERVIÇOS PÚBLICOS DE SAÚDE;89.473,16
FUNDO MUNICIPAL DE SAÚDE DE BARBACENA;18.002;FUNDO MUNICIPAL DE SAUDE;2.025;MANUTENÇÃO DA REDE DE ATENÇÃO PRIMÁRIA;2;ATENÇAO BASICA;10;Saúde;301;Atenção Básica;73;3.3.90.36.00.00.00.00;OUTROS SERVIÇOS DE TERCEIROS - PESSOA FÍSICA;1.621.000.0000;TRANSFERÊNCIAS FUNDO A FUNDO DE RECURSOS DO SUS PROVENIENTES DO GOVERNO ESTADUAL;1.000,00
FUNDO MUNICIPAL DE SAÚDE DE BARBACENA;18.002;FUNDO MUNICIPAL DE SAUDE;2.025;MANUTENÇÃO DA REDE DE ATENÇÃO PRIMÁRIA;2;ATENÇAO BASICA;10;Saúde;301;Atenção Básica;74;3.3.90.39.00.00.00.00;OUTROS SERVIÇOS DE TERCEIROS - PESSOA JURÍDICA;1.500.000.1002;RECURSOS NÃO VINCULADOS DE IMPOSTOS (SAÚDE);1.000,00
FUNDO MUNICIPAL DE SAÚDE DE BARBACENA;18.002;FUNDO MUNICIPAL DE SAUDE;2.025;MANUTENÇÃO DA REDE DE ATENÇÃO PRIMÁRIA;2;ATENÇAO BASICA;10;Saúde;301;Atenção Básica;74;3.3.90.39.00.00.00.00;OUTROS SERVIÇOS DE TERCEIROS - PESSOA JURÍDICA;1.600.000.0000;TRANSFERÊNCIAS FUNDO A FUNDO DE RECURSOS DO SUS PROVENIENTES DO GOVERNO FEDERAL - BLOCO DE MANUTENÇÃO DAS AÇÕES E SERVIÇOS PÚBLICOS DE SAÚDE;79.865,19
FUNDO MUNICIPAL DE SAÚDE DE BARBACENA;18.002;FUNDO MUNICIPAL DE SAUDE;2.025;MANUTENÇÃO DA REDE DE ATENÇÃO PRIMÁRIA;2;ATENÇAO BASICA;10;Saúde;301;Atenção Básica;74;3.3.90.39.00.00.00.00;OUTROS SERVIÇOS DE TERCEIROS - PESSOA JURÍDICA;1.621.000.0000;TRANSFERÊNCIAS FUNDO A FUNDO DE RECURSOS DO SUS PROVENIENTES DO GOVERNO ESTADUAL;263.921,64
FUNDO MUNICIPAL DE SAÚDE DE BARBACENA;18.002;FUNDO MUNICIPAL DE SAUDE;2.025;MANUTENÇÃO DA REDE DE ATENÇÃO PRIMÁRIA;2;ATENÇAO BASICA;10;Saúde;301;Atenção Básica;74;3.3.90.39.00.00.00.00;OUTROS SERVIÇOS DE TERCEIROS - PESSOA JURÍDICA;2.600.000.0000;TRANSFERÊNCIAS FUNDO A FUNDO DE RECURSOS DO SUS PROVENIENTES DO GOVERNO FEDERAL - BLOCO DE MANUTENÇÃO DAS AÇÕES E SERVIÇOS PÚBLICOS DE SAÚDE;0,00
FUNDO MUNICIPAL DE SAÚDE DE BARBACENA;18.002;FUNDO MUNICIPAL DE SAUDE;2.025;MANUTENÇÃO DA REDE DE ATENÇÃO PRIMÁRIA;2;ATENÇAO BASICA;10;Saúde;301;Atenção Básica;74;3.3.90.39.00.00.00.00;OUTROS SERVIÇOS DE TERCEIROS - PESSOA JURÍDICA;2.621.000.0000;TRANSFERÊNCIAS FUNDO A FUNDO DE RECURSOS DO SUS PROVENIENTES DO GOVERNO ESTADUAL;0,00
FUNDO MUNICIPAL DE SAÚDE DE BARBACENA;18.002;FUNDO MUNICIPAL DE SAUDE;2.025;MANUTENÇÃO DA REDE DE ATENÇÃO PRIMÁRIA;2;ATENÇAO BASICA;10;Saúde;301;Atenção Básica;74;3.3.90.39.00.00.00.00;OUTROS SERVIÇOS DE TERCEIROS - PESSOA JURÍDICA;2.706.000.0000;TRANSFERÊNCIA ESPECIAL DA UNIÃO;0,00
FUNDO MUNICIPAL DE SAÚDE DE BARBACENA;18.002;FUNDO MUNICIPAL DE SAUDE;2.025;MANUTENÇÃO DA REDE DE ATENÇÃO PRIMÁRIA;2;ATENÇAO BASICA;10;Saúde;301;Atenção Básica;75;3.3.90.40.00.00.00.00;SERVIÇOS DE TECNOLOGIA DA INFORMAÇÃO E COMUNICAÇ;1.500.000.1002;RECURSOS NÃO VINCULADOS DE IMPOSTOS (SAÚDE);1.000,00
FUNDO MUNICIPAL DE SAÚDE DE BARBACENA;18.002;FUNDO MUNICIPAL DE SAUDE;2.025;MANUTENÇÃO DA REDE DE ATENÇÃO PRIMÁRIA;2;ATENÇAO BASICA;10;Saúde;301;Atenção Básica;75;3.3.90.40.00.00.00.00;SERVIÇOS DE TECNOLOGIA DA INFORMAÇÃO E COMUNICAÇ;1.600.000.0000;TRANSFERÊNCIAS FUNDO A FUNDO DE RECURSOS DO SUS PROVENIENTES DO GOVERNO FEDERAL - BLOCO DE MANUTENÇÃO DAS AÇÕES E SERVIÇOS PÚBLICOS DE SAÚDE;5.000,00
FUNDO MUNICIPAL DE SAÚDE DE BARBACENA;18.002;FUNDO MUNICIPAL DE SAUDE;2.025;MANUTENÇÃO DA REDE DE ATENÇÃO PRIMÁRIA;2;ATENÇAO BASICA;10;Saúde;301;Atenção Básica;76;3.3.90.46.00.00.00.00;AUXÍLIO-ALIMENTAÇÃO;1.500.000.1002;RECURSOS NÃO VINCULADOS DE IMPOSTOS (SAÚDE);25.000,00
FUNDO MUNICIPAL DE SAÚDE DE BARBACENA;18.002;FUNDO MUNICIPAL DE SAUDE;2.025;MANUTENÇÃO DA REDE DE ATENÇÃO PRIMÁRIA;2;ATENÇAO BASICA;10;Saúde;301;Atenção Básica;76;3.3.90.46.00.00.00.00;AUXÍLIO-ALIMENTAÇÃO;1.600.000.0000;TRANSFERÊNCIAS FUNDO A FUNDO DE RECURSOS DO SUS PROVENIENTES DO GOVERNO FEDERAL - BLOCO DE MANUTENÇÃO DAS AÇÕES E SERVIÇOS PÚBLICOS DE SAÚDE;279.873,27
FUNDO MUNICIPAL DE SAÚDE DE BARBACENA;18.002;FUNDO MUNICIPAL DE SAUDE;2.025;MANUTENÇÃO DA REDE DE ATENÇÃO PRIMÁRIA;2;ATENÇAO BASICA;10;Saúde;301;Atenção Básica;76;3.3.90.46.00.00.00.00;AUXÍLIO-ALIMENTAÇÃO;1.621.000.0000;TRANSFERÊNCIAS FUNDO A FUNDO DE RECURSOS DO SUS PROVENIENTES DO GOVERNO ESTADUAL;0,00
FUNDO MUNICIPAL DE SAÚDE DE BARBACENA;18.002;FUNDO MUNICIPAL DE SAUDE;2.025;MANUTENÇÃO DA REDE DE ATENÇÃO PRIMÁRIA;2;ATENÇAO BASICA;10;Saúde;301;Atenção Básica;76;3.3.90.46.00.00.00.00;AUXÍLIO-ALIMENTAÇÃO;2.621.000.0000;TRANSFERÊNCIAS FUNDO A FUNDO DE RECURSOS DO SUS PROVENIENTES DO GOVERNO ESTADUAL;0,00
FUNDO MUNICIPAL DE SAÚDE DE BARBACENA;18.002;FUNDO MUNICIPAL DE SAUDE;2.025;MANUTENÇÃO DA REDE DE ATENÇÃO PRIMÁRIA;2;ATENÇAO BASICA;10;Saúde;301;Atenção Básica;77;3.3.90.47.00.00.00.00;OBRIGAÇÕES TRIBUTÁRIAS E CONTRIBUTIVAS;1.600.000.0000;TRANSFERÊNCIAS FUNDO A FUNDO DE RECURSOS DO SUS PROVENIENTES DO GOVERNO FEDERAL - BLOCO DE MANUTENÇÃO DAS AÇÕES E SERVIÇOS PÚBLICOS DE SAÚDE;5.000,00
FUNDO MUNICIPAL DE SAÚDE DE BARBACENA;18.002;FUNDO MUNICIPAL DE SAUDE;2.025;MANUTENÇÃO DA REDE DE ATENÇÃO PRIMÁRIA;2;ATENÇAO BASICA;10;Saúde;301;Atenção Básica;78;3.3.90.48.00.00.00.00;OUTROS AUXÍLIOS FINANCEIROS A PESSOAS FÍSICAS;1.500.000.1002;RECURSOS NÃO VINCULADOS DE IMPOSTOS (SAÚDE);30.000,00
FUNDO MUNICIPAL DE SAÚDE DE BARBACENA;18.002;FUNDO MUNICIPAL DE SAUDE;2.025;MANUTENÇÃO DA REDE DE ATENÇÃO PRIMÁRIA;2;ATENÇAO BASICA;10;Saúde;301;Atenção Básica;78;3.3.90.48.00.00.00.00;OUTROS AUXÍLIOS FINANCEIROS A PESSOAS FÍSICAS;1.600.000.0000;TRANSFERÊNCIAS FUNDO A FUNDO DE RECURSOS DO SUS PROVENIENTES DO GOVERNO FEDERAL - BLOCO DE MANUTENÇÃO DAS AÇÕES E SERVIÇOS PÚBLICOS DE SAÚDE;1.000,00
FUNDO MUNICIPAL DE SAÚDE DE BARBACENA;18.002;FUNDO MUNICIPAL DE SAUDE;2.025;MANUTENÇÃO DA REDE DE ATENÇÃO PRIMÁRIA;2;ATENÇAO BASICA;10;Saúde;301;Atenção Básica;79;4.4.90.52.00.00.00.00;EQUIPAMENTOS E MATERIAL PERMANENTE;1.500.000.1002;RECURSOS NÃO VINCULADOS DE IMPOSTOS (SAÚDE);38.911,52
FUNDO MUNICIPAL DE SAÚDE DE BARBACENA;18.002;FUNDO MUNICIPAL DE SAUDE;2.025;MANUTENÇÃO DA REDE DE ATENÇÃO PRIMÁRIA;2;ATENÇAO BASICA;10;Saúde;301;Atenção Básica;79;4.4.90.52.00.00.00.00;EQUIPAMENTOS E MATERIAL PERMANENTE;1.600.000.0000;TRANSFERÊNCIAS FUNDO A FUNDO DE RECURSOS DO SUS PROVENIENTES DO GOVERNO FEDERAL - BLOCO DE MANUTENÇÃO DAS AÇÕES E SERVIÇOS PÚBLICOS DE SAÚDE;5.000,00
FUNDO MUNICIPAL DE SAÚDE DE BARBACENA;18.002;FUNDO MUNICIPAL DE SAUDE;2.025;MANUTENÇÃO DA REDE DE ATENÇÃO PRIMÁRIA;2;ATENÇAO BASICA;10;Saúde;301;Atenção Básica;79;4.4.90.52.00.00.00.00;EQUIPAMENTOS E MATERIAL PERMANENTE;1.601.000.0000;TRANSFERÊNCIAS FUNDO A FUNDO DE RECURSOS DO SUS PROVENIENTES DO GOVERNO FEDERAL - BLOCO DE ESTRUTURAÇÃO DA REDE DE SERVIÇOS PÚBLICOS DE SAÚDE;185.274,04
FUNDO MUNICIPAL DE SAÚDE DE BARBACENA;18.002;FUNDO MUNICIPAL DE SAUDE;2.025;MANUTENÇÃO DA REDE DE ATENÇÃO PRIMÁRIA;2;ATENÇAO BASICA;10;Saúde;301;Atenção Básica;79;4.4.90.52.00.00.00.00;EQUIPAMENTOS E MATERIAL PERMANENTE;1.621.000.0000;TRANSFERÊNCIAS FUNDO A FUNDO DE RECURSOS DO SUS PROVENIENTES DO GOVERNO ESTADUAL;50.000,00
FUNDO MUNICIPAL DE SAÚDE DE BARBACENA;18.002;FUNDO MUNICIPAL DE SAUDE;2.025;MANUTENÇÃO DA REDE DE ATENÇÃO PRIMÁRIA;2;ATENÇAO BASICA;10;Saúde;301;Atenção Básica;79;4.4.90.52.00.00.00.00;EQUIPAMENTOS E MATERIAL PERMANENTE;2.601.000.0000;TRANSFERÊNCIAS FUNDO A FUNDO DE RECURSOS DO SUS PROVENIENTES DO GOVERNO FEDERAL. BLOCO DE ESTRUTURAÇÃO DA REDE DE SERVIÇOS PÚBLICOS DE SAÚDE;0,00
FUNDO MUNICIPAL DE SAÚDE DE BARBACENA;18.002;FUNDO MUNICIPAL DE SAUDE;2.025;MANUTENÇÃO DA REDE DE ATENÇÃO PRIMÁRIA;2;ATENÇAO BASICA;10;Saúde;301;Atenção Básica;79;4.4.90.52.00.00.00.00;EQUIPAMENTOS E MATERIAL PERMANENTE;2.621.000.0000;TRANSFERÊNCIAS FUNDO A FUNDO DE RECURSOS DO SUS PROVENIENTES DO GOVERNO ESTADUAL;0,00
FUNDO MUNICIPAL DE SAÚDE DE BARBACENA;18.002;FUNDO MUNICIPAL DE SAUDE;2.448;INSTITUIR, REGULAMENTAR E IMPLEMENTAR PROGRAMA SAÚDE MENSTRUAL NAS UBS;2;ATENÇAO BASICA;10;Saúde;301;Atenção Básica;80;3.3.90.30.00.00.00.00;MATERIAL DE CONSUMO;1.600.000.0000;TRANSFERÊNCIAS FUNDO A FUNDO DE RECURSOS DO SUS PROVENIENTES DO GOVERNO FEDERAL - BLOCO DE MANUTENÇÃO DAS AÇÕES E SERVIÇOS PÚBLICOS DE SAÚDE;50.000,00
FUNDO MUNICIPAL DE SAÚDE DE BARBACENA;18.002;FUNDO MUNICIPAL DE SAUDE;2.450;MANUTENÇÃO DA UBS SANTA EFIGÊNIA;2;ATENÇAO BASICA;10;Saúde;301;Atenção Básica;81;4.4.90.51.00.00.00.00;OBRAS E INSTALAÇÕES;1.500.000.1002;RECURSOS NÃO VINCULADOS DE IMPOSTOS (SAÚDE);0,00
FUNDO MUNICIPAL DE SAÚDE DE BARBACENA;18.002;FUNDO MUNICIPAL DE SAUDE;2.450;MANUTENÇÃO DA UBS SANTA EFIGÊNIA;2;ATENÇAO BASICA;10;Saúde;301;Atenção Básica;81;4.4.90.51.00.00.00.00;OBRAS E INSTALAÇÕES;1.621.000.0000;TRANSFERÊNCIAS FUNDO A FUNDO DE RECURSOS DO SUS PROVENIENTES DO GOVERNO ESTADUAL;173.265,45
FUNDO MUNICIPAL DE SAÚDE DE BARBACENA;18.002;FUNDO MUNICIPAL DE SAUDE;2.615;MANUTENÇAO DO PROGRAMA ACS;2;ATENÇAO BASICA;10;Saúde;301;Atenção Básica;82;3.1.90.04.00.00.00.00;CONTRATAÇÃO POR TEMPO DETERMINADO;1.500.000.1002;RECURSOS NÃO VINCULADOS DE IMPOSTOS (SAÚDE);50.000,00
FUNDO MUNICIPAL DE SAÚDE DE BARBACENA;18.002;FUNDO MUNICIPAL DE SAUDE;2.615;MANUTENÇAO DO PROGRAMA ACS;2;ATENÇAO BASICA;10;Saúde;301;Atenção Básica;82;3.1.90.04.00.00.00.00;CONTRATAÇÃO POR TEMPO DETERMINADO;1.600.000.0000;TRANSFERÊNCIAS FUNDO A FUNDO DE RECURSOS DO SUS PROVENIENTES DO GOVERNO FEDERAL - BLOCO DE MANUTENÇÃO DAS AÇÕES E SERVIÇOS PÚBLICOS DE SAÚDE;37.501,52
FUNDO MUNICIPAL DE SAÚDE DE BARBACENA;18.002;FUNDO MUNICIPAL DE SAUDE;2.615;MANUTENÇAO DO PROGRAMA ACS;2;ATENÇAO BASICA;10;Saúde;301;Atenção Básica;82;3.1.90.04.00.00.00.00;CONTRATAÇÃO POR TEMPO DETERMINADO;1.604.000.0000;TRANSFERÊNCIAS PROVENIENTES DO GOVERNO FEDERAL DESTINADAS AO VENCIMENTO DOS AGENTES COMUNITÁRIOS DE SAÚDE E DOS AGENTES DE COMBATE ÀS ENDEMIAS;105.812,58
FUNDO MUNICIPAL DE SAÚDE DE BARBACENA;18.002;FUNDO MUNICIPAL DE SAUDE;2.615;MANUTENÇAO DO PROGRAMA ACS;2;ATENÇAO BASICA;10;Saúde;301;Atenção Básica;82;3.1.90.04.00.00.00.00;CONTRATAÇÃO POR TEMPO DETERMINADO;2.621.000.0000;TRANSFERÊNCIAS FUNDO A FUNDO DE RECURSOS DO SUS PROVENIENTES DO GOVERNO ESTADUAL;0,00
FUNDO MUNICIPAL DE SAÚDE DE BARBACENA;18.002;FUNDO MUNICIPAL DE SAUDE;2.615;MANUTENÇAO DO PROGRAMA ACS;2;ATENÇAO BASICA;10;Saúde;301;Atenção Básica;83;3.1.90.11.00.00.00.00;VENCIMENTOS E VANTAGENS FIXAS - PESSOAL CIVIL;1.500.000.1002;RECURSOS NÃO VINCULADOS DE IMPOSTOS (SAÚDE);100.000,00
FUNDO MUNICIPAL DE SAÚDE DE BARBACENA;18.002;FUNDO MUNICIPAL DE SAUDE;2.615;MANUTENÇAO DO PROGRAMA ACS;2;ATENÇAO BASICA;10;Saúde;301;Atenção Básica;83;3.1.90.11.00.00.00.00;VENCIMENTOS E VANTAGENS FIXAS - PESSOAL CIVIL;1.600.000.0000;TRANSFERÊNCIAS FUNDO A FUNDO DE RECURSOS DO SUS PROVENIENTES DO GOVERNO FEDERAL - BLOCO DE MANUTENÇÃO DAS AÇÕES E SERVIÇOS PÚBLICOS DE SAÚDE;1.000,00
FUNDO MUNICIPAL DE SAÚDE DE BARBACENA;18.002;FUNDO MUNICIPAL DE SAUDE;2.615;MANUTENÇAO DO PROGRAMA ACS;2;ATENÇAO BASICA;10;Saúde;301;Atenção Básica;83;3.1.90.11.00.00.00.00;VENCIMENTOS E VANTAGENS FIXAS - PESSOAL CIVIL;1.604.000.0000;TRANSFERÊNCIAS PROVENIENTES DO GOVERNO FEDERAL DESTINADAS AO VENCIMENTO DOS AGENTES COMUNITÁRIOS DE SAÚDE E DOS AGENTES DE COMBATE ÀS ENDEMIAS;5.833.778,44
FUNDO MUNICIPAL DE SAÚDE DE BARBACENA;18.002;FUNDO MUNICIPAL DE SAUDE;2.615;MANUTENÇAO DO PROGRAMA ACS;2;ATENÇAO BASICA;10;Saúde;301;Atenção Básica;83;3.1.90.11.00.00.00.00;VENCIMENTOS E VANTAGENS FIXAS - PESSOAL CIVIL;2.621.000.0000;TRANSFERÊNCIAS FUNDO A FUNDO DE RECURSOS DO SUS PROVENIENTES DO GOVERNO ESTADUAL;0,00
FUNDO MUNICIPAL DE SAÚDE DE BARBACENA;18.002;FUNDO MUNICIPAL DE SAUDE;2.615;MANUTENÇAO DO PROGRAMA ACS;2;ATENÇAO BASICA;10;Saúde;301;Atenção Básica;84;3.1.91.13.00.00.00.00;OBRIGAÇÕES PATRONAIS;1.500.000.1002;RECURSOS NÃO VINCULADOS DE IMPOSTOS (SAÚDE);50.000,00
FUNDO MUNICIPAL DE SAÚDE DE BARBACENA;18.002;FUNDO MUNICIPAL DE SAUDE;2.615;MANUTENÇAO DO PROGRAMA ACS;2;ATENÇAO BASICA;10;Saúde;301;Atenção Básica;84;3.1.91.13.00.00.00.00;OBRIGAÇÕES PATRONAIS;1.600.000.0000;TRANSFERÊNCIAS FUNDO A FUNDO DE RECURSOS DO SUS PROVENIENTES DO GOVERNO FEDERAL - BLOCO DE MANUTENÇÃO DAS AÇÕES E SERVIÇOS PÚBLICOS DE SAÚDE;1.376.322,52
FUNDO MUNICIPAL DE SAÚDE DE BARBACENA;18.002;FUNDO MUNICIPAL DE SAUDE;2.615;MANUTENÇAO DO PROGRAMA ACS;2;ATENÇAO BASICA;10;Saúde;301;Atenção Básica;84;3.1.91.13.00.00.00.00;OBRIGAÇÕES PATRONAIS;1.604.000.0000;TRANSFERÊNCIAS PROVENIENTES DO GOVERNO FEDERAL DESTINADAS AO VENCIMENTO DOS AGENTES COMUNITÁRIOS DE SAÚDE E DOS AGENTES DE COMBATE ÀS ENDEMIAS;500,00
FUNDO MUNICIPAL DE SAÚDE DE BARBACENA;18.002;FUNDO MUNICIPAL DE SAUDE;2.615;MANUTENÇAO DO PROGRAMA ACS;2;ATENÇAO BASICA;10;Saúde;301;Atenção Básica;84;3.1.91.13.00.00.00.00;OBRIGAÇÕES PATRONAIS;2.621.000.0000;TRANSFERÊNCIAS FUNDO A FUNDO DE RECURSOS DO SUS PROVENIENTES DO GOVERNO ESTADUAL;0,00
FUNDO MUNICIPAL DE SAÚDE DE BARBACENA;18.002;FUNDO MUNICIPAL DE SAUDE;2.615;MANUTENÇAO DO PROGRAMA ACS;2;ATENÇAO BASICA;10;Saúde;301;Atenção Básica;85;3.3.90.08.00.00.00.00;OUTROS BENEFÍCIOS ASSISTENCIAIS-SERVIDOR/MILITAR;1.600.000.0000;TRANSFERÊNCIAS FUNDO A FUNDO DE RECURSOS DO SUS PROVENIENTES DO GOVERNO FEDERAL - BLOCO DE MANUTENÇÃO DAS AÇÕES E SERVIÇOS PÚBLICOS DE SAÚDE;7.092,62
FUNDO MUNICIPAL DE SAÚDE DE BARBACENA;18.002;FUNDO MUNICIPAL DE SAUDE;2.615;MANUTENÇAO DO PROGRAMA ACS;2;ATENÇAO BASICA;10;Saúde;301;Atenção Básica;85;3.3.90.08.00.00.00.00;OUTROS BENEFÍCIOS ASSISTENCIAIS-SERVIDOR/MILITAR;1.604.000.0000;TRANSFERÊNCIAS PROVENIENTES DO GOVERNO FEDERAL DESTINADAS AO VENCIMENTO DOS AGENTES COMUNITÁRIOS DE SAÚDE E DOS AGENTES DE COMBATE ÀS ENDEMIAS;500,00
FUNDO MUNICIPAL DE SAÚDE DE BARBACENA;18.002;FUNDO MUNICIPAL DE SAUDE;2.615;MANUTENÇAO DO PROGRAMA ACS;2;ATENÇAO BASICA;10;Saúde;301;Atenção Básica;86;3.3.90.14.00.00.00.00;DIÁRIAS - PESSOAL CIVIL;1.600.000.0000;TRANSFERÊNCIAS FUNDO A FUNDO DE RECURSOS DO SUS PROVENIENTES DO GOVERNO FEDERAL - BLOCO DE MANUTENÇÃO DAS AÇÕES E SERVIÇOS PÚBLICOS DE SAÚDE;1.000,00
FUNDO MUNICIPAL DE SAÚDE DE BARBACENA;18.002;FUNDO MUNICIPAL DE SAUDE;2.615;MANUTENÇAO DO PROGRAMA ACS;2;ATENÇAO BASICA;10;Saúde;301;Atenção Básica;87;3.3.90.18.00.00.00.00;AUXÍLIO FINANCEIRO A ESTUDANTES;1.500.000.1002;RECURSOS NÃO VINCULADOS DE IMPOSTOS (SAÚDE);1.000,00
FUNDO MUNICIPAL DE SAÚDE DE BARBACENA;18.002;FUNDO MUNICIPAL DE SAUDE;2.615;MANUTENÇAO DO PROGRAMA ACS;2;ATENÇAO BASICA;10;Saúde;301;Atenção Básica;87;3.3.90.18.00.00.00.00;AUXÍLIO FINANCEIRO A ESTUDANTES;1.600.000.0000;TRANSFERÊNCIAS FUNDO A FUNDO DE RECURSOS DO SUS PROVENIENTES DO GOVERNO FEDERAL - BLOCO DE MANUTENÇÃO DAS AÇÕES E SERVIÇOS PÚBLICOS DE SAÚDE;500,00
FUNDO MUNICIPAL DE SAÚDE DE BARBACENA;18.002;FUNDO MUNICIPAL DE SAUDE;2.615;MANUTENÇAO DO PROGRAMA ACS;2;ATENÇAO BASICA;10;Saúde;301;Atenção Básica;87;3.3.90.18.00.00.00.00;AUXÍLIO FINANCEIRO A ESTUDANTES;1.604.000.0000;TRANSFERÊNCIAS PROVENIENTES DO GOVERNO FEDERAL DESTINADAS AO VENCIMENTO DOS AGENTES COMUNITÁRIOS DE SAÚDE E DOS AGENTES DE COMBATE ÀS ENDEMIAS;500,00
FUNDO MUNICIPAL DE SAÚDE DE BARBACENA;18.002;FUNDO MUNICIPAL DE SAUDE;2.615;MANUTENÇAO DO PROGRAMA ACS;2;ATENÇAO BASICA;10;Saúde;301;Atenção Básica;88;3.3.90.46.00.00.00.00;AUXÍLIO-ALIMENTAÇÃO;1.500.000.1002;RECURSOS NÃO VINCULADOS DE IMPOSTOS (SAÚDE);0,00
FUNDO MUNICIPAL DE SAÚDE DE BARBACENA;18.002;FUNDO MUNICIPAL DE SAUDE;2.615;MANUTENÇAO DO PROGRAMA ACS;2;ATENÇAO BASICA;10;Saúde;301;Atenção Básica;88;3.3.90.46.00.00.00.00;AUXÍLIO-ALIMENTAÇÃO;1.600.000.0000;TRANSFERÊNCIAS FUNDO A FUNDO DE RECURSOS DO SUS PROVENIENTES DO GOVERNO FEDERAL - BLOCO DE MANUTENÇÃO DAS AÇÕES E SERVIÇOS PÚBLICOS DE SAÚDE;207.957,50
FUNDO MUNICIPAL DE SAÚDE DE BARBACENA;18.002;FUNDO MUNICIPAL DE SAUDE;2.615;MANUTENÇAO DO PROGRAMA ACS;2;ATENÇAO BASICA;10;Saúde;301;Atenção Básica;88;3.3.90.46.00.00.00.00;AUXÍLIO-ALIMENTAÇÃO;1.604.000.0000;TRANSFERÊNCIAS PROVENIENTES DO GOVERNO FEDERAL DESTINADAS AO VENCIMENTO DOS AGENTES COMUNITÁRIOS DE SAÚDE E DOS AGENTES DE COMBATE ÀS ENDEMIAS;500,00
FUNDO MUNICIPAL DE SAÚDE DE BARBACENA;18.002;FUNDO MUNICIPAL DE SAUDE;2.615;MANUTENÇAO DO PROGRAMA ACS;2;ATENÇAO BASICA;10;Saúde;301;Atenção Básica;88;3.3.90.46.00.00.00.00;AUXÍLIO-ALIMENTAÇÃO;2.621.000.0000;TRANSFERÊNCIAS FUNDO A FUNDO DE RECURSOS DO SUS PROVENIENTES DO GOVERNO ESTADUAL;0,00
FUNDO MUNICIPAL DE SAÚDE DE BARBACENA;18.002;FUNDO MUNICIPAL DE SAUDE;2.447;AQUISIÇÃO DE INSUMOS E MEDICAMENTOS PARA SANTA CASA DE MISERICÓRDIA DE BARBACENA;2;ATENÇAO BASICA;10;Saúde;302;Assistência Hospitalar e Ambulatorial;89;3.3.50.41.00.00.00.00;CONTRIBUIÇÕES;1.500.000.1002;RECURSOS NÃO VINCULADOS DE IMPOSTOS (SAÚDE);41.088,48
FUNDO MUNICIPAL DE SAÚDE DE BARBACENA;18.002;FUNDO MUNICIPAL DE SAUDE;2.012;MANUTENÇAO DA ASSISTENCIA FARMACEUTICA;2;ATENÇAO BASICA;10;Saúde;303;Suporte Profilático e Terapêutico;190;3.1.90.04.00.00.00.00;CONTRATAÇÃO POR TEMPO DETERMINADO;1.500.000.1002;RECURSOS NÃO VINCULADOS DE IMPOSTOS (SAÚDE);100.000,00
FUNDO MUNICIPAL DE SAÚDE DE BARBACENA;18.002;FUNDO MUNICIPAL DE SAUDE;2.012;MANUTENÇAO DA ASSISTENCIA FARMACEUTICA;2;ATENÇAO BASICA;10;Saúde;303;Suporte Profilático e Terapêutico;190;3.1.90.04.00.00.00.00;CONTRATAÇÃO POR TEMPO DETERMINADO;1.600.000.0000;TRANSFERÊNCIAS FUNDO A FUNDO DE RECURSOS DO SUS PROVENIENTES DO GOVERNO FEDERAL - BLOCO DE MANUTENÇÃO DAS AÇÕES E SERVIÇOS PÚBLICOS DE SAÚDE;324.748,47
FUNDO MUNICIPAL DE SAÚDE DE BARBACENA;18.002;FUNDO MUNICIPAL DE SAUDE;2.012;MANUTENÇAO DA ASSISTENCIA FARMACEUTICA;2;ATENÇAO BASICA;10;Saúde;303;Suporte Profilático e Terapêutico;190;3.1.90.04.00.00.00.00;CONTRATAÇÃO POR TEMPO DETERMINADO;1.621.000.0000;TRANSFERÊNCIAS FUNDO A FUNDO DE RECURSOS DO SUS PROVENIENTES DO GOVERNO ESTADUAL;0,00
FUNDO MUNICIPAL DE SAÚDE DE BARBACENA;18.002;FUNDO MUNICIPAL DE SAUDE;2.012;MANUTENÇAO DA ASSISTENCIA FARMACEUTICA;2;ATENÇAO BASICA;10;Saúde;303;Suporte Profilático e Terapêutico;190;3.1.90.04.00.00.00.00;CONTRATAÇÃO POR TEMPO DETERMINADO;2.621.000.0000;TRANSFERÊNCIAS FUNDO A FUNDO DE RECURSOS DO SUS PROVENIENTES DO GOVERNO ESTADUAL;0,00
FUNDO MUNICIPAL DE SAÚDE DE BARBACENA;18.002;FUNDO MUNICIPAL DE SAUDE;2.012;MANUTENÇAO DA ASSISTENCIA FARMACEUTICA;2;ATENÇAO BASICA;10;Saúde;303;Suporte Profilático e Terapêutico;191;3.1.90.11.00.00.00.00;VENCIMENTOS E VANTAGENS FIXAS - PESSOAL CIVIL;1.500.000.1002;RECURSOS NÃO VINCULADOS DE IMPOSTOS (SAÚDE);50.000,00
FUNDO MUNICIPAL DE SAÚDE DE BARBACENA;18.002;FUNDO MUNICIPAL DE SAUDE;2.012;MANUTENÇAO DA ASSISTENCIA FARMACEUTICA;2;ATENÇAO BASICA;10;Saúde;303;Suporte Profilático e Terapêutico;191;3.1.90.11.00.00.00.00;VENCIMENTOS E VANTAGENS FIXAS - PESSOAL CIVIL;1.600.000.0000;TRANSFERÊNCIAS FUNDO A FUNDO DE RECURSOS DO SUS PROVENIENTES DO GOVERNO FEDERAL - BLOCO DE MANUTENÇÃO DAS AÇÕES E SERVIÇOS PÚBLICOS DE SAÚDE;206.823,45
FUNDO MUNICIPAL DE SAÚDE DE BARBACENA;18.002;FUNDO MUNICIPAL DE SAUDE;2.012;MANUTENÇAO DA ASSISTENCIA FARMACEUTICA;2;ATENÇAO BASICA;10;Saúde;303;Suporte Profilático e Terapêutico;191;3.1.90.11.00.00.00.00;VENCIMENTOS E VANTAGENS FIXAS - PESSOAL CIVIL;2.621.000.0000;TRANSFERÊNCIAS FUNDO A FUNDO DE RECURSOS DO SUS PROVENIENTES DO GOVERNO ESTADUAL;0,00
FUNDO MUNICIPAL DE SAÚDE DE BARBACENA;18.002;FUNDO MUNICIPAL DE SAUDE;2.012;MANUTENÇAO DA ASSISTENCIA FARMACEUTICA;2;ATENÇAO BASICA;10;Saúde;303;Suporte Profilático e Terapêutico;192;3.1.90.13.00.00.00.00;OBRIGAÇÕES PATRONAIS;1.500.000.1002;RECURSOS NÃO VINCULADOS DE IMPOSTOS (SAÚDE);5.000,00
FUNDO MUNICIPAL DE SAÚDE DE BARBACENA;18.002;FUNDO MUNICIPAL DE SAUDE;2.012;MANUTENÇAO DA ASSISTENCIA FARMACEUTICA;2;ATENÇAO BASICA;10;Saúde;303;Suporte Profilático e Terapêutico;192;3.1.90.13.00.00.00.00;OBRIGAÇÕES PATRONAIS;2.621.000.0000;TRANSFERÊNCIAS FUNDO A FUNDO DE RECURSOS DO SUS PROVENIENTES DO GOVERNO ESTADUAL;0,00
FUNDO MUNICIPAL DE SAÚDE DE BARBACENA;18.002;FUNDO MUNICIPAL DE SAUDE;2.012;MANUTENÇAO DA ASSISTENCIA FARMACEUTICA;2;ATENÇAO BASICA;10;Saúde;303;Suporte Profilático e Terapêutico;193;3.1.91.13.00.00.00.00;OBRIGAÇÕES PATRONAIS;1.500.000.1002;RECURSOS NÃO VINCULADOS DE IMPOSTOS (SAÚDE);50.000,00
FUNDO MUNICIPAL DE SAÚDE DE BARBACENA;18.002;FUNDO MUNICIPAL DE SAUDE;2.012;MANUTENÇAO DA ASSISTENCIA FARMACEUTICA;2;ATENÇAO BASICA;10;Saúde;303;Suporte Profilático e Terapêutico;193;3.1.91.13.00.00.00.00;OBRIGAÇÕES PATRONAIS;1.600.000.0000;TRANSFERÊNCIAS FUNDO A FUNDO DE RECURSOS DO SUS PROVENIENTES DO GOVERNO FEDERAL - BLOCO DE MANUTENÇÃO DAS AÇÕES E SERVIÇOS PÚBLICOS DE SAÚDE;71.241,96
FUNDO MUNICIPAL DE SAÚDE DE BARBACENA;18.002;FUNDO MUNICIPAL DE SAUDE;2.012;MANUTENÇAO DA ASSISTENCIA FARMACEUTICA;2;ATENÇAO BASICA;10;Saúde;303;Suporte Profilático e Terapêutico;193;3.1.91.13.00.00.00.00;OBRIGAÇÕES PATRONAIS;2.621.000.0000;TRANSFERÊNCIAS FUNDO A FUNDO DE RECURSOS DO SUS PROVENIENTES DO GOVERNO ESTADUAL;0,00
FUNDO MUNICIPAL DE SAÚDE DE BARBACENA;18.002;FUNDO MUNICIPAL DE SAUDE;2.012;MANUTENÇAO DA ASSISTENCIA FARMACEUTICA;2;ATENÇAO BASICA;10;Saúde;303;Suporte Profilático e Terapêutico;194;3.3.90.08.00.00.00.00;OUTROS BENEFÍCIOS ASSISTENCIAIS-SERVIDOR/MILITAR;1.500.000.1002;RECURSOS NÃO VINCULADOS DE IMPOSTOS (SAÚDE);2.000,00
FUNDO MUNICIPAL DE SAÚDE DE BARBACENA;18.002;FUNDO MUNICIPAL DE SAUDE;2.012;MANUTENÇAO DA ASSISTENCIA FARMACEUTICA;2;ATENÇAO BASICA;10;Saúde;303;Suporte Profilático e Terapêutico;194;3.3.90.08.00.00.00.00;OUTROS BENEFÍCIOS ASSISTENCIAIS-SERVIDOR/MILITAR;2.621.000.0000;TRANSFERÊNCIAS FUNDO A FUNDO DE RECURSOS DO SUS PROVENIENTES DO GOVERNO ESTADUAL;0,00
FUNDO MUNICIPAL DE SAÚDE DE BARBACENA;18.002;FUNDO MUNICIPAL DE SAUDE;2.012;MANUTENÇAO DA ASSISTENCIA FARMACEUTICA;2;ATENÇAO BASICA;10;Saúde;303;Suporte Profilático e Terapêutico;195;3.3.90.18.00.00.00.00;AUXÍLIO FINANCEIRO A ESTUDANTES;1.500.000.1002;RECURSOS NÃO VINCULADOS DE IMPOSTOS (SAÚDE);1.000,00
FUNDO MUNICIPAL DE SAÚDE DE BARBACENA;18.002;FUNDO MUNICIPAL DE SAUDE;2.012;MANUTENÇAO DA ASSISTENCIA FARMACEUTICA;2;ATENÇAO BASICA;10;Saúde;303;Suporte Profilático e Terapêutico;195;3.3.90.18.00.00.00.00;AUXÍLIO FINANCEIRO A ESTUDANTES;2.621.000.0000;TRANSFERÊNCIAS FUNDO A FUNDO DE RECURSOS DO SUS PROVENIENTES DO GOVERNO ESTADUAL;0,00
FUNDO MUNICIPAL DE SAÚDE DE BARBACENA;18.002;FUNDO MUNICIPAL DE SAUDE;2.012;MANUTENÇAO DA ASSISTENCIA FARMACEUTICA;2;ATENÇAO BASICA;10;Saúde;303;Suporte Profilático e Terapêutico;196;3.3.90.30.00.00.00.00;MATERIAL DE CONSUMO;1.500.000.1002;RECURSOS NÃO VINCULADOS DE IMPOSTOS (SAÚDE);324.058,86
FUNDO MUNICIPAL DE SAÚDE DE BARBACENA;18.002;FUNDO MUNICIPAL DE SAUDE;2.012;MANUTENÇAO DA ASSISTENCIA FARMACEUTICA;2;ATENÇAO BASICA;10;Saúde;303;Suporte Profilático e Terapêutico;196;3.3.90.30.00.00.00.00;MATERIAL DE CONSUMO;1.600.000.0000;TRANSFERÊNCIAS FUNDO A FUNDO DE RECURSOS DO SUS PROVENIENTES DO GOVERNO FEDERAL - BLOCO DE MANUTENÇÃO DAS AÇÕES E SERVIÇOS PÚBLICOS DE SAÚDE;810.146,70
FUNDO MUNICIPAL DE SAÚDE DE BARBACENA;18.002;FUNDO MUNICIPAL DE SAUDE;2.012;MANUTENÇAO DA ASSISTENCIA FARMACEUTICA;2;ATENÇAO BASICA;10;Saúde;303;Suporte Profilático e Terapêutico;196;3.3.90.30.00.00.00.00;MATERIAL DE CONSUMO;1.621.000.0000;TRANSFERÊNCIAS FUNDO A FUNDO DE RECURSOS DO SUS PROVENIENTES DO GOVERNO ESTADUAL;459.998,55
FUNDO MUNICIPAL DE SAÚDE DE BARBACENA;18.002;FUNDO MUNICIPAL DE SAUDE;2.012;MANUTENÇAO DA ASSISTENCIA FARMACEUTICA;2;ATENÇAO BASICA;10;Saúde;303;Suporte Profilático e Terapêutico;196;3.3.90.30.00.00.00.00;MATERIAL DE CONSUMO;2.621.000.0000;TRANSFERÊNCIAS FUNDO A FUNDO DE RECURSOS DO SUS PROVENIENTES DO GOVERNO ESTADUAL;0,00
FUNDO MUNICIPAL DE SAÚDE DE BARBACENA;18.002;FUNDO MUNICIPAL DE SAUDE;2.012;MANUTENÇAO DA ASSISTENCIA FARMACEUTICA;2;ATENÇAO BASICA;10;Saúde;303;Suporte Profilático e Terapêutico;197;3.3.90.39.00.00.00.00;OUTROS SERVIÇOS DE TERCEIROS - PESSOA JURÍDICA;1.621.000.0000;TRANSFERÊNCIAS FUNDO A FUNDO DE RECURSOS DO SUS PROVENIENTES DO GOVERNO ESTADUAL;5.000,00
FUNDO MUNICIPAL DE SAÚDE DE BARBACENA;18.002;FUNDO MUNICIPAL DE SAUDE;2.012;MANUTENÇAO DA ASSISTENCIA FARMACEUTICA;2;ATENÇAO BASICA;10;Saúde;303;Suporte Profilático e Terapêutico;197;3.3.90.39.00.00.00.00;OUTROS SERVIÇOS DE TERCEIROS - PESSOA JURÍDICA;2.621.000.0000;TRANSFERÊNCIAS FUNDO A FUNDO DE RECURSOS DO SUS PROVENIENTES DO GOVERNO ESTADUAL;0,00
FUNDO MUNICIPAL DE SAÚDE DE BARBACENA;18.002;FUNDO MUNICIPAL DE SAUDE;2.012;MANUTENÇAO DA ASSISTENCIA FARMACEUTICA;2;ATENÇAO BASICA;10;Saúde;303;Suporte Profilático e Terapêutico;198;3.3.90.40.00.00.00.00;SERVIÇOS DE TECNOLOGIA DA INFORMAÇÃO E COMUNICAÇ;1.621.000.0000;TRANSFERÊNCIAS FUNDO A FUNDO DE RECURSOS DO SUS PROVENIENTES DO GOVERNO ESTADUAL;1.000,00
FUNDO MUNICIPAL DE SAÚDE DE BARBACENA;18.002;FUNDO MUNICIPAL DE SAUDE;2.012;MANUTENÇAO DA ASSISTENCIA FARMACEUTICA;2;ATENÇAO BASICA;10;Saúde;303;Suporte Profilático e Terapêutico;199;3.3.90.46.00.00.00.00;AUXÍLIO-ALIMENTAÇÃO;1.500.000.1002;RECURSOS NÃO VINCULADOS DE IMPOSTOS (SAÚDE);0,00
FUNDO MUNICIPAL DE SAÚDE DE BARBACENA;18.002;FUNDO MUNICIPAL DE SAUDE;2.012;MANUTENÇAO DA ASSISTENCIA FARMACEUTICA;2;ATENÇAO BASICA;10;Saúde;303;Suporte Profilático e Terapêutico;199;3.3.90.46.00.00.00.00;AUXÍLIO-ALIMENTAÇÃO;1.600.000.0000;TRANSFERÊNCIAS FUNDO A FUNDO DE RECURSOS DO SUS PROVENIENTES DO GOVERNO FEDERAL - BLOCO DE MANUTENÇÃO DAS AÇÕES E SERVIÇOS PÚBLICOS DE SAÚDE;43.386,20
FUNDO MUNICIPAL DE SAÚDE DE BARBACENA;18.002;FUNDO MUNICIPAL DE SAUDE;2.012;MANUTENÇAO DA ASSISTENCIA FARMACEUTICA;2;ATENÇAO BASICA;10;Saúde;303;Suporte Profilático e Terapêutico;199;3.3.90.46.00.00.00.00;AUXÍLIO-ALIMENTAÇÃO;1.621.000.0000;TRANSFERÊNCIAS FUNDO A FUNDO DE RECURSOS DO SUS PROVENIENTES DO GOVERNO ESTADUAL;0,00
FUNDO MUNICIPAL DE SAÚDE DE BARBACENA;18.002;FUNDO MUNICIPAL DE SAUDE;2.012;MANUTENÇAO DA ASSISTENCIA FARMACEUTICA;2;ATENÇAO BASICA;10;Saúde;303;Suporte Profilático e Terapêutico;199;3.3.90.46.00.00.00.00;AUXÍLIO-ALIMENTAÇÃO;2.621.000.0000;TRANSFERÊNCIAS FUNDO A FUNDO DE RECURSOS DO SUS PROVENIENTES DO GOVERNO ESTADUAL;0,00
FUNDO MUNICIPAL DE SAÚDE DE BARBACENA;18.002;FUNDO MUNICIPAL DE SAUDE;2.012;MANUTENÇAO DA ASSISTENCIA FARMACEUTICA;2;ATENÇAO BASICA;10;Saúde;303;Suporte Profilático e Terapêutico;463;4.4.90.52.00.00.00.00;EQUIPAMENTOS E MATERIAL PERMANENTE;2.621.000.0000;TRANSFERÊNCIAS FUNDO A FUNDO DE RECURSOS DO SUS PROVENIENTES DO GOVERNO ESTADUAL;0,00
FUNDO MUNICIPAL DE SAÚDE DE BARBACENA;18.002;FUNDO MUNICIPAL DE SAUDE;1.050;CONSTRUÇAO, REFORMA, READEQUAÇAO E AMPLIAÇAO DO CAPS;3;MEDIA E ALTA COMPLEXIDADE ASSISTENCIAL;10;Saúde;302;Assistência Hospitalar e Ambulatorial;90;3.3.90.39.00.00.00.00;OUTROS SERVIÇOS DE TERCEIROS - PESSOA JURÍDICA;1.600.000.0000;TRANSFERÊNCIAS FUNDO A FUNDO DE RECURSOS DO SUS PROVENIENTES DO GOVERNO FEDERAL - BLOCO DE MANUTENÇÃO DAS AÇÕES E SERVIÇOS PÚBLICOS DE SAÚDE;1,00
FUNDO MUNICIPAL DE SAÚDE DE BARBACENA;18.002;FUNDO MUNICIPAL DE SAUDE;1.050;CONSTRUÇAO, REFORMA, READEQUAÇAO E AMPLIAÇAO DO CAPS;3;MEDIA E ALTA COMPLEXIDADE ASSISTENCIAL;10;Saúde;302;Assistência Hospitalar e Ambulatorial;90;3.3.90.39.00.00.00.00;OUTROS SERVIÇOS DE TERCEIROS - PESSOA JURÍDICA;1.601.000.0000;TRANSFERÊNCIAS FUNDO A FUNDO DE RECURSOS DO SUS PROVENIENTES DO GOVERNO FEDERAL - BLOCO DE ESTRUTURAÇÃO DA REDE DE SERVIÇOS PÚBLICOS DE SAÚDE;1,00
FUNDO MUNICIPAL DE SAÚDE DE BARBACENA;18.002;FUNDO MUNICIPAL DE SAUDE;2.008;MANUTENÇÃO DO CEREST;3;MEDIA E ALTA COMPLEXIDADE ASSISTENCIAL;10;Saúde;302;Assistência Hospitalar e Ambulatorial;91;3.1.90.04.00.00.00.00;CONTRATAÇÃO POR TEMPO DETERMINADO;1.500.000.1002;RECURSOS NÃO VINCULADOS DE IMPOSTOS (SAÚDE);1.000,00
FUNDO MUNICIPAL DE SAÚDE DE BARBACENA;18.002;FUNDO MUNICIPAL DE SAUDE;2.008;MANUTENÇÃO DO CEREST;3;MEDIA E ALTA COMPLEXIDADE ASSISTENCIAL;10;Saúde;302;Assistência Hospitalar e Ambulatorial;91;3.1.90.04.00.00.00.00;CONTRATAÇÃO POR TEMPO DETERMINADO;1.600.000.0000;TRANSFERÊNCIAS FUNDO A FUNDO DE RECURSOS DO SUS PROVENIENTES DO GOVERNO FEDERAL - BLOCO DE MANUTENÇÃO DAS AÇÕES E SERVIÇOS PÚBLICOS DE SAÚDE;187.200,00
FUNDO MUNICIPAL DE SAÚDE DE BARBACENA;18.002;FUNDO MUNICIPAL DE SAUDE;2.008;MANUTENÇÃO DO CEREST;3;MEDIA E ALTA COMPLEXIDADE ASSISTENCIAL;10;Saúde;302;Assistência Hospitalar e Ambulatorial;92;3.1.90.11.00.00.00.00;VENCIMENTOS E VANTAGENS FIXAS - PESSOAL CIVIL;1.500.000.1002;RECURSOS NÃO VINCULADOS DE IMPOSTOS (SAÚDE);1.000,00
FUNDO MUNICIPAL DE SAÚDE DE BARBACENA;18.002;FUNDO MUNICIPAL DE SAUDE;2.008;MANUTENÇÃO DO CEREST;3;MEDIA E ALTA COMPLEXIDADE ASSISTENCIAL;10;Saúde;302;Assistência Hospitalar e Ambulatorial;92;3.1.90.11.00.00.00.00;VENCIMENTOS E VANTAGENS FIXAS - PESSOAL CIVIL;1.600.000.0000;TRANSFERÊNCIAS FUNDO A FUNDO DE RECURSOS DO SUS PROVENIENTES DO GOVERNO FEDERAL - BLOCO DE MANUTENÇÃO DAS AÇÕES E SERVIÇOS PÚBLICOS DE SAÚDE;5.000,00
FUNDO MUNICIPAL DE SAÚDE DE BARBACENA;18.002;FUNDO MUNICIPAL DE SAUDE;2.008;MANUTENÇÃO DO CEREST;3;MEDIA E ALTA COMPLEXIDADE ASSISTENCIAL;10;Saúde;302;Assistência Hospitalar e Ambulatorial;93;3.1.90.13.00.00.00.00;OBRIGAÇÕES PATRONAIS;1.500.000.1002;RECURSOS NÃO VINCULADOS DE IMPOSTOS (SAÚDE);1.000,00
FUNDO MUNICIPAL DE SAÚDE DE BARBACENA;18.002;FUNDO MUNICIPAL DE SAUDE;2.008;MANUTENÇÃO DO CEREST;3;MEDIA E ALTA COMPLEXIDADE ASSISTENCIAL;10;Saúde;302;Assistência Hospitalar e Ambulatorial;93;3.1.90.13.00.00.00.00;OBRIGAÇÕES PATRONAIS;1.600.000.0000;TRANSFERÊNCIAS FUNDO A FUNDO DE RECURSOS DO SUS PROVENIENTES DO GOVERNO FEDERAL - BLOCO DE MANUTENÇÃO DAS AÇÕES E SERVIÇOS PÚBLICOS DE SAÚDE;1.000,00
FUNDO MUNICIPAL DE SAÚDE DE BARBACENA;18.002;FUNDO MUNICIPAL DE SAUDE;2.008;MANUTENÇÃO DO CEREST;3;MEDIA E ALTA COMPLEXIDADE ASSISTENCIAL;10;Saúde;302;Assistência Hospitalar e Ambulatorial;94;3.1.90.92.00.00.00.00;DESPESAS DE EXERCÍCIOS ANTERIORES;1.600.000.0000;TRANSFERÊNCIAS FUNDO A FUNDO DE RECURSOS DO SUS PROVENIENTES DO GOVERNO FEDERAL - BLOCO DE MANUTENÇÃO DAS AÇÕES E SERVIÇOS PÚBLICOS DE SAÚDE;1.000,00
FUNDO MUNICIPAL DE SAÚDE DE BARBACENA;18.002;FUNDO MUNICIPAL DE SAUDE;2.008;MANUTENÇÃO DO CEREST;3;MEDIA E ALTA COMPLEXIDADE ASSISTENCIAL;10;Saúde;302;Assistência Hospitalar e Ambulatorial;95;3.1.91.13.00.00.00.00;OBRIGAÇÕES PATRONAIS;1.500.000.1002;RECURSOS NÃO VINCULADOS DE IMPOSTOS (SAÚDE);500,00
FUNDO MUNICIPAL DE SAÚDE DE BARBACENA;18.002;FUNDO MUNICIPAL DE SAUDE;2.008;MANUTENÇÃO DO CEREST;3;MEDIA E ALTA COMPLEXIDADE ASSISTENCIAL;10;Saúde;302;Assistência Hospitalar e Ambulatorial;95;3.1.91.13.00.00.00.00;OBRIGAÇÕES PATRONAIS;1.600.000.0000;TRANSFERÊNCIAS FUNDO A FUNDO DE RECURSOS DO SUS PROVENIENTES DO GOVERNO FEDERAL - BLOCO DE MANUTENÇÃO DAS AÇÕES E SERVIÇOS PÚBLICOS DE SAÚDE;5.000,00
FUNDO MUNICIPAL DE SAÚDE DE BARBACENA;18.002;FUNDO MUNICIPAL DE SAUDE;2.008;MANUTENÇÃO DO CEREST;3;MEDIA E ALTA COMPLEXIDADE ASSISTENCIAL;10;Saúde;302;Assistência Hospitalar e Ambulatorial;96;3.3.90.08.00.00.00.00;OUTROS BENEFÍCIOS ASSISTENCIAIS-SERVIDOR/MILITAR;1.500.000.1002;RECURSOS NÃO VINCULADOS DE IMPOSTOS (SAÚDE);500,00
FUNDO MUNICIPAL DE SAÚDE DE BARBACENA;18.002;FUNDO MUNICIPAL DE SAUDE;2.008;MANUTENÇÃO DO CEREST;3;MEDIA E ALTA COMPLEXIDADE ASSISTENCIAL;10;Saúde;302;Assistência Hospitalar e Ambulatorial;96;3.3.90.08.00.00.00.00;OUTROS BENEFÍCIOS ASSISTENCIAIS-SERVIDOR/MILITAR;1.600.000.0000;TRANSFERÊNCIAS FUNDO A FUNDO DE RECURSOS DO SUS PROVENIENTES DO GOVERNO FEDERAL - BLOCO DE MANUTENÇÃO DAS AÇÕES E SERVIÇOS PÚBLICOS DE SAÚDE;1.000,00
FUNDO MUNICIPAL DE SAÚDE DE BARBACENA;18.002;FUNDO MUNICIPAL DE SAUDE;2.008;MANUTENÇÃO DO CEREST;3;MEDIA E ALTA COMPLEXIDADE ASSISTENCIAL;10;Saúde;302;Assistência Hospitalar e Ambulatorial;97;3.3.90.14.00.00.00.00;DIÁRIAS - PESSOAL CIVIL;1.500.000.1002;RECURSOS NÃO VINCULADOS DE IMPOSTOS (SAÚDE);500,00
FUNDO MUNICIPAL DE SAÚDE DE BARBACENA;18.002;FUNDO MUNICIPAL DE SAUDE;2.008;MANUTENÇÃO DO CEREST;3;MEDIA E ALTA COMPLEXIDADE ASSISTENCIAL;10;Saúde;302;Assistência Hospitalar e Ambulatorial;97;3.3.90.14.00.00.00.00;DIÁRIAS - PESSOAL CIVIL;1.600.000.0000;TRANSFERÊNCIAS FUNDO A FUNDO DE RECURSOS DO SUS PROVENIENTES DO GOVERNO FEDERAL - BLOCO DE MANUTENÇÃO DAS AÇÕES E SERVIÇOS PÚBLICOS DE SAÚDE;500,00
FUNDO MUNICIPAL DE SAÚDE DE BARBACENA;18.002;FUNDO MUNICIPAL DE SAUDE;2.008;MANUTENÇÃO DO CEREST;3;MEDIA E ALTA COMPLEXIDADE ASSISTENCIAL;10;Saúde;302;Assistência Hospitalar e Ambulatorial;98;3.3.90.18.00.00.00.00;AUXÍLIO FINANCEIRO A ESTUDANTES;1.500.000.1002;RECURSOS NÃO VINCULADOS DE IMPOSTOS (SAÚDE);500,00
FUNDO MUNICIPAL DE SAÚDE DE BARBACENA;18.002;FUNDO MUNICIPAL DE SAUDE;2.008;MANUTENÇÃO DO CEREST;3;MEDIA E ALTA COMPLEXIDADE ASSISTENCIAL;10;Saúde;302;Assistência Hospitalar e Ambulatorial;98;3.3.90.18.00.00.00.00;AUXÍLIO FINANCEIRO A ESTUDANTES;1.600.000.0000;TRANSFERÊNCIAS FUNDO A FUNDO DE RECURSOS DO SUS PROVENIENTES DO GOVERNO FEDERAL - BLOCO DE MANUTENÇÃO DAS AÇÕES E SERVIÇOS PÚBLICOS DE SAÚDE;500,00
FUNDO MUNICIPAL DE SAÚDE DE BARBACENA;18.002;FUNDO MUNICIPAL DE SAUDE;2.008;MANUTENÇÃO DO CEREST;3;MEDIA E ALTA COMPLEXIDADE ASSISTENCIAL;10;Saúde;302;Assistência Hospitalar e Ambulatorial;99;3.3.90.30.00.00.00.00;MATERIAL DE CONSUMO;1.500.000.1002;RECURSOS NÃO VINCULADOS DE IMPOSTOS (SAÚDE);100,00
FUNDO MUNICIPAL DE SAÚDE DE BARBACENA;18.002;FUNDO MUNICIPAL DE SAUDE;2.008;MANUTENÇÃO DO CEREST;3;MEDIA E ALTA COMPLEXIDADE ASSISTENCIAL;10;Saúde;302;Assistência Hospitalar e Ambulatorial;99;3.3.90.30.00.00.00.00;MATERIAL DE CONSUMO;1.600.000.0000;TRANSFERÊNCIAS FUNDO A FUNDO DE RECURSOS DO SUS PROVENIENTES DO GOVERNO FEDERAL - BLOCO DE MANUTENÇÃO DAS AÇÕES E SERVIÇOS PÚBLICOS DE SAÚDE;40.000,00
FUNDO MUNICIPAL DE SAÚDE DE BARBACENA;18.002;FUNDO MUNICIPAL DE SAUDE;2.008;MANUTENÇÃO DO CEREST;3;MEDIA E ALTA COMPLEXIDADE ASSISTENCIAL;10;Saúde;302;Assistência Hospitalar e Ambulatorial;99;3.3.90.30.00.00.00.00;MATERIAL DE CONSUMO;1.621.000.0000;TRANSFERÊNCIAS FUNDO A FUNDO DE RECURSOS DO SUS PROVENIENTES DO GOVERNO ESTADUAL;10,00
FUNDO MUNICIPAL DE SAÚDE DE BARBACENA;18.002;FUNDO MUNICIPAL DE SAUDE;2.008;MANUTENÇÃO DO CEREST;3;MEDIA E ALTA COMPLEXIDADE ASSISTENCIAL;10;Saúde;302;Assistência Hospitalar e Ambulatorial;99;3.3.90.30.00.00.00.00;MATERIAL DE CONSUMO;2.600.000.0000;TRANSFERÊNCIAS FUNDO A FUNDO DE RECURSOS DO SUS PROVENIENTES DO GOVERNO FEDERAL - BLOCO DE MANUTENÇÃO DAS AÇÕES E SERVIÇOS PÚBLICOS DE SAÚDE;0,00
FUNDO MUNICIPAL DE SAÚDE DE BARBACENA;18.002;FUNDO MUNICIPAL DE SAUDE;2.008;MANUTENÇÃO DO CEREST;3;MEDIA E ALTA COMPLEXIDADE ASSISTENCIAL;10;Saúde;302;Assistência Hospitalar e Ambulatorial;99;3.3.90.30.00.00.00.00;MATERIAL DE CONSUMO;2.621.000.0000;TRANSFERÊNCIAS FUNDO A FUNDO DE RECURSOS DO SUS PROVENIENTES DO GOVERNO ESTADUAL;0,00
FUNDO MUNICIPAL DE SAÚDE DE BARBACENA;18.002;FUNDO MUNICIPAL DE SAUDE;2.008;MANUTENÇÃO DO CEREST;3;MEDIA E ALTA COMPLEXIDADE ASSISTENCIAL;10;Saúde;302;Assistência Hospitalar e Ambulatorial;100;3.3.90.36.00.00.00.00;OUTROS SERVIÇOS DE TERCEIROS - PESSOA FÍSICA;1.600.000.0000;TRANSFERÊNCIAS FUNDO A FUNDO DE RECURSOS DO SUS PROVENIENTES DO GOVERNO FEDERAL - BLOCO DE MANUTENÇÃO DAS AÇÕES E SERVIÇOS PÚBLICOS DE SAÚDE;65.000,00
FUNDO MUNICIPAL DE SAÚDE DE BARBACENA;18.002;FUNDO MUNICIPAL DE SAUDE;2.008;MANUTENÇÃO DO CEREST;3;MEDIA E ALTA COMPLEXIDADE ASSISTENCIAL;10;Saúde;302;Assistência Hospitalar e Ambulatorial;101;3.3.90.39.00.00.00.00;OUTROS SERVIÇOS DE TERCEIROS - PESSOA JURÍDICA;1.500.000.1002;RECURSOS NÃO VINCULADOS DE IMPOSTOS (SAÚDE);500,00
FUNDO MUNICIPAL DE SAÚDE DE BARBACENA;18.002;FUNDO MUNICIPAL DE SAUDE;2.008;MANUTENÇÃO DO CEREST;3;MEDIA E ALTA COMPLEXIDADE ASSISTENCIAL;10;Saúde;302;Assistência Hospitalar e Ambulatorial;101;3.3.90.39.00.00.00.00;OUTROS SERVIÇOS DE TERCEIROS - PESSOA JURÍDICA;1.600.000.0000;TRANSFERÊNCIAS FUNDO A FUNDO DE RECURSOS DO SUS PROVENIENTES DO GOVERNO FEDERAL - BLOCO DE MANUTENÇÃO DAS AÇÕES E SERVIÇOS PÚBLICOS DE SAÚDE;30.000,00
FUNDO MUNICIPAL DE SAÚDE DE BARBACENA;18.002;FUNDO MUNICIPAL DE SAUDE;2.008;MANUTENÇÃO DO CEREST;3;MEDIA E ALTA COMPLEXIDADE ASSISTENCIAL;10;Saúde;302;Assistência Hospitalar e Ambulatorial;101;3.3.90.39.00.00.00.00;OUTROS SERVIÇOS DE TERCEIROS - PESSOA JURÍDICA;1.621.000.0000;TRANSFERÊNCIAS FUNDO A FUNDO DE RECURSOS DO SUS PROVENIENTES DO GOVERNO ESTADUAL;10,00
FUNDO MUNICIPAL DE SAÚDE DE BARBACENA;18.002;FUNDO MUNICIPAL DE SAUDE;2.008;MANUTENÇÃO DO CEREST;3;MEDIA E ALTA COMPLEXIDADE ASSISTENCIAL;10;Saúde;302;Assistência Hospitalar e Ambulatorial;101;3.3.90.39.00.00.00.00;OUTROS SERVIÇOS DE TERCEIROS - PESSOA JURÍDICA;2.600.000.0000;TRANSFERÊNCIAS FUNDO A FUNDO DE RECURSOS DO SUS PROVENIENTES DO GOVERNO FEDERAL - BLOCO DE MANUTENÇÃO DAS AÇÕES E SERVIÇOS PÚBLICOS DE SAÚDE;0,00
FUNDO MUNICIPAL DE SAÚDE DE BARBACENA;18.002;FUNDO MUNICIPAL DE SAUDE;2.008;MANUTENÇÃO DO CEREST;3;MEDIA E ALTA COMPLEXIDADE ASSISTENCIAL;10;Saúde;302;Assistência Hospitalar e Ambulatorial;101;3.3.90.39.00.00.00.00;OUTROS SERVIÇOS DE TERCEIROS - PESSOA JURÍDICA;2.621.000.0000;TRANSFERÊNCIAS FUNDO A FUNDO DE RECURSOS DO SUS PROVENIENTES DO GOVERNO ESTADUAL;0,00
FUNDO MUNICIPAL DE SAÚDE DE BARBACENA;18.002;FUNDO MUNICIPAL DE SAUDE;2.008;MANUTENÇÃO DO CEREST;3;MEDIA E ALTA COMPLEXIDADE ASSISTENCIAL;10;Saúde;302;Assistência Hospitalar e Ambulatorial;102;3.3.90.40.00.00.00.00;SERVIÇOS DE TECNOLOGIA DA INFORMAÇÃO E COMUNICAÇ;1.500.000.1002;RECURSOS NÃO VINCULADOS DE IMPOSTOS (SAÚDE);500,00
FUNDO MUNICIPAL DE SAÚDE DE BARBACENA;18.002;FUNDO MUNICIPAL DE SAUDE;2.008;MANUTENÇÃO DO CEREST;3;MEDIA E ALTA COMPLEXIDADE ASSISTENCIAL;10;Saúde;302;Assistência Hospitalar e Ambulatorial;103;3.3.90.46.00.00.00.00;AUXÍLIO-ALIMENTAÇÃO;1.600.000.0000;TRANSFERÊNCIAS FUNDO A FUNDO DE RECURSOS DO SUS PROVENIENTES DO GOVERNO FEDERAL - BLOCO DE MANUTENÇÃO DAS AÇÕES E SERVIÇOS PÚBLICOS DE SAÚDE;19.800,00
FUNDO MUNICIPAL DE SAÚDE DE BARBACENA;18.002;FUNDO MUNICIPAL DE SAUDE;2.008;MANUTENÇÃO DO CEREST;3;MEDIA E ALTA COMPLEXIDADE ASSISTENCIAL;10;Saúde;302;Assistência Hospitalar e Ambulatorial;104;4.4.90.52.00.00.00.00;EQUIPAMENTOS E MATERIAL PERMANENTE;1.500.000.1002;RECURSOS NÃO VINCULADOS DE IMPOSTOS (SAÚDE);500,00
FUNDO MUNICIPAL DE SAÚDE DE BARBACENA;18.002;FUNDO MUNICIPAL DE SAUDE;2.008;MANUTENÇÃO DO CEREST;3;MEDIA E ALTA COMPLEXIDADE ASSISTENCIAL;10;Saúde;302;Assistência Hospitalar e Ambulatorial;104;4.4.90.52.00.00.00.00;EQUIPAMENTOS E MATERIAL PERMANENTE;1.600.000.0000;TRANSFERÊNCIAS FUNDO A FUNDO DE RECURSOS DO SUS PROVENIENTES DO GOVERNO FEDERAL - BLOCO DE MANUTENÇÃO DAS AÇÕES E SERVIÇOS PÚBLICOS DE SAÚDE;4.000,00
FUNDO MUNICIPAL DE SAÚDE DE BARBACENA;18.002;FUNDO MUNICIPAL DE SAUDE;2.008;MANUTENÇÃO DO CEREST;3;MEDIA E ALTA COMPLEXIDADE ASSISTENCIAL;10;Saúde;302;Assistência Hospitalar e Ambulatorial;104;4.4.90.52.00.00.00.00;EQUIPAMENTOS E MATERIAL PERMANENTE;1.621.000.0000;TRANSFERÊNCIAS FUNDO A FUNDO DE RECURSOS DO SUS PROVENIENTES DO GOVERNO ESTADUAL;10,00
FUNDO MUNICIPAL DE SAÚDE DE BARBACENA;18.002;FUNDO MUNICIPAL DE SAUDE;2.008;MANUTENÇÃO DO CEREST;3;MEDIA E ALTA COMPLEXIDADE ASSISTENCIAL;10;Saúde;302;Assistência Hospitalar e Ambulatorial;104;4.4.90.52.00.00.00.00;EQUIPAMENTOS E MATERIAL PERMANENTE;2.621.000.0000;TRANSFERÊNCIAS FUNDO A FUNDO DE RECURSOS DO SUS PROVENIENTES DO GOVERNO ESTADUAL;0,00
FUNDO MUNICIPAL DE SAÚDE DE BARBACENA;18.002;FUNDO MUNICIPAL DE SAUDE;2.015;MANUTENÇAO DO TRANSPORTE;3;MEDIA E ALTA COMPLEXIDADE ASSISTENCIAL;10;Saúde;302;Assistência Hospitalar e Ambulatorial;105;3.1.90.04.00.00.00.00;CONTRATAÇÃO POR TEMPO DETERMINADO;1.600.000.0000;TRANSFERÊNCIAS FUNDO A FUNDO DE RECURSOS DO SUS PROVENIENTES DO GOVERNO FEDERAL - BLOCO DE MANUTENÇÃO DAS AÇÕES E SERVIÇOS PÚBLICOS DE SAÚDE;1.000,00
FUNDO MUNICIPAL DE SAÚDE DE BARBACENA;18.002;FUNDO MUNICIPAL DE SAUDE;2.015;MANUTENÇAO DO TRANSPORTE;3;MEDIA E ALTA COMPLEXIDADE ASSISTENCIAL;10;Saúde;302;Assistência Hospitalar e Ambulatorial;106;3.3.90.14.00.00.00.00;DIÁRIAS - PESSOAL CIVIL;1.500.000.1002;RECURSOS NÃO VINCULADOS DE IMPOSTOS (SAÚDE);500,00
FUNDO MUNICIPAL DE SAÚDE DE BARBACENA;18.002;FUNDO MUNICIPAL DE SAUDE;2.015;MANUTENÇAO DO TRANSPORTE;3;MEDIA E ALTA COMPLEXIDADE ASSISTENCIAL;10;Saúde;302;Assistência Hospitalar e Ambulatorial;106;3.3.90.14.00.00.00.00;DIÁRIAS - PESSOAL CIVIL;1.600.000.0000;TRANSFERÊNCIAS FUNDO A FUNDO DE RECURSOS DO SUS PROVENIENTES DO GOVERNO FEDERAL - BLOCO DE MANUTENÇÃO DAS AÇÕES E SERVIÇOS PÚBLICOS DE SAÚDE;1.500,00
FUNDO MUNICIPAL DE SAÚDE DE BARBACENA;18.002;FUNDO MUNICIPAL DE SAUDE;2.015;MANUTENÇAO DO TRANSPORTE;3;MEDIA E ALTA COMPLEXIDADE ASSISTENCIAL;10;Saúde;302;Assistência Hospitalar e Ambulatorial;107;3.3.90.30.00.00.00.00;MATERIAL DE CONSUMO;1.500.000.1002;RECURSOS NÃO VINCULADOS DE IMPOSTOS (SAÚDE);1.000,00
FUNDO MUNICIPAL DE SAÚDE DE BARBACENA;18.002;FUNDO MUNICIPAL DE SAUDE;2.015;MANUTENÇAO DO TRANSPORTE;3;MEDIA E ALTA COMPLEXIDADE ASSISTENCIAL;10;Saúde;302;Assistência Hospitalar e Ambulatorial;107;3.3.90.30.00.00.00.00;MATERIAL DE CONSUMO;1.600.000.0000;TRANSFERÊNCIAS FUNDO A FUNDO DE RECURSOS DO SUS PROVENIENTES DO GOVERNO FEDERAL - BLOCO DE MANUTENÇÃO DAS AÇÕES E SERVIÇOS PÚBLICOS DE SAÚDE;200.000,00
FUNDO MUNICIPAL DE SAÚDE DE BARBACENA;18.002;FUNDO MUNICIPAL DE SAUDE;2.015;MANUTENÇAO DO TRANSPORTE;3;MEDIA E ALTA COMPLEXIDADE ASSISTENCIAL;10;Saúde;302;Assistência Hospitalar e Ambulatorial;107;3.3.90.30.00.00.00.00;MATERIAL DE CONSUMO;2.621.000.0000;TRANSFERÊNCIAS FUNDO A FUNDO DE RECURSOS DO SUS PROVENIENTES DO GOVERNO ESTADUAL;0,00
FUNDO MUNICIPAL DE SAÚDE DE BARBACENA;18.002;FUNDO MUNICIPAL DE SAUDE;2.015;MANUTENÇAO DO TRANSPORTE;3;MEDIA E ALTA COMPLEXIDADE ASSISTENCIAL;10;Saúde;302;Assistência Hospitalar e Ambulatorial;108;3.3.90.33.00.00.00.00;PASSAGENS E DESPESAS COM LOCOMOÇÃO;1.500.000.1002;RECURSOS NÃO VINCULADOS DE IMPOSTOS (SAÚDE);116.614,29
FUNDO MUNICIPAL DE SAÚDE DE BARBACENA;18.002;FUNDO MUNICIPAL DE SAUDE;2.015;MANUTENÇAO DO TRANSPORTE;3;MEDIA E ALTA COMPLEXIDADE ASSISTENCIAL;10;Saúde;302;Assistência Hospitalar e Ambulatorial;109;3.3.90.36.00.00.00.00;OUTROS SERVIÇOS DE TERCEIROS - PESSOA FÍSICA;1.500.000.1002;RECURSOS NÃO VINCULADOS DE IMPOSTOS (SAÚDE);5.000,00
FUNDO MUNICIPAL DE SAÚDE DE BARBACENA;18.002;FUNDO MUNICIPAL DE SAUDE;2.015;MANUTENÇAO DO TRANSPORTE;3;MEDIA E ALTA COMPLEXIDADE ASSISTENCIAL;10;Saúde;302;Assistência Hospitalar e Ambulatorial;109;3.3.90.36.00.00.00.00;OUTROS SERVIÇOS DE TERCEIROS - PESSOA FÍSICA;1.600.000.0000;TRANSFERÊNCIAS FUNDO A FUNDO DE RECURSOS DO SUS PROVENIENTES DO GOVERNO FEDERAL - BLOCO DE MANUTENÇÃO DAS AÇÕES E SERVIÇOS PÚBLICOS DE SAÚDE;263.960,76
FUNDO MUNICIPAL DE SAÚDE DE BARBACENA;18.002;FUNDO MUNICIPAL DE SAUDE;2.015;MANUTENÇAO DO TRANSPORTE;3;MEDIA E ALTA COMPLEXIDADE ASSISTENCIAL;10;Saúde;302;Assistência Hospitalar e Ambulatorial;110;3.3.90.39.00.00.00.00;OUTROS SERVIÇOS DE TERCEIROS - PESSOA JURÍDICA;1.500.000.1002;RECURSOS NÃO VINCULADOS DE IMPOSTOS (SAÚDE);5.000,00
FUNDO MUNICIPAL DE SAÚDE DE BARBACENA;18.002;FUNDO MUNICIPAL DE SAUDE;2.015;MANUTENÇAO DO TRANSPORTE;3;MEDIA E ALTA COMPLEXIDADE ASSISTENCIAL;10;Saúde;302;Assistência Hospitalar e Ambulatorial;110;3.3.90.39.00.00.00.00;OUTROS SERVIÇOS DE TERCEIROS - PESSOA JURÍDICA;1.600.000.0000;TRANSFERÊNCIAS FUNDO A FUNDO DE RECURSOS DO SUS PROVENIENTES DO GOVERNO FEDERAL - BLOCO DE MANUTENÇÃO DAS AÇÕES E SERVIÇOS PÚBLICOS DE SAÚDE;498.553,46
FUNDO MUNICIPAL DE SAÚDE DE BARBACENA;18.002;FUNDO MUNICIPAL DE SAUDE;2.015;MANUTENÇAO DO TRANSPORTE;3;MEDIA E ALTA COMPLEXIDADE ASSISTENCIAL;10;Saúde;302;Assistência Hospitalar e Ambulatorial;110;3.3.90.39.00.00.00.00;OUTROS SERVIÇOS DE TERCEIROS - PESSOA JURÍDICA;2.600.000.0000;TRANSFERÊNCIAS FUNDO A FUNDO DE RECURSOS DO SUS PROVENIENTES DO GOVERNO FEDERAL - BLOCO DE MANUTENÇÃO DAS AÇÕES E SERVIÇOS PÚBLICOS DE SAÚDE;0,00
FUNDO MUNICIPAL DE SAÚDE DE BARBACENA;18.002;FUNDO MUNICIPAL DE SAUDE;2.015;MANUTENÇAO DO TRANSPORTE;3;MEDIA E ALTA COMPLEXIDADE ASSISTENCIAL;10;Saúde;302;Assistência Hospitalar e Ambulatorial;110;3.3.90.39.00.00.00.00;OUTROS SERVIÇOS DE TERCEIROS - PESSOA JURÍDICA;2.621.000.0000;TRANSFERÊNCIAS FUNDO A FUNDO DE RECURSOS DO SUS PROVENIENTES DO GOVERNO ESTADUAL;0,00
FUNDO MUNICIPAL DE SAÚDE DE BARBACENA;18.002;FUNDO MUNICIPAL DE SAUDE;2.015;MANUTENÇAO DO TRANSPORTE;3;MEDIA E ALTA COMPLEXIDADE ASSISTENCIAL;10;Saúde;302;Assistência Hospitalar e Ambulatorial;111;3.3.90.40.00.00.00.00;SERVIÇOS DE TECNOLOGIA DA INFORMAÇÃO E COMUNICAÇ;1.500.000.1002;RECURSOS NÃO VINCULADOS DE IMPOSTOS (SAÚDE);1.000,00
FUNDO MUNICIPAL DE SAÚDE DE BARBACENA;18.002;FUNDO MUNICIPAL DE SAUDE;2.015;MANUTENÇAO DO TRANSPORTE;3;MEDIA E ALTA COMPLEXIDADE ASSISTENCIAL;10;Saúde;302;Assistência Hospitalar e Ambulatorial;112;3.3.90.47.00.00.00.00;OBRIGAÇÕES TRIBUTÁRIAS E CONTRIBUTIVAS;1.600.000.0000;TRANSFERÊNCIAS FUNDO A FUNDO DE RECURSOS DO SUS PROVENIENTES DO GOVERNO FEDERAL - BLOCO DE MANUTENÇÃO DAS AÇÕES E SERVIÇOS PÚBLICOS DE SAÚDE;25.000,00
FUNDO MUNICIPAL DE SAÚDE DE BARBACENA;18.002;FUNDO MUNICIPAL DE SAUDE;2.015;MANUTENÇAO DO TRANSPORTE;3;MEDIA E ALTA COMPLEXIDADE ASSISTENCIAL;10;Saúde;302;Assistência Hospitalar e Ambulatorial;113;3.3.90.92.00.00.00.00;DESPESAS DE EXERCÍCIOS ANTERIORES;1.500.000.1002;RECURSOS NÃO VINCULADOS DE IMPOSTOS (SAÚDE);1.000,00
FUNDO MUNICIPAL DE SAÚDE DE BARBACENA;18.002;FUNDO MUNICIPAL DE SAUDE;2.015;MANUTENÇAO DO TRANSPORTE;3;MEDIA E ALTA COMPLEXIDADE ASSISTENCIAL;10;Saúde;302;Assistência Hospitalar e Ambulatorial;113;3.3.90.92.00.00.00.00;DESPESAS DE EXERCÍCIOS ANTERIORES;1.600.000.0000;TRANSFERÊNCIAS FUNDO A FUNDO DE RECURSOS DO SUS PROVENIENTES DO GOVERNO FEDERAL - BLOCO DE MANUTENÇÃO DAS AÇÕES E SERVIÇOS PÚBLICOS DE SAÚDE;1.000,00
FUNDO MUNICIPAL DE SAÚDE DE BARBACENA;18.002;FUNDO MUNICIPAL DE SAUDE;2.015;MANUTENÇAO DO TRANSPORTE;3;MEDIA E ALTA COMPLEXIDADE ASSISTENCIAL;10;Saúde;302;Assistência Hospitalar e Ambulatorial;114;4.4.90.52.00.00.00.00;EQUIPAMENTOS E MATERIAL PERMANENTE;1.500.000.1002;RECURSOS NÃO VINCULADOS DE IMPOSTOS (SAÚDE);5.000,00
FUNDO MUNICIPAL DE SAÚDE DE BARBACENA;18.002;FUNDO MUNICIPAL DE SAUDE;2.015;MANUTENÇAO DO TRANSPORTE;3;MEDIA E ALTA COMPLEXIDADE ASSISTENCIAL;10;Saúde;302;Assistência Hospitalar e Ambulatorial;114;4.4.90.52.00.00.00.00;EQUIPAMENTOS E MATERIAL PERMANENTE;1.621.000.0000;TRANSFERÊNCIAS FUNDO A FUNDO DE RECURSOS DO SUS PROVENIENTES DO GOVERNO ESTADUAL;500.000,00
FUNDO MUNICIPAL DE SAÚDE DE BARBACENA;18.002;FUNDO MUNICIPAL DE SAUDE;2.015;MANUTENÇAO DO TRANSPORTE;3;MEDIA E ALTA COMPLEXIDADE ASSISTENCIAL;10;Saúde;302;Assistência Hospitalar e Ambulatorial;114;4.4.90.52.00.00.00.00;EQUIPAMENTOS E MATERIAL PERMANENTE;2.621.000.0000;TRANSFERÊNCIAS FUNDO A FUNDO DE RECURSOS DO SUS PROVENIENTES DO GOVERNO ESTADUAL;0,00
FUNDO MUNICIPAL DE SAÚDE DE BARBACENA;18.002;FUNDO MUNICIPAL DE SAUDE;2.015;MANUTENÇAO DO TRANSPORTE;3;MEDIA E ALTA COMPLEXIDADE ASSISTENCIAL;10;Saúde;302;Assistência Hospitalar e Ambulatorial;114;4.4.90.52.00.00.00.00;EQUIPAMENTOS E MATERIAL PERMANENTE;2.707.000.0000;TRANSFERÊNCIAS DA UNIÃO – INCISO I DO ART. 5º DA LEI COMPLEMENTAR 273/2020;0,00
FUNDO MUNICIPAL DE SAÚDE DE BARBACENA;18.002;FUNDO MUNICIPAL DE SAUDE;2.015;MANUTENÇAO DO TRANSPORTE;3;MEDIA E ALTA COMPLEXIDADE ASSISTENCIAL;10;Saúde;302;Assistência Hospitalar e Ambulatorial;464;3.3.90.93.00.00.00.00;INDENIZAÇÕES E RESTITUIÇÕES;1.621.000.0000;TRANSFERÊNCIAS FUNDO A FUNDO DE RECURSOS DO SUS PROVENIENTES DO GOVERNO ESTADUAL;0,00
FUNDO MUNICIPAL DE SAÚDE DE BARBACENA;18.002;FUNDO MUNICIPAL DE SAUDE;2.015;MANUTENÇAO DO TRANSPORTE;3;MEDIA E ALTA COMPLEXIDADE ASSISTENCIAL;10;Saúde;302;Assistência Hospitalar e Ambulatorial;464;3.3.90.93.00.00.00.00;INDENIZAÇÕES E RESTITUIÇÕES;2.621.000.0000;TRANSFERÊNCIAS FUNDO A FUNDO DE RECURSOS DO SUS PROVENIENTES DO GOVERNO ESTADUAL;0,00
FUNDO MUNICIPAL DE SAÚDE DE BARBACENA;18.002;FUNDO MUNICIPAL DE SAUDE;2.027;MANUTENÇAO DO CORSÓRCIO INTERMUNICIPAL DA REDE DE URGÊNCIA E EMERGÊNCIA CENTRO-SUL - CISRU;3;MEDIA E ALTA COMPLEXIDADE ASSISTENCIAL;10;Saúde;302;Assistência Hospitalar e Ambulatorial;115;3.1.71.70.00.00.00.00;RATEIO PELA PARTICIPAÇÃO EM CONSÓRCIO PÚBLICO;1.500.000.1002;RECURSOS NÃO VINCULADOS DE IMPOSTOS (SAÚDE);233.457,30
FUNDO MUNICIPAL DE SAÚDE DE BARBACENA;18.002;FUNDO MUNICIPAL DE SAUDE;2.027;MANUTENÇAO DO CORSÓRCIO INTERMUNICIPAL DA REDE DE URGÊNCIA E EMERGÊNCIA CENTRO-SUL - CISRU;3;MEDIA E ALTA COMPLEXIDADE ASSISTENCIAL;10;Saúde;302;Assistência Hospitalar e Ambulatorial;116;3.3.71.70.00.00.00.00;RATEIO PELA PARTICIPAÇÃO EM CONSÓRCIO PÚBLICO;1.500.000.1002;RECURSOS NÃO VINCULADOS DE IMPOSTOS (SAÚDE);682.392,47
FUNDO MUNICIPAL DE SAÚDE DE BARBACENA;18.002;FUNDO MUNICIPAL DE SAUDE;2.027;MANUTENÇAO DO CORSÓRCIO INTERMUNICIPAL DA REDE DE URGÊNCIA E EMERGÊNCIA CENTRO-SUL - CISRU;3;MEDIA E ALTA COMPLEXIDADE ASSISTENCIAL;10;Saúde;302;Assistência Hospitalar e Ambulatorial;117;4.4.71.70.00.00.00.00;RATEIO PELA PARTICIPAÇÃO EM CONSÓRCIO PÚBLICO;1.500.000.1002;RECURSOS NÃO VINCULADOS DE IMPOSTOS (SAÚDE);1.467,71
FUNDO MUNICIPAL DE SAÚDE DE BARBACENA;18.002;FUNDO MUNICIPAL DE SAUDE;2.038;MANUTENÇÃO DO PROGRAMA DE ATENÇÃO DOMICILIAR;3;MEDIA E ALTA COMPLEXIDADE ASSISTENCIAL;10;Saúde;302;Assistência Hospitalar e Ambulatorial;118;3.1.90.04.00.00.00.00;CONTRATAÇÃO POR TEMPO DETERMINADO;1.600.000.0000;TRANSFERÊNCIAS FUNDO A FUNDO DE RECURSOS DO SUS PROVENIENTES DO GOVERNO FEDERAL - BLOCO DE MANUTENÇÃO DAS AÇÕES E SERVIÇOS PÚBLICOS DE SAÚDE;342.976,21
FUNDO MUNICIPAL DE SAÚDE DE BARBACENA;18.002;FUNDO MUNICIPAL DE SAUDE;2.038;MANUTENÇÃO DO PROGRAMA DE ATENÇÃO DOMICILIAR;3;MEDIA E ALTA COMPLEXIDADE ASSISTENCIAL;10;Saúde;302;Assistência Hospitalar e Ambulatorial;119;3.1.90.92.00.00.00.00;DESPESAS DE EXERCÍCIOS ANTERIORES;1.600.000.0000;TRANSFERÊNCIAS FUNDO A FUNDO DE RECURSOS DO SUS PROVENIENTES DO GOVERNO FEDERAL - BLOCO DE MANUTENÇÃO DAS AÇÕES E SERVIÇOS PÚBLICOS DE SAÚDE;1.000,00
FUNDO MUNICIPAL DE SAÚDE DE BARBACENA;18.002;FUNDO MUNICIPAL DE SAUDE;2.038;MANUTENÇÃO DO PROGRAMA DE ATENÇÃO DOMICILIAR;3;MEDIA E ALTA COMPLEXIDADE ASSISTENCIAL;10;Saúde;302;Assistência Hospitalar e Ambulatorial;120;3.3.90.14.00.00.00.00;DIÁRIAS - PESSOAL CIVIL;1.600.000.0000;TRANSFERÊNCIAS FUNDO A FUNDO DE RECURSOS DO SUS PROVENIENTES DO GOVERNO FEDERAL - BLOCO DE MANUTENÇÃO DAS AÇÕES E SERVIÇOS PÚBLICOS DE SAÚDE;1.000,00
FUNDO MUNICIPAL DE SAÚDE DE BARBACENA;18.002;FUNDO MUNICIPAL DE SAUDE;2.038;MANUTENÇÃO DO PROGRAMA DE ATENÇÃO DOMICILIAR;3;MEDIA E ALTA COMPLEXIDADE ASSISTENCIAL;10;Saúde;302;Assistência Hospitalar e Ambulatorial;121;3.3.90.30.00.00.00.00;MATERIAL DE CONSUMO;1.600.000.0000;TRANSFERÊNCIAS FUNDO A FUNDO DE RECURSOS DO SUS PROVENIENTES DO GOVERNO FEDERAL - BLOCO DE MANUTENÇÃO DAS AÇÕES E SERVIÇOS PÚBLICOS DE SAÚDE;125.000,00
FUNDO MUNICIPAL DE SAÚDE DE BARBACENA;18.002;FUNDO MUNICIPAL DE SAUDE;2.038;MANUTENÇÃO DO PROGRAMA DE ATENÇÃO DOMICILIAR;3;MEDIA E ALTA COMPLEXIDADE ASSISTENCIAL;10;Saúde;302;Assistência Hospitalar e Ambulatorial;121;3.3.90.30.00.00.00.00;MATERIAL DE CONSUMO;1.621.000.0000;TRANSFERÊNCIAS FUNDO A FUNDO DE RECURSOS DO SUS PROVENIENTES DO GOVERNO ESTADUAL;0,00
FUNDO MUNICIPAL DE SAÚDE DE BARBACENA;18.002;FUNDO MUNICIPAL DE SAUDE;2.038;MANUTENÇÃO DO PROGRAMA DE ATENÇÃO DOMICILIAR;3;MEDIA E ALTA COMPLEXIDADE ASSISTENCIAL;10;Saúde;302;Assistência Hospitalar e Ambulatorial;121;3.3.90.30.00.00.00.00;MATERIAL DE CONSUMO;2.600.000.0000;TRANSFERÊNCIAS FUNDO A FUNDO DE RECURSOS DO SUS PROVENIENTES DO GOVERNO FEDERAL - BLOCO DE MANUTENÇÃO DAS AÇÕES E SERVIÇOS PÚBLICOS DE SAÚDE;0,00
FUNDO MUNICIPAL DE SAÚDE DE BARBACENA;18.002;FUNDO MUNICIPAL DE SAUDE;2.038;MANUTENÇÃO DO PROGRAMA DE ATENÇÃO DOMICILIAR;3;MEDIA E ALTA COMPLEXIDADE ASSISTENCIAL;10;Saúde;302;Assistência Hospitalar e Ambulatorial;122;3.3.90.36.00.00.00.00;OUTROS SERVIÇOS DE TERCEIROS - PESSOA FÍSICA;1.600.000.0000;TRANSFERÊNCIAS FUNDO A FUNDO DE RECURSOS DO SUS PROVENIENTES DO GOVERNO FEDERAL - BLOCO DE MANUTENÇÃO DAS AÇÕES E SERVIÇOS PÚBLICOS DE SAÚDE;25.573,79
FUNDO MUNICIPAL DE SAÚDE DE BARBACENA;18.002;FUNDO MUNICIPAL DE SAUDE;2.038;MANUTENÇÃO DO PROGRAMA DE ATENÇÃO DOMICILIAR;3;MEDIA E ALTA COMPLEXIDADE ASSISTENCIAL;10;Saúde;302;Assistência Hospitalar e Ambulatorial;122;3.3.90.36.00.00.00.00;OUTROS SERVIÇOS DE TERCEIROS - PESSOA FÍSICA;1.621.000.0000;TRANSFERÊNCIAS FUNDO A FUNDO DE RECURSOS DO SUS PROVENIENTES DO GOVERNO ESTADUAL;0,00
FUNDO MUNICIPAL DE SAÚDE DE BARBACENA;18.002;FUNDO MUNICIPAL DE SAUDE;2.038;MANUTENÇÃO DO PROGRAMA DE ATENÇÃO DOMICILIAR;3;MEDIA E ALTA COMPLEXIDADE ASSISTENCIAL;10;Saúde;302;Assistência Hospitalar e Ambulatorial;123;3.3.90.39.00.00.00.00;OUTROS SERVIÇOS DE TERCEIROS - PESSOA JURÍDICA;1.600.000.0000;TRANSFERÊNCIAS FUNDO A FUNDO DE RECURSOS DO SUS PROVENIENTES DO GOVERNO FEDERAL - BLOCO DE MANUTENÇÃO DAS AÇÕES E SERVIÇOS PÚBLICOS DE SAÚDE;150.000,00
FUNDO MUNICIPAL DE SAÚDE DE BARBACENA;18.002;FUNDO MUNICIPAL DE SAUDE;2.038;MANUTENÇÃO DO PROGRAMA DE ATENÇÃO DOMICILIAR;3;MEDIA E ALTA COMPLEXIDADE ASSISTENCIAL;10;Saúde;302;Assistência Hospitalar e Ambulatorial;124;3.3.90.46.00.00.00.00;AUXÍLIO-ALIMENTAÇÃO;1.600.000.0000;TRANSFERÊNCIAS FUNDO A FUNDO DE RECURSOS DO SUS PROVENIENTES DO GOVERNO FEDERAL - BLOCO DE MANUTENÇÃO DAS AÇÕES E SERVIÇOS PÚBLICOS DE SAÚDE;21.450,00
FUNDO MUNICIPAL DE SAÚDE DE BARBACENA;18.002;FUNDO MUNICIPAL DE SAUDE;2.038;MANUTENÇÃO DO PROGRAMA DE ATENÇÃO DOMICILIAR;3;MEDIA E ALTA COMPLEXIDADE ASSISTENCIAL;10;Saúde;302;Assistência Hospitalar e Ambulatorial;125;4.4.90.52.00.00.00.00;EQUIPAMENTOS E MATERIAL PERMANENTE;1.600.000.0000;TRANSFERÊNCIAS FUNDO A FUNDO DE RECURSOS DO SUS PROVENIENTES DO GOVERNO FEDERAL - BLOCO DE MANUTENÇÃO DAS AÇÕES E SERVIÇOS PÚBLICOS DE SAÚDE;5.000,00
FUNDO MUNICIPAL DE SAÚDE DE BARBACENA;18.002;FUNDO MUNICIPAL DE SAUDE;2.038;MANUTENÇÃO DO PROGRAMA DE ATENÇÃO DOMICILIAR;3;MEDIA E ALTA COMPLEXIDADE ASSISTENCIAL;10;Saúde;302;Assistência Hospitalar e Ambulatorial;470;3.3.90.93.00.00.00.00;INDENIZAÇÕES E RESTITUIÇÕES;1.621.000.0000;TRANSFERÊNCIAS FUNDO A FUNDO DE RECURSOS DO SUS PROVENIENTES DO GOVERNO ESTADUAL;0,00
FUNDO MUNICIPAL DE SAÚDE DE BARBACENA;18.002;FUNDO MUNICIPAL DE SAUDE;2.038;MANUTENÇÃO DO PROGRAMA DE ATENÇÃO DOMICILIAR;3;MEDIA E ALTA COMPLEXIDADE ASSISTENCIAL;10;Saúde;302;Assistência Hospitalar e Ambulatorial;470;3.3.90.93.00.00.00.00;INDENIZAÇÕES E RESTITUIÇÕES;2.621.000.0000;TRANSFERÊNCIAS FUNDO A FUNDO DE RECURSOS DO SUS PROVENIENTES DO GOVERNO ESTADUAL;0,00
FUNDO MUNICIPAL DE SAÚDE DE BARBACENA;18.002;FUNDO MUNICIPAL DE SAUDE;2.038;MANUTENÇÃO DO PROGRAMA DE ATENÇÃO DOMICILIAR;3;MEDIA E ALTA COMPLEXIDADE ASSISTENCIAL;10;Saúde;302;Assistência Hospitalar e Ambulatorial;484;3.1.91.13.00.00.00.00;OBRIGAÇÕES PATRONAIS;1.600.000.0000;TRANSFERÊNCIAS FUNDO A FUNDO DE RECURSOS DO SUS PROVENIENTES DO GOVERNO FEDERAL - BLOCO DE MANUTENÇÃO DAS AÇÕES E SERVIÇOS PÚBLICOS DE SAÚDE;0,00
FUNDO MUNICIPAL DE SAÚDE DE BARBACENA;18.002;FUNDO MUNICIPAL DE SAUDE;2.038;MANUTENÇÃO DO PROGRAMA DE ATENÇÃO DOMICILIAR;3;MEDIA E ALTA COMPLEXIDADE ASSISTENCIAL;10;Saúde;302;Assistência Hospitalar e Ambulatorial;485;3.1.90.13.00.00.00.00;OBRIGAÇÕES PATRONAIS;1.600.000.0000;TRANSFERÊNCIAS FUNDO A FUNDO DE RECURSOS DO SUS PROVENIENTES DO GOVERNO FEDERAL - BLOCO DE MANUTENÇÃO DAS AÇÕES E SERVIÇOS PÚBLICOS DE SAÚDE;0,00
FUNDO MUNICIPAL DE SAÚDE DE BARBACENA;18.002;FUNDO MUNICIPAL DE SAUDE;2.038;MANUTENÇÃO DO PROGRAMA DE ATENÇÃO DOMICILIAR;3;MEDIA E ALTA COMPLEXIDADE ASSISTENCIAL;10;Saúde;302;Assistência Hospitalar e Ambulatorial;486;3.1.90.11.00.00.00.00;VENCIMENTOS E VANTAGENS FIXAS - PESSOAL CIVIL;1.600.000.0000;TRANSFERÊNCIAS FUNDO A FUNDO DE RECURSOS DO SUS PROVENIENTES DO GOVERNO FEDERAL - BLOCO DE MANUTENÇÃO DAS AÇÕES E SERVIÇOS PÚBLICOS DE SAÚDE;0,00
FUNDO MUNICIPAL DE SAÚDE DE BARBACENA;18.002;FUNDO MUNICIPAL DE SAUDE;2.038;MANUTENÇÃO DO PROGRAMA DE ATENÇÃO DOMICILIAR;3;MEDIA E ALTA COMPLEXIDADE ASSISTENCIAL;10;Saúde;302;Assistência Hospitalar e Ambulatorial;487;3.3.90.08.00.00.00.00;OUTROS BENEFÍCIOS ASSISTENCIAIS-SERVIDOR/MILITAR;1.600.000.0000;TRANSFERÊNCIAS FUNDO A FUNDO DE RECURSOS DO SUS PROVENIENTES DO GOVERNO FEDERAL - BLOCO DE MANUTENÇÃO DAS AÇÕES E SERVIÇOS PÚBLICOS DE SAÚDE;0,00
FUNDO MUNICIPAL DE SAÚDE DE BARBACENA;18.002;FUNDO MUNICIPAL DE SAUDE;2.042;MANUTENÇÃO DO TRATAMENTO FORA DO DOMICÍLIO - TFD;3;MEDIA E ALTA COMPLEXIDADE ASSISTENCIAL;10;Saúde;302;Assistência Hospitalar e Ambulatorial;126;3.1.90.04.00.00.00.00;CONTRATAÇÃO POR TEMPO DETERMINADO;1.500.000.1002;RECURSOS NÃO VINCULADOS DE IMPOSTOS (SAÚDE);1.000,00
FUNDO MUNICIPAL DE SAÚDE DE BARBACENA;18.002;FUNDO MUNICIPAL DE SAUDE;2.042;MANUTENÇÃO DO TRATAMENTO FORA DO DOMICÍLIO - TFD;3;MEDIA E ALTA COMPLEXIDADE ASSISTENCIAL;10;Saúde;302;Assistência Hospitalar e Ambulatorial;126;3.1.90.04.00.00.00.00;CONTRATAÇÃO POR TEMPO DETERMINADO;1.600.000.0000;TRANSFERÊNCIAS FUNDO A FUNDO DE RECURSOS DO SUS PROVENIENTES DO GOVERNO FEDERAL - BLOCO DE MANUTENÇÃO DAS AÇÕES E SERVIÇOS PÚBLICOS DE SAÚDE;1.000,00
FUNDO MUNICIPAL DE SAÚDE DE BARBACENA;18.002;FUNDO MUNICIPAL DE SAUDE;2.042;MANUTENÇÃO DO TRATAMENTO FORA DO DOMICÍLIO - TFD;3;MEDIA E ALTA COMPLEXIDADE ASSISTENCIAL;10;Saúde;302;Assistência Hospitalar e Ambulatorial;127;3.1.91.13.00.00.00.00;OBRIGAÇÕES PATRONAIS;1.500.000.1002;RECURSOS NÃO VINCULADOS DE IMPOSTOS (SAÚDE);1.000,00
FUNDO MUNICIPAL DE SAÚDE DE BARBACENA;18.002;FUNDO MUNICIPAL DE SAUDE;2.042;MANUTENÇÃO DO TRATAMENTO FORA DO DOMICÍLIO - TFD;3;MEDIA E ALTA COMPLEXIDADE ASSISTENCIAL;10;Saúde;302;Assistência Hospitalar e Ambulatorial;128;3.3.90.14.00.00.00.00;DIÁRIAS - PESSOAL CIVIL;1.600.000.0000;TRANSFERÊNCIAS FUNDO A FUNDO DE RECURSOS DO SUS PROVENIENTES DO GOVERNO FEDERAL - BLOCO DE MANUTENÇÃO DAS AÇÕES E SERVIÇOS PÚBLICOS DE SAÚDE;1.000,00
FUNDO MUNICIPAL DE SAÚDE DE BARBACENA;18.002;FUNDO MUNICIPAL DE SAUDE;2.042;MANUTENÇÃO DO TRATAMENTO FORA DO DOMICÍLIO - TFD;3;MEDIA E ALTA COMPLEXIDADE ASSISTENCIAL;10;Saúde;302;Assistência Hospitalar e Ambulatorial;129;3.3.90.18.00.00.00.00;AUXÍLIO FINANCEIRO A ESTUDANTES;1.500.000.1002;RECURSOS NÃO VINCULADOS DE IMPOSTOS (SAÚDE);1.000,00
FUNDO MUNICIPAL DE SAÚDE DE BARBACENA;18.002;FUNDO MUNICIPAL DE SAUDE;2.042;MANUTENÇÃO DO TRATAMENTO FORA DO DOMICÍLIO - TFD;3;MEDIA E ALTA COMPLEXIDADE ASSISTENCIAL;10;Saúde;302;Assistência Hospitalar e Ambulatorial;130;3.3.90.30.00.00.00.00;MATERIAL DE CONSUMO;1.600.000.0000;TRANSFERÊNCIAS FUNDO A FUNDO DE RECURSOS DO SUS PROVENIENTES DO GOVERNO FEDERAL - BLOCO DE MANUTENÇÃO DAS AÇÕES E SERVIÇOS PÚBLICOS DE SAÚDE;1.000,00
FUNDO MUNICIPAL DE SAÚDE DE BARBACENA;18.002;FUNDO MUNICIPAL DE SAUDE;2.042;MANUTENÇÃO DO TRATAMENTO FORA DO DOMICÍLIO - TFD;3;MEDIA E ALTA COMPLEXIDADE ASSISTENCIAL;10;Saúde;302;Assistência Hospitalar e Ambulatorial;131;3.3.90.36.00.00.00.00;OUTROS SERVIÇOS DE TERCEIROS - PESSOA FÍSICA;1.500.000.1002;RECURSOS NÃO VINCULADOS DE IMPOSTOS (SAÚDE);0,00
FUNDO MUNICIPAL DE SAÚDE DE BARBACENA;18.002;FUNDO MUNICIPAL DE SAUDE;2.042;MANUTENÇÃO DO TRATAMENTO FORA DO DOMICÍLIO - TFD;3;MEDIA E ALTA COMPLEXIDADE ASSISTENCIAL;10;Saúde;302;Assistência Hospitalar e Ambulatorial;131;3.3.90.36.00.00.00.00;OUTROS SERVIÇOS DE TERCEIROS - PESSOA FÍSICA;1.600.000.0000;TRANSFERÊNCIAS FUNDO A FUNDO DE RECURSOS DO SUS PROVENIENTES DO GOVERNO FEDERAL - BLOCO DE MANUTENÇÃO DAS AÇÕES E SERVIÇOS PÚBLICOS DE SAÚDE;25.000,00
FUNDO MUNICIPAL DE SAÚDE DE BARBACENA;18.002;FUNDO MUNICIPAL DE SAUDE;2.042;MANUTENÇÃO DO TRATAMENTO FORA DO DOMICÍLIO - TFD;3;MEDIA E ALTA COMPLEXIDADE ASSISTENCIAL;10;Saúde;302;Assistência Hospitalar e Ambulatorial;132;3.3.90.39.00.00.00.00;OUTROS SERVIÇOS DE TERCEIROS - PESSOA JURÍDICA;1.500.000.1002;RECURSOS NÃO VINCULADOS DE IMPOSTOS (SAÚDE);8.000,00
FUNDO MUNICIPAL DE SAÚDE DE BARBACENA;18.002;FUNDO MUNICIPAL DE SAUDE;2.042;MANUTENÇÃO DO TRATAMENTO FORA DO DOMICÍLIO - TFD;3;MEDIA E ALTA COMPLEXIDADE ASSISTENCIAL;10;Saúde;302;Assistência Hospitalar e Ambulatorial;132;3.3.90.39.00.00.00.00;OUTROS SERVIÇOS DE TERCEIROS - PESSOA JURÍDICA;1.600.000.0000;TRANSFERÊNCIAS FUNDO A FUNDO DE RECURSOS DO SUS PROVENIENTES DO GOVERNO FEDERAL - BLOCO DE MANUTENÇÃO DAS AÇÕES E SERVIÇOS PÚBLICOS DE SAÚDE;10.000,00
FUNDO MUNICIPAL DE SAÚDE DE BARBACENA;18.002;FUNDO MUNICIPAL DE SAUDE;2.042;MANUTENÇÃO DO TRATAMENTO FORA DO DOMICÍLIO - TFD;3;MEDIA E ALTA COMPLEXIDADE ASSISTENCIAL;10;Saúde;302;Assistência Hospitalar e Ambulatorial;133;3.3.90.93.00.00.00.00;INDENIZAÇÕES E RESTITUIÇÕES;1.500.000.1002;RECURSOS NÃO VINCULADOS DE IMPOSTOS (SAÚDE);45.000,00
FUNDO MUNICIPAL DE SAÚDE DE BARBACENA;18.002;FUNDO MUNICIPAL DE SAUDE;2.042;MANUTENÇÃO DO TRATAMENTO FORA DO DOMICÍLIO - TFD;3;MEDIA E ALTA COMPLEXIDADE ASSISTENCIAL;10;Saúde;302;Assistência Hospitalar e Ambulatorial;133;3.3.90.93.00.00.00.00;INDENIZAÇÕES E RESTITUIÇÕES;1.600.000.0000;TRANSFERÊNCIAS FUNDO A FUNDO DE RECURSOS DO SUS PROVENIENTES DO GOVERNO FEDERAL - BLOCO DE MANUTENÇÃO DAS AÇÕES E SERVIÇOS PÚBLICOS DE SAÚDE;42.500,00
FUNDO MUNICIPAL DE SAÚDE DE BARBACENA;18.002;FUNDO MUNICIPAL DE SAUDE;2.043;MANUTENÇÃO DE REDE DE CUIDADOS A PESSOA COM DEFICIÊNCIA;3;MEDIA E ALTA COMPLEXIDADE ASSISTENCIAL;10;Saúde;302;Assistência Hospitalar e Ambulatorial;134;3.1.90.04.00.00.00.00;CONTRATAÇÃO POR TEMPO DETERMINADO;1.500.000.1002;RECURSOS NÃO VINCULADOS DE IMPOSTOS (SAÚDE);206.460,32
FUNDO MUNICIPAL DE SAÚDE DE BARBACENA;18.002;FUNDO MUNICIPAL DE SAUDE;2.043;MANUTENÇÃO DE REDE DE CUIDADOS A PESSOA COM DEFICIÊNCIA;3;MEDIA E ALTA COMPLEXIDADE ASSISTENCIAL;10;Saúde;302;Assistência Hospitalar e Ambulatorial;134;3.1.90.04.00.00.00.00;CONTRATAÇÃO POR TEMPO DETERMINADO;1.600.000.0000;TRANSFERÊNCIAS FUNDO A FUNDO DE RECURSOS DO SUS PROVENIENTES DO GOVERNO FEDERAL - BLOCO DE MANUTENÇÃO DAS AÇÕES E SERVIÇOS PÚBLICOS DE SAÚDE;20.000,00
FUNDO MUNICIPAL DE SAÚDE DE BARBACENA;18.002;FUNDO MUNICIPAL DE SAUDE;2.043;MANUTENÇÃO DE REDE DE CUIDADOS A PESSOA COM DEFICIÊNCIA;3;MEDIA E ALTA COMPLEXIDADE ASSISTENCIAL;10;Saúde;302;Assistência Hospitalar e Ambulatorial;134;3.1.90.04.00.00.00.00;CONTRATAÇÃO POR TEMPO DETERMINADO;1.621.000.0000;TRANSFERÊNCIAS FUNDO A FUNDO DE RECURSOS DO SUS PROVENIENTES DO GOVERNO ESTADUAL;0,00
FUNDO MUNICIPAL DE SAÚDE DE BARBACENA;18.002;FUNDO MUNICIPAL DE SAUDE;2.043;MANUTENÇÃO DE REDE DE CUIDADOS A PESSOA COM DEFICIÊNCIA;3;MEDIA E ALTA COMPLEXIDADE ASSISTENCIAL;10;Saúde;302;Assistência Hospitalar e Ambulatorial;134;3.1.90.04.00.00.00.00;CONTRATAÇÃO POR TEMPO DETERMINADO;2.621.000.0000;TRANSFERÊNCIAS FUNDO A FUNDO DE RECURSOS DO SUS PROVENIENTES DO GOVERNO ESTADUAL;0,00
FUNDO MUNICIPAL DE SAÚDE DE BARBACENA;18.002;FUNDO MUNICIPAL DE SAUDE;2.043;MANUTENÇÃO DE REDE DE CUIDADOS A PESSOA COM DEFICIÊNCIA;3;MEDIA E ALTA COMPLEXIDADE ASSISTENCIAL;10;Saúde;302;Assistência Hospitalar e Ambulatorial;135;3.3.90.14.00.00.00.00;DIÁRIAS - PESSOAL CIVIL;1.600.000.0000;TRANSFERÊNCIAS FUNDO A FUNDO DE RECURSOS DO SUS PROVENIENTES DO GOVERNO FEDERAL - BLOCO DE MANUTENÇÃO DAS AÇÕES E SERVIÇOS PÚBLICOS DE SAÚDE;1.000,00
FUNDO MUNICIPAL DE SAÚDE DE BARBACENA;18.002;FUNDO MUNICIPAL DE SAUDE;2.043;MANUTENÇÃO DE REDE DE CUIDADOS A PESSOA COM DEFICIÊNCIA;3;MEDIA E ALTA COMPLEXIDADE ASSISTENCIAL;10;Saúde;302;Assistência Hospitalar e Ambulatorial;136;3.3.90.30.00.00.00.00;MATERIAL DE CONSUMO;1.500.000.1002;RECURSOS NÃO VINCULADOS DE IMPOSTOS (SAÚDE);2.000,00
FUNDO MUNICIPAL DE SAÚDE DE BARBACENA;18.002;FUNDO MUNICIPAL DE SAUDE;2.043;MANUTENÇÃO DE REDE DE CUIDADOS A PESSOA COM DEFICIÊNCIA;3;MEDIA E ALTA COMPLEXIDADE ASSISTENCIAL;10;Saúde;302;Assistência Hospitalar e Ambulatorial;136;3.3.90.30.00.00.00.00;MATERIAL DE CONSUMO;1.600.000.0000;TRANSFERÊNCIAS FUNDO A FUNDO DE RECURSOS DO SUS PROVENIENTES DO GOVERNO FEDERAL - BLOCO DE MANUTENÇÃO DAS AÇÕES E SERVIÇOS PÚBLICOS DE SAÚDE;15.000,00
FUNDO MUNICIPAL DE SAÚDE DE BARBACENA;18.002;FUNDO MUNICIPAL DE SAUDE;2.043;MANUTENÇÃO DE REDE DE CUIDADOS A PESSOA COM DEFICIÊNCIA;3;MEDIA E ALTA COMPLEXIDADE ASSISTENCIAL;10;Saúde;302;Assistência Hospitalar e Ambulatorial;137;3.3.90.39.00.00.00.00;OUTROS SERVIÇOS DE TERCEIROS - PESSOA JURÍDICA;1.600.000.0000;TRANSFERÊNCIAS FUNDO A FUNDO DE RECURSOS DO SUS PROVENIENTES DO GOVERNO FEDERAL - BLOCO DE MANUTENÇÃO DAS AÇÕES E SERVIÇOS PÚBLICOS DE SAÚDE;650.000,00
FUNDO MUNICIPAL DE SAÚDE DE BARBACENA;18.002;FUNDO MUNICIPAL DE SAUDE;2.043;MANUTENÇÃO DE REDE DE CUIDADOS A PESSOA COM DEFICIÊNCIA;3;MEDIA E ALTA COMPLEXIDADE ASSISTENCIAL;10;Saúde;302;Assistência Hospitalar e Ambulatorial;137;3.3.90.39.00.00.00.00;OUTROS SERVIÇOS DE TERCEIROS - PESSOA JURÍDICA;1.621.000.0000;TRANSFERÊNCIAS FUNDO A FUNDO DE RECURSOS DO SUS PROVENIENTES DO GOVERNO ESTADUAL;545.706,24
FUNDO MUNICIPAL DE SAÚDE DE BARBACENA;18.002;FUNDO MUNICIPAL DE SAUDE;2.043;MANUTENÇÃO DE REDE DE CUIDADOS A PESSOA COM DEFICIÊNCIA;3;MEDIA E ALTA COMPLEXIDADE ASSISTENCIAL;10;Saúde;302;Assistência Hospitalar e Ambulatorial;137;3.3.90.39.00.00.00.00;OUTROS SERVIÇOS DE TERCEIROS - PESSOA JURÍDICA;2.600.000.0000;TRANSFERÊNCIAS FUNDO A FUNDO DE RECURSOS DO SUS PROVENIENTES DO GOVERNO FEDERAL - BLOCO DE MANUTENÇÃO DAS AÇÕES E SERVIÇOS PÚBLICOS DE SAÚDE;0,00
FUNDO MUNICIPAL DE SAÚDE DE BARBACENA;18.002;FUNDO MUNICIPAL DE SAUDE;2.043;MANUTENÇÃO DE REDE DE CUIDADOS A PESSOA COM DEFICIÊNCIA;3;MEDIA E ALTA COMPLEXIDADE ASSISTENCIAL;10;Saúde;302;Assistência Hospitalar e Ambulatorial;137;3.3.90.39.00.00.00.00;OUTROS SERVIÇOS DE TERCEIROS - PESSOA JURÍDICA;2.621.000.0000;TRANSFERÊNCIAS FUNDO A FUNDO DE RECURSOS DO SUS PROVENIENTES DO GOVERNO ESTADUAL;0,00
FUNDO MUNICIPAL DE SAÚDE DE BARBACENA;18.002;FUNDO MUNICIPAL DE SAUDE;2.043;MANUTENÇÃO DE REDE DE CUIDADOS A PESSOA COM DEFICIÊNCIA;3;MEDIA E ALTA COMPLEXIDADE ASSISTENCIAL;10;Saúde;302;Assistência Hospitalar e Ambulatorial;138;3.3.90.46.00.00.00.00;AUXÍLIO-ALIMENTAÇÃO;1.500.000.1002;RECURSOS NÃO VINCULADOS DE IMPOSTOS (SAÚDE);18.287,50
FUNDO MUNICIPAL DE SAÚDE DE BARBACENA;18.002;FUNDO MUNICIPAL DE SAUDE;2.043;MANUTENÇÃO DE REDE DE CUIDADOS A PESSOA COM DEFICIÊNCIA;3;MEDIA E ALTA COMPLEXIDADE ASSISTENCIAL;10;Saúde;302;Assistência Hospitalar e Ambulatorial;138;3.3.90.46.00.00.00.00;AUXÍLIO-ALIMENTAÇÃO;1.600.000.0000;TRANSFERÊNCIAS FUNDO A FUNDO DE RECURSOS DO SUS PROVENIENTES DO GOVERNO FEDERAL - BLOCO DE MANUTENÇÃO DAS AÇÕES E SERVIÇOS PÚBLICOS DE SAÚDE;0,00
FUNDO MUNICIPAL DE SAÚDE DE BARBACENA;18.002;FUNDO MUNICIPAL DE SAUDE;2.043;MANUTENÇÃO DE REDE DE CUIDADOS A PESSOA COM DEFICIÊNCIA;3;MEDIA E ALTA COMPLEXIDADE ASSISTENCIAL;10;Saúde;302;Assistência Hospitalar e Ambulatorial;138;3.3.90.46.00.00.00.00;AUXÍLIO-ALIMENTAÇÃO;1.621.000.0000;TRANSFERÊNCIAS FUNDO A FUNDO DE RECURSOS DO SUS PROVENIENTES DO GOVERNO ESTADUAL;0,00
FUNDO MUNICIPAL DE SAÚDE DE BARBACENA;18.002;FUNDO MUNICIPAL DE SAUDE;2.043;MANUTENÇÃO DE REDE DE CUIDADOS A PESSOA COM DEFICIÊNCIA;3;MEDIA E ALTA COMPLEXIDADE ASSISTENCIAL;10;Saúde;302;Assistência Hospitalar e Ambulatorial;138;3.3.90.46.00.00.00.00;AUXÍLIO-ALIMENTAÇÃO;2.621.000.0000;TRANSFERÊNCIAS FUNDO A FUNDO DE RECURSOS DO SUS PROVENIENTES DO GOVERNO ESTADUAL;0,00
FUNDO MUNICIPAL DE SAÚDE DE BARBACENA;18.002;FUNDO MUNICIPAL DE SAUDE;2.043;MANUTENÇÃO DE REDE DE CUIDADOS A PESSOA COM DEFICIÊNCIA;3;MEDIA E ALTA COMPLEXIDADE ASSISTENCIAL;10;Saúde;302;Assistência Hospitalar e Ambulatorial;139;3.3.90.92.00.00.00.00;DESPESAS DE EXERCÍCIOS ANTERIORES;1.500.000.1002;RECURSOS NÃO VINCULADOS DE IMPOSTOS (SAÚDE);1.000,00
FUNDO MUNICIPAL DE SAÚDE DE BARBACENA;18.002;FUNDO MUNICIPAL DE SAUDE;2.053;MANUTENÇÃO DO CONSÓRCIO INTERMUNICIPAL DE SAÚDE ALTO DAS VERTENTES - CISALV;3;MEDIA E ALTA COMPLEXIDADE ASSISTENCIAL;10;Saúde;302;Assistência Hospitalar e Ambulatorial;140;3.1.71.70.00.00.00.00;RATEIO PELA PARTICIPAÇÃO EM CONSÓRCIO PÚBLICO;1.500.000.1002;RECURSOS NÃO VINCULADOS DE IMPOSTOS (SAÚDE);52.036,40
FUNDO MUNICIPAL DE SAÚDE DE BARBACENA;18.002;FUNDO MUNICIPAL DE SAUDE;2.053;MANUTENÇÃO DO CONSÓRCIO INTERMUNICIPAL DE SAÚDE ALTO DAS VERTENTES - CISALV;3;MEDIA E ALTA COMPLEXIDADE ASSISTENCIAL;10;Saúde;302;Assistência Hospitalar e Ambulatorial;141;3.3.71.70.00.00.00.00;RATEIO PELA PARTICIPAÇÃO EM CONSÓRCIO PÚBLICO;1.500.000.1002;RECURSOS NÃO VINCULADOS DE IMPOSTOS (SAÚDE);1.005.172,65
FUNDO MUNICIPAL DE SAÚDE DE BARBACENA;18.002;FUNDO MUNICIPAL DE SAUDE;2.053;MANUTENÇÃO DO CONSÓRCIO INTERMUNICIPAL DE SAÚDE ALTO DAS VERTENTES - CISALV;3;MEDIA E ALTA COMPLEXIDADE ASSISTENCIAL;10;Saúde;302;Assistência Hospitalar e Ambulatorial;142;4.4.71.70.00.00.00.00;RATEIO PELA PARTICIPAÇÃO EM CONSÓRCIO PÚBLICO;1.500.000.1002;RECURSOS NÃO VINCULADOS DE IMPOSTOS (SAÚDE);12.027,39
FUNDO MUNICIPAL DE SAÚDE DE BARBACENA;18.002;FUNDO MUNICIPAL DE SAUDE;2.053;MANUTENÇÃO DO CONSÓRCIO INTERMUNICIPAL DE SAÚDE ALTO DAS VERTENTES - CISALV;3;MEDIA E ALTA COMPLEXIDADE ASSISTENCIAL;10;Saúde;302;Assistência Hospitalar e Ambulatorial;473;3.3.72.30.00.00.00.00;MATERIAL DE CONSUMO;1.500.000.1002;RECURSOS NÃO VINCULADOS DE IMPOSTOS (SAÚDE);0,00
FUNDO MUNICIPAL DE SAÚDE DE BARBACENA;18.002;FUNDO MUNICIPAL DE SAUDE;2.053;MANUTENÇÃO DO CONSÓRCIO INTERMUNICIPAL DE SAÚDE ALTO DAS VERTENTES - CISALV;3;MEDIA E ALTA COMPLEXIDADE ASSISTENCIAL;10;Saúde;302;Assistência Hospitalar e Ambulatorial;473;3.3.72.30.00.00.00.00;MATERIAL DE CONSUMO;1.600.000.0000;TRANSFERÊNCIAS FUNDO A FUNDO DE RECURSOS DO SUS PROVENIENTES DO GOVERNO FEDERAL - BLOCO DE MANUTENÇÃO DAS AÇÕES E SERVIÇOS PÚBLICOS DE SAÚDE;0,00
FUNDO MUNICIPAL DE SAÚDE DE BARBACENA;18.002;FUNDO MUNICIPAL DE SAUDE;2.053;MANUTENÇÃO DO CONSÓRCIO INTERMUNICIPAL DE SAÚDE ALTO DAS VERTENTES - CISALV;3;MEDIA E ALTA COMPLEXIDADE ASSISTENCIAL;10;Saúde;302;Assistência Hospitalar e Ambulatorial;473;3.3.72.30.00.00.00.00;MATERIAL DE CONSUMO;2.621.000.0000;TRANSFERÊNCIAS FUNDO A FUNDO DE RECURSOS DO SUS PROVENIENTES DO GOVERNO ESTADUAL;0,00
FUNDO MUNICIPAL DE SAÚDE DE BARBACENA;18.002;FUNDO MUNICIPAL DE SAUDE;2.053;MANUTENÇÃO DO CONSÓRCIO INTERMUNICIPAL DE SAÚDE ALTO DAS VERTENTES - CISALV;3;MEDIA E ALTA COMPLEXIDADE ASSISTENCIAL;10;Saúde;302;Assistência Hospitalar e Ambulatorial;482;3.3.72.39.00.00.00.00;OUTROS SERVIÇOS DE TERCEIROS - PESSOA JURÍDICA;1.500.000.1002;RECURSOS NÃO VINCULADOS DE IMPOSTOS (SAÚDE);0,00
FUNDO MUNICIPAL DE SAÚDE DE BARBACENA;18.002;FUNDO MUNICIPAL DE SAUDE;2.053;MANUTENÇÃO DO CONSÓRCIO INTERMUNICIPAL DE SAÚDE ALTO DAS VERTENTES - CISALV;3;MEDIA E ALTA COMPLEXIDADE ASSISTENCIAL;10;Saúde;302;Assistência Hospitalar e Ambulatorial;482;3.3.72.39.00.00.00.00;OUTROS SERVIÇOS DE TERCEIROS - PESSOA JURÍDICA;1.600.000.0000;TRANSFERÊNCIAS FUNDO A FUNDO DE RECURSOS DO SUS PROVENIENTES DO GOVERNO FEDERAL - BLOCO DE MANUTENÇÃO DAS AÇÕES E SERVIÇOS PÚBLICOS DE SAÚDE;0,00
FUNDO MUNICIPAL DE SAÚDE DE BARBACENA;18.002;FUNDO MUNICIPAL DE SAUDE;2.053;MANUTENÇÃO DO CONSÓRCIO INTERMUNICIPAL DE SAÚDE ALTO DAS VERTENTES - CISALV;3;MEDIA E ALTA COMPLEXIDADE ASSISTENCIAL;10;Saúde;302;Assistência Hospitalar e Ambulatorial;482;3.3.72.39.00.00.00.00;OUTROS SERVIÇOS DE TERCEIROS - PESSOA JURÍDICA;1.621.000.0000;TRANSFERÊNCIAS FUNDO A FUNDO DE RECURSOS DO SUS PROVENIENTES DO GOVERNO ESTADUAL;0,00
FUNDO MUNICIPAL DE SAÚDE DE BARBACENA;18.002;FUNDO MUNICIPAL DE SAUDE;2.345;MANUTENÇÃO DO PROGRAMA A SAÚDE DO PACIENTE ONCOLÓGICO;3;MEDIA E ALTA COMPLEXIDADE ASSISTENCIAL;10;Saúde;302;Assistência Hospitalar e Ambulatorial;143;3.1.90.04.00.00.00.00;CONTRATAÇÃO POR TEMPO DETERMINADO;1.500.000.1002;RECURSOS NÃO VINCULADOS DE IMPOSTOS (SAÚDE);293.499,31
FUNDO MUNICIPAL DE SAÚDE DE BARBACENA;18.002;FUNDO MUNICIPAL DE SAUDE;2.345;MANUTENÇÃO DO PROGRAMA A SAÚDE DO PACIENTE ONCOLÓGICO;3;MEDIA E ALTA COMPLEXIDADE ASSISTENCIAL;10;Saúde;302;Assistência Hospitalar e Ambulatorial;143;3.1.90.04.00.00.00.00;CONTRATAÇÃO POR TEMPO DETERMINADO;1.600.000.0000;TRANSFERÊNCIAS FUNDO A FUNDO DE RECURSOS DO SUS PROVENIENTES DO GOVERNO FEDERAL - BLOCO DE MANUTENÇÃO DAS AÇÕES E SERVIÇOS PÚBLICOS DE SAÚDE;0,00
FUNDO MUNICIPAL DE SAÚDE DE BARBACENA;18.002;FUNDO MUNICIPAL DE SAUDE;2.345;MANUTENÇÃO DO PROGRAMA A SAÚDE DO PACIENTE ONCOLÓGICO;3;MEDIA E ALTA COMPLEXIDADE ASSISTENCIAL;10;Saúde;302;Assistência Hospitalar e Ambulatorial;143;3.1.90.04.00.00.00.00;CONTRATAÇÃO POR TEMPO DETERMINADO;2.621.000.0000;TRANSFERÊNCIAS FUNDO A FUNDO DE RECURSOS DO SUS PROVENIENTES DO GOVERNO ESTADUAL;0,00
FUNDO MUNICIPAL DE SAÚDE DE BARBACENA;18.002;FUNDO MUNICIPAL DE SAUDE;2.345;MANUTENÇÃO DO PROGRAMA A SAÚDE DO PACIENTE ONCOLÓGICO;3;MEDIA E ALTA COMPLEXIDADE ASSISTENCIAL;10;Saúde;302;Assistência Hospitalar e Ambulatorial;144;3.3.50.41.00.00.00.00;CONTRIBUIÇÕES;1.500.000.1002;RECURSOS NÃO VINCULADOS DE IMPOSTOS (SAÚDE);200.000,00
FUNDO MUNICIPAL DE SAÚDE DE BARBACENA;18.002;FUNDO MUNICIPAL DE SAUDE;2.345;MANUTENÇÃO DO PROGRAMA A SAÚDE DO PACIENTE ONCOLÓGICO;3;MEDIA E ALTA COMPLEXIDADE ASSISTENCIAL;10;Saúde;302;Assistência Hospitalar e Ambulatorial;145;3.3.90.30.00.00.00.00;MATERIAL DE CONSUMO;1.600.000.0000;TRANSFERÊNCIAS FUNDO A FUNDO DE RECURSOS DO SUS PROVENIENTES DO GOVERNO FEDERAL - BLOCO DE MANUTENÇÃO DAS AÇÕES E SERVIÇOS PÚBLICOS DE SAÚDE;1.000,00
FUNDO MUNICIPAL DE SAÚDE DE BARBACENA;18.002;FUNDO MUNICIPAL DE SAUDE;2.345;MANUTENÇÃO DO PROGRAMA A SAÚDE DO PACIENTE ONCOLÓGICO;3;MEDIA E ALTA COMPLEXIDADE ASSISTENCIAL;10;Saúde;302;Assistência Hospitalar e Ambulatorial;146;3.3.90.39.00.00.00.00;OUTROS SERVIÇOS DE TERCEIROS - PESSOA JURÍDICA;1.500.000.1002;RECURSOS NÃO VINCULADOS DE IMPOSTOS (SAÚDE);1.000,00
FUNDO MUNICIPAL DE SAÚDE DE BARBACENA;18.002;FUNDO MUNICIPAL DE SAUDE;2.345;MANUTENÇÃO DO PROGRAMA A SAÚDE DO PACIENTE ONCOLÓGICO;3;MEDIA E ALTA COMPLEXIDADE ASSISTENCIAL;10;Saúde;302;Assistência Hospitalar e Ambulatorial;146;3.3.90.39.00.00.00.00;OUTROS SERVIÇOS DE TERCEIROS - PESSOA JURÍDICA;1.600.000.0000;TRANSFERÊNCIAS FUNDO A FUNDO DE RECURSOS DO SUS PROVENIENTES DO GOVERNO FEDERAL - BLOCO DE MANUTENÇÃO DAS AÇÕES E SERVIÇOS PÚBLICOS DE SAÚDE;1.000,00
FUNDO MUNICIPAL DE SAÚDE DE BARBACENA;18.002;FUNDO MUNICIPAL DE SAUDE;2.345;MANUTENÇÃO DO PROGRAMA A SAÚDE DO PACIENTE ONCOLÓGICO;3;MEDIA E ALTA COMPLEXIDADE ASSISTENCIAL;10;Saúde;302;Assistência Hospitalar e Ambulatorial;147;3.3.90.46.00.00.00.00;AUXÍLIO-ALIMENTAÇÃO;1.500.000.1002;RECURSOS NÃO VINCULADOS DE IMPOSTOS (SAÚDE);17.875,00
FUNDO MUNICIPAL DE SAÚDE DE BARBACENA;18.002;FUNDO MUNICIPAL DE SAUDE;2.345;MANUTENÇÃO DO PROGRAMA A SAÚDE DO PACIENTE ONCOLÓGICO;3;MEDIA E ALTA COMPLEXIDADE ASSISTENCIAL;10;Saúde;302;Assistência Hospitalar e Ambulatorial;147;3.3.90.46.00.00.00.00;AUXÍLIO-ALIMENTAÇÃO;1.600.000.0000;TRANSFERÊNCIAS FUNDO A FUNDO DE RECURSOS DO SUS PROVENIENTES DO GOVERNO FEDERAL - BLOCO DE MANUTENÇÃO DAS AÇÕES E SERVIÇOS PÚBLICOS DE SAÚDE;0,00
FUNDO MUNICIPAL DE SAÚDE DE BARBACENA;18.002;FUNDO MUNICIPAL DE SAUDE;2.345;MANUTENÇÃO DO PROGRAMA A SAÚDE DO PACIENTE ONCOLÓGICO;3;MEDIA E ALTA COMPLEXIDADE ASSISTENCIAL;10;Saúde;302;Assistência Hospitalar e Ambulatorial;147;3.3.90.46.00.00.00.00;AUXÍLIO-ALIMENTAÇÃO;1.621.000.0000;TRANSFERÊNCIAS FUNDO A FUNDO DE RECURSOS DO SUS PROVENIENTES DO GOVERNO ESTADUAL;0,00
FUNDO MUNICIPAL DE SAÚDE DE BARBACENA;18.002;FUNDO MUNICIPAL DE SAUDE;2.440;APOIO A ASSOCIAÇÃO DE APOIO A PESSOA PORTADORA DE CÂNCER E SEUS FAMILIARES -APPC;3;MEDIA E ALTA COMPLEXIDADE ASSISTENCIAL;10;Saúde;302;Assistência Hospitalar e Ambulatorial;148;3.3.50.41.00.00.00.00;CONTRIBUIÇÕES;1.500.000.1002;RECURSOS NÃO VINCULADOS DE IMPOSTOS (SAÚDE);173.265,45
FUNDO MUNICIPAL DE SAÚDE DE BARBACENA;18.002;FUNDO MUNICIPAL DE SAUDE;2.441;APOIO A SANTA CASA DE MISERICÓRDIA DE BARBACENA;3;MEDIA E ALTA COMPLEXIDADE ASSISTENCIAL;10;Saúde;302;Assistência Hospitalar e Ambulatorial;149;3.3.50.41.00.00.00.00;CONTRIBUIÇÕES;1.500.000.1002;RECURSOS NÃO VINCULADOS DE IMPOSTOS (SAÚDE);123.265,45
FUNDO MUNICIPAL DE SAÚDE DE BARBACENA;18.002;FUNDO MUNICIPAL DE SAUDE;2.441;APOIO A SANTA CASA DE MISERICÓRDIA DE BARBACENA;3;MEDIA E ALTA COMPLEXIDADE ASSISTENCIAL;10;Saúde;302;Assistência Hospitalar e Ambulatorial;149;3.3.50.41.00.00.00.00;CONTRIBUIÇÕES;1.600.000.0000;TRANSFERÊNCIAS FUNDO A FUNDO DE RECURSOS DO SUS PROVENIENTES DO GOVERNO FEDERAL - BLOCO DE MANUTENÇÃO DAS AÇÕES E SERVIÇOS PÚBLICOS DE SAÚDE;917.548,61
FUNDO MUNICIPAL DE SAÚDE DE BARBACENA;18.002;FUNDO MUNICIPAL DE SAUDE;2.441;APOIO A SANTA CASA DE MISERICÓRDIA DE BARBACENA;3;MEDIA E ALTA COMPLEXIDADE ASSISTENCIAL;10;Saúde;302;Assistência Hospitalar e Ambulatorial;149;3.3.50.41.00.00.00.00;CONTRIBUIÇÕES;1.621.000.0000;TRANSFERÊNCIAS FUNDO A FUNDO DE RECURSOS DO SUS PROVENIENTES DO GOVERNO ESTADUAL;173.265,45
FUNDO MUNICIPAL DE SAÚDE DE BARBACENA;18.002;FUNDO MUNICIPAL DE SAUDE;2.442;APOIO AO HOSPITAL IBIAPABA CEBAMS;3;MEDIA E ALTA COMPLEXIDADE ASSISTENCIAL;10;Saúde;302;Assistência Hospitalar e Ambulatorial;150;3.3.50.41.00.00.00.00;CONTRIBUIÇÕES;1.600.000.0000;TRANSFERÊNCIAS FUNDO A FUNDO DE RECURSOS DO SUS PROVENIENTES DO GOVERNO FEDERAL - BLOCO DE MANUTENÇÃO DAS AÇÕES E SERVIÇOS PÚBLICOS DE SAÚDE;44.427,04
FUNDO MUNICIPAL DE SAÚDE DE BARBACENA;18.002;FUNDO MUNICIPAL DE SAUDE;2.444;APOIO AO NÚCLEO REGIONAL DE BARBACENA DE PREVENÇÃO E COMBATE AO CÂNCER;3;MEDIA E ALTA COMPLEXIDADE ASSISTENCIAL;10;Saúde;302;Assistência Hospitalar e Ambulatorial;151;3.3.50.41.00.00.00.00;CONTRIBUIÇÕES;1.500.000.1002;RECURSOS NÃO VINCULADOS DE IMPOSTOS (SAÚDE);50.000,00
FUNDO MUNICIPAL DE SAÚDE DE BARBACENA;18.002;FUNDO MUNICIPAL DE SAUDE;2.444;APOIO AO NÚCLEO REGIONAL DE BARBACENA DE PREVENÇÃO E COMBATE AO CÂNCER;3;MEDIA E ALTA COMPLEXIDADE ASSISTENCIAL;10;Saúde;302;Assistência Hospitalar e Ambulatorial;471;4.4.50.41.00.00.00.00;CONTRIBUIÇÕES;1.500.000.1002;RECURSOS NÃO VINCULADOS DE IMPOSTOS (SAÚDE);0,00
FUNDO MUNICIPAL DE SAÚDE DE BARBACENA;18.002;FUNDO MUNICIPAL DE SAUDE;2.445;AQUISIÇÃO DE INSUMOS E MEDICAMENTOS PARA HOSPITAL IBIAPABA CEBAMS;3;MEDIA E ALTA COMPLEXIDADE ASSISTENCIAL;10;Saúde;302;Assistência Hospitalar e Ambulatorial;152;3.3.50.41.00.00.00.00;CONTRIBUIÇÕES;1.621.000.0000;TRANSFERÊNCIAS FUNDO A FUNDO DE RECURSOS DO SUS PROVENIENTES DO GOVERNO ESTADUAL;41.088,48
FUNDO MUNICIPAL DE SAÚDE DE BARBACENA;18.002;FUNDO MUNICIPAL DE SAUDE;2.446;AQUISIÇÃO DE INSUMOS E MEDICAMENTOS PARA HOSPITAL POLICLÍNICA E MATERNIDADE DE BARBACENA;3;MEDIA E ALTA COMPLEXIDADE ASSISTENCIAL;10;Saúde;302;Assistência Hospitalar e Ambulatorial;153;3.3.50.41.00.00.00.00;CONTRIBUIÇÕES;1.621.000.0000;TRANSFERÊNCIAS FUNDO A FUNDO DE RECURSOS DO SUS PROVENIENTES DO GOVERNO ESTADUAL;41.088,48
FUNDO MUNICIPAL DE SAÚDE DE BARBACENA;18.002;FUNDO MUNICIPAL DE SAUDE;2.446;AQUISIÇÃO DE INSUMOS E MEDICAMENTOS PARA HOSPITAL POLICLÍNICA E MATERNIDADE DE BARBACENA;3;MEDIA E ALTA COMPLEXIDADE ASSISTENCIAL;10;Saúde;302;Assistência Hospitalar e Ambulatorial;153;3.3.50.41.00.00.00.00;CONTRIBUIÇÕES;2.600.000.0000;TRANSFERÊNCIAS FUNDO A FUNDO DE RECURSOS DO SUS PROVENIENTES DO GOVERNO FEDERAL - BLOCO DE MANUTENÇÃO DAS AÇÕES E SERVIÇOS PÚBLICOS DE SAÚDE;0,00
FUNDO MUNICIPAL DE SAÚDE DE BARBACENA;18.002;FUNDO MUNICIPAL DE SAUDE;2.449;MANUTENÇÃO DA SANTA CASA DE MISERICÓRDIA DE BARBACENA;3;MEDIA E ALTA COMPLEXIDADE ASSISTENCIAL;10;Saúde;302;Assistência Hospitalar e Ambulatorial;154;3.3.90.39.00.00.00.00;OUTROS SERVIÇOS DE TERCEIROS - PESSOA JURÍDICA;1.500.000.1002;RECURSOS NÃO VINCULADOS DE IMPOSTOS (SAÚDE);173.265,45
FUNDO MUNICIPAL DE SAÚDE DE BARBACENA;18.002;FUNDO MUNICIPAL DE SAUDE;2.449;MANUTENÇÃO DA SANTA CASA DE MISERICÓRDIA DE BARBACENA;3;MEDIA E ALTA COMPLEXIDADE ASSISTENCIAL;10;Saúde;302;Assistência Hospitalar e Ambulatorial;468;3.3.50.41.00.00.00.00;CONTRIBUIÇÕES;1.500.000.1002;RECURSOS NÃO VINCULADOS DE IMPOSTOS (SAÚDE);0,00
FUNDO MUNICIPAL DE SAÚDE DE BARBACENA;18.002;FUNDO MUNICIPAL DE SAUDE;2.449;MANUTENÇÃO DA SANTA CASA DE MISERICÓRDIA DE BARBACENA;3;MEDIA E ALTA COMPLEXIDADE ASSISTENCIAL;10;Saúde;302;Assistência Hospitalar e Ambulatorial;469;4.4.50.41.00.00.00.00;CONTRIBUIÇÕES;1.500.000.1002;RECURSOS NÃO VINCULADOS DE IMPOSTOS (SAÚDE);0,00
FUNDO MUNICIPAL DE SAÚDE DE BARBACENA;18.002;FUNDO MUNICIPAL DE SAUDE;2.630;MANUTENÇAO DA UNIDADE DE COLETA E DISTRIBUIÇÃO DE SANGUE E HEMODERIVADOS;3;MEDIA E ALTA COMPLEXIDADE ASSISTENCIAL;10;Saúde;302;Assistência Hospitalar e Ambulatorial;155;3.1.90.04.00.00.00.00;CONTRATAÇÃO POR TEMPO DETERMINADO;1.500.000.1002;RECURSOS NÃO VINCULADOS DE IMPOSTOS (SAÚDE);500,00
FUNDO MUNICIPAL DE SAÚDE DE BARBACENA;18.002;FUNDO MUNICIPAL DE SAUDE;2.630;MANUTENÇAO DA UNIDADE DE COLETA E DISTRIBUIÇÃO DE SANGUE E HEMODERIVADOS;3;MEDIA E ALTA COMPLEXIDADE ASSISTENCIAL;10;Saúde;302;Assistência Hospitalar e Ambulatorial;156;3.1.90.11.00.00.00.00;VENCIMENTOS E VANTAGENS FIXAS - PESSOAL CIVIL;1.500.000.1002;RECURSOS NÃO VINCULADOS DE IMPOSTOS (SAÚDE);500,00
FUNDO MUNICIPAL DE SAÚDE DE BARBACENA;18.002;FUNDO MUNICIPAL DE SAUDE;2.630;MANUTENÇAO DA UNIDADE DE COLETA E DISTRIBUIÇÃO DE SANGUE E HEMODERIVADOS;3;MEDIA E ALTA COMPLEXIDADE ASSISTENCIAL;10;Saúde;302;Assistência Hospitalar e Ambulatorial;157;3.1.91.13.00.00.00.00;OBRIGAÇÕES PATRONAIS;1.500.000.1002;RECURSOS NÃO VINCULADOS DE IMPOSTOS (SAÚDE);500,00
FUNDO MUNICIPAL DE SAÚDE DE BARBACENA;18.002;FUNDO MUNICIPAL DE SAUDE;2.630;MANUTENÇAO DA UNIDADE DE COLETA E DISTRIBUIÇÃO DE SANGUE E HEMODERIVADOS;3;MEDIA E ALTA COMPLEXIDADE ASSISTENCIAL;10;Saúde;302;Assistência Hospitalar e Ambulatorial;158;3.3.90.18.00.00.00.00;AUXÍLIO FINANCEIRO A ESTUDANTES;1.500.000.1002;RECURSOS NÃO VINCULADOS DE IMPOSTOS (SAÚDE);500,00
FUNDO MUNICIPAL DE SAÚDE DE BARBACENA;18.002;FUNDO MUNICIPAL DE SAUDE;2.630;MANUTENÇAO DA UNIDADE DE COLETA E DISTRIBUIÇÃO DE SANGUE E HEMODERIVADOS;3;MEDIA E ALTA COMPLEXIDADE ASSISTENCIAL;10;Saúde;302;Assistência Hospitalar e Ambulatorial;159;3.3.90.39.00.00.00.00;OUTROS SERVIÇOS DE TERCEIROS - PESSOA JURÍDICA;1.500.000.1002;RECURSOS NÃO VINCULADOS DE IMPOSTOS (SAÚDE);1.000,00
FUNDO MUNICIPAL DE SAÚDE DE BARBACENA;18.002;FUNDO MUNICIPAL DE SAUDE;2.630;MANUTENÇAO DA UNIDADE DE COLETA E DISTRIBUIÇÃO DE SANGUE E HEMODERIVADOS;3;MEDIA E ALTA COMPLEXIDADE ASSISTENCIAL;10;Saúde;302;Assistência Hospitalar e Ambulatorial;159;3.3.90.39.00.00.00.00;OUTROS SERVIÇOS DE TERCEIROS - PESSOA JURÍDICA;1.600.000.0000;TRANSFERÊNCIAS FUNDO A FUNDO DE RECURSOS DO SUS PROVENIENTES DO GOVERNO FEDERAL - BLOCO DE MANUTENÇÃO DAS AÇÕES E SERVIÇOS PÚBLICOS DE SAÚDE;1.000,00
FUNDO MUNICIPAL DE SAÚDE DE BARBACENA;18.002;FUNDO MUNICIPAL DE SAUDE;2.642;MANUTENÇÃO DA REDE DE ATENÇÃO PSICOSSOCIAL - RAPS;3;MEDIA E ALTA COMPLEXIDADE ASSISTENCIAL;10;Saúde;302;Assistência Hospitalar e Ambulatorial;160;3.1.90.04.00.00.00.00;CONTRATAÇÃO POR TEMPO DETERMINADO;1.500.000.1002;RECURSOS NÃO VINCULADOS DE IMPOSTOS (SAÚDE);0,00
FUNDO MUNICIPAL DE SAÚDE DE BARBACENA;18.002;FUNDO MUNICIPAL DE SAUDE;2.642;MANUTENÇÃO DA REDE DE ATENÇÃO PSICOSSOCIAL - RAPS;3;MEDIA E ALTA COMPLEXIDADE ASSISTENCIAL;10;Saúde;302;Assistência Hospitalar e Ambulatorial;160;3.1.90.04.00.00.00.00;CONTRATAÇÃO POR TEMPO DETERMINADO;1.600.000.0000;TRANSFERÊNCIAS FUNDO A FUNDO DE RECURSOS DO SUS PROVENIENTES DO GOVERNO FEDERAL - BLOCO DE MANUTENÇÃO DAS AÇÕES E SERVIÇOS PÚBLICOS DE SAÚDE;3.892.729,03
FUNDO MUNICIPAL DE SAÚDE DE BARBACENA;18.002;FUNDO MUNICIPAL DE SAUDE;2.642;MANUTENÇÃO DA REDE DE ATENÇÃO PSICOSSOCIAL - RAPS;3;MEDIA E ALTA COMPLEXIDADE ASSISTENCIAL;10;Saúde;302;Assistência Hospitalar e Ambulatorial;160;3.1.90.04.00.00.00.00;CONTRATAÇÃO POR TEMPO DETERMINADO;1.621.000.0000;TRANSFERÊNCIAS FUNDO A FUNDO DE RECURSOS DO SUS PROVENIENTES DO GOVERNO ESTADUAL;100.000,00
FUNDO MUNICIPAL DE SAÚDE DE BARBACENA;18.002;FUNDO MUNICIPAL DE SAUDE;2.642;MANUTENÇÃO DA REDE DE ATENÇÃO PSICOSSOCIAL - RAPS;3;MEDIA E ALTA COMPLEXIDADE ASSISTENCIAL;10;Saúde;302;Assistência Hospitalar e Ambulatorial;160;3.1.90.04.00.00.00.00;CONTRATAÇÃO POR TEMPO DETERMINADO;2.621.000.0000;TRANSFERÊNCIAS FUNDO A FUNDO DE RECURSOS DO SUS PROVENIENTES DO GOVERNO ESTADUAL;0,00
FUNDO MUNICIPAL DE SAÚDE DE BARBACENA;18.002;FUNDO MUNICIPAL DE SAUDE;2.642;MANUTENÇÃO DA REDE DE ATENÇÃO PSICOSSOCIAL - RAPS;3;MEDIA E ALTA COMPLEXIDADE ASSISTENCIAL;10;Saúde;302;Assistência Hospitalar e Ambulatorial;161;3.1.90.11.00.00.00.00;VENCIMENTOS E VANTAGENS FIXAS - PESSOAL CIVIL;1.600.000.0000;TRANSFERÊNCIAS FUNDO A FUNDO DE RECURSOS DO SUS PROVENIENTES DO GOVERNO FEDERAL - BLOCO DE MANUTENÇÃO DAS AÇÕES E SERVIÇOS PÚBLICOS DE SAÚDE;1.259.368,38
FUNDO MUNICIPAL DE SAÚDE DE BARBACENA;18.002;FUNDO MUNICIPAL DE SAUDE;2.642;MANUTENÇÃO DA REDE DE ATENÇÃO PSICOSSOCIAL - RAPS;3;MEDIA E ALTA COMPLEXIDADE ASSISTENCIAL;10;Saúde;302;Assistência Hospitalar e Ambulatorial;161;3.1.90.11.00.00.00.00;VENCIMENTOS E VANTAGENS FIXAS - PESSOAL CIVIL;1.621.000.0000;TRANSFERÊNCIAS FUNDO A FUNDO DE RECURSOS DO SUS PROVENIENTES DO GOVERNO ESTADUAL;0,00
FUNDO MUNICIPAL DE SAÚDE DE BARBACENA;18.002;FUNDO MUNICIPAL DE SAUDE;2.642;MANUTENÇÃO DA REDE DE ATENÇÃO PSICOSSOCIAL - RAPS;3;MEDIA E ALTA COMPLEXIDADE ASSISTENCIAL;10;Saúde;302;Assistência Hospitalar e Ambulatorial;161;3.1.90.11.00.00.00.00;VENCIMENTOS E VANTAGENS FIXAS - PESSOAL CIVIL;2.621.000.0000;TRANSFERÊNCIAS FUNDO A FUNDO DE RECURSOS DO SUS PROVENIENTES DO GOVERNO ESTADUAL;0,00
FUNDO MUNICIPAL DE SAÚDE DE BARBACENA;18.002;FUNDO MUNICIPAL DE SAUDE;2.642;MANUTENÇÃO DA REDE DE ATENÇÃO PSICOSSOCIAL - RAPS;3;MEDIA E ALTA COMPLEXIDADE ASSISTENCIAL;10;Saúde;302;Assistência Hospitalar e Ambulatorial;162;3.1.90.92.00.00.00.00;DESPESAS DE EXERCÍCIOS ANTERIORES;1.600.000.0000;TRANSFERÊNCIAS FUNDO A FUNDO DE RECURSOS DO SUS PROVENIENTES DO GOVERNO FEDERAL - BLOCO DE MANUTENÇÃO DAS AÇÕES E SERVIÇOS PÚBLICOS DE SAÚDE;1.000,00
FUNDO MUNICIPAL DE SAÚDE DE BARBACENA;18.002;FUNDO MUNICIPAL DE SAUDE;2.642;MANUTENÇÃO DA REDE DE ATENÇÃO PSICOSSOCIAL - RAPS;3;MEDIA E ALTA COMPLEXIDADE ASSISTENCIAL;10;Saúde;302;Assistência Hospitalar e Ambulatorial;163;3.1.91.13.00.00.00.00;OBRIGAÇÕES PATRONAIS;1.600.000.0000;TRANSFERÊNCIAS FUNDO A FUNDO DE RECURSOS DO SUS PROVENIENTES DO GOVERNO FEDERAL - BLOCO DE MANUTENÇÃO DAS AÇÕES E SERVIÇOS PÚBLICOS DE SAÚDE;511.365,90
FUNDO MUNICIPAL DE SAÚDE DE BARBACENA;18.002;FUNDO MUNICIPAL DE SAUDE;2.642;MANUTENÇÃO DA REDE DE ATENÇÃO PSICOSSOCIAL - RAPS;3;MEDIA E ALTA COMPLEXIDADE ASSISTENCIAL;10;Saúde;302;Assistência Hospitalar e Ambulatorial;163;3.1.91.13.00.00.00.00;OBRIGAÇÕES PATRONAIS;1.621.000.0000;TRANSFERÊNCIAS FUNDO A FUNDO DE RECURSOS DO SUS PROVENIENTES DO GOVERNO ESTADUAL;0,00
FUNDO MUNICIPAL DE SAÚDE DE BARBACENA;18.002;FUNDO MUNICIPAL DE SAUDE;2.642;MANUTENÇÃO DA REDE DE ATENÇÃO PSICOSSOCIAL - RAPS;3;MEDIA E ALTA COMPLEXIDADE ASSISTENCIAL;10;Saúde;302;Assistência Hospitalar e Ambulatorial;163;3.1.91.13.00.00.00.00;OBRIGAÇÕES PATRONAIS;2.621.000.0000;TRANSFERÊNCIAS FUNDO A FUNDO DE RECURSOS DO SUS PROVENIENTES DO GOVERNO ESTADUAL;0,00
FUNDO MUNICIPAL DE SAÚDE DE BARBACENA;18.002;FUNDO MUNICIPAL DE SAUDE;2.642;MANUTENÇÃO DA REDE DE ATENÇÃO PSICOSSOCIAL - RAPS;3;MEDIA E ALTA COMPLEXIDADE ASSISTENCIAL;10;Saúde;302;Assistência Hospitalar e Ambulatorial;164;3.3.90.14.00.00.00.00;DIÁRIAS - PESSOAL CIVIL;1.600.000.0000;TRANSFERÊNCIAS FUNDO A FUNDO DE RECURSOS DO SUS PROVENIENTES DO GOVERNO FEDERAL - BLOCO DE MANUTENÇÃO DAS AÇÕES E SERVIÇOS PÚBLICOS DE SAÚDE;1.000,00
FUNDO MUNICIPAL DE SAÚDE DE BARBACENA;18.002;FUNDO MUNICIPAL DE SAUDE;2.642;MANUTENÇÃO DA REDE DE ATENÇÃO PSICOSSOCIAL - RAPS;3;MEDIA E ALTA COMPLEXIDADE ASSISTENCIAL;10;Saúde;302;Assistência Hospitalar e Ambulatorial;165;3.3.90.18.00.00.00.00;AUXÍLIO FINANCEIRO A ESTUDANTES;1.600.000.0000;TRANSFERÊNCIAS FUNDO A FUNDO DE RECURSOS DO SUS PROVENIENTES DO GOVERNO FEDERAL - BLOCO DE MANUTENÇÃO DAS AÇÕES E SERVIÇOS PÚBLICOS DE SAÚDE;2.129,98
FUNDO MUNICIPAL DE SAÚDE DE BARBACENA;18.002;FUNDO MUNICIPAL DE SAUDE;2.642;MANUTENÇÃO DA REDE DE ATENÇÃO PSICOSSOCIAL - RAPS;3;MEDIA E ALTA COMPLEXIDADE ASSISTENCIAL;10;Saúde;302;Assistência Hospitalar e Ambulatorial;165;3.3.90.18.00.00.00.00;AUXÍLIO FINANCEIRO A ESTUDANTES;1.621.000.0000;TRANSFERÊNCIAS FUNDO A FUNDO DE RECURSOS DO SUS PROVENIENTES DO GOVERNO ESTADUAL;0,00
FUNDO MUNICIPAL DE SAÚDE DE BARBACENA;18.002;FUNDO MUNICIPAL DE SAUDE;2.642;MANUTENÇÃO DA REDE DE ATENÇÃO PSICOSSOCIAL - RAPS;3;MEDIA E ALTA COMPLEXIDADE ASSISTENCIAL;10;Saúde;302;Assistência Hospitalar e Ambulatorial;165;3.3.90.18.00.00.00.00;AUXÍLIO FINANCEIRO A ESTUDANTES;2.621.000.0000;TRANSFERÊNCIAS FUNDO A FUNDO DE RECURSOS DO SUS PROVENIENTES DO GOVERNO ESTADUAL;0,00
FUNDO MUNICIPAL DE SAÚDE DE BARBACENA;18.002;FUNDO MUNICIPAL DE SAUDE;2.642;MANUTENÇÃO DA REDE DE ATENÇÃO PSICOSSOCIAL - RAPS;3;MEDIA E ALTA COMPLEXIDADE ASSISTENCIAL;10;Saúde;302;Assistência Hospitalar e Ambulatorial;166;3.3.90.30.00.00.00.00;MATERIAL DE CONSUMO;1.600.000.0000;TRANSFERÊNCIAS FUNDO A FUNDO DE RECURSOS DO SUS PROVENIENTES DO GOVERNO FEDERAL - BLOCO DE MANUTENÇÃO DAS AÇÕES E SERVIÇOS PÚBLICOS DE SAÚDE;150.000,00
FUNDO MUNICIPAL DE SAÚDE DE BARBACENA;18.002;FUNDO MUNICIPAL DE SAUDE;2.642;MANUTENÇÃO DA REDE DE ATENÇÃO PSICOSSOCIAL - RAPS;3;MEDIA E ALTA COMPLEXIDADE ASSISTENCIAL;10;Saúde;302;Assistência Hospitalar e Ambulatorial;166;3.3.90.30.00.00.00.00;MATERIAL DE CONSUMO;1.621.000.0000;TRANSFERÊNCIAS FUNDO A FUNDO DE RECURSOS DO SUS PROVENIENTES DO GOVERNO ESTADUAL;20.000,00
FUNDO MUNICIPAL DE SAÚDE DE BARBACENA;18.002;FUNDO MUNICIPAL DE SAUDE;2.642;MANUTENÇÃO DA REDE DE ATENÇÃO PSICOSSOCIAL - RAPS;3;MEDIA E ALTA COMPLEXIDADE ASSISTENCIAL;10;Saúde;302;Assistência Hospitalar e Ambulatorial;166;3.3.90.30.00.00.00.00;MATERIAL DE CONSUMO;2.600.000.0000;TRANSFERÊNCIAS FUNDO A FUNDO DE RECURSOS DO SUS PROVENIENTES DO GOVERNO FEDERAL - BLOCO DE MANUTENÇÃO DAS AÇÕES E SERVIÇOS PÚBLICOS DE SAÚDE;0,00
FUNDO MUNICIPAL DE SAÚDE DE BARBACENA;18.002;FUNDO MUNICIPAL DE SAUDE;2.642;MANUTENÇÃO DA REDE DE ATENÇÃO PSICOSSOCIAL - RAPS;3;MEDIA E ALTA COMPLEXIDADE ASSISTENCIAL;10;Saúde;302;Assistência Hospitalar e Ambulatorial;166;3.3.90.30.00.00.00.00;MATERIAL DE CONSUMO;2.621.000.0000;TRANSFERÊNCIAS FUNDO A FUNDO DE RECURSOS DO SUS PROVENIENTES DO GOVERNO ESTADUAL;0,00
FUNDO MUNICIPAL DE SAÚDE DE BARBACENA;18.002;FUNDO MUNICIPAL DE SAUDE;2.642;MANUTENÇÃO DA REDE DE ATENÇÃO PSICOSSOCIAL - RAPS;3;MEDIA E ALTA COMPLEXIDADE ASSISTENCIAL;10;Saúde;302;Assistência Hospitalar e Ambulatorial;167;3.3.90.36.00.00.00.00;OUTROS SERVIÇOS DE TERCEIROS - PESSOA FÍSICA;1.500.000.1002;RECURSOS NÃO VINCULADOS DE IMPOSTOS (SAÚDE);0,00
FUNDO MUNICIPAL DE SAÚDE DE BARBACENA;18.002;FUNDO MUNICIPAL DE SAUDE;2.642;MANUTENÇÃO DA REDE DE ATENÇÃO PSICOSSOCIAL - RAPS;3;MEDIA E ALTA COMPLEXIDADE ASSISTENCIAL;10;Saúde;302;Assistência Hospitalar e Ambulatorial;167;3.3.90.36.00.00.00.00;OUTROS SERVIÇOS DE TERCEIROS - PESSOA FÍSICA;1.600.000.0000;TRANSFERÊNCIAS FUNDO A FUNDO DE RECURSOS DO SUS PROVENIENTES DO GOVERNO FEDERAL - BLOCO DE MANUTENÇÃO DAS AÇÕES E SERVIÇOS PÚBLICOS DE SAÚDE;1.000,00
FUNDO MUNICIPAL DE SAÚDE DE BARBACENA;18.002;FUNDO MUNICIPAL DE SAUDE;2.642;MANUTENÇÃO DA REDE DE ATENÇÃO PSICOSSOCIAL - RAPS;3;MEDIA E ALTA COMPLEXIDADE ASSISTENCIAL;10;Saúde;302;Assistência Hospitalar e Ambulatorial;167;3.3.90.36.00.00.00.00;OUTROS SERVIÇOS DE TERCEIROS - PESSOA FÍSICA;1.621.000.0000;TRANSFERÊNCIAS FUNDO A FUNDO DE RECURSOS DO SUS PROVENIENTES DO GOVERNO ESTADUAL;1.000,00
FUNDO MUNICIPAL DE SAÚDE DE BARBACENA;18.002;FUNDO MUNICIPAL DE SAUDE;2.642;MANUTENÇÃO DA REDE DE ATENÇÃO PSICOSSOCIAL - RAPS;3;MEDIA E ALTA COMPLEXIDADE ASSISTENCIAL;10;Saúde;302;Assistência Hospitalar e Ambulatorial;167;3.3.90.36.00.00.00.00;OUTROS SERVIÇOS DE TERCEIROS - PESSOA FÍSICA;2.600.000.0000;TRANSFERÊNCIAS FUNDO A FUNDO DE RECURSOS DO SUS PROVENIENTES DO GOVERNO FEDERAL - BLOCO DE MANUTENÇÃO DAS AÇÕES E SERVIÇOS PÚBLICOS DE SAÚDE;0,00
FUNDO MUNICIPAL DE SAÚDE DE BARBACENA;18.002;FUNDO MUNICIPAL DE SAUDE;2.642;MANUTENÇÃO DA REDE DE ATENÇÃO PSICOSSOCIAL - RAPS;3;MEDIA E ALTA COMPLEXIDADE ASSISTENCIAL;10;Saúde;302;Assistência Hospitalar e Ambulatorial;167;3.3.90.36.00.00.00.00;OUTROS SERVIÇOS DE TERCEIROS - PESSOA FÍSICA;2.621.000.0000;TRANSFERÊNCIAS FUNDO A FUNDO DE RECURSOS DO SUS PROVENIENTES DO GOVERNO ESTADUAL;0,00
FUNDO MUNICIPAL DE SAÚDE DE BARBACENA;18.002;FUNDO MUNICIPAL DE SAUDE;2.642;MANUTENÇÃO DA REDE DE ATENÇÃO PSICOSSOCIAL - RAPS;3;MEDIA E ALTA COMPLEXIDADE ASSISTENCIAL;10;Saúde;302;Assistência Hospitalar e Ambulatorial;168;3.3.90.39.00.00.00.00;OUTROS SERVIÇOS DE TERCEIROS - PESSOA JURÍDICA;1.500.000.1002;RECURSOS NÃO VINCULADOS DE IMPOSTOS (SAÚDE);500,00
FUNDO MUNICIPAL DE SAÚDE DE BARBACENA;18.002;FUNDO MUNICIPAL DE SAUDE;2.642;MANUTENÇÃO DA REDE DE ATENÇÃO PSICOSSOCIAL - RAPS;3;MEDIA E ALTA COMPLEXIDADE ASSISTENCIAL;10;Saúde;302;Assistência Hospitalar e Ambulatorial;168;3.3.90.39.00.00.00.00;OUTROS SERVIÇOS DE TERCEIROS - PESSOA JURÍDICA;1.600.000.0000;TRANSFERÊNCIAS FUNDO A FUNDO DE RECURSOS DO SUS PROVENIENTES DO GOVERNO FEDERAL - BLOCO DE MANUTENÇÃO DAS AÇÕES E SERVIÇOS PÚBLICOS DE SAÚDE;5.182.931,72
FUNDO MUNICIPAL DE SAÚDE DE BARBACENA;18.002;FUNDO MUNICIPAL DE SAUDE;2.642;MANUTENÇÃO DA REDE DE ATENÇÃO PSICOSSOCIAL - RAPS;3;MEDIA E ALTA COMPLEXIDADE ASSISTENCIAL;10;Saúde;302;Assistência Hospitalar e Ambulatorial;168;3.3.90.39.00.00.00.00;OUTROS SERVIÇOS DE TERCEIROS - PESSOA JURÍDICA;1.621.000.0000;TRANSFERÊNCIAS FUNDO A FUNDO DE RECURSOS DO SUS PROVENIENTES DO GOVERNO ESTADUAL;1.826.734,55
FUNDO MUNICIPAL DE SAÚDE DE BARBACENA;18.002;FUNDO MUNICIPAL DE SAUDE;2.642;MANUTENÇÃO DA REDE DE ATENÇÃO PSICOSSOCIAL - RAPS;3;MEDIA E ALTA COMPLEXIDADE ASSISTENCIAL;10;Saúde;302;Assistência Hospitalar e Ambulatorial;168;3.3.90.39.00.00.00.00;OUTROS SERVIÇOS DE TERCEIROS - PESSOA JURÍDICA;2.600.000.0000;TRANSFERÊNCIAS FUNDO A FUNDO DE RECURSOS DO SUS PROVENIENTES DO GOVERNO FEDERAL - BLOCO DE MANUTENÇÃO DAS AÇÕES E SERVIÇOS PÚBLICOS DE SAÚDE;0,00
FUNDO MUNICIPAL DE SAÚDE DE BARBACENA;18.002;FUNDO MUNICIPAL DE SAUDE;2.642;MANUTENÇÃO DA REDE DE ATENÇÃO PSICOSSOCIAL - RAPS;3;MEDIA E ALTA COMPLEXIDADE ASSISTENCIAL;10;Saúde;302;Assistência Hospitalar e Ambulatorial;168;3.3.90.39.00.00.00.00;OUTROS SERVIÇOS DE TERCEIROS - PESSOA JURÍDICA;2.621.000.0000;TRANSFERÊNCIAS FUNDO A FUNDO DE RECURSOS DO SUS PROVENIENTES DO GOVERNO ESTADUAL;0,00
FUNDO MUNICIPAL DE SAÚDE DE BARBACENA;18.002;FUNDO MUNICIPAL DE SAUDE;2.642;MANUTENÇÃO DA REDE DE ATENÇÃO PSICOSSOCIAL - RAPS;3;MEDIA E ALTA COMPLEXIDADE ASSISTENCIAL;10;Saúde;302;Assistência Hospitalar e Ambulatorial;169;3.3.90.40.00.00.00.00;SERVIÇOS DE TECNOLOGIA DA INFORMAÇÃO E COMUNICAÇ;1.600.000.0000;TRANSFERÊNCIAS FUNDO A FUNDO DE RECURSOS DO SUS PROVENIENTES DO GOVERNO FEDERAL - BLOCO DE MANUTENÇÃO DAS AÇÕES E SERVIÇOS PÚBLICOS DE SAÚDE;1.000,00
FUNDO MUNICIPAL DE SAÚDE DE BARBACENA;18.002;FUNDO MUNICIPAL DE SAUDE;2.642;MANUTENÇÃO DA REDE DE ATENÇÃO PSICOSSOCIAL - RAPS;3;MEDIA E ALTA COMPLEXIDADE ASSISTENCIAL;10;Saúde;302;Assistência Hospitalar e Ambulatorial;170;3.3.90.46.00.00.00.00;AUXÍLIO-ALIMENTAÇÃO;1.500.000.1002;RECURSOS NÃO VINCULADOS DE IMPOSTOS (SAÚDE);0,00
FUNDO MUNICIPAL DE SAÚDE DE BARBACENA;18.002;FUNDO MUNICIPAL DE SAUDE;2.642;MANUTENÇÃO DA REDE DE ATENÇÃO PSICOSSOCIAL - RAPS;3;MEDIA E ALTA COMPLEXIDADE ASSISTENCIAL;10;Saúde;302;Assistência Hospitalar e Ambulatorial;170;3.3.90.46.00.00.00.00;AUXÍLIO-ALIMENTAÇÃO;1.600.000.0000;TRANSFERÊNCIAS FUNDO A FUNDO DE RECURSOS DO SUS PROVENIENTES DO GOVERNO FEDERAL - BLOCO DE MANUTENÇÃO DAS AÇÕES E SERVIÇOS PÚBLICOS DE SAÚDE;287.068,35
FUNDO MUNICIPAL DE SAÚDE DE BARBACENA;18.002;FUNDO MUNICIPAL DE SAUDE;2.642;MANUTENÇÃO DA REDE DE ATENÇÃO PSICOSSOCIAL - RAPS;3;MEDIA E ALTA COMPLEXIDADE ASSISTENCIAL;10;Saúde;302;Assistência Hospitalar e Ambulatorial;170;3.3.90.46.00.00.00.00;AUXÍLIO-ALIMENTAÇÃO;1.621.000.0000;TRANSFERÊNCIAS FUNDO A FUNDO DE RECURSOS DO SUS PROVENIENTES DO GOVERNO ESTADUAL;3.000,00
FUNDO MUNICIPAL DE SAÚDE DE BARBACENA;18.002;FUNDO MUNICIPAL DE SAUDE;2.642;MANUTENÇÃO DA REDE DE ATENÇÃO PSICOSSOCIAL - RAPS;3;MEDIA E ALTA COMPLEXIDADE ASSISTENCIAL;10;Saúde;302;Assistência Hospitalar e Ambulatorial;170;3.3.90.46.00.00.00.00;AUXÍLIO-ALIMENTAÇÃO;2.621.000.0000;TRANSFERÊNCIAS FUNDO A FUNDO DE RECURSOS DO SUS PROVENIENTES DO GOVERNO ESTADUAL;0,00
FUNDO MUNICIPAL DE SAÚDE DE BARBACENA;18.002;FUNDO MUNICIPAL DE SAUDE;2.642;MANUTENÇÃO DA REDE DE ATENÇÃO PSICOSSOCIAL - RAPS;3;MEDIA E ALTA COMPLEXIDADE ASSISTENCIAL;10;Saúde;302;Assistência Hospitalar e Ambulatorial;171;4.4.90.51.00.00.00.00;OBRAS E INSTALAÇÕES;1.600.000.0000;TRANSFERÊNCIAS FUNDO A FUNDO DE RECURSOS DO SUS PROVENIENTES DO GOVERNO FEDERAL - BLOCO DE MANUTENÇÃO DAS AÇÕES E SERVIÇOS PÚBLICOS DE SAÚDE;1.000,00
FUNDO MUNICIPAL DE SAÚDE DE BARBACENA;18.002;FUNDO MUNICIPAL DE SAUDE;2.642;MANUTENÇÃO DA REDE DE ATENÇÃO PSICOSSOCIAL - RAPS;3;MEDIA E ALTA COMPLEXIDADE ASSISTENCIAL;10;Saúde;302;Assistência Hospitalar e Ambulatorial;171;4.4.90.51.00.00.00.00;OBRAS E INSTALAÇÕES;1.621.000.0000;TRANSFERÊNCIAS FUNDO A FUNDO DE RECURSOS DO SUS PROVENIENTES DO GOVERNO ESTADUAL;1.000,00
FUNDO MUNICIPAL DE SAÚDE DE BARBACENA;18.002;FUNDO MUNICIPAL DE SAUDE;2.642;MANUTENÇÃO DA REDE DE ATENÇÃO PSICOSSOCIAL - RAPS;3;MEDIA E ALTA COMPLEXIDADE ASSISTENCIAL;10;Saúde;302;Assistência Hospitalar e Ambulatorial;172;4.4.90.52.00.00.00.00;EQUIPAMENTOS E MATERIAL PERMANENTE;1.600.000.0000;TRANSFERÊNCIAS FUNDO A FUNDO DE RECURSOS DO SUS PROVENIENTES DO GOVERNO FEDERAL - BLOCO DE MANUTENÇÃO DAS AÇÕES E SERVIÇOS PÚBLICOS DE SAÚDE;1.000,00
FUNDO MUNICIPAL DE SAÚDE DE BARBACENA;18.002;FUNDO MUNICIPAL DE SAUDE;2.642;MANUTENÇÃO DA REDE DE ATENÇÃO PSICOSSOCIAL - RAPS;3;MEDIA E ALTA COMPLEXIDADE ASSISTENCIAL;10;Saúde;302;Assistência Hospitalar e Ambulatorial;172;4.4.90.52.00.00.00.00;EQUIPAMENTOS E MATERIAL PERMANENTE;1.621.000.0000;TRANSFERÊNCIAS FUNDO A FUNDO DE RECURSOS DO SUS PROVENIENTES DO GOVERNO ESTADUAL;1.000,00
FUNDO MUNICIPAL DE SAÚDE DE BARBACENA;18.002;FUNDO MUNICIPAL DE SAUDE;2.642;MANUTENÇÃO DA REDE DE ATENÇÃO PSICOSSOCIAL - RAPS;3;MEDIA E ALTA COMPLEXIDADE ASSISTENCIAL;10;Saúde;302;Assistência Hospitalar e Ambulatorial;172;4.4.90.52.00.00.00.00;EQUIPAMENTOS E MATERIAL PERMANENTE;2.601.000.0000;TRANSFERÊNCIAS FUNDO A FUNDO DE RECURSOS DO SUS PROVENIENTES DO GOVERNO FEDERAL. BLOCO DE ESTRUTURAÇÃO DA REDE DE SERVIÇOS PÚBLICOS DE SAÚDE;0,00
FUNDO MUNICIPAL DE SAÚDE DE BARBACENA;18.002;FUNDO MUNICIPAL DE SAUDE;2.642;MANUTENÇÃO DA REDE DE ATENÇÃO PSICOSSOCIAL - RAPS;3;MEDIA E ALTA COMPLEXIDADE ASSISTENCIAL;10;Saúde;302;Assistência Hospitalar e Ambulatorial;172;4.4.90.52.00.00.00.00;EQUIPAMENTOS E MATERIAL PERMANENTE;2.621.000.0000;TRANSFERÊNCIAS FUNDO A FUNDO DE RECURSOS DO SUS PROVENIENTES DO GOVERNO ESTADUAL;0,00
FUNDO MUNICIPAL DE SAÚDE DE BARBACENA;18.002;FUNDO MUNICIPAL DE SAUDE;2.642;MANUTENÇÃO DA REDE DE ATENÇÃO PSICOSSOCIAL - RAPS;3;MEDIA E ALTA COMPLEXIDADE ASSISTENCIAL;10;Saúde;302;Assistência Hospitalar e Ambulatorial;466;3.3.90.93.00.00.00.00;INDENIZAÇÕES E RESTITUIÇÕES;1.621.000.0000;TRANSFERÊNCIAS FUNDO A FUNDO DE RECURSOS DO SUS PROVENIENTES DO GOVERNO ESTADUAL;0,00
FUNDO MUNICIPAL DE SAÚDE DE BARBACENA;18.002;FUNDO MUNICIPAL DE SAUDE;2.642;MANUTENÇÃO DA REDE DE ATENÇÃO PSICOSSOCIAL - RAPS;3;MEDIA E ALTA COMPLEXIDADE ASSISTENCIAL;10;Saúde;302;Assistência Hospitalar e Ambulatorial;466;3.3.90.93.00.00.00.00;INDENIZAÇÕES E RESTITUIÇÕES;2.621.000.0000;TRANSFERÊNCIAS FUNDO A FUNDO DE RECURSOS DO SUS PROVENIENTES DO GOVERNO ESTADUAL;0,00
FUNDO MUNICIPAL DE SAÚDE DE BARBACENA;18.002;FUNDO MUNICIPAL DE SAUDE;2.642;MANUTENÇÃO DA REDE DE ATENÇÃO PSICOSSOCIAL - RAPS;3;MEDIA E ALTA COMPLEXIDADE ASSISTENCIAL;10;Saúde;302;Assistência Hospitalar e Ambulatorial;483;3.3.90.08.00.00.00.00;OUTROS BENEFÍCIOS ASSISTENCIAIS-SERVIDOR/MILITAR;1.600.000.0000;TRANSFERÊNCIAS FUNDO A FUNDO DE RECURSOS DO SUS PROVENIENTES DO GOVERNO FEDERAL - BLOCO DE MANUTENÇÃO DAS AÇÕES E SERVIÇOS PÚBLICOS DE SAÚDE;0,00
FUNDO MUNICIPAL DE SAÚDE DE BARBACENA;18.002;FUNDO MUNICIPAL DE SAUDE;2.642;MANUTENÇÃO DA REDE DE ATENÇÃO PSICOSSOCIAL - RAPS;3;MEDIA E ALTA COMPLEXIDADE ASSISTENCIAL;10;Saúde;302;Assistência Hospitalar e Ambulatorial;483;3.3.90.08.00.00.00.00;OUTROS BENEFÍCIOS ASSISTENCIAIS-SERVIDOR/MILITAR;1.621.000.0000;TRANSFERÊNCIAS FUNDO A FUNDO DE RECURSOS DO SUS PROVENIENTES DO GOVERNO ESTADUAL;0,00
FUNDO MUNICIPAL DE SAÚDE DE BARBACENA;18.002;FUNDO MUNICIPAL DE SAUDE;2.642;MANUTENÇÃO DA REDE DE ATENÇÃO PSICOSSOCIAL - RAPS;3;MEDIA E ALTA COMPLEXIDADE ASSISTENCIAL;10;Saúde;302;Assistência Hospitalar e Ambulatorial;483;3.3.90.08.00.00.00.00;OUTROS BENEFÍCIOS ASSISTENCIAIS-SERVIDOR/MILITAR;2.621.000.0000;TRANSFERÊNCIAS FUNDO A FUNDO DE RECURSOS DO SUS PROVENIENTES DO GOVERNO ESTADUAL;0,00
FUNDO MUNICIPAL DE SAÚDE DE BARBACENA;18.002;FUNDO MUNICIPAL DE SAUDE;2.654;MANUTENÇÃO DA REDE DE ATENÇÃO ESPECIALIZADA;3;MEDIA E ALTA COMPLEXIDADE ASSISTENCIAL;10;Saúde;302;Assistência Hospitalar e Ambulatorial;173;3.3.50.41.00.00.00.00;CONTRIBUIÇÕES;1.500.000.1002;RECURSOS NÃO VINCULADOS DE IMPOSTOS (SAÚDE);0,00
FUNDO MUNICIPAL DE SAÚDE DE BARBACENA;18.002;FUNDO MUNICIPAL DE SAUDE;2.654;MANUTENÇÃO DA REDE DE ATENÇÃO ESPECIALIZADA;3;MEDIA E ALTA COMPLEXIDADE ASSISTENCIAL;10;Saúde;302;Assistência Hospitalar e Ambulatorial;173;3.3.50.41.00.00.00.00;CONTRIBUIÇÕES;1.600.000.0000;TRANSFERÊNCIAS FUNDO A FUNDO DE RECURSOS DO SUS PROVENIENTES DO GOVERNO FEDERAL - BLOCO DE MANUTENÇÃO DAS AÇÕES E SERVIÇOS PÚBLICOS DE SAÚDE;2.000.000,00
FUNDO MUNICIPAL DE SAÚDE DE BARBACENA;18.002;FUNDO MUNICIPAL DE SAUDE;2.654;MANUTENÇÃO DA REDE DE ATENÇÃO ESPECIALIZADA;3;MEDIA E ALTA COMPLEXIDADE ASSISTENCIAL;10;Saúde;302;Assistência Hospitalar e Ambulatorial;173;3.3.50.41.00.00.00.00;CONTRIBUIÇÕES;1.605.000.0000;ASSISTÊNCIA FINANCEIRA DA UNIÃO DESTINADA À COMPLEMENTAÇÃO AO PAGAMENTO DOS PISOS SALARIAIS PARA PROFISSIONAIS DA ENFERMAGEM.;0,00
FUNDO MUNICIPAL DE SAÚDE DE BARBACENA;18.002;FUNDO MUNICIPAL DE SAUDE;2.654;MANUTENÇÃO DA REDE DE ATENÇÃO ESPECIALIZADA;3;MEDIA E ALTA COMPLEXIDADE ASSISTENCIAL;10;Saúde;302;Assistência Hospitalar e Ambulatorial;173;3.3.50.41.00.00.00.00;CONTRIBUIÇÕES;1.621.000.0000;TRANSFERÊNCIAS FUNDO A FUNDO DE RECURSOS DO SUS PROVENIENTES DO GOVERNO ESTADUAL;0,00
FUNDO MUNICIPAL DE SAÚDE DE BARBACENA;18.002;FUNDO MUNICIPAL DE SAUDE;2.654;MANUTENÇÃO DA REDE DE ATENÇÃO ESPECIALIZADA;3;MEDIA E ALTA COMPLEXIDADE ASSISTENCIAL;10;Saúde;302;Assistência Hospitalar e Ambulatorial;173;3.3.50.41.00.00.00.00;CONTRIBUIÇÕES;1.706.000.0000;TRANSFERÊNCIA ESPECIAL DA UNIÃO BANCADA;0,00
FUNDO MUNICIPAL DE SAÚDE DE BARBACENA;18.002;FUNDO MUNICIPAL DE SAUDE;2.654;MANUTENÇÃO DA REDE DE ATENÇÃO ESPECIALIZADA;3;MEDIA E ALTA COMPLEXIDADE ASSISTENCIAL;10;Saúde;302;Assistência Hospitalar e Ambulatorial;173;3.3.50.41.00.00.00.00;CONTRIBUIÇÕES;1.706.000.3110;TRANSFERÊNCIA ESPECIAL DA UNIÃO - TRANSFERÊNCIAS DA UNIÃO DECORRENTES DE EMENDAS PARLAMENTARES INDIVIDUAIS;0,00
FUNDO MUNICIPAL DE SAÚDE DE BARBACENA;18.002;FUNDO MUNICIPAL DE SAUDE;2.654;MANUTENÇÃO DA REDE DE ATENÇÃO ESPECIALIZADA;3;MEDIA E ALTA COMPLEXIDADE ASSISTENCIAL;10;Saúde;302;Assistência Hospitalar e Ambulatorial;173;3.3.50.41.00.00.00.00;CONTRIBUIÇÕES;2.600.000.0000;TRANSFERÊNCIAS FUNDO A FUNDO DE RECURSOS DO SUS PROVENIENTES DO GOVERNO FEDERAL - BLOCO DE MANUTENÇÃO DAS AÇÕES E SERVIÇOS PÚBLICOS DE SAÚDE;0,00
FUNDO MUNICIPAL DE SAÚDE DE BARBACENA;18.002;FUNDO MUNICIPAL DE SAUDE;2.654;MANUTENÇÃO DA REDE DE ATENÇÃO ESPECIALIZADA;3;MEDIA E ALTA COMPLEXIDADE ASSISTENCIAL;10;Saúde;302;Assistência Hospitalar e Ambulatorial;173;3.3.50.41.00.00.00.00;CONTRIBUIÇÕES;2.621.000.0000;TRANSFERÊNCIAS FUNDO A FUNDO DE RECURSOS DO SUS PROVENIENTES DO GOVERNO ESTADUAL;0,00
FUNDO MUNICIPAL DE SAÚDE DE BARBACENA;18.002;FUNDO MUNICIPAL DE SAUDE;2.654;MANUTENÇÃO DA REDE DE ATENÇÃO ESPECIALIZADA;3;MEDIA E ALTA COMPLEXIDADE ASSISTENCIAL;10;Saúde;302;Assistência Hospitalar e Ambulatorial;173;3.3.50.41.00.00.00.00;CONTRIBUIÇÕES;2.706.000.0000;TRANSFERÊNCIA ESPECIAL DA UNIÃO;0,00
FUNDO MUNICIPAL DE SAÚDE DE BARBACENA;18.002;FUNDO MUNICIPAL DE SAUDE;2.654;MANUTENÇÃO DA REDE DE ATENÇÃO ESPECIALIZADA;3;MEDIA E ALTA COMPLEXIDADE ASSISTENCIAL;10;Saúde;302;Assistência Hospitalar e Ambulatorial;174;3.3.90.39.00.00.00.00;OUTROS SERVIÇOS DE TERCEIROS - PESSOA JURÍDICA;1.500.000.1002;RECURSOS NÃO VINCULADOS DE IMPOSTOS (SAÚDE);7.755.678,05
FUNDO MUNICIPAL DE SAÚDE DE BARBACENA;18.002;FUNDO MUNICIPAL DE SAUDE;2.654;MANUTENÇÃO DA REDE DE ATENÇÃO ESPECIALIZADA;3;MEDIA E ALTA COMPLEXIDADE ASSISTENCIAL;10;Saúde;302;Assistência Hospitalar e Ambulatorial;174;3.3.90.39.00.00.00.00;OUTROS SERVIÇOS DE TERCEIROS - PESSOA JURÍDICA;1.600.000.0000;TRANSFERÊNCIAS FUNDO A FUNDO DE RECURSOS DO SUS PROVENIENTES DO GOVERNO FEDERAL - BLOCO DE MANUTENÇÃO DAS AÇÕES E SERVIÇOS PÚBLICOS DE SAÚDE;55.998.206,69
FUNDO MUNICIPAL DE SAÚDE DE BARBACENA;18.002;FUNDO MUNICIPAL DE SAUDE;2.654;MANUTENÇÃO DA REDE DE ATENÇÃO ESPECIALIZADA;3;MEDIA E ALTA COMPLEXIDADE ASSISTENCIAL;10;Saúde;302;Assistência Hospitalar e Ambulatorial;174;3.3.90.39.00.00.00.00;OUTROS SERVIÇOS DE TERCEIROS - PESSOA JURÍDICA;1.621.000.0000;TRANSFERÊNCIAS FUNDO A FUNDO DE RECURSOS DO SUS PROVENIENTES DO GOVERNO ESTADUAL;15.507.040,31
FUNDO MUNICIPAL DE SAÚDE DE BARBACENA;18.002;FUNDO MUNICIPAL DE SAUDE;2.654;MANUTENÇÃO DA REDE DE ATENÇÃO ESPECIALIZADA;3;MEDIA E ALTA COMPLEXIDADE ASSISTENCIAL;10;Saúde;302;Assistência Hospitalar e Ambulatorial;174;3.3.90.39.00.00.00.00;OUTROS SERVIÇOS DE TERCEIROS - PESSOA JURÍDICA;2.707.000.0000;TRANSFERÊNCIAS DA UNIÃO – INCISO I DO ART. 5º DA LEI COMPLEMENTAR 273/2020;0,00
FUNDO MUNICIPAL DE SAÚDE DE BARBACENA;18.002;FUNDO MUNICIPAL DE SAUDE;2.654;MANUTENÇÃO DA REDE DE ATENÇÃO ESPECIALIZADA;3;MEDIA E ALTA COMPLEXIDADE ASSISTENCIAL;10;Saúde;302;Assistência Hospitalar e Ambulatorial;175;3.3.90.93.00.00.00.00;INDENIZAÇÕES E RESTITUIÇÕES;1.621.000.0000;TRANSFERÊNCIAS FUNDO A FUNDO DE RECURSOS DO SUS PROVENIENTES DO GOVERNO ESTADUAL;1.000,00
FUNDO MUNICIPAL DE SAÚDE DE BARBACENA;18.002;FUNDO MUNICIPAL DE SAUDE;2.654;MANUTENÇÃO DA REDE DE ATENÇÃO ESPECIALIZADA;3;MEDIA E ALTA COMPLEXIDADE ASSISTENCIAL;10;Saúde;302;Assistência Hospitalar e Ambulatorial;175;3.3.90.93.00.00.00.00;INDENIZAÇÕES E RESTITUIÇÕES;2.621.000.0000;TRANSFERÊNCIAS FUNDO A FUNDO DE RECURSOS DO SUS PROVENIENTES DO GOVERNO ESTADUAL;0,00
FUNDO MUNICIPAL DE SAÚDE DE BARBACENA;18.002;FUNDO MUNICIPAL DE SAUDE;2.654;MANUTENÇÃO DA REDE DE ATENÇÃO ESPECIALIZADA;3;MEDIA E ALTA COMPLEXIDADE ASSISTENCIAL;10;Saúde;302;Assistência Hospitalar e Ambulatorial;176;4.4.90.51.00.00.00.00;OBRAS E INSTALAÇÕES;1.500.000.1002;RECURSOS NÃO VINCULADOS DE IMPOSTOS (SAÚDE);1.000,00
FUNDO MUNICIPAL DE SAÚDE DE BARBACENA;18.002;FUNDO MUNICIPAL DE SAUDE;2.654;MANUTENÇÃO DA REDE DE ATENÇÃO ESPECIALIZADA;3;MEDIA E ALTA COMPLEXIDADE ASSISTENCIAL;10;Saúde;302;Assistência Hospitalar e Ambulatorial;177;4.4.90.52.00.00.00.00;EQUIPAMENTOS E MATERIAL PERMANENTE;1.500.000.1002;RECURSOS NÃO VINCULADOS DE IMPOSTOS (SAÚDE);1.000,00
FUNDO MUNICIPAL DE SAÚDE DE BARBACENA;18.002;FUNDO MUNICIPAL DE SAUDE;2.654;MANUTENÇÃO DA REDE DE ATENÇÃO ESPECIALIZADA;3;MEDIA E ALTA COMPLEXIDADE ASSISTENCIAL;10;Saúde;302;Assistência Hospitalar e Ambulatorial;177;4.4.90.52.00.00.00.00;EQUIPAMENTOS E MATERIAL PERMANENTE;2.621.000.0000;TRANSFERÊNCIAS FUNDO A FUNDO DE RECURSOS DO SUS PROVENIENTES DO GOVERNO ESTADUAL;0,00
FUNDO MUNICIPAL DE SAÚDE DE BARBACENA;18.002;FUNDO MUNICIPAL DE SAUDE;2.654;MANUTENÇÃO DA REDE DE ATENÇÃO ESPECIALIZADA;3;MEDIA E ALTA COMPLEXIDADE ASSISTENCIAL;10;Saúde;302;Assistência Hospitalar e Ambulatorial;481;4.4.50.41.00.00.00.00;CONTRIBUIÇÕES;1.621.000.0000;TRANSFERÊNCIAS FUNDO A FUNDO DE RECURSOS DO SUS PROVENIENTES DO GOVERNO ESTADUAL;0,00
FUNDO MUNICIPAL DE SAÚDE DE BARBACENA;18.002;FUNDO MUNICIPAL DE SAUDE;2.685;MANUTENÇÃO DO CEM;3;MEDIA E ALTA COMPLEXIDADE ASSISTENCIAL;10;Saúde;302;Assistência Hospitalar e Ambulatorial;178;3.1.90.04.00.00.00.00;CONTRATAÇÃO POR TEMPO DETERMINADO;1.500.000.1002;RECURSOS NÃO VINCULADOS DE IMPOSTOS (SAÚDE);2.105.193,21
FUNDO MUNICIPAL DE SAÚDE DE BARBACENA;18.002;FUNDO MUNICIPAL DE SAUDE;2.685;MANUTENÇÃO DO CEM;3;MEDIA E ALTA COMPLEXIDADE ASSISTENCIAL;10;Saúde;302;Assistência Hospitalar e Ambulatorial;178;3.1.90.04.00.00.00.00;CONTRATAÇÃO POR TEMPO DETERMINADO;1.600.000.0000;TRANSFERÊNCIAS FUNDO A FUNDO DE RECURSOS DO SUS PROVENIENTES DO GOVERNO FEDERAL - BLOCO DE MANUTENÇÃO DAS AÇÕES E SERVIÇOS PÚBLICOS DE SAÚDE;500.000,00
FUNDO MUNICIPAL DE SAÚDE DE BARBACENA;18.002;FUNDO MUNICIPAL DE SAUDE;2.685;MANUTENÇÃO DO CEM;3;MEDIA E ALTA COMPLEXIDADE ASSISTENCIAL;10;Saúde;302;Assistência Hospitalar e Ambulatorial;179;3.1.90.11.00.00.00.00;VENCIMENTOS E VANTAGENS FIXAS - PESSOAL CIVIL;1.500.000.1002;RECURSOS NÃO VINCULADOS DE IMPOSTOS (SAÚDE);2.417.758,92
FUNDO MUNICIPAL DE SAÚDE DE BARBACENA;18.002;FUNDO MUNICIPAL DE SAUDE;2.685;MANUTENÇÃO DO CEM;3;MEDIA E ALTA COMPLEXIDADE ASSISTENCIAL;10;Saúde;302;Assistência Hospitalar e Ambulatorial;179;3.1.90.11.00.00.00.00;VENCIMENTOS E VANTAGENS FIXAS - PESSOAL CIVIL;1.600.000.0000;TRANSFERÊNCIAS FUNDO A FUNDO DE RECURSOS DO SUS PROVENIENTES DO GOVERNO FEDERAL - BLOCO DE MANUTENÇÃO DAS AÇÕES E SERVIÇOS PÚBLICOS DE SAÚDE;30.000,00
FUNDO MUNICIPAL DE SAÚDE DE BARBACENA;18.002;FUNDO MUNICIPAL DE SAUDE;2.685;MANUTENÇÃO DO CEM;3;MEDIA E ALTA COMPLEXIDADE ASSISTENCIAL;10;Saúde;302;Assistência Hospitalar e Ambulatorial;180;3.1.91.13.00.00.00.00;OBRIGAÇÕES PATRONAIS;1.500.000.1002;RECURSOS NÃO VINCULADOS DE IMPOSTOS (SAÚDE);595.894,24
FUNDO MUNICIPAL DE SAÚDE DE BARBACENA;18.002;FUNDO MUNICIPAL DE SAUDE;2.685;MANUTENÇÃO DO CEM;3;MEDIA E ALTA COMPLEXIDADE ASSISTENCIAL;10;Saúde;302;Assistência Hospitalar e Ambulatorial;180;3.1.91.13.00.00.00.00;OBRIGAÇÕES PATRONAIS;1.600.000.0000;TRANSFERÊNCIAS FUNDO A FUNDO DE RECURSOS DO SUS PROVENIENTES DO GOVERNO FEDERAL - BLOCO DE MANUTENÇÃO DAS AÇÕES E SERVIÇOS PÚBLICOS DE SAÚDE;500,00
FUNDO MUNICIPAL DE SAÚDE DE BARBACENA;18.002;FUNDO MUNICIPAL DE SAUDE;2.685;MANUTENÇÃO DO CEM;3;MEDIA E ALTA COMPLEXIDADE ASSISTENCIAL;10;Saúde;302;Assistência Hospitalar e Ambulatorial;181;3.3.90.08.00.00.00.00;OUTROS BENEFÍCIOS ASSISTENCIAIS-SERVIDOR/MILITAR;1.500.000.1002;RECURSOS NÃO VINCULADOS DE IMPOSTOS (SAÚDE);1.000,00
FUNDO MUNICIPAL DE SAÚDE DE BARBACENA;18.002;FUNDO MUNICIPAL DE SAUDE;2.685;MANUTENÇÃO DO CEM;3;MEDIA E ALTA COMPLEXIDADE ASSISTENCIAL;10;Saúde;302;Assistência Hospitalar e Ambulatorial;181;3.3.90.08.00.00.00.00;OUTROS BENEFÍCIOS ASSISTENCIAIS-SERVIDOR/MILITAR;1.600.000.0000;TRANSFERÊNCIAS FUNDO A FUNDO DE RECURSOS DO SUS PROVENIENTES DO GOVERNO FEDERAL - BLOCO DE MANUTENÇÃO DAS AÇÕES E SERVIÇOS PÚBLICOS DE SAÚDE;2.000,00
FUNDO MUNICIPAL DE SAÚDE DE BARBACENA;18.002;FUNDO MUNICIPAL DE SAUDE;2.685;MANUTENÇÃO DO CEM;3;MEDIA E ALTA COMPLEXIDADE ASSISTENCIAL;10;Saúde;302;Assistência Hospitalar e Ambulatorial;182;3.3.90.14.00.00.00.00;DIÁRIAS - PESSOAL CIVIL;1.500.000.1002;RECURSOS NÃO VINCULADOS DE IMPOSTOS (SAÚDE);200,00
FUNDO MUNICIPAL DE SAÚDE DE BARBACENA;18.002;FUNDO MUNICIPAL DE SAUDE;2.685;MANUTENÇÃO DO CEM;3;MEDIA E ALTA COMPLEXIDADE ASSISTENCIAL;10;Saúde;302;Assistência Hospitalar e Ambulatorial;183;3.3.90.18.00.00.00.00;AUXÍLIO FINANCEIRO A ESTUDANTES;1.500.000.1002;RECURSOS NÃO VINCULADOS DE IMPOSTOS (SAÚDE);1.000,00
FUNDO MUNICIPAL DE SAÚDE DE BARBACENA;18.002;FUNDO MUNICIPAL DE SAUDE;2.685;MANUTENÇÃO DO CEM;3;MEDIA E ALTA COMPLEXIDADE ASSISTENCIAL;10;Saúde;302;Assistência Hospitalar e Ambulatorial;183;3.3.90.18.00.00.00.00;AUXÍLIO FINANCEIRO A ESTUDANTES;1.600.000.0000;TRANSFERÊNCIAS FUNDO A FUNDO DE RECURSOS DO SUS PROVENIENTES DO GOVERNO FEDERAL - BLOCO DE MANUTENÇÃO DAS AÇÕES E SERVIÇOS PÚBLICOS DE SAÚDE;500,00
FUNDO MUNICIPAL DE SAÚDE DE BARBACENA;18.002;FUNDO MUNICIPAL DE SAUDE;2.685;MANUTENÇÃO DO CEM;3;MEDIA E ALTA COMPLEXIDADE ASSISTENCIAL;10;Saúde;302;Assistência Hospitalar e Ambulatorial;184;3.3.90.30.00.00.00.00;MATERIAL DE CONSUMO;1.500.000.1002;RECURSOS NÃO VINCULADOS DE IMPOSTOS (SAÚDE);27.502,16
FUNDO MUNICIPAL DE SAÚDE DE BARBACENA;18.002;FUNDO MUNICIPAL DE SAUDE;2.685;MANUTENÇÃO DO CEM;3;MEDIA E ALTA COMPLEXIDADE ASSISTENCIAL;10;Saúde;302;Assistência Hospitalar e Ambulatorial;184;3.3.90.30.00.00.00.00;MATERIAL DE CONSUMO;1.600.000.0000;TRANSFERÊNCIAS FUNDO A FUNDO DE RECURSOS DO SUS PROVENIENTES DO GOVERNO FEDERAL - BLOCO DE MANUTENÇÃO DAS AÇÕES E SERVIÇOS PÚBLICOS DE SAÚDE;100.000,00
FUNDO MUNICIPAL DE SAÚDE DE BARBACENA;18.002;FUNDO MUNICIPAL DE SAUDE;2.685;MANUTENÇÃO DO CEM;3;MEDIA E ALTA COMPLEXIDADE ASSISTENCIAL;10;Saúde;302;Assistência Hospitalar e Ambulatorial;184;3.3.90.30.00.00.00.00;MATERIAL DE CONSUMO;2.600.000.0000;TRANSFERÊNCIAS FUNDO A FUNDO DE RECURSOS DO SUS PROVENIENTES DO GOVERNO FEDERAL - BLOCO DE MANUTENÇÃO DAS AÇÕES E SERVIÇOS PÚBLICOS DE SAÚDE;0,00
FUNDO MUNICIPAL DE SAÚDE DE BARBACENA;18.002;FUNDO MUNICIPAL DE SAUDE;2.685;MANUTENÇÃO DO CEM;3;MEDIA E ALTA COMPLEXIDADE ASSISTENCIAL;10;Saúde;302;Assistência Hospitalar e Ambulatorial;185;3.3.90.39.00.00.00.00;OUTROS SERVIÇOS DE TERCEIROS - PESSOA JURÍDICA;1.500.000.1002;RECURSOS NÃO VINCULADOS DE IMPOSTOS (SAÚDE);15.000,00
FUNDO MUNICIPAL DE SAÚDE DE BARBACENA;18.002;FUNDO MUNICIPAL DE SAUDE;2.685;MANUTENÇÃO DO CEM;3;MEDIA E ALTA COMPLEXIDADE ASSISTENCIAL;10;Saúde;302;Assistência Hospitalar e Ambulatorial;185;3.3.90.39.00.00.00.00;OUTROS SERVIÇOS DE TERCEIROS - PESSOA JURÍDICA;1.600.000.0000;TRANSFERÊNCIAS FUNDO A FUNDO DE RECURSOS DO SUS PROVENIENTES DO GOVERNO FEDERAL - BLOCO DE MANUTENÇÃO DAS AÇÕES E SERVIÇOS PÚBLICOS DE SAÚDE;150.000,00
FUNDO MUNICIPAL DE SAÚDE DE BARBACENA;18.002;FUNDO MUNICIPAL DE SAUDE;2.685;MANUTENÇÃO DO CEM;3;MEDIA E ALTA COMPLEXIDADE ASSISTENCIAL;10;Saúde;302;Assistência Hospitalar e Ambulatorial;185;3.3.90.39.00.00.00.00;OUTROS SERVIÇOS DE TERCEIROS - PESSOA JURÍDICA;2.600.000.0000;TRANSFERÊNCIAS FUNDO A FUNDO DE RECURSOS DO SUS PROVENIENTES DO GOVERNO FEDERAL - BLOCO DE MANUTENÇÃO DAS AÇÕES E SERVIÇOS PÚBLICOS DE SAÚDE;0,00
FUNDO MUNICIPAL DE SAÚDE DE BARBACENA;18.002;FUNDO MUNICIPAL DE SAUDE;2.685;MANUTENÇÃO DO CEM;3;MEDIA E ALTA COMPLEXIDADE ASSISTENCIAL;10;Saúde;302;Assistência Hospitalar e Ambulatorial;186;3.3.90.40.00.00.00.00;SERVIÇOS DE TECNOLOGIA DA INFORMAÇÃO E COMUNICAÇ;1.500.000.1002;RECURSOS NÃO VINCULADOS DE IMPOSTOS (SAÚDE);2.500,00
FUNDO MUNICIPAL DE SAÚDE DE BARBACENA;18.002;FUNDO MUNICIPAL DE SAUDE;2.685;MANUTENÇÃO DO CEM;3;MEDIA E ALTA COMPLEXIDADE ASSISTENCIAL;10;Saúde;302;Assistência Hospitalar e Ambulatorial;187;3.3.90.46.00.00.00.00;AUXÍLIO-ALIMENTAÇÃO;1.500.000.1002;RECURSOS NÃO VINCULADOS DE IMPOSTOS (SAÚDE);175.560,00
FUNDO MUNICIPAL DE SAÚDE DE BARBACENA;18.002;FUNDO MUNICIPAL DE SAUDE;2.685;MANUTENÇÃO DO CEM;3;MEDIA E ALTA COMPLEXIDADE ASSISTENCIAL;10;Saúde;302;Assistência Hospitalar e Ambulatorial;187;3.3.90.46.00.00.00.00;AUXÍLIO-ALIMENTAÇÃO;1.600.000.0000;TRANSFERÊNCIAS FUNDO A FUNDO DE RECURSOS DO SUS PROVENIENTES DO GOVERNO FEDERAL - BLOCO DE MANUTENÇÃO DAS AÇÕES E SERVIÇOS PÚBLICOS DE SAÚDE;0,00
FUNDO MUNICIPAL DE SAÚDE DE BARBACENA;18.002;FUNDO MUNICIPAL DE SAUDE;2.685;MANUTENÇÃO DO CEM;3;MEDIA E ALTA COMPLEXIDADE ASSISTENCIAL;10;Saúde;302;Assistência Hospitalar e Ambulatorial;188;4.4.90.52.00.00.00.00;EQUIPAMENTOS E MATERIAL PERMANENTE;1.500.000.1002;RECURSOS NÃO VINCULADOS DE IMPOSTOS (SAÚDE);1.000,00
FUNDO MUNICIPAL DE SAÚDE DE BARBACENA;18.002;FUNDO MUNICIPAL DE SAUDE;2.685;MANUTENÇÃO DO CEM;3;MEDIA E ALTA COMPLEXIDADE ASSISTENCIAL;10;Saúde;302;Assistência Hospitalar e Ambulatorial;188;4.4.90.52.00.00.00.00;EQUIPAMENTOS E MATERIAL PERMANENTE;1.600.000.0000;TRANSFERÊNCIAS FUNDO A FUNDO DE RECURSOS DO SUS PROVENIENTES DO GOVERNO FEDERAL - BLOCO DE MANUTENÇÃO DAS AÇÕES E SERVIÇOS PÚBLICOS DE SAÚDE;50.000,00
FUNDO MUNICIPAL DE SAÚDE DE BARBACENA;18.002;FUNDO MUNICIPAL DE SAUDE;2.685;MANUTENÇÃO DO CEM;3;MEDIA E ALTA COMPLEXIDADE ASSISTENCIAL;10;Saúde;302;Assistência Hospitalar e Ambulatorial;188;4.4.90.52.00.00.00.00;EQUIPAMENTOS E MATERIAL PERMANENTE;2.621.000.0000;TRANSFERÊNCIAS FUNDO A FUNDO DE RECURSOS DO SUS PROVENIENTES DO GOVERNO ESTADUAL;0,00
FUNDO MUNICIPAL DE SAÚDE DE BARBACENA;18.002;FUNDO MUNICIPAL DE SAUDE;2.685;MANUTENÇÃO DO CEM;3;MEDIA E ALTA COMPLEXIDADE ASSISTENCIAL;10;Saúde;302;Assistência Hospitalar e Ambulatorial;461;3.1.90.92.00.00.00.00;DESPESAS DE EXERCÍCIOS ANTERIORES;1.500.000.1002;RECURSOS NÃO VINCULADOS DE IMPOSTOS (SAÚDE);0,00
FUNDO MUNICIPAL DE SAÚDE DE BARBACENA;18.002;FUNDO MUNICIPAL DE SAUDE;2.685;MANUTENÇÃO DO CEM;3;MEDIA E ALTA COMPLEXIDADE ASSISTENCIAL;10;Saúde;302;Assistência Hospitalar e Ambulatorial;488;4.4.90.51.00.00.00.00;OBRAS E INSTALAÇÕES;1.500.000.1002;RECURSOS NÃO VINCULADOS DE IMPOSTOS (SAÚDE);0,00
FUNDO MUNICIPAL DE SAÚDE DE BARBACENA;18.002;FUNDO MUNICIPAL DE SAUDE;2.685;MANUTENÇÃO DO CEM;3;MEDIA E ALTA COMPLEXIDADE ASSISTENCIAL;10;Saúde;302;Assistência Hospitalar e Ambulatorial;488;4.4.90.51.00.00.00.00;OBRAS E INSTALAÇÕES;1.600.000.0000;TRANSFERÊNCIAS FUNDO A FUNDO DE RECURSOS DO SUS PROVENIENTES DO GOVERNO FEDERAL - BLOCO DE MANUTENÇÃO DAS AÇÕES E SERVIÇOS PÚBLICOS DE SAÚDE;0,00
FUNDO MUNICIPAL DE SAÚDE DE BARBACENA;18.002;FUNDO MUNICIPAL DE SAUDE;2.689;APOIO A ASSOCIAÇÃO DE PAIS E AMIGOS DOS EXCEPCIONAIS - APAE;3;MEDIA E ALTA COMPLEXIDADE ASSISTENCIAL;10;Saúde;302;Assistência Hospitalar e Ambulatorial;460;3.3.90.39.00.00.00.00;OUTROS SERVIÇOS DE TERCEIROS - PESSOA JURÍDICA;1.600.000.0000;TRANSFERÊNCIAS FUNDO A FUNDO DE RECURSOS DO SUS PROVENIENTES DO GOVERNO FEDERAL - BLOCO DE MANUTENÇÃO DAS AÇÕES E SERVIÇOS PÚBLICOS DE SAÚDE;219.913,84
FUNDO MUNICIPAL DE SAÚDE DE BARBACENA;18.002;FUNDO MUNICIPAL DE SAUDE;2.689;APOIO A ASSOCIAÇÃO DE PAIS E AMIGOS DOS EXCEPCIONAIS - APAE;3;MEDIA E ALTA COMPLEXIDADE ASSISTENCIAL;10;Saúde;302;Assistência Hospitalar e Ambulatorial;460;3.3.90.39.00.00.00.00;OUTROS SERVIÇOS DE TERCEIROS - PESSOA JURÍDICA;2.600.000.0000;TRANSFERÊNCIAS FUNDO A FUNDO DE RECURSOS DO SUS PROVENIENTES DO GOVERNO FEDERAL - BLOCO DE MANUTENÇÃO DAS AÇÕES E SERVIÇOS PÚBLICOS DE SAÚDE;0,00
FUNDO MUNICIPAL DE SAÚDE DE BARBACENA;18.002;FUNDO MUNICIPAL DE SAUDE;2.069;DISTRIBUIÇÃO DE MEDICAMENTOS CONFORME DETERMINAÇÃO JUDICIAL;3;MEDIA E ALTA COMPLEXIDADE ASSISTENCIAL;10;Saúde;303;Suporte Profilático e Terapêutico;200;3.3.90.30.00.00.00.00;MATERIAL DE CONSUMO;1.500.000.1002;RECURSOS NÃO VINCULADOS DE IMPOSTOS (SAÚDE);290.000,00
FUNDO MUNICIPAL DE SAÚDE DE BARBACENA;18.002;FUNDO MUNICIPAL DE SAUDE;2.339;AÇÕES DE ENFRENTAMENTO DA EMERGÊNCIA COVID 19;4;VIGILANCIA EM SAUDE;10;Saúde;122;Administração Geral;4;3.3.90.30.00.00.00.00;MATERIAL DE CONSUMO;1.707.000.0000;TRANSFERÊNCIAS DA UNIÃO – INCISO I DO ART. 5º DA LEI COMPLEMENTAR 173/2020;27.032,53
FUNDO MUNICIPAL DE SAÚDE DE BARBACENA;18.002;FUNDO MUNICIPAL DE SAUDE;2.339;AÇÕES DE ENFRENTAMENTO DA EMERGÊNCIA COVID 19;4;VIGILANCIA EM SAUDE;10;Saúde;122;Administração Geral;4;3.3.90.30.00.00.00.00;MATERIAL DE CONSUMO;2.659.000.0000;OUTROS RECURSOS VINCULADOS À SAÚDE;0,00
FUNDO MUNICIPAL DE SAÚDE DE BARBACENA;18.002;FUNDO MUNICIPAL DE SAUDE;2.339;AÇÕES DE ENFRENTAMENTO DA EMERGÊNCIA COVID 19;4;VIGILANCIA EM SAUDE;10;Saúde;122;Administração Geral;5;3.3.90.93.00.00.00.00;INDENIZAÇÕES E RESTITUIÇÕES;1.659.000.0000;OUTROS RECURSOS VINCULADOS À SAÚDE;1.000,00
FUNDO MUNICIPAL DE SAÚDE DE BARBACENA;18.002;FUNDO MUNICIPAL DE SAUDE;2.339;AÇÕES DE ENFRENTAMENTO DA EMERGÊNCIA COVID 19;4;VIGILANCIA EM SAUDE;10;Saúde;122;Administração Geral;251;3.3.90.39.00.00.00.00;OUTROS SERVIÇOS DE TERCEIROS - PESSOA JURÍDICA;2.659.000.0000;OUTROS RECURSOS VINCULADOS À SAÚDE;0,00
FUNDO MUNICIPAL DE SAÚDE DE BARBACENA;18.002;FUNDO MUNICIPAL DE SAUDE;2.339;AÇÕES DE ENFRENTAMENTO DA EMERGÊNCIA COVID 19;4;VIGILANCIA EM SAUDE;10;Saúde;122;Administração Geral;465;3.1.90.92.00.00.00.00;DESPESAS DE EXERCÍCIOS ANTERIORES;2.659.000.0000;OUTROS RECURSOS VINCULADOS À SAÚDE;0,00
FUNDO MUNICIPAL DE SAÚDE DE BARBACENA;18.002;FUNDO MUNICIPAL DE SAUDE;2.339;AÇÕES DE ENFRENTAMENTO DA EMERGÊNCIA COVID 19;4;VIGILANCIA EM SAUDE;10;Saúde;122;Administração Geral;467;4.4.90.52.00.00.00.00;EQUIPAMENTOS E MATERIAL PERMANENTE;2.659.000.0000;OUTROS RECURSOS VINCULADOS À SAÚDE;0,00
FUNDO MUNICIPAL DE SAÚDE DE BARBACENA;18.002;FUNDO MUNICIPAL DE SAUDE;2.339;AÇÕES DE ENFRENTAMENTO DA EMERGÊNCIA COVID 19;4;VIGILANCIA EM SAUDE;10;Saúde;122;Administração Geral;474;3.1.90.04.00.00.00.00;CONTRATAÇÃO POR TEMPO DETERMINADO;2.659.000.0000;OUTROS RECURSOS VINCULADOS À SAÚDE;0,00
FUNDO MUNICIPAL DE SAÚDE DE BARBACENA;18.002;FUNDO MUNICIPAL DE SAUDE;2.339;AÇÕES DE ENFRENTAMENTO DA EMERGÊNCIA COVID 19;4;VIGILANCIA EM SAUDE;10;Saúde;122;Administração Geral;475;3.1.90.11.00.00.00.00;VENCIMENTOS E VANTAGENS FIXAS - PESSOAL CIVIL;2.659.000.0000;OUTROS RECURSOS VINCULADOS À SAÚDE;0,00
FUNDO MUNICIPAL DE SAÚDE DE BARBACENA;18.002;FUNDO MUNICIPAL DE SAUDE;2.339;AÇÕES DE ENFRENTAMENTO DA EMERGÊNCIA COVID 19;4;VIGILANCIA EM SAUDE;10;Saúde;122;Administração Geral;476;3.1.90.13.00.00.00.00;OBRIGAÇÕES PATRONAIS;2.659.000.0000;OUTROS RECURSOS VINCULADOS À SAÚDE;0,00
FUNDO MUNICIPAL DE SAÚDE DE BARBACENA;18.002;FUNDO MUNICIPAL DE SAUDE;2.339;AÇÕES DE ENFRENTAMENTO DA EMERGÊNCIA COVID 19;4;VIGILANCIA EM SAUDE;10;Saúde;122;Administração Geral;477;3.1.91.13.00.00.00.00;OBRIGAÇÕES PATRONAIS;2.659.000.0000;OUTROS RECURSOS VINCULADOS À SAÚDE;0,00
FUNDO MUNICIPAL DE SAÚDE DE BARBACENA;18.002;FUNDO MUNICIPAL DE SAUDE;2.339;AÇÕES DE ENFRENTAMENTO DA EMERGÊNCIA COVID 19;4;VIGILANCIA EM SAUDE;10;Saúde;122;Administração Geral;478;3.3.90.46.00.00.00.00;AUXÍLIO-ALIMENTAÇÃO;2.659.000.0000;OUTROS RECURSOS VINCULADOS À SAÚDE;0,00
FUNDO MUNICIPAL DE SAÚDE DE BARBACENA;18.002;FUNDO MUNICIPAL DE SAUDE;2.339;AÇÕES DE ENFRENTAMENTO DA EMERGÊNCIA COVID 19;4;VIGILANCIA EM SAUDE;10;Saúde;122;Administração Geral;479;3.3.90.08.00.00.00.00;OUTROS BENEFÍCIOS ASSISTENCIAIS-SERVIDOR/MILITAR;2.659.000.0000;OUTROS RECURSOS VINCULADOS À SAÚDE;0,00
FUNDO MUNICIPAL DE SAÚDE DE BARBACENA;18.002;FUNDO MUNICIPAL DE SAUDE;2.339;AÇÕES DE ENFRENTAMENTO DA EMERGÊNCIA COVID 19;4;VIGILANCIA EM SAUDE;10;Saúde;122;Administração Geral;480;3.3.90.18.00.00.00.00;AUXÍLIO FINANCEIRO A ESTUDANTES;2.659.000.0000;OUTROS RECURSOS VINCULADOS À SAÚDE;0,00
FUNDO MUNICIPAL DE SAÚDE DE BARBACENA;18.002;FUNDO MUNICIPAL DE SAUDE;2.339;AÇÕES DE ENFRENTAMENTO DA EMERGÊNCIA COVID 19;4;VIGILANCIA EM SAUDE;10;Saúde;122;Administração Geral;489;3.3.50.41.00.00.00.00;CONTRIBUIÇÕES;1.659.000.0000;OUTROS RECURSOS VINCULADOS À SAÚDE;0,00
FUNDO MUNICIPAL DE SAÚDE DE BARBACENA;18.002;FUNDO MUNICIPAL DE SAUDE;2.339;AÇÕES DE ENFRENTAMENTO DA EMERGÊNCIA COVID 19;4;VIGILANCIA EM SAUDE;10;Saúde;122;Administração Geral;489;3.3.50.41.00.00.00.00;CONTRIBUIÇÕES;2.659.000.0000;OUTROS RECURSOS VINCULADOS À SAÚDE;0,00
FUNDO MUNICIPAL DE SAÚDE DE BARBACENA;18.002;FUNDO MUNICIPAL DE SAUDE;1.481;CRIAÇÃO DE CÃODOMÍNIO MUNICIPAL;4;VIGILANCIA EM SAUDE;10;Saúde;304;Vigilância Sanitária;201;4.4.90.51.00.00.00.00;OBRAS E INSTALAÇÕES;1.500.000.1002;RECURSOS NÃO VINCULADOS DE IMPOSTOS (SAÚDE);1.000,00
FUNDO MUNICIPAL DE SAÚDE DE BARBACENA;18.002;FUNDO MUNICIPAL DE SAUDE;2.009;MANUTENÇAO DA VIGILANCIA SANITARIA;4;VIGILANCIA EM SAUDE;10;Saúde;304;Vigilância Sanitária;202;3.1.90.04.00.00.00.00;CONTRATAÇÃO POR TEMPO DETERMINADO;1.500.000.1002;RECURSOS NÃO VINCULADOS DE IMPOSTOS (SAÚDE);50.000,00
FUNDO MUNICIPAL DE SAÚDE DE BARBACENA;18.002;FUNDO MUNICIPAL DE SAUDE;2.009;MANUTENÇAO DA VIGILANCIA SANITARIA;4;VIGILANCIA EM SAUDE;10;Saúde;304;Vigilância Sanitária;202;3.1.90.04.00.00.00.00;CONTRATAÇÃO POR TEMPO DETERMINADO;1.600.000.0000;TRANSFERÊNCIAS FUNDO A FUNDO DE RECURSOS DO SUS PROVENIENTES DO GOVERNO FEDERAL - BLOCO DE MANUTENÇÃO DAS AÇÕES E SERVIÇOS PÚBLICOS DE SAÚDE;185.058,53
FUNDO MUNICIPAL DE SAÚDE DE BARBACENA;18.002;FUNDO MUNICIPAL DE SAUDE;2.009;MANUTENÇAO DA VIGILANCIA SANITARIA;4;VIGILANCIA EM SAUDE;10;Saúde;304;Vigilância Sanitária;202;3.1.90.04.00.00.00.00;CONTRATAÇÃO POR TEMPO DETERMINADO;1.621.000.0000;TRANSFERÊNCIAS FUNDO A FUNDO DE RECURSOS DO SUS PROVENIENTES DO GOVERNO ESTADUAL;0,00
FUNDO MUNICIPAL DE SAÚDE DE BARBACENA;18.002;FUNDO MUNICIPAL DE SAUDE;2.009;MANUTENÇAO DA VIGILANCIA SANITARIA;4;VIGILANCIA EM SAUDE;10;Saúde;304;Vigilância Sanitária;202;3.1.90.04.00.00.00.00;CONTRATAÇÃO POR TEMPO DETERMINADO;2.621.000.0000;TRANSFERÊNCIAS FUNDO A FUNDO DE RECURSOS DO SUS PROVENIENTES DO GOVERNO ESTADUAL;0,00
FUNDO MUNICIPAL DE SAÚDE DE BARBACENA;18.002;FUNDO MUNICIPAL DE SAUDE;2.009;MANUTENÇAO DA VIGILANCIA SANITARIA;4;VIGILANCIA EM SAUDE;10;Saúde;304;Vigilância Sanitária;203;3.1.90.11.00.00.00.00;VENCIMENTOS E VANTAGENS FIXAS - PESSOAL CIVIL;1.500.000.1002;RECURSOS NÃO VINCULADOS DE IMPOSTOS (SAÚDE);405.086,27
FUNDO MUNICIPAL DE SAÚDE DE BARBACENA;18.002;FUNDO MUNICIPAL DE SAUDE;2.009;MANUTENÇAO DA VIGILANCIA SANITARIA;4;VIGILANCIA EM SAUDE;10;Saúde;304;Vigilância Sanitária;203;3.1.90.11.00.00.00.00;VENCIMENTOS E VANTAGENS FIXAS - PESSOAL CIVIL;1.621.000.0000;TRANSFERÊNCIAS FUNDO A FUNDO DE RECURSOS DO SUS PROVENIENTES DO GOVERNO ESTADUAL;0,00
FUNDO MUNICIPAL DE SAÚDE DE BARBACENA;18.002;FUNDO MUNICIPAL DE SAUDE;2.009;MANUTENÇAO DA VIGILANCIA SANITARIA;4;VIGILANCIA EM SAUDE;10;Saúde;304;Vigilância Sanitária;203;3.1.90.11.00.00.00.00;VENCIMENTOS E VANTAGENS FIXAS - PESSOAL CIVIL;2.621.000.0000;TRANSFERÊNCIAS FUNDO A FUNDO DE RECURSOS DO SUS PROVENIENTES DO GOVERNO ESTADUAL;0,00
FUNDO MUNICIPAL DE SAÚDE DE BARBACENA;18.002;FUNDO MUNICIPAL DE SAUDE;2.009;MANUTENÇAO DA VIGILANCIA SANITARIA;4;VIGILANCIA EM SAUDE;10;Saúde;304;Vigilância Sanitária;204;3.1.90.92.00.00.00.00;DESPESAS DE EXERCÍCIOS ANTERIORES;1.500.000.1002;RECURSOS NÃO VINCULADOS DE IMPOSTOS (SAÚDE);1.000,00
FUNDO MUNICIPAL DE SAÚDE DE BARBACENA;18.002;FUNDO MUNICIPAL DE SAUDE;2.009;MANUTENÇAO DA VIGILANCIA SANITARIA;4;VIGILANCIA EM SAUDE;10;Saúde;304;Vigilância Sanitária;205;3.1.91.13.00.00.00.00;OBRIGAÇÕES PATRONAIS;1.500.000.1002;RECURSOS NÃO VINCULADOS DE IMPOSTOS (SAÚDE);107.896,54
FUNDO MUNICIPAL DE SAÚDE DE BARBACENA;18.002;FUNDO MUNICIPAL DE SAUDE;2.009;MANUTENÇAO DA VIGILANCIA SANITARIA;4;VIGILANCIA EM SAUDE;10;Saúde;304;Vigilância Sanitária;205;3.1.91.13.00.00.00.00;OBRIGAÇÕES PATRONAIS;1.621.000.0000;TRANSFERÊNCIAS FUNDO A FUNDO DE RECURSOS DO SUS PROVENIENTES DO GOVERNO ESTADUAL;0,00
FUNDO MUNICIPAL DE SAÚDE DE BARBACENA;18.002;FUNDO MUNICIPAL DE SAUDE;2.009;MANUTENÇAO DA VIGILANCIA SANITARIA;4;VIGILANCIA EM SAUDE;10;Saúde;304;Vigilância Sanitária;205;3.1.91.13.00.00.00.00;OBRIGAÇÕES PATRONAIS;2.621.000.0000;TRANSFERÊNCIAS FUNDO A FUNDO DE RECURSOS DO SUS PROVENIENTES DO GOVERNO ESTADUAL;0,00
FUNDO MUNICIPAL DE SAÚDE DE BARBACENA;18.002;FUNDO MUNICIPAL DE SAUDE;2.009;MANUTENÇAO DA VIGILANCIA SANITARIA;4;VIGILANCIA EM SAUDE;10;Saúde;304;Vigilância Sanitária;206;3.3.90.08.00.00.00.00;OUTROS BENEFÍCIOS ASSISTENCIAIS-SERVIDOR/MILITAR;1.500.000.1002;RECURSOS NÃO VINCULADOS DE IMPOSTOS (SAÚDE);200,00
FUNDO MUNICIPAL DE SAÚDE DE BARBACENA;18.002;FUNDO MUNICIPAL DE SAUDE;2.009;MANUTENÇAO DA VIGILANCIA SANITARIA;4;VIGILANCIA EM SAUDE;10;Saúde;304;Vigilância Sanitária;207;3.3.90.14.00.00.00.00;DIÁRIAS - PESSOAL CIVIL;1.500.000.1002;RECURSOS NÃO VINCULADOS DE IMPOSTOS (SAÚDE);300,00
FUNDO MUNICIPAL DE SAÚDE DE BARBACENA;18.002;FUNDO MUNICIPAL DE SAUDE;2.009;MANUTENÇAO DA VIGILANCIA SANITARIA;4;VIGILANCIA EM SAUDE;10;Saúde;304;Vigilância Sanitária;207;3.3.90.14.00.00.00.00;DIÁRIAS - PESSOAL CIVIL;1.600.000.0000;TRANSFERÊNCIAS FUNDO A FUNDO DE RECURSOS DO SUS PROVENIENTES DO GOVERNO FEDERAL - BLOCO DE MANUTENÇÃO DAS AÇÕES E SERVIÇOS PÚBLICOS DE SAÚDE;1.500,00
FUNDO MUNICIPAL DE SAÚDE DE BARBACENA;18.002;FUNDO MUNICIPAL DE SAUDE;2.009;MANUTENÇAO DA VIGILANCIA SANITARIA;4;VIGILANCIA EM SAUDE;10;Saúde;304;Vigilância Sanitária;208;3.3.90.18.00.00.00.00;AUXÍLIO FINANCEIRO A ESTUDANTES;1.500.000.1002;RECURSOS NÃO VINCULADOS DE IMPOSTOS (SAÚDE);500,00
FUNDO MUNICIPAL DE SAÚDE DE BARBACENA;18.002;FUNDO MUNICIPAL DE SAUDE;2.009;MANUTENÇAO DA VIGILANCIA SANITARIA;4;VIGILANCIA EM SAUDE;10;Saúde;304;Vigilância Sanitária;209;3.3.90.30.00.00.00.00;MATERIAL DE CONSUMO;1.600.000.0000;TRANSFERÊNCIAS FUNDO A FUNDO DE RECURSOS DO SUS PROVENIENTES DO GOVERNO FEDERAL - BLOCO DE MANUTENÇÃO DAS AÇÕES E SERVIÇOS PÚBLICOS DE SAÚDE;30.000,00
FUNDO MUNICIPAL DE SAÚDE DE BARBACENA;18.002;FUNDO MUNICIPAL DE SAUDE;2.009;MANUTENÇAO DA VIGILANCIA SANITARIA;4;VIGILANCIA EM SAUDE;10;Saúde;304;Vigilância Sanitária;209;3.3.90.30.00.00.00.00;MATERIAL DE CONSUMO;2.600.000.0000;TRANSFERÊNCIAS FUNDO A FUNDO DE RECURSOS DO SUS PROVENIENTES DO GOVERNO FEDERAL - BLOCO DE MANUTENÇÃO DAS AÇÕES E SERVIÇOS PÚBLICOS DE SAÚDE;0,00
FUNDO MUNICIPAL DE SAÚDE DE BARBACENA;18.002;FUNDO MUNICIPAL DE SAUDE;2.009;MANUTENÇAO DA VIGILANCIA SANITARIA;4;VIGILANCIA EM SAUDE;10;Saúde;304;Vigilância Sanitária;209;3.3.90.30.00.00.00.00;MATERIAL DE CONSUMO;2.621.000.0000;TRANSFERÊNCIAS FUNDO A FUNDO DE RECURSOS DO SUS PROVENIENTES DO GOVERNO ESTADUAL;0,00
FUNDO MUNICIPAL DE SAÚDE DE BARBACENA;18.002;FUNDO MUNICIPAL DE SAUDE;2.009;MANUTENÇAO DA VIGILANCIA SANITARIA;4;VIGILANCIA EM SAUDE;10;Saúde;304;Vigilância Sanitária;210;3.3.90.39.00.00.00.00;OUTROS SERVIÇOS DE TERCEIROS - PESSOA JURÍDICA;1.600.000.0000;TRANSFERÊNCIAS FUNDO A FUNDO DE RECURSOS DO SUS PROVENIENTES DO GOVERNO FEDERAL - BLOCO DE MANUTENÇÃO DAS AÇÕES E SERVIÇOS PÚBLICOS DE SAÚDE;30.000,00
FUNDO MUNICIPAL DE SAÚDE DE BARBACENA;18.002;FUNDO MUNICIPAL DE SAUDE;2.009;MANUTENÇAO DA VIGILANCIA SANITARIA;4;VIGILANCIA EM SAUDE;10;Saúde;304;Vigilância Sanitária;210;3.3.90.39.00.00.00.00;OUTROS SERVIÇOS DE TERCEIROS - PESSOA JURÍDICA;2.600.000.0000;TRANSFERÊNCIAS FUNDO A FUNDO DE RECURSOS DO SUS PROVENIENTES DO GOVERNO FEDERAL - BLOCO DE MANUTENÇÃO DAS AÇÕES E SERVIÇOS PÚBLICOS DE SAÚDE;0,00
FUNDO MUNICIPAL DE SAÚDE DE BARBACENA;18.002;FUNDO MUNICIPAL DE SAUDE;2.009;MANUTENÇAO DA VIGILANCIA SANITARIA;4;VIGILANCIA EM SAUDE;10;Saúde;304;Vigilância Sanitária;210;3.3.90.39.00.00.00.00;OUTROS SERVIÇOS DE TERCEIROS - PESSOA JURÍDICA;2.621.000.0000;TRANSFERÊNCIAS FUNDO A FUNDO DE RECURSOS DO SUS PROVENIENTES DO GOVERNO ESTADUAL;0,00
FUNDO MUNICIPAL DE SAÚDE DE BARBACENA;18.002;FUNDO MUNICIPAL DE SAUDE;2.009;MANUTENÇAO DA VIGILANCIA SANITARIA;4;VIGILANCIA EM SAUDE;10;Saúde;304;Vigilância Sanitária;211;3.3.90.40.00.00.00.00;SERVIÇOS DE TECNOLOGIA DA INFORMAÇÃO E COMUNICAÇ;1.500.000.1002;RECURSOS NÃO VINCULADOS DE IMPOSTOS (SAÚDE);500,00
FUNDO MUNICIPAL DE SAÚDE DE BARBACENA;18.002;FUNDO MUNICIPAL DE SAUDE;2.009;MANUTENÇAO DA VIGILANCIA SANITARIA;4;VIGILANCIA EM SAUDE;10;Saúde;304;Vigilância Sanitária;212;3.3.90.46.00.00.00.00;AUXÍLIO-ALIMENTAÇÃO;1.500.000.1002;RECURSOS NÃO VINCULADOS DE IMPOSTOS (SAÚDE);17.875,00
FUNDO MUNICIPAL DE SAÚDE DE BARBACENA;18.002;FUNDO MUNICIPAL DE SAUDE;2.009;MANUTENÇAO DA VIGILANCIA SANITARIA;4;VIGILANCIA EM SAUDE;10;Saúde;304;Vigilância Sanitária;212;3.3.90.46.00.00.00.00;AUXÍLIO-ALIMENTAÇÃO;1.600.000.0000;TRANSFERÊNCIAS FUNDO A FUNDO DE RECURSOS DO SUS PROVENIENTES DO GOVERNO FEDERAL - BLOCO DE MANUTENÇÃO DAS AÇÕES E SERVIÇOS PÚBLICOS DE SAÚDE;14.300,00
FUNDO MUNICIPAL DE SAÚDE DE BARBACENA;18.002;FUNDO MUNICIPAL DE SAUDE;2.009;MANUTENÇAO DA VIGILANCIA SANITARIA;4;VIGILANCIA EM SAUDE;10;Saúde;304;Vigilância Sanitária;212;3.3.90.46.00.00.00.00;AUXÍLIO-ALIMENTAÇÃO;1.621.000.0000;TRANSFERÊNCIAS FUNDO A FUNDO DE RECURSOS DO SUS PROVENIENTES DO GOVERNO ESTADUAL;0,00
FUNDO MUNICIPAL DE SAÚDE DE BARBACENA;18.002;FUNDO MUNICIPAL DE SAUDE;2.009;MANUTENÇAO DA VIGILANCIA SANITARIA;4;VIGILANCIA EM SAUDE;10;Saúde;304;Vigilância Sanitária;212;3.3.90.46.00.00.00.00;AUXÍLIO-ALIMENTAÇÃO;2.621.000.0000;TRANSFERÊNCIAS FUNDO A FUNDO DE RECURSOS DO SUS PROVENIENTES DO GOVERNO ESTADUAL;0,00
FUNDO MUNICIPAL DE SAÚDE DE BARBACENA;18.002;FUNDO MUNICIPAL DE SAUDE;2.009;MANUTENÇAO DA VIGILANCIA SANITARIA;4;VIGILANCIA EM SAUDE;10;Saúde;304;Vigilância Sanitária;462;4.4.90.52.00.00.00.00;EQUIPAMENTOS E MATERIAL PERMANENTE;2.621.000.0000;TRANSFERÊNCIAS FUNDO A FUNDO DE RECURSOS DO SUS PROVENIENTES DO GOVERNO ESTADUAL;0,00
FUNDO MUNICIPAL DE SAÚDE DE BARBACENA;18.002;FUNDO MUNICIPAL DE SAUDE;2.009;MANUTENÇAO DA VIGILANCIA SANITARIA;4;VIGILANCIA EM SAUDE;10;Saúde;304;Vigilância Sanitária;472;3.3.90.93.00.00.00.00;INDENIZAÇÕES E RESTITUIÇÕES;1.500.000.1002;RECURSOS NÃO VINCULADOS DE IMPOSTOS (SAÚDE);0,00
FUNDO MUNICIPAL DE SAÚDE DE BARBACENA;18.002;FUNDO MUNICIPAL DE SAUDE;1.052;CONSTRUÇÃO, REFORMA, READEQUAÇÃO DO AMBULATÓRIO VET. MUNICIPAL E CENTRO DE CONTROLE DE ZOONOSES;4;VIGILANCIA EM SAUDE;10;Saúde;305;Vigilância Epidemiológica;213;4.4.90.51.00.00.00.00;OBRAS E INSTALAÇÕES;1.500.000.0000;RECURSOS NÃO VINCULADOS DE IMPOSTOS;400.000,00
FUNDO MUNICIPAL DE SAÚDE DE BARBACENA;18.002;FUNDO MUNICIPAL DE SAUDE;1.052;CONSTRUÇÃO, REFORMA, READEQUAÇÃO DO AMBULATÓRIO VET. MUNICIPAL E CENTRO DE CONTROLE DE ZOONOSES;4;VIGILANCIA EM SAUDE;10;Saúde;305;Vigilância Epidemiológica;213;4.4.90.51.00.00.00.00;OBRAS E INSTALAÇÕES;1.600.000.0000;TRANSFERÊNCIAS FUNDO A FUNDO DE RECURSOS DO SUS PROVENIENTES DO GOVERNO FEDERAL - BLOCO DE MANUTENÇÃO DAS AÇÕES E SERVIÇOS PÚBLICOS DE SAÚDE;1.000,00
FUNDO MUNICIPAL DE SAÚDE DE BARBACENA;18.002;FUNDO MUNICIPAL DE SAUDE;2.010;MANUTENÇAO DA VIGILÂNCIA EPIDEMIOLÓGICA;4;VIGILANCIA EM SAUDE;10;Saúde;305;Vigilância Epidemiológica;214;3.1.90.04.00.00.00.00;CONTRATAÇÃO POR TEMPO DETERMINADO;1.500.000.1002;RECURSOS NÃO VINCULADOS DE IMPOSTOS (SAÚDE);95.000,00
FUNDO MUNICIPAL DE SAÚDE DE BARBACENA;18.002;FUNDO MUNICIPAL DE SAUDE;2.010;MANUTENÇAO DA VIGILÂNCIA EPIDEMIOLÓGICA;4;VIGILANCIA EM SAUDE;10;Saúde;305;Vigilância Epidemiológica;214;3.1.90.04.00.00.00.00;CONTRATAÇÃO POR TEMPO DETERMINADO;1.600.000.0000;TRANSFERÊNCIAS FUNDO A FUNDO DE RECURSOS DO SUS PROVENIENTES DO GOVERNO FEDERAL - BLOCO DE MANUTENÇÃO DAS AÇÕES E SERVIÇOS PÚBLICOS DE SAÚDE;820.488,81
FUNDO MUNICIPAL DE SAÚDE DE BARBACENA;18.002;FUNDO MUNICIPAL DE SAUDE;2.010;MANUTENÇAO DA VIGILÂNCIA EPIDEMIOLÓGICA;4;VIGILANCIA EM SAUDE;10;Saúde;305;Vigilância Epidemiológica;214;3.1.90.04.00.00.00.00;CONTRATAÇÃO POR TEMPO DETERMINADO;1.621.000.0000;TRANSFERÊNCIAS FUNDO A FUNDO DE RECURSOS DO SUS PROVENIENTES DO GOVERNO ESTADUAL;1.000,00
FUNDO MUNICIPAL DE SAÚDE DE BARBACENA;18.002;FUNDO MUNICIPAL DE SAUDE;2.010;MANUTENÇAO DA VIGILÂNCIA EPIDEMIOLÓGICA;4;VIGILANCIA EM SAUDE;10;Saúde;305;Vigilância Epidemiológica;214;3.1.90.04.00.00.00.00;CONTRATAÇÃO POR TEMPO DETERMINADO;2.621.000.0000;TRANSFERÊNCIAS FUNDO A FUNDO DE RECURSOS DO SUS PROVENIENTES DO GOVERNO ESTADUAL;0,00
FUNDO MUNICIPAL DE SAÚDE DE BARBACENA;18.002;FUNDO MUNICIPAL DE SAUDE;2.010;MANUTENÇAO DA VIGILÂNCIA EPIDEMIOLÓGICA;4;VIGILANCIA EM SAUDE;10;Saúde;305;Vigilância Epidemiológica;215;3.1.90.11.00.00.00.00;VENCIMENTOS E VANTAGENS FIXAS - PESSOAL CIVIL;1.500.000.1002;RECURSOS NÃO VINCULADOS DE IMPOSTOS (SAÚDE);30.000,00
FUNDO MUNICIPAL DE SAÚDE DE BARBACENA;18.002;FUNDO MUNICIPAL DE SAUDE;2.010;MANUTENÇAO DA VIGILÂNCIA EPIDEMIOLÓGICA;4;VIGILANCIA EM SAUDE;10;Saúde;305;Vigilância Epidemiológica;215;3.1.90.11.00.00.00.00;VENCIMENTOS E VANTAGENS FIXAS - PESSOAL CIVIL;1.600.000.0000;TRANSFERÊNCIAS FUNDO A FUNDO DE RECURSOS DO SUS PROVENIENTES DO GOVERNO FEDERAL - BLOCO DE MANUTENÇÃO DAS AÇÕES E SERVIÇOS PÚBLICOS DE SAÚDE;333.263,06
FUNDO MUNICIPAL DE SAÚDE DE BARBACENA;18.002;FUNDO MUNICIPAL DE SAUDE;2.010;MANUTENÇAO DA VIGILÂNCIA EPIDEMIOLÓGICA;4;VIGILANCIA EM SAUDE;10;Saúde;305;Vigilância Epidemiológica;215;3.1.90.11.00.00.00.00;VENCIMENTOS E VANTAGENS FIXAS - PESSOAL CIVIL;1.621.000.0000;TRANSFERÊNCIAS FUNDO A FUNDO DE RECURSOS DO SUS PROVENIENTES DO GOVERNO ESTADUAL;0,00
FUNDO MUNICIPAL DE SAÚDE DE BARBACENA;18.002;FUNDO MUNICIPAL DE SAUDE;2.010;MANUTENÇAO DA VIGILÂNCIA EPIDEMIOLÓGICA;4;VIGILANCIA EM SAUDE;10;Saúde;305;Vigilância Epidemiológica;215;3.1.90.11.00.00.00.00;VENCIMENTOS E VANTAGENS FIXAS - PESSOAL CIVIL;2.621.000.0000;TRANSFERÊNCIAS FUNDO A FUNDO DE RECURSOS DO SUS PROVENIENTES DO GOVERNO ESTADUAL;0,00
FUNDO MUNICIPAL DE SAÚDE DE BARBACENA;18.002;FUNDO MUNICIPAL DE SAUDE;2.010;MANUTENÇAO DA VIGILÂNCIA EPIDEMIOLÓGICA;4;VIGILANCIA EM SAUDE;10;Saúde;305;Vigilância Epidemiológica;216;3.1.90.13.00.00.00.00;OBRIGAÇÕES PATRONAIS;1.600.000.0000;TRANSFERÊNCIAS FUNDO A FUNDO DE RECURSOS DO SUS PROVENIENTES DO GOVERNO FEDERAL - BLOCO DE MANUTENÇÃO DAS AÇÕES E SERVIÇOS PÚBLICOS DE SAÚDE;20.000,00
FUNDO MUNICIPAL DE SAÚDE DE BARBACENA;18.002;FUNDO MUNICIPAL DE SAUDE;2.010;MANUTENÇAO DA VIGILÂNCIA EPIDEMIOLÓGICA;4;VIGILANCIA EM SAUDE;10;Saúde;305;Vigilância Epidemiológica;216;3.1.90.13.00.00.00.00;OBRIGAÇÕES PATRONAIS;1.621.000.0000;TRANSFERÊNCIAS FUNDO A FUNDO DE RECURSOS DO SUS PROVENIENTES DO GOVERNO ESTADUAL;1.000,00
FUNDO MUNICIPAL DE SAÚDE DE BARBACENA;18.002;FUNDO MUNICIPAL DE SAUDE;2.010;MANUTENÇAO DA VIGILÂNCIA EPIDEMIOLÓGICA;4;VIGILANCIA EM SAUDE;10;Saúde;305;Vigilância Epidemiológica;217;3.1.91.13.00.00.00.00;OBRIGAÇÕES PATRONAIS;1.500.000.1002;RECURSOS NÃO VINCULADOS DE IMPOSTOS (SAÚDE);15.000,00
FUNDO MUNICIPAL DE SAÚDE DE BARBACENA;18.002;FUNDO MUNICIPAL DE SAUDE;2.010;MANUTENÇAO DA VIGILÂNCIA EPIDEMIOLÓGICA;4;VIGILANCIA EM SAUDE;10;Saúde;305;Vigilância Epidemiológica;217;3.1.91.13.00.00.00.00;OBRIGAÇÕES PATRONAIS;1.600.000.0000;TRANSFERÊNCIAS FUNDO A FUNDO DE RECURSOS DO SUS PROVENIENTES DO GOVERNO FEDERAL - BLOCO DE MANUTENÇÃO DAS AÇÕES E SERVIÇOS PÚBLICOS DE SAÚDE;93.313,65
FUNDO MUNICIPAL DE SAÚDE DE BARBACENA;18.002;FUNDO MUNICIPAL DE SAUDE;2.010;MANUTENÇAO DA VIGILÂNCIA EPIDEMIOLÓGICA;4;VIGILANCIA EM SAUDE;10;Saúde;305;Vigilância Epidemiológica;217;3.1.91.13.00.00.00.00;OBRIGAÇÕES PATRONAIS;1.621.000.0000;TRANSFERÊNCIAS FUNDO A FUNDO DE RECURSOS DO SUS PROVENIENTES DO GOVERNO ESTADUAL;0,00
FUNDO MUNICIPAL DE SAÚDE DE BARBACENA;18.002;FUNDO MUNICIPAL DE SAUDE;2.010;MANUTENÇAO DA VIGILÂNCIA EPIDEMIOLÓGICA;4;VIGILANCIA EM SAUDE;10;Saúde;305;Vigilância Epidemiológica;217;3.1.91.13.00.00.00.00;OBRIGAÇÕES PATRONAIS;2.621.000.0000;TRANSFERÊNCIAS FUNDO A FUNDO DE RECURSOS DO SUS PROVENIENTES DO GOVERNO ESTADUAL;0,00
FUNDO MUNICIPAL DE SAÚDE DE BARBACENA;18.002;FUNDO MUNICIPAL DE SAUDE;2.010;MANUTENÇAO DA VIGILÂNCIA EPIDEMIOLÓGICA;4;VIGILANCIA EM SAUDE;10;Saúde;305;Vigilância Epidemiológica;218;3.3.90.08.00.00.00.00;OUTROS BENEFÍCIOS ASSISTENCIAIS-SERVIDOR/MILITAR;1.500.000.1002;RECURSOS NÃO VINCULADOS DE IMPOSTOS (SAÚDE);1.000,00
FUNDO MUNICIPAL DE SAÚDE DE BARBACENA;18.002;FUNDO MUNICIPAL DE SAUDE;2.010;MANUTENÇAO DA VIGILÂNCIA EPIDEMIOLÓGICA;4;VIGILANCIA EM SAUDE;10;Saúde;305;Vigilância Epidemiológica;218;3.3.90.08.00.00.00.00;OUTROS BENEFÍCIOS ASSISTENCIAIS-SERVIDOR/MILITAR;1.600.000.0000;TRANSFERÊNCIAS FUNDO A FUNDO DE RECURSOS DO SUS PROVENIENTES DO GOVERNO FEDERAL - BLOCO DE MANUTENÇÃO DAS AÇÕES E SERVIÇOS PÚBLICOS DE SAÚDE;2.000,00
FUNDO MUNICIPAL DE SAÚDE DE BARBACENA;18.002;FUNDO MUNICIPAL DE SAUDE;2.010;MANUTENÇAO DA VIGILÂNCIA EPIDEMIOLÓGICA;4;VIGILANCIA EM SAUDE;10;Saúde;305;Vigilância Epidemiológica;219;3.3.90.14.00.00.00.00;DIÁRIAS - PESSOAL CIVIL;1.500.000.1002;RECURSOS NÃO VINCULADOS DE IMPOSTOS (SAÚDE);1.000,00
FUNDO MUNICIPAL DE SAÚDE DE BARBACENA;18.002;FUNDO MUNICIPAL DE SAUDE;2.010;MANUTENÇAO DA VIGILÂNCIA EPIDEMIOLÓGICA;4;VIGILANCIA EM SAUDE;10;Saúde;305;Vigilância Epidemiológica;219;3.3.90.14.00.00.00.00;DIÁRIAS - PESSOAL CIVIL;1.600.000.0000;TRANSFERÊNCIAS FUNDO A FUNDO DE RECURSOS DO SUS PROVENIENTES DO GOVERNO FEDERAL - BLOCO DE MANUTENÇÃO DAS AÇÕES E SERVIÇOS PÚBLICOS DE SAÚDE;1.000,00
FUNDO MUNICIPAL DE SAÚDE DE BARBACENA;18.002;FUNDO MUNICIPAL DE SAUDE;2.010;MANUTENÇAO DA VIGILÂNCIA EPIDEMIOLÓGICA;4;VIGILANCIA EM SAUDE;10;Saúde;305;Vigilância Epidemiológica;219;3.3.90.14.00.00.00.00;DIÁRIAS - PESSOAL CIVIL;1.621.000.0000;TRANSFERÊNCIAS FUNDO A FUNDO DE RECURSOS DO SUS PROVENIENTES DO GOVERNO ESTADUAL;1.000,00
FUNDO MUNICIPAL DE SAÚDE DE BARBACENA;18.002;FUNDO MUNICIPAL DE SAUDE;2.010;MANUTENÇAO DA VIGILÂNCIA EPIDEMIOLÓGICA;4;VIGILANCIA EM SAUDE;10;Saúde;305;Vigilância Epidemiológica;220;3.3.90.18.00.00.00.00;AUXÍLIO FINANCEIRO A ESTUDANTES;1.500.000.1002;RECURSOS NÃO VINCULADOS DE IMPOSTOS (SAÚDE);1.000,00
FUNDO MUNICIPAL DE SAÚDE DE BARBACENA;18.002;FUNDO MUNICIPAL DE SAUDE;2.010;MANUTENÇAO DA VIGILÂNCIA EPIDEMIOLÓGICA;4;VIGILANCIA EM SAUDE;10;Saúde;305;Vigilância Epidemiológica;220;3.3.90.18.00.00.00.00;AUXÍLIO FINANCEIRO A ESTUDANTES;1.600.000.0000;TRANSFERÊNCIAS FUNDO A FUNDO DE RECURSOS DO SUS PROVENIENTES DO GOVERNO FEDERAL - BLOCO DE MANUTENÇÃO DAS AÇÕES E SERVIÇOS PÚBLICOS DE SAÚDE;500,00
FUNDO MUNICIPAL DE SAÚDE DE BARBACENA;18.002;FUNDO MUNICIPAL DE SAUDE;2.010;MANUTENÇAO DA VIGILÂNCIA EPIDEMIOLÓGICA;4;VIGILANCIA EM SAUDE;10;Saúde;305;Vigilância Epidemiológica;221;3.3.90.30.00.00.00.00;MATERIAL DE CONSUMO;1.500.000.1002;RECURSOS NÃO VINCULADOS DE IMPOSTOS (SAÚDE);30.000,00
FUNDO MUNICIPAL DE SAÚDE DE BARBACENA;18.002;FUNDO MUNICIPAL DE SAUDE;2.010;MANUTENÇAO DA VIGILÂNCIA EPIDEMIOLÓGICA;4;VIGILANCIA EM SAUDE;10;Saúde;305;Vigilância Epidemiológica;221;3.3.90.30.00.00.00.00;MATERIAL DE CONSUMO;1.600.000.0000;TRANSFERÊNCIAS FUNDO A FUNDO DE RECURSOS DO SUS PROVENIENTES DO GOVERNO FEDERAL - BLOCO DE MANUTENÇÃO DAS AÇÕES E SERVIÇOS PÚBLICOS DE SAÚDE;80.000,00
FUNDO MUNICIPAL DE SAÚDE DE BARBACENA;18.002;FUNDO MUNICIPAL DE SAUDE;2.010;MANUTENÇAO DA VIGILÂNCIA EPIDEMIOLÓGICA;4;VIGILANCIA EM SAUDE;10;Saúde;305;Vigilância Epidemiológica;221;3.3.90.30.00.00.00.00;MATERIAL DE CONSUMO;2.600.000.0000;TRANSFERÊNCIAS FUNDO A FUNDO DE RECURSOS DO SUS PROVENIENTES DO GOVERNO FEDERAL - BLOCO DE MANUTENÇÃO DAS AÇÕES E SERVIÇOS PÚBLICOS DE SAÚDE;0,00
FUNDO MUNICIPAL DE SAÚDE DE BARBACENA;18.002;FUNDO MUNICIPAL DE SAUDE;2.010;MANUTENÇAO DA VIGILÂNCIA EPIDEMIOLÓGICA;4;VIGILANCIA EM SAUDE;10;Saúde;305;Vigilância Epidemiológica;221;3.3.90.30.00.00.00.00;MATERIAL DE CONSUMO;2.621.000.0000;TRANSFERÊNCIAS FUNDO A FUNDO DE RECURSOS DO SUS PROVENIENTES DO GOVERNO ESTADUAL;0,00
FUNDO MUNICIPAL DE SAÚDE DE BARBACENA;18.002;FUNDO MUNICIPAL DE SAUDE;2.010;MANUTENÇAO DA VIGILÂNCIA EPIDEMIOLÓGICA;4;VIGILANCIA EM SAUDE;10;Saúde;305;Vigilância Epidemiológica;222;3.3.90.39.00.00.00.00;OUTROS SERVIÇOS DE TERCEIROS - PESSOA JURÍDICA;1.500.000.1002;RECURSOS NÃO VINCULADOS DE IMPOSTOS (SAÚDE);50.000,00
FUNDO MUNICIPAL DE SAÚDE DE BARBACENA;18.002;FUNDO MUNICIPAL DE SAUDE;2.010;MANUTENÇAO DA VIGILÂNCIA EPIDEMIOLÓGICA;4;VIGILANCIA EM SAUDE;10;Saúde;305;Vigilância Epidemiológica;222;3.3.90.39.00.00.00.00;OUTROS SERVIÇOS DE TERCEIROS - PESSOA JURÍDICA;1.600.000.0000;TRANSFERÊNCIAS FUNDO A FUNDO DE RECURSOS DO SUS PROVENIENTES DO GOVERNO FEDERAL - BLOCO DE MANUTENÇÃO DAS AÇÕES E SERVIÇOS PÚBLICOS DE SAÚDE;75.000,00
FUNDO MUNICIPAL DE SAÚDE DE BARBACENA;18.002;FUNDO MUNICIPAL DE SAUDE;2.010;MANUTENÇAO DA VIGILÂNCIA EPIDEMIOLÓGICA;4;VIGILANCIA EM SAUDE;10;Saúde;305;Vigilância Epidemiológica;222;3.3.90.39.00.00.00.00;OUTROS SERVIÇOS DE TERCEIROS - PESSOA JURÍDICA;1.621.000.0000;TRANSFERÊNCIAS FUNDO A FUNDO DE RECURSOS DO SUS PROVENIENTES DO GOVERNO ESTADUAL;10.000,00
FUNDO MUNICIPAL DE SAÚDE DE BARBACENA;18.002;FUNDO MUNICIPAL DE SAUDE;2.010;MANUTENÇAO DA VIGILÂNCIA EPIDEMIOLÓGICA;4;VIGILANCIA EM SAUDE;10;Saúde;305;Vigilância Epidemiológica;222;3.3.90.39.00.00.00.00;OUTROS SERVIÇOS DE TERCEIROS - PESSOA JURÍDICA;2.600.000.0000;TRANSFERÊNCIAS FUNDO A FUNDO DE RECURSOS DO SUS PROVENIENTES DO GOVERNO FEDERAL - BLOCO DE MANUTENÇÃO DAS AÇÕES E SERVIÇOS PÚBLICOS DE SAÚDE;0,00
FUNDO MUNICIPAL DE SAÚDE DE BARBACENA;18.002;FUNDO MUNICIPAL DE SAUDE;2.010;MANUTENÇAO DA VIGILÂNCIA EPIDEMIOLÓGICA;4;VIGILANCIA EM SAUDE;10;Saúde;305;Vigilância Epidemiológica;222;3.3.90.39.00.00.00.00;OUTROS SERVIÇOS DE TERCEIROS - PESSOA JURÍDICA;2.621.000.0000;TRANSFERÊNCIAS FUNDO A FUNDO DE RECURSOS DO SUS PROVENIENTES DO GOVERNO ESTADUAL;0,00
FUNDO MUNICIPAL DE SAÚDE DE BARBACENA;18.002;FUNDO MUNICIPAL DE SAUDE;2.010;MANUTENÇAO DA VIGILÂNCIA EPIDEMIOLÓGICA;4;VIGILANCIA EM SAUDE;10;Saúde;305;Vigilância Epidemiológica;223;3.3.90.40.00.00.00.00;SERVIÇOS DE TECNOLOGIA DA INFORMAÇÃO E COMUNICAÇ;1.500.000.1002;RECURSOS NÃO VINCULADOS DE IMPOSTOS (SAÚDE);1.000,00
FUNDO MUNICIPAL DE SAÚDE DE BARBACENA;18.002;FUNDO MUNICIPAL DE SAUDE;2.010;MANUTENÇAO DA VIGILÂNCIA EPIDEMIOLÓGICA;4;VIGILANCIA EM SAUDE;10;Saúde;305;Vigilância Epidemiológica;223;3.3.90.40.00.00.00.00;SERVIÇOS DE TECNOLOGIA DA INFORMAÇÃO E COMUNICAÇ;1.600.000.0000;TRANSFERÊNCIAS FUNDO A FUNDO DE RECURSOS DO SUS PROVENIENTES DO GOVERNO FEDERAL - BLOCO DE MANUTENÇÃO DAS AÇÕES E SERVIÇOS PÚBLICOS DE SAÚDE;500,00
FUNDO MUNICIPAL DE SAÚDE DE BARBACENA;18.002;FUNDO MUNICIPAL DE SAUDE;2.010;MANUTENÇAO DA VIGILÂNCIA EPIDEMIOLÓGICA;4;VIGILANCIA EM SAUDE;10;Saúde;305;Vigilância Epidemiológica;224;3.3.90.46.00.00.00.00;AUXÍLIO-ALIMENTAÇÃO;1.500.000.1002;RECURSOS NÃO VINCULADOS DE IMPOSTOS (SAÚDE);0,00
FUNDO MUNICIPAL DE SAÚDE DE BARBACENA;18.002;FUNDO MUNICIPAL DE SAUDE;2.010;MANUTENÇAO DA VIGILÂNCIA EPIDEMIOLÓGICA;4;VIGILANCIA EM SAUDE;10;Saúde;305;Vigilância Epidemiológica;224;3.3.90.46.00.00.00.00;AUXÍLIO-ALIMENTAÇÃO;1.600.000.0000;TRANSFERÊNCIAS FUNDO A FUNDO DE RECURSOS DO SUS PROVENIENTES DO GOVERNO FEDERAL - BLOCO DE MANUTENÇÃO DAS AÇÕES E SERVIÇOS PÚBLICOS DE SAÚDE;120.357,38
FUNDO MUNICIPAL DE SAÚDE DE BARBACENA;18.002;FUNDO MUNICIPAL DE SAUDE;2.010;MANUTENÇAO DA VIGILÂNCIA EPIDEMIOLÓGICA;4;VIGILANCIA EM SAUDE;10;Saúde;305;Vigilância Epidemiológica;224;3.3.90.46.00.00.00.00;AUXÍLIO-ALIMENTAÇÃO;1.621.000.0000;TRANSFERÊNCIAS FUNDO A FUNDO DE RECURSOS DO SUS PROVENIENTES DO GOVERNO ESTADUAL;0,00
FUNDO MUNICIPAL DE SAÚDE DE BARBACENA;18.002;FUNDO MUNICIPAL DE SAUDE;2.010;MANUTENÇAO DA VIGILÂNCIA EPIDEMIOLÓGICA;4;VIGILANCIA EM SAUDE;10;Saúde;305;Vigilância Epidemiológica;224;3.3.90.46.00.00.00.00;AUXÍLIO-ALIMENTAÇÃO;2.621.000.0000;TRANSFERÊNCIAS FUNDO A FUNDO DE RECURSOS DO SUS PROVENIENTES DO GOVERNO ESTADUAL;0,00
FUNDO MUNICIPAL DE SAÚDE DE BARBACENA;18.002;FUNDO MUNICIPAL DE SAUDE;2.010;MANUTENÇAO DA VIGILÂNCIA EPIDEMIOLÓGICA;4;VIGILANCIA EM SAUDE;10;Saúde;305;Vigilância Epidemiológica;225;3.3.90.92.00.00.00.00;DESPESAS DE EXERCÍCIOS ANTERIORES;1.500.000.1002;RECURSOS NÃO VINCULADOS DE IMPOSTOS (SAÚDE);500,00
FUNDO MUNICIPAL DE SAÚDE DE BARBACENA;18.002;FUNDO MUNICIPAL DE SAUDE;2.010;MANUTENÇAO DA VIGILÂNCIA EPIDEMIOLÓGICA;4;VIGILANCIA EM SAUDE;10;Saúde;305;Vigilância Epidemiológica;225;3.3.90.92.00.00.00.00;DESPESAS DE EXERCÍCIOS ANTERIORES;1.600.000.0000;TRANSFERÊNCIAS FUNDO A FUNDO DE RECURSOS DO SUS PROVENIENTES DO GOVERNO FEDERAL - BLOCO DE MANUTENÇÃO DAS AÇÕES E SERVIÇOS PÚBLICOS DE SAÚDE;500,00
FUNDO MUNICIPAL DE SAÚDE DE BARBACENA;18.002;FUNDO MUNICIPAL DE SAUDE;2.010;MANUTENÇAO DA VIGILÂNCIA EPIDEMIOLÓGICA;4;VIGILANCIA EM SAUDE;10;Saúde;305;Vigilância Epidemiológica;226;4.4.90.52.00.00.00.00;EQUIPAMENTOS E MATERIAL PERMANENTE;1.500.000.1002;RECURSOS NÃO VINCULADOS DE IMPOSTOS (SAÚDE);500,00
FUNDO MUNICIPAL DE SAÚDE DE BARBACENA;18.002;FUNDO MUNICIPAL DE SAUDE;2.010;MANUTENÇAO DA VIGILÂNCIA EPIDEMIOLÓGICA;4;VIGILANCIA EM SAUDE;10;Saúde;305;Vigilância Epidemiológica;226;4.4.90.52.00.00.00.00;EQUIPAMENTOS E MATERIAL PERMANENTE;1.600.000.0000;TRANSFERÊNCIAS FUNDO A FUNDO DE RECURSOS DO SUS PROVENIENTES DO GOVERNO FEDERAL - BLOCO DE MANUTENÇÃO DAS AÇÕES E SERVIÇOS PÚBLICOS DE SAÚDE;1.000,00
FUNDO MUNICIPAL DE SAÚDE DE BARBACENA;18.002;FUNDO MUNICIPAL DE SAUDE;2.010;MANUTENÇAO DA VIGILÂNCIA EPIDEMIOLÓGICA;4;VIGILANCIA EM SAUDE;10;Saúde;305;Vigilância Epidemiológica;226;4.4.90.52.00.00.00.00;EQUIPAMENTOS E MATERIAL PERMANENTE;1.621.000.0000;TRANSFERÊNCIAS FUNDO A FUNDO DE RECURSOS DO SUS PROVENIENTES DO GOVERNO ESTADUAL;1.000,00
FUNDO MUNICIPAL DE SAÚDE DE BARBACENA;18.002;FUNDO MUNICIPAL DE SAUDE;2.010;MANUTENÇAO DA VIGILÂNCIA EPIDEMIOLÓGICA;4;VIGILANCIA EM SAUDE;10;Saúde;305;Vigilância Epidemiológica;226;4.4.90.52.00.00.00.00;EQUIPAMENTOS E MATERIAL PERMANENTE;2.621.000.0000;TRANSFERÊNCIAS FUNDO A FUNDO DE RECURSOS DO SUS PROVENIENTES DO GOVERNO ESTADUAL;0,00
FUNDO MUNICIPAL DE SAÚDE DE BARBACENA;18.002;FUNDO MUNICIPAL DE SAUDE;2.010;MANUTENÇAO DA VIGILÂNCIA EPIDEMIOLÓGICA;4;VIGILANCIA EM SAUDE;10;Saúde;305;Vigilância Epidemiológica;252;3.3.50.41.00.00.00.00;CONTRIBUIÇÕES;2.621.000.0000;TRANSFERÊNCIAS FUNDO A FUNDO DE RECURSOS DO SUS PROVENIENTES DO GOVERNO ESTADUAL;0,00
FUNDO MUNICIPAL DE SAÚDE DE BARBACENA;18.002;FUNDO MUNICIPAL DE SAUDE;2.014;MANUTENÇÃO DO CENTRO DE TESTAGEM E ACONSELHAMENTO - IST/AIDS;4;VIGILANCIA EM SAUDE;10;Saúde;305;Vigilância Epidemiológica;227;3.1.90.04.00.00.00.00;CONTRATAÇÃO POR TEMPO DETERMINADO;1.500.000.1002;RECURSOS NÃO VINCULADOS DE IMPOSTOS (SAÚDE);80.000,00
FUNDO MUNICIPAL DE SAÚDE DE BARBACENA;18.002;FUNDO MUNICIPAL DE SAUDE;2.014;MANUTENÇÃO DO CENTRO DE TESTAGEM E ACONSELHAMENTO - IST/AIDS;4;VIGILANCIA EM SAUDE;10;Saúde;305;Vigilância Epidemiológica;227;3.1.90.04.00.00.00.00;CONTRATAÇÃO POR TEMPO DETERMINADO;1.600.000.0000;TRANSFERÊNCIAS FUNDO A FUNDO DE RECURSOS DO SUS PROVENIENTES DO GOVERNO FEDERAL - BLOCO DE MANUTENÇÃO DAS AÇÕES E SERVIÇOS PÚBLICOS DE SAÚDE;178.919,49
FUNDO MUNICIPAL DE SAÚDE DE BARBACENA;18.002;FUNDO MUNICIPAL DE SAUDE;2.014;MANUTENÇÃO DO CENTRO DE TESTAGEM E ACONSELHAMENTO - IST/AIDS;4;VIGILANCIA EM SAUDE;10;Saúde;305;Vigilância Epidemiológica;227;3.1.90.04.00.00.00.00;CONTRATAÇÃO POR TEMPO DETERMINADO;1.621.000.0000;TRANSFERÊNCIAS FUNDO A FUNDO DE RECURSOS DO SUS PROVENIENTES DO GOVERNO ESTADUAL;0,00
FUNDO MUNICIPAL DE SAÚDE DE BARBACENA;18.002;FUNDO MUNICIPAL DE SAUDE;2.014;MANUTENÇÃO DO CENTRO DE TESTAGEM E ACONSELHAMENTO - IST/AIDS;4;VIGILANCIA EM SAUDE;10;Saúde;305;Vigilância Epidemiológica;227;3.1.90.04.00.00.00.00;CONTRATAÇÃO POR TEMPO DETERMINADO;2.621.000.0000;TRANSFERÊNCIAS FUNDO A FUNDO DE RECURSOS DO SUS PROVENIENTES DO GOVERNO ESTADUAL;0,00
FUNDO MUNICIPAL DE SAÚDE DE BARBACENA;18.002;FUNDO MUNICIPAL DE SAUDE;2.014;MANUTENÇÃO DO CENTRO DE TESTAGEM E ACONSELHAMENTO - IST/AIDS;4;VIGILANCIA EM SAUDE;10;Saúde;305;Vigilância Epidemiológica;228;3.1.90.11.00.00.00.00;VENCIMENTOS E VANTAGENS FIXAS - PESSOAL CIVIL;1.500.000.1002;RECURSOS NÃO VINCULADOS DE IMPOSTOS (SAÚDE);130.000,00
FUNDO MUNICIPAL DE SAÚDE DE BARBACENA;18.002;FUNDO MUNICIPAL DE SAUDE;2.014;MANUTENÇÃO DO CENTRO DE TESTAGEM E ACONSELHAMENTO - IST/AIDS;4;VIGILANCIA EM SAUDE;10;Saúde;305;Vigilância Epidemiológica;228;3.1.90.11.00.00.00.00;VENCIMENTOS E VANTAGENS FIXAS - PESSOAL CIVIL;1.600.000.0000;TRANSFERÊNCIAS FUNDO A FUNDO DE RECURSOS DO SUS PROVENIENTES DO GOVERNO FEDERAL - BLOCO DE MANUTENÇÃO DAS AÇÕES E SERVIÇOS PÚBLICOS DE SAÚDE;231.010,26
FUNDO MUNICIPAL DE SAÚDE DE BARBACENA;18.002;FUNDO MUNICIPAL DE SAUDE;2.014;MANUTENÇÃO DO CENTRO DE TESTAGEM E ACONSELHAMENTO - IST/AIDS;4;VIGILANCIA EM SAUDE;10;Saúde;305;Vigilância Epidemiológica;228;3.1.90.11.00.00.00.00;VENCIMENTOS E VANTAGENS FIXAS - PESSOAL CIVIL;1.621.000.0000;TRANSFERÊNCIAS FUNDO A FUNDO DE RECURSOS DO SUS PROVENIENTES DO GOVERNO ESTADUAL;0,00
FUNDO MUNICIPAL DE SAÚDE DE BARBACENA;18.002;FUNDO MUNICIPAL DE SAUDE;2.014;MANUTENÇÃO DO CENTRO DE TESTAGEM E ACONSELHAMENTO - IST/AIDS;4;VIGILANCIA EM SAUDE;10;Saúde;305;Vigilância Epidemiológica;228;3.1.90.11.00.00.00.00;VENCIMENTOS E VANTAGENS FIXAS - PESSOAL CIVIL;2.621.000.0000;TRANSFERÊNCIAS FUNDO A FUNDO DE RECURSOS DO SUS PROVENIENTES DO GOVERNO ESTADUAL;0,00
FUNDO MUNICIPAL DE SAÚDE DE BARBACENA;18.002;FUNDO MUNICIPAL DE SAUDE;2.014;MANUTENÇÃO DO CENTRO DE TESTAGEM E ACONSELHAMENTO - IST/AIDS;4;VIGILANCIA EM SAUDE;10;Saúde;305;Vigilância Epidemiológica;229;3.1.91.13.00.00.00.00;OBRIGAÇÕES PATRONAIS;1.500.000.1002;RECURSOS NÃO VINCULADOS DE IMPOSTOS (SAÚDE);50.000,00
FUNDO MUNICIPAL DE SAÚDE DE BARBACENA;18.002;FUNDO MUNICIPAL DE SAUDE;2.014;MANUTENÇÃO DO CENTRO DE TESTAGEM E ACONSELHAMENTO - IST/AIDS;4;VIGILANCIA EM SAUDE;10;Saúde;305;Vigilância Epidemiológica;229;3.1.91.13.00.00.00.00;OBRIGAÇÕES PATRONAIS;1.600.000.0000;TRANSFERÊNCIAS FUNDO A FUNDO DE RECURSOS DO SUS PROVENIENTES DO GOVERNO FEDERAL - BLOCO DE MANUTENÇÃO DAS AÇÕES E SERVIÇOS PÚBLICOS DE SAÚDE;122.140,31
FUNDO MUNICIPAL DE SAÚDE DE BARBACENA;18.002;FUNDO MUNICIPAL DE SAUDE;2.014;MANUTENÇÃO DO CENTRO DE TESTAGEM E ACONSELHAMENTO - IST/AIDS;4;VIGILANCIA EM SAUDE;10;Saúde;305;Vigilância Epidemiológica;229;3.1.91.13.00.00.00.00;OBRIGAÇÕES PATRONAIS;1.621.000.0000;TRANSFERÊNCIAS FUNDO A FUNDO DE RECURSOS DO SUS PROVENIENTES DO GOVERNO ESTADUAL;0,00
FUNDO MUNICIPAL DE SAÚDE DE BARBACENA;18.002;FUNDO MUNICIPAL DE SAUDE;2.014;MANUTENÇÃO DO CENTRO DE TESTAGEM E ACONSELHAMENTO - IST/AIDS;4;VIGILANCIA EM SAUDE;10;Saúde;305;Vigilância Epidemiológica;229;3.1.91.13.00.00.00.00;OBRIGAÇÕES PATRONAIS;2.621.000.0000;TRANSFERÊNCIAS FUNDO A FUNDO DE RECURSOS DO SUS PROVENIENTES DO GOVERNO ESTADUAL;0,00
FUNDO MUNICIPAL DE SAÚDE DE BARBACENA;18.002;FUNDO MUNICIPAL DE SAUDE;2.014;MANUTENÇÃO DO CENTRO DE TESTAGEM E ACONSELHAMENTO - IST/AIDS;4;VIGILANCIA EM SAUDE;10;Saúde;305;Vigilância Epidemiológica;230;3.3.90.08.00.00.00.00;OUTROS BENEFÍCIOS ASSISTENCIAIS-SERVIDOR/MILITAR;1.500.000.1002;RECURSOS NÃO VINCULADOS DE IMPOSTOS (SAÚDE);1.000,00
FUNDO MUNICIPAL DE SAÚDE DE BARBACENA;18.002;FUNDO MUNICIPAL DE SAUDE;2.014;MANUTENÇÃO DO CENTRO DE TESTAGEM E ACONSELHAMENTO - IST/AIDS;4;VIGILANCIA EM SAUDE;10;Saúde;305;Vigilância Epidemiológica;230;3.3.90.08.00.00.00.00;OUTROS BENEFÍCIOS ASSISTENCIAIS-SERVIDOR/MILITAR;1.600.000.0000;TRANSFERÊNCIAS FUNDO A FUNDO DE RECURSOS DO SUS PROVENIENTES DO GOVERNO FEDERAL - BLOCO DE MANUTENÇÃO DAS AÇÕES E SERVIÇOS PÚBLICOS DE SAÚDE;1.000,00
FUNDO MUNICIPAL DE SAÚDE DE BARBACENA;18.002;FUNDO MUNICIPAL DE SAUDE;2.014;MANUTENÇÃO DO CENTRO DE TESTAGEM E ACONSELHAMENTO - IST/AIDS;4;VIGILANCIA EM SAUDE;10;Saúde;305;Vigilância Epidemiológica;231;3.3.90.18.00.00.00.00;AUXÍLIO FINANCEIRO A ESTUDANTES;1.600.000.0000;TRANSFERÊNCIAS FUNDO A FUNDO DE RECURSOS DO SUS PROVENIENTES DO GOVERNO FEDERAL - BLOCO DE MANUTENÇÃO DAS AÇÕES E SERVIÇOS PÚBLICOS DE SAÚDE;500,00
FUNDO MUNICIPAL DE SAÚDE DE BARBACENA;18.002;FUNDO MUNICIPAL DE SAUDE;2.014;MANUTENÇÃO DO CENTRO DE TESTAGEM E ACONSELHAMENTO - IST/AIDS;4;VIGILANCIA EM SAUDE;10;Saúde;305;Vigilância Epidemiológica;232;3.3.90.30.00.00.00.00;MATERIAL DE CONSUMO;1.600.000.0000;TRANSFERÊNCIAS FUNDO A FUNDO DE RECURSOS DO SUS PROVENIENTES DO GOVERNO FEDERAL - BLOCO DE MANUTENÇÃO DAS AÇÕES E SERVIÇOS PÚBLICOS DE SAÚDE;40.000,00
FUNDO MUNICIPAL DE SAÚDE DE BARBACENA;18.002;FUNDO MUNICIPAL DE SAUDE;2.014;MANUTENÇÃO DO CENTRO DE TESTAGEM E ACONSELHAMENTO - IST/AIDS;4;VIGILANCIA EM SAUDE;10;Saúde;305;Vigilância Epidemiológica;232;3.3.90.30.00.00.00.00;MATERIAL DE CONSUMO;2.600.000.0000;TRANSFERÊNCIAS FUNDO A FUNDO DE RECURSOS DO SUS PROVENIENTES DO GOVERNO FEDERAL - BLOCO DE MANUTENÇÃO DAS AÇÕES E SERVIÇOS PÚBLICOS DE SAÚDE;0,00
FUNDO MUNICIPAL DE SAÚDE DE BARBACENA;18.002;FUNDO MUNICIPAL DE SAUDE;2.014;MANUTENÇÃO DO CENTRO DE TESTAGEM E ACONSELHAMENTO - IST/AIDS;4;VIGILANCIA EM SAUDE;10;Saúde;305;Vigilância Epidemiológica;232;3.3.90.30.00.00.00.00;MATERIAL DE CONSUMO;2.621.000.0000;TRANSFERÊNCIAS FUNDO A FUNDO DE RECURSOS DO SUS PROVENIENTES DO GOVERNO ESTADUAL;0,00
FUNDO MUNICIPAL DE SAÚDE DE BARBACENA;18.002;FUNDO MUNICIPAL DE SAUDE;2.014;MANUTENÇÃO DO CENTRO DE TESTAGEM E ACONSELHAMENTO - IST/AIDS;4;VIGILANCIA EM SAUDE;10;Saúde;305;Vigilância Epidemiológica;233;3.3.90.39.00.00.00.00;OUTROS SERVIÇOS DE TERCEIROS - PESSOA JURÍDICA;1.600.000.0000;TRANSFERÊNCIAS FUNDO A FUNDO DE RECURSOS DO SUS PROVENIENTES DO GOVERNO FEDERAL - BLOCO DE MANUTENÇÃO DAS AÇÕES E SERVIÇOS PÚBLICOS DE SAÚDE;65.000,00
FUNDO MUNICIPAL DE SAÚDE DE BARBACENA;18.002;FUNDO MUNICIPAL DE SAUDE;2.014;MANUTENÇÃO DO CENTRO DE TESTAGEM E ACONSELHAMENTO - IST/AIDS;4;VIGILANCIA EM SAUDE;10;Saúde;305;Vigilância Epidemiológica;233;3.3.90.39.00.00.00.00;OUTROS SERVIÇOS DE TERCEIROS - PESSOA JURÍDICA;1.621.000.0000;TRANSFERÊNCIAS FUNDO A FUNDO DE RECURSOS DO SUS PROVENIENTES DO GOVERNO ESTADUAL;1.000,00
FUNDO MUNICIPAL DE SAÚDE DE BARBACENA;18.002;FUNDO MUNICIPAL DE SAUDE;2.014;MANUTENÇÃO DO CENTRO DE TESTAGEM E ACONSELHAMENTO - IST/AIDS;4;VIGILANCIA EM SAUDE;10;Saúde;305;Vigilância Epidemiológica;233;3.3.90.39.00.00.00.00;OUTROS SERVIÇOS DE TERCEIROS - PESSOA JURÍDICA;2.600.000.0000;TRANSFERÊNCIAS FUNDO A FUNDO DE RECURSOS DO SUS PROVENIENTES DO GOVERNO FEDERAL - BLOCO DE MANUTENÇÃO DAS AÇÕES E SERVIÇOS PÚBLICOS DE SAÚDE;0,00
FUNDO MUNICIPAL DE SAÚDE DE BARBACENA;18.002;FUNDO MUNICIPAL DE SAUDE;2.014;MANUTENÇÃO DO CENTRO DE TESTAGEM E ACONSELHAMENTO - IST/AIDS;4;VIGILANCIA EM SAUDE;10;Saúde;305;Vigilância Epidemiológica;233;3.3.90.39.00.00.00.00;OUTROS SERVIÇOS DE TERCEIROS - PESSOA JURÍDICA;2.621.000.0000;TRANSFERÊNCIAS FUNDO A FUNDO DE RECURSOS DO SUS PROVENIENTES DO GOVERNO ESTADUAL;0,00
FUNDO MUNICIPAL DE SAÚDE DE BARBACENA;18.002;FUNDO MUNICIPAL DE SAUDE;2.014;MANUTENÇÃO DO CENTRO DE TESTAGEM E ACONSELHAMENTO - IST/AIDS;4;VIGILANCIA EM SAUDE;10;Saúde;305;Vigilância Epidemiológica;234;3.3.90.46.00.00.00.00;AUXÍLIO-ALIMENTAÇÃO;1.500.000.1002;RECURSOS NÃO VINCULADOS DE IMPOSTOS (SAÚDE);0,00
FUNDO MUNICIPAL DE SAÚDE DE BARBACENA;18.002;FUNDO MUNICIPAL DE SAUDE;2.014;MANUTENÇÃO DO CENTRO DE TESTAGEM E ACONSELHAMENTO - IST/AIDS;4;VIGILANCIA EM SAUDE;10;Saúde;305;Vigilância Epidemiológica;234;3.3.90.46.00.00.00.00;AUXÍLIO-ALIMENTAÇÃO;1.600.000.0000;TRANSFERÊNCIAS FUNDO A FUNDO DE RECURSOS DO SUS PROVENIENTES DO GOVERNO FEDERAL - BLOCO DE MANUTENÇÃO DAS AÇÕES E SERVIÇOS PÚBLICOS DE SAÚDE;28.600,00
FUNDO MUNICIPAL DE SAÚDE DE BARBACENA;18.002;FUNDO MUNICIPAL DE SAUDE;2.014;MANUTENÇÃO DO CENTRO DE TESTAGEM E ACONSELHAMENTO - IST/AIDS;4;VIGILANCIA EM SAUDE;10;Saúde;305;Vigilância Epidemiológica;234;3.3.90.46.00.00.00.00;AUXÍLIO-ALIMENTAÇÃO;1.621.000.0000;TRANSFERÊNCIAS FUNDO A FUNDO DE RECURSOS DO SUS PROVENIENTES DO GOVERNO ESTADUAL;0,00
FUNDO MUNICIPAL DE SAÚDE DE BARBACENA;18.002;FUNDO MUNICIPAL DE SAUDE;2.014;MANUTENÇÃO DO CENTRO DE TESTAGEM E ACONSELHAMENTO - IST/AIDS;4;VIGILANCIA EM SAUDE;10;Saúde;305;Vigilância Epidemiológica;234;3.3.90.46.00.00.00.00;AUXÍLIO-ALIMENTAÇÃO;2.621.000.0000;TRANSFERÊNCIAS FUNDO A FUNDO DE RECURSOS DO SUS PROVENIENTES DO GOVERNO ESTADUAL;0,00
FUNDO MUNICIPAL DE SAÚDE DE BARBACENA;18.002;FUNDO MUNICIPAL DE SAUDE;2.014;MANUTENÇÃO DO CENTRO DE TESTAGEM E ACONSELHAMENTO - IST/AIDS;4;VIGILANCIA EM SAUDE;10;Saúde;305;Vigilância Epidemiológica;235;4.4.90.52.00.00.00.00;EQUIPAMENTOS E MATERIAL PERMANENTE;1.600.000.0000;TRANSFERÊNCIAS FUNDO A FUNDO DE RECURSOS DO SUS PROVENIENTES DO GOVERNO FEDERAL - BLOCO DE MANUTENÇÃO DAS AÇÕES E SERVIÇOS PÚBLICOS DE SAÚDE;10.000,00
FUNDO MUNICIPAL DE SAÚDE DE BARBACENA;18.002;FUNDO MUNICIPAL DE SAUDE;2.014;MANUTENÇÃO DO CENTRO DE TESTAGEM E ACONSELHAMENTO - IST/AIDS;4;VIGILANCIA EM SAUDE;10;Saúde;305;Vigilância Epidemiológica;235;4.4.90.52.00.00.00.00;EQUIPAMENTOS E MATERIAL PERMANENTE;2.621.000.0000;TRANSFERÊNCIAS FUNDO A FUNDO DE RECURSOS DO SUS PROVENIENTES DO GOVERNO ESTADUAL;0,00
FUNDO MUNICIPAL DE SAÚDE DE BARBACENA;18.002;FUNDO MUNICIPAL DE SAUDE;2.028;MANUTENÇÃO DA VIGILÂNCIA AMBIENTAL E AÇÕES DE CONTROLE DE ZOONOSES;4;VIGILANCIA EM SAUDE;10;Saúde;305;Vigilância Epidemiológica;236;3.1.90.04.00.00.00.00;CONTRATAÇÃO POR TEMPO DETERMINADO;1.500.000.1002;RECURSOS NÃO VINCULADOS DE IMPOSTOS (SAÚDE);50.000,00
FUNDO MUNICIPAL DE SAÚDE DE BARBACENA;18.002;FUNDO MUNICIPAL DE SAUDE;2.028;MANUTENÇÃO DA VIGILÂNCIA AMBIENTAL E AÇÕES DE CONTROLE DE ZOONOSES;4;VIGILANCIA EM SAUDE;10;Saúde;305;Vigilância Epidemiológica;236;3.1.90.04.00.00.00.00;CONTRATAÇÃO POR TEMPO DETERMINADO;1.600.000.0000;TRANSFERÊNCIAS FUNDO A FUNDO DE RECURSOS DO SUS PROVENIENTES DO GOVERNO FEDERAL - BLOCO DE MANUTENÇÃO DAS AÇÕES E SERVIÇOS PÚBLICOS DE SAÚDE;958.917,79
FUNDO MUNICIPAL DE SAÚDE DE BARBACENA;18.002;FUNDO MUNICIPAL DE SAUDE;2.028;MANUTENÇÃO DA VIGILÂNCIA AMBIENTAL E AÇÕES DE CONTROLE DE ZOONOSES;4;VIGILANCIA EM SAUDE;10;Saúde;305;Vigilância Epidemiológica;236;3.1.90.04.00.00.00.00;CONTRATAÇÃO POR TEMPO DETERMINADO;1.604.000.0000;TRANSFERÊNCIAS PROVENIENTES DO GOVERNO FEDERAL DESTINADAS AO VENCIMENTO DOS AGENTES COMUNITÁRIOS DE SAÚDE E DOS AGENTES DE COMBATE ÀS ENDEMIAS;100.000,00
FUNDO MUNICIPAL DE SAÚDE DE BARBACENA;18.002;FUNDO MUNICIPAL DE SAUDE;2.028;MANUTENÇÃO DA VIGILÂNCIA AMBIENTAL E AÇÕES DE CONTROLE DE ZOONOSES;4;VIGILANCIA EM SAUDE;10;Saúde;305;Vigilância Epidemiológica;236;3.1.90.04.00.00.00.00;CONTRATAÇÃO POR TEMPO DETERMINADO;1.621.000.0000;TRANSFERÊNCIAS FUNDO A FUNDO DE RECURSOS DO SUS PROVENIENTES DO GOVERNO ESTADUAL;1.000,00
FUNDO MUNICIPAL DE SAÚDE DE BARBACENA;18.002;FUNDO MUNICIPAL DE SAUDE;2.028;MANUTENÇÃO DA VIGILÂNCIA AMBIENTAL E AÇÕES DE CONTROLE DE ZOONOSES;4;VIGILANCIA EM SAUDE;10;Saúde;305;Vigilância Epidemiológica;236;3.1.90.04.00.00.00.00;CONTRATAÇÃO POR TEMPO DETERMINADO;2.621.000.0000;TRANSFERÊNCIAS FUNDO A FUNDO DE RECURSOS DO SUS PROVENIENTES DO GOVERNO ESTADUAL;0,00
FUNDO MUNICIPAL DE SAÚDE DE BARBACENA;18.002;FUNDO MUNICIPAL DE SAUDE;2.028;MANUTENÇÃO DA VIGILÂNCIA AMBIENTAL E AÇÕES DE CONTROLE DE ZOONOSES;4;VIGILANCIA EM SAUDE;10;Saúde;305;Vigilância Epidemiológica;237;3.1.90.11.00.00.00.00;VENCIMENTOS E VANTAGENS FIXAS - PESSOAL CIVIL;1.500.000.1002;RECURSOS NÃO VINCULADOS DE IMPOSTOS (SAÚDE);50.000,00
FUNDO MUNICIPAL DE SAÚDE DE BARBACENA;18.002;FUNDO MUNICIPAL DE SAUDE;2.028;MANUTENÇÃO DA VIGILÂNCIA AMBIENTAL E AÇÕES DE CONTROLE DE ZOONOSES;4;VIGILANCIA EM SAUDE;10;Saúde;305;Vigilância Epidemiológica;237;3.1.90.11.00.00.00.00;VENCIMENTOS E VANTAGENS FIXAS - PESSOAL CIVIL;1.600.000.0000;TRANSFERÊNCIAS FUNDO A FUNDO DE RECURSOS DO SUS PROVENIENTES DO GOVERNO FEDERAL - BLOCO DE MANUTENÇÃO DAS AÇÕES E SERVIÇOS PÚBLICOS DE SAÚDE;100.000,00
FUNDO MUNICIPAL DE SAÚDE DE BARBACENA;18.002;FUNDO MUNICIPAL DE SAUDE;2.028;MANUTENÇÃO DA VIGILÂNCIA AMBIENTAL E AÇÕES DE CONTROLE DE ZOONOSES;4;VIGILANCIA EM SAUDE;10;Saúde;305;Vigilância Epidemiológica;237;3.1.90.11.00.00.00.00;VENCIMENTOS E VANTAGENS FIXAS - PESSOAL CIVIL;1.604.000.0000;TRANSFERÊNCIAS PROVENIENTES DO GOVERNO FEDERAL DESTINADAS AO VENCIMENTO DOS AGENTES COMUNITÁRIOS DE SAÚDE E DOS AGENTES DE COMBATE ÀS ENDEMIAS;1.877.771,11
FUNDO MUNICIPAL DE SAÚDE DE BARBACENA;18.002;FUNDO MUNICIPAL DE SAUDE;2.028;MANUTENÇÃO DA VIGILÂNCIA AMBIENTAL E AÇÕES DE CONTROLE DE ZOONOSES;4;VIGILANCIA EM SAUDE;10;Saúde;305;Vigilância Epidemiológica;237;3.1.90.11.00.00.00.00;VENCIMENTOS E VANTAGENS FIXAS - PESSOAL CIVIL;1.621.000.0000;TRANSFERÊNCIAS FUNDO A FUNDO DE RECURSOS DO SUS PROVENIENTES DO GOVERNO ESTADUAL;5.000,00
FUNDO MUNICIPAL DE SAÚDE DE BARBACENA;18.002;FUNDO MUNICIPAL DE SAUDE;2.028;MANUTENÇÃO DA VIGILÂNCIA AMBIENTAL E AÇÕES DE CONTROLE DE ZOONOSES;4;VIGILANCIA EM SAUDE;10;Saúde;305;Vigilância Epidemiológica;237;3.1.90.11.00.00.00.00;VENCIMENTOS E VANTAGENS FIXAS - PESSOAL CIVIL;2.621.000.0000;TRANSFERÊNCIAS FUNDO A FUNDO DE RECURSOS DO SUS PROVENIENTES DO GOVERNO ESTADUAL;0,00
FUNDO MUNICIPAL DE SAÚDE DE BARBACENA;18.002;FUNDO MUNICIPAL DE SAUDE;2.028;MANUTENÇÃO DA VIGILÂNCIA AMBIENTAL E AÇÕES DE CONTROLE DE ZOONOSES;4;VIGILANCIA EM SAUDE;10;Saúde;305;Vigilância Epidemiológica;238;3.1.91.13.00.00.00.00;OBRIGAÇÕES PATRONAIS;1.500.000.1002;RECURSOS NÃO VINCULADOS DE IMPOSTOS (SAÚDE);100.000,00
FUNDO MUNICIPAL DE SAÚDE DE BARBACENA;18.002;FUNDO MUNICIPAL DE SAUDE;2.028;MANUTENÇÃO DA VIGILÂNCIA AMBIENTAL E AÇÕES DE CONTROLE DE ZOONOSES;4;VIGILANCIA EM SAUDE;10;Saúde;305;Vigilância Epidemiológica;238;3.1.91.13.00.00.00.00;OBRIGAÇÕES PATRONAIS;1.600.000.0000;TRANSFERÊNCIAS FUNDO A FUNDO DE RECURSOS DO SUS PROVENIENTES DO GOVERNO FEDERAL - BLOCO DE MANUTENÇÃO DAS AÇÕES E SERVIÇOS PÚBLICOS DE SAÚDE;515.173,65
FUNDO MUNICIPAL DE SAÚDE DE BARBACENA;18.002;FUNDO MUNICIPAL DE SAUDE;2.028;MANUTENÇÃO DA VIGILÂNCIA AMBIENTAL E AÇÕES DE CONTROLE DE ZOONOSES;4;VIGILANCIA EM SAUDE;10;Saúde;305;Vigilância Epidemiológica;238;3.1.91.13.00.00.00.00;OBRIGAÇÕES PATRONAIS;1.604.000.0000;TRANSFERÊNCIAS PROVENIENTES DO GOVERNO FEDERAL DESTINADAS AO VENCIMENTO DOS AGENTES COMUNITÁRIOS DE SAÚDE E DOS AGENTES DE COMBATE ÀS ENDEMIAS;1.000,00
FUNDO MUNICIPAL DE SAÚDE DE BARBACENA;18.002;FUNDO MUNICIPAL DE SAUDE;2.028;MANUTENÇÃO DA VIGILÂNCIA AMBIENTAL E AÇÕES DE CONTROLE DE ZOONOSES;4;VIGILANCIA EM SAUDE;10;Saúde;305;Vigilância Epidemiológica;238;3.1.91.13.00.00.00.00;OBRIGAÇÕES PATRONAIS;1.621.000.0000;TRANSFERÊNCIAS FUNDO A FUNDO DE RECURSOS DO SUS PROVENIENTES DO GOVERNO ESTADUAL;3.000,00
FUNDO MUNICIPAL DE SAÚDE DE BARBACENA;18.002;FUNDO MUNICIPAL DE SAUDE;2.028;MANUTENÇÃO DA VIGILÂNCIA AMBIENTAL E AÇÕES DE CONTROLE DE ZOONOSES;4;VIGILANCIA EM SAUDE;10;Saúde;305;Vigilância Epidemiológica;238;3.1.91.13.00.00.00.00;OBRIGAÇÕES PATRONAIS;2.621.000.0000;TRANSFERÊNCIAS FUNDO A FUNDO DE RECURSOS DO SUS PROVENIENTES DO GOVERNO ESTADUAL;0,00
FUNDO MUNICIPAL DE SAÚDE DE BARBACENA;18.002;FUNDO MUNICIPAL DE SAUDE;2.028;MANUTENÇÃO DA VIGILÂNCIA AMBIENTAL E AÇÕES DE CONTROLE DE ZOONOSES;4;VIGILANCIA EM SAUDE;10;Saúde;305;Vigilância Epidemiológica;239;3.3.90.08.00.00.00.00;OUTROS BENEFÍCIOS ASSISTENCIAIS-SERVIDOR/MILITAR;1.600.000.0000;TRANSFERÊNCIAS FUNDO A FUNDO DE RECURSOS DO SUS PROVENIENTES DO GOVERNO FEDERAL - BLOCO DE MANUTENÇÃO DAS AÇÕES E SERVIÇOS PÚBLICOS DE SAÚDE;1.000,00
FUNDO MUNICIPAL DE SAÚDE DE BARBACENA;18.002;FUNDO MUNICIPAL DE SAUDE;2.028;MANUTENÇÃO DA VIGILÂNCIA AMBIENTAL E AÇÕES DE CONTROLE DE ZOONOSES;4;VIGILANCIA EM SAUDE;10;Saúde;305;Vigilância Epidemiológica;239;3.3.90.08.00.00.00.00;OUTROS BENEFÍCIOS ASSISTENCIAIS-SERVIDOR/MILITAR;1.604.000.0000;TRANSFERÊNCIAS PROVENIENTES DO GOVERNO FEDERAL DESTINADAS AO VENCIMENTO DOS AGENTES COMUNITÁRIOS DE SAÚDE E DOS AGENTES DE COMBATE ÀS ENDEMIAS;1.000,00
FUNDO MUNICIPAL DE SAÚDE DE BARBACENA;18.002;FUNDO MUNICIPAL DE SAUDE;2.028;MANUTENÇÃO DA VIGILÂNCIA AMBIENTAL E AÇÕES DE CONTROLE DE ZOONOSES;4;VIGILANCIA EM SAUDE;10;Saúde;305;Vigilância Epidemiológica;239;3.3.90.08.00.00.00.00;OUTROS BENEFÍCIOS ASSISTENCIAIS-SERVIDOR/MILITAR;2.621.000.0000;TRANSFERÊNCIAS FUNDO A FUNDO DE RECURSOS DO SUS PROVENIENTES DO GOVERNO ESTADUAL;0,00
FUNDO MUNICIPAL DE SAÚDE DE BARBACENA;18.002;FUNDO MUNICIPAL DE SAUDE;2.028;MANUTENÇÃO DA VIGILÂNCIA AMBIENTAL E AÇÕES DE CONTROLE DE ZOONOSES;4;VIGILANCIA EM SAUDE;10;Saúde;305;Vigilância Epidemiológica;240;3.3.90.18.00.00.00.00;AUXÍLIO FINANCEIRO A ESTUDANTES;1.500.000.1002;RECURSOS NÃO VINCULADOS DE IMPOSTOS (SAÚDE);2.000,00
FUNDO MUNICIPAL DE SAÚDE DE BARBACENA;18.002;FUNDO MUNICIPAL DE SAUDE;2.028;MANUTENÇÃO DA VIGILÂNCIA AMBIENTAL E AÇÕES DE CONTROLE DE ZOONOSES;4;VIGILANCIA EM SAUDE;10;Saúde;305;Vigilância Epidemiológica;240;3.3.90.18.00.00.00.00;AUXÍLIO FINANCEIRO A ESTUDANTES;1.600.000.0000;TRANSFERÊNCIAS FUNDO A FUNDO DE RECURSOS DO SUS PROVENIENTES DO GOVERNO FEDERAL - BLOCO DE MANUTENÇÃO DAS AÇÕES E SERVIÇOS PÚBLICOS DE SAÚDE;3.000,00
FUNDO MUNICIPAL DE SAÚDE DE BARBACENA;18.002;FUNDO MUNICIPAL DE SAUDE;2.028;MANUTENÇÃO DA VIGILÂNCIA AMBIENTAL E AÇÕES DE CONTROLE DE ZOONOSES;4;VIGILANCIA EM SAUDE;10;Saúde;305;Vigilância Epidemiológica;240;3.3.90.18.00.00.00.00;AUXÍLIO FINANCEIRO A ESTUDANTES;1.604.000.0000;TRANSFERÊNCIAS PROVENIENTES DO GOVERNO FEDERAL DESTINADAS AO VENCIMENTO DOS AGENTES COMUNITÁRIOS DE SAÚDE E DOS AGENTES DE COMBATE ÀS ENDEMIAS;17.621,87
FUNDO MUNICIPAL DE SAÚDE DE BARBACENA;18.002;FUNDO MUNICIPAL DE SAUDE;2.028;MANUTENÇÃO DA VIGILÂNCIA AMBIENTAL E AÇÕES DE CONTROLE DE ZOONOSES;4;VIGILANCIA EM SAUDE;10;Saúde;305;Vigilância Epidemiológica;240;3.3.90.18.00.00.00.00;AUXÍLIO FINANCEIRO A ESTUDANTES;1.621.000.0000;TRANSFERÊNCIAS FUNDO A FUNDO DE RECURSOS DO SUS PROVENIENTES DO GOVERNO ESTADUAL;500,00
FUNDO MUNICIPAL DE SAÚDE DE BARBACENA;18.002;FUNDO MUNICIPAL DE SAUDE;2.028;MANUTENÇÃO DA VIGILÂNCIA AMBIENTAL E AÇÕES DE CONTROLE DE ZOONOSES;4;VIGILANCIA EM SAUDE;10;Saúde;305;Vigilância Epidemiológica;240;3.3.90.18.00.00.00.00;AUXÍLIO FINANCEIRO A ESTUDANTES;2.621.000.0000;TRANSFERÊNCIAS FUNDO A FUNDO DE RECURSOS DO SUS PROVENIENTES DO GOVERNO ESTADUAL;0,00
FUNDO MUNICIPAL DE SAÚDE DE BARBACENA;18.002;FUNDO MUNICIPAL DE SAUDE;2.028;MANUTENÇÃO DA VIGILÂNCIA AMBIENTAL E AÇÕES DE CONTROLE DE ZOONOSES;4;VIGILANCIA EM SAUDE;10;Saúde;305;Vigilância Epidemiológica;241;3.3.90.30.00.00.00.00;MATERIAL DE CONSUMO;1.500.000.0000;RECURSOS NÃO VINCULADOS DE IMPOSTOS;0,00
FUNDO MUNICIPAL DE SAÚDE DE BARBACENA;18.002;FUNDO MUNICIPAL DE SAUDE;2.028;MANUTENÇÃO DA VIGILÂNCIA AMBIENTAL E AÇÕES DE CONTROLE DE ZOONOSES;4;VIGILANCIA EM SAUDE;10;Saúde;305;Vigilância Epidemiológica;241;3.3.90.30.00.00.00.00;MATERIAL DE CONSUMO;1.500.000.1002;RECURSOS NÃO VINCULADOS DE IMPOSTOS (SAÚDE);80.000,00
FUNDO MUNICIPAL DE SAÚDE DE BARBACENA;18.002;FUNDO MUNICIPAL DE SAUDE;2.028;MANUTENÇÃO DA VIGILÂNCIA AMBIENTAL E AÇÕES DE CONTROLE DE ZOONOSES;4;VIGILANCIA EM SAUDE;10;Saúde;305;Vigilância Epidemiológica;241;3.3.90.30.00.00.00.00;MATERIAL DE CONSUMO;1.600.000.0000;TRANSFERÊNCIAS FUNDO A FUNDO DE RECURSOS DO SUS PROVENIENTES DO GOVERNO FEDERAL - BLOCO DE MANUTENÇÃO DAS AÇÕES E SERVIÇOS PÚBLICOS DE SAÚDE;1.000,00
FUNDO MUNICIPAL DE SAÚDE DE BARBACENA;18.002;FUNDO MUNICIPAL DE SAUDE;2.028;MANUTENÇÃO DA VIGILÂNCIA AMBIENTAL E AÇÕES DE CONTROLE DE ZOONOSES;4;VIGILANCIA EM SAUDE;10;Saúde;305;Vigilância Epidemiológica;241;3.3.90.30.00.00.00.00;MATERIAL DE CONSUMO;1.621.000.0000;TRANSFERÊNCIAS FUNDO A FUNDO DE RECURSOS DO SUS PROVENIENTES DO GOVERNO ESTADUAL;0,00
FUNDO MUNICIPAL DE SAÚDE DE BARBACENA;18.002;FUNDO MUNICIPAL DE SAUDE;2.028;MANUTENÇÃO DA VIGILÂNCIA AMBIENTAL E AÇÕES DE CONTROLE DE ZOONOSES;4;VIGILANCIA EM SAUDE;10;Saúde;305;Vigilância Epidemiológica;241;3.3.90.30.00.00.00.00;MATERIAL DE CONSUMO;2.600.000.0000;TRANSFERÊNCIAS FUNDO A FUNDO DE RECURSOS DO SUS PROVENIENTES DO GOVERNO FEDERAL - BLOCO DE MANUTENÇÃO DAS AÇÕES E SERVIÇOS PÚBLICOS DE SAÚDE;0,00
FUNDO MUNICIPAL DE SAÚDE DE BARBACENA;18.002;FUNDO MUNICIPAL DE SAUDE;2.028;MANUTENÇÃO DA VIGILÂNCIA AMBIENTAL E AÇÕES DE CONTROLE DE ZOONOSES;4;VIGILANCIA EM SAUDE;10;Saúde;305;Vigilância Epidemiológica;241;3.3.90.30.00.00.00.00;MATERIAL DE CONSUMO;2.621.000.0000;TRANSFERÊNCIAS FUNDO A FUNDO DE RECURSOS DO SUS PROVENIENTES DO GOVERNO ESTADUAL;0,00
FUNDO MUNICIPAL DE SAÚDE DE BARBACENA;18.002;FUNDO MUNICIPAL DE SAUDE;2.028;MANUTENÇÃO DA VIGILÂNCIA AMBIENTAL E AÇÕES DE CONTROLE DE ZOONOSES;4;VIGILANCIA EM SAUDE;10;Saúde;305;Vigilância Epidemiológica;242;3.3.90.39.00.00.00.00;OUTROS SERVIÇOS DE TERCEIROS - PESSOA JURÍDICA;1.500.000.1002;RECURSOS NÃO VINCULADOS DE IMPOSTOS (SAÚDE);1.000,00
FUNDO MUNICIPAL DE SAÚDE DE BARBACENA;18.002;FUNDO MUNICIPAL DE SAUDE;2.028;MANUTENÇÃO DA VIGILÂNCIA AMBIENTAL E AÇÕES DE CONTROLE DE ZOONOSES;4;VIGILANCIA EM SAUDE;10;Saúde;305;Vigilância Epidemiológica;242;3.3.90.39.00.00.00.00;OUTROS SERVIÇOS DE TERCEIROS - PESSOA JURÍDICA;2.621.000.0000;TRANSFERÊNCIAS FUNDO A FUNDO DE RECURSOS DO SUS PROVENIENTES DO GOVERNO ESTADUAL;0,00
FUNDO MUNICIPAL DE SAÚDE DE BARBACENA;18.002;FUNDO MUNICIPAL DE SAUDE;2.028;MANUTENÇÃO DA VIGILÂNCIA AMBIENTAL E AÇÕES DE CONTROLE DE ZOONOSES;4;VIGILANCIA EM SAUDE;10;Saúde;305;Vigilância Epidemiológica;243;3.3.90.46.00.00.00.00;AUXÍLIO-ALIMENTAÇÃO;1.500.000.1002;RECURSOS NÃO VINCULADOS DE IMPOSTOS (SAÚDE);0,00
FUNDO MUNICIPAL DE SAÚDE DE BARBACENA;18.002;FUNDO MUNICIPAL DE SAUDE;2.028;MANUTENÇÃO DA VIGILÂNCIA AMBIENTAL E AÇÕES DE CONTROLE DE ZOONOSES;4;VIGILANCIA EM SAUDE;10;Saúde;305;Vigilância Epidemiológica;243;3.3.90.46.00.00.00.00;AUXÍLIO-ALIMENTAÇÃO;1.600.000.0000;TRANSFERÊNCIAS FUNDO A FUNDO DE RECURSOS DO SUS PROVENIENTES DO GOVERNO FEDERAL - BLOCO DE MANUTENÇÃO DAS AÇÕES E SERVIÇOS PÚBLICOS DE SAÚDE;168.001,12
FUNDO MUNICIPAL DE SAÚDE DE BARBACENA;18.002;FUNDO MUNICIPAL DE SAUDE;2.028;MANUTENÇÃO DA VIGILÂNCIA AMBIENTAL E AÇÕES DE CONTROLE DE ZOONOSES;4;VIGILANCIA EM SAUDE;10;Saúde;305;Vigilância Epidemiológica;243;3.3.90.46.00.00.00.00;AUXÍLIO-ALIMENTAÇÃO;1.604.000.0000;TRANSFERÊNCIAS PROVENIENTES DO GOVERNO FEDERAL DESTINADAS AO VENCIMENTO DOS AGENTES COMUNITÁRIOS DE SAÚDE E DOS AGENTES DE COMBATE ÀS ENDEMIAS;1.000,00
FUNDO MUNICIPAL DE SAÚDE DE BARBACENA;18.002;FUNDO MUNICIPAL DE SAUDE;2.028;MANUTENÇÃO DA VIGILÂNCIA AMBIENTAL E AÇÕES DE CONTROLE DE ZOONOSES;4;VIGILANCIA EM SAUDE;10;Saúde;305;Vigilância Epidemiológica;243;3.3.90.46.00.00.00.00;AUXÍLIO-ALIMENTAÇÃO;1.621.000.0000;TRANSFERÊNCIAS FUNDO A FUNDO DE RECURSOS DO SUS PROVENIENTES DO GOVERNO ESTADUAL;0,00
FUNDO MUNICIPAL DE SAÚDE DE BARBACENA;18.002;FUNDO MUNICIPAL DE SAUDE;2.028;MANUTENÇÃO DA VIGILÂNCIA AMBIENTAL E AÇÕES DE CONTROLE DE ZOONOSES;4;VIGILANCIA EM SAUDE;10;Saúde;305;Vigilância Epidemiológica;243;3.3.90.46.00.00.00.00;AUXÍLIO-ALIMENTAÇÃO;2.621.000.0000;TRANSFERÊNCIAS FUNDO A FUNDO DE RECURSOS DO SUS PROVENIENTES DO GOVERNO ESTADUAL;0,00
FUNDO MUNICIPAL DE SAÚDE DE BARBACENA;18.002;FUNDO MUNICIPAL DE SAUDE;2.028;MANUTENÇÃO DA VIGILÂNCIA AMBIENTAL E AÇÕES DE CONTROLE DE ZOONOSES;4;VIGILANCIA EM SAUDE;10;Saúde;305;Vigilância Epidemiológica;244;4.4.90.52.00.00.00.00;EQUIPAMENTOS E MATERIAL PERMANENTE;1.500.000.1002;RECURSOS NÃO VINCULADOS DE IMPOSTOS (SAÚDE);1.000,00
FUNDO MUNICIPAL DE SAÚDE DE BARBACENA;18.002;FUNDO MUNICIPAL DE SAUDE;2.028;MANUTENÇÃO DA VIGILÂNCIA AMBIENTAL E AÇÕES DE CONTROLE DE ZOONOSES;4;VIGILANCIA EM SAUDE;10;Saúde;305;Vigilância Epidemiológica;244;4.4.90.52.00.00.00.00;EQUIPAMENTOS E MATERIAL PERMANENTE;1.600.000.0000;TRANSFERÊNCIAS FUNDO A FUNDO DE RECURSOS DO SUS PROVENIENTES DO GOVERNO FEDERAL - BLOCO DE MANUTENÇÃO DAS AÇÕES E SERVIÇOS PÚBLICOS DE SAÚDE;500,00
FUNDO MUNICIPAL DE SAÚDE DE BARBACENA;18.002;FUNDO MUNICIPAL DE SAUDE;2.028;MANUTENÇÃO DA VIGILÂNCIA AMBIENTAL E AÇÕES DE CONTROLE DE ZOONOSES;4;VIGILANCIA EM SAUDE;10;Saúde;305;Vigilância Epidemiológica;244;4.4.90.52.00.00.00.00;EQUIPAMENTOS E MATERIAL PERMANENTE;2.621.000.0000;TRANSFERÊNCIAS FUNDO A FUNDO DE RECURSOS DO SUS PROVENIENTES DO GOVERNO ESTADUAL;0,00
FUNDO MUNICIPAL DE SAÚDE DE BARBACENA;18.002;FUNDO MUNICIPAL DE SAUDE;2.034;MANUTENÇÃO DO SISTEMA DE IMUNIZAÇÃO;4;VIGILANCIA EM SAUDE;10;Saúde;305;Vigilância Epidemiológica;245;3.3.90.30.00.00.00.00;MATERIAL DE CONSUMO;1.600.000.0000;TRANSFERÊNCIAS FUNDO A FUNDO DE RECURSOS DO SUS PROVENIENTES DO GOVERNO FEDERAL - BLOCO DE MANUTENÇÃO DAS AÇÕES E SERVIÇOS PÚBLICOS DE SAÚDE;1.000,00
FUNDO MUNICIPAL DE SAÚDE DE BARBACENA;18.002;FUNDO MUNICIPAL DE SAUDE;2.034;MANUTENÇÃO DO SISTEMA DE IMUNIZAÇÃO;4;VIGILANCIA EM SAUDE;10;Saúde;305;Vigilância Epidemiológica;245;3.3.90.30.00.00.00.00;MATERIAL DE CONSUMO;1.621.000.0000;TRANSFERÊNCIAS FUNDO A FUNDO DE RECURSOS DO SUS PROVENIENTES DO GOVERNO ESTADUAL;5.000,00
FUNDO MUNICIPAL DE SAÚDE DE BARBACENA;18.002;FUNDO MUNICIPAL DE SAUDE;2.034;MANUTENÇÃO DO SISTEMA DE IMUNIZAÇÃO;4;VIGILANCIA EM SAUDE;10;Saúde;305;Vigilância Epidemiológica;245;3.3.90.30.00.00.00.00;MATERIAL DE CONSUMO;2.600.000.0000;TRANSFERÊNCIAS FUNDO A FUNDO DE RECURSOS DO SUS PROVENIENTES DO GOVERNO FEDERAL - BLOCO DE MANUTENÇÃO DAS AÇÕES E SERVIÇOS PÚBLICOS DE SAÚDE;0,00
FUNDO MUNICIPAL DE SAÚDE DE BARBACENA;18.002;FUNDO MUNICIPAL DE SAUDE;2.034;MANUTENÇÃO DO SISTEMA DE IMUNIZAÇÃO;4;VIGILANCIA EM SAUDE;10;Saúde;305;Vigilância Epidemiológica;245;3.3.90.30.00.00.00.00;MATERIAL DE CONSUMO;2.621.000.0000;TRANSFERÊNCIAS FUNDO A FUNDO DE RECURSOS DO SUS PROVENIENTES DO GOVERNO ESTADUAL;0,00
FUNDO MUNICIPAL DE SAÚDE DE BARBACENA;18.002;FUNDO MUNICIPAL DE SAUDE;2.034;MANUTENÇÃO DO SISTEMA DE IMUNIZAÇÃO;4;VIGILANCIA EM SAUDE;10;Saúde;305;Vigilância Epidemiológica;246;3.3.90.39.00.00.00.00;OUTROS SERVIÇOS DE TERCEIROS - PESSOA JURÍDICA;1.600.000.0000;TRANSFERÊNCIAS FUNDO A FUNDO DE RECURSOS DO SUS PROVENIENTES DO GOVERNO FEDERAL - BLOCO DE MANUTENÇÃO DAS AÇÕES E SERVIÇOS PÚBLICOS DE SAÚDE;30.000,00
FUNDO MUNICIPAL DE SAÚDE DE BARBACENA;18.002;FUNDO MUNICIPAL DE SAUDE;2.034;MANUTENÇÃO DO SISTEMA DE IMUNIZAÇÃO;4;VIGILANCIA EM SAUDE;10;Saúde;305;Vigilância Epidemiológica;246;3.3.90.39.00.00.00.00;OUTROS SERVIÇOS DE TERCEIROS - PESSOA JURÍDICA;1.621.000.0000;TRANSFERÊNCIAS FUNDO A FUNDO DE RECURSOS DO SUS PROVENIENTES DO GOVERNO ESTADUAL;0,00
FUNDO MUNICIPAL DE SAÚDE DE BARBACENA;18.002;FUNDO MUNICIPAL DE SAUDE;2.034;MANUTENÇÃO DO SISTEMA DE IMUNIZAÇÃO;4;VIGILANCIA EM SAUDE;10;Saúde;305;Vigilância Epidemiológica;246;3.3.90.39.00.00.00.00;OUTROS SERVIÇOS DE TERCEIROS - PESSOA JURÍDICA;2.600.000.0000;TRANSFERÊNCIAS FUNDO A FUNDO DE RECURSOS DO SUS PROVENIENTES DO GOVERNO FEDERAL - BLOCO DE MANUTENÇÃO DAS AÇÕES E SERVIÇOS PÚBLICOS DE SAÚDE;0,00
FUNDO MUNICIPAL DE SAÚDE DE BARBACENA;18.002;FUNDO MUNICIPAL DE SAUDE;2.034;MANUTENÇÃO DO SISTEMA DE IMUNIZAÇÃO;4;VIGILANCIA EM SAUDE;10;Saúde;305;Vigilância Epidemiológica;246;3.3.90.39.00.00.00.00;OUTROS SERVIÇOS DE TERCEIROS - PESSOA JURÍDICA;2.621.000.0000;TRANSFERÊNCIAS FUNDO A FUNDO DE RECURSOS DO SUS PROVENIENTES DO GOVERNO ESTADUAL;0,00
FUNDO MUNICIPAL DE SAÚDE DE BARBACENA;18.002;FUNDO MUNICIPAL DE SAUDE;2.034;MANUTENÇÃO DO SISTEMA DE IMUNIZAÇÃO;4;VIGILANCIA EM SAUDE;10;Saúde;305;Vigilância Epidemiológica;247;4.4.90.52.00.00.00.00;EQUIPAMENTOS E MATERIAL PERMANENTE;1.601.000.0000;TRANSFERÊNCIAS FUNDO A FUNDO DE RECURSOS DO SUS PROVENIENTES DO GOVERNO FEDERAL - BLOCO DE ESTRUTURAÇÃO DA REDE DE SERVIÇOS PÚBLICOS DE SAÚDE;1.000,00
FUNDO MUNICIPAL DE SAÚDE DE BARBACENA;18.002;FUNDO MUNICIPAL DE SAUDE;2.034;MANUTENÇÃO DO SISTEMA DE IMUNIZAÇÃO;4;VIGILANCIA EM SAUDE;10;Saúde;305;Vigilância Epidemiológica;247;4.4.90.52.00.00.00.00;EQUIPAMENTOS E MATERIAL PERMANENTE;1.621.000.0000;TRANSFERÊNCIAS FUNDO A FUNDO DE RECURSOS DO SUS PROVENIENTES DO GOVERNO ESTADUAL;2.000,00
FUNDO MUNICIPAL DE SAÚDE DE BARBACENA;18.002;FUNDO MUNICIPAL DE SAUDE;2.034;MANUTENÇÃO DO SISTEMA DE IMUNIZAÇÃO;4;VIGILANCIA EM SAUDE;10;Saúde;305;Vigilância Epidemiológica;247;4.4.90.52.00.00.00.00;EQUIPAMENTOS E MATERIAL PERMANENTE;2.601.000.0000;TRANSFERÊNCIAS FUNDO A FUNDO DE RECURSOS DO SUS PROVENIENTES DO GOVERNO FEDERAL. BLOCO DE ESTRUTURAÇÃO DA REDE DE SERVIÇOS PÚBLICOS DE SAÚDE;0,00
FUNDO MUNICIPAL DE SAÚDE DE BARBACENA;18.002;FUNDO MUNICIPAL DE SAUDE;2.034;MANUTENÇÃO DO SISTEMA DE IMUNIZAÇÃO;4;VIGILANCIA EM SAUDE;10;Saúde;305;Vigilância Epidemiológica;247;4.4.90.52.00.00.00.00;EQUIPAMENTOS E MATERIAL PERMANENTE;2.621.000.0000;TRANSFERÊNCIAS FUNDO A FUNDO DE RECURSOS DO SUS PROVENIENTES DO GOVERNO ESTADUAL;0,00
FUNDO MUNICIPAL DE SAÚDE DE BARBACENA;18.002;FUNDO MUNICIPAL DE SAUDE;2.648;MANUTENÇAO DO PROGRAMA DE CONTROLE DA DENGUE;4;VIGILANCIA EM SAUDE;10;Saúde;305;Vigilância Epidemiológica;248;3.1.90.04.00.00.00.00;CONTRATAÇÃO POR TEMPO DETERMINADO;1.600.000.0000;TRANSFERÊNCIAS FUNDO A FUNDO DE RECURSOS DO SUS PROVENIENTES DO GOVERNO FEDERAL - BLOCO DE MANUTENÇÃO DAS AÇÕES E SERVIÇOS PÚBLICOS DE SAÚDE;1.000,00
FUNDO MUNICIPAL DE SAÚDE DE BARBACENA;18.002;FUNDO MUNICIPAL DE SAUDE;2.022;MANUTENÇAO DO CONTROLE SOCIAL;6;GESTÃO;10;Saúde;122;Administração Geral;6;3.1.90.11.00.00.00.00;VENCIMENTOS E VANTAGENS FIXAS - PESSOAL CIVIL;1.500.000.1002;RECURSOS NÃO VINCULADOS DE IMPOSTOS (SAÚDE);41.213,30
FUNDO MUNICIPAL DE SAÚDE DE BARBACENA;18.002;FUNDO MUNICIPAL DE SAUDE;2.022;MANUTENÇAO DO CONTROLE SOCIAL;6;GESTÃO;10;Saúde;122;Administração Geral;7;3.1.91.13.00.00.00.00;OBRIGAÇÕES PATRONAIS;1.500.000.1002;RECURSOS NÃO VINCULADOS DE IMPOSTOS (SAÚDE);11.541,04
FUNDO MUNICIPAL DE SAÚDE DE BARBACENA;18.002;FUNDO MUNICIPAL DE SAUDE;2.022;MANUTENÇAO DO CONTROLE SOCIAL;6;GESTÃO;10;Saúde;122;Administração Geral;8;3.3.90.14.00.00.00.00;DIÁRIAS - PESSOAL CIVIL;1.500.000.1002;RECURSOS NÃO VINCULADOS DE IMPOSTOS (SAÚDE);500,00
FUNDO MUNICIPAL DE SAÚDE DE BARBACENA;18.002;FUNDO MUNICIPAL DE SAUDE;2.022;MANUTENÇAO DO CONTROLE SOCIAL;6;GESTÃO;10;Saúde;122;Administração Geral;9;3.3.90.18.00.00.00.00;AUXÍLIO FINANCEIRO A ESTUDANTES;1.500.000.1002;RECURSOS NÃO VINCULADOS DE IMPOSTOS (SAÚDE);500,00
FUNDO MUNICIPAL DE SAÚDE DE BARBACENA;18.002;FUNDO MUNICIPAL DE SAUDE;2.022;MANUTENÇAO DO CONTROLE SOCIAL;6;GESTÃO;10;Saúde;122;Administração Geral;10;3.3.90.30.00.00.00.00;MATERIAL DE CONSUMO;1.500.000.1002;RECURSOS NÃO VINCULADOS DE IMPOSTOS (SAÚDE);5.000,00
FUNDO MUNICIPAL DE SAÚDE DE BARBACENA;18.002;FUNDO MUNICIPAL DE SAUDE;2.022;MANUTENÇAO DO CONTROLE SOCIAL;6;GESTÃO;10;Saúde;122;Administração Geral;11;3.3.90.36.00.00.00.00;OUTROS SERVIÇOS DE TERCEIROS - PESSOA FÍSICA;1.500.000.1002;RECURSOS NÃO VINCULADOS DE IMPOSTOS (SAÚDE);1.000,00
FUNDO MUNICIPAL DE SAÚDE DE BARBACENA;18.002;FUNDO MUNICIPAL DE SAUDE;2.022;MANUTENÇAO DO CONTROLE SOCIAL;6;GESTÃO;10;Saúde;122;Administração Geral;12;3.3.90.39.00.00.00.00;OUTROS SERVIÇOS DE TERCEIROS - PESSOA JURÍDICA;1.500.000.1002;RECURSOS NÃO VINCULADOS DE IMPOSTOS (SAÚDE);40.000,00
FUNDO MUNICIPAL DE SAÚDE DE BARBACENA;18.002;FUNDO MUNICIPAL DE SAUDE;2.022;MANUTENÇAO DO CONTROLE SOCIAL;6;GESTÃO;10;Saúde;122;Administração Geral;13;3.3.90.40.00.00.00.00;SERVIÇOS DE TECNOLOGIA DA INFORMAÇÃO E COMUNICAÇ;1.500.000.1002;RECURSOS NÃO VINCULADOS DE IMPOSTOS (SAÚDE);1.000,00
FUNDO MUNICIPAL DE SAÚDE DE BARBACENA;18.002;FUNDO MUNICIPAL DE SAUDE;2.022;MANUTENÇAO DO CONTROLE SOCIAL;6;GESTÃO;10;Saúde;122;Administração Geral;14;3.3.90.46.00.00.00.00;AUXÍLIO-ALIMENTAÇÃO;1.500.000.1002;RECURSOS NÃO VINCULADOS DE IMPOSTOS (SAÚDE);3.575,00
FUNDO MUNICIPAL DE SAÚDE DE BARBACENA;18.002;FUNDO MUNICIPAL DE SAUDE;2.022;MANUTENÇAO DO CONTROLE SOCIAL;6;GESTÃO;10;Saúde;122;Administração Geral;15;4.4.90.52.00.00.00.00;EQUIPAMENTOS E MATERIAL PERMANENTE;1.500.000.1002;RECURSOS NÃO VINCULADOS DE IMPOSTOS (SAÚDE);5.000,00
FUNDO MUNICIPAL DE SAÚDE DE BARBACENA;18.002;FUNDO MUNICIPAL DE SAUDE;2.024;MANUTENÇAO DA OUVIDORIA;6;GESTÃO;10;Saúde;122;Administração Geral;16;3.1.90.04.00.00.00.00;CONTRATAÇÃO POR TEMPO DETERMINADO;1.500.000.1002;RECURSOS NÃO VINCULADOS DE IMPOSTOS (SAÚDE);1.000,00
FUNDO MUNICIPAL DE SAÚDE DE BARBACENA;18.002;FUNDO MUNICIPAL DE SAUDE;2.024;MANUTENÇAO DA OUVIDORIA;6;GESTÃO;10;Saúde;122;Administração Geral;16;3.1.90.04.00.00.00.00;CONTRATAÇÃO POR TEMPO DETERMINADO;1.621.000.0000;TRANSFERÊNCIAS FUNDO A FUNDO DE RECURSOS DO SUS PROVENIENTES DO GOVERNO ESTADUAL;1.000,00
FUNDO MUNICIPAL DE SAÚDE DE BARBACENA;18.002;FUNDO MUNICIPAL DE SAUDE;2.024;MANUTENÇAO DA OUVIDORIA;6;GESTÃO;10;Saúde;122;Administração Geral;17;3.1.90.11.00.00.00.00;VENCIMENTOS E VANTAGENS FIXAS - PESSOAL CIVIL;1.500.000.1002;RECURSOS NÃO VINCULADOS DE IMPOSTOS (SAÚDE);122.400,72
FUNDO MUNICIPAL DE SAÚDE DE BARBACENA;18.002;FUNDO MUNICIPAL DE SAUDE;2.024;MANUTENÇAO DA OUVIDORIA;6;GESTÃO;10;Saúde;122;Administração Geral;17;3.1.90.11.00.00.00.00;VENCIMENTOS E VANTAGENS FIXAS - PESSOAL CIVIL;1.600.000.0000;TRANSFERÊNCIAS FUNDO A FUNDO DE RECURSOS DO SUS PROVENIENTES DO GOVERNO FEDERAL - BLOCO DE MANUTENÇÃO DAS AÇÕES E SERVIÇOS PÚBLICOS DE SAÚDE;1.000,00
FUNDO MUNICIPAL DE SAÚDE DE BARBACENA;18.002;FUNDO MUNICIPAL DE SAUDE;2.024;MANUTENÇAO DA OUVIDORIA;6;GESTÃO;10;Saúde;122;Administração Geral;17;3.1.90.11.00.00.00.00;VENCIMENTOS E VANTAGENS FIXAS - PESSOAL CIVIL;1.621.000.0000;TRANSFERÊNCIAS FUNDO A FUNDO DE RECURSOS DO SUS PROVENIENTES DO GOVERNO ESTADUAL;1.000,00
FUNDO MUNICIPAL DE SAÚDE DE BARBACENA;18.002;FUNDO MUNICIPAL DE SAUDE;2.024;MANUTENÇAO DA OUVIDORIA;6;GESTÃO;10;Saúde;122;Administração Geral;18;3.1.91.13.00.00.00.00;OBRIGAÇÕES PATRONAIS;1.500.000.1002;RECURSOS NÃO VINCULADOS DE IMPOSTOS (SAÚDE);28.589,07
FUNDO MUNICIPAL DE SAÚDE DE BARBACENA;18.002;FUNDO MUNICIPAL DE SAUDE;2.024;MANUTENÇAO DA OUVIDORIA;6;GESTÃO;10;Saúde;122;Administração Geral;18;3.1.91.13.00.00.00.00;OBRIGAÇÕES PATRONAIS;1.600.000.0000;TRANSFERÊNCIAS FUNDO A FUNDO DE RECURSOS DO SUS PROVENIENTES DO GOVERNO FEDERAL - BLOCO DE MANUTENÇÃO DAS AÇÕES E SERVIÇOS PÚBLICOS DE SAÚDE;1.000,00
FUNDO MUNICIPAL DE SAÚDE DE BARBACENA;18.002;FUNDO MUNICIPAL DE SAUDE;2.024;MANUTENÇAO DA OUVIDORIA;6;GESTÃO;10;Saúde;122;Administração Geral;18;3.1.91.13.00.00.00.00;OBRIGAÇÕES PATRONAIS;1.621.000.0000;TRANSFERÊNCIAS FUNDO A FUNDO DE RECURSOS DO SUS PROVENIENTES DO GOVERNO ESTADUAL;1.000,00
FUNDO MUNICIPAL DE SAÚDE DE BARBACENA;18.002;FUNDO MUNICIPAL DE SAUDE;2.024;MANUTENÇAO DA OUVIDORIA;6;GESTÃO;10;Saúde;122;Administração Geral;19;3.3.90.14.00.00.00.00;DIÁRIAS - PESSOAL CIVIL;1.500.000.1002;RECURSOS NÃO VINCULADOS DE IMPOSTOS (SAÚDE);500,00
FUNDO MUNICIPAL DE SAÚDE DE BARBACENA;18.002;FUNDO MUNICIPAL DE SAUDE;2.024;MANUTENÇAO DA OUVIDORIA;6;GESTÃO;10;Saúde;122;Administração Geral;19;3.3.90.14.00.00.00.00;DIÁRIAS - PESSOAL CIVIL;1.600.000.0000;TRANSFERÊNCIAS FUNDO A FUNDO DE RECURSOS DO SUS PROVENIENTES DO GOVERNO FEDERAL - BLOCO DE MANUTENÇÃO DAS AÇÕES E SERVIÇOS PÚBLICOS DE SAÚDE;1.000,00
FUNDO MUNICIPAL DE SAÚDE DE BARBACENA;18.002;FUNDO MUNICIPAL DE SAUDE;2.024;MANUTENÇAO DA OUVIDORIA;6;GESTÃO;10;Saúde;122;Administração Geral;19;3.3.90.14.00.00.00.00;DIÁRIAS - PESSOAL CIVIL;1.621.000.0000;TRANSFERÊNCIAS FUNDO A FUNDO DE RECURSOS DO SUS PROVENIENTES DO GOVERNO ESTADUAL;1.000,00
FUNDO MUNICIPAL DE SAÚDE DE BARBACENA;18.002;FUNDO MUNICIPAL DE SAUDE;2.024;MANUTENÇAO DA OUVIDORIA;6;GESTÃO;10;Saúde;122;Administração Geral;20;3.3.90.18.00.00.00.00;AUXÍLIO FINANCEIRO A ESTUDANTES;1.500.000.1002;RECURSOS NÃO VINCULADOS DE IMPOSTOS (SAÚDE);1.000,00
FUNDO MUNICIPAL DE SAÚDE DE BARBACENA;18.002;FUNDO MUNICIPAL DE SAUDE;2.024;MANUTENÇAO DA OUVIDORIA;6;GESTÃO;10;Saúde;122;Administração Geral;20;3.3.90.18.00.00.00.00;AUXÍLIO FINANCEIRO A ESTUDANTES;1.621.000.0000;TRANSFERÊNCIAS FUNDO A FUNDO DE RECURSOS DO SUS PROVENIENTES DO GOVERNO ESTADUAL;500,00
FUNDO MUNICIPAL DE SAÚDE DE BARBACENA;18.002;FUNDO MUNICIPAL DE SAUDE;2.024;MANUTENÇAO DA OUVIDORIA;6;GESTÃO;10;Saúde;122;Administração Geral;21;3.3.90.30.00.00.00.00;MATERIAL DE CONSUMO;1.500.000.1002;RECURSOS NÃO VINCULADOS DE IMPOSTOS (SAÚDE);500,00
FUNDO MUNICIPAL DE SAÚDE DE BARBACENA;18.002;FUNDO MUNICIPAL DE SAUDE;2.024;MANUTENÇAO DA OUVIDORIA;6;GESTÃO;10;Saúde;122;Administração Geral;21;3.3.90.30.00.00.00.00;MATERIAL DE CONSUMO;1.600.000.0000;TRANSFERÊNCIAS FUNDO A FUNDO DE RECURSOS DO SUS PROVENIENTES DO GOVERNO FEDERAL - BLOCO DE MANUTENÇÃO DAS AÇÕES E SERVIÇOS PÚBLICOS DE SAÚDE;1.000,00
FUNDO MUNICIPAL DE SAÚDE DE BARBACENA;18.002;FUNDO MUNICIPAL DE SAUDE;2.024;MANUTENÇAO DA OUVIDORIA;6;GESTÃO;10;Saúde;122;Administração Geral;21;3.3.90.30.00.00.00.00;MATERIAL DE CONSUMO;2.600.000.0000;TRANSFERÊNCIAS FUNDO A FUNDO DE RECURSOS DO SUS PROVENIENTES DO GOVERNO FEDERAL - BLOCO DE MANUTENÇÃO DAS AÇÕES E SERVIÇOS PÚBLICOS DE SAÚDE;0,00
FUNDO MUNICIPAL DE SAÚDE DE BARBACENA;18.002;FUNDO MUNICIPAL DE SAUDE;2.024;MANUTENÇAO DA OUVIDORIA;6;GESTÃO;10;Saúde;122;Administração Geral;21;3.3.90.30.00.00.00.00;MATERIAL DE CONSUMO;2.706.000.0000;TRANSFERÊNCIA ESPECIAL DA UNIÃO;0,00
FUNDO MUNICIPAL DE SAÚDE DE BARBACENA;18.002;FUNDO MUNICIPAL DE SAUDE;2.024;MANUTENÇAO DA OUVIDORIA;6;GESTÃO;10;Saúde;122;Administração Geral;21;3.3.90.30.00.00.00.00;MATERIAL DE CONSUMO;2.707.000.0000;TRANSFERÊNCIAS DA UNIÃO – INCISO I DO ART. 5º DA LEI COMPLEMENTAR 273/2020;0,00
FUNDO MUNICIPAL DE SAÚDE DE BARBACENA;18.002;FUNDO MUNICIPAL DE SAUDE;2.024;MANUTENÇAO DA OUVIDORIA;6;GESTÃO;10;Saúde;122;Administração Geral;22;3.3.90.36.00.00.00.00;OUTROS SERVIÇOS DE TERCEIROS - PESSOA FÍSICA;1.500.000.1002;RECURSOS NÃO VINCULADOS DE IMPOSTOS (SAÚDE);6.000,00
FUNDO MUNICIPAL DE SAÚDE DE BARBACENA;18.002;FUNDO MUNICIPAL DE SAUDE;2.024;MANUTENÇAO DA OUVIDORIA;6;GESTÃO;10;Saúde;122;Administração Geral;23;3.3.90.39.00.00.00.00;OUTROS SERVIÇOS DE TERCEIROS - PESSOA JURÍDICA;1.500.000.1002;RECURSOS NÃO VINCULADOS DE IMPOSTOS (SAÚDE);10.526,01
FUNDO MUNICIPAL DE SAÚDE DE BARBACENA;18.002;FUNDO MUNICIPAL DE SAUDE;2.024;MANUTENÇAO DA OUVIDORIA;6;GESTÃO;10;Saúde;122;Administração Geral;23;3.3.90.39.00.00.00.00;OUTROS SERVIÇOS DE TERCEIROS - PESSOA JURÍDICA;1.600.000.0000;TRANSFERÊNCIAS FUNDO A FUNDO DE RECURSOS DO SUS PROVENIENTES DO GOVERNO FEDERAL - BLOCO DE MANUTENÇÃO DAS AÇÕES E SERVIÇOS PÚBLICOS DE SAÚDE;1.000,00
FUNDO MUNICIPAL DE SAÚDE DE BARBACENA;18.002;FUNDO MUNICIPAL DE SAUDE;2.024;MANUTENÇAO DA OUVIDORIA;6;GESTÃO;10;Saúde;122;Administração Geral;23;3.3.90.39.00.00.00.00;OUTROS SERVIÇOS DE TERCEIROS - PESSOA JURÍDICA;1.621.000.0000;TRANSFERÊNCIAS FUNDO A FUNDO DE RECURSOS DO SUS PROVENIENTES DO GOVERNO ESTADUAL;1.000,00
FUNDO MUNICIPAL DE SAÚDE DE BARBACENA;18.002;FUNDO MUNICIPAL DE SAUDE;2.024;MANUTENÇAO DA OUVIDORIA;6;GESTÃO;10;Saúde;122;Administração Geral;24;3.3.90.40.00.00.00.00;SERVIÇOS DE TECNOLOGIA DA INFORMAÇÃO E COMUNICAÇ;1.500.000.1002;RECURSOS NÃO VINCULADOS DE IMPOSTOS (SAÚDE);1.000,00
FUNDO MUNICIPAL DE SAÚDE DE BARBACENA;18.002;FUNDO MUNICIPAL DE SAUDE;2.024;MANUTENÇAO DA OUVIDORIA;6;GESTÃO;10;Saúde;122;Administração Geral;24;3.3.90.40.00.00.00.00;SERVIÇOS DE TECNOLOGIA DA INFORMAÇÃO E COMUNICAÇ;1.621.000.0000;TRANSFERÊNCIAS FUNDO A FUNDO DE RECURSOS DO SUS PROVENIENTES DO GOVERNO ESTADUAL;1.000,00
FUNDO MUNICIPAL DE SAÚDE DE BARBACENA;18.002;FUNDO MUNICIPAL DE SAUDE;2.024;MANUTENÇAO DA OUVIDORIA;6;GESTÃO;10;Saúde;122;Administração Geral;25;3.3.90.46.00.00.00.00;AUXÍLIO-ALIMENTAÇÃO;1.500.000.1002;RECURSOS NÃO VINCULADOS DE IMPOSTOS (SAÚDE);3.000,00
FUNDO MUNICIPAL DE SAÚDE DE BARBACENA;18.002;FUNDO MUNICIPAL DE SAUDE;2.024;MANUTENÇAO DA OUVIDORIA;6;GESTÃO;10;Saúde;122;Administração Geral;26;4.4.90.52.00.00.00.00;EQUIPAMENTOS E MATERIAL PERMANENTE;1.500.000.1002;RECURSOS NÃO VINCULADOS DE IMPOSTOS (SAÚDE);1.000,00
FUNDO MUNICIPAL DE SAÚDE DE BARBACENA;18.002;FUNDO MUNICIPAL DE SAUDE;2.031;MANUTENÇAO DO SIMACRA;6;GESTÃO;10;Saúde;122;Administração Geral;27;3.1.90.04.00.00.00.00;CONTRATAÇÃO POR TEMPO DETERMINADO;1.500.000.1002;RECURSOS NÃO VINCULADOS DE IMPOSTOS (SAÚDE);11.780.711,47
FUNDO MUNICIPAL DE SAÚDE DE BARBACENA;18.002;FUNDO MUNICIPAL DE SAUDE;2.031;MANUTENÇAO DO SIMACRA;6;GESTÃO;10;Saúde;122;Administração Geral;27;3.1.90.04.00.00.00.00;CONTRATAÇÃO POR TEMPO DETERMINADO;1.600.000.0000;TRANSFERÊNCIAS FUNDO A FUNDO DE RECURSOS DO SUS PROVENIENTES DO GOVERNO FEDERAL - BLOCO DE MANUTENÇÃO DAS AÇÕES E SERVIÇOS PÚBLICOS DE SAÚDE;300.000,00
FUNDO MUNICIPAL DE SAÚDE DE BARBACENA;18.002;FUNDO MUNICIPAL DE SAUDE;2.031;MANUTENÇAO DO SIMACRA;6;GESTÃO;10;Saúde;122;Administração Geral;27;3.1.90.04.00.00.00.00;CONTRATAÇÃO POR TEMPO DETERMINADO;1.621.000.0000;TRANSFERÊNCIAS FUNDO A FUNDO DE RECURSOS DO SUS PROVENIENTES DO GOVERNO ESTADUAL;500,00
FUNDO MUNICIPAL DE SAÚDE DE BARBACENA;18.002;FUNDO MUNICIPAL DE SAUDE;2.031;MANUTENÇAO DO SIMACRA;6;GESTÃO;10;Saúde;122;Administração Geral;28;3.1.90.11.00.00.00.00;VENCIMENTOS E VANTAGENS FIXAS - PESSOAL CIVIL;1.500.000.1002;RECURSOS NÃO VINCULADOS DE IMPOSTOS (SAÚDE);1.160.675,15
FUNDO MUNICIPAL DE SAÚDE DE BARBACENA;18.002;FUNDO MUNICIPAL DE SAUDE;2.031;MANUTENÇAO DO SIMACRA;6;GESTÃO;10;Saúde;122;Administração Geral;28;3.1.90.11.00.00.00.00;VENCIMENTOS E VANTAGENS FIXAS - PESSOAL CIVIL;1.600.000.0000;TRANSFERÊNCIAS FUNDO A FUNDO DE RECURSOS DO SUS PROVENIENTES DO GOVERNO FEDERAL - BLOCO DE MANUTENÇÃO DAS AÇÕES E SERVIÇOS PÚBLICOS DE SAÚDE;150.000,00
FUNDO MUNICIPAL DE SAÚDE DE BARBACENA;18.002;FUNDO MUNICIPAL DE SAUDE;2.031;MANUTENÇAO DO SIMACRA;6;GESTÃO;10;Saúde;122;Administração Geral;28;3.1.90.11.00.00.00.00;VENCIMENTOS E VANTAGENS FIXAS - PESSOAL CIVIL;1.621.000.0000;TRANSFERÊNCIAS FUNDO A FUNDO DE RECURSOS DO SUS PROVENIENTES DO GOVERNO ESTADUAL;100,00
FUNDO MUNICIPAL DE SAÚDE DE BARBACENA;18.002;FUNDO MUNICIPAL DE SAUDE;2.031;MANUTENÇAO DO SIMACRA;6;GESTÃO;10;Saúde;122;Administração Geral;29;3.1.90.13.00.00.00.00;OBRIGAÇÕES PATRONAIS;1.500.000.1002;RECURSOS NÃO VINCULADOS DE IMPOSTOS (SAÚDE);1.000,00
FUNDO MUNICIPAL DE SAÚDE DE BARBACENA;18.002;FUNDO MUNICIPAL DE SAUDE;2.031;MANUTENÇAO DO SIMACRA;6;GESTÃO;10;Saúde;122;Administração Geral;29;3.1.90.13.00.00.00.00;OBRIGAÇÕES PATRONAIS;1.600.000.0000;TRANSFERÊNCIAS FUNDO A FUNDO DE RECURSOS DO SUS PROVENIENTES DO GOVERNO FEDERAL - BLOCO DE MANUTENÇÃO DAS AÇÕES E SERVIÇOS PÚBLICOS DE SAÚDE;1.000,00
FUNDO MUNICIPAL DE SAÚDE DE BARBACENA;18.002;FUNDO MUNICIPAL DE SAUDE;2.031;MANUTENÇAO DO SIMACRA;6;GESTÃO;10;Saúde;122;Administração Geral;29;3.1.90.13.00.00.00.00;OBRIGAÇÕES PATRONAIS;1.621.000.0000;TRANSFERÊNCIAS FUNDO A FUNDO DE RECURSOS DO SUS PROVENIENTES DO GOVERNO ESTADUAL;500,00
FUNDO MUNICIPAL DE SAÚDE DE BARBACENA;18.002;FUNDO MUNICIPAL DE SAUDE;2.031;MANUTENÇAO DO SIMACRA;6;GESTÃO;10;Saúde;122;Administração Geral;30;3.1.90.92.00.00.00.00;DESPESAS DE EXERCÍCIOS ANTERIORES;1.500.000.1002;RECURSOS NÃO VINCULADOS DE IMPOSTOS (SAÚDE);1.000,00
FUNDO MUNICIPAL DE SAÚDE DE BARBACENA;18.002;FUNDO MUNICIPAL DE SAUDE;2.031;MANUTENÇAO DO SIMACRA;6;GESTÃO;10;Saúde;122;Administração Geral;30;3.1.90.92.00.00.00.00;DESPESAS DE EXERCÍCIOS ANTERIORES;1.600.000.0000;TRANSFERÊNCIAS FUNDO A FUNDO DE RECURSOS DO SUS PROVENIENTES DO GOVERNO FEDERAL - BLOCO DE MANUTENÇÃO DAS AÇÕES E SERVIÇOS PÚBLICOS DE SAÚDE;1.000,00
FUNDO MUNICIPAL DE SAÚDE DE BARBACENA;18.002;FUNDO MUNICIPAL DE SAUDE;2.031;MANUTENÇAO DO SIMACRA;6;GESTÃO;10;Saúde;122;Administração Geral;31;3.1.91.13.00.00.00.00;OBRIGAÇÕES PATRONAIS;1.500.000.1002;RECURSOS NÃO VINCULADOS DE IMPOSTOS (SAÚDE);20.904,97
FUNDO MUNICIPAL DE SAÚDE DE BARBACENA;18.002;FUNDO MUNICIPAL DE SAUDE;2.031;MANUTENÇAO DO SIMACRA;6;GESTÃO;10;Saúde;122;Administração Geral;31;3.1.91.13.00.00.00.00;OBRIGAÇÕES PATRONAIS;1.600.000.0000;TRANSFERÊNCIAS FUNDO A FUNDO DE RECURSOS DO SUS PROVENIENTES DO GOVERNO FEDERAL - BLOCO DE MANUTENÇÃO DAS AÇÕES E SERVIÇOS PÚBLICOS DE SAÚDE;1.000,00
FUNDO MUNICIPAL DE SAÚDE DE BARBACENA;18.002;FUNDO MUNICIPAL DE SAUDE;2.031;MANUTENÇAO DO SIMACRA;6;GESTÃO;10;Saúde;122;Administração Geral;32;3.3.90.08.00.00.00.00;OUTROS BENEFÍCIOS ASSISTENCIAIS-SERVIDOR/MILITAR;1.600.000.0000;TRANSFERÊNCIAS FUNDO A FUNDO DE RECURSOS DO SUS PROVENIENTES DO GOVERNO FEDERAL - BLOCO DE MANUTENÇÃO DAS AÇÕES E SERVIÇOS PÚBLICOS DE SAÚDE;1.000,00
FUNDO MUNICIPAL DE SAÚDE DE BARBACENA;18.002;FUNDO MUNICIPAL DE SAUDE;2.031;MANUTENÇAO DO SIMACRA;6;GESTÃO;10;Saúde;122;Administração Geral;33;3.3.90.14.00.00.00.00;DIÁRIAS - PESSOAL CIVIL;1.500.000.1002;RECURSOS NÃO VINCULADOS DE IMPOSTOS (SAÚDE);1.000,00
FUNDO MUNICIPAL DE SAÚDE DE BARBACENA;18.002;FUNDO MUNICIPAL DE SAUDE;2.031;MANUTENÇAO DO SIMACRA;6;GESTÃO;10;Saúde;122;Administração Geral;34;3.3.90.18.00.00.00.00;AUXÍLIO FINANCEIRO A ESTUDANTES;1.500.000.1002;RECURSOS NÃO VINCULADOS DE IMPOSTOS (SAÚDE);1.000,00
FUNDO MUNICIPAL DE SAÚDE DE BARBACENA;18.002;FUNDO MUNICIPAL DE SAUDE;2.031;MANUTENÇAO DO SIMACRA;6;GESTÃO;10;Saúde;122;Administração Geral;34;3.3.90.18.00.00.00.00;AUXÍLIO FINANCEIRO A ESTUDANTES;1.600.000.0000;TRANSFERÊNCIAS FUNDO A FUNDO DE RECURSOS DO SUS PROVENIENTES DO GOVERNO FEDERAL - BLOCO DE MANUTENÇÃO DAS AÇÕES E SERVIÇOS PÚBLICOS DE SAÚDE;1.000,00
FUNDO MUNICIPAL DE SAÚDE DE BARBACENA;18.002;FUNDO MUNICIPAL DE SAUDE;2.031;MANUTENÇAO DO SIMACRA;6;GESTÃO;10;Saúde;122;Administração Geral;35;3.3.90.30.00.00.00.00;MATERIAL DE CONSUMO;1.500.000.1002;RECURSOS NÃO VINCULADOS DE IMPOSTOS (SAÚDE);1.000,00
FUNDO MUNICIPAL DE SAÚDE DE BARBACENA;18.002;FUNDO MUNICIPAL DE SAUDE;2.031;MANUTENÇAO DO SIMACRA;6;GESTÃO;10;Saúde;122;Administração Geral;35;3.3.90.30.00.00.00.00;MATERIAL DE CONSUMO;1.621.000.0000;TRANSFERÊNCIAS FUNDO A FUNDO DE RECURSOS DO SUS PROVENIENTES DO GOVERNO ESTADUAL;500,00
FUNDO MUNICIPAL DE SAÚDE DE BARBACENA;18.002;FUNDO MUNICIPAL DE SAUDE;2.031;MANUTENÇAO DO SIMACRA;6;GESTÃO;10;Saúde;122;Administração Geral;36;3.3.90.36.00.00.00.00;OUTROS SERVIÇOS DE TERCEIROS - PESSOA FÍSICA;1.500.000.1002;RECURSOS NÃO VINCULADOS DE IMPOSTOS (SAÚDE);1.000,00
FUNDO MUNICIPAL DE SAÚDE DE BARBACENA;18.002;FUNDO MUNICIPAL DE SAUDE;2.031;MANUTENÇAO DO SIMACRA;6;GESTÃO;10;Saúde;122;Administração Geral;37;3.3.90.39.00.00.00.00;OUTROS SERVIÇOS DE TERCEIROS - PESSOA JURÍDICA;1.600.000.0000;TRANSFERÊNCIAS FUNDO A FUNDO DE RECURSOS DO SUS PROVENIENTES DO GOVERNO FEDERAL - BLOCO DE MANUTENÇÃO DAS AÇÕES E SERVIÇOS PÚBLICOS DE SAÚDE;15.000,00
FUNDO MUNICIPAL DE SAÚDE DE BARBACENA;18.002;FUNDO MUNICIPAL DE SAUDE;2.031;MANUTENÇAO DO SIMACRA;6;GESTÃO;10;Saúde;122;Administração Geral;37;3.3.90.39.00.00.00.00;OUTROS SERVIÇOS DE TERCEIROS - PESSOA JURÍDICA;1.621.000.0000;TRANSFERÊNCIAS FUNDO A FUNDO DE RECURSOS DO SUS PROVENIENTES DO GOVERNO ESTADUAL;1.000,00
FUNDO MUNICIPAL DE SAÚDE DE BARBACENA;18.002;FUNDO MUNICIPAL DE SAUDE;2.031;MANUTENÇAO DO SIMACRA;6;GESTÃO;10;Saúde;122;Administração Geral;38;3.3.90.46.00.00.00.00;AUXÍLIO-ALIMENTAÇÃO;1.500.000.1002;RECURSOS NÃO VINCULADOS DE IMPOSTOS (SAÚDE);177.593,13
FUNDO MUNICIPAL DE SAÚDE DE BARBACENA;18.002;FUNDO MUNICIPAL DE SAUDE;2.031;MANUTENÇAO DO SIMACRA;6;GESTÃO;10;Saúde;122;Administração Geral;38;3.3.90.46.00.00.00.00;AUXÍLIO-ALIMENTAÇÃO;1.600.000.0000;TRANSFERÊNCIAS FUNDO A FUNDO DE RECURSOS DO SUS PROVENIENTES DO GOVERNO FEDERAL - BLOCO DE MANUTENÇÃO DAS AÇÕES E SERVIÇOS PÚBLICOS DE SAÚDE;0,00
FUNDO MUNICIPAL DE SAÚDE DE BARBACENA;18.002;FUNDO MUNICIPAL DE SAUDE;2.031;MANUTENÇAO DO SIMACRA;6;GESTÃO;10;Saúde;122;Administração Geral;39;3.3.90.93.00.00.00.00;INDENIZAÇÕES E RESTITUIÇÕES;1.621.000.0000;TRANSFERÊNCIAS FUNDO A FUNDO DE RECURSOS DO SUS PROVENIENTES DO GOVERNO ESTADUAL;4.000,00
FUNDO MUNICIPAL DE SAÚDE DE BARBACENA;18.002;FUNDO MUNICIPAL DE SAUDE;2.031;MANUTENÇAO DO SIMACRA;6;GESTÃO;10;Saúde;122;Administração Geral;39;3.3.90.93.00.00.00.00;INDENIZAÇÕES E RESTITUIÇÕES;2.621.000.0000;TRANSFERÊNCIAS FUNDO A FUNDO DE RECURSOS DO SUS PROVENIENTES DO GOVERNO ESTADUAL;0,00
FUNDO MUNICIPAL DE SAÚDE DE BARBACENA;18.002;FUNDO MUNICIPAL DE SAUDE;2.031;MANUTENÇAO DO SIMACRA;6;GESTÃO;10;Saúde;122;Administração Geral;40;4.4.90.52.00.00.00.00;EQUIPAMENTOS E MATERIAL PERMANENTE;1.500.000.1002;RECURSOS NÃO VINCULADOS DE IMPOSTOS (SAÚDE);1.000,00
FUNDO MUNICIPAL DE SAÚDE DE BARBACENA;18.002;FUNDO MUNICIPAL DE SAUDE;2.031;MANUTENÇAO DO SIMACRA;6;GESTÃO;10;Saúde;122;Administração Geral;40;4.4.90.52.00.00.00.00;EQUIPAMENTOS E MATERIAL PERMANENTE;1.621.000.0000;TRANSFERÊNCIAS FUNDO A FUNDO DE RECURSOS DO SUS PROVENIENTES DO GOVERNO ESTADUAL;1.000,00
FUNDO MUNICIPAL DE SAÚDE DE BARBACENA;18.002;FUNDO MUNICIPAL DE SAUDE;2.020;MANUTENÇÃO DO PROGRAMA DE ALIMENTAÇÃO E NUTRIÇÃO;6;GESTÃO;10;Saúde;306;Alimentação e Nutrição;249;3.3.90.30.00.00.00.00;MATERIAL DE CONSUMO;1.600.000.0000;TRANSFERÊNCIAS FUNDO A FUNDO DE RECURSOS DO SUS PROVENIENTES DO GOVERNO FEDERAL - BLOCO DE MANUTENÇÃO DAS AÇÕES E SERVIÇOS PÚBLICOS DE SAÚDE;10.000,00
FUNDO MUNICIPAL DE SAÚDE DE BARBACENA;18.002;FUNDO MUNICIPAL DE SAUDE;2.020;MANUTENÇÃO DO PROGRAMA DE ALIMENTAÇÃO E NUTRIÇÃO;6;GESTÃO;10;Saúde;306;Alimentação e Nutrição;249;3.3.90.30.00.00.00.00;MATERIAL DE CONSUMO;1.706.000.0000;TRANSFERÊNCIA ESPECIAL DA UNIÃO BANCADA;0,00
FUNDO MUNICIPAL DE SAÚDE DE BARBACENA;18.002;FUNDO MUNICIPAL DE SAUDE;2.020;MANUTENÇÃO DO PROGRAMA DE ALIMENTAÇÃO E NUTRIÇÃO;6;GESTÃO;10;Saúde;306;Alimentação e Nutrição;250;4.4.90.52.00.00.00.00;EQUIPAMENTOS E MATERIAL PERMANENTE;1.600.000.0000;TRANSFERÊNCIAS FUNDO A FUNDO DE RECURSOS DO SUS PROVENIENTES DO GOVERNO FEDERAL - BLOCO DE MANUTENÇÃO DAS AÇÕES E SERVIÇOS PÚBLICOS DE SAÚDE;6.000,00
FUNDO MUNICIPAL DE SAÚDE DE BARBACENA;18.002;FUNDO MUNICIPAL DE SAUDE;2.018;PESSOAL E ENCARGOS SOCIAIS DA SESAP;11;APOIO A ADMINISTRAÇAO PUBLICA;10;Saúde;122;Administração Geral;41;3.1.90.04.00.00.00.00;CONTRATAÇÃO POR TEMPO DETERMINADO;1.500.000.1002;RECURSOS NÃO VINCULADOS DE IMPOSTOS (SAÚDE);1.427.121,68
FUNDO MUNICIPAL DE SAÚDE DE BARBACENA;18.002;FUNDO MUNICIPAL DE SAUDE;2.018;PESSOAL E ENCARGOS SOCIAIS DA SESAP;11;APOIO A ADMINISTRAÇAO PUBLICA;10;Saúde;122;Administração Geral;41;3.1.90.04.00.00.00.00;CONTRATAÇÃO POR TEMPO DETERMINADO;1.605.000.0000;ASSISTÊNCIA FINANCEIRA DA UNIÃO DESTINADA À COMPLEMENTAÇÃO AO PAGAMENTO DOS PISOS SALARIAIS PARA PROFISSIONAIS DA ENFERMAGEM.;0,00
FUNDO MUNICIPAL DE SAÚDE DE BARBACENA;18.002;FUNDO MUNICIPAL DE SAUDE;2.018;PESSOAL E ENCARGOS SOCIAIS DA SESAP;11;APOIO A ADMINISTRAÇAO PUBLICA;10;Saúde;122;Administração Geral;41;3.1.90.04.00.00.00.00;CONTRATAÇÃO POR TEMPO DETERMINADO;2.707.000.0000;TRANSFERÊNCIAS DA UNIÃO – INCISO I DO ART. 5º DA LEI COMPLEMENTAR 273/2020;0,00
FUNDO MUNICIPAL DE SAÚDE DE BARBACENA;18.002;FUNDO MUNICIPAL DE SAUDE;2.018;PESSOAL E ENCARGOS SOCIAIS DA SESAP;11;APOIO A ADMINISTRAÇAO PUBLICA;10;Saúde;122;Administração Geral;42;3.1.90.11.00.00.00.00;VENCIMENTOS E VANTAGENS FIXAS - PESSOAL CIVIL;1.500.000.1002;RECURSOS NÃO VINCULADOS DE IMPOSTOS (SAÚDE);3.874.074,62
FUNDO MUNICIPAL DE SAÚDE DE BARBACENA;18.002;FUNDO MUNICIPAL DE SAUDE;2.018;PESSOAL E ENCARGOS SOCIAIS DA SESAP;11;APOIO A ADMINISTRAÇAO PUBLICA;10;Saúde;122;Administração Geral;42;3.1.90.11.00.00.00.00;VENCIMENTOS E VANTAGENS FIXAS - PESSOAL CIVIL;1.600.000.0000;TRANSFERÊNCIAS FUNDO A FUNDO DE RECURSOS DO SUS PROVENIENTES DO GOVERNO FEDERAL - BLOCO DE MANUTENÇÃO DAS AÇÕES E SERVIÇOS PÚBLICOS DE SAÚDE;0,00
FUNDO MUNICIPAL DE SAÚDE DE BARBACENA;18.002;FUNDO MUNICIPAL DE SAUDE;2.018;PESSOAL E ENCARGOS SOCIAIS DA SESAP;11;APOIO A ADMINISTRAÇAO PUBLICA;10;Saúde;122;Administração Geral;42;3.1.90.11.00.00.00.00;VENCIMENTOS E VANTAGENS FIXAS - PESSOAL CIVIL;1.605.000.0000;ASSISTÊNCIA FINANCEIRA DA UNIÃO DESTINADA À COMPLEMENTAÇÃO AO PAGAMENTO DOS PISOS SALARIAIS PARA PROFISSIONAIS DA ENFERMAGEM.;0,00
FUNDO MUNICIPAL DE SAÚDE DE BARBACENA;18.002;FUNDO MUNICIPAL DE SAUDE;2.018;PESSOAL E ENCARGOS SOCIAIS DA SESAP;11;APOIO A ADMINISTRAÇAO PUBLICA;10;Saúde;122;Administração Geral;42;3.1.90.11.00.00.00.00;VENCIMENTOS E VANTAGENS FIXAS - PESSOAL CIVIL;2.707.000.0000;TRANSFERÊNCIAS DA UNIÃO – INCISO I DO ART. 5º DA LEI COMPLEMENTAR 273/2020;0,00
FUNDO MUNICIPAL DE SAÚDE DE BARBACENA;18.002;FUNDO MUNICIPAL DE SAUDE;2.018;PESSOAL E ENCARGOS SOCIAIS DA SESAP;11;APOIO A ADMINISTRAÇAO PUBLICA;10;Saúde;122;Administração Geral;43;3.1.90.13.00.00.00.00;OBRIGAÇÕES PATRONAIS;1.500.000.1002;RECURSOS NÃO VINCULADOS DE IMPOSTOS (SAÚDE);475.544,79
FUNDO MUNICIPAL DE SAÚDE DE BARBACENA;18.002;FUNDO MUNICIPAL DE SAUDE;2.018;PESSOAL E ENCARGOS SOCIAIS DA SESAP;11;APOIO A ADMINISTRAÇAO PUBLICA;10;Saúde;122;Administração Geral;43;3.1.90.13.00.00.00.00;OBRIGAÇÕES PATRONAIS;2.707.000.0000;TRANSFERÊNCIAS DA UNIÃO – INCISO I DO ART. 5º DA LEI COMPLEMENTAR 273/2020;0,00
FUNDO MUNICIPAL DE SAÚDE DE BARBACENA;18.002;FUNDO MUNICIPAL DE SAUDE;2.018;PESSOAL E ENCARGOS SOCIAIS DA SESAP;11;APOIO A ADMINISTRAÇAO PUBLICA;10;Saúde;122;Administração Geral;44;3.1.91.13.00.00.00.00;OBRIGAÇÕES PATRONAIS;1.500.000.1002;RECURSOS NÃO VINCULADOS DE IMPOSTOS (SAÚDE);456.405,09
FUNDO MUNICIPAL DE SAÚDE DE BARBACENA;18.002;FUNDO MUNICIPAL DE SAUDE;2.018;PESSOAL E ENCARGOS SOCIAIS DA SESAP;11;APOIO A ADMINISTRAÇAO PUBLICA;10;Saúde;122;Administração Geral;44;3.1.91.13.00.00.00.00;OBRIGAÇÕES PATRONAIS;1.605.000.0000;ASSISTÊNCIA FINANCEIRA DA UNIÃO DESTINADA À COMPLEMENTAÇÃO AO PAGAMENTO DOS PISOS SALARIAIS PARA PROFISSIONAIS DA ENFERMAGEM.;0,00
FUNDO MUNICIPAL DE SAÚDE DE BARBACENA;18.002;FUNDO MUNICIPAL DE SAUDE;2.018;PESSOAL E ENCARGOS SOCIAIS DA SESAP;11;APOIO A ADMINISTRAÇAO PUBLICA;10;Saúde;122;Administração Geral;44;3.1.91.13.00.00.00.00;OBRIGAÇÕES PATRONAIS;2.707.000.0000;TRANSFERÊNCIAS DA UNIÃO – INCISO I DO ART. 5º DA LEI COMPLEMENTAR 273/2020;0,00
FUNDO MUNICIPAL DE SAÚDE DE BARBACENA;18.002;FUNDO MUNICIPAL DE SAUDE;2.018;PESSOAL E ENCARGOS SOCIAIS DA SESAP;11;APOIO A ADMINISTRAÇAO PUBLICA;10;Saúde;122;Administração Geral;45;3.3.90.08.00.00.00.00;OUTROS BENEFÍCIOS ASSISTENCIAIS-SERVIDOR/MILITAR;1.500.000.1002;RECURSOS NÃO VINCULADOS DE IMPOSTOS (SAÚDE);886,58
FUNDO MUNICIPAL DE SAÚDE DE BARBACENA;18.002;FUNDO MUNICIPAL DE SAUDE;2.018;PESSOAL E ENCARGOS SOCIAIS DA SESAP;11;APOIO A ADMINISTRAÇAO PUBLICA;10;Saúde;122;Administração Geral;46;3.3.90.18.00.00.00.00;AUXÍLIO FINANCEIRO A ESTUDANTES;1.500.000.1002;RECURSOS NÃO VINCULADOS DE IMPOSTOS (SAÚDE);2.000,00
FUNDO MUNICIPAL DE SAÚDE DE BARBACENA;18.002;FUNDO MUNICIPAL DE SAUDE;2.018;PESSOAL E ENCARGOS SOCIAIS DA SESAP;11;APOIO A ADMINISTRAÇAO PUBLICA;10;Saúde;122;Administração Geral;47;3.3.90.39.00.00.00.00;OUTROS SERVIÇOS DE TERCEIROS - PESSOA JURÍDICA;1.500.000.1002;RECURSOS NÃO VINCULADOS DE IMPOSTOS (SAÚDE);100,00
FUNDO MUNICIPAL DE SAÚDE DE BARBACENA;18.002;FUNDO MUNICIPAL DE SAUDE;2.018;PESSOAL E ENCARGOS SOCIAIS DA SESAP;11;APOIO A ADMINISTRAÇAO PUBLICA;10;Saúde;122;Administração Geral;48;3.3.90.46.00.00.00.00;AUXÍLIO-ALIMENTAÇÃO;1.500.000.1002;RECURSOS NÃO VINCULADOS DE IMPOSTOS (SAÚDE);357.857,50
FUNDO MUNICIPAL DE SAÚDE DE BARBACENA;18.002;FUNDO MUNICIPAL DE SAUDE;2.018;PESSOAL E ENCARGOS SOCIAIS DA SESAP;11;APOIO A ADMINISTRAÇAO PUBLICA;10;Saúde;122;Administração Geral;48;3.3.90.46.00.00.00.00;AUXÍLIO-ALIMENTAÇÃO;1.605.000.0000;ASSISTÊNCIA FINANCEIRA DA UNIÃO DESTINADA À COMPLEMENTAÇÃO AO PAGAMENTO DOS PISOS SALARIAIS PARA PROFISSIONAIS DA ENFERMAGEM.;0,00
FUNDO MUNICIPAL DE SAÚDE DE BARBACENA;18.002;FUNDO MUNICIPAL DE SAUDE;2.018;PESSOAL E ENCARGOS SOCIAIS DA SESAP;11;APOIO A ADMINISTRAÇAO PUBLICA;10;Saúde;122;Administração Geral;48;3.3.90.46.00.00.00.00;AUXÍLIO-ALIMENTAÇÃO;2.707.000.0000;TRANSFERÊNCIAS DA UNIÃO – INCISO I DO ART. 5º DA LEI COMPLEMENTAR 273/2020;0,00
FUNDO MUNICIPAL DE SAÚDE DE BARBACENA;18.002;FUNDO MUNICIPAL DE SAUDE;2.018;PESSOAL E ENCARGOS SOCIAIS DA SESAP;11;APOIO A ADMINISTRAÇAO PUBLICA;10;Saúde;122;Administração Geral;49;3.3.90.92.00.00.00.00;DESPESAS DE EXERCÍCIOS ANTERIORES;1.500.000.1002;RECURSOS NÃO VINCULADOS DE IMPOSTOS (SAÚDE);500,00
FUNDO MUNICIPAL DE SAÚDE DE BARBACENA;18.002;FUNDO MUNICIPAL DE SAUDE;2.021;MANUTENÇAO DE AÇÕES DA SESAP;11;APOIO A ADMINISTRAÇAO PUBLICA;10;Saúde;122;Administração Geral;50;3.3.90.14.00.00.00.00;DIÁRIAS - PESSOAL CIVIL;1.500.000.1002;RECURSOS NÃO VINCULADOS DE IMPOSTOS (SAÚDE);7.371,43
FUNDO MUNICIPAL DE SAÚDE DE BARBACENA;18.002;FUNDO MUNICIPAL DE SAUDE;2.021;MANUTENÇAO DE AÇÕES DA SESAP;11;APOIO A ADMINISTRAÇAO PUBLICA;10;Saúde;122;Administração Geral;51;3.3.90.30.00.00.00.00;MATERIAL DE CONSUMO;1.500.000.1002;RECURSOS NÃO VINCULADOS DE IMPOSTOS (SAÚDE);3.000,00
FUNDO MUNICIPAL DE SAÚDE DE BARBACENA;18.002;FUNDO MUNICIPAL DE SAUDE;2.021;MANUTENÇAO DE AÇÕES DA SESAP;11;APOIO A ADMINISTRAÇAO PUBLICA;10;Saúde;122;Administração Geral;51;3.3.90.30.00.00.00.00;MATERIAL DE CONSUMO;1.621.000.0000;TRANSFERÊNCIAS FUNDO A FUNDO DE RECURSOS DO SUS PROVENIENTES DO GOVERNO ESTADUAL;1.000,00
FUNDO MUNICIPAL DE SAÚDE DE BARBACENA;18.002;FUNDO MUNICIPAL DE SAUDE;2.021;MANUTENÇAO DE AÇÕES DA SESAP;11;APOIO A ADMINISTRAÇAO PUBLICA;10;Saúde;122;Administração Geral;52;3.3.90.36.00.00.00.00;OUTROS SERVIÇOS DE TERCEIROS - PESSOA FÍSICA;1.500.000.1002;RECURSOS NÃO VINCULADOS DE IMPOSTOS (SAÚDE);1.000,00
FUNDO MUNICIPAL DE SAÚDE DE BARBACENA;18.002;FUNDO MUNICIPAL DE SAUDE;2.021;MANUTENÇAO DE AÇÕES DA SESAP;11;APOIO A ADMINISTRAÇAO PUBLICA;10;Saúde;122;Administração Geral;53;3.3.90.39.00.00.00.00;OUTROS SERVIÇOS DE TERCEIROS - PESSOA JURÍDICA;1.500.000.1002;RECURSOS NÃO VINCULADOS DE IMPOSTOS (SAÚDE);401.840,15
FUNDO MUNICIPAL DE SAÚDE DE BARBACENA;18.002;FUNDO MUNICIPAL DE SAUDE;2.021;MANUTENÇAO DE AÇÕES DA SESAP;11;APOIO A ADMINISTRAÇAO PUBLICA;10;Saúde;122;Administração Geral;53;3.3.90.39.00.00.00.00;OUTROS SERVIÇOS DE TERCEIROS - PESSOA JURÍDICA;1.621.000.0000;TRANSFERÊNCIAS FUNDO A FUNDO DE RECURSOS DO SUS PROVENIENTES DO GOVERNO ESTADUAL;1.000,00
FUNDO MUNICIPAL DE SAÚDE DE BARBACENA;18.002;FUNDO MUNICIPAL DE SAUDE;2.021;MANUTENÇAO DE AÇÕES DA SESAP;11;APOIO A ADMINISTRAÇAO PUBLICA;10;Saúde;122;Administração Geral;54;3.3.90.40.00.00.00.00;SERVIÇOS DE TECNOLOGIA DA INFORMAÇÃO E COMUNICAÇ;1.500.000.1002;RECURSOS NÃO VINCULADOS DE IMPOSTOS (SAÚDE);3.000,00
FUNDO MUNICIPAL DE SAÚDE DE BARBACENA;18.002;FUNDO MUNICIPAL DE SAUDE;2.021;MANUTENÇAO DE AÇÕES DA SESAP;11;APOIO A ADMINISTRAÇAO PUBLICA;10;Saúde;122;Administração Geral;55;3.3.90.92.00.00.00.00;DESPESAS DE EXERCÍCIOS ANTERIORES;1.500.000.1002;RECURSOS NÃO VINCULADOS DE IMPOSTOS (SAÚDE);4.000,00
FUNDO MUNICIPAL DE SAÚDE DE BARBACENA;18.002;FUNDO MUNICIPAL DE SAUDE;2.021;MANUTENÇAO DE AÇÕES DA SESAP;11;APOIO A ADMINISTRAÇAO PUBLICA;10;Saúde;122;Administração Geral;56;3.3.90.93.00.00.00.00;INDENIZAÇÕES E RESTITUIÇÕES;1.500.000.1002;RECURSOS NÃO VINCULADOS DE IMPOSTOS (SAÚDE);1.000,00
FUNDO MUNICIPAL DE SAÚDE DE BARBACENA;18.002;FUNDO MUNICIPAL DE SAUDE;2.021;MANUTENÇAO DE AÇÕES DA SESAP;11;APOIO A ADMINISTRAÇAO PUBLICA;10;Saúde;122;Administração Geral;57;4.4.90.52.00.00.00.00;EQUIPAMENTOS E MATERIAL PERMANENTE;1.500.000.1002;RECURSOS NÃO VINCULADOS DE IMPOSTOS (SAÚDE);2.000,00
FUNDO MUNICIPAL DE SAÚDE DE BARBACENA;18.002;FUNDO MUNICIPAL DE SAUDE;2.443;APOIO AO HOSPITAL POLICLÍNICA E MATERNIDADE DE BARBACENA - IMAIP;27;MOBILIDADE URBANA;10;Saúde;302;Assistência Hospitalar e Ambulatorial;189;3.3.50.41.00.00.00.00;CONTRIBUIÇÕES;1.600.000.0000;TRANSFERÊNCIAS FUNDO A FUNDO DE RECURSOS DO SUS PROVENIENTES DO GOVERNO FEDERAL - BLOCO DE MANUTENÇÃO DAS AÇÕES E SERVIÇOS PÚBLICOS DE SAÚDE;79.968,66
FUNDO MUNICIPAL DE SAÚDE DE BARBACENA;18.002;FUNDO MUNICIPAL DE SAUDE;2.443;APOIO AO HOSPITAL POLICLÍNICA E MATERNIDADE DE BARBACENA - IMAIP;27;MOBILIDADE URBANA;10;Saúde;302;Assistência Hospitalar e Ambulatorial;189;3.3.50.41.00.00.00.00;CONTRIBUIÇÕES;1.621.000.0000;TRANSFERÊNCIAS FUNDO A FUNDO DE RECURSOS DO SUS PROVENIENTES DO GOVERNO ESTADUAL;173.265,45
FUNDO MUNICIPAL DE SAÚDE DE BARBACENA;18.002;FUNDO MUNICIPAL DE SAUDE;2.443;APOIO AO HOSPITAL POLICLÍNICA E MATERNIDADE DE BARBACENA - IMAIP;27;MOBILIDADE URBANA;10;Saúde;302;Assistência Hospitalar e Ambulatorial;189;3.3.50.41.00.00.00.00;CONTRIBUIÇÕES;2.600.000.0000;TRANSFERÊNCIAS FUNDO A FUNDO DE RECURSOS DO SUS PROVENIENTES DO GOVERNO FEDERAL - BLOCO DE MANUTENÇÃO DAS AÇÕES E SERVIÇOS PÚBLICOS DE SAÚDE;0,00
PREFEITURA MUNICIPAL DE BARBACENA;02.001;CGM;2.134;PESSOAL E ENCARGOS SOCIAIS DA CGM;11;APOIO A ADMINISTRAÇAO PUBLICA;4;Administração;122;Administração Geral;1;3.1.90.04.00.00.00.00;CONTRATAÇÃO POR TEMPO DETERMINADO;1.500.000.0000;RECURSOS NÃO VINCULADOS DE IMPOSTOS;1.500,00
PREFEITURA MUNICIPAL DE BARBACENA;02.001;CGM;2.134;PESSOAL E ENCARGOS SOCIAIS DA CGM;11;APOIO A ADMINISTRAÇAO PUBLICA;4;Administração;122;Administração Geral;2;3.1.90.11.00.00.00.00;VENCIMENTOS E VANTAGENS FIXAS - PESSOAL CIVIL;1.500.000.0000;RECURSOS NÃO VINCULADOS DE IMPOSTOS;716.180,64
PREFEITURA MUNICIPAL DE BARBACENA;02.001;CGM;2.134;PESSOAL E ENCARGOS SOCIAIS DA CGM;11;APOIO A ADMINISTRAÇAO PUBLICA;4;Administração;122;Administração Geral;3;3.1.90.13.00.00.00.00;OBRIGAÇÕES PATRONAIS;1.500.000.0000;RECURSOS NÃO VINCULADOS DE IMPOSTOS;63.968,78
PREFEITURA MUNICIPAL DE BARBACENA;02.001;CGM;2.134;PESSOAL E ENCARGOS SOCIAIS DA CGM;11;APOIO A ADMINISTRAÇAO PUBLICA;4;Administração;122;Administração Geral;4;3.1.90.92.00.00.00.00;DESPESAS DE EXERCÍCIOS ANTERIORES;1.500.000.0000;RECURSOS NÃO VINCULADOS DE IMPOSTOS;1.000,00
PREFEITURA MUNICIPAL DE BARBACENA;02.001;CGM;2.134;PESSOAL E ENCARGOS SOCIAIS DA CGM;11;APOIO A ADMINISTRAÇAO PUBLICA;4;Administração;122;Administração Geral;5;3.1.90.94.00.00.00.00;INDENIZAÇÕES E RESTITUIÇÕES TRABALHISTAS;1.500.000.0000;RECURSOS NÃO VINCULADOS DE IMPOSTOS;1.000,00
PREFEITURA MUNICIPAL DE BARBACENA;02.001;CGM;2.134;PESSOAL E ENCARGOS SOCIAIS DA CGM;11;APOIO A ADMINISTRAÇAO PUBLICA;4;Administração;122;Administração Geral;6;3.1.91.13.00.00.00.00;OBRIGAÇÕES PATRONAIS;1.500.000.0000;RECURSOS NÃO VINCULADOS DE IMPOSTOS;96.324,98
PREFEITURA MUNICIPAL DE BARBACENA;02.001;CGM;2.134;PESSOAL E ENCARGOS SOCIAIS DA CGM;11;APOIO A ADMINISTRAÇAO PUBLICA;4;Administração;122;Administração Geral;7;3.3.90.18.00.00.00.00;AUXÍLIO FINANCEIRO A ESTUDANTES;1.500.000.0000;RECURSOS NÃO VINCULADOS DE IMPOSTOS;1.000,00
PREFEITURA MUNICIPAL DE BARBACENA;02.001;CGM;2.134;PESSOAL E ENCARGOS SOCIAIS DA CGM;11;APOIO A ADMINISTRAÇAO PUBLICA;4;Administração;122;Administração Geral;8;3.3.90.46.00.00.00.00;AUXÍLIO-ALIMENTAÇÃO;1.500.000.0000;RECURSOS NÃO VINCULADOS DE IMPOSTOS;23.887,50
PREFEITURA MUNICIPAL DE BARBACENA;02.001;CGM;2.140;MANUTENCAO DA CGM;11;APOIO A ADMINISTRAÇAO PUBLICA;4;Administração;122;Administração Geral;9;3.3.90.14.00.00.00.00;DIÁRIAS - PESSOAL CIVIL;1.500.000.0000;RECURSOS NÃO VINCULADOS DE IMPOSTOS;2.500,00
PREFEITURA MUNICIPAL DE BARBACENA;02.001;CGM;2.140;MANUTENCAO DA CGM;11;APOIO A ADMINISTRAÇAO PUBLICA;4;Administração;122;Administração Geral;10;3.3.90.30.00.00.00.00;MATERIAL DE CONSUMO;1.500.000.0000;RECURSOS NÃO VINCULADOS DE IMPOSTOS;1.000,00
PREFEITURA MUNICIPAL DE BARBACENA;02.001;CGM;2.140;MANUTENCAO DA CGM;11;APOIO A ADMINISTRAÇAO PUBLICA;4;Administração;122;Administração Geral;11;3.3.90.39.00.00.00.00;OUTROS SERVIÇOS DE TERCEIROS - PESSOA JURÍDICA;1.500.000.0000;RECURSOS NÃO VINCULADOS DE IMPOSTOS;10.000,00
PREFEITURA MUNICIPAL DE BARBACENA;02.001;CGM;2.140;MANUTENCAO DA CGM;11;APOIO A ADMINISTRAÇAO PUBLICA;4;Administração;122;Administração Geral;12;3.3.90.40.00.00.00.00;SERVIÇOS DE TECNOLOGIA DA INFORMAÇÃO E COMUNICAÇ;1.500.000.0000;RECURSOS NÃO VINCULADOS DE IMPOSTOS;3.500,00
PREFEITURA MUNICIPAL DE BARBACENA;02.001;CGM;2.140;MANUTENCAO DA CGM;11;APOIO A ADMINISTRAÇAO PUBLICA;4;Administração;122;Administração Geral;13;3.3.90.93.00.00.00.00;INDENIZAÇÕES E RESTITUIÇÕES;1.500.000.0000;RECURSOS NÃO VINCULADOS DE IMPOSTOS;2.000,00
PREFEITURA MUNICIPAL DE BARBACENA;02.001;CGM;2.140;MANUTENCAO DA CGM;11;APOIO A ADMINISTRAÇAO PUBLICA;4;Administração;122;Administração Geral;14;4.4.90.52.00.00.00.00;EQUIPAMENTOS E MATERIAL PERMANENTE;1.500.000.0000;RECURSOS NÃO VINCULADOS DE IMPOSTOS;15.000,00
PREFEITURA MUNICIPAL DE BARBACENA;03.001;CONTROLADORIA GERAL DO MUNICIPIO-CGEM;2.141;PESSOAL E ENCARGOS SOCIAIS DA CGEM;11;APOIO A ADMINISTRAÇAO PUBLICA;4;Administração;124;Controle Interno;15;3.1.90.04.00.00.00.00;CONTRATAÇÃO POR TEMPO DETERMINADO;1.500.000.0000;RECURSOS NÃO VINCULADOS DE IMPOSTOS;5.000,00
PREFEITURA MUNICIPAL DE BARBACENA;03.001;CONTROLADORIA GERAL DO MUNICIPIO-CGEM;2.141;PESSOAL E ENCARGOS SOCIAIS DA CGEM;11;APOIO A ADMINISTRAÇAO PUBLICA;4;Administração;124;Controle Interno;16;3.1.90.11.00.00.00.00;VENCIMENTOS E VANTAGENS FIXAS - PESSOAL CIVIL;1.500.000.0000;RECURSOS NÃO VINCULADOS DE IMPOSTOS;775.159,44
PREFEITURA MUNICIPAL DE BARBACENA;03.001;CONTROLADORIA GERAL DO MUNICIPIO-CGEM;2.141;PESSOAL E ENCARGOS SOCIAIS DA CGEM;11;APOIO A ADMINISTRAÇAO PUBLICA;4;Administração;124;Controle Interno;17;3.1.90.13.00.00.00.00;OBRIGAÇÕES PATRONAIS;1.500.000.0000;RECURSOS NÃO VINCULADOS DE IMPOSTOS;51.175,02
PREFEITURA MUNICIPAL DE BARBACENA;03.001;CONTROLADORIA GERAL DO MUNICIPIO-CGEM;2.141;PESSOAL E ENCARGOS SOCIAIS DA CGEM;11;APOIO A ADMINISTRAÇAO PUBLICA;4;Administração;124;Controle Interno;18;3.1.90.92.00.00.00.00;DESPESAS DE EXERCÍCIOS ANTERIORES;1.500.000.0000;RECURSOS NÃO VINCULADOS DE IMPOSTOS;1.000,00
PREFEITURA MUNICIPAL DE BARBACENA;03.001;CONTROLADORIA GERAL DO MUNICIPIO-CGEM;2.141;PESSOAL E ENCARGOS SOCIAIS DA CGEM;11;APOIO A ADMINISTRAÇAO PUBLICA;4;Administração;124;Controle Interno;19;3.1.91.13.00.00.00.00;OBRIGAÇÕES PATRONAIS;1.500.000.0000;RECURSOS NÃO VINCULADOS DE IMPOSTOS;150.396,49
PREFEITURA MUNICIPAL DE BARBACENA;03.001;CONTROLADORIA GERAL DO MUNICIPIO-CGEM;2.141;PESSOAL E ENCARGOS SOCIAIS DA CGEM;11;APOIO A ADMINISTRAÇAO PUBLICA;4;Administração;124;Controle Interno;20;3.3.90.08.00.00.00.00;OUTROS BENEFÍCIOS ASSISTENCIAIS-SERVIDOR/MILITAR;1.500.000.0000;RECURSOS NÃO VINCULADOS DE IMPOSTOS;1.000,00
PREFEITURA MUNICIPAL DE BARBACENA;03.001;CONTROLADORIA GERAL DO MUNICIPIO-CGEM;2.141;PESSOAL E ENCARGOS SOCIAIS DA CGEM;11;APOIO A ADMINISTRAÇAO PUBLICA;4;Administração;124;Controle Interno;21;3.3.90.18.00.00.00.00;AUXÍLIO FINANCEIRO A ESTUDANTES;1.500.000.0000;RECURSOS NÃO VINCULADOS DE IMPOSTOS;1.000,00
PREFEITURA MUNICIPAL DE BARBACENA;03.001;CONTROLADORIA GERAL DO MUNICIPIO-CGEM;2.141;PESSOAL E ENCARGOS SOCIAIS DA CGEM;11;APOIO A ADMINISTRAÇAO PUBLICA;4;Administração;124;Controle Interno;22;3.3.90.46.00.00.00.00;AUXÍLIO-ALIMENTAÇÃO;1.500.000.0000;RECURSOS NÃO VINCULADOS DE IMPOSTOS;31.736,25
PREFEITURA MUNICIPAL DE BARBACENA;03.001;CONTROLADORIA GERAL DO MUNICIPIO-CGEM;2.142;MANUTENÇAO DA CGEM;11;APOIO A ADMINISTRAÇAO PUBLICA;4;Administração;124;Controle Interno;23;3.3.90.14.00.00.00.00;DIÁRIAS - PESSOAL CIVIL;1.500.000.0000;RECURSOS NÃO VINCULADOS DE IMPOSTOS;2.000,00
PREFEITURA MUNICIPAL DE BARBACENA;03.001;CONTROLADORIA GERAL DO MUNICIPIO-CGEM;2.142;MANUTENÇAO DA CGEM;11;APOIO A ADMINISTRAÇAO PUBLICA;4;Administração;124;Controle Interno;24;3.3.90.30.00.00.00.00;MATERIAL DE CONSUMO;1.500.000.0000;RECURSOS NÃO VINCULADOS DE IMPOSTOS;2.000,00
PREFEITURA MUNICIPAL DE BARBACENA;03.001;CONTROLADORIA GERAL DO MUNICIPIO-CGEM;2.142;MANUTENÇAO DA CGEM;11;APOIO A ADMINISTRAÇAO PUBLICA;4;Administração;124;Controle Interno;25;3.3.90.39.00.00.00.00;OUTROS SERVIÇOS DE TERCEIROS - PESSOA JURÍDICA;1.500.000.0000;RECURSOS NÃO VINCULADOS DE IMPOSTOS;11.547,98
PREFEITURA MUNICIPAL DE BARBACENA;03.001;CONTROLADORIA GERAL DO MUNICIPIO-CGEM;2.142;MANUTENÇAO DA CGEM;11;APOIO A ADMINISTRAÇAO PUBLICA;4;Administração;124;Controle Interno;26;3.3.90.40.00.00.00.00;SERVIÇOS DE TECNOLOGIA DA INFORMAÇÃO E COMUNICAÇ;1.500.000.0000;RECURSOS NÃO VINCULADOS DE IMPOSTOS;5.000,00
PREFEITURA MUNICIPAL DE BARBACENA;03.001;CONTROLADORIA GERAL DO MUNICIPIO-CGEM;2.142;MANUTENÇAO DA CGEM;11;APOIO A ADMINISTRAÇAO PUBLICA;4;Administração;124;Controle Interno;27;4.4.90.52.00.00.00.00;EQUIPAMENTOS E MATERIAL PERMANENTE;1.500.000.0000;RECURSOS NÃO VINCULADOS DE IMPOSTOS;5.000,00
PREFEITURA MUNICIPAL DE BARBACENA;05.001;SEGAB;2.067;MANUTENÇAO DE PUBLICAÇOES OFICIAIS;11;APOIO A ADMINISTRAÇAO PUBLICA;4;Administração;122;Administração Geral;28;3.3.90.39.00.00.00.00;OUTROS SERVIÇOS DE TERCEIROS - PESSOA JURÍDICA;1.500.000.0000;RECURSOS NÃO VINCULADOS DE IMPOSTOS;60.000,00
PREFEITURA MUNICIPAL DE BARBACENA;05.001;SEGAB;2.067;MANUTENÇAO DE PUBLICAÇOES OFICIAIS;11;APOIO A ADMINISTRAÇAO PUBLICA;4;Administração;122;Administração Geral;28;3.3.90.39.00.00.00.00;OUTROS SERVIÇOS DE TERCEIROS - PESSOA JURÍDICA;2.500.000.0000;RECURSOS NÃO VINCULADOS DE IMPOSTOS;0,00
PREFEITURA MUNICIPAL DE BARBACENA;05.001;SEGAB;2.150;MANUTENÇAO DA SEGAB;11;APOIO A ADMINISTRAÇAO PUBLICA;4;Administração;122;Administração Geral;29;3.3.60.41.00.00.00.00;CONTRIBUIÇÕES;1.500.000.0000;RECURSOS NÃO VINCULADOS DE IMPOSTOS;1.000,00
PREFEITURA MUNICIPAL DE BARBACENA;05.001;SEGAB;2.150;MANUTENÇAO DA SEGAB;11;APOIO A ADMINISTRAÇAO PUBLICA;4;Administração;122;Administração Geral;30;3.3.90.04.00.00.00.00;CONTRATAÇÃO POR TEMPO DETERMINADO;1.500.000.0000;RECURSOS NÃO VINCULADOS DE IMPOSTOS;2.500,00
PREFEITURA MUNICIPAL DE BARBACENA;05.001;SEGAB;2.150;MANUTENÇAO DA SEGAB;11;APOIO A ADMINISTRAÇAO PUBLICA;4;Administração;122;Administração Geral;31;3.3.90.14.00.00.00.00;DIÁRIAS - PESSOAL CIVIL;1.500.000.0000;RECURSOS NÃO VINCULADOS DE IMPOSTOS;50.000,00
PREFEITURA MUNICIPAL DE BARBACENA;05.001;SEGAB;2.150;MANUTENÇAO DA SEGAB;11;APOIO A ADMINISTRAÇAO PUBLICA;4;Administração;122;Administração Geral;32;3.3.90.19.00.00.00.00;AUXÍLIO-FARDAMENTO;1.500.000.0000;RECURSOS NÃO VINCULADOS DE IMPOSTOS;15.000,00
PREFEITURA MUNICIPAL DE BARBACENA;05.001;SEGAB;2.150;MANUTENÇAO DA SEGAB;11;APOIO A ADMINISTRAÇAO PUBLICA;4;Administração;122;Administração Geral;33;3.3.90.30.00.00.00.00;MATERIAL DE CONSUMO;1.500.000.0000;RECURSOS NÃO VINCULADOS DE IMPOSTOS;7.000,00
PREFEITURA MUNICIPAL DE BARBACENA;05.001;SEGAB;2.150;MANUTENÇAO DA SEGAB;11;APOIO A ADMINISTRAÇAO PUBLICA;4;Administração;122;Administração Geral;33;3.3.90.30.00.00.00.00;MATERIAL DE CONSUMO;2.500.000.0000;RECURSOS NÃO VINCULADOS DE IMPOSTOS;0,00
PREFEITURA MUNICIPAL DE BARBACENA;05.001;SEGAB;2.150;MANUTENÇAO DA SEGAB;11;APOIO A ADMINISTRAÇAO PUBLICA;4;Administração;122;Administração Geral;34;3.3.90.33.00.00.00.00;PASSAGENS E DESPESAS COM LOCOMOÇÃO;1.500.000.0000;RECURSOS NÃO VINCULADOS DE IMPOSTOS;1.000,00
PREFEITURA MUNICIPAL DE BARBACENA;05.001;SEGAB;2.150;MANUTENÇAO DA SEGAB;11;APOIO A ADMINISTRAÇAO PUBLICA;4;Administração;122;Administração Geral;35;3.3.90.39.00.00.00.00;OUTROS SERVIÇOS DE TERCEIROS - PESSOA JURÍDICA;1.500.000.0000;RECURSOS NÃO VINCULADOS DE IMPOSTOS;85.000,00
PREFEITURA MUNICIPAL DE BARBACENA;05.001;SEGAB;2.150;MANUTENÇAO DA SEGAB;11;APOIO A ADMINISTRAÇAO PUBLICA;4;Administração;122;Administração Geral;35;3.3.90.39.00.00.00.00;OUTROS SERVIÇOS DE TERCEIROS - PESSOA JURÍDICA;1.753.000.0000;RECURSOS PROVENIENTES DE TAXAS, CONTRIBUIÇÕES E PREÇOS PÚBLICOS;0,00
PREFEITURA MUNICIPAL DE BARBACENA;05.001;SEGAB;2.150;MANUTENÇAO DA SEGAB;11;APOIO A ADMINISTRAÇAO PUBLICA;4;Administração;122;Administração Geral;35;3.3.90.39.00.00.00.00;OUTROS SERVIÇOS DE TERCEIROS - PESSOA JURÍDICA;2.500.000.0000;RECURSOS NÃO VINCULADOS DE IMPOSTOS;0,00
PREFEITURA MUNICIPAL DE BARBACENA;05.001;SEGAB;2.150;MANUTENÇAO DA SEGAB;11;APOIO A ADMINISTRAÇAO PUBLICA;4;Administração;122;Administração Geral;35;3.3.90.39.00.00.00.00;OUTROS SERVIÇOS DE TERCEIROS - PESSOA JURÍDICA;2.753.000.0000;RECURSOS PROVENIENTES DE TAXAS, CONTRIBUIÇÕES E PREÇOS PÚBLICOS;0,00
PREFEITURA MUNICIPAL DE BARBACENA;05.001;SEGAB;2.150;MANUTENÇAO DA SEGAB;11;APOIO A ADMINISTRAÇAO PUBLICA;4;Administração;122;Administração Geral;36;3.3.90.92.00.00.00.00;DESPESAS DE EXERCÍCIOS ANTERIORES;1.500.000.0000;RECURSOS NÃO VINCULADOS DE IMPOSTOS;5.000,00
PREFEITURA MUNICIPAL DE BARBACENA;05.001;SEGAB;2.150;MANUTENÇAO DA SEGAB;11;APOIO A ADMINISTRAÇAO PUBLICA;4;Administração;122;Administração Geral;37;3.3.90.93.00.00.00.00;INDENIZAÇÕES E RESTITUIÇÕES;1.500.000.0000;RECURSOS NÃO VINCULADOS DE IMPOSTOS;1.000,00
PREFEITURA MUNICIPAL DE BARBACENA;05.001;SEGAB;2.150;MANUTENÇAO DA SEGAB;11;APOIO A ADMINISTRAÇAO PUBLICA;4;Administração;122;Administração Geral;38;4.4.90.52.00.00.00.00;EQUIPAMENTOS E MATERIAL PERMANENTE;1.500.000.0000;RECURSOS NÃO VINCULADOS DE IMPOSTOS;5.000,00
PREFEITURA MUNICIPAL DE BARBACENA;05.001;SEGAB;2.150;MANUTENÇAO DA SEGAB;11;APOIO A ADMINISTRAÇAO PUBLICA;4;Administração;122;Administração Geral;38;4.4.90.52.00.00.00.00;EQUIPAMENTOS E MATERIAL PERMANENTE;2.500.000.0000;RECURSOS NÃO VINCULADOS DE IMPOSTOS;0,00
PREFEITURA MUNICIPAL DE BARBACENA;05.001;SEGAB;2.150;MANUTENÇAO DA SEGAB;11;APOIO A ADMINISTRAÇAO PUBLICA;4;Administração;122;Administração Geral;930;3.3.90.47.00.00.00.00;OBRIGAÇÕES TRIBUTÁRIAS E CONTRIBUTIVAS;1.500.000.0000;RECURSOS NÃO VINCULADOS DE IMPOSTOS;0,00
PREFEITURA MUNICIPAL DE BARBACENA;05.001;SEGAB;2.150;MANUTENÇAO DA SEGAB;11;APOIO A ADMINISTRAÇAO PUBLICA;4;Administração;122;Administração Geral;965;3.1.90.94.00.00.00.00;INDENIZAÇÕES E RESTITUIÇÕES TRABALHISTAS;1.500.000.0000;RECURSOS NÃO VINCULADOS DE IMPOSTOS;0,00
PREFEITURA MUNICIPAL DE BARBACENA;05.001;SEGAB;2.151;PARCERIAS DE REPRESENTAÇAO E COOPERAÇAO INSTITUCIONAL;11;APOIO A ADMINISTRAÇAO PUBLICA;4;Administração;122;Administração Geral;39;3.3.60.41.00.00.00.00;CONTRIBUIÇÕES;1.500.000.0000;RECURSOS NÃO VINCULADOS DE IMPOSTOS;1.000,00
PREFEITURA MUNICIPAL DE BARBACENA;05.001;SEGAB;2.151;PARCERIAS DE REPRESENTAÇAO E COOPERAÇAO INSTITUCIONAL;11;APOIO A ADMINISTRAÇAO PUBLICA;4;Administração;122;Administração Geral;40;3.3.70.41.00.00.00.00;CONTRIBUIÇÕES;1.500.000.0000;RECURSOS NÃO VINCULADOS DE IMPOSTOS;50.000,00
PREFEITURA MUNICIPAL DE BARBACENA;05.001;SEGAB;2.151;PARCERIAS DE REPRESENTAÇAO E COOPERAÇAO INSTITUCIONAL;11;APOIO A ADMINISTRAÇAO PUBLICA;4;Administração;122;Administração Geral;40;3.3.70.41.00.00.00.00;CONTRIBUIÇÕES;1.501.000.0000;OUTROS RECURSOS NÃO VINCULADOS;878.469,10
PREFEITURA MUNICIPAL DE BARBACENA;05.001;SEGAB;2.151;PARCERIAS DE REPRESENTAÇAO E COOPERAÇAO INSTITUCIONAL;11;APOIO A ADMINISTRAÇAO PUBLICA;4;Administração;122;Administração Geral;40;3.3.70.41.00.00.00.00;CONTRIBUIÇÕES;2.753.000.0000;RECURSOS PROVENIENTES DE TAXAS, CONTRIBUIÇÕES E PREÇOS PÚBLICOS;0,00
PREFEITURA MUNICIPAL DE BARBACENA;05.001;SEGAB;2.151;PARCERIAS DE REPRESENTAÇAO E COOPERAÇAO INSTITUCIONAL;11;APOIO A ADMINISTRAÇAO PUBLICA;4;Administração;122;Administração Geral;914;3.3.71.70.00.00.00.00;RATEIO PELA PARTICIPAÇÃO EM CONSÓRCIO PÚBLICO;1.500.000.0000;RECURSOS NÃO VINCULADOS DE IMPOSTOS;0,00
PREFEITURA MUNICIPAL DE BARBACENA;05.001;SEGAB;2.152;PESSOAL E ENCARGOS SOCIAIS DA SEGAB;11;APOIO A ADMINISTRAÇAO PUBLICA;4;Administração;122;Administração Geral;41;3.1.90.04.00.00.00.00;CONTRATAÇÃO POR TEMPO DETERMINADO;1.500.000.0000;RECURSOS NÃO VINCULADOS DE IMPOSTOS;102.996,48
PREFEITURA MUNICIPAL DE BARBACENA;05.001;SEGAB;2.152;PESSOAL E ENCARGOS SOCIAIS DA SEGAB;11;APOIO A ADMINISTRAÇAO PUBLICA;4;Administração;122;Administração Geral;42;3.1.90.11.00.00.00.00;VENCIMENTOS E VANTAGENS FIXAS - PESSOAL CIVIL;1.500.000.0000;RECURSOS NÃO VINCULADOS DE IMPOSTOS;1.295.767,03
PREFEITURA MUNICIPAL DE BARBACENA;05.001;SEGAB;2.152;PESSOAL E ENCARGOS SOCIAIS DA SEGAB;11;APOIO A ADMINISTRAÇAO PUBLICA;4;Administração;122;Administração Geral;43;3.1.90.13.00.00.00.00;OBRIGAÇÕES PATRONAIS;1.500.000.0000;RECURSOS NÃO VINCULADOS DE IMPOSTOS;253.268,54
PREFEITURA MUNICIPAL DE BARBACENA;05.001;SEGAB;2.152;PESSOAL E ENCARGOS SOCIAIS DA SEGAB;11;APOIO A ADMINISTRAÇAO PUBLICA;4;Administração;122;Administração Geral;44;3.1.90.91.00.00.00.00;SENTENÇAS JUDICIAIS;1.500.000.0000;RECURSOS NÃO VINCULADOS DE IMPOSTOS;1.000,00
PREFEITURA MUNICIPAL DE BARBACENA;05.001;SEGAB;2.152;PESSOAL E ENCARGOS SOCIAIS DA SEGAB;11;APOIO A ADMINISTRAÇAO PUBLICA;4;Administração;122;Administração Geral;45;3.1.90.92.00.00.00.00;DESPESAS DE EXERCÍCIOS ANTERIORES;1.500.000.0000;RECURSOS NÃO VINCULADOS DE IMPOSTOS;1.000,00
PREFEITURA MUNICIPAL DE BARBACENA;05.001;SEGAB;2.152;PESSOAL E ENCARGOS SOCIAIS DA SEGAB;11;APOIO A ADMINISTRAÇAO PUBLICA;4;Administração;122;Administração Geral;46;3.1.91.13.00.00.00.00;OBRIGAÇÕES PATRONAIS;1.500.000.0000;RECURSOS NÃO VINCULADOS DE IMPOSTOS;67.807,90
PREFEITURA MUNICIPAL DE BARBACENA;05.001;SEGAB;2.152;PESSOAL E ENCARGOS SOCIAIS DA SEGAB;11;APOIO A ADMINISTRAÇAO PUBLICA;4;Administração;122;Administração Geral;47;3.3.90.08.00.00.00.00;OUTROS BENEFÍCIOS ASSISTENCIAIS-SERVIDOR/MILITAR;1.500.000.0000;RECURSOS NÃO VINCULADOS DE IMPOSTOS;1.000,00
PREFEITURA MUNICIPAL DE BARBACENA;05.001;SEGAB;2.152;PESSOAL E ENCARGOS SOCIAIS DA SEGAB;11;APOIO A ADMINISTRAÇAO PUBLICA;4;Administração;122;Administração Geral;48;3.3.90.18.00.00.00.00;AUXÍLIO FINANCEIRO A ESTUDANTES;1.500.000.0000;RECURSOS NÃO VINCULADOS DE IMPOSTOS;1.000,00
PREFEITURA MUNICIPAL DE BARBACENA;05.001;SEGAB;2.152;PESSOAL E ENCARGOS SOCIAIS DA SEGAB;11;APOIO A ADMINISTRAÇAO PUBLICA;4;Administração;122;Administração Geral;49;3.3.90.39.00.00.00.00;OUTROS SERVIÇOS DE TERCEIROS - PESSOA JURÍDICA;1.500.000.0000;RECURSOS NÃO VINCULADOS DE IMPOSTOS;1.000,00
PREFEITURA MUNICIPAL DE BARBACENA;05.001;SEGAB;2.152;PESSOAL E ENCARGOS SOCIAIS DA SEGAB;11;APOIO A ADMINISTRAÇAO PUBLICA;4;Administração;122;Administração Geral;50;3.3.90.46.00.00.00.00;AUXÍLIO-ALIMENTAÇÃO;1.500.000.0000;RECURSOS NÃO VINCULADOS DE IMPOSTOS;44.362,50
PREFEITURA MUNICIPAL DE BARBACENA;05.001;SEGAB;2.152;PESSOAL E ENCARGOS SOCIAIS DA SEGAB;11;APOIO A ADMINISTRAÇAO PUBLICA;4;Administração;122;Administração Geral;948;3.3.90.19.00.00.00.00;AUXÍLIO-FARDAMENTO;1.500.000.0000;RECURSOS NÃO VINCULADOS DE IMPOSTOS;0,00
PREFEITURA MUNICIPAL DE BARBACENA;05.001;SEGAB;2.219;CONTRATO DE RATEIO COM O CODAMMA;11;APOIO A ADMINISTRAÇAO PUBLICA;4;Administração;122;Administração Geral;51;3.1.71.70.00.00.00.00;RATEIO PELA PARTICIPAÇÃO EM CONSÓRCIO PÚBLICO;1.500.000.0000;RECURSOS NÃO VINCULADOS DE IMPOSTOS;75.150,16
PREFEITURA MUNICIPAL DE BARBACENA;05.001;SEGAB;2.219;CONTRATO DE RATEIO COM O CODAMMA;11;APOIO A ADMINISTRAÇAO PUBLICA;4;Administração;122;Administração Geral;52;3.3.71.70.00.00.00.00;RATEIO PELA PARTICIPAÇÃO EM CONSÓRCIO PÚBLICO;1.500.000.0000;RECURSOS NÃO VINCULADOS DE IMPOSTOS;38.041,00
PREFEITURA MUNICIPAL DE BARBACENA;05.001;SEGAB;2.219;CONTRATO DE RATEIO COM O CODAMMA;11;APOIO A ADMINISTRAÇAO PUBLICA;4;Administração;122;Administração Geral;53;4.4.71.70.00.00.00.00;RATEIO PELA PARTICIPAÇÃO EM CONSÓRCIO PÚBLICO;1.500.000.0000;RECURSOS NÃO VINCULADOS DE IMPOSTOS;2.952,00
PREFEITURA MUNICIPAL DE BARBACENA;13.001;SEAPA;2.070;MANUTENÇAO DOS PARQUES DE EXPOSIÇAO E DO HORTO FLORESTAL;11;APOIO A ADMINISTRAÇAO PUBLICA;4;Administração;695;Turismo;54;3.3.90.30.00.00.00.00;MATERIAL DE CONSUMO;1.500.000.0000;RECURSOS NÃO VINCULADOS DE IMPOSTOS;5.000,00
PREFEITURA MUNICIPAL DE BARBACENA;13.001;SEAPA;2.070;MANUTENÇAO DOS PARQUES DE EXPOSIÇAO E DO HORTO FLORESTAL;11;APOIO A ADMINISTRAÇAO PUBLICA;4;Administração;695;Turismo;54;3.3.90.30.00.00.00.00;MATERIAL DE CONSUMO;1.501.000.0000;OUTROS RECURSOS NÃO VINCULADOS;60.000,00
PREFEITURA MUNICIPAL DE BARBACENA;13.001;SEAPA;2.070;MANUTENÇAO DOS PARQUES DE EXPOSIÇAO E DO HORTO FLORESTAL;11;APOIO A ADMINISTRAÇAO PUBLICA;4;Administração;695;Turismo;55;3.3.90.34.00.00.00.00;OUTRAS DESP.DE PESSOAL DECOR.DE CONT.TERCEIRIZAÇÃO;1.500.000.0000;RECURSOS NÃO VINCULADOS DE IMPOSTOS;3.000,00
PREFEITURA MUNICIPAL DE BARBACENA;13.001;SEAPA;2.070;MANUTENÇAO DOS PARQUES DE EXPOSIÇAO E DO HORTO FLORESTAL;11;APOIO A ADMINISTRAÇAO PUBLICA;4;Administração;695;Turismo;56;3.3.90.39.00.00.00.00;OUTROS SERVIÇOS DE TERCEIROS - PESSOA JURÍDICA;1.500.000.0000;RECURSOS NÃO VINCULADOS DE IMPOSTOS;10.000,00
PREFEITURA MUNICIPAL DE BARBACENA;13.001;SEAPA;2.070;MANUTENÇAO DOS PARQUES DE EXPOSIÇAO E DO HORTO FLORESTAL;11;APOIO A ADMINISTRAÇAO PUBLICA;4;Administração;695;Turismo;57;4.4.90.51.00.00.00.00;OBRAS E INSTALAÇÕES;1.501.000.0000;OUTROS RECURSOS NÃO VINCULADOS;88.000,00
PREFEITURA MUNICIPAL DE BARBACENA;13.001;SEAPA;2.172;PESSOAL E ENCARGOS SOCIAIS DA SEAPA;11;APOIO A ADMINISTRAÇAO PUBLICA;20;Agricultura;122;Administração Geral;58;3.1.90.04.00.00.00.00;CONTRATAÇÃO POR TEMPO DETERMINADO;1.500.000.0000;RECURSOS NÃO VINCULADOS DE IMPOSTOS;144.326,88
PREFEITURA MUNICIPAL DE BARBACENA;13.001;SEAPA;2.172;PESSOAL E ENCARGOS SOCIAIS DA SEAPA;11;APOIO A ADMINISTRAÇAO PUBLICA;20;Agricultura;122;Administração Geral;59;3.1.90.11.00.00.00.00;VENCIMENTOS E VANTAGENS FIXAS - PESSOAL CIVIL;1.500.000.0000;RECURSOS NÃO VINCULADOS DE IMPOSTOS;1.077.593,06
PREFEITURA MUNICIPAL DE BARBACENA;13.001;SEAPA;2.172;PESSOAL E ENCARGOS SOCIAIS DA SEAPA;11;APOIO A ADMINISTRAÇAO PUBLICA;20;Agricultura;122;Administração Geral;60;3.1.90.13.00.00.00.00;OBRIGAÇÕES PATRONAIS;1.500.000.0000;RECURSOS NÃO VINCULADOS DE IMPOSTOS;66.262,11
PREFEITURA MUNICIPAL DE BARBACENA;13.001;SEAPA;2.172;PESSOAL E ENCARGOS SOCIAIS DA SEAPA;11;APOIO A ADMINISTRAÇAO PUBLICA;20;Agricultura;122;Administração Geral;61;3.1.90.92.00.00.00.00;DESPESAS DE EXERCÍCIOS ANTERIORES;1.500.000.0000;RECURSOS NÃO VINCULADOS DE IMPOSTOS;1.000,00
PREFEITURA MUNICIPAL DE BARBACENA;13.001;SEAPA;2.172;PESSOAL E ENCARGOS SOCIAIS DA SEAPA;11;APOIO A ADMINISTRAÇAO PUBLICA;20;Agricultura;122;Administração Geral;62;3.1.91.13.00.00.00.00;OBRIGAÇÕES PATRONAIS;1.500.000.0000;RECURSOS NÃO VINCULADOS DE IMPOSTOS;209.485,05
PREFEITURA MUNICIPAL DE BARBACENA;13.001;SEAPA;2.172;PESSOAL E ENCARGOS SOCIAIS DA SEAPA;11;APOIO A ADMINISTRAÇAO PUBLICA;20;Agricultura;122;Administração Geral;63;3.3.90.08.00.00.00.00;OUTROS BENEFÍCIOS ASSISTENCIAIS-SERVIDOR/MILITAR;1.500.000.0000;RECURSOS NÃO VINCULADOS DE IMPOSTOS;1.000,00
PREFEITURA MUNICIPAL DE BARBACENA;13.001;SEAPA;2.172;PESSOAL E ENCARGOS SOCIAIS DA SEAPA;11;APOIO A ADMINISTRAÇAO PUBLICA;20;Agricultura;122;Administração Geral;64;3.3.90.18.00.00.00.00;AUXÍLIO FINANCEIRO A ESTUDANTES;1.500.000.0000;RECURSOS NÃO VINCULADOS DE IMPOSTOS;1.000,00
PREFEITURA MUNICIPAL DE BARBACENA;13.001;SEAPA;2.172;PESSOAL E ENCARGOS SOCIAIS DA SEAPA;11;APOIO A ADMINISTRAÇAO PUBLICA;20;Agricultura;122;Administração Geral;65;3.3.90.46.00.00.00.00;AUXÍLIO-ALIMENTAÇÃO;1.500.000.0000;RECURSOS NÃO VINCULADOS DE IMPOSTOS;71.662,50
PREFEITURA MUNICIPAL DE BARBACENA;13.001;SEAPA;2.173;MANUTENÇAO DA SEAPA;11;APOIO A ADMINISTRAÇAO PUBLICA;20;Agricultura;122;Administração Geral;66;3.3.90.14.00.00.00.00;DIÁRIAS - PESSOAL CIVIL;1.500.000.0000;RECURSOS NÃO VINCULADOS DE IMPOSTOS;2.000,00
PREFEITURA MUNICIPAL DE BARBACENA;13.001;SEAPA;2.173;MANUTENÇAO DA SEAPA;11;APOIO A ADMINISTRAÇAO PUBLICA;20;Agricultura;122;Administração Geral;67;3.3.90.30.00.00.00.00;MATERIAL DE CONSUMO;1.500.000.0000;RECURSOS NÃO VINCULADOS DE IMPOSTOS;5.000,00
PREFEITURA MUNICIPAL DE BARBACENA;13.001;SEAPA;2.173;MANUTENÇAO DA SEAPA;11;APOIO A ADMINISTRAÇAO PUBLICA;20;Agricultura;122;Administração Geral;67;3.3.90.30.00.00.00.00;MATERIAL DE CONSUMO;1.501.000.0000;OUTROS RECURSOS NÃO VINCULADOS;96.000,00
PREFEITURA MUNICIPAL DE BARBACENA;13.001;SEAPA;2.173;MANUTENÇAO DA SEAPA;11;APOIO A ADMINISTRAÇAO PUBLICA;20;Agricultura;122;Administração Geral;67;3.3.90.30.00.00.00.00;MATERIAL DE CONSUMO;1.753.000.0000;RECURSOS PROVENIENTES DE TAXAS, CONTRIBUIÇÕES E PREÇOS PÚBLICOS;0,00
PREFEITURA MUNICIPAL DE BARBACENA;13.001;SEAPA;2.173;MANUTENÇAO DA SEAPA;11;APOIO A ADMINISTRAÇAO PUBLICA;20;Agricultura;122;Administração Geral;67;3.3.90.30.00.00.00.00;MATERIAL DE CONSUMO;2.753.000.0000;RECURSOS PROVENIENTES DE TAXAS, CONTRIBUIÇÕES E PREÇOS PÚBLICOS;0,00
PREFEITURA MUNICIPAL DE BARBACENA;13.001;SEAPA;2.173;MANUTENÇAO DA SEAPA;11;APOIO A ADMINISTRAÇAO PUBLICA;20;Agricultura;122;Administração Geral;68;3.3.90.36.00.00.00.00;OUTROS SERVIÇOS DE TERCEIROS - PESSOA FÍSICA;1.500.000.0000;RECURSOS NÃO VINCULADOS DE IMPOSTOS;5.000,00
PREFEITURA MUNICIPAL DE BARBACENA;13.001;SEAPA;2.173;MANUTENÇAO DA SEAPA;11;APOIO A ADMINISTRAÇAO PUBLICA;20;Agricultura;122;Administração Geral;69;3.3.90.39.00.00.00.00;OUTROS SERVIÇOS DE TERCEIROS - PESSOA JURÍDICA;1.500.000.0000;RECURSOS NÃO VINCULADOS DE IMPOSTOS;5.000,00
PREFEITURA MUNICIPAL DE BARBACENA;13.001;SEAPA;2.173;MANUTENÇAO DA SEAPA;11;APOIO A ADMINISTRAÇAO PUBLICA;20;Agricultura;122;Administração Geral;69;3.3.90.39.00.00.00.00;OUTROS SERVIÇOS DE TERCEIROS - PESSOA JURÍDICA;1.501.000.0000;OUTROS RECURSOS NÃO VINCULADOS;150.000,00
PREFEITURA MUNICIPAL DE BARBACENA;13.001;SEAPA;2.173;MANUTENÇAO DA SEAPA;11;APOIO A ADMINISTRAÇAO PUBLICA;20;Agricultura;122;Administração Geral;69;3.3.90.39.00.00.00.00;OUTROS SERVIÇOS DE TERCEIROS - PESSOA JURÍDICA;2.500.000.0000;RECURSOS NÃO VINCULADOS DE IMPOSTOS;0,00
PREFEITURA MUNICIPAL DE BARBACENA;13.001;SEAPA;2.173;MANUTENÇAO DA SEAPA;11;APOIO A ADMINISTRAÇAO PUBLICA;20;Agricultura;122;Administração Geral;70;3.3.90.40.00.00.00.00;SERVIÇOS DE TECNOLOGIA DA INFORMAÇÃO E COMUNICAÇ;1.500.000.0000;RECURSOS NÃO VINCULADOS DE IMPOSTOS;1.000,00
PREFEITURA MUNICIPAL DE BARBACENA;13.001;SEAPA;2.173;MANUTENÇAO DA SEAPA;11;APOIO A ADMINISTRAÇAO PUBLICA;20;Agricultura;122;Administração Geral;71;3.3.90.47.00.00.00.00;OBRIGAÇÕES TRIBUTÁRIAS E CONTRIBUTIVAS;1.500.000.0000;RECURSOS NÃO VINCULADOS DE IMPOSTOS;1.000,00
PREFEITURA MUNICIPAL DE BARBACENA;13.001;SEAPA;2.173;MANUTENÇAO DA SEAPA;11;APOIO A ADMINISTRAÇAO PUBLICA;20;Agricultura;122;Administração Geral;72;3.3.90.92.00.00.00.00;DESPESAS DE EXERCÍCIOS ANTERIORES;1.500.000.0000;RECURSOS NÃO VINCULADOS DE IMPOSTOS;5.000,00
PREFEITURA MUNICIPAL DE BARBACENA;13.001;SEAPA;2.173;MANUTENÇAO DA SEAPA;11;APOIO A ADMINISTRAÇAO PUBLICA;20;Agricultura;122;Administração Geral;73;3.3.90.93.00.00.00.00;INDENIZAÇÕES E RESTITUIÇÕES;1.500.000.0000;RECURSOS NÃO VINCULADOS DE IMPOSTOS;1.000,00
PREFEITURA MUNICIPAL DE BARBACENA;13.001;SEAPA;2.173;MANUTENÇAO DA SEAPA;11;APOIO A ADMINISTRAÇAO PUBLICA;20;Agricultura;122;Administração Geral;74;4.4.90.51.00.00.00.00;OBRAS E INSTALAÇÕES;1.500.000.0000;RECURSOS NÃO VINCULADOS DE IMPOSTOS;5.000,00
PREFEITURA MUNICIPAL DE BARBACENA;13.001;SEAPA;2.173;MANUTENÇAO DA SEAPA;11;APOIO A ADMINISTRAÇAO PUBLICA;20;Agricultura;122;Administração Geral;75;4.4.90.52.00.00.00.00;EQUIPAMENTOS E MATERIAL PERMANENTE;1.500.000.0000;RECURSOS NÃO VINCULADOS DE IMPOSTOS;5.000,00
PREFEITURA MUNICIPAL DE BARBACENA;13.001;SEAPA;2.173;MANUTENÇAO DA SEAPA;11;APOIO A ADMINISTRAÇAO PUBLICA;20;Agricultura;122;Administração Geral;75;4.4.90.52.00.00.00.00;EQUIPAMENTOS E MATERIAL PERMANENTE;1.501.000.0000;OUTROS RECURSOS NÃO VINCULADOS;50.000,00
PREFEITURA MUNICIPAL DE BARBACENA;13.001;SEAPA;2.173;MANUTENÇAO DA SEAPA;11;APOIO A ADMINISTRAÇAO PUBLICA;20;Agricultura;122;Administração Geral;75;4.4.90.52.00.00.00.00;EQUIPAMENTOS E MATERIAL PERMANENTE;1.753.000.0000;RECURSOS PROVENIENTES DE TAXAS, CONTRIBUIÇÕES E PREÇOS PÚBLICOS;0,00
PREFEITURA MUNICIPAL DE BARBACENA;13.001;SEAPA;2.173;MANUTENÇAO DA SEAPA;11;APOIO A ADMINISTRAÇAO PUBLICA;20;Agricultura;122;Administração Geral;75;4.4.90.52.00.00.00.00;EQUIPAMENTOS E MATERIAL PERMANENTE;2.753.000.0000;RECURSOS PROVENIENTES DE TAXAS, CONTRIBUIÇÕES E PREÇOS PÚBLICOS;0,00
PREFEITURA MUNICIPAL DE BARBACENA;13.001;SEAPA;2.178;APOIO E FOMENTO A PRODUÇÃO RURAL;35;DESENVOLVIMENTO RURAL;20;Agricultura;606;Extensão Rural;76;3.3.90.30.00.00.00.00;MATERIAL DE CONSUMO;1.500.000.0000;RECURSOS NÃO VINCULADOS DE IMPOSTOS;1.000,00
PREFEITURA MUNICIPAL DE BARBACENA;13.001;SEAPA;2.178;APOIO E FOMENTO A PRODUÇÃO RURAL;35;DESENVOLVIMENTO RURAL;20;Agricultura;606;Extensão Rural;76;3.3.90.30.00.00.00.00;MATERIAL DE CONSUMO;1.501.000.0000;OUTROS RECURSOS NÃO VINCULADOS;0,00
PREFEITURA MUNICIPAL DE BARBACENA;13.001;SEAPA;2.178;APOIO E FOMENTO A PRODUÇÃO RURAL;35;DESENVOLVIMENTO RURAL;20;Agricultura;606;Extensão Rural;77;3.3.90.39.00.00.00.00;OUTROS SERVIÇOS DE TERCEIROS - PESSOA JURÍDICA;1.500.000.0000;RECURSOS NÃO VINCULADOS DE IMPOSTOS;5.000,00
PREFEITURA MUNICIPAL DE BARBACENA;13.001;SEAPA;2.178;APOIO E FOMENTO A PRODUÇÃO RURAL;35;DESENVOLVIMENTO RURAL;20;Agricultura;606;Extensão Rural;77;3.3.90.39.00.00.00.00;OUTROS SERVIÇOS DE TERCEIROS - PESSOA JURÍDICA;1.501.000.0000;OUTROS RECURSOS NÃO VINCULADOS;194.999,99
PREFEITURA MUNICIPAL DE BARBACENA;13.001;SEAPA;2.178;APOIO E FOMENTO A PRODUÇÃO RURAL;35;DESENVOLVIMENTO RURAL;20;Agricultura;606;Extensão Rural;78;3.3.90.41.00.00.00.00;CONTRIBUIÇÕES;1.500.000.0000;RECURSOS NÃO VINCULADOS DE IMPOSTOS;15.000,00
PREFEITURA MUNICIPAL DE BARBACENA;13.001;SEAPA;2.178;APOIO E FOMENTO A PRODUÇÃO RURAL;35;DESENVOLVIMENTO RURAL;20;Agricultura;606;Extensão Rural;78;3.3.90.41.00.00.00.00;CONTRIBUIÇÕES;1.501.000.0000;OUTROS RECURSOS NÃO VINCULADOS;200.000,00
PREFEITURA MUNICIPAL DE BARBACENA;13.001;SEAPA;2.178;APOIO E FOMENTO A PRODUÇÃO RURAL;35;DESENVOLVIMENTO RURAL;20;Agricultura;606;Extensão Rural;79;4.4.90.52.00.00.00.00;EQUIPAMENTOS E MATERIAL PERMANENTE;1.500.000.0000;RECURSOS NÃO VINCULADOS DE IMPOSTOS;5.000,00
PREFEITURA MUNICIPAL DE BARBACENA;13.001;SEAPA;2.178;APOIO E FOMENTO A PRODUÇÃO RURAL;35;DESENVOLVIMENTO RURAL;20;Agricultura;606;Extensão Rural;79;4.4.90.52.00.00.00.00;EQUIPAMENTOS E MATERIAL PERMANENTE;1.501.000.0000;OUTROS RECURSOS NÃO VINCULADOS;30.000,00
PREFEITURA MUNICIPAL DE BARBACENA;13.001;SEAPA;2.178;APOIO E FOMENTO A PRODUÇÃO RURAL;35;DESENVOLVIMENTO RURAL;20;Agricultura;606;Extensão Rural;79;4.4.90.52.00.00.00.00;EQUIPAMENTOS E MATERIAL PERMANENTE;1.700.000.0000;OUTRAS TRANSFERÊNCIAS DE CONVÊNIOS OU INSTRUMENTOS CONGÊNERES DA UNIÃO;150.000,00
PREFEITURA MUNICIPAL DE BARBACENA;13.001;SEAPA;2.178;APOIO E FOMENTO A PRODUÇÃO RURAL;35;DESENVOLVIMENTO RURAL;20;Agricultura;606;Extensão Rural;933;4.4.90.51.00.00.00.00;OBRAS E INSTALAÇÕES;1.500.000.0000;RECURSOS NÃO VINCULADOS DE IMPOSTOS;0,00
PREFEITURA MUNICIPAL DE BARBACENA;13.001;SEAPA;2.178;APOIO E FOMENTO A PRODUÇÃO RURAL;35;DESENVOLVIMENTO RURAL;20;Agricultura;606;Extensão Rural;933;4.4.90.51.00.00.00.00;OBRAS E INSTALAÇÕES;1.501.000.0000;OUTROS RECURSOS NÃO VINCULADOS;0,00
PREFEITURA MUNICIPAL DE BARBACENA;13.001;SEAPA;2.750;FOMENTO A CRIAÇÃO DE AGROINDUSTRIAS NAS LOCALIDADES RURAIS;35;DESENVOLVIMENTO RURAL;20;Agricultura;608;Promoção da Produção Agropecuária;80;3.3.90.30.00.00.00.00;MATERIAL DE CONSUMO;1.500.000.0000;RECURSOS NÃO VINCULADOS DE IMPOSTOS;2.000,00
PREFEITURA MUNICIPAL DE BARBACENA;13.001;SEAPA;2.750;FOMENTO A CRIAÇÃO DE AGROINDUSTRIAS NAS LOCALIDADES RURAIS;35;DESENVOLVIMENTO RURAL;20;Agricultura;608;Promoção da Produção Agropecuária;81;3.3.90.39.00.00.00.00;OUTROS SERVIÇOS DE TERCEIROS - PESSOA JURÍDICA;1.500.000.0000;RECURSOS NÃO VINCULADOS DE IMPOSTOS;5.000,00
PREFEITURA MUNICIPAL DE BARBACENA;13.001;SEAPA;2.750;FOMENTO A CRIAÇÃO DE AGROINDUSTRIAS NAS LOCALIDADES RURAIS;35;DESENVOLVIMENTO RURAL;20;Agricultura;608;Promoção da Produção Agropecuária;82;4.4.90.52.00.00.00.00;EQUIPAMENTOS E MATERIAL PERMANENTE;1.501.000.0000;OUTROS RECURSOS NÃO VINCULADOS;50.000,00
PREFEITURA MUNICIPAL DE BARBACENA;13.001;SEAPA;2.751;MANUTENÇÃO DO PROJETO HORTA NA ESCOLA;35;DESENVOLVIMENTO RURAL;20;Agricultura;608;Promoção da Produção Agropecuária;83;3.3.90.30.00.00.00.00;MATERIAL DE CONSUMO;1.500.000.0000;RECURSOS NÃO VINCULADOS DE IMPOSTOS;3.000,00
PREFEITURA MUNICIPAL DE BARBACENA;13.001;SEAPA;2.751;MANUTENÇÃO DO PROJETO HORTA NA ESCOLA;35;DESENVOLVIMENTO RURAL;20;Agricultura;608;Promoção da Produção Agropecuária;83;3.3.90.30.00.00.00.00;MATERIAL DE CONSUMO;1.501.000.0000;OUTROS RECURSOS NÃO VINCULADOS;70.000,00
PREFEITURA MUNICIPAL DE BARBACENA;13.001;SEAPA;2.751;MANUTENÇÃO DO PROJETO HORTA NA ESCOLA;35;DESENVOLVIMENTO RURAL;20;Agricultura;608;Promoção da Produção Agropecuária;84;3.3.90.39.00.00.00.00;OUTROS SERVIÇOS DE TERCEIROS - PESSOA JURÍDICA;1.500.000.0000;RECURSOS NÃO VINCULADOS DE IMPOSTOS;2.000,00
PREFEITURA MUNICIPAL DE BARBACENA;13.001;SEAPA;2.752;MANUTENÇÃO DO PROJETO HORTAS COMUNITÁRIAS;35;DESENVOLVIMENTO RURAL;20;Agricultura;608;Promoção da Produção Agropecuária;85;3.3.90.30.00.00.00.00;MATERIAL DE CONSUMO;1.500.000.0000;RECURSOS NÃO VINCULADOS DE IMPOSTOS;3.000,00
PREFEITURA MUNICIPAL DE BARBACENA;13.001;SEAPA;2.752;MANUTENÇÃO DO PROJETO HORTAS COMUNITÁRIAS;35;DESENVOLVIMENTO RURAL;20;Agricultura;608;Promoção da Produção Agropecuária;86;3.3.90.39.00.00.00.00;OUTROS SERVIÇOS DE TERCEIROS - PESSOA JURÍDICA;1.500.000.0000;RECURSOS NÃO VINCULADOS DE IMPOSTOS;2.000,00
PREFEITURA MUNICIPAL DE BARBACENA;13.001;SEAPA;2.753;REATIVAÇÃO DO PLANO MUNICIPAL DE DESENVOLVIMENTO RURAL SUSTENTÁVEL (PMDR);35;DESENVOLVIMENTO RURAL;20;Agricultura;608;Promoção da Produção Agropecuária;87;3.3.90.30.00.00.00.00;MATERIAL DE CONSUMO;1.500.000.0000;RECURSOS NÃO VINCULADOS DE IMPOSTOS;2.000,00
PREFEITURA MUNICIPAL DE BARBACENA;13.001;SEAPA;2.753;REATIVAÇÃO DO PLANO MUNICIPAL DE DESENVOLVIMENTO RURAL SUSTENTÁVEL (PMDR);35;DESENVOLVIMENTO RURAL;20;Agricultura;608;Promoção da Produção Agropecuária;88;3.3.90.39.00.00.00.00;OUTROS SERVIÇOS DE TERCEIROS - PESSOA JURÍDICA;1.500.000.0000;RECURSOS NÃO VINCULADOS DE IMPOSTOS;5.000,00
PREFEITURA MUNICIPAL DE BARBACENA;13.001;SEAPA;2.755;MANUTENÇÃO DO PROGRAMA DE AQUISIÇÃO DE ALIMENTOS - PAA;35;DESENVOLVIMENTO RURAL;20;Agricultura;608;Promoção da Produção Agropecuária;89;3.3.90.30.00.00.00.00;MATERIAL DE CONSUMO;1.501.000.0000;OUTROS RECURSOS NÃO VINCULADOS;50.000,00
PREFEITURA MUNICIPAL DE BARBACENA;13.001;SEAPA;2.755;MANUTENÇÃO DO PROGRAMA DE AQUISIÇÃO DE ALIMENTOS - PAA;35;DESENVOLVIMENTO RURAL;20;Agricultura;608;Promoção da Produção Agropecuária;90;3.3.90.39.00.00.00.00;OUTROS SERVIÇOS DE TERCEIROS - PESSOA JURÍDICA;1.501.000.0000;OUTROS RECURSOS NÃO VINCULADOS;15.000,00
PREFEITURA MUNICIPAL DE BARBACENA;14.001;SEDEC;2.199;PESSOAL E ENCARGOS SOCIAIS DA SEDEC;11;APOIO A ADMINISTRAÇAO PUBLICA;12;Educação;122;Administração Geral;91;3.1.90.04.00.00.00.00;CONTRATAÇÃO POR TEMPO DETERMINADO;1.500.000.1001;RECURSOS NÃO VINCULADOS DE IMPOSTOS (EDUCAÇÃO);955.649,14
PREFEITURA MUNICIPAL DE BARBACENA;14.001;SEDEC;2.199;PESSOAL E ENCARGOS SOCIAIS DA SEDEC;11;APOIO A ADMINISTRAÇAO PUBLICA;12;Educação;122;Administração Geral;91;3.1.90.04.00.00.00.00;CONTRATAÇÃO POR TEMPO DETERMINADO;1.540.000.0000;TRANSFERÊNCIAS DO FUNDEB - IMPOSTOS E TRANSFERÊNCIAS DE IMPOSTOS (30%);4.098.176,98
PREFEITURA MUNICIPAL DE BARBACENA;14.001;SEDEC;2.199;PESSOAL E ENCARGOS SOCIAIS DA SEDEC;11;APOIO A ADMINISTRAÇAO PUBLICA;12;Educação;122;Administração Geral;92;3.1.90.11.00.00.00.00;VENCIMENTOS E VANTAGENS FIXAS - PESSOAL CIVIL;1.500.000.1001;RECURSOS NÃO VINCULADOS DE IMPOSTOS (EDUCAÇÃO);40.464,24
PREFEITURA MUNICIPAL DE BARBACENA;14.001;SEDEC;2.199;PESSOAL E ENCARGOS SOCIAIS DA SEDEC;11;APOIO A ADMINISTRAÇAO PUBLICA;12;Educação;122;Administração Geral;92;3.1.90.11.00.00.00.00;VENCIMENTOS E VANTAGENS FIXAS - PESSOAL CIVIL;1.500.000.1002;RECURSOS NÃO VINCULADOS DE IMPOSTOS (SAÚDE);0,00
PREFEITURA MUNICIPAL DE BARBACENA;14.001;SEDEC;2.199;PESSOAL E ENCARGOS SOCIAIS DA SEDEC;11;APOIO A ADMINISTRAÇAO PUBLICA;12;Educação;122;Administração Geral;92;3.1.90.11.00.00.00.00;VENCIMENTOS E VANTAGENS FIXAS - PESSOAL CIVIL;1.540.000.0000;TRANSFERÊNCIAS DO FUNDEB - IMPOSTOS E TRANSFERÊNCIAS DE IMPOSTOS (30%);1.420.204,03
PREFEITURA MUNICIPAL DE BARBACENA;14.001;SEDEC;2.199;PESSOAL E ENCARGOS SOCIAIS DA SEDEC;11;APOIO A ADMINISTRAÇAO PUBLICA;12;Educação;122;Administração Geral;93;3.1.90.13.00.00.00.00;OBRIGAÇÕES PATRONAIS;1.500.000.1001;RECURSOS NÃO VINCULADOS DE IMPOSTOS (EDUCAÇÃO);9.243,23
PREFEITURA MUNICIPAL DE BARBACENA;14.001;SEDEC;2.199;PESSOAL E ENCARGOS SOCIAIS DA SEDEC;11;APOIO A ADMINISTRAÇAO PUBLICA;12;Educação;122;Administração Geral;93;3.1.90.13.00.00.00.00;OBRIGAÇÕES PATRONAIS;1.540.000.0000;TRANSFERÊNCIAS DO FUNDEB - IMPOSTOS E TRANSFERÊNCIAS DE IMPOSTOS (30%);138.158,99
PREFEITURA MUNICIPAL DE BARBACENA;14.001;SEDEC;2.199;PESSOAL E ENCARGOS SOCIAIS DA SEDEC;11;APOIO A ADMINISTRAÇAO PUBLICA;12;Educação;122;Administração Geral;94;3.1.90.92.00.00.00.00;DESPESAS DE EXERCÍCIOS ANTERIORES;1.500.000.1001;RECURSOS NÃO VINCULADOS DE IMPOSTOS (EDUCAÇÃO);1.000,00
PREFEITURA MUNICIPAL DE BARBACENA;14.001;SEDEC;2.199;PESSOAL E ENCARGOS SOCIAIS DA SEDEC;11;APOIO A ADMINISTRAÇAO PUBLICA;12;Educação;122;Administração Geral;95;3.1.90.94.00.00.00.00;INDENIZAÇÕES E RESTITUIÇÕES TRABALHISTAS;1.500.000.1001;RECURSOS NÃO VINCULADOS DE IMPOSTOS (EDUCAÇÃO);8.000,00
PREFEITURA MUNICIPAL DE BARBACENA;14.001;SEDEC;2.199;PESSOAL E ENCARGOS SOCIAIS DA SEDEC;11;APOIO A ADMINISTRAÇAO PUBLICA;12;Educação;122;Administração Geral;96;3.1.91.13.00.00.00.00;OBRIGAÇÕES PATRONAIS;1.500.000.1001;RECURSOS NÃO VINCULADOS DE IMPOSTOS (EDUCAÇÃO);200.000,00
PREFEITURA MUNICIPAL DE BARBACENA;14.001;SEDEC;2.199;PESSOAL E ENCARGOS SOCIAIS DA SEDEC;11;APOIO A ADMINISTRAÇAO PUBLICA;12;Educação;122;Administração Geral;96;3.1.91.13.00.00.00.00;OBRIGAÇÕES PATRONAIS;1.540.000.0000;TRANSFERÊNCIAS DO FUNDEB - IMPOSTOS E TRANSFERÊNCIAS DE IMPOSTOS (30%);199.788,30
PREFEITURA MUNICIPAL DE BARBACENA;14.001;SEDEC;2.199;PESSOAL E ENCARGOS SOCIAIS DA SEDEC;11;APOIO A ADMINISTRAÇAO PUBLICA;12;Educação;122;Administração Geral;97;3.3.90.08.00.00.00.00;OUTROS BENEFÍCIOS ASSISTENCIAIS-SERVIDOR/MILITAR;1.500.000.1001;RECURSOS NÃO VINCULADOS DE IMPOSTOS (EDUCAÇÃO);2.000,00
PREFEITURA MUNICIPAL DE BARBACENA;14.001;SEDEC;2.199;PESSOAL E ENCARGOS SOCIAIS DA SEDEC;11;APOIO A ADMINISTRAÇAO PUBLICA;12;Educação;122;Administração Geral;97;3.3.90.08.00.00.00.00;OUTROS BENEFÍCIOS ASSISTENCIAIS-SERVIDOR/MILITAR;1.540.000.0000;TRANSFERÊNCIAS DO FUNDEB - IMPOSTOS E TRANSFERÊNCIAS DE IMPOSTOS (30%);866,58
PREFEITURA MUNICIPAL DE BARBACENA;14.001;SEDEC;2.199;PESSOAL E ENCARGOS SOCIAIS DA SEDEC;11;APOIO A ADMINISTRAÇAO PUBLICA;12;Educação;122;Administração Geral;98;3.3.90.18.00.00.00.00;AUXÍLIO FINANCEIRO A ESTUDANTES;1.500.000.1001;RECURSOS NÃO VINCULADOS DE IMPOSTOS (EDUCAÇÃO);2.000,00
PREFEITURA MUNICIPAL DE BARBACENA;14.001;SEDEC;2.199;PESSOAL E ENCARGOS SOCIAIS DA SEDEC;11;APOIO A ADMINISTRAÇAO PUBLICA;12;Educação;122;Administração Geral;99;3.3.90.46.00.00.00.00;AUXÍLIO-ALIMENTAÇÃO;1.500.000.1001;RECURSOS NÃO VINCULADOS DE IMPOSTOS (EDUCAÇÃO);7.150,00
PREFEITURA MUNICIPAL DE BARBACENA;14.001;SEDEC;2.199;PESSOAL E ENCARGOS SOCIAIS DA SEDEC;11;APOIO A ADMINISTRAÇAO PUBLICA;12;Educação;122;Administração Geral;99;3.3.90.46.00.00.00.00;AUXÍLIO-ALIMENTAÇÃO;1.540.000.0000;TRANSFERÊNCIAS DO FUNDEB - IMPOSTOS E TRANSFERÊNCIAS DE IMPOSTOS (30%);740.858,98
PREFEITURA MUNICIPAL DE BARBACENA;14.001;SEDEC;2.200;MANUTENÇAO DA SEDEC;11;APOIO A ADMINISTRAÇAO PUBLICA;12;Educação;122;Administração Geral;100;3.3.90.14.00.00.00.00;DIÁRIAS - PESSOAL CIVIL;1.500.000.1001;RECURSOS NÃO VINCULADOS DE IMPOSTOS (EDUCAÇÃO);5.000,00
PREFEITURA MUNICIPAL DE BARBACENA;14.001;SEDEC;2.200;MANUTENÇAO DA SEDEC;11;APOIO A ADMINISTRAÇAO PUBLICA;12;Educação;122;Administração Geral;101;3.3.90.30.00.00.00.00;MATERIAL DE CONSUMO;1.500.000.1001;RECURSOS NÃO VINCULADOS DE IMPOSTOS (EDUCAÇÃO);80.000,00
PREFEITURA MUNICIPAL DE BARBACENA;14.001;SEDEC;2.200;MANUTENÇAO DA SEDEC;11;APOIO A ADMINISTRAÇAO PUBLICA;12;Educação;122;Administração Geral;101;3.3.90.30.00.00.00.00;MATERIAL DE CONSUMO;1.550.000.0000;QESE - TRANSFERÊNCIA DO SALÁRIO-EDUCAÇÃO;0,00
PREFEITURA MUNICIPAL DE BARBACENA;14.001;SEDEC;2.200;MANUTENÇAO DA SEDEC;11;APOIO A ADMINISTRAÇAO PUBLICA;12;Educação;122;Administração Geral;102;3.3.90.33.00.00.00.00;PASSAGENS E DESPESAS COM LOCOMOÇÃO;1.500.000.1001;RECURSOS NÃO VINCULADOS DE IMPOSTOS (EDUCAÇÃO);2.000,00
PREFEITURA MUNICIPAL DE BARBACENA;14.001;SEDEC;2.200;MANUTENÇAO DA SEDEC;11;APOIO A ADMINISTRAÇAO PUBLICA;12;Educação;122;Administração Geral;103;3.3.90.36.00.00.00.00;OUTROS SERVIÇOS DE TERCEIROS - PESSOA FÍSICA;1.500.000.1001;RECURSOS NÃO VINCULADOS DE IMPOSTOS (EDUCAÇÃO);60.000,00
PREFEITURA MUNICIPAL DE BARBACENA;14.001;SEDEC;2.200;MANUTENÇAO DA SEDEC;11;APOIO A ADMINISTRAÇAO PUBLICA;12;Educação;122;Administração Geral;104;3.3.90.39.00.00.00.00;OUTROS SERVIÇOS DE TERCEIROS - PESSOA JURÍDICA;1.500.000.0000;RECURSOS NÃO VINCULADOS DE IMPOSTOS;20.000,00
PREFEITURA MUNICIPAL DE BARBACENA;14.001;SEDEC;2.200;MANUTENÇAO DA SEDEC;11;APOIO A ADMINISTRAÇAO PUBLICA;12;Educação;122;Administração Geral;104;3.3.90.39.00.00.00.00;OUTROS SERVIÇOS DE TERCEIROS - PESSOA JURÍDICA;1.500.000.1001;RECURSOS NÃO VINCULADOS DE IMPOSTOS (EDUCAÇÃO);291.589,98
PREFEITURA MUNICIPAL DE BARBACENA;14.001;SEDEC;2.200;MANUTENÇAO DA SEDEC;11;APOIO A ADMINISTRAÇAO PUBLICA;12;Educação;122;Administração Geral;105;3.3.90.40.00.00.00.00;SERVIÇOS DE TECNOLOGIA DA INFORMAÇÃO E COMUNICAÇ;1.500.000.1001;RECURSOS NÃO VINCULADOS DE IMPOSTOS (EDUCAÇÃO);35.000,00
PREFEITURA MUNICIPAL DE BARBACENA;14.001;SEDEC;2.200;MANUTENÇAO DA SEDEC;11;APOIO A ADMINISTRAÇAO PUBLICA;12;Educação;122;Administração Geral;106;3.3.90.47.00.00.00.00;OBRIGAÇÕES TRIBUTÁRIAS E CONTRIBUTIVAS;1.500.000.1001;RECURSOS NÃO VINCULADOS DE IMPOSTOS (EDUCAÇÃO);1.000,00
PREFEITURA MUNICIPAL DE BARBACENA;14.001;SEDEC;2.200;MANUTENÇAO DA SEDEC;11;APOIO A ADMINISTRAÇAO PUBLICA;12;Educação;122;Administração Geral;107;3.3.90.49.00.00.00.00;AUXÍLIO-TRANSPORTE;1.500.000.1001;RECURSOS NÃO VINCULADOS DE IMPOSTOS (EDUCAÇÃO);2.000,00
PREFEITURA MUNICIPAL DE BARBACENA;14.001;SEDEC;2.200;MANUTENÇAO DA SEDEC;11;APOIO A ADMINISTRAÇAO PUBLICA;12;Educação;122;Administração Geral;108;3.3.90.92.00.00.00.00;DESPESAS DE EXERCÍCIOS ANTERIORES;1.500.000.1001;RECURSOS NÃO VINCULADOS DE IMPOSTOS (EDUCAÇÃO);5.000,00
PREFEITURA MUNICIPAL DE BARBACENA;14.001;SEDEC;2.200;MANUTENÇAO DA SEDEC;11;APOIO A ADMINISTRAÇAO PUBLICA;12;Educação;122;Administração Geral;109;3.3.90.93.00.00.00.00;INDENIZAÇÕES E RESTITUIÇÕES;1.500.000.0000;RECURSOS NÃO VINCULADOS DE IMPOSTOS;1.000,00
PREFEITURA MUNICIPAL DE BARBACENA;14.001;SEDEC;2.200;MANUTENÇAO DA SEDEC;11;APOIO A ADMINISTRAÇAO PUBLICA;12;Educação;122;Administração Geral;109;3.3.90.93.00.00.00.00;INDENIZAÇÕES E RESTITUIÇÕES;1.500.000.1001;RECURSOS NÃO VINCULADOS DE IMPOSTOS (EDUCAÇÃO);3.000,00
PREFEITURA MUNICIPAL DE BARBACENA;14.001;SEDEC;2.200;MANUTENÇAO DA SEDEC;11;APOIO A ADMINISTRAÇAO PUBLICA;12;Educação;122;Administração Geral;110;4.4.90.52.00.00.00.00;EQUIPAMENTOS E MATERIAL PERMANENTE;1.500.000.1001;RECURSOS NÃO VINCULADOS DE IMPOSTOS (EDUCAÇÃO);70.000,00
PREFEITURA MUNICIPAL DE BARBACENA;14.001;SEDEC;2.200;MANUTENÇAO DA SEDEC;11;APOIO A ADMINISTRAÇAO PUBLICA;12;Educação;122;Administração Geral;110;4.4.90.52.00.00.00.00;EQUIPAMENTOS E MATERIAL PERMANENTE;1.550.000.0000;QESE - TRANSFERÊNCIA DO SALÁRIO-EDUCAÇÃO;0,00
PREFEITURA MUNICIPAL DE BARBACENA;14.001;SEDEC;2.200;MANUTENÇAO DA SEDEC;11;APOIO A ADMINISTRAÇAO PUBLICA;12;Educação;122;Administração Geral;967;3.1.90.94.00.00.00.00;INDENIZAÇÕES E RESTITUIÇÕES TRABALHISTAS;1.500.000.1001;RECURSOS NÃO VINCULADOS DE IMPOSTOS (EDUCAÇÃO);0,00
PREFEITURA MUNICIPAL DE BARBACENA;14.001;SEDEC;2.721;DIGITALIZAÇÃO E OTIMIZAÇÃO DAS ATIVIDADES DA GEFUS;11;APOIO A ADMINISTRAÇAO PUBLICA;12;Educação;122;Administração Geral;111;3.3.90.30.00.00.00.00;MATERIAL DE CONSUMO;1.500.000.1001;RECURSOS NÃO VINCULADOS DE IMPOSTOS (EDUCAÇÃO);8.000,00
PREFEITURA MUNICIPAL DE BARBACENA;14.001;SEDEC;2.721;DIGITALIZAÇÃO E OTIMIZAÇÃO DAS ATIVIDADES DA GEFUS;11;APOIO A ADMINISTRAÇAO PUBLICA;12;Educação;122;Administração Geral;112;3.3.90.39.00.00.00.00;OUTROS SERVIÇOS DE TERCEIROS - PESSOA JURÍDICA;1.500.000.1001;RECURSOS NÃO VINCULADOS DE IMPOSTOS (EDUCAÇÃO);10.000,00
PREFEITURA MUNICIPAL DE BARBACENA;14.001;SEDEC;2.721;DIGITALIZAÇÃO E OTIMIZAÇÃO DAS ATIVIDADES DA GEFUS;11;APOIO A ADMINISTRAÇAO PUBLICA;12;Educação;122;Administração Geral;113;4.4.90.52.00.00.00.00;EQUIPAMENTOS E MATERIAL PERMANENTE;1.500.000.1001;RECURSOS NÃO VINCULADOS DE IMPOSTOS (EDUCAÇÃO);12.000,00
PREFEITURA MUNICIPAL DE BARBACENA;14.001;SEDEC;2.726;MANUTENÇÃO DAS ATIVIDADES DE INFRAESTRUTURA E SUPORTE OPERACIONAL DA SEDEC;11;APOIO A ADMINISTRAÇAO PUBLICA;12;Educação;122;Administração Geral;114;3.3.90.30.00.00.00.00;MATERIAL DE CONSUMO;1.500.000.1001;RECURSOS NÃO VINCULADOS DE IMPOSTOS (EDUCAÇÃO);15.000,00
PREFEITURA MUNICIPAL DE BARBACENA;14.001;SEDEC;2.726;MANUTENÇÃO DAS ATIVIDADES DE INFRAESTRUTURA E SUPORTE OPERACIONAL DA SEDEC;11;APOIO A ADMINISTRAÇAO PUBLICA;12;Educação;122;Administração Geral;115;3.3.90.39.00.00.00.00;OUTROS SERVIÇOS DE TERCEIROS - PESSOA JURÍDICA;1.500.000.1001;RECURSOS NÃO VINCULADOS DE IMPOSTOS (EDUCAÇÃO);3.000,00
PREFEITURA MUNICIPAL DE BARBACENA;14.001;SEDEC;2.726;MANUTENÇÃO DAS ATIVIDADES DE INFRAESTRUTURA E SUPORTE OPERACIONAL DA SEDEC;11;APOIO A ADMINISTRAÇAO PUBLICA;12;Educação;122;Administração Geral;116;4.4.90.52.00.00.00.00;EQUIPAMENTOS E MATERIAL PERMANENTE;1.500.000.1001;RECURSOS NÃO VINCULADOS DE IMPOSTOS (EDUCAÇÃO);25.000,00
PREFEITURA MUNICIPAL DE BARBACENA;14.001;SEDEC;2.080;MANUTENCAO DAS UNIDADES DE ENSINO DA EDUCACAO INFANTIL;14;GESTÃO DA EDUCAÇÃO INFANTIL;12;Educação;365;Educação Infantil;158;3.3.90.30.00.00.00.00;MATERIAL DE CONSUMO;1.500.000.0000;RECURSOS NÃO VINCULADOS DE IMPOSTOS;0,00
PREFEITURA MUNICIPAL DE BARBACENA;14.001;SEDEC;2.080;MANUTENCAO DAS UNIDADES DE ENSINO DA EDUCACAO INFANTIL;14;GESTÃO DA EDUCAÇÃO INFANTIL;12;Educação;365;Educação Infantil;158;3.3.90.30.00.00.00.00;MATERIAL DE CONSUMO;1.500.000.1001;RECURSOS NÃO VINCULADOS DE IMPOSTOS (EDUCAÇÃO);150.000,00
PREFEITURA MUNICIPAL DE BARBACENA;14.001;SEDEC;2.080;MANUTENCAO DAS UNIDADES DE ENSINO DA EDUCACAO INFANTIL;14;GESTÃO DA EDUCAÇÃO INFANTIL;12;Educação;365;Educação Infantil;158;3.3.90.30.00.00.00.00;MATERIAL DE CONSUMO;1.550.000.0000;QESE - TRANSFERÊNCIA DO SALÁRIO-EDUCAÇÃO;5.000,00
PREFEITURA MUNICIPAL DE BARBACENA;14.001;SEDEC;2.080;MANUTENCAO DAS UNIDADES DE ENSINO DA EDUCACAO INFANTIL;14;GESTÃO DA EDUCAÇÃO INFANTIL;12;Educação;365;Educação Infantil;158;3.3.90.30.00.00.00.00;MATERIAL DE CONSUMO;1.552.000.0000;PNAE - TRANSFERÊNCIAS DE RECURSOS DO FNDE REFERENTES AO PROGRAMA NACIONAL DE ALIMENTAÇÃO ESCOLAR;202.463,28
PREFEITURA MUNICIPAL DE BARBACENA;14.001;SEDEC;2.080;MANUTENCAO DAS UNIDADES DE ENSINO DA EDUCACAO INFANTIL;14;GESTÃO DA EDUCAÇÃO INFANTIL;12;Educação;365;Educação Infantil;158;3.3.90.30.00.00.00.00;MATERIAL DE CONSUMO;2.500.000.1001;RECURSOS NÃO VINCULADOS DE IMPOSTOS (EDUCAÇÃO);0,00
PREFEITURA MUNICIPAL DE BARBACENA;14.001;SEDEC;2.080;MANUTENCAO DAS UNIDADES DE ENSINO DA EDUCACAO INFANTIL;14;GESTÃO DA EDUCAÇÃO INFANTIL;12;Educação;365;Educação Infantil;158;3.3.90.30.00.00.00.00;MATERIAL DE CONSUMO;2.550.000.0000;QESE - TRANSFERÊNCIA DO SALÁRIO-EDUCAÇÃO;0,00
PREFEITURA MUNICIPAL DE BARBACENA;14.001;SEDEC;2.080;MANUTENCAO DAS UNIDADES DE ENSINO DA EDUCACAO INFANTIL;14;GESTÃO DA EDUCAÇÃO INFANTIL;12;Educação;365;Educação Infantil;159;3.3.90.36.00.00.00.00;OUTROS SERVIÇOS DE TERCEIROS - PESSOA FÍSICA;1.500.000.1001;RECURSOS NÃO VINCULADOS DE IMPOSTOS (EDUCAÇÃO);5.000,00
PREFEITURA MUNICIPAL DE BARBACENA;14.001;SEDEC;2.080;MANUTENCAO DAS UNIDADES DE ENSINO DA EDUCACAO INFANTIL;14;GESTÃO DA EDUCAÇÃO INFANTIL;12;Educação;365;Educação Infantil;160;3.3.90.39.00.00.00.00;OUTROS SERVIÇOS DE TERCEIROS - PESSOA JURÍDICA;1.500.000.1001;RECURSOS NÃO VINCULADOS DE IMPOSTOS (EDUCAÇÃO);2.800.000,00
PREFEITURA MUNICIPAL DE BARBACENA;14.001;SEDEC;2.080;MANUTENCAO DAS UNIDADES DE ENSINO DA EDUCACAO INFANTIL;14;GESTÃO DA EDUCAÇÃO INFANTIL;12;Educação;365;Educação Infantil;160;3.3.90.39.00.00.00.00;OUTROS SERVIÇOS DE TERCEIROS - PESSOA JURÍDICA;1.569.000.0000;OUTRAS TRANSFERÊNCIAS DE RECURSOS DO FNDE;10.000,00
PREFEITURA MUNICIPAL DE BARBACENA;14.001;SEDEC;2.080;MANUTENCAO DAS UNIDADES DE ENSINO DA EDUCACAO INFANTIL;14;GESTÃO DA EDUCAÇÃO INFANTIL;12;Educação;365;Educação Infantil;161;3.3.90.92.00.00.00.00;DESPESAS DE EXERCÍCIOS ANTERIORES;1.500.000.1001;RECURSOS NÃO VINCULADOS DE IMPOSTOS (EDUCAÇÃO);4.295,90
PREFEITURA MUNICIPAL DE BARBACENA;14.001;SEDEC;2.080;MANUTENCAO DAS UNIDADES DE ENSINO DA EDUCACAO INFANTIL;14;GESTÃO DA EDUCAÇÃO INFANTIL;12;Educação;365;Educação Infantil;162;3.3.90.93.00.00.00.00;INDENIZAÇÕES E RESTITUIÇÕES;1.569.000.0000;OUTRAS TRANSFERÊNCIAS DE RECURSOS DO FNDE;5.000,00
PREFEITURA MUNICIPAL DE BARBACENA;14.001;SEDEC;2.080;MANUTENCAO DAS UNIDADES DE ENSINO DA EDUCACAO INFANTIL;14;GESTÃO DA EDUCAÇÃO INFANTIL;12;Educação;365;Educação Infantil;163;4.4.90.51.00.00.00.00;OBRAS E INSTALAÇÕES;1.500.000.1001;RECURSOS NÃO VINCULADOS DE IMPOSTOS (EDUCAÇÃO);5.000,00
PREFEITURA MUNICIPAL DE BARBACENA;14.001;SEDEC;2.080;MANUTENCAO DAS UNIDADES DE ENSINO DA EDUCACAO INFANTIL;14;GESTÃO DA EDUCAÇÃO INFANTIL;12;Educação;365;Educação Infantil;163;4.4.90.51.00.00.00.00;OBRAS E INSTALAÇÕES;1.550.000.0000;QESE - TRANSFERÊNCIA DO SALÁRIO-EDUCAÇÃO;0,00
PREFEITURA MUNICIPAL DE BARBACENA;14.001;SEDEC;2.080;MANUTENCAO DAS UNIDADES DE ENSINO DA EDUCACAO INFANTIL;14;GESTÃO DA EDUCAÇÃO INFANTIL;12;Educação;365;Educação Infantil;163;4.4.90.51.00.00.00.00;OBRAS E INSTALAÇÕES;2.500.000.1001;RECURSOS NÃO VINCULADOS DE IMPOSTOS (EDUCAÇÃO);0,00
PREFEITURA MUNICIPAL DE BARBACENA;14.001;SEDEC;2.080;MANUTENCAO DAS UNIDADES DE ENSINO DA EDUCACAO INFANTIL;14;GESTÃO DA EDUCAÇÃO INFANTIL;12;Educação;365;Educação Infantil;163;4.4.90.51.00.00.00.00;OBRAS E INSTALAÇÕES;2.550.000.0000;QESE - TRANSFERÊNCIA DO SALÁRIO-EDUCAÇÃO;0,00
PREFEITURA MUNICIPAL DE BARBACENA;14.001;SEDEC;2.080;MANUTENCAO DAS UNIDADES DE ENSINO DA EDUCACAO INFANTIL;14;GESTÃO DA EDUCAÇÃO INFANTIL;12;Educação;365;Educação Infantil;164;4.4.90.52.00.00.00.00;EQUIPAMENTOS E MATERIAL PERMANENTE;1.500.000.1001;RECURSOS NÃO VINCULADOS DE IMPOSTOS (EDUCAÇÃO);200.000,00
PREFEITURA MUNICIPAL DE BARBACENA;14.001;SEDEC;2.080;MANUTENCAO DAS UNIDADES DE ENSINO DA EDUCACAO INFANTIL;14;GESTÃO DA EDUCAÇÃO INFANTIL;12;Educação;365;Educação Infantil;164;4.4.90.52.00.00.00.00;EQUIPAMENTOS E MATERIAL PERMANENTE;1.540.000.0000;TRANSFERÊNCIAS DO FUNDEB - IMPOSTOS E TRANSFERÊNCIAS DE IMPOSTOS (30%);17.704,10
PREFEITURA MUNICIPAL DE BARBACENA;14.001;SEDEC;2.080;MANUTENCAO DAS UNIDADES DE ENSINO DA EDUCACAO INFANTIL;14;GESTÃO DA EDUCAÇÃO INFANTIL;12;Educação;365;Educação Infantil;164;4.4.90.52.00.00.00.00;EQUIPAMENTOS E MATERIAL PERMANENTE;1.550.000.0000;QESE - TRANSFERÊNCIA DO SALÁRIO-EDUCAÇÃO;1.000,00
PREFEITURA MUNICIPAL DE BARBACENA;14.001;SEDEC;2.080;MANUTENCAO DAS UNIDADES DE ENSINO DA EDUCACAO INFANTIL;14;GESTÃO DA EDUCAÇÃO INFANTIL;12;Educação;365;Educação Infantil;164;4.4.90.52.00.00.00.00;EQUIPAMENTOS E MATERIAL PERMANENTE;1.569.000.0000;OUTRAS TRANSFERÊNCIAS DE RECURSOS DO FNDE;5.000,00
PREFEITURA MUNICIPAL DE BARBACENA;14.001;SEDEC;2.082;PESSOAL E ENCARGOS SOCIAIS DA EDUCACAO INFANTIL;14;GESTÃO DA EDUCAÇÃO INFANTIL;12;Educação;365;Educação Infantil;165;3.1.90.04.00.00.00.00;CONTRATAÇÃO POR TEMPO DETERMINADO;1.500.000.1001;RECURSOS NÃO VINCULADOS DE IMPOSTOS (EDUCAÇÃO);750.000,00
PREFEITURA MUNICIPAL DE BARBACENA;14.001;SEDEC;2.082;PESSOAL E ENCARGOS SOCIAIS DA EDUCACAO INFANTIL;14;GESTÃO DA EDUCAÇÃO INFANTIL;12;Educação;365;Educação Infantil;165;3.1.90.04.00.00.00.00;CONTRATAÇÃO POR TEMPO DETERMINADO;1.540.000.0000;TRANSFERÊNCIAS DO FUNDEB - IMPOSTOS E TRANSFERÊNCIAS DE IMPOSTOS (30%);849.020,22
PREFEITURA MUNICIPAL DE BARBACENA;14.001;SEDEC;2.082;PESSOAL E ENCARGOS SOCIAIS DA EDUCACAO INFANTIL;14;GESTÃO DA EDUCAÇÃO INFANTIL;12;Educação;365;Educação Infantil;165;3.1.90.04.00.00.00.00;CONTRATAÇÃO POR TEMPO DETERMINADO;1.540.000.1070;TRANSFERÊNCIAS DO FUNDEB - IMPOSTOS E TRANSFERÊNCIAS DE IMPOSTOS (70% -PAGTO DA REMUNERAÇÃO DOS PROFISSIONAIS DA EDUCAÇÃO BÁSICA EM EFETIVO EXERCÍCIO);2.130.386,95
PREFEITURA MUNICIPAL DE BARBACENA;14.001;SEDEC;2.082;PESSOAL E ENCARGOS SOCIAIS DA EDUCACAO INFANTIL;14;GESTÃO DA EDUCAÇÃO INFANTIL;12;Educação;365;Educação Infantil;165;3.1.90.04.00.00.00.00;CONTRATAÇÃO POR TEMPO DETERMINADO;1.569.000.0000;OUTRAS TRANSFERÊNCIAS DE RECURSOS DO FNDE;1.000,00
PREFEITURA MUNICIPAL DE BARBACENA;14.001;SEDEC;2.082;PESSOAL E ENCARGOS SOCIAIS DA EDUCACAO INFANTIL;14;GESTÃO DA EDUCAÇÃO INFANTIL;12;Educação;365;Educação Infantil;166;3.1.90.11.00.00.00.00;VENCIMENTOS E VANTAGENS FIXAS - PESSOAL CIVIL;1.500.000.1001;RECURSOS NÃO VINCULADOS DE IMPOSTOS (EDUCAÇÃO);586.743,33
PREFEITURA MUNICIPAL DE BARBACENA;14.001;SEDEC;2.082;PESSOAL E ENCARGOS SOCIAIS DA EDUCACAO INFANTIL;14;GESTÃO DA EDUCAÇÃO INFANTIL;12;Educação;365;Educação Infantil;166;3.1.90.11.00.00.00.00;VENCIMENTOS E VANTAGENS FIXAS - PESSOAL CIVIL;1.540.000.0000;TRANSFERÊNCIAS DO FUNDEB - IMPOSTOS E TRANSFERÊNCIAS DE IMPOSTOS (30%);298.758,64
PREFEITURA MUNICIPAL DE BARBACENA;14.001;SEDEC;2.082;PESSOAL E ENCARGOS SOCIAIS DA EDUCACAO INFANTIL;14;GESTÃO DA EDUCAÇÃO INFANTIL;12;Educação;365;Educação Infantil;166;3.1.90.11.00.00.00.00;VENCIMENTOS E VANTAGENS FIXAS - PESSOAL CIVIL;1.540.000.1070;TRANSFERÊNCIAS DO FUNDEB - IMPOSTOS E TRANSFERÊNCIAS DE IMPOSTOS (70% -PAGTO DA REMUNERAÇÃO DOS PROFISSIONAIS DA EDUCAÇÃO BÁSICA EM EFETIVO EXERCÍCIO);487.839,77
PREFEITURA MUNICIPAL DE BARBACENA;14.001;SEDEC;2.082;PESSOAL E ENCARGOS SOCIAIS DA EDUCACAO INFANTIL;14;GESTÃO DA EDUCAÇÃO INFANTIL;12;Educação;365;Educação Infantil;167;3.1.90.13.00.00.00.00;OBRIGAÇÕES PATRONAIS;1.540.000.1070;TRANSFERÊNCIAS DO FUNDEB - IMPOSTOS E TRANSFERÊNCIAS DE IMPOSTOS (70% -PAGTO DA REMUNERAÇÃO DOS PROFISSIONAIS DA EDUCAÇÃO BÁSICA EM EFETIVO EXERCÍCIO);5.000,00
PREFEITURA MUNICIPAL DE BARBACENA;14.001;SEDEC;2.082;PESSOAL E ENCARGOS SOCIAIS DA EDUCACAO INFANTIL;14;GESTÃO DA EDUCAÇÃO INFANTIL;12;Educação;365;Educação Infantil;167;3.1.90.13.00.00.00.00;OBRIGAÇÕES PATRONAIS;1.569.000.0000;OUTRAS TRANSFERÊNCIAS DE RECURSOS DO FNDE;10.000,00
PREFEITURA MUNICIPAL DE BARBACENA;14.001;SEDEC;2.082;PESSOAL E ENCARGOS SOCIAIS DA EDUCACAO INFANTIL;14;GESTÃO DA EDUCAÇÃO INFANTIL;12;Educação;365;Educação Infantil;168;3.1.91.13.00.00.00.00;OBRIGAÇÕES PATRONAIS;1.500.000.1001;RECURSOS NÃO VINCULADOS DE IMPOSTOS (EDUCAÇÃO);120.000,00
PREFEITURA MUNICIPAL DE BARBACENA;14.001;SEDEC;2.082;PESSOAL E ENCARGOS SOCIAIS DA EDUCACAO INFANTIL;14;GESTÃO DA EDUCAÇÃO INFANTIL;12;Educação;365;Educação Infantil;168;3.1.91.13.00.00.00.00;OBRIGAÇÕES PATRONAIS;1.540.000.0000;TRANSFERÊNCIAS DO FUNDEB - IMPOSTOS E TRANSFERÊNCIAS DE IMPOSTOS (30%);83.652,29
PREFEITURA MUNICIPAL DE BARBACENA;14.001;SEDEC;2.082;PESSOAL E ENCARGOS SOCIAIS DA EDUCACAO INFANTIL;14;GESTÃO DA EDUCAÇÃO INFANTIL;12;Educação;365;Educação Infantil;168;3.1.91.13.00.00.00.00;OBRIGAÇÕES PATRONAIS;1.540.000.1070;TRANSFERÊNCIAS DO FUNDEB - IMPOSTOS E TRANSFERÊNCIAS DE IMPOSTOS (70% -PAGTO DA REMUNERAÇÃO DOS PROFISSIONAIS DA EDUCAÇÃO BÁSICA EM EFETIVO EXERCÍCIO);1.764.736,13
PREFEITURA MUNICIPAL DE BARBACENA;14.001;SEDEC;2.082;PESSOAL E ENCARGOS SOCIAIS DA EDUCACAO INFANTIL;14;GESTÃO DA EDUCAÇÃO INFANTIL;12;Educação;365;Educação Infantil;169;3.3.90.08.00.00.00.00;OUTROS BENEFÍCIOS ASSISTENCIAIS-SERVIDOR/MILITAR;1.500.000.1001;RECURSOS NÃO VINCULADOS DE IMPOSTOS (EDUCAÇÃO);0,00
PREFEITURA MUNICIPAL DE BARBACENA;14.001;SEDEC;2.082;PESSOAL E ENCARGOS SOCIAIS DA EDUCACAO INFANTIL;14;GESTÃO DA EDUCAÇÃO INFANTIL;12;Educação;365;Educação Infantil;169;3.3.90.08.00.00.00.00;OUTROS BENEFÍCIOS ASSISTENCIAIS-SERVIDOR/MILITAR;1.540.000.0000;TRANSFERÊNCIAS DO FUNDEB - IMPOSTOS E TRANSFERÊNCIAS DE IMPOSTOS (30%);3.546,31
PREFEITURA MUNICIPAL DE BARBACENA;14.001;SEDEC;2.082;PESSOAL E ENCARGOS SOCIAIS DA EDUCACAO INFANTIL;14;GESTÃO DA EDUCAÇÃO INFANTIL;12;Educação;365;Educação Infantil;169;3.3.90.08.00.00.00.00;OUTROS BENEFÍCIOS ASSISTENCIAIS-SERVIDOR/MILITAR;1.540.000.1070;TRANSFERÊNCIAS DO FUNDEB - IMPOSTOS E TRANSFERÊNCIAS DE IMPOSTOS (70% -PAGTO DA REMUNERAÇÃO DOS PROFISSIONAIS DA EDUCAÇÃO BÁSICA EM EFETIVO EXERCÍCIO);5.000,00
PREFEITURA MUNICIPAL DE BARBACENA;14.001;SEDEC;2.082;PESSOAL E ENCARGOS SOCIAIS DA EDUCACAO INFANTIL;14;GESTÃO DA EDUCAÇÃO INFANTIL;12;Educação;365;Educação Infantil;169;3.3.90.08.00.00.00.00;OUTROS BENEFÍCIOS ASSISTENCIAIS-SERVIDOR/MILITAR;1.569.000.0000;OUTRAS TRANSFERÊNCIAS DE RECURSOS DO FNDE;2.000,00
PREFEITURA MUNICIPAL DE BARBACENA;14.001;SEDEC;2.082;PESSOAL E ENCARGOS SOCIAIS DA EDUCACAO INFANTIL;14;GESTÃO DA EDUCAÇÃO INFANTIL;12;Educação;365;Educação Infantil;170;3.3.90.18.00.00.00.00;AUXÍLIO FINANCEIRO A ESTUDANTES;1.540.000.0000;TRANSFERÊNCIAS DO FUNDEB - IMPOSTOS E TRANSFERÊNCIAS DE IMPOSTOS (30%);1.430,00
PREFEITURA MUNICIPAL DE BARBACENA;14.001;SEDEC;2.082;PESSOAL E ENCARGOS SOCIAIS DA EDUCACAO INFANTIL;14;GESTÃO DA EDUCAÇÃO INFANTIL;12;Educação;365;Educação Infantil;170;3.3.90.18.00.00.00.00;AUXÍLIO FINANCEIRO A ESTUDANTES;1.540.000.1070;TRANSFERÊNCIAS DO FUNDEB - IMPOSTOS E TRANSFERÊNCIAS DE IMPOSTOS (70% -PAGTO DA REMUNERAÇÃO DOS PROFISSIONAIS DA EDUCAÇÃO BÁSICA EM EFETIVO EXERCÍCIO);5.000,00
PREFEITURA MUNICIPAL DE BARBACENA;14.001;SEDEC;2.082;PESSOAL E ENCARGOS SOCIAIS DA EDUCACAO INFANTIL;14;GESTÃO DA EDUCAÇÃO INFANTIL;12;Educação;365;Educação Infantil;170;3.3.90.18.00.00.00.00;AUXÍLIO FINANCEIRO A ESTUDANTES;1.569.000.0000;OUTRAS TRANSFERÊNCIAS DE RECURSOS DO FNDE;1.000,00
PREFEITURA MUNICIPAL DE BARBACENA;14.001;SEDEC;2.082;PESSOAL E ENCARGOS SOCIAIS DA EDUCACAO INFANTIL;14;GESTÃO DA EDUCAÇÃO INFANTIL;12;Educação;365;Educação Infantil;171;3.3.90.46.00.00.00.00;AUXÍLIO-ALIMENTAÇÃO;1.500.000.1001;RECURSOS NÃO VINCULADOS DE IMPOSTOS (EDUCAÇÃO);250.000,00
PREFEITURA MUNICIPAL DE BARBACENA;14.001;SEDEC;2.082;PESSOAL E ENCARGOS SOCIAIS DA EDUCACAO INFANTIL;14;GESTÃO DA EDUCAÇÃO INFANTIL;12;Educação;365;Educação Infantil;171;3.3.90.46.00.00.00.00;AUXÍLIO-ALIMENTAÇÃO;1.540.000.0000;TRANSFERÊNCIAS DO FUNDEB - IMPOSTOS E TRANSFERÊNCIAS DE IMPOSTOS (30%);589.160,00
PREFEITURA MUNICIPAL DE BARBACENA;14.001;SEDEC;2.082;PESSOAL E ENCARGOS SOCIAIS DA EDUCACAO INFANTIL;14;GESTÃO DA EDUCAÇÃO INFANTIL;12;Educação;365;Educação Infantil;171;3.3.90.46.00.00.00.00;AUXÍLIO-ALIMENTAÇÃO;1.540.000.1070;TRANSFERÊNCIAS DO FUNDEB - IMPOSTOS E TRANSFERÊNCIAS DE IMPOSTOS (70% -PAGTO DA REMUNERAÇÃO DOS PROFISSIONAIS DA EDUCAÇÃO BÁSICA EM EFETIVO EXERCÍCIO);0,00
PREFEITURA MUNICIPAL DE BARBACENA;14.001;SEDEC;2.135;MANUTENÇÃO DE CRECHES;14;GESTÃO DA EDUCAÇÃO INFANTIL;12;Educação;365;Educação Infantil;172;3.3.90.30.00.00.00.00;MATERIAL DE CONSUMO;1.500.000.0000;RECURSOS NÃO VINCULADOS DE IMPOSTOS;0,00
PREFEITURA MUNICIPAL DE BARBACENA;14.001;SEDEC;2.135;MANUTENÇÃO DE CRECHES;14;GESTÃO DA EDUCAÇÃO INFANTIL;12;Educação;365;Educação Infantil;172;3.3.90.30.00.00.00.00;MATERIAL DE CONSUMO;1.500.000.1001;RECURSOS NÃO VINCULADOS DE IMPOSTOS (EDUCAÇÃO);120.000,00
PREFEITURA MUNICIPAL DE BARBACENA;14.001;SEDEC;2.135;MANUTENÇÃO DE CRECHES;14;GESTÃO DA EDUCAÇÃO INFANTIL;12;Educação;365;Educação Infantil;172;3.3.90.30.00.00.00.00;MATERIAL DE CONSUMO;1.550.000.0000;QESE - TRANSFERÊNCIA DO SALÁRIO-EDUCAÇÃO;1.000,00
PREFEITURA MUNICIPAL DE BARBACENA;14.001;SEDEC;2.135;MANUTENÇÃO DE CRECHES;14;GESTÃO DA EDUCAÇÃO INFANTIL;12;Educação;365;Educação Infantil;172;3.3.90.30.00.00.00.00;MATERIAL DE CONSUMO;1.552.000.0000;PNAE - TRANSFERÊNCIAS DE RECURSOS DO FNDE REFERENTES AO PROGRAMA NACIONAL DE ALIMENTAÇÃO ESCOLAR;61.673,34
PREFEITURA MUNICIPAL DE BARBACENA;14.001;SEDEC;2.135;MANUTENÇÃO DE CRECHES;14;GESTÃO DA EDUCAÇÃO INFANTIL;12;Educação;365;Educação Infantil;172;3.3.90.30.00.00.00.00;MATERIAL DE CONSUMO;1.553.000.0000;PNATE - TRANSFERÊNCIAS DE RECURSOS DO FNDE REFERENTES AO PROGRAMA NACIONAL DE APOIO AO TRANSPORTE ESCOLAR;0,00
PREFEITURA MUNICIPAL DE BARBACENA;14.001;SEDEC;2.135;MANUTENÇÃO DE CRECHES;14;GESTÃO DA EDUCAÇÃO INFANTIL;12;Educação;365;Educação Infantil;172;3.3.90.30.00.00.00.00;MATERIAL DE CONSUMO;1.576.001.0000;PTE- TRANSFERÊNCIAS DE RECURSOS DOS ESTADOS PARA PROGRAMAS DE EDUCAÇÃO (TRANSFERÊNCIAS DE RECURSOS PARA O PROGRAMA ESTADUAL DE TRANSPORTE ESCOLAR);0,00
PREFEITURA MUNICIPAL DE BARBACENA;14.001;SEDEC;2.135;MANUTENÇÃO DE CRECHES;14;GESTÃO DA EDUCAÇÃO INFANTIL;12;Educação;365;Educação Infantil;172;3.3.90.30.00.00.00.00;MATERIAL DE CONSUMO;2.550.000.0000;QESE - TRANSFERÊNCIA DO SALÁRIO-EDUCAÇÃO;0,00
PREFEITURA MUNICIPAL DE BARBACENA;14.001;SEDEC;2.135;MANUTENÇÃO DE CRECHES;14;GESTÃO DA EDUCAÇÃO INFANTIL;12;Educação;365;Educação Infantil;173;3.3.90.36.00.00.00.00;OUTROS SERVIÇOS DE TERCEIROS - PESSOA FÍSICA;1.500.000.1001;RECURSOS NÃO VINCULADOS DE IMPOSTOS (EDUCAÇÃO);5.000,00
PREFEITURA MUNICIPAL DE BARBACENA;14.001;SEDEC;2.135;MANUTENÇÃO DE CRECHES;14;GESTÃO DA EDUCAÇÃO INFANTIL;12;Educação;365;Educação Infantil;174;3.3.90.39.00.00.00.00;OUTROS SERVIÇOS DE TERCEIROS - PESSOA JURÍDICA;1.500.000.1001;RECURSOS NÃO VINCULADOS DE IMPOSTOS (EDUCAÇÃO);2.300.000,00
PREFEITURA MUNICIPAL DE BARBACENA;14.001;SEDEC;2.135;MANUTENÇÃO DE CRECHES;14;GESTÃO DA EDUCAÇÃO INFANTIL;12;Educação;365;Educação Infantil;174;3.3.90.39.00.00.00.00;OUTROS SERVIÇOS DE TERCEIROS - PESSOA JURÍDICA;1.551.000.0000;TRANSFERÊNCIAS DE RECURSOS DO FNDE REFERENTES AO PROGRAMA DINHEIRO DIRETO NA ESCOLA (PDDE);4.000,00
PREFEITURA MUNICIPAL DE BARBACENA;14.001;SEDEC;2.135;MANUTENÇÃO DE CRECHES;14;GESTÃO DA EDUCAÇÃO INFANTIL;12;Educação;365;Educação Infantil;174;3.3.90.39.00.00.00.00;OUTROS SERVIÇOS DE TERCEIROS - PESSOA JURÍDICA;1.553.000.0000;PNATE - TRANSFERÊNCIAS DE RECURSOS DO FNDE REFERENTES AO PROGRAMA NACIONAL DE APOIO AO TRANSPORTE ESCOLAR;0,00
PREFEITURA MUNICIPAL DE BARBACENA;14.001;SEDEC;2.135;MANUTENÇÃO DE CRECHES;14;GESTÃO DA EDUCAÇÃO INFANTIL;12;Educação;365;Educação Infantil;175;3.3.90.92.00.00.00.00;DESPESAS DE EXERCÍCIOS ANTERIORES;1.500.000.1001;RECURSOS NÃO VINCULADOS DE IMPOSTOS (EDUCAÇÃO);50.000,00
PREFEITURA MUNICIPAL DE BARBACENA;14.001;SEDEC;2.135;MANUTENÇÃO DE CRECHES;14;GESTÃO DA EDUCAÇÃO INFANTIL;12;Educação;365;Educação Infantil;176;4.4.90.51.00.00.00.00;OBRAS E INSTALAÇÕES;1.500.000.1001;RECURSOS NÃO VINCULADOS DE IMPOSTOS (EDUCAÇÃO);25.000,00
PREFEITURA MUNICIPAL DE BARBACENA;14.001;SEDEC;2.135;MANUTENÇÃO DE CRECHES;14;GESTÃO DA EDUCAÇÃO INFANTIL;12;Educação;365;Educação Infantil;176;4.4.90.51.00.00.00.00;OBRAS E INSTALAÇÕES;1.550.000.0000;QESE - TRANSFERÊNCIA DO SALÁRIO-EDUCAÇÃO;0,00
PREFEITURA MUNICIPAL DE BARBACENA;14.001;SEDEC;2.135;MANUTENÇÃO DE CRECHES;14;GESTÃO DA EDUCAÇÃO INFANTIL;12;Educação;365;Educação Infantil;176;4.4.90.51.00.00.00.00;OBRAS E INSTALAÇÕES;2.500.000.1001;RECURSOS NÃO VINCULADOS DE IMPOSTOS (EDUCAÇÃO);0,00
PREFEITURA MUNICIPAL DE BARBACENA;14.001;SEDEC;2.135;MANUTENÇÃO DE CRECHES;14;GESTÃO DA EDUCAÇÃO INFANTIL;12;Educação;365;Educação Infantil;176;4.4.90.51.00.00.00.00;OBRAS E INSTALAÇÕES;2.550.000.0000;QESE - TRANSFERÊNCIA DO SALÁRIO-EDUCAÇÃO;0,00
PREFEITURA MUNICIPAL DE BARBACENA;14.001;SEDEC;2.135;MANUTENÇÃO DE CRECHES;14;GESTÃO DA EDUCAÇÃO INFANTIL;12;Educação;365;Educação Infantil;177;4.4.90.52.00.00.00.00;EQUIPAMENTOS E MATERIAL PERMANENTE;1.500.000.1001;RECURSOS NÃO VINCULADOS DE IMPOSTOS (EDUCAÇÃO);55.739,76
PREFEITURA MUNICIPAL DE BARBACENA;14.001;SEDEC;2.135;MANUTENÇÃO DE CRECHES;14;GESTÃO DA EDUCAÇÃO INFANTIL;12;Educação;365;Educação Infantil;177;4.4.90.52.00.00.00.00;EQUIPAMENTOS E MATERIAL PERMANENTE;1.540.000.0000;TRANSFERÊNCIAS DO FUNDEB - IMPOSTOS E TRANSFERÊNCIAS DE IMPOSTOS (30%);44.260,24
PREFEITURA MUNICIPAL DE BARBACENA;14.001;SEDEC;2.135;MANUTENÇÃO DE CRECHES;14;GESTÃO DA EDUCAÇÃO INFANTIL;12;Educação;365;Educação Infantil;177;4.4.90.52.00.00.00.00;EQUIPAMENTOS E MATERIAL PERMANENTE;1.550.000.0000;QESE - TRANSFERÊNCIA DO SALÁRIO-EDUCAÇÃO;10.000,00
PREFEITURA MUNICIPAL DE BARBACENA;14.001;SEDEC;2.135;MANUTENÇÃO DE CRECHES;14;GESTÃO DA EDUCAÇÃO INFANTIL;12;Educação;365;Educação Infantil;178;4.4.90.92.00.00.00.00;DESPESAS DE EXERCÍCIOS ANTERIORES;1.569.000.0000;OUTRAS TRANSFERÊNCIAS DE RECURSOS DO FNDE;15.000,00
PREFEITURA MUNICIPAL DE BARBACENA;14.001;SEDEC;2.138;PESSOAL E ENCARGOS SOCIAIS DE CRECHES;14;GESTÃO DA EDUCAÇÃO INFANTIL;12;Educação;365;Educação Infantil;179;3.1.90.04.00.00.00.00;CONTRATAÇÃO POR TEMPO DETERMINADO;1.500.000.1001;RECURSOS NÃO VINCULADOS DE IMPOSTOS (EDUCAÇÃO);2.000,00
PREFEITURA MUNICIPAL DE BARBACENA;14.001;SEDEC;2.138;PESSOAL E ENCARGOS SOCIAIS DE CRECHES;14;GESTÃO DA EDUCAÇÃO INFANTIL;12;Educação;365;Educação Infantil;179;3.1.90.04.00.00.00.00;CONTRATAÇÃO POR TEMPO DETERMINADO;1.540.000.0000;TRANSFERÊNCIAS DO FUNDEB - IMPOSTOS E TRANSFERÊNCIAS DE IMPOSTOS (30%);0,00
PREFEITURA MUNICIPAL DE BARBACENA;14.001;SEDEC;2.138;PESSOAL E ENCARGOS SOCIAIS DE CRECHES;14;GESTÃO DA EDUCAÇÃO INFANTIL;12;Educação;365;Educação Infantil;179;3.1.90.04.00.00.00.00;CONTRATAÇÃO POR TEMPO DETERMINADO;1.540.000.1070;TRANSFERÊNCIAS DO FUNDEB - IMPOSTOS E TRANSFERÊNCIAS DE IMPOSTOS (70% -PAGTO DA REMUNERAÇÃO DOS PROFISSIONAIS DA EDUCAÇÃO BÁSICA EM EFETIVO EXERCÍCIO);0,00
PREFEITURA MUNICIPAL DE BARBACENA;14.001;SEDEC;2.138;PESSOAL E ENCARGOS SOCIAIS DE CRECHES;14;GESTÃO DA EDUCAÇÃO INFANTIL;12;Educação;365;Educação Infantil;180;3.1.90.11.00.00.00.00;VENCIMENTOS E VANTAGENS FIXAS - PESSOAL CIVIL;1.500.000.1001;RECURSOS NÃO VINCULADOS DE IMPOSTOS (EDUCAÇÃO);7.000,00
PREFEITURA MUNICIPAL DE BARBACENA;14.001;SEDEC;2.138;PESSOAL E ENCARGOS SOCIAIS DE CRECHES;14;GESTÃO DA EDUCAÇÃO INFANTIL;12;Educação;365;Educação Infantil;180;3.1.90.11.00.00.00.00;VENCIMENTOS E VANTAGENS FIXAS - PESSOAL CIVIL;1.540.000.0000;TRANSFERÊNCIAS DO FUNDEB - IMPOSTOS E TRANSFERÊNCIAS DE IMPOSTOS (30%);0,00
PREFEITURA MUNICIPAL DE BARBACENA;14.001;SEDEC;2.138;PESSOAL E ENCARGOS SOCIAIS DE CRECHES;14;GESTÃO DA EDUCAÇÃO INFANTIL;12;Educação;365;Educação Infantil;180;3.1.90.11.00.00.00.00;VENCIMENTOS E VANTAGENS FIXAS - PESSOAL CIVIL;1.540.000.1070;TRANSFERÊNCIAS DO FUNDEB - IMPOSTOS E TRANSFERÊNCIAS DE IMPOSTOS (70% -PAGTO DA REMUNERAÇÃO DOS PROFISSIONAIS DA EDUCAÇÃO BÁSICA EM EFETIVO EXERCÍCIO);0,00
PREFEITURA MUNICIPAL DE BARBACENA;14.001;SEDEC;2.138;PESSOAL E ENCARGOS SOCIAIS DE CRECHES;14;GESTÃO DA EDUCAÇÃO INFANTIL;12;Educação;365;Educação Infantil;181;3.1.90.13.00.00.00.00;OBRIGAÇÕES PATRONAIS;1.500.000.1001;RECURSOS NÃO VINCULADOS DE IMPOSTOS (EDUCAÇÃO);2.000,00
PREFEITURA MUNICIPAL DE BARBACENA;14.001;SEDEC;2.138;PESSOAL E ENCARGOS SOCIAIS DE CRECHES;14;GESTÃO DA EDUCAÇÃO INFANTIL;12;Educação;365;Educação Infantil;181;3.1.90.13.00.00.00.00;OBRIGAÇÕES PATRONAIS;1.540.000.0000;TRANSFERÊNCIAS DO FUNDEB - IMPOSTOS E TRANSFERÊNCIAS DE IMPOSTOS (30%);0,00
PREFEITURA MUNICIPAL DE BARBACENA;14.001;SEDEC;2.138;PESSOAL E ENCARGOS SOCIAIS DE CRECHES;14;GESTÃO DA EDUCAÇÃO INFANTIL;12;Educação;365;Educação Infantil;181;3.1.90.13.00.00.00.00;OBRIGAÇÕES PATRONAIS;1.540.000.1070;TRANSFERÊNCIAS DO FUNDEB - IMPOSTOS E TRANSFERÊNCIAS DE IMPOSTOS (70% -PAGTO DA REMUNERAÇÃO DOS PROFISSIONAIS DA EDUCAÇÃO BÁSICA EM EFETIVO EXERCÍCIO);0,00
PREFEITURA MUNICIPAL DE BARBACENA;14.001;SEDEC;2.138;PESSOAL E ENCARGOS SOCIAIS DE CRECHES;14;GESTÃO DA EDUCAÇÃO INFANTIL;12;Educação;365;Educação Infantil;182;3.1.91.13.00.00.00.00;OBRIGAÇÕES PATRONAIS;1.500.000.1001;RECURSOS NÃO VINCULADOS DE IMPOSTOS (EDUCAÇÃO);2.500,00
PREFEITURA MUNICIPAL DE BARBACENA;14.001;SEDEC;2.138;PESSOAL E ENCARGOS SOCIAIS DE CRECHES;14;GESTÃO DA EDUCAÇÃO INFANTIL;12;Educação;365;Educação Infantil;182;3.1.91.13.00.00.00.00;OBRIGAÇÕES PATRONAIS;1.540.000.0000;TRANSFERÊNCIAS DO FUNDEB - IMPOSTOS E TRANSFERÊNCIAS DE IMPOSTOS (30%);0,00
PREFEITURA MUNICIPAL DE BARBACENA;14.001;SEDEC;2.138;PESSOAL E ENCARGOS SOCIAIS DE CRECHES;14;GESTÃO DA EDUCAÇÃO INFANTIL;12;Educação;365;Educação Infantil;182;3.1.91.13.00.00.00.00;OBRIGAÇÕES PATRONAIS;1.540.000.1070;TRANSFERÊNCIAS DO FUNDEB - IMPOSTOS E TRANSFERÊNCIAS DE IMPOSTOS (70% -PAGTO DA REMUNERAÇÃO DOS PROFISSIONAIS DA EDUCAÇÃO BÁSICA EM EFETIVO EXERCÍCIO);0,00
PREFEITURA MUNICIPAL DE BARBACENA;14.001;SEDEC;2.138;PESSOAL E ENCARGOS SOCIAIS DE CRECHES;14;GESTÃO DA EDUCAÇÃO INFANTIL;12;Educação;365;Educação Infantil;183;3.3.90.08.00.00.00.00;OUTROS BENEFÍCIOS ASSISTENCIAIS-SERVIDOR/MILITAR;1.500.000.1001;RECURSOS NÃO VINCULADOS DE IMPOSTOS (EDUCAÇÃO);2.000,00
PREFEITURA MUNICIPAL DE BARBACENA;14.001;SEDEC;2.138;PESSOAL E ENCARGOS SOCIAIS DE CRECHES;14;GESTÃO DA EDUCAÇÃO INFANTIL;12;Educação;365;Educação Infantil;183;3.3.90.08.00.00.00.00;OUTROS BENEFÍCIOS ASSISTENCIAIS-SERVIDOR/MILITAR;1.540.000.0000;TRANSFERÊNCIAS DO FUNDEB - IMPOSTOS E TRANSFERÊNCIAS DE IMPOSTOS (30%);0,00
PREFEITURA MUNICIPAL DE BARBACENA;14.001;SEDEC;2.138;PESSOAL E ENCARGOS SOCIAIS DE CRECHES;14;GESTÃO DA EDUCAÇÃO INFANTIL;12;Educação;365;Educação Infantil;183;3.3.90.08.00.00.00.00;OUTROS BENEFÍCIOS ASSISTENCIAIS-SERVIDOR/MILITAR;1.540.000.1070;TRANSFERÊNCIAS DO FUNDEB - IMPOSTOS E TRANSFERÊNCIAS DE IMPOSTOS (70% -PAGTO DA REMUNERAÇÃO DOS PROFISSIONAIS DA EDUCAÇÃO BÁSICA EM EFETIVO EXERCÍCIO);0,00
PREFEITURA MUNICIPAL DE BARBACENA;14.001;SEDEC;2.138;PESSOAL E ENCARGOS SOCIAIS DE CRECHES;14;GESTÃO DA EDUCAÇÃO INFANTIL;12;Educação;365;Educação Infantil;949;3.3.90.46.00.00.00.00;AUXÍLIO-ALIMENTAÇÃO;1.500.000.1001;RECURSOS NÃO VINCULADOS DE IMPOSTOS (EDUCAÇÃO);0,00
PREFEITURA MUNICIPAL DE BARBACENA;14.001;SEDEC;2.138;PESSOAL E ENCARGOS SOCIAIS DE CRECHES;14;GESTÃO DA EDUCAÇÃO INFANTIL;12;Educação;365;Educação Infantil;949;3.3.90.46.00.00.00.00;AUXÍLIO-ALIMENTAÇÃO;1.540.000.0000;TRANSFERÊNCIAS DO FUNDEB - IMPOSTOS E TRANSFERÊNCIAS DE IMPOSTOS (30%);0,00
PREFEITURA MUNICIPAL DE BARBACENA;14.001;SEDEC;2.138;PESSOAL E ENCARGOS SOCIAIS DE CRECHES;14;GESTÃO DA EDUCAÇÃO INFANTIL;12;Educação;365;Educação Infantil;949;3.3.90.46.00.00.00.00;AUXÍLIO-ALIMENTAÇÃO;1.540.000.1070;TRANSFERÊNCIAS DO FUNDEB - IMPOSTOS E TRANSFERÊNCIAS DE IMPOSTOS (70% -PAGTO DA REMUNERAÇÃO DOS PROFISSIONAIS DA EDUCAÇÃO BÁSICA EM EFETIVO EXERCÍCIO);0,00
PREFEITURA MUNICIPAL DE BARBACENA;14.001;SEDEC;2.332;TRANSPORTE ESCOLAR DA EDUCAÇÃO INFANTIL;14;GESTÃO DA EDUCAÇÃO INFANTIL;12;Educação;365;Educação Infantil;184;3.3.90.36.00.00.00.00;OUTROS SERVIÇOS DE TERCEIROS - PESSOA FÍSICA;1.500.000.1001;RECURSOS NÃO VINCULADOS DE IMPOSTOS (EDUCAÇÃO);1.000,00
PREFEITURA MUNICIPAL DE BARBACENA;14.001;SEDEC;2.332;TRANSPORTE ESCOLAR DA EDUCAÇÃO INFANTIL;14;GESTÃO DA EDUCAÇÃO INFANTIL;12;Educação;365;Educação Infantil;184;3.3.90.36.00.00.00.00;OUTROS SERVIÇOS DE TERCEIROS - PESSOA FÍSICA;1.550.000.0000;QESE - TRANSFERÊNCIA DO SALÁRIO-EDUCAÇÃO;1.000,00
PREFEITURA MUNICIPAL DE BARBACENA;14.001;SEDEC;2.332;TRANSPORTE ESCOLAR DA EDUCAÇÃO INFANTIL;14;GESTÃO DA EDUCAÇÃO INFANTIL;12;Educação;365;Educação Infantil;184;3.3.90.36.00.00.00.00;OUTROS SERVIÇOS DE TERCEIROS - PESSOA FÍSICA;1.553.000.0000;PNATE - TRANSFERÊNCIAS DE RECURSOS DO FNDE REFERENTES AO PROGRAMA NACIONAL DE APOIO AO TRANSPORTE ESCOLAR;1.000,00
PREFEITURA MUNICIPAL DE BARBACENA;14.001;SEDEC;2.332;TRANSPORTE ESCOLAR DA EDUCAÇÃO INFANTIL;14;GESTÃO DA EDUCAÇÃO INFANTIL;12;Educação;365;Educação Infantil;185;3.3.90.39.00.00.00.00;OUTROS SERVIÇOS DE TERCEIROS - PESSOA JURÍDICA;1.500.000.1001;RECURSOS NÃO VINCULADOS DE IMPOSTOS (EDUCAÇÃO);1.000,00
PREFEITURA MUNICIPAL DE BARBACENA;14.001;SEDEC;2.332;TRANSPORTE ESCOLAR DA EDUCAÇÃO INFANTIL;14;GESTÃO DA EDUCAÇÃO INFANTIL;12;Educação;365;Educação Infantil;185;3.3.90.39.00.00.00.00;OUTROS SERVIÇOS DE TERCEIROS - PESSOA JURÍDICA;1.550.000.0000;QESE - TRANSFERÊNCIA DO SALÁRIO-EDUCAÇÃO;1.000,00
PREFEITURA MUNICIPAL DE BARBACENA;14.001;SEDEC;2.332;TRANSPORTE ESCOLAR DA EDUCAÇÃO INFANTIL;14;GESTÃO DA EDUCAÇÃO INFANTIL;12;Educação;365;Educação Infantil;185;3.3.90.39.00.00.00.00;OUTROS SERVIÇOS DE TERCEIROS - PESSOA JURÍDICA;1.553.000.0000;PNATE - TRANSFERÊNCIAS DE RECURSOS DO FNDE REFERENTES AO PROGRAMA NACIONAL DE APOIO AO TRANSPORTE ESCOLAR;2.000,00
PREFEITURA MUNICIPAL DE BARBACENA;14.001;SEDEC;2.332;TRANSPORTE ESCOLAR DA EDUCAÇÃO INFANTIL;14;GESTÃO DA EDUCAÇÃO INFANTIL;12;Educação;365;Educação Infantil;185;3.3.90.39.00.00.00.00;OUTROS SERVIÇOS DE TERCEIROS - PESSOA JURÍDICA;1.570.000.0000;TRANSFERÊNCIAS DO GOVERNO FEDERAL REFERENTES A CONVÊNIOS E INSTRUMENTOS CONGÊNERES VINCULADOS À EDUCAÇÃO;1.500,00
PREFEITURA MUNICIPAL DE BARBACENA;14.001;SEDEC;2.332;TRANSPORTE ESCOLAR DA EDUCAÇÃO INFANTIL;14;GESTÃO DA EDUCAÇÃO INFANTIL;12;Educação;365;Educação Infantil;968;3.3.90.30.00.00.00.00;MATERIAL DE CONSUMO;1.500.000.1001;RECURSOS NÃO VINCULADOS DE IMPOSTOS (EDUCAÇÃO);0,00
PREFEITURA MUNICIPAL DE BARBACENA;14.001;SEDEC;2.332;TRANSPORTE ESCOLAR DA EDUCAÇÃO INFANTIL;14;GESTÃO DA EDUCAÇÃO INFANTIL;12;Educação;365;Educação Infantil;968;3.3.90.30.00.00.00.00;MATERIAL DE CONSUMO;1.550.000.0000;QESE - TRANSFERÊNCIA DO SALÁRIO-EDUCAÇÃO;0,00
PREFEITURA MUNICIPAL DE BARBACENA;14.001;SEDEC;2.332;TRANSPORTE ESCOLAR DA EDUCAÇÃO INFANTIL;14;GESTÃO DA EDUCAÇÃO INFANTIL;12;Educação;365;Educação Infantil;968;3.3.90.30.00.00.00.00;MATERIAL DE CONSUMO;1.553.000.0000;PNATE - TRANSFERÊNCIAS DE RECURSOS DO FNDE REFERENTES AO PROGRAMA NACIONAL DE APOIO AO TRANSPORTE ESCOLAR;0,00
PREFEITURA MUNICIPAL DE BARBACENA;14.001;SEDEC;2.332;TRANSPORTE ESCOLAR DA EDUCAÇÃO INFANTIL;14;GESTÃO DA EDUCAÇÃO INFANTIL;12;Educação;365;Educação Infantil;968;3.3.90.30.00.00.00.00;MATERIAL DE CONSUMO;1.576.001.0000;PTE- TRANSFERÊNCIAS DE RECURSOS DOS ESTADOS PARA PROGRAMAS DE EDUCAÇÃO (TRANSFERÊNCIAS DE RECURSOS PARA O PROGRAMA ESTADUAL DE TRANSPORTE ESCOLAR);0,00
PREFEITURA MUNICIPAL DE BARBACENA;14.001;SEDEC;2.462;APOIO A CRECHE IRMÃOS DO CAMINHO;14;GESTÃO DA EDUCAÇÃO INFANTIL;12;Educação;365;Educação Infantil;186;3.3.50.41.00.00.00.00;CONTRIBUIÇÕES;1.500.000.1001;RECURSOS NÃO VINCULADOS DE IMPOSTOS (EDUCAÇÃO);35.527,75
PREFEITURA MUNICIPAL DE BARBACENA;14.001;SEDEC;2.462;APOIO A CRECHE IRMÃOS DO CAMINHO;14;GESTÃO DA EDUCAÇÃO INFANTIL;12;Educação;365;Educação Infantil;974;4.4.50.41.00.00.00.00;CONTRIBUIÇÕES;1.500.000.0000;RECURSOS NÃO VINCULADOS DE IMPOSTOS;0,00
PREFEITURA MUNICIPAL DE BARBACENA;14.001;SEDEC;2.462;APOIO A CRECHE IRMÃOS DO CAMINHO;14;GESTÃO DA EDUCAÇÃO INFANTIL;12;Educação;365;Educação Infantil;974;4.4.50.41.00.00.00.00;CONTRIBUIÇÕES;1.500.000.1001;RECURSOS NÃO VINCULADOS DE IMPOSTOS (EDUCAÇÃO);0,00
PREFEITURA MUNICIPAL DE BARBACENA;14.001;SEDEC;2.463;APOIO A CRECHE SÃO PAULO DA CRUZ;14;GESTÃO DA EDUCAÇÃO INFANTIL;12;Educação;365;Educação Infantil;187;3.3.50.41.00.00.00.00;CONTRIBUIÇÕES;1.500.000.0000;RECURSOS NÃO VINCULADOS DE IMPOSTOS;0,00
PREFEITURA MUNICIPAL DE BARBACENA;14.001;SEDEC;2.463;APOIO A CRECHE SÃO PAULO DA CRUZ;14;GESTÃO DA EDUCAÇÃO INFANTIL;12;Educação;365;Educação Infantil;187;3.3.50.41.00.00.00.00;CONTRIBUIÇÕES;1.500.000.1001;RECURSOS NÃO VINCULADOS DE IMPOSTOS (EDUCAÇÃO);122.265,45
PREFEITURA MUNICIPAL DE BARBACENA;14.001;SEDEC;2.463;APOIO A CRECHE SÃO PAULO DA CRUZ;14;GESTÃO DA EDUCAÇÃO INFANTIL;12;Educação;365;Educação Infantil;964;4.4.50.41.00.00.00.00;CONTRIBUIÇÕES;1.500.000.0000;RECURSOS NÃO VINCULADOS DE IMPOSTOS;0,00
PREFEITURA MUNICIPAL DE BARBACENA;14.001;SEDEC;2.463;APOIO A CRECHE SÃO PAULO DA CRUZ;14;GESTÃO DA EDUCAÇÃO INFANTIL;12;Educação;365;Educação Infantil;964;4.4.50.41.00.00.00.00;CONTRIBUIÇÕES;1.500.000.1001;RECURSOS NÃO VINCULADOS DE IMPOSTOS (EDUCAÇÃO);0,00
PREFEITURA MUNICIPAL DE BARBACENA;14.001;SEDEC;1.450;AQUISIÇÃO DE UNIFORMES PARA ECIM CAIC;15;GESTÃO DO ENSINO FUNDAMENTAL;12;Educação;361;Ensino Fundamental;124;3.3.90.30.00.00.00.00;MATERIAL DE CONSUMO;1.500.000.1001;RECURSOS NÃO VINCULADOS DE IMPOSTOS (EDUCAÇÃO);20.000,00
PREFEITURA MUNICIPAL DE BARBACENA;14.001;SEDEC;1.450;AQUISIÇÃO DE UNIFORMES PARA ECIM CAIC;15;GESTÃO DO ENSINO FUNDAMENTAL;12;Educação;361;Ensino Fundamental;124;3.3.90.30.00.00.00.00;MATERIAL DE CONSUMO;1.550.000.0000;QESE - TRANSFERÊNCIA DO SALÁRIO-EDUCAÇÃO;10.000,00
PREFEITURA MUNICIPAL DE BARBACENA;14.001;SEDEC;2.202;TRANSPORTE ESCOLAR DO ENSINO FUNDAMENTAL;15;GESTÃO DO ENSINO FUNDAMENTAL;12;Educação;361;Ensino Fundamental;125;3.3.90.30.00.00.00.00;MATERIAL DE CONSUMO;1.500.000.1001;RECURSOS NÃO VINCULADOS DE IMPOSTOS (EDUCAÇÃO);350.000,00
PREFEITURA MUNICIPAL DE BARBACENA;14.001;SEDEC;2.202;TRANSPORTE ESCOLAR DO ENSINO FUNDAMENTAL;15;GESTÃO DO ENSINO FUNDAMENTAL;12;Educação;361;Ensino Fundamental;125;3.3.90.30.00.00.00.00;MATERIAL DE CONSUMO;1.550.000.0000;QESE - TRANSFERÊNCIA DO SALÁRIO-EDUCAÇÃO;200.000,00
PREFEITURA MUNICIPAL DE BARBACENA;14.001;SEDEC;2.202;TRANSPORTE ESCOLAR DO ENSINO FUNDAMENTAL;15;GESTÃO DO ENSINO FUNDAMENTAL;12;Educação;361;Ensino Fundamental;125;3.3.90.30.00.00.00.00;MATERIAL DE CONSUMO;1.553.000.0000;PNATE - TRANSFERÊNCIAS DE RECURSOS DO FNDE REFERENTES AO PROGRAMA NACIONAL DE APOIO AO TRANSPORTE ESCOLAR;0,00
PREFEITURA MUNICIPAL DE BARBACENA;14.001;SEDEC;2.202;TRANSPORTE ESCOLAR DO ENSINO FUNDAMENTAL;15;GESTÃO DO ENSINO FUNDAMENTAL;12;Educação;361;Ensino Fundamental;125;3.3.90.30.00.00.00.00;MATERIAL DE CONSUMO;1.576.001.0000;PTE- TRANSFERÊNCIAS DE RECURSOS DOS ESTADOS PARA PROGRAMAS DE EDUCAÇÃO (TRANSFERÊNCIAS DE RECURSOS PARA O PROGRAMA ESTADUAL DE TRANSPORTE ESCOLAR);0,00
PREFEITURA MUNICIPAL DE BARBACENA;14.001;SEDEC;2.202;TRANSPORTE ESCOLAR DO ENSINO FUNDAMENTAL;15;GESTÃO DO ENSINO FUNDAMENTAL;12;Educação;361;Ensino Fundamental;126;3.3.90.34.00.00.00.00;OUTRAS DESP.DE PESSOAL DECOR.DE CONT.TERCEIRIZAÇÃO;1.500.000.1001;RECURSOS NÃO VINCULADOS DE IMPOSTOS (EDUCAÇÃO);2.000,00
PREFEITURA MUNICIPAL DE BARBACENA;14.001;SEDEC;2.202;TRANSPORTE ESCOLAR DO ENSINO FUNDAMENTAL;15;GESTÃO DO ENSINO FUNDAMENTAL;12;Educação;361;Ensino Fundamental;126;3.3.90.34.00.00.00.00;OUTRAS DESP.DE PESSOAL DECOR.DE CONT.TERCEIRIZAÇÃO;1.550.000.0000;QESE - TRANSFERÊNCIA DO SALÁRIO-EDUCAÇÃO;7.000,00
PREFEITURA MUNICIPAL DE BARBACENA;14.001;SEDEC;2.202;TRANSPORTE ESCOLAR DO ENSINO FUNDAMENTAL;15;GESTÃO DO ENSINO FUNDAMENTAL;12;Educação;361;Ensino Fundamental;126;3.3.90.34.00.00.00.00;OUTRAS DESP.DE PESSOAL DECOR.DE CONT.TERCEIRIZAÇÃO;1.553.000.0000;PNATE - TRANSFERÊNCIAS DE RECURSOS DO FNDE REFERENTES AO PROGRAMA NACIONAL DE APOIO AO TRANSPORTE ESCOLAR;3.000,00
PREFEITURA MUNICIPAL DE BARBACENA;14.001;SEDEC;2.202;TRANSPORTE ESCOLAR DO ENSINO FUNDAMENTAL;15;GESTÃO DO ENSINO FUNDAMENTAL;12;Educação;361;Ensino Fundamental;126;3.3.90.34.00.00.00.00;OUTRAS DESP.DE PESSOAL DECOR.DE CONT.TERCEIRIZAÇÃO;1.570.000.0000;TRANSFERÊNCIAS DO GOVERNO FEDERAL REFERENTES A CONVÊNIOS E INSTRUMENTOS CONGÊNERES VINCULADOS À EDUCAÇÃO;5.000,00
PREFEITURA MUNICIPAL DE BARBACENA;14.001;SEDEC;2.202;TRANSPORTE ESCOLAR DO ENSINO FUNDAMENTAL;15;GESTÃO DO ENSINO FUNDAMENTAL;12;Educação;361;Ensino Fundamental;127;3.3.90.36.00.00.00.00;OUTROS SERVIÇOS DE TERCEIROS - PESSOA FÍSICA;1.500.000.1001;RECURSOS NÃO VINCULADOS DE IMPOSTOS (EDUCAÇÃO);550.000,00
PREFEITURA MUNICIPAL DE BARBACENA;14.001;SEDEC;2.202;TRANSPORTE ESCOLAR DO ENSINO FUNDAMENTAL;15;GESTÃO DO ENSINO FUNDAMENTAL;12;Educação;361;Ensino Fundamental;127;3.3.90.36.00.00.00.00;OUTROS SERVIÇOS DE TERCEIROS - PESSOA FÍSICA;1.550.000.0000;QESE - TRANSFERÊNCIA DO SALÁRIO-EDUCAÇÃO;1.700.000,00
PREFEITURA MUNICIPAL DE BARBACENA;14.001;SEDEC;2.202;TRANSPORTE ESCOLAR DO ENSINO FUNDAMENTAL;15;GESTÃO DO ENSINO FUNDAMENTAL;12;Educação;361;Ensino Fundamental;127;3.3.90.36.00.00.00.00;OUTROS SERVIÇOS DE TERCEIROS - PESSOA FÍSICA;1.553.000.0000;PNATE - TRANSFERÊNCIAS DE RECURSOS DO FNDE REFERENTES AO PROGRAMA NACIONAL DE APOIO AO TRANSPORTE ESCOLAR;72.724,46
PREFEITURA MUNICIPAL DE BARBACENA;14.001;SEDEC;2.202;TRANSPORTE ESCOLAR DO ENSINO FUNDAMENTAL;15;GESTÃO DO ENSINO FUNDAMENTAL;12;Educação;361;Ensino Fundamental;127;3.3.90.36.00.00.00.00;OUTROS SERVIÇOS DE TERCEIROS - PESSOA FÍSICA;1.570.000.0000;TRANSFERÊNCIAS DO GOVERNO FEDERAL REFERENTES A CONVÊNIOS E INSTRUMENTOS CONGÊNERES VINCULADOS À EDUCAÇÃO;20.000,00
PREFEITURA MUNICIPAL DE BARBACENA;14.001;SEDEC;2.202;TRANSPORTE ESCOLAR DO ENSINO FUNDAMENTAL;15;GESTÃO DO ENSINO FUNDAMENTAL;12;Educação;361;Ensino Fundamental;127;3.3.90.36.00.00.00.00;OUTROS SERVIÇOS DE TERCEIROS - PESSOA FÍSICA;1.576.001.0000;PTE- TRANSFERÊNCIAS DE RECURSOS DOS ESTADOS PARA PROGRAMAS DE EDUCAÇÃO (TRANSFERÊNCIAS DE RECURSOS PARA O PROGRAMA ESTADUAL DE TRANSPORTE ESCOLAR);380.000,00
PREFEITURA MUNICIPAL DE BARBACENA;14.001;SEDEC;2.202;TRANSPORTE ESCOLAR DO ENSINO FUNDAMENTAL;15;GESTÃO DO ENSINO FUNDAMENTAL;12;Educação;361;Ensino Fundamental;128;3.3.90.39.00.00.00.00;OUTROS SERVIÇOS DE TERCEIROS - PESSOA JURÍDICA;1.500.000.0000;RECURSOS NÃO VINCULADOS DE IMPOSTOS;0,00
PREFEITURA MUNICIPAL DE BARBACENA;14.001;SEDEC;2.202;TRANSPORTE ESCOLAR DO ENSINO FUNDAMENTAL;15;GESTÃO DO ENSINO FUNDAMENTAL;12;Educação;361;Ensino Fundamental;128;3.3.90.39.00.00.00.00;OUTROS SERVIÇOS DE TERCEIROS - PESSOA JURÍDICA;1.500.000.1001;RECURSOS NÃO VINCULADOS DE IMPOSTOS (EDUCAÇÃO);1.957.662,99
PREFEITURA MUNICIPAL DE BARBACENA;14.001;SEDEC;2.202;TRANSPORTE ESCOLAR DO ENSINO FUNDAMENTAL;15;GESTÃO DO ENSINO FUNDAMENTAL;12;Educação;361;Ensino Fundamental;128;3.3.90.39.00.00.00.00;OUTROS SERVIÇOS DE TERCEIROS - PESSOA JURÍDICA;1.550.000.0000;QESE - TRANSFERÊNCIA DO SALÁRIO-EDUCAÇÃO;350.000,00
PREFEITURA MUNICIPAL DE BARBACENA;14.001;SEDEC;2.202;TRANSPORTE ESCOLAR DO ENSINO FUNDAMENTAL;15;GESTÃO DO ENSINO FUNDAMENTAL;12;Educação;361;Ensino Fundamental;128;3.3.90.39.00.00.00.00;OUTROS SERVIÇOS DE TERCEIROS - PESSOA JURÍDICA;1.553.000.0000;PNATE - TRANSFERÊNCIAS DE RECURSOS DO FNDE REFERENTES AO PROGRAMA NACIONAL DE APOIO AO TRANSPORTE ESCOLAR;124.637,78
PREFEITURA MUNICIPAL DE BARBACENA;14.001;SEDEC;2.202;TRANSPORTE ESCOLAR DO ENSINO FUNDAMENTAL;15;GESTÃO DO ENSINO FUNDAMENTAL;12;Educação;361;Ensino Fundamental;128;3.3.90.39.00.00.00.00;OUTROS SERVIÇOS DE TERCEIROS - PESSOA JURÍDICA;1.569.000.0000;OUTRAS TRANSFERÊNCIAS DE RECURSOS DO FNDE;45.000,00
PREFEITURA MUNICIPAL DE BARBACENA;14.001;SEDEC;2.202;TRANSPORTE ESCOLAR DO ENSINO FUNDAMENTAL;15;GESTÃO DO ENSINO FUNDAMENTAL;12;Educação;361;Ensino Fundamental;128;3.3.90.39.00.00.00.00;OUTROS SERVIÇOS DE TERCEIROS - PESSOA JURÍDICA;1.570.000.0000;TRANSFERÊNCIAS DO GOVERNO FEDERAL REFERENTES A CONVÊNIOS E INSTRUMENTOS CONGÊNERES VINCULADOS À EDUCAÇÃO;74.951,74
PREFEITURA MUNICIPAL DE BARBACENA;14.001;SEDEC;2.202;TRANSPORTE ESCOLAR DO ENSINO FUNDAMENTAL;15;GESTÃO DO ENSINO FUNDAMENTAL;12;Educação;361;Ensino Fundamental;128;3.3.90.39.00.00.00.00;OUTROS SERVIÇOS DE TERCEIROS - PESSOA JURÍDICA;1.576.001.0000;PTE- TRANSFERÊNCIAS DE RECURSOS DOS ESTADOS PARA PROGRAMAS DE EDUCAÇÃO (TRANSFERÊNCIAS DE RECURSOS PARA O PROGRAMA ESTADUAL DE TRANSPORTE ESCOLAR);627.083,46
PREFEITURA MUNICIPAL DE BARBACENA;14.001;SEDEC;2.202;TRANSPORTE ESCOLAR DO ENSINO FUNDAMENTAL;15;GESTÃO DO ENSINO FUNDAMENTAL;12;Educação;361;Ensino Fundamental;129;3.3.90.47.00.00.00.00;OBRIGAÇÕES TRIBUTÁRIAS E CONTRIBUTIVAS;1.500.000.1001;RECURSOS NÃO VINCULADOS DE IMPOSTOS (EDUCAÇÃO);75.000,00
PREFEITURA MUNICIPAL DE BARBACENA;14.001;SEDEC;2.202;TRANSPORTE ESCOLAR DO ENSINO FUNDAMENTAL;15;GESTÃO DO ENSINO FUNDAMENTAL;12;Educação;361;Ensino Fundamental;129;3.3.90.47.00.00.00.00;OBRIGAÇÕES TRIBUTÁRIAS E CONTRIBUTIVAS;1.550.000.0000;QESE - TRANSFERÊNCIA DO SALÁRIO-EDUCAÇÃO;20.000,00
PREFEITURA MUNICIPAL DE BARBACENA;14.001;SEDEC;2.202;TRANSPORTE ESCOLAR DO ENSINO FUNDAMENTAL;15;GESTÃO DO ENSINO FUNDAMENTAL;12;Educação;361;Ensino Fundamental;130;3.3.90.92.00.00.00.00;DESPESAS DE EXERCÍCIOS ANTERIORES;1.500.000.1001;RECURSOS NÃO VINCULADOS DE IMPOSTOS (EDUCAÇÃO);2.500,00
PREFEITURA MUNICIPAL DE BARBACENA;14.001;SEDEC;2.202;TRANSPORTE ESCOLAR DO ENSINO FUNDAMENTAL;15;GESTÃO DO ENSINO FUNDAMENTAL;12;Educação;361;Ensino Fundamental;130;3.3.90.92.00.00.00.00;DESPESAS DE EXERCÍCIOS ANTERIORES;1.550.000.0000;QESE - TRANSFERÊNCIA DO SALÁRIO-EDUCAÇÃO;3.000,00
PREFEITURA MUNICIPAL DE BARBACENA;14.001;SEDEC;2.202;TRANSPORTE ESCOLAR DO ENSINO FUNDAMENTAL;15;GESTÃO DO ENSINO FUNDAMENTAL;12;Educação;361;Ensino Fundamental;131;3.3.90.93.00.00.00.00;INDENIZAÇÕES E RESTITUIÇÕES;1.500.000.1001;RECURSOS NÃO VINCULADOS DE IMPOSTOS (EDUCAÇÃO);1.000,00
PREFEITURA MUNICIPAL DE BARBACENA;14.001;SEDEC;2.202;TRANSPORTE ESCOLAR DO ENSINO FUNDAMENTAL;15;GESTÃO DO ENSINO FUNDAMENTAL;12;Educação;361;Ensino Fundamental;131;3.3.90.93.00.00.00.00;INDENIZAÇÕES E RESTITUIÇÕES;1.550.000.0000;QESE - TRANSFERÊNCIA DO SALÁRIO-EDUCAÇÃO;2.000,00
PREFEITURA MUNICIPAL DE BARBACENA;14.001;SEDEC;2.202;TRANSPORTE ESCOLAR DO ENSINO FUNDAMENTAL;15;GESTÃO DO ENSINO FUNDAMENTAL;12;Educação;361;Ensino Fundamental;131;3.3.90.93.00.00.00.00;INDENIZAÇÕES E RESTITUIÇÕES;1.570.000.0000;TRANSFERÊNCIAS DO GOVERNO FEDERAL REFERENTES A CONVÊNIOS E INSTRUMENTOS CONGÊNERES VINCULADOS À EDUCAÇÃO;3.000,00
PREFEITURA MUNICIPAL DE BARBACENA;14.001;SEDEC;2.202;TRANSPORTE ESCOLAR DO ENSINO FUNDAMENTAL;15;GESTÃO DO ENSINO FUNDAMENTAL;12;Educação;361;Ensino Fundamental;132;4.4.90.52.00.00.00.00;EQUIPAMENTOS E MATERIAL PERMANENTE;1.500.000.1001;RECURSOS NÃO VINCULADOS DE IMPOSTOS (EDUCAÇÃO);50.000,00
PREFEITURA MUNICIPAL DE BARBACENA;14.001;SEDEC;2.202;TRANSPORTE ESCOLAR DO ENSINO FUNDAMENTAL;15;GESTÃO DO ENSINO FUNDAMENTAL;12;Educação;361;Ensino Fundamental;132;4.4.90.52.00.00.00.00;EQUIPAMENTOS E MATERIAL PERMANENTE;1.571.000.0000;TRANSFERÊNCIAS DO ESTADO REFERENTES A CONVÊNIOS E INSTRUMENTOS CONGÊNERES VINCULADOS À EDUCAÇÃO;5.000,00
PREFEITURA MUNICIPAL DE BARBACENA;14.001;SEDEC;2.202;TRANSPORTE ESCOLAR DO ENSINO FUNDAMENTAL;15;GESTÃO DO ENSINO FUNDAMENTAL;12;Educação;361;Ensino Fundamental;132;4.4.90.52.00.00.00.00;EQUIPAMENTOS E MATERIAL PERMANENTE;2.751.000.0000;RECURSOS DA CONTRIBUIÇÃO PARA O CUSTEIO DO SERVIÇO DE ILUMINAÇÃO PÚBLICA - COSIP;0,00
PREFEITURA MUNICIPAL DE BARBACENA;14.001;SEDEC;2.203;MANUTENÇAO DAS UNIDADES DE ENSINO FUNDAMENTAL;15;GESTÃO DO ENSINO FUNDAMENTAL;12;Educação;361;Ensino Fundamental;133;3.3.90.30.00.00.00.00;MATERIAL DE CONSUMO;1.500.000.0000;RECURSOS NÃO VINCULADOS DE IMPOSTOS;0,00
PREFEITURA MUNICIPAL DE BARBACENA;14.001;SEDEC;2.203;MANUTENÇAO DAS UNIDADES DE ENSINO FUNDAMENTAL;15;GESTÃO DO ENSINO FUNDAMENTAL;12;Educação;361;Ensino Fundamental;133;3.3.90.30.00.00.00.00;MATERIAL DE CONSUMO;1.500.000.1001;RECURSOS NÃO VINCULADOS DE IMPOSTOS (EDUCAÇÃO);200.000,00
PREFEITURA MUNICIPAL DE BARBACENA;14.001;SEDEC;2.203;MANUTENÇAO DAS UNIDADES DE ENSINO FUNDAMENTAL;15;GESTÃO DO ENSINO FUNDAMENTAL;12;Educação;361;Ensino Fundamental;133;3.3.90.30.00.00.00.00;MATERIAL DE CONSUMO;1.550.000.0000;QESE - TRANSFERÊNCIA DO SALÁRIO-EDUCAÇÃO;165.000,00
PREFEITURA MUNICIPAL DE BARBACENA;14.001;SEDEC;2.203;MANUTENÇAO DAS UNIDADES DE ENSINO FUNDAMENTAL;15;GESTÃO DO ENSINO FUNDAMENTAL;12;Educação;361;Ensino Fundamental;133;3.3.90.30.00.00.00.00;MATERIAL DE CONSUMO;1.552.000.0000;PNAE - TRANSFERÊNCIAS DE RECURSOS DO FNDE REFERENTES AO PROGRAMA NACIONAL DE ALIMENTAÇÃO ESCOLAR;617.067,90
PREFEITURA MUNICIPAL DE BARBACENA;14.001;SEDEC;2.203;MANUTENÇAO DAS UNIDADES DE ENSINO FUNDAMENTAL;15;GESTÃO DO ENSINO FUNDAMENTAL;12;Educação;361;Ensino Fundamental;133;3.3.90.30.00.00.00.00;MATERIAL DE CONSUMO;1.569.000.0000;OUTRAS TRANSFERÊNCIAS DE RECURSOS DO FNDE;5.000,00
PREFEITURA MUNICIPAL DE BARBACENA;14.001;SEDEC;2.203;MANUTENÇAO DAS UNIDADES DE ENSINO FUNDAMENTAL;15;GESTÃO DO ENSINO FUNDAMENTAL;12;Educação;361;Ensino Fundamental;133;3.3.90.30.00.00.00.00;MATERIAL DE CONSUMO;2.500.000.1001;RECURSOS NÃO VINCULADOS DE IMPOSTOS (EDUCAÇÃO);0,00
PREFEITURA MUNICIPAL DE BARBACENA;14.001;SEDEC;2.203;MANUTENÇAO DAS UNIDADES DE ENSINO FUNDAMENTAL;15;GESTÃO DO ENSINO FUNDAMENTAL;12;Educação;361;Ensino Fundamental;133;3.3.90.30.00.00.00.00;MATERIAL DE CONSUMO;2.550.000.0000;QESE - TRANSFERÊNCIA DO SALÁRIO-EDUCAÇÃO;0,00
PREFEITURA MUNICIPAL DE BARBACENA;14.001;SEDEC;2.203;MANUTENÇAO DAS UNIDADES DE ENSINO FUNDAMENTAL;15;GESTÃO DO ENSINO FUNDAMENTAL;12;Educação;361;Ensino Fundamental;134;3.3.90.36.00.00.00.00;OUTROS SERVIÇOS DE TERCEIROS - PESSOA FÍSICA;1.550.000.0000;QESE - TRANSFERÊNCIA DO SALÁRIO-EDUCAÇÃO;3.000,00
PREFEITURA MUNICIPAL DE BARBACENA;14.001;SEDEC;2.203;MANUTENÇAO DAS UNIDADES DE ENSINO FUNDAMENTAL;15;GESTÃO DO ENSINO FUNDAMENTAL;12;Educação;361;Ensino Fundamental;135;3.3.90.39.00.00.00.00;OUTROS SERVIÇOS DE TERCEIROS - PESSOA JURÍDICA;1.500.000.1001;RECURSOS NÃO VINCULADOS DE IMPOSTOS (EDUCAÇÃO);476.584,94
PREFEITURA MUNICIPAL DE BARBACENA;14.001;SEDEC;2.203;MANUTENÇAO DAS UNIDADES DE ENSINO FUNDAMENTAL;15;GESTÃO DO ENSINO FUNDAMENTAL;12;Educação;361;Ensino Fundamental;135;3.3.90.39.00.00.00.00;OUTROS SERVIÇOS DE TERCEIROS - PESSOA JURÍDICA;1.550.000.0000;QESE - TRANSFERÊNCIA DO SALÁRIO-EDUCAÇÃO;30.000,00
PREFEITURA MUNICIPAL DE BARBACENA;14.001;SEDEC;2.203;MANUTENÇAO DAS UNIDADES DE ENSINO FUNDAMENTAL;15;GESTÃO DO ENSINO FUNDAMENTAL;12;Educação;361;Ensino Fundamental;136;3.3.90.92.00.00.00.00;DESPESAS DE EXERCÍCIOS ANTERIORES;1.500.000.1001;RECURSOS NÃO VINCULADOS DE IMPOSTOS (EDUCAÇÃO);3.147,95
PREFEITURA MUNICIPAL DE BARBACENA;14.001;SEDEC;2.203;MANUTENÇAO DAS UNIDADES DE ENSINO FUNDAMENTAL;15;GESTÃO DO ENSINO FUNDAMENTAL;12;Educação;361;Ensino Fundamental;137;3.3.90.93.00.00.00.00;INDENIZAÇÕES E RESTITUIÇÕES;1.569.000.0000;OUTRAS TRANSFERÊNCIAS DE RECURSOS DO FNDE;39.439,74
PREFEITURA MUNICIPAL DE BARBACENA;14.001;SEDEC;2.203;MANUTENÇAO DAS UNIDADES DE ENSINO FUNDAMENTAL;15;GESTÃO DO ENSINO FUNDAMENTAL;12;Educação;361;Ensino Fundamental;138;4.4.90.51.00.00.00.00;OBRAS E INSTALAÇÕES;1.500.000.1001;RECURSOS NÃO VINCULADOS DE IMPOSTOS (EDUCAÇÃO);3.000,00
PREFEITURA MUNICIPAL DE BARBACENA;14.001;SEDEC;2.203;MANUTENÇAO DAS UNIDADES DE ENSINO FUNDAMENTAL;15;GESTÃO DO ENSINO FUNDAMENTAL;12;Educação;361;Ensino Fundamental;138;4.4.90.51.00.00.00.00;OBRAS E INSTALAÇÕES;1.550.000.0000;QESE - TRANSFERÊNCIA DO SALÁRIO-EDUCAÇÃO;15.000,00
PREFEITURA MUNICIPAL DE BARBACENA;14.001;SEDEC;2.203;MANUTENÇAO DAS UNIDADES DE ENSINO FUNDAMENTAL;15;GESTÃO DO ENSINO FUNDAMENTAL;12;Educação;361;Ensino Fundamental;139;4.4.90.52.00.00.00.00;EQUIPAMENTOS E MATERIAL PERMANENTE;1.500.000.1001;RECURSOS NÃO VINCULADOS DE IMPOSTOS (EDUCAÇÃO);250.000,00
PREFEITURA MUNICIPAL DE BARBACENA;14.001;SEDEC;2.203;MANUTENÇAO DAS UNIDADES DE ENSINO FUNDAMENTAL;15;GESTÃO DO ENSINO FUNDAMENTAL;12;Educação;361;Ensino Fundamental;139;4.4.90.52.00.00.00.00;EQUIPAMENTOS E MATERIAL PERMANENTE;1.540.000.0000;TRANSFERÊNCIAS DO FUNDEB - IMPOSTOS E TRANSFERÊNCIAS DE IMPOSTOS (30%);8.852,05
PREFEITURA MUNICIPAL DE BARBACENA;14.001;SEDEC;2.203;MANUTENÇAO DAS UNIDADES DE ENSINO FUNDAMENTAL;15;GESTÃO DO ENSINO FUNDAMENTAL;12;Educação;361;Ensino Fundamental;139;4.4.90.52.00.00.00.00;EQUIPAMENTOS E MATERIAL PERMANENTE;1.550.000.0000;QESE - TRANSFERÊNCIA DO SALÁRIO-EDUCAÇÃO;1.000,00
PREFEITURA MUNICIPAL DE BARBACENA;14.001;SEDEC;2.203;MANUTENÇAO DAS UNIDADES DE ENSINO FUNDAMENTAL;15;GESTÃO DO ENSINO FUNDAMENTAL;12;Educação;361;Ensino Fundamental;139;4.4.90.52.00.00.00.00;EQUIPAMENTOS E MATERIAL PERMANENTE;1.569.000.0000;OUTRAS TRANSFERÊNCIAS DE RECURSOS DO FNDE;150.000,00
PREFEITURA MUNICIPAL DE BARBACENA;14.001;SEDEC;2.203;MANUTENÇAO DAS UNIDADES DE ENSINO FUNDAMENTAL;15;GESTÃO DO ENSINO FUNDAMENTAL;12;Educação;361;Ensino Fundamental;139;4.4.90.52.00.00.00.00;EQUIPAMENTOS E MATERIAL PERMANENTE;1.571.000.0000;TRANSFERÊNCIAS DO ESTADO REFERENTES A CONVÊNIOS E INSTRUMENTOS CONGÊNERES VINCULADOS À EDUCAÇÃO;4.895,48
PREFEITURA MUNICIPAL DE BARBACENA;14.001;SEDEC;2.204;PESSOAL E ENCARGOS SOCIAIS DO ENSINO FUNDAMENTAL;15;GESTÃO DO ENSINO FUNDAMENTAL;12;Educação;361;Ensino Fundamental;140;3.1.90.04.00.00.00.00;CONTRATAÇÃO POR TEMPO DETERMINADO;1.500.000.1001;RECURSOS NÃO VINCULADOS DE IMPOSTOS (EDUCAÇÃO);2.927.038,85
PREFEITURA MUNICIPAL DE BARBACENA;14.001;SEDEC;2.204;PESSOAL E ENCARGOS SOCIAIS DO ENSINO FUNDAMENTAL;15;GESTÃO DO ENSINO FUNDAMENTAL;12;Educação;361;Ensino Fundamental;140;3.1.90.04.00.00.00.00;CONTRATAÇÃO POR TEMPO DETERMINADO;1.540.000.0000;TRANSFERÊNCIAS DO FUNDEB - IMPOSTOS E TRANSFERÊNCIAS DE IMPOSTOS (30%);3.867,88
PREFEITURA MUNICIPAL DE BARBACENA;14.001;SEDEC;2.204;PESSOAL E ENCARGOS SOCIAIS DO ENSINO FUNDAMENTAL;15;GESTÃO DO ENSINO FUNDAMENTAL;12;Educação;361;Ensino Fundamental;140;3.1.90.04.00.00.00.00;CONTRATAÇÃO POR TEMPO DETERMINADO;1.540.000.1070;TRANSFERÊNCIAS DO FUNDEB - IMPOSTOS E TRANSFERÊNCIAS DE IMPOSTOS (70% -PAGTO DA REMUNERAÇÃO DOS PROFISSIONAIS DA EDUCAÇÃO BÁSICA EM EFETIVO EXERCÍCIO);7.596.149,27
PREFEITURA MUNICIPAL DE BARBACENA;14.001;SEDEC;2.204;PESSOAL E ENCARGOS SOCIAIS DO ENSINO FUNDAMENTAL;15;GESTÃO DO ENSINO FUNDAMENTAL;12;Educação;361;Ensino Fundamental;141;3.1.90.11.00.00.00.00;VENCIMENTOS E VANTAGENS FIXAS - PESSOAL CIVIL;1.500.000.1001;RECURSOS NÃO VINCULADOS DE IMPOSTOS (EDUCAÇÃO);5.534.835,41
PREFEITURA MUNICIPAL DE BARBACENA;14.001;SEDEC;2.204;PESSOAL E ENCARGOS SOCIAIS DO ENSINO FUNDAMENTAL;15;GESTÃO DO ENSINO FUNDAMENTAL;12;Educação;361;Ensino Fundamental;141;3.1.90.11.00.00.00.00;VENCIMENTOS E VANTAGENS FIXAS - PESSOAL CIVIL;1.540.000.0000;TRANSFERÊNCIAS DO FUNDEB - IMPOSTOS E TRANSFERÊNCIAS DE IMPOSTOS (30%);906.271,59
PREFEITURA MUNICIPAL DE BARBACENA;14.001;SEDEC;2.204;PESSOAL E ENCARGOS SOCIAIS DO ENSINO FUNDAMENTAL;15;GESTÃO DO ENSINO FUNDAMENTAL;12;Educação;361;Ensino Fundamental;141;3.1.90.11.00.00.00.00;VENCIMENTOS E VANTAGENS FIXAS - PESSOAL CIVIL;1.540.000.1070;TRANSFERÊNCIAS DO FUNDEB - IMPOSTOS E TRANSFERÊNCIAS DE IMPOSTOS (70% -PAGTO DA REMUNERAÇÃO DOS PROFISSIONAIS DA EDUCAÇÃO BÁSICA EM EFETIVO EXERCÍCIO);18.815.982,06
PREFEITURA MUNICIPAL DE BARBACENA;14.001;SEDEC;2.204;PESSOAL E ENCARGOS SOCIAIS DO ENSINO FUNDAMENTAL;15;GESTÃO DO ENSINO FUNDAMENTAL;12;Educação;361;Ensino Fundamental;142;3.1.90.92.00.00.00.00;DESPESAS DE EXERCÍCIOS ANTERIORES;1.500.000.1001;RECURSOS NÃO VINCULADOS DE IMPOSTOS (EDUCAÇÃO);2.000,00
PREFEITURA MUNICIPAL DE BARBACENA;14.001;SEDEC;2.204;PESSOAL E ENCARGOS SOCIAIS DO ENSINO FUNDAMENTAL;15;GESTÃO DO ENSINO FUNDAMENTAL;12;Educação;361;Ensino Fundamental;143;3.1.91.13.00.00.00.00;OBRIGAÇÕES PATRONAIS;1.500.000.1001;RECURSOS NÃO VINCULADOS DE IMPOSTOS (EDUCAÇÃO);1.469.803,73
PREFEITURA MUNICIPAL DE BARBACENA;14.001;SEDEC;2.204;PESSOAL E ENCARGOS SOCIAIS DO ENSINO FUNDAMENTAL;15;GESTÃO DO ENSINO FUNDAMENTAL;12;Educação;361;Ensino Fundamental;143;3.1.91.13.00.00.00.00;OBRIGAÇÕES PATRONAIS;1.540.000.0000;TRANSFERÊNCIAS DO FUNDEB - IMPOSTOS E TRANSFERÊNCIAS DE IMPOSTOS (30%);235.510,96
PREFEITURA MUNICIPAL DE BARBACENA;14.001;SEDEC;2.204;PESSOAL E ENCARGOS SOCIAIS DO ENSINO FUNDAMENTAL;15;GESTÃO DO ENSINO FUNDAMENTAL;12;Educação;361;Ensino Fundamental;143;3.1.91.13.00.00.00.00;OBRIGAÇÕES PATRONAIS;1.540.000.1070;TRANSFERÊNCIAS DO FUNDEB - IMPOSTOS E TRANSFERÊNCIAS DE IMPOSTOS (70% -PAGTO DA REMUNERAÇÃO DOS PROFISSIONAIS DA EDUCAÇÃO BÁSICA EM EFETIVO EXERCÍCIO);5.162.279,87
PREFEITURA MUNICIPAL DE BARBACENA;14.001;SEDEC;2.204;PESSOAL E ENCARGOS SOCIAIS DO ENSINO FUNDAMENTAL;15;GESTÃO DO ENSINO FUNDAMENTAL;12;Educação;361;Ensino Fundamental;144;3.3.90.08.00.00.00.00;OUTROS BENEFÍCIOS ASSISTENCIAIS-SERVIDOR/MILITAR;1.500.000.1001;RECURSOS NÃO VINCULADOS DE IMPOSTOS (EDUCAÇÃO);5.000,00
PREFEITURA MUNICIPAL DE BARBACENA;14.001;SEDEC;2.204;PESSOAL E ENCARGOS SOCIAIS DO ENSINO FUNDAMENTAL;15;GESTÃO DO ENSINO FUNDAMENTAL;12;Educação;361;Ensino Fundamental;144;3.3.90.08.00.00.00.00;OUTROS BENEFÍCIOS ASSISTENCIAIS-SERVIDOR/MILITAR;1.540.000.0000;TRANSFERÊNCIAS DO FUNDEB - IMPOSTOS E TRANSFERÊNCIAS DE IMPOSTOS (30%);12.998,70
PREFEITURA MUNICIPAL DE BARBACENA;14.001;SEDEC;2.204;PESSOAL E ENCARGOS SOCIAIS DO ENSINO FUNDAMENTAL;15;GESTÃO DO ENSINO FUNDAMENTAL;12;Educação;361;Ensino Fundamental;144;3.3.90.08.00.00.00.00;OUTROS BENEFÍCIOS ASSISTENCIAIS-SERVIDOR/MILITAR;1.540.000.1070;TRANSFERÊNCIAS DO FUNDEB - IMPOSTOS E TRANSFERÊNCIAS DE IMPOSTOS (70% -PAGTO DA REMUNERAÇÃO DOS PROFISSIONAIS DA EDUCAÇÃO BÁSICA EM EFETIVO EXERCÍCIO);10.000,00
PREFEITURA MUNICIPAL DE BARBACENA;14.001;SEDEC;2.204;PESSOAL E ENCARGOS SOCIAIS DO ENSINO FUNDAMENTAL;15;GESTÃO DO ENSINO FUNDAMENTAL;12;Educação;361;Ensino Fundamental;145;3.3.90.18.00.00.00.00;AUXÍLIO FINANCEIRO A ESTUDANTES;1.540.000.0000;TRANSFERÊNCIAS DO FUNDEB - IMPOSTOS E TRANSFERÊNCIAS DE IMPOSTOS (30%);0,00
PREFEITURA MUNICIPAL DE BARBACENA;14.001;SEDEC;2.204;PESSOAL E ENCARGOS SOCIAIS DO ENSINO FUNDAMENTAL;15;GESTÃO DO ENSINO FUNDAMENTAL;12;Educação;361;Ensino Fundamental;145;3.3.90.18.00.00.00.00;AUXÍLIO FINANCEIRO A ESTUDANTES;1.540.000.1070;TRANSFERÊNCIAS DO FUNDEB - IMPOSTOS E TRANSFERÊNCIAS DE IMPOSTOS (70% -PAGTO DA REMUNERAÇÃO DOS PROFISSIONAIS DA EDUCAÇÃO BÁSICA EM EFETIVO EXERCÍCIO);1.000,00
PREFEITURA MUNICIPAL DE BARBACENA;14.001;SEDEC;2.204;PESSOAL E ENCARGOS SOCIAIS DO ENSINO FUNDAMENTAL;15;GESTÃO DO ENSINO FUNDAMENTAL;12;Educação;361;Ensino Fundamental;146;3.3.90.46.00.00.00.00;AUXÍLIO-ALIMENTAÇÃO;1.500.000.1001;RECURSOS NÃO VINCULADOS DE IMPOSTOS (EDUCAÇÃO);50.000,00
PREFEITURA MUNICIPAL DE BARBACENA;14.001;SEDEC;2.204;PESSOAL E ENCARGOS SOCIAIS DO ENSINO FUNDAMENTAL;15;GESTÃO DO ENSINO FUNDAMENTAL;12;Educação;361;Ensino Fundamental;146;3.3.90.46.00.00.00.00;AUXÍLIO-ALIMENTAÇÃO;1.540.000.0000;TRANSFERÊNCIAS DO FUNDEB - IMPOSTOS E TRANSFERÊNCIAS DE IMPOSTOS (30%);1.280.622,47
PREFEITURA MUNICIPAL DE BARBACENA;14.001;SEDEC;2.204;PESSOAL E ENCARGOS SOCIAIS DO ENSINO FUNDAMENTAL;15;GESTÃO DO ENSINO FUNDAMENTAL;12;Educação;361;Ensino Fundamental;146;3.3.90.46.00.00.00.00;AUXÍLIO-ALIMENTAÇÃO;1.540.000.1070;TRANSFERÊNCIAS DO FUNDEB - IMPOSTOS E TRANSFERÊNCIAS DE IMPOSTOS (70% -PAGTO DA REMUNERAÇÃO DOS PROFISSIONAIS DA EDUCAÇÃO BÁSICA EM EFETIVO EXERCÍCIO);0,00
PREFEITURA MUNICIPAL DE BARBACENA;14.001;SEDEC;2.204;PESSOAL E ENCARGOS SOCIAIS DO ENSINO FUNDAMENTAL;15;GESTÃO DO ENSINO FUNDAMENTAL;12;Educação;361;Ensino Fundamental;146;3.3.90.46.00.00.00.00;AUXÍLIO-ALIMENTAÇÃO;2.540.000.0000;TRANSFERÊNCIAS DO FUNDEB - IMPOSTOS E TRANSFERÊNCIAS DE IMPOSTOS (30%);0,00
PREFEITURA MUNICIPAL DE BARBACENA;14.001;SEDEC;2.204;PESSOAL E ENCARGOS SOCIAIS DO ENSINO FUNDAMENTAL;15;GESTÃO DO ENSINO FUNDAMENTAL;12;Educação;361;Ensino Fundamental;915;3.3.90.39.00.00.00.00;OUTROS SERVIÇOS DE TERCEIROS - PESSOA JURÍDICA;1.500.000.1001;RECURSOS NÃO VINCULADOS DE IMPOSTOS (EDUCAÇÃO);0,00
PREFEITURA MUNICIPAL DE BARBACENA;14.001;SEDEC;2.094;TRANSPORTE ESCOLAR PARA EDUCACAO DE JOVENS E ADULTOS;16;GESTÃO DA EDUCAÇÃO DE JOVENS E ADULTOS;12;Educação;365;Educação Infantil;188;3.3.90.36.00.00.00.00;OUTROS SERVIÇOS DE TERCEIROS - PESSOA FÍSICA;1.553.000.0000;PNATE - TRANSFERÊNCIAS DE RECURSOS DO FNDE REFERENTES AO PROGRAMA NACIONAL DE APOIO AO TRANSPORTE ESCOLAR;1.000,00
PREFEITURA MUNICIPAL DE BARBACENA;14.001;SEDEC;2.094;TRANSPORTE ESCOLAR PARA EDUCACAO DE JOVENS E ADULTOS;16;GESTÃO DA EDUCAÇÃO DE JOVENS E ADULTOS;12;Educação;365;Educação Infantil;189;3.3.90.39.00.00.00.00;OUTROS SERVIÇOS DE TERCEIROS - PESSOA JURÍDICA;1.553.000.0000;PNATE - TRANSFERÊNCIAS DE RECURSOS DO FNDE REFERENTES AO PROGRAMA NACIONAL DE APOIO AO TRANSPORTE ESCOLAR;1.000,00
PREFEITURA MUNICIPAL DE BARBACENA;14.001;SEDEC;2.094;TRANSPORTE ESCOLAR PARA EDUCACAO DE JOVENS E ADULTOS;16;GESTÃO DA EDUCAÇÃO DE JOVENS E ADULTOS;12;Educação;365;Educação Infantil;189;3.3.90.39.00.00.00.00;OUTROS SERVIÇOS DE TERCEIROS - PESSOA JURÍDICA;1.570.000.0000;TRANSFERÊNCIAS DO GOVERNO FEDERAL REFERENTES A CONVÊNIOS E INSTRUMENTOS CONGÊNERES VINCULADOS À EDUCAÇÃO;2.000,00
PREFEITURA MUNICIPAL DE BARBACENA;14.001;SEDEC;2.081;MANUTENÇÃO DA EDUCAÇÃO DE JOVENS E ADULTOS;16;GESTÃO DA EDUCAÇÃO DE JOVENS E ADULTOS;12;Educação;366;Educação de Jovens e Adultos;194;3.3.90.30.00.00.00.00;MATERIAL DE CONSUMO;1.500.000.0000;RECURSOS NÃO VINCULADOS DE IMPOSTOS;0,00
PREFEITURA MUNICIPAL DE BARBACENA;14.001;SEDEC;2.081;MANUTENÇÃO DA EDUCAÇÃO DE JOVENS E ADULTOS;16;GESTÃO DA EDUCAÇÃO DE JOVENS E ADULTOS;12;Educação;366;Educação de Jovens e Adultos;194;3.3.90.30.00.00.00.00;MATERIAL DE CONSUMO;1.500.000.1001;RECURSOS NÃO VINCULADOS DE IMPOSTOS (EDUCAÇÃO);20.000,00
PREFEITURA MUNICIPAL DE BARBACENA;14.001;SEDEC;2.081;MANUTENÇÃO DA EDUCAÇÃO DE JOVENS E ADULTOS;16;GESTÃO DA EDUCAÇÃO DE JOVENS E ADULTOS;12;Educação;366;Educação de Jovens e Adultos;194;3.3.90.30.00.00.00.00;MATERIAL DE CONSUMO;1.550.000.0000;QESE - TRANSFERÊNCIA DO SALÁRIO-EDUCAÇÃO;1.000,00
PREFEITURA MUNICIPAL DE BARBACENA;14.001;SEDEC;2.081;MANUTENÇÃO DA EDUCAÇÃO DE JOVENS E ADULTOS;16;GESTÃO DA EDUCAÇÃO DE JOVENS E ADULTOS;12;Educação;366;Educação de Jovens e Adultos;194;3.3.90.30.00.00.00.00;MATERIAL DE CONSUMO;1.552.000.0000;PNAE - TRANSFERÊNCIAS DE RECURSOS DO FNDE REFERENTES AO PROGRAMA NACIONAL DE ALIMENTAÇÃO ESCOLAR;10.000,00
PREFEITURA MUNICIPAL DE BARBACENA;14.001;SEDEC;2.081;MANUTENÇÃO DA EDUCAÇÃO DE JOVENS E ADULTOS;16;GESTÃO DA EDUCAÇÃO DE JOVENS E ADULTOS;12;Educação;366;Educação de Jovens e Adultos;194;3.3.90.30.00.00.00.00;MATERIAL DE CONSUMO;1.569.000.0000;OUTRAS TRANSFERÊNCIAS DE RECURSOS DO FNDE;35.000,00
PREFEITURA MUNICIPAL DE BARBACENA;14.001;SEDEC;2.081;MANUTENÇÃO DA EDUCAÇÃO DE JOVENS E ADULTOS;16;GESTÃO DA EDUCAÇÃO DE JOVENS E ADULTOS;12;Educação;366;Educação de Jovens e Adultos;194;3.3.90.30.00.00.00.00;MATERIAL DE CONSUMO;2.550.000.0000;QESE - TRANSFERÊNCIA DO SALÁRIO-EDUCAÇÃO;0,00
PREFEITURA MUNICIPAL DE BARBACENA;14.001;SEDEC;2.081;MANUTENÇÃO DA EDUCAÇÃO DE JOVENS E ADULTOS;16;GESTÃO DA EDUCAÇÃO DE JOVENS E ADULTOS;12;Educação;366;Educação de Jovens e Adultos;195;3.3.90.39.00.00.00.00;OUTROS SERVIÇOS DE TERCEIROS - PESSOA JURÍDICA;1.500.000.1001;RECURSOS NÃO VINCULADOS DE IMPOSTOS (EDUCAÇÃO);2.000,00
PREFEITURA MUNICIPAL DE BARBACENA;14.001;SEDEC;2.081;MANUTENÇÃO DA EDUCAÇÃO DE JOVENS E ADULTOS;16;GESTÃO DA EDUCAÇÃO DE JOVENS E ADULTOS;12;Educação;366;Educação de Jovens e Adultos;196;3.3.90.93.00.00.00.00;INDENIZAÇÕES E RESTITUIÇÕES;1.569.000.0000;OUTRAS TRANSFERÊNCIAS DE RECURSOS DO FNDE;12.000,00
PREFEITURA MUNICIPAL DE BARBACENA;14.001;SEDEC;2.081;MANUTENÇÃO DA EDUCAÇÃO DE JOVENS E ADULTOS;16;GESTÃO DA EDUCAÇÃO DE JOVENS E ADULTOS;12;Educação;366;Educação de Jovens e Adultos;197;4.4.90.52.00.00.00.00;EQUIPAMENTOS E MATERIAL PERMANENTE;1.500.000.1001;RECURSOS NÃO VINCULADOS DE IMPOSTOS (EDUCAÇÃO);10.000,00
PREFEITURA MUNICIPAL DE BARBACENA;14.001;SEDEC;2.083;PESSOAL E ENCARGOS SOCIAIS DA EDUCACAO DE JOVENS E ADULTOS;16;GESTÃO DA EDUCAÇÃO DE JOVENS E ADULTOS;12;Educação;366;Educação de Jovens e Adultos;198;3.1.90.04.00.00.00.00;CONTRATAÇÃO POR TEMPO DETERMINADO;1.500.000.1001;RECURSOS NÃO VINCULADOS DE IMPOSTOS (EDUCAÇÃO);1.500,00
PREFEITURA MUNICIPAL DE BARBACENA;14.001;SEDEC;2.083;PESSOAL E ENCARGOS SOCIAIS DA EDUCACAO DE JOVENS E ADULTOS;16;GESTÃO DA EDUCAÇÃO DE JOVENS E ADULTOS;12;Educação;366;Educação de Jovens e Adultos;198;3.1.90.04.00.00.00.00;CONTRATAÇÃO POR TEMPO DETERMINADO;1.569.000.0000;OUTRAS TRANSFERÊNCIAS DE RECURSOS DO FNDE;50.000,00
PREFEITURA MUNICIPAL DE BARBACENA;14.001;SEDEC;2.083;PESSOAL E ENCARGOS SOCIAIS DA EDUCACAO DE JOVENS E ADULTOS;16;GESTÃO DA EDUCAÇÃO DE JOVENS E ADULTOS;12;Educação;366;Educação de Jovens e Adultos;199;3.1.90.11.00.00.00.00;VENCIMENTOS E VANTAGENS FIXAS - PESSOAL CIVIL;1.500.000.1001;RECURSOS NÃO VINCULADOS DE IMPOSTOS (EDUCAÇÃO);54.570,92
PREFEITURA MUNICIPAL DE BARBACENA;14.001;SEDEC;2.083;PESSOAL E ENCARGOS SOCIAIS DA EDUCACAO DE JOVENS E ADULTOS;16;GESTÃO DA EDUCAÇÃO DE JOVENS E ADULTOS;12;Educação;366;Educação de Jovens e Adultos;200;3.1.91.13.00.00.00.00;OBRIGAÇÕES PATRONAIS;1.500.000.1001;RECURSOS NÃO VINCULADOS DE IMPOSTOS (EDUCAÇÃO);15.279,86
PREFEITURA MUNICIPAL DE BARBACENA;14.001;SEDEC;2.083;PESSOAL E ENCARGOS SOCIAIS DA EDUCACAO DE JOVENS E ADULTOS;16;GESTÃO DA EDUCAÇÃO DE JOVENS E ADULTOS;12;Educação;366;Educação de Jovens e Adultos;201;3.3.90.46.00.00.00.00;AUXÍLIO-ALIMENTAÇÃO;1.500.000.1001;RECURSOS NÃO VINCULADOS DE IMPOSTOS (EDUCAÇÃO);3.575,00
PREFEITURA MUNICIPAL DE BARBACENA;14.001;SEDEC;2.476;INSTITUIR, REGULAMENTAR E IMPLEMENTAR PROGRAMA SAÚDE MENSTRUAL NA ESCOLAS PÚBLICAS;36;EDUCAÇÃO PARA A VIDA;12;Educação;122;Administração Geral;123;3.3.90.30.00.00.00.00;MATERIAL DE CONSUMO;1.500.000.1001;RECURSOS NÃO VINCULADOS DE IMPOSTOS (EDUCAÇÃO);50.000,00
PREFEITURA MUNICIPAL DE BARBACENA;14.001;SEDEC;2.084;FORMACAO CONTINUADA DE PROFISSIONAIS E GESTORES DA EDUCACAO BÁSICA;37;EDUCAÇÃO PARA TODOS;12;Educação;122;Administração Geral;121;3.3.90.39.00.00.00.00;OUTROS SERVIÇOS DE TERCEIROS - PESSOA JURÍDICA;1.500.000.1001;RECURSOS NÃO VINCULADOS DE IMPOSTOS (EDUCAÇÃO);10.000,00
PREFEITURA MUNICIPAL DE BARBACENA;14.001;SEDEC;2.334;ATUALIZAR O PLANO DE CARREIRA PARA PROFISSIONAIS DA EDUCAÇÃO;37;EDUCAÇÃO PARA TODOS;12;Educação;122;Administração Geral;117;3.3.90.30.00.00.00.00;MATERIAL DE CONSUMO;1.500.000.1001;RECURSOS NÃO VINCULADOS DE IMPOSTOS (EDUCAÇÃO);2.000,00
PREFEITURA MUNICIPAL DE BARBACENA;14.001;SEDEC;2.334;ATUALIZAR O PLANO DE CARREIRA PARA PROFISSIONAIS DA EDUCAÇÃO;37;EDUCAÇÃO PARA TODOS;12;Educação;122;Administração Geral;118;3.3.90.39.00.00.00.00;OUTROS SERVIÇOS DE TERCEIROS - PESSOA JURÍDICA;1.500.000.1001;RECURSOS NÃO VINCULADOS DE IMPOSTOS (EDUCAÇÃO);1.000,00
PREFEITURA MUNICIPAL DE BARBACENA;14.001;SEDEC;2.722;IMPLANTAÇÃO E MANUTENÇÃO  DA INCLUSÃO DIGITAL NAS ESCOLAS MUNICIPAIS;37;EDUCAÇÃO PARA TODOS;12;Educação;122;Administração Geral;119;3.3.90.30.00.00.00.00;MATERIAL DE CONSUMO;1.500.000.1001;RECURSOS NÃO VINCULADOS DE IMPOSTOS (EDUCAÇÃO);2.000,00
PREFEITURA MUNICIPAL DE BARBACENA;14.001;SEDEC;2.722;IMPLANTAÇÃO E MANUTENÇÃO  DA INCLUSÃO DIGITAL NAS ESCOLAS MUNICIPAIS;37;EDUCAÇÃO PARA TODOS;12;Educação;122;Administração Geral;120;4.4.90.52.00.00.00.00;EQUIPAMENTOS E MATERIAL PERMANENTE;1.500.000.1001;RECURSOS NÃO VINCULADOS DE IMPOSTOS (EDUCAÇÃO);5.000,00
PREFEITURA MUNICIPAL DE BARBACENA;14.001;SEDEC;2.724;IMPLEMENTAÇÃO E EXTENSÃO DO PROJETO MAÕZINHAS NA TERRA;37;EDUCAÇÃO PARA TODOS;12;Educação;122;Administração Geral;214;3.3.90.30.00.00.00.00;MATERIAL DE CONSUMO;1.500.000.1001;RECURSOS NÃO VINCULADOS DE IMPOSTOS (EDUCAÇÃO);5.000,00
PREFEITURA MUNICIPAL DE BARBACENA;14.001;SEDEC;2.723;CAPACITAÇÃO DOS CONSELHEIROS MUNICIPAIS DA EDUCAÇÃO;37;EDUCAÇÃO PARA TODOS;12;Educação;128;Formação de Recursos Humanos;122;3.3.90.39.00.00.00.00;OUTROS SERVIÇOS DE TERCEIROS - PESSOA JURÍDICA;1.500.000.1001;RECURSOS NÃO VINCULADOS DE IMPOSTOS (EDUCAÇÃO);1.000,00
PREFEITURA MUNICIPAL DE BARBACENA;14.001;SEDEC;1.101;AQUISIÇÃO DE MATERIAIS PEDAGÓGICOS PARA O ENSINO FUNDAMENTAL;37;EDUCAÇÃO PARA TODOS;12;Educação;361;Ensino Fundamental;147;4.4.90.52.00.00.00.00;EQUIPAMENTOS E MATERIAL PERMANENTE;1.569.000.0000;OUTRAS TRANSFERÊNCIAS DE RECURSOS DO FNDE;15.000,00
PREFEITURA MUNICIPAL DE BARBACENA;14.001;SEDEC;1.101;AQUISIÇÃO DE MATERIAIS PEDAGÓGICOS PARA O ENSINO FUNDAMENTAL;37;EDUCAÇÃO PARA TODOS;12;Educação;361;Ensino Fundamental;984;3.3.90.30.00.00.00.00;MATERIAL DE CONSUMO;1.500.000.1001;RECURSOS NÃO VINCULADOS DE IMPOSTOS (EDUCAÇÃO);0,00
PREFEITURA MUNICIPAL DE BARBACENA;14.001;SEDEC;1.101;AQUISIÇÃO DE MATERIAIS PEDAGÓGICOS PARA O ENSINO FUNDAMENTAL;37;EDUCAÇÃO PARA TODOS;12;Educação;361;Ensino Fundamental;984;3.3.90.30.00.00.00.00;MATERIAL DE CONSUMO;2.500.000.1001;RECURSOS NÃO VINCULADOS DE IMPOSTOS (EDUCAÇÃO);0,00
PREFEITURA MUNICIPAL DE BARBACENA;14.001;SEDEC;1.101;AQUISIÇÃO DE MATERIAIS PEDAGÓGICOS PARA O ENSINO FUNDAMENTAL;37;EDUCAÇÃO PARA TODOS;12;Educação;361;Ensino Fundamental;984;3.3.90.30.00.00.00.00;MATERIAL DE CONSUMO;2.550.000.0000;QESE - TRANSFERÊNCIA DO SALÁRIO-EDUCAÇÃO;0,00
PREFEITURA MUNICIPAL DE BARBACENA;14.001;SEDEC;1.149;CONSTRUÇAO, REFORMA E AMPLIAÇAO DE UNIDADES DE ENSINO DO ENSINO FUNDAMENTAL;37;EDUCAÇÃO PARA TODOS;12;Educação;361;Ensino Fundamental;148;4.4.90.51.00.00.00.00;OBRAS E INSTALAÇÕES;1.500.000.1001;RECURSOS NÃO VINCULADOS DE IMPOSTOS (EDUCAÇÃO);2.092.206,80
PREFEITURA MUNICIPAL DE BARBACENA;14.001;SEDEC;1.149;CONSTRUÇAO, REFORMA E AMPLIAÇAO DE UNIDADES DE ENSINO DO ENSINO FUNDAMENTAL;37;EDUCAÇÃO PARA TODOS;12;Educação;361;Ensino Fundamental;148;4.4.90.51.00.00.00.00;OBRAS E INSTALAÇÕES;1.550.000.0000;QESE - TRANSFERÊNCIA DO SALÁRIO-EDUCAÇÃO;486.400,36
PREFEITURA MUNICIPAL DE BARBACENA;14.001;SEDEC;1.149;CONSTRUÇAO, REFORMA E AMPLIAÇAO DE UNIDADES DE ENSINO DO ENSINO FUNDAMENTAL;37;EDUCAÇÃO PARA TODOS;12;Educação;361;Ensino Fundamental;148;4.4.90.51.00.00.00.00;OBRAS E INSTALAÇÕES;1.569.000.0000;OUTRAS TRANSFERÊNCIAS DE RECURSOS DO FNDE;180.000,00
PREFEITURA MUNICIPAL DE BARBACENA;14.001;SEDEC;1.149;CONSTRUÇAO, REFORMA E AMPLIAÇAO DE UNIDADES DE ENSINO DO ENSINO FUNDAMENTAL;37;EDUCAÇÃO PARA TODOS;12;Educação;361;Ensino Fundamental;148;4.4.90.51.00.00.00.00;OBRAS E INSTALAÇÕES;1.570.000.0000;TRANSFERÊNCIAS DO GOVERNO FEDERAL REFERENTES A CONVÊNIOS E INSTRUMENTOS CONGÊNERES VINCULADOS À EDUCAÇÃO;50.000,00
PREFEITURA MUNICIPAL DE BARBACENA;14.001;SEDEC;1.149;CONSTRUÇAO, REFORMA E AMPLIAÇAO DE UNIDADES DE ENSINO DO ENSINO FUNDAMENTAL;37;EDUCAÇÃO PARA TODOS;12;Educação;361;Ensino Fundamental;148;4.4.90.51.00.00.00.00;OBRAS E INSTALAÇÕES;1.576.000.0000;TRANSFERÊNCIAS DE RECURSOS DOS ESTADOS PARA PROGRAMAS DE EDUCAÇÃO;18.588,28
PREFEITURA MUNICIPAL DE BARBACENA;14.001;SEDEC;1.149;CONSTRUÇAO, REFORMA E AMPLIAÇAO DE UNIDADES DE ENSINO DO ENSINO FUNDAMENTAL;37;EDUCAÇÃO PARA TODOS;12;Educação;361;Ensino Fundamental;148;4.4.90.51.00.00.00.00;OBRAS E INSTALAÇÕES;2.500.000.1001;RECURSOS NÃO VINCULADOS DE IMPOSTOS (EDUCAÇÃO);0,00
PREFEITURA MUNICIPAL DE BARBACENA;14.001;SEDEC;1.149;CONSTRUÇAO, REFORMA E AMPLIAÇAO DE UNIDADES DE ENSINO DO ENSINO FUNDAMENTAL;37;EDUCAÇÃO PARA TODOS;12;Educação;361;Ensino Fundamental;148;4.4.90.51.00.00.00.00;OBRAS E INSTALAÇÕES;2.550.000.0000;QESE - TRANSFERÊNCIA DO SALÁRIO-EDUCAÇÃO;0,00
PREFEITURA MUNICIPAL DE BARBACENA;14.001;SEDEC;1.149;CONSTRUÇAO, REFORMA E AMPLIAÇAO DE UNIDADES DE ENSINO DO ENSINO FUNDAMENTAL;37;EDUCAÇÃO PARA TODOS;12;Educação;361;Ensino Fundamental;149;4.4.90.61.00.00.00.00;AQUISIÇÃO DE IMÓVEIS;1.500.000.1001;RECURSOS NÃO VINCULADOS DE IMPOSTOS (EDUCAÇÃO);1.000,00
PREFEITURA MUNICIPAL DE BARBACENA;14.001;SEDEC;2.205;PARCERIAS E CONVENIOS PARA O DESENVOLVIMENTO E A MELHORIA DA EDUCAÇAO;37;EDUCAÇÃO PARA TODOS;12;Educação;361;Ensino Fundamental;150;3.3.50.41.00.00.00.00;CONTRIBUIÇÕES;1.500.000.0000;RECURSOS NÃO VINCULADOS DE IMPOSTOS;0,00
PREFEITURA MUNICIPAL DE BARBACENA;14.001;SEDEC;2.205;PARCERIAS E CONVENIOS PARA O DESENVOLVIMENTO E A MELHORIA DA EDUCAÇAO;37;EDUCAÇÃO PARA TODOS;12;Educação;361;Ensino Fundamental;150;3.3.50.41.00.00.00.00;CONTRIBUIÇÕES;1.500.000.1001;RECURSOS NÃO VINCULADOS DE IMPOSTOS (EDUCAÇÃO);0,00
PREFEITURA MUNICIPAL DE BARBACENA;14.001;SEDEC;2.205;PARCERIAS E CONVENIOS PARA O DESENVOLVIMENTO E A MELHORIA DA EDUCAÇAO;37;EDUCAÇÃO PARA TODOS;12;Educação;361;Ensino Fundamental;150;3.3.50.41.00.00.00.00;CONTRIBUIÇÕES;1.501.000.0000;OUTROS RECURSOS NÃO VINCULADOS;0,00
PREFEITURA MUNICIPAL DE BARBACENA;14.001;SEDEC;2.205;PARCERIAS E CONVENIOS PARA O DESENVOLVIMENTO E A MELHORIA DA EDUCAÇAO;37;EDUCAÇÃO PARA TODOS;12;Educação;361;Ensino Fundamental;150;3.3.50.41.00.00.00.00;CONTRIBUIÇÕES;1.551.000.0000;TRANSFERÊNCIAS DE RECURSOS DO FNDE REFERENTES AO PROGRAMA DINHEIRO DIRETO NA ESCOLA (PDDE);47.228,19
PREFEITURA MUNICIPAL DE BARBACENA;14.001;SEDEC;2.205;PARCERIAS E CONVENIOS PARA O DESENVOLVIMENTO E A MELHORIA DA EDUCAÇAO;37;EDUCAÇÃO PARA TODOS;12;Educação;361;Ensino Fundamental;150;3.3.50.41.00.00.00.00;CONTRIBUIÇÕES;2.500.000.0000;RECURSOS NÃO VINCULADOS DE IMPOSTOS;0,00
PREFEITURA MUNICIPAL DE BARBACENA;14.001;SEDEC;2.205;PARCERIAS E CONVENIOS PARA O DESENVOLVIMENTO E A MELHORIA DA EDUCAÇAO;37;EDUCAÇÃO PARA TODOS;12;Educação;361;Ensino Fundamental;151;3.3.70.41.00.00.00.00;CONTRIBUIÇÕES;1.500.000.1001;RECURSOS NÃO VINCULADOS DE IMPOSTOS (EDUCAÇÃO);2.000,00
PREFEITURA MUNICIPAL DE BARBACENA;14.001;SEDEC;2.205;PARCERIAS E CONVENIOS PARA O DESENVOLVIMENTO E A MELHORIA DA EDUCAÇAO;37;EDUCAÇÃO PARA TODOS;12;Educação;361;Ensino Fundamental;152;4.4.90.52.00.00.00.00;EQUIPAMENTOS E MATERIAL PERMANENTE;1.500.000.1001;RECURSOS NÃO VINCULADOS DE IMPOSTOS (EDUCAÇÃO);1.000,00
PREFEITURA MUNICIPAL DE BARBACENA;14.001;SEDEC;2.205;PARCERIAS E CONVENIOS PARA O DESENVOLVIMENTO E A MELHORIA DA EDUCAÇAO;37;EDUCAÇÃO PARA TODOS;12;Educação;361;Ensino Fundamental;916;3.3.90.39.00.00.00.00;OUTROS SERVIÇOS DE TERCEIROS - PESSOA JURÍDICA;1.500.000.0000;RECURSOS NÃO VINCULADOS DE IMPOSTOS;0,00
PREFEITURA MUNICIPAL DE BARBACENA;14.001;SEDEC;2.205;PARCERIAS E CONVENIOS PARA O DESENVOLVIMENTO E A MELHORIA DA EDUCAÇAO;37;EDUCAÇÃO PARA TODOS;12;Educação;361;Ensino Fundamental;917;3.3.90.36.00.00.00.00;OUTROS SERVIÇOS DE TERCEIROS - PESSOA FÍSICA;1.500.000.0000;RECURSOS NÃO VINCULADOS DE IMPOSTOS;0,00
PREFEITURA MUNICIPAL DE BARBACENA;14.001;SEDEC;2.205;PARCERIAS E CONVENIOS PARA O DESENVOLVIMENTO E A MELHORIA DA EDUCAÇAO;37;EDUCAÇÃO PARA TODOS;12;Educação;361;Ensino Fundamental;927;3.3.90.47.00.00.00.00;OBRIGAÇÕES TRIBUTÁRIAS E CONTRIBUTIVAS;1.500.000.0000;RECURSOS NÃO VINCULADOS DE IMPOSTOS;0,00
PREFEITURA MUNICIPAL DE BARBACENA;14.001;SEDEC;2.725;IMPLEMENTAÇÃO E MANUTENÇÃO DO PROGRAMA PENSANDO NO FUTURO;37;EDUCAÇÃO PARA TODOS;12;Educação;361;Ensino Fundamental;153;3.3.90.30.00.00.00.00;MATERIAL DE CONSUMO;1.500.000.1001;RECURSOS NÃO VINCULADOS DE IMPOSTOS (EDUCAÇÃO);5.000,00
PREFEITURA MUNICIPAL DE BARBACENA;14.001;SEDEC;2.725;IMPLEMENTAÇÃO E MANUTENÇÃO DO PROGRAMA PENSANDO NO FUTURO;37;EDUCAÇÃO PARA TODOS;12;Educação;361;Ensino Fundamental;154;3.3.90.39.00.00.00.00;OUTROS SERVIÇOS DE TERCEIROS - PESSOA JURÍDICA;1.500.000.1001;RECURSOS NÃO VINCULADOS DE IMPOSTOS (EDUCAÇÃO);5.000,00
PREFEITURA MUNICIPAL DE BARBACENA;14.001;SEDEC;2.093;TRANSPORTE ESCOLAR PARA O ENSINO MÉDIO;37;EDUCAÇÃO PARA TODOS;12;Educação;362;Ensino Médio;155;3.3.90.36.00.00.00.00;OUTROS SERVIÇOS DE TERCEIROS - PESSOA FÍSICA;1.500.000.0000;RECURSOS NÃO VINCULADOS DE IMPOSTOS;130.000,00
PREFEITURA MUNICIPAL DE BARBACENA;14.001;SEDEC;2.093;TRANSPORTE ESCOLAR PARA O ENSINO MÉDIO;37;EDUCAÇÃO PARA TODOS;12;Educação;362;Ensino Médio;155;3.3.90.36.00.00.00.00;OUTROS SERVIÇOS DE TERCEIROS - PESSOA FÍSICA;1.576.001.0000;PTE- TRANSFERÊNCIAS DE RECURSOS DOS ESTADOS PARA PROGRAMAS DE EDUCAÇÃO (TRANSFERÊNCIAS DE RECURSOS PARA O PROGRAMA ESTADUAL DE TRANSPORTE ESCOLAR);94.999,99
PREFEITURA MUNICIPAL DE BARBACENA;14.001;SEDEC;2.093;TRANSPORTE ESCOLAR PARA O ENSINO MÉDIO;37;EDUCAÇÃO PARA TODOS;12;Educação;362;Ensino Médio;156;3.3.90.39.00.00.00.00;OUTROS SERVIÇOS DE TERCEIROS - PESSOA JURÍDICA;1.500.000.0000;RECURSOS NÃO VINCULADOS DE IMPOSTOS;350.000,00
PREFEITURA MUNICIPAL DE BARBACENA;14.001;SEDEC;2.093;TRANSPORTE ESCOLAR PARA O ENSINO MÉDIO;37;EDUCAÇÃO PARA TODOS;12;Educação;362;Ensino Médio;156;3.3.90.39.00.00.00.00;OUTROS SERVIÇOS DE TERCEIROS - PESSOA JURÍDICA;1.576.001.0000;PTE- TRANSFERÊNCIAS DE RECURSOS DOS ESTADOS PARA PROGRAMAS DE EDUCAÇÃO (TRANSFERÊNCIAS DE RECURSOS PARA O PROGRAMA ESTADUAL DE TRANSPORTE ESCOLAR);195.000,00
PREFEITURA MUNICIPAL DE BARBACENA;14.001;SEDEC;2.093;TRANSPORTE ESCOLAR PARA O ENSINO MÉDIO;37;EDUCAÇÃO PARA TODOS;12;Educação;362;Ensino Médio;157;3.3.90.47.00.00.00.00;OBRIGAÇÕES TRIBUTÁRIAS E CONTRIBUTIVAS;1.500.000.0000;RECURSOS NÃO VINCULADOS DE IMPOSTOS;5.000,00
PREFEITURA MUNICIPAL DE BARBACENA;14.001;SEDEC;1.040;CONSTRUCAO, REFORMA E AMPLIACAO DE UNIDADES DA EDUCACAO INFANTIL;37;EDUCAÇÃO PARA TODOS;12;Educação;365;Educação Infantil;190;4.4.90.51.00.00.00.00;OBRAS E INSTALAÇÕES;1.500.000.1001;RECURSOS NÃO VINCULADOS DE IMPOSTOS (EDUCAÇÃO);0,00
PREFEITURA MUNICIPAL DE BARBACENA;14.001;SEDEC;1.040;CONSTRUCAO, REFORMA E AMPLIACAO DE UNIDADES DA EDUCACAO INFANTIL;37;EDUCAÇÃO PARA TODOS;12;Educação;365;Educação Infantil;190;4.4.90.51.00.00.00.00;OBRAS E INSTALAÇÕES;1.550.000.0000;QESE - TRANSFERÊNCIA DO SALÁRIO-EDUCAÇÃO;0,00
PREFEITURA MUNICIPAL DE BARBACENA;14.001;SEDEC;1.040;CONSTRUCAO, REFORMA E AMPLIACAO DE UNIDADES DA EDUCACAO INFANTIL;37;EDUCAÇÃO PARA TODOS;12;Educação;365;Educação Infantil;190;4.4.90.51.00.00.00.00;OBRAS E INSTALAÇÕES;1.569.000.0000;OUTRAS TRANSFERÊNCIAS DE RECURSOS DO FNDE;125.000,00
PREFEITURA MUNICIPAL DE BARBACENA;14.001;SEDEC;1.040;CONSTRUCAO, REFORMA E AMPLIACAO DE UNIDADES DA EDUCACAO INFANTIL;37;EDUCAÇÃO PARA TODOS;12;Educação;365;Educação Infantil;190;4.4.90.51.00.00.00.00;OBRAS E INSTALAÇÕES;1.570.000.0000;TRANSFERÊNCIAS DO GOVERNO FEDERAL REFERENTES A CONVÊNIOS E INSTRUMENTOS CONGÊNERES VINCULADOS À EDUCAÇÃO;110.000,00
PREFEITURA MUNICIPAL DE BARBACENA;14.001;SEDEC;1.040;CONSTRUCAO, REFORMA E AMPLIACAO DE UNIDADES DA EDUCACAO INFANTIL;37;EDUCAÇÃO PARA TODOS;12;Educação;365;Educação Infantil;190;4.4.90.51.00.00.00.00;OBRAS E INSTALAÇÕES;2.500.000.1001;RECURSOS NÃO VINCULADOS DE IMPOSTOS (EDUCAÇÃO);0,00
PREFEITURA MUNICIPAL DE BARBACENA;14.001;SEDEC;1.040;CONSTRUCAO, REFORMA E AMPLIACAO DE UNIDADES DA EDUCACAO INFANTIL;37;EDUCAÇÃO PARA TODOS;12;Educação;365;Educação Infantil;190;4.4.90.51.00.00.00.00;OBRAS E INSTALAÇÕES;2.550.000.0000;QESE - TRANSFERÊNCIA DO SALÁRIO-EDUCAÇÃO;0,00
PREFEITURA MUNICIPAL DE BARBACENA;14.001;SEDEC;1.100;AQUISIÇÃO DE MATERIAIS PEDAGÓGICOS PARA A EDUCAÇÃO INFANTIL;37;EDUCAÇÃO PARA TODOS;12;Educação;365;Educação Infantil;191;3.3.90.30.00.00.00.00;MATERIAL DE CONSUMO;1.569.000.0000;OUTRAS TRANSFERÊNCIAS DE RECURSOS DO FNDE;13.000,00
PREFEITURA MUNICIPAL DE BARBACENA;14.001;SEDEC;1.100;AQUISIÇÃO DE MATERIAIS PEDAGÓGICOS PARA A EDUCAÇÃO INFANTIL;37;EDUCAÇÃO PARA TODOS;12;Educação;365;Educação Infantil;192;3.3.90.93.00.00.00.00;INDENIZAÇÕES E RESTITUIÇÕES;1.569.000.0000;OUTRAS TRANSFERÊNCIAS DE RECURSOS DO FNDE;1.000,00
PREFEITURA MUNICIPAL DE BARBACENA;14.001;SEDEC;1.100;AQUISIÇÃO DE MATERIAIS PEDAGÓGICOS PARA A EDUCAÇÃO INFANTIL;37;EDUCAÇÃO PARA TODOS;12;Educação;365;Educação Infantil;193;4.4.90.52.00.00.00.00;EQUIPAMENTOS E MATERIAL PERMANENTE;1.569.000.0000;OUTRAS TRANSFERÊNCIAS DE RECURSOS DO FNDE;10.000,00
PREFEITURA MUNICIPAL DE BARBACENA;14.001;SEDEC;2.221;MANUTENÇÃO DO ATENDIMENTO EDUCACIONAL ESPECIALIZADO;38;GESTÃO DA EDUCAÇÃO ESPECIAL;12;Educação;367;Educação Especial;202;3.3.50.43.00.00.00.00;SUBVENÇÕES SOCIAIS;1.500.000.1001;RECURSOS NÃO VINCULADOS DE IMPOSTOS (EDUCAÇÃO);25.000,00
PREFEITURA MUNICIPAL DE BARBACENA;14.001;SEDEC;2.221;MANUTENÇÃO DO ATENDIMENTO EDUCACIONAL ESPECIALIZADO;38;GESTÃO DA EDUCAÇÃO ESPECIAL;12;Educação;367;Educação Especial;202;3.3.50.43.00.00.00.00;SUBVENÇÕES SOCIAIS;1.550.000.0000;QESE - TRANSFERÊNCIA DO SALÁRIO-EDUCAÇÃO;3.000,00
PREFEITURA MUNICIPAL DE BARBACENA;14.001;SEDEC;2.221;MANUTENÇÃO DO ATENDIMENTO EDUCACIONAL ESPECIALIZADO;38;GESTÃO DA EDUCAÇÃO ESPECIAL;12;Educação;367;Educação Especial;203;3.3.90.30.00.00.00.00;MATERIAL DE CONSUMO;1.500.000.0000;RECURSOS NÃO VINCULADOS DE IMPOSTOS;0,00
PREFEITURA MUNICIPAL DE BARBACENA;14.001;SEDEC;2.221;MANUTENÇÃO DO ATENDIMENTO EDUCACIONAL ESPECIALIZADO;38;GESTÃO DA EDUCAÇÃO ESPECIAL;12;Educação;367;Educação Especial;203;3.3.90.30.00.00.00.00;MATERIAL DE CONSUMO;1.500.000.1001;RECURSOS NÃO VINCULADOS DE IMPOSTOS (EDUCAÇÃO);30.000,00
PREFEITURA MUNICIPAL DE BARBACENA;14.001;SEDEC;2.221;MANUTENÇÃO DO ATENDIMENTO EDUCACIONAL ESPECIALIZADO;38;GESTÃO DA EDUCAÇÃO ESPECIAL;12;Educação;367;Educação Especial;203;3.3.90.30.00.00.00.00;MATERIAL DE CONSUMO;1.550.000.0000;QESE - TRANSFERÊNCIA DO SALÁRIO-EDUCAÇÃO;1.000,00
PREFEITURA MUNICIPAL DE BARBACENA;14.001;SEDEC;2.221;MANUTENÇÃO DO ATENDIMENTO EDUCACIONAL ESPECIALIZADO;38;GESTÃO DA EDUCAÇÃO ESPECIAL;12;Educação;367;Educação Especial;203;3.3.90.30.00.00.00.00;MATERIAL DE CONSUMO;1.552.000.0000;PNAE - TRANSFERÊNCIAS DE RECURSOS DO FNDE REFERENTES AO PROGRAMA NACIONAL DE ALIMENTAÇÃO ESCOLAR;20.000,00
PREFEITURA MUNICIPAL DE BARBACENA;14.001;SEDEC;2.221;MANUTENÇÃO DO ATENDIMENTO EDUCACIONAL ESPECIALIZADO;38;GESTÃO DA EDUCAÇÃO ESPECIAL;12;Educação;367;Educação Especial;203;3.3.90.30.00.00.00.00;MATERIAL DE CONSUMO;1.553.000.0000;PNATE - TRANSFERÊNCIAS DE RECURSOS DO FNDE REFERENTES AO PROGRAMA NACIONAL DE APOIO AO TRANSPORTE ESCOLAR;0,00
PREFEITURA MUNICIPAL DE BARBACENA;14.001;SEDEC;2.221;MANUTENÇÃO DO ATENDIMENTO EDUCACIONAL ESPECIALIZADO;38;GESTÃO DA EDUCAÇÃO ESPECIAL;12;Educação;367;Educação Especial;203;3.3.90.30.00.00.00.00;MATERIAL DE CONSUMO;1.576.001.0000;PTE- TRANSFERÊNCIAS DE RECURSOS DOS ESTADOS PARA PROGRAMAS DE EDUCAÇÃO (TRANSFERÊNCIAS DE RECURSOS PARA O PROGRAMA ESTADUAL DE TRANSPORTE ESCOLAR);0,00
PREFEITURA MUNICIPAL DE BARBACENA;14.001;SEDEC;2.221;MANUTENÇÃO DO ATENDIMENTO EDUCACIONAL ESPECIALIZADO;38;GESTÃO DA EDUCAÇÃO ESPECIAL;12;Educação;367;Educação Especial;203;3.3.90.30.00.00.00.00;MATERIAL DE CONSUMO;2.550.000.0000;QESE - TRANSFERÊNCIA DO SALÁRIO-EDUCAÇÃO;0,00
PREFEITURA MUNICIPAL DE BARBACENA;14.001;SEDEC;2.221;MANUTENÇÃO DO ATENDIMENTO EDUCACIONAL ESPECIALIZADO;38;GESTÃO DA EDUCAÇÃO ESPECIAL;12;Educação;367;Educação Especial;204;3.3.90.36.00.00.00.00;OUTROS SERVIÇOS DE TERCEIROS - PESSOA FÍSICA;1.500.000.1001;RECURSOS NÃO VINCULADOS DE IMPOSTOS (EDUCAÇÃO);1.000,00
PREFEITURA MUNICIPAL DE BARBACENA;14.001;SEDEC;2.221;MANUTENÇÃO DO ATENDIMENTO EDUCACIONAL ESPECIALIZADO;38;GESTÃO DA EDUCAÇÃO ESPECIAL;12;Educação;367;Educação Especial;205;3.3.90.39.00.00.00.00;OUTROS SERVIÇOS DE TERCEIROS - PESSOA JURÍDICA;1.500.000.1001;RECURSOS NÃO VINCULADOS DE IMPOSTOS (EDUCAÇÃO);20.000,00
PREFEITURA MUNICIPAL DE BARBACENA;14.001;SEDEC;2.221;MANUTENÇÃO DO ATENDIMENTO EDUCACIONAL ESPECIALIZADO;38;GESTÃO DA EDUCAÇÃO ESPECIAL;12;Educação;367;Educação Especial;205;3.3.90.39.00.00.00.00;OUTROS SERVIÇOS DE TERCEIROS - PESSOA JURÍDICA;1.576.001.0000;PTE- TRANSFERÊNCIAS DE RECURSOS DOS ESTADOS PARA PROGRAMAS DE EDUCAÇÃO (TRANSFERÊNCIAS DE RECURSOS PARA O PROGRAMA ESTADUAL DE TRANSPORTE ESCOLAR);0,00
PREFEITURA MUNICIPAL DE BARBACENA;14.001;SEDEC;2.221;MANUTENÇÃO DO ATENDIMENTO EDUCACIONAL ESPECIALIZADO;38;GESTÃO DA EDUCAÇÃO ESPECIAL;12;Educação;367;Educação Especial;206;4.4.90.52.00.00.00.00;EQUIPAMENTOS E MATERIAL PERMANENTE;1.500.000.0000;RECURSOS NÃO VINCULADOS DE IMPOSTOS;1.000,00
PREFEITURA MUNICIPAL DE BARBACENA;14.001;SEDEC;2.221;MANUTENÇÃO DO ATENDIMENTO EDUCACIONAL ESPECIALIZADO;38;GESTÃO DA EDUCAÇÃO ESPECIAL;12;Educação;367;Educação Especial;206;4.4.90.52.00.00.00.00;EQUIPAMENTOS E MATERIAL PERMANENTE;1.500.000.1001;RECURSOS NÃO VINCULADOS DE IMPOSTOS (EDUCAÇÃO);220.000,00
PREFEITURA MUNICIPAL DE BARBACENA;14.001;SEDEC;2.222;PESSOAL E ENCARGOS SOCIAIS DO ATENDIMENTO EDUCACIONAL ESPECIALIZADO;38;GESTÃO DA EDUCAÇÃO ESPECIAL;12;Educação;367;Educação Especial;207;3.1.90.04.00.00.00.00;CONTRATAÇÃO POR TEMPO DETERMINADO;1.500.000.1001;RECURSOS NÃO VINCULADOS DE IMPOSTOS (EDUCAÇÃO);1.361.323,14
PREFEITURA MUNICIPAL DE BARBACENA;14.001;SEDEC;2.222;PESSOAL E ENCARGOS SOCIAIS DO ATENDIMENTO EDUCACIONAL ESPECIALIZADO;38;GESTÃO DA EDUCAÇÃO ESPECIAL;12;Educação;367;Educação Especial;207;3.1.90.04.00.00.00.00;CONTRATAÇÃO POR TEMPO DETERMINADO;1.540.000.0000;TRANSFERÊNCIAS DO FUNDEB - IMPOSTOS E TRANSFERÊNCIAS DE IMPOSTOS (30%);2.991.709,58
PREFEITURA MUNICIPAL DE BARBACENA;14.001;SEDEC;2.222;PESSOAL E ENCARGOS SOCIAIS DO ATENDIMENTO EDUCACIONAL ESPECIALIZADO;38;GESTÃO DA EDUCAÇÃO ESPECIAL;12;Educação;367;Educação Especial;207;3.1.90.04.00.00.00.00;CONTRATAÇÃO POR TEMPO DETERMINADO;1.540.000.1070;TRANSFERÊNCIAS DO FUNDEB - IMPOSTOS E TRANSFERÊNCIAS DE IMPOSTOS (70% -PAGTO DA REMUNERAÇÃO DOS PROFISSIONAIS DA EDUCAÇÃO BÁSICA EM EFETIVO EXERCÍCIO);1.357.944,24
PREFEITURA MUNICIPAL DE BARBACENA;14.001;SEDEC;2.222;PESSOAL E ENCARGOS SOCIAIS DO ATENDIMENTO EDUCACIONAL ESPECIALIZADO;38;GESTÃO DA EDUCAÇÃO ESPECIAL;12;Educação;367;Educação Especial;208;3.1.90.11.00.00.00.00;VENCIMENTOS E VANTAGENS FIXAS - PESSOAL CIVIL;1.500.000.1001;RECURSOS NÃO VINCULADOS DE IMPOSTOS (EDUCAÇÃO);550.000,00
PREFEITURA MUNICIPAL DE BARBACENA;14.001;SEDEC;2.222;PESSOAL E ENCARGOS SOCIAIS DO ATENDIMENTO EDUCACIONAL ESPECIALIZADO;38;GESTÃO DA EDUCAÇÃO ESPECIAL;12;Educação;367;Educação Especial;208;3.1.90.11.00.00.00.00;VENCIMENTOS E VANTAGENS FIXAS - PESSOAL CIVIL;1.540.000.0000;TRANSFERÊNCIAS DO FUNDEB - IMPOSTOS E TRANSFERÊNCIAS DE IMPOSTOS (30%);1.122.734,29
PREFEITURA MUNICIPAL DE BARBACENA;14.001;SEDEC;2.222;PESSOAL E ENCARGOS SOCIAIS DO ATENDIMENTO EDUCACIONAL ESPECIALIZADO;38;GESTÃO DA EDUCAÇÃO ESPECIAL;12;Educação;367;Educação Especial;208;3.1.90.11.00.00.00.00;VENCIMENTOS E VANTAGENS FIXAS - PESSOAL CIVIL;1.540.000.1070;TRANSFERÊNCIAS DO FUNDEB - IMPOSTOS E TRANSFERÊNCIAS DE IMPOSTOS (70% -PAGTO DA REMUNERAÇÃO DOS PROFISSIONAIS DA EDUCAÇÃO BÁSICA EM EFETIVO EXERCÍCIO);0,00
PREFEITURA MUNICIPAL DE BARBACENA;14.001;SEDEC;2.222;PESSOAL E ENCARGOS SOCIAIS DO ATENDIMENTO EDUCACIONAL ESPECIALIZADO;38;GESTÃO DA EDUCAÇÃO ESPECIAL;12;Educação;367;Educação Especial;209;3.1.90.13.00.00.00.00;OBRIGAÇÕES PATRONAIS;1.500.000.1001;RECURSOS NÃO VINCULADOS DE IMPOSTOS (EDUCAÇÃO);2.000,00
PREFEITURA MUNICIPAL DE BARBACENA;14.001;SEDEC;2.222;PESSOAL E ENCARGOS SOCIAIS DO ATENDIMENTO EDUCACIONAL ESPECIALIZADO;38;GESTÃO DA EDUCAÇÃO ESPECIAL;12;Educação;367;Educação Especial;210;3.1.91.13.00.00.00.00;OBRIGAÇÕES PATRONAIS;1.500.000.1001;RECURSOS NÃO VINCULADOS DE IMPOSTOS (EDUCAÇÃO);150.000,00
PREFEITURA MUNICIPAL DE BARBACENA;14.001;SEDEC;2.222;PESSOAL E ENCARGOS SOCIAIS DO ATENDIMENTO EDUCACIONAL ESPECIALIZADO;38;GESTÃO DA EDUCAÇÃO ESPECIAL;12;Educação;367;Educação Especial;210;3.1.91.13.00.00.00.00;OBRIGAÇÕES PATRONAIS;1.540.000.0000;TRANSFERÊNCIAS DO FUNDEB - IMPOSTOS E TRANSFERÊNCIAS DE IMPOSTOS (30%);314.365,35
PREFEITURA MUNICIPAL DE BARBACENA;14.001;SEDEC;2.222;PESSOAL E ENCARGOS SOCIAIS DO ATENDIMENTO EDUCACIONAL ESPECIALIZADO;38;GESTÃO DA EDUCAÇÃO ESPECIAL;12;Educação;367;Educação Especial;210;3.1.91.13.00.00.00.00;OBRIGAÇÕES PATRONAIS;1.540.000.1070;TRANSFERÊNCIAS DO FUNDEB - IMPOSTOS E TRANSFERÊNCIAS DE IMPOSTOS (70% -PAGTO DA REMUNERAÇÃO DOS PROFISSIONAIS DA EDUCAÇÃO BÁSICA EM EFETIVO EXERCÍCIO);0,00
PREFEITURA MUNICIPAL DE BARBACENA;14.001;SEDEC;2.222;PESSOAL E ENCARGOS SOCIAIS DO ATENDIMENTO EDUCACIONAL ESPECIALIZADO;38;GESTÃO DA EDUCAÇÃO ESPECIAL;12;Educação;367;Educação Especial;211;3.3.90.08.00.00.00.00;OUTROS BENEFÍCIOS ASSISTENCIAIS-SERVIDOR/MILITAR;1.500.000.1001;RECURSOS NÃO VINCULADOS DE IMPOSTOS (EDUCAÇÃO);2.000,00
PREFEITURA MUNICIPAL DE BARBACENA;14.001;SEDEC;2.222;PESSOAL E ENCARGOS SOCIAIS DO ATENDIMENTO EDUCACIONAL ESPECIALIZADO;38;GESTÃO DA EDUCAÇÃO ESPECIAL;12;Educação;367;Educação Especial;212;3.3.90.18.00.00.00.00;AUXÍLIO FINANCEIRO A ESTUDANTES;1.500.000.1001;RECURSOS NÃO VINCULADOS DE IMPOSTOS (EDUCAÇÃO);3.000,00
PREFEITURA MUNICIPAL DE BARBACENA;14.001;SEDEC;2.222;PESSOAL E ENCARGOS SOCIAIS DO ATENDIMENTO EDUCACIONAL ESPECIALIZADO;38;GESTÃO DA EDUCAÇÃO ESPECIAL;12;Educação;367;Educação Especial;213;3.3.90.46.00.00.00.00;AUXÍLIO-ALIMENTAÇÃO;1.500.000.1001;RECURSOS NÃO VINCULADOS DE IMPOSTOS (EDUCAÇÃO);0,00
PREFEITURA MUNICIPAL DE BARBACENA;14.001;SEDEC;2.222;PESSOAL E ENCARGOS SOCIAIS DO ATENDIMENTO EDUCACIONAL ESPECIALIZADO;38;GESTÃO DA EDUCAÇÃO ESPECIAL;12;Educação;367;Educação Especial;213;3.3.90.46.00.00.00.00;AUXÍLIO-ALIMENTAÇÃO;1.540.000.0000;TRANSFERÊNCIAS DO FUNDEB - IMPOSTOS E TRANSFERÊNCIAS DE IMPOSTOS (30%);632.060,00
PREFEITURA MUNICIPAL DE BARBACENA;14.001;SEDEC;2.222;PESSOAL E ENCARGOS SOCIAIS DO ATENDIMENTO EDUCACIONAL ESPECIALIZADO;38;GESTÃO DA EDUCAÇÃO ESPECIAL;12;Educação;367;Educação Especial;213;3.3.90.46.00.00.00.00;AUXÍLIO-ALIMENTAÇÃO;1.540.000.1070;TRANSFERÊNCIAS DO FUNDEB - IMPOSTOS E TRANSFERÊNCIAS DE IMPOSTOS (70% -PAGTO DA REMUNERAÇÃO DOS PROFISSIONAIS DA EDUCAÇÃO BÁSICA EM EFETIVO EXERCÍCIO);0,00
PREFEITURA MUNICIPAL DE BARBACENA;14.002;FUNDO MUNICIPAL PRO-ESPORTE E LAZER;2.731;MANTER, QUALIFICAR E VALORIZAR AS ATIVIDADES DE RENDIMENTO ESPORTIVO;63;ESPORTE E LAZER TRANSFORMANDO BARBACENA;27;Desporto e Lazer;811;Desporto de Rendimento;215;3.3.90.30.00.00.00.00;MATERIAL DE CONSUMO;1.500.000.0000;RECURSOS NÃO VINCULADOS DE IMPOSTOS;20.000,00
PREFEITURA MUNICIPAL DE BARBACENA;14.002;FUNDO MUNICIPAL PRO-ESPORTE E LAZER;2.731;MANTER, QUALIFICAR E VALORIZAR AS ATIVIDADES DE RENDIMENTO ESPORTIVO;63;ESPORTE E LAZER TRANSFORMANDO BARBACENA;27;Desporto e Lazer;811;Desporto de Rendimento;216;3.3.90.39.00.00.00.00;OUTROS SERVIÇOS DE TERCEIROS - PESSOA JURÍDICA;1.500.000.0000;RECURSOS NÃO VINCULADOS DE IMPOSTOS;35.000,00
PREFEITURA MUNICIPAL DE BARBACENA;14.002;FUNDO MUNICIPAL PRO-ESPORTE E LAZER;1.151;CONSTRUÇAO, REFORMA E MODERNIZAÇÃO DE LOCAIS E INFRAESTRUTURA DE ESPORTE E LAZER;63;ESPORTE E LAZER TRANSFORMANDO BARBACENA;27;Desporto e Lazer;812;Desporto Comunitário;217;4.4.90.51.00.00.00.00;OBRAS E INSTALAÇÕES;1.500.000.0000;RECURSOS NÃO VINCULADOS DE IMPOSTOS;25.000,00
PREFEITURA MUNICIPAL DE BARBACENA;14.002;FUNDO MUNICIPAL PRO-ESPORTE E LAZER;1.151;CONSTRUÇAO, REFORMA E MODERNIZAÇÃO DE LOCAIS E INFRAESTRUTURA DE ESPORTE E LAZER;63;ESPORTE E LAZER TRANSFORMANDO BARBACENA;27;Desporto e Lazer;812;Desporto Comunitário;217;4.4.90.51.00.00.00.00;OBRAS E INSTALAÇÕES;1.501.000.0000;OUTROS RECURSOS NÃO VINCULADOS;0,00
PREFEITURA MUNICIPAL DE BARBACENA;14.002;FUNDO MUNICIPAL PRO-ESPORTE E LAZER;1.151;CONSTRUÇAO, REFORMA E MODERNIZAÇÃO DE LOCAIS E INFRAESTRUTURA DE ESPORTE E LAZER;63;ESPORTE E LAZER TRANSFORMANDO BARBACENA;27;Desporto e Lazer;812;Desporto Comunitário;217;4.4.90.51.00.00.00.00;OBRAS E INSTALAÇÕES;1.700.000.0000;OUTRAS TRANSFERÊNCIAS DE CONVÊNIOS OU INSTRUMENTOS CONGÊNERES DA UNIÃO;579.906,36
PREFEITURA MUNICIPAL DE BARBACENA;14.002;FUNDO MUNICIPAL PRO-ESPORTE E LAZER;1.151;CONSTRUÇAO, REFORMA E MODERNIZAÇÃO DE LOCAIS E INFRAESTRUTURA DE ESPORTE E LAZER;63;ESPORTE E LAZER TRANSFORMANDO BARBACENA;27;Desporto e Lazer;812;Desporto Comunitário;217;4.4.90.51.00.00.00.00;OBRAS E INSTALAÇÕES;1.753.000.0000;RECURSOS PROVENIENTES DE TAXAS, CONTRIBUIÇÕES E PREÇOS PÚBLICOS;0,00
PREFEITURA MUNICIPAL DE BARBACENA;14.002;FUNDO MUNICIPAL PRO-ESPORTE E LAZER;1.474;OBRAS DE MANUTENÇÃO DO CAMPO DO BARCELONA;63;ESPORTE E LAZER TRANSFORMANDO BARBACENA;27;Desporto e Lazer;812;Desporto Comunitário;218;4.4.90.51.00.00.00.00;OBRAS E INSTALAÇÕES;1.500.000.0000;RECURSOS NÃO VINCULADOS DE IMPOSTOS;60.000,00
PREFEITURA MUNICIPAL DE BARBACENA;14.002;FUNDO MUNICIPAL PRO-ESPORTE E LAZER;2.213;REALIZAÇAO DE EVENTOS PARA INCENTIVO A PRATICA DE ESPORTES;63;ESPORTE E LAZER TRANSFORMANDO BARBACENA;27;Desporto e Lazer;812;Desporto Comunitário;219;3.3.90.30.00.00.00.00;MATERIAL DE CONSUMO;1.500.000.0000;RECURSOS NÃO VINCULADOS DE IMPOSTOS;20.000,00
PREFEITURA MUNICIPAL DE BARBACENA;14.002;FUNDO MUNICIPAL PRO-ESPORTE E LAZER;2.213;REALIZAÇAO DE EVENTOS PARA INCENTIVO A PRATICA DE ESPORTES;63;ESPORTE E LAZER TRANSFORMANDO BARBACENA;27;Desporto e Lazer;812;Desporto Comunitário;219;3.3.90.30.00.00.00.00;MATERIAL DE CONSUMO;1.501.000.0000;OUTROS RECURSOS NÃO VINCULADOS;16.734,55
PREFEITURA MUNICIPAL DE BARBACENA;14.002;FUNDO MUNICIPAL PRO-ESPORTE E LAZER;2.213;REALIZAÇAO DE EVENTOS PARA INCENTIVO A PRATICA DE ESPORTES;63;ESPORTE E LAZER TRANSFORMANDO BARBACENA;27;Desporto e Lazer;812;Desporto Comunitário;220;3.3.90.39.00.00.00.00;OUTROS SERVIÇOS DE TERCEIROS - PESSOA JURÍDICA;1.500.000.0000;RECURSOS NÃO VINCULADOS DE IMPOSTOS;30.000,00
PREFEITURA MUNICIPAL DE BARBACENA;14.002;FUNDO MUNICIPAL PRO-ESPORTE E LAZER;2.213;REALIZAÇAO DE EVENTOS PARA INCENTIVO A PRATICA DE ESPORTES;63;ESPORTE E LAZER TRANSFORMANDO BARBACENA;27;Desporto e Lazer;812;Desporto Comunitário;220;3.3.90.39.00.00.00.00;OUTROS SERVIÇOS DE TERCEIROS - PESSOA JURÍDICA;1.501.000.0000;OUTROS RECURSOS NÃO VINCULADOS;113.367,28
PREFEITURA MUNICIPAL DE BARBACENA;14.002;FUNDO MUNICIPAL PRO-ESPORTE E LAZER;2.223;MANUTENÇÃO  DO CALENDÁRIO ANUAL DE  ATIVIDADES DE ESPORTE E LAZER PARTICIPATIVO;63;ESPORTE E LAZER TRANSFORMANDO BARBACENA;27;Desporto e Lazer;812;Desporto Comunitário;221;3.1.90.04.00.00.00.00;CONTRATAÇÃO POR TEMPO DETERMINADO;1.500.000.0000;RECURSOS NÃO VINCULADOS DE IMPOSTOS;2.000,00
PREFEITURA MUNICIPAL DE BARBACENA;14.002;FUNDO MUNICIPAL PRO-ESPORTE E LAZER;2.223;MANUTENÇÃO  DO CALENDÁRIO ANUAL DE  ATIVIDADES DE ESPORTE E LAZER PARTICIPATIVO;63;ESPORTE E LAZER TRANSFORMANDO BARBACENA;27;Desporto e Lazer;812;Desporto Comunitário;222;3.1.90.11.00.00.00.00;VENCIMENTOS E VANTAGENS FIXAS - PESSOAL CIVIL;1.500.000.0000;RECURSOS NÃO VINCULADOS DE IMPOSTOS;33.796,98
PREFEITURA MUNICIPAL DE BARBACENA;14.002;FUNDO MUNICIPAL PRO-ESPORTE E LAZER;2.223;MANUTENÇÃO  DO CALENDÁRIO ANUAL DE  ATIVIDADES DE ESPORTE E LAZER PARTICIPATIVO;63;ESPORTE E LAZER TRANSFORMANDO BARBACENA;27;Desporto e Lazer;812;Desporto Comunitário;223;3.1.90.13.00.00.00.00;OBRIGAÇÕES PATRONAIS;1.500.000.0000;RECURSOS NÃO VINCULADOS DE IMPOSTOS;7.720,27
PREFEITURA MUNICIPAL DE BARBACENA;14.002;FUNDO MUNICIPAL PRO-ESPORTE E LAZER;2.223;MANUTENÇÃO  DO CALENDÁRIO ANUAL DE  ATIVIDADES DE ESPORTE E LAZER PARTICIPATIVO;63;ESPORTE E LAZER TRANSFORMANDO BARBACENA;27;Desporto e Lazer;812;Desporto Comunitário;224;3.1.91.13.00.00.00.00;OBRIGAÇÕES PATRONAIS;1.500.000.0000;RECURSOS NÃO VINCULADOS DE IMPOSTOS;1.000,00
PREFEITURA MUNICIPAL DE BARBACENA;14.002;FUNDO MUNICIPAL PRO-ESPORTE E LAZER;2.223;MANUTENÇÃO  DO CALENDÁRIO ANUAL DE  ATIVIDADES DE ESPORTE E LAZER PARTICIPATIVO;63;ESPORTE E LAZER TRANSFORMANDO BARBACENA;27;Desporto e Lazer;812;Desporto Comunitário;225;3.3.90.08.00.00.00.00;OUTROS BENEFÍCIOS ASSISTENCIAIS-SERVIDOR/MILITAR;1.500.000.0000;RECURSOS NÃO VINCULADOS DE IMPOSTOS;1.000,00
PREFEITURA MUNICIPAL DE BARBACENA;14.002;FUNDO MUNICIPAL PRO-ESPORTE E LAZER;2.223;MANUTENÇÃO  DO CALENDÁRIO ANUAL DE  ATIVIDADES DE ESPORTE E LAZER PARTICIPATIVO;63;ESPORTE E LAZER TRANSFORMANDO BARBACENA;27;Desporto e Lazer;812;Desporto Comunitário;226;3.3.90.18.00.00.00.00;AUXÍLIO FINANCEIRO A ESTUDANTES;1.500.000.0000;RECURSOS NÃO VINCULADOS DE IMPOSTOS;1.000,00
PREFEITURA MUNICIPAL DE BARBACENA;14.002;FUNDO MUNICIPAL PRO-ESPORTE E LAZER;2.223;MANUTENÇÃO  DO CALENDÁRIO ANUAL DE  ATIVIDADES DE ESPORTE E LAZER PARTICIPATIVO;63;ESPORTE E LAZER TRANSFORMANDO BARBACENA;27;Desporto e Lazer;812;Desporto Comunitário;227;3.3.90.30.00.00.00.00;MATERIAL DE CONSUMO;1.500.000.0000;RECURSOS NÃO VINCULADOS DE IMPOSTOS;3.000,00
PREFEITURA MUNICIPAL DE BARBACENA;14.002;FUNDO MUNICIPAL PRO-ESPORTE E LAZER;2.223;MANUTENÇÃO  DO CALENDÁRIO ANUAL DE  ATIVIDADES DE ESPORTE E LAZER PARTICIPATIVO;63;ESPORTE E LAZER TRANSFORMANDO BARBACENA;27;Desporto e Lazer;812;Desporto Comunitário;227;3.3.90.30.00.00.00.00;MATERIAL DE CONSUMO;1.700.000.0000;OUTRAS TRANSFERÊNCIAS DE CONVÊNIOS OU INSTRUMENTOS CONGÊNERES DA UNIÃO;200.000,00
PREFEITURA MUNICIPAL DE BARBACENA;14.002;FUNDO MUNICIPAL PRO-ESPORTE E LAZER;2.223;MANUTENÇÃO  DO CALENDÁRIO ANUAL DE  ATIVIDADES DE ESPORTE E LAZER PARTICIPATIVO;63;ESPORTE E LAZER TRANSFORMANDO BARBACENA;27;Desporto e Lazer;812;Desporto Comunitário;228;3.3.90.36.00.00.00.00;OUTROS SERVIÇOS DE TERCEIROS - PESSOA FÍSICA;1.500.000.0000;RECURSOS NÃO VINCULADOS DE IMPOSTOS;2.000,00
PREFEITURA MUNICIPAL DE BARBACENA;14.002;FUNDO MUNICIPAL PRO-ESPORTE E LAZER;2.223;MANUTENÇÃO  DO CALENDÁRIO ANUAL DE  ATIVIDADES DE ESPORTE E LAZER PARTICIPATIVO;63;ESPORTE E LAZER TRANSFORMANDO BARBACENA;27;Desporto e Lazer;812;Desporto Comunitário;229;3.3.90.39.00.00.00.00;OUTROS SERVIÇOS DE TERCEIROS - PESSOA JURÍDICA;1.500.000.0000;RECURSOS NÃO VINCULADOS DE IMPOSTOS;150.000,00
PREFEITURA MUNICIPAL DE BARBACENA;14.002;FUNDO MUNICIPAL PRO-ESPORTE E LAZER;2.223;MANUTENÇÃO  DO CALENDÁRIO ANUAL DE  ATIVIDADES DE ESPORTE E LAZER PARTICIPATIVO;63;ESPORTE E LAZER TRANSFORMANDO BARBACENA;27;Desporto e Lazer;812;Desporto Comunitário;229;3.3.90.39.00.00.00.00;OUTROS SERVIÇOS DE TERCEIROS - PESSOA JURÍDICA;1.501.000.0000;OUTROS RECURSOS NÃO VINCULADOS;0,00
PREFEITURA MUNICIPAL DE BARBACENA;14.002;FUNDO MUNICIPAL PRO-ESPORTE E LAZER;2.223;MANUTENÇÃO  DO CALENDÁRIO ANUAL DE  ATIVIDADES DE ESPORTE E LAZER PARTICIPATIVO;63;ESPORTE E LAZER TRANSFORMANDO BARBACENA;27;Desporto e Lazer;812;Desporto Comunitário;229;3.3.90.39.00.00.00.00;OUTROS SERVIÇOS DE TERCEIROS - PESSOA JURÍDICA;1.700.000.0000;OUTRAS TRANSFERÊNCIAS DE CONVÊNIOS OU INSTRUMENTOS CONGÊNERES DA UNIÃO;5.000,00
PREFEITURA MUNICIPAL DE BARBACENA;14.002;FUNDO MUNICIPAL PRO-ESPORTE E LAZER;2.223;MANUTENÇÃO  DO CALENDÁRIO ANUAL DE  ATIVIDADES DE ESPORTE E LAZER PARTICIPATIVO;63;ESPORTE E LAZER TRANSFORMANDO BARBACENA;27;Desporto e Lazer;812;Desporto Comunitário;229;3.3.90.39.00.00.00.00;OUTROS SERVIÇOS DE TERCEIROS - PESSOA JURÍDICA;1.753.000.0000;RECURSOS PROVENIENTES DE TAXAS, CONTRIBUIÇÕES E PREÇOS PÚBLICOS;0,00
PREFEITURA MUNICIPAL DE BARBACENA;14.002;FUNDO MUNICIPAL PRO-ESPORTE E LAZER;2.223;MANUTENÇÃO  DO CALENDÁRIO ANUAL DE  ATIVIDADES DE ESPORTE E LAZER PARTICIPATIVO;63;ESPORTE E LAZER TRANSFORMANDO BARBACENA;27;Desporto e Lazer;812;Desporto Comunitário;229;3.3.90.39.00.00.00.00;OUTROS SERVIÇOS DE TERCEIROS - PESSOA JURÍDICA;2.500.000.0000;RECURSOS NÃO VINCULADOS DE IMPOSTOS;0,00
PREFEITURA MUNICIPAL DE BARBACENA;14.002;FUNDO MUNICIPAL PRO-ESPORTE E LAZER;2.223;MANUTENÇÃO  DO CALENDÁRIO ANUAL DE  ATIVIDADES DE ESPORTE E LAZER PARTICIPATIVO;63;ESPORTE E LAZER TRANSFORMANDO BARBACENA;27;Desporto e Lazer;812;Desporto Comunitário;230;3.3.90.46.00.00.00.00;AUXÍLIO-ALIMENTAÇÃO;1.500.000.0000;RECURSOS NÃO VINCULADOS DE IMPOSTOS;3.412,50
PREFEITURA MUNICIPAL DE BARBACENA;14.002;FUNDO MUNICIPAL PRO-ESPORTE E LAZER;2.223;MANUTENÇÃO  DO CALENDÁRIO ANUAL DE  ATIVIDADES DE ESPORTE E LAZER PARTICIPATIVO;63;ESPORTE E LAZER TRANSFORMANDO BARBACENA;27;Desporto e Lazer;812;Desporto Comunitário;231;4.4.90.52.00.00.00.00;EQUIPAMENTOS E MATERIAL PERMANENTE;1.500.000.0000;RECURSOS NÃO VINCULADOS DE IMPOSTOS;5.000,00
PREFEITURA MUNICIPAL DE BARBACENA;14.002;FUNDO MUNICIPAL PRO-ESPORTE E LAZER;2.223;MANUTENÇÃO  DO CALENDÁRIO ANUAL DE  ATIVIDADES DE ESPORTE E LAZER PARTICIPATIVO;63;ESPORTE E LAZER TRANSFORMANDO BARBACENA;27;Desporto e Lazer;812;Desporto Comunitário;231;4.4.90.52.00.00.00.00;EQUIPAMENTOS E MATERIAL PERMANENTE;1.700.000.0000;OUTRAS TRANSFERÊNCIAS DE CONVÊNIOS OU INSTRUMENTOS CONGÊNERES DA UNIÃO;80.000,00
PREFEITURA MUNICIPAL DE BARBACENA;14.002;FUNDO MUNICIPAL PRO-ESPORTE E LAZER;2.456;APOIO A ASSOCIACAO BARBACENENSE DE SKATE - ABSKT;63;ESPORTE E LAZER TRANSFORMANDO BARBACENA;27;Desporto e Lazer;812;Desporto Comunitário;232;3.3.50.41.00.00.00.00;CONTRIBUIÇÕES;1.501.000.0000;OUTROS RECURSOS NÃO VINCULADOS;86.632,72
PREFEITURA MUNICIPAL DE BARBACENA;14.002;FUNDO MUNICIPAL PRO-ESPORTE E LAZER;2.458;APOIO A ASSOCIAÇÃO DE CAPOEIRA BALANÇA BRASIL;63;ESPORTE E LAZER TRANSFORMANDO BARBACENA;27;Desporto e Lazer;812;Desporto Comunitário;233;3.3.50.41.00.00.00.00;CONTRIBUIÇÕES;1.501.000.0000;OUTROS RECURSOS NÃO VINCULADOS;33.265,45
PREFEITURA MUNICIPAL DE BARBACENA;14.002;FUNDO MUNICIPAL PRO-ESPORTE E LAZER;2.458;APOIO A ASSOCIAÇÃO DE CAPOEIRA BALANÇA BRASIL;63;ESPORTE E LAZER TRANSFORMANDO BARBACENA;27;Desporto e Lazer;812;Desporto Comunitário;979;4.4.50.41.00.00.00.00;CONTRIBUIÇÕES;1.501.000.0000;OUTROS RECURSOS NÃO VINCULADOS;0,00
PREFEITURA MUNICIPAL DE BARBACENA;14.002;FUNDO MUNICIPAL PRO-ESPORTE E LAZER;2.475;ASSOCIAÇÃO DOS AMIGOS CICLISTAS DE BARBACENA E REGIÃO -  AACB;63;ESPORTE E LAZER TRANSFORMANDO BARBACENA;27;Desporto e Lazer;812;Desporto Comunitário;234;3.3.50.41.00.00.00.00;CONTRIBUIÇÕES;1.753.000.0000;RECURSOS PROVENIENTES DE TAXAS, CONTRIBUIÇÕES E PREÇOS PÚBLICOS;173.265,45
PREFEITURA MUNICIPAL DE BARBACENA;14.002;FUNDO MUNICIPAL PRO-ESPORTE E LAZER;2.730;FOMENTAR E VALORIZAR PROJETOS SÓCIO-EDUCACIONAIS E APOIAR OS JOGOS ESCOLARES;63;ESPORTE E LAZER TRANSFORMANDO BARBACENA;27;Desporto e Lazer;812;Desporto Comunitário;235;3.3.90.30.00.00.00.00;MATERIAL DE CONSUMO;1.500.000.0000;RECURSOS NÃO VINCULADOS DE IMPOSTOS;20.000,00
PREFEITURA MUNICIPAL DE BARBACENA;14.002;FUNDO MUNICIPAL PRO-ESPORTE E LAZER;2.730;FOMENTAR E VALORIZAR PROJETOS SÓCIO-EDUCACIONAIS E APOIAR OS JOGOS ESCOLARES;63;ESPORTE E LAZER TRANSFORMANDO BARBACENA;27;Desporto e Lazer;812;Desporto Comunitário;236;3.3.90.39.00.00.00.00;OUTROS SERVIÇOS DE TERCEIROS - PESSOA JURÍDICA;1.500.000.0000;RECURSOS NÃO VINCULADOS DE IMPOSTOS;25.000,00
PREFEITURA MUNICIPAL DE BARBACENA;14.002;FUNDO MUNICIPAL PRO-ESPORTE E LAZER;2.730;FOMENTAR E VALORIZAR PROJETOS SÓCIO-EDUCACIONAIS E APOIAR OS JOGOS ESCOLARES;63;ESPORTE E LAZER TRANSFORMANDO BARBACENA;27;Desporto e Lazer;812;Desporto Comunitário;236;3.3.90.39.00.00.00.00;OUTROS SERVIÇOS DE TERCEIROS - PESSOA JURÍDICA;1.501.000.0000;OUTROS RECURSOS NÃO VINCULADOS;0,00
PREFEITURA MUNICIPAL DE BARBACENA;14.002;FUNDO MUNICIPAL PRO-ESPORTE E LAZER;2.730;FOMENTAR E VALORIZAR PROJETOS SÓCIO-EDUCACIONAIS E APOIAR OS JOGOS ESCOLARES;63;ESPORTE E LAZER TRANSFORMANDO BARBACENA;27;Desporto e Lazer;812;Desporto Comunitário;236;3.3.90.39.00.00.00.00;OUTROS SERVIÇOS DE TERCEIROS - PESSOA JURÍDICA;1.753.000.0000;RECURSOS PROVENIENTES DE TAXAS, CONTRIBUIÇÕES E PREÇOS PÚBLICOS;0,00
PREFEITURA MUNICIPAL DE BARBACENA;14.003;FUNDO MUNICIPAL DE CULTURA;1.487;CRIAÇÃO DO TEATRO MUNICIPAL DE BARBACENA;62;VALORIZAÇÃO E AMPLITUDE CULTURAL;13;Cultura;392;Difusão Cultural;237;4.4.90.51.00.00.00.00;OBRAS E INSTALAÇÕES;1.500.000.0000;RECURSOS NÃO VINCULADOS DE IMPOSTOS;1.000,00
PREFEITURA MUNICIPAL DE BARBACENA;14.003;FUNDO MUNICIPAL DE CULTURA;2.071;MANUTENÇÃO DA BIBLIOTECA PÚBLICA MUNICIPAL E DEMAIS APARELHOS CULTURAIS;62;VALORIZAÇÃO E AMPLITUDE CULTURAL;13;Cultura;392;Difusão Cultural;238;3.1.90.04.00.00.00.00;CONTRATAÇÃO POR TEMPO DETERMINADO;1.500.000.0000;RECURSOS NÃO VINCULADOS DE IMPOSTOS;109.911,11
PREFEITURA MUNICIPAL DE BARBACENA;14.003;FUNDO MUNICIPAL DE CULTURA;2.071;MANUTENÇÃO DA BIBLIOTECA PÚBLICA MUNICIPAL E DEMAIS APARELHOS CULTURAIS;62;VALORIZAÇÃO E AMPLITUDE CULTURAL;13;Cultura;392;Difusão Cultural;238;3.1.90.04.00.00.00.00;CONTRATAÇÃO POR TEMPO DETERMINADO;1.599.003.0000;OUTROS RECURSOS VINCULADOS À EDUCAÇÃO (SERVIÇOS EDUCACIONAIS);9.029,48
PREFEITURA MUNICIPAL DE BARBACENA;14.003;FUNDO MUNICIPAL DE CULTURA;2.071;MANUTENÇÃO DA BIBLIOTECA PÚBLICA MUNICIPAL E DEMAIS APARELHOS CULTURAIS;62;VALORIZAÇÃO E AMPLITUDE CULTURAL;13;Cultura;392;Difusão Cultural;239;3.1.90.11.00.00.00.00;VENCIMENTOS E VANTAGENS FIXAS - PESSOAL CIVIL;1.500.000.0000;RECURSOS NÃO VINCULADOS DE IMPOSTOS;1.143.726,14
PREFEITURA MUNICIPAL DE BARBACENA;14.003;FUNDO MUNICIPAL DE CULTURA;2.071;MANUTENÇÃO DA BIBLIOTECA PÚBLICA MUNICIPAL E DEMAIS APARELHOS CULTURAIS;62;VALORIZAÇÃO E AMPLITUDE CULTURAL;13;Cultura;392;Difusão Cultural;240;3.1.90.13.00.00.00.00;OBRIGAÇÕES PATRONAIS;1.500.000.0000;RECURSOS NÃO VINCULADOS DE IMPOSTOS;25.366,86
PREFEITURA MUNICIPAL DE BARBACENA;14.003;FUNDO MUNICIPAL DE CULTURA;2.071;MANUTENÇÃO DA BIBLIOTECA PÚBLICA MUNICIPAL E DEMAIS APARELHOS CULTURAIS;62;VALORIZAÇÃO E AMPLITUDE CULTURAL;13;Cultura;392;Difusão Cultural;241;3.1.91.13.00.00.00.00;OBRIGAÇÕES PATRONAIS;1.500.000.0000;RECURSOS NÃO VINCULADOS DE IMPOSTOS;273.142,41
PREFEITURA MUNICIPAL DE BARBACENA;14.003;FUNDO MUNICIPAL DE CULTURA;2.071;MANUTENÇÃO DA BIBLIOTECA PÚBLICA MUNICIPAL E DEMAIS APARELHOS CULTURAIS;62;VALORIZAÇÃO E AMPLITUDE CULTURAL;13;Cultura;392;Difusão Cultural;242;3.3.90.08.00.00.00.00;OUTROS BENEFÍCIOS ASSISTENCIAIS-SERVIDOR/MILITAR;1.500.000.0000;RECURSOS NÃO VINCULADOS DE IMPOSTOS;1.692,56
PREFEITURA MUNICIPAL DE BARBACENA;14.003;FUNDO MUNICIPAL DE CULTURA;2.071;MANUTENÇÃO DA BIBLIOTECA PÚBLICA MUNICIPAL E DEMAIS APARELHOS CULTURAIS;62;VALORIZAÇÃO E AMPLITUDE CULTURAL;13;Cultura;392;Difusão Cultural;243;3.3.90.14.00.00.00.00;DIÁRIAS - PESSOAL CIVIL;1.500.000.0000;RECURSOS NÃO VINCULADOS DE IMPOSTOS;1.000,00
PREFEITURA MUNICIPAL DE BARBACENA;14.003;FUNDO MUNICIPAL DE CULTURA;2.071;MANUTENÇÃO DA BIBLIOTECA PÚBLICA MUNICIPAL E DEMAIS APARELHOS CULTURAIS;62;VALORIZAÇÃO E AMPLITUDE CULTURAL;13;Cultura;392;Difusão Cultural;243;3.3.90.14.00.00.00.00;DIÁRIAS - PESSOAL CIVIL;1.501.000.0000;OUTROS RECURSOS NÃO VINCULADOS;0,00
PREFEITURA MUNICIPAL DE BARBACENA;14.003;FUNDO MUNICIPAL DE CULTURA;2.071;MANUTENÇÃO DA BIBLIOTECA PÚBLICA MUNICIPAL E DEMAIS APARELHOS CULTURAIS;62;VALORIZAÇÃO E AMPLITUDE CULTURAL;13;Cultura;392;Difusão Cultural;244;3.3.90.18.00.00.00.00;AUXÍLIO FINANCEIRO A ESTUDANTES;1.500.000.0000;RECURSOS NÃO VINCULADOS DE IMPOSTOS;1.000,00
PREFEITURA MUNICIPAL DE BARBACENA;14.003;FUNDO MUNICIPAL DE CULTURA;2.071;MANUTENÇÃO DA BIBLIOTECA PÚBLICA MUNICIPAL E DEMAIS APARELHOS CULTURAIS;62;VALORIZAÇÃO E AMPLITUDE CULTURAL;13;Cultura;392;Difusão Cultural;245;3.3.90.30.00.00.00.00;MATERIAL DE CONSUMO;1.500.000.0000;RECURSOS NÃO VINCULADOS DE IMPOSTOS;3.000,00
PREFEITURA MUNICIPAL DE BARBACENA;14.003;FUNDO MUNICIPAL DE CULTURA;2.071;MANUTENÇÃO DA BIBLIOTECA PÚBLICA MUNICIPAL E DEMAIS APARELHOS CULTURAIS;62;VALORIZAÇÃO E AMPLITUDE CULTURAL;13;Cultura;392;Difusão Cultural;245;3.3.90.30.00.00.00.00;MATERIAL DE CONSUMO;1.700.000.0000;OUTRAS TRANSFERÊNCIAS DE CONVÊNIOS OU INSTRUMENTOS CONGÊNERES DA UNIÃO;11.000,00
PREFEITURA MUNICIPAL DE BARBACENA;14.003;FUNDO MUNICIPAL DE CULTURA;2.071;MANUTENÇÃO DA BIBLIOTECA PÚBLICA MUNICIPAL E DEMAIS APARELHOS CULTURAIS;62;VALORIZAÇÃO E AMPLITUDE CULTURAL;13;Cultura;392;Difusão Cultural;246;3.3.90.36.00.00.00.00;OUTROS SERVIÇOS DE TERCEIROS - PESSOA FÍSICA;1.500.000.0000;RECURSOS NÃO VINCULADOS DE IMPOSTOS;2.000,00
PREFEITURA MUNICIPAL DE BARBACENA;14.003;FUNDO MUNICIPAL DE CULTURA;2.071;MANUTENÇÃO DA BIBLIOTECA PÚBLICA MUNICIPAL E DEMAIS APARELHOS CULTURAIS;62;VALORIZAÇÃO E AMPLITUDE CULTURAL;13;Cultura;392;Difusão Cultural;247;3.3.90.39.00.00.00.00;OUTROS SERVIÇOS DE TERCEIROS - PESSOA JURÍDICA;1.500.000.0000;RECURSOS NÃO VINCULADOS DE IMPOSTOS;5.000,00
PREFEITURA MUNICIPAL DE BARBACENA;14.003;FUNDO MUNICIPAL DE CULTURA;2.071;MANUTENÇÃO DA BIBLIOTECA PÚBLICA MUNICIPAL E DEMAIS APARELHOS CULTURAIS;62;VALORIZAÇÃO E AMPLITUDE CULTURAL;13;Cultura;392;Difusão Cultural;247;3.3.90.39.00.00.00.00;OUTROS SERVIÇOS DE TERCEIROS - PESSOA JURÍDICA;1.700.000.0000;OUTRAS TRANSFERÊNCIAS DE CONVÊNIOS OU INSTRUMENTOS CONGÊNERES DA UNIÃO;11.000,00
PREFEITURA MUNICIPAL DE BARBACENA;14.003;FUNDO MUNICIPAL DE CULTURA;2.071;MANUTENÇÃO DA BIBLIOTECA PÚBLICA MUNICIPAL E DEMAIS APARELHOS CULTURAIS;62;VALORIZAÇÃO E AMPLITUDE CULTURAL;13;Cultura;392;Difusão Cultural;247;3.3.90.39.00.00.00.00;OUTROS SERVIÇOS DE TERCEIROS - PESSOA JURÍDICA;2.500.000.0000;RECURSOS NÃO VINCULADOS DE IMPOSTOS;0,00
PREFEITURA MUNICIPAL DE BARBACENA;14.003;FUNDO MUNICIPAL DE CULTURA;2.071;MANUTENÇÃO DA BIBLIOTECA PÚBLICA MUNICIPAL E DEMAIS APARELHOS CULTURAIS;62;VALORIZAÇÃO E AMPLITUDE CULTURAL;13;Cultura;392;Difusão Cultural;248;3.3.90.40.00.00.00.00;SERVIÇOS DE TECNOLOGIA DA INFORMAÇÃO E COMUNICAÇ;1.500.000.0000;RECURSOS NÃO VINCULADOS DE IMPOSTOS;2.000,00
PREFEITURA MUNICIPAL DE BARBACENA;14.003;FUNDO MUNICIPAL DE CULTURA;2.071;MANUTENÇÃO DA BIBLIOTECA PÚBLICA MUNICIPAL E DEMAIS APARELHOS CULTURAIS;62;VALORIZAÇÃO E AMPLITUDE CULTURAL;13;Cultura;392;Difusão Cultural;249;3.3.90.46.00.00.00.00;AUXÍLIO-ALIMENTAÇÃO;1.500.000.0000;RECURSOS NÃO VINCULADOS DE IMPOSTOS;4.987,50
PREFEITURA MUNICIPAL DE BARBACENA;14.003;FUNDO MUNICIPAL DE CULTURA;2.071;MANUTENÇÃO DA BIBLIOTECA PÚBLICA MUNICIPAL E DEMAIS APARELHOS CULTURAIS;62;VALORIZAÇÃO E AMPLITUDE CULTURAL;13;Cultura;392;Difusão Cultural;250;3.3.90.93.00.00.00.00;INDENIZAÇÕES E RESTITUIÇÕES;1.700.000.0000;OUTRAS TRANSFERÊNCIAS DE CONVÊNIOS OU INSTRUMENTOS CONGÊNERES DA UNIÃO;1.000,00
PREFEITURA MUNICIPAL DE BARBACENA;14.003;FUNDO MUNICIPAL DE CULTURA;2.071;MANUTENÇÃO DA BIBLIOTECA PÚBLICA MUNICIPAL E DEMAIS APARELHOS CULTURAIS;62;VALORIZAÇÃO E AMPLITUDE CULTURAL;13;Cultura;392;Difusão Cultural;251;4.4.90.52.00.00.00.00;EQUIPAMENTOS E MATERIAL PERMANENTE;1.500.000.0000;RECURSOS NÃO VINCULADOS DE IMPOSTOS;5.000,00
PREFEITURA MUNICIPAL DE BARBACENA;14.003;FUNDO MUNICIPAL DE CULTURA;2.071;MANUTENÇÃO DA BIBLIOTECA PÚBLICA MUNICIPAL E DEMAIS APARELHOS CULTURAIS;62;VALORIZAÇÃO E AMPLITUDE CULTURAL;13;Cultura;392;Difusão Cultural;251;4.4.90.52.00.00.00.00;EQUIPAMENTOS E MATERIAL PERMANENTE;1.700.000.0000;OUTRAS TRANSFERÊNCIAS DE CONVÊNIOS OU INSTRUMENTOS CONGÊNERES DA UNIÃO;30.000,00
PREFEITURA MUNICIPAL DE BARBACENA;14.003;FUNDO MUNICIPAL DE CULTURA;2.072;MANUTENÇAO DE MUSEUS;62;VALORIZAÇÃO E AMPLITUDE CULTURAL;13;Cultura;392;Difusão Cultural;252;3.1.90.04.00.00.00.00;CONTRATAÇÃO POR TEMPO DETERMINADO;1.500.000.0000;RECURSOS NÃO VINCULADOS DE IMPOSTOS;5.000,00
PREFEITURA MUNICIPAL DE BARBACENA;14.003;FUNDO MUNICIPAL DE CULTURA;2.072;MANUTENÇAO DE MUSEUS;62;VALORIZAÇÃO E AMPLITUDE CULTURAL;13;Cultura;392;Difusão Cultural;253;3.1.90.11.00.00.00.00;VENCIMENTOS E VANTAGENS FIXAS - PESSOAL CIVIL;1.500.000.0000;RECURSOS NÃO VINCULADOS DE IMPOSTOS;183.588,36
PREFEITURA MUNICIPAL DE BARBACENA;14.003;FUNDO MUNICIPAL DE CULTURA;2.072;MANUTENÇAO DE MUSEUS;62;VALORIZAÇÃO E AMPLITUDE CULTURAL;13;Cultura;392;Difusão Cultural;254;3.1.90.13.00.00.00.00;OBRIGAÇÕES PATRONAIS;1.500.000.0000;RECURSOS NÃO VINCULADOS DE IMPOSTOS;13.234,77
PREFEITURA MUNICIPAL DE BARBACENA;14.003;FUNDO MUNICIPAL DE CULTURA;2.072;MANUTENÇAO DE MUSEUS;62;VALORIZAÇÃO E AMPLITUDE CULTURAL;13;Cultura;392;Difusão Cultural;255;3.1.91.13.00.00.00.00;OBRIGAÇÕES PATRONAIS;1.500.000.0000;RECURSOS NÃO VINCULADOS DE IMPOSTOS;25.236,67
PREFEITURA MUNICIPAL DE BARBACENA;14.003;FUNDO MUNICIPAL DE CULTURA;2.072;MANUTENÇAO DE MUSEUS;62;VALORIZAÇÃO E AMPLITUDE CULTURAL;13;Cultura;392;Difusão Cultural;256;3.3.90.08.00.00.00.00;OUTROS BENEFÍCIOS ASSISTENCIAIS-SERVIDOR/MILITAR;1.500.000.0000;RECURSOS NÃO VINCULADOS DE IMPOSTOS;1.500,00
PREFEITURA MUNICIPAL DE BARBACENA;14.003;FUNDO MUNICIPAL DE CULTURA;2.072;MANUTENÇAO DE MUSEUS;62;VALORIZAÇÃO E AMPLITUDE CULTURAL;13;Cultura;392;Difusão Cultural;257;3.3.90.14.00.00.00.00;DIÁRIAS - PESSOAL CIVIL;1.500.000.0000;RECURSOS NÃO VINCULADOS DE IMPOSTOS;1.000,00
PREFEITURA MUNICIPAL DE BARBACENA;14.003;FUNDO MUNICIPAL DE CULTURA;2.072;MANUTENÇAO DE MUSEUS;62;VALORIZAÇÃO E AMPLITUDE CULTURAL;13;Cultura;392;Difusão Cultural;257;3.3.90.14.00.00.00.00;DIÁRIAS - PESSOAL CIVIL;1.501.000.0000;OUTROS RECURSOS NÃO VINCULADOS;0,00
PREFEITURA MUNICIPAL DE BARBACENA;14.003;FUNDO MUNICIPAL DE CULTURA;2.072;MANUTENÇAO DE MUSEUS;62;VALORIZAÇÃO E AMPLITUDE CULTURAL;13;Cultura;392;Difusão Cultural;258;3.3.90.18.00.00.00.00;AUXÍLIO FINANCEIRO A ESTUDANTES;1.500.000.0000;RECURSOS NÃO VINCULADOS DE IMPOSTOS;1.000,00
PREFEITURA MUNICIPAL DE BARBACENA;14.003;FUNDO MUNICIPAL DE CULTURA;2.072;MANUTENÇAO DE MUSEUS;62;VALORIZAÇÃO E AMPLITUDE CULTURAL;13;Cultura;392;Difusão Cultural;259;3.3.90.30.00.00.00.00;MATERIAL DE CONSUMO;1.500.000.0000;RECURSOS NÃO VINCULADOS DE IMPOSTOS;5.000,00
PREFEITURA MUNICIPAL DE BARBACENA;14.003;FUNDO MUNICIPAL DE CULTURA;2.072;MANUTENÇAO DE MUSEUS;62;VALORIZAÇÃO E AMPLITUDE CULTURAL;13;Cultura;392;Difusão Cultural;259;3.3.90.30.00.00.00.00;MATERIAL DE CONSUMO;1.700.000.0000;OUTRAS TRANSFERÊNCIAS DE CONVÊNIOS OU INSTRUMENTOS CONGÊNERES DA UNIÃO;10.000,00
PREFEITURA MUNICIPAL DE BARBACENA;14.003;FUNDO MUNICIPAL DE CULTURA;2.072;MANUTENÇAO DE MUSEUS;62;VALORIZAÇÃO E AMPLITUDE CULTURAL;13;Cultura;392;Difusão Cultural;260;3.3.90.36.00.00.00.00;OUTROS SERVIÇOS DE TERCEIROS - PESSOA FÍSICA;1.500.000.0000;RECURSOS NÃO VINCULADOS DE IMPOSTOS;3.000,00
PREFEITURA MUNICIPAL DE BARBACENA;14.003;FUNDO MUNICIPAL DE CULTURA;2.072;MANUTENÇAO DE MUSEUS;62;VALORIZAÇÃO E AMPLITUDE CULTURAL;13;Cultura;392;Difusão Cultural;261;3.3.90.39.00.00.00.00;OUTROS SERVIÇOS DE TERCEIROS - PESSOA JURÍDICA;1.500.000.0000;RECURSOS NÃO VINCULADOS DE IMPOSTOS;25.000,00
PREFEITURA MUNICIPAL DE BARBACENA;14.003;FUNDO MUNICIPAL DE CULTURA;2.072;MANUTENÇAO DE MUSEUS;62;VALORIZAÇÃO E AMPLITUDE CULTURAL;13;Cultura;392;Difusão Cultural;261;3.3.90.39.00.00.00.00;OUTROS SERVIÇOS DE TERCEIROS - PESSOA JURÍDICA;1.700.000.0000;OUTRAS TRANSFERÊNCIAS DE CONVÊNIOS OU INSTRUMENTOS CONGÊNERES DA UNIÃO;10.000,00
PREFEITURA MUNICIPAL DE BARBACENA;14.003;FUNDO MUNICIPAL DE CULTURA;2.072;MANUTENÇAO DE MUSEUS;62;VALORIZAÇÃO E AMPLITUDE CULTURAL;13;Cultura;392;Difusão Cultural;262;3.3.90.46.00.00.00.00;AUXÍLIO-ALIMENTAÇÃO;1.500.000.0000;RECURSOS NÃO VINCULADOS DE IMPOSTOS;10.237,50
PREFEITURA MUNICIPAL DE BARBACENA;14.003;FUNDO MUNICIPAL DE CULTURA;2.072;MANUTENÇAO DE MUSEUS;62;VALORIZAÇÃO E AMPLITUDE CULTURAL;13;Cultura;392;Difusão Cultural;263;3.3.90.93.00.00.00.00;INDENIZAÇÕES E RESTITUIÇÕES;1.700.000.0000;OUTRAS TRANSFERÊNCIAS DE CONVÊNIOS OU INSTRUMENTOS CONGÊNERES DA UNIÃO;10.000,00
PREFEITURA MUNICIPAL DE BARBACENA;14.003;FUNDO MUNICIPAL DE CULTURA;2.072;MANUTENÇAO DE MUSEUS;62;VALORIZAÇÃO E AMPLITUDE CULTURAL;13;Cultura;392;Difusão Cultural;264;4.4.90.51.00.00.00.00;OBRAS E INSTALAÇÕES;1.500.000.0000;RECURSOS NÃO VINCULADOS DE IMPOSTOS;5.000,00
PREFEITURA MUNICIPAL DE BARBACENA;14.003;FUNDO MUNICIPAL DE CULTURA;2.072;MANUTENÇAO DE MUSEUS;62;VALORIZAÇÃO E AMPLITUDE CULTURAL;13;Cultura;392;Difusão Cultural;265;4.4.90.52.00.00.00.00;EQUIPAMENTOS E MATERIAL PERMANENTE;1.500.000.0000;RECURSOS NÃO VINCULADOS DE IMPOSTOS;5.000,00
PREFEITURA MUNICIPAL DE BARBACENA;14.003;FUNDO MUNICIPAL DE CULTURA;2.072;MANUTENÇAO DE MUSEUS;62;VALORIZAÇÃO E AMPLITUDE CULTURAL;13;Cultura;392;Difusão Cultural;265;4.4.90.52.00.00.00.00;EQUIPAMENTOS E MATERIAL PERMANENTE;1.700.000.0000;OUTRAS TRANSFERÊNCIAS DE CONVÊNIOS OU INSTRUMENTOS CONGÊNERES DA UNIÃO;35.000,00
PREFEITURA MUNICIPAL DE BARBACENA;14.003;FUNDO MUNICIPAL DE CULTURA;2.251;REALIZAÇÃO E APOIO A ATIVIDADES, CONCURSOS E EDITAIS CULTURAIS;62;VALORIZAÇÃO E AMPLITUDE CULTURAL;13;Cultura;392;Difusão Cultural;266;3.3.90.30.00.00.00.00;MATERIAL DE CONSUMO;1.500.000.0000;RECURSOS NÃO VINCULADOS DE IMPOSTOS;19.000,00
PREFEITURA MUNICIPAL DE BARBACENA;14.003;FUNDO MUNICIPAL DE CULTURA;2.251;REALIZAÇÃO E APOIO A ATIVIDADES, CONCURSOS E EDITAIS CULTURAIS;62;VALORIZAÇÃO E AMPLITUDE CULTURAL;13;Cultura;392;Difusão Cultural;267;3.3.90.39.00.00.00.00;OUTROS SERVIÇOS DE TERCEIROS - PESSOA JURÍDICA;1.500.000.0000;RECURSOS NÃO VINCULADOS DE IMPOSTOS;400.000,00
PREFEITURA MUNICIPAL DE BARBACENA;14.003;FUNDO MUNICIPAL DE CULTURA;2.251;REALIZAÇÃO E APOIO A ATIVIDADES, CONCURSOS E EDITAIS CULTURAIS;62;VALORIZAÇÃO E AMPLITUDE CULTURAL;13;Cultura;392;Difusão Cultural;267;3.3.90.39.00.00.00.00;OUTROS SERVIÇOS DE TERCEIROS - PESSOA JURÍDICA;2.753.000.0000;RECURSOS PROVENIENTES DE TAXAS, CONTRIBUIÇÕES E PREÇOS PÚBLICOS;0,00
PREFEITURA MUNICIPAL DE BARBACENA;14.003;FUNDO MUNICIPAL DE CULTURA;2.251;REALIZAÇÃO E APOIO A ATIVIDADES, CONCURSOS E EDITAIS CULTURAIS;62;VALORIZAÇÃO E AMPLITUDE CULTURAL;13;Cultura;392;Difusão Cultural;268;3.3.90.47.00.00.00.00;OBRIGAÇÕES TRIBUTÁRIAS E CONTRIBUTIVAS;1.500.000.0000;RECURSOS NÃO VINCULADOS DE IMPOSTOS;40.000,00
PREFEITURA MUNICIPAL DE BARBACENA;14.003;FUNDO MUNICIPAL DE CULTURA;2.251;REALIZAÇÃO E APOIO A ATIVIDADES, CONCURSOS E EDITAIS CULTURAIS;62;VALORIZAÇÃO E AMPLITUDE CULTURAL;13;Cultura;392;Difusão Cultural;269;3.3.90.93.00.00.00.00;INDENIZAÇÕES E RESTITUIÇÕES;1.749.000.0000;OUTRAS VINCULAÇÕES DE TRANSFERÊNCIAS;2.621,22
PREFEITURA MUNICIPAL DE BARBACENA;14.003;FUNDO MUNICIPAL DE CULTURA;2.343;MANUTENÇÃO DE AÇÕES PARA EXECUÇÃO DA LEI PAULO GUSTAVO - LEI N° 195/2022;62;VALORIZAÇÃO E AMPLITUDE CULTURAL;13;Cultura;392;Difusão Cultural;988;3.3.90.48.00.00.00.00;OUTROS AUXÍLIOS FINANCEIROS A PESSOAS FÍSICAS;1.715.000.0000;TRANSFERÊNCIAS DESTINADAS AO SETOR CULTURAL - LC Nº 195/2022 - ART. 5º - AUDIOVISUAL;0,00
PREFEITURA MUNICIPAL DE BARBACENA;14.003;FUNDO MUNICIPAL DE CULTURA;2.343;MANUTENÇÃO DE AÇÕES PARA EXECUÇÃO DA LEI PAULO GUSTAVO - LEI N° 195/2022;62;VALORIZAÇÃO E AMPLITUDE CULTURAL;13;Cultura;392;Difusão Cultural;989;3.3.60.45.00.00.00.00;SUBVENÇÕES ECONÔMICAS;1.715.000.0000;TRANSFERÊNCIAS DESTINADAS AO SETOR CULTURAL - LC Nº 195/2022 - ART. 5º - AUDIOVISUAL;0,00
PREFEITURA MUNICIPAL DE BARBACENA;14.003;FUNDO MUNICIPAL DE CULTURA;2.343;MANUTENÇÃO DE AÇÕES PARA EXECUÇÃO DA LEI PAULO GUSTAVO - LEI N° 195/2022;62;VALORIZAÇÃO E AMPLITUDE CULTURAL;13;Cultura;392;Difusão Cultural;990;3.3.50.41.00.00.00.00;CONTRIBUIÇÕES;1.715.000.0000;TRANSFERÊNCIAS DESTINADAS AO SETOR CULTURAL - LC Nº 195/2022 - ART. 5º - AUDIOVISUAL;0,00
PREFEITURA MUNICIPAL DE BARBACENA;14.003;FUNDO MUNICIPAL DE CULTURA;2.343;MANUTENÇÃO DE AÇÕES PARA EXECUÇÃO DA LEI PAULO GUSTAVO - LEI N° 195/2022;62;VALORIZAÇÃO E AMPLITUDE CULTURAL;13;Cultura;392;Difusão Cultural;991;3.3.90.31.00.00.00.00;PREMIAÇÕES CULTURAIS, ARTÍSTICAS, CIENT., DESPORT;1.716.000.0000;TRANSFERÊNCIAS DESTINADAS AO SETOR CULTURAL - LC Nº 195/2022 - ART. 8º - DEMAIS SETORES DA CULTURA;0,00
PREFEITURA MUNICIPAL DE BARBACENA;14.003;FUNDO MUNICIPAL DE CULTURA;2.478;SUBSIDIAR TRANSPORTE PARA BANDAS DE MÚSICA E DE CONGADO PARA PARTICIPAÇÃO NOS EVENTOS FORA DA CIDADE;62;VALORIZAÇÃO E AMPLITUDE CULTURAL;13;Cultura;392;Difusão Cultural;270;3.3.90.39.00.00.00.00;OUTROS SERVIÇOS DE TERCEIROS - PESSOA JURÍDICA;1.500.000.0000;RECURSOS NÃO VINCULADOS DE IMPOSTOS;40.000,00
PREFEITURA MUNICIPAL DE BARBACENA;14.004;FUNDO MUN. PATRIM. ART, HIST. E CULTURAL - FUMPAC;2.338;MANUTENÇÃO, REF. E ADEQ. DOS APARELHOS CULTURAIS E PATRIMÔNIO HISTÓRICO CULTURAL;62;VALORIZAÇÃO E AMPLITUDE CULTURAL;13;Cultura;392;Difusão Cultural;271;3.3.90.30.00.00.00.00;MATERIAL DE CONSUMO;1.500.000.0000;RECURSOS NÃO VINCULADOS DE IMPOSTOS;15.000,00
PREFEITURA MUNICIPAL DE BARBACENA;14.004;FUNDO MUN. PATRIM. ART, HIST. E CULTURAL - FUMPAC;2.338;MANUTENÇÃO, REF. E ADEQ. DOS APARELHOS CULTURAIS E PATRIMÔNIO HISTÓRICO CULTURAL;62;VALORIZAÇÃO E AMPLITUDE CULTURAL;13;Cultura;392;Difusão Cultural;272;3.3.90.35.00.00.00.00;SERVIÇOS DE CONSULTORIA;1.500.000.0000;RECURSOS NÃO VINCULADOS DE IMPOSTOS;16.000,00
PREFEITURA MUNICIPAL DE BARBACENA;14.004;FUNDO MUN. PATRIM. ART, HIST. E CULTURAL - FUMPAC;2.338;MANUTENÇÃO, REF. E ADEQ. DOS APARELHOS CULTURAIS E PATRIMÔNIO HISTÓRICO CULTURAL;62;VALORIZAÇÃO E AMPLITUDE CULTURAL;13;Cultura;392;Difusão Cultural;273;3.3.90.36.00.00.00.00;OUTROS SERVIÇOS DE TERCEIROS - PESSOA FÍSICA;1.500.000.0000;RECURSOS NÃO VINCULADOS DE IMPOSTOS;6.000,00
PREFEITURA MUNICIPAL DE BARBACENA;14.004;FUNDO MUN. PATRIM. ART, HIST. E CULTURAL - FUMPAC;2.338;MANUTENÇÃO, REF. E ADEQ. DOS APARELHOS CULTURAIS E PATRIMÔNIO HISTÓRICO CULTURAL;62;VALORIZAÇÃO E AMPLITUDE CULTURAL;13;Cultura;392;Difusão Cultural;274;3.3.90.39.00.00.00.00;OUTROS SERVIÇOS DE TERCEIROS - PESSOA JURÍDICA;1.500.000.0000;RECURSOS NÃO VINCULADOS DE IMPOSTOS;32.000,00
PREFEITURA MUNICIPAL DE BARBACENA;14.004;FUNDO MUN. PATRIM. ART, HIST. E CULTURAL - FUMPAC;2.338;MANUTENÇÃO, REF. E ADEQ. DOS APARELHOS CULTURAIS E PATRIMÔNIO HISTÓRICO CULTURAL;62;VALORIZAÇÃO E AMPLITUDE CULTURAL;13;Cultura;392;Difusão Cultural;275;3.3.90.47.00.00.00.00;OBRIGAÇÕES TRIBUTÁRIAS E CONTRIBUTIVAS;1.500.000.0000;RECURSOS NÃO VINCULADOS DE IMPOSTOS;1.000,00
PREFEITURA MUNICIPAL DE BARBACENA;14.004;FUNDO MUN. PATRIM. ART, HIST. E CULTURAL - FUMPAC;2.338;MANUTENÇÃO, REF. E ADEQ. DOS APARELHOS CULTURAIS E PATRIMÔNIO HISTÓRICO CULTURAL;62;VALORIZAÇÃO E AMPLITUDE CULTURAL;13;Cultura;392;Difusão Cultural;276;4.4.90.51.00.00.00.00;OBRAS E INSTALAÇÕES;1.500.000.0000;RECURSOS NÃO VINCULADOS DE IMPOSTOS;120.000,00
PREFEITURA MUNICIPAL DE BARBACENA;14.004;FUNDO MUN. PATRIM. ART, HIST. E CULTURAL - FUMPAC;2.338;MANUTENÇÃO, REF. E ADEQ. DOS APARELHOS CULTURAIS E PATRIMÔNIO HISTÓRICO CULTURAL;62;VALORIZAÇÃO E AMPLITUDE CULTURAL;13;Cultura;392;Difusão Cultural;276;4.4.90.51.00.00.00.00;OBRAS E INSTALAÇÕES;2.500.000.0000;RECURSOS NÃO VINCULADOS DE IMPOSTOS;0,00
PREFEITURA MUNICIPAL DE BARBACENA;14.004;FUNDO MUN. PATRIM. ART, HIST. E CULTURAL - FUMPAC;2.338;MANUTENÇÃO, REF. E ADEQ. DOS APARELHOS CULTURAIS E PATRIMÔNIO HISTÓRICO CULTURAL;62;VALORIZAÇÃO E AMPLITUDE CULTURAL;13;Cultura;392;Difusão Cultural;277;4.4.90.52.00.00.00.00;EQUIPAMENTOS E MATERIAL PERMANENTE;1.500.000.0000;RECURSOS NÃO VINCULADOS DE IMPOSTOS;6.000,00
PREFEITURA MUNICIPAL DE BARBACENA;14.004;FUNDO MUN. PATRIM. ART, HIST. E CULTURAL - FUMPAC;2.338;MANUTENÇÃO, REF. E ADEQ. DOS APARELHOS CULTURAIS E PATRIMÔNIO HISTÓRICO CULTURAL;62;VALORIZAÇÃO E AMPLITUDE CULTURAL;13;Cultura;392;Difusão Cultural;950;3.3.90.92.00.00.00.00;DESPESAS DE EXERCÍCIOS ANTERIORES;1.500.000.0000;RECURSOS NÃO VINCULADOS DE IMPOSTOS;0,00
PREFEITURA MUNICIPAL DE BARBACENA;14.005;FUNDO MUNICIPAL DE TURISMO;2.257;REALIZAÇAO DA EXPOSIÇAO AGROPECUARIA DE BARBACENA;40;CALENDÁRIO OFICIAL DE EVENTOS;4;Administração;122;Administração Geral;278;3.3.90.39.00.00.00.00;OUTROS SERVIÇOS DE TERCEIROS - PESSOA JURÍDICA;1.500.000.0000;RECURSOS NÃO VINCULADOS DE IMPOSTOS;281.819,07
PREFEITURA MUNICIPAL DE BARBACENA;14.005;FUNDO MUNICIPAL DE TURISMO;2.257;REALIZAÇAO DA EXPOSIÇAO AGROPECUARIA DE BARBACENA;40;CALENDÁRIO OFICIAL DE EVENTOS;4;Administração;122;Administração Geral;953;3.3.90.47.00.00.00.00;OBRIGAÇÕES TRIBUTÁRIAS E CONTRIBUTIVAS;1.500.000.0000;RECURSOS NÃO VINCULADOS DE IMPOSTOS;0,00
PREFEITURA MUNICIPAL DE BARBACENA;14.005;FUNDO MUNICIPAL DE TURISMO;2.256;REALIZAÇAO DO CARNAVAL;40;CALENDÁRIO OFICIAL DE EVENTOS;4;Administração;392;Difusão Cultural;279;3.3.90.30.00.00.00.00;MATERIAL DE CONSUMO;1.500.000.0000;RECURSOS NÃO VINCULADOS DE IMPOSTOS;15.000,00
PREFEITURA MUNICIPAL DE BARBACENA;14.005;FUNDO MUNICIPAL DE TURISMO;2.256;REALIZAÇAO DO CARNAVAL;40;CALENDÁRIO OFICIAL DE EVENTOS;4;Administração;392;Difusão Cultural;280;3.3.90.36.00.00.00.00;OUTROS SERVIÇOS DE TERCEIROS - PESSOA FÍSICA;1.500.000.0000;RECURSOS NÃO VINCULADOS DE IMPOSTOS;10.000,00
PREFEITURA MUNICIPAL DE BARBACENA;14.005;FUNDO MUNICIPAL DE TURISMO;2.256;REALIZAÇAO DO CARNAVAL;40;CALENDÁRIO OFICIAL DE EVENTOS;4;Administração;392;Difusão Cultural;281;3.3.90.39.00.00.00.00;OUTROS SERVIÇOS DE TERCEIROS - PESSOA JURÍDICA;1.500.000.0000;RECURSOS NÃO VINCULADOS DE IMPOSTOS;150.000,00
PREFEITURA MUNICIPAL DE BARBACENA;14.005;FUNDO MUNICIPAL DE TURISMO;2.261;REALIZAÇAO DA FESTA DAS ROSAS E FLORES;40;CALENDÁRIO OFICIAL DE EVENTOS;4;Administração;392;Difusão Cultural;282;3.3.90.39.00.00.00.00;OUTROS SERVIÇOS DE TERCEIROS - PESSOA JURÍDICA;1.500.000.0000;RECURSOS NÃO VINCULADOS DE IMPOSTOS;787.500,00
PREFEITURA MUNICIPAL DE BARBACENA;14.005;FUNDO MUNICIPAL DE TURISMO;2.261;REALIZAÇAO DA FESTA DAS ROSAS E FLORES;40;CALENDÁRIO OFICIAL DE EVENTOS;4;Administração;392;Difusão Cultural;282;3.3.90.39.00.00.00.00;OUTROS SERVIÇOS DE TERCEIROS - PESSOA JURÍDICA;2.500.000.0000;RECURSOS NÃO VINCULADOS DE IMPOSTOS;0,00
PREFEITURA MUNICIPAL DE BARBACENA;14.005;FUNDO MUNICIPAL DE TURISMO;2.261;REALIZAÇAO DA FESTA DAS ROSAS E FLORES;40;CALENDÁRIO OFICIAL DE EVENTOS;4;Administração;392;Difusão Cultural;282;3.3.90.39.00.00.00.00;OUTROS SERVIÇOS DE TERCEIROS - PESSOA JURÍDICA;2.753.000.0000;RECURSOS PROVENIENTES DE TAXAS, CONTRIBUIÇÕES E PREÇOS PÚBLICOS;0,00
PREFEITURA MUNICIPAL DE BARBACENA;14.005;FUNDO MUNICIPAL DE TURISMO;2.261;REALIZAÇAO DA FESTA DAS ROSAS E FLORES;40;CALENDÁRIO OFICIAL DE EVENTOS;4;Administração;392;Difusão Cultural;975;3.3.90.47.00.00.00.00;OBRIGAÇÕES TRIBUTÁRIAS E CONTRIBUTIVAS;2.500.000.0000;RECURSOS NÃO VINCULADOS DE IMPOSTOS;0,00
PREFEITURA MUNICIPAL DE BARBACENA;14.005;FUNDO MUNICIPAL DE TURISMO;2.256;REALIZAÇAO DO CARNAVAL;40;CALENDÁRIO OFICIAL DE EVENTOS;13;Cultura;392;Difusão Cultural;922;3.3.90.47.00.00.00.00;OBRIGAÇÕES TRIBUTÁRIAS E CONTRIBUTIVAS;1.500.000.0000;RECURSOS NÃO VINCULADOS DE IMPOSTOS;0,00
PREFEITURA MUNICIPAL DE BARBACENA;14.005;FUNDO MUNICIPAL DE TURISMO;2.670;APOIO A REALIZAÇÃO DE EVENTOS E FESTIVIDADES EM GERAL;40;CALENDÁRIO OFICIAL DE EVENTOS;13;Cultura;392;Difusão Cultural;290;3.3.50.41.00.00.00.00;CONTRIBUIÇÕES;1.500.000.0000;RECURSOS NÃO VINCULADOS DE IMPOSTOS;10.000,00
PREFEITURA MUNICIPAL DE BARBACENA;14.005;FUNDO MUNICIPAL DE TURISMO;2.670;APOIO A REALIZAÇÃO DE EVENTOS E FESTIVIDADES EM GERAL;40;CALENDÁRIO OFICIAL DE EVENTOS;13;Cultura;392;Difusão Cultural;291;3.3.90.39.00.00.00.00;OUTROS SERVIÇOS DE TERCEIROS - PESSOA JURÍDICA;1.500.000.0000;RECURSOS NÃO VINCULADOS DE IMPOSTOS;50.000,00
PREFEITURA MUNICIPAL DE BARBACENA;14.005;FUNDO MUNICIPAL DE TURISMO;2.670;APOIO A REALIZAÇÃO DE EVENTOS E FESTIVIDADES EM GERAL;40;CALENDÁRIO OFICIAL DE EVENTOS;13;Cultura;392;Difusão Cultural;291;3.3.90.39.00.00.00.00;OUTROS SERVIÇOS DE TERCEIROS - PESSOA JURÍDICA;1.501.000.0000;OUTROS RECURSOS NÃO VINCULADOS;400.000,00
PREFEITURA MUNICIPAL DE BARBACENA;14.005;FUNDO MUNICIPAL DE TURISMO;2.670;APOIO A REALIZAÇÃO DE EVENTOS E FESTIVIDADES EM GERAL;40;CALENDÁRIO OFICIAL DE EVENTOS;13;Cultura;392;Difusão Cultural;291;3.3.90.39.00.00.00.00;OUTROS SERVIÇOS DE TERCEIROS - PESSOA JURÍDICA;2.500.000.0000;RECURSOS NÃO VINCULADOS DE IMPOSTOS;0,00
PREFEITURA MUNICIPAL DE BARBACENA;14.005;FUNDO MUNICIPAL DE TURISMO;2.670;APOIO A REALIZAÇÃO DE EVENTOS E FESTIVIDADES EM GERAL;40;CALENDÁRIO OFICIAL DE EVENTOS;13;Cultura;392;Difusão Cultural;291;3.3.90.39.00.00.00.00;OUTROS SERVIÇOS DE TERCEIROS - PESSOA JURÍDICA;2.753.000.0000;RECURSOS PROVENIENTES DE TAXAS, CONTRIBUIÇÕES E PREÇOS PÚBLICOS;0,00
PREFEITURA MUNICIPAL DE BARBACENA;14.005;FUNDO MUNICIPAL DE TURISMO;2.671;REALIZAÇÃO DAS FESTIVIDADES DO JUBILIEU DE SÃO JOSÉ OPERÁRIO;40;CALENDÁRIO OFICIAL DE EVENTOS;13;Cultura;392;Difusão Cultural;292;3.3.90.39.00.00.00.00;OUTROS SERVIÇOS DE TERCEIROS - PESSOA JURÍDICA;1.500.000.0000;RECURSOS NÃO VINCULADOS DE IMPOSTOS;100.000,00
PREFEITURA MUNICIPAL DE BARBACENA;14.005;FUNDO MUNICIPAL DE TURISMO;2.671;REALIZAÇÃO DAS FESTIVIDADES DO JUBILIEU DE SÃO JOSÉ OPERÁRIO;40;CALENDÁRIO OFICIAL DE EVENTOS;13;Cultura;392;Difusão Cultural;943;3.3.90.30.00.00.00.00;MATERIAL DE CONSUMO;1.500.000.0000;RECURSOS NÃO VINCULADOS DE IMPOSTOS;0,00
PREFEITURA MUNICIPAL DE BARBACENA;14.005;FUNDO MUNICIPAL DE TURISMO;2.734;REALIZAÇÃO DE DEMAIS EVENTOS DO CALENDÁRIO OFICIAL DO MUNICÍPIO;40;CALENDÁRIO OFICIAL DE EVENTOS;13;Cultura;392;Difusão Cultural;293;3.3.90.39.00.00.00.00;OUTROS SERVIÇOS DE TERCEIROS - PESSOA JURÍDICA;1.500.000.0000;RECURSOS NÃO VINCULADOS DE IMPOSTOS;20.000,00
PREFEITURA MUNICIPAL DE BARBACENA;14.005;FUNDO MUNICIPAL DE TURISMO;2.734;REALIZAÇÃO DE DEMAIS EVENTOS DO CALENDÁRIO OFICIAL DO MUNICÍPIO;40;CALENDÁRIO OFICIAL DE EVENTOS;13;Cultura;392;Difusão Cultural;293;3.3.90.39.00.00.00.00;OUTROS SERVIÇOS DE TERCEIROS - PESSOA JURÍDICA;2.500.000.0000;RECURSOS NÃO VINCULADOS DE IMPOSTOS;0,00
PREFEITURA MUNICIPAL DE BARBACENA;14.005;FUNDO MUNICIPAL DE TURISMO;2.734;REALIZAÇÃO DE DEMAIS EVENTOS DO CALENDÁRIO OFICIAL DO MUNICÍPIO;40;CALENDÁRIO OFICIAL DE EVENTOS;13;Cultura;392;Difusão Cultural;293;3.3.90.39.00.00.00.00;OUTROS SERVIÇOS DE TERCEIROS - PESSOA JURÍDICA;2.753.000.0000;RECURSOS PROVENIENTES DE TAXAS, CONTRIBUIÇÕES E PREÇOS PÚBLICOS;0,00
PREFEITURA MUNICIPAL DE BARBACENA;14.005;FUNDO MUNICIPAL DE TURISMO;2.734;REALIZAÇÃO DE DEMAIS EVENTOS DO CALENDÁRIO OFICIAL DO MUNICÍPIO;40;CALENDÁRIO OFICIAL DE EVENTOS;13;Cultura;392;Difusão Cultural;294;3.3.90.47.00.00.00.00;OBRIGAÇÕES TRIBUTÁRIAS E CONTRIBUTIVAS;1.500.000.0000;RECURSOS NÃO VINCULADOS DE IMPOSTOS;2.000,00
PREFEITURA MUNICIPAL DE BARBACENA;14.005;FUNDO MUNICIPAL DE TURISMO;2.734;REALIZAÇÃO DE DEMAIS EVENTOS DO CALENDÁRIO OFICIAL DO MUNICÍPIO;40;CALENDÁRIO OFICIAL DE EVENTOS;13;Cultura;392;Difusão Cultural;294;3.3.90.47.00.00.00.00;OBRIGAÇÕES TRIBUTÁRIAS E CONTRIBUTIVAS;2.500.000.0000;RECURSOS NÃO VINCULADOS DE IMPOSTOS;0,00
PREFEITURA MUNICIPAL DE BARBACENA;14.005;FUNDO MUNICIPAL DE TURISMO;2.734;REALIZAÇÃO DE DEMAIS EVENTOS DO CALENDÁRIO OFICIAL DO MUNICÍPIO;40;CALENDÁRIO OFICIAL DE EVENTOS;13;Cultura;392;Difusão Cultural;294;3.3.90.47.00.00.00.00;OBRIGAÇÕES TRIBUTÁRIAS E CONTRIBUTIVAS;2.753.000.0000;RECURSOS PROVENIENTES DE TAXAS, CONTRIBUIÇÕES E PREÇOS PÚBLICOS;0,00
PREFEITURA MUNICIPAL DE BARBACENA;14.005;FUNDO MUNICIPAL DE TURISMO;2.734;REALIZAÇÃO DE DEMAIS EVENTOS DO CALENDÁRIO OFICIAL DO MUNICÍPIO;40;CALENDÁRIO OFICIAL DE EVENTOS;13;Cultura;392;Difusão Cultural;934;3.3.90.30.00.00.00.00;MATERIAL DE CONSUMO;1.500.000.0000;RECURSOS NÃO VINCULADOS DE IMPOSTOS;0,00
PREFEITURA MUNICIPAL DE BARBACENA;14.005;FUNDO MUNICIPAL DE TURISMO;2.734;REALIZAÇÃO DE DEMAIS EVENTOS DO CALENDÁRIO OFICIAL DO MUNICÍPIO;40;CALENDÁRIO OFICIAL DE EVENTOS;13;Cultura;392;Difusão Cultural;934;3.3.90.30.00.00.00.00;MATERIAL DE CONSUMO;2.500.000.0000;RECURSOS NÃO VINCULADOS DE IMPOSTOS;0,00
PREFEITURA MUNICIPAL DE BARBACENA;14.005;FUNDO MUNICIPAL DE TURISMO;2.734;REALIZAÇÃO DE DEMAIS EVENTOS DO CALENDÁRIO OFICIAL DO MUNICÍPIO;40;CALENDÁRIO OFICIAL DE EVENTOS;13;Cultura;392;Difusão Cultural;934;3.3.90.30.00.00.00.00;MATERIAL DE CONSUMO;2.753.000.0000;RECURSOS PROVENIENTES DE TAXAS, CONTRIBUIÇÕES E PREÇOS PÚBLICOS;0,00
PREFEITURA MUNICIPAL DE BARBACENA;14.005;FUNDO MUNICIPAL DE TURISMO;1.452;ADEQUAÇÃO DA COMTUR, FUMTUR E POLÍTICA MUNICIPAL DE TURISMO;64;BARBACENA DESTINO TURÍSTICO;4;Administração;695;Turismo;283;3.3.90.39.00.00.00.00;OUTROS SERVIÇOS DE TERCEIROS - PESSOA JURÍDICA;1.500.000.0000;RECURSOS NÃO VINCULADOS DE IMPOSTOS;10.000,00
PREFEITURA MUNICIPAL DE BARBACENA;14.005;FUNDO MUNICIPAL DE TURISMO;2.732;IMPLANTAÇÃO E MANUTENÇÃO DO CENTRO DE APOIO TURÍSTICO (CAT);64;BARBACENA DESTINO TURÍSTICO;4;Administração;695;Turismo;284;3.3.90.30.00.00.00.00;MATERIAL DE CONSUMO;1.500.000.0000;RECURSOS NÃO VINCULADOS DE IMPOSTOS;5.000,00
PREFEITURA MUNICIPAL DE BARBACENA;14.005;FUNDO MUNICIPAL DE TURISMO;2.732;IMPLANTAÇÃO E MANUTENÇÃO DO CENTRO DE APOIO TURÍSTICO (CAT);64;BARBACENA DESTINO TURÍSTICO;4;Administração;695;Turismo;285;3.3.90.39.00.00.00.00;OUTROS SERVIÇOS DE TERCEIROS - PESSOA JURÍDICA;1.500.000.0000;RECURSOS NÃO VINCULADOS DE IMPOSTOS;5.000,00
PREFEITURA MUNICIPAL DE BARBACENA;14.005;FUNDO MUNICIPAL DE TURISMO;2.732;IMPLANTAÇÃO E MANUTENÇÃO DO CENTRO DE APOIO TURÍSTICO (CAT);64;BARBACENA DESTINO TURÍSTICO;4;Administração;695;Turismo;286;4.4.90.52.00.00.00.00;EQUIPAMENTOS E MATERIAL PERMANENTE;1.753.000.0000;RECURSOS PROVENIENTES DE TAXAS, CONTRIBUIÇÕES E PREÇOS PÚBLICOS;45.000,00
PREFEITURA MUNICIPAL DE BARBACENA;14.005;FUNDO MUNICIPAL DE TURISMO;2.733;REALIZAÇÃO E APOIO A ATIVIDADES, CAPACITAÇÕES, CONCURSOS E AÇÕES TURÍSTICAS;64;BARBACENA DESTINO TURÍSTICO;4;Administração;695;Turismo;287;3.3.90.30.00.00.00.00;MATERIAL DE CONSUMO;1.500.000.0000;RECURSOS NÃO VINCULADOS DE IMPOSTOS;15.000,00
PREFEITURA MUNICIPAL DE BARBACENA;14.005;FUNDO MUNICIPAL DE TURISMO;2.733;REALIZAÇÃO E APOIO A ATIVIDADES, CAPACITAÇÕES, CONCURSOS E AÇÕES TURÍSTICAS;64;BARBACENA DESTINO TURÍSTICO;4;Administração;695;Turismo;288;3.3.90.39.00.00.00.00;OUTROS SERVIÇOS DE TERCEIROS - PESSOA JURÍDICA;1.500.000.0000;RECURSOS NÃO VINCULADOS DE IMPOSTOS;10.000,00
PREFEITURA MUNICIPAL DE BARBACENA;14.005;FUNDO MUNICIPAL DE TURISMO;2.733;REALIZAÇÃO E APOIO A ATIVIDADES, CAPACITAÇÕES, CONCURSOS E AÇÕES TURÍSTICAS;64;BARBACENA DESTINO TURÍSTICO;4;Administração;695;Turismo;288;3.3.90.39.00.00.00.00;OUTROS SERVIÇOS DE TERCEIROS - PESSOA JURÍDICA;1.753.000.0000;RECURSOS PROVENIENTES DE TAXAS, CONTRIBUIÇÕES E PREÇOS PÚBLICOS;50.000,00
PREFEITURA MUNICIPAL DE BARBACENA;14.005;FUNDO MUNICIPAL DE TURISMO;2.733;REALIZAÇÃO E APOIO A ATIVIDADES, CAPACITAÇÕES, CONCURSOS E AÇÕES TURÍSTICAS;64;BARBACENA DESTINO TURÍSTICO;4;Administração;695;Turismo;289;4.4.90.52.00.00.00.00;EQUIPAMENTOS E MATERIAL PERMANENTE;1.500.000.0000;RECURSOS NÃO VINCULADOS DE IMPOSTOS;50.000,00
PREFEITURA MUNICIPAL DE BARBACENA;14.005;FUNDO MUNICIPAL DE TURISMO;2.733;REALIZAÇÃO E APOIO A ATIVIDADES, CAPACITAÇÕES, CONCURSOS E AÇÕES TURÍSTICAS;64;BARBACENA DESTINO TURÍSTICO;4;Administração;695;Turismo;992;3.3.50.41.00.00.00.00;CONTRIBUIÇÕES;1.753.000.0000;RECURSOS PROVENIENTES DE TAXAS, CONTRIBUIÇÕES E PREÇOS PÚBLICOS;0,00
PREFEITURA MUNICIPAL DE BARBACENA;15.001;SEGOV;2.068;PESSOAL E ENCARGOS SOCIAIS DA SEGOV;11;APOIO A ADMINISTRAÇAO PUBLICA;4;Administração;122;Administração Geral;295;3.1.90.04.00.00.00.00;CONTRATAÇÃO POR TEMPO DETERMINADO;1.500.000.0000;RECURSOS NÃO VINCULADOS DE IMPOSTOS;5.000,00
PREFEITURA MUNICIPAL DE BARBACENA;15.001;SEGOV;2.068;PESSOAL E ENCARGOS SOCIAIS DA SEGOV;11;APOIO A ADMINISTRAÇAO PUBLICA;4;Administração;122;Administração Geral;296;3.1.90.11.00.00.00.00;VENCIMENTOS E VANTAGENS FIXAS - PESSOAL CIVIL;1.500.000.0000;RECURSOS NÃO VINCULADOS DE IMPOSTOS;1.207.978,40
PREFEITURA MUNICIPAL DE BARBACENA;15.001;SEGOV;2.068;PESSOAL E ENCARGOS SOCIAIS DA SEGOV;11;APOIO A ADMINISTRAÇAO PUBLICA;4;Administração;122;Administração Geral;297;3.1.90.13.00.00.00.00;OBRIGAÇÕES PATRONAIS;1.500.000.0000;RECURSOS NÃO VINCULADOS DE IMPOSTOS;130.482,12
PREFEITURA MUNICIPAL DE BARBACENA;15.001;SEGOV;2.068;PESSOAL E ENCARGOS SOCIAIS DA SEGOV;11;APOIO A ADMINISTRAÇAO PUBLICA;4;Administração;122;Administração Geral;298;3.1.91.13.00.00.00.00;OBRIGAÇÕES PATRONAIS;1.500.000.0000;RECURSOS NÃO VINCULADOS DE IMPOSTOS;170.956,18
PREFEITURA MUNICIPAL DE BARBACENA;15.001;SEGOV;2.068;PESSOAL E ENCARGOS SOCIAIS DA SEGOV;11;APOIO A ADMINISTRAÇAO PUBLICA;4;Administração;122;Administração Geral;299;3.3.90.08.00.00.00.00;OUTROS BENEFÍCIOS ASSISTENCIAIS-SERVIDOR/MILITAR;1.500.000.0000;RECURSOS NÃO VINCULADOS DE IMPOSTOS;1.000,00
PREFEITURA MUNICIPAL DE BARBACENA;15.001;SEGOV;2.068;PESSOAL E ENCARGOS SOCIAIS DA SEGOV;11;APOIO A ADMINISTRAÇAO PUBLICA;4;Administração;122;Administração Geral;300;3.3.90.18.00.00.00.00;AUXÍLIO FINANCEIRO A ESTUDANTES;1.500.000.0000;RECURSOS NÃO VINCULADOS DE IMPOSTOS;1.000,00
PREFEITURA MUNICIPAL DE BARBACENA;15.001;SEGOV;2.068;PESSOAL E ENCARGOS SOCIAIS DA SEGOV;11;APOIO A ADMINISTRAÇAO PUBLICA;4;Administração;122;Administração Geral;301;3.3.90.19.00.00.00.00;AUXÍLIO-FARDAMENTO;1.500.000.0000;RECURSOS NÃO VINCULADOS DE IMPOSTOS;5.000,00
PREFEITURA MUNICIPAL DE BARBACENA;15.001;SEGOV;2.068;PESSOAL E ENCARGOS SOCIAIS DA SEGOV;11;APOIO A ADMINISTRAÇAO PUBLICA;4;Administração;122;Administração Geral;302;3.3.90.46.00.00.00.00;AUXÍLIO-ALIMENTAÇÃO;1.500.000.0000;RECURSOS NÃO VINCULADOS DE IMPOSTOS;63.773,41
PREFEITURA MUNICIPAL DE BARBACENA;15.001;SEGOV;2.180;MANUTENÇAO DE DESPESAS COM EVENTOS, FESTIVIDADES, RECEPCOES E HOMENAGENS;11;APOIO A ADMINISTRAÇAO PUBLICA;4;Administração;122;Administração Geral;303;3.3.90.30.00.00.00.00;MATERIAL DE CONSUMO;1.500.000.0000;RECURSOS NÃO VINCULADOS DE IMPOSTOS;2.500,00
PREFEITURA MUNICIPAL DE BARBACENA;15.001;SEGOV;2.180;MANUTENÇAO DE DESPESAS COM EVENTOS, FESTIVIDADES, RECEPCOES E HOMENAGENS;11;APOIO A ADMINISTRAÇAO PUBLICA;4;Administração;122;Administração Geral;304;3.3.90.39.00.00.00.00;OUTROS SERVIÇOS DE TERCEIROS - PESSOA JURÍDICA;1.500.000.0000;RECURSOS NÃO VINCULADOS DE IMPOSTOS;1.000,00
PREFEITURA MUNICIPAL DE BARBACENA;15.001;SEGOV;2.180;MANUTENÇAO DE DESPESAS COM EVENTOS, FESTIVIDADES, RECEPCOES E HOMENAGENS;11;APOIO A ADMINISTRAÇAO PUBLICA;4;Administração;122;Administração Geral;305;3.3.90.92.00.00.00.00;DESPESAS DE EXERCÍCIOS ANTERIORES;1.500.000.0000;RECURSOS NÃO VINCULADOS DE IMPOSTOS;1.000,00
PREFEITURA MUNICIPAL DE BARBACENA;15.001;SEGOV;2.180;MANUTENÇAO DE DESPESAS COM EVENTOS, FESTIVIDADES, RECEPCOES E HOMENAGENS;11;APOIO A ADMINISTRAÇAO PUBLICA;4;Administração;122;Administração Geral;954;3.3.90.31.00.00.00.00;PREMIAÇÕES CULTURAIS, ARTÍSTICAS, CIENT., DESPORT;1.500.000.0000;RECURSOS NÃO VINCULADOS DE IMPOSTOS;0,00
PREFEITURA MUNICIPAL DE BARBACENA;15.001;SEGOV;2.181;MANUTENÇAO DA SEGOV;11;APOIO A ADMINISTRAÇAO PUBLICA;4;Administração;122;Administração Geral;306;3.3.90.14.00.00.00.00;DIÁRIAS - PESSOAL CIVIL;1.500.000.0000;RECURSOS NÃO VINCULADOS DE IMPOSTOS;5.000,00
PREFEITURA MUNICIPAL DE BARBACENA;15.001;SEGOV;2.181;MANUTENÇAO DA SEGOV;11;APOIO A ADMINISTRAÇAO PUBLICA;4;Administração;122;Administração Geral;307;3.3.90.30.00.00.00.00;MATERIAL DE CONSUMO;1.500.000.0000;RECURSOS NÃO VINCULADOS DE IMPOSTOS;10.000,00
PREFEITURA MUNICIPAL DE BARBACENA;15.001;SEGOV;2.181;MANUTENÇAO DA SEGOV;11;APOIO A ADMINISTRAÇAO PUBLICA;4;Administração;122;Administração Geral;307;3.3.90.30.00.00.00.00;MATERIAL DE CONSUMO;1.753.000.0000;RECURSOS PROVENIENTES DE TAXAS, CONTRIBUIÇÕES E PREÇOS PÚBLICOS;90.000,00
PREFEITURA MUNICIPAL DE BARBACENA;15.001;SEGOV;2.181;MANUTENÇAO DA SEGOV;11;APOIO A ADMINISTRAÇAO PUBLICA;4;Administração;122;Administração Geral;308;3.3.90.36.00.00.00.00;OUTROS SERVIÇOS DE TERCEIROS - PESSOA FÍSICA;1.500.000.0000;RECURSOS NÃO VINCULADOS DE IMPOSTOS;1.000,00
PREFEITURA MUNICIPAL DE BARBACENA;15.001;SEGOV;2.181;MANUTENÇAO DA SEGOV;11;APOIO A ADMINISTRAÇAO PUBLICA;4;Administração;122;Administração Geral;309;3.3.90.39.00.00.00.00;OUTROS SERVIÇOS DE TERCEIROS - PESSOA JURÍDICA;1.500.000.0000;RECURSOS NÃO VINCULADOS DE IMPOSTOS;30.000,00
PREFEITURA MUNICIPAL DE BARBACENA;15.001;SEGOV;2.181;MANUTENÇAO DA SEGOV;11;APOIO A ADMINISTRAÇAO PUBLICA;4;Administração;122;Administração Geral;310;3.3.90.40.00.00.00.00;SERVIÇOS DE TECNOLOGIA DA INFORMAÇÃO E COMUNICAÇ;1.500.000.0000;RECURSOS NÃO VINCULADOS DE IMPOSTOS;10.000,00
PREFEITURA MUNICIPAL DE BARBACENA;15.001;SEGOV;2.181;MANUTENÇAO DA SEGOV;11;APOIO A ADMINISTRAÇAO PUBLICA;4;Administração;122;Administração Geral;311;3.3.90.92.00.00.00.00;DESPESAS DE EXERCÍCIOS ANTERIORES;1.500.000.0000;RECURSOS NÃO VINCULADOS DE IMPOSTOS;4.000,00
PREFEITURA MUNICIPAL DE BARBACENA;15.001;SEGOV;2.181;MANUTENÇAO DA SEGOV;11;APOIO A ADMINISTRAÇAO PUBLICA;4;Administração;122;Administração Geral;312;4.4.90.52.00.00.00.00;EQUIPAMENTOS E MATERIAL PERMANENTE;1.500.000.0000;RECURSOS NÃO VINCULADOS DE IMPOSTOS;15.000,00
PREFEITURA MUNICIPAL DE BARBACENA;15.001;SEGOV;2.220;BARBACENA ATIVA;11;APOIO A ADMINISTRAÇAO PUBLICA;8;Assistência Social;244;Assistência Comunitária;313;3.3.90.30.00.00.00.00;MATERIAL DE CONSUMO;1.500.000.0000;RECURSOS NÃO VINCULADOS DE IMPOSTOS;500,00
PREFEITURA MUNICIPAL DE BARBACENA;15.001;SEGOV;2.220;BARBACENA ATIVA;11;APOIO A ADMINISTRAÇAO PUBLICA;8;Assistência Social;244;Assistência Comunitária;313;3.3.90.30.00.00.00.00;MATERIAL DE CONSUMO;2.500.000.0000;RECURSOS NÃO VINCULADOS DE IMPOSTOS;0,00
PREFEITURA MUNICIPAL DE BARBACENA;15.001;SEGOV;2.220;BARBACENA ATIVA;11;APOIO A ADMINISTRAÇAO PUBLICA;8;Assistência Social;244;Assistência Comunitária;314;3.3.90.39.00.00.00.00;OUTROS SERVIÇOS DE TERCEIROS - PESSOA JURÍDICA;1.500.000.0000;RECURSOS NÃO VINCULADOS DE IMPOSTOS;500,00
PREFEITURA MUNICIPAL DE BARBACENA;15.001;SEGOV;2.220;BARBACENA ATIVA;11;APOIO A ADMINISTRAÇAO PUBLICA;8;Assistência Social;244;Assistência Comunitária;314;3.3.90.39.00.00.00.00;OUTROS SERVIÇOS DE TERCEIROS - PESSOA JURÍDICA;2.500.000.0000;RECURSOS NÃO VINCULADOS DE IMPOSTOS;0,00
PREFEITURA MUNICIPAL DE BARBACENA;15.001;SEGOV;2.171;DIVULGAÇÃO GOVERNAMENTAL;11;APOIO A ADMINISTRAÇAO PUBLICA;24;Comunicações;131;Comunicação Social;315;3.3.90.39.00.00.00.00;OUTROS SERVIÇOS DE TERCEIROS - PESSOA JURÍDICA;1.500.000.0000;RECURSOS NÃO VINCULADOS DE IMPOSTOS;50.000,00
PREFEITURA MUNICIPAL DE BARBACENA;15.001;SEGOV;2.171;DIVULGAÇÃO GOVERNAMENTAL;11;APOIO A ADMINISTRAÇAO PUBLICA;24;Comunicações;131;Comunicação Social;315;3.3.90.39.00.00.00.00;OUTROS SERVIÇOS DE TERCEIROS - PESSOA JURÍDICA;1.753.000.0000;RECURSOS PROVENIENTES DE TAXAS, CONTRIBUIÇÕES E PREÇOS PÚBLICOS;150.000,00
PREFEITURA MUNICIPAL DE BARBACENA;15.001;SEGOV;2.171;DIVULGAÇÃO GOVERNAMENTAL;11;APOIO A ADMINISTRAÇAO PUBLICA;24;Comunicações;131;Comunicação Social;316;4.4.90.52.00.00.00.00;EQUIPAMENTOS E MATERIAL PERMANENTE;1.500.000.0000;RECURSOS NÃO VINCULADOS DE IMPOSTOS;5.000,00
PREFEITURA MUNICIPAL DE BARBACENA;15.001;SEGOV;2.171;DIVULGAÇÃO GOVERNAMENTAL;11;APOIO A ADMINISTRAÇAO PUBLICA;24;Comunicações;131;Comunicação Social;316;4.4.90.52.00.00.00.00;EQUIPAMENTOS E MATERIAL PERMANENTE;1.501.000.0000;OUTROS RECURSOS NÃO VINCULADOS;0,00
PREFEITURA MUNICIPAL DE BARBACENA;15.001;SEGOV;2.171;DIVULGAÇÃO GOVERNAMENTAL;11;APOIO A ADMINISTRAÇAO PUBLICA;24;Comunicações;131;Comunicação Social;316;4.4.90.52.00.00.00.00;EQUIPAMENTOS E MATERIAL PERMANENTE;1.753.000.0000;RECURSOS PROVENIENTES DE TAXAS, CONTRIBUIÇÕES E PREÇOS PÚBLICOS;0,00
PREFEITURA MUNICIPAL DE BARBACENA;15.001;SEGOV;2.171;DIVULGAÇÃO GOVERNAMENTAL;11;APOIO A ADMINISTRAÇAO PUBLICA;24;Comunicações;131;Comunicação Social;316;4.4.90.52.00.00.00.00;EQUIPAMENTOS E MATERIAL PERMANENTE;2.501.000.0000;OUTROS RECURSOS NÃO VINCULADOS;0,00
PREFEITURA MUNICIPAL DE BARBACENA;15.001;SEGOV;2.171;DIVULGAÇÃO GOVERNAMENTAL;11;APOIO A ADMINISTRAÇAO PUBLICA;24;Comunicações;131;Comunicação Social;316;4.4.90.52.00.00.00.00;EQUIPAMENTOS E MATERIAL PERMANENTE;2.753.000.0000;RECURSOS PROVENIENTES DE TAXAS, CONTRIBUIÇÕES E PREÇOS PÚBLICOS;0,00
PREFEITURA MUNICIPAL DE BARBACENA;15.001;SEGOV;2.171;DIVULGAÇÃO GOVERNAMENTAL;11;APOIO A ADMINISTRAÇAO PUBLICA;24;Comunicações;131;Comunicação Social;923;3.3.90.30.00.00.00.00;MATERIAL DE CONSUMO;1.500.000.0000;RECURSOS NÃO VINCULADOS DE IMPOSTOS;0,00
PREFEITURA MUNICIPAL DE BARBACENA;15.001;SEGOV;2.171;DIVULGAÇÃO GOVERNAMENTAL;11;APOIO A ADMINISTRAÇAO PUBLICA;24;Comunicações;131;Comunicação Social;923;3.3.90.30.00.00.00.00;MATERIAL DE CONSUMO;1.501.000.0000;OUTROS RECURSOS NÃO VINCULADOS;0,00
PREFEITURA MUNICIPAL DE BARBACENA;15.001;SEGOV;2.171;DIVULGAÇÃO GOVERNAMENTAL;11;APOIO A ADMINISTRAÇAO PUBLICA;24;Comunicações;131;Comunicação Social;923;3.3.90.30.00.00.00.00;MATERIAL DE CONSUMO;1.753.000.0000;RECURSOS PROVENIENTES DE TAXAS, CONTRIBUIÇÕES E PREÇOS PÚBLICOS;0,00
PREFEITURA MUNICIPAL DE BARBACENA;15.001;SEGOV;2.171;DIVULGAÇÃO GOVERNAMENTAL;11;APOIO A ADMINISTRAÇAO PUBLICA;24;Comunicações;131;Comunicação Social;923;3.3.90.30.00.00.00.00;MATERIAL DE CONSUMO;2.501.000.0000;OUTROS RECURSOS NÃO VINCULADOS;0,00
PREFEITURA MUNICIPAL DE BARBACENA;16.001;SEMOP;2.100;MANUTENÇAO DA SEMOP;11;APOIO A ADMINISTRAÇAO PUBLICA;15;Urbanismo;122;Administração Geral;319;3.3.90.14.00.00.00.00;DIÁRIAS - PESSOAL CIVIL;1.500.000.0000;RECURSOS NÃO VINCULADOS DE IMPOSTOS;2.000,00
PREFEITURA MUNICIPAL DE BARBACENA;16.001;SEMOP;2.100;MANUTENÇAO DA SEMOP;11;APOIO A ADMINISTRAÇAO PUBLICA;15;Urbanismo;122;Administração Geral;319;3.3.90.14.00.00.00.00;DIÁRIAS - PESSOAL CIVIL;1.753.000.0000;RECURSOS PROVENIENTES DE TAXAS, CONTRIBUIÇÕES E PREÇOS PÚBLICOS;0,00
PREFEITURA MUNICIPAL DE BARBACENA;16.001;SEMOP;2.100;MANUTENÇAO DA SEMOP;11;APOIO A ADMINISTRAÇAO PUBLICA;15;Urbanismo;122;Administração Geral;320;3.3.90.30.00.00.00.00;MATERIAL DE CONSUMO;1.500.000.0000;RECURSOS NÃO VINCULADOS DE IMPOSTOS;50.000,00
PREFEITURA MUNICIPAL DE BARBACENA;16.001;SEMOP;2.100;MANUTENÇAO DA SEMOP;11;APOIO A ADMINISTRAÇAO PUBLICA;15;Urbanismo;122;Administração Geral;320;3.3.90.30.00.00.00.00;MATERIAL DE CONSUMO;1.753.000.0000;RECURSOS PROVENIENTES DE TAXAS, CONTRIBUIÇÕES E PREÇOS PÚBLICOS;250.000,00
PREFEITURA MUNICIPAL DE BARBACENA;16.001;SEMOP;2.100;MANUTENÇAO DA SEMOP;11;APOIO A ADMINISTRAÇAO PUBLICA;15;Urbanismo;122;Administração Geral;320;3.3.90.30.00.00.00.00;MATERIAL DE CONSUMO;2.500.000.0000;RECURSOS NÃO VINCULADOS DE IMPOSTOS;0,00
PREFEITURA MUNICIPAL DE BARBACENA;16.001;SEMOP;2.100;MANUTENÇAO DA SEMOP;11;APOIO A ADMINISTRAÇAO PUBLICA;15;Urbanismo;122;Administração Geral;320;3.3.90.30.00.00.00.00;MATERIAL DE CONSUMO;2.753.000.0000;RECURSOS PROVENIENTES DE TAXAS, CONTRIBUIÇÕES E PREÇOS PÚBLICOS;0,00
PREFEITURA MUNICIPAL DE BARBACENA;16.001;SEMOP;2.100;MANUTENÇAO DA SEMOP;11;APOIO A ADMINISTRAÇAO PUBLICA;15;Urbanismo;122;Administração Geral;321;3.3.90.36.00.00.00.00;OUTROS SERVIÇOS DE TERCEIROS - PESSOA FÍSICA;1.500.000.0000;RECURSOS NÃO VINCULADOS DE IMPOSTOS;15.000,00
PREFEITURA MUNICIPAL DE BARBACENA;16.001;SEMOP;2.100;MANUTENÇAO DA SEMOP;11;APOIO A ADMINISTRAÇAO PUBLICA;15;Urbanismo;122;Administração Geral;322;3.3.90.39.00.00.00.00;OUTROS SERVIÇOS DE TERCEIROS - PESSOA JURÍDICA;1.500.000.0000;RECURSOS NÃO VINCULADOS DE IMPOSTOS;80.000,00
PREFEITURA MUNICIPAL DE BARBACENA;16.001;SEMOP;2.100;MANUTENÇAO DA SEMOP;11;APOIO A ADMINISTRAÇAO PUBLICA;15;Urbanismo;122;Administração Geral;322;3.3.90.39.00.00.00.00;OUTROS SERVIÇOS DE TERCEIROS - PESSOA JURÍDICA;1.753.000.0000;RECURSOS PROVENIENTES DE TAXAS, CONTRIBUIÇÕES E PREÇOS PÚBLICOS;326.734,55
PREFEITURA MUNICIPAL DE BARBACENA;16.001;SEMOP;2.100;MANUTENÇAO DA SEMOP;11;APOIO A ADMINISTRAÇAO PUBLICA;15;Urbanismo;122;Administração Geral;322;3.3.90.39.00.00.00.00;OUTROS SERVIÇOS DE TERCEIROS - PESSOA JURÍDICA;2.500.000.0000;RECURSOS NÃO VINCULADOS DE IMPOSTOS;0,00
PREFEITURA MUNICIPAL DE BARBACENA;16.001;SEMOP;2.100;MANUTENÇAO DA SEMOP;11;APOIO A ADMINISTRAÇAO PUBLICA;15;Urbanismo;122;Administração Geral;323;3.3.90.40.00.00.00.00;SERVIÇOS DE TECNOLOGIA DA INFORMAÇÃO E COMUNICAÇ;1.500.000.0000;RECURSOS NÃO VINCULADOS DE IMPOSTOS;15.000,00
PREFEITURA MUNICIPAL DE BARBACENA;16.001;SEMOP;2.100;MANUTENÇAO DA SEMOP;11;APOIO A ADMINISTRAÇAO PUBLICA;15;Urbanismo;122;Administração Geral;324;3.3.90.47.00.00.00.00;OBRIGAÇÕES TRIBUTÁRIAS E CONTRIBUTIVAS;1.500.000.0000;RECURSOS NÃO VINCULADOS DE IMPOSTOS;3.000,00
PREFEITURA MUNICIPAL DE BARBACENA;16.001;SEMOP;2.100;MANUTENÇAO DA SEMOP;11;APOIO A ADMINISTRAÇAO PUBLICA;15;Urbanismo;122;Administração Geral;324;3.3.90.47.00.00.00.00;OBRIGAÇÕES TRIBUTÁRIAS E CONTRIBUTIVAS;1.750.000.0000;RECURSOS DA CONTRIBUIÇÃO DE INTERVENÇÃO NO DOMÍNIO ECONÔMICO - CIDE;5.000,00
PREFEITURA MUNICIPAL DE BARBACENA;16.001;SEMOP;2.100;MANUTENÇAO DA SEMOP;11;APOIO A ADMINISTRAÇAO PUBLICA;15;Urbanismo;122;Administração Geral;324;3.3.90.47.00.00.00.00;OBRIGAÇÕES TRIBUTÁRIAS E CONTRIBUTIVAS;1.753.000.0000;RECURSOS PROVENIENTES DE TAXAS, CONTRIBUIÇÕES E PREÇOS PÚBLICOS;0,00
PREFEITURA MUNICIPAL DE BARBACENA;16.001;SEMOP;2.100;MANUTENÇAO DA SEMOP;11;APOIO A ADMINISTRAÇAO PUBLICA;15;Urbanismo;122;Administração Geral;325;3.3.90.92.00.00.00.00;DESPESAS DE EXERCÍCIOS ANTERIORES;1.500.000.0000;RECURSOS NÃO VINCULADOS DE IMPOSTOS;20.000,00
PREFEITURA MUNICIPAL DE BARBACENA;16.001;SEMOP;2.100;MANUTENÇAO DA SEMOP;11;APOIO A ADMINISTRAÇAO PUBLICA;15;Urbanismo;122;Administração Geral;326;3.3.90.93.00.00.00.00;INDENIZAÇÕES E RESTITUIÇÕES;1.500.000.0000;RECURSOS NÃO VINCULADOS DE IMPOSTOS;1.000,00
PREFEITURA MUNICIPAL DE BARBACENA;16.001;SEMOP;2.100;MANUTENÇAO DA SEMOP;11;APOIO A ADMINISTRAÇAO PUBLICA;15;Urbanismo;122;Administração Geral;326;3.3.90.93.00.00.00.00;INDENIZAÇÕES E RESTITUIÇÕES;1.700.000.0000;OUTRAS TRANSFERÊNCIAS DE CONVÊNIOS OU INSTRUMENTOS CONGÊNERES DA UNIÃO;1.000,00
PREFEITURA MUNICIPAL DE BARBACENA;16.001;SEMOP;2.100;MANUTENÇAO DA SEMOP;11;APOIO A ADMINISTRAÇAO PUBLICA;15;Urbanismo;122;Administração Geral;327;4.4.90.52.00.00.00.00;EQUIPAMENTOS E MATERIAL PERMANENTE;1.500.000.0000;RECURSOS NÃO VINCULADOS DE IMPOSTOS;15.000,00
PREFEITURA MUNICIPAL DE BARBACENA;16.001;SEMOP;2.100;MANUTENÇAO DA SEMOP;11;APOIO A ADMINISTRAÇAO PUBLICA;15;Urbanismo;122;Administração Geral;327;4.4.90.52.00.00.00.00;EQUIPAMENTOS E MATERIAL PERMANENTE;1.753.000.0000;RECURSOS PROVENIENTES DE TAXAS, CONTRIBUIÇÕES E PREÇOS PÚBLICOS;50.000,00
PREFEITURA MUNICIPAL DE BARBACENA;16.001;SEMOP;2.100;MANUTENÇAO DA SEMOP;11;APOIO A ADMINISTRAÇAO PUBLICA;15;Urbanismo;122;Administração Geral;944;3.1.90.94.00.00.00.00;INDENIZAÇÕES E RESTITUIÇÕES TRABALHISTAS;1.500.000.0000;RECURSOS NÃO VINCULADOS DE IMPOSTOS;0,00
PREFEITURA MUNICIPAL DE BARBACENA;16.001;SEMOP;2.111;PESSOAL E ENCARGOS SOCIAIS DA SEMOP;11;APOIO A ADMINISTRAÇAO PUBLICA;15;Urbanismo;122;Administração Geral;328;3.1.90.04.00.00.00.00;CONTRATAÇÃO POR TEMPO DETERMINADO;1.500.000.0000;RECURSOS NÃO VINCULADOS DE IMPOSTOS;2.420.465,23
PREFEITURA MUNICIPAL DE BARBACENA;16.001;SEMOP;2.111;PESSOAL E ENCARGOS SOCIAIS DA SEMOP;11;APOIO A ADMINISTRAÇAO PUBLICA;15;Urbanismo;122;Administração Geral;328;3.1.90.04.00.00.00.00;CONTRATAÇÃO POR TEMPO DETERMINADO;1.753.000.0000;RECURSOS PROVENIENTES DE TAXAS, CONTRIBUIÇÕES E PREÇOS PÚBLICOS;770.000,00
PREFEITURA MUNICIPAL DE BARBACENA;16.001;SEMOP;2.111;PESSOAL E ENCARGOS SOCIAIS DA SEMOP;11;APOIO A ADMINISTRAÇAO PUBLICA;15;Urbanismo;122;Administração Geral;329;3.1.90.11.00.00.00.00;VENCIMENTOS E VANTAGENS FIXAS - PESSOAL CIVIL;1.500.000.0000;RECURSOS NÃO VINCULADOS DE IMPOSTOS;2.738.965,05
PREFEITURA MUNICIPAL DE BARBACENA;16.001;SEMOP;2.111;PESSOAL E ENCARGOS SOCIAIS DA SEMOP;11;APOIO A ADMINISTRAÇAO PUBLICA;15;Urbanismo;122;Administração Geral;329;3.1.90.11.00.00.00.00;VENCIMENTOS E VANTAGENS FIXAS - PESSOAL CIVIL;1.753.000.0000;RECURSOS PROVENIENTES DE TAXAS, CONTRIBUIÇÕES E PREÇOS PÚBLICOS;1.760.000,00
PREFEITURA MUNICIPAL DE BARBACENA;16.001;SEMOP;2.111;PESSOAL E ENCARGOS SOCIAIS DA SEMOP;11;APOIO A ADMINISTRAÇAO PUBLICA;15;Urbanismo;122;Administração Geral;330;3.1.90.13.00.00.00.00;OBRIGAÇÕES PATRONAIS;1.500.000.0000;RECURSOS NÃO VINCULADOS DE IMPOSTOS;411.366,87
PREFEITURA MUNICIPAL DE BARBACENA;16.001;SEMOP;2.111;PESSOAL E ENCARGOS SOCIAIS DA SEMOP;11;APOIO A ADMINISTRAÇAO PUBLICA;15;Urbanismo;122;Administração Geral;330;3.1.90.13.00.00.00.00;OBRIGAÇÕES PATRONAIS;1.753.000.0000;RECURSOS PROVENIENTES DE TAXAS, CONTRIBUIÇÕES E PREÇOS PÚBLICOS;0,00
PREFEITURA MUNICIPAL DE BARBACENA;16.001;SEMOP;2.111;PESSOAL E ENCARGOS SOCIAIS DA SEMOP;11;APOIO A ADMINISTRAÇAO PUBLICA;15;Urbanismo;122;Administração Geral;331;3.1.90.92.00.00.00.00;DESPESAS DE EXERCÍCIOS ANTERIORES;1.500.000.0000;RECURSOS NÃO VINCULADOS DE IMPOSTOS;1.000,00
PREFEITURA MUNICIPAL DE BARBACENA;16.001;SEMOP;2.111;PESSOAL E ENCARGOS SOCIAIS DA SEMOP;11;APOIO A ADMINISTRAÇAO PUBLICA;15;Urbanismo;122;Administração Geral;332;3.1.91.13.00.00.00.00;OBRIGAÇÕES PATRONAIS;1.500.000.0000;RECURSOS NÃO VINCULADOS DE IMPOSTOS;513.482,60
PREFEITURA MUNICIPAL DE BARBACENA;16.001;SEMOP;2.111;PESSOAL E ENCARGOS SOCIAIS DA SEMOP;11;APOIO A ADMINISTRAÇAO PUBLICA;15;Urbanismo;122;Administração Geral;332;3.1.91.13.00.00.00.00;OBRIGAÇÕES PATRONAIS;1.753.000.0000;RECURSOS PROVENIENTES DE TAXAS, CONTRIBUIÇÕES E PREÇOS PÚBLICOS;0,00
PREFEITURA MUNICIPAL DE BARBACENA;16.001;SEMOP;2.111;PESSOAL E ENCARGOS SOCIAIS DA SEMOP;11;APOIO A ADMINISTRAÇAO PUBLICA;15;Urbanismo;122;Administração Geral;333;3.3.90.08.00.00.00.00;OUTROS BENEFÍCIOS ASSISTENCIAIS-SERVIDOR/MILITAR;1.500.000.0000;RECURSOS NÃO VINCULADOS DE IMPOSTOS;2.000,00
PREFEITURA MUNICIPAL DE BARBACENA;16.001;SEMOP;2.111;PESSOAL E ENCARGOS SOCIAIS DA SEMOP;11;APOIO A ADMINISTRAÇAO PUBLICA;15;Urbanismo;122;Administração Geral;333;3.3.90.08.00.00.00.00;OUTROS BENEFÍCIOS ASSISTENCIAIS-SERVIDOR/MILITAR;1.753.000.0000;RECURSOS PROVENIENTES DE TAXAS, CONTRIBUIÇÕES E PREÇOS PÚBLICOS;0,00
PREFEITURA MUNICIPAL DE BARBACENA;16.001;SEMOP;2.111;PESSOAL E ENCARGOS SOCIAIS DA SEMOP;11;APOIO A ADMINISTRAÇAO PUBLICA;15;Urbanismo;122;Administração Geral;334;3.3.90.18.00.00.00.00;AUXÍLIO FINANCEIRO A ESTUDANTES;1.500.000.0000;RECURSOS NÃO VINCULADOS DE IMPOSTOS;2.000,00
PREFEITURA MUNICIPAL DE BARBACENA;16.001;SEMOP;2.111;PESSOAL E ENCARGOS SOCIAIS DA SEMOP;11;APOIO A ADMINISTRAÇAO PUBLICA;15;Urbanismo;122;Administração Geral;334;3.3.90.18.00.00.00.00;AUXÍLIO FINANCEIRO A ESTUDANTES;1.753.000.0000;RECURSOS PROVENIENTES DE TAXAS, CONTRIBUIÇÕES E PREÇOS PÚBLICOS;0,00
PREFEITURA MUNICIPAL DE BARBACENA;16.001;SEMOP;2.111;PESSOAL E ENCARGOS SOCIAIS DA SEMOP;11;APOIO A ADMINISTRAÇAO PUBLICA;15;Urbanismo;122;Administração Geral;335;3.3.90.34.00.00.00.00;OUTRAS DESP.DE PESSOAL DECOR.DE CONT.TERCEIRIZAÇÃO;1.500.000.0000;RECURSOS NÃO VINCULADOS DE IMPOSTOS;1.000,00
PREFEITURA MUNICIPAL DE BARBACENA;16.001;SEMOP;2.111;PESSOAL E ENCARGOS SOCIAIS DA SEMOP;11;APOIO A ADMINISTRAÇAO PUBLICA;15;Urbanismo;122;Administração Geral;336;3.3.90.39.00.00.00.00;OUTROS SERVIÇOS DE TERCEIROS - PESSOA JURÍDICA;1.500.000.0000;RECURSOS NÃO VINCULADOS DE IMPOSTOS;1.000,00
PREFEITURA MUNICIPAL DE BARBACENA;16.001;SEMOP;2.111;PESSOAL E ENCARGOS SOCIAIS DA SEMOP;11;APOIO A ADMINISTRAÇAO PUBLICA;15;Urbanismo;122;Administração Geral;337;3.3.90.46.00.00.00.00;AUXÍLIO-ALIMENTAÇÃO;1.500.000.0000;RECURSOS NÃO VINCULADOS DE IMPOSTOS;492.751,11
PREFEITURA MUNICIPAL DE BARBACENA;16.001;SEMOP;2.111;PESSOAL E ENCARGOS SOCIAIS DA SEMOP;11;APOIO A ADMINISTRAÇAO PUBLICA;15;Urbanismo;122;Administração Geral;337;3.3.90.46.00.00.00.00;AUXÍLIO-ALIMENTAÇÃO;1.753.000.0000;RECURSOS PROVENIENTES DE TAXAS, CONTRIBUIÇÕES E PREÇOS PÚBLICOS;10.000,00
PREFEITURA MUNICIPAL DE BARBACENA;16.001;SEMOP;1.024;CONSTRUÇAO, REFORMA E REVITALIZAÇAO DE PREDIOS PUBLICOS;17;INFRAESTRUTURA URBANA E RURAL;4;Administração;122;Administração Geral;317;3.3.90.30.00.00.00.00;MATERIAL DE CONSUMO;1.500.000.0000;RECURSOS NÃO VINCULADOS DE IMPOSTOS;80.000,00
PREFEITURA MUNICIPAL DE BARBACENA;16.001;SEMOP;1.024;CONSTRUÇAO, REFORMA E REVITALIZAÇAO DE PREDIOS PUBLICOS;17;INFRAESTRUTURA URBANA E RURAL;4;Administração;122;Administração Geral;317;3.3.90.30.00.00.00.00;MATERIAL DE CONSUMO;1.501.000.0000;OUTROS RECURSOS NÃO VINCULADOS;0,00
PREFEITURA MUNICIPAL DE BARBACENA;16.001;SEMOP;1.024;CONSTRUÇAO, REFORMA E REVITALIZAÇAO DE PREDIOS PUBLICOS;17;INFRAESTRUTURA URBANA E RURAL;4;Administração;122;Administração Geral;317;3.3.90.30.00.00.00.00;MATERIAL DE CONSUMO;1.753.000.0000;RECURSOS PROVENIENTES DE TAXAS, CONTRIBUIÇÕES E PREÇOS PÚBLICOS;0,00
PREFEITURA MUNICIPAL DE BARBACENA;16.001;SEMOP;1.024;CONSTRUÇAO, REFORMA E REVITALIZAÇAO DE PREDIOS PUBLICOS;17;INFRAESTRUTURA URBANA E RURAL;4;Administração;122;Administração Geral;317;3.3.90.30.00.00.00.00;MATERIAL DE CONSUMO;2.500.000.0000;RECURSOS NÃO VINCULADOS DE IMPOSTOS;0,00
PREFEITURA MUNICIPAL DE BARBACENA;16.001;SEMOP;1.024;CONSTRUÇAO, REFORMA E REVITALIZAÇAO DE PREDIOS PUBLICOS;17;INFRAESTRUTURA URBANA E RURAL;4;Administração;122;Administração Geral;317;3.3.90.30.00.00.00.00;MATERIAL DE CONSUMO;2.753.000.0000;RECURSOS PROVENIENTES DE TAXAS, CONTRIBUIÇÕES E PREÇOS PÚBLICOS;0,00
PREFEITURA MUNICIPAL DE BARBACENA;16.001;SEMOP;1.024;CONSTRUÇAO, REFORMA E REVITALIZAÇAO DE PREDIOS PUBLICOS;17;INFRAESTRUTURA URBANA E RURAL;4;Administração;122;Administração Geral;318;4.4.90.51.00.00.00.00;OBRAS E INSTALAÇÕES;1.500.000.0000;RECURSOS NÃO VINCULADOS DE IMPOSTOS;10.000,00
PREFEITURA MUNICIPAL DE BARBACENA;16.001;SEMOP;1.024;CONSTRUÇAO, REFORMA E REVITALIZAÇAO DE PREDIOS PUBLICOS;17;INFRAESTRUTURA URBANA E RURAL;4;Administração;122;Administração Geral;318;4.4.90.51.00.00.00.00;OBRAS E INSTALAÇÕES;1.753.000.0000;RECURSOS PROVENIENTES DE TAXAS, CONTRIBUIÇÕES E PREÇOS PÚBLICOS;20.000,00
PREFEITURA MUNICIPAL DE BARBACENA;16.001;SEMOP;1.024;CONSTRUÇAO, REFORMA E REVITALIZAÇAO DE PREDIOS PUBLICOS;17;INFRAESTRUTURA URBANA E RURAL;4;Administração;122;Administração Geral;951;3.3.90.39.00.00.00.00;OUTROS SERVIÇOS DE TERCEIROS - PESSOA JURÍDICA;1.500.000.0000;RECURSOS NÃO VINCULADOS DE IMPOSTOS;0,00
PREFEITURA MUNICIPAL DE BARBACENA;16.001;SEMOP;1.031;OBRAS DE INFRAESTRUTURA URBANA E RURAL;17;INFRAESTRUTURA URBANA E RURAL;15;Urbanismo;451;Infra-Estrutura Urbana;338;3.3.90.30.00.00.00.00;MATERIAL DE CONSUMO;1.500.000.0000;RECURSOS NÃO VINCULADOS DE IMPOSTOS;50.000,00
PREFEITURA MUNICIPAL DE BARBACENA;16.001;SEMOP;1.031;OBRAS DE INFRAESTRUTURA URBANA E RURAL;17;INFRAESTRUTURA URBANA E RURAL;15;Urbanismo;451;Infra-Estrutura Urbana;338;3.3.90.30.00.00.00.00;MATERIAL DE CONSUMO;1.501.000.0000;OUTROS RECURSOS NÃO VINCULADOS;0,00
PREFEITURA MUNICIPAL DE BARBACENA;16.001;SEMOP;1.031;OBRAS DE INFRAESTRUTURA URBANA E RURAL;17;INFRAESTRUTURA URBANA E RURAL;15;Urbanismo;451;Infra-Estrutura Urbana;338;3.3.90.30.00.00.00.00;MATERIAL DE CONSUMO;1.704.000.0000;TRANSFERÊNCIAS DA UNIÃO REFERENTES A COMPENSAÇÕES FINANCEIRAS PELA EXPLORAÇÃO DE RECURSOS NATURAIS;45.000,00
PREFEITURA MUNICIPAL DE BARBACENA;16.001;SEMOP;1.031;OBRAS DE INFRAESTRUTURA URBANA E RURAL;17;INFRAESTRUTURA URBANA E RURAL;15;Urbanismo;451;Infra-Estrutura Urbana;338;3.3.90.30.00.00.00.00;MATERIAL DE CONSUMO;1.753.000.0000;RECURSOS PROVENIENTES DE TAXAS, CONTRIBUIÇÕES E PREÇOS PÚBLICOS;50.000,00
PREFEITURA MUNICIPAL DE BARBACENA;16.001;SEMOP;1.031;OBRAS DE INFRAESTRUTURA URBANA E RURAL;17;INFRAESTRUTURA URBANA E RURAL;15;Urbanismo;451;Infra-Estrutura Urbana;338;3.3.90.30.00.00.00.00;MATERIAL DE CONSUMO;2.500.000.0000;RECURSOS NÃO VINCULADOS DE IMPOSTOS;0,00
PREFEITURA MUNICIPAL DE BARBACENA;16.001;SEMOP;1.031;OBRAS DE INFRAESTRUTURA URBANA E RURAL;17;INFRAESTRUTURA URBANA E RURAL;15;Urbanismo;451;Infra-Estrutura Urbana;338;3.3.90.30.00.00.00.00;MATERIAL DE CONSUMO;2.706.000.0000;TRANSFERÊNCIA ESPECIAL DA UNIÃO;0,00
PREFEITURA MUNICIPAL DE BARBACENA;16.001;SEMOP;1.031;OBRAS DE INFRAESTRUTURA URBANA E RURAL;17;INFRAESTRUTURA URBANA E RURAL;15;Urbanismo;451;Infra-Estrutura Urbana;338;3.3.90.30.00.00.00.00;MATERIAL DE CONSUMO;2.710.010.0000;TRANSFERÊNCIA ESPECIAL DOS ESTADOS (TRANSF. ESP. ESTADO - ACORDO JUDICIAL REPARAÇÃO IMPACTOS SOCIOECONÔMICOS E AMBIENTAIS-BARRAGEM BRUMADINHO);0,00
PREFEITURA MUNICIPAL DE BARBACENA;16.001;SEMOP;1.031;OBRAS DE INFRAESTRUTURA URBANA E RURAL;17;INFRAESTRUTURA URBANA E RURAL;15;Urbanismo;451;Infra-Estrutura Urbana;338;3.3.90.30.00.00.00.00;MATERIAL DE CONSUMO;2.753.000.0000;RECURSOS PROVENIENTES DE TAXAS, CONTRIBUIÇÕES E PREÇOS PÚBLICOS;0,00
PREFEITURA MUNICIPAL DE BARBACENA;16.001;SEMOP;1.031;OBRAS DE INFRAESTRUTURA URBANA E RURAL;17;INFRAESTRUTURA URBANA E RURAL;15;Urbanismo;451;Infra-Estrutura Urbana;339;3.3.90.39.00.00.00.00;OUTROS SERVIÇOS DE TERCEIROS - PESSOA JURÍDICA;1.500.000.0000;RECURSOS NÃO VINCULADOS DE IMPOSTOS;30.000,00
PREFEITURA MUNICIPAL DE BARBACENA;16.001;SEMOP;1.031;OBRAS DE INFRAESTRUTURA URBANA E RURAL;17;INFRAESTRUTURA URBANA E RURAL;15;Urbanismo;451;Infra-Estrutura Urbana;339;3.3.90.39.00.00.00.00;OUTROS SERVIÇOS DE TERCEIROS - PESSOA JURÍDICA;1.704.000.0000;TRANSFERÊNCIAS DA UNIÃO REFERENTES A COMPENSAÇÕES FINANCEIRAS PELA EXPLORAÇÃO DE RECURSOS NATURAIS;150.000,00
PREFEITURA MUNICIPAL DE BARBACENA;16.001;SEMOP;1.031;OBRAS DE INFRAESTRUTURA URBANA E RURAL;17;INFRAESTRUTURA URBANA E RURAL;15;Urbanismo;451;Infra-Estrutura Urbana;339;3.3.90.39.00.00.00.00;OUTROS SERVIÇOS DE TERCEIROS - PESSOA JURÍDICA;1.753.000.0000;RECURSOS PROVENIENTES DE TAXAS, CONTRIBUIÇÕES E PREÇOS PÚBLICOS;140.000,00
PREFEITURA MUNICIPAL DE BARBACENA;16.001;SEMOP;1.031;OBRAS DE INFRAESTRUTURA URBANA E RURAL;17;INFRAESTRUTURA URBANA E RURAL;15;Urbanismo;451;Infra-Estrutura Urbana;339;3.3.90.39.00.00.00.00;OUTROS SERVIÇOS DE TERCEIROS - PESSOA JURÍDICA;2.500.000.0000;RECURSOS NÃO VINCULADOS DE IMPOSTOS;0,00
PREFEITURA MUNICIPAL DE BARBACENA;16.001;SEMOP;1.031;OBRAS DE INFRAESTRUTURA URBANA E RURAL;17;INFRAESTRUTURA URBANA E RURAL;15;Urbanismo;451;Infra-Estrutura Urbana;340;3.3.90.93.00.00.00.00;INDENIZAÇÕES E RESTITUIÇÕES;1.500.000.0000;RECURSOS NÃO VINCULADOS DE IMPOSTOS;1.000,00
PREFEITURA MUNICIPAL DE BARBACENA;16.001;SEMOP;1.031;OBRAS DE INFRAESTRUTURA URBANA E RURAL;17;INFRAESTRUTURA URBANA E RURAL;15;Urbanismo;451;Infra-Estrutura Urbana;341;4.4.90.51.00.00.00.00;OBRAS E INSTALAÇÕES;1.500.000.0000;RECURSOS NÃO VINCULADOS DE IMPOSTOS;10.000,00
PREFEITURA MUNICIPAL DE BARBACENA;16.001;SEMOP;1.031;OBRAS DE INFRAESTRUTURA URBANA E RURAL;17;INFRAESTRUTURA URBANA E RURAL;15;Urbanismo;451;Infra-Estrutura Urbana;341;4.4.90.51.00.00.00.00;OBRAS E INSTALAÇÕES;1.704.000.0000;TRANSFERÊNCIAS DA UNIÃO REFERENTES A COMPENSAÇÕES FINANCEIRAS PELA EXPLORAÇÃO DE RECURSOS NATURAIS;72.954,15
PREFEITURA MUNICIPAL DE BARBACENA;16.001;SEMOP;1.031;OBRAS DE INFRAESTRUTURA URBANA E RURAL;17;INFRAESTRUTURA URBANA E RURAL;15;Urbanismo;451;Infra-Estrutura Urbana;341;4.4.90.51.00.00.00.00;OBRAS E INSTALAÇÕES;1.706.000.0000;TRANSFERÊNCIA ESPECIAL DA UNIÃO BANCADA;20.000,00
PREFEITURA MUNICIPAL DE BARBACENA;16.001;SEMOP;1.031;OBRAS DE INFRAESTRUTURA URBANA E RURAL;17;INFRAESTRUTURA URBANA E RURAL;15;Urbanismo;451;Infra-Estrutura Urbana;341;4.4.90.51.00.00.00.00;OBRAS E INSTALAÇÕES;1.707.000.0000;TRANSFERÊNCIAS DA UNIÃO – INCISO I DO ART. 5º DA LEI COMPLEMENTAR 173/2020;5.220,59
PREFEITURA MUNICIPAL DE BARBACENA;16.001;SEMOP;1.031;OBRAS DE INFRAESTRUTURA URBANA E RURAL;17;INFRAESTRUTURA URBANA E RURAL;15;Urbanismo;451;Infra-Estrutura Urbana;341;4.4.90.51.00.00.00.00;OBRAS E INSTALAÇÕES;1.710.000.0000;TRANSFERÊNCIA ESPECIAL DOS ESTADOS;150.000,00
PREFEITURA MUNICIPAL DE BARBACENA;16.001;SEMOP;1.031;OBRAS DE INFRAESTRUTURA URBANA E RURAL;17;INFRAESTRUTURA URBANA E RURAL;15;Urbanismo;451;Infra-Estrutura Urbana;341;4.4.90.51.00.00.00.00;OBRAS E INSTALAÇÕES;1.753.000.0000;RECURSOS PROVENIENTES DE TAXAS, CONTRIBUIÇÕES E PREÇOS PÚBLICOS;4.000,00
PREFEITURA MUNICIPAL DE BARBACENA;16.001;SEMOP;1.031;OBRAS DE INFRAESTRUTURA URBANA E RURAL;17;INFRAESTRUTURA URBANA E RURAL;15;Urbanismo;451;Infra-Estrutura Urbana;341;4.4.90.51.00.00.00.00;OBRAS E INSTALAÇÕES;2.500.000.0000;RECURSOS NÃO VINCULADOS DE IMPOSTOS;0,00
PREFEITURA MUNICIPAL DE BARBACENA;16.001;SEMOP;1.031;OBRAS DE INFRAESTRUTURA URBANA E RURAL;17;INFRAESTRUTURA URBANA E RURAL;15;Urbanismo;451;Infra-Estrutura Urbana;341;4.4.90.51.00.00.00.00;OBRAS E INSTALAÇÕES;2.704.000.0000;TRANSFERÊNCIAS DA UNIÃO REFERENTES A COMPENSAÇÕES FINANCEIRAS PELA EXPLORAÇÃO DE RECURSOS NATURAIS;0,00
PREFEITURA MUNICIPAL DE BARBACENA;16.001;SEMOP;1.031;OBRAS DE INFRAESTRUTURA URBANA E RURAL;17;INFRAESTRUTURA URBANA E RURAL;15;Urbanismo;451;Infra-Estrutura Urbana;341;4.4.90.51.00.00.00.00;OBRAS E INSTALAÇÕES;2.710.010.0000;TRANSFERÊNCIA ESPECIAL DOS ESTADOS (TRANSF. ESP. ESTADO - ACORDO JUDICIAL REPARAÇÃO IMPACTOS SOCIOECONÔMICOS E AMBIENTAIS-BARRAGEM BRUMADINHO);0,00
PREFEITURA MUNICIPAL DE BARBACENA;16.001;SEMOP;1.031;OBRAS DE INFRAESTRUTURA URBANA E RURAL;17;INFRAESTRUTURA URBANA E RURAL;15;Urbanismo;451;Infra-Estrutura Urbana;342;4.4.90.52.00.00.00.00;EQUIPAMENTOS E MATERIAL PERMANENTE;1.500.000.0000;RECURSOS NÃO VINCULADOS DE IMPOSTOS;1.000,00
PREFEITURA MUNICIPAL DE BARBACENA;16.001;SEMOP;1.031;OBRAS DE INFRAESTRUTURA URBANA E RURAL;17;INFRAESTRUTURA URBANA E RURAL;15;Urbanismo;451;Infra-Estrutura Urbana;342;4.4.90.52.00.00.00.00;EQUIPAMENTOS E MATERIAL PERMANENTE;1.704.000.0000;TRANSFERÊNCIAS DA UNIÃO REFERENTES A COMPENSAÇÕES FINANCEIRAS PELA EXPLORAÇÃO DE RECURSOS NATURAIS;10.000,00
PREFEITURA MUNICIPAL DE BARBACENA;16.001;SEMOP;1.031;OBRAS DE INFRAESTRUTURA URBANA E RURAL;17;INFRAESTRUTURA URBANA E RURAL;15;Urbanismo;451;Infra-Estrutura Urbana;342;4.4.90.52.00.00.00.00;EQUIPAMENTOS E MATERIAL PERMANENTE;1.753.000.0000;RECURSOS PROVENIENTES DE TAXAS, CONTRIBUIÇÕES E PREÇOS PÚBLICOS;1.000,00
PREFEITURA MUNICIPAL DE BARBACENA;16.001;SEMOP;1.031;OBRAS DE INFRAESTRUTURA URBANA E RURAL;17;INFRAESTRUTURA URBANA E RURAL;15;Urbanismo;451;Infra-Estrutura Urbana;342;4.4.90.52.00.00.00.00;EQUIPAMENTOS E MATERIAL PERMANENTE;1.755.000.0000;RECURSOS DE ALIENAÇÃO DE BENS/ATIVOS - ADMINISTRAÇÃO DIRETA;60.000,00
PREFEITURA MUNICIPAL DE BARBACENA;16.001;SEMOP;1.031;OBRAS DE INFRAESTRUTURA URBANA E RURAL;17;INFRAESTRUTURA URBANA E RURAL;15;Urbanismo;451;Infra-Estrutura Urbana;913;3.3.90.92.00.00.00.00;DESPESAS DE EXERCÍCIOS ANTERIORES;1.500.000.0000;RECURSOS NÃO VINCULADOS DE IMPOSTOS;0,00
PREFEITURA MUNICIPAL DE BARBACENA;16.001;SEMOP;1.031;OBRAS DE INFRAESTRUTURA URBANA E RURAL;17;INFRAESTRUTURA URBANA E RURAL;15;Urbanismo;451;Infra-Estrutura Urbana;913;3.3.90.92.00.00.00.00;DESPESAS DE EXERCÍCIOS ANTERIORES;1.704.000.0000;TRANSFERÊNCIAS DA UNIÃO REFERENTES A COMPENSAÇÕES FINANCEIRAS PELA EXPLORAÇÃO DE RECURSOS NATURAIS;0,00
PREFEITURA MUNICIPAL DE BARBACENA;16.001;SEMOP;1.031;OBRAS DE INFRAESTRUTURA URBANA E RURAL;17;INFRAESTRUTURA URBANA E RURAL;15;Urbanismo;451;Infra-Estrutura Urbana;913;3.3.90.92.00.00.00.00;DESPESAS DE EXERCÍCIOS ANTERIORES;1.753.000.0000;RECURSOS PROVENIENTES DE TAXAS, CONTRIBUIÇÕES E PREÇOS PÚBLICOS;0,00
PREFEITURA MUNICIPAL DE BARBACENA;16.001;SEMOP;1.032;CONSTRUÇAO, REFORMA E REVITALIZAÇAO DE PRAÇAS E PARQUES;17;INFRAESTRUTURA URBANA E RURAL;15;Urbanismo;451;Infra-Estrutura Urbana;343;3.3.90.30.00.00.00.00;MATERIAL DE CONSUMO;1.500.000.0000;RECURSOS NÃO VINCULADOS DE IMPOSTOS;34.000,00
PREFEITURA MUNICIPAL DE BARBACENA;16.001;SEMOP;1.032;CONSTRUÇAO, REFORMA E REVITALIZAÇAO DE PRAÇAS E PARQUES;17;INFRAESTRUTURA URBANA E RURAL;15;Urbanismo;451;Infra-Estrutura Urbana;344;3.3.90.39.00.00.00.00;OUTROS SERVIÇOS DE TERCEIROS - PESSOA JURÍDICA;1.500.000.0000;RECURSOS NÃO VINCULADOS DE IMPOSTOS;3.000,00
PREFEITURA MUNICIPAL DE BARBACENA;16.001;SEMOP;1.032;CONSTRUÇAO, REFORMA E REVITALIZAÇAO DE PRAÇAS E PARQUES;17;INFRAESTRUTURA URBANA E RURAL;15;Urbanismo;451;Infra-Estrutura Urbana;344;3.3.90.39.00.00.00.00;OUTROS SERVIÇOS DE TERCEIROS - PESSOA JURÍDICA;1.700.000.0000;OUTRAS TRANSFERÊNCIAS DE CONVÊNIOS OU INSTRUMENTOS CONGÊNERES DA UNIÃO;1.000,00
PREFEITURA MUNICIPAL DE BARBACENA;16.001;SEMOP;1.032;CONSTRUÇAO, REFORMA E REVITALIZAÇAO DE PRAÇAS E PARQUES;17;INFRAESTRUTURA URBANA E RURAL;15;Urbanismo;451;Infra-Estrutura Urbana;345;4.4.90.51.00.00.00.00;OBRAS E INSTALAÇÕES;1.500.000.0000;RECURSOS NÃO VINCULADOS DE IMPOSTOS;5.000,00
PREFEITURA MUNICIPAL DE BARBACENA;16.001;SEMOP;1.032;CONSTRUÇAO, REFORMA E REVITALIZAÇAO DE PRAÇAS E PARQUES;17;INFRAESTRUTURA URBANA E RURAL;15;Urbanismo;451;Infra-Estrutura Urbana;345;4.4.90.51.00.00.00.00;OBRAS E INSTALAÇÕES;1.704.000.0000;TRANSFERÊNCIAS DA UNIÃO REFERENTES A COMPENSAÇÕES FINANCEIRAS PELA EXPLORAÇÃO DE RECURSOS NATURAIS;1.000,00
PREFEITURA MUNICIPAL DE BARBACENA;16.001;SEMOP;1.032;CONSTRUÇAO, REFORMA E REVITALIZAÇAO DE PRAÇAS E PARQUES;17;INFRAESTRUTURA URBANA E RURAL;15;Urbanismo;451;Infra-Estrutura Urbana;345;4.4.90.51.00.00.00.00;OBRAS E INSTALAÇÕES;1.753.000.0000;RECURSOS PROVENIENTES DE TAXAS, CONTRIBUIÇÕES E PREÇOS PÚBLICOS;20.000,00
PREFEITURA MUNICIPAL DE BARBACENA;16.001;SEMOP;1.032;CONSTRUÇAO, REFORMA E REVITALIZAÇAO DE PRAÇAS E PARQUES;17;INFRAESTRUTURA URBANA E RURAL;15;Urbanismo;451;Infra-Estrutura Urbana;345;4.4.90.51.00.00.00.00;OBRAS E INSTALAÇÕES;2.500.000.0000;RECURSOS NÃO VINCULADOS DE IMPOSTOS;0,00
PREFEITURA MUNICIPAL DE BARBACENA;16.001;SEMOP;1.032;CONSTRUÇAO, REFORMA E REVITALIZAÇAO DE PRAÇAS E PARQUES;17;INFRAESTRUTURA URBANA E RURAL;15;Urbanismo;451;Infra-Estrutura Urbana;345;4.4.90.51.00.00.00.00;OBRAS E INSTALAÇÕES;2.753.000.0000;RECURSOS PROVENIENTES DE TAXAS, CONTRIBUIÇÕES E PREÇOS PÚBLICOS;0,00
PREFEITURA MUNICIPAL DE BARBACENA;16.001;SEMOP;1.032;CONSTRUÇAO, REFORMA E REVITALIZAÇAO DE PRAÇAS E PARQUES;17;INFRAESTRUTURA URBANA E RURAL;15;Urbanismo;451;Infra-Estrutura Urbana;346;4.4.90.52.00.00.00.00;EQUIPAMENTOS E MATERIAL PERMANENTE;1.500.000.0000;RECURSOS NÃO VINCULADOS DE IMPOSTOS;5.000,00
PREFEITURA MUNICIPAL DE BARBACENA;16.001;SEMOP;1.032;CONSTRUÇAO, REFORMA E REVITALIZAÇAO DE PRAÇAS E PARQUES;17;INFRAESTRUTURA URBANA E RURAL;15;Urbanismo;451;Infra-Estrutura Urbana;971;4.4.90.61.00.00.00.00;AQUISIÇÃO DE IMÓVEIS;1.500.000.0000;RECURSOS NÃO VINCULADOS DE IMPOSTOS;0,00
PREFEITURA MUNICIPAL DE BARBACENA;16.001;SEMOP;1.032;CONSTRUÇAO, REFORMA E REVITALIZAÇAO DE PRAÇAS E PARQUES;17;INFRAESTRUTURA URBANA E RURAL;15;Urbanismo;451;Infra-Estrutura Urbana;971;4.4.90.61.00.00.00.00;AQUISIÇÃO DE IMÓVEIS;2.500.000.0000;RECURSOS NÃO VINCULADOS DE IMPOSTOS;0,00
PREFEITURA MUNICIPAL DE BARBACENA;16.001;SEMOP;1.486;CRIAÇÃO DO PARQUE ECOLÓGICO DE BARBACENA;17;INFRAESTRUTURA URBANA E RURAL;15;Urbanismo;451;Infra-Estrutura Urbana;347;4.4.90.51.00.00.00.00;OBRAS E INSTALAÇÕES;1.500.000.0000;RECURSOS NÃO VINCULADOS DE IMPOSTOS;1.000,00
PREFEITURA MUNICIPAL DE BARBACENA;16.001;SEMOP;2.473;AQUISIÇÃO E INSTALAÇÃO DE MATA-BURROS NAS ZONAS RURAIS DO MUNICÍPIO;17;INFRAESTRUTURA URBANA E RURAL;15;Urbanismo;451;Infra-Estrutura Urbana;348;4.4.90.51.00.00.00.00;OBRAS E INSTALAÇÕES;1.704.000.0000;TRANSFERÊNCIAS DA UNIÃO REFERENTES A COMPENSAÇÕES FINANCEIRAS PELA EXPLORAÇÃO DE RECURSOS NATURAIS;127.500,00
PREFEITURA MUNICIPAL DE BARBACENA;16.001;SEMOP;2.117;MANUTENÇAO, CONSTRUÇAO E CONSERVAÇAO DE CEMITERIOS;17;INFRAESTRUTURA URBANA E RURAL;15;Urbanismo;452;Serviços Urbanos;372;3.1.90.04.00.00.00.00;CONTRATAÇÃO POR TEMPO DETERMINADO;1.500.000.0000;RECURSOS NÃO VINCULADOS DE IMPOSTOS;204.374,98
PREFEITURA MUNICIPAL DE BARBACENA;16.001;SEMOP;2.117;MANUTENÇAO, CONSTRUÇAO E CONSERVAÇAO DE CEMITERIOS;17;INFRAESTRUTURA URBANA E RURAL;15;Urbanismo;452;Serviços Urbanos;373;3.1.90.11.00.00.00.00;VENCIMENTOS E VANTAGENS FIXAS - PESSOAL CIVIL;1.500.000.0000;RECURSOS NÃO VINCULADOS DE IMPOSTOS;418.614,98
PREFEITURA MUNICIPAL DE BARBACENA;16.001;SEMOP;2.117;MANUTENÇAO, CONSTRUÇAO E CONSERVAÇAO DE CEMITERIOS;17;INFRAESTRUTURA URBANA E RURAL;15;Urbanismo;452;Serviços Urbanos;374;3.1.90.13.00.00.00.00;OBRIGAÇÕES PATRONAIS;1.500.000.0000;RECURSOS NÃO VINCULADOS DE IMPOSTOS;2.000,00
PREFEITURA MUNICIPAL DE BARBACENA;16.001;SEMOP;2.117;MANUTENÇAO, CONSTRUÇAO E CONSERVAÇAO DE CEMITERIOS;17;INFRAESTRUTURA URBANA E RURAL;15;Urbanismo;452;Serviços Urbanos;375;3.1.91.13.00.00.00.00;OBRIGAÇÕES PATRONAIS;1.500.000.0000;RECURSOS NÃO VINCULADOS DE IMPOSTOS;98.881,56
PREFEITURA MUNICIPAL DE BARBACENA;16.001;SEMOP;2.117;MANUTENÇAO, CONSTRUÇAO E CONSERVAÇAO DE CEMITERIOS;17;INFRAESTRUTURA URBANA E RURAL;15;Urbanismo;452;Serviços Urbanos;376;3.3.90.18.00.00.00.00;AUXÍLIO FINANCEIRO A ESTUDANTES;1.500.000.0000;RECURSOS NÃO VINCULADOS DE IMPOSTOS;1.000,00
PREFEITURA MUNICIPAL DE BARBACENA;16.001;SEMOP;2.117;MANUTENÇAO, CONSTRUÇAO E CONSERVAÇAO DE CEMITERIOS;17;INFRAESTRUTURA URBANA E RURAL;15;Urbanismo;452;Serviços Urbanos;377;3.3.90.30.00.00.00.00;MATERIAL DE CONSUMO;1.500.000.0000;RECURSOS NÃO VINCULADOS DE IMPOSTOS;60.000,00
PREFEITURA MUNICIPAL DE BARBACENA;16.001;SEMOP;2.117;MANUTENÇAO, CONSTRUÇAO E CONSERVAÇAO DE CEMITERIOS;17;INFRAESTRUTURA URBANA E RURAL;15;Urbanismo;452;Serviços Urbanos;377;3.3.90.30.00.00.00.00;MATERIAL DE CONSUMO;1.501.000.0000;OUTROS RECURSOS NÃO VINCULADOS;0,00
PREFEITURA MUNICIPAL DE BARBACENA;16.001;SEMOP;2.117;MANUTENÇAO, CONSTRUÇAO E CONSERVAÇAO DE CEMITERIOS;17;INFRAESTRUTURA URBANA E RURAL;15;Urbanismo;452;Serviços Urbanos;377;3.3.90.30.00.00.00.00;MATERIAL DE CONSUMO;1.753.000.0000;RECURSOS PROVENIENTES DE TAXAS, CONTRIBUIÇÕES E PREÇOS PÚBLICOS;0,00
PREFEITURA MUNICIPAL DE BARBACENA;16.001;SEMOP;2.117;MANUTENÇAO, CONSTRUÇAO E CONSERVAÇAO DE CEMITERIOS;17;INFRAESTRUTURA URBANA E RURAL;15;Urbanismo;452;Serviços Urbanos;377;3.3.90.30.00.00.00.00;MATERIAL DE CONSUMO;2.500.000.0000;RECURSOS NÃO VINCULADOS DE IMPOSTOS;0,00
PREFEITURA MUNICIPAL DE BARBACENA;16.001;SEMOP;2.117;MANUTENÇAO, CONSTRUÇAO E CONSERVAÇAO DE CEMITERIOS;17;INFRAESTRUTURA URBANA E RURAL;15;Urbanismo;452;Serviços Urbanos;377;3.3.90.30.00.00.00.00;MATERIAL DE CONSUMO;2.753.000.0000;RECURSOS PROVENIENTES DE TAXAS, CONTRIBUIÇÕES E PREÇOS PÚBLICOS;0,00
PREFEITURA MUNICIPAL DE BARBACENA;16.001;SEMOP;2.117;MANUTENÇAO, CONSTRUÇAO E CONSERVAÇAO DE CEMITERIOS;17;INFRAESTRUTURA URBANA E RURAL;15;Urbanismo;452;Serviços Urbanos;378;3.3.90.39.00.00.00.00;OUTROS SERVIÇOS DE TERCEIROS - PESSOA JURÍDICA;1.500.000.0000;RECURSOS NÃO VINCULADOS DE IMPOSTOS;20.000,00
PREFEITURA MUNICIPAL DE BARBACENA;16.001;SEMOP;2.117;MANUTENÇAO, CONSTRUÇAO E CONSERVAÇAO DE CEMITERIOS;17;INFRAESTRUTURA URBANA E RURAL;15;Urbanismo;452;Serviços Urbanos;379;3.3.90.46.00.00.00.00;AUXÍLIO-ALIMENTAÇÃO;1.500.000.0000;RECURSOS NÃO VINCULADOS DE IMPOSTOS;40.950,00
PREFEITURA MUNICIPAL DE BARBACENA;16.001;SEMOP;2.117;MANUTENÇAO, CONSTRUÇAO E CONSERVAÇAO DE CEMITERIOS;17;INFRAESTRUTURA URBANA E RURAL;15;Urbanismo;452;Serviços Urbanos;380;4.4.90.52.00.00.00.00;EQUIPAMENTOS E MATERIAL PERMANENTE;1.500.000.0000;RECURSOS NÃO VINCULADOS DE IMPOSTOS;3.000,00
PREFEITURA MUNICIPAL DE BARBACENA;16.001;SEMOP;2.340;ELABORAÇAO DO PLANO DIRETOR DO MUNICIPIO E PLANO DE MOBILIDADE URBANA;17;INFRAESTRUTURA URBANA E RURAL;15;Urbanismo;452;Serviços Urbanos;381;3.3.90.30.00.00.00.00;MATERIAL DE CONSUMO;1.500.000.0000;RECURSOS NÃO VINCULADOS DE IMPOSTOS;5.000,00
PREFEITURA MUNICIPAL DE BARBACENA;16.001;SEMOP;2.340;ELABORAÇAO DO PLANO DIRETOR DO MUNICIPIO E PLANO DE MOBILIDADE URBANA;17;INFRAESTRUTURA URBANA E RURAL;15;Urbanismo;452;Serviços Urbanos;381;3.3.90.30.00.00.00.00;MATERIAL DE CONSUMO;1.700.000.0000;OUTRAS TRANSFERÊNCIAS DE CONVÊNIOS OU INSTRUMENTOS CONGÊNERES DA UNIÃO;1.000,00
PREFEITURA MUNICIPAL DE BARBACENA;16.001;SEMOP;2.340;ELABORAÇAO DO PLANO DIRETOR DO MUNICIPIO E PLANO DE MOBILIDADE URBANA;17;INFRAESTRUTURA URBANA E RURAL;15;Urbanismo;452;Serviços Urbanos;382;3.3.90.35.00.00.00.00;SERVIÇOS DE CONSULTORIA;1.500.000.0000;RECURSOS NÃO VINCULADOS DE IMPOSTOS;2.000,00
PREFEITURA MUNICIPAL DE BARBACENA;16.001;SEMOP;2.340;ELABORAÇAO DO PLANO DIRETOR DO MUNICIPIO E PLANO DE MOBILIDADE URBANA;17;INFRAESTRUTURA URBANA E RURAL;15;Urbanismo;452;Serviços Urbanos;382;3.3.90.35.00.00.00.00;SERVIÇOS DE CONSULTORIA;1.700.000.0000;OUTRAS TRANSFERÊNCIAS DE CONVÊNIOS OU INSTRUMENTOS CONGÊNERES DA UNIÃO;1.000,00
PREFEITURA MUNICIPAL DE BARBACENA;16.001;SEMOP;2.340;ELABORAÇAO DO PLANO DIRETOR DO MUNICIPIO E PLANO DE MOBILIDADE URBANA;17;INFRAESTRUTURA URBANA E RURAL;15;Urbanismo;452;Serviços Urbanos;383;3.3.90.39.00.00.00.00;OUTROS SERVIÇOS DE TERCEIROS - PESSOA JURÍDICA;1.500.000.0000;RECURSOS NÃO VINCULADOS DE IMPOSTOS;2.500,00
PREFEITURA MUNICIPAL DE BARBACENA;16.001;SEMOP;2.340;ELABORAÇAO DO PLANO DIRETOR DO MUNICIPIO E PLANO DE MOBILIDADE URBANA;17;INFRAESTRUTURA URBANA E RURAL;15;Urbanismo;452;Serviços Urbanos;383;3.3.90.39.00.00.00.00;OUTROS SERVIÇOS DE TERCEIROS - PESSOA JURÍDICA;1.700.000.0000;OUTRAS TRANSFERÊNCIAS DE CONVÊNIOS OU INSTRUMENTOS CONGÊNERES DA UNIÃO;1.000,00
PREFEITURA MUNICIPAL DE BARBACENA;16.001;SEMOP;1.498;OBRAS DE CONSTRUÇÃO E AMPLIAÇÃO DE SANEAMENTO RURAL E CONSERVAÇÃO DE NASCENTES;18;MEIO AMBIENTE E SANEAMENTO BASICO;17;Saneamento;511;Saneamento Básico Rural;384;3.3.90.39.00.00.00.00;OUTROS SERVIÇOS DE TERCEIROS - PESSOA JURÍDICA;1.500.000.0000;RECURSOS NÃO VINCULADOS DE IMPOSTOS;100.000,00
PREFEITURA MUNICIPAL DE BARBACENA;16.001;SEMOP;1.029;OBRAS DE CONSTRUÇAO, AMPLIAÇAO, READEQUAÇAO E MELHORIA DO SISTEMA DE ABASTECIMENTO DE AGUA;18;MEIO AMBIENTE E SANEAMENTO BASICO;17;Saneamento;512;Saneamento Básico Urbano;385;4.4.90.51.00.00.00.00;OBRAS E INSTALAÇÕES;1.500.000.0000;RECURSOS NÃO VINCULADOS DE IMPOSTOS;3.500,00
PREFEITURA MUNICIPAL DE BARBACENA;16.001;SEMOP;1.029;OBRAS DE CONSTRUÇAO, AMPLIAÇAO, READEQUAÇAO E MELHORIA DO SISTEMA DE ABASTECIMENTO DE AGUA;18;MEIO AMBIENTE E SANEAMENTO BASICO;17;Saneamento;512;Saneamento Básico Urbano;385;4.4.90.51.00.00.00.00;OBRAS E INSTALAÇÕES;1.700.000.0000;OUTRAS TRANSFERÊNCIAS DE CONVÊNIOS OU INSTRUMENTOS CONGÊNERES DA UNIÃO;1.000,00
PREFEITURA MUNICIPAL DE BARBACENA;16.001;SEMOP;1.033;OBRAS DE CONSTRUÇAO, AMPLIAÇAO, READEQUAÇAO E MELHORIA DO SISTEMA DE ESGOTAMENTO SANITARIO;18;MEIO AMBIENTE E SANEAMENTO BASICO;17;Saneamento;512;Saneamento Básico Urbano;386;3.3.90.39.00.00.00.00;OUTROS SERVIÇOS DE TERCEIROS - PESSOA JURÍDICA;1.500.000.0000;RECURSOS NÃO VINCULADOS DE IMPOSTOS;60.000,00
PREFEITURA MUNICIPAL DE BARBACENA;16.001;SEMOP;1.033;OBRAS DE CONSTRUÇAO, AMPLIAÇAO, READEQUAÇAO E MELHORIA DO SISTEMA DE ESGOTAMENTO SANITARIO;18;MEIO AMBIENTE E SANEAMENTO BASICO;17;Saneamento;512;Saneamento Básico Urbano;386;3.3.90.39.00.00.00.00;OUTROS SERVIÇOS DE TERCEIROS - PESSOA JURÍDICA;1.700.000.0000;OUTRAS TRANSFERÊNCIAS DE CONVÊNIOS OU INSTRUMENTOS CONGÊNERES DA UNIÃO;244.700,00
PREFEITURA MUNICIPAL DE BARBACENA;16.001;SEMOP;1.033;OBRAS DE CONSTRUÇAO, AMPLIAÇAO, READEQUAÇAO E MELHORIA DO SISTEMA DE ESGOTAMENTO SANITARIO;18;MEIO AMBIENTE E SANEAMENTO BASICO;17;Saneamento;512;Saneamento Básico Urbano;387;4.4.90.51.00.00.00.00;OBRAS E INSTALAÇÕES;1.500.000.0000;RECURSOS NÃO VINCULADOS DE IMPOSTOS;5.000,00
PREFEITURA MUNICIPAL DE BARBACENA;16.001;SEMOP;1.033;OBRAS DE CONSTRUÇAO, AMPLIAÇAO, READEQUAÇAO E MELHORIA DO SISTEMA DE ESGOTAMENTO SANITARIO;18;MEIO AMBIENTE E SANEAMENTO BASICO;17;Saneamento;512;Saneamento Básico Urbano;387;4.4.90.51.00.00.00.00;OBRAS E INSTALAÇÕES;1.700.000.0000;OUTRAS TRANSFERÊNCIAS DE CONVÊNIOS OU INSTRUMENTOS CONGÊNERES DA UNIÃO;753.480,42
PREFEITURA MUNICIPAL DE BARBACENA;16.001;SEMOP;1.033;OBRAS DE CONSTRUÇAO, AMPLIAÇAO, READEQUAÇAO E MELHORIA DO SISTEMA DE ESGOTAMENTO SANITARIO;18;MEIO AMBIENTE E SANEAMENTO BASICO;17;Saneamento;512;Saneamento Básico Urbano;387;4.4.90.51.00.00.00.00;OBRAS E INSTALAÇÕES;1.704.000.0000;TRANSFERÊNCIAS DA UNIÃO REFERENTES A COMPENSAÇÕES FINANCEIRAS PELA EXPLORAÇÃO DE RECURSOS NATURAIS;250.000,00
PREFEITURA MUNICIPAL DE BARBACENA;16.001;SEMOP;1.033;OBRAS DE CONSTRUÇAO, AMPLIAÇAO, READEQUAÇAO E MELHORIA DO SISTEMA DE ESGOTAMENTO SANITARIO;18;MEIO AMBIENTE E SANEAMENTO BASICO;17;Saneamento;512;Saneamento Básico Urbano;387;4.4.90.51.00.00.00.00;OBRAS E INSTALAÇÕES;1.754.000.0000;RECURSOS DE OPERAÇÕES DE CRÉDITO;13.469.155,82
PREFEITURA MUNICIPAL DE BARBACENA;16.001;SEMOP;1.034;OBRAS DE CONSTRUÇAO, AMPLIAÇAO, READEQUAÇAO E MELHORIA DO SISTEMA DE DRENAGEM;18;MEIO AMBIENTE E SANEAMENTO BASICO;17;Saneamento;512;Saneamento Básico Urbano;388;3.3.90.30.00.00.00.00;MATERIAL DE CONSUMO;1.500.000.0000;RECURSOS NÃO VINCULADOS DE IMPOSTOS;25.000,00
PREFEITURA MUNICIPAL DE BARBACENA;16.001;SEMOP;1.034;OBRAS DE CONSTRUÇAO, AMPLIAÇAO, READEQUAÇAO E MELHORIA DO SISTEMA DE DRENAGEM;18;MEIO AMBIENTE E SANEAMENTO BASICO;17;Saneamento;512;Saneamento Básico Urbano;388;3.3.90.30.00.00.00.00;MATERIAL DE CONSUMO;1.501.000.0000;OUTROS RECURSOS NÃO VINCULADOS;0,00
PREFEITURA MUNICIPAL DE BARBACENA;16.001;SEMOP;1.034;OBRAS DE CONSTRUÇAO, AMPLIAÇAO, READEQUAÇAO E MELHORIA DO SISTEMA DE DRENAGEM;18;MEIO AMBIENTE E SANEAMENTO BASICO;17;Saneamento;512;Saneamento Básico Urbano;388;3.3.90.30.00.00.00.00;MATERIAL DE CONSUMO;1.753.000.0000;RECURSOS PROVENIENTES DE TAXAS, CONTRIBUIÇÕES E PREÇOS PÚBLICOS;35.000,00
PREFEITURA MUNICIPAL DE BARBACENA;16.001;SEMOP;1.034;OBRAS DE CONSTRUÇAO, AMPLIAÇAO, READEQUAÇAO E MELHORIA DO SISTEMA DE DRENAGEM;18;MEIO AMBIENTE E SANEAMENTO BASICO;17;Saneamento;512;Saneamento Básico Urbano;388;3.3.90.30.00.00.00.00;MATERIAL DE CONSUMO;2.500.000.0000;RECURSOS NÃO VINCULADOS DE IMPOSTOS;0,00
PREFEITURA MUNICIPAL DE BARBACENA;16.001;SEMOP;1.034;OBRAS DE CONSTRUÇAO, AMPLIAÇAO, READEQUAÇAO E MELHORIA DO SISTEMA DE DRENAGEM;18;MEIO AMBIENTE E SANEAMENTO BASICO;17;Saneamento;512;Saneamento Básico Urbano;388;3.3.90.30.00.00.00.00;MATERIAL DE CONSUMO;2.753.000.0000;RECURSOS PROVENIENTES DE TAXAS, CONTRIBUIÇÕES E PREÇOS PÚBLICOS;0,00
PREFEITURA MUNICIPAL DE BARBACENA;16.001;SEMOP;1.034;OBRAS DE CONSTRUÇAO, AMPLIAÇAO, READEQUAÇAO E MELHORIA DO SISTEMA DE DRENAGEM;18;MEIO AMBIENTE E SANEAMENTO BASICO;17;Saneamento;512;Saneamento Básico Urbano;389;3.3.90.39.00.00.00.00;OUTROS SERVIÇOS DE TERCEIROS - PESSOA JURÍDICA;1.753.000.0000;RECURSOS PROVENIENTES DE TAXAS, CONTRIBUIÇÕES E PREÇOS PÚBLICOS;50.000,00
PREFEITURA MUNICIPAL DE BARBACENA;16.001;SEMOP;1.034;OBRAS DE CONSTRUÇAO, AMPLIAÇAO, READEQUAÇAO E MELHORIA DO SISTEMA DE DRENAGEM;18;MEIO AMBIENTE E SANEAMENTO BASICO;17;Saneamento;512;Saneamento Básico Urbano;389;3.3.90.39.00.00.00.00;OUTROS SERVIÇOS DE TERCEIROS - PESSOA JURÍDICA;2.500.000.0000;RECURSOS NÃO VINCULADOS DE IMPOSTOS;0,00
PREFEITURA MUNICIPAL DE BARBACENA;16.001;SEMOP;1.034;OBRAS DE CONSTRUÇAO, AMPLIAÇAO, READEQUAÇAO E MELHORIA DO SISTEMA DE DRENAGEM;18;MEIO AMBIENTE E SANEAMENTO BASICO;17;Saneamento;512;Saneamento Básico Urbano;389;3.3.90.39.00.00.00.00;OUTROS SERVIÇOS DE TERCEIROS - PESSOA JURÍDICA;2.753.000.0000;RECURSOS PROVENIENTES DE TAXAS, CONTRIBUIÇÕES E PREÇOS PÚBLICOS;0,00
PREFEITURA MUNICIPAL DE BARBACENA;16.001;SEMOP;1.034;OBRAS DE CONSTRUÇAO, AMPLIAÇAO, READEQUAÇAO E MELHORIA DO SISTEMA DE DRENAGEM;18;MEIO AMBIENTE E SANEAMENTO BASICO;17;Saneamento;512;Saneamento Básico Urbano;390;4.4.90.51.00.00.00.00;OBRAS E INSTALAÇÕES;1.500.000.0000;RECURSOS NÃO VINCULADOS DE IMPOSTOS;5.000,00
PREFEITURA MUNICIPAL DE BARBACENA;16.001;SEMOP;1.034;OBRAS DE CONSTRUÇAO, AMPLIAÇAO, READEQUAÇAO E MELHORIA DO SISTEMA DE DRENAGEM;18;MEIO AMBIENTE E SANEAMENTO BASICO;17;Saneamento;512;Saneamento Básico Urbano;390;4.4.90.51.00.00.00.00;OBRAS E INSTALAÇÕES;1.700.000.0000;OUTRAS TRANSFERÊNCIAS DE CONVÊNIOS OU INSTRUMENTOS CONGÊNERES DA UNIÃO;1.000,00
PREFEITURA MUNICIPAL DE BARBACENA;16.001;SEMOP;1.034;OBRAS DE CONSTRUÇAO, AMPLIAÇAO, READEQUAÇAO E MELHORIA DO SISTEMA DE DRENAGEM;18;MEIO AMBIENTE E SANEAMENTO BASICO;17;Saneamento;512;Saneamento Básico Urbano;390;4.4.90.51.00.00.00.00;OBRAS E INSTALAÇÕES;1.704.000.0000;TRANSFERÊNCIAS DA UNIÃO REFERENTES A COMPENSAÇÕES FINANCEIRAS PELA EXPLORAÇÃO DE RECURSOS NATURAIS;210.000,00
PREFEITURA MUNICIPAL DE BARBACENA;16.001;SEMOP;1.034;OBRAS DE CONSTRUÇAO, AMPLIAÇAO, READEQUAÇAO E MELHORIA DO SISTEMA DE DRENAGEM;18;MEIO AMBIENTE E SANEAMENTO BASICO;17;Saneamento;512;Saneamento Básico Urbano;390;4.4.90.51.00.00.00.00;OBRAS E INSTALAÇÕES;1.753.000.0000;RECURSOS PROVENIENTES DE TAXAS, CONTRIBUIÇÕES E PREÇOS PÚBLICOS;1.000,00
PREFEITURA MUNICIPAL DE BARBACENA;16.001;SEMOP;1.034;OBRAS DE CONSTRUÇAO, AMPLIAÇAO, READEQUAÇAO E MELHORIA DO SISTEMA DE DRENAGEM;18;MEIO AMBIENTE E SANEAMENTO BASICO;17;Saneamento;512;Saneamento Básico Urbano;955;3.3.90.41.00.00.00.00;CONTRIBUIÇÕES;1.500.000.0000;RECURSOS NÃO VINCULADOS DE IMPOSTOS;0,00
PREFEITURA MUNICIPAL DE BARBACENA;16.001;SEMOP;2.161;MANUTENÇAO DAS ATIVIDADES DE LIMPEZA URBANA E DESTINAÇAO FINAL DE RESIDUOS;18;MEIO AMBIENTE E SANEAMENTO BASICO;17;Saneamento;512;Saneamento Básico Urbano;391;3.3.90.30.00.00.00.00;MATERIAL DE CONSUMO;1.500.000.0000;RECURSOS NÃO VINCULADOS DE IMPOSTOS;10.000,00
PREFEITURA MUNICIPAL DE BARBACENA;16.001;SEMOP;2.161;MANUTENÇAO DAS ATIVIDADES DE LIMPEZA URBANA E DESTINAÇAO FINAL DE RESIDUOS;18;MEIO AMBIENTE E SANEAMENTO BASICO;17;Saneamento;512;Saneamento Básico Urbano;391;3.3.90.30.00.00.00.00;MATERIAL DE CONSUMO;1.704.000.0000;TRANSFERÊNCIAS DA UNIÃO REFERENTES A COMPENSAÇÕES FINANCEIRAS PELA EXPLORAÇÃO DE RECURSOS NATURAIS;0,00
PREFEITURA MUNICIPAL DE BARBACENA;16.001;SEMOP;2.161;MANUTENÇAO DAS ATIVIDADES DE LIMPEZA URBANA E DESTINAÇAO FINAL DE RESIDUOS;18;MEIO AMBIENTE E SANEAMENTO BASICO;17;Saneamento;512;Saneamento Básico Urbano;391;3.3.90.30.00.00.00.00;MATERIAL DE CONSUMO;1.753.000.0000;RECURSOS PROVENIENTES DE TAXAS, CONTRIBUIÇÕES E PREÇOS PÚBLICOS;88.734,55
PREFEITURA MUNICIPAL DE BARBACENA;16.001;SEMOP;2.161;MANUTENÇAO DAS ATIVIDADES DE LIMPEZA URBANA E DESTINAÇAO FINAL DE RESIDUOS;18;MEIO AMBIENTE E SANEAMENTO BASICO;17;Saneamento;512;Saneamento Básico Urbano;391;3.3.90.30.00.00.00.00;MATERIAL DE CONSUMO;2.500.000.0000;RECURSOS NÃO VINCULADOS DE IMPOSTOS;0,00
PREFEITURA MUNICIPAL DE BARBACENA;16.001;SEMOP;2.161;MANUTENÇAO DAS ATIVIDADES DE LIMPEZA URBANA E DESTINAÇAO FINAL DE RESIDUOS;18;MEIO AMBIENTE E SANEAMENTO BASICO;17;Saneamento;512;Saneamento Básico Urbano;391;3.3.90.30.00.00.00.00;MATERIAL DE CONSUMO;2.753.000.0000;RECURSOS PROVENIENTES DE TAXAS, CONTRIBUIÇÕES E PREÇOS PÚBLICOS;0,00
PREFEITURA MUNICIPAL DE BARBACENA;16.001;SEMOP;2.161;MANUTENÇAO DAS ATIVIDADES DE LIMPEZA URBANA E DESTINAÇAO FINAL DE RESIDUOS;18;MEIO AMBIENTE E SANEAMENTO BASICO;17;Saneamento;512;Saneamento Básico Urbano;392;3.3.90.36.00.00.00.00;OUTROS SERVIÇOS DE TERCEIROS - PESSOA FÍSICA;1.500.000.0000;RECURSOS NÃO VINCULADOS DE IMPOSTOS;30.000,00
PREFEITURA MUNICIPAL DE BARBACENA;16.001;SEMOP;2.161;MANUTENÇAO DAS ATIVIDADES DE LIMPEZA URBANA E DESTINAÇAO FINAL DE RESIDUOS;18;MEIO AMBIENTE E SANEAMENTO BASICO;17;Saneamento;512;Saneamento Básico Urbano;393;3.3.90.39.00.00.00.00;OUTROS SERVIÇOS DE TERCEIROS - PESSOA JURÍDICA;1.500.000.0000;RECURSOS NÃO VINCULADOS DE IMPOSTOS;5.000,00
PREFEITURA MUNICIPAL DE BARBACENA;16.001;SEMOP;2.161;MANUTENÇAO DAS ATIVIDADES DE LIMPEZA URBANA E DESTINAÇAO FINAL DE RESIDUOS;18;MEIO AMBIENTE E SANEAMENTO BASICO;17;Saneamento;512;Saneamento Básico Urbano;393;3.3.90.39.00.00.00.00;OUTROS SERVIÇOS DE TERCEIROS - PESSOA JURÍDICA;1.501.000.0000;OUTROS RECURSOS NÃO VINCULADOS;50.000,00
PREFEITURA MUNICIPAL DE BARBACENA;16.001;SEMOP;2.161;MANUTENÇAO DAS ATIVIDADES DE LIMPEZA URBANA E DESTINAÇAO FINAL DE RESIDUOS;18;MEIO AMBIENTE E SANEAMENTO BASICO;17;Saneamento;512;Saneamento Básico Urbano;393;3.3.90.39.00.00.00.00;OUTROS SERVIÇOS DE TERCEIROS - PESSOA JURÍDICA;1.704.000.0000;TRANSFERÊNCIAS DA UNIÃO REFERENTES A COMPENSAÇÕES FINANCEIRAS PELA EXPLORAÇÃO DE RECURSOS NATURAIS;5.630.105,68
PREFEITURA MUNICIPAL DE BARBACENA;16.001;SEMOP;2.161;MANUTENÇAO DAS ATIVIDADES DE LIMPEZA URBANA E DESTINAÇAO FINAL DE RESIDUOS;18;MEIO AMBIENTE E SANEAMENTO BASICO;17;Saneamento;512;Saneamento Básico Urbano;393;3.3.90.39.00.00.00.00;OUTROS SERVIÇOS DE TERCEIROS - PESSOA JURÍDICA;1.753.000.0000;RECURSOS PROVENIENTES DE TAXAS, CONTRIBUIÇÕES E PREÇOS PÚBLICOS;3.426.734,55
PREFEITURA MUNICIPAL DE BARBACENA;16.001;SEMOP;2.161;MANUTENÇAO DAS ATIVIDADES DE LIMPEZA URBANA E DESTINAÇAO FINAL DE RESIDUOS;18;MEIO AMBIENTE E SANEAMENTO BASICO;17;Saneamento;512;Saneamento Básico Urbano;393;3.3.90.39.00.00.00.00;OUTROS SERVIÇOS DE TERCEIROS - PESSOA JURÍDICA;2.500.000.0000;RECURSOS NÃO VINCULADOS DE IMPOSTOS;0,00
PREFEITURA MUNICIPAL DE BARBACENA;16.001;SEMOP;2.161;MANUTENÇAO DAS ATIVIDADES DE LIMPEZA URBANA E DESTINAÇAO FINAL DE RESIDUOS;18;MEIO AMBIENTE E SANEAMENTO BASICO;17;Saneamento;512;Saneamento Básico Urbano;393;3.3.90.39.00.00.00.00;OUTROS SERVIÇOS DE TERCEIROS - PESSOA JURÍDICA;2.753.000.0000;RECURSOS PROVENIENTES DE TAXAS, CONTRIBUIÇÕES E PREÇOS PÚBLICOS;0,00
PREFEITURA MUNICIPAL DE BARBACENA;16.001;SEMOP;2.161;MANUTENÇAO DAS ATIVIDADES DE LIMPEZA URBANA E DESTINAÇAO FINAL DE RESIDUOS;18;MEIO AMBIENTE E SANEAMENTO BASICO;17;Saneamento;512;Saneamento Básico Urbano;394;3.3.90.92.00.00.00.00;DESPESAS DE EXERCÍCIOS ANTERIORES;1.500.000.0000;RECURSOS NÃO VINCULADOS DE IMPOSTOS;5.000,00
PREFEITURA MUNICIPAL DE BARBACENA;16.001;SEMOP;2.161;MANUTENÇAO DAS ATIVIDADES DE LIMPEZA URBANA E DESTINAÇAO FINAL DE RESIDUOS;18;MEIO AMBIENTE E SANEAMENTO BASICO;17;Saneamento;512;Saneamento Básico Urbano;394;3.3.90.92.00.00.00.00;DESPESAS DE EXERCÍCIOS ANTERIORES;1.753.000.0000;RECURSOS PROVENIENTES DE TAXAS, CONTRIBUIÇÕES E PREÇOS PÚBLICOS;0,00
PREFEITURA MUNICIPAL DE BARBACENA;16.001;SEMOP;2.161;MANUTENÇAO DAS ATIVIDADES DE LIMPEZA URBANA E DESTINAÇAO FINAL DE RESIDUOS;18;MEIO AMBIENTE E SANEAMENTO BASICO;17;Saneamento;512;Saneamento Básico Urbano;395;4.4.90.52.00.00.00.00;EQUIPAMENTOS E MATERIAL PERMANENTE;1.500.000.0000;RECURSOS NÃO VINCULADOS DE IMPOSTOS;5.000,00
PREFEITURA MUNICIPAL DE BARBACENA;16.001;SEMOP;2.161;MANUTENÇAO DAS ATIVIDADES DE LIMPEZA URBANA E DESTINAÇAO FINAL DE RESIDUOS;18;MEIO AMBIENTE E SANEAMENTO BASICO;17;Saneamento;512;Saneamento Básico Urbano;395;4.4.90.52.00.00.00.00;EQUIPAMENTOS E MATERIAL PERMANENTE;1.753.000.0000;RECURSOS PROVENIENTES DE TAXAS, CONTRIBUIÇÕES E PREÇOS PÚBLICOS;200.000,00
PREFEITURA MUNICIPAL DE BARBACENA;16.001;SEMOP;2.161;MANUTENÇAO DAS ATIVIDADES DE LIMPEZA URBANA E DESTINAÇAO FINAL DE RESIDUOS;18;MEIO AMBIENTE E SANEAMENTO BASICO;17;Saneamento;512;Saneamento Básico Urbano;956;3.3.90.41.00.00.00.00;CONTRIBUIÇÕES;1.500.000.0000;RECURSOS NÃO VINCULADOS DE IMPOSTOS;0,00
PREFEITURA MUNICIPAL DE BARBACENA;16.001;SEMOP;1.028;OBRAS DE AMPLIAÇAO E MELHORIA DA REDE DE ILUMINAÇAO PUBLICA;20;ILUMINAÇAO PUBLICA;25;Energia;752;Energia Elétrica;396;4.4.90.51.00.00.00.00;OBRAS E INSTALAÇÕES;1.751.000.0000;RECURSOS DA CONTRIBUIÇÃO PARA O CUSTEIO DO SERVIÇO DE ILUMINAÇÃO PÚBLICA - COSIP;2.971.098,78
PREFEITURA MUNICIPAL DE BARBACENA;16.001;SEMOP;1.028;OBRAS DE AMPLIAÇAO E MELHORIA DA REDE DE ILUMINAÇAO PUBLICA;20;ILUMINAÇAO PUBLICA;25;Energia;752;Energia Elétrica;396;4.4.90.51.00.00.00.00;OBRAS E INSTALAÇÕES;2.751.000.0000;RECURSOS DA CONTRIBUIÇÃO PARA O CUSTEIO DO SERVIÇO DE ILUMINAÇÃO PÚBLICA - COSIP;0,00
PREFEITURA MUNICIPAL DE BARBACENA;16.001;SEMOP;2.104;MANUTENÇAO DA REDE DE ILUMINAÇAO PUBLICA;20;ILUMINAÇAO PUBLICA;25;Energia;752;Energia Elétrica;397;3.3.90.39.00.00.00.00;OUTROS SERVIÇOS DE TERCEIROS - PESSOA JURÍDICA;1.751.000.0000;RECURSOS DA CONTRIBUIÇÃO PARA O CUSTEIO DO SERVIÇO DE ILUMINAÇÃO PÚBLICA - COSIP;8.654.769,72
PREFEITURA MUNICIPAL DE BARBACENA;16.001;SEMOP;2.104;MANUTENÇAO DA REDE DE ILUMINAÇAO PUBLICA;20;ILUMINAÇAO PUBLICA;25;Energia;752;Energia Elétrica;397;3.3.90.39.00.00.00.00;OUTROS SERVIÇOS DE TERCEIROS - PESSOA JURÍDICA;2.751.000.0000;RECURSOS DA CONTRIBUIÇÃO PARA O CUSTEIO DO SERVIÇO DE ILUMINAÇÃO PÚBLICA - COSIP;0,00
PREFEITURA MUNICIPAL DE BARBACENA;16.001;SEMOP;2.104;MANUTENÇAO DA REDE DE ILUMINAÇAO PUBLICA;20;ILUMINAÇAO PUBLICA;25;Energia;752;Energia Elétrica;957;3.3.67.83.00.00.00.00;DESPESAS DECORRENTES DE CONTRATO DE PARCERIA PÚB.;1.751.000.0000;RECURSOS DA CONTRIBUIÇÃO PARA O CUSTEIO DO SERVIÇO DE ILUMINAÇÃO PÚBLICA - COSIP;0,00
PREFEITURA MUNICIPAL DE BARBACENA;16.001;SEMOP;2.116;PROJETOS DE ENGENHARIA DE ILUMINAÇAO PUBLICA;20;ILUMINAÇAO PUBLICA;25;Energia;752;Energia Elétrica;398;3.3.90.39.00.00.00.00;OUTROS SERVIÇOS DE TERCEIROS - PESSOA JURÍDICA;1.751.000.0000;RECURSOS DA CONTRIBUIÇÃO PARA O CUSTEIO DO SERVIÇO DE ILUMINAÇÃO PÚBLICA - COSIP;20.000,00
PREFEITURA MUNICIPAL DE BARBACENA;16.001;SEMOP;2.116;PROJETOS DE ENGENHARIA DE ILUMINAÇAO PUBLICA;20;ILUMINAÇAO PUBLICA;25;Energia;752;Energia Elétrica;399;4.4.90.51.00.00.00.00;OBRAS E INSTALAÇÕES;1.751.000.0000;RECURSOS DA CONTRIBUIÇÃO PARA O CUSTEIO DO SERVIÇO DE ILUMINAÇÃO PÚBLICA - COSIP;79.999,99
PREFEITURA MUNICIPAL DE BARBACENA;16.001;SEMOP;1.027;CONSTRUÇAO, AMPLIAÇAO, RECUPERAÇÃO E MELHORIA DE VIAS PUBLICAS;27;MOBILIDADE URBANA;15;Urbanismo;451;Infra-Estrutura Urbana;349;3.3.90.30.00.00.00.00;MATERIAL DE CONSUMO;1.500.000.0000;RECURSOS NÃO VINCULADOS DE IMPOSTOS;245.000,00
PREFEITURA MUNICIPAL DE BARBACENA;16.001;SEMOP;1.027;CONSTRUÇAO, AMPLIAÇAO, RECUPERAÇÃO E MELHORIA DE VIAS PUBLICAS;27;MOBILIDADE URBANA;15;Urbanismo;451;Infra-Estrutura Urbana;349;3.3.90.30.00.00.00.00;MATERIAL DE CONSUMO;1.750.000.0000;RECURSOS DA CONTRIBUIÇÃO DE INTERVENÇÃO NO DOMÍNIO ECONÔMICO - CIDE;290.130,51
PREFEITURA MUNICIPAL DE BARBACENA;16.001;SEMOP;1.027;CONSTRUÇAO, AMPLIAÇAO, RECUPERAÇÃO E MELHORIA DE VIAS PUBLICAS;27;MOBILIDADE URBANA;15;Urbanismo;451;Infra-Estrutura Urbana;350;3.3.90.39.00.00.00.00;OUTROS SERVIÇOS DE TERCEIROS - PESSOA JURÍDICA;1.500.000.0000;RECURSOS NÃO VINCULADOS DE IMPOSTOS;10.000,00
PREFEITURA MUNICIPAL DE BARBACENA;16.001;SEMOP;1.027;CONSTRUÇAO, AMPLIAÇAO, RECUPERAÇÃO E MELHORIA DE VIAS PUBLICAS;27;MOBILIDADE URBANA;15;Urbanismo;451;Infra-Estrutura Urbana;350;3.3.90.39.00.00.00.00;OUTROS SERVIÇOS DE TERCEIROS - PESSOA JURÍDICA;1.704.000.0000;TRANSFERÊNCIAS DA UNIÃO REFERENTES A COMPENSAÇÕES FINANCEIRAS PELA EXPLORAÇÃO DE RECURSOS NATURAIS;1.000,00
PREFEITURA MUNICIPAL DE BARBACENA;16.001;SEMOP;1.027;CONSTRUÇAO, AMPLIAÇAO, RECUPERAÇÃO E MELHORIA DE VIAS PUBLICAS;27;MOBILIDADE URBANA;15;Urbanismo;451;Infra-Estrutura Urbana;350;3.3.90.39.00.00.00.00;OUTROS SERVIÇOS DE TERCEIROS - PESSOA JURÍDICA;1.708.000.0000;TRANSFERÊNCIA DA UNIÃO REFERENTE À COMPENSAÇÃO FINANCEIRA DE RECURSOS MINERAIS;15.541,54
PREFEITURA MUNICIPAL DE BARBACENA;16.001;SEMOP;1.027;CONSTRUÇAO, AMPLIAÇAO, RECUPERAÇÃO E MELHORIA DE VIAS PUBLICAS;27;MOBILIDADE URBANA;15;Urbanismo;451;Infra-Estrutura Urbana;350;3.3.90.39.00.00.00.00;OUTROS SERVIÇOS DE TERCEIROS - PESSOA JURÍDICA;1.753.000.0000;RECURSOS PROVENIENTES DE TAXAS, CONTRIBUIÇÕES E PREÇOS PÚBLICOS;170.000,00
PREFEITURA MUNICIPAL DE BARBACENA;16.001;SEMOP;1.027;CONSTRUÇAO, AMPLIAÇAO, RECUPERAÇÃO E MELHORIA DE VIAS PUBLICAS;27;MOBILIDADE URBANA;15;Urbanismo;451;Infra-Estrutura Urbana;351;3.3.90.92.00.00.00.00;DESPESAS DE EXERCÍCIOS ANTERIORES;1.704.000.0000;TRANSFERÊNCIAS DA UNIÃO REFERENTES A COMPENSAÇÕES FINANCEIRAS PELA EXPLORAÇÃO DE RECURSOS NATURAIS;50.000,00
PREFEITURA MUNICIPAL DE BARBACENA;16.001;SEMOP;1.027;CONSTRUÇAO, AMPLIAÇAO, RECUPERAÇÃO E MELHORIA DE VIAS PUBLICAS;27;MOBILIDADE URBANA;15;Urbanismo;451;Infra-Estrutura Urbana;352;4.4.90.51.00.00.00.00;OBRAS E INSTALAÇÕES;1.500.000.0000;RECURSOS NÃO VINCULADOS DE IMPOSTOS;5.000,00
PREFEITURA MUNICIPAL DE BARBACENA;16.001;SEMOP;1.027;CONSTRUÇAO, AMPLIAÇAO, RECUPERAÇÃO E MELHORIA DE VIAS PUBLICAS;27;MOBILIDADE URBANA;15;Urbanismo;451;Infra-Estrutura Urbana;352;4.4.90.51.00.00.00.00;OBRAS E INSTALAÇÕES;1.501.000.0000;OUTROS RECURSOS NÃO VINCULADOS;0,00
PREFEITURA MUNICIPAL DE BARBACENA;16.001;SEMOP;1.027;CONSTRUÇAO, AMPLIAÇAO, RECUPERAÇÃO E MELHORIA DE VIAS PUBLICAS;27;MOBILIDADE URBANA;15;Urbanismo;451;Infra-Estrutura Urbana;352;4.4.90.51.00.00.00.00;OBRAS E INSTALAÇÕES;1.700.000.0000;OUTRAS TRANSFERÊNCIAS DE CONVÊNIOS OU INSTRUMENTOS CONGÊNERES DA UNIÃO;240.000,00
PREFEITURA MUNICIPAL DE BARBACENA;16.001;SEMOP;1.027;CONSTRUÇAO, AMPLIAÇAO, RECUPERAÇÃO E MELHORIA DE VIAS PUBLICAS;27;MOBILIDADE URBANA;15;Urbanismo;451;Infra-Estrutura Urbana;352;4.4.90.51.00.00.00.00;OBRAS E INSTALAÇÕES;1.704.000.0000;TRANSFERÊNCIAS DA UNIÃO REFERENTES A COMPENSAÇÕES FINANCEIRAS PELA EXPLORAÇÃO DE RECURSOS NATURAIS;4.170.136,07
PREFEITURA MUNICIPAL DE BARBACENA;16.001;SEMOP;1.027;CONSTRUÇAO, AMPLIAÇAO, RECUPERAÇÃO E MELHORIA DE VIAS PUBLICAS;27;MOBILIDADE URBANA;15;Urbanismo;451;Infra-Estrutura Urbana;352;4.4.90.51.00.00.00.00;OBRAS E INSTALAÇÕES;1.705.000.0000;TRANSFERÊNCIAS DOS ESTADOS REFERENTES A COMPENSAÇÕES FINANCEIRAS PELA EXPLORAÇÃO DE RECURSOS NATURAIS;1.317.844,81
PREFEITURA MUNICIPAL DE BARBACENA;16.001;SEMOP;1.027;CONSTRUÇAO, AMPLIAÇAO, RECUPERAÇÃO E MELHORIA DE VIAS PUBLICAS;27;MOBILIDADE URBANA;15;Urbanismo;451;Infra-Estrutura Urbana;352;4.4.90.51.00.00.00.00;OBRAS E INSTALAÇÕES;1.706.000.0000;TRANSFERÊNCIA ESPECIAL DA UNIÃO BANCADA;0,00
PREFEITURA MUNICIPAL DE BARBACENA;16.001;SEMOP;1.027;CONSTRUÇAO, AMPLIAÇAO, RECUPERAÇÃO E MELHORIA DE VIAS PUBLICAS;27;MOBILIDADE URBANA;15;Urbanismo;451;Infra-Estrutura Urbana;352;4.4.90.51.00.00.00.00;OBRAS E INSTALAÇÕES;1.710.000.0000;TRANSFERÊNCIA ESPECIAL DOS ESTADOS;303.204,00
PREFEITURA MUNICIPAL DE BARBACENA;16.001;SEMOP;1.027;CONSTRUÇAO, AMPLIAÇAO, RECUPERAÇÃO E MELHORIA DE VIAS PUBLICAS;27;MOBILIDADE URBANA;15;Urbanismo;451;Infra-Estrutura Urbana;352;4.4.90.51.00.00.00.00;OBRAS E INSTALAÇÕES;1.753.000.0000;RECURSOS PROVENIENTES DE TAXAS, CONTRIBUIÇÕES E PREÇOS PÚBLICOS;25.000,00
PREFEITURA MUNICIPAL DE BARBACENA;16.001;SEMOP;1.027;CONSTRUÇAO, AMPLIAÇAO, RECUPERAÇÃO E MELHORIA DE VIAS PUBLICAS;27;MOBILIDADE URBANA;15;Urbanismo;451;Infra-Estrutura Urbana;352;4.4.90.51.00.00.00.00;OBRAS E INSTALAÇÕES;1.755.000.0000;RECURSOS DE ALIENAÇÃO DE BENS/ATIVOS - ADMINISTRAÇÃO DIRETA;158.028,78
PREFEITURA MUNICIPAL DE BARBACENA;16.001;SEMOP;1.027;CONSTRUÇAO, AMPLIAÇAO, RECUPERAÇÃO E MELHORIA DE VIAS PUBLICAS;27;MOBILIDADE URBANA;15;Urbanismo;451;Infra-Estrutura Urbana;352;4.4.90.51.00.00.00.00;OBRAS E INSTALAÇÕES;1.899.000.0000;OUTROS RECURSOS VINCULADOS;72.500,00
PREFEITURA MUNICIPAL DE BARBACENA;16.001;SEMOP;1.027;CONSTRUÇAO, AMPLIAÇAO, RECUPERAÇÃO E MELHORIA DE VIAS PUBLICAS;27;MOBILIDADE URBANA;15;Urbanismo;451;Infra-Estrutura Urbana;352;4.4.90.51.00.00.00.00;OBRAS E INSTALAÇÕES;2.500.000.0000;RECURSOS NÃO VINCULADOS DE IMPOSTOS;0,00
PREFEITURA MUNICIPAL DE BARBACENA;16.001;SEMOP;1.027;CONSTRUÇAO, AMPLIAÇAO, RECUPERAÇÃO E MELHORIA DE VIAS PUBLICAS;27;MOBILIDADE URBANA;15;Urbanismo;451;Infra-Estrutura Urbana;352;4.4.90.51.00.00.00.00;OBRAS E INSTALAÇÕES;2.704.000.0000;TRANSFERÊNCIAS DA UNIÃO REFERENTES A COMPENSAÇÕES FINANCEIRAS PELA EXPLORAÇÃO DE RECURSOS NATURAIS;0,00
PREFEITURA MUNICIPAL DE BARBACENA;16.001;SEMOP;1.027;CONSTRUÇAO, AMPLIAÇAO, RECUPERAÇÃO E MELHORIA DE VIAS PUBLICAS;27;MOBILIDADE URBANA;15;Urbanismo;451;Infra-Estrutura Urbana;352;4.4.90.51.00.00.00.00;OBRAS E INSTALAÇÕES;2.710.010.0000;TRANSFERÊNCIA ESPECIAL DOS ESTADOS (TRANSF. ESP. ESTADO - ACORDO JUDICIAL REPARAÇÃO IMPACTOS SOCIOECONÔMICOS E AMBIENTAIS-BARRAGEM BRUMADINHO);0,00
PREFEITURA MUNICIPAL DE BARBACENA;16.001;SEMOP;1.027;CONSTRUÇAO, AMPLIAÇAO, RECUPERAÇÃO E MELHORIA DE VIAS PUBLICAS;27;MOBILIDADE URBANA;15;Urbanismo;451;Infra-Estrutura Urbana;352;4.4.90.51.00.00.00.00;OBRAS E INSTALAÇÕES;2.753.000.0000;RECURSOS PROVENIENTES DE TAXAS, CONTRIBUIÇÕES E PREÇOS PÚBLICOS;0,00
PREFEITURA MUNICIPAL DE BARBACENA;16.001;SEMOP;1.027;CONSTRUÇAO, AMPLIAÇAO, RECUPERAÇÃO E MELHORIA DE VIAS PUBLICAS;27;MOBILIDADE URBANA;15;Urbanismo;451;Infra-Estrutura Urbana;919;3.3.71.70.00.00.00.00;RATEIO PELA PARTICIPAÇÃO EM CONSÓRCIO PÚBLICO;1.753.000.0000;RECURSOS PROVENIENTES DE TAXAS, CONTRIBUIÇÕES E PREÇOS PÚBLICOS;0,00
PREFEITURA MUNICIPAL DE BARBACENA;16.001;SEMOP;1.027;CONSTRUÇAO, AMPLIAÇAO, RECUPERAÇÃO E MELHORIA DE VIAS PUBLICAS;27;MOBILIDADE URBANA;15;Urbanismo;451;Infra-Estrutura Urbana;921;4.4.90.92.00.00.00.00;DESPESAS DE EXERCÍCIOS ANTERIORES;1.753.000.0000;RECURSOS PROVENIENTES DE TAXAS, CONTRIBUIÇÕES E PREÇOS PÚBLICOS;0,00
PREFEITURA MUNICIPAL DE BARBACENA;16.001;SEMOP;1.027;CONSTRUÇAO, AMPLIAÇAO, RECUPERAÇÃO E MELHORIA DE VIAS PUBLICAS;27;MOBILIDADE URBANA;15;Urbanismo;451;Infra-Estrutura Urbana;921;4.4.90.92.00.00.00.00;DESPESAS DE EXERCÍCIOS ANTERIORES;2.500.000.0000;RECURSOS NÃO VINCULADOS DE IMPOSTOS;0,00
PREFEITURA MUNICIPAL DE BARBACENA;16.001;SEMOP;1.027;CONSTRUÇAO, AMPLIAÇAO, RECUPERAÇÃO E MELHORIA DE VIAS PUBLICAS;27;MOBILIDADE URBANA;15;Urbanismo;451;Infra-Estrutura Urbana;921;4.4.90.92.00.00.00.00;DESPESAS DE EXERCÍCIOS ANTERIORES;2.753.000.0000;RECURSOS PROVENIENTES DE TAXAS, CONTRIBUIÇÕES E PREÇOS PÚBLICOS;0,00
PREFEITURA MUNICIPAL DE BARBACENA;16.001;SEMOP;1.027;CONSTRUÇAO, AMPLIAÇAO, RECUPERAÇÃO E MELHORIA DE VIAS PUBLICAS;27;MOBILIDADE URBANA;15;Urbanismo;451;Infra-Estrutura Urbana;986;3.3.50.41.00.00.00.00;CONTRIBUIÇÕES;1.501.000.0000;OUTROS RECURSOS NÃO VINCULADOS;0,00
PREFEITURA MUNICIPAL DE BARBACENA;16.001;SEMOP;1.027;CONSTRUÇAO, AMPLIAÇAO, RECUPERAÇÃO E MELHORIA DE VIAS PUBLICAS;27;MOBILIDADE URBANA;15;Urbanismo;451;Infra-Estrutura Urbana;987;4.4.50.41.00.00.00.00;CONTRIBUIÇÕES;1.501.000.0000;OUTROS RECURSOS NÃO VINCULADOS;0,00
PREFEITURA MUNICIPAL DE BARBACENA;16.001;SEMOP;1.469;BLOQUETEAMENTO DA RUA ANTÔNIO CARNEIRO;27;MOBILIDADE URBANA;15;Urbanismo;451;Infra-Estrutura Urbana;353;4.4.90.51.00.00.00.00;OBRAS E INSTALAÇÕES;1.700.000.0000;OUTRAS TRANSFERÊNCIAS DE CONVÊNIOS OU INSTRUMENTOS CONGÊNERES DA UNIÃO;30.000,00
PREFEITURA MUNICIPAL DE BARBACENA;16.001;SEMOP;1.470;RECAPEAMENTO DA RUA PEDRO LOSCHI;27;MOBILIDADE URBANA;15;Urbanismo;451;Infra-Estrutura Urbana;354;4.4.90.51.00.00.00.00;OBRAS E INSTALAÇÕES;1.700.000.0000;OUTRAS TRANSFERÊNCIAS DE CONVÊNIOS OU INSTRUMENTOS CONGÊNERES DA UNIÃO;50.000,00
PREFEITURA MUNICIPAL DE BARBACENA;16.001;SEMOP;1.471;RECAPEAMENTO DA RUA JOSÉ ZILLE;27;MOBILIDADE URBANA;15;Urbanismo;451;Infra-Estrutura Urbana;355;4.4.90.51.00.00.00.00;OBRAS E INSTALAÇÕES;1.700.000.0000;OUTRAS TRANSFERÊNCIAS DE CONVÊNIOS OU INSTRUMENTOS CONGÊNERES DA UNIÃO;50.000,00
PREFEITURA MUNICIPAL DE BARBACENA;16.001;SEMOP;1.472;PAVIMENTAÇÃO DA RUA ANTÔNIO SFREDO;27;MOBILIDADE URBANA;15;Urbanismo;451;Infra-Estrutura Urbana;356;4.4.90.51.00.00.00.00;OBRAS E INSTALAÇÕES;1.700.000.0000;OUTRAS TRANSFERÊNCIAS DE CONVÊNIOS OU INSTRUMENTOS CONGÊNERES DA UNIÃO;50.000,00
PREFEITURA MUNICIPAL DE BARBACENA;16.001;SEMOP;1.473;PAVIMENTAÇÃO DA RUA UBIRAJARA FURTADO;27;MOBILIDADE URBANA;15;Urbanismo;451;Infra-Estrutura Urbana;357;4.4.90.51.00.00.00.00;OBRAS E INSTALAÇÕES;1.700.000.0000;OUTRAS TRANSFERÊNCIAS DE CONVÊNIOS OU INSTRUMENTOS CONGÊNERES DA UNIÃO;50.000,00
PREFEITURA MUNICIPAL DE BARBACENA;16.001;SEMOP;1.482;ASFALTAMENTO DA RUA ARMANDO DE OLIVEIRA BRASIL, BAIRRO DE FÁTIMA;27;MOBILIDADE URBANA;15;Urbanismo;451;Infra-Estrutura Urbana;358;4.4.90.51.00.00.00.00;OBRAS E INSTALAÇÕES;1.704.000.0000;TRANSFERÊNCIAS DA UNIÃO REFERENTES A COMPENSAÇÕES FINANCEIRAS PELA EXPLORAÇÃO DE RECURSOS NATURAIS;49.653,09
PREFEITURA MUNICIPAL DE BARBACENA;16.001;SEMOP;1.483;ASFALTAMENTO DA RUA JOSÉ ZILLE, BAIRRO IPANEMA;27;MOBILIDADE URBANA;15;Urbanismo;451;Infra-Estrutura Urbana;359;4.4.90.51.00.00.00.00;OBRAS E INSTALAÇÕES;1.704.000.0000;TRANSFERÊNCIAS DA UNIÃO REFERENTES A COMPENSAÇÕES FINANCEIRAS PELA EXPLORAÇÃO DE RECURSOS NATURAIS;68.265,45
PREFEITURA MUNICIPAL DE BARBACENA;16.001;SEMOP;1.484;ASFALTAMENTO DA RUA SANTA RITA DURÃO, BAIRRO CARMO;27;MOBILIDADE URBANA;15;Urbanismo;451;Infra-Estrutura Urbana;360;4.4.90.51.00.00.00.00;OBRAS E INSTALAÇÕES;1.704.000.0000;TRANSFERÊNCIAS DA UNIÃO REFERENTES A COMPENSAÇÕES FINANCEIRAS PELA EXPLORAÇÃO DE RECURSOS NATURAIS;49.653,09
PREFEITURA MUNICIPAL DE BARBACENA;16.001;SEMOP;1.485;CONSTRUÇÃO DE REDE DE CAPTAÇÃO DE ÁGUA PLUVIAL COM MANILHA DE CIMENTO, BITOLA 40MM, ZONA RURAL;27;MOBILIDADE URBANA;15;Urbanismo;451;Infra-Estrutura Urbana;361;4.4.90.51.00.00.00.00;OBRAS E INSTALAÇÕES;1.705.000.0000;TRANSFERÊNCIAS DOS ESTADOS REFERENTES A COMPENSAÇÕES FINANCEIRAS PELA EXPLORAÇÃO DE RECURSOS NATURAIS;45.765,45
PREFEITURA MUNICIPAL DE BARBACENA;16.001;SEMOP;1.488;PAVIMENTAÇÃO DE RUAS DA COMUNIDADE DE TORRES;27;MOBILIDADE URBANA;15;Urbanismo;451;Infra-Estrutura Urbana;362;4.4.90.51.00.00.00.00;OBRAS E INSTALAÇÕES;1.704.000.0000;TRANSFERÊNCIAS DA UNIÃO REFERENTES A COMPENSAÇÕES FINANCEIRAS PELA EXPLORAÇÃO DE RECURSOS NATURAIS;1.000,00
PREFEITURA MUNICIPAL DE BARBACENA;16.001;SEMOP;1.489;PAVIMENTAÇÃO DE RUAS DA COMUNIDADE DO POMBAL;27;MOBILIDADE URBANA;15;Urbanismo;451;Infra-Estrutura Urbana;363;4.4.90.51.00.00.00.00;OBRAS E INSTALAÇÕES;1.704.000.0000;TRANSFERÊNCIAS DA UNIÃO REFERENTES A COMPENSAÇÕES FINANCEIRAS PELA EXPLORAÇÃO DE RECURSOS NATURAIS;1.000,00
PREFEITURA MUNICIPAL DE BARBACENA;16.001;SEMOP;1.490;PAVIMENTAÇÃO DE RUAS DA COMUNIDADE DOS COSTAS;27;MOBILIDADE URBANA;15;Urbanismo;451;Infra-Estrutura Urbana;364;4.4.90.51.00.00.00.00;OBRAS E INSTALAÇÕES;1.704.000.0000;TRANSFERÊNCIAS DA UNIÃO REFERENTES A COMPENSAÇÕES FINANCEIRAS PELA EXPLORAÇÃO DE RECURSOS NATURAIS;1.000,00
PREFEITURA MUNICIPAL DE BARBACENA;16.001;SEMOP;1.491;PAVIMENTAÇÃO DE RUAS DO BAIRRO BOA VISTA;27;MOBILIDADE URBANA;15;Urbanismo;451;Infra-Estrutura Urbana;365;4.4.90.51.00.00.00.00;OBRAS E INSTALAÇÕES;1.704.000.0000;TRANSFERÊNCIAS DA UNIÃO REFERENTES A COMPENSAÇÕES FINANCEIRAS PELA EXPLORAÇÃO DE RECURSOS NATURAIS;1.000,00
PREFEITURA MUNICIPAL DE BARBACENA;16.001;SEMOP;1.492;PAVIMENTAÇÃO DE RUAS DO BAIRRO CAIÇARAS;27;MOBILIDADE URBANA;15;Urbanismo;451;Infra-Estrutura Urbana;366;4.4.90.51.00.00.00.00;OBRAS E INSTALAÇÕES;1.704.000.0000;TRANSFERÊNCIAS DA UNIÃO REFERENTES A COMPENSAÇÕES FINANCEIRAS PELA EXPLORAÇÃO DE RECURSOS NATURAIS;1.000,00
PREFEITURA MUNICIPAL DE BARBACENA;16.001;SEMOP;1.493;PAVIMENTAÇÃO DE RUAS DO BAIRRO SÃO CRISTÓVÃO;27;MOBILIDADE URBANA;15;Urbanismo;451;Infra-Estrutura Urbana;367;4.4.90.51.00.00.00.00;OBRAS E INSTALAÇÕES;1.704.000.0000;TRANSFERÊNCIAS DA UNIÃO REFERENTES A COMPENSAÇÕES FINANCEIRAS PELA EXPLORAÇÃO DE RECURSOS NATURAIS;1.000,00
PREFEITURA MUNICIPAL DE BARBACENA;16.001;SEMOP;1.494;PAVIMENTAÇÃO DE RUAS DO BAIRRO SÃO PEDRO;27;MOBILIDADE URBANA;15;Urbanismo;451;Infra-Estrutura Urbana;368;4.4.90.51.00.00.00.00;OBRAS E INSTALAÇÕES;1.704.000.0000;TRANSFERÊNCIAS DA UNIÃO REFERENTES A COMPENSAÇÕES FINANCEIRAS PELA EXPLORAÇÃO DE RECURSOS NATURAIS;1.000,00
PREFEITURA MUNICIPAL DE BARBACENA;16.001;SEMOP;1.495;PAVIMENTAÇÃO DE RUAS DO BAIRRO VALENTIM PRENASSI;27;MOBILIDADE URBANA;15;Urbanismo;451;Infra-Estrutura Urbana;369;4.4.90.51.00.00.00.00;OBRAS E INSTALAÇÕES;1.704.000.0000;TRANSFERÊNCIAS DA UNIÃO REFERENTES A COMPENSAÇÕES FINANCEIRAS PELA EXPLORAÇÃO DE RECURSOS NATURAIS;1.000,00
PREFEITURA MUNICIPAL DE BARBACENA;16.001;SEMOP;1.496;PAVIMENTAÇÃO DE RUAS DO BAIRRO VILELA;27;MOBILIDADE URBANA;15;Urbanismo;451;Infra-Estrutura Urbana;370;4.4.90.51.00.00.00.00;OBRAS E INSTALAÇÕES;1.704.000.0000;TRANSFERÊNCIAS DA UNIÃO REFERENTES A COMPENSAÇÕES FINANCEIRAS PELA EXPLORAÇÃO DE RECURSOS NATURAIS;1.000,00
PREFEITURA MUNICIPAL DE BARBACENA;16.001;SEMOP;1.497;RECUP. EST. R: JOSÉ F. SOBRINHO, DR. DIAULAS ABREU, Mª. EVAN. DE OLIVEIRA  E L. BERTOLINO (DINIZ II);27;MOBILIDADE URBANA;15;Urbanismo;451;Infra-Estrutura Urbana;371;4.4.90.51.00.00.00.00;OBRAS E INSTALAÇÕES;1.753.000.0000;RECURSOS PROVENIENTES DE TAXAS, CONTRIBUIÇÕES E PREÇOS PÚBLICOS;1.000,00
PREFEITURA MUNICIPAL DE BARBACENA;17.001;SEPLAN;2.301;MANUTENÇAO DA SEPLAN;11;APOIO A ADMINISTRAÇAO PUBLICA;4;Administração;122;Administração Geral;400;3.1.90.91.00.00.00.00;SENTENÇAS JUDICIAIS;1.500.000.0000;RECURSOS NÃO VINCULADOS DE IMPOSTOS;10.000,00
PREFEITURA MUNICIPAL DE BARBACENA;17.001;SEPLAN;2.301;MANUTENÇAO DA SEPLAN;11;APOIO A ADMINISTRAÇAO PUBLICA;4;Administração;122;Administração Geral;401;3.3.90.14.00.00.00.00;DIÁRIAS - PESSOAL CIVIL;1.500.000.0000;RECURSOS NÃO VINCULADOS DE IMPOSTOS;10.000,00
PREFEITURA MUNICIPAL DE BARBACENA;17.001;SEPLAN;2.301;MANUTENÇAO DA SEPLAN;11;APOIO A ADMINISTRAÇAO PUBLICA;4;Administração;122;Administração Geral;401;3.3.90.14.00.00.00.00;DIÁRIAS - PESSOAL CIVIL;1.501.000.0000;OUTROS RECURSOS NÃO VINCULADOS;0,00
PREFEITURA MUNICIPAL DE BARBACENA;17.001;SEPLAN;2.301;MANUTENÇAO DA SEPLAN;11;APOIO A ADMINISTRAÇAO PUBLICA;4;Administração;122;Administração Geral;402;3.3.90.30.00.00.00.00;MATERIAL DE CONSUMO;1.500.000.0000;RECURSOS NÃO VINCULADOS DE IMPOSTOS;50.000,00
PREFEITURA MUNICIPAL DE BARBACENA;17.001;SEPLAN;2.301;MANUTENÇAO DA SEPLAN;11;APOIO A ADMINISTRAÇAO PUBLICA;4;Administração;122;Administração Geral;402;3.3.90.30.00.00.00.00;MATERIAL DE CONSUMO;1.501.000.0000;OUTROS RECURSOS NÃO VINCULADOS;300.000,00
PREFEITURA MUNICIPAL DE BARBACENA;17.001;SEPLAN;2.301;MANUTENÇAO DA SEPLAN;11;APOIO A ADMINISTRAÇAO PUBLICA;4;Administração;122;Administração Geral;402;3.3.90.30.00.00.00.00;MATERIAL DE CONSUMO;1.753.000.0000;RECURSOS PROVENIENTES DE TAXAS, CONTRIBUIÇÕES E PREÇOS PÚBLICOS;0,00
PREFEITURA MUNICIPAL DE BARBACENA;17.001;SEPLAN;2.301;MANUTENÇAO DA SEPLAN;11;APOIO A ADMINISTRAÇAO PUBLICA;4;Administração;122;Administração Geral;402;3.3.90.30.00.00.00.00;MATERIAL DE CONSUMO;2.753.000.0000;RECURSOS PROVENIENTES DE TAXAS, CONTRIBUIÇÕES E PREÇOS PÚBLICOS;0,00
PREFEITURA MUNICIPAL DE BARBACENA;17.001;SEPLAN;2.301;MANUTENÇAO DA SEPLAN;11;APOIO A ADMINISTRAÇAO PUBLICA;4;Administração;122;Administração Geral;403;3.3.90.33.00.00.00.00;PASSAGENS E DESPESAS COM LOCOMOÇÃO;1.500.000.0000;RECURSOS NÃO VINCULADOS DE IMPOSTOS;2.000,00
PREFEITURA MUNICIPAL DE BARBACENA;17.001;SEPLAN;2.301;MANUTENÇAO DA SEPLAN;11;APOIO A ADMINISTRAÇAO PUBLICA;4;Administração;122;Administração Geral;403;3.3.90.33.00.00.00.00;PASSAGENS E DESPESAS COM LOCOMOÇÃO;1.501.000.0000;OUTROS RECURSOS NÃO VINCULADOS;0,00
PREFEITURA MUNICIPAL DE BARBACENA;17.001;SEPLAN;2.301;MANUTENÇAO DA SEPLAN;11;APOIO A ADMINISTRAÇAO PUBLICA;4;Administração;122;Administração Geral;404;3.3.90.36.00.00.00.00;OUTROS SERVIÇOS DE TERCEIROS - PESSOA FÍSICA;1.500.000.0000;RECURSOS NÃO VINCULADOS DE IMPOSTOS;115.000,00
PREFEITURA MUNICIPAL DE BARBACENA;17.001;SEPLAN;2.301;MANUTENÇAO DA SEPLAN;11;APOIO A ADMINISTRAÇAO PUBLICA;4;Administração;122;Administração Geral;405;3.3.90.39.00.00.00.00;OUTROS SERVIÇOS DE TERCEIROS - PESSOA JURÍDICA;1.500.000.0000;RECURSOS NÃO VINCULADOS DE IMPOSTOS;213.367,28
PREFEITURA MUNICIPAL DE BARBACENA;17.001;SEPLAN;2.301;MANUTENÇAO DA SEPLAN;11;APOIO A ADMINISTRAÇAO PUBLICA;4;Administração;122;Administração Geral;405;3.3.90.39.00.00.00.00;OUTROS SERVIÇOS DE TERCEIROS - PESSOA JURÍDICA;1.501.000.0000;OUTROS RECURSOS NÃO VINCULADOS;1.500.000,00
PREFEITURA MUNICIPAL DE BARBACENA;17.001;SEPLAN;2.301;MANUTENÇAO DA SEPLAN;11;APOIO A ADMINISTRAÇAO PUBLICA;4;Administração;122;Administração Geral;405;3.3.90.39.00.00.00.00;OUTROS SERVIÇOS DE TERCEIROS - PESSOA JURÍDICA;2.500.000.0000;RECURSOS NÃO VINCULADOS DE IMPOSTOS;0,00
PREFEITURA MUNICIPAL DE BARBACENA;17.001;SEPLAN;2.301;MANUTENÇAO DA SEPLAN;11;APOIO A ADMINISTRAÇAO PUBLICA;4;Administração;122;Administração Geral;406;3.3.90.40.00.00.00.00;SERVIÇOS DE TECNOLOGIA DA INFORMAÇÃO E COMUNICAÇ;1.500.000.0000;RECURSOS NÃO VINCULADOS DE IMPOSTOS;50.000,00
PREFEITURA MUNICIPAL DE BARBACENA;17.001;SEPLAN;2.301;MANUTENÇAO DA SEPLAN;11;APOIO A ADMINISTRAÇAO PUBLICA;4;Administração;122;Administração Geral;407;3.3.90.47.00.00.00.00;OBRIGAÇÕES TRIBUTÁRIAS E CONTRIBUTIVAS;1.500.000.0000;RECURSOS NÃO VINCULADOS DE IMPOSTOS;1.000,00
PREFEITURA MUNICIPAL DE BARBACENA;17.001;SEPLAN;2.301;MANUTENÇAO DA SEPLAN;11;APOIO A ADMINISTRAÇAO PUBLICA;4;Administração;122;Administração Geral;408;3.3.90.49.00.00.00.00;AUXÍLIO-TRANSPORTE;1.500.000.0000;RECURSOS NÃO VINCULADOS DE IMPOSTOS;1.000,00
PREFEITURA MUNICIPAL DE BARBACENA;17.001;SEPLAN;2.301;MANUTENÇAO DA SEPLAN;11;APOIO A ADMINISTRAÇAO PUBLICA;4;Administração;122;Administração Geral;409;3.3.90.92.00.00.00.00;DESPESAS DE EXERCÍCIOS ANTERIORES;1.500.000.0000;RECURSOS NÃO VINCULADOS DE IMPOSTOS;5.000,00
PREFEITURA MUNICIPAL DE BARBACENA;17.001;SEPLAN;2.301;MANUTENÇAO DA SEPLAN;11;APOIO A ADMINISTRAÇAO PUBLICA;4;Administração;122;Administração Geral;410;3.3.90.93.00.00.00.00;INDENIZAÇÕES E RESTITUIÇÕES;1.500.000.0000;RECURSOS NÃO VINCULADOS DE IMPOSTOS;1.000,00
PREFEITURA MUNICIPAL DE BARBACENA;17.001;SEPLAN;2.301;MANUTENÇAO DA SEPLAN;11;APOIO A ADMINISTRAÇAO PUBLICA;4;Administração;122;Administração Geral;411;4.4.90.52.00.00.00.00;EQUIPAMENTOS E MATERIAL PERMANENTE;1.500.000.0000;RECURSOS NÃO VINCULADOS DE IMPOSTOS;25.000,00
PREFEITURA MUNICIPAL DE BARBACENA;17.001;SEPLAN;2.301;MANUTENÇAO DA SEPLAN;11;APOIO A ADMINISTRAÇAO PUBLICA;4;Administração;122;Administração Geral;411;4.4.90.52.00.00.00.00;EQUIPAMENTOS E MATERIAL PERMANENTE;1.501.000.0000;OUTROS RECURSOS NÃO VINCULADOS;50.000,00
PREFEITURA MUNICIPAL DE BARBACENA;17.001;SEPLAN;2.301;MANUTENÇAO DA SEPLAN;11;APOIO A ADMINISTRAÇAO PUBLICA;4;Administração;122;Administração Geral;411;4.4.90.52.00.00.00.00;EQUIPAMENTOS E MATERIAL PERMANENTE;1.706.000.0000;TRANSFERÊNCIA ESPECIAL DA UNIÃO BANCADA;0,00
PREFEITURA MUNICIPAL DE BARBACENA;17.001;SEPLAN;2.301;MANUTENÇAO DA SEPLAN;11;APOIO A ADMINISTRAÇAO PUBLICA;4;Administração;122;Administração Geral;411;4.4.90.52.00.00.00.00;EQUIPAMENTOS E MATERIAL PERMANENTE;1.755.000.0000;RECURSOS DE ALIENAÇÃO DE BENS/ATIVOS - ADMINISTRAÇÃO DIRETA;0,00
PREFEITURA MUNICIPAL DE BARBACENA;17.001;SEPLAN;2.301;MANUTENÇAO DA SEPLAN;11;APOIO A ADMINISTRAÇAO PUBLICA;4;Administração;122;Administração Geral;411;4.4.90.52.00.00.00.00;EQUIPAMENTOS E MATERIAL PERMANENTE;2.706.000.3110;TRANSFERÊNCIA ESPECIAL DA UNIÃO - TRANSFERÊNCIAS DA UNIÃO DECORRENTES DE EMENDAS PARLAMENTARES INDIVIDUAIS;0,00
PREFEITURA MUNICIPAL DE BARBACENA;17.001;SEPLAN;2.301;MANUTENÇAO DA SEPLAN;11;APOIO A ADMINISTRAÇAO PUBLICA;4;Administração;122;Administração Geral;411;4.4.90.52.00.00.00.00;EQUIPAMENTOS E MATERIAL PERMANENTE;2.710.000.3210;IDENTIFICAÇÃO DAS TRANSFERÊNCIAS DOS ESTADOS DECORRENTES DE EMENDAS PARLAMENTARES INDIVIDUAIS;0,00
PREFEITURA MUNICIPAL DE BARBACENA;17.001;SEPLAN;2.302;PESSOAL E ENCARGOS SOCIAIS DA SEPLAN;11;APOIO A ADMINISTRAÇAO PUBLICA;4;Administração;122;Administração Geral;412;3.1.90.04.00.00.00.00;CONTRATAÇÃO POR TEMPO DETERMINADO;1.500.000.0000;RECURSOS NÃO VINCULADOS DE IMPOSTOS;992.326,68
PREFEITURA MUNICIPAL DE BARBACENA;17.001;SEPLAN;2.302;PESSOAL E ENCARGOS SOCIAIS DA SEPLAN;11;APOIO A ADMINISTRAÇAO PUBLICA;4;Administração;122;Administração Geral;412;3.1.90.04.00.00.00.00;CONTRATAÇÃO POR TEMPO DETERMINADO;1.501.000.0000;OUTROS RECURSOS NÃO VINCULADOS;50.000,00
PREFEITURA MUNICIPAL DE BARBACENA;17.001;SEPLAN;2.302;PESSOAL E ENCARGOS SOCIAIS DA SEPLAN;11;APOIO A ADMINISTRAÇAO PUBLICA;4;Administração;122;Administração Geral;413;3.1.90.11.00.00.00.00;VENCIMENTOS E VANTAGENS FIXAS - PESSOAL CIVIL;1.500.000.0000;RECURSOS NÃO VINCULADOS DE IMPOSTOS;3.613.449,61
PREFEITURA MUNICIPAL DE BARBACENA;17.001;SEPLAN;2.302;PESSOAL E ENCARGOS SOCIAIS DA SEPLAN;11;APOIO A ADMINISTRAÇAO PUBLICA;4;Administração;122;Administração Geral;413;3.1.90.11.00.00.00.00;VENCIMENTOS E VANTAGENS FIXAS - PESSOAL CIVIL;1.501.000.0000;OUTROS RECURSOS NÃO VINCULADOS;1.015.000,00
PREFEITURA MUNICIPAL DE BARBACENA;17.001;SEPLAN;2.302;PESSOAL E ENCARGOS SOCIAIS DA SEPLAN;11;APOIO A ADMINISTRAÇAO PUBLICA;4;Administração;122;Administração Geral;414;3.1.90.13.00.00.00.00;OBRIGAÇÕES PATRONAIS;1.500.000.0000;RECURSOS NÃO VINCULADOS DE IMPOSTOS;287.197,91
PREFEITURA MUNICIPAL DE BARBACENA;17.001;SEPLAN;2.302;PESSOAL E ENCARGOS SOCIAIS DA SEPLAN;11;APOIO A ADMINISTRAÇAO PUBLICA;4;Administração;122;Administração Geral;414;3.1.90.13.00.00.00.00;OBRIGAÇÕES PATRONAIS;1.501.000.0000;OUTROS RECURSOS NÃO VINCULADOS;0,00
PREFEITURA MUNICIPAL DE BARBACENA;17.001;SEPLAN;2.302;PESSOAL E ENCARGOS SOCIAIS DA SEPLAN;11;APOIO A ADMINISTRAÇAO PUBLICA;4;Administração;122;Administração Geral;415;3.1.90.92.00.00.00.00;DESPESAS DE EXERCÍCIOS ANTERIORES;1.500.000.0000;RECURSOS NÃO VINCULADOS DE IMPOSTOS;2.500,00
PREFEITURA MUNICIPAL DE BARBACENA;17.001;SEPLAN;2.302;PESSOAL E ENCARGOS SOCIAIS DA SEPLAN;11;APOIO A ADMINISTRAÇAO PUBLICA;4;Administração;122;Administração Geral;416;3.1.91.13.00.00.00.00;OBRIGAÇÕES PATRONAIS;1.500.000.0000;RECURSOS NÃO VINCULADOS DE IMPOSTOS;814.814,32
PREFEITURA MUNICIPAL DE BARBACENA;17.001;SEPLAN;2.302;PESSOAL E ENCARGOS SOCIAIS DA SEPLAN;11;APOIO A ADMINISTRAÇAO PUBLICA;4;Administração;122;Administração Geral;416;3.1.91.13.00.00.00.00;OBRIGAÇÕES PATRONAIS;1.501.000.0000;OUTROS RECURSOS NÃO VINCULADOS;0,00
PREFEITURA MUNICIPAL DE BARBACENA;17.001;SEPLAN;2.302;PESSOAL E ENCARGOS SOCIAIS DA SEPLAN;11;APOIO A ADMINISTRAÇAO PUBLICA;4;Administração;122;Administração Geral;417;3.3.90.08.00.00.00.00;OUTROS BENEFÍCIOS ASSISTENCIAIS-SERVIDOR/MILITAR;1.500.000.0000;RECURSOS NÃO VINCULADOS DE IMPOSTOS;5.923,95
PREFEITURA MUNICIPAL DE BARBACENA;17.001;SEPLAN;2.302;PESSOAL E ENCARGOS SOCIAIS DA SEPLAN;11;APOIO A ADMINISTRAÇAO PUBLICA;4;Administração;122;Administração Geral;417;3.3.90.08.00.00.00.00;OUTROS BENEFÍCIOS ASSISTENCIAIS-SERVIDOR/MILITAR;1.501.000.0000;OUTROS RECURSOS NÃO VINCULADOS;0,00
PREFEITURA MUNICIPAL DE BARBACENA;17.001;SEPLAN;2.302;PESSOAL E ENCARGOS SOCIAIS DA SEPLAN;11;APOIO A ADMINISTRAÇAO PUBLICA;4;Administração;122;Administração Geral;418;3.3.90.18.00.00.00.00;AUXÍLIO FINANCEIRO A ESTUDANTES;1.500.000.0000;RECURSOS NÃO VINCULADOS DE IMPOSTOS;1.227,66
PREFEITURA MUNICIPAL DE BARBACENA;17.001;SEPLAN;2.302;PESSOAL E ENCARGOS SOCIAIS DA SEPLAN;11;APOIO A ADMINISTRAÇAO PUBLICA;4;Administração;122;Administração Geral;418;3.3.90.18.00.00.00.00;AUXÍLIO FINANCEIRO A ESTUDANTES;1.501.000.0000;OUTROS RECURSOS NÃO VINCULADOS;0,00
PREFEITURA MUNICIPAL DE BARBACENA;17.001;SEPLAN;2.302;PESSOAL E ENCARGOS SOCIAIS DA SEPLAN;11;APOIO A ADMINISTRAÇAO PUBLICA;4;Administração;122;Administração Geral;419;3.3.90.46.00.00.00.00;AUXÍLIO-ALIMENTAÇÃO;1.500.000.0000;RECURSOS NÃO VINCULADOS DE IMPOSTOS;382.086,16
PREFEITURA MUNICIPAL DE BARBACENA;17.001;SEPLAN;2.302;PESSOAL E ENCARGOS SOCIAIS DA SEPLAN;11;APOIO A ADMINISTRAÇAO PUBLICA;4;Administração;122;Administração Geral;419;3.3.90.46.00.00.00.00;AUXÍLIO-ALIMENTAÇÃO;1.501.000.0000;OUTROS RECURSOS NÃO VINCULADOS;0,00
PREFEITURA MUNICIPAL DE BARBACENA;17.001;SEPLAN;2.302;PESSOAL E ENCARGOS SOCIAIS DA SEPLAN;11;APOIO A ADMINISTRAÇAO PUBLICA;4;Administração;122;Administração Geral;420;3.3.90.93.00.00.00.00;INDENIZAÇÕES E RESTITUIÇÕES;1.500.000.0000;RECURSOS NÃO VINCULADOS DE IMPOSTOS;75.281,12
PREFEITURA MUNICIPAL DE BARBACENA;17.001;SEPLAN;2.302;PESSOAL E ENCARGOS SOCIAIS DA SEPLAN;11;APOIO A ADMINISTRAÇAO PUBLICA;4;Administração;122;Administração Geral;420;3.3.90.93.00.00.00.00;INDENIZAÇÕES E RESTITUIÇÕES;1.501.000.0000;OUTROS RECURSOS NÃO VINCULADOS;0,00
PREFEITURA MUNICIPAL DE BARBACENA;17.001;SEPLAN;2.371;MANUTENÇAO DAS ATIVIDADES DE TECNOLOGIA DA INFORMAÇAO E COMUNICAÇAO;11;APOIO A ADMINISTRAÇAO PUBLICA;4;Administração;126;Tecnologia da Informatização;438;3.3.90.14.00.00.00.00;DIÁRIAS - PESSOAL CIVIL;1.500.000.0000;RECURSOS NÃO VINCULADOS DE IMPOSTOS;5.000,00
PREFEITURA MUNICIPAL DE BARBACENA;17.001;SEPLAN;2.371;MANUTENÇAO DAS ATIVIDADES DE TECNOLOGIA DA INFORMAÇAO E COMUNICAÇAO;11;APOIO A ADMINISTRAÇAO PUBLICA;4;Administração;126;Tecnologia da Informatização;439;3.3.90.30.00.00.00.00;MATERIAL DE CONSUMO;1.500.000.0000;RECURSOS NÃO VINCULADOS DE IMPOSTOS;35.000,00
PREFEITURA MUNICIPAL DE BARBACENA;17.001;SEPLAN;2.371;MANUTENÇAO DAS ATIVIDADES DE TECNOLOGIA DA INFORMAÇAO E COMUNICAÇAO;11;APOIO A ADMINISTRAÇAO PUBLICA;4;Administração;126;Tecnologia da Informatização;439;3.3.90.30.00.00.00.00;MATERIAL DE CONSUMO;1.755.000.0000;RECURSOS DE ALIENAÇÃO DE BENS/ATIVOS - ADMINISTRAÇÃO DIRETA;1.000,00
PREFEITURA MUNICIPAL DE BARBACENA;17.001;SEPLAN;2.371;MANUTENÇAO DAS ATIVIDADES DE TECNOLOGIA DA INFORMAÇAO E COMUNICAÇAO;11;APOIO A ADMINISTRAÇAO PUBLICA;4;Administração;126;Tecnologia da Informatização;440;3.3.90.35.00.00.00.00;SERVIÇOS DE CONSULTORIA;1.500.000.0000;RECURSOS NÃO VINCULADOS DE IMPOSTOS;25.000,00
PREFEITURA MUNICIPAL DE BARBACENA;17.001;SEPLAN;2.371;MANUTENÇAO DAS ATIVIDADES DE TECNOLOGIA DA INFORMAÇAO E COMUNICAÇAO;11;APOIO A ADMINISTRAÇAO PUBLICA;4;Administração;126;Tecnologia da Informatização;441;3.3.90.39.00.00.00.00;OUTROS SERVIÇOS DE TERCEIROS - PESSOA JURÍDICA;1.500.000.0000;RECURSOS NÃO VINCULADOS DE IMPOSTOS;3.000,00
PREFEITURA MUNICIPAL DE BARBACENA;17.001;SEPLAN;2.371;MANUTENÇAO DAS ATIVIDADES DE TECNOLOGIA DA INFORMAÇAO E COMUNICAÇAO;11;APOIO A ADMINISTRAÇAO PUBLICA;4;Administração;126;Tecnologia da Informatização;442;3.3.90.40.00.00.00.00;SERVIÇOS DE TECNOLOGIA DA INFORMAÇÃO E COMUNICAÇ;1.500.000.0000;RECURSOS NÃO VINCULADOS DE IMPOSTOS;2.000,00
PREFEITURA MUNICIPAL DE BARBACENA;17.001;SEPLAN;2.371;MANUTENÇAO DAS ATIVIDADES DE TECNOLOGIA DA INFORMAÇAO E COMUNICAÇAO;11;APOIO A ADMINISTRAÇAO PUBLICA;4;Administração;126;Tecnologia da Informatização;443;4.4.90.52.00.00.00.00;EQUIPAMENTOS E MATERIAL PERMANENTE;1.500.000.0000;RECURSOS NÃO VINCULADOS DE IMPOSTOS;35.000,00
PREFEITURA MUNICIPAL DE BARBACENA;17.001;SEPLAN;2.371;MANUTENÇAO DAS ATIVIDADES DE TECNOLOGIA DA INFORMAÇAO E COMUNICAÇAO;11;APOIO A ADMINISTRAÇAO PUBLICA;4;Administração;126;Tecnologia da Informatização;443;4.4.90.52.00.00.00.00;EQUIPAMENTOS E MATERIAL PERMANENTE;1.755.000.0000;RECURSOS DE ALIENAÇÃO DE BENS/ATIVOS - ADMINISTRAÇÃO DIRETA;1.000,00
PREFEITURA MUNICIPAL DE BARBACENA;17.001;SEPLAN;2.741;MANUTENÇÃO DE ATIVIDADES DA GESTÃO DE RECURSOS HUMANOS;26;MODERNIZAÇÃO DA ADMINISTRAÇÃO PÚBLICA;4;Administração;122;Administração Geral;421;3.3.90.30.00.00.00.00;MATERIAL DE CONSUMO;1.500.000.0000;RECURSOS NÃO VINCULADOS DE IMPOSTOS;1.000,00
PREFEITURA MUNICIPAL DE BARBACENA;17.001;SEPLAN;2.741;MANUTENÇÃO DE ATIVIDADES DA GESTÃO DE RECURSOS HUMANOS;26;MODERNIZAÇÃO DA ADMINISTRAÇÃO PÚBLICA;4;Administração;122;Administração Geral;422;3.3.90.39.00.00.00.00;OUTROS SERVIÇOS DE TERCEIROS - PESSOA JURÍDICA;1.500.000.0000;RECURSOS NÃO VINCULADOS DE IMPOSTOS;5.000,00
PREFEITURA MUNICIPAL DE BARBACENA;17.001;SEPLAN;2.741;MANUTENÇÃO DE ATIVIDADES DA GESTÃO DE RECURSOS HUMANOS;26;MODERNIZAÇÃO DA ADMINISTRAÇÃO PÚBLICA;4;Administração;122;Administração Geral;422;3.3.90.39.00.00.00.00;OUTROS SERVIÇOS DE TERCEIROS - PESSOA JURÍDICA;1.501.000.0000;OUTROS RECURSOS NÃO VINCULADOS;50.000,00
PREFEITURA MUNICIPAL DE BARBACENA;17.001;SEPLAN;2.742;ADEQUAÇÃO E MODERNIZAÇÃO DOS SERVIÇOS PÚBLICOS;26;MODERNIZAÇÃO DA ADMINISTRAÇÃO PÚBLICA;4;Administração;122;Administração Geral;423;3.3.90.30.00.00.00.00;MATERIAL DE CONSUMO;1.500.000.0000;RECURSOS NÃO VINCULADOS DE IMPOSTOS;3.000,00
PREFEITURA MUNICIPAL DE BARBACENA;17.001;SEPLAN;2.742;ADEQUAÇÃO E MODERNIZAÇÃO DOS SERVIÇOS PÚBLICOS;26;MODERNIZAÇÃO DA ADMINISTRAÇÃO PÚBLICA;4;Administração;122;Administração Geral;424;3.3.90.39.00.00.00.00;OUTROS SERVIÇOS DE TERCEIROS - PESSOA JURÍDICA;1.500.000.0000;RECURSOS NÃO VINCULADOS DE IMPOSTOS;10.000,00
PREFEITURA MUNICIPAL DE BARBACENA;17.001;SEPLAN;2.742;ADEQUAÇÃO E MODERNIZAÇÃO DOS SERVIÇOS PÚBLICOS;26;MODERNIZAÇÃO DA ADMINISTRAÇÃO PÚBLICA;4;Administração;122;Administração Geral;424;3.3.90.39.00.00.00.00;OUTROS SERVIÇOS DE TERCEIROS - PESSOA JURÍDICA;1.501.000.0000;OUTROS RECURSOS NÃO VINCULADOS;60.000,00
PREFEITURA MUNICIPAL DE BARBACENA;17.001;SEPLAN;2.742;ADEQUAÇÃO E MODERNIZAÇÃO DOS SERVIÇOS PÚBLICOS;26;MODERNIZAÇÃO DA ADMINISTRAÇÃO PÚBLICA;4;Administração;122;Administração Geral;425;4.4.90.52.00.00.00.00;EQUIPAMENTOS E MATERIAL PERMANENTE;1.500.000.0000;RECURSOS NÃO VINCULADOS DE IMPOSTOS;2.000,00
PREFEITURA MUNICIPAL DE BARBACENA;17.001;SEPLAN;2.743;MODERNIZAÇÃO DOS PROCESSOS LOGÍSTICOS;26;MODERNIZAÇÃO DA ADMINISTRAÇÃO PÚBLICA;4;Administração;122;Administração Geral;426;3.3.90.30.00.00.00.00;MATERIAL DE CONSUMO;1.500.000.0000;RECURSOS NÃO VINCULADOS DE IMPOSTOS;3.000,00
PREFEITURA MUNICIPAL DE BARBACENA;17.001;SEPLAN;2.743;MODERNIZAÇÃO DOS PROCESSOS LOGÍSTICOS;26;MODERNIZAÇÃO DA ADMINISTRAÇÃO PÚBLICA;4;Administração;122;Administração Geral;427;3.3.90.39.00.00.00.00;OUTROS SERVIÇOS DE TERCEIROS - PESSOA JURÍDICA;1.500.000.0000;RECURSOS NÃO VINCULADOS DE IMPOSTOS;1.000,00
PREFEITURA MUNICIPAL DE BARBACENA;17.001;SEPLAN;2.743;MODERNIZAÇÃO DOS PROCESSOS LOGÍSTICOS;26;MODERNIZAÇÃO DA ADMINISTRAÇÃO PÚBLICA;4;Administração;122;Administração Geral;428;4.4.90.52.00.00.00.00;EQUIPAMENTOS E MATERIAL PERMANENTE;1.500.000.0000;RECURSOS NÃO VINCULADOS DE IMPOSTOS;15.000,00
PREFEITURA MUNICIPAL DE BARBACENA;17.001;SEPLAN;2.744;MODERNIZAÇÃO DO DEPARTAMEMENTO DE ATENDIMENTO AO PÚBLICO - DAP;26;MODERNIZAÇÃO DA ADMINISTRAÇÃO PÚBLICA;4;Administração;122;Administração Geral;429;3.3.90.30.00.00.00.00;MATERIAL DE CONSUMO;1.500.000.0000;RECURSOS NÃO VINCULADOS DE IMPOSTOS;5.000,00
PREFEITURA MUNICIPAL DE BARBACENA;17.001;SEPLAN;2.744;MODERNIZAÇÃO DO DEPARTAMEMENTO DE ATENDIMENTO AO PÚBLICO - DAP;26;MODERNIZAÇÃO DA ADMINISTRAÇÃO PÚBLICA;4;Administração;122;Administração Geral;430;3.3.90.39.00.00.00.00;OUTROS SERVIÇOS DE TERCEIROS - PESSOA JURÍDICA;1.500.000.0000;RECURSOS NÃO VINCULADOS DE IMPOSTOS;2.000,00
PREFEITURA MUNICIPAL DE BARBACENA;17.001;SEPLAN;2.744;MODERNIZAÇÃO DO DEPARTAMEMENTO DE ATENDIMENTO AO PÚBLICO - DAP;26;MODERNIZAÇÃO DA ADMINISTRAÇÃO PÚBLICA;4;Administração;122;Administração Geral;431;4.4.90.52.00.00.00.00;EQUIPAMENTOS E MATERIAL PERMANENTE;1.500.000.0000;RECURSOS NÃO VINCULADOS DE IMPOSTOS;4.000,00
PREFEITURA MUNICIPAL DE BARBACENA;17.001;SEPLAN;2.745;ATUALIZAÇÃO DAS INFORMAÇÕES DO CADASTRO DE PATRIMÔNIO MÓVEL E IMÓVEL;26;MODERNIZAÇÃO DA ADMINISTRAÇÃO PÚBLICA;4;Administração;122;Administração Geral;432;3.3.90.30.00.00.00.00;MATERIAL DE CONSUMO;1.500.000.0000;RECURSOS NÃO VINCULADOS DE IMPOSTOS;5.000,00
PREFEITURA MUNICIPAL DE BARBACENA;17.001;SEPLAN;2.745;ATUALIZAÇÃO DAS INFORMAÇÕES DO CADASTRO DE PATRIMÔNIO MÓVEL E IMÓVEL;26;MODERNIZAÇÃO DA ADMINISTRAÇÃO PÚBLICA;4;Administração;122;Administração Geral;433;3.3.90.39.00.00.00.00;OUTROS SERVIÇOS DE TERCEIROS - PESSOA JURÍDICA;1.500.000.0000;RECURSOS NÃO VINCULADOS DE IMPOSTOS;5.000,00
PREFEITURA MUNICIPAL DE BARBACENA;17.001;SEPLAN;2.745;ATUALIZAÇÃO DAS INFORMAÇÕES DO CADASTRO DE PATRIMÔNIO MÓVEL E IMÓVEL;26;MODERNIZAÇÃO DA ADMINISTRAÇÃO PÚBLICA;4;Administração;122;Administração Geral;434;4.4.90.52.00.00.00.00;EQUIPAMENTOS E MATERIAL PERMANENTE;1.500.000.0000;RECURSOS NÃO VINCULADOS DE IMPOSTOS;10.000,00
PREFEITURA MUNICIPAL DE BARBACENA;17.001;SEPLAN;2.745;ATUALIZAÇÃO DAS INFORMAÇÕES DO CADASTRO DE PATRIMÔNIO MÓVEL E IMÓVEL;26;MODERNIZAÇÃO DA ADMINISTRAÇÃO PÚBLICA;4;Administração;122;Administração Geral;924;3.3.90.36.00.00.00.00;OUTROS SERVIÇOS DE TERCEIROS - PESSOA FÍSICA;1.500.000.0000;RECURSOS NÃO VINCULADOS DE IMPOSTOS;0,00
PREFEITURA MUNICIPAL DE BARBACENA;17.001;SEPLAN;2.746;MANUTENÇÃO DAS ATIVIDADES DA SALA MINEIRA DO EMPREENDEDOR;26;MODERNIZAÇÃO DA ADMINISTRAÇÃO PÚBLICA;4;Administração;122;Administração Geral;435;3.3.90.30.00.00.00.00;MATERIAL DE CONSUMO;1.500.000.0000;RECURSOS NÃO VINCULADOS DE IMPOSTOS;6.000,00
PREFEITURA MUNICIPAL DE BARBACENA;17.001;SEPLAN;2.746;MANUTENÇÃO DAS ATIVIDADES DA SALA MINEIRA DO EMPREENDEDOR;26;MODERNIZAÇÃO DA ADMINISTRAÇÃO PÚBLICA;4;Administração;122;Administração Geral;435;3.3.90.30.00.00.00.00;MATERIAL DE CONSUMO;2.500.000.0000;RECURSOS NÃO VINCULADOS DE IMPOSTOS;0,00
PREFEITURA MUNICIPAL DE BARBACENA;17.001;SEPLAN;2.746;MANUTENÇÃO DAS ATIVIDADES DA SALA MINEIRA DO EMPREENDEDOR;26;MODERNIZAÇÃO DA ADMINISTRAÇÃO PÚBLICA;4;Administração;122;Administração Geral;436;3.3.90.39.00.00.00.00;OUTROS SERVIÇOS DE TERCEIROS - PESSOA JURÍDICA;1.500.000.0000;RECURSOS NÃO VINCULADOS DE IMPOSTOS;25.000,00
PREFEITURA MUNICIPAL DE BARBACENA;17.001;SEPLAN;2.746;MANUTENÇÃO DAS ATIVIDADES DA SALA MINEIRA DO EMPREENDEDOR;26;MODERNIZAÇÃO DA ADMINISTRAÇÃO PÚBLICA;4;Administração;122;Administração Geral;436;3.3.90.39.00.00.00.00;OUTROS SERVIÇOS DE TERCEIROS - PESSOA JURÍDICA;1.501.000.0000;OUTROS RECURSOS NÃO VINCULADOS;0,00
PREFEITURA MUNICIPAL DE BARBACENA;17.001;SEPLAN;2.746;MANUTENÇÃO DAS ATIVIDADES DA SALA MINEIRA DO EMPREENDEDOR;26;MODERNIZAÇÃO DA ADMINISTRAÇÃO PÚBLICA;4;Administração;122;Administração Geral;436;3.3.90.39.00.00.00.00;OUTROS SERVIÇOS DE TERCEIROS - PESSOA JURÍDICA;1.753.000.0000;RECURSOS PROVENIENTES DE TAXAS, CONTRIBUIÇÕES E PREÇOS PÚBLICOS;0,00
PREFEITURA MUNICIPAL DE BARBACENA;17.001;SEPLAN;2.746;MANUTENÇÃO DAS ATIVIDADES DA SALA MINEIRA DO EMPREENDEDOR;26;MODERNIZAÇÃO DA ADMINISTRAÇÃO PÚBLICA;4;Administração;122;Administração Geral;436;3.3.90.39.00.00.00.00;OUTROS SERVIÇOS DE TERCEIROS - PESSOA JURÍDICA;2.500.000.0000;RECURSOS NÃO VINCULADOS DE IMPOSTOS;0,00
PREFEITURA MUNICIPAL DE BARBACENA;17.001;SEPLAN;2.746;MANUTENÇÃO DAS ATIVIDADES DA SALA MINEIRA DO EMPREENDEDOR;26;MODERNIZAÇÃO DA ADMINISTRAÇÃO PÚBLICA;4;Administração;122;Administração Geral;436;3.3.90.39.00.00.00.00;OUTROS SERVIÇOS DE TERCEIROS - PESSOA JURÍDICA;2.753.000.0000;RECURSOS PROVENIENTES DE TAXAS, CONTRIBUIÇÕES E PREÇOS PÚBLICOS;0,00
PREFEITURA MUNICIPAL DE BARBACENA;17.001;SEPLAN;2.746;MANUTENÇÃO DAS ATIVIDADES DA SALA MINEIRA DO EMPREENDEDOR;26;MODERNIZAÇÃO DA ADMINISTRAÇÃO PÚBLICA;4;Administração;122;Administração Geral;437;4.4.90.52.00.00.00.00;EQUIPAMENTOS E MATERIAL PERMANENTE;1.500.000.0000;RECURSOS NÃO VINCULADOS DE IMPOSTOS;2.000,00
PREFEITURA MUNICIPAL DE BARBACENA;17.001;SEPLAN;2.746;MANUTENÇÃO DAS ATIVIDADES DA SALA MINEIRA DO EMPREENDEDOR;26;MODERNIZAÇÃO DA ADMINISTRAÇÃO PÚBLICA;4;Administração;122;Administração Geral;945;3.3.90.36.00.00.00.00;OUTROS SERVIÇOS DE TERCEIROS - PESSOA FÍSICA;1.500.000.0000;RECURSOS NÃO VINCULADOS DE IMPOSTOS;0,00
PREFEITURA MUNICIPAL DE BARBACENA;17.001;SEPLAN;2.746;MANUTENÇÃO DAS ATIVIDADES DA SALA MINEIRA DO EMPREENDEDOR;26;MODERNIZAÇÃO DA ADMINISTRAÇÃO PÚBLICA;4;Administração;122;Administração Geral;945;3.3.90.36.00.00.00.00;OUTROS SERVIÇOS DE TERCEIROS - PESSOA FÍSICA;1.501.000.0000;OUTROS RECURSOS NÃO VINCULADOS;0,00
PREFEITURA MUNICIPAL DE BARBACENA;17.001;SEPLAN;2.746;MANUTENÇÃO DAS ATIVIDADES DA SALA MINEIRA DO EMPREENDEDOR;26;MODERNIZAÇÃO DA ADMINISTRAÇÃO PÚBLICA;4;Administração;122;Administração Geral;947;3.3.90.31.00.00.00.00;PREMIAÇÕES CULTURAIS, ARTÍSTICAS, CIENT., DESPORT;1.500.000.0000;RECURSOS NÃO VINCULADOS DE IMPOSTOS;0,00
PREFEITURA MUNICIPAL DE BARBACENA;17.001;SEPLAN;2.740;MANUTENÇÃO DO PROCESSO DE EDUCAÇÃO CONTINUADA;26;MODERNIZAÇÃO DA ADMINISTRAÇÃO PÚBLICA;4;Administração;128;Formação de Recursos Humanos;453;3.3.90.30.00.00.00.00;MATERIAL DE CONSUMO;1.500.000.0000;RECURSOS NÃO VINCULADOS DE IMPOSTOS;2.000,00
PREFEITURA MUNICIPAL DE BARBACENA;17.001;SEPLAN;2.740;MANUTENÇÃO DO PROCESSO DE EDUCAÇÃO CONTINUADA;26;MODERNIZAÇÃO DA ADMINISTRAÇÃO PÚBLICA;4;Administração;128;Formação de Recursos Humanos;454;3.3.90.39.00.00.00.00;OUTROS SERVIÇOS DE TERCEIROS - PESSOA JURÍDICA;1.500.000.0000;RECURSOS NÃO VINCULADOS DE IMPOSTOS;5.000,00
PREFEITURA MUNICIPAL DE BARBACENA;17.001;SEPLAN;2.740;MANUTENÇÃO DO PROCESSO DE EDUCAÇÃO CONTINUADA;26;MODERNIZAÇÃO DA ADMINISTRAÇÃO PÚBLICA;4;Administração;128;Formação de Recursos Humanos;455;4.4.90.52.00.00.00.00;EQUIPAMENTOS E MATERIAL PERMANENTE;1.501.000.0000;OUTROS RECURSOS NÃO VINCULADOS;24.999,96
PREFEITURA MUNICIPAL DE BARBACENA;17.001;SEPLAN;1.096;REESTRUTURAÇÃO E IMPLANTAÇÃO DE ESTRUTURA FÍSICA E/OU LÓGICA DE TIC;42;MODERNIZAÇÃO TECNOLÓGICA;4;Administração;126;Tecnologia da Informatização;444;3.3.90.30.00.00.00.00;MATERIAL DE CONSUMO;1.500.000.0000;RECURSOS NÃO VINCULADOS DE IMPOSTOS;3.000,00
PREFEITURA MUNICIPAL DE BARBACENA;17.001;SEPLAN;1.096;REESTRUTURAÇÃO E IMPLANTAÇÃO DE ESTRUTURA FÍSICA E/OU LÓGICA DE TIC;42;MODERNIZAÇÃO TECNOLÓGICA;4;Administração;126;Tecnologia da Informatização;445;3.3.90.39.00.00.00.00;OUTROS SERVIÇOS DE TERCEIROS - PESSOA JURÍDICA;1.500.000.0000;RECURSOS NÃO VINCULADOS DE IMPOSTOS;3.000,00
PREFEITURA MUNICIPAL DE BARBACENA;17.001;SEPLAN;1.096;REESTRUTURAÇÃO E IMPLANTAÇÃO DE ESTRUTURA FÍSICA E/OU LÓGICA DE TIC;42;MODERNIZAÇÃO TECNOLÓGICA;4;Administração;126;Tecnologia da Informatização;446;4.4.90.52.00.00.00.00;EQUIPAMENTOS E MATERIAL PERMANENTE;1.500.000.0000;RECURSOS NÃO VINCULADOS DE IMPOSTOS;5.000,00
PREFEITURA MUNICIPAL DE BARBACENA;17.001;SEPLAN;1.096;REESTRUTURAÇÃO E IMPLANTAÇÃO DE ESTRUTURA FÍSICA E/OU LÓGICA DE TIC;42;MODERNIZAÇÃO TECNOLÓGICA;4;Administração;126;Tecnologia da Informatização;446;4.4.90.52.00.00.00.00;EQUIPAMENTOS E MATERIAL PERMANENTE;1.501.000.0000;OUTROS RECURSOS NÃO VINCULADOS;20.000,00
PREFEITURA MUNICIPAL DE BARBACENA;17.001;SEPLAN;1.097;READEQUAR E REGULAMENTAR A INFRAESTRUTURA DE TIC;42;MODERNIZAÇÃO TECNOLÓGICA;4;Administração;126;Tecnologia da Informatização;447;3.3.90.30.00.00.00.00;MATERIAL DE CONSUMO;1.500.000.0000;RECURSOS NÃO VINCULADOS DE IMPOSTOS;2.500,00
PREFEITURA MUNICIPAL DE BARBACENA;17.001;SEPLAN;1.097;READEQUAR E REGULAMENTAR A INFRAESTRUTURA DE TIC;42;MODERNIZAÇÃO TECNOLÓGICA;4;Administração;126;Tecnologia da Informatização;447;3.3.90.30.00.00.00.00;MATERIAL DE CONSUMO;1.501.000.0000;OUTROS RECURSOS NÃO VINCULADOS;50.000,00
PREFEITURA MUNICIPAL DE BARBACENA;17.001;SEPLAN;1.097;READEQUAR E REGULAMENTAR A INFRAESTRUTURA DE TIC;42;MODERNIZAÇÃO TECNOLÓGICA;4;Administração;126;Tecnologia da Informatização;448;3.3.90.39.00.00.00.00;OUTROS SERVIÇOS DE TERCEIROS - PESSOA JURÍDICA;1.500.000.0000;RECURSOS NÃO VINCULADOS DE IMPOSTOS;2.500,00
PREFEITURA MUNICIPAL DE BARBACENA;17.001;SEPLAN;1.097;READEQUAR E REGULAMENTAR A INFRAESTRUTURA DE TIC;42;MODERNIZAÇÃO TECNOLÓGICA;4;Administração;126;Tecnologia da Informatização;449;4.4.90.52.00.00.00.00;EQUIPAMENTOS E MATERIAL PERMANENTE;1.500.000.0000;RECURSOS NÃO VINCULADOS DE IMPOSTOS;5.000,00
PREFEITURA MUNICIPAL DE BARBACENA;17.001;SEPLAN;1.097;READEQUAR E REGULAMENTAR A INFRAESTRUTURA DE TIC;42;MODERNIZAÇÃO TECNOLÓGICA;4;Administração;126;Tecnologia da Informatização;449;4.4.90.52.00.00.00.00;EQUIPAMENTOS E MATERIAL PERMANENTE;1.501.000.0000;OUTROS RECURSOS NÃO VINCULADOS;10.000,00
PREFEITURA MUNICIPAL DE BARBACENA;17.001;SEPLAN;2.747;PROPICIAR INTEGRAÇÃO DE INFORMAÇÕES INTER E INTRAGOVERNAMENTAIS E A COMUNIDADE MUNDIAL;42;MODERNIZAÇÃO TECNOLÓGICA;4;Administração;126;Tecnologia da Informatização;450;3.3.90.30.00.00.00.00;MATERIAL DE CONSUMO;1.500.000.0000;RECURSOS NÃO VINCULADOS DE IMPOSTOS;5.000,00
PREFEITURA MUNICIPAL DE BARBACENA;17.001;SEPLAN;2.747;PROPICIAR INTEGRAÇÃO DE INFORMAÇÕES INTER E INTRAGOVERNAMENTAIS E A COMUNIDADE MUNDIAL;42;MODERNIZAÇÃO TECNOLÓGICA;4;Administração;126;Tecnologia da Informatização;451;3.3.90.39.00.00.00.00;OUTROS SERVIÇOS DE TERCEIROS - PESSOA JURÍDICA;1.500.000.0000;RECURSOS NÃO VINCULADOS DE IMPOSTOS;20.000,00
PREFEITURA MUNICIPAL DE BARBACENA;17.001;SEPLAN;2.747;PROPICIAR INTEGRAÇÃO DE INFORMAÇÕES INTER E INTRAGOVERNAMENTAIS E A COMUNIDADE MUNDIAL;42;MODERNIZAÇÃO TECNOLÓGICA;4;Administração;126;Tecnologia da Informatização;452;4.4.90.52.00.00.00.00;EQUIPAMENTOS E MATERIAL PERMANENTE;1.500.000.0000;RECURSOS NÃO VINCULADOS DE IMPOSTOS;2.000,00
PREFEITURA MUNICIPAL DE BARBACENA;17.001;SEPLAN;2.747;PROPICIAR INTEGRAÇÃO DE INFORMAÇÕES INTER E INTRAGOVERNAMENTAIS E A COMUNIDADE MUNDIAL;42;MODERNIZAÇÃO TECNOLÓGICA;4;Administração;126;Tecnologia da Informatização;452;4.4.90.52.00.00.00.00;EQUIPAMENTOS E MATERIAL PERMANENTE;1.501.000.0000;OUTROS RECURSOS NÃO VINCULADOS;5.000,00
PREFEITURA MUNICIPAL DE BARBACENA;18.001;SESAP;2.021;MANUTENÇAO DE AÇÕES DA SESAP;11;APOIO A ADMINISTRAÇAO PUBLICA;10;Saúde;122;Administração Geral;456;3.1.90.91.00.00.00.00;SENTENÇAS JUDICIAIS;1.500.000.0000;RECURSOS NÃO VINCULADOS DE IMPOSTOS;2.000,00
PREFEITURA MUNICIPAL DE BARBACENA;18.001;SESAP;2.021;MANUTENÇAO DE AÇÕES DA SESAP;11;APOIO A ADMINISTRAÇAO PUBLICA;10;Saúde;122;Administração Geral;457;3.3.90.39.00.00.00.00;OUTROS SERVIÇOS DE TERCEIROS - PESSOA JURÍDICA;1.500.000.0000;RECURSOS NÃO VINCULADOS DE IMPOSTOS;2.500,00
PREFEITURA MUNICIPAL DE BARBACENA;18.001;SESAP;2.021;MANUTENÇAO DE AÇÕES DA SESAP;11;APOIO A ADMINISTRAÇAO PUBLICA;10;Saúde;122;Administração Geral;458;3.3.90.47.00.00.00.00;OBRIGAÇÕES TRIBUTÁRIAS E CONTRIBUTIVAS;1.500.000.0000;RECURSOS NÃO VINCULADOS DE IMPOSTOS;6.000,00
PREFEITURA MUNICIPAL DE BARBACENA;18.001;SESAP;2.021;MANUTENÇAO DE AÇÕES DA SESAP;11;APOIO A ADMINISTRAÇAO PUBLICA;10;Saúde;122;Administração Geral;459;3.3.90.91.00.00.00.00;SENTENÇAS JUDICIAIS;1.500.000.0000;RECURSOS NÃO VINCULADOS DE IMPOSTOS;50.000,00
PREFEITURA MUNICIPAL DE BARBACENA;19.001;SEFAZ;0.021;PAGAMENTO DE DESPESAS DECORRENTES DE SENTENÇAS JUDICIAIS;0;ENCARGOS DO MUNICIPIO;28;Encargos Especiais;61;Ação Judiciária;488;3.1.90.91.00.00.00.00;SENTENÇAS JUDICIAIS;1.500.000.0000;RECURSOS NÃO VINCULADOS DE IMPOSTOS;25.000,00
PREFEITURA MUNICIPAL DE BARBACENA;19.001;SEFAZ;0.021;PAGAMENTO DE DESPESAS DECORRENTES DE SENTENÇAS JUDICIAIS;0;ENCARGOS DO MUNICIPIO;28;Encargos Especiais;61;Ação Judiciária;488;3.1.90.91.00.00.00.00;SENTENÇAS JUDICIAIS;2.753.000.0000;RECURSOS PROVENIENTES DE TAXAS, CONTRIBUIÇÕES E PREÇOS PÚBLICOS;0,00
PREFEITURA MUNICIPAL DE BARBACENA;19.001;SEFAZ;0.021;PAGAMENTO DE DESPESAS DECORRENTES DE SENTENÇAS JUDICIAIS;0;ENCARGOS DO MUNICIPIO;28;Encargos Especiais;61;Ação Judiciária;489;3.3.90.91.00.00.00.00;SENTENÇAS JUDICIAIS;1.500.000.0000;RECURSOS NÃO VINCULADOS DE IMPOSTOS;15.000,00
PREFEITURA MUNICIPAL DE BARBACENA;19.001;SEFAZ;0.021;PAGAMENTO DE DESPESAS DECORRENTES DE SENTENÇAS JUDICIAIS;0;ENCARGOS DO MUNICIPIO;28;Encargos Especiais;61;Ação Judiciária;489;3.3.90.91.00.00.00.00;SENTENÇAS JUDICIAIS;1.753.000.0000;RECURSOS PROVENIENTES DE TAXAS, CONTRIBUIÇÕES E PREÇOS PÚBLICOS;110.000,00
PREFEITURA MUNICIPAL DE BARBACENA;19.001;SEFAZ;0.003;AMORTIZACAO DA DÍVIDA POR CONTRATO;0;ENCARGOS DO MUNICIPIO;28;Encargos Especiais;841;Refinanciamento da Dívida Interna;490;4.6.90.71.00.00.00.00;PRINCIPAL DA DÍVIDA CONTRATUAL RESGATADO;1.500.000.0000;RECURSOS NÃO VINCULADOS DE IMPOSTOS;1.759.884,18
PREFEITURA MUNICIPAL DE BARBACENA;19.001;SEFAZ;0.004;JUROS E ENCARGOS DA DIVIDA POR CONTRATO;0;ENCARGOS DO MUNICIPIO;28;Encargos Especiais;843;Serviço da Dívida Interna;491;3.2.90.21.00.00.00.00;JUROS SOBRE A DÍVIDA POR CONTRATO;1.500.000.0000;RECURSOS NÃO VINCULADOS DE IMPOSTOS;260.000,00
PREFEITURA MUNICIPAL DE BARBACENA;19.001;SEFAZ;0.004;JUROS E ENCARGOS DA DIVIDA POR CONTRATO;0;ENCARGOS DO MUNICIPIO;28;Encargos Especiais;843;Serviço da Dívida Interna;492;3.2.90.22.00.00.00.00;OUTROS ENCARGOS S/ A DÍVIDA POR CONTRATO;1.500.000.0000;RECURSOS NÃO VINCULADOS DE IMPOSTOS;3.000,00
PREFEITURA MUNICIPAL DE BARBACENA;19.001;SEFAZ;0.004;JUROS E ENCARGOS DA DIVIDA POR CONTRATO;0;ENCARGOS DO MUNICIPIO;28;Encargos Especiais;843;Serviço da Dívida Interna;493;3.2.91.21.00.00.00.00;JUROS SOBRE A DÍVIDA POR CONTRATO;1.500.000.0000;RECURSOS NÃO VINCULADOS DE IMPOSTOS;4.000,00
PREFEITURA MUNICIPAL DE BARBACENA;19.001;SEFAZ;0.020;PARCELAMENTO DE DIVIDAS PREVIDENCIARIAS;0;ENCARGOS DO MUNICIPIO;28;Encargos Especiais;843;Serviço da Dívida Interna;494;3.2.90.21.00.00.00.00;JUROS SOBRE A DÍVIDA POR CONTRATO;1.500.000.0000;RECURSOS NÃO VINCULADOS DE IMPOSTOS;20.000,00
PREFEITURA MUNICIPAL DE BARBACENA;19.001;SEFAZ;0.020;PARCELAMENTO DE DIVIDAS PREVIDENCIARIAS;0;ENCARGOS DO MUNICIPIO;28;Encargos Especiais;843;Serviço da Dívida Interna;495;3.2.91.21.00.00.00.00;JUROS SOBRE A DÍVIDA POR CONTRATO;1.500.000.0000;RECURSOS NÃO VINCULADOS DE IMPOSTOS;200.000,00
PREFEITURA MUNICIPAL DE BARBACENA;19.001;SEFAZ;0.020;PARCELAMENTO DE DIVIDAS PREVIDENCIARIAS;0;ENCARGOS DO MUNICIPIO;28;Encargos Especiais;843;Serviço da Dívida Interna;496;4.6.90.71.00.00.00.00;PRINCIPAL DA DÍVIDA CONTRATUAL RESGATADO;1.500.000.0000;RECURSOS NÃO VINCULADOS DE IMPOSTOS;959.884,18
PREFEITURA MUNICIPAL DE BARBACENA;19.001;SEFAZ;0.020;PARCELAMENTO DE DIVIDAS PREVIDENCIARIAS;0;ENCARGOS DO MUNICIPIO;28;Encargos Especiais;843;Serviço da Dívida Interna;496;4.6.90.71.00.00.00.00;PRINCIPAL DA DÍVIDA CONTRATUAL RESGATADO;1.501.000.0000;OUTROS RECURSOS NÃO VINCULADOS;1.000.000,00
PREFEITURA MUNICIPAL DE BARBACENA;19.001;SEFAZ;0.020;PARCELAMENTO DE DIVIDAS PREVIDENCIARIAS;0;ENCARGOS DO MUNICIPIO;28;Encargos Especiais;843;Serviço da Dívida Interna;497;4.6.91.71.00.00.00.00;PRINCIPAL DA DÍVIDA CONTRATUAL RESGATADO;1.500.000.0000;RECURSOS NÃO VINCULADOS DE IMPOSTOS;1.100.000,00
PREFEITURA MUNICIPAL DE BARBACENA;19.001;SEFAZ;0.002;PAGAMENTO DE PRECATORIOS;0;ENCARGOS DO MUNICIPIO;28;Encargos Especiais;846;Outros Encargos Especiais;498;3.1.90.91.00.00.00.00;SENTENÇAS JUDICIAIS;1.500.000.0000;RECURSOS NÃO VINCULADOS DE IMPOSTOS;250.000,00
PREFEITURA MUNICIPAL DE BARBACENA;19.001;SEFAZ;0.002;PAGAMENTO DE PRECATORIOS;0;ENCARGOS DO MUNICIPIO;28;Encargos Especiais;846;Outros Encargos Especiais;499;3.3.90.91.00.00.00.00;SENTENÇAS JUDICIAIS;1.500.000.0000;RECURSOS NÃO VINCULADOS DE IMPOSTOS;367.360,85
PREFEITURA MUNICIPAL DE BARBACENA;19.001;SEFAZ;2.108;MANUTENÇAO DA SEFAZ;11;APOIO A ADMINISTRAÇAO PUBLICA;4;Administração;122;Administração Geral;461;3.3.90.14.00.00.00.00;DIÁRIAS - PESSOAL CIVIL;1.500.000.0000;RECURSOS NÃO VINCULADOS DE IMPOSTOS;2.000,02
PREFEITURA MUNICIPAL DE BARBACENA;19.001;SEFAZ;2.108;MANUTENÇAO DA SEFAZ;11;APOIO A ADMINISTRAÇAO PUBLICA;4;Administração;122;Administração Geral;462;3.3.90.30.00.00.00.00;MATERIAL DE CONSUMO;1.500.000.0000;RECURSOS NÃO VINCULADOS DE IMPOSTOS;20.000,00
PREFEITURA MUNICIPAL DE BARBACENA;19.001;SEFAZ;2.108;MANUTENÇAO DA SEFAZ;11;APOIO A ADMINISTRAÇAO PUBLICA;4;Administração;122;Administração Geral;463;3.3.90.33.00.00.00.00;PASSAGENS E DESPESAS COM LOCOMOÇÃO;1.500.000.0000;RECURSOS NÃO VINCULADOS DE IMPOSTOS;1.000,00
PREFEITURA MUNICIPAL DE BARBACENA;19.001;SEFAZ;2.108;MANUTENÇAO DA SEFAZ;11;APOIO A ADMINISTRAÇAO PUBLICA;4;Administração;122;Administração Geral;464;3.3.90.35.00.00.00.00;SERVIÇOS DE CONSULTORIA;1.500.000.0000;RECURSOS NÃO VINCULADOS DE IMPOSTOS;7.000,00
PREFEITURA MUNICIPAL DE BARBACENA;19.001;SEFAZ;2.108;MANUTENÇAO DA SEFAZ;11;APOIO A ADMINISTRAÇAO PUBLICA;4;Administração;122;Administração Geral;465;3.3.90.39.00.00.00.00;OUTROS SERVIÇOS DE TERCEIROS - PESSOA JURÍDICA;1.500.000.0000;RECURSOS NÃO VINCULADOS DE IMPOSTOS;40.000,00
PREFEITURA MUNICIPAL DE BARBACENA;19.001;SEFAZ;2.108;MANUTENÇAO DA SEFAZ;11;APOIO A ADMINISTRAÇAO PUBLICA;4;Administração;122;Administração Geral;465;3.3.90.39.00.00.00.00;OUTROS SERVIÇOS DE TERCEIROS - PESSOA JURÍDICA;1.501.000.0000;OUTROS RECURSOS NÃO VINCULADOS;1.000.000,00
PREFEITURA MUNICIPAL DE BARBACENA;19.001;SEFAZ;2.108;MANUTENÇAO DA SEFAZ;11;APOIO A ADMINISTRAÇAO PUBLICA;4;Administração;122;Administração Geral;465;3.3.90.39.00.00.00.00;OUTROS SERVIÇOS DE TERCEIROS - PESSOA JURÍDICA;1.753.000.0000;RECURSOS PROVENIENTES DE TAXAS, CONTRIBUIÇÕES E PREÇOS PÚBLICOS;0,00
PREFEITURA MUNICIPAL DE BARBACENA;19.001;SEFAZ;2.108;MANUTENÇAO DA SEFAZ;11;APOIO A ADMINISTRAÇAO PUBLICA;4;Administração;122;Administração Geral;466;3.3.90.40.00.00.00.00;SERVIÇOS DE TECNOLOGIA DA INFORMAÇÃO E COMUNICAÇ;1.500.000.0000;RECURSOS NÃO VINCULADOS DE IMPOSTOS;15.000,00
PREFEITURA MUNICIPAL DE BARBACENA;19.001;SEFAZ;2.108;MANUTENÇAO DA SEFAZ;11;APOIO A ADMINISTRAÇAO PUBLICA;4;Administração;122;Administração Geral;467;3.3.90.47.00.00.00.00;OBRIGAÇÕES TRIBUTÁRIAS E CONTRIBUTIVAS;1.500.000.0000;RECURSOS NÃO VINCULADOS DE IMPOSTOS;4.000,00
PREFEITURA MUNICIPAL DE BARBACENA;19.001;SEFAZ;2.108;MANUTENÇAO DA SEFAZ;11;APOIO A ADMINISTRAÇAO PUBLICA;4;Administração;122;Administração Geral;468;3.3.90.92.00.00.00.00;DESPESAS DE EXERCÍCIOS ANTERIORES;1.500.000.0000;RECURSOS NÃO VINCULADOS DE IMPOSTOS;5.000,00
PREFEITURA MUNICIPAL DE BARBACENA;19.001;SEFAZ;2.108;MANUTENÇAO DA SEFAZ;11;APOIO A ADMINISTRAÇAO PUBLICA;4;Administração;122;Administração Geral;469;3.3.90.93.00.00.00.00;INDENIZAÇÕES E RESTITUIÇÕES;1.500.000.0000;RECURSOS NÃO VINCULADOS DE IMPOSTOS;30.000,00
PREFEITURA MUNICIPAL DE BARBACENA;19.001;SEFAZ;2.108;MANUTENÇAO DA SEFAZ;11;APOIO A ADMINISTRAÇAO PUBLICA;4;Administração;122;Administração Geral;470;4.4.90.52.00.00.00.00;EQUIPAMENTOS E MATERIAL PERMANENTE;1.500.000.0000;RECURSOS NÃO VINCULADOS DE IMPOSTOS;597.040,96
PREFEITURA MUNICIPAL DE BARBACENA;19.001;SEFAZ;2.108;MANUTENÇAO DA SEFAZ;11;APOIO A ADMINISTRAÇAO PUBLICA;4;Administração;122;Administração Geral;470;4.4.90.52.00.00.00.00;EQUIPAMENTOS E MATERIAL PERMANENTE;1.753.000.0000;RECURSOS PROVENIENTES DE TAXAS, CONTRIBUIÇÕES E PREÇOS PÚBLICOS;4.438,20
PREFEITURA MUNICIPAL DE BARBACENA;19.001;SEFAZ;2.108;MANUTENÇAO DA SEFAZ;11;APOIO A ADMINISTRAÇAO PUBLICA;4;Administração;122;Administração Geral;470;4.4.90.52.00.00.00.00;EQUIPAMENTOS E MATERIAL PERMANENTE;1.755.000.0000;RECURSOS DE ALIENAÇÃO DE BENS/ATIVOS - ADMINISTRAÇÃO DIRETA;16.000,00
PREFEITURA MUNICIPAL DE BARBACENA;19.001;SEFAZ;2.109;PESSOAL E ENCARGOS SOCIAIS DA SEFAZ;11;APOIO A ADMINISTRAÇAO PUBLICA;4;Administração;122;Administração Geral;471;3.1.90.04.00.00.00.00;CONTRATAÇÃO POR TEMPO DETERMINADO;1.500.000.0000;RECURSOS NÃO VINCULADOS DE IMPOSTOS;5.000,00
PREFEITURA MUNICIPAL DE BARBACENA;19.001;SEFAZ;2.109;PESSOAL E ENCARGOS SOCIAIS DA SEFAZ;11;APOIO A ADMINISTRAÇAO PUBLICA;4;Administração;122;Administração Geral;471;3.1.90.04.00.00.00.00;CONTRATAÇÃO POR TEMPO DETERMINADO;1.753.000.0000;RECURSOS PROVENIENTES DE TAXAS, CONTRIBUIÇÕES E PREÇOS PÚBLICOS;132.389,31
PREFEITURA MUNICIPAL DE BARBACENA;19.001;SEFAZ;2.109;PESSOAL E ENCARGOS SOCIAIS DA SEFAZ;11;APOIO A ADMINISTRAÇAO PUBLICA;4;Administração;122;Administração Geral;472;3.1.90.11.00.00.00.00;VENCIMENTOS E VANTAGENS FIXAS - PESSOAL CIVIL;1.500.000.0000;RECURSOS NÃO VINCULADOS DE IMPOSTOS;10.000,00
PREFEITURA MUNICIPAL DE BARBACENA;19.001;SEFAZ;2.109;PESSOAL E ENCARGOS SOCIAIS DA SEFAZ;11;APOIO A ADMINISTRAÇAO PUBLICA;4;Administração;122;Administração Geral;472;3.1.90.11.00.00.00.00;VENCIMENTOS E VANTAGENS FIXAS - PESSOAL CIVIL;1.753.000.0000;RECURSOS PROVENIENTES DE TAXAS, CONTRIBUIÇÕES E PREÇOS PÚBLICOS;3.084.131,94
PREFEITURA MUNICIPAL DE BARBACENA;19.001;SEFAZ;2.109;PESSOAL E ENCARGOS SOCIAIS DA SEFAZ;11;APOIO A ADMINISTRAÇAO PUBLICA;4;Administração;122;Administração Geral;473;3.1.90.13.00.00.00.00;OBRIGAÇÕES PATRONAIS;1.500.000.0000;RECURSOS NÃO VINCULADOS DE IMPOSTOS;5.000,00
PREFEITURA MUNICIPAL DE BARBACENA;19.001;SEFAZ;2.109;PESSOAL E ENCARGOS SOCIAIS DA SEFAZ;11;APOIO A ADMINISTRAÇAO PUBLICA;4;Administração;122;Administração Geral;473;3.1.90.13.00.00.00.00;OBRIGAÇÕES PATRONAIS;1.753.000.0000;RECURSOS PROVENIENTES DE TAXAS, CONTRIBUIÇÕES E PREÇOS PÚBLICOS;84.372,48
PREFEITURA MUNICIPAL DE BARBACENA;19.001;SEFAZ;2.109;PESSOAL E ENCARGOS SOCIAIS DA SEFAZ;11;APOIO A ADMINISTRAÇAO PUBLICA;4;Administração;122;Administração Geral;474;3.1.90.91.00.00.00.00;SENTENÇAS JUDICIAIS;1.500.000.0000;RECURSOS NÃO VINCULADOS DE IMPOSTOS;5.000,00
PREFEITURA MUNICIPAL DE BARBACENA;19.001;SEFAZ;2.109;PESSOAL E ENCARGOS SOCIAIS DA SEFAZ;11;APOIO A ADMINISTRAÇAO PUBLICA;4;Administração;122;Administração Geral;474;3.1.90.91.00.00.00.00;SENTENÇAS JUDICIAIS;1.753.000.0000;RECURSOS PROVENIENTES DE TAXAS, CONTRIBUIÇÕES E PREÇOS PÚBLICOS;10.000,00
PREFEITURA MUNICIPAL DE BARBACENA;19.001;SEFAZ;2.109;PESSOAL E ENCARGOS SOCIAIS DA SEFAZ;11;APOIO A ADMINISTRAÇAO PUBLICA;4;Administração;122;Administração Geral;475;3.1.90.92.00.00.00.00;DESPESAS DE EXERCÍCIOS ANTERIORES;1.500.000.0000;RECURSOS NÃO VINCULADOS DE IMPOSTOS;1.000,00
PREFEITURA MUNICIPAL DE BARBACENA;19.001;SEFAZ;2.109;PESSOAL E ENCARGOS SOCIAIS DA SEFAZ;11;APOIO A ADMINISTRAÇAO PUBLICA;4;Administração;122;Administração Geral;475;3.1.90.92.00.00.00.00;DESPESAS DE EXERCÍCIOS ANTERIORES;1.753.000.0000;RECURSOS PROVENIENTES DE TAXAS, CONTRIBUIÇÕES E PREÇOS PÚBLICOS;1.000,00
PREFEITURA MUNICIPAL DE BARBACENA;19.001;SEFAZ;2.109;PESSOAL E ENCARGOS SOCIAIS DA SEFAZ;11;APOIO A ADMINISTRAÇAO PUBLICA;4;Administração;122;Administração Geral;476;3.1.91.13.00.00.00.00;OBRIGAÇÕES PATRONAIS;1.500.000.0000;RECURSOS NÃO VINCULADOS DE IMPOSTOS;20.000,00
PREFEITURA MUNICIPAL DE BARBACENA;19.001;SEFAZ;2.109;PESSOAL E ENCARGOS SOCIAIS DA SEFAZ;11;APOIO A ADMINISTRAÇAO PUBLICA;4;Administração;122;Administração Geral;476;3.1.91.13.00.00.00.00;OBRIGAÇÕES PATRONAIS;1.753.000.0000;RECURSOS PROVENIENTES DE TAXAS, CONTRIBUIÇÕES E PREÇOS PÚBLICOS;697.258,78
PREFEITURA MUNICIPAL DE BARBACENA;19.001;SEFAZ;2.109;PESSOAL E ENCARGOS SOCIAIS DA SEFAZ;11;APOIO A ADMINISTRAÇAO PUBLICA;4;Administração;122;Administração Geral;477;3.3.90.08.00.00.00.00;OUTROS BENEFÍCIOS ASSISTENCIAIS-SERVIDOR/MILITAR;1.500.000.0000;RECURSOS NÃO VINCULADOS DE IMPOSTOS;1.000,00
PREFEITURA MUNICIPAL DE BARBACENA;19.001;SEFAZ;2.109;PESSOAL E ENCARGOS SOCIAIS DA SEFAZ;11;APOIO A ADMINISTRAÇAO PUBLICA;4;Administração;122;Administração Geral;477;3.3.90.08.00.00.00.00;OUTROS BENEFÍCIOS ASSISTENCIAIS-SERVIDOR/MILITAR;1.753.000.0000;RECURSOS PROVENIENTES DE TAXAS, CONTRIBUIÇÕES E PREÇOS PÚBLICOS;2.538,84
PREFEITURA MUNICIPAL DE BARBACENA;19.001;SEFAZ;2.109;PESSOAL E ENCARGOS SOCIAIS DA SEFAZ;11;APOIO A ADMINISTRAÇAO PUBLICA;4;Administração;122;Administração Geral;478;3.3.90.18.00.00.00.00;AUXÍLIO FINANCEIRO A ESTUDANTES;1.500.000.0000;RECURSOS NÃO VINCULADOS DE IMPOSTOS;1.000,00
PREFEITURA MUNICIPAL DE BARBACENA;19.001;SEFAZ;2.109;PESSOAL E ENCARGOS SOCIAIS DA SEFAZ;11;APOIO A ADMINISTRAÇAO PUBLICA;4;Administração;122;Administração Geral;478;3.3.90.18.00.00.00.00;AUXÍLIO FINANCEIRO A ESTUDANTES;1.753.000.0000;RECURSOS PROVENIENTES DE TAXAS, CONTRIBUIÇÕES E PREÇOS PÚBLICOS;2.058,15
PREFEITURA MUNICIPAL DE BARBACENA;19.001;SEFAZ;2.109;PESSOAL E ENCARGOS SOCIAIS DA SEFAZ;11;APOIO A ADMINISTRAÇAO PUBLICA;4;Administração;122;Administração Geral;479;3.3.90.46.00.00.00.00;AUXÍLIO-ALIMENTAÇÃO;1.500.000.0000;RECURSOS NÃO VINCULADOS DE IMPOSTOS;10.000,00
PREFEITURA MUNICIPAL DE BARBACENA;19.001;SEFAZ;2.109;PESSOAL E ENCARGOS SOCIAIS DA SEFAZ;11;APOIO A ADMINISTRAÇAO PUBLICA;4;Administração;122;Administração Geral;479;3.3.90.46.00.00.00.00;AUXÍLIO-ALIMENTAÇÃO;1.753.000.0000;RECURSOS PROVENIENTES DE TAXAS, CONTRIBUIÇÕES E PREÇOS PÚBLICOS;153.611,36
PREFEITURA MUNICIPAL DE BARBACENA;19.001;SEFAZ;2.329;MANUTENÇÃO DO PROGRAMA DE FORMAÇÃO DO PATRIMÔNIO DO SERV. PÚBLICO (PASEP);11;APOIO A ADMINISTRAÇAO PUBLICA;4;Administração;123;Administração Financeira;480;3.3.90.47.00.00.00.00;OBRIGAÇÕES TRIBUTÁRIAS E CONTRIBUTIVAS;1.500.000.0000;RECURSOS NÃO VINCULADOS DE IMPOSTOS;3.459.884,18
PREFEITURA MUNICIPAL DE BARBACENA;19.001;SEFAZ;2.329;MANUTENÇÃO DO PROGRAMA DE FORMAÇÃO DO PATRIMÔNIO DO SERV. PÚBLICO (PASEP);11;APOIO A ADMINISTRAÇAO PUBLICA;4;Administração;123;Administração Financeira;480;3.3.90.47.00.00.00.00;OBRIGAÇÕES TRIBUTÁRIAS E CONTRIBUTIVAS;2.500.000.0000;RECURSOS NÃO VINCULADOS DE IMPOSTOS;0,00
PREFEITURA MUNICIPAL DE BARBACENA;19.001;SEFAZ;2.590;IMPLANTACAO E MANUTENCAO DO PLANO COMPLEMENTAR DO RPPS;11;APOIO A ADMINISTRAÇAO PUBLICA;4;Administração;271;Previdência Básica;487;3.1.96.13.99.00.00.00;OUTRAS OBRIGAÇÕES;1.500.000.0000;RECURSOS NÃO VINCULADOS DE IMPOSTOS;1.000,00
PREFEITURA MUNICIPAL DE BARBACENA;19.001;SEFAZ;2.107;MELHORIA DA ARRECADAÇAO MUNICIPAL;23;MODERNIZAÇAO DA RECEITA MUNICIPAL;4;Administração;123;Administração Financeira;481;3.3.90.30.00.00.00.00;MATERIAL DE CONSUMO;1.500.000.0000;RECURSOS NÃO VINCULADOS DE IMPOSTOS;15.000,00
PREFEITURA MUNICIPAL DE BARBACENA;19.001;SEFAZ;2.107;MELHORIA DA ARRECADAÇAO MUNICIPAL;23;MODERNIZAÇAO DA RECEITA MUNICIPAL;4;Administração;123;Administração Financeira;482;3.3.90.39.00.00.00.00;OUTROS SERVIÇOS DE TERCEIROS - PESSOA JURÍDICA;1.500.000.0000;RECURSOS NÃO VINCULADOS DE IMPOSTOS;826.734,56
PREFEITURA MUNICIPAL DE BARBACENA;19.001;SEFAZ;2.107;MELHORIA DA ARRECADAÇAO MUNICIPAL;23;MODERNIZAÇAO DA RECEITA MUNICIPAL;4;Administração;123;Administração Financeira;482;3.3.90.39.00.00.00.00;OUTROS SERVIÇOS DE TERCEIROS - PESSOA JURÍDICA;2.500.000.0000;RECURSOS NÃO VINCULADOS DE IMPOSTOS;0,00
PREFEITURA MUNICIPAL DE BARBACENA;19.001;SEFAZ;2.107;MELHORIA DA ARRECADAÇAO MUNICIPAL;23;MODERNIZAÇAO DA RECEITA MUNICIPAL;4;Administração;123;Administração Financeira;482;3.3.90.39.00.00.00.00;OUTROS SERVIÇOS DE TERCEIROS - PESSOA JURÍDICA;2.753.000.0000;RECURSOS PROVENIENTES DE TAXAS, CONTRIBUIÇÕES E PREÇOS PÚBLICOS;0,00
PREFEITURA MUNICIPAL DE BARBACENA;19.001;SEFAZ;2.107;MELHORIA DA ARRECADAÇAO MUNICIPAL;23;MODERNIZAÇAO DA RECEITA MUNICIPAL;4;Administração;123;Administração Financeira;483;3.3.90.92.00.00.00.00;DESPESAS DE EXERCÍCIOS ANTERIORES;1.500.000.0000;RECURSOS NÃO VINCULADOS DE IMPOSTOS;20.000,00
PREFEITURA MUNICIPAL DE BARBACENA;19.001;SEFAZ;2.110;IMPLANTAÇAO E MANUTENÇAO DO SISTEMA DE GEOPROCESSAMENTO E CADASTRO TÉCNICO IMOBILIÁRIO;23;MODERNIZAÇAO DA RECEITA MUNICIPAL;4;Administração;125;Normatização e Fiscalização;484;3.3.90.30.00.00.00.00;MATERIAL DE CONSUMO;1.500.000.0000;RECURSOS NÃO VINCULADOS DE IMPOSTOS;2.000,00
PREFEITURA MUNICIPAL DE BARBACENA;19.001;SEFAZ;2.110;IMPLANTAÇAO E MANUTENÇAO DO SISTEMA DE GEOPROCESSAMENTO E CADASTRO TÉCNICO IMOBILIÁRIO;23;MODERNIZAÇAO DA RECEITA MUNICIPAL;4;Administração;125;Normatização e Fiscalização;485;3.3.90.39.00.00.00.00;OUTROS SERVIÇOS DE TERCEIROS - PESSOA JURÍDICA;1.500.000.0000;RECURSOS NÃO VINCULADOS DE IMPOSTOS;1.000,00
PREFEITURA MUNICIPAL DE BARBACENA;19.001;SEFAZ;2.110;IMPLANTAÇAO E MANUTENÇAO DO SISTEMA DE GEOPROCESSAMENTO E CADASTRO TÉCNICO IMOBILIÁRIO;23;MODERNIZAÇAO DA RECEITA MUNICIPAL;4;Administração;125;Normatização e Fiscalização;485;3.3.90.39.00.00.00.00;OUTROS SERVIÇOS DE TERCEIROS - PESSOA JURÍDICA;1.753.000.0000;RECURSOS PROVENIENTES DE TAXAS, CONTRIBUIÇÕES E PREÇOS PÚBLICOS;20.000,00
PREFEITURA MUNICIPAL DE BARBACENA;19.001;SEFAZ;2.110;IMPLANTAÇAO E MANUTENÇAO DO SISTEMA DE GEOPROCESSAMENTO E CADASTRO TÉCNICO IMOBILIÁRIO;23;MODERNIZAÇAO DA RECEITA MUNICIPAL;4;Administração;125;Normatização e Fiscalização;486;4.4.90.52.00.00.00.00;EQUIPAMENTOS E MATERIAL PERMANENTE;1.500.000.0000;RECURSOS NÃO VINCULADOS DE IMPOSTOS;1.000,00
PREFEITURA MUNICIPAL DE BARBACENA;19.001;SEFAZ;9.999;RESERVA DE CONTINGENCIA;9999;RESERVAS;99;Reserva de Contingência;999;Reserva de Contingência;500;9.9.99.99.99.00.00.00;RESERVA DE CONTINGÊNCIA OU RESERVA DO RPPS;1.500.000.0000;RECURSOS NÃO VINCULADOS DE IMPOSTOS;510.000,00
PREFEITURA MUNICIPAL DE BARBACENA;19.003;FUNDO MUN DE DES SUSTENT E DEFESA AMBIENTAL FUNDAL;1.173;IMPLANTAÇAO E MANUTENÇÃO DE DISTRITOS INDUSTRIAIS;22;FOMENTO ECONOMICO;22;Indústria;661;Promoção Industrial;501;3.3.90.39.00.00.00.00;OUTROS SERVIÇOS DE TERCEIROS - PESSOA JURÍDICA;1.500.000.0000;RECURSOS NÃO VINCULADOS DE IMPOSTOS;1.000,00
PREFEITURA MUNICIPAL DE BARBACENA;19.003;FUNDO MUN DE DES SUSTENT E DEFESA AMBIENTAL FUNDAL;2.253;PROMOÇAO, DESENVOLVIMENTO E FORTALECIMENTO DA ECONOMIA DE BARBACENA E REGIAO;22;FOMENTO ECONOMICO;23;Comércio e Serviços;691;Promoção Comercial;502;3.3.90.39.00.00.00.00;OUTROS SERVIÇOS DE TERCEIROS - PESSOA JURÍDICA;1.500.000.0000;RECURSOS NÃO VINCULADOS DE IMPOSTOS;151.000,00
PREFEITURA MUNICIPAL DE BARBACENA;21.001;GCM;2.145;MANUTENÇAO DA GCM;11;APOIO A ADMINISTRAÇAO PUBLICA;6;Segurança Pública;122;Administração Geral;503;3.3.90.14.00.00.00.00;DIÁRIAS - PESSOAL CIVIL;1.500.000.0000;RECURSOS NÃO VINCULADOS DE IMPOSTOS;14.200,00
PREFEITURA MUNICIPAL DE BARBACENA;21.001;GCM;2.145;MANUTENÇAO DA GCM;11;APOIO A ADMINISTRAÇAO PUBLICA;6;Segurança Pública;122;Administração Geral;504;3.3.90.30.00.00.00.00;MATERIAL DE CONSUMO;1.500.000.0000;RECURSOS NÃO VINCULADOS DE IMPOSTOS;78.057,86
PREFEITURA MUNICIPAL DE BARBACENA;21.001;GCM;2.145;MANUTENÇAO DA GCM;11;APOIO A ADMINISTRAÇAO PUBLICA;6;Segurança Pública;122;Administração Geral;504;3.3.90.30.00.00.00.00;MATERIAL DE CONSUMO;1.501.000.0000;OUTROS RECURSOS NÃO VINCULADOS;0,00
PREFEITURA MUNICIPAL DE BARBACENA;21.001;GCM;2.145;MANUTENÇAO DA GCM;11;APOIO A ADMINISTRAÇAO PUBLICA;6;Segurança Pública;122;Administração Geral;504;3.3.90.30.00.00.00.00;MATERIAL DE CONSUMO;1.753.000.0000;RECURSOS PROVENIENTES DE TAXAS, CONTRIBUIÇÕES E PREÇOS PÚBLICOS;0,00
PREFEITURA MUNICIPAL DE BARBACENA;21.001;GCM;2.145;MANUTENÇAO DA GCM;11;APOIO A ADMINISTRAÇAO PUBLICA;6;Segurança Pública;122;Administração Geral;504;3.3.90.30.00.00.00.00;MATERIAL DE CONSUMO;2.753.000.0000;RECURSOS PROVENIENTES DE TAXAS, CONTRIBUIÇÕES E PREÇOS PÚBLICOS;0,00
PREFEITURA MUNICIPAL DE BARBACENA;21.001;GCM;2.145;MANUTENÇAO DA GCM;11;APOIO A ADMINISTRAÇAO PUBLICA;6;Segurança Pública;122;Administração Geral;505;3.3.90.39.00.00.00.00;OUTROS SERVIÇOS DE TERCEIROS - PESSOA JURÍDICA;1.500.000.0000;RECURSOS NÃO VINCULADOS DE IMPOSTOS;362.826,31
PREFEITURA MUNICIPAL DE BARBACENA;21.001;GCM;2.145;MANUTENÇAO DA GCM;11;APOIO A ADMINISTRAÇAO PUBLICA;6;Segurança Pública;122;Administração Geral;505;3.3.90.39.00.00.00.00;OUTROS SERVIÇOS DE TERCEIROS - PESSOA JURÍDICA;1.753.000.0000;RECURSOS PROVENIENTES DE TAXAS, CONTRIBUIÇÕES E PREÇOS PÚBLICOS;0,00
PREFEITURA MUNICIPAL DE BARBACENA;21.001;GCM;2.145;MANUTENÇAO DA GCM;11;APOIO A ADMINISTRAÇAO PUBLICA;6;Segurança Pública;122;Administração Geral;505;3.3.90.39.00.00.00.00;OUTROS SERVIÇOS DE TERCEIROS - PESSOA JURÍDICA;2.500.000.0000;RECURSOS NÃO VINCULADOS DE IMPOSTOS;0,00
PREFEITURA MUNICIPAL DE BARBACENA;21.001;GCM;2.145;MANUTENÇAO DA GCM;11;APOIO A ADMINISTRAÇAO PUBLICA;6;Segurança Pública;122;Administração Geral;505;3.3.90.39.00.00.00.00;OUTROS SERVIÇOS DE TERCEIROS - PESSOA JURÍDICA;2.753.000.0000;RECURSOS PROVENIENTES DE TAXAS, CONTRIBUIÇÕES E PREÇOS PÚBLICOS;0,00
PREFEITURA MUNICIPAL DE BARBACENA;21.001;GCM;2.145;MANUTENÇAO DA GCM;11;APOIO A ADMINISTRAÇAO PUBLICA;6;Segurança Pública;122;Administração Geral;506;3.3.90.40.00.00.00.00;SERVIÇOS DE TECNOLOGIA DA INFORMAÇÃO E COMUNICAÇ;1.500.000.0000;RECURSOS NÃO VINCULADOS DE IMPOSTOS;5.000,00
PREFEITURA MUNICIPAL DE BARBACENA;21.001;GCM;2.145;MANUTENÇAO DA GCM;11;APOIO A ADMINISTRAÇAO PUBLICA;6;Segurança Pública;122;Administração Geral;507;3.3.90.47.00.00.00.00;OBRIGAÇÕES TRIBUTÁRIAS E CONTRIBUTIVAS;1.500.000.0000;RECURSOS NÃO VINCULADOS DE IMPOSTOS;1.000,00
PREFEITURA MUNICIPAL DE BARBACENA;21.001;GCM;2.145;MANUTENÇAO DA GCM;11;APOIO A ADMINISTRAÇAO PUBLICA;6;Segurança Pública;122;Administração Geral;508;3.3.90.92.00.00.00.00;DESPESAS DE EXERCÍCIOS ANTERIORES;1.500.000.0000;RECURSOS NÃO VINCULADOS DE IMPOSTOS;1.000,00
PREFEITURA MUNICIPAL DE BARBACENA;21.001;GCM;2.145;MANUTENÇAO DA GCM;11;APOIO A ADMINISTRAÇAO PUBLICA;6;Segurança Pública;122;Administração Geral;509;4.4.90.52.00.00.00.00;EQUIPAMENTOS E MATERIAL PERMANENTE;1.500.000.0000;RECURSOS NÃO VINCULADOS DE IMPOSTOS;33.992,86
PREFEITURA MUNICIPAL DE BARBACENA;21.001;GCM;2.145;MANUTENÇAO DA GCM;11;APOIO A ADMINISTRAÇAO PUBLICA;6;Segurança Pública;122;Administração Geral;958;3.3.90.93.00.00.00.00;INDENIZAÇÕES E RESTITUIÇÕES;1.500.000.0000;RECURSOS NÃO VINCULADOS DE IMPOSTOS;0,00
PREFEITURA MUNICIPAL DE BARBACENA;21.001;GCM;2.144;PESSOAL E ENCARGOS SOCIAIS DA GCM;11;APOIO A ADMINISTRAÇAO PUBLICA;6;Segurança Pública;181;Policiamento;510;3.1.90.04.00.00.00.00;CONTRATAÇÃO POR TEMPO DETERMINADO;1.500.000.0000;RECURSOS NÃO VINCULADOS DE IMPOSTOS;836.363,05
PREFEITURA MUNICIPAL DE BARBACENA;21.001;GCM;2.144;PESSOAL E ENCARGOS SOCIAIS DA GCM;11;APOIO A ADMINISTRAÇAO PUBLICA;6;Segurança Pública;181;Policiamento;511;3.1.90.11.00.00.00.00;VENCIMENTOS E VANTAGENS FIXAS - PESSOAL CIVIL;1.500.000.0000;RECURSOS NÃO VINCULADOS DE IMPOSTOS;5.079.230,34
PREFEITURA MUNICIPAL DE BARBACENA;21.001;GCM;2.144;PESSOAL E ENCARGOS SOCIAIS DA GCM;11;APOIO A ADMINISTRAÇAO PUBLICA;6;Segurança Pública;181;Policiamento;512;3.1.90.13.00.00.00.00;OBRIGAÇÕES PATRONAIS;1.500.000.0000;RECURSOS NÃO VINCULADOS DE IMPOSTOS;24.263,91
PREFEITURA MUNICIPAL DE BARBACENA;21.001;GCM;2.144;PESSOAL E ENCARGOS SOCIAIS DA GCM;11;APOIO A ADMINISTRAÇAO PUBLICA;6;Segurança Pública;181;Policiamento;513;3.1.90.92.00.00.00.00;DESPESAS DE EXERCÍCIOS ANTERIORES;1.500.000.0000;RECURSOS NÃO VINCULADOS DE IMPOSTOS;1.000,00
PREFEITURA MUNICIPAL DE BARBACENA;21.001;GCM;2.144;PESSOAL E ENCARGOS SOCIAIS DA GCM;11;APOIO A ADMINISTRAÇAO PUBLICA;6;Segurança Pública;181;Policiamento;514;3.1.90.94.00.00.00.00;INDENIZAÇÕES E RESTITUIÇÕES TRABALHISTAS;1.500.000.0000;RECURSOS NÃO VINCULADOS DE IMPOSTOS;5.000,00
PREFEITURA MUNICIPAL DE BARBACENA;21.001;GCM;2.144;PESSOAL E ENCARGOS SOCIAIS DA GCM;11;APOIO A ADMINISTRAÇAO PUBLICA;6;Segurança Pública;181;Policiamento;515;3.1.91.13.00.00.00.00;OBRIGAÇÕES PATRONAIS;1.500.000.0000;RECURSOS NÃO VINCULADOS DE IMPOSTOS;1.387.421,83
PREFEITURA MUNICIPAL DE BARBACENA;21.001;GCM;2.144;PESSOAL E ENCARGOS SOCIAIS DA GCM;11;APOIO A ADMINISTRAÇAO PUBLICA;6;Segurança Pública;181;Policiamento;516;3.3.90.18.00.00.00.00;AUXÍLIO FINANCEIRO A ESTUDANTES;1.500.000.0000;RECURSOS NÃO VINCULADOS DE IMPOSTOS;545,18
PREFEITURA MUNICIPAL DE BARBACENA;21.001;GCM;2.144;PESSOAL E ENCARGOS SOCIAIS DA GCM;11;APOIO A ADMINISTRAÇAO PUBLICA;6;Segurança Pública;181;Policiamento;517;3.3.90.19.00.00.00.00;AUXÍLIO-FARDAMENTO;1.500.000.0000;RECURSOS NÃO VINCULADOS DE IMPOSTOS;364.458,22
PREFEITURA MUNICIPAL DE BARBACENA;21.001;GCM;2.144;PESSOAL E ENCARGOS SOCIAIS DA GCM;11;APOIO A ADMINISTRAÇAO PUBLICA;6;Segurança Pública;181;Policiamento;518;3.3.90.46.00.00.00.00;AUXÍLIO-ALIMENTAÇÃO;1.500.000.0000;RECURSOS NÃO VINCULADOS DE IMPOSTOS;366.388,52
PREFEITURA MUNICIPAL DE BARBACENA;21.001;GCM;2.144;PESSOAL E ENCARGOS SOCIAIS DA GCM;11;APOIO A ADMINISTRAÇAO PUBLICA;6;Segurança Pública;181;Policiamento;928;3.3.90.08.00.00.00.00;OUTROS BENEFÍCIOS ASSISTENCIAIS-SERVIDOR/MILITAR;1.500.000.0000;RECURSOS NÃO VINCULADOS DE IMPOSTOS;0,00
PREFEITURA MUNICIPAL DE BARBACENA;21.001;GCM;1.085;REFORMA, AMPLIAÇÃO E ADEQUAÇÃO DA SEDE DA GCM;30;SEGURANÇA MUNICIPAL;6;Segurança Pública;181;Policiamento;519;4.4.90.51.00.00.00.00;OBRAS E INSTALAÇÕES;1.500.000.0000;RECURSOS NÃO VINCULADOS DE IMPOSTOS;25.000,00
PREFEITURA MUNICIPAL DE BARBACENA;21.001;GCM;1.085;REFORMA, AMPLIAÇÃO E ADEQUAÇÃO DA SEDE DA GCM;30;SEGURANÇA MUNICIPAL;6;Segurança Pública;181;Policiamento;520;4.4.90.52.00.00.00.00;EQUIPAMENTOS E MATERIAL PERMANENTE;1.500.000.0000;RECURSOS NÃO VINCULADOS DE IMPOSTOS;20.000,00
PREFEITURA MUNICIPAL DE BARBACENA;21.001;GCM;2.146;FORTALECIMENTO DA GUARDA CIVIL MUNICIPAL;30;SEGURANÇA MUNICIPAL;6;Segurança Pública;181;Policiamento;521;3.3.90.30.00.00.00.00;MATERIAL DE CONSUMO;1.500.000.0000;RECURSOS NÃO VINCULADOS DE IMPOSTOS;80.000,00
PREFEITURA MUNICIPAL DE BARBACENA;21.001;GCM;2.146;FORTALECIMENTO DA GUARDA CIVIL MUNICIPAL;30;SEGURANÇA MUNICIPAL;6;Segurança Pública;181;Policiamento;522;4.4.90.52.00.00.00.00;EQUIPAMENTOS E MATERIAL PERMANENTE;1.500.000.0000;RECURSOS NÃO VINCULADOS DE IMPOSTOS;150.000,00
PREFEITURA MUNICIPAL DE BARBACENA;21.002;FUNDO MUNICIPAL DE DEFESA CIVIL;2.182;MANUTENÇAO DAS ATIVIDADES DA DEFESA CIVIL;32;BARBACENA RESILIENTE;6;Segurança Pública;182;Defesa Civil;523;3.3.90.30.00.00.00.00;MATERIAL DE CONSUMO;1.500.000.0000;RECURSOS NÃO VINCULADOS DE IMPOSTOS;5.500,00
PREFEITURA MUNICIPAL DE BARBACENA;21.002;FUNDO MUNICIPAL DE DEFESA CIVIL;2.182;MANUTENÇAO DAS ATIVIDADES DA DEFESA CIVIL;32;BARBACENA RESILIENTE;6;Segurança Pública;182;Defesa Civil;524;3.3.90.39.00.00.00.00;OUTROS SERVIÇOS DE TERCEIROS - PESSOA JURÍDICA;1.500.000.0000;RECURSOS NÃO VINCULADOS DE IMPOSTOS;3.500,00
PREFEITURA MUNICIPAL DE BARBACENA;21.002;FUNDO MUNICIPAL DE DEFESA CIVIL;2.182;MANUTENÇAO DAS ATIVIDADES DA DEFESA CIVIL;32;BARBACENA RESILIENTE;6;Segurança Pública;182;Defesa Civil;525;4.4.90.51.00.00.00.00;OBRAS E INSTALAÇÕES;1.500.000.0000;RECURSOS NÃO VINCULADOS DE IMPOSTOS;30.000,00
PREFEITURA MUNICIPAL DE BARBACENA;21.002;FUNDO MUNICIPAL DE DEFESA CIVIL;2.430;GESTÃO DE PREVENÇÃO E REDUÇÃO DO RISCO DE DESASTRES;32;BARBACENA RESILIENTE;6;Segurança Pública;182;Defesa Civil;526;3.3.90.30.00.00.00.00;MATERIAL DE CONSUMO;1.500.000.0000;RECURSOS NÃO VINCULADOS DE IMPOSTOS;13.000,00
PREFEITURA MUNICIPAL DE BARBACENA;21.002;FUNDO MUNICIPAL DE DEFESA CIVIL;2.430;GESTÃO DE PREVENÇÃO E REDUÇÃO DO RISCO DE DESASTRES;32;BARBACENA RESILIENTE;6;Segurança Pública;182;Defesa Civil;527;3.3.90.39.00.00.00.00;OUTROS SERVIÇOS DE TERCEIROS - PESSOA JURÍDICA;1.500.000.0000;RECURSOS NÃO VINCULADOS DE IMPOSTOS;7.000,00
PREFEITURA MUNICIPAL DE BARBACENA;21.002;FUNDO MUNICIPAL DE DEFESA CIVIL;2.431;GESTÃO DE RESPOSTA AOS DESASTRES;32;BARBACENA RESILIENTE;6;Segurança Pública;182;Defesa Civil;528;3.3.90.30.00.00.00.00;MATERIAL DE CONSUMO;1.500.000.0000;RECURSOS NÃO VINCULADOS DE IMPOSTOS;35.000,00
PREFEITURA MUNICIPAL DE BARBACENA;21.002;FUNDO MUNICIPAL DE DEFESA CIVIL;2.431;GESTÃO DE RESPOSTA AOS DESASTRES;32;BARBACENA RESILIENTE;6;Segurança Pública;182;Defesa Civil;528;3.3.90.30.00.00.00.00;MATERIAL DE CONSUMO;1.700.000.0000;OUTRAS TRANSFERÊNCIAS DE CONVÊNIOS OU INSTRUMENTOS CONGÊNERES DA UNIÃO;0,00
PREFEITURA MUNICIPAL DE BARBACENA;21.002;FUNDO MUNICIPAL DE DEFESA CIVIL;2.431;GESTÃO DE RESPOSTA AOS DESASTRES;32;BARBACENA RESILIENTE;6;Segurança Pública;182;Defesa Civil;529;3.3.90.39.00.00.00.00;OUTROS SERVIÇOS DE TERCEIROS - PESSOA JURÍDICA;1.500.000.0000;RECURSOS NÃO VINCULADOS DE IMPOSTOS;75.000,00
PREFEITURA MUNICIPAL DE BARBACENA;21.002;FUNDO MUNICIPAL DE DEFESA CIVIL;2.431;GESTÃO DE RESPOSTA AOS DESASTRES;32;BARBACENA RESILIENTE;6;Segurança Pública;182;Defesa Civil;529;3.3.90.39.00.00.00.00;OUTROS SERVIÇOS DE TERCEIROS - PESSOA JURÍDICA;1.700.000.0000;OUTRAS TRANSFERÊNCIAS DE CONVÊNIOS OU INSTRUMENTOS CONGÊNERES DA UNIÃO;0,00
PREFEITURA MUNICIPAL DE BARBACENA;21.002;FUNDO MUNICIPAL DE DEFESA CIVIL;2.432;GESTÃO DE RECUPERAÇÃO DE DESASTRES;32;BARBACENA RESILIENTE;6;Segurança Pública;182;Defesa Civil;530;3.3.90.30.00.00.00.00;MATERIAL DE CONSUMO;1.500.000.0000;RECURSOS NÃO VINCULADOS DE IMPOSTOS;25.000,00
PREFEITURA MUNICIPAL DE BARBACENA;21.002;FUNDO MUNICIPAL DE DEFESA CIVIL;2.432;GESTÃO DE RECUPERAÇÃO DE DESASTRES;32;BARBACENA RESILIENTE;6;Segurança Pública;182;Defesa Civil;531;3.3.90.39.00.00.00.00;OUTROS SERVIÇOS DE TERCEIROS - PESSOA JURÍDICA;1.500.000.0000;RECURSOS NÃO VINCULADOS DE IMPOSTOS;50.000,00
PREFEITURA MUNICIPAL DE BARBACENA;23.001;AGM;2.132;PESSOAL E ENCARGOS SOCIAIS DA AGM;11;APOIO A ADMINISTRAÇAO PUBLICA;3;Essencial à Justiça;92;Representação Judicial  e Extrajudicial;532;3.1.90.04.00.00.00.00;CONTRATAÇÃO POR TEMPO DETERMINADO;1.500.000.0000;RECURSOS NÃO VINCULADOS DE IMPOSTOS;109.705,97
PREFEITURA MUNICIPAL DE BARBACENA;23.001;AGM;2.132;PESSOAL E ENCARGOS SOCIAIS DA AGM;11;APOIO A ADMINISTRAÇAO PUBLICA;3;Essencial à Justiça;92;Representação Judicial  e Extrajudicial;533;3.1.90.11.00.00.00.00;VENCIMENTOS E VANTAGENS FIXAS - PESSOAL CIVIL;1.500.000.0000;RECURSOS NÃO VINCULADOS DE IMPOSTOS;1.411.773,56
PREFEITURA MUNICIPAL DE BARBACENA;23.001;AGM;2.132;PESSOAL E ENCARGOS SOCIAIS DA AGM;11;APOIO A ADMINISTRAÇAO PUBLICA;3;Essencial à Justiça;92;Representação Judicial  e Extrajudicial;534;3.1.90.13.00.00.00.00;OBRIGAÇÕES PATRONAIS;1.500.000.0000;RECURSOS NÃO VINCULADOS DE IMPOSTOS;84.924,10
PREFEITURA MUNICIPAL DE BARBACENA;23.001;AGM;2.132;PESSOAL E ENCARGOS SOCIAIS DA AGM;11;APOIO A ADMINISTRAÇAO PUBLICA;3;Essencial à Justiça;92;Representação Judicial  e Extrajudicial;535;3.1.90.92.00.00.00.00;DESPESAS DE EXERCÍCIOS ANTERIORES;1.500.000.0000;RECURSOS NÃO VINCULADOS DE IMPOSTOS;1.000,00
PREFEITURA MUNICIPAL DE BARBACENA;23.001;AGM;2.132;PESSOAL E ENCARGOS SOCIAIS DA AGM;11;APOIO A ADMINISTRAÇAO PUBLICA;3;Essencial à Justiça;92;Representação Judicial  e Extrajudicial;536;3.1.91.13.00.00.00.00;OBRIGAÇÕES PATRONAIS;1.500.000.0000;RECURSOS NÃO VINCULADOS DE IMPOSTOS;285.762,44
PREFEITURA MUNICIPAL DE BARBACENA;23.001;AGM;2.132;PESSOAL E ENCARGOS SOCIAIS DA AGM;11;APOIO A ADMINISTRAÇAO PUBLICA;3;Essencial à Justiça;92;Representação Judicial  e Extrajudicial;537;3.3.90.18.00.00.00.00;AUXÍLIO FINANCEIRO A ESTUDANTES;1.500.000.0000;RECURSOS NÃO VINCULADOS DE IMPOSTOS;11.291,28
PREFEITURA MUNICIPAL DE BARBACENA;23.001;AGM;2.132;PESSOAL E ENCARGOS SOCIAIS DA AGM;11;APOIO A ADMINISTRAÇAO PUBLICA;3;Essencial à Justiça;92;Representação Judicial  e Extrajudicial;538;3.3.90.46.00.00.00.00;AUXÍLIO-ALIMENTAÇÃO;1.500.000.0000;RECURSOS NÃO VINCULADOS DE IMPOSTOS;71.662,50
PREFEITURA MUNICIPAL DE BARBACENA;23.001;AGM;2.132;PESSOAL E ENCARGOS SOCIAIS DA AGM;11;APOIO A ADMINISTRAÇAO PUBLICA;3;Essencial à Justiça;92;Representação Judicial  e Extrajudicial;931;3.3.90.08.00.00.00.00;OUTROS BENEFÍCIOS ASSISTENCIAIS-SERVIDOR/MILITAR;1.500.000.0000;RECURSOS NÃO VINCULADOS DE IMPOSTOS;0,00
PREFEITURA MUNICIPAL DE BARBACENA;23.001;AGM;2.131;MANUTENÇAO DA AGM;11;APOIO A ADMINISTRAÇAO PUBLICA;3;Essencial à Justiça;122;Administração Geral;539;3.1.90.91.00.00.00.00;SENTENÇAS JUDICIAIS;1.500.000.0000;RECURSOS NÃO VINCULADOS DE IMPOSTOS;610.000,00
PREFEITURA MUNICIPAL DE BARBACENA;23.001;AGM;2.131;MANUTENÇAO DA AGM;11;APOIO A ADMINISTRAÇAO PUBLICA;3;Essencial à Justiça;122;Administração Geral;540;3.3.90.14.00.00.00.00;DIÁRIAS - PESSOAL CIVIL;1.500.000.0000;RECURSOS NÃO VINCULADOS DE IMPOSTOS;2.000,00
PREFEITURA MUNICIPAL DE BARBACENA;23.001;AGM;2.131;MANUTENÇAO DA AGM;11;APOIO A ADMINISTRAÇAO PUBLICA;3;Essencial à Justiça;122;Administração Geral;541;3.3.90.30.00.00.00.00;MATERIAL DE CONSUMO;1.500.000.0000;RECURSOS NÃO VINCULADOS DE IMPOSTOS;1.500,00
PREFEITURA MUNICIPAL DE BARBACENA;23.001;AGM;2.131;MANUTENÇAO DA AGM;11;APOIO A ADMINISTRAÇAO PUBLICA;3;Essencial à Justiça;122;Administração Geral;542;3.3.90.33.00.00.00.00;PASSAGENS E DESPESAS COM LOCOMOÇÃO;1.500.000.0000;RECURSOS NÃO VINCULADOS DE IMPOSTOS;1.000,00
PREFEITURA MUNICIPAL DE BARBACENA;23.001;AGM;2.131;MANUTENÇAO DA AGM;11;APOIO A ADMINISTRAÇAO PUBLICA;3;Essencial à Justiça;122;Administração Geral;543;3.3.90.36.00.00.00.00;OUTROS SERVIÇOS DE TERCEIROS - PESSOA FÍSICA;1.500.000.0000;RECURSOS NÃO VINCULADOS DE IMPOSTOS;470.179,54
PREFEITURA MUNICIPAL DE BARBACENA;23.001;AGM;2.131;MANUTENÇAO DA AGM;11;APOIO A ADMINISTRAÇAO PUBLICA;3;Essencial à Justiça;122;Administração Geral;543;3.3.90.36.00.00.00.00;OUTROS SERVIÇOS DE TERCEIROS - PESSOA FÍSICA;1.501.000.0000;OUTROS RECURSOS NÃO VINCULADOS;0,00
PREFEITURA MUNICIPAL DE BARBACENA;23.001;AGM;2.131;MANUTENÇAO DA AGM;11;APOIO A ADMINISTRAÇAO PUBLICA;3;Essencial à Justiça;122;Administração Geral;544;3.3.90.39.00.00.00.00;OUTROS SERVIÇOS DE TERCEIROS - PESSOA JURÍDICA;1.500.000.0000;RECURSOS NÃO VINCULADOS DE IMPOSTOS;220.000,00
PREFEITURA MUNICIPAL DE BARBACENA;23.001;AGM;2.131;MANUTENÇAO DA AGM;11;APOIO A ADMINISTRAÇAO PUBLICA;3;Essencial à Justiça;122;Administração Geral;545;3.3.90.40.00.00.00.00;SERVIÇOS DE TECNOLOGIA DA INFORMAÇÃO E COMUNICAÇ;1.500.000.0000;RECURSOS NÃO VINCULADOS DE IMPOSTOS;5.000,00
PREFEITURA MUNICIPAL DE BARBACENA;23.001;AGM;2.131;MANUTENÇAO DA AGM;11;APOIO A ADMINISTRAÇAO PUBLICA;3;Essencial à Justiça;122;Administração Geral;546;3.3.90.91.00.00.00.00;SENTENÇAS JUDICIAIS;1.500.000.0000;RECURSOS NÃO VINCULADOS DE IMPOSTOS;111.694,80
PREFEITURA MUNICIPAL DE BARBACENA;23.001;AGM;2.131;MANUTENÇAO DA AGM;11;APOIO A ADMINISTRAÇAO PUBLICA;3;Essencial à Justiça;122;Administração Geral;547;3.3.90.92.00.00.00.00;DESPESAS DE EXERCÍCIOS ANTERIORES;1.500.000.0000;RECURSOS NÃO VINCULADOS DE IMPOSTOS;500,00
PREFEITURA MUNICIPAL DE BARBACENA;23.001;AGM;2.131;MANUTENÇAO DA AGM;11;APOIO A ADMINISTRAÇAO PUBLICA;3;Essencial à Justiça;122;Administração Geral;548;3.3.90.93.00.00.00.00;INDENIZAÇÕES E RESTITUIÇÕES;1.500.000.0000;RECURSOS NÃO VINCULADOS DE IMPOSTOS;1.000,00
PREFEITURA MUNICIPAL DE BARBACENA;23.001;AGM;2.131;MANUTENÇAO DA AGM;11;APOIO A ADMINISTRAÇAO PUBLICA;3;Essencial à Justiça;122;Administração Geral;549;4.4.90.52.00.00.00.00;EQUIPAMENTOS E MATERIAL PERMANENTE;1.500.000.0000;RECURSOS NÃO VINCULADOS DE IMPOSTOS;5.000,00
PREFEITURA MUNICIPAL DE BARBACENA;23.002;FUNDO MUN. PROTEÇÃO E DEFESA DO CONSUMIDOR - FMDC;2.191;MANUTENÇÃO DO PROCON;11;APOIO A ADMINISTRAÇAO PUBLICA;3;Essencial à Justiça;91;Defesa da Ordem Jurídica;550;3.1.90.04.00.00.00.00;CONTRATAÇÃO POR TEMPO DETERMINADO;1.500.000.0000;RECURSOS NÃO VINCULADOS DE IMPOSTOS;2.000,00
PREFEITURA MUNICIPAL DE BARBACENA;23.002;FUNDO MUN. PROTEÇÃO E DEFESA DO CONSUMIDOR - FMDC;2.191;MANUTENÇÃO DO PROCON;11;APOIO A ADMINISTRAÇAO PUBLICA;3;Essencial à Justiça;91;Defesa da Ordem Jurídica;551;3.1.90.11.00.00.00.00;VENCIMENTOS E VANTAGENS FIXAS - PESSOAL CIVIL;1.500.000.0000;RECURSOS NÃO VINCULADOS DE IMPOSTOS;20.000,00
PREFEITURA MUNICIPAL DE BARBACENA;23.002;FUNDO MUN. PROTEÇÃO E DEFESA DO CONSUMIDOR - FMDC;2.191;MANUTENÇÃO DO PROCON;11;APOIO A ADMINISTRAÇAO PUBLICA;3;Essencial à Justiça;91;Defesa da Ordem Jurídica;552;3.1.90.13.00.00.00.00;OBRIGAÇÕES PATRONAIS;1.500.000.0000;RECURSOS NÃO VINCULADOS DE IMPOSTOS;1.000,00
PREFEITURA MUNICIPAL DE BARBACENA;23.002;FUNDO MUN. PROTEÇÃO E DEFESA DO CONSUMIDOR - FMDC;2.191;MANUTENÇÃO DO PROCON;11;APOIO A ADMINISTRAÇAO PUBLICA;3;Essencial à Justiça;91;Defesa da Ordem Jurídica;553;3.1.91.13.00.00.00.00;OBRIGAÇÕES PATRONAIS;1.500.000.0000;RECURSOS NÃO VINCULADOS DE IMPOSTOS;10.000,00
PREFEITURA MUNICIPAL DE BARBACENA;23.002;FUNDO MUN. PROTEÇÃO E DEFESA DO CONSUMIDOR - FMDC;2.191;MANUTENÇÃO DO PROCON;11;APOIO A ADMINISTRAÇAO PUBLICA;3;Essencial à Justiça;91;Defesa da Ordem Jurídica;554;3.3.90.18.00.00.00.00;AUXÍLIO FINANCEIRO A ESTUDANTES;1.500.000.0000;RECURSOS NÃO VINCULADOS DE IMPOSTOS;1.000,00
PREFEITURA MUNICIPAL DE BARBACENA;23.002;FUNDO MUN. PROTEÇÃO E DEFESA DO CONSUMIDOR - FMDC;2.191;MANUTENÇÃO DO PROCON;11;APOIO A ADMINISTRAÇAO PUBLICA;3;Essencial à Justiça;91;Defesa da Ordem Jurídica;555;3.3.90.30.00.00.00.00;MATERIAL DE CONSUMO;1.500.000.0000;RECURSOS NÃO VINCULADOS DE IMPOSTOS;2.000,00
PREFEITURA MUNICIPAL DE BARBACENA;23.002;FUNDO MUN. PROTEÇÃO E DEFESA DO CONSUMIDOR - FMDC;2.191;MANUTENÇÃO DO PROCON;11;APOIO A ADMINISTRAÇAO PUBLICA;3;Essencial à Justiça;91;Defesa da Ordem Jurídica;556;3.3.90.36.00.00.00.00;OUTROS SERVIÇOS DE TERCEIROS - PESSOA FÍSICA;1.500.000.0000;RECURSOS NÃO VINCULADOS DE IMPOSTOS;1.000,00
PREFEITURA MUNICIPAL DE BARBACENA;23.002;FUNDO MUN. PROTEÇÃO E DEFESA DO CONSUMIDOR - FMDC;2.191;MANUTENÇÃO DO PROCON;11;APOIO A ADMINISTRAÇAO PUBLICA;3;Essencial à Justiça;91;Defesa da Ordem Jurídica;557;3.3.90.39.00.00.00.00;OUTROS SERVIÇOS DE TERCEIROS - PESSOA JURÍDICA;1.500.000.0000;RECURSOS NÃO VINCULADOS DE IMPOSTOS;3.000,00
PREFEITURA MUNICIPAL DE BARBACENA;23.002;FUNDO MUN. PROTEÇÃO E DEFESA DO CONSUMIDOR - FMDC;2.191;MANUTENÇÃO DO PROCON;11;APOIO A ADMINISTRAÇAO PUBLICA;3;Essencial à Justiça;91;Defesa da Ordem Jurídica;558;4.4.90.52.00.00.00.00;EQUIPAMENTOS E MATERIAL PERMANENTE;1.500.000.0000;RECURSOS NÃO VINCULADOS DE IMPOSTOS;1.500,00
PREFEITURA MUNICIPAL DE BARBACENA;24.001;SETRAM;2.672;MANUTENÇÃO DO TERMINAL RODOVIÁRIO DE BARBACENA;11;APOIO A ADMINISTRAÇAO PUBLICA;4;Administração;122;Administração Geral;559;3.1.90.04.00.00.00.00;CONTRATAÇÃO POR TEMPO DETERMINADO;1.500.000.0000;RECURSOS NÃO VINCULADOS DE IMPOSTOS;333.654,29
PREFEITURA MUNICIPAL DE BARBACENA;24.001;SETRAM;2.672;MANUTENÇÃO DO TERMINAL RODOVIÁRIO DE BARBACENA;11;APOIO A ADMINISTRAÇAO PUBLICA;4;Administração;122;Administração Geral;560;3.1.90.11.00.00.00.00;VENCIMENTOS E VANTAGENS FIXAS - PESSOAL CIVIL;1.500.000.0000;RECURSOS NÃO VINCULADOS DE IMPOSTOS;30.000,00
PREFEITURA MUNICIPAL DE BARBACENA;24.001;SETRAM;2.672;MANUTENÇÃO DO TERMINAL RODOVIÁRIO DE BARBACENA;11;APOIO A ADMINISTRAÇAO PUBLICA;4;Administração;122;Administração Geral;561;3.1.90.13.00.00.00.00;OBRIGAÇÕES PATRONAIS;1.500.000.0000;RECURSOS NÃO VINCULADOS DE IMPOSTOS;5.000,00
PREFEITURA MUNICIPAL DE BARBACENA;24.001;SETRAM;2.672;MANUTENÇÃO DO TERMINAL RODOVIÁRIO DE BARBACENA;11;APOIO A ADMINISTRAÇAO PUBLICA;4;Administração;122;Administração Geral;562;3.1.91.13.00.00.00.00;OBRIGAÇÕES PATRONAIS;1.500.000.0000;RECURSOS NÃO VINCULADOS DE IMPOSTOS;1.000,00
PREFEITURA MUNICIPAL DE BARBACENA;24.001;SETRAM;2.672;MANUTENÇÃO DO TERMINAL RODOVIÁRIO DE BARBACENA;11;APOIO A ADMINISTRAÇAO PUBLICA;4;Administração;122;Administração Geral;563;3.3.90.14.00.00.00.00;DIÁRIAS - PESSOAL CIVIL;1.500.000.0000;RECURSOS NÃO VINCULADOS DE IMPOSTOS;1.000,00
PREFEITURA MUNICIPAL DE BARBACENA;24.001;SETRAM;2.672;MANUTENÇÃO DO TERMINAL RODOVIÁRIO DE BARBACENA;11;APOIO A ADMINISTRAÇAO PUBLICA;4;Administração;122;Administração Geral;564;3.3.90.18.00.00.00.00;AUXÍLIO FINANCEIRO A ESTUDANTES;1.500.000.0000;RECURSOS NÃO VINCULADOS DE IMPOSTOS;1.000,00
PREFEITURA MUNICIPAL DE BARBACENA;24.001;SETRAM;2.672;MANUTENÇÃO DO TERMINAL RODOVIÁRIO DE BARBACENA;11;APOIO A ADMINISTRAÇAO PUBLICA;4;Administração;122;Administração Geral;565;3.3.90.30.00.00.00.00;MATERIAL DE CONSUMO;1.500.000.0000;RECURSOS NÃO VINCULADOS DE IMPOSTOS;65.000,00
PREFEITURA MUNICIPAL DE BARBACENA;24.001;SETRAM;2.672;MANUTENÇÃO DO TERMINAL RODOVIÁRIO DE BARBACENA;11;APOIO A ADMINISTRAÇAO PUBLICA;4;Administração;122;Administração Geral;566;3.3.90.36.00.00.00.00;OUTROS SERVIÇOS DE TERCEIROS - PESSOA FÍSICA;1.500.000.0000;RECURSOS NÃO VINCULADOS DE IMPOSTOS;2.000,00
PREFEITURA MUNICIPAL DE BARBACENA;24.001;SETRAM;2.672;MANUTENÇÃO DO TERMINAL RODOVIÁRIO DE BARBACENA;11;APOIO A ADMINISTRAÇAO PUBLICA;4;Administração;122;Administração Geral;567;3.3.90.39.00.00.00.00;OUTROS SERVIÇOS DE TERCEIROS - PESSOA JURÍDICA;1.500.000.0000;RECURSOS NÃO VINCULADOS DE IMPOSTOS;70.423,18
PREFEITURA MUNICIPAL DE BARBACENA;24.001;SETRAM;2.672;MANUTENÇÃO DO TERMINAL RODOVIÁRIO DE BARBACENA;11;APOIO A ADMINISTRAÇAO PUBLICA;4;Administração;122;Administração Geral;567;3.3.90.39.00.00.00.00;OUTROS SERVIÇOS DE TERCEIROS - PESSOA JURÍDICA;1.501.000.0000;OUTROS RECURSOS NÃO VINCULADOS;1.000,00
PREFEITURA MUNICIPAL DE BARBACENA;24.001;SETRAM;2.672;MANUTENÇÃO DO TERMINAL RODOVIÁRIO DE BARBACENA;11;APOIO A ADMINISTRAÇAO PUBLICA;4;Administração;122;Administração Geral;568;3.3.90.40.00.00.00.00;SERVIÇOS DE TECNOLOGIA DA INFORMAÇÃO E COMUNICAÇ;1.500.000.0000;RECURSOS NÃO VINCULADOS DE IMPOSTOS;1.000,00
PREFEITURA MUNICIPAL DE BARBACENA;24.001;SETRAM;2.672;MANUTENÇÃO DO TERMINAL RODOVIÁRIO DE BARBACENA;11;APOIO A ADMINISTRAÇAO PUBLICA;4;Administração;122;Administração Geral;569;3.3.90.46.00.00.00.00;AUXÍLIO-ALIMENTAÇÃO;1.500.000.0000;RECURSOS NÃO VINCULADOS DE IMPOSTOS;44.362,50
PREFEITURA MUNICIPAL DE BARBACENA;24.001;SETRAM;2.672;MANUTENÇÃO DO TERMINAL RODOVIÁRIO DE BARBACENA;11;APOIO A ADMINISTRAÇAO PUBLICA;4;Administração;122;Administração Geral;570;3.3.90.47.00.00.00.00;OBRIGAÇÕES TRIBUTÁRIAS E CONTRIBUTIVAS;1.500.000.0000;RECURSOS NÃO VINCULADOS DE IMPOSTOS;1.000,00
PREFEITURA MUNICIPAL DE BARBACENA;24.001;SETRAM;2.672;MANUTENÇÃO DO TERMINAL RODOVIÁRIO DE BARBACENA;11;APOIO A ADMINISTRAÇAO PUBLICA;4;Administração;122;Administração Geral;571;3.3.90.92.00.00.00.00;DESPESAS DE EXERCÍCIOS ANTERIORES;1.500.000.0000;RECURSOS NÃO VINCULADOS DE IMPOSTOS;1.000,00
PREFEITURA MUNICIPAL DE BARBACENA;24.001;SETRAM;2.672;MANUTENÇÃO DO TERMINAL RODOVIÁRIO DE BARBACENA;11;APOIO A ADMINISTRAÇAO PUBLICA;4;Administração;122;Administração Geral;572;4.4.90.52.00.00.00.00;EQUIPAMENTOS E MATERIAL PERMANENTE;1.500.000.0000;RECURSOS NÃO VINCULADOS DE IMPOSTOS;4.000,00
PREFEITURA MUNICIPAL DE BARBACENA;24.001;SETRAM;2.672;MANUTENÇÃO DO TERMINAL RODOVIÁRIO DE BARBACENA;11;APOIO A ADMINISTRAÇAO PUBLICA;4;Administração;122;Administração Geral;572;4.4.90.52.00.00.00.00;EQUIPAMENTOS E MATERIAL PERMANENTE;1.501.000.0000;OUTROS RECURSOS NÃO VINCULADOS;25.000,00
PREFEITURA MUNICIPAL DE BARBACENA;24.001;SETRAM;2.154;PLANEJAMENTO, ESTUDOS E PESQUISAS PARA A MELHORIA DO TRANSITO MUNICIPAL;27;MOBILIDADE URBANA;4;Administração;451;Infra-Estrutura Urbana;573;3.3.90.35.00.00.00.00;SERVIÇOS DE CONSULTORIA;1.500.000.0000;RECURSOS NÃO VINCULADOS DE IMPOSTOS;2.000,00
PREFEITURA MUNICIPAL DE BARBACENA;24.001;SETRAM;2.154;PLANEJAMENTO, ESTUDOS E PESQUISAS PARA A MELHORIA DO TRANSITO MUNICIPAL;27;MOBILIDADE URBANA;4;Administração;451;Infra-Estrutura Urbana;574;3.3.90.39.00.00.00.00;OUTROS SERVIÇOS DE TERCEIROS - PESSOA JURÍDICA;1.501.000.0000;OUTROS RECURSOS NÃO VINCULADOS;120.000,00
PREFEITURA MUNICIPAL DE BARBACENA;24.001;SETRAM;2.156;GESTAO OPERACIONAL DO TRANSITO MUNICIPAL;27;MOBILIDADE URBANA;4;Administração;451;Infra-Estrutura Urbana;575;3.3.90.14.00.00.00.00;DIÁRIAS - PESSOAL CIVIL;1.500.000.0000;RECURSOS NÃO VINCULADOS DE IMPOSTOS;2.000,00
PREFEITURA MUNICIPAL DE BARBACENA;24.001;SETRAM;2.156;GESTAO OPERACIONAL DO TRANSITO MUNICIPAL;27;MOBILIDADE URBANA;4;Administração;451;Infra-Estrutura Urbana;576;3.3.90.30.00.00.00.00;MATERIAL DE CONSUMO;1.500.000.0000;RECURSOS NÃO VINCULADOS DE IMPOSTOS;10.000,00
PREFEITURA MUNICIPAL DE BARBACENA;24.001;SETRAM;2.156;GESTAO OPERACIONAL DO TRANSITO MUNICIPAL;27;MOBILIDADE URBANA;4;Administração;451;Infra-Estrutura Urbana;577;3.3.90.39.00.00.00.00;OUTROS SERVIÇOS DE TERCEIROS - PESSOA JURÍDICA;1.500.000.0000;RECURSOS NÃO VINCULADOS DE IMPOSTOS;25.000,00
PREFEITURA MUNICIPAL DE BARBACENA;24.001;SETRAM;2.156;GESTAO OPERACIONAL DO TRANSITO MUNICIPAL;27;MOBILIDADE URBANA;4;Administração;451;Infra-Estrutura Urbana;577;3.3.90.39.00.00.00.00;OUTROS SERVIÇOS DE TERCEIROS - PESSOA JURÍDICA;1.501.000.0000;OUTROS RECURSOS NÃO VINCULADOS;150.000,00
PREFEITURA MUNICIPAL DE BARBACENA;24.001;SETRAM;2.156;GESTAO OPERACIONAL DO TRANSITO MUNICIPAL;27;MOBILIDADE URBANA;4;Administração;451;Infra-Estrutura Urbana;578;3.3.90.40.00.00.00.00;SERVIÇOS DE TECNOLOGIA DA INFORMAÇÃO E COMUNICAÇ;1.500.000.0000;RECURSOS NÃO VINCULADOS DE IMPOSTOS;5.000,00
PREFEITURA MUNICIPAL DE BARBACENA;24.001;SETRAM;2.156;GESTAO OPERACIONAL DO TRANSITO MUNICIPAL;27;MOBILIDADE URBANA;4;Administração;451;Infra-Estrutura Urbana;579;3.3.90.47.00.00.00.00;OBRIGAÇÕES TRIBUTÁRIAS E CONTRIBUTIVAS;1.500.000.0000;RECURSOS NÃO VINCULADOS DE IMPOSTOS;1.000,00
PREFEITURA MUNICIPAL DE BARBACENA;24.001;SETRAM;2.156;GESTAO OPERACIONAL DO TRANSITO MUNICIPAL;27;MOBILIDADE URBANA;4;Administração;451;Infra-Estrutura Urbana;580;3.3.90.92.00.00.00.00;DESPESAS DE EXERCÍCIOS ANTERIORES;1.500.000.0000;RECURSOS NÃO VINCULADOS DE IMPOSTOS;2.000,00
PREFEITURA MUNICIPAL DE BARBACENA;24.001;SETRAM;2.156;GESTAO OPERACIONAL DO TRANSITO MUNICIPAL;27;MOBILIDADE URBANA;4;Administração;451;Infra-Estrutura Urbana;581;3.3.90.93.00.00.00.00;INDENIZAÇÕES E RESTITUIÇÕES;1.500.000.0000;RECURSOS NÃO VINCULADOS DE IMPOSTOS;1.000,00
PREFEITURA MUNICIPAL DE BARBACENA;24.001;SETRAM;2.156;GESTAO OPERACIONAL DO TRANSITO MUNICIPAL;27;MOBILIDADE URBANA;4;Administração;451;Infra-Estrutura Urbana;582;4.4.90.52.00.00.00.00;EQUIPAMENTOS E MATERIAL PERMANENTE;1.500.000.0000;RECURSOS NÃO VINCULADOS DE IMPOSTOS;20.000,00
PREFEITURA MUNICIPAL DE BARBACENA;24.001;SETRAM;2.155;TRANSPORTE PUBLICO MUNICIPAL;27;MOBILIDADE URBANA;4;Administração;453;Transportes Coletivos Urbanos;583;3.3.90.39.00.00.00.00;OUTROS SERVIÇOS DE TERCEIROS - PESSOA JURÍDICA;1.500.000.0000;RECURSOS NÃO VINCULADOS DE IMPOSTOS;1.000,00
PREFEITURA MUNICIPAL DE BARBACENA;24.001;SETRAM;2.078;ELABORAÇAO DE PROJETOS DE ENGENHARIA DE MOBILIDADE URBANA;27;MOBILIDADE URBANA;15;Urbanismo;451;Infra-Estrutura Urbana;584;4.4.90.51.00.00.00.00;OBRAS E INSTALAÇÕES;1.500.000.0000;RECURSOS NÃO VINCULADOS DE IMPOSTOS;3.000,00
PREFEITURA MUNICIPAL DE BARBACENA;24.001;SETRAM;2.193;MANUTENÇÃO DA SETRAM;27;MOBILIDADE URBANA;15;Urbanismo;451;Infra-Estrutura Urbana;585;3.3.90.14.00.00.00.00;DIÁRIAS - PESSOAL CIVIL;1.500.000.0000;RECURSOS NÃO VINCULADOS DE IMPOSTOS;5.000,00
PREFEITURA MUNICIPAL DE BARBACENA;24.001;SETRAM;2.193;MANUTENÇÃO DA SETRAM;27;MOBILIDADE URBANA;15;Urbanismo;451;Infra-Estrutura Urbana;586;3.3.90.30.00.00.00.00;MATERIAL DE CONSUMO;1.500.000.0000;RECURSOS NÃO VINCULADOS DE IMPOSTOS;1.000,00
PREFEITURA MUNICIPAL DE BARBACENA;24.001;SETRAM;2.193;MANUTENÇÃO DA SETRAM;27;MOBILIDADE URBANA;15;Urbanismo;451;Infra-Estrutura Urbana;587;3.3.90.39.00.00.00.00;OUTROS SERVIÇOS DE TERCEIROS - PESSOA JURÍDICA;1.500.000.0000;RECURSOS NÃO VINCULADOS DE IMPOSTOS;50.000,00
PREFEITURA MUNICIPAL DE BARBACENA;24.001;SETRAM;2.193;MANUTENÇÃO DA SETRAM;27;MOBILIDADE URBANA;15;Urbanismo;451;Infra-Estrutura Urbana;588;4.4.90.52.00.00.00.00;EQUIPAMENTOS E MATERIAL PERMANENTE;1.500.000.0000;RECURSOS NÃO VINCULADOS DE IMPOSTOS;40.000,00
PREFEITURA MUNICIPAL DE BARBACENA;24.001;SETRAM;2.193;MANUTENÇÃO DA SETRAM;27;MOBILIDADE URBANA;15;Urbanismo;451;Infra-Estrutura Urbana;588;4.4.90.52.00.00.00.00;EQUIPAMENTOS E MATERIAL PERMANENTE;1.501.000.0000;OUTROS RECURSOS NÃO VINCULADOS;20.000,00
PREFEITURA MUNICIPAL DE BARBACENA;24.001;SETRAM;2.193;MANUTENÇÃO DA SETRAM;27;MOBILIDADE URBANA;15;Urbanismo;451;Infra-Estrutura Urbana;932;3.3.90.33.00.00.00.00;PASSAGENS E DESPESAS COM LOCOMOÇÃO;1.500.000.0000;RECURSOS NÃO VINCULADOS DE IMPOSTOS;0,00
PREFEITURA MUNICIPAL DE BARBACENA;24.001;SETRAM;2.193;MANUTENÇÃO DA SETRAM;27;MOBILIDADE URBANA;15;Urbanismo;451;Infra-Estrutura Urbana;966;3.1.90.94.00.00.00.00;INDENIZAÇÕES E RESTITUIÇÕES TRABALHISTAS;1.500.000.0000;RECURSOS NÃO VINCULADOS DE IMPOSTOS;0,00
PREFEITURA MUNICIPAL DE BARBACENA;24.001;SETRAM;2.196;PESSOAL E ENCARGOS SOCIAIS DA SETRAM;27;MOBILIDADE URBANA;15;Urbanismo;451;Infra-Estrutura Urbana;589;3.1.90.04.00.00.00.00;CONTRATAÇÃO POR TEMPO DETERMINADO;1.500.000.0000;RECURSOS NÃO VINCULADOS DE IMPOSTOS;668.657,33
PREFEITURA MUNICIPAL DE BARBACENA;24.001;SETRAM;2.196;PESSOAL E ENCARGOS SOCIAIS DA SETRAM;27;MOBILIDADE URBANA;15;Urbanismo;451;Infra-Estrutura Urbana;590;3.1.90.11.00.00.00.00;VENCIMENTOS E VANTAGENS FIXAS - PESSOAL CIVIL;1.500.000.0000;RECURSOS NÃO VINCULADOS DE IMPOSTOS;2.051.673,63
PREFEITURA MUNICIPAL DE BARBACENA;24.001;SETRAM;2.196;PESSOAL E ENCARGOS SOCIAIS DA SETRAM;27;MOBILIDADE URBANA;15;Urbanismo;451;Infra-Estrutura Urbana;591;3.1.90.13.00.00.00.00;OBRIGAÇÕES PATRONAIS;1.500.000.0000;RECURSOS NÃO VINCULADOS DE IMPOSTOS;153.357,76
PREFEITURA MUNICIPAL DE BARBACENA;24.001;SETRAM;2.196;PESSOAL E ENCARGOS SOCIAIS DA SETRAM;27;MOBILIDADE URBANA;15;Urbanismo;451;Infra-Estrutura Urbana;592;3.1.90.16.00.00.00.00;OUTRAS DESPESAS VARIÁVEIS - PESSOAL CIVIL;1.500.000.0000;RECURSOS NÃO VINCULADOS DE IMPOSTOS;1.000,00
PREFEITURA MUNICIPAL DE BARBACENA;24.001;SETRAM;2.196;PESSOAL E ENCARGOS SOCIAIS DA SETRAM;27;MOBILIDADE URBANA;15;Urbanismo;451;Infra-Estrutura Urbana;593;3.1.91.13.00.00.00.00;OBRIGAÇÕES PATRONAIS;1.500.000.0000;RECURSOS NÃO VINCULADOS DE IMPOSTOS;400.057,87
PREFEITURA MUNICIPAL DE BARBACENA;24.001;SETRAM;2.196;PESSOAL E ENCARGOS SOCIAIS DA SETRAM;27;MOBILIDADE URBANA;15;Urbanismo;451;Infra-Estrutura Urbana;594;3.3.90.08.00.00.00.00;OUTROS BENEFÍCIOS ASSISTENCIAIS-SERVIDOR/MILITAR;1.500.000.0000;RECURSOS NÃO VINCULADOS DE IMPOSTOS;1.000,00
PREFEITURA MUNICIPAL DE BARBACENA;24.001;SETRAM;2.196;PESSOAL E ENCARGOS SOCIAIS DA SETRAM;27;MOBILIDADE URBANA;15;Urbanismo;451;Infra-Estrutura Urbana;595;3.3.90.18.00.00.00.00;AUXÍLIO FINANCEIRO A ESTUDANTES;1.500.000.0000;RECURSOS NÃO VINCULADOS DE IMPOSTOS;1.000,00
PREFEITURA MUNICIPAL DE BARBACENA;24.001;SETRAM;2.196;PESSOAL E ENCARGOS SOCIAIS DA SETRAM;27;MOBILIDADE URBANA;15;Urbanismo;451;Infra-Estrutura Urbana;596;3.3.90.19.00.00.00.00;AUXÍLIO-FARDAMENTO;1.500.000.0000;RECURSOS NÃO VINCULADOS DE IMPOSTOS;20.000,00
PREFEITURA MUNICIPAL DE BARBACENA;24.001;SETRAM;2.196;PESSOAL E ENCARGOS SOCIAIS DA SETRAM;27;MOBILIDADE URBANA;15;Urbanismo;451;Infra-Estrutura Urbana;597;3.3.90.46.00.00.00.00;AUXÍLIO-ALIMENTAÇÃO;1.500.000.0000;RECURSOS NÃO VINCULADOS DE IMPOSTOS;180.862,50
PREFEITURA MUNICIPAL DE BARBACENA;24.002;FUNDO MUNICIPAL DE TRANSPORTES E TRÂNSITO - FMTT;2.156;GESTAO OPERACIONAL DO TRANSITO MUNICIPAL;27;MOBILIDADE URBANA;4;Administração;451;Infra-Estrutura Urbana;598;3.3.90.30.00.00.00.00;MATERIAL DE CONSUMO;1.752.000.0000;RECURSOS VINCULADOS AO TRÂNSITO;200.000,00
PREFEITURA MUNICIPAL DE BARBACENA;24.002;FUNDO MUNICIPAL DE TRANSPORTES E TRÂNSITO - FMTT;2.156;GESTAO OPERACIONAL DO TRANSITO MUNICIPAL;27;MOBILIDADE URBANA;4;Administração;451;Infra-Estrutura Urbana;598;3.3.90.30.00.00.00.00;MATERIAL DE CONSUMO;2.752.000.0000;RECURSOS VINCULADOS AO TRÂNSITO;0,00
PREFEITURA MUNICIPAL DE BARBACENA;24.002;FUNDO MUNICIPAL DE TRANSPORTES E TRÂNSITO - FMTT;2.156;GESTAO OPERACIONAL DO TRANSITO MUNICIPAL;27;MOBILIDADE URBANA;4;Administração;451;Infra-Estrutura Urbana;599;3.3.90.39.00.00.00.00;OUTROS SERVIÇOS DE TERCEIROS - PESSOA JURÍDICA;1.752.000.0000;RECURSOS VINCULADOS AO TRÂNSITO;650.780,66
PREFEITURA MUNICIPAL DE BARBACENA;24.002;FUNDO MUNICIPAL DE TRANSPORTES E TRÂNSITO - FMTT;2.156;GESTAO OPERACIONAL DO TRANSITO MUNICIPAL;27;MOBILIDADE URBANA;4;Administração;451;Infra-Estrutura Urbana;599;3.3.90.39.00.00.00.00;OUTROS SERVIÇOS DE TERCEIROS - PESSOA JURÍDICA;2.752.000.0000;RECURSOS VINCULADOS AO TRÂNSITO;0,00
PREFEITURA MUNICIPAL DE BARBACENA;24.002;FUNDO MUNICIPAL DE TRANSPORTES E TRÂNSITO - FMTT;2.156;GESTAO OPERACIONAL DO TRANSITO MUNICIPAL;27;MOBILIDADE URBANA;4;Administração;451;Infra-Estrutura Urbana;600;3.3.90.40.00.00.00.00;SERVIÇOS DE TECNOLOGIA DA INFORMAÇÃO E COMUNICAÇ;1.752.000.0000;RECURSOS VINCULADOS AO TRÂNSITO;5.000,00
PREFEITURA MUNICIPAL DE BARBACENA;24.002;FUNDO MUNICIPAL DE TRANSPORTES E TRÂNSITO - FMTT;2.156;GESTAO OPERACIONAL DO TRANSITO MUNICIPAL;27;MOBILIDADE URBANA;4;Administração;451;Infra-Estrutura Urbana;601;3.3.90.92.00.00.00.00;DESPESAS DE EXERCÍCIOS ANTERIORES;1.752.000.0000;RECURSOS VINCULADOS AO TRÂNSITO;5.000,00
PREFEITURA MUNICIPAL DE BARBACENA;24.002;FUNDO MUNICIPAL DE TRANSPORTES E TRÂNSITO - FMTT;2.156;GESTAO OPERACIONAL DO TRANSITO MUNICIPAL;27;MOBILIDADE URBANA;4;Administração;451;Infra-Estrutura Urbana;602;3.3.90.93.00.00.00.00;INDENIZAÇÕES E RESTITUIÇÕES;1.752.000.0000;RECURSOS VINCULADOS AO TRÂNSITO;1.000,00
PREFEITURA MUNICIPAL DE BARBACENA;24.002;FUNDO MUNICIPAL DE TRANSPORTES E TRÂNSITO - FMTT;2.156;GESTAO OPERACIONAL DO TRANSITO MUNICIPAL;27;MOBILIDADE URBANA;4;Administração;451;Infra-Estrutura Urbana;603;4.4.90.52.00.00.00.00;EQUIPAMENTOS E MATERIAL PERMANENTE;1.752.000.0000;RECURSOS VINCULADOS AO TRÂNSITO;195.000,00
PREFEITURA MUNICIPAL DE BARBACENA;24.002;FUNDO MUNICIPAL DE TRANSPORTES E TRÂNSITO - FMTT;2.156;GESTAO OPERACIONAL DO TRANSITO MUNICIPAL;27;MOBILIDADE URBANA;4;Administração;451;Infra-Estrutura Urbana;603;4.4.90.52.00.00.00.00;EQUIPAMENTOS E MATERIAL PERMANENTE;2.752.000.0000;RECURSOS VINCULADOS AO TRÂNSITO;0,00
PREFEITURA MUNICIPAL DE BARBACENA;24.002;FUNDO MUNICIPAL DE TRANSPORTES E TRÂNSITO - FMTT;2.673;MANUTENÇÃO DAS ATIVIDADES DE MELHORIA E SEGURANÇA DO TRÂNSITO;27;MOBILIDADE URBANA;15;Urbanismo;451;Infra-Estrutura Urbana;604;3.3.90.30.00.00.00.00;MATERIAL DE CONSUMO;1.752.000.0000;RECURSOS VINCULADOS AO TRÂNSITO;15.000,00
PREFEITURA MUNICIPAL DE BARBACENA;24.002;FUNDO MUNICIPAL DE TRANSPORTES E TRÂNSITO - FMTT;2.673;MANUTENÇÃO DAS ATIVIDADES DE MELHORIA E SEGURANÇA DO TRÂNSITO;27;MOBILIDADE URBANA;15;Urbanismo;451;Infra-Estrutura Urbana;605;3.3.90.39.00.00.00.00;OUTROS SERVIÇOS DE TERCEIROS - PESSOA JURÍDICA;1.752.000.0000;RECURSOS VINCULADOS AO TRÂNSITO;20.000,00
PREFEITURA MUNICIPAL DE BARBACENA;24.002;FUNDO MUNICIPAL DE TRANSPORTES E TRÂNSITO - FMTT;2.673;MANUTENÇÃO DAS ATIVIDADES DE MELHORIA E SEGURANÇA DO TRÂNSITO;27;MOBILIDADE URBANA;15;Urbanismo;451;Infra-Estrutura Urbana;606;4.4.90.51.00.00.00.00;OBRAS E INSTALAÇÕES;1.752.000.0000;RECURSOS VINCULADOS AO TRÂNSITO;50.000,00
PREFEITURA MUNICIPAL DE BARBACENA;24.002;FUNDO MUNICIPAL DE TRANSPORTES E TRÂNSITO - FMTT;2.673;MANUTENÇÃO DAS ATIVIDADES DE MELHORIA E SEGURANÇA DO TRÂNSITO;27;MOBILIDADE URBANA;15;Urbanismo;451;Infra-Estrutura Urbana;607;4.4.90.52.00.00.00.00;EQUIPAMENTOS E MATERIAL PERMANENTE;1.752.000.0000;RECURSOS VINCULADOS AO TRÂNSITO;20.000,00
PREFEITURA MUNICIPAL DE BARBACENA;24.002;FUNDO MUNICIPAL DE TRANSPORTES E TRÂNSITO - FMTT;2.673;MANUTENÇÃO DAS ATIVIDADES DE MELHORIA E SEGURANÇA DO TRÂNSITO;27;MOBILIDADE URBANA;15;Urbanismo;451;Infra-Estrutura Urbana;962;3.3.90.31.00.00.00.00;PREMIAÇÕES CULTURAIS, ARTÍSTICAS, CIENT., DESPORT;1.752.000.0000;RECURSOS VINCULADOS AO TRÂNSITO;0,00
PREFEITURA MUNICIPAL DE BARBACENA;24.002;FUNDO MUNICIPAL DE TRANSPORTES E TRÂNSITO - FMTT;2.673;MANUTENÇÃO DAS ATIVIDADES DE MELHORIA E SEGURANÇA DO TRÂNSITO;27;MOBILIDADE URBANA;15;Urbanismo;451;Infra-Estrutura Urbana;962;3.3.90.31.00.00.00.00;PREMIAÇÕES CULTURAIS, ARTÍSTICAS, CIENT., DESPORT;2.752.000.0000;RECURSOS VINCULADOS AO TRÂNSITO;0,00
PREFEITURA MUNICIPAL DE BARBACENA;25.001;SEMAS;1.430;REFORMA ESTRUTURAL PREDIO SECRETARIA MUNICIPAL DE ASSISTÊNCIA SOCIAL;11;APOIO A ADMINISTRAÇAO PUBLICA;8;Assistência Social;122;Administração Geral;608;3.3.90.30.00.00.00.00;MATERIAL DE CONSUMO;1.500.000.0000;RECURSOS NÃO VINCULADOS DE IMPOSTOS;1.500,00
PREFEITURA MUNICIPAL DE BARBACENA;25.001;SEMAS;1.430;REFORMA ESTRUTURAL PREDIO SECRETARIA MUNICIPAL DE ASSISTÊNCIA SOCIAL;11;APOIO A ADMINISTRAÇAO PUBLICA;8;Assistência Social;122;Administração Geral;609;3.3.90.39.00.00.00.00;OUTROS SERVIÇOS DE TERCEIROS - PESSOA JURÍDICA;1.500.000.0000;RECURSOS NÃO VINCULADOS DE IMPOSTOS;5.000,00
PREFEITURA MUNICIPAL DE BARBACENA;25.001;SEMAS;1.430;REFORMA ESTRUTURAL PREDIO SECRETARIA MUNICIPAL DE ASSISTÊNCIA SOCIAL;11;APOIO A ADMINISTRAÇAO PUBLICA;8;Assistência Social;122;Administração Geral;610;4.4.90.51.00.00.00.00;OBRAS E INSTALAÇÕES;1.500.000.0000;RECURSOS NÃO VINCULADOS DE IMPOSTOS;10.000,00
PREFEITURA MUNICIPAL DE BARBACENA;25.001;SEMAS;1.430;REFORMA ESTRUTURAL PREDIO SECRETARIA MUNICIPAL DE ASSISTÊNCIA SOCIAL;11;APOIO A ADMINISTRAÇAO PUBLICA;8;Assistência Social;122;Administração Geral;610;4.4.90.51.00.00.00.00;OBRAS E INSTALAÇÕES;1.501.000.0000;OUTROS RECURSOS NÃO VINCULADOS;25.000,00
PREFEITURA MUNICIPAL DE BARBACENA;25.001;SEMAS;1.430;REFORMA ESTRUTURAL PREDIO SECRETARIA MUNICIPAL DE ASSISTÊNCIA SOCIAL;11;APOIO A ADMINISTRAÇAO PUBLICA;8;Assistência Social;122;Administração Geral;611;4.4.90.52.00.00.00.00;EQUIPAMENTOS E MATERIAL PERMANENTE;1.500.000.0000;RECURSOS NÃO VINCULADOS DE IMPOSTOS;2.500,00
PREFEITURA MUNICIPAL DE BARBACENA;25.001;SEMAS;1.431;AQUISIÇÃO DE VEÍCULOS PARA SUPORTE A ASSISTÊNCIA SOCIAL;11;APOIO A ADMINISTRAÇAO PUBLICA;8;Assistência Social;122;Administração Geral;612;4.4.90.52.00.00.00.00;EQUIPAMENTOS E MATERIAL PERMANENTE;1.500.000.0000;RECURSOS NÃO VINCULADOS DE IMPOSTOS;2.500,00
PREFEITURA MUNICIPAL DE BARBACENA;25.001;SEMAS;1.431;AQUISIÇÃO DE VEÍCULOS PARA SUPORTE A ASSISTÊNCIA SOCIAL;11;APOIO A ADMINISTRAÇAO PUBLICA;8;Assistência Social;122;Administração Geral;612;4.4.90.52.00.00.00.00;EQUIPAMENTOS E MATERIAL PERMANENTE;1.501.000.0000;OUTROS RECURSOS NÃO VINCULADOS;23.000,00
PREFEITURA MUNICIPAL DE BARBACENA;25.001;SEMAS;1.431;AQUISIÇÃO DE VEÍCULOS PARA SUPORTE A ASSISTÊNCIA SOCIAL;11;APOIO A ADMINISTRAÇAO PUBLICA;8;Assistência Social;122;Administração Geral;612;4.4.90.52.00.00.00.00;EQUIPAMENTOS E MATERIAL PERMANENTE;1.660.000.0000;TRANSFERÊNCIA DE RECURSOS DO FUNDO NACIONAL DE ASSISTÊNCIA SOCIAL - FNAS;70.000,00
PREFEITURA MUNICIPAL DE BARBACENA;25.001;SEMAS;2.309;MANUTENÇAO DE AÇÕES DA ASSISTÊNCIA SOCIAL;11;APOIO A ADMINISTRAÇAO PUBLICA;8;Assistência Social;122;Administração Geral;613;3.3.90.14.00.00.00.00;DIÁRIAS - PESSOAL CIVIL;1.500.000.0000;RECURSOS NÃO VINCULADOS DE IMPOSTOS;1.500,00
PREFEITURA MUNICIPAL DE BARBACENA;25.001;SEMAS;2.309;MANUTENÇAO DE AÇÕES DA ASSISTÊNCIA SOCIAL;11;APOIO A ADMINISTRAÇAO PUBLICA;8;Assistência Social;122;Administração Geral;613;3.3.90.14.00.00.00.00;DIÁRIAS - PESSOAL CIVIL;1.501.000.0000;OUTROS RECURSOS NÃO VINCULADOS;0,00
PREFEITURA MUNICIPAL DE BARBACENA;25.001;SEMAS;2.309;MANUTENÇAO DE AÇÕES DA ASSISTÊNCIA SOCIAL;11;APOIO A ADMINISTRAÇAO PUBLICA;8;Assistência Social;122;Administração Geral;614;3.3.90.30.00.00.00.00;MATERIAL DE CONSUMO;1.500.000.0000;RECURSOS NÃO VINCULADOS DE IMPOSTOS;10.000,00
PREFEITURA MUNICIPAL DE BARBACENA;25.001;SEMAS;2.309;MANUTENÇAO DE AÇÕES DA ASSISTÊNCIA SOCIAL;11;APOIO A ADMINISTRAÇAO PUBLICA;8;Assistência Social;122;Administração Geral;614;3.3.90.30.00.00.00.00;MATERIAL DE CONSUMO;1.501.000.0000;OUTROS RECURSOS NÃO VINCULADOS;200.000,00
PREFEITURA MUNICIPAL DE BARBACENA;25.001;SEMAS;2.309;MANUTENÇAO DE AÇÕES DA ASSISTÊNCIA SOCIAL;11;APOIO A ADMINISTRAÇAO PUBLICA;8;Assistência Social;122;Administração Geral;614;3.3.90.30.00.00.00.00;MATERIAL DE CONSUMO;1.660.000.0000;TRANSFERÊNCIA DE RECURSOS DO FUNDO NACIONAL DE ASSISTÊNCIA SOCIAL - FNAS;0,00
PREFEITURA MUNICIPAL DE BARBACENA;25.001;SEMAS;2.309;MANUTENÇAO DE AÇÕES DA ASSISTÊNCIA SOCIAL;11;APOIO A ADMINISTRAÇAO PUBLICA;8;Assistência Social;122;Administração Geral;614;3.3.90.30.00.00.00.00;MATERIAL DE CONSUMO;1.661.000.0000;TRANSFERÊNCIA DE RECURSOS DOS FUNDOS ESTADUAIS DE ASSISTÊNCIA SOCIAL;2.500,00
PREFEITURA MUNICIPAL DE BARBACENA;25.001;SEMAS;2.309;MANUTENÇAO DE AÇÕES DA ASSISTÊNCIA SOCIAL;11;APOIO A ADMINISTRAÇAO PUBLICA;8;Assistência Social;122;Administração Geral;614;3.3.90.30.00.00.00.00;MATERIAL DE CONSUMO;1.753.000.0000;RECURSOS PROVENIENTES DE TAXAS, CONTRIBUIÇÕES E PREÇOS PÚBLICOS;0,00
PREFEITURA MUNICIPAL DE BARBACENA;25.001;SEMAS;2.309;MANUTENÇAO DE AÇÕES DA ASSISTÊNCIA SOCIAL;11;APOIO A ADMINISTRAÇAO PUBLICA;8;Assistência Social;122;Administração Geral;614;3.3.90.30.00.00.00.00;MATERIAL DE CONSUMO;2.660.000.0000;TRANSFERÊNCIA DE RECURSOS DO FUNDO NACIONAL DE ASSISTÊNCIA SOCIAL - FNAS;0,00
PREFEITURA MUNICIPAL DE BARBACENA;25.001;SEMAS;2.309;MANUTENÇAO DE AÇÕES DA ASSISTÊNCIA SOCIAL;11;APOIO A ADMINISTRAÇAO PUBLICA;8;Assistência Social;122;Administração Geral;614;3.3.90.30.00.00.00.00;MATERIAL DE CONSUMO;2.661.000.0000;TRANSFERÊNCIA DE RECURSOS DOS FUNDOS ESTADUAIS DE ASSISTÊNCIA SOCIAL;0,00
PREFEITURA MUNICIPAL DE BARBACENA;25.001;SEMAS;2.309;MANUTENÇAO DE AÇÕES DA ASSISTÊNCIA SOCIAL;11;APOIO A ADMINISTRAÇAO PUBLICA;8;Assistência Social;122;Administração Geral;614;3.3.90.30.00.00.00.00;MATERIAL DE CONSUMO;2.753.000.0000;RECURSOS PROVENIENTES DE TAXAS, CONTRIBUIÇÕES E PREÇOS PÚBLICOS;0,00
PREFEITURA MUNICIPAL DE BARBACENA;25.001;SEMAS;2.309;MANUTENÇAO DE AÇÕES DA ASSISTÊNCIA SOCIAL;11;APOIO A ADMINISTRAÇAO PUBLICA;8;Assistência Social;122;Administração Geral;615;3.3.90.33.00.00.00.00;PASSAGENS E DESPESAS COM LOCOMOÇÃO;1.500.000.0000;RECURSOS NÃO VINCULADOS DE IMPOSTOS;20.000,00
PREFEITURA MUNICIPAL DE BARBACENA;25.001;SEMAS;2.309;MANUTENÇAO DE AÇÕES DA ASSISTÊNCIA SOCIAL;11;APOIO A ADMINISTRAÇAO PUBLICA;8;Assistência Social;122;Administração Geral;615;3.3.90.33.00.00.00.00;PASSAGENS E DESPESAS COM LOCOMOÇÃO;1.501.000.0000;OUTROS RECURSOS NÃO VINCULADOS;0,00
PREFEITURA MUNICIPAL DE BARBACENA;25.001;SEMAS;2.309;MANUTENÇAO DE AÇÕES DA ASSISTÊNCIA SOCIAL;11;APOIO A ADMINISTRAÇAO PUBLICA;8;Assistência Social;122;Administração Geral;616;3.3.90.36.00.00.00.00;OUTROS SERVIÇOS DE TERCEIROS - PESSOA FÍSICA;1.500.000.0000;RECURSOS NÃO VINCULADOS DE IMPOSTOS;15.000,00
PREFEITURA MUNICIPAL DE BARBACENA;25.001;SEMAS;2.309;MANUTENÇAO DE AÇÕES DA ASSISTÊNCIA SOCIAL;11;APOIO A ADMINISTRAÇAO PUBLICA;8;Assistência Social;122;Administração Geral;617;3.3.90.39.00.00.00.00;OUTROS SERVIÇOS DE TERCEIROS - PESSOA JURÍDICA;1.500.000.0000;RECURSOS NÃO VINCULADOS DE IMPOSTOS;80.000,00
PREFEITURA MUNICIPAL DE BARBACENA;25.001;SEMAS;2.309;MANUTENÇAO DE AÇÕES DA ASSISTÊNCIA SOCIAL;11;APOIO A ADMINISTRAÇAO PUBLICA;8;Assistência Social;122;Administração Geral;617;3.3.90.39.00.00.00.00;OUTROS SERVIÇOS DE TERCEIROS - PESSOA JURÍDICA;1.660.000.0000;TRANSFERÊNCIA DE RECURSOS DO FUNDO NACIONAL DE ASSISTÊNCIA SOCIAL - FNAS;55.000,00
PREFEITURA MUNICIPAL DE BARBACENA;25.001;SEMAS;2.309;MANUTENÇAO DE AÇÕES DA ASSISTÊNCIA SOCIAL;11;APOIO A ADMINISTRAÇAO PUBLICA;8;Assistência Social;122;Administração Geral;617;3.3.90.39.00.00.00.00;OUTROS SERVIÇOS DE TERCEIROS - PESSOA JURÍDICA;2.660.000.0000;TRANSFERÊNCIA DE RECURSOS DO FUNDO NACIONAL DE ASSISTÊNCIA SOCIAL - FNAS;0,00
PREFEITURA MUNICIPAL DE BARBACENA;25.001;SEMAS;2.309;MANUTENÇAO DE AÇÕES DA ASSISTÊNCIA SOCIAL;11;APOIO A ADMINISTRAÇAO PUBLICA;8;Assistência Social;122;Administração Geral;618;3.3.90.40.00.00.00.00;SERVIÇOS DE TECNOLOGIA DA INFORMAÇÃO E COMUNICAÇ;1.500.000.0000;RECURSOS NÃO VINCULADOS DE IMPOSTOS;5.000,00
PREFEITURA MUNICIPAL DE BARBACENA;25.001;SEMAS;2.309;MANUTENÇAO DE AÇÕES DA ASSISTÊNCIA SOCIAL;11;APOIO A ADMINISTRAÇAO PUBLICA;8;Assistência Social;122;Administração Geral;619;3.3.90.92.00.00.00.00;DESPESAS DE EXERCÍCIOS ANTERIORES;1.500.000.0000;RECURSOS NÃO VINCULADOS DE IMPOSTOS;2.500,00
PREFEITURA MUNICIPAL DE BARBACENA;25.001;SEMAS;2.309;MANUTENÇAO DE AÇÕES DA ASSISTÊNCIA SOCIAL;11;APOIO A ADMINISTRAÇAO PUBLICA;8;Assistência Social;122;Administração Geral;619;3.3.90.92.00.00.00.00;DESPESAS DE EXERCÍCIOS ANTERIORES;1.660.000.0000;TRANSFERÊNCIA DE RECURSOS DO FUNDO NACIONAL DE ASSISTÊNCIA SOCIAL - FNAS;1.000,00
PREFEITURA MUNICIPAL DE BARBACENA;25.001;SEMAS;2.309;MANUTENÇAO DE AÇÕES DA ASSISTÊNCIA SOCIAL;11;APOIO A ADMINISTRAÇAO PUBLICA;8;Assistência Social;122;Administração Geral;620;4.4.90.52.00.00.00.00;EQUIPAMENTOS E MATERIAL PERMANENTE;1.500.000.0000;RECURSOS NÃO VINCULADOS DE IMPOSTOS;15.000,00
PREFEITURA MUNICIPAL DE BARBACENA;25.001;SEMAS;2.309;MANUTENÇAO DE AÇÕES DA ASSISTÊNCIA SOCIAL;11;APOIO A ADMINISTRAÇAO PUBLICA;8;Assistência Social;122;Administração Geral;620;4.4.90.52.00.00.00.00;EQUIPAMENTOS E MATERIAL PERMANENTE;1.501.000.0000;OUTROS RECURSOS NÃO VINCULADOS;50.000,00
PREFEITURA MUNICIPAL DE BARBACENA;25.001;SEMAS;2.309;MANUTENÇAO DE AÇÕES DA ASSISTÊNCIA SOCIAL;11;APOIO A ADMINISTRAÇAO PUBLICA;8;Assistência Social;122;Administração Geral;620;4.4.90.52.00.00.00.00;EQUIPAMENTOS E MATERIAL PERMANENTE;1.665.000.0000;TRANSFERÊNCIAS DE CONVÊNIOS E INSTRUMENTOS CONGÊNERES VINCULADOS À ASSISTÊNCIA SOCIAL;1.835,65
PREFEITURA MUNICIPAL DE BARBACENA;25.001;SEMAS;2.309;MANUTENÇAO DE AÇÕES DA ASSISTÊNCIA SOCIAL;11;APOIO A ADMINISTRAÇAO PUBLICA;8;Assistência Social;122;Administração Geral;620;4.4.90.52.00.00.00.00;EQUIPAMENTOS E MATERIAL PERMANENTE;1.753.000.0000;RECURSOS PROVENIENTES DE TAXAS, CONTRIBUIÇÕES E PREÇOS PÚBLICOS;0,00
PREFEITURA MUNICIPAL DE BARBACENA;25.001;SEMAS;2.309;MANUTENÇAO DE AÇÕES DA ASSISTÊNCIA SOCIAL;11;APOIO A ADMINISTRAÇAO PUBLICA;8;Assistência Social;122;Administração Geral;620;4.4.90.52.00.00.00.00;EQUIPAMENTOS E MATERIAL PERMANENTE;2.500.000.0000;RECURSOS NÃO VINCULADOS DE IMPOSTOS;0,00
PREFEITURA MUNICIPAL DE BARBACENA;25.001;SEMAS;2.309;MANUTENÇAO DE AÇÕES DA ASSISTÊNCIA SOCIAL;11;APOIO A ADMINISTRAÇAO PUBLICA;8;Assistência Social;122;Administração Geral;620;4.4.90.52.00.00.00.00;EQUIPAMENTOS E MATERIAL PERMANENTE;2.706.000.0000;TRANSFERÊNCIA ESPECIAL DA UNIÃO;0,00
PREFEITURA MUNICIPAL DE BARBACENA;25.001;SEMAS;2.309;MANUTENÇAO DE AÇÕES DA ASSISTÊNCIA SOCIAL;11;APOIO A ADMINISTRAÇAO PUBLICA;8;Assistência Social;122;Administração Geral;620;4.4.90.52.00.00.00.00;EQUIPAMENTOS E MATERIAL PERMANENTE;2.753.000.0000;RECURSOS PROVENIENTES DE TAXAS, CONTRIBUIÇÕES E PREÇOS PÚBLICOS;0,00
PREFEITURA MUNICIPAL DE BARBACENA;25.001;SEMAS;2.309;MANUTENÇAO DE AÇÕES DA ASSISTÊNCIA SOCIAL;11;APOIO A ADMINISTRAÇAO PUBLICA;8;Assistência Social;122;Administração Geral;920;3.3.90.93.00.00.00.00;INDENIZAÇÕES E RESTITUIÇÕES;2.660.000.0000;TRANSFERÊNCIA DE RECURSOS DO FUNDO NACIONAL DE ASSISTÊNCIA SOCIAL - FNAS;0,00
PREFEITURA MUNICIPAL DE BARBACENA;25.001;SEMAS;2.309;MANUTENÇAO DE AÇÕES DA ASSISTÊNCIA SOCIAL;11;APOIO A ADMINISTRAÇAO PUBLICA;8;Assistência Social;122;Administração Geral;929;3.3.90.47.00.00.00.00;OBRIGAÇÕES TRIBUTÁRIAS E CONTRIBUTIVAS;1.500.000.0000;RECURSOS NÃO VINCULADOS DE IMPOSTOS;0,00
PREFEITURA MUNICIPAL DE BARBACENA;25.001;SEMAS;2.322;PESSOAL E ENCARGOS SOCIAIS DA ASSISTÊNCIA SOCIAL;11;APOIO A ADMINISTRAÇAO PUBLICA;8;Assistência Social;122;Administração Geral;621;3.1.90.04.00.00.00.00;CONTRATAÇÃO POR TEMPO DETERMINADO;1.500.000.0000;RECURSOS NÃO VINCULADOS DE IMPOSTOS;1.416.891,87
PREFEITURA MUNICIPAL DE BARBACENA;25.001;SEMAS;2.322;PESSOAL E ENCARGOS SOCIAIS DA ASSISTÊNCIA SOCIAL;11;APOIO A ADMINISTRAÇAO PUBLICA;8;Assistência Social;122;Administração Geral;621;3.1.90.04.00.00.00.00;CONTRATAÇÃO POR TEMPO DETERMINADO;1.660.000.0000;TRANSFERÊNCIA DE RECURSOS DO FUNDO NACIONAL DE ASSISTÊNCIA SOCIAL - FNAS;2.000,00
PREFEITURA MUNICIPAL DE BARBACENA;25.001;SEMAS;2.322;PESSOAL E ENCARGOS SOCIAIS DA ASSISTÊNCIA SOCIAL;11;APOIO A ADMINISTRAÇAO PUBLICA;8;Assistência Social;122;Administração Geral;622;3.1.90.11.00.00.00.00;VENCIMENTOS E VANTAGENS FIXAS - PESSOAL CIVIL;1.500.000.0000;RECURSOS NÃO VINCULADOS DE IMPOSTOS;1.726.261,17
PREFEITURA MUNICIPAL DE BARBACENA;25.001;SEMAS;2.322;PESSOAL E ENCARGOS SOCIAIS DA ASSISTÊNCIA SOCIAL;11;APOIO A ADMINISTRAÇAO PUBLICA;8;Assistência Social;122;Administração Geral;622;3.1.90.11.00.00.00.00;VENCIMENTOS E VANTAGENS FIXAS - PESSOAL CIVIL;1.660.000.0000;TRANSFERÊNCIA DE RECURSOS DO FUNDO NACIONAL DE ASSISTÊNCIA SOCIAL - FNAS;2.000,00
PREFEITURA MUNICIPAL DE BARBACENA;25.001;SEMAS;2.322;PESSOAL E ENCARGOS SOCIAIS DA ASSISTÊNCIA SOCIAL;11;APOIO A ADMINISTRAÇAO PUBLICA;8;Assistência Social;122;Administração Geral;623;3.1.90.13.00.00.00.00;OBRIGAÇÕES PATRONAIS;1.500.000.0000;RECURSOS NÃO VINCULADOS DE IMPOSTOS;147.322,09
PREFEITURA MUNICIPAL DE BARBACENA;25.001;SEMAS;2.322;PESSOAL E ENCARGOS SOCIAIS DA ASSISTÊNCIA SOCIAL;11;APOIO A ADMINISTRAÇAO PUBLICA;8;Assistência Social;122;Administração Geral;624;3.1.90.92.00.00.00.00;DESPESAS DE EXERCÍCIOS ANTERIORES;1.500.000.0000;RECURSOS NÃO VINCULADOS DE IMPOSTOS;1.500,00
PREFEITURA MUNICIPAL DE BARBACENA;25.001;SEMAS;2.322;PESSOAL E ENCARGOS SOCIAIS DA ASSISTÊNCIA SOCIAL;11;APOIO A ADMINISTRAÇAO PUBLICA;8;Assistência Social;122;Administração Geral;625;3.1.91.13.00.00.00.00;OBRIGAÇÕES PATRONAIS;1.500.000.0000;RECURSOS NÃO VINCULADOS DE IMPOSTOS;299.062,43
PREFEITURA MUNICIPAL DE BARBACENA;25.001;SEMAS;2.322;PESSOAL E ENCARGOS SOCIAIS DA ASSISTÊNCIA SOCIAL;11;APOIO A ADMINISTRAÇAO PUBLICA;8;Assistência Social;122;Administração Geral;625;3.1.91.13.00.00.00.00;OBRIGAÇÕES PATRONAIS;1.660.000.0000;TRANSFERÊNCIA DE RECURSOS DO FUNDO NACIONAL DE ASSISTÊNCIA SOCIAL - FNAS;2.000,00
PREFEITURA MUNICIPAL DE BARBACENA;25.001;SEMAS;2.322;PESSOAL E ENCARGOS SOCIAIS DA ASSISTÊNCIA SOCIAL;11;APOIO A ADMINISTRAÇAO PUBLICA;8;Assistência Social;122;Administração Geral;626;3.3.90.08.00.00.00.00;OUTROS BENEFÍCIOS ASSISTENCIAIS-SERVIDOR/MILITAR;1.500.000.0000;RECURSOS NÃO VINCULADOS DE IMPOSTOS;827,19
PREFEITURA MUNICIPAL DE BARBACENA;25.001;SEMAS;2.322;PESSOAL E ENCARGOS SOCIAIS DA ASSISTÊNCIA SOCIAL;11;APOIO A ADMINISTRAÇAO PUBLICA;8;Assistência Social;122;Administração Geral;626;3.3.90.08.00.00.00.00;OUTROS BENEFÍCIOS ASSISTENCIAIS-SERVIDOR/MILITAR;1.660.000.0000;TRANSFERÊNCIA DE RECURSOS DO FUNDO NACIONAL DE ASSISTÊNCIA SOCIAL - FNAS;2.000,00
PREFEITURA MUNICIPAL DE BARBACENA;25.001;SEMAS;2.322;PESSOAL E ENCARGOS SOCIAIS DA ASSISTÊNCIA SOCIAL;11;APOIO A ADMINISTRAÇAO PUBLICA;8;Assistência Social;122;Administração Geral;627;3.3.90.18.00.00.00.00;AUXÍLIO FINANCEIRO A ESTUDANTES;1.500.000.0000;RECURSOS NÃO VINCULADOS DE IMPOSTOS;3.000,00
PREFEITURA MUNICIPAL DE BARBACENA;25.001;SEMAS;2.322;PESSOAL E ENCARGOS SOCIAIS DA ASSISTÊNCIA SOCIAL;11;APOIO A ADMINISTRAÇAO PUBLICA;8;Assistência Social;122;Administração Geral;628;3.3.90.46.00.00.00.00;AUXÍLIO-ALIMENTAÇÃO;1.500.000.0000;RECURSOS NÃO VINCULADOS DE IMPOSTOS;278.232,45
PREFEITURA MUNICIPAL DE BARBACENA;25.001;SEMAS;2.322;PESSOAL E ENCARGOS SOCIAIS DA ASSISTÊNCIA SOCIAL;11;APOIO A ADMINISTRAÇAO PUBLICA;8;Assistência Social;122;Administração Geral;628;3.3.90.46.00.00.00.00;AUXÍLIO-ALIMENTAÇÃO;1.660.000.0000;TRANSFERÊNCIA DE RECURSOS DO FUNDO NACIONAL DE ASSISTÊNCIA SOCIAL - FNAS;0,00
PREFEITURA MUNICIPAL DE BARBACENA;25.001;SEMAS;2.385;CRIAÇÃO, IMPLANTAÇÃO E MANUTENÇÃO DA CASA DOS CONSELHOS;55;FORTALECIMENTO DO CONTROLE SOCIAL;8;Assistência Social;122;Administração Geral;629;3.3.90.30.00.00.00.00;MATERIAL DE CONSUMO;1.500.000.0000;RECURSOS NÃO VINCULADOS DE IMPOSTOS;1.500,00
PREFEITURA MUNICIPAL DE BARBACENA;25.001;SEMAS;2.385;CRIAÇÃO, IMPLANTAÇÃO E MANUTENÇÃO DA CASA DOS CONSELHOS;55;FORTALECIMENTO DO CONTROLE SOCIAL;8;Assistência Social;122;Administração Geral;630;3.3.90.39.00.00.00.00;OUTROS SERVIÇOS DE TERCEIROS - PESSOA JURÍDICA;1.500.000.0000;RECURSOS NÃO VINCULADOS DE IMPOSTOS;2.500,00
PREFEITURA MUNICIPAL DE BARBACENA;25.001;SEMAS;2.385;CRIAÇÃO, IMPLANTAÇÃO E MANUTENÇÃO DA CASA DOS CONSELHOS;55;FORTALECIMENTO DO CONTROLE SOCIAL;8;Assistência Social;122;Administração Geral;630;3.3.90.39.00.00.00.00;OUTROS SERVIÇOS DE TERCEIROS - PESSOA JURÍDICA;1.501.000.0000;OUTROS RECURSOS NÃO VINCULADOS;30.000,00
PREFEITURA MUNICIPAL DE BARBACENA;25.001;SEMAS;2.385;CRIAÇÃO, IMPLANTAÇÃO E MANUTENÇÃO DA CASA DOS CONSELHOS;55;FORTALECIMENTO DO CONTROLE SOCIAL;8;Assistência Social;122;Administração Geral;631;4.4.90.52.00.00.00.00;EQUIPAMENTOS E MATERIAL PERMANENTE;1.500.000.0000;RECURSOS NÃO VINCULADOS DE IMPOSTOS;2.500,00
PREFEITURA MUNICIPAL DE BARBACENA;25.001;SEMAS;2.385;CRIAÇÃO, IMPLANTAÇÃO E MANUTENÇÃO DA CASA DOS CONSELHOS;55;FORTALECIMENTO DO CONTROLE SOCIAL;8;Assistência Social;122;Administração Geral;631;4.4.90.52.00.00.00.00;EQUIPAMENTOS E MATERIAL PERMANENTE;1.660.000.0000;TRANSFERÊNCIA DE RECURSOS DO FUNDO NACIONAL DE ASSISTÊNCIA SOCIAL - FNAS;1.000,00
PREFEITURA MUNICIPAL DE BARBACENA;25.001;SEMAS;2.601;CAPACITAÇÃO DOS CONSELHEIROS MUNICIPAIS E MANUTENÇÃO DO CMAS E CMDCA;55;FORTALECIMENTO DO CONTROLE SOCIAL;8;Assistência Social;128;Formação de Recursos Humanos;632;3.3.90.14.00.00.00.00;DIÁRIAS - PESSOAL CIVIL;1.660.000.0000;TRANSFERÊNCIA DE RECURSOS DO FUNDO NACIONAL DE ASSISTÊNCIA SOCIAL - FNAS;1.000,00
PREFEITURA MUNICIPAL DE BARBACENA;25.001;SEMAS;2.601;CAPACITAÇÃO DOS CONSELHEIROS MUNICIPAIS E MANUTENÇÃO DO CMAS E CMDCA;55;FORTALECIMENTO DO CONTROLE SOCIAL;8;Assistência Social;128;Formação de Recursos Humanos;633;3.3.90.30.00.00.00.00;MATERIAL DE CONSUMO;1.500.000.0000;RECURSOS NÃO VINCULADOS DE IMPOSTOS;1.000,00
PREFEITURA MUNICIPAL DE BARBACENA;25.001;SEMAS;2.601;CAPACITAÇÃO DOS CONSELHEIROS MUNICIPAIS E MANUTENÇÃO DO CMAS E CMDCA;55;FORTALECIMENTO DO CONTROLE SOCIAL;8;Assistência Social;128;Formação de Recursos Humanos;633;3.3.90.30.00.00.00.00;MATERIAL DE CONSUMO;1.660.000.0000;TRANSFERÊNCIA DE RECURSOS DO FUNDO NACIONAL DE ASSISTÊNCIA SOCIAL - FNAS;1.000,00
PREFEITURA MUNICIPAL DE BARBACENA;25.001;SEMAS;2.601;CAPACITAÇÃO DOS CONSELHEIROS MUNICIPAIS E MANUTENÇÃO DO CMAS E CMDCA;55;FORTALECIMENTO DO CONTROLE SOCIAL;8;Assistência Social;128;Formação de Recursos Humanos;634;3.3.90.36.00.00.00.00;OUTROS SERVIÇOS DE TERCEIROS - PESSOA FÍSICA;1.500.000.0000;RECURSOS NÃO VINCULADOS DE IMPOSTOS;1.000,00
PREFEITURA MUNICIPAL DE BARBACENA;25.001;SEMAS;2.601;CAPACITAÇÃO DOS CONSELHEIROS MUNICIPAIS E MANUTENÇÃO DO CMAS E CMDCA;55;FORTALECIMENTO DO CONTROLE SOCIAL;8;Assistência Social;128;Formação de Recursos Humanos;634;3.3.90.36.00.00.00.00;OUTROS SERVIÇOS DE TERCEIROS - PESSOA FÍSICA;1.660.000.0000;TRANSFERÊNCIA DE RECURSOS DO FUNDO NACIONAL DE ASSISTÊNCIA SOCIAL - FNAS;1.500,00
PREFEITURA MUNICIPAL DE BARBACENA;25.001;SEMAS;2.601;CAPACITAÇÃO DOS CONSELHEIROS MUNICIPAIS E MANUTENÇÃO DO CMAS E CMDCA;55;FORTALECIMENTO DO CONTROLE SOCIAL;8;Assistência Social;128;Formação de Recursos Humanos;635;3.3.90.39.00.00.00.00;OUTROS SERVIÇOS DE TERCEIROS - PESSOA JURÍDICA;1.500.000.0000;RECURSOS NÃO VINCULADOS DE IMPOSTOS;1.000,00
PREFEITURA MUNICIPAL DE BARBACENA;25.001;SEMAS;2.601;CAPACITAÇÃO DOS CONSELHEIROS MUNICIPAIS E MANUTENÇÃO DO CMAS E CMDCA;55;FORTALECIMENTO DO CONTROLE SOCIAL;8;Assistência Social;128;Formação de Recursos Humanos;635;3.3.90.39.00.00.00.00;OUTROS SERVIÇOS DE TERCEIROS - PESSOA JURÍDICA;1.660.000.0000;TRANSFERÊNCIA DE RECURSOS DO FUNDO NACIONAL DE ASSISTÊNCIA SOCIAL - FNAS;1.500,00
PREFEITURA MUNICIPAL DE BARBACENA;25.001;SEMAS;2.097;IMPLANTAÇÃO E MANUTENÇAO DA POLITICA SOBRE DROGAS;55;FORTALECIMENTO DO CONTROLE SOCIAL;8;Assistência Social;244;Assistência Comunitária;636;3.3.90.30.00.00.00.00;MATERIAL DE CONSUMO;1.500.000.0000;RECURSOS NÃO VINCULADOS DE IMPOSTOS;2.000,00
PREFEITURA MUNICIPAL DE BARBACENA;25.001;SEMAS;2.457;APOIO A ASSOCIAÇÃO COMUNITÁRIA DO DISTRITO DE PINHEIRO GROSSO;56;PROTEÇÃO SOCIAL BÁSICA;8;Assistência Social;244;Assistência Comunitária;637;3.3.50.41.00.00.00.00;CONTRIBUIÇÕES;1.501.000.0000;OUTROS RECURSOS NÃO VINCULADOS;123.265,45
PREFEITURA MUNICIPAL DE BARBACENA;25.001;SEMAS;2.460;APOIO A ASSOCIAÇÃO REN. CIDADÃ ORG. DE MEMBROS DA SOC. CIVIL - ARCOM-SC;56;PROTEÇÃO SOCIAL BÁSICA;8;Assistência Social;244;Assistência Comunitária;638;3.3.50.43.00.00.00.00;SUBVENÇÕES SOCIAIS;1.753.000.0000;RECURSOS PROVENIENTES DE TAXAS, CONTRIBUIÇÕES E PREÇOS PÚBLICOS;173.265,45
PREFEITURA MUNICIPAL DE BARBACENA;25.001;SEMAS;2.460;APOIO A ASSOCIAÇÃO REN. CIDADÃ ORG. DE MEMBROS DA SOC. CIVIL - ARCOM-SC;56;PROTEÇÃO SOCIAL BÁSICA;8;Assistência Social;244;Assistência Comunitária;973;4.4.50.41.00.00.00.00;CONTRIBUIÇÕES;1.753.000.0000;RECURSOS PROVENIENTES DE TAXAS, CONTRIBUIÇÕES E PREÇOS PÚBLICOS;0,00
PREFEITURA MUNICIPAL DE BARBACENA;25.001;SEMAS;2.464;APOIO A MARTIN LUTHER KING PELA VIDA;56;PROTEÇÃO SOCIAL BÁSICA;8;Assistência Social;244;Assistência Comunitária;639;3.3.50.41.00.00.00.00;CONTRIBUIÇÕES;1.753.000.0000;RECURSOS PROVENIENTES DE TAXAS, CONTRIBUIÇÕES E PREÇOS PÚBLICOS;111.265,45
PREFEITURA MUNICIPAL DE BARBACENA;25.001;SEMAS;2.465;APOIO A OBRAS PASSIONISTAS SÃO PAULO DA CRUZ;56;PROTEÇÃO SOCIAL BÁSICA;8;Assistência Social;244;Assistência Comunitária;640;3.3.50.41.00.00.00.00;CONTRIBUIÇÕES;1.500.000.0000;RECURSOS NÃO VINCULADOS DE IMPOSTOS;93.316,36
PREFEITURA MUNICIPAL DE BARBACENA;25.001;SEMAS;2.466;APOIO A OBRAS SOCIAIS DE NOSSA SENHORA DE FÁTIMA;56;PROTEÇÃO SOCIAL BÁSICA;8;Assistência Social;244;Assistência Comunitária;641;3.3.50.43.00.00.00.00;SUBVENÇÕES SOCIAIS;1.500.000.0000;RECURSOS NÃO VINCULADOS DE IMPOSTOS;25.000,00
PREFEITURA MUNICIPAL DE BARBACENA;25.001;SEMAS;2.466;APOIO A OBRAS SOCIAIS DE NOSSA SENHORA DE FÁTIMA;56;PROTEÇÃO SOCIAL BÁSICA;8;Assistência Social;244;Assistência Comunitária;641;3.3.50.43.00.00.00.00;SUBVENÇÕES SOCIAIS;1.501.000.0000;OUTROS RECURSOS NÃO VINCULADOS;118.959,27
PREFEITURA MUNICIPAL DE BARBACENA;25.001;SEMAS;2.466;APOIO A OBRAS SOCIAIS DE NOSSA SENHORA DE FÁTIMA;56;PROTEÇÃO SOCIAL BÁSICA;8;Assistência Social;244;Assistência Comunitária;983;4.4.50.41.00.00.00.00;CONTRIBUIÇÕES;1.500.000.0000;RECURSOS NÃO VINCULADOS DE IMPOSTOS;0,00
PREFEITURA MUNICIPAL DE BARBACENA;25.001;SEMAS;2.467;APOIO A UNIAO COMUNITARIA DE BARBACENA (UCB);56;PROTEÇÃO SOCIAL BÁSICA;8;Assistência Social;244;Assistência Comunitária;642;3.3.50.43.00.00.00.00;SUBVENÇÕES SOCIAIS;1.501.000.0000;OUTROS RECURSOS NÃO VINCULADOS;30.000,00
PREFEITURA MUNICIPAL DE BARBACENA;25.001;SEMAS;2.468;APOIO AO INSTITUTO APRENDIZ SOLIDÁRIO;56;PROTEÇÃO SOCIAL BÁSICA;8;Assistência Social;244;Assistência Comunitária;643;3.3.50.43.00.00.00.00;SUBVENÇÕES SOCIAIS;1.500.000.0000;RECURSOS NÃO VINCULADOS DE IMPOSTOS;106.632,72
PREFEITURA MUNICIPAL DE BARBACENA;25.001;SEMAS;2.468;APOIO AO INSTITUTO APRENDIZ SOLIDÁRIO;56;PROTEÇÃO SOCIAL BÁSICA;8;Assistência Social;244;Assistência Comunitária;643;3.3.50.43.00.00.00.00;SUBVENÇÕES SOCIAIS;1.501.000.0000;OUTROS RECURSOS NÃO VINCULADOS;40.000,00
PREFEITURA MUNICIPAL DE BARBACENA;25.001;SEMAS;2.469;APOIO AO INSTITUTO SOCIO AMBIENTAL DAS VERTENTES;56;PROTEÇÃO SOCIAL BÁSICA;8;Assistência Social;244;Assistência Comunitária;644;3.3.50.41.00.00.00.00;CONTRIBUIÇÕES;1.501.000.0000;OUTROS RECURSOS NÃO VINCULADOS;20.000,00
PREFEITURA MUNICIPAL DE BARBACENA;25.001;SEMAS;2.474;APOIO A ASSOCIAÇÃO DE GUARDAS MUNICIPAIS DE BARBACENA;56;PROTEÇÃO SOCIAL BÁSICA;8;Assistência Social;244;Assistência Comunitária;645;3.3.50.41.00.00.00.00;CONTRIBUIÇÕES;1.501.000.0000;OUTROS RECURSOS NÃO VINCULADOS;25.000,00
PREFEITURA MUNICIPAL DE BARBACENA;25.001;SEMAS;2.419;CRIAÇÃO, IMPLANTAÇÃO E MANUTENÇÃO DAS OPERAÇÕES URBANAS CONSORCIADAS;59;PROGRAMAS FEDERAIS E MUNICIPAIS;8;Assistência Social;451;Infra-Estrutura Urbana;646;3.3.90.30.00.00.00.00;MATERIAL DE CONSUMO;1.500.000.0000;RECURSOS NÃO VINCULADOS DE IMPOSTOS;1.000,00
PREFEITURA MUNICIPAL DE BARBACENA;25.001;SEMAS;2.419;CRIAÇÃO, IMPLANTAÇÃO E MANUTENÇÃO DAS OPERAÇÕES URBANAS CONSORCIADAS;59;PROGRAMAS FEDERAIS E MUNICIPAIS;8;Assistência Social;451;Infra-Estrutura Urbana;647;3.3.90.39.00.00.00.00;OUTROS SERVIÇOS DE TERCEIROS - PESSOA JURÍDICA;1.500.000.0000;RECURSOS NÃO VINCULADOS DE IMPOSTOS;1.000,00
PREFEITURA MUNICIPAL DE BARBACENA;25.001;SEMAS;2.420;LEGISLAÇÃO DE ÁREAS DE RISCO;59;PROGRAMAS FEDERAIS E MUNICIPAIS;8;Assistência Social;451;Infra-Estrutura Urbana;648;3.3.90.30.00.00.00.00;MATERIAL DE CONSUMO;1.500.000.0000;RECURSOS NÃO VINCULADOS DE IMPOSTOS;1.000,00
PREFEITURA MUNICIPAL DE BARBACENA;25.001;SEMAS;2.420;LEGISLAÇÃO DE ÁREAS DE RISCO;59;PROGRAMAS FEDERAIS E MUNICIPAIS;8;Assistência Social;451;Infra-Estrutura Urbana;649;3.3.90.39.00.00.00.00;OUTROS SERVIÇOS DE TERCEIROS - PESSOA JURÍDICA;1.500.000.0000;RECURSOS NÃO VINCULADOS DE IMPOSTOS;1.000,00
PREFEITURA MUNICIPAL DE BARBACENA;25.001;SEMAS;2.415;CRIAÇÃO, IMPLANTAÇÃO E MANUTENÇÃO PROGRAMA MINHA CASA VERDE E AMARELA;59;PROGRAMAS FEDERAIS E MUNICIPAIS;8;Assistência Social;482;Habitação Urbana;650;3.3.90.30.00.00.00.00;MATERIAL DE CONSUMO;1.500.000.0000;RECURSOS NÃO VINCULADOS DE IMPOSTOS;1.000,00
PREFEITURA MUNICIPAL DE BARBACENA;25.001;SEMAS;2.415;CRIAÇÃO, IMPLANTAÇÃO E MANUTENÇÃO PROGRAMA MINHA CASA VERDE E AMARELA;59;PROGRAMAS FEDERAIS E MUNICIPAIS;8;Assistência Social;482;Habitação Urbana;651;3.3.90.39.00.00.00.00;OUTROS SERVIÇOS DE TERCEIROS - PESSOA JURÍDICA;1.500.000.0000;RECURSOS NÃO VINCULADOS DE IMPOSTOS;1.000,00
PREFEITURA MUNICIPAL DE BARBACENA;25.001;SEMAS;2.415;CRIAÇÃO, IMPLANTAÇÃO E MANUTENÇÃO PROGRAMA MINHA CASA VERDE E AMARELA;59;PROGRAMAS FEDERAIS E MUNICIPAIS;8;Assistência Social;482;Habitação Urbana;652;4.4.90.52.00.00.00.00;EQUIPAMENTOS E MATERIAL PERMANENTE;1.501.000.0000;OUTROS RECURSOS NÃO VINCULADOS;3.000,00
PREFEITURA MUNICIPAL DE BARBACENA;25.001;SEMAS;2.416;CRIAÇÃO, IMPLANTAÇÃO E MANUTENÇÃO PROGRAMA PRO MORADIA;59;PROGRAMAS FEDERAIS E MUNICIPAIS;8;Assistência Social;482;Habitação Urbana;653;3.3.90.30.00.00.00.00;MATERIAL DE CONSUMO;1.500.000.0000;RECURSOS NÃO VINCULADOS DE IMPOSTOS;1.000,00
PREFEITURA MUNICIPAL DE BARBACENA;25.001;SEMAS;2.416;CRIAÇÃO, IMPLANTAÇÃO E MANUTENÇÃO PROGRAMA PRO MORADIA;59;PROGRAMAS FEDERAIS E MUNICIPAIS;8;Assistência Social;482;Habitação Urbana;654;3.3.90.39.00.00.00.00;OUTROS SERVIÇOS DE TERCEIROS - PESSOA JURÍDICA;1.500.000.0000;RECURSOS NÃO VINCULADOS DE IMPOSTOS;1.000,00
PREFEITURA MUNICIPAL DE BARBACENA;25.001;SEMAS;2.417;CRIAÇÃO, IMPLANTAÇÃO E MANUTENÇÃO DA REGULARIZAÇÃO FUNDIÁRIA;59;PROGRAMAS FEDERAIS E MUNICIPAIS;8;Assistência Social;482;Habitação Urbana;655;3.3.90.30.00.00.00.00;MATERIAL DE CONSUMO;1.500.000.0000;RECURSOS NÃO VINCULADOS DE IMPOSTOS;1.000,00
PREFEITURA MUNICIPAL DE BARBACENA;25.001;SEMAS;2.417;CRIAÇÃO, IMPLANTAÇÃO E MANUTENÇÃO DA REGULARIZAÇÃO FUNDIÁRIA;59;PROGRAMAS FEDERAIS E MUNICIPAIS;8;Assistência Social;482;Habitação Urbana;656;3.3.90.39.00.00.00.00;OUTROS SERVIÇOS DE TERCEIROS - PESSOA JURÍDICA;1.500.000.0000;RECURSOS NÃO VINCULADOS DE IMPOSTOS;1.000,00
PREFEITURA MUNICIPAL DE BARBACENA;25.001;SEMAS;2.417;CRIAÇÃO, IMPLANTAÇÃO E MANUTENÇÃO DA REGULARIZAÇÃO FUNDIÁRIA;59;PROGRAMAS FEDERAIS E MUNICIPAIS;8;Assistência Social;482;Habitação Urbana;656;3.3.90.39.00.00.00.00;OUTROS SERVIÇOS DE TERCEIROS - PESSOA JURÍDICA;1.501.000.0000;OUTROS RECURSOS NÃO VINCULADOS;0,00
PREFEITURA MUNICIPAL DE BARBACENA;25.001;SEMAS;2.417;CRIAÇÃO, IMPLANTAÇÃO E MANUTENÇÃO DA REGULARIZAÇÃO FUNDIÁRIA;59;PROGRAMAS FEDERAIS E MUNICIPAIS;8;Assistência Social;482;Habitação Urbana;656;3.3.90.39.00.00.00.00;OUTROS SERVIÇOS DE TERCEIROS - PESSOA JURÍDICA;2.500.000.0000;RECURSOS NÃO VINCULADOS DE IMPOSTOS;0,00
PREFEITURA MUNICIPAL DE BARBACENA;25.001;SEMAS;2.417;CRIAÇÃO, IMPLANTAÇÃO E MANUTENÇÃO DA REGULARIZAÇÃO FUNDIÁRIA;59;PROGRAMAS FEDERAIS E MUNICIPAIS;8;Assistência Social;482;Habitação Urbana;656;3.3.90.39.00.00.00.00;OUTROS SERVIÇOS DE TERCEIROS - PESSOA JURÍDICA;2.753.000.0000;RECURSOS PROVENIENTES DE TAXAS, CONTRIBUIÇÕES E PREÇOS PÚBLICOS;0,00
PREFEITURA MUNICIPAL DE BARBACENA;25.001;SEMAS;2.418;CRIAÇÃO, IMPLANTAÇÃO E MANUTENÇÃO DE ZONAS DE INTERRESSE SOCIAL;59;PROGRAMAS FEDERAIS E MUNICIPAIS;8;Assistência Social;482;Habitação Urbana;657;3.3.90.30.00.00.00.00;MATERIAL DE CONSUMO;1.500.000.0000;RECURSOS NÃO VINCULADOS DE IMPOSTOS;1.000,00
PREFEITURA MUNICIPAL DE BARBACENA;25.001;SEMAS;2.418;CRIAÇÃO, IMPLANTAÇÃO E MANUTENÇÃO DE ZONAS DE INTERRESSE SOCIAL;59;PROGRAMAS FEDERAIS E MUNICIPAIS;8;Assistência Social;482;Habitação Urbana;658;3.3.90.39.00.00.00.00;OUTROS SERVIÇOS DE TERCEIROS - PESSOA JURÍDICA;1.500.000.0000;RECURSOS NÃO VINCULADOS DE IMPOSTOS;1.000,00
PREFEITURA MUNICIPAL DE BARBACENA;25.001;SEMAS;2.661;PROJETO DE TRABALHO TÉCNICO SOCIAL (PTTS);59;PROGRAMAS FEDERAIS E MUNICIPAIS;16;Habitação;482;Habitação Urbana;659;3.3.90.30.00.00.00.00;MATERIAL DE CONSUMO;1.500.000.0000;RECURSOS NÃO VINCULADOS DE IMPOSTOS;1.000,00
PREFEITURA MUNICIPAL DE BARBACENA;25.001;SEMAS;2.661;PROJETO DE TRABALHO TÉCNICO SOCIAL (PTTS);59;PROGRAMAS FEDERAIS E MUNICIPAIS;16;Habitação;482;Habitação Urbana;660;3.3.90.39.00.00.00.00;OUTROS SERVIÇOS DE TERCEIROS - PESSOA JURÍDICA;1.500.000.0000;RECURSOS NÃO VINCULADOS DE IMPOSTOS;1.500,00
PREFEITURA MUNICIPAL DE BARBACENA;25.001;SEMAS;2.661;PROJETO DE TRABALHO TÉCNICO SOCIAL (PTTS);59;PROGRAMAS FEDERAIS E MUNICIPAIS;16;Habitação;482;Habitação Urbana;661;4.4.90.51.00.00.00.00;OBRAS E INSTALAÇÕES;1.500.000.0000;RECURSOS NÃO VINCULADOS DE IMPOSTOS;2.500,00
PREFEITURA MUNICIPAL DE BARBACENA;25.001;SEMAS;2.661;PROJETO DE TRABALHO TÉCNICO SOCIAL (PTTS);59;PROGRAMAS FEDERAIS E MUNICIPAIS;16;Habitação;482;Habitação Urbana;662;4.4.90.52.00.00.00.00;EQUIPAMENTOS E MATERIAL PERMANENTE;1.500.000.0000;RECURSOS NÃO VINCULADOS DE IMPOSTOS;1.000,00
PREFEITURA MUNICIPAL DE BARBACENA;25.003;FUNDO MUNICIPAL DE ASSISTENCIA SOCIAL - FMAS;2.381;ATUALIZAÇÃO DA LEGISLAÇÃO DA ASSISTÊNCIA SOCIAL;11;APOIO A ADMINISTRAÇAO PUBLICA;8;Assistência Social;122;Administração Geral;663;3.3.90.30.00.00.00.00;MATERIAL DE CONSUMO;1.500.000.0000;RECURSOS NÃO VINCULADOS DE IMPOSTOS;3.500,00
PREFEITURA MUNICIPAL DE BARBACENA;25.003;FUNDO MUNICIPAL DE ASSISTENCIA SOCIAL - FMAS;2.381;ATUALIZAÇÃO DA LEGISLAÇÃO DA ASSISTÊNCIA SOCIAL;11;APOIO A ADMINISTRAÇAO PUBLICA;8;Assistência Social;122;Administração Geral;664;3.3.90.39.00.00.00.00;OUTROS SERVIÇOS DE TERCEIROS - PESSOA JURÍDICA;1.500.000.0000;RECURSOS NÃO VINCULADOS DE IMPOSTOS;2.500,00
PREFEITURA MUNICIPAL DE BARBACENA;25.003;FUNDO MUNICIPAL DE ASSISTENCIA SOCIAL - FMAS;2.321;MANUTENÇAO DO CONSELHO TUTELAR;11;APOIO A ADMINISTRAÇAO PUBLICA;8;Assistência Social;243;Assistência à Criança e ao Adolescente;670;3.1.90.04.00.00.00.00;CONTRATAÇÃO POR TEMPO DETERMINADO;1.500.000.0000;RECURSOS NÃO VINCULADOS DE IMPOSTOS;5.000,00
PREFEITURA MUNICIPAL DE BARBACENA;25.003;FUNDO MUNICIPAL DE ASSISTENCIA SOCIAL - FMAS;2.321;MANUTENÇAO DO CONSELHO TUTELAR;11;APOIO A ADMINISTRAÇAO PUBLICA;8;Assistência Social;243;Assistência à Criança e ao Adolescente;670;3.1.90.04.00.00.00.00;CONTRATAÇÃO POR TEMPO DETERMINADO;1.660.000.0000;TRANSFERÊNCIA DE RECURSOS DO FUNDO NACIONAL DE ASSISTÊNCIA SOCIAL - FNAS;2.000,00
PREFEITURA MUNICIPAL DE BARBACENA;25.003;FUNDO MUNICIPAL DE ASSISTENCIA SOCIAL - FMAS;2.321;MANUTENÇAO DO CONSELHO TUTELAR;11;APOIO A ADMINISTRAÇAO PUBLICA;8;Assistência Social;243;Assistência à Criança e ao Adolescente;671;3.3.90.08.00.00.00.00;OUTROS BENEFÍCIOS ASSISTENCIAIS-SERVIDOR/MILITAR;1.660.000.0000;TRANSFERÊNCIA DE RECURSOS DO FUNDO NACIONAL DE ASSISTÊNCIA SOCIAL - FNAS;2.000,00
PREFEITURA MUNICIPAL DE BARBACENA;25.003;FUNDO MUNICIPAL DE ASSISTENCIA SOCIAL - FMAS;2.321;MANUTENÇAO DO CONSELHO TUTELAR;11;APOIO A ADMINISTRAÇAO PUBLICA;8;Assistência Social;243;Assistência à Criança e ao Adolescente;672;3.3.90.14.00.00.00.00;DIÁRIAS - PESSOAL CIVIL;1.500.000.0000;RECURSOS NÃO VINCULADOS DE IMPOSTOS;2.000,00
PREFEITURA MUNICIPAL DE BARBACENA;25.003;FUNDO MUNICIPAL DE ASSISTENCIA SOCIAL - FMAS;2.321;MANUTENÇAO DO CONSELHO TUTELAR;11;APOIO A ADMINISTRAÇAO PUBLICA;8;Assistência Social;243;Assistência à Criança e ao Adolescente;673;3.3.90.30.00.00.00.00;MATERIAL DE CONSUMO;1.500.000.0000;RECURSOS NÃO VINCULADOS DE IMPOSTOS;6.000,00
PREFEITURA MUNICIPAL DE BARBACENA;25.003;FUNDO MUNICIPAL DE ASSISTENCIA SOCIAL - FMAS;2.321;MANUTENÇAO DO CONSELHO TUTELAR;11;APOIO A ADMINISTRAÇAO PUBLICA;8;Assistência Social;243;Assistência à Criança e ao Adolescente;674;3.3.90.36.00.00.00.00;OUTROS SERVIÇOS DE TERCEIROS - PESSOA FÍSICA;1.500.000.0000;RECURSOS NÃO VINCULADOS DE IMPOSTOS;299.885,30
PREFEITURA MUNICIPAL DE BARBACENA;25.003;FUNDO MUNICIPAL DE ASSISTENCIA SOCIAL - FMAS;2.321;MANUTENÇAO DO CONSELHO TUTELAR;11;APOIO A ADMINISTRAÇAO PUBLICA;8;Assistência Social;243;Assistência à Criança e ao Adolescente;675;3.3.90.39.00.00.00.00;OUTROS SERVIÇOS DE TERCEIROS - PESSOA JURÍDICA;1.500.000.0000;RECURSOS NÃO VINCULADOS DE IMPOSTOS;20.000,00
PREFEITURA MUNICIPAL DE BARBACENA;25.003;FUNDO MUNICIPAL DE ASSISTENCIA SOCIAL - FMAS;2.321;MANUTENÇAO DO CONSELHO TUTELAR;11;APOIO A ADMINISTRAÇAO PUBLICA;8;Assistência Social;243;Assistência à Criança e ao Adolescente;676;3.3.90.40.00.00.00.00;SERVIÇOS DE TECNOLOGIA DA INFORMAÇÃO E COMUNICAÇ;1.500.000.0000;RECURSOS NÃO VINCULADOS DE IMPOSTOS;3.000,00
PREFEITURA MUNICIPAL DE BARBACENA;25.003;FUNDO MUNICIPAL DE ASSISTENCIA SOCIAL - FMAS;2.321;MANUTENÇAO DO CONSELHO TUTELAR;11;APOIO A ADMINISTRAÇAO PUBLICA;8;Assistência Social;243;Assistência à Criança e ao Adolescente;677;3.3.90.46.00.00.00.00;AUXÍLIO-ALIMENTAÇÃO;1.500.000.0000;RECURSOS NÃO VINCULADOS DE IMPOSTOS;17.062,50
PREFEITURA MUNICIPAL DE BARBACENA;25.003;FUNDO MUNICIPAL DE ASSISTENCIA SOCIAL - FMAS;2.321;MANUTENÇAO DO CONSELHO TUTELAR;11;APOIO A ADMINISTRAÇAO PUBLICA;8;Assistência Social;243;Assistência à Criança e ao Adolescente;678;3.3.90.47.00.00.00.00;OBRIGAÇÕES TRIBUTÁRIAS E CONTRIBUTIVAS;1.500.000.0000;RECURSOS NÃO VINCULADOS DE IMPOSTOS;54.344,66
PREFEITURA MUNICIPAL DE BARBACENA;25.003;FUNDO MUNICIPAL DE ASSISTENCIA SOCIAL - FMAS;2.321;MANUTENÇAO DO CONSELHO TUTELAR;11;APOIO A ADMINISTRAÇAO PUBLICA;8;Assistência Social;243;Assistência à Criança e ao Adolescente;679;4.4.90.51.00.00.00.00;OBRAS E INSTALAÇÕES;1.500.000.0000;RECURSOS NÃO VINCULADOS DE IMPOSTOS;2.000,00
PREFEITURA MUNICIPAL DE BARBACENA;25.003;FUNDO MUNICIPAL DE ASSISTENCIA SOCIAL - FMAS;2.321;MANUTENÇAO DO CONSELHO TUTELAR;11;APOIO A ADMINISTRAÇAO PUBLICA;8;Assistência Social;243;Assistência à Criança e ao Adolescente;680;4.4.90.52.00.00.00.00;EQUIPAMENTOS E MATERIAL PERMANENTE;1.500.000.0000;RECURSOS NÃO VINCULADOS DE IMPOSTOS;50.000,00
PREFEITURA MUNICIPAL DE BARBACENA;25.003;FUNDO MUNICIPAL DE ASSISTENCIA SOCIAL - FMAS;2.383;CRIAÇÃO, IMPLANTAÇÃO E MANUTENÇÃO NOVO CONSELHO TUTELAR;11;APOIO A ADMINISTRAÇAO PUBLICA;8;Assistência Social;243;Assistência à Criança e ao Adolescente;681;3.3.90.30.00.00.00.00;MATERIAL DE CONSUMO;1.500.000.0000;RECURSOS NÃO VINCULADOS DE IMPOSTOS;1.000,00
PREFEITURA MUNICIPAL DE BARBACENA;25.003;FUNDO MUNICIPAL DE ASSISTENCIA SOCIAL - FMAS;2.383;CRIAÇÃO, IMPLANTAÇÃO E MANUTENÇÃO NOVO CONSELHO TUTELAR;11;APOIO A ADMINISTRAÇAO PUBLICA;8;Assistência Social;243;Assistência à Criança e ao Adolescente;682;3.3.90.39.00.00.00.00;OUTROS SERVIÇOS DE TERCEIROS - PESSOA JURÍDICA;1.500.000.0000;RECURSOS NÃO VINCULADOS DE IMPOSTOS;3.500,00
PREFEITURA MUNICIPAL DE BARBACENA;25.003;FUNDO MUNICIPAL DE ASSISTENCIA SOCIAL - FMAS;2.383;CRIAÇÃO, IMPLANTAÇÃO E MANUTENÇÃO NOVO CONSELHO TUTELAR;11;APOIO A ADMINISTRAÇAO PUBLICA;8;Assistência Social;243;Assistência à Criança e ao Adolescente;682;3.3.90.39.00.00.00.00;OUTROS SERVIÇOS DE TERCEIROS - PESSOA JURÍDICA;1.660.000.0000;TRANSFERÊNCIA DE RECURSOS DO FUNDO NACIONAL DE ASSISTÊNCIA SOCIAL - FNAS;5.000,00
PREFEITURA MUNICIPAL DE BARBACENA;25.003;FUNDO MUNICIPAL DE ASSISTENCIA SOCIAL - FMAS;2.383;CRIAÇÃO, IMPLANTAÇÃO E MANUTENÇÃO NOVO CONSELHO TUTELAR;11;APOIO A ADMINISTRAÇAO PUBLICA;8;Assistência Social;243;Assistência à Criança e ao Adolescente;683;4.4.90.52.00.00.00.00;EQUIPAMENTOS E MATERIAL PERMANENTE;1.500.000.0000;RECURSOS NÃO VINCULADOS DE IMPOSTOS;3.000,00
PREFEITURA MUNICIPAL DE BARBACENA;25.003;FUNDO MUNICIPAL DE ASSISTENCIA SOCIAL - FMAS;2.383;CRIAÇÃO, IMPLANTAÇÃO E MANUTENÇÃO NOVO CONSELHO TUTELAR;11;APOIO A ADMINISTRAÇAO PUBLICA;8;Assistência Social;243;Assistência à Criança e ao Adolescente;683;4.4.90.52.00.00.00.00;EQUIPAMENTOS E MATERIAL PERMANENTE;1.660.000.0000;TRANSFERÊNCIA DE RECURSOS DO FUNDO NACIONAL DE ASSISTÊNCIA SOCIAL - FNAS;2.500,00
PREFEITURA MUNICIPAL DE BARBACENA;25.003;FUNDO MUNICIPAL DE ASSISTENCIA SOCIAL - FMAS;2.382;FORTALECIMENTO DAS ENTIDADES FILANTROPICAS;11;APOIO A ADMINISTRAÇAO PUBLICA;8;Assistência Social;244;Assistência Comunitária;702;3.3.90.39.00.00.00.00;OUTROS SERVIÇOS DE TERCEIROS - PESSOA JURÍDICA;1.500.000.0000;RECURSOS NÃO VINCULADOS DE IMPOSTOS;3.500,00
PREFEITURA MUNICIPAL DE BARBACENA;25.003;FUNDO MUNICIPAL DE ASSISTENCIA SOCIAL - FMAS;2.382;FORTALECIMENTO DAS ENTIDADES FILANTROPICAS;11;APOIO A ADMINISTRAÇAO PUBLICA;8;Assistência Social;244;Assistência Comunitária;702;3.3.90.39.00.00.00.00;OUTROS SERVIÇOS DE TERCEIROS - PESSOA JURÍDICA;1.660.000.0000;TRANSFERÊNCIA DE RECURSOS DO FUNDO NACIONAL DE ASSISTÊNCIA SOCIAL - FNAS;3.500,00
PREFEITURA MUNICIPAL DE BARBACENA;25.003;FUNDO MUNICIPAL DE ASSISTENCIA SOCIAL - FMAS;2.382;FORTALECIMENTO DAS ENTIDADES FILANTROPICAS;11;APOIO A ADMINISTRAÇAO PUBLICA;8;Assistência Social;244;Assistência Comunitária;703;3.3.90.43.00.00.00.00;SUBVENÇÕES SOCIAIS;1.501.000.0000;OUTROS RECURSOS NÃO VINCULADOS;50.000,00
PREFEITURA MUNICIPAL DE BARBACENA;25.003;FUNDO MUNICIPAL DE ASSISTENCIA SOCIAL - FMAS;2.382;FORTALECIMENTO DAS ENTIDADES FILANTROPICAS;11;APOIO A ADMINISTRAÇAO PUBLICA;8;Assistência Social;244;Assistência Comunitária;703;3.3.90.43.00.00.00.00;SUBVENÇÕES SOCIAIS;1.660.000.0000;TRANSFERÊNCIA DE RECURSOS DO FUNDO NACIONAL DE ASSISTÊNCIA SOCIAL - FNAS;10.000,00
PREFEITURA MUNICIPAL DE BARBACENA;25.003;FUNDO MUNICIPAL DE ASSISTENCIA SOCIAL - FMAS;2.382;FORTALECIMENTO DAS ENTIDADES FILANTROPICAS;11;APOIO A ADMINISTRAÇAO PUBLICA;8;Assistência Social;244;Assistência Comunitária;985;4.4.90.52.00.00.00.00;EQUIPAMENTOS E MATERIAL PERMANENTE;1.660.000.0000;TRANSFERÊNCIA DE RECURSOS DO FUNDO NACIONAL DE ASSISTÊNCIA SOCIAL - FNAS;0,00
PREFEITURA MUNICIPAL DE BARBACENA;25.003;FUNDO MUNICIPAL DE ASSISTENCIA SOCIAL - FMAS;2.320;MANUTENÇAO DE CONSELHOS E CONFERENCIAS MUNICIPAIS - FMAS;55;FORTALECIMENTO DO CONTROLE SOCIAL;8;Assistência Social;122;Administração Geral;665;3.3.90.30.00.00.00.00;MATERIAL DE CONSUMO;1.660.000.0000;TRANSFERÊNCIA DE RECURSOS DO FUNDO NACIONAL DE ASSISTÊNCIA SOCIAL - FNAS;1.000,00
PREFEITURA MUNICIPAL DE BARBACENA;25.003;FUNDO MUNICIPAL DE ASSISTENCIA SOCIAL - FMAS;2.320;MANUTENÇAO DE CONSELHOS E CONFERENCIAS MUNICIPAIS - FMAS;55;FORTALECIMENTO DO CONTROLE SOCIAL;8;Assistência Social;122;Administração Geral;666;3.3.90.36.00.00.00.00;OUTROS SERVIÇOS DE TERCEIROS - PESSOA FÍSICA;1.660.000.0000;TRANSFERÊNCIA DE RECURSOS DO FUNDO NACIONAL DE ASSISTÊNCIA SOCIAL - FNAS;15.000,00
PREFEITURA MUNICIPAL DE BARBACENA;25.003;FUNDO MUNICIPAL DE ASSISTENCIA SOCIAL - FMAS;2.320;MANUTENÇAO DE CONSELHOS E CONFERENCIAS MUNICIPAIS - FMAS;55;FORTALECIMENTO DO CONTROLE SOCIAL;8;Assistência Social;122;Administração Geral;667;3.3.90.39.00.00.00.00;OUTROS SERVIÇOS DE TERCEIROS - PESSOA JURÍDICA;1.660.000.0000;TRANSFERÊNCIA DE RECURSOS DO FUNDO NACIONAL DE ASSISTÊNCIA SOCIAL - FNAS;1.000,00
PREFEITURA MUNICIPAL DE BARBACENA;25.003;FUNDO MUNICIPAL DE ASSISTENCIA SOCIAL - FMAS;2.320;MANUTENÇAO DE CONSELHOS E CONFERENCIAS MUNICIPAIS - FMAS;55;FORTALECIMENTO DO CONTROLE SOCIAL;8;Assistência Social;122;Administração Geral;668;4.4.90.52.00.00.00.00;EQUIPAMENTOS E MATERIAL PERMANENTE;1.660.000.0000;TRANSFERÊNCIA DE RECURSOS DO FUNDO NACIONAL DE ASSISTÊNCIA SOCIAL - FNAS;2.000,00
PREFEITURA MUNICIPAL DE BARBACENA;25.003;FUNDO MUNICIPAL DE ASSISTENCIA SOCIAL - FMAS;2.520;IMPLANTAÇAO E MANUTENÇAO DA SECRETARIA EXECUTIVA DO CONSELHO MUNICIPAL DE ASSISTENCIA SOCIAL;55;FORTALECIMENTO DO CONTROLE SOCIAL;8;Assistência Social;244;Assistência Comunitária;704;3.3.90.30.00.00.00.00;MATERIAL DE CONSUMO;1.500.000.0000;RECURSOS NÃO VINCULADOS DE IMPOSTOS;1.000,00
PREFEITURA MUNICIPAL DE BARBACENA;25.003;FUNDO MUNICIPAL DE ASSISTENCIA SOCIAL - FMAS;2.520;IMPLANTAÇAO E MANUTENÇAO DA SECRETARIA EXECUTIVA DO CONSELHO MUNICIPAL DE ASSISTENCIA SOCIAL;55;FORTALECIMENTO DO CONTROLE SOCIAL;8;Assistência Social;244;Assistência Comunitária;705;3.3.90.39.00.00.00.00;OUTROS SERVIÇOS DE TERCEIROS - PESSOA JURÍDICA;1.500.000.0000;RECURSOS NÃO VINCULADOS DE IMPOSTOS;1.000,00
PREFEITURA MUNICIPAL DE BARBACENA;25.003;FUNDO MUNICIPAL DE ASSISTENCIA SOCIAL - FMAS;2.520;IMPLANTAÇAO E MANUTENÇAO DA SECRETARIA EXECUTIVA DO CONSELHO MUNICIPAL DE ASSISTENCIA SOCIAL;55;FORTALECIMENTO DO CONTROLE SOCIAL;8;Assistência Social;244;Assistência Comunitária;706;4.4.90.52.00.00.00.00;EQUIPAMENTOS E MATERIAL PERMANENTE;1.500.000.0000;RECURSOS NÃO VINCULADOS DE IMPOSTOS;1.000,00
PREFEITURA MUNICIPAL DE BARBACENA;25.003;FUNDO MUNICIPAL DE ASSISTENCIA SOCIAL - FMAS;2.452;AMPLIAÇÃO DAS AÇÕES DA ASSOCIAÇÃO CRECHE-ESCOLA IRMÃO DO CAMINHO;56;PROTEÇÃO SOCIAL BÁSICA;8;Assistência Social;243;Assistência à Criança e ao Adolescente;684;3.3.50.43.00.00.00.00;SUBVENÇÕES SOCIAIS;1.501.000.0000;OUTROS RECURSOS NÃO VINCULADOS;24.752,21
PREFEITURA MUNICIPAL DE BARBACENA;25.003;FUNDO MUNICIPAL DE ASSISTENCIA SOCIAL - FMAS;2.521;MANUTENÇAO DO PROGRAMA PRIMEIRA INFANCIA;56;PROTEÇÃO SOCIAL BÁSICA;8;Assistência Social;243;Assistência à Criança e ao Adolescente;685;3.1.90.04.00.00.00.00;CONTRATAÇÃO POR TEMPO DETERMINADO;1.500.000.0000;RECURSOS NÃO VINCULADOS DE IMPOSTOS;107.195,34
PREFEITURA MUNICIPAL DE BARBACENA;25.003;FUNDO MUNICIPAL DE ASSISTENCIA SOCIAL - FMAS;2.521;MANUTENÇAO DO PROGRAMA PRIMEIRA INFANCIA;56;PROTEÇÃO SOCIAL BÁSICA;8;Assistência Social;243;Assistência à Criança e ao Adolescente;685;3.1.90.04.00.00.00.00;CONTRATAÇÃO POR TEMPO DETERMINADO;1.660.000.0000;TRANSFERÊNCIA DE RECURSOS DO FUNDO NACIONAL DE ASSISTÊNCIA SOCIAL - FNAS;20.000,00
PREFEITURA MUNICIPAL DE BARBACENA;25.003;FUNDO MUNICIPAL DE ASSISTENCIA SOCIAL - FMAS;2.521;MANUTENÇAO DO PROGRAMA PRIMEIRA INFANCIA;56;PROTEÇÃO SOCIAL BÁSICA;8;Assistência Social;243;Assistência à Criança e ao Adolescente;686;3.1.90.11.00.00.00.00;VENCIMENTOS E VANTAGENS FIXAS - PESSOAL CIVIL;1.660.000.0000;TRANSFERÊNCIA DE RECURSOS DO FUNDO NACIONAL DE ASSISTÊNCIA SOCIAL - FNAS;15.000,00
PREFEITURA MUNICIPAL DE BARBACENA;25.003;FUNDO MUNICIPAL DE ASSISTENCIA SOCIAL - FMAS;2.521;MANUTENÇAO DO PROGRAMA PRIMEIRA INFANCIA;56;PROTEÇÃO SOCIAL BÁSICA;8;Assistência Social;243;Assistência à Criança e ao Adolescente;687;3.1.90.13.00.00.00.00;OBRIGAÇÕES PATRONAIS;1.660.000.0000;TRANSFERÊNCIA DE RECURSOS DO FUNDO NACIONAL DE ASSISTÊNCIA SOCIAL - FNAS;8.000,00
PREFEITURA MUNICIPAL DE BARBACENA;25.003;FUNDO MUNICIPAL DE ASSISTENCIA SOCIAL - FMAS;2.521;MANUTENÇAO DO PROGRAMA PRIMEIRA INFANCIA;56;PROTEÇÃO SOCIAL BÁSICA;8;Assistência Social;243;Assistência à Criança e ao Adolescente;688;3.1.91.13.00.00.00.00;OBRIGAÇÕES PATRONAIS;1.660.000.0000;TRANSFERÊNCIA DE RECURSOS DO FUNDO NACIONAL DE ASSISTÊNCIA SOCIAL - FNAS;1.500,00
PREFEITURA MUNICIPAL DE BARBACENA;25.003;FUNDO MUNICIPAL DE ASSISTENCIA SOCIAL - FMAS;2.521;MANUTENÇAO DO PROGRAMA PRIMEIRA INFANCIA;56;PROTEÇÃO SOCIAL BÁSICA;8;Assistência Social;243;Assistência à Criança e ao Adolescente;689;3.3.90.08.00.00.00.00;OUTROS BENEFÍCIOS ASSISTENCIAIS-SERVIDOR/MILITAR;1.660.000.0000;TRANSFERÊNCIA DE RECURSOS DO FUNDO NACIONAL DE ASSISTÊNCIA SOCIAL - FNAS;2.500,00
PREFEITURA MUNICIPAL DE BARBACENA;25.003;FUNDO MUNICIPAL DE ASSISTENCIA SOCIAL - FMAS;2.521;MANUTENÇAO DO PROGRAMA PRIMEIRA INFANCIA;56;PROTEÇÃO SOCIAL BÁSICA;8;Assistência Social;243;Assistência à Criança e ao Adolescente;690;3.3.90.18.00.00.00.00;AUXÍLIO FINANCEIRO A ESTUDANTES;1.660.000.0000;TRANSFERÊNCIA DE RECURSOS DO FUNDO NACIONAL DE ASSISTÊNCIA SOCIAL - FNAS;1.000,00
PREFEITURA MUNICIPAL DE BARBACENA;25.003;FUNDO MUNICIPAL DE ASSISTENCIA SOCIAL - FMAS;2.521;MANUTENÇAO DO PROGRAMA PRIMEIRA INFANCIA;56;PROTEÇÃO SOCIAL BÁSICA;8;Assistência Social;243;Assistência à Criança e ao Adolescente;691;3.3.90.30.00.00.00.00;MATERIAL DE CONSUMO;1.500.000.0000;RECURSOS NÃO VINCULADOS DE IMPOSTOS;4.000,00
PREFEITURA MUNICIPAL DE BARBACENA;25.003;FUNDO MUNICIPAL DE ASSISTENCIA SOCIAL - FMAS;2.521;MANUTENÇAO DO PROGRAMA PRIMEIRA INFANCIA;56;PROTEÇÃO SOCIAL BÁSICA;8;Assistência Social;243;Assistência à Criança e ao Adolescente;692;3.3.90.39.00.00.00.00;OUTROS SERVIÇOS DE TERCEIROS - PESSOA JURÍDICA;1.500.000.0000;RECURSOS NÃO VINCULADOS DE IMPOSTOS;3.000,00
PREFEITURA MUNICIPAL DE BARBACENA;25.003;FUNDO MUNICIPAL DE ASSISTENCIA SOCIAL - FMAS;2.521;MANUTENÇAO DO PROGRAMA PRIMEIRA INFANCIA;56;PROTEÇÃO SOCIAL BÁSICA;8;Assistência Social;243;Assistência à Criança e ao Adolescente;692;3.3.90.39.00.00.00.00;OUTROS SERVIÇOS DE TERCEIROS - PESSOA JURÍDICA;2.660.000.0000;TRANSFERÊNCIA DE RECURSOS DO FUNDO NACIONAL DE ASSISTÊNCIA SOCIAL - FNAS;0,00
PREFEITURA MUNICIPAL DE BARBACENA;25.003;FUNDO MUNICIPAL DE ASSISTENCIA SOCIAL - FMAS;2.521;MANUTENÇAO DO PROGRAMA PRIMEIRA INFANCIA;56;PROTEÇÃO SOCIAL BÁSICA;8;Assistência Social;243;Assistência à Criança e ao Adolescente;693;3.3.90.46.00.00.00.00;AUXÍLIO-ALIMENTAÇÃO;1.500.000.0000;RECURSOS NÃO VINCULADOS DE IMPOSTOS;17.062,50
PREFEITURA MUNICIPAL DE BARBACENA;25.003;FUNDO MUNICIPAL DE ASSISTENCIA SOCIAL - FMAS;2.312;AMPLIAÇÃO BENEFICIOS EVENTUAIS;56;PROTEÇÃO SOCIAL BÁSICA;8;Assistência Social;244;Assistência Comunitária;707;3.3.90.32.00.00.00.00;MATERIAL, BEM OU SERVIÇO PARA DISTRIB. GRATUITA;1.500.000.0000;RECURSOS NÃO VINCULADOS DE IMPOSTOS;2.000,00
PREFEITURA MUNICIPAL DE BARBACENA;25.003;FUNDO MUNICIPAL DE ASSISTENCIA SOCIAL - FMAS;2.312;AMPLIAÇÃO BENEFICIOS EVENTUAIS;56;PROTEÇÃO SOCIAL BÁSICA;8;Assistência Social;244;Assistência Comunitária;707;3.3.90.32.00.00.00.00;MATERIAL, BEM OU SERVIÇO PARA DISTRIB. GRATUITA;1.501.000.0000;OUTROS RECURSOS NÃO VINCULADOS;203.320,00
PREFEITURA MUNICIPAL DE BARBACENA;25.003;FUNDO MUNICIPAL DE ASSISTENCIA SOCIAL - FMAS;2.312;AMPLIAÇÃO BENEFICIOS EVENTUAIS;56;PROTEÇÃO SOCIAL BÁSICA;8;Assistência Social;244;Assistência Comunitária;707;3.3.90.32.00.00.00.00;MATERIAL, BEM OU SERVIÇO PARA DISTRIB. GRATUITA;1.661.000.0000;TRANSFERÊNCIA DE RECURSOS DOS FUNDOS ESTADUAIS DE ASSISTÊNCIA SOCIAL;1.500,00
PREFEITURA MUNICIPAL DE BARBACENA;25.003;FUNDO MUNICIPAL DE ASSISTENCIA SOCIAL - FMAS;2.312;AMPLIAÇÃO BENEFICIOS EVENTUAIS;56;PROTEÇÃO SOCIAL BÁSICA;8;Assistência Social;244;Assistência Comunitária;707;3.3.90.32.00.00.00.00;MATERIAL, BEM OU SERVIÇO PARA DISTRIB. GRATUITA;2.661.000.0000;TRANSFERÊNCIA DE RECURSOS DOS FUNDOS ESTADUAIS DE ASSISTÊNCIA SOCIAL;0,00
PREFEITURA MUNICIPAL DE BARBACENA;25.003;FUNDO MUNICIPAL DE ASSISTENCIA SOCIAL - FMAS;2.312;AMPLIAÇÃO BENEFICIOS EVENTUAIS;56;PROTEÇÃO SOCIAL BÁSICA;8;Assistência Social;244;Assistência Comunitária;708;3.3.90.39.00.00.00.00;OUTROS SERVIÇOS DE TERCEIROS - PESSOA JURÍDICA;1.500.000.0000;RECURSOS NÃO VINCULADOS DE IMPOSTOS;2.000,00
PREFEITURA MUNICIPAL DE BARBACENA;25.003;FUNDO MUNICIPAL DE ASSISTENCIA SOCIAL - FMAS;2.312;AMPLIAÇÃO BENEFICIOS EVENTUAIS;56;PROTEÇÃO SOCIAL BÁSICA;8;Assistência Social;244;Assistência Comunitária;708;3.3.90.39.00.00.00.00;OUTROS SERVIÇOS DE TERCEIROS - PESSOA JURÍDICA;1.661.000.0000;TRANSFERÊNCIA DE RECURSOS DOS FUNDOS ESTADUAIS DE ASSISTÊNCIA SOCIAL;0,00
PREFEITURA MUNICIPAL DE BARBACENA;25.003;FUNDO MUNICIPAL DE ASSISTENCIA SOCIAL - FMAS;2.312;AMPLIAÇÃO BENEFICIOS EVENTUAIS;56;PROTEÇÃO SOCIAL BÁSICA;8;Assistência Social;244;Assistência Comunitária;708;3.3.90.39.00.00.00.00;OUTROS SERVIÇOS DE TERCEIROS - PESSOA JURÍDICA;2.661.000.0000;TRANSFERÊNCIA DE RECURSOS DOS FUNDOS ESTADUAIS DE ASSISTÊNCIA SOCIAL;0,00
PREFEITURA MUNICIPAL DE BARBACENA;25.003;FUNDO MUNICIPAL DE ASSISTENCIA SOCIAL - FMAS;2.312;AMPLIAÇÃO BENEFICIOS EVENTUAIS;56;PROTEÇÃO SOCIAL BÁSICA;8;Assistência Social;244;Assistência Comunitária;709;3.3.90.48.00.00.00.00;OUTROS AUXÍLIOS FINANCEIROS A PESSOAS FÍSICAS;1.500.000.0000;RECURSOS NÃO VINCULADOS DE IMPOSTOS;2.000,00
PREFEITURA MUNICIPAL DE BARBACENA;25.003;FUNDO MUNICIPAL DE ASSISTENCIA SOCIAL - FMAS;2.312;AMPLIAÇÃO BENEFICIOS EVENTUAIS;56;PROTEÇÃO SOCIAL BÁSICA;8;Assistência Social;244;Assistência Comunitária;709;3.3.90.48.00.00.00.00;OUTROS AUXÍLIOS FINANCEIROS A PESSOAS FÍSICAS;1.501.000.0000;OUTROS RECURSOS NÃO VINCULADOS;20.000,00
PREFEITURA MUNICIPAL DE BARBACENA;25.003;FUNDO MUNICIPAL DE ASSISTENCIA SOCIAL - FMAS;2.312;AMPLIAÇÃO BENEFICIOS EVENTUAIS;56;PROTEÇÃO SOCIAL BÁSICA;8;Assistência Social;244;Assistência Comunitária;709;3.3.90.48.00.00.00.00;OUTROS AUXÍLIOS FINANCEIROS A PESSOAS FÍSICAS;1.661.000.0000;TRANSFERÊNCIA DE RECURSOS DOS FUNDOS ESTADUAIS DE ASSISTÊNCIA SOCIAL;130.000,00
PREFEITURA MUNICIPAL DE BARBACENA;25.003;FUNDO MUNICIPAL DE ASSISTENCIA SOCIAL - FMAS;2.312;AMPLIAÇÃO BENEFICIOS EVENTUAIS;56;PROTEÇÃO SOCIAL BÁSICA;8;Assistência Social;244;Assistência Comunitária;709;3.3.90.48.00.00.00.00;OUTROS AUXÍLIOS FINANCEIROS A PESSOAS FÍSICAS;2.661.000.0000;TRANSFERÊNCIA DE RECURSOS DOS FUNDOS ESTADUAIS DE ASSISTÊNCIA SOCIAL;0,00
PREFEITURA MUNICIPAL DE BARBACENA;25.003;FUNDO MUNICIPAL DE ASSISTENCIA SOCIAL - FMAS;2.312;AMPLIAÇÃO BENEFICIOS EVENTUAIS;56;PROTEÇÃO SOCIAL BÁSICA;8;Assistência Social;244;Assistência Comunitária;710;3.3.90.93.00.00.00.00;INDENIZAÇÕES E RESTITUIÇÕES;1.500.000.0000;RECURSOS NÃO VINCULADOS DE IMPOSTOS;1.000,00
PREFEITURA MUNICIPAL DE BARBACENA;25.003;FUNDO MUNICIPAL DE ASSISTENCIA SOCIAL - FMAS;2.312;AMPLIAÇÃO BENEFICIOS EVENTUAIS;56;PROTEÇÃO SOCIAL BÁSICA;8;Assistência Social;244;Assistência Comunitária;710;3.3.90.93.00.00.00.00;INDENIZAÇÕES E RESTITUIÇÕES;1.661.000.0000;TRANSFERÊNCIA DE RECURSOS DOS FUNDOS ESTADUAIS DE ASSISTÊNCIA SOCIAL;2.000,00
PREFEITURA MUNICIPAL DE BARBACENA;25.003;FUNDO MUNICIPAL DE ASSISTENCIA SOCIAL - FMAS;2.313;SERVIÇO DE CONVIVENCIA E FORTALECIMENTO DE VINCULOS;56;PROTEÇÃO SOCIAL BÁSICA;8;Assistência Social;244;Assistência Comunitária;711;3.1.90.04.00.00.00.00;CONTRATAÇÃO POR TEMPO DETERMINADO;1.660.000.0000;TRANSFERÊNCIA DE RECURSOS DO FUNDO NACIONAL DE ASSISTÊNCIA SOCIAL - FNAS;1.500,00
PREFEITURA MUNICIPAL DE BARBACENA;25.003;FUNDO MUNICIPAL DE ASSISTENCIA SOCIAL - FMAS;2.313;SERVIÇO DE CONVIVENCIA E FORTALECIMENTO DE VINCULOS;56;PROTEÇÃO SOCIAL BÁSICA;8;Assistência Social;244;Assistência Comunitária;712;3.1.90.13.00.00.00.00;OBRIGAÇÕES PATRONAIS;1.660.000.0000;TRANSFERÊNCIA DE RECURSOS DO FUNDO NACIONAL DE ASSISTÊNCIA SOCIAL - FNAS;2.000,00
PREFEITURA MUNICIPAL DE BARBACENA;25.003;FUNDO MUNICIPAL DE ASSISTENCIA SOCIAL - FMAS;2.313;SERVIÇO DE CONVIVENCIA E FORTALECIMENTO DE VINCULOS;56;PROTEÇÃO SOCIAL BÁSICA;8;Assistência Social;244;Assistência Comunitária;713;3.3.90.18.00.00.00.00;AUXÍLIO FINANCEIRO A ESTUDANTES;1.660.000.0000;TRANSFERÊNCIA DE RECURSOS DO FUNDO NACIONAL DE ASSISTÊNCIA SOCIAL - FNAS;1.000,00
PREFEITURA MUNICIPAL DE BARBACENA;25.003;FUNDO MUNICIPAL DE ASSISTENCIA SOCIAL - FMAS;2.313;SERVIÇO DE CONVIVENCIA E FORTALECIMENTO DE VINCULOS;56;PROTEÇÃO SOCIAL BÁSICA;8;Assistência Social;244;Assistência Comunitária;714;3.3.90.30.00.00.00.00;MATERIAL DE CONSUMO;1.500.000.0000;RECURSOS NÃO VINCULADOS DE IMPOSTOS;2.000,00
PREFEITURA MUNICIPAL DE BARBACENA;25.003;FUNDO MUNICIPAL DE ASSISTENCIA SOCIAL - FMAS;2.313;SERVIÇO DE CONVIVENCIA E FORTALECIMENTO DE VINCULOS;56;PROTEÇÃO SOCIAL BÁSICA;8;Assistência Social;244;Assistência Comunitária;715;3.3.90.39.00.00.00.00;OUTROS SERVIÇOS DE TERCEIROS - PESSOA JURÍDICA;1.500.000.0000;RECURSOS NÃO VINCULADOS DE IMPOSTOS;5.000,00
PREFEITURA MUNICIPAL DE BARBACENA;25.003;FUNDO MUNICIPAL DE ASSISTENCIA SOCIAL - FMAS;2.313;SERVIÇO DE CONVIVENCIA E FORTALECIMENTO DE VINCULOS;56;PROTEÇÃO SOCIAL BÁSICA;8;Assistência Social;244;Assistência Comunitária;715;3.3.90.39.00.00.00.00;OUTROS SERVIÇOS DE TERCEIROS - PESSOA JURÍDICA;1.501.000.0000;OUTROS RECURSOS NÃO VINCULADOS;151.333,26
PREFEITURA MUNICIPAL DE BARBACENA;25.003;FUNDO MUNICIPAL DE ASSISTENCIA SOCIAL - FMAS;2.313;SERVIÇO DE CONVIVENCIA E FORTALECIMENTO DE VINCULOS;56;PROTEÇÃO SOCIAL BÁSICA;8;Assistência Social;244;Assistência Comunitária;715;3.3.90.39.00.00.00.00;OUTROS SERVIÇOS DE TERCEIROS - PESSOA JURÍDICA;1.660.000.0000;TRANSFERÊNCIA DE RECURSOS DO FUNDO NACIONAL DE ASSISTÊNCIA SOCIAL - FNAS;58.061,62
PREFEITURA MUNICIPAL DE BARBACENA;25.003;FUNDO MUNICIPAL DE ASSISTENCIA SOCIAL - FMAS;2.313;SERVIÇO DE CONVIVENCIA E FORTALECIMENTO DE VINCULOS;56;PROTEÇÃO SOCIAL BÁSICA;8;Assistência Social;244;Assistência Comunitária;715;3.3.90.39.00.00.00.00;OUTROS SERVIÇOS DE TERCEIROS - PESSOA JURÍDICA;2.660.000.0000;TRANSFERÊNCIA DE RECURSOS DO FUNDO NACIONAL DE ASSISTÊNCIA SOCIAL - FNAS;0,00
PREFEITURA MUNICIPAL DE BARBACENA;25.003;FUNDO MUNICIPAL DE ASSISTENCIA SOCIAL - FMAS;2.313;SERVIÇO DE CONVIVENCIA E FORTALECIMENTO DE VINCULOS;56;PROTEÇÃO SOCIAL BÁSICA;8;Assistência Social;244;Assistência Comunitária;716;3.3.90.48.00.00.00.00;OUTROS AUXÍLIOS FINANCEIROS A PESSOAS FÍSICAS;1.500.000.0000;RECURSOS NÃO VINCULADOS DE IMPOSTOS;2.500,00
PREFEITURA MUNICIPAL DE BARBACENA;25.003;FUNDO MUNICIPAL DE ASSISTENCIA SOCIAL - FMAS;2.319;MANUTENÇAO DE CRAS - PAIF;56;PROTEÇÃO SOCIAL BÁSICA;8;Assistência Social;244;Assistência Comunitária;717;3.1.90.04.00.00.00.00;CONTRATAÇÃO POR TEMPO DETERMINADO;1.500.000.0000;RECURSOS NÃO VINCULADOS DE IMPOSTOS;481.015,07
PREFEITURA MUNICIPAL DE BARBACENA;25.003;FUNDO MUNICIPAL DE ASSISTENCIA SOCIAL - FMAS;2.319;MANUTENÇAO DE CRAS - PAIF;56;PROTEÇÃO SOCIAL BÁSICA;8;Assistência Social;244;Assistência Comunitária;717;3.1.90.04.00.00.00.00;CONTRATAÇÃO POR TEMPO DETERMINADO;1.660.000.0000;TRANSFERÊNCIA DE RECURSOS DO FUNDO NACIONAL DE ASSISTÊNCIA SOCIAL - FNAS;45.000,02
PREFEITURA MUNICIPAL DE BARBACENA;25.003;FUNDO MUNICIPAL DE ASSISTENCIA SOCIAL - FMAS;2.319;MANUTENÇAO DE CRAS - PAIF;56;PROTEÇÃO SOCIAL BÁSICA;8;Assistência Social;244;Assistência Comunitária;717;3.1.90.04.00.00.00.00;CONTRATAÇÃO POR TEMPO DETERMINADO;1.661.000.0000;TRANSFERÊNCIA DE RECURSOS DOS FUNDOS ESTADUAIS DE ASSISTÊNCIA SOCIAL;86.000,00
PREFEITURA MUNICIPAL DE BARBACENA;25.003;FUNDO MUNICIPAL DE ASSISTENCIA SOCIAL - FMAS;2.319;MANUTENÇAO DE CRAS - PAIF;56;PROTEÇÃO SOCIAL BÁSICA;8;Assistência Social;244;Assistência Comunitária;717;3.1.90.04.00.00.00.00;CONTRATAÇÃO POR TEMPO DETERMINADO;2.660.000.0000;TRANSFERÊNCIA DE RECURSOS DO FUNDO NACIONAL DE ASSISTÊNCIA SOCIAL - FNAS;0,00
PREFEITURA MUNICIPAL DE BARBACENA;25.003;FUNDO MUNICIPAL DE ASSISTENCIA SOCIAL - FMAS;2.319;MANUTENÇAO DE CRAS - PAIF;56;PROTEÇÃO SOCIAL BÁSICA;8;Assistência Social;244;Assistência Comunitária;718;3.1.90.11.00.00.00.00;VENCIMENTOS E VANTAGENS FIXAS - PESSOAL CIVIL;1.500.000.0000;RECURSOS NÃO VINCULADOS DE IMPOSTOS;427.014,37
PREFEITURA MUNICIPAL DE BARBACENA;25.003;FUNDO MUNICIPAL DE ASSISTENCIA SOCIAL - FMAS;2.319;MANUTENÇAO DE CRAS - PAIF;56;PROTEÇÃO SOCIAL BÁSICA;8;Assistência Social;244;Assistência Comunitária;718;3.1.90.11.00.00.00.00;VENCIMENTOS E VANTAGENS FIXAS - PESSOAL CIVIL;1.660.000.0000;TRANSFERÊNCIA DE RECURSOS DO FUNDO NACIONAL DE ASSISTÊNCIA SOCIAL - FNAS;15.000,00
PREFEITURA MUNICIPAL DE BARBACENA;25.003;FUNDO MUNICIPAL DE ASSISTENCIA SOCIAL - FMAS;2.319;MANUTENÇAO DE CRAS - PAIF;56;PROTEÇÃO SOCIAL BÁSICA;8;Assistência Social;244;Assistência Comunitária;718;3.1.90.11.00.00.00.00;VENCIMENTOS E VANTAGENS FIXAS - PESSOAL CIVIL;1.661.000.0000;TRANSFERÊNCIA DE RECURSOS DOS FUNDOS ESTADUAIS DE ASSISTÊNCIA SOCIAL;5.000,00
PREFEITURA MUNICIPAL DE BARBACENA;25.003;FUNDO MUNICIPAL DE ASSISTENCIA SOCIAL - FMAS;2.319;MANUTENÇAO DE CRAS - PAIF;56;PROTEÇÃO SOCIAL BÁSICA;8;Assistência Social;244;Assistência Comunitária;718;3.1.90.11.00.00.00.00;VENCIMENTOS E VANTAGENS FIXAS - PESSOAL CIVIL;2.660.000.0000;TRANSFERÊNCIA DE RECURSOS DO FUNDO NACIONAL DE ASSISTÊNCIA SOCIAL - FNAS;0,00
PREFEITURA MUNICIPAL DE BARBACENA;25.003;FUNDO MUNICIPAL DE ASSISTENCIA SOCIAL - FMAS;2.319;MANUTENÇAO DE CRAS - PAIF;56;PROTEÇÃO SOCIAL BÁSICA;8;Assistência Social;244;Assistência Comunitária;719;3.1.90.13.00.00.00.00;OBRIGAÇÕES PATRONAIS;1.500.000.0000;RECURSOS NÃO VINCULADOS DE IMPOSTOS;2.000,00
PREFEITURA MUNICIPAL DE BARBACENA;25.003;FUNDO MUNICIPAL DE ASSISTENCIA SOCIAL - FMAS;2.319;MANUTENÇAO DE CRAS - PAIF;56;PROTEÇÃO SOCIAL BÁSICA;8;Assistência Social;244;Assistência Comunitária;719;3.1.90.13.00.00.00.00;OBRIGAÇÕES PATRONAIS;1.660.000.0000;TRANSFERÊNCIA DE RECURSOS DO FUNDO NACIONAL DE ASSISTÊNCIA SOCIAL - FNAS;5.000,00
PREFEITURA MUNICIPAL DE BARBACENA;25.003;FUNDO MUNICIPAL DE ASSISTENCIA SOCIAL - FMAS;2.319;MANUTENÇAO DE CRAS - PAIF;56;PROTEÇÃO SOCIAL BÁSICA;8;Assistência Social;244;Assistência Comunitária;719;3.1.90.13.00.00.00.00;OBRIGAÇÕES PATRONAIS;1.661.000.0000;TRANSFERÊNCIA DE RECURSOS DOS FUNDOS ESTADUAIS DE ASSISTÊNCIA SOCIAL;35.000,00
PREFEITURA MUNICIPAL DE BARBACENA;25.003;FUNDO MUNICIPAL DE ASSISTENCIA SOCIAL - FMAS;2.319;MANUTENÇAO DE CRAS - PAIF;56;PROTEÇÃO SOCIAL BÁSICA;8;Assistência Social;244;Assistência Comunitária;719;3.1.90.13.00.00.00.00;OBRIGAÇÕES PATRONAIS;2.660.000.0000;TRANSFERÊNCIA DE RECURSOS DO FUNDO NACIONAL DE ASSISTÊNCIA SOCIAL - FNAS;0,00
PREFEITURA MUNICIPAL DE BARBACENA;25.003;FUNDO MUNICIPAL DE ASSISTENCIA SOCIAL - FMAS;2.319;MANUTENÇAO DE CRAS - PAIF;56;PROTEÇÃO SOCIAL BÁSICA;8;Assistência Social;244;Assistência Comunitária;720;3.1.91.13.00.00.00.00;OBRIGAÇÕES PATRONAIS;1.500.000.0000;RECURSOS NÃO VINCULADOS DE IMPOSTOS;119.563,86
PREFEITURA MUNICIPAL DE BARBACENA;25.003;FUNDO MUNICIPAL DE ASSISTENCIA SOCIAL - FMAS;2.319;MANUTENÇAO DE CRAS - PAIF;56;PROTEÇÃO SOCIAL BÁSICA;8;Assistência Social;244;Assistência Comunitária;720;3.1.91.13.00.00.00.00;OBRIGAÇÕES PATRONAIS;1.660.000.0000;TRANSFERÊNCIA DE RECURSOS DO FUNDO NACIONAL DE ASSISTÊNCIA SOCIAL - FNAS;3.000,00
PREFEITURA MUNICIPAL DE BARBACENA;25.003;FUNDO MUNICIPAL DE ASSISTENCIA SOCIAL - FMAS;2.319;MANUTENÇAO DE CRAS - PAIF;56;PROTEÇÃO SOCIAL BÁSICA;8;Assistência Social;244;Assistência Comunitária;720;3.1.91.13.00.00.00.00;OBRIGAÇÕES PATRONAIS;1.661.000.0000;TRANSFERÊNCIA DE RECURSOS DOS FUNDOS ESTADUAIS DE ASSISTÊNCIA SOCIAL;5.000,00
PREFEITURA MUNICIPAL DE BARBACENA;25.003;FUNDO MUNICIPAL DE ASSISTENCIA SOCIAL - FMAS;2.319;MANUTENÇAO DE CRAS - PAIF;56;PROTEÇÃO SOCIAL BÁSICA;8;Assistência Social;244;Assistência Comunitária;720;3.1.91.13.00.00.00.00;OBRIGAÇÕES PATRONAIS;2.660.000.0000;TRANSFERÊNCIA DE RECURSOS DO FUNDO NACIONAL DE ASSISTÊNCIA SOCIAL - FNAS;0,00
PREFEITURA MUNICIPAL DE BARBACENA;25.003;FUNDO MUNICIPAL DE ASSISTENCIA SOCIAL - FMAS;2.319;MANUTENÇAO DE CRAS - PAIF;56;PROTEÇÃO SOCIAL BÁSICA;8;Assistência Social;244;Assistência Comunitária;721;3.1.91.92.00.00.00.00;DESPESAS DE EXERCÍCIOS ANTERIORES;1.660.000.0000;TRANSFERÊNCIA DE RECURSOS DO FUNDO NACIONAL DE ASSISTÊNCIA SOCIAL - FNAS;1.000,00
PREFEITURA MUNICIPAL DE BARBACENA;25.003;FUNDO MUNICIPAL DE ASSISTENCIA SOCIAL - FMAS;2.319;MANUTENÇAO DE CRAS - PAIF;56;PROTEÇÃO SOCIAL BÁSICA;8;Assistência Social;244;Assistência Comunitária;722;3.3.90.08.00.00.00.00;OUTROS BENEFÍCIOS ASSISTENCIAIS-SERVIDOR/MILITAR;1.660.000.0000;TRANSFERÊNCIA DE RECURSOS DO FUNDO NACIONAL DE ASSISTÊNCIA SOCIAL - FNAS;2.000,00
PREFEITURA MUNICIPAL DE BARBACENA;25.003;FUNDO MUNICIPAL DE ASSISTENCIA SOCIAL - FMAS;2.319;MANUTENÇAO DE CRAS - PAIF;56;PROTEÇÃO SOCIAL BÁSICA;8;Assistência Social;244;Assistência Comunitária;722;3.3.90.08.00.00.00.00;OUTROS BENEFÍCIOS ASSISTENCIAIS-SERVIDOR/MILITAR;1.661.000.0000;TRANSFERÊNCIA DE RECURSOS DOS FUNDOS ESTADUAIS DE ASSISTÊNCIA SOCIAL;2.000,00
PREFEITURA MUNICIPAL DE BARBACENA;25.003;FUNDO MUNICIPAL DE ASSISTENCIA SOCIAL - FMAS;2.319;MANUTENÇAO DE CRAS - PAIF;56;PROTEÇÃO SOCIAL BÁSICA;8;Assistência Social;244;Assistência Comunitária;722;3.3.90.08.00.00.00.00;OUTROS BENEFÍCIOS ASSISTENCIAIS-SERVIDOR/MILITAR;2.660.000.0000;TRANSFERÊNCIA DE RECURSOS DO FUNDO NACIONAL DE ASSISTÊNCIA SOCIAL - FNAS;0,00
PREFEITURA MUNICIPAL DE BARBACENA;25.003;FUNDO MUNICIPAL DE ASSISTENCIA SOCIAL - FMAS;2.319;MANUTENÇAO DE CRAS - PAIF;56;PROTEÇÃO SOCIAL BÁSICA;8;Assistência Social;244;Assistência Comunitária;723;3.3.90.14.00.00.00.00;DIÁRIAS - PESSOAL CIVIL;1.500.000.0000;RECURSOS NÃO VINCULADOS DE IMPOSTOS;2.000,00
PREFEITURA MUNICIPAL DE BARBACENA;25.003;FUNDO MUNICIPAL DE ASSISTENCIA SOCIAL - FMAS;2.319;MANUTENÇAO DE CRAS - PAIF;56;PROTEÇÃO SOCIAL BÁSICA;8;Assistência Social;244;Assistência Comunitária;723;3.3.90.14.00.00.00.00;DIÁRIAS - PESSOAL CIVIL;1.660.000.0000;TRANSFERÊNCIA DE RECURSOS DO FUNDO NACIONAL DE ASSISTÊNCIA SOCIAL - FNAS;1.000,00
PREFEITURA MUNICIPAL DE BARBACENA;25.003;FUNDO MUNICIPAL DE ASSISTENCIA SOCIAL - FMAS;2.319;MANUTENÇAO DE CRAS - PAIF;56;PROTEÇÃO SOCIAL BÁSICA;8;Assistência Social;244;Assistência Comunitária;723;3.3.90.14.00.00.00.00;DIÁRIAS - PESSOAL CIVIL;1.661.000.0000;TRANSFERÊNCIA DE RECURSOS DOS FUNDOS ESTADUAIS DE ASSISTÊNCIA SOCIAL;1.000,00
PREFEITURA MUNICIPAL DE BARBACENA;25.003;FUNDO MUNICIPAL DE ASSISTENCIA SOCIAL - FMAS;2.319;MANUTENÇAO DE CRAS - PAIF;56;PROTEÇÃO SOCIAL BÁSICA;8;Assistência Social;244;Assistência Comunitária;724;3.3.90.18.00.00.00.00;AUXÍLIO FINANCEIRO A ESTUDANTES;1.500.000.0000;RECURSOS NÃO VINCULADOS DE IMPOSTOS;1.000,00
PREFEITURA MUNICIPAL DE BARBACENA;25.003;FUNDO MUNICIPAL DE ASSISTENCIA SOCIAL - FMAS;2.319;MANUTENÇAO DE CRAS - PAIF;56;PROTEÇÃO SOCIAL BÁSICA;8;Assistência Social;244;Assistência Comunitária;724;3.3.90.18.00.00.00.00;AUXÍLIO FINANCEIRO A ESTUDANTES;1.660.000.0000;TRANSFERÊNCIA DE RECURSOS DO FUNDO NACIONAL DE ASSISTÊNCIA SOCIAL - FNAS;1.000,00
PREFEITURA MUNICIPAL DE BARBACENA;25.003;FUNDO MUNICIPAL DE ASSISTENCIA SOCIAL - FMAS;2.319;MANUTENÇAO DE CRAS - PAIF;56;PROTEÇÃO SOCIAL BÁSICA;8;Assistência Social;244;Assistência Comunitária;724;3.3.90.18.00.00.00.00;AUXÍLIO FINANCEIRO A ESTUDANTES;2.660.000.0000;TRANSFERÊNCIA DE RECURSOS DO FUNDO NACIONAL DE ASSISTÊNCIA SOCIAL - FNAS;0,00
PREFEITURA MUNICIPAL DE BARBACENA;25.003;FUNDO MUNICIPAL DE ASSISTENCIA SOCIAL - FMAS;2.319;MANUTENÇAO DE CRAS - PAIF;56;PROTEÇÃO SOCIAL BÁSICA;8;Assistência Social;244;Assistência Comunitária;725;3.3.90.30.00.00.00.00;MATERIAL DE CONSUMO;1.500.000.0000;RECURSOS NÃO VINCULADOS DE IMPOSTOS;2.000,00
PREFEITURA MUNICIPAL DE BARBACENA;25.003;FUNDO MUNICIPAL DE ASSISTENCIA SOCIAL - FMAS;2.319;MANUTENÇAO DE CRAS - PAIF;56;PROTEÇÃO SOCIAL BÁSICA;8;Assistência Social;244;Assistência Comunitária;725;3.3.90.30.00.00.00.00;MATERIAL DE CONSUMO;1.660.000.0000;TRANSFERÊNCIA DE RECURSOS DO FUNDO NACIONAL DE ASSISTÊNCIA SOCIAL - FNAS;45.000,00
PREFEITURA MUNICIPAL DE BARBACENA;25.003;FUNDO MUNICIPAL DE ASSISTENCIA SOCIAL - FMAS;2.319;MANUTENÇAO DE CRAS - PAIF;56;PROTEÇÃO SOCIAL BÁSICA;8;Assistência Social;244;Assistência Comunitária;725;3.3.90.30.00.00.00.00;MATERIAL DE CONSUMO;1.661.000.0000;TRANSFERÊNCIA DE RECURSOS DOS FUNDOS ESTADUAIS DE ASSISTÊNCIA SOCIAL;37.154,83
PREFEITURA MUNICIPAL DE BARBACENA;25.003;FUNDO MUNICIPAL DE ASSISTENCIA SOCIAL - FMAS;2.319;MANUTENÇAO DE CRAS - PAIF;56;PROTEÇÃO SOCIAL BÁSICA;8;Assistência Social;244;Assistência Comunitária;725;3.3.90.30.00.00.00.00;MATERIAL DE CONSUMO;2.660.000.0000;TRANSFERÊNCIA DE RECURSOS DO FUNDO NACIONAL DE ASSISTÊNCIA SOCIAL - FNAS;0,00
PREFEITURA MUNICIPAL DE BARBACENA;25.003;FUNDO MUNICIPAL DE ASSISTENCIA SOCIAL - FMAS;2.319;MANUTENÇAO DE CRAS - PAIF;56;PROTEÇÃO SOCIAL BÁSICA;8;Assistência Social;244;Assistência Comunitária;726;3.3.90.36.00.00.00.00;OUTROS SERVIÇOS DE TERCEIROS - PESSOA FÍSICA;1.500.000.0000;RECURSOS NÃO VINCULADOS DE IMPOSTOS;1.500,00
PREFEITURA MUNICIPAL DE BARBACENA;25.003;FUNDO MUNICIPAL DE ASSISTENCIA SOCIAL - FMAS;2.319;MANUTENÇAO DE CRAS - PAIF;56;PROTEÇÃO SOCIAL BÁSICA;8;Assistência Social;244;Assistência Comunitária;726;3.3.90.36.00.00.00.00;OUTROS SERVIÇOS DE TERCEIROS - PESSOA FÍSICA;1.660.000.0000;TRANSFERÊNCIA DE RECURSOS DO FUNDO NACIONAL DE ASSISTÊNCIA SOCIAL - FNAS;4.500,00
PREFEITURA MUNICIPAL DE BARBACENA;25.003;FUNDO MUNICIPAL DE ASSISTENCIA SOCIAL - FMAS;2.319;MANUTENÇAO DE CRAS - PAIF;56;PROTEÇÃO SOCIAL BÁSICA;8;Assistência Social;244;Assistência Comunitária;726;3.3.90.36.00.00.00.00;OUTROS SERVIÇOS DE TERCEIROS - PESSOA FÍSICA;1.661.000.0000;TRANSFERÊNCIA DE RECURSOS DOS FUNDOS ESTADUAIS DE ASSISTÊNCIA SOCIAL;1.000,00
PREFEITURA MUNICIPAL DE BARBACENA;25.003;FUNDO MUNICIPAL DE ASSISTENCIA SOCIAL - FMAS;2.319;MANUTENÇAO DE CRAS - PAIF;56;PROTEÇÃO SOCIAL BÁSICA;8;Assistência Social;244;Assistência Comunitária;727;3.3.90.39.00.00.00.00;OUTROS SERVIÇOS DE TERCEIROS - PESSOA JURÍDICA;1.500.000.0000;RECURSOS NÃO VINCULADOS DE IMPOSTOS;1.500,00
PREFEITURA MUNICIPAL DE BARBACENA;25.003;FUNDO MUNICIPAL DE ASSISTENCIA SOCIAL - FMAS;2.319;MANUTENÇAO DE CRAS - PAIF;56;PROTEÇÃO SOCIAL BÁSICA;8;Assistência Social;244;Assistência Comunitária;727;3.3.90.39.00.00.00.00;OUTROS SERVIÇOS DE TERCEIROS - PESSOA JURÍDICA;1.660.000.0000;TRANSFERÊNCIA DE RECURSOS DO FUNDO NACIONAL DE ASSISTÊNCIA SOCIAL - FNAS;45.000,00
PREFEITURA MUNICIPAL DE BARBACENA;25.003;FUNDO MUNICIPAL DE ASSISTENCIA SOCIAL - FMAS;2.319;MANUTENÇAO DE CRAS - PAIF;56;PROTEÇÃO SOCIAL BÁSICA;8;Assistência Social;244;Assistência Comunitária;727;3.3.90.39.00.00.00.00;OUTROS SERVIÇOS DE TERCEIROS - PESSOA JURÍDICA;1.661.000.0000;TRANSFERÊNCIA DE RECURSOS DOS FUNDOS ESTADUAIS DE ASSISTÊNCIA SOCIAL;25.000,00
PREFEITURA MUNICIPAL DE BARBACENA;25.003;FUNDO MUNICIPAL DE ASSISTENCIA SOCIAL - FMAS;2.319;MANUTENÇAO DE CRAS - PAIF;56;PROTEÇÃO SOCIAL BÁSICA;8;Assistência Social;244;Assistência Comunitária;728;3.3.90.46.00.00.00.00;AUXÍLIO-ALIMENTAÇÃO;1.500.000.0000;RECURSOS NÃO VINCULADOS DE IMPOSTOS;6.142,50
PREFEITURA MUNICIPAL DE BARBACENA;25.003;FUNDO MUNICIPAL DE ASSISTENCIA SOCIAL - FMAS;2.319;MANUTENÇAO DE CRAS - PAIF;56;PROTEÇÃO SOCIAL BÁSICA;8;Assistência Social;244;Assistência Comunitária;728;3.3.90.46.00.00.00.00;AUXÍLIO-ALIMENTAÇÃO;1.660.000.0000;TRANSFERÊNCIA DE RECURSOS DO FUNDO NACIONAL DE ASSISTÊNCIA SOCIAL - FNAS;0,00
PREFEITURA MUNICIPAL DE BARBACENA;25.003;FUNDO MUNICIPAL DE ASSISTENCIA SOCIAL - FMAS;2.319;MANUTENÇAO DE CRAS - PAIF;56;PROTEÇÃO SOCIAL BÁSICA;8;Assistência Social;244;Assistência Comunitária;728;3.3.90.46.00.00.00.00;AUXÍLIO-ALIMENTAÇÃO;2.660.000.0000;TRANSFERÊNCIA DE RECURSOS DO FUNDO NACIONAL DE ASSISTÊNCIA SOCIAL - FNAS;0,00
PREFEITURA MUNICIPAL DE BARBACENA;25.003;FUNDO MUNICIPAL DE ASSISTENCIA SOCIAL - FMAS;2.319;MANUTENÇAO DE CRAS - PAIF;56;PROTEÇÃO SOCIAL BÁSICA;8;Assistência Social;244;Assistência Comunitária;729;4.4.90.51.00.00.00.00;OBRAS E INSTALAÇÕES;1.500.000.0000;RECURSOS NÃO VINCULADOS DE IMPOSTOS;15.000,00
PREFEITURA MUNICIPAL DE BARBACENA;25.003;FUNDO MUNICIPAL DE ASSISTENCIA SOCIAL - FMAS;2.319;MANUTENÇAO DE CRAS - PAIF;56;PROTEÇÃO SOCIAL BÁSICA;8;Assistência Social;244;Assistência Comunitária;729;4.4.90.51.00.00.00.00;OBRAS E INSTALAÇÕES;1.660.000.0000;TRANSFERÊNCIA DE RECURSOS DO FUNDO NACIONAL DE ASSISTÊNCIA SOCIAL - FNAS;35.000,00
PREFEITURA MUNICIPAL DE BARBACENA;25.003;FUNDO MUNICIPAL DE ASSISTENCIA SOCIAL - FMAS;2.319;MANUTENÇAO DE CRAS - PAIF;56;PROTEÇÃO SOCIAL BÁSICA;8;Assistência Social;244;Assistência Comunitária;729;4.4.90.51.00.00.00.00;OBRAS E INSTALAÇÕES;1.661.000.0000;TRANSFERÊNCIA DE RECURSOS DOS FUNDOS ESTADUAIS DE ASSISTÊNCIA SOCIAL;1.000,00
PREFEITURA MUNICIPAL DE BARBACENA;25.003;FUNDO MUNICIPAL DE ASSISTENCIA SOCIAL - FMAS;2.319;MANUTENÇAO DE CRAS - PAIF;56;PROTEÇÃO SOCIAL BÁSICA;8;Assistência Social;244;Assistência Comunitária;730;4.4.90.52.00.00.00.00;EQUIPAMENTOS E MATERIAL PERMANENTE;1.500.000.0000;RECURSOS NÃO VINCULADOS DE IMPOSTOS;3.000,00
PREFEITURA MUNICIPAL DE BARBACENA;25.003;FUNDO MUNICIPAL DE ASSISTENCIA SOCIAL - FMAS;2.319;MANUTENÇAO DE CRAS - PAIF;56;PROTEÇÃO SOCIAL BÁSICA;8;Assistência Social;244;Assistência Comunitária;730;4.4.90.52.00.00.00.00;EQUIPAMENTOS E MATERIAL PERMANENTE;1.501.000.0000;OUTROS RECURSOS NÃO VINCULADOS;40.000,00
PREFEITURA MUNICIPAL DE BARBACENA;25.003;FUNDO MUNICIPAL DE ASSISTENCIA SOCIAL - FMAS;2.319;MANUTENÇAO DE CRAS - PAIF;56;PROTEÇÃO SOCIAL BÁSICA;8;Assistência Social;244;Assistência Comunitária;730;4.4.90.52.00.00.00.00;EQUIPAMENTOS E MATERIAL PERMANENTE;1.660.000.0000;TRANSFERÊNCIA DE RECURSOS DO FUNDO NACIONAL DE ASSISTÊNCIA SOCIAL - FNAS;8.000,00
PREFEITURA MUNICIPAL DE BARBACENA;25.003;FUNDO MUNICIPAL DE ASSISTENCIA SOCIAL - FMAS;2.319;MANUTENÇAO DE CRAS - PAIF;56;PROTEÇÃO SOCIAL BÁSICA;8;Assistência Social;244;Assistência Comunitária;730;4.4.90.52.00.00.00.00;EQUIPAMENTOS E MATERIAL PERMANENTE;2.660.000.0000;TRANSFERÊNCIA DE RECURSOS DO FUNDO NACIONAL DE ASSISTÊNCIA SOCIAL - FNAS;0,00
PREFEITURA MUNICIPAL DE BARBACENA;25.003;FUNDO MUNICIPAL DE ASSISTENCIA SOCIAL - FMAS;2.386;CRIAÇÃO, IMPLANTAÇÃO E MANUTENÇÃO CRAS SANTA MARIA, CRAS FARIA E CRAS ZONA RURAL;56;PROTEÇÃO SOCIAL BÁSICA;8;Assistência Social;244;Assistência Comunitária;731;3.3.90.30.00.00.00.00;MATERIAL DE CONSUMO;1.500.000.0000;RECURSOS NÃO VINCULADOS DE IMPOSTOS;2.500,00
PREFEITURA MUNICIPAL DE BARBACENA;25.003;FUNDO MUNICIPAL DE ASSISTENCIA SOCIAL - FMAS;2.386;CRIAÇÃO, IMPLANTAÇÃO E MANUTENÇÃO CRAS SANTA MARIA, CRAS FARIA E CRAS ZONA RURAL;56;PROTEÇÃO SOCIAL BÁSICA;8;Assistência Social;244;Assistência Comunitária;731;3.3.90.30.00.00.00.00;MATERIAL DE CONSUMO;1.660.000.0000;TRANSFERÊNCIA DE RECURSOS DO FUNDO NACIONAL DE ASSISTÊNCIA SOCIAL - FNAS;4.000,00
PREFEITURA MUNICIPAL DE BARBACENA;25.003;FUNDO MUNICIPAL DE ASSISTENCIA SOCIAL - FMAS;2.386;CRIAÇÃO, IMPLANTAÇÃO E MANUTENÇÃO CRAS SANTA MARIA, CRAS FARIA E CRAS ZONA RURAL;56;PROTEÇÃO SOCIAL BÁSICA;8;Assistência Social;244;Assistência Comunitária;732;3.3.90.39.00.00.00.00;OUTROS SERVIÇOS DE TERCEIROS - PESSOA JURÍDICA;1.501.000.0000;OUTROS RECURSOS NÃO VINCULADOS;5.000,00
PREFEITURA MUNICIPAL DE BARBACENA;25.003;FUNDO MUNICIPAL DE ASSISTENCIA SOCIAL - FMAS;2.386;CRIAÇÃO, IMPLANTAÇÃO E MANUTENÇÃO CRAS SANTA MARIA, CRAS FARIA E CRAS ZONA RURAL;56;PROTEÇÃO SOCIAL BÁSICA;8;Assistência Social;244;Assistência Comunitária;733;4.4.90.51.00.00.00.00;OBRAS E INSTALAÇÕES;1.660.000.0000;TRANSFERÊNCIA DE RECURSOS DO FUNDO NACIONAL DE ASSISTÊNCIA SOCIAL - FNAS;35.000,00
PREFEITURA MUNICIPAL DE BARBACENA;25.003;FUNDO MUNICIPAL DE ASSISTENCIA SOCIAL - FMAS;2.386;CRIAÇÃO, IMPLANTAÇÃO E MANUTENÇÃO CRAS SANTA MARIA, CRAS FARIA E CRAS ZONA RURAL;56;PROTEÇÃO SOCIAL BÁSICA;8;Assistência Social;244;Assistência Comunitária;734;4.4.90.52.00.00.00.00;EQUIPAMENTOS E MATERIAL PERMANENTE;1.660.000.0000;TRANSFERÊNCIA DE RECURSOS DO FUNDO NACIONAL DE ASSISTÊNCIA SOCIAL - FNAS;10.000,00
PREFEITURA MUNICIPAL DE BARBACENA;25.003;FUNDO MUNICIPAL DE ASSISTENCIA SOCIAL - FMAS;2.387;PROGRAMA OPERAÇÃO ACOLHIDA;56;PROTEÇÃO SOCIAL BÁSICA;8;Assistência Social;244;Assistência Comunitária;735;3.3.90.30.00.00.00.00;MATERIAL DE CONSUMO;1.500.000.0000;RECURSOS NÃO VINCULADOS DE IMPOSTOS;2.500,00
PREFEITURA MUNICIPAL DE BARBACENA;25.003;FUNDO MUNICIPAL DE ASSISTENCIA SOCIAL - FMAS;2.387;PROGRAMA OPERAÇÃO ACOLHIDA;56;PROTEÇÃO SOCIAL BÁSICA;8;Assistência Social;244;Assistência Comunitária;735;3.3.90.30.00.00.00.00;MATERIAL DE CONSUMO;1.660.000.0000;TRANSFERÊNCIA DE RECURSOS DO FUNDO NACIONAL DE ASSISTÊNCIA SOCIAL - FNAS;3.000,00
PREFEITURA MUNICIPAL DE BARBACENA;25.003;FUNDO MUNICIPAL DE ASSISTENCIA SOCIAL - FMAS;2.387;PROGRAMA OPERAÇÃO ACOLHIDA;56;PROTEÇÃO SOCIAL BÁSICA;8;Assistência Social;244;Assistência Comunitária;736;3.3.90.39.00.00.00.00;OUTROS SERVIÇOS DE TERCEIROS - PESSOA JURÍDICA;1.660.000.0000;TRANSFERÊNCIA DE RECURSOS DO FUNDO NACIONAL DE ASSISTÊNCIA SOCIAL - FNAS;2.500,00
PREFEITURA MUNICIPAL DE BARBACENA;25.003;FUNDO MUNICIPAL DE ASSISTENCIA SOCIAL - FMAS;2.389;PROGRAMA PROGREDIR;56;PROTEÇÃO SOCIAL BÁSICA;8;Assistência Social;244;Assistência Comunitária;737;3.3.90.30.00.00.00.00;MATERIAL DE CONSUMO;1.500.000.0000;RECURSOS NÃO VINCULADOS DE IMPOSTOS;1.500,00
PREFEITURA MUNICIPAL DE BARBACENA;25.003;FUNDO MUNICIPAL DE ASSISTENCIA SOCIAL - FMAS;2.389;PROGRAMA PROGREDIR;56;PROTEÇÃO SOCIAL BÁSICA;8;Assistência Social;244;Assistência Comunitária;737;3.3.90.30.00.00.00.00;MATERIAL DE CONSUMO;1.660.000.0000;TRANSFERÊNCIA DE RECURSOS DO FUNDO NACIONAL DE ASSISTÊNCIA SOCIAL - FNAS;3.000,00
PREFEITURA MUNICIPAL DE BARBACENA;25.003;FUNDO MUNICIPAL DE ASSISTENCIA SOCIAL - FMAS;2.389;PROGRAMA PROGREDIR;56;PROTEÇÃO SOCIAL BÁSICA;8;Assistência Social;244;Assistência Comunitária;738;3.3.90.39.00.00.00.00;OUTROS SERVIÇOS DE TERCEIROS - PESSOA JURÍDICA;1.660.000.0000;TRANSFERÊNCIA DE RECURSOS DO FUNDO NACIONAL DE ASSISTÊNCIA SOCIAL - FNAS;2.500,00
PREFEITURA MUNICIPAL DE BARBACENA;25.003;FUNDO MUNICIPAL DE ASSISTENCIA SOCIAL - FMAS;2.390;PROGRAMA RECOMEÇO;56;PROTEÇÃO SOCIAL BÁSICA;8;Assistência Social;244;Assistência Comunitária;739;3.3.90.30.00.00.00.00;MATERIAL DE CONSUMO;1.500.000.0000;RECURSOS NÃO VINCULADOS DE IMPOSTOS;1.000,00
PREFEITURA MUNICIPAL DE BARBACENA;25.003;FUNDO MUNICIPAL DE ASSISTENCIA SOCIAL - FMAS;2.390;PROGRAMA RECOMEÇO;56;PROTEÇÃO SOCIAL BÁSICA;8;Assistência Social;244;Assistência Comunitária;739;3.3.90.30.00.00.00.00;MATERIAL DE CONSUMO;1.660.000.0000;TRANSFERÊNCIA DE RECURSOS DO FUNDO NACIONAL DE ASSISTÊNCIA SOCIAL - FNAS;4.000,00
PREFEITURA MUNICIPAL DE BARBACENA;25.003;FUNDO MUNICIPAL DE ASSISTENCIA SOCIAL - FMAS;2.390;PROGRAMA RECOMEÇO;56;PROTEÇÃO SOCIAL BÁSICA;8;Assistência Social;244;Assistência Comunitária;740;3.3.90.39.00.00.00.00;OUTROS SERVIÇOS DE TERCEIROS - PESSOA JURÍDICA;1.660.000.0000;TRANSFERÊNCIA DE RECURSOS DO FUNDO NACIONAL DE ASSISTÊNCIA SOCIAL - FNAS;3.500,00
PREFEITURA MUNICIPAL DE BARBACENA;25.003;FUNDO MUNICIPAL DE ASSISTENCIA SOCIAL - FMAS;2.395;PROGRAMA VIDA EM REDE;56;PROTEÇÃO SOCIAL BÁSICA;8;Assistência Social;244;Assistência Comunitária;741;3.3.90.30.00.00.00.00;MATERIAL DE CONSUMO;1.500.000.0000;RECURSOS NÃO VINCULADOS DE IMPOSTOS;1.000,00
PREFEITURA MUNICIPAL DE BARBACENA;25.003;FUNDO MUNICIPAL DE ASSISTENCIA SOCIAL - FMAS;2.395;PROGRAMA VIDA EM REDE;56;PROTEÇÃO SOCIAL BÁSICA;8;Assistência Social;244;Assistência Comunitária;742;3.3.90.39.00.00.00.00;OUTROS SERVIÇOS DE TERCEIROS - PESSOA JURÍDICA;1.500.000.0000;RECURSOS NÃO VINCULADOS DE IMPOSTOS;1.500,00
PREFEITURA MUNICIPAL DE BARBACENA;25.003;FUNDO MUNICIPAL DE ASSISTENCIA SOCIAL - FMAS;2.397;PROGRAMA MEU EMPREGO;56;PROTEÇÃO SOCIAL BÁSICA;8;Assistência Social;244;Assistência Comunitária;743;3.3.90.30.00.00.00.00;MATERIAL DE CONSUMO;1.500.000.0000;RECURSOS NÃO VINCULADOS DE IMPOSTOS;2.500,00
PREFEITURA MUNICIPAL DE BARBACENA;25.003;FUNDO MUNICIPAL DE ASSISTENCIA SOCIAL - FMAS;2.397;PROGRAMA MEU EMPREGO;56;PROTEÇÃO SOCIAL BÁSICA;8;Assistência Social;244;Assistência Comunitária;744;3.3.90.39.00.00.00.00;OUTROS SERVIÇOS DE TERCEIROS - PESSOA JURÍDICA;1.500.000.0000;RECURSOS NÃO VINCULADOS DE IMPOSTOS;1.000,00
PREFEITURA MUNICIPAL DE BARBACENA;25.003;FUNDO MUNICIPAL DE ASSISTENCIA SOCIAL - FMAS;2.451;AMPLIAÇÃO DAS AÇÕES DA AMAB;56;PROTEÇÃO SOCIAL BÁSICA;8;Assistência Social;244;Assistência Comunitária;745;3.3.50.43.00.00.00.00;SUBVENÇÕES SOCIAIS;1.501.000.0000;OUTROS RECURSOS NÃO VINCULADOS;24.752,21
PREFEITURA MUNICIPAL DE BARBACENA;25.003;FUNDO MUNICIPAL DE ASSISTENCIA SOCIAL - FMAS;2.453;AMPLIAÇÃO DAS AÇÕES DAS OBRAS SOCIAIS DE NOSSA SENHORA DE FÁTIMA;56;PROTEÇÃO SOCIAL BÁSICA;8;Assistência Social;244;Assistência Comunitária;746;3.3.50.43.00.00.00.00;SUBVENÇÕES SOCIAIS;1.501.000.0000;OUTROS RECURSOS NÃO VINCULADOS;49.504,41
PREFEITURA MUNICIPAL DE BARBACENA;25.003;FUNDO MUNICIPAL DE ASSISTENCIA SOCIAL - FMAS;2.454;AMPLIAÇÃO DAS AÇÕES DAS OBRAS SOCIAIS SANTO ANTÔNIO;56;PROTEÇÃO SOCIAL BÁSICA;8;Assistência Social;244;Assistência Comunitária;747;3.3.50.43.00.00.00.00;SUBVENÇÕES SOCIAIS;1.501.000.0000;OUTROS RECURSOS NÃO VINCULADOS;49.504,41
PREFEITURA MUNICIPAL DE BARBACENA;25.003;FUNDO MUNICIPAL DE ASSISTENCIA SOCIAL - FMAS;2.454;AMPLIAÇÃO DAS AÇÕES DAS OBRAS SOCIAIS SANTO ANTÔNIO;56;PROTEÇÃO SOCIAL BÁSICA;8;Assistência Social;244;Assistência Comunitária;959;4.4.50.41.00.00.00.00;CONTRIBUIÇÕES;1.501.000.0000;OUTROS RECURSOS NÃO VINCULADOS;0,00
PREFEITURA MUNICIPAL DE BARBACENA;25.003;FUNDO MUNICIPAL DE ASSISTENCIA SOCIAL - FMAS;2.455;AMPLIAÇÃO DAS AÇÕES DO CORAL ARAUJO DE BARBACENA CAB;56;PROTEÇÃO SOCIAL BÁSICA;8;Assistência Social;244;Assistência Comunitária;748;3.3.50.43.00.00.00.00;SUBVENÇÕES SOCIAIS;1.501.000.0000;OUTROS RECURSOS NÃO VINCULADOS;24.752,21
PREFEITURA MUNICIPAL DE BARBACENA;25.003;FUNDO MUNICIPAL DE ASSISTENCIA SOCIAL - FMAS;2.455;AMPLIAÇÃO DAS AÇÕES DO CORAL ARAUJO DE BARBACENA CAB;56;PROTEÇÃO SOCIAL BÁSICA;8;Assistência Social;244;Assistência Comunitária;960;4.4.50.41.00.00.00.00;CONTRIBUIÇÕES;1.501.000.0000;OUTROS RECURSOS NÃO VINCULADOS;0,00
PREFEITURA MUNICIPAL DE BARBACENA;25.003;FUNDO MUNICIPAL DE ASSISTENCIA SOCIAL - FMAS;2.459;APOIO A ASSOCIAÇÃO DE MÃES E AMIGOS DO AUTISTA DE BARBACENA - AMAB;56;PROTEÇÃO SOCIAL BÁSICA;8;Assistência Social;244;Assistência Comunitária;749;3.3.50.43.00.00.00.00;SUBVENÇÕES SOCIAIS;1.500.000.0000;RECURSOS NÃO VINCULADOS DE IMPOSTOS;53.316,37
PREFEITURA MUNICIPAL DE BARBACENA;25.003;FUNDO MUNICIPAL DE ASSISTENCIA SOCIAL - FMAS;2.459;APOIO A ASSOCIAÇÃO DE MÃES E AMIGOS DO AUTISTA DE BARBACENA - AMAB;56;PROTEÇÃO SOCIAL BÁSICA;8;Assistência Social;244;Assistência Comunitária;749;3.3.50.43.00.00.00.00;SUBVENÇÕES SOCIAIS;1.501.000.0000;OUTROS RECURSOS NÃO VINCULADOS;283.265,45
PREFEITURA MUNICIPAL DE BARBACENA;25.003;FUNDO MUNICIPAL DE ASSISTENCIA SOCIAL - FMAS;2.459;APOIO A ASSOCIAÇÃO DE MÃES E AMIGOS DO AUTISTA DE BARBACENA - AMAB;56;PROTEÇÃO SOCIAL BÁSICA;8;Assistência Social;244;Assistência Comunitária;961;3.3.50.41.00.00.00.00;CONTRIBUIÇÕES;1.500.000.0000;RECURSOS NÃO VINCULADOS DE IMPOSTOS;0,00
PREFEITURA MUNICIPAL DE BARBACENA;25.003;FUNDO MUNICIPAL DE ASSISTENCIA SOCIAL - FMAS;2.459;APOIO A ASSOCIAÇÃO DE MÃES E AMIGOS DO AUTISTA DE BARBACENA - AMAB;56;PROTEÇÃO SOCIAL BÁSICA;8;Assistência Social;244;Assistência Comunitária;961;3.3.50.41.00.00.00.00;CONTRIBUIÇÕES;1.501.000.0000;OUTROS RECURSOS NÃO VINCULADOS;0,00
PREFEITURA MUNICIPAL DE BARBACENA;25.003;FUNDO MUNICIPAL DE ASSISTENCIA SOCIAL - FMAS;2.461;APOIO A ASSOCIAÇÃO SÃO MIGUEL ARCANJO;56;PROTEÇÃO SOCIAL BÁSICA;8;Assistência Social;244;Assistência Comunitária;750;3.3.50.43.00.00.00.00;SUBVENÇÕES SOCIAIS;1.501.000.0000;OUTROS RECURSOS NÃO VINCULADOS;0,00
PREFEITURA MUNICIPAL DE BARBACENA;25.003;FUNDO MUNICIPAL DE ASSISTENCIA SOCIAL - FMAS;2.461;APOIO A ASSOCIAÇÃO SÃO MIGUEL ARCANJO;56;PROTEÇÃO SOCIAL BÁSICA;8;Assistência Social;244;Assistência Comunitária;750;3.3.50.43.00.00.00.00;SUBVENÇÕES SOCIAIS;1.660.000.0000;TRANSFERÊNCIA DE RECURSOS DO FUNDO NACIONAL DE ASSISTÊNCIA SOCIAL - FNAS;94.421,34
PREFEITURA MUNICIPAL DE BARBACENA;25.003;FUNDO MUNICIPAL DE ASSISTENCIA SOCIAL - FMAS;2.472;AQUISIÇÃO DE MATERIAIS PSICOPEDAGÓGICOS PARA A ASSOCIAÇÃO DAS MÃES DOS AUTISTAS DE BARBACENA – AMAB;56;PROTEÇÃO SOCIAL BÁSICA;8;Assistência Social;244;Assistência Comunitária;751;3.3.50.43.00.00.00.00;SUBVENÇÕES SOCIAIS;1.501.000.0000;OUTROS RECURSOS NÃO VINCULADOS;33.265,45
PREFEITURA MUNICIPAL DE BARBACENA;25.003;FUNDO MUNICIPAL DE ASSISTENCIA SOCIAL - FMAS;2.472;AQUISIÇÃO DE MATERIAIS PSICOPEDAGÓGICOS PARA A ASSOCIAÇÃO DAS MÃES DOS AUTISTAS DE BARBACENA – AMAB;56;PROTEÇÃO SOCIAL BÁSICA;8;Assistência Social;244;Assistência Comunitária;969;3.3.50.41.00.00.00.00;CONTRIBUIÇÕES;1.501.000.0000;OUTROS RECURSOS NÃO VINCULADOS;0,00
PREFEITURA MUNICIPAL DE BARBACENA;25.003;FUNDO MUNICIPAL DE ASSISTENCIA SOCIAL - FMAS;2.472;AQUISIÇÃO DE MATERIAIS PSICOPEDAGÓGICOS PARA A ASSOCIAÇÃO DAS MÃES DOS AUTISTAS DE BARBACENA – AMAB;56;PROTEÇÃO SOCIAL BÁSICA;8;Assistência Social;244;Assistência Comunitária;970;4.4.50.41.00.00.00.00;CONTRIBUIÇÕES;1.501.000.0000;OUTROS RECURSOS NÃO VINCULADOS;0,00
PREFEITURA MUNICIPAL DE BARBACENA;25.003;FUNDO MUNICIPAL DE ASSISTENCIA SOCIAL - FMAS;2.608;CONTRATOS E PARCERIAS COM ENTIDADES DE ASSISTENCIA SOCIAL;56;PROTEÇÃO SOCIAL BÁSICA;8;Assistência Social;244;Assistência Comunitária;752;3.3.50.43.00.00.00.00;SUBVENÇÕES SOCIAIS;1.500.000.0000;RECURSOS NÃO VINCULADOS DE IMPOSTOS;0,00
PREFEITURA MUNICIPAL DE BARBACENA;25.003;FUNDO MUNICIPAL DE ASSISTENCIA SOCIAL - FMAS;2.608;CONTRATOS E PARCERIAS COM ENTIDADES DE ASSISTENCIA SOCIAL;56;PROTEÇÃO SOCIAL BÁSICA;8;Assistência Social;244;Assistência Comunitária;752;3.3.50.43.00.00.00.00;SUBVENÇÕES SOCIAIS;1.501.000.0000;OUTROS RECURSOS NÃO VINCULADOS;273.509,83
PREFEITURA MUNICIPAL DE BARBACENA;25.003;FUNDO MUNICIPAL DE ASSISTENCIA SOCIAL - FMAS;2.608;CONTRATOS E PARCERIAS COM ENTIDADES DE ASSISTENCIA SOCIAL;56;PROTEÇÃO SOCIAL BÁSICA;8;Assistência Social;244;Assistência Comunitária;752;3.3.50.43.00.00.00.00;SUBVENÇÕES SOCIAIS;2.753.000.0000;RECURSOS PROVENIENTES DE TAXAS, CONTRIBUIÇÕES E PREÇOS PÚBLICOS;0,00
PREFEITURA MUNICIPAL DE BARBACENA;25.003;FUNDO MUNICIPAL DE ASSISTENCIA SOCIAL - FMAS;2.608;CONTRATOS E PARCERIAS COM ENTIDADES DE ASSISTENCIA SOCIAL;56;PROTEÇÃO SOCIAL BÁSICA;8;Assistência Social;244;Assistência Comunitária;753;3.3.90.39.00.00.00.00;OUTROS SERVIÇOS DE TERCEIROS - PESSOA JURÍDICA;1.500.000.0000;RECURSOS NÃO VINCULADOS DE IMPOSTOS;5.000,00
PREFEITURA MUNICIPAL DE BARBACENA;25.003;FUNDO MUNICIPAL DE ASSISTENCIA SOCIAL - FMAS;2.608;CONTRATOS E PARCERIAS COM ENTIDADES DE ASSISTENCIA SOCIAL;56;PROTEÇÃO SOCIAL BÁSICA;8;Assistência Social;244;Assistência Comunitária;753;3.3.90.39.00.00.00.00;OUTROS SERVIÇOS DE TERCEIROS - PESSOA JURÍDICA;1.501.000.0000;OUTROS RECURSOS NÃO VINCULADOS;243.864,80
PREFEITURA MUNICIPAL DE BARBACENA;25.003;FUNDO MUNICIPAL DE ASSISTENCIA SOCIAL - FMAS;2.608;CONTRATOS E PARCERIAS COM ENTIDADES DE ASSISTENCIA SOCIAL;56;PROTEÇÃO SOCIAL BÁSICA;8;Assistência Social;244;Assistência Comunitária;753;3.3.90.39.00.00.00.00;OUTROS SERVIÇOS DE TERCEIROS - PESSOA JURÍDICA;1.661.000.0000;TRANSFERÊNCIA DE RECURSOS DOS FUNDOS ESTADUAIS DE ASSISTÊNCIA SOCIAL;105.000,00
PREFEITURA MUNICIPAL DE BARBACENA;25.003;FUNDO MUNICIPAL DE ASSISTENCIA SOCIAL - FMAS;2.605;MANUTENÇÃO DO SERVIÇO DE ATENDIMENTO A ADOLESCENTES EM MEDIDA SÓCIOEDUCATIVA;57;PROTEÇÃO SOCIAL ESPECIAL DE MÉDIA COMPLEXIDADE;8;Assistência Social;243;Assistência à Criança e ao Adolescente;694;3.1.90.04.00.00.00.00;CONTRATAÇÃO POR TEMPO DETERMINADO;1.660.000.0000;TRANSFERÊNCIA DE RECURSOS DO FUNDO NACIONAL DE ASSISTÊNCIA SOCIAL - FNAS;4.500,00
PREFEITURA MUNICIPAL DE BARBACENA;25.003;FUNDO MUNICIPAL DE ASSISTENCIA SOCIAL - FMAS;2.605;MANUTENÇÃO DO SERVIÇO DE ATENDIMENTO A ADOLESCENTES EM MEDIDA SÓCIOEDUCATIVA;57;PROTEÇÃO SOCIAL ESPECIAL DE MÉDIA COMPLEXIDADE;8;Assistência Social;243;Assistência à Criança e ao Adolescente;695;3.1.90.13.00.00.00.00;OBRIGAÇÕES PATRONAIS;1.660.000.0000;TRANSFERÊNCIA DE RECURSOS DO FUNDO NACIONAL DE ASSISTÊNCIA SOCIAL - FNAS;5.000,00
PREFEITURA MUNICIPAL DE BARBACENA;25.003;FUNDO MUNICIPAL DE ASSISTENCIA SOCIAL - FMAS;2.605;MANUTENÇÃO DO SERVIÇO DE ATENDIMENTO A ADOLESCENTES EM MEDIDA SÓCIOEDUCATIVA;57;PROTEÇÃO SOCIAL ESPECIAL DE MÉDIA COMPLEXIDADE;8;Assistência Social;243;Assistência à Criança e ao Adolescente;696;3.3.90.18.00.00.00.00;AUXÍLIO FINANCEIRO A ESTUDANTES;1.660.000.0000;TRANSFERÊNCIA DE RECURSOS DO FUNDO NACIONAL DE ASSISTÊNCIA SOCIAL - FNAS;1.000,00
PREFEITURA MUNICIPAL DE BARBACENA;25.003;FUNDO MUNICIPAL DE ASSISTENCIA SOCIAL - FMAS;2.605;MANUTENÇÃO DO SERVIÇO DE ATENDIMENTO A ADOLESCENTES EM MEDIDA SÓCIOEDUCATIVA;57;PROTEÇÃO SOCIAL ESPECIAL DE MÉDIA COMPLEXIDADE;8;Assistência Social;243;Assistência à Criança e ao Adolescente;697;3.3.90.30.00.00.00.00;MATERIAL DE CONSUMO;1.660.000.0000;TRANSFERÊNCIA DE RECURSOS DO FUNDO NACIONAL DE ASSISTÊNCIA SOCIAL - FNAS;1.500,00
PREFEITURA MUNICIPAL DE BARBACENA;25.003;FUNDO MUNICIPAL DE ASSISTENCIA SOCIAL - FMAS;2.605;MANUTENÇÃO DO SERVIÇO DE ATENDIMENTO A ADOLESCENTES EM MEDIDA SÓCIOEDUCATIVA;57;PROTEÇÃO SOCIAL ESPECIAL DE MÉDIA COMPLEXIDADE;8;Assistência Social;243;Assistência à Criança e ao Adolescente;698;3.3.90.36.00.00.00.00;OUTROS SERVIÇOS DE TERCEIROS - PESSOA FÍSICA;1.660.000.0000;TRANSFERÊNCIA DE RECURSOS DO FUNDO NACIONAL DE ASSISTÊNCIA SOCIAL - FNAS;1.000,00
PREFEITURA MUNICIPAL DE BARBACENA;25.003;FUNDO MUNICIPAL DE ASSISTENCIA SOCIAL - FMAS;2.605;MANUTENÇÃO DO SERVIÇO DE ATENDIMENTO A ADOLESCENTES EM MEDIDA SÓCIOEDUCATIVA;57;PROTEÇÃO SOCIAL ESPECIAL DE MÉDIA COMPLEXIDADE;8;Assistência Social;243;Assistência à Criança e ao Adolescente;699;3.3.90.39.00.00.00.00;OUTROS SERVIÇOS DE TERCEIROS - PESSOA JURÍDICA;1.501.000.0000;OUTROS RECURSOS NÃO VINCULADOS;30.000,00
PREFEITURA MUNICIPAL DE BARBACENA;25.003;FUNDO MUNICIPAL DE ASSISTENCIA SOCIAL - FMAS;2.605;MANUTENÇÃO DO SERVIÇO DE ATENDIMENTO A ADOLESCENTES EM MEDIDA SÓCIOEDUCATIVA;57;PROTEÇÃO SOCIAL ESPECIAL DE MÉDIA COMPLEXIDADE;8;Assistência Social;243;Assistência à Criança e ao Adolescente;699;3.3.90.39.00.00.00.00;OUTROS SERVIÇOS DE TERCEIROS - PESSOA JURÍDICA;1.660.000.0000;TRANSFERÊNCIA DE RECURSOS DO FUNDO NACIONAL DE ASSISTÊNCIA SOCIAL - FNAS;1.000,00
PREFEITURA MUNICIPAL DE BARBACENA;25.003;FUNDO MUNICIPAL DE ASSISTENCIA SOCIAL - FMAS;2.307;SERVIÇO DE ATENÇAO AO MIGRANTE;57;PROTEÇÃO SOCIAL ESPECIAL DE MÉDIA COMPLEXIDADE;8;Assistência Social;244;Assistência Comunitária;754;3.1.90.04.00.00.00.00;CONTRATAÇÃO POR TEMPO DETERMINADO;1.500.000.0000;RECURSOS NÃO VINCULADOS DE IMPOSTOS;41.531,21
PREFEITURA MUNICIPAL DE BARBACENA;25.003;FUNDO MUNICIPAL DE ASSISTENCIA SOCIAL - FMAS;2.307;SERVIÇO DE ATENÇAO AO MIGRANTE;57;PROTEÇÃO SOCIAL ESPECIAL DE MÉDIA COMPLEXIDADE;8;Assistência Social;244;Assistência Comunitária;755;3.1.90.11.00.00.00.00;VENCIMENTOS E VANTAGENS FIXAS - PESSOAL CIVIL;1.500.000.0000;RECURSOS NÃO VINCULADOS DE IMPOSTOS;3.000,00
PREFEITURA MUNICIPAL DE BARBACENA;25.003;FUNDO MUNICIPAL DE ASSISTENCIA SOCIAL - FMAS;2.307;SERVIÇO DE ATENÇAO AO MIGRANTE;57;PROTEÇÃO SOCIAL ESPECIAL DE MÉDIA COMPLEXIDADE;8;Assistência Social;244;Assistência Comunitária;756;3.1.90.13.00.00.00.00;OBRIGAÇÕES PATRONAIS;1.500.000.0000;RECURSOS NÃO VINCULADOS DE IMPOSTOS;40.000,00
PREFEITURA MUNICIPAL DE BARBACENA;25.003;FUNDO MUNICIPAL DE ASSISTENCIA SOCIAL - FMAS;2.307;SERVIÇO DE ATENÇAO AO MIGRANTE;57;PROTEÇÃO SOCIAL ESPECIAL DE MÉDIA COMPLEXIDADE;8;Assistência Social;244;Assistência Comunitária;757;3.3.90.14.00.00.00.00;DIÁRIAS - PESSOAL CIVIL;1.500.000.0000;RECURSOS NÃO VINCULADOS DE IMPOSTOS;5.000,00
PREFEITURA MUNICIPAL DE BARBACENA;25.003;FUNDO MUNICIPAL DE ASSISTENCIA SOCIAL - FMAS;2.307;SERVIÇO DE ATENÇAO AO MIGRANTE;57;PROTEÇÃO SOCIAL ESPECIAL DE MÉDIA COMPLEXIDADE;8;Assistência Social;244;Assistência Comunitária;758;3.3.90.18.00.00.00.00;AUXÍLIO FINANCEIRO A ESTUDANTES;1.500.000.0000;RECURSOS NÃO VINCULADOS DE IMPOSTOS;2.000,00
PREFEITURA MUNICIPAL DE BARBACENA;25.003;FUNDO MUNICIPAL DE ASSISTENCIA SOCIAL - FMAS;2.307;SERVIÇO DE ATENÇAO AO MIGRANTE;57;PROTEÇÃO SOCIAL ESPECIAL DE MÉDIA COMPLEXIDADE;8;Assistência Social;244;Assistência Comunitária;759;3.3.90.30.00.00.00.00;MATERIAL DE CONSUMO;1.500.000.0000;RECURSOS NÃO VINCULADOS DE IMPOSTOS;5.000,00
PREFEITURA MUNICIPAL DE BARBACENA;25.003;FUNDO MUNICIPAL DE ASSISTENCIA SOCIAL - FMAS;2.307;SERVIÇO DE ATENÇAO AO MIGRANTE;57;PROTEÇÃO SOCIAL ESPECIAL DE MÉDIA COMPLEXIDADE;8;Assistência Social;244;Assistência Comunitária;760;3.3.90.39.00.00.00.00;OUTROS SERVIÇOS DE TERCEIROS - PESSOA JURÍDICA;1.500.000.0000;RECURSOS NÃO VINCULADOS DE IMPOSTOS;20.000,00
PREFEITURA MUNICIPAL DE BARBACENA;25.003;FUNDO MUNICIPAL DE ASSISTENCIA SOCIAL - FMAS;2.307;SERVIÇO DE ATENÇAO AO MIGRANTE;57;PROTEÇÃO SOCIAL ESPECIAL DE MÉDIA COMPLEXIDADE;8;Assistência Social;244;Assistência Comunitária;760;3.3.90.39.00.00.00.00;OUTROS SERVIÇOS DE TERCEIROS - PESSOA JURÍDICA;1.661.000.0000;TRANSFERÊNCIA DE RECURSOS DOS FUNDOS ESTADUAIS DE ASSISTÊNCIA SOCIAL;75.000,00
PREFEITURA MUNICIPAL DE BARBACENA;25.003;FUNDO MUNICIPAL DE ASSISTENCIA SOCIAL - FMAS;2.307;SERVIÇO DE ATENÇAO AO MIGRANTE;57;PROTEÇÃO SOCIAL ESPECIAL DE MÉDIA COMPLEXIDADE;8;Assistência Social;244;Assistência Comunitária;761;3.3.90.46.00.00.00.00;AUXÍLIO-ALIMENTAÇÃO;1.500.000.0000;RECURSOS NÃO VINCULADOS DE IMPOSTOS;3.412,50
PREFEITURA MUNICIPAL DE BARBACENA;25.003;FUNDO MUNICIPAL DE ASSISTENCIA SOCIAL - FMAS;2.307;SERVIÇO DE ATENÇAO AO MIGRANTE;57;PROTEÇÃO SOCIAL ESPECIAL DE MÉDIA COMPLEXIDADE;8;Assistência Social;244;Assistência Comunitária;762;4.4.90.52.00.00.00.00;EQUIPAMENTOS E MATERIAL PERMANENTE;1.500.000.0000;RECURSOS NÃO VINCULADOS DE IMPOSTOS;3.000,00
PREFEITURA MUNICIPAL DE BARBACENA;25.003;FUNDO MUNICIPAL DE ASSISTENCIA SOCIAL - FMAS;2.315;MANUTENÇAO DO CREAS - PAEFI;57;PROTEÇÃO SOCIAL ESPECIAL DE MÉDIA COMPLEXIDADE;8;Assistência Social;244;Assistência Comunitária;763;3.1.90.04.00.00.00.00;CONTRATAÇÃO POR TEMPO DETERMINADO;1.500.000.0000;RECURSOS NÃO VINCULADOS DE IMPOSTOS;270.970,99
PREFEITURA MUNICIPAL DE BARBACENA;25.003;FUNDO MUNICIPAL DE ASSISTENCIA SOCIAL - FMAS;2.315;MANUTENÇAO DO CREAS - PAEFI;57;PROTEÇÃO SOCIAL ESPECIAL DE MÉDIA COMPLEXIDADE;8;Assistência Social;244;Assistência Comunitária;763;3.1.90.04.00.00.00.00;CONTRATAÇÃO POR TEMPO DETERMINADO;1.660.000.0000;TRANSFERÊNCIA DE RECURSOS DO FUNDO NACIONAL DE ASSISTÊNCIA SOCIAL - FNAS;15.000,00
PREFEITURA MUNICIPAL DE BARBACENA;25.003;FUNDO MUNICIPAL DE ASSISTENCIA SOCIAL - FMAS;2.315;MANUTENÇAO DO CREAS - PAEFI;57;PROTEÇÃO SOCIAL ESPECIAL DE MÉDIA COMPLEXIDADE;8;Assistência Social;244;Assistência Comunitária;764;3.1.90.11.00.00.00.00;VENCIMENTOS E VANTAGENS FIXAS - PESSOAL CIVIL;1.500.000.0000;RECURSOS NÃO VINCULADOS DE IMPOSTOS;119.418,63
PREFEITURA MUNICIPAL DE BARBACENA;25.003;FUNDO MUNICIPAL DE ASSISTENCIA SOCIAL - FMAS;2.315;MANUTENÇAO DO CREAS - PAEFI;57;PROTEÇÃO SOCIAL ESPECIAL DE MÉDIA COMPLEXIDADE;8;Assistência Social;244;Assistência Comunitária;764;3.1.90.11.00.00.00.00;VENCIMENTOS E VANTAGENS FIXAS - PESSOAL CIVIL;1.660.000.0000;TRANSFERÊNCIA DE RECURSOS DO FUNDO NACIONAL DE ASSISTÊNCIA SOCIAL - FNAS;1.500,00
PREFEITURA MUNICIPAL DE BARBACENA;25.003;FUNDO MUNICIPAL DE ASSISTENCIA SOCIAL - FMAS;2.315;MANUTENÇAO DO CREAS - PAEFI;57;PROTEÇÃO SOCIAL ESPECIAL DE MÉDIA COMPLEXIDADE;8;Assistência Social;244;Assistência Comunitária;765;3.1.90.13.00.00.00.00;OBRIGAÇÕES PATRONAIS;1.500.000.0000;RECURSOS NÃO VINCULADOS DE IMPOSTOS;2.500,00
PREFEITURA MUNICIPAL DE BARBACENA;25.003;FUNDO MUNICIPAL DE ASSISTENCIA SOCIAL - FMAS;2.315;MANUTENÇAO DO CREAS - PAEFI;57;PROTEÇÃO SOCIAL ESPECIAL DE MÉDIA COMPLEXIDADE;8;Assistência Social;244;Assistência Comunitária;766;3.1.91.13.00.00.00.00;OBRIGAÇÕES PATRONAIS;1.500.000.0000;RECURSOS NÃO VINCULADOS DE IMPOSTOS;33.437,24
PREFEITURA MUNICIPAL DE BARBACENA;25.003;FUNDO MUNICIPAL DE ASSISTENCIA SOCIAL - FMAS;2.315;MANUTENÇAO DO CREAS - PAEFI;57;PROTEÇÃO SOCIAL ESPECIAL DE MÉDIA COMPLEXIDADE;8;Assistência Social;244;Assistência Comunitária;766;3.1.91.13.00.00.00.00;OBRIGAÇÕES PATRONAIS;1.660.000.0000;TRANSFERÊNCIA DE RECURSOS DO FUNDO NACIONAL DE ASSISTÊNCIA SOCIAL - FNAS;1.000,00
PREFEITURA MUNICIPAL DE BARBACENA;25.003;FUNDO MUNICIPAL DE ASSISTENCIA SOCIAL - FMAS;2.315;MANUTENÇAO DO CREAS - PAEFI;57;PROTEÇÃO SOCIAL ESPECIAL DE MÉDIA COMPLEXIDADE;8;Assistência Social;244;Assistência Comunitária;767;3.3.90.18.00.00.00.00;AUXÍLIO FINANCEIRO A ESTUDANTES;1.500.000.0000;RECURSOS NÃO VINCULADOS DE IMPOSTOS;2.000,00
PREFEITURA MUNICIPAL DE BARBACENA;25.003;FUNDO MUNICIPAL DE ASSISTENCIA SOCIAL - FMAS;2.315;MANUTENÇAO DO CREAS - PAEFI;57;PROTEÇÃO SOCIAL ESPECIAL DE MÉDIA COMPLEXIDADE;8;Assistência Social;244;Assistência Comunitária;768;3.3.90.30.00.00.00.00;MATERIAL DE CONSUMO;1.500.000.0000;RECURSOS NÃO VINCULADOS DE IMPOSTOS;2.000,00
PREFEITURA MUNICIPAL DE BARBACENA;25.003;FUNDO MUNICIPAL DE ASSISTENCIA SOCIAL - FMAS;2.315;MANUTENÇAO DO CREAS - PAEFI;57;PROTEÇÃO SOCIAL ESPECIAL DE MÉDIA COMPLEXIDADE;8;Assistência Social;244;Assistência Comunitária;768;3.3.90.30.00.00.00.00;MATERIAL DE CONSUMO;1.660.000.0000;TRANSFERÊNCIA DE RECURSOS DO FUNDO NACIONAL DE ASSISTÊNCIA SOCIAL - FNAS;5.000,00
PREFEITURA MUNICIPAL DE BARBACENA;25.003;FUNDO MUNICIPAL DE ASSISTENCIA SOCIAL - FMAS;2.315;MANUTENÇAO DO CREAS - PAEFI;57;PROTEÇÃO SOCIAL ESPECIAL DE MÉDIA COMPLEXIDADE;8;Assistência Social;244;Assistência Comunitária;769;3.3.90.36.00.00.00.00;OUTROS SERVIÇOS DE TERCEIROS - PESSOA FÍSICA;1.660.000.0000;TRANSFERÊNCIA DE RECURSOS DO FUNDO NACIONAL DE ASSISTÊNCIA SOCIAL - FNAS;40.000,00
PREFEITURA MUNICIPAL DE BARBACENA;25.003;FUNDO MUNICIPAL DE ASSISTENCIA SOCIAL - FMAS;2.315;MANUTENÇAO DO CREAS - PAEFI;57;PROTEÇÃO SOCIAL ESPECIAL DE MÉDIA COMPLEXIDADE;8;Assistência Social;244;Assistência Comunitária;770;3.3.90.39.00.00.00.00;OUTROS SERVIÇOS DE TERCEIROS - PESSOA JURÍDICA;1.500.000.0000;RECURSOS NÃO VINCULADOS DE IMPOSTOS;10.000,00
PREFEITURA MUNICIPAL DE BARBACENA;25.003;FUNDO MUNICIPAL DE ASSISTENCIA SOCIAL - FMAS;2.315;MANUTENÇAO DO CREAS - PAEFI;57;PROTEÇÃO SOCIAL ESPECIAL DE MÉDIA COMPLEXIDADE;8;Assistência Social;244;Assistência Comunitária;770;3.3.90.39.00.00.00.00;OUTROS SERVIÇOS DE TERCEIROS - PESSOA JURÍDICA;1.660.000.0000;TRANSFERÊNCIA DE RECURSOS DO FUNDO NACIONAL DE ASSISTÊNCIA SOCIAL - FNAS;5.000,00
PREFEITURA MUNICIPAL DE BARBACENA;25.003;FUNDO MUNICIPAL DE ASSISTENCIA SOCIAL - FMAS;2.315;MANUTENÇAO DO CREAS - PAEFI;57;PROTEÇÃO SOCIAL ESPECIAL DE MÉDIA COMPLEXIDADE;8;Assistência Social;244;Assistência Comunitária;771;3.3.90.46.00.00.00.00;AUXÍLIO-ALIMENTAÇÃO;1.500.000.0000;RECURSOS NÃO VINCULADOS DE IMPOSTOS;20.475,00
PREFEITURA MUNICIPAL DE BARBACENA;25.003;FUNDO MUNICIPAL DE ASSISTENCIA SOCIAL - FMAS;2.315;MANUTENÇAO DO CREAS - PAEFI;57;PROTEÇÃO SOCIAL ESPECIAL DE MÉDIA COMPLEXIDADE;8;Assistência Social;244;Assistência Comunitária;771;3.3.90.46.00.00.00.00;AUXÍLIO-ALIMENTAÇÃO;1.660.000.0000;TRANSFERÊNCIA DE RECURSOS DO FUNDO NACIONAL DE ASSISTÊNCIA SOCIAL - FNAS;0,00
PREFEITURA MUNICIPAL DE BARBACENA;25.003;FUNDO MUNICIPAL DE ASSISTENCIA SOCIAL - FMAS;2.315;MANUTENÇAO DO CREAS - PAEFI;57;PROTEÇÃO SOCIAL ESPECIAL DE MÉDIA COMPLEXIDADE;8;Assistência Social;244;Assistência Comunitária;772;4.4.90.52.00.00.00.00;EQUIPAMENTOS E MATERIAL PERMANENTE;1.501.000.0000;OUTROS RECURSOS NÃO VINCULADOS;20.000,00
PREFEITURA MUNICIPAL DE BARBACENA;25.003;FUNDO MUNICIPAL DE ASSISTENCIA SOCIAL - FMAS;2.315;MANUTENÇAO DO CREAS - PAEFI;57;PROTEÇÃO SOCIAL ESPECIAL DE MÉDIA COMPLEXIDADE;8;Assistência Social;244;Assistência Comunitária;772;4.4.90.52.00.00.00.00;EQUIPAMENTOS E MATERIAL PERMANENTE;1.660.000.0000;TRANSFERÊNCIA DE RECURSOS DO FUNDO NACIONAL DE ASSISTÊNCIA SOCIAL - FNAS;4.000,00
PREFEITURA MUNICIPAL DE BARBACENA;25.003;FUNDO MUNICIPAL DE ASSISTENCIA SOCIAL - FMAS;2.669;SERVIÇO DE ABORDAGEM SOCIAL;57;PROTEÇÃO SOCIAL ESPECIAL DE MÉDIA COMPLEXIDADE;8;Assistência Social;244;Assistência Comunitária;773;3.1.90.04.00.00.00.00;CONTRATAÇÃO POR TEMPO DETERMINADO;1.660.000.0000;TRANSFERÊNCIA DE RECURSOS DO FUNDO NACIONAL DE ASSISTÊNCIA SOCIAL - FNAS;15.000,00
PREFEITURA MUNICIPAL DE BARBACENA;25.003;FUNDO MUNICIPAL DE ASSISTENCIA SOCIAL - FMAS;2.669;SERVIÇO DE ABORDAGEM SOCIAL;57;PROTEÇÃO SOCIAL ESPECIAL DE MÉDIA COMPLEXIDADE;8;Assistência Social;244;Assistência Comunitária;774;3.1.91.13.00.00.00.00;OBRIGAÇÕES PATRONAIS;1.660.000.0000;TRANSFERÊNCIA DE RECURSOS DO FUNDO NACIONAL DE ASSISTÊNCIA SOCIAL - FNAS;7.000,00
PREFEITURA MUNICIPAL DE BARBACENA;25.003;FUNDO MUNICIPAL DE ASSISTENCIA SOCIAL - FMAS;2.669;SERVIÇO DE ABORDAGEM SOCIAL;57;PROTEÇÃO SOCIAL ESPECIAL DE MÉDIA COMPLEXIDADE;8;Assistência Social;244;Assistência Comunitária;775;3.3.90.30.00.00.00.00;MATERIAL DE CONSUMO;1.660.000.0000;TRANSFERÊNCIA DE RECURSOS DO FUNDO NACIONAL DE ASSISTÊNCIA SOCIAL - FNAS;5.000,00
PREFEITURA MUNICIPAL DE BARBACENA;25.003;FUNDO MUNICIPAL DE ASSISTENCIA SOCIAL - FMAS;2.669;SERVIÇO DE ABORDAGEM SOCIAL;57;PROTEÇÃO SOCIAL ESPECIAL DE MÉDIA COMPLEXIDADE;8;Assistência Social;244;Assistência Comunitária;776;3.3.90.36.00.00.00.00;OUTROS SERVIÇOS DE TERCEIROS - PESSOA FÍSICA;1.660.000.0000;TRANSFERÊNCIA DE RECURSOS DO FUNDO NACIONAL DE ASSISTÊNCIA SOCIAL - FNAS;1.000,00
PREFEITURA MUNICIPAL DE BARBACENA;25.003;FUNDO MUNICIPAL DE ASSISTENCIA SOCIAL - FMAS;2.669;SERVIÇO DE ABORDAGEM SOCIAL;57;PROTEÇÃO SOCIAL ESPECIAL DE MÉDIA COMPLEXIDADE;8;Assistência Social;244;Assistência Comunitária;777;3.3.93.39.00.00.00.00;OUTROS SERVIÇOS DE TERCEIROS - PESSOA JURÍDICA;1.660.000.0000;TRANSFERÊNCIA DE RECURSOS DO FUNDO NACIONAL DE ASSISTÊNCIA SOCIAL - FNAS;1.000,00
PREFEITURA MUNICIPAL DE BARBACENA;25.003;FUNDO MUNICIPAL DE ASSISTENCIA SOCIAL - FMAS;2.688;MAN. DO CONVÊNIO DE HABILIT. E REABILIT. DA PESSOA COM DEFICIÊNCIA - PTMC  - APAE;57;PROTEÇÃO SOCIAL ESPECIAL DE MÉDIA COMPLEXIDADE;8;Assistência Social;244;Assistência Comunitária;778;3.3.90.39.00.00.00.00;OUTROS SERVIÇOS DE TERCEIROS - PESSOA JURÍDICA;1.501.000.0000;OUTROS RECURSOS NÃO VINCULADOS;40.000,00
PREFEITURA MUNICIPAL DE BARBACENA;25.003;FUNDO MUNICIPAL DE ASSISTENCIA SOCIAL - FMAS;2.688;MAN. DO CONVÊNIO DE HABILIT. E REABILIT. DA PESSOA COM DEFICIÊNCIA - PTMC  - APAE;57;PROTEÇÃO SOCIAL ESPECIAL DE MÉDIA COMPLEXIDADE;8;Assistência Social;244;Assistência Comunitária;778;3.3.90.39.00.00.00.00;OUTROS SERVIÇOS DE TERCEIROS - PESSOA JURÍDICA;1.660.000.0000;TRANSFERÊNCIA DE RECURSOS DO FUNDO NACIONAL DE ASSISTÊNCIA SOCIAL - FNAS;150.000,00
PREFEITURA MUNICIPAL DE BARBACENA;25.003;FUNDO MUNICIPAL DE ASSISTENCIA SOCIAL - FMAS;2.688;MAN. DO CONVÊNIO DE HABILIT. E REABILIT. DA PESSOA COM DEFICIÊNCIA - PTMC  - APAE;57;PROTEÇÃO SOCIAL ESPECIAL DE MÉDIA COMPLEXIDADE;8;Assistência Social;244;Assistência Comunitária;778;3.3.90.39.00.00.00.00;OUTROS SERVIÇOS DE TERCEIROS - PESSOA JURÍDICA;2.660.000.0000;TRANSFERÊNCIA DE RECURSOS DO FUNDO NACIONAL DE ASSISTÊNCIA SOCIAL - FNAS;0,00
PREFEITURA MUNICIPAL DE BARBACENA;25.003;FUNDO MUNICIPAL DE ASSISTENCIA SOCIAL - FMAS;2.657;MANUTENÇÃO DE PARCERIAS, COOPERAÇAO E/OU FOMENTO COM INSTITUIÇÕES DE LONGA PERMANÊNCIA DE IDOSOS;58;PROTEÇÃO SOCIAL ESPECIAL DE ALTA COMPLEXIDADE;8;Assistência Social;241;Assistência à Pessoa Idosa;669;3.3.90.39.00.00.00.00;OUTROS SERVIÇOS DE TERCEIROS - PESSOA JURÍDICA;1.500.000.0000;RECURSOS NÃO VINCULADOS DE IMPOSTOS;15.000,00
PREFEITURA MUNICIPAL DE BARBACENA;25.003;FUNDO MUNICIPAL DE ASSISTENCIA SOCIAL - FMAS;2.657;MANUTENÇÃO DE PARCERIAS, COOPERAÇAO E/OU FOMENTO COM INSTITUIÇÕES DE LONGA PERMANÊNCIA DE IDOSOS;58;PROTEÇÃO SOCIAL ESPECIAL DE ALTA COMPLEXIDADE;8;Assistência Social;241;Assistência à Pessoa Idosa;669;3.3.90.39.00.00.00.00;OUTROS SERVIÇOS DE TERCEIROS - PESSOA JURÍDICA;1.501.000.0000;OUTROS RECURSOS NÃO VINCULADOS;25.000,00
PREFEITURA MUNICIPAL DE BARBACENA;25.003;FUNDO MUNICIPAL DE ASSISTENCIA SOCIAL - FMAS;2.657;MANUTENÇÃO DE PARCERIAS, COOPERAÇAO E/OU FOMENTO COM INSTITUIÇÕES DE LONGA PERMANÊNCIA DE IDOSOS;58;PROTEÇÃO SOCIAL ESPECIAL DE ALTA COMPLEXIDADE;8;Assistência Social;241;Assistência à Pessoa Idosa;669;3.3.90.39.00.00.00.00;OUTROS SERVIÇOS DE TERCEIROS - PESSOA JURÍDICA;1.660.000.0000;TRANSFERÊNCIA DE RECURSOS DO FUNDO NACIONAL DE ASSISTÊNCIA SOCIAL - FNAS;65.000,00
PREFEITURA MUNICIPAL DE BARBACENA;25.003;FUNDO MUNICIPAL DE ASSISTENCIA SOCIAL - FMAS;2.657;MANUTENÇÃO DE PARCERIAS, COOPERAÇAO E/OU FOMENTO COM INSTITUIÇÕES DE LONGA PERMANÊNCIA DE IDOSOS;58;PROTEÇÃO SOCIAL ESPECIAL DE ALTA COMPLEXIDADE;8;Assistência Social;241;Assistência à Pessoa Idosa;669;3.3.90.39.00.00.00.00;OUTROS SERVIÇOS DE TERCEIROS - PESSOA JURÍDICA;2.660.000.0000;TRANSFERÊNCIA DE RECURSOS DO FUNDO NACIONAL DE ASSISTÊNCIA SOCIAL - FNAS;0,00
PREFEITURA MUNICIPAL DE BARBACENA;25.003;FUNDO MUNICIPAL DE ASSISTENCIA SOCIAL - FMAS;1.092;PARCERIAS, COOPERAÇAO E/OU FOMENTO COM INSTITUIÇOES DE ACOLHIMENTO PARA CRIANÇAS E ADOLESCENTES;58;PROTEÇÃO SOCIAL ESPECIAL DE ALTA COMPLEXIDADE;8;Assistência Social;243;Assistência à Criança e ao Adolescente;700;3.3.90.30.00.00.00.00;MATERIAL DE CONSUMO;1.500.000.0000;RECURSOS NÃO VINCULADOS DE IMPOSTOS;2.500,00
PREFEITURA MUNICIPAL DE BARBACENA;25.003;FUNDO MUNICIPAL DE ASSISTENCIA SOCIAL - FMAS;1.092;PARCERIAS, COOPERAÇAO E/OU FOMENTO COM INSTITUIÇOES DE ACOLHIMENTO PARA CRIANÇAS E ADOLESCENTES;58;PROTEÇÃO SOCIAL ESPECIAL DE ALTA COMPLEXIDADE;8;Assistência Social;243;Assistência à Criança e ao Adolescente;701;3.3.90.39.00.00.00.00;OUTROS SERVIÇOS DE TERCEIROS - PESSOA JURÍDICA;1.500.000.0000;RECURSOS NÃO VINCULADOS DE IMPOSTOS;3.500,00
PREFEITURA MUNICIPAL DE BARBACENA;25.003;FUNDO MUNICIPAL DE ASSISTENCIA SOCIAL - FMAS;1.092;PARCERIAS, COOPERAÇAO E/OU FOMENTO COM INSTITUIÇOES DE ACOLHIMENTO PARA CRIANÇAS E ADOLESCENTES;58;PROTEÇÃO SOCIAL ESPECIAL DE ALTA COMPLEXIDADE;8;Assistência Social;243;Assistência à Criança e ao Adolescente;701;3.3.90.39.00.00.00.00;OUTROS SERVIÇOS DE TERCEIROS - PESSOA JURÍDICA;1.501.000.0000;OUTROS RECURSOS NÃO VINCULADOS;15.000,00
PREFEITURA MUNICIPAL DE BARBACENA;25.003;FUNDO MUNICIPAL DE ASSISTENCIA SOCIAL - FMAS;2.310;REFORMA E MANUTENÇÃO DA CASA DE ACOLHIMENTO INSTITUCIONAL CRIANÇA E ADOLESCENTE;58;PROTEÇÃO SOCIAL ESPECIAL DE ALTA COMPLEXIDADE;8;Assistência Social;244;Assistência Comunitária;779;3.1.90.04.00.00.00.00;CONTRATAÇÃO POR TEMPO DETERMINADO;1.500.000.0000;RECURSOS NÃO VINCULADOS DE IMPOSTOS;220.019,41
PREFEITURA MUNICIPAL DE BARBACENA;25.003;FUNDO MUNICIPAL DE ASSISTENCIA SOCIAL - FMAS;2.310;REFORMA E MANUTENÇÃO DA CASA DE ACOLHIMENTO INSTITUCIONAL CRIANÇA E ADOLESCENTE;58;PROTEÇÃO SOCIAL ESPECIAL DE ALTA COMPLEXIDADE;8;Assistência Social;244;Assistência Comunitária;779;3.1.90.04.00.00.00.00;CONTRATAÇÃO POR TEMPO DETERMINADO;1.660.000.0000;TRANSFERÊNCIA DE RECURSOS DO FUNDO NACIONAL DE ASSISTÊNCIA SOCIAL - FNAS;25.000,00
PREFEITURA MUNICIPAL DE BARBACENA;25.003;FUNDO MUNICIPAL DE ASSISTENCIA SOCIAL - FMAS;2.310;REFORMA E MANUTENÇÃO DA CASA DE ACOLHIMENTO INSTITUCIONAL CRIANÇA E ADOLESCENTE;58;PROTEÇÃO SOCIAL ESPECIAL DE ALTA COMPLEXIDADE;8;Assistência Social;244;Assistência Comunitária;779;3.1.90.04.00.00.00.00;CONTRATAÇÃO POR TEMPO DETERMINADO;1.661.000.0000;TRANSFERÊNCIA DE RECURSOS DOS FUNDOS ESTADUAIS DE ASSISTÊNCIA SOCIAL;15.000,00
PREFEITURA MUNICIPAL DE BARBACENA;25.003;FUNDO MUNICIPAL DE ASSISTENCIA SOCIAL - FMAS;2.310;REFORMA E MANUTENÇÃO DA CASA DE ACOLHIMENTO INSTITUCIONAL CRIANÇA E ADOLESCENTE;58;PROTEÇÃO SOCIAL ESPECIAL DE ALTA COMPLEXIDADE;8;Assistência Social;244;Assistência Comunitária;779;3.1.90.04.00.00.00.00;CONTRATAÇÃO POR TEMPO DETERMINADO;2.661.000.0000;TRANSFERÊNCIA DE RECURSOS DOS FUNDOS ESTADUAIS DE ASSISTÊNCIA SOCIAL;0,00
PREFEITURA MUNICIPAL DE BARBACENA;25.003;FUNDO MUNICIPAL DE ASSISTENCIA SOCIAL - FMAS;2.310;REFORMA E MANUTENÇÃO DA CASA DE ACOLHIMENTO INSTITUCIONAL CRIANÇA E ADOLESCENTE;58;PROTEÇÃO SOCIAL ESPECIAL DE ALTA COMPLEXIDADE;8;Assistência Social;244;Assistência Comunitária;780;3.1.90.13.00.00.00.00;OBRIGAÇÕES PATRONAIS;1.660.000.0000;TRANSFERÊNCIA DE RECURSOS DO FUNDO NACIONAL DE ASSISTÊNCIA SOCIAL - FNAS;15.000,00
PREFEITURA MUNICIPAL DE BARBACENA;25.003;FUNDO MUNICIPAL DE ASSISTENCIA SOCIAL - FMAS;2.310;REFORMA E MANUTENÇÃO DA CASA DE ACOLHIMENTO INSTITUCIONAL CRIANÇA E ADOLESCENTE;58;PROTEÇÃO SOCIAL ESPECIAL DE ALTA COMPLEXIDADE;8;Assistência Social;244;Assistência Comunitária;780;3.1.90.13.00.00.00.00;OBRIGAÇÕES PATRONAIS;1.661.000.0000;TRANSFERÊNCIA DE RECURSOS DOS FUNDOS ESTADUAIS DE ASSISTÊNCIA SOCIAL;4.000,00
PREFEITURA MUNICIPAL DE BARBACENA;25.003;FUNDO MUNICIPAL DE ASSISTENCIA SOCIAL - FMAS;2.310;REFORMA E MANUTENÇÃO DA CASA DE ACOLHIMENTO INSTITUCIONAL CRIANÇA E ADOLESCENTE;58;PROTEÇÃO SOCIAL ESPECIAL DE ALTA COMPLEXIDADE;8;Assistência Social;244;Assistência Comunitária;780;3.1.90.13.00.00.00.00;OBRIGAÇÕES PATRONAIS;2.661.000.0000;TRANSFERÊNCIA DE RECURSOS DOS FUNDOS ESTADUAIS DE ASSISTÊNCIA SOCIAL;0,00
PREFEITURA MUNICIPAL DE BARBACENA;25.003;FUNDO MUNICIPAL DE ASSISTENCIA SOCIAL - FMAS;2.310;REFORMA E MANUTENÇÃO DA CASA DE ACOLHIMENTO INSTITUCIONAL CRIANÇA E ADOLESCENTE;58;PROTEÇÃO SOCIAL ESPECIAL DE ALTA COMPLEXIDADE;8;Assistência Social;244;Assistência Comunitária;781;3.3.90.08.00.00.00.00;OUTROS BENEFÍCIOS ASSISTENCIAIS-SERVIDOR/MILITAR;1.500.000.0000;RECURSOS NÃO VINCULADOS DE IMPOSTOS;846,28
PREFEITURA MUNICIPAL DE BARBACENA;25.003;FUNDO MUNICIPAL DE ASSISTENCIA SOCIAL - FMAS;2.310;REFORMA E MANUTENÇÃO DA CASA DE ACOLHIMENTO INSTITUCIONAL CRIANÇA E ADOLESCENTE;58;PROTEÇÃO SOCIAL ESPECIAL DE ALTA COMPLEXIDADE;8;Assistência Social;244;Assistência Comunitária;781;3.3.90.08.00.00.00.00;OUTROS BENEFÍCIOS ASSISTENCIAIS-SERVIDOR/MILITAR;1.660.000.0000;TRANSFERÊNCIA DE RECURSOS DO FUNDO NACIONAL DE ASSISTÊNCIA SOCIAL - FNAS;1.000,00
PREFEITURA MUNICIPAL DE BARBACENA;25.003;FUNDO MUNICIPAL DE ASSISTENCIA SOCIAL - FMAS;2.310;REFORMA E MANUTENÇÃO DA CASA DE ACOLHIMENTO INSTITUCIONAL CRIANÇA E ADOLESCENTE;58;PROTEÇÃO SOCIAL ESPECIAL DE ALTA COMPLEXIDADE;8;Assistência Social;244;Assistência Comunitária;781;3.3.90.08.00.00.00.00;OUTROS BENEFÍCIOS ASSISTENCIAIS-SERVIDOR/MILITAR;1.661.000.0000;TRANSFERÊNCIA DE RECURSOS DOS FUNDOS ESTADUAIS DE ASSISTÊNCIA SOCIAL;1.500,00
PREFEITURA MUNICIPAL DE BARBACENA;25.003;FUNDO MUNICIPAL DE ASSISTENCIA SOCIAL - FMAS;2.310;REFORMA E MANUTENÇÃO DA CASA DE ACOLHIMENTO INSTITUCIONAL CRIANÇA E ADOLESCENTE;58;PROTEÇÃO SOCIAL ESPECIAL DE ALTA COMPLEXIDADE;8;Assistência Social;244;Assistência Comunitária;781;3.3.90.08.00.00.00.00;OUTROS BENEFÍCIOS ASSISTENCIAIS-SERVIDOR/MILITAR;2.661.000.0000;TRANSFERÊNCIA DE RECURSOS DOS FUNDOS ESTADUAIS DE ASSISTÊNCIA SOCIAL;0,00
PREFEITURA MUNICIPAL DE BARBACENA;25.003;FUNDO MUNICIPAL DE ASSISTENCIA SOCIAL - FMAS;2.310;REFORMA E MANUTENÇÃO DA CASA DE ACOLHIMENTO INSTITUCIONAL CRIANÇA E ADOLESCENTE;58;PROTEÇÃO SOCIAL ESPECIAL DE ALTA COMPLEXIDADE;8;Assistência Social;244;Assistência Comunitária;782;3.3.90.14.00.00.00.00;DIÁRIAS - PESSOAL CIVIL;1.660.000.0000;TRANSFERÊNCIA DE RECURSOS DO FUNDO NACIONAL DE ASSISTÊNCIA SOCIAL - FNAS;2.500,00
PREFEITURA MUNICIPAL DE BARBACENA;25.003;FUNDO MUNICIPAL DE ASSISTENCIA SOCIAL - FMAS;2.310;REFORMA E MANUTENÇÃO DA CASA DE ACOLHIMENTO INSTITUCIONAL CRIANÇA E ADOLESCENTE;58;PROTEÇÃO SOCIAL ESPECIAL DE ALTA COMPLEXIDADE;8;Assistência Social;244;Assistência Comunitária;783;3.3.90.18.00.00.00.00;AUXÍLIO FINANCEIRO A ESTUDANTES;1.660.000.0000;TRANSFERÊNCIA DE RECURSOS DO FUNDO NACIONAL DE ASSISTÊNCIA SOCIAL - FNAS;1.500,00
PREFEITURA MUNICIPAL DE BARBACENA;25.003;FUNDO MUNICIPAL DE ASSISTENCIA SOCIAL - FMAS;2.310;REFORMA E MANUTENÇÃO DA CASA DE ACOLHIMENTO INSTITUCIONAL CRIANÇA E ADOLESCENTE;58;PROTEÇÃO SOCIAL ESPECIAL DE ALTA COMPLEXIDADE;8;Assistência Social;244;Assistência Comunitária;783;3.3.90.18.00.00.00.00;AUXÍLIO FINANCEIRO A ESTUDANTES;1.661.000.0000;TRANSFERÊNCIA DE RECURSOS DOS FUNDOS ESTADUAIS DE ASSISTÊNCIA SOCIAL;1.000,00
PREFEITURA MUNICIPAL DE BARBACENA;25.003;FUNDO MUNICIPAL DE ASSISTENCIA SOCIAL - FMAS;2.310;REFORMA E MANUTENÇÃO DA CASA DE ACOLHIMENTO INSTITUCIONAL CRIANÇA E ADOLESCENTE;58;PROTEÇÃO SOCIAL ESPECIAL DE ALTA COMPLEXIDADE;8;Assistência Social;244;Assistência Comunitária;783;3.3.90.18.00.00.00.00;AUXÍLIO FINANCEIRO A ESTUDANTES;2.661.000.0000;TRANSFERÊNCIA DE RECURSOS DOS FUNDOS ESTADUAIS DE ASSISTÊNCIA SOCIAL;0,00
PREFEITURA MUNICIPAL DE BARBACENA;25.003;FUNDO MUNICIPAL DE ASSISTENCIA SOCIAL - FMAS;2.310;REFORMA E MANUTENÇÃO DA CASA DE ACOLHIMENTO INSTITUCIONAL CRIANÇA E ADOLESCENTE;58;PROTEÇÃO SOCIAL ESPECIAL DE ALTA COMPLEXIDADE;8;Assistência Social;244;Assistência Comunitária;784;3.3.90.30.00.00.00.00;MATERIAL DE CONSUMO;1.500.000.0000;RECURSOS NÃO VINCULADOS DE IMPOSTOS;1.500,00
PREFEITURA MUNICIPAL DE BARBACENA;25.003;FUNDO MUNICIPAL DE ASSISTENCIA SOCIAL - FMAS;2.310;REFORMA E MANUTENÇÃO DA CASA DE ACOLHIMENTO INSTITUCIONAL CRIANÇA E ADOLESCENTE;58;PROTEÇÃO SOCIAL ESPECIAL DE ALTA COMPLEXIDADE;8;Assistência Social;244;Assistência Comunitária;784;3.3.90.30.00.00.00.00;MATERIAL DE CONSUMO;1.501.000.0000;OUTROS RECURSOS NÃO VINCULADOS;40.000,00
PREFEITURA MUNICIPAL DE BARBACENA;25.003;FUNDO MUNICIPAL DE ASSISTENCIA SOCIAL - FMAS;2.310;REFORMA E MANUTENÇÃO DA CASA DE ACOLHIMENTO INSTITUCIONAL CRIANÇA E ADOLESCENTE;58;PROTEÇÃO SOCIAL ESPECIAL DE ALTA COMPLEXIDADE;8;Assistência Social;244;Assistência Comunitária;784;3.3.90.30.00.00.00.00;MATERIAL DE CONSUMO;1.660.000.0000;TRANSFERÊNCIA DE RECURSOS DO FUNDO NACIONAL DE ASSISTÊNCIA SOCIAL - FNAS;57.910,00
PREFEITURA MUNICIPAL DE BARBACENA;25.003;FUNDO MUNICIPAL DE ASSISTENCIA SOCIAL - FMAS;2.310;REFORMA E MANUTENÇÃO DA CASA DE ACOLHIMENTO INSTITUCIONAL CRIANÇA E ADOLESCENTE;58;PROTEÇÃO SOCIAL ESPECIAL DE ALTA COMPLEXIDADE;8;Assistência Social;244;Assistência Comunitária;784;3.3.90.30.00.00.00.00;MATERIAL DE CONSUMO;1.661.000.0000;TRANSFERÊNCIA DE RECURSOS DOS FUNDOS ESTADUAIS DE ASSISTÊNCIA SOCIAL;15.000,00
PREFEITURA MUNICIPAL DE BARBACENA;25.003;FUNDO MUNICIPAL DE ASSISTENCIA SOCIAL - FMAS;2.310;REFORMA E MANUTENÇÃO DA CASA DE ACOLHIMENTO INSTITUCIONAL CRIANÇA E ADOLESCENTE;58;PROTEÇÃO SOCIAL ESPECIAL DE ALTA COMPLEXIDADE;8;Assistência Social;244;Assistência Comunitária;784;3.3.90.30.00.00.00.00;MATERIAL DE CONSUMO;2.660.000.0000;TRANSFERÊNCIA DE RECURSOS DO FUNDO NACIONAL DE ASSISTÊNCIA SOCIAL - FNAS;0,00
PREFEITURA MUNICIPAL DE BARBACENA;25.003;FUNDO MUNICIPAL DE ASSISTENCIA SOCIAL - FMAS;2.310;REFORMA E MANUTENÇÃO DA CASA DE ACOLHIMENTO INSTITUCIONAL CRIANÇA E ADOLESCENTE;58;PROTEÇÃO SOCIAL ESPECIAL DE ALTA COMPLEXIDADE;8;Assistência Social;244;Assistência Comunitária;784;3.3.90.30.00.00.00.00;MATERIAL DE CONSUMO;2.661.000.0000;TRANSFERÊNCIA DE RECURSOS DOS FUNDOS ESTADUAIS DE ASSISTÊNCIA SOCIAL;0,00
PREFEITURA MUNICIPAL DE BARBACENA;25.003;FUNDO MUNICIPAL DE ASSISTENCIA SOCIAL - FMAS;2.310;REFORMA E MANUTENÇÃO DA CASA DE ACOLHIMENTO INSTITUCIONAL CRIANÇA E ADOLESCENTE;58;PROTEÇÃO SOCIAL ESPECIAL DE ALTA COMPLEXIDADE;8;Assistência Social;244;Assistência Comunitária;785;3.3.90.33.00.00.00.00;PASSAGENS E DESPESAS COM LOCOMOÇÃO;1.660.000.0000;TRANSFERÊNCIA DE RECURSOS DO FUNDO NACIONAL DE ASSISTÊNCIA SOCIAL - FNAS;1.000,00
PREFEITURA MUNICIPAL DE BARBACENA;25.003;FUNDO MUNICIPAL DE ASSISTENCIA SOCIAL - FMAS;2.310;REFORMA E MANUTENÇÃO DA CASA DE ACOLHIMENTO INSTITUCIONAL CRIANÇA E ADOLESCENTE;58;PROTEÇÃO SOCIAL ESPECIAL DE ALTA COMPLEXIDADE;8;Assistência Social;244;Assistência Comunitária;786;3.3.90.36.00.00.00.00;OUTROS SERVIÇOS DE TERCEIROS - PESSOA FÍSICA;1.660.000.0000;TRANSFERÊNCIA DE RECURSOS DO FUNDO NACIONAL DE ASSISTÊNCIA SOCIAL - FNAS;86.223,30
PREFEITURA MUNICIPAL DE BARBACENA;25.003;FUNDO MUNICIPAL DE ASSISTENCIA SOCIAL - FMAS;2.310;REFORMA E MANUTENÇÃO DA CASA DE ACOLHIMENTO INSTITUCIONAL CRIANÇA E ADOLESCENTE;58;PROTEÇÃO SOCIAL ESPECIAL DE ALTA COMPLEXIDADE;8;Assistência Social;244;Assistência Comunitária;787;3.3.90.39.00.00.00.00;OUTROS SERVIÇOS DE TERCEIROS - PESSOA JURÍDICA;1.500.000.0000;RECURSOS NÃO VINCULADOS DE IMPOSTOS;10.000,00
PREFEITURA MUNICIPAL DE BARBACENA;25.003;FUNDO MUNICIPAL DE ASSISTENCIA SOCIAL - FMAS;2.310;REFORMA E MANUTENÇÃO DA CASA DE ACOLHIMENTO INSTITUCIONAL CRIANÇA E ADOLESCENTE;58;PROTEÇÃO SOCIAL ESPECIAL DE ALTA COMPLEXIDADE;8;Assistência Social;244;Assistência Comunitária;787;3.3.90.39.00.00.00.00;OUTROS SERVIÇOS DE TERCEIROS - PESSOA JURÍDICA;1.501.000.0000;OUTROS RECURSOS NÃO VINCULADOS;1.000,00
PREFEITURA MUNICIPAL DE BARBACENA;25.003;FUNDO MUNICIPAL DE ASSISTENCIA SOCIAL - FMAS;2.310;REFORMA E MANUTENÇÃO DA CASA DE ACOLHIMENTO INSTITUCIONAL CRIANÇA E ADOLESCENTE;58;PROTEÇÃO SOCIAL ESPECIAL DE ALTA COMPLEXIDADE;8;Assistência Social;244;Assistência Comunitária;787;3.3.90.39.00.00.00.00;OUTROS SERVIÇOS DE TERCEIROS - PESSOA JURÍDICA;1.660.000.0000;TRANSFERÊNCIA DE RECURSOS DO FUNDO NACIONAL DE ASSISTÊNCIA SOCIAL - FNAS;130.000,00
PREFEITURA MUNICIPAL DE BARBACENA;25.003;FUNDO MUNICIPAL DE ASSISTENCIA SOCIAL - FMAS;2.310;REFORMA E MANUTENÇÃO DA CASA DE ACOLHIMENTO INSTITUCIONAL CRIANÇA E ADOLESCENTE;58;PROTEÇÃO SOCIAL ESPECIAL DE ALTA COMPLEXIDADE;8;Assistência Social;244;Assistência Comunitária;787;3.3.90.39.00.00.00.00;OUTROS SERVIÇOS DE TERCEIROS - PESSOA JURÍDICA;1.661.000.0000;TRANSFERÊNCIA DE RECURSOS DOS FUNDOS ESTADUAIS DE ASSISTÊNCIA SOCIAL;15.000,00
PREFEITURA MUNICIPAL DE BARBACENA;25.003;FUNDO MUNICIPAL DE ASSISTENCIA SOCIAL - FMAS;2.310;REFORMA E MANUTENÇÃO DA CASA DE ACOLHIMENTO INSTITUCIONAL CRIANÇA E ADOLESCENTE;58;PROTEÇÃO SOCIAL ESPECIAL DE ALTA COMPLEXIDADE;8;Assistência Social;244;Assistência Comunitária;787;3.3.90.39.00.00.00.00;OUTROS SERVIÇOS DE TERCEIROS - PESSOA JURÍDICA;2.660.000.0000;TRANSFERÊNCIA DE RECURSOS DO FUNDO NACIONAL DE ASSISTÊNCIA SOCIAL - FNAS;0,00
PREFEITURA MUNICIPAL DE BARBACENA;25.003;FUNDO MUNICIPAL DE ASSISTENCIA SOCIAL - FMAS;2.310;REFORMA E MANUTENÇÃO DA CASA DE ACOLHIMENTO INSTITUCIONAL CRIANÇA E ADOLESCENTE;58;PROTEÇÃO SOCIAL ESPECIAL DE ALTA COMPLEXIDADE;8;Assistência Social;244;Assistência Comunitária;788;3.3.90.46.00.00.00.00;AUXÍLIO-ALIMENTAÇÃO;1.500.000.0000;RECURSOS NÃO VINCULADOS DE IMPOSTOS;23.887,50
PREFEITURA MUNICIPAL DE BARBACENA;25.003;FUNDO MUNICIPAL DE ASSISTENCIA SOCIAL - FMAS;2.310;REFORMA E MANUTENÇÃO DA CASA DE ACOLHIMENTO INSTITUCIONAL CRIANÇA E ADOLESCENTE;58;PROTEÇÃO SOCIAL ESPECIAL DE ALTA COMPLEXIDADE;8;Assistência Social;244;Assistência Comunitária;788;3.3.90.46.00.00.00.00;AUXÍLIO-ALIMENTAÇÃO;1.660.000.0000;TRANSFERÊNCIA DE RECURSOS DO FUNDO NACIONAL DE ASSISTÊNCIA SOCIAL - FNAS;0,00
PREFEITURA MUNICIPAL DE BARBACENA;25.003;FUNDO MUNICIPAL DE ASSISTENCIA SOCIAL - FMAS;2.310;REFORMA E MANUTENÇÃO DA CASA DE ACOLHIMENTO INSTITUCIONAL CRIANÇA E ADOLESCENTE;58;PROTEÇÃO SOCIAL ESPECIAL DE ALTA COMPLEXIDADE;8;Assistência Social;244;Assistência Comunitária;788;3.3.90.46.00.00.00.00;AUXÍLIO-ALIMENTAÇÃO;1.661.000.0000;TRANSFERÊNCIA DE RECURSOS DOS FUNDOS ESTADUAIS DE ASSISTÊNCIA SOCIAL;0,00
PREFEITURA MUNICIPAL DE BARBACENA;25.003;FUNDO MUNICIPAL DE ASSISTENCIA SOCIAL - FMAS;2.310;REFORMA E MANUTENÇÃO DA CASA DE ACOLHIMENTO INSTITUCIONAL CRIANÇA E ADOLESCENTE;58;PROTEÇÃO SOCIAL ESPECIAL DE ALTA COMPLEXIDADE;8;Assistência Social;244;Assistência Comunitária;788;3.3.90.46.00.00.00.00;AUXÍLIO-ALIMENTAÇÃO;2.661.000.0000;TRANSFERÊNCIA DE RECURSOS DOS FUNDOS ESTADUAIS DE ASSISTÊNCIA SOCIAL;0,00
PREFEITURA MUNICIPAL DE BARBACENA;25.003;FUNDO MUNICIPAL DE ASSISTENCIA SOCIAL - FMAS;2.310;REFORMA E MANUTENÇÃO DA CASA DE ACOLHIMENTO INSTITUCIONAL CRIANÇA E ADOLESCENTE;58;PROTEÇÃO SOCIAL ESPECIAL DE ALTA COMPLEXIDADE;8;Assistência Social;244;Assistência Comunitária;789;3.3.90.92.00.00.00.00;DESPESAS DE EXERCÍCIOS ANTERIORES;1.660.000.0000;TRANSFERÊNCIA DE RECURSOS DO FUNDO NACIONAL DE ASSISTÊNCIA SOCIAL - FNAS;1.000,00
PREFEITURA MUNICIPAL DE BARBACENA;25.003;FUNDO MUNICIPAL DE ASSISTENCIA SOCIAL - FMAS;2.310;REFORMA E MANUTENÇÃO DA CASA DE ACOLHIMENTO INSTITUCIONAL CRIANÇA E ADOLESCENTE;58;PROTEÇÃO SOCIAL ESPECIAL DE ALTA COMPLEXIDADE;8;Assistência Social;244;Assistência Comunitária;790;4.4.90.51.00.00.00.00;OBRAS E INSTALAÇÕES;1.501.000.0000;OUTROS RECURSOS NÃO VINCULADOS;15.000,00
PREFEITURA MUNICIPAL DE BARBACENA;25.003;FUNDO MUNICIPAL DE ASSISTENCIA SOCIAL - FMAS;2.310;REFORMA E MANUTENÇÃO DA CASA DE ACOLHIMENTO INSTITUCIONAL CRIANÇA E ADOLESCENTE;58;PROTEÇÃO SOCIAL ESPECIAL DE ALTA COMPLEXIDADE;8;Assistência Social;244;Assistência Comunitária;791;4.4.90.52.00.00.00.00;EQUIPAMENTOS E MATERIAL PERMANENTE;1.501.000.0000;OUTROS RECURSOS NÃO VINCULADOS;15.000,00
PREFEITURA MUNICIPAL DE BARBACENA;25.003;FUNDO MUNICIPAL DE ASSISTENCIA SOCIAL - FMAS;2.310;REFORMA E MANUTENÇÃO DA CASA DE ACOLHIMENTO INSTITUCIONAL CRIANÇA E ADOLESCENTE;58;PROTEÇÃO SOCIAL ESPECIAL DE ALTA COMPLEXIDADE;8;Assistência Social;244;Assistência Comunitária;791;4.4.90.52.00.00.00.00;EQUIPAMENTOS E MATERIAL PERMANENTE;1.660.000.0000;TRANSFERÊNCIA DE RECURSOS DO FUNDO NACIONAL DE ASSISTÊNCIA SOCIAL - FNAS;2.500,00
PREFEITURA MUNICIPAL DE BARBACENA;25.003;FUNDO MUNICIPAL DE ASSISTENCIA SOCIAL - FMAS;2.310;REFORMA E MANUTENÇÃO DA CASA DE ACOLHIMENTO INSTITUCIONAL CRIANÇA E ADOLESCENTE;58;PROTEÇÃO SOCIAL ESPECIAL DE ALTA COMPLEXIDADE;8;Assistência Social;244;Assistência Comunitária;925;3.1.90.11.00.00.00.00;VENCIMENTOS E VANTAGENS FIXAS - PESSOAL CIVIL;1.500.000.0000;RECURSOS NÃO VINCULADOS DE IMPOSTOS;0,00
PREFEITURA MUNICIPAL DE BARBACENA;25.003;FUNDO MUNICIPAL DE ASSISTENCIA SOCIAL - FMAS;2.310;REFORMA E MANUTENÇÃO DA CASA DE ACOLHIMENTO INSTITUCIONAL CRIANÇA E ADOLESCENTE;58;PROTEÇÃO SOCIAL ESPECIAL DE ALTA COMPLEXIDADE;8;Assistência Social;244;Assistência Comunitária;925;3.1.90.11.00.00.00.00;VENCIMENTOS E VANTAGENS FIXAS - PESSOAL CIVIL;1.661.000.0000;TRANSFERÊNCIA DE RECURSOS DOS FUNDOS ESTADUAIS DE ASSISTÊNCIA SOCIAL;0,00
PREFEITURA MUNICIPAL DE BARBACENA;25.003;FUNDO MUNICIPAL DE ASSISTENCIA SOCIAL - FMAS;2.310;REFORMA E MANUTENÇÃO DA CASA DE ACOLHIMENTO INSTITUCIONAL CRIANÇA E ADOLESCENTE;58;PROTEÇÃO SOCIAL ESPECIAL DE ALTA COMPLEXIDADE;8;Assistência Social;244;Assistência Comunitária;925;3.1.90.11.00.00.00.00;VENCIMENTOS E VANTAGENS FIXAS - PESSOAL CIVIL;2.661.000.0000;TRANSFERÊNCIA DE RECURSOS DOS FUNDOS ESTADUAIS DE ASSISTÊNCIA SOCIAL;0,00
PREFEITURA MUNICIPAL DE BARBACENA;25.003;FUNDO MUNICIPAL DE ASSISTENCIA SOCIAL - FMAS;2.310;REFORMA E MANUTENÇÃO DA CASA DE ACOLHIMENTO INSTITUCIONAL CRIANÇA E ADOLESCENTE;58;PROTEÇÃO SOCIAL ESPECIAL DE ALTA COMPLEXIDADE;8;Assistência Social;244;Assistência Comunitária;926;3.1.91.13.00.00.00.00;OBRIGAÇÕES PATRONAIS;1.500.000.0000;RECURSOS NÃO VINCULADOS DE IMPOSTOS;0,00
PREFEITURA MUNICIPAL DE BARBACENA;25.003;FUNDO MUNICIPAL DE ASSISTENCIA SOCIAL - FMAS;2.310;REFORMA E MANUTENÇÃO DA CASA DE ACOLHIMENTO INSTITUCIONAL CRIANÇA E ADOLESCENTE;58;PROTEÇÃO SOCIAL ESPECIAL DE ALTA COMPLEXIDADE;8;Assistência Social;244;Assistência Comunitária;926;3.1.91.13.00.00.00.00;OBRIGAÇÕES PATRONAIS;1.661.000.0000;TRANSFERÊNCIA DE RECURSOS DOS FUNDOS ESTADUAIS DE ASSISTÊNCIA SOCIAL;0,00
PREFEITURA MUNICIPAL DE BARBACENA;25.003;FUNDO MUNICIPAL DE ASSISTENCIA SOCIAL - FMAS;2.310;REFORMA E MANUTENÇÃO DA CASA DE ACOLHIMENTO INSTITUCIONAL CRIANÇA E ADOLESCENTE;58;PROTEÇÃO SOCIAL ESPECIAL DE ALTA COMPLEXIDADE;8;Assistência Social;244;Assistência Comunitária;926;3.1.91.13.00.00.00.00;OBRIGAÇÕES PATRONAIS;2.661.000.0000;TRANSFERÊNCIA DE RECURSOS DOS FUNDOS ESTADUAIS DE ASSISTÊNCIA SOCIAL;0,00
PREFEITURA MUNICIPAL DE BARBACENA;25.003;FUNDO MUNICIPAL DE ASSISTENCIA SOCIAL - FMAS;2.410;CRIAÇÃO, IMPLANTAÇÃO E MANUTENÇÃO CENTRO DE CONVIVENCIA INTERGERACIONAL;58;PROTEÇÃO SOCIAL ESPECIAL DE ALTA COMPLEXIDADE;8;Assistência Social;244;Assistência Comunitária;792;3.3.90.30.00.00.00.00;MATERIAL DE CONSUMO;1.500.000.0000;RECURSOS NÃO VINCULADOS DE IMPOSTOS;1.000,00
PREFEITURA MUNICIPAL DE BARBACENA;25.003;FUNDO MUNICIPAL DE ASSISTENCIA SOCIAL - FMAS;2.410;CRIAÇÃO, IMPLANTAÇÃO E MANUTENÇÃO CENTRO DE CONVIVENCIA INTERGERACIONAL;58;PROTEÇÃO SOCIAL ESPECIAL DE ALTA COMPLEXIDADE;8;Assistência Social;244;Assistência Comunitária;792;3.3.90.30.00.00.00.00;MATERIAL DE CONSUMO;1.660.000.0000;TRANSFERÊNCIA DE RECURSOS DO FUNDO NACIONAL DE ASSISTÊNCIA SOCIAL - FNAS;6.000,00
PREFEITURA MUNICIPAL DE BARBACENA;25.003;FUNDO MUNICIPAL DE ASSISTENCIA SOCIAL - FMAS;2.410;CRIAÇÃO, IMPLANTAÇÃO E MANUTENÇÃO CENTRO DE CONVIVENCIA INTERGERACIONAL;58;PROTEÇÃO SOCIAL ESPECIAL DE ALTA COMPLEXIDADE;8;Assistência Social;244;Assistência Comunitária;793;3.3.90.39.00.00.00.00;OUTROS SERVIÇOS DE TERCEIROS - PESSOA JURÍDICA;1.660.000.0000;TRANSFERÊNCIA DE RECURSOS DO FUNDO NACIONAL DE ASSISTÊNCIA SOCIAL - FNAS;3.500,00
PREFEITURA MUNICIPAL DE BARBACENA;25.003;FUNDO MUNICIPAL DE ASSISTENCIA SOCIAL - FMAS;2.410;CRIAÇÃO, IMPLANTAÇÃO E MANUTENÇÃO CENTRO DE CONVIVENCIA INTERGERACIONAL;58;PROTEÇÃO SOCIAL ESPECIAL DE ALTA COMPLEXIDADE;8;Assistência Social;244;Assistência Comunitária;794;4.4.90.51.00.00.00.00;OBRAS E INSTALAÇÕES;1.660.000.0000;TRANSFERÊNCIA DE RECURSOS DO FUNDO NACIONAL DE ASSISTÊNCIA SOCIAL - FNAS;6.000,00
PREFEITURA MUNICIPAL DE BARBACENA;25.003;FUNDO MUNICIPAL DE ASSISTENCIA SOCIAL - FMAS;2.410;CRIAÇÃO, IMPLANTAÇÃO E MANUTENÇÃO CENTRO DE CONVIVENCIA INTERGERACIONAL;58;PROTEÇÃO SOCIAL ESPECIAL DE ALTA COMPLEXIDADE;8;Assistência Social;244;Assistência Comunitária;795;4.4.90.52.00.00.00.00;EQUIPAMENTOS E MATERIAL PERMANENTE;1.501.000.0000;OUTROS RECURSOS NÃO VINCULADOS;15.000,00
PREFEITURA MUNICIPAL DE BARBACENA;25.003;FUNDO MUNICIPAL DE ASSISTENCIA SOCIAL - FMAS;2.411;CRIAÇÃO, IMPLANTAÇÃO E MANUTENÇÃO CENTRO DE ACOLHIMENTO FAMILIAR;58;PROTEÇÃO SOCIAL ESPECIAL DE ALTA COMPLEXIDADE;8;Assistência Social;244;Assistência Comunitária;796;3.3.90.30.00.00.00.00;MATERIAL DE CONSUMO;1.500.000.0000;RECURSOS NÃO VINCULADOS DE IMPOSTOS;1.000,00
PREFEITURA MUNICIPAL DE BARBACENA;25.003;FUNDO MUNICIPAL DE ASSISTENCIA SOCIAL - FMAS;2.411;CRIAÇÃO, IMPLANTAÇÃO E MANUTENÇÃO CENTRO DE ACOLHIMENTO FAMILIAR;58;PROTEÇÃO SOCIAL ESPECIAL DE ALTA COMPLEXIDADE;8;Assistência Social;244;Assistência Comunitária;796;3.3.90.30.00.00.00.00;MATERIAL DE CONSUMO;1.660.000.0000;TRANSFERÊNCIA DE RECURSOS DO FUNDO NACIONAL DE ASSISTÊNCIA SOCIAL - FNAS;6.000,00
PREFEITURA MUNICIPAL DE BARBACENA;25.003;FUNDO MUNICIPAL DE ASSISTENCIA SOCIAL - FMAS;2.411;CRIAÇÃO, IMPLANTAÇÃO E MANUTENÇÃO CENTRO DE ACOLHIMENTO FAMILIAR;58;PROTEÇÃO SOCIAL ESPECIAL DE ALTA COMPLEXIDADE;8;Assistência Social;244;Assistência Comunitária;796;3.3.90.30.00.00.00.00;MATERIAL DE CONSUMO;1.661.000.0000;TRANSFERÊNCIA DE RECURSOS DOS FUNDOS ESTADUAIS DE ASSISTÊNCIA SOCIAL;6.000,00
PREFEITURA MUNICIPAL DE BARBACENA;25.003;FUNDO MUNICIPAL DE ASSISTENCIA SOCIAL - FMAS;2.411;CRIAÇÃO, IMPLANTAÇÃO E MANUTENÇÃO CENTRO DE ACOLHIMENTO FAMILIAR;58;PROTEÇÃO SOCIAL ESPECIAL DE ALTA COMPLEXIDADE;8;Assistência Social;244;Assistência Comunitária;797;3.3.90.39.00.00.00.00;OUTROS SERVIÇOS DE TERCEIROS - PESSOA JURÍDICA;1.660.000.0000;TRANSFERÊNCIA DE RECURSOS DO FUNDO NACIONAL DE ASSISTÊNCIA SOCIAL - FNAS;4.000,00
PREFEITURA MUNICIPAL DE BARBACENA;25.003;FUNDO MUNICIPAL DE ASSISTENCIA SOCIAL - FMAS;2.412;CRIAÇÃO, IMPLANTAÇÃO E MANUTENÇÃO CASA ALBERGUE;58;PROTEÇÃO SOCIAL ESPECIAL DE ALTA COMPLEXIDADE;8;Assistência Social;244;Assistência Comunitária;798;3.3.90.30.00.00.00.00;MATERIAL DE CONSUMO;1.500.000.0000;RECURSOS NÃO VINCULADOS DE IMPOSTOS;1.000,00
PREFEITURA MUNICIPAL DE BARBACENA;25.003;FUNDO MUNICIPAL DE ASSISTENCIA SOCIAL - FMAS;2.412;CRIAÇÃO, IMPLANTAÇÃO E MANUTENÇÃO CASA ALBERGUE;58;PROTEÇÃO SOCIAL ESPECIAL DE ALTA COMPLEXIDADE;8;Assistência Social;244;Assistência Comunitária;798;3.3.90.30.00.00.00.00;MATERIAL DE CONSUMO;1.660.000.0000;TRANSFERÊNCIA DE RECURSOS DO FUNDO NACIONAL DE ASSISTÊNCIA SOCIAL - FNAS;6.000,00
PREFEITURA MUNICIPAL DE BARBACENA;25.003;FUNDO MUNICIPAL DE ASSISTENCIA SOCIAL - FMAS;2.412;CRIAÇÃO, IMPLANTAÇÃO E MANUTENÇÃO CASA ALBERGUE;58;PROTEÇÃO SOCIAL ESPECIAL DE ALTA COMPLEXIDADE;8;Assistência Social;244;Assistência Comunitária;798;3.3.90.30.00.00.00.00;MATERIAL DE CONSUMO;1.661.000.0000;TRANSFERÊNCIA DE RECURSOS DOS FUNDOS ESTADUAIS DE ASSISTÊNCIA SOCIAL;6.000,00
PREFEITURA MUNICIPAL DE BARBACENA;25.003;FUNDO MUNICIPAL DE ASSISTENCIA SOCIAL - FMAS;2.412;CRIAÇÃO, IMPLANTAÇÃO E MANUTENÇÃO CASA ALBERGUE;58;PROTEÇÃO SOCIAL ESPECIAL DE ALTA COMPLEXIDADE;8;Assistência Social;244;Assistência Comunitária;799;3.3.90.39.00.00.00.00;OUTROS SERVIÇOS DE TERCEIROS - PESSOA JURÍDICA;1.501.000.0000;OUTROS RECURSOS NÃO VINCULADOS;20.000,00
PREFEITURA MUNICIPAL DE BARBACENA;25.003;FUNDO MUNICIPAL DE ASSISTENCIA SOCIAL - FMAS;2.412;CRIAÇÃO, IMPLANTAÇÃO E MANUTENÇÃO CASA ALBERGUE;58;PROTEÇÃO SOCIAL ESPECIAL DE ALTA COMPLEXIDADE;8;Assistência Social;244;Assistência Comunitária;799;3.3.90.39.00.00.00.00;OUTROS SERVIÇOS DE TERCEIROS - PESSOA JURÍDICA;1.660.000.0000;TRANSFERÊNCIA DE RECURSOS DO FUNDO NACIONAL DE ASSISTÊNCIA SOCIAL - FNAS;4.000,00
PREFEITURA MUNICIPAL DE BARBACENA;25.003;FUNDO MUNICIPAL DE ASSISTENCIA SOCIAL - FMAS;2.413;CRIAÇÃO, IMPLANTAÇÃO E MANUTENÇÃO NOVA CASA DE ACOLHIMENTO;58;PROTEÇÃO SOCIAL ESPECIAL DE ALTA COMPLEXIDADE;8;Assistência Social;244;Assistência Comunitária;800;3.3.90.30.00.00.00.00;MATERIAL DE CONSUMO;1.500.000.0000;RECURSOS NÃO VINCULADOS DE IMPOSTOS;1.000,00
PREFEITURA MUNICIPAL DE BARBACENA;25.003;FUNDO MUNICIPAL DE ASSISTENCIA SOCIAL - FMAS;2.413;CRIAÇÃO, IMPLANTAÇÃO E MANUTENÇÃO NOVA CASA DE ACOLHIMENTO;58;PROTEÇÃO SOCIAL ESPECIAL DE ALTA COMPLEXIDADE;8;Assistência Social;244;Assistência Comunitária;800;3.3.90.30.00.00.00.00;MATERIAL DE CONSUMO;1.660.000.0000;TRANSFERÊNCIA DE RECURSOS DO FUNDO NACIONAL DE ASSISTÊNCIA SOCIAL - FNAS;6.000,00
PREFEITURA MUNICIPAL DE BARBACENA;25.003;FUNDO MUNICIPAL DE ASSISTENCIA SOCIAL - FMAS;2.413;CRIAÇÃO, IMPLANTAÇÃO E MANUTENÇÃO NOVA CASA DE ACOLHIMENTO;58;PROTEÇÃO SOCIAL ESPECIAL DE ALTA COMPLEXIDADE;8;Assistência Social;244;Assistência Comunitária;801;3.3.90.39.00.00.00.00;OUTROS SERVIÇOS DE TERCEIROS - PESSOA JURÍDICA;1.501.000.0000;OUTROS RECURSOS NÃO VINCULADOS;30.000,00
PREFEITURA MUNICIPAL DE BARBACENA;25.003;FUNDO MUNICIPAL DE ASSISTENCIA SOCIAL - FMAS;2.413;CRIAÇÃO, IMPLANTAÇÃO E MANUTENÇÃO NOVA CASA DE ACOLHIMENTO;58;PROTEÇÃO SOCIAL ESPECIAL DE ALTA COMPLEXIDADE;8;Assistência Social;244;Assistência Comunitária;801;3.3.90.39.00.00.00.00;OUTROS SERVIÇOS DE TERCEIROS - PESSOA JURÍDICA;1.660.000.0000;TRANSFERÊNCIA DE RECURSOS DO FUNDO NACIONAL DE ASSISTÊNCIA SOCIAL - FNAS;4.000,00
PREFEITURA MUNICIPAL DE BARBACENA;25.003;FUNDO MUNICIPAL DE ASSISTENCIA SOCIAL - FMAS;2.413;CRIAÇÃO, IMPLANTAÇÃO E MANUTENÇÃO NOVA CASA DE ACOLHIMENTO;58;PROTEÇÃO SOCIAL ESPECIAL DE ALTA COMPLEXIDADE;8;Assistência Social;244;Assistência Comunitária;802;4.4.90.51.00.00.00.00;OBRAS E INSTALAÇÕES;1.660.000.0000;TRANSFERÊNCIA DE RECURSOS DO FUNDO NACIONAL DE ASSISTÊNCIA SOCIAL - FNAS;6.000,00
PREFEITURA MUNICIPAL DE BARBACENA;25.003;FUNDO MUNICIPAL DE ASSISTENCIA SOCIAL - FMAS;2.477;INSTITUIR, REGUL. E IMPLEM. PROG. SAÚDE MENSTRUAL NO CAIB E NO NÚCLEO DE APOIO AO CIDADÃO DE RUA;58;PROTEÇÃO SOCIAL ESPECIAL DE ALTA COMPLEXIDADE;8;Assistência Social;244;Assistência Comunitária;803;3.3.90.30.00.00.00.00;MATERIAL DE CONSUMO;1.501.000.0000;OUTROS RECURSOS NÃO VINCULADOS;50.000,00
PREFEITURA MUNICIPAL DE BARBACENA;25.003;FUNDO MUNICIPAL DE ASSISTENCIA SOCIAL - FMAS;2.665;MANUTENÇÃO DA CASA DE PASSAGEM;58;PROTEÇÃO SOCIAL ESPECIAL DE ALTA COMPLEXIDADE;8;Assistência Social;244;Assistência Comunitária;804;3.1.90.04.00.00.00.00;CONTRATAÇÃO POR TEMPO DETERMINADO;1.500.000.0000;RECURSOS NÃO VINCULADOS DE IMPOSTOS;58.634,43
PREFEITURA MUNICIPAL DE BARBACENA;25.003;FUNDO MUNICIPAL DE ASSISTENCIA SOCIAL - FMAS;2.665;MANUTENÇÃO DA CASA DE PASSAGEM;58;PROTEÇÃO SOCIAL ESPECIAL DE ALTA COMPLEXIDADE;8;Assistência Social;244;Assistência Comunitária;804;3.1.90.04.00.00.00.00;CONTRATAÇÃO POR TEMPO DETERMINADO;1.660.000.0000;TRANSFERÊNCIA DE RECURSOS DO FUNDO NACIONAL DE ASSISTÊNCIA SOCIAL - FNAS;15.000,00
PREFEITURA MUNICIPAL DE BARBACENA;25.003;FUNDO MUNICIPAL DE ASSISTENCIA SOCIAL - FMAS;2.665;MANUTENÇÃO DA CASA DE PASSAGEM;58;PROTEÇÃO SOCIAL ESPECIAL DE ALTA COMPLEXIDADE;8;Assistência Social;244;Assistência Comunitária;805;3.1.90.11.00.00.00.00;VENCIMENTOS E VANTAGENS FIXAS - PESSOAL CIVIL;1.500.000.0000;RECURSOS NÃO VINCULADOS DE IMPOSTOS;3.000,00
PREFEITURA MUNICIPAL DE BARBACENA;25.003;FUNDO MUNICIPAL DE ASSISTENCIA SOCIAL - FMAS;2.665;MANUTENÇÃO DA CASA DE PASSAGEM;58;PROTEÇÃO SOCIAL ESPECIAL DE ALTA COMPLEXIDADE;8;Assistência Social;244;Assistência Comunitária;805;3.1.90.11.00.00.00.00;VENCIMENTOS E VANTAGENS FIXAS - PESSOAL CIVIL;1.660.000.0000;TRANSFERÊNCIA DE RECURSOS DO FUNDO NACIONAL DE ASSISTÊNCIA SOCIAL - FNAS;2.000,00
PREFEITURA MUNICIPAL DE BARBACENA;25.003;FUNDO MUNICIPAL DE ASSISTENCIA SOCIAL - FMAS;2.665;MANUTENÇÃO DA CASA DE PASSAGEM;58;PROTEÇÃO SOCIAL ESPECIAL DE ALTA COMPLEXIDADE;8;Assistência Social;244;Assistência Comunitária;806;3.1.90.13.00.00.00.00;OBRIGAÇÕES PATRONAIS;1.500.000.0000;RECURSOS NÃO VINCULADOS DE IMPOSTOS;1.000,00
PREFEITURA MUNICIPAL DE BARBACENA;25.003;FUNDO MUNICIPAL DE ASSISTENCIA SOCIAL - FMAS;2.665;MANUTENÇÃO DA CASA DE PASSAGEM;58;PROTEÇÃO SOCIAL ESPECIAL DE ALTA COMPLEXIDADE;8;Assistência Social;244;Assistência Comunitária;806;3.1.90.13.00.00.00.00;OBRIGAÇÕES PATRONAIS;1.660.000.0000;TRANSFERÊNCIA DE RECURSOS DO FUNDO NACIONAL DE ASSISTÊNCIA SOCIAL - FNAS;5.000,00
PREFEITURA MUNICIPAL DE BARBACENA;25.003;FUNDO MUNICIPAL DE ASSISTENCIA SOCIAL - FMAS;2.665;MANUTENÇÃO DA CASA DE PASSAGEM;58;PROTEÇÃO SOCIAL ESPECIAL DE ALTA COMPLEXIDADE;8;Assistência Social;244;Assistência Comunitária;807;3.1.91.13.00.00.00.00;OBRIGAÇÕES PATRONAIS;1.500.000.0000;RECURSOS NÃO VINCULADOS DE IMPOSTOS;2.000,00
PREFEITURA MUNICIPAL DE BARBACENA;25.003;FUNDO MUNICIPAL DE ASSISTENCIA SOCIAL - FMAS;2.665;MANUTENÇÃO DA CASA DE PASSAGEM;58;PROTEÇÃO SOCIAL ESPECIAL DE ALTA COMPLEXIDADE;8;Assistência Social;244;Assistência Comunitária;807;3.1.91.13.00.00.00.00;OBRIGAÇÕES PATRONAIS;1.660.000.0000;TRANSFERÊNCIA DE RECURSOS DO FUNDO NACIONAL DE ASSISTÊNCIA SOCIAL - FNAS;1.000,00
PREFEITURA MUNICIPAL DE BARBACENA;25.003;FUNDO MUNICIPAL DE ASSISTENCIA SOCIAL - FMAS;2.665;MANUTENÇÃO DA CASA DE PASSAGEM;58;PROTEÇÃO SOCIAL ESPECIAL DE ALTA COMPLEXIDADE;8;Assistência Social;244;Assistência Comunitária;808;3.3.90.08.00.00.00.00;OUTROS BENEFÍCIOS ASSISTENCIAIS-SERVIDOR/MILITAR;1.500.000.0000;RECURSOS NÃO VINCULADOS DE IMPOSTOS;3.000,00
PREFEITURA MUNICIPAL DE BARBACENA;25.003;FUNDO MUNICIPAL DE ASSISTENCIA SOCIAL - FMAS;2.665;MANUTENÇÃO DA CASA DE PASSAGEM;58;PROTEÇÃO SOCIAL ESPECIAL DE ALTA COMPLEXIDADE;8;Assistência Social;244;Assistência Comunitária;808;3.3.90.08.00.00.00.00;OUTROS BENEFÍCIOS ASSISTENCIAIS-SERVIDOR/MILITAR;1.660.000.0000;TRANSFERÊNCIA DE RECURSOS DO FUNDO NACIONAL DE ASSISTÊNCIA SOCIAL - FNAS;2.000,00
PREFEITURA MUNICIPAL DE BARBACENA;25.003;FUNDO MUNICIPAL DE ASSISTENCIA SOCIAL - FMAS;2.665;MANUTENÇÃO DA CASA DE PASSAGEM;58;PROTEÇÃO SOCIAL ESPECIAL DE ALTA COMPLEXIDADE;8;Assistência Social;244;Assistência Comunitária;809;3.3.90.18.00.00.00.00;AUXÍLIO FINANCEIRO A ESTUDANTES;1.500.000.0000;RECURSOS NÃO VINCULADOS DE IMPOSTOS;1.000,00
PREFEITURA MUNICIPAL DE BARBACENA;25.003;FUNDO MUNICIPAL DE ASSISTENCIA SOCIAL - FMAS;2.665;MANUTENÇÃO DA CASA DE PASSAGEM;58;PROTEÇÃO SOCIAL ESPECIAL DE ALTA COMPLEXIDADE;8;Assistência Social;244;Assistência Comunitária;809;3.3.90.18.00.00.00.00;AUXÍLIO FINANCEIRO A ESTUDANTES;1.660.000.0000;TRANSFERÊNCIA DE RECURSOS DO FUNDO NACIONAL DE ASSISTÊNCIA SOCIAL - FNAS;1.000,00
PREFEITURA MUNICIPAL DE BARBACENA;25.003;FUNDO MUNICIPAL DE ASSISTENCIA SOCIAL - FMAS;2.665;MANUTENÇÃO DA CASA DE PASSAGEM;58;PROTEÇÃO SOCIAL ESPECIAL DE ALTA COMPLEXIDADE;8;Assistência Social;244;Assistência Comunitária;810;3.3.90.30.00.00.00.00;MATERIAL DE CONSUMO;1.500.000.0000;RECURSOS NÃO VINCULADOS DE IMPOSTOS;5.000,00
PREFEITURA MUNICIPAL DE BARBACENA;25.003;FUNDO MUNICIPAL DE ASSISTENCIA SOCIAL - FMAS;2.665;MANUTENÇÃO DA CASA DE PASSAGEM;58;PROTEÇÃO SOCIAL ESPECIAL DE ALTA COMPLEXIDADE;8;Assistência Social;244;Assistência Comunitária;810;3.3.90.30.00.00.00.00;MATERIAL DE CONSUMO;1.660.000.0000;TRANSFERÊNCIA DE RECURSOS DO FUNDO NACIONAL DE ASSISTÊNCIA SOCIAL - FNAS;80.773,19
PREFEITURA MUNICIPAL DE BARBACENA;25.003;FUNDO MUNICIPAL DE ASSISTENCIA SOCIAL - FMAS;2.665;MANUTENÇÃO DA CASA DE PASSAGEM;58;PROTEÇÃO SOCIAL ESPECIAL DE ALTA COMPLEXIDADE;8;Assistência Social;244;Assistência Comunitária;811;3.3.90.36.00.00.00.00;OUTROS SERVIÇOS DE TERCEIROS - PESSOA FÍSICA;1.661.000.0000;TRANSFERÊNCIA DE RECURSOS DOS FUNDOS ESTADUAIS DE ASSISTÊNCIA SOCIAL;75.000,00
PREFEITURA MUNICIPAL DE BARBACENA;25.003;FUNDO MUNICIPAL DE ASSISTENCIA SOCIAL - FMAS;2.665;MANUTENÇÃO DA CASA DE PASSAGEM;58;PROTEÇÃO SOCIAL ESPECIAL DE ALTA COMPLEXIDADE;8;Assistência Social;244;Assistência Comunitária;812;3.3.90.39.00.00.00.00;OUTROS SERVIÇOS DE TERCEIROS - PESSOA JURÍDICA;1.500.000.0000;RECURSOS NÃO VINCULADOS DE IMPOSTOS;15.000,00
PREFEITURA MUNICIPAL DE BARBACENA;25.003;FUNDO MUNICIPAL DE ASSISTENCIA SOCIAL - FMAS;2.665;MANUTENÇÃO DA CASA DE PASSAGEM;58;PROTEÇÃO SOCIAL ESPECIAL DE ALTA COMPLEXIDADE;8;Assistência Social;244;Assistência Comunitária;812;3.3.90.39.00.00.00.00;OUTROS SERVIÇOS DE TERCEIROS - PESSOA JURÍDICA;1.501.000.0000;OUTROS RECURSOS NÃO VINCULADOS;1.000,00
PREFEITURA MUNICIPAL DE BARBACENA;25.003;FUNDO MUNICIPAL DE ASSISTENCIA SOCIAL - FMAS;2.665;MANUTENÇÃO DA CASA DE PASSAGEM;58;PROTEÇÃO SOCIAL ESPECIAL DE ALTA COMPLEXIDADE;8;Assistência Social;244;Assistência Comunitária;812;3.3.90.39.00.00.00.00;OUTROS SERVIÇOS DE TERCEIROS - PESSOA JURÍDICA;1.660.000.0000;TRANSFERÊNCIA DE RECURSOS DO FUNDO NACIONAL DE ASSISTÊNCIA SOCIAL - FNAS;35.000,00
PREFEITURA MUNICIPAL DE BARBACENA;25.003;FUNDO MUNICIPAL DE ASSISTENCIA SOCIAL - FMAS;2.665;MANUTENÇÃO DA CASA DE PASSAGEM;58;PROTEÇÃO SOCIAL ESPECIAL DE ALTA COMPLEXIDADE;8;Assistência Social;244;Assistência Comunitária;813;3.3.90.46.00.00.00.00;AUXÍLIO-ALIMENTAÇÃO;1.500.000.0000;RECURSOS NÃO VINCULADOS DE IMPOSTOS;13.650,00
PREFEITURA MUNICIPAL DE BARBACENA;25.003;FUNDO MUNICIPAL DE ASSISTENCIA SOCIAL - FMAS;2.665;MANUTENÇÃO DA CASA DE PASSAGEM;58;PROTEÇÃO SOCIAL ESPECIAL DE ALTA COMPLEXIDADE;8;Assistência Social;244;Assistência Comunitária;813;3.3.90.46.00.00.00.00;AUXÍLIO-ALIMENTAÇÃO;1.660.000.0000;TRANSFERÊNCIA DE RECURSOS DO FUNDO NACIONAL DE ASSISTÊNCIA SOCIAL - FNAS;0,00
PREFEITURA MUNICIPAL DE BARBACENA;25.003;FUNDO MUNICIPAL DE ASSISTENCIA SOCIAL - FMAS;2.665;MANUTENÇÃO DA CASA DE PASSAGEM;58;PROTEÇÃO SOCIAL ESPECIAL DE ALTA COMPLEXIDADE;8;Assistência Social;244;Assistência Comunitária;814;3.3.90.92.00.00.00.00;DESPESAS DE EXERCÍCIOS ANTERIORES;1.660.000.0000;TRANSFERÊNCIA DE RECURSOS DO FUNDO NACIONAL DE ASSISTÊNCIA SOCIAL - FNAS;1.000,00
PREFEITURA MUNICIPAL DE BARBACENA;25.003;FUNDO MUNICIPAL DE ASSISTENCIA SOCIAL - FMAS;2.665;MANUTENÇÃO DA CASA DE PASSAGEM;58;PROTEÇÃO SOCIAL ESPECIAL DE ALTA COMPLEXIDADE;8;Assistência Social;244;Assistência Comunitária;815;4.4.90.51.00.00.00.00;OBRAS E INSTALAÇÕES;1.660.000.0000;TRANSFERÊNCIA DE RECURSOS DO FUNDO NACIONAL DE ASSISTÊNCIA SOCIAL - FNAS;1.000,00
PREFEITURA MUNICIPAL DE BARBACENA;25.003;FUNDO MUNICIPAL DE ASSISTENCIA SOCIAL - FMAS;2.665;MANUTENÇÃO DA CASA DE PASSAGEM;58;PROTEÇÃO SOCIAL ESPECIAL DE ALTA COMPLEXIDADE;8;Assistência Social;244;Assistência Comunitária;816;4.4.90.52.00.00.00.00;EQUIPAMENTOS E MATERIAL PERMANENTE;1.501.000.0000;OUTROS RECURSOS NÃO VINCULADOS;25.000,00
PREFEITURA MUNICIPAL DE BARBACENA;25.003;FUNDO MUNICIPAL DE ASSISTENCIA SOCIAL - FMAS;2.665;MANUTENÇÃO DA CASA DE PASSAGEM;58;PROTEÇÃO SOCIAL ESPECIAL DE ALTA COMPLEXIDADE;8;Assistência Social;244;Assistência Comunitária;816;4.4.90.52.00.00.00.00;EQUIPAMENTOS E MATERIAL PERMANENTE;1.660.000.0000;TRANSFERÊNCIA DE RECURSOS DO FUNDO NACIONAL DE ASSISTÊNCIA SOCIAL - FNAS;2.000,00
PREFEITURA MUNICIPAL DE BARBACENA;25.003;FUNDO MUNICIPAL DE ASSISTENCIA SOCIAL - FMAS;2.602;ACOLHIMENTO INSTITUCIONAL - FAMILIA ACOLHEDORA;58;PROTEÇÃO SOCIAL ESPECIAL DE ALTA COMPLEXIDADE;8;Assistência Social;306;Alimentação e Nutrição;844;3.3.90.30.00.00.00.00;MATERIAL DE CONSUMO;1.500.000.0000;RECURSOS NÃO VINCULADOS DE IMPOSTOS;4.000,00
PREFEITURA MUNICIPAL DE BARBACENA;25.003;FUNDO MUNICIPAL DE ASSISTENCIA SOCIAL - FMAS;2.602;ACOLHIMENTO INSTITUCIONAL - FAMILIA ACOLHEDORA;58;PROTEÇÃO SOCIAL ESPECIAL DE ALTA COMPLEXIDADE;8;Assistência Social;306;Alimentação e Nutrição;845;3.3.90.36.00.00.00.00;OUTROS SERVIÇOS DE TERCEIROS - PESSOA FÍSICA;1.500.000.0000;RECURSOS NÃO VINCULADOS DE IMPOSTOS;3.500,00
PREFEITURA MUNICIPAL DE BARBACENA;25.003;FUNDO MUNICIPAL DE ASSISTENCIA SOCIAL - FMAS;2.602;ACOLHIMENTO INSTITUCIONAL - FAMILIA ACOLHEDORA;58;PROTEÇÃO SOCIAL ESPECIAL DE ALTA COMPLEXIDADE;8;Assistência Social;306;Alimentação e Nutrição;845;3.3.90.36.00.00.00.00;OUTROS SERVIÇOS DE TERCEIROS - PESSOA FÍSICA;1.661.000.0000;TRANSFERÊNCIA DE RECURSOS DOS FUNDOS ESTADUAIS DE ASSISTÊNCIA SOCIAL;15.000,00
PREFEITURA MUNICIPAL DE BARBACENA;25.003;FUNDO MUNICIPAL DE ASSISTENCIA SOCIAL - FMAS;2.317;MANUTENÇÃO DE PROGRAMAS MUNICIPAIS DE HABITAÇAO DE INTERESSE SOCIAL;59;PROGRAMAS FEDERAIS E MUNICIPAIS;8;Assistência Social;244;Assistência Comunitária;817;3.3.90.30.00.00.00.00;MATERIAL DE CONSUMO;1.500.000.0000;RECURSOS NÃO VINCULADOS DE IMPOSTOS;2.000,00
PREFEITURA MUNICIPAL DE BARBACENA;25.003;FUNDO MUNICIPAL DE ASSISTENCIA SOCIAL - FMAS;2.317;MANUTENÇÃO DE PROGRAMAS MUNICIPAIS DE HABITAÇAO DE INTERESSE SOCIAL;59;PROGRAMAS FEDERAIS E MUNICIPAIS;8;Assistência Social;244;Assistência Comunitária;818;3.3.90.36.00.00.00.00;OUTROS SERVIÇOS DE TERCEIROS - PESSOA FÍSICA;1.500.000.0000;RECURSOS NÃO VINCULADOS DE IMPOSTOS;2.000,00
PREFEITURA MUNICIPAL DE BARBACENA;25.003;FUNDO MUNICIPAL DE ASSISTENCIA SOCIAL - FMAS;2.317;MANUTENÇÃO DE PROGRAMAS MUNICIPAIS DE HABITAÇAO DE INTERESSE SOCIAL;59;PROGRAMAS FEDERAIS E MUNICIPAIS;8;Assistência Social;244;Assistência Comunitária;819;3.3.90.39.00.00.00.00;OUTROS SERVIÇOS DE TERCEIROS - PESSOA JURÍDICA;1.500.000.0000;RECURSOS NÃO VINCULADOS DE IMPOSTOS;2.500,00
PREFEITURA MUNICIPAL DE BARBACENA;25.003;FUNDO MUNICIPAL DE ASSISTENCIA SOCIAL - FMAS;2.317;MANUTENÇÃO DE PROGRAMAS MUNICIPAIS DE HABITAÇAO DE INTERESSE SOCIAL;59;PROGRAMAS FEDERAIS E MUNICIPAIS;8;Assistência Social;244;Assistência Comunitária;820;4.4.90.52.00.00.00.00;EQUIPAMENTOS E MATERIAL PERMANENTE;1.500.000.0000;RECURSOS NÃO VINCULADOS DE IMPOSTOS;3.000,00
PREFEITURA MUNICIPAL DE BARBACENA;25.003;FUNDO MUNICIPAL DE ASSISTENCIA SOCIAL - FMAS;2.318;MANUTENÇÃO DO CADUNICO E PROGRAMA BOLSA FAMILIA;59;PROGRAMAS FEDERAIS E MUNICIPAIS;8;Assistência Social;244;Assistência Comunitária;821;3.1.90.04.00.00.00.00;CONTRATAÇÃO POR TEMPO DETERMINADO;1.500.000.0000;RECURSOS NÃO VINCULADOS DE IMPOSTOS;111.118,11
PREFEITURA MUNICIPAL DE BARBACENA;25.003;FUNDO MUNICIPAL DE ASSISTENCIA SOCIAL - FMAS;2.318;MANUTENÇÃO DO CADUNICO E PROGRAMA BOLSA FAMILIA;59;PROGRAMAS FEDERAIS E MUNICIPAIS;8;Assistência Social;244;Assistência Comunitária;821;3.1.90.04.00.00.00.00;CONTRATAÇÃO POR TEMPO DETERMINADO;1.660.000.0000;TRANSFERÊNCIA DE RECURSOS DO FUNDO NACIONAL DE ASSISTÊNCIA SOCIAL - FNAS;95.000,00
PREFEITURA MUNICIPAL DE BARBACENA;25.003;FUNDO MUNICIPAL DE ASSISTENCIA SOCIAL - FMAS;2.318;MANUTENÇÃO DO CADUNICO E PROGRAMA BOLSA FAMILIA;59;PROGRAMAS FEDERAIS E MUNICIPAIS;8;Assistência Social;244;Assistência Comunitária;822;3.1.90.13.00.00.00.00;OBRIGAÇÕES PATRONAIS;1.660.000.0000;TRANSFERÊNCIA DE RECURSOS DO FUNDO NACIONAL DE ASSISTÊNCIA SOCIAL - FNAS;1.500,00
PREFEITURA MUNICIPAL DE BARBACENA;25.003;FUNDO MUNICIPAL DE ASSISTENCIA SOCIAL - FMAS;2.318;MANUTENÇÃO DO CADUNICO E PROGRAMA BOLSA FAMILIA;59;PROGRAMAS FEDERAIS E MUNICIPAIS;8;Assistência Social;244;Assistência Comunitária;823;3.3.90.14.00.00.00.00;DIÁRIAS - PESSOAL CIVIL;1.660.000.0000;TRANSFERÊNCIA DE RECURSOS DO FUNDO NACIONAL DE ASSISTÊNCIA SOCIAL - FNAS;3.000,00
PREFEITURA MUNICIPAL DE BARBACENA;25.003;FUNDO MUNICIPAL DE ASSISTENCIA SOCIAL - FMAS;2.318;MANUTENÇÃO DO CADUNICO E PROGRAMA BOLSA FAMILIA;59;PROGRAMAS FEDERAIS E MUNICIPAIS;8;Assistência Social;244;Assistência Comunitária;824;3.3.90.18.00.00.00.00;AUXÍLIO FINANCEIRO A ESTUDANTES;1.660.000.0000;TRANSFERÊNCIA DE RECURSOS DO FUNDO NACIONAL DE ASSISTÊNCIA SOCIAL - FNAS;1.000,00
PREFEITURA MUNICIPAL DE BARBACENA;25.003;FUNDO MUNICIPAL DE ASSISTENCIA SOCIAL - FMAS;2.318;MANUTENÇÃO DO CADUNICO E PROGRAMA BOLSA FAMILIA;59;PROGRAMAS FEDERAIS E MUNICIPAIS;8;Assistência Social;244;Assistência Comunitária;825;3.3.90.30.00.00.00.00;MATERIAL DE CONSUMO;1.500.000.0000;RECURSOS NÃO VINCULADOS DE IMPOSTOS;5.000,00
PREFEITURA MUNICIPAL DE BARBACENA;25.003;FUNDO MUNICIPAL DE ASSISTENCIA SOCIAL - FMAS;2.318;MANUTENÇÃO DO CADUNICO E PROGRAMA BOLSA FAMILIA;59;PROGRAMAS FEDERAIS E MUNICIPAIS;8;Assistência Social;244;Assistência Comunitária;825;3.3.90.30.00.00.00.00;MATERIAL DE CONSUMO;1.660.000.0000;TRANSFERÊNCIA DE RECURSOS DO FUNDO NACIONAL DE ASSISTÊNCIA SOCIAL - FNAS;46.683,64
PREFEITURA MUNICIPAL DE BARBACENA;25.003;FUNDO MUNICIPAL DE ASSISTENCIA SOCIAL - FMAS;2.318;MANUTENÇÃO DO CADUNICO E PROGRAMA BOLSA FAMILIA;59;PROGRAMAS FEDERAIS E MUNICIPAIS;8;Assistência Social;244;Assistência Comunitária;826;3.3.90.36.00.00.00.00;OUTROS SERVIÇOS DE TERCEIROS - PESSOA FÍSICA;1.660.000.0000;TRANSFERÊNCIA DE RECURSOS DO FUNDO NACIONAL DE ASSISTÊNCIA SOCIAL - FNAS;4.500,00
PREFEITURA MUNICIPAL DE BARBACENA;25.003;FUNDO MUNICIPAL DE ASSISTENCIA SOCIAL - FMAS;2.318;MANUTENÇÃO DO CADUNICO E PROGRAMA BOLSA FAMILIA;59;PROGRAMAS FEDERAIS E MUNICIPAIS;8;Assistência Social;244;Assistência Comunitária;827;3.3.90.39.00.00.00.00;OUTROS SERVIÇOS DE TERCEIROS - PESSOA JURÍDICA;1.500.000.0000;RECURSOS NÃO VINCULADOS DE IMPOSTOS;15.000,00
PREFEITURA MUNICIPAL DE BARBACENA;25.003;FUNDO MUNICIPAL DE ASSISTENCIA SOCIAL - FMAS;2.318;MANUTENÇÃO DO CADUNICO E PROGRAMA BOLSA FAMILIA;59;PROGRAMAS FEDERAIS E MUNICIPAIS;8;Assistência Social;244;Assistência Comunitária;827;3.3.90.39.00.00.00.00;OUTROS SERVIÇOS DE TERCEIROS - PESSOA JURÍDICA;1.660.000.0000;TRANSFERÊNCIA DE RECURSOS DO FUNDO NACIONAL DE ASSISTÊNCIA SOCIAL - FNAS;55.534,82
PREFEITURA MUNICIPAL DE BARBACENA;25.003;FUNDO MUNICIPAL DE ASSISTENCIA SOCIAL - FMAS;2.318;MANUTENÇÃO DO CADUNICO E PROGRAMA BOLSA FAMILIA;59;PROGRAMAS FEDERAIS E MUNICIPAIS;8;Assistência Social;244;Assistência Comunitária;827;3.3.90.39.00.00.00.00;OUTROS SERVIÇOS DE TERCEIROS - PESSOA JURÍDICA;2.660.000.0000;TRANSFERÊNCIA DE RECURSOS DO FUNDO NACIONAL DE ASSISTÊNCIA SOCIAL - FNAS;0,00
PREFEITURA MUNICIPAL DE BARBACENA;25.003;FUNDO MUNICIPAL DE ASSISTENCIA SOCIAL - FMAS;2.318;MANUTENÇÃO DO CADUNICO E PROGRAMA BOLSA FAMILIA;59;PROGRAMAS FEDERAIS E MUNICIPAIS;8;Assistência Social;244;Assistência Comunitária;828;3.3.90.46.00.00.00.00;AUXÍLIO-ALIMENTAÇÃO;1.500.000.0000;RECURSOS NÃO VINCULADOS DE IMPOSTOS;10.237,50
PREFEITURA MUNICIPAL DE BARBACENA;25.003;FUNDO MUNICIPAL DE ASSISTENCIA SOCIAL - FMAS;2.318;MANUTENÇÃO DO CADUNICO E PROGRAMA BOLSA FAMILIA;59;PROGRAMAS FEDERAIS E MUNICIPAIS;8;Assistência Social;244;Assistência Comunitária;828;3.3.90.46.00.00.00.00;AUXÍLIO-ALIMENTAÇÃO;1.660.000.0000;TRANSFERÊNCIA DE RECURSOS DO FUNDO NACIONAL DE ASSISTÊNCIA SOCIAL - FNAS;0,00
PREFEITURA MUNICIPAL DE BARBACENA;25.003;FUNDO MUNICIPAL DE ASSISTENCIA SOCIAL - FMAS;2.318;MANUTENÇÃO DO CADUNICO E PROGRAMA BOLSA FAMILIA;59;PROGRAMAS FEDERAIS E MUNICIPAIS;8;Assistência Social;244;Assistência Comunitária;829;3.3.90.92.00.00.00.00;DESPESAS DE EXERCÍCIOS ANTERIORES;1.660.000.0000;TRANSFERÊNCIA DE RECURSOS DO FUNDO NACIONAL DE ASSISTÊNCIA SOCIAL - FNAS;5.000,00
PREFEITURA MUNICIPAL DE BARBACENA;25.003;FUNDO MUNICIPAL DE ASSISTENCIA SOCIAL - FMAS;2.318;MANUTENÇÃO DO CADUNICO E PROGRAMA BOLSA FAMILIA;59;PROGRAMAS FEDERAIS E MUNICIPAIS;8;Assistência Social;244;Assistência Comunitária;830;4.4.90.52.00.00.00.00;EQUIPAMENTOS E MATERIAL PERMANENTE;1.500.000.0000;RECURSOS NÃO VINCULADOS DE IMPOSTOS;30.000,00
PREFEITURA MUNICIPAL DE BARBACENA;25.003;FUNDO MUNICIPAL DE ASSISTENCIA SOCIAL - FMAS;2.318;MANUTENÇÃO DO CADUNICO E PROGRAMA BOLSA FAMILIA;59;PROGRAMAS FEDERAIS E MUNICIPAIS;8;Assistência Social;244;Assistência Comunitária;830;4.4.90.52.00.00.00.00;EQUIPAMENTOS E MATERIAL PERMANENTE;1.660.000.0000;TRANSFERÊNCIA DE RECURSOS DO FUNDO NACIONAL DE ASSISTÊNCIA SOCIAL - FNAS;70.000,00
PREFEITURA MUNICIPAL DE BARBACENA;25.003;FUNDO MUNICIPAL DE ASSISTENCIA SOCIAL - FMAS;2.522;ACESSO AO MUNDO DO TRABALHO - ACESSUAS TRABALHO;59;PROGRAMAS FEDERAIS E MUNICIPAIS;8;Assistência Social;244;Assistência Comunitária;831;3.3.90.30.00.00.00.00;MATERIAL DE CONSUMO;1.500.000.0000;RECURSOS NÃO VINCULADOS DE IMPOSTOS;1.000,00
PREFEITURA MUNICIPAL DE BARBACENA;25.003;FUNDO MUNICIPAL DE ASSISTENCIA SOCIAL - FMAS;2.522;ACESSO AO MUNDO DO TRABALHO - ACESSUAS TRABALHO;59;PROGRAMAS FEDERAIS E MUNICIPAIS;8;Assistência Social;244;Assistência Comunitária;831;3.3.90.30.00.00.00.00;MATERIAL DE CONSUMO;1.660.000.0000;TRANSFERÊNCIA DE RECURSOS DO FUNDO NACIONAL DE ASSISTÊNCIA SOCIAL - FNAS;60.000,00
PREFEITURA MUNICIPAL DE BARBACENA;25.003;FUNDO MUNICIPAL DE ASSISTENCIA SOCIAL - FMAS;2.522;ACESSO AO MUNDO DO TRABALHO - ACESSUAS TRABALHO;59;PROGRAMAS FEDERAIS E MUNICIPAIS;8;Assistência Social;244;Assistência Comunitária;832;3.3.90.39.00.00.00.00;OUTROS SERVIÇOS DE TERCEIROS - PESSOA JURÍDICA;1.500.000.0000;RECURSOS NÃO VINCULADOS DE IMPOSTOS;2.000,00
PREFEITURA MUNICIPAL DE BARBACENA;25.003;FUNDO MUNICIPAL DE ASSISTENCIA SOCIAL - FMAS;2.522;ACESSO AO MUNDO DO TRABALHO - ACESSUAS TRABALHO;59;PROGRAMAS FEDERAIS E MUNICIPAIS;8;Assistência Social;244;Assistência Comunitária;832;3.3.90.39.00.00.00.00;OUTROS SERVIÇOS DE TERCEIROS - PESSOA JURÍDICA;1.501.000.0000;OUTROS RECURSOS NÃO VINCULADOS;35.000,00
PREFEITURA MUNICIPAL DE BARBACENA;25.003;FUNDO MUNICIPAL DE ASSISTENCIA SOCIAL - FMAS;2.523;IMPLANTAÇAO DE PROGRAMAS DE GERAÇAO DE RENDA PARA PESSOAS EM SITUAÇAO DE VULNERABILIDADE SOCIAL;59;PROGRAMAS FEDERAIS E MUNICIPAIS;8;Assistência Social;244;Assistência Comunitária;833;3.3.90.30.00.00.00.00;MATERIAL DE CONSUMO;1.500.000.0000;RECURSOS NÃO VINCULADOS DE IMPOSTOS;1.500,00
PREFEITURA MUNICIPAL DE BARBACENA;25.003;FUNDO MUNICIPAL DE ASSISTENCIA SOCIAL - FMAS;2.523;IMPLANTAÇAO DE PROGRAMAS DE GERAÇAO DE RENDA PARA PESSOAS EM SITUAÇAO DE VULNERABILIDADE SOCIAL;59;PROGRAMAS FEDERAIS E MUNICIPAIS;8;Assistência Social;244;Assistência Comunitária;834;3.3.90.39.00.00.00.00;OUTROS SERVIÇOS DE TERCEIROS - PESSOA JURÍDICA;1.500.000.0000;RECURSOS NÃO VINCULADOS DE IMPOSTOS;8.000,00
PREFEITURA MUNICIPAL DE BARBACENA;25.003;FUNDO MUNICIPAL DE ASSISTENCIA SOCIAL - FMAS;1.081;DIAGNOSTICO DA POLITICA MUNICIPAL DE ASSISTENCIA SOCIAL;60;VIGILÂNCIA SOCIOASSISTENCIAL;8;Assistência Social;244;Assistência Comunitária;835;3.3.90.39.00.00.00.00;OUTROS SERVIÇOS DE TERCEIROS - PESSOA JURÍDICA;1.500.000.0000;RECURSOS NÃO VINCULADOS DE IMPOSTOS;3.000,00
PREFEITURA MUNICIPAL DE BARBACENA;25.003;FUNDO MUNICIPAL DE ASSISTENCIA SOCIAL - FMAS;1.081;DIAGNOSTICO DA POLITICA MUNICIPAL DE ASSISTENCIA SOCIAL;60;VIGILÂNCIA SOCIOASSISTENCIAL;8;Assistência Social;244;Assistência Comunitária;835;3.3.90.39.00.00.00.00;OUTROS SERVIÇOS DE TERCEIROS - PESSOA JURÍDICA;1.501.000.0000;OUTROS RECURSOS NÃO VINCULADOS;5.000,00
PREFEITURA MUNICIPAL DE BARBACENA;25.003;FUNDO MUNICIPAL DE ASSISTENCIA SOCIAL - FMAS;1.081;DIAGNOSTICO DA POLITICA MUNICIPAL DE ASSISTENCIA SOCIAL;60;VIGILÂNCIA SOCIOASSISTENCIAL;8;Assistência Social;244;Assistência Comunitária;835;3.3.90.39.00.00.00.00;OUTROS SERVIÇOS DE TERCEIROS - PESSOA JURÍDICA;1.660.000.0000;TRANSFERÊNCIA DE RECURSOS DO FUNDO NACIONAL DE ASSISTÊNCIA SOCIAL - FNAS;55.000,00
PREFEITURA MUNICIPAL DE BARBACENA;25.003;FUNDO MUNICIPAL DE ASSISTENCIA SOCIAL - FMAS;2.341;AÇÕES DE ENFRENTAMENTO DA EMERGÊNCIA COVID 19;60;VIGILÂNCIA SOCIOASSISTENCIAL;8;Assistência Social;244;Assistência Comunitária;836;3.3.90.30.00.00.00.00;MATERIAL DE CONSUMO;1.660.000.0000;TRANSFERÊNCIA DE RECURSOS DO FUNDO NACIONAL DE ASSISTÊNCIA SOCIAL - FNAS;1.000,00
PREFEITURA MUNICIPAL DE BARBACENA;25.003;FUNDO MUNICIPAL DE ASSISTENCIA SOCIAL - FMAS;2.341;AÇÕES DE ENFRENTAMENTO DA EMERGÊNCIA COVID 19;60;VIGILÂNCIA SOCIOASSISTENCIAL;8;Assistência Social;244;Assistência Comunitária;836;3.3.90.30.00.00.00.00;MATERIAL DE CONSUMO;2.660.000.0000;TRANSFERÊNCIA DE RECURSOS DO FUNDO NACIONAL DE ASSISTÊNCIA SOCIAL - FNAS;0,00
PREFEITURA MUNICIPAL DE BARBACENA;25.003;FUNDO MUNICIPAL DE ASSISTENCIA SOCIAL - FMAS;2.341;AÇÕES DE ENFRENTAMENTO DA EMERGÊNCIA COVID 19;60;VIGILÂNCIA SOCIOASSISTENCIAL;8;Assistência Social;244;Assistência Comunitária;837;3.3.90.39.00.00.00.00;OUTROS SERVIÇOS DE TERCEIROS - PESSOA JURÍDICA;1.660.000.0000;TRANSFERÊNCIA DE RECURSOS DO FUNDO NACIONAL DE ASSISTÊNCIA SOCIAL - FNAS;1.000,00
PREFEITURA MUNICIPAL DE BARBACENA;25.003;FUNDO MUNICIPAL DE ASSISTENCIA SOCIAL - FMAS;2.341;AÇÕES DE ENFRENTAMENTO DA EMERGÊNCIA COVID 19;60;VIGILÂNCIA SOCIOASSISTENCIAL;8;Assistência Social;244;Assistência Comunitária;838;4.4.90.52.00.00.00.00;EQUIPAMENTOS E MATERIAL PERMANENTE;1.660.000.0000;TRANSFERÊNCIA DE RECURSOS DO FUNDO NACIONAL DE ASSISTÊNCIA SOCIAL - FNAS;1.000,00
PREFEITURA MUNICIPAL DE BARBACENA;25.003;FUNDO MUNICIPAL DE ASSISTENCIA SOCIAL - FMAS;2.341;AÇÕES DE ENFRENTAMENTO DA EMERGÊNCIA COVID 19;60;VIGILÂNCIA SOCIOASSISTENCIAL;8;Assistência Social;244;Assistência Comunitária;838;4.4.90.52.00.00.00.00;EQUIPAMENTOS E MATERIAL PERMANENTE;2.660.000.0000;TRANSFERÊNCIA DE RECURSOS DO FUNDO NACIONAL DE ASSISTÊNCIA SOCIAL - FNAS;0,00
PREFEITURA MUNICIPAL DE BARBACENA;25.003;FUNDO MUNICIPAL DE ASSISTENCIA SOCIAL - FMAS;2.421;CAPACITAÇÃO DOS SERVIDORES CECAD;60;VIGILÂNCIA SOCIOASSISTENCIAL;8;Assistência Social;244;Assistência Comunitária;839;3.3.90.30.00.00.00.00;MATERIAL DE CONSUMO;1.500.000.0000;RECURSOS NÃO VINCULADOS DE IMPOSTOS;1.000,00
PREFEITURA MUNICIPAL DE BARBACENA;25.003;FUNDO MUNICIPAL DE ASSISTENCIA SOCIAL - FMAS;2.421;CAPACITAÇÃO DOS SERVIDORES CECAD;60;VIGILÂNCIA SOCIOASSISTENCIAL;8;Assistência Social;244;Assistência Comunitária;840;3.3.90.39.00.00.00.00;OUTROS SERVIÇOS DE TERCEIROS - PESSOA JURÍDICA;1.660.000.0000;TRANSFERÊNCIA DE RECURSOS DO FUNDO NACIONAL DE ASSISTÊNCIA SOCIAL - FNAS;5.000,00
PREFEITURA MUNICIPAL DE BARBACENA;25.003;FUNDO MUNICIPAL DE ASSISTENCIA SOCIAL - FMAS;2.525;IMPLANTAÇAO E MANUTENÇAO DA VIGILANCIA SOCIOASSISTENCIAL;60;VIGILÂNCIA SOCIOASSISTENCIAL;8;Assistência Social;244;Assistência Comunitária;841;3.3.90.30.00.00.00.00;MATERIAL DE CONSUMO;1.500.000.0000;RECURSOS NÃO VINCULADOS DE IMPOSTOS;2.500,00
PREFEITURA MUNICIPAL DE BARBACENA;25.003;FUNDO MUNICIPAL DE ASSISTENCIA SOCIAL - FMAS;2.525;IMPLANTAÇAO E MANUTENÇAO DA VIGILANCIA SOCIOASSISTENCIAL;60;VIGILÂNCIA SOCIOASSISTENCIAL;8;Assistência Social;244;Assistência Comunitária;842;3.3.90.39.00.00.00.00;OUTROS SERVIÇOS DE TERCEIROS - PESSOA JURÍDICA;1.500.000.0000;RECURSOS NÃO VINCULADOS DE IMPOSTOS;2.000,00
PREFEITURA MUNICIPAL DE BARBACENA;25.003;FUNDO MUNICIPAL DE ASSISTENCIA SOCIAL - FMAS;2.525;IMPLANTAÇAO E MANUTENÇAO DA VIGILANCIA SOCIOASSISTENCIAL;60;VIGILÂNCIA SOCIOASSISTENCIAL;8;Assistência Social;244;Assistência Comunitária;843;4.4.90.52.00.00.00.00;EQUIPAMENTOS E MATERIAL PERMANENTE;1.500.000.0000;RECURSOS NÃO VINCULADOS DE IMPOSTOS;2.000,00
PREFEITURA MUNICIPAL DE BARBACENA;25.004;FUNDO MUN DE APOIO DAS PESSOAS COM DEFICIENCIA;2.325;IMPLANTAÇÃO E PROMOÇÃO DAS POLITICAS DOS DIREITOS DA PESSOA COM DEFICIENCIA;55;FORTALECIMENTO DO CONTROLE SOCIAL;8;Assistência Social;242;Assistência à Pessoa com Deficiência;846;3.3.50.43.00.00.00.00;SUBVENÇÕES SOCIAIS;1.500.000.0000;RECURSOS NÃO VINCULADOS DE IMPOSTOS;35.000,00
PREFEITURA MUNICIPAL DE BARBACENA;25.004;FUNDO MUN DE APOIO DAS PESSOAS COM DEFICIENCIA;2.325;IMPLANTAÇÃO E PROMOÇÃO DAS POLITICAS DOS DIREITOS DA PESSOA COM DEFICIENCIA;55;FORTALECIMENTO DO CONTROLE SOCIAL;8;Assistência Social;242;Assistência à Pessoa com Deficiência;846;3.3.50.43.00.00.00.00;SUBVENÇÕES SOCIAIS;1.501.000.0000;OUTROS RECURSOS NÃO VINCULADOS;0,00
PREFEITURA MUNICIPAL DE BARBACENA;25.004;FUNDO MUN DE APOIO DAS PESSOAS COM DEFICIENCIA;2.325;IMPLANTAÇÃO E PROMOÇÃO DAS POLITICAS DOS DIREITOS DA PESSOA COM DEFICIENCIA;55;FORTALECIMENTO DO CONTROLE SOCIAL;8;Assistência Social;242;Assistência à Pessoa com Deficiência;847;3.3.90.39.00.00.00.00;OUTROS SERVIÇOS DE TERCEIROS - PESSOA JURÍDICA;1.500.000.0000;RECURSOS NÃO VINCULADOS DE IMPOSTOS;2.500,00
PREFEITURA MUNICIPAL DE BARBACENA;25.004;FUNDO MUN DE APOIO DAS PESSOAS COM DEFICIENCIA;2.325;IMPLANTAÇÃO E PROMOÇÃO DAS POLITICAS DOS DIREITOS DA PESSOA COM DEFICIENCIA;55;FORTALECIMENTO DO CONTROLE SOCIAL;8;Assistência Social;242;Assistência à Pessoa com Deficiência;848;4.4.90.52.00.00.00.00;EQUIPAMENTOS E MATERIAL PERMANENTE;1.500.000.0000;RECURSOS NÃO VINCULADOS DE IMPOSTOS;2.500,00
PREFEITURA MUNICIPAL DE BARBACENA;25.004;FUNDO MUN DE APOIO DAS PESSOAS COM DEFICIENCIA;2.325;IMPLANTAÇÃO E PROMOÇÃO DAS POLITICAS DOS DIREITOS DA PESSOA COM DEFICIENCIA;55;FORTALECIMENTO DO CONTROLE SOCIAL;8;Assistência Social;242;Assistência à Pessoa com Deficiência;848;4.4.90.52.00.00.00.00;EQUIPAMENTOS E MATERIAL PERMANENTE;1.753.000.0000;RECURSOS PROVENIENTES DE TAXAS, CONTRIBUIÇÕES E PREÇOS PÚBLICOS;0,00
PREFEITURA MUNICIPAL DE BARBACENA;25.004;FUNDO MUN DE APOIO DAS PESSOAS COM DEFICIENCIA;2.325;IMPLANTAÇÃO E PROMOÇÃO DAS POLITICAS DOS DIREITOS DA PESSOA COM DEFICIENCIA;55;FORTALECIMENTO DO CONTROLE SOCIAL;8;Assistência Social;242;Assistência à Pessoa com Deficiência;848;4.4.90.52.00.00.00.00;EQUIPAMENTOS E MATERIAL PERMANENTE;2.500.000.0000;RECURSOS NÃO VINCULADOS DE IMPOSTOS;0,00
PREFEITURA MUNICIPAL DE BARBACENA;25.004;FUNDO MUN DE APOIO DAS PESSOAS COM DEFICIENCIA;2.325;IMPLANTAÇÃO E PROMOÇÃO DAS POLITICAS DOS DIREITOS DA PESSOA COM DEFICIENCIA;55;FORTALECIMENTO DO CONTROLE SOCIAL;8;Assistência Social;242;Assistência à Pessoa com Deficiência;848;4.4.90.52.00.00.00.00;EQUIPAMENTOS E MATERIAL PERMANENTE;2.753.000.0000;RECURSOS PROVENIENTES DE TAXAS, CONTRIBUIÇÕES E PREÇOS PÚBLICOS;0,00
PREFEITURA MUNICIPAL DE BARBACENA;25.004;FUNDO MUN DE APOIO DAS PESSOAS COM DEFICIENCIA;2.510;MANUTENÇAO DE CONSELHOS E CONFERENCIAS MUNICIPAIS - FMPD;55;FORTALECIMENTO DO CONTROLE SOCIAL;8;Assistência Social;242;Assistência à Pessoa com Deficiência;849;3.3.90.30.00.00.00.00;MATERIAL DE CONSUMO;1.500.000.0000;RECURSOS NÃO VINCULADOS DE IMPOSTOS;2.400,00
PREFEITURA MUNICIPAL DE BARBACENA;25.004;FUNDO MUN DE APOIO DAS PESSOAS COM DEFICIENCIA;2.510;MANUTENÇAO DE CONSELHOS E CONFERENCIAS MUNICIPAIS - FMPD;55;FORTALECIMENTO DO CONTROLE SOCIAL;8;Assistência Social;242;Assistência à Pessoa com Deficiência;850;3.3.90.36.00.00.00.00;OUTROS SERVIÇOS DE TERCEIROS - PESSOA FÍSICA;1.500.000.0000;RECURSOS NÃO VINCULADOS DE IMPOSTOS;1.500,00
PREFEITURA MUNICIPAL DE BARBACENA;25.004;FUNDO MUN DE APOIO DAS PESSOAS COM DEFICIENCIA;2.510;MANUTENÇAO DE CONSELHOS E CONFERENCIAS MUNICIPAIS - FMPD;55;FORTALECIMENTO DO CONTROLE SOCIAL;8;Assistência Social;242;Assistência à Pessoa com Deficiência;851;3.3.90.39.00.00.00.00;OUTROS SERVIÇOS DE TERCEIROS - PESSOA JURÍDICA;1.500.000.0000;RECURSOS NÃO VINCULADOS DE IMPOSTOS;200,00
PREFEITURA MUNICIPAL DE BARBACENA;25.004;FUNDO MUN DE APOIO DAS PESSOAS COM DEFICIENCIA;2.511;CAPACITAÇAO DOS CONSELHEIROS MUNICIPAIS - FMPD;55;FORTALECIMENTO DO CONTROLE SOCIAL;8;Assistência Social;242;Assistência à Pessoa com Deficiência;852;3.3.90.30.00.00.00.00;MATERIAL DE CONSUMO;1.500.000.0000;RECURSOS NÃO VINCULADOS DE IMPOSTOS;500,00
PREFEITURA MUNICIPAL DE BARBACENA;25.004;FUNDO MUN DE APOIO DAS PESSOAS COM DEFICIENCIA;2.511;CAPACITAÇAO DOS CONSELHEIROS MUNICIPAIS - FMPD;55;FORTALECIMENTO DO CONTROLE SOCIAL;8;Assistência Social;242;Assistência à Pessoa com Deficiência;853;3.3.90.36.00.00.00.00;OUTROS SERVIÇOS DE TERCEIROS - PESSOA FÍSICA;1.500.000.0000;RECURSOS NÃO VINCULADOS DE IMPOSTOS;2.000,00
PREFEITURA MUNICIPAL DE BARBACENA;25.004;FUNDO MUN DE APOIO DAS PESSOAS COM DEFICIENCIA;2.511;CAPACITAÇAO DOS CONSELHEIROS MUNICIPAIS - FMPD;55;FORTALECIMENTO DO CONTROLE SOCIAL;8;Assistência Social;242;Assistência à Pessoa com Deficiência;854;3.3.90.39.00.00.00.00;OUTROS SERVIÇOS DE TERCEIROS - PESSOA JURÍDICA;1.500.000.0000;RECURSOS NÃO VINCULADOS DE IMPOSTOS;300,00
PREFEITURA MUNICIPAL DE BARBACENA;25.004;FUNDO MUN DE APOIO DAS PESSOAS COM DEFICIENCIA;2.471;APOIO ASSOCIAÇÃO REGIONAL DE PESSOAS PORTADORAS DE DEFICIÊNCIA (ASDEF);56;PROTEÇÃO SOCIAL BÁSICA;8;Assistência Social;242;Assistência à Pessoa com Deficiência;855;3.3.50.43.00.00.00.00;SUBVENÇÕES SOCIAIS;1.501.000.0000;OUTROS RECURSOS NÃO VINCULADOS;21.000,00
PREFEITURA MUNICIPAL DE BARBACENA;25.005;FUNDO MUN DE SEGUR ALIMENTAR E NUTRICIONAL - FMSAN;1.093;CRIAÇÃO, IMPLANTAÇÃO E MANUTENÇÃO DO RESTAURANTE POPULAR BAIRRO;55;FORTALECIMENTO DO CONTROLE SOCIAL;8;Assistência Social;306;Alimentação e Nutrição;856;3.3.90.30.00.00.00.00;MATERIAL DE CONSUMO;1.500.000.0000;RECURSOS NÃO VINCULADOS DE IMPOSTOS;5.000,00
PREFEITURA MUNICIPAL DE BARBACENA;25.005;FUNDO MUN DE SEGUR ALIMENTAR E NUTRICIONAL - FMSAN;1.093;CRIAÇÃO, IMPLANTAÇÃO E MANUTENÇÃO DO RESTAURANTE POPULAR BAIRRO;55;FORTALECIMENTO DO CONTROLE SOCIAL;8;Assistência Social;306;Alimentação e Nutrição;857;3.3.90.36.00.00.00.00;OUTROS SERVIÇOS DE TERCEIROS - PESSOA FÍSICA;1.500.000.0000;RECURSOS NÃO VINCULADOS DE IMPOSTOS;5.000,00
PREFEITURA MUNICIPAL DE BARBACENA;25.005;FUNDO MUN DE SEGUR ALIMENTAR E NUTRICIONAL - FMSAN;1.093;CRIAÇÃO, IMPLANTAÇÃO E MANUTENÇÃO DO RESTAURANTE POPULAR BAIRRO;55;FORTALECIMENTO DO CONTROLE SOCIAL;8;Assistência Social;306;Alimentação e Nutrição;858;3.3.90.39.00.00.00.00;OUTROS SERVIÇOS DE TERCEIROS - PESSOA JURÍDICA;1.500.000.0000;RECURSOS NÃO VINCULADOS DE IMPOSTOS;8.000,00
PREFEITURA MUNICIPAL DE BARBACENA;25.005;FUNDO MUN DE SEGUR ALIMENTAR E NUTRICIONAL - FMSAN;1.093;CRIAÇÃO, IMPLANTAÇÃO E MANUTENÇÃO DO RESTAURANTE POPULAR BAIRRO;55;FORTALECIMENTO DO CONTROLE SOCIAL;8;Assistência Social;306;Alimentação e Nutrição;858;3.3.90.39.00.00.00.00;OUTROS SERVIÇOS DE TERCEIROS - PESSOA JURÍDICA;1.501.000.0000;OUTROS RECURSOS NÃO VINCULADOS;350.000,00
PREFEITURA MUNICIPAL DE BARBACENA;25.005;FUNDO MUN DE SEGUR ALIMENTAR E NUTRICIONAL - FMSAN;1.093;CRIAÇÃO, IMPLANTAÇÃO E MANUTENÇÃO DO RESTAURANTE POPULAR BAIRRO;55;FORTALECIMENTO DO CONTROLE SOCIAL;8;Assistência Social;306;Alimentação e Nutrição;859;4.4.90.51.00.00.00.00;OBRAS E INSTALAÇÕES;1.500.000.0000;RECURSOS NÃO VINCULADOS DE IMPOSTOS;5.000,00
PREFEITURA MUNICIPAL DE BARBACENA;25.005;FUNDO MUN DE SEGUR ALIMENTAR E NUTRICIONAL - FMSAN;1.093;CRIAÇÃO, IMPLANTAÇÃO E MANUTENÇÃO DO RESTAURANTE POPULAR BAIRRO;55;FORTALECIMENTO DO CONTROLE SOCIAL;8;Assistência Social;306;Alimentação e Nutrição;860;4.4.90.52.00.00.00.00;EQUIPAMENTOS E MATERIAL PERMANENTE;1.500.000.0000;RECURSOS NÃO VINCULADOS DE IMPOSTOS;7.000,00
PREFEITURA MUNICIPAL DE BARBACENA;25.005;FUNDO MUN DE SEGUR ALIMENTAR E NUTRICIONAL - FMSAN;2.306;IMPLANTAÇÃO E PROMOCAO DAS POLITICAS PUBLICAS DE SEGURANCA ALIMENTAR E NUTRICIONAL;55;FORTALECIMENTO DO CONTROLE SOCIAL;8;Assistência Social;306;Alimentação e Nutrição;861;3.3.90.30.00.00.00.00;MATERIAL DE CONSUMO;1.500.000.0000;RECURSOS NÃO VINCULADOS DE IMPOSTOS;2.500,00
PREFEITURA MUNICIPAL DE BARBACENA;25.005;FUNDO MUN DE SEGUR ALIMENTAR E NUTRICIONAL - FMSAN;2.306;IMPLANTAÇÃO E PROMOCAO DAS POLITICAS PUBLICAS DE SEGURANCA ALIMENTAR E NUTRICIONAL;55;FORTALECIMENTO DO CONTROLE SOCIAL;8;Assistência Social;306;Alimentação e Nutrição;862;3.3.90.39.00.00.00.00;OUTROS SERVIÇOS DE TERCEIROS - PESSOA JURÍDICA;1.500.000.0000;RECURSOS NÃO VINCULADOS DE IMPOSTOS;1.500,00
PREFEITURA MUNICIPAL DE BARBACENA;25.005;FUNDO MUN DE SEGUR ALIMENTAR E NUTRICIONAL - FMSAN;2.384;MANUTENÇÃO DO RESTAURANTE POPULAR CENTRO;55;FORTALECIMENTO DO CONTROLE SOCIAL;8;Assistência Social;306;Alimentação e Nutrição;863;3.3.90.39.00.00.00.00;OUTROS SERVIÇOS DE TERCEIROS - PESSOA JURÍDICA;1.500.000.0000;RECURSOS NÃO VINCULADOS DE IMPOSTOS;127.582,00
PREFEITURA MUNICIPAL DE BARBACENA;25.005;FUNDO MUN DE SEGUR ALIMENTAR E NUTRICIONAL - FMSAN;2.384;MANUTENÇÃO DO RESTAURANTE POPULAR CENTRO;55;FORTALECIMENTO DO CONTROLE SOCIAL;8;Assistência Social;306;Alimentação e Nutrição;863;3.3.90.39.00.00.00.00;OUTROS SERVIÇOS DE TERCEIROS - PESSOA JURÍDICA;1.501.000.0000;OUTROS RECURSOS NÃO VINCULADOS;622.622,00
PREFEITURA MUNICIPAL DE BARBACENA;25.005;FUNDO MUN DE SEGUR ALIMENTAR E NUTRICIONAL - FMSAN;2.512;MANUTENÇAO DE CONSELHOS E CONFERENCIAS MUNICIPAIS - FMSAN;55;FORTALECIMENTO DO CONTROLE SOCIAL;8;Assistência Social;306;Alimentação e Nutrição;864;3.3.90.30.00.00.00.00;MATERIAL DE CONSUMO;1.500.000.0000;RECURSOS NÃO VINCULADOS DE IMPOSTOS;1.000,00
PREFEITURA MUNICIPAL DE BARBACENA;25.005;FUNDO MUN DE SEGUR ALIMENTAR E NUTRICIONAL - FMSAN;2.512;MANUTENÇAO DE CONSELHOS E CONFERENCIAS MUNICIPAIS - FMSAN;55;FORTALECIMENTO DO CONTROLE SOCIAL;8;Assistência Social;306;Alimentação e Nutrição;865;3.3.90.36.00.00.00.00;OUTROS SERVIÇOS DE TERCEIROS - PESSOA FÍSICA;1.500.000.0000;RECURSOS NÃO VINCULADOS DE IMPOSTOS;1.000,00
PREFEITURA MUNICIPAL DE BARBACENA;25.005;FUNDO MUN DE SEGUR ALIMENTAR E NUTRICIONAL - FMSAN;2.512;MANUTENÇAO DE CONSELHOS E CONFERENCIAS MUNICIPAIS - FMSAN;55;FORTALECIMENTO DO CONTROLE SOCIAL;8;Assistência Social;306;Alimentação e Nutrição;866;3.3.90.39.00.00.00.00;OUTROS SERVIÇOS DE TERCEIROS - PESSOA JURÍDICA;1.500.000.0000;RECURSOS NÃO VINCULADOS DE IMPOSTOS;1.000,00
PREFEITURA MUNICIPAL DE BARBACENA;25.005;FUNDO MUN DE SEGUR ALIMENTAR E NUTRICIONAL - FMSAN;2.513;CAPACITAÇAO DOS CONSELHEIROS MUNICIPAIS - FMSAN;55;FORTALECIMENTO DO CONTROLE SOCIAL;8;Assistência Social;306;Alimentação e Nutrição;867;3.3.90.30.00.00.00.00;MATERIAL DE CONSUMO;1.500.000.0000;RECURSOS NÃO VINCULADOS DE IMPOSTOS;1.000,00
PREFEITURA MUNICIPAL DE BARBACENA;25.005;FUNDO MUN DE SEGUR ALIMENTAR E NUTRICIONAL - FMSAN;2.513;CAPACITAÇAO DOS CONSELHEIROS MUNICIPAIS - FMSAN;55;FORTALECIMENTO DO CONTROLE SOCIAL;8;Assistência Social;306;Alimentação e Nutrição;868;3.3.90.36.00.00.00.00;OUTROS SERVIÇOS DE TERCEIROS - PESSOA FÍSICA;1.500.000.0000;RECURSOS NÃO VINCULADOS DE IMPOSTOS;1.000,00
PREFEITURA MUNICIPAL DE BARBACENA;25.005;FUNDO MUN DE SEGUR ALIMENTAR E NUTRICIONAL - FMSAN;2.513;CAPACITAÇAO DOS CONSELHEIROS MUNICIPAIS - FMSAN;55;FORTALECIMENTO DO CONTROLE SOCIAL;8;Assistência Social;306;Alimentação e Nutrição;869;3.3.90.39.00.00.00.00;OUTROS SERVIÇOS DE TERCEIROS - PESSOA JURÍDICA;1.500.000.0000;RECURSOS NÃO VINCULADOS DE IMPOSTOS;1.000,00
PREFEITURA MUNICIPAL DE BARBACENA;25.006;FUNDO MUNICIPAL DA CRIANÇA - FMDCA;2.305;IMPLANTAÇÃO E PROMOÇAO DAS POLITICAS DOS DIREITOS DA CRIANÇA E DO ADOLESCENTE;55;FORTALECIMENTO DO CONTROLE SOCIAL;8;Assistência Social;243;Assistência à Criança e ao Adolescente;870;3.3.50.43.00.00.00.00;SUBVENÇÕES SOCIAIS;1.500.000.0000;RECURSOS NÃO VINCULADOS DE IMPOSTOS;10.000,00
PREFEITURA MUNICIPAL DE BARBACENA;25.006;FUNDO MUNICIPAL DA CRIANÇA - FMDCA;2.305;IMPLANTAÇÃO E PROMOÇAO DAS POLITICAS DOS DIREITOS DA CRIANÇA E DO ADOLESCENTE;55;FORTALECIMENTO DO CONTROLE SOCIAL;8;Assistência Social;243;Assistência à Criança e ao Adolescente;870;3.3.50.43.00.00.00.00;SUBVENÇÕES SOCIAIS;1.501.000.0000;OUTROS RECURSOS NÃO VINCULADOS;220.000,00
PREFEITURA MUNICIPAL DE BARBACENA;25.006;FUNDO MUNICIPAL DA CRIANÇA - FMDCA;2.305;IMPLANTAÇÃO E PROMOÇAO DAS POLITICAS DOS DIREITOS DA CRIANÇA E DO ADOLESCENTE;55;FORTALECIMENTO DO CONTROLE SOCIAL;8;Assistência Social;243;Assistência à Criança e ao Adolescente;871;3.3.90.39.00.00.00.00;OUTROS SERVIÇOS DE TERCEIROS - PESSOA JURÍDICA;1.500.000.0000;RECURSOS NÃO VINCULADOS DE IMPOSTOS;1.000,00
PREFEITURA MUNICIPAL DE BARBACENA;25.006;FUNDO MUNICIPAL DA CRIANÇA - FMDCA;2.305;IMPLANTAÇÃO E PROMOÇAO DAS POLITICAS DOS DIREITOS DA CRIANÇA E DO ADOLESCENTE;55;FORTALECIMENTO DO CONTROLE SOCIAL;8;Assistência Social;243;Assistência à Criança e ao Adolescente;871;3.3.90.39.00.00.00.00;OUTROS SERVIÇOS DE TERCEIROS - PESSOA JURÍDICA;1.501.000.0000;OUTROS RECURSOS NÃO VINCULADOS;0,00
PREFEITURA MUNICIPAL DE BARBACENA;25.006;FUNDO MUNICIPAL DA CRIANÇA - FMDCA;2.305;IMPLANTAÇÃO E PROMOÇAO DAS POLITICAS DOS DIREITOS DA CRIANÇA E DO ADOLESCENTE;55;FORTALECIMENTO DO CONTROLE SOCIAL;8;Assistência Social;243;Assistência à Criança e ao Adolescente;976;4.4.50.41.00.00.00.00;CONTRIBUIÇÕES;1.501.000.0000;OUTROS RECURSOS NÃO VINCULADOS;0,00
PREFEITURA MUNICIPAL DE BARBACENA;25.006;FUNDO MUNICIPAL DA CRIANÇA - FMDCA;2.606;MANUTENÇÃO DO FUNDO DA INFÂNCIA E ADOLESCÊNCIA;55;FORTALECIMENTO DO CONTROLE SOCIAL;8;Assistência Social;243;Assistência à Criança e ao Adolescente;872;3.3.90.43.00.00.00.00;SUBVENÇÕES SOCIAIS;1.500.000.0000;RECURSOS NÃO VINCULADOS DE IMPOSTOS;1.000,00
PREFEITURA MUNICIPAL DE BARBACENA;25.006;FUNDO MUNICIPAL DA CRIANÇA - FMDCA;2.392;PROGRAMA FORÇAS NO ESPORTE PARA VULNERÁVEIS;56;PROTEÇÃO SOCIAL BÁSICA;8;Assistência Social;243;Assistência à Criança e ao Adolescente;873;3.3.90.32.00.00.00.00;MATERIAL, BEM OU SERVIÇO PARA DISTRIB. GRATUITA;1.500.000.0000;RECURSOS NÃO VINCULADOS DE IMPOSTOS;2.915,28
PREFEITURA MUNICIPAL DE BARBACENA;25.006;FUNDO MUNICIPAL DA CRIANÇA - FMDCA;2.392;PROGRAMA FORÇAS NO ESPORTE PARA VULNERÁVEIS;56;PROTEÇÃO SOCIAL BÁSICA;8;Assistência Social;243;Assistência à Criança e ao Adolescente;874;3.3.90.39.00.00.00.00;OUTROS SERVIÇOS DE TERCEIROS - PESSOA JURÍDICA;1.500.000.0000;RECURSOS NÃO VINCULADOS DE IMPOSTOS;1.500,00
PREFEITURA MUNICIPAL DE BARBACENA;25.006;FUNDO MUNICIPAL DA CRIANÇA - FMDCA;2.392;PROGRAMA FORÇAS NO ESPORTE PARA VULNERÁVEIS;56;PROTEÇÃO SOCIAL BÁSICA;8;Assistência Social;243;Assistência à Criança e ao Adolescente;874;3.3.90.39.00.00.00.00;OUTROS SERVIÇOS DE TERCEIROS - PESSOA JURÍDICA;1.660.000.0000;TRANSFERÊNCIA DE RECURSOS DO FUNDO NACIONAL DE ASSISTÊNCIA SOCIAL - FNAS;5.000,00
PREFEITURA MUNICIPAL DE BARBACENA;25.006;FUNDO MUNICIPAL DA CRIANÇA - FMDCA;2.604;MANUTENÇÃO DO PROGRAMA DE ERRADICAÇÃO DO TRABALHO INFANTIL - PETI;57;PROTEÇÃO SOCIAL ESPECIAL DE MÉDIA COMPLEXIDADE;8;Assistência Social;243;Assistência à Criança e ao Adolescente;875;3.3.90.39.00.00.00.00;OUTROS SERVIÇOS DE TERCEIROS - PESSOA JURÍDICA;1.500.000.0000;RECURSOS NÃO VINCULADOS DE IMPOSTOS;4.000,00
PREFEITURA MUNICIPAL DE BARBACENA;25.006;FUNDO MUNICIPAL DA CRIANÇA - FMDCA;2.604;MANUTENÇÃO DO PROGRAMA DE ERRADICAÇÃO DO TRABALHO INFANTIL - PETI;57;PROTEÇÃO SOCIAL ESPECIAL DE MÉDIA COMPLEXIDADE;8;Assistência Social;243;Assistência à Criança e ao Adolescente;875;3.3.90.39.00.00.00.00;OUTROS SERVIÇOS DE TERCEIROS - PESSOA JURÍDICA;1.660.000.0000;TRANSFERÊNCIA DE RECURSOS DO FUNDO NACIONAL DE ASSISTÊNCIA SOCIAL - FNAS;35.000,00
PREFEITURA MUNICIPAL DE BARBACENA;25.006;FUNDO MUNICIPAL DA CRIANÇA - FMDCA;2.414;CRIAÇÃO, IMPLANTAÇÃO E MANUTENÇÃO CENTRO ATENDIMENTO INTEGRADO A CRIANÇA E ADOLESCENTE;58;PROTEÇÃO SOCIAL ESPECIAL DE ALTA COMPLEXIDADE;8;Assistência Social;243;Assistência à Criança e ao Adolescente;876;3.3.90.30.00.00.00.00;MATERIAL DE CONSUMO;1.500.000.0000;RECURSOS NÃO VINCULADOS DE IMPOSTOS;1.000,00
PREFEITURA MUNICIPAL DE BARBACENA;25.006;FUNDO MUNICIPAL DA CRIANÇA - FMDCA;2.414;CRIAÇÃO, IMPLANTAÇÃO E MANUTENÇÃO CENTRO ATENDIMENTO INTEGRADO A CRIANÇA E ADOLESCENTE;58;PROTEÇÃO SOCIAL ESPECIAL DE ALTA COMPLEXIDADE;8;Assistência Social;243;Assistência à Criança e ao Adolescente;877;3.3.90.39.00.00.00.00;OUTROS SERVIÇOS DE TERCEIROS - PESSOA JURÍDICA;1.500.000.0000;RECURSOS NÃO VINCULADOS DE IMPOSTOS;1.000,00
PREFEITURA MUNICIPAL DE BARBACENA;25.006;FUNDO MUNICIPAL DA CRIANÇA - FMDCA;2.414;CRIAÇÃO, IMPLANTAÇÃO E MANUTENÇÃO CENTRO ATENDIMENTO INTEGRADO A CRIANÇA E ADOLESCENTE;58;PROTEÇÃO SOCIAL ESPECIAL DE ALTA COMPLEXIDADE;8;Assistência Social;243;Assistência à Criança e ao Adolescente;877;3.3.90.39.00.00.00.00;OUTROS SERVIÇOS DE TERCEIROS - PESSOA JURÍDICA;1.660.000.0000;TRANSFERÊNCIA DE RECURSOS DO FUNDO NACIONAL DE ASSISTÊNCIA SOCIAL - FNAS;5.000,00
PREFEITURA MUNICIPAL DE BARBACENA;25.006;FUNDO MUNICIPAL DA CRIANÇA - FMDCA;2.414;CRIAÇÃO, IMPLANTAÇÃO E MANUTENÇÃO CENTRO ATENDIMENTO INTEGRADO A CRIANÇA E ADOLESCENTE;58;PROTEÇÃO SOCIAL ESPECIAL DE ALTA COMPLEXIDADE;8;Assistência Social;243;Assistência à Criança e ao Adolescente;878;4.4.90.51.00.00.00.00;OBRAS E INSTALAÇÕES;1.660.000.0000;TRANSFERÊNCIA DE RECURSOS DO FUNDO NACIONAL DE ASSISTÊNCIA SOCIAL - FNAS;4.500,00
PREFEITURA MUNICIPAL DE BARBACENA;25.007;FUNDO MUNICIPAL DOS DIREITOS DA MULHER - FMDM;2.326;IMPLANTAÇÃO E PROMOÇAO DAS POLITICAS PUBLICAS DOS DIREITOS DA MULHER;55;FORTALECIMENTO DO CONTROLE SOCIAL;8;Assistência Social;244;Assistência Comunitária;879;3.3.90.39.00.00.00.00;OUTROS SERVIÇOS DE TERCEIROS - PESSOA JURÍDICA;1.500.000.0000;RECURSOS NÃO VINCULADOS DE IMPOSTOS;2.500,00
PREFEITURA MUNICIPAL DE BARBACENA;25.007;FUNDO MUNICIPAL DOS DIREITOS DA MULHER - FMDM;2.514;MANUTENÇAO DE CONSELHOS E CONFERENCIAS MUNICIPAIS - FMDM;55;FORTALECIMENTO DO CONTROLE SOCIAL;8;Assistência Social;244;Assistência Comunitária;880;3.3.90.30.00.00.00.00;MATERIAL DE CONSUMO;1.500.000.0000;RECURSOS NÃO VINCULADOS DE IMPOSTOS;1.000,00
PREFEITURA MUNICIPAL DE BARBACENA;25.007;FUNDO MUNICIPAL DOS DIREITOS DA MULHER - FMDM;2.514;MANUTENÇAO DE CONSELHOS E CONFERENCIAS MUNICIPAIS - FMDM;55;FORTALECIMENTO DO CONTROLE SOCIAL;8;Assistência Social;244;Assistência Comunitária;881;3.3.90.36.00.00.00.00;OUTROS SERVIÇOS DE TERCEIROS - PESSOA FÍSICA;1.500.000.0000;RECURSOS NÃO VINCULADOS DE IMPOSTOS;1.500,00
PREFEITURA MUNICIPAL DE BARBACENA;25.007;FUNDO MUNICIPAL DOS DIREITOS DA MULHER - FMDM;2.514;MANUTENÇAO DE CONSELHOS E CONFERENCIAS MUNICIPAIS - FMDM;55;FORTALECIMENTO DO CONTROLE SOCIAL;8;Assistência Social;244;Assistência Comunitária;882;3.3.90.39.00.00.00.00;OUTROS SERVIÇOS DE TERCEIROS - PESSOA JURÍDICA;1.500.000.0000;RECURSOS NÃO VINCULADOS DE IMPOSTOS;1.000,00
PREFEITURA MUNICIPAL DE BARBACENA;25.007;FUNDO MUNICIPAL DOS DIREITOS DA MULHER - FMDM;2.515;CAPACITAÇAO DOS CONSELHEIROS MUNICIPAIS - FMDM;55;FORTALECIMENTO DO CONTROLE SOCIAL;8;Assistência Social;244;Assistência Comunitária;883;3.3.90.30.00.00.00.00;MATERIAL DE CONSUMO;1.500.000.0000;RECURSOS NÃO VINCULADOS DE IMPOSTOS;1.000,00
PREFEITURA MUNICIPAL DE BARBACENA;25.007;FUNDO MUNICIPAL DOS DIREITOS DA MULHER - FMDM;2.515;CAPACITAÇAO DOS CONSELHEIROS MUNICIPAIS - FMDM;55;FORTALECIMENTO DO CONTROLE SOCIAL;8;Assistência Social;244;Assistência Comunitária;884;3.3.90.36.00.00.00.00;OUTROS SERVIÇOS DE TERCEIROS - PESSOA FÍSICA;1.500.000.0000;RECURSOS NÃO VINCULADOS DE IMPOSTOS;1.500,00
PREFEITURA MUNICIPAL DE BARBACENA;25.007;FUNDO MUNICIPAL DOS DIREITOS DA MULHER - FMDM;2.515;CAPACITAÇAO DOS CONSELHEIROS MUNICIPAIS - FMDM;55;FORTALECIMENTO DO CONTROLE SOCIAL;8;Assistência Social;244;Assistência Comunitária;885;3.3.90.39.00.00.00.00;OUTROS SERVIÇOS DE TERCEIROS - PESSOA JURÍDICA;1.500.000.0000;RECURSOS NÃO VINCULADOS DE IMPOSTOS;200,00
PREFEITURA MUNICIPAL DE BARBACENA;25.007;FUNDO MUNICIPAL DOS DIREITOS DA MULHER - FMDM;2.391;PROGRAMA QUALIFICA MULHER;56;PROTEÇÃO SOCIAL BÁSICA;8;Assistência Social;244;Assistência Comunitária;886;3.3.90.30.00.00.00.00;MATERIAL DE CONSUMO;1.500.000.0000;RECURSOS NÃO VINCULADOS DE IMPOSTOS;1.000,00
PREFEITURA MUNICIPAL DE BARBACENA;25.007;FUNDO MUNICIPAL DOS DIREITOS DA MULHER - FMDM;2.391;PROGRAMA QUALIFICA MULHER;56;PROTEÇÃO SOCIAL BÁSICA;8;Assistência Social;244;Assistência Comunitária;887;3.3.90.39.00.00.00.00;OUTROS SERVIÇOS DE TERCEIROS - PESSOA JURÍDICA;1.500.000.0000;RECURSOS NÃO VINCULADOS DE IMPOSTOS;2.500,00
PREFEITURA MUNICIPAL DE BARBACENA;25.007;FUNDO MUNICIPAL DOS DIREITOS DA MULHER - FMDM;2.399;CRIAÇÃO, IMPLANTAÇÃO E MANUTENÇÃO CASA DA MULHER BRASILEIRA;58;PROTEÇÃO SOCIAL ESPECIAL DE ALTA COMPLEXIDADE;8;Assistência Social;244;Assistência Comunitária;888;3.3.90.30.00.00.00.00;MATERIAL DE CONSUMO;1.500.000.0000;RECURSOS NÃO VINCULADOS DE IMPOSTOS;1.000,00
PREFEITURA MUNICIPAL DE BARBACENA;25.007;FUNDO MUNICIPAL DOS DIREITOS DA MULHER - FMDM;2.399;CRIAÇÃO, IMPLANTAÇÃO E MANUTENÇÃO CASA DA MULHER BRASILEIRA;58;PROTEÇÃO SOCIAL ESPECIAL DE ALTA COMPLEXIDADE;8;Assistência Social;244;Assistência Comunitária;889;3.3.90.39.00.00.00.00;OUTROS SERVIÇOS DE TERCEIROS - PESSOA JURÍDICA;1.500.000.0000;RECURSOS NÃO VINCULADOS DE IMPOSTOS;1.000,00
PREFEITURA MUNICIPAL DE BARBACENA;25.008;FUNDO MUNICIPAL DA JUVENTUDE - FMJU;2.516;MANUTENÇAO DE CONSELHOS E CONFERENCIAS MUNICIPAIS - FMDJ;55;FORTALECIMENTO DO CONTROLE SOCIAL;8;Assistência Social;243;Assistência à Criança e ao Adolescente;890;3.3.90.30.00.00.00.00;MATERIAL DE CONSUMO;1.500.000.0000;RECURSOS NÃO VINCULADOS DE IMPOSTOS;1.000,00
PREFEITURA MUNICIPAL DE BARBACENA;25.008;FUNDO MUNICIPAL DA JUVENTUDE - FMJU;2.516;MANUTENÇAO DE CONSELHOS E CONFERENCIAS MUNICIPAIS - FMDJ;55;FORTALECIMENTO DO CONTROLE SOCIAL;8;Assistência Social;243;Assistência à Criança e ao Adolescente;891;3.3.90.36.00.00.00.00;OUTROS SERVIÇOS DE TERCEIROS - PESSOA FÍSICA;1.500.000.0000;RECURSOS NÃO VINCULADOS DE IMPOSTOS;1.500,00
PREFEITURA MUNICIPAL DE BARBACENA;25.008;FUNDO MUNICIPAL DA JUVENTUDE - FMJU;2.516;MANUTENÇAO DE CONSELHOS E CONFERENCIAS MUNICIPAIS - FMDJ;55;FORTALECIMENTO DO CONTROLE SOCIAL;8;Assistência Social;243;Assistência à Criança e ao Adolescente;892;3.3.90.39.00.00.00.00;OUTROS SERVIÇOS DE TERCEIROS - PESSOA JURÍDICA;1.500.000.0000;RECURSOS NÃO VINCULADOS DE IMPOSTOS;1.000,00
PREFEITURA MUNICIPAL DE BARBACENA;25.008;FUNDO MUNICIPAL DA JUVENTUDE - FMJU;2.517;CAPACITAÇAO DOS CONSELHEIROS MUNICIPAIS - FMDJ;55;FORTALECIMENTO DO CONTROLE SOCIAL;8;Assistência Social;243;Assistência à Criança e ao Adolescente;893;3.3.90.30.00.00.00.00;MATERIAL DE CONSUMO;1.500.000.0000;RECURSOS NÃO VINCULADOS DE IMPOSTOS;1.500,00
PREFEITURA MUNICIPAL DE BARBACENA;25.008;FUNDO MUNICIPAL DA JUVENTUDE - FMJU;2.517;CAPACITAÇAO DOS CONSELHEIROS MUNICIPAIS - FMDJ;55;FORTALECIMENTO DO CONTROLE SOCIAL;8;Assistência Social;243;Assistência à Criança e ao Adolescente;894;3.3.90.36.00.00.00.00;OUTROS SERVIÇOS DE TERCEIROS - PESSOA FÍSICA;1.500.000.0000;RECURSOS NÃO VINCULADOS DE IMPOSTOS;600,00
PREFEITURA MUNICIPAL DE BARBACENA;25.008;FUNDO MUNICIPAL DA JUVENTUDE - FMJU;2.517;CAPACITAÇAO DOS CONSELHEIROS MUNICIPAIS - FMDJ;55;FORTALECIMENTO DO CONTROLE SOCIAL;8;Assistência Social;243;Assistência à Criança e ao Adolescente;895;3.3.90.39.00.00.00.00;OUTROS SERVIÇOS DE TERCEIROS - PESSOA JURÍDICA;1.500.000.0000;RECURSOS NÃO VINCULADOS DE IMPOSTOS;1.000,00
PREFEITURA MUNICIPAL DE BARBACENA;25.008;FUNDO MUNICIPAL DA JUVENTUDE - FMJU;2.667;PROMOÇÃO DAS POLÍTICAS PUBLICAS DOS DIRETOS DA JUVENTUDE;55;FORTALECIMENTO DO CONTROLE SOCIAL;8;Assistência Social;243;Assistência à Criança e ao Adolescente;896;3.3.90.39.00.00.00.00;OUTROS SERVIÇOS DE TERCEIROS - PESSOA JURÍDICA;1.500.000.0000;RECURSOS NÃO VINCULADOS DE IMPOSTOS;7.500,00
PREFEITURA MUNICIPAL DE BARBACENA;25.008;FUNDO MUNICIPAL DA JUVENTUDE - FMJU;2.388;PROGRAMA ESPAÇO 4.0;56;PROTEÇÃO SOCIAL BÁSICA;8;Assistência Social;244;Assistência Comunitária;897;3.3.90.30.00.00.00.00;MATERIAL DE CONSUMO;1.500.000.0000;RECURSOS NÃO VINCULADOS DE IMPOSTOS;1.000,00
PREFEITURA MUNICIPAL DE BARBACENA;25.008;FUNDO MUNICIPAL DA JUVENTUDE - FMJU;2.388;PROGRAMA ESPAÇO 4.0;56;PROTEÇÃO SOCIAL BÁSICA;8;Assistência Social;244;Assistência Comunitária;897;3.3.90.30.00.00.00.00;MATERIAL DE CONSUMO;1.660.000.0000;TRANSFERÊNCIA DE RECURSOS DO FUNDO NACIONAL DE ASSISTÊNCIA SOCIAL - FNAS;3.000,00
PREFEITURA MUNICIPAL DE BARBACENA;25.008;FUNDO MUNICIPAL DA JUVENTUDE - FMJU;2.388;PROGRAMA ESPAÇO 4.0;56;PROTEÇÃO SOCIAL BÁSICA;8;Assistência Social;244;Assistência Comunitária;898;3.3.90.39.00.00.00.00;OUTROS SERVIÇOS DE TERCEIROS - PESSOA JURÍDICA;1.500.000.0000;RECURSOS NÃO VINCULADOS DE IMPOSTOS;1.000,00
PREFEITURA MUNICIPAL DE BARBACENA;25.008;FUNDO MUNICIPAL DA JUVENTUDE - FMJU;2.388;PROGRAMA ESPAÇO 4.0;56;PROTEÇÃO SOCIAL BÁSICA;8;Assistência Social;244;Assistência Comunitária;898;3.3.90.39.00.00.00.00;OUTROS SERVIÇOS DE TERCEIROS - PESSOA JURÍDICA;1.660.000.0000;TRANSFERÊNCIA DE RECURSOS DO FUNDO NACIONAL DE ASSISTÊNCIA SOCIAL - FNAS;3.000,00
PREFEITURA MUNICIPAL DE BARBACENA;25.008;FUNDO MUNICIPAL DA JUVENTUDE - FMJU;2.388;PROGRAMA ESPAÇO 4.0;56;PROTEÇÃO SOCIAL BÁSICA;8;Assistência Social;244;Assistência Comunitária;899;4.4.90.52.00.00.00.00;EQUIPAMENTOS E MATERIAL PERMANENTE;1.660.000.0000;TRANSFERÊNCIA DE RECURSOS DO FUNDO NACIONAL DE ASSISTÊNCIA SOCIAL - FNAS;3.000,00
PREFEITURA MUNICIPAL DE BARBACENA;25.009;FUNDO MUNICIPAL DA IGUALDADE RACIAL;2.323;IMPLANTAÇÃO E PROMOÇAO DAS POLITICAS PUBLICAS DA IGUALDADE RACIAL;55;FORTALECIMENTO DO CONTROLE SOCIAL;8;Assistência Social;244;Assistência Comunitária;900;3.3.90.39.00.00.00.00;OUTROS SERVIÇOS DE TERCEIROS - PESSOA JURÍDICA;1.500.000.0000;RECURSOS NÃO VINCULADOS DE IMPOSTOS;5.000,00
PREFEITURA MUNICIPAL DE BARBACENA;25.009;FUNDO MUNICIPAL DA IGUALDADE RACIAL;2.518;MANUTENÇAO DE CONSELHOS E CONFERENCIAS MUNICIPAIS - FMIR;55;FORTALECIMENTO DO CONTROLE SOCIAL;8;Assistência Social;244;Assistência Comunitária;901;3.3.90.30.00.00.00.00;MATERIAL DE CONSUMO;1.500.000.0000;RECURSOS NÃO VINCULADOS DE IMPOSTOS;1.500,00
PREFEITURA MUNICIPAL DE BARBACENA;25.009;FUNDO MUNICIPAL DA IGUALDADE RACIAL;2.518;MANUTENÇAO DE CONSELHOS E CONFERENCIAS MUNICIPAIS - FMIR;55;FORTALECIMENTO DO CONTROLE SOCIAL;8;Assistência Social;244;Assistência Comunitária;902;3.3.90.36.00.00.00.00;OUTROS SERVIÇOS DE TERCEIROS - PESSOA FÍSICA;1.500.000.0000;RECURSOS NÃO VINCULADOS DE IMPOSTOS;2.500,00
PREFEITURA MUNICIPAL DE BARBACENA;25.009;FUNDO MUNICIPAL DA IGUALDADE RACIAL;2.518;MANUTENÇAO DE CONSELHOS E CONFERENCIAS MUNICIPAIS - FMIR;55;FORTALECIMENTO DO CONTROLE SOCIAL;8;Assistência Social;244;Assistência Comunitária;903;3.3.90.39.00.00.00.00;OUTROS SERVIÇOS DE TERCEIROS - PESSOA JURÍDICA;1.500.000.0000;RECURSOS NÃO VINCULADOS DE IMPOSTOS;1.600,00
PREFEITURA MUNICIPAL DE BARBACENA;25.009;FUNDO MUNICIPAL DA IGUALDADE RACIAL;2.519;CAPACITAÇAO DOS CONSELHEIROS MUNICIPAIS - FMIR;55;FORTALECIMENTO DO CONTROLE SOCIAL;8;Assistência Social;244;Assistência Comunitária;904;3.3.90.30.00.00.00.00;MATERIAL DE CONSUMO;1.500.000.0000;RECURSOS NÃO VINCULADOS DE IMPOSTOS;1.000,00
PREFEITURA MUNICIPAL DE BARBACENA;25.009;FUNDO MUNICIPAL DA IGUALDADE RACIAL;2.519;CAPACITAÇAO DOS CONSELHEIROS MUNICIPAIS - FMIR;55;FORTALECIMENTO DO CONTROLE SOCIAL;8;Assistência Social;244;Assistência Comunitária;905;3.3.90.36.00.00.00.00;OUTROS SERVIÇOS DE TERCEIROS - PESSOA FÍSICA;1.500.000.0000;RECURSOS NÃO VINCULADOS DE IMPOSTOS;1.000,00
PREFEITURA MUNICIPAL DE BARBACENA;25.009;FUNDO MUNICIPAL DA IGUALDADE RACIAL;2.519;CAPACITAÇAO DOS CONSELHEIROS MUNICIPAIS - FMIR;55;FORTALECIMENTO DO CONTROLE SOCIAL;8;Assistência Social;244;Assistência Comunitária;906;3.3.90.39.00.00.00.00;OUTROS SERVIÇOS DE TERCEIROS - PESSOA JURÍDICA;1.500.000.0000;RECURSOS NÃO VINCULADOS DE IMPOSTOS;1.000,00
PREFEITURA MUNICIPAL DE BARBACENA;25.010;FUNDO MUNICIPAL DO IDOSO;2.099;PROMOÇAO DOS DIREITOS DO IDOSO E DEMAIS POLITICAS ESPECIAIS;55;FORTALECIMENTO DO CONTROLE SOCIAL;8;Assistência Social;241;Assistência à Pessoa Idosa;907;3.3.90.14.00.00.00.00;DIÁRIAS - PESSOAL CIVIL;1.500.000.0000;RECURSOS NÃO VINCULADOS DE IMPOSTOS;2.500,00
PREFEITURA MUNICIPAL DE BARBACENA;25.010;FUNDO MUNICIPAL DO IDOSO;2.099;PROMOÇAO DOS DIREITOS DO IDOSO E DEMAIS POLITICAS ESPECIAIS;55;FORTALECIMENTO DO CONTROLE SOCIAL;8;Assistência Social;241;Assistência à Pessoa Idosa;908;3.3.90.30.00.00.00.00;MATERIAL DE CONSUMO;1.500.000.0000;RECURSOS NÃO VINCULADOS DE IMPOSTOS;5.000,00
PREFEITURA MUNICIPAL DE BARBACENA;25.010;FUNDO MUNICIPAL DO IDOSO;2.394;PROGRAMA RENOVAÇÃO IDOSOS;56;PROTEÇÃO SOCIAL BÁSICA;8;Assistência Social;241;Assistência à Pessoa Idosa;909;3.3.90.30.00.00.00.00;MATERIAL DE CONSUMO;1.500.000.0000;RECURSOS NÃO VINCULADOS DE IMPOSTOS;1.000,00
PREFEITURA MUNICIPAL DE BARBACENA;25.010;FUNDO MUNICIPAL DO IDOSO;2.394;PROGRAMA RENOVAÇÃO IDOSOS;56;PROTEÇÃO SOCIAL BÁSICA;8;Assistência Social;241;Assistência à Pessoa Idosa;910;3.3.90.39.00.00.00.00;OUTROS SERVIÇOS DE TERCEIROS - PESSOA JURÍDICA;1.500.000.0000;RECURSOS NÃO VINCULADOS DE IMPOSTOS;1.500,00
PREFEITURA MUNICIPAL DE BARBACENA;25.010;FUNDO MUNICIPAL DO IDOSO;2.470;APOIO AO LAR DAS VELHINHAS;56;PROTEÇÃO SOCIAL BÁSICA;8;Assistência Social;241;Assistência à Pessoa Idosa;911;3.3.50.43.00.00.00.00;SUBVENÇÕES SOCIAIS;1.500.000.0000;RECURSOS NÃO VINCULADOS DE IMPOSTOS;43.316,36
PREFEITURA MUNICIPAL DE BARBACENA;25.010;FUNDO MUNICIPAL DO IDOSO;2.470;APOIO AO LAR DAS VELHINHAS;56;PROTEÇÃO SOCIAL BÁSICA;8;Assistência Social;241;Assistência à Pessoa Idosa;912;4.4.50.41.00.00.00.00;CONTRIBUIÇÕES;1.500.000.0000;RECURSOS NÃO VINCULADOS DE IMPOSTOS;86.632,72
PREFEITURA MUNICIPAL DE BARBACENA;25.010;FUNDO MUNICIPAL DO IDOSO;2.470;APOIO AO LAR DAS VELHINHAS;56;PROTEÇÃO SOCIAL BÁSICA;8;Assistência Social;241;Assistência à Pessoa Idosa;963;3.3.50.41.00.00.00.00;CONTRIBUIÇÕES;1.500.000.0000;RECURSOS NÃO VINCULADOS DE IMPOSTOS;0,00
