Código;Especificação;Previsto Janeiro;Previsto Fevereiro;Previsto Março;Previsto Abril;Previsto Maio;Previsto Junho;Previsto Julho;Previsto Agosto;Previsto Setembro;Previsto Outubro;Previsto Novembro;Previsto Dezembro;Total Previsto;Realizado Janeiro;Realizado Fevereiro;Realizado Março;Realizado Abril;Realizado Maio;Realizado Junho;Realizado Julho;Realizado Agosto;Realizado Setembro;Realizado Outubro;Realizado Novembro;Realizado Dezembro;Total Realizado;Diferença Janeiro;Diferença Fevereiro;Diferença Março;Diferença Abril;Diferença Maio;Diferença Junho;Diferença Julho;Diferença Agosto;Diferença Setembro;Diferença Outubro;Diferença Novembro;Diferença Dezembro;Total Diferença
1.1.1.2.50.0.1.00.00.00;Imposto s/ Propriedade Predial e Territorial Urbana-IPTU;37.081,25;173.455,65;2.349.193,54;9.855.903,01;2.014.302,08;1.943.608,18;1.998.994,15;2.076.957,84;1.876.095,86;1.926.433,47;1.938.873,62;441.347,23;26.632.245,88;59.238,57;311.673,10;2.600.370,28;10.356.416,44;2.322.856,08;2.205.943,57;2.191.794,59;2.114.477,05;2.164.965,41;2.290.575,42;2.076.178,32;285.487,15;28.979.975,98;22.157,32;138.217,45;251.176,74;500.513,43;308.554,00;262.335,39;192.800,44;37.519,21;288.869,55;364.141,95;137.304,70;-155.860,08;2.347.730,10
1.1.1.2.50.0.1.00.00.00;Imposto s/ Propriedade Predial e Territorial Urbana-IPTU;37.081,25;173.455,65;2.349.193,54;9.855.903,01;2.014.302,08;1.943.608,18;1.998.994,15;2.076.957,84;1.876.095,86;1.926.433,47;1.938.873,62;441.347,23;26.632.245,88;59.238,57;311.673,10;2.600.370,28;10.356.416,44;2.322.856,08;2.205.943,57;2.191.794,59;2.114.477,05;2.164.965,41;2.290.575,42;2.076.178,32;285.487,15;28.979.975,98;22.157,32;138.217,45;251.176,74;500.513,43;308.554,00;262.335,39;192.800,44;37.519,21;288.869,55;364.141,95;137.304,70;-155.860,08;2.347.730,10
1.1.1.2.50.0.2.00.00.00;Multas/Juros de Mora s/IPTU;2.709,23;10,90;38,83;2.115,53;29.333,46;44.730,98;14.619,29;12.742,12;13.164,88;18.562,63;20.959,28;27.142,08;186.129,21;10.396,40;0,00;21,89;4.011,16;15.721,29;20.933,47;26.708,46;90.324,70;26.688,65;33.115,66;37.508,86;45.344,07;310.774,61;7.687,17;-10,90;-16,94;1.895,63;-13.612,17;-23.797,51;12.089,17;77.582,58;13.523,77;14.553,03;16.549,58;18.201,99;124.645,40
1.1.1.2.50.0.2.00.00.00;Multas/Juros de Mora s/IPTU;2.709,23;10,90;38,83;2.115,53;29.333,46;44.730,98;14.619,29;12.742,12;13.164,88;18.562,63;20.959,28;27.142,08;186.129,21;10.396,40;0,00;21,89;4.011,16;15.721,29;20.933,47;26.708,46;90.324,70;26.688,65;33.115,66;37.508,86;45.344,07;310.774,61;7.687,17;-10,90;-16,94;1.895,63;-13.612,17;-23.797,51;12.089,17;77.582,58;13.523,77;14.553,03;16.549,58;18.201,99;124.645,40
1.1.1.2.50.0.3.00.00.00;IPTU - Dívida Ativa;226.470,30;214.655,01;210.537,45;212.889,88;159.739,81;139.979,07;140.367,30;140.887,61;135.912,17;341.181,61;457.348,26;841.874,31;3.221.842,78;808.972,59;600.586,39;433.910,92;285.958,87;235.401,31;227.097,00;402.629,26;197.344,40;184.617,62;167.035,36;159.842,50;159.502,11;3.862.898,33;582.502,29;385.931,38;223.373,47;73.068,99;75.661,50;87.117,93;262.261,96;56.456,79;48.705,45;-174.146,25;-297.505,76;-682.372,20;641.055,55
1.1.1.2.50.0.3.00.00.00;IPTU - Dívida Ativa;226.470,30;214.655,01;210.537,45;212.889,88;159.739,81;139.979,07;140.367,30;140.887,61;135.912,17;341.181,61;457.348,26;841.874,31;3.221.842,78;808.972,59;600.586,39;433.910,92;285.958,87;235.401,31;227.097,00;402.629,26;197.344,40;184.617,62;167.035,36;159.842,50;159.502,11;3.862.898,33;582.502,29;385.931,38;223.373,47;73.068,99;75.661,50;87.117,93;262.261,96;56.456,79;48.705,45;-174.146,25;-297.505,76;-682.372,20;641.055,55
1.1.1.2.50.0.4.00.00.00;Multas/Juros Mora Div.Ativ.IPTU;113.501,90;117.016,66;119.865,38;116.000,73;96.578,44;85.761,84;77.419,21;75.527,01;66.067,02;49.335,08;84.214,63;97.608,89;1.098.896,79;119.455,41;118.639,01;110.853,30;105.856,65;83.810,12;93.337,01;86.818,28;90.728,21;87.942,87;90.645,46;85.988,91;86.789,26;1.160.864,49;5.953,51;1.622,35;-9.012,08;-10.144,08;-12.768,32;7.575,17;9.399,07;15.201,20;21.875,85;41.310,38;1.774,28;-10.819,63;61.967,70
1.1.1.2.50.0.4.00.00.00;Multas/Juros Mora Div.Ativ.IPTU;113.501,90;117.016,66;119.865,38;116.000,73;96.578,44;85.761,84;77.419,21;75.527,01;66.067,02;49.335,08;84.214,63;97.608,89;1.098.896,79;119.455,41;118.639,01;110.853,30;105.856,65;83.810,12;93.337,01;86.818,28;90.728,21;87.942,87;90.645,46;85.988,91;86.789,26;1.160.864,49;5.953,51;1.622,35;-9.012,08;-10.144,08;-12.768,32;7.575,17;9.399,07;15.201,20;21.875,85;41.310,38;1.774,28;-10.819,63;61.967,70
1.1.1.2.53.0.1.00.00.00;"Imp.s/ Transm.""Inter Vivos"" Bens Imóv.Direitos Reais s/Imóveis";301.145,49;402.374,38;511.687,51;364.383,97;113.382,64;291.010,44;443.151,90;794.704,02;340.365,04;496.317,37;344.297,93;450.951,08;4.853.771,77;510.670,32;370.772,19;472.770,21;315.450,91;449.909,73;515.420,84;496.571,61;627.580,21;629.349,66;631.719,80;356.243,24;548.203,07;5.924.661,79;209.524,83;-31.602,19;-38.917,30;-48.933,06;336.527,09;224.410,40;53.419,71;-167.123,81;288.984,62;135.402,43;11.945,31;97.251,99;1.070.890,02
1.1.1.2.53.0.1.00.00.00;"Imp.s/ Transm.""Inter Vivos"" Bens Imóv.Direitos Reais s/Imóveis";301.145,49;402.374,38;511.687,51;364.383,97;113.382,64;291.010,44;443.151,90;794.704,02;340.365,04;496.317,37;344.297,93;450.951,08;4.853.771,77;510.670,32;370.772,19;472.770,21;315.450,91;449.909,73;515.420,84;496.571,61;627.580,21;629.349,66;631.719,80;356.243,24;548.203,07;5.924.661,79;209.524,83;-31.602,19;-38.917,30;-48.933,06;336.527,09;224.410,40;53.419,71;-167.123,81;288.984,62;135.402,43;11.945,31;97.251,99;1.070.890,02
1.1.1.3.03.1.1.00.00.00;Imposto sobre a Renda - Retido na Fonte - Trabalho - Principal;1.937.593,23;1.546.150,68;1.719.469,80;2.037.187,77;1.722.096,31;1.572.262,98;1.599.632,33;1.562.219,66;1.254.863,47;2.164.624,04;1.614.288,63;3.214.345,71;21.944.734,61;1.862.746,81;1.373.183,29;1.281.507,13;2.301.869,71;1.483.188,19;1.451.906,38;1.512.777,47;1.578.276,51;1.489.741,06;1.494.283,38;1.517.350,93;2.804.123,19;20.150.954,05;-74.846,42;-172.967,39;-437.962,67;264.681,94;-238.908,12;-120.356,60;-86.854,86;16.056,85;234.877,59;-670.340,66;-96.937,70;-410.222,52;-1.793.780,56
1.1.1.3.03.1.1.00.00.00;Imposto sobre a Renda - Retido na Fonte - Trabalho - Principal;1.937.593,23;1.546.150,68;1.719.469,80;2.037.187,77;1.722.096,31;1.572.262,98;1.599.632,33;1.562.219,66;1.254.863,47;2.164.624,04;1.614.288,63;3.214.345,71;21.944.734,61;1.862.746,81;1.373.183,29;1.281.507,13;2.301.869,71;1.483.188,19;1.451.906,38;1.512.777,47;1.578.276,51;1.489.741,06;1.494.283,38;1.517.350,93;2.804.123,19;20.150.954,05;-74.846,42;-172.967,39;-437.962,67;264.681,94;-238.908,12;-120.356,60;-86.854,86;16.056,85;234.877,59;-670.340,66;-96.937,70;-410.222,52;-1.793.780,56
1.1.1.3.03.4.1.00.00.00;Imposto sobre a Renda - Retido na Fonte - Outros Rendimentos - Principal;1.246,45;7.788,74;10.026,66;14.437,42;57.195,24;67.861,49;55.131,12;150.405,89;74.488,63;89.851,53;86.448,87;173.421,50;788.303,54;97.726,94;139.644,62;207.384,16;145.365,21;209.098,05;239.494,77;213.518,71;137.174,25;194.470,59;198.603,16;197.635,24;310.495,45;2.290.611,15;96.480,49;131.855,88;197.357,50;130.927,79;151.902,81;171.633,28;158.387,59;-13.231,64;119.981,96;108.751,63;111.186,37;137.073,95;1.502.307,61
1.1.1.3.03.4.1.00.00.00;Imposto sobre a Renda - Retido na Fonte - Outros Rendimentos - Principal;1.246,45;7.788,74;10.026,66;14.437,42;57.195,24;67.861,49;55.131,12;150.405,89;74.488,63;89.851,53;86.448,87;173.421,50;788.303,54;97.726,94;139.644,62;207.384,16;145.365,21;209.098,05;239.494,77;213.518,71;137.174,25;194.470,59;198.603,16;197.635,24;310.495,45;2.290.611,15;96.480,49;131.855,88;197.357,50;130.927,79;151.902,81;171.633,28;158.387,59;-13.231,64;119.981,96;108.751,63;111.186,37;137.073,95;1.502.307,61
1.1.1.4.51.1.1.00.00.00;Imposto sobre Serviços de Qualquer Natureza - ISSQN;573.482,54;831.091,86;607.469,90;602.955,12;1.631.876,75;5.622.734,50;1.682.877,07;2.026.905,47;1.852.380,44;1.857.564,58;1.931.362,32;1.888.329,16;21.109.029,71;2.313.695,67;2.102.636,09;2.123.426,01;2.120.886,91;2.375.655,59;2.491.502,72;2.474.339,02;2.649.183,60;2.611.063,14;2.766.561,65;2.593.856,98;2.737.614,35;29.360.421,73;1.740.213,13;1.271.544,23;1.515.956,11;1.517.931,79;743.778,84;-3.131.231,78;791.461,95;622.278,13;758.682,70;908.997,07;662.494,66;849.285,19;8.251.392,02
1.1.1.4.51.1.1.00.00.00;Imposto sobre Serviços de Qualquer Natureza - ISSQN;573.482,54;831.091,86;607.469,90;602.955,12;1.631.876,75;5.622.734,50;1.682.877,07;2.026.905,47;1.852.380,44;1.857.564,58;1.931.362,32;1.888.329,16;21.109.029,71;2.313.695,67;2.102.636,09;2.123.426,01;2.120.886,91;2.375.655,59;2.491.502,72;2.474.339,02;2.649.183,60;2.611.063,14;2.766.561,65;2.593.856,98;2.737.614,35;29.360.421,73;1.740.213,13;1.271.544,23;1.515.956,11;1.517.931,79;743.778,84;-3.131.231,78;791.461,95;622.278,13;758.682,70;908.997,07;662.494,66;849.285,19;8.251.392,02
1.1.1.4.51.1.2.00.00.00;Imposto sobre Serviços de Qualquer Natureza - Multas e Juros;17.389,91;16.644,42;18.469,45;13.944,07;13.589,97;204.807,54;89.671,47;39.964,63;37.291,87;17.707,92;38.258,27;39.036,83;546.776,35;26.029,38;24.283,24;18.949,42;15.969,75;26.023,61;29.060,75;33.514,58;46.827,62;34.846,95;45.219,91;40.757,99;24.523,60;366.006,80;8.639,47;7.638,82;479,97;2.025,68;12.433,64;-175.746,79;-56.156,89;6.862,99;-2.444,92;27.511,99;2.499,72;-14.513,23;-180.769,55
1.1.1.4.51.1.2.00.00.00;Imposto sobre Serviços de Qualquer Natureza - Multas e Juros;17.389,91;16.644,42;18.469,45;13.944,07;13.589,97;204.807,54;89.671,47;39.964,63;37.291,87;17.707,92;38.258,27;39.036,83;546.776,35;26.029,38;24.283,24;18.949,42;15.969,75;26.023,61;29.060,75;33.514,58;46.827,62;34.846,95;45.219,91;40.757,99;24.523,60;366.006,80;8.639,47;7.638,82;479,97;2.025,68;12.433,64;-175.746,79;-56.156,89;6.862,99;-2.444,92;27.511,99;2.499,72;-14.513,23;-180.769,55
1.1.1.4.51.1.3.00.00.00;Imposto sobre Serviços de Qualquer Natureza - Dívida Ativa;96.876,68;59.430,83;57.662,46;56.928,08;58.233,81;124.683,74;79.113,20;100.210,78;80.902,61;106.514,43;146.148,06;163.289,64;1.129.994,32;104.468,58;116.452,29;143.724,38;76.235,17;73.734,23;67.590,13;55.834,45;70.497,65;54.884,30;81.810,94;49.110,46;64.467,53;958.810,11;7.591,90;57.021,46;86.061,92;19.307,09;15.500,42;-57.093,61;-23.278,75;-29.713,13;-26.018,31;-24.703,49;-97.037,60;-98.822,11;-171.184,21
1.1.1.4.51.1.3.00.00.00;Imposto sobre Serviços de Qualquer Natureza - Dívida Ativa;96.876,68;59.430,83;57.662,46;56.928,08;58.233,81;124.683,74;79.113,20;100.210,78;80.902,61;106.514,43;146.148,06;163.289,64;1.129.994,32;104.468,58;116.452,29;143.724,38;76.235,17;73.734,23;67.590,13;55.834,45;70.497,65;54.884,30;81.810,94;49.110,46;64.467,53;958.810,11;7.591,90;57.021,46;86.061,92;19.307,09;15.500,42;-57.093,61;-23.278,75;-29.713,13;-26.018,31;-24.703,49;-97.037,60;-98.822,11;-171.184,21
1.1.1.4.51.1.4.00.00.00;Imposto sobre Serviços de Qualquer Natureza - Dívida Ativa - Multas e Juros;92.296,47;50.977,32;211.015,35;51.501,94;398.492,01;0,00;60.980,37;127.553,79;52.525,69;49.375,24;69.503,59;65.842,46;1.230.064,23;26.802,88;31.861,58;51.359,70;30.777,40;29.770,76;28.435,34;22.695,49;24.745,73;19.000,32;31.410,85;21.137,66;19.717,40;337.715,11;-65.493,59;-19.115,74;-159.655,65;-20.724,54;-368.721,25;28.435,34;-38.284,88;-102.808,06;-33.525,37;-17.964,39;-48.365,93;-46.125,06;-892.349,12
1.1.1.4.51.1.4.00.00.00;Imposto sobre Serviços de Qualquer Natureza - Dívida Ativa - Multas e Juros;92.296,47;50.977,32;211.015,35;51.501,94;398.492,01;0,00;60.980,37;127.553,79;52.525,69;49.375,24;69.503,59;65.842,46;1.230.064,23;26.802,88;31.861,58;51.359,70;30.777,40;29.770,76;28.435,34;22.695,49;24.745,73;19.000,32;31.410,85;21.137,66;19.717,40;337.715,11;-65.493,59;-19.115,74;-159.655,65;-20.724,54;-368.721,25;28.435,34;-38.284,88;-102.808,06;-33.525,37;-17.964,39;-48.365,93;-46.125,06;-892.349,12
1.1.2.1.01.0.1.01.00.00;Taxa Licença p/ Func. Estab.Com.,Ind.e Prest.Servi;2.702,12;1.863,66;2.796,32;2.167,08;759,33;851,93;4.741,47;1.404,05;974,83;4.541,15;118.031,49;61.348,24;202.181,67;13.577,60;1.683,50;9.225,95;11.713,21;9.228,59;8.349,36;17.808,96;14.536,76;174.854,46;805.863,16;365.454,29;397.905,64;1.830.201,48;10.875,48;-180,16;6.429,63;9.546,13;8.469,26;7.497,43;13.067,49;13.132,71;173.879,63;801.322,01;247.422,80;336.557,40;1.628.019,81
1.1.2.1.01.0.1.01.00.00;Taxa Licença p/ Func. Estab.Com.,Ind.e Prest.Servi;2.702,12;1.863,66;2.796,32;2.167,08;759,33;851,93;4.741,47;1.404,05;974,83;4.541,15;118.031,49;61.348,24;202.181,67;13.577,60;1.683,50;9.225,95;11.713,21;9.228,59;8.349,36;17.808,96;14.536,76;174.854,46;805.863,16;365.454,29;397.905,64;1.830.201,48;10.875,48;-180,16;6.429,63;9.546,13;8.469,26;7.497,43;13.067,49;13.132,71;173.879,63;801.322,01;247.422,80;336.557,40;1.628.019,81
1.1.2.1.01.0.1.02.00.00;Taxa de Licença para Execução de Obras;0,00;0,00;0,00;0,00;234,21;436,00;455,98;0,00;2.887,37;31,03;0,00;25,61;4.070,20;28,66;56,04;0,00;0,00;0,00;0,00;0,00;0,00;0,00;0,00;0,00;0,00;84,70;28,66;56,04;0,00;0,00;-234,21;-436,00;-455,98;0,00;-2.887,37;-31,03;0,00;-25,61;-3.985,50
1.1.2.1.01.0.1.02.00.00;Taxa de Licença para Execução de Obras;0,00;0,00;0,00;0,00;234,21;436,00;455,98;0,00;2.887,37;31,03;0,00;25,61;4.070,20;28,66;56,04;0,00;0,00;0,00;0,00;0,00;0,00;0,00;0,00;0,00;0,00;84,70;28,66;56,04;0,00;0,00;-234,21;-436,00;-455,98;0,00;-2.887,37;-31,03;0,00;-25,61;-3.985,50
1.1.2.1.01.0.1.03.00.00;Taxa de Utilização de Área de Domínio Público;463,73;17.104,79;1.526,61;721.373,01;1.303,06;1.617,81;1.438,84;2.285,39;3.102,46;1.055,24;7.944,65;5.493,49;764.709,08;697,80;1.455,89;451,97;579,51;6.651,73;3.845,79;2.999,21;825,47;1.423,87;5.861,03;1.475,40;4.701,96;30.969,63;234,07;-15.648,90;-1.074,64;-720.793,50;5.348,67;2.227,98;1.560,37;-1.459,92;-1.678,59;4.805,79;-6.469,25;-791,53;-733.739,45
1.1.2.1.01.0.1.04.00.00;Taxa de Aprovação do Projeto de Construção Civil;0,00;0,00;0,00;0,00;0,00;0,00;0,00;32,05;4.233,40;3.235,92;1.380,38;2.439,45;11.321,20;12.570,30;10.186,33;13.717,34;3.849,00;11.594,07;17.109,32;17.479,57;10.764,72;19.480,74;7.294,51;7.313,10;7.313,10;138.672,10;12.570,30;10.186,33;13.717,34;3.849,00;11.594,07;17.109,32;17.479,57;10.732,67;15.247,34;4.058,59;5.932,72;4.873,65;127.350,90
1.1.2.1.01.0.1.04.00.00;Taxa de Aprovação do Projeto de Construção Civil;0,00;0,00;0,00;0,00;0,00;0,00;0,00;32,05;4.233,40;3.235,92;1.380,38;2.439,45;11.321,20;12.570,30;10.186,33;13.717,34;3.849,00;11.594,07;17.109,32;17.479,57;10.764,72;19.480,74;7.294,51;7.313,10;7.313,10;138.672,10;12.570,30;10.186,33;13.717,34;3.849,00;11.594,07;17.109,32;17.479,57;10.732,67;15.247,34;4.058,59;5.932,72;4.873,65;127.350,90
1.1.2.1.01.0.1.05.00.00;Taxa de Alinhamento e Nivelamento;6.123,73;3.586,94;3.665,87;2.007,95;8.275,20;2.720,78;8.167,79;7.961,42;3.459,40;9.339,42;4.437,54;6.124,72;65.870,76;5.480,01;5.622,15;5.877,79;3.316,54;8.396,36;7.539,55;8.264,84;9.747,66;6.905,34;7.355,50;4.582,46;6.460,79;79.548,99;-643,72;2.035,21;2.211,92;1.308,59;121,16;4.818,77;97,05;1.786,24;3.445,94;-1.983,92;144,92;336,07;13.678,23
1.1.2.1.01.0.1.05.00.00;Taxa de Alinhamento e Nivelamento;6.123,73;3.586,94;3.665,87;2.007,95;8.275,20;2.720,78;8.167,79;7.961,42;3.459,40;9.339,42;4.437,54;6.124,72;65.870,76;5.480,01;5.622,15;5.877,79;3.316,54;8.396,36;7.539,55;8.264,84;9.747,66;6.905,34;7.355,50;4.582,46;6.460,79;79.548,99;-643,72;2.035,21;2.211,92;1.308,59;121,16;4.818,77;97,05;1.786,24;3.445,94;-1.983,92;144,92;336,07;13.678,23
1.1.2.1.01.0.1.06.00.00;Taxa de Apreensão, Depósito ou Liberação de Animais;1.904,38;0,00;4.404,35;0,00;0,00;0,00;0,00;0,00;0,00;0,00;0,00;0,00;6.308,73;0,00;0,00;0,00;831,36;1.108,48;1.039,20;0,00;623,52;1.177,76;554,24;0,00;0,00;5.334,56;-1.904,38;0,00;-4.404,35;831,36;1.108,48;1.039,20;0,00;623,52;1.177,76;554,24;0,00;0,00;-974,17
1.1.2.1.01.0.1.06.00.00;Taxa de Apreensão, Depósito ou Liberação de Animais;1.904,38;0,00;4.404,35;0,00;0,00;0,00;0,00;0,00;0,00;0,00;0,00;0,00;6.308,73;0,00;0,00;0,00;831,36;1.108,48;1.039,20;0,00;623,52;1.177,76;554,24;0,00;0,00;5.334,56;-1.904,38;0,00;-4.404,35;831,36;1.108,48;1.039,20;0,00;623,52;1.177,76;554,24;0,00;0,00;-974,17
1.1.2.1.01.0.1.07.00.00;Outras Taxas de Inspeção, Controle e Fiscalização;0,00;0,00;0,00;0,00;0,00;0,00;0,00;752,53;3.010,12;1.379,64;9.099,30;979,92;15.221,51;2.461,75;464,13;284,75;307,84;96,20;447,07;2.247,29;898,24;361,72;250,12;153,92;538,72;8.511,75;2.461,75;464,13;284,75;307,84;96,20;447,07;2.247,29;145,71;-2.648,40;-1.129,52;-8.945,38;-441,20;-6.709,76
1.1.2.1.01.0.2.01.00.00;Multas e Juros-Taxas Insp.Cont.Fiscalização;482,53;0,00;2,07;5,52;59,12;54,98;57,75;104,03;177,37;354,81;525,78;260,83;2.084,79;12,23;420,21;53,72;379,05;228,82;360,00;404,13;529,10;122,98;481,34;181,58;399,55;3.572,71;-470,30;420,21;51,65;373,53;169,70;305,02;346,38;425,07;-54,39;126,53;-344,20;138,72;1.487,92
1.1.2.1.01.0.2.01.00.00;Multas e Juros-Taxas Insp.Cont.Fiscalização;482,53;0,00;2,07;5,52;59,12;54,98;57,75;104,03;177,37;354,81;525,78;260,83;2.084,79;12,23;420,21;53,72;379,05;228,82;360,00;404,13;529,10;122,98;481,34;181,58;399,55;3.572,71;-470,30;420,21;51,65;373,53;169,70;305,02;346,38;425,07;-54,39;126,53;-344,20;138,72;1.487,92
1.1.2.1.01.0.3.01.00.00;Divida Ativa-Taxas Insp.Cont.Fiscalização;27.445,42;18.434,51;29.846,70;16.214,67;23.581,03;24.305,61;18.411,60;18.041,92;10.287,41;34.342,97;31.914,25;59.167,16;311.993,25;79.940,15;71.251,26;53.424,50;45.567,69;39.036,43;41.884,33;40.689,58;22.496,30;24.292,20;22.416,20;26.202,58;41.224,52;508.425,74;52.494,73;52.816,75;23.577,80;29.353,02;15.455,40;17.578,72;22.277,98;4.454,38;14.004,79;-11.926,77;-5.711,67;-17.942,64;196.432,49
1.1.2.1.01.0.3.01.00.00;Divida Ativa-Taxas Insp.Cont.Fiscalização;27.445,42;18.434,51;29.846,70;16.214,67;23.581,03;24.305,61;18.411,60;18.041,92;10.287,41;34.342,97;31.914,25;59.167,16;311.993,25;79.940,15;71.251,26;53.424,50;45.567,69;39.036,43;41.884,33;40.689,58;22.496,30;24.292,20;22.416,20;26.202,58;41.224,52;508.425,74;52.494,73;52.816,75;23.577,80;29.353,02;15.455,40;17.578,72;22.277,98;4.454,38;14.004,79;-11.926,77;-5.711,67;-17.942,64;196.432,49
1.1.2.1.01.0.4.01.00.00;Multas e Juros Divida Ativa-Taxas Insp.Cont.Fiscal;14.285,04;98.272,39;7.252,85;4.761,77;5.430,61;0,00;4.344,16;4.735,97;2.718,32;4.999,89;4.219,89;7.026,61;158.047,50;17.786,90;23.588,93;17.342,61;15.079,88;15.221,03;20.571,96;19.885,60;11.847,71;11.542,06;11.684,09;13.315,34;22.333,09;200.199,20;3.501,86;-74.683,46;10.089,76;10.318,11;9.790,42;20.571,96;15.541,44;7.111,74;8.823,74;6.684,20;9.095,45;15.306,48;42.151,70
1.1.2.1.01.0.4.01.00.00;Multas e Juros Divida Ativa-Taxas Insp.Cont.Fiscal;14.285,04;98.272,39;7.252,85;4.761,77;5.430,61;0,00;4.344,16;4.735,97;2.718,32;4.999,89;4.219,89;7.026,61;158.047,50;17.786,90;23.588,93;17.342,61;15.079,88;15.221,03;20.571,96;19.885,60;11.847,71;11.542,06;11.684,09;13.315,34;22.333,09;200.199,20;3.501,86;-74.683,46;10.089,76;10.318,11;9.790,42;20.571,96;15.541,44;7.111,74;8.823,74;6.684,20;9.095,45;15.306,48;42.151,70
1.1.2.1.01.0.4.03.00.00;Taxa de Utilização de Área de Domínio Público - Multa e Juros	de Divida Ativa;0,00;0,00;0,00;0,00;8.803,92;708,24;242,80;355,66;78,98;83,67;727,43;102,68;11.103,38;62,35;218,60;0,00;97,23;41,92;319,00;0,00;0,00;32,15;56,80;162,59;254,25;1.244,89;62,35;218,60;0,00;97,23;-8.762,00;-389,24;-242,80;-355,66;-46,83;-26,87;-564,84;151,57;-9.858,49
1.1.2.1.01.0.4.03.00.00;Taxa de Utilização de Área de Domínio Público - Multa e Juros	de Divida Ativa;0,00;0,00;0,00;0,00;8.803,92;708,24;242,80;355,66;78,98;83,67;727,43;102,68;11.103,38;62,35;218,60;0,00;97,23;41,92;319,00;0,00;0,00;32,15;56,80;162,59;254,25;1.244,89;62,35;218,60;0,00;97,23;-8.762,00;-389,24;-242,80;-355,66;-46,83;-26,87;-564,84;151,57;-9.858,49
1.1.2.2.01.0.1.01.00.00;Taxa de Cemitérios;24.112,64;25.036,75;19.905,54;16.762,88;17.432,11;21.015,71;27.141,54;8.896,71;19.990,61;45.401,17;19.761,44;22.141,34;267.598,44;17.036,52;21.049,63;3.970,29;19.190,74;38.264,15;21.028,74;7.888,13;20.623,01;24.910,49;20.084,81;21.334,21;19.599,72;234.980,44;-7.076,12;-3.987,12;-15.935,25;2.427,86;20.832,04;13,03;-19.253,41;11.726,30;4.919,88;-25.316,36;1.572,77;-2.541,62;-32.618,00
1.1.2.2.01.0.1.01.00.00;Taxa de Cemitérios;24.112,64;25.036,75;19.905,54;16.762,88;17.432,11;21.015,71;27.141,54;8.896,71;19.990,61;45.401,17;19.761,44;22.141,34;267.598,44;17.036,52;21.049,63;3.970,29;19.190,74;38.264,15;21.028,74;7.888,13;20.623,01;24.910,49;20.084,81;21.334,21;19.599,72;234.980,44;-7.076,12;-3.987,12;-15.935,25;2.427,86;20.832,04;13,03;-19.253,41;11.726,30;4.919,88;-25.316,36;1.572,77;-2.541,62;-32.618,00
1.1.2.2.01.0.1.02.00.00;Taxa de Coleta e Tratamento de Lixo;41.023,09;48.822,82;820.162,94;3.361.160,21;675.092,00;649.352,69;641.750,63;615.756,24;591.594,07;604.372,80;572.252,85;121.003,75;8.742.344,09;18.364,26;97.698,92;985.822,69;3.430.033,37;731.875,71;689.289,26;700.070,73;668.647,95;651.837,65;674.360,46;566.971,84;106.953,77;9.321.926,61;-22.658,83;48.876,10;165.659,75;68.873,16;56.783,71;39.936,57;58.320,10;52.891,71;60.243,58;69.987,66;-5.281,01;-14.049,98;579.582,52
1.1.2.2.01.0.1.02.00.00;Taxa de Coleta e Tratamento de Lixo;41.023,09;48.822,82;820.162,94;3.361.160,21;675.092,00;649.352,69;641.750,63;615.756,24;591.594,07;604.372,80;572.252,85;121.003,75;8.742.344,09;18.364,26;97.698,92;985.822,69;3.430.033,37;731.875,71;689.289,26;700.070,73;668.647,95;651.837,65;674.360,46;566.971,84;106.953,77;9.321.926,61;-22.658,83;48.876,10;165.659,75;68.873,16;56.783,71;39.936,57;58.320,10;52.891,71;60.243,58;69.987,66;-5.281,01;-14.049,98;579.582,52
1.1.2.2.01.0.1.03.00.00;Serviços Registro Certificação e Fiscalização;5.577,25;11.310,16;3.855,36;4.362,61;25.789,16;23.533,89;21.920,17;22.991,49;16.928,44;7.623,52;19.203,59;12.164,28;175.259,92;7.414,17;6.569,12;5.041,75;6.975,42;3.093,48;10.319,86;8.210,99;10.271,11;5.928,74;6.264,27;8.183,58;6.695,63;84.968,12;1.836,92;-4.741,04;1.186,39;2.612,81;-22.695,68;-13.214,03;-13.709,18;-12.720,38;-10.999,70;-1.359,25;-11.020,01;-5.468,65;-90.291,80
1.1.2.2.01.0.1.03.00.00;Serviços Registro Certificação e Fiscalização;5.577,25;11.310,16;3.855,36;4.362,61;25.789,16;23.533,89;21.920,17;22.991,49;16.928,44;7.623,52;19.203,59;12.164,28;175.259,92;7.414,17;6.569,12;5.041,75;6.975,42;3.093,48;10.319,86;8.210,99;10.271,11;5.928,74;6.264,27;8.183,58;6.695,63;84.968,12;1.836,92;-4.741,04;1.186,39;2.612,81;-22.695,68;-13.214,03;-13.709,18;-12.720,38;-10.999,70;-1.359,25;-11.020,01;-5.468,65;-90.291,80
1.1.2.2.01.0.1.04.00.00;Outras Taxas pela Prestação de Serviços;90.273,18;16.674,94;26.515,35;14.116,91;9.186,61;0,00;10.391,30;16.831,75;2.850,74;14.757,24;13.347,08;24.622,00;239.567,10;14.527,63;123.438,71;11.956,71;18.064,99;24.005,81;54.550,20;25.913,28;31.653,27;54.075,82;29.930,40;17.537,42;35.921,15;441.575,39;-75.745,55;106.763,77;-14.558,64;3.948,08;14.819,20;54.550,20;15.521,98;14.821,52;51.225,08;15.173,16;4.190,34;11.299,15;202.008,29
1.1.2.2.01.0.1.04.00.00;Outras Taxas pela Prestação de Serviços;90.273,18;16.674,94;26.515,35;14.116,91;9.186,61;0,00;10.391,30;16.831,75;2.850,74;14.757,24;13.347,08;24.622,00;239.567,10;14.527,63;123.438,71;11.956,71;18.064,99;24.005,81;54.550,20;25.913,28;31.653,27;54.075,82;29.930,40;17.537,42;35.921,15;441.575,39;-75.745,55;106.763,77;-14.558,64;3.948,08;14.819,20;54.550,20;15.521,98;14.821,52;51.225,08;15.173,16;4.190,34;11.299,15;202.008,29
1.1.2.2.01.0.2.01.00.00;Multas e Juros-Taxas pela Prest.Serviços;1.234,45;104,97;423,65;907,20;3.020,20;4.337,12;4.556,64;4.086,48;4.811,58;6.815,54;7.807,32;10.482,93;48.588,08;3.291,57;60,08;106,01;1.341,83;4.790,46;7.081,18;9.132,38;10.149,85;8.819,71;10.499,93;12.187,73;18.019,26;85.479,99;2.057,12;-44,89;-317,64;434,63;1.770,26;2.744,06;4.575,74;6.063,37;4.008,13;3.684,39;4.380,41;7.536,33;36.891,91
1.1.2.2.01.0.2.01.00.00;Multas e Juros-Taxas pela Prest.Serviços;1.234,45;104,97;423,65;907,20;3.020,20;4.337,12;4.556,64;4.086,48;4.811,58;6.815,54;7.807,32;10.482,93;48.588,08;3.291,57;60,08;106,01;1.341,83;4.790,46;7.081,18;9.132,38;10.149,85;8.819,71;10.499,93;12.187,73;18.019,26;85.479,99;2.057,12;-44,89;-317,64;434,63;1.770,26;2.744,06;4.575,74;6.063,37;4.008,13;3.684,39;4.380,41;7.536,33;36.891,91
1.1.2.2.01.0.3.01.00.00;Divida Ativa - Taxas pela Prest.Serviços;50.235,72;63.057,61;109.561,93;184.538,57;34.552,66;0,00;28.536,11;26.066,73;22.281,50;67.450,52;89.656,53;143.702,73;819.640,61;270.712,69;163.113,17;122.085,64;96.223,70;79.998,57;77.301,67;82.133,08;74.697,92;53.296,19;54.361,13;52.654,08;55.568,61;1.182.146,45;220.476,97;100.055,56;12.523,71;-88.314,87;45.445,91;77.301,67;53.596,97;48.631,19;31.014,69;-13.089,39;-37.002,45;-88.134,12;362.505,84
1.1.2.2.01.0.3.01.00.00;Divida Ativa - Taxas pela Prest.Serviços;50.235,72;63.057,61;109.561,93;184.538,57;34.552,66;0,00;28.536,11;26.066,73;22.281,50;67.450,52;89.656,53;143.702,73;819.640,61;270.712,69;163.113,17;122.085,64;96.223,70;79.998,57;77.301,67;82.133,08;74.697,92;53.296,19;54.361,13;52.654,08;55.568,61;1.182.146,45;220.476,97;100.055,56;12.523,71;-88.314,87;45.445,91;77.301,67;53.596,97;48.631,19;31.014,69;-13.089,39;-37.002,45;-88.134,12;362.505,84
1.1.2.2.01.0.4.01.00.00;Multas e Juros Divida Ativa-Taxas pela Prest.Serviços;172.560,65;57.485,97;95.232,40;117.322,26;6.014,02;0,00;3.817,10;3.336,01;2.985,74;1.803,97;2.585,35;2.952,46;466.095,93;41.182,19;35.659,48;41.212,08;39.957,12;34.956,75;38.396,06;39.682,02;41.449,80;27.303,87;28.600,17;31.821,79;33.203,23;433.424,56;-131.378,46;-21.826,49;-54.020,32;-77.365,14;28.942,73;38.396,06;35.864,92;38.113,79;24.318,13;26.796,20;29.236,44;30.250,77;-32.671,37
1.1.2.2.01.0.4.01.00.00;Multas e Juros Divida Ativa-Taxas pela Prest.Serviços;172.560,65;57.485,97;95.232,40;117.322,26;6.014,02;0,00;3.817,10;3.336,01;2.985,74;1.803,97;2.585,35;2.952,46;466.095,93;41.182,19;35.659,48;41.212,08;39.957,12;34.956,75;38.396,06;39.682,02;41.449,80;27.303,87;28.600,17;31.821,79;33.203,23;433.424,56;-131.378,46;-21.826,49;-54.020,32;-77.365,14;28.942,73;38.396,06;35.864,92;38.113,79;24.318,13;26.796,20;29.236,44;30.250,77;-32.671,37
1.2.4.1.50.0.1.00.00.00;Contribuição para o Custeio do Serviço de Iluminação Pública;1.028.552,95;1.095.104,85;1.129.317,56;1.435.445,55;1.095.879,08;1.189.269,56;1.140.763,70;1.272.403,35;1.244.897,88;1.247.631,39;1.258.996,47;1.328.170,76;14.466.433,10;1.287.134,35;1.260.270,77;1.334.703,92;1.580.888,58;1.351.878,88;1.318.668,37;1.277.268,04;1.476.693,21;1.391.677,34;1.437.079,13;1.560.882,49;1.542.716,83;16.819.861,91;258.581,40;165.165,92;205.386,36;145.443,03;255.999,80;129.398,81;136.504,34;204.289,86;146.779,46;189.447,74;301.886,02;214.546,07;2.353.428,81
1.2.4.1.50.0.1.00.00.00;Contribuição para o Custeio do Serviço de Iluminação Pública;1.028.552,95;1.095.104,85;1.129.317,56;1.435.445,55;1.095.879,08;1.189.269,56;1.140.763,70;1.272.403,35;1.244.897,88;1.247.631,39;1.258.996,47;1.328.170,76;14.466.433,10;1.287.134,35;1.260.270,77;1.334.703,92;1.580.888,58;1.351.878,88;1.318.668,37;1.277.268,04;1.476.693,21;1.391.677,34;1.437.079,13;1.560.882,49;1.542.716,83;16.819.861,91;258.581,40;165.165,92;205.386,36;145.443,03;255.999,80;129.398,81;136.504,34;204.289,86;146.779,46;189.447,74;301.886,02;214.546,07;2.353.428,81
1.2.4.1.50.0.3.00.00.00;Contribuição para o Custeio do Serviço de Iluminação Pública - Divida Ativa;0,00;0,00;0,00;0,00;0,00;8,98;1.023,29;708,76;1.078,58;3.747,36;3.928,43;4.471,09;14.966,49;36.391,66;21.150,76;13.309,44;11.480,88;7.592,98;6.449,83;7.845,16;10.530,30;6.425,44;7.754,91;5.670,05;6.661,27;141.262,68;36.391,66;21.150,76;13.309,44;11.480,88;7.592,98;6.440,85;6.821,87;9.821,54;5.346,86;4.007,55;1.741,62;2.190,18;126.296,19
1.2.4.1.50.0.3.00.00.00;Contribuição para o Custeio do Serviço de Iluminação Pública - Divida Ativa;0,00;0,00;0,00;0,00;0,00;8,98;1.023,29;708,76;1.078,58;3.747,36;3.928,43;4.471,09;14.966,49;36.391,66;21.150,76;13.309,44;11.480,88;7.592,98;6.449,83;7.845,16;10.530,30;6.425,44;7.754,91;5.670,05;6.661,27;141.262,68;36.391,66;21.150,76;13.309,44;11.480,88;7.592,98;6.440,85;6.821,87;9.821,54;5.346,86;4.007,55;1.741,62;2.190,18;126.296,19
1.2.4.1.50.0.4.00.00.00;Contribuição para o Custeio do Serviço de Iluminação Pública - Multa e Juros de Divida Ativa;0,00;0,00;0,00;0,00;0,00;17,15;2.172,02;1.589,70;1.554,42;1.131,86;1.433,59;1.753,66;9.652,40;7.288,06;6.379,24;3.890,67;5.002,22;3.166,42;2.941,90;4.133,27;5.924,67;3.533,75;4.226,38;3.130,34;4.201,81;53.818,73;7.288,06;6.379,24;3.890,67;5.002,22;3.166,42;2.924,75;1.961,25;4.334,97;1.979,33;3.094,52;1.696,75;2.448,15;44.166,33
1.2.4.1.50.0.4.00.00.00;Contribuição para o Custeio do Serviço de Iluminação Pública - Multa e Juros de Divida Ativa;0,00;0,00;0,00;0,00;0,00;17,15;2.172,02;1.589,70;1.554,42;1.131,86;1.433,59;1.753,66;9.652,40;7.288,06;6.379,24;3.890,67;5.002,22;3.166,42;2.941,90;4.133,27;5.924,67;3.533,75;4.226,38;3.130,34;4.201,81;53.818,73;7.288,06;6.379,24;3.890,67;5.002,22;3.166,42;2.924,75;1.961,25;4.334,97;1.979,33;3.094,52;1.696,75;2.448,15;44.166,33
1.3.1.1.01.1.1.01.00.00;Alugueis e Arrendamentos;0,00;0,00;0,00;0,00;25.015,48;26.683,29;15.691,00;38.366,62;21.773,74;37.232,38;10.160,96;30.577,15;205.500,62;4.994,18;3.824,33;6.312,11;7.184,69;6.190,94;4.538,50;7.341,13;5.768,94;4.417,33;9.132,92;5.369,13;3.857,64;68.931,84;4.994,18;3.824,33;6.312,11;7.184,69;-18.824,54;-22.144,79;-8.349,87;-32.597,68;-17.356,41;-28.099,46;-4.791,83;-26.719,51;-136.568,78
1.3.1.1.01.1.1.01.00.00;Alugueis e Arrendamentos;0,00;0,00;0,00;0,00;25.015,48;26.683,29;15.691,00;38.366,62;21.773,74;37.232,38;10.160,96;30.577,15;205.500,62;4.994,18;3.824,33;6.312,11;7.184,69;6.190,94;4.538,50;7.341,13;5.768,94;4.417,33;9.132,92;5.369,13;3.857,64;68.931,84;4.994,18;3.824,33;6.312,11;7.184,69;-18.824,54;-22.144,79;-8.349,87;-32.597,68;-17.356,41;-28.099,46;-4.791,83;-26.719,51;-136.568,78
1.3.1.1.01.1.1.02.00.00;Alugueis - Outros;1.216,77;1.216,77;1.216,77;1.216,77;1.216,77;1.216,77;1.216,77;1.216,77;1.216,77;1.216,77;1.216,77;1.216,79;14.601,26;0,00;0,00;0,00;0,00;0,00;0,00;0,00;0,00;0,00;0,00;0,00;0,00;0,00;-1.216,77;-1.216,77;-1.216,77;-1.216,77;-1.216,77;-1.216,77;-1.216,77;-1.216,77;-1.216,77;-1.216,77;-1.216,77;-1.216,79;-14.601,26
1.3.1.1.01.1.1.02.00.00;Alugueis - Outros;1.216,77;1.216,77;1.216,77;1.216,77;1.216,77;1.216,77;1.216,77;1.216,77;1.216,77;1.216,77;1.216,77;1.216,79;14.601,26;0,00;0,00;0,00;0,00;0,00;0,00;0,00;0,00;0,00;0,00;0,00;0,00;0,00;-1.216,77;-1.216,77;-1.216,77;-1.216,77;-1.216,77;-1.216,77;-1.216,77;-1.216,77;-1.216,77;-1.216,77;-1.216,77;-1.216,79;-14.601,26
1.3.1.1.01.1.1.03.00.00;Arrendamentos;0,00;0,00;0,00;0,00;0,00;0,00;0,00;6.142,11;0,00;7.024,89;0,00;0,00;13.167,00;0,00;0,00;0,00;0,00;0,00;0,00;0,00;0,00;0,00;0,00;0,00;0,00;0,00;0,00;0,00;0,00;0,00;0,00;0,00;0,00;-6.142,11;0,00;-7.024,89;0,00;0,00;-13.167,00
1.3.1.1.01.2.1.01.00.00;Foros;46.918,09;45.246,68;129.095,38;149.107,62;74.637,14;36.639,45;61.555,17;45.694,83;111.162,08;73.743,65;58.249,47;64.209,98;896.259,54;51.111,88;32.547,74;53.804,70;136.563,15;51.027,83;77.340,71;68.893,98;128.959,11;79.484,72;52.520,52;58.626,85;95.445,91;886.327,10;4.193,79;-12.698,94;-75.290,68;-12.544,47;-23.609,31;40.701,26;7.338,81;83.264,28;-31.677,36;-21.223,13;377,38;31.235,93;-9.932,44
1.3.1.1.01.2.1.02.00.00;Laudêmios;0,00;0,00;0,00;0,00;495.440,46;122.523,19;3.165,03;0,00;0,00;944,16;1.187,69;784,20;624.044,73;847,11;1.052,87;396,72;5.233,39;434,84;1.691,06;1.996,88;64,83;0,00;982,75;685,60;996,96;14.383,01;847,11;1.052,87;396,72;5.233,39;-495.005,62;-120.832,13;-1.168,15;64,83;0,00;38,59;-502,09;212,76;-609.661,72
1.3.1.1.01.2.1.02.00.00;Laudêmios;0,00;0,00;0,00;0,00;495.440,46;122.523,19;3.165,03;0,00;0,00;944,16;1.187,69;784,20;624.044,73;847,11;1.052,87;396,72;5.233,39;434,84;1.691,06;1.996,88;64,83;0,00;982,75;685,60;996,96;14.383,01;847,11;1.052,87;396,72;5.233,39;-495.005,62;-120.832,13;-1.168,15;64,83;0,00;38,59;-502,09;212,76;-609.661,72
1.3.1.1.01.2.2.01.00.00;Multas e Juros-Foros,Laudêmios Tarifas Ocupação;53,57;0,00;0,29;151,10;463,90;218,20;1.122,71;388,03;453,04;540,55;1.045,16;409,86;4.846,41;280,63;0,00;2,63;40,78;226,06;984,10;392,02;222,89;221,71;210,78;4.259,64;379,83;7.221,07;227,06;0,00;2,34;-110,32;-237,84;765,90;-730,69;-165,14;-231,33;-329,77;3.214,48;-30,03;2.374,66
1.3.1.1.01.2.2.01.00.00;Multas e Juros-Foros,Laudêmios Tarifas Ocupação;53,57;0,00;0,29;151,10;463,90;218,20;1.122,71;388,03;453,04;540,55;1.045,16;409,86;4.846,41;280,63;0,00;2,63;40,78;226,06;984,10;392,02;222,89;221,71;210,78;4.259,64;379,83;7.221,07;227,06;0,00;2,34;-110,32;-237,84;765,90;-730,69;-165,14;-231,33;-329,77;3.214,48;-30,03;2.374,66
1.3.1.1.01.2.3.01.00.00;Dívida Ativa-Foros,Laudêmios,Tarifas Ocupação;4.524,60;5.471,40;4.795,04;6.771,29;3.724,39;3.687,47;2.623,31;2.584,18;2.191,92;8.202,09;6.875,85;11.925,83;63.377,37;19.254,67;8.383,34;5.520,10;4.114,65;2.629,88;2.832,54;2.162,00;3.829,59;2.631,38;1.719,43;984,83;2.854,61;56.917,02;14.730,07;2.911,94;725,06;-2.656,64;-1.094,51;-854,93;-461,31;1.245,41;439,46;-6.482,66;-5.891,02;-9.071,22;-6.460,35
1.3.1.1.01.2.3.01.00.00;Dívida Ativa-Foros,Laudêmios,Tarifas Ocupação;4.524,60;5.471,40;4.795,04;6.771,29;3.724,39;3.687,47;2.623,31;2.584,18;2.191,92;8.202,09;6.875,85;11.925,83;63.377,37;19.254,67;8.383,34;5.520,10;4.114,65;2.629,88;2.832,54;2.162,00;3.829,59;2.631,38;1.719,43;984,83;2.854,61;56.917,02;14.730,07;2.911,94;725,06;-2.656,64;-1.094,51;-854,93;-461,31;1.245,41;439,46;-6.482,66;-5.891,02;-9.071,22;-6.460,35
1.3.1.1.01.2.4.01.00.00;Multas e Juros Dívida Ativa-Foros,Laud.Tarifas Ocupação;118,70;3.007,63;14.482,41;8.964,34;149,42;0,00;61,12;94,33;79,34;35,91;45,10;457,42;27.495,72;2.199,61;2.017,89;1.300,76;1.502,48;1.031,86;1.198,96;958,40;7.081,35;1.246,80;959,39;490,77;1.780,71;21.768,98;2.080,91;-989,74;-13.181,65;-7.461,86;882,44;1.198,96;897,28;6.987,02;1.167,46;923,48;445,67;1.323,29;-5.726,74
1.3.1.1.01.2.4.01.00.00;Multas e Juros Dívida Ativa-Foros,Laud.Tarifas Ocupação;118,70;3.007,63;14.482,41;8.964,34;149,42;0,00;61,12;94,33;79,34;35,91;45,10;457,42;27.495,72;2.199,61;2.017,89;1.300,76;1.502,48;1.031,86;1.198,96;958,40;7.081,35;1.246,80;959,39;490,77;1.780,71;21.768,98;2.080,91;-989,74;-13.181,65;-7.461,86;882,44;1.198,96;897,28;6.987,02;1.167,46;923,48;445,67;1.323,29;-5.726,74
1.3.1.1.99.0.1.01.00.00;Outras Receitas Imobiliárias;754,67;754,67;754,67;754,67;754,67;754,67;754,67;754,67;754,67;754,67;754,67;754,71;9.056,08;0,00;225,92;0,00;0,00;0,00;0,00;0,00;0,00;0,00;0,00;9.439,15;0,00;9.665,07;-754,67;-528,75;-754,67;-754,67;-754,67;-754,67;-754,67;-754,67;-754,67;-754,67;8.684,48;-754,71;608,99
1.3.1.1.99.0.1.01.00.00;Outras Receitas Imobiliárias;754,67;754,67;754,67;754,67;754,67;754,67;754,67;754,67;754,67;754,67;754,67;754,71;9.056,08;0,00;225,92;0,00;0,00;0,00;0,00;0,00;0,00;0,00;0,00;9.439,15;0,00;9.665,07;-754,67;-528,75;-754,67;-754,67;-754,67;-754,67;-754,67;-754,67;-754,67;-754,67;8.684,48;-754,71;608,99
1.3.2.1.01.0.1.03.00.00;Remuneração Depósitos Bancários - FUNDEB;30.523,32;28.725,09;36.088,53;26.597,89;29.356,37;26.925,08;24.234,37;18.313,06;21.840,24;23.999,13;25.258,18;20.781,17;312.642,43;35.724,18;41.163,59;44.975,46;41.527,11;36.857,30;31.536,67;34.549,51;31.878,81;27.368,44;31.037,97;27.379,01;27.949,75;411.947,80;5.200,86;12.438,50;8.886,93;14.929,22;7.500,93;4.611,59;10.315,14;13.565,75;5.528,20;7.038,84;2.120,83;7.168,58;99.305,37
1.3.2.1.01.0.1.03.00.00;Remuneração Depósitos Bancários - FUNDEB;30.523,32;28.725,09;36.088,53;26.597,89;29.356,37;26.925,08;24.234,37;18.313,06;21.840,24;23.999,13;25.258,18;20.781,17;312.642,43;35.724,18;41.163,59;44.975,46;41.527,11;36.857,30;31.536,67;34.549,51;31.878,81;27.368,44;31.037,97;27.379,01;27.949,75;411.947,80;5.200,86;12.438,50;8.886,93;14.929,22;7.500,93;4.611,59;10.315,14;13.565,75;5.528,20;7.038,84;2.120,83;7.168,58;99.305,37
1.3.2.1.01.0.1.04.00.00;Remuneração Depósitos Bancários - Multas de Trânsito;24.856,49;19.275,30;26.668,21;21.177,44;18.796,46;26.729,09;19.892,95;6.143,14;23.442,64;24.103,81;21.344,66;19.622,01;252.052,20;19.818,04;17.314,93;19.614,15;19.871,63;18.728,03;18.000,31;20.875,76;19.184,66;16.511,59;18.192,04;16.528,47;17.740,86;222.380,47;-5.038,45;-1.960,37;-7.054,06;-1.305,81;-68,43;-8.728,78;982,81;13.041,52;-6.931,05;-5.911,77;-4.816,19;-1.881,15;-29.671,73
1.3.2.1.01.0.1.04.00.00;Remuneração Depósitos Bancários - Multas de Trânsito;24.856,49;19.275,30;26.668,21;21.177,44;18.796,46;26.729,09;19.892,95;6.143,14;23.442,64;24.103,81;21.344,66;19.622,01;252.052,20;19.818,04;17.314,93;19.614,15;19.871,63;18.728,03;18.000,31;20.875,76;19.184,66;16.511,59;18.192,04;16.528,47;17.740,86;222.380,47;-5.038,45;-1.960,37;-7.054,06;-1.305,81;-68,43;-8.728,78;982,81;13.041,52;-6.931,05;-5.911,77;-4.816,19;-1.881,15;-29.671,73
1.3.2.1.01.0.1.05.00.00;Remuneração Depósitos Bancários-QESE;36.842,43;31.011,17;41.313,63;33.336,67;42.145,48;41.299,53;42.447,03;46.324,23;40.760,80;36.168,38;31.779,31;31.765,00;455.193,66;58.145,65;47.540,36;46.426,95;45.670,99;41.424,02;40.693,15;47.711,19;42.022,21;41.434,73;48.895,53;43.904,01;50.271,10;554.139,89;21.303,22;16.529,19;5.113,32;12.334,32;-721,46;-606,38;5.264,16;-4.302,02;673,93;12.727,15;12.124,70;18.506,10;98.946,23
1.3.2.1.01.0.1.05.00.00;Remuneração Depósitos Bancários-QESE;36.842,43;31.011,17;41.313,63;33.336,67;42.145,48;41.299,53;42.447,03;46.324,23;40.760,80;36.168,38;31.779,31;31.765,00;455.193,66;58.145,65;47.540,36;46.426,95;45.670,99;41.424,02;40.693,15;47.711,19;42.022,21;41.434,73;48.895,53;43.904,01;50.271,10;554.139,89;21.303,22;16.529,19;5.113,32;12.334,32;-721,46;-606,38;5.264,16;-4.302,02;673,93;12.727,15;12.124,70;18.506,10;98.946,23
1.3.2.1.01.0.1.06.00.00;Remuneração Depósitos Bancários-PNATE;1.493,34;1.239,64;1.646,28;1.299,38;1.961,44;1.999,39;2.006,67;2.186,28;2.016,05;2.140,05;1.927,74;1.876,40;21.792,66;2.037,33;1.654,35;1.668,26;1.735,74;1.497,02;1.267,71;1.257,95;1.129,97;1.024,84;897,65;577,79;395,13;15.143,74;543,99;414,71;21,98;436,36;-464,42;-731,68;-748,72;-1.056,31;-991,21;-1.242,40;-1.349,95;-1.481,27;-6.648,92
1.3.2.1.01.0.1.06.00.00;Remuneração Depósitos Bancários-PNATE;1.493,34;1.239,64;1.646,28;1.299,38;1.961,44;1.999,39;2.006,67;2.186,28;2.016,05;2.140,05;1.927,74;1.876,40;21.792,66;2.037,33;1.654,35;1.668,26;1.735,74;1.497,02;1.267,71;1.257,95;1.129,97;1.024,84;897,65;577,79;395,13;15.143,74;543,99;414,71;21,98;436,36;-464,42;-731,68;-748,72;-1.056,31;-991,21;-1.242,40;-1.349,95;-1.481,27;-6.648,92
1.3.2.1.01.0.1.07.00.00;Remuneração Depósitos Bancários-PNAE;3,06;247,93;909,74;458,24;545,80;679,42;1.227,65;934,50;1.020,95;645,74;583,99;130,63;7.387,65;0,51;120,66;757,38;1.097,64;490,75;472,30;463,58;601,59;2.338,19;1.647,97;353,54;51,45;8.395,56;-2,55;-127,27;-152,36;639,40;-55,05;-207,12;-764,07;-332,91;1.317,24;1.002,23;-230,45;-79,18;1.007,91
1.3.2.1.01.0.1.07.00.00;Remuneração Depósitos Bancários-PNAE;3,06;247,93;909,74;458,24;545,80;679,42;1.227,65;934,50;1.020,95;645,74;583,99;130,63;7.387,65;0,51;120,66;757,38;1.097,64;490,75;472,30;463,58;601,59;2.338,19;1.647,97;353,54;51,45;8.395,56;-2,55;-127,27;-152,36;639,40;-55,05;-207,12;-764,07;-332,91;1.317,24;1.002,23;-230,45;-79,18;1.007,91
1.3.2.1.01.0.1.08.00.00;Remuneração Depósitos Bancários-FNDE;3,31;3,30;3,22;3,19;3,27;3,55;3,41;43,90;53,43;54,17;50,23;19,97;244,95;3.627,27;3.003,79;3.113,03;3.308,76;3.107,24;5.823,59;6.713,82;6.483,03;6.257,24;7.062,66;6.132,73;7.093,37;61.726,53;3.623,96;3.000,49;3.109,81;3.305,57;3.103,97;5.820,04;6.710,41;6.439,13;6.203,81;7.008,49;6.082,50;7.073,40;61.481,58
1.3.2.1.01.0.1.08.00.00;Remuneração Depósitos Bancários-FNDE;3,31;3,30;3,22;3,19;3,27;3,55;3,41;43,90;53,43;54,17;50,23;19,97;244,95;3.627,27;3.003,79;3.113,03;3.308,76;3.107,24;5.823,59;6.713,82;6.483,03;6.257,24;7.062,66;6.132,73;7.093,37;61.726,53;3.623,96;3.000,49;3.109,81;3.305,57;3.103,97;5.820,04;6.710,41;6.439,13;6.203,81;7.008,49;6.082,50;7.073,40;61.481,58
1.3.2.1.01.0.1.09.00.00;Remuneração Depósitos Bancários-Conv.Educação;5.323,88;5.323,88;5.323,88;5.323,88;5.323,88;5.323,88;5.323,88;5.323,88;5.323,88;5.323,88;5.323,88;5.323,96;63.886,64;0,00;0,00;0,00;0,00;0,00;0,00;0,00;0,00;0,00;0,00;0,00;0,00;0,00;-5.323,88;-5.323,88;-5.323,88;-5.323,88;-5.323,88;-5.323,88;-5.323,88;-5.323,88;-5.323,88;-5.323,88;-5.323,88;-5.323,96;-63.886,64
1.3.2.1.01.0.1.09.00.00;Remuneração Depósitos Bancários-Conv.Educação;5.323,88;5.323,88;5.323,88;5.323,88;5.323,88;5.323,88;5.323,88;5.323,88;5.323,88;5.323,88;5.323,88;5.323,96;63.886,64;0,00;0,00;0,00;0,00;0,00;0,00;0,00;0,00;0,00;0,00;0,00;0,00;0,00;-5.323,88;-5.323,88;-5.323,88;-5.323,88;-5.323,88;-5.323,88;-5.323,88;-5.323,88;-5.323,88;-5.323,88;-5.323,88;-5.323,96;-63.886,64
1.3.2.1.01.0.1.10.00.00;Remuneração Depósitos Bancários-CIDE;5.023,93;4.147,31;5.355,48;4.230,26;5.227,39;5.015,74;5.028,40;5.383,07;4.620,94;4.834,78;4.486,87;4.361,03;57.715,20;4.825,00;4.051,91;4.199,28;4.579,00;4.362,06;4.157,25;4.906,89;4.800,36;4.633,16;5.376,33;4.743,02;5.476,96;56.111,22;-198,93;-95,40;-1.156,20;348,74;-865,33;-858,49;-121,51;-582,71;12,22;541,55;256,15;1.115,93;-1.603,98
1.3.2.1.01.0.1.12.00.00;Remuneração Depósitos Bancários-FNAS;28.052,60;22.403,56;28.259,04;21.709,79;25.339,78;23.726,68;23.917,68;25.498,92;22.432,96;22.597,71;20.259,32;18.797,07;282.995,11;19.741,72;16.267,16;17.311,68;18.471,19;17.501,69;15.593,64;16.379,79;14.739,19;14.006,18;14.911,60;12.941,15;14.692,54;192.557,53;-8.310,88;-6.136,40;-10.947,36;-3.238,60;-7.838,09;-8.133,04;-7.537,89;-10.759,73;-8.426,78;-7.686,11;-7.318,17;-4.104,53;-90.437,58
1.3.2.1.01.0.1.12.00.00;Remuneração Depósitos Bancários-FNAS;28.052,60;22.403,56;28.259,04;21.709,79;25.339,78;23.726,68;23.917,68;25.498,92;22.432,96;22.597,71;20.259,32;18.797,07;282.995,11;19.741,72;16.267,16;17.311,68;18.471,19;17.501,69;15.593,64;16.379,79;14.739,19;14.006,18;14.911,60;12.941,15;14.692,54;192.557,53;-8.310,88;-6.136,40;-10.947,36;-3.238,60;-7.838,09;-8.133,04;-7.537,89;-10.759,73;-8.426,78;-7.686,11;-7.318,17;-4.104,53;-90.437,58
1.3.2.1.01.0.1.13.00.00;Remuneração Depósitos Bancários-FEAS;8.862,23;7.275,42;358,96;7.042,47;8.343,11;7.736,80;7.628,76;7.556,89;6.554,34;6.556,55;5.963,95;5.382,42;79.261,90;5.417,25;4.147,04;3.257,69;2.669,34;2.297,27;2.089,91;2.616,17;1.886,09;1.656,45;2.084,49;2.136,92;2.927,60;33.186,22;-3.444,98;-3.128,38;2.898,73;-4.373,13;-6.045,84;-5.646,89;-5.012,59;-5.670,80;-4.897,89;-4.472,06;-3.827,03;-2.454,82;-46.075,68
1.3.2.1.01.0.1.13.00.00;Remuneração Depósitos Bancários-FEAS;8.862,23;7.275,42;358,96;7.042,47;8.343,11;7.736,80;7.628,76;7.556,89;6.554,34;6.556,55;5.963,95;5.382,42;79.261,90;5.417,25;4.147,04;3.257,69;2.669,34;2.297,27;2.089,91;2.616,17;1.886,09;1.656,45;2.084,49;2.136,92;2.927,60;33.186,22;-3.444,98;-3.128,38;2.898,73;-4.373,13;-6.045,84;-5.646,89;-5.012,59;-5.670,80;-4.897,89;-4.472,06;-3.827,03;-2.454,82;-46.075,68
1.3.2.1.01.0.1.14.00.00;Remuneração Depósitos Bancários-Outros Convênios;22.924,50;22.191,89;20.667,63;21.843,06;29.354,91;29.901,78;28.565,92;30.589,09;27.036,55;25.954,57;24.444,12;24.323,39;307.797,41;24.049,78;12.738,17;12.419,80;12.021,09;9.631,51;8.064,08;3.000,28;3.365,23;3.359,49;3.779,52;4.318,06;5.506,99;102.254,00;1.125,28;-9.453,72;-8.247,83;-9.821,97;-19.723,40;-21.837,70;-25.565,64;-27.223,86;-23.677,06;-22.175,05;-20.126,06;-18.816,40;-205.543,41
1.3.2.1.01.0.1.14.00.00;Remuneração Depósitos Bancários-Outros Convênios;22.924,50;22.191,89;20.667,63;21.843,06;29.354,91;29.901,78;28.565,92;30.589,09;27.036,55;25.954,57;24.444,12;24.323,39;307.797,41;24.049,78;12.738,17;12.419,80;12.021,09;9.631,51;8.064,08;3.000,28;3.365,23;3.359,49;3.779,52;4.318,06;5.506,99;102.254,00;1.125,28;-9.453,72;-8.247,83;-9.821,97;-19.723,40;-21.837,70;-25.565,64;-27.223,86;-23.677,06;-22.175,05;-20.126,06;-18.816,40;-205.543,41
1.3.2.1.01.0.1.15.00.00;Remuneração Depósitos Bancários-Alienação;54,95;46,72;60,32;47,65;58,88;56,50;56,64;21,78;17,13;17,57;127,44;852,91;1.418,49;2.004,74;1.660,14;1.720,51;1.828,70;1.717,33;1.636,69;1.885,99;1.822,03;1.758,58;1.985,10;1.723,72;1.990,45;21.733,98;1.949,79;1.613,42;1.660,19;1.781,05;1.658,45;1.580,19;1.829,35;1.800,25;1.741,45;1.967,53;1.596,28;1.137,54;20.315,49
1.3.2.1.01.0.1.15.00.00;Remuneração Depósitos Bancários-Alienação;54,95;46,72;60,32;47,65;58,88;56,50;56,64;21,78;17,13;17,57;127,44;852,91;1.418,49;2.004,74;1.660,14;1.720,51;1.828,70;1.717,33;1.636,69;1.885,99;1.822,03;1.758,58;1.985,10;1.723,72;1.990,45;21.733,98;1.949,79;1.613,42;1.660,19;1.781,05;1.658,45;1.580,19;1.829,35;1.800,25;1.741,45;1.967,53;1.596,28;1.137,54;20.315,49
1.3.2.1.01.0.1.16.00.00;Remuneração Depósitos Bancários-Operação Crédito;25,86;21,43;27,65;21,79;26,78;25,90;26,21;27,73;23,85;24,54;22,51;22,10;296,35;23,76;19,79;20,68;21,99;20,86;20,03;23,25;22,34;21,59;24,13;20,79;24,75;263,96;-2,10;-1,64;-6,97;0,20;-5,92;-5,87;-2,96;-5,39;-2,26;-0,41;-1,72;2,65;-32,39
1.3.2.1.01.0.1.16.00.00;Remuneração Depósitos Bancários-Operação Crédito;25,86;21,43;27,65;21,79;26,78;25,90;26,21;27,73;23,85;24,54;22,51;22,10;296,35;23,76;19,79;20,68;21,99;20,86;20,03;23,25;22,34;21,59;24,13;20,79;24,75;263,96;-2,10;-1,64;-6,97;0,20;-5,92;-5,87;-2,96;-5,39;-2,26;-0,41;-1,72;2,65;-32,39
1.3.2.1.01.0.1.18.00.00;Remuneração Depósitos Bancários-Pré-Sal;24.825,57;24.825,57;24.825,57;24.825,57;24.825,57;24.825,57;24.825,57;24.825,57;24.825,57;24.825,57;24.825,57;24.825,62;297.906,89;63.531,28;53.217,63;55.752,55;59.853,41;56.709,65;54.103,78;62.752,57;60.558,67;58.743,18;65.889,22;56.704,87;962,87;648.779,68;38.705,71;28.392,06;30.926,98;35.027,84;31.884,08;29.278,21;37.927,00;35.733,10;33.917,61;41.063,65;31.879,30;-23.862,75;350.872,79
1.3.2.1.01.0.1.18.00.00;Remuneração Depósitos Bancários-Pré-Sal;24.825,57;24.825,57;24.825,57;24.825,57;24.825,57;24.825,57;24.825,57;24.825,57;24.825,57;24.825,57;24.825,57;24.825,62;297.906,89;63.531,28;53.217,63;55.752,55;59.853,41;56.709,65;54.103,78;62.752,57;60.558,67;58.743,18;65.889,22;56.704,87;962,87;648.779,68;38.705,71;28.392,06;30.926,98;35.027,84;31.884,08;29.278,21;37.927,00;35.733,10;33.917,61;41.063,65;31.879,30;-23.862,75;350.872,79
1.3.2.1.01.0.1.19.00.00;Remuneração Depósitos Bancários-PTE/CONVED;8.353,82;7.444,07;10.653,79;8.556,41;10.077,80;9.796,17;9.656,79;9.968,37;8.892,29;9.312,73;8.924,97;8.702,55;110.339,76;8.973,08;7.874,25;8.717,00;9.553,85;9.546,69;8.308,47;8.201,85;6.905,47;5.964,57;5.935,56;4.560,93;4.675,75;89.217,47;619,26;430,18;-1.936,79;997,44;-531,11;-1.487,70;-1.454,94;-3.062,90;-2.927,72;-3.377,17;-4.364,04;-4.026,80;-21.122,29
1.3.2.1.01.0.1.19.00.00;Remuneração Depósitos Bancários-PTE/CONVED;8.353,82;7.444,07;10.653,79;8.556,41;10.077,80;9.796,17;9.656,79;9.968,37;8.892,29;9.312,73;8.924,97;8.702,55;110.339,76;8.973,08;7.874,25;8.717,00;9.553,85;9.546,69;8.308,47;8.201,85;6.905,47;5.964,57;5.935,56;4.560,93;4.675,75;89.217,47;619,26;430,18;-1.936,79;997,44;-531,11;-1.487,70;-1.454,94;-3.062,90;-2.927,72;-3.377,17;-4.364,04;-4.026,80;-21.122,29
1.3.2.1.01.0.1.20.00.00;Remuneração Depósitos Bancários-CFEM;18,50;15,27;19,72;0,00;0,00;18,16;18,52;19,82;17,01;17,45;16,03;15,56;176,04;19,25;15,93;16,52;17,55;16,48;351,64;663,23;651,06;644,31;753,87;663,19;767,42;4.580,45;0,75;0,66;-3,20;17,55;16,48;333,48;644,71;631,24;627,30;736,42;647,16;751,86;4.404,41
1.3.2.1.01.0.1.20.00.00;Remuneração Depósitos Bancários-CFEM;18,50;15,27;19,72;0,00;0,00;18,16;18,52;19,82;17,01;17,45;16,03;15,56;176,04;19,25;15,93;16,52;17,55;16,48;351,64;663,23;651,06;644,31;753,87;663,19;767,42;4.580,45;0,75;0,66;-3,20;17,55;16,48;333,48;644,71;631,24;627,30;736,42;647,16;751,86;4.404,41
1.3.2.1.01.0.1.21.00.00;Remuneração Depósitos Bancários-SEDESE;159,85;159,85;159,85;159,85;159,85;159,85;159,85;159,85;159,85;159,85;159,85;159,90;1.918,25;0,00;0,00;0,00;0,00;0,00;0,00;0,00;0,00;0,00;0,00;0,00;0,00;0,00;-159,85;-159,85;-159,85;-159,85;-159,85;-159,85;-159,85;-159,85;-159,85;-159,85;-159,85;-159,90;-1.918,25
1.3.2.1.01.0.1.21.00.00;Remuneração Depósitos Bancários-SEDESE;159,85;159,85;159,85;159,85;159,85;159,85;159,85;159,85;159,85;159,85;159,85;159,90;1.918,25;0,00;0,00;0,00;0,00;0,00;0,00;0,00;0,00;0,00;0,00;0,00;0,00;0,00;-159,85;-159,85;-159,85;-159,85;-159,85;-159,85;-159,85;-159,85;-159,85;-159,85;-159,85;-159,90;-1.918,25
1.3.2.1.01.0.1.22.00.00;Remuneração Depósitos Bancários-Lei Aldir Blanc;228,26;228,26;228,26;228,26;228,26;228,26;228,26;228,26;228,26;228,26;228,26;228,31;2.739,17;0,00;0,00;0,00;0,00;0,00;0,00;0,00;0,00;0,00;0,00;0,00;0,00;0,00;-228,26;-228,26;-228,26;-228,26;-228,26;-228,26;-228,26;-228,26;-228,26;-228,26;-228,26;-228,31;-2.739,17
1.3.2.1.01.0.1.23.00.00;Remuneração Depósitos Bancários-COVID/SUAS-EPI;41,81;34,50;44,56;35,19;43,48;41,73;41,83;44,78;38,43;39,43;36,23;35,20;477,17;37,54;31,09;32,22;34,24;32,16;30,64;35,32;34,12;32,93;37,16;32,28;37,27;406,97;-4,27;-3,41;-12,34;-0,95;-11,32;-11,09;-6,51;-10,66;-5,50;-2,27;-3,95;2,07;-70,20
1.3.2.1.01.0.1.24.00.00;Remuneração Depósitos Bancário-COVID/SUAS-Alimentos;1.648,52;1.360,40;1.756,71;1.387,61;1.714,69;1.645,26;1.565,20;954,40;215,60;221,11;203,21;197,50;12.870,21;145,11;120,16;124,54;132,37;124,30;118,47;136,52;131,88;127,29;143,68;124,76;144,06;1.573,14;-1.503,41;-1.240,24;-1.632,17;-1.255,24;-1.590,39;-1.526,79;-1.428,68;-822,52;-88,31;-77,43;-78,45;-53,44;-11.297,07
1.3.2.1.01.0.1.24.00.00;Remuneração Depósitos Bancário-COVID/SUAS-Alimentos;1.648,52;1.360,40;1.756,71;1.387,61;1.714,69;1.645,26;1.565,20;954,40;215,60;221,11;203,21;197,50;12.870,21;145,11;120,16;124,54;132,37;124,30;118,47;136,52;131,88;127,29;143,68;124,76;144,06;1.573,14;-1.503,41;-1.240,24;-1.632,17;-1.255,24;-1.590,39;-1.526,79;-1.428,68;-822,52;-88,31;-77,43;-78,45;-53,44;-11.297,07
1.3.2.1.01.0.1.25.00.00;Remuneração Depósitos Bancário-COVID/SUAS-Acolhimento;3.070,12;2.533,54;3.271,59;2.584,21;3.215,03;3.147,16;3.155,11;3.377,65;2.899,46;2.973,67;2.732,77;2.429,88;35.390,19;1.815,26;1.469,30;1.522,74;1.618,50;1.519,91;1.290,90;1.354,48;1.376,11;1.467,71;1.600,26;1.384,89;1.599,19;18.019,25;-1.254,86;-1.064,24;-1.748,85;-965,71;-1.695,12;-1.856,26;-1.800,63;-2.001,54;-1.431,75;-1.373,41;-1.347,88;-830,69;-17.370,94
1.3.2.1.01.0.1.25.00.00;Remuneração Depósitos Bancário-COVID/SUAS-Acolhimento;3.070,12;2.533,54;3.271,59;2.584,21;3.215,03;3.147,16;3.155,11;3.377,65;2.899,46;2.973,67;2.732,77;2.429,88;35.390,19;1.815,26;1.469,30;1.522,74;1.618,50;1.519,91;1.290,90;1.354,48;1.376,11;1.467,71;1.600,26;1.384,89;1.599,19;18.019,25;-1.254,86;-1.064,24;-1.748,85;-965,71;-1.695,12;-1.856,26;-1.800,63;-2.001,54;-1.431,75;-1.373,41;-1.347,88;-830,69;-17.370,94
1.3.2.1.01.0.1.26.00.00;Remuneração Depósitos Bancário-LC.173/20-PMB/PFEC I;184,32;152,11;196,42;155,15;191,74;183,96;184,43;197,43;169,48;173,83;159,74;155,28;2.103,89;165,51;137,07;142,05;150,98;141,79;135,13;155,71;150,43;145,20;163,88;142,30;164,32;1.794,37;-18,81;-15,04;-54,37;-4,17;-49,95;-48,83;-28,72;-47,00;-24,28;-9,95;-17,44;9,04;-309,52
1.3.2.1.01.0.1.26.00.00;Remuneração Depósitos Bancário-LC.173/20-PMB/PFEC I;184,32;152,11;196,42;155,15;191,74;183,96;184,43;197,43;169,48;173,83;159,74;155,28;2.103,89;165,51;137,07;142,05;150,98;141,79;135,13;155,71;150,43;145,20;163,88;142,30;164,32;1.794,37;-18,81;-15,04;-54,37;-4,17;-49,95;-48,83;-28,72;-47,00;-24,28;-9,95;-17,44;9,04;-309,52
1.3.2.1.01.0.1.27.00.00;Remuneração Depósitos Bancários-FEAS/PAIF/COVID;252,01;207,95;13.589,91;212,12;262,12;251,50;252,14;269,93;231,70;237,65;218,39;212,27;16.197,69;144,70;119,82;124,18;131,99;123,95;118,14;136,12;131,51;126,93;143,26;124,40;143,66;1.568,66;-107,31;-88,13;-13.465,73;-80,13;-138,17;-133,36;-116,02;-138,42;-104,77;-94,39;-93,99;-68,61;-14.629,03
1.3.2.1.01.0.1.27.00.00;Remuneração Depósitos Bancários-FEAS/PAIF/COVID;252,01;207,95;13.589,91;212,12;262,12;251,50;252,14;269,93;231,70;237,65;218,39;212,27;16.197,69;144,70;119,82;124,18;131,99;123,95;118,14;136,12;131,51;126,93;143,26;124,40;143,66;1.568,66;-107,31;-88,13;-13.465,73;-80,13;-138,17;-133,36;-116,02;-138,42;-104,77;-94,39;-93,99;-68,61;-14.629,03
1.3.2.1.01.0.1.28.00.00;Remuneração Depósitos Bancário-Emenda Federal Individual;11.504,52;11.504,52;11.504,52;11.504,52;11.504,52;11.504,52;11.504,52;11.504,52;11.504,52;11.504,52;11.504,52;11.504,57;138.054,29;23.135,38;19.131,28;19.015,67;21.032,75;19.451,90;14.306,92;43.945,40;50.638,72;46.155,36;48.934,82;40.702,61;47.199,94;393.650,75;11.630,86;7.626,76;7.511,15;9.528,23;7.947,38;2.802,40;32.440,88;39.134,20;34.650,84;37.430,30;29.198,09;35.695,37;255.596,46
1.3.2.1.01.0.1.28.00.00;Remuneração Depósitos Bancário-Emenda Federal Individual;11.504,52;11.504,52;11.504,52;11.504,52;11.504,52;11.504,52;11.504,52;11.504,52;11.504,52;11.504,52;11.504,52;11.504,57;138.054,29;23.135,38;19.131,28;19.015,67;21.032,75;19.451,90;14.306,92;43.945,40;50.638,72;46.155,36;48.934,82;40.702,61;47.199,94;393.650,75;11.630,86;7.626,76;7.511,15;9.528,23;7.947,38;2.802,40;32.440,88;39.134,20;34.650,84;37.430,30;29.198,09;35.695,37;255.596,46
1.3.2.1.01.0.1.29.00.00;Remuneração Depósitos Bancário-Emenda Federal de Bancada;1.691,28;1.691,28;1.691,28;1.691,28;1.691,28;1.691,28;1.691,28;1.691,28;1.691,28;1.691,28;1.691,28;1.691,28;20.295,36;0,00;0,00;0,00;0,00;0,00;0,00;0,00;0,00;0,00;0,00;0,00;0,00;0,00;-1.691,28;-1.691,28;-1.691,28;-1.691,28;-1.691,28;-1.691,28;-1.691,28;-1.691,28;-1.691,28;-1.691,28;-1.691,28;-1.691,28;-20.295,36
1.3.2.1.01.0.1.29.00.00;Remuneração Depósitos Bancário-Emenda Federal de Bancada;1.691,28;1.691,28;1.691,28;1.691,28;1.691,28;1.691,28;1.691,28;1.691,28;1.691,28;1.691,28;1.691,28;1.691,28;20.295,36;0,00;0,00;0,00;0,00;0,00;0,00;0,00;0,00;0,00;0,00;0,00;0,00;0,00;-1.691,28;-1.691,28;-1.691,28;-1.691,28;-1.691,28;-1.691,28;-1.691,28;-1.691,28;-1.691,28;-1.691,28;-1.691,28;-1.691,28;-20.295,36
1.3.2.1.01.0.1.30.00.00;Remuneração Depósitos Bancários-Ac.Jud.Brumadinho;38.286,43;31.594,92;40.798,95;32.226,87;39.823,20;38.210,76;38.307,21;41.009,17;35.103,41;33.343,00;29.480,83;27.033,80;425.218,55;45.106,98;37.270,11;38.550,28;40.694,00;36.751,42;34.650,38;36.166,04;30.547,65;24.434,50;25.437,20;18.352,44;20.730,55;388.691,55;6.820,55;5.675,19;-2.248,67;8.467,13;-3.071,78;-3.560,38;-2.141,17;-10.461,52;-10.668,91;-7.905,80;-11.128,39;-6.303,25;-36.527,00
1.3.2.1.01.0.1.31.00.00;Remuneração Depósitos Bancários - COSIP - Iluminação;81.271,57;71.701,51;97.781,39;139,84;100.508,83;96.254,40;106.480,32;113.171,01;96.572,50;100.166,98;91.721,61;89.573,70;1.045.343,66;119.133,83;99.868,60;109.785,23;118.773,54;108.101,86;102.051,34;102.387,12;96.055,07;93.259,90;95.930,31;80.959,00;90.420,53;1.216.726,33;37.862,26;28.167,09;12.003,84;118.633,70;7.593,03;5.796,94;-4.093,20;-17.115,94;-3.312,60;-4.236,67;-10.762,61;846,83;171.382,67
1.3.2.1.01.0.1.31.00.00;Remuneração Depósitos Bancários - COSIP - Iluminação;81.271,57;71.701,51;97.781,39;139,84;100.508,83;96.254,40;106.480,32;113.171,01;96.572,50;100.166,98;91.721,61;89.573,70;1.045.343,66;119.133,83;99.868,60;109.785,23;118.773,54;108.101,86;102.051,34;102.387,12;96.055,07;93.259,90;95.930,31;80.959,00;90.420,53;1.216.726,33;37.862,26;28.167,09;12.003,84;118.633,70;7.593,03;5.796,94;-4.093,20;-17.115,94;-3.312,60;-4.236,67;-10.762,61;846,83;171.382,67
1.3.2.1.01.0.1.33.00.00;Rec Remun Dep Banc Rec Vinc-Manutenção;401.675,18;331.981,59;0,00;334.985,79;491.293,90;418.028,60;485.453,45;282.736,11;167.587,29;432.845,62;0,00;0,00;3.346.587,53;382.655,21;316.428,89;322.277,90;343.289,87;307.191,22;296.483,02;377.755,62;333.828,04;279.606,90;267.926,59;205.979,17;229.391,13;3.662.813,56;-19.019,97;-15.552,70;322.277,90;8.304,08;-184.102,68;-121.545,58;-107.697,83;51.091,93;112.019,61;-164.919,03;205.979,17;229.391,13;316.226,03
1.3.2.1.01.0.1.33.00.00;Rec Remun Dep Banc Rec Vinc-Manutenção;401.675,18;331.981,59;0,00;334.985,79;491.293,90;418.028,60;485.453,45;282.736,11;167.587,29;432.845,62;0,00;0,00;3.346.587,53;382.655,21;316.428,89;322.277,90;343.289,87;307.191,22;296.483,02;377.755,62;333.828,04;279.606,90;267.926,59;205.979,17;229.391,13;3.662.813,56;-19.019,97;-15.552,70;322.277,90;8.304,08;-184.102,68;-121.545,58;-107.697,83;51.091,93;112.019,61;-164.919,03;205.979,17;229.391,13;316.226,03
1.3.2.1.01.0.1.34.00.00;Rec Remun Dep Banc Rec Vinc-BLINV;11.627,92;9.632,90;0,00;21.517,32;0,00;0,00;0,00;0,00;9.524,81;0,00;8.760,83;8.568,02;69.631,80;12.330,69;10.331,57;10.846,83;0,00;0,00;9.734,77;11.212,31;10.731,05;9.979,80;9.738,75;7.922,37;8.636,52;101.464,66;702,77;698,67;10.846,83;-21.517,32;0,00;9.734,77;11.212,31;10.731,05;454,99;9.738,75;-838,46;68,50;31.832,86
1.3.2.1.01.0.1.34.00.00;Rec Remun Dep Banc Rec Vinc-BLINV;11.627,92;9.632,90;0,00;21.517,32;0,00;0,00;0,00;0,00;9.524,81;0,00;8.760,83;8.568,02;69.631,80;12.330,69;10.331,57;10.846,83;0,00;0,00;9.734,77;11.212,31;10.731,05;9.979,80;9.738,75;7.922,37;8.636,52;101.464,66;702,77;698,67;10.846,83;-21.517,32;0,00;9.734,77;11.212,31;10.731,05;454,99;9.738,75;-838,46;68,50;31.832,86
1.3.2.1.01.0.1.35.00.00;Rec Remun Dep Banc Rec Vinc-Transf.SUS Estado;285.034,81;245.379,69;628.334,01;344.105,67;300.884,30;344.147,24;290.247,88;465.869,39;447.472,21;282.334,11;552.014,47;571.991,45;4.757.815,23;415.510,04;310.283,21;322.367,70;324.849,79;505.239,67;326.020,64;368.327,79;347.041,75;336.660,21;367.460,19;313.053,68;348.876,72;4.285.691,39;130.475,23;64.903,52;-305.966,31;-19.255,88;204.355,37;-18.126,60;78.079,91;-118.827,64;-110.812,00;85.126,08;-238.960,79;-223.114,73;-472.123,84
1.3.2.1.01.0.1.35.00.00;Rec Remun Dep Banc Rec Vinc-Transf.SUS Estado;285.034,81;245.379,69;628.334,01;344.105,67;300.884,30;344.147,24;290.247,88;465.869,39;447.472,21;282.334,11;552.014,47;571.991,45;4.757.815,23;415.510,04;310.283,21;322.367,70;324.849,79;505.239,67;326.020,64;368.327,79;347.041,75;336.660,21;367.460,19;313.053,68;348.876,72;4.285.691,39;130.475,23;64.903,52;-305.966,31;-19.255,88;204.355,37;-18.126,60;78.079,91;-118.827,64;-110.812,00;85.126,08;-238.960,79;-223.114,73;-472.123,84
1.3.2.1.01.0.1.36.00.00;Rec Remun Dep Banc Rec Vinc-Outras Transf.Recursos;45.797,62;83,33;83,33;83,33;83,33;83,33;83,33;83,33;83,33;83,33;83,33;83,37;46.714,29;0,00;0,00;0,00;0,00;0,00;0,00;0,00;0,00;0,00;0,00;0,00;0,00;0,00;-45.797,62;-83,33;-83,33;-83,33;-83,33;-83,33;-83,33;-83,33;-83,33;-83,33;-83,33;-83,37;-46.714,29
1.3.2.1.01.0.1.36.00.00;Rec Remun Dep Banc Rec Vinc-Outras Transf.Recursos;45.797,62;83,33;83,33;83,33;83,33;83,33;83,33;83,33;83,33;83,33;83,33;83,37;46.714,29;0,00;0,00;0,00;0,00;0,00;0,00;0,00;0,00;0,00;0,00;0,00;0,00;0,00;-45.797,62;-83,33;-83,33;-83,33;-83,33;-83,33;-83,33;-83,33;-83,33;-83,33;-83,33;-83,37;-46.714,29
1.3.2.1.01.0.1.37.00.00;Remuneração Depósitos Bancários-ASPS;174,67;13.916,67;23.341,68;15.118,81;12.481,53;3.431,59;6,09;7.710,39;1.885,62;5.884,31;6,09;6,07;83.963,52;2.053,45;3.511,62;1.935,20;1.497,43;2.043,65;2.600,74;2.616,92;5.839,10;9.706,81;9.494,65;12.963,32;11.800,74;66.063,63;1.878,78;-10.405,05;-21.406,48;-13.621,38;-10.437,88;-830,85;2.610,83;-1.871,29;7.821,19;3.610,34;12.957,23;11.794,67;-17.899,89
1.3.2.1.01.0.1.38.00.00;Rec Remun Dep Banc Rec Vinc - Lei 173/2020 - COVID - Saude;0,00;0,00;0,00;0,00;0,00;0,00;4.804,08;0,00;0,00;0,00;0,00;0,00;4.804,08;211,84;36,91;36,73;18,50;11,71;10,99;12,67;10,49;3,77;0,00;0,00;0,00;353,61;211,84;36,91;36,73;18,50;11,71;10,99;-4.791,41;10,49;3,77;0,00;0,00;0,00;-4.450,47
1.3.2.1.01.0.1.38.00.00;Rec Remun Dep Banc Rec Vinc - Lei 173/2020 - COVID - Saude;0,00;0,00;0,00;0,00;0,00;0,00;4.804,08;0,00;0,00;0,00;0,00;0,00;4.804,08;211,84;36,91;36,73;18,50;11,71;10,99;12,67;10,49;3,77;0,00;0,00;0,00;353,61;211,84;36,91;36,73;18,50;11,71;10,99;-4.791,41;10,49;3,77;0,00;0,00;0,00;-4.450,47
1.3.2.1.01.0.1.39.00.00;Remuneração Depósitos Bancários- Emenda Estadual Individual;5.833,33;5.833,33;5.833,33;5.833,33;5.833,33;5.833,33;5.833,33;5.833,33;5.833,33;5.833,33;5.833,33;5.833,37;70.000,00;10.135,92;8.393,59;8.698,87;9.245,84;17.886,67;17.039,48;19.518,01;18.049,95;17.164,79;19.133,07;16.305,19;17.430,63;179.002,01;4.302,59;2.560,26;2.865,54;3.412,51;12.053,34;11.206,15;13.684,68;12.216,62;11.331,46;13.299,74;10.471,86;11.597,26;109.002,01
1.3.2.1.01.0.1.39.00.00;Remuneração Depósitos Bancários- Emenda Estadual Individual;5.833,33;5.833,33;5.833,33;5.833,33;5.833,33;5.833,33;5.833,33;5.833,33;5.833,33;5.833,33;5.833,33;5.833,37;70.000,00;10.135,92;8.393,59;8.698,87;9.245,84;17.886,67;17.039,48;19.518,01;18.049,95;17.164,79;19.133,07;16.305,19;17.430,63;179.002,01;4.302,59;2.560,26;2.865,54;3.412,51;12.053,34;11.206,15;13.684,68;12.216,62;11.331,46;13.299,74;10.471,86;11.597,26;109.002,01
1.3.2.1.01.0.1.40.00.00;Remuneração Depósitos Bancários- Emenda Estadual de Bancada;2.500,00;2.500,00;2.500,00;2.500,00;2.500,00;2.500,00;2.500,00;2.500,00;2.500,00;2.500,00;2.500,00;2.500,00;30.000,00;3.121,33;2.584,79;2.678,81;2.847,25;2.673,83;2.548,29;2.936,44;2.836,85;2.738,05;2.894,85;2.189,09;2.844,71;32.894,29;621,33;84,79;178,81;347,25;173,83;48,29;436,44;336,85;238,05;394,85;-310,91;344,71;2.894,29
1.3.2.1.01.0.1.40.00.00;Remuneração Depósitos Bancários- Emenda Estadual de Bancada;2.500,00;2.500,00;2.500,00;2.500,00;2.500,00;2.500,00;2.500,00;2.500,00;2.500,00;2.500,00;2.500,00;2.500,00;30.000,00;3.121,33;2.584,79;2.678,81;2.847,25;2.673,83;2.548,29;2.936,44;2.836,85;2.738,05;2.894,85;2.189,09;2.844,71;32.894,29;621,33;84,79;178,81;347,25;173,83;48,29;436,44;336,85;238,05;394,85;-310,91;344,71;2.894,29
1.3.2.1.01.0.1.41.00.00;Rec. Remuneração Dep Bncarios - Piso da Enfermagem Font 1605;0,00;0,00;0,00;0,00;0,00;0,00;0,00;0,00;0,00;0,00;0,00;0,00;0,00;10.609,88;2.833,25;5.635,16;7.238,91;3.991,52;4.814,01;6.672,34;6.038,01;3.294,35;4.049,08;3.760,33;9.421,34;68.358,18;10.609,88;2.833,25;5.635,16;7.238,91;3.991,52;4.814,01;6.672,34;6.038,01;3.294,35;4.049,08;3.760,33;9.421,34;68.358,18
1.3.2.1.01.0.1.42.00.00;Remuneração Depósitos Bancários - LC 195/2022-Paulo Gustavo-Audivisual;0,00;0,00;0,00;0,00;0,00;0,00;0,00;0,00;0,00;0,00;0,00;0,00;0,00;696,90;556,26;576,50;612,74;575,43;548,41;631,95;610,51;589,24;665,10;577,52;666,89;7.307,45;696,90;556,26;576,50;612,74;575,43;548,41;631,95;610,51;589,24;665,10;577,52;666,89;7.307,45
1.3.2.1.01.0.1.43.00.00;Remuneração Depósitos Bancários - LC 195/2022-Paulo Gustavo-Demais Setores;0,00;0,00;0,00;0,00;0,00;0,00;0,00;0,00;0,00;0,00;0,00;0,00;0,00;96,51;76,87;79,68;84,68;79,52;75,79;87,33;84,38;81,43;91,92;79,81;92,16;1.010,08;96,51;76,87;79,68;84,68;79,52;75,79;87,33;84,38;81,43;91,92;79,81;92,16;1.010,08
1.3.2.1.01.0.1.44.00.00;Remuneração Depósitos Lei Aldir Blanc nº 14399/2022-Ações Gerais;0,00;0,00;0,00;0,00;0,00;0,00;0,00;0,00;0,00;0,00;0,00;0,00;0,00;4.954,19;4.102,59;4.251,80;4.519,15;4.243,91;4.044,66;4.660,72;4.502,66;4.345,83;4.905,24;4.259,35;3.655,95;52.446,05;4.954,19;4.102,59;4.251,80;4.519,15;4.243,91;4.044,66;4.660,72;4.502,66;4.345,83;4.905,24;4.259,35;3.655,95;52.446,05
1.3.2.1.01.0.1.45.00.00;Remuneração Depósitos Bancários -Lei Aldir Blanc nº 14399/2022-Política Nac.Cultura Viva;0,00;0,00;0,00;0,00;0,00;0,00;0,00;0,00;0,00;0,00;0,00;0,00;0,00;1.651,40;1.367,53;1.417,26;1.506,39;1.414,64;1.348,22;1.553,58;1.500,89;1.448,61;1.635,08;1.419,79;1.218,64;17.482,03;1.651,40;1.367,53;1.417,26;1.506,39;1.414,64;1.348,22;1.553,58;1.500,89;1.448,61;1.635,08;1.419,79;1.218,64;17.482,03
1.3.2.1.01.0.1.46.00.00;Remuneração Depósitos Bancários - Outros Recursos;0,00;0,00;0,00;0,00;0,00;0,00;0,00;0,00;0,00;0,00;0,00;0,00;0,00;0,00;0,00;0,00;0,00;0,00;0,00;505,70;2.799,70;2.703,01;3.052,79;2.650,82;3.061,00;14.773,02;0,00;0,00;0,00;0,00;0,00;0,00;505,70;2.799,70;2.703,01;3.052,79;2.650,82;3.061,00;14.773,02
1.3.2.1.01.0.1.47.00.00;Remuneração Depósitos Bancários - Convênio 9447136 - UPA;0,00;0,00;0,00;0,00;0,00;0,00;0,00;0,00;0,00;0,00;0,00;0,00;0,00;0,00;0,00;0,00;0,00;0,00;0,00;0,00;0,00;0,00;0,00;0,00;1.905,05;1.905,05;0,00;0,00;0,00;0,00;0,00;0,00;0,00;0,00;0,00;0,00;0,00;1.905,05;1.905,05
1.3.2.1.01.0.1.50.00.00;Remuneração Depósitos Bancários-Rec.Não Vinc.Impostos;536.953,18;437.477,49;515.494,85;492.080,09;552.942,30;490.328,93;473.782,54;478.126,75;384.383,90;337.099,36;280.587,82;260.494,81;5.239.752,02;434.677,78;375.322,92;389.047,95;396.968,65;387.409,37;345.536,24;417.032,52;368.406,65;325.985,12;318.523,12;234.363,29;401.963,91;4.395.237,52;-102.275,40;-62.154,57;-126.446,90;-95.111,44;-165.532,93;-144.792,69;-56.750,02;-109.720,10;-58.398,78;-18.576,24;-46.224,53;141.469,10;-844.514,50
1.3.2.1.01.0.1.50.00.00;Remuneração Depósitos Bancários-Rec.Não Vinc.Impostos;536.953,18;437.477,49;515.494,85;492.080,09;552.942,30;490.328,93;473.782,54;478.126,75;384.383,90;337.099,36;280.587,82;260.494,81;5.239.752,02;434.677,78;375.322,92;389.047,95;396.968,65;387.409,37;345.536,24;417.032,52;368.406,65;325.985,12;318.523,12;234.363,29;401.963,91;4.395.237,52;-102.275,40;-62.154,57;-126.446,90;-95.111,44;-165.532,93;-144.792,69;-56.750,02;-109.720,10;-58.398,78;-18.576,24;-46.224,53;141.469,10;-844.514,50
1.3.2.1.01.0.1.51.00.00;Remuneração Depósitos Bancários-Rec.Prov.Taxas/Contribuições;0,00;0,00;0,00;218,20;711,64;18.147,19;26.409,64;29.463,89;25.866,28;24.464,03;22.459,76;22.359,61;170.100,24;54.661,92;45.005,75;46.060,87;49.714,04;47.482,65;44.620,13;52.863,29;52.426,97;51.670,95;56.089,74;47.305,86;25.910,98;573.813,15;54.661,92;45.005,75;46.060,87;49.495,84;46.771,01;26.472,94;26.453,65;22.963,08;25.804,67;31.625,71;24.846,10;3.551,37;403.712,91
1.3.2.1.01.0.1.51.00.00;Remuneração Depósitos Bancários-Rec.Prov.Taxas/Contribuições;0,00;0,00;0,00;218,20;711,64;18.147,19;26.409,64;29.463,89;25.866,28;24.464,03;22.459,76;22.359,61;170.100,24;54.661,92;45.005,75;46.060,87;49.714,04;47.482,65;44.620,13;52.863,29;52.426,97;51.670,95;56.089,74;47.305,86;25.910,98;573.813,15;54.661,92;45.005,75;46.060,87;49.495,84;46.771,01;26.472,94;26.453,65;22.963,08;25.804,67;31.625,71;24.846,10;3.551,37;403.712,91
1.3.2.1.01.0.1.52.00.00;Remuneração Depósitos Bancários-Outros Recursos Não Vinculados;21.680,84;31.020,71;23.200,88;18.773,39;22.885,01;21.781,35;21.802,65;23.876,57;20.684,55;22.875,30;21.854,48;69.540,63;319.976,36;24.299,26;19.084,14;19.993,19;22.736,27;24.471,84;16.253,41;19.701,85;25.064,54;26.722,39;30.249,40;20.566,39;23.816,56;272.959,24;2.618,42;-11.936,57;-3.207,69;3.962,88;1.586,83;-5.527,94;-2.100,80;1.187,97;6.037,84;7.374,10;-1.288,09;-45.724,07;-47.017,12
1.3.2.1.01.0.1.52.00.00;Remuneração Depósitos Bancários-Outros Recursos Não Vinculados;21.680,84;31.020,71;23.200,88;18.773,39;22.885,01;21.781,35;21.802,65;23.876,57;20.684,55;22.875,30;21.854,48;69.540,63;319.976,36;24.299,26;19.084,14;19.993,19;22.736,27;24.471,84;16.253,41;19.701,85;25.064,54;26.722,39;30.249,40;20.566,39;23.816,56;272.959,24;2.618,42;-11.936,57;-3.207,69;3.962,88;1.586,83;-5.527,94;-2.100,80;1.187,97;6.037,84;7.374,10;-1.288,09;-45.724,07;-47.017,12
1.3.2.2.01.0.1.01.00.00;Dividendos;0,00;0,00;0,00;0,00;0,00;0,00;0,00;0,00;0,00;0,00;0,00;1.788,66;1.788,66;0,00;0,00;0,00;0,00;0,00;0,00;0,00;0,00;0,00;0,00;0,00;604,55;604,55;0,00;0,00;0,00;0,00;0,00;0,00;0,00;0,00;0,00;0,00;0,00;-1.184,11;-1.184,11
1.3.2.2.01.0.1.01.00.00;Dividendos;0,00;0,00;0,00;0,00;0,00;0,00;0,00;0,00;0,00;0,00;0,00;1.788,66;1.788,66;0,00;0,00;0,00;0,00;0,00;0,00;0,00;0,00;0,00;0,00;0,00;604,55;604,55;0,00;0,00;0,00;0,00;0,00;0,00;0,00;0,00;0,00;0,00;0,00;-1.184,11;-1.184,11
1.3.2.9.99.0.1.01.00.00;Outros Valores Mobiliários;91,44;91,44;91,44;91,44;91,44;91,44;91,44;91,44;91,44;91,44;91,44;91,41;1.097,25;0,00;0,00;0,00;0,00;0,00;0,00;0,00;0,00;0,00;0,00;0,00;0,00;0,00;-91,44;-91,44;-91,44;-91,44;-91,44;-91,44;-91,44;-91,44;-91,44;-91,44;-91,44;-91,41;-1.097,25
1.3.2.9.99.0.1.01.00.00;Outros Valores Mobiliários;91,44;91,44;91,44;91,44;91,44;91,44;91,44;91,44;91,44;91,44;91,44;91,41;1.097,25;0,00;0,00;0,00;0,00;0,00;0,00;0,00;0,00;0,00;0,00;0,00;0,00;0,00;-91,44;-91,44;-91,44;-91,44;-91,44;-91,44;-91,44;-91,44;-91,44;-91,44;-91,44;-91,41;-1.097,25
1.3.9.9.99.0.1.01.00.00;Outras Receitas Patrimoniais;91,44;91,44;91,44;91,44;91,44;91,44;91,44;91,44;91,44;91,44;91,44;91,41;1.097,25;0,00;0,00;0,00;0,00;0,00;0,00;0,00;0,00;0,00;0,00;0,00;0,00;0,00;-91,44;-91,44;-91,44;-91,44;-91,44;-91,44;-91,44;-91,44;-91,44;-91,44;-91,44;-91,41;-1.097,25
1.6.1.1.01.0.1.01.00.00;Serviços de Reparação, Manutenção e Instalação;736,39;736,39;736,39;736,39;736,39;736,39;736,39;736,39;736,39;736,39;736,39;736,44;8.836,73;0,00;0,00;0,00;0,00;0,00;0,00;0,00;0,00;0,00;0,00;0,00;0,00;0,00;-736,39;-736,39;-736,39;-736,39;-736,39;-736,39;-736,39;-736,39;-736,39;-736,39;-736,39;-736,44;-8.836,73
1.6.1.1.01.0.1.02.00.00;Receita de Água;914,38;914,38;914,38;914,38;914,38;914,38;914,38;914,38;914,38;914,38;914,38;914,32;10.972,50;0,00;0,00;0,00;0,00;0,00;0,00;0,00;0,00;0,00;0,00;0,00;0,00;0,00;-914,38;-914,38;-914,38;-914,38;-914,38;-914,38;-914,38;-914,38;-914,38;-914,38;-914,38;-914,32;-10.972,50
1.6.1.1.01.0.1.20.00.00;Receita Conservatório Heitor Vila Lobos;246,15;33.107,97;41.896,44;143,56;4.256,74;0,00;3.170,78;3.667,82;3.735,72;2.823,92;2.766,94;2.834,76;98.650,80;504,28;72,03;0,00;0,00;0,00;36,30;0,00;0,00;0,00;0,00;0,00;0,00;612,61;258,13;-33.035,94;-41.896,44;-143,56;-4.256,74;36,30;-3.170,78;-3.667,82;-3.735,72;-2.823,92;-2.766,94;-2.834,76;-98.038,19
1.6.1.1.02.0.1.00.00.00;Inscrição em Concursos e Processos Seletivos;207.592,71;357.354,17;0,00;0,00;0,00;0,00;0,00;0,00;0,00;0,00;0,00;0,00;564.946,88;0,00;0,00;0,00;0,00;0,00;0,00;0,00;0,00;0,00;0,00;0,00;0,00;0,00;-207.592,71;-357.354,17;0,00;0,00;0,00;0,00;0,00;0,00;0,00;0,00;0,00;0,00;-564.946,88
1.6.1.1.03.0.1.01.00.00;Serviços de Expedição de Certificados;729,15;729,15;729,15;729,15;729,15;729,15;729,15;729,15;729,15;729,15;729,15;729,20;8.749,85;0,00;0,00;0,00;0,00;0,00;0,00;0,00;0,00;0,00;0,00;0,00;0,00;0,00;-729,15;-729,15;-729,15;-729,15;-729,15;-729,15;-729,15;-729,15;-729,15;-729,15;-729,15;-729,20;-8.749,85
1.6.1.1.03.0.1.01.00.00;Serviços de Expedição de Certificados;729,15;729,15;729,15;729,15;729,15;729,15;729,15;729,15;729,15;729,15;729,15;729,20;8.749,85;0,00;0,00;0,00;0,00;0,00;0,00;0,00;0,00;0,00;0,00;0,00;0,00;0,00;-729,15;-729,15;-729,15;-729,15;-729,15;-729,15;-729,15;-729,15;-729,15;-729,15;-729,15;-729,20;-8.749,85
1.6.2.1.02.0.1.01.00.00;Receita Terminais Rodoviarios - Serviço Manutenção;0,00;0,00;0,00;0,00;5.352,11;4.158,56;260,10;3.479,17;9.225,54;5.210,26;4.261,02;0,00;31.946,76;8.884,50;0,00;0,00;16.034,00;0,00;0,00;17.391,00;0,00;0,00;0,00;0,00;0,00;42.309,50;8.884,50;0,00;0,00;16.034,00;-5.352,11;-4.158,56;17.130,90;-3.479,17;-9.225,54;-5.210,26;-4.261,02;0,00;10.362,74
1.6.2.1.02.0.1.02.00.00;Receita Terminais Rodoviarios - Serviço Embarque;62.389,55;56.918,90;56.193,54;48.816,53;61.385,94;35.225,10;49.259,69;52.338,48;35.575,06;49.504,61;31.402,63;39.346,77;578.356,80;35.189,39;26.774,85;38.983,83;50.054,57;37.441,85;46.225,33;32.780,24;37.266,04;36.835,14;34.061,39;11.184,63;35.697,63;422.494,89;-27.200,16;-30.144,05;-17.209,71;1.238,04;-23.944,09;11.000,23;-16.479,45;-15.072,44;1.260,08;-15.443,22;-20.218,00;-3.649,14;-155.861,91
1.6.9.9.50.9.1.01.00.00;Preço Público de Análise de Projetos Arquitetônicos;0,00;0,00;0,00;0,00;0,00;0,00;0,00;0,00;0,00;0,00;0,00;0,00;0,00;0,00;0,00;0,00;0,00;0,00;0,00;0,00;0,00;473,36;166,29;1.152,98;811,74;2.604,37;0,00;0,00;0,00;0,00;0,00;0,00;0,00;0,00;473,36;166,29;1.152,98;811,74;2.604,37
1.6.9.9.99.0.1.01.00.00;Serviços Administrativos Cemitério;0,00;11.979,06;0,00;0,00;0,00;0,00;0,00;0,00;0,00;0,00;0,00;0,00;11.979,06;0,00;0,00;0,00;0,00;0,00;0,00;0,00;0,00;0,00;0,00;0,00;0,00;0,00;0,00;-11.979,06;0,00;0,00;0,00;0,00;0,00;0,00;0,00;0,00;0,00;0,00;-11.979,06
1.6.9.9.99.0.1.01.00.00;Serviços Administrativos Cemitério;0,00;11.979,06;0,00;0,00;0,00;0,00;0,00;0,00;0,00;0,00;0,00;0,00;11.979,06;0,00;0,00;0,00;0,00;0,00;0,00;0,00;0,00;0,00;0,00;0,00;0,00;0,00;0,00;-11.979,06;0,00;0,00;0,00;0,00;0,00;0,00;0,00;0,00;0,00;0,00;-11.979,06
1.6.9.9.99.0.1.02.00.00;Outros Serviços Administrativos;5.652,01;5.669,28;9.003,07;4.383,14;1.401,26;0,00;1.856,32;700,68;8.122,93;9.006,40;5.055,44;3.824,65;54.675,18;827,62;714,91;609,00;373,69;653,45;655,47;1.116,19;782,71;1.247,46;888,99;351,00;805,98;9.026,47;-4.824,39;-4.954,37;-8.394,07;-4.009,45;-747,81;655,47;-740,13;82,03;-6.875,47;-8.117,41;-4.704,44;-3.018,67;-45.648,71
1.6.9.9.99.0.1.09.00.00;Outros Serviços;0,00;0,00;0,00;0,00;2.642,72;0,00;5.386,22;5.976,29;3.127,48;0,00;0,00;0,00;17.132,71;0,00;0,00;0,00;0,00;32,76;0,00;0,00;15,39;0,00;0,00;74,88;0,00;123,03;0,00;0,00;0,00;0,00;-2.609,96;0,00;-5.386,22;-5.960,90;-3.127,48;0,00;74,88;0,00;-17.009,68
1.6.9.9.99.0.1.09.00.00;Outros Serviços;0,00;0,00;0,00;0,00;2.642,72;0,00;5.386,22;5.976,29;3.127,48;0,00;0,00;0,00;17.132,71;0,00;0,00;0,00;0,00;32,76;0,00;0,00;15,39;0,00;0,00;74,88;0,00;123,03;0,00;0,00;0,00;0,00;-2.609,96;0,00;-5.386,22;-5.960,90;-3.127,48;0,00;74,88;0,00;-17.009,68
1.6.9.9.99.0.2.01.00.00;Multas/Juros de Mora s/Outros Serviços;0,00;0,00;0,00;0,00;1,63;338,85;384,44;688,48;751,83;316,89;382,63;427,00;3.291,75;102,22;43,57;49,72;0,00;1.401,44;28,98;0,00;0,00;11,72;0,00;0,00;0,00;1.637,65;102,22;43,57;49,72;0,00;1.399,81;-309,87;-384,44;-688,48;-740,11;-316,89;-382,63;-427,00;-1.654,10
1.6.9.9.99.0.3.01.00.00;Dívida Ativa-Outros Serviços;0,00;0,00;0,00;0,00;0,00;881,65;439,05;3.147,18;2.644,95;1.485,64;881,65;1.492,38;10.972,50;1.221,12;332,92;577,01;169,70;210,13;0,00;269,65;0,00;58,58;58,58;0,00;0,00;2.897,69;1.221,12;332,92;577,01;169,70;210,13;-881,65;-169,40;-3.147,18;-2.586,37;-1.427,06;-881,65;-1.492,38;-8.074,81
1.6.9.9.99.0.4.01.00.00;Multas/Juros Mora Div.Ativ.s/Outros Serviços;0,27;0,27;0,03;0,11;0,00;32,63;17,24;264,33;105,41;26,22;2.857,84;0,00;3.304,35;240,49;37,21;31,58;47,72;63,20;0,00;83,25;0,00;11,72;18,45;0,00;0,00;533,62;240,22;36,94;31,55;47,61;63,20;-32,63;66,01;-264,33;-93,69;-7,77;-2.857,84;0,00;-2.770,73
1.7.1.1.51.1.1.00.00.00;Cota-Parte do Fundo de Participação dos Municípios - Cota Mensal;6.083.313,46;8.391.217,40;5.133.292,63;5.868.955,44;6.524.286,18;6.093.634,38;4.672.188,82;5.191.963,67;4.520.346,20;4.915.643,86;6.377.873,17;7.017.335,90;70.790.051,11;6.842.357,94;9.303.902,81;5.800.473,15;6.073.865,84;7.077.781,71;7.600.357,44;4.925.573,44;6.442.513,16;5.264.283,92;5.611.953,60;7.183.556,83;8.063.317,19;80.189.937,03;759.044,48;912.685,41;667.180,52;204.910,40;553.495,53;1.506.723,06;253.384,62;1.250.549,49;743.937,72;696.309,74;805.683,66;1.045.981,29;9.399.885,92
1.7.1.1.51.2.1.00.00.00;Cota-Parte do Fundo de Participação dos Municípios - Cotas Extraordinárias - Principal;0,00;0,00;0,00;0,00;0,00;0,00;3.300.565,07;0,00;816.953,71;0,00;0,00;3.290.911,73;7.408.430,51;0,00;0,00;0,00;0,00;0,00;0,00;4.137.576,01;0,00;1.805.864,83;0,00;0,00;4.405.885,55;10.349.326,39;0,00;0,00;0,00;0,00;0,00;0,00;837.010,94;0,00;988.911,12;0,00;0,00;1.114.973,82;2.940.895,88
1.7.1.1.51.2.1.00.00.00;Cota-Parte do Fundo de Participação dos Municípios - Cotas Extraordinárias - Principal;0,00;0,00;0,00;0,00;0,00;0,00;3.300.565,07;0,00;816.953,71;0,00;0,00;3.290.911,73;7.408.430,51;0,00;0,00;0,00;0,00;0,00;0,00;4.137.576,01;0,00;1.805.864,83;0,00;0,00;4.405.885,55;10.349.326,39;0,00;0,00;0,00;0,00;0,00;0,00;837.010,94;0,00;988.911,12;0,00;0,00;1.114.973,82;2.940.895,88
1.7.1.1.52.0.1.00.00.00;Cota-Parte do Imposto Sobre a Propriedade Territorial Rural;5.301,95;473,27;1.887,65;11.063,02;993,39;848,50;335,73;4.913,39;6.723,96;28.299,35;8.852,95;3.428,01;73.121,17;5.827,66;1.533,59;1.728,60;1.741,22;1.702,78;3.135,23;4.941,20;4.097,92;17.666,07;62.218,45;5.758,22;4.915,04;115.265,98;525,71;1.060,32;-159,05;-9.321,80;709,39;2.286,73;4.605,47;-815,47;10.942,11;33.919,10;-3.094,73;1.487,03;42.144,81
1.7.1.1.52.0.1.00.00.00;Cota-Parte do Imposto Sobre a Propriedade Territorial Rural;5.301,95;473,27;1.887,65;11.063,02;993,39;848,50;335,73;4.913,39;6.723,96;28.299,35;8.852,95;3.428,01;73.121,17;5.827,66;1.533,59;1.728,60;1.741,22;1.702,78;3.135,23;4.941,20;4.097,92;17.666,07;62.218,45;5.758,22;4.915,04;115.265,98;525,71;1.060,32;-159,05;-9.321,80;709,39;2.286,73;4.605,47;-815,47;10.942,11;33.919,10;-3.094,73;1.487,03;42.144,81
1.7.1.2.51.0.1.00.00.00;Cota-parte Comp.Financeira Rec.Minerais - CFEM;859,63;974,60;873,00;1.056,08;884,74;0,00;617,51;771,63;0,00;2.433,05;1.411,77;5.170,56;15.052,57;1.221,39;42.600,08;6.189,71;969,79;19.633,17;1.015,30;1.449,42;2.763,03;2.929,50;3.194,63;3.000,45;3.600,66;88.567,13;361,76;41.625,48;5.316,71;-86,29;18.748,43;1.015,30;831,91;1.991,40;2.929,50;761,58;1.588,68;-1.569,90;73.514,56
1.7.1.2.51.0.1.00.00.00;Cota-parte Comp.Financeira Rec.Minerais - CFEM;859,63;974,60;873,00;1.056,08;884,74;0,00;617,51;771,63;0,00;2.433,05;1.411,77;5.170,56;15.052,57;1.221,39;42.600,08;6.189,71;969,79;19.633,17;1.015,30;1.449,42;2.763,03;2.929,50;3.194,63;3.000,45;3.600,66;88.567,13;361,76;41.625,48;5.316,71;-86,29;18.748,43;1.015,30;831,91;1.991,40;2.929,50;761,58;1.588,68;-1.569,90;73.514,56
1.7.1.2.52.1.1.01.00.00;Cota-parte da Compensação Financeira pela Produção de Petróleo-Lei nº 7.990/89;556.764,41;556.764,41;556.764,41;556.764,41;556.764,41;556.764,41;556.764,41;556.764,41;556.764,41;556.764,41;556.764,41;556.764,37;6.681.172,88;590.570,37;572.938,26;577.577,93;568.011,74;598.436,61;4.707,42;522.712,10;929.793,15;777.628,41;587.721,94;448.627,72;497.149,42;6.675.875,07;33.805,96;16.173,85;20.813,52;11.247,33;41.672,20;-552.056,99;-34.052,31;373.028,74;220.864,00;30.957,53;-108.136,69;-59.614,95;-5.297,81
1.7.1.2.52.1.1.01.00.00;Cota-parte da Compensação Financeira pela Produção de Petróleo-Lei nº 7.990/89;556.764,41;556.764,41;556.764,41;556.764,41;556.764,41;556.764,41;556.764,41;556.764,41;556.764,41;556.764,41;556.764,41;556.764,37;6.681.172,88;590.570,37;572.938,26;577.577,93;568.011,74;598.436,61;4.707,42;522.712,10;929.793,15;777.628,41;587.721,94;448.627,72;497.149,42;6.675.875,07;33.805,96;16.173,85;20.813,52;11.247,33;41.672,20;-552.056,99;-34.052,31;373.028,74;220.864,00;30.957,53;-108.136,69;-59.614,95;-5.297,81
1.7.1.2.52.2.1.01.00.00;Cota-parte Excedente  Produção do Petróleo-Lei nº 9.478/97, artigo 49, I e II;114.971,67;114.971,67;114.971,67;114.971,67;114.971,67;114.971,67;114.971,67;114.971,67;114.971,67;114.971,67;114.971,67;114.971,66;1.379.660,03;797,76;706,95;883,96;858,30;1.108,99;8,79;684,39;1.001,59;947,01;425,62;281,98;769,15;8.474,49;-114.173,91;-114.264,72;-114.087,71;-114.113,37;-113.862,68;-114.962,88;-114.287,28;-113.970,08;-114.024,66;-114.546,05;-114.689,69;-114.202,51;-1.371.185,54
1.7.1.2.52.2.1.01.00.00;Cota-parte Excedente  Produção do Petróleo-Lei nº 9.478/97, artigo 49, I e II;114.971,67;114.971,67;114.971,67;114.971,67;114.971,67;114.971,67;114.971,67;114.971,67;114.971,67;114.971,67;114.971,67;114.971,66;1.379.660,03;797,76;706,95;883,96;858,30;1.108,99;8,79;684,39;1.001,59;947,01;425,62;281,98;769,15;8.474,49;-114.173,91;-114.264,72;-114.087,71;-114.113,37;-113.862,68;-114.962,88;-114.287,28;-113.970,08;-114.024,66;-114.546,05;-114.689,69;-114.202,51;-1.371.185,54
1.7.1.2.52.4.1.01.00.00;Cota-Parte do Fundo Especial do Petróleo-FEP;132.312,95;132.312,95;132.312,95;132.312,95;132.312,95;132.312,95;132.312,95;132.312,95;132.312,95;132.312,95;132.312,95;132.312,95;1.587.755,40;167.458,76;158.465,25;161.017,48;159.067,84;162.579,81;0,00;162.401,73;269.291,38;249.141,60;178.179,74;167.429,93;170.953,48;2.005.987,00;35.145,81;26.152,30;28.704,53;26.754,89;30.266,86;-132.312,95;30.088,78;136.978,43;116.828,65;45.866,79;35.116,98;38.640,53;418.231,60
1.7.1.2.52.4.1.01.00.00;Cota-Parte do Fundo Especial do Petróleo-FEP;132.312,95;132.312,95;132.312,95;132.312,95;132.312,95;132.312,95;132.312,95;132.312,95;132.312,95;132.312,95;132.312,95;132.312,95;1.587.755,40;167.458,76;158.465,25;161.017,48;159.067,84;162.579,81;0,00;162.401,73;269.291,38;249.141,60;178.179,74;167.429,93;170.953,48;2.005.987,00;35.145,81;26.152,30;28.704,53;26.754,89;30.266,86;-132.312,95;30.088,78;136.978,43;116.828,65;45.866,79;35.116,98;38.640,53;418.231,60
1.7.1.3.50.1.1.03.00.00;Portaria 6/2979-Incentivos APS-Capacitação Pond;0,00;121.207,21;0,00;468.333,69;509.753,78;461.770,52;437.311,91;469.944,54;0,00;476.289,66;476.752,88;476.289,67;3.897.653,86;0,00;0,00;416.755,60;0,00;0,00;0,00;0,00;0,00;0,00;0,00;0,00;0,00;416.755,60;0,00;-121.207,21;416.755,60;-468.333,69;-509.753,78;-461.770,52;-437.311,91;-469.944,54;0,00;-476.289,66;-476.752,88;-476.289,67;-3.480.898,26
1.7.1.3.50.1.1.03.00.00;Portaria 6/2979-Incentivos APS-Capacitação Pond;0,00;121.207,21;0,00;468.333,69;509.753,78;461.770,52;437.311,91;469.944,54;0,00;476.289,66;476.752,88;476.289,67;3.897.653,86;0,00;0,00;416.755,60;0,00;0,00;0,00;0,00;0,00;0,00;0,00;0,00;0,00;416.755,60;0,00;-121.207,21;416.755,60;-468.333,69;-509.753,78;-461.770,52;-437.311,91;-469.944,54;0,00;-476.289,66;-476.752,88;-476.289,67;-3.480.898,26
1.7.1.3.50.1.1.04.00.00;Portaria 622 / 2979/6/1105 - Incentivo Ações Estratégicas;0,00;119.175,58;115.956,19;122.394,98;119.175,58;122.394,98;0,00;3.219,40;4.292,53;7.511,92;4.292,53;51.510,31;669.924,00;24.550,00;36.550,00;36.550,00;0,00;12.000,00;0,00;6.000,00;0,00;0,00;6.000,00;0,00;0,00;121.650,00;24.550,00;-82.625,58;-79.406,19;-122.394,98;-107.175,58;-122.394,98;6.000,00;-3.219,40;-4.292,53;-1.511,92;-4.292,53;-51.510,31;-548.274,00
1.7.1.3.50.1.1.05.00.00;Portaria 622 / 166-Incentivo Financeiro APS-Desemp;0,00;64.404,70;0,00;0,00;0,00;79.478,39;0,00;90.548,42;124.018,19;113.135,73;113.135,73;113.135,72;697.856,88;58.292,00;61.637,75;61.637,75;0,00;0,00;0,00;0,00;0,00;0,00;0,00;0,00;0,00;181.567,50;58.292,00;-2.766,95;61.637,75;0,00;0,00;-79.478,39;0,00;-90.548,42;-124.018,19;-113.135,73;-113.135,73;-113.135,72;-516.289,38
1.7.1.3.50.1.1.07.00.00;Portaria 4036 - Implementação de Politicas de Promoção da Equidade em Saúde;83,33;83,33;83,33;83,33;83,33;83,33;83,33;83,33;83,33;83,33;83,33;83,37;1.000,00;0,00;0,00;0,00;0,00;0,00;0,00;0,00;0,00;0,00;0,00;0,00;0,00;0,00;-83,33;-83,33;-83,33;-83,33;-83,33;-83,33;-83,33;-83,33;-83,33;-83,33;-83,33;-83,37;-1.000,00
1.7.1.3.50.1.1.07.00.00;Portaria 4036 - Implementação de Politicas de Promoção da Equidade em Saúde;83,33;83,33;83,33;83,33;83,33;83,33;83,33;83,33;83,33;83,33;83,33;83,37;1.000,00;0,00;0,00;0,00;0,00;0,00;0,00;0,00;0,00;0,00;0,00;0,00;0,00;0,00;-83,33;-83,33;-83,33;-83,33;-83,33;-83,33;-83,33;-83,33;-83,33;-83,33;-83,33;-83,37;-1.000,00
1.7.1.3.50.1.1.08.00.00;Portaria 1105/06/261 - Piso APS - Incentivo para Ações Estratégicas;112,69;0,00;0,00;0,00;2,99;0,00;110,79;107,79;186,66;112,69;131,84;234,55;1.000,00;0,00;0,00;0,00;48.550,00;0,00;0,00;0,00;0,00;8.000,00;0,00;0,00;0,00;56.550,00;-112,69;0,00;0,00;48.550,00;-2,99;0,00;-110,79;-107,79;7.813,34;-112,69;-131,84;-234,55;55.550,00
1.7.1.3.50.1.1.09.00.00;Portaria 622 / 261/6 - Piso APS - Capacitação Ponderada;787.346,71;795.240,67;913.442,52;0,00;0,00;0,00;0,00;0,00;0,00;0,00;0,00;0,00;2.496.029,90;435.784,21;429.143,60;0,00;438.642,27;0,00;0,00;0,00;0,00;0,00;0,00;0,00;0,00;1.303.570,08;-351.562,50;-366.097,07;-913.442,52;438.642,27;0,00;0,00;0,00;0,00;0,00;0,00;0,00;0,00;-1.192.459,82
1.7.1.3.50.1.1.10.00.00;Portaria 261 - Piso APS - Desempenho;482,61;0,00;517,39;0,00;0,00;0,00;0,00;0,00;0,00;0,00;0,00;0,00;1.000,00;0,00;0,00;0,00;0,00;0,00;0,00;0,00;0,00;0,00;0,00;0,00;0,00;0,00;-482,61;0,00;-517,39;0,00;0,00;0,00;0,00;0,00;0,00;0,00;0,00;0,00;-1.000,00
1.7.1.3.50.1.1.15.00.00;Portaria 622/3479/261/160/6 - Piso APS - ACS;426.731,45;404.402,48;513.566,34;549.798,04;412.508,60;412.508,60;576.074,08;518.151,04;409.993,30;412.508,60;407.478,00;819.986,61;5.863.707,14;457.488,00;457.488,00;457.488,00;457.488,00;457.488,00;457.488,00;457.488,00;457.488,00;457.488,00;559.260,40;0,00;0,00;4.676.652,40;30.756,55;53.085,52;-56.078,34;-92.310,04;44.979,40;44.979,40;-118.586,08;-60.663,04;47.494,70;146.751,80;-407.478,00;-819.986,61;-1.187.054,74
1.7.1.3.50.1.1.16.00.00;Portaria 986 - Rede Cegonha;0,00;194,68;0,00;0,00;0,00;0,00;0,00;0,00;0,00;0,00;0,00;1.427,34;1.622,02;0,00;0,00;0,00;0,00;0,00;0,00;0,00;0,00;0,00;0,00;0,00;0,00;0,00;0,00;-194,68;0,00;0,00;0,00;0,00;0,00;0,00;0,00;0,00;0,00;-1.427,34;-1.622,02
1.7.1.3.50.1.1.17.00.00;Portaria 6 - Piso da Atenção Primária - Incentivo Desempenho;0,00;0,00;0,00;1.000,00;0,00;0,00;0,00;0,00;0,00;0,00;0,00;0,00;1.000,00;0,00;0,00;0,00;61.637,75;0,00;0,00;0,00;0,00;0,00;0,00;0,00;0,00;61.637,75;0,00;0,00;0,00;60.637,75;0,00;0,00;0,00;0,00;0,00;0,00;0,00;0,00;60.637,75
1.7.1.3.50.1.1.18.00.00;Portaria 6/622-Programa de Informatização APS;0,00;0,00;0,00;0,00;0,00;0,00;0,00;0,00;0,00;0,00;0,00;0,00;0,00;15.300,00;11.900,00;11.900,00;11.900,00;0,00;0,00;0,00;0,00;0,00;0,00;0,00;0,00;51.000,00;15.300,00;11.900,00;11.900,00;11.900,00;0,00;0,00;0,00;0,00;0,00;0,00;0,00;0,00;51.000,00
1.7.1.3.50.1.1.20.00.00;Portaria 3519/2024 - Emenda Indiv.At.Primaria-PAB;0,00;0,00;0,00;0,00;0,00;0,00;0,00;0,00;0,00;0,00;0,00;0,00;0,00;0,00;0,00;0,00;0,00;700.000,00;0,00;0,00;0,00;0,00;0,00;0,00;0,00;700.000,00;0,00;0,00;0,00;0,00;700.000,00;0,00;0,00;0,00;0,00;0,00;0,00;0,00;700.000,00
1.7.1.3.50.1.1.21.00.00;Portaria 3493 - Atenção Primária - Incentivo Equipes saude da Familia;0,00;0,00;0,00;0,00;0,00;0,00;0,00;0,00;0,00;0,00;0,00;0,00;0,00;0,00;0,00;0,00;0,00;562.840,50;562.840,50;562.840,50;575.227,00;575.227,00;575.227,00;550.840,50;550.840,50;4.515.883,50;0,00;0,00;0,00;0,00;562.840,50;562.840,50;562.840,50;575.227,00;575.227,00;575.227,00;550.840,50;550.840,50;4.515.883,50
1.7.1.3.50.1.1.22.00.00;Portaria 6717-1105-3493 - Atenção Primaria - Incentivo de Equipes APS;0,00;0,00;0,00;0,00;0,00;0,00;0,00;0,00;0,00;0,00;0,00;0,00;0,00;0,00;0,00;0,00;0,00;26.550,00;49.850,00;108.801,08;108.801,08;108.801,08;108.801,08;169.801,08;366.451,08;1.047.856,48;0,00;0,00;0,00;0,00;26.550,00;49.850,00;108.801,08;108.801,08;108.801,08;108.801,08;169.801,08;366.451,08;1.047.856,48
1.7.1.3.50.1.1.23.00.00;Portaria 3493/3732 - Atenção Primaria - Manutenção de Pagamento Valor Nominal;0,00;0,00;0,00;0,00;0,00;0,00;0,00;0,00;0,00;0,00;0,00;0,00;0,00;0,00;0,00;0,00;0,00;344.755,40;68.951,08;0,00;0,00;0,00;0,00;0,00;0,00;413.706,48;0,00;0,00;0,00;0,00;344.755,40;68.951,08;0,00;0,00;0,00;0,00;0,00;0,00;413.706,48
1.7.1.3.50.1.1.25.00.00;Portaria 4352 - Emenda Comissão Saúde - Incremento Temporário;0,00;0,00;0,00;0,00;0,00;0,00;0,00;0,00;0,00;0,00;0,00;0,00;0,00;0,00;0,00;0,00;0,00;0,00;4.314.000,00;0,00;0,00;0,00;0,00;0,00;0,00;4.314.000,00;0,00;0,00;0,00;0,00;0,00;4.314.000,00;0,00;0,00;0,00;0,00;0,00;0,00;4.314.000,00
1.7.1.3.50.1.1.26.00.00;Portaria 4494 - Emenda Comissão e Saúde - Incremento Temporário;0,00;0,00;0,00;0,00;0,00;0,00;0,00;0,00;0,00;0,00;0,00;0,00;0,00;0,00;0,00;0,00;0,00;0,00;2.301.000,00;0,00;0,00;0,00;0,00;0,00;0,00;2.301.000,00;0,00;0,00;0,00;0,00;0,00;2.301.000,00;0,00;0,00;0,00;0,00;0,00;0,00;2.301.000,00
1.7.1.3.50.1.1.30.00.00;Portaria 3624 - Emenda bancada - Incremento Custeio;0,00;0,00;0,00;0,00;0,00;0,00;0,00;0,00;0,00;0,00;0,00;0,00;0,00;0,00;0,00;0,00;0,00;0,00;0,00;0,00;0,00;0,00;0,00;0,00;1.214.737,00;1.214.737,00;0,00;0,00;0,00;0,00;0,00;0,00;0,00;0,00;0,00;0,00;0,00;1.214.737,00;1.214.737,00
1.7.1.3.50.2.1.04.00.00;Portaria 3992/639/25/443 - Atenção a Saúde-Procedimentos MAC;5.587.913,42;6.943.603,32;5.536.363,16;5.721.618,02;10.469.476,62;5.736.331,75;5.774.234,60;0,00;5.975.477,41;6.584.659,94;6.992.070,51;7.429.483,91;72.751.232,66;0,00;0,00;0,00;0,00;0,00;0,00;0,00;0,00;0,00;0,00;0,00;0,00;0,00;-5.587.913,42;-6.943.603,32;-5.536.363,16;-5.721.618,02;-10.469.476,62;-5.736.331,75;-5.774.234,60;0,00;-5.975.477,41;-6.584.659,94;-6.992.070,51;-7.429.483,91;-72.751.232,66
1.7.1.3.50.2.1.04.00.00;Portaria 3992/639/25/443 - Atenção a Saúde-Procedimentos MAC;5.587.913,42;6.943.603,32;5.536.363,16;5.721.618,02;10.469.476,62;5.736.331,75;5.774.234,60;0,00;5.975.477,41;6.584.659,94;6.992.070,51;7.429.483,91;72.751.232,66;0,00;0,00;0,00;0,00;0,00;0,00;0,00;0,00;0,00;0,00;0,00;0,00;0,00;-5.587.913,42;-6.943.603,32;-5.536.363,16;-5.721.618,02;-10.469.476,62;-5.736.331,75;-5.774.234,60;0,00;-5.975.477,41;-6.584.659,94;-6.992.070,51;-7.429.483,91;-72.751.232,66
1.7.1.3.50.2.1.10.00.00;Portaria 3053/3829 - Procedimentos MAC;0,00;0,00;0,00;0,00;384.693,26;0,00;0,00;0,00;0,00;0,00;0,00;0,00;384.693,26;7.518.954,87;6.675.091,35;7.215.540,95;7.333.363,36;7.329.616,29;7.330.351,23;7.071.784,03;7.346.887,35;7.373.615,54;6.822.963,04;6.707.914,56;4.218.281,04;82.944.363,61;7.518.954,87;6.675.091,35;7.215.540,95;7.333.363,36;6.944.923,03;7.330.351,23;7.071.784,03;7.346.887,35;7.373.615,54;6.822.963,04;6.707.914,56;4.218.281,04;82.559.670,35
1.7.1.3.50.2.1.12.00.00;Portaria 6207- 06 - Procedimentos MAC - FAEC;981.319,46;0,00;1.840.662,98;1.101.389,66;1.214.594,67;1.109.951,01;1.254.187,88;1.176.246,82;1.359.088,40;1.123.919,33;1.454.840,55;1.356.050,10;13.972.250,86;0,00;1.407.828,86;698.272,30;2.157.612,52;2.014.244,95;1.318.957,34;898.559,08;1.220.722,12;1.247.796,64;0,00;1.979.933,00;3.806.974,44;16.750.901,25;-981.319,46;1.407.828,86;-1.142.390,68;1.056.222,86;799.650,28;209.006,33;-355.628,80;44.475,30;-111.291,76;-1.123.919,33;525.092,45;2.450.924,34;2.778.650,39
1.7.1.3.50.2.1.12.00.00;Portaria 6207- 06 - Procedimentos MAC - FAEC;981.319,46;0,00;1.840.662,98;1.101.389,66;1.214.594,67;1.109.951,01;1.254.187,88;1.176.246,82;1.359.088,40;1.123.919,33;1.454.840,55;1.356.050,10;13.972.250,86;0,00;1.407.828,86;698.272,30;2.157.612,52;2.014.244,95;1.318.957,34;898.559,08;1.220.722,12;1.247.796,64;0,00;1.979.933,00;3.806.974,44;16.750.901,25;-981.319,46;1.407.828,86;-1.142.390,68;1.056.222,86;799.650,28;209.006,33;-355.628,80;44.475,30;-111.291,76;-1.123.919,33;525.092,45;2.450.924,34;2.778.650,39
1.7.1.3.50.2.1.17.00.00;Portaria 4631/3113/1355/1135 - Piso Salarial da Enfermagem;0,00;0,00;0,00;0,00;0,00;0,00;0,00;0,00;0,00;0,00;0,00;0,00;0,00;1.242.539,20;0,00;1.212.327,22;1.226.649,84;1.218.794,29;1.264.271,74;1.234.419,97;1.243.162,52;2.537.805,57;0,00;1.283.235,61;2.586.410,96;15.049.616,92;1.242.539,20;0,00;1.212.327,22;1.226.649,84;1.218.794,29;1.264.271,74;1.234.419,97;1.243.162,52;2.537.805,57;0,00;1.283.235,61;2.586.410,96;15.049.616,92
1.7.1.3.50.2.1.18.00.00;Portaria 3590/2024 - Emenda Individual -  MAC;0,00;0,00;0,00;0,00;0,00;0,00;0,00;0,00;0,00;0,00;0,00;0,00;0,00;0,00;0,00;0,00;0,00;2.165.000,00;0,00;0,00;0,00;0,00;0,00;0,00;0,00;2.165.000,00;0,00;0,00;0,00;0,00;2.165.000,00;0,00;0,00;0,00;0,00;0,00;0,00;0,00;2.165.000,00
1.7.1.3.50.2.1.19.00.00;Portaria 3862/2024 - Emenda Comissão e Saúde - Incremento Temporário;0,00;0,00;0,00;0,00;0,00;0,00;0,00;0,00;0,00;0,00;0,00;0,00;0,00;0,00;0,00;0,00;0,00;800.000,00;0,00;0,00;0,00;0,00;0,00;0,00;0,00;800.000,00;0,00;0,00;0,00;0,00;800.000,00;0,00;0,00;0,00;0,00;0,00;0,00;0,00;800.000,00
1.7.1.3.50.2.1.20.00.00;Portaria 2742/2023 Incremento MAC;0,00;0,00;0,00;0,00;0,00;0,00;0,00;0,00;0,00;0,00;0,00;0,00;0,00;0,00;0,00;582.248,36;0,00;0,00;0,00;0,00;0,00;0,00;0,00;0,00;0,00;582.248,36;0,00;0,00;582.248,36;0,00;0,00;0,00;0,00;0,00;0,00;0,00;0,00;0,00;582.248,36
1.7.1.3.50.3.1.01.00.00;Portaria 5728/5730/2619/1136/21 - DST/AIDS;6.131,88;6.131,88;0,00;0,00;0,00;0,00;0,00;6.131,88;6.131,88;6.131,88;6.131,88;6.131,86;42.923,14;0,00;0,00;0,00;0,00;0,00;0,00;0,00;0,00;0,00;0,00;0,00;124.742,45;124.742,45;-6.131,88;-6.131,88;0,00;0,00;0,00;0,00;0,00;-6.131,88;-6.131,88;-6.131,88;-6.131,88;118.610,59;81.819,31
1.7.1.3.50.3.1.01.00.00;Portaria 5728/5730/2619/1136/21 - DST/AIDS;6.131,88;6.131,88;0,00;0,00;0,00;0,00;0,00;6.131,88;6.131,88;6.131,88;6.131,88;6.131,86;42.923,14;0,00;0,00;0,00;0,00;0,00;0,00;0,00;0,00;0,00;0,00;0,00;124.742,45;124.742,45;-6.131,88;-6.131,88;0,00;0,00;0,00;0,00;0,00;-6.131,88;-6.131,88;-6.131,88;-6.131,88;118.610,59;81.819,31
1.7.1.3.50.3.1.07.00.00;Portaria 2497/76 - Incentivo Vigilância - Despesas Diversas;0,00;0,00;0,00;42.237,94;42.237,94;42.237,94;42.237,94;83.463,35;42.237,94;92.923,46;42.237,93;0,00;429.814,44;0,00;0,00;0,00;0,00;0,00;0,00;0,00;0,00;0,00;0,00;0,00;0,00;0,00;0,00;0,00;0,00;-42.237,94;-42.237,94;-42.237,94;-42.237,94;-83.463,35;-42.237,94;-92.923,46;-42.237,93;0,00;-429.814,44
1.7.1.3.50.3.1.07.00.00;Portaria 2497/76 - Incentivo Vigilância - Despesas Diversas;0,00;0,00;0,00;42.237,94;42.237,94;42.237,94;42.237,94;83.463,35;42.237,94;92.923,46;42.237,93;0,00;429.814,44;0,00;0,00;0,00;0,00;0,00;0,00;0,00;0,00;0,00;0,00;0,00;0,00;0,00;0,00;0,00;0,00;-42.237,94;-42.237,94;-42.237,94;-42.237,94;-83.463,35;-42.237,94;-92.923,46;-42.237,93;0,00;-429.814,44
1.7.1.3.50.3.1.08.00.00;Portaria 3836/2021/124/21 - Incentivo Prevenção e Controle DST/AIDS e Hepatites Virais;0,00;0,00;21.461,57;21.461,57;21.461,57;21.461,57;21.461,58;0,00;0,00;0,00;0,00;0,00;107.307,86;12.306,98;12.306,98;12.306,99;12.306,99;12.306,99;12.306,99;12.306,99;12.306,99;12.306,99;12.306,99;12.306,99;0,00;135.376,87;12.306,98;12.306,98;-9.154,58;-9.154,58;-9.154,58;-9.154,58;-9.154,59;12.306,99;12.306,99;12.306,99;12.306,99;0,00;28.069,01
1.7.1.3.50.3.1.09.00.00;Portaria 844/3069/128/76 - Incentivo Vigilância - Despesas Diversas;0,00;0,00;138.154,64;0,00;0,00;0,00;0,00;0,00;0,00;0,00;0,00;46.051,55;184.206,19;35.817,87;35.817,87;106.931,07;35.817,87;35.817,87;35.817,87;35.817,87;35.817,87;35.817,87;35.817,87;35.817,87;35.817,87;500.927,64;35.817,87;35.817,87;-31.223,57;35.817,87;35.817,87;35.817,87;35.817,87;35.817,87;35.817,87;35.817,87;35.817,87;-10.233,68;316.721,45
1.7.1.3.50.3.1.10.00.00;Portaria 3494/33/97 - Incentivo Ações de Vigilância Sanitária;0,00;0,00;14.727,11;4.909,04;4.909,04;4.909,04;0,00;9.818,08;4.909,04;4.909,04;4.909,04;29.448,57;83.448,00;0,00;0,00;0,00;27.816,00;6.954,00;6.954,00;0,00;13.908,00;6.954,00;6.954,00;6.954,00;0,00;76.494,00;0,00;0,00;-14.727,11;22.906,96;2.044,96;2.044,96;0,00;4.089,92;2.044,96;2.044,96;2.044,96;-29.448,57;-6.954,00
1.7.1.3.50.3.1.10.00.00;Portaria 3494/33/97 - Incentivo Ações de Vigilância Sanitária;0,00;0,00;14.727,11;4.909,04;4.909,04;4.909,04;0,00;9.818,08;4.909,04;4.909,04;4.909,04;29.448,57;83.448,00;0,00;0,00;0,00;27.816,00;6.954,00;6.954,00;0,00;13.908,00;6.954,00;6.954,00;6.954,00;0,00;76.494,00;0,00;0,00;-14.727,11;22.906,96;2.044,96;2.044,96;0,00;4.089,92;2.044,96;2.044,96;2.044,96;-29.448,57;-6.954,00
1.7.1.3.50.3.1.11.00.00;Portaria 3061/1971/160 - Incentivo ACE;0,00;0,00;0,00;199.553,20;202.312,00;202.312,00;0,00;0,00;202.312,00;202.312,00;202.312,00;212.427,60;1.423.540,80;107.844,00;0,00;121.432,00;0,00;121.432,00;121.432,00;0,00;0,00;0,00;13.588,00;0,00;266.762,00;752.490,00;107.844,00;0,00;121.432,00;-199.553,20;-80.880,00;-80.880,00;0,00;0,00;-202.312,00;-188.724,00;-202.312,00;54.334,40;-671.050,80
1.7.1.3.50.3.1.12.00.00;Portaria 3061 - Vgilancia em Saúde - Pgto dos Vencimentos ACE;0,00;0,00;0,00;0,00;0,00;0,00;0,00;0,00;0,00;0,00;0,00;0,00;0,00;121.432,00;121.432,00;0,00;121.432,00;0,00;0,00;121.432,00;121.432,00;121.432,00;0,00;121.432,00;0,00;850.024,00;121.432,00;121.432,00;0,00;121.432,00;0,00;0,00;121.432,00;121.432,00;121.432,00;0,00;121.432,00;0,00;850.024,00
1.7.1.3.50.3.1.13.00.00;Portaria 3465 Vigilancia em aúde - INCENTIVO FINANCEIRO DESPESAS DIVERSAS - Unica;0,00;0,00;0,00;0,00;0,00;0,00;0,00;0,00;0,00;0,00;0,00;0,00;0,00;0,00;0,00;0,00;492.478,00;0,00;0,00;0,00;0,00;0,00;0,00;0,00;0,00;492.478,00;0,00;0,00;0,00;492.478,00;0,00;0,00;0,00;0,00;0,00;0,00;0,00;0,00;492.478,00
1.7.1.3.50.4.1.01.00.00;Portaria 6/190 - Farmácia Básica;76.963,94;0,00;76.963,94;76.963,94;76.963,94;76.963,94;76.963,94;76.963,94;76.963,94;76.963,94;76.963,94;76.963,96;846.603,36;0,00;67.512,23;259.750,23;67.512,23;67.512,23;67.512,23;67.512,23;67.512,23;67.512,23;67.512,23;0,00;0,00;799.848,07;-76.963,94;67.512,23;182.786,29;-9.451,71;-9.451,71;-9.451,71;-9.451,71;-9.451,71;-9.451,71;-9.451,71;-76.963,94;-76.963,96;-46.755,29
1.7.1.3.50.4.1.01.00.00;Portaria 6/190 - Farmácia Básica;76.963,94;0,00;76.963,94;76.963,94;76.963,94;76.963,94;76.963,94;76.963,94;76.963,94;76.963,94;76.963,94;76.963,96;846.603,36;0,00;67.512,23;259.750,23;67.512,23;67.512,23;67.512,23;67.512,23;67.512,23;67.512,23;67.512,23;0,00;0,00;799.848,07;-76.963,94;67.512,23;182.786,29;-9.451,71;-9.451,71;-9.451,71;-9.451,71;-9.451,71;-9.451,71;-9.451,71;-76.963,94;-76.963,96;-46.755,29
1.7.1.3.50.5.1.02.00.00;Portaria 411 - Implementação da Segurança Alimentar e Nutricional;0,00;0,00;0,00;0,00;0,00;0,00;0,00;0,00;0,00;0,00;0,00;30.096,00;30.096,00;0,00;0,00;0,00;0,00;0,00;0,00;0,00;0,00;0,00;0,00;0,00;0,00;0,00;0,00;0,00;0,00;0,00;0,00;0,00;0,00;0,00;0,00;0,00;0,00;-30.096,00;-30.096,00
1.7.1.3.50.5.1.02.00.00;Portaria 411 - Implementação da Segurança Alimentar e Nutricional;0,00;0,00;0,00;0,00;0,00;0,00;0,00;0,00;0,00;0,00;0,00;30.096,00;30.096,00;0,00;0,00;0,00;0,00;0,00;0,00;0,00;0,00;0,00;0,00;0,00;0,00;0,00;0,00;0,00;0,00;0,00;0,00;0,00;0,00;0,00;0,00;0,00;0,00;-30.096,00;-30.096,00
1.7.1.4.50.0.1.00.00.00;Transferências doSalário-Educação;374.790,92;233.134,61;236.312,79;223.831,83;210.978,24;237.780,74;257.838,70;236.985,00;235.243,62;240.725,01;242.120,63;237.072,38;2.966.814,47;396.079,46;278.316,36;264.227,54;264.883,03;273.005,42;258.183,39;276.548,07;278.821,64;304.085,84;266.453,52;278.969,10;292.562,69;3.432.136,06;21.288,54;45.181,75;27.914,75;41.051,20;62.027,18;20.402,65;18.709,37;41.836,64;68.842,22;25.728,51;36.848,47;55.490,31;465.321,59
1.7.1.4.51.0.1.01.00.00;Transf.Diretas FNDE Programa Dinheiro Direto na Escola - PDDE;4.461,12;4.461,12;4.461,12;4.461,12;4.461,12;4.461,12;4.461,12;4.461,12;4.461,12;4.461,12;4.461,12;4.461,14;53.533,46;0,00;0,00;0,00;0,00;0,00;0,00;0,00;0,00;0,00;0,00;0,00;0,00;0,00;-4.461,12;-4.461,12;-4.461,12;-4.461,12;-4.461,12;-4.461,12;-4.461,12;-4.461,12;-4.461,12;-4.461,12;-4.461,12;-4.461,14;-53.533,46
1.7.1.4.51.0.1.01.00.00;Transf.Diretas FNDE Programa Dinheiro Direto na Escola - PDDE;4.461,12;4.461,12;4.461,12;4.461,12;4.461,12;4.461,12;4.461,12;4.461,12;4.461,12;4.461,12;4.461,12;4.461,14;53.533,46;0,00;0,00;0,00;0,00;0,00;0,00;0,00;0,00;0,00;0,00;0,00;0,00;0,00;-4.461,12;-4.461,12;-4.461,12;-4.461,12;-4.461,12;-4.461,12;-4.461,12;-4.461,12;-4.461,12;-4.461,12;-4.461,12;-4.461,14;-53.533,46
1.7.1.4.52.0.1.00.00.00;Transferências Programa Nacional de Alimentação Escolar - PNAE;0,00;96.909,86;130.360,68;130.360,68;130.360,68;130.360,68;130.455,30;130.360,68;130.360,68;130.360,68;130.360,67;0,00;1.270.250,59;0,00;117.678,00;117.678,00;115.039,60;122.710,00;118.276,40;118.276,40;120.013,60;353.092,00;0,00;0,00;0,00;1.182.764,00;0,00;20.768,14;-12.682,68;-15.321,08;-7.650,68;-12.084,28;-12.178,90;-10.347,08;222.731,32;-130.360,68;-130.360,67;0,00;-87.486,59
1.7.1.4.53.0.1.00.00.00;Transferências Programa Nacional de Apoio ao Transporte do Escolar - PNATE;0,00;0,00;131,08;74,28;58.766,71;0,00;14.737,12;29.474,23;30.033,43;16.652,11;16.652,11;20.794,35;187.315,42;0,00;0,00;0,00;26.031,65;0,00;0,00;0,00;26.031,63;0,00;0,00;0,00;0,00;52.063,28;0,00;0,00;-131,08;25.957,37;-58.766,71;0,00;-14.737,12;-3.442,60;-30.033,43;-16.652,11;-16.652,11;-20.794,35;-135.252,14
1.7.1.4.99.0.1.00.00.00;Outras Transferências Diretas do Fundo Nacional do Desenvolvimento da Educação – FNDE;0,00;0,00;0,00;0,00;0,00;0,00;0,00;0,00;0,00;0,00;0,00;50.875,35;50.875,35;0,00;0,00;0,00;0,00;0,00;0,00;11.099,87;0,00;0,00;0,00;25.899,71;18.499,80;55.499,38;0,00;0,00;0,00;0,00;0,00;0,00;11.099,87;0,00;0,00;0,00;25.899,71;-32.375,55;4.624,03
1.7.1.4.99.0.1.01.00.00;Outras Transferências FNDE - Escolas Tempo Integral;0,00;0,00;0,00;0,00;0,00;0,00;0,00;0,00;0,00;0,00;0,00;0,00;0,00;0,00;0,00;0,00;0,00;490.222,45;0,00;0,00;0,00;0,00;0,00;0,00;0,00;490.222,45;0,00;0,00;0,00;0,00;490.222,45;0,00;0,00;0,00;0,00;0,00;0,00;0,00;490.222,45
1.7.1.6.50.0.1.01.00.00;IGD-M-Programa Bolsa Familia;0,00;11.392,34;12.048,67;0,00;37.331,93;12.473,35;35.843,50;19.413,11;19.505,61;20.506,59;20.944,16;20.806,30;210.265,56;0,00;24.768,98;45.866,97;22.571,59;23.004,37;23.000,29;23.392,99;23.139,15;31.260,16;31.811,59;29.606,12;29.943,84;308.366,05;0,00;13.376,64;33.818,30;22.571,59;-14.327,56;10.526,94;-12.450,51;3.726,04;11.754,55;11.305,00;8.661,96;9.137,54;98.100,49
1.7.1.6.50.0.1.01.00.00;IGD-M-Programa Bolsa Familia;0,00;11.392,34;12.048,67;0,00;37.331,93;12.473,35;35.843,50;19.413,11;19.505,61;20.506,59;20.944,16;20.806,30;210.265,56;0,00;24.768,98;45.866,97;22.571,59;23.004,37;23.000,29;23.392,99;23.139,15;31.260,16;31.811,59;29.606,12;29.943,84;308.366,05;0,00;13.376,64;33.818,30;22.571,59;-14.327,56;10.526,94;-12.450,51;3.726,04;11.754,55;11.305,00;8.661,96;9.137,54;98.100,49
1.7.1.6.50.0.1.02.00.00;IGD-M - Sistema ùnico Assistencia Social;34.786,16;34.786,16;34.786,16;34.786,16;34.786,16;34.786,16;34.786,16;34.786,16;34.786,16;34.786,16;34.786,16;34.786,21;417.433,97;0,00;0,00;0,00;0,00;0,00;0,00;0,00;0,00;0,00;0,00;0,00;0,00;0,00;-34.786,16;-34.786,16;-34.786,16;-34.786,16;-34.786,16;-34.786,16;-34.786,16;-34.786,16;-34.786,16;-34.786,16;-34.786,16;-34.786,21;-417.433,97
1.7.1.6.50.0.1.02.00.00;IGD-M - Sistema ùnico Assistencia Social;34.786,16;34.786,16;34.786,16;34.786,16;34.786,16;34.786,16;34.786,16;34.786,16;34.786,16;34.786,16;34.786,16;34.786,21;417.433,97;0,00;0,00;0,00;0,00;0,00;0,00;0,00;0,00;0,00;0,00;0,00;0,00;0,00;-34.786,16;-34.786,16;-34.786,16;-34.786,16;-34.786,16;-34.786,16;-34.786,16;-34.786,16;-34.786,16;-34.786,16;-34.786,16;-34.786,21;-417.433,97
1.7.1.6.50.0.1.03.00.00;FNAS-Piso Básico Fixo-PAIF;0,00;22.234,66;22.295,36;22.430,70;22.152,95;17.217,09;17.209,83;19.459,60;19.452,88;19.464,19;0,00;59.062,66;240.979,92;0,00;19.200,00;19.200,00;19.200,00;19.200,00;0,00;19.200,00;38.400,00;0,00;19.200,00;0,00;42.552,12;196.152,12;0,00;-3.034,66;-3.095,36;-3.230,70;-2.952,95;-17.217,09;1.990,17;18.940,40;-19.452,88;-264,19;0,00;-16.510,54;-44.827,80
1.7.1.6.50.0.1.04.00.00;FNAS-Piso Básico Variável-SCFV;0,00;33.148,08;22.640,07;22.640,07;22.958,96;22.958,96;22.958,96;22.604,69;22.604,69;22.604,69;0,00;67.574,69;282.693,86;0,00;25.280,00;25.280,00;25.280,00;25.280,00;0,00;25.280,00;50.560,00;0,00;25.280,00;0,00;56.026,97;258.266,97;0,00;-7.868,08;2.639,93;2.639,93;2.321,04;-22.958,96;2.321,04;27.955,31;-22.604,69;2.675,31;0,00;-11.547,72;-24.426,89
1.7.1.6.50.0.1.04.00.00;FNAS-Piso Básico Variável-SCFV;0,00;33.148,08;22.640,07;22.640,07;22.958,96;22.958,96;22.958,96;22.604,69;22.604,69;22.604,69;0,00;67.574,69;282.693,86;0,00;25.280,00;25.280,00;25.280,00;25.280,00;0,00;25.280,00;50.560,00;0,00;25.280,00;0,00;56.026,97;258.266,97;0,00;-7.868,08;2.639,93;2.639,93;2.321,04;-22.958,96;2.321,04;27.955,31;-22.604,69;2.675,31;0,00;-11.547,72;-24.426,89
1.7.1.6.50.0.1.05.00.00;Piso Fixo Média Complexidade-PAEFI;0,00;7.064,96;7.075,24;7.098,14;7.038,99;6.202,84;6.201,30;6.183,20;6.182,06;6.183,97;0,00;18.634,01;77.864,71;0,00;21.586,51;8.240,00;8.240,00;8.240,00;0,00;8.240,00;16.480,00;0,00;8.240,00;0,00;19.563,59;98.830,10;0,00;14.521,55;1.164,76;1.141,86;1.201,01;-6.202,84;2.038,70;10.296,80;-6.182,06;2.056,03;0,00;929,58;20.965,39
1.7.1.6.50.0.1.05.00.00;Piso Fixo Média Complexidade-PAEFI;0,00;7.064,96;7.075,24;7.098,14;7.038,99;6.202,84;6.201,30;6.183,20;6.182,06;6.183,97;0,00;18.634,01;77.864,71;0,00;21.586,51;8.240,00;8.240,00;8.240,00;0,00;8.240,00;16.480,00;0,00;8.240,00;0,00;19.563,59;98.830,10;0,00;14.521,55;1.164,76;1.141,86;1.201,01;-6.202,84;2.038,70;10.296,80;-6.182,06;2.056,03;0,00;929,58;20.965,39
1.7.1.6.50.0.1.06.00.00;Piso Fixo Média Complexidade-MSE;0,00;3.018,03;3.022,43;3.032,22;3.006,94;2.649,75;2.649,09;2.641,37;2.640,88;2.641,70;0,00;7.960,17;33.262,58;0,00;9.221,42;3.520,00;3.520,00;3.520,00;0,00;3.520,00;7.040,00;0,00;3.520,00;0,00;8.357,26;42.218,68;0,00;6.203,39;497,57;487,78;513,06;-2.649,75;870,91;4.398,63;-2.640,88;878,30;0,00;397,09;8.956,10
1.7.1.6.50.0.1.06.00.00;Piso Fixo Média Complexidade-MSE;0,00;3.018,03;3.022,43;3.032,22;3.006,94;2.649,75;2.649,09;2.641,37;2.640,88;2.641,70;0,00;7.960,17;33.262,58;0,00;9.221,42;3.520,00;3.520,00;3.520,00;0,00;3.520,00;7.040,00;0,00;3.520,00;0,00;8.357,26;42.218,68;0,00;6.203,39;497,57;487,78;513,06;-2.649,75;870,91;4.398,63;-2.640,88;878,30;0,00;397,09;8.956,10
1.7.1.6.50.0.1.07.00.00;Piso Fixo Média Complexidade-Abordagem Social;0,00;3.429,59;3.434,58;3.445,70;3.416,99;3.011,09;3.010,34;3.001,55;3.001,00;3.001,93;0,00;9.045,62;37.798,39;0,00;10.478,89;4.000,00;4.000,00;4.000,00;0,00;4.000,00;8.000,00;0,00;4.000,00;0,00;9.496,90;47.975,79;0,00;7.049,30;565,42;554,30;583,01;-3.011,09;989,66;4.998,45;-3.001,00;998,07;0,00;451,28;10.177,40
1.7.1.6.50.0.1.07.00.00;Piso Fixo Média Complexidade-Abordagem Social;0,00;3.429,59;3.434,58;3.445,70;3.416,99;3.011,09;3.010,34;3.001,55;3.001,00;3.001,93;0,00;9.045,62;37.798,39;0,00;10.478,89;4.000,00;4.000,00;4.000,00;0,00;4.000,00;8.000,00;0,00;4.000,00;0,00;9.496,90;47.975,79;0,00;7.049,30;565,42;554,30;583,01;-3.011,09;989,66;4.998,45;-3.001,00;998,07;0,00;451,28;10.177,40
1.7.1.6.50.0.1.08.00.00;Piso Transição Média e Alta Complexidade-PTMC;0,00;13.720,83;13.740,79;13.785,27;13.670,41;12.046,52;12.043,52;12.008,37;12.006,16;12.009,88;0,00;36.189,06;151.220,81;0,00;41.923,11;16.002,88;16.002,88;16.002,88;0,00;16.002,88;32.005,76;0,00;16.002,88;0,00;37.994,38;191.937,65;0,00;28.202,28;2.262,09;2.217,61;2.332,47;-12.046,52;3.959,36;19.997,39;-12.006,16;3.993,00;0,00;1.805,32;40.716,84
1.7.1.6.50.0.1.08.00.00;Piso Transição Média e Alta Complexidade-PTMC;0,00;13.720,83;13.740,79;13.785,27;13.670,41;12.046,52;12.043,52;12.008,37;12.006,16;12.009,88;0,00;36.189,06;151.220,81;0,00;41.923,11;16.002,88;16.002,88;16.002,88;0,00;16.002,88;32.005,76;0,00;16.002,88;0,00;37.994,38;191.937,65;0,00;28.202,28;2.262,09;2.217,61;2.332,47;-12.046,52;3.959,36;19.997,39;-12.006,16;3.993,00;0,00;1.805,32;40.716,84
1.7.1.6.50.0.1.09.00.00;Serviço Acolhimento a Outros Públicos;3.019,19;3.019,19;3.019,19;3.019,19;3.019,19;3.019,19;3.019,19;3.019,19;3.019,19;3.019,19;3.019,19;3.019,22;36.230,31;0,00;0,00;0,00;0,00;0,00;0,00;0,00;0,00;0,00;0,00;0,00;0,00;0,00;-3.019,19;-3.019,19;-3.019,19;-3.019,19;-3.019,19;-3.019,19;-3.019,19;-3.019,19;-3.019,19;-3.019,19;-3.019,19;-3.019,22;-36.230,31
1.7.1.6.50.0.1.09.00.00;Serviço Acolhimento a Outros Públicos;3.019,19;3.019,19;3.019,19;3.019,19;3.019,19;3.019,19;3.019,19;3.019,19;3.019,19;3.019,19;3.019,19;3.019,22;36.230,31;0,00;0,00;0,00;0,00;0,00;0,00;0,00;0,00;0,00;0,00;0,00;0,00;0,00;-3.019,19;-3.019,19;-3.019,19;-3.019,19;-3.019,19;-3.019,19;-3.019,19;-3.019,19;-3.019,19;-3.019,19;-3.019,19;-3.019,22;-36.230,31
1.7.1.6.50.0.1.10.00.00;Serviço de Acolhimento a Adultos e Famílias;0,00;4.458,46;4.464,95;4.479,41;4.442,08;3.914,42;3.913,44;3.902,02;3.901,30;3.902,51;0,00;11.759,32;49.137,91;0,00;13.622,56;5.200,00;5.200,00;5.200,00;0,00;5.200,00;10.400,00;0,00;5.200,00;0,00;12.345,94;62.368,50;0,00;9.164,10;735,05;720,59;757,92;-3.914,42;1.286,56;6.497,98;-3.901,30;1.297,49;0,00;586,62;13.230,59
1.7.1.6.50.0.1.11.00.00;Serviço de Acolhimento a Crianças e Adolescentes;0,00;8.994,87;0,00;9.037,11;8.961,82;7.897,25;7.895,28;7.872,24;7.870,79;7.873,23;0,00;23.724,22;90.126,81;0,00;31.436,67;12.000,00;12.000,00;12.000,00;0,00;12.000,00;24.000,00;0,00;12.000,00;0,00;28.490,67;143.927,34;0,00;22.441,80;12.000,00;2.962,89;3.038,18;-7.897,25;4.104,72;16.127,76;-7.870,79;4.126,77;0,00;4.766,45;53.800,53
1.7.1.6.50.0.1.11.00.00;Serviço de Acolhimento a Crianças e Adolescentes;0,00;8.994,87;0,00;9.037,11;8.961,82;7.897,25;7.895,28;7.872,24;7.870,79;7.873,23;0,00;23.724,22;90.126,81;0,00;31.436,67;12.000,00;12.000,00;12.000,00;0,00;12.000,00;24.000,00;0,00;12.000,00;0,00;28.490,67;143.927,34;0,00;22.441,80;12.000,00;2.962,89;3.038,18;-7.897,25;4.104,72;16.127,76;-7.870,79;4.126,77;0,00;4.766,45;53.800,53
1.7.1.6.50.0.1.12.00.00;BPC na Escola;352,99;352,99;352,99;352,99;352,99;352,99;352,99;352,99;352,99;352,99;352,99;352,99;4.235,88;0,00;0,00;0,00;0,00;0,00;0,00;0,00;0,00;0,00;0,00;0,00;0,00;0,00;-352,99;-352,99;-352,99;-352,99;-352,99;-352,99;-352,99;-352,99;-352,99;-352,99;-352,99;-352,99;-4.235,88
1.7.1.6.50.0.1.12.00.00;BPC na Escola;352,99;352,99;352,99;352,99;352,99;352,99;352,99;352,99;352,99;352,99;352,99;352,99;4.235,88;0,00;0,00;0,00;0,00;0,00;0,00;0,00;0,00;0,00;0,00;0,00;0,00;0,00;-352,99;-352,99;-352,99;-352,99;-352,99;-352,99;-352,99;-352,99;-352,99;-352,99;-352,99;-352,99;-4.235,88
1.7.1.6.50.0.1.13.00.00;ACESSUAS Trabalho;1.097,25;1.097,25;1.097,25;1.097,25;1.097,25;1.097,25;1.097,25;1.097,25;1.097,25;1.097,25;1.097,25;1.097,25;13.167,00;0,00;0,00;0,00;0,00;0,00;0,00;0,00;0,00;0,00;0,00;0,00;0,00;0,00;-1.097,25;-1.097,25;-1.097,25;-1.097,25;-1.097,25;-1.097,25;-1.097,25;-1.097,25;-1.097,25;-1.097,25;-1.097,25;-1.097,25;-13.167,00
1.7.1.6.50.0.1.14.00.00;Programa Primeia Infância no SUAS/CRIANÇA FELIZ;0,00;0,00;158.004,00;0,00;0,00;0,00;0,00;0,00;0,00;0,00;0,00;0,00;158.004,00;0,00;0,00;0,00;0,00;0,00;0,00;0,00;0,00;0,00;0,00;0,00;10.839,00;10.839,00;0,00;0,00;-158.004,00;0,00;0,00;0,00;0,00;0,00;0,00;0,00;0,00;10.839,00;-147.165,00
1.7.1.6.50.0.1.15.00.00;APREDCNEAS;1.097,25;1.097,25;1.097,25;1.097,25;1.097,25;1.097,25;1.097,25;1.097,25;1.097,25;1.097,25;1.097,25;1.097,25;13.167,00;0,00;0,00;0,00;0,00;0,00;0,00;0,00;0,00;0,00;0,00;0,00;0,00;0,00;-1.097,25;-1.097,25;-1.097,25;-1.097,25;-1.097,25;-1.097,25;-1.097,25;-1.097,25;-1.097,25;-1.097,25;-1.097,25;-1.097,25;-13.167,00
1.7.1.6.50.0.1.15.00.00;APREDCNEAS;1.097,25;1.097,25;1.097,25;1.097,25;1.097,25;1.097,25;1.097,25;1.097,25;1.097,25;1.097,25;1.097,25;1.097,25;13.167,00;0,00;0,00;0,00;0,00;0,00;0,00;0,00;0,00;0,00;0,00;0,00;0,00;0,00;-1.097,25;-1.097,25;-1.097,25;-1.097,25;-1.097,25;-1.097,25;-1.097,25;-1.097,25;-1.097,25;-1.097,25;-1.097,25;-1.097,25;-13.167,00
1.7.1.6.50.0.1.18.00.00;Piso Média e Alta Complexidade I-MAC;0,00;7.194,87;19.214,24;7.228,66;7.168,44;6.316,91;6.315,34;6.296,90;6.295,75;6.297,69;0,00;18.976,68;91.305,48;0,00;18.862,00;7.200,00;7.200,00;7.200,00;0,00;7.200,00;14.400,00;0,00;7.200,00;0,00;17.094,39;86.356,39;0,00;11.667,13;-12.014,24;-28,66;31,56;-6.316,91;884,66;8.103,10;-6.295,75;902,31;0,00;-1.882,29;-4.949,09
1.7.1.7.54.0.1.01.00.00;Transf.Convênios União Destinadas Prog.Saneam.Básico;0,00;0,00;0,00;0,00;0,00;0,00;103.996,89;205.642,09;0,00;0,00;0,00;0,00;309.638,98;0,00;0,00;0,00;0,00;0,00;0,00;0,00;0,00;0,00;0,00;0,00;0,00;0,00;0,00;0,00;0,00;0,00;0,00;0,00;-103.996,89;-205.642,09;0,00;0,00;0,00;0,00;-309.638,98
1.7.1.7.54.0.1.01.00.00;Transf.Convênios União Destinadas Prog.Saneam.Básico;0,00;0,00;0,00;0,00;0,00;0,00;103.996,89;205.642,09;0,00;0,00;0,00;0,00;309.638,98;0,00;0,00;0,00;0,00;0,00;0,00;0,00;0,00;0,00;0,00;0,00;0,00;0,00;0,00;0,00;0,00;0,00;0,00;0,00;-103.996,89;-205.642,09;0,00;0,00;0,00;0,00;-309.638,98
1.7.1.7.99.0.1.01.00.00;Transferências de Convênio - ECT;10.260,53;10.260,53;10.260,53;10.260,53;10.260,53;10.260,53;10.260,53;10.260,53;10.260,53;10.260,53;10.260,53;10.260,52;123.126,35;0,00;0,00;0,00;0,00;0,00;0,00;0,00;0,00;0,00;0,00;0,00;0,00;0,00;-10.260,53;-10.260,53;-10.260,53;-10.260,53;-10.260,53;-10.260,53;-10.260,53;-10.260,53;-10.260,53;-10.260,53;-10.260,53;-10.260,52;-123.126,35
1.7.1.9.57.0.1.03.00.00;Outras Transf. Emenda Parlamentar 202414110024 - Custeio;0,00;0,00;0,00;0,00;0,00;0,00;0,00;0,00;0,00;0,00;0,00;0,00;0,00;0,00;0,00;0,00;0,00;0,00;0,00;100.000,00;0,00;0,00;0,00;0,00;0,00;100.000,00;0,00;0,00;0,00;0,00;0,00;0,00;100.000,00;0,00;0,00;0,00;0,00;0,00;100.000,00
1.7.1.9.58.0.1.00.00.00;Transf.Obrigatória Decorrente da Lei Complementar n° 176/2020;37.174,71;37.174,71;37.174,71;37.174,71;37.174,71;37.174,71;37.174,71;37.174,71;37.299,78;37.299,78;37.299,78;37.166,10;446.463,12;33.389,02;33.389,02;33.389,02;33.389,02;33.389,02;33.389,02;33.389,02;33.389,02;33.389,02;33.389,02;33.389,02;33.389,02;400.668,24;-3.785,69;-3.785,69;-3.785,69;-3.785,69;-3.785,69;-3.785,69;-3.785,69;-3.785,69;-3.910,76;-3.910,76;-3.910,76;-3.777,08;-45.794,88
1.7.2.1.50.0.1.00.00.00;Cota-Parte do ICMS;3.751.944,11;2.609.744,49;3.016.598,48;3.479.498,92;3.816.759,98;3.201.658,21;3.234.377,28;4.139.259,80;3.512.279,39;4.064.552,40;3.305.546,81;3.947.758,97;42.079.978,84;3.970.909,24;3.198.762,08;3.603.444,95;4.235.283,58;3.563.131,71;3.552.430,16;4.958.176,02;3.911.682,85;3.512.785,66;4.944.828,59;4.232.218,24;4.860.173,15;48.543.826,23;218.965,13;589.017,59;586.846,47;755.784,66;-253.628,27;350.771,95;1.723.798,74;-227.576,95;506,27;880.276,19;926.671,43;912.414,18;6.463.847,39
1.7.2.1.50.0.1.00.00.00;Cota-Parte do ICMS;3.751.944,11;2.609.744,49;3.016.598,48;3.479.498,92;3.816.759,98;3.201.658,21;3.234.377,28;4.139.259,80;3.512.279,39;4.064.552,40;3.305.546,81;3.947.758,97;42.079.978,84;3.970.909,24;3.198.762,08;3.603.444,95;4.235.283,58;3.563.131,71;3.552.430,16;4.958.176,02;3.911.682,85;3.512.785,66;4.944.828,59;4.232.218,24;4.860.173,15;48.543.826,23;218.965,13;589.017,59;586.846,47;755.784,66;-253.628,27;350.771,95;1.723.798,74;-227.576,95;506,27;880.276,19;926.671,43;912.414,18;6.463.847,39
1.7.2.1.51.0.1.00.00.00;Cota-Parte do IPVA;2.319.579,84;1.824.903,63;8.122.572,74;3.746.933,51;3.653.745,20;1.136.213,37;885.959,00;887.949,95;800.346,79;659.520,67;475.750,80;424.602,33;24.938.077,83;11.162.943,27;4.292.475,71;3.986.613,42;1.454.156,71;1.028.982,15;751.055,25;698.127,84;619.162,04;652.335,49;607.009,35;421.075,33;393.485,17;26.067.421,73;8.843.363,43;2.467.572,08;-4.135.959,32;-2.292.776,80;-2.624.763,05;-385.158,12;-187.831,16;-268.787,91;-148.011,30;-52.511,32;-54.675,47;-31.117,16;1.129.343,90
1.7.2.1.51.0.1.00.00.00;Cota-Parte do IPVA;2.319.579,84;1.824.903,63;8.122.572,74;3.746.933,51;3.653.745,20;1.136.213,37;885.959,00;887.949,95;800.346,79;659.520,67;475.750,80;424.602,33;24.938.077,83;11.162.943,27;4.292.475,71;3.986.613,42;1.454.156,71;1.028.982,15;751.055,25;698.127,84;619.162,04;652.335,49;607.009,35;421.075,33;393.485,17;26.067.421,73;8.843.363,43;2.467.572,08;-4.135.959,32;-2.292.776,80;-2.624.763,05;-385.158,12;-187.831,16;-268.787,91;-148.011,30;-52.511,32;-54.675,47;-31.117,16;1.129.343,90
1.7.2.1.52.0.1.00.00.00;Cota-Parte do IPI-Municípios;41.624,70;29.705,65;36.808,82;39.453,08;35.390,85;43.887,87;39.876,18;35.488,15;46.245,16;51.518,70;42.183,53;45.919,77;488.102,46;39.285,15;40.858,19;48.000,91;41.504,07;43.684,42;54.892,47;48.870,91;66.138,68;72.197,05;49.044,55;54.465,56;59.955,85;618.897,81;-2.339,55;11.152,54;11.192,09;2.050,99;8.293,57;11.004,60;8.994,73;30.650,53;25.951,89;-2.474,15;12.282,03;14.036,08;130.795,35
1.7.2.1.52.0.1.00.00.00;Cota-Parte do IPI-Municípios;41.624,70;29.705,65;36.808,82;39.453,08;35.390,85;43.887,87;39.876,18;35.488,15;46.245,16;51.518,70;42.183,53;45.919,77;488.102,46;39.285,15;40.858,19;48.000,91;41.504,07;43.684,42;54.892,47;48.870,91;66.138,68;72.197,05;49.044,55;54.465,56;59.955,85;618.897,81;-2.339,55;11.152,54;11.192,09;2.050,99;8.293,57;11.004,60;8.994,73;30.650,53;25.951,89;-2.474,15;12.282,03;14.036,08;130.795,35
1.7.2.1.53.0.1.00.00.00;Cota-Parte CIDE-Contrib.Intervenção no Domínio Econômico;8.814,69;0,00;0,00;0,00;0,00;0,00;0,00;0,00;0,00;262.870,57;0,00;0,00;271.685,26;29.474,97;0,00;0,00;27.833,12;0,00;0,00;27.004,40;0,00;0,00;44.849,73;0,00;0,00;129.162,22;20.660,28;0,00;0,00;27.833,12;0,00;0,00;27.004,40;0,00;0,00;-218.020,84;0,00;0,00;-142.523,04
1.7.2.1.53.0.1.00.00.00;Cota-Parte CIDE-Contrib.Intervenção no Domínio Econômico;8.814,69;0,00;0,00;0,00;0,00;0,00;0,00;0,00;0,00;262.870,57;0,00;0,00;271.685,26;29.474,97;0,00;0,00;27.833,12;0,00;0,00;27.004,40;0,00;0,00;44.849,73;0,00;0,00;129.162,22;20.660,28;0,00;0,00;27.833,12;0,00;0,00;27.004,40;0,00;0,00;-218.020,84;0,00;0,00;-142.523,04
1.7.2.3.50.0.1.02.00.00;Res. SES 6641/2019 - (PIPA) Programa de Intervenção Precoce Avançada;0,00;0,00;132.514,74;0,00;0,00;0,00;147.574,73;0,00;0,00;0,00;147.574,69;0,00;427.664,16;0,00;0,00;0,00;0,00;0,00;0,00;0,00;0,00;0,00;0,00;0,00;0,00;0,00;0,00;0,00;-132.514,74;0,00;0,00;0,00;-147.574,73;0,00;0,00;0,00;-147.574,69;0,00;-427.664,16
1.7.2.3.50.0.1.09.00.00;Res. SES 9326/2024- 9323/2024-8005/2022 - POEPS;0,00;0,00;0,00;56.103,23;0,00;0,00;72.391,27;0,00;0,00;0,00;249.740,63;0,00;378.235,13;0,00;0,00;87.577,45;0,00;81.319,71;0,00;0,00;0,00;0,00;73.681,54;0,00;45.681,54;288.260,24;0,00;0,00;87.577,45;-56.103,23;81.319,71;0,00;-72.391,27;0,00;0,00;73.681,54;-249.740,63;45.681,54;-89.974,89
1.7.2.3.50.0.1.10.00.00;Res. SES 9340/7988/8611 - CBAF - Componente Básico da Assistência Farmacêutica;0,00;0,00;96.139,70;0,00;96.139,70;0,00;0,00;0,00;96.139,70;0,00;96.139,70;96.139,68;480.698,48;0,00;0,00;76.666,43;0,00;76.666,43;0,00;76.666,43;0,00;76.666,43;0,00;153.332,86;0,00;459.998,58;0,00;0,00;-19.473,27;0,00;-19.473,27;0,00;76.666,43;0,00;-19.473,27;0,00;57.193,16;-96.139,68;-20.699,90
1.7.2.3.50.0.1.10.00.00;Res. SES 9340/7988/8611 - CBAF - Componente Básico da Assistência Farmacêutica;0,00;0,00;96.139,70;0,00;96.139,70;0,00;0,00;0,00;96.139,70;0,00;96.139,70;96.139,68;480.698,48;0,00;0,00;76.666,43;0,00;76.666,43;0,00;76.666,43;0,00;76.666,43;0,00;153.332,86;0,00;459.998,58;0,00;0,00;-19.473,27;0,00;-19.473,27;0,00;76.666,43;0,00;-19.473,27;0,00;57.193,16;-96.139,68;-20.699,90
1.7.2.3.50.0.1.11.00.00;Res. SES 7153/2020 - Vigilância em Saúde;821.809,40;768.703,87;32.445,24;0,00;0,00;0,00;0,00;0,00;0,00;0,00;0,00;0,00;1.622.958,51;0,00;0,00;0,00;0,00;0,00;0,00;0,00;0,00;0,00;0,00;0,00;0,00;0,00;-821.809,40;-768.703,87;-32.445,24;0,00;0,00;0,00;0,00;0,00;0,00;0,00;0,00;0,00;-1.622.958,51
1.7.2.3.50.0.1.13.00.00;Res. SES 8018/2022 - Triagem Auditiva Neonatal;0,00;0,00;0,00;0,00;0,00;0,00;46.985,14;0,00;0,00;0,00;0,00;0,00;46.985,14;0,00;0,00;0,00;0,00;0,00;0,00;0,00;0,00;0,00;0,00;0,00;0,00;0,00;0,00;0,00;0,00;0,00;0,00;0,00;-46.985,14;0,00;0,00;0,00;0,00;0,00;-46.985,14
1.7.2.3.50.0.1.18.00.00;Res. SES 7775/8258 - Inc. Fin. Compl. Proced. Cirurgicos;0,00;0,00;400.968,35;0,00;200.484,17;0,00;0,00;200.484,17;0,00;0,00;200.484,18;0,00;1.002.420,87;0,00;0,00;0,00;0,00;0,00;0,00;0,00;0,00;0,00;0,00;0,00;0,00;0,00;0,00;0,00;-400.968,35;0,00;-200.484,17;0,00;0,00;-200.484,17;0,00;0,00;-200.484,18;0,00;-1.002.420,87
1.7.2.3.50.0.1.20.00.00;Res. SES 8106/2022 - Custeio de Serviços Residenciais Terapêuticos;0,00;0,00;0,00;0,00;608.000,00;0,00;0,00;0,00;608.000,00;0,00;608.000,00;0,00;1.824.000,00;0,00;0,00;0,00;0,00;0,00;0,00;0,00;0,00;0,00;0,00;0,00;0,00;0,00;0,00;0,00;0,00;0,00;-608.000,00;0,00;0,00;0,00;-608.000,00;0,00;-608.000,00;0,00;-1.824.000,00
1.7.2.3.50.0.1.25.00.00;Res. SES 8461/2022 - Custeio Vigilância Epidemiológica;258.761,14;0,00;0,00;0,00;0,00;0,00;0,00;0,00;0,00;0,00;0,00;0,00;258.761,14;0,00;0,00;0,00;0,00;0,00;0,00;0,00;0,00;0,00;0,00;0,00;0,00;0,00;-258.761,14;0,00;0,00;0,00;0,00;0,00;0,00;0,00;0,00;0,00;0,00;0,00;-258.761,14
1.7.2.3.50.0.1.26.00.00;Res. SES 8589/7925 - Valora Minas;0,00;3.362.206,20;148.913,06;0,00;3.365.490,24;0,00;0,00;0,00;6.046.022,64;0,00;0,00;0,00;12.922.632,14;0,00;0,00;0,00;0,00;0,00;0,00;0,00;0,00;579.105,39;0,00;0,00;0,00;579.105,39;0,00;-3.362.206,20;-148.913,06;0,00;-3.365.490,24;0,00;0,00;0,00;-5.466.917,25;0,00;0,00;0,00;-12.343.526,75
1.7.2.3.50.0.1.27.00.00;Res. SES 8500 - Módulo Eletivas Valora Minas;0,00;541.225,24;0,00;0,00;0,00;0,00;482.000,89;0,00;654.581,48;0,00;0,00;654.581,48;2.332.389,09;0,00;0,00;0,00;0,00;0,00;0,00;0,00;0,00;0,00;0,00;0,00;0,00;0,00;0,00;-541.225,24;0,00;0,00;0,00;0,00;-482.000,89;0,00;-654.581,48;0,00;0,00;-654.581,48;-2.332.389,09
1.7.2.3.50.0.1.28.00.00;Res. 8596/2023 - Valora Minas AVC;0,00;0,00;19.586,05;0,00;0,00;0,00;0,00;0,00;19.586,05;0,00;0,00;0,00;39.172,10;0,00;0,00;0,00;0,00;0,00;0,00;0,00;0,00;0,00;0,00;0,00;0,00;0,00;0,00;0,00;-19.586,05;0,00;0,00;0,00;0,00;0,00;-19.586,05;0,00;0,00;0,00;-39.172,10
1.7.2.3.50.0.1.30.00.00;Res. SES 6680/2019 - Apoio e Fort. RAPS - Cofinanciam. RAPS;0,00;0,00;342.598,55;4.799,17;523.115,36;612.823,37;617.951,59;0,00;0,00;185.701,82;0,00;602.391,21;2.889.381,07;0,00;0,00;0,00;0,00;0,00;0,00;0,00;0,00;0,00;0,00;0,00;0,00;0,00;0,00;0,00;-342.598,55;-4.799,17;-523.115,36;-612.823,37;-617.951,59;0,00;0,00;-185.701,82;0,00;-602.391,21;-2.889.381,07
1.7.2.3.50.0.1.32.00.00;Res. SES 8632/2023 - Saude Mental;0,00;0,00;0,00;0,00;47.817,14;0,00;0,00;0,00;47.817,14;0,00;47.817,15;0,00;143.451,43;0,00;0,00;0,00;0,00;0,00;0,00;0,00;0,00;0,00;0,00;0,00;0,00;0,00;0,00;0,00;0,00;0,00;-47.817,14;0,00;0,00;0,00;-47.817,14;0,00;-47.817,15;0,00;-143.451,43
1.7.2.3.50.0.1.33.00.00;Res. SES 8641/2023 Inc Finan Assit Farm;0,00;0,00;0,00;0,00;422.291,65;0,00;102.916,42;97.809,50;0,00;0,00;47.692,94;0,00;670.710,51;0,00;0,00;0,00;0,00;0,00;0,00;0,00;0,00;0,00;0,00;0,00;0,00;0,00;0,00;0,00;0,00;0,00;-422.291,65;0,00;-102.916,42;-97.809,50;0,00;0,00;-47.692,94;0,00;-670.710,51
1.7.2.3.50.0.1.34.00.00;Res 8660/2023 Altera 8626/23 - Financ Aten Prima - FES Abril;0,00;0,00;0,00;0,00;198.911,57;0,00;0,00;198.911,57;0,00;0,00;198.911,57;0,00;596.734,71;0,00;0,00;0,00;0,00;0,00;0,00;0,00;0,00;0,00;0,00;0,00;0,00;0,00;0,00;0,00;0,00;0,00;-198.911,57;0,00;0,00;-198.911,57;0,00;0,00;-198.911,57;0,00;-596.734,71
1.7.2.3.50.0.1.35.00.00;Res 8652/2023 - Descentralização do Comp Especial Assitencia Farmaceutica;0,00;0,00;0,00;69.566,18;0,00;0,00;0,00;61.133,28;0,00;0,00;0,00;73.449,36;204.148,82;0,00;0,00;0,00;122.014,26;0,00;0,00;0,00;0,00;0,00;0,00;0,00;0,00;122.014,26;0,00;0,00;0,00;52.448,08;0,00;0,00;0,00;-61.133,28;0,00;0,00;0,00;-73.449,36;-82.134,56
1.7.2.3.50.0.1.36.00.00;Res. SES 8617/2023 - Incentivo Financeiro LGBT/APS;0,00;0,00;0,00;0,00;21.428,57;0,00;0,00;0,00;21.428,57;0,00;0,00;0,00;42.857,14;0,00;0,00;0,00;0,00;0,00;0,00;0,00;0,00;0,00;0,00;0,00;0,00;0,00;0,00;0,00;0,00;0,00;-21.428,57;0,00;0,00;0,00;-21.428,57;0,00;0,00;0,00;-42.857,14
1.7.2.3.50.0.1.37.00.00;Res. SES 8633/2023 - Custeio CAPS;0,00;0,00;0,00;0,00;0,00;202.298,51;0,00;0,00;202.298,51;0,00;202.298,52;0,00;606.895,54;0,00;0,00;0,00;0,00;0,00;0,00;0,00;0,00;0,00;0,00;0,00;0,00;0,00;0,00;0,00;0,00;0,00;0,00;-202.298,51;0,00;0,00;-202.298,51;0,00;-202.298,52;0,00;-606.895,54
1.7.2.3.50.0.1.40.00.00;Res SES 8745/2023;0,00;0,00;0,00;0,00;0,00;0,00;523.182,86;0,00;0,00;0,00;0,00;0,00;523.182,86;0,00;0,00;0,00;0,00;0,00;0,00;0,00;0,00;0,00;0,00;0,00;0,00;0,00;0,00;0,00;0,00;0,00;0,00;0,00;-523.182,86;0,00;0,00;0,00;0,00;0,00;-523.182,86
1.7.2.3.50.0.1.42.00.00;Res. SES 9320/2024 - Serviços de Atenção Domiciliar;0,00;0,00;0,00;0,00;0,00;0,00;0,00;0,00;0,00;0,00;0,00;0,00;0,00;0,00;0,00;78.000,00;0,00;0,00;0,00;0,00;0,00;0,00;0,00;0,00;0,00;78.000,00;0,00;0,00;78.000,00;0,00;0,00;0,00;0,00;0,00;0,00;0,00;0,00;0,00;78.000,00
1.7.2.3.50.0.1.44.00.00;Res. SES 9337/2024 - FINANCIAMENTODA ATENÇÃO PRIMÁRIA À SAÚDE;0,00;0,00;0,00;0,00;0,00;0,00;0,00;0,00;0,00;0,00;0,00;0,00;0,00;0,00;0,00;0,00;484.521,83;0,00;0,00;348.095,25;0,00;0,00;0,00;0,00;0,00;832.617,08;0,00;0,00;0,00;484.521,83;0,00;0,00;348.095,25;0,00;0,00;0,00;0,00;0,00;832.617,08
1.7.2.3.50.0.1.45.00.00;Res. SES 9377/2024 - Cuidado com Pessoas com Deficiencia;0,00;0,00;0,00;0,00;0,00;0,00;0,00;0,00;0,00;0,00;0,00;0,00;0,00;0,00;0,00;0,00;198.321,33;0,00;0,00;0,00;0,00;0,00;0,00;0,00;0,00;198.321,33;0,00;0,00;0,00;198.321,33;0,00;0,00;0,00;0,00;0,00;0,00;0,00;0,00;198.321,33
1.7.2.3.50.0.1.47.00.00;Res. SES 9435/2024 Doenças Arboviroticas;0,00;0,00;0,00;0,00;0,00;0,00;0,00;0,00;0,00;0,00;0,00;0,00;0,00;0,00;0,00;0,00;0,00;175.443,80;0,00;0,00;0,00;0,00;0,00;0,00;0,00;175.443,80;0,00;0,00;0,00;0,00;175.443,80;0,00;0,00;0,00;0,00;0,00;0,00;0,00;175.443,80
1.7.2.3.50.0.1.49.00.00;Res SES 8431/2022 - Custeio Academia da Saude;0,00;0,00;0,00;0,00;0,00;0,00;0,00;0,00;0,00;0,00;0,00;0,00;0,00;0,00;0,00;0,00;0,00;1.440.000,00;0,00;0,00;0,00;0,00;0,00;0,00;0,00;1.440.000,00;0,00;0,00;0,00;0,00;1.440.000,00;0,00;0,00;0,00;0,00;0,00;0,00;0,00;1.440.000,00
1.7.2.3.50.0.1.50.00.00;Res SES 5843/2017 - Extrapolamento das Internações MAC;0,00;0,00;0,00;0,00;0,00;0,00;0,00;0,00;0,00;0,00;0,00;0,00;0,00;0,00;0,00;0,00;0,00;28.520,64;0,00;0,00;0,00;0,00;0,00;0,00;0,00;28.520,64;0,00;0,00;0,00;0,00;28.520,64;0,00;0,00;0,00;0,00;0,00;0,00;0,00;28.520,64
1.7.2.3.50.0.1.53.00.00;Res. SES 9409/2024 Custeio Serviços Residências Terapêuticas - SRT;0,00;0,00;0,00;0,00;0,00;0,00;0,00;0,00;0,00;0,00;0,00;0,00;0,00;0,00;0,00;0,00;0,00;0,00;576.000,00;0,00;576.000,00;0,00;0,00;576.000,00;0,00;1.728.000,00;0,00;0,00;0,00;0,00;0,00;576.000,00;0,00;576.000,00;0,00;0,00;576.000,00;0,00;1.728.000,00
1.7.2.3.50.0.1.54.00.00;Res. SES 9531/2024 - Banco de Leite;0,00;0,00;0,00;0,00;0,00;0,00;0,00;0,00;0,00;0,00;0,00;0,00;0,00;0,00;0,00;0,00;0,00;0,00;6.200,00;0,00;0,00;0,00;0,00;0,00;0,00;6.200,00;0,00;0,00;0,00;0,00;0,00;6.200,00;0,00;0,00;0,00;0,00;0,00;0,00;6.200,00
1.7.2.3.50.0.1.56.00.00;Res. SES. 9508/2024 Emenda Individual Reforço Custeio Ações e Serv. Saúde;0,00;0,00;0,00;0,00;0,00;0,00;0,00;0,00;0,00;0,00;0,00;0,00;0,00;0,00;0,00;0,00;0,00;0,00;3.160.000,00;0,00;0,00;0,00;0,00;0,00;0,00;3.160.000,00;0,00;0,00;0,00;0,00;0,00;3.160.000,00;0,00;0,00;0,00;0,00;0,00;0,00;3.160.000,00
1.7.2.3.50.0.1.57.00.00;Res. SES 9517/2024 Emenda Individual Reforço Custeio;0,00;0,00;0,00;0,00;0,00;0,00;0,00;0,00;0,00;0,00;0,00;0,00;0,00;0,00;0,00;0,00;0,00;0,00;380.000,00;0,00;0,00;0,00;0,00;0,00;0,00;380.000,00;0,00;0,00;0,00;0,00;0,00;380.000,00;0,00;0,00;0,00;0,00;0,00;0,00;380.000,00
1.7.2.3.50.0.1.58.00.00;Res. SES 9528/ alterada 9618/2024 - Vigilancia Ambiental;0,00;0,00;0,00;0,00;0,00;0,00;0,00;0,00;0,00;0,00;0,00;0,00;0,00;0,00;0,00;0,00;0,00;0,00;0,00;72.635,77;0,00;0,00;0,00;0,00;0,00;72.635,77;0,00;0,00;0,00;0,00;0,00;0,00;72.635,77;0,00;0,00;0,00;0,00;0,00;72.635,77
1.7.2.3.50.0.1.60.00.00;Res. SES 9460/2024 - PIPA;0,00;0,00;0,00;0,00;0,00;0,00;0,00;0,00;0,00;0,00;0,00;0,00;0,00;0,00;0,00;0,00;0,00;0,00;0,00;8.000,00;0,00;8.000,00;0,00;0,00;0,00;16.000,00;0,00;0,00;0,00;0,00;0,00;0,00;8.000,00;0,00;8.000,00;0,00;0,00;0,00;16.000,00
1.7.2.3.50.0.1.61.00.00;Res. SES 9581/2024 Utilização de Drones;0,00;0,00;0,00;0,00;0,00;0,00;0,00;0,00;0,00;0,00;0,00;0,00;0,00;0,00;0,00;0,00;0,00;0,00;0,00;0,00;262,02;0,00;0,00;0,00;0,00;262,02;0,00;0,00;0,00;0,00;0,00;0,00;0,00;262,02;0,00;0,00;0,00;0,00;262,02
1.7.2.3.50.0.1.62.00.00;Res.SES 9468/2024 - Emergência AVC;0,00;0,00;0,00;0,00;0,00;0,00;0,00;0,00;0,00;0,00;0,00;0,00;0,00;0,00;0,00;0,00;0,00;0,00;0,00;40.000,00;0,00;0,00;0,00;0,00;0,00;40.000,00;0,00;0,00;0,00;0,00;0,00;0,00;40.000,00;0,00;0,00;0,00;0,00;0,00;40.000,00
1.7.2.3.50.0.1.63.00.00;Res. SES 5508/2016 - PRO HOSP;0,00;0,00;0,00;0,00;0,00;0,00;0,00;0,00;0,00;0,00;0,00;0,00;0,00;0,00;0,00;0,00;0,00;0,00;0,00;861.320,17;0,00;0,00;0,00;0,00;0,00;861.320,17;0,00;0,00;0,00;0,00;0,00;0,00;861.320,17;0,00;0,00;0,00;0,00;0,00;861.320,17
1.7.2.3.50.0.1.64.00.00;Res. SES 6134/2018 - PRO HOSP;0,00;0,00;0,00;0,00;0,00;0,00;0,00;0,00;0,00;0,00;0,00;0,00;0,00;0,00;0,00;0,00;0,00;0,00;0,00;1.140.804,06;0,00;0,00;0,00;0,00;0,00;1.140.804,06;0,00;0,00;0,00;0,00;0,00;0,00;1.140.804,06;0,00;0,00;0,00;0,00;0,00;1.140.804,06
1.7.2.3.50.0.1.67.00.00;Res. SES 9649/2024 - Incentivo a Ações de Imunização;0,00;0,00;0,00;0,00;0,00;0,00;0,00;0,00;0,00;0,00;0,00;0,00;0,00;0,00;0,00;0,00;0,00;0,00;0,00;0,00;0,00;273.400,48;0,00;0,00;0,00;273.400,48;0,00;0,00;0,00;0,00;0,00;0,00;0,00;0,00;273.400,48;0,00;0,00;0,00;273.400,48
1.7.2.3.50.0.1.68.00.00;Res. SES 9676/2024 Rede de Oncologia;0,00;0,00;0,00;0,00;0,00;0,00;0,00;0,00;0,00;0,00;0,00;0,00;0,00;0,00;0,00;0,00;0,00;0,00;0,00;0,00;0,00;86.987,82;0,00;0,00;0,00;86.987,82;0,00;0,00;0,00;0,00;0,00;0,00;0,00;0,00;86.987,82;0,00;0,00;0,00;86.987,82
1.7.2.3.50.0.1.70.00.00;Res. SES 9521/2024 -  Triagem Auditiva Neonatal (TAN);0,00;0,00;0,00;0,00;0,00;0,00;0,00;0,00;0,00;0,00;0,00;0,00;0,00;0,00;0,00;0,00;0,00;0,00;0,00;0,00;0,00;18.805,33;0,00;0,00;0,00;18.805,33;0,00;0,00;0,00;0,00;0,00;0,00;0,00;0,00;18.805,33;0,00;0,00;0,00;18.805,33
1.7.2.3.50.0.1.73.00.00;Res. SES 9635/2024 - FINANCIAMENTO ATENC. PRIMARIA;0,00;0,00;0,00;0,00;0,00;0,00;0,00;0,00;0,00;0,00;0,00;0,00;0,00;0,00;0,00;0,00;0,00;0,00;0,00;0,00;0,00;0,00;412.158,99;0,00;0,00;412.158,99;0,00;0,00;0,00;0,00;0,00;0,00;0,00;0,00;0,00;412.158,99;0,00;0,00;412.158,99
1.7.2.3.50.0.1.74.00.00;Res. SES 8252/2024 - Clinica Cirúrgica Eletiva;0,00;0,00;0,00;0,00;0,00;0,00;0,00;0,00;0,00;0,00;0,00;0,00;0,00;0,00;0,00;0,00;0,00;0,00;0,00;0,00;0,00;0,00;120.012,92;0,00;0,00;120.012,92;0,00;0,00;0,00;0,00;0,00;0,00;0,00;0,00;0,00;120.012,92;0,00;0,00;120.012,92
1.7.2.3.50.0.1.75.00.00;Res. SES 8229/2022 - Encontro de contas MAC;0,00;0,00;0,00;0,00;0,00;0,00;0,00;0,00;0,00;0,00;0,00;0,00;0,00;0,00;0,00;0,00;0,00;0,00;0,00;0,00;0,00;0,00;5.662.122,04;0,00;0,00;5.662.122,04;0,00;0,00;0,00;0,00;0,00;0,00;0,00;0,00;0,00;5.662.122,04;0,00;0,00;5.662.122,04
1.7.2.3.50.0.1.77.00.00;Res. SES 9783/2024 - Cirurgias Eletivas AC Valora Minas;0,00;0,00;0,00;0,00;0,00;0,00;0,00;0,00;0,00;0,00;0,00;0,00;0,00;0,00;0,00;0,00;0,00;0,00;0,00;0,00;0,00;0,00;0,00;70.019,22;0,00;70.019,22;0,00;0,00;0,00;0,00;0,00;0,00;0,00;0,00;0,00;0,00;70.019,22;0,00;70.019,22
1.7.2.3.50.0.1.78.00.00;Res SES 9784/2024 - Prod. Cirurgias Eletivas MAC;0,00;0,00;0,00;0,00;0,00;0,00;0,00;0,00;0,00;0,00;0,00;0,00;0,00;0,00;0,00;0,00;0,00;0,00;0,00;0,00;0,00;0,00;0,00;74.694,77;0,00;74.694,77;0,00;0,00;0,00;0,00;0,00;0,00;0,00;0,00;0,00;0,00;74.694,77;0,00;74.694,77
1.7.2.3.50.0.1.79.00.00;Res SES 9782/2024 - Encont Contas Cardiologia;0,00;0,00;0,00;0,00;0,00;0,00;0,00;0,00;0,00;0,00;0,00;0,00;0,00;0,00;0,00;0,00;0,00;0,00;0,00;0,00;0,00;0,00;0,00;1.545.394,22;0,00;1.545.394,22;0,00;0,00;0,00;0,00;0,00;0,00;0,00;0,00;0,00;0,00;1.545.394,22;0,00;1.545.394,22
1.7.2.3.50.0.1.81.00.00;Res. SES 9786/2024 - Enfrentamento ao Câncer;0,00;0,00;0,00;0,00;0,00;0,00;0,00;0,00;0,00;0,00;0,00;0,00;0,00;0,00;0,00;0,00;0,00;0,00;0,00;0,00;0,00;0,00;0,00;0,00;183.000,00;183.000,00;0,00;0,00;0,00;0,00;0,00;0,00;0,00;0,00;0,00;0,00;0,00;183.000,00;183.000,00
1.7.2.3.50.0.1.82.00.00;REs SES 7550/2021 - Cred. Serv. Atenção Especializada;0,00;0,00;0,00;0,00;0,00;0,00;0,00;0,00;0,00;0,00;0,00;0,00;0,00;0,00;0,00;0,00;0,00;0,00;0,00;0,00;0,00;0,00;0,00;0,00;49.325,97;49.325,97;0,00;0,00;0,00;0,00;0,00;0,00;0,00;0,00;0,00;0,00;0,00;49.325,97;49.325,97
1.7.2.3.50.0.1.83.00.00;Res. SES 9776/2024 - Cofinanciamento de Exames;0,00;0,00;0,00;0,00;0,00;0,00;0,00;0,00;0,00;0,00;0,00;0,00;0,00;0,00;0,00;0,00;0,00;0,00;0,00;0,00;0,00;0,00;0,00;0,00;5.410,00;5.410,00;0,00;0,00;0,00;0,00;0,00;0,00;0,00;0,00;0,00;0,00;0,00;5.410,00;5.410,00
1.7.2.3.50.0.1.84.00.00;Res. SES 98601/2024 - Opera Mais;0,00;0,00;0,00;0,00;0,00;0,00;0,00;0,00;0,00;0,00;0,00;0,00;0,00;0,00;0,00;0,00;0,00;0,00;0,00;0,00;0,00;0,00;0,00;0,00;1.315.525,34;1.315.525,34;0,00;0,00;0,00;0,00;0,00;0,00;0,00;0,00;0,00;0,00;0,00;1.315.525,34;1.315.525,34
1.7.2.3.50.0.1.85.00.00;Res.SES 9804/2024 - Investimento Aquisição de Veículo;0,00;0,00;0,00;0,00;0,00;0,00;0,00;0,00;0,00;0,00;0,00;0,00;0,00;0,00;0,00;0,00;0,00;0,00;0,00;0,00;0,00;0,00;0,00;0,00;167.906,00;167.906,00;0,00;0,00;0,00;0,00;0,00;0,00;0,00;0,00;0,00;0,00;0,00;167.906,00;167.906,00
1.7.2.3.50.0.1.86.00.00;Res.SES 9841/2024 - Vigilância Sanitária;0,00;0,00;0,00;0,00;0,00;0,00;0,00;0,00;0,00;0,00;0,00;0,00;0,00;0,00;0,00;0,00;0,00;0,00;0,00;0,00;0,00;0,00;0,00;0,00;100.000,00;100.000,00;0,00;0,00;0,00;0,00;0,00;0,00;0,00;0,00;0,00;0,00;0,00;100.000,00;100.000,00
1.7.2.3.50.0.1.87.00.00;Res. SES 9831/2024 - Emenda Parlam Individual Custeio;0,00;0,00;0,00;0,00;0,00;0,00;0,00;0,00;0,00;0,00;0,00;0,00;0,00;0,00;0,00;0,00;0,00;0,00;0,00;0,00;0,00;0,00;0,00;0,00;160.000,00;160.000,00;0,00;0,00;0,00;0,00;0,00;0,00;0,00;0,00;0,00;0,00;0,00;160.000,00;160.000,00
1.7.2.3.50.0.1.88.00.00;Res SES 9725/2024 Incet. Finan. Saúde Trabalhador;0,00;0,00;0,00;0,00;0,00;0,00;0,00;0,00;0,00;0,00;0,00;0,00;0,00;0,00;0,00;0,00;0,00;0,00;0,00;0,00;0,00;0,00;0,00;0,00;177.653,63;177.653,63;0,00;0,00;0,00;0,00;0,00;0,00;0,00;0,00;0,00;0,00;0,00;177.653,63;177.653,63
1.7.2.3.50.0.1.89.00.00;Res SES 9844/2024 - Rede CPD - APAE;0,00;0,00;0,00;0,00;0,00;0,00;0,00;0,00;0,00;0,00;0,00;0,00;0,00;0,00;0,00;0,00;0,00;0,00;0,00;0,00;0,00;0,00;0,00;0,00;726.945,66;726.945,66;0,00;0,00;0,00;0,00;0,00;0,00;0,00;0,00;0,00;0,00;0,00;726.945,66;726.945,66
1.7.2.3.50.0.1.90.00.00;Res. SES 9842/2024 - Fantasia Zé Gotinha;0,00;0,00;0,00;0,00;0,00;0,00;0,00;0,00;0,00;0,00;0,00;0,00;0,00;0,00;0,00;0,00;0,00;0,00;0,00;0,00;0,00;0,00;0,00;0,00;7.000,00;7.000,00;0,00;0,00;0,00;0,00;0,00;0,00;0,00;0,00;0,00;0,00;0,00;7.000,00;7.000,00
1.7.2.4.99.0.1.01.00.00;Outras Transf. Convênio n° 1271000336/2024 - Cantando a Vida;0,00;0,00;0,00;0,00;0,00;0,00;0,00;0,00;0,00;0,00;0,00;0,00;0,00;0,00;0,00;0,00;0,00;520.000,00;0,00;0,00;0,00;0,00;0,00;0,00;0,00;520.000,00;0,00;0,00;0,00;0,00;520.000,00;0,00;0,00;0,00;0,00;0,00;0,00;0,00;520.000,00
1.7.2.9.51.0.1.01.00.00;Piso Mineiro Fixo;74.736,38;0,00;83.528,94;41.764,47;41.764,47;41.764,47;41.764,47;41.764,47;41.764,47;41.764,47;41.764,47;83.528,92;575.910,00;0,00;0,00;0,00;0,00;147.868,80;36.967,20;107.761,92;48.766,32;48.766,32;48.766,32;48.766,32;97.532,64;585.195,84;-74.736,38;0,00;-83.528,94;-41.764,47;106.104,33;-4.797,27;65.997,45;7.001,85;7.001,85;7.001,85;7.001,85;14.003,72;9.285,84
1.7.2.9.51.0.1.01.00.00;Piso Mineiro Fixo;74.736,38;0,00;83.528,94;41.764,47;41.764,47;41.764,47;41.764,47;41.764,47;41.764,47;41.764,47;41.764,47;83.528,92;575.910,00;0,00;0,00;0,00;0,00;147.868,80;36.967,20;107.761,92;48.766,32;48.766,32;48.766,32;48.766,32;97.532,64;585.195,84;-74.736,38;0,00;-83.528,94;-41.764,47;106.104,33;-4.797,27;65.997,45;7.001,85;7.001,85;7.001,85;7.001,85;14.003,72;9.285,84
1.7.2.9.51.0.1.02.00.00;PPCAAM/MG - Proteção a Criança e Adolescente Ameaçado de Morte;0,00;0,00;0,00;0,00;0,00;0,00;0,00;0,00;0,00;0,00;0,00;0,00;0,00;0,00;0,00;0,00;0,00;0,00;3.000,00;3.000,00;3.000,00;3.000,00;3.000,00;3.000,00;6.000,00;24.000,00;0,00;0,00;0,00;0,00;0,00;3.000,00;3.000,00;3.000,00;3.000,00;3.000,00;3.000,00;6.000,00;24.000,00
1.7.2.9.52.0.1.01.00.00;Transferências de Recursos Destinados a Programas de Educação;0,00;0,00;0,00;0,00;0,00;0,00;0,00;19.424,75;0,00;0,00;0,00;0,00;19.424,75;0,00;0,00;0,00;0,00;0,00;0,00;0,00;0,00;0,00;0,00;0,00;0,00;0,00;0,00;0,00;0,00;0,00;0,00;0,00;0,00;-19.424,75;0,00;0,00;0,00;0,00;-19.424,75
1.7.2.9.52.0.1.01.00.00;Transferências de Recursos Destinados a Programas de Educação;0,00;0,00;0,00;0,00;0,00;0,00;0,00;19.424,75;0,00;0,00;0,00;0,00;19.424,75;0,00;0,00;0,00;0,00;0,00;0,00;0,00;0,00;0,00;0,00;0,00;0,00;0,00;0,00;0,00;0,00;0,00;0,00;0,00;0,00;-19.424,75;0,00;0,00;0,00;0,00;-19.424,75
1.7.2.9.52.0.1.02.00.00;Transf.Rec.Est.Dest.Prog.Educação-PTE/CONVED;0,00;145.423,94;145.423,94;145.423,95;145.423,94;145.423,95;145.423,94;145.423,94;145.423,94;145.423,95;145.423,91;0,00;1.454.239,40;0,00;135.296,06;135.296,06;135.296,06;135.296,06;0,00;0,00;0,00;0,00;0,00;0,00;0,00;541.184,24;0,00;-10.127,88;-10.127,88;-10.127,89;-10.127,88;-145.423,95;-145.423,94;-145.423,94;-145.423,94;-145.423,95;-145.423,91;0,00;-913.055,16
1.7.2.9.99.0.1.02.00.00;Transf.Especial - Outras Despesas Correntes - 9418249;0,00;0,00;0,00;0,00;0,00;0,00;0,00;0,00;0,00;0,00;0,00;0,00;0,00;0,00;0,00;0,00;111.000,00;0,00;0,00;0,00;0,00;0,00;0,00;0,00;0,00;111.000,00;0,00;0,00;0,00;111.000,00;0,00;0,00;0,00;0,00;0,00;0,00;0,00;0,00;111.000,00
1.7.5.1.50.0.1.00.00.00;Transf.Rec.F.Manut.Desenv.Educ.Básica e Valoriz Profiss.Educação-FUNDEB;5.337.052,10;3.929.566,87;4.924.669,21;4.373.191,17;4.788.402,17;3.898.216,33;3.534.950,17;4.335.572,02;3.668.609,99;4.259.133,41;3.894.894,46;4.446.321,39;51.390.579,29;6.441.506,60;4.827.633,26;4.433.703,45;4.591.372,28;4.158.172,67;4.291.719,57;4.840.221,20;4.223.149,30;3.997.021,88;4.868.788,28;4.537.111,17;5.195.104,28;56.405.503,94;1.104.454,50;898.066,39;-490.965,76;218.181,11;-630.229,50;393.503,24;1.305.271,03;-112.422,72;328.411,89;609.654,87;642.216,71;748.782,89;5.014.924,65
1.7.9.1.99.0.1.01.00.00;Outras Transferências de Pessoas Físicas;95,27;161,85;322,59;292,03;315,14;2.095,50;4.364,28;30.251,68;2.325,95;2.223,65;3.010,16;4.025,65;49.483,75;1.878,78;1.447,43;1.223,60;19.992,40;66.741,02;1.130,75;115.634,46;0,00;2.261,50;1.130,75;1.130,75;72.298,49;284.869,93;1.783,51;1.285,58;901,01;19.700,37;66.425,88;-964,75;111.270,18;-30.251,68;-64,45;-1.092,90;-1.879,41;68.272,84;235.386,18
1.7.9.1.99.0.1.01.00.00;Outras Transferências de Pessoas Físicas;95,27;161,85;322,59;292,03;315,14;2.095,50;4.364,28;30.251,68;2.325,95;2.223,65;3.010,16;4.025,65;49.483,75;1.878,78;1.447,43;1.223,60;19.992,40;66.741,02;1.130,75;115.634,46;0,00;2.261,50;1.130,75;1.130,75;72.298,49;284.869,93;1.783,51;1.285,58;901,01;19.700,37;66.425,88;-964,75;111.270,18;-30.251,68;-64,45;-1.092,90;-1.879,41;68.272,84;235.386,18
1.9.1.1.01.0.1.02.00.00;Multas Previstas na Legislação de Trânsito - 70%;0,00;0,00;0,00;0,00;0,00;0,00;2,33;0,00;0,00;0,00;0,00;0,00;2,33;0,00;0,00;-234,30;0,00;0,00;0,00;0,00;0,00;0,00;0,00;0,00;0,00;-234,30;0,00;0,00;-234,30;0,00;0,00;0,00;-2,33;0,00;0,00;0,00;0,00;0,00;-236,63
1.9.1.1.01.0.1.02.00.00;Multas Previstas na Legislação de Trânsito - 70%;0,00;0,00;0,00;0,00;0,00;0,00;2,33;0,00;0,00;0,00;0,00;0,00;2,33;0,00;0,00;-234,30;0,00;0,00;0,00;0,00;0,00;0,00;0,00;0,00;0,00;-234,30;0,00;0,00;-234,30;0,00;0,00;0,00;-2,33;0,00;0,00;0,00;0,00;0,00;-236,63
1.9.1.1.01.0.1.05.00.00;Multas por Penalidade Edificações Irregulares;17.966,68;5.713,54;7.909,14;5.820,41;13.532,29;14.354,52;8.105,77;17.169,89;14.510,78;11.773,44;14.712,43;9.879,69;141.448,58;8.471,37;12.423,03;12.553,97;11.505,70;12.234,41;16.876,31;27.019,63;12.615,91;13.439,83;19.909,16;18.452,65;17.969,35;183.471,32;-9.495,31;6.709,49;4.644,83;5.685,29;-1.297,88;2.521,79;18.913,86;-4.553,98;-1.070,95;8.135,72;3.740,22;8.089,66;42.022,74
1.9.1.1.01.0.1.05.00.00;Multas por Penalidade Edificações Irregulares;17.966,68;5.713,54;7.909,14;5.820,41;13.532,29;14.354,52;8.105,77;17.169,89;14.510,78;11.773,44;14.712,43;9.879,69;141.448,58;8.471,37;12.423,03;12.553,97;11.505,70;12.234,41;16.876,31;27.019,63;12.615,91;13.439,83;19.909,16;18.452,65;17.969,35;183.471,32;-9.495,31;6.709,49;4.644,83;5.685,29;-1.297,88;2.521,79;18.913,86;-4.553,98;-1.070,95;8.135,72;3.740,22;8.089,66;42.022,74
1.9.1.1.01.0.1.07.00.00;Multas Previstas na Legislação de Trânsito;89.758,32;86.635,65;100.929,82;84.748,12;143.766,55;114.590,15;131.197,58;149.724,08;158.553,70;144.379,41;173.648,32;175.099,53;1.553.031,23;296.880,08;264.177,50;222.386,29;260.091,39;199.305,46;198.063,26;233.215,32;245.192,17;278.077,14;281.308,72;247.438,36;280.986,64;3.007.122,33;207.121,76;177.541,85;121.456,47;175.343,27;55.538,91;83.473,11;102.017,74;95.468,09;119.523,44;136.929,31;73.790,04;105.887,11;1.454.091,10
1.9.1.1.01.0.1.07.00.00;Multas Previstas na Legislação de Trânsito;89.758,32;86.635,65;100.929,82;84.748,12;143.766,55;114.590,15;131.197,58;149.724,08;158.553,70;144.379,41;173.648,32;175.099,53;1.553.031,23;296.880,08;264.177,50;222.386,29;260.091,39;199.305,46;198.063,26;233.215,32;245.192,17;278.077,14;281.308,72;247.438,36;280.986,64;3.007.122,33;207.121,76;177.541,85;121.456,47;175.343,27;55.538,91;83.473,11;102.017,74;95.468,09;119.523,44;136.929,31;73.790,04;105.887,11;1.454.091,10
1.9.1.1.01.0.2.01.00.00;Multas/Juros Mora s/Multas Prev.Legislação Especifica;155,71;155,71;0,00;0,00;71,00;379,13;3,24;58,80;11,27;177,35;908,38;100,59;2.021,18;46,69;67,51;87,59;150,19;327,81;60,99;1.044,25;480,24;2.163,16;299,53;238,28;44,35;5.010,59;-109,02;-88,20;87,59;150,19;256,81;-318,14;1.041,01;421,44;2.151,89;122,18;-670,10;-56,24;2.989,41
1.9.1.1.01.0.2.01.00.00;Multas/Juros Mora s/Multas Prev.Legislação Especifica;155,71;155,71;0,00;0,00;71,00;379,13;3,24;58,80;11,27;177,35;908,38;100,59;2.021,18;46,69;67,51;87,59;150,19;327,81;60,99;1.044,25;480,24;2.163,16;299,53;238,28;44,35;5.010,59;-109,02;-88,20;87,59;150,19;256,81;-318,14;1.041,01;421,44;2.151,89;122,18;-670,10;-56,24;2.989,41
1.9.1.1.01.0.3.01.00.00;Dívida Ativa-Multas Prev.Legislação Especifica;1.414,93;1.764,28;141,97;152,22;742,98;983,55;247,66;742,98;1.766,87;3.502,09;1.577,06;1.317,12;14.353,71;2.683,06;0,00;906,35;0,00;484,68;0,00;1.243,97;1.428,85;1.015,46;3.466,61;1.081,65;448,57;12.759,20;1.268,13;-1.764,28;764,38;-152,22;-258,30;-983,55;996,31;685,87;-751,41;-35,48;-495,41;-868,55;-1.594,51
1.9.1.1.01.0.3.01.00.00;Dívida Ativa-Multas Prev.Legislação Especifica;1.414,93;1.764,28;141,97;152,22;742,98;983,55;247,66;742,98;1.766,87;3.502,09;1.577,06;1.317,12;14.353,71;2.683,06;0,00;906,35;0,00;484,68;0,00;1.243,97;1.428,85;1.015,46;3.466,61;1.081,65;448,57;12.759,20;1.268,13;-1.764,28;764,38;-152,22;-258,30;-983,55;996,31;685,87;-751,41;-35,48;-495,41;-868,55;-1.594,51
1.9.1.1.01.0.4.01.00.00;Multas/Juros Mora Div.Ativ.s/Multas Prev.Legisl.Especifica;793,21;1.361,22;121,39;121,39;18,71;18,71;2.145,25;18,71;18,71;34,18;0,00;0,00;4.651,48;484,42;0,00;82,04;0,00;80,78;0,00;400,87;285,77;287,79;879,12;299,38;116,62;2.916,79;-308,79;-1.361,22;-39,35;-121,39;62,07;-18,71;-1.744,38;267,06;269,08;844,94;299,38;116,62;-1.734,69
1.9.1.1.01.0.4.01.00.00;Multas/Juros Mora Div.Ativ.s/Multas Prev.Legisl.Especifica;793,21;1.361,22;121,39;121,39;18,71;18,71;2.145,25;18,71;18,71;34,18;0,00;0,00;4.651,48;484,42;0,00;82,04;0,00;80,78;0,00;400,87;285,77;287,79;879,12;299,38;116,62;2.916,79;-308,79;-1.361,22;-39,35;-121,39;62,07;-18,71;-1.744,38;267,06;269,08;844,94;299,38;116,62;-1.734,69
1.9.1.1.04.0.1.00.00.00;Multas Previstas na Legislação sobre Defesa dos Direitos Difusos - Principal;0,00;0,00;0,00;0,00;0,00;0,00;0,00;0,00;0,00;0,00;0,00;0,00;0,00;0,00;0,00;0,00;0,00;0,00;0,00;6.742,69;0,00;0,00;0,00;4.692,12;0,00;11.434,81;0,00;0,00;0,00;0,00;0,00;0,00;6.742,69;0,00;0,00;0,00;4.692,12;0,00;11.434,81
1.9.1.1.06.1.1.00.00.00;Multas Administrativas por Danos Ambientais - Principal;0,00;0,00;0,00;0,00;0,00;0,00;0,00;0,00;0,00;3.417,79;957,83;973,03;5.348,65;1.401,10;1.250,00;1.250,00;0,00;2.516,53;1.250,00;1.250,00;1.250,00;0,00;0,00;0,00;0,00;10.167,63;1.401,10;1.250,00;1.250,00;0,00;2.516,53;1.250,00;1.250,00;1.250,00;0,00;-3.417,79;-957,83;-973,03;4.818,98
1.9.2.1.99.0.1.01.00.00;Indenizações por Limpeza  de lotes;211,70;211,70;211,70;211,70;211,70;211,70;211,70;211,70;211,70;211,70;211,70;211,71;2.540,41;0,00;0,00;0,00;0,00;0,00;0,00;0,00;0,00;0,00;0,00;0,00;0,00;0,00;-211,70;-211,70;-211,70;-211,70;-211,70;-211,70;-211,70;-211,70;-211,70;-211,70;-211,70;-211,71;-2.540,41
1.9.2.1.99.0.1.01.00.00;Indenizações por Limpeza  de lotes;211,70;211,70;211,70;211,70;211,70;211,70;211,70;211,70;211,70;211,70;211,70;211,71;2.540,41;0,00;0,00;0,00;0,00;0,00;0,00;0,00;0,00;0,00;0,00;0,00;0,00;0,00;-211,70;-211,70;-211,70;-211,70;-211,70;-211,70;-211,70;-211,70;-211,70;-211,70;-211,70;-211,71;-2.540,41
1.9.2.1.99.0.1.02.00.00;Outras Indenizações;5.426,72;5.426,72;5.426,72;5.426,72;5.426,72;5.426,72;5.426,72;5.426,72;5.426,72;5.426,72;5.426,72;5.426,74;65.120,66;10,66;0,00;0,00;0,00;0,00;0,00;0,00;0,00;0,00;0,00;0,00;0,00;10,66;-5.416,06;-5.426,72;-5.426,72;-5.426,72;-5.426,72;-5.426,72;-5.426,72;-5.426,72;-5.426,72;-5.426,72;-5.426,72;-5.426,74;-65.110,00
1.9.2.2.04.0.1.01.00.00;Restituição de Benefícios Assistenciais-COVID Acolhimento;0,00;0,00;0,00;0,00;16.400,04;0,00;0,00;0,00;0,00;0,00;0,00;0,00;16.400,04;0,00;0,00;0,00;0,00;0,00;0,00;0,00;0,00;0,00;0,00;0,00;0,00;0,00;0,00;0,00;0,00;0,00;-16.400,04;0,00;0,00;0,00;0,00;0,00;0,00;0,00;-16.400,04
1.9.2.2.09.0.1.00.00.00;Restituição de Recursos de Fomento e de Subvenções Financeiras - Principal;33.716,43;33.716,43;33.716,43;33.716,43;33.716,43;33.716,43;33.716,43;33.716,43;33.716,43;33.716,43;33.716,43;33.716,40;404.597,13;40.726,43;17.850,24;16.486,29;35.791,63;19.770,89;27.159,38;25.219,70;1.161,01;77.040,30;36.193,50;17.030,51;1.153,41;315.583,29;7.010,00;-15.866,19;-17.230,14;2.075,20;-13.945,54;-6.557,05;-8.496,73;-32.555,42;43.323,87;2.477,07;-16.685,92;-32.562,99;-89.013,84
1.9.2.2.09.0.1.02.00.00;Restituição Recursos Educação-Fomento;0,00;0,00;0,00;0,00;0,00;0,00;0,00;0,00;0,00;0,00;0,00;0,00;0,00;2.175,26;0,00;3.270,40;3.270,40;393,85;3.282,27;3.270,40;56.184,90;3.270,40;3.367,11;7.771,95;41.324,04;127.580,98;2.175,26;0,00;3.270,40;3.270,40;393,85;3.282,27;3.270,40;56.184,90;3.270,40;3.367,11;7.771,95;41.324,04;127.580,98
1.9.2.2.99.0.1.01.00.00;Rest.Terminal Rodoviário-Energia Eletrica;1.677,30;2.242,05;1.949,17;1.168,75;3.417,65;1.157,09;924,64;3.202,68;2.054,03;2.276,90;670,07;2.325,04;23.065,37;3.514,10;54,87;2.497,43;3.124,27;2.025,21;2.515,03;1.762,45;2.285,70;2.434,44;3.262,14;121,02;4.082,23;27.678,89;1.836,80;-2.187,18;548,26;1.955,52;-1.392,44;1.357,94;837,81;-916,98;380,41;985,24;-549,05;1.757,19;4.613,52
1.9.2.2.99.0.1.01.00.00;Rest.Terminal Rodoviário-Energia Eletrica;1.677,30;2.242,05;1.949,17;1.168,75;3.417,65;1.157,09;924,64;3.202,68;2.054,03;2.276,90;670,07;2.325,04;23.065,37;3.514,10;54,87;2.497,43;3.124,27;2.025,21;2.515,03;1.762,45;2.285,70;2.434,44;3.262,14;121,02;4.082,23;27.678,89;1.836,80;-2.187,18;548,26;1.955,52;-1.392,44;1.357,94;837,81;-916,98;380,41;985,24;-549,05;1.757,19;4.613,52
1.9.2.2.99.0.1.02.00.00;Restituições-Cessão Servidores;21.764,17;0,00;21.764,17;12.772,28;11.512,14;0,00;26.022,23;11.512,14;11.665,65;12.087,74;0,00;41.864,08;170.964,60;12.053,58;12.925,02;5.917,66;7.160,35;61.197,09;38.215,73;14.726,78;6.331,89;6.331,89;8.805,29;6.331,89;6.331,89;186.329,06;-9.710,59;12.925,02;-15.846,51;-5.611,93;49.684,95;38.215,73;-11.295,45;-5.180,25;-5.333,76;-3.282,45;6.331,89;-35.532,19;15.364,46
1.9.2.2.99.0.1.02.00.00;Restituições-Cessão Servidores;21.764,17;0,00;21.764,17;12.772,28;11.512,14;0,00;26.022,23;11.512,14;11.665,65;12.087,74;0,00;41.864,08;170.964,60;12.053,58;12.925,02;5.917,66;7.160,35;61.197,09;38.215,73;14.726,78;6.331,89;6.331,89;8.805,29;6.331,89;6.331,89;186.329,06;-9.710,59;12.925,02;-15.846,51;-5.611,93;49.684,95;38.215,73;-11.295,45;-5.180,25;-5.333,76;-3.282,45;6.331,89;-35.532,19;15.364,46
1.9.2.2.99.0.1.05.00.00;Restituição FNAS - Recursos Fomento;0,00;0,00;0,00;0,00;0,00;0,00;0,00;0,00;0,00;0,00;0,00;0,00;0,00;202,28;1,86;0,00;0,00;0,00;0,00;0,00;33.189,99;0,00;0,00;0,00;0,00;33.394,13;202,28;1,86;0,00;0,00;0,00;0,00;0,00;33.189,99;0,00;0,00;0,00;0,00;33.394,13
1.9.2.2.99.0.1.07.00.00;Outras Restituições-FIA;0,00;0,00;0,00;0,00;22.672,31;0,00;0,00;0,00;11.125,17;18.606,42;0,00;0,00;52.403,90;0,00;0,00;0,00;0,00;0,00;0,00;0,00;0,00;0,00;0,00;0,00;0,00;0,00;0,00;0,00;0,00;0,00;-22.672,31;0,00;0,00;0,00;-11.125,17;-18.606,42;0,00;0,00;-52.403,90
1.9.2.2.99.0.1.08.00.00;Outras Restituições - SESAP;0,00;0,00;0,00;0,00;0,00;0,00;243,74;0,00;179.740,42;0,00;0,00;567.463,95;747.448,11;0,00;559.998,09;132,00;3.488,93;673,13;76,31;5,18;0,00;0,00;5.871,10;2.179,40;0,00;572.424,14;0,00;559.998,09;132,00;3.488,93;673,13;76,31;-238,56;0,00;-179.740,42;5.871,10;2.179,40;-567.463,95;-175.023,97
1.9.2.2.99.0.1.09.00.00;Outras Restuições;1.794,47;27.234,42;1.279,97;1.279,97;1.279,97;1.279,97;1.279,97;1.279,97;6.170,15;5.761,32;1.281,11;1.280,21;51.201,50;18.971,37;22.919,81;1.168,60;1.119,50;1.587,87;2.655,76;77.859,88;1.119,50;1.526,31;13.824,77;1,20;171.032,18;313.786,75;17.176,90;-4.314,61;-111,37;-160,47;307,90;1.375,79;76.579,91;-160,47;-4.643,84;8.063,45;-1.279,91;169.751,97;262.585,25
1.9.2.2.99.0.1.11.00.00;Compensação DIC mensal;0,00;0,00;0,00;0,00;0,00;0,00;0,00;0,00;0,00;0,00;0,00;0,00;0,00;0,00;0,00;0,00;0,00;0,00;0,00;0,00;0,00;71,79;0,00;0,00;0,00;71,79;0,00;0,00;0,00;0,00;0,00;0,00;0,00;0,00;71,79;0,00;0,00;0,00;71,79
1.9.2.2.99.0.3.01.00.00;Divida Ativa - Outras Restituições;3.606,83;3.606,83;3.606,83;3.606,83;3.606,83;3.606,83;3.606,83;3.606,83;3.606,83;3.606,83;3.606,83;3.606,85;43.281,98;0,00;0,00;0,00;0,00;0,00;0,00;0,00;0,00;0,00;0,00;0,00;0,00;0,00;-3.606,83;-3.606,83;-3.606,83;-3.606,83;-3.606,83;-3.606,83;-3.606,83;-3.606,83;-3.606,83;-3.606,83;-3.606,83;-3.606,85;-43.281,98
1.9.2.2.99.0.4.01.00.00;Multas e Juros Divida Ativa-Outras Restituições;186,00;186,00;186,00;186,00;186,00;186,00;186,00;186,00;186,00;186,00;186,00;186,04;2.232,04;0,00;0,00;0,00;0,00;0,00;0,00;0,00;0,00;0,00;0,00;0,00;0,00;0,00;-186,00;-186,00;-186,00;-186,00;-186,00;-186,00;-186,00;-186,00;-186,00;-186,00;-186,00;-186,04;-2.232,04
1.9.2.3.99.0.1.00.00.00;Outros Ressarcimentos - Principal;1.022,08;1.022,08;1.022,08;1.022,08;1.022,08;1.022,08;1.022,08;1.022,08;1.022,08;1.022,08;1.022,08;1.022,04;12.264,92;0,00;0,00;0,00;0,00;0,00;0,00;0,00;0,00;0,00;0,00;0,00;0,00;0,00;-1.022,08;-1.022,08;-1.022,08;-1.022,08;-1.022,08;-1.022,08;-1.022,08;-1.022,08;-1.022,08;-1.022,08;-1.022,08;-1.022,04;-12.264,92
1.9.9.9.12.2.1.00.00.00;Ônus de Sucumbência;6.568,65;3.172,84;4.826,01;58.205,11;11.566,47;5.988,71;25.806,05;15.849,83;8.029,72;9.698,62;17.982,15;45.610,49;213.304,65;18.872,77;17.031,80;12.839,50;6.681,65;20.254,52;51.033,92;44.541,97;25.460,80;7.523,05;233.537,75;10.101,54;14.242,82;462.122,09;12.304,12;13.858,96;8.013,49;-51.523,46;8.688,05;45.045,21;18.735,92;9.610,97;-506,67;223.839,13;-7.880,61;-31.367,67;248.817,44
1.9.9.9.99.2.1.01.00.00;Receita de Utilização de Vias Públicas;68.657,96;3.396,09;4.765,31;1.945,55;15.903,62;9.949,24;2.336,52;3.739,42;9.949,52;2.425,50;34.202,08;24.895,15;182.165,96;880,02;338,14;942,58;78,04;305,03;0,00;290,99;829,26;0,00;114,48;506,54;80,06;4.365,14;-67.777,94;-3.057,95;-3.822,73;-1.867,51;-15.598,59;-9.949,24;-2.045,53;-2.910,16;-9.949,52;-2.311,02;-33.695,54;-24.815,09;-177.800,82
1.9.9.9.99.2.1.01.00.00;Receita de Utilização de Vias Públicas;68.657,96;3.396,09;4.765,31;1.945,55;15.903,62;9.949,24;2.336,52;3.739,42;9.949,52;2.425,50;34.202,08;24.895,15;182.165,96;880,02;338,14;942,58;78,04;305,03;0,00;290,99;829,26;0,00;114,48;506,54;80,06;4.365,14;-67.777,94;-3.057,95;-3.822,73;-1.867,51;-15.598,59;-9.949,24;-2.045,53;-2.910,16;-9.949,52;-2.311,02;-33.695,54;-24.815,09;-177.800,82
1.9.9.9.99.2.1.02.00.00;Receita de Eventos - Jubileu;4.930,35;4.930,35;4.930,35;4.930,35;4.930,35;4.930,35;4.930,35;4.930,35;4.930,35;4.930,35;4.930,35;4.930,38;59.164,23;0,00;0,00;0,00;673.754,48;415,96;0,00;0,00;0,00;0,00;0,00;0,00;0,00;674.170,44;-4.930,35;-4.930,35;-4.930,35;668.824,13;-4.514,39;-4.930,35;-4.930,35;-4.930,35;-4.930,35;-4.930,35;-4.930,35;-4.930,38;615.006,21
1.9.9.9.99.2.1.02.00.00;Receita de Eventos - Jubileu;4.930,35;4.930,35;4.930,35;4.930,35;4.930,35;4.930,35;4.930,35;4.930,35;4.930,35;4.930,35;4.930,35;4.930,38;59.164,23;0,00;0,00;0,00;673.754,48;415,96;0,00;0,00;0,00;0,00;0,00;0,00;0,00;674.170,44;-4.930,35;-4.930,35;-4.930,35;668.824,13;-4.514,39;-4.930,35;-4.930,35;-4.930,35;-4.930,35;-4.930,35;-4.930,35;-4.930,38;615.006,21
1.9.9.9.99.2.1.03.00.00;Outras Receitas - FIA;0,00;0,00;0,00;0,00;0,00;0,00;0,00;8.871,60;345,22;177,49;12,48;298,04;9.704,83;762,53;652,00;652,00;652,00;740,51;2.106,00;154.279,20;1.122,00;2.987,93;1.402,00;2.489,00;284.322,00;452.167,17;762,53;652,00;652,00;652,00;740,51;2.106,00;154.279,20;-7.749,60;2.642,71;1.224,51;2.476,52;284.023,96;442.462,34
1.9.9.9.99.2.1.04.00.00;Receita de Eventos - Carnaval;1.015,32;1.015,32;1.015,32;1.015,32;1.015,32;1.015,32;1.015,32;1.015,32;1.015,32;1.015,32;1.015,32;1.015,38;12.183,90;0,00;0,00;0,00;0,00;0,00;0,00;0,00;0,00;0,00;0,00;0,00;0,00;0,00;-1.015,32;-1.015,32;-1.015,32;-1.015,32;-1.015,32;-1.015,32;-1.015,32;-1.015,32;-1.015,32;-1.015,32;-1.015,32;-1.015,38;-12.183,90
1.9.9.9.99.2.1.04.00.00;Receita de Eventos - Carnaval;1.015,32;1.015,32;1.015,32;1.015,32;1.015,32;1.015,32;1.015,32;1.015,32;1.015,32;1.015,32;1.015,32;1.015,38;12.183,90;0,00;0,00;0,00;0,00;0,00;0,00;0,00;0,00;0,00;0,00;0,00;0,00;0,00;-1.015,32;-1.015,32;-1.015,32;-1.015,32;-1.015,32;-1.015,32;-1.015,32;-1.015,32;-1.015,32;-1.015,32;-1.015,32;-1.015,38;-12.183,90
1.9.9.9.99.2.1.05.00.00;Receita de Eventos - Exposição Agropecuária;0,00;0,00;0,00;0,00;350.560,79;26.683,96;0,00;0,00;0,00;0,00;0,00;0,00;377.244,75;0,00;0,00;0,00;8.601,10;820.038,67;0,00;0,00;0,00;105.743,00;0,00;0,00;0,00;934.382,77;0,00;0,00;0,00;8.601,10;469.477,88;-26.683,96;0,00;0,00;105.743,00;0,00;0,00;0,00;557.138,02
1.9.9.9.99.2.1.06.00.00;Receita de Eventos - Festa das Rosas;0,00;0,00;0,00;0,00;0,00;0,00;0,00;0,00;0,00;435.000,00;0,00;0,00;435.000,00;0,00;0,00;0,00;0,00;0,00;0,00;0,00;0,00;1.794,18;201.865,59;0,00;0,00;203.659,77;0,00;0,00;0,00;0,00;0,00;0,00;0,00;0,00;1.794,18;-233.134,41;0,00;0,00;-231.340,23
1.9.9.9.99.2.1.07.00.00;Outras Receitas Diversas;42.170,09;0,00;0,00;0,00;0,00;0,00;0,00;0,00;0,00;0,00;0,00;0,00;42.170,09;0,00;0,00;0,00;0,00;0,00;0,00;0,00;0,00;0,00;0,00;0,00;0,00;0,00;-42.170,09;0,00;0,00;0,00;0,00;0,00;0,00;0,00;0,00;0,00;0,00;0,00;-42.170,09
1.9.9.9.99.2.1.07.00.00;Outras Receitas Diversas;42.170,09;0,00;0,00;0,00;0,00;0,00;0,00;0,00;0,00;0,00;0,00;0,00;42.170,09;0,00;0,00;0,00;0,00;0,00;0,00;0,00;0,00;0,00;0,00;0,00;0,00;0,00;-42.170,09;0,00;0,00;0,00;0,00;0,00;0,00;0,00;0,00;0,00;0,00;0,00;-42.170,09
1.9.9.9.99.2.1.09.00.00;Receita de Eventos - Arraiá BQ;0,00;0,00;0,00;0,00;0,00;0,00;37.338,77;0,00;0,00;0,00;0,00;0,00;37.338,77;0,00;0,00;0,00;0,00;0,00;0,00;121.136,89;0,00;0,00;0,00;0,00;0,00;121.136,89;0,00;0,00;0,00;0,00;0,00;0,00;83.798,12;0,00;0,00;0,00;0,00;0,00;83.798,12
1.9.9.9.99.2.1.11.00.00;Receita de Eventos Comemorativos em Geral;0,00;0,00;0,00;0,00;0,00;0,00;0,00;0,00;0,00;0,00;0,00;0,00;0,00;0,00;0,00;0,00;4.636,65;0,00;0,00;17.486,98;35.618,21;19.789,33;0,00;0,00;0,00;77.531,17;0,00;0,00;0,00;4.636,65;0,00;0,00;17.486,98;35.618,21;19.789,33;0,00;0,00;0,00;77.531,17
2.1.1.2.52.0.1.00.00.00;Operações de Crédito Internas para Programas de Saneamento;1.122.422,03;1.122.422,03;1.122.422,03;1.122.422,03;1.122.422,03;1.122.422,03;1.122.422,03;1.122.422,03;1.122.422,03;1.122.422,03;1.122.422,03;1.122.422,07;13.469.064,40;0,00;0,00;0,00;0,00;0,00;0,00;0,00;0,00;0,00;0,00;0,00;0,00;0,00;-1.122.422,03;-1.122.422,03;-1.122.422,03;-1.122.422,03;-1.122.422,03;-1.122.422,03;-1.122.422,03;-1.122.422,03;-1.122.422,03;-1.122.422,03;-1.122.422,03;-1.122.422,07;-13.469.064,40
2.2.1.3.01.0.1.00.00.00;Alienação de Bens Móveis e Semoventes - Principal;698,12;0,00;0,00;0,00;0,00;0,00;0,00;0,00;0,00;0,00;245.294,12;0,00;245.992,24;0,00;0,00;0,00;0,00;0,00;0,00;0,00;0,00;0,00;0,00;0,00;0,00;0,00;-698,12;0,00;0,00;0,00;0,00;0,00;0,00;0,00;0,00;0,00;-245.294,12;0,00;-245.992,24
2.4.1.2.50.9.1.01.00.00;Transf.Recursos Destinados a Programas de Educação;59.262,02;59.262,02;59.262,02;59.262,02;59.262,02;59.262,02;59.262,02;59.262,02;59.262,02;59.262,02;59.262,02;59.262,01;711.144,23;0,00;0,00;0,00;0,00;0,00;0,00;0,00;0,00;0,00;0,00;0,00;0,00;0,00;-59.262,02;-59.262,02;-59.262,02;-59.262,02;-59.262,02;-59.262,02;-59.262,02;-59.262,02;-59.262,02;-59.262,02;-59.262,02;-59.262,01;-711.144,23
2.4.1.3.50.0.1.01.00.00;Transf.Recursos FNAS - PROCAD–SUAS;0,00;0,00;92.908,58;0,00;0,00;0,00;0,00;0,00;0,00;0,00;0,00;0,00;92.908,58;0,00;0,00;0,00;0,00;0,00;0,00;0,00;0,00;0,00;0,00;0,00;0,00;0,00;0,00;0,00;-92.908,58;0,00;0,00;0,00;0,00;0,00;0,00;0,00;0,00;0,00;-92.908,58
2.4.1.4.51.0.1.01.00.00;Transf.Convênios União destinadas a Programas de Educação;0,00;0,00;0,00;0,00;0,00;0,00;0,00;0,00;0,00;0,00;0,00;224.896,21;224.896,21;0,00;0,00;0,00;0,00;0,00;0,00;0,00;0,00;0,00;0,00;0,00;0,00;0,00;0,00;0,00;0,00;0,00;0,00;0,00;0,00;0,00;0,00;0,00;0,00;-224.896,21;-224.896,21
2.4.1.4.52.0.1.01.00.00;Transf.Convênios União destinadas Progr.Saneamento Básico;53.058,52;53.058,52;53.058,52;53.058,52;53.058,52;53.058,52;53.058,52;53.058,52;53.058,52;53.058,52;53.058,52;53.058,57;636.702,29;0,00;0,00;0,00;0,00;0,00;0,00;0,00;0,00;0,00;0,00;0,00;0,00;0,00;-53.058,52;-53.058,52;-53.058,52;-53.058,52;-53.058,52;-53.058,52;-53.058,52;-53.058,52;-53.058,52;-53.058,52;-53.058,52;-53.058,57;-636.702,29
2.4.1.4.99.0.1.01.00.00;Outras Transf.Convênios da União e de Suas Entidades;137.156,25;137.156,25;137.156,25;137.156,25;137.156,25;137.156,25;137.156,25;137.156,25;137.156,25;137.156,25;137.156,25;137.156,25;1.645.875,00;0,00;0,00;0,00;0,00;0,00;0,00;0,00;0,00;0,00;0,00;0,00;0,00;0,00;-137.156,25;-137.156,25;-137.156,25;-137.156,25;-137.156,25;-137.156,25;-137.156,25;-137.156,25;-137.156,25;-137.156,25;-137.156,25;-137.156,25;-1.645.875,00
2.4.1.4.99.0.1.07.00.00;Transf.Conv.União- Minist. Agricultura e Pecuária-Convênio 901637/20;0,00;0,00;0,00;0,00;0,00;0,00;0,00;0,00;0,00;0,00;0,00;0,00;0,00;0,00;0,00;0,00;0,00;0,00;0,00;170.064,90;0,00;0,00;0,00;0,00;0,00;170.064,90;0,00;0,00;0,00;0,00;0,00;0,00;170.064,90;0,00;0,00;0,00;0,00;0,00;170.064,90
2.4.1.9.51.0.1.01.00.00;Emenda individual Investimento 310560820230006-SIGTV-Estrutura Rede Serviços SUAS;0,00;0,00;0,00;0,00;0,00;0,00;0,00;0,00;0,00;0,00;0,00;0,00;0,00;0,00;0,00;0,00;41.684,00;0,00;0,00;0,00;0,00;0,00;0,00;0,00;0,00;41.684,00;0,00;0,00;0,00;41.684,00;0,00;0,00;0,00;0,00;0,00;0,00;0,00;0,00;41.684,00
2.4.1.9.51.0.1.03.00.00;Outras Transf. - Emenda Parlamentar 202443020007 - Investimento;0,00;0,00;0,00;0,00;0,00;0,00;0,00;0,00;0,00;0,00;0,00;0,00;0,00;0,00;0,00;0,00;0,00;0,00;0,00;100.000,00;0,00;0,00;0,00;0,00;0,00;100.000,00;0,00;0,00;0,00;0,00;0,00;0,00;100.000,00;0,00;0,00;0,00;0,00;0,00;100.000,00
2.4.1.9.51.0.1.05.00.00;Outras Transf. - Emenda Parlamentar 202414110024 - Investimento;0,00;0,00;0,00;0,00;0,00;0,00;0,00;0,00;0,00;0,00;0,00;0,00;0,00;0,00;0,00;0,00;0,00;0,00;0,00;335.353,88;0,00;0,00;0,00;0,00;64.646,12;400.000,00;0,00;0,00;0,00;0,00;0,00;0,00;335.353,88;0,00;0,00;0,00;0,00;64.646,12;400.000,00
2.4.2.1.50.0.1.09.00.00;Res SES 9060 - Invest Aquis Veiculo;0,00;0,00;0,00;0,00;0,00;0,00;0,00;0,00;0,00;0,00;0,00;0,00;0,00;304.800,00;0,00;0,00;0,00;0,00;0,00;0,00;0,00;0,00;0,00;0,00;0,00;304.800,00;304.800,00;0,00;0,00;0,00;0,00;0,00;0,00;0,00;0,00;0,00;0,00;0,00;304.800,00
2.4.2.1.50.0.1.10.00.00;Res SES 9217/2023 - Invest aquis equi;0,00;0,00;0,00;0,00;0,00;0,00;0,00;0,00;0,00;0,00;0,00;0,00;0,00;0,00;146.165,00;0,00;0,00;0,00;0,00;0,00;0,00;0,00;0,00;0,00;0,00;146.165,00;0,00;146.165,00;0,00;0,00;0,00;0,00;0,00;0,00;0,00;0,00;0,00;0,00;146.165,00
2.4.2.1.50.0.1.11.00.00;Res SES 8904 - Eletivas Opera Mais;0,00;0,00;0,00;0,00;0,00;0,00;0,00;0,00;0,00;0,00;0,00;0,00;0,00;330.856,00;0,00;0,00;0,00;0,00;0,00;0,00;0,00;0,00;0,00;0,00;0,00;330.856,00;330.856,00;0,00;0,00;0,00;0,00;0,00;0,00;0,00;0,00;0,00;0,00;0,00;330.856,00
2.4.2.1.50.0.1.15.00.00;Res. SES 9475/2024 Emenda Individual Invest. Aquisição de Equipamentos e Mat. Permanente;0,00;0,00;0,00;0,00;0,00;0,00;0,00;0,00;0,00;0,00;0,00;0,00;0,00;0,00;0,00;0,00;0,00;0,00;120.000,00;0,00;0,00;0,00;0,00;0,00;0,00;120.000,00;0,00;0,00;0,00;0,00;0,00;120.000,00;0,00;0,00;0,00;0,00;0,00;0,00;120.000,00
2.4.2.1.50.0.1.18.00.00;Res. SES9515/2024 - Investim. Aquisição Equipamento CEBAMS;0,00;0,00;0,00;0,00;0,00;0,00;0,00;0,00;0,00;0,00;0,00;0,00;0,00;0,00;0,00;0,00;0,00;0,00;375.086,00;0,00;0,00;0,00;0,00;0,00;0,00;375.086,00;0,00;0,00;0,00;0,00;0,00;375.086,00;0,00;0,00;0,00;0,00;0,00;0,00;375.086,00
2.4.2.1.50.0.1.19.00.00;Res SES 9332/2024 Invest. Aquisição de Veiculo;0,00;0,00;0,00;0,00;0,00;0,00;0,00;0,00;0,00;0,00;0,00;0,00;0,00;0,00;0,00;0,00;344.515,00;0,00;0,00;0,00;0,00;0,00;0,00;0,00;0,00;344.515,00;0,00;0,00;0,00;344.515,00;0,00;0,00;0,00;0,00;0,00;0,00;0,00;0,00;344.515,00
2.4.2.2.99.0.1.01.00.00;Outras Transf.  Convênio 1231001876/2023 - MECANIZACAO NO CAMPO;0,00;0,00;0,00;0,00;0,00;0,00;0,00;0,00;0,00;0,00;0,00;0,00;0,00;0,00;0,00;0,00;0,00;1.232.436,67;0,00;0,00;0,00;0,00;0,00;0,00;0,00;1.232.436,67;0,00;0,00;0,00;0,00;1.232.436,67;0,00;0,00;0,00;0,00;0,00;0,00;0,00;1.232.436,67
2.4.2.9.99.0.1.02.00.00;Transf.Especial Investimento - 9418070;0,00;0,00;0,00;0,00;0,00;0,00;0,00;0,00;0,00;0,00;0,00;0,00;0,00;0,00;0,00;0,00;73.179,00;0,00;0,00;0,00;0,00;0,00;0,00;0,00;0,00;73.179,00;0,00;0,00;0,00;73.179,00;0,00;0,00;0,00;0,00;0,00;0,00;0,00;0,00;73.179,00
2.4.2.9.99.0.1.03.00.00;Transf.Especial Investimento - 9419071;0,00;0,00;0,00;0,00;0,00;0,00;0,00;0,00;0,00;0,00;0,00;0,00;0,00;0,00;0,00;0,00;140.000,00;0,00;0,00;0,00;0,00;0,00;0,00;0,00;0,00;140.000,00;0,00;0,00;0,00;140.000,00;0,00;0,00;0,00;0,00;0,00;0,00;0,00;0,00;140.000,00
2.4.2.9.99.0.1.04.00.00;Transf.Especial Investimento - 9419693;0,00;0,00;0,00;0,00;0,00;0,00;0,00;0,00;0,00;0,00;0,00;0,00;0,00;0,00;0,00;0,00;100.000,00;0,00;0,00;0,00;0,00;0,00;0,00;0,00;0,00;100.000,00;0,00;0,00;0,00;100.000,00;0,00;0,00;0,00;0,00;0,00;0,00;0,00;0,00;100.000,00
2.4.2.9.99.0.1.05.00.00;Transf.Especial Investimento - 9420117;0,00;0,00;0,00;0,00;0,00;0,00;0,00;0,00;0,00;0,00;0,00;0,00;0,00;0,00;0,00;0,00;259.000,00;0,00;0,00;0,00;0,00;0,00;0,00;0,00;0,00;259.000,00;0,00;0,00;0,00;259.000,00;0,00;0,00;0,00;0,00;0,00;0,00;0,00;0,00;259.000,00
2.4.2.9.99.0.1.06.00.00;Transf.Especial Investimento - 9420126;0,00;0,00;0,00;0,00;0,00;0,00;0,00;0,00;0,00;0,00;0,00;0,00;0,00;0,00;0,00;0,00;240.000,00;0,00;0,00;0,00;0,00;0,00;0,00;0,00;0,00;240.000,00;0,00;0,00;0,00;240.000,00;0,00;0,00;0,00;0,00;0,00;0,00;0,00;0,00;240.000,00
2.4.2.9.99.0.1.07.00.00;Transf.Especial Investimento - 9420280;0,00;0,00;0,00;0,00;0,00;0,00;0,00;0,00;0,00;0,00;0,00;0,00;0,00;0,00;0,00;0,00;250.000,00;0,00;0,00;0,00;0,00;0,00;0,00;0,00;0,00;250.000,00;0,00;0,00;0,00;250.000,00;0,00;0,00;0,00;0,00;0,00;0,00;0,00;0,00;250.000,00
2.4.2.9.99.0.1.08.00.00;Transf.Especial Investimento - 9420332;0,00;0,00;0,00;0,00;0,00;0,00;0,00;0,00;0,00;0,00;0,00;0,00;0,00;0,00;0,00;0,00;220.000,00;0,00;0,00;0,00;0,00;0,00;0,00;0,00;0,00;220.000,00;0,00;0,00;0,00;220.000,00;0,00;0,00;0,00;0,00;0,00;0,00;0,00;0,00;220.000,00
2.4.2.9.99.0.1.09.00.00;Transf.Especial Investimento - 9420490;0,00;0,00;0,00;0,00;0,00;0,00;0,00;0,00;0,00;0,00;0,00;0,00;0,00;0,00;0,00;0,00;100.000,00;0,00;0,00;0,00;0,00;0,00;0,00;0,00;0,00;100.000,00;0,00;0,00;0,00;100.000,00;0,00;0,00;0,00;0,00;0,00;0,00;0,00;0,00;100.000,00
