Entidade;Número do Organograma;Descrição do organograma;Número da ação;Descrição da ação;Número do programa;Descrição do programa;Número da função;Descrição da função;Número da subfunção;Descrição da subfunção;Número da despesa;Natureza de Despesa;Descrição da natureza de despesa;Recurso;Descrição do recurso;Valor empenhado da despesa
FUNDO MUNICIPAL DE SAÚDE DE BARBACENA;18.002;FUNDO MUNICIPAL DE SAUDE;0.001;PAGAMENTOS DE PRECATÓRIOS E SENTENÇAS JUDICIAIS CONDENATÓRIAS DA SAÚDE;0;ENCARGOS DO MUNICIPIO;10;Saúde;122;Administração Geral;2;3.3.90.91.99.00.00.00;OUTRAS SENTENÇAS JUDICIAIS E DECISÕES JUDICIAIS;1.500.000.1002;RECURSOS NÃO VINCULADOS DE IMPOSTOS (SAÚDE);256.545,56
FUNDO MUNICIPAL DE SAÚDE DE BARBACENA;18.002;FUNDO MUNICIPAL DE SAUDE;1.009;CONSTRUÇÃO, REFORMA, READEQUAÇÃO E AMPLIAÇÃO DE ACADEMIAS DE SAÚDE;2;ATENÇAO BASICA;10;Saúde;301;Atenção Básica;58;4.4.90.51.01.00.00.00;OBRAS E INSTALAÇÕES DE DOMÍNIO PÚBLICO;1.500.000.1002;RECURSOS NÃO VINCULADOS DE IMPOSTOS (SAÚDE);99.532,20
FUNDO MUNICIPAL DE SAÚDE DE BARBACENA;18.002;FUNDO MUNICIPAL DE SAUDE;1.288;CONSTRUÇAO, REFORMA, READEQUAÇAO E AMPLIAÇAO DE UBS;2;ATENÇAO BASICA;10;Saúde;301;Atenção Básica;61;4.4.90.51.01.00.00.00;OBRAS E INSTALAÇÕES DE DOMÍNIO PÚBLICO;1.500.000.1002;RECURSOS NÃO VINCULADOS DE IMPOSTOS (SAÚDE);9.867,55
FUNDO MUNICIPAL DE SAÚDE DE BARBACENA;18.002;FUNDO MUNICIPAL DE SAUDE;1.288;CONSTRUÇAO, REFORMA, READEQUAÇAO E AMPLIAÇAO DE UBS;2;ATENÇAO BASICA;10;Saúde;301;Atenção Básica;61;4.4.90.51.01.00.00.00;OBRAS E INSTALAÇÕES DE DOMÍNIO PÚBLICO;2.621.000.0000;TRANSFERÊNCIAS FUNDO A FUNDO DE RECURSOS DO SUS PROVENIENTES DO GOVERNO ESTADUAL;7.111.347,54
FUNDO MUNICIPAL DE SAÚDE DE BARBACENA;18.002;FUNDO MUNICIPAL DE SAUDE;1.288;CONSTRUÇAO, REFORMA, READEQUAÇAO E AMPLIAÇAO DE UBS;2;ATENÇAO BASICA;10;Saúde;301;Atenção Básica;61;4.4.90.51.01.00.00.00;OBRAS E INSTALAÇÕES DE DOMÍNIO PÚBLICO;2.706.000.3110;TRANSFERÊNCIA ESPECIAL DA UNIÃO - TRANSFERÊNCIAS DA UNIÃO DECORRENTES DE EMENDAS PARLAMENTARES INDIVIDUAIS;1.316.382,05
FUNDO MUNICIPAL DE SAÚDE DE BARBACENA;18.002;FUNDO MUNICIPAL DE SAUDE;1.288;CONSTRUÇAO, REFORMA, READEQUAÇAO E AMPLIAÇAO DE UBS;2;ATENÇAO BASICA;10;Saúde;301;Atenção Básica;61;4.4.90.51.03.00.00.00;OBRAS E INSTALAÇÕES DE NATUREZA INDUSTRIAL;2.706.000.3110;TRANSFERÊNCIA ESPECIAL DA UNIÃO - TRANSFERÊNCIAS DA UNIÃO DECORRENTES DE EMENDAS PARLAMENTARES INDIVIDUAIS;232.355,04
FUNDO MUNICIPAL DE SAÚDE DE BARBACENA;18.002;FUNDO MUNICIPAL DE SAUDE;1.288;CONSTRUÇAO, REFORMA, READEQUAÇAO E AMPLIAÇAO DE UBS;2;ATENÇAO BASICA;10;Saúde;301;Atenção Básica;280;3.3.90.47.00.00.00.00;OBRIGAÇÕES TRIBUTÁRIAS E CONTRIBUTIVAS;2.706.000.3110;TRANSFERÊNCIA ESPECIAL DA UNIÃO - TRANSFERÊNCIAS DA UNIÃO DECORRENTES DE EMENDAS PARLAMENTARES INDIVIDUAIS;11,10
FUNDO MUNICIPAL DE SAÚDE DE BARBACENA;18.002;FUNDO MUNICIPAL DE SAUDE;1.336;AQUISIÇÃO DE INSUMOS PARA A UNID. BÁSICA DE SAÚDE (UBS) - SANTA EFIGÊNIA;2;ATENÇAO BASICA;10;Saúde;301;Atenção Básica;62;3.3.90.30.26.00.00.00;MATERIAL ELÉTRICO E ELETRÔNICO;1.500.000.1002;RECURSOS NÃO VINCULADOS DE IMPOSTOS (SAÚDE);22.049,06
FUNDO MUNICIPAL DE SAÚDE DE BARBACENA;18.002;FUNDO MUNICIPAL DE SAUDE;1.337;AQUISIÇÃO DE INSUMOS PARA A UNID. BÁSICA DE SAÚDE (UBS) - SENHORA DAS DORES;2;ATENÇAO BASICA;10;Saúde;301;Atenção Básica;63;3.3.90.30.24.00.00.00;MATERIAL PARA MANUTENÇÃO DE BENS IMÓVEIS;1.500.000.1002;RECURSOS NÃO VINCULADOS DE IMPOSTOS (SAÚDE);22.046,86
FUNDO MUNICIPAL DE SAÚDE DE BARBACENA;18.002;FUNDO MUNICIPAL DE SAUDE;1.338;AQUISIÇÃO DE INSUMOS PARA A UNID. BÁSICA DE SAÚDE (UBS) - SÃO FRANCISCO;2;ATENÇAO BASICA;10;Saúde;301;Atenção Básica;64;3.3.90.30.24.00.00.00;MATERIAL PARA MANUTENÇÃO DE BENS IMÓVEIS;1.500.000.1002;RECURSOS NÃO VINCULADOS DE IMPOSTOS (SAÚDE);22.048,30
FUNDO MUNICIPAL DE SAÚDE DE BARBACENA;18.002;FUNDO MUNICIPAL DE SAUDE;1.447;IMPLANTAÇÃO DO CENTRO DE ESPECIALIDADE ODONTOLÓGICA (CEO);2;ATENÇAO BASICA;10;Saúde;301;Atenção Básica;65;4.4.90.51.01.00.00.00;OBRAS E INSTALAÇÕES DE DOMÍNIO PÚBLICO;2.600.000.0000;TRANSFERÊNCIAS FUNDO A FUNDO DE RECURSOS DO SUS PROVENIENTES DO GOVERNO FEDERAL - BLOCO DE MANUTENÇÃO DAS AÇÕES E SERVIÇOS PÚBLICOS DE SAÚDE;600.000,00
FUNDO MUNICIPAL DE SAÚDE DE BARBACENA;18.002;FUNDO MUNICIPAL DE SAUDE;1.447;IMPLANTAÇÃO DO CENTRO DE ESPECIALIDADE ODONTOLÓGICA (CEO);2;ATENÇAO BASICA;10;Saúde;301;Atenção Básica;65;4.4.90.51.01.00.00.00;OBRAS E INSTALAÇÕES DE DOMÍNIO PÚBLICO;2.706.000.3110;TRANSFERÊNCIA ESPECIAL DA UNIÃO - TRANSFERÊNCIAS DA UNIÃO DECORRENTES DE EMENDAS PARLAMENTARES INDIVIDUAIS;156.574,03
FUNDO MUNICIPAL DE SAÚDE DE BARBACENA;18.002;FUNDO MUNICIPAL DE SAUDE;2.025;MANUTENÇÃO DA REDE DE ATENÇÃO PRIMÁRIA;2;ATENÇAO BASICA;10;Saúde;301;Atenção Básica;67;3.1.90.04.15.00.00.00;OBRIGAÇÕES PATRONAIS - CONTRATO TEMPORÁRIO;1.500.000.1002;RECURSOS NÃO VINCULADOS DE IMPOSTOS (SAÚDE);198.545,35
FUNDO MUNICIPAL DE SAÚDE DE BARBACENA;18.002;FUNDO MUNICIPAL DE SAUDE;2.025;MANUTENÇÃO DA REDE DE ATENÇÃO PRIMÁRIA;2;ATENÇAO BASICA;10;Saúde;301;Atenção Básica;67;3.1.90.04.01.00.00.00;SALÁRIO CONTRATO TEMPORÁRIO;1.500.000.1002;RECURSOS NÃO VINCULADOS DE IMPOSTOS (SAÚDE);2.111.216,35
FUNDO MUNICIPAL DE SAÚDE DE BARBACENA;18.002;FUNDO MUNICIPAL DE SAUDE;2.025;MANUTENÇÃO DA REDE DE ATENÇÃO PRIMÁRIA;2;ATENÇAO BASICA;10;Saúde;301;Atenção Básica;67;3.1.90.04.15.00.00.00;OBRIGAÇÕES PATRONAIS - CONTRATO TEMPORÁRIO;1.600.000.0000;TRANSFERÊNCIAS FUNDO A FUNDO DE RECURSOS DO SUS PROVENIENTES DO GOVERNO FEDERAL - BLOCO DE MANUTENÇÃO DAS AÇÕES E SERVIÇOS PÚBLICOS DE SAÚDE;246.312,89
FUNDO MUNICIPAL DE SAÚDE DE BARBACENA;18.002;FUNDO MUNICIPAL DE SAUDE;2.025;MANUTENÇÃO DA REDE DE ATENÇÃO PRIMÁRIA;2;ATENÇAO BASICA;10;Saúde;301;Atenção Básica;67;3.1.90.04.01.00.00.00;SALÁRIO CONTRATO TEMPORÁRIO;1.600.000.0000;TRANSFERÊNCIAS FUNDO A FUNDO DE RECURSOS DO SUS PROVENIENTES DO GOVERNO FEDERAL - BLOCO DE MANUTENÇÃO DAS AÇÕES E SERVIÇOS PÚBLICOS DE SAÚDE;1.797.815,52
FUNDO MUNICIPAL DE SAÚDE DE BARBACENA;18.002;FUNDO MUNICIPAL DE SAUDE;2.025;MANUTENÇÃO DA REDE DE ATENÇÃO PRIMÁRIA;2;ATENÇAO BASICA;10;Saúde;301;Atenção Básica;67;3.1.90.04.15.00.00.00;OBRIGAÇÕES PATRONAIS - CONTRATO TEMPORÁRIO;1.621.000.0000;TRANSFERÊNCIAS FUNDO A FUNDO DE RECURSOS DO SUS PROVENIENTES DO GOVERNO ESTADUAL;6.233,03
FUNDO MUNICIPAL DE SAÚDE DE BARBACENA;18.002;FUNDO MUNICIPAL DE SAUDE;2.025;MANUTENÇÃO DA REDE DE ATENÇÃO PRIMÁRIA;2;ATENÇAO BASICA;10;Saúde;301;Atenção Básica;67;3.1.90.04.01.00.00.00;SALÁRIO CONTRATO TEMPORÁRIO;1.621.000.0000;TRANSFERÊNCIAS FUNDO A FUNDO DE RECURSOS DO SUS PROVENIENTES DO GOVERNO ESTADUAL;70.667,93
FUNDO MUNICIPAL DE SAÚDE DE BARBACENA;18.002;FUNDO MUNICIPAL DE SAUDE;2.025;MANUTENÇÃO DA REDE DE ATENÇÃO PRIMÁRIA;2;ATENÇAO BASICA;10;Saúde;301;Atenção Básica;67;3.1.90.04.15.00.00.00;OBRIGAÇÕES PATRONAIS - CONTRATO TEMPORÁRIO;2.600.000.0000;TRANSFERÊNCIAS FUNDO A FUNDO DE RECURSOS DO SUS PROVENIENTES DO GOVERNO FEDERAL - BLOCO DE MANUTENÇÃO DAS AÇÕES E SERVIÇOS PÚBLICOS DE SAÚDE;166.554,34
FUNDO MUNICIPAL DE SAÚDE DE BARBACENA;18.002;FUNDO MUNICIPAL DE SAUDE;2.025;MANUTENÇÃO DA REDE DE ATENÇÃO PRIMÁRIA;2;ATENÇAO BASICA;10;Saúde;301;Atenção Básica;67;3.1.90.04.01.00.00.00;SALÁRIO CONTRATO TEMPORÁRIO;2.600.000.0000;TRANSFERÊNCIAS FUNDO A FUNDO DE RECURSOS DO SUS PROVENIENTES DO GOVERNO FEDERAL - BLOCO DE MANUTENÇÃO DAS AÇÕES E SERVIÇOS PÚBLICOS DE SAÚDE;2.631.009,35
FUNDO MUNICIPAL DE SAÚDE DE BARBACENA;18.002;FUNDO MUNICIPAL DE SAUDE;2.025;MANUTENÇÃO DA REDE DE ATENÇÃO PRIMÁRIA;2;ATENÇAO BASICA;10;Saúde;301;Atenção Básica;67;3.1.90.04.01.00.00.00;SALÁRIO CONTRATO TEMPORÁRIO;2.621.000.0000;TRANSFERÊNCIAS FUNDO A FUNDO DE RECURSOS DO SUS PROVENIENTES DO GOVERNO ESTADUAL;628.404,39
FUNDO MUNICIPAL DE SAÚDE DE BARBACENA;18.002;FUNDO MUNICIPAL DE SAUDE;2.025;MANUTENÇÃO DA REDE DE ATENÇÃO PRIMÁRIA;2;ATENÇAO BASICA;10;Saúde;301;Atenção Básica;67;3.1.90.04.15.00.00.00;OBRIGAÇÕES PATRONAIS - CONTRATO TEMPORÁRIO;2.621.000.0000;TRANSFERÊNCIAS FUNDO A FUNDO DE RECURSOS DO SUS PROVENIENTES DO GOVERNO ESTADUAL;58.580,80
FUNDO MUNICIPAL DE SAÚDE DE BARBACENA;18.002;FUNDO MUNICIPAL DE SAUDE;2.025;MANUTENÇÃO DA REDE DE ATENÇÃO PRIMÁRIA;2;ATENÇAO BASICA;10;Saúde;301;Atenção Básica;68;3.1.90.11.52.00.00.00;LICENÇA SAÚDE;1.500.000.1002;RECURSOS NÃO VINCULADOS DE IMPOSTOS (SAÚDE);35.162,67
FUNDO MUNICIPAL DE SAÚDE DE BARBACENA;18.002;FUNDO MUNICIPAL DE SAUDE;2.025;MANUTENÇÃO DA REDE DE ATENÇÃO PRIMÁRIA;2;ATENÇAO BASICA;10;Saúde;301;Atenção Básica;68;3.1.90.11.01.00.00.00;VENCIMENTOS E SALÁRIOS;1.500.000.1002;RECURSOS NÃO VINCULADOS DE IMPOSTOS (SAÚDE);952.899,96
FUNDO MUNICIPAL DE SAÚDE DE BARBACENA;18.002;FUNDO MUNICIPAL DE SAUDE;2.025;MANUTENÇÃO DA REDE DE ATENÇÃO PRIMÁRIA;2;ATENÇAO BASICA;10;Saúde;301;Atenção Básica;68;3.1.90.11.50.00.00.00;SALÁRIO MATERNIDADE;1.500.000.1002;RECURSOS NÃO VINCULADOS DE IMPOSTOS (SAÚDE);8.099,12
FUNDO MUNICIPAL DE SAÚDE DE BARBACENA;18.002;FUNDO MUNICIPAL DE SAUDE;2.025;MANUTENÇÃO DA REDE DE ATENÇÃO PRIMÁRIA;2;ATENÇAO BASICA;10;Saúde;301;Atenção Básica;68;3.1.90.11.52.00.00.00;LICENÇA SAÚDE;1.600.000.0000;TRANSFERÊNCIAS FUNDO A FUNDO DE RECURSOS DO SUS PROVENIENTES DO GOVERNO FEDERAL - BLOCO DE MANUTENÇÃO DAS AÇÕES E SERVIÇOS PÚBLICOS DE SAÚDE;37.057,48
FUNDO MUNICIPAL DE SAÚDE DE BARBACENA;18.002;FUNDO MUNICIPAL DE SAUDE;2.025;MANUTENÇÃO DA REDE DE ATENÇÃO PRIMÁRIA;2;ATENÇAO BASICA;10;Saúde;301;Atenção Básica;68;3.1.90.11.01.00.00.00;VENCIMENTOS E SALÁRIOS;1.600.000.0000;TRANSFERÊNCIAS FUNDO A FUNDO DE RECURSOS DO SUS PROVENIENTES DO GOVERNO FEDERAL - BLOCO DE MANUTENÇÃO DAS AÇÕES E SERVIÇOS PÚBLICOS DE SAÚDE;880.840,21
FUNDO MUNICIPAL DE SAÚDE DE BARBACENA;18.002;FUNDO MUNICIPAL DE SAUDE;2.025;MANUTENÇÃO DA REDE DE ATENÇÃO PRIMÁRIA;2;ATENÇAO BASICA;10;Saúde;301;Atenção Básica;68;3.1.90.11.50.00.00.00;SALÁRIO MATERNIDADE;1.600.000.0000;TRANSFERÊNCIAS FUNDO A FUNDO DE RECURSOS DO SUS PROVENIENTES DO GOVERNO FEDERAL - BLOCO DE MANUTENÇÃO DAS AÇÕES E SERVIÇOS PÚBLICOS DE SAÚDE;470,67
FUNDO MUNICIPAL DE SAÚDE DE BARBACENA;18.002;FUNDO MUNICIPAL DE SAUDE;2.025;MANUTENÇÃO DA REDE DE ATENÇÃO PRIMÁRIA;2;ATENÇAO BASICA;10;Saúde;301;Atenção Básica;68;3.1.90.11.52.00.00.00;LICENÇA SAÚDE;2.600.000.0000;TRANSFERÊNCIAS FUNDO A FUNDO DE RECURSOS DO SUS PROVENIENTES DO GOVERNO FEDERAL - BLOCO DE MANUTENÇÃO DAS AÇÕES E SERVIÇOS PÚBLICOS DE SAÚDE;14.707,88
FUNDO MUNICIPAL DE SAÚDE DE BARBACENA;18.002;FUNDO MUNICIPAL DE SAUDE;2.025;MANUTENÇÃO DA REDE DE ATENÇÃO PRIMÁRIA;2;ATENÇAO BASICA;10;Saúde;301;Atenção Básica;68;3.1.90.11.01.00.00.00;VENCIMENTOS E SALÁRIOS;2.600.000.0000;TRANSFERÊNCIAS FUNDO A FUNDO DE RECURSOS DO SUS PROVENIENTES DO GOVERNO FEDERAL - BLOCO DE MANUTENÇÃO DAS AÇÕES E SERVIÇOS PÚBLICOS DE SAÚDE;501.917,21
FUNDO MUNICIPAL DE SAÚDE DE BARBACENA;18.002;FUNDO MUNICIPAL DE SAUDE;2.025;MANUTENÇÃO DA REDE DE ATENÇÃO PRIMÁRIA;2;ATENÇAO BASICA;10;Saúde;301;Atenção Básica;68;3.1.90.11.01.00.00.00;VENCIMENTOS E SALÁRIOS;2.621.000.0000;TRANSFERÊNCIAS FUNDO A FUNDO DE RECURSOS DO SUS PROVENIENTES DO GOVERNO ESTADUAL;196.706,63
FUNDO MUNICIPAL DE SAÚDE DE BARBACENA;18.002;FUNDO MUNICIPAL DE SAUDE;2.025;MANUTENÇÃO DA REDE DE ATENÇÃO PRIMÁRIA;2;ATENÇAO BASICA;10;Saúde;301;Atenção Básica;68;3.1.90.11.52.00.00.00;LICENÇA SAÚDE;2.621.000.0000;TRANSFERÊNCIAS FUNDO A FUNDO DE RECURSOS DO SUS PROVENIENTES DO GOVERNO ESTADUAL;5.752,86
FUNDO MUNICIPAL DE SAÚDE DE BARBACENA;18.002;FUNDO MUNICIPAL DE SAUDE;2.025;MANUTENÇÃO DA REDE DE ATENÇÃO PRIMÁRIA;2;ATENÇAO BASICA;10;Saúde;301;Atenção Básica;71;3.1.91.13.08.00.00.00;CONTRIB. PREV.- RPPS - PESSOAL ATIVO - PLANO PREV.;1.500.000.1002;RECURSOS NÃO VINCULADOS DE IMPOSTOS (SAÚDE);271.334,37
FUNDO MUNICIPAL DE SAÚDE DE BARBACENA;18.002;FUNDO MUNICIPAL DE SAUDE;2.025;MANUTENÇÃO DA REDE DE ATENÇÃO PRIMÁRIA;2;ATENÇAO BASICA;10;Saúde;301;Atenção Básica;71;3.1.91.13.08.00.00.00;CONTRIB. PREV.- RPPS - PESSOAL ATIVO - PLANO PREV.;1.600.000.0000;TRANSFERÊNCIAS FUNDO A FUNDO DE RECURSOS DO SUS PROVENIENTES DO GOVERNO FEDERAL - BLOCO DE MANUTENÇÃO DAS AÇÕES E SERVIÇOS PÚBLICOS DE SAÚDE;272.306,89
FUNDO MUNICIPAL DE SAÚDE DE BARBACENA;18.002;FUNDO MUNICIPAL DE SAUDE;2.025;MANUTENÇÃO DA REDE DE ATENÇÃO PRIMÁRIA;2;ATENÇAO BASICA;10;Saúde;301;Atenção Básica;71;3.1.91.13.08.00.00.00;CONTRIB. PREV.- RPPS - PESSOAL ATIVO - PLANO PREV.;2.600.000.0000;TRANSFERÊNCIAS FUNDO A FUNDO DE RECURSOS DO SUS PROVENIENTES DO GOVERNO FEDERAL - BLOCO DE MANUTENÇÃO DAS AÇÕES E SERVIÇOS PÚBLICOS DE SAÚDE;112.019,50
FUNDO MUNICIPAL DE SAÚDE DE BARBACENA;18.002;FUNDO MUNICIPAL DE SAUDE;2.025;MANUTENÇÃO DA REDE DE ATENÇÃO PRIMÁRIA;2;ATENÇAO BASICA;10;Saúde;301;Atenção Básica;71;3.1.91.13.08.00.00.00;CONTRIB. PREV.- RPPS - PESSOAL ATIVO - PLANO PREV.;2.621.000.0000;TRANSFERÊNCIAS FUNDO A FUNDO DE RECURSOS DO SUS PROVENIENTES DO GOVERNO ESTADUAL;54.757,62
FUNDO MUNICIPAL DE SAÚDE DE BARBACENA;18.002;FUNDO MUNICIPAL DE SAUDE;2.025;MANUTENÇÃO DA REDE DE ATENÇÃO PRIMÁRIA;2;ATENÇAO BASICA;10;Saúde;301;Atenção Básica;72;3.3.90.08.56.00.00.00;SALÁRIO FAMÍLIA;1.500.000.1002;RECURSOS NÃO VINCULADOS DE IMPOSTOS (SAÚDE);1.200,20
FUNDO MUNICIPAL DE SAÚDE DE BARBACENA;18.002;FUNDO MUNICIPAL DE SAUDE;2.025;MANUTENÇÃO DA REDE DE ATENÇÃO PRIMÁRIA;2;ATENÇAO BASICA;10;Saúde;301;Atenção Básica;72;3.3.90.08.56.00.00.00;SALÁRIO FAMÍLIA;1.600.000.0000;TRANSFERÊNCIAS FUNDO A FUNDO DE RECURSOS DO SUS PROVENIENTES DO GOVERNO FEDERAL - BLOCO DE MANUTENÇÃO DAS AÇÕES E SERVIÇOS PÚBLICOS DE SAÚDE;423,60
FUNDO MUNICIPAL DE SAÚDE DE BARBACENA;18.002;FUNDO MUNICIPAL DE SAUDE;2.025;MANUTENÇÃO DA REDE DE ATENÇÃO PRIMÁRIA;2;ATENÇAO BASICA;10;Saúde;301;Atenção Básica;72;3.3.90.08.56.00.00.00;SALÁRIO FAMÍLIA;2.600.000.0000;TRANSFERÊNCIAS FUNDO A FUNDO DE RECURSOS DO SUS PROVENIENTES DO GOVERNO FEDERAL - BLOCO DE MANUTENÇÃO DAS AÇÕES E SERVIÇOS PÚBLICOS DE SAÚDE;282,40
FUNDO MUNICIPAL DE SAÚDE DE BARBACENA;18.002;FUNDO MUNICIPAL DE SAUDE;2.025;MANUTENÇÃO DA REDE DE ATENÇÃO PRIMÁRIA;2;ATENÇAO BASICA;10;Saúde;301;Atenção Básica;73;3.3.90.14.05.00.00.00;DIÁRIAS DE DEMAIS SERVIDORES;1.600.000.0000;TRANSFERÊNCIAS FUNDO A FUNDO DE RECURSOS DO SUS PROVENIENTES DO GOVERNO FEDERAL - BLOCO DE MANUTENÇÃO DAS AÇÕES E SERVIÇOS PÚBLICOS DE SAÚDE;1.300,00
FUNDO MUNICIPAL DE SAÚDE DE BARBACENA;18.002;FUNDO MUNICIPAL DE SAUDE;2.025;MANUTENÇÃO DA REDE DE ATENÇÃO PRIMÁRIA;2;ATENÇAO BASICA;10;Saúde;301;Atenção Básica;73;3.3.90.14.05.00.00.00;DIÁRIAS DE DEMAIS SERVIDORES;2.621.000.0000;TRANSFERÊNCIAS FUNDO A FUNDO DE RECURSOS DO SUS PROVENIENTES DO GOVERNO ESTADUAL;2.800,00
FUNDO MUNICIPAL DE SAÚDE DE BARBACENA;18.002;FUNDO MUNICIPAL DE SAUDE;2.025;MANUTENÇÃO DA REDE DE ATENÇÃO PRIMÁRIA;2;ATENÇAO BASICA;10;Saúde;301;Atenção Básica;74;3.3.90.18.00.00.00.00;AUXÍLIO FINANCEIRO A ESTUDANTES;1.500.000.1002;RECURSOS NÃO VINCULADOS DE IMPOSTOS (SAÚDE);946,28
FUNDO MUNICIPAL DE SAÚDE DE BARBACENA;18.002;FUNDO MUNICIPAL DE SAUDE;2.025;MANUTENÇÃO DA REDE DE ATENÇÃO PRIMÁRIA;2;ATENÇAO BASICA;10;Saúde;301;Atenção Básica;74;3.3.90.18.00.00.00.00;AUXÍLIO FINANCEIRO A ESTUDANTES;1.600.000.0000;TRANSFERÊNCIAS FUNDO A FUNDO DE RECURSOS DO SUS PROVENIENTES DO GOVERNO FEDERAL - BLOCO DE MANUTENÇÃO DAS AÇÕES E SERVIÇOS PÚBLICOS DE SAÚDE;946,28
FUNDO MUNICIPAL DE SAÚDE DE BARBACENA;18.002;FUNDO MUNICIPAL DE SAUDE;2.025;MANUTENÇÃO DA REDE DE ATENÇÃO PRIMÁRIA;2;ATENÇAO BASICA;10;Saúde;301;Atenção Básica;74;3.3.90.18.00.00.00.00;AUXÍLIO FINANCEIRO A ESTUDANTES;2.621.000.0000;TRANSFERÊNCIAS FUNDO A FUNDO DE RECURSOS DO SUS PROVENIENTES DO GOVERNO ESTADUAL;946,28
FUNDO MUNICIPAL DE SAÚDE DE BARBACENA;18.002;FUNDO MUNICIPAL DE SAUDE;2.025;MANUTENÇÃO DA REDE DE ATENÇÃO PRIMÁRIA;2;ATENÇAO BASICA;10;Saúde;301;Atenção Básica;75;3.3.90.30.99.00.00.00;OUTROS MATERIAIS DE CONSUMO;1.621.000.0000;TRANSFERÊNCIAS FUNDO A FUNDO DE RECURSOS DO SUS PROVENIENTES DO GOVERNO ESTADUAL;115.451,92
FUNDO MUNICIPAL DE SAÚDE DE BARBACENA;18.002;FUNDO MUNICIPAL DE SAUDE;2.025;MANUTENÇÃO DA REDE DE ATENÇÃO PRIMÁRIA;2;ATENÇAO BASICA;10;Saúde;301;Atenção Básica;75;3.3.90.30.37.00.00.00;MATERIAL PARA MANUTENÇÃO DE VEÍCULOS;1.621.000.0000;TRANSFERÊNCIAS FUNDO A FUNDO DE RECURSOS DO SUS PROVENIENTES DO GOVERNO ESTADUAL;37.128,00
FUNDO MUNICIPAL DE SAÚDE DE BARBACENA;18.002;FUNDO MUNICIPAL DE SAUDE;2.025;MANUTENÇÃO DA REDE DE ATENÇÃO PRIMÁRIA;2;ATENÇAO BASICA;10;Saúde;301;Atenção Básica;75;3.3.90.30.24.00.00.00;MATERIAL PARA MANUTENÇÃO DE BENS IMÓVEIS;1.621.000.0000;TRANSFERÊNCIAS FUNDO A FUNDO DE RECURSOS DO SUS PROVENIENTES DO GOVERNO ESTADUAL;5.380,50
FUNDO MUNICIPAL DE SAÚDE DE BARBACENA;18.002;FUNDO MUNICIPAL DE SAUDE;2.025;MANUTENÇÃO DA REDE DE ATENÇÃO PRIMÁRIA;2;ATENÇAO BASICA;10;Saúde;301;Atenção Básica;75;3.3.90.30.35.00.00.00;MATERIAL HOSPITALAR;1.621.000.0000;TRANSFERÊNCIAS FUNDO A FUNDO DE RECURSOS DO SUS PROVENIENTES DO GOVERNO ESTADUAL;190.107,05
FUNDO MUNICIPAL DE SAÚDE DE BARBACENA;18.002;FUNDO MUNICIPAL DE SAUDE;2.025;MANUTENÇÃO DA REDE DE ATENÇÃO PRIMÁRIA;2;ATENÇAO BASICA;10;Saúde;301;Atenção Básica;75;3.3.90.30.10.00.00.00;MATERIAL ODONTOLÓGICO;1.621.000.0000;TRANSFERÊNCIAS FUNDO A FUNDO DE RECURSOS DO SUS PROVENIENTES DO GOVERNO ESTADUAL;43.870,00
FUNDO MUNICIPAL DE SAÚDE DE BARBACENA;18.002;FUNDO MUNICIPAL DE SAUDE;2.025;MANUTENÇÃO DA REDE DE ATENÇÃO PRIMÁRIA;2;ATENÇAO BASICA;10;Saúde;301;Atenção Básica;75;3.3.90.30.22.00.00.00;MATERIAL DE LIMPEZA E PRODUÇÃO DE HIGIENIZAÇÃO;2.600.000.0000;TRANSFERÊNCIAS FUNDO A FUNDO DE RECURSOS DO SUS PROVENIENTES DO GOVERNO FEDERAL - BLOCO DE MANUTENÇÃO DAS AÇÕES E SERVIÇOS PÚBLICOS DE SAÚDE;243.657,26
FUNDO MUNICIPAL DE SAÚDE DE BARBACENA;18.002;FUNDO MUNICIPAL DE SAUDE;2.025;MANUTENÇÃO DA REDE DE ATENÇÃO PRIMÁRIA;2;ATENÇAO BASICA;10;Saúde;301;Atenção Básica;75;3.3.90.30.16.00.00.00;MATERIAL DE EXPEDIENTE;2.600.000.0000;TRANSFERÊNCIAS FUNDO A FUNDO DE RECURSOS DO SUS PROVENIENTES DO GOVERNO FEDERAL - BLOCO DE MANUTENÇÃO DAS AÇÕES E SERVIÇOS PÚBLICOS DE SAÚDE;80.485,92
FUNDO MUNICIPAL DE SAÚDE DE BARBACENA;18.002;FUNDO MUNICIPAL DE SAUDE;2.025;MANUTENÇÃO DA REDE DE ATENÇÃO PRIMÁRIA;2;ATENÇAO BASICA;10;Saúde;301;Atenção Básica;75;3.3.90.30.28.00.00.00;MATERIAL DE PROTEÇÃO E SEGURANÇA;2.600.000.0000;TRANSFERÊNCIAS FUNDO A FUNDO DE RECURSOS DO SUS PROVENIENTES DO GOVERNO FEDERAL - BLOCO DE MANUTENÇÃO DAS AÇÕES E SERVIÇOS PÚBLICOS DE SAÚDE;50.194,26
FUNDO MUNICIPAL DE SAÚDE DE BARBACENA;18.002;FUNDO MUNICIPAL DE SAUDE;2.025;MANUTENÇÃO DA REDE DE ATENÇÃO PRIMÁRIA;2;ATENÇAO BASICA;10;Saúde;301;Atenção Básica;75;3.3.90.30.10.00.00.00;MATERIAL ODONTOLÓGICO;2.600.000.0000;TRANSFERÊNCIAS FUNDO A FUNDO DE RECURSOS DO SUS PROVENIENTES DO GOVERNO FEDERAL - BLOCO DE MANUTENÇÃO DAS AÇÕES E SERVIÇOS PÚBLICOS DE SAÚDE;619.645,75
FUNDO MUNICIPAL DE SAÚDE DE BARBACENA;18.002;FUNDO MUNICIPAL DE SAUDE;2.025;MANUTENÇÃO DA REDE DE ATENÇÃO PRIMÁRIA;2;ATENÇAO BASICA;10;Saúde;301;Atenção Básica;75;3.3.90.30.35.00.00.00;MATERIAL HOSPITALAR;2.600.000.0000;TRANSFERÊNCIAS FUNDO A FUNDO DE RECURSOS DO SUS PROVENIENTES DO GOVERNO FEDERAL - BLOCO DE MANUTENÇÃO DAS AÇÕES E SERVIÇOS PÚBLICOS DE SAÚDE;1.840,00
FUNDO MUNICIPAL DE SAÚDE DE BARBACENA;18.002;FUNDO MUNICIPAL DE SAUDE;2.025;MANUTENÇÃO DA REDE DE ATENÇÃO PRIMÁRIA;2;ATENÇAO BASICA;10;Saúde;301;Atenção Básica;75;3.3.90.30.99.00.00.00;OUTROS MATERIAIS DE CONSUMO;2.600.000.0000;TRANSFERÊNCIAS FUNDO A FUNDO DE RECURSOS DO SUS PROVENIENTES DO GOVERNO FEDERAL - BLOCO DE MANUTENÇÃO DAS AÇÕES E SERVIÇOS PÚBLICOS DE SAÚDE;32.708,63
FUNDO MUNICIPAL DE SAÚDE DE BARBACENA;18.002;FUNDO MUNICIPAL DE SAUDE;2.025;MANUTENÇÃO DA REDE DE ATENÇÃO PRIMÁRIA;2;ATENÇAO BASICA;10;Saúde;301;Atenção Básica;75;3.3.90.30.23.00.00.00;UNIFORMES, TECIDOS E AVIAMENTOS;2.600.000.0000;TRANSFERÊNCIAS FUNDO A FUNDO DE RECURSOS DO SUS PROVENIENTES DO GOVERNO FEDERAL - BLOCO DE MANUTENÇÃO DAS AÇÕES E SERVIÇOS PÚBLICOS DE SAÚDE;2.693,90
FUNDO MUNICIPAL DE SAÚDE DE BARBACENA;18.002;FUNDO MUNICIPAL DE SAUDE;2.025;MANUTENÇÃO DA REDE DE ATENÇÃO PRIMÁRIA;2;ATENÇAO BASICA;10;Saúde;301;Atenção Básica;75;3.3.90.30.99.00.00.00;OUTROS MATERIAIS DE CONSUMO;2.621.000.0000;TRANSFERÊNCIAS FUNDO A FUNDO DE RECURSOS DO SUS PROVENIENTES DO GOVERNO ESTADUAL;39.600,00
FUNDO MUNICIPAL DE SAÚDE DE BARBACENA;18.002;FUNDO MUNICIPAL DE SAUDE;2.025;MANUTENÇÃO DA REDE DE ATENÇÃO PRIMÁRIA;2;ATENÇAO BASICA;10;Saúde;301;Atenção Básica;75;3.3.90.30.17.00.00.00;MATERIAL DE PROCESSAMENTO DE DADOS;2.621.000.0000;TRANSFERÊNCIAS FUNDO A FUNDO DE RECURSOS DO SUS PROVENIENTES DO GOVERNO ESTADUAL;778,00
FUNDO MUNICIPAL DE SAÚDE DE BARBACENA;18.002;FUNDO MUNICIPAL DE SAUDE;2.025;MANUTENÇÃO DA REDE DE ATENÇÃO PRIMÁRIA;2;ATENÇAO BASICA;10;Saúde;301;Atenção Básica;75;3.3.90.30.04.00.00.00;GÁS ENGARRAFADO;2.621.000.0000;TRANSFERÊNCIAS FUNDO A FUNDO DE RECURSOS DO SUS PROVENIENTES DO GOVERNO ESTADUAL;3.503,00
FUNDO MUNICIPAL DE SAÚDE DE BARBACENA;18.002;FUNDO MUNICIPAL DE SAUDE;2.025;MANUTENÇÃO DA REDE DE ATENÇÃO PRIMÁRIA;2;ATENÇAO BASICA;10;Saúde;301;Atenção Básica;75;3.3.90.30.37.00.00.00;MATERIAL PARA MANUTENÇÃO DE VEÍCULOS;2.706.000.3110;TRANSFERÊNCIA ESPECIAL DA UNIÃO - TRANSFERÊNCIAS DA UNIÃO DECORRENTES DE EMENDAS PARLAMENTARES INDIVIDUAIS;63.588,54
FUNDO MUNICIPAL DE SAÚDE DE BARBACENA;18.002;FUNDO MUNICIPAL DE SAUDE;2.025;MANUTENÇÃO DA REDE DE ATENÇÃO PRIMÁRIA;2;ATENÇAO BASICA;10;Saúde;301;Atenção Básica;75;3.3.90.30.99.00.00.00;OUTROS MATERIAIS DE CONSUMO;2.706.000.3110;TRANSFERÊNCIA ESPECIAL DA UNIÃO - TRANSFERÊNCIAS DA UNIÃO DECORRENTES DE EMENDAS PARLAMENTARES INDIVIDUAIS;2.043.486,32
FUNDO MUNICIPAL DE SAÚDE DE BARBACENA;18.002;FUNDO MUNICIPAL DE SAUDE;2.025;MANUTENÇÃO DA REDE DE ATENÇÃO PRIMÁRIA;2;ATENÇAO BASICA;10;Saúde;301;Atenção Básica;76;3.3.90.36.99.00.00.00;OUTROS SERVIÇOS DE PESSOA FÍSICA;1.600.000.0000;TRANSFERÊNCIAS FUNDO A FUNDO DE RECURSOS DO SUS PROVENIENTES DO GOVERNO FEDERAL - BLOCO DE MANUTENÇÃO DAS AÇÕES E SERVIÇOS PÚBLICOS DE SAÚDE;31.450,00
FUNDO MUNICIPAL DE SAÚDE DE BARBACENA;18.002;FUNDO MUNICIPAL DE SAUDE;2.025;MANUTENÇÃO DA REDE DE ATENÇÃO PRIMÁRIA;2;ATENÇAO BASICA;10;Saúde;301;Atenção Básica;76;3.3.90.36.14.00.00.00;LOCAÇÃO DE IMÓVEIS;1.600.000.0000;TRANSFERÊNCIAS FUNDO A FUNDO DE RECURSOS DO SUS PROVENIENTES DO GOVERNO FEDERAL - BLOCO DE MANUTENÇÃO DAS AÇÕES E SERVIÇOS PÚBLICOS DE SAÚDE;13.550,00
FUNDO MUNICIPAL DE SAÚDE DE BARBACENA;18.002;FUNDO MUNICIPAL DE SAUDE;2.025;MANUTENÇÃO DA REDE DE ATENÇÃO PRIMÁRIA;2;ATENÇAO BASICA;10;Saúde;301;Atenção Básica;76;3.3.90.36.14.00.00.00;LOCAÇÃO DE IMÓVEIS;2.600.000.0000;TRANSFERÊNCIAS FUNDO A FUNDO DE RECURSOS DO SUS PROVENIENTES DO GOVERNO FEDERAL - BLOCO DE MANUTENÇÃO DAS AÇÕES E SERVIÇOS PÚBLICOS DE SAÚDE;3.900,00
FUNDO MUNICIPAL DE SAÚDE DE BARBACENA;18.002;FUNDO MUNICIPAL DE SAUDE;2.025;MANUTENÇÃO DA REDE DE ATENÇÃO PRIMÁRIA;2;ATENÇAO BASICA;10;Saúde;301;Atenção Básica;77;3.3.90.39.29.00.00.00;SERVIÇOS DE ENERGIA ELÉTRICA;1.500.000.1002;RECURSOS NÃO VINCULADOS DE IMPOSTOS (SAÚDE);80.000,00
FUNDO MUNICIPAL DE SAÚDE DE BARBACENA;18.002;FUNDO MUNICIPAL DE SAUDE;2.025;MANUTENÇÃO DA REDE DE ATENÇÃO PRIMÁRIA;2;ATENÇAO BASICA;10;Saúde;301;Atenção Básica;77;3.3.90.39.30.00.00.00;SERVIÇOS DE ÁGUA E ESGOTO;1.500.000.1002;RECURSOS NÃO VINCULADOS DE IMPOSTOS (SAÚDE);11.081,87
FUNDO MUNICIPAL DE SAÚDE DE BARBACENA;18.002;FUNDO MUNICIPAL DE SAUDE;2.025;MANUTENÇÃO DA REDE DE ATENÇÃO PRIMÁRIA;2;ATENÇAO BASICA;10;Saúde;301;Atenção Básica;77;3.3.90.39.99.00.00.00;OUTROS SERVIÇOS DE TERCEIROS - PESSOA JURÍDICA;1.600.000.0000;TRANSFERÊNCIAS FUNDO A FUNDO DE RECURSOS DO SUS PROVENIENTES DO GOVERNO FEDERAL - BLOCO DE MANUTENÇÃO DAS AÇÕES E SERVIÇOS PÚBLICOS DE SAÚDE;116.474,14
FUNDO MUNICIPAL DE SAÚDE DE BARBACENA;18.002;FUNDO MUNICIPAL DE SAUDE;2.025;MANUTENÇÃO DA REDE DE ATENÇÃO PRIMÁRIA;2;ATENÇAO BASICA;10;Saúde;301;Atenção Básica;77;3.3.90.39.99.00.00.00;OUTROS SERVIÇOS DE TERCEIROS - PESSOA JURÍDICA;1.621.000.0000;TRANSFERÊNCIAS FUNDO A FUNDO DE RECURSOS DO SUS PROVENIENTES DO GOVERNO ESTADUAL;187.948,37
FUNDO MUNICIPAL DE SAÚDE DE BARBACENA;18.002;FUNDO MUNICIPAL DE SAUDE;2.025;MANUTENÇÃO DA REDE DE ATENÇÃO PRIMÁRIA;2;ATENÇAO BASICA;10;Saúde;301;Atenção Básica;77;3.3.90.39.10.00.00.00;LOCAÇÃO DE IMÓVEIS;2.600.000.0000;TRANSFERÊNCIAS FUNDO A FUNDO DE RECURSOS DO SUS PROVENIENTES DO GOVERNO FEDERAL - BLOCO DE MANUTENÇÃO DAS AÇÕES E SERVIÇOS PÚBLICOS DE SAÚDE;11.550,00
FUNDO MUNICIPAL DE SAÚDE DE BARBACENA;18.002;FUNDO MUNICIPAL DE SAUDE;2.025;MANUTENÇÃO DA REDE DE ATENÇÃO PRIMÁRIA;2;ATENÇAO BASICA;10;Saúde;301;Atenção Básica;77;3.3.90.39.43.00.00.00;SERVIÇOS DE TELECOMUNICAÇÕES;2.621.000.0000;TRANSFERÊNCIAS FUNDO A FUNDO DE RECURSOS DO SUS PROVENIENTES DO GOVERNO ESTADUAL;22.092,00
FUNDO MUNICIPAL DE SAÚDE DE BARBACENA;18.002;FUNDO MUNICIPAL DE SAUDE;2.025;MANUTENÇÃO DA REDE DE ATENÇÃO PRIMÁRIA;2;ATENÇAO BASICA;10;Saúde;301;Atenção Básica;77;3.3.90.39.99.00.00.00;OUTROS SERVIÇOS DE TERCEIROS - PESSOA JURÍDICA;2.621.000.0000;TRANSFERÊNCIAS FUNDO A FUNDO DE RECURSOS DO SUS PROVENIENTES DO GOVERNO ESTADUAL;636.207,64
FUNDO MUNICIPAL DE SAÚDE DE BARBACENA;18.002;FUNDO MUNICIPAL DE SAUDE;2.025;MANUTENÇÃO DA REDE DE ATENÇÃO PRIMÁRIA;2;ATENÇAO BASICA;10;Saúde;301;Atenção Básica;77;3.3.90.39.12.00.00.00;LOCAÇÃO DE MÁQUINAS E EQUIPAMENTOS;2.621.000.0000;TRANSFERÊNCIAS FUNDO A FUNDO DE RECURSOS DO SUS PROVENIENTES DO GOVERNO ESTADUAL;64.035,72
FUNDO MUNICIPAL DE SAÚDE DE BARBACENA;18.002;FUNDO MUNICIPAL DE SAUDE;2.025;MANUTENÇÃO DA REDE DE ATENÇÃO PRIMÁRIA;2;ATENÇAO BASICA;10;Saúde;301;Atenção Básica;77;3.3.90.39.27.00.00.00;FORNECIMENTO DE ALIMENTAÇÃO;2.621.000.0000;TRANSFERÊNCIAS FUNDO A FUNDO DE RECURSOS DO SUS PROVENIENTES DO GOVERNO ESTADUAL;50.918,06
FUNDO MUNICIPAL DE SAÚDE DE BARBACENA;18.002;FUNDO MUNICIPAL DE SAUDE;2.025;MANUTENÇÃO DA REDE DE ATENÇÃO PRIMÁRIA;2;ATENÇAO BASICA;10;Saúde;301;Atenção Básica;77;3.3.90.39.48.00.00.00;SERVIÇOS GRÁFICOS;2.621.000.0000;TRANSFERÊNCIAS FUNDO A FUNDO DE RECURSOS DO SUS PROVENIENTES DO GOVERNO ESTADUAL;2.583,00
FUNDO MUNICIPAL DE SAÚDE DE BARBACENA;18.002;FUNDO MUNICIPAL DE SAUDE;2.025;MANUTENÇÃO DA REDE DE ATENÇÃO PRIMÁRIA;2;ATENÇAO BASICA;10;Saúde;301;Atenção Básica;77;3.3.90.39.53.00.00.00;SEGUROS EM GERAL;2.621.000.0000;TRANSFERÊNCIAS FUNDO A FUNDO DE RECURSOS DO SUS PROVENIENTES DO GOVERNO ESTADUAL;12.500,00
FUNDO MUNICIPAL DE SAÚDE DE BARBACENA;18.002;FUNDO MUNICIPAL DE SAUDE;2.025;MANUTENÇÃO DA REDE DE ATENÇÃO PRIMÁRIA;2;ATENÇAO BASICA;10;Saúde;301;Atenção Básica;77;3.3.90.39.16.00.00.00;MANUTENÇÃO E CONSERVAÇÃO DE VEÍCULOS;2.706.000.3110;TRANSFERÊNCIA ESPECIAL DA UNIÃO - TRANSFERÊNCIAS DA UNIÃO DECORRENTES DE EMENDAS PARLAMENTARES INDIVIDUAIS;48.838,28
FUNDO MUNICIPAL DE SAÚDE DE BARBACENA;18.002;FUNDO MUNICIPAL DE SAUDE;2.025;MANUTENÇÃO DA REDE DE ATENÇÃO PRIMÁRIA;2;ATENÇAO BASICA;10;Saúde;301;Atenção Básica;77;3.3.90.39.99.00.00.00;OUTROS SERVIÇOS DE TERCEIROS - PESSOA JURÍDICA;2.706.000.3110;TRANSFERÊNCIA ESPECIAL DA UNIÃO - TRANSFERÊNCIAS DA UNIÃO DECORRENTES DE EMENDAS PARLAMENTARES INDIVIDUAIS;2.492.436,56
FUNDO MUNICIPAL DE SAÚDE DE BARBACENA;18.002;FUNDO MUNICIPAL DE SAUDE;2.025;MANUTENÇÃO DA REDE DE ATENÇÃO PRIMÁRIA;2;ATENÇAO BASICA;10;Saúde;301;Atenção Básica;77;3.3.90.39.48.00.00.00;SERVIÇOS GRÁFICOS;2.706.000.3110;TRANSFERÊNCIA ESPECIAL DA UNIÃO - TRANSFERÊNCIAS DA UNIÃO DECORRENTES DE EMENDAS PARLAMENTARES INDIVIDUAIS;103.029,69
FUNDO MUNICIPAL DE SAÚDE DE BARBACENA;18.002;FUNDO MUNICIPAL DE SAUDE;2.025;MANUTENÇÃO DA REDE DE ATENÇÃO PRIMÁRIA;2;ATENÇAO BASICA;10;Saúde;301;Atenção Básica;79;3.3.90.46.00.00.00.00;AUXÍLIO-ALIMENTAÇÃO;1.500.000.1002;RECURSOS NÃO VINCULADOS DE IMPOSTOS (SAÚDE);477.490,00
FUNDO MUNICIPAL DE SAÚDE DE BARBACENA;18.002;FUNDO MUNICIPAL DE SAUDE;2.025;MANUTENÇÃO DA REDE DE ATENÇÃO PRIMÁRIA;2;ATENÇAO BASICA;10;Saúde;301;Atenção Básica;79;3.3.90.46.00.00.00.00;AUXÍLIO-ALIMENTAÇÃO;1.600.000.0000;TRANSFERÊNCIAS FUNDO A FUNDO DE RECURSOS DO SUS PROVENIENTES DO GOVERNO FEDERAL - BLOCO DE MANUTENÇÃO DAS AÇÕES E SERVIÇOS PÚBLICOS DE SAÚDE;391.000,00
FUNDO MUNICIPAL DE SAÚDE DE BARBACENA;18.002;FUNDO MUNICIPAL DE SAUDE;2.025;MANUTENÇÃO DA REDE DE ATENÇÃO PRIMÁRIA;2;ATENÇAO BASICA;10;Saúde;301;Atenção Básica;79;3.3.90.46.00.00.00.00;AUXÍLIO-ALIMENTAÇÃO;1.621.000.0000;TRANSFERÊNCIAS FUNDO A FUNDO DE RECURSOS DO SUS PROVENIENTES DO GOVERNO ESTADUAL;13.200,00
FUNDO MUNICIPAL DE SAÚDE DE BARBACENA;18.002;FUNDO MUNICIPAL DE SAUDE;2.025;MANUTENÇÃO DA REDE DE ATENÇÃO PRIMÁRIA;2;ATENÇAO BASICA;10;Saúde;301;Atenção Básica;79;3.3.90.46.00.00.00.00;AUXÍLIO-ALIMENTAÇÃO;2.600.000.0000;TRANSFERÊNCIAS FUNDO A FUNDO DE RECURSOS DO SUS PROVENIENTES DO GOVERNO FEDERAL - BLOCO DE MANUTENÇÃO DAS AÇÕES E SERVIÇOS PÚBLICOS DE SAÚDE;291.320,00
FUNDO MUNICIPAL DE SAÚDE DE BARBACENA;18.002;FUNDO MUNICIPAL DE SAUDE;2.025;MANUTENÇÃO DA REDE DE ATENÇÃO PRIMÁRIA;2;ATENÇAO BASICA;10;Saúde;301;Atenção Básica;79;3.3.90.46.00.00.00.00;AUXÍLIO-ALIMENTAÇÃO;2.621.000.0000;TRANSFERÊNCIAS FUNDO A FUNDO DE RECURSOS DO SUS PROVENIENTES DO GOVERNO ESTADUAL;105.180,00
FUNDO MUNICIPAL DE SAÚDE DE BARBACENA;18.002;FUNDO MUNICIPAL DE SAUDE;2.025;MANUTENÇÃO DA REDE DE ATENÇÃO PRIMÁRIA;2;ATENÇAO BASICA;10;Saúde;301;Atenção Básica;81;3.3.90.48.00.00.00.00;OUTROS AUXÍLIOS FINANCEIROS A PESSOAS FÍSICAS;1.500.000.1002;RECURSOS NÃO VINCULADOS DE IMPOSTOS (SAÚDE);22.800,00
FUNDO MUNICIPAL DE SAÚDE DE BARBACENA;18.002;FUNDO MUNICIPAL DE SAUDE;2.025;MANUTENÇÃO DA REDE DE ATENÇÃO PRIMÁRIA;2;ATENÇAO BASICA;10;Saúde;301;Atenção Básica;82;4.4.90.52.04.00.00.00;APARELHOS, EQUIPAMENTOS, UTENSÍLIOS MÉDICO-ODONT;1.500.000.1002;RECURSOS NÃO VINCULADOS DE IMPOSTOS (SAÚDE);44.550,00
FUNDO MUNICIPAL DE SAÚDE DE BARBACENA;18.002;FUNDO MUNICIPAL DE SAUDE;2.025;MANUTENÇÃO DA REDE DE ATENÇÃO PRIMÁRIA;2;ATENÇAO BASICA;10;Saúde;301;Atenção Básica;82;4.4.90.52.99.00.00.00;OUTROS MATERIAIS PERMANENTES;1.621.000.0000;TRANSFERÊNCIAS FUNDO A FUNDO DE RECURSOS DO SUS PROVENIENTES DO GOVERNO ESTADUAL;7.513,00
FUNDO MUNICIPAL DE SAÚDE DE BARBACENA;18.002;FUNDO MUNICIPAL DE SAUDE;2.025;MANUTENÇÃO DA REDE DE ATENÇÃO PRIMÁRIA;2;ATENÇAO BASICA;10;Saúde;301;Atenção Básica;82;4.4.90.52.18.00.00.00;MÁQUINAS, UTENSÍLIOS E EQUIPAMENTOS DIVERSOS;1.621.000.0000;TRANSFERÊNCIAS FUNDO A FUNDO DE RECURSOS DO SUS PROVENIENTES DO GOVERNO ESTADUAL;4.795,00
FUNDO MUNICIPAL DE SAÚDE DE BARBACENA;18.002;FUNDO MUNICIPAL DE SAUDE;2.025;MANUTENÇÃO DA REDE DE ATENÇÃO PRIMÁRIA;2;ATENÇAO BASICA;10;Saúde;301;Atenção Básica;82;4.4.90.52.04.00.00.00;APARELHOS, EQUIPAMENTOS, UTENSÍLIOS MÉDICO-ODONT;2.601.000.0000;TRANSFERÊNCIAS FUNDO A FUNDO DE RECURSOS DO SUS PROVENIENTES DO GOVERNO FEDERAL. BLOCO DE ESTRUTURAÇÃO DA REDE DE SERVIÇOS PÚBLICOS DE SAÚDE;19.850,00
FUNDO MUNICIPAL DE SAÚDE DE BARBACENA;18.002;FUNDO MUNICIPAL DE SAUDE;2.025;MANUTENÇÃO DA REDE DE ATENÇÃO PRIMÁRIA;2;ATENÇAO BASICA;10;Saúde;301;Atenção Básica;82;4.4.90.52.24.00.00.00;MOBILIÁRIO EM GERAL;2.601.000.0000;TRANSFERÊNCIAS FUNDO A FUNDO DE RECURSOS DO SUS PROVENIENTES DO GOVERNO FEDERAL. BLOCO DE ESTRUTURAÇÃO DA REDE DE SERVIÇOS PÚBLICOS DE SAÚDE;578.583,00
FUNDO MUNICIPAL DE SAÚDE DE BARBACENA;18.002;FUNDO MUNICIPAL DE SAUDE;2.025;MANUTENÇÃO DA REDE DE ATENÇÃO PRIMÁRIA;2;ATENÇAO BASICA;10;Saúde;301;Atenção Básica;268;4.4.90.51.01.00.00.00;OBRAS E INSTALAÇÕES DE DOMÍNIO PÚBLICO;1.500.000.1002;RECURSOS NÃO VINCULADOS DE IMPOSTOS (SAÚDE);157.174,73
FUNDO MUNICIPAL DE SAÚDE DE BARBACENA;18.002;FUNDO MUNICIPAL DE SAUDE;2.025;MANUTENÇÃO DA REDE DE ATENÇÃO PRIMÁRIA;2;ATENÇAO BASICA;10;Saúde;301;Atenção Básica;278;3.3.50.41.00.00.00.00;CONTRIBUIÇÕES;2.621.000.0000;TRANSFERÊNCIAS FUNDO A FUNDO DE RECURSOS DO SUS PROVENIENTES DO GOVERNO ESTADUAL;564.508,00
FUNDO MUNICIPAL DE SAÚDE DE BARBACENA;18.002;FUNDO MUNICIPAL DE SAUDE;2.025;MANUTENÇÃO DA REDE DE ATENÇÃO PRIMÁRIA;2;ATENÇAO BASICA;10;Saúde;301;Atenção Básica;279;4.4.50.41.00.00.00.00;CONTRIBUIÇÕES;1.500.000.1002;RECURSOS NÃO VINCULADOS DE IMPOSTOS (SAÚDE);127.500,00
FUNDO MUNICIPAL DE SAÚDE DE BARBACENA;18.002;FUNDO MUNICIPAL DE SAUDE;2.615;MANUTENÇAO DO PROGRAMA ACS;2;ATENÇAO BASICA;10;Saúde;301;Atenção Básica;85;3.1.90.04.01.00.00.00;SALÁRIO CONTRATO TEMPORÁRIO;1.500.000.1002;RECURSOS NÃO VINCULADOS DE IMPOSTOS (SAÚDE);20.395,54
FUNDO MUNICIPAL DE SAÚDE DE BARBACENA;18.002;FUNDO MUNICIPAL DE SAUDE;2.615;MANUTENÇAO DO PROGRAMA ACS;2;ATENÇAO BASICA;10;Saúde;301;Atenção Básica;85;3.1.90.04.15.00.00.00;OBRIGAÇÕES PATRONAIS - CONTRATO TEMPORÁRIO;1.500.000.1002;RECURSOS NÃO VINCULADOS DE IMPOSTOS (SAÚDE);1.661,76
FUNDO MUNICIPAL DE SAÚDE DE BARBACENA;18.002;FUNDO MUNICIPAL DE SAUDE;2.615;MANUTENÇAO DO PROGRAMA ACS;2;ATENÇAO BASICA;10;Saúde;301;Atenção Básica;85;3.1.90.04.15.00.00.00;OBRIGAÇÕES PATRONAIS - CONTRATO TEMPORÁRIO;1.600.000.0000;TRANSFERÊNCIAS FUNDO A FUNDO DE RECURSOS DO SUS PROVENIENTES DO GOVERNO FEDERAL - BLOCO DE MANUTENÇÃO DAS AÇÕES E SERVIÇOS PÚBLICOS DE SAÚDE;3.323,52
FUNDO MUNICIPAL DE SAÚDE DE BARBACENA;18.002;FUNDO MUNICIPAL DE SAUDE;2.615;MANUTENÇAO DO PROGRAMA ACS;2;ATENÇAO BASICA;10;Saúde;301;Atenção Básica;85;3.1.90.04.01.00.00.00;SALÁRIO CONTRATO TEMPORÁRIO;1.600.000.0000;TRANSFERÊNCIAS FUNDO A FUNDO DE RECURSOS DO SUS PROVENIENTES DO GOVERNO FEDERAL - BLOCO DE MANUTENÇÃO DAS AÇÕES E SERVIÇOS PÚBLICOS DE SAÚDE;32.005,33
FUNDO MUNICIPAL DE SAÚDE DE BARBACENA;18.002;FUNDO MUNICIPAL DE SAUDE;2.615;MANUTENÇAO DO PROGRAMA ACS;2;ATENÇAO BASICA;10;Saúde;301;Atenção Básica;85;3.1.90.04.15.00.00.00;OBRIGAÇÕES PATRONAIS - CONTRATO TEMPORÁRIO;2.600.000.0000;TRANSFERÊNCIAS FUNDO A FUNDO DE RECURSOS DO SUS PROVENIENTES DO GOVERNO FEDERAL - BLOCO DE MANUTENÇÃO DAS AÇÕES E SERVIÇOS PÚBLICOS DE SAÚDE;1.661,76
FUNDO MUNICIPAL DE SAÚDE DE BARBACENA;18.002;FUNDO MUNICIPAL DE SAUDE;2.615;MANUTENÇAO DO PROGRAMA ACS;2;ATENÇAO BASICA;10;Saúde;301;Atenção Básica;85;3.1.90.04.01.00.00.00;SALÁRIO CONTRATO TEMPORÁRIO;2.600.000.0000;TRANSFERÊNCIAS FUNDO A FUNDO DE RECURSOS DO SUS PROVENIENTES DO GOVERNO FEDERAL - BLOCO DE MANUTENÇÃO DAS AÇÕES E SERVIÇOS PÚBLICOS DE SAÚDE;20.709,33
FUNDO MUNICIPAL DE SAÚDE DE BARBACENA;18.002;FUNDO MUNICIPAL DE SAUDE;2.615;MANUTENÇAO DO PROGRAMA ACS;2;ATENÇAO BASICA;10;Saúde;301;Atenção Básica;85;3.1.90.04.15.00.00.00;OBRIGAÇÕES PATRONAIS - CONTRATO TEMPORÁRIO;2.621.000.0000;TRANSFERÊNCIAS FUNDO A FUNDO DE RECURSOS DO SUS PROVENIENTES DO GOVERNO ESTADUAL;553,92
FUNDO MUNICIPAL DE SAÚDE DE BARBACENA;18.002;FUNDO MUNICIPAL DE SAUDE;2.615;MANUTENÇAO DO PROGRAMA ACS;2;ATENÇAO BASICA;10;Saúde;301;Atenção Básica;85;3.1.90.04.01.00.00.00;SALÁRIO CONTRATO TEMPORÁRIO;2.621.000.0000;TRANSFERÊNCIAS FUNDO A FUNDO DE RECURSOS DO SUS PROVENIENTES DO GOVERNO ESTADUAL;5.648,00
FUNDO MUNICIPAL DE SAÚDE DE BARBACENA;18.002;FUNDO MUNICIPAL DE SAUDE;2.615;MANUTENÇAO DO PROGRAMA ACS;2;ATENÇAO BASICA;10;Saúde;301;Atenção Básica;86;3.1.90.11.01.00.00.00;VENCIMENTOS E SALÁRIOS;1.500.000.1002;RECURSOS NÃO VINCULADOS DE IMPOSTOS (SAÚDE);576.589,22
FUNDO MUNICIPAL DE SAÚDE DE BARBACENA;18.002;FUNDO MUNICIPAL DE SAUDE;2.615;MANUTENÇAO DO PROGRAMA ACS;2;ATENÇAO BASICA;10;Saúde;301;Atenção Básica;86;3.1.90.11.52.00.00.00;LICENÇA SAÚDE;1.500.000.1002;RECURSOS NÃO VINCULADOS DE IMPOSTOS (SAÚDE);28.055,52
FUNDO MUNICIPAL DE SAÚDE DE BARBACENA;18.002;FUNDO MUNICIPAL DE SAUDE;2.615;MANUTENÇAO DO PROGRAMA ACS;2;ATENÇAO BASICA;10;Saúde;301;Atenção Básica;86;3.1.90.11.01.00.00.00;VENCIMENTOS E SALÁRIOS;1.600.000.0000;TRANSFERÊNCIAS FUNDO A FUNDO DE RECURSOS DO SUS PROVENIENTES DO GOVERNO FEDERAL - BLOCO DE MANUTENÇÃO DAS AÇÕES E SERVIÇOS PÚBLICOS DE SAÚDE;1.033.551,92
FUNDO MUNICIPAL DE SAÚDE DE BARBACENA;18.002;FUNDO MUNICIPAL DE SAUDE;2.615;MANUTENÇAO DO PROGRAMA ACS;2;ATENÇAO BASICA;10;Saúde;301;Atenção Básica;86;3.1.90.11.52.00.00.00;LICENÇA SAÚDE;1.600.000.0000;TRANSFERÊNCIAS FUNDO A FUNDO DE RECURSOS DO SUS PROVENIENTES DO GOVERNO FEDERAL - BLOCO DE MANUTENÇÃO DAS AÇÕES E SERVIÇOS PÚBLICOS DE SAÚDE;69.795,16
FUNDO MUNICIPAL DE SAÚDE DE BARBACENA;18.002;FUNDO MUNICIPAL DE SAUDE;2.615;MANUTENÇAO DO PROGRAMA ACS;2;ATENÇAO BASICA;10;Saúde;301;Atenção Básica;86;3.1.90.11.50.00.00.00;SALÁRIO MATERNIDADE;1.604.000.0000;TRANSFERÊNCIAS PROVENIENTES DO GOVERNO FEDERAL DESTINADAS AO VENCIMENTO DOS AGENTES COMUNITÁRIOS DE SAÚDE E DOS AGENTES DE COMBATE ÀS ENDEMIAS;37.479,19
FUNDO MUNICIPAL DE SAÚDE DE BARBACENA;18.002;FUNDO MUNICIPAL DE SAUDE;2.615;MANUTENÇAO DO PROGRAMA ACS;2;ATENÇAO BASICA;10;Saúde;301;Atenção Básica;86;3.1.90.11.01.00.00.00;VENCIMENTOS E SALÁRIOS;1.604.000.0000;TRANSFERÊNCIAS PROVENIENTES DO GOVERNO FEDERAL DESTINADAS AO VENCIMENTO DOS AGENTES COMUNITÁRIOS DE SAÚDE E DOS AGENTES DE COMBATE ÀS ENDEMIAS;3.438.426,65
FUNDO MUNICIPAL DE SAÚDE DE BARBACENA;18.002;FUNDO MUNICIPAL DE SAUDE;2.615;MANUTENÇAO DO PROGRAMA ACS;2;ATENÇAO BASICA;10;Saúde;301;Atenção Básica;86;3.1.90.11.52.00.00.00;LICENÇA SAÚDE;1.604.000.0000;TRANSFERÊNCIAS PROVENIENTES DO GOVERNO FEDERAL DESTINADAS AO VENCIMENTO DOS AGENTES COMUNITÁRIOS DE SAÚDE E DOS AGENTES DE COMBATE ÀS ENDEMIAS;167.814,48
FUNDO MUNICIPAL DE SAÚDE DE BARBACENA;18.002;FUNDO MUNICIPAL DE SAUDE;2.615;MANUTENÇAO DO PROGRAMA ACS;2;ATENÇAO BASICA;10;Saúde;301;Atenção Básica;86;3.1.90.11.01.00.00.00;VENCIMENTOS E SALÁRIOS;2.600.000.0000;TRANSFERÊNCIAS FUNDO A FUNDO DE RECURSOS DO SUS PROVENIENTES DO GOVERNO FEDERAL - BLOCO DE MANUTENÇÃO DAS AÇÕES E SERVIÇOS PÚBLICOS DE SAÚDE;689.024,87
FUNDO MUNICIPAL DE SAÚDE DE BARBACENA;18.002;FUNDO MUNICIPAL DE SAUDE;2.615;MANUTENÇAO DO PROGRAMA ACS;2;ATENÇAO BASICA;10;Saúde;301;Atenção Básica;86;3.1.90.11.52.00.00.00;LICENÇA SAÚDE;2.600.000.0000;TRANSFERÊNCIAS FUNDO A FUNDO DE RECURSOS DO SUS PROVENIENTES DO GOVERNO FEDERAL - BLOCO DE MANUTENÇÃO DAS AÇÕES E SERVIÇOS PÚBLICOS DE SAÚDE;35.182,34
FUNDO MUNICIPAL DE SAÚDE DE BARBACENA;18.002;FUNDO MUNICIPAL DE SAUDE;2.615;MANUTENÇAO DO PROGRAMA ACS;2;ATENÇAO BASICA;10;Saúde;301;Atenção Básica;86;3.1.90.11.01.00.00.00;VENCIMENTOS E SALÁRIOS;2.604.000.0000;TRANSFERÊNCIAS PROVENIENTES DO GOVERNO FEDERAL DESTINADAS AO VENCIMENTO DOS AGENTES COMUNITÁRIOS DE SAÚDE E DOS AGENTES DE COMBATE ÀS ENDEMIAS;454.830,56
FUNDO MUNICIPAL DE SAÚDE DE BARBACENA;18.002;FUNDO MUNICIPAL DE SAUDE;2.615;MANUTENÇAO DO PROGRAMA ACS;2;ATENÇAO BASICA;10;Saúde;301;Atenção Básica;86;3.1.90.11.52.00.00.00;LICENÇA SAÚDE;2.604.000.0000;TRANSFERÊNCIAS PROVENIENTES DO GOVERNO FEDERAL DESTINADAS AO VENCIMENTO DOS AGENTES COMUNITÁRIOS DE SAÚDE E DOS AGENTES DE COMBATE ÀS ENDEMIAS;10.797,08
FUNDO MUNICIPAL DE SAÚDE DE BARBACENA;18.002;FUNDO MUNICIPAL DE SAUDE;2.615;MANUTENÇAO DO PROGRAMA ACS;2;ATENÇAO BASICA;10;Saúde;301;Atenção Básica;86;3.1.90.11.01.00.00.00;VENCIMENTOS E SALÁRIOS;2.621.000.0000;TRANSFERÊNCIAS FUNDO A FUNDO DE RECURSOS DO SUS PROVENIENTES DO GOVERNO ESTADUAL;183.023,44
FUNDO MUNICIPAL DE SAÚDE DE BARBACENA;18.002;FUNDO MUNICIPAL DE SAUDE;2.615;MANUTENÇAO DO PROGRAMA ACS;2;ATENÇAO BASICA;10;Saúde;301;Atenção Básica;86;3.1.90.11.52.00.00.00;LICENÇA SAÚDE;2.621.000.0000;TRANSFERÊNCIAS FUNDO A FUNDO DE RECURSOS DO SUS PROVENIENTES DO GOVERNO ESTADUAL;20.859,95
FUNDO MUNICIPAL DE SAÚDE DE BARBACENA;18.002;FUNDO MUNICIPAL DE SAUDE;2.615;MANUTENÇAO DO PROGRAMA ACS;2;ATENÇAO BASICA;10;Saúde;301;Atenção Básica;87;3.1.91.13.08.00.00.00;CONTRIB. PREV.- RPPS - PESSOAL ATIVO - PLANO PREV.;1.500.000.1002;RECURSOS NÃO VINCULADOS DE IMPOSTOS (SAÚDE);165.966,70
FUNDO MUNICIPAL DE SAÚDE DE BARBACENA;18.002;FUNDO MUNICIPAL DE SAUDE;2.615;MANUTENÇAO DO PROGRAMA ACS;2;ATENÇAO BASICA;10;Saúde;301;Atenção Básica;87;3.1.91.13.08.00.00.00;CONTRIB. PREV.- RPPS - PESSOAL ATIVO - PLANO PREV.;1.600.000.0000;TRANSFERÊNCIAS FUNDO A FUNDO DE RECURSOS DO SUS PROVENIENTES DO GOVERNO FEDERAL - BLOCO DE MANUTENÇÃO DAS AÇÕES E SERVIÇOS PÚBLICOS DE SAÚDE;320.734,72
FUNDO MUNICIPAL DE SAÚDE DE BARBACENA;18.002;FUNDO MUNICIPAL DE SAUDE;2.615;MANUTENÇAO DO PROGRAMA ACS;2;ATENÇAO BASICA;10;Saúde;301;Atenção Básica;87;3.1.91.13.08.00.00.00;CONTRIB. PREV.- RPPS - PESSOAL ATIVO - PLANO PREV.;1.604.000.0000;TRANSFERÊNCIAS PROVENIENTES DO GOVERNO FEDERAL DESTINADAS AO VENCIMENTO DOS AGENTES COMUNITÁRIOS DE SAÚDE E DOS AGENTES DE COMBATE ÀS ENDEMIAS;1.040.538,80
FUNDO MUNICIPAL DE SAÚDE DE BARBACENA;18.002;FUNDO MUNICIPAL DE SAUDE;2.615;MANUTENÇAO DO PROGRAMA ACS;2;ATENÇAO BASICA;10;Saúde;301;Atenção Básica;87;3.1.91.13.08.00.00.00;CONTRIB. PREV.- RPPS - PESSOAL ATIVO - PLANO PREV.;2.600.000.0000;TRANSFERÊNCIAS FUNDO A FUNDO DE RECURSOS DO SUS PROVENIENTES DO GOVERNO FEDERAL - BLOCO DE MANUTENÇÃO DAS AÇÕES E SERVIÇOS PÚBLICOS DE SAÚDE;204.802,07
FUNDO MUNICIPAL DE SAÚDE DE BARBACENA;18.002;FUNDO MUNICIPAL DE SAUDE;2.615;MANUTENÇAO DO PROGRAMA ACS;2;ATENÇAO BASICA;10;Saúde;301;Atenção Básica;87;3.1.91.13.08.00.00.00;CONTRIB. PREV.- RPPS - PESSOAL ATIVO - PLANO PREV.;2.604.000.0000;TRANSFERÊNCIAS PROVENIENTES DO GOVERNO FEDERAL DESTINADAS AO VENCIMENTO DOS AGENTES COMUNITÁRIOS DE SAÚDE E DOS AGENTES DE COMBATE ÀS ENDEMIAS;85.322,17
FUNDO MUNICIPAL DE SAÚDE DE BARBACENA;18.002;FUNDO MUNICIPAL DE SAUDE;2.615;MANUTENÇAO DO PROGRAMA ACS;2;ATENÇAO BASICA;10;Saúde;301;Atenção Básica;87;3.1.91.13.08.00.00.00;CONTRIB. PREV.- RPPS - PESSOAL ATIVO - PLANO PREV.;2.621.000.0000;TRANSFERÊNCIAS FUNDO A FUNDO DE RECURSOS DO SUS PROVENIENTES DO GOVERNO ESTADUAL;56.257,22
FUNDO MUNICIPAL DE SAÚDE DE BARBACENA;18.002;FUNDO MUNICIPAL DE SAUDE;2.615;MANUTENÇAO DO PROGRAMA ACS;2;ATENÇAO BASICA;10;Saúde;301;Atenção Básica;91;3.3.90.46.00.00.00.00;AUXÍLIO-ALIMENTAÇÃO;1.500.000.1002;RECURSOS NÃO VINCULADOS DE IMPOSTOS (SAÚDE);117.900,00
FUNDO MUNICIPAL DE SAÚDE DE BARBACENA;18.002;FUNDO MUNICIPAL DE SAUDE;2.615;MANUTENÇAO DO PROGRAMA ACS;2;ATENÇAO BASICA;10;Saúde;301;Atenção Básica;91;3.3.90.46.00.00.00.00;AUXÍLIO-ALIMENTAÇÃO;1.600.000.0000;TRANSFERÊNCIAS FUNDO A FUNDO DE RECURSOS DO SUS PROVENIENTES DO GOVERNO FEDERAL - BLOCO DE MANUTENÇÃO DAS AÇÕES E SERVIÇOS PÚBLICOS DE SAÚDE;181.800,00
FUNDO MUNICIPAL DE SAÚDE DE BARBACENA;18.002;FUNDO MUNICIPAL DE SAUDE;2.615;MANUTENÇAO DO PROGRAMA ACS;2;ATENÇAO BASICA;10;Saúde;301;Atenção Básica;91;3.3.90.46.00.00.00.00;AUXÍLIO-ALIMENTAÇÃO;1.604.000.0000;TRANSFERÊNCIAS PROVENIENTES DO GOVERNO FEDERAL DESTINADAS AO VENCIMENTO DOS AGENTES COMUNITÁRIOS DE SAÚDE E DOS AGENTES DE COMBATE ÀS ENDEMIAS;603.580,00
FUNDO MUNICIPAL DE SAÚDE DE BARBACENA;18.002;FUNDO MUNICIPAL DE SAUDE;2.615;MANUTENÇAO DO PROGRAMA ACS;2;ATENÇAO BASICA;10;Saúde;301;Atenção Básica;91;3.3.90.46.00.00.00.00;AUXÍLIO-ALIMENTAÇÃO;2.600.000.0000;TRANSFERÊNCIAS FUNDO A FUNDO DE RECURSOS DO SUS PROVENIENTES DO GOVERNO FEDERAL - BLOCO DE MANUTENÇÃO DAS AÇÕES E SERVIÇOS PÚBLICOS DE SAÚDE;77.400,00
FUNDO MUNICIPAL DE SAÚDE DE BARBACENA;18.002;FUNDO MUNICIPAL DE SAUDE;2.615;MANUTENÇAO DO PROGRAMA ACS;2;ATENÇAO BASICA;10;Saúde;301;Atenção Básica;91;3.3.90.46.00.00.00.00;AUXÍLIO-ALIMENTAÇÃO;2.604.000.0000;TRANSFERÊNCIAS PROVENIENTES DO GOVERNO FEDERAL DESTINADAS AO VENCIMENTO DOS AGENTES COMUNITÁRIOS DE SAÚDE E DOS AGENTES DE COMBATE ÀS ENDEMIAS;54.600,00
FUNDO MUNICIPAL DE SAÚDE DE BARBACENA;18.002;FUNDO MUNICIPAL DE SAUDE;2.615;MANUTENÇAO DO PROGRAMA ACS;2;ATENÇAO BASICA;10;Saúde;301;Atenção Básica;91;3.3.90.46.00.00.00.00;AUXÍLIO-ALIMENTAÇÃO;2.621.000.0000;TRANSFERÊNCIAS FUNDO A FUNDO DE RECURSOS DO SUS PROVENIENTES DO GOVERNO ESTADUAL;39.000,00
FUNDO MUNICIPAL DE SAÚDE DE BARBACENA;18.002;FUNDO MUNICIPAL DE SAUDE;2.012;MANUTENÇAO DA ASSISTENCIA FARMACEUTICA;2;ATENÇAO BASICA;10;Saúde;303;Suporte Profilático e Terapêutico;202;3.1.90.04.01.00.00.00;SALÁRIO CONTRATO TEMPORÁRIO;1.500.000.1002;RECURSOS NÃO VINCULADOS DE IMPOSTOS (SAÚDE);100.066,54
FUNDO MUNICIPAL DE SAÚDE DE BARBACENA;18.002;FUNDO MUNICIPAL DE SAUDE;2.012;MANUTENÇAO DA ASSISTENCIA FARMACEUTICA;2;ATENÇAO BASICA;10;Saúde;303;Suporte Profilático e Terapêutico;202;3.1.90.04.15.00.00.00;OBRIGAÇÕES PATRONAIS - CONTRATO TEMPORÁRIO;1.500.000.1002;RECURSOS NÃO VINCULADOS DE IMPOSTOS (SAÚDE);9.813,90
FUNDO MUNICIPAL DE SAÚDE DE BARBACENA;18.002;FUNDO MUNICIPAL DE SAUDE;2.012;MANUTENÇAO DA ASSISTENCIA FARMACEUTICA;2;ATENÇAO BASICA;10;Saúde;303;Suporte Profilático e Terapêutico;202;3.1.90.04.01.00.00.00;SALÁRIO CONTRATO TEMPORÁRIO;1.600.000.0000;TRANSFERÊNCIAS FUNDO A FUNDO DE RECURSOS DO SUS PROVENIENTES DO GOVERNO FEDERAL - BLOCO DE MANUTENÇÃO DAS AÇÕES E SERVIÇOS PÚBLICOS DE SAÚDE;148.263,25
FUNDO MUNICIPAL DE SAÚDE DE BARBACENA;18.002;FUNDO MUNICIPAL DE SAUDE;2.012;MANUTENÇAO DA ASSISTENCIA FARMACEUTICA;2;ATENÇAO BASICA;10;Saúde;303;Suporte Profilático e Terapêutico;202;3.1.90.04.15.00.00.00;OBRIGAÇÕES PATRONAIS - CONTRATO TEMPORÁRIO;1.600.000.0000;TRANSFERÊNCIAS FUNDO A FUNDO DE RECURSOS DO SUS PROVENIENTES DO GOVERNO FEDERAL - BLOCO DE MANUTENÇÃO DAS AÇÕES E SERVIÇOS PÚBLICOS DE SAÚDE;22.903,86
FUNDO MUNICIPAL DE SAÚDE DE BARBACENA;18.002;FUNDO MUNICIPAL DE SAUDE;2.012;MANUTENÇAO DA ASSISTENCIA FARMACEUTICA;2;ATENÇAO BASICA;10;Saúde;303;Suporte Profilático e Terapêutico;202;3.1.90.04.15.00.00.00;OBRIGAÇÕES PATRONAIS - CONTRATO TEMPORÁRIO;1.621.000.0000;TRANSFERÊNCIAS FUNDO A FUNDO DE RECURSOS DO SUS PROVENIENTES DO GOVERNO ESTADUAL;4.433,26
FUNDO MUNICIPAL DE SAÚDE DE BARBACENA;18.002;FUNDO MUNICIPAL DE SAUDE;2.012;MANUTENÇAO DA ASSISTENCIA FARMACEUTICA;2;ATENÇAO BASICA;10;Saúde;303;Suporte Profilático e Terapêutico;202;3.1.90.04.01.00.00.00;SALÁRIO CONTRATO TEMPORÁRIO;1.621.000.0000;TRANSFERÊNCIAS FUNDO A FUNDO DE RECURSOS DO SUS PROVENIENTES DO GOVERNO ESTADUAL;45.674,56
FUNDO MUNICIPAL DE SAÚDE DE BARBACENA;18.002;FUNDO MUNICIPAL DE SAUDE;2.012;MANUTENÇAO DA ASSISTENCIA FARMACEUTICA;2;ATENÇAO BASICA;10;Saúde;303;Suporte Profilático e Terapêutico;202;3.1.90.04.15.00.00.00;OBRIGAÇÕES PATRONAIS - CONTRATO TEMPORÁRIO;2.600.000.0000;TRANSFERÊNCIAS FUNDO A FUNDO DE RECURSOS DO SUS PROVENIENTES DO GOVERNO FEDERAL - BLOCO DE MANUTENÇÃO DAS AÇÕES E SERVIÇOS PÚBLICOS DE SAÚDE;12.853,65
FUNDO MUNICIPAL DE SAÚDE DE BARBACENA;18.002;FUNDO MUNICIPAL DE SAUDE;2.012;MANUTENÇAO DA ASSISTENCIA FARMACEUTICA;2;ATENÇAO BASICA;10;Saúde;303;Suporte Profilático e Terapêutico;202;3.1.90.04.01.00.00.00;SALÁRIO CONTRATO TEMPORÁRIO;2.600.000.0000;TRANSFERÊNCIAS FUNDO A FUNDO DE RECURSOS DO SUS PROVENIENTES DO GOVERNO FEDERAL - BLOCO DE MANUTENÇÃO DAS AÇÕES E SERVIÇOS PÚBLICOS DE SAÚDE;157.932,44
FUNDO MUNICIPAL DE SAÚDE DE BARBACENA;18.002;FUNDO MUNICIPAL DE SAUDE;2.012;MANUTENÇAO DA ASSISTENCIA FARMACEUTICA;2;ATENÇAO BASICA;10;Saúde;303;Suporte Profilático e Terapêutico;202;3.1.90.04.15.00.00.00;OBRIGAÇÕES PATRONAIS - CONTRATO TEMPORÁRIO;2.621.000.0000;TRANSFERÊNCIAS FUNDO A FUNDO DE RECURSOS DO SUS PROVENIENTES DO GOVERNO ESTADUAL;7.699,95
FUNDO MUNICIPAL DE SAÚDE DE BARBACENA;18.002;FUNDO MUNICIPAL DE SAUDE;2.012;MANUTENÇAO DA ASSISTENCIA FARMACEUTICA;2;ATENÇAO BASICA;10;Saúde;303;Suporte Profilático e Terapêutico;202;3.1.90.04.01.00.00.00;SALÁRIO CONTRATO TEMPORÁRIO;2.621.000.0000;TRANSFERÊNCIAS FUNDO A FUNDO DE RECURSOS DO SUS PROVENIENTES DO GOVERNO ESTADUAL;86.843,45
FUNDO MUNICIPAL DE SAÚDE DE BARBACENA;18.002;FUNDO MUNICIPAL DE SAUDE;2.012;MANUTENÇAO DA ASSISTENCIA FARMACEUTICA;2;ATENÇAO BASICA;10;Saúde;303;Suporte Profilático e Terapêutico;203;3.1.90.11.52.00.00.00;LICENÇA SAÚDE;1.500.000.1002;RECURSOS NÃO VINCULADOS DE IMPOSTOS (SAÚDE);3.799,88
FUNDO MUNICIPAL DE SAÚDE DE BARBACENA;18.002;FUNDO MUNICIPAL DE SAUDE;2.012;MANUTENÇAO DA ASSISTENCIA FARMACEUTICA;2;ATENÇAO BASICA;10;Saúde;303;Suporte Profilático e Terapêutico;203;3.1.90.11.01.00.00.00;VENCIMENTOS E SALÁRIOS;1.500.000.1002;RECURSOS NÃO VINCULADOS DE IMPOSTOS (SAÚDE);31.380,99
FUNDO MUNICIPAL DE SAÚDE DE BARBACENA;18.002;FUNDO MUNICIPAL DE SAUDE;2.012;MANUTENÇAO DA ASSISTENCIA FARMACEUTICA;2;ATENÇAO BASICA;10;Saúde;303;Suporte Profilático e Terapêutico;203;3.1.90.11.52.00.00.00;LICENÇA SAÚDE;1.600.000.0000;TRANSFERÊNCIAS FUNDO A FUNDO DE RECURSOS DO SUS PROVENIENTES DO GOVERNO FEDERAL - BLOCO DE MANUTENÇÃO DAS AÇÕES E SERVIÇOS PÚBLICOS DE SAÚDE;4.220,80
FUNDO MUNICIPAL DE SAÚDE DE BARBACENA;18.002;FUNDO MUNICIPAL DE SAUDE;2.012;MANUTENÇAO DA ASSISTENCIA FARMACEUTICA;2;ATENÇAO BASICA;10;Saúde;303;Suporte Profilático e Terapêutico;203;3.1.90.11.01.00.00.00;VENCIMENTOS E SALÁRIOS;1.600.000.0000;TRANSFERÊNCIAS FUNDO A FUNDO DE RECURSOS DO SUS PROVENIENTES DO GOVERNO FEDERAL - BLOCO DE MANUTENÇÃO DAS AÇÕES E SERVIÇOS PÚBLICOS DE SAÚDE;154.195,76
FUNDO MUNICIPAL DE SAÚDE DE BARBACENA;18.002;FUNDO MUNICIPAL DE SAUDE;2.012;MANUTENÇAO DA ASSISTENCIA FARMACEUTICA;2;ATENÇAO BASICA;10;Saúde;303;Suporte Profilático e Terapêutico;203;3.1.90.11.50.00.00.00;SALÁRIO MATERNIDADE;1.600.000.0000;TRANSFERÊNCIAS FUNDO A FUNDO DE RECURSOS DO SUS PROVENIENTES DO GOVERNO FEDERAL - BLOCO DE MANUTENÇÃO DAS AÇÕES E SERVIÇOS PÚBLICOS DE SAÚDE;5.755,64
FUNDO MUNICIPAL DE SAÚDE DE BARBACENA;18.002;FUNDO MUNICIPAL DE SAUDE;2.012;MANUTENÇAO DA ASSISTENCIA FARMACEUTICA;2;ATENÇAO BASICA;10;Saúde;303;Suporte Profilático e Terapêutico;203;3.1.90.11.01.00.00.00;VENCIMENTOS E SALÁRIOS;2.600.000.0000;TRANSFERÊNCIAS FUNDO A FUNDO DE RECURSOS DO SUS PROVENIENTES DO GOVERNO FEDERAL - BLOCO DE MANUTENÇÃO DAS AÇÕES E SERVIÇOS PÚBLICOS DE SAÚDE;51.907,38
FUNDO MUNICIPAL DE SAÚDE DE BARBACENA;18.002;FUNDO MUNICIPAL DE SAUDE;2.012;MANUTENÇAO DA ASSISTENCIA FARMACEUTICA;2;ATENÇAO BASICA;10;Saúde;303;Suporte Profilático e Terapêutico;203;3.1.90.11.50.00.00.00;SALÁRIO MATERNIDADE;2.600.000.0000;TRANSFERÊNCIAS FUNDO A FUNDO DE RECURSOS DO SUS PROVENIENTES DO GOVERNO FEDERAL - BLOCO DE MANUTENÇÃO DAS AÇÕES E SERVIÇOS PÚBLICOS DE SAÚDE;16.883,21
FUNDO MUNICIPAL DE SAÚDE DE BARBACENA;18.002;FUNDO MUNICIPAL DE SAUDE;2.012;MANUTENÇAO DA ASSISTENCIA FARMACEUTICA;2;ATENÇAO BASICA;10;Saúde;303;Suporte Profilático e Terapêutico;203;3.1.90.11.01.00.00.00;VENCIMENTOS E SALÁRIOS;2.621.000.0000;TRANSFERÊNCIAS FUNDO A FUNDO DE RECURSOS DO SUS PROVENIENTES DO GOVERNO ESTADUAL;21.404,91
FUNDO MUNICIPAL DE SAÚDE DE BARBACENA;18.002;FUNDO MUNICIPAL DE SAUDE;2.012;MANUTENÇAO DA ASSISTENCIA FARMACEUTICA;2;ATENÇAO BASICA;10;Saúde;303;Suporte Profilático e Terapêutico;205;3.1.91.13.08.00.00.00;CONTRIB. PREV.- RPPS - PESSOAL ATIVO - PLANO PREV.;1.500.000.1002;RECURSOS NÃO VINCULADOS DE IMPOSTOS (SAÚDE);9.850,65
FUNDO MUNICIPAL DE SAÚDE DE BARBACENA;18.002;FUNDO MUNICIPAL DE SAUDE;2.012;MANUTENÇAO DA ASSISTENCIA FARMACEUTICA;2;ATENÇAO BASICA;10;Saúde;303;Suporte Profilático e Terapêutico;205;3.1.91.13.08.00.00.00;CONTRIB. PREV.- RPPS - PESSOAL ATIVO - PLANO PREV.;1.600.000.0000;TRANSFERÊNCIAS FUNDO A FUNDO DE RECURSOS DO SUS PROVENIENTES DO GOVERNO FEDERAL - BLOCO DE MANUTENÇÃO DAS AÇÕES E SERVIÇOS PÚBLICOS DE SAÚDE;32.581,61
FUNDO MUNICIPAL DE SAÚDE DE BARBACENA;18.002;FUNDO MUNICIPAL DE SAUDE;2.012;MANUTENÇAO DA ASSISTENCIA FARMACEUTICA;2;ATENÇAO BASICA;10;Saúde;303;Suporte Profilático e Terapêutico;205;3.1.91.13.08.00.00.00;CONTRIB. PREV.- RPPS - PESSOAL ATIVO - PLANO PREV.;2.600.000.0000;TRANSFERÊNCIAS FUNDO A FUNDO DE RECURSOS DO SUS PROVENIENTES DO GOVERNO FEDERAL - BLOCO DE MANUTENÇÃO DAS AÇÕES E SERVIÇOS PÚBLICOS DE SAÚDE;16.368,54
FUNDO MUNICIPAL DE SAÚDE DE BARBACENA;18.002;FUNDO MUNICIPAL DE SAUDE;2.012;MANUTENÇAO DA ASSISTENCIA FARMACEUTICA;2;ATENÇAO BASICA;10;Saúde;303;Suporte Profilático e Terapêutico;205;3.1.91.13.08.00.00.00;CONTRIB. PREV.- RPPS - PESSOAL ATIVO - PLANO PREV.;2.621.000.0000;TRANSFERÊNCIAS FUNDO A FUNDO DE RECURSOS DO SUS PROVENIENTES DO GOVERNO ESTADUAL;5.456,18
FUNDO MUNICIPAL DE SAÚDE DE BARBACENA;18.002;FUNDO MUNICIPAL DE SAUDE;2.012;MANUTENÇAO DA ASSISTENCIA FARMACEUTICA;2;ATENÇAO BASICA;10;Saúde;303;Suporte Profilático e Terapêutico;208;3.3.90.30.09.00.00.00;MEDICAMENTOS;1.500.000.1002;RECURSOS NÃO VINCULADOS DE IMPOSTOS (SAÚDE);9.410,00
FUNDO MUNICIPAL DE SAÚDE DE BARBACENA;18.002;FUNDO MUNICIPAL DE SAUDE;2.012;MANUTENÇAO DA ASSISTENCIA FARMACEUTICA;2;ATENÇAO BASICA;10;Saúde;303;Suporte Profilático e Terapêutico;208;3.3.90.30.99.00.00.00;OUTROS MATERIAIS DE CONSUMO;1.500.000.1002;RECURSOS NÃO VINCULADOS DE IMPOSTOS (SAÚDE);9.500,00
FUNDO MUNICIPAL DE SAÚDE DE BARBACENA;18.002;FUNDO MUNICIPAL DE SAUDE;2.012;MANUTENÇAO DA ASSISTENCIA FARMACEUTICA;2;ATENÇAO BASICA;10;Saúde;303;Suporte Profilático e Terapêutico;208;3.3.90.30.34.00.00.00;MATERIAL LABORATORIAL;1.500.000.1002;RECURSOS NÃO VINCULADOS DE IMPOSTOS (SAÚDE);79.800,00
FUNDO MUNICIPAL DE SAÚDE DE BARBACENA;18.002;FUNDO MUNICIPAL DE SAUDE;2.012;MANUTENÇAO DA ASSISTENCIA FARMACEUTICA;2;ATENÇAO BASICA;10;Saúde;303;Suporte Profilático e Terapêutico;208;3.3.90.30.99.00.00.00;OUTROS MATERIAIS DE CONSUMO;1.600.000.0000;TRANSFERÊNCIAS FUNDO A FUNDO DE RECURSOS DO SUS PROVENIENTES DO GOVERNO FEDERAL - BLOCO DE MANUTENÇÃO DAS AÇÕES E SERVIÇOS PÚBLICOS DE SAÚDE;223.860,00
FUNDO MUNICIPAL DE SAÚDE DE BARBACENA;18.002;FUNDO MUNICIPAL DE SAUDE;2.012;MANUTENÇAO DA ASSISTENCIA FARMACEUTICA;2;ATENÇAO BASICA;10;Saúde;303;Suporte Profilático e Terapêutico;208;3.3.90.30.17.00.00.00;MATERIAL DE PROCESSAMENTO DE DADOS;1.621.000.0000;TRANSFERÊNCIAS FUNDO A FUNDO DE RECURSOS DO SUS PROVENIENTES DO GOVERNO ESTADUAL;233,40
FUNDO MUNICIPAL DE SAÚDE DE BARBACENA;18.002;FUNDO MUNICIPAL DE SAUDE;2.012;MANUTENÇAO DA ASSISTENCIA FARMACEUTICA;2;ATENÇAO BASICA;10;Saúde;303;Suporte Profilático e Terapêutico;208;3.3.90.30.99.00.00.00;OUTROS MATERIAIS DE CONSUMO;1.621.000.0000;TRANSFERÊNCIAS FUNDO A FUNDO DE RECURSOS DO SUS PROVENIENTES DO GOVERNO ESTADUAL;59.810,00
FUNDO MUNICIPAL DE SAÚDE DE BARBACENA;18.002;FUNDO MUNICIPAL DE SAUDE;2.012;MANUTENÇAO DA ASSISTENCIA FARMACEUTICA;2;ATENÇAO BASICA;10;Saúde;303;Suporte Profilático e Terapêutico;208;3.3.90.30.09.00.00.00;MEDICAMENTOS;2.621.000.0000;TRANSFERÊNCIAS FUNDO A FUNDO DE RECURSOS DO SUS PROVENIENTES DO GOVERNO ESTADUAL;8.755,04
FUNDO MUNICIPAL DE SAÚDE DE BARBACENA;18.002;FUNDO MUNICIPAL DE SAUDE;2.012;MANUTENÇAO DA ASSISTENCIA FARMACEUTICA;2;ATENÇAO BASICA;10;Saúde;303;Suporte Profilático e Terapêutico;209;3.3.90.39.27.00.00.00;FORNECIMENTO DE ALIMENTAÇÃO;1.621.000.0000;TRANSFERÊNCIAS FUNDO A FUNDO DE RECURSOS DO SUS PROVENIENTES DO GOVERNO ESTADUAL;3.070,00
FUNDO MUNICIPAL DE SAÚDE DE BARBACENA;18.002;FUNDO MUNICIPAL DE SAUDE;2.012;MANUTENÇAO DA ASSISTENCIA FARMACEUTICA;2;ATENÇAO BASICA;10;Saúde;303;Suporte Profilático e Terapêutico;209;3.3.90.39.99.00.00.00;OUTROS SERVIÇOS DE TERCEIROS - PESSOA JURÍDICA;1.621.000.0000;TRANSFERÊNCIAS FUNDO A FUNDO DE RECURSOS DO SUS PROVENIENTES DO GOVERNO ESTADUAL;1.874,65
FUNDO MUNICIPAL DE SAÚDE DE BARBACENA;18.002;FUNDO MUNICIPAL DE SAUDE;2.012;MANUTENÇAO DA ASSISTENCIA FARMACEUTICA;2;ATENÇAO BASICA;10;Saúde;303;Suporte Profilático e Terapêutico;209;3.3.90.39.12.00.00.00;LOCAÇÃO DE MÁQUINAS E EQUIPAMENTOS;2.621.000.0000;TRANSFERÊNCIAS FUNDO A FUNDO DE RECURSOS DO SUS PROVENIENTES DO GOVERNO ESTADUAL;9.240,96
FUNDO MUNICIPAL DE SAÚDE DE BARBACENA;18.002;FUNDO MUNICIPAL DE SAUDE;2.012;MANUTENÇAO DA ASSISTENCIA FARMACEUTICA;2;ATENÇAO BASICA;10;Saúde;303;Suporte Profilático e Terapêutico;209;3.3.90.39.99.00.00.00;OUTROS SERVIÇOS DE TERCEIROS - PESSOA JURÍDICA;2.621.000.0000;TRANSFERÊNCIAS FUNDO A FUNDO DE RECURSOS DO SUS PROVENIENTES DO GOVERNO ESTADUAL;1.206,00
FUNDO MUNICIPAL DE SAÚDE DE BARBACENA;18.002;FUNDO MUNICIPAL DE SAUDE;2.012;MANUTENÇAO DA ASSISTENCIA FARMACEUTICA;2;ATENÇAO BASICA;10;Saúde;303;Suporte Profilático e Terapêutico;209;3.3.90.39.43.00.00.00;SERVIÇOS DE TELECOMUNICAÇÕES;2.621.000.0000;TRANSFERÊNCIAS FUNDO A FUNDO DE RECURSOS DO SUS PROVENIENTES DO GOVERNO ESTADUAL;3.222,00
FUNDO MUNICIPAL DE SAÚDE DE BARBACENA;18.002;FUNDO MUNICIPAL DE SAUDE;2.012;MANUTENÇAO DA ASSISTENCIA FARMACEUTICA;2;ATENÇAO BASICA;10;Saúde;303;Suporte Profilático e Terapêutico;211;3.3.90.46.00.00.00.00;AUXÍLIO-ALIMENTAÇÃO;1.500.000.1002;RECURSOS NÃO VINCULADOS DE IMPOSTOS (SAÚDE);25.300,00
FUNDO MUNICIPAL DE SAÚDE DE BARBACENA;18.002;FUNDO MUNICIPAL DE SAUDE;2.012;MANUTENÇAO DA ASSISTENCIA FARMACEUTICA;2;ATENÇAO BASICA;10;Saúde;303;Suporte Profilático e Terapêutico;211;3.3.90.46.00.00.00.00;AUXÍLIO-ALIMENTAÇÃO;1.600.000.0000;TRANSFERÊNCIAS FUNDO A FUNDO DE RECURSOS DO SUS PROVENIENTES DO GOVERNO FEDERAL - BLOCO DE MANUTENÇÃO DAS AÇÕES E SERVIÇOS PÚBLICOS DE SAÚDE;58.179,42
FUNDO MUNICIPAL DE SAÚDE DE BARBACENA;18.002;FUNDO MUNICIPAL DE SAUDE;2.012;MANUTENÇAO DA ASSISTENCIA FARMACEUTICA;2;ATENÇAO BASICA;10;Saúde;303;Suporte Profilático e Terapêutico;211;3.3.90.46.00.00.00.00;AUXÍLIO-ALIMENTAÇÃO;1.621.000.0000;TRANSFERÊNCIAS FUNDO A FUNDO DE RECURSOS DO SUS PROVENIENTES DO GOVERNO ESTADUAL;11.940,00
FUNDO MUNICIPAL DE SAÚDE DE BARBACENA;18.002;FUNDO MUNICIPAL DE SAUDE;2.012;MANUTENÇAO DA ASSISTENCIA FARMACEUTICA;2;ATENÇAO BASICA;10;Saúde;303;Suporte Profilático e Terapêutico;211;3.3.90.46.00.00.00.00;AUXÍLIO-ALIMENTAÇÃO;2.600.000.0000;TRANSFERÊNCIAS FUNDO A FUNDO DE RECURSOS DO SUS PROVENIENTES DO GOVERNO FEDERAL - BLOCO DE MANUTENÇÃO DAS AÇÕES E SERVIÇOS PÚBLICOS DE SAÚDE;25.800,00
FUNDO MUNICIPAL DE SAÚDE DE BARBACENA;18.002;FUNDO MUNICIPAL DE SAUDE;2.012;MANUTENÇAO DA ASSISTENCIA FARMACEUTICA;2;ATENÇAO BASICA;10;Saúde;303;Suporte Profilático e Terapêutico;211;3.3.90.46.00.00.00.00;AUXÍLIO-ALIMENTAÇÃO;2.621.000.0000;TRANSFERÊNCIAS FUNDO A FUNDO DE RECURSOS DO SUS PROVENIENTES DO GOVERNO ESTADUAL;18.600,00
FUNDO MUNICIPAL DE SAÚDE DE BARBACENA;18.002;FUNDO MUNICIPAL DE SAUDE;2.008;MANUTENÇÃO DO CEREST;3;MEDIA E ALTA COMPLEXIDADE ASSISTENCIAL;10;Saúde;302;Assistência Hospitalar e Ambulatorial;95;3.1.90.04.15.00.00.00;OBRIGAÇÕES PATRONAIS - CONTRATO TEMPORÁRIO;1.600.000.0000;TRANSFERÊNCIAS FUNDO A FUNDO DE RECURSOS DO SUS PROVENIENTES DO GOVERNO FEDERAL - BLOCO DE MANUTENÇÃO DAS AÇÕES E SERVIÇOS PÚBLICOS DE SAÚDE;15.217,26
FUNDO MUNICIPAL DE SAÚDE DE BARBACENA;18.002;FUNDO MUNICIPAL DE SAUDE;2.008;MANUTENÇÃO DO CEREST;3;MEDIA E ALTA COMPLEXIDADE ASSISTENCIAL;10;Saúde;302;Assistência Hospitalar e Ambulatorial;95;3.1.90.04.01.00.00.00;SALÁRIO CONTRATO TEMPORÁRIO;1.600.000.0000;TRANSFERÊNCIAS FUNDO A FUNDO DE RECURSOS DO SUS PROVENIENTES DO GOVERNO FEDERAL - BLOCO DE MANUTENÇÃO DAS AÇÕES E SERVIÇOS PÚBLICOS DE SAÚDE;161.445,71
FUNDO MUNICIPAL DE SAÚDE DE BARBACENA;18.002;FUNDO MUNICIPAL DE SAUDE;2.008;MANUTENÇÃO DO CEREST;3;MEDIA E ALTA COMPLEXIDADE ASSISTENCIAL;10;Saúde;302;Assistência Hospitalar e Ambulatorial;95;3.1.90.04.15.00.00.00;OBRIGAÇÕES PATRONAIS - CONTRATO TEMPORÁRIO;2.600.000.0000;TRANSFERÊNCIAS FUNDO A FUNDO DE RECURSOS DO SUS PROVENIENTES DO GOVERNO FEDERAL - BLOCO DE MANUTENÇÃO DAS AÇÕES E SERVIÇOS PÚBLICOS DE SAÚDE;1.701,87
FUNDO MUNICIPAL DE SAÚDE DE BARBACENA;18.002;FUNDO MUNICIPAL DE SAUDE;2.008;MANUTENÇÃO DO CEREST;3;MEDIA E ALTA COMPLEXIDADE ASSISTENCIAL;10;Saúde;302;Assistência Hospitalar e Ambulatorial;95;3.1.90.04.01.00.00.00;SALÁRIO CONTRATO TEMPORÁRIO;2.600.000.0000;TRANSFERÊNCIAS FUNDO A FUNDO DE RECURSOS DO SUS PROVENIENTES DO GOVERNO FEDERAL - BLOCO DE MANUTENÇÃO DAS AÇÕES E SERVIÇOS PÚBLICOS DE SAÚDE;17.353,00
FUNDO MUNICIPAL DE SAÚDE DE BARBACENA;18.002;FUNDO MUNICIPAL DE SAUDE;2.008;MANUTENÇÃO DO CEREST;3;MEDIA E ALTA COMPLEXIDADE ASSISTENCIAL;10;Saúde;302;Assistência Hospitalar e Ambulatorial;95;3.1.90.04.15.00.00.00;OBRIGAÇÕES PATRONAIS - CONTRATO TEMPORÁRIO;2.621.000.0000;TRANSFERÊNCIAS FUNDO A FUNDO DE RECURSOS DO SUS PROVENIENTES DO GOVERNO ESTADUAL;7.669,96
FUNDO MUNICIPAL DE SAÚDE DE BARBACENA;18.002;FUNDO MUNICIPAL DE SAUDE;2.008;MANUTENÇÃO DO CEREST;3;MEDIA E ALTA COMPLEXIDADE ASSISTENCIAL;10;Saúde;302;Assistência Hospitalar e Ambulatorial;95;3.1.90.04.01.00.00.00;SALÁRIO CONTRATO TEMPORÁRIO;2.621.000.0000;TRANSFERÊNCIAS FUNDO A FUNDO DE RECURSOS DO SUS PROVENIENTES DO GOVERNO ESTADUAL;81.082,49
FUNDO MUNICIPAL DE SAÚDE DE BARBACENA;18.002;FUNDO MUNICIPAL DE SAUDE;2.008;MANUTENÇÃO DO CEREST;3;MEDIA E ALTA COMPLEXIDADE ASSISTENCIAL;10;Saúde;302;Assistência Hospitalar e Ambulatorial;96;3.1.90.11.01.00.00.00;VENCIMENTOS E SALÁRIOS;1.600.000.0000;TRANSFERÊNCIAS FUNDO A FUNDO DE RECURSOS DO SUS PROVENIENTES DO GOVERNO FEDERAL - BLOCO DE MANUTENÇÃO DAS AÇÕES E SERVIÇOS PÚBLICOS DE SAÚDE;40.144,67
FUNDO MUNICIPAL DE SAÚDE DE BARBACENA;18.002;FUNDO MUNICIPAL DE SAUDE;2.008;MANUTENÇÃO DO CEREST;3;MEDIA E ALTA COMPLEXIDADE ASSISTENCIAL;10;Saúde;302;Assistência Hospitalar e Ambulatorial;96;3.1.90.11.52.00.00.00;LICENÇA SAÚDE;1.600.000.0000;TRANSFERÊNCIAS FUNDO A FUNDO DE RECURSOS DO SUS PROVENIENTES DO GOVERNO FEDERAL - BLOCO DE MANUTENÇÃO DAS AÇÕES E SERVIÇOS PÚBLICOS DE SAÚDE;2.451,64
FUNDO MUNICIPAL DE SAÚDE DE BARBACENA;18.002;FUNDO MUNICIPAL DE SAUDE;2.008;MANUTENÇÃO DO CEREST;3;MEDIA E ALTA COMPLEXIDADE ASSISTENCIAL;10;Saúde;302;Assistência Hospitalar e Ambulatorial;96;3.1.90.11.52.00.00.00;LICENÇA SAÚDE;2.600.000.0000;TRANSFERÊNCIAS FUNDO A FUNDO DE RECURSOS DO SUS PROVENIENTES DO GOVERNO FEDERAL - BLOCO DE MANUTENÇÃO DAS AÇÕES E SERVIÇOS PÚBLICOS DE SAÚDE;2.094,24
FUNDO MUNICIPAL DE SAÚDE DE BARBACENA;18.002;FUNDO MUNICIPAL DE SAUDE;2.008;MANUTENÇÃO DO CEREST;3;MEDIA E ALTA COMPLEXIDADE ASSISTENCIAL;10;Saúde;302;Assistência Hospitalar e Ambulatorial;96;3.1.90.11.01.00.00.00;VENCIMENTOS E SALÁRIOS;2.600.000.0000;TRANSFERÊNCIAS FUNDO A FUNDO DE RECURSOS DO SUS PROVENIENTES DO GOVERNO FEDERAL - BLOCO DE MANUTENÇÃO DAS AÇÕES E SERVIÇOS PÚBLICOS DE SAÚDE;3.659,22
FUNDO MUNICIPAL DE SAÚDE DE BARBACENA;18.002;FUNDO MUNICIPAL DE SAUDE;2.008;MANUTENÇÃO DO CEREST;3;MEDIA E ALTA COMPLEXIDADE ASSISTENCIAL;10;Saúde;302;Assistência Hospitalar e Ambulatorial;96;3.1.90.11.52.00.00.00;LICENÇA SAÚDE;2.621.000.0000;TRANSFERÊNCIAS FUNDO A FUNDO DE RECURSOS DO SUS PROVENIENTES DO GOVERNO ESTADUAL;618,03
FUNDO MUNICIPAL DE SAÚDE DE BARBACENA;18.002;FUNDO MUNICIPAL DE SAUDE;2.008;MANUTENÇÃO DO CEREST;3;MEDIA E ALTA COMPLEXIDADE ASSISTENCIAL;10;Saúde;302;Assistência Hospitalar e Ambulatorial;96;3.1.90.11.01.00.00.00;VENCIMENTOS E SALÁRIOS;2.621.000.0000;TRANSFERÊNCIAS FUNDO A FUNDO DE RECURSOS DO SUS PROVENIENTES DO GOVERNO ESTADUAL;24.479,26
FUNDO MUNICIPAL DE SAÚDE DE BARBACENA;18.002;FUNDO MUNICIPAL DE SAUDE;2.008;MANUTENÇÃO DO CEREST;3;MEDIA E ALTA COMPLEXIDADE ASSISTENCIAL;10;Saúde;302;Assistência Hospitalar e Ambulatorial;99;3.1.91.13.08.00.00.00;CONTRIB. PREV.- RPPS - PESSOAL ATIVO - PLANO PREV.;1.600.000.0000;TRANSFERÊNCIAS FUNDO A FUNDO DE RECURSOS DO SUS PROVENIENTES DO GOVERNO FEDERAL - BLOCO DE MANUTENÇÃO DAS AÇÕES E SERVIÇOS PÚBLICOS DE SAÚDE;11.756,47
FUNDO MUNICIPAL DE SAÚDE DE BARBACENA;18.002;FUNDO MUNICIPAL DE SAUDE;2.008;MANUTENÇÃO DO CEREST;3;MEDIA E ALTA COMPLEXIDADE ASSISTENCIAL;10;Saúde;302;Assistência Hospitalar e Ambulatorial;99;3.1.91.13.08.00.00.00;CONTRIB. PREV.- RPPS - PESSOAL ATIVO - PLANO PREV.;2.600.000.0000;TRANSFERÊNCIAS FUNDO A FUNDO DE RECURSOS DO SUS PROVENIENTES DO GOVERNO FEDERAL - BLOCO DE MANUTENÇÃO DAS AÇÕES E SERVIÇOS PÚBLICOS DE SAÚDE;1.610,97
FUNDO MUNICIPAL DE SAÚDE DE BARBACENA;18.002;FUNDO MUNICIPAL DE SAUDE;2.008;MANUTENÇÃO DO CEREST;3;MEDIA E ALTA COMPLEXIDADE ASSISTENCIAL;10;Saúde;302;Assistência Hospitalar e Ambulatorial;99;3.1.91.13.08.00.00.00;CONTRIB. PREV.- RPPS - PESSOAL ATIVO - PLANO PREV.;2.621.000.0000;TRANSFERÊNCIAS FUNDO A FUNDO DE RECURSOS DO SUS PROVENIENTES DO GOVERNO ESTADUAL;6.660,75
FUNDO MUNICIPAL DE SAÚDE DE BARBACENA;18.002;FUNDO MUNICIPAL DE SAUDE;2.008;MANUTENÇÃO DO CEREST;3;MEDIA E ALTA COMPLEXIDADE ASSISTENCIAL;10;Saúde;302;Assistência Hospitalar e Ambulatorial;101;3.3.90.14.05.00.00.00;DIÁRIAS DE DEMAIS SERVIDORES;1.600.000.0000;TRANSFERÊNCIAS FUNDO A FUNDO DE RECURSOS DO SUS PROVENIENTES DO GOVERNO FEDERAL - BLOCO DE MANUTENÇÃO DAS AÇÕES E SERVIÇOS PÚBLICOS DE SAÚDE;600,00
FUNDO MUNICIPAL DE SAÚDE DE BARBACENA;18.002;FUNDO MUNICIPAL DE SAUDE;2.008;MANUTENÇÃO DO CEREST;3;MEDIA E ALTA COMPLEXIDADE ASSISTENCIAL;10;Saúde;302;Assistência Hospitalar e Ambulatorial;103;3.3.90.30.37.00.00.00;MATERIAL PARA MANUTENÇÃO DE VEÍCULOS;1.600.000.0000;TRANSFERÊNCIAS FUNDO A FUNDO DE RECURSOS DO SUS PROVENIENTES DO GOVERNO FEDERAL - BLOCO DE MANUTENÇÃO DAS AÇÕES E SERVIÇOS PÚBLICOS DE SAÚDE;0,00
FUNDO MUNICIPAL DE SAÚDE DE BARBACENA;18.002;FUNDO MUNICIPAL DE SAUDE;2.008;MANUTENÇÃO DO CEREST;3;MEDIA E ALTA COMPLEXIDADE ASSISTENCIAL;10;Saúde;302;Assistência Hospitalar e Ambulatorial;103;3.3.90.30.28.00.00.00;MATERIAL DE PROTEÇÃO E SEGURANÇA;1.621.000.0000;TRANSFERÊNCIAS FUNDO A FUNDO DE RECURSOS DO SUS PROVENIENTES DO GOVERNO ESTADUAL;374,75
FUNDO MUNICIPAL DE SAÚDE DE BARBACENA;18.002;FUNDO MUNICIPAL DE SAUDE;2.008;MANUTENÇÃO DO CEREST;3;MEDIA E ALTA COMPLEXIDADE ASSISTENCIAL;10;Saúde;302;Assistência Hospitalar e Ambulatorial;103;3.3.90.30.22.00.00.00;MATERIAL DE LIMPEZA E PRODUÇÃO DE HIGIENIZAÇÃO;2.600.000.0000;TRANSFERÊNCIAS FUNDO A FUNDO DE RECURSOS DO SUS PROVENIENTES DO GOVERNO FEDERAL - BLOCO DE MANUTENÇÃO DAS AÇÕES E SERVIÇOS PÚBLICOS DE SAÚDE;2.532,30
FUNDO MUNICIPAL DE SAÚDE DE BARBACENA;18.002;FUNDO MUNICIPAL DE SAUDE;2.008;MANUTENÇÃO DO CEREST;3;MEDIA E ALTA COMPLEXIDADE ASSISTENCIAL;10;Saúde;302;Assistência Hospitalar e Ambulatorial;103;3.3.90.30.16.00.00.00;MATERIAL DE EXPEDIENTE;2.600.000.0000;TRANSFERÊNCIAS FUNDO A FUNDO DE RECURSOS DO SUS PROVENIENTES DO GOVERNO FEDERAL - BLOCO DE MANUTENÇÃO DAS AÇÕES E SERVIÇOS PÚBLICOS DE SAÚDE;11.475,31
FUNDO MUNICIPAL DE SAÚDE DE BARBACENA;18.002;FUNDO MUNICIPAL DE SAUDE;2.008;MANUTENÇÃO DO CEREST;3;MEDIA E ALTA COMPLEXIDADE ASSISTENCIAL;10;Saúde;302;Assistência Hospitalar e Ambulatorial;103;3.3.90.30.37.00.00.00;MATERIAL PARA MANUTENÇÃO DE VEÍCULOS;2.621.000.0000;TRANSFERÊNCIAS FUNDO A FUNDO DE RECURSOS DO SUS PROVENIENTES DO GOVERNO ESTADUAL;6.489,60
FUNDO MUNICIPAL DE SAÚDE DE BARBACENA;18.002;FUNDO MUNICIPAL DE SAUDE;2.008;MANUTENÇÃO DO CEREST;3;MEDIA E ALTA COMPLEXIDADE ASSISTENCIAL;10;Saúde;302;Assistência Hospitalar e Ambulatorial;104;3.3.90.36.14.00.00.00;LOCAÇÃO DE IMÓVEIS;2.621.000.0000;TRANSFERÊNCIAS FUNDO A FUNDO DE RECURSOS DO SUS PROVENIENTES DO GOVERNO ESTADUAL;73.116,00
FUNDO MUNICIPAL DE SAÚDE DE BARBACENA;18.002;FUNDO MUNICIPAL DE SAUDE;2.008;MANUTENÇÃO DO CEREST;3;MEDIA E ALTA COMPLEXIDADE ASSISTENCIAL;10;Saúde;302;Assistência Hospitalar e Ambulatorial;105;3.3.90.39.29.00.00.00;SERVIÇOS DE ENERGIA ELÉTRICA;1.500.000.1002;RECURSOS NÃO VINCULADOS DE IMPOSTOS (SAÚDE);2.591,95
FUNDO MUNICIPAL DE SAÚDE DE BARBACENA;18.002;FUNDO MUNICIPAL DE SAUDE;2.008;MANUTENÇÃO DO CEREST;3;MEDIA E ALTA COMPLEXIDADE ASSISTENCIAL;10;Saúde;302;Assistência Hospitalar e Ambulatorial;105;3.3.90.39.12.00.00.00;LOCAÇÃO DE MÁQUINAS E EQUIPAMENTOS;1.600.000.0000;TRANSFERÊNCIAS FUNDO A FUNDO DE RECURSOS DO SUS PROVENIENTES DO GOVERNO FEDERAL - BLOCO DE MANUTENÇÃO DAS AÇÕES E SERVIÇOS PÚBLICOS DE SAÚDE;4.620,48
FUNDO MUNICIPAL DE SAÚDE DE BARBACENA;18.002;FUNDO MUNICIPAL DE SAUDE;2.008;MANUTENÇÃO DO CEREST;3;MEDIA E ALTA COMPLEXIDADE ASSISTENCIAL;10;Saúde;302;Assistência Hospitalar e Ambulatorial;105;3.3.90.39.99.00.00.00;OUTROS SERVIÇOS DE TERCEIROS - PESSOA JURÍDICA;1.600.000.0000;TRANSFERÊNCIAS FUNDO A FUNDO DE RECURSOS DO SUS PROVENIENTES DO GOVERNO FEDERAL - BLOCO DE MANUTENÇÃO DAS AÇÕES E SERVIÇOS PÚBLICOS DE SAÚDE;8.578,39
FUNDO MUNICIPAL DE SAÚDE DE BARBACENA;18.002;FUNDO MUNICIPAL DE SAUDE;2.008;MANUTENÇÃO DO CEREST;3;MEDIA E ALTA COMPLEXIDADE ASSISTENCIAL;10;Saúde;302;Assistência Hospitalar e Ambulatorial;105;3.3.90.39.16.00.00.00;MANUTENÇÃO E CONSERVAÇÃO DE VEÍCULOS;2.621.000.0000;TRANSFERÊNCIAS FUNDO A FUNDO DE RECURSOS DO SUS PROVENIENTES DO GOVERNO ESTADUAL;4.832,00
FUNDO MUNICIPAL DE SAÚDE DE BARBACENA;18.002;FUNDO MUNICIPAL DE SAUDE;2.008;MANUTENÇÃO DO CEREST;3;MEDIA E ALTA COMPLEXIDADE ASSISTENCIAL;10;Saúde;302;Assistência Hospitalar e Ambulatorial;105;3.3.90.39.27.00.00.00;FORNECIMENTO DE ALIMENTAÇÃO;2.621.000.0000;TRANSFERÊNCIAS FUNDO A FUNDO DE RECURSOS DO SUS PROVENIENTES DO GOVERNO ESTADUAL;4.945,00
FUNDO MUNICIPAL DE SAÚDE DE BARBACENA;18.002;FUNDO MUNICIPAL DE SAUDE;2.008;MANUTENÇÃO DO CEREST;3;MEDIA E ALTA COMPLEXIDADE ASSISTENCIAL;10;Saúde;302;Assistência Hospitalar e Ambulatorial;105;3.3.90.39.48.00.00.00;SERVIÇOS GRÁFICOS;2.621.000.0000;TRANSFERÊNCIAS FUNDO A FUNDO DE RECURSOS DO SUS PROVENIENTES DO GOVERNO ESTADUAL;188,00
FUNDO MUNICIPAL DE SAÚDE DE BARBACENA;18.002;FUNDO MUNICIPAL DE SAUDE;2.008;MANUTENÇÃO DO CEREST;3;MEDIA E ALTA COMPLEXIDADE ASSISTENCIAL;10;Saúde;302;Assistência Hospitalar e Ambulatorial;105;3.3.90.39.99.00.00.00;OUTROS SERVIÇOS DE TERCEIROS - PESSOA JURÍDICA;2.621.000.0000;TRANSFERÊNCIAS FUNDO A FUNDO DE RECURSOS DO SUS PROVENIENTES DO GOVERNO ESTADUAL;2.487,64
FUNDO MUNICIPAL DE SAÚDE DE BARBACENA;18.002;FUNDO MUNICIPAL DE SAUDE;2.008;MANUTENÇÃO DO CEREST;3;MEDIA E ALTA COMPLEXIDADE ASSISTENCIAL;10;Saúde;302;Assistência Hospitalar e Ambulatorial;105;3.3.90.39.53.00.00.00;SEGUROS EM GERAL;2.621.000.0000;TRANSFERÊNCIAS FUNDO A FUNDO DE RECURSOS DO SUS PROVENIENTES DO GOVERNO ESTADUAL;1.300,00
FUNDO MUNICIPAL DE SAÚDE DE BARBACENA;18.002;FUNDO MUNICIPAL DE SAUDE;2.008;MANUTENÇÃO DO CEREST;3;MEDIA E ALTA COMPLEXIDADE ASSISTENCIAL;10;Saúde;302;Assistência Hospitalar e Ambulatorial;107;3.3.90.46.00.00.00.00;AUXÍLIO-ALIMENTAÇÃO;1.600.000.0000;TRANSFERÊNCIAS FUNDO A FUNDO DE RECURSOS DO SUS PROVENIENTES DO GOVERNO FEDERAL - BLOCO DE MANUTENÇÃO DAS AÇÕES E SERVIÇOS PÚBLICOS DE SAÚDE;35.220,00
FUNDO MUNICIPAL DE SAÚDE DE BARBACENA;18.002;FUNDO MUNICIPAL DE SAUDE;2.008;MANUTENÇÃO DO CEREST;3;MEDIA E ALTA COMPLEXIDADE ASSISTENCIAL;10;Saúde;302;Assistência Hospitalar e Ambulatorial;107;3.3.90.46.00.00.00.00;AUXÍLIO-ALIMENTAÇÃO;2.600.000.0000;TRANSFERÊNCIAS FUNDO A FUNDO DE RECURSOS DO SUS PROVENIENTES DO GOVERNO FEDERAL - BLOCO DE MANUTENÇÃO DAS AÇÕES E SERVIÇOS PÚBLICOS DE SAÚDE;4.200,00
FUNDO MUNICIPAL DE SAÚDE DE BARBACENA;18.002;FUNDO MUNICIPAL DE SAUDE;2.008;MANUTENÇÃO DO CEREST;3;MEDIA E ALTA COMPLEXIDADE ASSISTENCIAL;10;Saúde;302;Assistência Hospitalar e Ambulatorial;107;3.3.90.46.00.00.00.00;AUXÍLIO-ALIMENTAÇÃO;2.621.000.0000;TRANSFERÊNCIAS FUNDO A FUNDO DE RECURSOS DO SUS PROVENIENTES DO GOVERNO ESTADUAL;12.540,00
FUNDO MUNICIPAL DE SAÚDE DE BARBACENA;18.002;FUNDO MUNICIPAL DE SAUDE;2.008;MANUTENÇÃO DO CEREST;3;MEDIA E ALTA COMPLEXIDADE ASSISTENCIAL;10;Saúde;302;Assistência Hospitalar e Ambulatorial;108;4.4.90.52.99.00.00.00;OUTROS MATERIAIS PERMANENTES;1.500.000.1002;RECURSOS NÃO VINCULADOS DE IMPOSTOS (SAÚDE);507,00
FUNDO MUNICIPAL DE SAÚDE DE BARBACENA;18.002;FUNDO MUNICIPAL DE SAUDE;2.015;MANUTENÇAO DO TRANSPORTE;3;MEDIA E ALTA COMPLEXIDADE ASSISTENCIAL;10;Saúde;302;Assistência Hospitalar e Ambulatorial;111;3.3.90.30.99.00.00.00;OUTROS MATERIAIS DE CONSUMO;1.500.000.1002;RECURSOS NÃO VINCULADOS DE IMPOSTOS (SAÚDE);5.148,80
FUNDO MUNICIPAL DE SAÚDE DE BARBACENA;18.002;FUNDO MUNICIPAL DE SAUDE;2.015;MANUTENÇAO DO TRANSPORTE;3;MEDIA E ALTA COMPLEXIDADE ASSISTENCIAL;10;Saúde;302;Assistência Hospitalar e Ambulatorial;111;3.3.90.30.37.00.00.00;MATERIAL PARA MANUTENÇÃO DE VEÍCULOS;1.600.000.0000;TRANSFERÊNCIAS FUNDO A FUNDO DE RECURSOS DO SUS PROVENIENTES DO GOVERNO FEDERAL - BLOCO DE MANUTENÇÃO DAS AÇÕES E SERVIÇOS PÚBLICOS DE SAÚDE;99.624,01
FUNDO MUNICIPAL DE SAÚDE DE BARBACENA;18.002;FUNDO MUNICIPAL DE SAUDE;2.015;MANUTENÇAO DO TRANSPORTE;3;MEDIA E ALTA COMPLEXIDADE ASSISTENCIAL;10;Saúde;302;Assistência Hospitalar e Ambulatorial;111;3.3.90.30.37.00.00.00;MATERIAL PARA MANUTENÇÃO DE VEÍCULOS;2.621.000.0000;TRANSFERÊNCIAS FUNDO A FUNDO DE RECURSOS DO SUS PROVENIENTES DO GOVERNO ESTADUAL;80.297,42
FUNDO MUNICIPAL DE SAÚDE DE BARBACENA;18.002;FUNDO MUNICIPAL DE SAUDE;2.015;MANUTENÇAO DO TRANSPORTE;3;MEDIA E ALTA COMPLEXIDADE ASSISTENCIAL;10;Saúde;302;Assistência Hospitalar e Ambulatorial;112;3.3.90.33.99.00.00.00;OUTRAS DESPESAS COM LOCOMOÇÃO;1.500.000.1002;RECURSOS NÃO VINCULADOS DE IMPOSTOS (SAÚDE);231.821,04
FUNDO MUNICIPAL DE SAÚDE DE BARBACENA;18.002;FUNDO MUNICIPAL DE SAUDE;2.015;MANUTENÇAO DO TRANSPORTE;3;MEDIA E ALTA COMPLEXIDADE ASSISTENCIAL;10;Saúde;302;Assistência Hospitalar e Ambulatorial;114;3.3.90.39.29.00.00.00;SERVIÇOS DE ENERGIA ELÉTRICA;1.500.000.1002;RECURSOS NÃO VINCULADOS DE IMPOSTOS (SAÚDE);5.000,00
FUNDO MUNICIPAL DE SAÚDE DE BARBACENA;18.002;FUNDO MUNICIPAL DE SAUDE;2.015;MANUTENÇAO DO TRANSPORTE;3;MEDIA E ALTA COMPLEXIDADE ASSISTENCIAL;10;Saúde;302;Assistência Hospitalar e Ambulatorial;114;3.3.90.39.99.00.00.00;OUTROS SERVIÇOS DE TERCEIROS - PESSOA JURÍDICA;1.500.000.1002;RECURSOS NÃO VINCULADOS DE IMPOSTOS (SAÚDE);985,10
FUNDO MUNICIPAL DE SAÚDE DE BARBACENA;18.002;FUNDO MUNICIPAL DE SAUDE;2.015;MANUTENÇAO DO TRANSPORTE;3;MEDIA E ALTA COMPLEXIDADE ASSISTENCIAL;10;Saúde;302;Assistência Hospitalar e Ambulatorial;114;3.3.90.39.99.00.00.00;OUTROS SERVIÇOS DE TERCEIROS - PESSOA JURÍDICA;1.600.000.0000;TRANSFERÊNCIAS FUNDO A FUNDO DE RECURSOS DO SUS PROVENIENTES DO GOVERNO FEDERAL - BLOCO DE MANUTENÇÃO DAS AÇÕES E SERVIÇOS PÚBLICOS DE SAÚDE;411.248,95
FUNDO MUNICIPAL DE SAÚDE DE BARBACENA;18.002;FUNDO MUNICIPAL DE SAUDE;2.015;MANUTENÇAO DO TRANSPORTE;3;MEDIA E ALTA COMPLEXIDADE ASSISTENCIAL;10;Saúde;302;Assistência Hospitalar e Ambulatorial;114;3.3.90.39.43.00.00.00;SERVIÇOS DE TELECOMUNICAÇÕES;1.600.000.0000;TRANSFERÊNCIAS FUNDO A FUNDO DE RECURSOS DO SUS PROVENIENTES DO GOVERNO FEDERAL - BLOCO DE MANUTENÇÃO DAS AÇÕES E SERVIÇOS PÚBLICOS DE SAÚDE;2.878,80
FUNDO MUNICIPAL DE SAÚDE DE BARBACENA;18.002;FUNDO MUNICIPAL DE SAUDE;2.015;MANUTENÇAO DO TRANSPORTE;3;MEDIA E ALTA COMPLEXIDADE ASSISTENCIAL;10;Saúde;302;Assistência Hospitalar e Ambulatorial;114;3.3.90.39.12.00.00.00;LOCAÇÃO DE MÁQUINAS E EQUIPAMENTOS;1.600.000.0000;TRANSFERÊNCIAS FUNDO A FUNDO DE RECURSOS DO SUS PROVENIENTES DO GOVERNO FEDERAL - BLOCO DE MANUTENÇÃO DAS AÇÕES E SERVIÇOS PÚBLICOS DE SAÚDE;4.620,48
FUNDO MUNICIPAL DE SAÚDE DE BARBACENA;18.002;FUNDO MUNICIPAL DE SAUDE;2.015;MANUTENÇAO DO TRANSPORTE;3;MEDIA E ALTA COMPLEXIDADE ASSISTENCIAL;10;Saúde;302;Assistência Hospitalar e Ambulatorial;114;3.3.90.39.99.00.00.00;OUTROS SERVIÇOS DE TERCEIROS - PESSOA JURÍDICA;2.600.000.0000;TRANSFERÊNCIAS FUNDO A FUNDO DE RECURSOS DO SUS PROVENIENTES DO GOVERNO FEDERAL - BLOCO DE MANUTENÇÃO DAS AÇÕES E SERVIÇOS PÚBLICOS DE SAÚDE;93.795,10
FUNDO MUNICIPAL DE SAÚDE DE BARBACENA;18.002;FUNDO MUNICIPAL DE SAUDE;2.015;MANUTENÇAO DO TRANSPORTE;3;MEDIA E ALTA COMPLEXIDADE ASSISTENCIAL;10;Saúde;302;Assistência Hospitalar e Ambulatorial;114;3.3.90.39.53.00.00.00;SEGUROS EM GERAL;2.600.000.0000;TRANSFERÊNCIAS FUNDO A FUNDO DE RECURSOS DO SUS PROVENIENTES DO GOVERNO FEDERAL - BLOCO DE MANUTENÇÃO DAS AÇÕES E SERVIÇOS PÚBLICOS DE SAÚDE;19.518,00
FUNDO MUNICIPAL DE SAÚDE DE BARBACENA;18.002;FUNDO MUNICIPAL DE SAUDE;2.015;MANUTENÇAO DO TRANSPORTE;3;MEDIA E ALTA COMPLEXIDADE ASSISTENCIAL;10;Saúde;302;Assistência Hospitalar e Ambulatorial;114;3.3.90.39.99.00.00.00;OUTROS SERVIÇOS DE TERCEIROS - PESSOA JURÍDICA;2.621.000.0000;TRANSFERÊNCIAS FUNDO A FUNDO DE RECURSOS DO SUS PROVENIENTES DO GOVERNO ESTADUAL;1.397.797,67
FUNDO MUNICIPAL DE SAÚDE DE BARBACENA;18.002;FUNDO MUNICIPAL DE SAUDE;2.015;MANUTENÇAO DO TRANSPORTE;3;MEDIA E ALTA COMPLEXIDADE ASSISTENCIAL;10;Saúde;302;Assistência Hospitalar e Ambulatorial;114;3.3.90.39.16.00.00.00;MANUTENÇÃO E CONSERVAÇÃO DE VEÍCULOS;2.621.000.0000;TRANSFERÊNCIAS FUNDO A FUNDO DE RECURSOS DO SUS PROVENIENTES DO GOVERNO ESTADUAL;37.062,75
FUNDO MUNICIPAL DE SAÚDE DE BARBACENA;18.002;FUNDO MUNICIPAL DE SAUDE;2.015;MANUTENÇAO DO TRANSPORTE;3;MEDIA E ALTA COMPLEXIDADE ASSISTENCIAL;10;Saúde;302;Assistência Hospitalar e Ambulatorial;118;3.3.90.93.03.00.00.00;OUTRAS INDENIZAÇÕES E RESTITUIÇÕES;1.621.000.0000;TRANSFERÊNCIAS FUNDO A FUNDO DE RECURSOS DO SUS PROVENIENTES DO GOVERNO ESTADUAL;7.002,28
FUNDO MUNICIPAL DE SAÚDE DE BARBACENA;18.002;FUNDO MUNICIPAL DE SAUDE;2.015;MANUTENÇAO DO TRANSPORTE;3;MEDIA E ALTA COMPLEXIDADE ASSISTENCIAL;10;Saúde;302;Assistência Hospitalar e Ambulatorial;118;3.3.90.93.03.00.00.00;OUTRAS INDENIZAÇÕES E RESTITUIÇÕES;2.621.000.0000;TRANSFERÊNCIAS FUNDO A FUNDO DE RECURSOS DO SUS PROVENIENTES DO GOVERNO ESTADUAL;72.656,59
FUNDO MUNICIPAL DE SAÚDE DE BARBACENA;18.002;FUNDO MUNICIPAL DE SAUDE;2.015;MANUTENÇAO DO TRANSPORTE;3;MEDIA E ALTA COMPLEXIDADE ASSISTENCIAL;10;Saúde;302;Assistência Hospitalar e Ambulatorial;119;4.4.90.52.99.00.00.00;OUTROS MATERIAIS PERMANENTES;1.500.000.1002;RECURSOS NÃO VINCULADOS DE IMPOSTOS (SAÚDE);530,00
FUNDO MUNICIPAL DE SAÚDE DE BARBACENA;18.002;FUNDO MUNICIPAL DE SAUDE;2.015;MANUTENÇAO DO TRANSPORTE;3;MEDIA E ALTA COMPLEXIDADE ASSISTENCIAL;10;Saúde;302;Assistência Hospitalar e Ambulatorial;119;4.4.90.52.30.00.00.00;VEÍCULOS DE TRAÇÃO MECÂNICA;1.621.000.3210;TRANSFERÊNCIAS FUNDO A FUNDO DE RECURSOS DO SUS PROVENIENTES DO GOVERNO ESTADUAL;540.000,00
FUNDO MUNICIPAL DE SAÚDE DE BARBACENA;18.002;FUNDO MUNICIPAL DE SAUDE;2.027;MANUTENÇAO DO CORSÓRCIO INTERMUNICIPAL DA REDE DE URGÊNCIA E EMERGÊNCIA CENTRO-SUL - CISRU;3;MEDIA E ALTA COMPLEXIDADE ASSISTENCIAL;10;Saúde;302;Assistência Hospitalar e Ambulatorial;120;3.1.71.70.00.00.00.00;RATEIO PELA PARTICIPAÇÃO EM CONSÓRCIO PÚBLICO;1.500.000.1002;RECURSOS NÃO VINCULADOS DE IMPOSTOS (SAÚDE);442.764,99
FUNDO MUNICIPAL DE SAÚDE DE BARBACENA;18.002;FUNDO MUNICIPAL DE SAUDE;2.027;MANUTENÇAO DO CORSÓRCIO INTERMUNICIPAL DA REDE DE URGÊNCIA E EMERGÊNCIA CENTRO-SUL - CISRU;3;MEDIA E ALTA COMPLEXIDADE ASSISTENCIAL;10;Saúde;302;Assistência Hospitalar e Ambulatorial;121;3.3.71.70.00.00.00.00;RATEIO PELA PARTICIPAÇÃO EM CONSÓRCIO PÚBLICO;1.500.000.1002;RECURSOS NÃO VINCULADOS DE IMPOSTOS (SAÚDE);638.076,18
FUNDO MUNICIPAL DE SAÚDE DE BARBACENA;18.002;FUNDO MUNICIPAL DE SAUDE;2.027;MANUTENÇAO DO CORSÓRCIO INTERMUNICIPAL DA REDE DE URGÊNCIA E EMERGÊNCIA CENTRO-SUL - CISRU;3;MEDIA E ALTA COMPLEXIDADE ASSISTENCIAL;10;Saúde;302;Assistência Hospitalar e Ambulatorial;121;3.3.71.70.00.00.00.00;RATEIO PELA PARTICIPAÇÃO EM CONSÓRCIO PÚBLICO;2.706.000.3110;TRANSFERÊNCIA ESPECIAL DA UNIÃO - TRANSFERÊNCIAS DA UNIÃO DECORRENTES DE EMENDAS PARLAMENTARES INDIVIDUAIS;150.000,00
FUNDO MUNICIPAL DE SAÚDE DE BARBACENA;18.002;FUNDO MUNICIPAL DE SAUDE;2.027;MANUTENÇAO DO CORSÓRCIO INTERMUNICIPAL DA REDE DE URGÊNCIA E EMERGÊNCIA CENTRO-SUL - CISRU;3;MEDIA E ALTA COMPLEXIDADE ASSISTENCIAL;10;Saúde;302;Assistência Hospitalar e Ambulatorial;122;4.4.71.70.00.00.00.00;RATEIO PELA PARTICIPAÇÃO EM CONSÓRCIO PÚBLICO;1.500.000.1002;RECURSOS NÃO VINCULADOS DE IMPOSTOS (SAÚDE);200.841,95
FUNDO MUNICIPAL DE SAÚDE DE BARBACENA;18.002;FUNDO MUNICIPAL DE SAUDE;2.038;MANUTENÇÃO DO PROGRAMA DE ATENÇÃO DOMICILIAR;3;MEDIA E ALTA COMPLEXIDADE ASSISTENCIAL;10;Saúde;302;Assistência Hospitalar e Ambulatorial;123;3.1.90.04.15.00.00.00;OBRIGAÇÕES PATRONAIS - CONTRATO TEMPORÁRIO;1.600.000.0000;TRANSFERÊNCIAS FUNDO A FUNDO DE RECURSOS DO SUS PROVENIENTES DO GOVERNO FEDERAL - BLOCO DE MANUTENÇÃO DAS AÇÕES E SERVIÇOS PÚBLICOS DE SAÚDE;8.064,00
FUNDO MUNICIPAL DE SAÚDE DE BARBACENA;18.002;FUNDO MUNICIPAL DE SAUDE;2.038;MANUTENÇÃO DO PROGRAMA DE ATENÇÃO DOMICILIAR;3;MEDIA E ALTA COMPLEXIDADE ASSISTENCIAL;10;Saúde;302;Assistência Hospitalar e Ambulatorial;123;3.1.90.04.01.00.00.00;SALÁRIO CONTRATO TEMPORÁRIO;1.600.000.0000;TRANSFERÊNCIAS FUNDO A FUNDO DE RECURSOS DO SUS PROVENIENTES DO GOVERNO FEDERAL - BLOCO DE MANUTENÇÃO DAS AÇÕES E SERVIÇOS PÚBLICOS DE SAÚDE;82.956,68
FUNDO MUNICIPAL DE SAÚDE DE BARBACENA;18.002;FUNDO MUNICIPAL DE SAUDE;2.038;MANUTENÇÃO DO PROGRAMA DE ATENÇÃO DOMICILIAR;3;MEDIA E ALTA COMPLEXIDADE ASSISTENCIAL;10;Saúde;302;Assistência Hospitalar e Ambulatorial;123;3.1.90.04.01.00.00.00;SALÁRIO CONTRATO TEMPORÁRIO;2.600.000.0000;TRANSFERÊNCIAS FUNDO A FUNDO DE RECURSOS DO SUS PROVENIENTES DO GOVERNO FEDERAL - BLOCO DE MANUTENÇÃO DAS AÇÕES E SERVIÇOS PÚBLICOS DE SAÚDE;55.748,09
FUNDO MUNICIPAL DE SAÚDE DE BARBACENA;18.002;FUNDO MUNICIPAL DE SAUDE;2.038;MANUTENÇÃO DO PROGRAMA DE ATENÇÃO DOMICILIAR;3;MEDIA E ALTA COMPLEXIDADE ASSISTENCIAL;10;Saúde;302;Assistência Hospitalar e Ambulatorial;123;3.1.90.04.15.00.00.00;OBRIGAÇÕES PATRONAIS - CONTRATO TEMPORÁRIO;2.600.000.0000;TRANSFERÊNCIAS FUNDO A FUNDO DE RECURSOS DO SUS PROVENIENTES DO GOVERNO FEDERAL - BLOCO DE MANUTENÇÃO DAS AÇÕES E SERVIÇOS PÚBLICOS DE SAÚDE;3.860,06
FUNDO MUNICIPAL DE SAÚDE DE BARBACENA;18.002;FUNDO MUNICIPAL DE SAUDE;2.038;MANUTENÇÃO DO PROGRAMA DE ATENÇÃO DOMICILIAR;3;MEDIA E ALTA COMPLEXIDADE ASSISTENCIAL;10;Saúde;302;Assistência Hospitalar e Ambulatorial;123;3.1.90.04.15.00.00.00;OBRIGAÇÕES PATRONAIS - CONTRATO TEMPORÁRIO;2.621.000.0000;TRANSFERÊNCIAS FUNDO A FUNDO DE RECURSOS DO SUS PROVENIENTES DO GOVERNO ESTADUAL;2.527,80
FUNDO MUNICIPAL DE SAÚDE DE BARBACENA;18.002;FUNDO MUNICIPAL DE SAUDE;2.038;MANUTENÇÃO DO PROGRAMA DE ATENÇÃO DOMICILIAR;3;MEDIA E ALTA COMPLEXIDADE ASSISTENCIAL;10;Saúde;302;Assistência Hospitalar e Ambulatorial;123;3.1.90.04.01.00.00.00;SALÁRIO CONTRATO TEMPORÁRIO;2.621.000.0000;TRANSFERÊNCIAS FUNDO A FUNDO DE RECURSOS DO SUS PROVENIENTES DO GOVERNO ESTADUAL;21.478,89
FUNDO MUNICIPAL DE SAÚDE DE BARBACENA;18.002;FUNDO MUNICIPAL DE SAUDE;2.038;MANUTENÇÃO DO PROGRAMA DE ATENÇÃO DOMICILIAR;3;MEDIA E ALTA COMPLEXIDADE ASSISTENCIAL;10;Saúde;302;Assistência Hospitalar e Ambulatorial;129;3.3.90.46.00.00.00.00;AUXÍLIO-ALIMENTAÇÃO;1.600.000.0000;TRANSFERÊNCIAS FUNDO A FUNDO DE RECURSOS DO SUS PROVENIENTES DO GOVERNO FEDERAL - BLOCO DE MANUTENÇÃO DAS AÇÕES E SERVIÇOS PÚBLICOS DE SAÚDE;19.800,00
FUNDO MUNICIPAL DE SAÚDE DE BARBACENA;18.002;FUNDO MUNICIPAL DE SAUDE;2.038;MANUTENÇÃO DO PROGRAMA DE ATENÇÃO DOMICILIAR;3;MEDIA E ALTA COMPLEXIDADE ASSISTENCIAL;10;Saúde;302;Assistência Hospitalar e Ambulatorial;129;3.3.90.46.00.00.00.00;AUXÍLIO-ALIMENTAÇÃO;2.600.000.0000;TRANSFERÊNCIAS FUNDO A FUNDO DE RECURSOS DO SUS PROVENIENTES DO GOVERNO FEDERAL - BLOCO DE MANUTENÇÃO DAS AÇÕES E SERVIÇOS PÚBLICOS DE SAÚDE;7.280,00
FUNDO MUNICIPAL DE SAÚDE DE BARBACENA;18.002;FUNDO MUNICIPAL DE SAUDE;2.038;MANUTENÇÃO DO PROGRAMA DE ATENÇÃO DOMICILIAR;3;MEDIA E ALTA COMPLEXIDADE ASSISTENCIAL;10;Saúde;302;Assistência Hospitalar e Ambulatorial;129;3.3.90.46.00.00.00.00;AUXÍLIO-ALIMENTAÇÃO;2.621.000.0000;TRANSFERÊNCIAS FUNDO A FUNDO DE RECURSOS DO SUS PROVENIENTES DO GOVERNO ESTADUAL;4.800,00
FUNDO MUNICIPAL DE SAÚDE DE BARBACENA;18.002;FUNDO MUNICIPAL DE SAUDE;2.038;MANUTENÇÃO DO PROGRAMA DE ATENÇÃO DOMICILIAR;3;MEDIA E ALTA COMPLEXIDADE ASSISTENCIAL;10;Saúde;302;Assistência Hospitalar e Ambulatorial;265;3.1.90.11.01.00.00.00;VENCIMENTOS E SALÁRIOS;1.600.000.0000;TRANSFERÊNCIAS FUNDO A FUNDO DE RECURSOS DO SUS PROVENIENTES DO GOVERNO FEDERAL - BLOCO DE MANUTENÇÃO DAS AÇÕES E SERVIÇOS PÚBLICOS DE SAÚDE;24.133,64
FUNDO MUNICIPAL DE SAÚDE DE BARBACENA;18.002;FUNDO MUNICIPAL DE SAUDE;2.038;MANUTENÇÃO DO PROGRAMA DE ATENÇÃO DOMICILIAR;3;MEDIA E ALTA COMPLEXIDADE ASSISTENCIAL;10;Saúde;302;Assistência Hospitalar e Ambulatorial;265;3.1.90.11.52.00.00.00;LICENÇA SAÚDE;1.600.000.0000;TRANSFERÊNCIAS FUNDO A FUNDO DE RECURSOS DO SUS PROVENIENTES DO GOVERNO FEDERAL - BLOCO DE MANUTENÇÃO DAS AÇÕES E SERVIÇOS PÚBLICOS DE SAÚDE;208,04
FUNDO MUNICIPAL DE SAÚDE DE BARBACENA;18.002;FUNDO MUNICIPAL DE SAUDE;2.038;MANUTENÇÃO DO PROGRAMA DE ATENÇÃO DOMICILIAR;3;MEDIA E ALTA COMPLEXIDADE ASSISTENCIAL;10;Saúde;302;Assistência Hospitalar e Ambulatorial;265;3.1.90.11.01.00.00.00;VENCIMENTOS E SALÁRIOS;2.600.000.0000;TRANSFERÊNCIAS FUNDO A FUNDO DE RECURSOS DO SUS PROVENIENTES DO GOVERNO FEDERAL - BLOCO DE MANUTENÇÃO DAS AÇÕES E SERVIÇOS PÚBLICOS DE SAÚDE;11.617,62
FUNDO MUNICIPAL DE SAÚDE DE BARBACENA;18.002;FUNDO MUNICIPAL DE SAUDE;2.038;MANUTENÇÃO DO PROGRAMA DE ATENÇÃO DOMICILIAR;3;MEDIA E ALTA COMPLEXIDADE ASSISTENCIAL;10;Saúde;302;Assistência Hospitalar e Ambulatorial;265;3.1.90.11.01.00.00.00;VENCIMENTOS E SALÁRIOS;2.621.000.0000;TRANSFERÊNCIAS FUNDO A FUNDO DE RECURSOS DO SUS PROVENIENTES DO GOVERNO ESTADUAL;8.298,30
FUNDO MUNICIPAL DE SAÚDE DE BARBACENA;18.002;FUNDO MUNICIPAL DE SAUDE;2.038;MANUTENÇÃO DO PROGRAMA DE ATENÇÃO DOMICILIAR;3;MEDIA E ALTA COMPLEXIDADE ASSISTENCIAL;10;Saúde;302;Assistência Hospitalar e Ambulatorial;266;3.1.91.13.08.00.00.00;CONTRIB. PREV.- RPPS - PESSOAL ATIVO - PLANO PREV.;1.600.000.0000;TRANSFERÊNCIAS FUNDO A FUNDO DE RECURSOS DO SUS PROVENIENTES DO GOVERNO FEDERAL - BLOCO DE MANUTENÇÃO DAS AÇÕES E SERVIÇOS PÚBLICOS DE SAÚDE;6.505,87
FUNDO MUNICIPAL DE SAÚDE DE BARBACENA;18.002;FUNDO MUNICIPAL DE SAUDE;2.038;MANUTENÇÃO DO PROGRAMA DE ATENÇÃO DOMICILIAR;3;MEDIA E ALTA COMPLEXIDADE ASSISTENCIAL;10;Saúde;302;Assistência Hospitalar e Ambulatorial;266;3.1.91.13.08.00.00.00;CONTRIB. PREV.- RPPS - PESSOAL ATIVO - PLANO PREV.;2.600.000.0000;TRANSFERÊNCIAS FUNDO A FUNDO DE RECURSOS DO SUS PROVENIENTES DO GOVERNO FEDERAL - BLOCO DE MANUTENÇÃO DAS AÇÕES E SERVIÇOS PÚBLICOS DE SAÚDE;2.788,23
FUNDO MUNICIPAL DE SAÚDE DE BARBACENA;18.002;FUNDO MUNICIPAL DE SAUDE;2.038;MANUTENÇÃO DO PROGRAMA DE ATENÇÃO DOMICILIAR;3;MEDIA E ALTA COMPLEXIDADE ASSISTENCIAL;10;Saúde;302;Assistência Hospitalar e Ambulatorial;266;3.1.91.13.08.00.00.00;CONTRIB. PREV.- RPPS - PESSOAL ATIVO - PLANO PREV.;2.621.000.0000;TRANSFERÊNCIAS FUNDO A FUNDO DE RECURSOS DO SUS PROVENIENTES DO GOVERNO ESTADUAL;2.788,23
FUNDO MUNICIPAL DE SAÚDE DE BARBACENA;18.002;FUNDO MUNICIPAL DE SAUDE;2.042;MANUTENÇÃO DO TRATAMENTO FORA DO DOMICÍLIO - TFD;3;MEDIA E ALTA COMPLEXIDADE ASSISTENCIAL;10;Saúde;302;Assistência Hospitalar e Ambulatorial;136;3.3.90.36.99.00.00.00;OUTROS SERVIÇOS DE PESSOA FÍSICA;1.500.000.1002;RECURSOS NÃO VINCULADOS DE IMPOSTOS (SAÚDE);2.227,10
FUNDO MUNICIPAL DE SAÚDE DE BARBACENA;18.002;FUNDO MUNICIPAL DE SAUDE;2.042;MANUTENÇÃO DO TRATAMENTO FORA DO DOMICÍLIO - TFD;3;MEDIA E ALTA COMPLEXIDADE ASSISTENCIAL;10;Saúde;302;Assistência Hospitalar e Ambulatorial;137;3.3.90.39.63.00.00.00;HOSPEDAGENS;1.600.000.0000;TRANSFERÊNCIAS FUNDO A FUNDO DE RECURSOS DO SUS PROVENIENTES DO GOVERNO FEDERAL - BLOCO DE MANUTENÇÃO DAS AÇÕES E SERVIÇOS PÚBLICOS DE SAÚDE;24.247,13
FUNDO MUNICIPAL DE SAÚDE DE BARBACENA;18.002;FUNDO MUNICIPAL DE SAUDE;2.042;MANUTENÇÃO DO TRATAMENTO FORA DO DOMICÍLIO - TFD;3;MEDIA E ALTA COMPLEXIDADE ASSISTENCIAL;10;Saúde;302;Assistência Hospitalar e Ambulatorial;137;3.3.90.39.99.00.00.00;OUTROS SERVIÇOS DE TERCEIROS - PESSOA JURÍDICA;1.600.000.0000;TRANSFERÊNCIAS FUNDO A FUNDO DE RECURSOS DO SUS PROVENIENTES DO GOVERNO FEDERAL - BLOCO DE MANUTENÇÃO DAS AÇÕES E SERVIÇOS PÚBLICOS DE SAÚDE;24.504,44
FUNDO MUNICIPAL DE SAÚDE DE BARBACENA;18.002;FUNDO MUNICIPAL DE SAUDE;2.042;MANUTENÇÃO DO TRATAMENTO FORA DO DOMICÍLIO - TFD;3;MEDIA E ALTA COMPLEXIDADE ASSISTENCIAL;10;Saúde;302;Assistência Hospitalar e Ambulatorial;138;3.3.90.93.03.00.00.00;OUTRAS INDENIZAÇÕES E RESTITUIÇÕES;1.500.000.1002;RECURSOS NÃO VINCULADOS DE IMPOSTOS (SAÚDE);80.731,03
FUNDO MUNICIPAL DE SAÚDE DE BARBACENA;18.002;FUNDO MUNICIPAL DE SAUDE;2.043;MANUTENÇÃO DE REDE DE CUIDADOS A PESSOA COM DEFICIÊNCIA;3;MEDIA E ALTA COMPLEXIDADE ASSISTENCIAL;10;Saúde;302;Assistência Hospitalar e Ambulatorial;139;3.1.90.04.01.00.00.00;SALÁRIO CONTRATO TEMPORÁRIO;2.621.000.0000;TRANSFERÊNCIAS FUNDO A FUNDO DE RECURSOS DO SUS PROVENIENTES DO GOVERNO ESTADUAL;96.795,39
FUNDO MUNICIPAL DE SAÚDE DE BARBACENA;18.002;FUNDO MUNICIPAL DE SAUDE;2.043;MANUTENÇÃO DE REDE DE CUIDADOS A PESSOA COM DEFICIÊNCIA;3;MEDIA E ALTA COMPLEXIDADE ASSISTENCIAL;10;Saúde;302;Assistência Hospitalar e Ambulatorial;139;3.1.90.04.15.00.00.00;OBRIGAÇÕES PATRONAIS - CONTRATO TEMPORÁRIO;2.621.000.0000;TRANSFERÊNCIAS FUNDO A FUNDO DE RECURSOS DO SUS PROVENIENTES DO GOVERNO ESTADUAL;9.131,75
FUNDO MUNICIPAL DE SAÚDE DE BARBACENA;18.002;FUNDO MUNICIPAL DE SAUDE;2.043;MANUTENÇÃO DE REDE DE CUIDADOS A PESSOA COM DEFICIÊNCIA;3;MEDIA E ALTA COMPLEXIDADE ASSISTENCIAL;10;Saúde;302;Assistência Hospitalar e Ambulatorial;140;3.3.90.14.05.00.00.00;DIÁRIAS DE DEMAIS SERVIDORES;1.600.000.0000;TRANSFERÊNCIAS FUNDO A FUNDO DE RECURSOS DO SUS PROVENIENTES DO GOVERNO FEDERAL - BLOCO DE MANUTENÇÃO DAS AÇÕES E SERVIÇOS PÚBLICOS DE SAÚDE;100,00
FUNDO MUNICIPAL DE SAÚDE DE BARBACENA;18.002;FUNDO MUNICIPAL DE SAUDE;2.043;MANUTENÇÃO DE REDE DE CUIDADOS A PESSOA COM DEFICIÊNCIA;3;MEDIA E ALTA COMPLEXIDADE ASSISTENCIAL;10;Saúde;302;Assistência Hospitalar e Ambulatorial;142;3.3.90.39.99.00.00.00;OUTROS SERVIÇOS DE TERCEIROS - PESSOA JURÍDICA;1.600.000.0000;TRANSFERÊNCIAS FUNDO A FUNDO DE RECURSOS DO SUS PROVENIENTES DO GOVERNO FEDERAL - BLOCO DE MANUTENÇÃO DAS AÇÕES E SERVIÇOS PÚBLICOS DE SAÚDE;624.845,33
FUNDO MUNICIPAL DE SAÚDE DE BARBACENA;18.002;FUNDO MUNICIPAL DE SAUDE;2.043;MANUTENÇÃO DE REDE DE CUIDADOS A PESSOA COM DEFICIÊNCIA;3;MEDIA E ALTA COMPLEXIDADE ASSISTENCIAL;10;Saúde;302;Assistência Hospitalar e Ambulatorial;142;3.3.90.39.12.00.00.00;LOCAÇÃO DE MÁQUINAS E EQUIPAMENTOS;1.600.000.0000;TRANSFERÊNCIAS FUNDO A FUNDO DE RECURSOS DO SUS PROVENIENTES DO GOVERNO FEDERAL - BLOCO DE MANUTENÇÃO DAS AÇÕES E SERVIÇOS PÚBLICOS DE SAÚDE;20.016,00
FUNDO MUNICIPAL DE SAÚDE DE BARBACENA;18.002;FUNDO MUNICIPAL DE SAUDE;2.043;MANUTENÇÃO DE REDE DE CUIDADOS A PESSOA COM DEFICIÊNCIA;3;MEDIA E ALTA COMPLEXIDADE ASSISTENCIAL;10;Saúde;302;Assistência Hospitalar e Ambulatorial;142;3.3.90.39.27.00.00.00;FORNECIMENTO DE ALIMENTAÇÃO;2.621.000.0000;TRANSFERÊNCIAS FUNDO A FUNDO DE RECURSOS DO SUS PROVENIENTES DO GOVERNO ESTADUAL;5.915,00
FUNDO MUNICIPAL DE SAÚDE DE BARBACENA;18.002;FUNDO MUNICIPAL DE SAUDE;2.043;MANUTENÇÃO DE REDE DE CUIDADOS A PESSOA COM DEFICIÊNCIA;3;MEDIA E ALTA COMPLEXIDADE ASSISTENCIAL;10;Saúde;302;Assistência Hospitalar e Ambulatorial;143;3.3.90.46.00.00.00.00;AUXÍLIO-ALIMENTAÇÃO;2.621.000.0000;TRANSFERÊNCIAS FUNDO A FUNDO DE RECURSOS DO SUS PROVENIENTES DO GOVERNO ESTADUAL;20.530,00
FUNDO MUNICIPAL DE SAÚDE DE BARBACENA;18.002;FUNDO MUNICIPAL DE SAUDE;2.053;MANUTENÇÃO DO CONSÓRCIO INTERMUNICIPAL DE SAÚDE ALTO DAS VERTENTES - CISALV;3;MEDIA E ALTA COMPLEXIDADE ASSISTENCIAL;10;Saúde;302;Assistência Hospitalar e Ambulatorial;147;3.1.71.70.00.00.00.00;RATEIO PELA PARTICIPAÇÃO EM CONSÓRCIO PÚBLICO;1.500.000.1002;RECURSOS NÃO VINCULADOS DE IMPOSTOS (SAÚDE);44.881,71
FUNDO MUNICIPAL DE SAÚDE DE BARBACENA;18.002;FUNDO MUNICIPAL DE SAUDE;2.053;MANUTENÇÃO DO CONSÓRCIO INTERMUNICIPAL DE SAÚDE ALTO DAS VERTENTES - CISALV;3;MEDIA E ALTA COMPLEXIDADE ASSISTENCIAL;10;Saúde;302;Assistência Hospitalar e Ambulatorial;148;3.3.71.70.00.00.00.00;RATEIO PELA PARTICIPAÇÃO EM CONSÓRCIO PÚBLICO;1.500.000.1002;RECURSOS NÃO VINCULADOS DE IMPOSTOS (SAÚDE);243.262,34
FUNDO MUNICIPAL DE SAÚDE DE BARBACENA;18.002;FUNDO MUNICIPAL DE SAUDE;2.053;MANUTENÇÃO DO CONSÓRCIO INTERMUNICIPAL DE SAÚDE ALTO DAS VERTENTES - CISALV;3;MEDIA E ALTA COMPLEXIDADE ASSISTENCIAL;10;Saúde;302;Assistência Hospitalar e Ambulatorial;149;3.3.72.30.00.00.00.00;MATERIAL DE CONSUMO;1.500.000.1002;RECURSOS NÃO VINCULADOS DE IMPOSTOS (SAÚDE);904.129,46
FUNDO MUNICIPAL DE SAÚDE DE BARBACENA;18.002;FUNDO MUNICIPAL DE SAUDE;2.053;MANUTENÇÃO DO CONSÓRCIO INTERMUNICIPAL DE SAÚDE ALTO DAS VERTENTES - CISALV;3;MEDIA E ALTA COMPLEXIDADE ASSISTENCIAL;10;Saúde;302;Assistência Hospitalar e Ambulatorial;149;3.3.72.30.00.00.00.00;MATERIAL DE CONSUMO;1.600.000.0000;TRANSFERÊNCIAS FUNDO A FUNDO DE RECURSOS DO SUS PROVENIENTES DO GOVERNO FEDERAL - BLOCO DE MANUTENÇÃO DAS AÇÕES E SERVIÇOS PÚBLICOS DE SAÚDE;849.983,78
FUNDO MUNICIPAL DE SAÚDE DE BARBACENA;18.002;FUNDO MUNICIPAL DE SAUDE;2.053;MANUTENÇÃO DO CONSÓRCIO INTERMUNICIPAL DE SAÚDE ALTO DAS VERTENTES - CISALV;3;MEDIA E ALTA COMPLEXIDADE ASSISTENCIAL;10;Saúde;302;Assistência Hospitalar e Ambulatorial;149;3.3.72.30.00.00.00.00;MATERIAL DE CONSUMO;1.621.000.0000;TRANSFERÊNCIAS FUNDO A FUNDO DE RECURSOS DO SUS PROVENIENTES DO GOVERNO ESTADUAL;1.299.592,76
FUNDO MUNICIPAL DE SAÚDE DE BARBACENA;18.002;FUNDO MUNICIPAL DE SAUDE;2.053;MANUTENÇÃO DO CONSÓRCIO INTERMUNICIPAL DE SAÚDE ALTO DAS VERTENTES - CISALV;3;MEDIA E ALTA COMPLEXIDADE ASSISTENCIAL;10;Saúde;302;Assistência Hospitalar e Ambulatorial;151;3.3.72.39.00.00.00.00;OUTROS SERVIÇOS DE TERCEIROS - PESSOA JURÍDICA;1.500.000.1002;RECURSOS NÃO VINCULADOS DE IMPOSTOS (SAÚDE);935.260,55
FUNDO MUNICIPAL DE SAÚDE DE BARBACENA;18.002;FUNDO MUNICIPAL DE SAUDE;2.053;MANUTENÇÃO DO CONSÓRCIO INTERMUNICIPAL DE SAÚDE ALTO DAS VERTENTES - CISALV;3;MEDIA E ALTA COMPLEXIDADE ASSISTENCIAL;10;Saúde;302;Assistência Hospitalar e Ambulatorial;152;4.4.71.70.00.00.00.00;RATEIO PELA PARTICIPAÇÃO EM CONSÓRCIO PÚBLICO;1.500.000.1002;RECURSOS NÃO VINCULADOS DE IMPOSTOS (SAÚDE);26.929,04
FUNDO MUNICIPAL DE SAÚDE DE BARBACENA;18.002;FUNDO MUNICIPAL DE SAUDE;2.345;MANUTENÇÃO DO PROGRAMA A SAÚDE DO PACIENTE ONCOLÓGICO;3;MEDIA E ALTA COMPLEXIDADE ASSISTENCIAL;10;Saúde;302;Assistência Hospitalar e Ambulatorial;153;3.1.90.04.01.00.00.00;SALÁRIO CONTRATO TEMPORÁRIO;1.500.000.1002;RECURSOS NÃO VINCULADOS DE IMPOSTOS (SAÚDE);26.859,81
FUNDO MUNICIPAL DE SAÚDE DE BARBACENA;18.002;FUNDO MUNICIPAL DE SAUDE;2.345;MANUTENÇÃO DO PROGRAMA A SAÚDE DO PACIENTE ONCOLÓGICO;3;MEDIA E ALTA COMPLEXIDADE ASSISTENCIAL;10;Saúde;302;Assistência Hospitalar e Ambulatorial;153;3.1.90.04.15.00.00.00;OBRIGAÇÕES PATRONAIS - CONTRATO TEMPORÁRIO;1.500.000.1002;RECURSOS NÃO VINCULADOS DE IMPOSTOS (SAÚDE);3.353,04
FUNDO MUNICIPAL DE SAÚDE DE BARBACENA;18.002;FUNDO MUNICIPAL DE SAUDE;2.345;MANUTENÇÃO DO PROGRAMA A SAÚDE DO PACIENTE ONCOLÓGICO;3;MEDIA E ALTA COMPLEXIDADE ASSISTENCIAL;10;Saúde;302;Assistência Hospitalar e Ambulatorial;153;3.1.90.04.15.00.00.00;OBRIGAÇÕES PATRONAIS - CONTRATO TEMPORÁRIO;1.600.000.0000;TRANSFERÊNCIAS FUNDO A FUNDO DE RECURSOS DO SUS PROVENIENTES DO GOVERNO FEDERAL - BLOCO DE MANUTENÇÃO DAS AÇÕES E SERVIÇOS PÚBLICOS DE SAÚDE;11.735,66
FUNDO MUNICIPAL DE SAÚDE DE BARBACENA;18.002;FUNDO MUNICIPAL DE SAUDE;2.345;MANUTENÇÃO DO PROGRAMA A SAÚDE DO PACIENTE ONCOLÓGICO;3;MEDIA E ALTA COMPLEXIDADE ASSISTENCIAL;10;Saúde;302;Assistência Hospitalar e Ambulatorial;153;3.1.90.04.01.00.00.00;SALÁRIO CONTRATO TEMPORÁRIO;1.600.000.0000;TRANSFERÊNCIAS FUNDO A FUNDO DE RECURSOS DO SUS PROVENIENTES DO GOVERNO FEDERAL - BLOCO DE MANUTENÇÃO DAS AÇÕES E SERVIÇOS PÚBLICOS DE SAÚDE;121.612,44
FUNDO MUNICIPAL DE SAÚDE DE BARBACENA;18.002;FUNDO MUNICIPAL DE SAUDE;2.345;MANUTENÇÃO DO PROGRAMA A SAÚDE DO PACIENTE ONCOLÓGICO;3;MEDIA E ALTA COMPLEXIDADE ASSISTENCIAL;10;Saúde;302;Assistência Hospitalar e Ambulatorial;153;3.1.90.04.01.00.00.00;SALÁRIO CONTRATO TEMPORÁRIO;2.600.000.0000;TRANSFERÊNCIAS FUNDO A FUNDO DE RECURSOS DO SUS PROVENIENTES DO GOVERNO FEDERAL - BLOCO DE MANUTENÇÃO DAS AÇÕES E SERVIÇOS PÚBLICOS DE SAÚDE;74.835,38
FUNDO MUNICIPAL DE SAÚDE DE BARBACENA;18.002;FUNDO MUNICIPAL DE SAUDE;2.345;MANUTENÇÃO DO PROGRAMA A SAÚDE DO PACIENTE ONCOLÓGICO;3;MEDIA E ALTA COMPLEXIDADE ASSISTENCIAL;10;Saúde;302;Assistência Hospitalar e Ambulatorial;153;3.1.90.04.15.00.00.00;OBRIGAÇÕES PATRONAIS - CONTRATO TEMPORÁRIO;2.600.000.0000;TRANSFERÊNCIAS FUNDO A FUNDO DE RECURSOS DO SUS PROVENIENTES DO GOVERNO FEDERAL - BLOCO DE MANUTENÇÃO DAS AÇÕES E SERVIÇOS PÚBLICOS DE SAÚDE;5.956,81
FUNDO MUNICIPAL DE SAÚDE DE BARBACENA;18.002;FUNDO MUNICIPAL DE SAUDE;2.345;MANUTENÇÃO DO PROGRAMA A SAÚDE DO PACIENTE ONCOLÓGICO;3;MEDIA E ALTA COMPLEXIDADE ASSISTENCIAL;10;Saúde;302;Assistência Hospitalar e Ambulatorial;153;3.1.90.04.15.00.00.00;OBRIGAÇÕES PATRONAIS - CONTRATO TEMPORÁRIO;2.621.000.0000;TRANSFERÊNCIAS FUNDO A FUNDO DE RECURSOS DO SUS PROVENIENTES DO GOVERNO ESTADUAL;1.676,52
FUNDO MUNICIPAL DE SAÚDE DE BARBACENA;18.002;FUNDO MUNICIPAL DE SAUDE;2.345;MANUTENÇÃO DO PROGRAMA A SAÚDE DO PACIENTE ONCOLÓGICO;3;MEDIA E ALTA COMPLEXIDADE ASSISTENCIAL;10;Saúde;302;Assistência Hospitalar e Ambulatorial;153;3.1.90.04.01.00.00.00;SALÁRIO CONTRATO TEMPORÁRIO;2.621.000.0000;TRANSFERÊNCIAS FUNDO A FUNDO DE RECURSOS DO SUS PROVENIENTES DO GOVERNO ESTADUAL;17.094,58
FUNDO MUNICIPAL DE SAÚDE DE BARBACENA;18.002;FUNDO MUNICIPAL DE SAUDE;2.345;MANUTENÇÃO DO PROGRAMA A SAÚDE DO PACIENTE ONCOLÓGICO;3;MEDIA E ALTA COMPLEXIDADE ASSISTENCIAL;10;Saúde;302;Assistência Hospitalar e Ambulatorial;154;3.3.50.41.00.00.00.00;CONTRIBUIÇÕES;1.500.000.1002;RECURSOS NÃO VINCULADOS DE IMPOSTOS (SAÚDE);5.904,34
FUNDO MUNICIPAL DE SAÚDE DE BARBACENA;18.002;FUNDO MUNICIPAL DE SAUDE;2.345;MANUTENÇÃO DO PROGRAMA A SAÚDE DO PACIENTE ONCOLÓGICO;3;MEDIA E ALTA COMPLEXIDADE ASSISTENCIAL;10;Saúde;302;Assistência Hospitalar e Ambulatorial;155;3.3.90.30.24.00.00.00;MATERIAL PARA MANUTENÇÃO DE BENS IMÓVEIS;1.500.000.1002;RECURSOS NÃO VINCULADOS DE IMPOSTOS (SAÚDE);6.591,70
FUNDO MUNICIPAL DE SAÚDE DE BARBACENA;18.002;FUNDO MUNICIPAL DE SAUDE;2.345;MANUTENÇÃO DO PROGRAMA A SAÚDE DO PACIENTE ONCOLÓGICO;3;MEDIA E ALTA COMPLEXIDADE ASSISTENCIAL;10;Saúde;302;Assistência Hospitalar e Ambulatorial;156;3.3.90.39.99.00.00.00;OUTROS SERVIÇOS DE TERCEIROS - PESSOA JURÍDICA;1.500.000.1002;RECURSOS NÃO VINCULADOS DE IMPOSTOS (SAÚDE);112.926,48
FUNDO MUNICIPAL DE SAÚDE DE BARBACENA;18.002;FUNDO MUNICIPAL DE SAUDE;2.345;MANUTENÇÃO DO PROGRAMA A SAÚDE DO PACIENTE ONCOLÓGICO;3;MEDIA E ALTA COMPLEXIDADE ASSISTENCIAL;10;Saúde;302;Assistência Hospitalar e Ambulatorial;157;3.3.90.46.00.00.00.00;AUXÍLIO-ALIMENTAÇÃO;1.500.000.1002;RECURSOS NÃO VINCULADOS DE IMPOSTOS (SAÚDE);4.800,00
FUNDO MUNICIPAL DE SAÚDE DE BARBACENA;18.002;FUNDO MUNICIPAL DE SAUDE;2.345;MANUTENÇÃO DO PROGRAMA A SAÚDE DO PACIENTE ONCOLÓGICO;3;MEDIA E ALTA COMPLEXIDADE ASSISTENCIAL;10;Saúde;302;Assistência Hospitalar e Ambulatorial;157;3.3.90.46.00.00.00.00;AUXÍLIO-ALIMENTAÇÃO;1.600.000.0000;TRANSFERÊNCIAS FUNDO A FUNDO DE RECURSOS DO SUS PROVENIENTES DO GOVERNO FEDERAL - BLOCO DE MANUTENÇÃO DAS AÇÕES E SERVIÇOS PÚBLICOS DE SAÚDE;28.200,00
FUNDO MUNICIPAL DE SAÚDE DE BARBACENA;18.002;FUNDO MUNICIPAL DE SAUDE;2.345;MANUTENÇÃO DO PROGRAMA A SAÚDE DO PACIENTE ONCOLÓGICO;3;MEDIA E ALTA COMPLEXIDADE ASSISTENCIAL;10;Saúde;302;Assistência Hospitalar e Ambulatorial;157;3.3.90.46.00.00.00.00;AUXÍLIO-ALIMENTAÇÃO;2.600.000.0000;TRANSFERÊNCIAS FUNDO A FUNDO DE RECURSOS DO SUS PROVENIENTES DO GOVERNO FEDERAL - BLOCO DE MANUTENÇÃO DAS AÇÕES E SERVIÇOS PÚBLICOS DE SAÚDE;14.500,00
FUNDO MUNICIPAL DE SAÚDE DE BARBACENA;18.002;FUNDO MUNICIPAL DE SAUDE;2.345;MANUTENÇÃO DO PROGRAMA A SAÚDE DO PACIENTE ONCOLÓGICO;3;MEDIA E ALTA COMPLEXIDADE ASSISTENCIAL;10;Saúde;302;Assistência Hospitalar e Ambulatorial;157;3.3.90.46.00.00.00.00;AUXÍLIO-ALIMENTAÇÃO;2.621.000.0000;TRANSFERÊNCIAS FUNDO A FUNDO DE RECURSOS DO SUS PROVENIENTES DO GOVERNO ESTADUAL;5.400,00
FUNDO MUNICIPAL DE SAÚDE DE BARBACENA;18.002;FUNDO MUNICIPAL DE SAUDE;2.345;MANUTENÇÃO DO PROGRAMA A SAÚDE DO PACIENTE ONCOLÓGICO;3;MEDIA E ALTA COMPLEXIDADE ASSISTENCIAL;10;Saúde;302;Assistência Hospitalar e Ambulatorial;272;3.3.90.14.05.00.00.00;DIÁRIAS DE DEMAIS SERVIDORES;1.500.000.1002;RECURSOS NÃO VINCULADOS DE IMPOSTOS (SAÚDE);3.400,00
FUNDO MUNICIPAL DE SAÚDE DE BARBACENA;18.002;FUNDO MUNICIPAL DE SAUDE;2.345;MANUTENÇÃO DO PROGRAMA A SAÚDE DO PACIENTE ONCOLÓGICO;3;MEDIA E ALTA COMPLEXIDADE ASSISTENCIAL;10;Saúde;302;Assistência Hospitalar e Ambulatorial;274;3.1.90.11.01.00.00.00;VENCIMENTOS E SALÁRIOS;1.500.000.1002;RECURSOS NÃO VINCULADOS DE IMPOSTOS (SAÚDE);9.411,62
FUNDO MUNICIPAL DE SAÚDE DE BARBACENA;18.002;FUNDO MUNICIPAL DE SAUDE;2.345;MANUTENÇÃO DO PROGRAMA A SAÚDE DO PACIENTE ONCOLÓGICO;3;MEDIA E ALTA COMPLEXIDADE ASSISTENCIAL;10;Saúde;302;Assistência Hospitalar e Ambulatorial;274;3.1.90.11.01.00.00.00;VENCIMENTOS E SALÁRIOS;1.600.000.0000;TRANSFERÊNCIAS FUNDO A FUNDO DE RECURSOS DO SUS PROVENIENTES DO GOVERNO FEDERAL - BLOCO DE MANUTENÇÃO DAS AÇÕES E SERVIÇOS PÚBLICOS DE SAÚDE;15.868,60
FUNDO MUNICIPAL DE SAÚDE DE BARBACENA;18.002;FUNDO MUNICIPAL DE SAUDE;2.345;MANUTENÇÃO DO PROGRAMA A SAÚDE DO PACIENTE ONCOLÓGICO;3;MEDIA E ALTA COMPLEXIDADE ASSISTENCIAL;10;Saúde;302;Assistência Hospitalar e Ambulatorial;274;3.1.90.11.52.00.00.00;LICENÇA SAÚDE;1.600.000.0000;TRANSFERÊNCIAS FUNDO A FUNDO DE RECURSOS DO SUS PROVENIENTES DO GOVERNO FEDERAL - BLOCO DE MANUTENÇÃO DAS AÇÕES E SERVIÇOS PÚBLICOS DE SAÚDE;623,92
FUNDO MUNICIPAL DE SAÚDE DE BARBACENA;18.002;FUNDO MUNICIPAL DE SAUDE;2.345;MANUTENÇÃO DO PROGRAMA A SAÚDE DO PACIENTE ONCOLÓGICO;3;MEDIA E ALTA COMPLEXIDADE ASSISTENCIAL;10;Saúde;302;Assistência Hospitalar e Ambulatorial;274;3.1.90.11.01.00.00.00;VENCIMENTOS E SALÁRIOS;2.600.000.0000;TRANSFERÊNCIAS FUNDO A FUNDO DE RECURSOS DO SUS PROVENIENTES DO GOVERNO FEDERAL - BLOCO DE MANUTENÇÃO DAS AÇÕES E SERVIÇOS PÚBLICOS DE SAÚDE;24.024,09
FUNDO MUNICIPAL DE SAÚDE DE BARBACENA;18.002;FUNDO MUNICIPAL DE SAUDE;2.345;MANUTENÇÃO DO PROGRAMA A SAÚDE DO PACIENTE ONCOLÓGICO;3;MEDIA E ALTA COMPLEXIDADE ASSISTENCIAL;10;Saúde;302;Assistência Hospitalar e Ambulatorial;274;3.1.90.11.52.00.00.00;LICENÇA SAÚDE;2.600.000.0000;TRANSFERÊNCIAS FUNDO A FUNDO DE RECURSOS DO SUS PROVENIENTES DO GOVERNO FEDERAL - BLOCO DE MANUTENÇÃO DAS AÇÕES E SERVIÇOS PÚBLICOS DE SAÚDE;808,37
FUNDO MUNICIPAL DE SAÚDE DE BARBACENA;18.002;FUNDO MUNICIPAL DE SAUDE;2.345;MANUTENÇÃO DO PROGRAMA A SAÚDE DO PACIENTE ONCOLÓGICO;3;MEDIA E ALTA COMPLEXIDADE ASSISTENCIAL;10;Saúde;302;Assistência Hospitalar e Ambulatorial;274;3.1.90.11.52.00.00.00;LICENÇA SAÚDE;2.621.000.0000;TRANSFERÊNCIAS FUNDO A FUNDO DE RECURSOS DO SUS PROVENIENTES DO GOVERNO ESTADUAL;1.694,40
FUNDO MUNICIPAL DE SAÚDE DE BARBACENA;18.002;FUNDO MUNICIPAL DE SAUDE;2.345;MANUTENÇÃO DO PROGRAMA A SAÚDE DO PACIENTE ONCOLÓGICO;3;MEDIA E ALTA COMPLEXIDADE ASSISTENCIAL;10;Saúde;302;Assistência Hospitalar e Ambulatorial;274;3.1.90.11.01.00.00.00;VENCIMENTOS E SALÁRIOS;2.621.000.0000;TRANSFERÊNCIAS FUNDO A FUNDO DE RECURSOS DO SUS PROVENIENTES DO GOVERNO ESTADUAL;4.946,63
FUNDO MUNICIPAL DE SAÚDE DE BARBACENA;18.002;FUNDO MUNICIPAL DE SAUDE;2.345;MANUTENÇÃO DO PROGRAMA A SAÚDE DO PACIENTE ONCOLÓGICO;3;MEDIA E ALTA COMPLEXIDADE ASSISTENCIAL;10;Saúde;302;Assistência Hospitalar e Ambulatorial;275;3.1.91.13.08.00.00.00;CONTRIB. PREV.- RPPS - PESSOAL ATIVO - PLANO PREV.;1.500.000.1002;RECURSOS NÃO VINCULADOS DE IMPOSTOS (SAÚDE);3.469,26
FUNDO MUNICIPAL DE SAÚDE DE BARBACENA;18.002;FUNDO MUNICIPAL DE SAUDE;2.345;MANUTENÇÃO DO PROGRAMA A SAÚDE DO PACIENTE ONCOLÓGICO;3;MEDIA E ALTA COMPLEXIDADE ASSISTENCIAL;10;Saúde;302;Assistência Hospitalar e Ambulatorial;275;3.1.91.13.08.00.00.00;CONTRIB. PREV.- RPPS - PESSOAL ATIVO - PLANO PREV.;1.600.000.0000;TRANSFERÊNCIAS FUNDO A FUNDO DE RECURSOS DO SUS PROVENIENTES DO GOVERNO FEDERAL - BLOCO DE MANUTENÇÃO DAS AÇÕES E SERVIÇOS PÚBLICOS DE SAÚDE;4.180,90
FUNDO MUNICIPAL DE SAÚDE DE BARBACENA;18.002;FUNDO MUNICIPAL DE SAUDE;2.345;MANUTENÇÃO DO PROGRAMA A SAÚDE DO PACIENTE ONCOLÓGICO;3;MEDIA E ALTA COMPLEXIDADE ASSISTENCIAL;10;Saúde;302;Assistência Hospitalar e Ambulatorial;275;3.1.91.13.08.00.00.00;CONTRIB. PREV.- RPPS - PESSOAL ATIVO - PLANO PREV.;2.600.000.0000;TRANSFERÊNCIAS FUNDO A FUNDO DE RECURSOS DO SUS PROVENIENTES DO GOVERNO FEDERAL - BLOCO DE MANUTENÇÃO DAS AÇÕES E SERVIÇOS PÚBLICOS DE SAÚDE;5.441,10
FUNDO MUNICIPAL DE SAÚDE DE BARBACENA;18.002;FUNDO MUNICIPAL DE SAUDE;2.345;MANUTENÇÃO DO PROGRAMA A SAÚDE DO PACIENTE ONCOLÓGICO;3;MEDIA E ALTA COMPLEXIDADE ASSISTENCIAL;10;Saúde;302;Assistência Hospitalar e Ambulatorial;275;3.1.91.13.08.00.00.00;CONTRIB. PREV.- RPPS - PESSOAL ATIVO - PLANO PREV.;2.621.000.0000;TRANSFERÊNCIAS FUNDO A FUNDO DE RECURSOS DO SUS PROVENIENTES DO GOVERNO ESTADUAL;1.734,63
FUNDO MUNICIPAL DE SAÚDE DE BARBACENA;18.002;FUNDO MUNICIPAL DE SAUDE;2.441;APOIO A SANTA CASA DE MISERICÓRDIA DE BARBACENA;3;MEDIA E ALTA COMPLEXIDADE ASSISTENCIAL;10;Saúde;302;Assistência Hospitalar e Ambulatorial;159;3.3.50.41.00.00.00.00;CONTRIBUIÇÕES;1.500.000.1002;RECURSOS NÃO VINCULADOS DE IMPOSTOS (SAÚDE);1.003.678,15
FUNDO MUNICIPAL DE SAÚDE DE BARBACENA;18.002;FUNDO MUNICIPAL DE SAUDE;2.442;APOIO AO HOSPITAL IBIAPABA CEBAMS;3;MEDIA E ALTA COMPLEXIDADE ASSISTENCIAL;10;Saúde;302;Assistência Hospitalar e Ambulatorial;160;3.3.50.41.00.00.00.00;CONTRIBUIÇÕES;1.500.000.1002;RECURSOS NÃO VINCULADOS DE IMPOSTOS (SAÚDE);601.138,47
FUNDO MUNICIPAL DE SAÚDE DE BARBACENA;18.002;FUNDO MUNICIPAL DE SAUDE;2.443;APOIO AO HOSPITAL POLICLÍNICA E MATERNIDADE DE BARBACENA - IMAIP;3;MEDIA E ALTA COMPLEXIDADE ASSISTENCIAL;10;Saúde;302;Assistência Hospitalar e Ambulatorial;161;3.3.50.41.00.00.00.00;CONTRIBUIÇÕES;1.500.000.1002;RECURSOS NÃO VINCULADOS DE IMPOSTOS (SAÚDE);532.688,38
FUNDO MUNICIPAL DE SAÚDE DE BARBACENA;18.002;FUNDO MUNICIPAL DE SAUDE;2.444;APOIO AO NÚCLEO REGIONAL DE BARBACENA DE PREVENÇÃO E COMBATE AO CÂNCER;3;MEDIA E ALTA COMPLEXIDADE ASSISTENCIAL;10;Saúde;302;Assistência Hospitalar e Ambulatorial;162;3.3.50.41.00.00.00.00;CONTRIBUIÇÕES;1.500.000.1002;RECURSOS NÃO VINCULADOS DE IMPOSTOS (SAÚDE);38.733,00
FUNDO MUNICIPAL DE SAÚDE DE BARBACENA;18.002;FUNDO MUNICIPAL DE SAUDE;2.444;APOIO AO NÚCLEO REGIONAL DE BARBACENA DE PREVENÇÃO E COMBATE AO CÂNCER;3;MEDIA E ALTA COMPLEXIDADE ASSISTENCIAL;10;Saúde;302;Assistência Hospitalar e Ambulatorial;271;4.4.50.41.00.00.00.00;CONTRIBUIÇÕES;1.500.000.1002;RECURSOS NÃO VINCULADOS DE IMPOSTOS (SAÚDE);11.267,00
FUNDO MUNICIPAL DE SAÚDE DE BARBACENA;18.002;FUNDO MUNICIPAL DE SAUDE;2.485;APOIO A ASSOCIAÇÃO DOS DIABÉTICOS DE BARBACENA - ASSODIBAR;3;MEDIA E ALTA COMPLEXIDADE ASSISTENCIAL;10;Saúde;302;Assistência Hospitalar e Ambulatorial;163;3.3.50.41.00.00.00.00;CONTRIBUIÇÕES;1.500.000.1002;RECURSOS NÃO VINCULADOS DE IMPOSTOS (SAÚDE);142.376,75
FUNDO MUNICIPAL DE SAÚDE DE BARBACENA;18.002;FUNDO MUNICIPAL DE SAUDE;2.642;MANUTENÇÃO DA REDE DE ATENÇÃO PSICOSSOCIAL - RAPS;3;MEDIA E ALTA COMPLEXIDADE ASSISTENCIAL;10;Saúde;302;Assistência Hospitalar e Ambulatorial;170;3.1.90.04.15.00.00.00;OBRIGAÇÕES PATRONAIS - CONTRATO TEMPORÁRIO;1.600.000.0000;TRANSFERÊNCIAS FUNDO A FUNDO DE RECURSOS DO SUS PROVENIENTES DO GOVERNO FEDERAL - BLOCO DE MANUTENÇÃO DAS AÇÕES E SERVIÇOS PÚBLICOS DE SAÚDE;140.905,58
FUNDO MUNICIPAL DE SAÚDE DE BARBACENA;18.002;FUNDO MUNICIPAL DE SAUDE;2.642;MANUTENÇÃO DA REDE DE ATENÇÃO PSICOSSOCIAL - RAPS;3;MEDIA E ALTA COMPLEXIDADE ASSISTENCIAL;10;Saúde;302;Assistência Hospitalar e Ambulatorial;170;3.1.90.04.01.00.00.00;SALÁRIO CONTRATO TEMPORÁRIO;1.600.000.0000;TRANSFERÊNCIAS FUNDO A FUNDO DE RECURSOS DO SUS PROVENIENTES DO GOVERNO FEDERAL - BLOCO DE MANUTENÇÃO DAS AÇÕES E SERVIÇOS PÚBLICOS DE SAÚDE;1.486.396,96
FUNDO MUNICIPAL DE SAÚDE DE BARBACENA;18.002;FUNDO MUNICIPAL DE SAUDE;2.642;MANUTENÇÃO DA REDE DE ATENÇÃO PSICOSSOCIAL - RAPS;3;MEDIA E ALTA COMPLEXIDADE ASSISTENCIAL;10;Saúde;302;Assistência Hospitalar e Ambulatorial;170;3.1.90.04.01.00.00.00;SALÁRIO CONTRATO TEMPORÁRIO;2.600.000.0000;TRANSFERÊNCIAS FUNDO A FUNDO DE RECURSOS DO SUS PROVENIENTES DO GOVERNO FEDERAL - BLOCO DE MANUTENÇÃO DAS AÇÕES E SERVIÇOS PÚBLICOS DE SAÚDE;794.552,37
FUNDO MUNICIPAL DE SAÚDE DE BARBACENA;18.002;FUNDO MUNICIPAL DE SAUDE;2.642;MANUTENÇÃO DA REDE DE ATENÇÃO PSICOSSOCIAL - RAPS;3;MEDIA E ALTA COMPLEXIDADE ASSISTENCIAL;10;Saúde;302;Assistência Hospitalar e Ambulatorial;170;3.1.90.04.15.00.00.00;OBRIGAÇÕES PATRONAIS - CONTRATO TEMPORÁRIO;2.600.000.0000;TRANSFERÊNCIAS FUNDO A FUNDO DE RECURSOS DO SUS PROVENIENTES DO GOVERNO FEDERAL - BLOCO DE MANUTENÇÃO DAS AÇÕES E SERVIÇOS PÚBLICOS DE SAÚDE;62.678,24
FUNDO MUNICIPAL DE SAÚDE DE BARBACENA;18.002;FUNDO MUNICIPAL DE SAUDE;2.642;MANUTENÇÃO DA REDE DE ATENÇÃO PSICOSSOCIAL - RAPS;3;MEDIA E ALTA COMPLEXIDADE ASSISTENCIAL;10;Saúde;302;Assistência Hospitalar e Ambulatorial;170;3.1.90.04.01.00.00.00;SALÁRIO CONTRATO TEMPORÁRIO;2.621.000.0000;TRANSFERÊNCIAS FUNDO A FUNDO DE RECURSOS DO SUS PROVENIENTES DO GOVERNO ESTADUAL;252.388,81
FUNDO MUNICIPAL DE SAÚDE DE BARBACENA;18.002;FUNDO MUNICIPAL DE SAUDE;2.642;MANUTENÇÃO DA REDE DE ATENÇÃO PSICOSSOCIAL - RAPS;3;MEDIA E ALTA COMPLEXIDADE ASSISTENCIAL;10;Saúde;302;Assistência Hospitalar e Ambulatorial;170;3.1.90.04.15.00.00.00;OBRIGAÇÕES PATRONAIS - CONTRATO TEMPORÁRIO;2.621.000.0000;TRANSFERÊNCIAS FUNDO A FUNDO DE RECURSOS DO SUS PROVENIENTES DO GOVERNO ESTADUAL;32.208,67
FUNDO MUNICIPAL DE SAÚDE DE BARBACENA;18.002;FUNDO MUNICIPAL DE SAUDE;2.642;MANUTENÇÃO DA REDE DE ATENÇÃO PSICOSSOCIAL - RAPS;3;MEDIA E ALTA COMPLEXIDADE ASSISTENCIAL;10;Saúde;302;Assistência Hospitalar e Ambulatorial;171;3.1.90.11.52.00.00.00;LICENÇA SAÚDE;1.600.000.0000;TRANSFERÊNCIAS FUNDO A FUNDO DE RECURSOS DO SUS PROVENIENTES DO GOVERNO FEDERAL - BLOCO DE MANUTENÇÃO DAS AÇÕES E SERVIÇOS PÚBLICOS DE SAÚDE;105.858,39
FUNDO MUNICIPAL DE SAÚDE DE BARBACENA;18.002;FUNDO MUNICIPAL DE SAUDE;2.642;MANUTENÇÃO DA REDE DE ATENÇÃO PSICOSSOCIAL - RAPS;3;MEDIA E ALTA COMPLEXIDADE ASSISTENCIAL;10;Saúde;302;Assistência Hospitalar e Ambulatorial;171;3.1.90.11.01.00.00.00;VENCIMENTOS E SALÁRIOS;1.600.000.0000;TRANSFERÊNCIAS FUNDO A FUNDO DE RECURSOS DO SUS PROVENIENTES DO GOVERNO FEDERAL - BLOCO DE MANUTENÇÃO DAS AÇÕES E SERVIÇOS PÚBLICOS DE SAÚDE;1.154.686,99
FUNDO MUNICIPAL DE SAÚDE DE BARBACENA;18.002;FUNDO MUNICIPAL DE SAUDE;2.642;MANUTENÇÃO DA REDE DE ATENÇÃO PSICOSSOCIAL - RAPS;3;MEDIA E ALTA COMPLEXIDADE ASSISTENCIAL;10;Saúde;302;Assistência Hospitalar e Ambulatorial;171;3.1.90.11.52.00.00.00;LICENÇA SAÚDE;2.600.000.0000;TRANSFERÊNCIAS FUNDO A FUNDO DE RECURSOS DO SUS PROVENIENTES DO GOVERNO FEDERAL - BLOCO DE MANUTENÇÃO DAS AÇÕES E SERVIÇOS PÚBLICOS DE SAÚDE;27.332,89
FUNDO MUNICIPAL DE SAÚDE DE BARBACENA;18.002;FUNDO MUNICIPAL DE SAUDE;2.642;MANUTENÇÃO DA REDE DE ATENÇÃO PSICOSSOCIAL - RAPS;3;MEDIA E ALTA COMPLEXIDADE ASSISTENCIAL;10;Saúde;302;Assistência Hospitalar e Ambulatorial;171;3.1.90.11.01.00.00.00;VENCIMENTOS E SALÁRIOS;2.600.000.0000;TRANSFERÊNCIAS FUNDO A FUNDO DE RECURSOS DO SUS PROVENIENTES DO GOVERNO FEDERAL - BLOCO DE MANUTENÇÃO DAS AÇÕES E SERVIÇOS PÚBLICOS DE SAÚDE;493.868,34
FUNDO MUNICIPAL DE SAÚDE DE BARBACENA;18.002;FUNDO MUNICIPAL DE SAUDE;2.642;MANUTENÇÃO DA REDE DE ATENÇÃO PSICOSSOCIAL - RAPS;3;MEDIA E ALTA COMPLEXIDADE ASSISTENCIAL;10;Saúde;302;Assistência Hospitalar e Ambulatorial;171;3.1.90.11.50.00.00.00;SALÁRIO MATERNIDADE;2.600.000.0000;TRANSFERÊNCIAS FUNDO A FUNDO DE RECURSOS DO SUS PROVENIENTES DO GOVERNO FEDERAL - BLOCO DE MANUTENÇÃO DAS AÇÕES E SERVIÇOS PÚBLICOS DE SAÚDE;6.824,54
FUNDO MUNICIPAL DE SAÚDE DE BARBACENA;18.002;FUNDO MUNICIPAL DE SAUDE;2.642;MANUTENÇÃO DA REDE DE ATENÇÃO PSICOSSOCIAL - RAPS;3;MEDIA E ALTA COMPLEXIDADE ASSISTENCIAL;10;Saúde;302;Assistência Hospitalar e Ambulatorial;171;3.1.90.11.50.00.00.00;SALÁRIO MATERNIDADE;2.621.000.0000;TRANSFERÊNCIAS FUNDO A FUNDO DE RECURSOS DO SUS PROVENIENTES DO GOVERNO ESTADUAL;7.674,19
FUNDO MUNICIPAL DE SAÚDE DE BARBACENA;18.002;FUNDO MUNICIPAL DE SAUDE;2.642;MANUTENÇÃO DA REDE DE ATENÇÃO PSICOSSOCIAL - RAPS;3;MEDIA E ALTA COMPLEXIDADE ASSISTENCIAL;10;Saúde;302;Assistência Hospitalar e Ambulatorial;171;3.1.90.11.01.00.00.00;VENCIMENTOS E SALÁRIOS;2.621.000.0000;TRANSFERÊNCIAS FUNDO A FUNDO DE RECURSOS DO SUS PROVENIENTES DO GOVERNO ESTADUAL;223.834,78
FUNDO MUNICIPAL DE SAÚDE DE BARBACENA;18.002;FUNDO MUNICIPAL DE SAUDE;2.642;MANUTENÇÃO DA REDE DE ATENÇÃO PSICOSSOCIAL - RAPS;3;MEDIA E ALTA COMPLEXIDADE ASSISTENCIAL;10;Saúde;302;Assistência Hospitalar e Ambulatorial;171;3.1.90.11.52.00.00.00;LICENÇA SAÚDE;2.621.000.0000;TRANSFERÊNCIAS FUNDO A FUNDO DE RECURSOS DO SUS PROVENIENTES DO GOVERNO ESTADUAL;6.322,70
FUNDO MUNICIPAL DE SAÚDE DE BARBACENA;18.002;FUNDO MUNICIPAL DE SAUDE;2.642;MANUTENÇÃO DA REDE DE ATENÇÃO PSICOSSOCIAL - RAPS;3;MEDIA E ALTA COMPLEXIDADE ASSISTENCIAL;10;Saúde;302;Assistência Hospitalar e Ambulatorial;173;3.1.91.13.08.00.00.00;CONTRIB. PREV.- RPPS - PESSOAL ATIVO - PLANO PREV.;1.600.000.0000;TRANSFERÊNCIAS FUNDO A FUNDO DE RECURSOS DO SUS PROVENIENTES DO GOVERNO FEDERAL - BLOCO DE MANUTENÇÃO DAS AÇÕES E SERVIÇOS PÚBLICOS DE SAÚDE;343.373,98
FUNDO MUNICIPAL DE SAÚDE DE BARBACENA;18.002;FUNDO MUNICIPAL DE SAUDE;2.642;MANUTENÇÃO DA REDE DE ATENÇÃO PSICOSSOCIAL - RAPS;3;MEDIA E ALTA COMPLEXIDADE ASSISTENCIAL;10;Saúde;302;Assistência Hospitalar e Ambulatorial;173;3.1.91.13.08.00.00.00;CONTRIB. PREV.- RPPS - PESSOAL ATIVO - PLANO PREV.;2.600.000.0000;TRANSFERÊNCIAS FUNDO A FUNDO DE RECURSOS DO SUS PROVENIENTES DO GOVERNO FEDERAL - BLOCO DE MANUTENÇÃO DAS AÇÕES E SERVIÇOS PÚBLICOS DE SAÚDE;124.620,77
FUNDO MUNICIPAL DE SAÚDE DE BARBACENA;18.002;FUNDO MUNICIPAL DE SAUDE;2.642;MANUTENÇÃO DA REDE DE ATENÇÃO PSICOSSOCIAL - RAPS;3;MEDIA E ALTA COMPLEXIDADE ASSISTENCIAL;10;Saúde;302;Assistência Hospitalar e Ambulatorial;173;3.1.91.13.08.00.00.00;CONTRIB. PREV.- RPPS - PESSOAL ATIVO - PLANO PREV.;2.621.000.0000;TRANSFERÊNCIAS FUNDO A FUNDO DE RECURSOS DO SUS PROVENIENTES DO GOVERNO ESTADUAL;86.261,55
FUNDO MUNICIPAL DE SAÚDE DE BARBACENA;18.002;FUNDO MUNICIPAL DE SAUDE;2.642;MANUTENÇÃO DA REDE DE ATENÇÃO PSICOSSOCIAL - RAPS;3;MEDIA E ALTA COMPLEXIDADE ASSISTENCIAL;10;Saúde;302;Assistência Hospitalar e Ambulatorial;174;3.3.90.14.05.00.00.00;DIÁRIAS DE DEMAIS SERVIDORES;1.600.000.0000;TRANSFERÊNCIAS FUNDO A FUNDO DE RECURSOS DO SUS PROVENIENTES DO GOVERNO FEDERAL - BLOCO DE MANUTENÇÃO DAS AÇÕES E SERVIÇOS PÚBLICOS DE SAÚDE;2.000,00
FUNDO MUNICIPAL DE SAÚDE DE BARBACENA;18.002;FUNDO MUNICIPAL DE SAUDE;2.642;MANUTENÇÃO DA REDE DE ATENÇÃO PSICOSSOCIAL - RAPS;3;MEDIA E ALTA COMPLEXIDADE ASSISTENCIAL;10;Saúde;302;Assistência Hospitalar e Ambulatorial;176;3.3.90.30.37.00.00.00;MATERIAL PARA MANUTENÇÃO DE VEÍCULOS;1.600.000.0000;TRANSFERÊNCIAS FUNDO A FUNDO DE RECURSOS DO SUS PROVENIENTES DO GOVERNO FEDERAL - BLOCO DE MANUTENÇÃO DAS AÇÕES E SERVIÇOS PÚBLICOS DE SAÚDE;7.300,00
FUNDO MUNICIPAL DE SAÚDE DE BARBACENA;18.002;FUNDO MUNICIPAL DE SAUDE;2.642;MANUTENÇÃO DA REDE DE ATENÇÃO PSICOSSOCIAL - RAPS;3;MEDIA E ALTA COMPLEXIDADE ASSISTENCIAL;10;Saúde;302;Assistência Hospitalar e Ambulatorial;176;3.3.90.30.99.00.00.00;OUTROS MATERIAIS DE CONSUMO;1.600.000.0000;TRANSFERÊNCIAS FUNDO A FUNDO DE RECURSOS DO SUS PROVENIENTES DO GOVERNO FEDERAL - BLOCO DE MANUTENÇÃO DAS AÇÕES E SERVIÇOS PÚBLICOS DE SAÚDE;8.348,30
FUNDO MUNICIPAL DE SAÚDE DE BARBACENA;18.002;FUNDO MUNICIPAL DE SAUDE;2.642;MANUTENÇÃO DA REDE DE ATENÇÃO PSICOSSOCIAL - RAPS;3;MEDIA E ALTA COMPLEXIDADE ASSISTENCIAL;10;Saúde;302;Assistência Hospitalar e Ambulatorial;176;3.3.90.30.28.00.00.00;MATERIAL DE PROTEÇÃO E SEGURANÇA;1.621.000.0000;TRANSFERÊNCIAS FUNDO A FUNDO DE RECURSOS DO SUS PROVENIENTES DO GOVERNO ESTADUAL;4.558,00
FUNDO MUNICIPAL DE SAÚDE DE BARBACENA;18.002;FUNDO MUNICIPAL DE SAUDE;2.642;MANUTENÇÃO DA REDE DE ATENÇÃO PSICOSSOCIAL - RAPS;3;MEDIA E ALTA COMPLEXIDADE ASSISTENCIAL;10;Saúde;302;Assistência Hospitalar e Ambulatorial;176;3.3.90.30.16.00.00.00;MATERIAL DE EXPEDIENTE;2.600.000.0000;TRANSFERÊNCIAS FUNDO A FUNDO DE RECURSOS DO SUS PROVENIENTES DO GOVERNO FEDERAL - BLOCO DE MANUTENÇÃO DAS AÇÕES E SERVIÇOS PÚBLICOS DE SAÚDE;58.299,12
FUNDO MUNICIPAL DE SAÚDE DE BARBACENA;18.002;FUNDO MUNICIPAL DE SAUDE;2.642;MANUTENÇÃO DA REDE DE ATENÇÃO PSICOSSOCIAL - RAPS;3;MEDIA E ALTA COMPLEXIDADE ASSISTENCIAL;10;Saúde;302;Assistência Hospitalar e Ambulatorial;176;3.3.90.30.22.00.00.00;MATERIAL DE LIMPEZA E PRODUÇÃO DE HIGIENIZAÇÃO;2.600.000.0000;TRANSFERÊNCIAS FUNDO A FUNDO DE RECURSOS DO SUS PROVENIENTES DO GOVERNO FEDERAL - BLOCO DE MANUTENÇÃO DAS AÇÕES E SERVIÇOS PÚBLICOS DE SAÚDE;100.207,30
FUNDO MUNICIPAL DE SAÚDE DE BARBACENA;18.002;FUNDO MUNICIPAL DE SAUDE;2.642;MANUTENÇÃO DA REDE DE ATENÇÃO PSICOSSOCIAL - RAPS;3;MEDIA E ALTA COMPLEXIDADE ASSISTENCIAL;10;Saúde;302;Assistência Hospitalar e Ambulatorial;176;3.3.90.30.40.00.00.00;FERRAMENTAS;2.600.000.0000;TRANSFERÊNCIAS FUNDO A FUNDO DE RECURSOS DO SUS PROVENIENTES DO GOVERNO FEDERAL - BLOCO DE MANUTENÇÃO DAS AÇÕES E SERVIÇOS PÚBLICOS DE SAÚDE;382,47
FUNDO MUNICIPAL DE SAÚDE DE BARBACENA;18.002;FUNDO MUNICIPAL DE SAUDE;2.642;MANUTENÇÃO DA REDE DE ATENÇÃO PSICOSSOCIAL - RAPS;3;MEDIA E ALTA COMPLEXIDADE ASSISTENCIAL;10;Saúde;302;Assistência Hospitalar e Ambulatorial;176;3.3.90.30.24.00.00.00;MATERIAL PARA MANUTENÇÃO DE BENS IMÓVEIS;2.600.000.0000;TRANSFERÊNCIAS FUNDO A FUNDO DE RECURSOS DO SUS PROVENIENTES DO GOVERNO FEDERAL - BLOCO DE MANUTENÇÃO DAS AÇÕES E SERVIÇOS PÚBLICOS DE SAÚDE;600,00
FUNDO MUNICIPAL DE SAÚDE DE BARBACENA;18.002;FUNDO MUNICIPAL DE SAUDE;2.642;MANUTENÇÃO DA REDE DE ATENÇÃO PSICOSSOCIAL - RAPS;3;MEDIA E ALTA COMPLEXIDADE ASSISTENCIAL;10;Saúde;302;Assistência Hospitalar e Ambulatorial;176;3.3.90.30.37.00.00.00;MATERIAL PARA MANUTENÇÃO DE VEÍCULOS;2.621.000.0000;TRANSFERÊNCIAS FUNDO A FUNDO DE RECURSOS DO SUS PROVENIENTES DO GOVERNO ESTADUAL;5.506,57
FUNDO MUNICIPAL DE SAÚDE DE BARBACENA;18.002;FUNDO MUNICIPAL DE SAUDE;2.642;MANUTENÇÃO DA REDE DE ATENÇÃO PSICOSSOCIAL - RAPS;3;MEDIA E ALTA COMPLEXIDADE ASSISTENCIAL;10;Saúde;302;Assistência Hospitalar e Ambulatorial;176;3.3.90.30.99.00.00.00;OUTROS MATERIAIS DE CONSUMO;2.621.000.0000;TRANSFERÊNCIAS FUNDO A FUNDO DE RECURSOS DO SUS PROVENIENTES DO GOVERNO ESTADUAL;20,00
FUNDO MUNICIPAL DE SAÚDE DE BARBACENA;18.002;FUNDO MUNICIPAL DE SAUDE;2.642;MANUTENÇÃO DA REDE DE ATENÇÃO PSICOSSOCIAL - RAPS;3;MEDIA E ALTA COMPLEXIDADE ASSISTENCIAL;10;Saúde;302;Assistência Hospitalar e Ambulatorial;176;3.3.90.30.04.00.00.00;GÁS ENGARRAFADO;2.621.000.0000;TRANSFERÊNCIAS FUNDO A FUNDO DE RECURSOS DO SUS PROVENIENTES DO GOVERNO ESTADUAL;2.876,00
FUNDO MUNICIPAL DE SAÚDE DE BARBACENA;18.002;FUNDO MUNICIPAL DE SAUDE;2.642;MANUTENÇÃO DA REDE DE ATENÇÃO PSICOSSOCIAL - RAPS;3;MEDIA E ALTA COMPLEXIDADE ASSISTENCIAL;10;Saúde;302;Assistência Hospitalar e Ambulatorial;176;3.3.90.30.07.00.00.00;GÊNEROS DE ALIMENTAÇÃO;2.621.000.0000;TRANSFERÊNCIAS FUNDO A FUNDO DE RECURSOS DO SUS PROVENIENTES DO GOVERNO ESTADUAL;658,00
FUNDO MUNICIPAL DE SAÚDE DE BARBACENA;18.002;FUNDO MUNICIPAL DE SAUDE;2.642;MANUTENÇÃO DA REDE DE ATENÇÃO PSICOSSOCIAL - RAPS;3;MEDIA E ALTA COMPLEXIDADE ASSISTENCIAL;10;Saúde;302;Assistência Hospitalar e Ambulatorial;178;3.3.90.39.30.00.00.00;SERVIÇOS DE ÁGUA E ESGOTO;1.500.000.1002;RECURSOS NÃO VINCULADOS DE IMPOSTOS (SAÚDE);14.000,00
FUNDO MUNICIPAL DE SAÚDE DE BARBACENA;18.002;FUNDO MUNICIPAL DE SAUDE;2.642;MANUTENÇÃO DA REDE DE ATENÇÃO PSICOSSOCIAL - RAPS;3;MEDIA E ALTA COMPLEXIDADE ASSISTENCIAL;10;Saúde;302;Assistência Hospitalar e Ambulatorial;178;3.3.90.39.29.00.00.00;SERVIÇOS DE ENERGIA ELÉTRICA;1.500.000.1002;RECURSOS NÃO VINCULADOS DE IMPOSTOS (SAÚDE);26.500,00
FUNDO MUNICIPAL DE SAÚDE DE BARBACENA;18.002;FUNDO MUNICIPAL DE SAUDE;2.642;MANUTENÇÃO DA REDE DE ATENÇÃO PSICOSSOCIAL - RAPS;3;MEDIA E ALTA COMPLEXIDADE ASSISTENCIAL;10;Saúde;302;Assistência Hospitalar e Ambulatorial;178;3.3.90.39.12.00.00.00;LOCAÇÃO DE MÁQUINAS E EQUIPAMENTOS;1.600.000.0000;TRANSFERÊNCIAS FUNDO A FUNDO DE RECURSOS DO SUS PROVENIENTES DO GOVERNO FEDERAL - BLOCO DE MANUTENÇÃO DAS AÇÕES E SERVIÇOS PÚBLICOS DE SAÚDE;13.861,44
FUNDO MUNICIPAL DE SAÚDE DE BARBACENA;18.002;FUNDO MUNICIPAL DE SAUDE;2.642;MANUTENÇÃO DA REDE DE ATENÇÃO PSICOSSOCIAL - RAPS;3;MEDIA E ALTA COMPLEXIDADE ASSISTENCIAL;10;Saúde;302;Assistência Hospitalar e Ambulatorial;178;3.3.90.39.99.00.00.00;OUTROS SERVIÇOS DE TERCEIROS - PESSOA JURÍDICA;1.600.000.0000;TRANSFERÊNCIAS FUNDO A FUNDO DE RECURSOS DO SUS PROVENIENTES DO GOVERNO FEDERAL - BLOCO DE MANUTENÇÃO DAS AÇÕES E SERVIÇOS PÚBLICOS DE SAÚDE;5.505.191,54
FUNDO MUNICIPAL DE SAÚDE DE BARBACENA;18.002;FUNDO MUNICIPAL DE SAUDE;2.642;MANUTENÇÃO DA REDE DE ATENÇÃO PSICOSSOCIAL - RAPS;3;MEDIA E ALTA COMPLEXIDADE ASSISTENCIAL;10;Saúde;302;Assistência Hospitalar e Ambulatorial;178;3.3.90.39.43.00.00.00;SERVIÇOS DE TELECOMUNICAÇÕES;1.600.000.0000;TRANSFERÊNCIAS FUNDO A FUNDO DE RECURSOS DO SUS PROVENIENTES DO GOVERNO FEDERAL - BLOCO DE MANUTENÇÃO DAS AÇÕES E SERVIÇOS PÚBLICOS DE SAÚDE;3.354,00
FUNDO MUNICIPAL DE SAÚDE DE BARBACENA;18.002;FUNDO MUNICIPAL DE SAUDE;2.642;MANUTENÇÃO DA REDE DE ATENÇÃO PSICOSSOCIAL - RAPS;3;MEDIA E ALTA COMPLEXIDADE ASSISTENCIAL;10;Saúde;302;Assistência Hospitalar e Ambulatorial;178;3.3.90.39.99.00.00.00;OUTROS SERVIÇOS DE TERCEIROS - PESSOA JURÍDICA;1.621.000.0000;TRANSFERÊNCIAS FUNDO A FUNDO DE RECURSOS DO SUS PROVENIENTES DO GOVERNO ESTADUAL;5.740,00
FUNDO MUNICIPAL DE SAÚDE DE BARBACENA;18.002;FUNDO MUNICIPAL DE SAUDE;2.642;MANUTENÇÃO DA REDE DE ATENÇÃO PSICOSSOCIAL - RAPS;3;MEDIA E ALTA COMPLEXIDADE ASSISTENCIAL;10;Saúde;302;Assistência Hospitalar e Ambulatorial;178;3.3.90.39.27.00.00.00;FORNECIMENTO DE ALIMENTAÇÃO;1.621.000.0000;TRANSFERÊNCIAS FUNDO A FUNDO DE RECURSOS DO SUS PROVENIENTES DO GOVERNO ESTADUAL;31.453,70
FUNDO MUNICIPAL DE SAÚDE DE BARBACENA;18.002;FUNDO MUNICIPAL DE SAUDE;2.642;MANUTENÇÃO DA REDE DE ATENÇÃO PSICOSSOCIAL - RAPS;3;MEDIA E ALTA COMPLEXIDADE ASSISTENCIAL;10;Saúde;302;Assistência Hospitalar e Ambulatorial;178;3.3.90.39.53.00.00.00;SEGUROS EM GERAL;1.621.000.0000;TRANSFERÊNCIAS FUNDO A FUNDO DE RECURSOS DO SUS PROVENIENTES DO GOVERNO ESTADUAL;950,00
FUNDO MUNICIPAL DE SAÚDE DE BARBACENA;18.002;FUNDO MUNICIPAL DE SAUDE;2.642;MANUTENÇÃO DA REDE DE ATENÇÃO PSICOSSOCIAL - RAPS;3;MEDIA E ALTA COMPLEXIDADE ASSISTENCIAL;10;Saúde;302;Assistência Hospitalar e Ambulatorial;178;3.3.90.39.99.00.00.00;OUTROS SERVIÇOS DE TERCEIROS - PESSOA JURÍDICA;2.600.000.0000;TRANSFERÊNCIAS FUNDO A FUNDO DE RECURSOS DO SUS PROVENIENTES DO GOVERNO FEDERAL - BLOCO DE MANUTENÇÃO DAS AÇÕES E SERVIÇOS PÚBLICOS DE SAÚDE;571.091,32
FUNDO MUNICIPAL DE SAÚDE DE BARBACENA;18.002;FUNDO MUNICIPAL DE SAUDE;2.642;MANUTENÇÃO DA REDE DE ATENÇÃO PSICOSSOCIAL - RAPS;3;MEDIA E ALTA COMPLEXIDADE ASSISTENCIAL;10;Saúde;302;Assistência Hospitalar e Ambulatorial;178;3.3.90.39.16.00.00.00;MANUTENÇÃO E CONSERVAÇÃO DE VEÍCULOS;2.621.000.0000;TRANSFERÊNCIAS FUNDO A FUNDO DE RECURSOS DO SUS PROVENIENTES DO GOVERNO ESTADUAL;3.284,80
FUNDO MUNICIPAL DE SAÚDE DE BARBACENA;18.002;FUNDO MUNICIPAL DE SAUDE;2.642;MANUTENÇÃO DA REDE DE ATENÇÃO PSICOSSOCIAL - RAPS;3;MEDIA E ALTA COMPLEXIDADE ASSISTENCIAL;10;Saúde;302;Assistência Hospitalar e Ambulatorial;178;3.3.90.39.99.00.00.00;OUTROS SERVIÇOS DE TERCEIROS - PESSOA JURÍDICA;2.621.000.0000;TRANSFERÊNCIAS FUNDO A FUNDO DE RECURSOS DO SUS PROVENIENTES DO GOVERNO ESTADUAL;2.486.958,90
FUNDO MUNICIPAL DE SAÚDE DE BARBACENA;18.002;FUNDO MUNICIPAL DE SAUDE;2.642;MANUTENÇÃO DA REDE DE ATENÇÃO PSICOSSOCIAL - RAPS;3;MEDIA E ALTA COMPLEXIDADE ASSISTENCIAL;10;Saúde;302;Assistência Hospitalar e Ambulatorial;178;3.3.90.39.27.00.00.00;FORNECIMENTO DE ALIMENTAÇÃO;2.621.000.0000;TRANSFERÊNCIAS FUNDO A FUNDO DE RECURSOS DO SUS PROVENIENTES DO GOVERNO ESTADUAL;438.146,71
FUNDO MUNICIPAL DE SAÚDE DE BARBACENA;18.002;FUNDO MUNICIPAL DE SAUDE;2.642;MANUTENÇÃO DA REDE DE ATENÇÃO PSICOSSOCIAL - RAPS;3;MEDIA E ALTA COMPLEXIDADE ASSISTENCIAL;10;Saúde;302;Assistência Hospitalar e Ambulatorial;178;3.3.90.39.48.00.00.00;SERVIÇOS GRÁFICOS;2.621.000.0000;TRANSFERÊNCIAS FUNDO A FUNDO DE RECURSOS DO SUS PROVENIENTES DO GOVERNO ESTADUAL;52.711,50
FUNDO MUNICIPAL DE SAÚDE DE BARBACENA;18.002;FUNDO MUNICIPAL DE SAUDE;2.642;MANUTENÇÃO DA REDE DE ATENÇÃO PSICOSSOCIAL - RAPS;3;MEDIA E ALTA COMPLEXIDADE ASSISTENCIAL;10;Saúde;302;Assistência Hospitalar e Ambulatorial;178;3.3.90.39.10.00.00.00;LOCAÇÃO DE IMÓVEIS;2.621.000.0000;TRANSFERÊNCIAS FUNDO A FUNDO DE RECURSOS DO SUS PROVENIENTES DO GOVERNO ESTADUAL;56.041,14
FUNDO MUNICIPAL DE SAÚDE DE BARBACENA;18.002;FUNDO MUNICIPAL DE SAUDE;2.642;MANUTENÇÃO DA REDE DE ATENÇÃO PSICOSSOCIAL - RAPS;3;MEDIA E ALTA COMPLEXIDADE ASSISTENCIAL;10;Saúde;302;Assistência Hospitalar e Ambulatorial;180;3.3.90.46.00.00.00.00;AUXÍLIO-ALIMENTAÇÃO;1.600.000.0000;TRANSFERÊNCIAS FUNDO A FUNDO DE RECURSOS DO SUS PROVENIENTES DO GOVERNO FEDERAL - BLOCO DE MANUTENÇÃO DAS AÇÕES E SERVIÇOS PÚBLICOS DE SAÚDE;282.525,00
FUNDO MUNICIPAL DE SAÚDE DE BARBACENA;18.002;FUNDO MUNICIPAL DE SAUDE;2.642;MANUTENÇÃO DA REDE DE ATENÇÃO PSICOSSOCIAL - RAPS;3;MEDIA E ALTA COMPLEXIDADE ASSISTENCIAL;10;Saúde;302;Assistência Hospitalar e Ambulatorial;180;3.3.90.46.00.00.00.00;AUXÍLIO-ALIMENTAÇÃO;2.600.000.0000;TRANSFERÊNCIAS FUNDO A FUNDO DE RECURSOS DO SUS PROVENIENTES DO GOVERNO FEDERAL - BLOCO DE MANUTENÇÃO DAS AÇÕES E SERVIÇOS PÚBLICOS DE SAÚDE;117.640,00
FUNDO MUNICIPAL DE SAÚDE DE BARBACENA;18.002;FUNDO MUNICIPAL DE SAUDE;2.642;MANUTENÇÃO DA REDE DE ATENÇÃO PSICOSSOCIAL - RAPS;3;MEDIA E ALTA COMPLEXIDADE ASSISTENCIAL;10;Saúde;302;Assistência Hospitalar e Ambulatorial;180;3.3.90.46.00.00.00.00;AUXÍLIO-ALIMENTAÇÃO;2.621.000.0000;TRANSFERÊNCIAS FUNDO A FUNDO DE RECURSOS DO SUS PROVENIENTES DO GOVERNO ESTADUAL;32.200,00
FUNDO MUNICIPAL DE SAÚDE DE BARBACENA;18.002;FUNDO MUNICIPAL DE SAUDE;2.642;MANUTENÇÃO DA REDE DE ATENÇÃO PSICOSSOCIAL - RAPS;3;MEDIA E ALTA COMPLEXIDADE ASSISTENCIAL;10;Saúde;302;Assistência Hospitalar e Ambulatorial;183;4.4.90.52.06.00.00.00;APARELHOS E UTENSÍLIOS DOMÉSTICOS;2.601.000.0000;TRANSFERÊNCIAS FUNDO A FUNDO DE RECURSOS DO SUS PROVENIENTES DO GOVERNO FEDERAL. BLOCO DE ESTRUTURAÇÃO DA REDE DE SERVIÇOS PÚBLICOS DE SAÚDE;2.360,00
FUNDO MUNICIPAL DE SAÚDE DE BARBACENA;18.002;FUNDO MUNICIPAL DE SAUDE;2.642;MANUTENÇÃO DA REDE DE ATENÇÃO PSICOSSOCIAL - RAPS;3;MEDIA E ALTA COMPLEXIDADE ASSISTENCIAL;10;Saúde;302;Assistência Hospitalar e Ambulatorial;267;3.3.90.08.56.00.00.00;SALÁRIO FAMÍLIA;1.600.000.0000;TRANSFERÊNCIAS FUNDO A FUNDO DE RECURSOS DO SUS PROVENIENTES DO GOVERNO FEDERAL - BLOCO DE MANUTENÇÃO DAS AÇÕES E SERVIÇOS PÚBLICOS DE SAÚDE;141,20
FUNDO MUNICIPAL DE SAÚDE DE BARBACENA;18.002;FUNDO MUNICIPAL DE SAUDE;2.654;MANUTENÇÃO DA REDE DE ATENÇÃO ESPECIALIZADA;3;MEDIA E ALTA COMPLEXIDADE ASSISTENCIAL;10;Saúde;302;Assistência Hospitalar e Ambulatorial;184;3.3.50.41.00.00.00.00;CONTRIBUIÇÕES;1.500.000.1002;RECURSOS NÃO VINCULADOS DE IMPOSTOS (SAÚDE);190.774,00
FUNDO MUNICIPAL DE SAÚDE DE BARBACENA;18.002;FUNDO MUNICIPAL DE SAUDE;2.654;MANUTENÇÃO DA REDE DE ATENÇÃO ESPECIALIZADA;3;MEDIA E ALTA COMPLEXIDADE ASSISTENCIAL;10;Saúde;302;Assistência Hospitalar e Ambulatorial;184;3.3.50.41.00.00.00.00;CONTRIBUIÇÕES;1.600.000.0000;TRANSFERÊNCIAS FUNDO A FUNDO DE RECURSOS DO SUS PROVENIENTES DO GOVERNO FEDERAL - BLOCO DE MANUTENÇÃO DAS AÇÕES E SERVIÇOS PÚBLICOS DE SAÚDE;3.253.993,90
FUNDO MUNICIPAL DE SAÚDE DE BARBACENA;18.002;FUNDO MUNICIPAL DE SAUDE;2.654;MANUTENÇÃO DA REDE DE ATENÇÃO ESPECIALIZADA;3;MEDIA E ALTA COMPLEXIDADE ASSISTENCIAL;10;Saúde;302;Assistência Hospitalar e Ambulatorial;184;3.3.50.41.00.00.00.00;CONTRIBUIÇÕES;1.600.000.3110;TRANSFERÊNCIAS FUNDO A FUNDO DE RECURSOS DO SUS PROVENIENTES DO GOVERNO FEDERAL - BLOCO DE MANUTENÇÃO DAS AÇÕES E SERVIÇOS PÚBLICOS DE SAÚDE;5.613.372,69
FUNDO MUNICIPAL DE SAÚDE DE BARBACENA;18.002;FUNDO MUNICIPAL DE SAUDE;2.654;MANUTENÇÃO DA REDE DE ATENÇÃO ESPECIALIZADA;3;MEDIA E ALTA COMPLEXIDADE ASSISTENCIAL;10;Saúde;302;Assistência Hospitalar e Ambulatorial;184;3.3.50.41.00.00.00.00;CONTRIBUIÇÕES;1.600.000.3120;TRANSFERÊNCIAS FUNDO A FUNDO DE RECURSOS DO SUS PROVENIENTES DO GOVERNO FEDERAL - BLOCO DE MANUTENÇÃO DAS AÇÕES E SERVIÇOS PÚBLICOS DE SAÚDE;4.401.272,00
FUNDO MUNICIPAL DE SAÚDE DE BARBACENA;18.002;FUNDO MUNICIPAL DE SAUDE;2.654;MANUTENÇÃO DA REDE DE ATENÇÃO ESPECIALIZADA;3;MEDIA E ALTA COMPLEXIDADE ASSISTENCIAL;10;Saúde;302;Assistência Hospitalar e Ambulatorial;184;3.3.50.41.00.00.00.00;CONTRIBUIÇÕES;1.605.000.0000;ASSISTÊNCIA FINANCEIRA DA UNIÃO DESTINADA À COMPLEMENTAÇÃO AO PAGAMENTO DOS PISOS SALARIAIS PARA PROFISSIONAIS DA ENFERMAGEM.;13.774.639,99
FUNDO MUNICIPAL DE SAÚDE DE BARBACENA;18.002;FUNDO MUNICIPAL DE SAUDE;2.654;MANUTENÇÃO DA REDE DE ATENÇÃO ESPECIALIZADA;3;MEDIA E ALTA COMPLEXIDADE ASSISTENCIAL;10;Saúde;302;Assistência Hospitalar e Ambulatorial;184;3.3.50.41.00.00.00.00;CONTRIBUIÇÕES;1.621.000.0000;TRANSFERÊNCIAS FUNDO A FUNDO DE RECURSOS DO SUS PROVENIENTES DO GOVERNO ESTADUAL;887.436,39
FUNDO MUNICIPAL DE SAÚDE DE BARBACENA;18.002;FUNDO MUNICIPAL DE SAUDE;2.654;MANUTENÇÃO DA REDE DE ATENÇÃO ESPECIALIZADA;3;MEDIA E ALTA COMPLEXIDADE ASSISTENCIAL;10;Saúde;302;Assistência Hospitalar e Ambulatorial;184;3.3.50.41.00.00.00.00;CONTRIBUIÇÕES;1.621.000.3210;TRANSFERÊNCIAS FUNDO A FUNDO DE RECURSOS DO SUS PROVENIENTES DO GOVERNO ESTADUAL;4.009.490,00
FUNDO MUNICIPAL DE SAÚDE DE BARBACENA;18.002;FUNDO MUNICIPAL DE SAUDE;2.654;MANUTENÇÃO DA REDE DE ATENÇÃO ESPECIALIZADA;3;MEDIA E ALTA COMPLEXIDADE ASSISTENCIAL;10;Saúde;302;Assistência Hospitalar e Ambulatorial;184;3.3.50.41.00.00.00.00;CONTRIBUIÇÕES;2.600.000.0000;TRANSFERÊNCIAS FUNDO A FUNDO DE RECURSOS DO SUS PROVENIENTES DO GOVERNO FEDERAL - BLOCO DE MANUTENÇÃO DAS AÇÕES E SERVIÇOS PÚBLICOS DE SAÚDE;244.980,00
FUNDO MUNICIPAL DE SAÚDE DE BARBACENA;18.002;FUNDO MUNICIPAL DE SAUDE;2.654;MANUTENÇÃO DA REDE DE ATENÇÃO ESPECIALIZADA;3;MEDIA E ALTA COMPLEXIDADE ASSISTENCIAL;10;Saúde;302;Assistência Hospitalar e Ambulatorial;184;3.3.50.41.00.00.00.00;CONTRIBUIÇÕES;2.605.000.0000;ASSISTÊNCIA FINANCEIRA DA UNIÃO DESTINADA À COMPLEMENTAÇÃO AO PAGAMENTO DOS PISOS SALARIAIS PARA PROFISSIONAIS DA ENFERMAGEM.;1.137.800,43
FUNDO MUNICIPAL DE SAÚDE DE BARBACENA;18.002;FUNDO MUNICIPAL DE SAUDE;2.654;MANUTENÇÃO DA REDE DE ATENÇÃO ESPECIALIZADA;3;MEDIA E ALTA COMPLEXIDADE ASSISTENCIAL;10;Saúde;302;Assistência Hospitalar e Ambulatorial;184;3.3.50.41.00.00.00.00;CONTRIBUIÇÕES;2.621.000.0000;TRANSFERÊNCIAS FUNDO A FUNDO DE RECURSOS DO SUS PROVENIENTES DO GOVERNO ESTADUAL;3.133.283,27
FUNDO MUNICIPAL DE SAÚDE DE BARBACENA;18.002;FUNDO MUNICIPAL DE SAUDE;2.654;MANUTENÇÃO DA REDE DE ATENÇÃO ESPECIALIZADA;3;MEDIA E ALTA COMPLEXIDADE ASSISTENCIAL;10;Saúde;302;Assistência Hospitalar e Ambulatorial;184;3.3.50.41.00.00.00.00;CONTRIBUIÇÕES;2.706.000.3110;TRANSFERÊNCIA ESPECIAL DA UNIÃO - TRANSFERÊNCIAS DA UNIÃO DECORRENTES DE EMENDAS PARLAMENTARES INDIVIDUAIS;1.725.394,05
FUNDO MUNICIPAL DE SAÚDE DE BARBACENA;18.002;FUNDO MUNICIPAL DE SAUDE;2.654;MANUTENÇÃO DA REDE DE ATENÇÃO ESPECIALIZADA;3;MEDIA E ALTA COMPLEXIDADE ASSISTENCIAL;10;Saúde;302;Assistência Hospitalar e Ambulatorial;185;3.3.90.39.36.00.00.00;SERVIÇO MÉDICO-HOSPITALAR, ODONT. E LABORATORIAL;1.500.000.1002;RECURSOS NÃO VINCULADOS DE IMPOSTOS (SAÚDE);14.783.120,49
FUNDO MUNICIPAL DE SAÚDE DE BARBACENA;18.002;FUNDO MUNICIPAL DE SAUDE;2.654;MANUTENÇÃO DA REDE DE ATENÇÃO ESPECIALIZADA;3;MEDIA E ALTA COMPLEXIDADE ASSISTENCIAL;10;Saúde;302;Assistência Hospitalar e Ambulatorial;185;3.3.90.39.99.00.00.00;OUTROS SERVIÇOS DE TERCEIROS - PESSOA JURÍDICA;1.500.000.1002;RECURSOS NÃO VINCULADOS DE IMPOSTOS (SAÚDE);199.800,00
FUNDO MUNICIPAL DE SAÚDE DE BARBACENA;18.002;FUNDO MUNICIPAL DE SAUDE;2.654;MANUTENÇÃO DA REDE DE ATENÇÃO ESPECIALIZADA;3;MEDIA E ALTA COMPLEXIDADE ASSISTENCIAL;10;Saúde;302;Assistência Hospitalar e Ambulatorial;185;3.3.90.39.99.00.00.00;OUTROS SERVIÇOS DE TERCEIROS - PESSOA JURÍDICA;1.600.000.0000;TRANSFERÊNCIAS FUNDO A FUNDO DE RECURSOS DO SUS PROVENIENTES DO GOVERNO FEDERAL - BLOCO DE MANUTENÇÃO DAS AÇÕES E SERVIÇOS PÚBLICOS DE SAÚDE;250.722,35
FUNDO MUNICIPAL DE SAÚDE DE BARBACENA;18.002;FUNDO MUNICIPAL DE SAUDE;2.654;MANUTENÇÃO DA REDE DE ATENÇÃO ESPECIALIZADA;3;MEDIA E ALTA COMPLEXIDADE ASSISTENCIAL;10;Saúde;302;Assistência Hospitalar e Ambulatorial;185;3.3.90.39.36.00.00.00;SERVIÇO MÉDICO-HOSPITALAR, ODONT. E LABORATORIAL;1.600.000.0000;TRANSFERÊNCIAS FUNDO A FUNDO DE RECURSOS DO SUS PROVENIENTES DO GOVERNO FEDERAL - BLOCO DE MANUTENÇÃO DAS AÇÕES E SERVIÇOS PÚBLICOS DE SAÚDE;71.349.060,27
FUNDO MUNICIPAL DE SAÚDE DE BARBACENA;18.002;FUNDO MUNICIPAL DE SAUDE;2.654;MANUTENÇÃO DA REDE DE ATENÇÃO ESPECIALIZADA;3;MEDIA E ALTA COMPLEXIDADE ASSISTENCIAL;10;Saúde;302;Assistência Hospitalar e Ambulatorial;185;3.3.90.39.36.00.00.00;SERVIÇO MÉDICO-HOSPITALAR, ODONT. E LABORATORIAL;1.621.000.0000;TRANSFERÊNCIAS FUNDO A FUNDO DE RECURSOS DO SUS PROVENIENTES DO GOVERNO ESTADUAL;21.857.493,35
FUNDO MUNICIPAL DE SAÚDE DE BARBACENA;18.002;FUNDO MUNICIPAL DE SAUDE;2.654;MANUTENÇÃO DA REDE DE ATENÇÃO ESPECIALIZADA;3;MEDIA E ALTA COMPLEXIDADE ASSISTENCIAL;10;Saúde;302;Assistência Hospitalar e Ambulatorial;185;3.3.90.39.36.00.00.00;SERVIÇO MÉDICO-HOSPITALAR, ODONT. E LABORATORIAL;2.600.000.0000;TRANSFERÊNCIAS FUNDO A FUNDO DE RECURSOS DO SUS PROVENIENTES DO GOVERNO FEDERAL - BLOCO DE MANUTENÇÃO DAS AÇÕES E SERVIÇOS PÚBLICOS DE SAÚDE;18.516.332,02
FUNDO MUNICIPAL DE SAÚDE DE BARBACENA;18.002;FUNDO MUNICIPAL DE SAUDE;2.654;MANUTENÇÃO DA REDE DE ATENÇÃO ESPECIALIZADA;3;MEDIA E ALTA COMPLEXIDADE ASSISTENCIAL;10;Saúde;302;Assistência Hospitalar e Ambulatorial;185;3.3.90.39.36.00.00.00;SERVIÇO MÉDICO-HOSPITALAR, ODONT. E LABORATORIAL;2.621.000.0000;TRANSFERÊNCIAS FUNDO A FUNDO DE RECURSOS DO SUS PROVENIENTES DO GOVERNO ESTADUAL;14.620.938,69
FUNDO MUNICIPAL DE SAÚDE DE BARBACENA;18.002;FUNDO MUNICIPAL DE SAUDE;2.654;MANUTENÇÃO DA REDE DE ATENÇÃO ESPECIALIZADA;3;MEDIA E ALTA COMPLEXIDADE ASSISTENCIAL;10;Saúde;302;Assistência Hospitalar e Ambulatorial;186;3.3.90.93.03.00.00.00;OUTRAS INDENIZAÇÕES E RESTITUIÇÕES;1.500.000.1002;RECURSOS NÃO VINCULADOS DE IMPOSTOS (SAÚDE);481,23
FUNDO MUNICIPAL DE SAÚDE DE BARBACENA;18.002;FUNDO MUNICIPAL DE SAUDE;2.654;MANUTENÇÃO DA REDE DE ATENÇÃO ESPECIALIZADA;3;MEDIA E ALTA COMPLEXIDADE ASSISTENCIAL;10;Saúde;302;Assistência Hospitalar e Ambulatorial;186;3.3.90.93.03.00.00.00;OUTRAS INDENIZAÇÕES E RESTITUIÇÕES;1.621.000.0000;TRANSFERÊNCIAS FUNDO A FUNDO DE RECURSOS DO SUS PROVENIENTES DO GOVERNO ESTADUAL;106.162,36
FUNDO MUNICIPAL DE SAÚDE DE BARBACENA;18.002;FUNDO MUNICIPAL DE SAUDE;2.654;MANUTENÇÃO DA REDE DE ATENÇÃO ESPECIALIZADA;3;MEDIA E ALTA COMPLEXIDADE ASSISTENCIAL;10;Saúde;302;Assistência Hospitalar e Ambulatorial;186;3.3.90.93.03.00.00.00;OUTRAS INDENIZAÇÕES E RESTITUIÇÕES;2.621.000.0000;TRANSFERÊNCIAS FUNDO A FUNDO DE RECURSOS DO SUS PROVENIENTES DO GOVERNO ESTADUAL;62.779,35
FUNDO MUNICIPAL DE SAÚDE DE BARBACENA;18.002;FUNDO MUNICIPAL DE SAUDE;2.654;MANUTENÇÃO DA REDE DE ATENÇÃO ESPECIALIZADA;3;MEDIA E ALTA COMPLEXIDADE ASSISTENCIAL;10;Saúde;302;Assistência Hospitalar e Ambulatorial;270;4.4.50.42.00.00.00.00;AUXÍLIOS;1.621.000.3210;TRANSFERÊNCIAS FUNDO A FUNDO DE RECURSOS DO SUS PROVENIENTES DO GOVERNO ESTADUAL;476.202,00
FUNDO MUNICIPAL DE SAÚDE DE BARBACENA;18.002;FUNDO MUNICIPAL DE SAUDE;2.654;MANUTENÇÃO DA REDE DE ATENÇÃO ESPECIALIZADA;3;MEDIA E ALTA COMPLEXIDADE ASSISTENCIAL;10;Saúde;302;Assistência Hospitalar e Ambulatorial;270;4.4.50.42.00.00.00.00;AUXÍLIOS;2.621.000.0000;TRANSFERÊNCIAS FUNDO A FUNDO DE RECURSOS DO SUS PROVENIENTES DO GOVERNO ESTADUAL;588.926,71
FUNDO MUNICIPAL DE SAÚDE DE BARBACENA;18.002;FUNDO MUNICIPAL DE SAUDE;2.654;MANUTENÇÃO DA REDE DE ATENÇÃO ESPECIALIZADA;3;MEDIA E ALTA COMPLEXIDADE ASSISTENCIAL;10;Saúde;302;Assistência Hospitalar e Ambulatorial;276;4.4.50.41.00.00.00.00;CONTRIBUIÇÕES;1.500.000.1002;RECURSOS NÃO VINCULADOS DE IMPOSTOS (SAÚDE);9.200,00
FUNDO MUNICIPAL DE SAÚDE DE BARBACENA;18.002;FUNDO MUNICIPAL DE SAUDE;2.654;MANUTENÇÃO DA REDE DE ATENÇÃO ESPECIALIZADA;3;MEDIA E ALTA COMPLEXIDADE ASSISTENCIAL;10;Saúde;302;Assistência Hospitalar e Ambulatorial;276;4.4.50.41.00.00.00.00;CONTRIBUIÇÕES;2.600.000.0000;TRANSFERÊNCIAS FUNDO A FUNDO DE RECURSOS DO SUS PROVENIENTES DO GOVERNO FEDERAL - BLOCO DE MANUTENÇÃO DAS AÇÕES E SERVIÇOS PÚBLICOS DE SAÚDE;972.300,00
FUNDO MUNICIPAL DE SAÚDE DE BARBACENA;18.002;FUNDO MUNICIPAL DE SAUDE;2.685;MANUTENÇÃO DO CEM;3;MEDIA E ALTA COMPLEXIDADE ASSISTENCIAL;10;Saúde;302;Assistência Hospitalar e Ambulatorial;189;3.1.90.04.01.00.00.00;SALÁRIO CONTRATO TEMPORÁRIO;1.500.000.1002;RECURSOS NÃO VINCULADOS DE IMPOSTOS (SAÚDE);1.044.432,80
FUNDO MUNICIPAL DE SAÚDE DE BARBACENA;18.002;FUNDO MUNICIPAL DE SAUDE;2.685;MANUTENÇÃO DO CEM;3;MEDIA E ALTA COMPLEXIDADE ASSISTENCIAL;10;Saúde;302;Assistência Hospitalar e Ambulatorial;189;3.1.90.04.15.00.00.00;OBRIGAÇÕES PATRONAIS - CONTRATO TEMPORÁRIO;1.500.000.1002;RECURSOS NÃO VINCULADOS DE IMPOSTOS (SAÚDE);107.103,19
FUNDO MUNICIPAL DE SAÚDE DE BARBACENA;18.002;FUNDO MUNICIPAL DE SAUDE;2.685;MANUTENÇÃO DO CEM;3;MEDIA E ALTA COMPLEXIDADE ASSISTENCIAL;10;Saúde;302;Assistência Hospitalar e Ambulatorial;189;3.1.90.04.01.00.00.00;SALÁRIO CONTRATO TEMPORÁRIO;1.600.000.0000;TRANSFERÊNCIAS FUNDO A FUNDO DE RECURSOS DO SUS PROVENIENTES DO GOVERNO FEDERAL - BLOCO DE MANUTENÇÃO DAS AÇÕES E SERVIÇOS PÚBLICOS DE SAÚDE;745.391,60
FUNDO MUNICIPAL DE SAÚDE DE BARBACENA;18.002;FUNDO MUNICIPAL DE SAUDE;2.685;MANUTENÇÃO DO CEM;3;MEDIA E ALTA COMPLEXIDADE ASSISTENCIAL;10;Saúde;302;Assistência Hospitalar e Ambulatorial;189;3.1.90.04.15.00.00.00;OBRIGAÇÕES PATRONAIS - CONTRATO TEMPORÁRIO;1.600.000.0000;TRANSFERÊNCIAS FUNDO A FUNDO DE RECURSOS DO SUS PROVENIENTES DO GOVERNO FEDERAL - BLOCO DE MANUTENÇÃO DAS AÇÕES E SERVIÇOS PÚBLICOS DE SAÚDE;69.444,22
FUNDO MUNICIPAL DE SAÚDE DE BARBACENA;18.002;FUNDO MUNICIPAL DE SAUDE;2.685;MANUTENÇÃO DO CEM;3;MEDIA E ALTA COMPLEXIDADE ASSISTENCIAL;10;Saúde;302;Assistência Hospitalar e Ambulatorial;189;3.1.90.04.15.00.00.00;OBRIGAÇÕES PATRONAIS - CONTRATO TEMPORÁRIO;2.600.000.0000;TRANSFERÊNCIAS FUNDO A FUNDO DE RECURSOS DO SUS PROVENIENTES DO GOVERNO FEDERAL - BLOCO DE MANUTENÇÃO DAS AÇÕES E SERVIÇOS PÚBLICOS DE SAÚDE;53.700,27
FUNDO MUNICIPAL DE SAÚDE DE BARBACENA;18.002;FUNDO MUNICIPAL DE SAUDE;2.685;MANUTENÇÃO DO CEM;3;MEDIA E ALTA COMPLEXIDADE ASSISTENCIAL;10;Saúde;302;Assistência Hospitalar e Ambulatorial;189;3.1.90.04.01.00.00.00;SALÁRIO CONTRATO TEMPORÁRIO;2.600.000.0000;TRANSFERÊNCIAS FUNDO A FUNDO DE RECURSOS DO SUS PROVENIENTES DO GOVERNO FEDERAL - BLOCO DE MANUTENÇÃO DAS AÇÕES E SERVIÇOS PÚBLICOS DE SAÚDE;653.450,51
FUNDO MUNICIPAL DE SAÚDE DE BARBACENA;18.002;FUNDO MUNICIPAL DE SAUDE;2.685;MANUTENÇÃO DO CEM;3;MEDIA E ALTA COMPLEXIDADE ASSISTENCIAL;10;Saúde;302;Assistência Hospitalar e Ambulatorial;189;3.1.90.04.15.00.00.00;OBRIGAÇÕES PATRONAIS - CONTRATO TEMPORÁRIO;2.621.000.0000;TRANSFERÊNCIAS FUNDO A FUNDO DE RECURSOS DO SUS PROVENIENTES DO GOVERNO ESTADUAL;8.150,66
FUNDO MUNICIPAL DE SAÚDE DE BARBACENA;18.002;FUNDO MUNICIPAL DE SAUDE;2.685;MANUTENÇÃO DO CEM;3;MEDIA E ALTA COMPLEXIDADE ASSISTENCIAL;10;Saúde;302;Assistência Hospitalar e Ambulatorial;189;3.1.90.04.01.00.00.00;SALÁRIO CONTRATO TEMPORÁRIO;2.621.000.0000;TRANSFERÊNCIAS FUNDO A FUNDO DE RECURSOS DO SUS PROVENIENTES DO GOVERNO ESTADUAL;83.043,84
FUNDO MUNICIPAL DE SAÚDE DE BARBACENA;18.002;FUNDO MUNICIPAL DE SAUDE;2.685;MANUTENÇÃO DO CEM;3;MEDIA E ALTA COMPLEXIDADE ASSISTENCIAL;10;Saúde;302;Assistência Hospitalar e Ambulatorial;190;3.1.90.11.01.00.00.00;VENCIMENTOS E SALÁRIOS;1.500.000.1002;RECURSOS NÃO VINCULADOS DE IMPOSTOS (SAÚDE);538.499,94
FUNDO MUNICIPAL DE SAÚDE DE BARBACENA;18.002;FUNDO MUNICIPAL DE SAUDE;2.685;MANUTENÇÃO DO CEM;3;MEDIA E ALTA COMPLEXIDADE ASSISTENCIAL;10;Saúde;302;Assistência Hospitalar e Ambulatorial;190;3.1.90.11.52.00.00.00;LICENÇA SAÚDE;1.500.000.1002;RECURSOS NÃO VINCULADOS DE IMPOSTOS (SAÚDE);3.241,94
FUNDO MUNICIPAL DE SAÚDE DE BARBACENA;18.002;FUNDO MUNICIPAL DE SAUDE;2.685;MANUTENÇÃO DO CEM;3;MEDIA E ALTA COMPLEXIDADE ASSISTENCIAL;10;Saúde;302;Assistência Hospitalar e Ambulatorial;190;3.1.90.11.50.00.00.00;SALÁRIO MATERNIDADE;1.500.000.1002;RECURSOS NÃO VINCULADOS DE IMPOSTOS (SAÚDE);8.955,75
FUNDO MUNICIPAL DE SAÚDE DE BARBACENA;18.002;FUNDO MUNICIPAL DE SAUDE;2.685;MANUTENÇÃO DO CEM;3;MEDIA E ALTA COMPLEXIDADE ASSISTENCIAL;10;Saúde;302;Assistência Hospitalar e Ambulatorial;190;3.1.90.11.01.00.00.00;VENCIMENTOS E SALÁRIOS;1.600.000.0000;TRANSFERÊNCIAS FUNDO A FUNDO DE RECURSOS DO SUS PROVENIENTES DO GOVERNO FEDERAL - BLOCO DE MANUTENÇÃO DAS AÇÕES E SERVIÇOS PÚBLICOS DE SAÚDE;324.694,11
FUNDO MUNICIPAL DE SAÚDE DE BARBACENA;18.002;FUNDO MUNICIPAL DE SAUDE;2.685;MANUTENÇÃO DO CEM;3;MEDIA E ALTA COMPLEXIDADE ASSISTENCIAL;10;Saúde;302;Assistência Hospitalar e Ambulatorial;190;3.1.90.11.52.00.00.00;LICENÇA SAÚDE;1.600.000.0000;TRANSFERÊNCIAS FUNDO A FUNDO DE RECURSOS DO SUS PROVENIENTES DO GOVERNO FEDERAL - BLOCO DE MANUTENÇÃO DAS AÇÕES E SERVIÇOS PÚBLICOS DE SAÚDE;25.264,24
FUNDO MUNICIPAL DE SAÚDE DE BARBACENA;18.002;FUNDO MUNICIPAL DE SAUDE;2.685;MANUTENÇÃO DO CEM;3;MEDIA E ALTA COMPLEXIDADE ASSISTENCIAL;10;Saúde;302;Assistência Hospitalar e Ambulatorial;190;3.1.90.11.50.00.00.00;SALÁRIO MATERNIDADE;1.600.000.0000;TRANSFERÊNCIAS FUNDO A FUNDO DE RECURSOS DO SUS PROVENIENTES DO GOVERNO FEDERAL - BLOCO DE MANUTENÇÃO DAS AÇÕES E SERVIÇOS PÚBLICOS DE SAÚDE;8.441,60
FUNDO MUNICIPAL DE SAÚDE DE BARBACENA;18.002;FUNDO MUNICIPAL DE SAUDE;2.685;MANUTENÇÃO DO CEM;3;MEDIA E ALTA COMPLEXIDADE ASSISTENCIAL;10;Saúde;302;Assistência Hospitalar e Ambulatorial;190;3.1.90.11.52.00.00.00;LICENÇA SAÚDE;2.600.000.0000;TRANSFERÊNCIAS FUNDO A FUNDO DE RECURSOS DO SUS PROVENIENTES DO GOVERNO FEDERAL - BLOCO DE MANUTENÇÃO DAS AÇÕES E SERVIÇOS PÚBLICOS DE SAÚDE;2.427,27
FUNDO MUNICIPAL DE SAÚDE DE BARBACENA;18.002;FUNDO MUNICIPAL DE SAUDE;2.685;MANUTENÇÃO DO CEM;3;MEDIA E ALTA COMPLEXIDADE ASSISTENCIAL;10;Saúde;302;Assistência Hospitalar e Ambulatorial;190;3.1.90.11.50.00.00.00;SALÁRIO MATERNIDADE;2.600.000.0000;TRANSFERÊNCIAS FUNDO A FUNDO DE RECURSOS DO SUS PROVENIENTES DO GOVERNO FEDERAL - BLOCO DE MANUTENÇÃO DAS AÇÕES E SERVIÇOS PÚBLICOS DE SAÚDE;17.266,92
FUNDO MUNICIPAL DE SAÚDE DE BARBACENA;18.002;FUNDO MUNICIPAL DE SAUDE;2.685;MANUTENÇÃO DO CEM;3;MEDIA E ALTA COMPLEXIDADE ASSISTENCIAL;10;Saúde;302;Assistência Hospitalar e Ambulatorial;190;3.1.90.11.01.00.00.00;VENCIMENTOS E SALÁRIOS;2.600.000.0000;TRANSFERÊNCIAS FUNDO A FUNDO DE RECURSOS DO SUS PROVENIENTES DO GOVERNO FEDERAL - BLOCO DE MANUTENÇÃO DAS AÇÕES E SERVIÇOS PÚBLICOS DE SAÚDE;295.082,14
FUNDO MUNICIPAL DE SAÚDE DE BARBACENA;18.002;FUNDO MUNICIPAL DE SAUDE;2.685;MANUTENÇÃO DO CEM;3;MEDIA E ALTA COMPLEXIDADE ASSISTENCIAL;10;Saúde;302;Assistência Hospitalar e Ambulatorial;190;3.1.90.11.01.00.00.00;VENCIMENTOS E SALÁRIOS;2.621.000.0000;TRANSFERÊNCIAS FUNDO A FUNDO DE RECURSOS DO SUS PROVENIENTES DO GOVERNO ESTADUAL;161.592,81
FUNDO MUNICIPAL DE SAÚDE DE BARBACENA;18.002;FUNDO MUNICIPAL DE SAUDE;2.685;MANUTENÇÃO DO CEM;3;MEDIA E ALTA COMPLEXIDADE ASSISTENCIAL;10;Saúde;302;Assistência Hospitalar e Ambulatorial;190;3.1.90.11.52.00.00.00;LICENÇA SAÚDE;2.621.000.0000;TRANSFERÊNCIAS FUNDO A FUNDO DE RECURSOS DO SUS PROVENIENTES DO GOVERNO ESTADUAL;4.813,14
FUNDO MUNICIPAL DE SAÚDE DE BARBACENA;18.002;FUNDO MUNICIPAL DE SAUDE;2.685;MANUTENÇÃO DO CEM;3;MEDIA E ALTA COMPLEXIDADE ASSISTENCIAL;10;Saúde;302;Assistência Hospitalar e Ambulatorial;192;3.1.91.13.08.00.00.00;CONTRIB. PREV.- RPPS - PESSOAL ATIVO - PLANO PREV.;1.500.000.1002;RECURSOS NÃO VINCULADOS DE IMPOSTOS (SAÚDE);157.530,15
FUNDO MUNICIPAL DE SAÚDE DE BARBACENA;18.002;FUNDO MUNICIPAL DE SAUDE;2.685;MANUTENÇÃO DO CEM;3;MEDIA E ALTA COMPLEXIDADE ASSISTENCIAL;10;Saúde;302;Assistência Hospitalar e Ambulatorial;192;3.1.91.13.08.00.00.00;CONTRIB. PREV.- RPPS - PESSOAL ATIVO - PLANO PREV.;1.600.000.0000;TRANSFERÊNCIAS FUNDO A FUNDO DE RECURSOS DO SUS PROVENIENTES DO GOVERNO FEDERAL - BLOCO DE MANUTENÇÃO DAS AÇÕES E SERVIÇOS PÚBLICOS DE SAÚDE;95.700,76
FUNDO MUNICIPAL DE SAÚDE DE BARBACENA;18.002;FUNDO MUNICIPAL DE SAUDE;2.685;MANUTENÇÃO DO CEM;3;MEDIA E ALTA COMPLEXIDADE ASSISTENCIAL;10;Saúde;302;Assistência Hospitalar e Ambulatorial;192;3.1.91.13.08.00.00.00;CONTRIB. PREV.- RPPS - PESSOAL ATIVO - PLANO PREV.;2.600.000.0000;TRANSFERÊNCIAS FUNDO A FUNDO DE RECURSOS DO SUS PROVENIENTES DO GOVERNO FEDERAL - BLOCO DE MANUTENÇÃO DAS AÇÕES E SERVIÇOS PÚBLICOS DE SAÚDE;75.262,49
FUNDO MUNICIPAL DE SAÚDE DE BARBACENA;18.002;FUNDO MUNICIPAL DE SAUDE;2.685;MANUTENÇÃO DO CEM;3;MEDIA E ALTA COMPLEXIDADE ASSISTENCIAL;10;Saúde;302;Assistência Hospitalar e Ambulatorial;192;3.1.91.13.08.00.00.00;CONTRIB. PREV.- RPPS - PESSOAL ATIVO - PLANO PREV.;2.621.000.0000;TRANSFERÊNCIAS FUNDO A FUNDO DE RECURSOS DO SUS PROVENIENTES DO GOVERNO ESTADUAL;45.090,60
FUNDO MUNICIPAL DE SAÚDE DE BARBACENA;18.002;FUNDO MUNICIPAL DE SAUDE;2.685;MANUTENÇÃO DO CEM;3;MEDIA E ALTA COMPLEXIDADE ASSISTENCIAL;10;Saúde;302;Assistência Hospitalar e Ambulatorial;193;3.3.90.08.56.00.00.00;SALÁRIO FAMÍLIA;1.500.000.1002;RECURSOS NÃO VINCULADOS DE IMPOSTOS (SAÚDE);282,40
FUNDO MUNICIPAL DE SAÚDE DE BARBACENA;18.002;FUNDO MUNICIPAL DE SAUDE;2.685;MANUTENÇÃO DO CEM;3;MEDIA E ALTA COMPLEXIDADE ASSISTENCIAL;10;Saúde;302;Assistência Hospitalar e Ambulatorial;195;3.3.90.18.00.00.00.00;AUXÍLIO FINANCEIRO A ESTUDANTES;1.500.000.1002;RECURSOS NÃO VINCULADOS DE IMPOSTOS (SAÚDE);273,97
FUNDO MUNICIPAL DE SAÚDE DE BARBACENA;18.002;FUNDO MUNICIPAL DE SAUDE;2.685;MANUTENÇÃO DO CEM;3;MEDIA E ALTA COMPLEXIDADE ASSISTENCIAL;10;Saúde;302;Assistência Hospitalar e Ambulatorial;195;3.3.90.18.00.00.00.00;AUXÍLIO FINANCEIRO A ESTUDANTES;1.600.000.0000;TRANSFERÊNCIAS FUNDO A FUNDO DE RECURSOS DO SUS PROVENIENTES DO GOVERNO FEDERAL - BLOCO DE MANUTENÇÃO DAS AÇÕES E SERVIÇOS PÚBLICOS DE SAÚDE;178,13
FUNDO MUNICIPAL DE SAÚDE DE BARBACENA;18.002;FUNDO MUNICIPAL DE SAUDE;2.685;MANUTENÇÃO DO CEM;3;MEDIA E ALTA COMPLEXIDADE ASSISTENCIAL;10;Saúde;302;Assistência Hospitalar e Ambulatorial;195;3.3.90.18.00.00.00.00;AUXÍLIO FINANCEIRO A ESTUDANTES;2.600.000.0000;TRANSFERÊNCIAS FUNDO A FUNDO DE RECURSOS DO SUS PROVENIENTES DO GOVERNO FEDERAL - BLOCO DE MANUTENÇÃO DAS AÇÕES E SERVIÇOS PÚBLICOS DE SAÚDE;175,74
FUNDO MUNICIPAL DE SAÚDE DE BARBACENA;18.002;FUNDO MUNICIPAL DE SAUDE;2.685;MANUTENÇÃO DO CEM;3;MEDIA E ALTA COMPLEXIDADE ASSISTENCIAL;10;Saúde;302;Assistência Hospitalar e Ambulatorial;196;3.3.90.30.04.00.00.00;GÁS ENGARRAFADO;1.500.000.1002;RECURSOS NÃO VINCULADOS DE IMPOSTOS (SAÚDE);3.546,20
FUNDO MUNICIPAL DE SAÚDE DE BARBACENA;18.002;FUNDO MUNICIPAL DE SAUDE;2.685;MANUTENÇÃO DO CEM;3;MEDIA E ALTA COMPLEXIDADE ASSISTENCIAL;10;Saúde;302;Assistência Hospitalar e Ambulatorial;196;3.3.90.30.16.00.00.00;MATERIAL DE EXPEDIENTE;1.500.000.1002;RECURSOS NÃO VINCULADOS DE IMPOSTOS (SAÚDE);4.900,10
FUNDO MUNICIPAL DE SAÚDE DE BARBACENA;18.002;FUNDO MUNICIPAL DE SAUDE;2.685;MANUTENÇÃO DO CEM;3;MEDIA E ALTA COMPLEXIDADE ASSISTENCIAL;10;Saúde;302;Assistência Hospitalar e Ambulatorial;196;3.3.90.30.99.00.00.00;OUTROS MATERIAIS DE CONSUMO;1.600.000.0000;TRANSFERÊNCIAS FUNDO A FUNDO DE RECURSOS DO SUS PROVENIENTES DO GOVERNO FEDERAL - BLOCO DE MANUTENÇÃO DAS AÇÕES E SERVIÇOS PÚBLICOS DE SAÚDE;1.656,00
FUNDO MUNICIPAL DE SAÚDE DE BARBACENA;18.002;FUNDO MUNICIPAL DE SAUDE;2.685;MANUTENÇÃO DO CEM;3;MEDIA E ALTA COMPLEXIDADE ASSISTENCIAL;10;Saúde;302;Assistência Hospitalar e Ambulatorial;196;3.3.90.30.22.00.00.00;MATERIAL DE LIMPEZA E PRODUÇÃO DE HIGIENIZAÇÃO;2.600.000.0000;TRANSFERÊNCIAS FUNDO A FUNDO DE RECURSOS DO SUS PROVENIENTES DO GOVERNO FEDERAL - BLOCO DE MANUTENÇÃO DAS AÇÕES E SERVIÇOS PÚBLICOS DE SAÚDE;20.384,00
FUNDO MUNICIPAL DE SAÚDE DE BARBACENA;18.002;FUNDO MUNICIPAL DE SAUDE;2.685;MANUTENÇÃO DO CEM;3;MEDIA E ALTA COMPLEXIDADE ASSISTENCIAL;10;Saúde;302;Assistência Hospitalar e Ambulatorial;196;3.3.90.30.16.00.00.00;MATERIAL DE EXPEDIENTE;2.600.000.0000;TRANSFERÊNCIAS FUNDO A FUNDO DE RECURSOS DO SUS PROVENIENTES DO GOVERNO FEDERAL - BLOCO DE MANUTENÇÃO DAS AÇÕES E SERVIÇOS PÚBLICOS DE SAÚDE;21.004,15
FUNDO MUNICIPAL DE SAÚDE DE BARBACENA;18.002;FUNDO MUNICIPAL DE SAUDE;2.685;MANUTENÇÃO DO CEM;3;MEDIA E ALTA COMPLEXIDADE ASSISTENCIAL;10;Saúde;302;Assistência Hospitalar e Ambulatorial;197;3.3.90.39.29.00.00.00;SERVIÇOS DE ENERGIA ELÉTRICA;1.500.000.1002;RECURSOS NÃO VINCULADOS DE IMPOSTOS (SAÚDE);90.000,00
FUNDO MUNICIPAL DE SAÚDE DE BARBACENA;18.002;FUNDO MUNICIPAL DE SAUDE;2.685;MANUTENÇÃO DO CEM;3;MEDIA E ALTA COMPLEXIDADE ASSISTENCIAL;10;Saúde;302;Assistência Hospitalar e Ambulatorial;197;3.3.90.39.99.00.00.00;OUTROS SERVIÇOS DE TERCEIROS - PESSOA JURÍDICA;1.500.000.1002;RECURSOS NÃO VINCULADOS DE IMPOSTOS (SAÚDE);238.180,72
FUNDO MUNICIPAL DE SAÚDE DE BARBACENA;18.002;FUNDO MUNICIPAL DE SAUDE;2.685;MANUTENÇÃO DO CEM;3;MEDIA E ALTA COMPLEXIDADE ASSISTENCIAL;10;Saúde;302;Assistência Hospitalar e Ambulatorial;197;3.3.90.39.12.00.00.00;LOCAÇÃO DE MÁQUINAS E EQUIPAMENTOS;1.500.000.1002;RECURSOS NÃO VINCULADOS DE IMPOSTOS (SAÚDE);4.620,48
FUNDO MUNICIPAL DE SAÚDE DE BARBACENA;18.002;FUNDO MUNICIPAL DE SAUDE;2.685;MANUTENÇÃO DO CEM;3;MEDIA E ALTA COMPLEXIDADE ASSISTENCIAL;10;Saúde;302;Assistência Hospitalar e Ambulatorial;197;3.3.90.39.99.00.00.00;OUTROS SERVIÇOS DE TERCEIROS - PESSOA JURÍDICA;1.600.000.0000;TRANSFERÊNCIAS FUNDO A FUNDO DE RECURSOS DO SUS PROVENIENTES DO GOVERNO FEDERAL - BLOCO DE MANUTENÇÃO DAS AÇÕES E SERVIÇOS PÚBLICOS DE SAÚDE;1.412,00
FUNDO MUNICIPAL DE SAÚDE DE BARBACENA;18.002;FUNDO MUNICIPAL DE SAUDE;2.685;MANUTENÇÃO DO CEM;3;MEDIA E ALTA COMPLEXIDADE ASSISTENCIAL;10;Saúde;302;Assistência Hospitalar e Ambulatorial;197;3.3.90.39.10.00.00.00;LOCAÇÃO DE IMÓVEIS;1.600.000.0000;TRANSFERÊNCIAS FUNDO A FUNDO DE RECURSOS DO SUS PROVENIENTES DO GOVERNO FEDERAL - BLOCO DE MANUTENÇÃO DAS AÇÕES E SERVIÇOS PÚBLICOS DE SAÚDE;108.000,00
FUNDO MUNICIPAL DE SAÚDE DE BARBACENA;18.002;FUNDO MUNICIPAL DE SAUDE;2.685;MANUTENÇÃO DO CEM;3;MEDIA E ALTA COMPLEXIDADE ASSISTENCIAL;10;Saúde;302;Assistência Hospitalar e Ambulatorial;197;3.3.90.39.99.00.00.00;OUTROS SERVIÇOS DE TERCEIROS - PESSOA JURÍDICA;2.600.000.0000;TRANSFERÊNCIAS FUNDO A FUNDO DE RECURSOS DO SUS PROVENIENTES DO GOVERNO FEDERAL - BLOCO DE MANUTENÇÃO DAS AÇÕES E SERVIÇOS PÚBLICOS DE SAÚDE;1.240,00
FUNDO MUNICIPAL DE SAÚDE DE BARBACENA;18.002;FUNDO MUNICIPAL DE SAUDE;2.685;MANUTENÇÃO DO CEM;3;MEDIA E ALTA COMPLEXIDADE ASSISTENCIAL;10;Saúde;302;Assistência Hospitalar e Ambulatorial;197;3.3.90.39.10.00.00.00;LOCAÇÃO DE IMÓVEIS;2.600.000.0000;TRANSFERÊNCIAS FUNDO A FUNDO DE RECURSOS DO SUS PROVENIENTES DO GOVERNO FEDERAL - BLOCO DE MANUTENÇÃO DAS AÇÕES E SERVIÇOS PÚBLICOS DE SAÚDE;81.000,00
FUNDO MUNICIPAL DE SAÚDE DE BARBACENA;18.002;FUNDO MUNICIPAL DE SAUDE;2.685;MANUTENÇÃO DO CEM;3;MEDIA E ALTA COMPLEXIDADE ASSISTENCIAL;10;Saúde;302;Assistência Hospitalar e Ambulatorial;199;3.3.90.46.00.00.00.00;AUXÍLIO-ALIMENTAÇÃO;1.500.000.1002;RECURSOS NÃO VINCULADOS DE IMPOSTOS (SAÚDE);136.190,00
FUNDO MUNICIPAL DE SAÚDE DE BARBACENA;18.002;FUNDO MUNICIPAL DE SAUDE;2.685;MANUTENÇÃO DO CEM;3;MEDIA E ALTA COMPLEXIDADE ASSISTENCIAL;10;Saúde;302;Assistência Hospitalar e Ambulatorial;199;3.3.90.46.00.00.00.00;AUXÍLIO-ALIMENTAÇÃO;1.600.000.0000;TRANSFERÊNCIAS FUNDO A FUNDO DE RECURSOS DO SUS PROVENIENTES DO GOVERNO FEDERAL - BLOCO DE MANUTENÇÃO DAS AÇÕES E SERVIÇOS PÚBLICOS DE SAÚDE;108.800,00
FUNDO MUNICIPAL DE SAÚDE DE BARBACENA;18.002;FUNDO MUNICIPAL DE SAUDE;2.685;MANUTENÇÃO DO CEM;3;MEDIA E ALTA COMPLEXIDADE ASSISTENCIAL;10;Saúde;302;Assistência Hospitalar e Ambulatorial;199;3.3.90.46.00.00.00.00;AUXÍLIO-ALIMENTAÇÃO;2.600.000.0000;TRANSFERÊNCIAS FUNDO A FUNDO DE RECURSOS DO SUS PROVENIENTES DO GOVERNO FEDERAL - BLOCO DE MANUTENÇÃO DAS AÇÕES E SERVIÇOS PÚBLICOS DE SAÚDE;88.960,00
FUNDO MUNICIPAL DE SAÚDE DE BARBACENA;18.002;FUNDO MUNICIPAL DE SAUDE;2.685;MANUTENÇÃO DO CEM;3;MEDIA E ALTA COMPLEXIDADE ASSISTENCIAL;10;Saúde;302;Assistência Hospitalar e Ambulatorial;199;3.3.90.46.00.00.00.00;AUXÍLIO-ALIMENTAÇÃO;2.621.000.0000;TRANSFERÊNCIAS FUNDO A FUNDO DE RECURSOS DO SUS PROVENIENTES DO GOVERNO ESTADUAL;30.040,00
FUNDO MUNICIPAL DE SAÚDE DE BARBACENA;18.002;FUNDO MUNICIPAL DE SAUDE;2.685;MANUTENÇÃO DO CEM;3;MEDIA E ALTA COMPLEXIDADE ASSISTENCIAL;10;Saúde;302;Assistência Hospitalar e Ambulatorial;200;4.4.90.52.99.00.00.00;OUTROS MATERIAIS PERMANENTES;1.500.000.1002;RECURSOS NÃO VINCULADOS DE IMPOSTOS (SAÚDE);4.989,46
FUNDO MUNICIPAL DE SAÚDE DE BARBACENA;18.002;FUNDO MUNICIPAL DE SAUDE;2.685;MANUTENÇÃO DO CEM;3;MEDIA E ALTA COMPLEXIDADE ASSISTENCIAL;10;Saúde;302;Assistência Hospitalar e Ambulatorial;200;4.4.90.52.18.00.00.00;MÁQUINAS, UTENSÍLIOS E EQUIPAMENTOS DIVERSOS;1.500.000.1002;RECURSOS NÃO VINCULADOS DE IMPOSTOS (SAÚDE);3.430,00
FUNDO MUNICIPAL DE SAÚDE DE BARBACENA;18.002;FUNDO MUNICIPAL DE SAUDE;2.685;MANUTENÇÃO DO CEM;3;MEDIA E ALTA COMPLEXIDADE ASSISTENCIAL;10;Saúde;302;Assistência Hospitalar e Ambulatorial;200;4.4.90.52.99.00.00.00;OUTROS MATERIAIS PERMANENTES;2.621.000.0000;TRANSFERÊNCIAS FUNDO A FUNDO DE RECURSOS DO SUS PROVENIENTES DO GOVERNO ESTADUAL;38.229,78
FUNDO MUNICIPAL DE SAÚDE DE BARBACENA;18.002;FUNDO MUNICIPAL DE SAUDE;2.685;MANUTENÇÃO DO CEM;3;MEDIA E ALTA COMPLEXIDADE ASSISTENCIAL;10;Saúde;302;Assistência Hospitalar e Ambulatorial;200;4.4.90.52.06.00.00.00;APARELHOS E UTENSÍLIOS DOMÉSTICOS;2.621.000.0000;TRANSFERÊNCIAS FUNDO A FUNDO DE RECURSOS DO SUS PROVENIENTES DO GOVERNO ESTADUAL;2.799,00
FUNDO MUNICIPAL DE SAÚDE DE BARBACENA;18.002;FUNDO MUNICIPAL DE SAUDE;2.685;MANUTENÇÃO DO CEM;3;MEDIA E ALTA COMPLEXIDADE ASSISTENCIAL;10;Saúde;302;Assistência Hospitalar e Ambulatorial;200;4.4.90.52.04.00.00.00;APARELHOS, EQUIPAMENTOS, UTENSÍLIOS MÉDICO-ODONT;2.621.000.0000;TRANSFERÊNCIAS FUNDO A FUNDO DE RECURSOS DO SUS PROVENIENTES DO GOVERNO ESTADUAL;0,00
FUNDO MUNICIPAL DE SAÚDE DE BARBACENA;18.002;FUNDO MUNICIPAL DE SAUDE;2.685;MANUTENÇÃO DO CEM;3;MEDIA E ALTA COMPLEXIDADE ASSISTENCIAL;10;Saúde;302;Assistência Hospitalar e Ambulatorial;200;4.4.90.52.02.00.00.00;APARELHOS DE MEDIÇÃO E ORIENTAÇÃO;2.621.000.0000;TRANSFERÊNCIAS FUNDO A FUNDO DE RECURSOS DO SUS PROVENIENTES DO GOVERNO ESTADUAL;582,97
FUNDO MUNICIPAL DE SAÚDE DE BARBACENA;18.002;FUNDO MUNICIPAL DE SAUDE;2.689;APOIO A ASSOCIAÇÃO DE PAIS E AMIGOS DOS EXCEPCIONAIS - APAE;3;MEDIA E ALTA COMPLEXIDADE ASSISTENCIAL;10;Saúde;302;Assistência Hospitalar e Ambulatorial;201;3.3.90.39.36.00.00.00;SERVIÇO MÉDICO-HOSPITALAR, ODONT. E LABORATORIAL;1.500.000.1002;RECURSOS NÃO VINCULADOS DE IMPOSTOS (SAÚDE);160.075,35
FUNDO MUNICIPAL DE SAÚDE DE BARBACENA;18.002;FUNDO MUNICIPAL DE SAUDE;2.069;DISTRIBUIÇÃO DE MEDICAMENTOS CONFORME DETERMINAÇÃO JUDICIAL;3;MEDIA E ALTA COMPLEXIDADE ASSISTENCIAL;10;Saúde;303;Suporte Profilático e Terapêutico;212;3.3.90.30.99.00.00.00;OUTROS MATERIAIS DE CONSUMO;1.500.000.1002;RECURSOS NÃO VINCULADOS DE IMPOSTOS (SAÚDE);78.612,84
FUNDO MUNICIPAL DE SAÚDE DE BARBACENA;18.002;FUNDO MUNICIPAL DE SAUDE;2.339;AÇÕES DE ENFRENTAMENTO DA EMERGÊNCIA COVID 19;4;VIGILANCIA EM SAUDE;10;Saúde;122;Administração Geral;277;3.1.90.04.01.00.00.00;SALÁRIO CONTRATO TEMPORÁRIO;1.500.000.1002;RECURSOS NÃO VINCULADOS DE IMPOSTOS (SAÚDE);834,76
FUNDO MUNICIPAL DE SAÚDE DE BARBACENA;18.002;FUNDO MUNICIPAL DE SAUDE;2.339;AÇÕES DE ENFRENTAMENTO DA EMERGÊNCIA COVID 19;4;VIGILANCIA EM SAUDE;10;Saúde;122;Administração Geral;277;3.1.90.04.01.00.00.00;SALÁRIO CONTRATO TEMPORÁRIO;1.659.000.0000;OUTROS RECURSOS VINCULADOS À SAÚDE;1.413,82
FUNDO MUNICIPAL DE SAÚDE DE BARBACENA;18.002;FUNDO MUNICIPAL DE SAUDE;2.009;MANUTENÇAO DA VIGILANCIA SANITARIA;4;VIGILANCIA EM SAUDE;10;Saúde;304;Vigilância Sanitária;213;3.1.90.04.15.00.00.00;OBRIGAÇÕES PATRONAIS - CONTRATO TEMPORÁRIO;1.500.000.1002;RECURSOS NÃO VINCULADOS DE IMPOSTOS (SAÚDE);4.025,91
FUNDO MUNICIPAL DE SAÚDE DE BARBACENA;18.002;FUNDO MUNICIPAL DE SAUDE;2.009;MANUTENÇAO DA VIGILANCIA SANITARIA;4;VIGILANCIA EM SAUDE;10;Saúde;304;Vigilância Sanitária;213;3.1.90.04.01.00.00.00;SALÁRIO CONTRATO TEMPORÁRIO;1.500.000.1002;RECURSOS NÃO VINCULADOS DE IMPOSTOS (SAÚDE);41.050,04
FUNDO MUNICIPAL DE SAÚDE DE BARBACENA;18.002;FUNDO MUNICIPAL DE SAUDE;2.009;MANUTENÇAO DA VIGILANCIA SANITARIA;4;VIGILANCIA EM SAUDE;10;Saúde;304;Vigilância Sanitária;213;3.1.90.04.01.00.00.00;SALÁRIO CONTRATO TEMPORÁRIO;1.600.000.0000;TRANSFERÊNCIAS FUNDO A FUNDO DE RECURSOS DO SUS PROVENIENTES DO GOVERNO FEDERAL - BLOCO DE MANUTENÇÃO DAS AÇÕES E SERVIÇOS PÚBLICOS DE SAÚDE;60.275,65
FUNDO MUNICIPAL DE SAÚDE DE BARBACENA;18.002;FUNDO MUNICIPAL DE SAUDE;2.009;MANUTENÇAO DA VIGILANCIA SANITARIA;4;VIGILANCIA EM SAUDE;10;Saúde;304;Vigilância Sanitária;213;3.1.90.04.15.00.00.00;OBRIGAÇÕES PATRONAIS - CONTRATO TEMPORÁRIO;1.600.000.0000;TRANSFERÊNCIAS FUNDO A FUNDO DE RECURSOS DO SUS PROVENIENTES DO GOVERNO FEDERAL - BLOCO DE MANUTENÇÃO DAS AÇÕES E SERVIÇOS PÚBLICOS DE SAÚDE;4.700,61
FUNDO MUNICIPAL DE SAÚDE DE BARBACENA;18.002;FUNDO MUNICIPAL DE SAUDE;2.009;MANUTENÇAO DA VIGILANCIA SANITARIA;4;VIGILANCIA EM SAUDE;10;Saúde;304;Vigilância Sanitária;213;3.1.90.04.15.00.00.00;OBRIGAÇÕES PATRONAIS - CONTRATO TEMPORÁRIO;2.601.000.0000;TRANSFERÊNCIAS FUNDO A FUNDO DE RECURSOS DO SUS PROVENIENTES DO GOVERNO FEDERAL. BLOCO DE ESTRUTURAÇÃO DA REDE DE SERVIÇOS PÚBLICOS DE SAÚDE;2.827,45
FUNDO MUNICIPAL DE SAÚDE DE BARBACENA;18.002;FUNDO MUNICIPAL DE SAUDE;2.009;MANUTENÇAO DA VIGILANCIA SANITARIA;4;VIGILANCIA EM SAUDE;10;Saúde;304;Vigilância Sanitária;213;3.1.90.04.01.00.00.00;SALÁRIO CONTRATO TEMPORÁRIO;2.601.000.0000;TRANSFERÊNCIAS FUNDO A FUNDO DE RECURSOS DO SUS PROVENIENTES DO GOVERNO FEDERAL. BLOCO DE ESTRUTURAÇÃO DA REDE DE SERVIÇOS PÚBLICOS DE SAÚDE;24.413,59
FUNDO MUNICIPAL DE SAÚDE DE BARBACENA;18.002;FUNDO MUNICIPAL DE SAUDE;2.009;MANUTENÇAO DA VIGILANCIA SANITARIA;4;VIGILANCIA EM SAUDE;10;Saúde;304;Vigilância Sanitária;213;3.1.90.04.01.00.00.00;SALÁRIO CONTRATO TEMPORÁRIO;2.621.000.0000;TRANSFERÊNCIAS FUNDO A FUNDO DE RECURSOS DO SUS PROVENIENTES DO GOVERNO ESTADUAL;65.536,93
FUNDO MUNICIPAL DE SAÚDE DE BARBACENA;18.002;FUNDO MUNICIPAL DE SAUDE;2.009;MANUTENÇAO DA VIGILANCIA SANITARIA;4;VIGILANCIA EM SAUDE;10;Saúde;304;Vigilância Sanitária;213;3.1.90.04.15.00.00.00;OBRIGAÇÕES PATRONAIS - CONTRATO TEMPORÁRIO;2.621.000.0000;TRANSFERÊNCIAS FUNDO A FUNDO DE RECURSOS DO SUS PROVENIENTES DO GOVERNO ESTADUAL;5.491,65
FUNDO MUNICIPAL DE SAÚDE DE BARBACENA;18.002;FUNDO MUNICIPAL DE SAUDE;2.009;MANUTENÇAO DA VIGILANCIA SANITARIA;4;VIGILANCIA EM SAUDE;10;Saúde;304;Vigilância Sanitária;214;3.1.90.11.01.00.00.00;VENCIMENTOS E SALÁRIOS;1.500.000.1002;RECURSOS NÃO VINCULADOS DE IMPOSTOS (SAÚDE);73.192,27
FUNDO MUNICIPAL DE SAÚDE DE BARBACENA;18.002;FUNDO MUNICIPAL DE SAUDE;2.009;MANUTENÇAO DA VIGILANCIA SANITARIA;4;VIGILANCIA EM SAUDE;10;Saúde;304;Vigilância Sanitária;214;3.1.90.11.01.00.00.00;VENCIMENTOS E SALÁRIOS;1.600.000.0000;TRANSFERÊNCIAS FUNDO A FUNDO DE RECURSOS DO SUS PROVENIENTES DO GOVERNO FEDERAL - BLOCO DE MANUTENÇÃO DAS AÇÕES E SERVIÇOS PÚBLICOS DE SAÚDE;78.804,30
FUNDO MUNICIPAL DE SAÚDE DE BARBACENA;18.002;FUNDO MUNICIPAL DE SAUDE;2.009;MANUTENÇAO DA VIGILANCIA SANITARIA;4;VIGILANCIA EM SAUDE;10;Saúde;304;Vigilância Sanitária;214;3.1.90.11.01.00.00.00;VENCIMENTOS E SALÁRIOS;2.601.000.0000;TRANSFERÊNCIAS FUNDO A FUNDO DE RECURSOS DO SUS PROVENIENTES DO GOVERNO FEDERAL. BLOCO DE ESTRUTURAÇÃO DA REDE DE SERVIÇOS PÚBLICOS DE SAÚDE;30.910,18
FUNDO MUNICIPAL DE SAÚDE DE BARBACENA;18.002;FUNDO MUNICIPAL DE SAUDE;2.009;MANUTENÇAO DA VIGILANCIA SANITARIA;4;VIGILANCIA EM SAUDE;10;Saúde;304;Vigilância Sanitária;214;3.1.90.11.01.00.00.00;VENCIMENTOS E SALÁRIOS;2.621.000.0000;TRANSFERÊNCIAS FUNDO A FUNDO DE RECURSOS DO SUS PROVENIENTES DO GOVERNO ESTADUAL;60.686,80
FUNDO MUNICIPAL DE SAÚDE DE BARBACENA;18.002;FUNDO MUNICIPAL DE SAUDE;2.009;MANUTENÇAO DA VIGILANCIA SANITARIA;4;VIGILANCIA EM SAUDE;10;Saúde;304;Vigilância Sanitária;214;3.1.90.11.52.00.00.00;LICENÇA SAÚDE;2.621.000.0000;TRANSFERÊNCIAS FUNDO A FUNDO DE RECURSOS DO SUS PROVENIENTES DO GOVERNO ESTADUAL;156,55
FUNDO MUNICIPAL DE SAÚDE DE BARBACENA;18.002;FUNDO MUNICIPAL DE SAUDE;2.009;MANUTENÇAO DA VIGILANCIA SANITARIA;4;VIGILANCIA EM SAUDE;10;Saúde;304;Vigilância Sanitária;216;3.1.91.13.08.00.00.00;CONTRIB. PREV.- RPPS - PESSOAL ATIVO - PLANO PREV.;1.500.000.1002;RECURSOS NÃO VINCULADOS DE IMPOSTOS (SAÚDE);18.722,14
FUNDO MUNICIPAL DE SAÚDE DE BARBACENA;18.002;FUNDO MUNICIPAL DE SAUDE;2.009;MANUTENÇAO DA VIGILANCIA SANITARIA;4;VIGILANCIA EM SAUDE;10;Saúde;304;Vigilância Sanitária;216;3.1.91.13.08.00.00.00;CONTRIB. PREV.- RPPS - PESSOAL ATIVO - PLANO PREV.;1.600.000.0000;TRANSFERÊNCIAS FUNDO A FUNDO DE RECURSOS DO SUS PROVENIENTES DO GOVERNO FEDERAL - BLOCO DE MANUTENÇÃO DAS AÇÕES E SERVIÇOS PÚBLICOS DE SAÚDE;20.377,70
FUNDO MUNICIPAL DE SAÚDE DE BARBACENA;18.002;FUNDO MUNICIPAL DE SAUDE;2.009;MANUTENÇAO DA VIGILANCIA SANITARIA;4;VIGILANCIA EM SAUDE;10;Saúde;304;Vigilância Sanitária;216;3.1.91.13.08.00.00.00;CONTRIB. PREV.- RPPS - PESSOAL ATIVO - PLANO PREV.;2.601.000.0000;TRANSFERÊNCIAS FUNDO A FUNDO DE RECURSOS DO SUS PROVENIENTES DO GOVERNO FEDERAL. BLOCO DE ESTRUTURAÇÃO DA REDE DE SERVIÇOS PÚBLICOS DE SAÚDE;9.642,99
FUNDO MUNICIPAL DE SAÚDE DE BARBACENA;18.002;FUNDO MUNICIPAL DE SAUDE;2.009;MANUTENÇAO DA VIGILANCIA SANITARIA;4;VIGILANCIA EM SAUDE;10;Saúde;304;Vigilância Sanitária;216;3.1.91.13.08.00.00.00;CONTRIB. PREV.- RPPS - PESSOAL ATIVO - PLANO PREV.;2.621.000.0000;TRANSFERÊNCIAS FUNDO A FUNDO DE RECURSOS DO SUS PROVENIENTES DO GOVERNO ESTADUAL;13.797,38
FUNDO MUNICIPAL DE SAÚDE DE BARBACENA;18.002;FUNDO MUNICIPAL DE SAUDE;2.009;MANUTENÇAO DA VIGILANCIA SANITARIA;4;VIGILANCIA EM SAUDE;10;Saúde;304;Vigilância Sanitária;218;3.3.90.14.05.00.00.00;DIÁRIAS DE DEMAIS SERVIDORES;1.500.000.1002;RECURSOS NÃO VINCULADOS DE IMPOSTOS (SAÚDE);2.100,00
FUNDO MUNICIPAL DE SAÚDE DE BARBACENA;18.002;FUNDO MUNICIPAL DE SAUDE;2.009;MANUTENÇAO DA VIGILANCIA SANITARIA;4;VIGILANCIA EM SAUDE;10;Saúde;304;Vigilância Sanitária;218;3.3.90.14.05.00.00.00;DIÁRIAS DE DEMAIS SERVIDORES;1.600.000.0000;TRANSFERÊNCIAS FUNDO A FUNDO DE RECURSOS DO SUS PROVENIENTES DO GOVERNO FEDERAL - BLOCO DE MANUTENÇÃO DAS AÇÕES E SERVIÇOS PÚBLICOS DE SAÚDE;200,00
FUNDO MUNICIPAL DE SAÚDE DE BARBACENA;18.002;FUNDO MUNICIPAL DE SAUDE;2.009;MANUTENÇAO DA VIGILANCIA SANITARIA;4;VIGILANCIA EM SAUDE;10;Saúde;304;Vigilância Sanitária;220;3.3.90.30.37.00.00.00;MATERIAL PARA MANUTENÇÃO DE VEÍCULOS;1.600.000.0000;TRANSFERÊNCIAS FUNDO A FUNDO DE RECURSOS DO SUS PROVENIENTES DO GOVERNO FEDERAL - BLOCO DE MANUTENÇÃO DAS AÇÕES E SERVIÇOS PÚBLICOS DE SAÚDE;12.398,56
FUNDO MUNICIPAL DE SAÚDE DE BARBACENA;18.002;FUNDO MUNICIPAL DE SAUDE;2.009;MANUTENÇAO DA VIGILANCIA SANITARIA;4;VIGILANCIA EM SAUDE;10;Saúde;304;Vigilância Sanitária;220;3.3.90.30.22.00.00.00;MATERIAL DE LIMPEZA E PRODUÇÃO DE HIGIENIZAÇÃO;2.600.000.0000;TRANSFERÊNCIAS FUNDO A FUNDO DE RECURSOS DO SUS PROVENIENTES DO GOVERNO FEDERAL - BLOCO DE MANUTENÇÃO DAS AÇÕES E SERVIÇOS PÚBLICOS DE SAÚDE;4.457,45
FUNDO MUNICIPAL DE SAÚDE DE BARBACENA;18.002;FUNDO MUNICIPAL DE SAUDE;2.009;MANUTENÇAO DA VIGILANCIA SANITARIA;4;VIGILANCIA EM SAUDE;10;Saúde;304;Vigilância Sanitária;220;3.3.90.30.16.00.00.00;MATERIAL DE EXPEDIENTE;2.600.000.0000;TRANSFERÊNCIAS FUNDO A FUNDO DE RECURSOS DO SUS PROVENIENTES DO GOVERNO FEDERAL - BLOCO DE MANUTENÇÃO DAS AÇÕES E SERVIÇOS PÚBLICOS DE SAÚDE;7.478,15
FUNDO MUNICIPAL DE SAÚDE DE BARBACENA;18.002;FUNDO MUNICIPAL DE SAUDE;2.009;MANUTENÇAO DA VIGILANCIA SANITARIA;4;VIGILANCIA EM SAUDE;10;Saúde;304;Vigilância Sanitária;220;3.3.90.30.37.00.00.00;MATERIAL PARA MANUTENÇÃO DE VEÍCULOS;2.621.000.0000;TRANSFERÊNCIAS FUNDO A FUNDO DE RECURSOS DO SUS PROVENIENTES DO GOVERNO ESTADUAL;6.671,49
FUNDO MUNICIPAL DE SAÚDE DE BARBACENA;18.002;FUNDO MUNICIPAL DE SAUDE;2.009;MANUTENÇAO DA VIGILANCIA SANITARIA;4;VIGILANCIA EM SAUDE;10;Saúde;304;Vigilância Sanitária;221;3.3.90.39.12.00.00.00;LOCAÇÃO DE MÁQUINAS E EQUIPAMENTOS;1.600.000.0000;TRANSFERÊNCIAS FUNDO A FUNDO DE RECURSOS DO SUS PROVENIENTES DO GOVERNO FEDERAL - BLOCO DE MANUTENÇÃO DAS AÇÕES E SERVIÇOS PÚBLICOS DE SAÚDE;4.620,48
FUNDO MUNICIPAL DE SAÚDE DE BARBACENA;18.002;FUNDO MUNICIPAL DE SAUDE;2.009;MANUTENÇAO DA VIGILANCIA SANITARIA;4;VIGILANCIA EM SAUDE;10;Saúde;304;Vigilância Sanitária;221;3.3.90.39.99.00.00.00;OUTROS SERVIÇOS DE TERCEIROS - PESSOA JURÍDICA;1.600.000.0000;TRANSFERÊNCIAS FUNDO A FUNDO DE RECURSOS DO SUS PROVENIENTES DO GOVERNO FEDERAL - BLOCO DE MANUTENÇÃO DAS AÇÕES E SERVIÇOS PÚBLICOS DE SAÚDE;24.171,17
FUNDO MUNICIPAL DE SAÚDE DE BARBACENA;18.002;FUNDO MUNICIPAL DE SAUDE;2.009;MANUTENÇAO DA VIGILANCIA SANITARIA;4;VIGILANCIA EM SAUDE;10;Saúde;304;Vigilância Sanitária;221;3.3.90.39.43.00.00.00;SERVIÇOS DE TELECOMUNICAÇÕES;1.600.000.0000;TRANSFERÊNCIAS FUNDO A FUNDO DE RECURSOS DO SUS PROVENIENTES DO GOVERNO FEDERAL - BLOCO DE MANUTENÇÃO DAS AÇÕES E SERVIÇOS PÚBLICOS DE SAÚDE;3.972,00
FUNDO MUNICIPAL DE SAÚDE DE BARBACENA;18.002;FUNDO MUNICIPAL DE SAUDE;2.009;MANUTENÇAO DA VIGILANCIA SANITARIA;4;VIGILANCIA EM SAUDE;10;Saúde;304;Vigilância Sanitária;221;3.3.90.39.53.00.00.00;SEGUROS EM GERAL;2.600.000.0000;TRANSFERÊNCIAS FUNDO A FUNDO DE RECURSOS DO SUS PROVENIENTES DO GOVERNO FEDERAL - BLOCO DE MANUTENÇÃO DAS AÇÕES E SERVIÇOS PÚBLICOS DE SAÚDE;1.980,00
FUNDO MUNICIPAL DE SAÚDE DE BARBACENA;18.002;FUNDO MUNICIPAL DE SAUDE;2.009;MANUTENÇAO DA VIGILANCIA SANITARIA;4;VIGILANCIA EM SAUDE;10;Saúde;304;Vigilância Sanitária;221;3.3.90.39.16.00.00.00;MANUTENÇÃO E CONSERVAÇÃO DE VEÍCULOS;2.621.000.0000;TRANSFERÊNCIAS FUNDO A FUNDO DE RECURSOS DO SUS PROVENIENTES DO GOVERNO ESTADUAL;7.054,41
FUNDO MUNICIPAL DE SAÚDE DE BARBACENA;18.002;FUNDO MUNICIPAL DE SAUDE;2.009;MANUTENÇAO DA VIGILANCIA SANITARIA;4;VIGILANCIA EM SAUDE;10;Saúde;304;Vigilância Sanitária;221;3.3.90.39.99.00.00.00;OUTROS SERVIÇOS DE TERCEIROS - PESSOA JURÍDICA;2.621.000.0000;TRANSFERÊNCIAS FUNDO A FUNDO DE RECURSOS DO SUS PROVENIENTES DO GOVERNO ESTADUAL;47.995,49
FUNDO MUNICIPAL DE SAÚDE DE BARBACENA;18.002;FUNDO MUNICIPAL DE SAUDE;2.009;MANUTENÇAO DA VIGILANCIA SANITARIA;4;VIGILANCIA EM SAUDE;10;Saúde;304;Vigilância Sanitária;221;3.3.90.39.27.00.00.00;FORNECIMENTO DE ALIMENTAÇÃO;2.621.000.0000;TRANSFERÊNCIAS FUNDO A FUNDO DE RECURSOS DO SUS PROVENIENTES DO GOVERNO ESTADUAL;0,00
FUNDO MUNICIPAL DE SAÚDE DE BARBACENA;18.002;FUNDO MUNICIPAL DE SAUDE;2.009;MANUTENÇAO DA VIGILANCIA SANITARIA;4;VIGILANCIA EM SAUDE;10;Saúde;304;Vigilância Sanitária;223;3.3.90.46.00.00.00.00;AUXÍLIO-ALIMENTAÇÃO;1.500.000.1002;RECURSOS NÃO VINCULADOS DE IMPOSTOS (SAÚDE);20.040,00
FUNDO MUNICIPAL DE SAÚDE DE BARBACENA;18.002;FUNDO MUNICIPAL DE SAUDE;2.009;MANUTENÇAO DA VIGILANCIA SANITARIA;4;VIGILANCIA EM SAUDE;10;Saúde;304;Vigilância Sanitária;223;3.3.90.46.00.00.00.00;AUXÍLIO-ALIMENTAÇÃO;1.600.000.0000;TRANSFERÊNCIAS FUNDO A FUNDO DE RECURSOS DO SUS PROVENIENTES DO GOVERNO FEDERAL - BLOCO DE MANUTENÇÃO DAS AÇÕES E SERVIÇOS PÚBLICOS DE SAÚDE;23.740,00
FUNDO MUNICIPAL DE SAÚDE DE BARBACENA;18.002;FUNDO MUNICIPAL DE SAUDE;2.009;MANUTENÇAO DA VIGILANCIA SANITARIA;4;VIGILANCIA EM SAUDE;10;Saúde;304;Vigilância Sanitária;223;3.3.90.46.00.00.00.00;AUXÍLIO-ALIMENTAÇÃO;2.601.000.0000;TRANSFERÊNCIAS FUNDO A FUNDO DE RECURSOS DO SUS PROVENIENTES DO GOVERNO FEDERAL. BLOCO DE ESTRUTURAÇÃO DA REDE DE SERVIÇOS PÚBLICOS DE SAÚDE;4.200,00
FUNDO MUNICIPAL DE SAÚDE DE BARBACENA;18.002;FUNDO MUNICIPAL DE SAUDE;2.009;MANUTENÇAO DA VIGILANCIA SANITARIA;4;VIGILANCIA EM SAUDE;10;Saúde;304;Vigilância Sanitária;223;3.3.90.46.00.00.00.00;AUXÍLIO-ALIMENTAÇÃO;2.621.000.0000;TRANSFERÊNCIAS FUNDO A FUNDO DE RECURSOS DO SUS PROVENIENTES DO GOVERNO ESTADUAL;21.000,00
FUNDO MUNICIPAL DE SAÚDE DE BARBACENA;18.002;FUNDO MUNICIPAL DE SAUDE;2.010;MANUTENÇAO DA VIGILÂNCIA EPIDEMIOLÓGICA;4;VIGILANCIA EM SAUDE;10;Saúde;305;Vigilância Epidemiológica;225;3.1.90.04.01.00.00.00;SALÁRIO CONTRATO TEMPORÁRIO;1.500.000.1002;RECURSOS NÃO VINCULADOS DE IMPOSTOS (SAÚDE);41.170,67
FUNDO MUNICIPAL DE SAÚDE DE BARBACENA;18.002;FUNDO MUNICIPAL DE SAUDE;2.010;MANUTENÇAO DA VIGILÂNCIA EPIDEMIOLÓGICA;4;VIGILANCIA EM SAUDE;10;Saúde;305;Vigilância Epidemiológica;225;3.1.90.04.15.00.00.00;OBRIGAÇÕES PATRONAIS - CONTRATO TEMPORÁRIO;1.500.000.1002;RECURSOS NÃO VINCULADOS DE IMPOSTOS (SAÚDE);3.029,37
FUNDO MUNICIPAL DE SAÚDE DE BARBACENA;18.002;FUNDO MUNICIPAL DE SAUDE;2.010;MANUTENÇAO DA VIGILÂNCIA EPIDEMIOLÓGICA;4;VIGILANCIA EM SAUDE;10;Saúde;305;Vigilância Epidemiológica;225;3.1.90.04.15.00.00.00;OBRIGAÇÕES PATRONAIS - CONTRATO TEMPORÁRIO;1.600.000.0000;TRANSFERÊNCIAS FUNDO A FUNDO DE RECURSOS DO SUS PROVENIENTES DO GOVERNO FEDERAL - BLOCO DE MANUTENÇÃO DAS AÇÕES E SERVIÇOS PÚBLICOS DE SAÚDE;5.115,66
FUNDO MUNICIPAL DE SAÚDE DE BARBACENA;18.002;FUNDO MUNICIPAL DE SAUDE;2.010;MANUTENÇAO DA VIGILÂNCIA EPIDEMIOLÓGICA;4;VIGILANCIA EM SAUDE;10;Saúde;305;Vigilância Epidemiológica;225;3.1.90.04.01.00.00.00;SALÁRIO CONTRATO TEMPORÁRIO;1.600.000.0000;TRANSFERÊNCIAS FUNDO A FUNDO DE RECURSOS DO SUS PROVENIENTES DO GOVERNO FEDERAL - BLOCO DE MANUTENÇÃO DAS AÇÕES E SERVIÇOS PÚBLICOS DE SAÚDE;58.301,76
FUNDO MUNICIPAL DE SAÚDE DE BARBACENA;18.002;FUNDO MUNICIPAL DE SAUDE;2.010;MANUTENÇAO DA VIGILÂNCIA EPIDEMIOLÓGICA;4;VIGILANCIA EM SAUDE;10;Saúde;305;Vigilância Epidemiológica;225;3.1.90.04.15.00.00.00;OBRIGAÇÕES PATRONAIS - CONTRATO TEMPORÁRIO;2.601.000.0000;TRANSFERÊNCIAS FUNDO A FUNDO DE RECURSOS DO SUS PROVENIENTES DO GOVERNO FEDERAL. BLOCO DE ESTRUTURAÇÃO DA REDE DE SERVIÇOS PÚBLICOS DE SAÚDE;1.735,85
FUNDO MUNICIPAL DE SAÚDE DE BARBACENA;18.002;FUNDO MUNICIPAL DE SAUDE;2.010;MANUTENÇAO DA VIGILÂNCIA EPIDEMIOLÓGICA;4;VIGILANCIA EM SAUDE;10;Saúde;305;Vigilância Epidemiológica;225;3.1.90.04.01.00.00.00;SALÁRIO CONTRATO TEMPORÁRIO;2.601.000.0000;TRANSFERÊNCIAS FUNDO A FUNDO DE RECURSOS DO SUS PROVENIENTES DO GOVERNO FEDERAL. BLOCO DE ESTRUTURAÇÃO DA REDE DE SERVIÇOS PÚBLICOS DE SAÚDE;14.349,83
FUNDO MUNICIPAL DE SAÚDE DE BARBACENA;18.002;FUNDO MUNICIPAL DE SAUDE;2.010;MANUTENÇAO DA VIGILÂNCIA EPIDEMIOLÓGICA;4;VIGILANCIA EM SAUDE;10;Saúde;305;Vigilância Epidemiológica;225;3.1.90.04.01.00.00.00;SALÁRIO CONTRATO TEMPORÁRIO;2.621.000.0000;TRANSFERÊNCIAS FUNDO A FUNDO DE RECURSOS DO SUS PROVENIENTES DO GOVERNO ESTADUAL;75.625,57
FUNDO MUNICIPAL DE SAÚDE DE BARBACENA;18.002;FUNDO MUNICIPAL DE SAUDE;2.010;MANUTENÇAO DA VIGILÂNCIA EPIDEMIOLÓGICA;4;VIGILANCIA EM SAUDE;10;Saúde;305;Vigilância Epidemiológica;225;3.1.90.04.15.00.00.00;OBRIGAÇÕES PATRONAIS - CONTRATO TEMPORÁRIO;2.621.000.0000;TRANSFERÊNCIAS FUNDO A FUNDO DE RECURSOS DO SUS PROVENIENTES DO GOVERNO ESTADUAL;5.489,20
FUNDO MUNICIPAL DE SAÚDE DE BARBACENA;18.002;FUNDO MUNICIPAL DE SAUDE;2.010;MANUTENÇAO DA VIGILÂNCIA EPIDEMIOLÓGICA;4;VIGILANCIA EM SAUDE;10;Saúde;305;Vigilância Epidemiológica;226;3.1.90.11.01.00.00.00;VENCIMENTOS E SALÁRIOS;1.500.000.1002;RECURSOS NÃO VINCULADOS DE IMPOSTOS (SAÚDE);101.119,12
FUNDO MUNICIPAL DE SAÚDE DE BARBACENA;18.002;FUNDO MUNICIPAL DE SAUDE;2.010;MANUTENÇAO DA VIGILÂNCIA EPIDEMIOLÓGICA;4;VIGILANCIA EM SAUDE;10;Saúde;305;Vigilância Epidemiológica;226;3.1.90.11.52.00.00.00;LICENÇA SAÚDE;1.500.000.1002;RECURSOS NÃO VINCULADOS DE IMPOSTOS (SAÚDE);115,70
FUNDO MUNICIPAL DE SAÚDE DE BARBACENA;18.002;FUNDO MUNICIPAL DE SAUDE;2.010;MANUTENÇAO DA VIGILÂNCIA EPIDEMIOLÓGICA;4;VIGILANCIA EM SAUDE;10;Saúde;305;Vigilância Epidemiológica;226;3.1.90.11.01.00.00.00;VENCIMENTOS E SALÁRIOS;1.600.000.0000;TRANSFERÊNCIAS FUNDO A FUNDO DE RECURSOS DO SUS PROVENIENTES DO GOVERNO FEDERAL - BLOCO DE MANUTENÇÃO DAS AÇÕES E SERVIÇOS PÚBLICOS DE SAÚDE;101.377,45
FUNDO MUNICIPAL DE SAÚDE DE BARBACENA;18.002;FUNDO MUNICIPAL DE SAUDE;2.010;MANUTENÇAO DA VIGILÂNCIA EPIDEMIOLÓGICA;4;VIGILANCIA EM SAUDE;10;Saúde;305;Vigilância Epidemiológica;226;3.1.90.11.52.00.00.00;LICENÇA SAÚDE;1.600.000.0000;TRANSFERÊNCIAS FUNDO A FUNDO DE RECURSOS DO SUS PROVENIENTES DO GOVERNO FEDERAL - BLOCO DE MANUTENÇÃO DAS AÇÕES E SERVIÇOS PÚBLICOS DE SAÚDE;612,33
FUNDO MUNICIPAL DE SAÚDE DE BARBACENA;18.002;FUNDO MUNICIPAL DE SAUDE;2.010;MANUTENÇAO DA VIGILÂNCIA EPIDEMIOLÓGICA;4;VIGILANCIA EM SAUDE;10;Saúde;305;Vigilância Epidemiológica;226;3.1.90.11.01.00.00.00;VENCIMENTOS E SALÁRIOS;2.601.000.0000;TRANSFERÊNCIAS FUNDO A FUNDO DE RECURSOS DO SUS PROVENIENTES DO GOVERNO FEDERAL. BLOCO DE ESTRUTURAÇÃO DA REDE DE SERVIÇOS PÚBLICOS DE SAÚDE;39.886,62
FUNDO MUNICIPAL DE SAÚDE DE BARBACENA;18.002;FUNDO MUNICIPAL DE SAUDE;2.010;MANUTENÇAO DA VIGILÂNCIA EPIDEMIOLÓGICA;4;VIGILANCIA EM SAUDE;10;Saúde;305;Vigilância Epidemiológica;226;3.1.90.11.01.00.00.00;VENCIMENTOS E SALÁRIOS;2.621.000.0000;TRANSFERÊNCIAS FUNDO A FUNDO DE RECURSOS DO SUS PROVENIENTES DO GOVERNO ESTADUAL;84.125,88
FUNDO MUNICIPAL DE SAÚDE DE BARBACENA;18.002;FUNDO MUNICIPAL DE SAUDE;2.010;MANUTENÇAO DA VIGILÂNCIA EPIDEMIOLÓGICA;4;VIGILANCIA EM SAUDE;10;Saúde;305;Vigilância Epidemiológica;226;3.1.90.11.52.00.00.00;LICENÇA SAÚDE;2.621.000.0000;TRANSFERÊNCIAS FUNDO A FUNDO DE RECURSOS DO SUS PROVENIENTES DO GOVERNO ESTADUAL;652,22
FUNDO MUNICIPAL DE SAÚDE DE BARBACENA;18.002;FUNDO MUNICIPAL DE SAUDE;2.010;MANUTENÇAO DA VIGILÂNCIA EPIDEMIOLÓGICA;4;VIGILANCIA EM SAUDE;10;Saúde;305;Vigilância Epidemiológica;228;3.1.91.13.08.00.00.00;CONTRIB. PREV.- RPPS - PESSOAL ATIVO - PLANO PREV.;1.500.000.1002;RECURSOS NÃO VINCULADOS DE IMPOSTOS (SAÚDE);27.484,08
FUNDO MUNICIPAL DE SAÚDE DE BARBACENA;18.002;FUNDO MUNICIPAL DE SAUDE;2.010;MANUTENÇAO DA VIGILÂNCIA EPIDEMIOLÓGICA;4;VIGILANCIA EM SAUDE;10;Saúde;305;Vigilância Epidemiológica;228;3.1.91.13.08.00.00.00;CONTRIB. PREV.- RPPS - PESSOAL ATIVO - PLANO PREV.;1.600.000.0000;TRANSFERÊNCIAS FUNDO A FUNDO DE RECURSOS DO SUS PROVENIENTES DO GOVERNO FEDERAL - BLOCO DE MANUTENÇÃO DAS AÇÕES E SERVIÇOS PÚBLICOS DE SAÚDE;26.419,07
FUNDO MUNICIPAL DE SAÚDE DE BARBACENA;18.002;FUNDO MUNICIPAL DE SAUDE;2.010;MANUTENÇAO DA VIGILÂNCIA EPIDEMIOLÓGICA;4;VIGILANCIA EM SAUDE;10;Saúde;305;Vigilância Epidemiológica;228;3.1.91.13.08.00.00.00;CONTRIB. PREV.- RPPS - PESSOAL ATIVO - PLANO PREV.;2.601.000.0000;TRANSFERÊNCIAS FUNDO A FUNDO DE RECURSOS DO SUS PROVENIENTES DO GOVERNO FEDERAL. BLOCO DE ESTRUTURAÇÃO DA REDE DE SERVIÇOS PÚBLICOS DE SAÚDE;13.258,24
FUNDO MUNICIPAL DE SAÚDE DE BARBACENA;18.002;FUNDO MUNICIPAL DE SAUDE;2.010;MANUTENÇAO DA VIGILÂNCIA EPIDEMIOLÓGICA;4;VIGILANCIA EM SAUDE;10;Saúde;305;Vigilância Epidemiológica;228;3.1.91.13.08.00.00.00;CONTRIB. PREV.- RPPS - PESSOAL ATIVO - PLANO PREV.;2.621.000.0000;TRANSFERÊNCIAS FUNDO A FUNDO DE RECURSOS DO SUS PROVENIENTES DO GOVERNO ESTADUAL;19.887,36
FUNDO MUNICIPAL DE SAÚDE DE BARBACENA;18.002;FUNDO MUNICIPAL DE SAUDE;2.010;MANUTENÇAO DA VIGILÂNCIA EPIDEMIOLÓGICA;4;VIGILANCIA EM SAUDE;10;Saúde;305;Vigilância Epidemiológica;230;3.3.90.14.05.00.00.00;DIÁRIAS DE DEMAIS SERVIDORES;1.500.000.1002;RECURSOS NÃO VINCULADOS DE IMPOSTOS (SAÚDE);1.200,00
FUNDO MUNICIPAL DE SAÚDE DE BARBACENA;18.002;FUNDO MUNICIPAL DE SAUDE;2.010;MANUTENÇAO DA VIGILÂNCIA EPIDEMIOLÓGICA;4;VIGILANCIA EM SAUDE;10;Saúde;305;Vigilância Epidemiológica;232;3.3.90.30.22.00.00.00;MATERIAL DE LIMPEZA E PRODUÇÃO DE HIGIENIZAÇÃO;1.500.000.1002;RECURSOS NÃO VINCULADOS DE IMPOSTOS (SAÚDE);1.207,29
FUNDO MUNICIPAL DE SAÚDE DE BARBACENA;18.002;FUNDO MUNICIPAL DE SAUDE;2.010;MANUTENÇAO DA VIGILÂNCIA EPIDEMIOLÓGICA;4;VIGILANCIA EM SAUDE;10;Saúde;305;Vigilância Epidemiológica;232;3.3.90.30.16.00.00.00;MATERIAL DE EXPEDIENTE;1.500.000.1002;RECURSOS NÃO VINCULADOS DE IMPOSTOS (SAÚDE);4.083,03
FUNDO MUNICIPAL DE SAÚDE DE BARBACENA;18.002;FUNDO MUNICIPAL DE SAUDE;2.010;MANUTENÇAO DA VIGILÂNCIA EPIDEMIOLÓGICA;4;VIGILANCIA EM SAUDE;10;Saúde;305;Vigilância Epidemiológica;232;3.3.90.30.22.00.00.00;MATERIAL DE LIMPEZA E PRODUÇÃO DE HIGIENIZAÇÃO;2.600.000.0000;TRANSFERÊNCIAS FUNDO A FUNDO DE RECURSOS DO SUS PROVENIENTES DO GOVERNO FEDERAL - BLOCO DE MANUTENÇÃO DAS AÇÕES E SERVIÇOS PÚBLICOS DE SAÚDE;2.817,01
FUNDO MUNICIPAL DE SAÚDE DE BARBACENA;18.002;FUNDO MUNICIPAL DE SAUDE;2.010;MANUTENÇAO DA VIGILÂNCIA EPIDEMIOLÓGICA;4;VIGILANCIA EM SAUDE;10;Saúde;305;Vigilância Epidemiológica;232;3.3.90.30.16.00.00.00;MATERIAL DE EXPEDIENTE;2.600.000.0000;TRANSFERÊNCIAS FUNDO A FUNDO DE RECURSOS DO SUS PROVENIENTES DO GOVERNO FEDERAL - BLOCO DE MANUTENÇÃO DAS AÇÕES E SERVIÇOS PÚBLICOS DE SAÚDE;9.527,07
FUNDO MUNICIPAL DE SAÚDE DE BARBACENA;18.002;FUNDO MUNICIPAL DE SAUDE;2.010;MANUTENÇAO DA VIGILÂNCIA EPIDEMIOLÓGICA;4;VIGILANCIA EM SAUDE;10;Saúde;305;Vigilância Epidemiológica;232;3.3.90.30.37.00.00.00;MATERIAL PARA MANUTENÇÃO DE VEÍCULOS;2.621.000.0000;TRANSFERÊNCIAS FUNDO A FUNDO DE RECURSOS DO SUS PROVENIENTES DO GOVERNO ESTADUAL;57.700,91
FUNDO MUNICIPAL DE SAÚDE DE BARBACENA;18.002;FUNDO MUNICIPAL DE SAUDE;2.010;MANUTENÇAO DA VIGILÂNCIA EPIDEMIOLÓGICA;4;VIGILANCIA EM SAUDE;10;Saúde;305;Vigilância Epidemiológica;232;3.3.90.30.40.00.00.00;FERRAMENTAS;2.621.000.0000;TRANSFERÊNCIAS FUNDO A FUNDO DE RECURSOS DO SUS PROVENIENTES DO GOVERNO ESTADUAL;4.599,00
FUNDO MUNICIPAL DE SAÚDE DE BARBACENA;18.002;FUNDO MUNICIPAL DE SAUDE;2.010;MANUTENÇAO DA VIGILÂNCIA EPIDEMIOLÓGICA;4;VIGILANCIA EM SAUDE;10;Saúde;305;Vigilância Epidemiológica;233;3.3.90.39.99.00.00.00;OUTROS SERVIÇOS DE TERCEIROS - PESSOA JURÍDICA;1.500.000.1002;RECURSOS NÃO VINCULADOS DE IMPOSTOS (SAÚDE);216,00
FUNDO MUNICIPAL DE SAÚDE DE BARBACENA;18.002;FUNDO MUNICIPAL DE SAUDE;2.010;MANUTENÇAO DA VIGILÂNCIA EPIDEMIOLÓGICA;4;VIGILANCIA EM SAUDE;10;Saúde;305;Vigilância Epidemiológica;233;3.3.90.39.43.00.00.00;SERVIÇOS DE TELECOMUNICAÇÕES;1.500.000.1002;RECURSOS NÃO VINCULADOS DE IMPOSTOS (SAÚDE);1.695,60
FUNDO MUNICIPAL DE SAÚDE DE BARBACENA;18.002;FUNDO MUNICIPAL DE SAUDE;2.010;MANUTENÇAO DA VIGILÂNCIA EPIDEMIOLÓGICA;4;VIGILANCIA EM SAUDE;10;Saúde;305;Vigilância Epidemiológica;233;3.3.90.39.12.00.00.00;LOCAÇÃO DE MÁQUINAS E EQUIPAMENTOS;1.500.000.1002;RECURSOS NÃO VINCULADOS DE IMPOSTOS (SAÚDE);1.386,15
FUNDO MUNICIPAL DE SAÚDE DE BARBACENA;18.002;FUNDO MUNICIPAL DE SAUDE;2.010;MANUTENÇAO DA VIGILÂNCIA EPIDEMIOLÓGICA;4;VIGILANCIA EM SAUDE;10;Saúde;305;Vigilância Epidemiológica;233;3.3.90.39.99.00.00.00;OUTROS SERVIÇOS DE TERCEIROS - PESSOA JURÍDICA;1.600.000.0000;TRANSFERÊNCIAS FUNDO A FUNDO DE RECURSOS DO SUS PROVENIENTES DO GOVERNO FEDERAL - BLOCO DE MANUTENÇÃO DAS AÇÕES E SERVIÇOS PÚBLICOS DE SAÚDE;20.828,73
FUNDO MUNICIPAL DE SAÚDE DE BARBACENA;18.002;FUNDO MUNICIPAL DE SAUDE;2.010;MANUTENÇAO DA VIGILÂNCIA EPIDEMIOLÓGICA;4;VIGILANCIA EM SAUDE;10;Saúde;305;Vigilância Epidemiológica;233;3.3.90.39.12.00.00.00;LOCAÇÃO DE MÁQUINAS E EQUIPAMENTOS;2.600.000.0000;TRANSFERÊNCIAS FUNDO A FUNDO DE RECURSOS DO SUS PROVENIENTES DO GOVERNO FEDERAL - BLOCO DE MANUTENÇÃO DAS AÇÕES E SERVIÇOS PÚBLICOS DE SAÚDE;3.234,33
FUNDO MUNICIPAL DE SAÚDE DE BARBACENA;18.002;FUNDO MUNICIPAL DE SAUDE;2.010;MANUTENÇAO DA VIGILÂNCIA EPIDEMIOLÓGICA;4;VIGILANCIA EM SAUDE;10;Saúde;305;Vigilância Epidemiológica;233;3.3.90.39.43.00.00.00;SERVIÇOS DE TELECOMUNICAÇÕES;2.600.000.0000;TRANSFERÊNCIAS FUNDO A FUNDO DE RECURSOS DO SUS PROVENIENTES DO GOVERNO FEDERAL - BLOCO DE MANUTENÇÃO DAS AÇÕES E SERVIÇOS PÚBLICOS DE SAÚDE;3.956,40
FUNDO MUNICIPAL DE SAÚDE DE BARBACENA;18.002;FUNDO MUNICIPAL DE SAUDE;2.010;MANUTENÇAO DA VIGILÂNCIA EPIDEMIOLÓGICA;4;VIGILANCIA EM SAUDE;10;Saúde;305;Vigilância Epidemiológica;233;3.3.90.39.99.00.00.00;OUTROS SERVIÇOS DE TERCEIROS - PESSOA JURÍDICA;2.600.000.0000;TRANSFERÊNCIAS FUNDO A FUNDO DE RECURSOS DO SUS PROVENIENTES DO GOVERNO FEDERAL - BLOCO DE MANUTENÇÃO DAS AÇÕES E SERVIÇOS PÚBLICOS DE SAÚDE;504,00
FUNDO MUNICIPAL DE SAÚDE DE BARBACENA;18.002;FUNDO MUNICIPAL DE SAUDE;2.010;MANUTENÇAO DA VIGILÂNCIA EPIDEMIOLÓGICA;4;VIGILANCIA EM SAUDE;10;Saúde;305;Vigilância Epidemiológica;233;3.3.90.39.16.00.00.00;MANUTENÇÃO E CONSERVAÇÃO DE VEÍCULOS;2.621.000.0000;TRANSFERÊNCIAS FUNDO A FUNDO DE RECURSOS DO SUS PROVENIENTES DO GOVERNO ESTADUAL;17.479,10
FUNDO MUNICIPAL DE SAÚDE DE BARBACENA;18.002;FUNDO MUNICIPAL DE SAUDE;2.010;MANUTENÇAO DA VIGILÂNCIA EPIDEMIOLÓGICA;4;VIGILANCIA EM SAUDE;10;Saúde;305;Vigilância Epidemiológica;233;3.3.90.39.99.00.00.00;OUTROS SERVIÇOS DE TERCEIROS - PESSOA JURÍDICA;2.621.000.0000;TRANSFERÊNCIAS FUNDO A FUNDO DE RECURSOS DO SUS PROVENIENTES DO GOVERNO ESTADUAL;27.830,97
FUNDO MUNICIPAL DE SAÚDE DE BARBACENA;18.002;FUNDO MUNICIPAL DE SAUDE;2.010;MANUTENÇAO DA VIGILÂNCIA EPIDEMIOLÓGICA;4;VIGILANCIA EM SAUDE;10;Saúde;305;Vigilância Epidemiológica;233;3.3.90.39.48.00.00.00;SERVIÇOS GRÁFICOS;2.621.000.0000;TRANSFERÊNCIAS FUNDO A FUNDO DE RECURSOS DO SUS PROVENIENTES DO GOVERNO ESTADUAL;5.957,10
FUNDO MUNICIPAL DE SAÚDE DE BARBACENA;18.002;FUNDO MUNICIPAL DE SAUDE;2.010;MANUTENÇAO DA VIGILÂNCIA EPIDEMIOLÓGICA;4;VIGILANCIA EM SAUDE;10;Saúde;305;Vigilância Epidemiológica;233;3.3.90.39.53.00.00.00;SEGUROS EM GERAL;2.621.000.0000;TRANSFERÊNCIAS FUNDO A FUNDO DE RECURSOS DO SUS PROVENIENTES DO GOVERNO ESTADUAL;6.070,00
FUNDO MUNICIPAL DE SAÚDE DE BARBACENA;18.002;FUNDO MUNICIPAL DE SAUDE;2.010;MANUTENÇAO DA VIGILÂNCIA EPIDEMIOLÓGICA;4;VIGILANCIA EM SAUDE;10;Saúde;305;Vigilância Epidemiológica;235;3.3.90.46.00.00.00.00;AUXÍLIO-ALIMENTAÇÃO;1.500.000.1002;RECURSOS NÃO VINCULADOS DE IMPOSTOS (SAÚDE);26.370,00
FUNDO MUNICIPAL DE SAÚDE DE BARBACENA;18.002;FUNDO MUNICIPAL DE SAUDE;2.010;MANUTENÇAO DA VIGILÂNCIA EPIDEMIOLÓGICA;4;VIGILANCIA EM SAUDE;10;Saúde;305;Vigilância Epidemiológica;235;3.3.90.46.00.00.00.00;AUXÍLIO-ALIMENTAÇÃO;1.600.000.0000;TRANSFERÊNCIAS FUNDO A FUNDO DE RECURSOS DO SUS PROVENIENTES DO GOVERNO FEDERAL - BLOCO DE MANUTENÇÃO DAS AÇÕES E SERVIÇOS PÚBLICOS DE SAÚDE;24.760,00
FUNDO MUNICIPAL DE SAÚDE DE BARBACENA;18.002;FUNDO MUNICIPAL DE SAUDE;2.010;MANUTENÇAO DA VIGILÂNCIA EPIDEMIOLÓGICA;4;VIGILANCIA EM SAUDE;10;Saúde;305;Vigilância Epidemiológica;235;3.3.90.46.00.00.00.00;AUXÍLIO-ALIMENTAÇÃO;2.601.000.0000;TRANSFERÊNCIAS FUNDO A FUNDO DE RECURSOS DO SUS PROVENIENTES DO GOVERNO FEDERAL. BLOCO DE ESTRUTURAÇÃO DA REDE DE SERVIÇOS PÚBLICOS DE SAÚDE;4.200,00
FUNDO MUNICIPAL DE SAÚDE DE BARBACENA;18.002;FUNDO MUNICIPAL DE SAUDE;2.010;MANUTENÇAO DA VIGILÂNCIA EPIDEMIOLÓGICA;4;VIGILANCIA EM SAUDE;10;Saúde;305;Vigilância Epidemiológica;235;3.3.90.46.00.00.00.00;AUXÍLIO-ALIMENTAÇÃO;2.621.000.0000;TRANSFERÊNCIAS FUNDO A FUNDO DE RECURSOS DO SUS PROVENIENTES DO GOVERNO ESTADUAL;22.200,00
FUNDO MUNICIPAL DE SAÚDE DE BARBACENA;18.002;FUNDO MUNICIPAL DE SAUDE;2.010;MANUTENÇAO DA VIGILÂNCIA EPIDEMIOLÓGICA;4;VIGILANCIA EM SAUDE;10;Saúde;305;Vigilância Epidemiológica;237;4.4.90.52.99.00.00.00;OUTROS MATERIAIS PERMANENTES;2.621.000.0000;TRANSFERÊNCIAS FUNDO A FUNDO DE RECURSOS DO SUS PROVENIENTES DO GOVERNO ESTADUAL;1.031,00
FUNDO MUNICIPAL DE SAÚDE DE BARBACENA;18.002;FUNDO MUNICIPAL DE SAUDE;2.014;MANUTENÇÃO DO CENTRO DE TESTAGEM E ACONSELHAMENTO - IST/AIDS;4;VIGILANCIA EM SAUDE;10;Saúde;305;Vigilância Epidemiológica;238;3.1.90.04.15.00.00.00;OBRIGAÇÕES PATRONAIS - CONTRATO TEMPORÁRIO;1.500.000.1002;RECURSOS NÃO VINCULADOS DE IMPOSTOS (SAÚDE);5.238,10
FUNDO MUNICIPAL DE SAÚDE DE BARBACENA;18.002;FUNDO MUNICIPAL DE SAUDE;2.014;MANUTENÇÃO DO CENTRO DE TESTAGEM E ACONSELHAMENTO - IST/AIDS;4;VIGILANCIA EM SAUDE;10;Saúde;305;Vigilância Epidemiológica;238;3.1.90.04.01.00.00.00;SALÁRIO CONTRATO TEMPORÁRIO;1.500.000.1002;RECURSOS NÃO VINCULADOS DE IMPOSTOS (SAÚDE);55.402,11
FUNDO MUNICIPAL DE SAÚDE DE BARBACENA;18.002;FUNDO MUNICIPAL DE SAUDE;2.014;MANUTENÇÃO DO CENTRO DE TESTAGEM E ACONSELHAMENTO - IST/AIDS;4;VIGILANCIA EM SAUDE;10;Saúde;305;Vigilância Epidemiológica;238;3.1.90.04.01.00.00.00;SALÁRIO CONTRATO TEMPORÁRIO;1.600.000.0000;TRANSFERÊNCIAS FUNDO A FUNDO DE RECURSOS DO SUS PROVENIENTES DO GOVERNO FEDERAL - BLOCO DE MANUTENÇÃO DAS AÇÕES E SERVIÇOS PÚBLICOS DE SAÚDE;69.647,88
FUNDO MUNICIPAL DE SAÚDE DE BARBACENA;18.002;FUNDO MUNICIPAL DE SAUDE;2.014;MANUTENÇÃO DO CENTRO DE TESTAGEM E ACONSELHAMENTO - IST/AIDS;4;VIGILANCIA EM SAUDE;10;Saúde;305;Vigilância Epidemiológica;238;3.1.90.04.15.00.00.00;OBRIGAÇÕES PATRONAIS - CONTRATO TEMPORÁRIO;1.600.000.0000;TRANSFERÊNCIAS FUNDO A FUNDO DE RECURSOS DO SUS PROVENIENTES DO GOVERNO FEDERAL - BLOCO DE MANUTENÇÃO DAS AÇÕES E SERVIÇOS PÚBLICOS DE SAÚDE;7.452,57
FUNDO MUNICIPAL DE SAÚDE DE BARBACENA;18.002;FUNDO MUNICIPAL DE SAUDE;2.014;MANUTENÇÃO DO CENTRO DE TESTAGEM E ACONSELHAMENTO - IST/AIDS;4;VIGILANCIA EM SAUDE;10;Saúde;305;Vigilância Epidemiológica;238;3.1.90.04.01.00.00.00;SALÁRIO CONTRATO TEMPORÁRIO;2.601.000.0000;TRANSFERÊNCIAS FUNDO A FUNDO DE RECURSOS DO SUS PROVENIENTES DO GOVERNO FEDERAL. BLOCO DE ESTRUTURAÇÃO DA REDE DE SERVIÇOS PÚBLICOS DE SAÚDE;21.085,51
FUNDO MUNICIPAL DE SAÚDE DE BARBACENA;18.002;FUNDO MUNICIPAL DE SAUDE;2.014;MANUTENÇÃO DO CENTRO DE TESTAGEM E ACONSELHAMENTO - IST/AIDS;4;VIGILANCIA EM SAUDE;10;Saúde;305;Vigilância Epidemiológica;238;3.1.90.04.15.00.00.00;OBRIGAÇÕES PATRONAIS - CONTRATO TEMPORÁRIO;2.601.000.0000;TRANSFERÊNCIAS FUNDO A FUNDO DE RECURSOS DO SUS PROVENIENTES DO GOVERNO FEDERAL. BLOCO DE ESTRUTURAÇÃO DA REDE DE SERVIÇOS PÚBLICOS DE SAÚDE;2.676,61
FUNDO MUNICIPAL DE SAÚDE DE BARBACENA;18.002;FUNDO MUNICIPAL DE SAUDE;2.014;MANUTENÇÃO DO CENTRO DE TESTAGEM E ACONSELHAMENTO - IST/AIDS;4;VIGILANCIA EM SAUDE;10;Saúde;305;Vigilância Epidemiológica;238;3.1.90.04.15.00.00.00;OBRIGAÇÕES PATRONAIS - CONTRATO TEMPORÁRIO;2.621.000.0000;TRANSFERÊNCIAS FUNDO A FUNDO DE RECURSOS DO SUS PROVENIENTES DO GOVERNO ESTADUAL;5.549,22
FUNDO MUNICIPAL DE SAÚDE DE BARBACENA;18.002;FUNDO MUNICIPAL DE SAUDE;2.014;MANUTENÇÃO DO CENTRO DE TESTAGEM E ACONSELHAMENTO - IST/AIDS;4;VIGILANCIA EM SAUDE;10;Saúde;305;Vigilância Epidemiológica;238;3.1.90.04.01.00.00.00;SALÁRIO CONTRATO TEMPORÁRIO;2.621.000.0000;TRANSFERÊNCIAS FUNDO A FUNDO DE RECURSOS DO SUS PROVENIENTES DO GOVERNO ESTADUAL;70.550,87
FUNDO MUNICIPAL DE SAÚDE DE BARBACENA;18.002;FUNDO MUNICIPAL DE SAUDE;2.014;MANUTENÇÃO DO CENTRO DE TESTAGEM E ACONSELHAMENTO - IST/AIDS;4;VIGILANCIA EM SAUDE;10;Saúde;305;Vigilância Epidemiológica;239;3.1.90.11.01.00.00.00;VENCIMENTOS E SALÁRIOS;1.500.000.1002;RECURSOS NÃO VINCULADOS DE IMPOSTOS (SAÚDE);154.429,86
FUNDO MUNICIPAL DE SAÚDE DE BARBACENA;18.002;FUNDO MUNICIPAL DE SAUDE;2.014;MANUTENÇÃO DO CENTRO DE TESTAGEM E ACONSELHAMENTO - IST/AIDS;4;VIGILANCIA EM SAUDE;10;Saúde;305;Vigilância Epidemiológica;239;3.1.90.11.52.00.00.00;LICENÇA SAÚDE;1.500.000.1002;RECURSOS NÃO VINCULADOS DE IMPOSTOS (SAÚDE);541,41
FUNDO MUNICIPAL DE SAÚDE DE BARBACENA;18.002;FUNDO MUNICIPAL DE SAUDE;2.014;MANUTENÇÃO DO CENTRO DE TESTAGEM E ACONSELHAMENTO - IST/AIDS;4;VIGILANCIA EM SAUDE;10;Saúde;305;Vigilância Epidemiológica;239;3.1.90.11.52.00.00.00;LICENÇA SAÚDE;1.600.000.0000;TRANSFERÊNCIAS FUNDO A FUNDO DE RECURSOS DO SUS PROVENIENTES DO GOVERNO FEDERAL - BLOCO DE MANUTENÇÃO DAS AÇÕES E SERVIÇOS PÚBLICOS DE SAÚDE;2.571,70
FUNDO MUNICIPAL DE SAÚDE DE BARBACENA;18.002;FUNDO MUNICIPAL DE SAUDE;2.014;MANUTENÇÃO DO CENTRO DE TESTAGEM E ACONSELHAMENTO - IST/AIDS;4;VIGILANCIA EM SAUDE;10;Saúde;305;Vigilância Epidemiológica;239;3.1.90.11.01.00.00.00;VENCIMENTOS E SALÁRIOS;1.600.000.0000;TRANSFERÊNCIAS FUNDO A FUNDO DE RECURSOS DO SUS PROVENIENTES DO GOVERNO FEDERAL - BLOCO DE MANUTENÇÃO DAS AÇÕES E SERVIÇOS PÚBLICOS DE SAÚDE;160.805,28
FUNDO MUNICIPAL DE SAÚDE DE BARBACENA;18.002;FUNDO MUNICIPAL DE SAUDE;2.014;MANUTENÇÃO DO CENTRO DE TESTAGEM E ACONSELHAMENTO - IST/AIDS;4;VIGILANCIA EM SAUDE;10;Saúde;305;Vigilância Epidemiológica;239;3.1.90.11.01.00.00.00;VENCIMENTOS E SALÁRIOS;2.601.000.0000;TRANSFERÊNCIAS FUNDO A FUNDO DE RECURSOS DO SUS PROVENIENTES DO GOVERNO FEDERAL. BLOCO DE ESTRUTURAÇÃO DA REDE DE SERVIÇOS PÚBLICOS DE SAÚDE;79.749,29
FUNDO MUNICIPAL DE SAÚDE DE BARBACENA;18.002;FUNDO MUNICIPAL DE SAUDE;2.014;MANUTENÇÃO DO CENTRO DE TESTAGEM E ACONSELHAMENTO - IST/AIDS;4;VIGILANCIA EM SAUDE;10;Saúde;305;Vigilância Epidemiológica;239;3.1.90.11.52.00.00.00;LICENÇA SAÚDE;2.621.000.0000;TRANSFERÊNCIAS FUNDO A FUNDO DE RECURSOS DO SUS PROVENIENTES DO GOVERNO ESTADUAL;406,05
FUNDO MUNICIPAL DE SAÚDE DE BARBACENA;18.002;FUNDO MUNICIPAL DE SAUDE;2.014;MANUTENÇÃO DO CENTRO DE TESTAGEM E ACONSELHAMENTO - IST/AIDS;4;VIGILANCIA EM SAUDE;10;Saúde;305;Vigilância Epidemiológica;239;3.1.90.11.01.00.00.00;VENCIMENTOS E SALÁRIOS;2.621.000.0000;TRANSFERÊNCIAS FUNDO A FUNDO DE RECURSOS DO SUS PROVENIENTES DO GOVERNO ESTADUAL;154.178,97
FUNDO MUNICIPAL DE SAÚDE DE BARBACENA;18.002;FUNDO MUNICIPAL DE SAUDE;2.014;MANUTENÇÃO DO CENTRO DE TESTAGEM E ACONSELHAMENTO - IST/AIDS;4;VIGILANCIA EM SAUDE;10;Saúde;305;Vigilância Epidemiológica;240;3.1.91.13.08.00.00.00;CONTRIB. PREV.- RPPS - PESSOAL ATIVO - PLANO PREV.;1.500.000.1002;RECURSOS NÃO VINCULADOS DE IMPOSTOS (SAÚDE);42.828,39
FUNDO MUNICIPAL DE SAÚDE DE BARBACENA;18.002;FUNDO MUNICIPAL DE SAUDE;2.014;MANUTENÇÃO DO CENTRO DE TESTAGEM E ACONSELHAMENTO - IST/AIDS;4;VIGILANCIA EM SAUDE;10;Saúde;305;Vigilância Epidemiológica;240;3.1.91.13.08.00.00.00;CONTRIB. PREV.- RPPS - PESSOAL ATIVO - PLANO PREV.;1.600.000.0000;TRANSFERÊNCIAS FUNDO A FUNDO DE RECURSOS DO SUS PROVENIENTES DO GOVERNO FEDERAL - BLOCO DE MANUTENÇÃO DAS AÇÕES E SERVIÇOS PÚBLICOS DE SAÚDE;43.940,01
FUNDO MUNICIPAL DE SAÚDE DE BARBACENA;18.002;FUNDO MUNICIPAL DE SAUDE;2.014;MANUTENÇÃO DO CENTRO DE TESTAGEM E ACONSELHAMENTO - IST/AIDS;4;VIGILANCIA EM SAUDE;10;Saúde;305;Vigilância Epidemiológica;240;3.1.91.13.08.00.00.00;CONTRIB. PREV.- RPPS - PESSOAL ATIVO - PLANO PREV.;2.601.000.0000;TRANSFERÊNCIAS FUNDO A FUNDO DE RECURSOS DO SUS PROVENIENTES DO GOVERNO FEDERAL. BLOCO DE ESTRUTURAÇÃO DA REDE DE SERVIÇOS PÚBLICOS DE SAÚDE;11.394,38
FUNDO MUNICIPAL DE SAÚDE DE BARBACENA;18.002;FUNDO MUNICIPAL DE SAUDE;2.014;MANUTENÇÃO DO CENTRO DE TESTAGEM E ACONSELHAMENTO - IST/AIDS;4;VIGILANCIA EM SAUDE;10;Saúde;305;Vigilância Epidemiológica;240;3.1.91.13.08.00.00.00;CONTRIB. PREV.- RPPS - PESSOAL ATIVO - PLANO PREV.;2.621.000.0000;TRANSFERÊNCIAS FUNDO A FUNDO DE RECURSOS DO SUS PROVENIENTES DO GOVERNO ESTADUAL;35.729,64
FUNDO MUNICIPAL DE SAÚDE DE BARBACENA;18.002;FUNDO MUNICIPAL DE SAUDE;2.014;MANUTENÇÃO DO CENTRO DE TESTAGEM E ACONSELHAMENTO - IST/AIDS;4;VIGILANCIA EM SAUDE;10;Saúde;305;Vigilância Epidemiológica;243;3.3.90.30.37.00.00.00;MATERIAL PARA MANUTENÇÃO DE VEÍCULOS;1.600.000.0000;TRANSFERÊNCIAS FUNDO A FUNDO DE RECURSOS DO SUS PROVENIENTES DO GOVERNO FEDERAL - BLOCO DE MANUTENÇÃO DAS AÇÕES E SERVIÇOS PÚBLICOS DE SAÚDE;4.782,56
FUNDO MUNICIPAL DE SAÚDE DE BARBACENA;18.002;FUNDO MUNICIPAL DE SAUDE;2.014;MANUTENÇÃO DO CENTRO DE TESTAGEM E ACONSELHAMENTO - IST/AIDS;4;VIGILANCIA EM SAUDE;10;Saúde;305;Vigilância Epidemiológica;243;3.3.90.30.37.00.00.00;MATERIAL PARA MANUTENÇÃO DE VEÍCULOS;2.621.000.0000;TRANSFERÊNCIAS FUNDO A FUNDO DE RECURSOS DO SUS PROVENIENTES DO GOVERNO ESTADUAL;4.507,52
FUNDO MUNICIPAL DE SAÚDE DE BARBACENA;18.002;FUNDO MUNICIPAL DE SAUDE;2.014;MANUTENÇÃO DO CENTRO DE TESTAGEM E ACONSELHAMENTO - IST/AIDS;4;VIGILANCIA EM SAUDE;10;Saúde;305;Vigilância Epidemiológica;244;3.3.90.39.29.00.00.00;SERVIÇOS DE ENERGIA ELÉTRICA;1.500.000.1002;RECURSOS NÃO VINCULADOS DE IMPOSTOS (SAÚDE);3.500,00
FUNDO MUNICIPAL DE SAÚDE DE BARBACENA;18.002;FUNDO MUNICIPAL DE SAUDE;2.014;MANUTENÇÃO DO CENTRO DE TESTAGEM E ACONSELHAMENTO - IST/AIDS;4;VIGILANCIA EM SAUDE;10;Saúde;305;Vigilância Epidemiológica;244;3.3.90.39.12.00.00.00;LOCAÇÃO DE MÁQUINAS E EQUIPAMENTOS;1.600.000.0000;TRANSFERÊNCIAS FUNDO A FUNDO DE RECURSOS DO SUS PROVENIENTES DO GOVERNO FEDERAL - BLOCO DE MANUTENÇÃO DAS AÇÕES E SERVIÇOS PÚBLICOS DE SAÚDE;4.620,50
FUNDO MUNICIPAL DE SAÚDE DE BARBACENA;18.002;FUNDO MUNICIPAL DE SAUDE;2.014;MANUTENÇÃO DO CENTRO DE TESTAGEM E ACONSELHAMENTO - IST/AIDS;4;VIGILANCIA EM SAUDE;10;Saúde;305;Vigilância Epidemiológica;244;3.3.90.39.99.00.00.00;OUTROS SERVIÇOS DE TERCEIROS - PESSOA JURÍDICA;1.600.000.0000;TRANSFERÊNCIAS FUNDO A FUNDO DE RECURSOS DO SUS PROVENIENTES DO GOVERNO FEDERAL - BLOCO DE MANUTENÇÃO DAS AÇÕES E SERVIÇOS PÚBLICOS DE SAÚDE;5.000,00
FUNDO MUNICIPAL DE SAÚDE DE BARBACENA;18.002;FUNDO MUNICIPAL DE SAUDE;2.014;MANUTENÇÃO DO CENTRO DE TESTAGEM E ACONSELHAMENTO - IST/AIDS;4;VIGILANCIA EM SAUDE;10;Saúde;305;Vigilância Epidemiológica;244;3.3.90.39.16.00.00.00;MANUTENÇÃO E CONSERVAÇÃO DE VEÍCULOS;2.621.000.0000;TRANSFERÊNCIAS FUNDO A FUNDO DE RECURSOS DO SUS PROVENIENTES DO GOVERNO ESTADUAL;2.227,20
FUNDO MUNICIPAL DE SAÚDE DE BARBACENA;18.002;FUNDO MUNICIPAL DE SAUDE;2.014;MANUTENÇÃO DO CENTRO DE TESTAGEM E ACONSELHAMENTO - IST/AIDS;4;VIGILANCIA EM SAUDE;10;Saúde;305;Vigilância Epidemiológica;244;3.3.90.39.99.00.00.00;OUTROS SERVIÇOS DE TERCEIROS - PESSOA JURÍDICA;2.621.000.0000;TRANSFERÊNCIAS FUNDO A FUNDO DE RECURSOS DO SUS PROVENIENTES DO GOVERNO ESTADUAL;9.530,58
FUNDO MUNICIPAL DE SAÚDE DE BARBACENA;18.002;FUNDO MUNICIPAL DE SAUDE;2.014;MANUTENÇÃO DO CENTRO DE TESTAGEM E ACONSELHAMENTO - IST/AIDS;4;VIGILANCIA EM SAUDE;10;Saúde;305;Vigilância Epidemiológica;244;3.3.90.39.43.00.00.00;SERVIÇOS DE TELECOMUNICAÇÕES;2.621.000.0000;TRANSFERÊNCIAS FUNDO A FUNDO DE RECURSOS DO SUS PROVENIENTES DO GOVERNO ESTADUAL;2.634,00
FUNDO MUNICIPAL DE SAÚDE DE BARBACENA;18.002;FUNDO MUNICIPAL DE SAUDE;2.014;MANUTENÇÃO DO CENTRO DE TESTAGEM E ACONSELHAMENTO - IST/AIDS;4;VIGILANCIA EM SAUDE;10;Saúde;305;Vigilância Epidemiológica;244;3.3.90.39.48.00.00.00;SERVIÇOS GRÁFICOS;2.621.000.0000;TRANSFERÊNCIAS FUNDO A FUNDO DE RECURSOS DO SUS PROVENIENTES DO GOVERNO ESTADUAL;233,80
FUNDO MUNICIPAL DE SAÚDE DE BARBACENA;18.002;FUNDO MUNICIPAL DE SAUDE;2.014;MANUTENÇÃO DO CENTRO DE TESTAGEM E ACONSELHAMENTO - IST/AIDS;4;VIGILANCIA EM SAUDE;10;Saúde;305;Vigilância Epidemiológica;244;3.3.90.39.53.00.00.00;SEGUROS EM GERAL;2.621.000.0000;TRANSFERÊNCIAS FUNDO A FUNDO DE RECURSOS DO SUS PROVENIENTES DO GOVERNO ESTADUAL;1.100,00
FUNDO MUNICIPAL DE SAÚDE DE BARBACENA;18.002;FUNDO MUNICIPAL DE SAUDE;2.014;MANUTENÇÃO DO CENTRO DE TESTAGEM E ACONSELHAMENTO - IST/AIDS;4;VIGILANCIA EM SAUDE;10;Saúde;305;Vigilância Epidemiológica;245;3.3.90.46.00.00.00.00;AUXÍLIO-ALIMENTAÇÃO;1.500.000.1002;RECURSOS NÃO VINCULADOS DE IMPOSTOS (SAÚDE);20.730,00
FUNDO MUNICIPAL DE SAÚDE DE BARBACENA;18.002;FUNDO MUNICIPAL DE SAUDE;2.014;MANUTENÇÃO DO CENTRO DE TESTAGEM E ACONSELHAMENTO - IST/AIDS;4;VIGILANCIA EM SAUDE;10;Saúde;305;Vigilância Epidemiológica;245;3.3.90.46.00.00.00.00;AUXÍLIO-ALIMENTAÇÃO;1.600.000.0000;TRANSFERÊNCIAS FUNDO A FUNDO DE RECURSOS DO SUS PROVENIENTES DO GOVERNO FEDERAL - BLOCO DE MANUTENÇÃO DAS AÇÕES E SERVIÇOS PÚBLICOS DE SAÚDE;22.300,00
FUNDO MUNICIPAL DE SAÚDE DE BARBACENA;18.002;FUNDO MUNICIPAL DE SAUDE;2.014;MANUTENÇÃO DO CENTRO DE TESTAGEM E ACONSELHAMENTO - IST/AIDS;4;VIGILANCIA EM SAUDE;10;Saúde;305;Vigilância Epidemiológica;245;3.3.90.46.00.00.00.00;AUXÍLIO-ALIMENTAÇÃO;2.601.000.0000;TRANSFERÊNCIAS FUNDO A FUNDO DE RECURSOS DO SUS PROVENIENTES DO GOVERNO FEDERAL. BLOCO DE ESTRUTURAÇÃO DA REDE DE SERVIÇOS PÚBLICOS DE SAÚDE;4.800,00
FUNDO MUNICIPAL DE SAÚDE DE BARBACENA;18.002;FUNDO MUNICIPAL DE SAUDE;2.014;MANUTENÇÃO DO CENTRO DE TESTAGEM E ACONSELHAMENTO - IST/AIDS;4;VIGILANCIA EM SAUDE;10;Saúde;305;Vigilância Epidemiológica;245;3.3.90.46.00.00.00.00;AUXÍLIO-ALIMENTAÇÃO;2.621.000.0000;TRANSFERÊNCIAS FUNDO A FUNDO DE RECURSOS DO SUS PROVENIENTES DO GOVERNO ESTADUAL;17.600,00
FUNDO MUNICIPAL DE SAÚDE DE BARBACENA;18.002;FUNDO MUNICIPAL DE SAUDE;2.014;MANUTENÇÃO DO CENTRO DE TESTAGEM E ACONSELHAMENTO - IST/AIDS;4;VIGILANCIA EM SAUDE;10;Saúde;305;Vigilância Epidemiológica;269;3.3.90.36.14.00.00.00;LOCAÇÃO DE IMÓVEIS;2.621.000.0000;TRANSFERÊNCIAS FUNDO A FUNDO DE RECURSOS DO SUS PROVENIENTES DO GOVERNO ESTADUAL;47.740,00
FUNDO MUNICIPAL DE SAÚDE DE BARBACENA;18.002;FUNDO MUNICIPAL DE SAUDE;2.028;MANUTENÇÃO DA VIGILÂNCIA AMBIENTAL E AÇÕES DE CONTROLE DE ZOONOSES;4;VIGILANCIA EM SAUDE;10;Saúde;305;Vigilância Epidemiológica;247;3.1.90.04.01.00.00.00;SALÁRIO CONTRATO TEMPORÁRIO;1.500.000.1002;RECURSOS NÃO VINCULADOS DE IMPOSTOS (SAÚDE);309.604,48
FUNDO MUNICIPAL DE SAÚDE DE BARBACENA;18.002;FUNDO MUNICIPAL DE SAUDE;2.028;MANUTENÇÃO DA VIGILÂNCIA AMBIENTAL E AÇÕES DE CONTROLE DE ZOONOSES;4;VIGILANCIA EM SAUDE;10;Saúde;305;Vigilância Epidemiológica;247;3.1.90.04.15.00.00.00;OBRIGAÇÕES PATRONAIS - CONTRATO TEMPORÁRIO;1.500.000.1002;RECURSOS NÃO VINCULADOS DE IMPOSTOS (SAÚDE);29.247,27
FUNDO MUNICIPAL DE SAÚDE DE BARBACENA;18.002;FUNDO MUNICIPAL DE SAUDE;2.028;MANUTENÇÃO DA VIGILÂNCIA AMBIENTAL E AÇÕES DE CONTROLE DE ZOONOSES;4;VIGILANCIA EM SAUDE;10;Saúde;305;Vigilância Epidemiológica;247;3.1.90.04.01.00.00.00;SALÁRIO CONTRATO TEMPORÁRIO;1.600.000.0000;TRANSFERÊNCIAS FUNDO A FUNDO DE RECURSOS DO SUS PROVENIENTES DO GOVERNO FEDERAL - BLOCO DE MANUTENÇÃO DAS AÇÕES E SERVIÇOS PÚBLICOS DE SAÚDE;306.394,55
FUNDO MUNICIPAL DE SAÚDE DE BARBACENA;18.002;FUNDO MUNICIPAL DE SAUDE;2.028;MANUTENÇÃO DA VIGILÂNCIA AMBIENTAL E AÇÕES DE CONTROLE DE ZOONOSES;4;VIGILANCIA EM SAUDE;10;Saúde;305;Vigilância Epidemiológica;247;3.1.90.04.15.00.00.00;OBRIGAÇÕES PATRONAIS - CONTRATO TEMPORÁRIO;1.600.000.0000;TRANSFERÊNCIAS FUNDO A FUNDO DE RECURSOS DO SUS PROVENIENTES DO GOVERNO FEDERAL - BLOCO DE MANUTENÇÃO DAS AÇÕES E SERVIÇOS PÚBLICOS DE SAÚDE;29.236,90
FUNDO MUNICIPAL DE SAÚDE DE BARBACENA;18.002;FUNDO MUNICIPAL DE SAUDE;2.028;MANUTENÇÃO DA VIGILÂNCIA AMBIENTAL E AÇÕES DE CONTROLE DE ZOONOSES;4;VIGILANCIA EM SAUDE;10;Saúde;305;Vigilância Epidemiológica;247;3.1.90.04.15.00.00.00;OBRIGAÇÕES PATRONAIS - CONTRATO TEMPORÁRIO;2.601.000.0000;TRANSFERÊNCIAS FUNDO A FUNDO DE RECURSOS DO SUS PROVENIENTES DO GOVERNO FEDERAL. BLOCO DE ESTRUTURAÇÃO DA REDE DE SERVIÇOS PÚBLICOS DE SAÚDE;14.623,52
FUNDO MUNICIPAL DE SAÚDE DE BARBACENA;18.002;FUNDO MUNICIPAL DE SAUDE;2.028;MANUTENÇÃO DA VIGILÂNCIA AMBIENTAL E AÇÕES DE CONTROLE DE ZOONOSES;4;VIGILANCIA EM SAUDE;10;Saúde;305;Vigilância Epidemiológica;247;3.1.90.04.01.00.00.00;SALÁRIO CONTRATO TEMPORÁRIO;2.601.000.0000;TRANSFERÊNCIAS FUNDO A FUNDO DE RECURSOS DO SUS PROVENIENTES DO GOVERNO FEDERAL. BLOCO DE ESTRUTURAÇÃO DA REDE DE SERVIÇOS PÚBLICOS DE SAÚDE;114.807,36
FUNDO MUNICIPAL DE SAÚDE DE BARBACENA;18.002;FUNDO MUNICIPAL DE SAUDE;2.028;MANUTENÇÃO DA VIGILÂNCIA AMBIENTAL E AÇÕES DE CONTROLE DE ZOONOSES;4;VIGILANCIA EM SAUDE;10;Saúde;305;Vigilância Epidemiológica;247;3.1.90.04.15.00.00.00;OBRIGAÇÕES PATRONAIS - CONTRATO TEMPORÁRIO;2.621.000.0000;TRANSFERÊNCIAS FUNDO A FUNDO DE RECURSOS DO SUS PROVENIENTES DO GOVERNO ESTADUAL;21.935,28
FUNDO MUNICIPAL DE SAÚDE DE BARBACENA;18.002;FUNDO MUNICIPAL DE SAUDE;2.028;MANUTENÇÃO DA VIGILÂNCIA AMBIENTAL E AÇÕES DE CONTROLE DE ZOONOSES;4;VIGILANCIA EM SAUDE;10;Saúde;305;Vigilância Epidemiológica;247;3.1.90.04.01.00.00.00;SALÁRIO CONTRATO TEMPORÁRIO;2.621.000.0000;TRANSFERÊNCIAS FUNDO A FUNDO DE RECURSOS DO SUS PROVENIENTES DO GOVERNO ESTADUAL;272.198,25
FUNDO MUNICIPAL DE SAÚDE DE BARBACENA;18.002;FUNDO MUNICIPAL DE SAUDE;2.028;MANUTENÇÃO DA VIGILÂNCIA AMBIENTAL E AÇÕES DE CONTROLE DE ZOONOSES;4;VIGILANCIA EM SAUDE;10;Saúde;305;Vigilância Epidemiológica;248;3.1.90.11.01.00.00.00;VENCIMENTOS E SALÁRIOS;1.500.000.1002;RECURSOS NÃO VINCULADOS DE IMPOSTOS (SAÚDE);55.443,72
FUNDO MUNICIPAL DE SAÚDE DE BARBACENA;18.002;FUNDO MUNICIPAL DE SAUDE;2.028;MANUTENÇÃO DA VIGILÂNCIA AMBIENTAL E AÇÕES DE CONTROLE DE ZOONOSES;4;VIGILANCIA EM SAUDE;10;Saúde;305;Vigilância Epidemiológica;248;3.1.90.11.52.00.00.00;LICENÇA SAÚDE;1.500.000.1002;RECURSOS NÃO VINCULADOS DE IMPOSTOS (SAÚDE);7.060,01
FUNDO MUNICIPAL DE SAÚDE DE BARBACENA;18.002;FUNDO MUNICIPAL DE SAUDE;2.028;MANUTENÇÃO DA VIGILÂNCIA AMBIENTAL E AÇÕES DE CONTROLE DE ZOONOSES;4;VIGILANCIA EM SAUDE;10;Saúde;305;Vigilância Epidemiológica;248;3.1.90.11.52.00.00.00;LICENÇA SAÚDE;1.600.000.0000;TRANSFERÊNCIAS FUNDO A FUNDO DE RECURSOS DO SUS PROVENIENTES DO GOVERNO FEDERAL - BLOCO DE MANUTENÇÃO DAS AÇÕES E SERVIÇOS PÚBLICOS DE SAÚDE;13.075,12
FUNDO MUNICIPAL DE SAÚDE DE BARBACENA;18.002;FUNDO MUNICIPAL DE SAUDE;2.028;MANUTENÇÃO DA VIGILÂNCIA AMBIENTAL E AÇÕES DE CONTROLE DE ZOONOSES;4;VIGILANCIA EM SAUDE;10;Saúde;305;Vigilância Epidemiológica;248;3.1.90.11.01.00.00.00;VENCIMENTOS E SALÁRIOS;1.600.000.0000;TRANSFERÊNCIAS FUNDO A FUNDO DE RECURSOS DO SUS PROVENIENTES DO GOVERNO FEDERAL - BLOCO DE MANUTENÇÃO DAS AÇÕES E SERVIÇOS PÚBLICOS DE SAÚDE;56.342,54
FUNDO MUNICIPAL DE SAÚDE DE BARBACENA;18.002;FUNDO MUNICIPAL DE SAUDE;2.028;MANUTENÇÃO DA VIGILÂNCIA AMBIENTAL E AÇÕES DE CONTROLE DE ZOONOSES;4;VIGILANCIA EM SAUDE;10;Saúde;305;Vigilância Epidemiológica;248;3.1.90.11.01.00.00.00;VENCIMENTOS E SALÁRIOS;1.604.000.0000;TRANSFERÊNCIAS PROVENIENTES DO GOVERNO FEDERAL DESTINADAS AO VENCIMENTO DOS AGENTES COMUNITÁRIOS DE SAÚDE E DOS AGENTES DE COMBATE ÀS ENDEMIAS;901.467,65
FUNDO MUNICIPAL DE SAÚDE DE BARBACENA;18.002;FUNDO MUNICIPAL DE SAUDE;2.028;MANUTENÇÃO DA VIGILÂNCIA AMBIENTAL E AÇÕES DE CONTROLE DE ZOONOSES;4;VIGILANCIA EM SAUDE;10;Saúde;305;Vigilância Epidemiológica;248;3.1.90.11.52.00.00.00;LICENÇA SAÚDE;1.604.000.0000;TRANSFERÊNCIAS PROVENIENTES DO GOVERNO FEDERAL DESTINADAS AO VENCIMENTO DOS AGENTES COMUNITÁRIOS DE SAÚDE E DOS AGENTES DE COMBATE ÀS ENDEMIAS;82.865,87
FUNDO MUNICIPAL DE SAÚDE DE BARBACENA;18.002;FUNDO MUNICIPAL DE SAUDE;2.028;MANUTENÇÃO DA VIGILÂNCIA AMBIENTAL E AÇÕES DE CONTROLE DE ZOONOSES;4;VIGILANCIA EM SAUDE;10;Saúde;305;Vigilância Epidemiológica;248;3.1.90.11.52.00.00.00;LICENÇA SAÚDE;2.604.000.0000;TRANSFERÊNCIAS PROVENIENTES DO GOVERNO FEDERAL DESTINADAS AO VENCIMENTO DOS AGENTES COMUNITÁRIOS DE SAÚDE E DOS AGENTES DE COMBATE ÀS ENDEMIAS;8.641,43
FUNDO MUNICIPAL DE SAÚDE DE BARBACENA;18.002;FUNDO MUNICIPAL DE SAUDE;2.028;MANUTENÇÃO DA VIGILÂNCIA AMBIENTAL E AÇÕES DE CONTROLE DE ZOONOSES;4;VIGILANCIA EM SAUDE;10;Saúde;305;Vigilância Epidemiológica;248;3.1.90.11.01.00.00.00;VENCIMENTOS E SALÁRIOS;2.604.000.0000;TRANSFERÊNCIAS PROVENIENTES DO GOVERNO FEDERAL DESTINADAS AO VENCIMENTO DOS AGENTES COMUNITÁRIOS DE SAÚDE E DOS AGENTES DE COMBATE ÀS ENDEMIAS;115.832,24
FUNDO MUNICIPAL DE SAÚDE DE BARBACENA;18.002;FUNDO MUNICIPAL DE SAUDE;2.028;MANUTENÇÃO DA VIGILÂNCIA AMBIENTAL E AÇÕES DE CONTROLE DE ZOONOSES;4;VIGILANCIA EM SAUDE;10;Saúde;305;Vigilância Epidemiológica;248;3.1.90.11.01.00.00.00;VENCIMENTOS E SALÁRIOS;2.621.000.0000;TRANSFERÊNCIAS FUNDO A FUNDO DE RECURSOS DO SUS PROVENIENTES DO GOVERNO ESTADUAL;56.061,10
FUNDO MUNICIPAL DE SAÚDE DE BARBACENA;18.002;FUNDO MUNICIPAL DE SAUDE;2.028;MANUTENÇÃO DA VIGILÂNCIA AMBIENTAL E AÇÕES DE CONTROLE DE ZOONOSES;4;VIGILANCIA EM SAUDE;10;Saúde;305;Vigilância Epidemiológica;248;3.1.90.11.52.00.00.00;LICENÇA SAÚDE;2.621.000.0000;TRANSFERÊNCIAS FUNDO A FUNDO DE RECURSOS DO SUS PROVENIENTES DO GOVERNO ESTADUAL;866,03
FUNDO MUNICIPAL DE SAÚDE DE BARBACENA;18.002;FUNDO MUNICIPAL DE SAUDE;2.028;MANUTENÇÃO DA VIGILÂNCIA AMBIENTAL E AÇÕES DE CONTROLE DE ZOONOSES;4;VIGILANCIA EM SAUDE;10;Saúde;305;Vigilância Epidemiológica;249;3.1.91.13.08.00.00.00;CONTRIB. PREV.- RPPS - PESSOAL ATIVO - PLANO PREV.;1.500.000.1002;RECURSOS NÃO VINCULADOS DE IMPOSTOS (SAÚDE);35.286,33
FUNDO MUNICIPAL DE SAÚDE DE BARBACENA;18.002;FUNDO MUNICIPAL DE SAUDE;2.028;MANUTENÇÃO DA VIGILÂNCIA AMBIENTAL E AÇÕES DE CONTROLE DE ZOONOSES;4;VIGILANCIA EM SAUDE;10;Saúde;305;Vigilância Epidemiológica;249;3.1.91.13.08.00.00.00;CONTRIB. PREV.- RPPS - PESSOAL ATIVO - PLANO PREV.;1.604.000.0000;TRANSFERÊNCIAS PROVENIENTES DO GOVERNO FEDERAL DESTINADAS AO VENCIMENTO DOS AGENTES COMUNITÁRIOS DE SAÚDE E DOS AGENTES DE COMBATE ÀS ENDEMIAS;281.914,79
FUNDO MUNICIPAL DE SAÚDE DE BARBACENA;18.002;FUNDO MUNICIPAL DE SAUDE;2.028;MANUTENÇÃO DA VIGILÂNCIA AMBIENTAL E AÇÕES DE CONTROLE DE ZOONOSES;4;VIGILANCIA EM SAUDE;10;Saúde;305;Vigilância Epidemiológica;249;3.1.91.13.08.00.00.00;CONTRIB. PREV.- RPPS - PESSOAL ATIVO - PLANO PREV.;2.604.000.0000;TRANSFERÊNCIAS PROVENIENTES DO GOVERNO FEDERAL DESTINADAS AO VENCIMENTO DOS AGENTES COMUNITÁRIOS DE SAÚDE E DOS AGENTES DE COMBATE ÀS ENDEMIAS;21.902,97
FUNDO MUNICIPAL DE SAÚDE DE BARBACENA;18.002;FUNDO MUNICIPAL DE SAUDE;2.028;MANUTENÇÃO DA VIGILÂNCIA AMBIENTAL E AÇÕES DE CONTROLE DE ZOONOSES;4;VIGILANCIA EM SAUDE;10;Saúde;305;Vigilância Epidemiológica;249;3.1.91.13.08.00.00.00;CONTRIB. PREV.- RPPS - PESSOAL ATIVO - PLANO PREV.;2.621.000.0000;TRANSFERÊNCIAS FUNDO A FUNDO DE RECURSOS DO SUS PROVENIENTES DO GOVERNO ESTADUAL;13.402,74
FUNDO MUNICIPAL DE SAÚDE DE BARBACENA;18.002;FUNDO MUNICIPAL DE SAUDE;2.028;MANUTENÇÃO DA VIGILÂNCIA AMBIENTAL E AÇÕES DE CONTROLE DE ZOONOSES;4;VIGILANCIA EM SAUDE;10;Saúde;305;Vigilância Epidemiológica;252;3.3.90.30.28.00.00.00;MATERIAL DE PROTEÇÃO E SEGURANÇA;2.621.000.0000;TRANSFERÊNCIAS FUNDO A FUNDO DE RECURSOS DO SUS PROVENIENTES DO GOVERNO ESTADUAL;10.881,20
FUNDO MUNICIPAL DE SAÚDE DE BARBACENA;18.002;FUNDO MUNICIPAL DE SAUDE;2.028;MANUTENÇÃO DA VIGILÂNCIA AMBIENTAL E AÇÕES DE CONTROLE DE ZOONOSES;4;VIGILANCIA EM SAUDE;10;Saúde;305;Vigilância Epidemiológica;253;3.3.90.39.48.00.00.00;SERVIÇOS GRÁFICOS;2.621.000.0000;TRANSFERÊNCIAS FUNDO A FUNDO DE RECURSOS DO SUS PROVENIENTES DO GOVERNO ESTADUAL;38.121,00
FUNDO MUNICIPAL DE SAÚDE DE BARBACENA;18.002;FUNDO MUNICIPAL DE SAUDE;2.028;MANUTENÇÃO DA VIGILÂNCIA AMBIENTAL E AÇÕES DE CONTROLE DE ZOONOSES;4;VIGILANCIA EM SAUDE;10;Saúde;305;Vigilância Epidemiológica;253;3.3.90.39.27.00.00.00;FORNECIMENTO DE ALIMENTAÇÃO;2.621.000.0000;TRANSFERÊNCIAS FUNDO A FUNDO DE RECURSOS DO SUS PROVENIENTES DO GOVERNO ESTADUAL;1.399,20
FUNDO MUNICIPAL DE SAÚDE DE BARBACENA;18.002;FUNDO MUNICIPAL DE SAUDE;2.028;MANUTENÇÃO DA VIGILÂNCIA AMBIENTAL E AÇÕES DE CONTROLE DE ZOONOSES;4;VIGILANCIA EM SAUDE;10;Saúde;305;Vigilância Epidemiológica;253;3.3.90.39.99.00.00.00;OUTROS SERVIÇOS DE TERCEIROS - PESSOA JURÍDICA;2.621.000.0000;TRANSFERÊNCIAS FUNDO A FUNDO DE RECURSOS DO SUS PROVENIENTES DO GOVERNO ESTADUAL;374,00
FUNDO MUNICIPAL DE SAÚDE DE BARBACENA;18.002;FUNDO MUNICIPAL DE SAUDE;2.028;MANUTENÇÃO DA VIGILÂNCIA AMBIENTAL E AÇÕES DE CONTROLE DE ZOONOSES;4;VIGILANCIA EM SAUDE;10;Saúde;305;Vigilância Epidemiológica;254;3.3.90.46.00.00.00.00;AUXÍLIO-ALIMENTAÇÃO;1.500.000.1002;RECURSOS NÃO VINCULADOS DE IMPOSTOS (SAÚDE);64.500,00
FUNDO MUNICIPAL DE SAÚDE DE BARBACENA;18.002;FUNDO MUNICIPAL DE SAUDE;2.028;MANUTENÇÃO DA VIGILÂNCIA AMBIENTAL E AÇÕES DE CONTROLE DE ZOONOSES;4;VIGILANCIA EM SAUDE;10;Saúde;305;Vigilância Epidemiológica;254;3.3.90.46.00.00.00.00;AUXÍLIO-ALIMENTAÇÃO;1.600.000.0000;TRANSFERÊNCIAS FUNDO A FUNDO DE RECURSOS DO SUS PROVENIENTES DO GOVERNO FEDERAL - BLOCO DE MANUTENÇÃO DAS AÇÕES E SERVIÇOS PÚBLICOS DE SAÚDE;66.000,00
FUNDO MUNICIPAL DE SAÚDE DE BARBACENA;18.002;FUNDO MUNICIPAL DE SAUDE;2.028;MANUTENÇÃO DA VIGILÂNCIA AMBIENTAL E AÇÕES DE CONTROLE DE ZOONOSES;4;VIGILANCIA EM SAUDE;10;Saúde;305;Vigilância Epidemiológica;254;3.3.90.46.00.00.00.00;AUXÍLIO-ALIMENTAÇÃO;1.604.000.0000;TRANSFERÊNCIAS PROVENIENTES DO GOVERNO FEDERAL DESTINADAS AO VENCIMENTO DOS AGENTES COMUNITÁRIOS DE SAÚDE E DOS AGENTES DE COMBATE ÀS ENDEMIAS;155.400,00
FUNDO MUNICIPAL DE SAÚDE DE BARBACENA;18.002;FUNDO MUNICIPAL DE SAUDE;2.028;MANUTENÇÃO DA VIGILÂNCIA AMBIENTAL E AÇÕES DE CONTROLE DE ZOONOSES;4;VIGILANCIA EM SAUDE;10;Saúde;305;Vigilância Epidemiológica;254;3.3.90.46.00.00.00.00;AUXÍLIO-ALIMENTAÇÃO;2.601.000.0000;TRANSFERÊNCIAS FUNDO A FUNDO DE RECURSOS DO SUS PROVENIENTES DO GOVERNO FEDERAL. BLOCO DE ESTRUTURAÇÃO DA REDE DE SERVIÇOS PÚBLICOS DE SAÚDE;13.800,00
FUNDO MUNICIPAL DE SAÚDE DE BARBACENA;18.002;FUNDO MUNICIPAL DE SAUDE;2.028;MANUTENÇÃO DA VIGILÂNCIA AMBIENTAL E AÇÕES DE CONTROLE DE ZOONOSES;4;VIGILANCIA EM SAUDE;10;Saúde;305;Vigilância Epidemiológica;254;3.3.90.46.00.00.00.00;AUXÍLIO-ALIMENTAÇÃO;2.604.000.0000;TRANSFERÊNCIAS PROVENIENTES DO GOVERNO FEDERAL DESTINADAS AO VENCIMENTO DOS AGENTES COMUNITÁRIOS DE SAÚDE E DOS AGENTES DE COMBATE ÀS ENDEMIAS;12.000,00
FUNDO MUNICIPAL DE SAÚDE DE BARBACENA;18.002;FUNDO MUNICIPAL DE SAUDE;2.028;MANUTENÇÃO DA VIGILÂNCIA AMBIENTAL E AÇÕES DE CONTROLE DE ZOONOSES;4;VIGILANCIA EM SAUDE;10;Saúde;305;Vigilância Epidemiológica;254;3.3.90.46.00.00.00.00;AUXÍLIO-ALIMENTAÇÃO;2.621.000.0000;TRANSFERÊNCIAS FUNDO A FUNDO DE RECURSOS DO SUS PROVENIENTES DO GOVERNO ESTADUAL;46.200,00
FUNDO MUNICIPAL DE SAÚDE DE BARBACENA;18.002;FUNDO MUNICIPAL DE SAUDE;2.028;MANUTENÇÃO DA VIGILÂNCIA AMBIENTAL E AÇÕES DE CONTROLE DE ZOONOSES;4;VIGILANCIA EM SAUDE;10;Saúde;305;Vigilância Epidemiológica;255;4.4.90.52.24.00.00.00;MOBILIÁRIO EM GERAL;2.621.000.0000;TRANSFERÊNCIAS FUNDO A FUNDO DE RECURSOS DO SUS PROVENIENTES DO GOVERNO ESTADUAL;2.758,00
FUNDO MUNICIPAL DE SAÚDE DE BARBACENA;18.002;FUNDO MUNICIPAL DE SAUDE;2.034;MANUTENÇÃO DO SISTEMA DE IMUNIZAÇÃO;4;VIGILANCIA EM SAUDE;10;Saúde;305;Vigilância Epidemiológica;256;3.3.90.30.99.00.00.00;OUTROS MATERIAIS DE CONSUMO;2.600.000.0000;TRANSFERÊNCIAS FUNDO A FUNDO DE RECURSOS DO SUS PROVENIENTES DO GOVERNO FEDERAL - BLOCO DE MANUTENÇÃO DAS AÇÕES E SERVIÇOS PÚBLICOS DE SAÚDE;1.889,00
FUNDO MUNICIPAL DE SAÚDE DE BARBACENA;18.002;FUNDO MUNICIPAL DE SAUDE;2.034;MANUTENÇÃO DO SISTEMA DE IMUNIZAÇÃO;4;VIGILANCIA EM SAUDE;10;Saúde;305;Vigilância Epidemiológica;256;3.3.90.30.28.00.00.00;MATERIAL DE PROTEÇÃO E SEGURANÇA;2.621.000.0000;TRANSFERÊNCIAS FUNDO A FUNDO DE RECURSOS DO SUS PROVENIENTES DO GOVERNO ESTADUAL;2.991,60
FUNDO MUNICIPAL DE SAÚDE DE BARBACENA;18.002;FUNDO MUNICIPAL DE SAUDE;2.034;MANUTENÇÃO DO SISTEMA DE IMUNIZAÇÃO;4;VIGILANCIA EM SAUDE;10;Saúde;305;Vigilância Epidemiológica;257;3.3.90.39.99.00.00.00;OUTROS SERVIÇOS DE TERCEIROS - PESSOA JURÍDICA;1.600.000.0000;TRANSFERÊNCIAS FUNDO A FUNDO DE RECURSOS DO SUS PROVENIENTES DO GOVERNO FEDERAL - BLOCO DE MANUTENÇÃO DAS AÇÕES E SERVIÇOS PÚBLICOS DE SAÚDE;720,00
FUNDO MUNICIPAL DE SAÚDE DE BARBACENA;18.002;FUNDO MUNICIPAL DE SAUDE;2.034;MANUTENÇÃO DO SISTEMA DE IMUNIZAÇÃO;4;VIGILANCIA EM SAUDE;10;Saúde;305;Vigilância Epidemiológica;257;3.3.90.39.12.00.00.00;LOCAÇÃO DE MÁQUINAS E EQUIPAMENTOS;1.600.000.0000;TRANSFERÊNCIAS FUNDO A FUNDO DE RECURSOS DO SUS PROVENIENTES DO GOVERNO FEDERAL - BLOCO DE MANUTENÇÃO DAS AÇÕES E SERVIÇOS PÚBLICOS DE SAÚDE;4.620,48
FUNDO MUNICIPAL DE SAÚDE DE BARBACENA;18.002;FUNDO MUNICIPAL DE SAUDE;2.034;MANUTENÇÃO DO SISTEMA DE IMUNIZAÇÃO;4;VIGILANCIA EM SAUDE;10;Saúde;305;Vigilância Epidemiológica;257;3.3.90.39.27.00.00.00;FORNECIMENTO DE ALIMENTAÇÃO;2.600.000.0000;TRANSFERÊNCIAS FUNDO A FUNDO DE RECURSOS DO SUS PROVENIENTES DO GOVERNO FEDERAL - BLOCO DE MANUTENÇÃO DAS AÇÕES E SERVIÇOS PÚBLICOS DE SAÚDE;24.294,20
FUNDO MUNICIPAL DE SAÚDE DE BARBACENA;18.002;FUNDO MUNICIPAL DE SAUDE;2.034;MANUTENÇÃO DO SISTEMA DE IMUNIZAÇÃO;4;VIGILANCIA EM SAUDE;10;Saúde;305;Vigilância Epidemiológica;257;3.3.90.39.99.00.00.00;OUTROS SERVIÇOS DE TERCEIROS - PESSOA JURÍDICA;2.621.000.0000;TRANSFERÊNCIAS FUNDO A FUNDO DE RECURSOS DO SUS PROVENIENTES DO GOVERNO ESTADUAL;7.945,14
FUNDO MUNICIPAL DE SAÚDE DE BARBACENA;18.002;FUNDO MUNICIPAL DE SAUDE;2.034;MANUTENÇÃO DO SISTEMA DE IMUNIZAÇÃO;4;VIGILANCIA EM SAUDE;10;Saúde;305;Vigilância Epidemiológica;257;3.3.90.39.27.00.00.00;FORNECIMENTO DE ALIMENTAÇÃO;2.621.000.0000;TRANSFERÊNCIAS FUNDO A FUNDO DE RECURSOS DO SUS PROVENIENTES DO GOVERNO ESTADUAL;83.170,00
FUNDO MUNICIPAL DE SAÚDE DE BARBACENA;18.002;FUNDO MUNICIPAL DE SAUDE;2.034;MANUTENÇÃO DO SISTEMA DE IMUNIZAÇÃO;4;VIGILANCIA EM SAUDE;10;Saúde;305;Vigilância Epidemiológica;257;3.3.90.39.48.00.00.00;SERVIÇOS GRÁFICOS;2.621.000.0000;TRANSFERÊNCIAS FUNDO A FUNDO DE RECURSOS DO SUS PROVENIENTES DO GOVERNO ESTADUAL;3.900,00
FUNDO MUNICIPAL DE SAÚDE DE BARBACENA;18.002;FUNDO MUNICIPAL DE SAUDE;2.034;MANUTENÇÃO DO SISTEMA DE IMUNIZAÇÃO;4;VIGILANCIA EM SAUDE;10;Saúde;305;Vigilância Epidemiológica;258;4.4.90.52.18.00.00.00;MÁQUINAS, UTENSÍLIOS E EQUIPAMENTOS DIVERSOS;2.601.000.0000;TRANSFERÊNCIAS FUNDO A FUNDO DE RECURSOS DO SUS PROVENIENTES DO GOVERNO FEDERAL. BLOCO DE ESTRUTURAÇÃO DA REDE DE SERVIÇOS PÚBLICOS DE SAÚDE;0,00
FUNDO MUNICIPAL DE SAÚDE DE BARBACENA;18.002;FUNDO MUNICIPAL DE SAUDE;2.034;MANUTENÇÃO DO SISTEMA DE IMUNIZAÇÃO;4;VIGILANCIA EM SAUDE;10;Saúde;305;Vigilância Epidemiológica;258;4.4.90.52.30.00.00.00;VEÍCULOS DE TRAÇÃO MECÂNICA;2.621.000.0000;TRANSFERÊNCIAS FUNDO A FUNDO DE RECURSOS DO SUS PROVENIENTES DO GOVERNO ESTADUAL;340.207,00
FUNDO MUNICIPAL DE SAÚDE DE BARBACENA;18.002;FUNDO MUNICIPAL DE SAUDE;2.648;MANUTENÇAO DO PROGRAMA DE CONTROLE DA DENGUE;4;VIGILANCIA EM SAUDE;10;Saúde;305;Vigilância Epidemiológica;264;3.3.90.39.99.00.00.00;OUTROS SERVIÇOS DE TERCEIROS - PESSOA JURÍDICA;2.621.000.0000;TRANSFERÊNCIAS FUNDO A FUNDO DE RECURSOS DO SUS PROVENIENTES DO GOVERNO ESTADUAL;620.698,49
FUNDO MUNICIPAL DE SAÚDE DE BARBACENA;18.002;FUNDO MUNICIPAL DE SAUDE;2.022;MANUTENÇAO DO CONTROLE SOCIAL;6;GESTÃO;10;Saúde;122;Administração Geral;5;3.1.90.11.01.00.00.00;VENCIMENTOS E SALÁRIOS;1.500.000.1002;RECURSOS NÃO VINCULADOS DE IMPOSTOS (SAÚDE);53.373,21
FUNDO MUNICIPAL DE SAÚDE DE BARBACENA;18.002;FUNDO MUNICIPAL DE SAUDE;2.022;MANUTENÇAO DO CONTROLE SOCIAL;6;GESTÃO;10;Saúde;122;Administração Geral;5;3.1.90.11.52.00.00.00;LICENÇA SAÚDE;1.500.000.1002;RECURSOS NÃO VINCULADOS DE IMPOSTOS (SAÚDE);767,84
FUNDO MUNICIPAL DE SAÚDE DE BARBACENA;18.002;FUNDO MUNICIPAL DE SAUDE;2.022;MANUTENÇAO DO CONTROLE SOCIAL;6;GESTÃO;10;Saúde;122;Administração Geral;6;3.1.91.13.08.00.00.00;CONTRIB. PREV.- RPPS - PESSOAL ATIVO - PLANO PREV.;1.500.000.1002;RECURSOS NÃO VINCULADOS DE IMPOSTOS (SAÚDE);14.780,48
FUNDO MUNICIPAL DE SAÚDE DE BARBACENA;18.002;FUNDO MUNICIPAL DE SAUDE;2.022;MANUTENÇAO DO CONTROLE SOCIAL;6;GESTÃO;10;Saúde;122;Administração Geral;11;3.3.90.39.12.00.00.00;LOCAÇÃO DE MÁQUINAS E EQUIPAMENTOS;1.500.000.1002;RECURSOS NÃO VINCULADOS DE IMPOSTOS (SAÚDE);4.620,48
FUNDO MUNICIPAL DE SAÚDE DE BARBACENA;18.002;FUNDO MUNICIPAL DE SAUDE;2.022;MANUTENÇAO DO CONTROLE SOCIAL;6;GESTÃO;10;Saúde;122;Administração Geral;11;3.3.90.39.99.00.00.00;OUTROS SERVIÇOS DE TERCEIROS - PESSOA JURÍDICA;1.500.000.1002;RECURSOS NÃO VINCULADOS DE IMPOSTOS (SAÚDE);199,20
FUNDO MUNICIPAL DE SAÚDE DE BARBACENA;18.002;FUNDO MUNICIPAL DE SAUDE;2.022;MANUTENÇAO DO CONTROLE SOCIAL;6;GESTÃO;10;Saúde;122;Administração Geral;11;3.3.90.39.43.00.00.00;SERVIÇOS DE TELECOMUNICAÇÕES;1.500.000.1002;RECURSOS NÃO VINCULADOS DE IMPOSTOS (SAÚDE);1.266,00
FUNDO MUNICIPAL DE SAÚDE DE BARBACENA;18.002;FUNDO MUNICIPAL DE SAUDE;2.022;MANUTENÇAO DO CONTROLE SOCIAL;6;GESTÃO;10;Saúde;122;Administração Geral;11;3.3.90.39.27.00.00.00;FORNECIMENTO DE ALIMENTAÇÃO;1.500.000.1002;RECURSOS NÃO VINCULADOS DE IMPOSTOS (SAÚDE);15.057,90
FUNDO MUNICIPAL DE SAÚDE DE BARBACENA;18.002;FUNDO MUNICIPAL DE SAUDE;2.022;MANUTENÇAO DO CONTROLE SOCIAL;6;GESTÃO;10;Saúde;122;Administração Geral;13;3.3.90.46.00.00.00.00;AUXÍLIO-ALIMENTAÇÃO;1.500.000.1002;RECURSOS NÃO VINCULADOS DE IMPOSTOS (SAÚDE);6.600,00
FUNDO MUNICIPAL DE SAÚDE DE BARBACENA;18.002;FUNDO MUNICIPAL DE SAUDE;2.024;MANUTENÇAO DA OUVIDORIA;6;GESTÃO;10;Saúde;122;Administração Geral;16;3.1.90.11.01.00.00.00;VENCIMENTOS E SALÁRIOS;1.500.000.1002;RECURSOS NÃO VINCULADOS DE IMPOSTOS (SAÚDE);98.918,16
FUNDO MUNICIPAL DE SAÚDE DE BARBACENA;18.002;FUNDO MUNICIPAL DE SAUDE;2.024;MANUTENÇAO DA OUVIDORIA;6;GESTÃO;10;Saúde;122;Administração Geral;16;3.1.90.11.52.00.00.00;LICENÇA SAÚDE;1.500.000.1002;RECURSOS NÃO VINCULADOS DE IMPOSTOS (SAÚDE);531,46
FUNDO MUNICIPAL DE SAÚDE DE BARBACENA;18.002;FUNDO MUNICIPAL DE SAUDE;2.024;MANUTENÇAO DA OUVIDORIA;6;GESTÃO;10;Saúde;122;Administração Geral;16;3.1.90.11.01.00.00.00;VENCIMENTOS E SALÁRIOS;2.621.000.0000;TRANSFERÊNCIAS FUNDO A FUNDO DE RECURSOS DO SUS PROVENIENTES DO GOVERNO ESTADUAL;7.900,00
FUNDO MUNICIPAL DE SAÚDE DE BARBACENA;18.002;FUNDO MUNICIPAL DE SAUDE;2.024;MANUTENÇAO DA OUVIDORIA;6;GESTÃO;10;Saúde;122;Administração Geral;17;3.1.91.13.08.00.00.00;CONTRIB. PREV.- RPPS - PESSOAL ATIVO - PLANO PREV.;1.500.000.1002;RECURSOS NÃO VINCULADOS DE IMPOSTOS (SAÚDE);26.543,98
FUNDO MUNICIPAL DE SAÚDE DE BARBACENA;18.002;FUNDO MUNICIPAL DE SAUDE;2.024;MANUTENÇAO DA OUVIDORIA;6;GESTÃO;10;Saúde;122;Administração Geral;17;3.1.91.13.08.00.00.00;CONTRIB. PREV.- RPPS - PESSOAL ATIVO - PLANO PREV.;2.621.000.0000;TRANSFERÊNCIAS FUNDO A FUNDO DE RECURSOS DO SUS PROVENIENTES DO GOVERNO ESTADUAL;2.211,99
FUNDO MUNICIPAL DE SAÚDE DE BARBACENA;18.002;FUNDO MUNICIPAL DE SAUDE;2.024;MANUTENÇAO DA OUVIDORIA;6;GESTÃO;10;Saúde;122;Administração Geral;20;3.3.90.30.04.00.00.00;GÁS ENGARRAFADO;1.500.000.1002;RECURSOS NÃO VINCULADOS DE IMPOSTOS (SAÚDE);0,00
FUNDO MUNICIPAL DE SAÚDE DE BARBACENA;18.002;FUNDO MUNICIPAL DE SAUDE;2.024;MANUTENÇAO DA OUVIDORIA;6;GESTÃO;10;Saúde;122;Administração Geral;21;3.3.90.36.99.00.00.00;OUTROS SERVIÇOS DE PESSOA FÍSICA;1.500.000.1002;RECURSOS NÃO VINCULADOS DE IMPOSTOS (SAÚDE);6.839,88
FUNDO MUNICIPAL DE SAÚDE DE BARBACENA;18.002;FUNDO MUNICIPAL DE SAUDE;2.024;MANUTENÇAO DA OUVIDORIA;6;GESTÃO;10;Saúde;122;Administração Geral;22;3.3.90.39.99.00.00.00;OUTROS SERVIÇOS DE TERCEIROS - PESSOA JURÍDICA;1.500.000.1002;RECURSOS NÃO VINCULADOS DE IMPOSTOS (SAÚDE);360,00
FUNDO MUNICIPAL DE SAÚDE DE BARBACENA;18.002;FUNDO MUNICIPAL DE SAUDE;2.024;MANUTENÇAO DA OUVIDORIA;6;GESTÃO;10;Saúde;122;Administração Geral;22;3.3.90.39.29.00.00.00;SERVIÇOS DE ENERGIA ELÉTRICA;1.500.000.1002;RECURSOS NÃO VINCULADOS DE IMPOSTOS (SAÚDE);2.642,86
FUNDO MUNICIPAL DE SAÚDE DE BARBACENA;18.002;FUNDO MUNICIPAL DE SAUDE;2.024;MANUTENÇAO DA OUVIDORIA;6;GESTÃO;10;Saúde;122;Administração Geral;22;3.3.90.39.43.00.00.00;SERVIÇOS DE TELECOMUNICAÇÕES;1.500.000.1002;RECURSOS NÃO VINCULADOS DE IMPOSTOS (SAÚDE);2.640,00
FUNDO MUNICIPAL DE SAÚDE DE BARBACENA;18.002;FUNDO MUNICIPAL DE SAUDE;2.024;MANUTENÇAO DA OUVIDORIA;6;GESTÃO;10;Saúde;122;Administração Geral;22;3.3.90.39.12.00.00.00;LOCAÇÃO DE MÁQUINAS E EQUIPAMENTOS;1.500.000.1002;RECURSOS NÃO VINCULADOS DE IMPOSTOS (SAÚDE);4.620,48
FUNDO MUNICIPAL DE SAÚDE DE BARBACENA;18.002;FUNDO MUNICIPAL DE SAUDE;2.024;MANUTENÇAO DA OUVIDORIA;6;GESTÃO;10;Saúde;122;Administração Geral;24;3.3.90.46.00.00.00.00;AUXÍLIO-ALIMENTAÇÃO;1.500.000.1002;RECURSOS NÃO VINCULADOS DE IMPOSTOS (SAÚDE);11.400,00
FUNDO MUNICIPAL DE SAÚDE DE BARBACENA;18.002;FUNDO MUNICIPAL DE SAUDE;2.024;MANUTENÇAO DA OUVIDORIA;6;GESTÃO;10;Saúde;122;Administração Geral;24;3.3.90.46.00.00.00.00;AUXÍLIO-ALIMENTAÇÃO;2.621.000.0000;TRANSFERÊNCIAS FUNDO A FUNDO DE RECURSOS DO SUS PROVENIENTES DO GOVERNO ESTADUAL;1.200,00
FUNDO MUNICIPAL DE SAÚDE DE BARBACENA;18.002;FUNDO MUNICIPAL DE SAUDE;2.031;MANUTENÇAO DO SIMACRA;6;GESTÃO;10;Saúde;122;Administração Geral;26;3.1.90.04.15.00.00.00;OBRIGAÇÕES PATRONAIS - CONTRATO TEMPORÁRIO;1.500.000.1002;RECURSOS NÃO VINCULADOS DE IMPOSTOS (SAÚDE);67.474,79
FUNDO MUNICIPAL DE SAÚDE DE BARBACENA;18.002;FUNDO MUNICIPAL DE SAUDE;2.031;MANUTENÇAO DO SIMACRA;6;GESTÃO;10;Saúde;122;Administração Geral;26;3.1.90.04.01.00.00.00;SALÁRIO CONTRATO TEMPORÁRIO;1.500.000.1002;RECURSOS NÃO VINCULADOS DE IMPOSTOS (SAÚDE);687.999,07
FUNDO MUNICIPAL DE SAÚDE DE BARBACENA;18.002;FUNDO MUNICIPAL DE SAUDE;2.031;MANUTENÇAO DO SIMACRA;6;GESTÃO;10;Saúde;122;Administração Geral;26;3.1.90.04.01.00.00.00;SALÁRIO CONTRATO TEMPORÁRIO;1.600.000.0000;TRANSFERÊNCIAS FUNDO A FUNDO DE RECURSOS DO SUS PROVENIENTES DO GOVERNO FEDERAL - BLOCO DE MANUTENÇÃO DAS AÇÕES E SERVIÇOS PÚBLICOS DE SAÚDE;6.124.657,71
FUNDO MUNICIPAL DE SAÚDE DE BARBACENA;18.002;FUNDO MUNICIPAL DE SAUDE;2.031;MANUTENÇAO DO SIMACRA;6;GESTÃO;10;Saúde;122;Administração Geral;26;3.1.90.04.15.00.00.00;OBRIGAÇÕES PATRONAIS - CONTRATO TEMPORÁRIO;1.600.000.0000;TRANSFERÊNCIAS FUNDO A FUNDO DE RECURSOS DO SUS PROVENIENTES DO GOVERNO FEDERAL - BLOCO DE MANUTENÇÃO DAS AÇÕES E SERVIÇOS PÚBLICOS DE SAÚDE;574.344,85
FUNDO MUNICIPAL DE SAÚDE DE BARBACENA;18.002;FUNDO MUNICIPAL DE SAUDE;2.031;MANUTENÇAO DO SIMACRA;6;GESTÃO;10;Saúde;122;Administração Geral;26;3.1.90.04.01.00.00.00;SALÁRIO CONTRATO TEMPORÁRIO;2.600.000.0000;TRANSFERÊNCIAS FUNDO A FUNDO DE RECURSOS DO SUS PROVENIENTES DO GOVERNO FEDERAL - BLOCO DE MANUTENÇÃO DAS AÇÕES E SERVIÇOS PÚBLICOS DE SAÚDE;2.742.226,33
FUNDO MUNICIPAL DE SAÚDE DE BARBACENA;18.002;FUNDO MUNICIPAL DE SAUDE;2.031;MANUTENÇAO DO SIMACRA;6;GESTÃO;10;Saúde;122;Administração Geral;26;3.1.90.04.15.00.00.00;OBRIGAÇÕES PATRONAIS - CONTRATO TEMPORÁRIO;2.600.000.0000;TRANSFERÊNCIAS FUNDO A FUNDO DE RECURSOS DO SUS PROVENIENTES DO GOVERNO FEDERAL - BLOCO DE MANUTENÇÃO DAS AÇÕES E SERVIÇOS PÚBLICOS DE SAÚDE;225.867,63
FUNDO MUNICIPAL DE SAÚDE DE BARBACENA;18.002;FUNDO MUNICIPAL DE SAUDE;2.031;MANUTENÇAO DO SIMACRA;6;GESTÃO;10;Saúde;122;Administração Geral;26;3.1.90.04.01.00.00.00;SALÁRIO CONTRATO TEMPORÁRIO;2.621.000.0000;TRANSFERÊNCIAS FUNDO A FUNDO DE RECURSOS DO SUS PROVENIENTES DO GOVERNO ESTADUAL;339.133,41
FUNDO MUNICIPAL DE SAÚDE DE BARBACENA;18.002;FUNDO MUNICIPAL DE SAUDE;2.031;MANUTENÇAO DO SIMACRA;6;GESTÃO;10;Saúde;122;Administração Geral;26;3.1.90.04.15.00.00.00;OBRIGAÇÕES PATRONAIS - CONTRATO TEMPORÁRIO;2.621.000.0000;TRANSFERÊNCIAS FUNDO A FUNDO DE RECURSOS DO SUS PROVENIENTES DO GOVERNO ESTADUAL;67.131,33
FUNDO MUNICIPAL DE SAÚDE DE BARBACENA;18.002;FUNDO MUNICIPAL DE SAUDE;2.031;MANUTENÇAO DO SIMACRA;6;GESTÃO;10;Saúde;122;Administração Geral;27;3.1.90.11.01.00.00.00;VENCIMENTOS E SALÁRIOS;1.600.000.0000;TRANSFERÊNCIAS FUNDO A FUNDO DE RECURSOS DO SUS PROVENIENTES DO GOVERNO FEDERAL - BLOCO DE MANUTENÇÃO DAS AÇÕES E SERVIÇOS PÚBLICOS DE SAÚDE;513.764,88
FUNDO MUNICIPAL DE SAÚDE DE BARBACENA;18.002;FUNDO MUNICIPAL DE SAUDE;2.031;MANUTENÇAO DO SIMACRA;6;GESTÃO;10;Saúde;122;Administração Geral;27;3.1.90.11.50.00.00.00;SALÁRIO MATERNIDADE;1.600.000.0000;TRANSFERÊNCIAS FUNDO A FUNDO DE RECURSOS DO SUS PROVENIENTES DO GOVERNO FEDERAL - BLOCO DE MANUTENÇÃO DAS AÇÕES E SERVIÇOS PÚBLICOS DE SAÚDE;7.253,37
FUNDO MUNICIPAL DE SAÚDE DE BARBACENA;18.002;FUNDO MUNICIPAL DE SAUDE;2.031;MANUTENÇAO DO SIMACRA;6;GESTÃO;10;Saúde;122;Administração Geral;27;3.1.90.11.52.00.00.00;LICENÇA SAÚDE;1.600.000.0000;TRANSFERÊNCIAS FUNDO A FUNDO DE RECURSOS DO SUS PROVENIENTES DO GOVERNO FEDERAL - BLOCO DE MANUTENÇÃO DAS AÇÕES E SERVIÇOS PÚBLICOS DE SAÚDE;1.137,72
FUNDO MUNICIPAL DE SAÚDE DE BARBACENA;18.002;FUNDO MUNICIPAL DE SAUDE;2.031;MANUTENÇAO DO SIMACRA;6;GESTÃO;10;Saúde;122;Administração Geral;27;3.1.90.11.01.00.00.00;VENCIMENTOS E SALÁRIOS;2.600.000.0000;TRANSFERÊNCIAS FUNDO A FUNDO DE RECURSOS DO SUS PROVENIENTES DO GOVERNO FEDERAL - BLOCO DE MANUTENÇÃO DAS AÇÕES E SERVIÇOS PÚBLICOS DE SAÚDE;213.570,81
FUNDO MUNICIPAL DE SAÚDE DE BARBACENA;18.002;FUNDO MUNICIPAL DE SAUDE;2.031;MANUTENÇAO DO SIMACRA;6;GESTÃO;10;Saúde;122;Administração Geral;27;3.1.90.11.52.00.00.00;LICENÇA SAÚDE;2.600.000.0000;TRANSFERÊNCIAS FUNDO A FUNDO DE RECURSOS DO SUS PROVENIENTES DO GOVERNO FEDERAL - BLOCO DE MANUTENÇÃO DAS AÇÕES E SERVIÇOS PÚBLICOS DE SAÚDE;2.125,89
FUNDO MUNICIPAL DE SAÚDE DE BARBACENA;18.002;FUNDO MUNICIPAL DE SAUDE;2.031;MANUTENÇAO DO SIMACRA;6;GESTÃO;10;Saúde;122;Administração Geral;27;3.1.90.11.01.00.00.00;VENCIMENTOS E SALÁRIOS;2.621.000.0000;TRANSFERÊNCIAS FUNDO A FUNDO DE RECURSOS DO SUS PROVENIENTES DO GOVERNO ESTADUAL;63.046,83
FUNDO MUNICIPAL DE SAÚDE DE BARBACENA;18.002;FUNDO MUNICIPAL DE SAUDE;2.031;MANUTENÇAO DO SIMACRA;6;GESTÃO;10;Saúde;122;Administração Geral;27;3.1.90.11.52.00.00.00;LICENÇA SAÚDE;2.621.000.0000;TRANSFERÊNCIAS FUNDO A FUNDO DE RECURSOS DO SUS PROVENIENTES DO GOVERNO ESTADUAL;173,98
FUNDO MUNICIPAL DE SAÚDE DE BARBACENA;18.002;FUNDO MUNICIPAL DE SAUDE;2.031;MANUTENÇAO DO SIMACRA;6;GESTÃO;10;Saúde;122;Administração Geral;30;3.1.91.13.08.00.00.00;CONTRIB. PREV.- RPPS - PESSOAL ATIVO - PLANO PREV.;1.600.000.0000;TRANSFERÊNCIAS FUNDO A FUNDO DE RECURSOS DO SUS PROVENIENTES DO GOVERNO FEDERAL - BLOCO DE MANUTENÇÃO DAS AÇÕES E SERVIÇOS PÚBLICOS DE SAÚDE;149.191,54
FUNDO MUNICIPAL DE SAÚDE DE BARBACENA;18.002;FUNDO MUNICIPAL DE SAUDE;2.031;MANUTENÇAO DO SIMACRA;6;GESTÃO;10;Saúde;122;Administração Geral;30;3.1.91.13.08.00.00.00;CONTRIB. PREV.- RPPS - PESSOAL ATIVO - PLANO PREV.;2.600.000.0000;TRANSFERÊNCIAS FUNDO A FUNDO DE RECURSOS DO SUS PROVENIENTES DO GOVERNO FEDERAL - BLOCO DE MANUTENÇÃO DAS AÇÕES E SERVIÇOS PÚBLICOS DE SAÚDE;51.097,36
FUNDO MUNICIPAL DE SAÚDE DE BARBACENA;18.002;FUNDO MUNICIPAL DE SAUDE;2.031;MANUTENÇAO DO SIMACRA;6;GESTÃO;10;Saúde;122;Administração Geral;30;3.1.91.13.08.00.00.00;CONTRIB. PREV.- RPPS - PESSOAL ATIVO - PLANO PREV.;2.621.000.0000;TRANSFERÊNCIAS FUNDO A FUNDO DE RECURSOS DO SUS PROVENIENTES DO GOVERNO ESTADUAL;17.080,59
FUNDO MUNICIPAL DE SAÚDE DE BARBACENA;18.002;FUNDO MUNICIPAL DE SAUDE;2.031;MANUTENÇAO DO SIMACRA;6;GESTÃO;10;Saúde;122;Administração Geral;31;3.3.90.08.56.00.00.00;SALÁRIO FAMÍLIA;1.600.000.0000;TRANSFERÊNCIAS FUNDO A FUNDO DE RECURSOS DO SUS PROVENIENTES DO GOVERNO FEDERAL - BLOCO DE MANUTENÇÃO DAS AÇÕES E SERVIÇOS PÚBLICOS DE SAÚDE;564,80
FUNDO MUNICIPAL DE SAÚDE DE BARBACENA;18.002;FUNDO MUNICIPAL DE SAUDE;2.031;MANUTENÇAO DO SIMACRA;6;GESTÃO;10;Saúde;122;Administração Geral;31;3.3.90.08.56.00.00.00;SALÁRIO FAMÍLIA;2.600.000.0000;TRANSFERÊNCIAS FUNDO A FUNDO DE RECURSOS DO SUS PROVENIENTES DO GOVERNO FEDERAL - BLOCO DE MANUTENÇÃO DAS AÇÕES E SERVIÇOS PÚBLICOS DE SAÚDE;211,80
FUNDO MUNICIPAL DE SAÚDE DE BARBACENA;18.002;FUNDO MUNICIPAL DE SAUDE;2.031;MANUTENÇAO DO SIMACRA;6;GESTÃO;10;Saúde;122;Administração Geral;31;3.3.90.08.56.00.00.00;SALÁRIO FAMÍLIA;2.621.000.0000;TRANSFERÊNCIAS FUNDO A FUNDO DE RECURSOS DO SUS PROVENIENTES DO GOVERNO ESTADUAL;70,60
FUNDO MUNICIPAL DE SAÚDE DE BARBACENA;18.002;FUNDO MUNICIPAL DE SAUDE;2.031;MANUTENÇAO DO SIMACRA;6;GESTÃO;10;Saúde;122;Administração Geral;32;3.3.90.14.05.00.00.00;DIÁRIAS DE DEMAIS SERVIDORES;1.500.000.1002;RECURSOS NÃO VINCULADOS DE IMPOSTOS (SAÚDE);4.300,00
FUNDO MUNICIPAL DE SAÚDE DE BARBACENA;18.002;FUNDO MUNICIPAL DE SAUDE;2.031;MANUTENÇAO DO SIMACRA;6;GESTÃO;10;Saúde;122;Administração Geral;36;3.3.90.39.12.00.00.00;LOCAÇÃO DE MÁQUINAS E EQUIPAMENTOS;1.600.000.0000;TRANSFERÊNCIAS FUNDO A FUNDO DE RECURSOS DO SUS PROVENIENTES DO GOVERNO FEDERAL - BLOCO DE MANUTENÇÃO DAS AÇÕES E SERVIÇOS PÚBLICOS DE SAÚDE;4.620,50
FUNDO MUNICIPAL DE SAÚDE DE BARBACENA;18.002;FUNDO MUNICIPAL DE SAUDE;2.031;MANUTENÇAO DO SIMACRA;6;GESTÃO;10;Saúde;122;Administração Geral;37;3.3.90.46.00.00.00.00;AUXÍLIO-ALIMENTAÇÃO;1.500.000.1002;RECURSOS NÃO VINCULADOS DE IMPOSTOS (SAÚDE);10.120,00
FUNDO MUNICIPAL DE SAÚDE DE BARBACENA;18.002;FUNDO MUNICIPAL DE SAUDE;2.031;MANUTENÇAO DO SIMACRA;6;GESTÃO;10;Saúde;122;Administração Geral;37;3.3.90.46.00.00.00.00;AUXÍLIO-ALIMENTAÇÃO;1.600.000.0000;TRANSFERÊNCIAS FUNDO A FUNDO DE RECURSOS DO SUS PROVENIENTES DO GOVERNO FEDERAL - BLOCO DE MANUTENÇÃO DAS AÇÕES E SERVIÇOS PÚBLICOS DE SAÚDE;174.755,00
FUNDO MUNICIPAL DE SAÚDE DE BARBACENA;18.002;FUNDO MUNICIPAL DE SAUDE;2.031;MANUTENÇAO DO SIMACRA;6;GESTÃO;10;Saúde;122;Administração Geral;37;3.3.90.46.00.00.00.00;AUXÍLIO-ALIMENTAÇÃO;2.600.000.0000;TRANSFERÊNCIAS FUNDO A FUNDO DE RECURSOS DO SUS PROVENIENTES DO GOVERNO FEDERAL - BLOCO DE MANUTENÇÃO DAS AÇÕES E SERVIÇOS PÚBLICOS DE SAÚDE;66.540,00
FUNDO MUNICIPAL DE SAÚDE DE BARBACENA;18.002;FUNDO MUNICIPAL DE SAUDE;2.031;MANUTENÇAO DO SIMACRA;6;GESTÃO;10;Saúde;122;Administração Geral;37;3.3.90.46.00.00.00.00;AUXÍLIO-ALIMENTAÇÃO;2.621.000.0000;TRANSFERÊNCIAS FUNDO A FUNDO DE RECURSOS DO SUS PROVENIENTES DO GOVERNO ESTADUAL;12.240,00
FUNDO MUNICIPAL DE SAÚDE DE BARBACENA;18.002;FUNDO MUNICIPAL DE SAUDE;2.018;PESSOAL E ENCARGOS SOCIAIS DA SESAP;11;APOIO A ADMINISTRAÇAO PUBLICA;10;Saúde;122;Administração Geral;40;3.1.90.04.01.00.00.00;SALÁRIO CONTRATO TEMPORÁRIO;1.500.000.1002;RECURSOS NÃO VINCULADOS DE IMPOSTOS (SAÚDE);7.241.097,66
FUNDO MUNICIPAL DE SAÚDE DE BARBACENA;18.002;FUNDO MUNICIPAL DE SAUDE;2.018;PESSOAL E ENCARGOS SOCIAIS DA SESAP;11;APOIO A ADMINISTRAÇAO PUBLICA;10;Saúde;122;Administração Geral;40;3.1.90.04.15.00.00.00;OBRIGAÇÕES PATRONAIS - CONTRATO TEMPORÁRIO;1.500.000.1002;RECURSOS NÃO VINCULADOS DE IMPOSTOS (SAÚDE);721.893,99
FUNDO MUNICIPAL DE SAÚDE DE BARBACENA;18.002;FUNDO MUNICIPAL DE SAUDE;2.018;PESSOAL E ENCARGOS SOCIAIS DA SESAP;11;APOIO A ADMINISTRAÇAO PUBLICA;10;Saúde;122;Administração Geral;40;3.1.90.04.15.00.00.00;OBRIGAÇÕES PATRONAIS - CONTRATO TEMPORÁRIO;1.605.000.0000;ASSISTÊNCIA FINANCEIRA DA UNIÃO DESTINADA À COMPLEMENTAÇÃO AO PAGAMENTO DOS PISOS SALARIAIS PARA PROFISSIONAIS DA ENFERMAGEM.;98.560,85
FUNDO MUNICIPAL DE SAÚDE DE BARBACENA;18.002;FUNDO MUNICIPAL DE SAUDE;2.018;PESSOAL E ENCARGOS SOCIAIS DA SESAP;11;APOIO A ADMINISTRAÇAO PUBLICA;10;Saúde;122;Administração Geral;40;3.1.90.04.01.00.00.00;SALÁRIO CONTRATO TEMPORÁRIO;1.605.000.0000;ASSISTÊNCIA FINANCEIRA DA UNIÃO DESTINADA À COMPLEMENTAÇÃO AO PAGAMENTO DOS PISOS SALARIAIS PARA PROFISSIONAIS DA ENFERMAGEM.;1.081.237,60
FUNDO MUNICIPAL DE SAÚDE DE BARBACENA;18.002;FUNDO MUNICIPAL DE SAUDE;2.018;PESSOAL E ENCARGOS SOCIAIS DA SESAP;11;APOIO A ADMINISTRAÇAO PUBLICA;10;Saúde;122;Administração Geral;40;3.1.90.04.01.00.00.00;SALÁRIO CONTRATO TEMPORÁRIO;2.605.000.0000;ASSISTÊNCIA FINANCEIRA DA UNIÃO DESTINADA À COMPLEMENTAÇÃO AO PAGAMENTO DOS PISOS SALARIAIS PARA PROFISSIONAIS DA ENFERMAGEM.;30.717,11
FUNDO MUNICIPAL DE SAÚDE DE BARBACENA;18.002;FUNDO MUNICIPAL DE SAUDE;2.018;PESSOAL E ENCARGOS SOCIAIS DA SESAP;11;APOIO A ADMINISTRAÇAO PUBLICA;10;Saúde;122;Administração Geral;41;3.1.90.11.09.00.00.00;SUBSÍDIO DE SECRETÁRIO MUNICIPAL;1.500.000.1002;RECURSOS NÃO VINCULADOS DE IMPOSTOS (SAÚDE);137.912,13
FUNDO MUNICIPAL DE SAÚDE DE BARBACENA;18.002;FUNDO MUNICIPAL DE SAUDE;2.018;PESSOAL E ENCARGOS SOCIAIS DA SESAP;11;APOIO A ADMINISTRAÇAO PUBLICA;10;Saúde;122;Administração Geral;41;3.1.90.11.52.00.00.00;LICENÇA SAÚDE;1.500.000.1002;RECURSOS NÃO VINCULADOS DE IMPOSTOS (SAÚDE);40.951,75
FUNDO MUNICIPAL DE SAÚDE DE BARBACENA;18.002;FUNDO MUNICIPAL DE SAUDE;2.018;PESSOAL E ENCARGOS SOCIAIS DA SESAP;11;APOIO A ADMINISTRAÇAO PUBLICA;10;Saúde;122;Administração Geral;41;3.1.90.11.01.00.00.00;VENCIMENTOS E SALÁRIOS;1.500.000.1002;RECURSOS NÃO VINCULADOS DE IMPOSTOS (SAÚDE);929.188,14
FUNDO MUNICIPAL DE SAÚDE DE BARBACENA;18.002;FUNDO MUNICIPAL DE SAUDE;2.018;PESSOAL E ENCARGOS SOCIAIS DA SESAP;11;APOIO A ADMINISTRAÇAO PUBLICA;10;Saúde;122;Administração Geral;41;3.1.90.11.50.00.00.00;SALÁRIO MATERNIDADE;1.500.000.1002;RECURSOS NÃO VINCULADOS DE IMPOSTOS (SAÚDE);706,00
FUNDO MUNICIPAL DE SAÚDE DE BARBACENA;18.002;FUNDO MUNICIPAL DE SAUDE;2.018;PESSOAL E ENCARGOS SOCIAIS DA SESAP;11;APOIO A ADMINISTRAÇAO PUBLICA;10;Saúde;122;Administração Geral;41;3.1.90.11.01.00.00.00;VENCIMENTOS E SALÁRIOS;1.605.000.0000;ASSISTÊNCIA FINANCEIRA DA UNIÃO DESTINADA À COMPLEMENTAÇÃO AO PAGAMENTO DOS PISOS SALARIAIS PARA PROFISSIONAIS DA ENFERMAGEM.;9.833,82
FUNDO MUNICIPAL DE SAÚDE DE BARBACENA;18.002;FUNDO MUNICIPAL DE SAUDE;2.018;PESSOAL E ENCARGOS SOCIAIS DA SESAP;11;APOIO A ADMINISTRAÇAO PUBLICA;10;Saúde;122;Administração Geral;41;3.1.90.11.52.00.00.00;LICENÇA SAÚDE;1.605.000.0000;ASSISTÊNCIA FINANCEIRA DA UNIÃO DESTINADA À COMPLEMENTAÇÃO AO PAGAMENTO DOS PISOS SALARIAIS PARA PROFISSIONAIS DA ENFERMAGEM.;250,66
FUNDO MUNICIPAL DE SAÚDE DE BARBACENA;18.002;FUNDO MUNICIPAL DE SAUDE;2.018;PESSOAL E ENCARGOS SOCIAIS DA SESAP;11;APOIO A ADMINISTRAÇAO PUBLICA;10;Saúde;122;Administração Geral;42;3.1.90.13.03.00.00.00;CONTRIBUIÇÃO PATRONAL PARA INSS;1.500.000.1002;RECURSOS NÃO VINCULADOS DE IMPOSTOS (SAÚDE);283,23
FUNDO MUNICIPAL DE SAÚDE DE BARBACENA;18.002;FUNDO MUNICIPAL DE SAUDE;2.018;PESSOAL E ENCARGOS SOCIAIS DA SESAP;11;APOIO A ADMINISTRAÇAO PUBLICA;10;Saúde;122;Administração Geral;43;3.1.91.13.08.00.00.00;CONTRIB. PREV.- RPPS - PESSOAL ATIVO - PLANO PREV.;1.500.000.1002;RECURSOS NÃO VINCULADOS DE IMPOSTOS (SAÚDE);257.292,22
FUNDO MUNICIPAL DE SAÚDE DE BARBACENA;18.002;FUNDO MUNICIPAL DE SAUDE;2.018;PESSOAL E ENCARGOS SOCIAIS DA SESAP;11;APOIO A ADMINISTRAÇAO PUBLICA;10;Saúde;122;Administração Geral;43;3.1.91.13.08.00.00.00;CONTRIB. PREV.- RPPS - PESSOAL ATIVO - PLANO PREV.;1.605.000.0000;ASSISTÊNCIA FINANCEIRA DA UNIÃO DESTINADA À COMPLEMENTAÇÃO AO PAGAMENTO DOS PISOS SALARIAIS PARA PROFISSIONAIS DA ENFERMAGEM.;2.823,65
FUNDO MUNICIPAL DE SAÚDE DE BARBACENA;18.002;FUNDO MUNICIPAL DE SAUDE;2.018;PESSOAL E ENCARGOS SOCIAIS DA SESAP;11;APOIO A ADMINISTRAÇAO PUBLICA;10;Saúde;122;Administração Geral;44;3.3.90.08.56.00.00.00;SALÁRIO FAMÍLIA;1.500.000.1002;RECURSOS NÃO VINCULADOS DE IMPOSTOS (SAÚDE);635,40
FUNDO MUNICIPAL DE SAÚDE DE BARBACENA;18.002;FUNDO MUNICIPAL DE SAUDE;2.018;PESSOAL E ENCARGOS SOCIAIS DA SESAP;11;APOIO A ADMINISTRAÇAO PUBLICA;10;Saúde;122;Administração Geral;45;3.3.90.18.00.00.00.00;AUXÍLIO FINANCEIRO A ESTUDANTES;1.500.000.1002;RECURSOS NÃO VINCULADOS DE IMPOSTOS (SAÚDE);3.790,37
FUNDO MUNICIPAL DE SAÚDE DE BARBACENA;18.002;FUNDO MUNICIPAL DE SAUDE;2.018;PESSOAL E ENCARGOS SOCIAIS DA SESAP;11;APOIO A ADMINISTRAÇAO PUBLICA;10;Saúde;122;Administração Geral;46;3.3.90.39.99.00.00.00;OUTROS SERVIÇOS DE TERCEIROS - PESSOA JURÍDICA;1.500.000.1002;RECURSOS NÃO VINCULADOS DE IMPOSTOS (SAÚDE);204.574,92
FUNDO MUNICIPAL DE SAÚDE DE BARBACENA;18.002;FUNDO MUNICIPAL DE SAUDE;2.018;PESSOAL E ENCARGOS SOCIAIS DA SESAP;11;APOIO A ADMINISTRAÇAO PUBLICA;10;Saúde;122;Administração Geral;47;3.3.90.46.00.00.00.00;AUXÍLIO-ALIMENTAÇÃO;1.500.000.1002;RECURSOS NÃO VINCULADOS DE IMPOSTOS (SAÚDE);1.186.510,00
FUNDO MUNICIPAL DE SAÚDE DE BARBACENA;18.002;FUNDO MUNICIPAL DE SAUDE;2.018;PESSOAL E ENCARGOS SOCIAIS DA SESAP;11;APOIO A ADMINISTRAÇAO PUBLICA;10;Saúde;122;Administração Geral;47;3.3.90.46.00.00.00.00;AUXÍLIO-ALIMENTAÇÃO;1.605.000.0000;ASSISTÊNCIA FINANCEIRA DA UNIÃO DESTINADA À COMPLEMENTAÇÃO AO PAGAMENTO DOS PISOS SALARIAIS PARA PROFISSIONAIS DA ENFERMAGEM.;130.990,00
FUNDO MUNICIPAL DE SAÚDE DE BARBACENA;18.002;FUNDO MUNICIPAL DE SAUDE;2.021;MANUTENÇAO DE AÇÕES DA SESAP;11;APOIO A ADMINISTRAÇAO PUBLICA;10;Saúde;122;Administração Geral;49;3.3.90.14.05.00.00.00;DIÁRIAS DE DEMAIS SERVIDORES;1.500.000.1002;RECURSOS NÃO VINCULADOS DE IMPOSTOS (SAÚDE);3.439,47
FUNDO MUNICIPAL DE SAÚDE DE BARBACENA;18.002;FUNDO MUNICIPAL DE SAUDE;2.021;MANUTENÇAO DE AÇÕES DA SESAP;11;APOIO A ADMINISTRAÇAO PUBLICA;10;Saúde;122;Administração Geral;49;3.3.90.14.04.00.00.00;DIÁRIAS DE SECRETÁRIOS;1.707.000.0000;TRANSFERÊNCIAS DA UNIÃO – INCISO I DO ART. 5º DA LEI COMPLEMENTAR 173/2020;200,00
FUNDO MUNICIPAL DE SAÚDE DE BARBACENA;18.002;FUNDO MUNICIPAL DE SAUDE;2.021;MANUTENÇAO DE AÇÕES DA SESAP;11;APOIO A ADMINISTRAÇAO PUBLICA;10;Saúde;122;Administração Geral;49;3.3.90.14.05.00.00.00;DIÁRIAS DE DEMAIS SERVIDORES;1.707.000.0000;TRANSFERÊNCIAS DA UNIÃO – INCISO I DO ART. 5º DA LEI COMPLEMENTAR 173/2020;60,53
FUNDO MUNICIPAL DE SAÚDE DE BARBACENA;18.002;FUNDO MUNICIPAL DE SAUDE;2.021;MANUTENÇAO DE AÇÕES DA SESAP;11;APOIO A ADMINISTRAÇAO PUBLICA;10;Saúde;122;Administração Geral;49;3.3.90.14.05.00.00.00;DIÁRIAS DE DEMAIS SERVIDORES;2.707.000.0000;TRANSFERÊNCIAS DA UNIÃO – INCISO I DO ART. 5º DA LEI COMPLEMENTAR 273/2020;5.760,00
FUNDO MUNICIPAL DE SAÚDE DE BARBACENA;18.002;FUNDO MUNICIPAL DE SAUDE;2.021;MANUTENÇAO DE AÇÕES DA SESAP;11;APOIO A ADMINISTRAÇAO PUBLICA;10;Saúde;122;Administração Geral;49;3.3.90.14.04.00.00.00;DIÁRIAS DE SECRETÁRIOS;2.707.000.0000;TRANSFERÊNCIAS DA UNIÃO – INCISO I DO ART. 5º DA LEI COMPLEMENTAR 273/2020;200,00
FUNDO MUNICIPAL DE SAÚDE DE BARBACENA;18.002;FUNDO MUNICIPAL DE SAUDE;2.021;MANUTENÇAO DE AÇÕES DA SESAP;11;APOIO A ADMINISTRAÇAO PUBLICA;10;Saúde;122;Administração Geral;50;3.3.90.30.99.00.00.00;OUTROS MATERIAIS DE CONSUMO;1.500.000.1002;RECURSOS NÃO VINCULADOS DE IMPOSTOS (SAÚDE);1.688,00
FUNDO MUNICIPAL DE SAÚDE DE BARBACENA;18.002;FUNDO MUNICIPAL DE SAUDE;2.021;MANUTENÇAO DE AÇÕES DA SESAP;11;APOIO A ADMINISTRAÇAO PUBLICA;10;Saúde;122;Administração Geral;51;3.3.90.36.14.00.00.00;LOCAÇÃO DE IMÓVEIS;1.500.000.1002;RECURSOS NÃO VINCULADOS DE IMPOSTOS (SAÚDE);109.794,00
FUNDO MUNICIPAL DE SAÚDE DE BARBACENA;18.002;FUNDO MUNICIPAL DE SAUDE;2.021;MANUTENÇAO DE AÇÕES DA SESAP;11;APOIO A ADMINISTRAÇAO PUBLICA;10;Saúde;122;Administração Geral;52;3.3.90.39.43.00.00.00;SERVIÇOS DE TELECOMUNICAÇÕES;1.500.000.1002;RECURSOS NÃO VINCULADOS DE IMPOSTOS (SAÚDE);54.838,20
FUNDO MUNICIPAL DE SAÚDE DE BARBACENA;18.002;FUNDO MUNICIPAL DE SAUDE;2.021;MANUTENÇAO DE AÇÕES DA SESAP;11;APOIO A ADMINISTRAÇAO PUBLICA;10;Saúde;122;Administração Geral;52;3.3.90.39.99.00.00.00;OUTROS SERVIÇOS DE TERCEIROS - PESSOA JURÍDICA;1.500.000.1002;RECURSOS NÃO VINCULADOS DE IMPOSTOS (SAÚDE);384.449,12
FUNDO MUNICIPAL DE SAÚDE DE BARBACENA;18.002;FUNDO MUNICIPAL DE SAUDE;2.021;MANUTENÇAO DE AÇÕES DA SESAP;11;APOIO A ADMINISTRAÇAO PUBLICA;10;Saúde;122;Administração Geral;52;3.3.90.39.12.00.00.00;LOCAÇÃO DE MÁQUINAS E EQUIPAMENTOS;1.500.000.1002;RECURSOS NÃO VINCULADOS DE IMPOSTOS (SAÚDE);27.722,88
FUNDO MUNICIPAL DE SAÚDE DE BARBACENA;18.002;FUNDO MUNICIPAL DE SAUDE;2.021;MANUTENÇAO DE AÇÕES DA SESAP;11;APOIO A ADMINISTRAÇAO PUBLICA;10;Saúde;122;Administração Geral;52;3.3.90.39.29.00.00.00;SERVIÇOS DE ENERGIA ELÉTRICA;1.500.000.1002;RECURSOS NÃO VINCULADOS DE IMPOSTOS (SAÚDE);10.000,00
FUNDO MUNICIPAL DE SAÚDE DE BARBACENA;18.002;FUNDO MUNICIPAL DE SAUDE;2.021;MANUTENÇAO DE AÇÕES DA SESAP;11;APOIO A ADMINISTRAÇAO PUBLICA;10;Saúde;122;Administração Geral;52;3.3.90.39.10.00.00.00;LOCAÇÃO DE IMÓVEIS;1.500.000.1002;RECURSOS NÃO VINCULADOS DE IMPOSTOS (SAÚDE);57.895,60
FUNDO MUNICIPAL DE SAÚDE DE BARBACENA;18.002;FUNDO MUNICIPAL DE SAUDE;2.021;MANUTENÇAO DE AÇÕES DA SESAP;11;APOIO A ADMINISTRAÇAO PUBLICA;10;Saúde;122;Administração Geral;54;3.3.90.92.00.00.00.00;DESPESAS DE EXERCÍCIOS ANTERIORES;1.500.000.1002;RECURSOS NÃO VINCULADOS DE IMPOSTOS (SAÚDE);14.473,90
FUNDO MUNICIPAL DE SAÚDE DE BARBACENA;18.002;FUNDO MUNICIPAL DE SAUDE;2.021;MANUTENÇAO DE AÇÕES DA SESAP;11;APOIO A ADMINISTRAÇAO PUBLICA;10;Saúde;122;Administração Geral;56;4.4.90.52.12.00.00.00;EQUIPAMENTO DE PROTEÇÃO, SEGURANÇA E SOCORRO;1.500.000.1002;RECURSOS NÃO VINCULADOS DE IMPOSTOS (SAÚDE);8.350,00
FUNDO MUNICIPAL DE SAÚDE DE BARBACENA;18.002;FUNDO MUNICIPAL DE SAUDE;2.021;MANUTENÇAO DE AÇÕES DA SESAP;11;APOIO A ADMINISTRAÇAO PUBLICA;10;Saúde;122;Administração Geral;56;4.4.90.52.99.00.00.00;OUTROS MATERIAIS PERMANENTES;1.500.000.1002;RECURSOS NÃO VINCULADOS DE IMPOSTOS (SAÚDE);75.001,61
FUNDO MUNICIPAL DE SAÚDE DE BARBACENA;18.002;FUNDO MUNICIPAL DE SAUDE;2.021;MANUTENÇAO DE AÇÕES DA SESAP;11;APOIO A ADMINISTRAÇAO PUBLICA;10;Saúde;122;Administração Geral;56;4.4.90.52.27.00.00.00;VEÍCULOS DIVERSOS;1.500.000.1002;RECURSOS NÃO VINCULADOS DE IMPOSTOS (SAÚDE);1.895,00
PREFEITURA MUNICIPAL DE BARBACENA;02.001;CGM;2.134;PESSOAL E ENCARGOS SOCIAIS DA CGM;11;APOIO A ADMINISTRAÇAO PUBLICA;4;Administração;122;Administração Geral;2;3.1.90.11.01.00.00.00;VENCIMENTOS E SALÁRIOS;1.500.000.0000;RECURSOS NÃO VINCULADOS DE IMPOSTOS;790.061,06
PREFEITURA MUNICIPAL DE BARBACENA;02.001;CGM;2.134;PESSOAL E ENCARGOS SOCIAIS DA CGM;11;APOIO A ADMINISTRAÇAO PUBLICA;4;Administração;122;Administração Geral;2;3.1.90.11.52.00.00.00;LICENÇA SAÚDE;1.500.000.0000;RECURSOS NÃO VINCULADOS DE IMPOSTOS;1.438,91
PREFEITURA MUNICIPAL DE BARBACENA;02.001;CGM;2.134;PESSOAL E ENCARGOS SOCIAIS DA CGM;11;APOIO A ADMINISTRAÇAO PUBLICA;4;Administração;122;Administração Geral;2;3.1.90.11.01.00.00.00;VENCIMENTOS E SALÁRIOS;1.753.000.0000;RECURSOS PROVENIENTES DE TAXAS, CONTRIBUIÇÕES E PREÇOS PÚBLICOS;73.347,05
PREFEITURA MUNICIPAL DE BARBACENA;02.001;CGM;2.134;PESSOAL E ENCARGOS SOCIAIS DA CGM;11;APOIO A ADMINISTRAÇAO PUBLICA;4;Administração;122;Administração Geral;3;3.1.90.13.03.00.00.00;CONTRIBUIÇÃO PATRONAL PARA INSS;1.500.000.0000;RECURSOS NÃO VINCULADOS DE IMPOSTOS;26.654,43
PREFEITURA MUNICIPAL DE BARBACENA;02.001;CGM;2.134;PESSOAL E ENCARGOS SOCIAIS DA CGM;11;APOIO A ADMINISTRAÇAO PUBLICA;4;Administração;122;Administração Geral;3;3.1.90.13.03.00.00.00;CONTRIBUIÇÃO PATRONAL PARA INSS;1.753.000.0000;RECURSOS PROVENIENTES DE TAXAS, CONTRIBUIÇÕES E PREÇOS PÚBLICOS;2.226,12
PREFEITURA MUNICIPAL DE BARBACENA;02.001;CGM;2.134;PESSOAL E ENCARGOS SOCIAIS DA CGM;11;APOIO A ADMINISTRAÇAO PUBLICA;4;Administração;122;Administração Geral;6;3.1.91.13.08.00.00.00;CONTRIB. PREV.- RPPS - PESSOAL ATIVO - PLANO PREV.;1.500.000.0000;RECURSOS NÃO VINCULADOS DE IMPOSTOS;132.532,49
PREFEITURA MUNICIPAL DE BARBACENA;02.001;CGM;2.134;PESSOAL E ENCARGOS SOCIAIS DA CGM;11;APOIO A ADMINISTRAÇAO PUBLICA;4;Administração;122;Administração Geral;6;3.1.91.13.08.00.00.00;CONTRIB. PREV.- RPPS - PESSOAL ATIVO - PLANO PREV.;1.753.000.0000;RECURSOS PROVENIENTES DE TAXAS, CONTRIBUIÇÕES E PREÇOS PÚBLICOS;10.992,53
PREFEITURA MUNICIPAL DE BARBACENA;02.001;CGM;2.134;PESSOAL E ENCARGOS SOCIAIS DA CGM;11;APOIO A ADMINISTRAÇAO PUBLICA;4;Administração;122;Administração Geral;8;3.3.90.46.00.00.00.00;AUXÍLIO-ALIMENTAÇÃO;1.500.000.0000;RECURSOS NÃO VINCULADOS DE IMPOSTOS;50.880,00
PREFEITURA MUNICIPAL DE BARBACENA;02.001;CGM;2.134;PESSOAL E ENCARGOS SOCIAIS DA CGM;11;APOIO A ADMINISTRAÇAO PUBLICA;4;Administração;122;Administração Geral;8;3.3.90.46.00.00.00.00;AUXÍLIO-ALIMENTAÇÃO;1.753.000.0000;RECURSOS PROVENIENTES DE TAXAS, CONTRIBUIÇÕES E PREÇOS PÚBLICOS;4.800,00
PREFEITURA MUNICIPAL DE BARBACENA;02.001;CGM;2.140;MANUTENCAO DA CGM;11;APOIO A ADMINISTRAÇAO PUBLICA;4;Administração;122;Administração Geral;11;3.3.90.39.43.00.00.00;SERVIÇOS DE TELECOMUNICAÇÕES;1.500.000.0000;RECURSOS NÃO VINCULADOS DE IMPOSTOS;4.067,72
PREFEITURA MUNICIPAL DE BARBACENA;02.001;CGM;2.140;MANUTENCAO DA CGM;11;APOIO A ADMINISTRAÇAO PUBLICA;4;Administração;122;Administração Geral;11;3.3.90.39.12.00.00.00;LOCAÇÃO DE MÁQUINAS E EQUIPAMENTOS;1.500.000.0000;RECURSOS NÃO VINCULADOS DE IMPOSTOS;4.620,48
PREFEITURA MUNICIPAL DE BARBACENA;02.001;CGM;2.140;MANUTENCAO DA CGM;11;APOIO A ADMINISTRAÇAO PUBLICA;4;Administração;122;Administração Geral;11;3.3.90.39.99.00.00.00;OUTROS SERVIÇOS DE TERCEIROS - PESSOA JURÍDICA;1.500.000.0000;RECURSOS NÃO VINCULADOS DE IMPOSTOS;36.500,00
PREFEITURA MUNICIPAL DE BARBACENA;02.001;CGM;2.140;MANUTENCAO DA CGM;11;APOIO A ADMINISTRAÇAO PUBLICA;4;Administração;122;Administração Geral;14;4.4.90.52.20.00.00.00;MÁQUINAS, INSTALAÇÕES E UTENSÍLIOS DE ESCRITÓRIO;1.500.000.0000;RECURSOS NÃO VINCULADOS DE IMPOSTOS;3.631,00
PREFEITURA MUNICIPAL DE BARBACENA;02.001;CGM;2.140;MANUTENCAO DA CGM;11;APOIO A ADMINISTRAÇAO PUBLICA;4;Administração;122;Administração Geral;14;4.4.90.52.99.00.00.00;OUTROS MATERIAIS PERMANENTES;1.500.000.0000;RECURSOS NÃO VINCULADOS DE IMPOSTOS;5.560,00
PREFEITURA MUNICIPAL DE BARBACENA;02.001;CGM;2.140;MANUTENCAO DA CGM;11;APOIO A ADMINISTRAÇAO PUBLICA;4;Administração;122;Administração Geral;986;3.3.90.92.00.00.00.00;DESPESAS DE EXERCÍCIOS ANTERIORES;1.500.000.0000;RECURSOS NÃO VINCULADOS DE IMPOSTOS;180,00
PREFEITURA MUNICIPAL DE BARBACENA;03.001;CONTROLADORIA GERAL DO MUNICIPIO-CGEM;2.141;PESSOAL E ENCARGOS SOCIAIS DA CGEM;11;APOIO A ADMINISTRAÇAO PUBLICA;4;Administração;124;Controle Interno;16;3.1.90.11.01.00.00.00;VENCIMENTOS E SALÁRIOS;1.500.000.0000;RECURSOS NÃO VINCULADOS DE IMPOSTOS;588.746,61
PREFEITURA MUNICIPAL DE BARBACENA;03.001;CONTROLADORIA GERAL DO MUNICIPIO-CGEM;2.141;PESSOAL E ENCARGOS SOCIAIS DA CGEM;11;APOIO A ADMINISTRAÇAO PUBLICA;4;Administração;124;Controle Interno;16;3.1.90.11.52.00.00.00;LICENÇA SAÚDE;1.500.000.0000;RECURSOS NÃO VINCULADOS DE IMPOSTOS;12.915,53
PREFEITURA MUNICIPAL DE BARBACENA;03.001;CONTROLADORIA GERAL DO MUNICIPIO-CGEM;2.141;PESSOAL E ENCARGOS SOCIAIS DA CGEM;11;APOIO A ADMINISTRAÇAO PUBLICA;4;Administração;124;Controle Interno;16;3.1.90.11.52.00.00.00;LICENÇA SAÚDE;1.753.000.0000;RECURSOS PROVENIENTES DE TAXAS, CONTRIBUIÇÕES E PREÇOS PÚBLICOS;484,33
PREFEITURA MUNICIPAL DE BARBACENA;03.001;CONTROLADORIA GERAL DO MUNICIPIO-CGEM;2.141;PESSOAL E ENCARGOS SOCIAIS DA CGEM;11;APOIO A ADMINISTRAÇAO PUBLICA;4;Administração;124;Controle Interno;16;3.1.90.11.01.00.00.00;VENCIMENTOS E SALÁRIOS;1.753.000.0000;RECURSOS PROVENIENTES DE TAXAS, CONTRIBUIÇÕES E PREÇOS PÚBLICOS;47.754,56
PREFEITURA MUNICIPAL DE BARBACENA;03.001;CONTROLADORIA GERAL DO MUNICIPIO-CGEM;2.141;PESSOAL E ENCARGOS SOCIAIS DA CGEM;11;APOIO A ADMINISTRAÇAO PUBLICA;4;Administração;124;Controle Interno;16;3.1.90.11.09.00.00.00;SUBSÍDIO DE SECRETÁRIO MUNICIPAL;1.753.000.0000;RECURSOS PROVENIENTES DE TAXAS, CONTRIBUIÇÕES E PREÇOS PÚBLICOS;5.218,02
PREFEITURA MUNICIPAL DE BARBACENA;03.001;CONTROLADORIA GERAL DO MUNICIPIO-CGEM;2.141;PESSOAL E ENCARGOS SOCIAIS DA CGEM;11;APOIO A ADMINISTRAÇAO PUBLICA;4;Administração;124;Controle Interno;17;3.1.90.13.03.00.00.00;CONTRIBUIÇÃO PATRONAL PARA INSS;1.500.000.0000;RECURSOS NÃO VINCULADOS DE IMPOSTOS;13.525,51
PREFEITURA MUNICIPAL DE BARBACENA;03.001;CONTROLADORIA GERAL DO MUNICIPIO-CGEM;2.141;PESSOAL E ENCARGOS SOCIAIS DA CGEM;11;APOIO A ADMINISTRAÇAO PUBLICA;4;Administração;124;Controle Interno;17;3.1.90.13.03.00.00.00;CONTRIBUIÇÃO PATRONAL PARA INSS;1.753.000.0000;RECURSOS PROVENIENTES DE TAXAS, CONTRIBUIÇÕES E PREÇOS PÚBLICOS;1.228,20
PREFEITURA MUNICIPAL DE BARBACENA;03.001;CONTROLADORIA GERAL DO MUNICIPIO-CGEM;2.141;PESSOAL E ENCARGOS SOCIAIS DA CGEM;11;APOIO A ADMINISTRAÇAO PUBLICA;4;Administração;124;Controle Interno;19;3.1.91.13.08.00.00.00;CONTRIB. PREV.- RPPS - PESSOAL ATIVO - PLANO PREV.;1.500.000.0000;RECURSOS NÃO VINCULADOS DE IMPOSTOS;124.125,38
PREFEITURA MUNICIPAL DE BARBACENA;03.001;CONTROLADORIA GERAL DO MUNICIPIO-CGEM;2.141;PESSOAL E ENCARGOS SOCIAIS DA CGEM;11;APOIO A ADMINISTRAÇAO PUBLICA;4;Administração;124;Controle Interno;19;3.1.91.13.08.00.00.00;CONTRIB. PREV.- RPPS - PESSOAL ATIVO - PLANO PREV.;1.753.000.0000;RECURSOS PROVENIENTES DE TAXAS, CONTRIBUIÇÕES E PREÇOS PÚBLICOS;10.000,34
PREFEITURA MUNICIPAL DE BARBACENA;03.001;CONTROLADORIA GERAL DO MUNICIPIO-CGEM;2.141;PESSOAL E ENCARGOS SOCIAIS DA CGEM;11;APOIO A ADMINISTRAÇAO PUBLICA;4;Administração;124;Controle Interno;22;3.3.90.46.00.00.00.00;AUXÍLIO-ALIMENTAÇÃO;1.500.000.0000;RECURSOS NÃO VINCULADOS DE IMPOSTOS;52.220,00
PREFEITURA MUNICIPAL DE BARBACENA;03.001;CONTROLADORIA GERAL DO MUNICIPIO-CGEM;2.141;PESSOAL E ENCARGOS SOCIAIS DA CGEM;11;APOIO A ADMINISTRAÇAO PUBLICA;4;Administração;124;Controle Interno;22;3.3.90.46.00.00.00.00;AUXÍLIO-ALIMENTAÇÃO;1.753.000.0000;RECURSOS PROVENIENTES DE TAXAS, CONTRIBUIÇÕES E PREÇOS PÚBLICOS;5.400,00
PREFEITURA MUNICIPAL DE BARBACENA;03.001;CONTROLADORIA GERAL DO MUNICIPIO-CGEM;2.142;MANUTENÇAO DA CGEM;11;APOIO A ADMINISTRAÇAO PUBLICA;4;Administração;124;Controle Interno;25;3.3.90.39.43.00.00.00;SERVIÇOS DE TELECOMUNICAÇÕES;1.500.000.0000;RECURSOS NÃO VINCULADOS DE IMPOSTOS;3.840,44
PREFEITURA MUNICIPAL DE BARBACENA;03.001;CONTROLADORIA GERAL DO MUNICIPIO-CGEM;2.142;MANUTENÇAO DA CGEM;11;APOIO A ADMINISTRAÇAO PUBLICA;4;Administração;124;Controle Interno;25;3.3.90.39.12.00.00.00;LOCAÇÃO DE MÁQUINAS E EQUIPAMENTOS;1.500.000.0000;RECURSOS NÃO VINCULADOS DE IMPOSTOS;4.620,48
PREFEITURA MUNICIPAL DE BARBACENA;03.001;CONTROLADORIA GERAL DO MUNICIPIO-CGEM;2.142;MANUTENÇAO DA CGEM;11;APOIO A ADMINISTRAÇAO PUBLICA;4;Administração;124;Controle Interno;27;4.4.90.52.24.00.00.00;MOBILIÁRIO EM GERAL;1.500.000.0000;RECURSOS NÃO VINCULADOS DE IMPOSTOS;4.185,00
PREFEITURA MUNICIPAL DE BARBACENA;03.001;CONTROLADORIA GERAL DO MUNICIPIO-CGEM;2.142;MANUTENÇAO DA CGEM;11;APOIO A ADMINISTRAÇAO PUBLICA;4;Administração;124;Controle Interno;27;4.4.90.52.20.00.00.00;MÁQUINAS, INSTALAÇÕES E UTENSÍLIOS DE ESCRITÓRIO;1.500.000.0000;RECURSOS NÃO VINCULADOS DE IMPOSTOS;970,00
PREFEITURA MUNICIPAL DE BARBACENA;03.001;CONTROLADORIA GERAL DO MUNICIPIO-CGEM;2.142;MANUTENÇAO DA CGEM;11;APOIO A ADMINISTRAÇAO PUBLICA;4;Administração;124;Controle Interno;27;4.4.90.52.06.00.00.00;APARELHOS E UTENSÍLIOS DOMÉSTICOS;1.500.000.0000;RECURSOS NÃO VINCULADOS DE IMPOSTOS;2.985,00
PREFEITURA MUNICIPAL DE BARBACENA;03.001;CONTROLADORIA GERAL DO MUNICIPIO-CGEM;2.142;MANUTENÇAO DA CGEM;11;APOIO A ADMINISTRAÇAO PUBLICA;4;Administração;124;Controle Interno;985;3.3.90.92.00.00.00.00;DESPESAS DE EXERCÍCIOS ANTERIORES;1.500.000.0000;RECURSOS NÃO VINCULADOS DE IMPOSTOS;180,00
PREFEITURA MUNICIPAL DE BARBACENA;05.001;SEGAB;2.067;MANUTENÇAO DE PUBLICAÇOES OFICIAIS;11;APOIO A ADMINISTRAÇAO PUBLICA;4;Administração;122;Administração Geral;28;3.3.90.39.33.00.00.00;SERVIÇOS DE COMUNICAÇÃO EM GERAL;1.500.000.0000;RECURSOS NÃO VINCULADOS DE IMPOSTOS;12.265,53
PREFEITURA MUNICIPAL DE BARBACENA;05.001;SEGAB;2.067;MANUTENÇAO DE PUBLICAÇOES OFICIAIS;11;APOIO A ADMINISTRAÇAO PUBLICA;4;Administração;122;Administração Geral;28;3.3.90.39.33.00.00.00;SERVIÇOS DE COMUNICAÇÃO EM GERAL;2.500.000.0000;RECURSOS NÃO VINCULADOS DE IMPOSTOS;220,85
PREFEITURA MUNICIPAL DE BARBACENA;05.001;SEGAB;2.150;MANUTENÇAO DA SEGAB;11;APOIO A ADMINISTRAÇAO PUBLICA;4;Administração;122;Administração Geral;31;3.3.90.14.03.00.00.00;DIÁRIAS DE PREFEITO;1.500.000.0000;RECURSOS NÃO VINCULADOS DE IMPOSTOS;10.600,00
PREFEITURA MUNICIPAL DE BARBACENA;05.001;SEGAB;2.150;MANUTENÇAO DA SEGAB;11;APOIO A ADMINISTRAÇAO PUBLICA;4;Administração;122;Administração Geral;31;3.3.90.14.04.00.00.00;DIÁRIAS DE SECRETÁRIOS;1.500.000.0000;RECURSOS NÃO VINCULADOS DE IMPOSTOS;3.900,00
PREFEITURA MUNICIPAL DE BARBACENA;05.001;SEGAB;2.150;MANUTENÇAO DA SEGAB;11;APOIO A ADMINISTRAÇAO PUBLICA;4;Administração;122;Administração Geral;31;3.3.90.14.05.00.00.00;DIÁRIAS DE DEMAIS SERVIDORES;1.500.000.0000;RECURSOS NÃO VINCULADOS DE IMPOSTOS;100,00
PREFEITURA MUNICIPAL DE BARBACENA;05.001;SEGAB;2.150;MANUTENÇAO DA SEGAB;11;APOIO A ADMINISTRAÇAO PUBLICA;4;Administração;122;Administração Geral;33;3.3.90.30.28.00.00.00;MATERIAL DE PROTEÇÃO E SEGURANÇA;1.500.000.0000;RECURSOS NÃO VINCULADOS DE IMPOSTOS;16,00
PREFEITURA MUNICIPAL DE BARBACENA;05.001;SEGAB;2.150;MANUTENÇAO DA SEGAB;11;APOIO A ADMINISTRAÇAO PUBLICA;4;Administração;122;Administração Geral;33;3.3.90.30.07.00.00.00;GÊNEROS DE ALIMENTAÇÃO;1.500.000.0000;RECURSOS NÃO VINCULADOS DE IMPOSTOS;649,90
PREFEITURA MUNICIPAL DE BARBACENA;05.001;SEGAB;2.150;MANUTENÇAO DA SEGAB;11;APOIO A ADMINISTRAÇAO PUBLICA;4;Administração;122;Administração Geral;35;3.3.90.39.43.00.00.00;SERVIÇOS DE TELECOMUNICAÇÕES;1.500.000.0000;RECURSOS NÃO VINCULADOS DE IMPOSTOS;7.404,83
PREFEITURA MUNICIPAL DE BARBACENA;05.001;SEGAB;2.150;MANUTENÇAO DA SEGAB;11;APOIO A ADMINISTRAÇAO PUBLICA;4;Administração;122;Administração Geral;35;3.3.90.39.05.00.00.00;SERVIÇOS TÉCNICOS PROFISSIONAIS;1.500.000.0000;RECURSOS NÃO VINCULADOS DE IMPOSTOS;1.170.624,56
PREFEITURA MUNICIPAL DE BARBACENA;05.001;SEGAB;2.150;MANUTENÇAO DA SEGAB;11;APOIO A ADMINISTRAÇAO PUBLICA;4;Administração;122;Administração Geral;35;3.3.90.39.99.00.00.00;OUTROS SERVIÇOS DE TERCEIROS - PESSOA JURÍDICA;1.500.000.0000;RECURSOS NÃO VINCULADOS DE IMPOSTOS;170.631,25
PREFEITURA MUNICIPAL DE BARBACENA;05.001;SEGAB;2.150;MANUTENÇAO DA SEGAB;11;APOIO A ADMINISTRAÇAO PUBLICA;4;Administração;122;Administração Geral;35;3.3.90.39.12.00.00.00;LOCAÇÃO DE MÁQUINAS E EQUIPAMENTOS;1.500.000.0000;RECURSOS NÃO VINCULADOS DE IMPOSTOS;13.861,44
PREFEITURA MUNICIPAL DE BARBACENA;05.001;SEGAB;2.150;MANUTENÇAO DA SEGAB;11;APOIO A ADMINISTRAÇAO PUBLICA;4;Administração;122;Administração Geral;35;3.3.90.39.19.00.00.00;EXPOSIÇÕES, CONGRESSOS E CONFERÊNCIAS;1.500.000.0000;RECURSOS NÃO VINCULADOS DE IMPOSTOS;14.800,00
PREFEITURA MUNICIPAL DE BARBACENA;05.001;SEGAB;2.150;MANUTENÇAO DA SEGAB;11;APOIO A ADMINISTRAÇAO PUBLICA;4;Administração;122;Administração Geral;35;3.3.90.39.05.00.00.00;SERVIÇOS TÉCNICOS PROFISSIONAIS;2.500.000.0000;RECURSOS NÃO VINCULADOS DE IMPOSTOS;285.000,00
PREFEITURA MUNICIPAL DE BARBACENA;05.001;SEGAB;2.150;MANUTENÇAO DA SEGAB;11;APOIO A ADMINISTRAÇAO PUBLICA;4;Administração;122;Administração Geral;37;3.3.90.92.00.00.00.00;DESPESAS DE EXERCÍCIOS ANTERIORES;1.500.000.0000;RECURSOS NÃO VINCULADOS DE IMPOSTOS;2.560,00
PREFEITURA MUNICIPAL DE BARBACENA;05.001;SEGAB;2.150;MANUTENÇAO DA SEGAB;11;APOIO A ADMINISTRAÇAO PUBLICA;4;Administração;122;Administração Geral;39;4.4.90.52.19.00.00.00;EQUIPAMENTOS DE PROCESSAMENTO DE DADOS;1.500.000.0000;RECURSOS NÃO VINCULADOS DE IMPOSTOS;120,00
PREFEITURA MUNICIPAL DE BARBACENA;05.001;SEGAB;2.150;MANUTENÇAO DA SEGAB;11;APOIO A ADMINISTRAÇAO PUBLICA;4;Administração;122;Administração Geral;39;4.4.90.52.20.00.00.00;MÁQUINAS, INSTALAÇÕES E UTENSÍLIOS DE ESCRITÓRIO;1.500.000.0000;RECURSOS NÃO VINCULADOS DE IMPOSTOS;1.940,00
PREFEITURA MUNICIPAL DE BARBACENA;05.001;SEGAB;2.150;MANUTENÇAO DA SEGAB;11;APOIO A ADMINISTRAÇAO PUBLICA;4;Administração;122;Administração Geral;39;4.4.90.52.99.00.00.00;OUTROS MATERIAIS PERMANENTES;1.500.000.0000;RECURSOS NÃO VINCULADOS DE IMPOSTOS;7.779,52
PREFEITURA MUNICIPAL DE BARBACENA;05.001;SEGAB;2.150;MANUTENÇAO DA SEGAB;11;APOIO A ADMINISTRAÇAO PUBLICA;4;Administração;122;Administração Geral;39;4.4.90.52.06.00.00.00;APARELHOS E UTENSÍLIOS DOMÉSTICOS;1.500.000.0000;RECURSOS NÃO VINCULADOS DE IMPOSTOS;2.985,00
PREFEITURA MUNICIPAL DE BARBACENA;05.001;SEGAB;2.150;MANUTENÇAO DA SEGAB;11;APOIO A ADMINISTRAÇAO PUBLICA;4;Administração;122;Administração Geral;39;4.4.90.52.12.00.00.00;EQUIPAMENTO DE PROTEÇÃO, SEGURANÇA E SOCORRO;1.500.000.0000;RECURSOS NÃO VINCULADOS DE IMPOSTOS;501,00
PREFEITURA MUNICIPAL DE BARBACENA;05.001;SEGAB;2.151;PARCERIAS DE REPRESENTAÇAO E COOPERAÇAO INSTITUCIONAL;11;APOIO A ADMINISTRAÇAO PUBLICA;4;Administração;122;Administração Geral;41;3.3.70.41.00.00.00.00;CONTRIBUIÇÕES;1.500.000.0000;RECURSOS NÃO VINCULADOS DE IMPOSTOS;1.790.924,59
PREFEITURA MUNICIPAL DE BARBACENA;05.001;SEGAB;2.151;PARCERIAS DE REPRESENTAÇAO E COOPERAÇAO INSTITUCIONAL;11;APOIO A ADMINISTRAÇAO PUBLICA;4;Administração;122;Administração Geral;41;3.3.70.41.00.00.00.00;CONTRIBUIÇÕES;1.501.000.0000;OUTROS RECURSOS NÃO VINCULADOS;227.626,66
PREFEITURA MUNICIPAL DE BARBACENA;05.001;SEGAB;2.151;PARCERIAS DE REPRESENTAÇAO E COOPERAÇAO INSTITUCIONAL;11;APOIO A ADMINISTRAÇAO PUBLICA;4;Administração;122;Administração Geral;41;3.3.70.41.00.00.00.00;CONTRIBUIÇÕES;1.753.000.0000;RECURSOS PROVENIENTES DE TAXAS, CONTRIBUIÇÕES E PREÇOS PÚBLICOS;95.405,34
PREFEITURA MUNICIPAL DE BARBACENA;05.001;SEGAB;2.152;PESSOAL E ENCARGOS SOCIAIS DA SEGAB;11;APOIO A ADMINISTRAÇAO PUBLICA;4;Administração;122;Administração Geral;43;3.1.90.04.01.00.00.00;SALÁRIO CONTRATO TEMPORÁRIO;1.500.000.0000;RECURSOS NÃO VINCULADOS DE IMPOSTOS;62.429,60
PREFEITURA MUNICIPAL DE BARBACENA;05.001;SEGAB;2.152;PESSOAL E ENCARGOS SOCIAIS DA SEGAB;11;APOIO A ADMINISTRAÇAO PUBLICA;4;Administração;122;Administração Geral;43;3.1.90.04.15.00.00.00;OBRIGAÇÕES PATRONAIS - CONTRATO TEMPORÁRIO;1.500.000.0000;RECURSOS NÃO VINCULADOS DE IMPOSTOS;5.901,30
PREFEITURA MUNICIPAL DE BARBACENA;05.001;SEGAB;2.152;PESSOAL E ENCARGOS SOCIAIS DA SEGAB;11;APOIO A ADMINISTRAÇAO PUBLICA;4;Administração;122;Administração Geral;43;3.1.90.04.01.00.00.00;SALÁRIO CONTRATO TEMPORÁRIO;1.753.000.0000;RECURSOS PROVENIENTES DE TAXAS, CONTRIBUIÇÕES E PREÇOS PÚBLICOS;5.004,21
PREFEITURA MUNICIPAL DE BARBACENA;05.001;SEGAB;2.152;PESSOAL E ENCARGOS SOCIAIS DA SEGAB;11;APOIO A ADMINISTRAÇAO PUBLICA;4;Administração;122;Administração Geral;43;3.1.90.04.15.00.00.00;OBRIGAÇÕES PATRONAIS - CONTRATO TEMPORÁRIO;1.753.000.0000;RECURSOS PROVENIENTES DE TAXAS, CONTRIBUIÇÕES E PREÇOS PÚBLICOS;490,77
PREFEITURA MUNICIPAL DE BARBACENA;05.001;SEGAB;2.152;PESSOAL E ENCARGOS SOCIAIS DA SEGAB;11;APOIO A ADMINISTRAÇAO PUBLICA;4;Administração;122;Administração Geral;44;3.1.90.11.01.00.00.00;VENCIMENTOS E SALÁRIOS;1.500.000.0000;RECURSOS NÃO VINCULADOS DE IMPOSTOS;746.565,93
PREFEITURA MUNICIPAL DE BARBACENA;05.001;SEGAB;2.152;PESSOAL E ENCARGOS SOCIAIS DA SEGAB;11;APOIO A ADMINISTRAÇAO PUBLICA;4;Administração;122;Administração Geral;44;3.1.90.11.09.00.00.00;SUBSÍDIO DE SECRETÁRIO MUNICIPAL;1.500.000.0000;RECURSOS NÃO VINCULADOS DE IMPOSTOS;112.837,20
PREFEITURA MUNICIPAL DE BARBACENA;05.001;SEGAB;2.152;PESSOAL E ENCARGOS SOCIAIS DA SEGAB;11;APOIO A ADMINISTRAÇAO PUBLICA;4;Administração;122;Administração Geral;44;3.1.90.11.07.00.00.00;SUBSÍDIO DE PREFEITO;1.500.000.0000;RECURSOS NÃO VINCULADOS DE IMPOSTOS;317.251,31
PREFEITURA MUNICIPAL DE BARBACENA;05.001;SEGAB;2.152;PESSOAL E ENCARGOS SOCIAIS DA SEGAB;11;APOIO A ADMINISTRAÇAO PUBLICA;4;Administração;122;Administração Geral;44;3.1.90.11.08.00.00.00;SUBSÍDIO DE VICE-PREFEITO;1.500.000.0000;RECURSOS NÃO VINCULADOS DE IMPOSTOS;161.213,28
PREFEITURA MUNICIPAL DE BARBACENA;05.001;SEGAB;2.152;PESSOAL E ENCARGOS SOCIAIS DA SEGAB;11;APOIO A ADMINISTRAÇAO PUBLICA;4;Administração;122;Administração Geral;44;3.1.90.11.52.00.00.00;LICENÇA SAÚDE;1.500.000.0000;RECURSOS NÃO VINCULADOS DE IMPOSTOS;199,95
PREFEITURA MUNICIPAL DE BARBACENA;05.001;SEGAB;2.152;PESSOAL E ENCARGOS SOCIAIS DA SEGAB;11;APOIO A ADMINISTRAÇAO PUBLICA;4;Administração;122;Administração Geral;44;3.1.90.11.08.00.00.00;SUBSÍDIO DE VICE-PREFEITO;1.753.000.0000;RECURSOS PROVENIENTES DE TAXAS, CONTRIBUIÇÕES E PREÇOS PÚBLICOS;85.084,79
PREFEITURA MUNICIPAL DE BARBACENA;05.001;SEGAB;2.152;PESSOAL E ENCARGOS SOCIAIS DA SEGAB;11;APOIO A ADMINISTRAÇAO PUBLICA;4;Administração;122;Administração Geral;44;3.1.90.11.52.00.00.00;LICENÇA SAÚDE;1.753.000.0000;RECURSOS PROVENIENTES DE TAXAS, CONTRIBUIÇÕES E PREÇOS PÚBLICOS;399,90
PREFEITURA MUNICIPAL DE BARBACENA;05.001;SEGAB;2.152;PESSOAL E ENCARGOS SOCIAIS DA SEGAB;11;APOIO A ADMINISTRAÇAO PUBLICA;4;Administração;122;Administração Geral;44;3.1.90.11.50.00.00.00;SALÁRIO MATERNIDADE;1.753.000.0000;RECURSOS PROVENIENTES DE TAXAS, CONTRIBUIÇÕES E PREÇOS PÚBLICOS;3.297,86
PREFEITURA MUNICIPAL DE BARBACENA;05.001;SEGAB;2.152;PESSOAL E ENCARGOS SOCIAIS DA SEGAB;11;APOIO A ADMINISTRAÇAO PUBLICA;4;Administração;122;Administração Geral;44;3.1.90.11.01.00.00.00;VENCIMENTOS E SALÁRIOS;1.753.000.0000;RECURSOS PROVENIENTES DE TAXAS, CONTRIBUIÇÕES E PREÇOS PÚBLICOS;94.788,31
PREFEITURA MUNICIPAL DE BARBACENA;05.001;SEGAB;2.152;PESSOAL E ENCARGOS SOCIAIS DA SEGAB;11;APOIO A ADMINISTRAÇAO PUBLICA;4;Administração;122;Administração Geral;44;3.1.90.11.09.00.00.00;SUBSÍDIO DE SECRETÁRIO MUNICIPAL;1.753.000.0000;RECURSOS PROVENIENTES DE TAXAS, CONTRIBUIÇÕES E PREÇOS PÚBLICOS;9.403,10
PREFEITURA MUNICIPAL DE BARBACENA;05.001;SEGAB;2.152;PESSOAL E ENCARGOS SOCIAIS DA SEGAB;11;APOIO A ADMINISTRAÇAO PUBLICA;4;Administração;122;Administração Geral;44;3.1.90.11.07.00.00.00;SUBSÍDIO DE PREFEITO;1.753.000.0000;RECURSOS PROVENIENTES DE TAXAS, CONTRIBUIÇÕES E PREÇOS PÚBLICOS;169.386,71
PREFEITURA MUNICIPAL DE BARBACENA;05.001;SEGAB;2.152;PESSOAL E ENCARGOS SOCIAIS DA SEGAB;11;APOIO A ADMINISTRAÇAO PUBLICA;4;Administração;122;Administração Geral;45;3.1.90.13.03.00.00.00;CONTRIBUIÇÃO PATRONAL PARA INSS;1.500.000.0000;RECURSOS NÃO VINCULADOS DE IMPOSTOS;73.524,93
PREFEITURA MUNICIPAL DE BARBACENA;05.001;SEGAB;2.152;PESSOAL E ENCARGOS SOCIAIS DA SEGAB;11;APOIO A ADMINISTRAÇAO PUBLICA;4;Administração;122;Administração Geral;45;3.1.90.13.99.00.00.00;OUTRAS OBRIGAÇÕES;1.500.000.0000;RECURSOS NÃO VINCULADOS DE IMPOSTOS;18.550,11
PREFEITURA MUNICIPAL DE BARBACENA;05.001;SEGAB;2.152;PESSOAL E ENCARGOS SOCIAIS DA SEGAB;11;APOIO A ADMINISTRAÇAO PUBLICA;4;Administração;122;Administração Geral;45;3.1.90.13.03.00.00.00;CONTRIBUIÇÃO PATRONAL PARA INSS;1.753.000.0000;RECURSOS PROVENIENTES DE TAXAS, CONTRIBUIÇÕES E PREÇOS PÚBLICOS;6.125,86
PREFEITURA MUNICIPAL DE BARBACENA;05.001;SEGAB;2.152;PESSOAL E ENCARGOS SOCIAIS DA SEGAB;11;APOIO A ADMINISTRAÇAO PUBLICA;4;Administração;122;Administração Geral;45;3.1.90.13.02.00.00.00;CONTRIBUIÇÃO PATRONAL PARA RPPS;1.753.000.0000;RECURSOS PROVENIENTES DE TAXAS, CONTRIBUIÇÕES E PREÇOS PÚBLICOS;1.331,27
PREFEITURA MUNICIPAL DE BARBACENA;05.001;SEGAB;2.152;PESSOAL E ENCARGOS SOCIAIS DA SEGAB;11;APOIO A ADMINISTRAÇAO PUBLICA;4;Administração;122;Administração Geral;48;3.1.91.13.08.00.00.00;CONTRIB. PREV.- RPPS - PESSOAL ATIVO - PLANO PREV.;1.500.000.0000;RECURSOS NÃO VINCULADOS DE IMPOSTOS;63.354,36
PREFEITURA MUNICIPAL DE BARBACENA;05.001;SEGAB;2.152;PESSOAL E ENCARGOS SOCIAIS DA SEGAB;11;APOIO A ADMINISTRAÇAO PUBLICA;4;Administração;122;Administração Geral;48;3.1.91.13.08.00.00.00;CONTRIB. PREV.- RPPS - PESSOAL ATIVO - PLANO PREV.;1.753.000.0000;RECURSOS PROVENIENTES DE TAXAS, CONTRIBUIÇÕES E PREÇOS PÚBLICOS;5.279,53
PREFEITURA MUNICIPAL DE BARBACENA;05.001;SEGAB;2.152;PESSOAL E ENCARGOS SOCIAIS DA SEGAB;11;APOIO A ADMINISTRAÇAO PUBLICA;4;Administração;122;Administração Geral;49;3.3.90.08.05.00.00.00;AUXÍLIO NATALIDADE;1.753.000.0000;RECURSOS PROVENIENTES DE TAXAS, CONTRIBUIÇÕES E PREÇOS PÚBLICOS;706,00
PREFEITURA MUNICIPAL DE BARBACENA;05.001;SEGAB;2.152;PESSOAL E ENCARGOS SOCIAIS DA SEGAB;11;APOIO A ADMINISTRAÇAO PUBLICA;4;Administração;122;Administração Geral;51;3.3.90.19.00.00.00.00;AUXÍLIO-FARDAMENTO;1.500.000.0000;RECURSOS NÃO VINCULADOS DE IMPOSTOS;3.002,22
PREFEITURA MUNICIPAL DE BARBACENA;05.001;SEGAB;2.152;PESSOAL E ENCARGOS SOCIAIS DA SEGAB;11;APOIO A ADMINISTRAÇAO PUBLICA;4;Administração;122;Administração Geral;52;3.3.90.39.99.00.00.00;OUTROS SERVIÇOS DE TERCEIROS - PESSOA JURÍDICA;1.500.000.0000;RECURSOS NÃO VINCULADOS DE IMPOSTOS;219.041,68
PREFEITURA MUNICIPAL DE BARBACENA;05.001;SEGAB;2.152;PESSOAL E ENCARGOS SOCIAIS DA SEGAB;11;APOIO A ADMINISTRAÇAO PUBLICA;4;Administração;122;Administração Geral;52;3.3.90.39.60.00.00.00;VIGILÂNCIA OSTENSIVA;1.500.000.0000;RECURSOS NÃO VINCULADOS DE IMPOSTOS;55.063,32
PREFEITURA MUNICIPAL DE BARBACENA;05.001;SEGAB;2.152;PESSOAL E ENCARGOS SOCIAIS DA SEGAB;11;APOIO A ADMINISTRAÇAO PUBLICA;4;Administração;122;Administração Geral;53;3.3.90.46.00.00.00.00;AUXÍLIO-ALIMENTAÇÃO;1.500.000.0000;RECURSOS NÃO VINCULADOS DE IMPOSTOS;81.000,00
PREFEITURA MUNICIPAL DE BARBACENA;05.001;SEGAB;2.152;PESSOAL E ENCARGOS SOCIAIS DA SEGAB;11;APOIO A ADMINISTRAÇAO PUBLICA;4;Administração;122;Administração Geral;53;3.3.90.46.00.00.00.00;AUXÍLIO-ALIMENTAÇÃO;1.753.000.0000;RECURSOS PROVENIENTES DE TAXAS, CONTRIBUIÇÕES E PREÇOS PÚBLICOS;7.200,00
PREFEITURA MUNICIPAL DE BARBACENA;05.001;SEGAB;2.219;CONTRATO DE RATEIO COM O CODAMMA;11;APOIO A ADMINISTRAÇAO PUBLICA;4;Administração;122;Administração Geral;55;3.3.71.70.00.00.00.00;RATEIO PELA PARTICIPAÇÃO EM CONSÓRCIO PÚBLICO;1.500.000.0000;RECURSOS NÃO VINCULADOS DE IMPOSTOS;660.811,68
PREFEITURA MUNICIPAL DE BARBACENA;05.002;FUNDO MUNICIPAL DE MEIO AMBIENTE - FMMA;2.494;APOIO AO INSTITUTO LOBO-GUARÁ DE CONSERVAÇÃO DA BIODIVERSIDADE;11;APOIO A ADMINISTRAÇAO PUBLICA;18;Gestão Ambiental;541;Preservação e Conservação Ambiental;1059;4.4.50.41.00.00.00.00;CONTRIBUIÇÕES;1.753.000.0000;RECURSOS PROVENIENTES DE TAXAS, CONTRIBUIÇÕES E PREÇOS PÚBLICOS;186.150,70
PREFEITURA MUNICIPAL DE BARBACENA;13.001;SEAPA;2.070;MANUTENÇAO DOS PARQUES DE EXPOSIÇAO E DO HORTO FLORESTAL;11;APOIO A ADMINISTRAÇAO PUBLICA;4;Administração;695;Turismo;60;3.3.90.30.28.00.00.00;MATERIAL DE PROTEÇÃO E SEGURANÇA;1.500.000.0000;RECURSOS NÃO VINCULADOS DE IMPOSTOS;12,00
PREFEITURA MUNICIPAL DE BARBACENA;13.001;SEAPA;2.070;MANUTENÇAO DOS PARQUES DE EXPOSIÇAO E DO HORTO FLORESTAL;11;APOIO A ADMINISTRAÇAO PUBLICA;4;Administração;695;Turismo;62;3.3.90.39.60.00.00.00;VIGILÂNCIA OSTENSIVA;1.500.000.0000;RECURSOS NÃO VINCULADOS DE IMPOSTOS;562.270,28
PREFEITURA MUNICIPAL DE BARBACENA;13.001;SEAPA;2.172;PESSOAL E ENCARGOS SOCIAIS DA SEAPA;11;APOIO A ADMINISTRAÇAO PUBLICA;20;Agricultura;122;Administração Geral;64;3.1.90.04.01.00.00.00;SALÁRIO CONTRATO TEMPORÁRIO;1.500.000.0000;RECURSOS NÃO VINCULADOS DE IMPOSTOS;130.504,05
PREFEITURA MUNICIPAL DE BARBACENA;13.001;SEAPA;2.172;PESSOAL E ENCARGOS SOCIAIS DA SEAPA;11;APOIO A ADMINISTRAÇAO PUBLICA;20;Agricultura;122;Administração Geral;64;3.1.90.04.15.00.00.00;OBRIGAÇÕES PATRONAIS - CONTRATO TEMPORÁRIO;1.500.000.0000;RECURSOS NÃO VINCULADOS DE IMPOSTOS;12.593,30
PREFEITURA MUNICIPAL DE BARBACENA;13.001;SEAPA;2.172;PESSOAL E ENCARGOS SOCIAIS DA SEAPA;11;APOIO A ADMINISTRAÇAO PUBLICA;20;Agricultura;122;Administração Geral;64;3.1.90.04.01.00.00.00;SALÁRIO CONTRATO TEMPORÁRIO;1.753.000.0000;RECURSOS PROVENIENTES DE TAXAS, CONTRIBUIÇÕES E PREÇOS PÚBLICOS;10.902,71
PREFEITURA MUNICIPAL DE BARBACENA;13.001;SEAPA;2.172;PESSOAL E ENCARGOS SOCIAIS DA SEAPA;11;APOIO A ADMINISTRAÇAO PUBLICA;20;Agricultura;122;Administração Geral;64;3.1.90.04.15.00.00.00;OBRIGAÇÕES PATRONAIS - CONTRATO TEMPORÁRIO;1.753.000.0000;RECURSOS PROVENIENTES DE TAXAS, CONTRIBUIÇÕES E PREÇOS PÚBLICOS;1.069,25
PREFEITURA MUNICIPAL DE BARBACENA;13.001;SEAPA;2.172;PESSOAL E ENCARGOS SOCIAIS DA SEAPA;11;APOIO A ADMINISTRAÇAO PUBLICA;20;Agricultura;122;Administração Geral;65;3.1.90.11.09.00.00.00;SUBSÍDIO DE SECRETÁRIO MUNICIPAL;1.500.000.0000;RECURSOS NÃO VINCULADOS DE IMPOSTOS;112.837,20
PREFEITURA MUNICIPAL DE BARBACENA;13.001;SEAPA;2.172;PESSOAL E ENCARGOS SOCIAIS DA SEAPA;11;APOIO A ADMINISTRAÇAO PUBLICA;20;Agricultura;122;Administração Geral;65;3.1.90.11.01.00.00.00;VENCIMENTOS E SALÁRIOS;1.500.000.0000;RECURSOS NÃO VINCULADOS DE IMPOSTOS;703.493,14
PREFEITURA MUNICIPAL DE BARBACENA;13.001;SEAPA;2.172;PESSOAL E ENCARGOS SOCIAIS DA SEAPA;11;APOIO A ADMINISTRAÇAO PUBLICA;20;Agricultura;122;Administração Geral;65;3.1.90.11.52.00.00.00;LICENÇA SAÚDE;1.500.000.0000;RECURSOS NÃO VINCULADOS DE IMPOSTOS;9.900,99
PREFEITURA MUNICIPAL DE BARBACENA;13.001;SEAPA;2.172;PESSOAL E ENCARGOS SOCIAIS DA SEAPA;11;APOIO A ADMINISTRAÇAO PUBLICA;20;Agricultura;122;Administração Geral;65;3.1.90.11.01.00.00.00;VENCIMENTOS E SALÁRIOS;1.753.000.0000;RECURSOS PROVENIENTES DE TAXAS, CONTRIBUIÇÕES E PREÇOS PÚBLICOS;62.329,75
PREFEITURA MUNICIPAL DE BARBACENA;13.001;SEAPA;2.172;PESSOAL E ENCARGOS SOCIAIS DA SEAPA;11;APOIO A ADMINISTRAÇAO PUBLICA;20;Agricultura;122;Administração Geral;65;3.1.90.11.09.00.00.00;SUBSÍDIO DE SECRETÁRIO MUNICIPAL;1.753.000.0000;RECURSOS PROVENIENTES DE TAXAS, CONTRIBUIÇÕES E PREÇOS PÚBLICOS;25.074,93
PREFEITURA MUNICIPAL DE BARBACENA;13.001;SEAPA;2.172;PESSOAL E ENCARGOS SOCIAIS DA SEAPA;11;APOIO A ADMINISTRAÇAO PUBLICA;20;Agricultura;122;Administração Geral;66;3.1.90.13.03.00.00.00;CONTRIBUIÇÃO PATRONAL PARA INSS;1.500.000.0000;RECURSOS NÃO VINCULADOS DE IMPOSTOS;33.056,39
PREFEITURA MUNICIPAL DE BARBACENA;13.001;SEAPA;2.172;PESSOAL E ENCARGOS SOCIAIS DA SEAPA;11;APOIO A ADMINISTRAÇAO PUBLICA;20;Agricultura;122;Administração Geral;66;3.1.90.13.03.00.00.00;CONTRIBUIÇÃO PATRONAL PARA INSS;1.753.000.0000;RECURSOS PROVENIENTES DE TAXAS, CONTRIBUIÇÕES E PREÇOS PÚBLICOS;2.759,70
PREFEITURA MUNICIPAL DE BARBACENA;13.001;SEAPA;2.172;PESSOAL E ENCARGOS SOCIAIS DA SEAPA;11;APOIO A ADMINISTRAÇAO PUBLICA;20;Agricultura;122;Administração Geral;68;3.1.91.13.08.00.00.00;CONTRIB. PREV.- RPPS - PESSOAL ATIVO - PLANO PREV.;1.500.000.0000;RECURSOS NÃO VINCULADOS DE IMPOSTOS;133.392,42
PREFEITURA MUNICIPAL DE BARBACENA;13.001;SEAPA;2.172;PESSOAL E ENCARGOS SOCIAIS DA SEAPA;11;APOIO A ADMINISTRAÇAO PUBLICA;20;Agricultura;122;Administração Geral;68;3.1.91.13.08.00.00.00;CONTRIB. PREV.- RPPS - PESSOAL ATIVO - PLANO PREV.;1.753.000.0000;RECURSOS PROVENIENTES DE TAXAS, CONTRIBUIÇÕES E PREÇOS PÚBLICOS;11.694,82
PREFEITURA MUNICIPAL DE BARBACENA;13.001;SEAPA;2.172;PESSOAL E ENCARGOS SOCIAIS DA SEAPA;11;APOIO A ADMINISTRAÇAO PUBLICA;20;Agricultura;122;Administração Geral;71;3.3.90.46.00.00.00.00;AUXÍLIO-ALIMENTAÇÃO;1.500.000.0000;RECURSOS NÃO VINCULADOS DE IMPOSTOS;146.840,00
PREFEITURA MUNICIPAL DE BARBACENA;13.001;SEAPA;2.172;PESSOAL E ENCARGOS SOCIAIS DA SEAPA;11;APOIO A ADMINISTRAÇAO PUBLICA;20;Agricultura;122;Administração Geral;71;3.3.90.46.00.00.00.00;AUXÍLIO-ALIMENTAÇÃO;1.753.000.0000;RECURSOS PROVENIENTES DE TAXAS, CONTRIBUIÇÕES E PREÇOS PÚBLICOS;13.800,00
PREFEITURA MUNICIPAL DE BARBACENA;13.001;SEAPA;2.173;MANUTENÇAO DA SEAPA;11;APOIO A ADMINISTRAÇAO PUBLICA;20;Agricultura;122;Administração Geral;72;3.3.90.14.05.00.00.00;DIÁRIAS DE DEMAIS SERVIDORES;1.500.000.0000;RECURSOS NÃO VINCULADOS DE IMPOSTOS;2.400,00
PREFEITURA MUNICIPAL DE BARBACENA;13.001;SEAPA;2.173;MANUTENÇAO DA SEAPA;11;APOIO A ADMINISTRAÇAO PUBLICA;20;Agricultura;122;Administração Geral;73;3.3.90.30.99.00.00.00;OUTROS MATERIAIS DE CONSUMO;1.500.000.0000;RECURSOS NÃO VINCULADOS DE IMPOSTOS;31.339,15
PREFEITURA MUNICIPAL DE BARBACENA;13.001;SEAPA;2.173;MANUTENÇAO DA SEAPA;11;APOIO A ADMINISTRAÇAO PUBLICA;20;Agricultura;122;Administração Geral;73;3.3.90.30.28.00.00.00;MATERIAL DE PROTEÇÃO E SEGURANÇA;1.500.000.0000;RECURSOS NÃO VINCULADOS DE IMPOSTOS;7.408,58
PREFEITURA MUNICIPAL DE BARBACENA;13.001;SEAPA;2.173;MANUTENÇAO DA SEAPA;11;APOIO A ADMINISTRAÇAO PUBLICA;20;Agricultura;122;Administração Geral;73;3.3.90.30.23.00.00.00;UNIFORMES, TECIDOS E AVIAMENTOS;1.500.000.0000;RECURSOS NÃO VINCULADOS DE IMPOSTOS;1.876,22
PREFEITURA MUNICIPAL DE BARBACENA;13.001;SEAPA;2.173;MANUTENÇAO DA SEAPA;11;APOIO A ADMINISTRAÇAO PUBLICA;20;Agricultura;122;Administração Geral;75;3.3.90.39.43.00.00.00;SERVIÇOS DE TELECOMUNICAÇÕES;1.500.000.0000;RECURSOS NÃO VINCULADOS DE IMPOSTOS;5.034,33
PREFEITURA MUNICIPAL DE BARBACENA;13.001;SEAPA;2.173;MANUTENÇAO DA SEAPA;11;APOIO A ADMINISTRAÇAO PUBLICA;20;Agricultura;122;Administração Geral;75;3.3.90.39.99.00.00.00;OUTROS SERVIÇOS DE TERCEIROS - PESSOA JURÍDICA;1.500.000.0000;RECURSOS NÃO VINCULADOS DE IMPOSTOS;182.899,18
PREFEITURA MUNICIPAL DE BARBACENA;13.001;SEAPA;2.173;MANUTENÇAO DA SEAPA;11;APOIO A ADMINISTRAÇAO PUBLICA;20;Agricultura;122;Administração Geral;75;3.3.90.39.12.00.00.00;LOCAÇÃO DE MÁQUINAS E EQUIPAMENTOS;1.500.000.0000;RECURSOS NÃO VINCULADOS DE IMPOSTOS;9.240,96
PREFEITURA MUNICIPAL DE BARBACENA;13.001;SEAPA;2.173;MANUTENÇAO DA SEAPA;11;APOIO A ADMINISTRAÇAO PUBLICA;20;Agricultura;122;Administração Geral;75;3.3.90.39.10.00.00.00;LOCAÇÃO DE IMÓVEIS;1.500.000.0000;RECURSOS NÃO VINCULADOS DE IMPOSTOS;32.000,00
PREFEITURA MUNICIPAL DE BARBACENA;13.001;SEAPA;2.173;MANUTENÇAO DA SEAPA;11;APOIO A ADMINISTRAÇAO PUBLICA;20;Agricultura;122;Administração Geral;75;3.3.90.39.05.00.00.00;SERVIÇOS TÉCNICOS PROFISSIONAIS;1.500.000.0000;RECURSOS NÃO VINCULADOS DE IMPOSTOS;11.960,00
PREFEITURA MUNICIPAL DE BARBACENA;13.001;SEAPA;2.173;MANUTENÇAO DA SEAPA;11;APOIO A ADMINISTRAÇAO PUBLICA;20;Agricultura;122;Administração Geral;75;3.3.90.39.53.00.00.00;SEGUROS EM GERAL;1.500.000.0000;RECURSOS NÃO VINCULADOS DE IMPOSTOS;3.480,00
PREFEITURA MUNICIPAL DE BARBACENA;13.001;SEAPA;2.173;MANUTENÇAO DA SEAPA;11;APOIO A ADMINISTRAÇAO PUBLICA;20;Agricultura;122;Administração Geral;75;3.3.90.39.30.00.00.00;SERVIÇOS DE ÁGUA E ESGOTO;1.501.000.0000;OUTROS RECURSOS NÃO VINCULADOS;48.000,00
PREFEITURA MUNICIPAL DE BARBACENA;13.001;SEAPA;2.173;MANUTENÇAO DA SEAPA;11;APOIO A ADMINISTRAÇAO PUBLICA;20;Agricultura;122;Administração Geral;75;3.3.90.39.43.00.00.00;SERVIÇOS DE TELECOMUNICAÇÕES;1.501.000.0000;OUTROS RECURSOS NÃO VINCULADOS;4.428,66
PREFEITURA MUNICIPAL DE BARBACENA;13.001;SEAPA;2.173;MANUTENÇAO DA SEAPA;11;APOIO A ADMINISTRAÇAO PUBLICA;20;Agricultura;122;Administração Geral;75;3.3.90.39.10.00.00.00;LOCAÇÃO DE IMÓVEIS;1.501.000.0000;OUTROS RECURSOS NÃO VINCULADOS;24.000,00
PREFEITURA MUNICIPAL DE BARBACENA;13.001;SEAPA;2.173;MANUTENÇAO DA SEAPA;11;APOIO A ADMINISTRAÇAO PUBLICA;20;Agricultura;122;Administração Geral;78;3.3.90.92.00.00.00.00;DESPESAS DE EXERCÍCIOS ANTERIORES;1.500.000.0000;RECURSOS NÃO VINCULADOS DE IMPOSTOS;750,00
PREFEITURA MUNICIPAL DE BARBACENA;13.001;SEAPA;2.173;MANUTENÇAO DA SEAPA;11;APOIO A ADMINISTRAÇAO PUBLICA;20;Agricultura;122;Administração Geral;81;4.4.90.52.99.00.00.00;OUTROS MATERIAIS PERMANENTES;1.500.000.0000;RECURSOS NÃO VINCULADOS DE IMPOSTOS;10.911,00
PREFEITURA MUNICIPAL DE BARBACENA;13.001;SEAPA;2.173;MANUTENÇAO DA SEAPA;11;APOIO A ADMINISTRAÇAO PUBLICA;20;Agricultura;122;Administração Geral;81;4.4.90.52.20.00.00.00;MÁQUINAS, INSTALAÇÕES E UTENSÍLIOS DE ESCRITÓRIO;1.500.000.0000;RECURSOS NÃO VINCULADOS DE IMPOSTOS;3.018,00
PREFEITURA MUNICIPAL DE BARBACENA;13.001;SEAPA;2.173;MANUTENÇAO DA SEAPA;11;APOIO A ADMINISTRAÇAO PUBLICA;20;Agricultura;122;Administração Geral;81;4.4.90.52.12.00.00.00;EQUIPAMENTO DE PROTEÇÃO, SEGURANÇA E SOCORRO;1.500.000.0000;RECURSOS NÃO VINCULADOS DE IMPOSTOS;1.002,00
PREFEITURA MUNICIPAL DE BARBACENA;13.001;SEAPA;2.173;MANUTENÇAO DA SEAPA;11;APOIO A ADMINISTRAÇAO PUBLICA;20;Agricultura;122;Administração Geral;81;4.4.90.52.99.00.00.00;OUTROS MATERIAIS PERMANENTES;1.501.000.0000;OUTROS RECURSOS NÃO VINCULADOS;4.379,00
PREFEITURA MUNICIPAL DE BARBACENA;13.001;SEAPA;2.173;MANUTENÇAO DA SEAPA;11;APOIO A ADMINISTRAÇAO PUBLICA;20;Agricultura;122;Administração Geral;81;4.4.90.52.18.00.00.00;MÁQUINAS, UTENSÍLIOS E EQUIPAMENTOS DIVERSOS;1.501.000.0000;OUTROS RECURSOS NÃO VINCULADOS;2.360,00
PREFEITURA MUNICIPAL DE BARBACENA;13.001;SEAPA;2.178;APOIO E FOMENTO A PRODUÇÃO RURAL;35;DESENVOLVIMENTO RURAL;20;Agricultura;606;Extensão Rural;82;3.3.90.30.31.00.00.00;SEMENTES, MUDAS DE PLANTAS E INSUMOS;1.500.000.0000;RECURSOS NÃO VINCULADOS DE IMPOSTOS;27.720,00
PREFEITURA MUNICIPAL DE BARBACENA;13.001;SEAPA;2.178;APOIO E FOMENTO A PRODUÇÃO RURAL;35;DESENVOLVIMENTO RURAL;20;Agricultura;606;Extensão Rural;82;3.3.90.30.31.00.00.00;SEMENTES, MUDAS DE PLANTAS E INSUMOS;1.501.000.0000;OUTROS RECURSOS NÃO VINCULADOS;2.575,80
PREFEITURA MUNICIPAL DE BARBACENA;13.001;SEAPA;2.178;APOIO E FOMENTO A PRODUÇÃO RURAL;35;DESENVOLVIMENTO RURAL;20;Agricultura;606;Extensão Rural;83;3.3.90.39.18.00.00.00;MANUTENÇÃO E CONS. DE ESTRADAS OU OUTRAS VIAS;1.500.000.0000;RECURSOS NÃO VINCULADOS DE IMPOSTOS;375.000,00
PREFEITURA MUNICIPAL DE BARBACENA;13.001;SEAPA;2.178;APOIO E FOMENTO A PRODUÇÃO RURAL;35;DESENVOLVIMENTO RURAL;20;Agricultura;606;Extensão Rural;83;3.3.90.39.99.00.00.00;OUTROS SERVIÇOS DE TERCEIROS - PESSOA JURÍDICA;1.500.000.0000;RECURSOS NÃO VINCULADOS DE IMPOSTOS;203.464,00
PREFEITURA MUNICIPAL DE BARBACENA;13.001;SEAPA;2.178;APOIO E FOMENTO A PRODUÇÃO RURAL;35;DESENVOLVIMENTO RURAL;20;Agricultura;606;Extensão Rural;83;3.3.90.39.73.00.00.00;LOCAÇÃO DE VEÍCULOS PARA TRANSPORTE DE CARGAS;1.500.000.0000;RECURSOS NÃO VINCULADOS DE IMPOSTOS;86.061,51
PREFEITURA MUNICIPAL DE BARBACENA;13.001;SEAPA;2.178;APOIO E FOMENTO A PRODUÇÃO RURAL;35;DESENVOLVIMENTO RURAL;20;Agricultura;606;Extensão Rural;83;3.3.90.39.99.00.00.00;OUTROS SERVIÇOS DE TERCEIROS - PESSOA JURÍDICA;1.501.000.0000;OUTROS RECURSOS NÃO VINCULADOS;601.000,00
PREFEITURA MUNICIPAL DE BARBACENA;13.001;SEAPA;2.178;APOIO E FOMENTO A PRODUÇÃO RURAL;35;DESENVOLVIMENTO RURAL;20;Agricultura;606;Extensão Rural;83;3.3.90.39.20.00.00.00;FESTIVIDADES E HOMENAGENS;1.501.000.0000;OUTROS RECURSOS NÃO VINCULADOS;5.700,00
PREFEITURA MUNICIPAL DE BARBACENA;13.001;SEAPA;2.178;APOIO E FOMENTO A PRODUÇÃO RURAL;35;DESENVOLVIMENTO RURAL;20;Agricultura;606;Extensão Rural;83;3.3.90.39.99.00.00.00;OUTROS SERVIÇOS DE TERCEIROS - PESSOA JURÍDICA;2.500.000.0000;RECURSOS NÃO VINCULADOS DE IMPOSTOS;750.000,00
PREFEITURA MUNICIPAL DE BARBACENA;13.001;SEAPA;2.178;APOIO E FOMENTO A PRODUÇÃO RURAL;35;DESENVOLVIMENTO RURAL;20;Agricultura;606;Extensão Rural;83;3.3.90.39.99.00.00.00;OUTROS SERVIÇOS DE TERCEIROS - PESSOA JURÍDICA;2.501.000.0000;OUTROS RECURSOS NÃO VINCULADOS;250.000,00
PREFEITURA MUNICIPAL DE BARBACENA;13.001;SEAPA;2.178;APOIO E FOMENTO A PRODUÇÃO RURAL;35;DESENVOLVIMENTO RURAL;20;Agricultura;606;Extensão Rural;84;3.3.90.41.00.00.00.00;CONTRIBUIÇÕES;1.500.000.0000;RECURSOS NÃO VINCULADOS DE IMPOSTOS;119.890,86
PREFEITURA MUNICIPAL DE BARBACENA;13.001;SEAPA;2.178;APOIO E FOMENTO A PRODUÇÃO RURAL;35;DESENVOLVIMENTO RURAL;20;Agricultura;606;Extensão Rural;84;3.3.90.41.00.00.00.00;CONTRIBUIÇÕES;1.501.000.0000;OUTROS RECURSOS NÃO VINCULADOS;21.600,00
PREFEITURA MUNICIPAL DE BARBACENA;13.001;SEAPA;2.178;APOIO E FOMENTO A PRODUÇÃO RURAL;35;DESENVOLVIMENTO RURAL;20;Agricultura;606;Extensão Rural;86;4.4.90.52.23.00.00.00;MÁQUINAS E EQUIPAMENTOS AGRÍCOLAS E RODOVIÁRIOS;1.500.000.0000;RECURSOS NÃO VINCULADOS DE IMPOSTOS;68.935,10
PREFEITURA MUNICIPAL DE BARBACENA;13.001;SEAPA;2.178;APOIO E FOMENTO A PRODUÇÃO RURAL;35;DESENVOLVIMENTO RURAL;20;Agricultura;606;Extensão Rural;86;4.4.90.52.23.00.00.00;MÁQUINAS E EQUIPAMENTOS AGRÍCOLAS E RODOVIÁRIOS;1.700.000.0000;OUTRAS TRANSFERÊNCIAS DE CONVÊNIOS OU INSTRUMENTOS CONGÊNERES DA UNIÃO;170.064,90
PREFEITURA MUNICIPAL DE BARBACENA;14.001;SEDEC;2.199;PESSOAL E ENCARGOS SOCIAIS DA SEDEC;11;APOIO A ADMINISTRAÇAO PUBLICA;12;Educação;122;Administração Geral;98;3.1.90.04.01.00.00.00;SALÁRIO CONTRATO TEMPORÁRIO;1.500.000.1001;RECURSOS NÃO VINCULADOS DE IMPOSTOS (EDUCAÇÃO);4.387.743,70
PREFEITURA MUNICIPAL DE BARBACENA;14.001;SEDEC;2.199;PESSOAL E ENCARGOS SOCIAIS DA SEDEC;11;APOIO A ADMINISTRAÇAO PUBLICA;12;Educação;122;Administração Geral;98;3.1.90.04.15.00.00.00;OBRIGAÇÕES PATRONAIS - CONTRATO TEMPORÁRIO;1.500.000.1001;RECURSOS NÃO VINCULADOS DE IMPOSTOS (EDUCAÇÃO);407.089,81
PREFEITURA MUNICIPAL DE BARBACENA;14.001;SEDEC;2.199;PESSOAL E ENCARGOS SOCIAIS DA SEDEC;11;APOIO A ADMINISTRAÇAO PUBLICA;12;Educação;122;Administração Geral;99;3.1.90.11.52.00.00.00;LICENÇA SAÚDE;1.500.000.1001;RECURSOS NÃO VINCULADOS DE IMPOSTOS (EDUCAÇÃO);3.811,65
PREFEITURA MUNICIPAL DE BARBACENA;14.001;SEDEC;2.199;PESSOAL E ENCARGOS SOCIAIS DA SEDEC;11;APOIO A ADMINISTRAÇAO PUBLICA;12;Educação;122;Administração Geral;99;3.1.90.11.01.00.00.00;VENCIMENTOS E SALÁRIOS;1.500.000.1001;RECURSOS NÃO VINCULADOS DE IMPOSTOS (EDUCAÇÃO);1.239.076,57
PREFEITURA MUNICIPAL DE BARBACENA;14.001;SEDEC;2.199;PESSOAL E ENCARGOS SOCIAIS DA SEDEC;11;APOIO A ADMINISTRAÇAO PUBLICA;12;Educação;122;Administração Geral;99;3.1.90.11.09.00.00.00;SUBSÍDIO DE SECRETÁRIO MUNICIPAL;1.500.000.1001;RECURSOS NÃO VINCULADOS DE IMPOSTOS (EDUCAÇÃO);168.210,98
PREFEITURA MUNICIPAL DE BARBACENA;14.001;SEDEC;2.199;PESSOAL E ENCARGOS SOCIAIS DA SEDEC;11;APOIO A ADMINISTRAÇAO PUBLICA;12;Educação;122;Administração Geral;100;3.1.90.13.99.00.00.00;OUTRAS OBRIGAÇÕES;1.500.000.1001;RECURSOS NÃO VINCULADOS DE IMPOSTOS (EDUCAÇÃO);8.337,26
PREFEITURA MUNICIPAL DE BARBACENA;14.001;SEDEC;2.199;PESSOAL E ENCARGOS SOCIAIS DA SEDEC;11;APOIO A ADMINISTRAÇAO PUBLICA;12;Educação;122;Administração Geral;100;3.1.90.13.03.00.00.00;CONTRIBUIÇÃO PATRONAL PARA INSS;1.500.000.1001;RECURSOS NÃO VINCULADOS DE IMPOSTOS (EDUCAÇÃO);56.840,57
PREFEITURA MUNICIPAL DE BARBACENA;14.001;SEDEC;2.199;PESSOAL E ENCARGOS SOCIAIS DA SEDEC;11;APOIO A ADMINISTRAÇAO PUBLICA;12;Educação;122;Administração Geral;103;3.1.91.13.08.00.00.00;CONTRIB. PREV.- RPPS - PESSOAL ATIVO - PLANO PREV.;1.500.000.1001;RECURSOS NÃO VINCULADOS DE IMPOSTOS (EDUCAÇÃO);173.313,90
PREFEITURA MUNICIPAL DE BARBACENA;14.001;SEDEC;2.199;PESSOAL E ENCARGOS SOCIAIS DA SEDEC;11;APOIO A ADMINISTRAÇAO PUBLICA;12;Educação;122;Administração Geral;104;3.3.90.08.56.00.00.00;SALÁRIO FAMÍLIA;1.500.000.1001;RECURSOS NÃO VINCULADOS DE IMPOSTOS (EDUCAÇÃO);847,20
PREFEITURA MUNICIPAL DE BARBACENA;14.001;SEDEC;2.199;PESSOAL E ENCARGOS SOCIAIS DA SEDEC;11;APOIO A ADMINISTRAÇAO PUBLICA;12;Educação;122;Administração Geral;106;3.3.90.46.00.00.00.00;AUXÍLIO-ALIMENTAÇÃO;1.500.000.1001;RECURSOS NÃO VINCULADOS DE IMPOSTOS (EDUCAÇÃO);1.579.260,00
PREFEITURA MUNICIPAL DE BARBACENA;14.001;SEDEC;2.200;MANUTENÇAO DA SEDEC;11;APOIO A ADMINISTRAÇAO PUBLICA;12;Educação;122;Administração Geral;107;3.3.90.14.05.00.00.00;DIÁRIAS DE DEMAIS SERVIDORES;1.500.000.1001;RECURSOS NÃO VINCULADOS DE IMPOSTOS (EDUCAÇÃO);17.800,00
PREFEITURA MUNICIPAL DE BARBACENA;14.001;SEDEC;2.200;MANUTENÇAO DA SEDEC;11;APOIO A ADMINISTRAÇAO PUBLICA;12;Educação;122;Administração Geral;107;3.3.90.14.04.00.00.00;DIÁRIAS DE SECRETÁRIOS;1.500.000.1001;RECURSOS NÃO VINCULADOS DE IMPOSTOS (EDUCAÇÃO);6.100,00
PREFEITURA MUNICIPAL DE BARBACENA;14.001;SEDEC;2.200;MANUTENÇAO DA SEDEC;11;APOIO A ADMINISTRAÇAO PUBLICA;12;Educação;122;Administração Geral;108;3.3.90.30.99.00.00.00;OUTROS MATERIAIS DE CONSUMO;1.500.000.1001;RECURSOS NÃO VINCULADOS DE IMPOSTOS (EDUCAÇÃO);22.388,83
PREFEITURA MUNICIPAL DE BARBACENA;14.001;SEDEC;2.200;MANUTENÇAO DA SEDEC;11;APOIO A ADMINISTRAÇAO PUBLICA;12;Educação;122;Administração Geral;108;3.3.90.30.16.00.00.00;MATERIAL DE EXPEDIENTE;1.500.000.1001;RECURSOS NÃO VINCULADOS DE IMPOSTOS (EDUCAÇÃO);8.771,35
PREFEITURA MUNICIPAL DE BARBACENA;14.001;SEDEC;2.200;MANUTENÇAO DA SEDEC;11;APOIO A ADMINISTRAÇAO PUBLICA;12;Educação;122;Administração Geral;108;3.3.90.30.28.00.00.00;MATERIAL DE PROTEÇÃO E SEGURANÇA;1.500.000.1001;RECURSOS NÃO VINCULADOS DE IMPOSTOS (EDUCAÇÃO);882,00
PREFEITURA MUNICIPAL DE BARBACENA;14.001;SEDEC;2.200;MANUTENÇAO DA SEDEC;11;APOIO A ADMINISTRAÇAO PUBLICA;12;Educação;122;Administração Geral;108;3.3.90.30.22.00.00.00;MATERIAL DE LIMPEZA E PRODUÇÃO DE HIGIENIZAÇÃO;1.500.000.1001;RECURSOS NÃO VINCULADOS DE IMPOSTOS (EDUCAÇÃO);45.722,60
PREFEITURA MUNICIPAL DE BARBACENA;14.001;SEDEC;2.200;MANUTENÇAO DA SEDEC;11;APOIO A ADMINISTRAÇAO PUBLICA;12;Educação;122;Administração Geral;108;3.3.90.30.47.00.00.00;BANDEIRAS, FLÂMULAS E INSÍGNIAS;1.500.000.1001;RECURSOS NÃO VINCULADOS DE IMPOSTOS (EDUCAÇÃO);1.269,31
PREFEITURA MUNICIPAL DE BARBACENA;14.001;SEDEC;2.200;MANUTENÇAO DA SEDEC;11;APOIO A ADMINISTRAÇAO PUBLICA;12;Educação;122;Administração Geral;108;3.3.90.30.22.00.00.00;MATERIAL DE LIMPEZA E PRODUÇÃO DE HIGIENIZAÇÃO;1.550.000.0000;QESE - TRANSFERÊNCIA DO SALÁRIO-EDUCAÇÃO;4.525,82
PREFEITURA MUNICIPAL DE BARBACENA;14.001;SEDEC;2.200;MANUTENÇAO DA SEDEC;11;APOIO A ADMINISTRAÇAO PUBLICA;12;Educação;122;Administração Geral;108;3.3.90.30.28.00.00.00;MATERIAL DE PROTEÇÃO E SEGURANÇA;1.550.000.0000;QESE - TRANSFERÊNCIA DO SALÁRIO-EDUCAÇÃO;7.499,72
PREFEITURA MUNICIPAL DE BARBACENA;14.001;SEDEC;2.200;MANUTENÇAO DA SEDEC;11;APOIO A ADMINISTRAÇAO PUBLICA;12;Educação;122;Administração Geral;109;3.3.90.33.99.00.00.00;OUTRAS DESPESAS COM LOCOMOÇÃO;1.500.000.1001;RECURSOS NÃO VINCULADOS DE IMPOSTOS (EDUCAÇÃO);360,00
PREFEITURA MUNICIPAL DE BARBACENA;14.001;SEDEC;2.200;MANUTENÇAO DA SEDEC;11;APOIO A ADMINISTRAÇAO PUBLICA;12;Educação;122;Administração Geral;109;3.3.90.33.01.00.00.00;LOCAÇÃO DE VEÍCULOS PARA LOCOMOÇÃO DE PESSOAS;1.500.000.1001;RECURSOS NÃO VINCULADOS DE IMPOSTOS (EDUCAÇÃO);70,00
PREFEITURA MUNICIPAL DE BARBACENA;14.001;SEDEC;2.200;MANUTENÇAO DA SEDEC;11;APOIO A ADMINISTRAÇAO PUBLICA;12;Educação;122;Administração Geral;110;3.3.90.36.14.00.00.00;LOCAÇÃO DE IMÓVEIS;1.500.000.1001;RECURSOS NÃO VINCULADOS DE IMPOSTOS (EDUCAÇÃO);184.462,68
PREFEITURA MUNICIPAL DE BARBACENA;14.001;SEDEC;2.200;MANUTENÇAO DA SEDEC;11;APOIO A ADMINISTRAÇAO PUBLICA;12;Educação;122;Administração Geral;111;3.3.90.39.10.00.00.00;LOCAÇÃO DE IMÓVEIS;1.500.000.0000;RECURSOS NÃO VINCULADOS DE IMPOSTOS;60.000,00
PREFEITURA MUNICIPAL DE BARBACENA;14.001;SEDEC;2.200;MANUTENÇAO DA SEDEC;11;APOIO A ADMINISTRAÇAO PUBLICA;12;Educação;122;Administração Geral;111;3.3.90.39.05.00.00.00;SERVIÇOS TÉCNICOS PROFISSIONAIS;1.500.000.0000;RECURSOS NÃO VINCULADOS DE IMPOSTOS;11.960,00
PREFEITURA MUNICIPAL DE BARBACENA;14.001;SEDEC;2.200;MANUTENÇAO DA SEDEC;11;APOIO A ADMINISTRAÇAO PUBLICA;12;Educação;122;Administração Geral;111;3.3.90.39.61.00.00.00;LIMPEZA E CONSERVAÇÃO;1.500.000.0000;RECURSOS NÃO VINCULADOS DE IMPOSTOS;2.307,44
PREFEITURA MUNICIPAL DE BARBACENA;14.001;SEDEC;2.200;MANUTENÇAO DA SEDEC;11;APOIO A ADMINISTRAÇAO PUBLICA;12;Educação;122;Administração Geral;111;3.3.90.39.99.00.00.00;OUTROS SERVIÇOS DE TERCEIROS - PESSOA JURÍDICA;1.500.000.1001;RECURSOS NÃO VINCULADOS DE IMPOSTOS (EDUCAÇÃO);227.961,16
PREFEITURA MUNICIPAL DE BARBACENA;14.001;SEDEC;2.200;MANUTENÇAO DA SEDEC;11;APOIO A ADMINISTRAÇAO PUBLICA;12;Educação;122;Administração Geral;111;3.3.90.39.12.00.00.00;LOCAÇÃO DE MÁQUINAS E EQUIPAMENTOS;1.500.000.1001;RECURSOS NÃO VINCULADOS DE IMPOSTOS (EDUCAÇÃO);21.717,12
PREFEITURA MUNICIPAL DE BARBACENA;14.001;SEDEC;2.200;MANUTENÇAO DA SEDEC;11;APOIO A ADMINISTRAÇAO PUBLICA;12;Educação;122;Administração Geral;111;3.3.90.39.43.00.00.00;SERVIÇOS DE TELECOMUNICAÇÕES;1.500.000.1001;RECURSOS NÃO VINCULADOS DE IMPOSTOS (EDUCAÇÃO);36.465,16
PREFEITURA MUNICIPAL DE BARBACENA;14.001;SEDEC;2.200;MANUTENÇAO DA SEDEC;11;APOIO A ADMINISTRAÇAO PUBLICA;12;Educação;122;Administração Geral;111;3.3.90.39.05.00.00.00;SERVIÇOS TÉCNICOS PROFISSIONAIS;1.500.000.1001;RECURSOS NÃO VINCULADOS DE IMPOSTOS (EDUCAÇÃO);35.474,50
PREFEITURA MUNICIPAL DE BARBACENA;14.001;SEDEC;2.200;MANUTENÇAO DA SEDEC;11;APOIO A ADMINISTRAÇAO PUBLICA;12;Educação;122;Administração Geral;111;3.3.90.39.53.00.00.00;SEGUROS EM GERAL;1.500.000.1001;RECURSOS NÃO VINCULADOS DE IMPOSTOS (EDUCAÇÃO);4.293,59
PREFEITURA MUNICIPAL DE BARBACENA;14.001;SEDEC;2.200;MANUTENÇAO DA SEDEC;11;APOIO A ADMINISTRAÇAO PUBLICA;12;Educação;122;Administração Geral;113;3.3.90.47.00.00.00.00;OBRIGAÇÕES TRIBUTÁRIAS E CONTRIBUTIVAS;1.500.000.1001;RECURSOS NÃO VINCULADOS DE IMPOSTOS (EDUCAÇÃO);978,57
PREFEITURA MUNICIPAL DE BARBACENA;14.001;SEDEC;2.200;MANUTENÇAO DA SEDEC;11;APOIO A ADMINISTRAÇAO PUBLICA;12;Educação;122;Administração Geral;115;3.3.90.92.00.00.00.00;DESPESAS DE EXERCÍCIOS ANTERIORES;1.500.000.1001;RECURSOS NÃO VINCULADOS DE IMPOSTOS (EDUCAÇÃO);12.240,00
PREFEITURA MUNICIPAL DE BARBACENA;14.001;SEDEC;2.200;MANUTENÇAO DA SEDEC;11;APOIO A ADMINISTRAÇAO PUBLICA;12;Educação;122;Administração Geral;116;3.3.90.93.03.00.00.00;OUTRAS INDENIZAÇÕES E RESTITUIÇÕES;1.500.000.0000;RECURSOS NÃO VINCULADOS DE IMPOSTOS;5.305,71
PREFEITURA MUNICIPAL DE BARBACENA;14.001;SEDEC;2.200;MANUTENÇAO DA SEDEC;11;APOIO A ADMINISTRAÇAO PUBLICA;12;Educação;122;Administração Geral;116;3.3.90.93.03.00.00.00;OUTRAS INDENIZAÇÕES E RESTITUIÇÕES;1.571.000.0000;TRANSFERÊNCIAS DO ESTADO REFERENTES A CONVÊNIOS E INSTRUMENTOS CONGÊNERES VINCULADOS À EDUCAÇÃO;2.505,50
PREFEITURA MUNICIPAL DE BARBACENA;14.001;SEDEC;2.200;MANUTENÇAO DA SEDEC;11;APOIO A ADMINISTRAÇAO PUBLICA;12;Educação;122;Administração Geral;116;3.3.90.93.03.00.00.00;OUTRAS INDENIZAÇÕES E RESTITUIÇÕES;2.571.000.0000;TRANSFERÊNCIAS DO ESTADO REFERENTES A CONVÊNIOS E INSTRUMENTOS CONGÊNERES VINCULADOS À EDUCAÇÃO;504.963,51
PREFEITURA MUNICIPAL DE BARBACENA;14.001;SEDEC;2.200;MANUTENÇAO DA SEDEC;11;APOIO A ADMINISTRAÇAO PUBLICA;12;Educação;122;Administração Geral;117;4.4.90.52.24.00.00.00;MOBILIÁRIO EM GERAL;1.500.000.0000;RECURSOS NÃO VINCULADOS DE IMPOSTOS;6.674,00
PREFEITURA MUNICIPAL DE BARBACENA;14.001;SEDEC;2.200;MANUTENÇAO DA SEDEC;11;APOIO A ADMINISTRAÇAO PUBLICA;12;Educação;122;Administração Geral;117;4.4.90.52.20.00.00.00;MÁQUINAS, INSTALAÇÕES E UTENSÍLIOS DE ESCRITÓRIO;1.500.000.0000;RECURSOS NÃO VINCULADOS DE IMPOSTOS;7.804,00
PREFEITURA MUNICIPAL DE BARBACENA;14.001;SEDEC;2.200;MANUTENÇAO DA SEDEC;11;APOIO A ADMINISTRAÇAO PUBLICA;12;Educação;122;Administração Geral;117;4.4.90.52.12.00.00.00;EQUIPAMENTO DE PROTEÇÃO, SEGURANÇA E SOCORRO;1.500.000.1001;RECURSOS NÃO VINCULADOS DE IMPOSTOS (EDUCAÇÃO);2.004,00
PREFEITURA MUNICIPAL DE BARBACENA;14.001;SEDEC;2.200;MANUTENÇAO DA SEDEC;11;APOIO A ADMINISTRAÇAO PUBLICA;12;Educação;122;Administração Geral;117;4.4.90.52.18.00.00.00;MÁQUINAS, UTENSÍLIOS E EQUIPAMENTOS DIVERSOS;1.500.000.1001;RECURSOS NÃO VINCULADOS DE IMPOSTOS (EDUCAÇÃO);1.709,50
PREFEITURA MUNICIPAL DE BARBACENA;14.001;SEDEC;2.200;MANUTENÇAO DA SEDEC;11;APOIO A ADMINISTRAÇAO PUBLICA;12;Educação;122;Administração Geral;117;4.4.90.52.06.00.00.00;APARELHOS E UTENSÍLIOS DOMÉSTICOS;1.500.000.1001;RECURSOS NÃO VINCULADOS DE IMPOSTOS (EDUCAÇÃO);625,00
PREFEITURA MUNICIPAL DE BARBACENA;14.001;SEDEC;2.200;MANUTENÇAO DA SEDEC;11;APOIO A ADMINISTRAÇAO PUBLICA;12;Educação;122;Administração Geral;117;4.4.90.52.20.00.00.00;MÁQUINAS, INSTALAÇÕES E UTENSÍLIOS DE ESCRITÓRIO;1.500.000.1001;RECURSOS NÃO VINCULADOS DE IMPOSTOS (EDUCAÇÃO);52.194,00
PREFEITURA MUNICIPAL DE BARBACENA;14.001;SEDEC;2.200;MANUTENÇAO DA SEDEC;11;APOIO A ADMINISTRAÇAO PUBLICA;12;Educação;122;Administração Geral;117;4.4.90.52.24.00.00.00;MOBILIÁRIO EM GERAL;1.500.000.1001;RECURSOS NÃO VINCULADOS DE IMPOSTOS (EDUCAÇÃO);75.747,00
PREFEITURA MUNICIPAL DE BARBACENA;14.001;SEDEC;2.200;MANUTENÇAO DA SEDEC;11;APOIO A ADMINISTRAÇAO PUBLICA;12;Educação;122;Administração Geral;117;4.4.90.52.19.00.00.00;EQUIPAMENTOS DE PROCESSAMENTO DE DADOS;1.500.000.1001;RECURSOS NÃO VINCULADOS DE IMPOSTOS (EDUCAÇÃO);168.510,00
PREFEITURA MUNICIPAL DE BARBACENA;14.001;SEDEC;2.200;MANUTENÇAO DA SEDEC;11;APOIO A ADMINISTRAÇAO PUBLICA;12;Educação;122;Administração Geral;1063;4.4.90.61.01.00.00.00;AQUISIÇÃO DE IMÓVEIS DE DOMÍNIO PÚBLICO;1.550.000.0000;QESE - TRANSFERÊNCIA DO SALÁRIO-EDUCAÇÃO;1.100.000,00
PREFEITURA MUNICIPAL DE BARBACENA;14.001;SEDEC;2.080;MANUTENCAO DAS UNIDADES DE ENSINO DA EDUCACAO INFANTIL;14;GESTÃO DA EDUCAÇÃO INFANTIL;12;Educação;365;Educação Infantil;170;3.3.90.30.16.00.00.00;MATERIAL DE EXPEDIENTE;1.500.000.1001;RECURSOS NÃO VINCULADOS DE IMPOSTOS (EDUCAÇÃO);12.406,39
PREFEITURA MUNICIPAL DE BARBACENA;14.001;SEDEC;2.080;MANUTENCAO DAS UNIDADES DE ENSINO DA EDUCACAO INFANTIL;14;GESTÃO DA EDUCAÇÃO INFANTIL;12;Educação;365;Educação Infantil;170;3.3.90.30.22.00.00.00;MATERIAL DE LIMPEZA E PRODUÇÃO DE HIGIENIZAÇÃO;1.500.000.1001;RECURSOS NÃO VINCULADOS DE IMPOSTOS (EDUCAÇÃO);44.151,72
PREFEITURA MUNICIPAL DE BARBACENA;14.001;SEDEC;2.080;MANUTENCAO DAS UNIDADES DE ENSINO DA EDUCACAO INFANTIL;14;GESTÃO DA EDUCAÇÃO INFANTIL;12;Educação;365;Educação Infantil;170;3.3.90.30.28.00.00.00;MATERIAL DE PROTEÇÃO E SEGURANÇA;1.500.000.1001;RECURSOS NÃO VINCULADOS DE IMPOSTOS (EDUCAÇÃO);40,00
PREFEITURA MUNICIPAL DE BARBACENA;14.001;SEDEC;2.080;MANUTENCAO DAS UNIDADES DE ENSINO DA EDUCACAO INFANTIL;14;GESTÃO DA EDUCAÇÃO INFANTIL;12;Educação;365;Educação Infantil;170;3.3.90.30.04.00.00.00;GÁS ENGARRAFADO;1.500.000.1001;RECURSOS NÃO VINCULADOS DE IMPOSTOS (EDUCAÇÃO);26.188,82
PREFEITURA MUNICIPAL DE BARBACENA;14.001;SEDEC;2.080;MANUTENCAO DAS UNIDADES DE ENSINO DA EDUCACAO INFANTIL;14;GESTÃO DA EDUCAÇÃO INFANTIL;12;Educação;365;Educação Infantil;170;3.3.90.30.24.00.00.00;MATERIAL PARA MANUTENÇÃO DE BENS IMÓVEIS;1.500.000.1001;RECURSOS NÃO VINCULADOS DE IMPOSTOS (EDUCAÇÃO);17.284,92
PREFEITURA MUNICIPAL DE BARBACENA;14.001;SEDEC;2.080;MANUTENCAO DAS UNIDADES DE ENSINO DA EDUCACAO INFANTIL;14;GESTÃO DA EDUCAÇÃO INFANTIL;12;Educação;365;Educação Infantil;170;3.3.90.30.47.00.00.00;BANDEIRAS, FLÂMULAS E INSÍGNIAS;1.500.000.1001;RECURSOS NÃO VINCULADOS DE IMPOSTOS (EDUCAÇÃO);6.346,55
PREFEITURA MUNICIPAL DE BARBACENA;14.001;SEDEC;2.080;MANUTENCAO DAS UNIDADES DE ENSINO DA EDUCACAO INFANTIL;14;GESTÃO DA EDUCAÇÃO INFANTIL;12;Educação;365;Educação Infantil;170;3.3.90.30.07.00.00.00;GÊNEROS DE ALIMENTAÇÃO;1.550.000.0000;QESE - TRANSFERÊNCIA DO SALÁRIO-EDUCAÇÃO;166.350,47
PREFEITURA MUNICIPAL DE BARBACENA;14.001;SEDEC;2.080;MANUTENCAO DAS UNIDADES DE ENSINO DA EDUCACAO INFANTIL;14;GESTÃO DA EDUCAÇÃO INFANTIL;12;Educação;365;Educação Infantil;170;3.3.90.30.07.00.00.00;GÊNEROS DE ALIMENTAÇÃO;1.552.000.0000;PNAE - TRANSFERÊNCIAS DE RECURSOS DO FNDE REFERENTES AO PROGRAMA NACIONAL DE ALIMENTAÇÃO ESCOLAR;315.992,11
PREFEITURA MUNICIPAL DE BARBACENA;14.001;SEDEC;2.080;MANUTENCAO DAS UNIDADES DE ENSINO DA EDUCACAO INFANTIL;14;GESTÃO DA EDUCAÇÃO INFANTIL;12;Educação;365;Educação Infantil;170;3.3.90.30.23.00.00.00;UNIFORMES, TECIDOS E AVIAMENTOS;2.550.000.0000;QESE - TRANSFERÊNCIA DO SALÁRIO-EDUCAÇÃO;726.988,29
PREFEITURA MUNICIPAL DE BARBACENA;14.001;SEDEC;2.080;MANUTENCAO DAS UNIDADES DE ENSINO DA EDUCACAO INFANTIL;14;GESTÃO DA EDUCAÇÃO INFANTIL;12;Educação;365;Educação Infantil;172;3.3.90.39.99.00.00.00;OUTROS SERVIÇOS DE TERCEIROS - PESSOA JURÍDICA;1.500.000.1001;RECURSOS NÃO VINCULADOS DE IMPOSTOS (EDUCAÇÃO);3.660.267,84
PREFEITURA MUNICIPAL DE BARBACENA;14.001;SEDEC;2.080;MANUTENCAO DAS UNIDADES DE ENSINO DA EDUCACAO INFANTIL;14;GESTÃO DA EDUCAÇÃO INFANTIL;12;Educação;365;Educação Infantil;172;3.3.90.39.61.00.00.00;LIMPEZA E CONSERVAÇÃO;1.500.000.1001;RECURSOS NÃO VINCULADOS DE IMPOSTOS (EDUCAÇÃO);1.331,22
PREFEITURA MUNICIPAL DE BARBACENA;14.001;SEDEC;2.080;MANUTENCAO DAS UNIDADES DE ENSINO DA EDUCACAO INFANTIL;14;GESTÃO DA EDUCAÇÃO INFANTIL;12;Educação;365;Educação Infantil;175;4.4.90.51.01.00.00.00;OBRAS E INSTALAÇÕES DE DOMÍNIO PÚBLICO;1.500.000.1001;RECURSOS NÃO VINCULADOS DE IMPOSTOS (EDUCAÇÃO);40.628,24
PREFEITURA MUNICIPAL DE BARBACENA;14.001;SEDEC;2.080;MANUTENCAO DAS UNIDADES DE ENSINO DA EDUCACAO INFANTIL;14;GESTÃO DA EDUCAÇÃO INFANTIL;12;Educação;365;Educação Infantil;176;4.4.90.52.12.00.00.00;EQUIPAMENTO DE PROTEÇÃO, SEGURANÇA E SOCORRO;1.500.000.1001;RECURSOS NÃO VINCULADOS DE IMPOSTOS (EDUCAÇÃO);1.670,00
PREFEITURA MUNICIPAL DE BARBACENA;14.001;SEDEC;2.080;MANUTENCAO DAS UNIDADES DE ENSINO DA EDUCACAO INFANTIL;14;GESTÃO DA EDUCAÇÃO INFANTIL;12;Educação;365;Educação Infantil;176;4.4.90.52.18.00.00.00;MÁQUINAS, UTENSÍLIOS E EQUIPAMENTOS DIVERSOS;1.500.000.1001;RECURSOS NÃO VINCULADOS DE IMPOSTOS (EDUCAÇÃO);181.306,18
PREFEITURA MUNICIPAL DE BARBACENA;14.001;SEDEC;2.080;MANUTENCAO DAS UNIDADES DE ENSINO DA EDUCACAO INFANTIL;14;GESTÃO DA EDUCAÇÃO INFANTIL;12;Educação;365;Educação Infantil;176;4.4.90.52.05.00.00.00;APARELHOS E EQUIPAMENTOS PARA ESPORTES E DIVERSÕES;1.500.000.1001;RECURSOS NÃO VINCULADOS DE IMPOSTOS (EDUCAÇÃO);918.650,00
PREFEITURA MUNICIPAL DE BARBACENA;14.001;SEDEC;2.080;MANUTENCAO DAS UNIDADES DE ENSINO DA EDUCACAO INFANTIL;14;GESTÃO DA EDUCAÇÃO INFANTIL;12;Educação;365;Educação Infantil;176;4.4.90.52.19.00.00.00;EQUIPAMENTOS DE PROCESSAMENTO DE DADOS;1.500.000.1001;RECURSOS NÃO VINCULADOS DE IMPOSTOS (EDUCAÇÃO);181.384,00
PREFEITURA MUNICIPAL DE BARBACENA;14.001;SEDEC;2.082;PESSOAL E ENCARGOS SOCIAIS DA EDUCACAO INFANTIL;14;GESTÃO DA EDUCAÇÃO INFANTIL;12;Educação;365;Educação Infantil;177;3.1.90.04.01.00.00.00;SALÁRIO CONTRATO TEMPORÁRIO;1.500.000.1001;RECURSOS NÃO VINCULADOS DE IMPOSTOS (EDUCAÇÃO);151.129,14
PREFEITURA MUNICIPAL DE BARBACENA;14.001;SEDEC;2.082;PESSOAL E ENCARGOS SOCIAIS DA EDUCACAO INFANTIL;14;GESTÃO DA EDUCAÇÃO INFANTIL;12;Educação;365;Educação Infantil;177;3.1.90.04.15.00.00.00;OBRIGAÇÕES PATRONAIS - CONTRATO TEMPORÁRIO;1.500.000.1001;RECURSOS NÃO VINCULADOS DE IMPOSTOS (EDUCAÇÃO);16.695,92
PREFEITURA MUNICIPAL DE BARBACENA;14.001;SEDEC;2.082;PESSOAL E ENCARGOS SOCIAIS DA EDUCACAO INFANTIL;14;GESTÃO DA EDUCAÇÃO INFANTIL;12;Educação;365;Educação Infantil;177;3.1.90.04.01.00.00.00;SALÁRIO CONTRATO TEMPORÁRIO;1.540.000.0000;TRANSFERÊNCIAS DO FUNDEB - IMPOSTOS E TRANSFERÊNCIAS DE IMPOSTOS (30%);913.888,18
PREFEITURA MUNICIPAL DE BARBACENA;14.001;SEDEC;2.082;PESSOAL E ENCARGOS SOCIAIS DA EDUCACAO INFANTIL;14;GESTÃO DA EDUCAÇÃO INFANTIL;12;Educação;365;Educação Infantil;177;3.1.90.04.15.00.00.00;OBRIGAÇÕES PATRONAIS - CONTRATO TEMPORÁRIO;1.540.000.0000;TRANSFERÊNCIAS DO FUNDEB - IMPOSTOS E TRANSFERÊNCIAS DE IMPOSTOS (30%);85.115,40
PREFEITURA MUNICIPAL DE BARBACENA;14.001;SEDEC;2.082;PESSOAL E ENCARGOS SOCIAIS DA EDUCACAO INFANTIL;14;GESTÃO DA EDUCAÇÃO INFANTIL;12;Educação;365;Educação Infantil;177;3.1.90.04.15.00.00.00;OBRIGAÇÕES PATRONAIS - CONTRATO TEMPORÁRIO;1.540.000.1070;TRANSFERÊNCIAS DO FUNDEB - IMPOSTOS E TRANSFERÊNCIAS DE IMPOSTOS (70% -PAGTO DA REMUNERAÇÃO DOS PROFISSIONAIS DA EDUCAÇÃO BÁSICA EM EFETIVO EXERCÍCIO);181.762,86
PREFEITURA MUNICIPAL DE BARBACENA;14.001;SEDEC;2.082;PESSOAL E ENCARGOS SOCIAIS DA EDUCACAO INFANTIL;14;GESTÃO DA EDUCAÇÃO INFANTIL;12;Educação;365;Educação Infantil;177;3.1.90.04.01.00.00.00;SALÁRIO CONTRATO TEMPORÁRIO;1.540.000.1070;TRANSFERÊNCIAS DO FUNDEB - IMPOSTOS E TRANSFERÊNCIAS DE IMPOSTOS (70% -PAGTO DA REMUNERAÇÃO DOS PROFISSIONAIS DA EDUCAÇÃO BÁSICA EM EFETIVO EXERCÍCIO);1.894.436,68
PREFEITURA MUNICIPAL DE BARBACENA;14.001;SEDEC;2.082;PESSOAL E ENCARGOS SOCIAIS DA EDUCACAO INFANTIL;14;GESTÃO DA EDUCAÇÃO INFANTIL;12;Educação;365;Educação Infantil;178;3.1.90.11.01.00.00.00;VENCIMENTOS E SALÁRIOS;1.500.000.1001;RECURSOS NÃO VINCULADOS DE IMPOSTOS (EDUCAÇÃO);585.192,16
PREFEITURA MUNICIPAL DE BARBACENA;14.001;SEDEC;2.082;PESSOAL E ENCARGOS SOCIAIS DA EDUCACAO INFANTIL;14;GESTÃO DA EDUCAÇÃO INFANTIL;12;Educação;365;Educação Infantil;178;3.1.90.11.52.00.00.00;LICENÇA SAÚDE;1.500.000.1001;RECURSOS NÃO VINCULADOS DE IMPOSTOS (EDUCAÇÃO);8.177,39
PREFEITURA MUNICIPAL DE BARBACENA;14.001;SEDEC;2.082;PESSOAL E ENCARGOS SOCIAIS DA EDUCACAO INFANTIL;14;GESTÃO DA EDUCAÇÃO INFANTIL;12;Educação;365;Educação Infantil;178;3.1.90.11.50.00.00.00;SALÁRIO MATERNIDADE;1.500.000.1001;RECURSOS NÃO VINCULADOS DE IMPOSTOS (EDUCAÇÃO);17.015,27
PREFEITURA MUNICIPAL DE BARBACENA;14.001;SEDEC;2.082;PESSOAL E ENCARGOS SOCIAIS DA EDUCACAO INFANTIL;14;GESTÃO DA EDUCAÇÃO INFANTIL;12;Educação;365;Educação Infantil;178;3.1.90.11.01.00.00.00;VENCIMENTOS E SALÁRIOS;1.540.000.0000;TRANSFERÊNCIAS DO FUNDEB - IMPOSTOS E TRANSFERÊNCIAS DE IMPOSTOS (30%);30.653,34
PREFEITURA MUNICIPAL DE BARBACENA;14.001;SEDEC;2.082;PESSOAL E ENCARGOS SOCIAIS DA EDUCACAO INFANTIL;14;GESTÃO DA EDUCAÇÃO INFANTIL;12;Educação;365;Educação Infantil;178;3.1.90.11.52.00.00.00;LICENÇA SAÚDE;1.540.000.0000;TRANSFERÊNCIAS DO FUNDEB - IMPOSTOS E TRANSFERÊNCIAS DE IMPOSTOS (30%);10.879,46
PREFEITURA MUNICIPAL DE BARBACENA;14.001;SEDEC;2.082;PESSOAL E ENCARGOS SOCIAIS DA EDUCACAO INFANTIL;14;GESTÃO DA EDUCAÇÃO INFANTIL;12;Educação;365;Educação Infantil;178;3.1.90.11.50.00.00.00;SALÁRIO MATERNIDADE;1.540.000.0000;TRANSFERÊNCIAS DO FUNDEB - IMPOSTOS E TRANSFERÊNCIAS DE IMPOSTOS (30%);10.107,87
PREFEITURA MUNICIPAL DE BARBACENA;14.001;SEDEC;2.082;PESSOAL E ENCARGOS SOCIAIS DA EDUCACAO INFANTIL;14;GESTÃO DA EDUCAÇÃO INFANTIL;12;Educação;365;Educação Infantil;178;3.1.90.11.01.00.00.00;VENCIMENTOS E SALÁRIOS;1.540.000.1070;TRANSFERÊNCIAS DO FUNDEB - IMPOSTOS E TRANSFERÊNCIAS DE IMPOSTOS (70% -PAGTO DA REMUNERAÇÃO DOS PROFISSIONAIS DA EDUCAÇÃO BÁSICA EM EFETIVO EXERCÍCIO);4.021.464,91
PREFEITURA MUNICIPAL DE BARBACENA;14.001;SEDEC;2.082;PESSOAL E ENCARGOS SOCIAIS DA EDUCACAO INFANTIL;14;GESTÃO DA EDUCAÇÃO INFANTIL;12;Educação;365;Educação Infantil;178;3.1.90.11.52.00.00.00;LICENÇA SAÚDE;1.540.000.1070;TRANSFERÊNCIAS DO FUNDEB - IMPOSTOS E TRANSFERÊNCIAS DE IMPOSTOS (70% -PAGTO DA REMUNERAÇÃO DOS PROFISSIONAIS DA EDUCAÇÃO BÁSICA EM EFETIVO EXERCÍCIO);216.013,41
PREFEITURA MUNICIPAL DE BARBACENA;14.001;SEDEC;2.082;PESSOAL E ENCARGOS SOCIAIS DA EDUCACAO INFANTIL;14;GESTÃO DA EDUCAÇÃO INFANTIL;12;Educação;365;Educação Infantil;178;3.1.90.11.50.00.00.00;SALÁRIO MATERNIDADE;1.540.000.1070;TRANSFERÊNCIAS DO FUNDEB - IMPOSTOS E TRANSFERÊNCIAS DE IMPOSTOS (70% -PAGTO DA REMUNERAÇÃO DOS PROFISSIONAIS DA EDUCAÇÃO BÁSICA EM EFETIVO EXERCÍCIO);9.994,30
PREFEITURA MUNICIPAL DE BARBACENA;14.001;SEDEC;2.082;PESSOAL E ENCARGOS SOCIAIS DA EDUCACAO INFANTIL;14;GESTÃO DA EDUCAÇÃO INFANTIL;12;Educação;365;Educação Infantil;180;3.1.91.13.08.00.00.00;CONTRIB. PREV.- RPPS - PESSOAL ATIVO - PLANO PREV.;1.500.000.1001;RECURSOS NÃO VINCULADOS DE IMPOSTOS (EDUCAÇÃO);159.008,08
PREFEITURA MUNICIPAL DE BARBACENA;14.001;SEDEC;2.082;PESSOAL E ENCARGOS SOCIAIS DA EDUCACAO INFANTIL;14;GESTÃO DA EDUCAÇÃO INFANTIL;12;Educação;365;Educação Infantil;180;3.1.91.13.08.00.00.00;CONTRIB. PREV.- RPPS - PESSOAL ATIVO - PLANO PREV.;1.540.000.0000;TRANSFERÊNCIAS DO FUNDEB - IMPOSTOS E TRANSFERÊNCIAS DE IMPOSTOS (30%);10.383,61
PREFEITURA MUNICIPAL DE BARBACENA;14.001;SEDEC;2.082;PESSOAL E ENCARGOS SOCIAIS DA EDUCACAO INFANTIL;14;GESTÃO DA EDUCAÇÃO INFANTIL;12;Educação;365;Educação Infantil;180;3.1.91.13.08.00.00.00;CONTRIB. PREV.- RPPS - PESSOAL ATIVO - PLANO PREV.;1.540.000.1070;TRANSFERÊNCIAS DO FUNDEB - IMPOSTOS E TRANSFERÊNCIAS DE IMPOSTOS (70% -PAGTO DA REMUNERAÇÃO DOS PROFISSIONAIS DA EDUCAÇÃO BÁSICA EM EFETIVO EXERCÍCIO);1.135.442,45
PREFEITURA MUNICIPAL DE BARBACENA;14.001;SEDEC;2.082;PESSOAL E ENCARGOS SOCIAIS DA EDUCACAO INFANTIL;14;GESTÃO DA EDUCAÇÃO INFANTIL;12;Educação;365;Educação Infantil;181;3.3.90.08.56.00.00.00;SALÁRIO FAMÍLIA;1.540.000.0000;TRANSFERÊNCIAS DO FUNDEB - IMPOSTOS E TRANSFERÊNCIAS DE IMPOSTOS (30%);70,60
PREFEITURA MUNICIPAL DE BARBACENA;14.001;SEDEC;2.082;PESSOAL E ENCARGOS SOCIAIS DA EDUCACAO INFANTIL;14;GESTÃO DA EDUCAÇÃO INFANTIL;12;Educação;365;Educação Infantil;183;3.3.90.46.00.00.00.00;AUXÍLIO-ALIMENTAÇÃO;1.500.000.1001;RECURSOS NÃO VINCULADOS DE IMPOSTOS (EDUCAÇÃO);63.640,00
PREFEITURA MUNICIPAL DE BARBACENA;14.001;SEDEC;2.082;PESSOAL E ENCARGOS SOCIAIS DA EDUCACAO INFANTIL;14;GESTÃO DA EDUCAÇÃO INFANTIL;12;Educação;365;Educação Infantil;183;3.3.90.46.00.00.00.00;AUXÍLIO-ALIMENTAÇÃO;1.540.000.0000;TRANSFERÊNCIAS DO FUNDEB - IMPOSTOS E TRANSFERÊNCIAS DE IMPOSTOS (30%);770.550,00
PREFEITURA MUNICIPAL DE BARBACENA;14.001;SEDEC;2.082;PESSOAL E ENCARGOS SOCIAIS DA EDUCACAO INFANTIL;14;GESTÃO DA EDUCAÇÃO INFANTIL;12;Educação;365;Educação Infantil;183;3.3.90.46.00.00.00.00;AUXÍLIO-ALIMENTAÇÃO;1.543.000.0000;TRANSFERÊNCIAS DO FUNDEB - COMPLEMENTAÇÃO DA UNIÃO - VAAR;108.000,00
PREFEITURA MUNICIPAL DE BARBACENA;14.001;SEDEC;2.082;PESSOAL E ENCARGOS SOCIAIS DA EDUCACAO INFANTIL;14;GESTÃO DA EDUCAÇÃO INFANTIL;12;Educação;365;Educação Infantil;183;3.3.90.46.00.00.00.00;AUXÍLIO-ALIMENTAÇÃO;2.540.000.0000;TRANSFERÊNCIAS DO FUNDEB - IMPOSTOS E TRANSFERÊNCIAS DE IMPOSTOS (30%);237.630,00
PREFEITURA MUNICIPAL DE BARBACENA;14.001;SEDEC;2.135;MANUTENÇÃO DE CRECHES;14;GESTÃO DA EDUCAÇÃO INFANTIL;12;Educação;365;Educação Infantil;184;3.3.90.30.16.00.00.00;MATERIAL DE EXPEDIENTE;1.500.000.1001;RECURSOS NÃO VINCULADOS DE IMPOSTOS (EDUCAÇÃO);11.682,20
PREFEITURA MUNICIPAL DE BARBACENA;14.001;SEDEC;2.135;MANUTENÇÃO DE CRECHES;14;GESTÃO DA EDUCAÇÃO INFANTIL;12;Educação;365;Educação Infantil;184;3.3.90.30.04.00.00.00;GÁS ENGARRAFADO;1.500.000.1001;RECURSOS NÃO VINCULADOS DE IMPOSTOS (EDUCAÇÃO);10.187,03
PREFEITURA MUNICIPAL DE BARBACENA;14.001;SEDEC;2.135;MANUTENÇÃO DE CRECHES;14;GESTÃO DA EDUCAÇÃO INFANTIL;12;Educação;365;Educação Infantil;184;3.3.90.30.22.00.00.00;MATERIAL DE LIMPEZA E PRODUÇÃO DE HIGIENIZAÇÃO;1.500.000.1001;RECURSOS NÃO VINCULADOS DE IMPOSTOS (EDUCAÇÃO);39.158,22
PREFEITURA MUNICIPAL DE BARBACENA;14.001;SEDEC;2.135;MANUTENÇÃO DE CRECHES;14;GESTÃO DA EDUCAÇÃO INFANTIL;12;Educação;365;Educação Infantil;184;3.3.90.30.28.00.00.00;MATERIAL DE PROTEÇÃO E SEGURANÇA;1.500.000.1001;RECURSOS NÃO VINCULADOS DE IMPOSTOS (EDUCAÇÃO);68,00
PREFEITURA MUNICIPAL DE BARBACENA;14.001;SEDEC;2.135;MANUTENÇÃO DE CRECHES;14;GESTÃO DA EDUCAÇÃO INFANTIL;12;Educação;365;Educação Infantil;184;3.3.90.30.24.00.00.00;MATERIAL PARA MANUTENÇÃO DE BENS IMÓVEIS;1.500.000.1001;RECURSOS NÃO VINCULADOS DE IMPOSTOS (EDUCAÇÃO);4.321,23
PREFEITURA MUNICIPAL DE BARBACENA;14.001;SEDEC;2.135;MANUTENÇÃO DE CRECHES;14;GESTÃO DA EDUCAÇÃO INFANTIL;12;Educação;365;Educação Infantil;184;3.3.90.30.46.00.00.00;BENS MÓVEIS NÃO ATIVÁVEIS;1.500.000.1001;RECURSOS NÃO VINCULADOS DE IMPOSTOS (EDUCAÇÃO);0,00
PREFEITURA MUNICIPAL DE BARBACENA;14.001;SEDEC;2.135;MANUTENÇÃO DE CRECHES;14;GESTÃO DA EDUCAÇÃO INFANTIL;12;Educação;365;Educação Infantil;184;3.3.90.30.47.00.00.00;BANDEIRAS, FLÂMULAS E INSÍGNIAS;1.500.000.1001;RECURSOS NÃO VINCULADOS DE IMPOSTOS (EDUCAÇÃO);3.807,93
PREFEITURA MUNICIPAL DE BARBACENA;14.001;SEDEC;2.135;MANUTENÇÃO DE CRECHES;14;GESTÃO DA EDUCAÇÃO INFANTIL;12;Educação;365;Educação Infantil;184;3.3.90.30.07.00.00.00;GÊNEROS DE ALIMENTAÇÃO;1.550.000.0000;QESE - TRANSFERÊNCIA DO SALÁRIO-EDUCAÇÃO;29.577,28
PREFEITURA MUNICIPAL DE BARBACENA;14.001;SEDEC;2.135;MANUTENÇÃO DE CRECHES;14;GESTÃO DA EDUCAÇÃO INFANTIL;12;Educação;365;Educação Infantil;184;3.3.90.30.07.00.00.00;GÊNEROS DE ALIMENTAÇÃO;1.552.000.0000;PNAE - TRANSFERÊNCIAS DE RECURSOS DO FNDE REFERENTES AO PROGRAMA NACIONAL DE ALIMENTAÇÃO ESCOLAR;159.824,38
PREFEITURA MUNICIPAL DE BARBACENA;14.001;SEDEC;2.135;MANUTENÇÃO DE CRECHES;14;GESTÃO DA EDUCAÇÃO INFANTIL;12;Educação;365;Educação Infantil;184;3.3.90.30.23.00.00.00;UNIFORMES, TECIDOS E AVIAMENTOS;2.550.000.0000;QESE - TRANSFERÊNCIA DO SALÁRIO-EDUCAÇÃO;90.194,23
PREFEITURA MUNICIPAL DE BARBACENA;14.001;SEDEC;2.135;MANUTENÇÃO DE CRECHES;14;GESTÃO DA EDUCAÇÃO INFANTIL;12;Educação;365;Educação Infantil;186;3.3.90.39.57.00.00.00;TRANSPORTE ESCOLAR;1.500.000.1001;RECURSOS NÃO VINCULADOS DE IMPOSTOS (EDUCAÇÃO);6.062,92
PREFEITURA MUNICIPAL DE BARBACENA;14.001;SEDEC;2.135;MANUTENÇÃO DE CRECHES;14;GESTÃO DA EDUCAÇÃO INFANTIL;12;Educação;365;Educação Infantil;186;3.3.90.39.99.00.00.00;OUTROS SERVIÇOS DE TERCEIROS - PESSOA JURÍDICA;1.500.000.1001;RECURSOS NÃO VINCULADOS DE IMPOSTOS (EDUCAÇÃO);2.749.300,34
PREFEITURA MUNICIPAL DE BARBACENA;14.001;SEDEC;2.135;MANUTENÇÃO DE CRECHES;14;GESTÃO DA EDUCAÇÃO INFANTIL;12;Educação;365;Educação Infantil;186;3.3.90.39.61.00.00.00;LIMPEZA E CONSERVAÇÃO;1.500.000.1001;RECURSOS NÃO VINCULADOS DE IMPOSTOS (EDUCAÇÃO);1.331,22
PREFEITURA MUNICIPAL DE BARBACENA;14.001;SEDEC;2.135;MANUTENÇÃO DE CRECHES;14;GESTÃO DA EDUCAÇÃO INFANTIL;12;Educação;365;Educação Infantil;186;3.3.90.39.57.00.00.00;TRANSPORTE ESCOLAR;1.553.000.0000;PNATE - TRANSFERÊNCIAS DE RECURSOS DO FNDE REFERENTES AO PROGRAMA NACIONAL DE APOIO AO TRANSPORTE ESCOLAR;11.655,66
PREFEITURA MUNICIPAL DE BARBACENA;14.001;SEDEC;2.135;MANUTENÇÃO DE CRECHES;14;GESTÃO DA EDUCAÇÃO INFANTIL;12;Educação;365;Educação Infantil;186;3.3.90.39.57.00.00.00;TRANSPORTE ESCOLAR;1.576.001.0000;PTE- TRANSFERÊNCIAS DE RECURSOS DOS ESTADOS PARA PROGRAMAS DE EDUCAÇÃO (TRANSFERÊNCIAS DE RECURSOS PARA O PROGRAMA ESTADUAL DE TRANSPORTE ESCOLAR);0,00
PREFEITURA MUNICIPAL DE BARBACENA;14.001;SEDEC;2.135;MANUTENÇÃO DE CRECHES;14;GESTÃO DA EDUCAÇÃO INFANTIL;12;Educação;365;Educação Infantil;186;3.3.90.39.57.00.00.00;TRANSPORTE ESCOLAR;2.553.000.0000;PNATE - TRANSFERÊNCIAS DE RECURSOS DO FNDE REFERENTES AO PROGRAMA NACIONAL DE APOIO AO TRANSPORTE ESCOLAR;29.370,73
PREFEITURA MUNICIPAL DE BARBACENA;14.001;SEDEC;2.135;MANUTENÇÃO DE CRECHES;14;GESTÃO DA EDUCAÇÃO INFANTIL;12;Educação;365;Educação Infantil;186;3.3.90.39.57.00.00.00;TRANSPORTE ESCOLAR;2.576.001.0000;PTE - TRANSFERÊNCIAS DE RECURSOS DOS ESTADOS PARA PROGRAMAS DE EDUCAÇÃO (TRANSFERÊNCIAS DE RECURSOS PARA O PROGRAMA ESTADUAL DE TRANSPORTE ESCOLAR );13.061,94
PREFEITURA MUNICIPAL DE BARBACENA;14.001;SEDEC;2.135;MANUTENÇÃO DE CRECHES;14;GESTÃO DA EDUCAÇÃO INFANTIL;12;Educação;365;Educação Infantil;188;4.4.90.51.01.00.00.00;OBRAS E INSTALAÇÕES DE DOMÍNIO PÚBLICO;1.500.000.1001;RECURSOS NÃO VINCULADOS DE IMPOSTOS (EDUCAÇÃO);20.605,04
PREFEITURA MUNICIPAL DE BARBACENA;14.001;SEDEC;2.135;MANUTENÇÃO DE CRECHES;14;GESTÃO DA EDUCAÇÃO INFANTIL;12;Educação;365;Educação Infantil;189;4.4.90.52.12.00.00.00;EQUIPAMENTO DE PROTEÇÃO, SEGURANÇA E SOCORRO;1.500.000.1001;RECURSOS NÃO VINCULADOS DE IMPOSTOS (EDUCAÇÃO);2.839,00
PREFEITURA MUNICIPAL DE BARBACENA;14.001;SEDEC;2.135;MANUTENÇÃO DE CRECHES;14;GESTÃO DA EDUCAÇÃO INFANTIL;12;Educação;365;Educação Infantil;189;4.4.90.52.18.00.00.00;MÁQUINAS, UTENSÍLIOS E EQUIPAMENTOS DIVERSOS;1.500.000.1001;RECURSOS NÃO VINCULADOS DE IMPOSTOS (EDUCAÇÃO);136.348,00
PREFEITURA MUNICIPAL DE BARBACENA;14.001;SEDEC;2.135;MANUTENÇÃO DE CRECHES;14;GESTÃO DA EDUCAÇÃO INFANTIL;12;Educação;365;Educação Infantil;189;4.4.90.52.99.00.00.00;OUTROS MATERIAIS PERMANENTES;1.500.000.1001;RECURSOS NÃO VINCULADOS DE IMPOSTOS (EDUCAÇÃO);69.720,00
PREFEITURA MUNICIPAL DE BARBACENA;14.001;SEDEC;2.135;MANUTENÇÃO DE CRECHES;14;GESTÃO DA EDUCAÇÃO INFANTIL;12;Educação;365;Educação Infantil;189;4.4.90.52.24.00.00.00;MOBILIÁRIO EM GERAL;1.500.000.1001;RECURSOS NÃO VINCULADOS DE IMPOSTOS (EDUCAÇÃO);27.600,00
PREFEITURA MUNICIPAL DE BARBACENA;14.001;SEDEC;2.135;MANUTENÇÃO DE CRECHES;14;GESTÃO DA EDUCAÇÃO INFANTIL;12;Educação;365;Educação Infantil;189;4.4.90.52.19.00.00.00;EQUIPAMENTOS DE PROCESSAMENTO DE DADOS;1.500.000.1001;RECURSOS NÃO VINCULADOS DE IMPOSTOS (EDUCAÇÃO);90.692,00
PREFEITURA MUNICIPAL DE BARBACENA;14.001;SEDEC;2.138;PESSOAL E ENCARGOS SOCIAIS DE CRECHES;14;GESTÃO DA EDUCAÇÃO INFANTIL;12;Educação;365;Educação Infantil;191;3.1.90.04.01.00.00.00;SALÁRIO CONTRATO TEMPORÁRIO;1.500.000.1001;RECURSOS NÃO VINCULADOS DE IMPOSTOS (EDUCAÇÃO);208.528,95
PREFEITURA MUNICIPAL DE BARBACENA;14.001;SEDEC;2.138;PESSOAL E ENCARGOS SOCIAIS DE CRECHES;14;GESTÃO DA EDUCAÇÃO INFANTIL;12;Educação;365;Educação Infantil;191;3.1.90.04.15.00.00.00;OBRIGAÇÕES PATRONAIS - CONTRATO TEMPORÁRIO;1.500.000.1001;RECURSOS NÃO VINCULADOS DE IMPOSTOS (EDUCAÇÃO);20.396,19
PREFEITURA MUNICIPAL DE BARBACENA;14.001;SEDEC;2.138;PESSOAL E ENCARGOS SOCIAIS DE CRECHES;14;GESTÃO DA EDUCAÇÃO INFANTIL;12;Educação;365;Educação Infantil;191;3.1.90.04.01.00.00.00;SALÁRIO CONTRATO TEMPORÁRIO;1.540.000.0000;TRANSFERÊNCIAS DO FUNDEB - IMPOSTOS E TRANSFERÊNCIAS DE IMPOSTOS (30%);602.305,47
PREFEITURA MUNICIPAL DE BARBACENA;14.001;SEDEC;2.138;PESSOAL E ENCARGOS SOCIAIS DE CRECHES;14;GESTÃO DA EDUCAÇÃO INFANTIL;12;Educação;365;Educação Infantil;191;3.1.90.04.15.00.00.00;OBRIGAÇÕES PATRONAIS - CONTRATO TEMPORÁRIO;1.540.000.0000;TRANSFERÊNCIAS DO FUNDEB - IMPOSTOS E TRANSFERÊNCIAS DE IMPOSTOS (30%);54.487,65
PREFEITURA MUNICIPAL DE BARBACENA;14.001;SEDEC;2.138;PESSOAL E ENCARGOS SOCIAIS DE CRECHES;14;GESTÃO DA EDUCAÇÃO INFANTIL;12;Educação;365;Educação Infantil;191;3.1.90.04.15.00.00.00;OBRIGAÇÕES PATRONAIS - CONTRATO TEMPORÁRIO;1.540.000.1070;TRANSFERÊNCIAS DO FUNDEB - IMPOSTOS E TRANSFERÊNCIAS DE IMPOSTOS (70% -PAGTO DA REMUNERAÇÃO DOS PROFISSIONAIS DA EDUCAÇÃO BÁSICA EM EFETIVO EXERCÍCIO);47.124,76
PREFEITURA MUNICIPAL DE BARBACENA;14.001;SEDEC;2.138;PESSOAL E ENCARGOS SOCIAIS DE CRECHES;14;GESTÃO DA EDUCAÇÃO INFANTIL;12;Educação;365;Educação Infantil;191;3.1.90.04.01.00.00.00;SALÁRIO CONTRATO TEMPORÁRIO;1.540.000.1070;TRANSFERÊNCIAS DO FUNDEB - IMPOSTOS E TRANSFERÊNCIAS DE IMPOSTOS (70% -PAGTO DA REMUNERAÇÃO DOS PROFISSIONAIS DA EDUCAÇÃO BÁSICA EM EFETIVO EXERCÍCIO);493.652,88
PREFEITURA MUNICIPAL DE BARBACENA;14.001;SEDEC;2.138;PESSOAL E ENCARGOS SOCIAIS DE CRECHES;14;GESTÃO DA EDUCAÇÃO INFANTIL;12;Educação;365;Educação Infantil;192;3.1.90.11.01.00.00.00;VENCIMENTOS E SALÁRIOS;1.500.000.1001;RECURSOS NÃO VINCULADOS DE IMPOSTOS (EDUCAÇÃO);307.720,07
PREFEITURA MUNICIPAL DE BARBACENA;14.001;SEDEC;2.138;PESSOAL E ENCARGOS SOCIAIS DE CRECHES;14;GESTÃO DA EDUCAÇÃO INFANTIL;12;Educação;365;Educação Infantil;192;3.1.90.11.52.00.00.00;LICENÇA SAÚDE;1.500.000.1001;RECURSOS NÃO VINCULADOS DE IMPOSTOS (EDUCAÇÃO);2.471,00
PREFEITURA MUNICIPAL DE BARBACENA;14.001;SEDEC;2.138;PESSOAL E ENCARGOS SOCIAIS DE CRECHES;14;GESTÃO DA EDUCAÇÃO INFANTIL;12;Educação;365;Educação Infantil;192;3.1.90.11.01.00.00.00;VENCIMENTOS E SALÁRIOS;1.540.000.0000;TRANSFERÊNCIAS DO FUNDEB - IMPOSTOS E TRANSFERÊNCIAS DE IMPOSTOS (30%);74.925,91
PREFEITURA MUNICIPAL DE BARBACENA;14.001;SEDEC;2.138;PESSOAL E ENCARGOS SOCIAIS DE CRECHES;14;GESTÃO DA EDUCAÇÃO INFANTIL;12;Educação;365;Educação Infantil;192;3.1.90.11.52.00.00.00;LICENÇA SAÚDE;1.540.000.0000;TRANSFERÊNCIAS DO FUNDEB - IMPOSTOS E TRANSFERÊNCIAS DE IMPOSTOS (30%);5.088,04
PREFEITURA MUNICIPAL DE BARBACENA;14.001;SEDEC;2.138;PESSOAL E ENCARGOS SOCIAIS DE CRECHES;14;GESTÃO DA EDUCAÇÃO INFANTIL;12;Educação;365;Educação Infantil;192;3.1.90.11.50.00.00.00;SALÁRIO MATERNIDADE;1.540.000.0000;TRANSFERÊNCIAS DO FUNDEB - IMPOSTOS E TRANSFERÊNCIAS DE IMPOSTOS (30%);7.419,35
PREFEITURA MUNICIPAL DE BARBACENA;14.001;SEDEC;2.138;PESSOAL E ENCARGOS SOCIAIS DE CRECHES;14;GESTÃO DA EDUCAÇÃO INFANTIL;12;Educação;365;Educação Infantil;192;3.1.90.11.01.00.00.00;VENCIMENTOS E SALÁRIOS;1.540.000.1070;TRANSFERÊNCIAS DO FUNDEB - IMPOSTOS E TRANSFERÊNCIAS DE IMPOSTOS (70% -PAGTO DA REMUNERAÇÃO DOS PROFISSIONAIS DA EDUCAÇÃO BÁSICA EM EFETIVO EXERCÍCIO);3.285.121,40
PREFEITURA MUNICIPAL DE BARBACENA;14.001;SEDEC;2.138;PESSOAL E ENCARGOS SOCIAIS DE CRECHES;14;GESTÃO DA EDUCAÇÃO INFANTIL;12;Educação;365;Educação Infantil;192;3.1.90.11.52.00.00.00;LICENÇA SAÚDE;1.540.000.1070;TRANSFERÊNCIAS DO FUNDEB - IMPOSTOS E TRANSFERÊNCIAS DE IMPOSTOS (70% -PAGTO DA REMUNERAÇÃO DOS PROFISSIONAIS DA EDUCAÇÃO BÁSICA EM EFETIVO EXERCÍCIO);81.728,28
PREFEITURA MUNICIPAL DE BARBACENA;14.001;SEDEC;2.138;PESSOAL E ENCARGOS SOCIAIS DE CRECHES;14;GESTÃO DA EDUCAÇÃO INFANTIL;12;Educação;365;Educação Infantil;194;3.1.91.13.08.00.00.00;CONTRIB. PREV.- RPPS - PESSOAL ATIVO - PLANO PREV.;1.500.000.1001;RECURSOS NÃO VINCULADOS DE IMPOSTOS (EDUCAÇÃO);83.796,99
PREFEITURA MUNICIPAL DE BARBACENA;14.001;SEDEC;2.138;PESSOAL E ENCARGOS SOCIAIS DE CRECHES;14;GESTÃO DA EDUCAÇÃO INFANTIL;12;Educação;365;Educação Infantil;194;3.1.91.13.08.00.00.00;CONTRIB. PREV.- RPPS - PESSOAL ATIVO - PLANO PREV.;1.540.000.0000;TRANSFERÊNCIAS DO FUNDEB - IMPOSTOS E TRANSFERÊNCIAS DE IMPOSTOS (30%);22.728,61
PREFEITURA MUNICIPAL DE BARBACENA;14.001;SEDEC;2.138;PESSOAL E ENCARGOS SOCIAIS DE CRECHES;14;GESTÃO DA EDUCAÇÃO INFANTIL;12;Educação;365;Educação Infantil;194;3.1.91.13.08.00.00.00;CONTRIB. PREV.- RPPS - PESSOAL ATIVO - PLANO PREV.;1.540.000.1070;TRANSFERÊNCIAS DO FUNDEB - IMPOSTOS E TRANSFERÊNCIAS DE IMPOSTOS (70% -PAGTO DA REMUNERAÇÃO DOS PROFISSIONAIS DA EDUCAÇÃO BÁSICA EM EFETIVO EXERCÍCIO);906.782,38
PREFEITURA MUNICIPAL DE BARBACENA;14.001;SEDEC;2.138;PESSOAL E ENCARGOS SOCIAIS DE CRECHES;14;GESTÃO DA EDUCAÇÃO INFANTIL;12;Educação;365;Educação Infantil;195;3.3.90.08.56.00.00.00;SALÁRIO FAMÍLIA;1.500.000.1001;RECURSOS NÃO VINCULADOS DE IMPOSTOS (EDUCAÇÃO);2.753,40
PREFEITURA MUNICIPAL DE BARBACENA;14.001;SEDEC;2.138;PESSOAL E ENCARGOS SOCIAIS DE CRECHES;14;GESTÃO DA EDUCAÇÃO INFANTIL;12;Educação;365;Educação Infantil;195;3.3.90.08.56.00.00.00;SALÁRIO FAMÍLIA;1.540.000.0000;TRANSFERÊNCIAS DO FUNDEB - IMPOSTOS E TRANSFERÊNCIAS DE IMPOSTOS (30%);1.976,80
PREFEITURA MUNICIPAL DE BARBACENA;14.001;SEDEC;2.138;PESSOAL E ENCARGOS SOCIAIS DE CRECHES;14;GESTÃO DA EDUCAÇÃO INFANTIL;12;Educação;365;Educação Infantil;195;3.3.90.08.05.00.00.00;AUXÍLIO NATALIDADE;1.540.000.0000;TRANSFERÊNCIAS DO FUNDEB - IMPOSTOS E TRANSFERÊNCIAS DE IMPOSTOS (30%);706,00
PREFEITURA MUNICIPAL DE BARBACENA;14.001;SEDEC;2.138;PESSOAL E ENCARGOS SOCIAIS DE CRECHES;14;GESTÃO DA EDUCAÇÃO INFANTIL;12;Educação;365;Educação Infantil;195;3.3.90.08.56.00.00.00;SALÁRIO FAMÍLIA;1.540.000.1070;TRANSFERÊNCIAS DO FUNDEB - IMPOSTOS E TRANSFERÊNCIAS DE IMPOSTOS (70% -PAGTO DA REMUNERAÇÃO DOS PROFISSIONAIS DA EDUCAÇÃO BÁSICA EM EFETIVO EXERCÍCIO);211,80
PREFEITURA MUNICIPAL DE BARBACENA;14.001;SEDEC;2.138;PESSOAL E ENCARGOS SOCIAIS DE CRECHES;14;GESTÃO DA EDUCAÇÃO INFANTIL;12;Educação;365;Educação Infantil;196;3.3.90.46.00.00.00.00;AUXÍLIO-ALIMENTAÇÃO;1.500.000.1001;RECURSOS NÃO VINCULADOS DE IMPOSTOS (EDUCAÇÃO);88.000,00
PREFEITURA MUNICIPAL DE BARBACENA;14.001;SEDEC;2.138;PESSOAL E ENCARGOS SOCIAIS DE CRECHES;14;GESTÃO DA EDUCAÇÃO INFANTIL;12;Educação;365;Educação Infantil;196;3.3.90.46.00.00.00.00;AUXÍLIO-ALIMENTAÇÃO;1.540.000.0000;TRANSFERÊNCIAS DO FUNDEB - IMPOSTOS E TRANSFERÊNCIAS DE IMPOSTOS (30%);403.590,00
PREFEITURA MUNICIPAL DE BARBACENA;14.001;SEDEC;2.138;PESSOAL E ENCARGOS SOCIAIS DE CRECHES;14;GESTÃO DA EDUCAÇÃO INFANTIL;12;Educação;365;Educação Infantil;196;3.3.90.46.00.00.00.00;AUXÍLIO-ALIMENTAÇÃO;1.543.000.0000;TRANSFERÊNCIAS DO FUNDEB - COMPLEMENTAÇÃO DA UNIÃO - VAAR;57.380,00
PREFEITURA MUNICIPAL DE BARBACENA;14.001;SEDEC;2.138;PESSOAL E ENCARGOS SOCIAIS DE CRECHES;14;GESTÃO DA EDUCAÇÃO INFANTIL;12;Educação;365;Educação Infantil;196;3.3.90.46.00.00.00.00;AUXÍLIO-ALIMENTAÇÃO;2.540.000.0000;TRANSFERÊNCIAS DO FUNDEB - IMPOSTOS E TRANSFERÊNCIAS DE IMPOSTOS (30%);129.835,00
PREFEITURA MUNICIPAL DE BARBACENA;14.001;SEDEC;2.217;TRANSPORTE ESCOLAR DE CRECHES;14;GESTÃO DA EDUCAÇÃO INFANTIL;12;Educação;365;Educação Infantil;198;3.3.90.36.42.00.00.00;TRANSPORTE ESCOLAR;1.500.000.1001;RECURSOS NÃO VINCULADOS DE IMPOSTOS (EDUCAÇÃO);8.707,83
PREFEITURA MUNICIPAL DE BARBACENA;14.001;SEDEC;2.217;TRANSPORTE ESCOLAR DE CRECHES;14;GESTÃO DA EDUCAÇÃO INFANTIL;12;Educação;365;Educação Infantil;199;3.3.90.39.57.00.00.00;TRANSPORTE ESCOLAR;1.500.000.1001;RECURSOS NÃO VINCULADOS DE IMPOSTOS (EDUCAÇÃO);11.564,77
PREFEITURA MUNICIPAL DE BARBACENA;14.001;SEDEC;2.217;TRANSPORTE ESCOLAR DE CRECHES;14;GESTÃO DA EDUCAÇÃO INFANTIL;12;Educação;365;Educação Infantil;199;3.3.90.39.57.00.00.00;TRANSPORTE ESCOLAR;2.576.001.0000;PTE - TRANSFERÊNCIAS DE RECURSOS DOS ESTADOS PARA PROGRAMAS DE EDUCAÇÃO (TRANSFERÊNCIAS DE RECURSOS PARA O PROGRAMA ESTADUAL DE TRANSPORTE ESCOLAR );2.445,84
PREFEITURA MUNICIPAL DE BARBACENA;14.001;SEDEC;2.332;TRANSPORTE ESCOLAR DA EDUCAÇÃO INFANTIL;14;GESTÃO DA EDUCAÇÃO INFANTIL;12;Educação;365;Educação Infantil;200;3.3.90.36.42.00.00.00;TRANSPORTE ESCOLAR;1.553.000.0000;PNATE - TRANSFERÊNCIAS DE RECURSOS DO FNDE REFERENTES AO PROGRAMA NACIONAL DE APOIO AO TRANSPORTE ESCOLAR;65.509,19
PREFEITURA MUNICIPAL DE BARBACENA;14.001;SEDEC;2.332;TRANSPORTE ESCOLAR DA EDUCAÇÃO INFANTIL;14;GESTÃO DA EDUCAÇÃO INFANTIL;12;Educação;365;Educação Infantil;200;3.3.90.36.42.00.00.00;TRANSPORTE ESCOLAR;2.553.000.0000;PNATE - TRANSFERÊNCIAS DE RECURSOS DO FNDE REFERENTES AO PROGRAMA NACIONAL DE APOIO AO TRANSPORTE ESCOLAR;54.324,95
PREFEITURA MUNICIPAL DE BARBACENA;14.001;SEDEC;2.332;TRANSPORTE ESCOLAR DA EDUCAÇÃO INFANTIL;14;GESTÃO DA EDUCAÇÃO INFANTIL;12;Educação;365;Educação Infantil;201;3.3.90.39.57.00.00.00;TRANSPORTE ESCOLAR;1.500.000.1001;RECURSOS NÃO VINCULADOS DE IMPOSTOS (EDUCAÇÃO);8.810,34
PREFEITURA MUNICIPAL DE BARBACENA;14.001;SEDEC;2.332;TRANSPORTE ESCOLAR DA EDUCAÇÃO INFANTIL;14;GESTÃO DA EDUCAÇÃO INFANTIL;12;Educação;365;Educação Infantil;201;3.3.90.39.57.00.00.00;TRANSPORTE ESCOLAR;1.553.000.0000;PNATE - TRANSFERÊNCIAS DE RECURSOS DO FNDE REFERENTES AO PROGRAMA NACIONAL DE APOIO AO TRANSPORTE ESCOLAR;66.353,13
PREFEITURA MUNICIPAL DE BARBACENA;14.001;SEDEC;2.332;TRANSPORTE ESCOLAR DA EDUCAÇÃO INFANTIL;14;GESTÃO DA EDUCAÇÃO INFANTIL;12;Educação;365;Educação Infantil;201;3.3.90.39.57.00.00.00;TRANSPORTE ESCOLAR;2.553.000.0000;PNATE - TRANSFERÊNCIAS DE RECURSOS DO FNDE REFERENTES AO PROGRAMA NACIONAL DE APOIO AO TRANSPORTE ESCOLAR;80.727,71
PREFEITURA MUNICIPAL DE BARBACENA;14.001;SEDEC;2.332;TRANSPORTE ESCOLAR DA EDUCAÇÃO INFANTIL;14;GESTÃO DA EDUCAÇÃO INFANTIL;12;Educação;365;Educação Infantil;201;3.3.90.39.57.00.00.00;TRANSPORTE ESCOLAR;2.576.001.0000;PTE - TRANSFERÊNCIAS DE RECURSOS DOS ESTADOS PARA PROGRAMAS DE EDUCAÇÃO (TRANSFERÊNCIAS DE RECURSOS PARA O PROGRAMA ESTADUAL DE TRANSPORTE ESCOLAR );20.174,05
PREFEITURA MUNICIPAL DE BARBACENA;14.001;SEDEC;2.468;APOIO AO INSTITUTO APRENDIZ SOLIDÁRIO;14;GESTÃO DA EDUCAÇÃO INFANTIL;12;Educação;365;Educação Infantil;202;3.3.50.41.00.00.00.00;CONTRIBUIÇÕES;1.500.000.1001;RECURSOS NÃO VINCULADOS DE IMPOSTOS (EDUCAÇÃO);275.830,70
PREFEITURA MUNICIPAL DE BARBACENA;14.001;SEDEC;2.468;APOIO AO INSTITUTO APRENDIZ SOLIDÁRIO;14;GESTÃO DA EDUCAÇÃO INFANTIL;12;Educação;365;Educação Infantil;1043;4.4.50.41.00.00.00.00;CONTRIBUIÇÕES;1.500.000.1001;RECURSOS NÃO VINCULADOS DE IMPOSTOS (EDUCAÇÃO);80.320,00
PREFEITURA MUNICIPAL DE BARBACENA;14.001;SEDEC;2.202;TRANSPORTE ESCOLAR DO ENSINO FUNDAMENTAL;15;GESTÃO DO ENSINO FUNDAMENTAL;12;Educação;361;Ensino Fundamental;132;3.3.90.30.99.00.00.00;OUTROS MATERIAIS DE CONSUMO;1.500.000.1001;RECURSOS NÃO VINCULADOS DE IMPOSTOS (EDUCAÇÃO);150.000,00
PREFEITURA MUNICIPAL DE BARBACENA;14.001;SEDEC;2.202;TRANSPORTE ESCOLAR DO ENSINO FUNDAMENTAL;15;GESTÃO DO ENSINO FUNDAMENTAL;12;Educação;361;Ensino Fundamental;134;3.3.90.36.42.00.00.00;TRANSPORTE ESCOLAR;1.500.000.1001;RECURSOS NÃO VINCULADOS DE IMPOSTOS (EDUCAÇÃO);506.945,95
PREFEITURA MUNICIPAL DE BARBACENA;14.001;SEDEC;2.202;TRANSPORTE ESCOLAR DO ENSINO FUNDAMENTAL;15;GESTÃO DO ENSINO FUNDAMENTAL;12;Educação;361;Ensino Fundamental;134;3.3.90.36.42.00.00.00;TRANSPORTE ESCOLAR;1.576.001.0000;PTE- TRANSFERÊNCIAS DE RECURSOS DOS ESTADOS PARA PROGRAMAS DE EDUCAÇÃO (TRANSFERÊNCIAS DE RECURSOS PARA O PROGRAMA ESTADUAL DE TRANSPORTE ESCOLAR);29.962,96
PREFEITURA MUNICIPAL DE BARBACENA;14.001;SEDEC;2.202;TRANSPORTE ESCOLAR DO ENSINO FUNDAMENTAL;15;GESTÃO DO ENSINO FUNDAMENTAL;12;Educação;361;Ensino Fundamental;134;3.3.90.36.42.00.00.00;TRANSPORTE ESCOLAR;2.576.001.0000;PTE - TRANSFERÊNCIAS DE RECURSOS DOS ESTADOS PARA PROGRAMAS DE EDUCAÇÃO (TRANSFERÊNCIAS DE RECURSOS PARA O PROGRAMA ESTADUAL DE TRANSPORTE ESCOLAR );25.559,46
PREFEITURA MUNICIPAL DE BARBACENA;14.001;SEDEC;2.202;TRANSPORTE ESCOLAR DO ENSINO FUNDAMENTAL;15;GESTÃO DO ENSINO FUNDAMENTAL;12;Educação;361;Ensino Fundamental;135;3.3.90.39.57.00.00.00;TRANSPORTE ESCOLAR;1.500.000.1001;RECURSOS NÃO VINCULADOS DE IMPOSTOS (EDUCAÇÃO);893.450,32
PREFEITURA MUNICIPAL DE BARBACENA;14.001;SEDEC;2.202;TRANSPORTE ESCOLAR DO ENSINO FUNDAMENTAL;15;GESTÃO DO ENSINO FUNDAMENTAL;12;Educação;361;Ensino Fundamental;135;3.3.90.39.99.00.00.00;OUTROS SERVIÇOS DE TERCEIROS - PESSOA JURÍDICA;1.500.000.1001;RECURSOS NÃO VINCULADOS DE IMPOSTOS (EDUCAÇÃO);629.616,25
PREFEITURA MUNICIPAL DE BARBACENA;14.001;SEDEC;2.202;TRANSPORTE ESCOLAR DO ENSINO FUNDAMENTAL;15;GESTÃO DO ENSINO FUNDAMENTAL;12;Educação;361;Ensino Fundamental;135;3.3.90.39.56.00.00.00;VALE-TRANSPORTE;1.500.000.1001;RECURSOS NÃO VINCULADOS DE IMPOSTOS (EDUCAÇÃO);6.899,79
PREFEITURA MUNICIPAL DE BARBACENA;14.001;SEDEC;2.202;TRANSPORTE ESCOLAR DO ENSINO FUNDAMENTAL;15;GESTÃO DO ENSINO FUNDAMENTAL;12;Educação;361;Ensino Fundamental;135;3.3.90.39.53.00.00.00;SEGUROS EM GERAL;1.500.000.1001;RECURSOS NÃO VINCULADOS DE IMPOSTOS (EDUCAÇÃO);69.876,38
PREFEITURA MUNICIPAL DE BARBACENA;14.001;SEDEC;2.202;TRANSPORTE ESCOLAR DO ENSINO FUNDAMENTAL;15;GESTÃO DO ENSINO FUNDAMENTAL;12;Educação;361;Ensino Fundamental;135;3.3.90.39.57.00.00.00;TRANSPORTE ESCOLAR;1.553.000.0000;PNATE - TRANSFERÊNCIAS DE RECURSOS DO FNDE REFERENTES AO PROGRAMA NACIONAL DE APOIO AO TRANSPORTE ESCOLAR;8.307,60
PREFEITURA MUNICIPAL DE BARBACENA;14.001;SEDEC;2.202;TRANSPORTE ESCOLAR DO ENSINO FUNDAMENTAL;15;GESTÃO DO ENSINO FUNDAMENTAL;12;Educação;361;Ensino Fundamental;135;3.3.90.39.57.00.00.00;TRANSPORTE ESCOLAR;1.576.001.0000;PTE- TRANSFERÊNCIAS DE RECURSOS DOS ESTADOS PARA PROGRAMAS DE EDUCAÇÃO (TRANSFERÊNCIAS DE RECURSOS PARA O PROGRAMA ESTADUAL DE TRANSPORTE ESCOLAR);236.631,98
PREFEITURA MUNICIPAL DE BARBACENA;14.001;SEDEC;2.202;TRANSPORTE ESCOLAR DO ENSINO FUNDAMENTAL;15;GESTÃO DO ENSINO FUNDAMENTAL;12;Educação;361;Ensino Fundamental;135;3.3.90.39.57.00.00.00;TRANSPORTE ESCOLAR;2.576.001.0000;PTE - TRANSFERÊNCIAS DE RECURSOS DOS ESTADOS PARA PROGRAMAS DE EDUCAÇÃO (TRANSFERÊNCIAS DE RECURSOS PARA O PROGRAMA ESTADUAL DE TRANSPORTE ESCOLAR );353.697,91
PREFEITURA MUNICIPAL DE BARBACENA;14.001;SEDEC;2.202;TRANSPORTE ESCOLAR DO ENSINO FUNDAMENTAL;15;GESTÃO DO ENSINO FUNDAMENTAL;12;Educação;361;Ensino Fundamental;136;3.3.90.47.00.00.00.00;OBRIGAÇÕES TRIBUTÁRIAS E CONTRIBUTIVAS;1.500.000.1001;RECURSOS NÃO VINCULADOS DE IMPOSTOS (EDUCAÇÃO);35.676,59
PREFEITURA MUNICIPAL DE BARBACENA;14.001;SEDEC;2.202;TRANSPORTE ESCOLAR DO ENSINO FUNDAMENTAL;15;GESTÃO DO ENSINO FUNDAMENTAL;12;Educação;361;Ensino Fundamental;139;4.4.90.52.27.00.00.00;VEÍCULOS DIVERSOS;1.500.000.1001;RECURSOS NÃO VINCULADOS DE IMPOSTOS (EDUCAÇÃO);176.000,00
PREFEITURA MUNICIPAL DE BARBACENA;14.001;SEDEC;2.203;MANUTENÇAO DAS UNIDADES DE ENSINO FUNDAMENTAL;15;GESTÃO DO ENSINO FUNDAMENTAL;12;Educação;361;Ensino Fundamental;140;3.3.90.30.16.00.00.00;MATERIAL DE EXPEDIENTE;1.500.000.1001;RECURSOS NÃO VINCULADOS DE IMPOSTOS (EDUCAÇÃO);25.650,25
PREFEITURA MUNICIPAL DE BARBACENA;14.001;SEDEC;2.203;MANUTENÇAO DAS UNIDADES DE ENSINO FUNDAMENTAL;15;GESTÃO DO ENSINO FUNDAMENTAL;12;Educação;361;Ensino Fundamental;140;3.3.90.30.04.00.00.00;GÁS ENGARRAFADO;1.500.000.1001;RECURSOS NÃO VINCULADOS DE IMPOSTOS (EDUCAÇÃO);54.856,67
PREFEITURA MUNICIPAL DE BARBACENA;14.001;SEDEC;2.203;MANUTENÇAO DAS UNIDADES DE ENSINO FUNDAMENTAL;15;GESTÃO DO ENSINO FUNDAMENTAL;12;Educação;361;Ensino Fundamental;140;3.3.90.30.24.00.00.00;MATERIAL PARA MANUTENÇÃO DE BENS IMÓVEIS;1.500.000.1001;RECURSOS NÃO VINCULADOS DE IMPOSTOS (EDUCAÇÃO);21.683,85
PREFEITURA MUNICIPAL DE BARBACENA;14.001;SEDEC;2.203;MANUTENÇAO DAS UNIDADES DE ENSINO FUNDAMENTAL;15;GESTÃO DO ENSINO FUNDAMENTAL;12;Educação;361;Ensino Fundamental;140;3.3.90.30.22.00.00.00;MATERIAL DE LIMPEZA E PRODUÇÃO DE HIGIENIZAÇÃO;1.500.000.1001;RECURSOS NÃO VINCULADOS DE IMPOSTOS (EDUCAÇÃO);50.649,31
PREFEITURA MUNICIPAL DE BARBACENA;14.001;SEDEC;2.203;MANUTENÇAO DAS UNIDADES DE ENSINO FUNDAMENTAL;15;GESTÃO DO ENSINO FUNDAMENTAL;12;Educação;361;Ensino Fundamental;140;3.3.90.30.28.00.00.00;MATERIAL DE PROTEÇÃO E SEGURANÇA;1.500.000.1001;RECURSOS NÃO VINCULADOS DE IMPOSTOS (EDUCAÇÃO);2.674,00
PREFEITURA MUNICIPAL DE BARBACENA;14.001;SEDEC;2.203;MANUTENÇAO DAS UNIDADES DE ENSINO FUNDAMENTAL;15;GESTÃO DO ENSINO FUNDAMENTAL;12;Educação;361;Ensino Fundamental;140;3.3.90.30.99.00.00.00;OUTROS MATERIAIS DE CONSUMO;1.500.000.1001;RECURSOS NÃO VINCULADOS DE IMPOSTOS (EDUCAÇÃO);5.561,00
PREFEITURA MUNICIPAL DE BARBACENA;14.001;SEDEC;2.203;MANUTENÇAO DAS UNIDADES DE ENSINO FUNDAMENTAL;15;GESTÃO DO ENSINO FUNDAMENTAL;12;Educação;361;Ensino Fundamental;140;3.3.90.30.47.00.00.00;BANDEIRAS, FLÂMULAS E INSÍGNIAS;1.500.000.1001;RECURSOS NÃO VINCULADOS DE IMPOSTOS (EDUCAÇÃO);20.308,96
PREFEITURA MUNICIPAL DE BARBACENA;14.001;SEDEC;2.203;MANUTENÇAO DAS UNIDADES DE ENSINO FUNDAMENTAL;15;GESTÃO DO ENSINO FUNDAMENTAL;12;Educação;361;Ensino Fundamental;140;3.3.90.30.07.00.00.00;GÊNEROS DE ALIMENTAÇÃO;1.550.000.0000;QESE - TRANSFERÊNCIA DO SALÁRIO-EDUCAÇÃO;335.758,23
PREFEITURA MUNICIPAL DE BARBACENA;14.001;SEDEC;2.203;MANUTENÇAO DAS UNIDADES DE ENSINO FUNDAMENTAL;15;GESTÃO DO ENSINO FUNDAMENTAL;12;Educação;361;Ensino Fundamental;140;3.3.90.30.07.00.00.00;GÊNEROS DE ALIMENTAÇÃO;1.552.000.0000;PNAE - TRANSFERÊNCIAS DE RECURSOS DO FNDE REFERENTES AO PROGRAMA NACIONAL DE ALIMENTAÇÃO ESCOLAR;571.453,84
PREFEITURA MUNICIPAL DE BARBACENA;14.001;SEDEC;2.203;MANUTENÇAO DAS UNIDADES DE ENSINO FUNDAMENTAL;15;GESTÃO DO ENSINO FUNDAMENTAL;12;Educação;361;Ensino Fundamental;140;3.3.90.30.23.00.00.00;UNIFORMES, TECIDOS E AVIAMENTOS;2.550.000.0000;QESE - TRANSFERÊNCIA DO SALÁRIO-EDUCAÇÃO;249.898,22
PREFEITURA MUNICIPAL DE BARBACENA;14.001;SEDEC;2.203;MANUTENÇAO DAS UNIDADES DE ENSINO FUNDAMENTAL;15;GESTÃO DO ENSINO FUNDAMENTAL;12;Educação;361;Ensino Fundamental;142;3.3.90.39.43.00.00.00;SERVIÇOS DE TELECOMUNICAÇÕES;1.500.000.1001;RECURSOS NÃO VINCULADOS DE IMPOSTOS (EDUCAÇÃO);23.820,00
PREFEITURA MUNICIPAL DE BARBACENA;14.001;SEDEC;2.203;MANUTENÇAO DAS UNIDADES DE ENSINO FUNDAMENTAL;15;GESTÃO DO ENSINO FUNDAMENTAL;12;Educação;361;Ensino Fundamental;142;3.3.90.39.12.00.00.00;LOCAÇÃO DE MÁQUINAS E EQUIPAMENTOS;1.500.000.1001;RECURSOS NÃO VINCULADOS DE IMPOSTOS (EDUCAÇÃO);138.614,40
PREFEITURA MUNICIPAL DE BARBACENA;14.001;SEDEC;2.203;MANUTENÇAO DAS UNIDADES DE ENSINO FUNDAMENTAL;15;GESTÃO DO ENSINO FUNDAMENTAL;12;Educação;361;Ensino Fundamental;142;3.3.90.39.30.00.00.00;SERVIÇOS DE ÁGUA E ESGOTO;1.500.000.1001;RECURSOS NÃO VINCULADOS DE IMPOSTOS (EDUCAÇÃO);300.000,00
PREFEITURA MUNICIPAL DE BARBACENA;14.001;SEDEC;2.203;MANUTENÇAO DAS UNIDADES DE ENSINO FUNDAMENTAL;15;GESTÃO DO ENSINO FUNDAMENTAL;12;Educação;361;Ensino Fundamental;142;3.3.90.39.29.00.00.00;SERVIÇOS DE ENERGIA ELÉTRICA;1.500.000.1001;RECURSOS NÃO VINCULADOS DE IMPOSTOS (EDUCAÇÃO);300.000,00
PREFEITURA MUNICIPAL DE BARBACENA;14.001;SEDEC;2.203;MANUTENÇAO DAS UNIDADES DE ENSINO FUNDAMENTAL;15;GESTÃO DO ENSINO FUNDAMENTAL;12;Educação;361;Ensino Fundamental;142;3.3.90.39.05.00.00.00;SERVIÇOS TÉCNICOS PROFISSIONAIS;1.500.000.1001;RECURSOS NÃO VINCULADOS DE IMPOSTOS (EDUCAÇÃO);233.277,16
PREFEITURA MUNICIPAL DE BARBACENA;14.001;SEDEC;2.203;MANUTENÇAO DAS UNIDADES DE ENSINO FUNDAMENTAL;15;GESTÃO DO ENSINO FUNDAMENTAL;12;Educação;361;Ensino Fundamental;142;3.3.90.39.99.00.00.00;OUTROS SERVIÇOS DE TERCEIROS - PESSOA JURÍDICA;1.500.000.1001;RECURSOS NÃO VINCULADOS DE IMPOSTOS (EDUCAÇÃO);1.297.098,25
PREFEITURA MUNICIPAL DE BARBACENA;14.001;SEDEC;2.203;MANUTENÇAO DAS UNIDADES DE ENSINO FUNDAMENTAL;15;GESTÃO DO ENSINO FUNDAMENTAL;12;Educação;361;Ensino Fundamental;142;3.3.90.39.61.00.00.00;LIMPEZA E CONSERVAÇÃO;1.500.000.1001;RECURSOS NÃO VINCULADOS DE IMPOSTOS (EDUCAÇÃO);3.904,92
PREFEITURA MUNICIPAL DE BARBACENA;14.001;SEDEC;2.203;MANUTENÇAO DAS UNIDADES DE ENSINO FUNDAMENTAL;15;GESTÃO DO ENSINO FUNDAMENTAL;12;Educação;361;Ensino Fundamental;142;3.3.90.39.10.00.00.00;LOCAÇÃO DE IMÓVEIS;1.550.000.0000;QESE - TRANSFERÊNCIA DO SALÁRIO-EDUCAÇÃO;35.198,76
PREFEITURA MUNICIPAL DE BARBACENA;14.001;SEDEC;2.203;MANUTENÇAO DAS UNIDADES DE ENSINO FUNDAMENTAL;15;GESTÃO DO ENSINO FUNDAMENTAL;12;Educação;361;Ensino Fundamental;143;3.3.90.92.00.00.00.00;DESPESAS DE EXERCÍCIOS ANTERIORES;1.500.000.0000;RECURSOS NÃO VINCULADOS DE IMPOSTOS;15.851,88
PREFEITURA MUNICIPAL DE BARBACENA;14.001;SEDEC;2.203;MANUTENÇAO DAS UNIDADES DE ENSINO FUNDAMENTAL;15;GESTÃO DO ENSINO FUNDAMENTAL;12;Educação;361;Ensino Fundamental;143;3.3.90.92.00.00.00.00;DESPESAS DE EXERCÍCIOS ANTERIORES;1.500.000.1001;RECURSOS NÃO VINCULADOS DE IMPOSTOS (EDUCAÇÃO);13.891,00
PREFEITURA MUNICIPAL DE BARBACENA;14.001;SEDEC;2.203;MANUTENÇAO DAS UNIDADES DE ENSINO FUNDAMENTAL;15;GESTÃO DO ENSINO FUNDAMENTAL;12;Educação;361;Ensino Fundamental;146;4.4.90.52.12.00.00.00;EQUIPAMENTO DE PROTEÇÃO, SEGURANÇA E SOCORRO;1.500.000.1001;RECURSOS NÃO VINCULADOS DE IMPOSTOS (EDUCAÇÃO);9.185,00
PREFEITURA MUNICIPAL DE BARBACENA;14.001;SEDEC;2.203;MANUTENÇAO DAS UNIDADES DE ENSINO FUNDAMENTAL;15;GESTÃO DO ENSINO FUNDAMENTAL;12;Educação;361;Ensino Fundamental;146;4.4.90.52.18.00.00.00;MÁQUINAS, UTENSÍLIOS E EQUIPAMENTOS DIVERSOS;1.500.000.1001;RECURSOS NÃO VINCULADOS DE IMPOSTOS (EDUCAÇÃO);118.187,22
PREFEITURA MUNICIPAL DE BARBACENA;14.001;SEDEC;2.203;MANUTENÇAO DAS UNIDADES DE ENSINO FUNDAMENTAL;15;GESTÃO DO ENSINO FUNDAMENTAL;12;Educação;361;Ensino Fundamental;146;4.4.90.52.19.00.00.00;EQUIPAMENTOS DE PROCESSAMENTO DE DADOS;1.500.000.1001;RECURSOS NÃO VINCULADOS DE IMPOSTOS (EDUCAÇÃO);1.772.634,00
PREFEITURA MUNICIPAL DE BARBACENA;14.001;SEDEC;2.203;MANUTENÇAO DAS UNIDADES DE ENSINO FUNDAMENTAL;15;GESTÃO DO ENSINO FUNDAMENTAL;12;Educação;361;Ensino Fundamental;146;4.4.90.52.24.00.00.00;MOBILIÁRIO EM GERAL;1.500.000.1001;RECURSOS NÃO VINCULADOS DE IMPOSTOS (EDUCAÇÃO);107.973,00
PREFEITURA MUNICIPAL DE BARBACENA;14.001;SEDEC;2.204;PESSOAL E ENCARGOS SOCIAIS DO ENSINO FUNDAMENTAL;15;GESTÃO DO ENSINO FUNDAMENTAL;12;Educação;361;Ensino Fundamental;147;3.1.90.04.15.00.00.00;OBRIGAÇÕES PATRONAIS - CONTRATO TEMPORÁRIO;1.500.000.1001;RECURSOS NÃO VINCULADOS DE IMPOSTOS (EDUCAÇÃO);229.883,70
PREFEITURA MUNICIPAL DE BARBACENA;14.001;SEDEC;2.204;PESSOAL E ENCARGOS SOCIAIS DO ENSINO FUNDAMENTAL;15;GESTÃO DO ENSINO FUNDAMENTAL;12;Educação;361;Ensino Fundamental;147;3.1.90.04.01.00.00.00;SALÁRIO CONTRATO TEMPORÁRIO;1.500.000.1001;RECURSOS NÃO VINCULADOS DE IMPOSTOS (EDUCAÇÃO);2.077.256,31
PREFEITURA MUNICIPAL DE BARBACENA;14.001;SEDEC;2.204;PESSOAL E ENCARGOS SOCIAIS DO ENSINO FUNDAMENTAL;15;GESTÃO DO ENSINO FUNDAMENTAL;12;Educação;361;Ensino Fundamental;147;3.1.90.04.15.00.00.00;OBRIGAÇÕES PATRONAIS - CONTRATO TEMPORÁRIO;1.540.000.0000;TRANSFERÊNCIAS DO FUNDEB - IMPOSTOS E TRANSFERÊNCIAS DE IMPOSTOS (30%);46.187,54
PREFEITURA MUNICIPAL DE BARBACENA;14.001;SEDEC;2.204;PESSOAL E ENCARGOS SOCIAIS DO ENSINO FUNDAMENTAL;15;GESTÃO DO ENSINO FUNDAMENTAL;12;Educação;361;Ensino Fundamental;147;3.1.90.04.01.00.00.00;SALÁRIO CONTRATO TEMPORÁRIO;1.540.000.0000;TRANSFERÊNCIAS DO FUNDEB - IMPOSTOS E TRANSFERÊNCIAS DE IMPOSTOS (30%);60.767,16
PREFEITURA MUNICIPAL DE BARBACENA;14.001;SEDEC;2.204;PESSOAL E ENCARGOS SOCIAIS DO ENSINO FUNDAMENTAL;15;GESTÃO DO ENSINO FUNDAMENTAL;12;Educação;361;Ensino Fundamental;147;3.1.90.04.15.00.00.00;OBRIGAÇÕES PATRONAIS - CONTRATO TEMPORÁRIO;1.540.000.1070;TRANSFERÊNCIAS DO FUNDEB - IMPOSTOS E TRANSFERÊNCIAS DE IMPOSTOS (70% -PAGTO DA REMUNERAÇÃO DOS PROFISSIONAIS DA EDUCAÇÃO BÁSICA EM EFETIVO EXERCÍCIO);797.028,48
PREFEITURA MUNICIPAL DE BARBACENA;14.001;SEDEC;2.204;PESSOAL E ENCARGOS SOCIAIS DO ENSINO FUNDAMENTAL;15;GESTÃO DO ENSINO FUNDAMENTAL;12;Educação;361;Ensino Fundamental;147;3.1.90.04.01.00.00.00;SALÁRIO CONTRATO TEMPORÁRIO;1.540.000.1070;TRANSFERÊNCIAS DO FUNDEB - IMPOSTOS E TRANSFERÊNCIAS DE IMPOSTOS (70% -PAGTO DA REMUNERAÇÃO DOS PROFISSIONAIS DA EDUCAÇÃO BÁSICA EM EFETIVO EXERCÍCIO);8.538.041,18
PREFEITURA MUNICIPAL DE BARBACENA;14.001;SEDEC;2.204;PESSOAL E ENCARGOS SOCIAIS DO ENSINO FUNDAMENTAL;15;GESTÃO DO ENSINO FUNDAMENTAL;12;Educação;361;Ensino Fundamental;147;3.1.90.04.01.00.00.00;SALÁRIO CONTRATO TEMPORÁRIO;1.543.000.0000;TRANSFERÊNCIAS DO FUNDEB - COMPLEMENTAÇÃO DA UNIÃO - VAAR;414.072,91
PREFEITURA MUNICIPAL DE BARBACENA;14.001;SEDEC;2.204;PESSOAL E ENCARGOS SOCIAIS DO ENSINO FUNDAMENTAL;15;GESTÃO DO ENSINO FUNDAMENTAL;12;Educação;361;Ensino Fundamental;148;3.1.90.11.52.00.00.00;LICENÇA SAÚDE;1.500.000.1001;RECURSOS NÃO VINCULADOS DE IMPOSTOS (EDUCAÇÃO);126.234,21
PREFEITURA MUNICIPAL DE BARBACENA;14.001;SEDEC;2.204;PESSOAL E ENCARGOS SOCIAIS DO ENSINO FUNDAMENTAL;15;GESTÃO DO ENSINO FUNDAMENTAL;12;Educação;361;Ensino Fundamental;148;3.1.90.11.01.00.00.00;VENCIMENTOS E SALÁRIOS;1.500.000.1001;RECURSOS NÃO VINCULADOS DE IMPOSTOS (EDUCAÇÃO);4.332.642,21
PREFEITURA MUNICIPAL DE BARBACENA;14.001;SEDEC;2.204;PESSOAL E ENCARGOS SOCIAIS DO ENSINO FUNDAMENTAL;15;GESTÃO DO ENSINO FUNDAMENTAL;12;Educação;361;Ensino Fundamental;148;3.1.90.11.50.00.00.00;SALÁRIO MATERNIDADE;1.500.000.1001;RECURSOS NÃO VINCULADOS DE IMPOSTOS (EDUCAÇÃO);11.124,84
PREFEITURA MUNICIPAL DE BARBACENA;14.001;SEDEC;2.204;PESSOAL E ENCARGOS SOCIAIS DO ENSINO FUNDAMENTAL;15;GESTÃO DO ENSINO FUNDAMENTAL;12;Educação;361;Ensino Fundamental;148;3.1.90.11.50.00.00.00;SALÁRIO MATERNIDADE;1.540.000.0000;TRANSFERÊNCIAS DO FUNDEB - IMPOSTOS E TRANSFERÊNCIAS DE IMPOSTOS (30%);22.471,64
PREFEITURA MUNICIPAL DE BARBACENA;14.001;SEDEC;2.204;PESSOAL E ENCARGOS SOCIAIS DO ENSINO FUNDAMENTAL;15;GESTÃO DO ENSINO FUNDAMENTAL;12;Educação;361;Ensino Fundamental;148;3.1.90.11.52.00.00.00;LICENÇA SAÚDE;1.540.000.1070;TRANSFERÊNCIAS DO FUNDEB - IMPOSTOS E TRANSFERÊNCIAS DE IMPOSTOS (70% -PAGTO DA REMUNERAÇÃO DOS PROFISSIONAIS DA EDUCAÇÃO BÁSICA EM EFETIVO EXERCÍCIO);889.984,87
PREFEITURA MUNICIPAL DE BARBACENA;14.001;SEDEC;2.204;PESSOAL E ENCARGOS SOCIAIS DO ENSINO FUNDAMENTAL;15;GESTÃO DO ENSINO FUNDAMENTAL;12;Educação;361;Ensino Fundamental;148;3.1.90.11.01.00.00.00;VENCIMENTOS E SALÁRIOS;1.540.000.1070;TRANSFERÊNCIAS DO FUNDEB - IMPOSTOS E TRANSFERÊNCIAS DE IMPOSTOS (70% -PAGTO DA REMUNERAÇÃO DOS PROFISSIONAIS DA EDUCAÇÃO BÁSICA EM EFETIVO EXERCÍCIO);13.970.358,52
PREFEITURA MUNICIPAL DE BARBACENA;14.001;SEDEC;2.204;PESSOAL E ENCARGOS SOCIAIS DO ENSINO FUNDAMENTAL;15;GESTÃO DO ENSINO FUNDAMENTAL;12;Educação;361;Ensino Fundamental;148;3.1.90.11.50.00.00.00;SALÁRIO MATERNIDADE;1.540.000.1070;TRANSFERÊNCIAS DO FUNDEB - IMPOSTOS E TRANSFERÊNCIAS DE IMPOSTOS (70% -PAGTO DA REMUNERAÇÃO DOS PROFISSIONAIS DA EDUCAÇÃO BÁSICA EM EFETIVO EXERCÍCIO);3.290,40
PREFEITURA MUNICIPAL DE BARBACENA;14.001;SEDEC;2.204;PESSOAL E ENCARGOS SOCIAIS DO ENSINO FUNDAMENTAL;15;GESTÃO DO ENSINO FUNDAMENTAL;12;Educação;361;Ensino Fundamental;150;3.1.91.13.08.00.00.00;CONTRIB. PREV.- RPPS - PESSOAL ATIVO - PLANO PREV.;1.500.000.1001;RECURSOS NÃO VINCULADOS DE IMPOSTOS (EDUCAÇÃO);1.278.677,16
PREFEITURA MUNICIPAL DE BARBACENA;14.001;SEDEC;2.204;PESSOAL E ENCARGOS SOCIAIS DO ENSINO FUNDAMENTAL;15;GESTÃO DO ENSINO FUNDAMENTAL;12;Educação;361;Ensino Fundamental;150;3.1.91.13.08.00.00.00;CONTRIB. PREV.- RPPS - PESSOAL ATIVO - PLANO PREV.;1.540.000.1070;TRANSFERÊNCIAS DO FUNDEB - IMPOSTOS E TRANSFERÊNCIAS DE IMPOSTOS (70% -PAGTO DA REMUNERAÇÃO DOS PROFISSIONAIS DA EDUCAÇÃO BÁSICA EM EFETIVO EXERCÍCIO);3.883.038,23
PREFEITURA MUNICIPAL DE BARBACENA;14.001;SEDEC;2.204;PESSOAL E ENCARGOS SOCIAIS DO ENSINO FUNDAMENTAL;15;GESTÃO DO ENSINO FUNDAMENTAL;12;Educação;361;Ensino Fundamental;151;3.3.90.08.56.00.00.00;SALÁRIO FAMÍLIA;1.500.000.1001;RECURSOS NÃO VINCULADOS DE IMPOSTOS (EDUCAÇÃO);9.036,80
PREFEITURA MUNICIPAL DE BARBACENA;14.001;SEDEC;2.204;PESSOAL E ENCARGOS SOCIAIS DO ENSINO FUNDAMENTAL;15;GESTÃO DO ENSINO FUNDAMENTAL;12;Educação;361;Ensino Fundamental;153;3.3.90.39.99.00.00.00;OUTROS SERVIÇOS DE TERCEIROS - PESSOA JURÍDICA;1.500.000.1001;RECURSOS NÃO VINCULADOS DE IMPOSTOS (EDUCAÇÃO);467.419,92
PREFEITURA MUNICIPAL DE BARBACENA;14.001;SEDEC;2.204;PESSOAL E ENCARGOS SOCIAIS DO ENSINO FUNDAMENTAL;15;GESTÃO DO ENSINO FUNDAMENTAL;12;Educação;361;Ensino Fundamental;153;3.3.90.39.60.00.00.00;VIGILÂNCIA OSTENSIVA;1.500.000.1001;RECURSOS NÃO VINCULADOS DE IMPOSTOS (EDUCAÇÃO);117.675,88
PREFEITURA MUNICIPAL DE BARBACENA;14.001;SEDEC;2.204;PESSOAL E ENCARGOS SOCIAIS DO ENSINO FUNDAMENTAL;15;GESTÃO DO ENSINO FUNDAMENTAL;12;Educação;361;Ensino Fundamental;154;3.3.90.46.00.00.00.00;AUXÍLIO-ALIMENTAÇÃO;1.500.000.1001;RECURSOS NÃO VINCULADOS DE IMPOSTOS (EDUCAÇÃO);283.320,00
PREFEITURA MUNICIPAL DE BARBACENA;14.001;SEDEC;2.204;PESSOAL E ENCARGOS SOCIAIS DO ENSINO FUNDAMENTAL;15;GESTÃO DO ENSINO FUNDAMENTAL;12;Educação;361;Ensino Fundamental;154;3.3.90.46.00.00.00.00;AUXÍLIO-ALIMENTAÇÃO;1.540.000.0000;TRANSFERÊNCIAS DO FUNDEB - IMPOSTOS E TRANSFERÊNCIAS DE IMPOSTOS (30%);1.926.320,00
PREFEITURA MUNICIPAL DE BARBACENA;14.001;SEDEC;2.204;PESSOAL E ENCARGOS SOCIAIS DO ENSINO FUNDAMENTAL;15;GESTÃO DO ENSINO FUNDAMENTAL;12;Educação;361;Ensino Fundamental;154;3.3.90.46.00.00.00.00;AUXÍLIO-ALIMENTAÇÃO;1.543.000.0000;TRANSFERÊNCIAS DO FUNDEB - COMPLEMENTAÇÃO DA UNIÃO - VAAR;434.080,00
PREFEITURA MUNICIPAL DE BARBACENA;14.001;SEDEC;2.204;PESSOAL E ENCARGOS SOCIAIS DO ENSINO FUNDAMENTAL;15;GESTÃO DO ENSINO FUNDAMENTAL;12;Educação;361;Ensino Fundamental;154;3.3.90.46.00.00.00.00;AUXÍLIO-ALIMENTAÇÃO;2.540.000.0000;TRANSFERÊNCIAS DO FUNDEB - IMPOSTOS E TRANSFERÊNCIAS DE IMPOSTOS (30%);654.360,00
PREFEITURA MUNICIPAL DE BARBACENA;14.001;SEDEC;2.081;MANUTENÇÃO DA EDUCAÇÃO DE JOVENS E ADULTOS;16;GESTÃO DA EDUCAÇÃO DE JOVENS E ADULTOS;12;Educação;366;Educação de Jovens e Adultos;210;3.3.90.30.16.00.00.00;MATERIAL DE EXPEDIENTE;1.500.000.1001;RECURSOS NÃO VINCULADOS DE IMPOSTOS (EDUCAÇÃO);9.549,78
PREFEITURA MUNICIPAL DE BARBACENA;14.001;SEDEC;2.081;MANUTENÇÃO DA EDUCAÇÃO DE JOVENS E ADULTOS;16;GESTÃO DA EDUCAÇÃO DE JOVENS E ADULTOS;12;Educação;366;Educação de Jovens e Adultos;210;3.3.90.30.22.00.00.00;MATERIAL DE LIMPEZA E PRODUÇÃO DE HIGIENIZAÇÃO;1.500.000.1001;RECURSOS NÃO VINCULADOS DE IMPOSTOS (EDUCAÇÃO);12.144,12
PREFEITURA MUNICIPAL DE BARBACENA;14.001;SEDEC;2.081;MANUTENÇÃO DA EDUCAÇÃO DE JOVENS E ADULTOS;16;GESTÃO DA EDUCAÇÃO DE JOVENS E ADULTOS;12;Educação;366;Educação de Jovens e Adultos;210;3.3.90.30.04.00.00.00;GÁS ENGARRAFADO;1.500.000.1001;RECURSOS NÃO VINCULADOS DE IMPOSTOS (EDUCAÇÃO);13.995,50
PREFEITURA MUNICIPAL DE BARBACENA;14.001;SEDEC;2.081;MANUTENÇÃO DA EDUCAÇÃO DE JOVENS E ADULTOS;16;GESTÃO DA EDUCAÇÃO DE JOVENS E ADULTOS;12;Educação;366;Educação de Jovens e Adultos;210;3.3.90.30.07.00.00.00;GÊNEROS DE ALIMENTAÇÃO;1.550.000.0000;QESE - TRANSFERÊNCIA DO SALÁRIO-EDUCAÇÃO;10.922,02
PREFEITURA MUNICIPAL DE BARBACENA;14.001;SEDEC;2.081;MANUTENÇÃO DA EDUCAÇÃO DE JOVENS E ADULTOS;16;GESTÃO DA EDUCAÇÃO DE JOVENS E ADULTOS;12;Educação;366;Educação de Jovens e Adultos;210;3.3.90.30.07.00.00.00;GÊNEROS DE ALIMENTAÇÃO;1.552.000.0000;PNAE - TRANSFERÊNCIAS DE RECURSOS DO FNDE REFERENTES AO PROGRAMA NACIONAL DE ALIMENTAÇÃO ESCOLAR;25.590,52
PREFEITURA MUNICIPAL DE BARBACENA;14.001;SEDEC;2.081;MANUTENÇÃO DA EDUCAÇÃO DE JOVENS E ADULTOS;16;GESTÃO DA EDUCAÇÃO DE JOVENS E ADULTOS;12;Educação;366;Educação de Jovens e Adultos;210;3.3.90.30.23.00.00.00;UNIFORMES, TECIDOS E AVIAMENTOS;2.550.000.0000;QESE - TRANSFERÊNCIA DO SALÁRIO-EDUCAÇÃO;958,90
PREFEITURA MUNICIPAL DE BARBACENA;14.001;SEDEC;2.083;PESSOAL E ENCARGOS SOCIAIS DA EDUCACAO DE JOVENS E ADULTOS;16;GESTÃO DA EDUCAÇÃO DE JOVENS E ADULTOS;12;Educação;366;Educação de Jovens e Adultos;215;3.1.90.11.01.00.00.00;VENCIMENTOS E SALÁRIOS;1.500.000.1001;RECURSOS NÃO VINCULADOS DE IMPOSTOS (EDUCAÇÃO);40.315,80
PREFEITURA MUNICIPAL DE BARBACENA;14.001;SEDEC;2.083;PESSOAL E ENCARGOS SOCIAIS DA EDUCACAO DE JOVENS E ADULTOS;16;GESTÃO DA EDUCAÇÃO DE JOVENS E ADULTOS;12;Educação;366;Educação de Jovens e Adultos;215;3.1.90.11.52.00.00.00;LICENÇA SAÚDE;1.500.000.1001;RECURSOS NÃO VINCULADOS DE IMPOSTOS (EDUCAÇÃO);4.957,76
PREFEITURA MUNICIPAL DE BARBACENA;14.001;SEDEC;2.083;PESSOAL E ENCARGOS SOCIAIS DA EDUCACAO DE JOVENS E ADULTOS;16;GESTÃO DA EDUCAÇÃO DE JOVENS E ADULTOS;12;Educação;366;Educação de Jovens e Adultos;216;3.1.91.13.08.00.00.00;CONTRIB. PREV.- RPPS - PESSOAL ATIVO - PLANO PREV.;1.500.000.1001;RECURSOS NÃO VINCULADOS DE IMPOSTOS (EDUCAÇÃO);11.685,02
PREFEITURA MUNICIPAL DE BARBACENA;14.001;SEDEC;2.083;PESSOAL E ENCARGOS SOCIAIS DA EDUCACAO DE JOVENS E ADULTOS;16;GESTÃO DA EDUCAÇÃO DE JOVENS E ADULTOS;12;Educação;366;Educação de Jovens e Adultos;217;3.3.90.46.00.00.00.00;AUXÍLIO-ALIMENTAÇÃO;1.500.000.1001;RECURSOS NÃO VINCULADOS DE IMPOSTOS (EDUCAÇÃO);5.400,00
PREFEITURA MUNICIPAL DE BARBACENA;14.001;SEDEC;1.149;CONSTRUÇAO, REFORMA E AMPLIAÇAO DE UNIDADES DE ENSINO DO ENSINO FUNDAMENTAL;37;EDUCAÇÃO PARA TODOS;12;Educação;361;Ensino Fundamental;156;4.4.90.51.01.00.00.00;OBRAS E INSTALAÇÕES DE DOMÍNIO PÚBLICO;1.500.000.1001;RECURSOS NÃO VINCULADOS DE IMPOSTOS (EDUCAÇÃO);460.026,54
PREFEITURA MUNICIPAL DE BARBACENA;14.001;SEDEC;1.149;CONSTRUÇAO, REFORMA E AMPLIAÇAO DE UNIDADES DE ENSINO DO ENSINO FUNDAMENTAL;37;EDUCAÇÃO PARA TODOS;12;Educação;361;Ensino Fundamental;156;4.4.90.51.02.00.00.00;OBRAS E INSTALAÇÕES DE DOMÍNIO PATRIMONIAL;1.500.000.1001;RECURSOS NÃO VINCULADOS DE IMPOSTOS (EDUCAÇÃO);37.385,47
PREFEITURA MUNICIPAL DE BARBACENA;14.001;SEDEC;1.331;REFORMA DA ESCOLA MUNICIPAL CORONEL CAMILO GOMES DE ARAUJO;37;EDUCAÇÃO PARA TODOS;12;Educação;361;Ensino Fundamental;158;4.4.90.51.01.00.00.00;OBRAS E INSTALAÇÕES DE DOMÍNIO PÚBLICO;1.550.000.0000;QESE - TRANSFERÊNCIA DO SALÁRIO-EDUCAÇÃO;30.000,00
PREFEITURA MUNICIPAL DE BARBACENA;14.001;SEDEC;2.205;PARCERIAS E CONVENIOS PARA O DESENVOLVIMENTO E A MELHORIA DA EDUCAÇAO;37;EDUCAÇÃO PARA TODOS;12;Educação;361;Ensino Fundamental;159;3.3.50.41.00.00.00.00;CONTRIBUIÇÕES;1.500.000.0000;RECURSOS NÃO VINCULADOS DE IMPOSTOS;180.000,00
PREFEITURA MUNICIPAL DE BARBACENA;14.001;SEDEC;2.205;PARCERIAS E CONVENIOS PARA O DESENVOLVIMENTO E A MELHORIA DA EDUCAÇAO;37;EDUCAÇÃO PARA TODOS;12;Educação;361;Ensino Fundamental;159;3.3.50.41.00.00.00.00;CONTRIBUIÇÕES;1.500.000.1001;RECURSOS NÃO VINCULADOS DE IMPOSTOS (EDUCAÇÃO);200.073,00
PREFEITURA MUNICIPAL DE BARBACENA;14.001;SEDEC;2.205;PARCERIAS E CONVENIOS PARA O DESENVOLVIMENTO E A MELHORIA DA EDUCAÇAO;37;EDUCAÇÃO PARA TODOS;12;Educação;361;Ensino Fundamental;980;4.4.50.41.00.00.00.00;CONTRIBUIÇÕES;1.501.000.0000;OUTROS RECURSOS NÃO VINCULADOS;86.632,72
PREFEITURA MUNICIPAL DE BARBACENA;14.001;SEDEC;2.093;TRANSPORTE ESCOLAR PARA O ENSINO MÉDIO;37;EDUCAÇÃO PARA TODOS;12;Educação;362;Ensino Médio;167;3.3.90.36.42.00.00.00;TRANSPORTE ESCOLAR;1.500.000.0000;RECURSOS NÃO VINCULADOS DE IMPOSTOS;106.237,12
PREFEITURA MUNICIPAL DE BARBACENA;14.001;SEDEC;2.093;TRANSPORTE ESCOLAR PARA O ENSINO MÉDIO;37;EDUCAÇÃO PARA TODOS;12;Educação;362;Ensino Médio;167;3.3.90.36.42.00.00.00;TRANSPORTE ESCOLAR;2.576.001.0000;PTE - TRANSFERÊNCIAS DE RECURSOS DOS ESTADOS PARA PROGRAMAS DE EDUCAÇÃO (TRANSFERÊNCIAS DE RECURSOS PARA O PROGRAMA ESTADUAL DE TRANSPORTE ESCOLAR );86.614,24
PREFEITURA MUNICIPAL DE BARBACENA;14.001;SEDEC;2.093;TRANSPORTE ESCOLAR PARA O ENSINO MÉDIO;37;EDUCAÇÃO PARA TODOS;12;Educação;362;Ensino Médio;168;3.3.90.39.57.00.00.00;TRANSPORTE ESCOLAR;1.500.000.0000;RECURSOS NÃO VINCULADOS DE IMPOSTOS;39.536,10
PREFEITURA MUNICIPAL DE BARBACENA;14.001;SEDEC;2.093;TRANSPORTE ESCOLAR PARA O ENSINO MÉDIO;37;EDUCAÇÃO PARA TODOS;12;Educação;362;Ensino Médio;168;3.3.90.39.57.00.00.00;TRANSPORTE ESCOLAR;1.576.001.0000;PTE- TRANSFERÊNCIAS DE RECURSOS DOS ESTADOS PARA PROGRAMAS DE EDUCAÇÃO (TRANSFERÊNCIAS DE RECURSOS PARA O PROGRAMA ESTADUAL DE TRANSPORTE ESCOLAR);239.823,79
PREFEITURA MUNICIPAL DE BARBACENA;14.001;SEDEC;2.093;TRANSPORTE ESCOLAR PARA O ENSINO MÉDIO;37;EDUCAÇÃO PARA TODOS;12;Educação;362;Ensino Médio;168;3.3.90.39.57.00.00.00;TRANSPORTE ESCOLAR;2.576.001.0000;PTE - TRANSFERÊNCIAS DE RECURSOS DOS ESTADOS PARA PROGRAMAS DE EDUCAÇÃO (TRANSFERÊNCIAS DE RECURSOS PARA O PROGRAMA ESTADUAL DE TRANSPORTE ESCOLAR );210.353,45
PREFEITURA MUNICIPAL DE BARBACENA;14.001;SEDEC;2.093;TRANSPORTE ESCOLAR PARA O ENSINO MÉDIO;37;EDUCAÇÃO PARA TODOS;12;Educação;362;Ensino Médio;168;3.3.90.39.56.00.00.00;VALE-TRANSPORTE;2.576.001.0000;PTE - TRANSFERÊNCIAS DE RECURSOS DOS ESTADOS PARA PROGRAMAS DE EDUCAÇÃO (TRANSFERÊNCIAS DE RECURSOS PARA O PROGRAMA ESTADUAL DE TRANSPORTE ESCOLAR );25.186,68
PREFEITURA MUNICIPAL DE BARBACENA;14.001;SEDEC;1.040;CONSTRUCAO, REFORMA E AMPLIACAO DE UNIDADES DA EDUCACAO INFANTIL;37;EDUCAÇÃO PARA TODOS;12;Educação;365;Educação Infantil;205;4.4.90.51.01.00.00.00;OBRAS E INSTALAÇÕES DE DOMÍNIO PÚBLICO;1.500.000.1001;RECURSOS NÃO VINCULADOS DE IMPOSTOS (EDUCAÇÃO);4.355,57
PREFEITURA MUNICIPAL DE BARBACENA;14.001;SEDEC;1.040;CONSTRUCAO, REFORMA E AMPLIACAO DE UNIDADES DA EDUCACAO INFANTIL;37;EDUCAÇÃO PARA TODOS;12;Educação;365;Educação Infantil;205;4.4.90.51.02.00.00.00;OBRAS E INSTALAÇÕES DE DOMÍNIO PATRIMONIAL;1.500.000.1001;RECURSOS NÃO VINCULADOS DE IMPOSTOS (EDUCAÇÃO);1.557,72
PREFEITURA MUNICIPAL DE BARBACENA;14.001;SEDEC;1.040;CONSTRUCAO, REFORMA E AMPLIACAO DE UNIDADES DA EDUCACAO INFANTIL;37;EDUCAÇÃO PARA TODOS;12;Educação;365;Educação Infantil;205;4.4.90.51.01.00.00.00;OBRAS E INSTALAÇÕES DE DOMÍNIO PÚBLICO;1.569.000.0000;OUTRAS TRANSFERÊNCIAS DE RECURSOS DO FNDE;55.499,36
PREFEITURA MUNICIPAL DE BARBACENA;14.001;SEDEC;1.040;CONSTRUCAO, REFORMA E AMPLIACAO DE UNIDADES DA EDUCACAO INFANTIL;37;EDUCAÇÃO PARA TODOS;12;Educação;365;Educação Infantil;205;4.4.90.51.02.00.00.00;OBRAS E INSTALAÇÕES DE DOMÍNIO PATRIMONIAL;1.569.000.0000;OUTRAS TRANSFERÊNCIAS DE RECURSOS DO FNDE;0,00
PREFEITURA MUNICIPAL DE BARBACENA;14.001;SEDEC;2.483;APOIO A ESCOLA INFANTIL PEQUENO MARCOS;37;EDUCAÇÃO PARA TODOS;12;Educação;365;Educação Infantil;209;3.3.50.41.00.00.00.00;CONTRIBUIÇÕES;1.500.000.0000;RECURSOS NÃO VINCULADOS DE IMPOSTOS;20.000,00
PREFEITURA MUNICIPAL DE BARBACENA;14.001;SEDEC;2.221;MANUTENÇÃO DO ATENDIMENTO EDUCACIONAL ESPECIALIZADO;38;GESTÃO DA EDUCAÇÃO ESPECIAL;12;Educação;367;Educação Especial;220;3.3.90.30.16.00.00.00;MATERIAL DE EXPEDIENTE;1.500.000.1001;RECURSOS NÃO VINCULADOS DE IMPOSTOS (EDUCAÇÃO);10.769,10
PREFEITURA MUNICIPAL DE BARBACENA;14.001;SEDEC;2.221;MANUTENÇÃO DO ATENDIMENTO EDUCACIONAL ESPECIALIZADO;38;GESTÃO DA EDUCAÇÃO ESPECIAL;12;Educação;367;Educação Especial;220;3.3.90.30.22.00.00.00;MATERIAL DE LIMPEZA E PRODUÇÃO DE HIGIENIZAÇÃO;1.500.000.1001;RECURSOS NÃO VINCULADOS DE IMPOSTOS (EDUCAÇÃO);27.013,97
PREFEITURA MUNICIPAL DE BARBACENA;14.001;SEDEC;2.221;MANUTENÇÃO DO ATENDIMENTO EDUCACIONAL ESPECIALIZADO;38;GESTÃO DA EDUCAÇÃO ESPECIAL;12;Educação;367;Educação Especial;220;3.3.90.30.04.00.00.00;GÁS ENGARRAFADO;1.500.000.1001;RECURSOS NÃO VINCULADOS DE IMPOSTOS (EDUCAÇÃO);3.526,43
PREFEITURA MUNICIPAL DE BARBACENA;14.001;SEDEC;2.221;MANUTENÇÃO DO ATENDIMENTO EDUCACIONAL ESPECIALIZADO;38;GESTÃO DA EDUCAÇÃO ESPECIAL;12;Educação;367;Educação Especial;220;3.3.90.30.07.00.00.00;GÊNEROS DE ALIMENTAÇÃO;1.550.000.0000;QESE - TRANSFERÊNCIA DO SALÁRIO-EDUCAÇÃO;25.877,98
PREFEITURA MUNICIPAL DE BARBACENA;14.001;SEDEC;2.221;MANUTENÇÃO DO ATENDIMENTO EDUCACIONAL ESPECIALIZADO;38;GESTÃO DA EDUCAÇÃO ESPECIAL;12;Educação;367;Educação Especial;220;3.3.90.30.07.00.00.00;GÊNEROS DE ALIMENTAÇÃO;1.552.000.0000;PNAE - TRANSFERÊNCIAS DE RECURSOS DO FNDE REFERENTES AO PROGRAMA NACIONAL DE ALIMENTAÇÃO ESCOLAR;16.791,73
PREFEITURA MUNICIPAL DE BARBACENA;14.001;SEDEC;2.221;MANUTENÇÃO DO ATENDIMENTO EDUCACIONAL ESPECIALIZADO;38;GESTÃO DA EDUCAÇÃO ESPECIAL;12;Educação;367;Educação Especial;222;3.3.90.39.57.00.00.00;TRANSPORTE ESCOLAR;1.576.001.0000;PTE- TRANSFERÊNCIAS DE RECURSOS DOS ESTADOS PARA PROGRAMAS DE EDUCAÇÃO (TRANSFERÊNCIAS DE RECURSOS PARA O PROGRAMA ESTADUAL DE TRANSPORTE ESCOLAR);34.993,28
PREFEITURA MUNICIPAL DE BARBACENA;14.001;SEDEC;2.221;MANUTENÇÃO DO ATENDIMENTO EDUCACIONAL ESPECIALIZADO;38;GESTÃO DA EDUCAÇÃO ESPECIAL;12;Educação;367;Educação Especial;222;3.3.90.39.57.00.00.00;TRANSPORTE ESCOLAR;2.576.001.0000;PTE - TRANSFERÊNCIAS DE RECURSOS DOS ESTADOS PARA PROGRAMAS DE EDUCAÇÃO (TRANSFERÊNCIAS DE RECURSOS PARA O PROGRAMA ESTADUAL DE TRANSPORTE ESCOLAR );29.630,70
PREFEITURA MUNICIPAL DE BARBACENA;14.001;SEDEC;2.222;PESSOAL E ENCARGOS SOCIAIS DO ATENDIMENTO EDUCACIONAL ESPECIALIZADO;38;GESTÃO DA EDUCAÇÃO ESPECIAL;12;Educação;367;Educação Especial;224;3.1.90.04.01.00.00.00;SALÁRIO CONTRATO TEMPORÁRIO;1.500.000.1001;RECURSOS NÃO VINCULADOS DE IMPOSTOS (EDUCAÇÃO);823.084,78
PREFEITURA MUNICIPAL DE BARBACENA;14.001;SEDEC;2.222;PESSOAL E ENCARGOS SOCIAIS DO ATENDIMENTO EDUCACIONAL ESPECIALIZADO;38;GESTÃO DA EDUCAÇÃO ESPECIAL;12;Educação;367;Educação Especial;224;3.1.90.04.15.00.00.00;OBRIGAÇÕES PATRONAIS - CONTRATO TEMPORÁRIO;1.500.000.1001;RECURSOS NÃO VINCULADOS DE IMPOSTOS (EDUCAÇÃO);70.668,90
PREFEITURA MUNICIPAL DE BARBACENA;14.001;SEDEC;2.222;PESSOAL E ENCARGOS SOCIAIS DO ATENDIMENTO EDUCACIONAL ESPECIALIZADO;38;GESTÃO DA EDUCAÇÃO ESPECIAL;12;Educação;367;Educação Especial;224;3.1.90.04.01.00.00.00;SALÁRIO CONTRATO TEMPORÁRIO;1.540.000.0000;TRANSFERÊNCIAS DO FUNDEB - IMPOSTOS E TRANSFERÊNCIAS DE IMPOSTOS (30%);2.343.612,55
PREFEITURA MUNICIPAL DE BARBACENA;14.001;SEDEC;2.222;PESSOAL E ENCARGOS SOCIAIS DO ATENDIMENTO EDUCACIONAL ESPECIALIZADO;38;GESTÃO DA EDUCAÇÃO ESPECIAL;12;Educação;367;Educação Especial;224;3.1.90.04.15.00.00.00;OBRIGAÇÕES PATRONAIS - CONTRATO TEMPORÁRIO;1.540.000.0000;TRANSFERÊNCIAS DO FUNDEB - IMPOSTOS E TRANSFERÊNCIAS DE IMPOSTOS (30%);228.783,43
PREFEITURA MUNICIPAL DE BARBACENA;14.001;SEDEC;2.222;PESSOAL E ENCARGOS SOCIAIS DO ATENDIMENTO EDUCACIONAL ESPECIALIZADO;38;GESTÃO DA EDUCAÇÃO ESPECIAL;12;Educação;367;Educação Especial;224;3.1.90.04.15.00.00.00;OBRIGAÇÕES PATRONAIS - CONTRATO TEMPORÁRIO;1.540.000.1070;TRANSFERÊNCIAS DO FUNDEB - IMPOSTOS E TRANSFERÊNCIAS DE IMPOSTOS (70% -PAGTO DA REMUNERAÇÃO DOS PROFISSIONAIS DA EDUCAÇÃO BÁSICA EM EFETIVO EXERCÍCIO);207.650,27
PREFEITURA MUNICIPAL DE BARBACENA;14.001;SEDEC;2.222;PESSOAL E ENCARGOS SOCIAIS DO ATENDIMENTO EDUCACIONAL ESPECIALIZADO;38;GESTÃO DA EDUCAÇÃO ESPECIAL;12;Educação;367;Educação Especial;224;3.1.90.04.01.00.00.00;SALÁRIO CONTRATO TEMPORÁRIO;1.540.000.1070;TRANSFERÊNCIAS DO FUNDEB - IMPOSTOS E TRANSFERÊNCIAS DE IMPOSTOS (70% -PAGTO DA REMUNERAÇÃO DOS PROFISSIONAIS DA EDUCAÇÃO BÁSICA EM EFETIVO EXERCÍCIO);2.142.832,55
PREFEITURA MUNICIPAL DE BARBACENA;14.001;SEDEC;2.222;PESSOAL E ENCARGOS SOCIAIS DO ATENDIMENTO EDUCACIONAL ESPECIALIZADO;38;GESTÃO DA EDUCAÇÃO ESPECIAL;12;Educação;367;Educação Especial;224;3.1.90.04.01.00.00.00;SALÁRIO CONTRATO TEMPORÁRIO;1.543.000.0000;TRANSFERÊNCIAS DO FUNDEB - COMPLEMENTAÇÃO DA UNIÃO - VAAR;89.167,95
PREFEITURA MUNICIPAL DE BARBACENA;14.001;SEDEC;2.222;PESSOAL E ENCARGOS SOCIAIS DO ATENDIMENTO EDUCACIONAL ESPECIALIZADO;38;GESTÃO DA EDUCAÇÃO ESPECIAL;12;Educação;367;Educação Especial;224;3.1.90.04.01.00.00.00;SALÁRIO CONTRATO TEMPORÁRIO;2.540.000.0000;TRANSFERÊNCIAS DO FUNDEB - IMPOSTOS E TRANSFERÊNCIAS DE IMPOSTOS (30%);507,87
PREFEITURA MUNICIPAL DE BARBACENA;14.001;SEDEC;2.222;PESSOAL E ENCARGOS SOCIAIS DO ATENDIMENTO EDUCACIONAL ESPECIALIZADO;38;GESTÃO DA EDUCAÇÃO ESPECIAL;12;Educação;367;Educação Especial;225;3.1.90.11.01.00.00.00;VENCIMENTOS E SALÁRIOS;1.500.000.1001;RECURSOS NÃO VINCULADOS DE IMPOSTOS (EDUCAÇÃO);198.456,89
PREFEITURA MUNICIPAL DE BARBACENA;14.001;SEDEC;2.222;PESSOAL E ENCARGOS SOCIAIS DO ATENDIMENTO EDUCACIONAL ESPECIALIZADO;38;GESTÃO DA EDUCAÇÃO ESPECIAL;12;Educação;367;Educação Especial;225;3.1.90.11.52.00.00.00;LICENÇA SAÚDE;1.500.000.1001;RECURSOS NÃO VINCULADOS DE IMPOSTOS (EDUCAÇÃO);2.873,70
PREFEITURA MUNICIPAL DE BARBACENA;14.001;SEDEC;2.222;PESSOAL E ENCARGOS SOCIAIS DO ATENDIMENTO EDUCACIONAL ESPECIALIZADO;38;GESTÃO DA EDUCAÇÃO ESPECIAL;12;Educação;367;Educação Especial;225;3.1.90.11.01.00.00.00;VENCIMENTOS E SALÁRIOS;1.540.000.0000;TRANSFERÊNCIAS DO FUNDEB - IMPOSTOS E TRANSFERÊNCIAS DE IMPOSTOS (30%);69.151,53
PREFEITURA MUNICIPAL DE BARBACENA;14.001;SEDEC;2.222;PESSOAL E ENCARGOS SOCIAIS DO ATENDIMENTO EDUCACIONAL ESPECIALIZADO;38;GESTÃO DA EDUCAÇÃO ESPECIAL;12;Educação;367;Educação Especial;225;3.1.90.11.50.00.00.00;SALÁRIO MATERNIDADE;1.540.000.0000;TRANSFERÊNCIAS DO FUNDEB - IMPOSTOS E TRANSFERÊNCIAS DE IMPOSTOS (30%);1.436,85
PREFEITURA MUNICIPAL DE BARBACENA;14.001;SEDEC;2.222;PESSOAL E ENCARGOS SOCIAIS DO ATENDIMENTO EDUCACIONAL ESPECIALIZADO;38;GESTÃO DA EDUCAÇÃO ESPECIAL;12;Educação;367;Educação Especial;225;3.1.90.11.01.00.00.00;VENCIMENTOS E SALÁRIOS;1.540.000.1070;TRANSFERÊNCIAS DO FUNDEB - IMPOSTOS E TRANSFERÊNCIAS DE IMPOSTOS (70% -PAGTO DA REMUNERAÇÃO DOS PROFISSIONAIS DA EDUCAÇÃO BÁSICA EM EFETIVO EXERCÍCIO);598.669,23
PREFEITURA MUNICIPAL DE BARBACENA;14.001;SEDEC;2.222;PESSOAL E ENCARGOS SOCIAIS DO ATENDIMENTO EDUCACIONAL ESPECIALIZADO;38;GESTÃO DA EDUCAÇÃO ESPECIAL;12;Educação;367;Educação Especial;225;3.1.90.11.52.00.00.00;LICENÇA SAÚDE;1.540.000.1070;TRANSFERÊNCIAS DO FUNDEB - IMPOSTOS E TRANSFERÊNCIAS DE IMPOSTOS (70% -PAGTO DA REMUNERAÇÃO DOS PROFISSIONAIS DA EDUCAÇÃO BÁSICA EM EFETIVO EXERCÍCIO);31.890,82
PREFEITURA MUNICIPAL DE BARBACENA;14.001;SEDEC;2.222;PESSOAL E ENCARGOS SOCIAIS DO ATENDIMENTO EDUCACIONAL ESPECIALIZADO;38;GESTÃO DA EDUCAÇÃO ESPECIAL;12;Educação;367;Educação Especial;225;3.1.90.11.50.00.00.00;SALÁRIO MATERNIDADE;1.540.000.1070;TRANSFERÊNCIAS DO FUNDEB - IMPOSTOS E TRANSFERÊNCIAS DE IMPOSTOS (70% -PAGTO DA REMUNERAÇÃO DOS PROFISSIONAIS DA EDUCAÇÃO BÁSICA EM EFETIVO EXERCÍCIO);23.851,65
PREFEITURA MUNICIPAL DE BARBACENA;14.001;SEDEC;2.222;PESSOAL E ENCARGOS SOCIAIS DO ATENDIMENTO EDUCACIONAL ESPECIALIZADO;38;GESTÃO DA EDUCAÇÃO ESPECIAL;12;Educação;367;Educação Especial;227;3.1.91.13.08.00.00.00;CONTRIB. PREV.- RPPS - PESSOAL ATIVO - PLANO PREV.;1.500.000.1001;RECURSOS NÃO VINCULADOS DE IMPOSTOS (EDUCAÇÃO);46.334,96
PREFEITURA MUNICIPAL DE BARBACENA;14.001;SEDEC;2.222;PESSOAL E ENCARGOS SOCIAIS DO ATENDIMENTO EDUCACIONAL ESPECIALIZADO;38;GESTÃO DA EDUCAÇÃO ESPECIAL;12;Educação;367;Educação Especial;227;3.1.91.13.08.00.00.00;CONTRIB. PREV.- RPPS - PESSOAL ATIVO - PLANO PREV.;1.540.000.1070;TRANSFERÊNCIAS DO FUNDEB - IMPOSTOS E TRANSFERÊNCIAS DE IMPOSTOS (70% -PAGTO DA REMUNERAÇÃO DOS PROFISSIONAIS DA EDUCAÇÃO BÁSICA EM EFETIVO EXERCÍCIO);200.131,45
PREFEITURA MUNICIPAL DE BARBACENA;14.001;SEDEC;2.222;PESSOAL E ENCARGOS SOCIAIS DO ATENDIMENTO EDUCACIONAL ESPECIALIZADO;38;GESTÃO DA EDUCAÇÃO ESPECIAL;12;Educação;367;Educação Especial;228;3.3.90.08.05.00.00.00;AUXÍLIO NATALIDADE;1.540.000.0000;TRANSFERÊNCIAS DO FUNDEB - IMPOSTOS E TRANSFERÊNCIAS DE IMPOSTOS (30%);706,00
PREFEITURA MUNICIPAL DE BARBACENA;14.001;SEDEC;2.222;PESSOAL E ENCARGOS SOCIAIS DO ATENDIMENTO EDUCACIONAL ESPECIALIZADO;38;GESTÃO DA EDUCAÇÃO ESPECIAL;12;Educação;367;Educação Especial;230;3.3.90.46.00.00.00.00;AUXÍLIO-ALIMENTAÇÃO;1.500.000.1001;RECURSOS NÃO VINCULADOS DE IMPOSTOS (EDUCAÇÃO);162.640,00
PREFEITURA MUNICIPAL DE BARBACENA;14.001;SEDEC;2.222;PESSOAL E ENCARGOS SOCIAIS DO ATENDIMENTO EDUCACIONAL ESPECIALIZADO;38;GESTÃO DA EDUCAÇÃO ESPECIAL;12;Educação;367;Educação Especial;230;3.3.90.46.00.00.00.00;AUXÍLIO-ALIMENTAÇÃO;1.540.000.0000;TRANSFERÊNCIAS DO FUNDEB - IMPOSTOS E TRANSFERÊNCIAS DE IMPOSTOS (30%);1.082.575,00
PREFEITURA MUNICIPAL DE BARBACENA;14.001;SEDEC;2.222;PESSOAL E ENCARGOS SOCIAIS DO ATENDIMENTO EDUCACIONAL ESPECIALIZADO;38;GESTÃO DA EDUCAÇÃO ESPECIAL;12;Educação;367;Educação Especial;230;3.3.90.46.00.00.00.00;AUXÍLIO-ALIMENTAÇÃO;1.543.000.0000;TRANSFERÊNCIAS DO FUNDEB - COMPLEMENTAÇÃO DA UNIÃO - VAAR;87.060,00
PREFEITURA MUNICIPAL DE BARBACENA;14.001;SEDEC;2.222;PESSOAL E ENCARGOS SOCIAIS DO ATENDIMENTO EDUCACIONAL ESPECIALIZADO;38;GESTÃO DA EDUCAÇÃO ESPECIAL;12;Educação;367;Educação Especial;230;3.3.90.46.00.00.00.00;AUXÍLIO-ALIMENTAÇÃO;2.540.000.0000;TRANSFERÊNCIAS DO FUNDEB - IMPOSTOS E TRANSFERÊNCIAS DE IMPOSTOS (30%);316.645,02
PREFEITURA MUNICIPAL DE BARBACENA;14.002;FUNDO MUNICIPAL PRO-ESPORTE E LAZER;1.151;CONSTRUÇAO, REFORMA E MODERNIZAÇÃO DE LOCAIS E INFRAESTRUTURA DE ESPORTE E LAZER;63;ESPORTE E LAZER TRANSFORMANDO BARBACENA;27;Desporto e Lazer;812;Desporto Comunitário;236;4.4.90.51.01.00.00.00;OBRAS E INSTALAÇÕES DE DOMÍNIO PÚBLICO;1.706.000.3110;TRANSFERÊNCIA ESPECIAL DA UNIÃO - TRANSFERÊNCIAS DA UNIÃO DECORRENTES DE EMENDAS PARLAMENTARES INDIVIDUAIS;64.643,69
PREFEITURA MUNICIPAL DE BARBACENA;14.002;FUNDO MUNICIPAL PRO-ESPORTE E LAZER;1.151;CONSTRUÇAO, REFORMA E MODERNIZAÇÃO DE LOCAIS E INFRAESTRUTURA DE ESPORTE E LAZER;63;ESPORTE E LAZER TRANSFORMANDO BARBACENA;27;Desporto e Lazer;812;Desporto Comunitário;236;4.4.90.51.01.00.00.00;OBRAS E INSTALAÇÕES DE DOMÍNIO PÚBLICO;2.706.000.3110;TRANSFERÊNCIA ESPECIAL DA UNIÃO - TRANSFERÊNCIAS DA UNIÃO DECORRENTES DE EMENDAS PARLAMENTARES INDIVIDUAIS;458.182,75
PREFEITURA MUNICIPAL DE BARBACENA;14.002;FUNDO MUNICIPAL PRO-ESPORTE E LAZER;2.213;REALIZAÇAO DE EVENTOS PARA INCENTIVO A PRATICA DE ESPORTES;63;ESPORTE E LAZER TRANSFORMANDO BARBACENA;27;Desporto e Lazer;812;Desporto Comunitário;238;3.3.90.30.22.00.00.00;MATERIAL DE LIMPEZA E PRODUÇÃO DE HIGIENIZAÇÃO;1.500.000.0000;RECURSOS NÃO VINCULADOS DE IMPOSTOS;4.790,45
PREFEITURA MUNICIPAL DE BARBACENA;14.002;FUNDO MUNICIPAL PRO-ESPORTE E LAZER;2.213;REALIZAÇAO DE EVENTOS PARA INCENTIVO A PRATICA DE ESPORTES;63;ESPORTE E LAZER TRANSFORMANDO BARBACENA;27;Desporto e Lazer;812;Desporto Comunitário;239;3.3.90.39.99.00.00.00;OUTROS SERVIÇOS DE TERCEIROS - PESSOA JURÍDICA;1.753.000.0000;RECURSOS PROVENIENTES DE TAXAS, CONTRIBUIÇÕES E PREÇOS PÚBLICOS;50.000,00
PREFEITURA MUNICIPAL DE BARBACENA;14.002;FUNDO MUNICIPAL PRO-ESPORTE E LAZER;2.213;REALIZAÇAO DE EVENTOS PARA INCENTIVO A PRATICA DE ESPORTES;63;ESPORTE E LAZER TRANSFORMANDO BARBACENA;27;Desporto e Lazer;812;Desporto Comunitário;1060;3.3.50.41.00.00.00.00;CONTRIBUIÇÕES;1.753.000.0000;RECURSOS PROVENIENTES DE TAXAS, CONTRIBUIÇÕES E PREÇOS PÚBLICOS;126.000,00
PREFEITURA MUNICIPAL DE BARBACENA;14.002;FUNDO MUNICIPAL PRO-ESPORTE E LAZER;2.223;MANUTENÇÃO  DO CALENDÁRIO ANUAL DE  ATIVIDADES DE ESPORTE E LAZER PARTICIPATIVO;63;ESPORTE E LAZER TRANSFORMANDO BARBACENA;27;Desporto e Lazer;812;Desporto Comunitário;246;3.3.90.30.99.00.00.00;OUTROS MATERIAIS DE CONSUMO;1.500.000.0000;RECURSOS NÃO VINCULADOS DE IMPOSTOS;7.549,98
PREFEITURA MUNICIPAL DE BARBACENA;14.002;FUNDO MUNICIPAL PRO-ESPORTE E LAZER;2.223;MANUTENÇÃO  DO CALENDÁRIO ANUAL DE  ATIVIDADES DE ESPORTE E LAZER PARTICIPATIVO;63;ESPORTE E LAZER TRANSFORMANDO BARBACENA;27;Desporto e Lazer;812;Desporto Comunitário;246;3.3.90.30.22.00.00.00;MATERIAL DE LIMPEZA E PRODUÇÃO DE HIGIENIZAÇÃO;1.500.000.0000;RECURSOS NÃO VINCULADOS DE IMPOSTOS;5.235,17
PREFEITURA MUNICIPAL DE BARBACENA;14.002;FUNDO MUNICIPAL PRO-ESPORTE E LAZER;2.223;MANUTENÇÃO  DO CALENDÁRIO ANUAL DE  ATIVIDADES DE ESPORTE E LAZER PARTICIPATIVO;63;ESPORTE E LAZER TRANSFORMANDO BARBACENA;27;Desporto e Lazer;812;Desporto Comunitário;248;3.3.90.39.12.00.00.00;LOCAÇÃO DE MÁQUINAS E EQUIPAMENTOS;1.500.000.0000;RECURSOS NÃO VINCULADOS DE IMPOSTOS;4.620,48
PREFEITURA MUNICIPAL DE BARBACENA;14.002;FUNDO MUNICIPAL PRO-ESPORTE E LAZER;2.223;MANUTENÇÃO  DO CALENDÁRIO ANUAL DE  ATIVIDADES DE ESPORTE E LAZER PARTICIPATIVO;63;ESPORTE E LAZER TRANSFORMANDO BARBACENA;27;Desporto e Lazer;812;Desporto Comunitário;248;3.3.90.39.99.00.00.00;OUTROS SERVIÇOS DE TERCEIROS - PESSOA JURÍDICA;1.500.000.0000;RECURSOS NÃO VINCULADOS DE IMPOSTOS;354.251,22
PREFEITURA MUNICIPAL DE BARBACENA;14.002;FUNDO MUNICIPAL PRO-ESPORTE E LAZER;2.223;MANUTENÇÃO  DO CALENDÁRIO ANUAL DE  ATIVIDADES DE ESPORTE E LAZER PARTICIPATIVO;63;ESPORTE E LAZER TRANSFORMANDO BARBACENA;27;Desporto e Lazer;812;Desporto Comunitário;248;3.3.90.39.05.00.00.00;SERVIÇOS TÉCNICOS PROFISSIONAIS;1.500.000.0000;RECURSOS NÃO VINCULADOS DE IMPOSTOS;70.680,00
PREFEITURA MUNICIPAL DE BARBACENA;14.002;FUNDO MUNICIPAL PRO-ESPORTE E LAZER;2.223;MANUTENÇÃO  DO CALENDÁRIO ANUAL DE  ATIVIDADES DE ESPORTE E LAZER PARTICIPATIVO;63;ESPORTE E LAZER TRANSFORMANDO BARBACENA;27;Desporto e Lazer;812;Desporto Comunitário;248;3.3.90.39.60.00.00.00;VIGILÂNCIA OSTENSIVA;1.500.000.0000;RECURSOS NÃO VINCULADOS DE IMPOSTOS;81.240,73
PREFEITURA MUNICIPAL DE BARBACENA;14.002;FUNDO MUNICIPAL PRO-ESPORTE E LAZER;2.223;MANUTENÇÃO  DO CALENDÁRIO ANUAL DE  ATIVIDADES DE ESPORTE E LAZER PARTICIPATIVO;63;ESPORTE E LAZER TRANSFORMANDO BARBACENA;27;Desporto e Lazer;812;Desporto Comunitário;248;3.3.90.39.05.00.00.00;SERVIÇOS TÉCNICOS PROFISSIONAIS;1.501.000.0000;OUTROS RECURSOS NÃO VINCULADOS;23.055,00
PREFEITURA MUNICIPAL DE BARBACENA;14.002;FUNDO MUNICIPAL PRO-ESPORTE E LAZER;2.223;MANUTENÇÃO  DO CALENDÁRIO ANUAL DE  ATIVIDADES DE ESPORTE E LAZER PARTICIPATIVO;63;ESPORTE E LAZER TRANSFORMANDO BARBACENA;27;Desporto e Lazer;812;Desporto Comunitário;248;3.3.90.39.05.00.00.00;SERVIÇOS TÉCNICOS PROFISSIONAIS;1.753.000.0000;RECURSOS PROVENIENTES DE TAXAS, CONTRIBUIÇÕES E PREÇOS PÚBLICOS;36.475,00
PREFEITURA MUNICIPAL DE BARBACENA;14.002;FUNDO MUNICIPAL PRO-ESPORTE E LAZER;2.223;MANUTENÇÃO  DO CALENDÁRIO ANUAL DE  ATIVIDADES DE ESPORTE E LAZER PARTICIPATIVO;63;ESPORTE E LAZER TRANSFORMANDO BARBACENA;27;Desporto e Lazer;812;Desporto Comunitário;248;3.3.90.39.99.00.00.00;OUTROS SERVIÇOS DE TERCEIROS - PESSOA JURÍDICA;1.753.000.0000;RECURSOS PROVENIENTES DE TAXAS, CONTRIBUIÇÕES E PREÇOS PÚBLICOS;85.387,50
PREFEITURA MUNICIPAL DE BARBACENA;14.002;FUNDO MUNICIPAL PRO-ESPORTE E LAZER;2.223;MANUTENÇÃO  DO CALENDÁRIO ANUAL DE  ATIVIDADES DE ESPORTE E LAZER PARTICIPATIVO;63;ESPORTE E LAZER TRANSFORMANDO BARBACENA;27;Desporto e Lazer;812;Desporto Comunitário;991;3.3.90.47.00.00.00.00;OBRIGAÇÕES TRIBUTÁRIAS E CONTRIBUTIVAS;1.500.000.0000;RECURSOS NÃO VINCULADOS DE IMPOSTOS;363,10
PREFEITURA MUNICIPAL DE BARBACENA;14.002;FUNDO MUNICIPAL PRO-ESPORTE E LAZER;2.458;APOIO A ASSOCIAÇÃO DE CAPOEIRA BALANÇA BRASIL;63;ESPORTE E LAZER TRANSFORMANDO BARBACENA;27;Desporto e Lazer;812;Desporto Comunitário;251;3.3.50.41.00.00.00.00;CONTRIBUIÇÕES;1.501.000.0000;OUTROS RECURSOS NÃO VINCULADOS;20.000,00
PREFEITURA MUNICIPAL DE BARBACENA;14.002;FUNDO MUNICIPAL PRO-ESPORTE E LAZER;2.489;APOIO A HO SHIN SUL TAE KWONDO CLUBE;63;ESPORTE E LAZER TRANSFORMANDO BARBACENA;27;Desporto e Lazer;812;Desporto Comunitário;252;3.3.50.41.00.00.00.00;CONTRIBUIÇÕES;1.500.000.0000;RECURSOS NÃO VINCULADOS DE IMPOSTOS;20.550,70
PREFEITURA MUNICIPAL DE BARBACENA;14.002;FUNDO MUNICIPAL PRO-ESPORTE E LAZER;2.489;APOIO A HO SHIN SUL TAE KWONDO CLUBE;63;ESPORTE E LAZER TRANSFORMANDO BARBACENA;27;Desporto e Lazer;812;Desporto Comunitário;1057;4.4.50.41.00.00.00.00;CONTRIBUIÇÕES;1.500.000.0000;RECURSOS NÃO VINCULADOS DE IMPOSTOS;65.600,00
PREFEITURA MUNICIPAL DE BARBACENA;14.002;FUNDO MUNICIPAL PRO-ESPORTE E LAZER;2.730;FOMENTAR E VALORIZAR PROJETOS SÓCIO-EDUCACIONAIS E APOIAR OS JOGOS ESCOLARES;63;ESPORTE E LAZER TRANSFORMANDO BARBACENA;27;Desporto e Lazer;812;Desporto Comunitário;254;3.3.90.39.99.00.00.00;OUTROS SERVIÇOS DE TERCEIROS - PESSOA JURÍDICA;1.500.000.0000;RECURSOS NÃO VINCULADOS DE IMPOSTOS;218.567,00
PREFEITURA MUNICIPAL DE BARBACENA;14.002;FUNDO MUNICIPAL PRO-ESPORTE E LAZER;2.730;FOMENTAR E VALORIZAR PROJETOS SÓCIO-EDUCACIONAIS E APOIAR OS JOGOS ESCOLARES;63;ESPORTE E LAZER TRANSFORMANDO BARBACENA;27;Desporto e Lazer;812;Desporto Comunitário;254;3.3.90.39.99.00.00.00;OUTROS SERVIÇOS DE TERCEIROS - PESSOA JURÍDICA;1.501.000.0000;OUTROS RECURSOS NÃO VINCULADOS;200.000,00
PREFEITURA MUNICIPAL DE BARBACENA;14.002;FUNDO MUNICIPAL PRO-ESPORTE E LAZER;2.730;FOMENTAR E VALORIZAR PROJETOS SÓCIO-EDUCACIONAIS E APOIAR OS JOGOS ESCOLARES;63;ESPORTE E LAZER TRANSFORMANDO BARBACENA;27;Desporto e Lazer;812;Desporto Comunitário;254;3.3.90.39.99.00.00.00;OUTROS SERVIÇOS DE TERCEIROS - PESSOA JURÍDICA;1.753.000.0000;RECURSOS PROVENIENTES DE TAXAS, CONTRIBUIÇÕES E PREÇOS PÚBLICOS;375.000,00
PREFEITURA MUNICIPAL DE BARBACENA;14.002;FUNDO MUNICIPAL PRO-ESPORTE E LAZER;2.730;FOMENTAR E VALORIZAR PROJETOS SÓCIO-EDUCACIONAIS E APOIAR OS JOGOS ESCOLARES;63;ESPORTE E LAZER TRANSFORMANDO BARBACENA;27;Desporto e Lazer;812;Desporto Comunitário;254;3.3.90.39.99.00.00.00;OUTROS SERVIÇOS DE TERCEIROS - PESSOA JURÍDICA;2.500.000.0000;RECURSOS NÃO VINCULADOS DE IMPOSTOS;200.000,00
PREFEITURA MUNICIPAL DE BARBACENA;14.003;FUNDO MUNICIPAL DE CULTURA;2.071;MANUTENÇÃO DA BIBLIOTECA PÚBLICA MUNICIPAL E DEMAIS APARELHOS CULTURAIS;62;VALORIZAÇÃO E AMPLITUDE CULTURAL;13;Cultura;392;Difusão Cultural;255;3.1.90.04.01.00.00.00;SALÁRIO CONTRATO TEMPORÁRIO;1.500.000.0000;RECURSOS NÃO VINCULADOS DE IMPOSTOS;36.812,28
PREFEITURA MUNICIPAL DE BARBACENA;14.003;FUNDO MUNICIPAL DE CULTURA;2.071;MANUTENÇÃO DA BIBLIOTECA PÚBLICA MUNICIPAL E DEMAIS APARELHOS CULTURAIS;62;VALORIZAÇÃO E AMPLITUDE CULTURAL;13;Cultura;392;Difusão Cultural;255;3.1.90.04.15.00.00.00;OBRIGAÇÕES PATRONAIS - CONTRATO TEMPORÁRIO;1.500.000.0000;RECURSOS NÃO VINCULADOS DE IMPOSTOS;3.285,26
PREFEITURA MUNICIPAL DE BARBACENA;14.003;FUNDO MUNICIPAL DE CULTURA;2.071;MANUTENÇÃO DA BIBLIOTECA PÚBLICA MUNICIPAL E DEMAIS APARELHOS CULTURAIS;62;VALORIZAÇÃO E AMPLITUDE CULTURAL;13;Cultura;392;Difusão Cultural;256;3.1.90.11.01.00.00.00;VENCIMENTOS E SALÁRIOS;1.500.000.0000;RECURSOS NÃO VINCULADOS DE IMPOSTOS;714.143,96
PREFEITURA MUNICIPAL DE BARBACENA;14.003;FUNDO MUNICIPAL DE CULTURA;2.071;MANUTENÇÃO DA BIBLIOTECA PÚBLICA MUNICIPAL E DEMAIS APARELHOS CULTURAIS;62;VALORIZAÇÃO E AMPLITUDE CULTURAL;13;Cultura;392;Difusão Cultural;256;3.1.90.11.52.00.00.00;LICENÇA SAÚDE;1.500.000.0000;RECURSOS NÃO VINCULADOS DE IMPOSTOS;69.790,20
PREFEITURA MUNICIPAL DE BARBACENA;14.003;FUNDO MUNICIPAL DE CULTURA;2.071;MANUTENÇÃO DA BIBLIOTECA PÚBLICA MUNICIPAL E DEMAIS APARELHOS CULTURAIS;62;VALORIZAÇÃO E AMPLITUDE CULTURAL;13;Cultura;392;Difusão Cultural;256;3.1.90.11.50.00.00.00;SALÁRIO MATERNIDADE;1.500.000.0000;RECURSOS NÃO VINCULADOS DE IMPOSTOS;8.697,92
PREFEITURA MUNICIPAL DE BARBACENA;14.003;FUNDO MUNICIPAL DE CULTURA;2.071;MANUTENÇÃO DA BIBLIOTECA PÚBLICA MUNICIPAL E DEMAIS APARELHOS CULTURAIS;62;VALORIZAÇÃO E AMPLITUDE CULTURAL;13;Cultura;392;Difusão Cultural;257;3.1.90.13.03.00.00.00;CONTRIBUIÇÃO PATRONAL PARA INSS;1.500.000.0000;RECURSOS NÃO VINCULADOS DE IMPOSTOS;13.434,07
PREFEITURA MUNICIPAL DE BARBACENA;14.003;FUNDO MUNICIPAL DE CULTURA;2.071;MANUTENÇÃO DA BIBLIOTECA PÚBLICA MUNICIPAL E DEMAIS APARELHOS CULTURAIS;62;VALORIZAÇÃO E AMPLITUDE CULTURAL;13;Cultura;392;Difusão Cultural;258;3.1.91.13.08.00.00.00;CONTRIB. PREV.- RPPS - PESSOAL ATIVO - PLANO PREV.;1.500.000.0000;RECURSOS NÃO VINCULADOS DE IMPOSTOS;177.215,67
PREFEITURA MUNICIPAL DE BARBACENA;14.003;FUNDO MUNICIPAL DE CULTURA;2.071;MANUTENÇÃO DA BIBLIOTECA PÚBLICA MUNICIPAL E DEMAIS APARELHOS CULTURAIS;62;VALORIZAÇÃO E AMPLITUDE CULTURAL;13;Cultura;392;Difusão Cultural;259;3.3.90.08.56.00.00.00;SALÁRIO FAMÍLIA;1.500.000.0000;RECURSOS NÃO VINCULADOS DE IMPOSTOS;1.976,80
PREFEITURA MUNICIPAL DE BARBACENA;14.003;FUNDO MUNICIPAL DE CULTURA;2.071;MANUTENÇÃO DA BIBLIOTECA PÚBLICA MUNICIPAL E DEMAIS APARELHOS CULTURAIS;62;VALORIZAÇÃO E AMPLITUDE CULTURAL;13;Cultura;392;Difusão Cultural;259;3.3.90.08.05.00.00.00;AUXÍLIO NATALIDADE;1.500.000.0000;RECURSOS NÃO VINCULADOS DE IMPOSTOS;706,00
PREFEITURA MUNICIPAL DE BARBACENA;14.003;FUNDO MUNICIPAL DE CULTURA;2.071;MANUTENÇÃO DA BIBLIOTECA PÚBLICA MUNICIPAL E DEMAIS APARELHOS CULTURAIS;62;VALORIZAÇÃO E AMPLITUDE CULTURAL;13;Cultura;392;Difusão Cultural;260;3.3.90.14.05.00.00.00;DIÁRIAS DE DEMAIS SERVIDORES;1.500.000.0000;RECURSOS NÃO VINCULADOS DE IMPOSTOS;5.200,00
PREFEITURA MUNICIPAL DE BARBACENA;14.003;FUNDO MUNICIPAL DE CULTURA;2.071;MANUTENÇÃO DA BIBLIOTECA PÚBLICA MUNICIPAL E DEMAIS APARELHOS CULTURAIS;62;VALORIZAÇÃO E AMPLITUDE CULTURAL;13;Cultura;392;Difusão Cultural;262;3.3.90.30.28.00.00.00;MATERIAL DE PROTEÇÃO E SEGURANÇA;1.500.000.0000;RECURSOS NÃO VINCULADOS DE IMPOSTOS;24,00
PREFEITURA MUNICIPAL DE BARBACENA;14.003;FUNDO MUNICIPAL DE CULTURA;2.071;MANUTENÇÃO DA BIBLIOTECA PÚBLICA MUNICIPAL E DEMAIS APARELHOS CULTURAIS;62;VALORIZAÇÃO E AMPLITUDE CULTURAL;13;Cultura;392;Difusão Cultural;262;3.3.90.30.22.00.00.00;MATERIAL DE LIMPEZA E PRODUÇÃO DE HIGIENIZAÇÃO;1.500.000.0000;RECURSOS NÃO VINCULADOS DE IMPOSTOS;4.790,45
PREFEITURA MUNICIPAL DE BARBACENA;14.003;FUNDO MUNICIPAL DE CULTURA;2.071;MANUTENÇÃO DA BIBLIOTECA PÚBLICA MUNICIPAL E DEMAIS APARELHOS CULTURAIS;62;VALORIZAÇÃO E AMPLITUDE CULTURAL;13;Cultura;392;Difusão Cultural;264;3.3.90.39.99.00.00.00;OUTROS SERVIÇOS DE TERCEIROS - PESSOA JURÍDICA;1.500.000.0000;RECURSOS NÃO VINCULADOS DE IMPOSTOS;31.229,30
PREFEITURA MUNICIPAL DE BARBACENA;14.003;FUNDO MUNICIPAL DE CULTURA;2.071;MANUTENÇÃO DA BIBLIOTECA PÚBLICA MUNICIPAL E DEMAIS APARELHOS CULTURAIS;62;VALORIZAÇÃO E AMPLITUDE CULTURAL;13;Cultura;392;Difusão Cultural;264;3.3.90.39.12.00.00.00;LOCAÇÃO DE MÁQUINAS E EQUIPAMENTOS;1.500.000.0000;RECURSOS NÃO VINCULADOS DE IMPOSTOS;23.568,00
PREFEITURA MUNICIPAL DE BARBACENA;14.003;FUNDO MUNICIPAL DE CULTURA;2.071;MANUTENÇÃO DA BIBLIOTECA PÚBLICA MUNICIPAL E DEMAIS APARELHOS CULTURAIS;62;VALORIZAÇÃO E AMPLITUDE CULTURAL;13;Cultura;392;Difusão Cultural;264;3.3.90.39.05.00.00.00;SERVIÇOS TÉCNICOS PROFISSIONAIS;1.500.000.0000;RECURSOS NÃO VINCULADOS DE IMPOSTOS;0,00
PREFEITURA MUNICIPAL DE BARBACENA;14.003;FUNDO MUNICIPAL DE CULTURA;2.071;MANUTENÇÃO DA BIBLIOTECA PÚBLICA MUNICIPAL E DEMAIS APARELHOS CULTURAIS;62;VALORIZAÇÃO E AMPLITUDE CULTURAL;13;Cultura;392;Difusão Cultural;264;3.3.90.39.43.00.00.00;SERVIÇOS DE TELECOMUNICAÇÕES;1.500.000.0000;RECURSOS NÃO VINCULADOS DE IMPOSTOS;1.730,00
PREFEITURA MUNICIPAL DE BARBACENA;14.003;FUNDO MUNICIPAL DE CULTURA;2.071;MANUTENÇÃO DA BIBLIOTECA PÚBLICA MUNICIPAL E DEMAIS APARELHOS CULTURAIS;62;VALORIZAÇÃO E AMPLITUDE CULTURAL;13;Cultura;392;Difusão Cultural;264;3.3.90.39.53.00.00.00;SEGUROS EM GERAL;1.500.000.0000;RECURSOS NÃO VINCULADOS DE IMPOSTOS;850,00
PREFEITURA MUNICIPAL DE BARBACENA;14.003;FUNDO MUNICIPAL DE CULTURA;2.071;MANUTENÇÃO DA BIBLIOTECA PÚBLICA MUNICIPAL E DEMAIS APARELHOS CULTURAIS;62;VALORIZAÇÃO E AMPLITUDE CULTURAL;13;Cultura;392;Difusão Cultural;264;3.3.90.39.99.00.00.00;OUTROS SERVIÇOS DE TERCEIROS - PESSOA JURÍDICA;2.500.000.0000;RECURSOS NÃO VINCULADOS DE IMPOSTOS;17.125,69
PREFEITURA MUNICIPAL DE BARBACENA;14.003;FUNDO MUNICIPAL DE CULTURA;2.071;MANUTENÇÃO DA BIBLIOTECA PÚBLICA MUNICIPAL E DEMAIS APARELHOS CULTURAIS;62;VALORIZAÇÃO E AMPLITUDE CULTURAL;13;Cultura;392;Difusão Cultural;266;3.3.90.46.00.00.00.00;AUXÍLIO-ALIMENTAÇÃO;1.500.000.0000;RECURSOS NÃO VINCULADOS DE IMPOSTOS;105.980,00
PREFEITURA MUNICIPAL DE BARBACENA;14.003;FUNDO MUNICIPAL DE CULTURA;2.071;MANUTENÇÃO DA BIBLIOTECA PÚBLICA MUNICIPAL E DEMAIS APARELHOS CULTURAIS;62;VALORIZAÇÃO E AMPLITUDE CULTURAL;13;Cultura;392;Difusão Cultural;268;4.4.90.52.12.00.00.00;EQUIPAMENTO DE PROTEÇÃO, SEGURANÇA E SOCORRO;1.500.000.0000;RECURSOS NÃO VINCULADOS DE IMPOSTOS;42.882,00
PREFEITURA MUNICIPAL DE BARBACENA;14.003;FUNDO MUNICIPAL DE CULTURA;2.071;MANUTENÇÃO DA BIBLIOTECA PÚBLICA MUNICIPAL E DEMAIS APARELHOS CULTURAIS;62;VALORIZAÇÃO E AMPLITUDE CULTURAL;13;Cultura;392;Difusão Cultural;1032;3.3.90.33.99.00.00.00;OUTRAS DESPESAS COM LOCOMOÇÃO;1.500.000.0000;RECURSOS NÃO VINCULADOS DE IMPOSTOS;150,00
PREFEITURA MUNICIPAL DE BARBACENA;14.003;FUNDO MUNICIPAL DE CULTURA;2.072;MANUTENÇAO DE MUSEUS;62;VALORIZAÇÃO E AMPLITUDE CULTURAL;13;Cultura;392;Difusão Cultural;270;3.1.90.11.01.00.00.00;VENCIMENTOS E SALÁRIOS;1.500.000.0000;RECURSOS NÃO VINCULADOS DE IMPOSTOS;86.149,59
PREFEITURA MUNICIPAL DE BARBACENA;14.003;FUNDO MUNICIPAL DE CULTURA;2.072;MANUTENÇAO DE MUSEUS;62;VALORIZAÇÃO E AMPLITUDE CULTURAL;13;Cultura;392;Difusão Cultural;271;3.1.90.13.03.00.00.00;CONTRIBUIÇÃO PATRONAL PARA INSS;1.500.000.0000;RECURSOS NÃO VINCULADOS DE IMPOSTOS;5.997,33
PREFEITURA MUNICIPAL DE BARBACENA;14.003;FUNDO MUNICIPAL DE CULTURA;2.072;MANUTENÇAO DE MUSEUS;62;VALORIZAÇÃO E AMPLITUDE CULTURAL;13;Cultura;392;Difusão Cultural;272;3.1.91.13.08.00.00.00;CONTRIB. PREV.- RPPS - PESSOAL ATIVO - PLANO PREV.;1.500.000.0000;RECURSOS NÃO VINCULADOS DE IMPOSTOS;6.424,60
PREFEITURA MUNICIPAL DE BARBACENA;14.003;FUNDO MUNICIPAL DE CULTURA;2.072;MANUTENÇAO DE MUSEUS;62;VALORIZAÇÃO E AMPLITUDE CULTURAL;13;Cultura;392;Difusão Cultural;273;3.3.90.08.56.00.00.00;SALÁRIO FAMÍLIA;1.500.000.0000;RECURSOS NÃO VINCULADOS DE IMPOSTOS;847,20
PREFEITURA MUNICIPAL DE BARBACENA;14.003;FUNDO MUNICIPAL DE CULTURA;2.072;MANUTENÇAO DE MUSEUS;62;VALORIZAÇÃO E AMPLITUDE CULTURAL;13;Cultura;392;Difusão Cultural;276;3.3.90.30.16.00.00.00;MATERIAL DE EXPEDIENTE;1.500.000.0000;RECURSOS NÃO VINCULADOS DE IMPOSTOS;12.284,60
PREFEITURA MUNICIPAL DE BARBACENA;14.003;FUNDO MUNICIPAL DE CULTURA;2.072;MANUTENÇAO DE MUSEUS;62;VALORIZAÇÃO E AMPLITUDE CULTURAL;13;Cultura;392;Difusão Cultural;276;3.3.90.30.28.00.00.00;MATERIAL DE PROTEÇÃO E SEGURANÇA;1.500.000.0000;RECURSOS NÃO VINCULADOS DE IMPOSTOS;40,00
PREFEITURA MUNICIPAL DE BARBACENA;14.003;FUNDO MUNICIPAL DE CULTURA;2.072;MANUTENÇAO DE MUSEUS;62;VALORIZAÇÃO E AMPLITUDE CULTURAL;13;Cultura;392;Difusão Cultural;276;3.3.90.30.22.00.00.00;MATERIAL DE LIMPEZA E PRODUÇÃO DE HIGIENIZAÇÃO;1.500.000.0000;RECURSOS NÃO VINCULADOS DE IMPOSTOS;26.582,01
PREFEITURA MUNICIPAL DE BARBACENA;14.003;FUNDO MUNICIPAL DE CULTURA;2.072;MANUTENÇAO DE MUSEUS;62;VALORIZAÇÃO E AMPLITUDE CULTURAL;13;Cultura;392;Difusão Cultural;276;3.3.90.30.22.00.00.00;MATERIAL DE LIMPEZA E PRODUÇÃO DE HIGIENIZAÇÃO;1.501.000.0000;OUTROS RECURSOS NÃO VINCULADOS;14.629,75
PREFEITURA MUNICIPAL DE BARBACENA;14.003;FUNDO MUNICIPAL DE CULTURA;2.072;MANUTENÇAO DE MUSEUS;62;VALORIZAÇÃO E AMPLITUDE CULTURAL;13;Cultura;392;Difusão Cultural;276;3.3.90.30.16.00.00.00;MATERIAL DE EXPEDIENTE;1.501.000.0000;OUTROS RECURSOS NÃO VINCULADOS;404,50
PREFEITURA MUNICIPAL DE BARBACENA;14.003;FUNDO MUNICIPAL DE CULTURA;2.072;MANUTENÇAO DE MUSEUS;62;VALORIZAÇÃO E AMPLITUDE CULTURAL;13;Cultura;392;Difusão Cultural;278;3.3.90.39.99.00.00.00;OUTROS SERVIÇOS DE TERCEIROS - PESSOA JURÍDICA;1.500.000.0000;RECURSOS NÃO VINCULADOS DE IMPOSTOS;192.835,28
PREFEITURA MUNICIPAL DE BARBACENA;14.003;FUNDO MUNICIPAL DE CULTURA;2.072;MANUTENÇAO DE MUSEUS;62;VALORIZAÇÃO E AMPLITUDE CULTURAL;13;Cultura;392;Difusão Cultural;278;3.3.90.39.60.00.00.00;VIGILÂNCIA OSTENSIVA;1.500.000.0000;RECURSOS NÃO VINCULADOS DE IMPOSTOS;48.580,20
PREFEITURA MUNICIPAL DE BARBACENA;14.003;FUNDO MUNICIPAL DE CULTURA;2.072;MANUTENÇAO DE MUSEUS;62;VALORIZAÇÃO E AMPLITUDE CULTURAL;13;Cultura;392;Difusão Cultural;279;3.3.90.46.00.00.00.00;AUXÍLIO-ALIMENTAÇÃO;1.500.000.0000;RECURSOS NÃO VINCULADOS DE IMPOSTOS;19.800,00
PREFEITURA MUNICIPAL DE BARBACENA;14.003;FUNDO MUNICIPAL DE CULTURA;2.072;MANUTENÇAO DE MUSEUS;62;VALORIZAÇÃO E AMPLITUDE CULTURAL;13;Cultura;392;Difusão Cultural;280;3.3.90.93.03.00.00.00;OUTRAS INDENIZAÇÕES E RESTITUIÇÕES;1.500.000.0000;RECURSOS NÃO VINCULADOS DE IMPOSTOS;638,69
PREFEITURA MUNICIPAL DE BARBACENA;14.003;FUNDO MUNICIPAL DE CULTURA;2.072;MANUTENÇAO DE MUSEUS;62;VALORIZAÇÃO E AMPLITUDE CULTURAL;13;Cultura;392;Difusão Cultural;282;4.4.90.52.12.00.00.00;EQUIPAMENTO DE PROTEÇÃO, SEGURANÇA E SOCORRO;1.500.000.0000;RECURSOS NÃO VINCULADOS DE IMPOSTOS;1.670,00
PREFEITURA MUNICIPAL DE BARBACENA;14.003;FUNDO MUNICIPAL DE CULTURA;2.344;REALIZAÇÃO DE AÇÕES DA POLÍTICA NACIONAL ALDIR BLANC DE FOMENTO À CULTURA;62;VALORIZAÇÃO E AMPLITUDE CULTURAL;13;Cultura;392;Difusão Cultural;1040;3.3.90.31.00.00.00.00;PREMIAÇÕES CULTURAIS, ARTÍSTICAS, CIENT., DESPORT;2.719.000.0000;TRANSFERÊNCIAS DA POLÍTICA NACIONAL ALDIR BLANC DE FOMENTO À CULTURA - LEI Nº 14.399/202;120.000,00
PREFEITURA MUNICIPAL DE BARBACENA;14.003;FUNDO MUNICIPAL DE CULTURA;2.344;REALIZAÇÃO DE AÇÕES DA POLÍTICA NACIONAL ALDIR BLANC DE FOMENTO À CULTURA;62;VALORIZAÇÃO E AMPLITUDE CULTURAL;13;Cultura;392;Difusão Cultural;1045;3.3.90.36.99.00.00.00;OUTROS SERVIÇOS DE PESSOA FÍSICA;2.719.000.0000;TRANSFERÊNCIAS DA POLÍTICA NACIONAL ALDIR BLANC DE FOMENTO À CULTURA - LEI Nº 14.399/202;158.140,69
PREFEITURA MUNICIPAL DE BARBACENA;14.003;FUNDO MUNICIPAL DE CULTURA;2.344;REALIZAÇÃO DE AÇÕES DA POLÍTICA NACIONAL ALDIR BLANC DE FOMENTO À CULTURA;62;VALORIZAÇÃO E AMPLITUDE CULTURAL;13;Cultura;392;Difusão Cultural;1046;3.3.90.39.99.00.00.00;OUTROS SERVIÇOS DE TERCEIROS - PESSOA JURÍDICA;2.719.000.0000;TRANSFERÊNCIAS DA POLÍTICA NACIONAL ALDIR BLANC DE FOMENTO À CULTURA - LEI Nº 14.399/202;371.764,25
PREFEITURA MUNICIPAL DE BARBACENA;14.003;FUNDO MUNICIPAL DE CULTURA;2.482;APOIO A ASSOCIAÇÃO GRUPO CULTURAL CÍTARA DE DAVI;62;VALORIZAÇÃO E AMPLITUDE CULTURAL;13;Cultura;392;Difusão Cultural;287;3.3.50.41.00.00.00.00;CONTRIBUIÇÕES;1.501.000.0000;OUTROS RECURSOS NÃO VINCULADOS;20.000,00
PREFEITURA MUNICIPAL DE BARBACENA;14.003;FUNDO MUNICIPAL DE CULTURA;2.484;APOIO A BANDA DANÇANTE DO ROSÁRIO SANTA EFIGENIA;62;VALORIZAÇÃO E AMPLITUDE CULTURAL;13;Cultura;392;Difusão Cultural;288;3.3.50.41.00.00.00.00;CONTRIBUIÇÕES;1.501.000.0000;OUTROS RECURSOS NÃO VINCULADOS;15.000,00
PREFEITURA MUNICIPAL DE BARBACENA;14.004;FUNDO MUN. PATRIM. ART, HIST. E CULTURAL - FUMPAC;2.338;MANUTENÇÃO, REF. E ADEQ. DOS APARELHOS CULTURAIS E PATRIMÔNIO HISTÓRICO CULTURAL;62;VALORIZAÇÃO E AMPLITUDE CULTURAL;13;Cultura;392;Difusão Cultural;290;3.3.90.35.02.00.00.00;CONSULTORIA E ASSESSORIA JURÍDICA;1.500.000.0000;RECURSOS NÃO VINCULADOS DE IMPOSTOS;5.400,00
PREFEITURA MUNICIPAL DE BARBACENA;14.004;FUNDO MUN. PATRIM. ART, HIST. E CULTURAL - FUMPAC;2.338;MANUTENÇÃO, REF. E ADEQ. DOS APARELHOS CULTURAIS E PATRIMÔNIO HISTÓRICO CULTURAL;62;VALORIZAÇÃO E AMPLITUDE CULTURAL;13;Cultura;392;Difusão Cultural;292;3.3.90.39.99.00.00.00;OUTROS SERVIÇOS DE TERCEIROS - PESSOA JURÍDICA;1.500.000.0000;RECURSOS NÃO VINCULADOS DE IMPOSTOS;96.417,64
PREFEITURA MUNICIPAL DE BARBACENA;14.004;FUNDO MUN. PATRIM. ART, HIST. E CULTURAL - FUMPAC;2.338;MANUTENÇÃO, REF. E ADEQ. DOS APARELHOS CULTURAIS E PATRIMÔNIO HISTÓRICO CULTURAL;62;VALORIZAÇÃO E AMPLITUDE CULTURAL;13;Cultura;392;Difusão Cultural;292;3.3.90.39.60.00.00.00;VIGILÂNCIA OSTENSIVA;1.500.000.0000;RECURSOS NÃO VINCULADOS DE IMPOSTOS;24.290,10
PREFEITURA MUNICIPAL DE BARBACENA;14.004;FUNDO MUN. PATRIM. ART, HIST. E CULTURAL - FUMPAC;2.338;MANUTENÇÃO, REF. E ADEQ. DOS APARELHOS CULTURAIS E PATRIMÔNIO HISTÓRICO CULTURAL;62;VALORIZAÇÃO E AMPLITUDE CULTURAL;13;Cultura;392;Difusão Cultural;295;4.4.90.51.01.00.00.00;OBRAS E INSTALAÇÕES DE DOMÍNIO PÚBLICO;1.500.000.0000;RECURSOS NÃO VINCULADOS DE IMPOSTOS;881.107,70
PREFEITURA MUNICIPAL DE BARBACENA;14.004;FUNDO MUN. PATRIM. ART, HIST. E CULTURAL - FUMPAC;2.338;MANUTENÇÃO, REF. E ADEQ. DOS APARELHOS CULTURAIS E PATRIMÔNIO HISTÓRICO CULTURAL;62;VALORIZAÇÃO E AMPLITUDE CULTURAL;13;Cultura;392;Difusão Cultural;295;4.4.90.51.01.00.00.00;OBRAS E INSTALAÇÕES DE DOMÍNIO PÚBLICO;2.500.000.0000;RECURSOS NÃO VINCULADOS DE IMPOSTOS;154.983,62
PREFEITURA MUNICIPAL DE BARBACENA;14.005;FUNDO MUNICIPAL DE TURISMO;2.257;REALIZAÇAO DA EXPOSIÇAO AGROPECUARIA DE BARBACENA;40;CALENDÁRIO OFICIAL DE EVENTOS;4;Administração;122;Administração Geral;297;3.3.90.39.20.00.00.00;FESTIVIDADES E HOMENAGENS;1.500.000.0000;RECURSOS NÃO VINCULADOS DE IMPOSTOS;282.500,00
PREFEITURA MUNICIPAL DE BARBACENA;14.005;FUNDO MUNICIPAL DE TURISMO;2.257;REALIZAÇAO DA EXPOSIÇAO AGROPECUARIA DE BARBACENA;40;CALENDÁRIO OFICIAL DE EVENTOS;4;Administração;122;Administração Geral;297;3.3.90.39.20.00.00.00;FESTIVIDADES E HOMENAGENS;1.501.000.0000;OUTROS RECURSOS NÃO VINCULADOS;26.168,00
PREFEITURA MUNICIPAL DE BARBACENA;14.005;FUNDO MUNICIPAL DE TURISMO;2.257;REALIZAÇAO DA EXPOSIÇAO AGROPECUARIA DE BARBACENA;40;CALENDÁRIO OFICIAL DE EVENTOS;4;Administração;122;Administração Geral;297;3.3.90.39.12.00.00.00;LOCAÇÃO DE MÁQUINAS E EQUIPAMENTOS;1.501.000.0000;OUTROS RECURSOS NÃO VINCULADOS;804.111,00
PREFEITURA MUNICIPAL DE BARBACENA;14.005;FUNDO MUNICIPAL DE TURISMO;2.257;REALIZAÇAO DA EXPOSIÇAO AGROPECUARIA DE BARBACENA;40;CALENDÁRIO OFICIAL DE EVENTOS;4;Administração;122;Administração Geral;297;3.3.90.39.99.00.00.00;OUTROS SERVIÇOS DE TERCEIROS - PESSOA JURÍDICA;1.501.000.0000;OUTROS RECURSOS NÃO VINCULADOS;210.040,00
PREFEITURA MUNICIPAL DE BARBACENA;14.005;FUNDO MUNICIPAL DE TURISMO;2.257;REALIZAÇAO DA EXPOSIÇAO AGROPECUARIA DE BARBACENA;40;CALENDÁRIO OFICIAL DE EVENTOS;4;Administração;122;Administração Geral;297;3.3.90.39.99.00.00.00;OUTROS SERVIÇOS DE TERCEIROS - PESSOA JURÍDICA;1.701.000.0000;OUTRAS TRANSFERÊNCIAS DE CONVÊNIOS OU INSTRUMENTOS CONGÊNERES DOS ESTADOS;520.000,00
PREFEITURA MUNICIPAL DE BARBACENA;14.005;FUNDO MUNICIPAL DE TURISMO;2.257;REALIZAÇAO DA EXPOSIÇAO AGROPECUARIA DE BARBACENA;40;CALENDÁRIO OFICIAL DE EVENTOS;4;Administração;122;Administração Geral;297;3.3.90.39.99.00.00.00;OUTROS SERVIÇOS DE TERCEIROS - PESSOA JURÍDICA;1.706.000.3110;TRANSFERÊNCIA ESPECIAL DA UNIÃO - TRANSFERÊNCIAS DA UNIÃO DECORRENTES DE EMENDAS PARLAMENTARES INDIVIDUAIS;0,00
PREFEITURA MUNICIPAL DE BARBACENA;14.005;FUNDO MUNICIPAL DE TURISMO;2.257;REALIZAÇAO DA EXPOSIÇAO AGROPECUARIA DE BARBACENA;40;CALENDÁRIO OFICIAL DE EVENTOS;4;Administração;122;Administração Geral;297;3.3.90.39.20.00.00.00;FESTIVIDADES E HOMENAGENS;1.706.000.3110;TRANSFERÊNCIA ESPECIAL DA UNIÃO - TRANSFERÊNCIAS DA UNIÃO DECORRENTES DE EMENDAS PARLAMENTARES INDIVIDUAIS;0,00
PREFEITURA MUNICIPAL DE BARBACENA;14.005;FUNDO MUNICIPAL DE TURISMO;2.257;REALIZAÇAO DA EXPOSIÇAO AGROPECUARIA DE BARBACENA;40;CALENDÁRIO OFICIAL DE EVENTOS;4;Administração;122;Administração Geral;297;3.3.90.39.20.00.00.00;FESTIVIDADES E HOMENAGENS;1.753.000.0000;RECURSOS PROVENIENTES DE TAXAS, CONTRIBUIÇÕES E PREÇOS PÚBLICOS;401.574,00
PREFEITURA MUNICIPAL DE BARBACENA;14.005;FUNDO MUNICIPAL DE TURISMO;2.257;REALIZAÇAO DA EXPOSIÇAO AGROPECUARIA DE BARBACENA;40;CALENDÁRIO OFICIAL DE EVENTOS;4;Administração;122;Administração Geral;297;3.3.90.39.99.00.00.00;OUTROS SERVIÇOS DE TERCEIROS - PESSOA JURÍDICA;2.500.000.0000;RECURSOS NÃO VINCULADOS DE IMPOSTOS;2.547.500,00
PREFEITURA MUNICIPAL DE BARBACENA;14.005;FUNDO MUNICIPAL DE TURISMO;2.257;REALIZAÇAO DA EXPOSIÇAO AGROPECUARIA DE BARBACENA;40;CALENDÁRIO OFICIAL DE EVENTOS;4;Administração;122;Administração Geral;297;3.3.90.39.20.00.00.00;FESTIVIDADES E HOMENAGENS;2.753.000.0000;RECURSOS PROVENIENTES DE TAXAS, CONTRIBUIÇÕES E PREÇOS PÚBLICOS;1.200.000,00
PREFEITURA MUNICIPAL DE BARBACENA;14.005;FUNDO MUNICIPAL DE TURISMO;2.257;REALIZAÇAO DA EXPOSIÇAO AGROPECUARIA DE BARBACENA;40;CALENDÁRIO OFICIAL DE EVENTOS;4;Administração;122;Administração Geral;298;3.3.90.47.00.00.00.00;OBRIGAÇÕES TRIBUTÁRIAS E CONTRIBUTIVAS;1.501.000.0000;OUTROS RECURSOS NÃO VINCULADOS;139.250,00
PREFEITURA MUNICIPAL DE BARBACENA;14.005;FUNDO MUNICIPAL DE TURISMO;2.256;REALIZAÇAO DO CARNAVAL;40;CALENDÁRIO OFICIAL DE EVENTOS;4;Administração;392;Difusão Cultural;301;3.3.90.39.12.00.00.00;LOCAÇÃO DE MÁQUINAS E EQUIPAMENTOS;1.500.000.0000;RECURSOS NÃO VINCULADOS DE IMPOSTOS;265.507,00
PREFEITURA MUNICIPAL DE BARBACENA;14.005;FUNDO MUNICIPAL DE TURISMO;2.256;REALIZAÇAO DO CARNAVAL;40;CALENDÁRIO OFICIAL DE EVENTOS;4;Administração;392;Difusão Cultural;301;3.3.90.39.99.00.00.00;OUTROS SERVIÇOS DE TERCEIROS - PESSOA JURÍDICA;1.500.000.0000;RECURSOS NÃO VINCULADOS DE IMPOSTOS;309.950,00
PREFEITURA MUNICIPAL DE BARBACENA;14.005;FUNDO MUNICIPAL DE TURISMO;2.256;REALIZAÇAO DO CARNAVAL;40;CALENDÁRIO OFICIAL DE EVENTOS;4;Administração;392;Difusão Cultural;302;3.3.90.47.00.00.00.00;OBRIGAÇÕES TRIBUTÁRIAS E CONTRIBUTIVAS;1.500.000.0000;RECURSOS NÃO VINCULADOS DE IMPOSTOS;15.467,50
PREFEITURA MUNICIPAL DE BARBACENA;14.005;FUNDO MUNICIPAL DE TURISMO;2.261;REALIZAÇAO DA FESTA DAS ROSAS E FLORES;40;CALENDÁRIO OFICIAL DE EVENTOS;4;Administração;392;Difusão Cultural;303;3.3.90.39.20.00.00.00;FESTIVIDADES E HOMENAGENS;1.500.000.0000;RECURSOS NÃO VINCULADOS DE IMPOSTOS;3.200,00
PREFEITURA MUNICIPAL DE BARBACENA;14.005;FUNDO MUNICIPAL DE TURISMO;2.261;REALIZAÇAO DA FESTA DAS ROSAS E FLORES;40;CALENDÁRIO OFICIAL DE EVENTOS;4;Administração;392;Difusão Cultural;303;3.3.90.39.20.00.00.00;FESTIVIDADES E HOMENAGENS;1.501.000.0000;OUTROS RECURSOS NÃO VINCULADOS;500.000,00
PREFEITURA MUNICIPAL DE BARBACENA;14.005;FUNDO MUNICIPAL DE TURISMO;2.261;REALIZAÇAO DA FESTA DAS ROSAS E FLORES;40;CALENDÁRIO OFICIAL DE EVENTOS;4;Administração;392;Difusão Cultural;303;3.3.90.39.20.00.00.00;FESTIVIDADES E HOMENAGENS;2.500.000.0000;RECURSOS NÃO VINCULADOS DE IMPOSTOS;3.048.249,36
PREFEITURA MUNICIPAL DE BARBACENA;14.005;FUNDO MUNICIPAL DE TURISMO;2.261;REALIZAÇAO DA FESTA DAS ROSAS E FLORES;40;CALENDÁRIO OFICIAL DE EVENTOS;4;Administração;392;Difusão Cultural;303;3.3.90.39.20.00.00.00;FESTIVIDADES E HOMENAGENS;2.501.000.0000;OUTROS RECURSOS NÃO VINCULADOS;229.000,00
PREFEITURA MUNICIPAL DE BARBACENA;14.005;FUNDO MUNICIPAL DE TURISMO;2.261;REALIZAÇAO DA FESTA DAS ROSAS E FLORES;40;CALENDÁRIO OFICIAL DE EVENTOS;4;Administração;392;Difusão Cultural;1056;3.3.90.47.00.00.00.00;OBRIGAÇÕES TRIBUTÁRIAS E CONTRIBUTIVAS;1.501.000.0000;OUTROS RECURSOS NÃO VINCULADOS;62.950,00
PREFEITURA MUNICIPAL DE BARBACENA;14.005;FUNDO MUNICIPAL DE TURISMO;2.670;APOIO A REALIZAÇÃO DE EVENTOS E FESTIVIDADES EM GERAL;40;CALENDÁRIO OFICIAL DE EVENTOS;13;Cultura;392;Difusão Cultural;312;3.3.90.39.99.00.00.00;OUTROS SERVIÇOS DE TERCEIROS - PESSOA JURÍDICA;1.500.000.0000;RECURSOS NÃO VINCULADOS DE IMPOSTOS;0,00
PREFEITURA MUNICIPAL DE BARBACENA;14.005;FUNDO MUNICIPAL DE TURISMO;2.670;APOIO A REALIZAÇÃO DE EVENTOS E FESTIVIDADES EM GERAL;40;CALENDÁRIO OFICIAL DE EVENTOS;13;Cultura;392;Difusão Cultural;312;3.3.90.39.12.00.00.00;LOCAÇÃO DE MÁQUINAS E EQUIPAMENTOS;1.500.000.0000;RECURSOS NÃO VINCULADOS DE IMPOSTOS;3.000,00
PREFEITURA MUNICIPAL DE BARBACENA;14.005;FUNDO MUNICIPAL DE TURISMO;2.670;APOIO A REALIZAÇÃO DE EVENTOS E FESTIVIDADES EM GERAL;40;CALENDÁRIO OFICIAL DE EVENTOS;13;Cultura;392;Difusão Cultural;312;3.3.90.39.20.00.00.00;FESTIVIDADES E HOMENAGENS;1.500.000.0000;RECURSOS NÃO VINCULADOS DE IMPOSTOS;40.830,00
PREFEITURA MUNICIPAL DE BARBACENA;14.005;FUNDO MUNICIPAL DE TURISMO;2.670;APOIO A REALIZAÇÃO DE EVENTOS E FESTIVIDADES EM GERAL;40;CALENDÁRIO OFICIAL DE EVENTOS;13;Cultura;392;Difusão Cultural;312;3.3.90.39.12.00.00.00;LOCAÇÃO DE MÁQUINAS E EQUIPAMENTOS;1.501.000.0000;OUTROS RECURSOS NÃO VINCULADOS;12.740,00
PREFEITURA MUNICIPAL DE BARBACENA;14.005;FUNDO MUNICIPAL DE TURISMO;2.670;APOIO A REALIZAÇÃO DE EVENTOS E FESTIVIDADES EM GERAL;40;CALENDÁRIO OFICIAL DE EVENTOS;13;Cultura;392;Difusão Cultural;312;3.3.90.39.20.00.00.00;FESTIVIDADES E HOMENAGENS;1.501.000.0000;OUTROS RECURSOS NÃO VINCULADOS;222.950,00
PREFEITURA MUNICIPAL DE BARBACENA;14.005;FUNDO MUNICIPAL DE TURISMO;2.670;APOIO A REALIZAÇÃO DE EVENTOS E FESTIVIDADES EM GERAL;40;CALENDÁRIO OFICIAL DE EVENTOS;13;Cultura;392;Difusão Cultural;312;3.3.90.39.99.00.00.00;OUTROS SERVIÇOS DE TERCEIROS - PESSOA JURÍDICA;1.501.000.0000;OUTROS RECURSOS NÃO VINCULADOS;17.400,00
PREFEITURA MUNICIPAL DE BARBACENA;14.005;FUNDO MUNICIPAL DE TURISMO;2.670;APOIO A REALIZAÇÃO DE EVENTOS E FESTIVIDADES EM GERAL;40;CALENDÁRIO OFICIAL DE EVENTOS;13;Cultura;392;Difusão Cultural;312;3.3.90.39.20.00.00.00;FESTIVIDADES E HOMENAGENS;2.500.000.0000;RECURSOS NÃO VINCULADOS DE IMPOSTOS;133.401,00
PREFEITURA MUNICIPAL DE BARBACENA;14.005;FUNDO MUNICIPAL DE TURISMO;2.734;REALIZAÇÃO DE DEMAIS EVENTOS DO CALENDÁRIO OFICIAL DO MUNICÍPIO;40;CALENDÁRIO OFICIAL DE EVENTOS;13;Cultura;392;Difusão Cultural;314;3.3.90.39.99.00.00.00;OUTROS SERVIÇOS DE TERCEIROS - PESSOA JURÍDICA;1.500.000.0000;RECURSOS NÃO VINCULADOS DE IMPOSTOS;66.440,00
PREFEITURA MUNICIPAL DE BARBACENA;14.005;FUNDO MUNICIPAL DE TURISMO;2.734;REALIZAÇÃO DE DEMAIS EVENTOS DO CALENDÁRIO OFICIAL DO MUNICÍPIO;40;CALENDÁRIO OFICIAL DE EVENTOS;13;Cultura;392;Difusão Cultural;314;3.3.90.39.12.00.00.00;LOCAÇÃO DE MÁQUINAS E EQUIPAMENTOS;1.500.000.0000;RECURSOS NÃO VINCULADOS DE IMPOSTOS;7.950,00
PREFEITURA MUNICIPAL DE BARBACENA;14.005;FUNDO MUNICIPAL DE TURISMO;2.734;REALIZAÇÃO DE DEMAIS EVENTOS DO CALENDÁRIO OFICIAL DO MUNICÍPIO;40;CALENDÁRIO OFICIAL DE EVENTOS;13;Cultura;392;Difusão Cultural;314;3.3.90.39.20.00.00.00;FESTIVIDADES E HOMENAGENS;1.500.000.0000;RECURSOS NÃO VINCULADOS DE IMPOSTOS;27.480,00
PREFEITURA MUNICIPAL DE BARBACENA;14.005;FUNDO MUNICIPAL DE TURISMO;2.734;REALIZAÇÃO DE DEMAIS EVENTOS DO CALENDÁRIO OFICIAL DO MUNICÍPIO;40;CALENDÁRIO OFICIAL DE EVENTOS;13;Cultura;392;Difusão Cultural;314;3.3.90.39.20.00.00.00;FESTIVIDADES E HOMENAGENS;1.501.000.0000;OUTROS RECURSOS NÃO VINCULADOS;367.298,76
PREFEITURA MUNICIPAL DE BARBACENA;14.005;FUNDO MUNICIPAL DE TURISMO;2.734;REALIZAÇÃO DE DEMAIS EVENTOS DO CALENDÁRIO OFICIAL DO MUNICÍPIO;40;CALENDÁRIO OFICIAL DE EVENTOS;13;Cultura;392;Difusão Cultural;314;3.3.90.39.20.00.00.00;FESTIVIDADES E HOMENAGENS;1.753.000.0000;RECURSOS PROVENIENTES DE TAXAS, CONTRIBUIÇÕES E PREÇOS PÚBLICOS;222.180,00
PREFEITURA MUNICIPAL DE BARBACENA;14.005;FUNDO MUNICIPAL DE TURISMO;2.734;REALIZAÇÃO DE DEMAIS EVENTOS DO CALENDÁRIO OFICIAL DO MUNICÍPIO;40;CALENDÁRIO OFICIAL DE EVENTOS;13;Cultura;392;Difusão Cultural;314;3.3.90.39.27.00.00.00;FORNECIMENTO DE ALIMENTAÇÃO;1.753.000.0000;RECURSOS PROVENIENTES DE TAXAS, CONTRIBUIÇÕES E PREÇOS PÚBLICOS;915,60
PREFEITURA MUNICIPAL DE BARBACENA;14.005;FUNDO MUNICIPAL DE TURISMO;2.734;REALIZAÇÃO DE DEMAIS EVENTOS DO CALENDÁRIO OFICIAL DO MUNICÍPIO;40;CALENDÁRIO OFICIAL DE EVENTOS;13;Cultura;392;Difusão Cultural;314;3.3.90.39.20.00.00.00;FESTIVIDADES E HOMENAGENS;2.500.000.0000;RECURSOS NÃO VINCULADOS DE IMPOSTOS;968.742,24
PREFEITURA MUNICIPAL DE BARBACENA;14.005;FUNDO MUNICIPAL DE TURISMO;2.734;REALIZAÇÃO DE DEMAIS EVENTOS DO CALENDÁRIO OFICIAL DO MUNICÍPIO;40;CALENDÁRIO OFICIAL DE EVENTOS;13;Cultura;392;Difusão Cultural;314;3.3.90.39.20.00.00.00;FESTIVIDADES E HOMENAGENS;2.501.000.0000;OUTROS RECURSOS NÃO VINCULADOS;2.500,00
PREFEITURA MUNICIPAL DE BARBACENA;14.005;FUNDO MUNICIPAL DE TURISMO;2.734;REALIZAÇÃO DE DEMAIS EVENTOS DO CALENDÁRIO OFICIAL DO MUNICÍPIO;40;CALENDÁRIO OFICIAL DE EVENTOS;13;Cultura;392;Difusão Cultural;314;3.3.90.39.20.00.00.00;FESTIVIDADES E HOMENAGENS;2.753.000.0000;RECURSOS PROVENIENTES DE TAXAS, CONTRIBUIÇÕES E PREÇOS PÚBLICOS;91.492,80
PREFEITURA MUNICIPAL DE BARBACENA;14.005;FUNDO MUNICIPAL DE TURISMO;2.734;REALIZAÇÃO DE DEMAIS EVENTOS DO CALENDÁRIO OFICIAL DO MUNICÍPIO;40;CALENDÁRIO OFICIAL DE EVENTOS;13;Cultura;392;Difusão Cultural;315;3.3.90.47.00.00.00.00;OBRIGAÇÕES TRIBUTÁRIAS E CONTRIBUTIVAS;1.500.000.0000;RECURSOS NÃO VINCULADOS DE IMPOSTOS;35.550,00
PREFEITURA MUNICIPAL DE BARBACENA;14.005;FUNDO MUNICIPAL DE TURISMO;2.734;REALIZAÇÃO DE DEMAIS EVENTOS DO CALENDÁRIO OFICIAL DO MUNICÍPIO;40;CALENDÁRIO OFICIAL DE EVENTOS;13;Cultura;392;Difusão Cultural;315;3.3.90.47.00.00.00.00;OBRIGAÇÕES TRIBUTÁRIAS E CONTRIBUTIVAS;2.500.000.0000;RECURSOS NÃO VINCULADOS DE IMPOSTOS;5.825,00
PREFEITURA MUNICIPAL DE BARBACENA;14.005;FUNDO MUNICIPAL DE TURISMO;2.735;REALIZAÇÃO DO ARRAIA BQ;40;CALENDÁRIO OFICIAL DE EVENTOS;13;Cultura;392;Difusão Cultural;317;3.3.90.39.20.00.00.00;FESTIVIDADES E HOMENAGENS;2.500.000.0000;RECURSOS NÃO VINCULADOS DE IMPOSTOS;1.023.707,00
PREFEITURA MUNICIPAL DE BARBACENA;14.005;FUNDO MUNICIPAL DE TURISMO;2.735;REALIZAÇÃO DO ARRAIA BQ;40;CALENDÁRIO OFICIAL DE EVENTOS;13;Cultura;392;Difusão Cultural;318;3.3.90.47.00.00.00.00;OBRIGAÇÕES TRIBUTÁRIAS E CONTRIBUTIVAS;1.500.000.0000;RECURSOS NÃO VINCULADOS DE IMPOSTOS;37.250,00
PREFEITURA MUNICIPAL DE BARBACENA;14.005;FUNDO MUNICIPAL DE TURISMO;2.736;REALIZAÇÃO DAS FESTIVIDADES DO SONHO DE NATAL;40;CALENDÁRIO OFICIAL DE EVENTOS;13;Cultura;392;Difusão Cultural;320;3.3.90.39.20.00.00.00;FESTIVIDADES E HOMENAGENS;1.500.000.0000;RECURSOS NÃO VINCULADOS DE IMPOSTOS;642.908,78
PREFEITURA MUNICIPAL DE BARBACENA;14.005;FUNDO MUNICIPAL DE TURISMO;2.736;REALIZAÇÃO DAS FESTIVIDADES DO SONHO DE NATAL;40;CALENDÁRIO OFICIAL DE EVENTOS;13;Cultura;392;Difusão Cultural;320;3.3.90.39.20.00.00.00;FESTIVIDADES E HOMENAGENS;1.501.000.0000;OUTROS RECURSOS NÃO VINCULADOS;222.684,60
PREFEITURA MUNICIPAL DE BARBACENA;14.005;FUNDO MUNICIPAL DE TURISMO;2.736;REALIZAÇÃO DAS FESTIVIDADES DO SONHO DE NATAL;40;CALENDÁRIO OFICIAL DE EVENTOS;13;Cultura;392;Difusão Cultural;320;3.3.90.39.20.00.00.00;FESTIVIDADES E HOMENAGENS;1.753.000.0000;RECURSOS PROVENIENTES DE TAXAS, CONTRIBUIÇÕES E PREÇOS PÚBLICOS;307.281,00
PREFEITURA MUNICIPAL DE BARBACENA;14.005;FUNDO MUNICIPAL DE TURISMO;2.736;REALIZAÇÃO DAS FESTIVIDADES DO SONHO DE NATAL;40;CALENDÁRIO OFICIAL DE EVENTOS;13;Cultura;392;Difusão Cultural;320;3.3.90.39.99.00.00.00;OUTROS SERVIÇOS DE TERCEIROS - PESSOA JURÍDICA;2.500.000.0000;RECURSOS NÃO VINCULADOS DE IMPOSTOS;2.999.500,00
PREFEITURA MUNICIPAL DE BARBACENA;14.005;FUNDO MUNICIPAL DE TURISMO;2.736;REALIZAÇÃO DAS FESTIVIDADES DO SONHO DE NATAL;40;CALENDÁRIO OFICIAL DE EVENTOS;13;Cultura;392;Difusão Cultural;320;3.3.90.39.20.00.00.00;FESTIVIDADES E HOMENAGENS;2.753.000.0000;RECURSOS PROVENIENTES DE TAXAS, CONTRIBUIÇÕES E PREÇOS PÚBLICOS;72.211,22
PREFEITURA MUNICIPAL DE BARBACENA;14.005;FUNDO MUNICIPAL DE TURISMO;2.733;REALIZAÇÃO E APOIO A ATIVIDADES, CAPACITAÇÕES, CONCURSOS E AÇÕES TURÍSTICAS;64;BARBACENA DESTINO TURÍSTICO;4;Administração;695;Turismo;1061;3.3.50.41.00.00.00.00;CONTRIBUIÇÕES;1.753.000.0000;RECURSOS PROVENIENTES DE TAXAS, CONTRIBUIÇÕES E PREÇOS PÚBLICOS;22.500,00
PREFEITURA MUNICIPAL DE BARBACENA;14.005;FUNDO MUNICIPAL DE TURISMO;2.737;REALIZAÇÃO DAS FESTIVIDADES E TURISMO RELIGIOSO;64;BARBACENA DESTINO TURÍSTICO;13;Cultura;392;Difusão Cultural;323;3.3.90.39.20.00.00.00;FESTIVIDADES E HOMENAGENS;1.500.000.0000;RECURSOS NÃO VINCULADOS DE IMPOSTOS;3.700,00
PREFEITURA MUNICIPAL DE BARBACENA;14.005;FUNDO MUNICIPAL DE TURISMO;2.737;REALIZAÇÃO DAS FESTIVIDADES E TURISMO RELIGIOSO;64;BARBACENA DESTINO TURÍSTICO;13;Cultura;392;Difusão Cultural;323;3.3.90.39.20.00.00.00;FESTIVIDADES E HOMENAGENS;2.500.000.0000;RECURSOS NÃO VINCULADOS DE IMPOSTOS;210.000,00
PREFEITURA MUNICIPAL DE BARBACENA;15.001;SEGOV;2.068;PESSOAL E ENCARGOS SOCIAIS DA SEGOV;11;APOIO A ADMINISTRAÇAO PUBLICA;4;Administração;122;Administração Geral;325;3.1.90.04.15.00.00.00;OBRIGAÇÕES PATRONAIS - CONTRATO TEMPORÁRIO;1.500.000.0000;RECURSOS NÃO VINCULADOS DE IMPOSTOS;4.042,42
PREFEITURA MUNICIPAL DE BARBACENA;15.001;SEGOV;2.068;PESSOAL E ENCARGOS SOCIAIS DA SEGOV;11;APOIO A ADMINISTRAÇAO PUBLICA;4;Administração;122;Administração Geral;325;3.1.90.04.01.00.00.00;SALÁRIO CONTRATO TEMPORÁRIO;1.500.000.0000;RECURSOS NÃO VINCULADOS DE IMPOSTOS;42.890,64
PREFEITURA MUNICIPAL DE BARBACENA;15.001;SEGOV;2.068;PESSOAL E ENCARGOS SOCIAIS DA SEGOV;11;APOIO A ADMINISTRAÇAO PUBLICA;4;Administração;122;Administração Geral;325;3.1.90.04.01.00.00.00;SALÁRIO CONTRATO TEMPORÁRIO;1.753.000.0000;RECURSOS PROVENIENTES DE TAXAS, CONTRIBUIÇÕES E PREÇOS PÚBLICOS;4.566,75
PREFEITURA MUNICIPAL DE BARBACENA;15.001;SEGOV;2.068;PESSOAL E ENCARGOS SOCIAIS DA SEGOV;11;APOIO A ADMINISTRAÇAO PUBLICA;4;Administração;122;Administração Geral;325;3.1.90.04.15.00.00.00;OBRIGAÇÕES PATRONAIS - CONTRATO TEMPORÁRIO;1.753.000.0000;RECURSOS PROVENIENTES DE TAXAS, CONTRIBUIÇÕES E PREÇOS PÚBLICOS;447,87
PREFEITURA MUNICIPAL DE BARBACENA;15.001;SEGOV;2.068;PESSOAL E ENCARGOS SOCIAIS DA SEGOV;11;APOIO A ADMINISTRAÇAO PUBLICA;4;Administração;122;Administração Geral;326;3.1.90.11.52.00.00.00;LICENÇA SAÚDE;1.500.000.0000;RECURSOS NÃO VINCULADOS DE IMPOSTOS;5.178,95
PREFEITURA MUNICIPAL DE BARBACENA;15.001;SEGOV;2.068;PESSOAL E ENCARGOS SOCIAIS DA SEGOV;11;APOIO A ADMINISTRAÇAO PUBLICA;4;Administração;122;Administração Geral;326;3.1.90.11.01.00.00.00;VENCIMENTOS E SALÁRIOS;1.500.000.0000;RECURSOS NÃO VINCULADOS DE IMPOSTOS;1.122.372,82
PREFEITURA MUNICIPAL DE BARBACENA;15.001;SEGOV;2.068;PESSOAL E ENCARGOS SOCIAIS DA SEGOV;11;APOIO A ADMINISTRAÇAO PUBLICA;4;Administração;122;Administração Geral;326;3.1.90.11.09.00.00.00;SUBSÍDIO DE SECRETÁRIO MUNICIPAL;1.500.000.0000;RECURSOS NÃO VINCULADOS DE IMPOSTOS;122.240,31
PREFEITURA MUNICIPAL DE BARBACENA;15.001;SEGOV;2.068;PESSOAL E ENCARGOS SOCIAIS DA SEGOV;11;APOIO A ADMINISTRAÇAO PUBLICA;4;Administração;122;Administração Geral;326;3.1.90.11.01.00.00.00;VENCIMENTOS E SALÁRIOS;1.753.000.0000;RECURSOS PROVENIENTES DE TAXAS, CONTRIBUIÇÕES E PREÇOS PÚBLICOS;96.911,16
PREFEITURA MUNICIPAL DE BARBACENA;15.001;SEGOV;2.068;PESSOAL E ENCARGOS SOCIAIS DA SEGOV;11;APOIO A ADMINISTRAÇAO PUBLICA;4;Administração;122;Administração Geral;326;3.1.90.11.09.00.00.00;SUBSÍDIO DE SECRETÁRIO MUNICIPAL;1.753.000.0000;RECURSOS PROVENIENTES DE TAXAS, CONTRIBUIÇÕES E PREÇOS PÚBLICOS;15.671,83
PREFEITURA MUNICIPAL DE BARBACENA;15.001;SEGOV;2.068;PESSOAL E ENCARGOS SOCIAIS DA SEGOV;11;APOIO A ADMINISTRAÇAO PUBLICA;4;Administração;122;Administração Geral;326;3.1.90.11.52.00.00.00;LICENÇA SAÚDE;1.753.000.0000;RECURSOS PROVENIENTES DE TAXAS, CONTRIBUIÇÕES E PREÇOS PÚBLICOS;928,07
PREFEITURA MUNICIPAL DE BARBACENA;15.001;SEGOV;2.068;PESSOAL E ENCARGOS SOCIAIS DA SEGOV;11;APOIO A ADMINISTRAÇAO PUBLICA;4;Administração;122;Administração Geral;327;3.1.90.13.03.00.00.00;CONTRIBUIÇÃO PATRONAL PARA INSS;1.500.000.0000;RECURSOS NÃO VINCULADOS DE IMPOSTOS;60.893,58
PREFEITURA MUNICIPAL DE BARBACENA;15.001;SEGOV;2.068;PESSOAL E ENCARGOS SOCIAIS DA SEGOV;11;APOIO A ADMINISTRAÇAO PUBLICA;4;Administração;122;Administração Geral;327;3.1.90.13.03.00.00.00;CONTRIBUIÇÃO PATRONAL PARA INSS;1.753.000.0000;RECURSOS PROVENIENTES DE TAXAS, CONTRIBUIÇÕES E PREÇOS PÚBLICOS;4.990,61
PREFEITURA MUNICIPAL DE BARBACENA;15.001;SEGOV;2.068;PESSOAL E ENCARGOS SOCIAIS DA SEGOV;11;APOIO A ADMINISTRAÇAO PUBLICA;4;Administração;122;Administração Geral;328;3.1.91.13.08.00.00.00;CONTRIB. PREV.- RPPS - PESSOAL ATIVO - PLANO PREV.;1.500.000.0000;RECURSOS NÃO VINCULADOS DE IMPOSTOS;146.932,03
PREFEITURA MUNICIPAL DE BARBACENA;15.001;SEGOV;2.068;PESSOAL E ENCARGOS SOCIAIS DA SEGOV;11;APOIO A ADMINISTRAÇAO PUBLICA;4;Administração;122;Administração Geral;328;3.1.91.13.08.00.00.00;CONTRIB. PREV.- RPPS - PESSOAL ATIVO - PLANO PREV.;1.753.000.0000;RECURSOS PROVENIENTES DE TAXAS, CONTRIBUIÇÕES E PREÇOS PÚBLICOS;11.915,45
PREFEITURA MUNICIPAL DE BARBACENA;15.001;SEGOV;2.068;PESSOAL E ENCARGOS SOCIAIS DA SEGOV;11;APOIO A ADMINISTRAÇAO PUBLICA;4;Administração;122;Administração Geral;330;3.3.90.18.00.00.00.00;AUXÍLIO FINANCEIRO A ESTUDANTES;1.500.000.0000;RECURSOS NÃO VINCULADOS DE IMPOSTOS;282,72
PREFEITURA MUNICIPAL DE BARBACENA;15.001;SEGOV;2.068;PESSOAL E ENCARGOS SOCIAIS DA SEGOV;11;APOIO A ADMINISTRAÇAO PUBLICA;4;Administração;122;Administração Geral;331;3.3.90.19.00.00.00.00;AUXÍLIO-FARDAMENTO;1.500.000.0000;RECURSOS NÃO VINCULADOS DE IMPOSTOS;3.002,22
PREFEITURA MUNICIPAL DE BARBACENA;15.001;SEGOV;2.068;PESSOAL E ENCARGOS SOCIAIS DA SEGOV;11;APOIO A ADMINISTRAÇAO PUBLICA;4;Administração;122;Administração Geral;332;3.3.90.46.00.00.00.00;AUXÍLIO-ALIMENTAÇÃO;1.500.000.0000;RECURSOS NÃO VINCULADOS DE IMPOSTOS;143.140,00
PREFEITURA MUNICIPAL DE BARBACENA;15.001;SEGOV;2.068;PESSOAL E ENCARGOS SOCIAIS DA SEGOV;11;APOIO A ADMINISTRAÇAO PUBLICA;4;Administração;122;Administração Geral;332;3.3.90.46.00.00.00.00;AUXÍLIO-ALIMENTAÇÃO;1.753.000.0000;RECURSOS PROVENIENTES DE TAXAS, CONTRIBUIÇÕES E PREÇOS PÚBLICOS;12.000,00
PREFEITURA MUNICIPAL DE BARBACENA;15.001;SEGOV;2.181;MANUTENÇAO DA SEGOV;11;APOIO A ADMINISTRAÇAO PUBLICA;4;Administração;122;Administração Geral;337;3.3.90.14.05.00.00.00;DIÁRIAS DE DEMAIS SERVIDORES;1.500.000.0000;RECURSOS NÃO VINCULADOS DE IMPOSTOS;800,00
PREFEITURA MUNICIPAL DE BARBACENA;15.001;SEGOV;2.181;MANUTENÇAO DA SEGOV;11;APOIO A ADMINISTRAÇAO PUBLICA;4;Administração;122;Administração Geral;337;3.3.90.14.04.00.00.00;DIÁRIAS DE SECRETÁRIOS;1.500.000.0000;RECURSOS NÃO VINCULADOS DE IMPOSTOS;800,00
PREFEITURA MUNICIPAL DE BARBACENA;15.001;SEGOV;2.181;MANUTENÇAO DA SEGOV;11;APOIO A ADMINISTRAÇAO PUBLICA;4;Administração;122;Administração Geral;338;3.3.90.30.15.00.00.00;MATERIAL PARA FESTIVIDADES E HOMENAGENS;1.500.000.0000;RECURSOS NÃO VINCULADOS DE IMPOSTOS;70.200,00
PREFEITURA MUNICIPAL DE BARBACENA;15.001;SEGOV;2.181;MANUTENÇAO DA SEGOV;11;APOIO A ADMINISTRAÇAO PUBLICA;4;Administração;122;Administração Geral;338;3.3.90.30.99.00.00.00;OUTROS MATERIAIS DE CONSUMO;1.500.000.0000;RECURSOS NÃO VINCULADOS DE IMPOSTOS;21.830,39
PREFEITURA MUNICIPAL DE BARBACENA;15.001;SEGOV;2.181;MANUTENÇAO DA SEGOV;11;APOIO A ADMINISTRAÇAO PUBLICA;4;Administração;122;Administração Geral;338;3.3.90.30.28.00.00.00;MATERIAL DE PROTEÇÃO E SEGURANÇA;1.500.000.0000;RECURSOS NÃO VINCULADOS DE IMPOSTOS;12,00
PREFEITURA MUNICIPAL DE BARBACENA;15.001;SEGOV;2.181;MANUTENÇAO DA SEGOV;11;APOIO A ADMINISTRAÇAO PUBLICA;4;Administração;122;Administração Geral;339;3.3.90.36.14.00.00.00;LOCAÇÃO DE IMÓVEIS;1.500.000.0000;RECURSOS NÃO VINCULADOS DE IMPOSTOS;6.839,58
PREFEITURA MUNICIPAL DE BARBACENA;15.001;SEGOV;2.181;MANUTENÇAO DA SEGOV;11;APOIO A ADMINISTRAÇAO PUBLICA;4;Administração;122;Administração Geral;340;3.3.90.39.12.00.00.00;LOCAÇÃO DE MÁQUINAS E EQUIPAMENTOS;1.500.000.0000;RECURSOS NÃO VINCULADOS DE IMPOSTOS;13.861,44
PREFEITURA MUNICIPAL DE BARBACENA;15.001;SEGOV;2.181;MANUTENÇAO DA SEGOV;11;APOIO A ADMINISTRAÇAO PUBLICA;4;Administração;122;Administração Geral;340;3.3.90.39.43.00.00.00;SERVIÇOS DE TELECOMUNICAÇÕES;1.500.000.0000;RECURSOS NÃO VINCULADOS DE IMPOSTOS;7.213,06
PREFEITURA MUNICIPAL DE BARBACENA;15.001;SEGOV;2.181;MANUTENÇAO DA SEGOV;11;APOIO A ADMINISTRAÇAO PUBLICA;4;Administração;122;Administração Geral;340;3.3.90.39.99.00.00.00;OUTROS SERVIÇOS DE TERCEIROS - PESSOA JURÍDICA;1.500.000.0000;RECURSOS NÃO VINCULADOS DE IMPOSTOS;37.958,22
PREFEITURA MUNICIPAL DE BARBACENA;15.001;SEGOV;2.181;MANUTENÇAO DA SEGOV;11;APOIO A ADMINISTRAÇAO PUBLICA;4;Administração;122;Administração Geral;340;3.3.90.39.33.00.00.00;SERVIÇOS DE COMUNICAÇÃO EM GERAL;1.500.000.0000;RECURSOS NÃO VINCULADOS DE IMPOSTOS;100.000,00
PREFEITURA MUNICIPAL DE BARBACENA;15.001;SEGOV;2.181;MANUTENÇAO DA SEGOV;11;APOIO A ADMINISTRAÇAO PUBLICA;4;Administração;122;Administração Geral;340;3.3.90.39.16.00.00.00;MANUTENÇÃO E CONSERVAÇÃO DE VEÍCULOS;1.500.000.0000;RECURSOS NÃO VINCULADOS DE IMPOSTOS;450,00
PREFEITURA MUNICIPAL DE BARBACENA;15.001;SEGOV;2.181;MANUTENÇAO DA SEGOV;11;APOIO A ADMINISTRAÇAO PUBLICA;4;Administração;122;Administração Geral;340;3.3.90.39.53.00.00.00;SEGUROS EM GERAL;1.500.000.0000;RECURSOS NÃO VINCULADOS DE IMPOSTOS;1.100,00
PREFEITURA MUNICIPAL DE BARBACENA;15.001;SEGOV;2.181;MANUTENÇAO DA SEGOV;11;APOIO A ADMINISTRAÇAO PUBLICA;4;Administração;122;Administração Geral;340;3.3.90.39.04.00.00.00;DIREITOS AUTORAIS;1.500.000.0000;RECURSOS NÃO VINCULADOS DE IMPOSTOS;298,00
PREFEITURA MUNICIPAL DE BARBACENA;15.001;SEGOV;2.181;MANUTENÇAO DA SEGOV;11;APOIO A ADMINISTRAÇAO PUBLICA;4;Administração;122;Administração Geral;342;3.3.90.92.00.00.00.00;DESPESAS DE EXERCÍCIOS ANTERIORES;1.500.000.0000;RECURSOS NÃO VINCULADOS DE IMPOSTOS;244,05
PREFEITURA MUNICIPAL DE BARBACENA;15.001;SEGOV;2.181;MANUTENÇAO DA SEGOV;11;APOIO A ADMINISTRAÇAO PUBLICA;4;Administração;122;Administração Geral;343;4.4.90.52.06.00.00.00;APARELHOS E UTENSÍLIOS DOMÉSTICOS;1.500.000.0000;RECURSOS NÃO VINCULADOS DE IMPOSTOS;625,00
PREFEITURA MUNICIPAL DE BARBACENA;15.001;SEGOV;2.181;MANUTENÇAO DA SEGOV;11;APOIO A ADMINISTRAÇAO PUBLICA;4;Administração;122;Administração Geral;343;4.4.90.52.17.00.00.00;EQUIPAMENTOS PARA ÁUDIO, VÍDEO E FOTO;1.500.000.0000;RECURSOS NÃO VINCULADOS DE IMPOSTOS;183.554,33
PREFEITURA MUNICIPAL DE BARBACENA;15.001;SEGOV;2.181;MANUTENÇAO DA SEGOV;11;APOIO A ADMINISTRAÇAO PUBLICA;4;Administração;122;Administração Geral;343;4.4.90.52.99.00.00.00;OUTROS MATERIAIS PERMANENTES;1.500.000.0000;RECURSOS NÃO VINCULADOS DE IMPOSTOS;3.045,26
PREFEITURA MUNICIPAL DE BARBACENA;15.001;SEGOV;2.181;MANUTENÇAO DA SEGOV;11;APOIO A ADMINISTRAÇAO PUBLICA;4;Administração;122;Administração Geral;343;4.4.90.52.24.00.00.00;MOBILIÁRIO EM GERAL;1.500.000.0000;RECURSOS NÃO VINCULADOS DE IMPOSTOS;4.462,50
PREFEITURA MUNICIPAL DE BARBACENA;15.001;SEGOV;2.181;MANUTENÇAO DA SEGOV;11;APOIO A ADMINISTRAÇAO PUBLICA;4;Administração;122;Administração Geral;343;4.4.90.52.12.00.00.00;EQUIPAMENTO DE PROTEÇÃO, SEGURANÇA E SOCORRO;1.500.000.0000;RECURSOS NÃO VINCULADOS DE IMPOSTOS;334,00
PREFEITURA MUNICIPAL DE BARBACENA;15.001;SEGOV;2.435;MANUTENÇÃO DE AÇÕES DE CUIDADOS AOS ANIMAIS;11;APOIO A ADMINISTRAÇAO PUBLICA;18;Gestão Ambiental;541;Preservação e Conservação Ambiental;346;3.3.90.30.06.00.00.00;ALIMENTOS PARA ANIMAIS;1.500.000.0000;RECURSOS NÃO VINCULADOS DE IMPOSTOS;103.141,50
PREFEITURA MUNICIPAL DE BARBACENA;15.001;SEGOV;2.435;MANUTENÇÃO DE AÇÕES DE CUIDADOS AOS ANIMAIS;11;APOIO A ADMINISTRAÇAO PUBLICA;18;Gestão Ambiental;541;Preservação e Conservação Ambiental;347;3.3.90.39.99.00.00.00;OUTROS SERVIÇOS DE TERCEIROS - PESSOA JURÍDICA;1.500.000.0000;RECURSOS NÃO VINCULADOS DE IMPOSTOS;80.300,00
PREFEITURA MUNICIPAL DE BARBACENA;15.001;SEGOV;2.435;MANUTENÇÃO DE AÇÕES DE CUIDADOS AOS ANIMAIS;11;APOIO A ADMINISTRAÇAO PUBLICA;18;Gestão Ambiental;541;Preservação e Conservação Ambiental;347;3.3.90.39.36.00.00.00;SERVIÇO MÉDICO-HOSPITALAR, ODONT. E LABORATORIAL;1.753.000.0000;RECURSOS PROVENIENTES DE TAXAS, CONTRIBUIÇÕES E PREÇOS PÚBLICOS;125.000,00
PREFEITURA MUNICIPAL DE BARBACENA;15.001;SEGOV;2.480;APOIO A ASSOCIAÇÃO BARBACENENSE DE PROTEÇÃO AOS ANIMAIS - ABPA;11;APOIO A ADMINISTRAÇAO PUBLICA;18;Gestão Ambiental;541;Preservação e Conservação Ambiental;1042;4.4.50.41.00.00.00.00;CONTRIBUIÇÕES;1.500.000.0000;RECURSOS NÃO VINCULADOS DE IMPOSTOS;73.961,30
PREFEITURA MUNICIPAL DE BARBACENA;15.001;SEGOV;2.480;APOIO A ASSOCIAÇÃO BARBACENENSE DE PROTEÇÃO AOS ANIMAIS - ABPA;11;APOIO A ADMINISTRAÇAO PUBLICA;18;Gestão Ambiental;541;Preservação e Conservação Ambiental;1042;4.4.50.41.00.00.00.00;CONTRIBUIÇÕES;1.501.000.0000;OUTROS RECURSOS NÃO VINCULADOS;37.000,00
PREFEITURA MUNICIPAL DE BARBACENA;15.001;SEGOV;2.171;DIVULGAÇÃO GOVERNAMENTAL;11;APOIO A ADMINISTRAÇAO PUBLICA;24;Comunicações;131;Comunicação Social;350;3.3.90.30.29.00.00.00;MATERIAL PARA ÁUDIO, VÍDEO E FOTO;1.500.000.0000;RECURSOS NÃO VINCULADOS DE IMPOSTOS;7.814,70
PREFEITURA MUNICIPAL DE BARBACENA;15.001;SEGOV;2.171;DIVULGAÇÃO GOVERNAMENTAL;11;APOIO A ADMINISTRAÇAO PUBLICA;24;Comunicações;131;Comunicação Social;351;3.3.90.39.43.00.00.00;SERVIÇOS DE TELECOMUNICAÇÕES;1.500.000.0000;RECURSOS NÃO VINCULADOS DE IMPOSTOS;2.160,00
PREFEITURA MUNICIPAL DE BARBACENA;15.001;SEGOV;2.171;DIVULGAÇÃO GOVERNAMENTAL;11;APOIO A ADMINISTRAÇAO PUBLICA;24;Comunicações;131;Comunicação Social;352;4.4.90.52.17.00.00.00;EQUIPAMENTOS PARA ÁUDIO, VÍDEO E FOTO;1.500.000.0000;RECURSOS NÃO VINCULADOS DE IMPOSTOS;21.381,66
PREFEITURA MUNICIPAL DE BARBACENA;15.001;SEGOV;2.171;DIVULGAÇÃO GOVERNAMENTAL;11;APOIO A ADMINISTRAÇAO PUBLICA;24;Comunicações;131;Comunicação Social;987;3.3.90.92.00.00.00.00;DESPESAS DE EXERCÍCIOS ANTERIORES;1.500.000.0000;RECURSOS NÃO VINCULADOS DE IMPOSTOS;720,00
PREFEITURA MUNICIPAL DE BARBACENA;16.001;SEMOP;2.100;MANUTENÇAO DA SEMOP;11;APOIO A ADMINISTRAÇAO PUBLICA;15;Urbanismo;122;Administração Geral;360;3.3.90.14.05.00.00.00;DIÁRIAS DE DEMAIS SERVIDORES;1.500.000.0000;RECURSOS NÃO VINCULADOS DE IMPOSTOS;10.500,00
PREFEITURA MUNICIPAL DE BARBACENA;16.001;SEMOP;2.100;MANUTENÇAO DA SEMOP;11;APOIO A ADMINISTRAÇAO PUBLICA;15;Urbanismo;122;Administração Geral;361;3.3.90.30.99.00.00.00;OUTROS MATERIAIS DE CONSUMO;1.500.000.0000;RECURSOS NÃO VINCULADOS DE IMPOSTOS;367.217,43
PREFEITURA MUNICIPAL DE BARBACENA;16.001;SEMOP;2.100;MANUTENÇAO DA SEMOP;11;APOIO A ADMINISTRAÇAO PUBLICA;15;Urbanismo;122;Administração Geral;361;3.3.90.30.07.00.00.00;GÊNEROS DE ALIMENTAÇÃO;1.500.000.0000;RECURSOS NÃO VINCULADOS DE IMPOSTOS;83.953,80
PREFEITURA MUNICIPAL DE BARBACENA;16.001;SEMOP;2.100;MANUTENÇAO DA SEMOP;11;APOIO A ADMINISTRAÇAO PUBLICA;15;Urbanismo;122;Administração Geral;361;3.3.90.30.28.00.00.00;MATERIAL DE PROTEÇÃO E SEGURANÇA;1.500.000.0000;RECURSOS NÃO VINCULADOS DE IMPOSTOS;105.869,06
PREFEITURA MUNICIPAL DE BARBACENA;16.001;SEMOP;2.100;MANUTENÇAO DA SEMOP;11;APOIO A ADMINISTRAÇAO PUBLICA;15;Urbanismo;122;Administração Geral;361;3.3.90.30.23.00.00.00;UNIFORMES, TECIDOS E AVIAMENTOS;1.500.000.0000;RECURSOS NÃO VINCULADOS DE IMPOSTOS;22.593,27
PREFEITURA MUNICIPAL DE BARBACENA;16.001;SEMOP;2.100;MANUTENÇAO DA SEMOP;11;APOIO A ADMINISTRAÇAO PUBLICA;15;Urbanismo;122;Administração Geral;361;3.3.90.30.22.00.00.00;MATERIAL DE LIMPEZA E PRODUÇÃO DE HIGIENIZAÇÃO;1.500.000.0000;RECURSOS NÃO VINCULADOS DE IMPOSTOS;69.932,00
PREFEITURA MUNICIPAL DE BARBACENA;16.001;SEMOP;2.100;MANUTENÇAO DA SEMOP;11;APOIO A ADMINISTRAÇAO PUBLICA;15;Urbanismo;122;Administração Geral;361;3.3.90.30.07.00.00.00;GÊNEROS DE ALIMENTAÇÃO;2.753.000.0000;RECURSOS PROVENIENTES DE TAXAS, CONTRIBUIÇÕES E PREÇOS PÚBLICOS;29.250,00
PREFEITURA MUNICIPAL DE BARBACENA;16.001;SEMOP;2.100;MANUTENÇAO DA SEMOP;11;APOIO A ADMINISTRAÇAO PUBLICA;15;Urbanismo;122;Administração Geral;363;3.3.90.39.99.00.00.00;OUTROS SERVIÇOS DE TERCEIROS - PESSOA JURÍDICA;1.500.000.0000;RECURSOS NÃO VINCULADOS DE IMPOSTOS;611.939,68
PREFEITURA MUNICIPAL DE BARBACENA;16.001;SEMOP;2.100;MANUTENÇAO DA SEMOP;11;APOIO A ADMINISTRAÇAO PUBLICA;15;Urbanismo;122;Administração Geral;363;3.3.90.39.43.00.00.00;SERVIÇOS DE TELECOMUNICAÇÕES;1.500.000.0000;RECURSOS NÃO VINCULADOS DE IMPOSTOS;8.607,63
PREFEITURA MUNICIPAL DE BARBACENA;16.001;SEMOP;2.100;MANUTENÇAO DA SEMOP;11;APOIO A ADMINISTRAÇAO PUBLICA;15;Urbanismo;122;Administração Geral;363;3.3.90.39.12.00.00.00;LOCAÇÃO DE MÁQUINAS E EQUIPAMENTOS;1.500.000.0000;RECURSOS NÃO VINCULADOS DE IMPOSTOS;15.094,64
PREFEITURA MUNICIPAL DE BARBACENA;16.001;SEMOP;2.100;MANUTENÇAO DA SEMOP;11;APOIO A ADMINISTRAÇAO PUBLICA;15;Urbanismo;122;Administração Geral;363;3.3.90.39.05.00.00.00;SERVIÇOS TÉCNICOS PROFISSIONAIS;1.500.000.0000;RECURSOS NÃO VINCULADOS DE IMPOSTOS;32.299,11
PREFEITURA MUNICIPAL DE BARBACENA;16.001;SEMOP;2.100;MANUTENÇAO DA SEMOP;11;APOIO A ADMINISTRAÇAO PUBLICA;15;Urbanismo;122;Administração Geral;363;3.3.90.39.53.00.00.00;SEGUROS EM GERAL;1.500.000.0000;RECURSOS NÃO VINCULADOS DE IMPOSTOS;4.788,00
PREFEITURA MUNICIPAL DE BARBACENA;16.001;SEMOP;2.100;MANUTENÇAO DA SEMOP;11;APOIO A ADMINISTRAÇAO PUBLICA;15;Urbanismo;122;Administração Geral;363;3.3.90.39.73.00.00.00;LOCAÇÃO DE VEÍCULOS PARA TRANSPORTE DE CARGAS;1.500.000.0000;RECURSOS NÃO VINCULADOS DE IMPOSTOS;41.756,80
PREFEITURA MUNICIPAL DE BARBACENA;16.001;SEMOP;2.100;MANUTENÇAO DA SEMOP;11;APOIO A ADMINISTRAÇAO PUBLICA;15;Urbanismo;122;Administração Geral;363;3.3.90.39.16.00.00.00;MANUTENÇÃO E CONSERVAÇÃO DE VEÍCULOS;1.500.000.0000;RECURSOS NÃO VINCULADOS DE IMPOSTOS;40.000,00
PREFEITURA MUNICIPAL DE BARBACENA;16.001;SEMOP;2.100;MANUTENÇAO DA SEMOP;11;APOIO A ADMINISTRAÇAO PUBLICA;15;Urbanismo;122;Administração Geral;363;3.3.90.39.30.00.00.00;SERVIÇOS DE ÁGUA E ESGOTO;1.753.000.0000;RECURSOS PROVENIENTES DE TAXAS, CONTRIBUIÇÕES E PREÇOS PÚBLICOS;23.517,47
PREFEITURA MUNICIPAL DE BARBACENA;16.001;SEMOP;2.100;MANUTENÇAO DA SEMOP;11;APOIO A ADMINISTRAÇAO PUBLICA;15;Urbanismo;122;Administração Geral;363;3.3.90.39.43.00.00.00;SERVIÇOS DE TELECOMUNICAÇÕES;1.753.000.0000;RECURSOS PROVENIENTES DE TAXAS, CONTRIBUIÇÕES E PREÇOS PÚBLICOS;8.220,98
PREFEITURA MUNICIPAL DE BARBACENA;16.001;SEMOP;2.100;MANUTENÇAO DA SEMOP;11;APOIO A ADMINISTRAÇAO PUBLICA;15;Urbanismo;122;Administração Geral;363;3.3.90.39.12.00.00.00;LOCAÇÃO DE MÁQUINAS E EQUIPAMENTOS;1.753.000.0000;RECURSOS PROVENIENTES DE TAXAS, CONTRIBUIÇÕES E PREÇOS PÚBLICOS;36.000,00
PREFEITURA MUNICIPAL DE BARBACENA;16.001;SEMOP;2.100;MANUTENÇAO DA SEMOP;11;APOIO A ADMINISTRAÇAO PUBLICA;15;Urbanismo;122;Administração Geral;363;3.3.90.39.99.00.00.00;OUTROS SERVIÇOS DE TERCEIROS - PESSOA JURÍDICA;1.753.000.0000;RECURSOS PROVENIENTES DE TAXAS, CONTRIBUIÇÕES E PREÇOS PÚBLICOS;88.091,36
PREFEITURA MUNICIPAL DE BARBACENA;16.001;SEMOP;2.100;MANUTENÇAO DA SEMOP;11;APOIO A ADMINISTRAÇAO PUBLICA;15;Urbanismo;122;Administração Geral;363;3.3.90.39.53.00.00.00;SEGUROS EM GERAL;1.753.000.0000;RECURSOS PROVENIENTES DE TAXAS, CONTRIBUIÇÕES E PREÇOS PÚBLICOS;21.670,00
PREFEITURA MUNICIPAL DE BARBACENA;16.001;SEMOP;2.100;MANUTENÇAO DA SEMOP;11;APOIO A ADMINISTRAÇAO PUBLICA;15;Urbanismo;122;Administração Geral;365;3.3.90.47.00.00.00.00;OBRIGAÇÕES TRIBUTÁRIAS E CONTRIBUTIVAS;1.500.000.0000;RECURSOS NÃO VINCULADOS DE IMPOSTOS;943,09
PREFEITURA MUNICIPAL DE BARBACENA;16.001;SEMOP;2.100;MANUTENÇAO DA SEMOP;11;APOIO A ADMINISTRAÇAO PUBLICA;15;Urbanismo;122;Administração Geral;366;3.3.90.92.00.00.00.00;DESPESAS DE EXERCÍCIOS ANTERIORES;1.500.000.0000;RECURSOS NÃO VINCULADOS DE IMPOSTOS;1.000,90
PREFEITURA MUNICIPAL DE BARBACENA;16.001;SEMOP;2.100;MANUTENÇAO DA SEMOP;11;APOIO A ADMINISTRAÇAO PUBLICA;15;Urbanismo;122;Administração Geral;367;3.3.90.93.03.00.00.00;OUTRAS INDENIZAÇÕES E RESTITUIÇÕES;1.500.000.0000;RECURSOS NÃO VINCULADOS DE IMPOSTOS;1.897,99
PREFEITURA MUNICIPAL DE BARBACENA;16.001;SEMOP;2.100;MANUTENÇAO DA SEMOP;11;APOIO A ADMINISTRAÇAO PUBLICA;15;Urbanismo;122;Administração Geral;367;3.3.90.93.03.00.00.00;OUTRAS INDENIZAÇÕES E RESTITUIÇÕES;1.700.000.0000;OUTRAS TRANSFERÊNCIAS DE CONVÊNIOS OU INSTRUMENTOS CONGÊNERES DA UNIÃO;5.986,54
PREFEITURA MUNICIPAL DE BARBACENA;16.001;SEMOP;2.100;MANUTENÇAO DA SEMOP;11;APOIO A ADMINISTRAÇAO PUBLICA;15;Urbanismo;122;Administração Geral;367;3.3.90.93.03.00.00.00;OUTRAS INDENIZAÇÕES E RESTITUIÇÕES;1.753.000.0000;RECURSOS PROVENIENTES DE TAXAS, CONTRIBUIÇÕES E PREÇOS PÚBLICOS;1.400,00
PREFEITURA MUNICIPAL DE BARBACENA;16.001;SEMOP;2.100;MANUTENÇAO DA SEMOP;11;APOIO A ADMINISTRAÇAO PUBLICA;15;Urbanismo;122;Administração Geral;367;3.3.90.93.03.00.00.00;OUTRAS INDENIZAÇÕES E RESTITUIÇÕES;2.500.000.0000;RECURSOS NÃO VINCULADOS DE IMPOSTOS;610,76
PREFEITURA MUNICIPAL DE BARBACENA;16.001;SEMOP;2.100;MANUTENÇAO DA SEMOP;11;APOIO A ADMINISTRAÇAO PUBLICA;15;Urbanismo;122;Administração Geral;367;3.3.90.93.03.00.00.00;OUTRAS INDENIZAÇÕES E RESTITUIÇÕES;2.700.000.0000;OUTRAS TRANSFERÊNCIAS DE CONVÊNIOS OU INSTRUMENTOS CONGÊNERES DA UNIÃO;101.853,47
PREFEITURA MUNICIPAL DE BARBACENA;16.001;SEMOP;2.100;MANUTENÇAO DA SEMOP;11;APOIO A ADMINISTRAÇAO PUBLICA;15;Urbanismo;122;Administração Geral;368;4.4.90.52.24.00.00.00;MOBILIÁRIO EM GERAL;1.500.000.0000;RECURSOS NÃO VINCULADOS DE IMPOSTOS;14.470,00
PREFEITURA MUNICIPAL DE BARBACENA;16.001;SEMOP;2.100;MANUTENÇAO DA SEMOP;11;APOIO A ADMINISTRAÇAO PUBLICA;15;Urbanismo;122;Administração Geral;368;4.4.90.52.12.00.00.00;EQUIPAMENTO DE PROTEÇÃO, SEGURANÇA E SOCORRO;1.500.000.0000;RECURSOS NÃO VINCULADOS DE IMPOSTOS;1.670,00
PREFEITURA MUNICIPAL DE BARBACENA;16.001;SEMOP;2.100;MANUTENÇAO DA SEMOP;11;APOIO A ADMINISTRAÇAO PUBLICA;15;Urbanismo;122;Administração Geral;368;4.4.90.52.20.00.00.00;MÁQUINAS, INSTALAÇÕES E UTENSÍLIOS DE ESCRITÓRIO;1.500.000.0000;RECURSOS NÃO VINCULADOS DE IMPOSTOS;4.850,00
PREFEITURA MUNICIPAL DE BARBACENA;16.001;SEMOP;2.111;PESSOAL E ENCARGOS SOCIAIS DA SEMOP;11;APOIO A ADMINISTRAÇAO PUBLICA;15;Urbanismo;122;Administração Geral;369;3.1.90.04.15.00.00.00;OBRIGAÇÕES PATRONAIS - CONTRATO TEMPORÁRIO;1.500.000.0000;RECURSOS NÃO VINCULADOS DE IMPOSTOS;296.155,48
PREFEITURA MUNICIPAL DE BARBACENA;16.001;SEMOP;2.111;PESSOAL E ENCARGOS SOCIAIS DA SEMOP;11;APOIO A ADMINISTRAÇAO PUBLICA;15;Urbanismo;122;Administração Geral;369;3.1.90.04.01.00.00.00;SALÁRIO CONTRATO TEMPORÁRIO;1.500.000.0000;RECURSOS NÃO VINCULADOS DE IMPOSTOS;3.092.178,56
PREFEITURA MUNICIPAL DE BARBACENA;16.001;SEMOP;2.111;PESSOAL E ENCARGOS SOCIAIS DA SEMOP;11;APOIO A ADMINISTRAÇAO PUBLICA;15;Urbanismo;122;Administração Geral;369;3.1.90.04.15.00.00.00;OBRIGAÇÕES PATRONAIS - CONTRATO TEMPORÁRIO;1.753.000.0000;RECURSOS PROVENIENTES DE TAXAS, CONTRIBUIÇÕES E PREÇOS PÚBLICOS;24.378,42
PREFEITURA MUNICIPAL DE BARBACENA;16.001;SEMOP;2.111;PESSOAL E ENCARGOS SOCIAIS DA SEMOP;11;APOIO A ADMINISTRAÇAO PUBLICA;15;Urbanismo;122;Administração Geral;369;3.1.90.04.01.00.00.00;SALÁRIO CONTRATO TEMPORÁRIO;1.753.000.0000;RECURSOS PROVENIENTES DE TAXAS, CONTRIBUIÇÕES E PREÇOS PÚBLICOS;253.498,37
PREFEITURA MUNICIPAL DE BARBACENA;16.001;SEMOP;2.111;PESSOAL E ENCARGOS SOCIAIS DA SEMOP;11;APOIO A ADMINISTRAÇAO PUBLICA;15;Urbanismo;122;Administração Geral;370;3.1.90.11.01.00.00.00;VENCIMENTOS E SALÁRIOS;1.500.000.0000;RECURSOS NÃO VINCULADOS DE IMPOSTOS;3.438.937,57
PREFEITURA MUNICIPAL DE BARBACENA;16.001;SEMOP;2.111;PESSOAL E ENCARGOS SOCIAIS DA SEMOP;11;APOIO A ADMINISTRAÇAO PUBLICA;15;Urbanismo;122;Administração Geral;370;3.1.90.11.52.00.00.00;LICENÇA SAÚDE;1.500.000.0000;RECURSOS NÃO VINCULADOS DE IMPOSTOS;27.571,14
PREFEITURA MUNICIPAL DE BARBACENA;16.001;SEMOP;2.111;PESSOAL E ENCARGOS SOCIAIS DA SEMOP;11;APOIO A ADMINISTRAÇAO PUBLICA;15;Urbanismo;122;Administração Geral;370;3.1.90.11.09.00.00.00;SUBSÍDIO DE SECRETÁRIO MUNICIPAL;1.500.000.0000;RECURSOS NÃO VINCULADOS DE IMPOSTOS;112.837,20
PREFEITURA MUNICIPAL DE BARBACENA;16.001;SEMOP;2.111;PESSOAL E ENCARGOS SOCIAIS DA SEMOP;11;APOIO A ADMINISTRAÇAO PUBLICA;15;Urbanismo;122;Administração Geral;370;3.1.90.11.42.00.00.00;FÉRIAS VENCIDAS E PROPORCIONAIS;1.500.000.0000;RECURSOS NÃO VINCULADOS DE IMPOSTOS;1.096,54
PREFEITURA MUNICIPAL DE BARBACENA;16.001;SEMOP;2.111;PESSOAL E ENCARGOS SOCIAIS DA SEMOP;11;APOIO A ADMINISTRAÇAO PUBLICA;15;Urbanismo;122;Administração Geral;370;3.1.90.11.01.00.00.00;VENCIMENTOS E SALÁRIOS;1.753.000.0000;RECURSOS PROVENIENTES DE TAXAS, CONTRIBUIÇÕES E PREÇOS PÚBLICOS;271.184,99
PREFEITURA MUNICIPAL DE BARBACENA;16.001;SEMOP;2.111;PESSOAL E ENCARGOS SOCIAIS DA SEMOP;11;APOIO A ADMINISTRAÇAO PUBLICA;15;Urbanismo;122;Administração Geral;370;3.1.90.11.52.00.00.00;LICENÇA SAÚDE;1.753.000.0000;RECURSOS PROVENIENTES DE TAXAS, CONTRIBUIÇÕES E PREÇOS PÚBLICOS;176,50
PREFEITURA MUNICIPAL DE BARBACENA;16.001;SEMOP;2.111;PESSOAL E ENCARGOS SOCIAIS DA SEMOP;11;APOIO A ADMINISTRAÇAO PUBLICA;15;Urbanismo;122;Administração Geral;370;3.1.90.11.09.00.00.00;SUBSÍDIO DE SECRETÁRIO MUNICIPAL;1.753.000.0000;RECURSOS PROVENIENTES DE TAXAS, CONTRIBUIÇÕES E PREÇOS PÚBLICOS;29.254,08
PREFEITURA MUNICIPAL DE BARBACENA;16.001;SEMOP;2.111;PESSOAL E ENCARGOS SOCIAIS DA SEMOP;11;APOIO A ADMINISTRAÇAO PUBLICA;15;Urbanismo;122;Administração Geral;371;3.1.90.13.03.00.00.00;CONTRIBUIÇÃO PATRONAL PARA INSS;1.500.000.0000;RECURSOS NÃO VINCULADOS DE IMPOSTOS;167.778,14
PREFEITURA MUNICIPAL DE BARBACENA;16.001;SEMOP;2.111;PESSOAL E ENCARGOS SOCIAIS DA SEMOP;11;APOIO A ADMINISTRAÇAO PUBLICA;15;Urbanismo;122;Administração Geral;371;3.1.90.13.03.00.00.00;CONTRIBUIÇÃO PATRONAL PARA INSS;1.753.000.0000;RECURSOS PROVENIENTES DE TAXAS, CONTRIBUIÇÕES E PREÇOS PÚBLICOS;14.047,28
PREFEITURA MUNICIPAL DE BARBACENA;16.001;SEMOP;2.111;PESSOAL E ENCARGOS SOCIAIS DA SEMOP;11;APOIO A ADMINISTRAÇAO PUBLICA;15;Urbanismo;122;Administração Geral;373;3.1.91.13.08.00.00.00;CONTRIB. PREV.- RPPS - PESSOAL ATIVO - PLANO PREV.;1.500.000.0000;RECURSOS NÃO VINCULADOS DE IMPOSTOS;467.088,18
PREFEITURA MUNICIPAL DE BARBACENA;16.001;SEMOP;2.111;PESSOAL E ENCARGOS SOCIAIS DA SEMOP;11;APOIO A ADMINISTRAÇAO PUBLICA;15;Urbanismo;122;Administração Geral;373;3.1.91.13.08.00.00.00;CONTRIB. PREV.- RPPS - PESSOAL ATIVO - PLANO PREV.;1.753.000.0000;RECURSOS PROVENIENTES DE TAXAS, CONTRIBUIÇÕES E PREÇOS PÚBLICOS;34.288,43
PREFEITURA MUNICIPAL DE BARBACENA;16.001;SEMOP;2.111;PESSOAL E ENCARGOS SOCIAIS DA SEMOP;11;APOIO A ADMINISTRAÇAO PUBLICA;15;Urbanismo;122;Administração Geral;375;3.3.90.18.00.00.00.00;AUXÍLIO FINANCEIRO A ESTUDANTES;1.500.000.0000;RECURSOS NÃO VINCULADOS DE IMPOSTOS;1.025,50
PREFEITURA MUNICIPAL DE BARBACENA;16.001;SEMOP;2.111;PESSOAL E ENCARGOS SOCIAIS DA SEMOP;11;APOIO A ADMINISTRAÇAO PUBLICA;15;Urbanismo;122;Administração Geral;375;3.3.90.18.00.00.00.00;AUXÍLIO FINANCEIRO A ESTUDANTES;1.753.000.0000;RECURSOS PROVENIENTES DE TAXAS, CONTRIBUIÇÕES E PREÇOS PÚBLICOS;94,75
PREFEITURA MUNICIPAL DE BARBACENA;16.001;SEMOP;2.111;PESSOAL E ENCARGOS SOCIAIS DA SEMOP;11;APOIO A ADMINISTRAÇAO PUBLICA;15;Urbanismo;122;Administração Geral;377;3.3.90.39.99.00.00.00;OUTROS SERVIÇOS DE TERCEIROS - PESSOA JURÍDICA;1.500.000.0000;RECURSOS NÃO VINCULADOS DE IMPOSTOS;178.887,00
PREFEITURA MUNICIPAL DE BARBACENA;16.001;SEMOP;2.111;PESSOAL E ENCARGOS SOCIAIS DA SEMOP;11;APOIO A ADMINISTRAÇAO PUBLICA;15;Urbanismo;122;Administração Geral;377;3.3.90.39.60.00.00.00;VIGILÂNCIA OSTENSIVA;1.500.000.0000;RECURSOS NÃO VINCULADOS DE IMPOSTOS;44.805,58
PREFEITURA MUNICIPAL DE BARBACENA;16.001;SEMOP;2.111;PESSOAL E ENCARGOS SOCIAIS DA SEMOP;11;APOIO A ADMINISTRAÇAO PUBLICA;15;Urbanismo;122;Administração Geral;378;3.3.90.46.00.00.00.00;AUXÍLIO-ALIMENTAÇÃO;1.500.000.0000;RECURSOS NÃO VINCULADOS DE IMPOSTOS;1.200.345,00
PREFEITURA MUNICIPAL DE BARBACENA;16.001;SEMOP;2.111;PESSOAL E ENCARGOS SOCIAIS DA SEMOP;11;APOIO A ADMINISTRAÇAO PUBLICA;15;Urbanismo;122;Administração Geral;378;3.3.90.46.00.00.00.00;AUXÍLIO-ALIMENTAÇÃO;1.753.000.0000;RECURSOS PROVENIENTES DE TAXAS, CONTRIBUIÇÕES E PREÇOS PÚBLICOS;104.400,00
PREFEITURA MUNICIPAL DE BARBACENA;16.001;SEMOP;1.024;CONSTRUÇAO, REFORMA E REVITALIZAÇAO DE PREDIOS PUBLICOS;17;INFRAESTRUTURA URBANA E RURAL;4;Administração;122;Administração Geral;353;3.3.90.30.99.00.00.00;OUTROS MATERIAIS DE CONSUMO;1.500.000.0000;RECURSOS NÃO VINCULADOS DE IMPOSTOS;7.695,70
PREFEITURA MUNICIPAL DE BARBACENA;16.001;SEMOP;1.024;CONSTRUÇAO, REFORMA E REVITALIZAÇAO DE PREDIOS PUBLICOS;17;INFRAESTRUTURA URBANA E RURAL;4;Administração;122;Administração Geral;353;3.3.90.30.24.00.00.00;MATERIAL PARA MANUTENÇÃO DE BENS IMÓVEIS;1.500.000.0000;RECURSOS NÃO VINCULADOS DE IMPOSTOS;11.935,00
PREFEITURA MUNICIPAL DE BARBACENA;16.001;SEMOP;1.024;CONSTRUÇAO, REFORMA E REVITALIZAÇAO DE PREDIOS PUBLICOS;17;INFRAESTRUTURA URBANA E RURAL;4;Administração;122;Administração Geral;353;3.3.90.30.25.00.00.00;MATERIAL PARA MANUTENÇÃO DE BENS MÓVEIS;1.753.000.0000;RECURSOS PROVENIENTES DE TAXAS, CONTRIBUIÇÕES E PREÇOS PÚBLICOS;30.157,43
PREFEITURA MUNICIPAL DE BARBACENA;16.001;SEMOP;1.024;CONSTRUÇAO, REFORMA E REVITALIZAÇAO DE PREDIOS PUBLICOS;17;INFRAESTRUTURA URBANA E RURAL;4;Administração;122;Administração Geral;353;3.3.90.30.24.00.00.00;MATERIAL PARA MANUTENÇÃO DE BENS IMÓVEIS;1.753.000.0000;RECURSOS PROVENIENTES DE TAXAS, CONTRIBUIÇÕES E PREÇOS PÚBLICOS;22.497,50
PREFEITURA MUNICIPAL DE BARBACENA;16.001;SEMOP;1.024;CONSTRUÇAO, REFORMA E REVITALIZAÇAO DE PREDIOS PUBLICOS;17;INFRAESTRUTURA URBANA E RURAL;4;Administração;122;Administração Geral;353;3.3.90.30.99.00.00.00;OUTROS MATERIAIS DE CONSUMO;1.753.000.0000;RECURSOS PROVENIENTES DE TAXAS, CONTRIBUIÇÕES E PREÇOS PÚBLICOS;144.900,00
PREFEITURA MUNICIPAL DE BARBACENA;16.001;SEMOP;1.024;CONSTRUÇAO, REFORMA E REVITALIZAÇAO DE PREDIOS PUBLICOS;17;INFRAESTRUTURA URBANA E RURAL;4;Administração;122;Administração Geral;353;3.3.90.30.24.00.00.00;MATERIAL PARA MANUTENÇÃO DE BENS IMÓVEIS;2.753.000.0000;RECURSOS PROVENIENTES DE TAXAS, CONTRIBUIÇÕES E PREÇOS PÚBLICOS;3.588,00
PREFEITURA MUNICIPAL DE BARBACENA;16.001;SEMOP;2.422;MANUTENÇÃO DE PRÉDIOS PÚBLICOS;17;INFRAESTRUTURA URBANA E RURAL;4;Administração;122;Administração Geral;356;3.3.90.30.26.00.00.00;MATERIAL ELÉTRICO E ELETRÔNICO;1.500.000.0000;RECURSOS NÃO VINCULADOS DE IMPOSTOS;26.222,46
PREFEITURA MUNICIPAL DE BARBACENA;16.001;SEMOP;1.031;OBRAS DE INFRAESTRUTURA URBANA E RURAL;17;INFRAESTRUTURA URBANA E RURAL;15;Urbanismo;451;Infra-Estrutura Urbana;379;3.3.90.30.99.00.00.00;OUTROS MATERIAIS DE CONSUMO;1.500.000.0000;RECURSOS NÃO VINCULADOS DE IMPOSTOS;161.078,89
PREFEITURA MUNICIPAL DE BARBACENA;16.001;SEMOP;1.031;OBRAS DE INFRAESTRUTURA URBANA E RURAL;17;INFRAESTRUTURA URBANA E RURAL;15;Urbanismo;451;Infra-Estrutura Urbana;379;3.3.90.30.40.00.00.00;FERRAMENTAS;1.500.000.0000;RECURSOS NÃO VINCULADOS DE IMPOSTOS;5.101,30
PREFEITURA MUNICIPAL DE BARBACENA;16.001;SEMOP;1.031;OBRAS DE INFRAESTRUTURA URBANA E RURAL;17;INFRAESTRUTURA URBANA E RURAL;15;Urbanismo;451;Infra-Estrutura Urbana;379;3.3.90.30.42.00.00.00;MATERIAL DE SINALIZAÇÃO VISUAL E AFINS;1.500.000.0000;RECURSOS NÃO VINCULADOS DE IMPOSTOS;10.207,65
PREFEITURA MUNICIPAL DE BARBACENA;16.001;SEMOP;1.031;OBRAS DE INFRAESTRUTURA URBANA E RURAL;17;INFRAESTRUTURA URBANA E RURAL;15;Urbanismo;451;Infra-Estrutura Urbana;379;3.3.90.30.99.00.00.00;OUTROS MATERIAIS DE CONSUMO;1.753.000.0000;RECURSOS PROVENIENTES DE TAXAS, CONTRIBUIÇÕES E PREÇOS PÚBLICOS;749.617,95
PREFEITURA MUNICIPAL DE BARBACENA;16.001;SEMOP;1.031;OBRAS DE INFRAESTRUTURA URBANA E RURAL;17;INFRAESTRUTURA URBANA E RURAL;15;Urbanismo;451;Infra-Estrutura Urbana;379;3.3.90.30.25.00.00.00;MATERIAL PARA MANUTENÇÃO DE BENS MÓVEIS;1.753.000.0000;RECURSOS PROVENIENTES DE TAXAS, CONTRIBUIÇÕES E PREÇOS PÚBLICOS;31.270,00
PREFEITURA MUNICIPAL DE BARBACENA;16.001;SEMOP;1.031;OBRAS DE INFRAESTRUTURA URBANA E RURAL;17;INFRAESTRUTURA URBANA E RURAL;15;Urbanismo;451;Infra-Estrutura Urbana;379;3.3.90.30.99.00.00.00;OUTROS MATERIAIS DE CONSUMO;2.500.000.0000;RECURSOS NÃO VINCULADOS DE IMPOSTOS;658.973,50
PREFEITURA MUNICIPAL DE BARBACENA;16.001;SEMOP;1.031;OBRAS DE INFRAESTRUTURA URBANA E RURAL;17;INFRAESTRUTURA URBANA E RURAL;15;Urbanismo;451;Infra-Estrutura Urbana;379;3.3.90.30.24.00.00.00;MATERIAL PARA MANUTENÇÃO DE BENS IMÓVEIS;2.500.000.0000;RECURSOS NÃO VINCULADOS DE IMPOSTOS;289.913,50
PREFEITURA MUNICIPAL DE BARBACENA;16.001;SEMOP;1.031;OBRAS DE INFRAESTRUTURA URBANA E RURAL;17;INFRAESTRUTURA URBANA E RURAL;15;Urbanismo;451;Infra-Estrutura Urbana;379;3.3.90.30.99.00.00.00;OUTROS MATERIAIS DE CONSUMO;2.720.000.0000;TRANSFERÊNCIA DA UNIÃO REFERENTES ÀS PARTICIPAÇÕES NA EXPLORAÇÃO DE PETRÓLEO E GÁS NATURAL DESTINADAS AO FEP - LEI 9.478/1997;625.400,00
PREFEITURA MUNICIPAL DE BARBACENA;16.001;SEMOP;1.031;OBRAS DE INFRAESTRUTURA URBANA E RURAL;17;INFRAESTRUTURA URBANA E RURAL;15;Urbanismo;451;Infra-Estrutura Urbana;379;3.3.90.30.99.00.00.00;OUTROS MATERIAIS DE CONSUMO;2.753.000.0000;RECURSOS PROVENIENTES DE TAXAS, CONTRIBUIÇÕES E PREÇOS PÚBLICOS;85.900,00
PREFEITURA MUNICIPAL DE BARBACENA;16.001;SEMOP;1.031;OBRAS DE INFRAESTRUTURA URBANA E RURAL;17;INFRAESTRUTURA URBANA E RURAL;15;Urbanismo;451;Infra-Estrutura Urbana;383;4.4.90.51.01.00.00.00;OBRAS E INSTALAÇÕES DE DOMÍNIO PÚBLICO;2.500.000.0000;RECURSOS NÃO VINCULADOS DE IMPOSTOS;182.631,65
PREFEITURA MUNICIPAL DE BARBACENA;16.001;SEMOP;1.031;OBRAS DE INFRAESTRUTURA URBANA E RURAL;17;INFRAESTRUTURA URBANA E RURAL;15;Urbanismo;451;Infra-Estrutura Urbana;383;4.4.90.51.01.00.00.00;OBRAS E INSTALAÇÕES DE DOMÍNIO PÚBLICO;2.710.010.0000;TRANSFERÊNCIA ESPECIAL DOS ESTADOS (TRANSF. ESP. ESTADO - ACORDO JUDICIAL REPARAÇÃO IMPACTOS SOCIOECONÔMICOS E AMBIENTAIS-BARRAGEM BRUMADINHO);30.218,00
PREFEITURA MUNICIPAL DE BARBACENA;16.001;SEMOP;1.031;OBRAS DE INFRAESTRUTURA URBANA E RURAL;17;INFRAESTRUTURA URBANA E RURAL;15;Urbanismo;451;Infra-Estrutura Urbana;384;4.4.90.52.21.00.00.00;MÁQUINAS, FERRAMENTAS E UTENSÍLIOS DE OFICINA;1.500.000.0000;RECURSOS NÃO VINCULADOS DE IMPOSTOS;8.858,98
PREFEITURA MUNICIPAL DE BARBACENA;16.001;SEMOP;1.031;OBRAS DE INFRAESTRUTURA URBANA E RURAL;17;INFRAESTRUTURA URBANA E RURAL;15;Urbanismo;451;Infra-Estrutura Urbana;384;4.4.90.52.18.00.00.00;MÁQUINAS, UTENSÍLIOS E EQUIPAMENTOS DIVERSOS;1.500.000.0000;RECURSOS NÃO VINCULADOS DE IMPOSTOS;54.990,00
PREFEITURA MUNICIPAL DE BARBACENA;16.001;SEMOP;1.032;CONSTRUÇAO, REFORMA E REVITALIZAÇAO DE PRAÇAS E PARQUES;17;INFRAESTRUTURA URBANA E RURAL;15;Urbanismo;451;Infra-Estrutura Urbana;387;4.4.90.51.01.00.00.00;OBRAS E INSTALAÇÕES DE DOMÍNIO PÚBLICO;1.500.000.0000;RECURSOS NÃO VINCULADOS DE IMPOSTOS;50.000,00
PREFEITURA MUNICIPAL DE BARBACENA;16.001;SEMOP;1.032;CONSTRUÇAO, REFORMA E REVITALIZAÇAO DE PRAÇAS E PARQUES;17;INFRAESTRUTURA URBANA E RURAL;15;Urbanismo;451;Infra-Estrutura Urbana;387;4.4.90.51.01.00.00.00;OBRAS E INSTALAÇÕES DE DOMÍNIO PÚBLICO;2.500.000.0000;RECURSOS NÃO VINCULADOS DE IMPOSTOS;628.146,85
PREFEITURA MUNICIPAL DE BARBACENA;16.001;SEMOP;1.032;CONSTRUÇAO, REFORMA E REVITALIZAÇAO DE PRAÇAS E PARQUES;17;INFRAESTRUTURA URBANA E RURAL;15;Urbanismo;451;Infra-Estrutura Urbana;387;4.4.90.51.01.00.00.00;OBRAS E INSTALAÇÕES DE DOMÍNIO PÚBLICO;2.706.000.3110;TRANSFERÊNCIA ESPECIAL DA UNIÃO - TRANSFERÊNCIAS DA UNIÃO DECORRENTES DE EMENDAS PARLAMENTARES INDIVIDUAIS;900.811,09
PREFEITURA MUNICIPAL DE BARBACENA;16.001;SEMOP;1.032;CONSTRUÇAO, REFORMA E REVITALIZAÇAO DE PRAÇAS E PARQUES;17;INFRAESTRUTURA URBANA E RURAL;15;Urbanismo;451;Infra-Estrutura Urbana;387;4.4.90.51.01.00.00.00;OBRAS E INSTALAÇÕES DE DOMÍNIO PÚBLICO;2.710.000.3210;IDENTIFICAÇÃO DAS TRANSFERÊNCIAS DOS ESTADOS DECORRENTES DE EMENDAS PARLAMENTARES INDIVIDUAIS;800.918,33
PREFEITURA MUNICIPAL DE BARBACENA;16.001;SEMOP;1.032;CONSTRUÇAO, REFORMA E REVITALIZAÇAO DE PRAÇAS E PARQUES;17;INFRAESTRUTURA URBANA E RURAL;15;Urbanismo;451;Infra-Estrutura Urbana;387;4.4.90.51.01.00.00.00;OBRAS E INSTALAÇÕES DE DOMÍNIO PÚBLICO;2.753.000.0000;RECURSOS PROVENIENTES DE TAXAS, CONTRIBUIÇÕES E PREÇOS PÚBLICOS;0,00
PREFEITURA MUNICIPAL DE BARBACENA;16.001;SEMOP;2.117;MANUTENÇAO, CONSTRUÇAO E CONSERVAÇAO DE CEMITERIOS;17;INFRAESTRUTURA URBANA E RURAL;15;Urbanismo;452;Serviços Urbanos;422;3.1.90.04.01.00.00.00;SALÁRIO CONTRATO TEMPORÁRIO;1.500.000.0000;RECURSOS NÃO VINCULADOS DE IMPOSTOS;153.506,10
PREFEITURA MUNICIPAL DE BARBACENA;16.001;SEMOP;2.117;MANUTENÇAO, CONSTRUÇAO E CONSERVAÇAO DE CEMITERIOS;17;INFRAESTRUTURA URBANA E RURAL;15;Urbanismo;452;Serviços Urbanos;422;3.1.90.04.15.00.00.00;OBRIGAÇÕES PATRONAIS - CONTRATO TEMPORÁRIO;1.500.000.0000;RECURSOS NÃO VINCULADOS DE IMPOSTOS;13.577,87
PREFEITURA MUNICIPAL DE BARBACENA;16.001;SEMOP;2.117;MANUTENÇAO, CONSTRUÇAO E CONSERVAÇAO DE CEMITERIOS;17;INFRAESTRUTURA URBANA E RURAL;15;Urbanismo;452;Serviços Urbanos;422;3.1.90.04.15.00.00.00;OBRIGAÇÕES PATRONAIS - CONTRATO TEMPORÁRIO;1.753.000.0000;RECURSOS PROVENIENTES DE TAXAS, CONTRIBUIÇÕES E PREÇOS PÚBLICOS;5.747,44
PREFEITURA MUNICIPAL DE BARBACENA;16.001;SEMOP;2.117;MANUTENÇAO, CONSTRUÇAO E CONSERVAÇAO DE CEMITERIOS;17;INFRAESTRUTURA URBANA E RURAL;15;Urbanismo;452;Serviços Urbanos;422;3.1.90.04.01.00.00.00;SALÁRIO CONTRATO TEMPORÁRIO;1.753.000.0000;RECURSOS PROVENIENTES DE TAXAS, CONTRIBUIÇÕES E PREÇOS PÚBLICOS;12.124,26
PREFEITURA MUNICIPAL DE BARBACENA;16.001;SEMOP;2.117;MANUTENÇAO, CONSTRUÇAO E CONSERVAÇAO DE CEMITERIOS;17;INFRAESTRUTURA URBANA E RURAL;15;Urbanismo;452;Serviços Urbanos;423;3.1.90.11.01.00.00.00;VENCIMENTOS E SALÁRIOS;1.500.000.0000;RECURSOS NÃO VINCULADOS DE IMPOSTOS;259.110,46
PREFEITURA MUNICIPAL DE BARBACENA;16.001;SEMOP;2.117;MANUTENÇAO, CONSTRUÇAO E CONSERVAÇAO DE CEMITERIOS;17;INFRAESTRUTURA URBANA E RURAL;15;Urbanismo;452;Serviços Urbanos;423;3.1.90.11.01.00.00.00;VENCIMENTOS E SALÁRIOS;1.753.000.0000;RECURSOS PROVENIENTES DE TAXAS, CONTRIBUIÇÕES E PREÇOS PÚBLICOS;22.319,20
PREFEITURA MUNICIPAL DE BARBACENA;16.001;SEMOP;2.117;MANUTENÇAO, CONSTRUÇAO E CONSERVAÇAO DE CEMITERIOS;17;INFRAESTRUTURA URBANA E RURAL;15;Urbanismo;452;Serviços Urbanos;424;3.1.90.13.03.00.00.00;CONTRIBUIÇÃO PATRONAL PARA INSS;1.500.000.0000;RECURSOS NÃO VINCULADOS DE IMPOSTOS;4.181,59
PREFEITURA MUNICIPAL DE BARBACENA;16.001;SEMOP;2.117;MANUTENÇAO, CONSTRUÇAO E CONSERVAÇAO DE CEMITERIOS;17;INFRAESTRUTURA URBANA E RURAL;15;Urbanismo;452;Serviços Urbanos;424;3.1.90.13.03.00.00.00;CONTRIBUIÇÃO PATRONAL PARA INSS;1.753.000.0000;RECURSOS PROVENIENTES DE TAXAS, CONTRIBUIÇÕES E PREÇOS PÚBLICOS;307,04
PREFEITURA MUNICIPAL DE BARBACENA;16.001;SEMOP;2.117;MANUTENÇAO, CONSTRUÇAO E CONSERVAÇAO DE CEMITERIOS;17;INFRAESTRUTURA URBANA E RURAL;15;Urbanismo;452;Serviços Urbanos;425;3.1.91.13.08.00.00.00;CONTRIB. PREV.- RPPS - PESSOAL ATIVO - PLANO PREV.;1.500.000.0000;RECURSOS NÃO VINCULADOS DE IMPOSTOS;61.058,85
PREFEITURA MUNICIPAL DE BARBACENA;16.001;SEMOP;2.117;MANUTENÇAO, CONSTRUÇAO E CONSERVAÇAO DE CEMITERIOS;17;INFRAESTRUTURA URBANA E RURAL;15;Urbanismo;452;Serviços Urbanos;425;3.1.91.13.08.00.00.00;CONTRIB. PREV.- RPPS - PESSOAL ATIVO - PLANO PREV.;1.753.000.0000;RECURSOS PROVENIENTES DE TAXAS, CONTRIBUIÇÕES E PREÇOS PÚBLICOS;4.771,35
PREFEITURA MUNICIPAL DE BARBACENA;16.001;SEMOP;2.117;MANUTENÇAO, CONSTRUÇAO E CONSERVAÇAO DE CEMITERIOS;17;INFRAESTRUTURA URBANA E RURAL;15;Urbanismo;452;Serviços Urbanos;429;3.3.90.46.00.00.00.00;AUXÍLIO-ALIMENTAÇÃO;1.500.000.0000;RECURSOS NÃO VINCULADOS DE IMPOSTOS;74.975,00
PREFEITURA MUNICIPAL DE BARBACENA;16.001;SEMOP;2.117;MANUTENÇAO, CONSTRUÇAO E CONSERVAÇAO DE CEMITERIOS;17;INFRAESTRUTURA URBANA E RURAL;15;Urbanismo;452;Serviços Urbanos;429;3.3.90.46.00.00.00.00;AUXÍLIO-ALIMENTAÇÃO;1.753.000.0000;RECURSOS PROVENIENTES DE TAXAS, CONTRIBUIÇÕES E PREÇOS PÚBLICOS;6.000,00
PREFEITURA MUNICIPAL DE BARBACENA;16.001;SEMOP;1.033;OBRAS DE CONSTRUÇAO, AMPLIAÇAO, READEQUAÇAO E MELHORIA DO SISTEMA DE ESGOTAMENTO SANITARIO;18;MEIO AMBIENTE E SANEAMENTO BASICO;17;Saneamento;512;Saneamento Básico Urbano;1041;3.3.90.93.03.00.00.00;OUTRAS INDENIZAÇÕES E RESTITUIÇÕES;1.700.000.0000;OUTRAS TRANSFERÊNCIAS DE CONVÊNIOS OU INSTRUMENTOS CONGÊNERES DA UNIÃO;26.466,86
PREFEITURA MUNICIPAL DE BARBACENA;16.001;SEMOP;1.033;OBRAS DE CONSTRUÇAO, AMPLIAÇAO, READEQUAÇAO E MELHORIA DO SISTEMA DE ESGOTAMENTO SANITARIO;18;MEIO AMBIENTE E SANEAMENTO BASICO;17;Saneamento;512;Saneamento Básico Urbano;1041;3.3.90.93.03.00.00.00;OUTRAS INDENIZAÇÕES E RESTITUIÇÕES;2.700.000.0000;OUTRAS TRANSFERÊNCIAS DE CONVÊNIOS OU INSTRUMENTOS CONGÊNERES DA UNIÃO;774.614,80
PREFEITURA MUNICIPAL DE BARBACENA;16.001;SEMOP;2.161;MANUTENÇAO DAS ATIVIDADES DE LIMPEZA URBANA E DESTINAÇAO FINAL DE RESIDUOS;18;MEIO AMBIENTE E SANEAMENTO BASICO;17;Saneamento;512;Saneamento Básico Urbano;441;3.3.90.30.28.00.00.00;MATERIAL DE PROTEÇÃO E SEGURANÇA;1.500.000.0000;RECURSOS NÃO VINCULADOS DE IMPOSTOS;0,00
PREFEITURA MUNICIPAL DE BARBACENA;16.001;SEMOP;2.161;MANUTENÇAO DAS ATIVIDADES DE LIMPEZA URBANA E DESTINAÇAO FINAL DE RESIDUOS;18;MEIO AMBIENTE E SANEAMENTO BASICO;17;Saneamento;512;Saneamento Básico Urbano;441;3.3.90.30.99.00.00.00;OUTROS MATERIAIS DE CONSUMO;1.753.000.0000;RECURSOS PROVENIENTES DE TAXAS, CONTRIBUIÇÕES E PREÇOS PÚBLICOS;172.285,36
PREFEITURA MUNICIPAL DE BARBACENA;16.001;SEMOP;2.161;MANUTENÇAO DAS ATIVIDADES DE LIMPEZA URBANA E DESTINAÇAO FINAL DE RESIDUOS;18;MEIO AMBIENTE E SANEAMENTO BASICO;17;Saneamento;512;Saneamento Básico Urbano;441;3.3.90.30.23.00.00.00;UNIFORMES, TECIDOS E AVIAMENTOS;1.753.000.0000;RECURSOS PROVENIENTES DE TAXAS, CONTRIBUIÇÕES E PREÇOS PÚBLICOS;34.678,46
PREFEITURA MUNICIPAL DE BARBACENA;16.001;SEMOP;2.161;MANUTENÇAO DAS ATIVIDADES DE LIMPEZA URBANA E DESTINAÇAO FINAL DE RESIDUOS;18;MEIO AMBIENTE E SANEAMENTO BASICO;17;Saneamento;512;Saneamento Básico Urbano;441;3.3.90.30.28.00.00.00;MATERIAL DE PROTEÇÃO E SEGURANÇA;1.753.000.0000;RECURSOS PROVENIENTES DE TAXAS, CONTRIBUIÇÕES E PREÇOS PÚBLICOS;77.027,94
PREFEITURA MUNICIPAL DE BARBACENA;16.001;SEMOP;2.161;MANUTENÇAO DAS ATIVIDADES DE LIMPEZA URBANA E DESTINAÇAO FINAL DE RESIDUOS;18;MEIO AMBIENTE E SANEAMENTO BASICO;17;Saneamento;512;Saneamento Básico Urbano;443;3.3.90.39.99.00.00.00;OUTROS SERVIÇOS DE TERCEIROS - PESSOA JURÍDICA;1.500.000.0000;RECURSOS NÃO VINCULADOS DE IMPOSTOS;428.243,22
PREFEITURA MUNICIPAL DE BARBACENA;16.001;SEMOP;2.161;MANUTENÇAO DAS ATIVIDADES DE LIMPEZA URBANA E DESTINAÇAO FINAL DE RESIDUOS;18;MEIO AMBIENTE E SANEAMENTO BASICO;17;Saneamento;512;Saneamento Básico Urbano;443;3.3.90.39.61.00.00.00;LIMPEZA E CONSERVAÇÃO;1.720.000.0000;TRANSFERÊNCIA DA UNIÃO REFERENTES ÀS PARTICIPAÇÕES NA EXPLORAÇÃO DE PETRÓLEO E GÁS NATURAL DESTINADAS AO FEP - LEI 9.478/1997;8.748.087,34
PREFEITURA MUNICIPAL DE BARBACENA;16.001;SEMOP;2.161;MANUTENÇAO DAS ATIVIDADES DE LIMPEZA URBANA E DESTINAÇAO FINAL DE RESIDUOS;18;MEIO AMBIENTE E SANEAMENTO BASICO;17;Saneamento;512;Saneamento Básico Urbano;443;3.3.90.39.73.00.00.00;LOCAÇÃO DE VEÍCULOS PARA TRANSPORTE DE CARGAS;1.720.000.0000;TRANSFERÊNCIA DA UNIÃO REFERENTES ÀS PARTICIPAÇÕES NA EXPLORAÇÃO DE PETRÓLEO E GÁS NATURAL DESTINADAS AO FEP - LEI 9.478/1997;375.200,00
PREFEITURA MUNICIPAL DE BARBACENA;16.001;SEMOP;2.161;MANUTENÇAO DAS ATIVIDADES DE LIMPEZA URBANA E DESTINAÇAO FINAL DE RESIDUOS;18;MEIO AMBIENTE E SANEAMENTO BASICO;17;Saneamento;512;Saneamento Básico Urbano;443;3.3.90.39.53.00.00.00;SEGUROS EM GERAL;1.720.000.0000;TRANSFERÊNCIA DA UNIÃO REFERENTES ÀS PARTICIPAÇÕES NA EXPLORAÇÃO DE PETRÓLEO E GÁS NATURAL DESTINADAS AO FEP - LEI 9.478/1997;16.500,00
PREFEITURA MUNICIPAL DE BARBACENA;16.001;SEMOP;2.161;MANUTENÇAO DAS ATIVIDADES DE LIMPEZA URBANA E DESTINAÇAO FINAL DE RESIDUOS;18;MEIO AMBIENTE E SANEAMENTO BASICO;17;Saneamento;512;Saneamento Básico Urbano;443;3.3.90.39.61.00.00.00;LIMPEZA E CONSERVAÇÃO;1.753.000.0000;RECURSOS PROVENIENTES DE TAXAS, CONTRIBUIÇÕES E PREÇOS PÚBLICOS;0,00
PREFEITURA MUNICIPAL DE BARBACENA;16.001;SEMOP;2.161;MANUTENÇAO DAS ATIVIDADES DE LIMPEZA URBANA E DESTINAÇAO FINAL DE RESIDUOS;18;MEIO AMBIENTE E SANEAMENTO BASICO;17;Saneamento;512;Saneamento Básico Urbano;443;3.3.90.39.99.00.00.00;OUTROS SERVIÇOS DE TERCEIROS - PESSOA JURÍDICA;1.753.000.0000;RECURSOS PROVENIENTES DE TAXAS, CONTRIBUIÇÕES E PREÇOS PÚBLICOS;254.426,00
PREFEITURA MUNICIPAL DE BARBACENA;16.001;SEMOP;2.161;MANUTENÇAO DAS ATIVIDADES DE LIMPEZA URBANA E DESTINAÇAO FINAL DE RESIDUOS;18;MEIO AMBIENTE E SANEAMENTO BASICO;17;Saneamento;512;Saneamento Básico Urbano;443;3.3.90.39.61.00.00.00;LIMPEZA E CONSERVAÇÃO;2.720.000.0000;TRANSFERÊNCIA DA UNIÃO REFERENTES ÀS PARTICIPAÇÕES NA EXPLORAÇÃO DE PETRÓLEO E GÁS NATURAL DESTINADAS AO FEP - LEI 9.478/1997;2.045.647,00
PREFEITURA MUNICIPAL DE BARBACENA;16.001;SEMOP;2.161;MANUTENÇAO DAS ATIVIDADES DE LIMPEZA URBANA E DESTINAÇAO FINAL DE RESIDUOS;18;MEIO AMBIENTE E SANEAMENTO BASICO;17;Saneamento;512;Saneamento Básico Urbano;444;3.3.90.41.00.00.00.00;CONTRIBUIÇÕES;1.753.000.0000;RECURSOS PROVENIENTES DE TAXAS, CONTRIBUIÇÕES E PREÇOS PÚBLICOS;90.000,00
PREFEITURA MUNICIPAL DE BARBACENA;16.001;SEMOP;2.161;MANUTENÇAO DAS ATIVIDADES DE LIMPEZA URBANA E DESTINAÇAO FINAL DE RESIDUOS;18;MEIO AMBIENTE E SANEAMENTO BASICO;17;Saneamento;512;Saneamento Básico Urbano;1052;3.3.90.93.03.00.00.00;OUTRAS INDENIZAÇÕES E RESTITUIÇÕES;1.500.000.0000;RECURSOS NÃO VINCULADOS DE IMPOSTOS;92.000,00
PREFEITURA MUNICIPAL DE BARBACENA;16.001;SEMOP;2.104;MANUTENÇAO DA REDE DE ILUMINAÇAO PUBLICA;20;ILUMINAÇAO PUBLICA;25;Energia;752;Energia Elétrica;448;3.3.67.83.00.00.00.00;DESPESAS DECORRENTES DE CONTRATO DE PARCERIA PÚB.;1.751.000.0000;RECURSOS DA CONTRIBUIÇÃO PARA O CUSTEIO DO SERVIÇO DE ILUMINAÇÃO PÚBLICA - COSIP;6.697.838,10
PREFEITURA MUNICIPAL DE BARBACENA;16.001;SEMOP;2.104;MANUTENÇAO DA REDE DE ILUMINAÇAO PUBLICA;20;ILUMINAÇAO PUBLICA;25;Energia;752;Energia Elétrica;449;3.3.90.39.29.00.00.00;SERVIÇOS DE ENERGIA ELÉTRICA;1.751.000.0000;RECURSOS DA CONTRIBUIÇÃO PARA O CUSTEIO DO SERVIÇO DE ILUMINAÇÃO PÚBLICA - COSIP;7.008.750,06
PREFEITURA MUNICIPAL DE BARBACENA;16.001;SEMOP;2.104;MANUTENÇAO DA REDE DE ILUMINAÇAO PUBLICA;20;ILUMINAÇAO PUBLICA;25;Energia;752;Energia Elétrica;982;3.3.90.47.00.00.00.00;OBRIGAÇÕES TRIBUTÁRIAS E CONTRIBUTIVAS;1.751.000.0000;RECURSOS DA CONTRIBUIÇÃO PARA O CUSTEIO DO SERVIÇO DE ILUMINAÇÃO PÚBLICA - COSIP;1.182,80
PREFEITURA MUNICIPAL DE BARBACENA;16.001;SEMOP;1.027;CONSTRUÇAO, AMPLIAÇAO, RECUPERAÇÃO E MELHORIA DE VIAS PUBLICAS;27;MOBILIDADE URBANA;15;Urbanismo;451;Infra-Estrutura Urbana;404;3.3.90.39.99.00.00.00;OUTROS SERVIÇOS DE TERCEIROS - PESSOA JURÍDICA;1.500.000.0000;RECURSOS NÃO VINCULADOS DE IMPOSTOS;7.700,00
PREFEITURA MUNICIPAL DE BARBACENA;16.001;SEMOP;1.027;CONSTRUÇAO, AMPLIAÇAO, RECUPERAÇÃO E MELHORIA DE VIAS PUBLICAS;27;MOBILIDADE URBANA;15;Urbanismo;451;Infra-Estrutura Urbana;406;4.4.90.51.01.00.00.00;OBRAS E INSTALAÇÕES DE DOMÍNIO PÚBLICO;1.500.000.0000;RECURSOS NÃO VINCULADOS DE IMPOSTOS;1.310.744,46
PREFEITURA MUNICIPAL DE BARBACENA;16.001;SEMOP;1.027;CONSTRUÇAO, AMPLIAÇAO, RECUPERAÇÃO E MELHORIA DE VIAS PUBLICAS;27;MOBILIDADE URBANA;15;Urbanismo;451;Infra-Estrutura Urbana;406;4.4.90.51.01.00.00.00;OBRAS E INSTALAÇÕES DE DOMÍNIO PÚBLICO;1.700.000.0000;OUTRAS TRANSFERÊNCIAS DE CONVÊNIOS OU INSTRUMENTOS CONGÊNERES DA UNIÃO;511.566,22
PREFEITURA MUNICIPAL DE BARBACENA;16.001;SEMOP;1.027;CONSTRUÇAO, AMPLIAÇAO, RECUPERAÇÃO E MELHORIA DE VIAS PUBLICAS;27;MOBILIDADE URBANA;15;Urbanismo;451;Infra-Estrutura Urbana;406;4.4.90.51.01.00.00.00;OBRAS E INSTALAÇÕES DE DOMÍNIO PÚBLICO;1.706.000.3110;TRANSFERÊNCIA ESPECIAL DA UNIÃO - TRANSFERÊNCIAS DA UNIÃO DECORRENTES DE EMENDAS PARLAMENTARES INDIVIDUAIS;2.849.414,58
PREFEITURA MUNICIPAL DE BARBACENA;16.001;SEMOP;1.027;CONSTRUÇAO, AMPLIAÇAO, RECUPERAÇÃO E MELHORIA DE VIAS PUBLICAS;27;MOBILIDADE URBANA;15;Urbanismo;451;Infra-Estrutura Urbana;406;4.4.90.51.01.00.00.00;OBRAS E INSTALAÇÕES DE DOMÍNIO PÚBLICO;1.710.010.0000;TRANSFERÊNCIA ESPECIAL DOS ESTADOS (TRANSF. ESP. ESTADO - ACORDO JUDICIAL REPARAÇÃO IMPACTOS SOCIOECONÔMICOS E AMBIENTAIS-BARRAGEM BRUMADINHO);138.799,33
PREFEITURA MUNICIPAL DE BARBACENA;16.001;SEMOP;1.027;CONSTRUÇAO, AMPLIAÇAO, RECUPERAÇÃO E MELHORIA DE VIAS PUBLICAS;27;MOBILIDADE URBANA;15;Urbanismo;451;Infra-Estrutura Urbana;406;4.4.90.51.01.00.00.00;OBRAS E INSTALAÇÕES DE DOMÍNIO PÚBLICO;1.753.000.0000;RECURSOS PROVENIENTES DE TAXAS, CONTRIBUIÇÕES E PREÇOS PÚBLICOS;2.825.565,57
PREFEITURA MUNICIPAL DE BARBACENA;16.001;SEMOP;1.027;CONSTRUÇAO, AMPLIAÇAO, RECUPERAÇÃO E MELHORIA DE VIAS PUBLICAS;27;MOBILIDADE URBANA;15;Urbanismo;451;Infra-Estrutura Urbana;406;4.4.90.51.01.00.00.00;OBRAS E INSTALAÇÕES DE DOMÍNIO PÚBLICO;2.500.000.0000;RECURSOS NÃO VINCULADOS DE IMPOSTOS;5.651.436,42
PREFEITURA MUNICIPAL DE BARBACENA;16.001;SEMOP;1.027;CONSTRUÇAO, AMPLIAÇAO, RECUPERAÇÃO E MELHORIA DE VIAS PUBLICAS;27;MOBILIDADE URBANA;15;Urbanismo;451;Infra-Estrutura Urbana;406;4.4.90.51.01.00.00.00;OBRAS E INSTALAÇÕES DE DOMÍNIO PÚBLICO;2.501.000.0000;OUTROS RECURSOS NÃO VINCULADOS;1.285.106,35
PREFEITURA MUNICIPAL DE BARBACENA;16.001;SEMOP;1.027;CONSTRUÇAO, AMPLIAÇAO, RECUPERAÇÃO E MELHORIA DE VIAS PUBLICAS;27;MOBILIDADE URBANA;15;Urbanismo;451;Infra-Estrutura Urbana;406;4.4.90.51.01.00.00.00;OBRAS E INSTALAÇÕES DE DOMÍNIO PÚBLICO;2.706.000.3110;TRANSFERÊNCIA ESPECIAL DA UNIÃO - TRANSFERÊNCIAS DA UNIÃO DECORRENTES DE EMENDAS PARLAMENTARES INDIVIDUAIS;350.000,00
PREFEITURA MUNICIPAL DE BARBACENA;16.001;SEMOP;1.027;CONSTRUÇAO, AMPLIAÇAO, RECUPERAÇÃO E MELHORIA DE VIAS PUBLICAS;27;MOBILIDADE URBANA;15;Urbanismo;451;Infra-Estrutura Urbana;406;4.4.90.51.01.00.00.00;OBRAS E INSTALAÇÕES DE DOMÍNIO PÚBLICO;2.710.000.3210;IDENTIFICAÇÃO DAS TRANSFERÊNCIAS DOS ESTADOS DECORRENTES DE EMENDAS PARLAMENTARES INDIVIDUAIS;90.965,38
PREFEITURA MUNICIPAL DE BARBACENA;16.001;SEMOP;1.027;CONSTRUÇAO, AMPLIAÇAO, RECUPERAÇÃO E MELHORIA DE VIAS PUBLICAS;27;MOBILIDADE URBANA;15;Urbanismo;451;Infra-Estrutura Urbana;406;4.4.90.51.01.00.00.00;OBRAS E INSTALAÇÕES DE DOMÍNIO PÚBLICO;2.710.010.0000;TRANSFERÊNCIA ESPECIAL DOS ESTADOS (TRANSF. ESP. ESTADO - ACORDO JUDICIAL REPARAÇÃO IMPACTOS SOCIOECONÔMICOS E AMBIENTAIS-BARRAGEM BRUMADINHO);5.492.385,47
PREFEITURA MUNICIPAL DE BARBACENA;16.001;SEMOP;1.027;CONSTRUÇAO, AMPLIAÇAO, RECUPERAÇÃO E MELHORIA DE VIAS PUBLICAS;27;MOBILIDADE URBANA;15;Urbanismo;451;Infra-Estrutura Urbana;406;4.4.90.51.01.00.00.00;OBRAS E INSTALAÇÕES DE DOMÍNIO PÚBLICO;2.720.000.0000;TRANSFERÊNCIA DA UNIÃO REFERENTES ÀS PARTICIPAÇÕES NA EXPLORAÇÃO DE PETRÓLEO E GÁS NATURAL DESTINADAS AO FEP - LEI 9.478/1997;2.620.003,38
PREFEITURA MUNICIPAL DE BARBACENA;16.001;SEMOP;1.027;CONSTRUÇAO, AMPLIAÇAO, RECUPERAÇÃO E MELHORIA DE VIAS PUBLICAS;27;MOBILIDADE URBANA;15;Urbanismo;451;Infra-Estrutura Urbana;406;4.4.90.51.01.00.00.00;OBRAS E INSTALAÇÕES DE DOMÍNIO PÚBLICO;2.750.000.0000;RECURSOS DA CONTRIBUIÇÃO DE INTERVENÇÃO NO DOMÍNIO ECONÔMICO - CIDE;432.001,62
PREFEITURA MUNICIPAL DE BARBACENA;16.001;SEMOP;1.027;CONSTRUÇAO, AMPLIAÇAO, RECUPERAÇÃO E MELHORIA DE VIAS PUBLICAS;27;MOBILIDADE URBANA;15;Urbanismo;451;Infra-Estrutura Urbana;406;4.4.90.51.01.00.00.00;OBRAS E INSTALAÇÕES DE DOMÍNIO PÚBLICO;2.753.000.0000;RECURSOS PROVENIENTES DE TAXAS, CONTRIBUIÇÕES E PREÇOS PÚBLICOS;285.270,00
PREFEITURA MUNICIPAL DE BARBACENA;16.001;SEMOP;1.027;CONSTRUÇAO, AMPLIAÇAO, RECUPERAÇÃO E MELHORIA DE VIAS PUBLICAS;27;MOBILIDADE URBANA;15;Urbanismo;451;Infra-Estrutura Urbana;1047;3.3.90.93.03.00.00.00;OUTRAS INDENIZAÇÕES E RESTITUIÇÕES;1.700.000.0000;OUTRAS TRANSFERÊNCIAS DE CONVÊNIOS OU INSTRUMENTOS CONGÊNERES DA UNIÃO;9.332,09
PREFEITURA MUNICIPAL DE BARBACENA;16.001;SEMOP;1.027;CONSTRUÇAO, AMPLIAÇAO, RECUPERAÇÃO E MELHORIA DE VIAS PUBLICAS;27;MOBILIDADE URBANA;15;Urbanismo;451;Infra-Estrutura Urbana;1047;3.3.90.93.03.00.00.00;OUTRAS INDENIZAÇÕES E RESTITUIÇÕES;2.700.000.0000;OUTRAS TRANSFERÊNCIAS DE CONVÊNIOS OU INSTRUMENTOS CONGÊNERES DA UNIÃO;275.657,47
PREFEITURA MUNICIPAL DE BARBACENA;17.001;SEPLAN;2.301;MANUTENÇAO DA SEPLAN;11;APOIO A ADMINISTRAÇAO PUBLICA;4;Administração;122;Administração Geral;451;3.3.90.14.05.00.00.00;DIÁRIAS DE DEMAIS SERVIDORES;1.500.000.0000;RECURSOS NÃO VINCULADOS DE IMPOSTOS;16.100,00
PREFEITURA MUNICIPAL DE BARBACENA;17.001;SEPLAN;2.301;MANUTENÇAO DA SEPLAN;11;APOIO A ADMINISTRAÇAO PUBLICA;4;Administração;122;Administração Geral;451;3.3.90.14.04.00.00.00;DIÁRIAS DE SECRETÁRIOS;1.500.000.0000;RECURSOS NÃO VINCULADOS DE IMPOSTOS;5.100,00
PREFEITURA MUNICIPAL DE BARBACENA;17.001;SEPLAN;2.301;MANUTENÇAO DA SEPLAN;11;APOIO A ADMINISTRAÇAO PUBLICA;4;Administração;122;Administração Geral;452;3.3.90.30.99.00.00.00;OUTROS MATERIAIS DE CONSUMO;1.500.000.0000;RECURSOS NÃO VINCULADOS DE IMPOSTOS;100.898,83
PREFEITURA MUNICIPAL DE BARBACENA;17.001;SEPLAN;2.301;MANUTENÇAO DA SEPLAN;11;APOIO A ADMINISTRAÇAO PUBLICA;4;Administração;122;Administração Geral;452;3.3.90.30.40.00.00.00;FERRAMENTAS;1.500.000.0000;RECURSOS NÃO VINCULADOS DE IMPOSTOS;13.300,78
PREFEITURA MUNICIPAL DE BARBACENA;17.001;SEPLAN;2.301;MANUTENÇAO DA SEPLAN;11;APOIO A ADMINISTRAÇAO PUBLICA;4;Administração;122;Administração Geral;452;3.3.90.30.26.00.00.00;MATERIAL ELÉTRICO E ELETRÔNICO;1.500.000.0000;RECURSOS NÃO VINCULADOS DE IMPOSTOS;46.120,62
PREFEITURA MUNICIPAL DE BARBACENA;17.001;SEPLAN;2.301;MANUTENÇAO DA SEPLAN;11;APOIO A ADMINISTRAÇAO PUBLICA;4;Administração;122;Administração Geral;452;3.3.90.30.24.00.00.00;MATERIAL PARA MANUTENÇÃO DE BENS IMÓVEIS;1.500.000.0000;RECURSOS NÃO VINCULADOS DE IMPOSTOS;32.679,58
PREFEITURA MUNICIPAL DE BARBACENA;17.001;SEPLAN;2.301;MANUTENÇAO DA SEPLAN;11;APOIO A ADMINISTRAÇAO PUBLICA;4;Administração;122;Administração Geral;452;3.3.90.30.28.00.00.00;MATERIAL DE PROTEÇÃO E SEGURANÇA;1.500.000.0000;RECURSOS NÃO VINCULADOS DE IMPOSTOS;42.607,82
PREFEITURA MUNICIPAL DE BARBACENA;17.001;SEPLAN;2.301;MANUTENÇAO DA SEPLAN;11;APOIO A ADMINISTRAÇAO PUBLICA;4;Administração;122;Administração Geral;452;3.3.90.30.22.00.00.00;MATERIAL DE LIMPEZA E PRODUÇÃO DE HIGIENIZAÇÃO;1.500.000.0000;RECURSOS NÃO VINCULADOS DE IMPOSTOS;112.172,25
PREFEITURA MUNICIPAL DE BARBACENA;17.001;SEPLAN;2.301;MANUTENÇAO DA SEPLAN;11;APOIO A ADMINISTRAÇAO PUBLICA;4;Administração;122;Administração Geral;452;3.3.90.30.16.00.00.00;MATERIAL DE EXPEDIENTE;1.500.000.0000;RECURSOS NÃO VINCULADOS DE IMPOSTOS;49.875,00
PREFEITURA MUNICIPAL DE BARBACENA;17.001;SEPLAN;2.301;MANUTENÇAO DA SEPLAN;11;APOIO A ADMINISTRAÇAO PUBLICA;4;Administração;122;Administração Geral;452;3.3.90.30.23.00.00.00;UNIFORMES, TECIDOS E AVIAMENTOS;1.500.000.0000;RECURSOS NÃO VINCULADOS DE IMPOSTOS;3.113,74
PREFEITURA MUNICIPAL DE BARBACENA;17.001;SEPLAN;2.301;MANUTENÇAO DA SEPLAN;11;APOIO A ADMINISTRAÇAO PUBLICA;4;Administração;122;Administração Geral;452;3.3.90.30.25.00.00.00;MATERIAL PARA MANUTENÇÃO DE BENS MÓVEIS;1.500.000.0000;RECURSOS NÃO VINCULADOS DE IMPOSTOS;760,00
PREFEITURA MUNICIPAL DE BARBACENA;17.001;SEPLAN;2.301;MANUTENÇAO DA SEPLAN;11;APOIO A ADMINISTRAÇAO PUBLICA;4;Administração;122;Administração Geral;452;3.3.90.30.42.00.00.00;MATERIAL DE SINALIZAÇÃO VISUAL E AFINS;1.501.000.0000;OUTROS RECURSOS NÃO VINCULADOS;77.850,00
PREFEITURA MUNICIPAL DE BARBACENA;17.001;SEPLAN;2.301;MANUTENÇAO DA SEPLAN;11;APOIO A ADMINISTRAÇAO PUBLICA;4;Administração;122;Administração Geral;452;3.3.90.30.99.00.00.00;OUTROS MATERIAIS DE CONSUMO;1.501.000.0000;OUTROS RECURSOS NÃO VINCULADOS;13.195,38
PREFEITURA MUNICIPAL DE BARBACENA;17.001;SEPLAN;2.301;MANUTENÇAO DA SEPLAN;11;APOIO A ADMINISTRAÇAO PUBLICA;4;Administração;122;Administração Geral;452;3.3.90.30.22.00.00.00;MATERIAL DE LIMPEZA E PRODUÇÃO DE HIGIENIZAÇÃO;1.501.000.0000;OUTROS RECURSOS NÃO VINCULADOS;187.532,15
PREFEITURA MUNICIPAL DE BARBACENA;17.001;SEPLAN;2.301;MANUTENÇAO DA SEPLAN;11;APOIO A ADMINISTRAÇAO PUBLICA;4;Administração;122;Administração Geral;452;3.3.90.30.24.00.00.00;MATERIAL PARA MANUTENÇÃO DE BENS IMÓVEIS;1.501.000.0000;OUTROS RECURSOS NÃO VINCULADOS;17.670,00
PREFEITURA MUNICIPAL DE BARBACENA;17.001;SEPLAN;2.301;MANUTENÇAO DA SEPLAN;11;APOIO A ADMINISTRAÇAO PUBLICA;4;Administração;122;Administração Geral;453;3.3.90.33.99.00.00.00;OUTRAS DESPESAS COM LOCOMOÇÃO;1.500.000.0000;RECURSOS NÃO VINCULADOS DE IMPOSTOS;970,00
PREFEITURA MUNICIPAL DE BARBACENA;17.001;SEPLAN;2.301;MANUTENÇAO DA SEPLAN;11;APOIO A ADMINISTRAÇAO PUBLICA;4;Administração;122;Administração Geral;453;3.3.90.33.01.00.00.00;LOCAÇÃO DE VEÍCULOS PARA LOCOMOÇÃO DE PESSOAS;1.500.000.0000;RECURSOS NÃO VINCULADOS DE IMPOSTOS;870,00
PREFEITURA MUNICIPAL DE BARBACENA;17.001;SEPLAN;2.301;MANUTENÇAO DA SEPLAN;11;APOIO A ADMINISTRAÇAO PUBLICA;4;Administração;122;Administração Geral;454;3.3.90.36.14.00.00.00;LOCAÇÃO DE IMÓVEIS;1.500.000.0000;RECURSOS NÃO VINCULADOS DE IMPOSTOS;107.706,00
PREFEITURA MUNICIPAL DE BARBACENA;17.001;SEPLAN;2.301;MANUTENÇAO DA SEPLAN;11;APOIO A ADMINISTRAÇAO PUBLICA;4;Administração;122;Administração Geral;455;3.3.90.39.99.00.00.00;OUTROS SERVIÇOS DE TERCEIROS - PESSOA JURÍDICA;1.500.000.0000;RECURSOS NÃO VINCULADOS DE IMPOSTOS;812.149,90
PREFEITURA MUNICIPAL DE BARBACENA;17.001;SEPLAN;2.301;MANUTENÇAO DA SEPLAN;11;APOIO A ADMINISTRAÇAO PUBLICA;4;Administração;122;Administração Geral;455;3.3.90.39.43.00.00.00;SERVIÇOS DE TELECOMUNICAÇÕES;1.500.000.0000;RECURSOS NÃO VINCULADOS DE IMPOSTOS;49.374,02
PREFEITURA MUNICIPAL DE BARBACENA;17.001;SEPLAN;2.301;MANUTENÇAO DA SEPLAN;11;APOIO A ADMINISTRAÇAO PUBLICA;4;Administração;122;Administração Geral;455;3.3.90.39.05.00.00.00;SERVIÇOS TÉCNICOS PROFISSIONAIS;1.500.000.0000;RECURSOS NÃO VINCULADOS DE IMPOSTOS;71.257,53
PREFEITURA MUNICIPAL DE BARBACENA;17.001;SEPLAN;2.301;MANUTENÇAO DA SEPLAN;11;APOIO A ADMINISTRAÇAO PUBLICA;4;Administração;122;Administração Geral;455;3.3.90.39.30.00.00.00;SERVIÇOS DE ÁGUA E ESGOTO;1.500.000.0000;RECURSOS NÃO VINCULADOS DE IMPOSTOS;1.400,00
PREFEITURA MUNICIPAL DE BARBACENA;17.001;SEPLAN;2.301;MANUTENÇAO DA SEPLAN;11;APOIO A ADMINISTRAÇAO PUBLICA;4;Administração;122;Administração Geral;455;3.3.90.39.12.00.00.00;LOCAÇÃO DE MÁQUINAS E EQUIPAMENTOS;1.500.000.0000;RECURSOS NÃO VINCULADOS DE IMPOSTOS;36.963,84
PREFEITURA MUNICIPAL DE BARBACENA;17.001;SEPLAN;2.301;MANUTENÇAO DA SEPLAN;11;APOIO A ADMINISTRAÇAO PUBLICA;4;Administração;122;Administração Geral;455;3.3.90.39.33.00.00.00;SERVIÇOS DE COMUNICAÇÃO EM GERAL;1.500.000.0000;RECURSOS NÃO VINCULADOS DE IMPOSTOS;318.000,00
PREFEITURA MUNICIPAL DE BARBACENA;17.001;SEPLAN;2.301;MANUTENÇAO DA SEPLAN;11;APOIO A ADMINISTRAÇAO PUBLICA;4;Administração;122;Administração Geral;455;3.3.90.39.10.00.00.00;LOCAÇÃO DE IMÓVEIS;1.500.000.0000;RECURSOS NÃO VINCULADOS DE IMPOSTOS;162.109,35
PREFEITURA MUNICIPAL DE BARBACENA;17.001;SEPLAN;2.301;MANUTENÇAO DA SEPLAN;11;APOIO A ADMINISTRAÇAO PUBLICA;4;Administração;122;Administração Geral;455;3.3.90.39.48.00.00.00;SERVIÇOS GRÁFICOS;1.500.000.0000;RECURSOS NÃO VINCULADOS DE IMPOSTOS;6.720,00
PREFEITURA MUNICIPAL DE BARBACENA;17.001;SEPLAN;2.301;MANUTENÇAO DA SEPLAN;11;APOIO A ADMINISTRAÇAO PUBLICA;4;Administração;122;Administração Geral;455;3.3.90.39.70.00.00.00;AQUISIÇÃO DE SOFTWARES DE APLICAÇÃO;1.500.000.0000;RECURSOS NÃO VINCULADOS DE IMPOSTOS;4.689,75
PREFEITURA MUNICIPAL DE BARBACENA;17.001;SEPLAN;2.301;MANUTENÇAO DA SEPLAN;11;APOIO A ADMINISTRAÇAO PUBLICA;4;Administração;122;Administração Geral;455;3.3.90.39.53.00.00.00;SEGUROS EM GERAL;1.500.000.0000;RECURSOS NÃO VINCULADOS DE IMPOSTOS;9.920,58
PREFEITURA MUNICIPAL DE BARBACENA;17.001;SEPLAN;2.301;MANUTENÇAO DA SEPLAN;11;APOIO A ADMINISTRAÇAO PUBLICA;4;Administração;122;Administração Geral;455;3.3.90.39.21.00.00.00;MULTAS DEDUTÍVEIS;1.500.000.0000;RECURSOS NÃO VINCULADOS DE IMPOSTOS;357,41
PREFEITURA MUNICIPAL DE BARBACENA;17.001;SEPLAN;2.301;MANUTENÇAO DA SEPLAN;11;APOIO A ADMINISTRAÇAO PUBLICA;4;Administração;122;Administração Geral;455;3.3.90.39.65.00.00.00;SERVIÇOS DE CÓPIAS E REPRODUÇÃO DE DOCUMENTOS;1.501.000.0000;OUTROS RECURSOS NÃO VINCULADOS;134.658,00
PREFEITURA MUNICIPAL DE BARBACENA;17.001;SEPLAN;2.301;MANUTENÇAO DA SEPLAN;11;APOIO A ADMINISTRAÇAO PUBLICA;4;Administração;122;Administração Geral;455;3.3.90.39.43.00.00.00;SERVIÇOS DE TELECOMUNICAÇÕES;1.501.000.0000;OUTROS RECURSOS NÃO VINCULADOS;105.233,26
PREFEITURA MUNICIPAL DE BARBACENA;17.001;SEPLAN;2.301;MANUTENÇAO DA SEPLAN;11;APOIO A ADMINISTRAÇAO PUBLICA;4;Administração;122;Administração Geral;455;3.3.90.39.99.00.00.00;OUTROS SERVIÇOS DE TERCEIROS - PESSOA JURÍDICA;1.501.000.0000;OUTROS RECURSOS NÃO VINCULADOS;131.198,60
PREFEITURA MUNICIPAL DE BARBACENA;17.001;SEPLAN;2.301;MANUTENÇAO DA SEPLAN;11;APOIO A ADMINISTRAÇAO PUBLICA;4;Administração;122;Administração Geral;455;3.3.90.39.70.00.00.00;AQUISIÇÃO DE SOFTWARES DE APLICAÇÃO;1.501.000.0000;OUTROS RECURSOS NÃO VINCULADOS;34.403,48
PREFEITURA MUNICIPAL DE BARBACENA;17.001;SEPLAN;2.301;MANUTENÇAO DA SEPLAN;11;APOIO A ADMINISTRAÇAO PUBLICA;4;Administração;122;Administração Geral;455;3.3.90.39.10.00.00.00;LOCAÇÃO DE IMÓVEIS;1.501.000.0000;OUTROS RECURSOS NÃO VINCULADOS;115.792,40
PREFEITURA MUNICIPAL DE BARBACENA;17.001;SEPLAN;2.301;MANUTENÇAO DA SEPLAN;11;APOIO A ADMINISTRAÇAO PUBLICA;4;Administração;122;Administração Geral;459;3.3.90.92.00.00.00.00;DESPESAS DE EXERCÍCIOS ANTERIORES;1.500.000.0000;RECURSOS NÃO VINCULADOS DE IMPOSTOS;5.590,10
PREFEITURA MUNICIPAL DE BARBACENA;17.001;SEPLAN;2.301;MANUTENÇAO DA SEPLAN;11;APOIO A ADMINISTRAÇAO PUBLICA;4;Administração;122;Administração Geral;460;3.3.90.93.03.00.00.00;OUTRAS INDENIZAÇÕES E RESTITUIÇÕES;1.500.000.0000;RECURSOS NÃO VINCULADOS DE IMPOSTOS;6.078,30
PREFEITURA MUNICIPAL DE BARBACENA;17.001;SEPLAN;2.301;MANUTENÇAO DA SEPLAN;11;APOIO A ADMINISTRAÇAO PUBLICA;4;Administração;122;Administração Geral;461;4.4.90.52.18.00.00.00;MÁQUINAS, UTENSÍLIOS E EQUIPAMENTOS DIVERSOS;1.500.000.0000;RECURSOS NÃO VINCULADOS DE IMPOSTOS;55.580,80
PREFEITURA MUNICIPAL DE BARBACENA;17.001;SEPLAN;2.301;MANUTENÇAO DA SEPLAN;11;APOIO A ADMINISTRAÇAO PUBLICA;4;Administração;122;Administração Geral;461;4.4.90.52.99.00.00.00;OUTROS MATERIAIS PERMANENTES;1.500.000.0000;RECURSOS NÃO VINCULADOS DE IMPOSTOS;49.756,50
PREFEITURA MUNICIPAL DE BARBACENA;17.001;SEPLAN;2.301;MANUTENÇAO DA SEPLAN;11;APOIO A ADMINISTRAÇAO PUBLICA;4;Administração;122;Administração Geral;461;4.4.90.52.06.00.00.00;APARELHOS E UTENSÍLIOS DOMÉSTICOS;1.500.000.0000;RECURSOS NÃO VINCULADOS DE IMPOSTOS;14.962,00
PREFEITURA MUNICIPAL DE BARBACENA;17.001;SEPLAN;2.301;MANUTENÇAO DA SEPLAN;11;APOIO A ADMINISTRAÇAO PUBLICA;4;Administração;122;Administração Geral;461;4.4.90.52.21.00.00.00;MÁQUINAS, FERRAMENTAS E UTENSÍLIOS DE OFICINA;1.500.000.0000;RECURSOS NÃO VINCULADOS DE IMPOSTOS;9.281,28
PREFEITURA MUNICIPAL DE BARBACENA;17.001;SEPLAN;2.301;MANUTENÇAO DA SEPLAN;11;APOIO A ADMINISTRAÇAO PUBLICA;4;Administração;122;Administração Geral;461;4.4.90.52.12.00.00.00;EQUIPAMENTO DE PROTEÇÃO, SEGURANÇA E SOCORRO;1.500.000.0000;RECURSOS NÃO VINCULADOS DE IMPOSTOS;5.845,00
PREFEITURA MUNICIPAL DE BARBACENA;17.001;SEPLAN;2.301;MANUTENÇAO DA SEPLAN;11;APOIO A ADMINISTRAÇAO PUBLICA;4;Administração;122;Administração Geral;461;4.4.90.52.22.00.00.00;EQUIPAMENTOS E UTENSÍLIOS HIDRÁULICOS E ELÉTRICOS;1.500.000.0000;RECURSOS NÃO VINCULADOS DE IMPOSTOS;1.402,00
PREFEITURA MUNICIPAL DE BARBACENA;17.001;SEPLAN;2.301;MANUTENÇAO DA SEPLAN;11;APOIO A ADMINISTRAÇAO PUBLICA;4;Administração;122;Administração Geral;461;4.4.90.52.24.00.00.00;MOBILIÁRIO EM GERAL;1.500.000.0000;RECURSOS NÃO VINCULADOS DE IMPOSTOS;23.417,50
PREFEITURA MUNICIPAL DE BARBACENA;17.001;SEPLAN;2.301;MANUTENÇAO DA SEPLAN;11;APOIO A ADMINISTRAÇAO PUBLICA;4;Administração;122;Administração Geral;461;4.4.90.52.99.00.00.00;OUTROS MATERIAIS PERMANENTES;1.501.000.0000;OUTROS RECURSOS NÃO VINCULADOS;69.548,26
PREFEITURA MUNICIPAL DE BARBACENA;17.001;SEPLAN;2.301;MANUTENÇAO DA SEPLAN;11;APOIO A ADMINISTRAÇAO PUBLICA;4;Administração;122;Administração Geral;461;4.4.90.52.20.00.00.00;MÁQUINAS, INSTALAÇÕES E UTENSÍLIOS DE ESCRITÓRIO;1.501.000.0000;OUTROS RECURSOS NÃO VINCULADOS;24.061,50
PREFEITURA MUNICIPAL DE BARBACENA;17.001;SEPLAN;2.301;MANUTENÇAO DA SEPLAN;11;APOIO A ADMINISTRAÇAO PUBLICA;4;Administração;122;Administração Geral;461;4.4.90.52.19.00.00.00;EQUIPAMENTOS DE PROCESSAMENTO DE DADOS;1.501.000.0000;OUTROS RECURSOS NÃO VINCULADOS;1.050,00
PREFEITURA MUNICIPAL DE BARBACENA;17.001;SEPLAN;2.301;MANUTENÇAO DA SEPLAN;11;APOIO A ADMINISTRAÇAO PUBLICA;4;Administração;122;Administração Geral;461;4.4.90.52.18.00.00.00;MÁQUINAS, UTENSÍLIOS E EQUIPAMENTOS DIVERSOS;1.501.000.0000;OUTROS RECURSOS NÃO VINCULADOS;60.000,00
PREFEITURA MUNICIPAL DE BARBACENA;17.001;SEPLAN;2.301;MANUTENÇAO DA SEPLAN;11;APOIO A ADMINISTRAÇAO PUBLICA;4;Administração;122;Administração Geral;461;4.4.90.52.06.00.00.00;APARELHOS E UTENSÍLIOS DOMÉSTICOS;1.501.000.0000;OUTROS RECURSOS NÃO VINCULADOS;21.750,00
PREFEITURA MUNICIPAL DE BARBACENA;17.001;SEPLAN;2.302;PESSOAL E ENCARGOS SOCIAIS DA SEPLAN;11;APOIO A ADMINISTRAÇAO PUBLICA;4;Administração;122;Administração Geral;462;3.1.90.04.01.00.00.00;SALÁRIO CONTRATO TEMPORÁRIO;1.500.000.0000;RECURSOS NÃO VINCULADOS DE IMPOSTOS;984.307,28
PREFEITURA MUNICIPAL DE BARBACENA;17.001;SEPLAN;2.302;PESSOAL E ENCARGOS SOCIAIS DA SEPLAN;11;APOIO A ADMINISTRAÇAO PUBLICA;4;Administração;122;Administração Geral;462;3.1.90.04.15.00.00.00;OBRIGAÇÕES PATRONAIS - CONTRATO TEMPORÁRIO;1.500.000.0000;RECURSOS NÃO VINCULADOS DE IMPOSTOS;92.454,14
PREFEITURA MUNICIPAL DE BARBACENA;17.001;SEPLAN;2.302;PESSOAL E ENCARGOS SOCIAIS DA SEPLAN;11;APOIO A ADMINISTRAÇAO PUBLICA;4;Administração;122;Administração Geral;462;3.1.90.04.15.00.00.00;OBRIGAÇÕES PATRONAIS - CONTRATO TEMPORÁRIO;1.753.000.0000;RECURSOS PROVENIENTES DE TAXAS, CONTRIBUIÇÕES E PREÇOS PÚBLICOS;8.300,31
PREFEITURA MUNICIPAL DE BARBACENA;17.001;SEPLAN;2.302;PESSOAL E ENCARGOS SOCIAIS DA SEPLAN;11;APOIO A ADMINISTRAÇAO PUBLICA;4;Administração;122;Administração Geral;462;3.1.90.04.01.00.00.00;SALÁRIO CONTRATO TEMPORÁRIO;1.753.000.0000;RECURSOS PROVENIENTES DE TAXAS, CONTRIBUIÇÕES E PREÇOS PÚBLICOS;93.245,81
PREFEITURA MUNICIPAL DE BARBACENA;17.001;SEPLAN;2.302;PESSOAL E ENCARGOS SOCIAIS DA SEPLAN;11;APOIO A ADMINISTRAÇAO PUBLICA;4;Administração;122;Administração Geral;463;3.1.90.11.09.00.00.00;SUBSÍDIO DE SECRETÁRIO MUNICIPAL;1.500.000.0000;RECURSOS NÃO VINCULADOS DE IMPOSTOS;112.837,20
PREFEITURA MUNICIPAL DE BARBACENA;17.001;SEPLAN;2.302;PESSOAL E ENCARGOS SOCIAIS DA SEPLAN;11;APOIO A ADMINISTRAÇAO PUBLICA;4;Administração;122;Administração Geral;463;3.1.90.11.01.00.00.00;VENCIMENTOS E SALÁRIOS;1.500.000.0000;RECURSOS NÃO VINCULADOS DE IMPOSTOS;3.707.130,31
PREFEITURA MUNICIPAL DE BARBACENA;17.001;SEPLAN;2.302;PESSOAL E ENCARGOS SOCIAIS DA SEPLAN;11;APOIO A ADMINISTRAÇAO PUBLICA;4;Administração;122;Administração Geral;463;3.1.90.11.52.00.00.00;LICENÇA SAÚDE;1.500.000.0000;RECURSOS NÃO VINCULADOS DE IMPOSTOS;58.387,22
PREFEITURA MUNICIPAL DE BARBACENA;17.001;SEPLAN;2.302;PESSOAL E ENCARGOS SOCIAIS DA SEPLAN;11;APOIO A ADMINISTRAÇAO PUBLICA;4;Administração;122;Administração Geral;463;3.1.90.11.50.00.00.00;SALÁRIO MATERNIDADE;1.500.000.0000;RECURSOS NÃO VINCULADOS DE IMPOSTOS;4.060,58
PREFEITURA MUNICIPAL DE BARBACENA;17.001;SEPLAN;2.302;PESSOAL E ENCARGOS SOCIAIS DA SEPLAN;11;APOIO A ADMINISTRAÇAO PUBLICA;4;Administração;122;Administração Geral;463;3.1.90.11.52.00.00.00;LICENÇA SAÚDE;1.753.000.0000;RECURSOS PROVENIENTES DE TAXAS, CONTRIBUIÇÕES E PREÇOS PÚBLICOS;2.152,03
PREFEITURA MUNICIPAL DE BARBACENA;17.001;SEPLAN;2.302;PESSOAL E ENCARGOS SOCIAIS DA SEPLAN;11;APOIO A ADMINISTRAÇAO PUBLICA;4;Administração;122;Administração Geral;463;3.1.90.11.01.00.00.00;VENCIMENTOS E SALÁRIOS;1.753.000.0000;RECURSOS PROVENIENTES DE TAXAS, CONTRIBUIÇÕES E PREÇOS PÚBLICOS;326.164,01
PREFEITURA MUNICIPAL DE BARBACENA;17.001;SEPLAN;2.302;PESSOAL E ENCARGOS SOCIAIS DA SEPLAN;11;APOIO A ADMINISTRAÇAO PUBLICA;4;Administração;122;Administração Geral;463;3.1.90.11.09.00.00.00;SUBSÍDIO DE SECRETÁRIO MUNICIPAL;1.753.000.0000;RECURSOS PROVENIENTES DE TAXAS, CONTRIBUIÇÕES E PREÇOS PÚBLICOS;9.403,10
PREFEITURA MUNICIPAL DE BARBACENA;17.001;SEPLAN;2.302;PESSOAL E ENCARGOS SOCIAIS DA SEPLAN;11;APOIO A ADMINISTRAÇAO PUBLICA;4;Administração;122;Administração Geral;464;3.1.90.13.03.00.00.00;CONTRIBUIÇÃO PATRONAL PARA INSS;1.500.000.0000;RECURSOS NÃO VINCULADOS DE IMPOSTOS;128.803,12
PREFEITURA MUNICIPAL DE BARBACENA;17.001;SEPLAN;2.302;PESSOAL E ENCARGOS SOCIAIS DA SEPLAN;11;APOIO A ADMINISTRAÇAO PUBLICA;4;Administração;122;Administração Geral;464;3.1.90.13.03.00.00.00;CONTRIBUIÇÃO PATRONAL PARA INSS;1.753.000.0000;RECURSOS PROVENIENTES DE TAXAS, CONTRIBUIÇÕES E PREÇOS PÚBLICOS;11.251,50
PREFEITURA MUNICIPAL DE BARBACENA;17.001;SEPLAN;2.302;PESSOAL E ENCARGOS SOCIAIS DA SEPLAN;11;APOIO A ADMINISTRAÇAO PUBLICA;4;Administração;122;Administração Geral;466;3.1.91.13.08.00.00.00;CONTRIB. PREV.- RPPS - PESSOAL ATIVO - PLANO PREV.;1.500.000.0000;RECURSOS NÃO VINCULADOS DE IMPOSTOS;621.218,38
PREFEITURA MUNICIPAL DE BARBACENA;17.001;SEPLAN;2.302;PESSOAL E ENCARGOS SOCIAIS DA SEPLAN;11;APOIO A ADMINISTRAÇAO PUBLICA;4;Administração;122;Administração Geral;466;3.1.91.13.08.00.00.00;CONTRIB. PREV.- RPPS - PESSOAL ATIVO - PLANO PREV.;1.753.000.0000;RECURSOS PROVENIENTES DE TAXAS, CONTRIBUIÇÕES E PREÇOS PÚBLICOS;52.027,88
PREFEITURA MUNICIPAL DE BARBACENA;17.001;SEPLAN;2.302;PESSOAL E ENCARGOS SOCIAIS DA SEPLAN;11;APOIO A ADMINISTRAÇAO PUBLICA;4;Administração;122;Administração Geral;467;3.3.90.08.56.00.00.00;SALÁRIO FAMÍLIA;1.500.000.0000;RECURSOS NÃO VINCULADOS DE IMPOSTOS;1.976,80
PREFEITURA MUNICIPAL DE BARBACENA;17.001;SEPLAN;2.302;PESSOAL E ENCARGOS SOCIAIS DA SEPLAN;11;APOIO A ADMINISTRAÇAO PUBLICA;4;Administração;122;Administração Geral;467;3.3.90.08.01.00.00.00;AUXÍLIO-FUNERAL;1.500.000.0000;RECURSOS NÃO VINCULADOS DE IMPOSTOS;80.773,94
PREFEITURA MUNICIPAL DE BARBACENA;17.001;SEPLAN;2.302;PESSOAL E ENCARGOS SOCIAIS DA SEPLAN;11;APOIO A ADMINISTRAÇAO PUBLICA;4;Administração;122;Administração Geral;467;3.3.90.08.05.00.00.00;AUXÍLIO NATALIDADE;1.500.000.0000;RECURSOS NÃO VINCULADOS DE IMPOSTOS;706,00
PREFEITURA MUNICIPAL DE BARBACENA;17.001;SEPLAN;2.302;PESSOAL E ENCARGOS SOCIAIS DA SEPLAN;11;APOIO A ADMINISTRAÇAO PUBLICA;4;Administração;122;Administração Geral;468;3.3.90.18.00.00.00.00;AUXÍLIO FINANCEIRO A ESTUDANTES;1.500.000.0000;RECURSOS NÃO VINCULADOS DE IMPOSTOS;1.951,99
PREFEITURA MUNICIPAL DE BARBACENA;17.001;SEPLAN;2.302;PESSOAL E ENCARGOS SOCIAIS DA SEPLAN;11;APOIO A ADMINISTRAÇAO PUBLICA;4;Administração;122;Administração Geral;468;3.3.90.18.00.00.00.00;AUXÍLIO FINANCEIRO A ESTUDANTES;1.753.000.0000;RECURSOS PROVENIENTES DE TAXAS, CONTRIBUIÇÕES E PREÇOS PÚBLICOS;184,66
PREFEITURA MUNICIPAL DE BARBACENA;17.001;SEPLAN;2.302;PESSOAL E ENCARGOS SOCIAIS DA SEPLAN;11;APOIO A ADMINISTRAÇAO PUBLICA;4;Administração;122;Administração Geral;469;3.3.90.46.00.00.00.00;AUXÍLIO-ALIMENTAÇÃO;1.500.000.0000;RECURSOS NÃO VINCULADOS DE IMPOSTOS;819.860,00
PREFEITURA MUNICIPAL DE BARBACENA;17.001;SEPLAN;2.302;PESSOAL E ENCARGOS SOCIAIS DA SEPLAN;11;APOIO A ADMINISTRAÇAO PUBLICA;4;Administração;122;Administração Geral;469;3.3.90.46.00.00.00.00;AUXÍLIO-ALIMENTAÇÃO;1.753.000.0000;RECURSOS PROVENIENTES DE TAXAS, CONTRIBUIÇÕES E PREÇOS PÚBLICOS;71.200,00
PREFEITURA MUNICIPAL DE BARBACENA;17.001;SEPLAN;2.302;PESSOAL E ENCARGOS SOCIAIS DA SEPLAN;11;APOIO A ADMINISTRAÇAO PUBLICA;4;Administração;122;Administração Geral;470;3.3.90.93.03.00.00.00;OUTRAS INDENIZAÇÕES E RESTITUIÇÕES;1.500.000.0000;RECURSOS NÃO VINCULADOS DE IMPOSTOS;49.123,72
PREFEITURA MUNICIPAL DE BARBACENA;17.001;SEPLAN;2.302;PESSOAL E ENCARGOS SOCIAIS DA SEPLAN;11;APOIO A ADMINISTRAÇAO PUBLICA;4;Administração;122;Administração Geral;470;3.3.90.93.03.00.00.00;OUTRAS INDENIZAÇÕES E RESTITUIÇÕES;1.753.000.0000;RECURSOS PROVENIENTES DE TAXAS, CONTRIBUIÇÕES E PREÇOS PÚBLICOS;2.855,14
PREFEITURA MUNICIPAL DE BARBACENA;17.001;SEPLAN;2.371;MANUTENÇAO DAS ATIVIDADES DE TECNOLOGIA DA INFORMAÇAO E COMUNICAÇAO;11;APOIO A ADMINISTRAÇAO PUBLICA;4;Administração;126;Tecnologia da Informatização;494;3.3.90.14.05.00.00.00;DIÁRIAS DE DEMAIS SERVIDORES;1.500.000.0000;RECURSOS NÃO VINCULADOS DE IMPOSTOS;600,00
PREFEITURA MUNICIPAL DE BARBACENA;17.001;SEPLAN;2.741;MANUTENÇÃO DE ATIVIDADES DA GESTÃO DE RECURSOS HUMANOS;26;MODERNIZAÇÃO DA ADMINISTRAÇÃO PÚBLICA;4;Administração;122;Administração Geral;475;3.3.90.39.05.00.00.00;SERVIÇOS TÉCNICOS PROFISSIONAIS;1.500.000.0000;RECURSOS NÃO VINCULADOS DE IMPOSTOS;46.544,00
PREFEITURA MUNICIPAL DE BARBACENA;17.001;SEPLAN;2.741;MANUTENÇÃO DE ATIVIDADES DA GESTÃO DE RECURSOS HUMANOS;26;MODERNIZAÇÃO DA ADMINISTRAÇÃO PÚBLICA;4;Administração;122;Administração Geral;475;3.3.90.39.05.00.00.00;SERVIÇOS TÉCNICOS PROFISSIONAIS;1.501.000.0000;OUTROS RECURSOS NÃO VINCULADOS;7.785,92
PREFEITURA MUNICIPAL DE BARBACENA;17.001;SEPLAN;2.744;MODERNIZAÇÃO DO DEPARTAMEMENTO DE ATENDIMENTO AO PÚBLICO - DAP;26;MODERNIZAÇÃO DA ADMINISTRAÇÃO PÚBLICA;4;Administração;122;Administração Geral;483;3.3.90.39.62.00.00.00;SERVIÇO DE APOIO ADMINISTRATIVO, TÉCNICO E OPER.;1.500.000.0000;RECURSOS NÃO VINCULADOS DE IMPOSTOS;67.820,00
PREFEITURA MUNICIPAL DE BARBACENA;17.001;SEPLAN;2.744;MODERNIZAÇÃO DO DEPARTAMEMENTO DE ATENDIMENTO AO PÚBLICO - DAP;26;MODERNIZAÇÃO DA ADMINISTRAÇÃO PÚBLICA;4;Administração;122;Administração Geral;483;3.3.90.39.65.00.00.00;SERVIÇOS DE CÓPIAS E REPRODUÇÃO DE DOCUMENTOS;1.500.000.0000;RECURSOS NÃO VINCULADOS DE IMPOSTOS;62.078,00
PREFEITURA MUNICIPAL DE BARBACENA;17.001;SEPLAN;2.745;ATUALIZAÇÃO DAS INFORMAÇÕES DO CADASTRO DE PATRIMÔNIO MÓVEL E IMÓVEL;26;MODERNIZAÇÃO DA ADMINISTRAÇÃO PÚBLICA;4;Administração;122;Administração Geral;486;3.3.90.36.14.00.00.00;LOCAÇÃO DE IMÓVEIS;1.500.000.0000;RECURSOS NÃO VINCULADOS DE IMPOSTOS;60.000,00
PREFEITURA MUNICIPAL DE BARBACENA;17.001;SEPLAN;2.745;ATUALIZAÇÃO DAS INFORMAÇÕES DO CADASTRO DE PATRIMÔNIO MÓVEL E IMÓVEL;26;MODERNIZAÇÃO DA ADMINISTRAÇÃO PÚBLICA;4;Administração;122;Administração Geral;487;3.3.90.39.30.00.00.00;SERVIÇOS DE ÁGUA E ESGOTO;1.500.000.0000;RECURSOS NÃO VINCULADOS DE IMPOSTOS;2.500,00
PREFEITURA MUNICIPAL DE BARBACENA;17.001;SEPLAN;2.746;MANUTENÇÃO DAS ATIVIDADES DA SALA MINEIRA DO EMPREENDEDOR;26;MODERNIZAÇÃO DA ADMINISTRAÇÃO PÚBLICA;4;Administração;122;Administração Geral;490;3.3.90.31.00.00.00.00;PREMIAÇÕES CULTURAIS, ARTÍSTICAS, CIENT., DESPORT;1.500.000.0000;RECURSOS NÃO VINCULADOS DE IMPOSTOS;5.000,00
PREFEITURA MUNICIPAL DE BARBACENA;17.001;SEPLAN;2.746;MANUTENÇÃO DAS ATIVIDADES DA SALA MINEIRA DO EMPREENDEDOR;26;MODERNIZAÇÃO DA ADMINISTRAÇÃO PÚBLICA;4;Administração;122;Administração Geral;492;3.3.90.39.10.00.00.00;LOCAÇÃO DE IMÓVEIS;1.500.000.0000;RECURSOS NÃO VINCULADOS DE IMPOSTOS;150.000,00
PREFEITURA MUNICIPAL DE BARBACENA;17.001;SEPLAN;2.746;MANUTENÇÃO DAS ATIVIDADES DA SALA MINEIRA DO EMPREENDEDOR;26;MODERNIZAÇÃO DA ADMINISTRAÇÃO PÚBLICA;4;Administração;122;Administração Geral;492;3.3.90.39.29.00.00.00;SERVIÇOS DE ENERGIA ELÉTRICA;1.500.000.0000;RECURSOS NÃO VINCULADOS DE IMPOSTOS;192,11
PREFEITURA MUNICIPAL DE BARBACENA;17.001;SEPLAN;2.746;MANUTENÇÃO DAS ATIVIDADES DA SALA MINEIRA DO EMPREENDEDOR;26;MODERNIZAÇÃO DA ADMINISTRAÇÃO PÚBLICA;4;Administração;122;Administração Geral;492;3.3.90.39.05.00.00.00;SERVIÇOS TÉCNICOS PROFISSIONAIS;1.500.000.0000;RECURSOS NÃO VINCULADOS DE IMPOSTOS;1.500,00
PREFEITURA MUNICIPAL DE BARBACENA;17.001;SEPLAN;2.746;MANUTENÇÃO DAS ATIVIDADES DA SALA MINEIRA DO EMPREENDEDOR;26;MODERNIZAÇÃO DA ADMINISTRAÇÃO PÚBLICA;4;Administração;122;Administração Geral;493;4.4.90.52.20.00.00.00;MÁQUINAS, INSTALAÇÕES E UTENSÍLIOS DE ESCRITÓRIO;1.500.000.0000;RECURSOS NÃO VINCULADOS DE IMPOSTOS;17.460,00
PREFEITURA MUNICIPAL DE BARBACENA;17.001;SEPLAN;2.746;MANUTENÇÃO DAS ATIVIDADES DA SALA MINEIRA DO EMPREENDEDOR;26;MODERNIZAÇÃO DA ADMINISTRAÇÃO PÚBLICA;4;Administração;122;Administração Geral;984;3.3.90.92.00.00.00.00;DESPESAS DE EXERCÍCIOS ANTERIORES;1.500.000.0000;RECURSOS NÃO VINCULADOS DE IMPOSTOS;25.270,00
PREFEITURA MUNICIPAL DE BARBACENA;17.001;SEPLAN;1.097;READEQUAR E REGULAMENTAR A INFRAESTRUTURA DE TIC;42;MODERNIZAÇÃO TECNOLÓGICA;4;Administração;126;Tecnologia da Informatização;989;4.4.90.92.00.00.00.00;DESPESAS DE EXERCÍCIOS ANTERIORES;1.501.000.0000;OUTROS RECURSOS NÃO VINCULADOS;6.600,00
PREFEITURA MUNICIPAL DE BARBACENA;18.001;SESAP;2.021;MANUTENÇAO DE AÇÕES DA SESAP;11;APOIO A ADMINISTRAÇAO PUBLICA;10;Saúde;122;Administração Geral;514;3.3.90.47.00.00.00.00;OBRIGAÇÕES TRIBUTÁRIAS E CONTRIBUTIVAS;1.500.000.0000;RECURSOS NÃO VINCULADOS DE IMPOSTOS;1.744,08
PREFEITURA MUNICIPAL DE BARBACENA;19.001;SEFAZ;0.003;AMORTIZACAO DA DÍVIDA POR CONTRATO;0;ENCARGOS DO MUNICIPIO;28;Encargos Especiais;841;Refinanciamento da Dívida Interna;547;4.6.90.71.01.00.00.00;PRINCIPAL DA DÍVIDA POR CONTRATO - INTERNA;1.500.000.0000;RECURSOS NÃO VINCULADOS DE IMPOSTOS;437.451,34
PREFEITURA MUNICIPAL DE BARBACENA;19.001;SEFAZ;0.004;JUROS E ENCARGOS DA DIVIDA POR CONTRATO;0;ENCARGOS DO MUNICIPIO;28;Encargos Especiais;843;Serviço da Dívida Interna;548;3.2.90.21.01.00.00.00;JUROS SOBRE A DÍVIDA POR CONTRATO - INTERNA;1.500.000.0000;RECURSOS NÃO VINCULADOS DE IMPOSTOS;14.212,77
PREFEITURA MUNICIPAL DE BARBACENA;19.001;SEFAZ;0.020;PARCELAMENTO DE DIVIDAS PREVIDENCIARIAS;0;ENCARGOS DO MUNICIPIO;28;Encargos Especiais;843;Serviço da Dívida Interna;552;3.2.91.21.00.00.00.00;JUROS SOBRE A DÍVIDA POR CONTRATO;1.500.000.0000;RECURSOS NÃO VINCULADOS DE IMPOSTOS;229.277,28
PREFEITURA MUNICIPAL DE BARBACENA;19.001;SEFAZ;0.020;PARCELAMENTO DE DIVIDAS PREVIDENCIARIAS;0;ENCARGOS DO MUNICIPIO;28;Encargos Especiais;843;Serviço da Dívida Interna;553;4.6.90.71.01.00.00.00;PRINCIPAL DA DÍVIDA POR CONTRATO - INTERNA;1.500.000.0000;RECURSOS NÃO VINCULADOS DE IMPOSTOS;2.868.541,17
PREFEITURA MUNICIPAL DE BARBACENA;19.001;SEFAZ;0.020;PARCELAMENTO DE DIVIDAS PREVIDENCIARIAS;0;ENCARGOS DO MUNICIPIO;28;Encargos Especiais;843;Serviço da Dívida Interna;553;4.6.90.71.01.00.00.00;PRINCIPAL DA DÍVIDA POR CONTRATO - INTERNA;2.500.000.0000;RECURSOS NÃO VINCULADOS DE IMPOSTOS;242.144,54
PREFEITURA MUNICIPAL DE BARBACENA;19.001;SEFAZ;0.020;PARCELAMENTO DE DIVIDAS PREVIDENCIARIAS;0;ENCARGOS DO MUNICIPIO;28;Encargos Especiais;843;Serviço da Dívida Interna;554;4.6.91.71.00.00.00.00;PRINCIPAL DA DÍVIDA CONTRATUAL RESGATADO;1.500.000.0000;RECURSOS NÃO VINCULADOS DE IMPOSTOS;265.762,02
PREFEITURA MUNICIPAL DE BARBACENA;19.001;SEFAZ;0.002;PAGAMENTO DE PRECATORIOS;0;ENCARGOS DO MUNICIPIO;28;Encargos Especiais;846;Outros Encargos Especiais;555;3.1.90.91.97.00.00.00;OUTROS PRECATÓRIOS JUDICIAIS;1.500.000.0000;RECURSOS NÃO VINCULADOS DE IMPOSTOS;562.534,92
PREFEITURA MUNICIPAL DE BARBACENA;19.001;SEFAZ;0.002;PAGAMENTO DE PRECATORIOS;0;ENCARGOS DO MUNICIPIO;28;Encargos Especiais;846;Outros Encargos Especiais;555;3.1.90.91.97.00.00.00;OUTROS PRECATÓRIOS JUDICIAIS;2.500.000.0000;RECURSOS NÃO VINCULADOS DE IMPOSTOS;2.445.000,00
PREFEITURA MUNICIPAL DE BARBACENA;19.001;SEFAZ;0.002;PAGAMENTO DE PRECATORIOS;0;ENCARGOS DO MUNICIPIO;28;Encargos Especiais;846;Outros Encargos Especiais;556;3.3.90.91.04.00.00.00;PRECATÓRIOS, EXCETO PESSOAL E BENEFÍCIOS PREVID.;1.500.000.0000;RECURSOS NÃO VINCULADOS DE IMPOSTOS;202.849,55
PREFEITURA MUNICIPAL DE BARBACENA;19.001;SEFAZ;0.002;PAGAMENTO DE PRECATORIOS;0;ENCARGOS DO MUNICIPIO;28;Encargos Especiais;846;Outros Encargos Especiais;556;3.3.90.91.99.00.00.00;OUTRAS SENTENÇAS JUDICIAIS E DECISÕES JUDICIAIS;1.500.000.0000;RECURSOS NÃO VINCULADOS DE IMPOSTOS;6.296,71
PREFEITURA MUNICIPAL DE BARBACENA;19.001;SEFAZ;0.002;PAGAMENTO DE PRECATORIOS;0;ENCARGOS DO MUNICIPIO;28;Encargos Especiais;846;Outros Encargos Especiais;556;3.3.90.91.04.00.00.00;PRECATÓRIOS, EXCETO PESSOAL E BENEFÍCIOS PREVID.;2.500.000.0000;RECURSOS NÃO VINCULADOS DE IMPOSTOS;787.385,70
PREFEITURA MUNICIPAL DE BARBACENA;19.001;SEFAZ;2.108;MANUTENÇAO DA SEFAZ;11;APOIO A ADMINISTRAÇAO PUBLICA;4;Administração;122;Administração Geral;516;3.3.90.14.05.00.00.00;DIÁRIAS DE DEMAIS SERVIDORES;1.500.000.0000;RECURSOS NÃO VINCULADOS DE IMPOSTOS;2.100,00
PREFEITURA MUNICIPAL DE BARBACENA;19.001;SEFAZ;2.108;MANUTENÇAO DA SEFAZ;11;APOIO A ADMINISTRAÇAO PUBLICA;4;Administração;122;Administração Geral;517;3.3.90.30.99.00.00.00;OUTROS MATERIAIS DE CONSUMO;1.500.000.0000;RECURSOS NÃO VINCULADOS DE IMPOSTOS;6.347,34
PREFEITURA MUNICIPAL DE BARBACENA;19.001;SEFAZ;2.108;MANUTENÇAO DA SEFAZ;11;APOIO A ADMINISTRAÇAO PUBLICA;4;Administração;122;Administração Geral;517;3.3.90.30.28.00.00.00;MATERIAL DE PROTEÇÃO E SEGURANÇA;1.500.000.0000;RECURSOS NÃO VINCULADOS DE IMPOSTOS;36,00
PREFEITURA MUNICIPAL DE BARBACENA;19.001;SEFAZ;2.108;MANUTENÇAO DA SEFAZ;11;APOIO A ADMINISTRAÇAO PUBLICA;4;Administração;122;Administração Geral;520;3.3.90.39.64.00.00.00;SERVIÇOS BANCÁRIOS;1.500.000.0000;RECURSOS NÃO VINCULADOS DE IMPOSTOS;608.000,00
PREFEITURA MUNICIPAL DE BARBACENA;19.001;SEFAZ;2.108;MANUTENÇAO DA SEFAZ;11;APOIO A ADMINISTRAÇAO PUBLICA;4;Administração;122;Administração Geral;520;3.3.90.39.99.00.00.00;OUTROS SERVIÇOS DE TERCEIROS - PESSOA JURÍDICA;1.500.000.0000;RECURSOS NÃO VINCULADOS DE IMPOSTOS;8.405,18
PREFEITURA MUNICIPAL DE BARBACENA;19.001;SEFAZ;2.108;MANUTENÇAO DA SEFAZ;11;APOIO A ADMINISTRAÇAO PUBLICA;4;Administração;122;Administração Geral;520;3.3.90.39.43.00.00.00;SERVIÇOS DE TELECOMUNICAÇÕES;1.500.000.0000;RECURSOS NÃO VINCULADOS DE IMPOSTOS;29.873,97
PREFEITURA MUNICIPAL DE BARBACENA;19.001;SEFAZ;2.108;MANUTENÇAO DA SEFAZ;11;APOIO A ADMINISTRAÇAO PUBLICA;4;Administração;122;Administração Geral;520;3.3.90.39.70.00.00.00;AQUISIÇÃO DE SOFTWARES DE APLICAÇÃO;1.500.000.0000;RECURSOS NÃO VINCULADOS DE IMPOSTOS;481.322,85
PREFEITURA MUNICIPAL DE BARBACENA;19.001;SEFAZ;2.108;MANUTENÇAO DA SEFAZ;11;APOIO A ADMINISTRAÇAO PUBLICA;4;Administração;122;Administração Geral;520;3.3.90.39.05.00.00.00;SERVIÇOS TÉCNICOS PROFISSIONAIS;1.500.000.0000;RECURSOS NÃO VINCULADOS DE IMPOSTOS;152.618,30
PREFEITURA MUNICIPAL DE BARBACENA;19.001;SEFAZ;2.108;MANUTENÇAO DA SEFAZ;11;APOIO A ADMINISTRAÇAO PUBLICA;4;Administração;122;Administração Geral;520;3.3.90.39.33.00.00.00;SERVIÇOS DE COMUNICAÇÃO EM GERAL;1.500.000.0000;RECURSOS NÃO VINCULADOS DE IMPOSTOS;1.000,00
PREFEITURA MUNICIPAL DE BARBACENA;19.001;SEFAZ;2.108;MANUTENÇAO DA SEFAZ;11;APOIO A ADMINISTRAÇAO PUBLICA;4;Administração;122;Administração Geral;520;3.3.90.39.12.00.00.00;LOCAÇÃO DE MÁQUINAS E EQUIPAMENTOS;1.500.000.0000;RECURSOS NÃO VINCULADOS DE IMPOSTOS;27.722,88
PREFEITURA MUNICIPAL DE BARBACENA;19.001;SEFAZ;2.108;MANUTENÇAO DA SEFAZ;11;APOIO A ADMINISTRAÇAO PUBLICA;4;Administração;122;Administração Geral;520;3.3.90.39.48.00.00.00;SERVIÇOS GRÁFICOS;1.500.000.0000;RECURSOS NÃO VINCULADOS DE IMPOSTOS;653,82
PREFEITURA MUNICIPAL DE BARBACENA;19.001;SEFAZ;2.108;MANUTENÇAO DA SEFAZ;11;APOIO A ADMINISTRAÇAO PUBLICA;4;Administração;122;Administração Geral;520;3.3.90.39.12.00.00.00;LOCAÇÃO DE MÁQUINAS E EQUIPAMENTOS;1.753.000.0000;RECURSOS PROVENIENTES DE TAXAS, CONTRIBUIÇÕES E PREÇOS PÚBLICOS;3.000,00
PREFEITURA MUNICIPAL DE BARBACENA;19.001;SEFAZ;2.108;MANUTENÇAO DA SEFAZ;11;APOIO A ADMINISTRAÇAO PUBLICA;4;Administração;122;Administração Geral;520;3.3.90.39.05.00.00.00;SERVIÇOS TÉCNICOS PROFISSIONAIS;1.753.000.0000;RECURSOS PROVENIENTES DE TAXAS, CONTRIBUIÇÕES E PREÇOS PÚBLICOS;89.921,20
PREFEITURA MUNICIPAL DE BARBACENA;19.001;SEFAZ;2.108;MANUTENÇAO DA SEFAZ;11;APOIO A ADMINISTRAÇAO PUBLICA;4;Administração;122;Administração Geral;520;3.3.90.39.33.00.00.00;SERVIÇOS DE COMUNICAÇÃO EM GERAL;1.753.000.0000;RECURSOS PROVENIENTES DE TAXAS, CONTRIBUIÇÕES E PREÇOS PÚBLICOS;90.000,00
PREFEITURA MUNICIPAL DE BARBACENA;19.001;SEFAZ;2.108;MANUTENÇAO DA SEFAZ;11;APOIO A ADMINISTRAÇAO PUBLICA;4;Administração;122;Administração Geral;520;3.3.90.39.53.00.00.00;SEGUROS EM GERAL;1.753.000.0000;RECURSOS PROVENIENTES DE TAXAS, CONTRIBUIÇÕES E PREÇOS PÚBLICOS;900,00
PREFEITURA MUNICIPAL DE BARBACENA;19.001;SEFAZ;2.108;MANUTENÇAO DA SEFAZ;11;APOIO A ADMINISTRAÇAO PUBLICA;4;Administração;122;Administração Geral;522;3.3.90.47.00.00.00.00;OBRIGAÇÕES TRIBUTÁRIAS E CONTRIBUTIVAS;1.500.000.0000;RECURSOS NÃO VINCULADOS DE IMPOSTOS;181,35
PREFEITURA MUNICIPAL DE BARBACENA;19.001;SEFAZ;2.108;MANUTENÇAO DA SEFAZ;11;APOIO A ADMINISTRAÇAO PUBLICA;4;Administração;122;Administração Geral;522;3.3.90.47.00.00.00.00;OBRIGAÇÕES TRIBUTÁRIAS E CONTRIBUTIVAS;1.753.000.0000;RECURSOS PROVENIENTES DE TAXAS, CONTRIBUIÇÕES E PREÇOS PÚBLICOS;74.495,95
PREFEITURA MUNICIPAL DE BARBACENA;19.001;SEFAZ;2.108;MANUTENÇAO DA SEFAZ;11;APOIO A ADMINISTRAÇAO PUBLICA;4;Administração;122;Administração Geral;525;4.4.90.52.06.00.00.00;APARELHOS E UTENSÍLIOS DOMÉSTICOS;1.500.000.0000;RECURSOS NÃO VINCULADOS DE IMPOSTOS;5.810,00
PREFEITURA MUNICIPAL DE BARBACENA;19.001;SEFAZ;2.108;MANUTENÇAO DA SEFAZ;11;APOIO A ADMINISTRAÇAO PUBLICA;4;Administração;122;Administração Geral;525;4.4.90.52.24.00.00.00;MOBILIÁRIO EM GERAL;1.500.000.0000;RECURSOS NÃO VINCULADOS DE IMPOSTOS;9.270,00
PREFEITURA MUNICIPAL DE BARBACENA;19.001;SEFAZ;2.108;MANUTENÇAO DA SEFAZ;11;APOIO A ADMINISTRAÇAO PUBLICA;4;Administração;122;Administração Geral;525;4.4.90.52.12.00.00.00;EQUIPAMENTO DE PROTEÇÃO, SEGURANÇA E SOCORRO;1.500.000.0000;RECURSOS NÃO VINCULADOS DE IMPOSTOS;1.336,00
PREFEITURA MUNICIPAL DE BARBACENA;19.001;SEFAZ;2.108;MANUTENÇAO DA SEFAZ;11;APOIO A ADMINISTRAÇAO PUBLICA;4;Administração;122;Administração Geral;525;4.4.90.52.18.00.00.00;MÁQUINAS, UTENSÍLIOS E EQUIPAMENTOS DIVERSOS;1.500.000.0000;RECURSOS NÃO VINCULADOS DE IMPOSTOS;2.470,00
PREFEITURA MUNICIPAL DE BARBACENA;19.001;SEFAZ;2.108;MANUTENÇAO DA SEFAZ;11;APOIO A ADMINISTRAÇAO PUBLICA;4;Administração;122;Administração Geral;525;4.4.90.52.20.00.00.00;MÁQUINAS, INSTALAÇÕES E UTENSÍLIOS DE ESCRITÓRIO;1.500.000.0000;RECURSOS NÃO VINCULADOS DE IMPOSTOS;2.932,00
PREFEITURA MUNICIPAL DE BARBACENA;19.001;SEFAZ;2.109;PESSOAL E ENCARGOS SOCIAIS DA SEFAZ;11;APOIO A ADMINISTRAÇAO PUBLICA;4;Administração;122;Administração Geral;526;3.1.90.04.01.00.00.00;SALÁRIO CONTRATO TEMPORÁRIO;1.500.000.0000;RECURSOS NÃO VINCULADOS DE IMPOSTOS;34.185,22
PREFEITURA MUNICIPAL DE BARBACENA;19.001;SEFAZ;2.109;PESSOAL E ENCARGOS SOCIAIS DA SEFAZ;11;APOIO A ADMINISTRAÇAO PUBLICA;4;Administração;122;Administração Geral;526;3.1.90.04.15.00.00.00;OBRIGAÇÕES PATRONAIS - CONTRATO TEMPORÁRIO;1.500.000.0000;RECURSOS NÃO VINCULADOS DE IMPOSTOS;3.352,66
PREFEITURA MUNICIPAL DE BARBACENA;19.001;SEFAZ;2.109;PESSOAL E ENCARGOS SOCIAIS DA SEFAZ;11;APOIO A ADMINISTRAÇAO PUBLICA;4;Administração;122;Administração Geral;526;3.1.90.04.01.00.00.00;SALÁRIO CONTRATO TEMPORÁRIO;1.753.000.0000;RECURSOS PROVENIENTES DE TAXAS, CONTRIBUIÇÕES E PREÇOS PÚBLICOS;125.789,99
PREFEITURA MUNICIPAL DE BARBACENA;19.001;SEFAZ;2.109;PESSOAL E ENCARGOS SOCIAIS DA SEFAZ;11;APOIO A ADMINISTRAÇAO PUBLICA;4;Administração;122;Administração Geral;526;3.1.90.04.15.00.00.00;OBRIGAÇÕES PATRONAIS - CONTRATO TEMPORÁRIO;1.753.000.0000;RECURSOS PROVENIENTES DE TAXAS, CONTRIBUIÇÕES E PREÇOS PÚBLICOS;10.446,06
PREFEITURA MUNICIPAL DE BARBACENA;19.001;SEFAZ;2.109;PESSOAL E ENCARGOS SOCIAIS DA SEFAZ;11;APOIO A ADMINISTRAÇAO PUBLICA;4;Administração;122;Administração Geral;527;3.1.90.11.09.00.00.00;SUBSÍDIO DE SECRETÁRIO MUNICIPAL;1.500.000.0000;RECURSOS NÃO VINCULADOS DE IMPOSTOS;37.612,40
PREFEITURA MUNICIPAL DE BARBACENA;19.001;SEFAZ;2.109;PESSOAL E ENCARGOS SOCIAIS DA SEFAZ;11;APOIO A ADMINISTRAÇAO PUBLICA;4;Administração;122;Administração Geral;527;3.1.90.11.01.00.00.00;VENCIMENTOS E SALÁRIOS;1.500.000.0000;RECURSOS NÃO VINCULADOS DE IMPOSTOS;1.310.445,70
PREFEITURA MUNICIPAL DE BARBACENA;19.001;SEFAZ;2.109;PESSOAL E ENCARGOS SOCIAIS DA SEFAZ;11;APOIO A ADMINISTRAÇAO PUBLICA;4;Administração;122;Administração Geral;527;3.1.90.11.52.00.00.00;LICENÇA SAÚDE;1.500.000.0000;RECURSOS NÃO VINCULADOS DE IMPOSTOS;48.206,95
PREFEITURA MUNICIPAL DE BARBACENA;19.001;SEFAZ;2.109;PESSOAL E ENCARGOS SOCIAIS DA SEFAZ;11;APOIO A ADMINISTRAÇAO PUBLICA;4;Administração;122;Administração Geral;527;3.1.90.11.01.00.00.00;VENCIMENTOS E SALÁRIOS;1.753.000.0000;RECURSOS PROVENIENTES DE TAXAS, CONTRIBUIÇÕES E PREÇOS PÚBLICOS;3.003.602,17
PREFEITURA MUNICIPAL DE BARBACENA;19.001;SEFAZ;2.109;PESSOAL E ENCARGOS SOCIAIS DA SEFAZ;11;APOIO A ADMINISTRAÇAO PUBLICA;4;Administração;122;Administração Geral;527;3.1.90.11.52.00.00.00;LICENÇA SAÚDE;1.753.000.0000;RECURSOS PROVENIENTES DE TAXAS, CONTRIBUIÇÕES E PREÇOS PÚBLICOS;105.445,27
PREFEITURA MUNICIPAL DE BARBACENA;19.001;SEFAZ;2.109;PESSOAL E ENCARGOS SOCIAIS DA SEFAZ;11;APOIO A ADMINISTRAÇAO PUBLICA;4;Administração;122;Administração Geral;528;3.1.90.13.99.00.00.00;OUTRAS OBRIGAÇÕES;1.500.000.0000;RECURSOS NÃO VINCULADOS DE IMPOSTOS;580,04
PREFEITURA MUNICIPAL DE BARBACENA;19.001;SEFAZ;2.109;PESSOAL E ENCARGOS SOCIAIS DA SEFAZ;11;APOIO A ADMINISTRAÇAO PUBLICA;4;Administração;122;Administração Geral;528;3.1.90.13.03.00.00.00;CONTRIBUIÇÃO PATRONAL PARA INSS;1.500.000.0000;RECURSOS NÃO VINCULADOS DE IMPOSTOS;21.270,23
PREFEITURA MUNICIPAL DE BARBACENA;19.001;SEFAZ;2.109;PESSOAL E ENCARGOS SOCIAIS DA SEFAZ;11;APOIO A ADMINISTRAÇAO PUBLICA;4;Administração;122;Administração Geral;528;3.1.90.13.02.00.00.00;CONTRIBUIÇÃO PATRONAL PARA RPPS;1.500.000.0000;RECURSOS NÃO VINCULADOS DE IMPOSTOS;2.062,54
PREFEITURA MUNICIPAL DE BARBACENA;19.001;SEFAZ;2.109;PESSOAL E ENCARGOS SOCIAIS DA SEFAZ;11;APOIO A ADMINISTRAÇAO PUBLICA;4;Administração;122;Administração Geral;528;3.1.90.13.03.00.00.00;CONTRIBUIÇÃO PATRONAL PARA INSS;1.753.000.0000;RECURSOS PROVENIENTES DE TAXAS, CONTRIBUIÇÕES E PREÇOS PÚBLICOS;286.045,69
PREFEITURA MUNICIPAL DE BARBACENA;19.001;SEFAZ;2.109;PESSOAL E ENCARGOS SOCIAIS DA SEFAZ;11;APOIO A ADMINISTRAÇAO PUBLICA;4;Administração;122;Administração Geral;528;3.1.90.13.02.00.00.00;CONTRIBUIÇÃO PATRONAL PARA RPPS;1.753.000.0000;RECURSOS PROVENIENTES DE TAXAS, CONTRIBUIÇÕES E PREÇOS PÚBLICOS;5.171,91
PREFEITURA MUNICIPAL DE BARBACENA;19.001;SEFAZ;2.109;PESSOAL E ENCARGOS SOCIAIS DA SEFAZ;11;APOIO A ADMINISTRAÇAO PUBLICA;4;Administração;122;Administração Geral;531;3.1.91.13.08.00.00.00;CONTRIB. PREV.- RPPS - PESSOAL ATIVO - PLANO PREV.;1.500.000.0000;RECURSOS NÃO VINCULADOS DE IMPOSTOS;317.639,91
PREFEITURA MUNICIPAL DE BARBACENA;19.001;SEFAZ;2.109;PESSOAL E ENCARGOS SOCIAIS DA SEFAZ;11;APOIO A ADMINISTRAÇAO PUBLICA;4;Administração;122;Administração Geral;531;3.1.91.13.08.00.00.00;CONTRIB. PREV.- RPPS - PESSOAL ATIVO - PLANO PREV.;1.753.000.0000;RECURSOS PROVENIENTES DE TAXAS, CONTRIBUIÇÕES E PREÇOS PÚBLICOS;706.400,07
PREFEITURA MUNICIPAL DE BARBACENA;19.001;SEFAZ;2.109;PESSOAL E ENCARGOS SOCIAIS DA SEFAZ;11;APOIO A ADMINISTRAÇAO PUBLICA;4;Administração;122;Administração Geral;532;3.3.90.08.56.00.00.00;SALÁRIO FAMÍLIA;1.500.000.0000;RECURSOS NÃO VINCULADOS DE IMPOSTOS;141,20
PREFEITURA MUNICIPAL DE BARBACENA;19.001;SEFAZ;2.109;PESSOAL E ENCARGOS SOCIAIS DA SEFAZ;11;APOIO A ADMINISTRAÇAO PUBLICA;4;Administração;122;Administração Geral;532;3.3.90.08.05.00.00.00;AUXÍLIO NATALIDADE;1.753.000.0000;RECURSOS PROVENIENTES DE TAXAS, CONTRIBUIÇÕES E PREÇOS PÚBLICOS;1.412,00
PREFEITURA MUNICIPAL DE BARBACENA;19.001;SEFAZ;2.109;PESSOAL E ENCARGOS SOCIAIS DA SEFAZ;11;APOIO A ADMINISTRAÇAO PUBLICA;4;Administração;122;Administração Geral;533;3.3.90.18.00.00.00.00;AUXÍLIO FINANCEIRO A ESTUDANTES;1.753.000.0000;RECURSOS PROVENIENTES DE TAXAS, CONTRIBUIÇÕES E PREÇOS PÚBLICOS;472,85
PREFEITURA MUNICIPAL DE BARBACENA;19.001;SEFAZ;2.109;PESSOAL E ENCARGOS SOCIAIS DA SEFAZ;11;APOIO A ADMINISTRAÇAO PUBLICA;4;Administração;122;Administração Geral;534;3.3.90.46.00.00.00.00;AUXÍLIO-ALIMENTAÇÃO;1.500.000.0000;RECURSOS NÃO VINCULADOS DE IMPOSTOS;137.960,00
PREFEITURA MUNICIPAL DE BARBACENA;19.001;SEFAZ;2.109;PESSOAL E ENCARGOS SOCIAIS DA SEFAZ;11;APOIO A ADMINISTRAÇAO PUBLICA;4;Administração;122;Administração Geral;534;3.3.90.46.00.00.00.00;AUXÍLIO-ALIMENTAÇÃO;1.753.000.0000;RECURSOS PROVENIENTES DE TAXAS, CONTRIBUIÇÕES E PREÇOS PÚBLICOS;265.560,00
PREFEITURA MUNICIPAL DE BARBACENA;19.001;SEFAZ;2.329;MANUTENÇÃO DO PROGRAMA DE FORMAÇÃO DO PATRIMÔNIO DO SERV. PÚBLICO (PASEP);11;APOIO A ADMINISTRAÇAO PUBLICA;4;Administração;123;Administração Financeira;535;3.3.90.47.00.00.00.00;OBRIGAÇÕES TRIBUTÁRIAS E CONTRIBUTIVAS;1.500.000.0000;RECURSOS NÃO VINCULADOS DE IMPOSTOS;4.007.000,00
PREFEITURA MUNICIPAL DE BARBACENA;19.001;SEFAZ;2.329;MANUTENÇÃO DO PROGRAMA DE FORMAÇÃO DO PATRIMÔNIO DO SERV. PÚBLICO (PASEP);11;APOIO A ADMINISTRAÇAO PUBLICA;4;Administração;123;Administração Financeira;535;3.3.90.47.00.00.00.00;OBRIGAÇÕES TRIBUTÁRIAS E CONTRIBUTIVAS;2.500.000.0000;RECURSOS NÃO VINCULADOS DE IMPOSTOS;2.042.367,21
PREFEITURA MUNICIPAL DE BARBACENA;19.001;SEFAZ;2.107;MELHORIA DA ARRECADAÇAO MUNICIPAL;23;MODERNIZAÇAO DA RECEITA MUNICIPAL;4;Administração;123;Administração Financeira;539;3.3.90.39.43.00.00.00;SERVIÇOS DE TELECOMUNICAÇÕES;1.500.000.0000;RECURSOS NÃO VINCULADOS DE IMPOSTOS;720,00
PREFEITURA MUNICIPAL DE BARBACENA;19.001;SEFAZ;2.107;MELHORIA DA ARRECADAÇAO MUNICIPAL;23;MODERNIZAÇAO DA RECEITA MUNICIPAL;4;Administração;123;Administração Financeira;539;3.3.90.39.99.00.00.00;OUTROS SERVIÇOS DE TERCEIROS - PESSOA JURÍDICA;1.500.000.0000;RECURSOS NÃO VINCULADOS DE IMPOSTOS;333.900,30
PREFEITURA MUNICIPAL DE BARBACENA;19.001;SEFAZ;2.107;MELHORIA DA ARRECADAÇAO MUNICIPAL;23;MODERNIZAÇAO DA RECEITA MUNICIPAL;4;Administração;123;Administração Financeira;539;3.3.90.39.48.00.00.00;SERVIÇOS GRÁFICOS;1.500.000.0000;RECURSOS NÃO VINCULADOS DE IMPOSTOS;27.345,00
PREFEITURA MUNICIPAL DE BARBACENA;19.001;SEFAZ;2.107;MELHORIA DA ARRECADAÇAO MUNICIPAL;23;MODERNIZAÇAO DA RECEITA MUNICIPAL;4;Administração;123;Administração Financeira;539;3.3.90.39.05.00.00.00;SERVIÇOS TÉCNICOS PROFISSIONAIS;1.500.000.0000;RECURSOS NÃO VINCULADOS DE IMPOSTOS;7.000,00
PREFEITURA MUNICIPAL DE BARBACENA;19.001;SEFAZ;2.107;MELHORIA DA ARRECADAÇAO MUNICIPAL;23;MODERNIZAÇAO DA RECEITA MUNICIPAL;4;Administração;123;Administração Financeira;539;3.3.90.39.70.00.00.00;AQUISIÇÃO DE SOFTWARES DE APLICAÇÃO;1.500.000.0000;RECURSOS NÃO VINCULADOS DE IMPOSTOS;3.450,41
PREFEITURA MUNICIPAL DE BARBACENA;19.001;SEFAZ;2.107;MELHORIA DA ARRECADAÇAO MUNICIPAL;23;MODERNIZAÇAO DA RECEITA MUNICIPAL;4;Administração;123;Administração Financeira;539;3.3.90.39.64.00.00.00;SERVIÇOS BANCÁRIOS;1.500.000.0000;RECURSOS NÃO VINCULADOS DE IMPOSTOS;23.500,00
PREFEITURA MUNICIPAL DE BARBACENA;19.001;SEFAZ;2.107;MELHORIA DA ARRECADAÇAO MUNICIPAL;23;MODERNIZAÇAO DA RECEITA MUNICIPAL;4;Administração;123;Administração Financeira;540;3.3.90.92.00.00.00.00;DESPESAS DE EXERCÍCIOS ANTERIORES;1.500.000.0000;RECURSOS NÃO VINCULADOS DE IMPOSTOS;240,00
PREFEITURA MUNICIPAL DE BARBACENA;21.001;GCM;2.145;MANUTENÇAO DA GCM;11;APOIO A ADMINISTRAÇAO PUBLICA;6;Segurança Pública;122;Administração Geral;560;3.3.90.14.05.00.00.00;DIÁRIAS DE DEMAIS SERVIDORES;1.500.000.0000;RECURSOS NÃO VINCULADOS DE IMPOSTOS;25.500,00
PREFEITURA MUNICIPAL DE BARBACENA;21.001;GCM;2.145;MANUTENÇAO DA GCM;11;APOIO A ADMINISTRAÇAO PUBLICA;6;Segurança Pública;122;Administração Geral;561;3.3.90.30.06.00.00.00;ALIMENTOS PARA ANIMAIS;1.500.000.0000;RECURSOS NÃO VINCULADOS DE IMPOSTOS;25.500,00
PREFEITURA MUNICIPAL DE BARBACENA;21.001;GCM;2.145;MANUTENÇAO DA GCM;11;APOIO A ADMINISTRAÇAO PUBLICA;6;Segurança Pública;122;Administração Geral;561;3.3.90.30.99.00.00.00;OUTROS MATERIAIS DE CONSUMO;1.500.000.0000;RECURSOS NÃO VINCULADOS DE IMPOSTOS;23.000,00
PREFEITURA MUNICIPAL DE BARBACENA;21.001;GCM;2.145;MANUTENÇAO DA GCM;11;APOIO A ADMINISTRAÇAO PUBLICA;6;Segurança Pública;122;Administração Geral;561;3.3.90.30.28.00.00.00;MATERIAL DE PROTEÇÃO E SEGURANÇA;1.500.000.0000;RECURSOS NÃO VINCULADOS DE IMPOSTOS;20,00
PREFEITURA MUNICIPAL DE BARBACENA;21.001;GCM;2.145;MANUTENÇAO DA GCM;11;APOIO A ADMINISTRAÇAO PUBLICA;6;Segurança Pública;122;Administração Geral;562;3.3.90.39.43.00.00.00;SERVIÇOS DE TELECOMUNICAÇÕES;1.500.000.0000;RECURSOS NÃO VINCULADOS DE IMPOSTOS;10.008,74
PREFEITURA MUNICIPAL DE BARBACENA;21.001;GCM;2.145;MANUTENÇAO DA GCM;11;APOIO A ADMINISTRAÇAO PUBLICA;6;Segurança Pública;122;Administração Geral;562;3.3.90.39.99.00.00.00;OUTROS SERVIÇOS DE TERCEIROS - PESSOA JURÍDICA;1.500.000.0000;RECURSOS NÃO VINCULADOS DE IMPOSTOS;505.982,66
PREFEITURA MUNICIPAL DE BARBACENA;21.001;GCM;2.145;MANUTENÇAO DA GCM;11;APOIO A ADMINISTRAÇAO PUBLICA;6;Segurança Pública;122;Administração Geral;562;3.3.90.39.12.00.00.00;LOCAÇÃO DE MÁQUINAS E EQUIPAMENTOS;1.500.000.0000;RECURSOS NÃO VINCULADOS DE IMPOSTOS;4.620,48
PREFEITURA MUNICIPAL DE BARBACENA;21.001;GCM;2.145;MANUTENÇAO DA GCM;11;APOIO A ADMINISTRAÇAO PUBLICA;6;Segurança Pública;122;Administração Geral;562;3.3.90.39.70.00.00.00;AQUISIÇÃO DE SOFTWARES DE APLICAÇÃO;1.500.000.0000;RECURSOS NÃO VINCULADOS DE IMPOSTOS;132.209,47
PREFEITURA MUNICIPAL DE BARBACENA;21.001;GCM;2.145;MANUTENÇAO DA GCM;11;APOIO A ADMINISTRAÇAO PUBLICA;6;Segurança Pública;122;Administração Geral;562;3.3.90.39.27.00.00.00;FORNECIMENTO DE ALIMENTAÇÃO;1.500.000.0000;RECURSOS NÃO VINCULADOS DE IMPOSTOS;4.396,00
PREFEITURA MUNICIPAL DE BARBACENA;21.001;GCM;2.145;MANUTENÇAO DA GCM;11;APOIO A ADMINISTRAÇAO PUBLICA;6;Segurança Pública;122;Administração Geral;562;3.3.90.39.05.00.00.00;SERVIÇOS TÉCNICOS PROFISSIONAIS;1.500.000.0000;RECURSOS NÃO VINCULADOS DE IMPOSTOS;11.960,00
PREFEITURA MUNICIPAL DE BARBACENA;21.001;GCM;2.145;MANUTENÇAO DA GCM;11;APOIO A ADMINISTRAÇAO PUBLICA;6;Segurança Pública;122;Administração Geral;562;3.3.90.39.53.00.00.00;SEGUROS EM GERAL;1.500.000.0000;RECURSOS NÃO VINCULADOS DE IMPOSTOS;10.376,80
PREFEITURA MUNICIPAL DE BARBACENA;21.001;GCM;2.145;MANUTENÇAO DA GCM;11;APOIO A ADMINISTRAÇAO PUBLICA;6;Segurança Pública;122;Administração Geral;565;3.3.90.92.00.00.00.00;DESPESAS DE EXERCÍCIOS ANTERIORES;1.500.000.0000;RECURSOS NÃO VINCULADOS DE IMPOSTOS;720,00
PREFEITURA MUNICIPAL DE BARBACENA;21.001;GCM;2.145;MANUTENÇAO DA GCM;11;APOIO A ADMINISTRAÇAO PUBLICA;6;Segurança Pública;122;Administração Geral;566;4.4.90.52.12.00.00.00;EQUIPAMENTO DE PROTEÇÃO, SEGURANÇA E SOCORRO;1.500.000.0000;RECURSOS NÃO VINCULADOS DE IMPOSTOS;668,00
PREFEITURA MUNICIPAL DE BARBACENA;21.001;GCM;2.145;MANUTENÇAO DA GCM;11;APOIO A ADMINISTRAÇAO PUBLICA;6;Segurança Pública;122;Administração Geral;1020;3.1.90.92.99.00.00.00;OUTRAS DESPESAS DE EXERCÍCIOS ANTERIORES;1.500.000.0000;RECURSOS NÃO VINCULADOS DE IMPOSTOS;2.101,32
PREFEITURA MUNICIPAL DE BARBACENA;21.001;GCM;2.145;MANUTENÇAO DA GCM;11;APOIO A ADMINISTRAÇAO PUBLICA;6;Segurança Pública;122;Administração Geral;1023;3.3.90.33.99.00.00.00;OUTRAS DESPESAS COM LOCOMOÇÃO;1.500.000.0000;RECURSOS NÃO VINCULADOS DE IMPOSTOS;1.200,00
PREFEITURA MUNICIPAL DE BARBACENA;21.001;GCM;2.145;MANUTENÇAO DA GCM;11;APOIO A ADMINISTRAÇAO PUBLICA;6;Segurança Pública;122;Administração Geral;1023;3.3.90.33.01.00.00.00;LOCAÇÃO DE VEÍCULOS PARA LOCOMOÇÃO DE PESSOAS;1.500.000.0000;RECURSOS NÃO VINCULADOS DE IMPOSTOS;240,00
PREFEITURA MUNICIPAL DE BARBACENA;21.001;GCM;2.144;PESSOAL E ENCARGOS SOCIAIS DA GCM;11;APOIO A ADMINISTRAÇAO PUBLICA;6;Segurança Pública;181;Policiamento;567;3.1.90.04.15.00.00.00;OBRIGAÇÕES PATRONAIS - CONTRATO TEMPORÁRIO;1.500.000.0000;RECURSOS NÃO VINCULADOS DE IMPOSTOS;8.004,01
PREFEITURA MUNICIPAL DE BARBACENA;21.001;GCM;2.144;PESSOAL E ENCARGOS SOCIAIS DA GCM;11;APOIO A ADMINISTRAÇAO PUBLICA;6;Segurança Pública;181;Policiamento;567;3.1.90.04.01.00.00.00;SALÁRIO CONTRATO TEMPORÁRIO;1.500.000.0000;RECURSOS NÃO VINCULADOS DE IMPOSTOS;83.749,84
PREFEITURA MUNICIPAL DE BARBACENA;21.001;GCM;2.144;PESSOAL E ENCARGOS SOCIAIS DA GCM;11;APOIO A ADMINISTRAÇAO PUBLICA;6;Segurança Pública;181;Policiamento;567;3.1.90.04.15.00.00.00;OBRIGAÇÕES PATRONAIS - CONTRATO TEMPORÁRIO;1.753.000.0000;RECURSOS PROVENIENTES DE TAXAS, CONTRIBUIÇÕES E PREÇOS PÚBLICOS;615,84
PREFEITURA MUNICIPAL DE BARBACENA;21.001;GCM;2.144;PESSOAL E ENCARGOS SOCIAIS DA GCM;11;APOIO A ADMINISTRAÇAO PUBLICA;6;Segurança Pública;181;Policiamento;567;3.1.90.04.01.00.00.00;SALÁRIO CONTRATO TEMPORÁRIO;1.753.000.0000;RECURSOS PROVENIENTES DE TAXAS, CONTRIBUIÇÕES E PREÇOS PÚBLICOS;7.801,72
PREFEITURA MUNICIPAL DE BARBACENA;21.001;GCM;2.144;PESSOAL E ENCARGOS SOCIAIS DA GCM;11;APOIO A ADMINISTRAÇAO PUBLICA;6;Segurança Pública;181;Policiamento;568;3.1.90.11.01.00.00.00;VENCIMENTOS E SALÁRIOS;1.500.000.0000;RECURSOS NÃO VINCULADOS DE IMPOSTOS;5.323.470,91
PREFEITURA MUNICIPAL DE BARBACENA;21.001;GCM;2.144;PESSOAL E ENCARGOS SOCIAIS DA GCM;11;APOIO A ADMINISTRAÇAO PUBLICA;6;Segurança Pública;181;Policiamento;568;3.1.90.11.52.00.00.00;LICENÇA SAÚDE;1.500.000.0000;RECURSOS NÃO VINCULADOS DE IMPOSTOS;135.368,12
PREFEITURA MUNICIPAL DE BARBACENA;21.001;GCM;2.144;PESSOAL E ENCARGOS SOCIAIS DA GCM;11;APOIO A ADMINISTRAÇAO PUBLICA;6;Segurança Pública;181;Policiamento;568;3.1.90.11.09.00.00.00;SUBSÍDIO DE SECRETÁRIO MUNICIPAL;1.500.000.0000;RECURSOS NÃO VINCULADOS DE IMPOSTOS;39.232,14
PREFEITURA MUNICIPAL DE BARBACENA;21.001;GCM;2.144;PESSOAL E ENCARGOS SOCIAIS DA GCM;11;APOIO A ADMINISTRAÇAO PUBLICA;6;Segurança Pública;181;Policiamento;568;3.1.90.11.52.00.00.00;LICENÇA SAÚDE;1.753.000.0000;RECURSOS PROVENIENTES DE TAXAS, CONTRIBUIÇÕES E PREÇOS PÚBLICOS;12.486,22
PREFEITURA MUNICIPAL DE BARBACENA;21.001;GCM;2.144;PESSOAL E ENCARGOS SOCIAIS DA GCM;11;APOIO A ADMINISTRAÇAO PUBLICA;6;Segurança Pública;181;Policiamento;568;3.1.90.11.01.00.00.00;VENCIMENTOS E SALÁRIOS;1.753.000.0000;RECURSOS PROVENIENTES DE TAXAS, CONTRIBUIÇÕES E PREÇOS PÚBLICOS;451.880,69
PREFEITURA MUNICIPAL DE BARBACENA;21.001;GCM;2.144;PESSOAL E ENCARGOS SOCIAIS DA GCM;11;APOIO A ADMINISTRAÇAO PUBLICA;6;Segurança Pública;181;Policiamento;569;3.1.90.13.03.00.00.00;CONTRIBUIÇÃO PATRONAL PARA INSS;1.500.000.0000;RECURSOS NÃO VINCULADOS DE IMPOSTOS;9.887,16
PREFEITURA MUNICIPAL DE BARBACENA;21.001;GCM;2.144;PESSOAL E ENCARGOS SOCIAIS DA GCM;11;APOIO A ADMINISTRAÇAO PUBLICA;6;Segurança Pública;181;Policiamento;569;3.1.90.13.03.00.00.00;CONTRIBUIÇÃO PATRONAL PARA INSS;1.753.000.0000;RECURSOS PROVENIENTES DE TAXAS, CONTRIBUIÇÕES E PREÇOS PÚBLICOS;844,38
PREFEITURA MUNICIPAL DE BARBACENA;21.001;GCM;2.144;PESSOAL E ENCARGOS SOCIAIS DA GCM;11;APOIO A ADMINISTRAÇAO PUBLICA;6;Segurança Pública;181;Policiamento;572;3.1.91.13.08.00.00.00;CONTRIB. PREV.- RPPS - PESSOAL ATIVO - PLANO PREV.;1.500.000.0000;RECURSOS NÃO VINCULADOS DE IMPOSTOS;1.185.683,87
PREFEITURA MUNICIPAL DE BARBACENA;21.001;GCM;2.144;PESSOAL E ENCARGOS SOCIAIS DA GCM;11;APOIO A ADMINISTRAÇAO PUBLICA;6;Segurança Pública;181;Policiamento;572;3.1.91.13.08.00.00.00;CONTRIB. PREV.- RPPS - PESSOAL ATIVO - PLANO PREV.;1.753.000.0000;RECURSOS PROVENIENTES DE TAXAS, CONTRIBUIÇÕES E PREÇOS PÚBLICOS;97.168,42
PREFEITURA MUNICIPAL DE BARBACENA;21.001;GCM;2.144;PESSOAL E ENCARGOS SOCIAIS DA GCM;11;APOIO A ADMINISTRAÇAO PUBLICA;6;Segurança Pública;181;Policiamento;574;3.3.90.18.00.00.00.00;AUXÍLIO FINANCEIRO A ESTUDANTES;1.500.000.0000;RECURSOS NÃO VINCULADOS DE IMPOSTOS;2.124,94
PREFEITURA MUNICIPAL DE BARBACENA;21.001;GCM;2.144;PESSOAL E ENCARGOS SOCIAIS DA GCM;11;APOIO A ADMINISTRAÇAO PUBLICA;6;Segurança Pública;181;Policiamento;574;3.3.90.18.00.00.00.00;AUXÍLIO FINANCEIRO A ESTUDANTES;1.753.000.0000;RECURSOS PROVENIENTES DE TAXAS, CONTRIBUIÇÕES E PREÇOS PÚBLICOS;243,33
PREFEITURA MUNICIPAL DE BARBACENA;21.001;GCM;2.144;PESSOAL E ENCARGOS SOCIAIS DA GCM;11;APOIO A ADMINISTRAÇAO PUBLICA;6;Segurança Pública;181;Policiamento;575;3.3.90.19.00.00.00.00;AUXÍLIO-FARDAMENTO;1.500.000.0000;RECURSOS NÃO VINCULADOS DE IMPOSTOS;228.168,72
PREFEITURA MUNICIPAL DE BARBACENA;21.001;GCM;2.144;PESSOAL E ENCARGOS SOCIAIS DA GCM;11;APOIO A ADMINISTRAÇAO PUBLICA;6;Segurança Pública;181;Policiamento;576;3.3.90.46.00.00.00.00;AUXÍLIO-ALIMENTAÇÃO;1.500.000.0000;RECURSOS NÃO VINCULADOS DE IMPOSTOS;493.550,00
PREFEITURA MUNICIPAL DE BARBACENA;21.001;GCM;2.144;PESSOAL E ENCARGOS SOCIAIS DA GCM;11;APOIO A ADMINISTRAÇAO PUBLICA;6;Segurança Pública;181;Policiamento;576;3.3.90.46.00.00.00.00;AUXÍLIO-ALIMENTAÇÃO;1.753.000.0000;RECURSOS PROVENIENTES DE TAXAS, CONTRIBUIÇÕES E PREÇOS PÚBLICOS;37.200,00
PREFEITURA MUNICIPAL DE BARBACENA;21.002;FUNDO MUNICIPAL DE DEFESA CIVIL;2.182;MANUTENÇAO DAS ATIVIDADES DA DEFESA CIVIL;32;BARBACENA RESILIENTE;6;Segurança Pública;182;Defesa Civil;582;3.3.90.39.12.00.00.00;LOCAÇÃO DE MÁQUINAS E EQUIPAMENTOS;1.500.000.0000;RECURSOS NÃO VINCULADOS DE IMPOSTOS;4.620,48
PREFEITURA MUNICIPAL DE BARBACENA;21.002;FUNDO MUNICIPAL DE DEFESA CIVIL;2.182;MANUTENÇAO DAS ATIVIDADES DA DEFESA CIVIL;32;BARBACENA RESILIENTE;6;Segurança Pública;182;Defesa Civil;983;3.3.90.93.03.00.00.00;OUTRAS INDENIZAÇÕES E RESTITUIÇÕES;1.700.000.0000;OUTRAS TRANSFERÊNCIAS DE CONVÊNIOS OU INSTRUMENTOS CONGÊNERES DA UNIÃO;10.430,70
PREFEITURA MUNICIPAL DE BARBACENA;21.002;FUNDO MUNICIPAL DE DEFESA CIVIL;2.182;MANUTENÇAO DAS ATIVIDADES DA DEFESA CIVIL;32;BARBACENA RESILIENTE;6;Segurança Pública;182;Defesa Civil;983;3.3.90.93.03.00.00.00;OUTRAS INDENIZAÇÕES E RESTITUIÇÕES;2.700.000.0000;OUTRAS TRANSFERÊNCIAS DE CONVÊNIOS OU INSTRUMENTOS CONGÊNERES DA UNIÃO;1.258.657,65
PREFEITURA MUNICIPAL DE BARBACENA;23.001;AGM;2.132;PESSOAL E ENCARGOS SOCIAIS DA AGM;11;APOIO A ADMINISTRAÇAO PUBLICA;3;Essencial à Justiça;92;Representação Judicial  e Extrajudicial;590;3.1.90.04.15.00.00.00;OBRIGAÇÕES PATRONAIS - CONTRATO TEMPORÁRIO;1.500.000.0000;RECURSOS NÃO VINCULADOS DE IMPOSTOS;11.704,19
PREFEITURA MUNICIPAL DE BARBACENA;23.001;AGM;2.132;PESSOAL E ENCARGOS SOCIAIS DA AGM;11;APOIO A ADMINISTRAÇAO PUBLICA;3;Essencial à Justiça;92;Representação Judicial  e Extrajudicial;590;3.1.90.04.01.00.00.00;SALÁRIO CONTRATO TEMPORÁRIO;1.500.000.0000;RECURSOS NÃO VINCULADOS DE IMPOSTOS;119.812,03
PREFEITURA MUNICIPAL DE BARBACENA;23.001;AGM;2.132;PESSOAL E ENCARGOS SOCIAIS DA AGM;11;APOIO A ADMINISTRAÇAO PUBLICA;3;Essencial à Justiça;92;Representação Judicial  e Extrajudicial;590;3.1.90.04.15.00.00.00;OBRIGAÇÕES PATRONAIS - CONTRATO TEMPORÁRIO;1.753.000.0000;RECURSOS PROVENIENTES DE TAXAS, CONTRIBUIÇÕES E PREÇOS PÚBLICOS;986,89
PREFEITURA MUNICIPAL DE BARBACENA;23.001;AGM;2.132;PESSOAL E ENCARGOS SOCIAIS DA AGM;11;APOIO A ADMINISTRAÇAO PUBLICA;3;Essencial à Justiça;92;Representação Judicial  e Extrajudicial;590;3.1.90.04.01.00.00.00;SALÁRIO CONTRATO TEMPORÁRIO;1.753.000.0000;RECURSOS PROVENIENTES DE TAXAS, CONTRIBUIÇÕES E PREÇOS PÚBLICOS;22.586,04
PREFEITURA MUNICIPAL DE BARBACENA;23.001;AGM;2.132;PESSOAL E ENCARGOS SOCIAIS DA AGM;11;APOIO A ADMINISTRAÇAO PUBLICA;3;Essencial à Justiça;92;Representação Judicial  e Extrajudicial;591;3.1.90.11.01.00.00.00;VENCIMENTOS E SALÁRIOS;1.500.000.0000;RECURSOS NÃO VINCULADOS DE IMPOSTOS;2.088.616,43
PREFEITURA MUNICIPAL DE BARBACENA;23.001;AGM;2.132;PESSOAL E ENCARGOS SOCIAIS DA AGM;11;APOIO A ADMINISTRAÇAO PUBLICA;3;Essencial à Justiça;92;Representação Judicial  e Extrajudicial;591;3.1.90.11.52.00.00.00;LICENÇA SAÚDE;1.500.000.0000;RECURSOS NÃO VINCULADOS DE IMPOSTOS;58.640,36
PREFEITURA MUNICIPAL DE BARBACENA;23.001;AGM;2.132;PESSOAL E ENCARGOS SOCIAIS DA AGM;11;APOIO A ADMINISTRAÇAO PUBLICA;3;Essencial à Justiça;92;Representação Judicial  e Extrajudicial;591;3.1.90.11.50.00.00.00;SALÁRIO MATERNIDADE;1.500.000.0000;RECURSOS NÃO VINCULADOS DE IMPOSTOS;23.481,20
PREFEITURA MUNICIPAL DE BARBACENA;23.001;AGM;2.132;PESSOAL E ENCARGOS SOCIAIS DA AGM;11;APOIO A ADMINISTRAÇAO PUBLICA;3;Essencial à Justiça;92;Representação Judicial  e Extrajudicial;591;3.1.90.11.01.00.00.00;VENCIMENTOS E SALÁRIOS;1.753.000.0000;RECURSOS PROVENIENTES DE TAXAS, CONTRIBUIÇÕES E PREÇOS PÚBLICOS;168.757,60
PREFEITURA MUNICIPAL DE BARBACENA;23.001;AGM;2.132;PESSOAL E ENCARGOS SOCIAIS DA AGM;11;APOIO A ADMINISTRAÇAO PUBLICA;3;Essencial à Justiça;92;Representação Judicial  e Extrajudicial;591;3.1.90.11.50.00.00.00;SALÁRIO MATERNIDADE;1.753.000.0000;RECURSOS PROVENIENTES DE TAXAS, CONTRIBUIÇÕES E PREÇOS PÚBLICOS;7.328,91
PREFEITURA MUNICIPAL DE BARBACENA;23.001;AGM;2.132;PESSOAL E ENCARGOS SOCIAIS DA AGM;11;APOIO A ADMINISTRAÇAO PUBLICA;3;Essencial à Justiça;92;Representação Judicial  e Extrajudicial;592;3.1.90.13.03.00.00.00;CONTRIBUIÇÃO PATRONAL PARA INSS;1.500.000.0000;RECURSOS NÃO VINCULADOS DE IMPOSTOS;35.464,34
PREFEITURA MUNICIPAL DE BARBACENA;23.001;AGM;2.132;PESSOAL E ENCARGOS SOCIAIS DA AGM;11;APOIO A ADMINISTRAÇAO PUBLICA;3;Essencial à Justiça;92;Representação Judicial  e Extrajudicial;592;3.1.90.13.03.00.00.00;CONTRIBUIÇÃO PATRONAL PARA INSS;1.753.000.0000;RECURSOS PROVENIENTES DE TAXAS, CONTRIBUIÇÕES E PREÇOS PÚBLICOS;2.955,36
PREFEITURA MUNICIPAL DE BARBACENA;23.001;AGM;2.132;PESSOAL E ENCARGOS SOCIAIS DA AGM;11;APOIO A ADMINISTRAÇAO PUBLICA;3;Essencial à Justiça;92;Representação Judicial  e Extrajudicial;594;3.1.91.13.08.00.00.00;CONTRIB. PREV.- RPPS - PESSOAL ATIVO - PLANO PREV.;1.500.000.0000;RECURSOS NÃO VINCULADOS DE IMPOSTOS;488.180,63
PREFEITURA MUNICIPAL DE BARBACENA;23.001;AGM;2.132;PESSOAL E ENCARGOS SOCIAIS DA AGM;11;APOIO A ADMINISTRAÇAO PUBLICA;3;Essencial à Justiça;92;Representação Judicial  e Extrajudicial;594;3.1.91.13.08.00.00.00;CONTRIB. PREV.- RPPS - PESSOAL ATIVO - PLANO PREV.;1.753.000.0000;RECURSOS PROVENIENTES DE TAXAS, CONTRIBUIÇÕES E PREÇOS PÚBLICOS;39.726,13
PREFEITURA MUNICIPAL DE BARBACENA;23.001;AGM;2.132;PESSOAL E ENCARGOS SOCIAIS DA AGM;11;APOIO A ADMINISTRAÇAO PUBLICA;3;Essencial à Justiça;92;Representação Judicial  e Extrajudicial;595;3.3.90.08.05.00.00.00;AUXÍLIO NATALIDADE;1.500.000.0000;RECURSOS NÃO VINCULADOS DE IMPOSTOS;3.297,50
PREFEITURA MUNICIPAL DE BARBACENA;23.001;AGM;2.132;PESSOAL E ENCARGOS SOCIAIS DA AGM;11;APOIO A ADMINISTRAÇAO PUBLICA;3;Essencial à Justiça;92;Representação Judicial  e Extrajudicial;597;3.3.90.46.00.00.00.00;AUXÍLIO-ALIMENTAÇÃO;1.500.000.0000;RECURSOS NÃO VINCULADOS DE IMPOSTOS;159.515,00
PREFEITURA MUNICIPAL DE BARBACENA;23.001;AGM;2.132;PESSOAL E ENCARGOS SOCIAIS DA AGM;11;APOIO A ADMINISTRAÇAO PUBLICA;3;Essencial à Justiça;92;Representação Judicial  e Extrajudicial;597;3.3.90.46.00.00.00.00;AUXÍLIO-ALIMENTAÇÃO;1.753.000.0000;RECURSOS PROVENIENTES DE TAXAS, CONTRIBUIÇÕES E PREÇOS PÚBLICOS;14.400,00
PREFEITURA MUNICIPAL DE BARBACENA;23.001;AGM;2.132;PESSOAL E ENCARGOS SOCIAIS DA AGM;11;APOIO A ADMINISTRAÇAO PUBLICA;3;Essencial à Justiça;92;Representação Judicial  e Extrajudicial;1048;3.1.90.16.00.00.00.00;OUTRAS DESPESAS VARIÁVEIS - PESSOAL CIVIL;1.501.000.0000;OUTROS RECURSOS NÃO VINCULADOS;345.431,66
PREFEITURA MUNICIPAL DE BARBACENA;23.001;AGM;2.131;MANUTENÇAO DA AGM;11;APOIO A ADMINISTRAÇAO PUBLICA;3;Essencial à Justiça;122;Administração Geral;598;3.1.90.91.26.00.00.00;SENTENÇA JUDICIAL DE PEQ VALOR - ATIVO CIVIL;1.500.000.0000;RECURSOS NÃO VINCULADOS DE IMPOSTOS;149.795,80
PREFEITURA MUNICIPAL DE BARBACENA;23.001;AGM;2.131;MANUTENÇAO DA AGM;11;APOIO A ADMINISTRAÇAO PUBLICA;3;Essencial à Justiça;122;Administração Geral;599;3.3.90.14.05.00.00.00;DIÁRIAS DE DEMAIS SERVIDORES;1.500.000.0000;RECURSOS NÃO VINCULADOS DE IMPOSTOS;1.100,00
PREFEITURA MUNICIPAL DE BARBACENA;23.001;AGM;2.131;MANUTENÇAO DA AGM;11;APOIO A ADMINISTRAÇAO PUBLICA;3;Essencial à Justiça;122;Administração Geral;602;3.3.90.36.99.00.00.00;OUTROS SERVIÇOS DE PESSOA FÍSICA;1.501.000.0000;OUTROS RECURSOS NÃO VINCULADOS;178.466,54
PREFEITURA MUNICIPAL DE BARBACENA;23.001;AGM;2.131;MANUTENÇAO DA AGM;11;APOIO A ADMINISTRAÇAO PUBLICA;3;Essencial à Justiça;122;Administração Geral;603;3.3.90.39.33.00.00.00;SERVIÇOS DE COMUNICAÇÃO EM GERAL;1.500.000.0000;RECURSOS NÃO VINCULADOS DE IMPOSTOS;30.000,00
PREFEITURA MUNICIPAL DE BARBACENA;23.001;AGM;2.131;MANUTENÇAO DA AGM;11;APOIO A ADMINISTRAÇAO PUBLICA;3;Essencial à Justiça;122;Administração Geral;603;3.3.90.39.50.00.00.00;SERVIÇOS JUDICIÁRIOS;1.500.000.0000;RECURSOS NÃO VINCULADOS DE IMPOSTOS;0,00
PREFEITURA MUNICIPAL DE BARBACENA;23.001;AGM;2.131;MANUTENÇAO DA AGM;11;APOIO A ADMINISTRAÇAO PUBLICA;3;Essencial à Justiça;122;Administração Geral;603;3.3.90.39.99.00.00.00;OUTROS SERVIÇOS DE TERCEIROS - PESSOA JURÍDICA;1.500.000.0000;RECURSOS NÃO VINCULADOS DE IMPOSTOS;14.342,24
PREFEITURA MUNICIPAL DE BARBACENA;23.001;AGM;2.131;MANUTENÇAO DA AGM;11;APOIO A ADMINISTRAÇAO PUBLICA;3;Essencial à Justiça;122;Administração Geral;603;3.3.90.39.43.00.00.00;SERVIÇOS DE TELECOMUNICAÇÕES;1.500.000.0000;RECURSOS NÃO VINCULADOS DE IMPOSTOS;6.877,66
PREFEITURA MUNICIPAL DE BARBACENA;23.001;AGM;2.131;MANUTENÇAO DA AGM;11;APOIO A ADMINISTRAÇAO PUBLICA;3;Essencial à Justiça;122;Administração Geral;603;3.3.90.39.12.00.00.00;LOCAÇÃO DE MÁQUINAS E EQUIPAMENTOS;1.500.000.0000;RECURSOS NÃO VINCULADOS DE IMPOSTOS;9.240,96
PREFEITURA MUNICIPAL DE BARBACENA;23.001;AGM;2.131;MANUTENÇAO DA AGM;11;APOIO A ADMINISTRAÇAO PUBLICA;3;Essencial à Justiça;122;Administração Geral;603;3.3.90.39.05.00.00.00;SERVIÇOS TÉCNICOS PROFISSIONAIS;1.500.000.0000;RECURSOS NÃO VINCULADOS DE IMPOSTOS;2.197,93
PREFEITURA MUNICIPAL DE BARBACENA;23.001;AGM;2.131;MANUTENÇAO DA AGM;11;APOIO A ADMINISTRAÇAO PUBLICA;3;Essencial à Justiça;122;Administração Geral;605;3.3.90.91.99.00.00.00;OUTRAS SENTENÇAS JUDICIAIS E DECISÕES JUDICIAIS;1.500.000.0000;RECURSOS NÃO VINCULADOS DE IMPOSTOS;87.556,16
PREFEITURA MUNICIPAL DE BARBACENA;23.001;AGM;2.131;MANUTENÇAO DA AGM;11;APOIO A ADMINISTRAÇAO PUBLICA;3;Essencial à Justiça;122;Administração Geral;606;3.3.90.92.00.00.00.00;DESPESAS DE EXERCÍCIOS ANTERIORES;1.500.000.0000;RECURSOS NÃO VINCULADOS DE IMPOSTOS;180,00
PREFEITURA MUNICIPAL DE BARBACENA;23.001;AGM;2.131;MANUTENÇAO DA AGM;11;APOIO A ADMINISTRAÇAO PUBLICA;3;Essencial à Justiça;122;Administração Geral;607;3.3.90.93.03.00.00.00;OUTRAS INDENIZAÇÕES E RESTITUIÇÕES;1.500.000.0000;RECURSOS NÃO VINCULADOS DE IMPOSTOS;7.259,89
PREFEITURA MUNICIPAL DE BARBACENA;23.001;AGM;2.131;MANUTENÇAO DA AGM;11;APOIO A ADMINISTRAÇAO PUBLICA;3;Essencial à Justiça;122;Administração Geral;608;4.4.90.52.24.00.00.00;MOBILIÁRIO EM GERAL;1.500.000.0000;RECURSOS NÃO VINCULADOS DE IMPOSTOS;11.970,00
PREFEITURA MUNICIPAL DE BARBACENA;23.001;AGM;2.131;MANUTENÇAO DA AGM;11;APOIO A ADMINISTRAÇAO PUBLICA;3;Essencial à Justiça;122;Administração Geral;608;4.4.90.52.20.00.00.00;MÁQUINAS, INSTALAÇÕES E UTENSÍLIOS DE ESCRITÓRIO;1.500.000.0000;RECURSOS NÃO VINCULADOS DE IMPOSTOS;2.910,00
PREFEITURA MUNICIPAL DE BARBACENA;24.001;SETRAM;2.672;MANUTENÇÃO DO TERMINAL RODOVIÁRIO DE BARBACENA;11;APOIO A ADMINISTRAÇAO PUBLICA;4;Administração;122;Administração Geral;618;3.1.90.04.15.00.00.00;OBRIGAÇÕES PATRONAIS - CONTRATO TEMPORÁRIO;1.500.000.0000;RECURSOS NÃO VINCULADOS DE IMPOSTOS;7.164,66
PREFEITURA MUNICIPAL DE BARBACENA;24.001;SETRAM;2.672;MANUTENÇÃO DO TERMINAL RODOVIÁRIO DE BARBACENA;11;APOIO A ADMINISTRAÇAO PUBLICA;4;Administração;122;Administração Geral;618;3.1.90.04.01.00.00.00;SALÁRIO CONTRATO TEMPORÁRIO;1.500.000.0000;RECURSOS NÃO VINCULADOS DE IMPOSTOS;73.573,17
PREFEITURA MUNICIPAL DE BARBACENA;24.001;SETRAM;2.672;MANUTENÇÃO DO TERMINAL RODOVIÁRIO DE BARBACENA;11;APOIO A ADMINISTRAÇAO PUBLICA;4;Administração;122;Administração Geral;618;3.1.90.04.01.00.00.00;SALÁRIO CONTRATO TEMPORÁRIO;1.753.000.0000;RECURSOS PROVENIENTES DE TAXAS, CONTRIBUIÇÕES E PREÇOS PÚBLICOS;7.056,01
PREFEITURA MUNICIPAL DE BARBACENA;24.001;SETRAM;2.672;MANUTENÇÃO DO TERMINAL RODOVIÁRIO DE BARBACENA;11;APOIO A ADMINISTRAÇAO PUBLICA;4;Administração;122;Administração Geral;618;3.1.90.04.15.00.00.00;OBRIGAÇÕES PATRONAIS - CONTRATO TEMPORÁRIO;1.753.000.0000;RECURSOS PROVENIENTES DE TAXAS, CONTRIBUIÇÕES E PREÇOS PÚBLICOS;590,45
PREFEITURA MUNICIPAL DE BARBACENA;24.001;SETRAM;2.672;MANUTENÇÃO DO TERMINAL RODOVIÁRIO DE BARBACENA;11;APOIO A ADMINISTRAÇAO PUBLICA;4;Administração;122;Administração Geral;619;3.1.90.11.01.00.00.00;VENCIMENTOS E SALÁRIOS;1.500.000.0000;RECURSOS NÃO VINCULADOS DE IMPOSTOS;15.282,12
PREFEITURA MUNICIPAL DE BARBACENA;24.001;SETRAM;2.672;MANUTENÇÃO DO TERMINAL RODOVIÁRIO DE BARBACENA;11;APOIO A ADMINISTRAÇAO PUBLICA;4;Administração;122;Administração Geral;619;3.1.90.11.01.00.00.00;VENCIMENTOS E SALÁRIOS;1.753.000.0000;RECURSOS PROVENIENTES DE TAXAS, CONTRIBUIÇÕES E PREÇOS PÚBLICOS;5.478,92
PREFEITURA MUNICIPAL DE BARBACENA;24.001;SETRAM;2.672;MANUTENÇÃO DO TERMINAL RODOVIÁRIO DE BARBACENA;11;APOIO A ADMINISTRAÇAO PUBLICA;4;Administração;122;Administração Geral;620;3.1.90.13.03.00.00.00;CONTRIBUIÇÃO PATRONAL PARA INSS;1.500.000.0000;RECURSOS NÃO VINCULADOS DE IMPOSTOS;1.502,41
PREFEITURA MUNICIPAL DE BARBACENA;24.001;SETRAM;2.672;MANUTENÇÃO DO TERMINAL RODOVIÁRIO DE BARBACENA;11;APOIO A ADMINISTRAÇAO PUBLICA;4;Administração;122;Administração Geral;620;3.1.90.13.03.00.00.00;CONTRIBUIÇÃO PATRONAL PARA INSS;1.753.000.0000;RECURSOS PROVENIENTES DE TAXAS, CONTRIBUIÇÕES E PREÇOS PÚBLICOS;537,33
PREFEITURA MUNICIPAL DE BARBACENA;24.001;SETRAM;2.672;MANUTENÇÃO DO TERMINAL RODOVIÁRIO DE BARBACENA;11;APOIO A ADMINISTRAÇAO PUBLICA;4;Administração;122;Administração Geral;624;3.3.90.30.28.00.00.00;MATERIAL DE PROTEÇÃO E SEGURANÇA;1.500.000.0000;RECURSOS NÃO VINCULADOS DE IMPOSTOS;48,00
PREFEITURA MUNICIPAL DE BARBACENA;24.001;SETRAM;2.672;MANUTENÇÃO DO TERMINAL RODOVIÁRIO DE BARBACENA;11;APOIO A ADMINISTRAÇAO PUBLICA;4;Administração;122;Administração Geral;624;3.3.90.30.22.00.00.00;MATERIAL DE LIMPEZA E PRODUÇÃO DE HIGIENIZAÇÃO;1.500.000.0000;RECURSOS NÃO VINCULADOS DE IMPOSTOS;54.309,32
PREFEITURA MUNICIPAL DE BARBACENA;24.001;SETRAM;2.672;MANUTENÇÃO DO TERMINAL RODOVIÁRIO DE BARBACENA;11;APOIO A ADMINISTRAÇAO PUBLICA;4;Administração;122;Administração Geral;626;3.3.90.39.99.00.00.00;OUTROS SERVIÇOS DE TERCEIROS - PESSOA JURÍDICA;1.500.000.0000;RECURSOS NÃO VINCULADOS DE IMPOSTOS;356.334,00
PREFEITURA MUNICIPAL DE BARBACENA;24.001;SETRAM;2.672;MANUTENÇÃO DO TERMINAL RODOVIÁRIO DE BARBACENA;11;APOIO A ADMINISTRAÇAO PUBLICA;4;Administração;122;Administração Geral;626;3.3.90.39.43.00.00.00;SERVIÇOS DE TELECOMUNICAÇÕES;1.500.000.0000;RECURSOS NÃO VINCULADOS DE IMPOSTOS;4.218,00
PREFEITURA MUNICIPAL DE BARBACENA;24.001;SETRAM;2.672;MANUTENÇÃO DO TERMINAL RODOVIÁRIO DE BARBACENA;11;APOIO A ADMINISTRAÇAO PUBLICA;4;Administração;122;Administração Geral;626;3.3.90.39.15.00.00.00;MANUTENÇÃO E CONSERVAÇÃO DE MÁQUINAS E EQUIPAM.;1.500.000.0000;RECURSOS NÃO VINCULADOS DE IMPOSTOS;37.074,75
PREFEITURA MUNICIPAL DE BARBACENA;24.001;SETRAM;2.672;MANUTENÇÃO DO TERMINAL RODOVIÁRIO DE BARBACENA;11;APOIO A ADMINISTRAÇAO PUBLICA;4;Administração;122;Administração Geral;626;3.3.90.39.12.00.00.00;LOCAÇÃO DE MÁQUINAS E EQUIPAMENTOS;1.500.000.0000;RECURSOS NÃO VINCULADOS DE IMPOSTOS;4.620,48
PREFEITURA MUNICIPAL DE BARBACENA;24.001;SETRAM;2.672;MANUTENÇÃO DO TERMINAL RODOVIÁRIO DE BARBACENA;11;APOIO A ADMINISTRAÇAO PUBLICA;4;Administração;122;Administração Geral;626;3.3.90.39.30.00.00.00;SERVIÇOS DE ÁGUA E ESGOTO;1.500.000.0000;RECURSOS NÃO VINCULADOS DE IMPOSTOS;60.000,00
PREFEITURA MUNICIPAL DE BARBACENA;24.001;SETRAM;2.672;MANUTENÇÃO DO TERMINAL RODOVIÁRIO DE BARBACENA;11;APOIO A ADMINISTRAÇAO PUBLICA;4;Administração;122;Administração Geral;626;3.3.90.39.60.00.00.00;VIGILÂNCIA OSTENSIVA;1.500.000.0000;RECURSOS NÃO VINCULADOS DE IMPOSTOS;89.611,16
PREFEITURA MUNICIPAL DE BARBACENA;24.001;SETRAM;2.672;MANUTENÇÃO DO TERMINAL RODOVIÁRIO DE BARBACENA;11;APOIO A ADMINISTRAÇAO PUBLICA;4;Administração;122;Administração Geral;626;3.3.90.39.99.00.00.00;OUTROS SERVIÇOS DE TERCEIROS - PESSOA JURÍDICA;1.501.000.0000;OUTROS RECURSOS NÃO VINCULADOS;1.932,00
PREFEITURA MUNICIPAL DE BARBACENA;24.001;SETRAM;2.672;MANUTENÇÃO DO TERMINAL RODOVIÁRIO DE BARBACENA;11;APOIO A ADMINISTRAÇAO PUBLICA;4;Administração;122;Administração Geral;628;3.3.90.46.00.00.00.00;AUXÍLIO-ALIMENTAÇÃO;1.500.000.0000;RECURSOS NÃO VINCULADOS DE IMPOSTOS;27.640,00
PREFEITURA MUNICIPAL DE BARBACENA;24.001;SETRAM;2.672;MANUTENÇÃO DO TERMINAL RODOVIÁRIO DE BARBACENA;11;APOIO A ADMINISTRAÇAO PUBLICA;4;Administração;122;Administração Geral;628;3.3.90.46.00.00.00.00;AUXÍLIO-ALIMENTAÇÃO;1.753.000.0000;RECURSOS PROVENIENTES DE TAXAS, CONTRIBUIÇÕES E PREÇOS PÚBLICOS;2.400,00
PREFEITURA MUNICIPAL DE BARBACENA;24.001;SETRAM;2.672;MANUTENÇÃO DO TERMINAL RODOVIÁRIO DE BARBACENA;11;APOIO A ADMINISTRAÇAO PUBLICA;4;Administração;122;Administração Geral;630;3.3.90.92.00.00.00.00;DESPESAS DE EXERCÍCIOS ANTERIORES;1.500.000.0000;RECURSOS NÃO VINCULADOS DE IMPOSTOS;360,00
PREFEITURA MUNICIPAL DE BARBACENA;24.001;SETRAM;2.672;MANUTENÇÃO DO TERMINAL RODOVIÁRIO DE BARBACENA;11;APOIO A ADMINISTRAÇAO PUBLICA;4;Administração;122;Administração Geral;631;4.4.90.52.12.00.00.00;EQUIPAMENTO DE PROTEÇÃO, SEGURANÇA E SOCORRO;1.500.000.0000;RECURSOS NÃO VINCULADOS DE IMPOSTOS;1.670,00
PREFEITURA MUNICIPAL DE BARBACENA;24.001;SETRAM;2.156;GESTAO OPERACIONAL DO TRANSITO MUNICIPAL;27;MOBILIDADE URBANA;4;Administração;451;Infra-Estrutura Urbana;636;3.3.90.39.48.00.00.00;SERVIÇOS GRÁFICOS;1.500.000.0000;RECURSOS NÃO VINCULADOS DE IMPOSTOS;5.293,80
PREFEITURA MUNICIPAL DE BARBACENA;24.001;SETRAM;2.193;MANUTENÇÃO DA SETRAM;27;MOBILIDADE URBANA;15;Urbanismo;451;Infra-Estrutura Urbana;644;3.3.90.14.05.00.00.00;DIÁRIAS DE DEMAIS SERVIDORES;1.500.000.0000;RECURSOS NÃO VINCULADOS DE IMPOSTOS;2.000,00
PREFEITURA MUNICIPAL DE BARBACENA;24.001;SETRAM;2.193;MANUTENÇÃO DA SETRAM;27;MOBILIDADE URBANA;15;Urbanismo;451;Infra-Estrutura Urbana;644;3.3.90.14.04.00.00.00;DIÁRIAS DE SECRETÁRIOS;1.500.000.0000;RECURSOS NÃO VINCULADOS DE IMPOSTOS;1.000,00
PREFEITURA MUNICIPAL DE BARBACENA;24.001;SETRAM;2.193;MANUTENÇÃO DA SETRAM;27;MOBILIDADE URBANA;15;Urbanismo;451;Infra-Estrutura Urbana;645;3.3.90.30.04.00.00.00;GÁS ENGARRAFADO;1.500.000.0000;RECURSOS NÃO VINCULADOS DE IMPOSTOS;113,00
PREFEITURA MUNICIPAL DE BARBACENA;24.001;SETRAM;2.193;MANUTENÇÃO DA SETRAM;27;MOBILIDADE URBANA;15;Urbanismo;451;Infra-Estrutura Urbana;645;3.3.90.30.28.00.00.00;MATERIAL DE PROTEÇÃO E SEGURANÇA;1.500.000.0000;RECURSOS NÃO VINCULADOS DE IMPOSTOS;10.721,18
PREFEITURA MUNICIPAL DE BARBACENA;24.001;SETRAM;2.193;MANUTENÇÃO DA SETRAM;27;MOBILIDADE URBANA;15;Urbanismo;451;Infra-Estrutura Urbana;647;3.3.90.39.43.00.00.00;SERVIÇOS DE TELECOMUNICAÇÕES;1.500.000.0000;RECURSOS NÃO VINCULADOS DE IMPOSTOS;18.360,12
PREFEITURA MUNICIPAL DE BARBACENA;24.001;SETRAM;2.193;MANUTENÇÃO DA SETRAM;27;MOBILIDADE URBANA;15;Urbanismo;451;Infra-Estrutura Urbana;647;3.3.90.39.33.00.00.00;SERVIÇOS DE COMUNICAÇÃO EM GERAL;1.500.000.0000;RECURSOS NÃO VINCULADOS DE IMPOSTOS;145.800,00
PREFEITURA MUNICIPAL DE BARBACENA;24.001;SETRAM;2.193;MANUTENÇÃO DA SETRAM;27;MOBILIDADE URBANA;15;Urbanismo;451;Infra-Estrutura Urbana;647;3.3.90.39.05.00.00.00;SERVIÇOS TÉCNICOS PROFISSIONAIS;1.500.000.0000;RECURSOS NÃO VINCULADOS DE IMPOSTOS;11.960,00
PREFEITURA MUNICIPAL DE BARBACENA;24.001;SETRAM;2.193;MANUTENÇÃO DA SETRAM;27;MOBILIDADE URBANA;15;Urbanismo;451;Infra-Estrutura Urbana;648;4.4.90.52.18.00.00.00;MÁQUINAS, UTENSÍLIOS E EQUIPAMENTOS DIVERSOS;1.500.000.0000;RECURSOS NÃO VINCULADOS DE IMPOSTOS;7.508,00
PREFEITURA MUNICIPAL DE BARBACENA;24.001;SETRAM;2.193;MANUTENÇÃO DA SETRAM;27;MOBILIDADE URBANA;15;Urbanismo;451;Infra-Estrutura Urbana;648;4.4.90.52.99.00.00.00;OUTROS MATERIAIS PERMANENTES;1.501.000.0000;OUTROS RECURSOS NÃO VINCULADOS;1.953,04
PREFEITURA MUNICIPAL DE BARBACENA;24.001;SETRAM;2.193;MANUTENÇÃO DA SETRAM;27;MOBILIDADE URBANA;15;Urbanismo;451;Infra-Estrutura Urbana;981;3.3.90.92.00.00.00.00;DESPESAS DE EXERCÍCIOS ANTERIORES;1.500.000.0000;RECURSOS NÃO VINCULADOS DE IMPOSTOS;1.190,00
PREFEITURA MUNICIPAL DE BARBACENA;24.001;SETRAM;2.196;PESSOAL E ENCARGOS SOCIAIS DA SETRAM;27;MOBILIDADE URBANA;15;Urbanismo;451;Infra-Estrutura Urbana;649;3.1.90.04.01.00.00.00;SALÁRIO CONTRATO TEMPORÁRIO;1.500.000.0000;RECURSOS NÃO VINCULADOS DE IMPOSTOS;591.524,19
PREFEITURA MUNICIPAL DE BARBACENA;24.001;SETRAM;2.196;PESSOAL E ENCARGOS SOCIAIS DA SETRAM;27;MOBILIDADE URBANA;15;Urbanismo;451;Infra-Estrutura Urbana;649;3.1.90.04.15.00.00.00;OBRIGAÇÕES PATRONAIS - CONTRATO TEMPORÁRIO;1.500.000.0000;RECURSOS NÃO VINCULADOS DE IMPOSTOS;56.327,40
PREFEITURA MUNICIPAL DE BARBACENA;24.001;SETRAM;2.196;PESSOAL E ENCARGOS SOCIAIS DA SETRAM;27;MOBILIDADE URBANA;15;Urbanismo;451;Infra-Estrutura Urbana;649;3.1.90.04.15.00.00.00;OBRIGAÇÕES PATRONAIS - CONTRATO TEMPORÁRIO;1.753.000.0000;RECURSOS PROVENIENTES DE TAXAS, CONTRIBUIÇÕES E PREÇOS PÚBLICOS;4.575,86
PREFEITURA MUNICIPAL DE BARBACENA;24.001;SETRAM;2.196;PESSOAL E ENCARGOS SOCIAIS DA SETRAM;27;MOBILIDADE URBANA;15;Urbanismo;451;Infra-Estrutura Urbana;649;3.1.90.04.01.00.00.00;SALÁRIO CONTRATO TEMPORÁRIO;1.753.000.0000;RECURSOS PROVENIENTES DE TAXAS, CONTRIBUIÇÕES E PREÇOS PÚBLICOS;47.767,26
PREFEITURA MUNICIPAL DE BARBACENA;24.001;SETRAM;2.196;PESSOAL E ENCARGOS SOCIAIS DA SETRAM;27;MOBILIDADE URBANA;15;Urbanismo;451;Infra-Estrutura Urbana;650;3.1.90.11.01.00.00.00;VENCIMENTOS E SALÁRIOS;1.500.000.0000;RECURSOS NÃO VINCULADOS DE IMPOSTOS;1.559.992,98
PREFEITURA MUNICIPAL DE BARBACENA;24.001;SETRAM;2.196;PESSOAL E ENCARGOS SOCIAIS DA SETRAM;27;MOBILIDADE URBANA;15;Urbanismo;451;Infra-Estrutura Urbana;650;3.1.90.11.09.00.00.00;SUBSÍDIO DE SECRETÁRIO MUNICIPAL;1.500.000.0000;RECURSOS NÃO VINCULADOS DE IMPOSTOS;119.837,28
PREFEITURA MUNICIPAL DE BARBACENA;24.001;SETRAM;2.196;PESSOAL E ENCARGOS SOCIAIS DA SETRAM;27;MOBILIDADE URBANA;15;Urbanismo;451;Infra-Estrutura Urbana;650;3.1.90.11.52.00.00.00;LICENÇA SAÚDE;1.500.000.0000;RECURSOS NÃO VINCULADOS DE IMPOSTOS;7.362,91
PREFEITURA MUNICIPAL DE BARBACENA;24.001;SETRAM;2.196;PESSOAL E ENCARGOS SOCIAIS DA SETRAM;27;MOBILIDADE URBANA;15;Urbanismo;451;Infra-Estrutura Urbana;650;3.1.90.11.01.00.00.00;VENCIMENTOS E SALÁRIOS;1.753.000.0000;RECURSOS PROVENIENTES DE TAXAS, CONTRIBUIÇÕES E PREÇOS PÚBLICOS;120.555,84
PREFEITURA MUNICIPAL DE BARBACENA;24.001;SETRAM;2.196;PESSOAL E ENCARGOS SOCIAIS DA SETRAM;27;MOBILIDADE URBANA;15;Urbanismo;451;Infra-Estrutura Urbana;650;3.1.90.11.09.00.00.00;SUBSÍDIO DE SECRETÁRIO MUNICIPAL;1.753.000.0000;RECURSOS PROVENIENTES DE TAXAS, CONTRIBUIÇÕES E PREÇOS PÚBLICOS;18.806,19
PREFEITURA MUNICIPAL DE BARBACENA;24.001;SETRAM;2.196;PESSOAL E ENCARGOS SOCIAIS DA SETRAM;27;MOBILIDADE URBANA;15;Urbanismo;451;Infra-Estrutura Urbana;651;3.1.90.13.99.00.00.00;OUTRAS OBRIGAÇÕES;1.500.000.0000;RECURSOS NÃO VINCULADOS DE IMPOSTOS;10.796,43
PREFEITURA MUNICIPAL DE BARBACENA;24.001;SETRAM;2.196;PESSOAL E ENCARGOS SOCIAIS DA SETRAM;27;MOBILIDADE URBANA;15;Urbanismo;451;Infra-Estrutura Urbana;651;3.1.90.13.03.00.00.00;CONTRIBUIÇÃO PATRONAL PARA INSS;1.500.000.0000;RECURSOS NÃO VINCULADOS DE IMPOSTOS;65.495,31
PREFEITURA MUNICIPAL DE BARBACENA;24.001;SETRAM;2.196;PESSOAL E ENCARGOS SOCIAIS DA SETRAM;27;MOBILIDADE URBANA;15;Urbanismo;451;Infra-Estrutura Urbana;651;3.1.90.13.03.00.00.00;CONTRIBUIÇÃO PATRONAL PARA INSS;1.753.000.0000;RECURSOS PROVENIENTES DE TAXAS, CONTRIBUIÇÕES E PREÇOS PÚBLICOS;5.182,52
PREFEITURA MUNICIPAL DE BARBACENA;24.001;SETRAM;2.196;PESSOAL E ENCARGOS SOCIAIS DA SETRAM;27;MOBILIDADE URBANA;15;Urbanismo;451;Infra-Estrutura Urbana;653;3.1.91.13.08.00.00.00;CONTRIB. PREV.- RPPS - PESSOAL ATIVO - PLANO PREV.;1.500.000.0000;RECURSOS NÃO VINCULADOS DE IMPOSTOS;220.521,11
PREFEITURA MUNICIPAL DE BARBACENA;24.001;SETRAM;2.196;PESSOAL E ENCARGOS SOCIAIS DA SETRAM;27;MOBILIDADE URBANA;15;Urbanismo;451;Infra-Estrutura Urbana;653;3.1.91.13.08.00.00.00;CONTRIB. PREV.- RPPS - PESSOAL ATIVO - PLANO PREV.;1.753.000.0000;RECURSOS PROVENIENTES DE TAXAS, CONTRIBUIÇÕES E PREÇOS PÚBLICOS;17.758,05
PREFEITURA MUNICIPAL DE BARBACENA;24.001;SETRAM;2.196;PESSOAL E ENCARGOS SOCIAIS DA SETRAM;27;MOBILIDADE URBANA;15;Urbanismo;451;Infra-Estrutura Urbana;657;3.3.90.46.00.00.00.00;AUXÍLIO-ALIMENTAÇÃO;1.500.000.0000;RECURSOS NÃO VINCULADOS DE IMPOSTOS;383.650,00
PREFEITURA MUNICIPAL DE BARBACENA;24.001;SETRAM;2.196;PESSOAL E ENCARGOS SOCIAIS DA SETRAM;27;MOBILIDADE URBANA;15;Urbanismo;451;Infra-Estrutura Urbana;657;3.3.90.46.00.00.00.00;AUXÍLIO-ALIMENTAÇÃO;1.753.000.0000;RECURSOS PROVENIENTES DE TAXAS, CONTRIBUIÇÕES E PREÇOS PÚBLICOS;33.000,00
PREFEITURA MUNICIPAL DE BARBACENA;24.002;FUNDO MUNICIPAL DE TRANSPORTES E TRÂNSITO - FMTT;2.156;GESTAO OPERACIONAL DO TRANSITO MUNICIPAL;27;MOBILIDADE URBANA;4;Administração;451;Infra-Estrutura Urbana;658;3.3.90.30.37.00.00.00;MATERIAL PARA MANUTENÇÃO DE VEÍCULOS;1.752.000.0000;RECURSOS VINCULADOS AO TRÂNSITO;17.000,00
PREFEITURA MUNICIPAL DE BARBACENA;24.002;FUNDO MUNICIPAL DE TRANSPORTES E TRÂNSITO - FMTT;2.156;GESTAO OPERACIONAL DO TRANSITO MUNICIPAL;27;MOBILIDADE URBANA;4;Administração;451;Infra-Estrutura Urbana;658;3.3.90.30.40.00.00.00;FERRAMENTAS;1.752.000.0000;RECURSOS VINCULADOS AO TRÂNSITO;19.752,22
PREFEITURA MUNICIPAL DE BARBACENA;24.002;FUNDO MUNICIPAL DE TRANSPORTES E TRÂNSITO - FMTT;2.156;GESTAO OPERACIONAL DO TRANSITO MUNICIPAL;27;MOBILIDADE URBANA;4;Administração;451;Infra-Estrutura Urbana;658;3.3.90.30.24.00.00.00;MATERIAL PARA MANUTENÇÃO DE BENS IMÓVEIS;1.752.000.0000;RECURSOS VINCULADOS AO TRÂNSITO;70,95
PREFEITURA MUNICIPAL DE BARBACENA;24.002;FUNDO MUNICIPAL DE TRANSPORTES E TRÂNSITO - FMTT;2.156;GESTAO OPERACIONAL DO TRANSITO MUNICIPAL;27;MOBILIDADE URBANA;4;Administração;451;Infra-Estrutura Urbana;658;3.3.90.30.42.00.00.00;MATERIAL DE SINALIZAÇÃO VISUAL E AFINS;1.752.000.0000;RECURSOS VINCULADOS AO TRÂNSITO;6.449,70
PREFEITURA MUNICIPAL DE BARBACENA;24.002;FUNDO MUNICIPAL DE TRANSPORTES E TRÂNSITO - FMTT;2.156;GESTAO OPERACIONAL DO TRANSITO MUNICIPAL;27;MOBILIDADE URBANA;4;Administração;451;Infra-Estrutura Urbana;658;3.3.90.30.40.00.00.00;FERRAMENTAS;2.752.000.0000;RECURSOS VINCULADOS AO TRÂNSITO;40.921,26
PREFEITURA MUNICIPAL DE BARBACENA;24.002;FUNDO MUNICIPAL DE TRANSPORTES E TRÂNSITO - FMTT;2.156;GESTAO OPERACIONAL DO TRANSITO MUNICIPAL;27;MOBILIDADE URBANA;4;Administração;451;Infra-Estrutura Urbana;658;3.3.90.30.42.00.00.00;MATERIAL DE SINALIZAÇÃO VISUAL E AFINS;2.752.000.0000;RECURSOS VINCULADOS AO TRÂNSITO;61.642,04
PREFEITURA MUNICIPAL DE BARBACENA;24.002;FUNDO MUNICIPAL DE TRANSPORTES E TRÂNSITO - FMTT;2.156;GESTAO OPERACIONAL DO TRANSITO MUNICIPAL;27;MOBILIDADE URBANA;4;Administração;451;Infra-Estrutura Urbana;659;3.3.90.39.99.00.00.00;OUTROS SERVIÇOS DE TERCEIROS - PESSOA JURÍDICA;1.752.000.0000;RECURSOS VINCULADOS AO TRÂNSITO;242.133,87
PREFEITURA MUNICIPAL DE BARBACENA;24.002;FUNDO MUNICIPAL DE TRANSPORTES E TRÂNSITO - FMTT;2.156;GESTAO OPERACIONAL DO TRANSITO MUNICIPAL;27;MOBILIDADE URBANA;4;Administração;451;Infra-Estrutura Urbana;659;3.3.90.39.70.00.00.00;AQUISIÇÃO DE SOFTWARES DE APLICAÇÃO;1.752.000.0000;RECURSOS VINCULADOS AO TRÂNSITO;269.036,75
PREFEITURA MUNICIPAL DE BARBACENA;24.002;FUNDO MUNICIPAL DE TRANSPORTES E TRÂNSITO - FMTT;2.156;GESTAO OPERACIONAL DO TRANSITO MUNICIPAL;27;MOBILIDADE URBANA;4;Administração;451;Infra-Estrutura Urbana;659;3.3.90.39.12.00.00.00;LOCAÇÃO DE MÁQUINAS E EQUIPAMENTOS;1.752.000.0000;RECURSOS VINCULADOS AO TRÂNSITO;694.303,04
PREFEITURA MUNICIPAL DE BARBACENA;24.002;FUNDO MUNICIPAL DE TRANSPORTES E TRÂNSITO - FMTT;2.156;GESTAO OPERACIONAL DO TRANSITO MUNICIPAL;27;MOBILIDADE URBANA;4;Administração;451;Infra-Estrutura Urbana;659;3.3.90.39.43.00.00.00;SERVIÇOS DE TELECOMUNICAÇÕES;1.752.000.0000;RECURSOS VINCULADOS AO TRÂNSITO;4.320,00
PREFEITURA MUNICIPAL DE BARBACENA;24.002;FUNDO MUNICIPAL DE TRANSPORTES E TRÂNSITO - FMTT;2.156;GESTAO OPERACIONAL DO TRANSITO MUNICIPAL;27;MOBILIDADE URBANA;4;Administração;451;Infra-Estrutura Urbana;659;3.3.90.39.48.00.00.00;SERVIÇOS GRÁFICOS;1.752.000.0000;RECURSOS VINCULADOS AO TRÂNSITO;3.962,77
PREFEITURA MUNICIPAL DE BARBACENA;24.002;FUNDO MUNICIPAL DE TRANSPORTES E TRÂNSITO - FMTT;2.156;GESTAO OPERACIONAL DO TRANSITO MUNICIPAL;27;MOBILIDADE URBANA;4;Administração;451;Infra-Estrutura Urbana;659;3.3.90.39.53.00.00.00;SEGUROS EM GERAL;1.752.000.0000;RECURSOS VINCULADOS AO TRÂNSITO;5.337,36
PREFEITURA MUNICIPAL DE BARBACENA;24.002;FUNDO MUNICIPAL DE TRANSPORTES E TRÂNSITO - FMTT;2.156;GESTAO OPERACIONAL DO TRANSITO MUNICIPAL;27;MOBILIDADE URBANA;4;Administração;451;Infra-Estrutura Urbana;659;3.3.90.39.99.00.00.00;OUTROS SERVIÇOS DE TERCEIROS - PESSOA JURÍDICA;2.752.000.0000;RECURSOS VINCULADOS AO TRÂNSITO;79.789,20
PREFEITURA MUNICIPAL DE BARBACENA;24.002;FUNDO MUNICIPAL DE TRANSPORTES E TRÂNSITO - FMTT;2.156;GESTAO OPERACIONAL DO TRANSITO MUNICIPAL;27;MOBILIDADE URBANA;4;Administração;451;Infra-Estrutura Urbana;659;3.3.90.39.12.00.00.00;LOCAÇÃO DE MÁQUINAS E EQUIPAMENTOS;2.752.000.0000;RECURSOS VINCULADOS AO TRÂNSITO;33.001,17
PREFEITURA MUNICIPAL DE BARBACENA;24.002;FUNDO MUNICIPAL DE TRANSPORTES E TRÂNSITO - FMTT;2.156;GESTAO OPERACIONAL DO TRANSITO MUNICIPAL;27;MOBILIDADE URBANA;4;Administração;451;Infra-Estrutura Urbana;659;3.3.90.39.70.00.00.00;AQUISIÇÃO DE SOFTWARES DE APLICAÇÃO;2.752.000.0000;RECURSOS VINCULADOS AO TRÂNSITO;52.800,00
PREFEITURA MUNICIPAL DE BARBACENA;24.002;FUNDO MUNICIPAL DE TRANSPORTES E TRÂNSITO - FMTT;2.156;GESTAO OPERACIONAL DO TRANSITO MUNICIPAL;27;MOBILIDADE URBANA;4;Administração;451;Infra-Estrutura Urbana;661;3.3.90.92.00.00.00.00;DESPESAS DE EXERCÍCIOS ANTERIORES;1.752.000.0000;RECURSOS VINCULADOS AO TRÂNSITO;1.440,00
PREFEITURA MUNICIPAL DE BARBACENA;24.002;FUNDO MUNICIPAL DE TRANSPORTES E TRÂNSITO - FMTT;2.156;GESTAO OPERACIONAL DO TRANSITO MUNICIPAL;27;MOBILIDADE URBANA;4;Administração;451;Infra-Estrutura Urbana;663;4.4.90.52.14.00.00.00;MÁQUINAS E EQUIPAMENTOS DE NATUREZA INDUSTRIAL;1.752.000.0000;RECURSOS VINCULADOS AO TRÂNSITO;321.800,00
PREFEITURA MUNICIPAL DE BARBACENA;24.002;FUNDO MUNICIPAL DE TRANSPORTES E TRÂNSITO - FMTT;2.156;GESTAO OPERACIONAL DO TRANSITO MUNICIPAL;27;MOBILIDADE URBANA;4;Administração;451;Infra-Estrutura Urbana;663;4.4.90.52.21.00.00.00;MÁQUINAS, FERRAMENTAS E UTENSÍLIOS DE OFICINA;1.752.000.0000;RECURSOS VINCULADOS AO TRÂNSITO;6.240,94
PREFEITURA MUNICIPAL DE BARBACENA;24.002;FUNDO MUNICIPAL DE TRANSPORTES E TRÂNSITO - FMTT;2.156;GESTAO OPERACIONAL DO TRANSITO MUNICIPAL;27;MOBILIDADE URBANA;4;Administração;451;Infra-Estrutura Urbana;663;4.4.90.52.18.00.00.00;MÁQUINAS, UTENSÍLIOS E EQUIPAMENTOS DIVERSOS;1.752.000.0000;RECURSOS VINCULADOS AO TRÂNSITO;193,00
PREFEITURA MUNICIPAL DE BARBACENA;24.002;FUNDO MUNICIPAL DE TRANSPORTES E TRÂNSITO - FMTT;2.156;GESTAO OPERACIONAL DO TRANSITO MUNICIPAL;27;MOBILIDADE URBANA;4;Administração;451;Infra-Estrutura Urbana;663;4.4.90.52.21.00.00.00;MÁQUINAS, FERRAMENTAS E UTENSÍLIOS DE OFICINA;2.752.000.0000;RECURSOS VINCULADOS AO TRÂNSITO;4.452,00
PREFEITURA MUNICIPAL DE BARBACENA;24.002;FUNDO MUNICIPAL DE TRANSPORTES E TRÂNSITO - FMTT;2.156;GESTAO OPERACIONAL DO TRANSITO MUNICIPAL;27;MOBILIDADE URBANA;4;Administração;451;Infra-Estrutura Urbana;663;4.4.90.52.03.00.00.00;APARELHOS E EQUIPAMENTOS DE COMUNICAÇÃO;2.752.000.0000;RECURSOS VINCULADOS AO TRÂNSITO;98.500,00
PREFEITURA MUNICIPAL DE BARBACENA;25.001;SEMAS;1.430;REFORMA ESTRUTURAL PREDIO SECRETARIA MUNICIPAL DE ASSISTÊNCIA SOCIAL;11;APOIO A ADMINISTRAÇAO PUBLICA;8;Assistência Social;122;Administração Geral;670;4.4.90.51.02.00.00.00;OBRAS E INSTALAÇÕES DE DOMÍNIO PATRIMONIAL;1.501.000.0000;OUTROS RECURSOS NÃO VINCULADOS;36.297,00
PREFEITURA MUNICIPAL DE BARBACENA;25.001;SEMAS;1.430;REFORMA ESTRUTURAL PREDIO SECRETARIA MUNICIPAL DE ASSISTÊNCIA SOCIAL;11;APOIO A ADMINISTRAÇAO PUBLICA;8;Assistência Social;122;Administração Geral;670;4.4.90.51.01.00.00.00;OBRAS E INSTALAÇÕES DE DOMÍNIO PÚBLICO;1.501.000.0000;OUTROS RECURSOS NÃO VINCULADOS;41.373,36
PREFEITURA MUNICIPAL DE BARBACENA;25.001;SEMAS;1.431;AQUISIÇÃO DE VEÍCULOS PARA SUPORTE A ASSISTÊNCIA SOCIAL;11;APOIO A ADMINISTRAÇAO PUBLICA;8;Assistência Social;122;Administração Geral;672;4.4.90.52.27.00.00.00;VEÍCULOS DIVERSOS;2.500.000.0000;RECURSOS NÃO VINCULADOS DE IMPOSTOS;15.300,00
PREFEITURA MUNICIPAL DE BARBACENA;25.001;SEMAS;1.431;AQUISIÇÃO DE VEÍCULOS PARA SUPORTE A ASSISTÊNCIA SOCIAL;11;APOIO A ADMINISTRAÇAO PUBLICA;8;Assistência Social;122;Administração Geral;672;4.4.90.52.27.00.00.00;VEÍCULOS DIVERSOS;2.706.000.3110;TRANSFERÊNCIA ESPECIAL DA UNIÃO - TRANSFERÊNCIAS DA UNIÃO DECORRENTES DE EMENDAS PARLAMENTARES INDIVIDUAIS;73.600,00
PREFEITURA MUNICIPAL DE BARBACENA;25.001;SEMAS;2.309;MANUTENÇAO DE AÇÕES DA ASSISTÊNCIA SOCIAL;11;APOIO A ADMINISTRAÇAO PUBLICA;8;Assistência Social;122;Administração Geral;673;3.3.90.14.05.00.00.00;DIÁRIAS DE DEMAIS SERVIDORES;1.500.000.0000;RECURSOS NÃO VINCULADOS DE IMPOSTOS;900,00
PREFEITURA MUNICIPAL DE BARBACENA;25.001;SEMAS;2.309;MANUTENÇAO DE AÇÕES DA ASSISTÊNCIA SOCIAL;11;APOIO A ADMINISTRAÇAO PUBLICA;8;Assistência Social;122;Administração Geral;673;3.3.90.14.04.00.00.00;DIÁRIAS DE SECRETÁRIOS;1.500.000.0000;RECURSOS NÃO VINCULADOS DE IMPOSTOS;3.000,00
PREFEITURA MUNICIPAL DE BARBACENA;25.001;SEMAS;2.309;MANUTENÇAO DE AÇÕES DA ASSISTÊNCIA SOCIAL;11;APOIO A ADMINISTRAÇAO PUBLICA;8;Assistência Social;122;Administração Geral;674;3.3.90.30.07.00.00.00;GÊNEROS DE ALIMENTAÇÃO;1.500.000.0000;RECURSOS NÃO VINCULADOS DE IMPOSTOS;16.152,50
PREFEITURA MUNICIPAL DE BARBACENA;25.001;SEMAS;2.309;MANUTENÇAO DE AÇÕES DA ASSISTÊNCIA SOCIAL;11;APOIO A ADMINISTRAÇAO PUBLICA;8;Assistência Social;122;Administração Geral;674;3.3.90.30.28.00.00.00;MATERIAL DE PROTEÇÃO E SEGURANÇA;1.500.000.0000;RECURSOS NÃO VINCULADOS DE IMPOSTOS;28,00
PREFEITURA MUNICIPAL DE BARBACENA;25.001;SEMAS;2.309;MANUTENÇAO DE AÇÕES DA ASSISTÊNCIA SOCIAL;11;APOIO A ADMINISTRAÇAO PUBLICA;8;Assistência Social;122;Administração Geral;674;3.3.90.30.28.00.00.00;MATERIAL DE PROTEÇÃO E SEGURANÇA;1.753.000.0000;RECURSOS PROVENIENTES DE TAXAS, CONTRIBUIÇÕES E PREÇOS PÚBLICOS;23.942,00
PREFEITURA MUNICIPAL DE BARBACENA;25.001;SEMAS;2.309;MANUTENÇAO DE AÇÕES DA ASSISTÊNCIA SOCIAL;11;APOIO A ADMINISTRAÇAO PUBLICA;8;Assistência Social;122;Administração Geral;674;3.3.90.30.99.00.00.00;OUTROS MATERIAIS DE CONSUMO;1.753.000.0000;RECURSOS PROVENIENTES DE TAXAS, CONTRIBUIÇÕES E PREÇOS PÚBLICOS;21.282,00
PREFEITURA MUNICIPAL DE BARBACENA;25.001;SEMAS;2.309;MANUTENÇAO DE AÇÕES DA ASSISTÊNCIA SOCIAL;11;APOIO A ADMINISTRAÇAO PUBLICA;8;Assistência Social;122;Administração Geral;674;3.3.90.30.24.00.00.00;MATERIAL PARA MANUTENÇÃO DE BENS IMÓVEIS;1.753.000.0000;RECURSOS PROVENIENTES DE TAXAS, CONTRIBUIÇÕES E PREÇOS PÚBLICOS;5.830,00
PREFEITURA MUNICIPAL DE BARBACENA;25.001;SEMAS;2.309;MANUTENÇAO DE AÇÕES DA ASSISTÊNCIA SOCIAL;11;APOIO A ADMINISTRAÇAO PUBLICA;8;Assistência Social;122;Administração Geral;675;3.3.90.33.99.00.00.00;OUTRAS DESPESAS COM LOCOMOÇÃO;1.500.000.0000;RECURSOS NÃO VINCULADOS DE IMPOSTOS;1.720,00
PREFEITURA MUNICIPAL DE BARBACENA;25.001;SEMAS;2.309;MANUTENÇAO DE AÇÕES DA ASSISTÊNCIA SOCIAL;11;APOIO A ADMINISTRAÇAO PUBLICA;8;Assistência Social;122;Administração Geral;675;3.3.90.33.01.00.00.00;LOCAÇÃO DE VEÍCULOS PARA LOCOMOÇÃO DE PESSOAS;1.500.000.0000;RECURSOS NÃO VINCULADOS DE IMPOSTOS;1.360,00
PREFEITURA MUNICIPAL DE BARBACENA;25.001;SEMAS;2.309;MANUTENÇAO DE AÇÕES DA ASSISTÊNCIA SOCIAL;11;APOIO A ADMINISTRAÇAO PUBLICA;8;Assistência Social;122;Administração Geral;677;3.3.90.39.43.00.00.00;SERVIÇOS DE TELECOMUNICAÇÕES;1.500.000.0000;RECURSOS NÃO VINCULADOS DE IMPOSTOS;15.554,88
PREFEITURA MUNICIPAL DE BARBACENA;25.001;SEMAS;2.309;MANUTENÇAO DE AÇÕES DA ASSISTÊNCIA SOCIAL;11;APOIO A ADMINISTRAÇAO PUBLICA;8;Assistência Social;122;Administração Geral;677;3.3.90.39.12.00.00.00;LOCAÇÃO DE MÁQUINAS E EQUIPAMENTOS;1.500.000.0000;RECURSOS NÃO VINCULADOS DE IMPOSTOS;18.481,92
PREFEITURA MUNICIPAL DE BARBACENA;25.001;SEMAS;2.309;MANUTENÇAO DE AÇÕES DA ASSISTÊNCIA SOCIAL;11;APOIO A ADMINISTRAÇAO PUBLICA;8;Assistência Social;122;Administração Geral;677;3.3.90.39.05.00.00.00;SERVIÇOS TÉCNICOS PROFISSIONAIS;1.500.000.0000;RECURSOS NÃO VINCULADOS DE IMPOSTOS;11.960,00
PREFEITURA MUNICIPAL DE BARBACENA;25.001;SEMAS;2.309;MANUTENÇAO DE AÇÕES DA ASSISTÊNCIA SOCIAL;11;APOIO A ADMINISTRAÇAO PUBLICA;8;Assistência Social;122;Administração Geral;677;3.3.90.39.99.00.00.00;OUTROS SERVIÇOS DE TERCEIROS - PESSOA JURÍDICA;1.500.000.0000;RECURSOS NÃO VINCULADOS DE IMPOSTOS;177.103,99
PREFEITURA MUNICIPAL DE BARBACENA;25.001;SEMAS;2.309;MANUTENÇAO DE AÇÕES DA ASSISTÊNCIA SOCIAL;11;APOIO A ADMINISTRAÇAO PUBLICA;8;Assistência Social;122;Administração Geral;677;3.3.90.39.99.00.00.00;OUTROS SERVIÇOS DE TERCEIROS - PESSOA JURÍDICA;1.501.000.0000;OUTROS RECURSOS NÃO VINCULADOS;139.896,01
PREFEITURA MUNICIPAL DE BARBACENA;25.001;SEMAS;2.309;MANUTENÇAO DE AÇÕES DA ASSISTÊNCIA SOCIAL;11;APOIO A ADMINISTRAÇAO PUBLICA;8;Assistência Social;122;Administração Geral;677;3.3.90.39.43.00.00.00;SERVIÇOS DE TELECOMUNICAÇÕES;1.660.000.0000;TRANSFERÊNCIA DE RECURSOS DO FUNDO NACIONAL DE ASSISTÊNCIA SOCIAL - FNAS;23.984,04
PREFEITURA MUNICIPAL DE BARBACENA;25.001;SEMAS;2.309;MANUTENÇAO DE AÇÕES DA ASSISTÊNCIA SOCIAL;11;APOIO A ADMINISTRAÇAO PUBLICA;8;Assistência Social;122;Administração Geral;677;3.3.90.39.99.00.00.00;OUTROS SERVIÇOS DE TERCEIROS - PESSOA JURÍDICA;1.660.000.0000;TRANSFERÊNCIA DE RECURSOS DO FUNDO NACIONAL DE ASSISTÊNCIA SOCIAL - FNAS;81.000,00
PREFEITURA MUNICIPAL DE BARBACENA;25.001;SEMAS;2.309;MANUTENÇAO DE AÇÕES DA ASSISTÊNCIA SOCIAL;11;APOIO A ADMINISTRAÇAO PUBLICA;8;Assistência Social;122;Administração Geral;677;3.3.90.39.99.00.00.00;OUTROS SERVIÇOS DE TERCEIROS - PESSOA JURÍDICA;2.501.000.0000;OUTROS RECURSOS NÃO VINCULADOS;109.000,00
PREFEITURA MUNICIPAL DE BARBACENA;25.001;SEMAS;2.309;MANUTENÇAO DE AÇÕES DA ASSISTÊNCIA SOCIAL;11;APOIO A ADMINISTRAÇAO PUBLICA;8;Assistência Social;122;Administração Geral;677;3.3.90.39.27.00.00.00;FORNECIMENTO DE ALIMENTAÇÃO;2.660.000.0000;TRANSFERÊNCIA DE RECURSOS DO FUNDO NACIONAL DE ASSISTÊNCIA SOCIAL - FNAS;23.935,00
PREFEITURA MUNICIPAL DE BARBACENA;25.001;SEMAS;2.309;MANUTENÇAO DE AÇÕES DA ASSISTÊNCIA SOCIAL;11;APOIO A ADMINISTRAÇAO PUBLICA;8;Assistência Social;122;Administração Geral;680;3.3.90.92.00.00.00.00;DESPESAS DE EXERCÍCIOS ANTERIORES;1.500.000.0000;RECURSOS NÃO VINCULADOS DE IMPOSTOS;1.620,00
PREFEITURA MUNICIPAL DE BARBACENA;25.001;SEMAS;2.309;MANUTENÇAO DE AÇÕES DA ASSISTÊNCIA SOCIAL;11;APOIO A ADMINISTRAÇAO PUBLICA;8;Assistência Social;122;Administração Geral;681;4.4.90.52.20.00.00.00;MÁQUINAS, INSTALAÇÕES E UTENSÍLIOS DE ESCRITÓRIO;1.500.000.0000;RECURSOS NÃO VINCULADOS DE IMPOSTOS;5.820,00
PREFEITURA MUNICIPAL DE BARBACENA;25.001;SEMAS;2.309;MANUTENÇAO DE AÇÕES DA ASSISTÊNCIA SOCIAL;11;APOIO A ADMINISTRAÇAO PUBLICA;8;Assistência Social;122;Administração Geral;681;4.4.90.52.12.00.00.00;EQUIPAMENTO DE PROTEÇÃO, SEGURANÇA E SOCORRO;1.501.000.0000;OUTROS RECURSOS NÃO VINCULADOS;1.002,00
PREFEITURA MUNICIPAL DE BARBACENA;25.001;SEMAS;2.309;MANUTENÇAO DE AÇÕES DA ASSISTÊNCIA SOCIAL;11;APOIO A ADMINISTRAÇAO PUBLICA;8;Assistência Social;122;Administração Geral;681;4.4.90.52.99.00.00.00;OUTROS MATERIAIS PERMANENTES;1.501.000.0000;OUTROS RECURSOS NÃO VINCULADOS;0,00
PREFEITURA MUNICIPAL DE BARBACENA;25.001;SEMAS;2.309;MANUTENÇAO DE AÇÕES DA ASSISTÊNCIA SOCIAL;11;APOIO A ADMINISTRAÇAO PUBLICA;8;Assistência Social;122;Administração Geral;1019;3.3.90.48.00.00.00.00;OUTROS AUXÍLIOS FINANCEIROS A PESSOAS FÍSICAS;1.500.000.0000;RECURSOS NÃO VINCULADOS DE IMPOSTOS;0,00
PREFEITURA MUNICIPAL DE BARBACENA;25.001;SEMAS;2.309;MANUTENÇAO DE AÇÕES DA ASSISTÊNCIA SOCIAL;11;APOIO A ADMINISTRAÇAO PUBLICA;8;Assistência Social;122;Administração Geral;1050;4.4.50.41.00.00.00.00;CONTRIBUIÇÕES;1.500.000.0000;RECURSOS NÃO VINCULADOS DE IMPOSTOS;33.000,00
PREFEITURA MUNICIPAL DE BARBACENA;25.001;SEMAS;2.309;MANUTENÇAO DE AÇÕES DA ASSISTÊNCIA SOCIAL;11;APOIO A ADMINISTRAÇAO PUBLICA;8;Assistência Social;122;Administração Geral;1050;4.4.50.41.00.00.00.00;CONTRIBUIÇÕES;1.501.000.0000;OUTROS RECURSOS NÃO VINCULADOS;16.400,00
PREFEITURA MUNICIPAL DE BARBACENA;25.001;SEMAS;2.309;MANUTENÇAO DE AÇÕES DA ASSISTÊNCIA SOCIAL;11;APOIO A ADMINISTRAÇAO PUBLICA;8;Assistência Social;122;Administração Geral;1055;3.3.90.93.03.00.00.00;OUTRAS INDENIZAÇÕES E RESTITUIÇÕES;1.500.000.0000;RECURSOS NÃO VINCULADOS DE IMPOSTOS;31,29
PREFEITURA MUNICIPAL DE BARBACENA;25.001;SEMAS;2.309;MANUTENÇAO DE AÇÕES DA ASSISTÊNCIA SOCIAL;11;APOIO A ADMINISTRAÇAO PUBLICA;8;Assistência Social;122;Administração Geral;1062;3.3.50.41.00.00.00.00;CONTRIBUIÇÕES;1.501.000.0000;OUTROS RECURSOS NÃO VINCULADOS;133.600,00
PREFEITURA MUNICIPAL DE BARBACENA;25.001;SEMAS;2.322;PESSOAL E ENCARGOS SOCIAIS DA ASSISTÊNCIA SOCIAL;11;APOIO A ADMINISTRAÇAO PUBLICA;8;Assistência Social;122;Administração Geral;682;3.1.90.04.15.00.00.00;OBRIGAÇÕES PATRONAIS - CONTRATO TEMPORÁRIO;1.500.000.0000;RECURSOS NÃO VINCULADOS DE IMPOSTOS;139.621,12
PREFEITURA MUNICIPAL DE BARBACENA;25.001;SEMAS;2.322;PESSOAL E ENCARGOS SOCIAIS DA ASSISTÊNCIA SOCIAL;11;APOIO A ADMINISTRAÇAO PUBLICA;8;Assistência Social;122;Administração Geral;682;3.1.90.04.01.00.00.00;SALÁRIO CONTRATO TEMPORÁRIO;1.500.000.0000;RECURSOS NÃO VINCULADOS DE IMPOSTOS;1.482.292,37
PREFEITURA MUNICIPAL DE BARBACENA;25.001;SEMAS;2.322;PESSOAL E ENCARGOS SOCIAIS DA ASSISTÊNCIA SOCIAL;11;APOIO A ADMINISTRAÇAO PUBLICA;8;Assistência Social;122;Administração Geral;682;3.1.90.04.14.00.00.00;FÉRIAS - ABONO CONSTITUCIONAL - CONTRATO TEMPORÁRIO;1.500.000.0000;RECURSOS NÃO VINCULADOS DE IMPOSTOS;1.320,00
PREFEITURA MUNICIPAL DE BARBACENA;25.001;SEMAS;2.322;PESSOAL E ENCARGOS SOCIAIS DA ASSISTÊNCIA SOCIAL;11;APOIO A ADMINISTRAÇAO PUBLICA;8;Assistência Social;122;Administração Geral;683;3.1.90.11.01.00.00.00;VENCIMENTOS E SALÁRIOS;1.500.000.0000;RECURSOS NÃO VINCULADOS DE IMPOSTOS;1.297.902,48
PREFEITURA MUNICIPAL DE BARBACENA;25.001;SEMAS;2.322;PESSOAL E ENCARGOS SOCIAIS DA ASSISTÊNCIA SOCIAL;11;APOIO A ADMINISTRAÇAO PUBLICA;8;Assistência Social;122;Administração Geral;683;3.1.90.11.52.00.00.00;LICENÇA SAÚDE;1.500.000.0000;RECURSOS NÃO VINCULADOS DE IMPOSTOS;69.518,77
PREFEITURA MUNICIPAL DE BARBACENA;25.001;SEMAS;2.322;PESSOAL E ENCARGOS SOCIAIS DA ASSISTÊNCIA SOCIAL;11;APOIO A ADMINISTRAÇAO PUBLICA;8;Assistência Social;122;Administração Geral;683;3.1.90.11.50.00.00.00;SALÁRIO MATERNIDADE;1.500.000.0000;RECURSOS NÃO VINCULADOS DE IMPOSTOS;6.446,38
PREFEITURA MUNICIPAL DE BARBACENA;25.001;SEMAS;2.322;PESSOAL E ENCARGOS SOCIAIS DA ASSISTÊNCIA SOCIAL;11;APOIO A ADMINISTRAÇAO PUBLICA;8;Assistência Social;122;Administração Geral;683;3.1.90.11.09.00.00.00;SUBSÍDIO DE SECRETÁRIO MUNICIPAL;1.500.000.0000;RECURSOS NÃO VINCULADOS DE IMPOSTOS;141.046,48
PREFEITURA MUNICIPAL DE BARBACENA;25.001;SEMAS;2.322;PESSOAL E ENCARGOS SOCIAIS DA ASSISTÊNCIA SOCIAL;11;APOIO A ADMINISTRAÇAO PUBLICA;8;Assistência Social;122;Administração Geral;684;3.1.90.13.03.00.00.00;CONTRIBUIÇÃO PATRONAL PARA INSS;1.500.000.0000;RECURSOS NÃO VINCULADOS DE IMPOSTOS;76.303,32
PREFEITURA MUNICIPAL DE BARBACENA;25.001;SEMAS;2.322;PESSOAL E ENCARGOS SOCIAIS DA ASSISTÊNCIA SOCIAL;11;APOIO A ADMINISTRAÇAO PUBLICA;8;Assistência Social;122;Administração Geral;686;3.1.91.13.08.00.00.00;CONTRIB. PREV.- RPPS - PESSOAL ATIVO - PLANO PREV.;1.500.000.0000;RECURSOS NÃO VINCULADOS DE IMPOSTOS;188.568,74
PREFEITURA MUNICIPAL DE BARBACENA;25.001;SEMAS;2.322;PESSOAL E ENCARGOS SOCIAIS DA ASSISTÊNCIA SOCIAL;11;APOIO A ADMINISTRAÇAO PUBLICA;8;Assistência Social;122;Administração Geral;689;3.3.90.46.00.00.00.00;AUXÍLIO-ALIMENTAÇÃO;1.500.000.0000;RECURSOS NÃO VINCULADOS DE IMPOSTOS;570.220,00
PREFEITURA MUNICIPAL DE BARBACENA;25.001;SEMAS;2.601;CAPACITAÇÃO DOS CONSELHEIROS MUNICIPAIS E MANUTENÇÃO DO CMAS E CMDCA;55;FORTALECIMENTO DO CONTROLE SOCIAL;8;Assistência Social;128;Formação de Recursos Humanos;696;3.3.90.39.50.00.00.00;SERVIÇOS JUDICIÁRIOS;1.500.000.0000;RECURSOS NÃO VINCULADOS DE IMPOSTOS;4.663,93
PREFEITURA MUNICIPAL DE BARBACENA;25.001;SEMAS;2.460;APOIO A ASSOCIAÇÃO REN. CIDADÃ ORG. DE MEMBROS DA SOC. CIVIL - ARCOM-SC;56;PROTEÇÃO SOCIAL BÁSICA;8;Assistência Social;244;Assistência Comunitária;698;3.3.50.41.00.00.00.00;CONTRIBUIÇÕES;1.501.000.0000;OUTROS RECURSOS NÃO VINCULADOS;40.000,00
PREFEITURA MUNICIPAL DE BARBACENA;25.001;SEMAS;2.464;APOIO A MARTIN LUTHER KING PELA VIDA;56;PROTEÇÃO SOCIAL BÁSICA;8;Assistência Social;244;Assistência Comunitária;700;3.3.50.41.00.00.00.00;CONTRIBUIÇÕES;1.500.000.0000;RECURSOS NÃO VINCULADOS DE IMPOSTOS;80.150,70
PREFEITURA MUNICIPAL DE BARBACENA;25.001;SEMAS;2.464;APOIO A MARTIN LUTHER KING PELA VIDA;56;PROTEÇÃO SOCIAL BÁSICA;8;Assistência Social;244;Assistência Comunitária;700;3.3.50.41.00.00.00.00;CONTRIBUIÇÕES;1.753.000.0000;RECURSOS PROVENIENTES DE TAXAS, CONTRIBUIÇÕES E PREÇOS PÚBLICOS;111.265,45
PREFEITURA MUNICIPAL DE BARBACENA;25.001;SEMAS;2.465;APOIO A OBRAS PASSIONISTAS SÃO PAULO DA CRUZ;56;PROTEÇÃO SOCIAL BÁSICA;8;Assistência Social;244;Assistência Comunitária;701;3.3.50.41.00.00.00.00;CONTRIBUIÇÕES;1.500.000.0000;RECURSOS NÃO VINCULADOS DE IMPOSTOS;88.384,36
PREFEITURA MUNICIPAL DE BARBACENA;25.001;SEMAS;2.465;APOIO A OBRAS PASSIONISTAS SÃO PAULO DA CRUZ;56;PROTEÇÃO SOCIAL BÁSICA;8;Assistência Social;244;Assistência Comunitária;701;3.3.50.41.00.00.00.00;CONTRIBUIÇÕES;1.501.000.0000;OUTROS RECURSOS NÃO VINCULADOS;129.918,62
PREFEITURA MUNICIPAL DE BARBACENA;25.001;SEMAS;2.465;APOIO A OBRAS PASSIONISTAS SÃO PAULO DA CRUZ;56;PROTEÇÃO SOCIAL BÁSICA;8;Assistência Social;244;Assistência Comunitária;1022;4.4.50.41.00.00.00.00;CONTRIBUIÇÕES;1.500.000.0000;RECURSOS NÃO VINCULADOS DE IMPOSTOS;21.615,64
PREFEITURA MUNICIPAL DE BARBACENA;25.001;SEMAS;2.465;APOIO A OBRAS PASSIONISTAS SÃO PAULO DA CRUZ;56;PROTEÇÃO SOCIAL BÁSICA;8;Assistência Social;244;Assistência Comunitária;1022;4.4.50.41.00.00.00.00;CONTRIBUIÇÕES;1.501.000.0000;OUTROS RECURSOS NÃO VINCULADOS;21.615,64
PREFEITURA MUNICIPAL DE BARBACENA;25.001;SEMAS;2.466;APOIO A OBRAS SOCIAIS DE NOSSA SENHORA DE FÁTIMA;56;PROTEÇÃO SOCIAL BÁSICA;8;Assistência Social;244;Assistência Comunitária;702;3.3.50.41.00.00.00.00;CONTRIBUIÇÕES;1.500.000.0000;RECURSOS NÃO VINCULADOS DE IMPOSTOS;81.040,45
PREFEITURA MUNICIPAL DE BARBACENA;25.001;SEMAS;2.466;APOIO A OBRAS SOCIAIS DE NOSSA SENHORA DE FÁTIMA;56;PROTEÇÃO SOCIAL BÁSICA;8;Assistência Social;244;Assistência Comunitária;702;3.3.50.41.00.00.00.00;CONTRIBUIÇÕES;1.501.000.0000;OUTROS RECURSOS NÃO VINCULADOS;166.792,82
PREFEITURA MUNICIPAL DE BARBACENA;25.001;SEMAS;2.466;APOIO A OBRAS SOCIAIS DE NOSSA SENHORA DE FÁTIMA;56;PROTEÇÃO SOCIAL BÁSICA;8;Assistência Social;244;Assistência Comunitária;1031;4.4.50.41.00.00.00.00;CONTRIBUIÇÕES;1.500.000.0000;RECURSOS NÃO VINCULADOS DE IMPOSTOS;2.303,74
PREFEITURA MUNICIPAL DE BARBACENA;25.001;SEMAS;2.466;APOIO A OBRAS SOCIAIS DE NOSSA SENHORA DE FÁTIMA;56;PROTEÇÃO SOCIAL BÁSICA;8;Assistência Social;244;Assistência Comunitária;1031;4.4.50.41.00.00.00.00;CONTRIBUIÇÕES;1.501.000.0000;OUTROS RECURSOS NÃO VINCULADOS;4.741,44
PREFEITURA MUNICIPAL DE BARBACENA;25.001;SEMAS;2.479;APOIO AS OBRAS SOCIAIS SANTO ANTÔNIO;56;PROTEÇÃO SOCIAL BÁSICA;8;Assistência Social;244;Assistência Comunitária;705;3.3.50.41.00.00.00.00;CONTRIBUIÇÕES;1.500.000.0000;RECURSOS NÃO VINCULADOS DE IMPOSTOS;50.000,00
PREFEITURA MUNICIPAL DE BARBACENA;25.001;SEMAS;2.479;APOIO AS OBRAS SOCIAIS SANTO ANTÔNIO;56;PROTEÇÃO SOCIAL BÁSICA;8;Assistência Social;244;Assistência Comunitária;705;3.3.50.41.00.00.00.00;CONTRIBUIÇÕES;1.501.000.0000;OUTROS RECURSOS NÃO VINCULADOS;10.500,00
PREFEITURA MUNICIPAL DE BARBACENA;25.001;SEMAS;2.479;APOIO AS OBRAS SOCIAIS SANTO ANTÔNIO;56;PROTEÇÃO SOCIAL BÁSICA;8;Assistência Social;244;Assistência Comunitária;1036;4.4.50.41.00.00.00.00;CONTRIBUIÇÕES;1.501.000.0000;OUTROS RECURSOS NÃO VINCULADOS;9.500,00
PREFEITURA MUNICIPAL DE BARBACENA;25.001;SEMAS;2.481;APOIO AO GRUPO ESCOTEIRO DO AR -  GUARDIÃO DA MANTIQUEIRA;56;PROTEÇÃO SOCIAL BÁSICA;8;Assistência Social;244;Assistência Comunitária;706;3.3.50.41.00.00.00.00;CONTRIBUIÇÕES;1.501.000.0000;OUTROS RECURSOS NÃO VINCULADOS;26.150,70
PREFEITURA MUNICIPAL DE BARBACENA;25.001;SEMAS;2.485;APOIO A ASSOCIAÇÃO DOS DIABÉTICOS DE BARBACENA - ASSODIBAR;56;PROTEÇÃO SOCIAL BÁSICA;8;Assistência Social;244;Assistência Comunitária;707;3.3.50.41.00.00.00.00;CONTRIBUIÇÕES;1.501.000.0000;OUTROS RECURSOS NÃO VINCULADOS;10.000,00
PREFEITURA MUNICIPAL DE BARBACENA;25.001;SEMAS;2.492;APOIO AO INSTITUTO SOCIOAMBIENTAL DAS VERTENTES - IVERT;56;PROTEÇÃO SOCIAL BÁSICA;8;Assistência Social;244;Assistência Comunitária;710;3.3.50.41.00.00.00.00;CONTRIBUIÇÕES;1.501.000.0000;OUTROS RECURSOS NÃO VINCULADOS;25.000,00
PREFEITURA MUNICIPAL DE BARBACENA;25.001;SEMAS;2.488;APOIO A ORG LAR FREDERICO OZANAM;58;PROTEÇÃO SOCIAL ESPECIAL DE ALTA COMPLEXIDADE;8;Assistência Social;244;Assistência Comunitária;1030;4.4.50.41.00.00.00.00;CONTRIBUIÇÕES;1.501.000.0000;OUTROS RECURSOS NÃO VINCULADOS;55.383,56
PREFEITURA MUNICIPAL DE BARBACENA;25.001;SEMAS;2.497;APOIO AO LAR SÃO CAETANO;58;PROTEÇÃO SOCIAL ESPECIAL DE ALTA COMPLEXIDADE;8;Assistência Social;244;Assistência Comunitária;1024;4.4.50.41.00.00.00.00;CONTRIBUIÇÕES;1.500.000.0000;RECURSOS NÃO VINCULADOS DE IMPOSTOS;22.922,60
PREFEITURA MUNICIPAL DE BARBACENA;25.001;SEMAS;2.497;APOIO AO LAR SÃO CAETANO;58;PROTEÇÃO SOCIAL ESPECIAL DE ALTA COMPLEXIDADE;8;Assistência Social;244;Assistência Comunitária;1027;3.3.50.41.00.00.00.00;CONTRIBUIÇÕES;1.500.000.0000;RECURSOS NÃO VINCULADOS DE IMPOSTOS;5.000,00
PREFEITURA MUNICIPAL DE BARBACENA;25.001;SEMAS;2.417;CRIAÇÃO, IMPLANTAÇÃO E MANUTENÇÃO DA REGULARIZAÇÃO FUNDIÁRIA;59;PROGRAMAS FEDERAIS E MUNICIPAIS;8;Assistência Social;482;Habitação Urbana;725;3.3.90.39.05.00.00.00;SERVIÇOS TÉCNICOS PROFISSIONAIS;2.500.000.0000;RECURSOS NÃO VINCULADOS DE IMPOSTOS;10.000,00
PREFEITURA MUNICIPAL DE BARBACENA;25.003;FUNDO MUNICIPAL DE ASSISTENCIA SOCIAL - FMAS;2.321;MANUTENÇAO DO CONSELHO TUTELAR;11;APOIO A ADMINISTRAÇAO PUBLICA;8;Assistência Social;243;Assistência à Criança e ao Adolescente;741;3.3.90.14.05.00.00.00;DIÁRIAS DE DEMAIS SERVIDORES;1.500.000.0000;RECURSOS NÃO VINCULADOS DE IMPOSTOS;200,00
PREFEITURA MUNICIPAL DE BARBACENA;25.003;FUNDO MUNICIPAL DE ASSISTENCIA SOCIAL - FMAS;2.321;MANUTENÇAO DO CONSELHO TUTELAR;11;APOIO A ADMINISTRAÇAO PUBLICA;8;Assistência Social;243;Assistência à Criança e ao Adolescente;743;3.3.90.36.99.00.00.00;OUTROS SERVIÇOS DE PESSOA FÍSICA;1.500.000.0000;RECURSOS NÃO VINCULADOS DE IMPOSTOS;244.865,87
PREFEITURA MUNICIPAL DE BARBACENA;25.003;FUNDO MUNICIPAL DE ASSISTENCIA SOCIAL - FMAS;2.321;MANUTENÇAO DO CONSELHO TUTELAR;11;APOIO A ADMINISTRAÇAO PUBLICA;8;Assistência Social;243;Assistência à Criança e ao Adolescente;744;3.3.90.39.99.00.00.00;OUTROS SERVIÇOS DE TERCEIROS - PESSOA JURÍDICA;1.500.000.0000;RECURSOS NÃO VINCULADOS DE IMPOSTOS;48.208,82
PREFEITURA MUNICIPAL DE BARBACENA;25.003;FUNDO MUNICIPAL DE ASSISTENCIA SOCIAL - FMAS;2.321;MANUTENÇAO DO CONSELHO TUTELAR;11;APOIO A ADMINISTRAÇAO PUBLICA;8;Assistência Social;243;Assistência à Criança e ao Adolescente;744;3.3.90.39.12.00.00.00;LOCAÇÃO DE MÁQUINAS E EQUIPAMENTOS;1.500.000.0000;RECURSOS NÃO VINCULADOS DE IMPOSTOS;4.620,48
PREFEITURA MUNICIPAL DE BARBACENA;25.003;FUNDO MUNICIPAL DE ASSISTENCIA SOCIAL - FMAS;2.321;MANUTENÇAO DO CONSELHO TUTELAR;11;APOIO A ADMINISTRAÇAO PUBLICA;8;Assistência Social;243;Assistência à Criança e ao Adolescente;744;3.3.90.39.60.00.00.00;VIGILÂNCIA OSTENSIVA;1.500.000.0000;RECURSOS NÃO VINCULADOS DE IMPOSTOS;12.145,05
PREFEITURA MUNICIPAL DE BARBACENA;25.003;FUNDO MUNICIPAL DE ASSISTENCIA SOCIAL - FMAS;2.321;MANUTENÇAO DO CONSELHO TUTELAR;11;APOIO A ADMINISTRAÇAO PUBLICA;8;Assistência Social;243;Assistência à Criança e ao Adolescente;746;3.3.90.46.00.00.00.00;AUXÍLIO-ALIMENTAÇÃO;1.500.000.0000;RECURSOS NÃO VINCULADOS DE IMPOSTOS;35.400,00
PREFEITURA MUNICIPAL DE BARBACENA;25.003;FUNDO MUNICIPAL DE ASSISTENCIA SOCIAL - FMAS;2.321;MANUTENÇAO DO CONSELHO TUTELAR;11;APOIO A ADMINISTRAÇAO PUBLICA;8;Assistência Social;243;Assistência à Criança e ao Adolescente;747;3.3.90.47.00.00.00.00;OBRIGAÇÕES TRIBUTÁRIAS E CONTRIBUTIVAS;1.500.000.0000;RECURSOS NÃO VINCULADOS DE IMPOSTOS;48.281,88
PREFEITURA MUNICIPAL DE BARBACENA;25.003;FUNDO MUNICIPAL DE ASSISTENCIA SOCIAL - FMAS;2.382;FORTALECIMENTO DAS ENTIDADES FILANTROPICAS;11;APOIO A ADMINISTRAÇAO PUBLICA;8;Assistência Social;244;Assistência Comunitária;772;3.3.90.39.99.00.00.00;OUTROS SERVIÇOS DE TERCEIROS - PESSOA JURÍDICA;1.706.000.3110;TRANSFERÊNCIA ESPECIAL DA UNIÃO - TRANSFERÊNCIAS DA UNIÃO DECORRENTES DE EMENDAS PARLAMENTARES INDIVIDUAIS;100.000,00
PREFEITURA MUNICIPAL DE BARBACENA;25.003;FUNDO MUNICIPAL DE ASSISTENCIA SOCIAL - FMAS;2.382;FORTALECIMENTO DAS ENTIDADES FILANTROPICAS;11;APOIO A ADMINISTRAÇAO PUBLICA;8;Assistência Social;244;Assistência Comunitária;772;3.3.90.39.99.00.00.00;OUTROS SERVIÇOS DE TERCEIROS - PESSOA JURÍDICA;2.706.000.3110;TRANSFERÊNCIA ESPECIAL DA UNIÃO - TRANSFERÊNCIAS DA UNIÃO DECORRENTES DE EMENDAS PARLAMENTARES INDIVIDUAIS;250.000,00
PREFEITURA MUNICIPAL DE BARBACENA;25.003;FUNDO MUNICIPAL DE ASSISTENCIA SOCIAL - FMAS;2.312;AMPLIAÇÃO BENEFICIOS EVENTUAIS;56;PROTEÇÃO SOCIAL BÁSICA;8;Assistência Social;244;Assistência Comunitária;777;3.3.90.32.99.00.00.00;OUTROS MATERIAIS, BENS/SERV. P/ DISTR. GRATUITA;1.661.000.0000;TRANSFERÊNCIA DE RECURSOS DOS FUNDOS ESTADUAIS DE ASSISTÊNCIA SOCIAL;104.345,00
PREFEITURA MUNICIPAL DE BARBACENA;25.003;FUNDO MUNICIPAL DE ASSISTENCIA SOCIAL - FMAS;2.312;AMPLIAÇÃO BENEFICIOS EVENTUAIS;56;PROTEÇÃO SOCIAL BÁSICA;8;Assistência Social;244;Assistência Comunitária;777;3.3.90.32.99.00.00.00;OUTROS MATERIAIS, BENS/SERV. P/ DISTR. GRATUITA;2.661.000.0000;TRANSFERÊNCIA DE RECURSOS DOS FUNDOS ESTADUAIS DE ASSISTÊNCIA SOCIAL;18.120,00
PREFEITURA MUNICIPAL DE BARBACENA;25.003;FUNDO MUNICIPAL DE ASSISTENCIA SOCIAL - FMAS;2.312;AMPLIAÇÃO BENEFICIOS EVENTUAIS;56;PROTEÇÃO SOCIAL BÁSICA;8;Assistência Social;244;Assistência Comunitária;778;3.3.90.39.99.00.00.00;OUTROS SERVIÇOS DE TERCEIROS - PESSOA JURÍDICA;1.501.000.0000;OUTROS RECURSOS NÃO VINCULADOS;237.519,00
PREFEITURA MUNICIPAL DE BARBACENA;25.003;FUNDO MUNICIPAL DE ASSISTENCIA SOCIAL - FMAS;2.312;AMPLIAÇÃO BENEFICIOS EVENTUAIS;56;PROTEÇÃO SOCIAL BÁSICA;8;Assistência Social;244;Assistência Comunitária;778;3.3.90.39.99.00.00.00;OUTROS SERVIÇOS DE TERCEIROS - PESSOA JURÍDICA;1.661.000.0000;TRANSFERÊNCIA DE RECURSOS DOS FUNDOS ESTADUAIS DE ASSISTÊNCIA SOCIAL;316.692,00
PREFEITURA MUNICIPAL DE BARBACENA;25.003;FUNDO MUNICIPAL DE ASSISTENCIA SOCIAL - FMAS;2.312;AMPLIAÇÃO BENEFICIOS EVENTUAIS;56;PROTEÇÃO SOCIAL BÁSICA;8;Assistência Social;244;Assistência Comunitária;778;3.3.90.39.99.00.00.00;OUTROS SERVIÇOS DE TERCEIROS - PESSOA JURÍDICA;2.661.000.0000;TRANSFERÊNCIA DE RECURSOS DOS FUNDOS ESTADUAIS DE ASSISTÊNCIA SOCIAL;118.759,50
PREFEITURA MUNICIPAL DE BARBACENA;25.003;FUNDO MUNICIPAL DE ASSISTENCIA SOCIAL - FMAS;2.312;AMPLIAÇÃO BENEFICIOS EVENTUAIS;56;PROTEÇÃO SOCIAL BÁSICA;8;Assistência Social;244;Assistência Comunitária;779;3.3.90.48.00.00.00.00;OUTROS AUXÍLIOS FINANCEIROS A PESSOAS FÍSICAS;1.661.000.0000;TRANSFERÊNCIA DE RECURSOS DOS FUNDOS ESTADUAIS DE ASSISTÊNCIA SOCIAL;189.750,00
PREFEITURA MUNICIPAL DE BARBACENA;25.003;FUNDO MUNICIPAL DE ASSISTENCIA SOCIAL - FMAS;2.312;AMPLIAÇÃO BENEFICIOS EVENTUAIS;56;PROTEÇÃO SOCIAL BÁSICA;8;Assistência Social;244;Assistência Comunitária;779;3.3.90.48.00.00.00.00;OUTROS AUXÍLIOS FINANCEIROS A PESSOAS FÍSICAS;2.661.000.0000;TRANSFERÊNCIA DE RECURSOS DOS FUNDOS ESTADUAIS DE ASSISTÊNCIA SOCIAL;39.900,00
PREFEITURA MUNICIPAL DE BARBACENA;25.003;FUNDO MUNICIPAL DE ASSISTENCIA SOCIAL - FMAS;2.313;SERVIÇO DE CONVIVENCIA E FORTALECIMENTO DE VINCULOS;56;PROTEÇÃO SOCIAL BÁSICA;8;Assistência Social;244;Assistência Comunitária;785;3.3.90.39.99.00.00.00;OUTROS SERVIÇOS DE TERCEIROS - PESSOA JURÍDICA;1.500.000.0000;RECURSOS NÃO VINCULADOS DE IMPOSTOS;114.583,26
PREFEITURA MUNICIPAL DE BARBACENA;25.003;FUNDO MUNICIPAL DE ASSISTENCIA SOCIAL - FMAS;2.313;SERVIÇO DE CONVIVENCIA E FORTALECIMENTO DE VINCULOS;56;PROTEÇÃO SOCIAL BÁSICA;8;Assistência Social;244;Assistência Comunitária;785;3.3.90.39.99.00.00.00;OUTROS SERVIÇOS DE TERCEIROS - PESSOA JURÍDICA;1.660.000.0000;TRANSFERÊNCIA DE RECURSOS DO FUNDO NACIONAL DE ASSISTÊNCIA SOCIAL - FNAS;130.000,00
PREFEITURA MUNICIPAL DE BARBACENA;25.003;FUNDO MUNICIPAL DE ASSISTENCIA SOCIAL - FMAS;2.313;SERVIÇO DE CONVIVENCIA E FORTALECIMENTO DE VINCULOS;56;PROTEÇÃO SOCIAL BÁSICA;8;Assistência Social;244;Assistência Comunitária;785;3.3.90.39.39.00.00.00;SERVIÇOS DE ASSISTÊNCIA SOCIAL;1.660.000.0000;TRANSFERÊNCIA DE RECURSOS DO FUNDO NACIONAL DE ASSISTÊNCIA SOCIAL - FNAS;45.000,00
PREFEITURA MUNICIPAL DE BARBACENA;25.003;FUNDO MUNICIPAL DE ASSISTENCIA SOCIAL - FMAS;2.313;SERVIÇO DE CONVIVENCIA E FORTALECIMENTO DE VINCULOS;56;PROTEÇÃO SOCIAL BÁSICA;8;Assistência Social;244;Assistência Comunitária;785;3.3.90.39.99.00.00.00;OUTROS SERVIÇOS DE TERCEIROS - PESSOA JURÍDICA;2.660.000.0000;TRANSFERÊNCIA DE RECURSOS DO FUNDO NACIONAL DE ASSISTÊNCIA SOCIAL - FNAS;297.800,00
PREFEITURA MUNICIPAL DE BARBACENA;25.003;FUNDO MUNICIPAL DE ASSISTENCIA SOCIAL - FMAS;2.319;MANUTENÇAO DE CRAS - PAIF;56;PROTEÇÃO SOCIAL BÁSICA;8;Assistência Social;244;Assistência Comunitária;787;3.1.90.04.01.00.00.00;SALÁRIO CONTRATO TEMPORÁRIO;1.500.000.0000;RECURSOS NÃO VINCULADOS DE IMPOSTOS;543.871,84
PREFEITURA MUNICIPAL DE BARBACENA;25.003;FUNDO MUNICIPAL DE ASSISTENCIA SOCIAL - FMAS;2.319;MANUTENÇAO DE CRAS - PAIF;56;PROTEÇÃO SOCIAL BÁSICA;8;Assistência Social;244;Assistência Comunitária;787;3.1.90.04.15.00.00.00;OBRIGAÇÕES PATRONAIS - CONTRATO TEMPORÁRIO;1.500.000.0000;RECURSOS NÃO VINCULADOS DE IMPOSTOS;51.794,97
PREFEITURA MUNICIPAL DE BARBACENA;25.003;FUNDO MUNICIPAL DE ASSISTENCIA SOCIAL - FMAS;2.319;MANUTENÇAO DE CRAS - PAIF;56;PROTEÇÃO SOCIAL BÁSICA;8;Assistência Social;244;Assistência Comunitária;788;3.1.90.11.01.00.00.00;VENCIMENTOS E SALÁRIOS;1.500.000.0000;RECURSOS NÃO VINCULADOS DE IMPOSTOS;399.622,64
PREFEITURA MUNICIPAL DE BARBACENA;25.003;FUNDO MUNICIPAL DE ASSISTENCIA SOCIAL - FMAS;2.319;MANUTENÇAO DE CRAS - PAIF;56;PROTEÇÃO SOCIAL BÁSICA;8;Assistência Social;244;Assistência Comunitária;788;3.1.90.11.52.00.00.00;LICENÇA SAÚDE;1.500.000.0000;RECURSOS NÃO VINCULADOS DE IMPOSTOS;3.026,13
PREFEITURA MUNICIPAL DE BARBACENA;25.003;FUNDO MUNICIPAL DE ASSISTENCIA SOCIAL - FMAS;2.319;MANUTENÇAO DE CRAS - PAIF;56;PROTEÇÃO SOCIAL BÁSICA;8;Assistência Social;244;Assistência Comunitária;788;3.1.90.11.50.00.00.00;SALÁRIO MATERNIDADE;1.500.000.0000;RECURSOS NÃO VINCULADOS DE IMPOSTOS;33.766,42
PREFEITURA MUNICIPAL DE BARBACENA;25.003;FUNDO MUNICIPAL DE ASSISTENCIA SOCIAL - FMAS;2.319;MANUTENÇAO DE CRAS - PAIF;56;PROTEÇÃO SOCIAL BÁSICA;8;Assistência Social;244;Assistência Comunitária;790;3.1.91.13.08.00.00.00;CONTRIB. PREV.- RPPS - PESSOAL ATIVO - PLANO PREV.;1.500.000.0000;RECURSOS NÃO VINCULADOS DE IMPOSTOS;115.621,70
PREFEITURA MUNICIPAL DE BARBACENA;25.003;FUNDO MUNICIPAL DE ASSISTENCIA SOCIAL - FMAS;2.319;MANUTENÇAO DE CRAS - PAIF;56;PROTEÇÃO SOCIAL BÁSICA;8;Assistência Social;244;Assistência Comunitária;792;3.3.90.08.05.00.00.00;AUXÍLIO NATALIDADE;1.500.000.0000;RECURSOS NÃO VINCULADOS DE IMPOSTOS;706,00
PREFEITURA MUNICIPAL DE BARBACENA;25.003;FUNDO MUNICIPAL DE ASSISTENCIA SOCIAL - FMAS;2.319;MANUTENÇAO DE CRAS - PAIF;56;PROTEÇÃO SOCIAL BÁSICA;8;Assistência Social;244;Assistência Comunitária;795;3.3.90.30.28.00.00.00;MATERIAL DE PROTEÇÃO E SEGURANÇA;1.500.000.0000;RECURSOS NÃO VINCULADOS DE IMPOSTOS;16,00
PREFEITURA MUNICIPAL DE BARBACENA;25.003;FUNDO MUNICIPAL DE ASSISTENCIA SOCIAL - FMAS;2.319;MANUTENÇAO DE CRAS - PAIF;56;PROTEÇÃO SOCIAL BÁSICA;8;Assistência Social;244;Assistência Comunitária;795;3.3.90.30.16.00.00.00;MATERIAL DE EXPEDIENTE;1.660.000.0000;TRANSFERÊNCIA DE RECURSOS DO FUNDO NACIONAL DE ASSISTÊNCIA SOCIAL - FNAS;5.209,00
PREFEITURA MUNICIPAL DE BARBACENA;25.003;FUNDO MUNICIPAL DE ASSISTENCIA SOCIAL - FMAS;2.319;MANUTENÇAO DE CRAS - PAIF;56;PROTEÇÃO SOCIAL BÁSICA;8;Assistência Social;244;Assistência Comunitária;797;3.3.90.39.99.00.00.00;OUTROS SERVIÇOS DE TERCEIROS - PESSOA JURÍDICA;1.500.000.0000;RECURSOS NÃO VINCULADOS DE IMPOSTOS;192.835,28
PREFEITURA MUNICIPAL DE BARBACENA;25.003;FUNDO MUNICIPAL DE ASSISTENCIA SOCIAL - FMAS;2.319;MANUTENÇAO DE CRAS - PAIF;56;PROTEÇÃO SOCIAL BÁSICA;8;Assistência Social;244;Assistência Comunitária;797;3.3.90.39.60.00.00.00;VIGILÂNCIA OSTENSIVA;1.500.000.0000;RECURSOS NÃO VINCULADOS DE IMPOSTOS;48.580,20
PREFEITURA MUNICIPAL DE BARBACENA;25.003;FUNDO MUNICIPAL DE ASSISTENCIA SOCIAL - FMAS;2.319;MANUTENÇAO DE CRAS - PAIF;56;PROTEÇÃO SOCIAL BÁSICA;8;Assistência Social;244;Assistência Comunitária;797;3.3.90.39.43.00.00.00;SERVIÇOS DE TELECOMUNICAÇÕES;1.660.000.0000;TRANSFERÊNCIA DE RECURSOS DO FUNDO NACIONAL DE ASSISTÊNCIA SOCIAL - FNAS;2.880,00
PREFEITURA MUNICIPAL DE BARBACENA;25.003;FUNDO MUNICIPAL DE ASSISTENCIA SOCIAL - FMAS;2.319;MANUTENÇAO DE CRAS - PAIF;56;PROTEÇÃO SOCIAL BÁSICA;8;Assistência Social;244;Assistência Comunitária;797;3.3.90.39.30.00.00.00;SERVIÇOS DE ÁGUA E ESGOTO;1.660.000.0000;TRANSFERÊNCIA DE RECURSOS DO FUNDO NACIONAL DE ASSISTÊNCIA SOCIAL - FNAS;15.000,00
PREFEITURA MUNICIPAL DE BARBACENA;25.003;FUNDO MUNICIPAL DE ASSISTENCIA SOCIAL - FMAS;2.319;MANUTENÇAO DE CRAS - PAIF;56;PROTEÇÃO SOCIAL BÁSICA;8;Assistência Social;244;Assistência Comunitária;797;3.3.90.39.12.00.00.00;LOCAÇÃO DE MÁQUINAS E EQUIPAMENTOS;1.660.000.0000;TRANSFERÊNCIA DE RECURSOS DO FUNDO NACIONAL DE ASSISTÊNCIA SOCIAL - FNAS;13.861,44
PREFEITURA MUNICIPAL DE BARBACENA;25.003;FUNDO MUNICIPAL DE ASSISTENCIA SOCIAL - FMAS;2.319;MANUTENÇAO DE CRAS - PAIF;56;PROTEÇÃO SOCIAL BÁSICA;8;Assistência Social;244;Assistência Comunitária;798;3.3.90.46.00.00.00.00;AUXÍLIO-ALIMENTAÇÃO;1.500.000.0000;RECURSOS NÃO VINCULADOS DE IMPOSTOS;170.065,00
PREFEITURA MUNICIPAL DE BARBACENA;25.003;FUNDO MUNICIPAL DE ASSISTENCIA SOCIAL - FMAS;2.319;MANUTENÇAO DE CRAS - PAIF;56;PROTEÇÃO SOCIAL BÁSICA;8;Assistência Social;244;Assistência Comunitária;800;4.4.90.52.12.00.00.00;EQUIPAMENTO DE PROTEÇÃO, SEGURANÇA E SOCORRO;1.501.000.0000;OUTROS RECURSOS NÃO VINCULADOS;668,00
PREFEITURA MUNICIPAL DE BARBACENA;25.003;FUNDO MUNICIPAL DE ASSISTENCIA SOCIAL - FMAS;2.386;CRIAÇÃO, IMPLANTAÇÃO E MANUTENÇÃO CRAS SANTA MARIA, CRAS FARIA E CRAS ZONA RURAL;56;PROTEÇÃO SOCIAL BÁSICA;8;Assistência Social;244;Assistência Comunitária;1021;4.4.90.61.01.00.00.00;AQUISIÇÃO DE IMÓVEIS DE DOMÍNIO PÚBLICO;1.500.000.0000;RECURSOS NÃO VINCULADOS DE IMPOSTOS;125.000,00
PREFEITURA MUNICIPAL DE BARBACENA;25.003;FUNDO MUNICIPAL DE ASSISTENCIA SOCIAL - FMAS;2.461;APOIO A ASSOCIAÇÃO SÃO MIGUEL ARCANJO;56;PROTEÇÃO SOCIAL BÁSICA;8;Assistência Social;244;Assistência Comunitária;817;3.3.50.41.00.00.00.00;CONTRIBUIÇÕES;1.501.000.0000;OUTROS RECURSOS NÃO VINCULADOS;56.150,70
PREFEITURA MUNICIPAL DE BARBACENA;25.003;FUNDO MUNICIPAL DE ASSISTENCIA SOCIAL - FMAS;2.608;CONTRATOS E PARCERIAS COM ENTIDADES DE ASSISTENCIA SOCIAL;56;PROTEÇÃO SOCIAL BÁSICA;8;Assistência Social;244;Assistência Comunitária;818;3.3.50.43.00.00.00.00;SUBVENÇÕES SOCIAIS;1.500.000.0000;RECURSOS NÃO VINCULADOS DE IMPOSTOS;50.000,00
PREFEITURA MUNICIPAL DE BARBACENA;25.003;FUNDO MUNICIPAL DE ASSISTENCIA SOCIAL - FMAS;2.608;CONTRATOS E PARCERIAS COM ENTIDADES DE ASSISTENCIA SOCIAL;56;PROTEÇÃO SOCIAL BÁSICA;8;Assistência Social;244;Assistência Comunitária;818;3.3.50.43.00.00.00.00;SUBVENÇÕES SOCIAIS;1.501.000.0000;OUTROS RECURSOS NÃO VINCULADOS;1.630.056,07
PREFEITURA MUNICIPAL DE BARBACENA;25.003;FUNDO MUNICIPAL DE ASSISTENCIA SOCIAL - FMAS;2.608;CONTRATOS E PARCERIAS COM ENTIDADES DE ASSISTENCIA SOCIAL;56;PROTEÇÃO SOCIAL BÁSICA;8;Assistência Social;244;Assistência Comunitária;818;3.3.50.43.00.00.00.00;SUBVENÇÕES SOCIAIS;1.706.000.3110;TRANSFERÊNCIA ESPECIAL DA UNIÃO - TRANSFERÊNCIAS DA UNIÃO DECORRENTES DE EMENDAS PARLAMENTARES INDIVIDUAIS;50.000,00
PREFEITURA MUNICIPAL DE BARBACENA;25.003;FUNDO MUNICIPAL DE ASSISTENCIA SOCIAL - FMAS;2.608;CONTRATOS E PARCERIAS COM ENTIDADES DE ASSISTENCIA SOCIAL;56;PROTEÇÃO SOCIAL BÁSICA;8;Assistência Social;244;Assistência Comunitária;818;3.3.50.43.00.00.00.00;SUBVENÇÕES SOCIAIS;2.501.000.0000;OUTROS RECURSOS NÃO VINCULADOS;106.970,36
PREFEITURA MUNICIPAL DE BARBACENA;25.003;FUNDO MUNICIPAL DE ASSISTENCIA SOCIAL - FMAS;2.608;CONTRATOS E PARCERIAS COM ENTIDADES DE ASSISTENCIA SOCIAL;56;PROTEÇÃO SOCIAL BÁSICA;8;Assistência Social;244;Assistência Comunitária;818;3.3.50.43.00.00.00.00;SUBVENÇÕES SOCIAIS;2.706.000.3110;TRANSFERÊNCIA ESPECIAL DA UNIÃO - TRANSFERÊNCIAS DA UNIÃO DECORRENTES DE EMENDAS PARLAMENTARES INDIVIDUAIS;65.841,00
PREFEITURA MUNICIPAL DE BARBACENA;25.003;FUNDO MUNICIPAL DE ASSISTENCIA SOCIAL - FMAS;2.608;CONTRATOS E PARCERIAS COM ENTIDADES DE ASSISTENCIA SOCIAL;56;PROTEÇÃO SOCIAL BÁSICA;8;Assistência Social;244;Assistência Comunitária;818;3.3.50.43.00.00.00.00;SUBVENÇÕES SOCIAIS;2.753.000.0000;RECURSOS PROVENIENTES DE TAXAS, CONTRIBUIÇÕES E PREÇOS PÚBLICOS;243.750,00
PREFEITURA MUNICIPAL DE BARBACENA;25.003;FUNDO MUNICIPAL DE ASSISTENCIA SOCIAL - FMAS;2.608;CONTRATOS E PARCERIAS COM ENTIDADES DE ASSISTENCIA SOCIAL;56;PROTEÇÃO SOCIAL BÁSICA;8;Assistência Social;244;Assistência Comunitária;819;3.3.90.39.05.00.00.00;SERVIÇOS TÉCNICOS PROFISSIONAIS;1.500.000.0000;RECURSOS NÃO VINCULADOS DE IMPOSTOS;221.207,76
PREFEITURA MUNICIPAL DE BARBACENA;25.003;FUNDO MUNICIPAL DE ASSISTENCIA SOCIAL - FMAS;2.315;MANUTENÇAO DO CREAS - PAEFI;57;PROTEÇÃO SOCIAL ESPECIAL DE MÉDIA COMPLEXIDADE;8;Assistência Social;244;Assistência Comunitária;829;3.1.90.04.15.00.00.00;OBRIGAÇÕES PATRONAIS - CONTRATO TEMPORÁRIO;1.500.000.0000;RECURSOS NÃO VINCULADOS DE IMPOSTOS;11.605,01
PREFEITURA MUNICIPAL DE BARBACENA;25.003;FUNDO MUNICIPAL DE ASSISTENCIA SOCIAL - FMAS;2.315;MANUTENÇAO DO CREAS - PAEFI;57;PROTEÇÃO SOCIAL ESPECIAL DE MÉDIA COMPLEXIDADE;8;Assistência Social;244;Assistência Comunitária;829;3.1.90.04.01.00.00.00;SALÁRIO CONTRATO TEMPORÁRIO;1.500.000.0000;RECURSOS NÃO VINCULADOS DE IMPOSTOS;120.932,65
PREFEITURA MUNICIPAL DE BARBACENA;25.003;FUNDO MUNICIPAL DE ASSISTENCIA SOCIAL - FMAS;2.315;MANUTENÇAO DO CREAS - PAEFI;57;PROTEÇÃO SOCIAL ESPECIAL DE MÉDIA COMPLEXIDADE;8;Assistência Social;244;Assistência Comunitária;829;3.1.90.04.15.00.00.00;OBRIGAÇÕES PATRONAIS - CONTRATO TEMPORÁRIO;1.660.000.0000;TRANSFERÊNCIA DE RECURSOS DO FUNDO NACIONAL DE ASSISTÊNCIA SOCIAL - FNAS;17.613,43
PREFEITURA MUNICIPAL DE BARBACENA;25.003;FUNDO MUNICIPAL DE ASSISTENCIA SOCIAL - FMAS;2.315;MANUTENÇAO DO CREAS - PAEFI;57;PROTEÇÃO SOCIAL ESPECIAL DE MÉDIA COMPLEXIDADE;8;Assistência Social;244;Assistência Comunitária;829;3.1.90.04.01.00.00.00;SALÁRIO CONTRATO TEMPORÁRIO;1.660.000.0000;TRANSFERÊNCIA DE RECURSOS DO FUNDO NACIONAL DE ASSISTÊNCIA SOCIAL - FNAS;188.409,83
PREFEITURA MUNICIPAL DE BARBACENA;25.003;FUNDO MUNICIPAL DE ASSISTENCIA SOCIAL - FMAS;2.315;MANUTENÇAO DO CREAS - PAEFI;57;PROTEÇÃO SOCIAL ESPECIAL DE MÉDIA COMPLEXIDADE;8;Assistência Social;244;Assistência Comunitária;830;3.1.90.11.01.00.00.00;VENCIMENTOS E SALÁRIOS;1.500.000.0000;RECURSOS NÃO VINCULADOS DE IMPOSTOS;148.718,89
PREFEITURA MUNICIPAL DE BARBACENA;25.003;FUNDO MUNICIPAL DE ASSISTENCIA SOCIAL - FMAS;2.315;MANUTENÇAO DO CREAS - PAEFI;57;PROTEÇÃO SOCIAL ESPECIAL DE MÉDIA COMPLEXIDADE;8;Assistência Social;244;Assistência Comunitária;830;3.1.90.11.52.00.00.00;LICENÇA SAÚDE;1.500.000.0000;RECURSOS NÃO VINCULADOS DE IMPOSTOS;2.985,37
PREFEITURA MUNICIPAL DE BARBACENA;25.003;FUNDO MUNICIPAL DE ASSISTENCIA SOCIAL - FMAS;2.315;MANUTENÇAO DO CREAS - PAEFI;57;PROTEÇÃO SOCIAL ESPECIAL DE MÉDIA COMPLEXIDADE;8;Assistência Social;244;Assistência Comunitária;832;3.1.91.13.08.00.00.00;CONTRIB. PREV.- RPPS - PESSOAL ATIVO - PLANO PREV.;1.500.000.0000;RECURSOS NÃO VINCULADOS DE IMPOSTOS;41.569,79
PREFEITURA MUNICIPAL DE BARBACENA;25.003;FUNDO MUNICIPAL DE ASSISTENCIA SOCIAL - FMAS;2.315;MANUTENÇAO DO CREAS - PAEFI;57;PROTEÇÃO SOCIAL ESPECIAL DE MÉDIA COMPLEXIDADE;8;Assistência Social;244;Assistência Comunitária;834;3.3.90.30.28.00.00.00;MATERIAL DE PROTEÇÃO E SEGURANÇA;1.500.000.0000;RECURSOS NÃO VINCULADOS DE IMPOSTOS;8,00
PREFEITURA MUNICIPAL DE BARBACENA;25.003;FUNDO MUNICIPAL DE ASSISTENCIA SOCIAL - FMAS;2.315;MANUTENÇAO DO CREAS - PAEFI;57;PROTEÇÃO SOCIAL ESPECIAL DE MÉDIA COMPLEXIDADE;8;Assistência Social;244;Assistência Comunitária;834;3.3.90.30.16.00.00.00;MATERIAL DE EXPEDIENTE;1.660.000.0000;TRANSFERÊNCIA DE RECURSOS DO FUNDO NACIONAL DE ASSISTÊNCIA SOCIAL - FNAS;2.575,60
PREFEITURA MUNICIPAL DE BARBACENA;25.003;FUNDO MUNICIPAL DE ASSISTENCIA SOCIAL - FMAS;2.315;MANUTENÇAO DO CREAS - PAEFI;57;PROTEÇÃO SOCIAL ESPECIAL DE MÉDIA COMPLEXIDADE;8;Assistência Social;244;Assistência Comunitária;835;3.3.90.36.14.00.00.00;LOCAÇÃO DE IMÓVEIS;1.660.000.0000;TRANSFERÊNCIA DE RECURSOS DO FUNDO NACIONAL DE ASSISTÊNCIA SOCIAL - FNAS;63.070,08
PREFEITURA MUNICIPAL DE BARBACENA;25.003;FUNDO MUNICIPAL DE ASSISTENCIA SOCIAL - FMAS;2.315;MANUTENÇAO DO CREAS - PAEFI;57;PROTEÇÃO SOCIAL ESPECIAL DE MÉDIA COMPLEXIDADE;8;Assistência Social;244;Assistência Comunitária;836;3.3.90.39.43.00.00.00;SERVIÇOS DE TELECOMUNICAÇÕES;1.660.000.0000;TRANSFERÊNCIA DE RECURSOS DO FUNDO NACIONAL DE ASSISTÊNCIA SOCIAL - FNAS;1.080,00
PREFEITURA MUNICIPAL DE BARBACENA;25.003;FUNDO MUNICIPAL DE ASSISTENCIA SOCIAL - FMAS;2.315;MANUTENÇAO DO CREAS - PAEFI;57;PROTEÇÃO SOCIAL ESPECIAL DE MÉDIA COMPLEXIDADE;8;Assistência Social;244;Assistência Comunitária;836;3.3.90.39.12.00.00.00;LOCAÇÃO DE MÁQUINAS E EQUIPAMENTOS;1.660.000.0000;TRANSFERÊNCIA DE RECURSOS DO FUNDO NACIONAL DE ASSISTÊNCIA SOCIAL - FNAS;4.620,48
PREFEITURA MUNICIPAL DE BARBACENA;25.003;FUNDO MUNICIPAL DE ASSISTENCIA SOCIAL - FMAS;2.315;MANUTENÇAO DO CREAS - PAEFI;57;PROTEÇÃO SOCIAL ESPECIAL DE MÉDIA COMPLEXIDADE;8;Assistência Social;244;Assistência Comunitária;837;3.3.90.46.00.00.00.00;AUXÍLIO-ALIMENTAÇÃO;1.500.000.0000;RECURSOS NÃO VINCULADOS DE IMPOSTOS;48.000,00
PREFEITURA MUNICIPAL DE BARBACENA;25.003;FUNDO MUNICIPAL DE ASSISTENCIA SOCIAL - FMAS;2.315;MANUTENÇAO DO CREAS - PAEFI;57;PROTEÇÃO SOCIAL ESPECIAL DE MÉDIA COMPLEXIDADE;8;Assistência Social;244;Assistência Comunitária;837;3.3.90.46.00.00.00.00;AUXÍLIO-ALIMENTAÇÃO;1.660.000.0000;TRANSFERÊNCIA DE RECURSOS DO FUNDO NACIONAL DE ASSISTÊNCIA SOCIAL - FNAS;33.700,00
PREFEITURA MUNICIPAL DE BARBACENA;25.003;FUNDO MUNICIPAL DE ASSISTENCIA SOCIAL - FMAS;2.315;MANUTENÇAO DO CREAS - PAEFI;57;PROTEÇÃO SOCIAL ESPECIAL DE MÉDIA COMPLEXIDADE;8;Assistência Social;244;Assistência Comunitária;838;4.4.90.52.12.00.00.00;EQUIPAMENTO DE PROTEÇÃO, SEGURANÇA E SOCORRO;1.501.000.0000;OUTROS RECURSOS NÃO VINCULADOS;334,00
PREFEITURA MUNICIPAL DE BARBACENA;25.003;FUNDO MUNICIPAL DE ASSISTENCIA SOCIAL - FMAS;2.315;MANUTENÇAO DO CREAS - PAEFI;57;PROTEÇÃO SOCIAL ESPECIAL DE MÉDIA COMPLEXIDADE;8;Assistência Social;244;Assistência Comunitária;988;3.3.90.92.00.00.00.00;DESPESAS DE EXERCÍCIOS ANTERIORES;1.660.000.0000;TRANSFERÊNCIA DE RECURSOS DO FUNDO NACIONAL DE ASSISTÊNCIA SOCIAL - FNAS;360,00
PREFEITURA MUNICIPAL DE BARBACENA;25.003;FUNDO MUNICIPAL DE ASSISTENCIA SOCIAL - FMAS;2.688;MAN. DO CONVÊNIO DE HABILIT. E REABILIT. DA PESSOA COM DEFICIÊNCIA - PTMC  - APAE;57;PROTEÇÃO SOCIAL ESPECIAL DE MÉDIA COMPLEXIDADE;8;Assistência Social;244;Assistência Comunitária;844;3.3.90.39.99.00.00.00;OUTROS SERVIÇOS DE TERCEIROS - PESSOA JURÍDICA;2.660.000.0000;TRANSFERÊNCIA DE RECURSOS DO FUNDO NACIONAL DE ASSISTÊNCIA SOCIAL - FNAS;72.000,00
PREFEITURA MUNICIPAL DE BARBACENA;25.003;FUNDO MUNICIPAL DE ASSISTENCIA SOCIAL - FMAS;2.310;REFORMA E MANUTENÇÃO DA CASA DE ACOLHIMENTO INSTITUCIONAL CRIANÇA E ADOLESCENTE;58;PROTEÇÃO SOCIAL ESPECIAL DE ALTA COMPLEXIDADE;8;Assistência Social;244;Assistência Comunitária;845;3.1.90.04.01.00.00.00;SALÁRIO CONTRATO TEMPORÁRIO;1.500.000.0000;RECURSOS NÃO VINCULADOS DE IMPOSTOS;130.723,65
PREFEITURA MUNICIPAL DE BARBACENA;25.003;FUNDO MUNICIPAL DE ASSISTENCIA SOCIAL - FMAS;2.310;REFORMA E MANUTENÇÃO DA CASA DE ACOLHIMENTO INSTITUCIONAL CRIANÇA E ADOLESCENTE;58;PROTEÇÃO SOCIAL ESPECIAL DE ALTA COMPLEXIDADE;8;Assistência Social;244;Assistência Comunitária;845;3.1.90.04.15.00.00.00;OBRIGAÇÕES PATRONAIS - CONTRATO TEMPORÁRIO;1.500.000.0000;RECURSOS NÃO VINCULADOS DE IMPOSTOS;11.943,69
PREFEITURA MUNICIPAL DE BARBACENA;25.003;FUNDO MUNICIPAL DE ASSISTENCIA SOCIAL - FMAS;2.310;REFORMA E MANUTENÇÃO DA CASA DE ACOLHIMENTO INSTITUCIONAL CRIANÇA E ADOLESCENTE;58;PROTEÇÃO SOCIAL ESPECIAL DE ALTA COMPLEXIDADE;8;Assistência Social;244;Assistência Comunitária;845;3.1.90.04.15.00.00.00;OBRIGAÇÕES PATRONAIS - CONTRATO TEMPORÁRIO;1.660.000.0000;TRANSFERÊNCIA DE RECURSOS DO FUNDO NACIONAL DE ASSISTÊNCIA SOCIAL - FNAS;14.855,31
PREFEITURA MUNICIPAL DE BARBACENA;25.003;FUNDO MUNICIPAL DE ASSISTENCIA SOCIAL - FMAS;2.310;REFORMA E MANUTENÇÃO DA CASA DE ACOLHIMENTO INSTITUCIONAL CRIANÇA E ADOLESCENTE;58;PROTEÇÃO SOCIAL ESPECIAL DE ALTA COMPLEXIDADE;8;Assistência Social;244;Assistência Comunitária;845;3.1.90.04.01.00.00.00;SALÁRIO CONTRATO TEMPORÁRIO;1.660.000.0000;TRANSFERÊNCIA DE RECURSOS DO FUNDO NACIONAL DE ASSISTÊNCIA SOCIAL - FNAS;155.473,14
PREFEITURA MUNICIPAL DE BARBACENA;25.003;FUNDO MUNICIPAL DE ASSISTENCIA SOCIAL - FMAS;2.310;REFORMA E MANUTENÇÃO DA CASA DE ACOLHIMENTO INSTITUCIONAL CRIANÇA E ADOLESCENTE;58;PROTEÇÃO SOCIAL ESPECIAL DE ALTA COMPLEXIDADE;8;Assistência Social;244;Assistência Comunitária;846;3.1.90.11.01.00.00.00;VENCIMENTOS E SALÁRIOS;1.500.000.0000;RECURSOS NÃO VINCULADOS DE IMPOSTOS;27.827,17
PREFEITURA MUNICIPAL DE BARBACENA;25.003;FUNDO MUNICIPAL DE ASSISTENCIA SOCIAL - FMAS;2.310;REFORMA E MANUTENÇÃO DA CASA DE ACOLHIMENTO INSTITUCIONAL CRIANÇA E ADOLESCENTE;58;PROTEÇÃO SOCIAL ESPECIAL DE ALTA COMPLEXIDADE;8;Assistência Social;244;Assistência Comunitária;846;3.1.90.11.52.00.00.00;LICENÇA SAÚDE;1.500.000.0000;RECURSOS NÃO VINCULADOS DE IMPOSTOS;2.067,50
PREFEITURA MUNICIPAL DE BARBACENA;25.003;FUNDO MUNICIPAL DE ASSISTENCIA SOCIAL - FMAS;2.310;REFORMA E MANUTENÇÃO DA CASA DE ACOLHIMENTO INSTITUCIONAL CRIANÇA E ADOLESCENTE;58;PROTEÇÃO SOCIAL ESPECIAL DE ALTA COMPLEXIDADE;8;Assistência Social;244;Assistência Comunitária;848;3.1.91.13.08.00.00.00;CONTRIB. PREV.- RPPS - PESSOAL ATIVO - PLANO PREV.;1.500.000.0000;RECURSOS NÃO VINCULADOS DE IMPOSTOS;8.370,43
PREFEITURA MUNICIPAL DE BARBACENA;25.003;FUNDO MUNICIPAL DE ASSISTENCIA SOCIAL - FMAS;2.310;REFORMA E MANUTENÇÃO DA CASA DE ACOLHIMENTO INSTITUCIONAL CRIANÇA E ADOLESCENTE;58;PROTEÇÃO SOCIAL ESPECIAL DE ALTA COMPLEXIDADE;8;Assistência Social;244;Assistência Comunitária;852;3.3.90.30.07.00.00.00;GÊNEROS DE ALIMENTAÇÃO;1.660.000.0000;TRANSFERÊNCIA DE RECURSOS DO FUNDO NACIONAL DE ASSISTÊNCIA SOCIAL - FNAS;39.807,95
PREFEITURA MUNICIPAL DE BARBACENA;25.003;FUNDO MUNICIPAL DE ASSISTENCIA SOCIAL - FMAS;2.310;REFORMA E MANUTENÇÃO DA CASA DE ACOLHIMENTO INSTITUCIONAL CRIANÇA E ADOLESCENTE;58;PROTEÇÃO SOCIAL ESPECIAL DE ALTA COMPLEXIDADE;8;Assistência Social;244;Assistência Comunitária;852;3.3.90.30.99.00.00.00;OUTROS MATERIAIS DE CONSUMO;1.660.000.0000;TRANSFERÊNCIA DE RECURSOS DO FUNDO NACIONAL DE ASSISTÊNCIA SOCIAL - FNAS;30.222,65
PREFEITURA MUNICIPAL DE BARBACENA;25.003;FUNDO MUNICIPAL DE ASSISTENCIA SOCIAL - FMAS;2.310;REFORMA E MANUTENÇÃO DA CASA DE ACOLHIMENTO INSTITUCIONAL CRIANÇA E ADOLESCENTE;58;PROTEÇÃO SOCIAL ESPECIAL DE ALTA COMPLEXIDADE;8;Assistência Social;244;Assistência Comunitária;852;3.3.90.30.07.00.00.00;GÊNEROS DE ALIMENTAÇÃO;1.661.000.0000;TRANSFERÊNCIA DE RECURSOS DOS FUNDOS ESTADUAIS DE ASSISTÊNCIA SOCIAL;12.648,00
PREFEITURA MUNICIPAL DE BARBACENA;25.003;FUNDO MUNICIPAL DE ASSISTENCIA SOCIAL - FMAS;2.310;REFORMA E MANUTENÇÃO DA CASA DE ACOLHIMENTO INSTITUCIONAL CRIANÇA E ADOLESCENTE;58;PROTEÇÃO SOCIAL ESPECIAL DE ALTA COMPLEXIDADE;8;Assistência Social;244;Assistência Comunitária;854;3.3.90.36.14.00.00.00;LOCAÇÃO DE IMÓVEIS;1.660.000.0000;TRANSFERÊNCIA DE RECURSOS DO FUNDO NACIONAL DE ASSISTÊNCIA SOCIAL - FNAS;45.600,00
PREFEITURA MUNICIPAL DE BARBACENA;25.003;FUNDO MUNICIPAL DE ASSISTENCIA SOCIAL - FMAS;2.310;REFORMA E MANUTENÇÃO DA CASA DE ACOLHIMENTO INSTITUCIONAL CRIANÇA E ADOLESCENTE;58;PROTEÇÃO SOCIAL ESPECIAL DE ALTA COMPLEXIDADE;8;Assistência Social;244;Assistência Comunitária;855;3.3.90.39.27.00.00.00;FORNECIMENTO DE ALIMENTAÇÃO;1.500.000.0000;RECURSOS NÃO VINCULADOS DE IMPOSTOS;39.673,90
PREFEITURA MUNICIPAL DE BARBACENA;25.003;FUNDO MUNICIPAL DE ASSISTENCIA SOCIAL - FMAS;2.310;REFORMA E MANUTENÇÃO DA CASA DE ACOLHIMENTO INSTITUCIONAL CRIANÇA E ADOLESCENTE;58;PROTEÇÃO SOCIAL ESPECIAL DE ALTA COMPLEXIDADE;8;Assistência Social;244;Assistência Comunitária;855;3.3.90.39.99.00.00.00;OUTROS SERVIÇOS DE TERCEIROS - PESSOA JURÍDICA;1.500.000.0000;RECURSOS NÃO VINCULADOS DE IMPOSTOS;26.452,07
PREFEITURA MUNICIPAL DE BARBACENA;25.003;FUNDO MUNICIPAL DE ASSISTENCIA SOCIAL - FMAS;2.310;REFORMA E MANUTENÇÃO DA CASA DE ACOLHIMENTO INSTITUCIONAL CRIANÇA E ADOLESCENTE;58;PROTEÇÃO SOCIAL ESPECIAL DE ALTA COMPLEXIDADE;8;Assistência Social;244;Assistência Comunitária;855;3.3.90.39.27.00.00.00;FORNECIMENTO DE ALIMENTAÇÃO;1.501.000.0000;OUTROS RECURSOS NÃO VINCULADOS;51.387,50
PREFEITURA MUNICIPAL DE BARBACENA;25.003;FUNDO MUNICIPAL DE ASSISTENCIA SOCIAL - FMAS;2.310;REFORMA E MANUTENÇÃO DA CASA DE ACOLHIMENTO INSTITUCIONAL CRIANÇA E ADOLESCENTE;58;PROTEÇÃO SOCIAL ESPECIAL DE ALTA COMPLEXIDADE;8;Assistência Social;244;Assistência Comunitária;855;3.3.90.39.12.00.00.00;LOCAÇÃO DE MÁQUINAS E EQUIPAMENTOS;1.660.000.0000;TRANSFERÊNCIA DE RECURSOS DO FUNDO NACIONAL DE ASSISTÊNCIA SOCIAL - FNAS;4.620,48
PREFEITURA MUNICIPAL DE BARBACENA;25.003;FUNDO MUNICIPAL DE ASSISTENCIA SOCIAL - FMAS;2.310;REFORMA E MANUTENÇÃO DA CASA DE ACOLHIMENTO INSTITUCIONAL CRIANÇA E ADOLESCENTE;58;PROTEÇÃO SOCIAL ESPECIAL DE ALTA COMPLEXIDADE;8;Assistência Social;244;Assistência Comunitária;855;3.3.90.39.43.00.00.00;SERVIÇOS DE TELECOMUNICAÇÕES;1.660.000.0000;TRANSFERÊNCIA DE RECURSOS DO FUNDO NACIONAL DE ASSISTÊNCIA SOCIAL - FNAS;720,00
PREFEITURA MUNICIPAL DE BARBACENA;25.003;FUNDO MUNICIPAL DE ASSISTENCIA SOCIAL - FMAS;2.310;REFORMA E MANUTENÇÃO DA CASA DE ACOLHIMENTO INSTITUCIONAL CRIANÇA E ADOLESCENTE;58;PROTEÇÃO SOCIAL ESPECIAL DE ALTA COMPLEXIDADE;8;Assistência Social;244;Assistência Comunitária;855;3.3.90.39.99.00.00.00;OUTROS SERVIÇOS DE TERCEIROS - PESSOA JURÍDICA;1.660.000.0000;TRANSFERÊNCIA DE RECURSOS DO FUNDO NACIONAL DE ASSISTÊNCIA SOCIAL - FNAS;45.563,29
PREFEITURA MUNICIPAL DE BARBACENA;25.003;FUNDO MUNICIPAL DE ASSISTENCIA SOCIAL - FMAS;2.310;REFORMA E MANUTENÇÃO DA CASA DE ACOLHIMENTO INSTITUCIONAL CRIANÇA E ADOLESCENTE;58;PROTEÇÃO SOCIAL ESPECIAL DE ALTA COMPLEXIDADE;8;Assistência Social;244;Assistência Comunitária;855;3.3.90.39.53.00.00.00;SEGUROS EM GERAL;1.660.000.0000;TRANSFERÊNCIA DE RECURSOS DO FUNDO NACIONAL DE ASSISTÊNCIA SOCIAL - FNAS;3.182,66
PREFEITURA MUNICIPAL DE BARBACENA;25.003;FUNDO MUNICIPAL DE ASSISTENCIA SOCIAL - FMAS;2.310;REFORMA E MANUTENÇÃO DA CASA DE ACOLHIMENTO INSTITUCIONAL CRIANÇA E ADOLESCENTE;58;PROTEÇÃO SOCIAL ESPECIAL DE ALTA COMPLEXIDADE;8;Assistência Social;244;Assistência Comunitária;856;3.3.90.46.00.00.00.00;AUXÍLIO-ALIMENTAÇÃO;1.500.000.0000;RECURSOS NÃO VINCULADOS DE IMPOSTOS;43.160,00
PREFEITURA MUNICIPAL DE BARBACENA;25.003;FUNDO MUNICIPAL DE ASSISTENCIA SOCIAL - FMAS;2.310;REFORMA E MANUTENÇÃO DA CASA DE ACOLHIMENTO INSTITUCIONAL CRIANÇA E ADOLESCENTE;58;PROTEÇÃO SOCIAL ESPECIAL DE ALTA COMPLEXIDADE;8;Assistência Social;244;Assistência Comunitária;856;3.3.90.46.00.00.00.00;AUXÍLIO-ALIMENTAÇÃO;1.660.000.0000;TRANSFERÊNCIA DE RECURSOS DO FUNDO NACIONAL DE ASSISTÊNCIA SOCIAL - FNAS;38.400,00
PREFEITURA MUNICIPAL DE BARBACENA;25.003;FUNDO MUNICIPAL DE ASSISTENCIA SOCIAL - FMAS;2.310;REFORMA E MANUTENÇÃO DA CASA DE ACOLHIMENTO INSTITUCIONAL CRIANÇA E ADOLESCENTE;58;PROTEÇÃO SOCIAL ESPECIAL DE ALTA COMPLEXIDADE;8;Assistência Social;244;Assistência Comunitária;857;3.3.90.92.00.00.00.00;DESPESAS DE EXERCÍCIOS ANTERIORES;1.660.000.0000;TRANSFERÊNCIA DE RECURSOS DO FUNDO NACIONAL DE ASSISTÊNCIA SOCIAL - FNAS;180,00
PREFEITURA MUNICIPAL DE BARBACENA;25.003;FUNDO MUNICIPAL DE ASSISTENCIA SOCIAL - FMAS;2.665;MANUTENÇÃO DA CASA DE PASSAGEM;58;PROTEÇÃO SOCIAL ESPECIAL DE ALTA COMPLEXIDADE;8;Assistência Social;244;Assistência Comunitária;871;3.1.90.04.15.00.00.00;OBRIGAÇÕES PATRONAIS - CONTRATO TEMPORÁRIO;1.500.000.0000;RECURSOS NÃO VINCULADOS DE IMPOSTOS;1.740,53
PREFEITURA MUNICIPAL DE BARBACENA;25.003;FUNDO MUNICIPAL DE ASSISTENCIA SOCIAL - FMAS;2.665;MANUTENÇÃO DA CASA DE PASSAGEM;58;PROTEÇÃO SOCIAL ESPECIAL DE ALTA COMPLEXIDADE;8;Assistência Social;244;Assistência Comunitária;871;3.1.90.04.01.00.00.00;SALÁRIO CONTRATO TEMPORÁRIO;1.500.000.0000;RECURSOS NÃO VINCULADOS DE IMPOSTOS;20.834,53
PREFEITURA MUNICIPAL DE BARBACENA;25.003;FUNDO MUNICIPAL DE ASSISTENCIA SOCIAL - FMAS;2.665;MANUTENÇÃO DA CASA DE PASSAGEM;58;PROTEÇÃO SOCIAL ESPECIAL DE ALTA COMPLEXIDADE;8;Assistência Social;244;Assistência Comunitária;871;3.1.90.04.15.00.00.00;OBRIGAÇÕES PATRONAIS - CONTRATO TEMPORÁRIO;1.660.000.0000;TRANSFERÊNCIA DE RECURSOS DO FUNDO NACIONAL DE ASSISTÊNCIA SOCIAL - FNAS;3.899,84
PREFEITURA MUNICIPAL DE BARBACENA;25.003;FUNDO MUNICIPAL DE ASSISTENCIA SOCIAL - FMAS;2.665;MANUTENÇÃO DA CASA DE PASSAGEM;58;PROTEÇÃO SOCIAL ESPECIAL DE ALTA COMPLEXIDADE;8;Assistência Social;244;Assistência Comunitária;871;3.1.90.04.01.00.00.00;SALÁRIO CONTRATO TEMPORÁRIO;1.660.000.0000;TRANSFERÊNCIA DE RECURSOS DO FUNDO NACIONAL DE ASSISTÊNCIA SOCIAL - FNAS;39.755,00
PREFEITURA MUNICIPAL DE BARBACENA;25.003;FUNDO MUNICIPAL DE ASSISTENCIA SOCIAL - FMAS;2.665;MANUTENÇÃO DA CASA DE PASSAGEM;58;PROTEÇÃO SOCIAL ESPECIAL DE ALTA COMPLEXIDADE;8;Assistência Social;244;Assistência Comunitária;878;3.3.90.36.14.00.00.00;LOCAÇÃO DE IMÓVEIS;1.661.000.0000;TRANSFERÊNCIA DE RECURSOS DOS FUNDOS ESTADUAIS DE ASSISTÊNCIA SOCIAL;45.177,00
PREFEITURA MUNICIPAL DE BARBACENA;25.003;FUNDO MUNICIPAL DE ASSISTENCIA SOCIAL - FMAS;2.665;MANUTENÇÃO DA CASA DE PASSAGEM;58;PROTEÇÃO SOCIAL ESPECIAL DE ALTA COMPLEXIDADE;8;Assistência Social;244;Assistência Comunitária;879;3.3.90.39.27.00.00.00;FORNECIMENTO DE ALIMENTAÇÃO;1.500.000.0000;RECURSOS NÃO VINCULADOS DE IMPOSTOS;191.461,50
PREFEITURA MUNICIPAL DE BARBACENA;25.003;FUNDO MUNICIPAL DE ASSISTENCIA SOCIAL - FMAS;2.665;MANUTENÇÃO DA CASA DE PASSAGEM;58;PROTEÇÃO SOCIAL ESPECIAL DE ALTA COMPLEXIDADE;8;Assistência Social;244;Assistência Comunitária;879;3.3.90.39.27.00.00.00;FORNECIMENTO DE ALIMENTAÇÃO;2.660.000.0000;TRANSFERÊNCIA DE RECURSOS DO FUNDO NACIONAL DE ASSISTÊNCIA SOCIAL - FNAS;241.387,50
PREFEITURA MUNICIPAL DE BARBACENA;25.003;FUNDO MUNICIPAL DE ASSISTENCIA SOCIAL - FMAS;2.665;MANUTENÇÃO DA CASA DE PASSAGEM;58;PROTEÇÃO SOCIAL ESPECIAL DE ALTA COMPLEXIDADE;8;Assistência Social;244;Assistência Comunitária;880;3.3.90.46.00.00.00.00;AUXÍLIO-ALIMENTAÇÃO;1.500.000.0000;RECURSOS NÃO VINCULADOS DE IMPOSTOS;4.195,00
PREFEITURA MUNICIPAL DE BARBACENA;25.003;FUNDO MUNICIPAL DE ASSISTENCIA SOCIAL - FMAS;2.665;MANUTENÇÃO DA CASA DE PASSAGEM;58;PROTEÇÃO SOCIAL ESPECIAL DE ALTA COMPLEXIDADE;8;Assistência Social;244;Assistência Comunitária;880;3.3.90.46.00.00.00.00;AUXÍLIO-ALIMENTAÇÃO;1.660.000.0000;TRANSFERÊNCIA DE RECURSOS DO FUNDO NACIONAL DE ASSISTÊNCIA SOCIAL - FNAS;9.600,00
PREFEITURA MUNICIPAL DE BARBACENA;25.003;FUNDO MUNICIPAL DE ASSISTENCIA SOCIAL - FMAS;2.318;MANUTENÇÃO DO CADUNICO E PROGRAMA BOLSA FAMILIA;59;PROGRAMAS FEDERAIS E MUNICIPAIS;8;Assistência Social;244;Assistência Comunitária;888;3.1.90.04.01.00.00.00;SALÁRIO CONTRATO TEMPORÁRIO;1.500.000.0000;RECURSOS NÃO VINCULADOS DE IMPOSTOS;42.513,98
PREFEITURA MUNICIPAL DE BARBACENA;25.003;FUNDO MUNICIPAL DE ASSISTENCIA SOCIAL - FMAS;2.318;MANUTENÇÃO DO CADUNICO E PROGRAMA BOLSA FAMILIA;59;PROGRAMAS FEDERAIS E MUNICIPAIS;8;Assistência Social;244;Assistência Comunitária;888;3.1.90.04.15.00.00.00;OBRIGAÇÕES PATRONAIS - CONTRATO TEMPORÁRIO;1.500.000.0000;RECURSOS NÃO VINCULADOS DE IMPOSTOS;4.066,46
PREFEITURA MUNICIPAL DE BARBACENA;25.003;FUNDO MUNICIPAL DE ASSISTENCIA SOCIAL - FMAS;2.318;MANUTENÇÃO DO CADUNICO E PROGRAMA BOLSA FAMILIA;59;PROGRAMAS FEDERAIS E MUNICIPAIS;8;Assistência Social;244;Assistência Comunitária;888;3.1.90.04.01.00.00.00;SALÁRIO CONTRATO TEMPORÁRIO;1.660.000.0000;TRANSFERÊNCIA DE RECURSOS DO FUNDO NACIONAL DE ASSISTÊNCIA SOCIAL - FNAS;19.912,67
PREFEITURA MUNICIPAL DE BARBACENA;25.003;FUNDO MUNICIPAL DE ASSISTENCIA SOCIAL - FMAS;2.318;MANUTENÇÃO DO CADUNICO E PROGRAMA BOLSA FAMILIA;59;PROGRAMAS FEDERAIS E MUNICIPAIS;8;Assistência Social;244;Assistência Comunitária;888;3.1.90.04.15.00.00.00;OBRIGAÇÕES PATRONAIS - CONTRATO TEMPORÁRIO;1.660.000.0000;TRANSFERÊNCIA DE RECURSOS DO FUNDO NACIONAL DE ASSISTÊNCIA SOCIAL - FNAS;1.182,74
PREFEITURA MUNICIPAL DE BARBACENA;25.003;FUNDO MUNICIPAL DE ASSISTENCIA SOCIAL - FMAS;2.318;MANUTENÇÃO DO CADUNICO E PROGRAMA BOLSA FAMILIA;59;PROGRAMAS FEDERAIS E MUNICIPAIS;8;Assistência Social;244;Assistência Comunitária;892;3.3.90.30.99.00.00.00;OUTROS MATERIAIS DE CONSUMO;1.660.000.0000;TRANSFERÊNCIA DE RECURSOS DO FUNDO NACIONAL DE ASSISTÊNCIA SOCIAL - FNAS;35.000,00
PREFEITURA MUNICIPAL DE BARBACENA;25.003;FUNDO MUNICIPAL DE ASSISTENCIA SOCIAL - FMAS;2.318;MANUTENÇÃO DO CADUNICO E PROGRAMA BOLSA FAMILIA;59;PROGRAMAS FEDERAIS E MUNICIPAIS;8;Assistência Social;244;Assistência Comunitária;892;3.3.90.30.16.00.00.00;MATERIAL DE EXPEDIENTE;1.660.000.0000;TRANSFERÊNCIA DE RECURSOS DO FUNDO NACIONAL DE ASSISTÊNCIA SOCIAL - FNAS;67.312,20
PREFEITURA MUNICIPAL DE BARBACENA;25.003;FUNDO MUNICIPAL DE ASSISTENCIA SOCIAL - FMAS;2.318;MANUTENÇÃO DO CADUNICO E PROGRAMA BOLSA FAMILIA;59;PROGRAMAS FEDERAIS E MUNICIPAIS;8;Assistência Social;244;Assistência Comunitária;892;3.3.90.30.40.00.00.00;FERRAMENTAS;1.660.000.0000;TRANSFERÊNCIA DE RECURSOS DO FUNDO NACIONAL DE ASSISTÊNCIA SOCIAL - FNAS;2.976,29
PREFEITURA MUNICIPAL DE BARBACENA;25.003;FUNDO MUNICIPAL DE ASSISTENCIA SOCIAL - FMAS;2.318;MANUTENÇÃO DO CADUNICO E PROGRAMA BOLSA FAMILIA;59;PROGRAMAS FEDERAIS E MUNICIPAIS;8;Assistência Social;244;Assistência Comunitária;892;3.3.90.30.22.00.00.00;MATERIAL DE LIMPEZA E PRODUÇÃO DE HIGIENIZAÇÃO;1.660.000.0000;TRANSFERÊNCIA DE RECURSOS DO FUNDO NACIONAL DE ASSISTÊNCIA SOCIAL - FNAS;47.887,55
PREFEITURA MUNICIPAL DE BARBACENA;25.003;FUNDO MUNICIPAL DE ASSISTENCIA SOCIAL - FMAS;2.318;MANUTENÇÃO DO CADUNICO E PROGRAMA BOLSA FAMILIA;59;PROGRAMAS FEDERAIS E MUNICIPAIS;8;Assistência Social;244;Assistência Comunitária;892;3.3.90.30.28.00.00.00;MATERIAL DE PROTEÇÃO E SEGURANÇA;1.660.000.0000;TRANSFERÊNCIA DE RECURSOS DO FUNDO NACIONAL DE ASSISTÊNCIA SOCIAL - FNAS;2.670,00
PREFEITURA MUNICIPAL DE BARBACENA;25.003;FUNDO MUNICIPAL DE ASSISTENCIA SOCIAL - FMAS;2.318;MANUTENÇÃO DO CADUNICO E PROGRAMA BOLSA FAMILIA;59;PROGRAMAS FEDERAIS E MUNICIPAIS;8;Assistência Social;244;Assistência Comunitária;892;3.3.90.30.24.00.00.00;MATERIAL PARA MANUTENÇÃO DE BENS IMÓVEIS;1.660.000.0000;TRANSFERÊNCIA DE RECURSOS DO FUNDO NACIONAL DE ASSISTÊNCIA SOCIAL - FNAS;578,00
PREFEITURA MUNICIPAL DE BARBACENA;25.003;FUNDO MUNICIPAL DE ASSISTENCIA SOCIAL - FMAS;2.318;MANUTENÇÃO DO CADUNICO E PROGRAMA BOLSA FAMILIA;59;PROGRAMAS FEDERAIS E MUNICIPAIS;8;Assistência Social;244;Assistência Comunitária;892;3.3.90.30.07.00.00.00;GÊNEROS DE ALIMENTAÇÃO;1.660.000.0000;TRANSFERÊNCIA DE RECURSOS DO FUNDO NACIONAL DE ASSISTÊNCIA SOCIAL - FNAS;6.674,60
PREFEITURA MUNICIPAL DE BARBACENA;25.003;FUNDO MUNICIPAL DE ASSISTENCIA SOCIAL - FMAS;2.318;MANUTENÇÃO DO CADUNICO E PROGRAMA BOLSA FAMILIA;59;PROGRAMAS FEDERAIS E MUNICIPAIS;8;Assistência Social;244;Assistência Comunitária;894;3.3.90.39.99.00.00.00;OUTROS SERVIÇOS DE TERCEIROS - PESSOA JURÍDICA;1.660.000.0000;TRANSFERÊNCIA DE RECURSOS DO FUNDO NACIONAL DE ASSISTÊNCIA SOCIAL - FNAS;55.297,40
PREFEITURA MUNICIPAL DE BARBACENA;25.003;FUNDO MUNICIPAL DE ASSISTENCIA SOCIAL - FMAS;2.318;MANUTENÇÃO DO CADUNICO E PROGRAMA BOLSA FAMILIA;59;PROGRAMAS FEDERAIS E MUNICIPAIS;8;Assistência Social;244;Assistência Comunitária;894;3.3.90.39.12.00.00.00;LOCAÇÃO DE MÁQUINAS E EQUIPAMENTOS;1.660.000.0000;TRANSFERÊNCIA DE RECURSOS DO FUNDO NACIONAL DE ASSISTÊNCIA SOCIAL - FNAS;4.620,48
PREFEITURA MUNICIPAL DE BARBACENA;25.003;FUNDO MUNICIPAL DE ASSISTENCIA SOCIAL - FMAS;2.318;MANUTENÇÃO DO CADUNICO E PROGRAMA BOLSA FAMILIA;59;PROGRAMAS FEDERAIS E MUNICIPAIS;8;Assistência Social;244;Assistência Comunitária;894;3.3.90.39.43.00.00.00;SERVIÇOS DE TELECOMUNICAÇÕES;1.660.000.0000;TRANSFERÊNCIA DE RECURSOS DO FUNDO NACIONAL DE ASSISTÊNCIA SOCIAL - FNAS;900,00
PREFEITURA MUNICIPAL DE BARBACENA;25.003;FUNDO MUNICIPAL DE ASSISTENCIA SOCIAL - FMAS;2.318;MANUTENÇÃO DO CADUNICO E PROGRAMA BOLSA FAMILIA;59;PROGRAMAS FEDERAIS E MUNICIPAIS;8;Assistência Social;244;Assistência Comunitária;894;3.3.90.39.48.00.00.00;SERVIÇOS GRÁFICOS;1.660.000.0000;TRANSFERÊNCIA DE RECURSOS DO FUNDO NACIONAL DE ASSISTÊNCIA SOCIAL - FNAS;2.562,20
PREFEITURA MUNICIPAL DE BARBACENA;25.003;FUNDO MUNICIPAL DE ASSISTENCIA SOCIAL - FMAS;2.318;MANUTENÇÃO DO CADUNICO E PROGRAMA BOLSA FAMILIA;59;PROGRAMAS FEDERAIS E MUNICIPAIS;8;Assistência Social;244;Assistência Comunitária;894;3.3.90.39.53.00.00.00;SEGUROS EM GERAL;1.660.000.0000;TRANSFERÊNCIA DE RECURSOS DO FUNDO NACIONAL DE ASSISTÊNCIA SOCIAL - FNAS;8.494,91
PREFEITURA MUNICIPAL DE BARBACENA;25.003;FUNDO MUNICIPAL DE ASSISTENCIA SOCIAL - FMAS;2.318;MANUTENÇÃO DO CADUNICO E PROGRAMA BOLSA FAMILIA;59;PROGRAMAS FEDERAIS E MUNICIPAIS;8;Assistência Social;244;Assistência Comunitária;895;3.3.90.46.00.00.00.00;AUXÍLIO-ALIMENTAÇÃO;1.500.000.0000;RECURSOS NÃO VINCULADOS DE IMPOSTOS;12.750,00
PREFEITURA MUNICIPAL DE BARBACENA;25.003;FUNDO MUNICIPAL DE ASSISTENCIA SOCIAL - FMAS;2.318;MANUTENÇÃO DO CADUNICO E PROGRAMA BOLSA FAMILIA;59;PROGRAMAS FEDERAIS E MUNICIPAIS;8;Assistência Social;244;Assistência Comunitária;895;3.3.90.46.00.00.00.00;AUXÍLIO-ALIMENTAÇÃO;1.660.000.0000;TRANSFERÊNCIA DE RECURSOS DO FUNDO NACIONAL DE ASSISTÊNCIA SOCIAL - FNAS;7.050,00
PREFEITURA MUNICIPAL DE BARBACENA;25.003;FUNDO MUNICIPAL DE ASSISTENCIA SOCIAL - FMAS;2.318;MANUTENÇÃO DO CADUNICO E PROGRAMA BOLSA FAMILIA;59;PROGRAMAS FEDERAIS E MUNICIPAIS;8;Assistência Social;244;Assistência Comunitária;896;3.3.90.92.00.00.00.00;DESPESAS DE EXERCÍCIOS ANTERIORES;1.660.000.0000;TRANSFERÊNCIA DE RECURSOS DO FUNDO NACIONAL DE ASSISTÊNCIA SOCIAL - FNAS;360,00
PREFEITURA MUNICIPAL DE BARBACENA;25.003;FUNDO MUNICIPAL DE ASSISTENCIA SOCIAL - FMAS;2.318;MANUTENÇÃO DO CADUNICO E PROGRAMA BOLSA FAMILIA;59;PROGRAMAS FEDERAIS E MUNICIPAIS;8;Assistência Social;244;Assistência Comunitária;897;4.4.90.52.21.00.00.00;MÁQUINAS, FERRAMENTAS E UTENSÍLIOS DE OFICINA;1.660.000.0000;TRANSFERÊNCIA DE RECURSOS DO FUNDO NACIONAL DE ASSISTÊNCIA SOCIAL - FNAS;7.132,88
PREFEITURA MUNICIPAL DE BARBACENA;25.003;FUNDO MUNICIPAL DE ASSISTENCIA SOCIAL - FMAS;2.318;MANUTENÇÃO DO CADUNICO E PROGRAMA BOLSA FAMILIA;59;PROGRAMAS FEDERAIS E MUNICIPAIS;8;Assistência Social;244;Assistência Comunitária;897;4.4.90.52.22.00.00.00;EQUIPAMENTOS E UTENSÍLIOS HIDRÁULICOS E ELÉTRICOS;1.660.000.0000;TRANSFERÊNCIA DE RECURSOS DO FUNDO NACIONAL DE ASSISTÊNCIA SOCIAL - FNAS;2.077,00
PREFEITURA MUNICIPAL DE BARBACENA;25.003;FUNDO MUNICIPAL DE ASSISTENCIA SOCIAL - FMAS;2.318;MANUTENÇÃO DO CADUNICO E PROGRAMA BOLSA FAMILIA;59;PROGRAMAS FEDERAIS E MUNICIPAIS;8;Assistência Social;244;Assistência Comunitária;897;4.4.90.52.06.00.00.00;APARELHOS E UTENSÍLIOS DOMÉSTICOS;1.660.000.0000;TRANSFERÊNCIA DE RECURSOS DO FUNDO NACIONAL DE ASSISTÊNCIA SOCIAL - FNAS;579,00
PREFEITURA MUNICIPAL DE BARBACENA;25.003;FUNDO MUNICIPAL DE ASSISTENCIA SOCIAL - FMAS;2.318;MANUTENÇÃO DO CADUNICO E PROGRAMA BOLSA FAMILIA;59;PROGRAMAS FEDERAIS E MUNICIPAIS;8;Assistência Social;244;Assistência Comunitária;897;4.4.90.52.18.00.00.00;MÁQUINAS, UTENSÍLIOS E EQUIPAMENTOS DIVERSOS;1.660.000.0000;TRANSFERÊNCIA DE RECURSOS DO FUNDO NACIONAL DE ASSISTÊNCIA SOCIAL - FNAS;6.299,00
PREFEITURA MUNICIPAL DE BARBACENA;25.003;FUNDO MUNICIPAL DE ASSISTENCIA SOCIAL - FMAS;2.318;MANUTENÇÃO DO CADUNICO E PROGRAMA BOLSA FAMILIA;59;PROGRAMAS FEDERAIS E MUNICIPAIS;8;Assistência Social;244;Assistência Comunitária;897;4.4.90.52.04.00.00.00;APARELHOS, EQUIPAMENTOS, UTENSÍLIOS MÉDICO-ODONT;2.660.000.0000;TRANSFERÊNCIA DE RECURSOS DO FUNDO NACIONAL DE ASSISTÊNCIA SOCIAL - FNAS;210.775,00
PREFEITURA MUNICIPAL DE BARBACENA;25.003;FUNDO MUNICIPAL DE ASSISTENCIA SOCIAL - FMAS;2.341;AÇÕES DE ENFRENTAMENTO DA EMERGÊNCIA COVID 19;60;VIGILÂNCIA SOCIOASSISTENCIAL;8;Assistência Social;244;Assistência Comunitária;905;4.4.90.52.18.00.00.00;MÁQUINAS, UTENSÍLIOS E EQUIPAMENTOS DIVERSOS;2.660.000.0000;TRANSFERÊNCIA DE RECURSOS DO FUNDO NACIONAL DE ASSISTÊNCIA SOCIAL - FNAS;53.724,00
PREFEITURA MUNICIPAL DE BARBACENA;25.003;FUNDO MUNICIPAL DE ASSISTENCIA SOCIAL - FMAS;2.341;AÇÕES DE ENFRENTAMENTO DA EMERGÊNCIA COVID 19;60;VIGILÂNCIA SOCIOASSISTENCIAL;8;Assistência Social;244;Assistência Comunitária;905;4.4.90.52.99.00.00.00;OUTROS MATERIAIS PERMANENTES;2.660.000.0000;TRANSFERÊNCIA DE RECURSOS DO FUNDO NACIONAL DE ASSISTÊNCIA SOCIAL - FNAS;1.023,10
PREFEITURA MUNICIPAL DE BARBACENA;25.003;FUNDO MUNICIPAL DE ASSISTENCIA SOCIAL - FMAS;2.341;AÇÕES DE ENFRENTAMENTO DA EMERGÊNCIA COVID 19;60;VIGILÂNCIA SOCIOASSISTENCIAL;8;Assistência Social;244;Assistência Comunitária;905;4.4.90.52.06.00.00.00;APARELHOS E UTENSÍLIOS DOMÉSTICOS;2.660.000.0000;TRANSFERÊNCIA DE RECURSOS DO FUNDO NACIONAL DE ASSISTÊNCIA SOCIAL - FNAS;1.090,00
PREFEITURA MUNICIPAL DE BARBACENA;25.004;FUNDO MUN DE APOIO DAS PESSOAS COM DEFICIENCIA;2.325;IMPLANTAÇÃO E PROMOÇÃO DAS POLITICAS DOS DIREITOS DA PESSOA COM DEFICIENCIA;55;FORTALECIMENTO DO CONTROLE SOCIAL;8;Assistência Social;242;Assistência à Pessoa com Deficiência;913;3.3.50.43.00.00.00.00;SUBVENÇÕES SOCIAIS;1.501.000.0000;OUTROS RECURSOS NÃO VINCULADOS;100.000,00
PREFEITURA MUNICIPAL DE BARBACENA;25.004;FUNDO MUN DE APOIO DAS PESSOAS COM DEFICIENCIA;2.325;IMPLANTAÇÃO E PROMOÇÃO DAS POLITICAS DOS DIREITOS DA PESSOA COM DEFICIENCIA;55;FORTALECIMENTO DO CONTROLE SOCIAL;8;Assistência Social;242;Assistência à Pessoa com Deficiência;915;4.4.90.52.18.00.00.00;MÁQUINAS, UTENSÍLIOS E EQUIPAMENTOS DIVERSOS;1.500.000.0000;RECURSOS NÃO VINCULADOS DE IMPOSTOS;31.647,75
PREFEITURA MUNICIPAL DE BARBACENA;25.004;FUNDO MUN DE APOIO DAS PESSOAS COM DEFICIENCIA;2.325;IMPLANTAÇÃO E PROMOÇÃO DAS POLITICAS DOS DIREITOS DA PESSOA COM DEFICIENCIA;55;FORTALECIMENTO DO CONTROLE SOCIAL;8;Assistência Social;242;Assistência à Pessoa com Deficiência;915;4.4.90.52.04.00.00.00;APARELHOS, EQUIPAMENTOS, UTENSÍLIOS MÉDICO-ODONT;1.500.000.0000;RECURSOS NÃO VINCULADOS DE IMPOSTOS;6.690,00
PREFEITURA MUNICIPAL DE BARBACENA;25.004;FUNDO MUN DE APOIO DAS PESSOAS COM DEFICIENCIA;2.471;APOIO ASSOCIAÇÃO REGIONAL DE PESSOAS PORTADORAS DE DEFICIÊNCIA (ASDEF);57;PROTEÇÃO SOCIAL ESPECIAL DE MÉDIA COMPLEXIDADE;8;Assistência Social;242;Assistência à Pessoa com Deficiência;1028;3.3.50.43.00.00.00.00;SUBVENÇÕES SOCIAIS;1.501.000.0000;OUTROS RECURSOS NÃO VINCULADOS;30.000,00
PREFEITURA MUNICIPAL DE BARBACENA;25.004;FUNDO MUN DE APOIO DAS PESSOAS COM DEFICIENCIA;2.471;APOIO ASSOCIAÇÃO REGIONAL DE PESSOAS PORTADORAS DE DEFICIÊNCIA (ASDEF);57;PROTEÇÃO SOCIAL ESPECIAL DE MÉDIA COMPLEXIDADE;8;Assistência Social;242;Assistência à Pessoa com Deficiência;1035;3.3.50.41.00.00.00.00;CONTRIBUIÇÕES;1.500.000.0000;RECURSOS NÃO VINCULADOS DE IMPOSTOS;73.268,84
PREFEITURA MUNICIPAL DE BARBACENA;25.004;FUNDO MUN DE APOIO DAS PESSOAS COM DEFICIENCIA;2.471;APOIO ASSOCIAÇÃO REGIONAL DE PESSOAS PORTADORAS DE DEFICIÊNCIA (ASDEF);57;PROTEÇÃO SOCIAL ESPECIAL DE MÉDIA COMPLEXIDADE;8;Assistência Social;242;Assistência à Pessoa com Deficiência;1035;3.3.50.41.00.00.00.00;CONTRIBUIÇÕES;1.501.000.0000;OUTROS RECURSOS NÃO VINCULADOS;112.000,02
PREFEITURA MUNICIPAL DE BARBACENA;25.005;FUNDO MUN DE SEGUR ALIMENTAR E NUTRICIONAL - FMSAN;1.093;CRIAÇÃO, IMPLANTAÇÃO E MANUTENÇÃO DO RESTAURANTE POPULAR BAIRRO;55;FORTALECIMENTO DO CONTROLE SOCIAL;8;Assistência Social;306;Alimentação e Nutrição;925;3.3.90.39.27.00.00.00;FORNECIMENTO DE ALIMENTAÇÃO;1.500.000.0000;RECURSOS NÃO VINCULADOS DE IMPOSTOS;577.654,00
PREFEITURA MUNICIPAL DE BARBACENA;25.005;FUNDO MUN DE SEGUR ALIMENTAR E NUTRICIONAL - FMSAN;1.093;CRIAÇÃO, IMPLANTAÇÃO E MANUTENÇÃO DO RESTAURANTE POPULAR BAIRRO;55;FORTALECIMENTO DO CONTROLE SOCIAL;8;Assistência Social;306;Alimentação e Nutrição;925;3.3.90.39.27.00.00.00;FORNECIMENTO DE ALIMENTAÇÃO;1.501.000.0000;OUTROS RECURSOS NÃO VINCULADOS;739.578,36
PREFEITURA MUNICIPAL DE BARBACENA;25.006;FUNDO MUNICIPAL DA CRIANÇA - FMDCA;2.305;IMPLANTAÇÃO E PROMOÇAO DAS POLITICAS DOS DIREITOS DA CRIANÇA E DO ADOLESCENTE;55;FORTALECIMENTO DO CONTROLE SOCIAL;8;Assistência Social;243;Assistência à Criança e ao Adolescente;938;3.3.90.39.99.00.00.00;OUTROS SERVIÇOS DE TERCEIROS - PESSOA JURÍDICA;1.501.000.0000;OUTROS RECURSOS NÃO VINCULADOS;2.584,56
