Código;Especificação;Previsto Janeiro;Previsto Fevereiro;Previsto Março;Previsto Abril;Previsto Maio;Previsto Junho;Previsto Julho;Previsto Agosto;Previsto Setembro;Previsto Outubro;Previsto Novembro;Previsto Dezembro;Total Previsto;Realizado Janeiro;Realizado Fevereiro;Realizado Março;Realizado Abril;Realizado Maio;Realizado Junho;Realizado Julho;Realizado Agosto;Realizado Setembro;Realizado Outubro;Realizado Novembro;Realizado Dezembro;Total Realizado;Diferença Janeiro;Diferença Fevereiro;Diferença Março;Diferença Abril;Diferença Maio;Diferença Junho;Diferença Julho;Diferença Agosto;Diferença Setembro;Diferença Outubro;Diferença Novembro;Diferença Dezembro;Total Diferença
1.1.1.2.50.0.1.00.00.00;Imposto s/ Propriedade Predial e Territorial Urbana-IPTU;64.471,14;323.478,73;2.699.604,09;10.753.534,69;2.416.301,70;2.291.052,86;2.276.498,86;2.194.569,71;2.246.970,49;2.378.645,83;2.154.820,30;297.429,04;30.097.377,44;128.750,02;194.272,48;436.671,13;3.365.604,07;10.524.058,95;2.551.346,62;2.607.949,65;2.462.484,37;2.589.636,46;2.644.943,44;2.293.131,93;1.972.192,88;31.771.042,00;64.278,88;-129.206,25;-2.262.932,96;-7.387.930,62;8.107.757,25;260.293,76;331.450,79;267.914,66;342.665,97;266.297,61;138.311,63;1.674.763,84;1.673.664,56
1.1.1.2.50.0.2.00.00.00;Multas/Juros de Mora s/IPTU;6.537,94;0,00;13,77;2.522,49;9.886,59;13.164,35;16.796,05;56.802,16;16.783,59;20.825,32;23.588,05;28.515,35;195.435,66;2.541,84;0,00;6,47;46,97;7.451,69;13.872,48;25.536,89;70.425,03;56.205,96;69.699,81;30.634,79;25.093,59;301.515,52;-3.996,10;0,00;-7,30;-2.475,52;-2.434,90;708,13;8.740,84;13.622,87;39.422,37;48.874,49;7.046,74;-3.421,76;106.079,86
1.1.1.2.50.0.2.00.00.00;Multas/Juros de Mora s/IPTU;6.537,94;0,00;13,77;2.522,49;9.886,59;13.164,35;16.796,05;56.802,16;16.783,59;20.825,32;23.588,05;28.515,35;195.435,66;2.541,84;0,00;6,47;46,97;7.451,69;13.872,48;25.536,89;70.425,03;56.205,96;69.699,81;30.634,79;25.093,59;301.515,52;-3.996,10;0,00;-7,30;-2.475,52;-2.434,90;708,13;8.740,84;13.622,87;39.422,37;48.874,49;7.046,74;-3.421,76;106.079,86
1.1.1.2.50.0.3.00.00.00;IPTU - Dívida Ativa;792.551,12;588.118,37;424.903,04;280.022,44;230.514,43;222.382,52;394.270,78;193.247,58;180.785,01;163.567,75;156.524,21;156.190,85;3.783.078,10;292.027,97;252.747,61;338.707,58;222.591,95;209.994,31;173.919,88;197.575,89;401.918,65;656.137,93;996.357,47;581.842,24;454.646,20;4.778.467,68;-500.523,15;-335.370,76;-86.195,46;-57.430,49;-20.520,12;-48.462,64;-196.694,89;208.671,07;475.352,92;832.789,72;425.318,03;298.455,35;995.389,58
1.1.1.2.50.0.3.00.00.00;IPTU - Dívida Ativa;792.551,12;588.118,37;424.903,04;280.022,44;230.514,43;222.382,52;394.270,78;193.247,58;180.785,01;163.567,75;156.524,21;156.190,85;3.783.078,10;292.027,97;252.747,61;338.707,58;222.591,95;209.994,31;173.919,88;197.575,89;401.918,65;656.137,93;996.357,47;581.842,24;454.646,20;4.778.467,68;-500.523,15;-335.370,76;-86.195,46;-57.430,49;-20.520,12;-48.462,64;-196.694,89;208.671,07;475.352,92;832.789,72;425.318,03;298.455,35;995.389,58
1.1.1.2.50.0.4.00.00.00;Multas/Juros Mora Div.Ativ.IPTU;126.793,60;125.927,05;117.663,05;112.359,45;88.958,60;99.070,73;92.151,56;96.301,67;93.345,23;96.213,83;91.271,23;92.120,77;1.232.176,77;139.153,61;124.100,97;136.869,75;107.476,66;107.832,75;90.001,46;58.072,05;69.841,79;70.008,39;146.856,46;149.838,18;74.905,85;1.274.957,92;12.360,01;-1.826,08;19.206,70;-4.882,79;18.874,15;-9.069,27;-34.079,51;-26.459,88;-23.336,84;50.642,63;58.566,95;-17.214,92;42.781,15
1.1.1.2.50.0.4.00.00.00;Multas/Juros Mora Div.Ativ.IPTU;126.793,60;125.927,05;117.663,05;112.359,45;88.958,60;99.070,73;92.151,56;96.301,67;93.345,23;96.213,83;91.271,23;92.120,77;1.232.176,77;139.153,61;124.100,97;136.869,75;107.476,66;107.832,75;90.001,46;58.072,05;69.841,79;70.008,39;146.856,46;149.838,18;74.905,85;1.274.957,92;12.360,01;-1.826,08;19.206,70;-4.882,79;18.874,15;-9.069,27;-34.079,51;-26.459,88;-23.336,84;50.642,63;58.566,95;-17.214,92;42.781,15
1.1.1.2.53.0.1.00.00.00;"Imp.s/ Transm.""Inter Vivos"" Bens Imóv.Direitos Reais s/Imóveis";432.415,45;339.899,98;400.323,13;267.111,36;382.331,10;450.417,87;420.477,21;551.362,95;537.734,91;534.915,36;301.652,70;469.882,83;5.088.524,85;239.862,71;647.087,99;395.336,84;520.759,10;449.250,89;492.146,77;445.633,52;509.421,44;516.475,15;644.777,06;442.419,69;372.405,28;5.675.576,44;-192.552,74;307.188,01;-4.986,29;253.647,74;66.919,79;41.728,90;25.156,31;-41.941,51;-21.259,76;109.861,70;140.766,99;-97.477,55;587.051,59
1.1.1.2.53.0.1.00.00.00;"Imp.s/ Transm.""Inter Vivos"" Bens Imóv.Direitos Reais s/Imóveis";432.415,45;339.899,98;400.323,13;267.111,36;382.331,10;450.417,87;420.477,21;551.362,95;537.734,91;534.915,36;301.652,70;469.882,83;5.088.524,85;239.862,71;647.087,99;395.336,84;520.759,10;449.250,89;492.146,77;445.633,52;509.421,44;516.475,15;644.777,06;442.419,69;372.405,28;5.675.576,44;-192.552,74;307.188,01;-4.986,29;253.647,74;66.919,79;41.728,90;25.156,31;-41.941,51;-21.259,76;109.861,70;140.766,99;-97.477,55;587.051,59
1.1.1.3.03.1.1.00.00.00;Imposto sobre a Renda - Retido na Fonte - Trabalho - Principal;2.635.323,62;2.119.592,90;1.980.989,37;3.234.797,98;1.417.104,31;1.377.711,78;1.435.472,27;1.497.624,21;1.413.613,06;1.417.923,26;1.439.812,02;2.660.828,28;22.630.793,06;1.625.407,18;2.162.591,22;707.536,80;3.123.297,92;514.669,77;1.540.642,52;1.631.899,03;1.683.578,64;1.631.610,90;1.604.106,14;2.321.320,48;4.273.715,50;22.820.376,10;-1.009.916,44;42.998,32;-1.273.452,57;-111.500,06;-902.434,54;162.930,74;196.426,76;185.954,43;217.997,84;186.182,88;881.508,46;1.612.887,22;189.583,04
1.1.1.3.03.1.1.00.00.00;Imposto sobre a Renda - Retido na Fonte - Trabalho - Principal;2.635.323,62;2.119.592,90;1.980.989,37;3.234.797,98;1.417.104,31;1.377.711,78;1.435.472,27;1.497.624,21;1.413.613,06;1.417.923,26;1.439.812,02;2.660.828,28;22.630.793,06;1.625.407,18;2.162.591,22;707.536,80;3.123.297,92;514.669,77;1.540.642,52;1.631.899,03;1.683.578,64;1.631.610,90;1.604.106,14;2.321.320,48;4.273.715,50;22.820.376,10;-1.009.916,44;42.998,32;-1.273.452,57;-111.500,06;-902.434,54;162.930,74;196.426,76;185.954,43;217.997,84;186.182,88;881.508,46;1.612.887,22;189.583,04
1.1.1.3.03.4.1.00.00.00;Imposto sobre a Renda - Retido na Fonte - Outros Rendimentos - Principal;101.099,20;137.261,13;190.387,76;162.361,53;175.083,96;184.221,01;163.557,13;105.325,46;148.966,11;153.432,50;151.390,25;238.066,51;1.911.152,55;124.758,51;210.444,26;160.210,07;318.470,56;239.885,80;285.885,78;203.337,40;302.560,38;158.485,76;207.808,16;184.901,60;383.364,51;2.780.112,79;23.659,31;73.183,13;-30.177,69;156.109,03;64.801,84;101.664,77;39.780,27;197.234,92;9.519,65;54.375,66;33.511,35;145.298,00;868.960,24
1.1.1.3.03.4.1.00.00.00;Imposto sobre a Renda - Retido na Fonte - Outros Rendimentos - Principal;101.099,20;137.261,13;190.387,76;162.361,53;175.083,96;184.221,01;163.557,13;105.325,46;148.966,11;153.432,50;151.390,25;238.066,51;1.911.152,55;124.758,51;210.444,26;160.210,07;318.470,56;239.885,80;285.885,78;203.337,40;302.560,38;158.485,76;207.808,16;184.901,60;383.364,51;2.780.112,79;23.659,31;73.183,13;-30.177,69;156.109,03;64.801,84;101.664,77;39.780,27;197.234,92;9.519,65;54.375,66;33.511,35;145.298,00;868.960,24
1.1.1.4.51.1.1.00.00.00;Imposto sobre Serviços de Qualquer Natureza - ISSQN;2.185.014,44;1.961.773,75;1.995.085,31;2.001.453,21;2.197.723,69;2.307.573,42;2.289.015,92;2.484.041,76;2.415.499,68;2.559.351,66;2.405.789,92;2.532.572,46;27.334.895,22;2.841.311,13;2.523.269,74;2.724.612,82;2.609.262,91;2.934.639,56;3.009.074,54;2.942.475,21;3.068.366,25;2.831.240,02;3.180.586,52;3.208.199,60;3.378.575,05;35.251.613,35;656.296,69;561.495,99;729.527,51;607.809,70;736.915,87;701.501,12;653.459,29;584.324,49;415.740,34;621.234,86;802.409,68;846.002,59;7.916.718,13
1.1.1.4.51.1.1.00.00.00;Imposto sobre Serviços de Qualquer Natureza - ISSQN;2.185.014,44;1.961.773,75;1.995.085,31;2.001.453,21;2.197.723,69;2.307.573,42;2.289.015,92;2.484.041,76;2.415.499,68;2.559.351,66;2.405.789,92;2.532.572,46;27.334.895,22;2.841.311,13;2.523.269,74;2.724.612,82;2.609.262,91;2.934.639,56;3.009.074,54;2.942.475,21;3.068.366,25;2.831.240,02;3.180.586,52;3.208.199,60;3.378.575,05;35.251.613,35;656.296,69;561.495,99;729.527,51;607.809,70;736.915,87;701.501,12;653.459,29;584.324,49;415.740,34;621.234,86;802.409,68;846.002,59;7.916.718,13
1.1.1.4.51.1.2.00.00.00;Imposto sobre Serviços de Qualquer Natureza - Multas e Juros;40.829,47;38.090,48;29.723,90;25.050,01;40.820,41;45.584,44;52.570,69;73.453,41;54.660,63;70.931,58;63.932,63;38.467,52;574.115,17;43.242,55;40.616,69;19.956,96;16.687,49;22.271,95;29.354,16;32.454,17;21.497,37;22.303,52;43.600,24;25.734,84;37.881,82;355.601,76;2.413,08;2.526,21;-9.766,94;-8.362,52;-18.548,46;-16.230,28;-20.116,52;-51.956,04;-32.357,11;-27.331,34;-38.197,79;-585,70;-218.513,41
1.1.1.4.51.1.2.00.00.00;Imposto sobre Serviços de Qualquer Natureza - Multas e Juros;40.829,47;38.090,48;29.723,90;25.050,01;40.820,41;45.584,44;52.570,69;73.453,41;54.660,63;70.931,58;63.932,63;38.467,52;574.115,17;43.242,55;40.616,69;19.956,96;16.687,49;22.271,95;29.354,16;32.454,17;21.497,37;22.303,52;43.600,24;25.734,84;37.881,82;355.601,76;2.413,08;2.526,21;-9.766,94;-8.362,52;-18.548,46;-16.230,28;-20.116,52;-51.956,04;-32.357,11;-27.331,34;-38.197,79;-585,70;-218.513,41
1.1.1.4.51.1.3.00.00.00;Imposto sobre Serviços de Qualquer Natureza - Dívida Ativa;129.276,22;144.105,64;177.853,90;94.338,37;91.243,53;83.640,42;69.093,18;87.238,38;67.917,41;101.238,18;60.772,48;79.776,33;1.186.494,04;106.985,40;60.523,27;67.188,64;46.914,68;51.459,29;240.400,59;58.640,79;115.893,12;231.480,11;246.359,44;174.375,47;127.469,06;1.527.689,86;-22.290,82;-83.582,37;-110.665,26;-47.423,69;-39.784,24;156.760,17;-10.452,39;28.654,74;163.562,70;145.121,26;113.602,99;47.692,73;341.195,82
1.1.1.4.51.1.3.00.00.00;Imposto sobre Serviços de Qualquer Natureza - Dívida Ativa;129.276,22;144.105,64;177.853,90;94.338,37;91.243,53;83.640,42;69.093,18;87.238,38;67.917,41;101.238,18;60.772,48;79.776,33;1.186.494,04;106.985,40;60.523,27;67.188,64;46.914,68;51.459,29;240.400,59;58.640,79;115.893,12;231.480,11;246.359,44;174.375,47;127.469,06;1.527.689,86;-22.290,82;-83.582,37;-110.665,26;-47.423,69;-39.784,24;156.760,17;-10.452,39;28.654,74;163.562,70;145.121,26;113.602,99;47.692,73;341.195,82
1.1.1.4.51.1.4.00.00.00;Imposto sobre Serviços de Qualquer Natureza - Dívida Ativa - Multas e Juros;31.671,99;37.649,67;60.689,89;36.368,53;35.179,03;33.601,01;26.818,44;29.241,13;22.451,99;37.117,06;24.977,60;23.299,33;399.065,67;34.559,18;30.041,15;24.318,85;25.569,13;25.933,68;25.959,47;31.417,04;30.476,83;51.565,14;62.534,99;50.445,43;51.712,81;444.533,70;2.887,19;-7.608,52;-36.371,04;-10.799,40;-9.245,35;-7.641,54;4.598,60;1.235,70;29.113,15;25.417,93;25.467,83;28.413,48;45.468,03
1.1.1.4.51.1.4.00.00.00;Imposto sobre Serviços de Qualquer Natureza - Dívida Ativa - Multas e Juros;31.671,99;37.649,67;60.689,89;36.368,53;35.179,03;33.601,01;26.818,44;29.241,13;22.451,99;37.117,06;24.977,60;23.299,33;399.065,67;34.559,18;30.041,15;24.318,85;25.569,13;25.933,68;25.959,47;31.417,04;30.476,83;51.565,14;62.534,99;50.445,43;51.712,81;444.533,70;2.887,19;-7.608,52;-36.371,04;-10.799,40;-9.245,35;-7.641,54;4.598,60;1.235,70;29.113,15;25.417,93;25.467,83;28.413,48;45.468,03
1.1.2.1.01.0.1.01.00.00;Taxa Licença p/ Func. Estab.Com.,Ind.e Prest.Servi;1.571,82;224,91;1.068,05;1.355,99;1.068,35;966,57;2.061,67;1.682,86;20.242,15;93.647,78;42.336,78;46.063,82;212.290,75;3.261,83;3.994,84;9.055,80;12.027,05;20.477,41;9.113,55;13.294,02;17.957,92;47.914,74;955.227,36;419.053,86;384.300,45;1.895.678,83;1.690,01;3.769,93;7.987,75;10.671,06;19.409,06;8.146,98;11.232,35;16.275,06;27.672,59;861.579,58;376.717,08;338.236,63;1.683.388,08
1.1.2.1.01.0.1.01.00.00;Taxa Licença p/ Func. Estab.Com.,Ind.e Prest.Servi;1.571,82;224,91;1.068,05;1.355,99;1.068,35;966,57;2.061,67;1.682,86;20.242,15;93.647,78;42.336,78;46.063,82;212.290,75;3.261,83;3.994,84;9.055,80;12.027,05;20.477,41;9.113,55;13.294,02;17.957,92;47.914,74;955.227,36;419.053,86;384.300,45;1.895.678,83;1.690,01;3.769,93;7.987,75;10.671,06;19.409,06;8.146,98;11.232,35;16.275,06;27.672,59;861.579,58;376.717,08;338.236,63;1.683.388,08
1.1.2.1.01.0.1.02.00.00;Taxa de Licença para Execução de Obras;1.446,10;2.827,61;0,00;0,00;0,00;0,00;0,00;0,00;0,00;0,00;0,00;0,00;4.273,71;0,00;0,00;0,00;0,00;0,00;0,00;0,00;0,00;0,00;0,00;0,00;920,23;920,23;-1.446,10;-2.827,61;0,00;0,00;0,00;0,00;0,00;0,00;0,00;0,00;0,00;920,23;-3.353,48
1.1.2.1.01.0.1.02.00.00;Taxa de Licença para Execução de Obras;1.446,10;2.827,61;0,00;0,00;0,00;0,00;0,00;0,00;0,00;0,00;0,00;0,00;4.273,71;0,00;0,00;0,00;0,00;0,00;0,00;0,00;0,00;0,00;0,00;0,00;920,23;920,23;-1.446,10;-2.827,61;0,00;0,00;0,00;0,00;0,00;0,00;0,00;0,00;0,00;920,23;-3.353,48
1.1.2.1.01.0.1.03.00.00;Taxa de Utilização de Área de Domínio Público;23.886,58;37.467,93;11.631,63;14.913,93;171.185,00;98.972,98;77.185,90;21.243,81;36.643,88;150.836,01;37.970,02;121.006,86;802.944,53;258,59;8.961,55;776,09;594,68;993,46;1.085,17;4.057,54;213,04;1.297,30;6.114,77;9.234,40;6.577,27;40.163,86;-23.627,99;-28.506,38;-10.855,54;-14.319,25;-170.191,54;-97.887,81;-73.128,36;-21.030,77;-35.346,58;-144.721,24;-28.735,62;-114.429,59;-762.780,67
1.1.2.1.01.0.1.03.00.00;Taxa de Utilização de Área de Domínio Público;23.886,58;37.467,93;11.631,63;14.913,93;171.185,00;98.972,98;77.185,90;21.243,81;36.643,88;150.836,01;37.970,02;121.006,86;802.944,53;258,59;8.961,55;776,09;594,68;993,46;1.085,17;4.057,54;213,04;1.297,30;6.114,77;9.234,40;6.577,27;40.163,86;-23.627,99;-28.506,38;-10.855,54;-14.319,25;-170.191,54;-97.887,81;-73.128,36;-21.030,77;-35.346,58;-144.721,24;-28.735,62;-114.429,59;-762.780,67
1.1.2.1.01.0.1.04.00.00;Taxa de Aprovação do Projeto de Construção Civil;13.442,67;10.893,26;14.669,32;4.116,12;12.398,69;18.296,70;18.692,64;11.511,79;20.832,69;7.800,75;7.820,63;7.820,62;148.295,88;2.421,60;4.036,00;5.130,88;3.156,10;7.066,79;3.632,40;8.475,60;8.475,60;6.054,00;5.246,80;5.650,40;7.668,40;67.014,57;-11.021,07;-6.857,26;-9.538,44;-960,02;-5.331,90;-14.664,30;-10.217,04;-3.036,19;-14.778,69;-2.553,95;-2.170,23;-152,22;-81.281,31
1.1.2.1.01.0.1.04.00.00;Taxa de Aprovação do Projeto de Construção Civil;13.442,67;10.893,26;14.669,32;4.116,12;12.398,69;18.296,70;18.692,64;11.511,79;20.832,69;7.800,75;7.820,63;7.820,62;148.295,88;2.421,60;4.036,00;5.130,88;3.156,10;7.066,79;3.632,40;8.475,60;8.475,60;6.054,00;5.246,80;5.650,40;7.668,40;67.014,57;-11.021,07;-6.857,26;-9.538,44;-960,02;-5.331,90;-14.664,30;-10.217,04;-3.036,19;-14.778,69;-2.553,95;-2.170,23;-152,22;-81.281,31
1.1.2.1.01.0.1.05.00.00;Taxa de Alinhamento e Nivelamento;5.254,88;5.391,18;5.636,32;3.180,29;8.051,42;7.229,81;7.925,31;9.347,21;6.621,66;7.053,32;4.394,20;6.195,38;76.280,98;2.821,98;7.309,24;4.114,64;5.811,29;3.598,28;4.219,10;16.844,26;6.412,89;7.511,01;7.470,67;5.233,57;3.185,05;74.531,98;-2.432,90;1.918,06;-1.521,68;2.631,00;-4.453,14;-3.010,71;8.918,95;-2.934,32;889,35;417,35;839,37;-3.010,33;-1.749,00
1.1.2.1.01.0.1.05.00.00;Taxa de Alinhamento e Nivelamento;5.254,88;5.391,18;5.636,32;3.180,29;8.051,42;7.229,81;7.925,31;9.347,21;6.621,66;7.053,32;4.394,20;6.195,38;76.280,98;2.821,98;7.309,24;4.114,64;5.811,29;3.598,28;4.219,10;16.844,26;6.412,89;7.511,01;7.470,67;5.233,57;3.185,05;74.531,98;-2.432,90;1.918,06;-1.521,68;2.631,00;-4.453,14;-3.010,71;8.918,95;-2.934,32;889,35;417,35;839,37;-3.010,33;-1.749,00
1.1.2.1.01.0.1.06.00.00;Taxa de Apreensão, Depósito ou Liberação de Animais;0,00;0,00;0,00;1.032,34;1.376,45;1.290,42;0,00;774,25;1.462,48;688,23;0,00;0,00;6.624,17;0,00;0,00;0,00;0,00;0,00;0,00;944,44;0,00;1.670,95;1.235,05;2.905,92;7.123,54;13.879,90;0,00;0,00;0,00;-1.032,34;-1.376,45;-1.290,42;944,44;-774,25;208,47;546,82;2.905,92;7.123,54;7.255,73
1.1.2.1.01.0.1.06.00.00;Taxa de Apreensão, Depósito ou Liberação de Animais;0,00;0,00;0,00;1.032,34;1.376,45;1.290,42;0,00;774,25;1.462,48;688,23;0,00;0,00;6.624,17;0,00;0,00;0,00;0,00;0,00;0,00;944,44;0,00;1.670,95;1.235,05;2.905,92;7.123,54;13.879,90;0,00;0,00;0,00;-1.032,34;-1.376,45;-1.290,42;944,44;-774,25;208,47;546,82;2.905,92;7.123,54;7.255,73
1.1.2.1.01.0.1.07.00.00;Outras Taxas de Inspeção, Controle e Fiscalização;4.622,45;871,50;534,68;578,03;180,64;839,47;4.219,76;1.686,63;679,20;469,65;289,02;1.011,56;15.982,59;1.912,40;403,58;141,26;242,16;343,06;781,37;2.401,42;641,73;330,71;298,67;379,39;60,54;7.936,29;-2.710,05;-467,92;-393,42;-335,87;162,42;-58,10;-1.818,34;-1.044,90;-348,49;-170,98;90,37;-951,02;-8.046,30
1.1.2.1.01.0.1.07.00.00;Outras Taxas de Inspeção, Controle e Fiscalização;4.622,45;871,50;534,68;578,03;180,64;839,47;4.219,76;1.686,63;679,20;469,65;289,02;1.011,56;15.982,59;1.912,40;403,58;141,26;242,16;343,06;781,37;2.401,42;641,73;330,71;298,67;379,39;60,54;7.936,29;-2.710,05;-467,92;-393,42;-335,87;162,42;-58,10;-1.818,34;-1.044,90;-348,49;-170,98;90,37;-951,02;-8.046,30
1.1.2.1.01.0.2.01.00.00;Multas e Juros-Taxas Insp.Cont.Fiscalização;10,90;374,66;47,90;337,96;204,02;320,98;360,32;471,74;109,65;429,16;161,90;356,23;3.185,42;13,30;1,64;33,25;94,48;231,55;114,29;219,78;355,37;535,92;466,87;690,41;148,35;2.905,21;2,40;-373,02;-14,65;-243,48;27,53;-206,69;-140,54;-116,37;426,27;37,71;528,51;-207,88;-280,21
1.1.2.1.01.0.2.01.00.00;Multas e Juros-Taxas Insp.Cont.Fiscalização;10,90;374,66;47,90;337,96;204,02;320,98;360,32;471,74;109,65;429,16;161,90;356,23;3.185,42;13,30;1,64;33,25;94,48;231,55;114,29;219,78;355,37;535,92;466,87;690,41;148,35;2.905,21;2,40;-373,02;-14,65;-243,48;27,53;-206,69;-140,54;-116,37;426,27;37,71;528,51;-207,88;-280,21
1.1.2.1.01.0.3.01.00.00;Divida Ativa-Taxas Insp.Cont.Fiscalização;105.223,38;93.786,39;70.321,44;59.979,70;51.382,75;55.131,38;53.558,76;29.611,36;31.975,26;29.505,93;34.489,85;54.262,89;669.229,09;31.621,77;55.825,90;54.286,33;47.054,09;44.890,17;23.933,01;41.561,61;78.345,45;104.342,52;117.690,78;57.328,24;37.074,76;693.954,63;-73.601,61;-37.960,49;-16.035,11;-12.925,61;-6.492,58;-31.198,37;-11.997,15;48.734,09;72.367,26;88.184,85;22.838,39;-17.188,13;24.725,54
1.1.2.1.01.0.3.01.00.00;Divida Ativa-Taxas Insp.Cont.Fiscalização;105.223,38;93.786,39;70.321,44;59.979,70;51.382,75;55.131,38;53.558,76;29.611,36;31.975,26;29.505,93;34.489,85;54.262,89;669.229,09;31.621,77;55.825,90;54.286,33;47.054,09;44.890,17;23.933,01;41.561,61;78.345,45;104.342,52;117.690,78;57.328,24;37.074,76;693.954,63;-73.601,61;-37.960,49;-16.035,11;-12.925,61;-6.492,58;-31.198,37;-11.997,15;48.734,09;72.367,26;88.184,85;22.838,39;-17.188,13;24.725,54
1.1.2.1.01.0.4.01.00.00;Multas e Juros Divida Ativa-Taxas Insp.Cont.Fiscal;20.706,31;27.460,65;20.189,10;17.554,98;17.719,30;23.948,49;23.149,48;13.792,31;13.436,49;13.601,83;15.500,82;25.998,68;233.058,44;17.270,26;22.985,56;21.059,30;20.830,20;24.410,99;14.086,64;13.575,71;15.942,95;17.404,87;23.413,33;15.380,51;9.684,46;216.044,78;-3.436,05;-4.475,09;870,20;3.275,22;6.691,69;-9.861,85;-9.573,77;2.150,64;3.968,38;9.811,50;-120,31;-16.314,22;-17.013,66
1.1.2.1.01.0.4.01.00.00;Multas e Juros Divida Ativa-Taxas Insp.Cont.Fiscal;20.706,31;27.460,65;20.189,10;17.554,98;17.719,30;23.948,49;23.149,48;13.792,31;13.436,49;13.601,83;15.500,82;25.998,68;233.058,44;17.270,26;22.985,56;21.059,30;20.830,20;24.410,99;14.086,64;13.575,71;15.942,95;17.404,87;23.413,33;15.380,51;9.684,46;216.044,78;-3.436,05;-4.475,09;870,20;3.275,22;6.691,69;-9.861,85;-9.573,77;2.150,64;3.968,38;9.811,50;-120,31;-16.314,22;-17.013,66
1.1.2.1.01.0.4.03.00.00;Taxa de Utilização de Área de Domínio Público - Multa e Juros	de Divida Ativa;583,92;2.047,22;0,00;910,57;392,59;2.987,47;0,00;0,00;301,09;531,94;1.522,68;2.381,07;11.658,55;193,73;0,00;75,45;838,27;124,08;75,47;50,22;1.621,64;1.663,85;259,05;519,84;130,89;5.552,49;-390,19;-2.047,22;75,45;-72,30;-268,51;-2.912,00;50,22;1.621,64;1.362,76;-272,89;-1.002,84;-2.250,18;-6.106,06
1.1.2.1.01.0.4.03.00.00;Taxa de Utilização de Área de Domínio Público - Multa e Juros	de Divida Ativa;583,92;2.047,22;0,00;910,57;392,59;2.987,47;0,00;0,00;301,09;531,94;1.522,68;2.381,07;11.658,55;193,73;0,00;75,45;838,27;124,08;75,47;50,22;1.621,64;1.663,85;259,05;519,84;130,89;5.552,49;-390,19;-2.047,22;75,45;-72,30;-268,51;-2.912,00;50,22;1.621,64;1.362,76;-272,89;-1.002,84;-2.250,18;-6.106,06
1.1.2.2.01.0.1.01.00.00;Taxa de Cemitérios;20.371,45;25.170,14;4.747,48;22.947,37;45.754,44;25.145,16;9.432,25;24.660,01;29.786,77;24.016,45;25.510,43;23.436,41;280.978,36;14.141,01;11.678,08;17.862,53;20.874,89;21.024,99;16.401,05;30.705,46;25.162,99;29.906,61;23.312,96;25.852,44;27.524,27;264.447,28;-6.230,44;-13.492,06;13.115,05;-2.072,48;-24.729,45;-8.744,11;21.273,21;502,98;119,84;-703,49;342,01;4.087,86;-16.531,08
1.1.2.2.01.0.1.01.00.00;Taxa de Cemitérios;20.371,45;25.170,14;4.747,48;22.947,37;45.754,44;25.145,16;9.432,25;24.660,01;29.786,77;24.016,45;25.510,43;23.436,41;280.978,36;14.141,01;11.678,08;17.862,53;20.874,89;21.024,99;16.401,05;30.705,46;25.162,99;29.906,61;23.312,96;25.852,44;27.524,27;264.447,28;-6.230,44;-13.492,06;13.115,05;-2.072,48;-24.729,45;-8.744,11;21.273,21;502,98;119,84;-703,49;342,01;4.087,86;-16.531,08
1.1.2.2.01.0.1.02.00.00;Taxa de Coleta e Tratamento de Lixo;19.660,14;104.593,09;1.055.387,70;3.672.075,16;783.520,84;737.929,26;749.471,53;715.831,38;697.834,86;721.947,00;606.980,45;114.501,00;9.979.732,41;39.687,70;69.829,44;154.528,77;1.333.269,05;3.390.605,06;781.364,45;780.956,92;760.818,64;798.560,63;783.341,11;685.918,81;597.377,69;10.176.258,27;20.027,56;-34.763,65;-900.858,93;-2.338.806,11;2.607.084,22;43.435,19;31.485,39;44.987,26;100.725,77;61.394,11;78.938,36;482.876,69;196.525,86
1.1.2.2.01.0.1.02.00.00;Taxa de Coleta e Tratamento de Lixo;19.660,14;104.593,09;1.055.387,70;3.672.075,16;783.520,84;737.929,26;749.471,53;715.831,38;697.834,86;721.947,00;606.980,45;114.501,00;9.979.732,41;39.687,70;69.829,44;154.528,77;1.333.269,05;3.390.605,06;781.364,45;780.956,92;760.818,64;798.560,63;783.341,11;685.918,81;597.377,69;10.176.258,27;20.027,56;-34.763,65;-900.858,93;-2.338.806,11;2.607.084,22;43.435,19;31.485,39;44.987,26;100.725,77;61.394,11;78.938,36;482.876,69;196.525,86
1.1.2.2.01.0.1.03.00.00;Serviços Registro Certificação e Fiscalização;16.057,52;14.227,32;10.919,36;15.107,28;6.699,82;22.350,63;17.783,26;22.245,05;12.840,39;13.567,08;17.723,90;14.501,31;184.022,92;5.486,34;5.784,14;6.850,31;6.994,14;22.569,11;29.292,14;14.341,58;5.315,86;16.758,11;13.488,58;20.571,26;1.807,89;149.259,46;-10.571,18;-8.443,18;-4.069,05;-8.113,14;15.869,29;6.941,51;-3.441,68;-16.929,19;3.917,72;-78,50;2.847,36;-12.693,42;-34.763,46
1.1.2.2.01.0.1.03.00.00;Serviços Registro Certificação e Fiscalização;16.057,52;14.227,32;10.919,36;15.107,28;6.699,82;22.350,63;17.783,26;22.245,05;12.840,39;13.567,08;17.723,90;14.501,31;184.022,92;5.486,34;5.784,14;6.850,31;6.994,14;22.569,11;29.292,14;14.341,58;5.315,86;16.758,11;13.488,58;20.571,26;1.807,89;149.259,46;-10.571,18;-8.443,18;-4.069,05;-8.113,14;15.869,29;6.941,51;-3.441,68;-16.929,19;3.917,72;-78,50;2.847,36;-12.693,42;-34.763,46
1.1.2.2.01.0.1.04.00.00;Outras Taxas pela Prestação de Serviços;16.134,70;137.093,70;13.279,38;20.063,37;26.661,37;60.584,63;28.779,85;35.154,81;60.057,78;33.241,35;19.477,44;39.894,81;490.423,19;93.093,81;33.577,36;16.238,70;32.614,20;11.741,06;22.364,23;57.125,27;25.786,02;23.075,20;35.219,08;28.257,86;10.392,42;389.485,21;76.959,11;-103.516,34;2.959,32;12.550,83;-14.920,31;-38.220,40;28.345,42;-9.368,79;-36.982,58;1.977,73;8.780,42;-29.502,39;-100.937,98
1.1.2.2.01.0.1.04.00.00;Outras Taxas pela Prestação de Serviços;16.134,70;137.093,70;13.279,38;20.063,37;26.661,37;60.584,63;28.779,85;35.154,81;60.057,78;33.241,35;19.477,44;39.894,81;490.423,19;93.093,81;33.577,36;16.238,70;32.614,20;11.741,06;22.364,23;57.125,27;25.786,02;23.075,20;35.219,08;28.257,86;10.392,42;389.485,21;76.959,11;-103.516,34;2.959,32;12.550,83;-14.920,31;-38.220,40;28.345,42;-9.368,79;-36.982,58;1.977,73;8.780,42;-29.502,39;-100.937,98
1.1.2.2.01.0.2.01.00.00;Multas e Juros-Taxas pela Prest.Serviços;1.964,53;35,86;63,27;800,85;2.859,12;4.226,30;5.450,53;6.057,79;5.263,91;6.266,73;7.274,07;10.754,52;51.017,48;611,77;34,36;160,53;30,97;3.368,41;4.356,84;7.564,50;11.572,58;17.156,62;15.697,22;10.404,99;8.362,70;79.321,49;-1.352,76;-1,50;97,26;-769,88;509,29;130,54;2.113,97;5.514,79;11.892,71;9.430,49;3.130,92;-2.391,82;28.304,01
1.1.2.2.01.0.2.01.00.00;Multas e Juros-Taxas pela Prest.Serviços;1.964,53;35,86;63,27;800,85;2.859,12;4.226,30;5.450,53;6.057,79;5.263,91;6.266,73;7.274,07;10.754,52;51.017,48;611,77;34,36;160,53;30,97;3.368,41;4.356,84;7.564,50;11.572,58;17.156,62;15.697,22;10.404,99;8.362,70;79.321,49;-1.352,76;-1,50;97,26;-769,88;509,29;130,54;2.113,97;5.514,79;11.892,71;9.430,49;3.130,92;-2.391,82;28.304,01
1.1.2.2.01.0.3.01.00.00;Divida Ativa - Taxas pela Prest.Serviços;350.005,82;210.889,85;157.845,15;124.408,11;103.430,56;99.943,72;106.190,28;96.577,32;68.906,92;70.283,78;68.076,73;71.844,94;1.528.403,18;86.354,46;84.986,21;65.532,41;71.459,94;72.862,76;63.225,29;63.860,45;126.811,73;183.464,28;296.408,89;178.222,02;116.215,34;1.409.403,78;-263.651,36;-125.903,64;-92.312,74;-52.948,17;-30.567,80;-36.718,43;-42.329,83;30.234,41;114.557,36;226.125,11;110.145,29;44.370,40;-118.999,40
1.1.2.2.01.0.3.01.00.00;Divida Ativa - Taxas pela Prest.Serviços;350.005,82;210.889,85;157.845,15;124.408,11;103.430,56;99.943,72;106.190,28;96.577,32;68.906,92;70.283,78;68.076,73;71.844,94;1.528.403,18;86.354,46;84.986,21;65.532,41;71.459,94;72.862,76;63.225,29;63.860,45;126.811,73;183.464,28;296.408,89;178.222,02;116.215,34;1.409.403,78;-263.651,36;-125.903,64;-92.312,74;-52.948,17;-30.567,80;-36.718,43;-42.329,83;30.234,41;114.557,36;226.125,11;110.145,29;44.370,40;-118.999,40
1.1.2.2.01.0.4.01.00.00;Multas e Juros Divida Ativa-Taxas pela Prest.Serviços;46.356,53;40.139,92;46.390,18;44.977,54;39.348,90;43.220,34;44.667,87;46.657,77;30.734,47;32.193,64;35.820,04;37.375,06;487.882,26;46.819,05;46.171,27;33.952,23;38.203,83;40.487,69;38.732,70;23.458,60;25.215,81;23.099,81;41.120,80;35.281,64;24.169,11;416.712,54;462,52;6.031,35;-12.437,95;-6.773,71;1.138,79;-4.487,64;-21.209,27;-21.441,96;-7.634,66;8.927,16;-538,40;-13.205,95;-71.169,72
1.1.2.2.01.0.4.01.00.00;Multas e Juros Divida Ativa-Taxas pela Prest.Serviços;46.356,53;40.139,92;46.390,18;44.977,54;39.348,90;43.220,34;44.667,87;46.657,77;30.734,47;32.193,64;35.820,04;37.375,06;487.882,26;46.819,05;46.171,27;33.952,23;38.203,83;40.487,69;38.732,70;23.458,60;25.215,81;23.099,81;41.120,80;35.281,64;24.169,11;416.712,54;462,52;6.031,35;-12.437,95;-6.773,71;1.138,79;-4.487,64;-21.209,27;-21.441,96;-7.634,66;8.927,16;-538,40;-13.205,95;-71.169,72
1.2.4.1.50.0.1.00.00.00;Contribuição para o Custeio do Serviço de Iluminação Pública;1.402.472,41;1.373.970,16;1.461.546,36;1.734.934,00;1.472.744,05;1.436.564,35;1.391.462,61;1.608.717,45;1.516.100,72;1.565.561,67;1.700.433,71;1.680.643,92;18.345.151,41;1.472.849,73;1.395.725,57;1.381.180,53;1.455.397,86;1.710.517,16;1.436.808,14;1.492.721,02;1.688.172,51;1.624.044,08;1.794.745,57;1.812.936,79;1.643.290,13;18.908.389,09;70.377,32;21.755,41;-80.365,83;-279.536,14;237.773,11;243,79;101.258,41;79.455,06;107.943,36;229.183,90;112.503,08;-37.353,79;563.237,68
1.2.4.1.50.0.1.00.00.00;Contribuição para o Custeio do Serviço de Iluminação Pública;1.402.472,41;1.373.970,16;1.461.546,36;1.734.934,00;1.472.744,05;1.436.564,35;1.391.462,61;1.608.717,45;1.516.100,72;1.565.561,67;1.700.433,71;1.680.643,92;18.345.151,41;1.472.849,73;1.395.725,57;1.381.180,53;1.455.397,86;1.710.517,16;1.436.808,14;1.492.721,02;1.688.172,51;1.624.044,08;1.794.745,57;1.812.936,79;1.643.290,13;18.908.389,09;70.377,32;21.755,41;-80.365,83;-279.536,14;237.773,11;243,79;101.258,41;79.455,06;107.943,36;229.183,90;112.503,08;-37.353,79;563.237,68
1.2.4.1.50.0.3.00.00.00;Contribuição para o Custeio do Serviço de Iluminação Pública - Divida Ativa;51.491,47;29.926,74;18.831,86;14.697,50;9.261,94;7.867,54;9.569,54;12.844,89;7.837,80;9.459,49;6.916,34;8.125,45;186.830,56;13.216,06;14.465,01;35.996,93;11.867,78;16.766,48;8.303,89;9.706,91;20.108,27;77.244,70;41.147,04;21.220,03;16.898,06;286.941,16;-38.275,41;-15.461,73;17.165,07;-2.829,72;7.504,54;436,35;137,37;7.263,38;69.406,90;31.687,55;14.303,69;8.772,61;100.110,60
1.2.4.1.50.0.3.00.00.00;Contribuição para o Custeio do Serviço de Iluminação Pública - Divida Ativa;51.491,47;29.926,74;18.831,86;14.697,50;9.261,94;7.867,54;9.569,54;12.844,89;7.837,80;9.459,49;6.916,34;8.125,45;186.830,56;13.216,06;14.465,01;35.996,93;11.867,78;16.766,48;8.303,89;9.706,91;20.108,27;77.244,70;41.147,04;21.220,03;16.898,06;286.941,16;-38.275,41;-15.461,73;17.165,07;-2.829,72;7.504,54;436,35;137,37;7.263,38;69.406,90;31.687,55;14.303,69;8.772,61;100.110,60
1.2.4.1.50.0.4.00.00.00;Contribuição para o Custeio do Serviço de Iluminação Pública - Multa e Juros de Divida Ativa;8.664,98;7.584,46;4.625,73;5.388,28;3.284,25;3.051,37;4.287,08;6.145,12;3.665,24;4.383,64;3.246,82;4.358,14;58.685,11;7.264,37;8.524,73;13.145,29;6.727,08;13.292,35;4.776,31;3.967,76;3.638,66;10.484,31;6.004,28;5.329,19;4.387,96;87.542,29;-1.400,61;940,27;8.519,56;1.338,80;10.008,10;1.724,94;-319,32;-2.506,46;6.819,07;1.620,64;2.082,37;29,82;28.857,18
1.2.4.1.50.0.4.00.00.00;Contribuição para o Custeio do Serviço de Iluminação Pública - Multa e Juros de Divida Ativa;8.664,98;7.584,46;4.625,73;5.388,28;3.284,25;3.051,37;4.287,08;6.145,12;3.665,24;4.383,64;3.246,82;4.358,14;58.685,11;7.264,37;8.524,73;13.145,29;6.727,08;13.292,35;4.776,31;3.967,76;3.638,66;10.484,31;6.004,28;5.329,19;4.387,96;87.542,29;-1.400,61;940,27;8.519,56;1.338,80;10.008,10;1.724,94;-319,32;-2.506,46;6.819,07;1.620,64;2.082,37;29,82;28.857,18
1.3.1.1.01.1.1.01.00.00;Alugueis e Arrendamentos;5.015,99;3.841,03;6.339,68;7.216,07;6.217,98;4.558,32;7.373,20;5.794,14;4.436,63;9.172,81;5.392,58;3.874,51;69.232,94;2.675,99;6.110,69;9.969,27;8.444,93;3.246,83;4.345,31;7.729,11;5.535,14;10.318,87;5.899,69;5.899,69;4.619,66;74.795,18;-2.340,00;2.269,66;3.629,59;1.228,86;-2.971,15;-213,01;355,91;-259,00;5.882,24;-3.273,12;507,11;745,15;5.562,24
1.3.1.1.01.1.1.01.00.00;Alugueis e Arrendamentos;5.015,99;3.841,03;6.339,68;7.216,07;6.217,98;4.558,32;7.373,20;5.794,14;4.436,63;9.172,81;5.392,58;3.874,51;69.232,94;2.675,99;6.110,69;9.969,27;8.444,93;3.246,83;4.345,31;7.729,11;5.535,14;10.318,87;5.899,69;5.899,69;4.619,66;74.795,18;-2.340,00;2.269,66;3.629,59;1.228,86;-2.971,15;-213,01;355,91;-259,00;5.882,24;-3.273,12;507,11;745,15;5.562,24
1.3.1.1.01.1.1.02.00.00;Alugueis - Outros;1.277,61;1.277,61;1.277,61;1.277,61;1.277,61;1.277,61;1.277,61;1.277,61;1.277,61;1.277,61;1.277,61;1.277,61;15.331,32;0,00;0,00;0,00;0,00;0,00;0,00;0,00;0,00;0,00;0,00;0,00;0,00;0,00;-1.277,61;-1.277,61;-1.277,61;-1.277,61;-1.277,61;-1.277,61;-1.277,61;-1.277,61;-1.277,61;-1.277,61;-1.277,61;-1.277,61;-15.331,32
1.3.1.1.01.1.1.02.00.00;Alugueis - Outros;1.277,61;1.277,61;1.277,61;1.277,61;1.277,61;1.277,61;1.277,61;1.277,61;1.277,61;1.277,61;1.277,61;1.277,61;15.331,32;0,00;0,00;0,00;0,00;0,00;0,00;0,00;0,00;0,00;0,00;0,00;0,00;0,00;-1.277,61;-1.277,61;-1.277,61;-1.277,61;-1.277,61;-1.277,61;-1.277,61;-1.277,61;-1.277,61;-1.277,61;-1.277,61;-1.277,61;-15.331,32
1.3.1.1.01.1.1.03.00.00;Arrendamentos;1.152,11;1.152,11;1.152,11;1.152,11;1.152,11;1.152,11;1.152,11;1.152,11;1.152,11;1.152,11;1.152,11;1.152,14;13.825,35;0,00;0,00;0,00;0,00;0,00;0,00;0,00;0,00;0,00;0,00;0,00;0,00;0,00;-1.152,11;-1.152,11;-1.152,11;-1.152,11;-1.152,11;-1.152,11;-1.152,11;-1.152,11;-1.152,11;-1.152,11;-1.152,11;-1.152,14;-13.825,35
1.3.1.1.01.2.1.01.00.00;Foros;48.920,24;31.152,11;51.497,59;130.707,41;48.839,79;74.024,39;65.939,85;123.429,43;76.076,47;50.268,47;56.112,97;91.353,26;848.321,98;1.901,53;17.628,33;17.921,15;68.804,30;108.117,65;94.385,29;30.099,79;62.061,63;51.147,24;92.124,17;75.726,38;56.425,67;676.343,13;-47.018,71;-13.523,78;-33.576,44;-61.903,11;59.277,86;20.360,90;-35.840,06;-61.367,80;-24.929,23;41.855,70;19.613,41;-34.927,59;-171.978,85
1.3.1.1.01.2.1.02.00.00;Laudêmios;1.235,37;1.535,43;578,55;7.632,01;634,14;2.466,12;2.912,11;94,54;0,00;1.433,17;999,83;1.453,90;20.975,17;694,54;4.233,47;313,66;812,21;4.006,97;0,00;8.642,40;0,00;0,00;1.045,41;640,00;2.351,31;22.739,97;-540,83;2.698,04;-264,89;-6.819,80;3.372,83;-2.466,12;5.730,29;-94,54;0,00;-387,76;-359,83;897,41;1.764,80
1.3.1.1.01.2.1.02.00.00;Laudêmios;1.235,37;1.535,43;578,55;7.632,01;634,14;2.466,12;2.912,11;94,54;0,00;1.433,17;999,83;1.453,90;20.975,17;694,54;4.233,47;313,66;812,21;4.006,97;0,00;8.642,40;0,00;0,00;1.045,41;640,00;2.351,31;22.739,97;-540,83;2.698,04;-264,89;-6.819,80;3.372,83;-2.466,12;5.730,29;-94,54;0,00;-387,76;-359,83;897,41;1.764,80
1.3.1.1.01.2.2.01.00.00;Multas e Juros-Foros,Laudêmios Tarifas Ocupação;197,76;0,00;1,85;28,74;159,31;693,50;276,26;157,07;156,24;148,54;3.001,79;267,67;5.088,73;6,55;0,00;0,00;0,00;362,70;187,54;699,84;275,05;773,42;2.991,25;249,69;335,13;5.881,17;-191,21;0,00;-1,85;-28,74;203,39;-505,96;423,58;117,98;617,18;2.842,71;-2.752,10;67,46;792,44
1.3.1.1.01.2.2.01.00.00;Multas e Juros-Foros,Laudêmios Tarifas Ocupação;197,76;0,00;1,85;28,74;159,31;693,50;276,26;157,07;156,24;148,54;3.001,79;267,67;5.088,73;6,55;0,00;0,00;0,00;362,70;187,54;699,84;275,05;773,42;2.991,25;249,69;335,13;5.881,17;-191,21;0,00;-1,85;-28,74;203,39;-505,96;423,58;117,98;617,18;2.842,71;-2.752,10;67,46;792,44
1.3.1.1.01.2.3.01.00.00;Dívida Ativa-Foros,Laudêmios,Tarifas Ocupação;27.339,18;11.903,28;7.837,84;5.842,28;3.734,09;4.021,85;3.069,76;5.437,53;3.736,22;2.441,37;1.398,33;4.053,19;80.814,92;2.931,59;3.703,10;2.991,77;3.557,19;6.351,76;2.540,07;1.361,21;6.161,58;7.415,41;9.138,93;6.282,09;5.198,81;57.633,51;-24.407,59;-8.200,18;-4.846,07;-2.285,09;2.617,67;-1.481,78;-1.708,55;724,05;3.679,19;6.697,56;4.883,76;1.145,62;-23.181,41
1.3.1.1.01.2.3.01.00.00;Dívida Ativa-Foros,Laudêmios,Tarifas Ocupação;27.339,18;11.903,28;7.837,84;5.842,28;3.734,09;4.021,85;3.069,76;5.437,53;3.736,22;2.441,37;1.398,33;4.053,19;80.814,92;2.931,59;3.703,10;2.991,77;3.557,19;6.351,76;2.540,07;1.361,21;6.161,58;7.415,41;9.138,93;6.282,09;5.198,81;57.633,51;-24.407,59;-8.200,18;-4.846,07;-2.285,09;2.617,67;-1.481,78;-1.708,55;724,05;3.679,19;6.697,56;4.883,76;1.145,62;-23.181,41
1.3.1.1.01.2.4.01.00.00;Multas e Juros Dívida Ativa-Foros,Laud.Tarifas Ocupação;2.917,17;2.676,17;1.725,10;1.992,62;1.368,48;1.590,09;1.271,05;9.391,45;1.653,53;1.272,36;650,87;2.361,62;28.870,51;1.297,43;1.680,05;1.405,21;1.539,92;2.954,51;1.119,81;631,36;671,57;813,20;792,65;1.002,51;702,67;14.610,89;-1.619,74;-996,12;-319,89;-452,70;1.586,03;-470,28;-639,69;-8.719,88;-840,33;-479,71;351,64;-1.658,95;-14.259,62
1.3.1.1.01.2.4.01.00.00;Multas e Juros Dívida Ativa-Foros,Laud.Tarifas Ocupação;2.917,17;2.676,17;1.725,10;1.992,62;1.368,48;1.590,09;1.271,05;9.391,45;1.653,53;1.272,36;650,87;2.361,62;28.870,51;1.297,43;1.680,05;1.405,21;1.539,92;2.954,51;1.119,81;631,36;671,57;813,20;792,65;1.002,51;702,67;14.610,89;-1.619,74;-996,12;-319,89;-452,70;1.586,03;-470,28;-639,69;-8.719,88;-840,33;-479,71;351,64;-1.658,95;-14.259,62
1.3.1.1.99.0.1.01.00.00;Outras Receitas Imobiliárias;0,00;222,27;0,00;0,00;0,00;0,00;0,00;0,00;0,00;0,00;9.286,61;0,00;9.508,88;0,00;0,00;0,00;0,00;0,00;0,00;0,00;0,00;0,00;0,00;0,00;0,00;0,00;0,00;-222,27;0,00;0,00;0,00;0,00;0,00;0,00;0,00;0,00;-9.286,61;0,00;-9.508,88
1.3.1.1.99.0.1.01.00.00;Outras Receitas Imobiliárias;0,00;222,27;0,00;0,00;0,00;0,00;0,00;0,00;0,00;0,00;9.286,61;0,00;9.508,88;0,00;0,00;0,00;0,00;0,00;0,00;0,00;0,00;0,00;0,00;0,00;0,00;0,00;0,00;-222,27;0,00;0,00;0,00;0,00;0,00;0,00;0,00;0,00;-9.286,61;0,00;-9.508,88
1.3.2.1.01.0.1.03.00.00;Remuneração Depósitos Bancários - FUNDEB;40.163,77;46.279,15;50.564,73;46.687,85;41.437,70;35.455,86;38.843,11;35.840,51;30.769,63;34.895,18;24.211,59;31.423,18;456.572,26;53.277,96;76.365,90;75.767,51;89.028,27;91.024,48;93.116,92;107.282,25;96.232,88;93.134,06;83.546,61;64.400,16;28.749,33;951.926,33;13.114,19;30.086,75;25.202,78;42.340,42;49.586,78;57.661,06;68.439,14;60.392,37;62.364,43;48.651,43;40.188,57;-2.673,85;495.354,07
1.3.2.1.01.0.1.03.00.00;Remuneração Depósitos Bancários - FUNDEB;40.163,77;46.279,15;50.564,73;46.687,85;41.437,70;35.455,86;38.843,11;35.840,51;30.769,63;34.895,18;24.211,59;31.423,18;456.572,26;53.277,96;76.365,90;75.767,51;89.028,27;91.024,48;93.116,92;107.282,25;96.232,88;93.134,06;83.546,61;64.400,16;28.749,33;951.926,33;13.114,19;30.086,75;25.202,78;42.340,42;49.586,78;57.661,06;68.439,14;60.392,37;62.364,43;48.651,43;40.188,57;-2.673,85;495.354,07
1.3.2.1.01.0.1.04.00.00;Remuneração Depósitos Bancários - Multas de Trânsito;20.505,66;17.915,70;20.294,69;20.561,11;19.377,83;18.624,86;21.600,08;19.850,30;17.084,49;18.823,24;17.101,95;18.356,40;230.096,31;21.942,16;21.281,43;19.465,76;18.603,97;16.734,67;16.162,50;20.249,72;20.492,55;17.346,51;23.209,89;18.672,23;22.419,96;236.581,35;1.436,50;3.365,73;-828,93;-1.957,14;-2.643,16;-2.462,36;-1.350,36;642,25;262,02;4.386,65;1.570,28;4.063,56;6.485,04
1.3.2.1.01.0.1.04.00.00;Remuneração Depósitos Bancários - Multas de Trânsito;20.505,66;17.915,70;20.294,69;20.561,11;19.377,83;18.624,86;21.600,08;19.850,30;17.084,49;18.823,24;17.101,95;18.356,40;230.096,31;21.942,16;21.281,43;19.465,76;18.603,97;16.734,67;16.162,50;20.249,72;20.492,55;17.346,51;23.209,89;18.672,23;22.419,96;236.581,35;1.436,50;3.365,73;-828,93;-1.957,14;-2.643,16;-2.462,36;-1.350,36;642,25;262,02;4.386,65;1.570,28;4.063,56;6.485,04
1.3.2.1.01.0.1.05.00.00;Remuneração Depósitos Bancários-QESE;58.930,65;48.182,18;47.053,74;46.287,57;41.983,27;41.242,53;48.355,32;42.589,53;41.994,12;49.555,65;44.496,74;50.949,80;561.621,10;50.863,92;53.514,99;54.801,07;63.308,15;71.851,61;72.074,08;87.979,18;83.600,84;90.654,67;97.599,32;65.229,43;67.568,98;859.046,24;-8.066,73;5.332,81;7.747,33;17.020,58;29.868,34;30.831,55;39.623,86;41.011,31;48.660,55;48.043,67;20.732,69;16.619,18;297.425,14
1.3.2.1.01.0.1.05.00.00;Remuneração Depósitos Bancários-QESE;58.930,65;48.182,18;47.053,74;46.287,57;41.983,27;41.242,53;48.355,32;42.589,53;41.994,12;49.555,65;44.496,74;50.949,80;561.621,10;50.863,92;53.514,99;54.801,07;63.308,15;71.851,61;72.074,08;87.979,18;83.600,84;90.654,67;97.599,32;65.229,43;67.568,98;859.046,24;-8.066,73;5.332,81;7.747,33;17.020,58;29.868,34;30.831,55;39.623,86;41.011,31;48.660,55;48.043,67;20.732,69;16.619,18;297.425,14
1.3.2.1.01.0.1.06.00.00;Remuneração Depósitos Bancários-PNATE;3.078,42;2.499,73;2.520,75;2.622,71;2.262,01;1.915,52;1.900,77;1.707,39;1.548,54;1.356,36;873,04;597,05;22.882,29;197,74;147,51;185,61;518,13;390,00;380,74;448,58;413,31;1.205,44;1.381,39;1.152,75;1.342,79;7.763,99;-2.880,68;-2.352,22;-2.335,14;-2.104,58;-1.872,01;-1.534,78;-1.452,19;-1.294,08;-343,10;25,03;279,71;745,74;-15.118,30
1.3.2.1.01.0.1.06.00.00;Remuneração Depósitos Bancários-PNATE;3.078,42;2.499,73;2.520,75;2.622,71;2.262,01;1.915,52;1.900,77;1.707,39;1.548,54;1.356,36;873,04;597,05;22.882,29;197,74;147,51;185,61;518,13;390,00;380,74;448,58;413,31;1.205,44;1.381,39;1.152,75;1.342,79;7.763,99;-2.880,68;-2.352,22;-2.335,14;-2.104,58;-1.872,01;-1.534,78;-1.452,19;-1.294,08;-343,10;25,03;279,71;745,74;-15.118,30
1.3.2.1.01.0.1.07.00.00;Remuneração Depósitos Bancários-PNAE;0,35;83,84;526,24;762,66;340,98;328,16;322,11;418,00;1.624,62;1.145,04;245,65;35,76;5.833,41;28,77;880,60;1.939,17;2.035,31;3.378,80;4.390,26;5.785,67;6.366,10;5.721,77;5.245,35;4.077,10;3.811,28;43.660,18;28,42;796,76;1.412,93;1.272,65;3.037,82;4.062,10;5.463,56;5.948,10;4.097,15;4.100,31;3.831,45;3.775,52;37.826,77
1.3.2.1.01.0.1.07.00.00;Remuneração Depósitos Bancários-PNAE;0,35;83,84;526,24;762,66;340,98;328,16;322,11;418,00;1.624,62;1.145,04;245,65;35,76;5.833,41;28,77;880,60;1.939,17;2.035,31;3.378,80;4.390,26;5.785,67;6.366,10;5.721,77;5.245,35;4.077,10;3.811,28;43.660,18;28,42;796,76;1.412,93;1.272,65;3.037,82;4.062,10;5.463,56;5.948,10;4.097,15;4.100,31;3.831,45;3.775,52;37.826,77
1.3.2.1.01.0.1.08.00.00;Remuneração Depósitos Bancários-FNDE;2.890,91;2.394,00;2.481,07;2.637,06;2.476,45;4.641,37;5.350,88;5.166,94;4.986,99;5.628,90;4.887,75;5.653,39;49.195,71;7.703,31;7.771,40;7.675,59;8.615,27;9.436,37;9.217,10;10.859,26;10.562,77;14.730,13;14.902,36;4.073,34;4.249,76;109.796,66;4.812,40;5.377,40;5.194,52;5.978,21;6.959,92;4.575,73;5.508,38;5.395,83;9.743,14;9.273,46;-814,41;-1.403,63;60.600,95
1.3.2.1.01.0.1.08.00.00;Remuneração Depósitos Bancários-FNDE;2.890,91;2.394,00;2.481,07;2.637,06;2.476,45;4.641,37;5.350,88;5.166,94;4.986,99;5.628,90;4.887,75;5.653,39;49.195,71;7.703,31;7.771,40;7.675,59;8.615,27;9.436,37;9.217,10;10.859,26;10.562,77;14.730,13;14.902,36;4.073,34;4.249,76;109.796,66;4.812,40;5.377,40;5.194,52;5.978,21;6.959,92;4.575,73;5.508,38;5.395,83;9.743,14;9.273,46;-814,41;-1.403,63;60.600,95
1.3.2.1.01.0.1.09.00.00;Remuneração Depósitos Bancários-Conv.Educação;5.590,08;5.590,08;5.590,08;5.590,08;5.590,08;5.590,08;5.590,08;5.590,08;5.590,08;5.590,08;5.590,08;5.590,09;67.080,97;0,00;0,00;0,00;0,00;0,00;0,00;0,00;0,00;0,00;0,00;0,00;0,00;0,00;-5.590,08;-5.590,08;-5.590,08;-5.590,08;-5.590,08;-5.590,08;-5.590,08;-5.590,08;-5.590,08;-5.590,08;-5.590,08;-5.590,09;-67.080,97
1.3.2.1.01.0.1.09.00.00;Remuneração Depósitos Bancários-Conv.Educação;5.590,08;5.590,08;5.590,08;5.590,08;5.590,08;5.590,08;5.590,08;5.590,08;5.590,08;5.590,08;5.590,08;5.590,09;67.080,97;0,00;0,00;0,00;0,00;0,00;0,00;0,00;0,00;0,00;0,00;0,00;0,00;0,00;-5.590,08;-5.590,08;-5.590,08;-5.590,08;-5.590,08;-5.590,08;-5.590,08;-5.590,08;-5.590,08;-5.590,08;-5.590,08;-5.590,09;-67.080,97
1.3.2.1.01.0.1.10.00.00;Remuneração Depósitos Bancários-CIDE;4.581,75;3.847,63;3.987,57;4.348,15;4.142,15;3.947,66;4.659,51;4.558,35;4.399,58;5.105,28;4.503,90;5.200,85;53.282,38;6.106,05;6.228,84;6.152,05;7.037,46;7.804,47;7.623,13;9.175,68;8.549,34;9.033,95;9.733,86;7.985,27;8.399,41;93.829,51;1.524,30;2.381,21;2.164,48;2.689,31;3.662,32;3.675,47;4.516,17;3.990,99;4.634,37;4.628,58;3.481,37;3.198,56;40.547,13
1.3.2.1.01.0.1.12.00.00;Remuneração Depósitos Bancários-FNAS;30.464,41;25.102,64;26.714,49;28.503,79;27.007,71;24.063,30;25.276,45;22.744,76;21.613,62;23.010,81;19.970,12;22.672,77;297.144,87;16.210,59;16.470,55;16.278,54;18.642,17;20.952,22;20.488,36;24.734,05;20.789,62;21.588,76;23.163,68;18.852,48;22.008,95;240.179,97;-14.253,82;-8.632,09;-10.435,95;-9.861,62;-6.055,49;-3.574,94;-542,40;-1.955,14;-24,86;152,87;-1.117,64;-663,82;-56.964,90
1.3.2.1.01.0.1.12.00.00;Remuneração Depósitos Bancários-FNAS;30.464,41;25.102,64;26.714,49;28.503,79;27.007,71;24.063,30;25.276,45;22.744,76;21.613,62;23.010,81;19.970,12;22.672,77;297.144,87;16.210,59;16.470,55;16.278,54;18.642,17;20.952,22;20.488,36;24.734,05;20.789,62;21.588,76;23.163,68;18.852,48;22.008,95;240.179,97;-14.253,82;-8.632,09;-10.435,95;-9.861,62;-6.055,49;-3.574,94;-542,40;-1.955,14;-24,86;152,87;-1.117,64;-663,82;-56.964,90
1.3.2.1.01.0.1.13.00.00;Remuneração Depósitos Bancários-FEAS;13.585,48;10.400,02;8.169,69;6.694,22;5.761,14;5.241,11;6.560,88;4.729,97;4.154,08;5.227,52;5.359,01;7.341,88;83.225,00;4.240,18;4.149,27;3.748,32;3.625,88;3.689,68;2.596,71;3.559,96;5.249,09;5.058,97;5.640,36;4.929,29;6.118,61;52.606,32;-9.345,30;-6.250,75;-4.421,37;-3.068,34;-2.071,46;-2.644,40;-3.000,92;519,12;904,89;412,84;-429,72;-1.223,27;-30.618,68
1.3.2.1.01.0.1.13.00.00;Remuneração Depósitos Bancários-FEAS;13.585,48;10.400,02;8.169,69;6.694,22;5.761,14;5.241,11;6.560,88;4.729,97;4.154,08;5.227,52;5.359,01;7.341,88;83.225,00;4.240,18;4.149,27;3.748,32;3.625,88;3.689,68;2.596,71;3.559,96;5.249,09;5.058,97;5.640,36;4.929,29;6.118,61;52.606,32;-9.345,30;-6.250,75;-4.421,37;-3.068,34;-2.071,46;-2.644,40;-3.000,92;519,12;904,89;412,84;-429,72;-1.223,27;-30.618,68
1.3.2.1.01.0.1.14.00.00;Remuneração Depósitos Bancários-Outros Convênios;28.699,12;16.536,57;16.387,93;15.861,83;12.708,78;10.640,55;3.958,87;4.440,42;4.432,85;4.987,08;5.697,68;7.266,46;131.618,14;6.834,09;6.745,33;6.480,90;6.464,15;7.168,33;5.172,48;2.910,09;1.362,17;260,61;2.530,28;1.628,07;6.653,71;54.210,21;-21.865,03;-9.791,24;-9.907,03;-9.397,68;-5.540,45;-5.468,07;-1.048,78;-3.078,25;-4.172,24;-2.456,80;-4.069,61;-612,75;-77.407,93
1.3.2.1.01.0.1.14.00.00;Remuneração Depósitos Bancários-Outros Convênios;28.699,12;16.536,57;16.387,93;15.861,83;12.708,78;10.640,55;3.958,87;4.440,42;4.432,85;4.987,08;5.697,68;7.266,46;131.618,14;6.834,09;6.745,33;6.480,90;6.464,15;7.168,33;5.172,48;2.910,09;1.362,17;260,61;2.530,28;1.628,07;6.653,71;54.210,21;-21.865,03;-9.791,24;-9.907,03;-9.397,68;-5.540,45;-5.468,07;-1.048,78;-3.078,25;-4.172,24;-2.456,80;-4.069,61;-612,75;-77.407,93
1.3.2.1.01.0.1.15.00.00;Remuneração Depósitos Bancários-Alienação;1.969,31;1.630,80;1.690,10;1.796,38;1.686,98;1.607,77;1.852,66;1.789,83;1.727,50;1.950,02;1.693,26;1.955,28;21.349,89;2.165,21;2.184,35;2.157,43;2.431,92;2.663,72;2.601,83;3.065,38;2.824,37;0,00;0,00;0,00;0,00;20.094,21;195,90;553,55;467,33;635,54;976,74;994,06;1.212,72;1.034,54;-1.727,50;-1.950,02;-1.693,26;-1.955,28;-1.255,68
1.3.2.1.01.0.1.15.00.00;Remuneração Depósitos Bancários-Alienação;1.969,31;1.630,80;1.690,10;1.796,38;1.686,98;1.607,77;1.852,66;1.789,83;1.727,50;1.950,02;1.693,26;1.955,28;21.349,89;2.165,21;2.184,35;2.157,43;2.431,92;2.663,72;2.601,83;3.065,38;2.824,37;0,00;0,00;0,00;0,00;20.094,21;195,90;553,55;467,33;635,54;976,74;994,06;1.212,72;1.034,54;-1.727,50;-1.950,02;-1.693,26;-1.955,28;-1.255,68
1.3.2.1.01.0.1.16.00.00;Remuneração Depósitos Bancários-Operação Crédito;28,01;23,33;24,38;25,92;24,59;23,61;27,41;26,34;25,45;28,45;24,51;29,17;311,17;27,20;27,37;26,96;28,18;30,61;29,83;35,14;32,52;34,64;37,84;32,01;37,62;379,92;-0,81;4,04;2,58;2,26;6,02;6,22;7,73;6,18;9,19;9,39;7,50;8,45;68,75
1.3.2.1.01.0.1.18.00.00;Remuneração Depósitos Bancários-Pré-Sal;68.142,01;57.079,86;59.798,75;64.197,22;60.825,31;58.030,32;67.306,79;64.953,67;63.006,42;70.671,08;60.820,18;1.032,74;695.864,35;1.058,03;1.064,18;1.049,06;1.096,20;1.190,52;1.159,87;1.367,02;1.264,88;1.347,31;1.471,78;1.245,04;1.463,12;14.777,01;-67.083,98;-56.015,68;-58.749,69;-63.101,02;-59.634,79;-56.870,45;-65.939,77;-63.688,79;-61.659,11;-69.199,30;-59.575,14;430,38;-681.087,34
1.3.2.1.01.0.1.18.00.00;Remuneração Depósitos Bancários-Pré-Sal;68.142,01;57.079,86;59.798,75;64.197,22;60.825,31;58.030,32;67.306,79;64.953,67;63.006,42;70.671,08;60.820,18;1.032,74;695.864,35;1.058,03;1.064,18;1.049,06;1.096,20;1.190,52;1.159,87;1.367,02;1.264,88;1.347,31;1.471,78;1.245,04;1.463,12;14.777,01;-67.083,98;-56.015,68;-58.749,69;-63.101,02;-59.634,79;-56.870,45;-65.939,77;-63.688,79;-61.659,11;-69.199,30;-59.575,14;430,38;-681.087,34
1.3.2.1.01.0.1.19.00.00;Remuneração Depósitos Bancários-PTE/CONVED;11.652,34;10.225,41;11.319,79;12.406,52;12.397,22;10.789,28;10.650,83;8.967,36;7.745,52;7.707,85;5.922,77;6.071,86;115.856,75;4.570,56;5.271,51;6.385,75;7.428,99;9.007,19;9.013,02;11.837,06;11.626,43;12.537,96;13.295,63;10.870,53;12.548,56;114.393,19;-7.081,78;-4.953,90;-4.934,04;-4.977,53;-3.390,03;-1.776,26;1.186,23;2.659,07;4.792,44;5.587,78;4.947,76;6.476,70;-1.463,56
1.3.2.1.01.0.1.19.00.00;Remuneração Depósitos Bancários-PTE/CONVED;11.652,34;10.225,41;11.319,79;12.406,52;12.397,22;10.789,28;10.650,83;8.967,36;7.745,52;7.707,85;5.922,77;6.071,86;115.856,75;4.570,56;5.271,51;6.385,75;7.428,99;9.007,19;9.013,02;11.837,06;11.626,43;12.537,96;13.295,63;10.870,53;12.548,56;114.393,19;-7.081,78;-4.953,90;-4.934,04;-4.977,53;-3.390,03;-1.776,26;1.186,23;2.659,07;4.792,44;5.587,78;4.947,76;6.476,70;-1.463,56
1.3.2.1.01.0.1.20.00.00;Remuneração Depósitos Bancários-CFEM;7,93;6,56;6,80;7,23;6,79;144,84;273,19;268,18;265,40;310,53;273,18;316,11;1.886,74;868,97;876,64;888,11;1.061,53;1.162,70;1.192,55;1.405,03;1.294,55;1.367,94;1.452,72;1.297,83;1.296,16;14.164,73;861,04;870,08;881,31;1.054,30;1.155,91;1.047,71;1.131,84;1.026,37;1.102,54;1.142,19;1.024,65;980,05;12.277,99
1.3.2.1.01.0.1.20.00.00;Remuneração Depósitos Bancários-CFEM;7,93;6,56;6,80;7,23;6,79;144,84;273,19;268,18;265,40;310,53;273,18;316,11;1.886,74;868,97;876,64;888,11;1.061,53;1.162,70;1.192,55;1.405,03;1.294,55;1.367,94;1.452,72;1.297,83;1.296,16;14.164,73;861,04;870,08;881,31;1.054,30;1.155,91;1.047,71;1.131,84;1.026,37;1.102,54;1.142,19;1.024,65;980,05;12.277,99
1.3.2.1.01.0.1.21.00.00;Remuneração Depósitos Bancários-SEDESE;167,85;167,85;167,85;167,85;167,85;167,85;167,85;167,85;167,85;167,85;167,85;167,81;2.014,16;0,00;0,00;0,00;0,00;0,00;0,00;0,00;0,00;0,00;0,00;0,00;0,00;0,00;-167,85;-167,85;-167,85;-167,85;-167,85;-167,85;-167,85;-167,85;-167,85;-167,85;-167,85;-167,81;-2.014,16
1.3.2.1.01.0.1.21.00.00;Remuneração Depósitos Bancários-SEDESE;167,85;167,85;167,85;167,85;167,85;167,85;167,85;167,85;167,85;167,85;167,85;167,81;2.014,16;0,00;0,00;0,00;0,00;0,00;0,00;0,00;0,00;0,00;0,00;0,00;0,00;0,00;-167,85;-167,85;-167,85;-167,85;-167,85;-167,85;-167,85;-167,85;-167,85;-167,85;-167,85;-167,81;-2.014,16
1.3.2.1.01.0.1.23.00.00;Remuneração Depósitos Bancários-COVID/SUAS-EPI;46,22;38,28;39,67;42,15;39,59;37,72;43,48;42,01;40,54;45,75;39,74;45,88;501,03;40,54;40,90;40,39;36,28;0,00;0,00;0,00;0,00;0,00;0,00;0,00;0,00;158,11;-5,68;2,62;0,72;-5,87;-39,59;-37,72;-43,48;-42,01;-40,54;-45,75;-39,74;-45,88;-342,92
1.3.2.1.01.0.1.24.00.00;Remuneração Depósitos Bancário-COVID/SUAS-Alimentos;142,55;118,04;122,34;130,03;122,11;116,38;134,11;129,55;125,04;141,14;122,56;141,53;1.545,38;156,71;158,10;156,15;140,25;0,00;0,00;0,00;0,00;0,00;0,00;0,00;0,00;611,21;14,16;40,06;33,81;10,22;-122,11;-116,38;-134,11;-129,55;-125,04;-141,14;-122,56;-141,53;-934,17
1.3.2.1.01.0.1.25.00.00;Remuneração Depósitos Bancário-COVID/SUAS-Acolhimento;1.829,05;1.480,46;1.534,31;1.630,80;1.531,46;1.300,71;1.364,77;1.386,56;1.478,86;1.612,42;1.395,41;1.611,34;18.156,15;1.739,61;1.754,98;1.733,35;1.556,84;0,00;0,00;0,00;0,00;0,00;0,00;0,00;0,00;6.784,78;-89,44;274,52;199,04;-73,96;-1.531,46;-1.300,71;-1.364,77;-1.386,56;-1.478,86;-1.612,42;-1.395,41;-1.611,34;-11.371,37
1.3.2.1.01.0.1.26.00.00;Remuneração Depósitos Bancário-LC.173/20-PMB/PFEC I;162,59;134,65;139,54;148,32;139,29;132,75;152,96;147,77;142,64;160,99;139,79;161,41;1.762,70;178,75;180,33;178,11;199,91;218,97;213,88;251,98;232,17;245,34;258,77;215,95;251,54;2.625,70;16,16;45,68;38,57;51,59;79,68;81,13;99,02;84,40;102,70;97,78;76,16;90,13;863,00
1.3.2.1.01.0.1.27.00.00;Remuneração Depósitos Bancários-FEAS/PAIF/COVID;142,15;117,70;121,99;129,66;121,76;116,05;133,72;129,19;124,69;140,73;122,20;141,13;1.540,97;156,26;157,65;155,70;174,76;191,43;186,97;220,29;202,96;214,47;226,23;188,78;219,90;2.295,40;14,11;39,95;33,71;45,10;69,67;70,92;86,57;73,77;89,78;85,50;66,58;78,77;754,43
1.3.2.1.01.0.1.27.00.00;Remuneração Depósitos Bancários-FEAS/PAIF/COVID;142,15;117,70;121,99;129,66;121,76;116,05;133,72;129,19;124,69;140,73;122,20;141,13;1.540,97;156,26;157,65;155,70;174,76;191,43;186,97;220,29;202,96;214,47;226,23;188,78;219,90;2.295,40;14,11;39,95;33,71;45,10;69,67;70,92;86,57;73,77;89,78;85,50;66,58;78,77;754,43
1.3.2.1.01.0.1.28.00.00;Remuneração Depósitos Bancário-Emenda Federal Individual;12.511,78;10.345,77;10.266,38;11.373,19;10.512,11;7.642,11;24.226,83;28.001,02;25.498,46;27.005,08;22.444,67;26.029,53;215.856,93;50.394,19;39.850,93;34.153,49;35.205,92;36.295,83;32.210,71;35.278,83;31.155,79;29.141,24;29.985,56;23.129,31;22.544,49;399.346,29;37.882,41;29.505,16;23.887,11;23.832,73;25.783,72;24.568,60;11.052,00;3.154,77;3.642,78;2.980,48;684,64;-3.485,04;183.489,36
1.3.2.1.01.0.1.28.00.00;Remuneração Depósitos Bancário-Emenda Federal Individual;12.511,78;10.345,77;10.266,38;11.373,19;10.512,11;7.642,11;24.226,83;28.001,02;25.498,46;27.005,08;22.444,67;26.029,53;215.856,93;50.394,19;39.850,93;34.153,49;35.205,92;36.295,83;32.210,71;35.278,83;31.155,79;29.141,24;29.985,56;23.129,31;22.544,49;399.346,29;37.882,41;29.505,16;23.887,11;23.832,73;25.783,72;24.568,60;11.052,00;3.154,77;3.642,78;2.980,48;684,64;-3.485,04;183.489,36
1.3.2.1.01.0.1.30.00.00;Remuneração Depósitos Bancários-Ac.Jud.Brumadinho;53.552,47;44.248,28;45.768,14;48.313,24;43.632,48;41.138,06;42.937,50;36.267,16;29.009,43;30.199,87;21.788,61;24.611,98;461.467,22;22.534,18;21.288,72;19.537,72;21.217,25;20.664,39;19.773,25;22.722,52;20.923,52;22.109,56;23.321,26;19.461,10;21.763,20;255.316,67;-31.018,29;-22.959,56;-26.230,42;-27.095,99;-22.968,09;-21.364,81;-20.214,98;-15.343,64;-6.899,87;-6.878,61;-2.327,51;-2.848,78;-206.150,55
1.3.2.1.01.0.1.30.00.00;Remuneração Depósitos Bancários-Ac.Jud.Brumadinho;53.552,47;44.248,28;45.768,14;48.313,24;43.632,48;41.138,06;42.937,50;36.267,16;29.009,43;30.199,87;21.788,61;24.611,98;461.467,22;22.534,18;21.288,72;19.537,72;21.217,25;20.664,39;19.773,25;22.722,52;20.923,52;22.109,56;23.321,26;19.461,10;21.763,20;255.316,67;-31.018,29;-22.959,56;-26.230,42;-27.095,99;-22.968,09;-21.364,81;-20.214,98;-15.343,64;-6.899,87;-6.878,61;-2.327,51;-2.848,78;-206.150,55
1.3.2.1.01.0.1.31.00.00;Remuneração Depósitos Bancários - COSIP - Iluminação;141.706,69;111.595,56;122.676,64;132.720,39;120.795,60;114.034,60;114.409,81;107.334,23;104.210,84;107.194,82;90.465,52;101.038,04;1.368.182,74;102.187,87;105.105,09;107.795,09;122.942,58;134.874,43;134.822,49;163.679,86;154.044,18;163.304,12;176.688,91;150.284,87;175.572,66;1.691.302,15;-39.518,82;-6.490,47;-14.881,55;-9.777,81;14.078,83;20.787,89;49.270,05;46.709,95;59.093,28;69.494,09;59.819,35;74.534,62;323.119,41
1.3.2.1.01.0.1.31.00.00;Remuneração Depósitos Bancários - COSIP - Iluminação;141.706,69;111.595,56;122.676,64;132.720,39;120.795,60;114.034,60;114.409,81;107.334,23;104.210,84;107.194,82;90.465,52;101.038,04;1.368.182,74;102.187,87;105.105,09;107.795,09;122.942,58;134.874,43;134.822,49;163.679,86;154.044,18;163.304,12;176.688,91;150.284,87;175.572,66;1.691.302,15;-39.518,82;-6.490,47;-14.881,55;-9.777,81;14.078,83;20.787,89;49.270,05;46.709,95;59.093,28;69.494,09;59.819,35;74.534,62;323.119,41
1.3.2.1.01.0.1.33.00.00;Rec Remun Dep Banc Rec Vinc-Manutenção;426.403,71;360.365,03;359.123,53;382.537,77;342.312,01;622.614,34;420.943,95;371.994,19;311.574,01;298.558,30;229.528,51;255.617,14;4.381.572,49;232.197,19;230.715,37;211.784,68;226.964,90;204.902,91;200.810,45;236.104,18;204.301,02;176.008,54;58.535,91;90.853,38;77.802,46;2.150.980,99;-194.206,52;-129.649,66;-147.338,85;-155.572,87;-137.409,10;-421.803,89;-184.839,77;-167.693,17;-135.565,47;-240.022,39;-138.675,13;-177.814,68;-2.230.591,50
1.3.2.1.01.0.1.33.00.00;Rec Remun Dep Banc Rec Vinc-Manutenção;426.403,71;360.365,03;359.123,53;382.537,77;342.312,01;622.614,34;420.943,95;371.994,19;311.574,01;298.558,30;229.528,51;255.617,14;4.381.572,49;232.197,19;230.715,37;211.784,68;226.964,90;204.902,91;200.810,45;236.104,18;204.301,02;176.008,54;58.535,91;90.853,38;77.802,46;2.150.980,99;-194.206,52;-129.649,66;-147.338,85;-155.572,87;-137.409,10;-421.803,89;-184.839,77;-167.693,17;-135.565,47;-240.022,39;-138.675,13;-177.814,68;-2.230.591,50
1.3.2.1.01.0.1.34.00.00;Rec Remun Dep Banc Rec Vinc-BLINV;8.405,31;7.042,60;11.199,77;0,00;0,00;10.051,52;11.577,13;5.631,14;5.236,92;5.110,43;4.157,28;4.532,02;72.944,12;6.734,96;4.806,38;3.318,93;3.396,15;3.264,03;3.055,50;3.616,36;3.346,12;3.564,19;3.893,50;3.293,63;3.870,55;46.160,30;-1.670,35;-2.236,22;-7.880,84;3.396,15;3.264,03;-6.996,02;-7.960,77;-2.285,02;-1.672,73;-1.216,93;-863,65;-661,47;-26.783,82
1.3.2.1.01.0.1.34.00.00;Rec Remun Dep Banc Rec Vinc-BLINV;8.405,31;7.042,60;11.199,77;0,00;0,00;10.051,52;11.577,13;5.631,14;5.236,92;5.110,43;4.157,28;4.532,02;72.944,12;6.734,96;4.806,38;3.318,93;3.396,15;3.264,03;3.055,50;3.616,36;3.346,12;3.564,19;3.893,50;3.293,63;3.870,55;46.160,30;-1.670,35;-2.236,22;-7.880,84;3.396,15;3.264,03;-6.996,02;-7.960,77;-2.285,02;-1.672,73;-1.216,93;-863,65;-661,47;-26.783,82
1.3.2.1.01.0.1.35.00.00;Rec Remun Dep Banc Rec Vinc-Transf.SUS Estado;489.354,74;365.426,93;379.659,08;382.582,29;594.216,65;364.822,44;424.649,06;401.578,71;389.671,92;429.067,50;365.487,19;409.189,48;4.995.705,99;347.063,92;336.019,29;307.648,34;343.241,31;370.848,88;352.030,18;367.980,92;332.322,59;341.024,44;360.266,51;274.016,99;318.696,44;4.051.159,81;-142.290,82;-29.407,64;-72.010,74;-39.340,98;-223.367,77;-12.792,26;-56.668,14;-69.256,12;-48.647,48;-68.800,99;-91.470,20;-90.493,04;-944.546,18
1.3.2.1.01.0.1.35.00.00;Rec Remun Dep Banc Rec Vinc-Transf.SUS Estado;489.354,74;365.426,93;379.659,08;382.582,29;594.216,65;364.822,44;424.649,06;401.578,71;389.671,92;429.067,50;365.487,19;409.189,48;4.995.705,99;347.063,92;336.019,29;307.648,34;343.241,31;370.848,88;352.030,18;367.980,92;332.322,59;341.024,44;360.266,51;274.016,99;318.696,44;4.051.159,81;-142.290,82;-29.407,64;-72.010,74;-39.340,98;-223.367,77;-12.792,26;-56.668,14;-69.256,12;-48.647,48;-68.800,99;-91.470,20;-90.493,04;-944.546,18
1.3.2.1.01.0.1.37.00.00;Remuneração Depósitos Bancários-ASPS;4.266,00;7.155,93;4.031,64;3.164,03;1.070,23;1.308,46;1.315,38;2.693,31;4.347,29;19.013,64;25.888,16;23.584,13;97.838,20;7.831,05;12.986,10;6.312,12;8.692,74;24.408,36;27.725,65;7.855,97;12.295,46;20.177,65;17.429,87;14.760,65;23.668,53;184.144,15;3.565,05;5.830,17;2.280,48;5.528,71;23.338,13;26.417,19;6.540,59;9.602,15;15.830,36;-1.583,77;-11.127,51;84,40;86.305,95
1.3.2.1.01.0.1.37.00.00;Remuneração Depósitos Bancários-ASPS;4.266,00;7.155,93;4.031,64;3.164,03;1.070,23;1.308,46;1.315,38;2.693,31;4.347,29;19.013,64;25.888,16;23.584,13;97.838,20;7.831,05;12.986,10;6.312,12;8.692,74;24.408,36;27.725,65;7.855,97;12.295,46;20.177,65;17.429,87;14.760,65;23.668,53;184.144,15;3.565,05;5.830,17;2.280,48;5.528,71;23.338,13;26.417,19;6.540,59;9.602,15;15.830,36;-1.583,77;-11.127,51;84,40;86.305,95
1.3.2.1.01.0.1.38.00.00;Rec Remun Dep Banc Rec Vinc - Lei 173/2020 - COVID - Saude;0,00;77,51;77,13;0,00;0,00;0,00;0,00;0,00;0,00;0,00;0,00;0,00;154,64;0,00;0,00;0,00;0,00;0,00;0,00;0,00;0,00;0,00;0,00;0,00;0,00;0,00;0,00;-77,51;-77,13;0,00;0,00;0,00;0,00;0,00;0,00;0,00;0,00;0,00;-154,64
1.3.2.1.01.0.1.38.00.00;Rec Remun Dep Banc Rec Vinc - Lei 173/2020 - COVID - Saude;0,00;77,51;77,13;0,00;0,00;0,00;0,00;0,00;0,00;0,00;0,00;0,00;154,64;0,00;0,00;0,00;0,00;0,00;0,00;0,00;0,00;0,00;0,00;0,00;0,00;0,00;0,00;-77,51;-77,13;0,00;0,00;0,00;0,00;0,00;0,00;0,00;0,00;0,00;-154,64
1.3.2.1.01.0.1.39.00.00;Remuneração Depósitos Bancários- Emenda Estadual Individual;8.825,52;7.308,44;7.574,25;8.050,51;15.574,23;14.836,56;16.994,66;15.716,40;14.945,67;16.659,49;14.197,20;15.177,15;155.860,08;18.658,62;18.807,79;13.293,05;14.902,63;15.951,38;13.438,27;16.424,04;14.973,09;15.796,80;16.383,38;13.110,51;14.198,26;185.937,82;9.833,10;11.499,35;5.718,80;6.852,12;377,15;-1.398,29;-570,62;-743,31;851,13;-276,11;-1.086,69;-978,89;30.077,74
1.3.2.1.01.0.1.40.00.00;Remuneração Depósitos Bancários- Emenda Estadual de Bancada;3.154,25;2.612,06;2.707,07;2.877,28;2.702,03;2.575,17;2.967,41;2.866,77;2.766,93;2.925,39;2.212,18;2.874,73;33.241,27;2.776,59;2.801,13;7.649,90;8.586,41;10.662,18;22.587,29;13.324,41;12.307,20;13.006,06;13.514,83;10.867,04;12.049,78;130.132,82;-377,66;189,07;4.942,83;5.709,13;7.960,15;20.012,12;10.357,00;9.440,43;10.239,13;10.589,44;8.654,86;9.175,05;96.891,55
1.3.2.1.01.0.1.40.00.00;Remuneração Depósitos Bancários- Emenda Estadual de Bancada;3.154,25;2.612,06;2.707,07;2.877,28;2.702,03;2.575,17;2.967,41;2.866,77;2.766,93;2.925,39;2.212,18;2.874,73;33.241,27;2.776,59;2.801,13;7.649,90;8.586,41;10.662,18;22.587,29;13.324,41;12.307,20;13.006,06;13.514,83;10.867,04;12.049,78;130.132,82;-377,66;189,07;4.942,83;5.709,13;7.960,15;20.012,12;10.357,00;9.440,43;10.239,13;10.589,44;8.654,86;9.175,05;96.891,55
1.3.2.1.01.0.1.41.00.00;Rec. Remuneração Dep Bncarios - Piso da Enfermagem Font 1605;11.447,94;3.057,05;6.080,28;7.810,70;4.306,81;5.194,26;7.199,38;6.514,95;3.554,57;4.368,91;4.057,36;10.165,52;73.757,73;6.841,03;3.337,17;6.030,60;3.471,24;5.416,41;7.663,85;8.266,12;8.760,62;11.220,60;8.923,72;8.669,57;16.276,80;94.877,73;-4.606,91;280,12;-49,68;-4.339,46;1.109,60;2.469,59;1.066,74;2.245,67;7.666,03;4.554,81;4.612,21;6.111,28;21.120,00
1.3.2.1.01.0.1.41.00.00;Rec. Remuneração Dep Bncarios - Piso da Enfermagem Font 1605;11.447,94;3.057,05;6.080,28;7.810,70;4.306,81;5.194,26;7.199,38;6.514,95;3.554,57;4.368,91;4.057,36;10.165,52;73.757,73;6.841,03;3.337,17;6.030,60;3.471,24;5.416,41;7.663,85;8.266,12;8.760,62;11.220,60;8.923,72;8.669,57;16.276,80;94.877,73;-4.606,91;280,12;-49,68;-4.339,46;1.109,60;2.469,59;1.066,74;2.245,67;7.666,03;4.554,81;4.612,21;6.111,28;21.120,00
1.3.2.1.01.0.1.42.00.00;Remuneração Depósitos Bancários - LC 195/2022-Paulo Gustavo-Audivisual;0,00;0,00;0,00;0,00;0,00;0,00;0,00;0,00;0,00;0,00;0,00;0,00;0,00;558,00;0,00;0,00;0,00;0,00;0,00;0,00;0,00;0,00;0,00;0,00;0,00;558,00;558,00;0,00;0,00;0,00;0,00;0,00;0,00;0,00;0,00;0,00;0,00;0,00;558,00
1.3.2.1.01.0.1.43.00.00;Remuneração Depósitos Bancários - LC 195/2022-Paulo Gustavo-Demais Setores;0,00;0,00;0,00;0,00;0,00;0,00;0,00;0,00;0,00;0,00;0,00;0,00;0,00;77,12;0,00;0,00;0,00;0,00;0,00;0,00;0,00;0,00;0,00;0,00;0,00;77,12;77,12;0,00;0,00;0,00;0,00;0,00;0,00;0,00;0,00;0,00;0,00;0,00;77,12
1.3.2.1.01.0.1.44.00.00;Remuneração Depósitos Lei Aldir Blanc nº 14399/2022-Ações Gerais;4.983,90;4.127,20;4.277,30;4.546,25;4.269,36;4.068,92;4.688,67;4.529,67;4.371,90;4.934,66;4.284,90;3.677,88;52.760,61;1.740,82;1.756,21;1.652,98;1.855,33;2.032,17;1.984,95;2.338,60;2.154,73;2.276,87;2.401,65;2.004,13;845,83;23.044,27;-3.243,08;-2.370,99;-2.624,32;-2.690,92;-2.237,19;-2.083,97;-2.350,07;-2.374,94;-2.095,03;-2.533,01;-2.280,77;-2.832,05;-29.716,34
1.3.2.1.01.0.1.45.00.00;Remuneração Depósitos Bancários -Lei Aldir Blanc nº 14399/2022-Política Nac.Cultura Viva;1.661,31;1.375,73;1.425,76;1.515,43;1.423,13;1.356,31;1.562,90;1.509,89;1.457,30;1.644,89;1.428,31;1.225,93;17.586,89;580,27;585,40;550,99;618,45;677,38;661,65;779,53;718,24;758,95;800,55;668,04;281,95;7.681,40;-1.081,04;-790,33;-874,77;-896,98;-745,75;-694,66;-783,37;-791,65;-698,35;-844,34;-760,27;-943,98;-9.905,49
1.3.2.1.01.0.1.45.00.00;Remuneração Depósitos Bancários -Lei Aldir Blanc nº 14399/2022-Política Nac.Cultura Viva;1.661,31;1.375,73;1.425,76;1.515,43;1.423,13;1.356,31;1.562,90;1.509,89;1.457,30;1.644,89;1.428,31;1.225,93;17.586,89;580,27;585,40;550,99;618,45;677,38;661,65;779,53;718,24;758,95;800,55;668,04;281,95;7.681,40;-1.081,04;-790,33;-874,77;-896,98;-745,75;-694,66;-783,37;-791,65;-698,35;-844,34;-760,27;-943,98;-9.905,49
1.3.2.1.01.0.1.46.00.00;Remuneração Depósitos Bancários - Outros Recursos;0,00;0,00;0,00;0,00;0,00;0,00;0,00;0,00;0,00;0,00;0,00;0,00;0,00;3.329,76;3.359,20;3.985,22;5.865,29;6.424,39;6.275,10;7.393,12;6.811,84;7.197,96;7.592,44;261.408,01;291.503,11;611.145,44;3.329,76;3.359,20;3.985,22;5.865,29;6.424,39;6.275,10;7.393,12;6.811,84;7.197,96;7.592,44;261.408,01;291.503,11;611.145,44
1.3.2.1.01.0.1.47.00.00;Portaria 8625 Emenda Federal Individual;0,00;0,00;0,00;0,00;0,00;0,00;0,00;0,00;0,00;0,00;0,00;0,00;0,00;0,01;8.764,81;0,01;0,00;4.353,69;0,00;12.519,76;32.634,61;30.505,61;12.021,78;1.003.948,72;16.012,00;1.120.761,00;0,01;8.764,81;0,01;0,00;4.353,69;0,00;12.519,76;32.634,61;30.505,61;12.021,78;1.003.948,72;16.012,00;1.120.761,00
1.3.2.1.01.0.1.48.00.00;Remuneração Depósitos Bancário-Emenda Federal de Bancada;0,00;0,00;0,00;0,00;0,00;0,00;0,00;0,00;0,00;0,00;0,00;0,00;0,00;26.316,27;22.126,27;11.527,68;12.938,89;13.571,19;10.718,61;11.856,54;10.247,01;9.857,41;87.998,33;11.297,19;22.831,72;251.287,11;26.316,27;22.126,27;11.527,68;12.938,89;13.571,19;10.718,61;11.856,54;10.247,01;9.857,41;87.998,33;11.297,19;22.831,72;251.287,11
1.3.2.1.01.0.1.50.00.00;Remuneração Depósitos Bancários-Rec.Não Vinc.Impostos;493.164,35;425.823,20;441.609,18;450.685,23;439.891,74;392.214,71;473.327,24;418.491,49;369.876,41;361.380,90;265.897,24;450.402,73;4.982.764,42;309.796,93;363.978,33;350.894,16;374.719,67;487.615,97;553.219,96;704.508,14;668.684,25;728.852,95;748.791,76;371.211,16;377.928,46;6.040.201,74;-183.367,42;-61.844,87;-90.715,02;-75.965,56;47.724,23;161.005,25;231.180,90;250.192,76;358.976,54;387.410,86;105.313,92;-72.474,27;1.057.437,32
1.3.2.1.01.0.1.50.00.00;Remuneração Depósitos Bancários-Rec.Não Vinc.Impostos;493.164,35;425.823,20;441.609,18;450.685,23;439.891,74;392.214,71;473.327,24;418.491,49;369.876,41;361.380,90;265.897,24;450.402,73;4.982.764,42;309.796,93;363.978,33;350.894,16;374.719,67;487.615,97;553.219,96;704.508,14;668.684,25;728.852,95;748.791,76;371.211,16;377.928,46;6.040.201,74;-183.367,42;-61.844,87;-90.715,02;-75.965,56;47.724,23;161.005,25;231.180,90;250.192,76;358.976,54;387.410,86;105.313,92;-72.474,27;1.057.437,32
1.3.2.1.01.0.1.51.00.00;Remuneração Depósitos Bancários-Rec.Prov.Taxas/Contribuições;58.369,70;48.058,54;49.185,23;53.086,20;50.703,45;47.646,77;56.449,07;55.983,15;55.175,85;59.894,37;50.514,67;27.668,57;612.735,57;27.107,03;25.054,40;31.586,69;76.166,38;89.418,21;92.440,46;111.013,83;102.670,35;91.792,06;94.928,98;76.392,91;93.019,09;911.590,39;-31.262,67;-23.004,14;-17.598,54;23.080,18;38.714,76;44.793,69;54.564,76;46.687,20;36.616,21;35.034,61;25.878,24;65.350,52;298.854,82
1.3.2.1.01.0.1.51.00.00;Remuneração Depósitos Bancários-Rec.Prov.Taxas/Contribuições;58.369,70;48.058,54;49.185,23;53.086,20;50.703,45;47.646,77;56.449,07;55.983,15;55.175,85;59.894,37;50.514,67;27.668,57;612.735,57;27.107,03;25.054,40;31.586,69;76.166,38;89.418,21;92.440,46;111.013,83;102.670,35;91.792,06;94.928,98;76.392,91;93.019,09;911.590,39;-31.262,67;-23.004,14;-17.598,54;23.080,18;38.714,76;44.793,69;54.564,76;46.687,20;36.616,21;35.034,61;25.878,24;65.350,52;298.854,82
1.3.2.1.01.0.1.52.00.00;Remuneração Depósitos Bancários-Outros Recursos Não Vinculados;24.500,41;19.460,82;20.339,28;22.990,03;24.667,18;16.725,37;20.057,74;25.239,93;26.841,98;30.250,28;20.893,18;24.033,95;276.000,15;28.637,36;26.916,58;26.420,88;30.276,91;41.033,22;36.811,73;50.716,17;43.065,02;56.260,24;233.454,03;-131.800,44;50.518,09;492.309,79;4.136,95;7.455,76;6.081,60;7.286,88;16.366,04;20.086,36;30.658,43;17.825,09;29.418,26;203.203,75;-152.693,62;26.484,14;216.309,64
1.3.2.1.01.0.1.52.00.00;Remuneração Depósitos Bancários-Outros Recursos Não Vinculados;24.500,41;19.460,82;20.339,28;22.990,03;24.667,18;16.725,37;20.057,74;25.239,93;26.841,98;30.250,28;20.893,18;24.033,95;276.000,15;28.637,36;26.916,58;26.420,88;30.276,91;41.033,22;36.811,73;50.716,17;43.065,02;56.260,24;233.454,03;-131.800,44;50.518,09;492.309,79;4.136,95;7.455,76;6.081,60;7.286,88;16.366,04;20.086,36;30.658,43;17.825,09;29.418,26;203.203,75;-152.693,62;26.484,14;216.309,64
1.3.2.1.01.0.1.53.00.00;Remuneração Depósitos Bancários- Emenda Estadual Individual;0,00;0,00;0,00;0,00;0,00;0,00;0,00;0,00;0,00;0,00;0,00;0,00;0,00;8.687,99;0,00;8.656,75;8.629,79;8.151,29;9.918,84;18.674,20;16.052,32;16.853,48;16.072,95;11.009,43;11.414,20;134.121,24;8.687,99;0,00;8.656,75;8.629,79;8.151,29;9.918,84;18.674,20;16.052,32;16.853,48;16.072,95;11.009,43;11.414,20;134.121,24
1.3.2.1.01.0.1.54.00.00;Remuneração Depósitos Bancários- Emenda Estadual de Bancada;0,00;0,00;0,00;0,00;0,00;0,00;0,00;0,00;0,00;0,00;0,00;0,00;0,00;0,00;0,00;0,00;0,00;0,00;1.199,72;3.984,68;2.467,31;72,61;76,58;63,91;74,44;7.939,25;0,00;0,00;0,00;0,00;0,00;1.199,72;3.984,68;2.467,31;72,61;76,58;63,91;74,44;7.939,25
1.3.2.1.01.0.1.56.00.00;Remuneração Depósitos Bancários - Convênio 9447136 - UPA;0,00;0,00;0,00;0,00;0,00;0,00;0,00;0,00;0,00;0,00;0,00;0,00;0,00;42.355,92;42.730,34;42.203,62;47.416,78;52.396,74;51.179,25;60.297,71;55.556,78;58.705,99;61.923,34;51.673,73;60.193,03;626.633,23;42.355,92;42.730,34;42.203,62;47.416,78;52.396,74;51.179,25;60.297,71;55.556,78;58.705,99;61.923,34;51.673,73;60.193,03;626.633,23
1.3.2.2.01.0.1.01.00.00;Dividendos;0,00;0,00;0,00;0,00;0,00;0,00;0,00;0,00;0,00;0,00;0,00;1.878,09;1.878,09;0,00;0,00;0,00;0,00;0,00;0,00;0,00;0,00;0,00;0,00;0,00;0,00;0,00;0,00;0,00;0,00;0,00;0,00;0,00;0,00;0,00;0,00;0,00;0,00;-1.878,09;-1.878,09
1.3.2.2.01.0.1.01.00.00;Dividendos;0,00;0,00;0,00;0,00;0,00;0,00;0,00;0,00;0,00;0,00;0,00;1.878,09;1.878,09;0,00;0,00;0,00;0,00;0,00;0,00;0,00;0,00;0,00;0,00;0,00;0,00;0,00;0,00;0,00;0,00;0,00;0,00;0,00;0,00;0,00;0,00;0,00;0,00;-1.878,09;-1.878,09
1.3.2.9.99.0.1.01.00.00;Outros Valores Mobiliários;96,01;96,01;96,01;96,01;96,01;96,01;96,01;96,01;96,01;96,01;96,01;96,00;1.152,11;0,00;0,00;0,00;0,00;0,00;0,00;0,00;0,00;0,00;0,00;0,00;0,00;0,00;-96,01;-96,01;-96,01;-96,01;-96,01;-96,01;-96,01;-96,01;-96,01;-96,01;-96,01;-96,00;-1.152,11
1.3.6.1.01.1.1.00.00.00;Cessão do Direito de Operacionalização de Pagamentos - Poderes Executivo e Legislativo - Principal;375.000,00;375.000,00;375.000,00;375.000,00;375.000,00;375.000,00;375.000,00;375.000,00;375.000,00;375.000,00;375.000,00;375.000,00;4.500.000,00;0,00;0,00;0,00;0,00;0,00;7.340.005,00;0,00;0,00;0,00;0,00;0,00;0,00;7.340.005,00;-375.000,00;-375.000,00;-375.000,00;-375.000,00;-375.000,00;6.965.005,00;-375.000,00;-375.000,00;-375.000,00;-375.000,00;-375.000,00;-375.000,00;2.840.005,00
1.3.9.9.99.0.1.01.00.00;Outras Receitas Patrimoniais;96,01;96,01;96,01;96,01;96,01;96,01;96,01;96,01;96,01;96,01;96,01;96,00;1.152,11;0,00;0,00;0,00;0,00;0,00;0,00;0,00;0,00;0,00;0,00;0,00;0,00;0,00;-96,01;-96,01;-96,01;-96,01;-96,01;-96,01;-96,01;-96,01;-96,01;-96,01;-96,01;-96,00;-1.152,11
1.6.1.1.01.0.1.02.00.00;Receita de Água;960,09;960,09;960,09;960,09;960,09;960,09;960,09;960,09;960,09;960,09;960,09;960,14;11.521,13;0,00;0,00;0,00;0,00;0,00;0,00;0,00;0,00;0,00;0,00;0,00;0,00;0,00;-960,09;-960,09;-960,09;-960,09;-960,09;-960,09;-960,09;-960,09;-960,09;-960,09;-960,09;-960,14;-11.521,13
1.6.1.1.02.0.1.00.00.00;Inscrição em Concursos e Processos Seletivos;49.432,85;49.432,85;49.432,85;49.432,85;49.432,85;49.432,85;49.432,85;49.432,85;49.432,85;49.432,85;49.432,85;49.432,87;593.194,22;0,00;0,00;0,00;0,00;0,00;0,00;0,00;0,00;0,00;0,00;0,00;0,00;0,00;-49.432,85;-49.432,85;-49.432,85;-49.432,85;-49.432,85;-49.432,85;-49.432,85;-49.432,85;-49.432,85;-49.432,85;-49.432,85;-49.432,87;-593.194,22
1.6.1.1.03.0.1.01.00.00;Serviços de Expedição de Certificados;765,61;765,61;765,61;765,61;765,61;765,61;765,61;765,61;765,61;765,61;765,61;765,63;9.187,34;0,00;0,00;0,00;0,00;0,00;0,00;0,00;0,00;0,00;0,00;0,00;0,00;0,00;-765,61;-765,61;-765,61;-765,61;-765,61;-765,61;-765,61;-765,61;-765,61;-765,61;-765,61;-765,63;-9.187,34
1.6.2.1.02.0.1.01.00.00;Receita Terminais Rodoviarios - Serviço Manutenção;15.992,10;0,00;0,00;28.861,20;0,00;0,00;31.303,80;0,00;0,00;0,00;0,00;0,00;76.157,10;0,00;0,00;0,00;0,00;0,00;0,00;0,00;0,00;0,00;0,00;0,00;0,00;0,00;-15.992,10;0,00;0,00;-28.861,20;0,00;0,00;-31.303,80;0,00;0,00;0,00;0,00;0,00;-76.157,10
1.6.2.1.02.0.1.02.00.00;Receita Terminais Rodoviarios - Serviço Embarque;50.579,60;38.484,93;56.033,56;71.946,13;53.817,19;66.442,15;47.116,80;53.564,48;52.945,13;48.958,27;16.076,27;51.310,13;607.274,64;13.548,61;79.347,38;16.052,51;41.341,65;44.631,10;28.781,46;36.698,96;24.384,54;58.604,47;39.082,30;30.308,29;17.502,32;430.283,59;-37.030,99;40.862,45;-39.981,05;-30.604,48;-9.186,09;-37.660,69;-10.417,84;-29.179,94;5.659,34;-9.875,97;14.232,02;-33.807,81;-176.991,05
1.6.9.9.50.9.1.01.00.00;Preço Público de Análise de Projetos Arquitetônicos;0,00;0,00;0,00;0,00;0,00;0,00;0,00;0,00;0,00;0,00;0,00;0,00;0,00;832,93;0,00;141,19;927,22;1.818,53;2.378,44;3.732,63;2.013,40;2.563,75;70,69;959,09;0,00;15.437,87;832,93;0,00;141,19;927,22;1.818,53;2.378,44;3.732,63;2.013,40;2.563,75;70,69;959,09;0,00;15.437,87
1.6.9.9.99.0.1.01.00.00;Serviços Administrativos Cemitério;1.048,17;1.048,17;1.048,17;1.048,17;1.048,17;1.048,17;1.048,17;1.048,17;1.048,17;1.048,17;1.048,17;1.048,14;12.578,01;0,00;0,00;0,00;0,00;0,00;0,00;0,00;0,00;0,00;0,00;0,00;0,00;0,00;-1.048,17;-1.048,17;-1.048,17;-1.048,17;-1.048,17;-1.048,17;-1.048,17;-1.048,17;-1.048,17;-1.048,17;-1.048,17;-1.048,14;-12.578,01
1.6.9.9.99.0.1.02.00.00;Outros Serviços Administrativos;5.263,72;4.546,87;3.873,28;2.376,69;4.155,98;4.168,83;7.099,04;4.978,09;7.933,93;5.654,03;2.232,38;5.126,10;57.408,94;412,50;708,08;668,72;364,00;602,00;616,00;875,52;1.360,12;1.235,82;858,54;526,17;0,00;8.227,47;-4.851,22;-3.838,79;-3.204,56;-2.012,69;-3.553,98;-3.552,83;-6.223,52;-3.617,97;-6.698,11;-4.795,49;-1.706,21;-5.126,10;-49.181,47
1.6.9.9.99.0.1.09.00.00;Outros Serviços;0,00;0,00;0,00;0,00;4.790,14;0,00;0,00;2.250,31;0,00;0,00;10.948,90;0,00;17.989,35;0,00;0,00;0,00;0,00;0,00;0,00;0,00;16,14;32,43;0,00;96,90;484,50;629,97;0,00;0,00;0,00;0,00;-4.790,14;0,00;0,00;-2.234,17;32,43;0,00;-10.852,00;484,50;-17.359,38
1.6.9.9.99.0.2.01.00.00;Multas/Juros de Mora s/Outros Serviços;215,74;91,96;104,94;0,00;2.957,81;61,16;0,00;0,00;24,73;0,00;0,00;0,00;3.456,34;0,00;0,00;0,00;0,00;0,00;0,00;8,57;0,00;3,84;0,00;9,03;0,00;21,44;-215,74;-91,96;-104,94;0,00;-2.957,81;-61,16;8,57;0,00;-20,89;0,00;9,03;0,00;-3.434,90
1.6.9.9.99.0.2.01.00.00;Multas/Juros de Mora s/Outros Serviços;215,74;91,96;104,94;0,00;2.957,81;61,16;0,00;0,00;24,73;0,00;0,00;0,00;3.456,34;0,00;0,00;0,00;0,00;0,00;0,00;8,57;0,00;3,84;0,00;9,03;0,00;21,44;-215,74;-91,96;-104,94;0,00;-2.957,81;-61,16;8,57;0,00;-20,89;0,00;9,03;0,00;-3.434,90
1.6.9.9.99.0.3.01.00.00;Dívida Ativa-Outros Serviços;4.855,14;1.323,68;2.294,17;674,72;835,47;0,00;1.072,12;0,00;232,91;232,92;0,00;0,00;11.521,13;0,00;0,00;0,00;122,84;0,00;0,00;0,00;0,00;369,00;786,47;1.027,41;714,28;3.020,00;-4.855,14;-1.323,68;-2.294,17;-551,88;-835,47;0,00;-1.072,12;0,00;136,09;553,55;1.027,41;714,28;-8.501,13
1.6.9.9.99.0.3.01.00.00;Dívida Ativa-Outros Serviços;4.855,14;1.323,68;2.294,17;674,72;835,47;0,00;1.072,12;0,00;232,91;232,92;0,00;0,00;11.521,13;0,00;0,00;0,00;122,84;0,00;0,00;0,00;0,00;369,00;786,47;1.027,41;714,28;3.020,00;-4.855,14;-1.323,68;-2.294,17;-551,88;-835,47;0,00;-1.072,12;0,00;136,09;553,55;1.027,41;714,28;-8.501,13
1.6.9.9.99.0.4.01.00.00;Multas/Juros Mora Div.Ativ.s/Outros Serviços;1.563,65;241,94;205,33;310,27;410,92;0,00;541,29;0,00;76,20;119,97;0,00;0,00;3.469,57;0,00;0,00;0,00;52,81;0,00;0,00;0,00;0,00;38,69;97,15;203,64;33,10;425,39;-1.563,65;-241,94;-205,33;-257,46;-410,92;0,00;-541,29;0,00;-37,51;-22,82;203,64;33,10;-3.044,18
1.6.9.9.99.0.4.01.00.00;Multas/Juros Mora Div.Ativ.s/Outros Serviços;1.563,65;241,94;205,33;310,27;410,92;0,00;541,29;0,00;76,20;119,97;0,00;0,00;3.469,57;0,00;0,00;0,00;52,81;0,00;0,00;0,00;0,00;38,69;97,15;203,64;33,10;425,39;-1.563,65;-241,94;-205,33;-257,46;-410,92;0,00;-541,29;0,00;-37,51;-22,82;203,64;33,10;-3.044,18
1.7.1.1.51.1.1.00.00.00;Cota-Parte do Fundo de Participação dos Municípios - Cota Mensal;6.332.779,15;8.611.002,58;5.368.487,85;5.623.367,63;6.550.669,93;7.034.327,28;4.558.745,55;5.962.712,48;4.872.230,87;5.194.008,14;6.648.567,55;7.462.808,51;74.219.707,52;7.311.033,03;9.810.562,12;6.460.706,52;6.565.180,26;8.374.818,27;8.602.089,02;5.280.518,22;6.966.848,02;5.624.284,90;5.928.105,29;8.058.309,04;9.095.588,73;88.078.043,42;978.253,88;1.199.559,54;1.092.218,67;941.812,63;1.824.148,34;1.567.761,74;721.772,67;1.004.135,54;752.054,03;734.097,15;1.409.741,49;1.632.780,22;13.858.335,90
1.7.1.1.51.1.1.00.00.00;Cota-Parte do Fundo de Participação dos Municípios - Cota Mensal;6.332.779,15;8.611.002,58;5.368.487,85;5.623.367,63;6.550.669,93;7.034.327,28;4.558.745,55;5.962.712,48;4.872.230,87;5.194.008,14;6.648.567,55;7.462.808,51;74.219.707,52;7.311.033,03;9.810.562,12;6.460.706,52;6.565.180,26;8.374.818,27;8.602.089,02;5.280.518,22;6.966.848,02;5.624.284,90;5.928.105,29;8.058.309,04;9.095.588,73;88.078.043,42;978.253,88;1.199.559,54;1.092.218,67;941.812,63;1.824.148,34;1.567.761,74;721.772,67;1.004.135,54;752.054,03;734.097,15;1.409.741,49;1.632.780,22;13.858.335,90
1.7.1.1.51.2.1.00.00.00;Cota-Parte do Fundo de Participação dos Municípios - Cotas Extraordinárias - Principal;0,00;0,00;0,00;0,00;0,00;0,00;3.109.921,40;0,00;1.357.340,06;0,00;0,00;3.311.590,58;7.778.852,04;0,00;0,00;0,00;0,00;0,00;0,00;4.701.019,06;0,00;4.020.220,54;0,00;0,00;4.851.614,37;13.572.853,97;0,00;0,00;0,00;0,00;0,00;0,00;1.591.097,66;0,00;2.662.880,48;0,00;0,00;1.540.023,79;5.794.001,93
1.7.1.1.51.2.1.00.00.00;Cota-Parte do Fundo de Participação dos Municípios - Cotas Extraordinárias - Principal;0,00;0,00;0,00;0,00;0,00;0,00;3.109.921,40;0,00;1.357.340,06;0,00;0,00;3.311.590,58;7.778.852,04;0,00;0,00;0,00;0,00;0,00;0,00;4.701.019,06;0,00;4.020.220,54;0,00;0,00;4.851.614,37;13.572.853,97;0,00;0,00;0,00;0,00;0,00;0,00;1.591.097,66;0,00;2.662.880,48;0,00;0,00;1.540.023,79;5.794.001,93
1.7.1.1.52.0.1.00.00.00;Cota-Parte do Imposto Sobre a Propriedade Territorial Rural;7.581,91;1.995,24;2.248,94;2.265,36;2.215,34;4.078,99;6.428,61;5.331,49;22.984,01;80.947,81;7.491,57;6.394,59;149.963,86;2.792,47;17.940,78;5.477,35;2.024,94;1.297,86;794,80;803,89;3.799,74;24.324,11;80.933,73;12.591,76;8.941,69;161.723,12;-4.789,44;15.945,54;3.228,41;-240,42;-917,48;-3.284,19;-5.624,72;-1.531,75;1.340,10;-14,08;5.100,19;2.547,10;11.759,26
1.7.1.1.52.0.1.00.00.00;Cota-Parte do Imposto Sobre a Propriedade Territorial Rural;7.581,91;1.995,24;2.248,94;2.265,36;2.215,34;4.078,99;6.428,61;5.331,49;22.984,01;80.947,81;7.491,57;6.394,59;149.963,86;2.792,47;17.940,78;5.477,35;2.024,94;1.297,86;794,80;803,89;3.799,74;24.324,11;80.933,73;12.591,76;8.941,69;161.723,12;-4.789,44;15.945,54;3.228,41;-240,42;-917,48;-3.284,19;-5.624,72;-1.531,75;1.340,10;-14,08;5.100,19;2.547,10;11.759,26
1.7.1.2.51.0.1.00.00.00;Cota-parte Comp.Financeira Rec.Minerais - CFEM;1.727,65;60.257,74;8.755,33;1.371,77;27.771,08;1.436,14;2.050,20;3.908,30;4.143,77;4.518,80;4.244,13;5.093,14;125.278,05;800,88;4.730,97;2.874,64;2.961,28;2.797,02;1.685,76;1.424,00;1.530,72;4.456,60;2.336,75;66.192,34;26.443,14;118.234,10;-926,77;-55.526,77;-5.880,69;1.589,51;-24.974,06;249,62;-626,20;-2.377,58;312,83;-2.182,05;61.948,21;21.350,00;-7.043,95
1.7.1.2.51.0.1.00.00.00;Cota-parte Comp.Financeira Rec.Minerais - CFEM;1.727,65;60.257,74;8.755,33;1.371,77;27.771,08;1.436,14;2.050,20;3.908,30;4.143,77;4.518,80;4.244,13;5.093,14;125.278,05;800,88;4.730,97;2.874,64;2.961,28;2.797,02;1.685,76;1.424,00;1.530,72;4.456,60;2.336,75;66.192,34;26.443,14;118.234,10;-926,77;-55.526,77;-5.880,69;1.589,51;-24.974,06;249,62;-626,20;-2.377,58;312,83;-2.182,05;61.948,21;21.350,00;-7.043,95
1.7.1.2.52.1.1.01.00.00;Cota-parte da Compensação Financeira pela Produção de Petróleo-Lei nº 7.990/89;520.915,93;505.363,43;509.455,88;501.017,96;527.854,39;4.152,21;461.061,16;820.129,30;685.911,53;518.403,46;395.714,61;438.513,45;5.888.493,31;517.055,30;581.970,01;567.853,63;470.439,40;520.705,69;456.065,50;423.742,39;425.760,96;515.420,64;461.780,68;432.233,15;333.260,70;5.706.288,05;-3.860,63;76.606,58;58.397,75;-30.578,56;-7.148,70;451.913,29;-37.318,77;-394.368,34;-170.490,89;-56.622,78;36.518,54;-105.252,75;-182.205,26
1.7.1.2.52.1.1.01.00.00;Cota-parte da Compensação Financeira pela Produção de Petróleo-Lei nº 7.990/89;520.915,93;505.363,43;509.455,88;501.017,96;527.854,39;4.152,21;461.061,16;820.129,30;685.911,53;518.403,46;395.714,61;438.513,45;5.888.493,31;517.055,30;581.970,01;567.853,63;470.439,40;520.705,69;456.065,50;423.742,39;425.760,96;515.420,64;461.780,68;432.233,15;333.260,70;5.706.288,05;-3.860,63;76.606,58;58.397,75;-30.578,56;-7.148,70;451.913,29;-37.318,77;-394.368,34;-170.490,89;-56.622,78;36.518,54;-105.252,75;-182.205,26
1.7.1.2.52.2.1.01.00.00;Cota-parte Excedente  Produção do Petróleo-Lei nº 9.478/97, artigo 49, I e II;10.757,37;10.757,37;10.757,37;10.757,37;10.757,37;10.757,37;10.757,37;10.757,37;10.757,37;10.757,37;10.757,37;10.757,38;129.088,45;629,13;778,31;282,20;399,13;587,41;758,36;488,34;1.069,08;24,81;3,44;0,78;1,17;5.022,16;-10.128,24;-9.979,06;-10.475,17;-10.358,24;-10.169,96;-9.999,01;-10.269,03;-9.688,29;-10.732,56;-10.753,93;-10.756,59;-10.756,21;-124.066,29
1.7.1.2.52.2.1.01.00.00;Cota-parte Excedente  Produção do Petróleo-Lei nº 9.478/97, artigo 49, I e II;10.757,37;10.757,37;10.757,37;10.757,37;10.757,37;10.757,37;10.757,37;10.757,37;10.757,37;10.757,37;10.757,37;10.757,38;129.088,45;629,13;778,31;282,20;399,13;587,41;758,36;488,34;1.069,08;24,81;3,44;0,78;1,17;5.022,16;-10.128,24;-9.979,06;-10.475,17;-10.358,24;-10.169,96;-9.999,01;-10.269,03;-9.688,29;-10.732,56;-10.753,93;-10.756,59;-10.756,21;-124.066,29
1.7.1.2.52.4.1.01.00.00;Cota-Parte do Fundo Especial do Petróleo-FEP;145.904,07;138.068,17;140.291,89;138.593,20;141.653,12;0,00;141.497,96;234.629,16;217.072,99;155.245,08;145.878,95;148.948,98;1.747.783,57;169.684,42;187.654,40;200.720,58;167.926,20;186.482,26;168.433,43;165.233,25;175.981,01;189.000,93;175.570,02;167.687,39;172.328,12;2.126.702,01;23.780,35;49.586,23;60.428,69;29.333,00;44.829,14;168.433,43;23.735,29;-58.648,15;-28.072,06;20.324,94;21.808,44;23.379,14;378.918,44
1.7.1.2.52.4.1.01.00.00;Cota-Parte do Fundo Especial do Petróleo-FEP;145.904,07;138.068,17;140.291,89;138.593,20;141.653,12;0,00;141.497,96;234.629,16;217.072,99;155.245,08;145.878,95;148.948,98;1.747.783,57;169.684,42;187.654,40;200.720,58;167.926,20;186.482,26;168.433,43;165.233,25;175.981,01;189.000,93;175.570,02;167.687,39;172.328,12;2.126.702,01;23.780,35;49.586,23;60.428,69;29.333,00;44.829,14;168.433,43;23.735,29;-58.648,15;-28.072,06;20.324,94;21.808,44;23.379,14;378.918,44
1.7.1.3.50.1.1.03.00.00;Portaria 6/2979-Incentivos APS-Capacitação Pond;0,00;0,00;4.373.681,85;0,00;0,00;0,00;0,00;0,00;0,00;0,00;0,00;0,00;4.373.681,85;0,00;0,00;0,00;0,00;0,00;0,00;0,00;0,00;0,00;0,00;0,00;0,00;0,00;0,00;0,00;-4.373.681,85;0,00;0,00;0,00;0,00;0,00;0,00;0,00;0,00;0,00;-4.373.681,85
1.7.1.3.50.1.1.03.00.00;Portaria 6/2979-Incentivos APS-Capacitação Pond;0,00;0,00;4.373.681,85;0,00;0,00;0,00;0,00;0,00;0,00;0,00;0,00;0,00;4.373.681,85;0,00;0,00;0,00;0,00;0,00;0,00;0,00;0,00;0,00;0,00;0,00;0,00;0,00;0,00;0,00;-4.373.681,85;0,00;0,00;0,00;0,00;0,00;0,00;0,00;0,00;0,00;-4.373.681,85
1.7.1.3.50.1.1.04.00.00;Portaria 11/05/622 / 2979/6 - Incentivo Ações Estratégicas;151.708,12;225.862,81;225.862,81;0,00;74.154,68;0,00;37.077,34;0,00;0,00;37.077,35;0,00;0,00;751.743,11;0,00;0,00;0,00;0,00;0,00;0,00;0,00;0,00;0,00;0,00;0,00;0,00;0,00;-151.708,12;-225.862,81;-225.862,81;0,00;-74.154,68;0,00;-37.077,34;0,00;0,00;-37.077,35;0,00;0,00;-751.743,11
1.7.1.3.50.1.1.05.00.00;Portaria 622 / 166-Incentivo Financeiro APS-Desemp;251.409,18;265.839,16;265.839,15;0,00;0,00;0,00;0,00;0,00;0,00;0,00;0,00;0,00;783.087,49;0,00;0,00;0,00;0,00;0,00;0,00;0,00;0,00;0,00;0,00;0,00;0,00;0,00;-251.409,18;-265.839,16;-265.839,15;0,00;0,00;0,00;0,00;0,00;0,00;0,00;0,00;0,00;-783.087,49
1.7.1.3.50.1.1.08.00.00;Portaria 1105/06/261 - Piso APS - Incentivo para Ações Estratégicas;0,00;0,00;0,00;93.544,83;0,00;0,00;0,00;0,00;15.414,18;0,00;0,00;0,00;108.959,01;0,00;52.850,00;0,00;0,00;0,00;0,00;0,00;0,00;0,00;0,00;0,00;0,00;52.850,00;0,00;52.850,00;0,00;-93.544,83;0,00;0,00;0,00;0,00;-15.414,18;0,00;0,00;0,00;-56.109,01
1.7.1.3.50.1.1.09.00.00;Portaria 622 / 261/6 - Piso APS - Capacitação Ponderada;978.014,76;963.111,48;0,00;984.428,99;0,00;0,00;0,00;0,00;0,00;0,00;0,00;0,00;2.925.555,23;0,00;0,00;0,00;0,00;0,00;0,00;0,00;0,00;0,00;0,00;0,00;0,00;0,00;-978.014,76;-963.111,48;0,00;-984.428,99;0,00;0,00;0,00;0,00;0,00;0,00;0,00;0,00;-2.925.555,23
1.7.1.3.50.1.1.15.00.00;Portaria 622/3479/261/160/6 - Piso APS - ACS;624.471,12;624.471,12;624.471,12;624.471,12;624.471,12;264.829,55;264.829,55;264.829,55;264.829,54;3.122.355,60;0,00;0,00;7.304.029,39;0,00;0,00;0,00;0,00;0,00;0,00;0,00;0,00;0,00;0,00;0,00;0,00;0,00;-624.471,12;-624.471,12;-624.471,12;-624.471,12;-624.471,12;-264.829,55;-264.829,55;-264.829,55;-264.829,54;-3.122.355,60;0,00;0,00;-7.304.029,39
1.7.1.3.50.1.1.17.00.00;Portaria 6 - Piso da Atenção Primária - Incentivo Desempenho;0,00;0,00;0,00;69.165,69;0,00;0,00;0,00;0,00;0,00;0,00;0,00;0,00;69.165,69;0,00;0,00;0,00;0,00;0,00;0,00;0,00;0,00;0,00;0,00;0,00;0,00;0,00;0,00;0,00;0,00;-69.165,69;0,00;0,00;0,00;0,00;0,00;0,00;0,00;0,00;-69.165,69
1.7.1.3.50.1.1.18.00.00;Portaria 6/622-Programa de Informatização APS;32.702,13;25.434,99;25.434,99;25.434,99;0,00;0,00;0,00;0,00;0,00;0,00;0,00;0,00;109.007,10;0,00;0,00;0,00;0,00;0,00;0,00;0,00;0,00;0,00;0,00;0,00;0,00;0,00;-32.702,13;-25.434,99;-25.434,99;-25.434,99;0,00;0,00;0,00;0,00;0,00;0,00;0,00;0,00;-109.007,10
1.7.1.3.50.1.1.19.00.00;Portaria 4744/3493/960/6 - Atenção Primária - Incentivo Saude Bucal;66.984,94;66.984,94;92.367,28;66.984,94;60.639,35;60.639,35;149.644,43;66.703,28;66.703,28;66.703,28;66.703,28;66.703,30;897.761,65;78.711,75;58.507,50;64.358,25;64.358,25;64.358,25;64.358,25;64.358,25;64.358,25;128.633,13;64.358,25;64.358,25;64.358,25;845.076,63;11.726,81;-8.477,44;-28.009,03;-2.626,69;3.718,90;3.718,90;-85.286,18;-2.345,03;61.929,85;-2.345,03;-2.345,03;-2.345,05;-52.685,02
1.7.1.3.50.1.1.21.00.00;Portaria 3493 - Atenção Primária - Incentivo Equipes saude da Familia;0,00;0,00;0,00;0,00;314.870,42;314.870,42;314.870,42;321.799,81;321.799,81;321.799,81;308.157,25;308.157,25;2.526.325,19;712.090,50;562.840,50;562.840,50;562.840,50;575.227,00;587.613,50;585.942,00;585.942,00;585.942,00;585.942,00;585.942,00;585.942,00;7.079.104,50;712.090,50;562.840,50;562.840,50;562.840,50;260.356,58;272.743,08;271.071,58;264.142,19;264.142,19;264.142,19;277.784,75;277.784,75;4.552.779,31
1.7.1.3.50.1.1.21.00.00;Portaria 3493 - Atenção Primária - Incentivo Equipes saude da Familia;0,00;0,00;0,00;0,00;314.870,42;314.870,42;314.870,42;321.799,81;321.799,81;321.799,81;308.157,25;308.157,25;2.526.325,19;712.090,50;562.840,50;562.840,50;562.840,50;575.227,00;587.613,50;585.942,00;585.942,00;585.942,00;585.942,00;585.942,00;585.942,00;7.079.104,50;712.090,50;562.840,50;562.840,50;562.840,50;260.356,58;272.743,08;271.071,58;264.142,19;264.142,19;264.142,19;277.784,75;277.784,75;4.552.779,31
1.7.1.3.50.1.1.22.00.00;Portaria 7568/6717/3493 - Atenção Primaria - Incentivo de Equipes APS;0,00;0,00;0,00;0,00;4.344,40;8.157,00;17.803,22;17.803,22;17.803,22;17.803,22;27.784,71;59.962,77;171.461,76;105.850,00;57.000,00;96.850,00;210.099,76;305.174,64;220.124,88;294.800,88;223.124,88;124.000,00;99.000,00;114.000,00;90.150,00;1.940.175,04;105.850,00;57.000,00;96.850,00;210.099,76;300.830,24;211.967,88;276.997,66;205.321,66;106.196,78;81.196,78;86.215,29;30.187,23;1.768.713,28
1.7.1.3.50.1.1.22.00.00;Portaria 7568/6717/3493 - Atenção Primaria - Incentivo de Equipes APS;0,00;0,00;0,00;0,00;4.344,40;8.157,00;17.803,22;17.803,22;17.803,22;17.803,22;27.784,71;59.962,77;171.461,76;105.850,00;57.000,00;96.850,00;210.099,76;305.174,64;220.124,88;294.800,88;223.124,88;124.000,00;99.000,00;114.000,00;90.150,00;1.940.175,04;105.850,00;57.000,00;96.850,00;210.099,76;300.830,24;211.967,88;276.997,66;205.321,66;106.196,78;81.196,78;86.215,29;30.187,23;1.768.713,28
1.7.1.3.50.1.1.23.00.00;Portaria 3493/3732 - Atenção Primaria - Manutenção de Pagamento Valor Nominal;77.372,20;77.372,20;77.372,20;77.372,20;77.372,20;77.372,20;77.372,20;77.372,20;77.372,20;77.372,20;77.372,20;77.372,31;928.466,51;0,00;0,00;0,00;0,00;0,00;0,00;0,00;0,00;0,00;0,00;0,00;0,00;0,00;-77.372,20;-77.372,20;-77.372,20;-77.372,20;-77.372,20;-77.372,20;-77.372,20;-77.372,20;-77.372,20;-77.372,20;-77.372,20;-77.372,31;-928.466,51
1.7.1.3.50.1.1.23.00.00;Portaria 3493/3732 - Atenção Primaria - Manutenção de Pagamento Valor Nominal;77.372,20;77.372,20;77.372,20;77.372,20;77.372,20;77.372,20;77.372,20;77.372,20;77.372,20;77.372,20;77.372,20;77.372,31;928.466,51;0,00;0,00;0,00;0,00;0,00;0,00;0,00;0,00;0,00;0,00;0,00;0,00;0,00;-77.372,20;-77.372,20;-77.372,20;-77.372,20;-77.372,20;-77.372,20;-77.372,20;-77.372,20;-77.372,20;-77.372,20;-77.372,20;-77.372,31;-928.466,51
1.7.1.3.50.1.1.29.00.00;Portaria 5530 - IMPLEMENTACÃO DE POLÍTICAS PARA A REDE ALYNE;0,00;0,00;0,00;0,00;0,00;0,00;0,00;0,00;0,00;0,00;0,00;0,00;0,00;17.755,05;0,00;0,00;0,00;0,00;0,00;0,00;0,00;0,00;0,00;0,00;0,00;17.755,05;17.755,05;0,00;0,00;0,00;0,00;0,00;0,00;0,00;0,00;0,00;0,00;0,00;17.755,05
1.7.1.3.50.1.1.30.00.00;5534 - IMPLEMENTACÃO DE POLÍTICAS PARA A REDE ALYNE;0,00;0,00;0,00;0,00;0,00;0,00;0,00;0,00;0,00;0,00;0,00;0,00;0,00;2.986,28;0,00;0,00;0,00;0,00;0,00;0,00;0,00;0,00;0,00;0,00;0,00;2.986,28;2.986,28;0,00;0,00;0,00;0,00;0,00;0,00;0,00;0,00;0,00;0,00;0,00;2.986,28
1.7.1.3.50.1.1.32.00.00;Portaria 1105 - INCENTIVO FINANCEIRO DA APS - DEMAIS PROGRAMAS, SERVIÇOS E EQUIPES DA ATENÇÃO PRIMÁRIA À SAÚDE;0,00;0,00;0,00;0,00;0,00;0,00;0,00;0,00;0,00;0,00;0,00;0,00;0,00;0,00;0,00;7.500,00;2.000,00;0,00;12.000,00;10.000,00;12.000,00;56.650,00;6.000,00;93.300,00;55.650,00;255.100,00;0,00;0,00;7.500,00;2.000,00;0,00;12.000,00;10.000,00;12.000,00;56.650,00;6.000,00;93.300,00;55.650,00;255.100,00
1.7.1.3.50.1.1.33.00.00;Portaria 7412 -  Emenda Individual Portaria 7412 Atenção  Primaria;0,00;0,00;0,00;0,00;0,00;0,00;0,00;0,00;0,00;0,00;0,00;0,00;0,00;0,00;0,00;0,00;0,00;0,00;0,00;200.000,00;0,00;0,00;0,00;0,00;0,00;200.000,00;0,00;0,00;0,00;0,00;0,00;0,00;200.000,00;0,00;0,00;0,00;0,00;0,00;200.000,00
1.7.1.3.50.1.1.35.00.00;Portaria 7628 - At. Primaria - Rede Aline;0,00;0,00;0,00;0,00;0,00;0,00;0,00;0,00;0,00;0,00;0,00;0,00;0,00;0,00;0,00;0,00;0,00;0,00;0,00;0,00;0,00;3.014,00;0,00;0,00;0,00;3.014,00;0,00;0,00;0,00;0,00;0,00;0,00;0,00;0,00;3.014,00;0,00;0,00;0,00;3.014,00
1.7.1.3.50.1.1.37.00.00;Portaria 8109 Emenda Comissão PAP Atenção Primária;0,00;0,00;0,00;0,00;0,00;0,00;0,00;0,00;0,00;0,00;0,00;0,00;0,00;0,00;0,00;0,00;0,00;0,00;0,00;0,00;0,00;0,00;200.000,00;0,00;0,00;200.000,00;0,00;0,00;0,00;0,00;0,00;0,00;0,00;0,00;0,00;200.000,00;0,00;0,00;200.000,00
1.7.1.3.50.1.1.38.00.00;Portaria 3493 - INCENTIVO FINANCEIRO DA APS - COMPONENTE PER CAPITA DE BASE POPULACIONAL;0,00;0,00;0,00;0,00;0,00;0,00;0,00;0,00;0,00;0,00;0,00;0,00;0,00;0,00;0,00;0,00;0,00;0,00;0,00;0,00;0,00;0,00;64.274,88;64.274,88;64.274,88;192.824,64;0,00;0,00;0,00;0,00;0,00;0,00;0,00;0,00;0,00;64.274,88;64.274,88;64.274,88;192.824,64
1.7.1.3.50.2.1.10.00.00;Portaria 6532/3053/3829 - Procedimentos MAC;8.830.055,73;7.839.045,40;8.473.734,69;8.612.102,11;8.607.701,66;8.608.564,75;8.304.910,48;8.627.984,32;8.659.373,18;8.012.701,88;7.877.592,08;4.953.834,31;97.407.600,59;6.694.372,00;6.701.715,92;6.702.077,13;6.720.857,74;6.861.753,83;6.861.962,16;6.862.295,49;6.862.355,49;6.865.165,64;6.868.621,62;6.871.355,30;6.868.761,16;81.741.293,48;-2.135.683,73;-1.137.329,48;-1.771.657,56;-1.891.244,37;-1.745.947,83;-1.746.602,59;-1.442.614,99;-1.765.628,83;-1.794.207,54;-1.144.080,26;-1.006.236,78;1.914.926,85;-15.666.307,11
1.7.1.3.50.2.1.10.00.00;Portaria 6532/3053/3829 - Procedimentos MAC;8.830.055,73;7.839.045,40;8.473.734,69;8.612.102,11;8.607.701,66;8.608.564,75;8.304.910,48;8.627.984,32;8.659.373,18;8.012.701,88;7.877.592,08;4.953.834,31;97.407.600,59;6.694.372,00;6.701.715,92;6.702.077,13;6.720.857,74;6.861.753,83;6.861.962,16;6.862.295,49;6.862.355,49;6.865.165,64;6.868.621,62;6.871.355,30;6.868.761,16;81.741.293,48;-2.135.683,73;-1.137.329,48;-1.771.657,56;-1.891.244,37;-1.745.947,83;-1.746.602,59;-1.442.614,99;-1.765.628,83;-1.794.207,54;-1.144.080,26;-1.006.236,78;1.914.926,85;-15.666.307,11
1.7.1.3.50.2.1.12.00.00;Portaria 6207 / 6494 / 06 - Procedimentos MAC - FAEC;0,00;1.432.923,24;710.718,92;2.196.071,70;2.050.148,62;1.342.467,59;914.575,78;1.242.481,34;1.270.038,46;0,00;2.015.225,06;3.874.833,29;17.049.484,00;1.906.707,32;2.006.524,56;1.327.867,30;1.541.946,78;12.563,84;1.259.865,79;1.094.438,16;1.206.066,49;1.120.997,95;2.588.860,03;933.654,92;1.409.754,90;16.409.248,04;1.906.707,32;573.601,32;617.148,38;-654.124,92;-2.037.584,78;-82.601,80;179.862,38;-36.414,85;-149.040,51;2.588.860,03;-1.081.570,14;-2.465.078,39;-640.235,96
1.7.1.3.50.2.1.12.00.00;Portaria 6207 / 6494 / 06 - Procedimentos MAC - FAEC;0,00;1.432.923,24;710.718,92;2.196.071,70;2.050.148,62;1.342.467,59;914.575,78;1.242.481,34;1.270.038,46;0,00;2.015.225,06;3.874.833,29;17.049.484,00;1.906.707,32;2.006.524,56;1.327.867,30;1.541.946,78;12.563,84;1.259.865,79;1.094.438,16;1.206.066,49;1.120.997,95;2.588.860,03;933.654,92;1.409.754,90;16.409.248,04;1.906.707,32;573.601,32;617.148,38;-654.124,92;-2.037.584,78;-82.601,80;179.862,38;-36.414,85;-149.040,51;2.588.860,03;-1.081.570,14;-2.465.078,39;-640.235,96
1.7.1.3.50.2.1.17.00.00;Portaria 4631/3113/1355/1135 - Piso Salarial da Enfermagem;1.401.022,83;0,00;1.366.957,37;1.383.106,81;1.374.249,30;1.425.527,32;1.391.868,01;1.401.725,66;2.861.498,09;0,00;1.446.910,00;2.916.303,01;16.969.168,40;0,00;0,00;0,00;0,00;0,00;0,00;0,00;0,00;0,00;0,00;0,00;0,00;0,00;-1.401.022,83;0,00;-1.366.957,37;-1.383.106,81;-1.374.249,30;-1.425.527,32;-1.391.868,01;-1.401.725,66;-2.861.498,09;0,00;-1.446.910,00;-2.916.303,01;-16.969.168,40
1.7.1.3.50.2.1.17.00.00;Portaria 4631/3113/1355/1135 - Piso Salarial da Enfermagem;1.401.022,83;0,00;1.366.957,37;1.383.106,81;1.374.249,30;1.425.527,32;1.391.868,01;1.401.725,66;2.861.498,09;0,00;1.446.910,00;2.916.303,01;16.969.168,40;0,00;0,00;0,00;0,00;0,00;0,00;0,00;0,00;0,00;0,00;0,00;0,00;0,00;-1.401.022,83;0,00;-1.366.957,37;-1.383.106,81;-1.374.249,30;-1.425.527,32;-1.391.868,01;-1.401.725,66;-2.861.498,09;0,00;-1.446.910,00;-2.916.303,01;-16.969.168,40
1.7.1.3.50.2.1.20.00.00;Portaria 2742/2023 Incremento MAC;0,00;0,00;1.306.718,96;0,00;0,00;0,00;0,00;0,00;0,00;0,00;0,00;0,00;1.306.718,96;0,00;0,00;0,00;0,00;0,00;0,00;0,00;0,00;0,00;0,00;0,00;0,00;0,00;0,00;0,00;-1.306.718,96;0,00;0,00;0,00;0,00;0,00;0,00;0,00;0,00;0,00;-1.306.718,96
1.7.1.3.50.2.1.26.00.00;Portaria 06220 - ATENÇÃO À SAÚDE DA POPULAÇÃO PARA PROCEDIMENTOS NO MAC;0,00;0,00;0,00;0,00;0,00;0,00;0,00;0,00;0,00;0,00;0,00;0,00;0,00;0,00;0,00;26.280,00;0,00;0,00;0,00;0,00;0,00;0,00;0,00;0,00;0,00;26.280,00;0,00;0,00;26.280,00;0,00;0,00;0,00;0,00;0,00;0,00;0,00;0,00;0,00;26.280,00
1.7.1.3.50.2.1.27.00.00;Portaria 6465 - Procedimentos MAC;0,00;0,00;0,00;0,00;0,00;0,00;0,00;0,00;0,00;0,00;0,00;0,00;0,00;0,00;0,00;48.924,87;0,00;0,00;0,00;0,00;0,00;0,00;0,00;0,00;0,00;48.924,87;0,00;0,00;48.924,87;0,00;0,00;0,00;0,00;0,00;0,00;0,00;0,00;0,00;48.924,87
1.7.1.3.50.2.1.29.00.00;Portaria 7238 - CUSTEIO MAC;0,00;0,00;0,00;0,00;0,00;0,00;0,00;0,00;0,00;0,00;0,00;0,00;0,00;0,00;0,00;0,00;0,00;0,00;3.000.000,00;0,00;0,00;0,00;0,00;0,00;0,00;3.000.000,00;0,00;0,00;0,00;0,00;0,00;3.000.000,00;0,00;0,00;0,00;0,00;0,00;0,00;3.000.000,00
1.7.1.3.50.2.1.32.00.00;Portaria 7446 - Emenda Individual Incremento Mac Custeio;0,00;0,00;0,00;0,00;0,00;0,00;0,00;0,00;0,00;0,00;0,00;0,00;0,00;0,00;0,00;0,00;0,00;0,00;0,00;400.000,00;0,00;0,00;0,00;0,00;0,00;400.000,00;0,00;0,00;0,00;0,00;0,00;0,00;400.000,00;0,00;0,00;0,00;0,00;0,00;400.000,00
1.7.1.3.50.2.1.33.00.00;Portaria 7544 - Emenda Individua Incremento Mac Custeio;0,00;0,00;0,00;0,00;0,00;0,00;0,00;0,00;0,00;0,00;0,00;0,00;0,00;0,00;0,00;0,00;0,00;0,00;0,00;200.000,00;0,00;0,00;0,00;0,00;0,00;200.000,00;0,00;0,00;0,00;0,00;0,00;0,00;200.000,00;0,00;0,00;0,00;0,00;0,00;200.000,00
1.7.1.3.50.2.1.34.00.00;Portaria 7537 - Emenda Individua Incremento Mac Custeio;0,00;0,00;0,00;0,00;0,00;0,00;0,00;0,00;0,00;0,00;0,00;0,00;0,00;0,00;0,00;0,00;0,00;0,00;0,00;100.000,00;0,00;0,00;0,00;0,00;0,00;100.000,00;0,00;0,00;0,00;0,00;0,00;0,00;100.000,00;0,00;0,00;0,00;0,00;0,00;100.000,00
1.7.1.3.50.2.1.35.00.00;Portaria 7360 - Emenda Individual Incremento Mac Custeio;0,00;0,00;0,00;0,00;0,00;0,00;0,00;0,00;0,00;0,00;0,00;0,00;0,00;0,00;0,00;0,00;0,00;0,00;0,00;1.000.000,00;0,00;0,00;0,00;0,00;0,00;1.000.000,00;0,00;0,00;0,00;0,00;0,00;0,00;1.000.000,00;0,00;0,00;0,00;0,00;0,00;1.000.000,00
1.7.1.3.50.2.1.37.00.00;Portaria 7500 - Emenda Individual Incremento Mac Custeio;0,00;0,00;0,00;0,00;0,00;0,00;0,00;0,00;0,00;0,00;0,00;0,00;0,00;0,00;0,00;0,00;0,00;0,00;0,00;0,00;253.926,00;0,00;0,00;0,00;0,00;253.926,00;0,00;0,00;0,00;0,00;0,00;0,00;0,00;253.926,00;0,00;0,00;0,00;0,00;253.926,00
1.7.1.3.50.2.1.39.00.00;Portaria 8076 - Atenção MAC Ambulatorial Hospitalar;0,00;0,00;0,00;0,00;0,00;0,00;0,00;0,00;0,00;0,00;0,00;0,00;0,00;0,00;0,00;0,00;0,00;0,00;0,00;0,00;0,00;0,00;200.000,00;0,00;0,00;200.000,00;0,00;0,00;0,00;0,00;0,00;0,00;0,00;0,00;0,00;200.000,00;0,00;0,00;200.000,00
1.7.1.3.50.2.1.41.00.00;Portaria 8331 - Emenda Comissão Saúde;0,00;0,00;0,00;0,00;0,00;0,00;0,00;0,00;0,00;0,00;0,00;0,00;0,00;0,00;0,00;0,00;0,00;0,00;0,00;0,00;0,00;0,00;0,00;120.000,00;0,00;120.000,00;0,00;0,00;0,00;0,00;0,00;0,00;0,00;0,00;0,00;0,00;120.000,00;0,00;120.000,00
1.7.1.3.50.2.1.42.00.00;Portaria 8455 - Emenda de Bancada Incremento Mac Custeio;0,00;0,00;0,00;0,00;0,00;0,00;0,00;0,00;0,00;0,00;0,00;0,00;0,00;0,00;0,00;0,00;0,00;0,00;0,00;0,00;0,00;0,00;0,00;45.000,00;0,00;45.000,00;0,00;0,00;0,00;0,00;0,00;0,00;0,00;0,00;0,00;0,00;45.000,00;0,00;45.000,00
1.7.1.3.50.3.1.08.00.00;Portaria 6558/3836 - Incentivo Prevenção e Controle DST/AIDS e Hepatites Virais;15.065,51;15.065,51;15.065,52;15.065,52;15.065,52;15.065,52;15.065,52;15.065,52;15.065,52;15.065,52;15.065,57;0,00;165.720,75;0,00;21.695,77;21.695,77;21.695,77;21.695,77;0,00;43.391,54;21.695,77;21.695,77;21.695,77;21.695,77;43.391,54;260.349,24;-15.065,51;6.630,26;6.630,25;6.630,25;6.630,25;-15.065,52;28.326,02;6.630,25;6.630,25;6.630,25;6.630,20;43.391,54;94.628,49
1.7.1.3.50.3.1.08.00.00;Portaria 6558/3836 - Incentivo Prevenção e Controle DST/AIDS e Hepatites Virais;15.065,51;15.065,51;15.065,52;15.065,52;15.065,52;15.065,52;15.065,52;15.065,52;15.065,52;15.065,52;15.065,57;0,00;165.720,75;0,00;21.695,77;21.695,77;21.695,77;21.695,77;0,00;43.391,54;21.695,77;21.695,77;21.695,77;21.695,77;43.391,54;260.349,24;-15.065,51;6.630,26;6.630,25;6.630,25;6.630,25;-15.065,52;28.326,02;6.630,25;6.630,25;6.630,25;6.630,20;43.391,54;94.628,49
1.7.1.3.50.3.1.09.00.00;Portaria 844/3069/128/76 - Incentivo Vigilância - Despesas Diversas;45.898,21;45.898,21;137.025,02;45.898,21;45.898,21;45.898,21;45.898,21;45.898,21;45.898,21;45.898,21;45.898,21;45.898,17;641.905,29;0,00;0,00;0,00;0,00;0,00;0,00;0,00;0,00;0,00;0,00;0,00;0,00;0,00;-45.898,21;-45.898,21;-137.025,02;-45.898,21;-45.898,21;-45.898,21;-45.898,21;-45.898,21;-45.898,21;-45.898,21;-45.898,21;-45.898,17;-641.905,29
1.7.1.3.50.3.1.09.00.00;Portaria 844/3069/128/76 - Incentivo Vigilância - Despesas Diversas;45.898,21;45.898,21;137.025,02;45.898,21;45.898,21;45.898,21;45.898,21;45.898,21;45.898,21;45.898,21;45.898,21;45.898,17;641.905,29;0,00;0,00;0,00;0,00;0,00;0,00;0,00;0,00;0,00;0,00;0,00;0,00;0,00;-45.898,21;-45.898,21;-137.025,02;-45.898,21;-45.898,21;-45.898,21;-45.898,21;-45.898,21;-45.898,21;-45.898,21;-45.898,21;-45.898,17;-641.905,29
1.7.1.3.50.3.1.10.00.00;Portaria 6824/3494/33/97 - Incentivo Ações de Vigilância Sanitária;7.803,30;7.803,30;7.803,30;7.803,30;7.803,30;7.803,30;7.803,30;7.803,30;7.803,30;7.803,30;7.803,30;7.803,37;93.639,67;0,00;0,00;0,00;0,00;0,00;6.954,00;34.770,00;13.908,00;6.954,00;0,00;6.954,00;6.954,00;76.494,00;-7.803,30;-7.803,30;-7.803,30;-7.803,30;-7.803,30;-849,30;26.966,70;6.104,70;-849,30;-7.803,30;-849,30;-849,37;-17.145,67
1.7.1.3.50.3.1.11.00.00;Portaria 3061/1971/160 - Incentivo ACE;219.279,96;0,00;246.908,54;0,00;246.908,54;246.908,54;0,00;0,00;0,00;27.628,58;0,00;542.409,04;1.530.043,20;0,00;0,00;0,00;0,00;0,00;0,00;0,00;0,00;0,00;0,00;0,00;0,00;0,00;-219.279,96;0,00;-246.908,54;0,00;-246.908,54;-246.908,54;0,00;0,00;0,00;-27.628,58;0,00;-542.409,04;-1.530.043,20
1.7.1.3.50.3.1.11.00.00;Portaria 3061/1971/160 - Incentivo ACE;219.279,96;0,00;246.908,54;0,00;246.908,54;246.908,54;0,00;0,00;0,00;27.628,58;0,00;542.409,04;1.530.043,20;0,00;0,00;0,00;0,00;0,00;0,00;0,00;0,00;0,00;0,00;0,00;0,00;0,00;-219.279,96;0,00;-246.908,54;0,00;-246.908,54;-246.908,54;0,00;0,00;0,00;-27.628,58;0,00;-542.409,04;-1.530.043,20
1.7.1.3.50.3.1.12.00.00;Portaria 3061 - Vgilancia em Saúde - Pgto dos Vencimentos ACE;136.262,73;136.262,73;0,00;136.262,73;0,00;0,00;136.262,73;136.262,73;136.262,70;0,00;0,00;0,00;817.576,35;0,00;0,00;0,00;0,00;0,00;0,00;0,00;0,00;0,00;0,00;0,00;0,00;0,00;-136.262,73;-136.262,73;0,00;-136.262,73;0,00;0,00;-136.262,73;-136.262,73;-136.262,70;0,00;0,00;0,00;-817.576,35
1.7.1.3.50.3.1.13.00.00;Portaria 3465 Vigilancia em aúde - INCENTIVO FINANCEIRO DESPESAS DIVERSAS - Unica;0,00;0,00;0,00;552.625,29;0,00;0,00;0,00;0,00;0,00;0,00;0,00;0,00;552.625,29;0,00;0,00;0,00;0,00;0,00;0,00;0,00;0,00;0,00;0,00;0,00;0,00;0,00;0,00;0,00;0,00;-552.625,29;0,00;0,00;0,00;0,00;0,00;0,00;0,00;0,00;-552.625,29
1.7.1.3.50.3.1.15.00.00;Portaria 6530 - VENCIMENTOS DOS AGENTES DE COMBATE ÀS ENDEMIAS;0,00;0,00;0,00;0,00;0,00;0,00;0,00;0,00;0,00;0,00;0,00;0,00;0,00;139.656,00;139.656,00;139.656,00;139.656,00;139.656,00;139.656,00;139.656,00;139.656,00;136.620,00;136.620,00;136.620,00;273.240,00;1.800.348,00;139.656,00;139.656,00;139.656,00;139.656,00;139.656,00;139.656,00;139.656,00;139.656,00;136.620,00;136.620,00;136.620,00;273.240,00;1.800.348,00
1.7.1.3.50.3.1.16.00.00;Portaria 6715/8476 - Vigilância em Saúde - Despesas Diversas;0,00;0,00;0,00;0,00;0,00;0,00;0,00;0,00;0,00;0,00;0,00;0,00;0,00;0,00;0,00;0,00;47.807,03;0,00;0,00;0,00;0,00;0,00;0,00;0,00;62.245,01;110.052,04;0,00;0,00;0,00;47.807,03;0,00;0,00;0,00;0,00;0,00;0,00;0,00;62.245,01;110.052,04
1.7.1.3.50.4.1.01.00.00;Portaria 6/190 - Farmácia Básica;0,00;76.733,07;295.226,99;76.733,07;76.733,07;76.733,07;76.733,07;76.733,07;76.733,07;76.733,07;0,00;0,00;909.091,55;0,00;0,00;0,00;0,00;0,00;0,00;0,00;0,00;0,00;0,00;0,00;0,00;0,00;0,00;-76.733,07;-295.226,99;-76.733,07;-76.733,07;-76.733,07;-76.733,07;-76.733,07;-76.733,07;-76.733,07;0,00;0,00;-909.091,55
1.7.1.3.50.4.1.01.00.00;Portaria 6/190 - Farmácia Básica;0,00;76.733,07;295.226,99;76.733,07;76.733,07;76.733,07;76.733,07;76.733,07;76.733,07;76.733,07;0,00;0,00;909.091,55;0,00;0,00;0,00;0,00;0,00;0,00;0,00;0,00;0,00;0,00;0,00;0,00;0,00;0,00;-76.733,07;-295.226,99;-76.733,07;-76.733,07;-76.733,07;-76.733,07;-76.733,07;-76.733,07;-76.733,07;0,00;0,00;-909.091,55
1.7.1.3.50.5.1.02.00.00;Portaria 411 - Implementação da Segurança Alimentar e Nutricional;2.814,31;2.814,31;2.814,31;2.814,31;2.814,31;2.814,31;2.814,31;2.814,31;2.814,31;2.814,31;2.814,31;2.814,27;33.771,68;0,00;0,00;0,00;0,00;0,00;0,00;0,00;0,00;0,00;0,00;0,00;0,00;0,00;-2.814,31;-2.814,31;-2.814,31;-2.814,31;-2.814,31;-2.814,31;-2.814,31;-2.814,31;-2.814,31;-2.814,31;-2.814,31;-2.814,27;-33.771,68
1.7.1.3.50.5.1.02.00.00;Portaria 411 - Implementação da Segurança Alimentar e Nutricional;2.814,31;2.814,31;2.814,31;2.814,31;2.814,31;2.814,31;2.814,31;2.814,31;2.814,31;2.814,31;2.814,31;2.814,27;33.771,68;0,00;0,00;0,00;0,00;0,00;0,00;0,00;0,00;0,00;0,00;0,00;0,00;0,00;-2.814,31;-2.814,31;-2.814,31;-2.814,31;-2.814,31;-2.814,31;-2.814,31;-2.814,31;-2.814,31;-2.814,31;-2.814,31;-2.814,27;-33.771,68
1.7.1.3.50.5.1.04.00.00;Portaria 3534 - TRANSFORMAÇÃO DIGITAL NO SUS;0,00;0,00;0,00;57.364,11;0,00;0,00;0,00;0,00;0,00;0,00;0,00;0,00;57.364,11;0,00;0,00;0,00;0,00;0,00;0,00;0,00;0,00;0,00;0,00;0,00;0,00;0,00;0,00;0,00;0,00;-57.364,11;0,00;0,00;0,00;0,00;0,00;0,00;0,00;0,00;-57.364,11
1.7.1.4.50.0.1.00.00.00;Transferências do Salário-Educação;417.787,01;293.569,78;278.708,81;279.400,22;287.967,77;272.333,40;291.704,58;294.102,75;320.751,58;281.056,79;294.258,30;308.596,90;3.620.237,89;513.030,88;304.542,02;303.959,63;301.079,90;300.374,00;309.547,73;319.962,58;292.406,51;290.533,41;320.272,93;303.612,33;300.551,67;3.859.873,59;95.243,87;10.972,24;25.250,82;21.679,68;12.406,23;37.214,33;28.258,00;-1.696,24;-30.218,17;39.216,14;9.354,03;-8.045,23;239.635,70
1.7.1.4.50.0.1.00.00.00;Transferências do Salário-Educação;417.787,01;293.569,78;278.708,81;279.400,22;287.967,77;272.333,40;291.704,58;294.102,75;320.751,58;281.056,79;294.258,30;308.596,90;3.620.237,89;513.030,88;304.542,02;303.959,63;301.079,90;300.374,00;309.547,73;319.962,58;292.406,51;290.533,41;320.272,93;303.612,33;300.551,67;3.859.873,59;95.243,87;10.972,24;25.250,82;21.679,68;12.406,23;37.214,33;28.258,00;-1.696,24;-30.218,17;39.216,14;9.354,03;-8.045,23;239.635,70
1.7.1.4.51.0.1.01.00.00;Transf.Diretas FNDE Programa Dinheiro Direto na Escola - PDDE;4.684,18;4.684,18;4.684,18;4.684,18;4.684,18;4.684,18;4.684,18;4.684,18;4.684,18;4.684,18;4.684,18;4.684,15;56.210,13;0,00;0,00;0,00;0,00;0,00;0,00;0,00;0,00;0,00;0,00;0,00;0,00;0,00;-4.684,18;-4.684,18;-4.684,18;-4.684,18;-4.684,18;-4.684,18;-4.684,18;-4.684,18;-4.684,18;-4.684,18;-4.684,18;-4.684,15;-56.210,13
1.7.1.4.51.0.1.01.00.00;Transf.Diretas FNDE Programa Dinheiro Direto na Escola - PDDE;4.684,18;4.684,18;4.684,18;4.684,18;4.684,18;4.684,18;4.684,18;4.684,18;4.684,18;4.684,18;4.684,18;4.684,15;56.210,13;0,00;0,00;0,00;0,00;0,00;0,00;0,00;0,00;0,00;0,00;0,00;0,00;0,00;-4.684,18;-4.684,18;-4.684,18;-4.684,18;-4.684,18;-4.684,18;-4.684,18;-4.684,18;-4.684,18;-4.684,18;-4.684,18;-4.684,15;-56.210,13
1.7.1.4.52.0.1.00.00.00;Transferências Programa Nacional de Alimentação Escolar - PNAE;0,00;132.701,52;132.701,52;129.726,28;138.375,93;133.376,31;133.376,31;135.335,29;398.169,96;0,00;0,00;0,00;1.333.763,12;0,00;156.253,00;156.253,00;0,00;312.506,00;156.253,00;156.253,00;156.253,00;0,00;0,00;0,00;0,00;1.093.771,00;0,00;23.551,48;23.551,48;-129.726,28;174.130,07;22.876,69;22.876,69;20.917,71;-398.169,96;0,00;0,00;0,00;-239.992,12
1.7.1.4.53.0.1.00.00.00;Transferências Programa Nacional de Apoio ao Transporte do Escolar - PNATE;0,00;0,00;0,00;98.340,63;0,00;0,00;0,00;98.340,56;0,00;0,00;0,00;0,00;196.681,19;0,00;0,00;92.096,52;0,00;0,00;0,00;0,00;0,00;92.096,52;0,00;0,00;0,00;184.193,04;0,00;0,00;92.096,52;-98.340,63;0,00;0,00;0,00;-98.340,56;92.096,52;0,00;0,00;0,00;-12.488,15
1.7.1.4.99.0.1.00.00.00;Outras Transferências Diretas do Fundo Nacional do Desenvolvimento da Educação – FNDE;0,00;0,00;0,00;0,00;0,00;0,00;10.683,82;0,00;0,00;0,00;24.928,92;17.806,38;53.419,12;0,00;0,00;0,00;0,00;0,00;0,00;0,00;0,00;0,00;0,00;0,00;0,00;0,00;0,00;0,00;0,00;0,00;0,00;0,00;-10.683,82;0,00;0,00;0,00;-24.928,92;-17.806,38;-53.419,12
1.7.1.6.50.0.1.01.00.00;IGD-M-Programa Bolsa Familia;0,00;23.509,77;43.535,19;21.424,10;21.834,87;21.831,00;22.203,74;21.962,80;29.670,96;30.194,35;28.101,00;28.421,56;292.689,34;24.415,82;17.967,83;19.909,46;19.575,88;19.412,24;19.273,28;19.226,60;19.181,20;19.945,20;19.505,20;18.969,80;19.456,88;236.839,39;24.415,82;-5.541,94;-23.625,73;-1.848,22;-2.422,63;-2.557,72;-2.977,14;-2.781,60;-9.725,76;-10.689,15;-9.131,20;-8.964,68;-55.849,95
1.7.1.6.50.0.1.01.00.00;IGD-M-Programa Bolsa Familia;0,00;23.509,77;43.535,19;21.424,10;21.834,87;21.831,00;22.203,74;21.962,80;29.670,96;30.194,35;28.101,00;28.421,56;292.689,34;24.415,82;17.967,83;19.909,46;19.575,88;19.412,24;19.273,28;19.226,60;19.181,20;19.945,20;19.505,20;18.969,80;19.456,88;236.839,39;24.415,82;-5.541,94;-23.625,73;-1.848,22;-2.422,63;-2.557,72;-2.977,14;-2.781,60;-9.725,76;-10.689,15;-9.131,20;-8.964,68;-55.849,95
1.7.1.6.50.0.1.02.00.00;IGD-M - Sistema ùnico Assistencia Social;17.393,08;17.393,08;17.393,08;17.393,08;17.393,08;17.393,08;17.393,08;17.393,08;17.393,08;17.393,08;17.393,08;17.393,11;208.716,99;0,00;0,00;0,00;0,00;0,00;0,00;0,00;0,00;0,00;0,00;0,00;0,00;0,00;-17.393,08;-17.393,08;-17.393,08;-17.393,08;-17.393,08;-17.393,08;-17.393,08;-17.393,08;-17.393,08;-17.393,08;-17.393,08;-17.393,11;-208.716,99
1.7.1.6.50.0.1.02.00.00;IGD-M - Sistema ùnico Assistencia Social;17.393,08;17.393,08;17.393,08;17.393,08;17.393,08;17.393,08;17.393,08;17.393,08;17.393,08;17.393,08;17.393,08;17.393,11;208.716,99;0,00;0,00;0,00;0,00;0,00;0,00;0,00;0,00;0,00;0,00;0,00;0,00;0,00;-17.393,08;-17.393,08;-17.393,08;-17.393,08;-17.393,08;-17.393,08;-17.393,08;-17.393,08;-17.393,08;-17.393,08;-17.393,08;-17.393,11;-208.716,99
1.7.1.6.50.0.1.03.00.00;FNAS-Piso Básico Fixo-PAIF;0,00;24.767,28;24.767,28;24.767,28;24.767,28;0,00;24.767,28;49.534,57;0,00;24.767,28;0,00;54.890,67;253.028,92;0,00;17.970,00;17.970,04;15.813,35;16.125,43;0,00;29.420,25;16.872,00;17.918,12;17.903,75;16.824,00;52.726,04;219.542,98;0,00;-6.797,28;-6.797,24;-8.953,93;-8.641,85;0,00;4.652,97;-32.662,57;17.918,12;-6.863,53;16.824,00;-2.164,63;-33.485,94
1.7.1.6.50.0.1.04.00.00;FNAS-Piso Básico Variável-SCFV;0,00;29.054,53;29.054,53;29.054,53;29.054,53;0,00;29.054,53;58.109,06;0,00;29.054,53;0,00;64.392,31;296.828,55;0,00;23.473,31;23.473,31;23.473,31;21.231,82;0,00;42.463,64;20.284,74;20.284,74;20.284,74;22.084,94;71.438,65;288.493,20;0,00;-5.581,22;-5.581,22;-5.581,22;-7.822,71;0,00;13.409,11;-37.824,32;20.284,74;-8.769,79;22.084,94;7.046,34;-8.335,35
1.7.1.6.50.0.1.04.00.00;FNAS-Piso Básico Variável-SCFV;0,00;29.054,53;29.054,53;29.054,53;29.054,53;0,00;29.054,53;58.109,06;0,00;29.054,53;0,00;64.392,31;296.828,55;0,00;23.473,31;23.473,31;23.473,31;21.231,82;0,00;42.463,64;20.284,74;20.284,74;20.284,74;22.084,94;71.438,65;288.493,20;0,00;-5.581,22;-5.581,22;-5.581,22;-7.822,71;0,00;13.409,11;-37.824,32;20.284,74;-8.769,79;22.084,94;7.046,34;-8.335,35
1.7.1.6.50.0.1.05.00.00;Piso Fixo Média Complexidade-PAEFI;0,00;21.445,33;8.186,11;8.186,11;8.186,11;0,00;8.186,11;16.372,22;0,00;8.186,11;0,00;19.435,62;98.183,72;0,00;7.593,16;7.591,30;7.210,00;7.210,00;0,00;14.419,56;6.991,37;7.210,00;7.210,00;7.210,00;21.214,01;93.859,40;0,00;-13.852,17;-594,81;-976,11;-976,11;0,00;6.233,45;-9.380,85;7.210,00;-976,11;7.210,00;1.778,39;-4.324,32
1.7.1.6.50.0.1.05.00.00;Piso Fixo Média Complexidade-PAEFI;0,00;21.445,33;8.186,11;8.186,11;8.186,11;0,00;8.186,11;16.372,22;0,00;8.186,11;0,00;19.435,62;98.183,72;0,00;7.593,16;7.591,30;7.210,00;7.210,00;0,00;14.419,56;6.991,37;7.210,00;7.210,00;7.210,00;21.214,01;93.859,40;0,00;-13.852,17;-594,81;-976,11;-976,11;0,00;6.233,45;-9.380,85;7.210,00;-976,11;7.210,00;1.778,39;-4.324,32
1.7.1.6.50.0.1.06.00.00;Piso Fixo Média Complexidade-MSE;0,00;9.161,11;3.496,98;3.496,98;3.496,98;0,00;3.496,98;6.993,96;0,00;3.496,98;0,00;8.302,59;41.942,56;0,00;3.243,68;3.242,89;3.080,00;3.080,00;0,00;6.159,82;2.986,60;3.080,00;3.080,00;3.080,00;9.062,30;40.095,29;0,00;-5.917,43;-254,09;-416,98;-416,98;0,00;2.662,84;-4.007,36;3.080,00;-416,98;3.080,00;759,71;-1.847,27
1.7.1.6.50.0.1.06.00.00;Piso Fixo Média Complexidade-MSE;0,00;9.161,11;3.496,98;3.496,98;3.496,98;0,00;3.496,98;6.993,96;0,00;3.496,98;0,00;8.302,59;41.942,56;0,00;3.243,68;3.242,89;3.080,00;3.080,00;0,00;6.159,82;2.986,60;3.080,00;3.080,00;3.080,00;9.062,30;40.095,29;0,00;-5.917,43;-254,09;-416,98;-416,98;0,00;2.662,84;-4.007,36;3.080,00;-416,98;3.080,00;759,71;-1.847,27
1.7.1.6.50.0.1.07.00.00;Piso Fixo Média Complexidade-Abordagem Social;0,00;10.410,35;3.973,84;3.973,84;3.973,84;0,00;3.973,84;7.947,68;0,00;3.973,84;0,00;9.434,77;47.662,00;0,00;3.686,00;3.685,10;3.500,00;3.500,00;0,00;6.999,78;3.393,87;3.500,00;3.500,00;3.500,00;23.661,72;58.926,47;0,00;-6.724,35;-288,74;-473,84;-473,84;0,00;3.025,94;-4.553,81;3.500,00;-473,84;3.500,00;14.226,95;11.264,47
1.7.1.6.50.0.1.07.00.00;Piso Fixo Média Complexidade-Abordagem Social;0,00;10.410,35;3.973,84;3.973,84;3.973,84;0,00;3.973,84;7.947,68;0,00;3.973,84;0,00;9.434,77;47.662,00;0,00;3.686,00;3.685,10;3.500,00;3.500,00;0,00;6.999,78;3.393,87;3.500,00;3.500,00;3.500,00;23.661,72;58.926,47;0,00;-6.724,35;-288,74;-473,84;-473,84;0,00;3.025,94;-4.553,81;3.500,00;-473,84;3.500,00;14.226,95;11.264,47
1.7.1.6.50.0.1.08.00.00;Piso Transição Média e Alta Complexidade-PTMC;0,00;41.648,92;15.898,22;15.898,22;15.898,22;0,00;15.898,22;31.796,43;0,00;15.898,22;0,00;37.745,88;190.682,33;0,00;14.746,65;14.743,05;14.002,52;14.002,52;0,00;28.004,18;13.577,92;14.002,52;14.002,52;14.002,52;41.199,72;182.284,12;0,00;-26.902,27;-1.155,17;-1.895,70;-1.895,70;0,00;12.105,96;-18.218,51;14.002,52;-1.895,70;14.002,52;3.453,84;-8.398,21
1.7.1.6.50.0.1.08.00.00;Piso Transição Média e Alta Complexidade-PTMC;0,00;41.648,92;15.898,22;15.898,22;15.898,22;0,00;15.898,22;31.796,43;0,00;15.898,22;0,00;37.745,88;190.682,33;0,00;14.746,65;14.743,05;14.002,52;14.002,52;0,00;28.004,18;13.577,92;14.002,52;14.002,52;14.002,52;41.199,72;182.284,12;0,00;-26.902,27;-1.155,17;-1.895,70;-1.895,70;0,00;12.105,96;-18.218,51;14.002,52;-1.895,70;14.002,52;3.453,84;-8.398,21
1.7.1.6.50.0.1.09.00.00;Serviço Acolhimento a Outros Públicos;3.170,15;3.170,15;3.170,15;3.170,15;3.170,15;3.170,15;3.170,15;3.170,15;3.170,15;3.170,15;3.170,15;3.170,18;38.041,83;0,00;0,00;0,00;0,00;0,00;0,00;0,00;0,00;0,00;0,00;0,00;0,00;0,00;-3.170,15;-3.170,15;-3.170,15;-3.170,15;-3.170,15;-3.170,15;-3.170,15;-3.170,15;-3.170,15;-3.170,15;-3.170,15;-3.170,18;-38.041,83
1.7.1.6.50.0.1.09.00.00;Serviço Acolhimento a Outros Públicos;3.170,15;3.170,15;3.170,15;3.170,15;3.170,15;3.170,15;3.170,15;3.170,15;3.170,15;3.170,15;3.170,15;3.170,18;38.041,83;0,00;0,00;0,00;0,00;0,00;0,00;0,00;0,00;0,00;0,00;0,00;0,00;0,00;-3.170,15;-3.170,15;-3.170,15;-3.170,15;-3.170,15;-3.170,15;-3.170,15;-3.170,15;-3.170,15;-3.170,15;-3.170,15;-3.170,18;-38.041,83
1.7.1.6.50.0.1.10.00.00;Serviço de Acolhimento a Adultos e Famílias;0,00;13.533,47;5.165,99;5.165,99;5.165,99;0,00;5.165,99;10.331,98;0,00;5.165,99;0,00;12.265,21;61.960,61;0,00;4.791,80;4.790,63;4.550,00;4.550,00;0,00;9.099,72;4.412,03;4.550,00;4.550,00;4.550,00;30.760,24;76.604,42;0,00;-8.741,67;-375,36;-615,99;-615,99;0,00;3.933,73;-5.919,95;4.550,00;-615,99;4.550,00;18.495,03;14.643,81
1.7.1.6.50.0.1.11.00.00;Serviço de Acolhimento a Crianças e Adolescentes;0,00;31.231,06;11.921,52;11.921,52;11.921,52;0,00;11.921,52;23.843,03;0,00;11.921,52;0,00;28.304,32;142.986,01;0,00;11.058,00;11.055,29;10.500,00;10.500,00;0,00;20.999,36;10.181,61;10.500,00;10.500,00;10.500,00;30.894,25;136.688,51;0,00;-20.173,06;-866,23;-1.421,52;-1.421,52;0,00;9.077,84;-13.661,42;10.500,00;-1.421,52;10.500,00;2.589,93;-6.297,50
1.7.1.6.50.0.1.11.00.00;Serviço de Acolhimento a Crianças e Adolescentes;0,00;31.231,06;11.921,52;11.921,52;11.921,52;0,00;11.921,52;23.843,03;0,00;11.921,52;0,00;28.304,32;142.986,01;0,00;11.058,00;11.055,29;10.500,00;10.500,00;0,00;20.999,36;10.181,61;10.500,00;10.500,00;10.500,00;30.894,25;136.688,51;0,00;-20.173,06;-866,23;-1.421,52;-1.421,52;0,00;9.077,84;-13.661,42;10.500,00;-1.421,52;10.500,00;2.589,93;-6.297,50
1.7.1.6.50.0.1.12.00.00;BPC na Escola;370,64;370,64;370,64;370,64;370,64;370,64;370,64;370,64;370,64;370,64;370,64;370,63;4.447,67;0,00;0,00;0,00;0,00;0,00;0,00;0,00;0,00;0,00;0,00;0,00;0,00;0,00;-370,64;-370,64;-370,64;-370,64;-370,64;-370,64;-370,64;-370,64;-370,64;-370,64;-370,64;-370,63;-4.447,67
1.7.1.6.50.0.1.12.00.00;BPC na Escola;370,64;370,64;370,64;370,64;370,64;370,64;370,64;370,64;370,64;370,64;370,64;370,63;4.447,67;0,00;0,00;0,00;0,00;0,00;0,00;0,00;0,00;0,00;0,00;0,00;0,00;0,00;-370,64;-370,64;-370,64;-370,64;-370,64;-370,64;-370,64;-370,64;-370,64;-370,64;-370,64;-370,63;-4.447,67
1.7.1.6.50.0.1.13.00.00;ACESSUAS Trabalho;1.152,11;1.152,11;1.152,11;1.152,11;1.152,11;1.152,11;1.152,11;1.152,11;1.152,11;1.152,11;1.152,11;1.152,14;13.825,35;0,00;0,00;0,00;0,00;0,00;0,00;0,00;0,00;0,00;0,00;0,00;0,00;0,00;-1.152,11;-1.152,11;-1.152,11;-1.152,11;-1.152,11;-1.152,11;-1.152,11;-1.152,11;-1.152,11;-1.152,11;-1.152,11;-1.152,14;-13.825,35
1.7.1.6.50.0.1.14.00.00;Programa Primeia Infância no SUAS/CRIANÇA FELIZ;0,00;0,00;0,00;0,00;0,00;0,00;0,00;0,00;0,00;0,00;0,00;165.904,20;165.904,20;0,00;0,00;0,00;0,00;0,00;0,00;0,00;0,00;0,00;0,00;0,00;0,00;0,00;0,00;0,00;0,00;0,00;0,00;0,00;0,00;0,00;0,00;0,00;0,00;-165.904,20;-165.904,20
1.7.1.6.50.0.1.15.00.00;APREDCNEAS;1.152,11;1.152,11;1.152,11;1.152,11;1.152,11;1.152,11;1.152,11;1.152,11;1.152,11;1.152,11;1.152,11;1.152,14;13.825,35;0,00;0,00;0,00;0,00;0,00;0,00;0,00;0,00;0,00;0,00;0,00;0,00;0,00;-1.152,11;-1.152,11;-1.152,11;-1.152,11;-1.152,11;-1.152,11;-1.152,11;-1.152,11;-1.152,11;-1.152,11;-1.152,11;-1.152,14;-13.825,35
1.7.1.6.50.0.1.18.00.00;Piso Média e Alta Complexidade I-MAC;0,00;20.940,13;7.993,26;7.993,26;7.993,26;0,00;7.993,26;15.986,53;0,00;7.993,26;0,00;18.977,79;95.870,75;0,00;6.634,80;6.633,18;6.300,00;6.300,00;0,00;12.599,62;6.108,96;6.300,00;6.300,00;6.300,00;18.536,56;82.013,12;0,00;-14.305,33;-1.360,08;-1.693,26;-1.693,26;0,00;4.606,36;-9.877,57;6.300,00;-1.693,26;6.300,00;-441,23;-13.857,63
1.7.1.7.54.0.1.01.00.00;Transf.Convênios União Destinadas Prog.Saneam.Básico;27.093,41;27.093,41;27.093,41;27.093,41;27.093,41;27.093,41;27.093,41;27.093,41;27.093,41;27.093,41;27.093,41;27.093,42;325.120,93;0,00;0,00;0,00;0,00;0,00;0,00;0,00;0,00;0,00;0,00;0,00;0,00;0,00;-27.093,41;-27.093,41;-27.093,41;-27.093,41;-27.093,41;-27.093,41;-27.093,41;-27.093,41;-27.093,41;-27.093,41;-27.093,41;-27.093,42;-325.120,93
1.7.1.7.54.0.1.01.00.00;Transf.Convênios União Destinadas Prog.Saneam.Básico;27.093,41;27.093,41;27.093,41;27.093,41;27.093,41;27.093,41;27.093,41;27.093,41;27.093,41;27.093,41;27.093,41;27.093,42;325.120,93;0,00;0,00;0,00;0,00;0,00;0,00;0,00;0,00;0,00;0,00;0,00;0,00;0,00;-27.093,41;-27.093,41;-27.093,41;-27.093,41;-27.093,41;-27.093,41;-27.093,41;-27.093,41;-27.093,41;-27.093,41;-27.093,41;-27.093,42;-325.120,93
1.7.1.7.99.0.1.01.00.00;Transferências de Convênio - ECT;10.773,56;10.773,56;10.773,56;10.773,56;10.773,56;10.773,56;10.773,56;10.773,56;10.773,56;10.773,56;10.773,56;10.773,51;129.282,67;0,00;0,00;0,00;0,00;0,00;0,00;0,00;0,00;0,00;0,00;0,00;0,00;0,00;-10.773,56;-10.773,56;-10.773,56;-10.773,56;-10.773,56;-10.773,56;-10.773,56;-10.773,56;-10.773,56;-10.773,56;-10.773,56;-10.773,51;-129.282,67
1.7.1.9.58.0.1.00.00.00;Transf.Obrigatória Decorrente da Lei Complementar n° 176/2020;39.065,52;39.065,52;39.065,52;39.065,52;39.065,52;39.065,52;39.065,52;39.065,52;39.065,52;39.065,52;39.065,52;39.065,56;468.786,28;36.132,26;36.118,22;36.118,22;36.118,22;36.118,22;36.118,22;36.118,22;36.118,22;36.118,22;36.118,22;36.118,22;36.118,22;433.432,68;-2.933,26;-2.947,30;-2.947,30;-2.947,30;-2.947,30;-2.947,30;-2.947,30;-2.947,30;-2.947,30;-2.947,30;-2.947,30;-2.947,34;-35.353,60
1.7.1.9.58.0.1.00.00.00;Transf.Obrigatória Decorrente da Lei Complementar n° 176/2020;39.065,52;39.065,52;39.065,52;39.065,52;39.065,52;39.065,52;39.065,52;39.065,52;39.065,52;39.065,52;39.065,52;39.065,56;468.786,28;36.132,26;36.118,22;36.118,22;36.118,22;36.118,22;36.118,22;36.118,22;36.118,22;36.118,22;36.118,22;36.118,22;36.118,22;433.432,68;-2.933,26;-2.947,30;-2.947,30;-2.947,30;-2.947,30;-2.947,30;-2.947,30;-2.947,30;-2.947,30;-2.947,30;-2.947,30;-2.947,34;-35.353,60
1.7.2.1.50.0.1.00.00.00;Cota-Parte do ICMS;3.723.422,49;2.999.399,38;3.378.860,42;3.971.319,73;3.341.059,69;3.331.025,11;4.649.157,94;3.667.887,40;3.293.851,47;4.636.642,37;3.968.445,43;4.557.263,06;45.518.334,49;4.090.840,87;3.807.828,80;4.111.356,88;4.989.706,10;4.088.789,37;4.120.827,25;5.180.668,99;4.336.859,30;4.901.849,46;4.398.469,35;4.301.427,06;5.514.951,70;53.843.575,13;367.418,38;808.429,42;732.496,46;1.018.386,37;747.729,68;789.802,14;531.511,05;668.971,90;1.607.997,99;-238.173,02;332.981,63;957.688,64;8.325.240,64
1.7.2.1.50.0.1.00.00.00;Cota-Parte do ICMS;3.723.422,49;2.999.399,38;3.378.860,42;3.971.319,73;3.341.059,69;3.331.025,11;4.649.157,94;3.667.887,40;3.293.851,47;4.636.642,37;3.968.445,43;4.557.263,06;45.518.334,49;4.090.840,87;3.807.828,80;4.111.356,88;4.989.706,10;4.088.789,37;4.120.827,25;5.180.668,99;4.336.859,30;4.901.849,46;4.398.469,35;4.301.427,06;5.514.951,70;53.843.575,13;367.418,38;808.429,42;732.496,46;1.018.386,37;747.729,68;789.802,14;531.511,05;668.971,90;1.607.997,99;-238.173,02;332.981,63;957.688,64;8.325.240,64
1.7.2.1.51.0.1.00.00.00;Cota-Parte do IPVA;2.691.165,59;9.151.709,23;4.398.872,24;4.085.428,64;1.490.200,46;1.054.487,19;769.671,37;715.432,07;634.508,96;668.504,69;622.055,08;431.512,31;26.713.547,83;4.301.712,70;8.734.558,78;4.501.535,15;4.078.473,35;1.190.607,36;920.248,68;928.126,99;740.296,88;772.916,20;657.322,41;478.648,13;531.400,54;27.835.847,17;1.610.547,11;-417.150,45;102.662,91;-6.955,29;-299.593,10;-134.238,51;158.455,62;24.864,81;138.407,24;-11.182,28;-143.406,95;99.888,23;1.122.299,34
1.7.2.1.51.0.1.00.00.00;Cota-Parte do IPVA;2.691.165,59;9.151.709,23;4.398.872,24;4.085.428,64;1.490.200,46;1.054.487,19;769.671,37;715.432,07;634.508,96;668.504,69;622.055,08;431.512,31;26.713.547,83;4.301.712,70;8.734.558,78;4.501.535,15;4.078.473,35;1.190.607,36;920.248,68;928.126,99;740.296,88;772.916,20;657.322,41;478.648,13;531.400,54;27.835.847,17;1.610.547,11;-417.150,45;102.662,91;-6.955,29;-299.593,10;-134.238,51;158.455,62;24.864,81;138.407,24;-11.182,28;-143.406,95;99.888,23;1.122.299,34
1.7.2.1.52.0.1.00.00.00;Cota-Parte do IPI-Municípios;34.505,13;35.886,77;42.160,39;36.454,06;38.369,12;48.213,42;42.924,54;58.091,26;63.412,47;43.077,04;47.838,45;52.660,70;543.593,35;49.600,61;55.976,99;60.824,21;56.350,92;54.888,83;62.486,57;53.644,87;59.212,32;62.836,15;60.305,89;59.606,01;72.200,96;707.934,33;15.095,48;20.090,22;18.663,82;19.896,86;16.519,71;14.273,15;10.720,33;1.121,06;-576,32;17.228,85;11.767,56;19.540,26;164.340,98
1.7.2.1.52.0.1.00.00.00;Cota-Parte do IPI-Municípios;34.505,13;35.886,77;42.160,39;36.454,06;38.369,12;48.213,42;42.924,54;58.091,26;63.412,47;43.077,04;47.838,45;52.660,70;543.593,35;49.600,61;55.976,99;60.824,21;56.350,92;54.888,83;62.486,57;53.644,87;59.212,32;62.836,15;60.305,89;59.606,01;72.200,96;707.934,33;15.095,48;20.090,22;18.663,82;19.896,86;16.519,71;14.273,15;10.720,33;1.121,06;-576,32;17.228,85;11.767,56;19.540,26;164.340,98
1.7.2.1.53.0.1.00.00.00;Cota-Parte CIDE-Contrib.Intervenção no Domínio Econômico;65.098,84;0,00;0,00;61.472,63;0,00;0,00;59.642,30;0,00;0,00;99.055,75;0,00;0,00;285.269,52;29.664,19;0,00;0,00;27.607,55;0,00;0,00;30.367,88;0,00;0,00;32.023,40;0,00;0,00;119.663,02;-35.434,65;0,00;0,00;-33.865,08;0,00;0,00;-29.274,42;0,00;0,00;-67.032,35;0,00;0,00;-165.606,50
1.7.2.1.53.0.1.00.00.00;Cota-Parte CIDE-Contrib.Intervenção no Domínio Econômico;65.098,84;0,00;0,00;61.472,63;0,00;0,00;59.642,30;0,00;0,00;99.055,75;0,00;0,00;285.269,52;29.664,19;0,00;0,00;27.607,55;0,00;0,00;30.367,88;0,00;0,00;32.023,40;0,00;0,00;119.663,02;-35.434,65;0,00;0,00;-33.865,08;0,00;0,00;-29.274,42;0,00;0,00;-67.032,35;0,00;0,00;-165.606,50
1.7.2.3.50.0.1.00.00.02;Res.SES 10028/2025 Consultório na Rua;0,00;0,00;0,00;0,00;0,00;0,00;0,00;0,00;0,00;0,00;0,00;0,00;0,00;0,00;0,00;0,00;0,00;0,00;0,00;1.232.640,00;0,00;0,00;-1.120.000,00;56.320,00;0,00;168.960,00;0,00;0,00;0,00;0,00;0,00;0,00;1.232.640,00;0,00;0,00;-1.120.000,00;56.320,00;0,00;168.960,00
1.7.2.3.50.0.1.00.00.03;Res.SES 10005/2025 - Banco de Leite;0,00;0,00;0,00;0,00;0,00;0,00;0,00;0,00;0,00;0,00;0,00;0,00;0,00;0,00;0,00;0,00;0,00;0,00;0,00;0,00;6.200,00;0,00;0,00;0,00;0,00;6.200,00;0,00;0,00;0,00;0,00;0,00;0,00;0,00;6.200,00;0,00;0,00;0,00;0,00;6.200,00
1.7.2.3.50.0.1.00.00.05;Res.SES 10026/2025 - Centro de Convivência e Cultura;0,00;0,00;0,00;0,00;0,00;0,00;0,00;0,00;0,00;0,00;0,00;0,00;0,00;0,00;0,00;0,00;0,00;0,00;0,00;0,00;80.000,00;0,00;0,00;0,00;40.000,00;120.000,00;0,00;0,00;0,00;0,00;0,00;0,00;0,00;80.000,00;0,00;0,00;0,00;40.000,00;120.000,00
1.7.2.3.50.0.1.00.00.06;Res SES 10154/2025 - Medicamentos e Insumos Arbovirose;0,00;0,00;0,00;0,00;0,00;0,00;0,00;0,00;0,00;0,00;0,00;0,00;0,00;0,00;0,00;0,00;0,00;0,00;0,00;0,00;70.029,63;0,00;0,00;0,00;0,00;70.029,63;0,00;0,00;0,00;0,00;0,00;0,00;0,00;70.029,63;0,00;0,00;0,00;0,00;70.029,63
1.7.2.3.50.0.1.00.00.08;Res.SES 10388/2025 - VIGIMINAS;0,00;0,00;0,00;0,00;0,00;0,00;0,00;0,00;0,00;0,00;0,00;0,00;0,00;0,00;0,00;0,00;0,00;0,00;0,00;0,00;0,00;456.000,00;0,00;0,00;0,00;456.000,00;0,00;0,00;0,00;0,00;0,00;0,00;0,00;0,00;456.000,00;0,00;0,00;0,00;456.000,00
1.7.2.3.50.0.1.00.00.09;Res.SES 10399/2025 - Investimento - Vigiar  Vigilância Ambiental;0,00;0,00;0,00;0,00;0,00;0,00;0,00;0,00;0,00;0,00;0,00;0,00;0,00;0,00;0,00;0,00;0,00;0,00;0,00;0,00;0,00;20.619,97;0,00;0,00;0,00;20.619,97;0,00;0,00;0,00;0,00;0,00;0,00;0,00;0,00;20.619,97;0,00;0,00;0,00;20.619,97
1.7.2.3.50.0.1.00.00.10;Res. SES 10409/2025 - Doenças Emergenciais Arbovisoras;0,00;0,00;0,00;0,00;0,00;0,00;0,00;0,00;0,00;0,00;0,00;0,00;0,00;0,00;0,00;0,00;0,00;0,00;0,00;0,00;0,00;153.513,33;0,00;0,00;0,00;153.513,33;0,00;0,00;0,00;0,00;0,00;0,00;0,00;0,00;153.513,33;0,00;0,00;0,00;153.513,33
1.7.2.3.50.0.1.00.00.11;Res.SES 10412/2025 - Enfrentamento Arbovisores;0,00;0,00;0,00;0,00;0,00;0,00;0,00;0,00;0,00;0,00;0,00;0,00;0,00;0,00;0,00;0,00;0,00;0,00;0,00;0,00;0,00;93.345,25;0,00;0,00;0,00;93.345,25;0,00;0,00;0,00;0,00;0,00;0,00;0,00;0,00;93.345,25;0,00;0,00;0,00;93.345,25
1.7.2.3.50.0.1.00.00.12;Res. SES 9959/2025 Doação Órgãos e Transplantes;0,00;0,00;0,00;0,00;0,00;0,00;0,00;0,00;0,00;0,00;0,00;0,00;0,00;0,00;0,00;0,00;0,00;0,00;0,00;0,00;0,00;40.000,00;0,00;0,00;0,00;40.000,00;0,00;0,00;0,00;0,00;0,00;0,00;0,00;0,00;40.000,00;0,00;0,00;0,00;40.000,00
1.7.2.3.50.0.1.00.00.13;Res.SES 10.401/2025 VALOR EM SAÚDE;0,00;0,00;0,00;0,00;0,00;0,00;0,00;0,00;0,00;0,00;0,00;0,00;0,00;0,00;0,00;0,00;0,00;0,00;0,00;0,00;0,00;4.408.838,87;0,00;0,00;0,00;4.408.838,87;0,00;0,00;0,00;0,00;0,00;0,00;0,00;0,00;4.408.838,87;0,00;0,00;0,00;4.408.838,87
1.7.2.3.50.0.1.00.00.15;Res.SES 9971/2025 - Ampliação Média Complexidade;0,00;0,00;0,00;0,00;0,00;0,00;0,00;0,00;0,00;0,00;0,00;0,00;0,00;0,00;0,00;0,00;0,00;0,00;0,00;0,00;0,00;0,00;1.149.787,62;0,00;0,00;1.149.787,62;0,00;0,00;0,00;0,00;0,00;0,00;0,00;0,00;0,00;1.149.787,62;0,00;0,00;1.149.787,62
1.7.2.3.50.0.1.00.00.17;Res.SES 10624/2025 - Complementar Assist. Farmacêutica;0,00;0,00;0,00;0,00;0,00;0,00;0,00;0,00;0,00;0,00;0,00;0,00;0,00;0,00;0,00;0,00;0,00;0,00;0,00;0,00;0,00;0,00;0,00;107.059,47;0,00;107.059,47;0,00;0,00;0,00;0,00;0,00;0,00;0,00;0,00;0,00;0,00;107.059,47;0,00;107.059,47
1.7.2.3.50.0.1.00.00.18;Res.SES 10616/2025 - Sobra Orçamentária Atenção Primária;0,00;0,00;0,00;0,00;0,00;0,00;0,00;0,00;0,00;0,00;0,00;0,00;0,00;0,00;0,00;0,00;0,00;0,00;0,00;0,00;0,00;0,00;0,00;49.386,41;0,00;49.386,41;0,00;0,00;0,00;0,00;0,00;0,00;0,00;0,00;0,00;0,00;49.386,41;0,00;49.386,41
1.7.2.3.50.0.1.00.00.19;Res.SES 7152/2020 Altera 7873/2021 - Rede de Atenção Psicossocial - Acordo FES;0,00;0,00;0,00;0,00;0,00;0,00;0,00;0,00;0,00;0,00;0,00;0,00;0,00;0,00;0,00;0,00;0,00;0,00;0,00;0,00;0,00;0,00;0,00;3.137.107,20;0,00;3.137.107,20;0,00;0,00;0,00;0,00;0,00;0,00;0,00;0,00;0,00;0,00;3.137.107,20;0,00;3.137.107,20
1.7.2.3.50.0.1.00.00.21;Res.SES 10597/2025 - Banco de Leite;0,00;0,00;0,00;0,00;0,00;0,00;0,00;0,00;0,00;0,00;0,00;0,00;0,00;0,00;0,00;0,00;0,00;0,00;0,00;0,00;0,00;0,00;0,00;0,00;12.400,00;12.400,00;0,00;0,00;0,00;0,00;0,00;0,00;0,00;0,00;0,00;0,00;0,00;12.400,00;12.400,00
1.7.2.3.50.0.1.00.00.22;Res.SES 10419/2025 - Opera Mais;0,00;0,00;0,00;0,00;0,00;0,00;0,00;0,00;0,00;0,00;0,00;0,00;0,00;0,00;0,00;0,00;0,00;0,00;0,00;0,00;0,00;0,00;0,00;0,00;837.162,75;837.162,75;0,00;0,00;0,00;0,00;0,00;0,00;0,00;0,00;0,00;0,00;0,00;837.162,75;837.162,75
1.7.2.3.50.0.1.00.00.23;Res.SES 6920/2019 - VIEP - Acordo FES;0,00;0,00;0,00;0,00;0,00;0,00;0,00;0,00;0,00;0,00;0,00;0,00;0,00;0,00;0,00;0,00;0,00;0,00;0,00;0,00;0,00;0,00;0,00;0,00;158.386,83;158.386,83;0,00;0,00;0,00;0,00;0,00;0,00;0,00;0,00;0,00;0,00;0,00;158.386,83;158.386,83
1.7.2.3.50.0.1.00.00.24;Res.SES 10807/2025 - Cuidados Prolongados - IMAIP;0,00;0,00;0,00;0,00;0,00;0,00;0,00;0,00;0,00;0,00;0,00;0,00;0,00;0,00;0,00;0,00;0,00;0,00;0,00;0,00;0,00;0,00;0,00;0,00;558.000,00;558.000,00;0,00;0,00;0,00;0,00;0,00;0,00;0,00;0,00;0,00;0,00;0,00;558.000,00;558.000,00
1.7.2.3.50.0.1.00.00.25;Res.SES 8161/2022 - Plano pelo fim da Tuberculose;0,00;0,00;0,00;0,00;0,00;0,00;0,00;0,00;0,00;0,00;0,00;0,00;0,00;0,00;0,00;0,00;0,00;0,00;0,00;0,00;0,00;0,00;0,00;0,00;12.237,37;12.237,37;0,00;0,00;0,00;0,00;0,00;0,00;0,00;0,00;0,00;0,00;0,00;12.237,37;12.237,37
1.7.2.3.50.0.1.00.00.26;Res.SES 5975/2017 - Rede Resposta - Acordo FES;0,00;0,00;0,00;0,00;0,00;0,00;0,00;0,00;0,00;0,00;0,00;0,00;0,00;0,00;0,00;0,00;0,00;0,00;0,00;0,00;0,00;0,00;0,00;0,00;3.122.547,46;3.122.547,46;0,00;0,00;0,00;0,00;0,00;0,00;0,00;0,00;0,00;0,00;0,00;3.122.547,46;3.122.547,46
1.7.2.3.50.0.1.00.00.27;Res.SES 10775/2025 - Núcleos de Telessaúde;0,00;0,00;0,00;0,00;0,00;0,00;0,00;0,00;0,00;0,00;0,00;0,00;0,00;0,00;0,00;0,00;0,00;0,00;0,00;0,00;0,00;0,00;0,00;0,00;51.666,66;51.666,66;0,00;0,00;0,00;0,00;0,00;0,00;0,00;0,00;0,00;0,00;0,00;51.666,66;51.666,66
1.7.2.3.50.0.1.00.00.28;Res.SES 10813/2025 - 10785/2025 - Enfrentamento ao Câncer;0,00;0,00;0,00;0,00;0,00;0,00;0,00;0,00;0,00;0,00;0,00;0,00;0,00;0,00;0,00;0,00;0,00;0,00;0,00;0,00;0,00;0,00;0,00;0,00;82.522,20;82.522,20;0,00;0,00;0,00;0,00;0,00;0,00;0,00;0,00;0,00;0,00;0,00;82.522,20;82.522,20
1.7.2.3.50.0.1.00.00.30;Res. SES 6906/2019 Vigilância em Saúde;0,00;0,00;0,00;0,00;0,00;0,00;0,00;0,00;0,00;0,00;0,00;0,00;0,00;0,00;0,00;0,00;0,00;0,00;0,00;0,00;0,00;0,00;0,00;0,00;322.784,00;322.784,00;0,00;0,00;0,00;0,00;0,00;0,00;0,00;0,00;0,00;0,00;0,00;322.784,00;322.784,00
1.7.2.3.50.0.1.09.00.00;Res. SES 9326/2024-8005/2022 - POEPS;0,00;0,00;120.658,72;0,00;112.037,20;0,00;0,00;0,00;0,00;101.513,81;0,00;62.937,16;397.146,89;0,00;0,00;0,00;0,00;0,00;0,00;0,00;0,00;0,00;0,00;0,00;0,00;0,00;0,00;0,00;-120.658,72;0,00;-112.037,20;0,00;0,00;0,00;0,00;-101.513,81;0,00;-62.937,16;-397.146,89
1.7.2.3.50.0.1.09.00.00;Res. SES 9326/2024-8005/2022 - POEPS;0,00;0,00;120.658,72;0,00;112.037,20;0,00;0,00;0,00;0,00;101.513,81;0,00;62.937,16;397.146,89;0,00;0,00;0,00;0,00;0,00;0,00;0,00;0,00;0,00;0,00;0,00;0,00;0,00;0,00;0,00;-120.658,72;0,00;-112.037,20;0,00;0,00;0,00;0,00;-101.513,81;0,00;-62.937,16;-397.146,89
1.7.2.3.50.0.1.10.00.00;Res. SES 9340/7988/8611 - CBAF - Componente Básico da Assistência Farmacêutica;0,00;0,00;84.122,23;0,00;84.122,23;0,00;84.122,23;0,00;84.122,23;0,00;168.244,48;0,00;504.733,40;0,00;0,00;0,00;0,00;0,00;0,00;0,00;0,00;0,00;0,00;0,00;0,00;0,00;0,00;0,00;-84.122,23;0,00;-84.122,23;0,00;-84.122,23;0,00;-84.122,23;0,00;-168.244,48;0,00;-504.733,40
1.7.2.3.50.0.1.35.00.00;Res 8652/2023 - Descentralização do Comp Especial Assitencia Farmaceutica;0,00;0,00;0,00;214.356,26;0,00;0,00;0,00;0,00;0,00;0,00;0,00;0,00;214.356,26;0,00;0,00;0,00;0,00;0,00;0,00;0,00;0,00;0,00;0,00;0,00;0,00;0,00;0,00;0,00;0,00;-214.356,26;0,00;0,00;0,00;0,00;0,00;0,00;0,00;0,00;-214.356,26
1.7.2.3.50.0.1.41.00.00;Res. SES 9378/9320/2024-8589/7925 - Valora Minas;0,00;9.925.451,84;0,00;0,00;155.281,93;9.134.972,60;0,00;0,00;0,00;9.938.255,46;0,00;36.688,08;29.190.649,91;0,00;0,00;0,00;0,00;0,00;0,00;0,00;0,00;0,00;0,00;0,00;0,00;0,00;0,00;-9.925.451,84;0,00;0,00;-155.281,93;-9.134.972,60;0,00;0,00;0,00;-9.938.255,46;0,00;-36.688,08;-29.190.649,91
1.7.2.3.50.0.1.42.00.00;Res. SES 9320/2024 - Serviços de Atenção Domiciliar;0,00;0,00;163.800,00;0,00;0,00;0,00;0,00;0,00;0,00;0,00;0,00;0,00;163.800,00;0,00;0,00;0,00;0,00;0,00;0,00;0,00;0,00;0,00;0,00;0,00;0,00;0,00;0,00;0,00;-163.800,00;0,00;0,00;0,00;0,00;0,00;0,00;0,00;0,00;0,00;-163.800,00
1.7.2.3.50.0.1.43.00.00;Res SES 9388/2024 - Farmacia de Minas;0,00;0,00;0,00;16.253,80;4.065,64;0,00;25.651,41;0,00;0,00;22.437,43;10.017,81;2.216,89;80.642,98;0,00;0,00;0,00;0,00;0,00;0,00;0,00;0,00;0,00;0,00;0,00;0,00;0,00;0,00;0,00;0,00;-16.253,80;-4.065,64;0,00;-25.651,41;0,00;0,00;-22.437,43;-10.017,81;-2.216,89;-80.642,98
1.7.2.3.50.0.1.44.00.00;Res. SES 9337/2024 - FINANCIAMENTODA ATENÇÃO PRIMÁRIA À SAÚDE;0,00;0,00;0,00;563.912,05;0,00;0,00;405.131,61;0,00;0,00;0,00;0,00;0,00;969.043,66;0,00;0,00;0,00;0,00;0,00;0,00;0,00;0,00;0,00;0,00;0,00;0,00;0,00;0,00;0,00;0,00;-563.912,05;0,00;0,00;-405.131,61;0,00;0,00;0,00;0,00;0,00;-969.043,66
1.7.2.3.50.0.1.45.00.00;Res. SES 9377/2024 - Cuidado com Pessoas com Deficiencia;0,00;0,00;0,00;396.642,66;0,00;0,00;0,00;0,00;0,00;0,00;0,00;0,00;396.642,66;0,00;0,00;0,00;0,00;0,00;0,00;0,00;0,00;0,00;0,00;0,00;0,00;0,00;0,00;0,00;0,00;-396.642,66;0,00;0,00;0,00;0,00;0,00;0,00;0,00;0,00;-396.642,66
1.7.2.3.50.0.1.50.00.00;Res SES 5843/2017 - Extrapolamento das Internações MAC;0,00;0,00;0,00;0,00;57.041,28;0,00;0,00;0,00;0,00;0,00;0,00;0,00;57.041,28;0,00;0,00;0,00;0,00;0,00;0,00;0,00;0,00;0,00;0,00;0,00;0,00;0,00;0,00;0,00;0,00;0,00;-57.041,28;0,00;0,00;0,00;0,00;0,00;0,00;0,00;-57.041,28
1.7.2.3.50.0.1.82.00.00;Res.SES 9972/2025 CUSTEIO E INVESTIMENTO DAS AÇÕES DE IMPLEMENTAÇÃO E APOIO À ALTA COMPLEXIDADE AMBULATORIAL;0,00;0,00;0,00;0,00;0,00;0,00;0,00;0,00;0,00;0,00;0,00;0,00;0,00;0,00;39.000,00;0,00;0,00;0,00;3.938,66;21.483,60;0,00;40.500,00;21.483,60;0,00;0,00;126.405,86;0,00;39.000,00;0,00;0,00;0,00;3.938,66;21.483,60;0,00;40.500,00;21.483,60;0,00;0,00;126.405,86
1.7.2.3.50.0.1.83.00.00;Res SES 9972/2025 PROGRAMA MIGUILIM SAÚDE OCULAR CICLO I E CICLO II;0,00;0,00;0,00;0,00;0,00;0,00;0,00;0,00;0,00;0,00;0,00;0,00;0,00;0,00;235.345,98;0,00;0,00;0,00;0,00;0,00;0,00;0,00;0,00;0,00;0,00;235.345,98;0,00;235.345,98;0,00;0,00;0,00;0,00;0,00;0,00;0,00;0,00;0,00;0,00;235.345,98
1.7.2.3.50.0.1.86.00.00;Res.SES 9995/2025 Altera 10014/2025 - OPM Física;0,00;0,00;0,00;0,00;0,00;0,00;0,00;0,00;0,00;0,00;0,00;0,00;0,00;0,00;0,00;0,00;199.345,29;0,00;0,00;207.345,29;568.905,35;0,00;8.000,00;0,00;0,00;983.595,93;0,00;0,00;0,00;199.345,29;0,00;0,00;207.345,29;568.905,35;0,00;8.000,00;0,00;0,00;983.595,93
1.7.2.3.50.0.1.87.00.00;Res. SES 9995/2025 - Rede de cuidados pessoas com deficiência TAN;0,00;0,00;0,00;0,00;0,00;0,00;0,00;0,00;0,00;0,00;0,00;0,00;0,00;0,00;0,00;0,00;9.402,67;0,00;0,00;0,00;0,00;0,00;0,00;0,00;0,00;9.402,67;0,00;0,00;0,00;9.402,67;0,00;0,00;0,00;0,00;0,00;0,00;0,00;0,00;9.402,67
1.7.2.3.50.0.1.89.00.00;Res. SES 9974/2025 - Politica Atenção Primaria à Saúde;0,00;0,00;0,00;0,00;0,00;0,00;0,00;0,00;0,00;0,00;0,00;0,00;0,00;0,00;0,00;0,00;412.158,99;0,00;0,00;412.158,99;0,00;308.497,99;0,00;0,00;0,00;1.132.815,97;0,00;0,00;0,00;412.158,99;0,00;0,00;412.158,99;0,00;308.497,99;0,00;0,00;0,00;1.132.815,97
1.7.2.3.50.0.1.90.00.00;Res.SES 10073/2025 - Produção memorando SEI 112106480;0,00;0,00;0,00;0,00;0,00;0,00;0,00;0,00;0,00;0,00;0,00;0,00;0,00;0,00;0,00;0,00;0,00;1.137.143,86;0,00;0,00;0,00;0,00;0,00;0,00;0,00;1.137.143,86;0,00;0,00;0,00;0,00;1.137.143,86;0,00;0,00;0,00;0,00;0,00;0,00;0,00;1.137.143,86
1.7.2.3.50.0.1.94.00.00;Res. SES 10.133/2025 - Reforço Custeio;0,00;0,00;0,00;0,00;0,00;0,00;0,00;0,00;0,00;0,00;0,00;0,00;0,00;0,00;0,00;0,00;0,00;0,00;680.000,00;0,00;0,00;0,00;0,00;0,00;0,00;680.000,00;0,00;0,00;0,00;0,00;0,00;680.000,00;0,00;0,00;0,00;0,00;0,00;0,00;680.000,00
1.7.2.3.50.0.1.95.00.00;Res SES 10091/2025 - Reforço Custeio  Urg Emrg.;0,00;0,00;0,00;0,00;0,00;0,00;0,00;0,00;0,00;0,00;0,00;0,00;0,00;0,00;0,00;0,00;0,00;0,00;200.000,00;0,00;0,00;0,00;0,00;0,00;0,00;200.000,00;0,00;0,00;0,00;0,00;0,00;200.000,00;0,00;0,00;0,00;0,00;0,00;0,00;200.000,00
1.7.2.3.50.0.1.96.00.00;Res SES 10.091/2025 - Ref. Cust. Urg. Emergncia;0,00;0,00;0,00;0,00;0,00;0,00;0,00;0,00;0,00;0,00;0,00;0,00;0,00;0,00;0,00;0,00;0,00;0,00;200.000,00;0,00;0,00;0,00;0,00;0,00;0,00;200.000,00;0,00;0,00;0,00;0,00;0,00;200.000,00;0,00;0,00;0,00;0,00;0,00;0,00;200.000,00
1.7.2.3.50.0.1.97.00.00;res SES 10.064/2025 - Ref. Custeio Urg. Emergencia;0,00;0,00;0,00;0,00;0,00;0,00;0,00;0,00;0,00;0,00;0,00;0,00;0,00;0,00;0,00;0,00;0,00;0,00;200.000,00;0,00;0,00;0,00;0,00;0,00;0,00;200.000,00;0,00;0,00;0,00;0,00;0,00;200.000,00;0,00;0,00;0,00;0,00;0,00;0,00;200.000,00
1.7.2.3.50.0.1.98.00.00;Res. SES 10.118/2025 Reforço Custeio Ações e Serviços de Saúde;0,00;0,00;0,00;0,00;0,00;0,00;0,00;0,00;0,00;0,00;0,00;0,00;0,00;0,00;0,00;0,00;0,00;0,00;240.000,00;0,00;0,00;0,00;0,00;0,00;0,00;240.000,00;0,00;0,00;0,00;0,00;0,00;240.000,00;0,00;0,00;0,00;0,00;0,00;0,00;240.000,00
1.7.2.9.51.0.1.01.00.00;Piso Mineiro Fixo;0,00;0,00;0,00;0,00;152.798,55;38.199,64;111.354,56;50.392,12;50.392,12;50.392,12;50.392,12;100.784,27;604.705,50;0,00;0,00;0,00;0,00;0,00;0,00;341.820,00;56.970,00;56.970,00;56.970,00;56.970,00;113.940,00;683.640,00;0,00;0,00;0,00;0,00;-152.798,55;-38.199,64;230.465,44;6.577,88;6.577,88;6.577,88;6.577,88;13.155,73;78.934,50
1.7.2.9.51.0.1.01.00.00;Piso Mineiro Fixo;0,00;0,00;0,00;0,00;152.798,55;38.199,64;111.354,56;50.392,12;50.392,12;50.392,12;50.392,12;100.784,27;604.705,50;0,00;0,00;0,00;0,00;0,00;0,00;341.820,00;56.970,00;56.970,00;56.970,00;56.970,00;113.940,00;683.640,00;0,00;0,00;0,00;0,00;-152.798,55;-38.199,64;230.465,44;6.577,88;6.577,88;6.577,88;6.577,88;13.155,73;78.934,50
1.7.2.9.52.0.1.01.00.00;Transferências de Recursos Destinados a Programas de Educação;1.699,67;1.699,67;1.699,67;1.699,67;1.699,67;1.699,67;1.699,67;1.699,67;1.699,67;1.699,67;1.699,67;1.699,62;20.395,99;0,00;0,00;0,00;0,00;0,00;0,00;0,00;0,00;0,00;0,00;0,00;0,00;0,00;-1.699,67;-1.699,67;-1.699,67;-1.699,67;-1.699,67;-1.699,67;-1.699,67;-1.699,67;-1.699,67;-1.699,67;-1.699,67;-1.699,62;-20.395,99
1.7.2.9.52.0.1.01.00.00;Transferências de Recursos Destinados a Programas de Educação;1.699,67;1.699,67;1.699,67;1.699,67;1.699,67;1.699,67;1.699,67;1.699,67;1.699,67;1.699,67;1.699,67;1.699,62;20.395,99;0,00;0,00;0,00;0,00;0,00;0,00;0,00;0,00;0,00;0,00;0,00;0,00;0,00;-1.699,67;-1.699,67;-1.699,67;-1.699,67;-1.699,67;-1.699,67;-1.699,67;-1.699,67;-1.699,67;-1.699,67;-1.699,67;-1.699,62;-20.395,99
1.7.2.9.52.0.1.02.00.00;Transf.Rec.Est.Dest.Prog.Educação-PTE/CONVED;0,00;370.831,05;370.831,05;370.831,05;370.831,04;0,00;0,00;0,00;0,00;0,00;0,00;0,00;1.483.324,19;0,00;168.958,65;168.958,65;168.958,65;168.958,65;168.958,66;168.958,65;168.958,65;168.958,65;168.958,65;168.958,64;0,00;1.689.586,50;0,00;-201.872,40;-201.872,40;-201.872,40;-201.872,39;168.958,66;168.958,65;168.958,65;168.958,65;168.958,65;168.958,64;0,00;206.262,31
1.7.2.9.53.0.1.00.00.00;Cota-parte da Transferência da Compensação Financeira das Perdas com Arrecadação de ICMS - LC N° 194/2023 - Principal;0,00;0,00;0,00;0,00;0,00;0,00;0,00;0,00;0,00;0,00;0,00;0,00;0,00;0,00;173.375,93;89.981,94;0,00;0,00;0,00;0,00;0,00;0,00;0,00;0,00;0,00;263.357,87;0,00;173.375,93;89.981,94;0,00;0,00;0,00;0,00;0,00;0,00;0,00;0,00;0,00;263.357,87
1.7.5.1.50.0.1.00.00.00;Transf.Rec.F.Manut.Desenv.Educ.Básica e Valoriz Profiss.Educação-FUNDEB;6.136.526,74;4.599.063,93;4.223.785,13;4.373.988,96;3.961.299,64;4.088.523,62;4.611.055,87;4.023.199,88;3.807.778,70;4.638.270,42;4.322.296,91;4.949.136,65;53.734.926,45;5.687.546,95;6.981.729,38;5.381.607,86;5.997.972,36;5.100.232,41;5.124.798,90;5.287.326,11;4.900.797,91;5.129.368,41;4.800.934,27;5.242.417,98;6.244.978,16;65.879.710,70;-448.979,79;2.382.665,45;1.157.822,73;1.623.983,40;1.138.932,77;1.036.275,28;676.270,24;877.598,03;1.321.589,71;162.663,85;920.121,07;1.295.841,51;12.144.784,25
1.7.9.1.99.0.1.01.00.00;Outras Transferências de Pessoas Físicas;2.469,83;1.902,78;1.608,53;26.281,81;87.737,08;1.486,47;152.011,92;0,00;2.972,95;1.486,47;1.486,47;95.042,88;374.487,19;1.130,75;1.130,75;7.381,40;1.130,75;0,00;0,00;0,00;325.999,34;400,00;0,00;400,00;600,00;338.172,99;-1.339,08;-772,03;5.772,87;-25.151,06;-87.737,08;-1.486,47;-152.011,92;325.999,34;-2.572,95;-1.486,47;-1.086,47;-94.442,88;-36.314,20
1.7.9.1.99.0.1.01.00.00;Outras Transferências de Pessoas Físicas;2.469,83;1.902,78;1.608,53;26.281,81;87.737,08;1.486,47;152.011,92;0,00;2.972,95;1.486,47;1.486,47;95.042,88;374.487,19;1.130,75;1.130,75;7.381,40;1.130,75;0,00;0,00;0,00;325.999,34;400,00;0,00;400,00;600,00;338.172,99;-1.339,08;-772,03;5.772,87;-25.151,06;-87.737,08;-1.486,47;-152.011,92;325.999,34;-2.572,95;-1.486,47;-1.086,47;-94.442,88;-36.314,20
1.9.1.1.01.0.1.03.00.00;Multas por Auto de Infração;3.330,11;2.320,76;1.869,11;7.606,10;7.623,41;1.457,74;3.288,64;6.989,29;2.013,62;2.127,29;1.908,64;6.577,16;47.111,87;894,32;6.859,96;1.861,72;2.927,97;2.283,08;3.442,85;1.347,50;2.534,03;7.629,00;15.107,99;9.677,72;5.822,48;60.388,62;-2.435,79;4.539,20;-7,39;-4.678,13;-5.340,33;1.985,11;-1.941,14;-4.455,26;5.615,38;12.980,70;7.769,08;-754,68;13.276,75
1.9.1.1.01.0.1.03.00.00;Multas por Auto de Infração;3.330,11;2.320,76;1.869,11;7.606,10;7.623,41;1.457,74;3.288,64;6.989,29;2.013,62;2.127,29;1.908,64;6.577,16;47.111,87;894,32;6.859,96;1.861,72;2.927,97;2.283,08;3.442,85;1.347,50;2.534,03;7.629,00;15.107,99;9.677,72;5.822,48;60.388,62;-2.435,79;4.539,20;-7,39;-4.678,13;-5.340,33;1.985,11;-1.941,14;-4.455,26;5.615,38;12.980,70;7.769,08;-754,68;13.276,75
1.9.1.1.01.0.1.05.00.00;Multas por Penalidade Edificações Irregulares;8.401,22;12.320,15;12.450,01;11.410,42;12.133,09;16.736,55;26.795,88;12.511,44;13.328,53;19.744,29;18.299,84;17.820,54;181.951,96;15.683,76;17.992,24;14.154,48;24.557,40;20.886,95;10.772,05;17.656,88;27.430,35;11.859,72;15.468,49;11.643,21;15.829,96;203.935,49;7.282,54;5.672,09;1.704,47;13.146,98;8.753,86;-5.964,50;-9.139,00;14.918,91;-1.468,81;-4.275,80;-6.656,63;-1.990,58;21.983,53
1.9.1.1.01.0.1.05.00.00;Multas por Penalidade Edificações Irregulares;8.401,22;12.320,15;12.450,01;11.410,42;12.133,09;16.736,55;26.795,88;12.511,44;13.328,53;19.744,29;18.299,84;17.820,54;181.951,96;15.683,76;17.992,24;14.154,48;24.557,40;20.886,95;10.772,05;17.656,88;27.430,35;11.859,72;15.468,49;11.643,21;15.829,96;203.935,49;7.282,54;5.672,09;1.704,47;13.146,98;8.753,86;-5.964,50;-9.139,00;14.918,91;-1.468,81;-4.275,80;-6.656,63;-1.990,58;21.983,53
1.9.1.1.01.0.1.07.00.00;Multas Previstas na Legislação de Trânsito;313.594,68;278.953,09;235.099,50;274.720,92;210.562,66;209.608,33;246.259,18;258.905,90;293.630,14;297.124,94;261.485,93;296.702,39;3.176.647,66;312.131,19;266.278,34;246.846,78;274.387,51;280.091,65;249.364,81;293.337,56;241.748,88;344.644,21;408.476,12;340.161,38;338.115,20;3.595.583,63;-1.463,49;-12.674,75;11.747,28;-333,41;69.528,99;39.756,48;47.078,38;-17.157,02;51.014,07;111.351,18;78.675,45;41.412,81;418.935,97
1.9.1.1.01.0.1.07.00.00;Multas Previstas na Legislação de Trânsito;313.594,68;278.953,09;235.099,50;274.720,92;210.562,66;209.608,33;246.259,18;258.905,90;293.630,14;297.124,94;261.485,93;296.702,39;3.176.647,66;312.131,19;266.278,34;246.846,78;274.387,51;280.091,65;249.364,81;293.337,56;241.748,88;344.644,21;408.476,12;340.161,38;338.115,20;3.595.583,63;-1.463,49;-12.674,75;11.747,28;-333,41;69.528,99;39.756,48;47.078,38;-17.157,02;51.014,07;111.351,18;78.675,45;41.412,81;418.935,97
1.9.1.1.01.0.2.01.00.00;Multas/Juros Mora s/Multas Prev.Legislação Especifica;29,94;43,29;56,17;96,31;210,21;39,11;669,63;307,95;1.387,13;192,07;152,80;28,44;3.213,05;79,98;163,62;171,50;238,19;448,29;52,09;679,84;256,37;25,65;56,64;64,24;82,30;2.318,71;50,04;120,33;115,33;141,88;238,08;12,98;10,21;-51,58;-1.361,48;-135,43;-88,56;53,86;-894,34
1.9.1.1.01.0.2.01.00.00;Multas/Juros Mora s/Multas Prev.Legislação Especifica;29,94;43,29;56,17;96,31;210,21;39,11;669,63;307,95;1.387,13;192,07;152,80;28,44;3.213,05;79,98;163,62;171,50;238,19;448,29;52,09;679,84;256,37;25,65;56,64;64,24;82,30;2.318,71;50,04;120,33;115,33;141,88;238,08;12,98;10,21;-51,58;-1.361,48;-135,43;-88,56;53,86;-894,34
1.9.1.1.01.0.3.01.00.00;Dívida Ativa-Multas Prev.Legislação Especifica;3.169,28;0,00;1.070,60;0,00;572,51;0,00;1.469,40;1.687,78;1.199,48;4.094,82;1.277,66;529,87;15.071,40;983,00;1.336,23;207,82;219,78;62,19;62,19;207,83;1.171,38;2.184,83;1.484,08;11.115,65;6.328,21;25.363,19;-2.186,28;1.336,23;-862,78;219,78;-510,32;62,19;-1.261,57;-516,40;985,35;-2.610,74;9.837,99;5.798,34;10.291,79
1.9.1.1.01.0.3.01.00.00;Dívida Ativa-Multas Prev.Legislação Especifica;3.169,28;0,00;1.070,60;0,00;572,51;0,00;1.469,40;1.687,78;1.199,48;4.094,82;1.277,66;529,87;15.071,40;983,00;1.336,23;207,82;219,78;62,19;62,19;207,83;1.171,38;2.184,83;1.484,08;11.115,65;6.328,21;25.363,19;-2.186,28;1.336,23;-862,78;219,78;-510,32;62,19;-1.261,57;-516,40;985,35;-2.610,74;9.837,99;5.798,34;10.291,79
1.9.1.1.01.0.4.01.00.00;Multas/Juros Mora Div.Ativ.s/Multas Prev.Legisl.Especifica;811,14;0,00;137,37;0,00;135,26;0,00;671,24;478,51;481,89;1.472,05;501,30;195,29;4.884,05;144,97;341,35;59,25;53,37;15,55;17.740,10;59,24;317,46;175,76;233,36;202,26;144,86;19.487,53;-666,17;341,35;-78,12;53,37;-119,71;17.740,10;-612,00;-161,05;-306,13;-1.238,69;-299,04;-50,43;14.603,48
1.9.1.1.01.0.4.01.00.00;Multas/Juros Mora Div.Ativ.s/Multas Prev.Legisl.Especifica;811,14;0,00;137,37;0,00;135,26;0,00;671,24;478,51;481,89;1.472,05;501,30;195,29;4.884,05;144,97;341,35;59,25;53,37;15,55;17.740,10;59,24;317,46;175,76;233,36;202,26;144,86;19.487,53;-666,17;341,35;-78,12;53,37;-119,71;17.740,10;-612,00;-161,05;-306,13;-1.238,69;-299,04;-50,43;14.603,48
1.9.1.1.04.0.1.00.00.00;Multas Previstas na Legislação sobre Defesa dos Direitos Difusos - Principal;0,00;0,00;0,00;0,00;0,00;0,00;0,00;0,00;0,00;0,00;0,00;0,00;0,00;10.741,42;0,00;0,00;0,00;13.090,35;7.619,44;8.726,90;12.616,70;2.600,00;28.517,75;276,27;1.222,35;85.411,18;10.741,42;0,00;0,00;0,00;13.090,35;7.619,44;8.726,90;12.616,70;2.600,00;28.517,75;276,27;1.222,35;85.411,18
1.9.1.1.06.1.1.00.00.00;Multas Administrativas por Danos Ambientais - Principal;2.211,93;1.973,39;1.973,39;0,00;3.972,87;1.973,39;1.973,39;1.973,37;0,00;0,00;0,00;0,00;16.051,73;0,00;0,00;0,00;0,00;0,00;0,00;0,00;0,00;0,00;0,00;0,00;249,99;249,99;-2.211,93;-1.973,39;-1.973,39;0,00;-3.972,87;-1.973,39;-1.973,39;-1.973,37;0,00;0,00;0,00;249,99;-15.801,74
1.9.1.1.06.1.1.00.00.00;Multas Administrativas por Danos Ambientais - Principal;2.211,93;1.973,39;1.973,39;0,00;3.972,87;1.973,39;1.973,39;1.973,37;0,00;0,00;0,00;0,00;16.051,73;0,00;0,00;0,00;0,00;0,00;0,00;0,00;0,00;0,00;0,00;0,00;249,99;249,99;-2.211,93;-1.973,39;-1.973,39;0,00;-3.972,87;-1.973,39;-1.973,39;-1.973,37;0,00;0,00;0,00;249,99;-15.801,74
1.9.1.1.09.0.1.00.00.00;Multas e Juros Previstos em Contratos - Principal;998,77;998,77;998,77;998,77;998,77;998,77;998,77;998,77;998,77;998,77;998,77;998,75;11.985,22;0,00;0,00;0,00;0,00;18,36;0,00;0,00;0,00;12.875,55;0,00;0,00;1.414,24;14.308,15;-998,77;-998,77;-998,77;-998,77;-980,41;-998,77;-998,77;-998,77;11.876,78;-998,77;-998,77;415,49;2.322,93
1.9.1.1.09.0.1.00.00.00;Multas e Juros Previstos em Contratos - Principal;998,77;998,77;998,77;998,77;998,77;998,77;998,77;998,77;998,77;998,77;998,77;998,75;11.985,22;0,00;0,00;0,00;0,00;18,36;0,00;0,00;0,00;12.875,55;0,00;0,00;1.414,24;14.308,15;-998,77;-998,77;-998,77;-998,77;-980,41;-998,77;-998,77;-998,77;11.876,78;-998,77;-998,77;415,49;2.322,93
1.9.2.1.99.0.1.01.00.00;Indenizações por Limpeza  de lotes;222,29;222,29;222,29;222,29;222,29;222,29;222,29;222,29;222,29;222,29;222,29;222,24;2.667,43;0,00;0,00;0,00;0,00;0,00;0,00;0,00;0,00;0,00;0,00;0,00;0,00;0,00;-222,29;-222,29;-222,29;-222,29;-222,29;-222,29;-222,29;-222,29;-222,29;-222,29;-222,29;-222,24;-2.667,43
1.9.2.1.99.0.1.01.00.00;Indenizações por Limpeza  de lotes;222,29;222,29;222,29;222,29;222,29;222,29;222,29;222,29;222,29;222,29;222,29;222,24;2.667,43;0,00;0,00;0,00;0,00;0,00;0,00;0,00;0,00;0,00;0,00;0,00;0,00;0,00;-222,29;-222,29;-222,29;-222,29;-222,29;-222,29;-222,29;-222,29;-222,29;-222,29;-222,29;-222,24;-2.667,43
1.9.2.1.99.0.1.02.00.00;Outras Indenizações;68.376,69;0,00;0,00;0,00;0,00;0,00;0,00;0,00;0,00;0,00;0,00;0,00;68.376,69;0,00;0,00;0,00;2,41;0,00;0,00;9,83;0,00;0,00;0,00;0,00;0,00;12,24;-68.376,69;0,00;0,00;2,41;0,00;0,00;9,83;0,00;0,00;0,00;0,00;0,00;-68.364,45
1.9.2.2.04.0.1.01.00.00;Restituição de Benefícios Assistenciais-COVID Acolhimento;29,16;29,16;29,16;29,16;29,16;29,16;29,16;29,16;29,16;29,16;29,16;29,19;349,95;0,00;0,00;0,00;0,00;0,00;0,00;0,00;0,00;0,00;0,00;0,00;0,00;0,00;-29,16;-29,16;-29,16;-29,16;-29,16;-29,16;-29,16;-29,16;-29,16;-29,16;-29,16;-29,19;-349,95
1.9.2.2.09.0.1.00.00.00;Restituição de Recursos de Fomento e de Subvenções Financeiras - Principal;54.824,47;24.029,36;22.193,26;48.181,42;26.614,87;36.560,99;33.949,86;1.562,91;103.708,91;48.722,40;22.925,87;1.552,67;424.826,99;1.161,01;19.157,69;54.839,46;20.637,79;22.663,73;34.949,81;172.462,59;13.300,90;16.232,36;30.771,21;30.712,94;65.275,40;482.164,89;-53.663,46;-4.871,67;32.646,20;-27.543,63;-3.951,14;-1.611,18;138.512,73;11.737,99;-87.476,55;-17.951,19;7.787,07;63.722,73;57.337,90
1.9.2.2.09.0.1.02.00.00;Restituição Recursos Educação-Fomento;0,00;0,00;0,00;0,00;0,00;0,00;0,00;0,00;0,00;0,00;0,00;0,00;0,00;0,00;82,39;0,00;839.002,17;54.390,71;0,00;0,00;0,00;0,00;50.000,49;49.365,69;0,00;992.841,45;0,00;82,39;0,00;839.002,17;54.390,71;0,00;0,00;0,00;0,00;50.000,49;49.365,69;0,00;992.841,45
1.9.2.2.99.0.1.01.00.00;Rest.Terminal Rodoviário-Energia Eletrica;3.540,65;55,28;2.516,30;3.147,88;2.040,51;2.534,04;1.775,77;2.302,97;2.452,84;3.286,79;121,93;4.113,09;27.888,05;1.094,29;1.310,73;2.255,51;3.286,95;2.680,90;2.336,63;1.592,09;1.702,59;2.732,83;2.856,51;1.997,49;0,00;23.846,52;-2.446,36;1.255,45;-260,79;139,07;640,39;-197,41;-183,68;-600,38;279,99;-430,28;1.875,56;-4.113,09;-4.041,53
1.9.2.2.99.0.1.01.00.00;Rest.Terminal Rodoviário-Energia Eletrica;3.540,65;55,28;2.516,30;3.147,88;2.040,51;2.534,04;1.775,77;2.302,97;2.452,84;3.286,79;121,93;4.113,09;27.888,05;1.094,29;1.310,73;2.255,51;3.286,95;2.680,90;2.336,63;1.592,09;1.702,59;2.732,83;2.856,51;1.997,49;0,00;23.846,52;-2.446,36;1.255,45;-260,79;139,07;640,39;-197,41;-183,68;-600,38;279,99;-430,28;1.875,56;-4.113,09;-4.041,53
1.9.2.2.99.0.1.02.00.00;Restituições-Cessão Servidores;17.721,96;19.003,21;8.700,53;10.527,62;89.975,97;56.187,27;21.652,28;9.309,56;9.309,56;12.946,11;9.309,56;9.309,55;273.953,18;7.037,89;12.663,78;6.331,89;0,00;6.331,89;11.739,53;6.637,72;6.637,72;6.637,72;6.637,72;8.366,29;6.637,72;85.659,87;-10.684,07;-6.339,43;-2.368,64;-10.527,62;-83.644,08;-44.447,74;-15.014,56;-2.671,84;-2.671,84;-6.308,39;-943,27;-2.671,83;-188.293,31
1.9.2.2.99.0.1.07.00.00;Outras Restituições-FIA;4.585,34;4.585,34;4.585,34;4.585,34;4.585,34;4.585,34;4.585,34;4.585,34;4.585,34;4.585,34;4.585,34;4.585,36;55.024,10;0,00;0,00;0,00;0,00;0,00;0,00;0,00;0,00;0,00;0,00;0,00;0,00;0,00;-4.585,34;-4.585,34;-4.585,34;-4.585,34;-4.585,34;-4.585,34;-4.585,34;-4.585,34;-4.585,34;-4.585,34;-4.585,34;-4.585,36;-55.024,10
1.9.2.2.99.0.1.07.00.00;Outras Restituições-FIA;4.585,34;4.585,34;4.585,34;4.585,34;4.585,34;4.585,34;4.585,34;4.585,34;4.585,34;4.585,34;4.585,34;4.585,36;55.024,10;0,00;0,00;0,00;0,00;0,00;0,00;0,00;0,00;0,00;0,00;0,00;0,00;0,00;-4.585,34;-4.585,34;-4.585,34;-4.585,34;-4.585,34;-4.585,34;-4.585,34;-4.585,34;-4.585,34;-4.585,34;-4.585,34;-4.585,36;-55.024,10
1.9.2.2.99.0.1.08.00.00;Outras Restituições - SESAP;65.401,71;65.401,71;65.401,71;65.401,71;65.401,71;65.401,71;65.401,71;65.401,71;65.401,71;65.401,71;65.401,71;65.401,71;784.820,52;12.808,58;68.772,90;9,44;10,28;0,00;1.275,71;1,59;97,31;3.366,60;40,32;0,00;54,79;86.437,52;-52.593,13;3.371,19;-65.392,27;-65.391,43;-65.401,71;-64.126,00;-65.400,12;-65.304,40;-62.035,11;-65.361,39;-65.401,71;-65.346,92;-698.383,00
1.9.2.2.99.0.1.09.00.00;Outras Restuições;20.741,85;25.058,77;1.277,66;1.223,98;1.736,06;2.903,61;85.126,06;1.223,98;1.223,98;15.114,95;1,31;71.676,81;227.309,02;2.364,70;10.641,58;0,00;0,00;0,00;0,00;39.906,00;46.554,45;0,00;14.699,55;0,00;18.067,50;132.233,78;-18.377,15;-14.417,19;-1.277,66;-1.223,98;-1.736,06;-2.903,61;-45.220,06;45.330,47;-1.223,98;-415,40;-1,31;-53.609,31;-95.075,24
1.9.2.2.99.0.1.09.00.00;Outras Restuições;20.741,85;25.058,77;1.277,66;1.223,98;1.736,06;2.903,61;85.126,06;1.223,98;1.223,98;15.114,95;1,31;71.676,81;227.309,02;2.364,70;10.641,58;0,00;0,00;0,00;0,00;39.906,00;46.554,45;0,00;14.699,55;0,00;18.067,50;132.233,78;-18.377,15;-14.417,19;-1.277,66;-1.223,98;-1.736,06;-2.903,61;-45.220,06;45.330,47;-1.223,98;-415,40;-1,31;-53.609,31;-95.075,24
1.9.2.2.99.0.1.12.00.00;Outras Restituições;0,00;0,00;0,00;0,00;0,00;0,00;0,00;0,00;0,00;0,00;0,00;0,00;0,00;0,00;392,34;159,15;1.494,01;325.226,30;2.996,20;2,00;2.642,99;-3,21;0,00;0,00;0,00;332.909,78;0,00;392,34;159,15;1.494,01;325.226,30;2.996,20;2,00;2.642,99;-3,21;0,00;0,00;0,00;332.909,78
1.9.2.2.99.0.3.01.00.00;Divida Ativa - Outras Restituições;3.787,17;3.787,17;3.787,17;3.787,17;3.787,17;3.787,17;3.787,17;3.787,17;3.787,17;3.787,17;3.787,17;3.787,21;45.446,08;0,00;0,00;0,00;0,00;0,00;0,00;0,00;0,00;0,00;0,00;0,00;0,00;0,00;-3.787,17;-3.787,17;-3.787,17;-3.787,17;-3.787,17;-3.787,17;-3.787,17;-3.787,17;-3.787,17;-3.787,17;-3.787,17;-3.787,21;-45.446,08
1.9.2.2.99.0.4.01.00.00;Multas e Juros Divida Ativa-Outras Restituições;195,30;195,30;195,30;195,30;195,30;195,30;195,30;195,30;195,30;195,30;195,30;195,34;2.343,64;0,00;0,00;0,00;0,00;0,00;0,00;0,00;0,00;0,00;0,00;0,00;0,00;0,00;-195,30;-195,30;-195,30;-195,30;-195,30;-195,30;-195,30;-195,30;-195,30;-195,30;-195,30;-195,34;-2.343,64
1.9.2.3.99.0.1.00.00.00;Outros Ressarcimentos - Principal;1.073,18;1.073,18;1.073,18;1.073,18;1.073,18;1.073,18;1.073,18;1.073,18;1.073,18;1.073,18;1.073,18;1.073,19;12.878,17;0,00;0,00;0,00;0,00;0,00;0,00;0,00;0,00;0,00;0,00;0,00;0,00;0,00;-1.073,18;-1.073,18;-1.073,18;-1.073,18;-1.073,18;-1.073,18;-1.073,18;-1.073,18;-1.073,18;-1.073,18;-1.073,18;-1.073,19;-12.878,17
1.9.9.9.12.2.1.00.00.00;Ônus de Sucumbência;13.879,85;12.525,92;9.442,72;4.913,97;14.896,05;37.532,54;32.758,08;18.724,97;5.532,77;171.753,71;7.429,11;10.474,77;339.864,46;9.894,35;13.785,85;28.601,16;12.442,20;6.976,64;44.708,75;61.773,69;88.087,67;28.326,90;38.605,71;30.228,90;50.982,42;414.414,24;-3.985,50;1.259,93;19.158,44;7.528,23;-7.919,41;7.176,21;29.015,61;69.362,70;22.794,13;-133.148,00;22.799,79;40.507,65;74.549,78
1.9.9.9.99.2.1.01.00.00;Receita de Utilização de Vias Públicas;38.561,23;14.816,82;41.302,52;3.419,60;13.365,98;0,00;12.750,77;36.337,00;0,00;5.016,35;22.195,87;3.508,12;191.274,26;0,00;0,00;0,00;426,62;162,43;0,00;0,00;0,00;886,31;75,32;116,76;0,00;1.667,44;-38.561,23;-14.816,82;-41.302,52;-2.992,98;-13.203,55;0,00;-12.750,77;-36.337,00;886,31;-4.941,03;-22.079,11;-3.508,12;-189.606,82
1.9.9.9.99.2.1.01.00.00;Receita de Utilização de Vias Públicas;38.561,23;14.816,82;41.302,52;3.419,60;13.365,98;0,00;12.750,77;36.337,00;0,00;5.016,35;22.195,87;3.508,12;191.274,26;0,00;0,00;0,00;426,62;162,43;0,00;0,00;0,00;886,31;75,32;116,76;0,00;1.667,44;-38.561,23;-14.816,82;-41.302,52;-2.992,98;-13.203,55;0,00;-12.750,77;-36.337,00;886,31;-4.941,03;-22.079,11;-3.508,12;-189.606,82
1.9.9.9.99.2.1.02.00.00;Receita de Eventos - Jubileu;0,00;0,00;0,00;707.442,20;436,76;0,00;0,00;0,00;0,00;0,00;0,00;0,00;707.878,96;0,00;0,00;0,00;330.100,00;0,00;0,00;0,00;0,00;0,00;0,00;0,00;0,00;330.100,00;0,00;0,00;0,00;-377.342,20;-436,76;0,00;0,00;0,00;0,00;0,00;0,00;0,00;-377.778,96
1.9.9.9.99.2.1.03.00.00;Outras Receitas - FIA;485,21;414,88;414,88;414,88;471,20;1.340,07;98.169,79;713,94;1.901,26;892,11;1.583,78;180.917,63;287.719,63;1.152,00;17.107,37;1.152,00;3.137,25;1.152,00;953,90;1.880,72;572,04;148,01;9.141,17;1.071,13;37.046,36;74.513,95;666,79;16.692,49;737,12;2.722,37;680,80;-386,17;-96.289,07;-141,90;-1.753,25;8.249,06;-512,65;-143.871,27;-213.205,68
1.9.9.9.99.2.1.04.00.00;Receita de Eventos - Carnaval;1.066,09;1.066,09;1.066,09;1.066,09;1.066,09;1.066,09;1.066,09;1.066,09;1.066,09;1.066,09;1.066,09;1.066,11;12.793,10;0,00;1.644,01;1.279,21;0,00;0,00;0,00;0,00;0,00;0,00;0,00;0,00;0,00;2.923,22;-1.066,09;577,92;213,12;-1.066,09;-1.066,09;-1.066,09;-1.066,09;-1.066,09;-1.066,09;-1.066,09;-1.066,09;-1.066,11;-9.869,88
1.9.9.9.99.2.1.04.00.00;Receita de Eventos - Carnaval;1.066,09;1.066,09;1.066,09;1.066,09;1.066,09;1.066,09;1.066,09;1.066,09;1.066,09;1.066,09;1.066,09;1.066,11;12.793,10;0,00;1.644,01;1.279,21;0,00;0,00;0,00;0,00;0,00;0,00;0,00;0,00;0,00;2.923,22;-1.066,09;577,92;213,12;-1.066,09;-1.066,09;-1.066,09;-1.066,09;-1.066,09;-1.066,09;-1.066,09;-1.066,09;-1.066,11;-9.869,88
1.9.9.9.99.2.1.05.00.00;Receita de Eventos - Exposição Agropecuária;0,00;0,00;0,00;8.009,11;763.597,65;0,00;0,00;0,00;98.465,00;0,00;0,00;0,00;870.071,76;0,00;0,00;0,00;38.393,60;1.098.980,33;0,00;0,00;0,00;521,97;0,00;0,00;0,00;1.137.895,90;0,00;0,00;0,00;30.384,49;335.382,68;0,00;0,00;0,00;-97.943,03;0,00;0,00;0,00;267.824,14
1.9.9.9.99.2.1.06.00.00;Receita de Eventos - Festa das Rosas;0,00;0,00;0,00;0,00;0,00;0,00;0,00;0,00;5.748,32;646.751,68;0,00;0,00;652.500,00;0,00;0,00;0,00;0,00;0,00;0,00;0,00;0,00;76.856,68;148.252,15;0,00;0,00;225.108,83;0,00;0,00;0,00;0,00;0,00;0,00;0,00;0,00;71.108,36;-498.499,53;0,00;0,00;-427.391,17
1.9.9.9.99.2.1.07.00.00;Outras Receitas Diversas;3.689,88;3.689,88;3.689,88;3.689,88;3.689,88;3.689,88;3.689,88;3.689,88;3.689,88;3.689,88;3.689,88;3.689,91;44.278,59;0,00;0,00;0,00;47.624,52;0,00;41.593,85;0,00;0,00;0,00;0,00;0,00;0,00;89.218,37;-3.689,88;-3.689,88;-3.689,88;43.934,64;-3.689,88;37.903,97;-3.689,88;-3.689,88;-3.689,88;-3.689,88;-3.689,88;-3.689,91;44.939,78
1.9.9.9.99.2.1.08.00.00;Receita de Eventos - Expô Senhora das Dores;0,00;0,00;0,00;0,00;0,00;49.543,51;0,00;0,00;0,00;0,00;0,00;0,00;49.543,51;0,00;0,00;0,00;0,00;0,00;1.014,75;0,00;0,00;0,00;0,00;0,00;0,00;1.014,75;0,00;0,00;0,00;0,00;0,00;-48.528,76;0,00;0,00;0,00;0,00;0,00;0,00;-48.528,76
1.9.9.9.99.2.1.09.00.00;Receita de Eventos - Arraiá BQ;0,00;0,00;0,00;0,00;0,00;0,00;218.046,40;0,00;0,00;0,00;0,00;0,00;218.046,40;0,00;0,00;0,00;0,00;0,00;0,00;0,00;0,00;0,00;0,00;0,00;0,00;0,00;0,00;0,00;0,00;0,00;0,00;0,00;-218.046,40;0,00;0,00;0,00;0,00;0,00;-218.046,40
1.9.9.9.99.2.1.11.00.00;Receita de Eventos Comemorativos em Geral;0,00;0,00;0,00;732,68;0,00;0,00;2.763,28;5.628,35;3.127,09;0,00;0,00;0,00;12.251,40;0,00;298,08;0,00;1.284,27;0,00;819,61;394,28;0,00;1.469,13;0,00;0,00;0,00;4.265,37;0,00;298,08;0,00;551,59;0,00;819,61;-2.369,00;-5.628,35;-1.657,96;0,00;0,00;0,00;-7.986,03
2.1.1.2.52.0.1.00.00.00;Operações de Crédito Internas para Programas de Saneamento;1.122.422,03;1.122.422,03;1.122.422,03;1.122.422,03;1.122.422,03;1.122.422,03;1.122.422,03;1.122.422,03;1.122.422,03;1.122.422,03;1.122.422,03;1.122.422,07;13.469.064,40;0,00;0,00;0,00;0,00;0,00;0,00;0,00;0,00;0,00;0,00;0,00;0,00;0,00;-1.122.422,03;-1.122.422,03;-1.122.422,03;-1.122.422,03;-1.122.422,03;-1.122.422,03;-1.122.422,03;-1.122.422,03;-1.122.422,03;-1.122.422,03;-1.122.422,03;-1.122.422,07;-13.469.064,40
2.2.1.3.01.0.1.00.00.00;Alienação de Bens Móveis e Semoventes - Principal;21.524,32;21.524,32;21.524,32;21.524,32;21.524,32;21.524,32;21.524,32;21.524,32;21.524,32;21.524,32;21.524,32;21.524,33;258.291,85;0,00;1.285,56;0,00;0,00;0,00;0,00;0,00;0,00;0,00;0,00;0,00;0,00;1.285,56;-21.524,32;-20.238,76;-21.524,32;-21.524,32;-21.524,32;-21.524,32;-21.524,32;-21.524,32;-21.524,32;-21.524,32;-21.524,32;-21.524,33;-257.006,29
2.4.1.2.50.9.1.01.00.00;Transf.Recursos Destinados a Programas de Educação;62.225,12;62.225,12;62.225,12;62.225,12;62.225,12;62.225,12;62.225,12;62.225,12;62.225,12;62.225,12;62.225,12;62.225,12;746.701,44;0,00;0,00;0,00;0,00;0,00;0,00;0,00;0,00;0,00;0,00;0,00;0,00;0,00;-62.225,12;-62.225,12;-62.225,12;-62.225,12;-62.225,12;-62.225,12;-62.225,12;-62.225,12;-62.225,12;-62.225,12;-62.225,12;-62.225,12;-746.701,44
2.4.1.3.50.0.1.01.00.00;Transf.Recursos FNAS - PROCAD–SUAS;8.129,50;8.129,50;8.129,50;8.129,50;8.129,50;8.129,50;8.129,50;8.129,50;8.129,50;8.129,50;8.129,50;8.129,51;97.554,01;0,00;0,00;0,00;0,00;0,00;0,00;44.761,33;0,00;44.761,33;0,00;0,00;0,00;89.522,66;-8.129,50;-8.129,50;-8.129,50;-8.129,50;-8.129,50;-8.129,50;36.631,83;-8.129,50;36.631,83;-8.129,50;-8.129,50;-8.129,51;-8.031,35
2.4.1.4.51.0.1.01.00.00;Transf.Convênios União destinadas a Programas de Educação;19.678,42;19.678,42;19.678,42;19.678,42;19.678,42;19.678,42;19.678,42;19.678,42;19.678,42;19.678,42;19.678,42;19.678,40;236.141,02;0,00;0,00;0,00;0,00;0,00;0,00;0,00;0,00;0,00;0,00;0,00;0,00;0,00;-19.678,42;-19.678,42;-19.678,42;-19.678,42;-19.678,42;-19.678,42;-19.678,42;-19.678,42;-19.678,42;-19.678,42;-19.678,42;-19.678,40;-236.141,02
2.4.1.4.52.0.1.01.00.00;Transf.Convênios União destinadas Progr.Saneamento Básico;55.711,45;55.711,45;55.711,45;55.711,45;55.711,45;55.711,45;55.711,45;55.711,45;55.711,45;55.711,45;55.711,45;55.711,45;668.537,40;0,00;0,00;0,00;0,00;0,00;0,00;0,00;0,00;0,00;0,00;0,00;0,00;0,00;-55.711,45;-55.711,45;-55.711,45;-55.711,45;-55.711,45;-55.711,45;-55.711,45;-55.711,45;-55.711,45;-55.711,45;-55.711,45;-55.711,45;-668.537,40
2.4.1.4.99.0.1.01.00.00;Outras Transf.Convênios da União e de Suas Entidades;144.014,06;144.014,06;144.014,06;144.014,06;144.014,06;144.014,06;144.014,06;144.014,06;144.014,06;144.014,06;144.014,06;144.014,09;1.728.168,75;0,00;0,00;0,00;0,00;0,00;0,00;0,00;0,00;0,00;0,00;0,00;0,00;0,00;-144.014,06;-144.014,06;-144.014,06;-144.014,06;-144.014,06;-144.014,06;-144.014,06;-144.014,06;-144.014,06;-144.014,06;-144.014,06;-144.014,09;-1.728.168,75
2.4.1.9.51.0.1.06.00.00;Outras Transf. - Emenda Parlamentar 202544370005 - Investimento;0,00;0,00;0,00;0,00;0,00;0,00;0,00;0,00;0,00;0,00;0,00;0,00;0,00;0,00;0,00;0,00;0,00;0,00;0,00;0,00;0,00;396.000,00;0,00;0,00;0,00;396.000,00;0,00;0,00;0,00;0,00;0,00;0,00;0,00;0,00;396.000,00;0,00;0,00;0,00;396.000,00
2.4.2.9.99.0.1.10.00.00;Transf.Especial Investimento - 9466287;0,00;0,00;0,00;0,00;0,00;0,00;0,00;0,00;0,00;0,00;0,00;0,00;0,00;0,00;0,00;0,00;0,00;300.000,00;0,00;0,00;0,00;0,00;0,00;0,00;0,00;300.000,00;0,00;0,00;0,00;0,00;300.000,00;0,00;0,00;0,00;0,00;0,00;0,00;0,00;300.000,00
2.4.2.9.99.0.1.11.00.00;Transf.Especial Investimento - 9466303;0,00;0,00;0,00;0,00;0,00;0,00;0,00;0,00;0,00;0,00;0,00;0,00;0,00;0,00;0,00;0,00;0,00;300.000,00;0,00;0,00;0,00;0,00;0,00;0,00;0,00;300.000,00;0,00;0,00;0,00;0,00;300.000,00;0,00;0,00;0,00;0,00;0,00;0,00;0,00;300.000,00
2.4.2.9.99.0.1.14.00.00;Transf.Especial Investimento - 9464484;0,00;0,00;0,00;0,00;0,00;0,00;0,00;0,00;0,00;0,00;0,00;0,00;0,00;0,00;0,00;0,00;0,00;0,00;430.000,00;0,00;0,00;0,00;0,00;0,00;0,00;430.000,00;0,00;0,00;0,00;0,00;0,00;430.000,00;0,00;0,00;0,00;0,00;0,00;0,00;430.000,00
2.4.2.9.99.0.1.15.00.00;Transf.Especial Investimento - 9464794;0,00;0,00;0,00;0,00;0,00;0,00;0,00;0,00;0,00;0,00;0,00;0,00;0,00;0,00;0,00;0,00;0,00;0,00;50.000,00;0,00;0,00;0,00;0,00;0,00;0,00;50.000,00;0,00;0,00;0,00;0,00;0,00;50.000,00;0,00;0,00;0,00;0,00;0,00;0,00;50.000,00
2.4.2.9.99.0.1.16.00.00;Transf.Especial Investimento - 9464895;0,00;0,00;0,00;0,00;0,00;0,00;0,00;0,00;0,00;0,00;0,00;0,00;0,00;0,00;0,00;0,00;0,00;0,00;70.000,00;0,00;0,00;0,00;0,00;0,00;0,00;70.000,00;0,00;0,00;0,00;0,00;0,00;70.000,00;0,00;0,00;0,00;0,00;0,00;0,00;70.000,00
2.4.2.9.99.0.1.17.00.00;Transf.Especial Investimento - 9464913;0,00;0,00;0,00;0,00;0,00;0,00;0,00;0,00;0,00;0,00;0,00;0,00;0,00;0,00;0,00;0,00;0,00;0,00;100.000,00;0,00;0,00;0,00;0,00;0,00;0,00;100.000,00;0,00;0,00;0,00;0,00;0,00;100.000,00;0,00;0,00;0,00;0,00;0,00;0,00;100.000,00
2.4.2.9.99.0.1.18.00.00;Transf.Especial Investimento - 9466566;0,00;0,00;0,00;0,00;0,00;0,00;0,00;0,00;0,00;0,00;0,00;0,00;0,00;0,00;0,00;0,00;0,00;0,00;116.367,87;0,00;0,00;0,00;0,00;0,00;0,00;116.367,87;0,00;0,00;0,00;0,00;0,00;116.367,87;0,00;0,00;0,00;0,00;0,00;0,00;116.367,87
