Entidade;Número do Organograma;Descrição do organograma;Número da ação;Descrição da ação;Número do programa;Descrição do programa;Número da função;Descrição da função;Número da subfunção;Descrição da subfunção;Número da despesa;Natureza de Despesa;Descrição da natureza de despesa;Recurso;Descrição do recurso;Valor orçado atualizado da despesa
FUNDO MUNICIPAL DE SAÚDE DE BARBACENA;18.002;FUNDO MUNICIPAL DE SAUDE;0.001;PAGAMENTOS DE PRECATÓRIOS E SENTENÇAS JUDICIAIS CONDENATÓRIAS DA SAÚDE;0;ENCARGOS DO MUNICIPIO;10;Saúde;122;Administração Geral;1;3.1.90.91.00.00.00.00;SENTENÇAS JUDICIAIS;1.500.000.1002;RECURSOS NÃO VINCULADOS DE IMPOSTOS (SAÚDE);1.000,00
FUNDO MUNICIPAL DE SAÚDE DE BARBACENA;18.002;FUNDO MUNICIPAL DE SAUDE;0.001;PAGAMENTOS DE PRECATÓRIOS E SENTENÇAS JUDICIAIS CONDENATÓRIAS DA SAÚDE;0;ENCARGOS DO MUNICIPIO;10;Saúde;122;Administração Geral;2;3.3.90.91.00.00.00.00;SENTENÇAS JUDICIAIS;1.500.000.1002;RECURSOS NÃO VINCULADOS DE IMPOSTOS (SAÚDE);60.987,36
FUNDO MUNICIPAL DE SAÚDE DE BARBACENA;18.002;FUNDO MUNICIPAL DE SAUDE;0.001;PAGAMENTOS DE PRECATÓRIOS E SENTENÇAS JUDICIAIS CONDENATÓRIAS DA SAÚDE;0;ENCARGOS DO MUNICIPIO;10;Saúde;122;Administração Geral;3;3.3.90.92.00.00.00.00;DESPESAS DE EXERCÍCIOS ANTERIORES;1.500.000.1002;RECURSOS NÃO VINCULADOS DE IMPOSTOS (SAÚDE);1.000,00
FUNDO MUNICIPAL DE SAÚDE DE BARBACENA;18.002;FUNDO MUNICIPAL DE SAUDE;0.001;PAGAMENTOS DE PRECATÓRIOS E SENTENÇAS JUDICIAIS CONDENATÓRIAS DA SAÚDE;0;ENCARGOS DO MUNICIPIO;10;Saúde;122;Administração Geral;4;4.4.90.91.00.00.00.00;SENTENÇAS JUDICIAIS;1.500.000.1002;RECURSOS NÃO VINCULADOS DE IMPOSTOS (SAÚDE);1.000,00
FUNDO MUNICIPAL DE SAÚDE DE BARBACENA;18.002;FUNDO MUNICIPAL DE SAUDE;1.288;CONSTRUÇAO, REFORMA, READEQUAÇAO E AMPLIAÇAO DE UBS;2;ATENÇAO PRIMÁRIA;10;Saúde;301;Atenção Básica;77;3.3.90.39.00.00.00.00;OUTROS SERVIÇOS DE TERCEIROS - PESSOA JURÍDICA;1.601.000.0000;TRANSFERÊNCIAS FUNDO A FUNDO DE RECURSOS DO SUS PROVENIENTES DO GOVERNO FEDERAL - BLOCO DE ESTRUTURAÇÃO DA REDE DE SERVIÇOS PÚBLICOS DE SAÚDE;100,00
FUNDO MUNICIPAL DE SAÚDE DE BARBACENA;18.002;FUNDO MUNICIPAL DE SAUDE;1.288;CONSTRUÇAO, REFORMA, READEQUAÇAO E AMPLIAÇAO DE UBS;2;ATENÇAO PRIMÁRIA;10;Saúde;301;Atenção Básica;78;3.3.90.93.00.00.00.00;INDENIZAÇÕES E RESTITUIÇÕES;1.601.000.0000;TRANSFERÊNCIAS FUNDO A FUNDO DE RECURSOS DO SUS PROVENIENTES DO GOVERNO FEDERAL - BLOCO DE ESTRUTURAÇÃO DA REDE DE SERVIÇOS PÚBLICOS DE SAÚDE;100,00
FUNDO MUNICIPAL DE SAÚDE DE BARBACENA;18.002;FUNDO MUNICIPAL DE SAUDE;1.288;CONSTRUÇAO, REFORMA, READEQUAÇAO E AMPLIAÇAO DE UBS;2;ATENÇAO PRIMÁRIA;10;Saúde;301;Atenção Básica;79;4.4.90.51.00.00.00.00;OBRAS E INSTALAÇÕES;1.500.000.1002;RECURSOS NÃO VINCULADOS DE IMPOSTOS (SAÚDE);100,00
FUNDO MUNICIPAL DE SAÚDE DE BARBACENA;18.002;FUNDO MUNICIPAL DE SAUDE;1.288;CONSTRUÇAO, REFORMA, READEQUAÇAO E AMPLIAÇAO DE UBS;2;ATENÇAO PRIMÁRIA;10;Saúde;301;Atenção Básica;79;4.4.90.51.00.00.00.00;OBRAS E INSTALAÇÕES;2.600.000.0000;TRANSFERÊNCIAS FUNDO A FUNDO DE RECURSOS DO SUS PROVENIENTES DO GOVERNO FEDERAL - BLOCO DE MANUTENÇÃO DAS AÇÕES E SERVIÇOS PÚBLICOS DE SAÚDE;97.151,70
FUNDO MUNICIPAL DE SAÚDE DE BARBACENA;18.002;FUNDO MUNICIPAL DE SAUDE;1.288;CONSTRUÇAO, REFORMA, READEQUAÇAO E AMPLIAÇAO DE UBS;2;ATENÇAO PRIMÁRIA;10;Saúde;301;Atenção Básica;79;4.4.90.51.00.00.00.00;OBRAS E INSTALAÇÕES;2.621.000.0000;TRANSFERÊNCIAS FUNDO A FUNDO DE RECURSOS DO SUS PROVENIENTES DO GOVERNO ESTADUAL;66.914,99
FUNDO MUNICIPAL DE SAÚDE DE BARBACENA;18.002;FUNDO MUNICIPAL DE SAUDE;2.025;MANUTENÇÃO DA REDE DE ATENÇÃO PRIMÁRIA;2;ATENÇAO PRIMÁRIA;10;Saúde;301;Atenção Básica;80;3.1.90.04.00.00.00.00;CONTRATAÇÃO POR TEMPO DETERMINADO;1.500.000.1002;RECURSOS NÃO VINCULADOS DE IMPOSTOS (SAÚDE);4.554.403,13
FUNDO MUNICIPAL DE SAÚDE DE BARBACENA;18.002;FUNDO MUNICIPAL DE SAUDE;2.025;MANUTENÇÃO DA REDE DE ATENÇÃO PRIMÁRIA;2;ATENÇAO PRIMÁRIA;10;Saúde;301;Atenção Básica;80;3.1.90.04.00.00.00.00;CONTRATAÇÃO POR TEMPO DETERMINADO;1.600.000.0000;TRANSFERÊNCIAS FUNDO A FUNDO DE RECURSOS DO SUS PROVENIENTES DO GOVERNO FEDERAL - BLOCO DE MANUTENÇÃO DAS AÇÕES E SERVIÇOS PÚBLICOS DE SAÚDE;5.377.487,55
FUNDO MUNICIPAL DE SAÚDE DE BARBACENA;18.002;FUNDO MUNICIPAL DE SAUDE;2.025;MANUTENÇÃO DA REDE DE ATENÇÃO PRIMÁRIA;2;ATENÇAO PRIMÁRIA;10;Saúde;301;Atenção Básica;80;3.1.90.04.00.00.00.00;CONTRATAÇÃO POR TEMPO DETERMINADO;2.621.000.0000;TRANSFERÊNCIAS FUNDO A FUNDO DE RECURSOS DO SUS PROVENIENTES DO GOVERNO ESTADUAL;34.997,54
FUNDO MUNICIPAL DE SAÚDE DE BARBACENA;18.002;FUNDO MUNICIPAL DE SAUDE;2.025;MANUTENÇÃO DA REDE DE ATENÇÃO PRIMÁRIA;2;ATENÇAO PRIMÁRIA;10;Saúde;301;Atenção Básica;81;3.1.90.11.00.00.00.00;VENCIMENTOS E VANTAGENS FIXAS - PESSOAL CIVIL;1.500.000.1002;RECURSOS NÃO VINCULADOS DE IMPOSTOS (SAÚDE);1.767.073,96
FUNDO MUNICIPAL DE SAÚDE DE BARBACENA;18.002;FUNDO MUNICIPAL DE SAUDE;2.025;MANUTENÇÃO DA REDE DE ATENÇÃO PRIMÁRIA;2;ATENÇAO PRIMÁRIA;10;Saúde;301;Atenção Básica;81;3.1.90.11.00.00.00.00;VENCIMENTOS E VANTAGENS FIXAS - PESSOAL CIVIL;1.600.000.0000;TRANSFERÊNCIAS FUNDO A FUNDO DE RECURSOS DO SUS PROVENIENTES DO GOVERNO FEDERAL - BLOCO DE MANUTENÇÃO DAS AÇÕES E SERVIÇOS PÚBLICOS DE SAÚDE;461.066,57
FUNDO MUNICIPAL DE SAÚDE DE BARBACENA;18.002;FUNDO MUNICIPAL DE SAUDE;2.025;MANUTENÇÃO DA REDE DE ATENÇÃO PRIMÁRIA;2;ATENÇAO PRIMÁRIA;10;Saúde;301;Atenção Básica;82;3.1.90.92.00.00.00.00;DESPESAS DE EXERCÍCIOS ANTERIORES;1.500.000.1002;RECURSOS NÃO VINCULADOS DE IMPOSTOS (SAÚDE);500,00
FUNDO MUNICIPAL DE SAÚDE DE BARBACENA;18.002;FUNDO MUNICIPAL DE SAUDE;2.025;MANUTENÇÃO DA REDE DE ATENÇÃO PRIMÁRIA;2;ATENÇAO PRIMÁRIA;10;Saúde;301;Atenção Básica;83;3.1.91.13.00.00.00.00;OBRIGAÇÕES PATRONAIS;1.500.000.1002;RECURSOS NÃO VINCULADOS DE IMPOSTOS (SAÚDE);348.591,56
FUNDO MUNICIPAL DE SAÚDE DE BARBACENA;18.002;FUNDO MUNICIPAL DE SAUDE;2.025;MANUTENÇÃO DA REDE DE ATENÇÃO PRIMÁRIA;2;ATENÇAO PRIMÁRIA;10;Saúde;301;Atenção Básica;83;3.1.91.13.00.00.00.00;OBRIGAÇÕES PATRONAIS;1.600.000.0000;TRANSFERÊNCIAS FUNDO A FUNDO DE RECURSOS DO SUS PROVENIENTES DO GOVERNO FEDERAL - BLOCO DE MANUTENÇÃO DAS AÇÕES E SERVIÇOS PÚBLICOS DE SAÚDE;250.304,47
FUNDO MUNICIPAL DE SAÚDE DE BARBACENA;18.002;FUNDO MUNICIPAL DE SAUDE;2.025;MANUTENÇÃO DA REDE DE ATENÇÃO PRIMÁRIA;2;ATENÇAO PRIMÁRIA;10;Saúde;301;Atenção Básica;84;3.3.90.08.00.00.00.00;OUTROS BENEFÍCIOS ASSISTENCIAIS-SERVIDOR/MILITAR;1.500.000.1002;RECURSOS NÃO VINCULADOS DE IMPOSTOS (SAÚDE);3.000,00
FUNDO MUNICIPAL DE SAÚDE DE BARBACENA;18.002;FUNDO MUNICIPAL DE SAUDE;2.025;MANUTENÇÃO DA REDE DE ATENÇÃO PRIMÁRIA;2;ATENÇAO PRIMÁRIA;10;Saúde;301;Atenção Básica;84;3.3.90.08.00.00.00.00;OUTROS BENEFÍCIOS ASSISTENCIAIS-SERVIDOR/MILITAR;1.600.000.0000;TRANSFERÊNCIAS FUNDO A FUNDO DE RECURSOS DO SUS PROVENIENTES DO GOVERNO FEDERAL - BLOCO DE MANUTENÇÃO DAS AÇÕES E SERVIÇOS PÚBLICOS DE SAÚDE;1.000,00
FUNDO MUNICIPAL DE SAÚDE DE BARBACENA;18.002;FUNDO MUNICIPAL DE SAUDE;2.025;MANUTENÇÃO DA REDE DE ATENÇÃO PRIMÁRIA;2;ATENÇAO PRIMÁRIA;10;Saúde;301;Atenção Básica;85;3.3.90.14.00.00.00.00;DIÁRIAS - PESSOAL CIVIL;1.600.000.0000;TRANSFERÊNCIAS FUNDO A FUNDO DE RECURSOS DO SUS PROVENIENTES DO GOVERNO FEDERAL - BLOCO DE MANUTENÇÃO DAS AÇÕES E SERVIÇOS PÚBLICOS DE SAÚDE;5.000,00
FUNDO MUNICIPAL DE SAÚDE DE BARBACENA;18.002;FUNDO MUNICIPAL DE SAUDE;2.025;MANUTENÇÃO DA REDE DE ATENÇÃO PRIMÁRIA;2;ATENÇAO PRIMÁRIA;10;Saúde;301;Atenção Básica;86;3.3.90.18.00.00.00.00;AUXÍLIO FINANCEIRO A ESTUDANTES;1.500.000.1002;RECURSOS NÃO VINCULADOS DE IMPOSTOS (SAÚDE);1.000,00
FUNDO MUNICIPAL DE SAÚDE DE BARBACENA;18.002;FUNDO MUNICIPAL DE SAUDE;2.025;MANUTENÇÃO DA REDE DE ATENÇÃO PRIMÁRIA;2;ATENÇAO PRIMÁRIA;10;Saúde;301;Atenção Básica;86;3.3.90.18.00.00.00.00;AUXÍLIO FINANCEIRO A ESTUDANTES;1.600.000.0000;TRANSFERÊNCIAS FUNDO A FUNDO DE RECURSOS DO SUS PROVENIENTES DO GOVERNO FEDERAL - BLOCO DE MANUTENÇÃO DAS AÇÕES E SERVIÇOS PÚBLICOS DE SAÚDE;500,00
FUNDO MUNICIPAL DE SAÚDE DE BARBACENA;18.002;FUNDO MUNICIPAL DE SAUDE;2.025;MANUTENÇÃO DA REDE DE ATENÇÃO PRIMÁRIA;2;ATENÇAO PRIMÁRIA;10;Saúde;301;Atenção Básica;87;3.3.90.30.00.00.00.00;MATERIAL DE CONSUMO;1.500.000.1002;RECURSOS NÃO VINCULADOS DE IMPOSTOS (SAÚDE);1.000,00
FUNDO MUNICIPAL DE SAÚDE DE BARBACENA;18.002;FUNDO MUNICIPAL DE SAUDE;2.025;MANUTENÇÃO DA REDE DE ATENÇÃO PRIMÁRIA;2;ATENÇAO PRIMÁRIA;10;Saúde;301;Atenção Básica;87;3.3.90.30.00.00.00.00;MATERIAL DE CONSUMO;1.600.000.0000;TRANSFERÊNCIAS FUNDO A FUNDO DE RECURSOS DO SUS PROVENIENTES DO GOVERNO FEDERAL - BLOCO DE MANUTENÇÃO DAS AÇÕES E SERVIÇOS PÚBLICOS DE SAÚDE;591.720,26
FUNDO MUNICIPAL DE SAÚDE DE BARBACENA;18.002;FUNDO MUNICIPAL DE SAUDE;2.025;MANUTENÇÃO DA REDE DE ATENÇÃO PRIMÁRIA;2;ATENÇAO PRIMÁRIA;10;Saúde;301;Atenção Básica;87;3.3.90.30.00.00.00.00;MATERIAL DE CONSUMO;1.621.000.0000;TRANSFERÊNCIAS FUNDO A FUNDO DE RECURSOS DO SUS PROVENIENTES DO GOVERNO ESTADUAL;150.000,00
FUNDO MUNICIPAL DE SAÚDE DE BARBACENA;18.002;FUNDO MUNICIPAL DE SAUDE;2.025;MANUTENÇÃO DA REDE DE ATENÇÃO PRIMÁRIA;2;ATENÇAO PRIMÁRIA;10;Saúde;301;Atenção Básica;87;3.3.90.30.00.00.00.00;MATERIAL DE CONSUMO;2.600.000.3120;TRANSFERÊNCIAS FUNDO A FUNDO DE RECURSOS DO SUS PROVENIENTES DO GOVERNO FEDERAL - BLOCO DE MANUTENÇÃO DAS AÇÕES E SERVIÇOS PÚBLICOS DE SAÚDE;15.601,40
FUNDO MUNICIPAL DE SAÚDE DE BARBACENA;18.002;FUNDO MUNICIPAL DE SAUDE;2.025;MANUTENÇÃO DA REDE DE ATENÇÃO PRIMÁRIA;2;ATENÇAO PRIMÁRIA;10;Saúde;301;Atenção Básica;87;3.3.90.30.00.00.00.00;MATERIAL DE CONSUMO;2.621.000.0000;TRANSFERÊNCIAS FUNDO A FUNDO DE RECURSOS DO SUS PROVENIENTES DO GOVERNO ESTADUAL;121.567,93
FUNDO MUNICIPAL DE SAÚDE DE BARBACENA;18.002;FUNDO MUNICIPAL DE SAUDE;2.025;MANUTENÇÃO DA REDE DE ATENÇÃO PRIMÁRIA;2;ATENÇAO PRIMÁRIA;10;Saúde;301;Atenção Básica;88;3.3.90.36.00.00.00.00;OUTROS SERVIÇOS DE TERCEIROS - PESSOA FÍSICA;1.600.000.0000;TRANSFERÊNCIAS FUNDO A FUNDO DE RECURSOS DO SUS PROVENIENTES DO GOVERNO FEDERAL - BLOCO DE MANUTENÇÃO DAS AÇÕES E SERVIÇOS PÚBLICOS DE SAÚDE;44.379,11
FUNDO MUNICIPAL DE SAÚDE DE BARBACENA;18.002;FUNDO MUNICIPAL DE SAUDE;2.025;MANUTENÇÃO DA REDE DE ATENÇÃO PRIMÁRIA;2;ATENÇAO PRIMÁRIA;10;Saúde;301;Atenção Básica;88;3.3.90.36.00.00.00.00;OUTROS SERVIÇOS DE TERCEIROS - PESSOA FÍSICA;1.621.000.0000;TRANSFERÊNCIAS FUNDO A FUNDO DE RECURSOS DO SUS PROVENIENTES DO GOVERNO ESTADUAL;1.000,00
FUNDO MUNICIPAL DE SAÚDE DE BARBACENA;18.002;FUNDO MUNICIPAL DE SAUDE;2.025;MANUTENÇÃO DA REDE DE ATENÇÃO PRIMÁRIA;2;ATENÇAO PRIMÁRIA;10;Saúde;301;Atenção Básica;88;3.3.90.36.00.00.00.00;OUTROS SERVIÇOS DE TERCEIROS - PESSOA FÍSICA;2.621.000.0000;TRANSFERÊNCIAS FUNDO A FUNDO DE RECURSOS DO SUS PROVENIENTES DO GOVERNO ESTADUAL;50.400,00
FUNDO MUNICIPAL DE SAÚDE DE BARBACENA;18.002;FUNDO MUNICIPAL DE SAUDE;2.025;MANUTENÇÃO DA REDE DE ATENÇÃO PRIMÁRIA;2;ATENÇAO PRIMÁRIA;10;Saúde;301;Atenção Básica;89;3.3.90.39.00.00.00.00;OUTROS SERVIÇOS DE TERCEIROS - PESSOA JURÍDICA;1.500.000.1002;RECURSOS NÃO VINCULADOS DE IMPOSTOS (SAÚDE);156.934,58
FUNDO MUNICIPAL DE SAÚDE DE BARBACENA;18.002;FUNDO MUNICIPAL DE SAUDE;2.025;MANUTENÇÃO DA REDE DE ATENÇÃO PRIMÁRIA;2;ATENÇAO PRIMÁRIA;10;Saúde;301;Atenção Básica;89;3.3.90.39.00.00.00.00;OUTROS SERVIÇOS DE TERCEIROS - PESSOA JURÍDICA;1.600.000.0000;TRANSFERÊNCIAS FUNDO A FUNDO DE RECURSOS DO SUS PROVENIENTES DO GOVERNO FEDERAL - BLOCO DE MANUTENÇÃO DAS AÇÕES E SERVIÇOS PÚBLICOS DE SAÚDE;514.677,52
FUNDO MUNICIPAL DE SAÚDE DE BARBACENA;18.002;FUNDO MUNICIPAL DE SAUDE;2.025;MANUTENÇÃO DA REDE DE ATENÇÃO PRIMÁRIA;2;ATENÇAO PRIMÁRIA;10;Saúde;301;Atenção Básica;89;3.3.90.39.00.00.00.00;OUTROS SERVIÇOS DE TERCEIROS - PESSOA JURÍDICA;1.621.000.0000;TRANSFERÊNCIAS FUNDO A FUNDO DE RECURSOS DO SUS PROVENIENTES DO GOVERNO ESTADUAL;523.227,89
FUNDO MUNICIPAL DE SAÚDE DE BARBACENA;18.002;FUNDO MUNICIPAL DE SAUDE;2.025;MANUTENÇÃO DA REDE DE ATENÇÃO PRIMÁRIA;2;ATENÇAO PRIMÁRIA;10;Saúde;301;Atenção Básica;89;3.3.90.39.00.00.00.00;OUTROS SERVIÇOS DE TERCEIROS - PESSOA JURÍDICA;2.600.000.0000;TRANSFERÊNCIAS FUNDO A FUNDO DE RECURSOS DO SUS PROVENIENTES DO GOVERNO FEDERAL - BLOCO DE MANUTENÇÃO DAS AÇÕES E SERVIÇOS PÚBLICOS DE SAÚDE;48.000,01
FUNDO MUNICIPAL DE SAÚDE DE BARBACENA;18.002;FUNDO MUNICIPAL DE SAUDE;2.025;MANUTENÇÃO DA REDE DE ATENÇÃO PRIMÁRIA;2;ATENÇAO PRIMÁRIA;10;Saúde;301;Atenção Básica;89;3.3.90.39.00.00.00.00;OUTROS SERVIÇOS DE TERCEIROS - PESSOA JURÍDICA;2.621.000.0000;TRANSFERÊNCIAS FUNDO A FUNDO DE RECURSOS DO SUS PROVENIENTES DO GOVERNO ESTADUAL;678.424,88
FUNDO MUNICIPAL DE SAÚDE DE BARBACENA;18.002;FUNDO MUNICIPAL DE SAUDE;2.025;MANUTENÇÃO DA REDE DE ATENÇÃO PRIMÁRIA;2;ATENÇAO PRIMÁRIA;10;Saúde;301;Atenção Básica;90;3.3.90.40.00.00.00.00;SERVIÇOS DE TECNOLOGIA DA INFORMAÇÃO E COMUNICAÇ;1.500.000.1002;RECURSOS NÃO VINCULADOS DE IMPOSTOS (SAÚDE);500,00
FUNDO MUNICIPAL DE SAÚDE DE BARBACENA;18.002;FUNDO MUNICIPAL DE SAUDE;2.025;MANUTENÇÃO DA REDE DE ATENÇÃO PRIMÁRIA;2;ATENÇAO PRIMÁRIA;10;Saúde;301;Atenção Básica;90;3.3.90.40.00.00.00.00;SERVIÇOS DE TECNOLOGIA DA INFORMAÇÃO E COMUNICAÇ;1.600.000.0000;TRANSFERÊNCIAS FUNDO A FUNDO DE RECURSOS DO SUS PROVENIENTES DO GOVERNO FEDERAL - BLOCO DE MANUTENÇÃO DAS AÇÕES E SERVIÇOS PÚBLICOS DE SAÚDE;1.500,00
FUNDO MUNICIPAL DE SAÚDE DE BARBACENA;18.002;FUNDO MUNICIPAL DE SAUDE;2.025;MANUTENÇÃO DA REDE DE ATENÇÃO PRIMÁRIA;2;ATENÇAO PRIMÁRIA;10;Saúde;301;Atenção Básica;91;3.3.90.46.00.00.00.00;AUXÍLIO-ALIMENTAÇÃO;1.500.000.1002;RECURSOS NÃO VINCULADOS DE IMPOSTOS (SAÚDE);394.900,00
FUNDO MUNICIPAL DE SAÚDE DE BARBACENA;18.002;FUNDO MUNICIPAL DE SAUDE;2.025;MANUTENÇÃO DA REDE DE ATENÇÃO PRIMÁRIA;2;ATENÇAO PRIMÁRIA;10;Saúde;301;Atenção Básica;91;3.3.90.46.00.00.00.00;AUXÍLIO-ALIMENTAÇÃO;1.600.000.0000;TRANSFERÊNCIAS FUNDO A FUNDO DE RECURSOS DO SUS PROVENIENTES DO GOVERNO FEDERAL - BLOCO DE MANUTENÇÃO DAS AÇÕES E SERVIÇOS PÚBLICOS DE SAÚDE;583.426,21
FUNDO MUNICIPAL DE SAÚDE DE BARBACENA;18.002;FUNDO MUNICIPAL DE SAUDE;2.025;MANUTENÇÃO DA REDE DE ATENÇÃO PRIMÁRIA;2;ATENÇAO PRIMÁRIA;10;Saúde;301;Atenção Básica;91;3.3.90.46.00.00.00.00;AUXÍLIO-ALIMENTAÇÃO;1.621.000.0000;TRANSFERÊNCIAS FUNDO A FUNDO DE RECURSOS DO SUS PROVENIENTES DO GOVERNO ESTADUAL;24.948,00
FUNDO MUNICIPAL DE SAÚDE DE BARBACENA;18.002;FUNDO MUNICIPAL DE SAUDE;2.025;MANUTENÇÃO DA REDE DE ATENÇÃO PRIMÁRIA;2;ATENÇAO PRIMÁRIA;10;Saúde;301;Atenção Básica;91;3.3.90.46.00.00.00.00;AUXÍLIO-ALIMENTAÇÃO;2.621.000.0000;TRANSFERÊNCIAS FUNDO A FUNDO DE RECURSOS DO SUS PROVENIENTES DO GOVERNO ESTADUAL;5.980,00
FUNDO MUNICIPAL DE SAÚDE DE BARBACENA;18.002;FUNDO MUNICIPAL DE SAUDE;2.025;MANUTENÇÃO DA REDE DE ATENÇÃO PRIMÁRIA;2;ATENÇAO PRIMÁRIA;10;Saúde;301;Atenção Básica;92;3.3.90.47.00.00.00.00;OBRIGAÇÕES TRIBUTÁRIAS E CONTRIBUTIVAS;1.600.000.0000;TRANSFERÊNCIAS FUNDO A FUNDO DE RECURSOS DO SUS PROVENIENTES DO GOVERNO FEDERAL - BLOCO DE MANUTENÇÃO DAS AÇÕES E SERVIÇOS PÚBLICOS DE SAÚDE;1.000,00
FUNDO MUNICIPAL DE SAÚDE DE BARBACENA;18.002;FUNDO MUNICIPAL DE SAUDE;2.025;MANUTENÇÃO DA REDE DE ATENÇÃO PRIMÁRIA;2;ATENÇAO PRIMÁRIA;10;Saúde;301;Atenção Básica;93;3.3.90.48.00.00.00.00;OUTROS AUXÍLIOS FINANCEIROS A PESSOAS FÍSICAS;1.500.000.1002;RECURSOS NÃO VINCULADOS DE IMPOSTOS (SAÚDE);22.800,00
FUNDO MUNICIPAL DE SAÚDE DE BARBACENA;18.002;FUNDO MUNICIPAL DE SAUDE;2.025;MANUTENÇÃO DA REDE DE ATENÇÃO PRIMÁRIA;2;ATENÇAO PRIMÁRIA;10;Saúde;301;Atenção Básica;93;3.3.90.48.00.00.00.00;OUTROS AUXÍLIOS FINANCEIROS A PESSOAS FÍSICAS;1.600.000.0000;TRANSFERÊNCIAS FUNDO A FUNDO DE RECURSOS DO SUS PROVENIENTES DO GOVERNO FEDERAL - BLOCO DE MANUTENÇÃO DAS AÇÕES E SERVIÇOS PÚBLICOS DE SAÚDE;1.000,00
FUNDO MUNICIPAL DE SAÚDE DE BARBACENA;18.002;FUNDO MUNICIPAL DE SAUDE;2.025;MANUTENÇÃO DA REDE DE ATENÇÃO PRIMÁRIA;2;ATENÇAO PRIMÁRIA;10;Saúde;301;Atenção Básica;94;4.4.90.51.00.00.00.00;OBRAS E INSTALAÇÕES;1.500.000.1002;RECURSOS NÃO VINCULADOS DE IMPOSTOS (SAÚDE);1.000,00
FUNDO MUNICIPAL DE SAÚDE DE BARBACENA;18.002;FUNDO MUNICIPAL DE SAUDE;2.025;MANUTENÇÃO DA REDE DE ATENÇÃO PRIMÁRIA;2;ATENÇAO PRIMÁRIA;10;Saúde;301;Atenção Básica;95;4.4.90.52.00.00.00.00;EQUIPAMENTOS E MATERIAL PERMANENTE;1.500.000.1002;RECURSOS NÃO VINCULADOS DE IMPOSTOS (SAÚDE);1.000,00
FUNDO MUNICIPAL DE SAÚDE DE BARBACENA;18.002;FUNDO MUNICIPAL DE SAUDE;2.025;MANUTENÇÃO DA REDE DE ATENÇÃO PRIMÁRIA;2;ATENÇAO PRIMÁRIA;10;Saúde;301;Atenção Básica;95;4.4.90.52.00.00.00.00;EQUIPAMENTOS E MATERIAL PERMANENTE;1.600.000.0000;TRANSFERÊNCIAS FUNDO A FUNDO DE RECURSOS DO SUS PROVENIENTES DO GOVERNO FEDERAL - BLOCO DE MANUTENÇÃO DAS AÇÕES E SERVIÇOS PÚBLICOS DE SAÚDE;3.000,00
FUNDO MUNICIPAL DE SAÚDE DE BARBACENA;18.002;FUNDO MUNICIPAL DE SAUDE;2.025;MANUTENÇÃO DA REDE DE ATENÇÃO PRIMÁRIA;2;ATENÇAO PRIMÁRIA;10;Saúde;301;Atenção Básica;95;4.4.90.52.00.00.00.00;EQUIPAMENTOS E MATERIAL PERMANENTE;1.601.000.0000;TRANSFERÊNCIAS FUNDO A FUNDO DE RECURSOS DO SUS PROVENIENTES DO GOVERNO FEDERAL - BLOCO DE ESTRUTURAÇÃO DA REDE DE SERVIÇOS PÚBLICOS DE SAÚDE;50.349,08
FUNDO MUNICIPAL DE SAÚDE DE BARBACENA;18.002;FUNDO MUNICIPAL DE SAUDE;2.025;MANUTENÇÃO DA REDE DE ATENÇÃO PRIMÁRIA;2;ATENÇAO PRIMÁRIA;10;Saúde;301;Atenção Básica;95;4.4.90.52.00.00.00.00;EQUIPAMENTOS E MATERIAL PERMANENTE;1.621.000.0000;TRANSFERÊNCIAS FUNDO A FUNDO DE RECURSOS DO SUS PROVENIENTES DO GOVERNO ESTADUAL;200.000,00
FUNDO MUNICIPAL DE SAÚDE DE BARBACENA;18.002;FUNDO MUNICIPAL DE SAUDE;2.025;MANUTENÇÃO DA REDE DE ATENÇÃO PRIMÁRIA;2;ATENÇAO PRIMÁRIA;10;Saúde;301;Atenção Básica;310;3.3.67.83.00.00.00.00;DESPESAS DECORRENTES DE CONTRATO DE PARCERIA PÚB.;1.600.000.0000;TRANSFERÊNCIAS FUNDO A FUNDO DE RECURSOS DO SUS PROVENIENTES DO GOVERNO FEDERAL - BLOCO DE MANUTENÇÃO DAS AÇÕES E SERVIÇOS PÚBLICOS DE SAÚDE;113.254,92
FUNDO MUNICIPAL DE SAÚDE DE BARBACENA;18.002;FUNDO MUNICIPAL DE SAUDE;2.047;MANUTENÇÃO DO CENTRO DE ESPECIALIDADE ODONTOLÓGICA (CEO);2;ATENÇAO PRIMÁRIA;10;Saúde;301;Atenção Básica;96;3.3.90.30.00.00.00.00;MATERIAL DE CONSUMO;1.500.000.1002;RECURSOS NÃO VINCULADOS DE IMPOSTOS (SAÚDE);500,00
FUNDO MUNICIPAL DE SAÚDE DE BARBACENA;18.002;FUNDO MUNICIPAL DE SAUDE;2.047;MANUTENÇÃO DO CENTRO DE ESPECIALIDADE ODONTOLÓGICA (CEO);2;ATENÇAO PRIMÁRIA;10;Saúde;301;Atenção Básica;96;3.3.90.30.00.00.00.00;MATERIAL DE CONSUMO;1.600.000.0000;TRANSFERÊNCIAS FUNDO A FUNDO DE RECURSOS DO SUS PROVENIENTES DO GOVERNO FEDERAL - BLOCO DE MANUTENÇÃO DAS AÇÕES E SERVIÇOS PÚBLICOS DE SAÚDE;1.000,00
FUNDO MUNICIPAL DE SAÚDE DE BARBACENA;18.002;FUNDO MUNICIPAL DE SAUDE;2.047;MANUTENÇÃO DO CENTRO DE ESPECIALIDADE ODONTOLÓGICA (CEO);2;ATENÇAO PRIMÁRIA;10;Saúde;301;Atenção Básica;96;3.3.90.30.00.00.00.00;MATERIAL DE CONSUMO;1.621.000.0000;TRANSFERÊNCIAS FUNDO A FUNDO DE RECURSOS DO SUS PROVENIENTES DO GOVERNO ESTADUAL;1.000,00
FUNDO MUNICIPAL DE SAÚDE DE BARBACENA;18.002;FUNDO MUNICIPAL DE SAUDE;2.047;MANUTENÇÃO DO CENTRO DE ESPECIALIDADE ODONTOLÓGICA (CEO);2;ATENÇAO PRIMÁRIA;10;Saúde;301;Atenção Básica;97;3.3.90.39.00.00.00.00;OUTROS SERVIÇOS DE TERCEIROS - PESSOA JURÍDICA;1.500.000.1002;RECURSOS NÃO VINCULADOS DE IMPOSTOS (SAÚDE);500,00
FUNDO MUNICIPAL DE SAÚDE DE BARBACENA;18.002;FUNDO MUNICIPAL DE SAUDE;2.047;MANUTENÇÃO DO CENTRO DE ESPECIALIDADE ODONTOLÓGICA (CEO);2;ATENÇAO PRIMÁRIA;10;Saúde;301;Atenção Básica;97;3.3.90.39.00.00.00.00;OUTROS SERVIÇOS DE TERCEIROS - PESSOA JURÍDICA;1.600.000.0000;TRANSFERÊNCIAS FUNDO A FUNDO DE RECURSOS DO SUS PROVENIENTES DO GOVERNO FEDERAL - BLOCO DE MANUTENÇÃO DAS AÇÕES E SERVIÇOS PÚBLICOS DE SAÚDE;500,00
FUNDO MUNICIPAL DE SAÚDE DE BARBACENA;18.002;FUNDO MUNICIPAL DE SAUDE;2.047;MANUTENÇÃO DO CENTRO DE ESPECIALIDADE ODONTOLÓGICA (CEO);2;ATENÇAO PRIMÁRIA;10;Saúde;301;Atenção Básica;304;4.4.90.52.00.00.00.00;EQUIPAMENTOS E MATERIAL PERMANENTE;2.621.000.0000;TRANSFERÊNCIAS FUNDO A FUNDO DE RECURSOS DO SUS PROVENIENTES DO GOVERNO ESTADUAL;909.401,37
FUNDO MUNICIPAL DE SAÚDE DE BARBACENA;18.002;FUNDO MUNICIPAL DE SAUDE;2.500;ACOES DE APOIO A ATENCAO PRIMARIA - EMENDAS MUNICIPAIS;2;ATENÇAO PRIMÁRIA;10;Saúde;301;Atenção Básica;98;3.3.90.30.00.00.00.00;MATERIAL DE CONSUMO;1.500.000.1002;RECURSOS NÃO VINCULADOS DE IMPOSTOS (SAÚDE);0,00
FUNDO MUNICIPAL DE SAÚDE DE BARBACENA;18.002;FUNDO MUNICIPAL DE SAUDE;2.500;ACOES DE APOIO A ATENCAO PRIMARIA - EMENDAS MUNICIPAIS;2;ATENÇAO PRIMÁRIA;10;Saúde;301;Atenção Básica;98;3.3.90.30.00.00.00.00;MATERIAL DE CONSUMO;1.500.508.1002;RECURSOS NÃO VINCULADOS DE IMPOSTOS (SAÚDE) - EMENDAS GLAUBER MILAGRES;70.000,00
FUNDO MUNICIPAL DE SAÚDE DE BARBACENA;18.002;FUNDO MUNICIPAL DE SAUDE;2.500;ACOES DE APOIO A ATENCAO PRIMARIA - EMENDAS MUNICIPAIS;2;ATENÇAO PRIMÁRIA;10;Saúde;301;Atenção Básica;98;3.3.90.30.00.00.00.00;MATERIAL DE CONSUMO;1.500.510.1002;RECURSOS NÃO VINCULADOS DE IMPOSTOS (SAÚDE) - EMENDAS TODINHO;135.000,00
FUNDO MUNICIPAL DE SAÚDE DE BARBACENA;18.002;FUNDO MUNICIPAL DE SAUDE;2.500;ACOES DE APOIO A ATENCAO PRIMARIA - EMENDAS MUNICIPAIS;2;ATENÇAO PRIMÁRIA;10;Saúde;301;Atenção Básica;98;3.3.90.30.00.00.00.00;MATERIAL DE CONSUMO;1.500.512.1002;RECURSOS NÃO VINCULADOS DE IMPOSTOS (SAÚDE) - EMENDAS MARILENE FRANCO;139.998,35
FUNDO MUNICIPAL DE SAÚDE DE BARBACENA;18.002;FUNDO MUNICIPAL DE SAUDE;2.500;ACOES DE APOIO A ATENCAO PRIMARIA - EMENDAS MUNICIPAIS;2;ATENÇAO PRIMÁRIA;10;Saúde;301;Atenção Básica;99;4.4.90.51.00.00.00.00;OBRAS E INSTALAÇÕES;1.500.000.1002;RECURSOS NÃO VINCULADOS DE IMPOSTOS (SAÚDE);0,00
FUNDO MUNICIPAL DE SAÚDE DE BARBACENA;18.002;FUNDO MUNICIPAL DE SAUDE;2.500;ACOES DE APOIO A ATENCAO PRIMARIA - EMENDAS MUNICIPAIS;2;ATENÇAO PRIMÁRIA;10;Saúde;301;Atenção Básica;99;4.4.90.51.00.00.00.00;OBRAS E INSTALAÇÕES;1.500.513.1002;RECURSOS NÃO VINCULADOS DE IMPOSTOS (SAÚDE) - EMENDAS MILTON ROMAN;146.886,60
FUNDO MUNICIPAL DE SAÚDE DE BARBACENA;18.002;FUNDO MUNICIPAL DE SAUDE;2.500;ACOES DE APOIO A ATENCAO PRIMARIA - EMENDAS MUNICIPAIS;2;ATENÇAO PRIMÁRIA;10;Saúde;301;Atenção Básica;99;4.4.90.51.00.00.00.00;OBRAS E INSTALAÇÕES;1.500.514.1002;RECURSOS NÃO VINCULADOS DE IMPOSTOS (SAÚDE) - EMENDAS JOAO DA SEMENTE;40.000,00
FUNDO MUNICIPAL DE SAÚDE DE BARBACENA;18.002;FUNDO MUNICIPAL DE SAUDE;2.500;ACOES DE APOIO A ATENCAO PRIMARIA - EMENDAS MUNICIPAIS;2;ATENÇAO PRIMÁRIA;10;Saúde;301;Atenção Básica;100;4.4.90.52.00.00.00.00;EQUIPAMENTOS E MATERIAL PERMANENTE;1.500.000.1002;RECURSOS NÃO VINCULADOS DE IMPOSTOS (SAÚDE);0,00
FUNDO MUNICIPAL DE SAÚDE DE BARBACENA;18.002;FUNDO MUNICIPAL DE SAUDE;2.500;ACOES DE APOIO A ATENCAO PRIMARIA - EMENDAS MUNICIPAIS;2;ATENÇAO PRIMÁRIA;10;Saúde;301;Atenção Básica;100;4.4.90.52.00.00.00.00;EQUIPAMENTOS E MATERIAL PERMANENTE;1.500.508.1002;RECURSOS NÃO VINCULADOS DE IMPOSTOS (SAÚDE) - EMENDAS GLAUBER MILAGRES;30.000,00
FUNDO MUNICIPAL DE SAÚDE DE BARBACENA;18.002;FUNDO MUNICIPAL DE SAUDE;2.500;ACOES DE APOIO A ATENCAO PRIMARIA - EMENDAS MUNICIPAIS;2;ATENÇAO PRIMÁRIA;10;Saúde;301;Atenção Básica;100;4.4.90.52.00.00.00.00;EQUIPAMENTOS E MATERIAL PERMANENTE;1.500.510.1002;RECURSOS NÃO VINCULADOS DE IMPOSTOS (SAÚDE) - EMENDAS TODINHO;65.000,00
FUNDO MUNICIPAL DE SAÚDE DE BARBACENA;18.002;FUNDO MUNICIPAL DE SAUDE;2.500;ACOES DE APOIO A ATENCAO PRIMARIA - EMENDAS MUNICIPAIS;2;ATENÇAO PRIMÁRIA;10;Saúde;301;Atenção Básica;100;4.4.90.52.00.00.00.00;EQUIPAMENTOS E MATERIAL PERMANENTE;1.500.512.1002;RECURSOS NÃO VINCULADOS DE IMPOSTOS (SAÚDE) - EMENDAS MARILENE FRANCO;63.443,30
FUNDO MUNICIPAL DE SAÚDE DE BARBACENA;18.002;FUNDO MUNICIPAL DE SAUDE;2.500;ACOES DE APOIO A ATENCAO PRIMARIA - EMENDAS MUNICIPAIS;2;ATENÇAO PRIMÁRIA;10;Saúde;301;Atenção Básica;100;4.4.90.52.00.00.00.00;EQUIPAMENTOS E MATERIAL PERMANENTE;1.500.513.1002;RECURSOS NÃO VINCULADOS DE IMPOSTOS (SAÚDE) - EMENDAS MILTON ROMAN;156.555,05
FUNDO MUNICIPAL DE SAÚDE DE BARBACENA;18.002;FUNDO MUNICIPAL DE SAUDE;2.500;ACOES DE APOIO A ATENCAO PRIMARIA - EMENDAS MUNICIPAIS;2;ATENÇAO PRIMÁRIA;10;Saúde;301;Atenção Básica;100;4.4.90.52.00.00.00.00;EQUIPAMENTOS E MATERIAL PERMANENTE;1.500.514.1002;RECURSOS NÃO VINCULADOS DE IMPOSTOS (SAÚDE) - EMENDAS JOAO DA SEMENTE;30.000,00
FUNDO MUNICIPAL DE SAÚDE DE BARBACENA;18.002;FUNDO MUNICIPAL DE SAUDE;2.615;MANUTENÇAO DO PROGRAMA ACS;2;ATENÇAO PRIMÁRIA;10;Saúde;301;Atenção Básica;101;3.1.90.04.00.00.00.00;CONTRATAÇÃO POR TEMPO DETERMINADO;1.500.000.1002;RECURSOS NÃO VINCULADOS DE IMPOSTOS (SAÚDE);22.057,30
FUNDO MUNICIPAL DE SAÚDE DE BARBACENA;18.002;FUNDO MUNICIPAL DE SAUDE;2.615;MANUTENÇAO DO PROGRAMA ACS;2;ATENÇAO PRIMÁRIA;10;Saúde;301;Atenção Básica;101;3.1.90.04.00.00.00.00;CONTRATAÇÃO POR TEMPO DETERMINADO;1.600.000.0000;TRANSFERÊNCIAS FUNDO A FUNDO DE RECURSOS DO SUS PROVENIENTES DO GOVERNO FEDERAL - BLOCO DE MANUTENÇÃO DAS AÇÕES E SERVIÇOS PÚBLICOS DE SAÚDE;5.000,00
FUNDO MUNICIPAL DE SAÚDE DE BARBACENA;18.002;FUNDO MUNICIPAL DE SAUDE;2.615;MANUTENÇAO DO PROGRAMA ACS;2;ATENÇAO PRIMÁRIA;10;Saúde;301;Atenção Básica;101;3.1.90.04.00.00.00.00;CONTRATAÇÃO POR TEMPO DETERMINADO;1.604.000.0000;TRANSFERÊNCIAS PROVENIENTES DO GOVERNO FEDERAL DESTINADAS AO VENCIMENTO DOS AGENTES COMUNITÁRIOS DE SAÚDE E DOS AGENTES DE COMBATE ÀS ENDEMIAS;97.181,88
FUNDO MUNICIPAL DE SAÚDE DE BARBACENA;18.002;FUNDO MUNICIPAL DE SAUDE;2.615;MANUTENÇAO DO PROGRAMA ACS;2;ATENÇAO PRIMÁRIA;10;Saúde;301;Atenção Básica;102;3.1.90.11.00.00.00.00;VENCIMENTOS E VANTAGENS FIXAS - PESSOAL CIVIL;1.500.000.1002;RECURSOS NÃO VINCULADOS DE IMPOSTOS (SAÚDE);453.483,56
FUNDO MUNICIPAL DE SAÚDE DE BARBACENA;18.002;FUNDO MUNICIPAL DE SAUDE;2.615;MANUTENÇAO DO PROGRAMA ACS;2;ATENÇAO PRIMÁRIA;10;Saúde;301;Atenção Básica;102;3.1.90.11.00.00.00.00;VENCIMENTOS E VANTAGENS FIXAS - PESSOAL CIVIL;1.600.000.0000;TRANSFERÊNCIAS FUNDO A FUNDO DE RECURSOS DO SUS PROVENIENTES DO GOVERNO FEDERAL - BLOCO DE MANUTENÇÃO DAS AÇÕES E SERVIÇOS PÚBLICOS DE SAÚDE;387.173,28
FUNDO MUNICIPAL DE SAÚDE DE BARBACENA;18.002;FUNDO MUNICIPAL DE SAUDE;2.615;MANUTENÇAO DO PROGRAMA ACS;2;ATENÇAO PRIMÁRIA;10;Saúde;301;Atenção Básica;102;3.1.90.11.00.00.00.00;VENCIMENTOS E VANTAGENS FIXAS - PESSOAL CIVIL;1.604.000.0000;TRANSFERÊNCIAS PROVENIENTES DO GOVERNO FEDERAL DESTINADAS AO VENCIMENTO DOS AGENTES COMUNITÁRIOS DE SAÚDE E DOS AGENTES DE COMBATE ÀS ENDEMIAS;3.852.193,83
FUNDO MUNICIPAL DE SAÚDE DE BARBACENA;18.002;FUNDO MUNICIPAL DE SAUDE;2.615;MANUTENÇAO DO PROGRAMA ACS;2;ATENÇAO PRIMÁRIA;10;Saúde;301;Atenção Básica;103;3.1.91.13.00.00.00.00;OBRIGAÇÕES PATRONAIS;1.500.000.1002;RECURSOS NÃO VINCULADOS DE IMPOSTOS (SAÚDE);165.966,70
FUNDO MUNICIPAL DE SAÚDE DE BARBACENA;18.002;FUNDO MUNICIPAL DE SAUDE;2.615;MANUTENÇAO DO PROGRAMA ACS;2;ATENÇAO PRIMÁRIA;10;Saúde;301;Atenção Básica;103;3.1.91.13.00.00.00.00;OBRIGAÇÕES PATRONAIS;1.600.000.0000;TRANSFERÊNCIAS FUNDO A FUNDO DE RECURSOS DO SUS PROVENIENTES DO GOVERNO FEDERAL - BLOCO DE MANUTENÇÃO DAS AÇÕES E SERVIÇOS PÚBLICOS DE SAÚDE;70.168,49
FUNDO MUNICIPAL DE SAÚDE DE BARBACENA;18.002;FUNDO MUNICIPAL DE SAUDE;2.615;MANUTENÇAO DO PROGRAMA ACS;2;ATENÇAO PRIMÁRIA;10;Saúde;301;Atenção Básica;103;3.1.91.13.00.00.00.00;OBRIGAÇÕES PATRONAIS;1.604.000.0000;TRANSFERÊNCIAS PROVENIENTES DO GOVERNO FEDERAL DESTINADAS AO VENCIMENTO DOS AGENTES COMUNITÁRIOS DE SAÚDE E DOS AGENTES DE COMBATE ÀS ENDEMIAS;2.118.674,70
FUNDO MUNICIPAL DE SAÚDE DE BARBACENA;18.002;FUNDO MUNICIPAL DE SAUDE;2.615;MANUTENÇAO DO PROGRAMA ACS;2;ATENÇAO PRIMÁRIA;10;Saúde;301;Atenção Básica;104;3.3.90.08.00.00.00.00;OUTROS BENEFÍCIOS ASSISTENCIAIS-SERVIDOR/MILITAR;1.600.000.0000;TRANSFERÊNCIAS FUNDO A FUNDO DE RECURSOS DO SUS PROVENIENTES DO GOVERNO FEDERAL - BLOCO DE MANUTENÇÃO DAS AÇÕES E SERVIÇOS PÚBLICOS DE SAÚDE;1.000,00
FUNDO MUNICIPAL DE SAÚDE DE BARBACENA;18.002;FUNDO MUNICIPAL DE SAUDE;2.615;MANUTENÇAO DO PROGRAMA ACS;2;ATENÇAO PRIMÁRIA;10;Saúde;301;Atenção Básica;104;3.3.90.08.00.00.00.00;OUTROS BENEFÍCIOS ASSISTENCIAIS-SERVIDOR/MILITAR;1.604.000.0000;TRANSFERÊNCIAS PROVENIENTES DO GOVERNO FEDERAL DESTINADAS AO VENCIMENTO DOS AGENTES COMUNITÁRIOS DE SAÚDE E DOS AGENTES DE COMBATE ÀS ENDEMIAS;500,00
FUNDO MUNICIPAL DE SAÚDE DE BARBACENA;18.002;FUNDO MUNICIPAL DE SAUDE;2.615;MANUTENÇAO DO PROGRAMA ACS;2;ATENÇAO PRIMÁRIA;10;Saúde;301;Atenção Básica;105;3.3.90.14.00.00.00.00;DIÁRIAS - PESSOAL CIVIL;1.600.000.0000;TRANSFERÊNCIAS FUNDO A FUNDO DE RECURSOS DO SUS PROVENIENTES DO GOVERNO FEDERAL - BLOCO DE MANUTENÇÃO DAS AÇÕES E SERVIÇOS PÚBLICOS DE SAÚDE;1.000,00
FUNDO MUNICIPAL DE SAÚDE DE BARBACENA;18.002;FUNDO MUNICIPAL DE SAUDE;2.615;MANUTENÇAO DO PROGRAMA ACS;2;ATENÇAO PRIMÁRIA;10;Saúde;301;Atenção Básica;106;3.3.90.18.00.00.00.00;AUXÍLIO FINANCEIRO A ESTUDANTES;1.500.000.1002;RECURSOS NÃO VINCULADOS DE IMPOSTOS (SAÚDE);1.000,00
FUNDO MUNICIPAL DE SAÚDE DE BARBACENA;18.002;FUNDO MUNICIPAL DE SAUDE;2.615;MANUTENÇAO DO PROGRAMA ACS;2;ATENÇAO PRIMÁRIA;10;Saúde;301;Atenção Básica;106;3.3.90.18.00.00.00.00;AUXÍLIO FINANCEIRO A ESTUDANTES;1.600.000.0000;TRANSFERÊNCIAS FUNDO A FUNDO DE RECURSOS DO SUS PROVENIENTES DO GOVERNO FEDERAL - BLOCO DE MANUTENÇÃO DAS AÇÕES E SERVIÇOS PÚBLICOS DE SAÚDE;500,00
FUNDO MUNICIPAL DE SAÚDE DE BARBACENA;18.002;FUNDO MUNICIPAL DE SAUDE;2.615;MANUTENÇAO DO PROGRAMA ACS;2;ATENÇAO PRIMÁRIA;10;Saúde;301;Atenção Básica;106;3.3.90.18.00.00.00.00;AUXÍLIO FINANCEIRO A ESTUDANTES;1.604.000.0000;TRANSFERÊNCIAS PROVENIENTES DO GOVERNO FEDERAL DESTINADAS AO VENCIMENTO DOS AGENTES COMUNITÁRIOS DE SAÚDE E DOS AGENTES DE COMBATE ÀS ENDEMIAS;500,00
FUNDO MUNICIPAL DE SAÚDE DE BARBACENA;18.002;FUNDO MUNICIPAL DE SAUDE;2.615;MANUTENÇAO DO PROGRAMA ACS;2;ATENÇAO PRIMÁRIA;10;Saúde;301;Atenção Básica;107;3.3.90.46.00.00.00.00;AUXÍLIO-ALIMENTAÇÃO;1.500.000.1002;RECURSOS NÃO VINCULADOS DE IMPOSTOS (SAÚDE);100.000,00
FUNDO MUNICIPAL DE SAÚDE DE BARBACENA;18.002;FUNDO MUNICIPAL DE SAUDE;2.615;MANUTENÇAO DO PROGRAMA ACS;2;ATENÇAO PRIMÁRIA;10;Saúde;301;Atenção Básica;107;3.3.90.46.00.00.00.00;AUXÍLIO-ALIMENTAÇÃO;1.600.000.0000;TRANSFERÊNCIAS FUNDO A FUNDO DE RECURSOS DO SUS PROVENIENTES DO GOVERNO FEDERAL - BLOCO DE MANUTENÇÃO DAS AÇÕES E SERVIÇOS PÚBLICOS DE SAÚDE;91.882,20
FUNDO MUNICIPAL DE SAÚDE DE BARBACENA;18.002;FUNDO MUNICIPAL DE SAUDE;2.615;MANUTENÇAO DO PROGRAMA ACS;2;ATENÇAO PRIMÁRIA;10;Saúde;301;Atenção Básica;107;3.3.90.46.00.00.00.00;AUXÍLIO-ALIMENTAÇÃO;1.604.000.0000;TRANSFERÊNCIAS PROVENIENTES DO GOVERNO FEDERAL DESTINADAS AO VENCIMENTO DOS AGENTES COMUNITÁRIOS DE SAÚDE E DOS AGENTES DE COMBATE ÀS ENDEMIAS;618.880,00
FUNDO MUNICIPAL DE SAÚDE DE BARBACENA;18.002;FUNDO MUNICIPAL DE SAUDE;4.500;ACOES DE APOIO A ATENCAO PRIMARIA - EMENDAS MUNICIPAIS;2;ATENÇAO PRIMÁRIA;10;Saúde;301;Atenção Básica;108;4.4.90.51.00.00.00.00;OBRAS E INSTALAÇÕES;1.500.000.1002;RECURSOS NÃO VINCULADOS DE IMPOSTOS (SAÚDE);0,00
FUNDO MUNICIPAL DE SAÚDE DE BARBACENA;18.002;FUNDO MUNICIPAL DE SAUDE;4.500;ACOES DE APOIO A ATENCAO PRIMARIA - EMENDAS MUNICIPAIS;2;ATENÇAO PRIMÁRIA;10;Saúde;301;Atenção Básica;108;4.4.90.51.00.00.00.00;OBRAS E INSTALAÇÕES;1.500.527.1002;RECURSOS NÃO VINCULADOS DE IMPOSTOS (SAÚDE) - EMENDAS BANCADA PSD;158.111,75
FUNDO MUNICIPAL DE SAÚDE DE BARBACENA;18.002;FUNDO MUNICIPAL DE SAUDE;2.012;MANUTENÇAO DA ASSISTENCIA FARMACEUTICA;2;ATENÇAO PRIMÁRIA;10;Saúde;303;Suporte Profilático e Terapêutico;235;3.1.90.04.00.00.00.00;CONTRATAÇÃO POR TEMPO DETERMINADO;1.500.000.1002;RECURSOS NÃO VINCULADOS DE IMPOSTOS (SAÚDE);157.488,61
FUNDO MUNICIPAL DE SAÚDE DE BARBACENA;18.002;FUNDO MUNICIPAL DE SAUDE;2.012;MANUTENÇAO DA ASSISTENCIA FARMACEUTICA;2;ATENÇAO PRIMÁRIA;10;Saúde;303;Suporte Profilático e Terapêutico;235;3.1.90.04.00.00.00.00;CONTRATAÇÃO POR TEMPO DETERMINADO;1.600.000.0000;TRANSFERÊNCIAS FUNDO A FUNDO DE RECURSOS DO SUS PROVENIENTES DO GOVERNO FEDERAL - BLOCO DE MANUTENÇÃO DAS AÇÕES E SERVIÇOS PÚBLICOS DE SAÚDE;498.762,92
FUNDO MUNICIPAL DE SAÚDE DE BARBACENA;18.002;FUNDO MUNICIPAL DE SAUDE;2.012;MANUTENÇAO DA ASSISTENCIA FARMACEUTICA;2;ATENÇAO PRIMÁRIA;10;Saúde;303;Suporte Profilático e Terapêutico;235;3.1.90.04.00.00.00.00;CONTRATAÇÃO POR TEMPO DETERMINADO;1.621.000.0000;TRANSFERÊNCIAS FUNDO A FUNDO DE RECURSOS DO SUS PROVENIENTES DO GOVERNO ESTADUAL;50.000,00
FUNDO MUNICIPAL DE SAÚDE DE BARBACENA;18.002;FUNDO MUNICIPAL DE SAUDE;2.012;MANUTENÇAO DA ASSISTENCIA FARMACEUTICA;2;ATENÇAO PRIMÁRIA;10;Saúde;303;Suporte Profilático e Terapêutico;235;3.1.90.04.00.00.00.00;CONTRATAÇÃO POR TEMPO DETERMINADO;2.621.000.0000;TRANSFERÊNCIAS FUNDO A FUNDO DE RECURSOS DO SUS PROVENIENTES DO GOVERNO ESTADUAL;12.623,42
FUNDO MUNICIPAL DE SAÚDE DE BARBACENA;18.002;FUNDO MUNICIPAL DE SAUDE;2.012;MANUTENÇAO DA ASSISTENCIA FARMACEUTICA;2;ATENÇAO PRIMÁRIA;10;Saúde;303;Suporte Profilático e Terapêutico;236;3.1.90.11.00.00.00.00;VENCIMENTOS E VANTAGENS FIXAS - PESSOAL CIVIL;1.500.000.1002;RECURSOS NÃO VINCULADOS DE IMPOSTOS (SAÚDE);40.140,40
FUNDO MUNICIPAL DE SAÚDE DE BARBACENA;18.002;FUNDO MUNICIPAL DE SAUDE;2.012;MANUTENÇAO DA ASSISTENCIA FARMACEUTICA;2;ATENÇAO PRIMÁRIA;10;Saúde;303;Suporte Profilático e Terapêutico;236;3.1.90.11.00.00.00.00;VENCIMENTOS E VANTAGENS FIXAS - PESSOAL CIVIL;1.600.000.0000;TRANSFERÊNCIAS FUNDO A FUNDO DE RECURSOS DO SUS PROVENIENTES DO GOVERNO FEDERAL - BLOCO DE MANUTENÇÃO DAS AÇÕES E SERVIÇOS PÚBLICOS DE SAÚDE;94.387,63
FUNDO MUNICIPAL DE SAÚDE DE BARBACENA;18.002;FUNDO MUNICIPAL DE SAUDE;2.012;MANUTENÇAO DA ASSISTENCIA FARMACEUTICA;2;ATENÇAO PRIMÁRIA;10;Saúde;303;Suporte Profilático e Terapêutico;236;3.1.90.11.00.00.00.00;VENCIMENTOS E VANTAGENS FIXAS - PESSOAL CIVIL;1.621.000.0000;TRANSFERÊNCIAS FUNDO A FUNDO DE RECURSOS DO SUS PROVENIENTES DO GOVERNO ESTADUAL;0,01
FUNDO MUNICIPAL DE SAÚDE DE BARBACENA;18.002;FUNDO MUNICIPAL DE SAUDE;2.012;MANUTENÇAO DA ASSISTENCIA FARMACEUTICA;2;ATENÇAO PRIMÁRIA;10;Saúde;303;Suporte Profilático e Terapêutico;236;3.1.90.11.00.00.00.00;VENCIMENTOS E VANTAGENS FIXAS - PESSOAL CIVIL;2.621.000.0000;TRANSFERÊNCIAS FUNDO A FUNDO DE RECURSOS DO SUS PROVENIENTES DO GOVERNO ESTADUAL;20.931,45
FUNDO MUNICIPAL DE SAÚDE DE BARBACENA;18.002;FUNDO MUNICIPAL DE SAUDE;2.012;MANUTENÇAO DA ASSISTENCIA FARMACEUTICA;2;ATENÇAO PRIMÁRIA;10;Saúde;303;Suporte Profilático e Terapêutico;237;3.1.90.13.00.00.00.00;OBRIGAÇÕES PATRONAIS;1.500.000.1002;RECURSOS NÃO VINCULADOS DE IMPOSTOS (SAÚDE);1.000,00
FUNDO MUNICIPAL DE SAÚDE DE BARBACENA;18.002;FUNDO MUNICIPAL DE SAUDE;2.012;MANUTENÇAO DA ASSISTENCIA FARMACEUTICA;2;ATENÇAO PRIMÁRIA;10;Saúde;303;Suporte Profilático e Terapêutico;238;3.1.91.13.00.00.00.00;OBRIGAÇÕES PATRONAIS;1.500.000.1002;RECURSOS NÃO VINCULADOS DE IMPOSTOS (SAÚDE);19.701,30
FUNDO MUNICIPAL DE SAÚDE DE BARBACENA;18.002;FUNDO MUNICIPAL DE SAUDE;2.012;MANUTENÇAO DA ASSISTENCIA FARMACEUTICA;2;ATENÇAO PRIMÁRIA;10;Saúde;303;Suporte Profilático e Terapêutico;238;3.1.91.13.00.00.00.00;OBRIGAÇÕES PATRONAIS;1.600.000.0000;TRANSFERÊNCIAS FUNDO A FUNDO DE RECURSOS DO SUS PROVENIENTES DO GOVERNO FEDERAL - BLOCO DE MANUTENÇÃO DAS AÇÕES E SERVIÇOS PÚBLICOS DE SAÚDE;22.511,68
FUNDO MUNICIPAL DE SAÚDE DE BARBACENA;18.002;FUNDO MUNICIPAL DE SAUDE;2.012;MANUTENÇAO DA ASSISTENCIA FARMACEUTICA;2;ATENÇAO PRIMÁRIA;10;Saúde;303;Suporte Profilático e Terapêutico;238;3.1.91.13.00.00.00.00;OBRIGAÇÕES PATRONAIS;2.621.000.0000;TRANSFERÊNCIAS FUNDO A FUNDO DE RECURSOS DO SUS PROVENIENTES DO GOVERNO ESTADUAL;4.472,12
FUNDO MUNICIPAL DE SAÚDE DE BARBACENA;18.002;FUNDO MUNICIPAL DE SAUDE;2.012;MANUTENÇAO DA ASSISTENCIA FARMACEUTICA;2;ATENÇAO PRIMÁRIA;10;Saúde;303;Suporte Profilático e Terapêutico;239;3.3.90.08.00.00.00.00;OUTROS BENEFÍCIOS ASSISTENCIAIS-SERVIDOR/MILITAR;1.500.000.1002;RECURSOS NÃO VINCULADOS DE IMPOSTOS (SAÚDE);1.000,00
FUNDO MUNICIPAL DE SAÚDE DE BARBACENA;18.002;FUNDO MUNICIPAL DE SAUDE;2.012;MANUTENÇAO DA ASSISTENCIA FARMACEUTICA;2;ATENÇAO PRIMÁRIA;10;Saúde;303;Suporte Profilático e Terapêutico;240;3.3.90.18.00.00.00.00;AUXÍLIO FINANCEIRO A ESTUDANTES;1.500.000.1002;RECURSOS NÃO VINCULADOS DE IMPOSTOS (SAÚDE);1.000,00
FUNDO MUNICIPAL DE SAÚDE DE BARBACENA;18.002;FUNDO MUNICIPAL DE SAUDE;2.012;MANUTENÇAO DA ASSISTENCIA FARMACEUTICA;2;ATENÇAO PRIMÁRIA;10;Saúde;303;Suporte Profilático e Terapêutico;241;3.3.90.30.00.00.00.00;MATERIAL DE CONSUMO;1.500.000.1002;RECURSOS NÃO VINCULADOS DE IMPOSTOS (SAÚDE);18.820,00
FUNDO MUNICIPAL DE SAÚDE DE BARBACENA;18.002;FUNDO MUNICIPAL DE SAUDE;2.012;MANUTENÇAO DA ASSISTENCIA FARMACEUTICA;2;ATENÇAO PRIMÁRIA;10;Saúde;303;Suporte Profilático e Terapêutico;241;3.3.90.30.00.00.00.00;MATERIAL DE CONSUMO;1.600.000.0000;TRANSFERÊNCIAS FUNDO A FUNDO DE RECURSOS DO SUS PROVENIENTES DO GOVERNO FEDERAL - BLOCO DE MANUTENÇÃO DAS AÇÕES E SERVIÇOS PÚBLICOS DE SAÚDE;105.113,22
FUNDO MUNICIPAL DE SAÚDE DE BARBACENA;18.002;FUNDO MUNICIPAL DE SAUDE;2.012;MANUTENÇAO DA ASSISTENCIA FARMACEUTICA;2;ATENÇAO PRIMÁRIA;10;Saúde;303;Suporte Profilático e Terapêutico;241;3.3.90.30.00.00.00.00;MATERIAL DE CONSUMO;1.621.000.0000;TRANSFERÊNCIAS FUNDO A FUNDO DE RECURSOS DO SUS PROVENIENTES DO GOVERNO ESTADUAL;89.999,99
FUNDO MUNICIPAL DE SAÚDE DE BARBACENA;18.002;FUNDO MUNICIPAL DE SAUDE;2.012;MANUTENÇAO DA ASSISTENCIA FARMACEUTICA;2;ATENÇAO PRIMÁRIA;10;Saúde;303;Suporte Profilático e Terapêutico;242;3.3.90.39.00.00.00.00;OUTROS SERVIÇOS DE TERCEIROS - PESSOA JURÍDICA;1.621.000.0000;TRANSFERÊNCIAS FUNDO A FUNDO DE RECURSOS DO SUS PROVENIENTES DO GOVERNO ESTADUAL;34.320,76
FUNDO MUNICIPAL DE SAÚDE DE BARBACENA;18.002;FUNDO MUNICIPAL DE SAUDE;2.012;MANUTENÇAO DA ASSISTENCIA FARMACEUTICA;2;ATENÇAO PRIMÁRIA;10;Saúde;303;Suporte Profilático e Terapêutico;242;3.3.90.39.00.00.00.00;OUTROS SERVIÇOS DE TERCEIROS - PESSOA JURÍDICA;2.621.000.0000;TRANSFERÊNCIAS FUNDO A FUNDO DE RECURSOS DO SUS PROVENIENTES DO GOVERNO ESTADUAL;123.000,00
FUNDO MUNICIPAL DE SAÚDE DE BARBACENA;18.002;FUNDO MUNICIPAL DE SAUDE;2.012;MANUTENÇAO DA ASSISTENCIA FARMACEUTICA;2;ATENÇAO PRIMÁRIA;10;Saúde;303;Suporte Profilático e Terapêutico;243;3.3.90.40.00.00.00.00;SERVIÇOS DE TECNOLOGIA DA INFORMAÇÃO E COMUNICAÇ;1.621.000.0000;TRANSFERÊNCIAS FUNDO A FUNDO DE RECURSOS DO SUS PROVENIENTES DO GOVERNO ESTADUAL;1.000,00
FUNDO MUNICIPAL DE SAÚDE DE BARBACENA;18.002;FUNDO MUNICIPAL DE SAUDE;2.012;MANUTENÇAO DA ASSISTENCIA FARMACEUTICA;2;ATENÇAO PRIMÁRIA;10;Saúde;303;Suporte Profilático e Terapêutico;244;3.3.90.46.00.00.00.00;AUXÍLIO-ALIMENTAÇÃO;1.500.000.1002;RECURSOS NÃO VINCULADOS DE IMPOSTOS (SAÚDE);32.080,00
FUNDO MUNICIPAL DE SAÚDE DE BARBACENA;18.002;FUNDO MUNICIPAL DE SAUDE;2.012;MANUTENÇAO DA ASSISTENCIA FARMACEUTICA;2;ATENÇAO PRIMÁRIA;10;Saúde;303;Suporte Profilático e Terapêutico;244;3.3.90.46.00.00.00.00;AUXÍLIO-ALIMENTAÇÃO;1.600.000.0000;TRANSFERÊNCIAS FUNDO A FUNDO DE RECURSOS DO SUS PROVENIENTES DO GOVERNO FEDERAL - BLOCO DE MANUTENÇÃO DAS AÇÕES E SERVIÇOS PÚBLICOS DE SAÚDE;97.799,41
FUNDO MUNICIPAL DE SAÚDE DE BARBACENA;18.002;FUNDO MUNICIPAL DE SAUDE;2.012;MANUTENÇAO DA ASSISTENCIA FARMACEUTICA;2;ATENÇAO PRIMÁRIA;10;Saúde;303;Suporte Profilático e Terapêutico;244;3.3.90.46.00.00.00.00;AUXÍLIO-ALIMENTAÇÃO;1.621.000.0000;TRANSFERÊNCIAS FUNDO A FUNDO DE RECURSOS DO SUS PROVENIENTES DO GOVERNO ESTADUAL;25.000,00
FUNDO MUNICIPAL DE SAÚDE DE BARBACENA;18.002;FUNDO MUNICIPAL DE SAUDE;2.012;MANUTENÇAO DA ASSISTENCIA FARMACEUTICA;2;ATENÇAO PRIMÁRIA;10;Saúde;303;Suporte Profilático e Terapêutico;244;3.3.90.46.00.00.00.00;AUXÍLIO-ALIMENTAÇÃO;2.621.000.0000;TRANSFERÊNCIAS FUNDO A FUNDO DE RECURSOS DO SUS PROVENIENTES DO GOVERNO ESTADUAL;4.200,00
FUNDO MUNICIPAL DE SAÚDE DE BARBACENA;18.002;FUNDO MUNICIPAL DE SAUDE;2.012;MANUTENÇAO DA ASSISTENCIA FARMACEUTICA;2;ATENÇAO PRIMÁRIA;10;Saúde;303;Suporte Profilático e Terapêutico;245;4.4.90.52.00.00.00.00;EQUIPAMENTOS E MATERIAL PERMANENTE;1.500.000.1002;RECURSOS NÃO VINCULADOS DE IMPOSTOS (SAÚDE);1.000,00
FUNDO MUNICIPAL DE SAÚDE DE BARBACENA;18.002;FUNDO MUNICIPAL DE SAUDE;2.012;MANUTENÇAO DA ASSISTENCIA FARMACEUTICA;2;ATENÇAO PRIMÁRIA;10;Saúde;303;Suporte Profilático e Terapêutico;308;3.3.67.83.00.00.00.00;DESPESAS DECORRENTES DE CONTRATO DE PARCERIA PÚB.;1.621.000.0000;TRANSFERÊNCIAS FUNDO A FUNDO DE RECURSOS DO SUS PROVENIENTES DO GOVERNO ESTADUAL;5.679,24
FUNDO MUNICIPAL DE SAÚDE DE BARBACENA;18.002;FUNDO MUNICIPAL DE SAUDE;1.050;CONSTRUÇAO, REFORMA, READEQUAÇAO E AMPLIAÇAO DO CAPS;3;MEDIA E ALTA COMPLEXIDADE ASSISTENCIAL;10;Saúde;302;Assistência Hospitalar e Ambulatorial;109;3.3.90.39.00.00.00.00;OUTROS SERVIÇOS DE TERCEIROS - PESSOA JURÍDICA;1.600.000.0000;TRANSFERÊNCIAS FUNDO A FUNDO DE RECURSOS DO SUS PROVENIENTES DO GOVERNO FEDERAL - BLOCO DE MANUTENÇÃO DAS AÇÕES E SERVIÇOS PÚBLICOS DE SAÚDE;100,00
FUNDO MUNICIPAL DE SAÚDE DE BARBACENA;18.002;FUNDO MUNICIPAL DE SAUDE;1.050;CONSTRUÇAO, REFORMA, READEQUAÇAO E AMPLIAÇAO DO CAPS;3;MEDIA E ALTA COMPLEXIDADE ASSISTENCIAL;10;Saúde;302;Assistência Hospitalar e Ambulatorial;109;3.3.90.39.00.00.00.00;OUTROS SERVIÇOS DE TERCEIROS - PESSOA JURÍDICA;1.601.000.0000;TRANSFERÊNCIAS FUNDO A FUNDO DE RECURSOS DO SUS PROVENIENTES DO GOVERNO FEDERAL - BLOCO DE ESTRUTURAÇÃO DA REDE DE SERVIÇOS PÚBLICOS DE SAÚDE;100,00
FUNDO MUNICIPAL DE SAÚDE DE BARBACENA;18.002;FUNDO MUNICIPAL DE SAUDE;1.050;CONSTRUÇAO, REFORMA, READEQUAÇAO E AMPLIAÇAO DO CAPS;3;MEDIA E ALTA COMPLEXIDADE ASSISTENCIAL;10;Saúde;302;Assistência Hospitalar e Ambulatorial;110;4.4.90.51.00.00.00.00;OBRAS E INSTALAÇÕES;1.500.000.1002;RECURSOS NÃO VINCULADOS DE IMPOSTOS (SAÚDE);100,00
FUNDO MUNICIPAL DE SAÚDE DE BARBACENA;18.002;FUNDO MUNICIPAL DE SAUDE;1.050;CONSTRUÇAO, REFORMA, READEQUAÇAO E AMPLIAÇAO DO CAPS;3;MEDIA E ALTA COMPLEXIDADE ASSISTENCIAL;10;Saúde;302;Assistência Hospitalar e Ambulatorial;110;4.4.90.51.00.00.00.00;OBRAS E INSTALAÇÕES;2.600.000.0000;TRANSFERÊNCIAS FUNDO A FUNDO DE RECURSOS DO SUS PROVENIENTES DO GOVERNO FEDERAL - BLOCO DE MANUTENÇÃO DAS AÇÕES E SERVIÇOS PÚBLICOS DE SAÚDE;2.466.774,95
FUNDO MUNICIPAL DE SAÚDE DE BARBACENA;18.002;FUNDO MUNICIPAL DE SAUDE;1.448;IMPLANTAÇÃO DA UNIDADE DE PRONTO ATENDIMENTO (UPA);3;MEDIA E ALTA COMPLEXIDADE ASSISTENCIAL;10;Saúde;302;Assistência Hospitalar e Ambulatorial;111;4.4.90.51.00.00.00.00;OBRAS E INSTALAÇÕES;1.500.000.1002;RECURSOS NÃO VINCULADOS DE IMPOSTOS (SAÚDE);500,00
FUNDO MUNICIPAL DE SAÚDE DE BARBACENA;18.002;FUNDO MUNICIPAL DE SAUDE;1.448;IMPLANTAÇÃO DA UNIDADE DE PRONTO ATENDIMENTO (UPA);3;MEDIA E ALTA COMPLEXIDADE ASSISTENCIAL;10;Saúde;302;Assistência Hospitalar e Ambulatorial;111;4.4.90.51.00.00.00.00;OBRAS E INSTALAÇÕES;1.600.000.0000;TRANSFERÊNCIAS FUNDO A FUNDO DE RECURSOS DO SUS PROVENIENTES DO GOVERNO FEDERAL - BLOCO DE MANUTENÇÃO DAS AÇÕES E SERVIÇOS PÚBLICOS DE SAÚDE;500,00
FUNDO MUNICIPAL DE SAÚDE DE BARBACENA;18.002;FUNDO MUNICIPAL DE SAUDE;1.448;IMPLANTAÇÃO DA UNIDADE DE PRONTO ATENDIMENTO (UPA);3;MEDIA E ALTA COMPLEXIDADE ASSISTENCIAL;10;Saúde;302;Assistência Hospitalar e Ambulatorial;111;4.4.90.51.00.00.00.00;OBRAS E INSTALAÇÕES;1.621.000.0000;TRANSFERÊNCIAS FUNDO A FUNDO DE RECURSOS DO SUS PROVENIENTES DO GOVERNO ESTADUAL;500,01
FUNDO MUNICIPAL DE SAÚDE DE BARBACENA;18.002;FUNDO MUNICIPAL DE SAUDE;1.448;IMPLANTAÇÃO DA UNIDADE DE PRONTO ATENDIMENTO (UPA);3;MEDIA E ALTA COMPLEXIDADE ASSISTENCIAL;10;Saúde;302;Assistência Hospitalar e Ambulatorial;112;4.4.90.52.00.00.00.00;EQUIPAMENTOS E MATERIAL PERMANENTE;1.500.000.1002;RECURSOS NÃO VINCULADOS DE IMPOSTOS (SAÚDE);500,00
FUNDO MUNICIPAL DE SAÚDE DE BARBACENA;18.002;FUNDO MUNICIPAL DE SAUDE;1.448;IMPLANTAÇÃO DA UNIDADE DE PRONTO ATENDIMENTO (UPA);3;MEDIA E ALTA COMPLEXIDADE ASSISTENCIAL;10;Saúde;302;Assistência Hospitalar e Ambulatorial;112;4.4.90.52.00.00.00.00;EQUIPAMENTOS E MATERIAL PERMANENTE;1.600.000.0000;TRANSFERÊNCIAS FUNDO A FUNDO DE RECURSOS DO SUS PROVENIENTES DO GOVERNO FEDERAL - BLOCO DE MANUTENÇÃO DAS AÇÕES E SERVIÇOS PÚBLICOS DE SAÚDE;500,00
FUNDO MUNICIPAL DE SAÚDE DE BARBACENA;18.002;FUNDO MUNICIPAL DE SAUDE;1.448;IMPLANTAÇÃO DA UNIDADE DE PRONTO ATENDIMENTO (UPA);3;MEDIA E ALTA COMPLEXIDADE ASSISTENCIAL;10;Saúde;302;Assistência Hospitalar e Ambulatorial;112;4.4.90.52.00.00.00.00;EQUIPAMENTOS E MATERIAL PERMANENTE;1.621.000.0000;TRANSFERÊNCIAS FUNDO A FUNDO DE RECURSOS DO SUS PROVENIENTES DO GOVERNO ESTADUAL;500,00
FUNDO MUNICIPAL DE SAÚDE DE BARBACENA;18.002;FUNDO MUNICIPAL DE SAUDE;2.008;MANUTENÇÃO DO CEREST;3;MEDIA E ALTA COMPLEXIDADE ASSISTENCIAL;10;Saúde;302;Assistência Hospitalar e Ambulatorial;113;3.1.90.04.00.00.00.00;CONTRATAÇÃO POR TEMPO DETERMINADO;1.600.000.0000;TRANSFERÊNCIAS FUNDO A FUNDO DE RECURSOS DO SUS PROVENIENTES DO GOVERNO FEDERAL - BLOCO DE MANUTENÇÃO DAS AÇÕES E SERVIÇOS PÚBLICOS DE SAÚDE;118.999,26
FUNDO MUNICIPAL DE SAÚDE DE BARBACENA;18.002;FUNDO MUNICIPAL DE SAUDE;2.008;MANUTENÇÃO DO CEREST;3;MEDIA E ALTA COMPLEXIDADE ASSISTENCIAL;10;Saúde;302;Assistência Hospitalar e Ambulatorial;114;3.1.90.11.00.00.00.00;VENCIMENTOS E VANTAGENS FIXAS - PESSOAL CIVIL;1.600.000.0000;TRANSFERÊNCIAS FUNDO A FUNDO DE RECURSOS DO SUS PROVENIENTES DO GOVERNO FEDERAL - BLOCO DE MANUTENÇÃO DAS AÇÕES E SERVIÇOS PÚBLICOS DE SAÚDE;84.594,59
FUNDO MUNICIPAL DE SAÚDE DE BARBACENA;18.002;FUNDO MUNICIPAL DE SAUDE;2.008;MANUTENÇÃO DO CEREST;3;MEDIA E ALTA COMPLEXIDADE ASSISTENCIAL;10;Saúde;302;Assistência Hospitalar e Ambulatorial;115;3.1.90.13.00.00.00.00;OBRIGAÇÕES PATRONAIS;1.600.000.0000;TRANSFERÊNCIAS FUNDO A FUNDO DE RECURSOS DO SUS PROVENIENTES DO GOVERNO FEDERAL - BLOCO DE MANUTENÇÃO DAS AÇÕES E SERVIÇOS PÚBLICOS DE SAÚDE;1.000,00
FUNDO MUNICIPAL DE SAÚDE DE BARBACENA;18.002;FUNDO MUNICIPAL DE SAUDE;2.008;MANUTENÇÃO DO CEREST;3;MEDIA E ALTA COMPLEXIDADE ASSISTENCIAL;10;Saúde;302;Assistência Hospitalar e Ambulatorial;116;3.1.91.13.00.00.00.00;OBRIGAÇÕES PATRONAIS;1.600.000.0000;TRANSFERÊNCIAS FUNDO A FUNDO DE RECURSOS DO SUS PROVENIENTES DO GOVERNO FEDERAL - BLOCO DE MANUTENÇÃO DAS AÇÕES E SERVIÇOS PÚBLICOS DE SAÚDE;23.686,50
FUNDO MUNICIPAL DE SAÚDE DE BARBACENA;18.002;FUNDO MUNICIPAL DE SAUDE;2.008;MANUTENÇÃO DO CEREST;3;MEDIA E ALTA COMPLEXIDADE ASSISTENCIAL;10;Saúde;302;Assistência Hospitalar e Ambulatorial;117;3.3.90.14.00.00.00.00;DIÁRIAS - PESSOAL CIVIL;1.600.000.0000;TRANSFERÊNCIAS FUNDO A FUNDO DE RECURSOS DO SUS PROVENIENTES DO GOVERNO FEDERAL - BLOCO DE MANUTENÇÃO DAS AÇÕES E SERVIÇOS PÚBLICOS DE SAÚDE;1.478,18
FUNDO MUNICIPAL DE SAÚDE DE BARBACENA;18.002;FUNDO MUNICIPAL DE SAUDE;2.008;MANUTENÇÃO DO CEREST;3;MEDIA E ALTA COMPLEXIDADE ASSISTENCIAL;10;Saúde;302;Assistência Hospitalar e Ambulatorial;118;3.3.90.18.00.00.00.00;AUXÍLIO FINANCEIRO A ESTUDANTES;1.600.000.0000;TRANSFERÊNCIAS FUNDO A FUNDO DE RECURSOS DO SUS PROVENIENTES DO GOVERNO FEDERAL - BLOCO DE MANUTENÇÃO DAS AÇÕES E SERVIÇOS PÚBLICOS DE SAÚDE;500,00
FUNDO MUNICIPAL DE SAÚDE DE BARBACENA;18.002;FUNDO MUNICIPAL DE SAUDE;2.008;MANUTENÇÃO DO CEREST;3;MEDIA E ALTA COMPLEXIDADE ASSISTENCIAL;10;Saúde;302;Assistência Hospitalar e Ambulatorial;119;3.3.90.30.00.00.00.00;MATERIAL DE CONSUMO;1.600.000.0000;TRANSFERÊNCIAS FUNDO A FUNDO DE RECURSOS DO SUS PROVENIENTES DO GOVERNO FEDERAL - BLOCO DE MANUTENÇÃO DAS AÇÕES E SERVIÇOS PÚBLICOS DE SAÚDE;19.898,26
FUNDO MUNICIPAL DE SAÚDE DE BARBACENA;18.002;FUNDO MUNICIPAL DE SAUDE;2.008;MANUTENÇÃO DO CEREST;3;MEDIA E ALTA COMPLEXIDADE ASSISTENCIAL;10;Saúde;302;Assistência Hospitalar e Ambulatorial;119;3.3.90.30.00.00.00.00;MATERIAL DE CONSUMO;1.621.000.0000;TRANSFERÊNCIAS FUNDO A FUNDO DE RECURSOS DO SUS PROVENIENTES DO GOVERNO ESTADUAL;5.000,00
FUNDO MUNICIPAL DE SAÚDE DE BARBACENA;18.002;FUNDO MUNICIPAL DE SAUDE;2.008;MANUTENÇÃO DO CEREST;3;MEDIA E ALTA COMPLEXIDADE ASSISTENCIAL;10;Saúde;302;Assistência Hospitalar e Ambulatorial;120;3.3.90.36.00.00.00.00;OUTROS SERVIÇOS DE TERCEIROS - PESSOA FÍSICA;1.600.000.0000;TRANSFERÊNCIAS FUNDO A FUNDO DE RECURSOS DO SUS PROVENIENTES DO GOVERNO FEDERAL - BLOCO DE MANUTENÇÃO DAS AÇÕES E SERVIÇOS PÚBLICOS DE SAÚDE;1.000,00
FUNDO MUNICIPAL DE SAÚDE DE BARBACENA;18.002;FUNDO MUNICIPAL DE SAUDE;2.008;MANUTENÇÃO DO CEREST;3;MEDIA E ALTA COMPLEXIDADE ASSISTENCIAL;10;Saúde;302;Assistência Hospitalar e Ambulatorial;120;3.3.90.36.00.00.00.00;OUTROS SERVIÇOS DE TERCEIROS - PESSOA FÍSICA;2.621.000.0000;TRANSFERÊNCIAS FUNDO A FUNDO DE RECURSOS DO SUS PROVENIENTES DO GOVERNO ESTADUAL;79.938,72
FUNDO MUNICIPAL DE SAÚDE DE BARBACENA;18.002;FUNDO MUNICIPAL DE SAUDE;2.008;MANUTENÇÃO DO CEREST;3;MEDIA E ALTA COMPLEXIDADE ASSISTENCIAL;10;Saúde;302;Assistência Hospitalar e Ambulatorial;121;3.3.90.39.00.00.00.00;OUTROS SERVIÇOS DE TERCEIROS - PESSOA JURÍDICA;1.500.000.1002;RECURSOS NÃO VINCULADOS DE IMPOSTOS (SAÚDE);5.000,00
FUNDO MUNICIPAL DE SAÚDE DE BARBACENA;18.002;FUNDO MUNICIPAL DE SAUDE;2.008;MANUTENÇÃO DO CEREST;3;MEDIA E ALTA COMPLEXIDADE ASSISTENCIAL;10;Saúde;302;Assistência Hospitalar e Ambulatorial;121;3.3.90.39.00.00.00.00;OUTROS SERVIÇOS DE TERCEIROS - PESSOA JURÍDICA;1.600.000.0000;TRANSFERÊNCIAS FUNDO A FUNDO DE RECURSOS DO SUS PROVENIENTES DO GOVERNO FEDERAL - BLOCO DE MANUTENÇÃO DAS AÇÕES E SERVIÇOS PÚBLICOS DE SAÚDE;27.564,65
FUNDO MUNICIPAL DE SAÚDE DE BARBACENA;18.002;FUNDO MUNICIPAL DE SAUDE;2.008;MANUTENÇÃO DO CEREST;3;MEDIA E ALTA COMPLEXIDADE ASSISTENCIAL;10;Saúde;302;Assistência Hospitalar e Ambulatorial;121;3.3.90.39.00.00.00.00;OUTROS SERVIÇOS DE TERCEIROS - PESSOA JURÍDICA;1.621.000.0000;TRANSFERÊNCIAS FUNDO A FUNDO DE RECURSOS DO SUS PROVENIENTES DO GOVERNO ESTADUAL;1.000,00
FUNDO MUNICIPAL DE SAÚDE DE BARBACENA;18.002;FUNDO MUNICIPAL DE SAUDE;2.008;MANUTENÇÃO DO CEREST;3;MEDIA E ALTA COMPLEXIDADE ASSISTENCIAL;10;Saúde;302;Assistência Hospitalar e Ambulatorial;121;3.3.90.39.00.00.00.00;OUTROS SERVIÇOS DE TERCEIROS - PESSOA JURÍDICA;2.621.000.0000;TRANSFERÊNCIAS FUNDO A FUNDO DE RECURSOS DO SUS PROVENIENTES DO GOVERNO ESTADUAL;12.901,08
FUNDO MUNICIPAL DE SAÚDE DE BARBACENA;18.002;FUNDO MUNICIPAL DE SAUDE;2.008;MANUTENÇÃO DO CEREST;3;MEDIA E ALTA COMPLEXIDADE ASSISTENCIAL;10;Saúde;302;Assistência Hospitalar e Ambulatorial;122;3.3.90.40.00.00.00.00;SERVIÇOS DE TECNOLOGIA DA INFORMAÇÃO E COMUNICAÇ;1.500.000.1002;RECURSOS NÃO VINCULADOS DE IMPOSTOS (SAÚDE);500,00
FUNDO MUNICIPAL DE SAÚDE DE BARBACENA;18.002;FUNDO MUNICIPAL DE SAUDE;2.008;MANUTENÇÃO DO CEREST;3;MEDIA E ALTA COMPLEXIDADE ASSISTENCIAL;10;Saúde;302;Assistência Hospitalar e Ambulatorial;123;3.3.90.46.00.00.00.00;AUXÍLIO-ALIMENTAÇÃO;1.600.000.0000;TRANSFERÊNCIAS FUNDO A FUNDO DE RECURSOS DO SUS PROVENIENTES DO GOVERNO FEDERAL - BLOCO DE MANUTENÇÃO DAS AÇÕES E SERVIÇOS PÚBLICOS DE SAÚDE;53.486,46
FUNDO MUNICIPAL DE SAÚDE DE BARBACENA;18.002;FUNDO MUNICIPAL DE SAUDE;2.008;MANUTENÇÃO DO CEREST;3;MEDIA E ALTA COMPLEXIDADE ASSISTENCIAL;10;Saúde;302;Assistência Hospitalar e Ambulatorial;124;4.4.90.52.00.00.00.00;EQUIPAMENTOS E MATERIAL PERMANENTE;1.600.000.0000;TRANSFERÊNCIAS FUNDO A FUNDO DE RECURSOS DO SUS PROVENIENTES DO GOVERNO FEDERAL - BLOCO DE MANUTENÇÃO DAS AÇÕES E SERVIÇOS PÚBLICOS DE SAÚDE;1.000,00
FUNDO MUNICIPAL DE SAÚDE DE BARBACENA;18.002;FUNDO MUNICIPAL DE SAUDE;2.008;MANUTENÇÃO DO CEREST;3;MEDIA E ALTA COMPLEXIDADE ASSISTENCIAL;10;Saúde;302;Assistência Hospitalar e Ambulatorial;124;4.4.90.52.00.00.00.00;EQUIPAMENTOS E MATERIAL PERMANENTE;1.621.000.0000;TRANSFERÊNCIAS FUNDO A FUNDO DE RECURSOS DO SUS PROVENIENTES DO GOVERNO ESTADUAL;500,00
FUNDO MUNICIPAL DE SAÚDE DE BARBACENA;18.002;FUNDO MUNICIPAL DE SAUDE;2.015;MANUTENÇAO DO TRANSPORTE DE SAÚDE;3;MEDIA E ALTA COMPLEXIDADE ASSISTENCIAL;10;Saúde;302;Assistência Hospitalar e Ambulatorial;125;3.1.90.04.00.00.00.00;CONTRATAÇÃO POR TEMPO DETERMINADO;1.600.000.0000;TRANSFERÊNCIAS FUNDO A FUNDO DE RECURSOS DO SUS PROVENIENTES DO GOVERNO FEDERAL - BLOCO DE MANUTENÇÃO DAS AÇÕES E SERVIÇOS PÚBLICOS DE SAÚDE;1.000,00
FUNDO MUNICIPAL DE SAÚDE DE BARBACENA;18.002;FUNDO MUNICIPAL DE SAUDE;2.015;MANUTENÇAO DO TRANSPORTE DE SAÚDE;3;MEDIA E ALTA COMPLEXIDADE ASSISTENCIAL;10;Saúde;302;Assistência Hospitalar e Ambulatorial;126;3.3.90.14.00.00.00.00;DIÁRIAS - PESSOAL CIVIL;1.500.000.1002;RECURSOS NÃO VINCULADOS DE IMPOSTOS (SAÚDE);500,00
FUNDO MUNICIPAL DE SAÚDE DE BARBACENA;18.002;FUNDO MUNICIPAL DE SAUDE;2.015;MANUTENÇAO DO TRANSPORTE DE SAÚDE;3;MEDIA E ALTA COMPLEXIDADE ASSISTENCIAL;10;Saúde;302;Assistência Hospitalar e Ambulatorial;126;3.3.90.14.00.00.00.00;DIÁRIAS - PESSOAL CIVIL;1.600.000.0000;TRANSFERÊNCIAS FUNDO A FUNDO DE RECURSOS DO SUS PROVENIENTES DO GOVERNO FEDERAL - BLOCO DE MANUTENÇÃO DAS AÇÕES E SERVIÇOS PÚBLICOS DE SAÚDE;1.000,00
FUNDO MUNICIPAL DE SAÚDE DE BARBACENA;18.002;FUNDO MUNICIPAL DE SAUDE;2.015;MANUTENÇAO DO TRANSPORTE DE SAÚDE;3;MEDIA E ALTA COMPLEXIDADE ASSISTENCIAL;10;Saúde;302;Assistência Hospitalar e Ambulatorial;127;3.3.90.30.00.00.00.00;MATERIAL DE CONSUMO;1.500.000.1002;RECURSOS NÃO VINCULADOS DE IMPOSTOS (SAÚDE);0,00
FUNDO MUNICIPAL DE SAÚDE DE BARBACENA;18.002;FUNDO MUNICIPAL DE SAUDE;2.015;MANUTENÇAO DO TRANSPORTE DE SAÚDE;3;MEDIA E ALTA COMPLEXIDADE ASSISTENCIAL;10;Saúde;302;Assistência Hospitalar e Ambulatorial;127;3.3.90.30.00.00.00.00;MATERIAL DE CONSUMO;1.600.000.0000;TRANSFERÊNCIAS FUNDO A FUNDO DE RECURSOS DO SUS PROVENIENTES DO GOVERNO FEDERAL - BLOCO DE MANUTENÇÃO DAS AÇÕES E SERVIÇOS PÚBLICOS DE SAÚDE;43.087,87
FUNDO MUNICIPAL DE SAÚDE DE BARBACENA;18.002;FUNDO MUNICIPAL DE SAUDE;2.015;MANUTENÇAO DO TRANSPORTE DE SAÚDE;3;MEDIA E ALTA COMPLEXIDADE ASSISTENCIAL;10;Saúde;302;Assistência Hospitalar e Ambulatorial;127;3.3.90.30.00.00.00.00;MATERIAL DE CONSUMO;2.621.000.0000;TRANSFERÊNCIAS FUNDO A FUNDO DE RECURSOS DO SUS PROVENIENTES DO GOVERNO ESTADUAL;164.619,24
FUNDO MUNICIPAL DE SAÚDE DE BARBACENA;18.002;FUNDO MUNICIPAL DE SAUDE;2.015;MANUTENÇAO DO TRANSPORTE DE SAÚDE;3;MEDIA E ALTA COMPLEXIDADE ASSISTENCIAL;10;Saúde;302;Assistência Hospitalar e Ambulatorial;128;3.3.90.33.00.00.00.00;PASSAGENS E DESPESAS COM LOCOMOÇÃO;1.500.000.1002;RECURSOS NÃO VINCULADOS DE IMPOSTOS (SAÚDE);256.929,61
FUNDO MUNICIPAL DE SAÚDE DE BARBACENA;18.002;FUNDO MUNICIPAL DE SAUDE;2.015;MANUTENÇAO DO TRANSPORTE DE SAÚDE;3;MEDIA E ALTA COMPLEXIDADE ASSISTENCIAL;10;Saúde;302;Assistência Hospitalar e Ambulatorial;129;3.3.90.36.00.00.00.00;OUTROS SERVIÇOS DE TERCEIROS - PESSOA FÍSICA;1.500.000.1002;RECURSOS NÃO VINCULADOS DE IMPOSTOS (SAÚDE);1.000,00
FUNDO MUNICIPAL DE SAÚDE DE BARBACENA;18.002;FUNDO MUNICIPAL DE SAUDE;2.015;MANUTENÇAO DO TRANSPORTE DE SAÚDE;3;MEDIA E ALTA COMPLEXIDADE ASSISTENCIAL;10;Saúde;302;Assistência Hospitalar e Ambulatorial;129;3.3.90.36.00.00.00.00;OUTROS SERVIÇOS DE TERCEIROS - PESSOA FÍSICA;1.600.000.0000;TRANSFERÊNCIAS FUNDO A FUNDO DE RECURSOS DO SUS PROVENIENTES DO GOVERNO FEDERAL - BLOCO DE MANUTENÇÃO DAS AÇÕES E SERVIÇOS PÚBLICOS DE SAÚDE;9.188,22
FUNDO MUNICIPAL DE SAÚDE DE BARBACENA;18.002;FUNDO MUNICIPAL DE SAUDE;2.015;MANUTENÇAO DO TRANSPORTE DE SAÚDE;3;MEDIA E ALTA COMPLEXIDADE ASSISTENCIAL;10;Saúde;302;Assistência Hospitalar e Ambulatorial;130;3.3.90.39.00.00.00.00;OUTROS SERVIÇOS DE TERCEIROS - PESSOA JURÍDICA;1.500.000.1002;RECURSOS NÃO VINCULADOS DE IMPOSTOS (SAÚDE);533.809,10
FUNDO MUNICIPAL DE SAÚDE DE BARBACENA;18.002;FUNDO MUNICIPAL DE SAUDE;2.015;MANUTENÇAO DO TRANSPORTE DE SAÚDE;3;MEDIA E ALTA COMPLEXIDADE ASSISTENCIAL;10;Saúde;302;Assistência Hospitalar e Ambulatorial;130;3.3.90.39.00.00.00.00;OUTROS SERVIÇOS DE TERCEIROS - PESSOA JURÍDICA;1.600.000.0000;TRANSFERÊNCIAS FUNDO A FUNDO DE RECURSOS DO SUS PROVENIENTES DO GOVERNO FEDERAL - BLOCO DE MANUTENÇÃO DAS AÇÕES E SERVIÇOS PÚBLICOS DE SAÚDE;81.197,46
FUNDO MUNICIPAL DE SAÚDE DE BARBACENA;18.002;FUNDO MUNICIPAL DE SAUDE;2.015;MANUTENÇAO DO TRANSPORTE DE SAÚDE;3;MEDIA E ALTA COMPLEXIDADE ASSISTENCIAL;10;Saúde;302;Assistência Hospitalar e Ambulatorial;130;3.3.90.39.00.00.00.00;OUTROS SERVIÇOS DE TERCEIROS - PESSOA JURÍDICA;1.621.000.0000;TRANSFERÊNCIAS FUNDO A FUNDO DE RECURSOS DO SUS PROVENIENTES DO GOVERNO ESTADUAL;1.000,00
FUNDO MUNICIPAL DE SAÚDE DE BARBACENA;18.002;FUNDO MUNICIPAL DE SAUDE;2.015;MANUTENÇAO DO TRANSPORTE DE SAÚDE;3;MEDIA E ALTA COMPLEXIDADE ASSISTENCIAL;10;Saúde;302;Assistência Hospitalar e Ambulatorial;130;3.3.90.39.00.00.00.00;OUTROS SERVIÇOS DE TERCEIROS - PESSOA JURÍDICA;2.621.000.0000;TRANSFERÊNCIAS FUNDO A FUNDO DE RECURSOS DO SUS PROVENIENTES DO GOVERNO ESTADUAL;1.046.000,17
FUNDO MUNICIPAL DE SAÚDE DE BARBACENA;18.002;FUNDO MUNICIPAL DE SAUDE;2.015;MANUTENÇAO DO TRANSPORTE DE SAÚDE;3;MEDIA E ALTA COMPLEXIDADE ASSISTENCIAL;10;Saúde;302;Assistência Hospitalar e Ambulatorial;131;3.3.90.40.00.00.00.00;SERVIÇOS DE TECNOLOGIA DA INFORMAÇÃO E COMUNICAÇ;1.500.000.1002;RECURSOS NÃO VINCULADOS DE IMPOSTOS (SAÚDE);1.000,00
FUNDO MUNICIPAL DE SAÚDE DE BARBACENA;18.002;FUNDO MUNICIPAL DE SAUDE;2.015;MANUTENÇAO DO TRANSPORTE DE SAÚDE;3;MEDIA E ALTA COMPLEXIDADE ASSISTENCIAL;10;Saúde;302;Assistência Hospitalar e Ambulatorial;132;3.3.90.92.00.00.00.00;DESPESAS DE EXERCÍCIOS ANTERIORES;1.500.000.1002;RECURSOS NÃO VINCULADOS DE IMPOSTOS (SAÚDE);1.000,00
FUNDO MUNICIPAL DE SAÚDE DE BARBACENA;18.002;FUNDO MUNICIPAL DE SAUDE;2.015;MANUTENÇAO DO TRANSPORTE DE SAÚDE;3;MEDIA E ALTA COMPLEXIDADE ASSISTENCIAL;10;Saúde;302;Assistência Hospitalar e Ambulatorial;132;3.3.90.92.00.00.00.00;DESPESAS DE EXERCÍCIOS ANTERIORES;1.600.000.0000;TRANSFERÊNCIAS FUNDO A FUNDO DE RECURSOS DO SUS PROVENIENTES DO GOVERNO FEDERAL - BLOCO DE MANUTENÇÃO DAS AÇÕES E SERVIÇOS PÚBLICOS DE SAÚDE;1.000,00
FUNDO MUNICIPAL DE SAÚDE DE BARBACENA;18.002;FUNDO MUNICIPAL DE SAUDE;2.015;MANUTENÇAO DO TRANSPORTE DE SAÚDE;3;MEDIA E ALTA COMPLEXIDADE ASSISTENCIAL;10;Saúde;302;Assistência Hospitalar e Ambulatorial;133;3.3.90.93.00.00.00.00;INDENIZAÇÕES E RESTITUIÇÕES;1.621.000.0000;TRANSFERÊNCIAS FUNDO A FUNDO DE RECURSOS DO SUS PROVENIENTES DO GOVERNO ESTADUAL;1.000,00
FUNDO MUNICIPAL DE SAÚDE DE BARBACENA;18.002;FUNDO MUNICIPAL DE SAUDE;2.015;MANUTENÇAO DO TRANSPORTE DE SAÚDE;3;MEDIA E ALTA COMPLEXIDADE ASSISTENCIAL;10;Saúde;302;Assistência Hospitalar e Ambulatorial;134;4.4.90.52.00.00.00.00;EQUIPAMENTOS E MATERIAL PERMANENTE;1.500.000.1002;RECURSOS NÃO VINCULADOS DE IMPOSTOS (SAÚDE);5.000,00
FUNDO MUNICIPAL DE SAÚDE DE BARBACENA;18.002;FUNDO MUNICIPAL DE SAUDE;2.015;MANUTENÇAO DO TRANSPORTE DE SAÚDE;3;MEDIA E ALTA COMPLEXIDADE ASSISTENCIAL;10;Saúde;302;Assistência Hospitalar e Ambulatorial;134;4.4.90.52.00.00.00.00;EQUIPAMENTOS E MATERIAL PERMANENTE;1.621.000.0000;TRANSFERÊNCIAS FUNDO A FUNDO DE RECURSOS DO SUS PROVENIENTES DO GOVERNO ESTADUAL;1.000,00
FUNDO MUNICIPAL DE SAÚDE DE BARBACENA;18.002;FUNDO MUNICIPAL DE SAUDE;2.015;MANUTENÇAO DO TRANSPORTE DE SAÚDE;3;MEDIA E ALTA COMPLEXIDADE ASSISTENCIAL;10;Saúde;302;Assistência Hospitalar e Ambulatorial;134;4.4.90.52.00.00.00.00;EQUIPAMENTOS E MATERIAL PERMANENTE;2.621.000.0000;TRANSFERÊNCIAS FUNDO A FUNDO DE RECURSOS DO SUS PROVENIENTES DO GOVERNO ESTADUAL;141.980,00
FUNDO MUNICIPAL DE SAÚDE DE BARBACENA;18.002;FUNDO MUNICIPAL DE SAUDE;2.015;MANUTENÇAO DO TRANSPORTE DE SAÚDE;3;MEDIA E ALTA COMPLEXIDADE ASSISTENCIAL;10;Saúde;302;Assistência Hospitalar e Ambulatorial;309;3.3.67.83.00.00.00.00;DESPESAS DECORRENTES DE CONTRATO DE PARCERIA PÚB.;1.500.000.1002;RECURSOS NÃO VINCULADOS DE IMPOSTOS (SAÚDE);5.679,24
FUNDO MUNICIPAL DE SAÚDE DE BARBACENA;18.002;FUNDO MUNICIPAL DE SAUDE;2.027;MANUTENÇAO DO CORSÓRCIO INTERMUNICIPAL DA REDE DE URGÊNCIA E EMERGÊNCIA CENTRO-SUL - CISRU;3;MEDIA E ALTA COMPLEXIDADE ASSISTENCIAL;10;Saúde;302;Assistência Hospitalar e Ambulatorial;135;3.1.71.70.00.00.00.00;RATEIO PELA PARTICIPAÇÃO EM CONSÓRCIO PÚBLICO;1.500.000.1002;RECURSOS NÃO VINCULADOS DE IMPOSTOS (SAÚDE);417.513,40
FUNDO MUNICIPAL DE SAÚDE DE BARBACENA;18.002;FUNDO MUNICIPAL DE SAUDE;2.027;MANUTENÇAO DO CORSÓRCIO INTERMUNICIPAL DA REDE DE URGÊNCIA E EMERGÊNCIA CENTRO-SUL - CISRU;3;MEDIA E ALTA COMPLEXIDADE ASSISTENCIAL;10;Saúde;302;Assistência Hospitalar e Ambulatorial;136;3.3.71.70.00.00.00.00;RATEIO PELA PARTICIPAÇÃO EM CONSÓRCIO PÚBLICO;1.500.000.1002;RECURSOS NÃO VINCULADOS DE IMPOSTOS (SAÚDE);1.036.483,33
FUNDO MUNICIPAL DE SAÚDE DE BARBACENA;18.002;FUNDO MUNICIPAL DE SAUDE;2.027;MANUTENÇAO DO CORSÓRCIO INTERMUNICIPAL DA REDE DE URGÊNCIA E EMERGÊNCIA CENTRO-SUL - CISRU;3;MEDIA E ALTA COMPLEXIDADE ASSISTENCIAL;10;Saúde;302;Assistência Hospitalar e Ambulatorial;137;4.4.71.70.00.00.00.00;RATEIO PELA PARTICIPAÇÃO EM CONSÓRCIO PÚBLICO;1.500.000.1002;RECURSOS NÃO VINCULADOS DE IMPOSTOS (SAÚDE);5.839,22
FUNDO MUNICIPAL DE SAÚDE DE BARBACENA;18.002;FUNDO MUNICIPAL DE SAUDE;2.038;MANUTENÇÃO DO PROGRAMA DE ATENÇÃO DOMICILIAR;3;MEDIA E ALTA COMPLEXIDADE ASSISTENCIAL;10;Saúde;302;Assistência Hospitalar e Ambulatorial;138;3.1.90.04.00.00.00.00;CONTRATAÇÃO POR TEMPO DETERMINADO;1.600.000.0000;TRANSFERÊNCIAS FUNDO A FUNDO DE RECURSOS DO SUS PROVENIENTES DO GOVERNO FEDERAL - BLOCO DE MANUTENÇÃO DAS AÇÕES E SERVIÇOS PÚBLICOS DE SAÚDE;76.388,47
FUNDO MUNICIPAL DE SAÚDE DE BARBACENA;18.002;FUNDO MUNICIPAL DE SAUDE;2.038;MANUTENÇÃO DO PROGRAMA DE ATENÇÃO DOMICILIAR;3;MEDIA E ALTA COMPLEXIDADE ASSISTENCIAL;10;Saúde;302;Assistência Hospitalar e Ambulatorial;139;3.1.90.11.00.00.00.00;VENCIMENTOS E VANTAGENS FIXAS - PESSOAL CIVIL;1.600.000.0000;TRANSFERÊNCIAS FUNDO A FUNDO DE RECURSOS DO SUS PROVENIENTES DO GOVERNO FEDERAL - BLOCO DE MANUTENÇÃO DAS AÇÕES E SERVIÇOS PÚBLICOS DE SAÚDE;94.773,49
FUNDO MUNICIPAL DE SAÚDE DE BARBACENA;18.002;FUNDO MUNICIPAL DE SAUDE;2.038;MANUTENÇÃO DO PROGRAMA DE ATENÇÃO DOMICILIAR;3;MEDIA E ALTA COMPLEXIDADE ASSISTENCIAL;10;Saúde;302;Assistência Hospitalar e Ambulatorial;140;3.1.90.92.00.00.00.00;DESPESAS DE EXERCÍCIOS ANTERIORES;1.600.000.0000;TRANSFERÊNCIAS FUNDO A FUNDO DE RECURSOS DO SUS PROVENIENTES DO GOVERNO FEDERAL - BLOCO DE MANUTENÇÃO DAS AÇÕES E SERVIÇOS PÚBLICOS DE SAÚDE;500,00
FUNDO MUNICIPAL DE SAÚDE DE BARBACENA;18.002;FUNDO MUNICIPAL DE SAUDE;2.038;MANUTENÇÃO DO PROGRAMA DE ATENÇÃO DOMICILIAR;3;MEDIA E ALTA COMPLEXIDADE ASSISTENCIAL;10;Saúde;302;Assistência Hospitalar e Ambulatorial;141;3.1.91.13.00.00.00.00;OBRIGAÇÕES PATRONAIS;1.600.000.0000;TRANSFERÊNCIAS FUNDO A FUNDO DE RECURSOS DO SUS PROVENIENTES DO GOVERNO FEDERAL - BLOCO DE MANUTENÇÃO DAS AÇÕES E SERVIÇOS PÚBLICOS DE SAÚDE;32.158,77
FUNDO MUNICIPAL DE SAÚDE DE BARBACENA;18.002;FUNDO MUNICIPAL DE SAUDE;2.038;MANUTENÇÃO DO PROGRAMA DE ATENÇÃO DOMICILIAR;3;MEDIA E ALTA COMPLEXIDADE ASSISTENCIAL;10;Saúde;302;Assistência Hospitalar e Ambulatorial;142;3.3.90.14.00.00.00.00;DIÁRIAS - PESSOAL CIVIL;1.600.000.0000;TRANSFERÊNCIAS FUNDO A FUNDO DE RECURSOS DO SUS PROVENIENTES DO GOVERNO FEDERAL - BLOCO DE MANUTENÇÃO DAS AÇÕES E SERVIÇOS PÚBLICOS DE SAÚDE;1.000,00
FUNDO MUNICIPAL DE SAÚDE DE BARBACENA;18.002;FUNDO MUNICIPAL DE SAUDE;2.038;MANUTENÇÃO DO PROGRAMA DE ATENÇÃO DOMICILIAR;3;MEDIA E ALTA COMPLEXIDADE ASSISTENCIAL;10;Saúde;302;Assistência Hospitalar e Ambulatorial;143;3.3.90.30.00.00.00.00;MATERIAL DE CONSUMO;1.600.000.0000;TRANSFERÊNCIAS FUNDO A FUNDO DE RECURSOS DO SUS PROVENIENTES DO GOVERNO FEDERAL - BLOCO DE MANUTENÇÃO DAS AÇÕES E SERVIÇOS PÚBLICOS DE SAÚDE;144.988,11
FUNDO MUNICIPAL DE SAÚDE DE BARBACENA;18.002;FUNDO MUNICIPAL DE SAUDE;2.038;MANUTENÇÃO DO PROGRAMA DE ATENÇÃO DOMICILIAR;3;MEDIA E ALTA COMPLEXIDADE ASSISTENCIAL;10;Saúde;302;Assistência Hospitalar e Ambulatorial;144;3.3.90.36.00.00.00.00;OUTROS SERVIÇOS DE TERCEIROS - PESSOA FÍSICA;1.600.000.0000;TRANSFERÊNCIAS FUNDO A FUNDO DE RECURSOS DO SUS PROVENIENTES DO GOVERNO FEDERAL - BLOCO DE MANUTENÇÃO DAS AÇÕES E SERVIÇOS PÚBLICOS DE SAÚDE;5.000,00
FUNDO MUNICIPAL DE SAÚDE DE BARBACENA;18.002;FUNDO MUNICIPAL DE SAUDE;2.038;MANUTENÇÃO DO PROGRAMA DE ATENÇÃO DOMICILIAR;3;MEDIA E ALTA COMPLEXIDADE ASSISTENCIAL;10;Saúde;302;Assistência Hospitalar e Ambulatorial;145;3.3.90.39.00.00.00.00;OUTROS SERVIÇOS DE TERCEIROS - PESSOA JURÍDICA;1.600.000.0000;TRANSFERÊNCIAS FUNDO A FUNDO DE RECURSOS DO SUS PROVENIENTES DO GOVERNO FEDERAL - BLOCO DE MANUTENÇÃO DAS AÇÕES E SERVIÇOS PÚBLICOS DE SAÚDE;141.805,00
FUNDO MUNICIPAL DE SAÚDE DE BARBACENA;18.002;FUNDO MUNICIPAL DE SAUDE;2.038;MANUTENÇÃO DO PROGRAMA DE ATENÇÃO DOMICILIAR;3;MEDIA E ALTA COMPLEXIDADE ASSISTENCIAL;10;Saúde;302;Assistência Hospitalar e Ambulatorial;146;3.3.90.46.00.00.00.00;AUXÍLIO-ALIMENTAÇÃO;1.600.000.0000;TRANSFERÊNCIAS FUNDO A FUNDO DE RECURSOS DO SUS PROVENIENTES DO GOVERNO FEDERAL - BLOCO DE MANUTENÇÃO DAS AÇÕES E SERVIÇOS PÚBLICOS DE SAÚDE;36.752,87
FUNDO MUNICIPAL DE SAÚDE DE BARBACENA;18.002;FUNDO MUNICIPAL DE SAUDE;2.038;MANUTENÇÃO DO PROGRAMA DE ATENÇÃO DOMICILIAR;3;MEDIA E ALTA COMPLEXIDADE ASSISTENCIAL;10;Saúde;302;Assistência Hospitalar e Ambulatorial;147;4.4.90.52.00.00.00.00;EQUIPAMENTOS E MATERIAL PERMANENTE;1.600.000.0000;TRANSFERÊNCIAS FUNDO A FUNDO DE RECURSOS DO SUS PROVENIENTES DO GOVERNO FEDERAL - BLOCO DE MANUTENÇÃO DAS AÇÕES E SERVIÇOS PÚBLICOS DE SAÚDE;1.000,00
FUNDO MUNICIPAL DE SAÚDE DE BARBACENA;18.002;FUNDO MUNICIPAL DE SAUDE;2.042;MANUTENÇÃO DO TRATAMENTO FORA DO DOMICÍLIO - TFD;3;MEDIA E ALTA COMPLEXIDADE ASSISTENCIAL;10;Saúde;302;Assistência Hospitalar e Ambulatorial;148;3.1.90.04.00.00.00.00;CONTRATAÇÃO POR TEMPO DETERMINADO;1.500.000.1002;RECURSOS NÃO VINCULADOS DE IMPOSTOS (SAÚDE);1.000,00
FUNDO MUNICIPAL DE SAÚDE DE BARBACENA;18.002;FUNDO MUNICIPAL DE SAUDE;2.042;MANUTENÇÃO DO TRATAMENTO FORA DO DOMICÍLIO - TFD;3;MEDIA E ALTA COMPLEXIDADE ASSISTENCIAL;10;Saúde;302;Assistência Hospitalar e Ambulatorial;148;3.1.90.04.00.00.00.00;CONTRATAÇÃO POR TEMPO DETERMINADO;1.600.000.0000;TRANSFERÊNCIAS FUNDO A FUNDO DE RECURSOS DO SUS PROVENIENTES DO GOVERNO FEDERAL - BLOCO DE MANUTENÇÃO DAS AÇÕES E SERVIÇOS PÚBLICOS DE SAÚDE;1.000,00
FUNDO MUNICIPAL DE SAÚDE DE BARBACENA;18.002;FUNDO MUNICIPAL DE SAUDE;2.042;MANUTENÇÃO DO TRATAMENTO FORA DO DOMICÍLIO - TFD;3;MEDIA E ALTA COMPLEXIDADE ASSISTENCIAL;10;Saúde;302;Assistência Hospitalar e Ambulatorial;149;3.1.91.13.00.00.00.00;OBRIGAÇÕES PATRONAIS;1.500.000.1002;RECURSOS NÃO VINCULADOS DE IMPOSTOS (SAÚDE);1.000,00
FUNDO MUNICIPAL DE SAÚDE DE BARBACENA;18.002;FUNDO MUNICIPAL DE SAUDE;2.042;MANUTENÇÃO DO TRATAMENTO FORA DO DOMICÍLIO - TFD;3;MEDIA E ALTA COMPLEXIDADE ASSISTENCIAL;10;Saúde;302;Assistência Hospitalar e Ambulatorial;150;3.3.90.14.00.00.00.00;DIÁRIAS - PESSOAL CIVIL;1.600.000.0000;TRANSFERÊNCIAS FUNDO A FUNDO DE RECURSOS DO SUS PROVENIENTES DO GOVERNO FEDERAL - BLOCO DE MANUTENÇÃO DAS AÇÕES E SERVIÇOS PÚBLICOS DE SAÚDE;500,00
FUNDO MUNICIPAL DE SAÚDE DE BARBACENA;18.002;FUNDO MUNICIPAL DE SAUDE;2.042;MANUTENÇÃO DO TRATAMENTO FORA DO DOMICÍLIO - TFD;3;MEDIA E ALTA COMPLEXIDADE ASSISTENCIAL;10;Saúde;302;Assistência Hospitalar e Ambulatorial;151;3.3.90.18.00.00.00.00;AUXÍLIO FINANCEIRO A ESTUDANTES;1.500.000.1002;RECURSOS NÃO VINCULADOS DE IMPOSTOS (SAÚDE);500,00
FUNDO MUNICIPAL DE SAÚDE DE BARBACENA;18.002;FUNDO MUNICIPAL DE SAUDE;2.042;MANUTENÇÃO DO TRATAMENTO FORA DO DOMICÍLIO - TFD;3;MEDIA E ALTA COMPLEXIDADE ASSISTENCIAL;10;Saúde;302;Assistência Hospitalar e Ambulatorial;152;3.3.90.30.00.00.00.00;MATERIAL DE CONSUMO;1.600.000.0000;TRANSFERÊNCIAS FUNDO A FUNDO DE RECURSOS DO SUS PROVENIENTES DO GOVERNO FEDERAL - BLOCO DE MANUTENÇÃO DAS AÇÕES E SERVIÇOS PÚBLICOS DE SAÚDE;1.000,00
FUNDO MUNICIPAL DE SAÚDE DE BARBACENA;18.002;FUNDO MUNICIPAL DE SAUDE;2.042;MANUTENÇÃO DO TRATAMENTO FORA DO DOMICÍLIO - TFD;3;MEDIA E ALTA COMPLEXIDADE ASSISTENCIAL;10;Saúde;302;Assistência Hospitalar e Ambulatorial;153;3.3.90.36.00.00.00.00;OUTROS SERVIÇOS DE TERCEIROS - PESSOA FÍSICA;1.500.000.1002;RECURSOS NÃO VINCULADOS DE IMPOSTOS (SAÚDE);6.472,32
FUNDO MUNICIPAL DE SAÚDE DE BARBACENA;18.002;FUNDO MUNICIPAL DE SAUDE;2.042;MANUTENÇÃO DO TRATAMENTO FORA DO DOMICÍLIO - TFD;3;MEDIA E ALTA COMPLEXIDADE ASSISTENCIAL;10;Saúde;302;Assistência Hospitalar e Ambulatorial;153;3.3.90.36.00.00.00.00;OUTROS SERVIÇOS DE TERCEIROS - PESSOA FÍSICA;1.600.000.0000;TRANSFERÊNCIAS FUNDO A FUNDO DE RECURSOS DO SUS PROVENIENTES DO GOVERNO FEDERAL - BLOCO DE MANUTENÇÃO DAS AÇÕES E SERVIÇOS PÚBLICOS DE SAÚDE;3.000,00
FUNDO MUNICIPAL DE SAÚDE DE BARBACENA;18.002;FUNDO MUNICIPAL DE SAUDE;2.042;MANUTENÇÃO DO TRATAMENTO FORA DO DOMICÍLIO - TFD;3;MEDIA E ALTA COMPLEXIDADE ASSISTENCIAL;10;Saúde;302;Assistência Hospitalar e Ambulatorial;154;3.3.90.39.00.00.00.00;OUTROS SERVIÇOS DE TERCEIROS - PESSOA JURÍDICA;1.500.000.1002;RECURSOS NÃO VINCULADOS DE IMPOSTOS (SAÚDE);1.000,00
FUNDO MUNICIPAL DE SAÚDE DE BARBACENA;18.002;FUNDO MUNICIPAL DE SAUDE;2.042;MANUTENÇÃO DO TRATAMENTO FORA DO DOMICÍLIO - TFD;3;MEDIA E ALTA COMPLEXIDADE ASSISTENCIAL;10;Saúde;302;Assistência Hospitalar e Ambulatorial;154;3.3.90.39.00.00.00.00;OUTROS SERVIÇOS DE TERCEIROS - PESSOA JURÍDICA;1.600.000.0000;TRANSFERÊNCIAS FUNDO A FUNDO DE RECURSOS DO SUS PROVENIENTES DO GOVERNO FEDERAL - BLOCO DE MANUTENÇÃO DAS AÇÕES E SERVIÇOS PÚBLICOS DE SAÚDE;142.718,84
FUNDO MUNICIPAL DE SAÚDE DE BARBACENA;18.002;FUNDO MUNICIPAL DE SAUDE;2.042;MANUTENÇÃO DO TRATAMENTO FORA DO DOMICÍLIO - TFD;3;MEDIA E ALTA COMPLEXIDADE ASSISTENCIAL;10;Saúde;302;Assistência Hospitalar e Ambulatorial;155;3.3.90.93.00.00.00.00;INDENIZAÇÕES E RESTITUIÇÕES;1.500.000.1002;RECURSOS NÃO VINCULADOS DE IMPOSTOS (SAÚDE);115.299,30
FUNDO MUNICIPAL DE SAÚDE DE BARBACENA;18.002;FUNDO MUNICIPAL DE SAUDE;2.042;MANUTENÇÃO DO TRATAMENTO FORA DO DOMICÍLIO - TFD;3;MEDIA E ALTA COMPLEXIDADE ASSISTENCIAL;10;Saúde;302;Assistência Hospitalar e Ambulatorial;155;3.3.90.93.00.00.00.00;INDENIZAÇÕES E RESTITUIÇÕES;1.600.000.0000;TRANSFERÊNCIAS FUNDO A FUNDO DE RECURSOS DO SUS PROVENIENTES DO GOVERNO FEDERAL - BLOCO DE MANUTENÇÃO DAS AÇÕES E SERVIÇOS PÚBLICOS DE SAÚDE;18.376,44
FUNDO MUNICIPAL DE SAÚDE DE BARBACENA;18.002;FUNDO MUNICIPAL DE SAUDE;2.043;MANUTENÇÃO DE REDE DE CUIDADOS A PESSOA COM DEFICIÊNCIA;3;MEDIA E ALTA COMPLEXIDADE ASSISTENCIAL;10;Saúde;302;Assistência Hospitalar e Ambulatorial;156;3.1.90.04.00.00.00.00;CONTRATAÇÃO POR TEMPO DETERMINADO;1.500.000.1002;RECURSOS NÃO VINCULADOS DE IMPOSTOS (SAÚDE);35.191,04
FUNDO MUNICIPAL DE SAÚDE DE BARBACENA;18.002;FUNDO MUNICIPAL DE SAUDE;2.043;MANUTENÇÃO DE REDE DE CUIDADOS A PESSOA COM DEFICIÊNCIA;3;MEDIA E ALTA COMPLEXIDADE ASSISTENCIAL;10;Saúde;302;Assistência Hospitalar e Ambulatorial;156;3.1.90.04.00.00.00.00;CONTRATAÇÃO POR TEMPO DETERMINADO;1.600.000.0000;TRANSFERÊNCIAS FUNDO A FUNDO DE RECURSOS DO SUS PROVENIENTES DO GOVERNO FEDERAL - BLOCO DE MANUTENÇÃO DAS AÇÕES E SERVIÇOS PÚBLICOS DE SAÚDE;116.668,78
FUNDO MUNICIPAL DE SAÚDE DE BARBACENA;18.002;FUNDO MUNICIPAL DE SAUDE;2.043;MANUTENÇÃO DE REDE DE CUIDADOS A PESSOA COM DEFICIÊNCIA;3;MEDIA E ALTA COMPLEXIDADE ASSISTENCIAL;10;Saúde;302;Assistência Hospitalar e Ambulatorial;157;3.3.90.14.00.00.00.00;DIÁRIAS - PESSOAL CIVIL;1.600.000.0000;TRANSFERÊNCIAS FUNDO A FUNDO DE RECURSOS DO SUS PROVENIENTES DO GOVERNO FEDERAL - BLOCO DE MANUTENÇÃO DAS AÇÕES E SERVIÇOS PÚBLICOS DE SAÚDE;3.228,80
FUNDO MUNICIPAL DE SAÚDE DE BARBACENA;18.002;FUNDO MUNICIPAL DE SAUDE;2.043;MANUTENÇÃO DE REDE DE CUIDADOS A PESSOA COM DEFICIÊNCIA;3;MEDIA E ALTA COMPLEXIDADE ASSISTENCIAL;10;Saúde;302;Assistência Hospitalar e Ambulatorial;158;3.3.90.30.00.00.00.00;MATERIAL DE CONSUMO;1.500.000.1002;RECURSOS NÃO VINCULADOS DE IMPOSTOS (SAÚDE);500,00
FUNDO MUNICIPAL DE SAÚDE DE BARBACENA;18.002;FUNDO MUNICIPAL DE SAUDE;2.043;MANUTENÇÃO DE REDE DE CUIDADOS A PESSOA COM DEFICIÊNCIA;3;MEDIA E ALTA COMPLEXIDADE ASSISTENCIAL;10;Saúde;302;Assistência Hospitalar e Ambulatorial;158;3.3.90.30.00.00.00.00;MATERIAL DE CONSUMO;1.600.000.0000;TRANSFERÊNCIAS FUNDO A FUNDO DE RECURSOS DO SUS PROVENIENTES DO GOVERNO FEDERAL - BLOCO DE MANUTENÇÃO DAS AÇÕES E SERVIÇOS PÚBLICOS DE SAÚDE;1.000,00
FUNDO MUNICIPAL DE SAÚDE DE BARBACENA;18.002;FUNDO MUNICIPAL DE SAUDE;2.043;MANUTENÇÃO DE REDE DE CUIDADOS A PESSOA COM DEFICIÊNCIA;3;MEDIA E ALTA COMPLEXIDADE ASSISTENCIAL;10;Saúde;302;Assistência Hospitalar e Ambulatorial;159;3.3.90.39.00.00.00.00;OUTROS SERVIÇOS DE TERCEIROS - PESSOA JURÍDICA;1.600.000.0000;TRANSFERÊNCIAS FUNDO A FUNDO DE RECURSOS DO SUS PROVENIENTES DO GOVERNO FEDERAL - BLOCO DE MANUTENÇÃO DAS AÇÕES E SERVIÇOS PÚBLICOS DE SAÚDE;688.387,38
FUNDO MUNICIPAL DE SAÚDE DE BARBACENA;18.002;FUNDO MUNICIPAL DE SAUDE;2.043;MANUTENÇÃO DE REDE DE CUIDADOS A PESSOA COM DEFICIÊNCIA;3;MEDIA E ALTA COMPLEXIDADE ASSISTENCIAL;10;Saúde;302;Assistência Hospitalar e Ambulatorial;159;3.3.90.39.00.00.00.00;OUTROS SERVIÇOS DE TERCEIROS - PESSOA JURÍDICA;1.621.000.0000;TRANSFERÊNCIAS FUNDO A FUNDO DE RECURSOS DO SUS PROVENIENTES DO GOVERNO ESTADUAL;1.000,00
FUNDO MUNICIPAL DE SAÚDE DE BARBACENA;18.002;FUNDO MUNICIPAL DE SAUDE;2.043;MANUTENÇÃO DE REDE DE CUIDADOS A PESSOA COM DEFICIÊNCIA;3;MEDIA E ALTA COMPLEXIDADE ASSISTENCIAL;10;Saúde;302;Assistência Hospitalar e Ambulatorial;160;3.3.90.46.00.00.00.00;AUXÍLIO-ALIMENTAÇÃO;1.500.000.1002;RECURSOS NÃO VINCULADOS DE IMPOSTOS (SAÚDE);10.000,00
FUNDO MUNICIPAL DE SAÚDE DE BARBACENA;18.002;FUNDO MUNICIPAL DE SAUDE;2.043;MANUTENÇÃO DE REDE DE CUIDADOS A PESSOA COM DEFICIÊNCIA;3;MEDIA E ALTA COMPLEXIDADE ASSISTENCIAL;10;Saúde;302;Assistência Hospitalar e Ambulatorial;160;3.3.90.46.00.00.00.00;AUXÍLIO-ALIMENTAÇÃO;1.600.000.0000;TRANSFERÊNCIAS FUNDO A FUNDO DE RECURSOS DO SUS PROVENIENTES DO GOVERNO FEDERAL - BLOCO DE MANUTENÇÃO DAS AÇÕES E SERVIÇOS PÚBLICOS DE SAÚDE;9.188,22
FUNDO MUNICIPAL DE SAÚDE DE BARBACENA;18.002;FUNDO MUNICIPAL DE SAUDE;2.043;MANUTENÇÃO DE REDE DE CUIDADOS A PESSOA COM DEFICIÊNCIA;3;MEDIA E ALTA COMPLEXIDADE ASSISTENCIAL;10;Saúde;302;Assistência Hospitalar e Ambulatorial;161;3.3.90.92.00.00.00.00;DESPESAS DE EXERCÍCIOS ANTERIORES;1.500.000.1002;RECURSOS NÃO VINCULADOS DE IMPOSTOS (SAÚDE);1.000,00
FUNDO MUNICIPAL DE SAÚDE DE BARBACENA;18.002;FUNDO MUNICIPAL DE SAUDE;2.049;MANUTENÇÃO DA UNIDADE DE PRONTO ATENDIMENTO (UPA);3;MEDIA E ALTA COMPLEXIDADE ASSISTENCIAL;10;Saúde;302;Assistência Hospitalar e Ambulatorial;162;3.3.90.30.00.00.00.00;MATERIAL DE CONSUMO;1.500.000.1002;RECURSOS NÃO VINCULADOS DE IMPOSTOS (SAÚDE);1.000,00
FUNDO MUNICIPAL DE SAÚDE DE BARBACENA;18.002;FUNDO MUNICIPAL DE SAUDE;2.049;MANUTENÇÃO DA UNIDADE DE PRONTO ATENDIMENTO (UPA);3;MEDIA E ALTA COMPLEXIDADE ASSISTENCIAL;10;Saúde;302;Assistência Hospitalar e Ambulatorial;162;3.3.90.30.00.00.00.00;MATERIAL DE CONSUMO;1.600.000.0000;TRANSFERÊNCIAS FUNDO A FUNDO DE RECURSOS DO SUS PROVENIENTES DO GOVERNO FEDERAL - BLOCO DE MANUTENÇÃO DAS AÇÕES E SERVIÇOS PÚBLICOS DE SAÚDE;1.000,00
FUNDO MUNICIPAL DE SAÚDE DE BARBACENA;18.002;FUNDO MUNICIPAL DE SAUDE;2.049;MANUTENÇÃO DA UNIDADE DE PRONTO ATENDIMENTO (UPA);3;MEDIA E ALTA COMPLEXIDADE ASSISTENCIAL;10;Saúde;302;Assistência Hospitalar e Ambulatorial;162;3.3.90.30.00.00.00.00;MATERIAL DE CONSUMO;1.621.000.0000;TRANSFERÊNCIAS FUNDO A FUNDO DE RECURSOS DO SUS PROVENIENTES DO GOVERNO ESTADUAL;1.000,00
FUNDO MUNICIPAL DE SAÚDE DE BARBACENA;18.002;FUNDO MUNICIPAL DE SAUDE;2.049;MANUTENÇÃO DA UNIDADE DE PRONTO ATENDIMENTO (UPA);3;MEDIA E ALTA COMPLEXIDADE ASSISTENCIAL;10;Saúde;302;Assistência Hospitalar e Ambulatorial;163;3.3.90.39.00.00.00.00;OUTROS SERVIÇOS DE TERCEIROS - PESSOA JURÍDICA;1.500.000.1002;RECURSOS NÃO VINCULADOS DE IMPOSTOS (SAÚDE);30.000,00
FUNDO MUNICIPAL DE SAÚDE DE BARBACENA;18.002;FUNDO MUNICIPAL DE SAUDE;2.049;MANUTENÇÃO DA UNIDADE DE PRONTO ATENDIMENTO (UPA);3;MEDIA E ALTA COMPLEXIDADE ASSISTENCIAL;10;Saúde;302;Assistência Hospitalar e Ambulatorial;163;3.3.90.39.00.00.00.00;OUTROS SERVIÇOS DE TERCEIROS - PESSOA JURÍDICA;1.600.000.0000;TRANSFERÊNCIAS FUNDO A FUNDO DE RECURSOS DO SUS PROVENIENTES DO GOVERNO FEDERAL - BLOCO DE MANUTENÇÃO DAS AÇÕES E SERVIÇOS PÚBLICOS DE SAÚDE;1.000,00
FUNDO MUNICIPAL DE SAÚDE DE BARBACENA;18.002;FUNDO MUNICIPAL DE SAUDE;2.049;MANUTENÇÃO DA UNIDADE DE PRONTO ATENDIMENTO (UPA);3;MEDIA E ALTA COMPLEXIDADE ASSISTENCIAL;10;Saúde;302;Assistência Hospitalar e Ambulatorial;163;3.3.90.39.00.00.00.00;OUTROS SERVIÇOS DE TERCEIROS - PESSOA JURÍDICA;1.621.000.0000;TRANSFERÊNCIAS FUNDO A FUNDO DE RECURSOS DO SUS PROVENIENTES DO GOVERNO ESTADUAL;1.000,00
FUNDO MUNICIPAL DE SAÚDE DE BARBACENA;18.002;FUNDO MUNICIPAL DE SAUDE;2.053;MANUTENÇÃO DO CONSÓRCIO INTERMUNICIPAL DE SAÚDE ALTO DAS VERTENTES - CISALV;3;MEDIA E ALTA COMPLEXIDADE ASSISTENCIAL;10;Saúde;302;Assistência Hospitalar e Ambulatorial;164;3.1.71.70.00.00.00.00;RATEIO PELA PARTICIPAÇÃO EM CONSÓRCIO PÚBLICO;1.500.000.1002;RECURSOS NÃO VINCULADOS DE IMPOSTOS (SAÚDE);61.164,44
FUNDO MUNICIPAL DE SAÚDE DE BARBACENA;18.002;FUNDO MUNICIPAL DE SAUDE;2.053;MANUTENÇÃO DO CONSÓRCIO INTERMUNICIPAL DE SAÚDE ALTO DAS VERTENTES - CISALV;3;MEDIA E ALTA COMPLEXIDADE ASSISTENCIAL;10;Saúde;302;Assistência Hospitalar e Ambulatorial;165;3.3.71.70.00.00.00.00;RATEIO PELA PARTICIPAÇÃO EM CONSÓRCIO PÚBLICO;1.500.000.1002;RECURSOS NÃO VINCULADOS DE IMPOSTOS (SAÚDE);231.025,87
FUNDO MUNICIPAL DE SAÚDE DE BARBACENA;18.002;FUNDO MUNICIPAL DE SAUDE;2.053;MANUTENÇÃO DO CONSÓRCIO INTERMUNICIPAL DE SAÚDE ALTO DAS VERTENTES - CISALV;3;MEDIA E ALTA COMPLEXIDADE ASSISTENCIAL;10;Saúde;302;Assistência Hospitalar e Ambulatorial;166;3.3.72.30.00.00.00.00;MATERIAL DE CONSUMO;1.500.000.1002;RECURSOS NÃO VINCULADOS DE IMPOSTOS (SAÚDE);609.769,52
FUNDO MUNICIPAL DE SAÚDE DE BARBACENA;18.002;FUNDO MUNICIPAL DE SAUDE;2.053;MANUTENÇÃO DO CONSÓRCIO INTERMUNICIPAL DE SAÚDE ALTO DAS VERTENTES - CISALV;3;MEDIA E ALTA COMPLEXIDADE ASSISTENCIAL;10;Saúde;302;Assistência Hospitalar e Ambulatorial;166;3.3.72.30.00.00.00.00;MATERIAL DE CONSUMO;1.600.000.0000;TRANSFERÊNCIAS FUNDO A FUNDO DE RECURSOS DO SUS PROVENIENTES DO GOVERNO FEDERAL - BLOCO DE MANUTENÇÃO DAS AÇÕES E SERVIÇOS PÚBLICOS DE SAÚDE;780.983,77
FUNDO MUNICIPAL DE SAÚDE DE BARBACENA;18.002;FUNDO MUNICIPAL DE SAUDE;2.053;MANUTENÇÃO DO CONSÓRCIO INTERMUNICIPAL DE SAÚDE ALTO DAS VERTENTES - CISALV;3;MEDIA E ALTA COMPLEXIDADE ASSISTENCIAL;10;Saúde;302;Assistência Hospitalar e Ambulatorial;166;3.3.72.30.00.00.00.00;MATERIAL DE CONSUMO;1.621.000.0000;TRANSFERÊNCIAS FUNDO A FUNDO DE RECURSOS DO SUS PROVENIENTES DO GOVERNO ESTADUAL;699.592,76
FUNDO MUNICIPAL DE SAÚDE DE BARBACENA;18.002;FUNDO MUNICIPAL DE SAUDE;2.053;MANUTENÇÃO DO CONSÓRCIO INTERMUNICIPAL DE SAÚDE ALTO DAS VERTENTES - CISALV;3;MEDIA E ALTA COMPLEXIDADE ASSISTENCIAL;10;Saúde;302;Assistência Hospitalar e Ambulatorial;166;3.3.72.30.00.00.00.00;MATERIAL DE CONSUMO;2.621.000.0000;TRANSFERÊNCIAS FUNDO A FUNDO DE RECURSOS DO SUS PROVENIENTES DO GOVERNO ESTADUAL;598.868,25
FUNDO MUNICIPAL DE SAÚDE DE BARBACENA;18.002;FUNDO MUNICIPAL DE SAUDE;2.053;MANUTENÇÃO DO CONSÓRCIO INTERMUNICIPAL DE SAÚDE ALTO DAS VERTENTES - CISALV;3;MEDIA E ALTA COMPLEXIDADE ASSISTENCIAL;10;Saúde;302;Assistência Hospitalar e Ambulatorial;167;3.3.72.39.00.00.00.00;OUTROS SERVIÇOS DE TERCEIROS - PESSOA JURÍDICA;1.500.000.1002;RECURSOS NÃO VINCULADOS DE IMPOSTOS (SAÚDE);782.684,16
FUNDO MUNICIPAL DE SAÚDE DE BARBACENA;18.002;FUNDO MUNICIPAL DE SAUDE;2.053;MANUTENÇÃO DO CONSÓRCIO INTERMUNICIPAL DE SAÚDE ALTO DAS VERTENTES - CISALV;3;MEDIA E ALTA COMPLEXIDADE ASSISTENCIAL;10;Saúde;302;Assistência Hospitalar e Ambulatorial;168;4.4.71.70.00.00.00.00;RATEIO PELA PARTICIPAÇÃO EM CONSÓRCIO PÚBLICO;1.500.000.1002;RECURSOS NÃO VINCULADOS DE IMPOSTOS (SAÚDE);58.569,63
FUNDO MUNICIPAL DE SAÚDE DE BARBACENA;18.002;FUNDO MUNICIPAL DE SAUDE;2.054;MANUTENÇÃO DO CONSÓRCIO INTERMUN. SAÚDE MÉDIO PARAOPEBA - ICISMEP;3;MEDIA E ALTA COMPLEXIDADE ASSISTENCIAL;10;Saúde;302;Assistência Hospitalar e Ambulatorial;169;3.1.71.70.00.00.00.00;RATEIO PELA PARTICIPAÇÃO EM CONSÓRCIO PÚBLICO;1.500.000.1002;RECURSOS NÃO VINCULADOS DE IMPOSTOS (SAÚDE);10.500,00
FUNDO MUNICIPAL DE SAÚDE DE BARBACENA;18.002;FUNDO MUNICIPAL DE SAUDE;2.054;MANUTENÇÃO DO CONSÓRCIO INTERMUN. SAÚDE MÉDIO PARAOPEBA - ICISMEP;3;MEDIA E ALTA COMPLEXIDADE ASSISTENCIAL;10;Saúde;302;Assistência Hospitalar e Ambulatorial;170;3.3.71.70.00.00.00.00;RATEIO PELA PARTICIPAÇÃO EM CONSÓRCIO PÚBLICO;1.500.000.1002;RECURSOS NÃO VINCULADOS DE IMPOSTOS (SAÚDE);10.500,00
FUNDO MUNICIPAL DE SAÚDE DE BARBACENA;18.002;FUNDO MUNICIPAL DE SAUDE;2.054;MANUTENÇÃO DO CONSÓRCIO INTERMUN. SAÚDE MÉDIO PARAOPEBA - ICISMEP;3;MEDIA E ALTA COMPLEXIDADE ASSISTENCIAL;10;Saúde;302;Assistência Hospitalar e Ambulatorial;171;3.3.72.30.00.00.00.00;MATERIAL DE CONSUMO;1.500.000.1002;RECURSOS NÃO VINCULADOS DE IMPOSTOS (SAÚDE);1.000,00
FUNDO MUNICIPAL DE SAÚDE DE BARBACENA;18.002;FUNDO MUNICIPAL DE SAUDE;2.054;MANUTENÇÃO DO CONSÓRCIO INTERMUN. SAÚDE MÉDIO PARAOPEBA - ICISMEP;3;MEDIA E ALTA COMPLEXIDADE ASSISTENCIAL;10;Saúde;302;Assistência Hospitalar e Ambulatorial;171;3.3.72.30.00.00.00.00;MATERIAL DE CONSUMO;1.600.000.0000;TRANSFERÊNCIAS FUNDO A FUNDO DE RECURSOS DO SUS PROVENIENTES DO GOVERNO FEDERAL - BLOCO DE MANUTENÇÃO DAS AÇÕES E SERVIÇOS PÚBLICOS DE SAÚDE;1.000,00
FUNDO MUNICIPAL DE SAÚDE DE BARBACENA;18.002;FUNDO MUNICIPAL DE SAUDE;2.054;MANUTENÇÃO DO CONSÓRCIO INTERMUN. SAÚDE MÉDIO PARAOPEBA - ICISMEP;3;MEDIA E ALTA COMPLEXIDADE ASSISTENCIAL;10;Saúde;302;Assistência Hospitalar e Ambulatorial;172;3.3.72.39.00.00.00.00;OUTROS SERVIÇOS DE TERCEIROS - PESSOA JURÍDICA;1.500.000.1002;RECURSOS NÃO VINCULADOS DE IMPOSTOS (SAÚDE);5.994.097,12
FUNDO MUNICIPAL DE SAÚDE DE BARBACENA;18.002;FUNDO MUNICIPAL DE SAUDE;2.054;MANUTENÇÃO DO CONSÓRCIO INTERMUN. SAÚDE MÉDIO PARAOPEBA - ICISMEP;3;MEDIA E ALTA COMPLEXIDADE ASSISTENCIAL;10;Saúde;302;Assistência Hospitalar e Ambulatorial;172;3.3.72.39.00.00.00.00;OUTROS SERVIÇOS DE TERCEIROS - PESSOA JURÍDICA;1.600.000.0000;TRANSFERÊNCIAS FUNDO A FUNDO DE RECURSOS DO SUS PROVENIENTES DO GOVERNO FEDERAL - BLOCO DE MANUTENÇÃO DAS AÇÕES E SERVIÇOS PÚBLICOS DE SAÚDE;2.742.008,19
FUNDO MUNICIPAL DE SAÚDE DE BARBACENA;18.002;FUNDO MUNICIPAL DE SAUDE;2.054;MANUTENÇÃO DO CONSÓRCIO INTERMUN. SAÚDE MÉDIO PARAOPEBA - ICISMEP;3;MEDIA E ALTA COMPLEXIDADE ASSISTENCIAL;10;Saúde;302;Assistência Hospitalar e Ambulatorial;173;4.4.71.70.00.00.00.00;RATEIO PELA PARTICIPAÇÃO EM CONSÓRCIO PÚBLICO;1.500.000.1002;RECURSOS NÃO VINCULADOS DE IMPOSTOS (SAÚDE);10.500,00
FUNDO MUNICIPAL DE SAÚDE DE BARBACENA;18.002;FUNDO MUNICIPAL DE SAUDE;2.345;MANUTENÇÃO DO PROGRAMA A SAÚDE DO PACIENTE ONCOLÓGICO;3;MEDIA E ALTA COMPLEXIDADE ASSISTENCIAL;10;Saúde;302;Assistência Hospitalar e Ambulatorial;174;3.1.90.04.00.00.00.00;CONTRATAÇÃO POR TEMPO DETERMINADO;1.500.000.1002;RECURSOS NÃO VINCULADOS DE IMPOSTOS (SAÚDE);91.998,10
FUNDO MUNICIPAL DE SAÚDE DE BARBACENA;18.002;FUNDO MUNICIPAL DE SAUDE;2.345;MANUTENÇÃO DO PROGRAMA A SAÚDE DO PACIENTE ONCOLÓGICO;3;MEDIA E ALTA COMPLEXIDADE ASSISTENCIAL;10;Saúde;302;Assistência Hospitalar e Ambulatorial;174;3.1.90.04.00.00.00.00;CONTRATAÇÃO POR TEMPO DETERMINADO;1.600.000.0000;TRANSFERÊNCIAS FUNDO A FUNDO DE RECURSOS DO SUS PROVENIENTES DO GOVERNO FEDERAL - BLOCO DE MANUTENÇÃO DAS AÇÕES E SERVIÇOS PÚBLICOS DE SAÚDE;292.472,98
FUNDO MUNICIPAL DE SAÚDE DE BARBACENA;18.002;FUNDO MUNICIPAL DE SAUDE;2.345;MANUTENÇÃO DO PROGRAMA A SAÚDE DO PACIENTE ONCOLÓGICO;3;MEDIA E ALTA COMPLEXIDADE ASSISTENCIAL;10;Saúde;302;Assistência Hospitalar e Ambulatorial;175;3.1.90.11.00.00.00.00;VENCIMENTOS E VANTAGENS FIXAS - PESSOAL CIVIL;1.500.000.1002;RECURSOS NÃO VINCULADOS DE IMPOSTOS (SAÚDE);16.040,68
FUNDO MUNICIPAL DE SAÚDE DE BARBACENA;18.002;FUNDO MUNICIPAL DE SAUDE;2.345;MANUTENÇÃO DO PROGRAMA A SAÚDE DO PACIENTE ONCOLÓGICO;3;MEDIA E ALTA COMPLEXIDADE ASSISTENCIAL;10;Saúde;302;Assistência Hospitalar e Ambulatorial;175;3.1.90.11.00.00.00.00;VENCIMENTOS E VANTAGENS FIXAS - PESSOAL CIVIL;1.600.000.0000;TRANSFERÊNCIAS FUNDO A FUNDO DE RECURSOS DO SUS PROVENIENTES DO GOVERNO FEDERAL - BLOCO DE MANUTENÇÃO DAS AÇÕES E SERVIÇOS PÚBLICOS DE SAÚDE;98.769,63
FUNDO MUNICIPAL DE SAÚDE DE BARBACENA;18.002;FUNDO MUNICIPAL DE SAUDE;2.345;MANUTENÇÃO DO PROGRAMA A SAÚDE DO PACIENTE ONCOLÓGICO;3;MEDIA E ALTA COMPLEXIDADE ASSISTENCIAL;10;Saúde;302;Assistência Hospitalar e Ambulatorial;176;3.1.91.13.00.00.00.00;OBRIGAÇÕES PATRONAIS;1.500.000.1002;RECURSOS NÃO VINCULADOS DE IMPOSTOS (SAÚDE);4.048,24
FUNDO MUNICIPAL DE SAÚDE DE BARBACENA;18.002;FUNDO MUNICIPAL DE SAUDE;2.345;MANUTENÇÃO DO PROGRAMA A SAÚDE DO PACIENTE ONCOLÓGICO;3;MEDIA E ALTA COMPLEXIDADE ASSISTENCIAL;10;Saúde;302;Assistência Hospitalar e Ambulatorial;176;3.1.91.13.00.00.00.00;OBRIGAÇÕES PATRONAIS;1.600.000.0000;TRANSFERÊNCIAS FUNDO A FUNDO DE RECURSOS DO SUS PROVENIENTES DO GOVERNO FEDERAL - BLOCO DE MANUTENÇÃO DAS AÇÕES E SERVIÇOS PÚBLICOS DE SAÚDE;25.599,44
FUNDO MUNICIPAL DE SAÚDE DE BARBACENA;18.002;FUNDO MUNICIPAL DE SAUDE;2.345;MANUTENÇÃO DO PROGRAMA A SAÚDE DO PACIENTE ONCOLÓGICO;3;MEDIA E ALTA COMPLEXIDADE ASSISTENCIAL;10;Saúde;302;Assistência Hospitalar e Ambulatorial;177;3.3.50.41.00.00.00.00;CONTRIBUIÇÕES;1.500.000.1002;RECURSOS NÃO VINCULADOS DE IMPOSTOS (SAÚDE);1.000,00
FUNDO MUNICIPAL DE SAÚDE DE BARBACENA;18.002;FUNDO MUNICIPAL DE SAUDE;2.345;MANUTENÇÃO DO PROGRAMA A SAÚDE DO PACIENTE ONCOLÓGICO;3;MEDIA E ALTA COMPLEXIDADE ASSISTENCIAL;10;Saúde;302;Assistência Hospitalar e Ambulatorial;178;3.3.90.14.00.00.00.00;DIÁRIAS - PESSOAL CIVIL;1.500.000.1002;RECURSOS NÃO VINCULADOS DE IMPOSTOS (SAÚDE);2.663,16
FUNDO MUNICIPAL DE SAÚDE DE BARBACENA;18.002;FUNDO MUNICIPAL DE SAUDE;2.345;MANUTENÇÃO DO PROGRAMA A SAÚDE DO PACIENTE ONCOLÓGICO;3;MEDIA E ALTA COMPLEXIDADE ASSISTENCIAL;10;Saúde;302;Assistência Hospitalar e Ambulatorial;179;3.3.90.30.00.00.00.00;MATERIAL DE CONSUMO;1.500.000.1002;RECURSOS NÃO VINCULADOS DE IMPOSTOS (SAÚDE);500,00
FUNDO MUNICIPAL DE SAÚDE DE BARBACENA;18.002;FUNDO MUNICIPAL DE SAUDE;2.345;MANUTENÇÃO DO PROGRAMA A SAÚDE DO PACIENTE ONCOLÓGICO;3;MEDIA E ALTA COMPLEXIDADE ASSISTENCIAL;10;Saúde;302;Assistência Hospitalar e Ambulatorial;179;3.3.90.30.00.00.00.00;MATERIAL DE CONSUMO;1.600.000.0000;TRANSFERÊNCIAS FUNDO A FUNDO DE RECURSOS DO SUS PROVENIENTES DO GOVERNO FEDERAL - BLOCO DE MANUTENÇÃO DAS AÇÕES E SERVIÇOS PÚBLICOS DE SAÚDE;500,00
FUNDO MUNICIPAL DE SAÚDE DE BARBACENA;18.002;FUNDO MUNICIPAL DE SAUDE;2.345;MANUTENÇÃO DO PROGRAMA A SAÚDE DO PACIENTE ONCOLÓGICO;3;MEDIA E ALTA COMPLEXIDADE ASSISTENCIAL;10;Saúde;302;Assistência Hospitalar e Ambulatorial;180;3.3.90.39.00.00.00.00;OUTROS SERVIÇOS DE TERCEIROS - PESSOA JURÍDICA;1.500.000.1002;RECURSOS NÃO VINCULADOS DE IMPOSTOS (SAÚDE);134.263,34
FUNDO MUNICIPAL DE SAÚDE DE BARBACENA;18.002;FUNDO MUNICIPAL DE SAUDE;2.345;MANUTENÇÃO DO PROGRAMA A SAÚDE DO PACIENTE ONCOLÓGICO;3;MEDIA E ALTA COMPLEXIDADE ASSISTENCIAL;10;Saúde;302;Assistência Hospitalar e Ambulatorial;180;3.3.90.39.00.00.00.00;OUTROS SERVIÇOS DE TERCEIROS - PESSOA JURÍDICA;1.600.000.0000;TRANSFERÊNCIAS FUNDO A FUNDO DE RECURSOS DO SUS PROVENIENTES DO GOVERNO FEDERAL - BLOCO DE MANUTENÇÃO DAS AÇÕES E SERVIÇOS PÚBLICOS DE SAÚDE;1.000,00
FUNDO MUNICIPAL DE SAÚDE DE BARBACENA;18.002;FUNDO MUNICIPAL DE SAUDE;2.345;MANUTENÇÃO DO PROGRAMA A SAÚDE DO PACIENTE ONCOLÓGICO;3;MEDIA E ALTA COMPLEXIDADE ASSISTENCIAL;10;Saúde;302;Assistência Hospitalar e Ambulatorial;181;3.3.90.46.00.00.00.00;AUXÍLIO-ALIMENTAÇÃO;1.500.000.1002;RECURSOS NÃO VINCULADOS DE IMPOSTOS (SAÚDE);14.699,53
FUNDO MUNICIPAL DE SAÚDE DE BARBACENA;18.002;FUNDO MUNICIPAL DE SAUDE;2.345;MANUTENÇÃO DO PROGRAMA A SAÚDE DO PACIENTE ONCOLÓGICO;3;MEDIA E ALTA COMPLEXIDADE ASSISTENCIAL;10;Saúde;302;Assistência Hospitalar e Ambulatorial;181;3.3.90.46.00.00.00.00;AUXÍLIO-ALIMENTAÇÃO;1.600.000.0000;TRANSFERÊNCIAS FUNDO A FUNDO DE RECURSOS DO SUS PROVENIENTES DO GOVERNO FEDERAL - BLOCO DE MANUTENÇÃO DAS AÇÕES E SERVIÇOS PÚBLICOS DE SAÚDE;53.486,46
FUNDO MUNICIPAL DE SAÚDE DE BARBACENA;18.002;FUNDO MUNICIPAL DE SAUDE;2.441;APOIO A SANTA CASA DE MISERICÓRDIA DE BARBACENA;3;MEDIA E ALTA COMPLEXIDADE ASSISTENCIAL;10;Saúde;302;Assistência Hospitalar e Ambulatorial;182;3.3.50.41.00.00.00.00;CONTRIBUIÇÕES;1.500.000.1002;RECURSOS NÃO VINCULADOS DE IMPOSTOS (SAÚDE);0,00
FUNDO MUNICIPAL DE SAÚDE DE BARBACENA;18.002;FUNDO MUNICIPAL DE SAUDE;2.441;APOIO A SANTA CASA DE MISERICÓRDIA DE BARBACENA;3;MEDIA E ALTA COMPLEXIDADE ASSISTENCIAL;10;Saúde;302;Assistência Hospitalar e Ambulatorial;182;3.3.50.41.00.00.00.00;CONTRIBUIÇÕES;1.500.501.1002;RECURSOS NÃO VINCULADOS DE IMPOSTOS (SAÚDE) - EMENDAS AMARILIO ANDRADE;150.000,00
FUNDO MUNICIPAL DE SAÚDE DE BARBACENA;18.002;FUNDO MUNICIPAL DE SAUDE;2.441;APOIO A SANTA CASA DE MISERICÓRDIA DE BARBACENA;3;MEDIA E ALTA COMPLEXIDADE ASSISTENCIAL;10;Saúde;302;Assistência Hospitalar e Ambulatorial;182;3.3.50.41.00.00.00.00;CONTRIBUIÇÕES;1.500.502.1002;RECURSOS NÃO VINCULADOS DE IMPOSTOS (SAÚDE) - EMENDAS DIEGO BAIANO;203.000,00
FUNDO MUNICIPAL DE SAÚDE DE BARBACENA;18.002;FUNDO MUNICIPAL DE SAUDE;2.441;APOIO A SANTA CASA DE MISERICÓRDIA DE BARBACENA;3;MEDIA E ALTA COMPLEXIDADE ASSISTENCIAL;10;Saúde;302;Assistência Hospitalar e Ambulatorial;182;3.3.50.41.00.00.00.00;CONTRIBUIÇÕES;1.500.503.1002;RECURSOS NÃO VINCULADOS DE IMPOSTOS (SAÚDE) - EMENDAS EVERTON WALLACE;98.441,65
FUNDO MUNICIPAL DE SAÚDE DE BARBACENA;18.002;FUNDO MUNICIPAL DE SAUDE;2.441;APOIO A SANTA CASA DE MISERICÓRDIA DE BARBACENA;3;MEDIA E ALTA COMPLEXIDADE ASSISTENCIAL;10;Saúde;302;Assistência Hospitalar e Ambulatorial;182;3.3.50.41.00.00.00.00;CONTRIBUIÇÕES;1.500.505.1002;RECURSOS NÃO VINCULADOS DE IMPOSTOS (SAÚDE) - EMENDAS FAUSTA TATA;50.000,00
FUNDO MUNICIPAL DE SAÚDE DE BARBACENA;18.002;FUNDO MUNICIPAL DE SAUDE;2.441;APOIO A SANTA CASA DE MISERICÓRDIA DE BARBACENA;3;MEDIA E ALTA COMPLEXIDADE ASSISTENCIAL;10;Saúde;302;Assistência Hospitalar e Ambulatorial;182;3.3.50.41.00.00.00.00;CONTRIBUIÇÕES;1.500.507.1002;RECURSOS NÃO VINCULADOS DE IMPOSTOS (SAÚDE) - EMENDAS FLAVIO MALUF;303.441,65
FUNDO MUNICIPAL DE SAÚDE DE BARBACENA;18.002;FUNDO MUNICIPAL DE SAUDE;2.441;APOIO A SANTA CASA DE MISERICÓRDIA DE BARBACENA;3;MEDIA E ALTA COMPLEXIDADE ASSISTENCIAL;10;Saúde;302;Assistência Hospitalar e Ambulatorial;182;3.3.50.41.00.00.00.00;CONTRIBUIÇÕES;1.500.508.1002;RECURSOS NÃO VINCULADOS DE IMPOSTOS (SAÚDE) - EMENDAS GLAUBER MILAGRES;100.000,00
FUNDO MUNICIPAL DE SAÚDE DE BARBACENA;18.002;FUNDO MUNICIPAL DE SAUDE;2.441;APOIO A SANTA CASA DE MISERICÓRDIA DE BARBACENA;3;MEDIA E ALTA COMPLEXIDADE ASSISTENCIAL;10;Saúde;302;Assistência Hospitalar e Ambulatorial;182;3.3.50.41.00.00.00.00;CONTRIBUIÇÕES;1.500.509.1002;RECURSOS NÃO VINCULADOS DE IMPOSTOS (SAÚDE) - EMENDAS DONIZETE MEDEIROS;103.441,65
FUNDO MUNICIPAL DE SAÚDE DE BARBACENA;18.002;FUNDO MUNICIPAL DE SAUDE;2.441;APOIO A SANTA CASA DE MISERICÓRDIA DE BARBACENA;3;MEDIA E ALTA COMPLEXIDADE ASSISTENCIAL;10;Saúde;302;Assistência Hospitalar e Ambulatorial;182;3.3.50.41.00.00.00.00;CONTRIBUIÇÕES;1.500.510.1002;RECURSOS NÃO VINCULADOS DE IMPOSTOS (SAÚDE) - EMENDAS TODINHO;15.000,00
FUNDO MUNICIPAL DE SAÚDE DE BARBACENA;18.002;FUNDO MUNICIPAL DE SAUDE;2.441;APOIO A SANTA CASA DE MISERICÓRDIA DE BARBACENA;3;MEDIA E ALTA COMPLEXIDADE ASSISTENCIAL;10;Saúde;302;Assistência Hospitalar e Ambulatorial;182;3.3.50.41.00.00.00.00;CONTRIBUIÇÕES;1.500.511.1002;RECURSOS NÃO VINCULADOS DE IMPOSTOS (SAÚDE) - EMENDAS CARLINHOS PLAY BOY;173.441,65
FUNDO MUNICIPAL DE SAÚDE DE BARBACENA;18.002;FUNDO MUNICIPAL DE SAUDE;2.441;APOIO A SANTA CASA DE MISERICÓRDIA DE BARBACENA;3;MEDIA E ALTA COMPLEXIDADE ASSISTENCIAL;10;Saúde;302;Assistência Hospitalar e Ambulatorial;182;3.3.50.41.00.00.00.00;CONTRIBUIÇÕES;1.500.512.1002;RECURSOS NÃO VINCULADOS DE IMPOSTOS (SAÚDE) - EMENDAS MARILENE FRANCO;50.000,00
FUNDO MUNICIPAL DE SAÚDE DE BARBACENA;18.002;FUNDO MUNICIPAL DE SAUDE;2.441;APOIO A SANTA CASA DE MISERICÓRDIA DE BARBACENA;3;MEDIA E ALTA COMPLEXIDADE ASSISTENCIAL;10;Saúde;302;Assistência Hospitalar e Ambulatorial;182;3.3.50.41.00.00.00.00;CONTRIBUIÇÕES;1.500.514.1002;RECURSOS NÃO VINCULADOS DE IMPOSTOS (SAÚDE) - EMENDAS JOAO DA SEMENTE;100.000,00
FUNDO MUNICIPAL DE SAÚDE DE BARBACENA;18.002;FUNDO MUNICIPAL DE SAUDE;2.441;APOIO A SANTA CASA DE MISERICÓRDIA DE BARBACENA;3;MEDIA E ALTA COMPLEXIDADE ASSISTENCIAL;10;Saúde;302;Assistência Hospitalar e Ambulatorial;182;3.3.50.41.00.00.00.00;CONTRIBUIÇÕES;1.500.515.1002;RECURSOS NÃO VINCULADOS DE IMPOSTOS (SAÚDE) - EMENDAS PAULINHO DO GAS;30.000,00
FUNDO MUNICIPAL DE SAÚDE DE BARBACENA;18.002;FUNDO MUNICIPAL DE SAUDE;2.441;APOIO A SANTA CASA DE MISERICÓRDIA DE BARBACENA;3;MEDIA E ALTA COMPLEXIDADE ASSISTENCIAL;10;Saúde;302;Assistência Hospitalar e Ambulatorial;182;3.3.50.41.00.00.00.00;CONTRIBUIÇÕES;1.500.516.1002;RECURSOS NÃO VINCULADOS DE IMPOSTOS (SAÚDE) - EMENDAS ROBERTO DA FARMACIA;50.000,00
FUNDO MUNICIPAL DE SAÚDE DE BARBACENA;18.002;FUNDO MUNICIPAL DE SAUDE;2.441;APOIO A SANTA CASA DE MISERICÓRDIA DE BARBACENA;3;MEDIA E ALTA COMPLEXIDADE ASSISTENCIAL;10;Saúde;302;Assistência Hospitalar e Ambulatorial;182;3.3.50.41.00.00.00.00;CONTRIBUIÇÕES;1.500.517.1002;RECURSOS NÃO VINCULADOS DE IMPOSTOS (SAÚDE) - EMENDAS SANDRO HELENO;51.553,50
FUNDO MUNICIPAL DE SAÚDE DE BARBACENA;18.002;FUNDO MUNICIPAL DE SAUDE;2.441;APOIO A SANTA CASA DE MISERICÓRDIA DE BARBACENA;3;MEDIA E ALTA COMPLEXIDADE ASSISTENCIAL;10;Saúde;302;Assistência Hospitalar e Ambulatorial;182;3.3.50.41.00.00.00.00;CONTRIBUIÇÕES;1.500.518.1002;RECURSOS NÃO VINCULADOS DE IMPOSTOS (SAÚDE) - EMENDAS XINAIDER;150.000,00
FUNDO MUNICIPAL DE SAÚDE DE BARBACENA;18.002;FUNDO MUNICIPAL DE SAUDE;2.442;APOIO AO HOSPITAL IBIAPABA CEBAMS;3;MEDIA E ALTA COMPLEXIDADE ASSISTENCIAL;10;Saúde;302;Assistência Hospitalar e Ambulatorial;183;3.3.50.41.00.00.00.00;CONTRIBUIÇÕES;1.500.000.1002;RECURSOS NÃO VINCULADOS DE IMPOSTOS (SAÚDE);0,00
FUNDO MUNICIPAL DE SAÚDE DE BARBACENA;18.002;FUNDO MUNICIPAL DE SAUDE;2.442;APOIO AO HOSPITAL IBIAPABA CEBAMS;3;MEDIA E ALTA COMPLEXIDADE ASSISTENCIAL;10;Saúde;302;Assistência Hospitalar e Ambulatorial;183;3.3.50.41.00.00.00.00;CONTRIBUIÇÕES;1.500.501.1002;RECURSOS NÃO VINCULADOS DE IMPOSTOS (SAÚDE) - EMENDAS AMARILIO ANDRADE;25.000,00
FUNDO MUNICIPAL DE SAÚDE DE BARBACENA;18.002;FUNDO MUNICIPAL DE SAUDE;2.442;APOIO AO HOSPITAL IBIAPABA CEBAMS;3;MEDIA E ALTA COMPLEXIDADE ASSISTENCIAL;10;Saúde;302;Assistência Hospitalar e Ambulatorial;183;3.3.50.41.00.00.00.00;CONTRIBUIÇÕES;1.500.502.1002;RECURSOS NÃO VINCULADOS DE IMPOSTOS (SAÚDE) - EMENDAS DIEGO BAIANO;15.000,00
FUNDO MUNICIPAL DE SAÚDE DE BARBACENA;18.002;FUNDO MUNICIPAL DE SAUDE;2.442;APOIO AO HOSPITAL IBIAPABA CEBAMS;3;MEDIA E ALTA COMPLEXIDADE ASSISTENCIAL;10;Saúde;302;Assistência Hospitalar e Ambulatorial;183;3.3.50.41.00.00.00.00;CONTRIBUIÇÕES;1.500.503.1002;RECURSOS NÃO VINCULADOS DE IMPOSTOS (SAÚDE) - EMENDAS EVERTON WALLACE;25.000,00
FUNDO MUNICIPAL DE SAÚDE DE BARBACENA;18.002;FUNDO MUNICIPAL DE SAUDE;2.442;APOIO AO HOSPITAL IBIAPABA CEBAMS;3;MEDIA E ALTA COMPLEXIDADE ASSISTENCIAL;10;Saúde;302;Assistência Hospitalar e Ambulatorial;183;3.3.50.41.00.00.00.00;CONTRIBUIÇÕES;1.500.508.1002;RECURSOS NÃO VINCULADOS DE IMPOSTOS (SAÚDE) - EMENDAS GLAUBER MILAGRES;10.000,00
FUNDO MUNICIPAL DE SAÚDE DE BARBACENA;18.002;FUNDO MUNICIPAL DE SAUDE;2.442;APOIO AO HOSPITAL IBIAPABA CEBAMS;3;MEDIA E ALTA COMPLEXIDADE ASSISTENCIAL;10;Saúde;302;Assistência Hospitalar e Ambulatorial;183;3.3.50.41.00.00.00.00;CONTRIBUIÇÕES;1.500.509.1002;RECURSOS NÃO VINCULADOS DE IMPOSTOS (SAÚDE) - EMENDAS DONIZETE MEDEIROS;50.000,00
FUNDO MUNICIPAL DE SAÚDE DE BARBACENA;18.002;FUNDO MUNICIPAL DE SAUDE;2.442;APOIO AO HOSPITAL IBIAPABA CEBAMS;3;MEDIA E ALTA COMPLEXIDADE ASSISTENCIAL;10;Saúde;302;Assistência Hospitalar e Ambulatorial;183;3.3.50.41.00.00.00.00;CONTRIBUIÇÕES;1.500.510.1002;RECURSOS NÃO VINCULADOS DE IMPOSTOS (SAÚDE) - EMENDAS TODINHO;25.000,00
FUNDO MUNICIPAL DE SAÚDE DE BARBACENA;18.002;FUNDO MUNICIPAL DE SAUDE;2.442;APOIO AO HOSPITAL IBIAPABA CEBAMS;3;MEDIA E ALTA COMPLEXIDADE ASSISTENCIAL;10;Saúde;302;Assistência Hospitalar e Ambulatorial;183;3.3.50.41.00.00.00.00;CONTRIBUIÇÕES;1.500.514.1002;RECURSOS NÃO VINCULADOS DE IMPOSTOS (SAÚDE) - EMENDAS JOAO DA SEMENTE;34.220,82
FUNDO MUNICIPAL DE SAÚDE DE BARBACENA;18.002;FUNDO MUNICIPAL DE SAUDE;2.442;APOIO AO HOSPITAL IBIAPABA CEBAMS;3;MEDIA E ALTA COMPLEXIDADE ASSISTENCIAL;10;Saúde;302;Assistência Hospitalar e Ambulatorial;183;3.3.50.41.00.00.00.00;CONTRIBUIÇÕES;1.500.515.1002;RECURSOS NÃO VINCULADOS DE IMPOSTOS (SAÚDE) - EMENDAS PAULINHO DO GAS;20.000,00
FUNDO MUNICIPAL DE SAÚDE DE BARBACENA;18.002;FUNDO MUNICIPAL DE SAUDE;2.442;APOIO AO HOSPITAL IBIAPABA CEBAMS;3;MEDIA E ALTA COMPLEXIDADE ASSISTENCIAL;10;Saúde;302;Assistência Hospitalar e Ambulatorial;183;3.3.50.41.00.00.00.00;CONTRIBUIÇÕES;1.500.516.1002;RECURSOS NÃO VINCULADOS DE IMPOSTOS (SAÚDE) - EMENDAS ROBERTO DA FARMACIA;25.000,00
FUNDO MUNICIPAL DE SAÚDE DE BARBACENA;18.002;FUNDO MUNICIPAL DE SAUDE;2.442;APOIO AO HOSPITAL IBIAPABA CEBAMS;3;MEDIA E ALTA COMPLEXIDADE ASSISTENCIAL;10;Saúde;302;Assistência Hospitalar e Ambulatorial;183;3.3.50.41.00.00.00.00;CONTRIBUIÇÕES;1.500.517.1002;RECURSOS NÃO VINCULADOS DE IMPOSTOS (SAÚDE) - EMENDAS SANDRO HELENO;25.000,00
FUNDO MUNICIPAL DE SAÚDE DE BARBACENA;18.002;FUNDO MUNICIPAL DE SAUDE;2.442;APOIO AO HOSPITAL IBIAPABA CEBAMS;3;MEDIA E ALTA COMPLEXIDADE ASSISTENCIAL;10;Saúde;302;Assistência Hospitalar e Ambulatorial;183;3.3.50.41.00.00.00.00;CONTRIBUIÇÕES;1.500.518.1002;RECURSOS NÃO VINCULADOS DE IMPOSTOS (SAÚDE) - EMENDAS XINAIDER;26.720,83
FUNDO MUNICIPAL DE SAÚDE DE BARBACENA;18.002;FUNDO MUNICIPAL DE SAUDE;2.442;APOIO AO HOSPITAL IBIAPABA CEBAMS;3;MEDIA E ALTA COMPLEXIDADE ASSISTENCIAL;10;Saúde;302;Assistência Hospitalar e Ambulatorial;184;4.4.50.41.00.00.00.00;CONTRIBUIÇÕES;1.500.000.1002;RECURSOS NÃO VINCULADOS DE IMPOSTOS (SAÚDE);0,00
FUNDO MUNICIPAL DE SAÚDE DE BARBACENA;18.002;FUNDO MUNICIPAL DE SAUDE;2.442;APOIO AO HOSPITAL IBIAPABA CEBAMS;3;MEDIA E ALTA COMPLEXIDADE ASSISTENCIAL;10;Saúde;302;Assistência Hospitalar e Ambulatorial;184;4.4.50.41.00.00.00.00;CONTRIBUIÇÕES;1.500.501.1002;RECURSOS NÃO VINCULADOS DE IMPOSTOS (SAÚDE) - EMENDAS AMARILIO ANDRADE;25.000,00
FUNDO MUNICIPAL DE SAÚDE DE BARBACENA;18.002;FUNDO MUNICIPAL DE SAUDE;2.442;APOIO AO HOSPITAL IBIAPABA CEBAMS;3;MEDIA E ALTA COMPLEXIDADE ASSISTENCIAL;10;Saúde;302;Assistência Hospitalar e Ambulatorial;184;4.4.50.41.00.00.00.00;CONTRIBUIÇÕES;1.500.502.1002;RECURSOS NÃO VINCULADOS DE IMPOSTOS (SAÚDE) - EMENDAS DIEGO BAIANO;15.000,00
FUNDO MUNICIPAL DE SAÚDE DE BARBACENA;18.002;FUNDO MUNICIPAL DE SAUDE;2.442;APOIO AO HOSPITAL IBIAPABA CEBAMS;3;MEDIA E ALTA COMPLEXIDADE ASSISTENCIAL;10;Saúde;302;Assistência Hospitalar e Ambulatorial;184;4.4.50.41.00.00.00.00;CONTRIBUIÇÕES;1.500.503.1002;RECURSOS NÃO VINCULADOS DE IMPOSTOS (SAÚDE) - EMENDAS EVERTON WALLACE;25.000,00
FUNDO MUNICIPAL DE SAÚDE DE BARBACENA;18.002;FUNDO MUNICIPAL DE SAUDE;2.442;APOIO AO HOSPITAL IBIAPABA CEBAMS;3;MEDIA E ALTA COMPLEXIDADE ASSISTENCIAL;10;Saúde;302;Assistência Hospitalar e Ambulatorial;184;4.4.50.41.00.00.00.00;CONTRIBUIÇÕES;1.500.508.1002;RECURSOS NÃO VINCULADOS DE IMPOSTOS (SAÚDE) - EMENDAS GLAUBER MILAGRES;10.000,00
FUNDO MUNICIPAL DE SAÚDE DE BARBACENA;18.002;FUNDO MUNICIPAL DE SAUDE;2.442;APOIO AO HOSPITAL IBIAPABA CEBAMS;3;MEDIA E ALTA COMPLEXIDADE ASSISTENCIAL;10;Saúde;302;Assistência Hospitalar e Ambulatorial;184;4.4.50.41.00.00.00.00;CONTRIBUIÇÕES;1.500.509.1002;RECURSOS NÃO VINCULADOS DE IMPOSTOS (SAÚDE) - EMENDAS DONIZETE MEDEIROS;50.000,00
FUNDO MUNICIPAL DE SAÚDE DE BARBACENA;18.002;FUNDO MUNICIPAL DE SAUDE;2.442;APOIO AO HOSPITAL IBIAPABA CEBAMS;3;MEDIA E ALTA COMPLEXIDADE ASSISTENCIAL;10;Saúde;302;Assistência Hospitalar e Ambulatorial;184;4.4.50.41.00.00.00.00;CONTRIBUIÇÕES;1.500.510.1002;RECURSOS NÃO VINCULADOS DE IMPOSTOS (SAÚDE) - EMENDAS TODINHO;25.000,00
FUNDO MUNICIPAL DE SAÚDE DE BARBACENA;18.002;FUNDO MUNICIPAL DE SAUDE;2.442;APOIO AO HOSPITAL IBIAPABA CEBAMS;3;MEDIA E ALTA COMPLEXIDADE ASSISTENCIAL;10;Saúde;302;Assistência Hospitalar e Ambulatorial;184;4.4.50.41.00.00.00.00;CONTRIBUIÇÕES;1.500.514.1002;RECURSOS NÃO VINCULADOS DE IMPOSTOS (SAÚDE) - EMENDAS JOAO DA SEMENTE;34.220,83
FUNDO MUNICIPAL DE SAÚDE DE BARBACENA;18.002;FUNDO MUNICIPAL DE SAUDE;2.442;APOIO AO HOSPITAL IBIAPABA CEBAMS;3;MEDIA E ALTA COMPLEXIDADE ASSISTENCIAL;10;Saúde;302;Assistência Hospitalar e Ambulatorial;184;4.4.50.41.00.00.00.00;CONTRIBUIÇÕES;1.500.515.1002;RECURSOS NÃO VINCULADOS DE IMPOSTOS (SAÚDE) - EMENDAS PAULINHO DO GAS;20.000,00
FUNDO MUNICIPAL DE SAÚDE DE BARBACENA;18.002;FUNDO MUNICIPAL DE SAUDE;2.442;APOIO AO HOSPITAL IBIAPABA CEBAMS;3;MEDIA E ALTA COMPLEXIDADE ASSISTENCIAL;10;Saúde;302;Assistência Hospitalar e Ambulatorial;184;4.4.50.41.00.00.00.00;CONTRIBUIÇÕES;1.500.516.1002;RECURSOS NÃO VINCULADOS DE IMPOSTOS (SAÚDE) - EMENDAS ROBERTO DA FARMACIA;25.000,00
FUNDO MUNICIPAL DE SAÚDE DE BARBACENA;18.002;FUNDO MUNICIPAL DE SAUDE;2.442;APOIO AO HOSPITAL IBIAPABA CEBAMS;3;MEDIA E ALTA COMPLEXIDADE ASSISTENCIAL;10;Saúde;302;Assistência Hospitalar e Ambulatorial;184;4.4.50.41.00.00.00.00;CONTRIBUIÇÕES;1.500.517.1002;RECURSOS NÃO VINCULADOS DE IMPOSTOS (SAÚDE) - EMENDAS SANDRO HELENO;25.000,00
FUNDO MUNICIPAL DE SAÚDE DE BARBACENA;18.002;FUNDO MUNICIPAL DE SAUDE;2.442;APOIO AO HOSPITAL IBIAPABA CEBAMS;3;MEDIA E ALTA COMPLEXIDADE ASSISTENCIAL;10;Saúde;302;Assistência Hospitalar e Ambulatorial;184;4.4.50.41.00.00.00.00;CONTRIBUIÇÕES;1.500.518.1002;RECURSOS NÃO VINCULADOS DE IMPOSTOS (SAÚDE) - EMENDAS XINAIDER;26.720,82
FUNDO MUNICIPAL DE SAÚDE DE BARBACENA;18.002;FUNDO MUNICIPAL DE SAUDE;2.443;APOIO AO HOSPITAL POLICLÍNICA E MATERNIDADE DE BARBACENA - IMAIP;3;MEDIA E ALTA COMPLEXIDADE ASSISTENCIAL;10;Saúde;302;Assistência Hospitalar e Ambulatorial;185;3.3.50.41.00.00.00.00;CONTRIBUIÇÕES;1.500.000.1002;RECURSOS NÃO VINCULADOS DE IMPOSTOS (SAÚDE);0,00
FUNDO MUNICIPAL DE SAÚDE DE BARBACENA;18.002;FUNDO MUNICIPAL DE SAUDE;2.443;APOIO AO HOSPITAL POLICLÍNICA E MATERNIDADE DE BARBACENA - IMAIP;3;MEDIA E ALTA COMPLEXIDADE ASSISTENCIAL;10;Saúde;302;Assistência Hospitalar e Ambulatorial;185;3.3.50.41.00.00.00.00;CONTRIBUIÇÕES;1.500.501.1002;RECURSOS NÃO VINCULADOS DE IMPOSTOS (SAÚDE) - EMENDAS AMARILIO ANDRADE;25.000,00
FUNDO MUNICIPAL DE SAÚDE DE BARBACENA;18.002;FUNDO MUNICIPAL DE SAUDE;2.443;APOIO AO HOSPITAL POLICLÍNICA E MATERNIDADE DE BARBACENA - IMAIP;3;MEDIA E ALTA COMPLEXIDADE ASSISTENCIAL;10;Saúde;302;Assistência Hospitalar e Ambulatorial;185;3.3.50.41.00.00.00.00;CONTRIBUIÇÕES;1.500.502.1002;RECURSOS NÃO VINCULADOS DE IMPOSTOS (SAÚDE) - EMENDAS DIEGO BAIANO;15.000,00
FUNDO MUNICIPAL DE SAÚDE DE BARBACENA;18.002;FUNDO MUNICIPAL DE SAUDE;2.443;APOIO AO HOSPITAL POLICLÍNICA E MATERNIDADE DE BARBACENA - IMAIP;3;MEDIA E ALTA COMPLEXIDADE ASSISTENCIAL;10;Saúde;302;Assistência Hospitalar e Ambulatorial;185;3.3.50.41.00.00.00.00;CONTRIBUIÇÕES;1.500.505.1002;RECURSOS NÃO VINCULADOS DE IMPOSTOS (SAÚDE) - EMENDAS FAUSTA TATA;25.000,00
FUNDO MUNICIPAL DE SAÚDE DE BARBACENA;18.002;FUNDO MUNICIPAL DE SAUDE;2.443;APOIO AO HOSPITAL POLICLÍNICA E MATERNIDADE DE BARBACENA - IMAIP;3;MEDIA E ALTA COMPLEXIDADE ASSISTENCIAL;10;Saúde;302;Assistência Hospitalar e Ambulatorial;185;3.3.50.41.00.00.00.00;CONTRIBUIÇÕES;1.500.508.1002;RECURSOS NÃO VINCULADOS DE IMPOSTOS (SAÚDE) - EMENDAS GLAUBER MILAGRES;10.000,00
FUNDO MUNICIPAL DE SAÚDE DE BARBACENA;18.002;FUNDO MUNICIPAL DE SAUDE;2.443;APOIO AO HOSPITAL POLICLÍNICA E MATERNIDADE DE BARBACENA - IMAIP;3;MEDIA E ALTA COMPLEXIDADE ASSISTENCIAL;10;Saúde;302;Assistência Hospitalar e Ambulatorial;185;3.3.50.41.00.00.00.00;CONTRIBUIÇÕES;1.500.510.1002;RECURSOS NÃO VINCULADOS DE IMPOSTOS (SAÚDE) - EMENDAS TODINHO;11.720,82
FUNDO MUNICIPAL DE SAÚDE DE BARBACENA;18.002;FUNDO MUNICIPAL DE SAUDE;2.443;APOIO AO HOSPITAL POLICLÍNICA E MATERNIDADE DE BARBACENA - IMAIP;3;MEDIA E ALTA COMPLEXIDADE ASSISTENCIAL;10;Saúde;302;Assistência Hospitalar e Ambulatorial;185;3.3.50.41.00.00.00.00;CONTRIBUIÇÕES;1.500.512.1002;RECURSOS NÃO VINCULADOS DE IMPOSTOS (SAÚDE) - EMENDAS MARILENE FRANCO;25.000,00
FUNDO MUNICIPAL DE SAÚDE DE BARBACENA;18.002;FUNDO MUNICIPAL DE SAUDE;2.443;APOIO AO HOSPITAL POLICLÍNICA E MATERNIDADE DE BARBACENA - IMAIP;3;MEDIA E ALTA COMPLEXIDADE ASSISTENCIAL;10;Saúde;302;Assistência Hospitalar e Ambulatorial;185;3.3.50.41.00.00.00.00;CONTRIBUIÇÕES;1.500.514.1002;RECURSOS NÃO VINCULADOS DE IMPOSTOS (SAÚDE) - EMENDAS JOAO DA SEMENTE;32.500,00
FUNDO MUNICIPAL DE SAÚDE DE BARBACENA;18.002;FUNDO MUNICIPAL DE SAUDE;2.443;APOIO AO HOSPITAL POLICLÍNICA E MATERNIDADE DE BARBACENA - IMAIP;3;MEDIA E ALTA COMPLEXIDADE ASSISTENCIAL;10;Saúde;302;Assistência Hospitalar e Ambulatorial;185;3.3.50.41.00.00.00.00;CONTRIBUIÇÕES;1.500.515.1002;RECURSOS NÃO VINCULADOS DE IMPOSTOS (SAÚDE) - EMENDAS PAULINHO DO GAS;15.000,00
FUNDO MUNICIPAL DE SAÚDE DE BARBACENA;18.002;FUNDO MUNICIPAL DE SAUDE;2.443;APOIO AO HOSPITAL POLICLÍNICA E MATERNIDADE DE BARBACENA - IMAIP;3;MEDIA E ALTA COMPLEXIDADE ASSISTENCIAL;10;Saúde;302;Assistência Hospitalar e Ambulatorial;185;3.3.50.41.00.00.00.00;CONTRIBUIÇÕES;1.500.516.1002;RECURSOS NÃO VINCULADOS DE IMPOSTOS (SAÚDE) - EMENDAS ROBERTO DA FARMACIA;36.720,83
FUNDO MUNICIPAL DE SAÚDE DE BARBACENA;18.002;FUNDO MUNICIPAL DE SAUDE;2.443;APOIO AO HOSPITAL POLICLÍNICA E MATERNIDADE DE BARBACENA - IMAIP;3;MEDIA E ALTA COMPLEXIDADE ASSISTENCIAL;10;Saúde;302;Assistência Hospitalar e Ambulatorial;185;3.3.50.41.00.00.00.00;CONTRIBUIÇÕES;1.500.517.1002;RECURSOS NÃO VINCULADOS DE IMPOSTOS (SAÚDE) - EMENDAS SANDRO HELENO;25.000,00
FUNDO MUNICIPAL DE SAÚDE DE BARBACENA;18.002;FUNDO MUNICIPAL DE SAUDE;2.443;APOIO AO HOSPITAL POLICLÍNICA E MATERNIDADE DE BARBACENA - IMAIP;3;MEDIA E ALTA COMPLEXIDADE ASSISTENCIAL;10;Saúde;302;Assistência Hospitalar e Ambulatorial;186;4.4.50.41.00.00.00.00;CONTRIBUIÇÕES;1.500.000.1002;RECURSOS NÃO VINCULADOS DE IMPOSTOS (SAÚDE);0,00
FUNDO MUNICIPAL DE SAÚDE DE BARBACENA;18.002;FUNDO MUNICIPAL DE SAUDE;2.443;APOIO AO HOSPITAL POLICLÍNICA E MATERNIDADE DE BARBACENA - IMAIP;3;MEDIA E ALTA COMPLEXIDADE ASSISTENCIAL;10;Saúde;302;Assistência Hospitalar e Ambulatorial;186;4.4.50.41.00.00.00.00;CONTRIBUIÇÕES;1.500.501.1002;RECURSOS NÃO VINCULADOS DE IMPOSTOS (SAÚDE) - EMENDAS AMARILIO ANDRADE;25.000,00
FUNDO MUNICIPAL DE SAÚDE DE BARBACENA;18.002;FUNDO MUNICIPAL DE SAUDE;2.443;APOIO AO HOSPITAL POLICLÍNICA E MATERNIDADE DE BARBACENA - IMAIP;3;MEDIA E ALTA COMPLEXIDADE ASSISTENCIAL;10;Saúde;302;Assistência Hospitalar e Ambulatorial;186;4.4.50.41.00.00.00.00;CONTRIBUIÇÕES;1.500.502.1002;RECURSOS NÃO VINCULADOS DE IMPOSTOS (SAÚDE) - EMENDAS DIEGO BAIANO;15.000,00
FUNDO MUNICIPAL DE SAÚDE DE BARBACENA;18.002;FUNDO MUNICIPAL DE SAUDE;2.443;APOIO AO HOSPITAL POLICLÍNICA E MATERNIDADE DE BARBACENA - IMAIP;3;MEDIA E ALTA COMPLEXIDADE ASSISTENCIAL;10;Saúde;302;Assistência Hospitalar e Ambulatorial;186;4.4.50.41.00.00.00.00;CONTRIBUIÇÕES;1.500.505.1002;RECURSOS NÃO VINCULADOS DE IMPOSTOS (SAÚDE) - EMENDAS FAUSTA TATA;25.000,00
FUNDO MUNICIPAL DE SAÚDE DE BARBACENA;18.002;FUNDO MUNICIPAL DE SAUDE;2.443;APOIO AO HOSPITAL POLICLÍNICA E MATERNIDADE DE BARBACENA - IMAIP;3;MEDIA E ALTA COMPLEXIDADE ASSISTENCIAL;10;Saúde;302;Assistência Hospitalar e Ambulatorial;186;4.4.50.41.00.00.00.00;CONTRIBUIÇÕES;1.500.508.1002;RECURSOS NÃO VINCULADOS DE IMPOSTOS (SAÚDE) - EMENDAS GLAUBER MILAGRES;10.000,00
FUNDO MUNICIPAL DE SAÚDE DE BARBACENA;18.002;FUNDO MUNICIPAL DE SAUDE;2.443;APOIO AO HOSPITAL POLICLÍNICA E MATERNIDADE DE BARBACENA - IMAIP;3;MEDIA E ALTA COMPLEXIDADE ASSISTENCIAL;10;Saúde;302;Assistência Hospitalar e Ambulatorial;186;4.4.50.41.00.00.00.00;CONTRIBUIÇÕES;1.500.510.1002;RECURSOS NÃO VINCULADOS DE IMPOSTOS (SAÚDE) - EMENDAS TODINHO;11.720,83
FUNDO MUNICIPAL DE SAÚDE DE BARBACENA;18.002;FUNDO MUNICIPAL DE SAUDE;2.443;APOIO AO HOSPITAL POLICLÍNICA E MATERNIDADE DE BARBACENA - IMAIP;3;MEDIA E ALTA COMPLEXIDADE ASSISTENCIAL;10;Saúde;302;Assistência Hospitalar e Ambulatorial;186;4.4.50.41.00.00.00.00;CONTRIBUIÇÕES;1.500.512.1002;RECURSOS NÃO VINCULADOS DE IMPOSTOS (SAÚDE) - EMENDAS MARILENE FRANCO;25.000,00
FUNDO MUNICIPAL DE SAÚDE DE BARBACENA;18.002;FUNDO MUNICIPAL DE SAUDE;2.443;APOIO AO HOSPITAL POLICLÍNICA E MATERNIDADE DE BARBACENA - IMAIP;3;MEDIA E ALTA COMPLEXIDADE ASSISTENCIAL;10;Saúde;302;Assistência Hospitalar e Ambulatorial;186;4.4.50.41.00.00.00.00;CONTRIBUIÇÕES;1.500.514.1002;RECURSOS NÃO VINCULADOS DE IMPOSTOS (SAÚDE) - EMENDAS JOAO DA SEMENTE;32.500,00
FUNDO MUNICIPAL DE SAÚDE DE BARBACENA;18.002;FUNDO MUNICIPAL DE SAUDE;2.443;APOIO AO HOSPITAL POLICLÍNICA E MATERNIDADE DE BARBACENA - IMAIP;3;MEDIA E ALTA COMPLEXIDADE ASSISTENCIAL;10;Saúde;302;Assistência Hospitalar e Ambulatorial;186;4.4.50.41.00.00.00.00;CONTRIBUIÇÕES;1.500.515.1002;RECURSOS NÃO VINCULADOS DE IMPOSTOS (SAÚDE) - EMENDAS PAULINHO DO GAS;15.000,00
FUNDO MUNICIPAL DE SAÚDE DE BARBACENA;18.002;FUNDO MUNICIPAL DE SAUDE;2.443;APOIO AO HOSPITAL POLICLÍNICA E MATERNIDADE DE BARBACENA - IMAIP;3;MEDIA E ALTA COMPLEXIDADE ASSISTENCIAL;10;Saúde;302;Assistência Hospitalar e Ambulatorial;186;4.4.50.41.00.00.00.00;CONTRIBUIÇÕES;1.500.516.1002;RECURSOS NÃO VINCULADOS DE IMPOSTOS (SAÚDE) - EMENDAS ROBERTO DA FARMACIA;36.720,82
FUNDO MUNICIPAL DE SAÚDE DE BARBACENA;18.002;FUNDO MUNICIPAL DE SAUDE;2.443;APOIO AO HOSPITAL POLICLÍNICA E MATERNIDADE DE BARBACENA - IMAIP;3;MEDIA E ALTA COMPLEXIDADE ASSISTENCIAL;10;Saúde;302;Assistência Hospitalar e Ambulatorial;186;4.4.50.41.00.00.00.00;CONTRIBUIÇÕES;1.500.517.1002;RECURSOS NÃO VINCULADOS DE IMPOSTOS (SAÚDE) - EMENDAS SANDRO HELENO;25.000,00
FUNDO MUNICIPAL DE SAÚDE DE BARBACENA;18.002;FUNDO MUNICIPAL DE SAUDE;2.444;APOIO AO NÚCLEO REGIONAL DE BARBACENA DE PREVENÇÃO E COMBATE AO CÂNCER;3;MEDIA E ALTA COMPLEXIDADE ASSISTENCIAL;10;Saúde;302;Assistência Hospitalar e Ambulatorial;187;3.3.50.41.00.00.00.00;CONTRIBUIÇÕES;1.500.000.1002;RECURSOS NÃO VINCULADOS DE IMPOSTOS (SAÚDE);0,00
FUNDO MUNICIPAL DE SAÚDE DE BARBACENA;18.002;FUNDO MUNICIPAL DE SAUDE;2.444;APOIO AO NÚCLEO REGIONAL DE BARBACENA DE PREVENÇÃO E COMBATE AO CÂNCER;3;MEDIA E ALTA COMPLEXIDADE ASSISTENCIAL;10;Saúde;302;Assistência Hospitalar e Ambulatorial;187;3.3.50.41.00.00.00.00;CONTRIBUIÇÕES;1.500.510.1002;RECURSOS NÃO VINCULADOS DE IMPOSTOS (SAÚDE) - EMENDAS TODINHO;7.500,00
FUNDO MUNICIPAL DE SAÚDE DE BARBACENA;18.002;FUNDO MUNICIPAL DE SAUDE;2.444;APOIO AO NÚCLEO REGIONAL DE BARBACENA DE PREVENÇÃO E COMBATE AO CÂNCER;3;MEDIA E ALTA COMPLEXIDADE ASSISTENCIAL;10;Saúde;302;Assistência Hospitalar e Ambulatorial;187;3.3.50.41.00.00.00.00;CONTRIBUIÇÕES;1.500.511.1002;RECURSOS NÃO VINCULADOS DE IMPOSTOS (SAÚDE) - EMENDAS CARLINHOS PLAY BOY;50.000,00
FUNDO MUNICIPAL DE SAÚDE DE BARBACENA;18.002;FUNDO MUNICIPAL DE SAUDE;2.444;APOIO AO NÚCLEO REGIONAL DE BARBACENA DE PREVENÇÃO E COMBATE AO CÂNCER;3;MEDIA E ALTA COMPLEXIDADE ASSISTENCIAL;10;Saúde;302;Assistência Hospitalar e Ambulatorial;187;3.3.50.41.00.00.00.00;CONTRIBUIÇÕES;1.500.517.1002;RECURSOS NÃO VINCULADOS DE IMPOSTOS (SAÚDE) - EMENDAS SANDRO HELENO;20.944,07
FUNDO MUNICIPAL DE SAÚDE DE BARBACENA;18.002;FUNDO MUNICIPAL DE SAUDE;2.444;APOIO AO NÚCLEO REGIONAL DE BARBACENA DE PREVENÇÃO E COMBATE AO CÂNCER;3;MEDIA E ALTA COMPLEXIDADE ASSISTENCIAL;10;Saúde;302;Assistência Hospitalar e Ambulatorial;188;4.4.50.41.00.00.00.00;CONTRIBUIÇÕES;1.500.000.1002;RECURSOS NÃO VINCULADOS DE IMPOSTOS (SAÚDE);0,00
FUNDO MUNICIPAL DE SAÚDE DE BARBACENA;18.002;FUNDO MUNICIPAL DE SAUDE;2.444;APOIO AO NÚCLEO REGIONAL DE BARBACENA DE PREVENÇÃO E COMBATE AO CÂNCER;3;MEDIA E ALTA COMPLEXIDADE ASSISTENCIAL;10;Saúde;302;Assistência Hospitalar e Ambulatorial;188;4.4.50.41.00.00.00.00;CONTRIBUIÇÕES;1.500.510.1002;RECURSOS NÃO VINCULADOS DE IMPOSTOS (SAÚDE) - EMENDAS TODINHO;7.500,00
FUNDO MUNICIPAL DE SAÚDE DE BARBACENA;18.002;FUNDO MUNICIPAL DE SAUDE;2.444;APOIO AO NÚCLEO REGIONAL DE BARBACENA DE PREVENÇÃO E COMBATE AO CÂNCER;3;MEDIA E ALTA COMPLEXIDADE ASSISTENCIAL;10;Saúde;302;Assistência Hospitalar e Ambulatorial;188;4.4.50.41.00.00.00.00;CONTRIBUIÇÕES;1.500.511.1002;RECURSOS NÃO VINCULADOS DE IMPOSTOS (SAÚDE) - EMENDAS CARLINHOS PLAY BOY;50.000,00
FUNDO MUNICIPAL DE SAÚDE DE BARBACENA;18.002;FUNDO MUNICIPAL DE SAUDE;2.444;APOIO AO NÚCLEO REGIONAL DE BARBACENA DE PREVENÇÃO E COMBATE AO CÂNCER;3;MEDIA E ALTA COMPLEXIDADE ASSISTENCIAL;10;Saúde;302;Assistência Hospitalar e Ambulatorial;188;4.4.50.41.00.00.00.00;CONTRIBUIÇÕES;1.500.517.1002;RECURSOS NÃO VINCULADOS DE IMPOSTOS (SAÚDE) - EMENDAS SANDRO HELENO;20.944,08
FUNDO MUNICIPAL DE SAÚDE DE BARBACENA;18.002;FUNDO MUNICIPAL DE SAUDE;2.485;APOIO A ASSOCIAÇÃO DOS DIABÉTICOS DE BARBACENA - ASSODIBAR;3;MEDIA E ALTA COMPLEXIDADE ASSISTENCIAL;10;Saúde;302;Assistência Hospitalar e Ambulatorial;189;3.3.50.41.00.00.00.00;CONTRIBUIÇÕES;1.500.000.1002;RECURSOS NÃO VINCULADOS DE IMPOSTOS (SAÚDE);0,00
FUNDO MUNICIPAL DE SAÚDE DE BARBACENA;18.002;FUNDO MUNICIPAL DE SAUDE;2.485;APOIO A ASSOCIAÇÃO DOS DIABÉTICOS DE BARBACENA - ASSODIBAR;3;MEDIA E ALTA COMPLEXIDADE ASSISTENCIAL;10;Saúde;302;Assistência Hospitalar e Ambulatorial;189;3.3.50.41.00.00.00.00;CONTRIBUIÇÕES;1.500.505.1002;RECURSOS NÃO VINCULADOS DE IMPOSTOS (SAÚDE) - EMENDAS FAUSTA TATA;5.000,00
FUNDO MUNICIPAL DE SAÚDE DE BARBACENA;18.002;FUNDO MUNICIPAL DE SAUDE;2.485;APOIO A ASSOCIAÇÃO DOS DIABÉTICOS DE BARBACENA - ASSODIBAR;3;MEDIA E ALTA COMPLEXIDADE ASSISTENCIAL;10;Saúde;302;Assistência Hospitalar e Ambulatorial;189;3.3.50.41.00.00.00.00;CONTRIBUIÇÕES;1.500.516.1002;RECURSOS NÃO VINCULADOS DE IMPOSTOS (SAÚDE) - EMENDAS ROBERTO DA FARMACIA;25.000,00
FUNDO MUNICIPAL DE SAÚDE DE BARBACENA;18.002;FUNDO MUNICIPAL DE SAUDE;2.485;APOIO A ASSOCIAÇÃO DOS DIABÉTICOS DE BARBACENA - ASSODIBAR;3;MEDIA E ALTA COMPLEXIDADE ASSISTENCIAL;10;Saúde;302;Assistência Hospitalar e Ambulatorial;189;3.3.50.41.00.00.00.00;CONTRIBUIÇÕES;1.500.517.1002;RECURSOS NÃO VINCULADOS DE IMPOSTOS (SAÚDE) - EMENDAS SANDRO HELENO;7.500,00
FUNDO MUNICIPAL DE SAÚDE DE BARBACENA;18.002;FUNDO MUNICIPAL DE SAUDE;2.485;APOIO A ASSOCIAÇÃO DOS DIABÉTICOS DE BARBACENA - ASSODIBAR;3;MEDIA E ALTA COMPLEXIDADE ASSISTENCIAL;10;Saúde;302;Assistência Hospitalar e Ambulatorial;190;4.4.50.41.00.00.00.00;CONTRIBUIÇÕES;1.500.000.1002;RECURSOS NÃO VINCULADOS DE IMPOSTOS (SAÚDE);0,00
FUNDO MUNICIPAL DE SAÚDE DE BARBACENA;18.002;FUNDO MUNICIPAL DE SAUDE;2.485;APOIO A ASSOCIAÇÃO DOS DIABÉTICOS DE BARBACENA - ASSODIBAR;3;MEDIA E ALTA COMPLEXIDADE ASSISTENCIAL;10;Saúde;302;Assistência Hospitalar e Ambulatorial;190;4.4.50.41.00.00.00.00;CONTRIBUIÇÕES;1.500.505.1002;RECURSOS NÃO VINCULADOS DE IMPOSTOS (SAÚDE) - EMENDAS FAUSTA TATA;5.000,00
FUNDO MUNICIPAL DE SAÚDE DE BARBACENA;18.002;FUNDO MUNICIPAL DE SAUDE;2.485;APOIO A ASSOCIAÇÃO DOS DIABÉTICOS DE BARBACENA - ASSODIBAR;3;MEDIA E ALTA COMPLEXIDADE ASSISTENCIAL;10;Saúde;302;Assistência Hospitalar e Ambulatorial;190;4.4.50.41.00.00.00.00;CONTRIBUIÇÕES;1.500.516.1002;RECURSOS NÃO VINCULADOS DE IMPOSTOS (SAÚDE) - EMENDAS ROBERTO DA FARMACIA;25.000,00
FUNDO MUNICIPAL DE SAÚDE DE BARBACENA;18.002;FUNDO MUNICIPAL DE SAUDE;2.485;APOIO A ASSOCIAÇÃO DOS DIABÉTICOS DE BARBACENA - ASSODIBAR;3;MEDIA E ALTA COMPLEXIDADE ASSISTENCIAL;10;Saúde;302;Assistência Hospitalar e Ambulatorial;190;4.4.50.41.00.00.00.00;CONTRIBUIÇÕES;1.500.517.1002;RECURSOS NÃO VINCULADOS DE IMPOSTOS (SAÚDE) - EMENDAS SANDRO HELENO;7.500,00
FUNDO MUNICIPAL DE SAÚDE DE BARBACENA;18.002;FUNDO MUNICIPAL DE SAUDE;2.503;APOIO A ASSOCIACAO COMUNITARIA PROJETO DE VIDA;3;MEDIA E ALTA COMPLEXIDADE ASSISTENCIAL;10;Saúde;302;Assistência Hospitalar e Ambulatorial;191;3.3.50.41.00.00.00.00;CONTRIBUIÇÕES;1.500.000.1002;RECURSOS NÃO VINCULADOS DE IMPOSTOS (SAÚDE);0,00
FUNDO MUNICIPAL DE SAÚDE DE BARBACENA;18.002;FUNDO MUNICIPAL DE SAUDE;2.503;APOIO A ASSOCIACAO COMUNITARIA PROJETO DE VIDA;3;MEDIA E ALTA COMPLEXIDADE ASSISTENCIAL;10;Saúde;302;Assistência Hospitalar e Ambulatorial;191;3.3.50.41.00.00.00.00;CONTRIBUIÇÕES;1.500.515.1002;RECURSOS NÃO VINCULADOS DE IMPOSTOS (SAÚDE) - EMENDAS PAULINHO DO GAS;101.720,83
FUNDO MUNICIPAL DE SAÚDE DE BARBACENA;18.002;FUNDO MUNICIPAL DE SAUDE;2.503;APOIO A ASSOCIACAO COMUNITARIA PROJETO DE VIDA;3;MEDIA E ALTA COMPLEXIDADE ASSISTENCIAL;10;Saúde;302;Assistência Hospitalar e Ambulatorial;192;4.4.50.41.00.00.00.00;CONTRIBUIÇÕES;1.500.000.1002;RECURSOS NÃO VINCULADOS DE IMPOSTOS (SAÚDE);0,00
FUNDO MUNICIPAL DE SAÚDE DE BARBACENA;18.002;FUNDO MUNICIPAL DE SAUDE;2.503;APOIO A ASSOCIACAO COMUNITARIA PROJETO DE VIDA;3;MEDIA E ALTA COMPLEXIDADE ASSISTENCIAL;10;Saúde;302;Assistência Hospitalar e Ambulatorial;192;4.4.50.41.00.00.00.00;CONTRIBUIÇÕES;1.500.515.1002;RECURSOS NÃO VINCULADOS DE IMPOSTOS (SAÚDE) - EMENDAS PAULINHO DO GAS;101.720,82
FUNDO MUNICIPAL DE SAÚDE DE BARBACENA;18.002;FUNDO MUNICIPAL DE SAUDE;2.642;MANUTENÇÃO DA REDE DE ATENÇÃO PSICOSSOCIAL - RAPS;3;MEDIA E ALTA COMPLEXIDADE ASSISTENCIAL;10;Saúde;302;Assistência Hospitalar e Ambulatorial;193;3.1.90.04.00.00.00.00;CONTRATAÇÃO POR TEMPO DETERMINADO;1.500.000.1002;RECURSOS NÃO VINCULADOS DE IMPOSTOS (SAÚDE);5.087,03
FUNDO MUNICIPAL DE SAÚDE DE BARBACENA;18.002;FUNDO MUNICIPAL DE SAUDE;2.642;MANUTENÇÃO DA REDE DE ATENÇÃO PSICOSSOCIAL - RAPS;3;MEDIA E ALTA COMPLEXIDADE ASSISTENCIAL;10;Saúde;302;Assistência Hospitalar e Ambulatorial;193;3.1.90.04.00.00.00.00;CONTRATAÇÃO POR TEMPO DETERMINADO;1.600.000.0000;TRANSFERÊNCIAS FUNDO A FUNDO DE RECURSOS DO SUS PROVENIENTES DO GOVERNO FEDERAL - BLOCO DE MANUTENÇÃO DAS AÇÕES E SERVIÇOS PÚBLICOS DE SAÚDE;2.635.100,74
FUNDO MUNICIPAL DE SAÚDE DE BARBACENA;18.002;FUNDO MUNICIPAL DE SAUDE;2.642;MANUTENÇÃO DA REDE DE ATENÇÃO PSICOSSOCIAL - RAPS;3;MEDIA E ALTA COMPLEXIDADE ASSISTENCIAL;10;Saúde;302;Assistência Hospitalar e Ambulatorial;193;3.1.90.04.00.00.00.00;CONTRATAÇÃO POR TEMPO DETERMINADO;1.621.000.0000;TRANSFERÊNCIAS FUNDO A FUNDO DE RECURSOS DO SUS PROVENIENTES DO GOVERNO ESTADUAL;573.374,28
FUNDO MUNICIPAL DE SAÚDE DE BARBACENA;18.002;FUNDO MUNICIPAL DE SAUDE;2.642;MANUTENÇÃO DA REDE DE ATENÇÃO PSICOSSOCIAL - RAPS;3;MEDIA E ALTA COMPLEXIDADE ASSISTENCIAL;10;Saúde;302;Assistência Hospitalar e Ambulatorial;193;3.1.90.04.00.00.00.00;CONTRATAÇÃO POR TEMPO DETERMINADO;2.600.000.0000;TRANSFERÊNCIAS FUNDO A FUNDO DE RECURSOS DO SUS PROVENIENTES DO GOVERNO FEDERAL - BLOCO DE MANUTENÇÃO DAS AÇÕES E SERVIÇOS PÚBLICOS DE SAÚDE;382.034,89
FUNDO MUNICIPAL DE SAÚDE DE BARBACENA;18.002;FUNDO MUNICIPAL DE SAUDE;2.642;MANUTENÇÃO DA REDE DE ATENÇÃO PSICOSSOCIAL - RAPS;3;MEDIA E ALTA COMPLEXIDADE ASSISTENCIAL;10;Saúde;302;Assistência Hospitalar e Ambulatorial;193;3.1.90.04.00.00.00.00;CONTRATAÇÃO POR TEMPO DETERMINADO;2.621.000.0000;TRANSFERÊNCIAS FUNDO A FUNDO DE RECURSOS DO SUS PROVENIENTES DO GOVERNO ESTADUAL;13.412,37
FUNDO MUNICIPAL DE SAÚDE DE BARBACENA;18.002;FUNDO MUNICIPAL DE SAUDE;2.642;MANUTENÇÃO DA REDE DE ATENÇÃO PSICOSSOCIAL - RAPS;3;MEDIA E ALTA COMPLEXIDADE ASSISTENCIAL;10;Saúde;302;Assistência Hospitalar e Ambulatorial;194;3.1.90.11.00.00.00.00;VENCIMENTOS E VANTAGENS FIXAS - PESSOAL CIVIL;1.600.000.0000;TRANSFERÊNCIAS FUNDO A FUNDO DE RECURSOS DO SUS PROVENIENTES DO GOVERNO FEDERAL - BLOCO DE MANUTENÇÃO DAS AÇÕES E SERVIÇOS PÚBLICOS DE SAÚDE;1.131.733,34
FUNDO MUNICIPAL DE SAÚDE DE BARBACENA;18.002;FUNDO MUNICIPAL DE SAUDE;2.642;MANUTENÇÃO DA REDE DE ATENÇÃO PSICOSSOCIAL - RAPS;3;MEDIA E ALTA COMPLEXIDADE ASSISTENCIAL;10;Saúde;302;Assistência Hospitalar e Ambulatorial;194;3.1.90.11.00.00.00.00;VENCIMENTOS E VANTAGENS FIXAS - PESSOAL CIVIL;2.600.000.0000;TRANSFERÊNCIAS FUNDO A FUNDO DE RECURSOS DO SUS PROVENIENTES DO GOVERNO FEDERAL - BLOCO DE MANUTENÇÃO DAS AÇÕES E SERVIÇOS PÚBLICOS DE SAÚDE;131.451,92
FUNDO MUNICIPAL DE SAÚDE DE BARBACENA;18.002;FUNDO MUNICIPAL DE SAUDE;2.642;MANUTENÇÃO DA REDE DE ATENÇÃO PSICOSSOCIAL - RAPS;3;MEDIA E ALTA COMPLEXIDADE ASSISTENCIAL;10;Saúde;302;Assistência Hospitalar e Ambulatorial;195;3.1.90.92.00.00.00.00;DESPESAS DE EXERCÍCIOS ANTERIORES;1.600.000.0000;TRANSFERÊNCIAS FUNDO A FUNDO DE RECURSOS DO SUS PROVENIENTES DO GOVERNO FEDERAL - BLOCO DE MANUTENÇÃO DAS AÇÕES E SERVIÇOS PÚBLICOS DE SAÚDE;1.000,00
FUNDO MUNICIPAL DE SAÚDE DE BARBACENA;18.002;FUNDO MUNICIPAL DE SAUDE;2.642;MANUTENÇÃO DA REDE DE ATENÇÃO PSICOSSOCIAL - RAPS;3;MEDIA E ALTA COMPLEXIDADE ASSISTENCIAL;10;Saúde;302;Assistência Hospitalar e Ambulatorial;195;3.1.90.92.00.00.00.00;DESPESAS DE EXERCÍCIOS ANTERIORES;2.621.000.0000;TRANSFERÊNCIAS FUNDO A FUNDO DE RECURSOS DO SUS PROVENIENTES DO GOVERNO ESTADUAL;1.398,78
FUNDO MUNICIPAL DE SAÚDE DE BARBACENA;18.002;FUNDO MUNICIPAL DE SAUDE;2.642;MANUTENÇÃO DA REDE DE ATENÇÃO PSICOSSOCIAL - RAPS;3;MEDIA E ALTA COMPLEXIDADE ASSISTENCIAL;10;Saúde;302;Assistência Hospitalar e Ambulatorial;196;3.1.91.13.00.00.00.00;OBRIGAÇÕES PATRONAIS;1.600.000.0000;TRANSFERÊNCIAS FUNDO A FUNDO DE RECURSOS DO SUS PROVENIENTES DO GOVERNO FEDERAL - BLOCO DE MANUTENÇÃO DAS AÇÕES E SERVIÇOS PÚBLICOS DE SAÚDE;502.945,98
FUNDO MUNICIPAL DE SAÚDE DE BARBACENA;18.002;FUNDO MUNICIPAL DE SAUDE;2.642;MANUTENÇÃO DA REDE DE ATENÇÃO PSICOSSOCIAL - RAPS;3;MEDIA E ALTA COMPLEXIDADE ASSISTENCIAL;10;Saúde;302;Assistência Hospitalar e Ambulatorial;196;3.1.91.13.00.00.00.00;OBRIGAÇÕES PATRONAIS;2.600.000.0000;TRANSFERÊNCIAS FUNDO A FUNDO DE RECURSOS DO SUS PROVENIENTES DO GOVERNO FEDERAL - BLOCO DE MANUTENÇÃO DAS AÇÕES E SERVIÇOS PÚBLICOS DE SAÚDE;34.251,08
FUNDO MUNICIPAL DE SAÚDE DE BARBACENA;18.002;FUNDO MUNICIPAL DE SAUDE;2.642;MANUTENÇÃO DA REDE DE ATENÇÃO PSICOSSOCIAL - RAPS;3;MEDIA E ALTA COMPLEXIDADE ASSISTENCIAL;10;Saúde;302;Assistência Hospitalar e Ambulatorial;196;3.1.91.13.00.00.00.00;OBRIGAÇÕES PATRONAIS;2.621.000.0000;TRANSFERÊNCIAS FUNDO A FUNDO DE RECURSOS DO SUS PROVENIENTES DO GOVERNO ESTADUAL;0,01
FUNDO MUNICIPAL DE SAÚDE DE BARBACENA;18.002;FUNDO MUNICIPAL DE SAUDE;2.642;MANUTENÇÃO DA REDE DE ATENÇÃO PSICOSSOCIAL - RAPS;3;MEDIA E ALTA COMPLEXIDADE ASSISTENCIAL;10;Saúde;302;Assistência Hospitalar e Ambulatorial;197;3.3.90.08.00.00.00.00;OUTROS BENEFÍCIOS ASSISTENCIAIS-SERVIDOR/MILITAR;1.600.000.0000;TRANSFERÊNCIAS FUNDO A FUNDO DE RECURSOS DO SUS PROVENIENTES DO GOVERNO FEDERAL - BLOCO DE MANUTENÇÃO DAS AÇÕES E SERVIÇOS PÚBLICOS DE SAÚDE;500,00
FUNDO MUNICIPAL DE SAÚDE DE BARBACENA;18.002;FUNDO MUNICIPAL DE SAUDE;2.642;MANUTENÇÃO DA REDE DE ATENÇÃO PSICOSSOCIAL - RAPS;3;MEDIA E ALTA COMPLEXIDADE ASSISTENCIAL;10;Saúde;302;Assistência Hospitalar e Ambulatorial;198;3.3.90.14.00.00.00.00;DIÁRIAS - PESSOAL CIVIL;1.600.000.0000;TRANSFERÊNCIAS FUNDO A FUNDO DE RECURSOS DO SUS PROVENIENTES DO GOVERNO FEDERAL - BLOCO DE MANUTENÇÃO DAS AÇÕES E SERVIÇOS PÚBLICOS DE SAÚDE;46.853,90
FUNDO MUNICIPAL DE SAÚDE DE BARBACENA;18.002;FUNDO MUNICIPAL DE SAUDE;2.642;MANUTENÇÃO DA REDE DE ATENÇÃO PSICOSSOCIAL - RAPS;3;MEDIA E ALTA COMPLEXIDADE ASSISTENCIAL;10;Saúde;302;Assistência Hospitalar e Ambulatorial;199;3.3.90.18.00.00.00.00;AUXÍLIO FINANCEIRO A ESTUDANTES;1.600.000.0000;TRANSFERÊNCIAS FUNDO A FUNDO DE RECURSOS DO SUS PROVENIENTES DO GOVERNO FEDERAL - BLOCO DE MANUTENÇÃO DAS AÇÕES E SERVIÇOS PÚBLICOS DE SAÚDE;1.500,00
FUNDO MUNICIPAL DE SAÚDE DE BARBACENA;18.002;FUNDO MUNICIPAL DE SAUDE;2.642;MANUTENÇÃO DA REDE DE ATENÇÃO PSICOSSOCIAL - RAPS;3;MEDIA E ALTA COMPLEXIDADE ASSISTENCIAL;10;Saúde;302;Assistência Hospitalar e Ambulatorial;200;3.3.90.30.00.00.00.00;MATERIAL DE CONSUMO;1.600.000.0000;TRANSFERÊNCIAS FUNDO A FUNDO DE RECURSOS DO SUS PROVENIENTES DO GOVERNO FEDERAL - BLOCO DE MANUTENÇÃO DAS AÇÕES E SERVIÇOS PÚBLICOS DE SAÚDE;115.529,93
FUNDO MUNICIPAL DE SAÚDE DE BARBACENA;18.002;FUNDO MUNICIPAL DE SAUDE;2.642;MANUTENÇÃO DA REDE DE ATENÇÃO PSICOSSOCIAL - RAPS;3;MEDIA E ALTA COMPLEXIDADE ASSISTENCIAL;10;Saúde;302;Assistência Hospitalar e Ambulatorial;200;3.3.90.30.00.00.00.00;MATERIAL DE CONSUMO;1.621.000.0000;TRANSFERÊNCIAS FUNDO A FUNDO DE RECURSOS DO SUS PROVENIENTES DO GOVERNO ESTADUAL;50.000,00
FUNDO MUNICIPAL DE SAÚDE DE BARBACENA;18.002;FUNDO MUNICIPAL DE SAUDE;2.642;MANUTENÇÃO DA REDE DE ATENÇÃO PSICOSSOCIAL - RAPS;3;MEDIA E ALTA COMPLEXIDADE ASSISTENCIAL;10;Saúde;302;Assistência Hospitalar e Ambulatorial;200;3.3.90.30.00.00.00.00;MATERIAL DE CONSUMO;2.621.000.0000;TRANSFERÊNCIAS FUNDO A FUNDO DE RECURSOS DO SUS PROVENIENTES DO GOVERNO ESTADUAL;119.704,78
FUNDO MUNICIPAL DE SAÚDE DE BARBACENA;18.002;FUNDO MUNICIPAL DE SAUDE;2.642;MANUTENÇÃO DA REDE DE ATENÇÃO PSICOSSOCIAL - RAPS;3;MEDIA E ALTA COMPLEXIDADE ASSISTENCIAL;10;Saúde;302;Assistência Hospitalar e Ambulatorial;201;3.3.90.36.00.00.00.00;OUTROS SERVIÇOS DE TERCEIROS - PESSOA FÍSICA;1.600.000.0000;TRANSFERÊNCIAS FUNDO A FUNDO DE RECURSOS DO SUS PROVENIENTES DO GOVERNO FEDERAL - BLOCO DE MANUTENÇÃO DAS AÇÕES E SERVIÇOS PÚBLICOS DE SAÚDE;500,00
FUNDO MUNICIPAL DE SAÚDE DE BARBACENA;18.002;FUNDO MUNICIPAL DE SAUDE;2.642;MANUTENÇÃO DA REDE DE ATENÇÃO PSICOSSOCIAL - RAPS;3;MEDIA E ALTA COMPLEXIDADE ASSISTENCIAL;10;Saúde;302;Assistência Hospitalar e Ambulatorial;201;3.3.90.36.00.00.00.00;OUTROS SERVIÇOS DE TERCEIROS - PESSOA FÍSICA;1.621.000.0000;TRANSFERÊNCIAS FUNDO A FUNDO DE RECURSOS DO SUS PROVENIENTES DO GOVERNO ESTADUAL;500,00
FUNDO MUNICIPAL DE SAÚDE DE BARBACENA;18.002;FUNDO MUNICIPAL DE SAUDE;2.642;MANUTENÇÃO DA REDE DE ATENÇÃO PSICOSSOCIAL - RAPS;3;MEDIA E ALTA COMPLEXIDADE ASSISTENCIAL;10;Saúde;302;Assistência Hospitalar e Ambulatorial;202;3.3.90.39.00.00.00.00;OUTROS SERVIÇOS DE TERCEIROS - PESSOA JURÍDICA;1.500.000.1002;RECURSOS NÃO VINCULADOS DE IMPOSTOS (SAÚDE);44.100,00
FUNDO MUNICIPAL DE SAÚDE DE BARBACENA;18.002;FUNDO MUNICIPAL DE SAUDE;2.642;MANUTENÇÃO DA REDE DE ATENÇÃO PSICOSSOCIAL - RAPS;3;MEDIA E ALTA COMPLEXIDADE ASSISTENCIAL;10;Saúde;302;Assistência Hospitalar e Ambulatorial;202;3.3.90.39.00.00.00.00;OUTROS SERVIÇOS DE TERCEIROS - PESSOA JURÍDICA;1.600.000.0000;TRANSFERÊNCIAS FUNDO A FUNDO DE RECURSOS DO SUS PROVENIENTES DO GOVERNO FEDERAL - BLOCO DE MANUTENÇÃO DAS AÇÕES E SERVIÇOS PÚBLICOS DE SAÚDE;7.791.710,42
FUNDO MUNICIPAL DE SAÚDE DE BARBACENA;18.002;FUNDO MUNICIPAL DE SAUDE;2.642;MANUTENÇÃO DA REDE DE ATENÇÃO PSICOSSOCIAL - RAPS;3;MEDIA E ALTA COMPLEXIDADE ASSISTENCIAL;10;Saúde;302;Assistência Hospitalar e Ambulatorial;202;3.3.90.39.00.00.00.00;OUTROS SERVIÇOS DE TERCEIROS - PESSOA JURÍDICA;1.621.000.0000;TRANSFERÊNCIAS FUNDO A FUNDO DE RECURSOS DO SUS PROVENIENTES DO GOVERNO ESTADUAL;418.187,70
FUNDO MUNICIPAL DE SAÚDE DE BARBACENA;18.002;FUNDO MUNICIPAL DE SAUDE;2.642;MANUTENÇÃO DA REDE DE ATENÇÃO PSICOSSOCIAL - RAPS;3;MEDIA E ALTA COMPLEXIDADE ASSISTENCIAL;10;Saúde;302;Assistência Hospitalar e Ambulatorial;202;3.3.90.39.00.00.00.00;OUTROS SERVIÇOS DE TERCEIROS - PESSOA JURÍDICA;2.621.000.0000;TRANSFERÊNCIAS FUNDO A FUNDO DE RECURSOS DO SUS PROVENIENTES DO GOVERNO ESTADUAL;2.493.782,11
FUNDO MUNICIPAL DE SAÚDE DE BARBACENA;18.002;FUNDO MUNICIPAL DE SAUDE;2.642;MANUTENÇÃO DA REDE DE ATENÇÃO PSICOSSOCIAL - RAPS;3;MEDIA E ALTA COMPLEXIDADE ASSISTENCIAL;10;Saúde;302;Assistência Hospitalar e Ambulatorial;203;3.3.90.40.00.00.00.00;SERVIÇOS DE TECNOLOGIA DA INFORMAÇÃO E COMUNICAÇ;1.600.000.0000;TRANSFERÊNCIAS FUNDO A FUNDO DE RECURSOS DO SUS PROVENIENTES DO GOVERNO FEDERAL - BLOCO DE MANUTENÇÃO DAS AÇÕES E SERVIÇOS PÚBLICOS DE SAÚDE;1.000,00
FUNDO MUNICIPAL DE SAÚDE DE BARBACENA;18.002;FUNDO MUNICIPAL DE SAUDE;2.642;MANUTENÇÃO DA REDE DE ATENÇÃO PSICOSSOCIAL - RAPS;3;MEDIA E ALTA COMPLEXIDADE ASSISTENCIAL;10;Saúde;302;Assistência Hospitalar e Ambulatorial;204;3.3.90.46.00.00.00.00;AUXÍLIO-ALIMENTAÇÃO;1.600.000.0000;TRANSFERÊNCIAS FUNDO A FUNDO DE RECURSOS DO SUS PROVENIENTES DO GOVERNO FEDERAL - BLOCO DE MANUTENÇÃO DAS AÇÕES E SERVIÇOS PÚBLICOS DE SAÚDE;482.712,31
FUNDO MUNICIPAL DE SAÚDE DE BARBACENA;18.002;FUNDO MUNICIPAL DE SAUDE;2.642;MANUTENÇÃO DA REDE DE ATENÇÃO PSICOSSOCIAL - RAPS;3;MEDIA E ALTA COMPLEXIDADE ASSISTENCIAL;10;Saúde;302;Assistência Hospitalar e Ambulatorial;204;3.3.90.46.00.00.00.00;AUXÍLIO-ALIMENTAÇÃO;1.621.000.0000;TRANSFERÊNCIAS FUNDO A FUNDO DE RECURSOS DO SUS PROVENIENTES DO GOVERNO ESTADUAL;113.202,68
FUNDO MUNICIPAL DE SAÚDE DE BARBACENA;18.002;FUNDO MUNICIPAL DE SAUDE;2.642;MANUTENÇÃO DA REDE DE ATENÇÃO PSICOSSOCIAL - RAPS;3;MEDIA E ALTA COMPLEXIDADE ASSISTENCIAL;10;Saúde;302;Assistência Hospitalar e Ambulatorial;204;3.3.90.46.00.00.00.00;AUXÍLIO-ALIMENTAÇÃO;2.600.000.0000;TRANSFERÊNCIAS FUNDO A FUNDO DE RECURSOS DO SUS PROVENIENTES DO GOVERNO FEDERAL - BLOCO DE MANUTENÇÃO DAS AÇÕES E SERVIÇOS PÚBLICOS DE SAÚDE;54.380,00
FUNDO MUNICIPAL DE SAÚDE DE BARBACENA;18.002;FUNDO MUNICIPAL DE SAUDE;2.642;MANUTENÇÃO DA REDE DE ATENÇÃO PSICOSSOCIAL - RAPS;3;MEDIA E ALTA COMPLEXIDADE ASSISTENCIAL;10;Saúde;302;Assistência Hospitalar e Ambulatorial;204;3.3.90.46.00.00.00.00;AUXÍLIO-ALIMENTAÇÃO;2.621.000.0000;TRANSFERÊNCIAS FUNDO A FUNDO DE RECURSOS DO SUS PROVENIENTES DO GOVERNO ESTADUAL;1.800,00
FUNDO MUNICIPAL DE SAÚDE DE BARBACENA;18.002;FUNDO MUNICIPAL DE SAUDE;2.642;MANUTENÇÃO DA REDE DE ATENÇÃO PSICOSSOCIAL - RAPS;3;MEDIA E ALTA COMPLEXIDADE ASSISTENCIAL;10;Saúde;302;Assistência Hospitalar e Ambulatorial;205;3.3.90.93.00.00.00.00;INDENIZAÇÕES E RESTITUIÇÕES;1.621.000.0000;TRANSFERÊNCIAS FUNDO A FUNDO DE RECURSOS DO SUS PROVENIENTES DO GOVERNO ESTADUAL;2.500,00
FUNDO MUNICIPAL DE SAÚDE DE BARBACENA;18.002;FUNDO MUNICIPAL DE SAUDE;2.642;MANUTENÇÃO DA REDE DE ATENÇÃO PSICOSSOCIAL - RAPS;3;MEDIA E ALTA COMPLEXIDADE ASSISTENCIAL;10;Saúde;302;Assistência Hospitalar e Ambulatorial;206;4.4.90.51.00.00.00.00;OBRAS E INSTALAÇÕES;1.600.000.0000;TRANSFERÊNCIAS FUNDO A FUNDO DE RECURSOS DO SUS PROVENIENTES DO GOVERNO FEDERAL - BLOCO DE MANUTENÇÃO DAS AÇÕES E SERVIÇOS PÚBLICOS DE SAÚDE;1.000,00
FUNDO MUNICIPAL DE SAÚDE DE BARBACENA;18.002;FUNDO MUNICIPAL DE SAUDE;2.642;MANUTENÇÃO DA REDE DE ATENÇÃO PSICOSSOCIAL - RAPS;3;MEDIA E ALTA COMPLEXIDADE ASSISTENCIAL;10;Saúde;302;Assistência Hospitalar e Ambulatorial;206;4.4.90.51.00.00.00.00;OBRAS E INSTALAÇÕES;1.621.000.0000;TRANSFERÊNCIAS FUNDO A FUNDO DE RECURSOS DO SUS PROVENIENTES DO GOVERNO ESTADUAL;1.000,00
FUNDO MUNICIPAL DE SAÚDE DE BARBACENA;18.002;FUNDO MUNICIPAL DE SAUDE;2.642;MANUTENÇÃO DA REDE DE ATENÇÃO PSICOSSOCIAL - RAPS;3;MEDIA E ALTA COMPLEXIDADE ASSISTENCIAL;10;Saúde;302;Assistência Hospitalar e Ambulatorial;207;4.4.90.52.00.00.00.00;EQUIPAMENTOS E MATERIAL PERMANENTE;1.600.000.0000;TRANSFERÊNCIAS FUNDO A FUNDO DE RECURSOS DO SUS PROVENIENTES DO GOVERNO FEDERAL - BLOCO DE MANUTENÇÃO DAS AÇÕES E SERVIÇOS PÚBLICOS DE SAÚDE;1.000,00
FUNDO MUNICIPAL DE SAÚDE DE BARBACENA;18.002;FUNDO MUNICIPAL DE SAUDE;2.642;MANUTENÇÃO DA REDE DE ATENÇÃO PSICOSSOCIAL - RAPS;3;MEDIA E ALTA COMPLEXIDADE ASSISTENCIAL;10;Saúde;302;Assistência Hospitalar e Ambulatorial;207;4.4.90.52.00.00.00.00;EQUIPAMENTOS E MATERIAL PERMANENTE;1.621.000.0000;TRANSFERÊNCIAS FUNDO A FUNDO DE RECURSOS DO SUS PROVENIENTES DO GOVERNO ESTADUAL;2.000,00
FUNDO MUNICIPAL DE SAÚDE DE BARBACENA;18.002;FUNDO MUNICIPAL DE SAUDE;2.642;MANUTENÇÃO DA REDE DE ATENÇÃO PSICOSSOCIAL - RAPS;3;MEDIA E ALTA COMPLEXIDADE ASSISTENCIAL;10;Saúde;302;Assistência Hospitalar e Ambulatorial;306;3.3.67.83.00.00.00.00;DESPESAS DECORRENTES DE CONTRATO DE PARCERIA PÚB.;1.600.000.0000;TRANSFERÊNCIAS FUNDO A FUNDO DE RECURSOS DO SUS PROVENIENTES DO GOVERNO FEDERAL - BLOCO DE MANUTENÇÃO DAS AÇÕES E SERVIÇOS PÚBLICOS DE SAÚDE;5.679,24
FUNDO MUNICIPAL DE SAÚDE DE BARBACENA;18.002;FUNDO MUNICIPAL DE SAUDE;2.654;MANUTENÇÃO DA REDE DE ATENÇÃO ESPECIALIZADA;3;MEDIA E ALTA COMPLEXIDADE ASSISTENCIAL;10;Saúde;302;Assistência Hospitalar e Ambulatorial;208;3.3.50.41.00.00.00.00;CONTRIBUIÇÕES;1.500.000.1002;RECURSOS NÃO VINCULADOS DE IMPOSTOS (SAÚDE);400.625,40
FUNDO MUNICIPAL DE SAÚDE DE BARBACENA;18.002;FUNDO MUNICIPAL DE SAUDE;2.654;MANUTENÇÃO DA REDE DE ATENÇÃO ESPECIALIZADA;3;MEDIA E ALTA COMPLEXIDADE ASSISTENCIAL;10;Saúde;302;Assistência Hospitalar e Ambulatorial;208;3.3.50.41.00.00.00.00;CONTRIBUIÇÕES;1.600.000.0000;TRANSFERÊNCIAS FUNDO A FUNDO DE RECURSOS DO SUS PROVENIENTES DO GOVERNO FEDERAL - BLOCO DE MANUTENÇÃO DAS AÇÕES E SERVIÇOS PÚBLICOS DE SAÚDE;459.410,98
FUNDO MUNICIPAL DE SAÚDE DE BARBACENA;18.002;FUNDO MUNICIPAL DE SAUDE;2.654;MANUTENÇÃO DA REDE DE ATENÇÃO ESPECIALIZADA;3;MEDIA E ALTA COMPLEXIDADE ASSISTENCIAL;10;Saúde;302;Assistência Hospitalar e Ambulatorial;208;3.3.50.41.00.00.00.00;CONTRIBUIÇÕES;1.605.000.0000;ASSISTÊNCIA FINANCEIRA DA UNIÃO DESTINADA À COMPLEMENTAÇÃO AO PAGAMENTO DOS PISOS SALARIAIS PARA PROFISSIONAIS DA ENFERMAGEM.;16.550.578,51
FUNDO MUNICIPAL DE SAÚDE DE BARBACENA;18.002;FUNDO MUNICIPAL DE SAUDE;2.654;MANUTENÇÃO DA REDE DE ATENÇÃO ESPECIALIZADA;3;MEDIA E ALTA COMPLEXIDADE ASSISTENCIAL;10;Saúde;302;Assistência Hospitalar e Ambulatorial;209;3.3.90.39.00.00.00.00;OUTROS SERVIÇOS DE TERCEIROS - PESSOA JURÍDICA;1.500.000.1002;RECURSOS NÃO VINCULADOS DE IMPOSTOS (SAÚDE);4.049.356,81
FUNDO MUNICIPAL DE SAÚDE DE BARBACENA;18.002;FUNDO MUNICIPAL DE SAUDE;2.654;MANUTENÇÃO DA REDE DE ATENÇÃO ESPECIALIZADA;3;MEDIA E ALTA COMPLEXIDADE ASSISTENCIAL;10;Saúde;302;Assistência Hospitalar e Ambulatorial;209;3.3.90.39.00.00.00.00;OUTROS SERVIÇOS DE TERCEIROS - PESSOA JURÍDICA;1.600.000.0000;TRANSFERÊNCIAS FUNDO A FUNDO DE RECURSOS DO SUS PROVENIENTES DO GOVERNO FEDERAL - BLOCO DE MANUTENÇÃO DAS AÇÕES E SERVIÇOS PÚBLICOS DE SAÚDE;84.932.612,89
FUNDO MUNICIPAL DE SAÚDE DE BARBACENA;18.002;FUNDO MUNICIPAL DE SAUDE;2.654;MANUTENÇÃO DA REDE DE ATENÇÃO ESPECIALIZADA;3;MEDIA E ALTA COMPLEXIDADE ASSISTENCIAL;10;Saúde;302;Assistência Hospitalar e Ambulatorial;209;3.3.90.39.00.00.00.00;OUTROS SERVIÇOS DE TERCEIROS - PESSOA JURÍDICA;1.621.000.0000;TRANSFERÊNCIAS FUNDO A FUNDO DE RECURSOS DO SUS PROVENIENTES DO GOVERNO ESTADUAL;27.571.030,13
FUNDO MUNICIPAL DE SAÚDE DE BARBACENA;18.002;FUNDO MUNICIPAL DE SAUDE;2.654;MANUTENÇÃO DA REDE DE ATENÇÃO ESPECIALIZADA;3;MEDIA E ALTA COMPLEXIDADE ASSISTENCIAL;10;Saúde;302;Assistência Hospitalar e Ambulatorial;209;3.3.90.39.00.00.00.00;OUTROS SERVIÇOS DE TERCEIROS - PESSOA JURÍDICA;2.621.000.0000;TRANSFERÊNCIAS FUNDO A FUNDO DE RECURSOS DO SUS PROVENIENTES DO GOVERNO ESTADUAL;24.000,00
FUNDO MUNICIPAL DE SAÚDE DE BARBACENA;18.002;FUNDO MUNICIPAL DE SAUDE;2.654;MANUTENÇÃO DA REDE DE ATENÇÃO ESPECIALIZADA;3;MEDIA E ALTA COMPLEXIDADE ASSISTENCIAL;10;Saúde;302;Assistência Hospitalar e Ambulatorial;210;3.3.90.92.00.00.00.00;DESPESAS DE EXERCÍCIOS ANTERIORES;1.500.000.1002;RECURSOS NÃO VINCULADOS DE IMPOSTOS (SAÚDE);355.958,19
FUNDO MUNICIPAL DE SAÚDE DE BARBACENA;18.002;FUNDO MUNICIPAL DE SAUDE;2.654;MANUTENÇÃO DA REDE DE ATENÇÃO ESPECIALIZADA;3;MEDIA E ALTA COMPLEXIDADE ASSISTENCIAL;10;Saúde;302;Assistência Hospitalar e Ambulatorial;210;3.3.90.92.00.00.00.00;DESPESAS DE EXERCÍCIOS ANTERIORES;1.600.000.0000;TRANSFERÊNCIAS FUNDO A FUNDO DE RECURSOS DO SUS PROVENIENTES DO GOVERNO FEDERAL - BLOCO DE MANUTENÇÃO DAS AÇÕES E SERVIÇOS PÚBLICOS DE SAÚDE;3.256.621,83
FUNDO MUNICIPAL DE SAÚDE DE BARBACENA;18.002;FUNDO MUNICIPAL DE SAUDE;2.654;MANUTENÇÃO DA REDE DE ATENÇÃO ESPECIALIZADA;3;MEDIA E ALTA COMPLEXIDADE ASSISTENCIAL;10;Saúde;302;Assistência Hospitalar e Ambulatorial;210;3.3.90.92.00.00.00.00;DESPESAS DE EXERCÍCIOS ANTERIORES;1.605.000.0000;ASSISTÊNCIA FINANCEIRA DA UNIÃO DESTINADA À COMPLEMENTAÇÃO AO PAGAMENTO DOS PISOS SALARIAIS PARA PROFISSIONAIS DA ENFERMAGEM.;1.000,00
FUNDO MUNICIPAL DE SAÚDE DE BARBACENA;18.002;FUNDO MUNICIPAL DE SAUDE;2.654;MANUTENÇÃO DA REDE DE ATENÇÃO ESPECIALIZADA;3;MEDIA E ALTA COMPLEXIDADE ASSISTENCIAL;10;Saúde;302;Assistência Hospitalar e Ambulatorial;210;3.3.90.92.00.00.00.00;DESPESAS DE EXERCÍCIOS ANTERIORES;2.600.000.0000;TRANSFERÊNCIAS FUNDO A FUNDO DE RECURSOS DO SUS PROVENIENTES DO GOVERNO FEDERAL - BLOCO DE MANUTENÇÃO DAS AÇÕES E SERVIÇOS PÚBLICOS DE SAÚDE;2.503.945,52
FUNDO MUNICIPAL DE SAÚDE DE BARBACENA;18.002;FUNDO MUNICIPAL DE SAUDE;2.654;MANUTENÇÃO DA REDE DE ATENÇÃO ESPECIALIZADA;3;MEDIA E ALTA COMPLEXIDADE ASSISTENCIAL;10;Saúde;302;Assistência Hospitalar e Ambulatorial;210;3.3.90.92.00.00.00.00;DESPESAS DE EXERCÍCIOS ANTERIORES;2.600.000.3120;TRANSFERÊNCIAS FUNDO A FUNDO DE RECURSOS DO SUS PROVENIENTES DO GOVERNO FEDERAL - BLOCO DE MANUTENÇÃO DAS AÇÕES E SERVIÇOS PÚBLICOS DE SAÚDE;1.300.000,00
FUNDO MUNICIPAL DE SAÚDE DE BARBACENA;18.002;FUNDO MUNICIPAL DE SAUDE;2.654;MANUTENÇÃO DA REDE DE ATENÇÃO ESPECIALIZADA;3;MEDIA E ALTA COMPLEXIDADE ASSISTENCIAL;10;Saúde;302;Assistência Hospitalar e Ambulatorial;210;3.3.90.92.00.00.00.00;DESPESAS DE EXERCÍCIOS ANTERIORES;2.605.000.0000;ASSISTÊNCIA FINANCEIRA DA UNIÃO DESTINADA À COMPLEMENTAÇÃO AO PAGAMENTO DOS PISOS SALARIAIS PARA PROFISSIONAIS DA ENFERMAGEM.;1.177.628,45
FUNDO MUNICIPAL DE SAÚDE DE BARBACENA;18.002;FUNDO MUNICIPAL DE SAUDE;2.654;MANUTENÇÃO DA REDE DE ATENÇÃO ESPECIALIZADA;3;MEDIA E ALTA COMPLEXIDADE ASSISTENCIAL;10;Saúde;302;Assistência Hospitalar e Ambulatorial;210;3.3.90.92.00.00.00.00;DESPESAS DE EXERCÍCIOS ANTERIORES;2.621.000.0000;TRANSFERÊNCIAS FUNDO A FUNDO DE RECURSOS DO SUS PROVENIENTES DO GOVERNO ESTADUAL;469.657,48
FUNDO MUNICIPAL DE SAÚDE DE BARBACENA;18.002;FUNDO MUNICIPAL DE SAUDE;2.654;MANUTENÇÃO DA REDE DE ATENÇÃO ESPECIALIZADA;3;MEDIA E ALTA COMPLEXIDADE ASSISTENCIAL;10;Saúde;302;Assistência Hospitalar e Ambulatorial;211;3.3.90.93.00.00.00.00;INDENIZAÇÕES E RESTITUIÇÕES;1.500.000.1002;RECURSOS NÃO VINCULADOS DE IMPOSTOS (SAÚDE);1.000,00
FUNDO MUNICIPAL DE SAÚDE DE BARBACENA;18.002;FUNDO MUNICIPAL DE SAUDE;2.654;MANUTENÇÃO DA REDE DE ATENÇÃO ESPECIALIZADA;3;MEDIA E ALTA COMPLEXIDADE ASSISTENCIAL;10;Saúde;302;Assistência Hospitalar e Ambulatorial;212;4.4.50.41.00.00.00.00;CONTRIBUIÇÕES;1.500.000.1002;RECURSOS NÃO VINCULADOS DE IMPOSTOS (SAÚDE);1.000,00
FUNDO MUNICIPAL DE SAÚDE DE BARBACENA;18.002;FUNDO MUNICIPAL DE SAUDE;2.654;MANUTENÇÃO DA REDE DE ATENÇÃO ESPECIALIZADA;3;MEDIA E ALTA COMPLEXIDADE ASSISTENCIAL;10;Saúde;302;Assistência Hospitalar e Ambulatorial;213;4.4.90.51.00.00.00.00;OBRAS E INSTALAÇÕES;1.500.000.1002;RECURSOS NÃO VINCULADOS DE IMPOSTOS (SAÚDE);1.000,00
FUNDO MUNICIPAL DE SAÚDE DE BARBACENA;18.002;FUNDO MUNICIPAL DE SAUDE;2.654;MANUTENÇÃO DA REDE DE ATENÇÃO ESPECIALIZADA;3;MEDIA E ALTA COMPLEXIDADE ASSISTENCIAL;10;Saúde;302;Assistência Hospitalar e Ambulatorial;214;4.4.90.52.00.00.00.00;EQUIPAMENTOS E MATERIAL PERMANENTE;1.500.000.1002;RECURSOS NÃO VINCULADOS DE IMPOSTOS (SAÚDE);1.000,00
FUNDO MUNICIPAL DE SAÚDE DE BARBACENA;18.002;FUNDO MUNICIPAL DE SAUDE;2.654;MANUTENÇÃO DA REDE DE ATENÇÃO ESPECIALIZADA;3;MEDIA E ALTA COMPLEXIDADE ASSISTENCIAL;10;Saúde;302;Assistência Hospitalar e Ambulatorial;301;3.3.90.14.00.00.00.00;DIÁRIAS - PESSOAL CIVIL;1.500.000.1002;RECURSOS NÃO VINCULADOS DE IMPOSTOS (SAÚDE);336,84
FUNDO MUNICIPAL DE SAÚDE DE BARBACENA;18.002;FUNDO MUNICIPAL DE SAUDE;2.685;MANUTENÇÃO DO CEM;3;MEDIA E ALTA COMPLEXIDADE ASSISTENCIAL;10;Saúde;302;Assistência Hospitalar e Ambulatorial;215;3.1.90.04.00.00.00.00;CONTRATAÇÃO POR TEMPO DETERMINADO;1.500.000.1002;RECURSOS NÃO VINCULADOS DE IMPOSTOS (SAÚDE);1.667.958,83
FUNDO MUNICIPAL DE SAÚDE DE BARBACENA;18.002;FUNDO MUNICIPAL DE SAUDE;2.685;MANUTENÇÃO DO CEM;3;MEDIA E ALTA COMPLEXIDADE ASSISTENCIAL;10;Saúde;302;Assistência Hospitalar e Ambulatorial;215;3.1.90.04.00.00.00.00;CONTRATAÇÃO POR TEMPO DETERMINADO;1.600.000.0000;TRANSFERÊNCIAS FUNDO A FUNDO DE RECURSOS DO SUS PROVENIENTES DO GOVERNO FEDERAL - BLOCO DE MANUTENÇÃO DAS AÇÕES E SERVIÇOS PÚBLICOS DE SAÚDE;687.422,67
FUNDO MUNICIPAL DE SAÚDE DE BARBACENA;18.002;FUNDO MUNICIPAL DE SAUDE;2.685;MANUTENÇÃO DO CEM;3;MEDIA E ALTA COMPLEXIDADE ASSISTENCIAL;10;Saúde;302;Assistência Hospitalar e Ambulatorial;216;3.1.90.11.00.00.00.00;VENCIMENTOS E VANTAGENS FIXAS - PESSOAL CIVIL;1.500.000.1002;RECURSOS NÃO VINCULADOS DE IMPOSTOS (SAÚDE);451.395,31
FUNDO MUNICIPAL DE SAÚDE DE BARBACENA;18.002;FUNDO MUNICIPAL DE SAUDE;2.685;MANUTENÇÃO DO CEM;3;MEDIA E ALTA COMPLEXIDADE ASSISTENCIAL;10;Saúde;302;Assistência Hospitalar e Ambulatorial;216;3.1.90.11.00.00.00.00;VENCIMENTOS E VANTAGENS FIXAS - PESSOAL CIVIL;1.600.000.0000;TRANSFERÊNCIAS FUNDO A FUNDO DE RECURSOS DO SUS PROVENIENTES DO GOVERNO FEDERAL - BLOCO DE MANUTENÇÃO DAS AÇÕES E SERVIÇOS PÚBLICOS DE SAÚDE;732.809,80
FUNDO MUNICIPAL DE SAÚDE DE BARBACENA;18.002;FUNDO MUNICIPAL DE SAUDE;2.685;MANUTENÇÃO DO CEM;3;MEDIA E ALTA COMPLEXIDADE ASSISTENCIAL;10;Saúde;302;Assistência Hospitalar e Ambulatorial;216;3.1.90.11.00.00.00.00;VENCIMENTOS E VANTAGENS FIXAS - PESSOAL CIVIL;2.621.000.0000;TRANSFERÊNCIAS FUNDO A FUNDO DE RECURSOS DO SUS PROVENIENTES DO GOVERNO ESTADUAL;18.378,26
FUNDO MUNICIPAL DE SAÚDE DE BARBACENA;18.002;FUNDO MUNICIPAL DE SAUDE;2.685;MANUTENÇÃO DO CEM;3;MEDIA E ALTA COMPLEXIDADE ASSISTENCIAL;10;Saúde;302;Assistência Hospitalar e Ambulatorial;217;3.1.90.92.00.00.00.00;DESPESAS DE EXERCÍCIOS ANTERIORES;1.500.000.1002;RECURSOS NÃO VINCULADOS DE IMPOSTOS (SAÚDE);0,00
FUNDO MUNICIPAL DE SAÚDE DE BARBACENA;18.002;FUNDO MUNICIPAL DE SAUDE;2.685;MANUTENÇÃO DO CEM;3;MEDIA E ALTA COMPLEXIDADE ASSISTENCIAL;10;Saúde;302;Assistência Hospitalar e Ambulatorial;218;3.1.91.13.00.00.00.00;OBRIGAÇÕES PATRONAIS;1.500.000.1002;RECURSOS NÃO VINCULADOS DE IMPOSTOS (SAÚDE);351.713,55
FUNDO MUNICIPAL DE SAÚDE DE BARBACENA;18.002;FUNDO MUNICIPAL DE SAUDE;2.685;MANUTENÇÃO DO CEM;3;MEDIA E ALTA COMPLEXIDADE ASSISTENCIAL;10;Saúde;302;Assistência Hospitalar e Ambulatorial;218;3.1.91.13.00.00.00.00;OBRIGAÇÕES PATRONAIS;1.600.000.0000;TRANSFERÊNCIAS FUNDO A FUNDO DE RECURSOS DO SUS PROVENIENTES DO GOVERNO FEDERAL - BLOCO DE MANUTENÇÃO DAS AÇÕES E SERVIÇOS PÚBLICOS DE SAÚDE;349.303,42
FUNDO MUNICIPAL DE SAÚDE DE BARBACENA;18.002;FUNDO MUNICIPAL DE SAUDE;2.685;MANUTENÇÃO DO CEM;3;MEDIA E ALTA COMPLEXIDADE ASSISTENCIAL;10;Saúde;302;Assistência Hospitalar e Ambulatorial;218;3.1.91.13.00.00.00.00;OBRIGAÇÕES PATRONAIS;2.621.000.0000;TRANSFERÊNCIAS FUNDO A FUNDO DE RECURSOS DO SUS PROVENIENTES DO GOVERNO ESTADUAL;5.145,90
FUNDO MUNICIPAL DE SAÚDE DE BARBACENA;18.002;FUNDO MUNICIPAL DE SAUDE;2.685;MANUTENÇÃO DO CEM;3;MEDIA E ALTA COMPLEXIDADE ASSISTENCIAL;10;Saúde;302;Assistência Hospitalar e Ambulatorial;219;3.3.90.08.00.00.00.00;OUTROS BENEFÍCIOS ASSISTENCIAIS-SERVIDOR/MILITAR;1.500.000.1002;RECURSOS NÃO VINCULADOS DE IMPOSTOS (SAÚDE);1.000,00
FUNDO MUNICIPAL DE SAÚDE DE BARBACENA;18.002;FUNDO MUNICIPAL DE SAUDE;2.685;MANUTENÇÃO DO CEM;3;MEDIA E ALTA COMPLEXIDADE ASSISTENCIAL;10;Saúde;302;Assistência Hospitalar e Ambulatorial;219;3.3.90.08.00.00.00.00;OUTROS BENEFÍCIOS ASSISTENCIAIS-SERVIDOR/MILITAR;1.600.000.0000;TRANSFERÊNCIAS FUNDO A FUNDO DE RECURSOS DO SUS PROVENIENTES DO GOVERNO FEDERAL - BLOCO DE MANUTENÇÃO DAS AÇÕES E SERVIÇOS PÚBLICOS DE SAÚDE;1.000,00
FUNDO MUNICIPAL DE SAÚDE DE BARBACENA;18.002;FUNDO MUNICIPAL DE SAUDE;2.685;MANUTENÇÃO DO CEM;3;MEDIA E ALTA COMPLEXIDADE ASSISTENCIAL;10;Saúde;302;Assistência Hospitalar e Ambulatorial;220;3.3.90.14.00.00.00.00;DIÁRIAS - PESSOAL CIVIL;1.500.000.1002;RECURSOS NÃO VINCULADOS DE IMPOSTOS (SAÚDE);0,00
FUNDO MUNICIPAL DE SAÚDE DE BARBACENA;18.002;FUNDO MUNICIPAL DE SAUDE;2.685;MANUTENÇÃO DO CEM;3;MEDIA E ALTA COMPLEXIDADE ASSISTENCIAL;10;Saúde;302;Assistência Hospitalar e Ambulatorial;221;3.3.90.18.00.00.00.00;AUXÍLIO FINANCEIRO A ESTUDANTES;1.500.000.1002;RECURSOS NÃO VINCULADOS DE IMPOSTOS (SAÚDE);1.000,00
FUNDO MUNICIPAL DE SAÚDE DE BARBACENA;18.002;FUNDO MUNICIPAL DE SAUDE;2.685;MANUTENÇÃO DO CEM;3;MEDIA E ALTA COMPLEXIDADE ASSISTENCIAL;10;Saúde;302;Assistência Hospitalar e Ambulatorial;221;3.3.90.18.00.00.00.00;AUXÍLIO FINANCEIRO A ESTUDANTES;1.600.000.0000;TRANSFERÊNCIAS FUNDO A FUNDO DE RECURSOS DO SUS PROVENIENTES DO GOVERNO FEDERAL - BLOCO DE MANUTENÇÃO DAS AÇÕES E SERVIÇOS PÚBLICOS DE SAÚDE;500,00
FUNDO MUNICIPAL DE SAÚDE DE BARBACENA;18.002;FUNDO MUNICIPAL DE SAUDE;2.685;MANUTENÇÃO DO CEM;3;MEDIA E ALTA COMPLEXIDADE ASSISTENCIAL;10;Saúde;302;Assistência Hospitalar e Ambulatorial;222;3.3.90.30.00.00.00.00;MATERIAL DE CONSUMO;1.500.000.1002;RECURSOS NÃO VINCULADOS DE IMPOSTOS (SAÚDE);113,00
FUNDO MUNICIPAL DE SAÚDE DE BARBACENA;18.002;FUNDO MUNICIPAL DE SAUDE;2.685;MANUTENÇÃO DO CEM;3;MEDIA E ALTA COMPLEXIDADE ASSISTENCIAL;10;Saúde;302;Assistência Hospitalar e Ambulatorial;222;3.3.90.30.00.00.00.00;MATERIAL DE CONSUMO;1.600.000.0000;TRANSFERÊNCIAS FUNDO A FUNDO DE RECURSOS DO SUS PROVENIENTES DO GOVERNO FEDERAL - BLOCO DE MANUTENÇÃO DAS AÇÕES E SERVIÇOS PÚBLICOS DE SAÚDE;22.970,56
FUNDO MUNICIPAL DE SAÚDE DE BARBACENA;18.002;FUNDO MUNICIPAL DE SAUDE;2.685;MANUTENÇÃO DO CEM;3;MEDIA E ALTA COMPLEXIDADE ASSISTENCIAL;10;Saúde;302;Assistência Hospitalar e Ambulatorial;222;3.3.90.30.00.00.00.00;MATERIAL DE CONSUMO;2.621.000.0000;TRANSFERÊNCIAS FUNDO A FUNDO DE RECURSOS DO SUS PROVENIENTES DO GOVERNO ESTADUAL;2.884,00
FUNDO MUNICIPAL DE SAÚDE DE BARBACENA;18.002;FUNDO MUNICIPAL DE SAUDE;2.685;MANUTENÇÃO DO CEM;3;MEDIA E ALTA COMPLEXIDADE ASSISTENCIAL;10;Saúde;302;Assistência Hospitalar e Ambulatorial;223;3.3.90.39.00.00.00.00;OUTROS SERVIÇOS DE TERCEIROS - PESSOA JURÍDICA;1.500.000.1002;RECURSOS NÃO VINCULADOS DE IMPOSTOS (SAÚDE);307.377,46
FUNDO MUNICIPAL DE SAÚDE DE BARBACENA;18.002;FUNDO MUNICIPAL DE SAUDE;2.685;MANUTENÇÃO DO CEM;3;MEDIA E ALTA COMPLEXIDADE ASSISTENCIAL;10;Saúde;302;Assistência Hospitalar e Ambulatorial;223;3.3.90.39.00.00.00.00;OUTROS SERVIÇOS DE TERCEIROS - PESSOA JURÍDICA;1.600.000.0000;TRANSFERÊNCIAS FUNDO A FUNDO DE RECURSOS DO SUS PROVENIENTES DO GOVERNO FEDERAL - BLOCO DE MANUTENÇÃO DAS AÇÕES E SERVIÇOS PÚBLICOS DE SAÚDE;214.620,74
FUNDO MUNICIPAL DE SAÚDE DE BARBACENA;18.002;FUNDO MUNICIPAL DE SAUDE;2.685;MANUTENÇÃO DO CEM;3;MEDIA E ALTA COMPLEXIDADE ASSISTENCIAL;10;Saúde;302;Assistência Hospitalar e Ambulatorial;223;3.3.90.39.00.00.00.00;OUTROS SERVIÇOS DE TERCEIROS - PESSOA JURÍDICA;1.621.000.0000;TRANSFERÊNCIAS FUNDO A FUNDO DE RECURSOS DO SUS PROVENIENTES DO GOVERNO ESTADUAL;1.000,00
FUNDO MUNICIPAL DE SAÚDE DE BARBACENA;18.002;FUNDO MUNICIPAL DE SAUDE;2.685;MANUTENÇÃO DO CEM;3;MEDIA E ALTA COMPLEXIDADE ASSISTENCIAL;10;Saúde;302;Assistência Hospitalar e Ambulatorial;223;3.3.90.39.00.00.00.00;OUTROS SERVIÇOS DE TERCEIROS - PESSOA JURÍDICA;2.621.000.0000;TRANSFERÊNCIAS FUNDO A FUNDO DE RECURSOS DO SUS PROVENIENTES DO GOVERNO ESTADUAL;123.000,00
FUNDO MUNICIPAL DE SAÚDE DE BARBACENA;18.002;FUNDO MUNICIPAL DE SAUDE;2.685;MANUTENÇÃO DO CEM;3;MEDIA E ALTA COMPLEXIDADE ASSISTENCIAL;10;Saúde;302;Assistência Hospitalar e Ambulatorial;223;3.3.90.39.00.00.00.00;OUTROS SERVIÇOS DE TERCEIROS - PESSOA JURÍDICA;2.621.000.3210;TRANSFERÊNCIAS FUNDO A FUNDO DE RECURSOS DO SUS PROVENIENTES DO GOVERNO ESTADUAL;123.000,00
FUNDO MUNICIPAL DE SAÚDE DE BARBACENA;18.002;FUNDO MUNICIPAL DE SAUDE;2.685;MANUTENÇÃO DO CEM;3;MEDIA E ALTA COMPLEXIDADE ASSISTENCIAL;10;Saúde;302;Assistência Hospitalar e Ambulatorial;224;3.3.90.40.00.00.00.00;SERVIÇOS DE TECNOLOGIA DA INFORMAÇÃO E COMUNICAÇ;1.500.000.1002;RECURSOS NÃO VINCULADOS DE IMPOSTOS (SAÚDE);622,36
FUNDO MUNICIPAL DE SAÚDE DE BARBACENA;18.002;FUNDO MUNICIPAL DE SAUDE;2.685;MANUTENÇÃO DO CEM;3;MEDIA E ALTA COMPLEXIDADE ASSISTENCIAL;10;Saúde;302;Assistência Hospitalar e Ambulatorial;225;3.3.90.46.00.00.00.00;AUXÍLIO-ALIMENTAÇÃO;1.500.000.1002;RECURSOS NÃO VINCULADOS DE IMPOSTOS (SAÚDE);141.378,78
FUNDO MUNICIPAL DE SAÚDE DE BARBACENA;18.002;FUNDO MUNICIPAL DE SAUDE;2.685;MANUTENÇÃO DO CEM;3;MEDIA E ALTA COMPLEXIDADE ASSISTENCIAL;10;Saúde;302;Assistência Hospitalar e Ambulatorial;225;3.3.90.46.00.00.00.00;AUXÍLIO-ALIMENTAÇÃO;1.600.000.0000;TRANSFERÊNCIAS FUNDO A FUNDO DE RECURSOS DO SUS PROVENIENTES DO GOVERNO FEDERAL - BLOCO DE MANUTENÇÃO DAS AÇÕES E SERVIÇOS PÚBLICOS DE SAÚDE;316.843,63
FUNDO MUNICIPAL DE SAÚDE DE BARBACENA;18.002;FUNDO MUNICIPAL DE SAUDE;2.685;MANUTENÇÃO DO CEM;3;MEDIA E ALTA COMPLEXIDADE ASSISTENCIAL;10;Saúde;302;Assistência Hospitalar e Ambulatorial;225;3.3.90.46.00.00.00.00;AUXÍLIO-ALIMENTAÇÃO;2.621.000.0000;TRANSFERÊNCIAS FUNDO A FUNDO DE RECURSOS DO SUS PROVENIENTES DO GOVERNO ESTADUAL;30.000,00
FUNDO MUNICIPAL DE SAÚDE DE BARBACENA;18.002;FUNDO MUNICIPAL DE SAUDE;2.685;MANUTENÇÃO DO CEM;3;MEDIA E ALTA COMPLEXIDADE ASSISTENCIAL;10;Saúde;302;Assistência Hospitalar e Ambulatorial;226;3.3.90.92.00.00.00.00;DESPESAS DE EXERCÍCIOS ANTERIORES;1.600.000.0000;TRANSFERÊNCIAS FUNDO A FUNDO DE RECURSOS DO SUS PROVENIENTES DO GOVERNO FEDERAL - BLOCO DE MANUTENÇÃO DAS AÇÕES E SERVIÇOS PÚBLICOS DE SAÚDE;18.812,96
FUNDO MUNICIPAL DE SAÚDE DE BARBACENA;18.002;FUNDO MUNICIPAL DE SAUDE;2.685;MANUTENÇÃO DO CEM;3;MEDIA E ALTA COMPLEXIDADE ASSISTENCIAL;10;Saúde;302;Assistência Hospitalar e Ambulatorial;227;4.4.90.52.00.00.00.00;EQUIPAMENTOS E MATERIAL PERMANENTE;1.500.000.1002;RECURSOS NÃO VINCULADOS DE IMPOSTOS (SAÚDE);1.500,00
FUNDO MUNICIPAL DE SAÚDE DE BARBACENA;18.002;FUNDO MUNICIPAL DE SAUDE;2.685;MANUTENÇÃO DO CEM;3;MEDIA E ALTA COMPLEXIDADE ASSISTENCIAL;10;Saúde;302;Assistência Hospitalar e Ambulatorial;227;4.4.90.52.00.00.00.00;EQUIPAMENTOS E MATERIAL PERMANENTE;1.600.000.0000;TRANSFERÊNCIAS FUNDO A FUNDO DE RECURSOS DO SUS PROVENIENTES DO GOVERNO FEDERAL - BLOCO DE MANUTENÇÃO DAS AÇÕES E SERVIÇOS PÚBLICOS DE SAÚDE;5.000,00
FUNDO MUNICIPAL DE SAÚDE DE BARBACENA;18.002;FUNDO MUNICIPAL DE SAUDE;2.685;MANUTENÇÃO DO CEM;3;MEDIA E ALTA COMPLEXIDADE ASSISTENCIAL;10;Saúde;302;Assistência Hospitalar e Ambulatorial;307;3.3.67.83.00.00.00.00;DESPESAS DECORRENTES DE CONTRATO DE PARCERIA PÚB.;1.500.000.1002;RECURSOS NÃO VINCULADOS DE IMPOSTOS (SAÚDE);5.679,24
FUNDO MUNICIPAL DE SAÚDE DE BARBACENA;18.002;FUNDO MUNICIPAL DE SAUDE;2.689;APOIO A ASSOCIAÇÃO DE PAIS E AMIGOS DOS EXCEPCIONAIS - APAE;3;MEDIA E ALTA COMPLEXIDADE ASSISTENCIAL;10;Saúde;302;Assistência Hospitalar e Ambulatorial;228;3.3.50.41.00.00.00.00;CONTRIBUIÇÕES;1.500.000.1002;RECURSOS NÃO VINCULADOS DE IMPOSTOS (SAÚDE);0,00
FUNDO MUNICIPAL DE SAÚDE DE BARBACENA;18.002;FUNDO MUNICIPAL DE SAUDE;2.689;APOIO A ASSOCIAÇÃO DE PAIS E AMIGOS DOS EXCEPCIONAIS - APAE;3;MEDIA E ALTA COMPLEXIDADE ASSISTENCIAL;10;Saúde;302;Assistência Hospitalar e Ambulatorial;228;3.3.50.41.00.00.00.00;CONTRIBUIÇÕES;1.500.501.1002;RECURSOS NÃO VINCULADOS DE IMPOSTOS (SAÚDE) - EMENDAS AMARILIO ANDRADE;26.720,83
FUNDO MUNICIPAL DE SAÚDE DE BARBACENA;18.002;FUNDO MUNICIPAL DE SAUDE;2.689;APOIO A ASSOCIAÇÃO DE PAIS E AMIGOS DOS EXCEPCIONAIS - APAE;3;MEDIA E ALTA COMPLEXIDADE ASSISTENCIAL;10;Saúde;302;Assistência Hospitalar e Ambulatorial;228;3.3.50.41.00.00.00.00;CONTRIBUIÇÕES;1.500.516.1002;RECURSOS NÃO VINCULADOS DE IMPOSTOS (SAÚDE) - EMENDAS ROBERTO DA FARMACIA;40.000,00
FUNDO MUNICIPAL DE SAÚDE DE BARBACENA;18.002;FUNDO MUNICIPAL DE SAUDE;2.689;APOIO A ASSOCIAÇÃO DE PAIS E AMIGOS DOS EXCEPCIONAIS - APAE;3;MEDIA E ALTA COMPLEXIDADE ASSISTENCIAL;10;Saúde;302;Assistência Hospitalar e Ambulatorial;228;3.3.50.41.00.00.00.00;CONTRIBUIÇÕES;1.500.517.1002;RECURSOS NÃO VINCULADOS DE IMPOSTOS (SAÚDE) - EMENDAS SANDRO HELENO;17.500,00
FUNDO MUNICIPAL DE SAÚDE DE BARBACENA;18.002;FUNDO MUNICIPAL DE SAUDE;2.689;APOIO A ASSOCIAÇÃO DE PAIS E AMIGOS DOS EXCEPCIONAIS - APAE;3;MEDIA E ALTA COMPLEXIDADE ASSISTENCIAL;10;Saúde;302;Assistência Hospitalar e Ambulatorial;229;4.4.50.41.00.00.00.00;CONTRIBUIÇÕES;1.500.000.1002;RECURSOS NÃO VINCULADOS DE IMPOSTOS (SAÚDE);0,00
FUNDO MUNICIPAL DE SAÚDE DE BARBACENA;18.002;FUNDO MUNICIPAL DE SAUDE;2.689;APOIO A ASSOCIAÇÃO DE PAIS E AMIGOS DOS EXCEPCIONAIS - APAE;3;MEDIA E ALTA COMPLEXIDADE ASSISTENCIAL;10;Saúde;302;Assistência Hospitalar e Ambulatorial;229;4.4.50.41.00.00.00.00;CONTRIBUIÇÕES;1.500.501.1002;RECURSOS NÃO VINCULADOS DE IMPOSTOS (SAÚDE) - EMENDAS AMARILIO ANDRADE;26.720,82
FUNDO MUNICIPAL DE SAÚDE DE BARBACENA;18.002;FUNDO MUNICIPAL DE SAUDE;2.689;APOIO A ASSOCIAÇÃO DE PAIS E AMIGOS DOS EXCEPCIONAIS - APAE;3;MEDIA E ALTA COMPLEXIDADE ASSISTENCIAL;10;Saúde;302;Assistência Hospitalar e Ambulatorial;229;4.4.50.41.00.00.00.00;CONTRIBUIÇÕES;1.500.516.1002;RECURSOS NÃO VINCULADOS DE IMPOSTOS (SAÚDE) - EMENDAS ROBERTO DA FARMACIA;40.000,00
FUNDO MUNICIPAL DE SAÚDE DE BARBACENA;18.002;FUNDO MUNICIPAL DE SAUDE;2.689;APOIO A ASSOCIAÇÃO DE PAIS E AMIGOS DOS EXCEPCIONAIS - APAE;3;MEDIA E ALTA COMPLEXIDADE ASSISTENCIAL;10;Saúde;302;Assistência Hospitalar e Ambulatorial;229;4.4.50.41.00.00.00.00;CONTRIBUIÇÕES;1.500.517.1002;RECURSOS NÃO VINCULADOS DE IMPOSTOS (SAÚDE) - EMENDAS SANDRO HELENO;17.500,00
FUNDO MUNICIPAL DE SAÚDE DE BARBACENA;18.002;FUNDO MUNICIPAL DE SAUDE;4.441;APOIO A SANTA CASA DE MISERICÓRDIA DE BARBACENA;3;MEDIA E ALTA COMPLEXIDADE ASSISTENCIAL;10;Saúde;302;Assistência Hospitalar e Ambulatorial;230;3.3.50.41.00.00.00.00;CONTRIBUIÇÕES;1.500.000.1002;RECURSOS NÃO VINCULADOS DE IMPOSTOS (SAÚDE);0,00
FUNDO MUNICIPAL DE SAÚDE DE BARBACENA;18.002;FUNDO MUNICIPAL DE SAUDE;4.441;APOIO A SANTA CASA DE MISERICÓRDIA DE BARBACENA;3;MEDIA E ALTA COMPLEXIDADE ASSISTENCIAL;10;Saúde;302;Assistência Hospitalar e Ambulatorial;230;3.3.50.41.00.00.00.00;CONTRIBUIÇÕES;1.500.529.1002;RECURSOS NÃO VINCULADOS DE IMPOSTOS (SAÚDE) - EMENDAS BANCADA REPUBLICANOS;316.223,49
FUNDO MUNICIPAL DE SAÚDE DE BARBACENA;18.002;FUNDO MUNICIPAL DE SAUDE;4.444;APOIO AO NÚCLEO REGIONAL DE BARBACENA DE PREVENÇÃO E COMBATE AO CÂNCER;3;MEDIA E ALTA COMPLEXIDADE ASSISTENCIAL;10;Saúde;302;Assistência Hospitalar e Ambulatorial;231;3.3.50.41.00.00.00.00;CONTRIBUIÇÕES;1.500.000.1002;RECURSOS NÃO VINCULADOS DE IMPOSTOS (SAÚDE);0,00
FUNDO MUNICIPAL DE SAÚDE DE BARBACENA;18.002;FUNDO MUNICIPAL DE SAUDE;4.444;APOIO AO NÚCLEO REGIONAL DE BARBACENA DE PREVENÇÃO E COMBATE AO CÂNCER;3;MEDIA E ALTA COMPLEXIDADE ASSISTENCIAL;10;Saúde;302;Assistência Hospitalar e Ambulatorial;231;3.3.50.41.00.00.00.00;CONTRIBUIÇÕES;1.500.527.1002;RECURSOS NÃO VINCULADOS DE IMPOSTOS (SAÚDE) - EMENDAS BANCADA PSD;79.055,88
FUNDO MUNICIPAL DE SAÚDE DE BARBACENA;18.002;FUNDO MUNICIPAL DE SAUDE;4.444;APOIO AO NÚCLEO REGIONAL DE BARBACENA DE PREVENÇÃO E COMBATE AO CÂNCER;3;MEDIA E ALTA COMPLEXIDADE ASSISTENCIAL;10;Saúde;302;Assistência Hospitalar e Ambulatorial;232;4.4.50.41.00.00.00.00;CONTRIBUIÇÕES;1.500.000.1002;RECURSOS NÃO VINCULADOS DE IMPOSTOS (SAÚDE);0,00
FUNDO MUNICIPAL DE SAÚDE DE BARBACENA;18.002;FUNDO MUNICIPAL DE SAUDE;4.444;APOIO AO NÚCLEO REGIONAL DE BARBACENA DE PREVENÇÃO E COMBATE AO CÂNCER;3;MEDIA E ALTA COMPLEXIDADE ASSISTENCIAL;10;Saúde;302;Assistência Hospitalar e Ambulatorial;232;4.4.50.41.00.00.00.00;CONTRIBUIÇÕES;1.500.527.1002;RECURSOS NÃO VINCULADOS DE IMPOSTOS (SAÚDE) - EMENDAS BANCADA PSD;79.055,87
FUNDO MUNICIPAL DE SAÚDE DE BARBACENA;18.002;FUNDO MUNICIPAL DE SAUDE;4.503;APOIO A ASSOCIACAO COMUNITARIA PROJETO DE VIDA;3;MEDIA E ALTA COMPLEXIDADE ASSISTENCIAL;10;Saúde;302;Assistência Hospitalar e Ambulatorial;233;3.3.50.41.00.00.00.00;CONTRIBUIÇÕES;1.500.000.1002;RECURSOS NÃO VINCULADOS DE IMPOSTOS (SAÚDE);0,00
FUNDO MUNICIPAL DE SAÚDE DE BARBACENA;18.002;FUNDO MUNICIPAL DE SAUDE;4.503;APOIO A ASSOCIACAO COMUNITARIA PROJETO DE VIDA;3;MEDIA E ALTA COMPLEXIDADE ASSISTENCIAL;10;Saúde;302;Assistência Hospitalar e Ambulatorial;233;3.3.50.41.00.00.00.00;CONTRIBUIÇÕES;1.500.525.1002;RECURSOS NÃO VINCULADOS DE IMPOSTOS (SAÚDE) - EMENDAS BANCADA PODEMOS;158.111,75
FUNDO MUNICIPAL DE SAÚDE DE BARBACENA;18.002;FUNDO MUNICIPAL DE SAUDE;4.503;APOIO A ASSOCIACAO COMUNITARIA PROJETO DE VIDA;3;MEDIA E ALTA COMPLEXIDADE ASSISTENCIAL;10;Saúde;302;Assistência Hospitalar e Ambulatorial;234;4.4.50.41.00.00.00.00;CONTRIBUIÇÕES;1.500.000.1002;RECURSOS NÃO VINCULADOS DE IMPOSTOS (SAÚDE);0,00
FUNDO MUNICIPAL DE SAÚDE DE BARBACENA;18.002;FUNDO MUNICIPAL DE SAUDE;4.503;APOIO A ASSOCIACAO COMUNITARIA PROJETO DE VIDA;3;MEDIA E ALTA COMPLEXIDADE ASSISTENCIAL;10;Saúde;302;Assistência Hospitalar e Ambulatorial;234;4.4.50.41.00.00.00.00;CONTRIBUIÇÕES;1.500.525.1002;RECURSOS NÃO VINCULADOS DE IMPOSTOS (SAÚDE) - EMENDAS BANCADA PODEMOS;158.111,75
FUNDO MUNICIPAL DE SAÚDE DE BARBACENA;18.002;FUNDO MUNICIPAL DE SAUDE;2.069;DISTRIBUIÇÃO DE MEDICAMENTOS CONFORME DETERMINAÇÃO JUDICIAL;3;MEDIA E ALTA COMPLEXIDADE ASSISTENCIAL;10;Saúde;303;Suporte Profilático e Terapêutico;246;3.3.90.30.00.00.00.00;MATERIAL DE CONSUMO;1.500.000.1002;RECURSOS NÃO VINCULADOS DE IMPOSTOS (SAÚDE);69.676,13
FUNDO MUNICIPAL DE SAÚDE DE BARBACENA;18.002;FUNDO MUNICIPAL DE SAUDE;2.009;MANUTENÇAO DA VIGILANCIA SANITARIA;4;VIGILANCIA EM SAUDE;10;Saúde;304;Vigilância Sanitária;247;3.1.90.04.00.00.00.00;CONTRATAÇÃO POR TEMPO DETERMINADO;1.500.000.1002;RECURSOS NÃO VINCULADOS DE IMPOSTOS (SAÚDE);54.308,30
FUNDO MUNICIPAL DE SAÚDE DE BARBACENA;18.002;FUNDO MUNICIPAL DE SAUDE;2.009;MANUTENÇAO DA VIGILANCIA SANITARIA;4;VIGILANCIA EM SAUDE;10;Saúde;304;Vigilância Sanitária;247;3.1.90.04.00.00.00.00;CONTRATAÇÃO POR TEMPO DETERMINADO;1.600.000.0000;TRANSFERÊNCIAS FUNDO A FUNDO DE RECURSOS DO SUS PROVENIENTES DO GOVERNO FEDERAL - BLOCO DE MANUTENÇÃO DAS AÇÕES E SERVIÇOS PÚBLICOS DE SAÚDE;72.914,83
FUNDO MUNICIPAL DE SAÚDE DE BARBACENA;18.002;FUNDO MUNICIPAL DE SAUDE;2.009;MANUTENÇAO DA VIGILANCIA SANITARIA;4;VIGILANCIA EM SAUDE;10;Saúde;304;Vigilância Sanitária;247;3.1.90.04.00.00.00.00;CONTRATAÇÃO POR TEMPO DETERMINADO;2.621.000.0000;TRANSFERÊNCIAS FUNDO A FUNDO DE RECURSOS DO SUS PROVENIENTES DO GOVERNO ESTADUAL;54.505,20
FUNDO MUNICIPAL DE SAÚDE DE BARBACENA;18.002;FUNDO MUNICIPAL DE SAUDE;2.009;MANUTENÇAO DA VIGILANCIA SANITARIA;4;VIGILANCIA EM SAUDE;10;Saúde;304;Vigilância Sanitária;248;3.1.90.11.00.00.00.00;VENCIMENTOS E VANTAGENS FIXAS - PESSOAL CIVIL;1.500.000.1002;RECURSOS NÃO VINCULADOS DE IMPOSTOS (SAÚDE);112.175,42
FUNDO MUNICIPAL DE SAÚDE DE BARBACENA;18.002;FUNDO MUNICIPAL DE SAUDE;2.009;MANUTENÇAO DA VIGILANCIA SANITARIA;4;VIGILANCIA EM SAUDE;10;Saúde;304;Vigilância Sanitária;248;3.1.90.11.00.00.00.00;VENCIMENTOS E VANTAGENS FIXAS - PESSOAL CIVIL;1.600.000.0000;TRANSFERÊNCIAS FUNDO A FUNDO DE RECURSOS DO SUS PROVENIENTES DO GOVERNO FEDERAL - BLOCO DE MANUTENÇÃO DAS AÇÕES E SERVIÇOS PÚBLICOS DE SAÚDE;1.000,00
FUNDO MUNICIPAL DE SAÚDE DE BARBACENA;18.002;FUNDO MUNICIPAL DE SAUDE;2.009;MANUTENÇAO DA VIGILANCIA SANITARIA;4;VIGILANCIA EM SAUDE;10;Saúde;304;Vigilância Sanitária;248;3.1.90.11.00.00.00.00;VENCIMENTOS E VANTAGENS FIXAS - PESSOAL CIVIL;2.621.000.0000;TRANSFERÊNCIAS FUNDO A FUNDO DE RECURSOS DO SUS PROVENIENTES DO GOVERNO ESTADUAL;58.791,06
FUNDO MUNICIPAL DE SAÚDE DE BARBACENA;18.002;FUNDO MUNICIPAL DE SAUDE;2.009;MANUTENÇAO DA VIGILANCIA SANITARIA;4;VIGILANCIA EM SAUDE;10;Saúde;304;Vigilância Sanitária;249;3.1.91.13.00.00.00.00;OBRIGAÇÕES PATRONAIS;1.500.000.1002;RECURSOS NÃO VINCULADOS DE IMPOSTOS (SAÚDE);28.489,62
FUNDO MUNICIPAL DE SAÚDE DE BARBACENA;18.002;FUNDO MUNICIPAL DE SAUDE;2.009;MANUTENÇAO DA VIGILANCIA SANITARIA;4;VIGILANCIA EM SAUDE;10;Saúde;304;Vigilância Sanitária;249;3.1.91.13.00.00.00.00;OBRIGAÇÕES PATRONAIS;1.600.000.0000;TRANSFERÊNCIAS FUNDO A FUNDO DE RECURSOS DO SUS PROVENIENTES DO GOVERNO FEDERAL - BLOCO DE MANUTENÇÃO DAS AÇÕES E SERVIÇOS PÚBLICOS DE SAÚDE;1.000,00
FUNDO MUNICIPAL DE SAÚDE DE BARBACENA;18.002;FUNDO MUNICIPAL DE SAUDE;2.009;MANUTENÇAO DA VIGILANCIA SANITARIA;4;VIGILANCIA EM SAUDE;10;Saúde;304;Vigilância Sanitária;249;3.1.91.13.00.00.00.00;OBRIGAÇÕES PATRONAIS;2.621.000.0000;TRANSFERÊNCIAS FUNDO A FUNDO DE RECURSOS DO SUS PROVENIENTES DO GOVERNO ESTADUAL;16.461,48
FUNDO MUNICIPAL DE SAÚDE DE BARBACENA;18.002;FUNDO MUNICIPAL DE SAUDE;2.009;MANUTENÇAO DA VIGILANCIA SANITARIA;4;VIGILANCIA EM SAUDE;10;Saúde;304;Vigilância Sanitária;250;3.3.90.14.00.00.00.00;DIÁRIAS - PESSOAL CIVIL;1.500.000.1002;RECURSOS NÃO VINCULADOS DE IMPOSTOS (SAÚDE);1.000,00
FUNDO MUNICIPAL DE SAÚDE DE BARBACENA;18.002;FUNDO MUNICIPAL DE SAUDE;2.009;MANUTENÇAO DA VIGILANCIA SANITARIA;4;VIGILANCIA EM SAUDE;10;Saúde;304;Vigilância Sanitária;250;3.3.90.14.00.00.00.00;DIÁRIAS - PESSOAL CIVIL;1.600.000.0000;TRANSFERÊNCIAS FUNDO A FUNDO DE RECURSOS DO SUS PROVENIENTES DO GOVERNO FEDERAL - BLOCO DE MANUTENÇÃO DAS AÇÕES E SERVIÇOS PÚBLICOS DE SAÚDE;1.000,00
FUNDO MUNICIPAL DE SAÚDE DE BARBACENA;18.002;FUNDO MUNICIPAL DE SAUDE;2.009;MANUTENÇAO DA VIGILANCIA SANITARIA;4;VIGILANCIA EM SAUDE;10;Saúde;304;Vigilância Sanitária;251;3.3.90.18.00.00.00.00;AUXÍLIO FINANCEIRO A ESTUDANTES;1.500.000.1002;RECURSOS NÃO VINCULADOS DE IMPOSTOS (SAÚDE);100,00
FUNDO MUNICIPAL DE SAÚDE DE BARBACENA;18.002;FUNDO MUNICIPAL DE SAUDE;2.009;MANUTENÇAO DA VIGILANCIA SANITARIA;4;VIGILANCIA EM SAUDE;10;Saúde;304;Vigilância Sanitária;252;3.3.90.30.00.00.00.00;MATERIAL DE CONSUMO;1.600.000.0000;TRANSFERÊNCIAS FUNDO A FUNDO DE RECURSOS DO SUS PROVENIENTES DO GOVERNO FEDERAL - BLOCO DE MANUTENÇÃO DAS AÇÕES E SERVIÇOS PÚBLICOS DE SAÚDE;45.517,94
FUNDO MUNICIPAL DE SAÚDE DE BARBACENA;18.002;FUNDO MUNICIPAL DE SAUDE;2.009;MANUTENÇAO DA VIGILANCIA SANITARIA;4;VIGILANCIA EM SAUDE;10;Saúde;304;Vigilância Sanitária;252;3.3.90.30.00.00.00.00;MATERIAL DE CONSUMO;2.621.000.0000;TRANSFERÊNCIAS FUNDO A FUNDO DE RECURSOS DO SUS PROVENIENTES DO GOVERNO ESTADUAL;24.640,20
FUNDO MUNICIPAL DE SAÚDE DE BARBACENA;18.002;FUNDO MUNICIPAL DE SAUDE;2.009;MANUTENÇAO DA VIGILANCIA SANITARIA;4;VIGILANCIA EM SAUDE;10;Saúde;304;Vigilância Sanitária;253;3.3.90.39.00.00.00.00;OUTROS SERVIÇOS DE TERCEIROS - PESSOA JURÍDICA;1.600.000.0000;TRANSFERÊNCIAS FUNDO A FUNDO DE RECURSOS DO SUS PROVENIENTES DO GOVERNO FEDERAL - BLOCO DE MANUTENÇÃO DAS AÇÕES E SERVIÇOS PÚBLICOS DE SAÚDE;54.998,13
FUNDO MUNICIPAL DE SAÚDE DE BARBACENA;18.002;FUNDO MUNICIPAL DE SAUDE;2.009;MANUTENÇAO DA VIGILANCIA SANITARIA;4;VIGILANCIA EM SAUDE;10;Saúde;304;Vigilância Sanitária;253;3.3.90.39.00.00.00.00;OUTROS SERVIÇOS DE TERCEIROS - PESSOA JURÍDICA;1.621.000.0000;TRANSFERÊNCIAS FUNDO A FUNDO DE RECURSOS DO SUS PROVENIENTES DO GOVERNO ESTADUAL;50.000,00
FUNDO MUNICIPAL DE SAÚDE DE BARBACENA;18.002;FUNDO MUNICIPAL DE SAUDE;2.009;MANUTENÇAO DA VIGILANCIA SANITARIA;4;VIGILANCIA EM SAUDE;10;Saúde;304;Vigilância Sanitária;253;3.3.90.39.00.00.00.00;OUTROS SERVIÇOS DE TERCEIROS - PESSOA JURÍDICA;2.621.000.0000;TRANSFERÊNCIAS FUNDO A FUNDO DE RECURSOS DO SUS PROVENIENTES DO GOVERNO ESTADUAL;62.057,77
FUNDO MUNICIPAL DE SAÚDE DE BARBACENA;18.002;FUNDO MUNICIPAL DE SAUDE;2.009;MANUTENÇAO DA VIGILANCIA SANITARIA;4;VIGILANCIA EM SAUDE;10;Saúde;304;Vigilância Sanitária;254;3.3.90.40.00.00.00.00;SERVIÇOS DE TECNOLOGIA DA INFORMAÇÃO E COMUNICAÇ;1.500.000.1002;RECURSOS NÃO VINCULADOS DE IMPOSTOS (SAÚDE);500,00
FUNDO MUNICIPAL DE SAÚDE DE BARBACENA;18.002;FUNDO MUNICIPAL DE SAUDE;2.009;MANUTENÇAO DA VIGILANCIA SANITARIA;4;VIGILANCIA EM SAUDE;10;Saúde;304;Vigilância Sanitária;255;3.3.90.46.00.00.00.00;AUXÍLIO-ALIMENTAÇÃO;1.500.000.1002;RECURSOS NÃO VINCULADOS DE IMPOSTOS (SAÚDE);27.600,00
FUNDO MUNICIPAL DE SAÚDE DE BARBACENA;18.002;FUNDO MUNICIPAL DE SAUDE;2.009;MANUTENÇAO DA VIGILANCIA SANITARIA;4;VIGILANCIA EM SAUDE;10;Saúde;304;Vigilância Sanitária;255;3.3.90.46.00.00.00.00;AUXÍLIO-ALIMENTAÇÃO;1.600.000.0000;TRANSFERÊNCIAS FUNDO A FUNDO DE RECURSOS DO SUS PROVENIENTES DO GOVERNO FEDERAL - BLOCO DE MANUTENÇÃO DAS AÇÕES E SERVIÇOS PÚBLICOS DE SAÚDE;12.404,10
FUNDO MUNICIPAL DE SAÚDE DE BARBACENA;18.002;FUNDO MUNICIPAL DE SAUDE;2.009;MANUTENÇAO DA VIGILANCIA SANITARIA;4;VIGILANCIA EM SAUDE;10;Saúde;304;Vigilância Sanitária;255;3.3.90.46.00.00.00.00;AUXÍLIO-ALIMENTAÇÃO;2.621.000.0000;TRANSFERÊNCIAS FUNDO A FUNDO DE RECURSOS DO SUS PROVENIENTES DO GOVERNO ESTADUAL;16.800,00
FUNDO MUNICIPAL DE SAÚDE DE BARBACENA;18.002;FUNDO MUNICIPAL DE SAUDE;1.052;CONSTRUÇÃO, REFORMA, READEQUAÇÃO DO AMBULATÓRIO VET. MUNICIPAL E CENTRO DE CONTROLE DE ZOONOSES;4;VIGILANCIA EM SAUDE;10;Saúde;305;Vigilância Epidemiológica;256;4.4.90.51.00.00.00.00;OBRAS E INSTALAÇÕES;1.600.000.0000;TRANSFERÊNCIAS FUNDO A FUNDO DE RECURSOS DO SUS PROVENIENTES DO GOVERNO FEDERAL - BLOCO DE MANUTENÇÃO DAS AÇÕES E SERVIÇOS PÚBLICOS DE SAÚDE;1.000,00
FUNDO MUNICIPAL DE SAÚDE DE BARBACENA;18.002;FUNDO MUNICIPAL DE SAUDE;2.010;MANUTENÇAO DA VIGILÂNCIA EPIDEMIOLÓGICA;4;VIGILANCIA EM SAUDE;10;Saúde;305;Vigilância Epidemiológica;257;3.1.90.04.00.00.00.00;CONTRATAÇÃO POR TEMPO DETERMINADO;1.500.000.1002;RECURSOS NÃO VINCULADOS DE IMPOSTOS (SAÚDE);67.247,76
FUNDO MUNICIPAL DE SAÚDE DE BARBACENA;18.002;FUNDO MUNICIPAL DE SAUDE;2.010;MANUTENÇAO DA VIGILÂNCIA EPIDEMIOLÓGICA;4;VIGILANCIA EM SAUDE;10;Saúde;305;Vigilância Epidemiológica;257;3.1.90.04.00.00.00.00;CONTRATAÇÃO POR TEMPO DETERMINADO;1.600.000.0000;TRANSFERÊNCIAS FUNDO A FUNDO DE RECURSOS DO SUS PROVENIENTES DO GOVERNO FEDERAL - BLOCO DE MANUTENÇÃO DAS AÇÕES E SERVIÇOS PÚBLICOS DE SAÚDE;59.626,73
FUNDO MUNICIPAL DE SAÚDE DE BARBACENA;18.002;FUNDO MUNICIPAL DE SAUDE;2.010;MANUTENÇAO DA VIGILÂNCIA EPIDEMIOLÓGICA;4;VIGILANCIA EM SAUDE;10;Saúde;305;Vigilância Epidemiológica;257;3.1.90.04.00.00.00.00;CONTRATAÇÃO POR TEMPO DETERMINADO;1.621.000.0000;TRANSFERÊNCIAS FUNDO A FUNDO DE RECURSOS DO SUS PROVENIENTES DO GOVERNO ESTADUAL;1.000,00
FUNDO MUNICIPAL DE SAÚDE DE BARBACENA;18.002;FUNDO MUNICIPAL DE SAUDE;2.010;MANUTENÇAO DA VIGILÂNCIA EPIDEMIOLÓGICA;4;VIGILANCIA EM SAUDE;10;Saúde;305;Vigilância Epidemiológica;257;3.1.90.04.00.00.00.00;CONTRATAÇÃO POR TEMPO DETERMINADO;2.621.000.0000;TRANSFERÊNCIAS FUNDO A FUNDO DE RECURSOS DO SUS PROVENIENTES DO GOVERNO ESTADUAL;40.474,96
FUNDO MUNICIPAL DE SAÚDE DE BARBACENA;18.002;FUNDO MUNICIPAL DE SAUDE;2.010;MANUTENÇAO DA VIGILÂNCIA EPIDEMIOLÓGICA;4;VIGILANCIA EM SAUDE;10;Saúde;305;Vigilância Epidemiológica;258;3.1.90.11.00.00.00.00;VENCIMENTOS E VANTAGENS FIXAS - PESSOAL CIVIL;1.500.000.1002;RECURSOS NÃO VINCULADOS DE IMPOSTOS (SAÚDE);76.872,05
FUNDO MUNICIPAL DE SAÚDE DE BARBACENA;18.002;FUNDO MUNICIPAL DE SAUDE;2.010;MANUTENÇAO DA VIGILÂNCIA EPIDEMIOLÓGICA;4;VIGILANCIA EM SAUDE;10;Saúde;305;Vigilância Epidemiológica;258;3.1.90.11.00.00.00.00;VENCIMENTOS E VANTAGENS FIXAS - PESSOAL CIVIL;1.600.000.0000;TRANSFERÊNCIAS FUNDO A FUNDO DE RECURSOS DO SUS PROVENIENTES DO GOVERNO FEDERAL - BLOCO DE MANUTENÇÃO DAS AÇÕES E SERVIÇOS PÚBLICOS DE SAÚDE;23.063,88
FUNDO MUNICIPAL DE SAÚDE DE BARBACENA;18.002;FUNDO MUNICIPAL DE SAUDE;2.010;MANUTENÇAO DA VIGILÂNCIA EPIDEMIOLÓGICA;4;VIGILANCIA EM SAUDE;10;Saúde;305;Vigilância Epidemiológica;258;3.1.90.11.00.00.00.00;VENCIMENTOS E VANTAGENS FIXAS - PESSOAL CIVIL;2.621.000.0000;TRANSFERÊNCIAS FUNDO A FUNDO DE RECURSOS DO SUS PROVENIENTES DO GOVERNO ESTADUAL;15.365,82
FUNDO MUNICIPAL DE SAÚDE DE BARBACENA;18.002;FUNDO MUNICIPAL DE SAUDE;2.010;MANUTENÇAO DA VIGILÂNCIA EPIDEMIOLÓGICA;4;VIGILANCIA EM SAUDE;10;Saúde;305;Vigilância Epidemiológica;259;3.1.90.13.00.00.00.00;OBRIGAÇÕES PATRONAIS;1.600.000.0000;TRANSFERÊNCIAS FUNDO A FUNDO DE RECURSOS DO SUS PROVENIENTES DO GOVERNO FEDERAL - BLOCO DE MANUTENÇÃO DAS AÇÕES E SERVIÇOS PÚBLICOS DE SAÚDE;9.188,22
FUNDO MUNICIPAL DE SAÚDE DE BARBACENA;18.002;FUNDO MUNICIPAL DE SAUDE;2.010;MANUTENÇAO DA VIGILÂNCIA EPIDEMIOLÓGICA;4;VIGILANCIA EM SAUDE;10;Saúde;305;Vigilância Epidemiológica;259;3.1.90.13.00.00.00.00;OBRIGAÇÕES PATRONAIS;1.621.000.0000;TRANSFERÊNCIAS FUNDO A FUNDO DE RECURSOS DO SUS PROVENIENTES DO GOVERNO ESTADUAL;1.000,00
FUNDO MUNICIPAL DE SAÚDE DE BARBACENA;18.002;FUNDO MUNICIPAL DE SAUDE;2.010;MANUTENÇAO DA VIGILÂNCIA EPIDEMIOLÓGICA;4;VIGILANCIA EM SAUDE;10;Saúde;305;Vigilância Epidemiológica;260;3.1.91.13.00.00.00.00;OBRIGAÇÕES PATRONAIS;1.500.000.1002;RECURSOS NÃO VINCULADOS DE IMPOSTOS (SAÚDE);41.753,76
FUNDO MUNICIPAL DE SAÚDE DE BARBACENA;18.002;FUNDO MUNICIPAL DE SAUDE;2.010;MANUTENÇAO DA VIGILÂNCIA EPIDEMIOLÓGICA;4;VIGILANCIA EM SAUDE;10;Saúde;305;Vigilância Epidemiológica;260;3.1.91.13.00.00.00.00;OBRIGAÇÕES PATRONAIS;1.600.000.0000;TRANSFERÊNCIAS FUNDO A FUNDO DE RECURSOS DO SUS PROVENIENTES DO GOVERNO FEDERAL - BLOCO DE MANUTENÇÃO DAS AÇÕES E SERVIÇOS PÚBLICOS DE SAÚDE;88.783,73
FUNDO MUNICIPAL DE SAÚDE DE BARBACENA;18.002;FUNDO MUNICIPAL DE SAUDE;2.010;MANUTENÇAO DA VIGILÂNCIA EPIDEMIOLÓGICA;4;VIGILANCIA EM SAUDE;10;Saúde;305;Vigilância Epidemiológica;260;3.1.91.13.00.00.00.00;OBRIGAÇÕES PATRONAIS;2.621.000.0000;TRANSFERÊNCIAS FUNDO A FUNDO DE RECURSOS DO SUS PROVENIENTES DO GOVERNO ESTADUAL;4.302,42
FUNDO MUNICIPAL DE SAÚDE DE BARBACENA;18.002;FUNDO MUNICIPAL DE SAUDE;2.010;MANUTENÇAO DA VIGILÂNCIA EPIDEMIOLÓGICA;4;VIGILANCIA EM SAUDE;10;Saúde;305;Vigilância Epidemiológica;261;3.3.90.08.00.00.00.00;OUTROS BENEFÍCIOS ASSISTENCIAIS-SERVIDOR/MILITAR;1.500.000.1002;RECURSOS NÃO VINCULADOS DE IMPOSTOS (SAÚDE);500,00
FUNDO MUNICIPAL DE SAÚDE DE BARBACENA;18.002;FUNDO MUNICIPAL DE SAUDE;2.010;MANUTENÇAO DA VIGILÂNCIA EPIDEMIOLÓGICA;4;VIGILANCIA EM SAUDE;10;Saúde;305;Vigilância Epidemiológica;261;3.3.90.08.00.00.00.00;OUTROS BENEFÍCIOS ASSISTENCIAIS-SERVIDOR/MILITAR;1.600.000.0000;TRANSFERÊNCIAS FUNDO A FUNDO DE RECURSOS DO SUS PROVENIENTES DO GOVERNO FEDERAL - BLOCO DE MANUTENÇÃO DAS AÇÕES E SERVIÇOS PÚBLICOS DE SAÚDE;500,00
FUNDO MUNICIPAL DE SAÚDE DE BARBACENA;18.002;FUNDO MUNICIPAL DE SAUDE;2.010;MANUTENÇAO DA VIGILÂNCIA EPIDEMIOLÓGICA;4;VIGILANCIA EM SAUDE;10;Saúde;305;Vigilância Epidemiológica;262;3.3.90.14.00.00.00.00;DIÁRIAS - PESSOAL CIVIL;1.500.000.1002;RECURSOS NÃO VINCULADOS DE IMPOSTOS (SAÚDE);1.000,00
FUNDO MUNICIPAL DE SAÚDE DE BARBACENA;18.002;FUNDO MUNICIPAL DE SAUDE;2.010;MANUTENÇAO DA VIGILÂNCIA EPIDEMIOLÓGICA;4;VIGILANCIA EM SAUDE;10;Saúde;305;Vigilância Epidemiológica;262;3.3.90.14.00.00.00.00;DIÁRIAS - PESSOAL CIVIL;1.600.000.0000;TRANSFERÊNCIAS FUNDO A FUNDO DE RECURSOS DO SUS PROVENIENTES DO GOVERNO FEDERAL - BLOCO DE MANUTENÇÃO DAS AÇÕES E SERVIÇOS PÚBLICOS DE SAÚDE;1.000,00
FUNDO MUNICIPAL DE SAÚDE DE BARBACENA;18.002;FUNDO MUNICIPAL DE SAUDE;2.010;MANUTENÇAO DA VIGILÂNCIA EPIDEMIOLÓGICA;4;VIGILANCIA EM SAUDE;10;Saúde;305;Vigilância Epidemiológica;262;3.3.90.14.00.00.00.00;DIÁRIAS - PESSOAL CIVIL;1.621.000.0000;TRANSFERÊNCIAS FUNDO A FUNDO DE RECURSOS DO SUS PROVENIENTES DO GOVERNO ESTADUAL;500,00
FUNDO MUNICIPAL DE SAÚDE DE BARBACENA;18.002;FUNDO MUNICIPAL DE SAUDE;2.010;MANUTENÇAO DA VIGILÂNCIA EPIDEMIOLÓGICA;4;VIGILANCIA EM SAUDE;10;Saúde;305;Vigilância Epidemiológica;262;3.3.90.14.00.00.00.00;DIÁRIAS - PESSOAL CIVIL;2.621.000.0000;TRANSFERÊNCIAS FUNDO A FUNDO DE RECURSOS DO SUS PROVENIENTES DO GOVERNO ESTADUAL;1.178,94
FUNDO MUNICIPAL DE SAÚDE DE BARBACENA;18.002;FUNDO MUNICIPAL DE SAUDE;2.010;MANUTENÇAO DA VIGILÂNCIA EPIDEMIOLÓGICA;4;VIGILANCIA EM SAUDE;10;Saúde;305;Vigilância Epidemiológica;263;3.3.90.18.00.00.00.00;AUXÍLIO FINANCEIRO A ESTUDANTES;1.500.000.1002;RECURSOS NÃO VINCULADOS DE IMPOSTOS (SAÚDE);500,00
FUNDO MUNICIPAL DE SAÚDE DE BARBACENA;18.002;FUNDO MUNICIPAL DE SAUDE;2.010;MANUTENÇAO DA VIGILÂNCIA EPIDEMIOLÓGICA;4;VIGILANCIA EM SAUDE;10;Saúde;305;Vigilância Epidemiológica;263;3.3.90.18.00.00.00.00;AUXÍLIO FINANCEIRO A ESTUDANTES;1.600.000.0000;TRANSFERÊNCIAS FUNDO A FUNDO DE RECURSOS DO SUS PROVENIENTES DO GOVERNO FEDERAL - BLOCO DE MANUTENÇÃO DAS AÇÕES E SERVIÇOS PÚBLICOS DE SAÚDE;500,00
FUNDO MUNICIPAL DE SAÚDE DE BARBACENA;18.002;FUNDO MUNICIPAL DE SAUDE;2.010;MANUTENÇAO DA VIGILÂNCIA EPIDEMIOLÓGICA;4;VIGILANCIA EM SAUDE;10;Saúde;305;Vigilância Epidemiológica;264;3.3.90.30.00.00.00.00;MATERIAL DE CONSUMO;1.500.000.1002;RECURSOS NÃO VINCULADOS DE IMPOSTOS (SAÚDE);17.907,49
FUNDO MUNICIPAL DE SAÚDE DE BARBACENA;18.002;FUNDO MUNICIPAL DE SAUDE;2.010;MANUTENÇAO DA VIGILÂNCIA EPIDEMIOLÓGICA;4;VIGILANCIA EM SAUDE;10;Saúde;305;Vigilância Epidemiológica;264;3.3.90.30.00.00.00.00;MATERIAL DE CONSUMO;1.600.000.0000;TRANSFERÊNCIAS FUNDO A FUNDO DE RECURSOS DO SUS PROVENIENTES DO GOVERNO FEDERAL - BLOCO DE MANUTENÇÃO DAS AÇÕES E SERVIÇOS PÚBLICOS DE SAÚDE;18.376,44
FUNDO MUNICIPAL DE SAÚDE DE BARBACENA;18.002;FUNDO MUNICIPAL DE SAUDE;2.010;MANUTENÇAO DA VIGILÂNCIA EPIDEMIOLÓGICA;4;VIGILANCIA EM SAUDE;10;Saúde;305;Vigilância Epidemiológica;264;3.3.90.30.00.00.00.00;MATERIAL DE CONSUMO;2.621.000.0000;TRANSFERÊNCIAS FUNDO A FUNDO DE RECURSOS DO SUS PROVENIENTES DO GOVERNO ESTADUAL;89.212,90
FUNDO MUNICIPAL DE SAÚDE DE BARBACENA;18.002;FUNDO MUNICIPAL DE SAUDE;2.010;MANUTENÇAO DA VIGILÂNCIA EPIDEMIOLÓGICA;4;VIGILANCIA EM SAUDE;10;Saúde;305;Vigilância Epidemiológica;265;3.3.90.39.00.00.00.00;OUTROS SERVIÇOS DE TERCEIROS - PESSOA JURÍDICA;1.500.000.1002;RECURSOS NÃO VINCULADOS DE IMPOSTOS (SAÚDE);35.000,00
FUNDO MUNICIPAL DE SAÚDE DE BARBACENA;18.002;FUNDO MUNICIPAL DE SAUDE;2.010;MANUTENÇAO DA VIGILÂNCIA EPIDEMIOLÓGICA;4;VIGILANCIA EM SAUDE;10;Saúde;305;Vigilância Epidemiológica;265;3.3.90.39.00.00.00.00;OUTROS SERVIÇOS DE TERCEIROS - PESSOA JURÍDICA;1.600.000.0000;TRANSFERÊNCIAS FUNDO A FUNDO DE RECURSOS DO SUS PROVENIENTES DO GOVERNO FEDERAL - BLOCO DE MANUTENÇÃO DAS AÇÕES E SERVIÇOS PÚBLICOS DE SAÚDE;44.195,36
FUNDO MUNICIPAL DE SAÚDE DE BARBACENA;18.002;FUNDO MUNICIPAL DE SAUDE;2.010;MANUTENÇAO DA VIGILÂNCIA EPIDEMIOLÓGICA;4;VIGILANCIA EM SAUDE;10;Saúde;305;Vigilância Epidemiológica;265;3.3.90.39.00.00.00.00;OUTROS SERVIÇOS DE TERCEIROS - PESSOA JURÍDICA;1.621.000.0000;TRANSFERÊNCIAS FUNDO A FUNDO DE RECURSOS DO SUS PROVENIENTES DO GOVERNO ESTADUAL;1.000,00
FUNDO MUNICIPAL DE SAÚDE DE BARBACENA;18.002;FUNDO MUNICIPAL DE SAUDE;2.010;MANUTENÇAO DA VIGILÂNCIA EPIDEMIOLÓGICA;4;VIGILANCIA EM SAUDE;10;Saúde;305;Vigilância Epidemiológica;265;3.3.90.39.00.00.00.00;OUTROS SERVIÇOS DE TERCEIROS - PESSOA JURÍDICA;2.621.000.0000;TRANSFERÊNCIAS FUNDO A FUNDO DE RECURSOS DO SUS PROVENIENTES DO GOVERNO ESTADUAL;165.403,16
FUNDO MUNICIPAL DE SAÚDE DE BARBACENA;18.002;FUNDO MUNICIPAL DE SAUDE;2.010;MANUTENÇAO DA VIGILÂNCIA EPIDEMIOLÓGICA;4;VIGILANCIA EM SAUDE;10;Saúde;305;Vigilância Epidemiológica;266;3.3.90.40.00.00.00.00;SERVIÇOS DE TECNOLOGIA DA INFORMAÇÃO E COMUNICAÇ;1.500.000.1002;RECURSOS NÃO VINCULADOS DE IMPOSTOS (SAÚDE);500,00
FUNDO MUNICIPAL DE SAÚDE DE BARBACENA;18.002;FUNDO MUNICIPAL DE SAUDE;2.010;MANUTENÇAO DA VIGILÂNCIA EPIDEMIOLÓGICA;4;VIGILANCIA EM SAUDE;10;Saúde;305;Vigilância Epidemiológica;266;3.3.90.40.00.00.00.00;SERVIÇOS DE TECNOLOGIA DA INFORMAÇÃO E COMUNICAÇ;1.600.000.0000;TRANSFERÊNCIAS FUNDO A FUNDO DE RECURSOS DO SUS PROVENIENTES DO GOVERNO FEDERAL - BLOCO DE MANUTENÇÃO DAS AÇÕES E SERVIÇOS PÚBLICOS DE SAÚDE;500,00
FUNDO MUNICIPAL DE SAÚDE DE BARBACENA;18.002;FUNDO MUNICIPAL DE SAUDE;2.010;MANUTENÇAO DA VIGILÂNCIA EPIDEMIOLÓGICA;4;VIGILANCIA EM SAUDE;10;Saúde;305;Vigilância Epidemiológica;267;3.3.90.46.00.00.00.00;AUXÍLIO-ALIMENTAÇÃO;1.500.000.1002;RECURSOS NÃO VINCULADOS DE IMPOSTOS (SAÚDE);40.740,00
FUNDO MUNICIPAL DE SAÚDE DE BARBACENA;18.002;FUNDO MUNICIPAL DE SAUDE;2.010;MANUTENÇAO DA VIGILÂNCIA EPIDEMIOLÓGICA;4;VIGILANCIA EM SAUDE;10;Saúde;305;Vigilância Epidemiológica;267;3.3.90.46.00.00.00.00;AUXÍLIO-ALIMENTAÇÃO;1.600.000.0000;TRANSFERÊNCIAS FUNDO A FUNDO DE RECURSOS DO SUS PROVENIENTES DO GOVERNO FEDERAL - BLOCO DE MANUTENÇÃO DAS AÇÕES E SERVIÇOS PÚBLICOS DE SAÚDE;65.493,63
FUNDO MUNICIPAL DE SAÚDE DE BARBACENA;18.002;FUNDO MUNICIPAL DE SAUDE;2.010;MANUTENÇAO DA VIGILÂNCIA EPIDEMIOLÓGICA;4;VIGILANCIA EM SAUDE;10;Saúde;305;Vigilância Epidemiológica;267;3.3.90.46.00.00.00.00;AUXÍLIO-ALIMENTAÇÃO;2.621.000.0000;TRANSFERÊNCIAS FUNDO A FUNDO DE RECURSOS DO SUS PROVENIENTES DO GOVERNO ESTADUAL;8.400,00
FUNDO MUNICIPAL DE SAÚDE DE BARBACENA;18.002;FUNDO MUNICIPAL DE SAUDE;2.010;MANUTENÇAO DA VIGILÂNCIA EPIDEMIOLÓGICA;4;VIGILANCIA EM SAUDE;10;Saúde;305;Vigilância Epidemiológica;268;3.3.90.92.00.00.00.00;DESPESAS DE EXERCÍCIOS ANTERIORES;1.500.000.1002;RECURSOS NÃO VINCULADOS DE IMPOSTOS (SAÚDE);500,00
FUNDO MUNICIPAL DE SAÚDE DE BARBACENA;18.002;FUNDO MUNICIPAL DE SAUDE;2.010;MANUTENÇAO DA VIGILÂNCIA EPIDEMIOLÓGICA;4;VIGILANCIA EM SAUDE;10;Saúde;305;Vigilância Epidemiológica;268;3.3.90.92.00.00.00.00;DESPESAS DE EXERCÍCIOS ANTERIORES;1.600.000.0000;TRANSFERÊNCIAS FUNDO A FUNDO DE RECURSOS DO SUS PROVENIENTES DO GOVERNO FEDERAL - BLOCO DE MANUTENÇÃO DAS AÇÕES E SERVIÇOS PÚBLICOS DE SAÚDE;500,00
FUNDO MUNICIPAL DE SAÚDE DE BARBACENA;18.002;FUNDO MUNICIPAL DE SAUDE;2.010;MANUTENÇAO DA VIGILÂNCIA EPIDEMIOLÓGICA;4;VIGILANCIA EM SAUDE;10;Saúde;305;Vigilância Epidemiológica;269;4.4.90.52.00.00.00.00;EQUIPAMENTOS E MATERIAL PERMANENTE;1.500.000.1002;RECURSOS NÃO VINCULADOS DE IMPOSTOS (SAÚDE);5.000,00
FUNDO MUNICIPAL DE SAÚDE DE BARBACENA;18.002;FUNDO MUNICIPAL DE SAUDE;2.010;MANUTENÇAO DA VIGILÂNCIA EPIDEMIOLÓGICA;4;VIGILANCIA EM SAUDE;10;Saúde;305;Vigilância Epidemiológica;269;4.4.90.52.00.00.00.00;EQUIPAMENTOS E MATERIAL PERMANENTE;1.600.000.0000;TRANSFERÊNCIAS FUNDO A FUNDO DE RECURSOS DO SUS PROVENIENTES DO GOVERNO FEDERAL - BLOCO DE MANUTENÇÃO DAS AÇÕES E SERVIÇOS PÚBLICOS DE SAÚDE;1.000,00
FUNDO MUNICIPAL DE SAÚDE DE BARBACENA;18.002;FUNDO MUNICIPAL DE SAUDE;2.010;MANUTENÇAO DA VIGILÂNCIA EPIDEMIOLÓGICA;4;VIGILANCIA EM SAUDE;10;Saúde;305;Vigilância Epidemiológica;269;4.4.90.52.00.00.00.00;EQUIPAMENTOS E MATERIAL PERMANENTE;1.621.000.0000;TRANSFERÊNCIAS FUNDO A FUNDO DE RECURSOS DO SUS PROVENIENTES DO GOVERNO ESTADUAL;1.000,00
FUNDO MUNICIPAL DE SAÚDE DE BARBACENA;18.002;FUNDO MUNICIPAL DE SAUDE;2.010;MANUTENÇAO DA VIGILÂNCIA EPIDEMIOLÓGICA;4;VIGILANCIA EM SAUDE;10;Saúde;305;Vigilância Epidemiológica;303;4.4.50.41.00.00.00.00;CONTRIBUIÇÕES;2.621.000.3210;TRANSFERÊNCIAS FUNDO A FUNDO DE RECURSOS DO SUS PROVENIENTES DO GOVERNO ESTADUAL;200.000,00
FUNDO MUNICIPAL DE SAÚDE DE BARBACENA;18.002;FUNDO MUNICIPAL DE SAUDE;2.010;MANUTENÇAO DA VIGILÂNCIA EPIDEMIOLÓGICA;4;VIGILANCIA EM SAUDE;10;Saúde;305;Vigilância Epidemiológica;312;3.1.90.94.00.00.00.00;INDENIZAÇÕES E RESTITUIÇÕES TRABALHISTAS;1.500.000.1002;RECURSOS NÃO VINCULADOS DE IMPOSTOS (SAÚDE);643,50
FUNDO MUNICIPAL DE SAÚDE DE BARBACENA;18.002;FUNDO MUNICIPAL DE SAUDE;2.014;MANUTENÇÃO DO CENTRO DE TESTAGEM E ACONSELHAMENTO - IST/AIDS;4;VIGILANCIA EM SAUDE;10;Saúde;305;Vigilância Epidemiológica;270;3.1.90.04.00.00.00.00;CONTRATAÇÃO POR TEMPO DETERMINADO;1.500.000.1002;RECURSOS NÃO VINCULADOS DE IMPOSTOS (SAÚDE);83.949,37
FUNDO MUNICIPAL DE SAÚDE DE BARBACENA;18.002;FUNDO MUNICIPAL DE SAUDE;2.014;MANUTENÇÃO DO CENTRO DE TESTAGEM E ACONSELHAMENTO - IST/AIDS;4;VIGILANCIA EM SAUDE;10;Saúde;305;Vigilância Epidemiológica;270;3.1.90.04.00.00.00.00;CONTRATAÇÃO POR TEMPO DETERMINADO;1.600.000.0000;TRANSFERÊNCIAS FUNDO A FUNDO DE RECURSOS DO SUS PROVENIENTES DO GOVERNO FEDERAL - BLOCO DE MANUTENÇÃO DAS AÇÕES E SERVIÇOS PÚBLICOS DE SAÚDE;125.419,19
FUNDO MUNICIPAL DE SAÚDE DE BARBACENA;18.002;FUNDO MUNICIPAL DE SAUDE;2.014;MANUTENÇÃO DO CENTRO DE TESTAGEM E ACONSELHAMENTO - IST/AIDS;4;VIGILANCIA EM SAUDE;10;Saúde;305;Vigilância Epidemiológica;270;3.1.90.04.00.00.00.00;CONTRATAÇÃO POR TEMPO DETERMINADO;2.621.000.0000;TRANSFERÊNCIAS FUNDO A FUNDO DE RECURSOS DO SUS PROVENIENTES DO GOVERNO ESTADUAL;70.588,47
FUNDO MUNICIPAL DE SAÚDE DE BARBACENA;18.002;FUNDO MUNICIPAL DE SAUDE;2.014;MANUTENÇÃO DO CENTRO DE TESTAGEM E ACONSELHAMENTO - IST/AIDS;4;VIGILANCIA EM SAUDE;10;Saúde;305;Vigilância Epidemiológica;271;3.1.90.11.00.00.00.00;VENCIMENTOS E VANTAGENS FIXAS - PESSOAL CIVIL;1.500.000.1002;RECURSOS NÃO VINCULADOS DE IMPOSTOS (SAÚDE);75.112,88
FUNDO MUNICIPAL DE SAÚDE DE BARBACENA;18.002;FUNDO MUNICIPAL DE SAUDE;2.014;MANUTENÇÃO DO CENTRO DE TESTAGEM E ACONSELHAMENTO - IST/AIDS;4;VIGILANCIA EM SAUDE;10;Saúde;305;Vigilância Epidemiológica;271;3.1.90.11.00.00.00.00;VENCIMENTOS E VANTAGENS FIXAS - PESSOAL CIVIL;1.600.000.0000;TRANSFERÊNCIAS FUNDO A FUNDO DE RECURSOS DO SUS PROVENIENTES DO GOVERNO FEDERAL - BLOCO DE MANUTENÇÃO DAS AÇÕES E SERVIÇOS PÚBLICOS DE SAÚDE;100.163,76
FUNDO MUNICIPAL DE SAÚDE DE BARBACENA;18.002;FUNDO MUNICIPAL DE SAUDE;2.014;MANUTENÇÃO DO CENTRO DE TESTAGEM E ACONSELHAMENTO - IST/AIDS;4;VIGILANCIA EM SAUDE;10;Saúde;305;Vigilância Epidemiológica;271;3.1.90.11.00.00.00.00;VENCIMENTOS E VANTAGENS FIXAS - PESSOAL CIVIL;2.621.000.0000;TRANSFERÊNCIAS FUNDO A FUNDO DE RECURSOS DO SUS PROVENIENTES DO GOVERNO ESTADUAL;123.280,88
FUNDO MUNICIPAL DE SAÚDE DE BARBACENA;18.002;FUNDO MUNICIPAL DE SAUDE;2.014;MANUTENÇÃO DO CENTRO DE TESTAGEM E ACONSELHAMENTO - IST/AIDS;4;VIGILANCIA EM SAUDE;10;Saúde;305;Vigilância Epidemiológica;272;3.1.91.13.00.00.00.00;OBRIGAÇÕES PATRONAIS;1.500.000.1002;RECURSOS NÃO VINCULADOS DE IMPOSTOS (SAÚDE);49.687,14
FUNDO MUNICIPAL DE SAÚDE DE BARBACENA;18.002;FUNDO MUNICIPAL DE SAUDE;2.014;MANUTENÇÃO DO CENTRO DE TESTAGEM E ACONSELHAMENTO - IST/AIDS;4;VIGILANCIA EM SAUDE;10;Saúde;305;Vigilância Epidemiológica;272;3.1.91.13.00.00.00.00;OBRIGAÇÕES PATRONAIS;1.600.000.0000;TRANSFERÊNCIAS FUNDO A FUNDO DE RECURSOS DO SUS PROVENIENTES DO GOVERNO FEDERAL - BLOCO DE MANUTENÇÃO DAS AÇÕES E SERVIÇOS PÚBLICOS DE SAÚDE;63.357,90
FUNDO MUNICIPAL DE SAÚDE DE BARBACENA;18.002;FUNDO MUNICIPAL DE SAUDE;2.014;MANUTENÇÃO DO CENTRO DE TESTAGEM E ACONSELHAMENTO - IST/AIDS;4;VIGILANCIA EM SAUDE;10;Saúde;305;Vigilância Epidemiológica;272;3.1.91.13.00.00.00.00;OBRIGAÇÕES PATRONAIS;2.621.000.0000;TRANSFERÊNCIAS FUNDO A FUNDO DE RECURSOS DO SUS PROVENIENTES DO GOVERNO ESTADUAL;34.515,84
FUNDO MUNICIPAL DE SAÚDE DE BARBACENA;18.002;FUNDO MUNICIPAL DE SAUDE;2.014;MANUTENÇÃO DO CENTRO DE TESTAGEM E ACONSELHAMENTO - IST/AIDS;4;VIGILANCIA EM SAUDE;10;Saúde;305;Vigilância Epidemiológica;273;3.3.90.08.00.00.00.00;OUTROS BENEFÍCIOS ASSISTENCIAIS-SERVIDOR/MILITAR;1.500.000.1002;RECURSOS NÃO VINCULADOS DE IMPOSTOS (SAÚDE);1.000,00
FUNDO MUNICIPAL DE SAÚDE DE BARBACENA;18.002;FUNDO MUNICIPAL DE SAUDE;2.014;MANUTENÇÃO DO CENTRO DE TESTAGEM E ACONSELHAMENTO - IST/AIDS;4;VIGILANCIA EM SAUDE;10;Saúde;305;Vigilância Epidemiológica;273;3.3.90.08.00.00.00.00;OUTROS BENEFÍCIOS ASSISTENCIAIS-SERVIDOR/MILITAR;1.600.000.0000;TRANSFERÊNCIAS FUNDO A FUNDO DE RECURSOS DO SUS PROVENIENTES DO GOVERNO FEDERAL - BLOCO DE MANUTENÇÃO DAS AÇÕES E SERVIÇOS PÚBLICOS DE SAÚDE;1.000,00
FUNDO MUNICIPAL DE SAÚDE DE BARBACENA;18.002;FUNDO MUNICIPAL DE SAUDE;2.014;MANUTENÇÃO DO CENTRO DE TESTAGEM E ACONSELHAMENTO - IST/AIDS;4;VIGILANCIA EM SAUDE;10;Saúde;305;Vigilância Epidemiológica;274;3.3.90.14.00.00.00.00;DIÁRIAS - PESSOAL CIVIL;1.600.000.0000;TRANSFERÊNCIAS FUNDO A FUNDO DE RECURSOS DO SUS PROVENIENTES DO GOVERNO FEDERAL - BLOCO DE MANUTENÇÃO DAS AÇÕES E SERVIÇOS PÚBLICOS DE SAÚDE;5.811,84
FUNDO MUNICIPAL DE SAÚDE DE BARBACENA;18.002;FUNDO MUNICIPAL DE SAUDE;2.014;MANUTENÇÃO DO CENTRO DE TESTAGEM E ACONSELHAMENTO - IST/AIDS;4;VIGILANCIA EM SAUDE;10;Saúde;305;Vigilância Epidemiológica;275;3.3.90.18.00.00.00.00;AUXÍLIO FINANCEIRO A ESTUDANTES;1.600.000.0000;TRANSFERÊNCIAS FUNDO A FUNDO DE RECURSOS DO SUS PROVENIENTES DO GOVERNO FEDERAL - BLOCO DE MANUTENÇÃO DAS AÇÕES E SERVIÇOS PÚBLICOS DE SAÚDE;500,00
FUNDO MUNICIPAL DE SAÚDE DE BARBACENA;18.002;FUNDO MUNICIPAL DE SAUDE;2.014;MANUTENÇÃO DO CENTRO DE TESTAGEM E ACONSELHAMENTO - IST/AIDS;4;VIGILANCIA EM SAUDE;10;Saúde;305;Vigilância Epidemiológica;276;3.3.90.30.00.00.00.00;MATERIAL DE CONSUMO;1.600.000.0000;TRANSFERÊNCIAS FUNDO A FUNDO DE RECURSOS DO SUS PROVENIENTES DO GOVERNO FEDERAL - BLOCO DE MANUTENÇÃO DAS AÇÕES E SERVIÇOS PÚBLICOS DE SAÚDE;9.188,22
FUNDO MUNICIPAL DE SAÚDE DE BARBACENA;18.002;FUNDO MUNICIPAL DE SAUDE;2.014;MANUTENÇÃO DO CENTRO DE TESTAGEM E ACONSELHAMENTO - IST/AIDS;4;VIGILANCIA EM SAUDE;10;Saúde;305;Vigilância Epidemiológica;276;3.3.90.30.00.00.00.00;MATERIAL DE CONSUMO;2.621.000.0000;TRANSFERÊNCIAS FUNDO A FUNDO DE RECURSOS DO SUS PROVENIENTES DO GOVERNO ESTADUAL;14.676,68
FUNDO MUNICIPAL DE SAÚDE DE BARBACENA;18.002;FUNDO MUNICIPAL DE SAUDE;2.014;MANUTENÇÃO DO CENTRO DE TESTAGEM E ACONSELHAMENTO - IST/AIDS;4;VIGILANCIA EM SAUDE;10;Saúde;305;Vigilância Epidemiológica;277;3.3.90.39.00.00.00.00;OUTROS SERVIÇOS DE TERCEIROS - PESSOA JURÍDICA;1.500.000.1002;RECURSOS NÃO VINCULADOS DE IMPOSTOS (SAÚDE);21.000,00
FUNDO MUNICIPAL DE SAÚDE DE BARBACENA;18.002;FUNDO MUNICIPAL DE SAUDE;2.014;MANUTENÇÃO DO CENTRO DE TESTAGEM E ACONSELHAMENTO - IST/AIDS;4;VIGILANCIA EM SAUDE;10;Saúde;305;Vigilância Epidemiológica;277;3.3.90.39.00.00.00.00;OUTROS SERVIÇOS DE TERCEIROS - PESSOA JURÍDICA;1.600.000.0000;TRANSFERÊNCIAS FUNDO A FUNDO DE RECURSOS DO SUS PROVENIENTES DO GOVERNO FEDERAL - BLOCO DE MANUTENÇÃO DAS AÇÕES E SERVIÇOS PÚBLICOS DE SAÚDE;33.766,70
FUNDO MUNICIPAL DE SAÚDE DE BARBACENA;18.002;FUNDO MUNICIPAL DE SAUDE;2.014;MANUTENÇÃO DO CENTRO DE TESTAGEM E ACONSELHAMENTO - IST/AIDS;4;VIGILANCIA EM SAUDE;10;Saúde;305;Vigilância Epidemiológica;277;3.3.90.39.00.00.00.00;OUTROS SERVIÇOS DE TERCEIROS - PESSOA JURÍDICA;1.621.000.0000;TRANSFERÊNCIAS FUNDO A FUNDO DE RECURSOS DO SUS PROVENIENTES DO GOVERNO ESTADUAL;1.000,00
FUNDO MUNICIPAL DE SAÚDE DE BARBACENA;18.002;FUNDO MUNICIPAL DE SAUDE;2.014;MANUTENÇÃO DO CENTRO DE TESTAGEM E ACONSELHAMENTO - IST/AIDS;4;VIGILANCIA EM SAUDE;10;Saúde;305;Vigilância Epidemiológica;277;3.3.90.39.00.00.00.00;OUTROS SERVIÇOS DE TERCEIROS - PESSOA JURÍDICA;2.621.000.0000;TRANSFERÊNCIAS FUNDO A FUNDO DE RECURSOS DO SUS PROVENIENTES DO GOVERNO ESTADUAL;27.337,00
FUNDO MUNICIPAL DE SAÚDE DE BARBACENA;18.002;FUNDO MUNICIPAL DE SAUDE;2.014;MANUTENÇÃO DO CENTRO DE TESTAGEM E ACONSELHAMENTO - IST/AIDS;4;VIGILANCIA EM SAUDE;10;Saúde;305;Vigilância Epidemiológica;278;3.3.90.46.00.00.00.00;AUXÍLIO-ALIMENTAÇÃO;1.500.000.1002;RECURSOS NÃO VINCULADOS DE IMPOSTOS (SAÚDE);30.933,00
FUNDO MUNICIPAL DE SAÚDE DE BARBACENA;18.002;FUNDO MUNICIPAL DE SAUDE;2.014;MANUTENÇÃO DO CENTRO DE TESTAGEM E ACONSELHAMENTO - IST/AIDS;4;VIGILANCIA EM SAUDE;10;Saúde;305;Vigilância Epidemiológica;278;3.3.90.46.00.00.00.00;AUXÍLIO-ALIMENTAÇÃO;1.600.000.0000;TRANSFERÊNCIAS FUNDO A FUNDO DE RECURSOS DO SUS PROVENIENTES DO GOVERNO FEDERAL - BLOCO DE MANUTENÇÃO DAS AÇÕES E SERVIÇOS PÚBLICOS DE SAÚDE;36.697,67
FUNDO MUNICIPAL DE SAÚDE DE BARBACENA;18.002;FUNDO MUNICIPAL DE SAUDE;2.014;MANUTENÇÃO DO CENTRO DE TESTAGEM E ACONSELHAMENTO - IST/AIDS;4;VIGILANCIA EM SAUDE;10;Saúde;305;Vigilância Epidemiológica;278;3.3.90.46.00.00.00.00;AUXÍLIO-ALIMENTAÇÃO;2.621.000.0000;TRANSFERÊNCIAS FUNDO A FUNDO DE RECURSOS DO SUS PROVENIENTES DO GOVERNO ESTADUAL;18.400,00
FUNDO MUNICIPAL DE SAÚDE DE BARBACENA;18.002;FUNDO MUNICIPAL DE SAUDE;2.014;MANUTENÇÃO DO CENTRO DE TESTAGEM E ACONSELHAMENTO - IST/AIDS;4;VIGILANCIA EM SAUDE;10;Saúde;305;Vigilância Epidemiológica;279;4.4.90.52.00.00.00.00;EQUIPAMENTOS E MATERIAL PERMANENTE;1.600.000.0000;TRANSFERÊNCIAS FUNDO A FUNDO DE RECURSOS DO SUS PROVENIENTES DO GOVERNO FEDERAL - BLOCO DE MANUTENÇÃO DAS AÇÕES E SERVIÇOS PÚBLICOS DE SAÚDE;2.000,00
FUNDO MUNICIPAL DE SAÚDE DE BARBACENA;18.002;FUNDO MUNICIPAL DE SAUDE;2.014;MANUTENÇÃO DO CENTRO DE TESTAGEM E ACONSELHAMENTO - IST/AIDS;4;VIGILANCIA EM SAUDE;10;Saúde;305;Vigilância Epidemiológica;302;3.3.90.36.00.00.00.00;OUTROS SERVIÇOS DE TERCEIROS - PESSOA FÍSICA;2.621.000.0000;TRANSFERÊNCIAS FUNDO A FUNDO DE RECURSOS DO SUS PROVENIENTES DO GOVERNO ESTADUAL;36.853,76
FUNDO MUNICIPAL DE SAÚDE DE BARBACENA;18.002;FUNDO MUNICIPAL DE SAUDE;2.028;MANUTENÇÃO DA VIGILÂNCIA AMBIENTAL E AÇÕES DE CONTROLE DE ZOONOSES;4;VIGILANCIA EM SAUDE;10;Saúde;305;Vigilância Epidemiológica;280;3.1.90.04.00.00.00.00;CONTRATAÇÃO POR TEMPO DETERMINADO;1.500.000.1002;RECURSOS NÃO VINCULADOS DE IMPOSTOS (SAÚDE);380.945,32
FUNDO MUNICIPAL DE SAÚDE DE BARBACENA;18.002;FUNDO MUNICIPAL DE SAUDE;2.028;MANUTENÇÃO DA VIGILÂNCIA AMBIENTAL E AÇÕES DE CONTROLE DE ZOONOSES;4;VIGILANCIA EM SAUDE;10;Saúde;305;Vigilância Epidemiológica;280;3.1.90.04.00.00.00.00;CONTRATAÇÃO POR TEMPO DETERMINADO;1.600.000.0000;TRANSFERÊNCIAS FUNDO A FUNDO DE RECURSOS DO SUS PROVENIENTES DO GOVERNO FEDERAL - BLOCO DE MANUTENÇÃO DAS AÇÕES E SERVIÇOS PÚBLICOS DE SAÚDE;316.538,26
FUNDO MUNICIPAL DE SAÚDE DE BARBACENA;18.002;FUNDO MUNICIPAL DE SAUDE;2.028;MANUTENÇÃO DA VIGILÂNCIA AMBIENTAL E AÇÕES DE CONTROLE DE ZOONOSES;4;VIGILANCIA EM SAUDE;10;Saúde;305;Vigilância Epidemiológica;280;3.1.90.04.00.00.00.00;CONTRATAÇÃO POR TEMPO DETERMINADO;1.604.000.0000;TRANSFERÊNCIAS PROVENIENTES DO GOVERNO FEDERAL DESTINADAS AO VENCIMENTO DOS AGENTES COMUNITÁRIOS DE SAÚDE E DOS AGENTES DE COMBATE ÀS ENDEMIAS;204.952,64
FUNDO MUNICIPAL DE SAÚDE DE BARBACENA;18.002;FUNDO MUNICIPAL DE SAUDE;2.028;MANUTENÇÃO DA VIGILÂNCIA AMBIENTAL E AÇÕES DE CONTROLE DE ZOONOSES;4;VIGILANCIA EM SAUDE;10;Saúde;305;Vigilância Epidemiológica;280;3.1.90.04.00.00.00.00;CONTRATAÇÃO POR TEMPO DETERMINADO;1.621.000.0000;TRANSFERÊNCIAS FUNDO A FUNDO DE RECURSOS DO SUS PROVENIENTES DO GOVERNO ESTADUAL;1.000,00
FUNDO MUNICIPAL DE SAÚDE DE BARBACENA;18.002;FUNDO MUNICIPAL DE SAUDE;2.028;MANUTENÇÃO DA VIGILÂNCIA AMBIENTAL E AÇÕES DE CONTROLE DE ZOONOSES;4;VIGILANCIA EM SAUDE;10;Saúde;305;Vigilância Epidemiológica;280;3.1.90.04.00.00.00.00;CONTRATAÇÃO POR TEMPO DETERMINADO;2.621.000.0000;TRANSFERÊNCIAS FUNDO A FUNDO DE RECURSOS DO SUS PROVENIENTES DO GOVERNO ESTADUAL;106.775,44
FUNDO MUNICIPAL DE SAÚDE DE BARBACENA;18.002;FUNDO MUNICIPAL DE SAUDE;2.028;MANUTENÇÃO DA VIGILÂNCIA AMBIENTAL E AÇÕES DE CONTROLE DE ZOONOSES;4;VIGILANCIA EM SAUDE;10;Saúde;305;Vigilância Epidemiológica;281;3.1.90.11.00.00.00.00;VENCIMENTOS E VANTAGENS FIXAS - PESSOAL CIVIL;1.500.000.1002;RECURSOS NÃO VINCULADOS DE IMPOSTOS (SAÚDE);90.931,11
FUNDO MUNICIPAL DE SAÚDE DE BARBACENA;18.002;FUNDO MUNICIPAL DE SAUDE;2.028;MANUTENÇÃO DA VIGILÂNCIA AMBIENTAL E AÇÕES DE CONTROLE DE ZOONOSES;4;VIGILANCIA EM SAUDE;10;Saúde;305;Vigilância Epidemiológica;281;3.1.90.11.00.00.00.00;VENCIMENTOS E VANTAGENS FIXAS - PESSOAL CIVIL;1.600.000.0000;TRANSFERÊNCIAS FUNDO A FUNDO DE RECURSOS DO SUS PROVENIENTES DO GOVERNO FEDERAL - BLOCO DE MANUTENÇÃO DAS AÇÕES E SERVIÇOS PÚBLICOS DE SAÚDE;129.336,94
FUNDO MUNICIPAL DE SAÚDE DE BARBACENA;18.002;FUNDO MUNICIPAL DE SAUDE;2.028;MANUTENÇÃO DA VIGILÂNCIA AMBIENTAL E AÇÕES DE CONTROLE DE ZOONOSES;4;VIGILANCIA EM SAUDE;10;Saúde;305;Vigilância Epidemiológica;281;3.1.90.11.00.00.00.00;VENCIMENTOS E VANTAGENS FIXAS - PESSOAL CIVIL;1.604.000.0000;TRANSFERÊNCIAS PROVENIENTES DO GOVERNO FEDERAL DESTINADAS AO VENCIMENTO DOS AGENTES COMUNITÁRIOS DE SAÚDE E DOS AGENTES DE COMBATE ÀS ENDEMIAS;762.455,83
FUNDO MUNICIPAL DE SAÚDE DE BARBACENA;18.002;FUNDO MUNICIPAL DE SAUDE;2.028;MANUTENÇÃO DA VIGILÂNCIA AMBIENTAL E AÇÕES DE CONTROLE DE ZOONOSES;4;VIGILANCIA EM SAUDE;10;Saúde;305;Vigilância Epidemiológica;281;3.1.90.11.00.00.00.00;VENCIMENTOS E VANTAGENS FIXAS - PESSOAL CIVIL;1.621.000.0000;TRANSFERÊNCIAS FUNDO A FUNDO DE RECURSOS DO SUS PROVENIENTES DO GOVERNO ESTADUAL;1.000,00
FUNDO MUNICIPAL DE SAÚDE DE BARBACENA;18.002;FUNDO MUNICIPAL DE SAUDE;2.028;MANUTENÇÃO DA VIGILÂNCIA AMBIENTAL E AÇÕES DE CONTROLE DE ZOONOSES;4;VIGILANCIA EM SAUDE;10;Saúde;305;Vigilância Epidemiológica;281;3.1.90.11.00.00.00.00;VENCIMENTOS E VANTAGENS FIXAS - PESSOAL CIVIL;2.621.000.0000;TRANSFERÊNCIAS FUNDO A FUNDO DE RECURSOS DO SUS PROVENIENTES DO GOVERNO ESTADUAL;11.871,13
FUNDO MUNICIPAL DE SAÚDE DE BARBACENA;18.002;FUNDO MUNICIPAL DE SAUDE;2.028;MANUTENÇÃO DA VIGILÂNCIA AMBIENTAL E AÇÕES DE CONTROLE DE ZOONOSES;4;VIGILANCIA EM SAUDE;10;Saúde;305;Vigilância Epidemiológica;282;3.1.91.13.00.00.00.00;OBRIGAÇÕES PATRONAIS;1.500.000.1002;RECURSOS NÃO VINCULADOS DE IMPOSTOS (SAÚDE);15.000,00
FUNDO MUNICIPAL DE SAÚDE DE BARBACENA;18.002;FUNDO MUNICIPAL DE SAUDE;2.028;MANUTENÇÃO DA VIGILÂNCIA AMBIENTAL E AÇÕES DE CONTROLE DE ZOONOSES;4;VIGILANCIA EM SAUDE;10;Saúde;305;Vigilância Epidemiológica;282;3.1.91.13.00.00.00.00;OBRIGAÇÕES PATRONAIS;1.600.000.0000;TRANSFERÊNCIAS FUNDO A FUNDO DE RECURSOS DO SUS PROVENIENTES DO GOVERNO FEDERAL - BLOCO DE MANUTENÇÃO DAS AÇÕES E SERVIÇOS PÚBLICOS DE SAÚDE;5.000,00
FUNDO MUNICIPAL DE SAÚDE DE BARBACENA;18.002;FUNDO MUNICIPAL DE SAUDE;2.028;MANUTENÇÃO DA VIGILÂNCIA AMBIENTAL E AÇÕES DE CONTROLE DE ZOONOSES;4;VIGILANCIA EM SAUDE;10;Saúde;305;Vigilância Epidemiológica;282;3.1.91.13.00.00.00.00;OBRIGAÇÕES PATRONAIS;1.604.000.0000;TRANSFERÊNCIAS PROVENIENTES DO GOVERNO FEDERAL DESTINADAS AO VENCIMENTO DOS AGENTES COMUNITÁRIOS DE SAÚDE E DOS AGENTES DE COMBATE ÀS ENDEMIAS;349.844,03
FUNDO MUNICIPAL DE SAÚDE DE BARBACENA;18.002;FUNDO MUNICIPAL DE SAUDE;2.028;MANUTENÇÃO DA VIGILÂNCIA AMBIENTAL E AÇÕES DE CONTROLE DE ZOONOSES;4;VIGILANCIA EM SAUDE;10;Saúde;305;Vigilância Epidemiológica;282;3.1.91.13.00.00.00.00;OBRIGAÇÕES PATRONAIS;1.621.000.0000;TRANSFERÊNCIAS FUNDO A FUNDO DE RECURSOS DO SUS PROVENIENTES DO GOVERNO ESTADUAL;2.000,00
FUNDO MUNICIPAL DE SAÚDE DE BARBACENA;18.002;FUNDO MUNICIPAL DE SAUDE;2.028;MANUTENÇÃO DA VIGILÂNCIA AMBIENTAL E AÇÕES DE CONTROLE DE ZOONOSES;4;VIGILANCIA EM SAUDE;10;Saúde;305;Vigilância Epidemiológica;282;3.1.91.13.00.00.00.00;OBRIGAÇÕES PATRONAIS;2.621.000.0000;TRANSFERÊNCIAS FUNDO A FUNDO DE RECURSOS DO SUS PROVENIENTES DO GOVERNO ESTADUAL;3.051,59
FUNDO MUNICIPAL DE SAÚDE DE BARBACENA;18.002;FUNDO MUNICIPAL DE SAUDE;2.028;MANUTENÇÃO DA VIGILÂNCIA AMBIENTAL E AÇÕES DE CONTROLE DE ZOONOSES;4;VIGILANCIA EM SAUDE;10;Saúde;305;Vigilância Epidemiológica;283;3.3.90.08.00.00.00.00;OUTROS BENEFÍCIOS ASSISTENCIAIS-SERVIDOR/MILITAR;1.600.000.0000;TRANSFERÊNCIAS FUNDO A FUNDO DE RECURSOS DO SUS PROVENIENTES DO GOVERNO FEDERAL - BLOCO DE MANUTENÇÃO DAS AÇÕES E SERVIÇOS PÚBLICOS DE SAÚDE;500,00
FUNDO MUNICIPAL DE SAÚDE DE BARBACENA;18.002;FUNDO MUNICIPAL DE SAUDE;2.028;MANUTENÇÃO DA VIGILÂNCIA AMBIENTAL E AÇÕES DE CONTROLE DE ZOONOSES;4;VIGILANCIA EM SAUDE;10;Saúde;305;Vigilância Epidemiológica;283;3.3.90.08.00.00.00.00;OUTROS BENEFÍCIOS ASSISTENCIAIS-SERVIDOR/MILITAR;1.604.000.0000;TRANSFERÊNCIAS PROVENIENTES DO GOVERNO FEDERAL DESTINADAS AO VENCIMENTO DOS AGENTES COMUNITÁRIOS DE SAÚDE E DOS AGENTES DE COMBATE ÀS ENDEMIAS;500,00
FUNDO MUNICIPAL DE SAÚDE DE BARBACENA;18.002;FUNDO MUNICIPAL DE SAUDE;2.028;MANUTENÇÃO DA VIGILÂNCIA AMBIENTAL E AÇÕES DE CONTROLE DE ZOONOSES;4;VIGILANCIA EM SAUDE;10;Saúde;305;Vigilância Epidemiológica;284;3.3.90.18.00.00.00.00;AUXÍLIO FINANCEIRO A ESTUDANTES;1.500.000.1002;RECURSOS NÃO VINCULADOS DE IMPOSTOS (SAÚDE);1.000,00
FUNDO MUNICIPAL DE SAÚDE DE BARBACENA;18.002;FUNDO MUNICIPAL DE SAUDE;2.028;MANUTENÇÃO DA VIGILÂNCIA AMBIENTAL E AÇÕES DE CONTROLE DE ZOONOSES;4;VIGILANCIA EM SAUDE;10;Saúde;305;Vigilância Epidemiológica;284;3.3.90.18.00.00.00.00;AUXÍLIO FINANCEIRO A ESTUDANTES;1.600.000.0000;TRANSFERÊNCIAS FUNDO A FUNDO DE RECURSOS DO SUS PROVENIENTES DO GOVERNO FEDERAL - BLOCO DE MANUTENÇÃO DAS AÇÕES E SERVIÇOS PÚBLICOS DE SAÚDE;1.000,00
FUNDO MUNICIPAL DE SAÚDE DE BARBACENA;18.002;FUNDO MUNICIPAL DE SAUDE;2.028;MANUTENÇÃO DA VIGILÂNCIA AMBIENTAL E AÇÕES DE CONTROLE DE ZOONOSES;4;VIGILANCIA EM SAUDE;10;Saúde;305;Vigilância Epidemiológica;284;3.3.90.18.00.00.00.00;AUXÍLIO FINANCEIRO A ESTUDANTES;1.604.000.0000;TRANSFERÊNCIAS PROVENIENTES DO GOVERNO FEDERAL DESTINADAS AO VENCIMENTO DOS AGENTES COMUNITÁRIOS DE SAÚDE E DOS AGENTES DE COMBATE ÀS ENDEMIAS;20.788,08
FUNDO MUNICIPAL DE SAÚDE DE BARBACENA;18.002;FUNDO MUNICIPAL DE SAUDE;2.028;MANUTENÇÃO DA VIGILÂNCIA AMBIENTAL E AÇÕES DE CONTROLE DE ZOONOSES;4;VIGILANCIA EM SAUDE;10;Saúde;305;Vigilância Epidemiológica;284;3.3.90.18.00.00.00.00;AUXÍLIO FINANCEIRO A ESTUDANTES;1.621.000.0000;TRANSFERÊNCIAS FUNDO A FUNDO DE RECURSOS DO SUS PROVENIENTES DO GOVERNO ESTADUAL;500,00
FUNDO MUNICIPAL DE SAÚDE DE BARBACENA;18.002;FUNDO MUNICIPAL DE SAUDE;2.028;MANUTENÇÃO DA VIGILÂNCIA AMBIENTAL E AÇÕES DE CONTROLE DE ZOONOSES;4;VIGILANCIA EM SAUDE;10;Saúde;305;Vigilância Epidemiológica;285;3.3.90.30.00.00.00.00;MATERIAL DE CONSUMO;1.500.000.1002;RECURSOS NÃO VINCULADOS DE IMPOSTOS (SAÚDE);5.000,00
FUNDO MUNICIPAL DE SAÚDE DE BARBACENA;18.002;FUNDO MUNICIPAL DE SAUDE;2.028;MANUTENÇÃO DA VIGILÂNCIA AMBIENTAL E AÇÕES DE CONTROLE DE ZOONOSES;4;VIGILANCIA EM SAUDE;10;Saúde;305;Vigilância Epidemiológica;285;3.3.90.30.00.00.00.00;MATERIAL DE CONSUMO;1.600.000.0000;TRANSFERÊNCIAS FUNDO A FUNDO DE RECURSOS DO SUS PROVENIENTES DO GOVERNO FEDERAL - BLOCO DE MANUTENÇÃO DAS AÇÕES E SERVIÇOS PÚBLICOS DE SAÚDE;1.000,00
FUNDO MUNICIPAL DE SAÚDE DE BARBACENA;18.002;FUNDO MUNICIPAL DE SAUDE;2.028;MANUTENÇÃO DA VIGILÂNCIA AMBIENTAL E AÇÕES DE CONTROLE DE ZOONOSES;4;VIGILANCIA EM SAUDE;10;Saúde;305;Vigilância Epidemiológica;285;3.3.90.30.00.00.00.00;MATERIAL DE CONSUMO;1.621.000.0000;TRANSFERÊNCIAS FUNDO A FUNDO DE RECURSOS DO SUS PROVENIENTES DO GOVERNO ESTADUAL;1.000,00
FUNDO MUNICIPAL DE SAÚDE DE BARBACENA;18.002;FUNDO MUNICIPAL DE SAUDE;2.028;MANUTENÇÃO DA VIGILÂNCIA AMBIENTAL E AÇÕES DE CONTROLE DE ZOONOSES;4;VIGILANCIA EM SAUDE;10;Saúde;305;Vigilância Epidemiológica;286;3.3.90.39.00.00.00.00;OUTROS SERVIÇOS DE TERCEIROS - PESSOA JURÍDICA;1.500.000.1002;RECURSOS NÃO VINCULADOS DE IMPOSTOS (SAÚDE);1.000,00
FUNDO MUNICIPAL DE SAÚDE DE BARBACENA;18.002;FUNDO MUNICIPAL DE SAUDE;2.028;MANUTENÇÃO DA VIGILÂNCIA AMBIENTAL E AÇÕES DE CONTROLE DE ZOONOSES;4;VIGILANCIA EM SAUDE;10;Saúde;305;Vigilância Epidemiológica;286;3.3.90.39.00.00.00.00;OUTROS SERVIÇOS DE TERCEIROS - PESSOA JURÍDICA;1.621.000.0000;TRANSFERÊNCIAS FUNDO A FUNDO DE RECURSOS DO SUS PROVENIENTES DO GOVERNO ESTADUAL;35.000,00
FUNDO MUNICIPAL DE SAÚDE DE BARBACENA;18.002;FUNDO MUNICIPAL DE SAUDE;2.028;MANUTENÇÃO DA VIGILÂNCIA AMBIENTAL E AÇÕES DE CONTROLE DE ZOONOSES;4;VIGILANCIA EM SAUDE;10;Saúde;305;Vigilância Epidemiológica;286;3.3.90.39.00.00.00.00;OUTROS SERVIÇOS DE TERCEIROS - PESSOA JURÍDICA;2.621.000.0000;TRANSFERÊNCIAS FUNDO A FUNDO DE RECURSOS DO SUS PROVENIENTES DO GOVERNO ESTADUAL;49.642,72
FUNDO MUNICIPAL DE SAÚDE DE BARBACENA;18.002;FUNDO MUNICIPAL DE SAUDE;2.028;MANUTENÇÃO DA VIGILÂNCIA AMBIENTAL E AÇÕES DE CONTROLE DE ZOONOSES;4;VIGILANCIA EM SAUDE;10;Saúde;305;Vigilância Epidemiológica;287;3.3.90.46.00.00.00.00;AUXÍLIO-ALIMENTAÇÃO;1.500.000.1002;RECURSOS NÃO VINCULADOS DE IMPOSTOS (SAÚDE);13.800,00
FUNDO MUNICIPAL DE SAÚDE DE BARBACENA;18.002;FUNDO MUNICIPAL DE SAUDE;2.028;MANUTENÇÃO DA VIGILÂNCIA AMBIENTAL E AÇÕES DE CONTROLE DE ZOONOSES;4;VIGILANCIA EM SAUDE;10;Saúde;305;Vigilância Epidemiológica;287;3.3.90.46.00.00.00.00;AUXÍLIO-ALIMENTAÇÃO;1.600.000.0000;TRANSFERÊNCIAS FUNDO A FUNDO DE RECURSOS DO SUS PROVENIENTES DO GOVERNO FEDERAL - BLOCO DE MANUTENÇÃO DAS AÇÕES E SERVIÇOS PÚBLICOS DE SAÚDE;129.704,58
FUNDO MUNICIPAL DE SAÚDE DE BARBACENA;18.002;FUNDO MUNICIPAL DE SAUDE;2.028;MANUTENÇÃO DA VIGILÂNCIA AMBIENTAL E AÇÕES DE CONTROLE DE ZOONOSES;4;VIGILANCIA EM SAUDE;10;Saúde;305;Vigilância Epidemiológica;287;3.3.90.46.00.00.00.00;AUXÍLIO-ALIMENTAÇÃO;1.604.000.0000;TRANSFERÊNCIAS PROVENIENTES DO GOVERNO FEDERAL DESTINADAS AO VENCIMENTO DOS AGENTES COMUNITÁRIOS DE SAÚDE E DOS AGENTES DE COMBATE ÀS ENDEMIAS;143.526,45
FUNDO MUNICIPAL DE SAÚDE DE BARBACENA;18.002;FUNDO MUNICIPAL DE SAUDE;2.028;MANUTENÇÃO DA VIGILÂNCIA AMBIENTAL E AÇÕES DE CONTROLE DE ZOONOSES;4;VIGILANCIA EM SAUDE;10;Saúde;305;Vigilância Epidemiológica;287;3.3.90.46.00.00.00.00;AUXÍLIO-ALIMENTAÇÃO;2.621.000.0000;TRANSFERÊNCIAS FUNDO A FUNDO DE RECURSOS DO SUS PROVENIENTES DO GOVERNO ESTADUAL;12.600,00
FUNDO MUNICIPAL DE SAÚDE DE BARBACENA;18.002;FUNDO MUNICIPAL DE SAUDE;2.028;MANUTENÇÃO DA VIGILÂNCIA AMBIENTAL E AÇÕES DE CONTROLE DE ZOONOSES;4;VIGILANCIA EM SAUDE;10;Saúde;305;Vigilância Epidemiológica;288;4.4.90.52.00.00.00.00;EQUIPAMENTOS E MATERIAL PERMANENTE;1.500.000.1002;RECURSOS NÃO VINCULADOS DE IMPOSTOS (SAÚDE);500,00
FUNDO MUNICIPAL DE SAÚDE DE BARBACENA;18.002;FUNDO MUNICIPAL DE SAUDE;2.028;MANUTENÇÃO DA VIGILÂNCIA AMBIENTAL E AÇÕES DE CONTROLE DE ZOONOSES;4;VIGILANCIA EM SAUDE;10;Saúde;305;Vigilância Epidemiológica;288;4.4.90.52.00.00.00.00;EQUIPAMENTOS E MATERIAL PERMANENTE;1.600.000.0000;TRANSFERÊNCIAS FUNDO A FUNDO DE RECURSOS DO SUS PROVENIENTES DO GOVERNO FEDERAL - BLOCO DE MANUTENÇÃO DAS AÇÕES E SERVIÇOS PÚBLICOS DE SAÚDE;1.000,00
FUNDO MUNICIPAL DE SAÚDE DE BARBACENA;18.002;FUNDO MUNICIPAL DE SAUDE;2.034;MANUTENÇÃO DO SISTEMA DE IMUNIZAÇÃO;4;VIGILANCIA EM SAUDE;10;Saúde;305;Vigilância Epidemiológica;289;3.1.90.04.00.00.00.00;CONTRATAÇÃO POR TEMPO DETERMINADO;1.621.000.0000;TRANSFERÊNCIAS FUNDO A FUNDO DE RECURSOS DO SUS PROVENIENTES DO GOVERNO ESTADUAL;30.000,00
FUNDO MUNICIPAL DE SAÚDE DE BARBACENA;18.002;FUNDO MUNICIPAL DE SAUDE;2.034;MANUTENÇÃO DO SISTEMA DE IMUNIZAÇÃO;4;VIGILANCIA EM SAUDE;10;Saúde;305;Vigilância Epidemiológica;289;3.1.90.04.00.00.00.00;CONTRATAÇÃO POR TEMPO DETERMINADO;2.621.000.0000;TRANSFERÊNCIAS FUNDO A FUNDO DE RECURSOS DO SUS PROVENIENTES DO GOVERNO ESTADUAL;53.065,39
FUNDO MUNICIPAL DE SAÚDE DE BARBACENA;18.002;FUNDO MUNICIPAL DE SAUDE;2.034;MANUTENÇÃO DO SISTEMA DE IMUNIZAÇÃO;4;VIGILANCIA EM SAUDE;10;Saúde;305;Vigilância Epidemiológica;290;3.1.90.11.00.00.00.00;VENCIMENTOS E VANTAGENS FIXAS - PESSOAL CIVIL;1.621.000.0000;TRANSFERÊNCIAS FUNDO A FUNDO DE RECURSOS DO SUS PROVENIENTES DO GOVERNO ESTADUAL;15.000,00
FUNDO MUNICIPAL DE SAÚDE DE BARBACENA;18.002;FUNDO MUNICIPAL DE SAUDE;2.034;MANUTENÇÃO DO SISTEMA DE IMUNIZAÇÃO;4;VIGILANCIA EM SAUDE;10;Saúde;305;Vigilância Epidemiológica;290;3.1.90.11.00.00.00.00;VENCIMENTOS E VANTAGENS FIXAS - PESSOAL CIVIL;2.621.000.0000;TRANSFERÊNCIAS FUNDO A FUNDO DE RECURSOS DO SUS PROVENIENTES DO GOVERNO ESTADUAL;55.345,75
FUNDO MUNICIPAL DE SAÚDE DE BARBACENA;18.002;FUNDO MUNICIPAL DE SAUDE;2.034;MANUTENÇÃO DO SISTEMA DE IMUNIZAÇÃO;4;VIGILANCIA EM SAUDE;10;Saúde;305;Vigilância Epidemiológica;291;3.1.91.13.00.00.00.00;OBRIGAÇÕES PATRONAIS;1.621.000.0000;TRANSFERÊNCIAS FUNDO A FUNDO DE RECURSOS DO SUS PROVENIENTES DO GOVERNO ESTADUAL;20.000,00
FUNDO MUNICIPAL DE SAÚDE DE BARBACENA;18.002;FUNDO MUNICIPAL DE SAUDE;2.034;MANUTENÇÃO DO SISTEMA DE IMUNIZAÇÃO;4;VIGILANCIA EM SAUDE;10;Saúde;305;Vigilância Epidemiológica;291;3.1.91.13.00.00.00.00;OBRIGAÇÕES PATRONAIS;2.621.000.0000;TRANSFERÊNCIAS FUNDO A FUNDO DE RECURSOS DO SUS PROVENIENTES DO GOVERNO ESTADUAL;14.696,28
FUNDO MUNICIPAL DE SAÚDE DE BARBACENA;18.002;FUNDO MUNICIPAL DE SAUDE;2.034;MANUTENÇÃO DO SISTEMA DE IMUNIZAÇÃO;4;VIGILANCIA EM SAUDE;10;Saúde;305;Vigilância Epidemiológica;292;3.3.90.30.00.00.00.00;MATERIAL DE CONSUMO;1.600.000.0000;TRANSFERÊNCIAS FUNDO A FUNDO DE RECURSOS DO SUS PROVENIENTES DO GOVERNO FEDERAL - BLOCO DE MANUTENÇÃO DAS AÇÕES E SERVIÇOS PÚBLICOS DE SAÚDE;1.000,00
FUNDO MUNICIPAL DE SAÚDE DE BARBACENA;18.002;FUNDO MUNICIPAL DE SAUDE;2.034;MANUTENÇÃO DO SISTEMA DE IMUNIZAÇÃO;4;VIGILANCIA EM SAUDE;10;Saúde;305;Vigilância Epidemiológica;292;3.3.90.30.00.00.00.00;MATERIAL DE CONSUMO;1.621.000.0000;TRANSFERÊNCIAS FUNDO A FUNDO DE RECURSOS DO SUS PROVENIENTES DO GOVERNO ESTADUAL;1.000,00
FUNDO MUNICIPAL DE SAÚDE DE BARBACENA;18.002;FUNDO MUNICIPAL DE SAUDE;2.034;MANUTENÇÃO DO SISTEMA DE IMUNIZAÇÃO;4;VIGILANCIA EM SAUDE;10;Saúde;305;Vigilância Epidemiológica;293;3.3.90.39.00.00.00.00;OUTROS SERVIÇOS DE TERCEIROS - PESSOA JURÍDICA;1.600.000.0000;TRANSFERÊNCIAS FUNDO A FUNDO DE RECURSOS DO SUS PROVENIENTES DO GOVERNO FEDERAL - BLOCO DE MANUTENÇÃO DAS AÇÕES E SERVIÇOS PÚBLICOS DE SAÚDE;5.904,97
FUNDO MUNICIPAL DE SAÚDE DE BARBACENA;18.002;FUNDO MUNICIPAL DE SAUDE;2.034;MANUTENÇÃO DO SISTEMA DE IMUNIZAÇÃO;4;VIGILANCIA EM SAUDE;10;Saúde;305;Vigilância Epidemiológica;293;3.3.90.39.00.00.00.00;OUTROS SERVIÇOS DE TERCEIROS - PESSOA JURÍDICA;1.621.000.0000;TRANSFERÊNCIAS FUNDO A FUNDO DE RECURSOS DO SUS PROVENIENTES DO GOVERNO ESTADUAL;248.039,40
FUNDO MUNICIPAL DE SAÚDE DE BARBACENA;18.002;FUNDO MUNICIPAL DE SAUDE;2.034;MANUTENÇÃO DO SISTEMA DE IMUNIZAÇÃO;4;VIGILANCIA EM SAUDE;10;Saúde;305;Vigilância Epidemiológica;293;3.3.90.39.00.00.00.00;OUTROS SERVIÇOS DE TERCEIROS - PESSOA JURÍDICA;2.621.000.0000;TRANSFERÊNCIAS FUNDO A FUNDO DE RECURSOS DO SUS PROVENIENTES DO GOVERNO ESTADUAL;43.537,54
FUNDO MUNICIPAL DE SAÚDE DE BARBACENA;18.002;FUNDO MUNICIPAL DE SAUDE;2.034;MANUTENÇÃO DO SISTEMA DE IMUNIZAÇÃO;4;VIGILANCIA EM SAUDE;10;Saúde;305;Vigilância Epidemiológica;294;3.3.90.46.00.00.00.00;AUXÍLIO-ALIMENTAÇÃO;1.621.000.0000;TRANSFERÊNCIAS FUNDO A FUNDO DE RECURSOS DO SUS PROVENIENTES DO GOVERNO ESTADUAL;20.000,00
FUNDO MUNICIPAL DE SAÚDE DE BARBACENA;18.002;FUNDO MUNICIPAL DE SAUDE;2.034;MANUTENÇÃO DO SISTEMA DE IMUNIZAÇÃO;4;VIGILANCIA EM SAUDE;10;Saúde;305;Vigilância Epidemiológica;294;3.3.90.46.00.00.00.00;AUXÍLIO-ALIMENTAÇÃO;2.621.000.0000;TRANSFERÊNCIAS FUNDO A FUNDO DE RECURSOS DO SUS PROVENIENTES DO GOVERNO ESTADUAL;14.620,00
FUNDO MUNICIPAL DE SAÚDE DE BARBACENA;18.002;FUNDO MUNICIPAL DE SAUDE;2.034;MANUTENÇÃO DO SISTEMA DE IMUNIZAÇÃO;4;VIGILANCIA EM SAUDE;10;Saúde;305;Vigilância Epidemiológica;295;4.4.90.52.00.00.00.00;EQUIPAMENTOS E MATERIAL PERMANENTE;1.601.000.0000;TRANSFERÊNCIAS FUNDO A FUNDO DE RECURSOS DO SUS PROVENIENTES DO GOVERNO FEDERAL - BLOCO DE ESTRUTURAÇÃO DA REDE DE SERVIÇOS PÚBLICOS DE SAÚDE;1.000,00
FUNDO MUNICIPAL DE SAÚDE DE BARBACENA;18.002;FUNDO MUNICIPAL DE SAUDE;2.034;MANUTENÇÃO DO SISTEMA DE IMUNIZAÇÃO;4;VIGILANCIA EM SAUDE;10;Saúde;305;Vigilância Epidemiológica;295;4.4.90.52.00.00.00.00;EQUIPAMENTOS E MATERIAL PERMANENTE;1.621.000.0000;TRANSFERÊNCIAS FUNDO A FUNDO DE RECURSOS DO SUS PROVENIENTES DO GOVERNO ESTADUAL;1.000,00
FUNDO MUNICIPAL DE SAÚDE DE BARBACENA;18.002;FUNDO MUNICIPAL DE SAUDE;2.034;MANUTENÇÃO DO SISTEMA DE IMUNIZAÇÃO;4;VIGILANCIA EM SAUDE;10;Saúde;305;Vigilância Epidemiológica;295;4.4.90.52.00.00.00.00;EQUIPAMENTOS E MATERIAL PERMANENTE;2.621.000.0000;TRANSFERÊNCIAS FUNDO A FUNDO DE RECURSOS DO SUS PROVENIENTES DO GOVERNO ESTADUAL;251.741,05
FUNDO MUNICIPAL DE SAÚDE DE BARBACENA;18.002;FUNDO MUNICIPAL DE SAUDE;2.648;MANUTENÇAO DO PROGRAMA DE CONTROLE DA DENGUE;4;VIGILANCIA EM SAUDE;10;Saúde;305;Vigilância Epidemiológica;296;3.1.90.04.00.00.00.00;CONTRATAÇÃO POR TEMPO DETERMINADO;1.600.000.0000;TRANSFERÊNCIAS FUNDO A FUNDO DE RECURSOS DO SUS PROVENIENTES DO GOVERNO FEDERAL - BLOCO DE MANUTENÇÃO DAS AÇÕES E SERVIÇOS PÚBLICOS DE SAÚDE;1.000,00
FUNDO MUNICIPAL DE SAÚDE DE BARBACENA;18.002;FUNDO MUNICIPAL DE SAUDE;2.648;MANUTENÇAO DO PROGRAMA DE CONTROLE DA DENGUE;4;VIGILANCIA EM SAUDE;10;Saúde;305;Vigilância Epidemiológica;297;3.3.90.30.00.00.00.00;MATERIAL DE CONSUMO;1.500.000.1002;RECURSOS NÃO VINCULADOS DE IMPOSTOS (SAÚDE);500,00
FUNDO MUNICIPAL DE SAÚDE DE BARBACENA;18.002;FUNDO MUNICIPAL DE SAUDE;2.648;MANUTENÇAO DO PROGRAMA DE CONTROLE DA DENGUE;4;VIGILANCIA EM SAUDE;10;Saúde;305;Vigilância Epidemiológica;297;3.3.90.30.00.00.00.00;MATERIAL DE CONSUMO;1.600.000.0000;TRANSFERÊNCIAS FUNDO A FUNDO DE RECURSOS DO SUS PROVENIENTES DO GOVERNO FEDERAL - BLOCO DE MANUTENÇÃO DAS AÇÕES E SERVIÇOS PÚBLICOS DE SAÚDE;500,00
FUNDO MUNICIPAL DE SAÚDE DE BARBACENA;18.002;FUNDO MUNICIPAL DE SAUDE;2.648;MANUTENÇAO DO PROGRAMA DE CONTROLE DA DENGUE;4;VIGILANCIA EM SAUDE;10;Saúde;305;Vigilância Epidemiológica;297;3.3.90.30.00.00.00.00;MATERIAL DE CONSUMO;1.621.000.0000;TRANSFERÊNCIAS FUNDO A FUNDO DE RECURSOS DO SUS PROVENIENTES DO GOVERNO ESTADUAL;500,00
FUNDO MUNICIPAL DE SAÚDE DE BARBACENA;18.002;FUNDO MUNICIPAL DE SAUDE;2.648;MANUTENÇAO DO PROGRAMA DE CONTROLE DA DENGUE;4;VIGILANCIA EM SAUDE;10;Saúde;305;Vigilância Epidemiológica;298;3.3.90.39.00.00.00.00;OUTROS SERVIÇOS DE TERCEIROS - PESSOA JURÍDICA;1.500.000.1002;RECURSOS NÃO VINCULADOS DE IMPOSTOS (SAÚDE);500,00
FUNDO MUNICIPAL DE SAÚDE DE BARBACENA;18.002;FUNDO MUNICIPAL DE SAUDE;2.648;MANUTENÇAO DO PROGRAMA DE CONTROLE DA DENGUE;4;VIGILANCIA EM SAUDE;10;Saúde;305;Vigilância Epidemiológica;298;3.3.90.39.00.00.00.00;OUTROS SERVIÇOS DE TERCEIROS - PESSOA JURÍDICA;1.600.000.0000;TRANSFERÊNCIAS FUNDO A FUNDO DE RECURSOS DO SUS PROVENIENTES DO GOVERNO FEDERAL - BLOCO DE MANUTENÇÃO DAS AÇÕES E SERVIÇOS PÚBLICOS DE SAÚDE;500,00
FUNDO MUNICIPAL DE SAÚDE DE BARBACENA;18.002;FUNDO MUNICIPAL DE SAUDE;2.648;MANUTENÇAO DO PROGRAMA DE CONTROLE DA DENGUE;4;VIGILANCIA EM SAUDE;10;Saúde;305;Vigilância Epidemiológica;298;3.3.90.39.00.00.00.00;OUTROS SERVIÇOS DE TERCEIROS - PESSOA JURÍDICA;1.621.000.0000;TRANSFERÊNCIAS FUNDO A FUNDO DE RECURSOS DO SUS PROVENIENTES DO GOVERNO ESTADUAL;500,00
FUNDO MUNICIPAL DE SAÚDE DE BARBACENA;18.002;FUNDO MUNICIPAL DE SAUDE;2.022;MANUTENÇAO DO CONTROLE SOCIAL;6;GESTÃO;10;Saúde;122;Administração Geral;5;3.1.90.11.00.00.00.00;VENCIMENTOS E VANTAGENS FIXAS - PESSOAL CIVIL;1.500.000.1002;RECURSOS NÃO VINCULADOS DE IMPOSTOS (SAÚDE);51.080,54
FUNDO MUNICIPAL DE SAÚDE DE BARBACENA;18.002;FUNDO MUNICIPAL DE SAUDE;2.022;MANUTENÇAO DO CONTROLE SOCIAL;6;GESTÃO;10;Saúde;122;Administração Geral;6;3.1.91.13.00.00.00.00;OBRIGAÇÕES PATRONAIS;1.500.000.1002;RECURSOS NÃO VINCULADOS DE IMPOSTOS (SAÚDE);14.302,54
FUNDO MUNICIPAL DE SAÚDE DE BARBACENA;18.002;FUNDO MUNICIPAL DE SAUDE;2.022;MANUTENÇAO DO CONTROLE SOCIAL;6;GESTÃO;10;Saúde;122;Administração Geral;7;3.3.90.14.00.00.00.00;DIÁRIAS - PESSOAL CIVIL;1.500.000.1002;RECURSOS NÃO VINCULADOS DE IMPOSTOS (SAÚDE);1.000,00
FUNDO MUNICIPAL DE SAÚDE DE BARBACENA;18.002;FUNDO MUNICIPAL DE SAUDE;2.022;MANUTENÇAO DO CONTROLE SOCIAL;6;GESTÃO;10;Saúde;122;Administração Geral;8;3.3.90.18.00.00.00.00;AUXÍLIO FINANCEIRO A ESTUDANTES;1.500.000.1002;RECURSOS NÃO VINCULADOS DE IMPOSTOS (SAÚDE);1.000,00
FUNDO MUNICIPAL DE SAÚDE DE BARBACENA;18.002;FUNDO MUNICIPAL DE SAUDE;2.022;MANUTENÇAO DO CONTROLE SOCIAL;6;GESTÃO;10;Saúde;122;Administração Geral;9;3.3.90.30.00.00.00.00;MATERIAL DE CONSUMO;1.500.000.1002;RECURSOS NÃO VINCULADOS DE IMPOSTOS (SAÚDE);2.000,00
FUNDO MUNICIPAL DE SAÚDE DE BARBACENA;18.002;FUNDO MUNICIPAL DE SAUDE;2.022;MANUTENÇAO DO CONTROLE SOCIAL;6;GESTÃO;10;Saúde;122;Administração Geral;10;3.3.90.36.00.00.00.00;OUTROS SERVIÇOS DE TERCEIROS - PESSOA FÍSICA;1.500.000.1002;RECURSOS NÃO VINCULADOS DE IMPOSTOS (SAÚDE);1.000,00
FUNDO MUNICIPAL DE SAÚDE DE BARBACENA;18.002;FUNDO MUNICIPAL DE SAUDE;2.022;MANUTENÇAO DO CONTROLE SOCIAL;6;GESTÃO;10;Saúde;122;Administração Geral;11;3.3.90.39.00.00.00.00;OUTROS SERVIÇOS DE TERCEIROS - PESSOA JURÍDICA;1.500.000.1002;RECURSOS NÃO VINCULADOS DE IMPOSTOS (SAÚDE);14.195,90
FUNDO MUNICIPAL DE SAÚDE DE BARBACENA;18.002;FUNDO MUNICIPAL DE SAUDE;2.022;MANUTENÇAO DO CONTROLE SOCIAL;6;GESTÃO;10;Saúde;122;Administração Geral;12;3.3.90.40.00.00.00.00;SERVIÇOS DE TECNOLOGIA DA INFORMAÇÃO E COMUNICAÇ;1.500.000.1002;RECURSOS NÃO VINCULADOS DE IMPOSTOS (SAÚDE);1.000,00
FUNDO MUNICIPAL DE SAÚDE DE BARBACENA;18.002;FUNDO MUNICIPAL DE SAUDE;2.022;MANUTENÇAO DO CONTROLE SOCIAL;6;GESTÃO;10;Saúde;122;Administração Geral;13;3.3.90.46.00.00.00.00;AUXÍLIO-ALIMENTAÇÃO;1.500.000.1002;RECURSOS NÃO VINCULADOS DE IMPOSTOS (SAÚDE);7.200,00
FUNDO MUNICIPAL DE SAÚDE DE BARBACENA;18.002;FUNDO MUNICIPAL DE SAUDE;2.022;MANUTENÇAO DO CONTROLE SOCIAL;6;GESTÃO;10;Saúde;122;Administração Geral;14;4.4.90.52.00.00.00.00;EQUIPAMENTOS E MATERIAL PERMANENTE;1.500.000.1002;RECURSOS NÃO VINCULADOS DE IMPOSTOS (SAÚDE);10.000,00
FUNDO MUNICIPAL DE SAÚDE DE BARBACENA;18.002;FUNDO MUNICIPAL DE SAUDE;2.024;MANUTENÇAO DA OUVIDORIA;6;GESTÃO;10;Saúde;122;Administração Geral;15;3.1.90.04.00.00.00.00;CONTRATAÇÃO POR TEMPO DETERMINADO;1.500.000.1002;RECURSOS NÃO VINCULADOS DE IMPOSTOS (SAÚDE);500,00
FUNDO MUNICIPAL DE SAÚDE DE BARBACENA;18.002;FUNDO MUNICIPAL DE SAUDE;2.024;MANUTENÇAO DA OUVIDORIA;6;GESTÃO;10;Saúde;122;Administração Geral;16;3.1.90.11.00.00.00.00;VENCIMENTOS E VANTAGENS FIXAS - PESSOAL CIVIL;1.500.000.1002;RECURSOS NÃO VINCULADOS DE IMPOSTOS (SAÚDE);106.337,50
FUNDO MUNICIPAL DE SAÚDE DE BARBACENA;18.002;FUNDO MUNICIPAL DE SAUDE;2.024;MANUTENÇAO DA OUVIDORIA;6;GESTÃO;10;Saúde;122;Administração Geral;16;3.1.90.11.00.00.00.00;VENCIMENTOS E VANTAGENS FIXAS - PESSOAL CIVIL;1.600.000.0000;TRANSFERÊNCIAS FUNDO A FUNDO DE RECURSOS DO SUS PROVENIENTES DO GOVERNO FEDERAL - BLOCO DE MANUTENÇÃO DAS AÇÕES E SERVIÇOS PÚBLICOS DE SAÚDE;500,00
FUNDO MUNICIPAL DE SAÚDE DE BARBACENA;18.002;FUNDO MUNICIPAL DE SAUDE;2.024;MANUTENÇAO DA OUVIDORIA;6;GESTÃO;10;Saúde;122;Administração Geral;16;3.1.90.11.00.00.00.00;VENCIMENTOS E VANTAGENS FIXAS - PESSOAL CIVIL;1.621.000.0000;TRANSFERÊNCIAS FUNDO A FUNDO DE RECURSOS DO SUS PROVENIENTES DO GOVERNO ESTADUAL;500,00
FUNDO MUNICIPAL DE SAÚDE DE BARBACENA;18.002;FUNDO MUNICIPAL DE SAUDE;2.024;MANUTENÇAO DA OUVIDORIA;6;GESTÃO;10;Saúde;122;Administração Geral;17;3.1.91.13.00.00.00.00;OBRIGAÇÕES PATRONAIS;1.500.000.1002;RECURSOS NÃO VINCULADOS DE IMPOSTOS (SAÚDE);29.150,52
FUNDO MUNICIPAL DE SAÚDE DE BARBACENA;18.002;FUNDO MUNICIPAL DE SAUDE;2.024;MANUTENÇAO DA OUVIDORIA;6;GESTÃO;10;Saúde;122;Administração Geral;17;3.1.91.13.00.00.00.00;OBRIGAÇÕES PATRONAIS;1.600.000.0000;TRANSFERÊNCIAS FUNDO A FUNDO DE RECURSOS DO SUS PROVENIENTES DO GOVERNO FEDERAL - BLOCO DE MANUTENÇÃO DAS AÇÕES E SERVIÇOS PÚBLICOS DE SAÚDE;500,00
FUNDO MUNICIPAL DE SAÚDE DE BARBACENA;18.002;FUNDO MUNICIPAL DE SAUDE;2.024;MANUTENÇAO DA OUVIDORIA;6;GESTÃO;10;Saúde;122;Administração Geral;18;3.3.90.14.00.00.00.00;DIÁRIAS - PESSOAL CIVIL;1.500.000.1002;RECURSOS NÃO VINCULADOS DE IMPOSTOS (SAÚDE);1.000,00
FUNDO MUNICIPAL DE SAÚDE DE BARBACENA;18.002;FUNDO MUNICIPAL DE SAUDE;2.024;MANUTENÇAO DA OUVIDORIA;6;GESTÃO;10;Saúde;122;Administração Geral;18;3.3.90.14.00.00.00.00;DIÁRIAS - PESSOAL CIVIL;1.600.000.0000;TRANSFERÊNCIAS FUNDO A FUNDO DE RECURSOS DO SUS PROVENIENTES DO GOVERNO FEDERAL - BLOCO DE MANUTENÇÃO DAS AÇÕES E SERVIÇOS PÚBLICOS DE SAÚDE;500,00
FUNDO MUNICIPAL DE SAÚDE DE BARBACENA;18.002;FUNDO MUNICIPAL DE SAUDE;2.024;MANUTENÇAO DA OUVIDORIA;6;GESTÃO;10;Saúde;122;Administração Geral;19;3.3.90.18.00.00.00.00;AUXÍLIO FINANCEIRO A ESTUDANTES;1.500.000.1002;RECURSOS NÃO VINCULADOS DE IMPOSTOS (SAÚDE);1.000,00
FUNDO MUNICIPAL DE SAÚDE DE BARBACENA;18.002;FUNDO MUNICIPAL DE SAUDE;2.024;MANUTENÇAO DA OUVIDORIA;6;GESTÃO;10;Saúde;122;Administração Geral;20;3.3.90.30.00.00.00.00;MATERIAL DE CONSUMO;1.500.000.1002;RECURSOS NÃO VINCULADOS DE IMPOSTOS (SAÚDE);500,00
FUNDO MUNICIPAL DE SAÚDE DE BARBACENA;18.002;FUNDO MUNICIPAL DE SAUDE;2.024;MANUTENÇAO DA OUVIDORIA;6;GESTÃO;10;Saúde;122;Administração Geral;20;3.3.90.30.00.00.00.00;MATERIAL DE CONSUMO;1.600.000.0000;TRANSFERÊNCIAS FUNDO A FUNDO DE RECURSOS DO SUS PROVENIENTES DO GOVERNO FEDERAL - BLOCO DE MANUTENÇÃO DAS AÇÕES E SERVIÇOS PÚBLICOS DE SAÚDE;500,00
FUNDO MUNICIPAL DE SAÚDE DE BARBACENA;18.002;FUNDO MUNICIPAL DE SAUDE;2.024;MANUTENÇAO DA OUVIDORIA;6;GESTÃO;10;Saúde;122;Administração Geral;21;3.3.90.36.00.00.00.00;OUTROS SERVIÇOS DE TERCEIROS - PESSOA FÍSICA;1.500.000.1002;RECURSOS NÃO VINCULADOS DE IMPOSTOS (SAÚDE);2.137,54
FUNDO MUNICIPAL DE SAÚDE DE BARBACENA;18.002;FUNDO MUNICIPAL DE SAUDE;2.024;MANUTENÇAO DA OUVIDORIA;6;GESTÃO;10;Saúde;122;Administração Geral;22;3.3.90.39.00.00.00.00;OUTROS SERVIÇOS DE TERCEIROS - PESSOA JURÍDICA;1.500.000.1002;RECURSOS NÃO VINCULADOS DE IMPOSTOS (SAÚDE);31.000,00
FUNDO MUNICIPAL DE SAÚDE DE BARBACENA;18.002;FUNDO MUNICIPAL DE SAUDE;2.024;MANUTENÇAO DA OUVIDORIA;6;GESTÃO;10;Saúde;122;Administração Geral;22;3.3.90.39.00.00.00.00;OUTROS SERVIÇOS DE TERCEIROS - PESSOA JURÍDICA;1.600.000.0000;TRANSFERÊNCIAS FUNDO A FUNDO DE RECURSOS DO SUS PROVENIENTES DO GOVERNO FEDERAL - BLOCO DE MANUTENÇÃO DAS AÇÕES E SERVIÇOS PÚBLICOS DE SAÚDE;500,00
FUNDO MUNICIPAL DE SAÚDE DE BARBACENA;18.002;FUNDO MUNICIPAL DE SAUDE;2.024;MANUTENÇAO DA OUVIDORIA;6;GESTÃO;10;Saúde;122;Administração Geral;22;3.3.90.39.00.00.00.00;OUTROS SERVIÇOS DE TERCEIROS - PESSOA JURÍDICA;1.621.000.0000;TRANSFERÊNCIAS FUNDO A FUNDO DE RECURSOS DO SUS PROVENIENTES DO GOVERNO ESTADUAL;1.000,00
FUNDO MUNICIPAL DE SAÚDE DE BARBACENA;18.002;FUNDO MUNICIPAL DE SAUDE;2.024;MANUTENÇAO DA OUVIDORIA;6;GESTÃO;10;Saúde;122;Administração Geral;23;3.3.90.40.00.00.00.00;SERVIÇOS DE TECNOLOGIA DA INFORMAÇÃO E COMUNICAÇ;1.500.000.1002;RECURSOS NÃO VINCULADOS DE IMPOSTOS (SAÚDE);1.000,00
FUNDO MUNICIPAL DE SAÚDE DE BARBACENA;18.002;FUNDO MUNICIPAL DE SAUDE;2.024;MANUTENÇAO DA OUVIDORIA;6;GESTÃO;10;Saúde;122;Administração Geral;23;3.3.90.40.00.00.00.00;SERVIÇOS DE TECNOLOGIA DA INFORMAÇÃO E COMUNICAÇ;1.621.000.0000;TRANSFERÊNCIAS FUNDO A FUNDO DE RECURSOS DO SUS PROVENIENTES DO GOVERNO ESTADUAL;1.000,00
FUNDO MUNICIPAL DE SAÚDE DE BARBACENA;18.002;FUNDO MUNICIPAL DE SAUDE;2.024;MANUTENÇAO DA OUVIDORIA;6;GESTÃO;10;Saúde;122;Administração Geral;24;3.3.90.46.00.00.00.00;AUXÍLIO-ALIMENTAÇÃO;1.500.000.1002;RECURSOS NÃO VINCULADOS DE IMPOSTOS (SAÚDE);13.200,00
FUNDO MUNICIPAL DE SAÚDE DE BARBACENA;18.002;FUNDO MUNICIPAL DE SAUDE;2.024;MANUTENÇAO DA OUVIDORIA;6;GESTÃO;10;Saúde;122;Administração Geral;25;4.4.90.52.00.00.00.00;EQUIPAMENTOS E MATERIAL PERMANENTE;1.500.000.1002;RECURSOS NÃO VINCULADOS DE IMPOSTOS (SAÚDE);1.000,00
FUNDO MUNICIPAL DE SAÚDE DE BARBACENA;18.002;FUNDO MUNICIPAL DE SAUDE;2.031;MANUTENÇAO DO SIMACRA;6;GESTÃO;10;Saúde;122;Administração Geral;26;3.1.90.04.00.00.00.00;CONTRATAÇÃO POR TEMPO DETERMINADO;1.500.000.1002;RECURSOS NÃO VINCULADOS DE IMPOSTOS (SAÚDE);139.064,88
FUNDO MUNICIPAL DE SAÚDE DE BARBACENA;18.002;FUNDO MUNICIPAL DE SAUDE;2.031;MANUTENÇAO DO SIMACRA;6;GESTÃO;10;Saúde;122;Administração Geral;26;3.1.90.04.00.00.00.00;CONTRATAÇÃO POR TEMPO DETERMINADO;1.600.000.0000;TRANSFERÊNCIAS FUNDO A FUNDO DE RECURSOS DO SUS PROVENIENTES DO GOVERNO FEDERAL - BLOCO DE MANUTENÇÃO DAS AÇÕES E SERVIÇOS PÚBLICOS DE SAÚDE;1.000,00
FUNDO MUNICIPAL DE SAÚDE DE BARBACENA;18.002;FUNDO MUNICIPAL DE SAUDE;2.031;MANUTENÇAO DO SIMACRA;6;GESTÃO;10;Saúde;122;Administração Geral;26;3.1.90.04.00.00.00.00;CONTRATAÇÃO POR TEMPO DETERMINADO;1.621.000.0000;TRANSFERÊNCIAS FUNDO A FUNDO DE RECURSOS DO SUS PROVENIENTES DO GOVERNO ESTADUAL;500,00
FUNDO MUNICIPAL DE SAÚDE DE BARBACENA;18.002;FUNDO MUNICIPAL DE SAUDE;2.031;MANUTENÇAO DO SIMACRA;6;GESTÃO;10;Saúde;122;Administração Geral;27;3.1.90.11.00.00.00.00;VENCIMENTOS E VANTAGENS FIXAS - PESSOAL CIVIL;1.500.000.1002;RECURSOS NÃO VINCULADOS DE IMPOSTOS (SAÚDE);414.448,08
FUNDO MUNICIPAL DE SAÚDE DE BARBACENA;18.002;FUNDO MUNICIPAL DE SAUDE;2.031;MANUTENÇAO DO SIMACRA;6;GESTÃO;10;Saúde;122;Administração Geral;27;3.1.90.11.00.00.00.00;VENCIMENTOS E VANTAGENS FIXAS - PESSOAL CIVIL;1.600.000.0000;TRANSFERÊNCIAS FUNDO A FUNDO DE RECURSOS DO SUS PROVENIENTES DO GOVERNO FEDERAL - BLOCO DE MANUTENÇÃO DAS AÇÕES E SERVIÇOS PÚBLICOS DE SAÚDE;302.991,72
FUNDO MUNICIPAL DE SAÚDE DE BARBACENA;18.002;FUNDO MUNICIPAL DE SAUDE;2.031;MANUTENÇAO DO SIMACRA;6;GESTÃO;10;Saúde;122;Administração Geral;27;3.1.90.11.00.00.00.00;VENCIMENTOS E VANTAGENS FIXAS - PESSOAL CIVIL;1.621.000.0000;TRANSFERÊNCIAS FUNDO A FUNDO DE RECURSOS DO SUS PROVENIENTES DO GOVERNO ESTADUAL;500,00
FUNDO MUNICIPAL DE SAÚDE DE BARBACENA;18.002;FUNDO MUNICIPAL DE SAUDE;2.031;MANUTENÇAO DO SIMACRA;6;GESTÃO;10;Saúde;122;Administração Geral;28;3.1.90.13.00.00.00.00;OBRIGAÇÕES PATRONAIS;1.500.000.1002;RECURSOS NÃO VINCULADOS DE IMPOSTOS (SAÚDE);500,00
FUNDO MUNICIPAL DE SAÚDE DE BARBACENA;18.002;FUNDO MUNICIPAL DE SAUDE;2.031;MANUTENÇAO DO SIMACRA;6;GESTÃO;10;Saúde;122;Administração Geral;28;3.1.90.13.00.00.00.00;OBRIGAÇÕES PATRONAIS;1.600.000.0000;TRANSFERÊNCIAS FUNDO A FUNDO DE RECURSOS DO SUS PROVENIENTES DO GOVERNO FEDERAL - BLOCO DE MANUTENÇÃO DAS AÇÕES E SERVIÇOS PÚBLICOS DE SAÚDE;1.000,00
FUNDO MUNICIPAL DE SAÚDE DE BARBACENA;18.002;FUNDO MUNICIPAL DE SAUDE;2.031;MANUTENÇAO DO SIMACRA;6;GESTÃO;10;Saúde;122;Administração Geral;28;3.1.90.13.00.00.00.00;OBRIGAÇÕES PATRONAIS;1.621.000.0000;TRANSFERÊNCIAS FUNDO A FUNDO DE RECURSOS DO SUS PROVENIENTES DO GOVERNO ESTADUAL;500,00
FUNDO MUNICIPAL DE SAÚDE DE BARBACENA;18.002;FUNDO MUNICIPAL DE SAUDE;2.031;MANUTENÇAO DO SIMACRA;6;GESTÃO;10;Saúde;122;Administração Geral;29;3.1.90.92.00.00.00.00;DESPESAS DE EXERCÍCIOS ANTERIORES;1.500.000.1002;RECURSOS NÃO VINCULADOS DE IMPOSTOS (SAÚDE);500,00
FUNDO MUNICIPAL DE SAÚDE DE BARBACENA;18.002;FUNDO MUNICIPAL DE SAUDE;2.031;MANUTENÇAO DO SIMACRA;6;GESTÃO;10;Saúde;122;Administração Geral;29;3.1.90.92.00.00.00.00;DESPESAS DE EXERCÍCIOS ANTERIORES;1.600.000.0000;TRANSFERÊNCIAS FUNDO A FUNDO DE RECURSOS DO SUS PROVENIENTES DO GOVERNO FEDERAL - BLOCO DE MANUTENÇÃO DAS AÇÕES E SERVIÇOS PÚBLICOS DE SAÚDE;1.000,00
FUNDO MUNICIPAL DE SAÚDE DE BARBACENA;18.002;FUNDO MUNICIPAL DE SAUDE;2.031;MANUTENÇAO DO SIMACRA;6;GESTÃO;10;Saúde;122;Administração Geral;30;3.1.91.13.00.00.00.00;OBRIGAÇÕES PATRONAIS;1.500.000.1002;RECURSOS NÃO VINCULADOS DE IMPOSTOS (SAÚDE);115.339,38
FUNDO MUNICIPAL DE SAÚDE DE BARBACENA;18.002;FUNDO MUNICIPAL DE SAUDE;2.031;MANUTENÇAO DO SIMACRA;6;GESTÃO;10;Saúde;122;Administração Geral;30;3.1.91.13.00.00.00.00;OBRIGAÇÕES PATRONAIS;1.600.000.0000;TRANSFERÊNCIAS FUNDO A FUNDO DE RECURSOS DO SUS PROVENIENTES DO GOVERNO FEDERAL - BLOCO DE MANUTENÇÃO DAS AÇÕES E SERVIÇOS PÚBLICOS DE SAÚDE;80.976,36
FUNDO MUNICIPAL DE SAÚDE DE BARBACENA;18.002;FUNDO MUNICIPAL DE SAUDE;2.031;MANUTENÇAO DO SIMACRA;6;GESTÃO;10;Saúde;122;Administração Geral;31;3.3.90.08.00.00.00.00;OUTROS BENEFÍCIOS ASSISTENCIAIS-SERVIDOR/MILITAR;1.500.000.1002;RECURSOS NÃO VINCULADOS DE IMPOSTOS (SAÚDE);1.000,00
FUNDO MUNICIPAL DE SAÚDE DE BARBACENA;18.002;FUNDO MUNICIPAL DE SAUDE;2.031;MANUTENÇAO DO SIMACRA;6;GESTÃO;10;Saúde;122;Administração Geral;31;3.3.90.08.00.00.00.00;OUTROS BENEFÍCIOS ASSISTENCIAIS-SERVIDOR/MILITAR;1.600.000.0000;TRANSFERÊNCIAS FUNDO A FUNDO DE RECURSOS DO SUS PROVENIENTES DO GOVERNO FEDERAL - BLOCO DE MANUTENÇÃO DAS AÇÕES E SERVIÇOS PÚBLICOS DE SAÚDE;1.000,00
FUNDO MUNICIPAL DE SAÚDE DE BARBACENA;18.002;FUNDO MUNICIPAL DE SAUDE;2.031;MANUTENÇAO DO SIMACRA;6;GESTÃO;10;Saúde;122;Administração Geral;32;3.3.90.14.00.00.00.00;DIÁRIAS - PESSOAL CIVIL;1.500.000.1002;RECURSOS NÃO VINCULADOS DE IMPOSTOS (SAÚDE);4.100,00
FUNDO MUNICIPAL DE SAÚDE DE BARBACENA;18.002;FUNDO MUNICIPAL DE SAUDE;2.031;MANUTENÇAO DO SIMACRA;6;GESTÃO;10;Saúde;122;Administração Geral;33;3.3.90.18.00.00.00.00;AUXÍLIO FINANCEIRO A ESTUDANTES;1.500.000.1002;RECURSOS NÃO VINCULADOS DE IMPOSTOS (SAÚDE);1.000,00
FUNDO MUNICIPAL DE SAÚDE DE BARBACENA;18.002;FUNDO MUNICIPAL DE SAUDE;2.031;MANUTENÇAO DO SIMACRA;6;GESTÃO;10;Saúde;122;Administração Geral;33;3.3.90.18.00.00.00.00;AUXÍLIO FINANCEIRO A ESTUDANTES;1.600.000.0000;TRANSFERÊNCIAS FUNDO A FUNDO DE RECURSOS DO SUS PROVENIENTES DO GOVERNO FEDERAL - BLOCO DE MANUTENÇÃO DAS AÇÕES E SERVIÇOS PÚBLICOS DE SAÚDE;1.000,00
FUNDO MUNICIPAL DE SAÚDE DE BARBACENA;18.002;FUNDO MUNICIPAL DE SAUDE;2.031;MANUTENÇAO DO SIMACRA;6;GESTÃO;10;Saúde;122;Administração Geral;34;3.3.90.30.00.00.00.00;MATERIAL DE CONSUMO;1.500.000.1002;RECURSOS NÃO VINCULADOS DE IMPOSTOS (SAÚDE);1.000,00
FUNDO MUNICIPAL DE SAÚDE DE BARBACENA;18.002;FUNDO MUNICIPAL DE SAUDE;2.031;MANUTENÇAO DO SIMACRA;6;GESTÃO;10;Saúde;122;Administração Geral;34;3.3.90.30.00.00.00.00;MATERIAL DE CONSUMO;1.621.000.0000;TRANSFERÊNCIAS FUNDO A FUNDO DE RECURSOS DO SUS PROVENIENTES DO GOVERNO ESTADUAL;500,00
FUNDO MUNICIPAL DE SAÚDE DE BARBACENA;18.002;FUNDO MUNICIPAL DE SAUDE;2.031;MANUTENÇAO DO SIMACRA;6;GESTÃO;10;Saúde;122;Administração Geral;35;3.3.90.36.00.00.00.00;OUTROS SERVIÇOS DE TERCEIROS - PESSOA FÍSICA;1.500.000.1002;RECURSOS NÃO VINCULADOS DE IMPOSTOS (SAÚDE);1.000,00
FUNDO MUNICIPAL DE SAÚDE DE BARBACENA;18.002;FUNDO MUNICIPAL DE SAUDE;2.031;MANUTENÇAO DO SIMACRA;6;GESTÃO;10;Saúde;122;Administração Geral;36;3.3.90.39.00.00.00.00;OUTROS SERVIÇOS DE TERCEIROS - PESSOA JURÍDICA;1.500.000.1002;RECURSOS NÃO VINCULADOS DE IMPOSTOS (SAÚDE);500,00
FUNDO MUNICIPAL DE SAÚDE DE BARBACENA;18.002;FUNDO MUNICIPAL DE SAUDE;2.031;MANUTENÇAO DO SIMACRA;6;GESTÃO;10;Saúde;122;Administração Geral;36;3.3.90.39.00.00.00.00;OUTROS SERVIÇOS DE TERCEIROS - PESSOA JURÍDICA;1.600.000.0000;TRANSFERÊNCIAS FUNDO A FUNDO DE RECURSOS DO SUS PROVENIENTES DO GOVERNO FEDERAL - BLOCO DE MANUTENÇÃO DAS AÇÕES E SERVIÇOS PÚBLICOS DE SAÚDE;2.000,00
FUNDO MUNICIPAL DE SAÚDE DE BARBACENA;18.002;FUNDO MUNICIPAL DE SAUDE;2.031;MANUTENÇAO DO SIMACRA;6;GESTÃO;10;Saúde;122;Administração Geral;36;3.3.90.39.00.00.00.00;OUTROS SERVIÇOS DE TERCEIROS - PESSOA JURÍDICA;1.621.000.0000;TRANSFERÊNCIAS FUNDO A FUNDO DE RECURSOS DO SUS PROVENIENTES DO GOVERNO ESTADUAL;500,00
FUNDO MUNICIPAL DE SAÚDE DE BARBACENA;18.002;FUNDO MUNICIPAL DE SAUDE;2.031;MANUTENÇAO DO SIMACRA;6;GESTÃO;10;Saúde;122;Administração Geral;37;3.3.90.46.00.00.00.00;AUXÍLIO-ALIMENTAÇÃO;1.500.000.1002;RECURSOS NÃO VINCULADOS DE IMPOSTOS (SAÚDE);24.600,00
FUNDO MUNICIPAL DE SAÚDE DE BARBACENA;18.002;FUNDO MUNICIPAL DE SAUDE;2.031;MANUTENÇAO DO SIMACRA;6;GESTÃO;10;Saúde;122;Administração Geral;37;3.3.90.46.00.00.00.00;AUXÍLIO-ALIMENTAÇÃO;1.600.000.0000;TRANSFERÊNCIAS FUNDO A FUNDO DE RECURSOS DO SUS PROVENIENTES DO GOVERNO FEDERAL - BLOCO DE MANUTENÇÃO DAS AÇÕES E SERVIÇOS PÚBLICOS DE SAÚDE;24.537,17
FUNDO MUNICIPAL DE SAÚDE DE BARBACENA;18.002;FUNDO MUNICIPAL DE SAUDE;2.031;MANUTENÇAO DO SIMACRA;6;GESTÃO;10;Saúde;122;Administração Geral;38;3.3.90.93.00.00.00.00;INDENIZAÇÕES E RESTITUIÇÕES;1.621.000.0000;TRANSFERÊNCIAS FUNDO A FUNDO DE RECURSOS DO SUS PROVENIENTES DO GOVERNO ESTADUAL;500,00
FUNDO MUNICIPAL DE SAÚDE DE BARBACENA;18.002;FUNDO MUNICIPAL DE SAUDE;2.031;MANUTENÇAO DO SIMACRA;6;GESTÃO;10;Saúde;122;Administração Geral;39;4.4.90.52.00.00.00.00;EQUIPAMENTOS E MATERIAL PERMANENTE;1.500.000.1002;RECURSOS NÃO VINCULADOS DE IMPOSTOS (SAÚDE);500,00
FUNDO MUNICIPAL DE SAÚDE DE BARBACENA;18.002;FUNDO MUNICIPAL DE SAUDE;2.031;MANUTENÇAO DO SIMACRA;6;GESTÃO;10;Saúde;122;Administração Geral;39;4.4.90.52.00.00.00.00;EQUIPAMENTOS E MATERIAL PERMANENTE;1.621.000.0000;TRANSFERÊNCIAS FUNDO A FUNDO DE RECURSOS DO SUS PROVENIENTES DO GOVERNO ESTADUAL;500,00
FUNDO MUNICIPAL DE SAÚDE DE BARBACENA;18.002;FUNDO MUNICIPAL DE SAUDE;2.031;MANUTENÇAO DO SIMACRA;6;GESTÃO;10;Saúde;122;Administração Geral;311;3.1.90.94.00.00.00.00;INDENIZAÇÕES E RESTITUIÇÕES TRABALHISTAS;1.500.000.1002;RECURSOS NÃO VINCULADOS DE IMPOSTOS (SAÚDE);49.852,66
FUNDO MUNICIPAL DE SAÚDE DE BARBACENA;18.002;FUNDO MUNICIPAL DE SAUDE;2.020;MANUTENÇÃO DO PROGRAMA DE ALIMENTAÇÃO E NUTRIÇÃO;6;GESTÃO;10;Saúde;306;Alimentação e Nutrição;299;3.3.90.30.00.00.00.00;MATERIAL DE CONSUMO;1.600.000.0000;TRANSFERÊNCIAS FUNDO A FUNDO DE RECURSOS DO SUS PROVENIENTES DO GOVERNO FEDERAL - BLOCO DE MANUTENÇÃO DAS AÇÕES E SERVIÇOS PÚBLICOS DE SAÚDE;500,00
FUNDO MUNICIPAL DE SAÚDE DE BARBACENA;18.002;FUNDO MUNICIPAL DE SAUDE;2.020;MANUTENÇÃO DO PROGRAMA DE ALIMENTAÇÃO E NUTRIÇÃO;6;GESTÃO;10;Saúde;306;Alimentação e Nutrição;300;4.4.90.52.00.00.00.00;EQUIPAMENTOS E MATERIAL PERMANENTE;1.600.000.0000;TRANSFERÊNCIAS FUNDO A FUNDO DE RECURSOS DO SUS PROVENIENTES DO GOVERNO FEDERAL - BLOCO DE MANUTENÇÃO DAS AÇÕES E SERVIÇOS PÚBLICOS DE SAÚDE;500,00
FUNDO MUNICIPAL DE SAÚDE DE BARBACENA;18.002;FUNDO MUNICIPAL DE SAUDE;2.018;PESSOAL E ENCARGOS SOCIAIS DA SESAP;11;APOIO A ADMINISTRAÇAO PUBLICA;10;Saúde;122;Administração Geral;40;3.1.90.04.00.00.00.00;CONTRATAÇÃO POR TEMPO DETERMINADO;1.500.000.1002;RECURSOS NÃO VINCULADOS DE IMPOSTOS (SAÚDE);8.171.122,74
FUNDO MUNICIPAL DE SAÚDE DE BARBACENA;18.002;FUNDO MUNICIPAL DE SAUDE;2.018;PESSOAL E ENCARGOS SOCIAIS DA SESAP;11;APOIO A ADMINISTRAÇAO PUBLICA;10;Saúde;122;Administração Geral;40;3.1.90.04.00.00.00.00;CONTRATAÇÃO POR TEMPO DETERMINADO;1.605.000.0000;ASSISTÊNCIA FINANCEIRA DA UNIÃO DESTINADA À COMPLEMENTAÇÃO AO PAGAMENTO DOS PISOS SALARIAIS PARA PROFISSIONAIS DA ENFERMAGEM.;1.145.635,03
FUNDO MUNICIPAL DE SAÚDE DE BARBACENA;18.002;FUNDO MUNICIPAL DE SAUDE;2.018;PESSOAL E ENCARGOS SOCIAIS DA SESAP;11;APOIO A ADMINISTRAÇAO PUBLICA;10;Saúde;122;Administração Geral;40;3.1.90.04.00.00.00.00;CONTRATAÇÃO POR TEMPO DETERMINADO;2.605.000.0000;ASSISTÊNCIA FINANCEIRA DA UNIÃO DESTINADA À COMPLEMENTAÇÃO AO PAGAMENTO DOS PISOS SALARIAIS PARA PROFISSIONAIS DA ENFERMAGEM.;70.208,39
FUNDO MUNICIPAL DE SAÚDE DE BARBACENA;18.002;FUNDO MUNICIPAL DE SAUDE;2.018;PESSOAL E ENCARGOS SOCIAIS DA SESAP;11;APOIO A ADMINISTRAÇAO PUBLICA;10;Saúde;122;Administração Geral;41;3.1.90.11.00.00.00.00;VENCIMENTOS E VANTAGENS FIXAS - PESSOAL CIVIL;1.500.000.1002;RECURSOS NÃO VINCULADOS DE IMPOSTOS (SAÚDE);1.036.028,28
FUNDO MUNICIPAL DE SAÚDE DE BARBACENA;18.002;FUNDO MUNICIPAL DE SAUDE;2.018;PESSOAL E ENCARGOS SOCIAIS DA SESAP;11;APOIO A ADMINISTRAÇAO PUBLICA;10;Saúde;122;Administração Geral;41;3.1.90.11.00.00.00.00;VENCIMENTOS E VANTAGENS FIXAS - PESSOAL CIVIL;1.605.000.0000;ASSISTÊNCIA FINANCEIRA DA UNIÃO DESTINADA À COMPLEMENTAÇÃO AO PAGAMENTO DOS PISOS SALARIAIS PARA PROFISSIONAIS DA ENFERMAGEM.;20.168,96
FUNDO MUNICIPAL DE SAÚDE DE BARBACENA;18.002;FUNDO MUNICIPAL DE SAUDE;2.018;PESSOAL E ENCARGOS SOCIAIS DA SESAP;11;APOIO A ADMINISTRAÇAO PUBLICA;10;Saúde;122;Administração Geral;42;3.1.90.13.00.00.00.00;OBRIGAÇÕES PATRONAIS;1.500.000.1002;RECURSOS NÃO VINCULADOS DE IMPOSTOS (SAÚDE);20.000,00
FUNDO MUNICIPAL DE SAÚDE DE BARBACENA;18.002;FUNDO MUNICIPAL DE SAUDE;2.018;PESSOAL E ENCARGOS SOCIAIS DA SESAP;11;APOIO A ADMINISTRAÇAO PUBLICA;10;Saúde;122;Administração Geral;43;3.1.90.16.00.00.00.00;OUTRAS DESPESAS VARIÁVEIS - PESSOAL CIVIL;1.500.000.1002;RECURSOS NÃO VINCULADOS DE IMPOSTOS (SAÚDE);500,00
FUNDO MUNICIPAL DE SAÚDE DE BARBACENA;18.002;FUNDO MUNICIPAL DE SAUDE;2.018;PESSOAL E ENCARGOS SOCIAIS DA SESAP;11;APOIO A ADMINISTRAÇAO PUBLICA;10;Saúde;122;Administração Geral;44;3.1.90.92.00.00.00.00;DESPESAS DE EXERCÍCIOS ANTERIORES;1.500.000.1002;RECURSOS NÃO VINCULADOS DE IMPOSTOS (SAÚDE);500,00
FUNDO MUNICIPAL DE SAÚDE DE BARBACENA;18.002;FUNDO MUNICIPAL DE SAUDE;2.018;PESSOAL E ENCARGOS SOCIAIS DA SESAP;11;APOIO A ADMINISTRAÇAO PUBLICA;10;Saúde;122;Administração Geral;45;3.1.90.94.00.00.00.00;INDENIZAÇÕES E RESTITUIÇÕES TRABALHISTAS;1.500.000.1002;RECURSOS NÃO VINCULADOS DE IMPOSTOS (SAÚDE);17.402,48
FUNDO MUNICIPAL DE SAÚDE DE BARBACENA;18.002;FUNDO MUNICIPAL DE SAUDE;2.018;PESSOAL E ENCARGOS SOCIAIS DA SESAP;11;APOIO A ADMINISTRAÇAO PUBLICA;10;Saúde;122;Administração Geral;46;3.1.91.13.00.00.00.00;OBRIGAÇÕES PATRONAIS;1.500.000.1002;RECURSOS NÃO VINCULADOS DE IMPOSTOS (SAÚDE);235.953,02
FUNDO MUNICIPAL DE SAÚDE DE BARBACENA;18.002;FUNDO MUNICIPAL DE SAUDE;2.018;PESSOAL E ENCARGOS SOCIAIS DA SESAP;11;APOIO A ADMINISTRAÇAO PUBLICA;10;Saúde;122;Administração Geral;46;3.1.91.13.00.00.00.00;OBRIGAÇÕES PATRONAIS;1.605.000.0000;ASSISTÊNCIA FINANCEIRA DA UNIÃO DESTINADA À COMPLEMENTAÇÃO AO PAGAMENTO DOS PISOS SALARIAIS PARA PROFISSIONAIS DA ENFERMAGEM.;5.000,00
FUNDO MUNICIPAL DE SAÚDE DE BARBACENA;18.002;FUNDO MUNICIPAL DE SAUDE;2.018;PESSOAL E ENCARGOS SOCIAIS DA SESAP;11;APOIO A ADMINISTRAÇAO PUBLICA;10;Saúde;122;Administração Geral;47;3.1.91.92.00.00.00.00;DESPESAS DE EXERCÍCIOS ANTERIORES;1.500.000.1002;RECURSOS NÃO VINCULADOS DE IMPOSTOS (SAÚDE);500,00
FUNDO MUNICIPAL DE SAÚDE DE BARBACENA;18.002;FUNDO MUNICIPAL DE SAUDE;2.018;PESSOAL E ENCARGOS SOCIAIS DA SESAP;11;APOIO A ADMINISTRAÇAO PUBLICA;10;Saúde;122;Administração Geral;48;3.3.90.08.00.00.00.00;OUTROS BENEFÍCIOS ASSISTENCIAIS-SERVIDOR/MILITAR;1.500.000.1002;RECURSOS NÃO VINCULADOS DE IMPOSTOS (SAÚDE);1.000,00
FUNDO MUNICIPAL DE SAÚDE DE BARBACENA;18.002;FUNDO MUNICIPAL DE SAUDE;2.018;PESSOAL E ENCARGOS SOCIAIS DA SESAP;11;APOIO A ADMINISTRAÇAO PUBLICA;10;Saúde;122;Administração Geral;49;3.3.90.18.00.00.00.00;AUXÍLIO FINANCEIRO A ESTUDANTES;1.500.000.1002;RECURSOS NÃO VINCULADOS DE IMPOSTOS (SAÚDE);2.000,00
FUNDO MUNICIPAL DE SAÚDE DE BARBACENA;18.002;FUNDO MUNICIPAL DE SAUDE;2.018;PESSOAL E ENCARGOS SOCIAIS DA SESAP;11;APOIO A ADMINISTRAÇAO PUBLICA;10;Saúde;122;Administração Geral;50;3.3.90.39.00.00.00.00;OUTROS SERVIÇOS DE TERCEIROS - PESSOA JURÍDICA;1.500.000.1002;RECURSOS NÃO VINCULADOS DE IMPOSTOS (SAÚDE);228.017,46
FUNDO MUNICIPAL DE SAÚDE DE BARBACENA;18.002;FUNDO MUNICIPAL DE SAUDE;2.018;PESSOAL E ENCARGOS SOCIAIS DA SESAP;11;APOIO A ADMINISTRAÇAO PUBLICA;10;Saúde;122;Administração Geral;51;3.3.90.46.00.00.00.00;AUXÍLIO-ALIMENTAÇÃO;1.500.000.1002;RECURSOS NÃO VINCULADOS DE IMPOSTOS (SAÚDE);1.199.632,00
FUNDO MUNICIPAL DE SAÚDE DE BARBACENA;18.002;FUNDO MUNICIPAL DE SAUDE;2.018;PESSOAL E ENCARGOS SOCIAIS DA SESAP;11;APOIO A ADMINISTRAÇAO PUBLICA;10;Saúde;122;Administração Geral;51;3.3.90.46.00.00.00.00;AUXÍLIO-ALIMENTAÇÃO;1.605.000.0000;ASSISTÊNCIA FINANCEIRA DA UNIÃO DESTINADA À COMPLEMENTAÇÃO AO PAGAMENTO DOS PISOS SALARIAIS PARA PROFISSIONAIS DA ENFERMAGEM.;172.120,00
FUNDO MUNICIPAL DE SAÚDE DE BARBACENA;18.002;FUNDO MUNICIPAL DE SAUDE;2.018;PESSOAL E ENCARGOS SOCIAIS DA SESAP;11;APOIO A ADMINISTRAÇAO PUBLICA;10;Saúde;122;Administração Geral;51;3.3.90.46.00.00.00.00;AUXÍLIO-ALIMENTAÇÃO;2.605.000.0000;ASSISTÊNCIA FINANCEIRA DA UNIÃO DESTINADA À COMPLEMENTAÇÃO AO PAGAMENTO DOS PISOS SALARIAIS PARA PROFISSIONAIS DA ENFERMAGEM.;35.400,00
FUNDO MUNICIPAL DE SAÚDE DE BARBACENA;18.002;FUNDO MUNICIPAL DE SAUDE;2.018;PESSOAL E ENCARGOS SOCIAIS DA SESAP;11;APOIO A ADMINISTRAÇAO PUBLICA;10;Saúde;122;Administração Geral;52;3.3.90.92.00.00.00.00;DESPESAS DE EXERCÍCIOS ANTERIORES;1.500.000.1002;RECURSOS NÃO VINCULADOS DE IMPOSTOS (SAÚDE);500,00
FUNDO MUNICIPAL DE SAÚDE DE BARBACENA;18.002;FUNDO MUNICIPAL DE SAUDE;2.021;MANUTENÇAO DE AÇÕES DA SESAP;11;APOIO A ADMINISTRAÇAO PUBLICA;10;Saúde;122;Administração Geral;53;3.3.90.14.00.00.00.00;DIÁRIAS - PESSOAL CIVIL;1.500.000.1002;RECURSOS NÃO VINCULADOS DE IMPOSTOS (SAÚDE);40.526,56
FUNDO MUNICIPAL DE SAÚDE DE BARBACENA;18.002;FUNDO MUNICIPAL DE SAUDE;2.021;MANUTENÇAO DE AÇÕES DA SESAP;11;APOIO A ADMINISTRAÇAO PUBLICA;10;Saúde;122;Administração Geral;54;3.3.90.30.00.00.00.00;MATERIAL DE CONSUMO;1.500.000.1002;RECURSOS NÃO VINCULADOS DE IMPOSTOS (SAÚDE);1.000,00
FUNDO MUNICIPAL DE SAÚDE DE BARBACENA;18.002;FUNDO MUNICIPAL DE SAUDE;2.021;MANUTENÇAO DE AÇÕES DA SESAP;11;APOIO A ADMINISTRAÇAO PUBLICA;10;Saúde;122;Administração Geral;55;3.3.90.33.00.00.00.00;PASSAGENS E DESPESAS COM LOCOMOÇÃO;1.500.000.1002;RECURSOS NÃO VINCULADOS DE IMPOSTOS (SAÚDE);500,00
FUNDO MUNICIPAL DE SAÚDE DE BARBACENA;18.002;FUNDO MUNICIPAL DE SAUDE;2.021;MANUTENÇAO DE AÇÕES DA SESAP;11;APOIO A ADMINISTRAÇAO PUBLICA;10;Saúde;122;Administração Geral;56;3.3.90.35.00.00.00.00;SERVIÇOS DE CONSULTORIA;1.500.000.1002;RECURSOS NÃO VINCULADOS DE IMPOSTOS (SAÚDE);500,00
FUNDO MUNICIPAL DE SAÚDE DE BARBACENA;18.002;FUNDO MUNICIPAL DE SAUDE;2.021;MANUTENÇAO DE AÇÕES DA SESAP;11;APOIO A ADMINISTRAÇAO PUBLICA;10;Saúde;122;Administração Geral;57;3.3.90.36.00.00.00.00;OUTROS SERVIÇOS DE TERCEIROS - PESSOA FÍSICA;1.500.000.1002;RECURSOS NÃO VINCULADOS DE IMPOSTOS (SAÚDE);132.264,18
FUNDO MUNICIPAL DE SAÚDE DE BARBACENA;18.002;FUNDO MUNICIPAL DE SAUDE;2.021;MANUTENÇAO DE AÇÕES DA SESAP;11;APOIO A ADMINISTRAÇAO PUBLICA;10;Saúde;122;Administração Geral;58;3.3.90.39.00.00.00.00;OUTROS SERVIÇOS DE TERCEIROS - PESSOA JURÍDICA;1.500.000.1002;RECURSOS NÃO VINCULADOS DE IMPOSTOS (SAÚDE);266.242,00
FUNDO MUNICIPAL DE SAÚDE DE BARBACENA;18.002;FUNDO MUNICIPAL DE SAUDE;2.021;MANUTENÇAO DE AÇÕES DA SESAP;11;APOIO A ADMINISTRAÇAO PUBLICA;10;Saúde;122;Administração Geral;59;3.3.90.40.00.00.00.00;SERVIÇOS DE TECNOLOGIA DA INFORMAÇÃO E COMUNICAÇ;1.500.000.1002;RECURSOS NÃO VINCULADOS DE IMPOSTOS (SAÚDE);266.880,12
FUNDO MUNICIPAL DE SAÚDE DE BARBACENA;18.002;FUNDO MUNICIPAL DE SAUDE;2.021;MANUTENÇAO DE AÇÕES DA SESAP;11;APOIO A ADMINISTRAÇAO PUBLICA;10;Saúde;122;Administração Geral;60;3.3.90.47.00.00.00.00;OBRIGAÇÕES TRIBUTÁRIAS E CONTRIBUTIVAS;1.500.000.1002;RECURSOS NÃO VINCULADOS DE IMPOSTOS (SAÚDE);500,00
FUNDO MUNICIPAL DE SAÚDE DE BARBACENA;18.002;FUNDO MUNICIPAL DE SAUDE;2.021;MANUTENÇAO DE AÇÕES DA SESAP;11;APOIO A ADMINISTRAÇAO PUBLICA;10;Saúde;122;Administração Geral;61;3.3.90.92.00.00.00.00;DESPESAS DE EXERCÍCIOS ANTERIORES;1.500.000.1002;RECURSOS NÃO VINCULADOS DE IMPOSTOS (SAÚDE);2.000,00
FUNDO MUNICIPAL DE SAÚDE DE BARBACENA;18.002;FUNDO MUNICIPAL DE SAUDE;2.021;MANUTENÇAO DE AÇÕES DA SESAP;11;APOIO A ADMINISTRAÇAO PUBLICA;10;Saúde;122;Administração Geral;62;3.3.90.93.00.00.00.00;INDENIZAÇÕES E RESTITUIÇÕES;1.500.000.1002;RECURSOS NÃO VINCULADOS DE IMPOSTOS (SAÚDE);1.000,00
FUNDO MUNICIPAL DE SAÚDE DE BARBACENA;18.002;FUNDO MUNICIPAL DE SAUDE;2.021;MANUTENÇAO DE AÇÕES DA SESAP;11;APOIO A ADMINISTRAÇAO PUBLICA;10;Saúde;122;Administração Geral;63;4.4.90.52.00.00.00.00;EQUIPAMENTOS E MATERIAL PERMANENTE;1.500.000.1002;RECURSOS NÃO VINCULADOS DE IMPOSTOS (SAÚDE);453.843,71
FUNDO MUNICIPAL DE SAÚDE DE BARBACENA;18.002;FUNDO MUNICIPAL DE SAUDE;2.021;MANUTENÇAO DE AÇÕES DA SESAP;11;APOIO A ADMINISTRAÇAO PUBLICA;10;Saúde;122;Administração Geral;64;4.4.90.61.00.00.00.00;AQUISIÇÃO DE IMÓVEIS;1.500.000.1002;RECURSOS NÃO VINCULADOS DE IMPOSTOS (SAÚDE);1.000,00
FUNDO MUNICIPAL DE SAÚDE DE BARBACENA;18.002;FUNDO MUNICIPAL DE SAUDE;2.248;APOIO AO INSTITUTO ALIANCA DE GERACOES;11;APOIO A ADMINISTRAÇAO PUBLICA;10;Saúde;122;Administração Geral;65;3.3.50.41.00.00.00.00;CONTRIBUIÇÕES;1.500.000.1002;RECURSOS NÃO VINCULADOS DE IMPOSTOS (SAÚDE);0,00
FUNDO MUNICIPAL DE SAÚDE DE BARBACENA;18.002;FUNDO MUNICIPAL DE SAUDE;2.248;APOIO AO INSTITUTO ALIANCA DE GERACOES;11;APOIO A ADMINISTRAÇAO PUBLICA;10;Saúde;122;Administração Geral;65;3.3.50.41.00.00.00.00;CONTRIBUIÇÕES;1.500.504.1002;RECURSOS NÃO VINCULADOS DE IMPOSTOS (SAÚDE) - EMENDAS PASTOR EWERTON;151.720,82
FUNDO MUNICIPAL DE SAÚDE DE BARBACENA;18.002;FUNDO MUNICIPAL DE SAUDE;2.248;APOIO AO INSTITUTO ALIANCA DE GERACOES;11;APOIO A ADMINISTRAÇAO PUBLICA;10;Saúde;122;Administração Geral;65;3.3.50.41.00.00.00.00;CONTRIBUIÇÕES;1.500.508.1002;RECURSOS NÃO VINCULADOS DE IMPOSTOS (SAÚDE) - EMENDAS GLAUBER MILAGRES;31.720,83
FUNDO MUNICIPAL DE SAÚDE DE BARBACENA;18.002;FUNDO MUNICIPAL DE SAUDE;2.248;APOIO AO INSTITUTO ALIANCA DE GERACOES;11;APOIO A ADMINISTRAÇAO PUBLICA;10;Saúde;122;Administração Geral;65;3.3.50.41.00.00.00.00;CONTRIBUIÇÕES;1.500.509.1002;RECURSOS NÃO VINCULADOS DE IMPOSTOS (SAÚDE) - EMENDAS DONIZETE MEDEIROS;50.000,00
FUNDO MUNICIPAL DE SAÚDE DE BARBACENA;18.002;FUNDO MUNICIPAL DE SAUDE;2.248;APOIO AO INSTITUTO ALIANCA DE GERACOES;11;APOIO A ADMINISTRAÇAO PUBLICA;10;Saúde;122;Administração Geral;65;3.3.50.41.00.00.00.00;CONTRIBUIÇÕES;1.500.517.1002;RECURSOS NÃO VINCULADOS DE IMPOSTOS (SAÚDE) - EMENDAS SANDRO HELENO;20.000,00
FUNDO MUNICIPAL DE SAÚDE DE BARBACENA;18.002;FUNDO MUNICIPAL DE SAUDE;2.248;APOIO AO INSTITUTO ALIANCA DE GERACOES;11;APOIO A ADMINISTRAÇAO PUBLICA;10;Saúde;122;Administração Geral;65;3.3.50.41.00.00.00.00;CONTRIBUIÇÕES;1.500.518.1002;RECURSOS NÃO VINCULADOS DE IMPOSTOS (SAÚDE) - EMENDAS XINAIDER;50.000,00
FUNDO MUNICIPAL DE SAÚDE DE BARBACENA;18.002;FUNDO MUNICIPAL DE SAUDE;2.248;APOIO AO INSTITUTO ALIANCA DE GERACOES;11;APOIO A ADMINISTRAÇAO PUBLICA;10;Saúde;122;Administração Geral;66;4.4.50.41.00.00.00.00;CONTRIBUIÇÕES;1.500.000.1002;RECURSOS NÃO VINCULADOS DE IMPOSTOS (SAÚDE);0,00
FUNDO MUNICIPAL DE SAÚDE DE BARBACENA;18.002;FUNDO MUNICIPAL DE SAUDE;2.248;APOIO AO INSTITUTO ALIANCA DE GERACOES;11;APOIO A ADMINISTRAÇAO PUBLICA;10;Saúde;122;Administração Geral;66;4.4.50.41.00.00.00.00;CONTRIBUIÇÕES;1.500.504.1002;RECURSOS NÃO VINCULADOS DE IMPOSTOS (SAÚDE) - EMENDAS PASTOR EWERTON;151.720,83
FUNDO MUNICIPAL DE SAÚDE DE BARBACENA;18.002;FUNDO MUNICIPAL DE SAUDE;2.248;APOIO AO INSTITUTO ALIANCA DE GERACOES;11;APOIO A ADMINISTRAÇAO PUBLICA;10;Saúde;122;Administração Geral;66;4.4.50.41.00.00.00.00;CONTRIBUIÇÕES;1.500.508.1002;RECURSOS NÃO VINCULADOS DE IMPOSTOS (SAÚDE) - EMENDAS GLAUBER MILAGRES;31.720,82
FUNDO MUNICIPAL DE SAÚDE DE BARBACENA;18.002;FUNDO MUNICIPAL DE SAUDE;2.248;APOIO AO INSTITUTO ALIANCA DE GERACOES;11;APOIO A ADMINISTRAÇAO PUBLICA;10;Saúde;122;Administração Geral;66;4.4.50.41.00.00.00.00;CONTRIBUIÇÕES;1.500.509.1002;RECURSOS NÃO VINCULADOS DE IMPOSTOS (SAÚDE) - EMENDAS DONIZETE MEDEIROS;50.000,00
FUNDO MUNICIPAL DE SAÚDE DE BARBACENA;18.002;FUNDO MUNICIPAL DE SAUDE;2.248;APOIO AO INSTITUTO ALIANCA DE GERACOES;11;APOIO A ADMINISTRAÇAO PUBLICA;10;Saúde;122;Administração Geral;66;4.4.50.41.00.00.00.00;CONTRIBUIÇÕES;1.500.517.1002;RECURSOS NÃO VINCULADOS DE IMPOSTOS (SAÚDE) - EMENDAS SANDRO HELENO;20.000,00
FUNDO MUNICIPAL DE SAÚDE DE BARBACENA;18.002;FUNDO MUNICIPAL DE SAUDE;2.248;APOIO AO INSTITUTO ALIANCA DE GERACOES;11;APOIO A ADMINISTRAÇAO PUBLICA;10;Saúde;122;Administração Geral;66;4.4.50.41.00.00.00.00;CONTRIBUIÇÕES;1.500.518.1002;RECURSOS NÃO VINCULADOS DE IMPOSTOS (SAÚDE) - EMENDAS XINAIDER;50.000,00
FUNDO MUNICIPAL DE SAÚDE DE BARBACENA;18.002;FUNDO MUNICIPAL DE SAUDE;2.460;APOIO A ASSOCIAÇÃO REN. CIDADÃ ORG. DE MEMBROS DA SOC. CIVIL - ARCOM-SC;11;APOIO A ADMINISTRAÇAO PUBLICA;10;Saúde;122;Administração Geral;67;3.3.50.41.00.00.00.00;CONTRIBUIÇÕES;1.500.000.1002;RECURSOS NÃO VINCULADOS DE IMPOSTOS (SAÚDE);0,00
FUNDO MUNICIPAL DE SAÚDE DE BARBACENA;18.002;FUNDO MUNICIPAL DE SAUDE;2.460;APOIO A ASSOCIAÇÃO REN. CIDADÃ ORG. DE MEMBROS DA SOC. CIVIL - ARCOM-SC;11;APOIO A ADMINISTRAÇAO PUBLICA;10;Saúde;122;Administração Geral;67;3.3.50.41.00.00.00.00;CONTRIBUIÇÕES;1.500.511.1002;RECURSOS NÃO VINCULADOS DE IMPOSTOS (SAÚDE) - EMENDAS CARLINHOS PLAY BOY;15.000,00
FUNDO MUNICIPAL DE SAÚDE DE BARBACENA;18.002;FUNDO MUNICIPAL DE SAUDE;2.460;APOIO A ASSOCIAÇÃO REN. CIDADÃ ORG. DE MEMBROS DA SOC. CIVIL - ARCOM-SC;11;APOIO A ADMINISTRAÇAO PUBLICA;10;Saúde;122;Administração Geral;68;4.4.50.41.00.00.00.00;CONTRIBUIÇÕES;1.500.000.1002;RECURSOS NÃO VINCULADOS DE IMPOSTOS (SAÚDE);0,00
FUNDO MUNICIPAL DE SAÚDE DE BARBACENA;18.002;FUNDO MUNICIPAL DE SAUDE;2.460;APOIO A ASSOCIAÇÃO REN. CIDADÃ ORG. DE MEMBROS DA SOC. CIVIL - ARCOM-SC;11;APOIO A ADMINISTRAÇAO PUBLICA;10;Saúde;122;Administração Geral;68;4.4.50.41.00.00.00.00;CONTRIBUIÇÕES;1.500.511.1002;RECURSOS NÃO VINCULADOS DE IMPOSTOS (SAÚDE) - EMENDAS CARLINHOS PLAY BOY;15.000,00
FUNDO MUNICIPAL DE SAÚDE DE BARBACENA;18.002;FUNDO MUNICIPAL DE SAUDE;2.468;APOIO AO INSTITUTO APRENDIZ SOLIDÁRIO;11;APOIO A ADMINISTRAÇAO PUBLICA;10;Saúde;122;Administração Geral;69;3.3.50.41.00.00.00.00;CONTRIBUIÇÕES;1.500.000.1002;RECURSOS NÃO VINCULADOS DE IMPOSTOS (SAÚDE);0,00
FUNDO MUNICIPAL DE SAÚDE DE BARBACENA;18.002;FUNDO MUNICIPAL DE SAUDE;2.468;APOIO AO INSTITUTO APRENDIZ SOLIDÁRIO;11;APOIO A ADMINISTRAÇAO PUBLICA;10;Saúde;122;Administração Geral;69;3.3.50.41.00.00.00.00;CONTRIBUIÇÕES;1.500.502.1002;RECURSOS NÃO VINCULADOS DE IMPOSTOS (SAÚDE) - EMENDAS DIEGO BAIANO;20.220,83
FUNDO MUNICIPAL DE SAÚDE DE BARBACENA;18.002;FUNDO MUNICIPAL DE SAUDE;2.468;APOIO AO INSTITUTO APRENDIZ SOLIDÁRIO;11;APOIO A ADMINISTRAÇAO PUBLICA;10;Saúde;122;Administração Geral;70;4.4.50.41.00.00.00.00;CONTRIBUIÇÕES;1.500.000.1002;RECURSOS NÃO VINCULADOS DE IMPOSTOS (SAÚDE);0,00
FUNDO MUNICIPAL DE SAÚDE DE BARBACENA;18.002;FUNDO MUNICIPAL DE SAUDE;2.468;APOIO AO INSTITUTO APRENDIZ SOLIDÁRIO;11;APOIO A ADMINISTRAÇAO PUBLICA;10;Saúde;122;Administração Geral;70;4.4.50.41.00.00.00.00;CONTRIBUIÇÕES;1.500.502.1002;RECURSOS NÃO VINCULADOS DE IMPOSTOS (SAÚDE) - EMENDAS DIEGO BAIANO;20.220,82
FUNDO MUNICIPAL DE SAÚDE DE BARBACENA;18.002;FUNDO MUNICIPAL DE SAUDE;2.491;APOIO A ASSOCIAÇÃO DO AMPARO AS PESSOAS CARENTES E COM CANCER - ANAPECC;11;APOIO A ADMINISTRAÇAO PUBLICA;10;Saúde;122;Administração Geral;71;3.3.50.41.00.00.00.00;CONTRIBUIÇÕES;1.500.000.1002;RECURSOS NÃO VINCULADOS DE IMPOSTOS (SAÚDE);0,00
FUNDO MUNICIPAL DE SAÚDE DE BARBACENA;18.002;FUNDO MUNICIPAL DE SAUDE;2.491;APOIO A ASSOCIAÇÃO DO AMPARO AS PESSOAS CARENTES E COM CANCER - ANAPECC;11;APOIO A ADMINISTRAÇAO PUBLICA;10;Saúde;122;Administração Geral;71;3.3.50.41.00.00.00.00;CONTRIBUIÇÕES;1.500.517.1002;RECURSOS NÃO VINCULADOS DE IMPOSTOS (SAÚDE) - EMENDAS SANDRO HELENO;10.000,00
FUNDO MUNICIPAL DE SAÚDE DE BARBACENA;18.002;FUNDO MUNICIPAL DE SAUDE;2.491;APOIO A ASSOCIAÇÃO DO AMPARO AS PESSOAS CARENTES E COM CANCER - ANAPECC;11;APOIO A ADMINISTRAÇAO PUBLICA;10;Saúde;122;Administração Geral;72;4.4.50.41.00.00.00.00;CONTRIBUIÇÕES;1.500.000.1002;RECURSOS NÃO VINCULADOS DE IMPOSTOS (SAÚDE);0,00
FUNDO MUNICIPAL DE SAÚDE DE BARBACENA;18.002;FUNDO MUNICIPAL DE SAUDE;2.491;APOIO A ASSOCIAÇÃO DO AMPARO AS PESSOAS CARENTES E COM CANCER - ANAPECC;11;APOIO A ADMINISTRAÇAO PUBLICA;10;Saúde;122;Administração Geral;72;4.4.50.41.00.00.00.00;CONTRIBUIÇÕES;1.500.517.1002;RECURSOS NÃO VINCULADOS DE IMPOSTOS (SAÚDE) - EMENDAS SANDRO HELENO;10.000,00
FUNDO MUNICIPAL DE SAÚDE DE BARBACENA;18.002;FUNDO MUNICIPAL DE SAUDE;2.492;APOIO AO INSTITUTO SOCIOAMBIENTAL DAS VERTENTES - IVERT;11;APOIO A ADMINISTRAÇAO PUBLICA;10;Saúde;122;Administração Geral;73;3.3.50.41.00.00.00.00;CONTRIBUIÇÕES;1.500.000.1002;RECURSOS NÃO VINCULADOS DE IMPOSTOS (SAÚDE);0,00
FUNDO MUNICIPAL DE SAÚDE DE BARBACENA;18.002;FUNDO MUNICIPAL DE SAUDE;2.492;APOIO AO INSTITUTO SOCIOAMBIENTAL DAS VERTENTES - IVERT;11;APOIO A ADMINISTRAÇAO PUBLICA;10;Saúde;122;Administração Geral;73;3.3.50.41.00.00.00.00;CONTRIBUIÇÕES;1.500.505.1002;RECURSOS NÃO VINCULADOS DE IMPOSTOS (SAÚDE) - EMENDAS FAUSTA TATA;96.720,83
FUNDO MUNICIPAL DE SAÚDE DE BARBACENA;18.002;FUNDO MUNICIPAL DE SAUDE;2.492;APOIO AO INSTITUTO SOCIOAMBIENTAL DAS VERTENTES - IVERT;11;APOIO A ADMINISTRAÇAO PUBLICA;10;Saúde;122;Administração Geral;74;4.4.50.41.00.00.00.00;CONTRIBUIÇÕES;1.500.000.1002;RECURSOS NÃO VINCULADOS DE IMPOSTOS (SAÚDE);0,00
FUNDO MUNICIPAL DE SAÚDE DE BARBACENA;18.002;FUNDO MUNICIPAL DE SAUDE;2.492;APOIO AO INSTITUTO SOCIOAMBIENTAL DAS VERTENTES - IVERT;11;APOIO A ADMINISTRAÇAO PUBLICA;10;Saúde;122;Administração Geral;74;4.4.50.41.00.00.00.00;CONTRIBUIÇÕES;1.500.505.1002;RECURSOS NÃO VINCULADOS DE IMPOSTOS (SAÚDE) - EMENDAS FAUSTA TATA;96.720,82
FUNDO MUNICIPAL DE SAÚDE DE BARBACENA;18.002;FUNDO MUNICIPAL DE SAUDE;2.540;ACOES DE APOIO A SAUDE - EMENDAS MUNICIPAIS;11;APOIO A ADMINISTRAÇAO PUBLICA;10;Saúde;122;Administração Geral;75;3.3.90.30.00.00.00.00;MATERIAL DE CONSUMO;1.500.000.1002;RECURSOS NÃO VINCULADOS DE IMPOSTOS (SAÚDE);0,00
FUNDO MUNICIPAL DE SAÚDE DE BARBACENA;18.002;FUNDO MUNICIPAL DE SAUDE;2.540;ACOES DE APOIO A SAUDE - EMENDAS MUNICIPAIS;11;APOIO A ADMINISTRAÇAO PUBLICA;10;Saúde;122;Administração Geral;75;3.3.90.30.00.00.00.00;MATERIAL DE CONSUMO;1.500.503.1002;RECURSOS NÃO VINCULADOS DE IMPOSTOS (SAÚDE) - EMENDAS EVERTON WALLACE;77.500,00
FUNDO MUNICIPAL DE SAÚDE DE BARBACENA;18.002;FUNDO MUNICIPAL DE SAUDE;2.540;ACOES DE APOIO A SAUDE - EMENDAS MUNICIPAIS;11;APOIO A ADMINISTRAÇAO PUBLICA;10;Saúde;122;Administração Geral;75;3.3.90.30.00.00.00.00;MATERIAL DE CONSUMO;1.500.506.1002;RECURSOS NÃO VINCULADOS DE IMPOSTOS (SAÚDE) - EMENDAS FLAVIO BARBOSA;151.720,83
FUNDO MUNICIPAL DE SAÚDE DE BARBACENA;18.002;FUNDO MUNICIPAL DE SAUDE;2.540;ACOES DE APOIO A SAUDE - EMENDAS MUNICIPAIS;11;APOIO A ADMINISTRAÇAO PUBLICA;10;Saúde;122;Administração Geral;75;3.3.90.30.00.00.00.00;MATERIAL DE CONSUMO;1.500.519.1002;RECURSOS NÃO VINCULADOS DE IMPOSTOS (SAÚDE) - EMENDAS THIAGO MARTINS;151.720,82
FUNDO MUNICIPAL DE SAÚDE DE BARBACENA;18.002;FUNDO MUNICIPAL DE SAUDE;2.540;ACOES DE APOIO A SAUDE - EMENDAS MUNICIPAIS;11;APOIO A ADMINISTRAÇAO PUBLICA;10;Saúde;122;Administração Geral;76;4.4.90.52.00.00.00.00;EQUIPAMENTOS E MATERIAL PERMANENTE;1.500.000.1002;RECURSOS NÃO VINCULADOS DE IMPOSTOS (SAÚDE);0,00
FUNDO MUNICIPAL DE SAÚDE DE BARBACENA;18.002;FUNDO MUNICIPAL DE SAUDE;2.540;ACOES DE APOIO A SAUDE - EMENDAS MUNICIPAIS;11;APOIO A ADMINISTRAÇAO PUBLICA;10;Saúde;122;Administração Geral;76;4.4.90.52.00.00.00.00;EQUIPAMENTOS E MATERIAL PERMANENTE;1.500.503.1002;RECURSOS NÃO VINCULADOS DE IMPOSTOS (SAÚDE) - EMENDAS EVERTON WALLACE;77.500,00
FUNDO MUNICIPAL DE SAÚDE DE BARBACENA;18.002;FUNDO MUNICIPAL DE SAUDE;2.540;ACOES DE APOIO A SAUDE - EMENDAS MUNICIPAIS;11;APOIO A ADMINISTRAÇAO PUBLICA;10;Saúde;122;Administração Geral;76;4.4.90.52.00.00.00.00;EQUIPAMENTOS E MATERIAL PERMANENTE;1.500.506.1002;RECURSOS NÃO VINCULADOS DE IMPOSTOS (SAÚDE) - EMENDAS FLAVIO BARBOSA;151.720,82
FUNDO MUNICIPAL DE SAÚDE DE BARBACENA;18.002;FUNDO MUNICIPAL DE SAUDE;2.540;ACOES DE APOIO A SAUDE - EMENDAS MUNICIPAIS;11;APOIO A ADMINISTRAÇAO PUBLICA;10;Saúde;122;Administração Geral;76;4.4.90.52.00.00.00.00;EQUIPAMENTOS E MATERIAL PERMANENTE;1.500.519.1002;RECURSOS NÃO VINCULADOS DE IMPOSTOS (SAÚDE) - EMENDAS THIAGO MARTINS;151.720,83
PREFEITURA MUNICIPAL DE BARBACENA;03.001;CONTROLADORIA GERAL DO MUNICIPIO-CGEM;2.141;PESSOAL E ENCARGOS SOCIAIS DA CGEM;11;APOIO A ADMINISTRAÇAO PUBLICA;4;Administração;124;Controle Interno;1;3.1.90.04.00.00.00.00;CONTRATAÇÃO POR TEMPO DETERMINADO;1.500.000.0000;RECURSOS NÃO VINCULADOS DE IMPOSTOS;3.500,00
PREFEITURA MUNICIPAL DE BARBACENA;03.001;CONTROLADORIA GERAL DO MUNICIPIO-CGEM;2.141;PESSOAL E ENCARGOS SOCIAIS DA CGEM;11;APOIO A ADMINISTRAÇAO PUBLICA;4;Administração;124;Controle Interno;2;3.1.90.11.00.00.00.00;VENCIMENTOS E VANTAGENS FIXAS - PESSOAL CIVIL;1.500.000.0000;RECURSOS NÃO VINCULADOS DE IMPOSTOS;960.965,17
PREFEITURA MUNICIPAL DE BARBACENA;03.001;CONTROLADORIA GERAL DO MUNICIPIO-CGEM;2.141;PESSOAL E ENCARGOS SOCIAIS DA CGEM;11;APOIO A ADMINISTRAÇAO PUBLICA;4;Administração;124;Controle Interno;3;3.1.90.13.00.00.00.00;OBRIGAÇÕES PATRONAIS;1.500.000.0000;RECURSOS NÃO VINCULADOS DE IMPOSTOS;47.055,49
PREFEITURA MUNICIPAL DE BARBACENA;03.001;CONTROLADORIA GERAL DO MUNICIPIO-CGEM;2.141;PESSOAL E ENCARGOS SOCIAIS DA CGEM;11;APOIO A ADMINISTRAÇAO PUBLICA;4;Administração;124;Controle Interno;4;3.1.90.16.00.00.00.00;OUTRAS DESPESAS VARIÁVEIS - PESSOAL CIVIL;1.500.000.0000;RECURSOS NÃO VINCULADOS DE IMPOSTOS;500,00
PREFEITURA MUNICIPAL DE BARBACENA;03.001;CONTROLADORIA GERAL DO MUNICIPIO-CGEM;2.141;PESSOAL E ENCARGOS SOCIAIS DA CGEM;11;APOIO A ADMINISTRAÇAO PUBLICA;4;Administração;124;Controle Interno;5;3.1.90.92.00.00.00.00;DESPESAS DE EXERCÍCIOS ANTERIORES;1.500.000.0000;RECURSOS NÃO VINCULADOS DE IMPOSTOS;0,00
PREFEITURA MUNICIPAL DE BARBACENA;03.001;CONTROLADORIA GERAL DO MUNICIPIO-CGEM;2.141;PESSOAL E ENCARGOS SOCIAIS DA CGEM;11;APOIO A ADMINISTRAÇAO PUBLICA;4;Administração;124;Controle Interno;6;3.1.90.94.00.00.00.00;INDENIZAÇÕES E RESTITUIÇÕES TRABALHISTAS;1.500.000.0000;RECURSOS NÃO VINCULADOS DE IMPOSTOS;500,00
PREFEITURA MUNICIPAL DE BARBACENA;03.001;CONTROLADORIA GERAL DO MUNICIPIO-CGEM;2.141;PESSOAL E ENCARGOS SOCIAIS DA CGEM;11;APOIO A ADMINISTRAÇAO PUBLICA;4;Administração;124;Controle Interno;7;3.1.91.13.00.00.00.00;OBRIGAÇÕES PATRONAIS;1.500.000.0000;RECURSOS NÃO VINCULADOS DE IMPOSTOS;159.308,25
PREFEITURA MUNICIPAL DE BARBACENA;03.001;CONTROLADORIA GERAL DO MUNICIPIO-CGEM;2.141;PESSOAL E ENCARGOS SOCIAIS DA CGEM;11;APOIO A ADMINISTRAÇAO PUBLICA;4;Administração;124;Controle Interno;8;3.1.91.92.00.00.00.00;DESPESAS DE EXERCÍCIOS ANTERIORES;1.500.000.0000;RECURSOS NÃO VINCULADOS DE IMPOSTOS;500,00
PREFEITURA MUNICIPAL DE BARBACENA;03.001;CONTROLADORIA GERAL DO MUNICIPIO-CGEM;2.141;PESSOAL E ENCARGOS SOCIAIS DA CGEM;11;APOIO A ADMINISTRAÇAO PUBLICA;4;Administração;124;Controle Interno;9;3.3.90.08.00.00.00.00;OUTROS BENEFÍCIOS ASSISTENCIAIS-SERVIDOR/MILITAR;1.500.000.0000;RECURSOS NÃO VINCULADOS DE IMPOSTOS;0,00
PREFEITURA MUNICIPAL DE BARBACENA;03.001;CONTROLADORIA GERAL DO MUNICIPIO-CGEM;2.141;PESSOAL E ENCARGOS SOCIAIS DA CGEM;11;APOIO A ADMINISTRAÇAO PUBLICA;4;Administração;124;Controle Interno;10;3.3.90.18.00.00.00.00;AUXÍLIO FINANCEIRO A ESTUDANTES;1.500.000.0000;RECURSOS NÃO VINCULADOS DE IMPOSTOS;5.000,00
PREFEITURA MUNICIPAL DE BARBACENA;03.001;CONTROLADORIA GERAL DO MUNICIPIO-CGEM;2.141;PESSOAL E ENCARGOS SOCIAIS DA CGEM;11;APOIO A ADMINISTRAÇAO PUBLICA;4;Administração;124;Controle Interno;11;3.3.90.46.00.00.00.00;AUXÍLIO-ALIMENTAÇÃO;1.500.000.0000;RECURSOS NÃO VINCULADOS DE IMPOSTOS;85.720,00
PREFEITURA MUNICIPAL DE BARBACENA;03.001;CONTROLADORIA GERAL DO MUNICIPIO-CGEM;2.142;MANUTENÇAO DA CGEM;11;APOIO A ADMINISTRAÇAO PUBLICA;4;Administração;124;Controle Interno;12;3.3.90.14.00.00.00.00;DIÁRIAS - PESSOAL CIVIL;1.500.000.0000;RECURSOS NÃO VINCULADOS DE IMPOSTOS;1.500,00
PREFEITURA MUNICIPAL DE BARBACENA;03.001;CONTROLADORIA GERAL DO MUNICIPIO-CGEM;2.142;MANUTENÇAO DA CGEM;11;APOIO A ADMINISTRAÇAO PUBLICA;4;Administração;124;Controle Interno;13;3.3.90.30.00.00.00.00;MATERIAL DE CONSUMO;1.500.000.0000;RECURSOS NÃO VINCULADOS DE IMPOSTOS;1.000,00
PREFEITURA MUNICIPAL DE BARBACENA;03.001;CONTROLADORIA GERAL DO MUNICIPIO-CGEM;2.142;MANUTENÇAO DA CGEM;11;APOIO A ADMINISTRAÇAO PUBLICA;4;Administração;124;Controle Interno;14;3.3.90.33.00.00.00.00;PASSAGENS E DESPESAS COM LOCOMOÇÃO;1.500.000.0000;RECURSOS NÃO VINCULADOS DE IMPOSTOS;500,00
PREFEITURA MUNICIPAL DE BARBACENA;03.001;CONTROLADORIA GERAL DO MUNICIPIO-CGEM;2.142;MANUTENÇAO DA CGEM;11;APOIO A ADMINISTRAÇAO PUBLICA;4;Administração;124;Controle Interno;15;3.3.90.35.00.00.00.00;SERVIÇOS DE CONSULTORIA;1.500.000.0000;RECURSOS NÃO VINCULADOS DE IMPOSTOS;500,00
PREFEITURA MUNICIPAL DE BARBACENA;03.001;CONTROLADORIA GERAL DO MUNICIPIO-CGEM;2.142;MANUTENÇAO DA CGEM;11;APOIO A ADMINISTRAÇAO PUBLICA;4;Administração;124;Controle Interno;16;3.3.90.36.00.00.00.00;OUTROS SERVIÇOS DE TERCEIROS - PESSOA FÍSICA;1.500.000.0000;RECURSOS NÃO VINCULADOS DE IMPOSTOS;500,00
PREFEITURA MUNICIPAL DE BARBACENA;03.001;CONTROLADORIA GERAL DO MUNICIPIO-CGEM;2.142;MANUTENÇAO DA CGEM;11;APOIO A ADMINISTRAÇAO PUBLICA;4;Administração;124;Controle Interno;17;3.3.90.39.00.00.00.00;OUTROS SERVIÇOS DE TERCEIROS - PESSOA JURÍDICA;1.500.000.0000;RECURSOS NÃO VINCULADOS DE IMPOSTOS;27.000,00
PREFEITURA MUNICIPAL DE BARBACENA;03.001;CONTROLADORIA GERAL DO MUNICIPIO-CGEM;2.142;MANUTENÇAO DA CGEM;11;APOIO A ADMINISTRAÇAO PUBLICA;4;Administração;124;Controle Interno;18;3.3.90.40.00.00.00.00;SERVIÇOS DE TECNOLOGIA DA INFORMAÇÃO E COMUNICAÇ;1.500.000.0000;RECURSOS NÃO VINCULADOS DE IMPOSTOS;1.000,00
PREFEITURA MUNICIPAL DE BARBACENA;03.001;CONTROLADORIA GERAL DO MUNICIPIO-CGEM;2.142;MANUTENÇAO DA CGEM;11;APOIO A ADMINISTRAÇAO PUBLICA;4;Administração;124;Controle Interno;19;3.3.90.47.00.00.00.00;OBRIGAÇÕES TRIBUTÁRIAS E CONTRIBUTIVAS;1.500.000.0000;RECURSOS NÃO VINCULADOS DE IMPOSTOS;500,00
PREFEITURA MUNICIPAL DE BARBACENA;03.001;CONTROLADORIA GERAL DO MUNICIPIO-CGEM;2.142;MANUTENÇAO DA CGEM;11;APOIO A ADMINISTRAÇAO PUBLICA;4;Administração;124;Controle Interno;20;3.3.90.48.00.00.00.00;OUTROS AUXÍLIOS FINANCEIROS A PESSOAS FÍSICAS;1.500.000.0000;RECURSOS NÃO VINCULADOS DE IMPOSTOS;500,00
PREFEITURA MUNICIPAL DE BARBACENA;03.001;CONTROLADORIA GERAL DO MUNICIPIO-CGEM;2.142;MANUTENÇAO DA CGEM;11;APOIO A ADMINISTRAÇAO PUBLICA;4;Administração;124;Controle Interno;21;3.3.90.49.00.00.00.00;AUXÍLIO-TRANSPORTE;1.500.000.0000;RECURSOS NÃO VINCULADOS DE IMPOSTOS;500,00
PREFEITURA MUNICIPAL DE BARBACENA;03.001;CONTROLADORIA GERAL DO MUNICIPIO-CGEM;2.142;MANUTENÇAO DA CGEM;11;APOIO A ADMINISTRAÇAO PUBLICA;4;Administração;124;Controle Interno;22;3.3.90.92.00.00.00.00;DESPESAS DE EXERCÍCIOS ANTERIORES;1.500.000.0000;RECURSOS NÃO VINCULADOS DE IMPOSTOS;1.000,00
PREFEITURA MUNICIPAL DE BARBACENA;03.001;CONTROLADORIA GERAL DO MUNICIPIO-CGEM;2.142;MANUTENÇAO DA CGEM;11;APOIO A ADMINISTRAÇAO PUBLICA;4;Administração;124;Controle Interno;23;3.3.90.93.00.00.00.00;INDENIZAÇÕES E RESTITUIÇÕES;1.500.000.0000;RECURSOS NÃO VINCULADOS DE IMPOSTOS;500,00
PREFEITURA MUNICIPAL DE BARBACENA;03.001;CONTROLADORIA GERAL DO MUNICIPIO-CGEM;2.142;MANUTENÇAO DA CGEM;11;APOIO A ADMINISTRAÇAO PUBLICA;4;Administração;124;Controle Interno;24;4.4.90.52.00.00.00.00;EQUIPAMENTOS E MATERIAL PERMANENTE;1.500.000.0000;RECURSOS NÃO VINCULADOS DE IMPOSTOS;1.500,00
PREFEITURA MUNICIPAL DE BARBACENA;05.001;SEGAB;2.150;MANUTENÇAO DA SEGAB;11;APOIO A ADMINISTRAÇAO PUBLICA;4;Administração;122;Administração Geral;25;3.3.60.41.00.00.00.00;CONTRIBUIÇÕES;1.500.000.0000;RECURSOS NÃO VINCULADOS DE IMPOSTOS;1.000,00
PREFEITURA MUNICIPAL DE BARBACENA;05.001;SEGAB;2.150;MANUTENÇAO DA SEGAB;11;APOIO A ADMINISTRAÇAO PUBLICA;4;Administração;122;Administração Geral;26;3.3.90.14.00.00.00.00;DIÁRIAS - PESSOAL CIVIL;1.500.000.0000;RECURSOS NÃO VINCULADOS DE IMPOSTOS;12.463,08
PREFEITURA MUNICIPAL DE BARBACENA;05.001;SEGAB;2.150;MANUTENÇAO DA SEGAB;11;APOIO A ADMINISTRAÇAO PUBLICA;4;Administração;122;Administração Geral;27;3.3.90.19.00.00.00.00;AUXÍLIO-FARDAMENTO;1.500.000.0000;RECURSOS NÃO VINCULADOS DE IMPOSTOS;1.000,00
PREFEITURA MUNICIPAL DE BARBACENA;05.001;SEGAB;2.150;MANUTENÇAO DA SEGAB;11;APOIO A ADMINISTRAÇAO PUBLICA;4;Administração;122;Administração Geral;28;3.3.90.30.00.00.00.00;MATERIAL DE CONSUMO;1.500.000.0000;RECURSOS NÃO VINCULADOS DE IMPOSTOS;2.320,00
PREFEITURA MUNICIPAL DE BARBACENA;05.001;SEGAB;2.150;MANUTENÇAO DA SEGAB;11;APOIO A ADMINISTRAÇAO PUBLICA;4;Administração;122;Administração Geral;29;3.3.90.33.00.00.00.00;PASSAGENS E DESPESAS COM LOCOMOÇÃO;1.500.000.0000;RECURSOS NÃO VINCULADOS DE IMPOSTOS;51.943,71
PREFEITURA MUNICIPAL DE BARBACENA;05.001;SEGAB;2.150;MANUTENÇAO DA SEGAB;11;APOIO A ADMINISTRAÇAO PUBLICA;4;Administração;122;Administração Geral;29;3.3.90.33.00.00.00.00;PASSAGENS E DESPESAS COM LOCOMOÇÃO;1.501.000.0000;OUTROS RECURSOS NÃO VINCULADOS;1.000,00
PREFEITURA MUNICIPAL DE BARBACENA;05.001;SEGAB;2.150;MANUTENÇAO DA SEGAB;11;APOIO A ADMINISTRAÇAO PUBLICA;4;Administração;122;Administração Geral;30;3.3.90.35.00.00.00.00;SERVIÇOS DE CONSULTORIA;1.500.000.0000;RECURSOS NÃO VINCULADOS DE IMPOSTOS;0,00
PREFEITURA MUNICIPAL DE BARBACENA;05.001;SEGAB;2.150;MANUTENÇAO DA SEGAB;11;APOIO A ADMINISTRAÇAO PUBLICA;4;Administração;122;Administração Geral;31;3.3.90.36.00.00.00.00;OUTROS SERVIÇOS DE TERCEIROS - PESSOA FÍSICA;1.500.000.0000;RECURSOS NÃO VINCULADOS DE IMPOSTOS;500,00
PREFEITURA MUNICIPAL DE BARBACENA;05.001;SEGAB;2.150;MANUTENÇAO DA SEGAB;11;APOIO A ADMINISTRAÇAO PUBLICA;4;Administração;122;Administração Geral;32;3.3.90.39.00.00.00.00;OUTROS SERVIÇOS DE TERCEIROS - PESSOA JURÍDICA;1.500.000.0000;RECURSOS NÃO VINCULADOS DE IMPOSTOS;602.267,48
PREFEITURA MUNICIPAL DE BARBACENA;05.001;SEGAB;2.150;MANUTENÇAO DA SEGAB;11;APOIO A ADMINISTRAÇAO PUBLICA;4;Administração;122;Administração Geral;32;3.3.90.39.00.00.00.00;OUTROS SERVIÇOS DE TERCEIROS - PESSOA JURÍDICA;1.501.000.0000;OUTROS RECURSOS NÃO VINCULADOS;570.000,00
PREFEITURA MUNICIPAL DE BARBACENA;05.001;SEGAB;2.150;MANUTENÇAO DA SEGAB;11;APOIO A ADMINISTRAÇAO PUBLICA;4;Administração;122;Administração Geral;33;3.3.90.47.00.00.00.00;OBRIGAÇÕES TRIBUTÁRIAS E CONTRIBUTIVAS;1.500.000.0000;RECURSOS NÃO VINCULADOS DE IMPOSTOS;0,00
PREFEITURA MUNICIPAL DE BARBACENA;05.001;SEGAB;2.150;MANUTENÇAO DA SEGAB;11;APOIO A ADMINISTRAÇAO PUBLICA;4;Administração;122;Administração Geral;34;3.3.90.48.00.00.00.00;OUTROS AUXÍLIOS FINANCEIROS A PESSOAS FÍSICAS;1.500.000.0000;RECURSOS NÃO VINCULADOS DE IMPOSTOS;500,00
PREFEITURA MUNICIPAL DE BARBACENA;05.001;SEGAB;2.150;MANUTENÇAO DA SEGAB;11;APOIO A ADMINISTRAÇAO PUBLICA;4;Administração;122;Administração Geral;35;3.3.90.49.00.00.00.00;AUXÍLIO-TRANSPORTE;1.500.000.0000;RECURSOS NÃO VINCULADOS DE IMPOSTOS;500,00
PREFEITURA MUNICIPAL DE BARBACENA;05.001;SEGAB;2.150;MANUTENÇAO DA SEGAB;11;APOIO A ADMINISTRAÇAO PUBLICA;4;Administração;122;Administração Geral;36;3.3.90.92.00.00.00.00;DESPESAS DE EXERCÍCIOS ANTERIORES;1.500.000.0000;RECURSOS NÃO VINCULADOS DE IMPOSTOS;0,00
PREFEITURA MUNICIPAL DE BARBACENA;05.001;SEGAB;2.150;MANUTENÇAO DA SEGAB;11;APOIO A ADMINISTRAÇAO PUBLICA;4;Administração;122;Administração Geral;37;3.3.90.93.00.00.00.00;INDENIZAÇÕES E RESTITUIÇÕES;1.500.000.0000;RECURSOS NÃO VINCULADOS DE IMPOSTOS;0,00
PREFEITURA MUNICIPAL DE BARBACENA;05.001;SEGAB;2.150;MANUTENÇAO DA SEGAB;11;APOIO A ADMINISTRAÇAO PUBLICA;4;Administração;122;Administração Geral;38;4.4.90.52.00.00.00.00;EQUIPAMENTOS E MATERIAL PERMANENTE;1.500.000.0000;RECURSOS NÃO VINCULADOS DE IMPOSTOS;0,00
PREFEITURA MUNICIPAL DE BARBACENA;05.001;SEGAB;2.151;PARCERIAS DE REPRESENTAÇAO E COOPERAÇAO INSTITUCIONAL;11;APOIO A ADMINISTRAÇAO PUBLICA;4;Administração;122;Administração Geral;39;3.3.30.41.00.00.00.00;CONTRIBUIÇÕES;1.501.000.0000;OUTROS RECURSOS NÃO VINCULADOS;0,00
PREFEITURA MUNICIPAL DE BARBACENA;05.001;SEGAB;2.151;PARCERIAS DE REPRESENTAÇAO E COOPERAÇAO INSTITUCIONAL;11;APOIO A ADMINISTRAÇAO PUBLICA;4;Administração;122;Administração Geral;40;3.3.50.41.00.00.00.00;CONTRIBUIÇÕES;1.500.000.0000;RECURSOS NÃO VINCULADOS DE IMPOSTOS;125,41
PREFEITURA MUNICIPAL DE BARBACENA;05.001;SEGAB;2.151;PARCERIAS DE REPRESENTAÇAO E COOPERAÇAO INSTITUCIONAL;11;APOIO A ADMINISTRAÇAO PUBLICA;4;Administração;122;Administração Geral;40;3.3.50.41.00.00.00.00;CONTRIBUIÇÕES;1.501.000.0000;OUTROS RECURSOS NÃO VINCULADOS;0,00
PREFEITURA MUNICIPAL DE BARBACENA;05.001;SEGAB;2.151;PARCERIAS DE REPRESENTAÇAO E COOPERAÇAO INSTITUCIONAL;11;APOIO A ADMINISTRAÇAO PUBLICA;4;Administração;122;Administração Geral;41;4.4.30.41.00.00.00.00;CONTRIBUIÇÕES;1.501.000.0000;OUTROS RECURSOS NÃO VINCULADOS;0,00
PREFEITURA MUNICIPAL DE BARBACENA;05.001;SEGAB;2.151;PARCERIAS DE REPRESENTAÇAO E COOPERAÇAO INSTITUCIONAL;11;APOIO A ADMINISTRAÇAO PUBLICA;4;Administração;122;Administração Geral;42;4.4.50.41.00.00.00.00;CONTRIBUIÇÕES;1.500.000.0000;RECURSOS NÃO VINCULADOS DE IMPOSTOS;2.958,66
PREFEITURA MUNICIPAL DE BARBACENA;05.001;SEGAB;2.151;PARCERIAS DE REPRESENTAÇAO E COOPERAÇAO INSTITUCIONAL;11;APOIO A ADMINISTRAÇAO PUBLICA;4;Administração;122;Administração Geral;1200;3.3.70.41.00.00.00.00;CONTRIBUIÇÕES;1.500.000.0000;RECURSOS NÃO VINCULADOS DE IMPOSTOS;839.187,52
PREFEITURA MUNICIPAL DE BARBACENA;05.001;SEGAB;2.151;PARCERIAS DE REPRESENTAÇAO E COOPERAÇAO INSTITUCIONAL;11;APOIO A ADMINISTRAÇAO PUBLICA;4;Administração;122;Administração Geral;1200;3.3.70.41.00.00.00.00;CONTRIBUIÇÕES;1.501.000.0000;OUTROS RECURSOS NÃO VINCULADOS;750.000,00
PREFEITURA MUNICIPAL DE BARBACENA;05.001;SEGAB;2.152;PESSOAL E ENCARGOS SOCIAIS DA SEGAB;11;APOIO A ADMINISTRAÇAO PUBLICA;4;Administração;122;Administração Geral;43;3.1.90.04.00.00.00.00;CONTRATAÇÃO POR TEMPO DETERMINADO;1.500.000.0000;RECURSOS NÃO VINCULADOS DE IMPOSTOS;85.321,40
PREFEITURA MUNICIPAL DE BARBACENA;05.001;SEGAB;2.152;PESSOAL E ENCARGOS SOCIAIS DA SEGAB;11;APOIO A ADMINISTRAÇAO PUBLICA;4;Administração;122;Administração Geral;44;3.1.90.11.00.00.00.00;VENCIMENTOS E VANTAGENS FIXAS - PESSOAL CIVIL;1.500.000.0000;RECURSOS NÃO VINCULADOS DE IMPOSTOS;1.393.378,22
PREFEITURA MUNICIPAL DE BARBACENA;05.001;SEGAB;2.152;PESSOAL E ENCARGOS SOCIAIS DA SEGAB;11;APOIO A ADMINISTRAÇAO PUBLICA;4;Administração;122;Administração Geral;45;3.1.90.13.00.00.00.00;OBRIGAÇÕES PATRONAIS;1.500.000.0000;RECURSOS NÃO VINCULADOS DE IMPOSTOS;135.290,13
PREFEITURA MUNICIPAL DE BARBACENA;05.001;SEGAB;2.152;PESSOAL E ENCARGOS SOCIAIS DA SEGAB;11;APOIO A ADMINISTRAÇAO PUBLICA;4;Administração;122;Administração Geral;46;3.1.90.16.00.00.00.00;OUTRAS DESPESAS VARIÁVEIS - PESSOAL CIVIL;1.500.000.0000;RECURSOS NÃO VINCULADOS DE IMPOSTOS;500,00
PREFEITURA MUNICIPAL DE BARBACENA;05.001;SEGAB;2.152;PESSOAL E ENCARGOS SOCIAIS DA SEGAB;11;APOIO A ADMINISTRAÇAO PUBLICA;4;Administração;122;Administração Geral;47;3.1.90.91.00.00.00.00;SENTENÇAS JUDICIAIS;1.500.000.0000;RECURSOS NÃO VINCULADOS DE IMPOSTOS;1.000,00
PREFEITURA MUNICIPAL DE BARBACENA;05.001;SEGAB;2.152;PESSOAL E ENCARGOS SOCIAIS DA SEGAB;11;APOIO A ADMINISTRAÇAO PUBLICA;4;Administração;122;Administração Geral;48;3.1.90.92.00.00.00.00;DESPESAS DE EXERCÍCIOS ANTERIORES;1.500.000.0000;RECURSOS NÃO VINCULADOS DE IMPOSTOS;1.000,00
PREFEITURA MUNICIPAL DE BARBACENA;05.001;SEGAB;2.152;PESSOAL E ENCARGOS SOCIAIS DA SEGAB;11;APOIO A ADMINISTRAÇAO PUBLICA;4;Administração;122;Administração Geral;49;3.1.90.94.00.00.00.00;INDENIZAÇÕES E RESTITUIÇÕES TRABALHISTAS;1.500.000.0000;RECURSOS NÃO VINCULADOS DE IMPOSTOS;500,00
PREFEITURA MUNICIPAL DE BARBACENA;05.001;SEGAB;2.152;PESSOAL E ENCARGOS SOCIAIS DA SEGAB;11;APOIO A ADMINISTRAÇAO PUBLICA;4;Administração;122;Administração Geral;50;3.1.91.13.00.00.00.00;OBRIGAÇÕES PATRONAIS;1.500.000.0000;RECURSOS NÃO VINCULADOS DE IMPOSTOS;74.081,67
PREFEITURA MUNICIPAL DE BARBACENA;05.001;SEGAB;2.152;PESSOAL E ENCARGOS SOCIAIS DA SEGAB;11;APOIO A ADMINISTRAÇAO PUBLICA;4;Administração;122;Administração Geral;51;3.1.91.92.00.00.00.00;DESPESAS DE EXERCÍCIOS ANTERIORES;1.500.000.0000;RECURSOS NÃO VINCULADOS DE IMPOSTOS;500,00
PREFEITURA MUNICIPAL DE BARBACENA;05.001;SEGAB;2.152;PESSOAL E ENCARGOS SOCIAIS DA SEGAB;11;APOIO A ADMINISTRAÇAO PUBLICA;4;Administração;122;Administração Geral;52;3.3.90.08.00.00.00.00;OUTROS BENEFÍCIOS ASSISTENCIAIS-SERVIDOR/MILITAR;1.500.000.0000;RECURSOS NÃO VINCULADOS DE IMPOSTOS;1.000,00
PREFEITURA MUNICIPAL DE BARBACENA;05.001;SEGAB;2.152;PESSOAL E ENCARGOS SOCIAIS DA SEGAB;11;APOIO A ADMINISTRAÇAO PUBLICA;4;Administração;122;Administração Geral;53;3.3.90.18.00.00.00.00;AUXÍLIO FINANCEIRO A ESTUDANTES;1.500.000.0000;RECURSOS NÃO VINCULADOS DE IMPOSTOS;1.000,00
PREFEITURA MUNICIPAL DE BARBACENA;05.001;SEGAB;2.152;PESSOAL E ENCARGOS SOCIAIS DA SEGAB;11;APOIO A ADMINISTRAÇAO PUBLICA;4;Administração;122;Administração Geral;54;3.3.90.19.00.00.00.00;AUXÍLIO-FARDAMENTO;1.500.000.0000;RECURSOS NÃO VINCULADOS DE IMPOSTOS;23.500,00
PREFEITURA MUNICIPAL DE BARBACENA;05.001;SEGAB;2.152;PESSOAL E ENCARGOS SOCIAIS DA SEGAB;11;APOIO A ADMINISTRAÇAO PUBLICA;4;Administração;122;Administração Geral;55;3.3.90.39.00.00.00.00;OUTROS SERVIÇOS DE TERCEIROS - PESSOA JURÍDICA;1.500.000.0000;RECURSOS NÃO VINCULADOS DE IMPOSTOS;280.133,15
PREFEITURA MUNICIPAL DE BARBACENA;05.001;SEGAB;2.152;PESSOAL E ENCARGOS SOCIAIS DA SEGAB;11;APOIO A ADMINISTRAÇAO PUBLICA;4;Administração;122;Administração Geral;56;3.3.90.46.00.00.00.00;AUXÍLIO-ALIMENTAÇÃO;1.500.000.0000;RECURSOS NÃO VINCULADOS DE IMPOSTOS;105.840,00
PREFEITURA MUNICIPAL DE BARBACENA;05.001;SEGAB;2.219;CONTRATO DE RATEIO COM O CODAMMA;11;APOIO A ADMINISTRAÇAO PUBLICA;4;Administração;122;Administração Geral;57;3.1.71.70.00.00.00.00;RATEIO PELA PARTICIPAÇÃO EM CONSÓRCIO PÚBLICO;1.500.000.0000;RECURSOS NÃO VINCULADOS DE IMPOSTOS;114.006,54
PREFEITURA MUNICIPAL DE BARBACENA;05.001;SEGAB;2.219;CONTRATO DE RATEIO COM O CODAMMA;11;APOIO A ADMINISTRAÇAO PUBLICA;4;Administração;122;Administração Geral;58;3.3.71.70.00.00.00.00;RATEIO PELA PARTICIPAÇÃO EM CONSÓRCIO PÚBLICO;1.500.000.0000;RECURSOS NÃO VINCULADOS DE IMPOSTOS;37.335,86
PREFEITURA MUNICIPAL DE BARBACENA;05.001;SEGAB;2.219;CONTRATO DE RATEIO COM O CODAMMA;11;APOIO A ADMINISTRAÇAO PUBLICA;4;Administração;122;Administração Geral;59;4.4.71.70.00.00.00.00;RATEIO PELA PARTICIPAÇÃO EM CONSÓRCIO PÚBLICO;1.500.000.0000;RECURSOS NÃO VINCULADOS DE IMPOSTOS;13.860,52
PREFEITURA MUNICIPAL DE BARBACENA;05.001;SEGAB;2.539;APOIO AO 9º BATALHAO DE POLICIA MILITAR - DESTACAMENTO CORREIA DE ALMEIDA;11;APOIO A ADMINISTRAÇAO PUBLICA;4;Administração;122;Administração Geral;60;3.3.30.41.00.00.00.00;CONTRIBUIÇÕES;1.501.000.0000;OUTROS RECURSOS NÃO VINCULADOS;0,00
PREFEITURA MUNICIPAL DE BARBACENA;05.001;SEGAB;2.539;APOIO AO 9º BATALHAO DE POLICIA MILITAR - DESTACAMENTO CORREIA DE ALMEIDA;11;APOIO A ADMINISTRAÇAO PUBLICA;4;Administração;122;Administração Geral;60;3.3.30.41.00.00.00.00;CONTRIBUIÇÕES;1.501.510.0000;OUTROS RECURSOS NÃO VINCULADOS - EMENDAS TODINHO;2.500,00
PREFEITURA MUNICIPAL DE BARBACENA;05.001;SEGAB;2.539;APOIO AO 9º BATALHAO DE POLICIA MILITAR - DESTACAMENTO CORREIA DE ALMEIDA;11;APOIO A ADMINISTRAÇAO PUBLICA;4;Administração;122;Administração Geral;61;4.4.30.41.00.00.00.00;CONTRIBUIÇÕES;1.501.000.0000;OUTROS RECURSOS NÃO VINCULADOS;0,00
PREFEITURA MUNICIPAL DE BARBACENA;05.001;SEGAB;2.539;APOIO AO 9º BATALHAO DE POLICIA MILITAR - DESTACAMENTO CORREIA DE ALMEIDA;11;APOIO A ADMINISTRAÇAO PUBLICA;4;Administração;122;Administração Geral;61;4.4.30.41.00.00.00.00;CONTRIBUIÇÕES;1.501.510.0000;OUTROS RECURSOS NÃO VINCULADOS - EMENDAS TODINHO;2.500,00
PREFEITURA MUNICIPAL DE BARBACENA;05.001;SEGAB;2.542;APOIO AO 9º BATALHÃO DE POLÍCIA MILITAR - MG;11;APOIO A ADMINISTRAÇAO PUBLICA;4;Administração;122;Administração Geral;62;3.3.30.41.00.00.00.00;CONTRIBUIÇÕES;1.501.000.0000;OUTROS RECURSOS NÃO VINCULADOS;0,00
PREFEITURA MUNICIPAL DE BARBACENA;05.001;SEGAB;2.542;APOIO AO 9º BATALHÃO DE POLÍCIA MILITAR - MG;11;APOIO A ADMINISTRAÇAO PUBLICA;4;Administração;122;Administração Geral;62;3.3.30.41.00.00.00.00;CONTRIBUIÇÕES;1.501.512.0000;OUTROS RECURSOS NÃO VINCULADOS - EMENDAS MARILENE FRANCO;18.000,00
PREFEITURA MUNICIPAL DE BARBACENA;05.001;SEGAB;2.542;APOIO AO 9º BATALHÃO DE POLÍCIA MILITAR - MG;11;APOIO A ADMINISTRAÇAO PUBLICA;4;Administração;122;Administração Geral;62;3.3.30.41.00.00.00.00;CONTRIBUIÇÕES;1.753.000.0000;RECURSOS PROVENIENTES DE TAXAS, CONTRIBUIÇÕES E PREÇOS PÚBLICOS;0,00
PREFEITURA MUNICIPAL DE BARBACENA;05.001;SEGAB;2.542;APOIO AO 9º BATALHÃO DE POLÍCIA MILITAR - MG;11;APOIO A ADMINISTRAÇAO PUBLICA;4;Administração;122;Administração Geral;62;3.3.30.41.00.00.00.00;CONTRIBUIÇÕES;1.753.502.0000;RECURSOS PROVENIENTES DE TAXAS, CONTRIBUIÇÕES E PREÇOS PÚBLICOS - EMENDAS DIEGO BAIANO;15.000,00
PREFEITURA MUNICIPAL DE BARBACENA;05.001;SEGAB;2.542;APOIO AO 9º BATALHÃO DE POLÍCIA MILITAR - MG;11;APOIO A ADMINISTRAÇAO PUBLICA;4;Administração;122;Administração Geral;63;4.4.30.41.00.00.00.00;CONTRIBUIÇÕES;1.501.000.0000;OUTROS RECURSOS NÃO VINCULADOS;0,00
PREFEITURA MUNICIPAL DE BARBACENA;05.001;SEGAB;2.542;APOIO AO 9º BATALHÃO DE POLÍCIA MILITAR - MG;11;APOIO A ADMINISTRAÇAO PUBLICA;4;Administração;122;Administração Geral;63;4.4.30.41.00.00.00.00;CONTRIBUIÇÕES;1.501.512.0000;OUTROS RECURSOS NÃO VINCULADOS - EMENDAS MARILENE FRANCO;18.000,00
PREFEITURA MUNICIPAL DE BARBACENA;05.001;SEGAB;2.542;APOIO AO 9º BATALHÃO DE POLÍCIA MILITAR - MG;11;APOIO A ADMINISTRAÇAO PUBLICA;4;Administração;122;Administração Geral;63;4.4.30.41.00.00.00.00;CONTRIBUIÇÕES;1.753.000.0000;RECURSOS PROVENIENTES DE TAXAS, CONTRIBUIÇÕES E PREÇOS PÚBLICOS;0,00
PREFEITURA MUNICIPAL DE BARBACENA;05.001;SEGAB;2.542;APOIO AO 9º BATALHÃO DE POLÍCIA MILITAR - MG;11;APOIO A ADMINISTRAÇAO PUBLICA;4;Administração;122;Administração Geral;63;4.4.30.41.00.00.00.00;CONTRIBUIÇÕES;1.753.502.0000;RECURSOS PROVENIENTES DE TAXAS, CONTRIBUIÇÕES E PREÇOS PÚBLICOS - EMENDAS DIEGO BAIANO;15.000,00
PREFEITURA MUNICIPAL DE BARBACENA;13.001;SEAPA;2.172;PESSOAL E ENCARGOS SOCIAIS DA SEAPA;11;APOIO A ADMINISTRAÇAO PUBLICA;20;Agricultura;122;Administração Geral;64;3.1.90.04.00.00.00.00;CONTRATAÇÃO POR TEMPO DETERMINADO;1.500.000.0000;RECURSOS NÃO VINCULADOS DE IMPOSTOS;131.530,61
PREFEITURA MUNICIPAL DE BARBACENA;13.001;SEAPA;2.172;PESSOAL E ENCARGOS SOCIAIS DA SEAPA;11;APOIO A ADMINISTRAÇAO PUBLICA;20;Agricultura;122;Administração Geral;65;3.1.90.11.00.00.00.00;VENCIMENTOS E VANTAGENS FIXAS - PESSOAL CIVIL;1.500.000.0000;RECURSOS NÃO VINCULADOS DE IMPOSTOS;1.055.175,29
PREFEITURA MUNICIPAL DE BARBACENA;13.001;SEAPA;2.172;PESSOAL E ENCARGOS SOCIAIS DA SEAPA;11;APOIO A ADMINISTRAÇAO PUBLICA;20;Agricultura;122;Administração Geral;66;3.1.90.13.00.00.00.00;OBRIGAÇÕES PATRONAIS;1.500.000.0000;RECURSOS NÃO VINCULADOS DE IMPOSTOS;59.313,27
PREFEITURA MUNICIPAL DE BARBACENA;13.001;SEAPA;2.172;PESSOAL E ENCARGOS SOCIAIS DA SEAPA;11;APOIO A ADMINISTRAÇAO PUBLICA;20;Agricultura;122;Administração Geral;67;3.1.90.16.00.00.00.00;OUTRAS DESPESAS VARIÁVEIS - PESSOAL CIVIL;1.500.000.0000;RECURSOS NÃO VINCULADOS DE IMPOSTOS;500,00
PREFEITURA MUNICIPAL DE BARBACENA;13.001;SEAPA;2.172;PESSOAL E ENCARGOS SOCIAIS DA SEAPA;11;APOIO A ADMINISTRAÇAO PUBLICA;20;Agricultura;122;Administração Geral;68;3.1.90.92.00.00.00.00;DESPESAS DE EXERCÍCIOS ANTERIORES;1.500.000.0000;RECURSOS NÃO VINCULADOS DE IMPOSTOS;1.000,00
PREFEITURA MUNICIPAL DE BARBACENA;13.001;SEAPA;2.172;PESSOAL E ENCARGOS SOCIAIS DA SEAPA;11;APOIO A ADMINISTRAÇAO PUBLICA;20;Agricultura;122;Administração Geral;69;3.1.90.94.00.00.00.00;INDENIZAÇÕES E RESTITUIÇÕES TRABALHISTAS;1.500.000.0000;RECURSOS NÃO VINCULADOS DE IMPOSTOS;500,00
PREFEITURA MUNICIPAL DE BARBACENA;13.001;SEAPA;2.172;PESSOAL E ENCARGOS SOCIAIS DA SEAPA;11;APOIO A ADMINISTRAÇAO PUBLICA;20;Agricultura;122;Administração Geral;70;3.1.91.13.00.00.00.00;OBRIGAÇÕES PATRONAIS;1.500.000.0000;RECURSOS NÃO VINCULADOS DE IMPOSTOS;172.701,38
PREFEITURA MUNICIPAL DE BARBACENA;13.001;SEAPA;2.172;PESSOAL E ENCARGOS SOCIAIS DA SEAPA;11;APOIO A ADMINISTRAÇAO PUBLICA;20;Agricultura;122;Administração Geral;71;3.1.91.92.00.00.00.00;DESPESAS DE EXERCÍCIOS ANTERIORES;1.500.000.0000;RECURSOS NÃO VINCULADOS DE IMPOSTOS;500,00
PREFEITURA MUNICIPAL DE BARBACENA;13.001;SEAPA;2.172;PESSOAL E ENCARGOS SOCIAIS DA SEAPA;11;APOIO A ADMINISTRAÇAO PUBLICA;20;Agricultura;122;Administração Geral;72;3.3.90.08.00.00.00.00;OUTROS BENEFÍCIOS ASSISTENCIAIS-SERVIDOR/MILITAR;1.500.000.0000;RECURSOS NÃO VINCULADOS DE IMPOSTOS;1.000,00
PREFEITURA MUNICIPAL DE BARBACENA;13.001;SEAPA;2.172;PESSOAL E ENCARGOS SOCIAIS DA SEAPA;11;APOIO A ADMINISTRAÇAO PUBLICA;20;Agricultura;122;Administração Geral;73;3.3.90.18.00.00.00.00;AUXÍLIO FINANCEIRO A ESTUDANTES;1.500.000.0000;RECURSOS NÃO VINCULADOS DE IMPOSTOS;1.000,00
PREFEITURA MUNICIPAL DE BARBACENA;13.001;SEAPA;2.172;PESSOAL E ENCARGOS SOCIAIS DA SEAPA;11;APOIO A ADMINISTRAÇAO PUBLICA;20;Agricultura;122;Administração Geral;74;3.3.90.46.00.00.00.00;AUXÍLIO-ALIMENTAÇÃO;1.500.000.0000;RECURSOS NÃO VINCULADOS DE IMPOSTOS;127.020,00
PREFEITURA MUNICIPAL DE BARBACENA;13.001;SEAPA;2.173;MANUTENÇAO DA SEAPA;11;APOIO A ADMINISTRAÇAO PUBLICA;20;Agricultura;122;Administração Geral;75;3.3.50.41.00.00.00.00;CONTRIBUIÇÕES;1.500.000.0000;RECURSOS NÃO VINCULADOS DE IMPOSTOS;77.520,36
PREFEITURA MUNICIPAL DE BARBACENA;13.001;SEAPA;2.173;MANUTENÇAO DA SEAPA;11;APOIO A ADMINISTRAÇAO PUBLICA;20;Agricultura;122;Administração Geral;76;3.3.90.14.00.00.00.00;DIÁRIAS - PESSOAL CIVIL;1.500.000.0000;RECURSOS NÃO VINCULADOS DE IMPOSTOS;12.586,20
PREFEITURA MUNICIPAL DE BARBACENA;13.001;SEAPA;2.173;MANUTENÇAO DA SEAPA;11;APOIO A ADMINISTRAÇAO PUBLICA;20;Agricultura;122;Administração Geral;77;3.3.90.30.00.00.00.00;MATERIAL DE CONSUMO;1.500.000.0000;RECURSOS NÃO VINCULADOS DE IMPOSTOS;94.037,15
PREFEITURA MUNICIPAL DE BARBACENA;13.001;SEAPA;2.173;MANUTENÇAO DA SEAPA;11;APOIO A ADMINISTRAÇAO PUBLICA;20;Agricultura;122;Administração Geral;77;3.3.90.30.00.00.00.00;MATERIAL DE CONSUMO;1.501.000.0000;OUTROS RECURSOS NÃO VINCULADOS;31.500,00
PREFEITURA MUNICIPAL DE BARBACENA;13.001;SEAPA;2.173;MANUTENÇAO DA SEAPA;11;APOIO A ADMINISTRAÇAO PUBLICA;20;Agricultura;122;Administração Geral;78;3.3.90.35.00.00.00.00;SERVIÇOS DE CONSULTORIA;1.500.000.0000;RECURSOS NÃO VINCULADOS DE IMPOSTOS;500,00
PREFEITURA MUNICIPAL DE BARBACENA;13.001;SEAPA;2.173;MANUTENÇAO DA SEAPA;11;APOIO A ADMINISTRAÇAO PUBLICA;20;Agricultura;122;Administração Geral;79;3.3.90.36.00.00.00.00;OUTROS SERVIÇOS DE TERCEIROS - PESSOA FÍSICA;1.500.000.0000;RECURSOS NÃO VINCULADOS DE IMPOSTOS;500,00
PREFEITURA MUNICIPAL DE BARBACENA;13.001;SEAPA;2.173;MANUTENÇAO DA SEAPA;11;APOIO A ADMINISTRAÇAO PUBLICA;20;Agricultura;122;Administração Geral;80;3.3.90.39.00.00.00.00;OUTROS SERVIÇOS DE TERCEIROS - PESSOA JURÍDICA;1.500.000.0000;RECURSOS NÃO VINCULADOS DE IMPOSTOS;79.031,22
PREFEITURA MUNICIPAL DE BARBACENA;13.001;SEAPA;2.173;MANUTENÇAO DA SEAPA;11;APOIO A ADMINISTRAÇAO PUBLICA;20;Agricultura;122;Administração Geral;80;3.3.90.39.00.00.00.00;OUTROS SERVIÇOS DE TERCEIROS - PESSOA JURÍDICA;1.501.000.0000;OUTROS RECURSOS NÃO VINCULADOS;87.000,00
PREFEITURA MUNICIPAL DE BARBACENA;13.001;SEAPA;2.173;MANUTENÇAO DA SEAPA;11;APOIO A ADMINISTRAÇAO PUBLICA;20;Agricultura;122;Administração Geral;81;3.3.90.40.00.00.00.00;SERVIÇOS DE TECNOLOGIA DA INFORMAÇÃO E COMUNICAÇ;1.500.000.0000;RECURSOS NÃO VINCULADOS DE IMPOSTOS;2.000,00
PREFEITURA MUNICIPAL DE BARBACENA;13.001;SEAPA;2.173;MANUTENÇAO DA SEAPA;11;APOIO A ADMINISTRAÇAO PUBLICA;20;Agricultura;122;Administração Geral;82;3.3.90.47.00.00.00.00;OBRIGAÇÕES TRIBUTÁRIAS E CONTRIBUTIVAS;1.500.000.0000;RECURSOS NÃO VINCULADOS DE IMPOSTOS;1.000,00
PREFEITURA MUNICIPAL DE BARBACENA;13.001;SEAPA;2.173;MANUTENÇAO DA SEAPA;11;APOIO A ADMINISTRAÇAO PUBLICA;20;Agricultura;122;Administração Geral;83;3.3.90.48.00.00.00.00;OUTROS AUXÍLIOS FINANCEIROS A PESSOAS FÍSICAS;1.500.000.0000;RECURSOS NÃO VINCULADOS DE IMPOSTOS;500,00
PREFEITURA MUNICIPAL DE BARBACENA;13.001;SEAPA;2.173;MANUTENÇAO DA SEAPA;11;APOIO A ADMINISTRAÇAO PUBLICA;20;Agricultura;122;Administração Geral;84;3.3.90.49.00.00.00.00;AUXÍLIO-TRANSPORTE;1.500.000.0000;RECURSOS NÃO VINCULADOS DE IMPOSTOS;500,00
PREFEITURA MUNICIPAL DE BARBACENA;13.001;SEAPA;2.173;MANUTENÇAO DA SEAPA;11;APOIO A ADMINISTRAÇAO PUBLICA;20;Agricultura;122;Administração Geral;85;3.3.90.92.00.00.00.00;DESPESAS DE EXERCÍCIOS ANTERIORES;1.500.000.0000;RECURSOS NÃO VINCULADOS DE IMPOSTOS;1.000,00
PREFEITURA MUNICIPAL DE BARBACENA;13.001;SEAPA;2.173;MANUTENÇAO DA SEAPA;11;APOIO A ADMINISTRAÇAO PUBLICA;20;Agricultura;122;Administração Geral;86;3.3.90.93.00.00.00.00;INDENIZAÇÕES E RESTITUIÇÕES;1.500.000.0000;RECURSOS NÃO VINCULADOS DE IMPOSTOS;1.000,00
PREFEITURA MUNICIPAL DE BARBACENA;13.001;SEAPA;2.173;MANUTENÇAO DA SEAPA;11;APOIO A ADMINISTRAÇAO PUBLICA;20;Agricultura;122;Administração Geral;86;3.3.90.93.00.00.00.00;INDENIZAÇÕES E RESTITUIÇÕES;1.700.000.0000;OUTRAS TRANSFERÊNCIAS DE CONVÊNIOS OU INSTRUMENTOS CONGÊNERES DA UNIÃO;1.000,00
PREFEITURA MUNICIPAL DE BARBACENA;13.001;SEAPA;2.173;MANUTENÇAO DA SEAPA;11;APOIO A ADMINISTRAÇAO PUBLICA;20;Agricultura;122;Administração Geral;87;4.4.90.51.00.00.00.00;OBRAS E INSTALAÇÕES;1.500.000.0000;RECURSOS NÃO VINCULADOS DE IMPOSTOS;1.000,00
PREFEITURA MUNICIPAL DE BARBACENA;13.001;SEAPA;2.173;MANUTENÇAO DA SEAPA;11;APOIO A ADMINISTRAÇAO PUBLICA;20;Agricultura;122;Administração Geral;88;4.4.90.52.00.00.00.00;EQUIPAMENTOS E MATERIAL PERMANENTE;1.500.000.0000;RECURSOS NÃO VINCULADOS DE IMPOSTOS;1.000,00
PREFEITURA MUNICIPAL DE BARBACENA;13.001;SEAPA;2.173;MANUTENÇAO DA SEAPA;11;APOIO A ADMINISTRAÇAO PUBLICA;20;Agricultura;122;Administração Geral;88;4.4.90.52.00.00.00.00;EQUIPAMENTOS E MATERIAL PERMANENTE;1.501.000.0000;OUTROS RECURSOS NÃO VINCULADOS;4.942,50
PREFEITURA MUNICIPAL DE BARBACENA;13.001;SEAPA;2.173;MANUTENÇAO DA SEAPA;11;APOIO A ADMINISTRAÇAO PUBLICA;20;Agricultura;122;Administração Geral;1204;3.3.67.83.00.00.00.00;DESPESAS DECORRENTES DE CONTRATO DE PARCERIA PÚB.;1.500.000.0000;RECURSOS NÃO VINCULADOS DE IMPOSTOS;16.184,76
PREFEITURA MUNICIPAL DE BARBACENA;13.001;SEAPA;2.291;MANUTENÇÃO DO HORTO FLORESTAL;11;APOIO A ADMINISTRAÇAO PUBLICA;20;Agricultura;122;Administração Geral;89;3.3.90.30.00.00.00.00;MATERIAL DE CONSUMO;1.500.000.0000;RECURSOS NÃO VINCULADOS DE IMPOSTOS;5.000,00
PREFEITURA MUNICIPAL DE BARBACENA;13.001;SEAPA;2.291;MANUTENÇÃO DO HORTO FLORESTAL;11;APOIO A ADMINISTRAÇAO PUBLICA;20;Agricultura;122;Administração Geral;89;3.3.90.30.00.00.00.00;MATERIAL DE CONSUMO;1.501.000.0000;OUTROS RECURSOS NÃO VINCULADOS;100.994,50
PREFEITURA MUNICIPAL DE BARBACENA;13.001;SEAPA;2.291;MANUTENÇÃO DO HORTO FLORESTAL;11;APOIO A ADMINISTRAÇAO PUBLICA;20;Agricultura;122;Administração Geral;90;3.3.90.34.00.00.00.00;OUTRAS DESP.DE PESSOAL DECOR.DE CONT.TERCEIRIZAÇÃO;1.500.000.0000;RECURSOS NÃO VINCULADOS DE IMPOSTOS;1.000,00
PREFEITURA MUNICIPAL DE BARBACENA;13.001;SEAPA;2.291;MANUTENÇÃO DO HORTO FLORESTAL;11;APOIO A ADMINISTRAÇAO PUBLICA;20;Agricultura;122;Administração Geral;91;3.3.90.39.00.00.00.00;OUTROS SERVIÇOS DE TERCEIROS - PESSOA JURÍDICA;1.500.000.0000;RECURSOS NÃO VINCULADOS DE IMPOSTOS;5.000,00
PREFEITURA MUNICIPAL DE BARBACENA;13.001;SEAPA;2.291;MANUTENÇÃO DO HORTO FLORESTAL;11;APOIO A ADMINISTRAÇAO PUBLICA;20;Agricultura;122;Administração Geral;92;4.4.90.51.00.00.00.00;OBRAS E INSTALAÇÕES;1.501.000.0000;OUTROS RECURSOS NÃO VINCULADOS;1.000,00
PREFEITURA MUNICIPAL DE BARBACENA;13.001;SEAPA;2.492;APOIO AO INSTITUTO SOCIOAMBIENTAL DAS VERTENTES - IVERT;11;APOIO A ADMINISTRAÇAO PUBLICA;20;Agricultura;122;Administração Geral;93;3.3.50.41.00.00.00.00;CONTRIBUIÇÕES;1.501.000.0000;OUTROS RECURSOS NÃO VINCULADOS;0,00
PREFEITURA MUNICIPAL DE BARBACENA;13.001;SEAPA;2.492;APOIO AO INSTITUTO SOCIOAMBIENTAL DAS VERTENTES - IVERT;11;APOIO A ADMINISTRAÇAO PUBLICA;20;Agricultura;122;Administração Geral;93;3.3.50.41.00.00.00.00;CONTRIBUIÇÕES;1.501.505.0000;OUTROS RECURSOS NÃO VINCULADOS - EMENDAS FAUSTA TATA;51.720,83
PREFEITURA MUNICIPAL DE BARBACENA;13.001;SEAPA;2.492;APOIO AO INSTITUTO SOCIOAMBIENTAL DAS VERTENTES - IVERT;11;APOIO A ADMINISTRAÇAO PUBLICA;20;Agricultura;122;Administração Geral;94;4.4.50.41.00.00.00.00;CONTRIBUIÇÕES;1.501.000.0000;OUTROS RECURSOS NÃO VINCULADOS;0,00
PREFEITURA MUNICIPAL DE BARBACENA;13.001;SEAPA;2.492;APOIO AO INSTITUTO SOCIOAMBIENTAL DAS VERTENTES - IVERT;11;APOIO A ADMINISTRAÇAO PUBLICA;20;Agricultura;122;Administração Geral;94;4.4.50.41.00.00.00.00;CONTRIBUIÇÕES;1.501.505.0000;OUTROS RECURSOS NÃO VINCULADOS - EMENDAS FAUSTA TATA;51.720,82
PREFEITURA MUNICIPAL DE BARBACENA;13.001;SEAPA;2.178;APOIO E FOMENTO A PRODUÇÃO RURAL;35;DESENVOLVIMENTO RURAL;20;Agricultura;122;Administração Geral;95;3.3.50.41.00.00.00.00;CONTRIBUIÇÕES;1.500.000.0000;RECURSOS NÃO VINCULADOS DE IMPOSTOS;155.614,44
PREFEITURA MUNICIPAL DE BARBACENA;13.001;SEAPA;2.178;APOIO E FOMENTO A PRODUÇÃO RURAL;35;DESENVOLVIMENTO RURAL;20;Agricultura;122;Administração Geral;96;3.3.90.30.00.00.00.00;MATERIAL DE CONSUMO;1.500.000.0000;RECURSOS NÃO VINCULADOS DE IMPOSTOS;27.720,00
PREFEITURA MUNICIPAL DE BARBACENA;13.001;SEAPA;2.178;APOIO E FOMENTO A PRODUÇÃO RURAL;35;DESENVOLVIMENTO RURAL;20;Agricultura;122;Administração Geral;97;3.3.90.39.00.00.00.00;OUTROS SERVIÇOS DE TERCEIROS - PESSOA JURÍDICA;1.500.000.0000;RECURSOS NÃO VINCULADOS DE IMPOSTOS;187.107,64
PREFEITURA MUNICIPAL DE BARBACENA;13.001;SEAPA;2.178;APOIO E FOMENTO A PRODUÇÃO RURAL;35;DESENVOLVIMENTO RURAL;20;Agricultura;122;Administração Geral;97;3.3.90.39.00.00.00.00;OUTROS SERVIÇOS DE TERCEIROS - PESSOA JURÍDICA;1.501.000.0000;OUTROS RECURSOS NÃO VINCULADOS;105.297,95
PREFEITURA MUNICIPAL DE BARBACENA;13.001;SEAPA;2.178;APOIO E FOMENTO A PRODUÇÃO RURAL;35;DESENVOLVIMENTO RURAL;20;Agricultura;122;Administração Geral;97;3.3.90.39.00.00.00.00;OUTROS SERVIÇOS DE TERCEIROS - PESSOA JURÍDICA;1.753.000.0000;RECURSOS PROVENIENTES DE TAXAS, CONTRIBUIÇÕES E PREÇOS PÚBLICOS;153.765,05
PREFEITURA MUNICIPAL DE BARBACENA;13.001;SEAPA;2.178;APOIO E FOMENTO A PRODUÇÃO RURAL;35;DESENVOLVIMENTO RURAL;20;Agricultura;122;Administração Geral;98;4.4.90.51.00.00.00.00;OBRAS E INSTALAÇÕES;1.500.000.0000;RECURSOS NÃO VINCULADOS DE IMPOSTOS;1.000,00
PREFEITURA MUNICIPAL DE BARBACENA;13.001;SEAPA;2.178;APOIO E FOMENTO A PRODUÇÃO RURAL;35;DESENVOLVIMENTO RURAL;20;Agricultura;122;Administração Geral;98;4.4.90.51.00.00.00.00;OBRAS E INSTALAÇÕES;1.501.000.0000;OUTROS RECURSOS NÃO VINCULADOS;5.000,00
PREFEITURA MUNICIPAL DE BARBACENA;13.001;SEAPA;2.178;APOIO E FOMENTO A PRODUÇÃO RURAL;35;DESENVOLVIMENTO RURAL;20;Agricultura;122;Administração Geral;99;4.4.90.52.00.00.00.00;EQUIPAMENTOS E MATERIAL PERMANENTE;1.500.000.0000;RECURSOS NÃO VINCULADOS DE IMPOSTOS;10.000,00
PREFEITURA MUNICIPAL DE BARBACENA;13.001;SEAPA;2.178;APOIO E FOMENTO A PRODUÇÃO RURAL;35;DESENVOLVIMENTO RURAL;20;Agricultura;122;Administração Geral;99;4.4.90.52.00.00.00.00;EQUIPAMENTOS E MATERIAL PERMANENTE;1.501.000.0000;OUTROS RECURSOS NÃO VINCULADOS;65.000,00
PREFEITURA MUNICIPAL DE BARBACENA;13.001;SEAPA;2.178;APOIO E FOMENTO A PRODUÇÃO RURAL;35;DESENVOLVIMENTO RURAL;20;Agricultura;122;Administração Geral;99;4.4.90.52.00.00.00.00;EQUIPAMENTOS E MATERIAL PERMANENTE;1.700.000.0000;OUTRAS TRANSFERÊNCIAS DE CONVÊNIOS OU INSTRUMENTOS CONGÊNERES DA UNIÃO;266.389,79
PREFEITURA MUNICIPAL DE BARBACENA;13.001;SEAPA;2.178;APOIO E FOMENTO A PRODUÇÃO RURAL;35;DESENVOLVIMENTO RURAL;20;Agricultura;122;Administração Geral;99;4.4.90.52.00.00.00.00;EQUIPAMENTOS E MATERIAL PERMANENTE;2.700.000.0000;OUTRAS TRANSFERÊNCIAS DE CONVÊNIOS OU INSTRUMENTOS CONGÊNERES DA UNIÃO;840.512,09
PREFEITURA MUNICIPAL DE BARBACENA;13.001;SEAPA;2.541;ACOES DE APOIO AO DESENVOLVIMENTO RURAL - EMENDAS MUNICIPAIS;35;DESENVOLVIMENTO RURAL;20;Agricultura;122;Administração Geral;100;3.3.50.41.00.00.00.00;CONTRIBUIÇÕES;1.501.000.0000;OUTROS RECURSOS NÃO VINCULADOS;0,00
PREFEITURA MUNICIPAL DE BARBACENA;13.001;SEAPA;2.541;ACOES DE APOIO AO DESENVOLVIMENTO RURAL - EMENDAS MUNICIPAIS;35;DESENVOLVIMENTO RURAL;20;Agricultura;122;Administração Geral;100;3.3.50.41.00.00.00.00;CONTRIBUIÇÕES;1.501.519.0000;OUTROS RECURSOS NÃO VINCULADOS - EMENDAS THIAGO MARTINS;15.000,00
PREFEITURA MUNICIPAL DE BARBACENA;13.001;SEAPA;2.541;ACOES DE APOIO AO DESENVOLVIMENTO RURAL - EMENDAS MUNICIPAIS;35;DESENVOLVIMENTO RURAL;20;Agricultura;122;Administração Geral;101;4.4.50.41.00.00.00.00;CONTRIBUIÇÕES;1.501.000.0000;OUTROS RECURSOS NÃO VINCULADOS;0,00
PREFEITURA MUNICIPAL DE BARBACENA;13.001;SEAPA;2.541;ACOES DE APOIO AO DESENVOLVIMENTO RURAL - EMENDAS MUNICIPAIS;35;DESENVOLVIMENTO RURAL;20;Agricultura;122;Administração Geral;101;4.4.50.41.00.00.00.00;CONTRIBUIÇÕES;1.501.519.0000;OUTROS RECURSOS NÃO VINCULADOS - EMENDAS THIAGO MARTINS;15.000,00
PREFEITURA MUNICIPAL DE BARBACENA;13.001;SEAPA;2.755;MANUTENÇÃO DO PROGRAMA DE AQUISIÇÃO DE ALIMENTOS - PAA;35;DESENVOLVIMENTO RURAL;20;Agricultura;122;Administração Geral;102;3.3.90.30.00.00.00.00;MATERIAL DE CONSUMO;1.501.000.0000;OUTROS RECURSOS NÃO VINCULADOS;26.250,00
PREFEITURA MUNICIPAL DE BARBACENA;13.001;SEAPA;2.755;MANUTENÇÃO DO PROGRAMA DE AQUISIÇÃO DE ALIMENTOS - PAA;35;DESENVOLVIMENTO RURAL;20;Agricultura;122;Administração Geral;103;3.3.90.39.00.00.00.00;OUTROS SERVIÇOS DE TERCEIROS - PESSOA JURÍDICA;1.501.000.0000;OUTROS RECURSOS NÃO VINCULADOS;70.000,00
PREFEITURA MUNICIPAL DE BARBACENA;15.001;SEGOV;2.068;PESSOAL E ENCARGOS SOCIAIS DA SEGOV;11;APOIO A ADMINISTRAÇAO PUBLICA;4;Administração;122;Administração Geral;104;3.1.90.04.00.00.00.00;CONTRATAÇÃO POR TEMPO DETERMINADO;1.500.000.0000;RECURSOS NÃO VINCULADOS DE IMPOSTOS;84.412,84
PREFEITURA MUNICIPAL DE BARBACENA;15.001;SEGOV;2.068;PESSOAL E ENCARGOS SOCIAIS DA SEGOV;11;APOIO A ADMINISTRAÇAO PUBLICA;4;Administração;122;Administração Geral;105;3.1.90.11.00.00.00.00;VENCIMENTOS E VANTAGENS FIXAS - PESSOAL CIVIL;1.500.000.0000;RECURSOS NÃO VINCULADOS DE IMPOSTOS;950.907,28
PREFEITURA MUNICIPAL DE BARBACENA;15.001;SEGOV;2.068;PESSOAL E ENCARGOS SOCIAIS DA SEGOV;11;APOIO A ADMINISTRAÇAO PUBLICA;4;Administração;122;Administração Geral;106;3.1.90.13.00.00.00.00;OBRIGAÇÕES PATRONAIS;1.500.000.0000;RECURSOS NÃO VINCULADOS DE IMPOSTOS;100.490,32
PREFEITURA MUNICIPAL DE BARBACENA;15.001;SEGOV;2.068;PESSOAL E ENCARGOS SOCIAIS DA SEGOV;11;APOIO A ADMINISTRAÇAO PUBLICA;4;Administração;122;Administração Geral;107;3.1.90.16.00.00.00.00;OUTRAS DESPESAS VARIÁVEIS - PESSOAL CIVIL;1.500.000.0000;RECURSOS NÃO VINCULADOS DE IMPOSTOS;500,00
PREFEITURA MUNICIPAL DE BARBACENA;15.001;SEGOV;2.068;PESSOAL E ENCARGOS SOCIAIS DA SEGOV;11;APOIO A ADMINISTRAÇAO PUBLICA;4;Administração;122;Administração Geral;108;3.1.90.92.00.00.00.00;DESPESAS DE EXERCÍCIOS ANTERIORES;1.500.000.0000;RECURSOS NÃO VINCULADOS DE IMPOSTOS;500,00
PREFEITURA MUNICIPAL DE BARBACENA;15.001;SEGOV;2.068;PESSOAL E ENCARGOS SOCIAIS DA SEGOV;11;APOIO A ADMINISTRAÇAO PUBLICA;4;Administração;122;Administração Geral;109;3.1.90.94.00.00.00.00;INDENIZAÇÕES E RESTITUIÇÕES TRABALHISTAS;1.500.000.0000;RECURSOS NÃO VINCULADOS DE IMPOSTOS;500,00
PREFEITURA MUNICIPAL DE BARBACENA;15.001;SEGOV;2.068;PESSOAL E ENCARGOS SOCIAIS DA SEGOV;11;APOIO A ADMINISTRAÇAO PUBLICA;4;Administração;122;Administração Geral;110;3.1.91.13.00.00.00.00;OBRIGAÇÕES PATRONAIS;1.500.000.0000;RECURSOS NÃO VINCULADOS DE IMPOSTOS;87.634,84
PREFEITURA MUNICIPAL DE BARBACENA;15.001;SEGOV;2.068;PESSOAL E ENCARGOS SOCIAIS DA SEGOV;11;APOIO A ADMINISTRAÇAO PUBLICA;4;Administração;122;Administração Geral;111;3.1.91.92.00.00.00.00;DESPESAS DE EXERCÍCIOS ANTERIORES;1.500.000.0000;RECURSOS NÃO VINCULADOS DE IMPOSTOS;500,00
PREFEITURA MUNICIPAL DE BARBACENA;15.001;SEGOV;2.068;PESSOAL E ENCARGOS SOCIAIS DA SEGOV;11;APOIO A ADMINISTRAÇAO PUBLICA;4;Administração;122;Administração Geral;112;3.3.90.08.00.00.00.00;OUTROS BENEFÍCIOS ASSISTENCIAIS-SERVIDOR/MILITAR;1.500.000.0000;RECURSOS NÃO VINCULADOS DE IMPOSTOS;1.000,00
PREFEITURA MUNICIPAL DE BARBACENA;15.001;SEGOV;2.068;PESSOAL E ENCARGOS SOCIAIS DA SEGOV;11;APOIO A ADMINISTRAÇAO PUBLICA;4;Administração;122;Administração Geral;113;3.3.90.18.00.00.00.00;AUXÍLIO FINANCEIRO A ESTUDANTES;1.500.000.0000;RECURSOS NÃO VINCULADOS DE IMPOSTOS;1.000,00
PREFEITURA MUNICIPAL DE BARBACENA;15.001;SEGOV;2.068;PESSOAL E ENCARGOS SOCIAIS DA SEGOV;11;APOIO A ADMINISTRAÇAO PUBLICA;4;Administração;122;Administração Geral;114;3.3.90.19.00.00.00.00;AUXÍLIO-FARDAMENTO;1.500.000.0000;RECURSOS NÃO VINCULADOS DE IMPOSTOS;1.000,00
PREFEITURA MUNICIPAL DE BARBACENA;15.001;SEGOV;2.068;PESSOAL E ENCARGOS SOCIAIS DA SEGOV;11;APOIO A ADMINISTRAÇAO PUBLICA;4;Administração;122;Administração Geral;115;3.3.90.46.00.00.00.00;AUXÍLIO-ALIMENTAÇÃO;1.500.000.0000;RECURSOS NÃO VINCULADOS DE IMPOSTOS;98.280,00
PREFEITURA MUNICIPAL DE BARBACENA;15.001;SEGOV;2.171;DIVULGAÇÃO GOVERNAMENTAL;11;APOIO A ADMINISTRAÇAO PUBLICA;4;Administração;122;Administração Geral;116;3.3.90.30.00.00.00.00;MATERIAL DE CONSUMO;1.500.000.0000;RECURSOS NÃO VINCULADOS DE IMPOSTOS;15.151,17
PREFEITURA MUNICIPAL DE BARBACENA;15.001;SEGOV;2.171;DIVULGAÇÃO GOVERNAMENTAL;11;APOIO A ADMINISTRAÇAO PUBLICA;4;Administração;122;Administração Geral;116;3.3.90.30.00.00.00.00;MATERIAL DE CONSUMO;1.501.000.0000;OUTROS RECURSOS NÃO VINCULADOS;10.500,00
PREFEITURA MUNICIPAL DE BARBACENA;15.001;SEGOV;2.171;DIVULGAÇÃO GOVERNAMENTAL;11;APOIO A ADMINISTRAÇAO PUBLICA;4;Administração;122;Administração Geral;116;3.3.90.30.00.00.00.00;MATERIAL DE CONSUMO;1.753.000.0000;RECURSOS PROVENIENTES DE TAXAS, CONTRIBUIÇÕES E PREÇOS PÚBLICOS;42.000,00
PREFEITURA MUNICIPAL DE BARBACENA;15.001;SEGOV;2.171;DIVULGAÇÃO GOVERNAMENTAL;11;APOIO A ADMINISTRAÇAO PUBLICA;4;Administração;122;Administração Geral;117;3.3.90.39.00.00.00.00;OUTROS SERVIÇOS DE TERCEIROS - PESSOA JURÍDICA;1.500.000.0000;RECURSOS NÃO VINCULADOS DE IMPOSTOS;21.000,00
PREFEITURA MUNICIPAL DE BARBACENA;15.001;SEGOV;2.171;DIVULGAÇÃO GOVERNAMENTAL;11;APOIO A ADMINISTRAÇAO PUBLICA;4;Administração;122;Administração Geral;117;3.3.90.39.00.00.00.00;OUTROS SERVIÇOS DE TERCEIROS - PESSOA JURÍDICA;1.753.000.0000;RECURSOS PROVENIENTES DE TAXAS, CONTRIBUIÇÕES E PREÇOS PÚBLICOS;15.750,00
PREFEITURA MUNICIPAL DE BARBACENA;15.001;SEGOV;2.171;DIVULGAÇÃO GOVERNAMENTAL;11;APOIO A ADMINISTRAÇAO PUBLICA;4;Administração;122;Administração Geral;118;3.3.90.92.00.00.00.00;DESPESAS DE EXERCÍCIOS ANTERIORES;1.500.000.0000;RECURSOS NÃO VINCULADOS DE IMPOSTOS;1.134,00
PREFEITURA MUNICIPAL DE BARBACENA;15.001;SEGOV;2.171;DIVULGAÇÃO GOVERNAMENTAL;11;APOIO A ADMINISTRAÇAO PUBLICA;4;Administração;122;Administração Geral;119;4.4.90.52.00.00.00.00;EQUIPAMENTOS E MATERIAL PERMANENTE;1.500.000.0000;RECURSOS NÃO VINCULADOS DE IMPOSTOS;14.824,70
PREFEITURA MUNICIPAL DE BARBACENA;15.001;SEGOV;2.171;DIVULGAÇÃO GOVERNAMENTAL;11;APOIO A ADMINISTRAÇAO PUBLICA;4;Administração;122;Administração Geral;119;4.4.90.52.00.00.00.00;EQUIPAMENTOS E MATERIAL PERMANENTE;1.501.000.0000;OUTROS RECURSOS NÃO VINCULADOS;3.150,00
PREFEITURA MUNICIPAL DE BARBACENA;15.001;SEGOV;2.171;DIVULGAÇÃO GOVERNAMENTAL;11;APOIO A ADMINISTRAÇAO PUBLICA;4;Administração;122;Administração Geral;119;4.4.90.52.00.00.00.00;EQUIPAMENTOS E MATERIAL PERMANENTE;1.753.000.0000;RECURSOS PROVENIENTES DE TAXAS, CONTRIBUIÇÕES E PREÇOS PÚBLICOS;26.250,00
PREFEITURA MUNICIPAL DE BARBACENA;15.001;SEGOV;2.181;MANUTENÇAO DA SEGOV;11;APOIO A ADMINISTRAÇAO PUBLICA;4;Administração;122;Administração Geral;120;3.3.90.14.00.00.00.00;DIÁRIAS - PESSOAL CIVIL;1.500.000.0000;RECURSOS NÃO VINCULADOS DE IMPOSTOS;10.000,00
PREFEITURA MUNICIPAL DE BARBACENA;15.001;SEGOV;2.181;MANUTENÇAO DA SEGOV;11;APOIO A ADMINISTRAÇAO PUBLICA;4;Administração;122;Administração Geral;121;3.3.90.30.00.00.00.00;MATERIAL DE CONSUMO;1.500.000.0000;RECURSOS NÃO VINCULADOS DE IMPOSTOS;114.599,81
PREFEITURA MUNICIPAL DE BARBACENA;15.001;SEGOV;2.181;MANUTENÇAO DA SEGOV;11;APOIO A ADMINISTRAÇAO PUBLICA;4;Administração;122;Administração Geral;121;3.3.90.30.00.00.00.00;MATERIAL DE CONSUMO;1.753.000.0000;RECURSOS PROVENIENTES DE TAXAS, CONTRIBUIÇÕES E PREÇOS PÚBLICOS;20.000,00
PREFEITURA MUNICIPAL DE BARBACENA;15.001;SEGOV;2.181;MANUTENÇAO DA SEGOV;11;APOIO A ADMINISTRAÇAO PUBLICA;4;Administração;122;Administração Geral;122;3.3.90.33.00.00.00.00;PASSAGENS E DESPESAS COM LOCOMOÇÃO;1.500.000.0000;RECURSOS NÃO VINCULADOS DE IMPOSTOS;500,00
PREFEITURA MUNICIPAL DE BARBACENA;15.001;SEGOV;2.181;MANUTENÇAO DA SEGOV;11;APOIO A ADMINISTRAÇAO PUBLICA;4;Administração;122;Administração Geral;123;3.3.90.35.00.00.00.00;SERVIÇOS DE CONSULTORIA;1.500.000.0000;RECURSOS NÃO VINCULADOS DE IMPOSTOS;500,00
PREFEITURA MUNICIPAL DE BARBACENA;15.001;SEGOV;2.181;MANUTENÇAO DA SEGOV;11;APOIO A ADMINISTRAÇAO PUBLICA;4;Administração;122;Administração Geral;124;3.3.90.36.00.00.00.00;OUTROS SERVIÇOS DE TERCEIROS - PESSOA FÍSICA;1.500.000.0000;RECURSOS NÃO VINCULADOS DE IMPOSTOS;8.400,00
PREFEITURA MUNICIPAL DE BARBACENA;15.001;SEGOV;2.181;MANUTENÇAO DA SEGOV;11;APOIO A ADMINISTRAÇAO PUBLICA;4;Administração;122;Administração Geral;125;3.3.90.39.00.00.00.00;OUTROS SERVIÇOS DE TERCEIROS - PESSOA JURÍDICA;1.500.000.0000;RECURSOS NÃO VINCULADOS DE IMPOSTOS;198.596,70
PREFEITURA MUNICIPAL DE BARBACENA;15.001;SEGOV;2.181;MANUTENÇAO DA SEGOV;11;APOIO A ADMINISTRAÇAO PUBLICA;4;Administração;122;Administração Geral;125;3.3.90.39.00.00.00.00;OUTROS SERVIÇOS DE TERCEIROS - PESSOA JURÍDICA;1.501.000.0000;OUTROS RECURSOS NÃO VINCULADOS;20.000,00
PREFEITURA MUNICIPAL DE BARBACENA;15.001;SEGOV;2.181;MANUTENÇAO DA SEGOV;11;APOIO A ADMINISTRAÇAO PUBLICA;4;Administração;122;Administração Geral;125;3.3.90.39.00.00.00.00;OUTROS SERVIÇOS DE TERCEIROS - PESSOA JURÍDICA;1.753.000.0000;RECURSOS PROVENIENTES DE TAXAS, CONTRIBUIÇÕES E PREÇOS PÚBLICOS;101.000,00
PREFEITURA MUNICIPAL DE BARBACENA;15.001;SEGOV;2.181;MANUTENÇAO DA SEGOV;11;APOIO A ADMINISTRAÇAO PUBLICA;4;Administração;122;Administração Geral;126;3.3.90.40.00.00.00.00;SERVIÇOS DE TECNOLOGIA DA INFORMAÇÃO E COMUNICAÇ;1.500.000.0000;RECURSOS NÃO VINCULADOS DE IMPOSTOS;1.050,00
PREFEITURA MUNICIPAL DE BARBACENA;15.001;SEGOV;2.181;MANUTENÇAO DA SEGOV;11;APOIO A ADMINISTRAÇAO PUBLICA;4;Administração;122;Administração Geral;127;3.3.90.47.00.00.00.00;OBRIGAÇÕES TRIBUTÁRIAS E CONTRIBUTIVAS;1.500.000.0000;RECURSOS NÃO VINCULADOS DE IMPOSTOS;500,00
PREFEITURA MUNICIPAL DE BARBACENA;15.001;SEGOV;2.181;MANUTENÇAO DA SEGOV;11;APOIO A ADMINISTRAÇAO PUBLICA;4;Administração;122;Administração Geral;127;3.3.90.47.00.00.00.00;OBRIGAÇÕES TRIBUTÁRIAS E CONTRIBUTIVAS;2.552.000.0000;PNAE - TRANSFERÊNCIAS DE RECURSOS DO FNDE REFERENTES AO PROGRAMA NACIONAL DE ALIMENTAÇÃO ESCOLAR;26.382,48
PREFEITURA MUNICIPAL DE BARBACENA;15.001;SEGOV;2.181;MANUTENÇAO DA SEGOV;11;APOIO A ADMINISTRAÇAO PUBLICA;4;Administração;122;Administração Geral;128;3.3.90.48.00.00.00.00;OUTROS AUXÍLIOS FINANCEIROS A PESSOAS FÍSICAS;1.500.000.0000;RECURSOS NÃO VINCULADOS DE IMPOSTOS;500,00
PREFEITURA MUNICIPAL DE BARBACENA;15.001;SEGOV;2.181;MANUTENÇAO DA SEGOV;11;APOIO A ADMINISTRAÇAO PUBLICA;4;Administração;122;Administração Geral;129;3.3.90.49.00.00.00.00;AUXÍLIO-TRANSPORTE;1.500.000.0000;RECURSOS NÃO VINCULADOS DE IMPOSTOS;500,00
PREFEITURA MUNICIPAL DE BARBACENA;15.001;SEGOV;2.181;MANUTENÇAO DA SEGOV;11;APOIO A ADMINISTRAÇAO PUBLICA;4;Administração;122;Administração Geral;130;3.3.90.92.00.00.00.00;DESPESAS DE EXERCÍCIOS ANTERIORES;1.500.000.0000;RECURSOS NÃO VINCULADOS DE IMPOSTOS;1.575,00
PREFEITURA MUNICIPAL DE BARBACENA;15.001;SEGOV;2.181;MANUTENÇAO DA SEGOV;11;APOIO A ADMINISTRAÇAO PUBLICA;4;Administração;122;Administração Geral;131;3.3.90.93.00.00.00.00;INDENIZAÇÕES E RESTITUIÇÕES;1.500.000.0000;RECURSOS NÃO VINCULADOS DE IMPOSTOS;500,00
PREFEITURA MUNICIPAL DE BARBACENA;15.001;SEGOV;2.181;MANUTENÇAO DA SEGOV;11;APOIO A ADMINISTRAÇAO PUBLICA;4;Administração;122;Administração Geral;132;4.4.90.52.00.00.00.00;EQUIPAMENTOS E MATERIAL PERMANENTE;1.500.000.0000;RECURSOS NÃO VINCULADOS DE IMPOSTOS;19.500,00
PREFEITURA MUNICIPAL DE BARBACENA;15.001;SEGOV;2.181;MANUTENÇAO DA SEGOV;11;APOIO A ADMINISTRAÇAO PUBLICA;4;Administração;122;Administração Geral;1211;3.3.67.83.00.00.00.00;DESPESAS DECORRENTES DE CONTRATO DE PARCERIA PÚB.;1.500.000.0000;RECURSOS NÃO VINCULADOS DE IMPOSTOS;109.349,04
PREFEITURA MUNICIPAL DE BARBACENA;16.001;SEMOP;2.474;APOIO A ASSOCIAÇÃO DE GUARDAS MUNICIPAIS DE BARBACENA;11;APOIO A ADMINISTRAÇAO PUBLICA;15;Urbanismo;122;Administração Geral;133;3.3.50.41.00.00.00.00;CONTRIBUIÇÕES;1.753.000.0000;RECURSOS PROVENIENTES DE TAXAS, CONTRIBUIÇÕES E PREÇOS PÚBLICOS;0,00
PREFEITURA MUNICIPAL DE BARBACENA;16.001;SEMOP;2.474;APOIO A ASSOCIAÇÃO DE GUARDAS MUNICIPAIS DE BARBACENA;11;APOIO A ADMINISTRAÇAO PUBLICA;15;Urbanismo;122;Administração Geral;133;3.3.50.41.00.00.00.00;CONTRIBUIÇÕES;1.753.509.0000;RECURSOS PROVENIENTES DE TAXAS, CONTRIBUIÇÕES E PREÇOS PÚBLICOS - EMENDAS DONIZETE MEDEIROS;20.000,00
PREFEITURA MUNICIPAL DE BARBACENA;16.001;SEMOP;2.474;APOIO A ASSOCIAÇÃO DE GUARDAS MUNICIPAIS DE BARBACENA;11;APOIO A ADMINISTRAÇAO PUBLICA;15;Urbanismo;122;Administração Geral;134;4.4.50.41.00.00.00.00;CONTRIBUIÇÕES;1.753.000.0000;RECURSOS PROVENIENTES DE TAXAS, CONTRIBUIÇÕES E PREÇOS PÚBLICOS;0,00
PREFEITURA MUNICIPAL DE BARBACENA;16.001;SEMOP;2.474;APOIO A ASSOCIAÇÃO DE GUARDAS MUNICIPAIS DE BARBACENA;11;APOIO A ADMINISTRAÇAO PUBLICA;15;Urbanismo;122;Administração Geral;134;4.4.50.41.00.00.00.00;CONTRIBUIÇÕES;1.753.509.0000;RECURSOS PROVENIENTES DE TAXAS, CONTRIBUIÇÕES E PREÇOS PÚBLICOS - EMENDAS DONIZETE MEDEIROS;20.000,00
PREFEITURA MUNICIPAL DE BARBACENA;16.001;SEMOP;2.100;MANUTENÇAO DA SEMOP;11;APOIO A ADMINISTRAÇAO PUBLICA;15;Urbanismo;451;Infra-Estrutura Urbana;135;3.3.90.14.00.00.00.00;DIÁRIAS - PESSOAL CIVIL;1.500.000.0000;RECURSOS NÃO VINCULADOS DE IMPOSTOS;4.200,00
PREFEITURA MUNICIPAL DE BARBACENA;16.001;SEMOP;2.100;MANUTENÇAO DA SEMOP;11;APOIO A ADMINISTRAÇAO PUBLICA;15;Urbanismo;451;Infra-Estrutura Urbana;136;3.3.90.30.00.00.00.00;MATERIAL DE CONSUMO;1.500.000.0000;RECURSOS NÃO VINCULADOS DE IMPOSTOS;0,00
PREFEITURA MUNICIPAL DE BARBACENA;16.001;SEMOP;2.100;MANUTENÇAO DA SEMOP;11;APOIO A ADMINISTRAÇAO PUBLICA;15;Urbanismo;451;Infra-Estrutura Urbana;136;3.3.90.30.00.00.00.00;MATERIAL DE CONSUMO;1.753.000.0000;RECURSOS PROVENIENTES DE TAXAS, CONTRIBUIÇÕES E PREÇOS PÚBLICOS;3.500,00
PREFEITURA MUNICIPAL DE BARBACENA;16.001;SEMOP;2.100;MANUTENÇAO DA SEMOP;11;APOIO A ADMINISTRAÇAO PUBLICA;15;Urbanismo;451;Infra-Estrutura Urbana;137;3.3.90.33.00.00.00.00;PASSAGENS E DESPESAS COM LOCOMOÇÃO;1.500.000.0000;RECURSOS NÃO VINCULADOS DE IMPOSTOS;0,00
PREFEITURA MUNICIPAL DE BARBACENA;16.001;SEMOP;2.100;MANUTENÇAO DA SEMOP;11;APOIO A ADMINISTRAÇAO PUBLICA;15;Urbanismo;451;Infra-Estrutura Urbana;138;3.3.90.35.00.00.00.00;SERVIÇOS DE CONSULTORIA;1.500.000.0000;RECURSOS NÃO VINCULADOS DE IMPOSTOS;0,00
PREFEITURA MUNICIPAL DE BARBACENA;16.001;SEMOP;2.100;MANUTENÇAO DA SEMOP;11;APOIO A ADMINISTRAÇAO PUBLICA;15;Urbanismo;451;Infra-Estrutura Urbana;139;3.3.90.36.00.00.00.00;OUTROS SERVIÇOS DE TERCEIROS - PESSOA FÍSICA;1.500.000.0000;RECURSOS NÃO VINCULADOS DE IMPOSTOS;0,00
PREFEITURA MUNICIPAL DE BARBACENA;16.001;SEMOP;2.100;MANUTENÇAO DA SEMOP;11;APOIO A ADMINISTRAÇAO PUBLICA;15;Urbanismo;451;Infra-Estrutura Urbana;140;3.3.90.39.00.00.00.00;OUTROS SERVIÇOS DE TERCEIROS - PESSOA JURÍDICA;1.500.000.0000;RECURSOS NÃO VINCULADOS DE IMPOSTOS;184.710,68
PREFEITURA MUNICIPAL DE BARBACENA;16.001;SEMOP;2.100;MANUTENÇAO DA SEMOP;11;APOIO A ADMINISTRAÇAO PUBLICA;15;Urbanismo;451;Infra-Estrutura Urbana;140;3.3.90.39.00.00.00.00;OUTROS SERVIÇOS DE TERCEIROS - PESSOA JURÍDICA;1.753.000.0000;RECURSOS PROVENIENTES DE TAXAS, CONTRIBUIÇÕES E PREÇOS PÚBLICOS;426.541,04
PREFEITURA MUNICIPAL DE BARBACENA;16.001;SEMOP;2.100;MANUTENÇAO DA SEMOP;11;APOIO A ADMINISTRAÇAO PUBLICA;15;Urbanismo;451;Infra-Estrutura Urbana;141;3.3.90.40.00.00.00.00;SERVIÇOS DE TECNOLOGIA DA INFORMAÇÃO E COMUNICAÇ;1.500.000.0000;RECURSOS NÃO VINCULADOS DE IMPOSTOS;0,00
PREFEITURA MUNICIPAL DE BARBACENA;16.001;SEMOP;2.100;MANUTENÇAO DA SEMOP;11;APOIO A ADMINISTRAÇAO PUBLICA;15;Urbanismo;451;Infra-Estrutura Urbana;142;3.3.90.47.00.00.00.00;OBRIGAÇÕES TRIBUTÁRIAS E CONTRIBUTIVAS;1.500.000.0000;RECURSOS NÃO VINCULADOS DE IMPOSTOS;131,46
PREFEITURA MUNICIPAL DE BARBACENA;16.001;SEMOP;2.100;MANUTENÇAO DA SEMOP;11;APOIO A ADMINISTRAÇAO PUBLICA;15;Urbanismo;451;Infra-Estrutura Urbana;142;3.3.90.47.00.00.00.00;OBRIGAÇÕES TRIBUTÁRIAS E CONTRIBUTIVAS;1.750.000.0000;RECURSOS DA CONTRIBUIÇÃO DE INTERVENÇÃO NO DOMÍNIO ECONÔMICO - CIDE;2.000,00
PREFEITURA MUNICIPAL DE BARBACENA;16.001;SEMOP;2.100;MANUTENÇAO DA SEMOP;11;APOIO A ADMINISTRAÇAO PUBLICA;15;Urbanismo;451;Infra-Estrutura Urbana;143;3.3.90.48.00.00.00.00;OUTROS AUXÍLIOS FINANCEIROS A PESSOAS FÍSICAS;1.500.000.0000;RECURSOS NÃO VINCULADOS DE IMPOSTOS;500,00
PREFEITURA MUNICIPAL DE BARBACENA;16.001;SEMOP;2.100;MANUTENÇAO DA SEMOP;11;APOIO A ADMINISTRAÇAO PUBLICA;15;Urbanismo;451;Infra-Estrutura Urbana;144;3.3.90.49.00.00.00.00;AUXÍLIO-TRANSPORTE;1.500.000.0000;RECURSOS NÃO VINCULADOS DE IMPOSTOS;500,00
PREFEITURA MUNICIPAL DE BARBACENA;16.001;SEMOP;2.100;MANUTENÇAO DA SEMOP;11;APOIO A ADMINISTRAÇAO PUBLICA;15;Urbanismo;451;Infra-Estrutura Urbana;145;3.3.90.93.00.00.00.00;INDENIZAÇÕES E RESTITUIÇÕES;1.500.000.0000;RECURSOS NÃO VINCULADOS DE IMPOSTOS;8.620,36
PREFEITURA MUNICIPAL DE BARBACENA;16.001;SEMOP;2.100;MANUTENÇAO DA SEMOP;11;APOIO A ADMINISTRAÇAO PUBLICA;15;Urbanismo;451;Infra-Estrutura Urbana;145;3.3.90.93.00.00.00.00;INDENIZAÇÕES E RESTITUIÇÕES;1.700.000.0000;OUTRAS TRANSFERÊNCIAS DE CONVÊNIOS OU INSTRUMENTOS CONGÊNERES DA UNIÃO;5.000,01
PREFEITURA MUNICIPAL DE BARBACENA;16.001;SEMOP;2.100;MANUTENÇAO DA SEMOP;11;APOIO A ADMINISTRAÇAO PUBLICA;15;Urbanismo;451;Infra-Estrutura Urbana;145;3.3.90.93.00.00.00.00;INDENIZAÇÕES E RESTITUIÇÕES;2.700.000.0000;OUTRAS TRANSFERÊNCIAS DE CONVÊNIOS OU INSTRUMENTOS CONGÊNERES DA UNIÃO;63.738,26
PREFEITURA MUNICIPAL DE BARBACENA;16.001;SEMOP;2.100;MANUTENÇAO DA SEMOP;11;APOIO A ADMINISTRAÇAO PUBLICA;15;Urbanismo;451;Infra-Estrutura Urbana;146;4.4.90.52.00.00.00.00;EQUIPAMENTOS E MATERIAL PERMANENTE;1.500.000.0000;RECURSOS NÃO VINCULADOS DE IMPOSTOS;0,00
PREFEITURA MUNICIPAL DE BARBACENA;16.001;SEMOP;2.100;MANUTENÇAO DA SEMOP;11;APOIO A ADMINISTRAÇAO PUBLICA;15;Urbanismo;451;Infra-Estrutura Urbana;1212;3.3.67.83.00.00.00.00;DESPESAS DECORRENTES DE CONTRATO DE PARCERIA PÚB.;1.500.000.0000;RECURSOS NÃO VINCULADOS DE IMPOSTOS;47.398,92
PREFEITURA MUNICIPAL DE BARBACENA;16.001;SEMOP;2.111;PESSOAL E ENCARGOS SOCIAIS DA SEMOP;11;APOIO A ADMINISTRAÇAO PUBLICA;15;Urbanismo;451;Infra-Estrutura Urbana;147;3.1.90.04.00.00.00.00;CONTRATAÇÃO POR TEMPO DETERMINADO;1.500.000.0000;RECURSOS NÃO VINCULADOS DE IMPOSTOS;2.072.008,76
PREFEITURA MUNICIPAL DE BARBACENA;16.001;SEMOP;2.111;PESSOAL E ENCARGOS SOCIAIS DA SEMOP;11;APOIO A ADMINISTRAÇAO PUBLICA;15;Urbanismo;451;Infra-Estrutura Urbana;148;3.1.90.11.00.00.00.00;VENCIMENTOS E VANTAGENS FIXAS - PESSOAL CIVIL;1.500.000.0000;RECURSOS NÃO VINCULADOS DE IMPOSTOS;1.529.736,26
PREFEITURA MUNICIPAL DE BARBACENA;16.001;SEMOP;2.111;PESSOAL E ENCARGOS SOCIAIS DA SEMOP;11;APOIO A ADMINISTRAÇAO PUBLICA;15;Urbanismo;451;Infra-Estrutura Urbana;149;3.1.90.13.00.00.00.00;OBRIGAÇÕES PATRONAIS;1.500.000.0000;RECURSOS NÃO VINCULADOS DE IMPOSTOS;133.075,84
PREFEITURA MUNICIPAL DE BARBACENA;16.001;SEMOP;2.111;PESSOAL E ENCARGOS SOCIAIS DA SEMOP;11;APOIO A ADMINISTRAÇAO PUBLICA;15;Urbanismo;451;Infra-Estrutura Urbana;150;3.1.90.16.00.00.00.00;OUTRAS DESPESAS VARIÁVEIS - PESSOAL CIVIL;1.500.000.0000;RECURSOS NÃO VINCULADOS DE IMPOSTOS;500,00
PREFEITURA MUNICIPAL DE BARBACENA;16.001;SEMOP;2.111;PESSOAL E ENCARGOS SOCIAIS DA SEMOP;11;APOIO A ADMINISTRAÇAO PUBLICA;15;Urbanismo;451;Infra-Estrutura Urbana;151;3.1.90.92.00.00.00.00;DESPESAS DE EXERCÍCIOS ANTERIORES;1.500.000.0000;RECURSOS NÃO VINCULADOS DE IMPOSTOS;368,54
PREFEITURA MUNICIPAL DE BARBACENA;16.001;SEMOP;2.111;PESSOAL E ENCARGOS SOCIAIS DA SEMOP;11;APOIO A ADMINISTRAÇAO PUBLICA;15;Urbanismo;451;Infra-Estrutura Urbana;152;3.1.90.94.00.00.00.00;INDENIZAÇÕES E RESTITUIÇÕES TRABALHISTAS;1.500.000.0000;RECURSOS NÃO VINCULADOS DE IMPOSTOS;3.628,44
PREFEITURA MUNICIPAL DE BARBACENA;16.001;SEMOP;2.111;PESSOAL E ENCARGOS SOCIAIS DA SEMOP;11;APOIO A ADMINISTRAÇAO PUBLICA;15;Urbanismo;451;Infra-Estrutura Urbana;153;3.1.91.13.00.00.00.00;OBRIGAÇÕES PATRONAIS;1.500.000.0000;RECURSOS NÃO VINCULADOS DE IMPOSTOS;164.627,59
PREFEITURA MUNICIPAL DE BARBACENA;16.001;SEMOP;2.111;PESSOAL E ENCARGOS SOCIAIS DA SEMOP;11;APOIO A ADMINISTRAÇAO PUBLICA;15;Urbanismo;451;Infra-Estrutura Urbana;154;3.1.91.92.00.00.00.00;DESPESAS DE EXERCÍCIOS ANTERIORES;1.500.000.0000;RECURSOS NÃO VINCULADOS DE IMPOSTOS;500,00
PREFEITURA MUNICIPAL DE BARBACENA;16.001;SEMOP;2.111;PESSOAL E ENCARGOS SOCIAIS DA SEMOP;11;APOIO A ADMINISTRAÇAO PUBLICA;15;Urbanismo;451;Infra-Estrutura Urbana;155;3.3.90.08.00.00.00.00;OUTROS BENEFÍCIOS ASSISTENCIAIS-SERVIDOR/MILITAR;1.500.000.0000;RECURSOS NÃO VINCULADOS DE IMPOSTOS;1.000,00
PREFEITURA MUNICIPAL DE BARBACENA;16.001;SEMOP;2.111;PESSOAL E ENCARGOS SOCIAIS DA SEMOP;11;APOIO A ADMINISTRAÇAO PUBLICA;15;Urbanismo;451;Infra-Estrutura Urbana;156;3.3.90.18.00.00.00.00;AUXÍLIO FINANCEIRO A ESTUDANTES;1.500.000.0000;RECURSOS NÃO VINCULADOS DE IMPOSTOS;1.000,00
PREFEITURA MUNICIPAL DE BARBACENA;16.001;SEMOP;2.111;PESSOAL E ENCARGOS SOCIAIS DA SEMOP;11;APOIO A ADMINISTRAÇAO PUBLICA;15;Urbanismo;451;Infra-Estrutura Urbana;157;3.3.90.46.00.00.00.00;AUXÍLIO-ALIMENTAÇÃO;1.500.000.0000;RECURSOS NÃO VINCULADOS DE IMPOSTOS;526.088,00
PREFEITURA MUNICIPAL DE BARBACENA;16.001;SEMOP;2.111;PESSOAL E ENCARGOS SOCIAIS DA SEMOP;11;APOIO A ADMINISTRAÇAO PUBLICA;15;Urbanismo;451;Infra-Estrutura Urbana;1201;3.3.90.39.00.00.00.00;OUTROS SERVIÇOS DE TERCEIROS - PESSOA JURÍDICA;1.500.000.0000;RECURSOS NÃO VINCULADOS DE IMPOSTOS;228.017,46
PREFEITURA MUNICIPAL DE BARBACENA;16.001;SEMOP;1.024;CONSTRUÇAO, REFORMA E REVITALIZAÇAO DE PREDIOS PUBLICOS;17;INFRAESTRUTURA URBANA E RURAL;15;Urbanismo;451;Infra-Estrutura Urbana;158;3.3.90.30.00.00.00.00;MATERIAL DE CONSUMO;1.500.000.0000;RECURSOS NÃO VINCULADOS DE IMPOSTOS;7.204,05
PREFEITURA MUNICIPAL DE BARBACENA;16.001;SEMOP;1.024;CONSTRUÇAO, REFORMA E REVITALIZAÇAO DE PREDIOS PUBLICOS;17;INFRAESTRUTURA URBANA E RURAL;15;Urbanismo;451;Infra-Estrutura Urbana;158;3.3.90.30.00.00.00.00;MATERIAL DE CONSUMO;1.501.000.0000;OUTROS RECURSOS NÃO VINCULADOS;20.000,00
PREFEITURA MUNICIPAL DE BARBACENA;16.001;SEMOP;1.024;CONSTRUÇAO, REFORMA E REVITALIZAÇAO DE PREDIOS PUBLICOS;17;INFRAESTRUTURA URBANA E RURAL;15;Urbanismo;451;Infra-Estrutura Urbana;158;3.3.90.30.00.00.00.00;MATERIAL DE CONSUMO;1.753.000.0000;RECURSOS PROVENIENTES DE TAXAS, CONTRIBUIÇÕES E PREÇOS PÚBLICOS;377,00
PREFEITURA MUNICIPAL DE BARBACENA;16.001;SEMOP;1.024;CONSTRUÇAO, REFORMA E REVITALIZAÇAO DE PREDIOS PUBLICOS;17;INFRAESTRUTURA URBANA E RURAL;15;Urbanismo;451;Infra-Estrutura Urbana;159;3.3.90.39.00.00.00.00;OUTROS SERVIÇOS DE TERCEIROS - PESSOA JURÍDICA;1.500.000.0000;RECURSOS NÃO VINCULADOS DE IMPOSTOS;5.000,00
PREFEITURA MUNICIPAL DE BARBACENA;16.001;SEMOP;1.024;CONSTRUÇAO, REFORMA E REVITALIZAÇAO DE PREDIOS PUBLICOS;17;INFRAESTRUTURA URBANA E RURAL;15;Urbanismo;451;Infra-Estrutura Urbana;159;3.3.90.39.00.00.00.00;OUTROS SERVIÇOS DE TERCEIROS - PESSOA JURÍDICA;1.501.000.0000;OUTROS RECURSOS NÃO VINCULADOS;25.000,00
PREFEITURA MUNICIPAL DE BARBACENA;16.001;SEMOP;1.024;CONSTRUÇAO, REFORMA E REVITALIZAÇAO DE PREDIOS PUBLICOS;17;INFRAESTRUTURA URBANA E RURAL;15;Urbanismo;451;Infra-Estrutura Urbana;159;3.3.90.39.00.00.00.00;OUTROS SERVIÇOS DE TERCEIROS - PESSOA JURÍDICA;1.753.000.0000;RECURSOS PROVENIENTES DE TAXAS, CONTRIBUIÇÕES E PREÇOS PÚBLICOS;0,00
PREFEITURA MUNICIPAL DE BARBACENA;16.001;SEMOP;1.024;CONSTRUÇAO, REFORMA E REVITALIZAÇAO DE PREDIOS PUBLICOS;17;INFRAESTRUTURA URBANA E RURAL;15;Urbanismo;451;Infra-Estrutura Urbana;160;4.4.90.51.00.00.00.00;OBRAS E INSTALAÇÕES;1.753.000.0000;RECURSOS PROVENIENTES DE TAXAS, CONTRIBUIÇÕES E PREÇOS PÚBLICOS;2.625,00
PREFEITURA MUNICIPAL DE BARBACENA;16.001;SEMOP;1.031;OBRAS DE INFRAESTRUTURA URBANA E RURAL;17;INFRAESTRUTURA URBANA E RURAL;15;Urbanismo;451;Infra-Estrutura Urbana;161;3.3.90.30.00.00.00.00;MATERIAL DE CONSUMO;1.500.000.0000;RECURSOS NÃO VINCULADOS DE IMPOSTOS;1.072,69
PREFEITURA MUNICIPAL DE BARBACENA;16.001;SEMOP;1.031;OBRAS DE INFRAESTRUTURA URBANA E RURAL;17;INFRAESTRUTURA URBANA E RURAL;15;Urbanismo;451;Infra-Estrutura Urbana;161;3.3.90.30.00.00.00.00;MATERIAL DE CONSUMO;1.501.000.0000;OUTROS RECURSOS NÃO VINCULADOS;1.000,00
PREFEITURA MUNICIPAL DE BARBACENA;16.001;SEMOP;1.031;OBRAS DE INFRAESTRUTURA URBANA E RURAL;17;INFRAESTRUTURA URBANA E RURAL;15;Urbanismo;451;Infra-Estrutura Urbana;161;3.3.90.30.00.00.00.00;MATERIAL DE CONSUMO;1.753.000.0000;RECURSOS PROVENIENTES DE TAXAS, CONTRIBUIÇÕES E PREÇOS PÚBLICOS;927,31
PREFEITURA MUNICIPAL DE BARBACENA;16.001;SEMOP;1.031;OBRAS DE INFRAESTRUTURA URBANA E RURAL;17;INFRAESTRUTURA URBANA E RURAL;15;Urbanismo;451;Infra-Estrutura Urbana;162;3.3.90.39.00.00.00.00;OUTROS SERVIÇOS DE TERCEIROS - PESSOA JURÍDICA;1.500.000.0000;RECURSOS NÃO VINCULADOS DE IMPOSTOS;1.000,00
PREFEITURA MUNICIPAL DE BARBACENA;16.001;SEMOP;1.031;OBRAS DE INFRAESTRUTURA URBANA E RURAL;17;INFRAESTRUTURA URBANA E RURAL;15;Urbanismo;451;Infra-Estrutura Urbana;162;3.3.90.39.00.00.00.00;OUTROS SERVIÇOS DE TERCEIROS - PESSOA JURÍDICA;1.501.000.0000;OUTROS RECURSOS NÃO VINCULADOS;1.000,00
PREFEITURA MUNICIPAL DE BARBACENA;16.001;SEMOP;1.031;OBRAS DE INFRAESTRUTURA URBANA E RURAL;17;INFRAESTRUTURA URBANA E RURAL;15;Urbanismo;451;Infra-Estrutura Urbana;162;3.3.90.39.00.00.00.00;OUTROS SERVIÇOS DE TERCEIROS - PESSOA JURÍDICA;1.753.000.0000;RECURSOS PROVENIENTES DE TAXAS, CONTRIBUIÇÕES E PREÇOS PÚBLICOS;7.554,54
PREFEITURA MUNICIPAL DE BARBACENA;16.001;SEMOP;1.031;OBRAS DE INFRAESTRUTURA URBANA E RURAL;17;INFRAESTRUTURA URBANA E RURAL;15;Urbanismo;451;Infra-Estrutura Urbana;163;3.3.90.92.00.00.00.00;DESPESAS DE EXERCÍCIOS ANTERIORES;1.500.000.0000;RECURSOS NÃO VINCULADOS DE IMPOSTOS;1.000,00
PREFEITURA MUNICIPAL DE BARBACENA;16.001;SEMOP;1.031;OBRAS DE INFRAESTRUTURA URBANA E RURAL;17;INFRAESTRUTURA URBANA E RURAL;15;Urbanismo;451;Infra-Estrutura Urbana;163;3.3.90.92.00.00.00.00;DESPESAS DE EXERCÍCIOS ANTERIORES;1.753.000.0000;RECURSOS PROVENIENTES DE TAXAS, CONTRIBUIÇÕES E PREÇOS PÚBLICOS;1.000,00
PREFEITURA MUNICIPAL DE BARBACENA;16.001;SEMOP;1.031;OBRAS DE INFRAESTRUTURA URBANA E RURAL;17;INFRAESTRUTURA URBANA E RURAL;15;Urbanismo;451;Infra-Estrutura Urbana;164;3.3.90.93.00.00.00.00;INDENIZAÇÕES E RESTITUIÇÕES;1.500.000.0000;RECURSOS NÃO VINCULADOS DE IMPOSTOS;1.000,00
PREFEITURA MUNICIPAL DE BARBACENA;16.001;SEMOP;1.031;OBRAS DE INFRAESTRUTURA URBANA E RURAL;17;INFRAESTRUTURA URBANA E RURAL;15;Urbanismo;451;Infra-Estrutura Urbana;165;4.4.90.51.00.00.00.00;OBRAS E INSTALAÇÕES;1.500.000.0000;RECURSOS NÃO VINCULADOS DE IMPOSTOS;1.000,00
PREFEITURA MUNICIPAL DE BARBACENA;16.001;SEMOP;1.031;OBRAS DE INFRAESTRUTURA URBANA E RURAL;17;INFRAESTRUTURA URBANA E RURAL;15;Urbanismo;451;Infra-Estrutura Urbana;165;4.4.90.51.00.00.00.00;OBRAS E INSTALAÇÕES;1.501.000.0000;OUTROS RECURSOS NÃO VINCULADOS;1.000,00
PREFEITURA MUNICIPAL DE BARBACENA;16.001;SEMOP;1.031;OBRAS DE INFRAESTRUTURA URBANA E RURAL;17;INFRAESTRUTURA URBANA E RURAL;15;Urbanismo;451;Infra-Estrutura Urbana;165;4.4.90.51.00.00.00.00;OBRAS E INSTALAÇÕES;1.707.000.0000;TRANSFERÊNCIAS DA UNIÃO – INCISO I DO ART. 5º DA LEI COMPLEMENTAR 173/2020;1.850,84
PREFEITURA MUNICIPAL DE BARBACENA;16.001;SEMOP;1.031;OBRAS DE INFRAESTRUTURA URBANA E RURAL;17;INFRAESTRUTURA URBANA E RURAL;15;Urbanismo;451;Infra-Estrutura Urbana;165;4.4.90.51.00.00.00.00;OBRAS E INSTALAÇÕES;1.753.000.0000;RECURSOS PROVENIENTES DE TAXAS, CONTRIBUIÇÕES E PREÇOS PÚBLICOS;5.000,00
PREFEITURA MUNICIPAL DE BARBACENA;16.001;SEMOP;1.031;OBRAS DE INFRAESTRUTURA URBANA E RURAL;17;INFRAESTRUTURA URBANA E RURAL;15;Urbanismo;451;Infra-Estrutura Urbana;166;4.4.90.52.00.00.00.00;EQUIPAMENTOS E MATERIAL PERMANENTE;1.500.000.0000;RECURSOS NÃO VINCULADOS DE IMPOSTOS;1.000,00
PREFEITURA MUNICIPAL DE BARBACENA;16.001;SEMOP;1.031;OBRAS DE INFRAESTRUTURA URBANA E RURAL;17;INFRAESTRUTURA URBANA E RURAL;15;Urbanismo;451;Infra-Estrutura Urbana;166;4.4.90.52.00.00.00.00;EQUIPAMENTOS E MATERIAL PERMANENTE;1.753.000.0000;RECURSOS PROVENIENTES DE TAXAS, CONTRIBUIÇÕES E PREÇOS PÚBLICOS;1.000,00
PREFEITURA MUNICIPAL DE BARBACENA;16.001;SEMOP;1.031;OBRAS DE INFRAESTRUTURA URBANA E RURAL;17;INFRAESTRUTURA URBANA E RURAL;15;Urbanismo;451;Infra-Estrutura Urbana;166;4.4.90.52.00.00.00.00;EQUIPAMENTOS E MATERIAL PERMANENTE;1.755.000.0000;RECURSOS DE ALIENAÇÃO DE BENS/ATIVOS - ADMINISTRAÇÃO DIRETA;83.626,90
PREFEITURA MUNICIPAL DE BARBACENA;16.001;SEMOP;1.031;OBRAS DE INFRAESTRUTURA URBANA E RURAL;17;INFRAESTRUTURA URBANA E RURAL;15;Urbanismo;451;Infra-Estrutura Urbana;167;4.4.90.61.00.00.00.00;AQUISIÇÃO DE IMÓVEIS;1.753.000.0000;RECURSOS PROVENIENTES DE TAXAS, CONTRIBUIÇÕES E PREÇOS PÚBLICOS;1.000,00
PREFEITURA MUNICIPAL DE BARBACENA;16.001;SEMOP;1.032;CONSTRUÇAO, REFORMA E REVITALIZAÇAO DE PRAÇAS E PARQUES;17;INFRAESTRUTURA URBANA E RURAL;15;Urbanismo;451;Infra-Estrutura Urbana;168;3.3.90.30.00.00.00.00;MATERIAL DE CONSUMO;1.500.000.0000;RECURSOS NÃO VINCULADOS DE IMPOSTOS;5.250,00
PREFEITURA MUNICIPAL DE BARBACENA;16.001;SEMOP;1.032;CONSTRUÇAO, REFORMA E REVITALIZAÇAO DE PRAÇAS E PARQUES;17;INFRAESTRUTURA URBANA E RURAL;15;Urbanismo;451;Infra-Estrutura Urbana;169;3.3.90.39.00.00.00.00;OUTROS SERVIÇOS DE TERCEIROS - PESSOA JURÍDICA;1.500.000.0000;RECURSOS NÃO VINCULADOS DE IMPOSTOS;1.500,00
PREFEITURA MUNICIPAL DE BARBACENA;16.001;SEMOP;1.032;CONSTRUÇAO, REFORMA E REVITALIZAÇAO DE PRAÇAS E PARQUES;17;INFRAESTRUTURA URBANA E RURAL;15;Urbanismo;451;Infra-Estrutura Urbana;169;3.3.90.39.00.00.00.00;OUTROS SERVIÇOS DE TERCEIROS - PESSOA JURÍDICA;1.700.000.0000;OUTRAS TRANSFERÊNCIAS DE CONVÊNIOS OU INSTRUMENTOS CONGÊNERES DA UNIÃO;1.500,00
PREFEITURA MUNICIPAL DE BARBACENA;16.001;SEMOP;1.032;CONSTRUÇAO, REFORMA E REVITALIZAÇAO DE PRAÇAS E PARQUES;17;INFRAESTRUTURA URBANA E RURAL;15;Urbanismo;451;Infra-Estrutura Urbana;170;4.4.90.51.00.00.00.00;OBRAS E INSTALAÇÕES;1.500.000.0000;RECURSOS NÃO VINCULADOS DE IMPOSTOS;2.691,25
PREFEITURA MUNICIPAL DE BARBACENA;16.001;SEMOP;1.032;CONSTRUÇAO, REFORMA E REVITALIZAÇAO DE PRAÇAS E PARQUES;17;INFRAESTRUTURA URBANA E RURAL;15;Urbanismo;451;Infra-Estrutura Urbana;170;4.4.90.51.00.00.00.00;OBRAS E INSTALAÇÕES;1.753.000.0000;RECURSOS PROVENIENTES DE TAXAS, CONTRIBUIÇÕES E PREÇOS PÚBLICOS;0,00
PREFEITURA MUNICIPAL DE BARBACENA;16.001;SEMOP;2.457;APOIO A ASSOCIAÇÃO COMUNITÁRIA DE PINHEIRO GROSSO;17;INFRAESTRUTURA URBANA E RURAL;15;Urbanismo;451;Infra-Estrutura Urbana;171;3.3.50.41.00.00.00.00;CONTRIBUIÇÕES;1.753.000.0000;RECURSOS PROVENIENTES DE TAXAS, CONTRIBUIÇÕES E PREÇOS PÚBLICOS;0,00
PREFEITURA MUNICIPAL DE BARBACENA;16.001;SEMOP;2.457;APOIO A ASSOCIAÇÃO COMUNITÁRIA DE PINHEIRO GROSSO;17;INFRAESTRUTURA URBANA E RURAL;15;Urbanismo;451;Infra-Estrutura Urbana;171;3.3.50.41.00.00.00.00;CONTRIBUIÇÕES;1.753.501.0000;RECURSOS PROVENIENTES DE TAXAS, CONTRIBUIÇÕES E PREÇOS PÚBLICOS - EMENDAS AMARILIO ANDRADE;20.944,12
PREFEITURA MUNICIPAL DE BARBACENA;16.001;SEMOP;2.457;APOIO A ASSOCIAÇÃO COMUNITÁRIA DE PINHEIRO GROSSO;17;INFRAESTRUTURA URBANA E RURAL;15;Urbanismo;451;Infra-Estrutura Urbana;171;3.3.50.41.00.00.00.00;CONTRIBUIÇÕES;1.753.508.0000;RECURSOS PROVENIENTES DE TAXAS, CONTRIBUIÇÕES E PREÇOS PÚBLICOS - EMENDAS GLAUBER MILAGRES;22.220,83
PREFEITURA MUNICIPAL DE BARBACENA;16.001;SEMOP;2.457;APOIO A ASSOCIAÇÃO COMUNITÁRIA DE PINHEIRO GROSSO;17;INFRAESTRUTURA URBANA E RURAL;15;Urbanismo;451;Infra-Estrutura Urbana;172;4.4.50.41.00.00.00.00;CONTRIBUIÇÕES;1.753.000.0000;RECURSOS PROVENIENTES DE TAXAS, CONTRIBUIÇÕES E PREÇOS PÚBLICOS;20.944,13
PREFEITURA MUNICIPAL DE BARBACENA;16.001;SEMOP;2.457;APOIO A ASSOCIAÇÃO COMUNITÁRIA DE PINHEIRO GROSSO;17;INFRAESTRUTURA URBANA E RURAL;15;Urbanismo;451;Infra-Estrutura Urbana;172;4.4.50.41.00.00.00.00;CONTRIBUIÇÕES;1.753.508.0000;RECURSOS PROVENIENTES DE TAXAS, CONTRIBUIÇÕES E PREÇOS PÚBLICOS - EMENDAS GLAUBER MILAGRES;22.220,82
PREFEITURA MUNICIPAL DE BARBACENA;16.001;SEMOP;2.504;APOIO A ASSOCIACAO DOS MORADORES E AMIGOS DE SENHORA DAS DORES;17;INFRAESTRUTURA URBANA E RURAL;15;Urbanismo;451;Infra-Estrutura Urbana;173;3.3.50.41.00.00.00.00;CONTRIBUIÇÕES;1.501.000.0000;OUTROS RECURSOS NÃO VINCULADOS;0,00
PREFEITURA MUNICIPAL DE BARBACENA;16.001;SEMOP;2.504;APOIO A ASSOCIACAO DOS MORADORES E AMIGOS DE SENHORA DAS DORES;17;INFRAESTRUTURA URBANA E RURAL;15;Urbanismo;451;Infra-Estrutura Urbana;173;3.3.50.41.00.00.00.00;CONTRIBUIÇÕES;1.501.514.0000;OUTROS RECURSOS NÃO VINCULADOS - EMENDAS JOAO DA SEMENTE;44.220,83
PREFEITURA MUNICIPAL DE BARBACENA;16.001;SEMOP;2.504;APOIO A ASSOCIACAO DOS MORADORES E AMIGOS DE SENHORA DAS DORES;17;INFRAESTRUTURA URBANA E RURAL;15;Urbanismo;451;Infra-Estrutura Urbana;173;3.3.50.41.00.00.00.00;CONTRIBUIÇÕES;1.753.000.0000;RECURSOS PROVENIENTES DE TAXAS, CONTRIBUIÇÕES E PREÇOS PÚBLICOS;0,00
PREFEITURA MUNICIPAL DE BARBACENA;16.001;SEMOP;2.504;APOIO A ASSOCIACAO DOS MORADORES E AMIGOS DE SENHORA DAS DORES;17;INFRAESTRUTURA URBANA E RURAL;15;Urbanismo;451;Infra-Estrutura Urbana;173;3.3.50.41.00.00.00.00;CONTRIBUIÇÕES;1.753.507.0000;RECURSOS PROVENIENTES DE TAXAS, CONTRIBUIÇÕES E PREÇOS PÚBLICOS - EMENDAS FLAVIO MALUF;20.000,00
PREFEITURA MUNICIPAL DE BARBACENA;16.001;SEMOP;2.504;APOIO A ASSOCIACAO DOS MORADORES E AMIGOS DE SENHORA DAS DORES;17;INFRAESTRUTURA URBANA E RURAL;15;Urbanismo;451;Infra-Estrutura Urbana;174;4.4.50.41.00.00.00.00;CONTRIBUIÇÕES;1.501.000.0000;OUTROS RECURSOS NÃO VINCULADOS;0,00
PREFEITURA MUNICIPAL DE BARBACENA;16.001;SEMOP;2.504;APOIO A ASSOCIACAO DOS MORADORES E AMIGOS DE SENHORA DAS DORES;17;INFRAESTRUTURA URBANA E RURAL;15;Urbanismo;451;Infra-Estrutura Urbana;174;4.4.50.41.00.00.00.00;CONTRIBUIÇÕES;1.501.514.0000;OUTROS RECURSOS NÃO VINCULADOS - EMENDAS JOAO DA SEMENTE;44.220,82
PREFEITURA MUNICIPAL DE BARBACENA;16.001;SEMOP;2.504;APOIO A ASSOCIACAO DOS MORADORES E AMIGOS DE SENHORA DAS DORES;17;INFRAESTRUTURA URBANA E RURAL;15;Urbanismo;451;Infra-Estrutura Urbana;174;4.4.50.41.00.00.00.00;CONTRIBUIÇÕES;1.753.000.0000;RECURSOS PROVENIENTES DE TAXAS, CONTRIBUIÇÕES E PREÇOS PÚBLICOS;0,00
PREFEITURA MUNICIPAL DE BARBACENA;16.001;SEMOP;2.504;APOIO A ASSOCIACAO DOS MORADORES E AMIGOS DE SENHORA DAS DORES;17;INFRAESTRUTURA URBANA E RURAL;15;Urbanismo;451;Infra-Estrutura Urbana;174;4.4.50.41.00.00.00.00;CONTRIBUIÇÕES;1.753.507.0000;RECURSOS PROVENIENTES DE TAXAS, CONTRIBUIÇÕES E PREÇOS PÚBLICOS - EMENDAS FLAVIO MALUF;20.000,00
PREFEITURA MUNICIPAL DE BARBACENA;16.001;SEMOP;2.528;APOIO A ASSOCIACAO DOS MORADORES DO BAIRRO GROGOTO;17;INFRAESTRUTURA URBANA E RURAL;15;Urbanismo;451;Infra-Estrutura Urbana;175;3.3.50.41.00.00.00.00;CONTRIBUIÇÕES;1.753.000.0000;RECURSOS PROVENIENTES DE TAXAS, CONTRIBUIÇÕES E PREÇOS PÚBLICOS;0,00
PREFEITURA MUNICIPAL DE BARBACENA;16.001;SEMOP;2.528;APOIO A ASSOCIACAO DOS MORADORES DO BAIRRO GROGOTO;17;INFRAESTRUTURA URBANA E RURAL;15;Urbanismo;451;Infra-Estrutura Urbana;175;3.3.50.41.00.00.00.00;CONTRIBUIÇÕES;1.753.521.0000;RECURSOS PROVENIENTES DE TAXAS, CONTRIBUIÇÕES E PREÇOS PÚBLICOS - EMENDAS BANCADA MDB;105.407,83
PREFEITURA MUNICIPAL DE BARBACENA;16.001;SEMOP;2.528;APOIO A ASSOCIACAO DOS MORADORES DO BAIRRO GROGOTO;17;INFRAESTRUTURA URBANA E RURAL;15;Urbanismo;451;Infra-Estrutura Urbana;176;4.4.50.41.00.00.00.00;CONTRIBUIÇÕES;1.753.000.0000;RECURSOS PROVENIENTES DE TAXAS, CONTRIBUIÇÕES E PREÇOS PÚBLICOS;0,00
PREFEITURA MUNICIPAL DE BARBACENA;16.001;SEMOP;2.528;APOIO A ASSOCIACAO DOS MORADORES DO BAIRRO GROGOTO;17;INFRAESTRUTURA URBANA E RURAL;15;Urbanismo;451;Infra-Estrutura Urbana;176;4.4.50.41.00.00.00.00;CONTRIBUIÇÕES;1.753.521.0000;RECURSOS PROVENIENTES DE TAXAS, CONTRIBUIÇÕES E PREÇOS PÚBLICOS - EMENDAS BANCADA MDB;105.407,83
PREFEITURA MUNICIPAL DE BARBACENA;16.001;SEMOP;2.531;ACOES DE MELHORIA NA INFRAESTRUTURA  - EMENDAS MUNICIPAIS;17;INFRAESTRUTURA URBANA E RURAL;15;Urbanismo;451;Infra-Estrutura Urbana;177;3.3.90.30.00.00.00.00;MATERIAL DE CONSUMO;1.753.000.0000;RECURSOS PROVENIENTES DE TAXAS, CONTRIBUIÇÕES E PREÇOS PÚBLICOS;0,00
PREFEITURA MUNICIPAL DE BARBACENA;16.001;SEMOP;2.531;ACOES DE MELHORIA NA INFRAESTRUTURA  - EMENDAS MUNICIPAIS;17;INFRAESTRUTURA URBANA E RURAL;15;Urbanismo;451;Infra-Estrutura Urbana;177;3.3.90.30.00.00.00.00;MATERIAL DE CONSUMO;1.753.501.0000;RECURSOS PROVENIENTES DE TAXAS, CONTRIBUIÇÕES E PREÇOS PÚBLICOS - EMENDAS AMARILIO ANDRADE;50.000,00
PREFEITURA MUNICIPAL DE BARBACENA;16.001;SEMOP;2.531;ACOES DE MELHORIA NA INFRAESTRUTURA  - EMENDAS MUNICIPAIS;17;INFRAESTRUTURA URBANA E RURAL;15;Urbanismo;451;Infra-Estrutura Urbana;177;3.3.90.30.00.00.00.00;MATERIAL DE CONSUMO;1.753.503.0000;RECURSOS PROVENIENTES DE TAXAS, CONTRIBUIÇÕES E PREÇOS PÚBLICOS - EMENDAS EVERTON WALLACE;35.500,00
PREFEITURA MUNICIPAL DE BARBACENA;16.001;SEMOP;2.531;ACOES DE MELHORIA NA INFRAESTRUTURA  - EMENDAS MUNICIPAIS;17;INFRAESTRUTURA URBANA E RURAL;15;Urbanismo;451;Infra-Estrutura Urbana;177;3.3.90.30.00.00.00.00;MATERIAL DE CONSUMO;1.753.512.0000;RECURSOS PROVENIENTES DE TAXAS, CONTRIBUIÇÕES E PREÇOS PÚBLICOS - EMENDAS MARILENE FRANCO;91.220,83
PREFEITURA MUNICIPAL DE BARBACENA;16.001;SEMOP;2.531;ACOES DE MELHORIA NA INFRAESTRUTURA  - EMENDAS MUNICIPAIS;17;INFRAESTRUTURA URBANA E RURAL;15;Urbanismo;451;Infra-Estrutura Urbana;177;3.3.90.30.00.00.00.00;MATERIAL DE CONSUMO;1.753.513.0000;RECURSOS PROVENIENTES DE TAXAS, CONTRIBUIÇÕES E PREÇOS PÚBLICOS - EMENDAS MILTON ROMAN;151.720,82
PREFEITURA MUNICIPAL DE BARBACENA;16.001;SEMOP;2.531;ACOES DE MELHORIA NA INFRAESTRUTURA  - EMENDAS MUNICIPAIS;17;INFRAESTRUTURA URBANA E RURAL;15;Urbanismo;451;Infra-Estrutura Urbana;178;4.4.90.51.00.00.00.00;OBRAS E INSTALAÇÕES;1.753.000.0000;RECURSOS PROVENIENTES DE TAXAS, CONTRIBUIÇÕES E PREÇOS PÚBLICOS;328.441,65
PREFEITURA MUNICIPAL DE BARBACENA;16.001;SEMOP;2.538;APOIO A ORG. AMIGOS, MOR. E PROD. RURAIS  COSTAS - OMOPRUC;17;INFRAESTRUTURA URBANA E RURAL;15;Urbanismo;451;Infra-Estrutura Urbana;179;3.3.50.41.00.00.00.00;CONTRIBUIÇÕES;1.753.000.0000;RECURSOS PROVENIENTES DE TAXAS, CONTRIBUIÇÕES E PREÇOS PÚBLICOS;0,00
PREFEITURA MUNICIPAL DE BARBACENA;16.001;SEMOP;2.538;APOIO A ORG. AMIGOS, MOR. E PROD. RURAIS  COSTAS - OMOPRUC;17;INFRAESTRUTURA URBANA E RURAL;15;Urbanismo;451;Infra-Estrutura Urbana;179;3.3.50.41.00.00.00.00;CONTRIBUIÇÕES;1.753.510.0000;RECURSOS PROVENIENTES DE TAXAS, CONTRIBUIÇÕES E PREÇOS PÚBLICOS - EMENDAS TODINHO;50.000,00
PREFEITURA MUNICIPAL DE BARBACENA;16.001;SEMOP;2.538;APOIO A ORG. AMIGOS, MOR. E PROD. RURAIS  COSTAS - OMOPRUC;17;INFRAESTRUTURA URBANA E RURAL;15;Urbanismo;451;Infra-Estrutura Urbana;180;4.4.50.41.00.00.00.00;CONTRIBUIÇÕES;1.753.000.0000;RECURSOS PROVENIENTES DE TAXAS, CONTRIBUIÇÕES E PREÇOS PÚBLICOS;0,00
PREFEITURA MUNICIPAL DE BARBACENA;16.001;SEMOP;2.538;APOIO A ORG. AMIGOS, MOR. E PROD. RURAIS  COSTAS - OMOPRUC;17;INFRAESTRUTURA URBANA E RURAL;15;Urbanismo;451;Infra-Estrutura Urbana;180;4.4.50.41.00.00.00.00;CONTRIBUIÇÕES;1.753.510.0000;RECURSOS PROVENIENTES DE TAXAS, CONTRIBUIÇÕES E PREÇOS PÚBLICOS - EMENDAS TODINHO;50.000,00
PREFEITURA MUNICIPAL DE BARBACENA;16.001;SEMOP;2.549;APOIO A ASSOC. MORADORES, AMIGOS E PROD. DO JOSE DE MOURA;17;INFRAESTRUTURA URBANA E RURAL;15;Urbanismo;451;Infra-Estrutura Urbana;181;3.3.50.41.00.00.00.00;CONTRIBUIÇÕES;1.753.000.0000;RECURSOS PROVENIENTES DE TAXAS, CONTRIBUIÇÕES E PREÇOS PÚBLICOS;0,00
PREFEITURA MUNICIPAL DE BARBACENA;16.001;SEMOP;2.549;APOIO A ASSOC. MORADORES, AMIGOS E PROD. DO JOSE DE MOURA;17;INFRAESTRUTURA URBANA E RURAL;15;Urbanismo;451;Infra-Estrutura Urbana;181;3.3.50.41.00.00.00.00;CONTRIBUIÇÕES;1.753.503.0000;RECURSOS PROVENIENTES DE TAXAS, CONTRIBUIÇÕES E PREÇOS PÚBLICOS - EMENDAS EVERTON WALLACE;15.050,00
PREFEITURA MUNICIPAL DE BARBACENA;16.001;SEMOP;2.549;APOIO A ASSOC. MORADORES, AMIGOS E PROD. DO JOSE DE MOURA;17;INFRAESTRUTURA URBANA E RURAL;15;Urbanismo;451;Infra-Estrutura Urbana;182;4.4.50.41.00.00.00.00;CONTRIBUIÇÕES;1.753.000.0000;RECURSOS PROVENIENTES DE TAXAS, CONTRIBUIÇÕES E PREÇOS PÚBLICOS;0,00
PREFEITURA MUNICIPAL DE BARBACENA;16.001;SEMOP;2.549;APOIO A ASSOC. MORADORES, AMIGOS E PROD. DO JOSE DE MOURA;17;INFRAESTRUTURA URBANA E RURAL;15;Urbanismo;451;Infra-Estrutura Urbana;182;4.4.50.41.00.00.00.00;CONTRIBUIÇÕES;1.753.503.0000;RECURSOS PROVENIENTES DE TAXAS, CONTRIBUIÇÕES E PREÇOS PÚBLICOS - EMENDAS EVERTON WALLACE;15.050,00
PREFEITURA MUNICIPAL DE BARBACENA;16.001;SEMOP;2.552;APOIO A ASSOCIACAO PRODUTORES RURAIS DO DIST. DO FARIA - APRODIFA;17;INFRAESTRUTURA URBANA E RURAL;15;Urbanismo;451;Infra-Estrutura Urbana;183;3.3.50.41.00.00.00.00;CONTRIBUIÇÕES;1.753.000.0000;RECURSOS PROVENIENTES DE TAXAS, CONTRIBUIÇÕES E PREÇOS PÚBLICOS;0,00
PREFEITURA MUNICIPAL DE BARBACENA;16.001;SEMOP;2.552;APOIO A ASSOCIACAO PRODUTORES RURAIS DO DIST. DO FARIA - APRODIFA;17;INFRAESTRUTURA URBANA E RURAL;15;Urbanismo;451;Infra-Estrutura Urbana;183;3.3.50.41.00.00.00.00;CONTRIBUIÇÕES;1.753.503.0000;RECURSOS PROVENIENTES DE TAXAS, CONTRIBUIÇÕES E PREÇOS PÚBLICOS - EMENDAS EVERTON WALLACE;15.000,00
PREFEITURA MUNICIPAL DE BARBACENA;16.001;SEMOP;2.552;APOIO A ASSOCIACAO PRODUTORES RURAIS DO DIST. DO FARIA - APRODIFA;17;INFRAESTRUTURA URBANA E RURAL;15;Urbanismo;451;Infra-Estrutura Urbana;184;4.4.50.41.00.00.00.00;CONTRIBUIÇÕES;1.753.000.0000;RECURSOS PROVENIENTES DE TAXAS, CONTRIBUIÇÕES E PREÇOS PÚBLICOS;0,00
PREFEITURA MUNICIPAL DE BARBACENA;16.001;SEMOP;2.552;APOIO A ASSOCIACAO PRODUTORES RURAIS DO DIST. DO FARIA - APRODIFA;17;INFRAESTRUTURA URBANA E RURAL;15;Urbanismo;451;Infra-Estrutura Urbana;184;4.4.50.41.00.00.00.00;CONTRIBUIÇÕES;1.753.503.0000;RECURSOS PROVENIENTES DE TAXAS, CONTRIBUIÇÕES E PREÇOS PÚBLICOS - EMENDAS EVERTON WALLACE;15.000,00
PREFEITURA MUNICIPAL DE BARBACENA;16.001;SEMOP;2.554;APOIO A ASSOC. COM. PROD. RURAIS DE SANTO ANTONIO DO CAMPESTRE;17;INFRAESTRUTURA URBANA E RURAL;15;Urbanismo;451;Infra-Estrutura Urbana;185;3.3.50.41.00.00.00.00;CONTRIBUIÇÕES;1.753.000.0000;RECURSOS PROVENIENTES DE TAXAS, CONTRIBUIÇÕES E PREÇOS PÚBLICOS;0,00
PREFEITURA MUNICIPAL DE BARBACENA;16.001;SEMOP;2.554;APOIO A ASSOC. COM. PROD. RURAIS DE SANTO ANTONIO DO CAMPESTRE;17;INFRAESTRUTURA URBANA E RURAL;15;Urbanismo;451;Infra-Estrutura Urbana;185;3.3.50.41.00.00.00.00;CONTRIBUIÇÕES;1.753.502.0000;RECURSOS PROVENIENTES DE TAXAS, CONTRIBUIÇÕES E PREÇOS PÚBLICOS - EMENDAS DIEGO BAIANO;14.220,82
PREFEITURA MUNICIPAL DE BARBACENA;16.001;SEMOP;2.554;APOIO A ASSOC. COM. PROD. RURAIS DE SANTO ANTONIO DO CAMPESTRE;17;INFRAESTRUTURA URBANA E RURAL;15;Urbanismo;451;Infra-Estrutura Urbana;186;4.4.50.41.00.00.00.00;CONTRIBUIÇÕES;1.753.000.0000;RECURSOS PROVENIENTES DE TAXAS, CONTRIBUIÇÕES E PREÇOS PÚBLICOS;0,00
PREFEITURA MUNICIPAL DE BARBACENA;16.001;SEMOP;2.554;APOIO A ASSOC. COM. PROD. RURAIS DE SANTO ANTONIO DO CAMPESTRE;17;INFRAESTRUTURA URBANA E RURAL;15;Urbanismo;451;Infra-Estrutura Urbana;186;4.4.50.41.00.00.00.00;CONTRIBUIÇÕES;1.753.502.0000;RECURSOS PROVENIENTES DE TAXAS, CONTRIBUIÇÕES E PREÇOS PÚBLICOS - EMENDAS DIEGO BAIANO;14.220,83
PREFEITURA MUNICIPAL DE BARBACENA;16.001;SEMOP;4.457;APOIO A ASSOCIAÇÃO COMUNITÁRIA DE PINHEIRO GROSSO;17;INFRAESTRUTURA URBANA E RURAL;15;Urbanismo;451;Infra-Estrutura Urbana;187;3.3.50.41.00.00.00.00;CONTRIBUIÇÕES;1.501.000.0000;OUTROS RECURSOS NÃO VINCULADOS;0,00
PREFEITURA MUNICIPAL DE BARBACENA;16.001;SEMOP;4.457;APOIO A ASSOCIAÇÃO COMUNITÁRIA DE PINHEIRO GROSSO;17;INFRAESTRUTURA URBANA E RURAL;15;Urbanismo;451;Infra-Estrutura Urbana;187;3.3.50.41.00.00.00.00;CONTRIBUIÇÕES;1.501.526.0000;OUTROS RECURSOS NÃO VINCULADOS - EMENDAS BANCADA PRD;316.223,50
PREFEITURA MUNICIPAL DE BARBACENA;16.001;SEMOP;4.457;APOIO A ASSOCIAÇÃO COMUNITÁRIA DE PINHEIRO GROSSO;17;INFRAESTRUTURA URBANA E RURAL;15;Urbanismo;451;Infra-Estrutura Urbana;187;3.3.50.41.00.00.00.00;CONTRIBUIÇÕES;1.501.529.0000;OUTROS RECURSOS NÃO VINCULADOS - EMENDAS BANCADA REPUBLICANOS;158.111,76
PREFEITURA MUNICIPAL DE BARBACENA;16.001;SEMOP;4.457;APOIO A ASSOCIAÇÃO COMUNITÁRIA DE PINHEIRO GROSSO;17;INFRAESTRUTURA URBANA E RURAL;15;Urbanismo;451;Infra-Estrutura Urbana;187;3.3.50.41.00.00.00.00;CONTRIBUIÇÕES;1.753.000.0000;RECURSOS PROVENIENTES DE TAXAS, CONTRIBUIÇÕES E PREÇOS PÚBLICOS;0,00
PREFEITURA MUNICIPAL DE BARBACENA;16.001;SEMOP;4.457;APOIO A ASSOCIAÇÃO COMUNITÁRIA DE PINHEIRO GROSSO;17;INFRAESTRUTURA URBANA E RURAL;15;Urbanismo;451;Infra-Estrutura Urbana;187;3.3.50.41.00.00.00.00;CONTRIBUIÇÕES;1.753.524.0000;RECURSOS PROVENIENTES DE TAXAS, CONTRIBUIÇÕES E PREÇOS PÚBLICOS - EMENDAS BANCADA PMN;316.223,49
PREFEITURA MUNICIPAL DE BARBACENA;16.001;SEMOP;4.457;APOIO A ASSOCIAÇÃO COMUNITÁRIA DE PINHEIRO GROSSO;17;INFRAESTRUTURA URBANA E RURAL;15;Urbanismo;451;Infra-Estrutura Urbana;187;3.3.50.41.00.00.00.00;CONTRIBUIÇÕES;1.753.527.0000;RECURSOS PROVENIENTES DE TAXAS, CONTRIBUIÇÕES E PREÇOS PÚBLICOS - EMENDAS BANCADA PSD;79.055,88
PREFEITURA MUNICIPAL DE BARBACENA;16.001;SEMOP;4.457;APOIO A ASSOCIAÇÃO COMUNITÁRIA DE PINHEIRO GROSSO;17;INFRAESTRUTURA URBANA E RURAL;15;Urbanismo;451;Infra-Estrutura Urbana;187;3.3.50.41.00.00.00.00;CONTRIBUIÇÕES;1.753.528.0000;RECURSOS PROVENIENTES DE TAXAS, CONTRIBUIÇÕES E PREÇOS PÚBLICOS - EMENDAS BANCADA REDE SUSTENTABILIDADE;158.111,75
PREFEITURA MUNICIPAL DE BARBACENA;16.001;SEMOP;4.457;APOIO A ASSOCIAÇÃO COMUNITÁRIA DE PINHEIRO GROSSO;17;INFRAESTRUTURA URBANA E RURAL;15;Urbanismo;451;Infra-Estrutura Urbana;188;4.4.50.41.00.00.00.00;CONTRIBUIÇÕES;1.501.000.0000;OUTROS RECURSOS NÃO VINCULADOS;0,00
PREFEITURA MUNICIPAL DE BARBACENA;16.001;SEMOP;4.457;APOIO A ASSOCIAÇÃO COMUNITÁRIA DE PINHEIRO GROSSO;17;INFRAESTRUTURA URBANA E RURAL;15;Urbanismo;451;Infra-Estrutura Urbana;188;4.4.50.41.00.00.00.00;CONTRIBUIÇÕES;1.501.526.0000;OUTROS RECURSOS NÃO VINCULADOS - EMENDAS BANCADA PRD;316.223,49
PREFEITURA MUNICIPAL DE BARBACENA;16.001;SEMOP;4.457;APOIO A ASSOCIAÇÃO COMUNITÁRIA DE PINHEIRO GROSSO;17;INFRAESTRUTURA URBANA E RURAL;15;Urbanismo;451;Infra-Estrutura Urbana;188;4.4.50.41.00.00.00.00;CONTRIBUIÇÕES;1.501.529.0000;OUTROS RECURSOS NÃO VINCULADOS - EMENDAS BANCADA REPUBLICANOS;158.111,74
PREFEITURA MUNICIPAL DE BARBACENA;16.001;SEMOP;4.457;APOIO A ASSOCIAÇÃO COMUNITÁRIA DE PINHEIRO GROSSO;17;INFRAESTRUTURA URBANA E RURAL;15;Urbanismo;451;Infra-Estrutura Urbana;188;4.4.50.41.00.00.00.00;CONTRIBUIÇÕES;1.753.000.0000;RECURSOS PROVENIENTES DE TAXAS, CONTRIBUIÇÕES E PREÇOS PÚBLICOS;0,00
PREFEITURA MUNICIPAL DE BARBACENA;16.001;SEMOP;4.457;APOIO A ASSOCIAÇÃO COMUNITÁRIA DE PINHEIRO GROSSO;17;INFRAESTRUTURA URBANA E RURAL;15;Urbanismo;451;Infra-Estrutura Urbana;188;4.4.50.41.00.00.00.00;CONTRIBUIÇÕES;1.753.524.0000;RECURSOS PROVENIENTES DE TAXAS, CONTRIBUIÇÕES E PREÇOS PÚBLICOS - EMENDAS BANCADA PMN;316.223,50
PREFEITURA MUNICIPAL DE BARBACENA;16.001;SEMOP;4.457;APOIO A ASSOCIAÇÃO COMUNITÁRIA DE PINHEIRO GROSSO;17;INFRAESTRUTURA URBANA E RURAL;15;Urbanismo;451;Infra-Estrutura Urbana;188;4.4.50.41.00.00.00.00;CONTRIBUIÇÕES;1.753.527.0000;RECURSOS PROVENIENTES DE TAXAS, CONTRIBUIÇÕES E PREÇOS PÚBLICOS - EMENDAS BANCADA PSD;79.055,87
PREFEITURA MUNICIPAL DE BARBACENA;16.001;SEMOP;4.457;APOIO A ASSOCIAÇÃO COMUNITÁRIA DE PINHEIRO GROSSO;17;INFRAESTRUTURA URBANA E RURAL;15;Urbanismo;451;Infra-Estrutura Urbana;188;4.4.50.41.00.00.00.00;CONTRIBUIÇÕES;1.753.528.0000;RECURSOS PROVENIENTES DE TAXAS, CONTRIBUIÇÕES E PREÇOS PÚBLICOS - EMENDAS BANCADA REDE SUSTENTABILIDADE;158.111,75
PREFEITURA MUNICIPAL DE BARBACENA;16.001;SEMOP;4.504;APOIO A ASSOCIACAO DOS MORADORES E AMIGOS DE SENHORA DAS DORES;17;INFRAESTRUTURA URBANA E RURAL;15;Urbanismo;451;Infra-Estrutura Urbana;189;3.3.50.41.00.00.00.00;CONTRIBUIÇÕES;1.501.000.0000;OUTROS RECURSOS NÃO VINCULADOS;0,00
PREFEITURA MUNICIPAL DE BARBACENA;16.001;SEMOP;4.504;APOIO A ASSOCIACAO DOS MORADORES E AMIGOS DE SENHORA DAS DORES;17;INFRAESTRUTURA URBANA E RURAL;15;Urbanismo;451;Infra-Estrutura Urbana;189;3.3.50.41.00.00.00.00;CONTRIBUIÇÕES;1.501.522.0000;OUTROS RECURSOS NÃO VINCULADOS - EMENDAS BANCADA PDT;316.223,50
PREFEITURA MUNICIPAL DE BARBACENA;16.001;SEMOP;4.504;APOIO A ASSOCIACAO DOS MORADORES E AMIGOS DE SENHORA DAS DORES;17;INFRAESTRUTURA URBANA E RURAL;15;Urbanismo;451;Infra-Estrutura Urbana;190;4.4.50.41.00.00.00.00;CONTRIBUIÇÕES;1.501.000.0000;OUTROS RECURSOS NÃO VINCULADOS;0,00
PREFEITURA MUNICIPAL DE BARBACENA;16.001;SEMOP;4.504;APOIO A ASSOCIACAO DOS MORADORES E AMIGOS DE SENHORA DAS DORES;17;INFRAESTRUTURA URBANA E RURAL;15;Urbanismo;451;Infra-Estrutura Urbana;190;4.4.50.41.00.00.00.00;CONTRIBUIÇÕES;1.501.522.0000;OUTROS RECURSOS NÃO VINCULADOS - EMENDAS BANCADA PDT;316.223,49
PREFEITURA MUNICIPAL DE BARBACENA;16.001;SEMOP;4.531;ACOES DE MELHORIA NA INFRAESTRUTURA  - EMENDAS MUNICIPAIS;17;INFRAESTRUTURA URBANA E RURAL;15;Urbanismo;451;Infra-Estrutura Urbana;191;3.3.90.30.00.00.00.00;MATERIAL DE CONSUMO;1.753.000.0000;RECURSOS PROVENIENTES DE TAXAS, CONTRIBUIÇÕES E PREÇOS PÚBLICOS;0,00
PREFEITURA MUNICIPAL DE BARBACENA;16.001;SEMOP;4.531;ACOES DE MELHORIA NA INFRAESTRUTURA  - EMENDAS MUNICIPAIS;17;INFRAESTRUTURA URBANA E RURAL;15;Urbanismo;451;Infra-Estrutura Urbana;191;3.3.90.30.00.00.00.00;MATERIAL DE CONSUMO;1.753.521.0000;RECURSOS PROVENIENTES DE TAXAS, CONTRIBUIÇÕES E PREÇOS PÚBLICOS - EMENDAS BANCADA MDB;105.407,83
PREFEITURA MUNICIPAL DE BARBACENA;16.001;SEMOP;4.531;ACOES DE MELHORIA NA INFRAESTRUTURA  - EMENDAS MUNICIPAIS;17;INFRAESTRUTURA URBANA E RURAL;15;Urbanismo;451;Infra-Estrutura Urbana;192;4.4.90.51.00.00.00.00;OBRAS E INSTALAÇÕES;1.753.000.0000;RECURSOS PROVENIENTES DE TAXAS, CONTRIBUIÇÕES E PREÇOS PÚBLICOS;0,00
PREFEITURA MUNICIPAL DE BARBACENA;16.001;SEMOP;4.531;ACOES DE MELHORIA NA INFRAESTRUTURA  - EMENDAS MUNICIPAIS;17;INFRAESTRUTURA URBANA E RURAL;15;Urbanismo;451;Infra-Estrutura Urbana;192;4.4.90.51.00.00.00.00;OBRAS E INSTALAÇÕES;1.753.521.0000;RECURSOS PROVENIENTES DE TAXAS, CONTRIBUIÇÕES E PREÇOS PÚBLICOS - EMENDAS BANCADA MDB;105.407,83
PREFEITURA MUNICIPAL DE BARBACENA;16.001;SEMOP;1.034;OBRAS DE CONSTRUÇAO, AMPLIAÇAO, READEQUAÇAO E MELHORIA DO SISTEMA DE DRENAGEM;18;MEIO AMBIENTE E SANEAMENTO BASICO;15;Urbanismo;451;Infra-Estrutura Urbana;193;3.3.90.30.00.00.00.00;MATERIAL DE CONSUMO;1.500.000.0000;RECURSOS NÃO VINCULADOS DE IMPOSTOS;1.500,00
PREFEITURA MUNICIPAL DE BARBACENA;16.001;SEMOP;1.034;OBRAS DE CONSTRUÇAO, AMPLIAÇAO, READEQUAÇAO E MELHORIA DO SISTEMA DE DRENAGEM;18;MEIO AMBIENTE E SANEAMENTO BASICO;15;Urbanismo;451;Infra-Estrutura Urbana;193;3.3.90.30.00.00.00.00;MATERIAL DE CONSUMO;1.501.000.0000;OUTROS RECURSOS NÃO VINCULADOS;1.000,00
PREFEITURA MUNICIPAL DE BARBACENA;16.001;SEMOP;1.034;OBRAS DE CONSTRUÇAO, AMPLIAÇAO, READEQUAÇAO E MELHORIA DO SISTEMA DE DRENAGEM;18;MEIO AMBIENTE E SANEAMENTO BASICO;15;Urbanismo;451;Infra-Estrutura Urbana;193;3.3.90.30.00.00.00.00;MATERIAL DE CONSUMO;1.753.000.0000;RECURSOS PROVENIENTES DE TAXAS, CONTRIBUIÇÕES E PREÇOS PÚBLICOS;3.000,00
PREFEITURA MUNICIPAL DE BARBACENA;16.001;SEMOP;1.034;OBRAS DE CONSTRUÇAO, AMPLIAÇAO, READEQUAÇAO E MELHORIA DO SISTEMA DE DRENAGEM;18;MEIO AMBIENTE E SANEAMENTO BASICO;15;Urbanismo;451;Infra-Estrutura Urbana;194;3.3.90.39.00.00.00.00;OUTROS SERVIÇOS DE TERCEIROS - PESSOA JURÍDICA;1.500.000.0000;RECURSOS NÃO VINCULADOS DE IMPOSTOS;2.000,00
PREFEITURA MUNICIPAL DE BARBACENA;16.001;SEMOP;1.034;OBRAS DE CONSTRUÇAO, AMPLIAÇAO, READEQUAÇAO E MELHORIA DO SISTEMA DE DRENAGEM;18;MEIO AMBIENTE E SANEAMENTO BASICO;15;Urbanismo;451;Infra-Estrutura Urbana;194;3.3.90.39.00.00.00.00;OUTROS SERVIÇOS DE TERCEIROS - PESSOA JURÍDICA;1.501.000.0000;OUTROS RECURSOS NÃO VINCULADOS;1.000,00
PREFEITURA MUNICIPAL DE BARBACENA;16.001;SEMOP;1.034;OBRAS DE CONSTRUÇAO, AMPLIAÇAO, READEQUAÇAO E MELHORIA DO SISTEMA DE DRENAGEM;18;MEIO AMBIENTE E SANEAMENTO BASICO;15;Urbanismo;451;Infra-Estrutura Urbana;194;3.3.90.39.00.00.00.00;OUTROS SERVIÇOS DE TERCEIROS - PESSOA JURÍDICA;1.753.000.0000;RECURSOS PROVENIENTES DE TAXAS, CONTRIBUIÇÕES E PREÇOS PÚBLICOS;5.000,00
PREFEITURA MUNICIPAL DE BARBACENA;16.001;SEMOP;1.034;OBRAS DE CONSTRUÇAO, AMPLIAÇAO, READEQUAÇAO E MELHORIA DO SISTEMA DE DRENAGEM;18;MEIO AMBIENTE E SANEAMENTO BASICO;15;Urbanismo;451;Infra-Estrutura Urbana;195;4.4.90.51.00.00.00.00;OBRAS E INSTALAÇÕES;1.500.000.0000;RECURSOS NÃO VINCULADOS DE IMPOSTOS;0,00
PREFEITURA MUNICIPAL DE BARBACENA;16.001;SEMOP;1.034;OBRAS DE CONSTRUÇAO, AMPLIAÇAO, READEQUAÇAO E MELHORIA DO SISTEMA DE DRENAGEM;18;MEIO AMBIENTE E SANEAMENTO BASICO;15;Urbanismo;451;Infra-Estrutura Urbana;195;4.4.90.51.00.00.00.00;OBRAS E INSTALAÇÕES;1.501.000.0000;OUTROS RECURSOS NÃO VINCULADOS;1.000,00
PREFEITURA MUNICIPAL DE BARBACENA;16.001;SEMOP;1.034;OBRAS DE CONSTRUÇAO, AMPLIAÇAO, READEQUAÇAO E MELHORIA DO SISTEMA DE DRENAGEM;18;MEIO AMBIENTE E SANEAMENTO BASICO;15;Urbanismo;451;Infra-Estrutura Urbana;195;4.4.90.51.00.00.00.00;OBRAS E INSTALAÇÕES;1.700.000.0000;OUTRAS TRANSFERÊNCIAS DE CONVÊNIOS OU INSTRUMENTOS CONGÊNERES DA UNIÃO;1.000,00
PREFEITURA MUNICIPAL DE BARBACENA;16.001;SEMOP;1.034;OBRAS DE CONSTRUÇAO, AMPLIAÇAO, READEQUAÇAO E MELHORIA DO SISTEMA DE DRENAGEM;18;MEIO AMBIENTE E SANEAMENTO BASICO;15;Urbanismo;451;Infra-Estrutura Urbana;195;4.4.90.51.00.00.00.00;OBRAS E INSTALAÇÕES;1.753.000.0000;RECURSOS PROVENIENTES DE TAXAS, CONTRIBUIÇÕES E PREÇOS PÚBLICOS;0,00
PREFEITURA MUNICIPAL DE BARBACENA;16.001;SEMOP;1.029;OBRAS DE CONSTRUÇAO, AMPLIAÇAO, READEQUAÇAO E MELHORIA DO SISTEMA DE ABASTECIMENTO DE AGUA;18;MEIO AMBIENTE E SANEAMENTO BASICO;17;Saneamento;512;Saneamento Básico Urbano;199;4.4.90.51.00.00.00.00;OBRAS E INSTALAÇÕES;1.500.000.0000;RECURSOS NÃO VINCULADOS DE IMPOSTOS;1.000,00
PREFEITURA MUNICIPAL DE BARBACENA;16.001;SEMOP;1.029;OBRAS DE CONSTRUÇAO, AMPLIAÇAO, READEQUAÇAO E MELHORIA DO SISTEMA DE ABASTECIMENTO DE AGUA;18;MEIO AMBIENTE E SANEAMENTO BASICO;17;Saneamento;512;Saneamento Básico Urbano;199;4.4.90.51.00.00.00.00;OBRAS E INSTALAÇÕES;1.700.000.0000;OUTRAS TRANSFERÊNCIAS DE CONVÊNIOS OU INSTRUMENTOS CONGÊNERES DA UNIÃO;1.000,00
PREFEITURA MUNICIPAL DE BARBACENA;16.001;SEMOP;1.033;OBRAS DE CONSTRUÇAO, AMPLIAÇAO, READEQUAÇAO E MELHORIA DO SISTEMA DE ESGOTAMENTO SANITARIO;18;MEIO AMBIENTE E SANEAMENTO BASICO;17;Saneamento;512;Saneamento Básico Urbano;200;3.3.90.39.00.00.00.00;OUTROS SERVIÇOS DE TERCEIROS - PESSOA JURÍDICA;1.500.000.0000;RECURSOS NÃO VINCULADOS DE IMPOSTOS;1.000,00
PREFEITURA MUNICIPAL DE BARBACENA;16.001;SEMOP;1.033;OBRAS DE CONSTRUÇAO, AMPLIAÇAO, READEQUAÇAO E MELHORIA DO SISTEMA DE ESGOTAMENTO SANITARIO;18;MEIO AMBIENTE E SANEAMENTO BASICO;17;Saneamento;512;Saneamento Básico Urbano;200;3.3.90.39.00.00.00.00;OUTROS SERVIÇOS DE TERCEIROS - PESSOA JURÍDICA;1.700.000.0000;OUTRAS TRANSFERÊNCIAS DE CONVÊNIOS OU INSTRUMENTOS CONGÊNERES DA UNIÃO;712.421,93
PREFEITURA MUNICIPAL DE BARBACENA;16.001;SEMOP;1.033;OBRAS DE CONSTRUÇAO, AMPLIAÇAO, READEQUAÇAO E MELHORIA DO SISTEMA DE ESGOTAMENTO SANITARIO;18;MEIO AMBIENTE E SANEAMENTO BASICO;17;Saneamento;512;Saneamento Básico Urbano;200;3.3.90.39.00.00.00.00;OUTROS SERVIÇOS DE TERCEIROS - PESSOA JURÍDICA;1.754.000.0000;RECURSOS DE OPERAÇÕES DE CRÉDITO;326,73
PREFEITURA MUNICIPAL DE BARBACENA;16.001;SEMOP;1.033;OBRAS DE CONSTRUÇAO, AMPLIAÇAO, READEQUAÇAO E MELHORIA DO SISTEMA DE ESGOTAMENTO SANITARIO;18;MEIO AMBIENTE E SANEAMENTO BASICO;17;Saneamento;512;Saneamento Básico Urbano;201;3.3.90.93.00.00.00.00;INDENIZAÇÕES E RESTITUIÇÕES;1.700.000.0000;OUTRAS TRANSFERÊNCIAS DE CONVÊNIOS OU INSTRUMENTOS CONGÊNERES DA UNIÃO;1.500,00
PREFEITURA MUNICIPAL DE BARBACENA;16.001;SEMOP;1.033;OBRAS DE CONSTRUÇAO, AMPLIAÇAO, READEQUAÇAO E MELHORIA DO SISTEMA DE ESGOTAMENTO SANITARIO;18;MEIO AMBIENTE E SANEAMENTO BASICO;17;Saneamento;512;Saneamento Básico Urbano;202;4.4.90.51.00.00.00.00;OBRAS E INSTALAÇÕES;1.500.000.0000;RECURSOS NÃO VINCULADOS DE IMPOSTOS;1.500,00
PREFEITURA MUNICIPAL DE BARBACENA;16.001;SEMOP;1.033;OBRAS DE CONSTRUÇAO, AMPLIAÇAO, READEQUAÇAO E MELHORIA DO SISTEMA DE ESGOTAMENTO SANITARIO;18;MEIO AMBIENTE E SANEAMENTO BASICO;17;Saneamento;512;Saneamento Básico Urbano;202;4.4.90.51.00.00.00.00;OBRAS E INSTALAÇÕES;1.700.000.0000;OUTRAS TRANSFERÊNCIAS DE CONVÊNIOS OU INSTRUMENTOS CONGÊNERES DA UNIÃO;725.294,21
PREFEITURA MUNICIPAL DE BARBACENA;16.001;SEMOP;1.033;OBRAS DE CONSTRUÇAO, AMPLIAÇAO, READEQUAÇAO E MELHORIA DO SISTEMA DE ESGOTAMENTO SANITARIO;18;MEIO AMBIENTE E SANEAMENTO BASICO;17;Saneamento;512;Saneamento Básico Urbano;202;4.4.90.51.00.00.00.00;OBRAS E INSTALAÇÕES;1.754.000.0000;RECURSOS DE OPERAÇÕES DE CRÉDITO;22.397.133,59
PREFEITURA MUNICIPAL DE BARBACENA;16.001;SEMOP;1.027;CONSTRUÇAO, AMPLIAÇAO, RECUPERAÇÃO E MELHORIA DE VIAS PUBLICAS;27;MOBILIDADE URBANA;15;Urbanismo;451;Infra-Estrutura Urbana;196;3.3.90.30.00.00.00.00;MATERIAL DE CONSUMO;1.500.000.0000;RECURSOS NÃO VINCULADOS DE IMPOSTOS;0,00
PREFEITURA MUNICIPAL DE BARBACENA;16.001;SEMOP;1.027;CONSTRUÇAO, AMPLIAÇAO, RECUPERAÇÃO E MELHORIA DE VIAS PUBLICAS;27;MOBILIDADE URBANA;15;Urbanismo;451;Infra-Estrutura Urbana;196;3.3.90.30.00.00.00.00;MATERIAL DE CONSUMO;1.750.000.0000;RECURSOS DA CONTRIBUIÇÃO DE INTERVENÇÃO NO DOMÍNIO ECONÔMICO - CIDE;349.927,26
PREFEITURA MUNICIPAL DE BARBACENA;16.001;SEMOP;1.027;CONSTRUÇAO, AMPLIAÇAO, RECUPERAÇÃO E MELHORIA DE VIAS PUBLICAS;27;MOBILIDADE URBANA;15;Urbanismo;451;Infra-Estrutura Urbana;197;3.3.90.39.00.00.00.00;OUTROS SERVIÇOS DE TERCEIROS - PESSOA JURÍDICA;1.500.000.0000;RECURSOS NÃO VINCULADOS DE IMPOSTOS;1.700,00
PREFEITURA MUNICIPAL DE BARBACENA;16.001;SEMOP;1.027;CONSTRUÇAO, AMPLIAÇAO, RECUPERAÇÃO E MELHORIA DE VIAS PUBLICAS;27;MOBILIDADE URBANA;15;Urbanismo;451;Infra-Estrutura Urbana;197;3.3.90.39.00.00.00.00;OUTROS SERVIÇOS DE TERCEIROS - PESSOA JURÍDICA;1.708.000.0000;TRANSFERÊNCIA DA UNIÃO REFERENTE À COMPENSAÇÃO FINANCEIRA DE RECURSOS MINERAIS;134.993,95
PREFEITURA MUNICIPAL DE BARBACENA;16.001;SEMOP;1.027;CONSTRUÇAO, AMPLIAÇAO, RECUPERAÇÃO E MELHORIA DE VIAS PUBLICAS;27;MOBILIDADE URBANA;15;Urbanismo;451;Infra-Estrutura Urbana;197;3.3.90.39.00.00.00.00;OUTROS SERVIÇOS DE TERCEIROS - PESSOA JURÍDICA;1.753.000.0000;RECURSOS PROVENIENTES DE TAXAS, CONTRIBUIÇÕES E PREÇOS PÚBLICOS;0,00
PREFEITURA MUNICIPAL DE BARBACENA;16.001;SEMOP;1.027;CONSTRUÇAO, AMPLIAÇAO, RECUPERAÇÃO E MELHORIA DE VIAS PUBLICAS;27;MOBILIDADE URBANA;15;Urbanismo;451;Infra-Estrutura Urbana;198;4.4.90.51.00.00.00.00;OBRAS E INSTALAÇÕES;1.500.000.0000;RECURSOS NÃO VINCULADOS DE IMPOSTOS;0,00
PREFEITURA MUNICIPAL DE BARBACENA;16.001;SEMOP;1.027;CONSTRUÇAO, AMPLIAÇAO, RECUPERAÇÃO E MELHORIA DE VIAS PUBLICAS;27;MOBILIDADE URBANA;15;Urbanismo;451;Infra-Estrutura Urbana;198;4.4.90.51.00.00.00.00;OBRAS E INSTALAÇÕES;1.700.000.0000;OUTRAS TRANSFERÊNCIAS DE CONVÊNIOS OU INSTRUMENTOS CONGÊNERES DA UNIÃO;440.813,27
PREFEITURA MUNICIPAL DE BARBACENA;16.001;SEMOP;1.027;CONSTRUÇAO, AMPLIAÇAO, RECUPERAÇÃO E MELHORIA DE VIAS PUBLICAS;27;MOBILIDADE URBANA;15;Urbanismo;451;Infra-Estrutura Urbana;198;4.4.90.51.00.00.00.00;OBRAS E INSTALAÇÕES;1.706.000.3110;TRANSFERÊNCIA ESPECIAL DA UNIÃO - TRANSFERÊNCIAS DA UNIÃO DECORRENTES DE EMENDAS PARLAMENTARES INDIVIDUAIS;226.649,78
PREFEITURA MUNICIPAL DE BARBACENA;16.001;SEMOP;1.027;CONSTRUÇAO, AMPLIAÇAO, RECUPERAÇÃO E MELHORIA DE VIAS PUBLICAS;27;MOBILIDADE URBANA;15;Urbanismo;451;Infra-Estrutura Urbana;198;4.4.90.51.00.00.00.00;OBRAS E INSTALAÇÕES;1.710.000.3210;IDENTIFICAÇÃO DAS TRANSFERÊNCIAS DOS ESTADOS DECORRENTES DE EMENDAS PARLAMENTARES INDIVIDUAIS;163.653,08
PREFEITURA MUNICIPAL DE BARBACENA;16.001;SEMOP;1.027;CONSTRUÇAO, AMPLIAÇAO, RECUPERAÇÃO E MELHORIA DE VIAS PUBLICAS;27;MOBILIDADE URBANA;15;Urbanismo;451;Infra-Estrutura Urbana;198;4.4.90.51.00.00.00.00;OBRAS E INSTALAÇÕES;1.710.000.3220;IDENTIFICAÇÃO DAS TRANSFERÊNCIAS DOS ESTADOS DECORRENTES DE EMENDAS PARLAMENTARES DE BANCADA;34.903,33
PREFEITURA MUNICIPAL DE BARBACENA;16.001;SEMOP;1.027;CONSTRUÇAO, AMPLIAÇAO, RECUPERAÇÃO E MELHORIA DE VIAS PUBLICAS;27;MOBILIDADE URBANA;15;Urbanismo;451;Infra-Estrutura Urbana;198;4.4.90.51.00.00.00.00;OBRAS E INSTALAÇÕES;1.710.010.0000;TRANSFERÊNCIA ESPECIAL DOS ESTADOS (TRANSF. ESP. ESTADO - ACORDO JUDICIAL REPARAÇÃO IMPACTOS SOCIOECONÔMICOS E AMBIENTAIS-BARRAGEM BRUMADINHO);210.484,52
PREFEITURA MUNICIPAL DE BARBACENA;16.001;SEMOP;1.027;CONSTRUÇAO, AMPLIAÇAO, RECUPERAÇÃO E MELHORIA DE VIAS PUBLICAS;27;MOBILIDADE URBANA;15;Urbanismo;451;Infra-Estrutura Urbana;198;4.4.90.51.00.00.00.00;OBRAS E INSTALAÇÕES;1.753.000.0000;RECURSOS PROVENIENTES DE TAXAS, CONTRIBUIÇÕES E PREÇOS PÚBLICOS;3.999,84
PREFEITURA MUNICIPAL DE BARBACENA;16.001;SEMOP;1.027;CONSTRUÇAO, AMPLIAÇAO, RECUPERAÇÃO E MELHORIA DE VIAS PUBLICAS;27;MOBILIDADE URBANA;15;Urbanismo;451;Infra-Estrutura Urbana;198;4.4.90.51.00.00.00.00;OBRAS E INSTALAÇÕES;1.755.000.0000;RECURSOS DE ALIENAÇÃO DE BENS/ATIVOS - ADMINISTRAÇÃO DIRETA;171.302,33
PREFEITURA MUNICIPAL DE BARBACENA;16.001;SEMOP;1.027;CONSTRUÇAO, AMPLIAÇAO, RECUPERAÇÃO E MELHORIA DE VIAS PUBLICAS;27;MOBILIDADE URBANA;15;Urbanismo;451;Infra-Estrutura Urbana;198;4.4.90.51.00.00.00.00;OBRAS E INSTALAÇÕES;2.710.010.0000;TRANSFERÊNCIA ESPECIAL DOS ESTADOS (TRANSF. ESP. ESTADO - ACORDO JUDICIAL REPARAÇÃO IMPACTOS SOCIOECONÔMICOS E AMBIENTAIS-BARRAGEM BRUMADINHO);1.480.417,81
PREFEITURA MUNICIPAL DE BARBACENA;16.001;SEMOP;1.027;CONSTRUÇAO, AMPLIAÇAO, RECUPERAÇÃO E MELHORIA DE VIAS PUBLICAS;27;MOBILIDADE URBANA;15;Urbanismo;451;Infra-Estrutura Urbana;1216;3.3.90.92.00.00.00.00;DESPESAS DE EXERCÍCIOS ANTERIORES;1.500.000.0000;RECURSOS NÃO VINCULADOS DE IMPOSTOS;2.173,59
PREFEITURA MUNICIPAL DE BARBACENA;18.001;SESAP;2.021;MANUTENÇAO DE AÇÕES DA SESAP;11;APOIO A ADMINISTRAÇAO PUBLICA;10;Saúde;122;Administração Geral;203;3.1.90.91.00.00.00.00;SENTENÇAS JUDICIAIS;1.500.000.0000;RECURSOS NÃO VINCULADOS DE IMPOSTOS;2.000,00
PREFEITURA MUNICIPAL DE BARBACENA;18.001;SESAP;2.021;MANUTENÇAO DE AÇÕES DA SESAP;11;APOIO A ADMINISTRAÇAO PUBLICA;10;Saúde;122;Administração Geral;204;3.3.90.39.00.00.00.00;OUTROS SERVIÇOS DE TERCEIROS - PESSOA JURÍDICA;1.500.000.0000;RECURSOS NÃO VINCULADOS DE IMPOSTOS;2.500,00
PREFEITURA MUNICIPAL DE BARBACENA;18.001;SESAP;2.021;MANUTENÇAO DE AÇÕES DA SESAP;11;APOIO A ADMINISTRAÇAO PUBLICA;10;Saúde;122;Administração Geral;205;3.3.90.47.00.00.00.00;OBRIGAÇÕES TRIBUTÁRIAS E CONTRIBUTIVAS;1.500.000.0000;RECURSOS NÃO VINCULADOS DE IMPOSTOS;4.000,00
PREFEITURA MUNICIPAL DE BARBACENA;18.001;SESAP;2.021;MANUTENÇAO DE AÇÕES DA SESAP;11;APOIO A ADMINISTRAÇAO PUBLICA;10;Saúde;122;Administração Geral;206;3.3.90.91.00.00.00.00;SENTENÇAS JUDICIAIS;1.500.000.0000;RECURSOS NÃO VINCULADOS DE IMPOSTOS;5.000,00
PREFEITURA MUNICIPAL DE BARBACENA;19.001;SEFAZ;0.021;PAGAMENTO DE DESPESAS DECORRENTES DE SENTENÇAS JUDICIAIS;0;ENCARGOS DO MUNICIPIO;28;Encargos Especiais;61;Ação Judiciária;246;3.1.90.91.00.00.00.00;SENTENÇAS JUDICIAIS;1.500.000.0000;RECURSOS NÃO VINCULADOS DE IMPOSTOS;5.000,00
PREFEITURA MUNICIPAL DE BARBACENA;19.001;SEFAZ;0.021;PAGAMENTO DE DESPESAS DECORRENTES DE SENTENÇAS JUDICIAIS;0;ENCARGOS DO MUNICIPIO;28;Encargos Especiais;61;Ação Judiciária;247;3.3.90.91.00.00.00.00;SENTENÇAS JUDICIAIS;1.500.000.0000;RECURSOS NÃO VINCULADOS DE IMPOSTOS;5.000,00
PREFEITURA MUNICIPAL DE BARBACENA;19.001;SEFAZ;0.021;PAGAMENTO DE DESPESAS DECORRENTES DE SENTENÇAS JUDICIAIS;0;ENCARGOS DO MUNICIPIO;28;Encargos Especiais;61;Ação Judiciária;247;3.3.90.91.00.00.00.00;SENTENÇAS JUDICIAIS;1.753.000.0000;RECURSOS PROVENIENTES DE TAXAS, CONTRIBUIÇÕES E PREÇOS PÚBLICOS;10.000,00
PREFEITURA MUNICIPAL DE BARBACENA;19.001;SEFAZ;0.003;AMORTIZACAO DA DÍVIDA POR CONTRATO;0;ENCARGOS DO MUNICIPIO;28;Encargos Especiais;841;Refinanciamento da Dívida Interna;248;4.6.90.71.00.00.00.00;PRINCIPAL DA DÍVIDA CONTRATUAL RESGATADO;1.500.000.0000;RECURSOS NÃO VINCULADOS DE IMPOSTOS;4.648,36
PREFEITURA MUNICIPAL DE BARBACENA;19.001;SEFAZ;0.004;JUROS E ENCARGOS DA DIVIDA POR CONTRATO;0;ENCARGOS DO MUNICIPIO;28;Encargos Especiais;843;Serviço da Dívida Interna;249;3.2.90.21.00.00.00.00;JUROS SOBRE A DÍVIDA POR CONTRATO;1.500.000.0000;RECURSOS NÃO VINCULADOS DE IMPOSTOS;8.000,00
PREFEITURA MUNICIPAL DE BARBACENA;19.001;SEFAZ;0.004;JUROS E ENCARGOS DA DIVIDA POR CONTRATO;0;ENCARGOS DO MUNICIPIO;28;Encargos Especiais;843;Serviço da Dívida Interna;250;3.2.90.22.00.00.00.00;OUTROS ENCARGOS S/ A DÍVIDA POR CONTRATO;1.500.000.0000;RECURSOS NÃO VINCULADOS DE IMPOSTOS;1.000,00
PREFEITURA MUNICIPAL DE BARBACENA;19.001;SEFAZ;0.004;JUROS E ENCARGOS DA DIVIDA POR CONTRATO;0;ENCARGOS DO MUNICIPIO;28;Encargos Especiais;843;Serviço da Dívida Interna;251;3.2.91.21.00.00.00.00;JUROS SOBRE A DÍVIDA POR CONTRATO;1.500.000.0000;RECURSOS NÃO VINCULADOS DE IMPOSTOS;2.000,00
PREFEITURA MUNICIPAL DE BARBACENA;19.001;SEFAZ;0.020;PARCELAMENTO DE DIVIDAS PREVIDENCIARIAS;0;ENCARGOS DO MUNICIPIO;28;Encargos Especiais;843;Serviço da Dívida Interna;252;3.2.90.21.00.00.00.00;JUROS SOBRE A DÍVIDA POR CONTRATO;1.500.000.0000;RECURSOS NÃO VINCULADOS DE IMPOSTOS;2.500,00
PREFEITURA MUNICIPAL DE BARBACENA;19.001;SEFAZ;0.020;PARCELAMENTO DE DIVIDAS PREVIDENCIARIAS;0;ENCARGOS DO MUNICIPIO;28;Encargos Especiais;843;Serviço da Dívida Interna;253;3.2.91.21.00.00.00.00;JUROS SOBRE A DÍVIDA POR CONTRATO;1.500.000.0000;RECURSOS NÃO VINCULADOS DE IMPOSTOS;300.000,00
PREFEITURA MUNICIPAL DE BARBACENA;19.001;SEFAZ;0.020;PARCELAMENTO DE DIVIDAS PREVIDENCIARIAS;0;ENCARGOS DO MUNICIPIO;28;Encargos Especiais;843;Serviço da Dívida Interna;254;4.6.90.71.00.00.00.00;PRINCIPAL DA DÍVIDA CONTRATUAL RESGATADO;1.500.000.0000;RECURSOS NÃO VINCULADOS DE IMPOSTOS;3.500.000,00
PREFEITURA MUNICIPAL DE BARBACENA;19.001;SEFAZ;0.020;PARCELAMENTO DE DIVIDAS PREVIDENCIARIAS;0;ENCARGOS DO MUNICIPIO;28;Encargos Especiais;843;Serviço da Dívida Interna;255;4.6.91.71.00.00.00.00;PRINCIPAL DA DÍVIDA CONTRATUAL RESGATADO;1.500.000.0000;RECURSOS NÃO VINCULADOS DE IMPOSTOS;320.000,00
PREFEITURA MUNICIPAL DE BARBACENA;19.001;SEFAZ;0.020;PARCELAMENTO DE DIVIDAS PREVIDENCIARIAS;0;ENCARGOS DO MUNICIPIO;28;Encargos Especiais;843;Serviço da Dívida Interna;256;4.6.91.91.00.00.00.00;SENTENÇAS JUDICIAIS;1.500.000.0000;RECURSOS NÃO VINCULADOS DE IMPOSTOS;20.000,00
PREFEITURA MUNICIPAL DE BARBACENA;19.001;SEFAZ;0.002;PAGAMENTO DE PRECATORIOS;0;ENCARGOS DO MUNICIPIO;28;Encargos Especiais;846;Outros Encargos Especiais;257;3.1.90.91.00.00.00.00;SENTENÇAS JUDICIAIS;1.500.000.0000;RECURSOS NÃO VINCULADOS DE IMPOSTOS;941.298,24
PREFEITURA MUNICIPAL DE BARBACENA;19.001;SEFAZ;0.002;PAGAMENTO DE PRECATORIOS;0;ENCARGOS DO MUNICIPIO;28;Encargos Especiais;846;Outros Encargos Especiais;258;3.3.90.91.00.00.00.00;SENTENÇAS JUDICIAIS;1.500.000.0000;RECURSOS NÃO VINCULADOS DE IMPOSTOS;6.542.155,06
PREFEITURA MUNICIPAL DE BARBACENA;19.001;SEFAZ;2.108;MANUTENÇAO DA SEFAZ;11;APOIO A ADMINISTRAÇAO PUBLICA;4;Administração;123;Administração Financeira;207;3.3.90.14.00.00.00.00;DIÁRIAS - PESSOAL CIVIL;1.500.000.0000;RECURSOS NÃO VINCULADOS DE IMPOSTOS;3.713,12
PREFEITURA MUNICIPAL DE BARBACENA;19.001;SEFAZ;2.108;MANUTENÇAO DA SEFAZ;11;APOIO A ADMINISTRAÇAO PUBLICA;4;Administração;123;Administração Financeira;208;3.3.90.30.00.00.00.00;MATERIAL DE CONSUMO;1.500.000.0000;RECURSOS NÃO VINCULADOS DE IMPOSTOS;8.000,00
PREFEITURA MUNICIPAL DE BARBACENA;19.001;SEFAZ;2.108;MANUTENÇAO DA SEFAZ;11;APOIO A ADMINISTRAÇAO PUBLICA;4;Administração;123;Administração Financeira;209;3.3.90.33.00.00.00.00;PASSAGENS E DESPESAS COM LOCOMOÇÃO;1.500.000.0000;RECURSOS NÃO VINCULADOS DE IMPOSTOS;1.000,00
PREFEITURA MUNICIPAL DE BARBACENA;19.001;SEFAZ;2.108;MANUTENÇAO DA SEFAZ;11;APOIO A ADMINISTRAÇAO PUBLICA;4;Administração;123;Administração Financeira;210;3.3.90.35.00.00.00.00;SERVIÇOS DE CONSULTORIA;1.500.000.0000;RECURSOS NÃO VINCULADOS DE IMPOSTOS;2.000,00
PREFEITURA MUNICIPAL DE BARBACENA;19.001;SEFAZ;2.108;MANUTENÇAO DA SEFAZ;11;APOIO A ADMINISTRAÇAO PUBLICA;4;Administração;123;Administração Financeira;211;3.3.90.36.00.00.00.00;OUTROS SERVIÇOS DE TERCEIROS - PESSOA FÍSICA;1.500.000.0000;RECURSOS NÃO VINCULADOS DE IMPOSTOS;500,00
PREFEITURA MUNICIPAL DE BARBACENA;19.001;SEFAZ;2.108;MANUTENÇAO DA SEFAZ;11;APOIO A ADMINISTRAÇAO PUBLICA;4;Administração;123;Administração Financeira;212;3.3.90.39.00.00.00.00;OUTROS SERVIÇOS DE TERCEIROS - PESSOA JURÍDICA;1.500.000.0000;RECURSOS NÃO VINCULADOS DE IMPOSTOS;754.483,07
PREFEITURA MUNICIPAL DE BARBACENA;19.001;SEFAZ;2.108;MANUTENÇAO DA SEFAZ;11;APOIO A ADMINISTRAÇAO PUBLICA;4;Administração;123;Administração Financeira;212;3.3.90.39.00.00.00.00;OUTROS SERVIÇOS DE TERCEIROS - PESSOA JURÍDICA;1.753.000.0000;RECURSOS PROVENIENTES DE TAXAS, CONTRIBUIÇÕES E PREÇOS PÚBLICOS;105.000,00
PREFEITURA MUNICIPAL DE BARBACENA;19.001;SEFAZ;2.108;MANUTENÇAO DA SEFAZ;11;APOIO A ADMINISTRAÇAO PUBLICA;4;Administração;123;Administração Financeira;213;3.3.90.40.00.00.00.00;SERVIÇOS DE TECNOLOGIA DA INFORMAÇÃO E COMUNICAÇ;1.500.000.0000;RECURSOS NÃO VINCULADOS DE IMPOSTOS;713.132,99
PREFEITURA MUNICIPAL DE BARBACENA;19.001;SEFAZ;2.108;MANUTENÇAO DA SEFAZ;11;APOIO A ADMINISTRAÇAO PUBLICA;4;Administração;123;Administração Financeira;213;3.3.90.40.00.00.00.00;SERVIÇOS DE TECNOLOGIA DA INFORMAÇÃO E COMUNICAÇ;1.753.000.0000;RECURSOS PROVENIENTES DE TAXAS, CONTRIBUIÇÕES E PREÇOS PÚBLICOS;300.000,00
PREFEITURA MUNICIPAL DE BARBACENA;19.001;SEFAZ;2.108;MANUTENÇAO DA SEFAZ;11;APOIO A ADMINISTRAÇAO PUBLICA;4;Administração;123;Administração Financeira;214;3.3.90.47.00.00.00.00;OBRIGAÇÕES TRIBUTÁRIAS E CONTRIBUTIVAS;1.500.000.0000;RECURSOS NÃO VINCULADOS DE IMPOSTOS;53.198,98
PREFEITURA MUNICIPAL DE BARBACENA;19.001;SEFAZ;2.108;MANUTENÇAO DA SEFAZ;11;APOIO A ADMINISTRAÇAO PUBLICA;4;Administração;123;Administração Financeira;215;3.3.90.48.00.00.00.00;OUTROS AUXÍLIOS FINANCEIROS A PESSOAS FÍSICAS;1.500.000.0000;RECURSOS NÃO VINCULADOS DE IMPOSTOS;500,00
PREFEITURA MUNICIPAL DE BARBACENA;19.001;SEFAZ;2.108;MANUTENÇAO DA SEFAZ;11;APOIO A ADMINISTRAÇAO PUBLICA;4;Administração;123;Administração Financeira;216;3.3.90.49.00.00.00.00;AUXÍLIO-TRANSPORTE;1.500.000.0000;RECURSOS NÃO VINCULADOS DE IMPOSTOS;500,00
PREFEITURA MUNICIPAL DE BARBACENA;19.001;SEFAZ;2.108;MANUTENÇAO DA SEFAZ;11;APOIO A ADMINISTRAÇAO PUBLICA;4;Administração;123;Administração Financeira;217;3.3.90.92.00.00.00.00;DESPESAS DE EXERCÍCIOS ANTERIORES;1.500.000.0000;RECURSOS NÃO VINCULADOS DE IMPOSTOS;1.000,00
PREFEITURA MUNICIPAL DE BARBACENA;19.001;SEFAZ;2.108;MANUTENÇAO DA SEFAZ;11;APOIO A ADMINISTRAÇAO PUBLICA;4;Administração;123;Administração Financeira;218;3.3.90.93.00.00.00.00;INDENIZAÇÕES E RESTITUIÇÕES;1.500.000.0000;RECURSOS NÃO VINCULADOS DE IMPOSTOS;5.000,00
PREFEITURA MUNICIPAL DE BARBACENA;19.001;SEFAZ;2.108;MANUTENÇAO DA SEFAZ;11;APOIO A ADMINISTRAÇAO PUBLICA;4;Administração;123;Administração Financeira;219;4.4.90.52.00.00.00.00;EQUIPAMENTOS E MATERIAL PERMANENTE;1.500.000.0000;RECURSOS NÃO VINCULADOS DE IMPOSTOS;1.500,00
PREFEITURA MUNICIPAL DE BARBACENA;19.001;SEFAZ;2.108;MANUTENÇAO DA SEFAZ;11;APOIO A ADMINISTRAÇAO PUBLICA;4;Administração;123;Administração Financeira;219;4.4.90.52.00.00.00.00;EQUIPAMENTOS E MATERIAL PERMANENTE;1.753.000.0000;RECURSOS PROVENIENTES DE TAXAS, CONTRIBUIÇÕES E PREÇOS PÚBLICOS;100.000,00
PREFEITURA MUNICIPAL DE BARBACENA;19.001;SEFAZ;2.108;MANUTENÇAO DA SEFAZ;11;APOIO A ADMINISTRAÇAO PUBLICA;4;Administração;123;Administração Financeira;219;4.4.90.52.00.00.00.00;EQUIPAMENTOS E MATERIAL PERMANENTE;1.755.000.0000;RECURSOS DE ALIENAÇÃO DE BENS/ATIVOS - ADMINISTRAÇÃO DIRETA;24.780,00
PREFEITURA MUNICIPAL DE BARBACENA;19.001;SEFAZ;2.109;PESSOAL E ENCARGOS SOCIAIS DA SEFAZ;11;APOIO A ADMINISTRAÇAO PUBLICA;4;Administração;123;Administração Financeira;220;3.1.90.04.00.00.00.00;CONTRATAÇÃO POR TEMPO DETERMINADO;1.500.000.0000;RECURSOS NÃO VINCULADOS DE IMPOSTOS;32.932,94
PREFEITURA MUNICIPAL DE BARBACENA;19.001;SEFAZ;2.109;PESSOAL E ENCARGOS SOCIAIS DA SEFAZ;11;APOIO A ADMINISTRAÇAO PUBLICA;4;Administração;123;Administração Financeira;220;3.1.90.04.00.00.00.00;CONTRATAÇÃO POR TEMPO DETERMINADO;1.753.000.0000;RECURSOS PROVENIENTES DE TAXAS, CONTRIBUIÇÕES E PREÇOS PÚBLICOS;113.069,74
PREFEITURA MUNICIPAL DE BARBACENA;19.001;SEFAZ;2.109;PESSOAL E ENCARGOS SOCIAIS DA SEFAZ;11;APOIO A ADMINISTRAÇAO PUBLICA;4;Administração;123;Administração Financeira;221;3.1.90.11.00.00.00.00;VENCIMENTOS E VANTAGENS FIXAS - PESSOAL CIVIL;1.500.000.0000;RECURSOS NÃO VINCULADOS DE IMPOSTOS;1.662.560,90
PREFEITURA MUNICIPAL DE BARBACENA;19.001;SEFAZ;2.109;PESSOAL E ENCARGOS SOCIAIS DA SEFAZ;11;APOIO A ADMINISTRAÇAO PUBLICA;4;Administração;123;Administração Financeira;221;3.1.90.11.00.00.00.00;VENCIMENTOS E VANTAGENS FIXAS - PESSOAL CIVIL;1.753.000.0000;RECURSOS PROVENIENTES DE TAXAS, CONTRIBUIÇÕES E PREÇOS PÚBLICOS;2.441.269,13
PREFEITURA MUNICIPAL DE BARBACENA;19.001;SEFAZ;2.109;PESSOAL E ENCARGOS SOCIAIS DA SEFAZ;11;APOIO A ADMINISTRAÇAO PUBLICA;4;Administração;123;Administração Financeira;222;3.1.90.13.00.00.00.00;OBRIGAÇÕES PATRONAIS;1.500.000.0000;RECURSOS NÃO VINCULADOS DE IMPOSTOS;12.703,10
PREFEITURA MUNICIPAL DE BARBACENA;19.001;SEFAZ;2.109;PESSOAL E ENCARGOS SOCIAIS DA SEFAZ;11;APOIO A ADMINISTRAÇAO PUBLICA;4;Administração;123;Administração Financeira;222;3.1.90.13.00.00.00.00;OBRIGAÇÕES PATRONAIS;1.753.000.0000;RECURSOS PROVENIENTES DE TAXAS, CONTRIBUIÇÕES E PREÇOS PÚBLICOS;43.654,77
PREFEITURA MUNICIPAL DE BARBACENA;19.001;SEFAZ;2.109;PESSOAL E ENCARGOS SOCIAIS DA SEFAZ;11;APOIO A ADMINISTRAÇAO PUBLICA;4;Administração;123;Administração Financeira;223;3.1.90.16.00.00.00.00;OUTRAS DESPESAS VARIÁVEIS - PESSOAL CIVIL;1.500.000.0000;RECURSOS NÃO VINCULADOS DE IMPOSTOS;500,00
PREFEITURA MUNICIPAL DE BARBACENA;19.001;SEFAZ;2.109;PESSOAL E ENCARGOS SOCIAIS DA SEFAZ;11;APOIO A ADMINISTRAÇAO PUBLICA;4;Administração;123;Administração Financeira;224;3.1.90.91.00.00.00.00;SENTENÇAS JUDICIAIS;1.500.000.0000;RECURSOS NÃO VINCULADOS DE IMPOSTOS;1.000,00
PREFEITURA MUNICIPAL DE BARBACENA;19.001;SEFAZ;2.109;PESSOAL E ENCARGOS SOCIAIS DA SEFAZ;11;APOIO A ADMINISTRAÇAO PUBLICA;4;Administração;123;Administração Financeira;224;3.1.90.91.00.00.00.00;SENTENÇAS JUDICIAIS;1.753.000.0000;RECURSOS PROVENIENTES DE TAXAS, CONTRIBUIÇÕES E PREÇOS PÚBLICOS;5.250,00
PREFEITURA MUNICIPAL DE BARBACENA;19.001;SEFAZ;2.109;PESSOAL E ENCARGOS SOCIAIS DA SEFAZ;11;APOIO A ADMINISTRAÇAO PUBLICA;4;Administração;123;Administração Financeira;225;3.1.90.92.00.00.00.00;DESPESAS DE EXERCÍCIOS ANTERIORES;1.500.000.0000;RECURSOS NÃO VINCULADOS DE IMPOSTOS;1.000,00
PREFEITURA MUNICIPAL DE BARBACENA;19.001;SEFAZ;2.109;PESSOAL E ENCARGOS SOCIAIS DA SEFAZ;11;APOIO A ADMINISTRAÇAO PUBLICA;4;Administração;123;Administração Financeira;225;3.1.90.92.00.00.00.00;DESPESAS DE EXERCÍCIOS ANTERIORES;1.753.000.0000;RECURSOS PROVENIENTES DE TAXAS, CONTRIBUIÇÕES E PREÇOS PÚBLICOS;1.000,00
PREFEITURA MUNICIPAL DE BARBACENA;19.001;SEFAZ;2.109;PESSOAL E ENCARGOS SOCIAIS DA SEFAZ;11;APOIO A ADMINISTRAÇAO PUBLICA;4;Administração;123;Administração Financeira;226;3.1.90.94.00.00.00.00;INDENIZAÇÕES E RESTITUIÇÕES TRABALHISTAS;1.500.000.0000;RECURSOS NÃO VINCULADOS DE IMPOSTOS;500,00
PREFEITURA MUNICIPAL DE BARBACENA;19.001;SEFAZ;2.109;PESSOAL E ENCARGOS SOCIAIS DA SEFAZ;11;APOIO A ADMINISTRAÇAO PUBLICA;4;Administração;123;Administração Financeira;227;3.1.91.13.00.00.00.00;OBRIGAÇÕES PATRONAIS;1.500.000.0000;RECURSOS NÃO VINCULADOS DE IMPOSTOS;507.681,52
PREFEITURA MUNICIPAL DE BARBACENA;19.001;SEFAZ;2.109;PESSOAL E ENCARGOS SOCIAIS DA SEFAZ;11;APOIO A ADMINISTRAÇAO PUBLICA;4;Administração;123;Administração Financeira;227;3.1.91.13.00.00.00.00;OBRIGAÇÕES PATRONAIS;1.753.000.0000;RECURSOS PROVENIENTES DE TAXAS, CONTRIBUIÇÕES E PREÇOS PÚBLICOS;413.039,87
PREFEITURA MUNICIPAL DE BARBACENA;19.001;SEFAZ;2.109;PESSOAL E ENCARGOS SOCIAIS DA SEFAZ;11;APOIO A ADMINISTRAÇAO PUBLICA;4;Administração;123;Administração Financeira;228;3.1.91.92.00.00.00.00;DESPESAS DE EXERCÍCIOS ANTERIORES;1.500.000.0000;RECURSOS NÃO VINCULADOS DE IMPOSTOS;500,00
PREFEITURA MUNICIPAL DE BARBACENA;19.001;SEFAZ;2.109;PESSOAL E ENCARGOS SOCIAIS DA SEFAZ;11;APOIO A ADMINISTRAÇAO PUBLICA;4;Administração;123;Administração Financeira;229;3.3.90.08.00.00.00.00;OUTROS BENEFÍCIOS ASSISTENCIAIS-SERVIDOR/MILITAR;1.500.000.0000;RECURSOS NÃO VINCULADOS DE IMPOSTOS;1.000,00
PREFEITURA MUNICIPAL DE BARBACENA;19.001;SEFAZ;2.109;PESSOAL E ENCARGOS SOCIAIS DA SEFAZ;11;APOIO A ADMINISTRAÇAO PUBLICA;4;Administração;123;Administração Financeira;229;3.3.90.08.00.00.00.00;OUTROS BENEFÍCIOS ASSISTENCIAIS-SERVIDOR/MILITAR;1.753.000.0000;RECURSOS PROVENIENTES DE TAXAS, CONTRIBUIÇÕES E PREÇOS PÚBLICOS;1.000,00
PREFEITURA MUNICIPAL DE BARBACENA;19.001;SEFAZ;2.109;PESSOAL E ENCARGOS SOCIAIS DA SEFAZ;11;APOIO A ADMINISTRAÇAO PUBLICA;4;Administração;123;Administração Financeira;230;3.3.90.18.00.00.00.00;AUXÍLIO FINANCEIRO A ESTUDANTES;1.500.000.0000;RECURSOS NÃO VINCULADOS DE IMPOSTOS;1.000,00
PREFEITURA MUNICIPAL DE BARBACENA;19.001;SEFAZ;2.109;PESSOAL E ENCARGOS SOCIAIS DA SEFAZ;11;APOIO A ADMINISTRAÇAO PUBLICA;4;Administração;123;Administração Financeira;230;3.3.90.18.00.00.00.00;AUXÍLIO FINANCEIRO A ESTUDANTES;1.753.000.0000;RECURSOS PROVENIENTES DE TAXAS, CONTRIBUIÇÕES E PREÇOS PÚBLICOS;2.000,00
PREFEITURA MUNICIPAL DE BARBACENA;19.001;SEFAZ;2.109;PESSOAL E ENCARGOS SOCIAIS DA SEFAZ;11;APOIO A ADMINISTRAÇAO PUBLICA;4;Administração;123;Administração Financeira;231;3.3.90.46.00.00.00.00;AUXÍLIO-ALIMENTAÇÃO;1.500.000.0000;RECURSOS NÃO VINCULADOS DE IMPOSTOS;55.200,00
PREFEITURA MUNICIPAL DE BARBACENA;19.001;SEFAZ;2.109;PESSOAL E ENCARGOS SOCIAIS DA SEFAZ;11;APOIO A ADMINISTRAÇAO PUBLICA;4;Administração;123;Administração Financeira;231;3.3.90.46.00.00.00.00;AUXÍLIO-ALIMENTAÇÃO;1.753.000.0000;RECURSOS PROVENIENTES DE TAXAS, CONTRIBUIÇÕES E PREÇOS PÚBLICOS;170.100,00
PREFEITURA MUNICIPAL DE BARBACENA;19.001;SEFAZ;2.329;MANUTENÇÃO DO PROGRAMA DE FORMAÇÃO DO PATRIMÔNIO DO SERV. PÚBLICO (PASEP);11;APOIO A ADMINISTRAÇAO PUBLICA;4;Administração;123;Administração Financeira;232;3.3.90.47.00.00.00.00;OBRIGAÇÕES TRIBUTÁRIAS E CONTRIBUTIVAS;1.500.000.0000;RECURSOS NÃO VINCULADOS DE IMPOSTOS;6.850.000,00
PREFEITURA MUNICIPAL DE BARBACENA;19.001;SEFAZ;2.590;IMPLANTACAO E MANUTENCAO DO PLANO COMPLEMENTAR DO RPPS;11;APOIO A ADMINISTRAÇAO PUBLICA;4;Administração;123;Administração Financeira;233;3.1.96.13.00.00.00.00;OBRIGAÇÕES PATRONAIS;1.500.000.0000;RECURSOS NÃO VINCULADOS DE IMPOSTOS;1.000,00
PREFEITURA MUNICIPAL DE BARBACENA;19.001;SEFAZ;2.106;MELHORIA DO PROGRAMA NOTA FISCAL PREMIADA;23;MELHORIA DA RECEITA MUNICIPAL;4;Administração;123;Administração Financeira;234;3.3.90.30.00.00.00.00;MATERIAL DE CONSUMO;1.500.000.0000;RECURSOS NÃO VINCULADOS DE IMPOSTOS;0,00
PREFEITURA MUNICIPAL DE BARBACENA;19.001;SEFAZ;2.106;MELHORIA DO PROGRAMA NOTA FISCAL PREMIADA;23;MELHORIA DA RECEITA MUNICIPAL;4;Administração;123;Administração Financeira;235;3.3.90.31.00.00.00.00;PREMIAÇÕES CULTURAIS, ARTÍSTICAS, CIENT., DESPORT;1.500.000.0000;RECURSOS NÃO VINCULADOS DE IMPOSTOS;19.000,00
PREFEITURA MUNICIPAL DE BARBACENA;19.001;SEFAZ;2.106;MELHORIA DO PROGRAMA NOTA FISCAL PREMIADA;23;MELHORIA DA RECEITA MUNICIPAL;4;Administração;123;Administração Financeira;236;3.3.90.36.00.00.00.00;OUTROS SERVIÇOS DE TERCEIROS - PESSOA FÍSICA;1.500.000.0000;RECURSOS NÃO VINCULADOS DE IMPOSTOS;0,00
PREFEITURA MUNICIPAL DE BARBACENA;19.001;SEFAZ;2.106;MELHORIA DO PROGRAMA NOTA FISCAL PREMIADA;23;MELHORIA DA RECEITA MUNICIPAL;4;Administração;123;Administração Financeira;237;3.3.90.39.00.00.00.00;OUTROS SERVIÇOS DE TERCEIROS - PESSOA JURÍDICA;1.500.000.0000;RECURSOS NÃO VINCULADOS DE IMPOSTOS;0,00
PREFEITURA MUNICIPAL DE BARBACENA;19.001;SEFAZ;2.107;MELHORIA DA ARRECADAÇAO MUNICIPAL;23;MELHORIA DA RECEITA MUNICIPAL;4;Administração;123;Administração Financeira;238;3.3.90.30.00.00.00.00;MATERIAL DE CONSUMO;1.500.000.0000;RECURSOS NÃO VINCULADOS DE IMPOSTOS;0,00
PREFEITURA MUNICIPAL DE BARBACENA;19.001;SEFAZ;2.107;MELHORIA DA ARRECADAÇAO MUNICIPAL;23;MELHORIA DA RECEITA MUNICIPAL;4;Administração;123;Administração Financeira;239;3.3.90.39.00.00.00.00;OUTROS SERVIÇOS DE TERCEIROS - PESSOA JURÍDICA;1.500.000.0000;RECURSOS NÃO VINCULADOS DE IMPOSTOS;8.544,72
PREFEITURA MUNICIPAL DE BARBACENA;19.001;SEFAZ;2.107;MELHORIA DA ARRECADAÇAO MUNICIPAL;23;MELHORIA DA RECEITA MUNICIPAL;4;Administração;123;Administração Financeira;240;3.3.90.40.00.00.00.00;SERVIÇOS DE TECNOLOGIA DA INFORMAÇÃO E COMUNICAÇ;1.500.000.0000;RECURSOS NÃO VINCULADOS DE IMPOSTOS;211.200,00
PREFEITURA MUNICIPAL DE BARBACENA;19.001;SEFAZ;2.107;MELHORIA DA ARRECADAÇAO MUNICIPAL;23;MELHORIA DA RECEITA MUNICIPAL;4;Administração;123;Administração Financeira;241;3.3.90.92.00.00.00.00;DESPESAS DE EXERCÍCIOS ANTERIORES;1.500.000.0000;RECURSOS NÃO VINCULADOS DE IMPOSTOS;0,00
PREFEITURA MUNICIPAL DE BARBACENA;19.001;SEFAZ;2.330;IMPLANTAÇÃO E MANUTENÇÃO DO REFIS INTELIGENTE;24;BARBACENA EM DIA;4;Administração;123;Administração Financeira;242;3.3.90.30.00.00.00.00;MATERIAL DE CONSUMO;1.500.000.0000;RECURSOS NÃO VINCULADOS DE IMPOSTOS;0,00
PREFEITURA MUNICIPAL DE BARBACENA;19.001;SEFAZ;2.330;IMPLANTAÇÃO E MANUTENÇÃO DO REFIS INTELIGENTE;24;BARBACENA EM DIA;4;Administração;123;Administração Financeira;243;3.3.90.39.00.00.00.00;OUTROS SERVIÇOS DE TERCEIROS - PESSOA JURÍDICA;1.500.000.0000;RECURSOS NÃO VINCULADOS DE IMPOSTOS;0,00
PREFEITURA MUNICIPAL DE BARBACENA;19.001;SEFAZ;2.331;IMPLANTAÇÃO DO DOMICILIO TRIBUTARIO ELETRONICO;24;BARBACENA EM DIA;4;Administração;123;Administração Financeira;244;3.3.90.30.00.00.00.00;MATERIAL DE CONSUMO;1.500.000.0000;RECURSOS NÃO VINCULADOS DE IMPOSTOS;0,00
PREFEITURA MUNICIPAL DE BARBACENA;19.001;SEFAZ;2.331;IMPLANTAÇÃO DO DOMICILIO TRIBUTARIO ELETRONICO;24;BARBACENA EM DIA;4;Administração;123;Administração Financeira;245;3.3.90.39.00.00.00.00;OUTROS SERVIÇOS DE TERCEIROS - PESSOA JURÍDICA;1.500.000.0000;RECURSOS NÃO VINCULADOS DE IMPOSTOS;0,00
PREFEITURA MUNICIPAL DE BARBACENA;23.001;AGM;2.131;MANUTENÇAO DA AGM;11;APOIO A ADMINISTRAÇAO PUBLICA;3;Essencial à Justiça;122;Administração Geral;259;3.1.90.91.00.00.00.00;SENTENÇAS JUDICIAIS;1.500.000.0000;RECURSOS NÃO VINCULADOS DE IMPOSTOS;400.000,00
PREFEITURA MUNICIPAL DE BARBACENA;23.001;AGM;2.131;MANUTENÇAO DA AGM;11;APOIO A ADMINISTRAÇAO PUBLICA;3;Essencial à Justiça;122;Administração Geral;260;3.3.90.14.00.00.00.00;DIÁRIAS - PESSOAL CIVIL;1.500.000.0000;RECURSOS NÃO VINCULADOS DE IMPOSTOS;10.000,00
PREFEITURA MUNICIPAL DE BARBACENA;23.001;AGM;2.131;MANUTENÇAO DA AGM;11;APOIO A ADMINISTRAÇAO PUBLICA;3;Essencial à Justiça;122;Administração Geral;261;3.3.90.30.00.00.00.00;MATERIAL DE CONSUMO;1.500.000.0000;RECURSOS NÃO VINCULADOS DE IMPOSTOS;1.000,00
PREFEITURA MUNICIPAL DE BARBACENA;23.001;AGM;2.131;MANUTENÇAO DA AGM;11;APOIO A ADMINISTRAÇAO PUBLICA;3;Essencial à Justiça;122;Administração Geral;262;3.3.90.33.00.00.00.00;PASSAGENS E DESPESAS COM LOCOMOÇÃO;1.500.000.0000;RECURSOS NÃO VINCULADOS DE IMPOSTOS;1.000,00
PREFEITURA MUNICIPAL DE BARBACENA;23.001;AGM;2.131;MANUTENÇAO DA AGM;11;APOIO A ADMINISTRAÇAO PUBLICA;3;Essencial à Justiça;122;Administração Geral;263;3.3.90.35.00.00.00.00;SERVIÇOS DE CONSULTORIA;1.500.000.0000;RECURSOS NÃO VINCULADOS DE IMPOSTOS;500,00
PREFEITURA MUNICIPAL DE BARBACENA;23.001;AGM;2.131;MANUTENÇAO DA AGM;11;APOIO A ADMINISTRAÇAO PUBLICA;3;Essencial à Justiça;122;Administração Geral;264;3.3.90.36.00.00.00.00;OUTROS SERVIÇOS DE TERCEIROS - PESSOA FÍSICA;1.500.000.0000;RECURSOS NÃO VINCULADOS DE IMPOSTOS;3.000,00
PREFEITURA MUNICIPAL DE BARBACENA;23.001;AGM;2.131;MANUTENÇAO DA AGM;11;APOIO A ADMINISTRAÇAO PUBLICA;3;Essencial à Justiça;122;Administração Geral;264;3.3.90.36.00.00.00.00;OUTROS SERVIÇOS DE TERCEIROS - PESSOA FÍSICA;1.501.000.0000;OUTROS RECURSOS NÃO VINCULADOS;1.000,00
PREFEITURA MUNICIPAL DE BARBACENA;23.001;AGM;2.131;MANUTENÇAO DA AGM;11;APOIO A ADMINISTRAÇAO PUBLICA;3;Essencial à Justiça;122;Administração Geral;265;3.3.90.39.00.00.00.00;OUTROS SERVIÇOS DE TERCEIROS - PESSOA JURÍDICA;1.500.000.0000;RECURSOS NÃO VINCULADOS DE IMPOSTOS;375.509,13
PREFEITURA MUNICIPAL DE BARBACENA;23.001;AGM;2.131;MANUTENÇAO DA AGM;11;APOIO A ADMINISTRAÇAO PUBLICA;3;Essencial à Justiça;122;Administração Geral;266;3.3.90.40.00.00.00.00;SERVIÇOS DE TECNOLOGIA DA INFORMAÇÃO E COMUNICAÇ;1.500.000.0000;RECURSOS NÃO VINCULADOS DE IMPOSTOS;1.000,00
PREFEITURA MUNICIPAL DE BARBACENA;23.001;AGM;2.131;MANUTENÇAO DA AGM;11;APOIO A ADMINISTRAÇAO PUBLICA;3;Essencial à Justiça;122;Administração Geral;267;3.3.90.47.00.00.00.00;OBRIGAÇÕES TRIBUTÁRIAS E CONTRIBUTIVAS;1.500.000.0000;RECURSOS NÃO VINCULADOS DE IMPOSTOS;500,00
PREFEITURA MUNICIPAL DE BARBACENA;23.001;AGM;2.131;MANUTENÇAO DA AGM;11;APOIO A ADMINISTRAÇAO PUBLICA;3;Essencial à Justiça;122;Administração Geral;268;3.3.90.49.00.00.00.00;AUXÍLIO-TRANSPORTE;1.500.000.0000;RECURSOS NÃO VINCULADOS DE IMPOSTOS;500,00
PREFEITURA MUNICIPAL DE BARBACENA;23.001;AGM;2.131;MANUTENÇAO DA AGM;11;APOIO A ADMINISTRAÇAO PUBLICA;3;Essencial à Justiça;122;Administração Geral;269;3.3.90.91.00.00.00.00;SENTENÇAS JUDICIAIS;1.500.000.0000;RECURSOS NÃO VINCULADOS DE IMPOSTOS;122.094,57
PREFEITURA MUNICIPAL DE BARBACENA;23.001;AGM;2.131;MANUTENÇAO DA AGM;11;APOIO A ADMINISTRAÇAO PUBLICA;3;Essencial à Justiça;122;Administração Geral;270;3.3.90.92.00.00.00.00;DESPESAS DE EXERCÍCIOS ANTERIORES;1.500.000.0000;RECURSOS NÃO VINCULADOS DE IMPOSTOS;1.000,00
PREFEITURA MUNICIPAL DE BARBACENA;23.001;AGM;2.131;MANUTENÇAO DA AGM;11;APOIO A ADMINISTRAÇAO PUBLICA;3;Essencial à Justiça;122;Administração Geral;271;3.3.90.93.00.00.00.00;INDENIZAÇÕES E RESTITUIÇÕES;1.500.000.0000;RECURSOS NÃO VINCULADOS DE IMPOSTOS;5.000,00
PREFEITURA MUNICIPAL DE BARBACENA;23.001;AGM;2.131;MANUTENÇAO DA AGM;11;APOIO A ADMINISTRAÇAO PUBLICA;3;Essencial à Justiça;122;Administração Geral;272;4.4.90.52.00.00.00.00;EQUIPAMENTOS E MATERIAL PERMANENTE;1.500.000.0000;RECURSOS NÃO VINCULADOS DE IMPOSTOS;8.500,00
PREFEITURA MUNICIPAL DE BARBACENA;23.001;AGM;2.132;PESSOAL E ENCARGOS SOCIAIS DA AGM;11;APOIO A ADMINISTRAÇAO PUBLICA;3;Essencial à Justiça;122;Administração Geral;273;3.1.90.04.00.00.00.00;CONTRATAÇÃO POR TEMPO DETERMINADO;1.500.000.0000;RECURSOS NÃO VINCULADOS DE IMPOSTOS;182.178,03
PREFEITURA MUNICIPAL DE BARBACENA;23.001;AGM;2.132;PESSOAL E ENCARGOS SOCIAIS DA AGM;11;APOIO A ADMINISTRAÇAO PUBLICA;3;Essencial à Justiça;122;Administração Geral;274;3.1.90.11.00.00.00.00;VENCIMENTOS E VANTAGENS FIXAS - PESSOAL CIVIL;1.500.000.0000;RECURSOS NÃO VINCULADOS DE IMPOSTOS;3.155.716,58
PREFEITURA MUNICIPAL DE BARBACENA;23.001;AGM;2.132;PESSOAL E ENCARGOS SOCIAIS DA AGM;11;APOIO A ADMINISTRAÇAO PUBLICA;3;Essencial à Justiça;122;Administração Geral;275;3.1.90.13.00.00.00.00;OBRIGAÇÕES PATRONAIS;1.500.000.0000;RECURSOS NÃO VINCULADOS DE IMPOSTOS;93.718,28
PREFEITURA MUNICIPAL DE BARBACENA;23.001;AGM;2.132;PESSOAL E ENCARGOS SOCIAIS DA AGM;11;APOIO A ADMINISTRAÇAO PUBLICA;3;Essencial à Justiça;122;Administração Geral;276;3.1.90.16.00.00.00.00;OUTRAS DESPESAS VARIÁVEIS - PESSOAL CIVIL;1.501.000.0000;OUTROS RECURSOS NÃO VINCULADOS;311.149,94
PREFEITURA MUNICIPAL DE BARBACENA;23.001;AGM;2.132;PESSOAL E ENCARGOS SOCIAIS DA AGM;11;APOIO A ADMINISTRAÇAO PUBLICA;3;Essencial à Justiça;122;Administração Geral;277;3.1.90.92.00.00.00.00;DESPESAS DE EXERCÍCIOS ANTERIORES;1.500.000.0000;RECURSOS NÃO VINCULADOS DE IMPOSTOS;1.000,00
PREFEITURA MUNICIPAL DE BARBACENA;23.001;AGM;2.132;PESSOAL E ENCARGOS SOCIAIS DA AGM;11;APOIO A ADMINISTRAÇAO PUBLICA;3;Essencial à Justiça;122;Administração Geral;278;3.1.90.94.00.00.00.00;INDENIZAÇÕES E RESTITUIÇÕES TRABALHISTAS;1.500.000.0000;RECURSOS NÃO VINCULADOS DE IMPOSTOS;500,00
PREFEITURA MUNICIPAL DE BARBACENA;23.001;AGM;2.132;PESSOAL E ENCARGOS SOCIAIS DA AGM;11;APOIO A ADMINISTRAÇAO PUBLICA;3;Essencial à Justiça;122;Administração Geral;279;3.1.91.13.00.00.00.00;OBRIGAÇÕES PATRONAIS;1.500.000.0000;RECURSOS NÃO VINCULADOS DE IMPOSTOS;638.346,15
PREFEITURA MUNICIPAL DE BARBACENA;23.001;AGM;2.132;PESSOAL E ENCARGOS SOCIAIS DA AGM;11;APOIO A ADMINISTRAÇAO PUBLICA;3;Essencial à Justiça;122;Administração Geral;280;3.1.91.92.00.00.00.00;DESPESAS DE EXERCÍCIOS ANTERIORES;1.500.000.0000;RECURSOS NÃO VINCULADOS DE IMPOSTOS;500,00
PREFEITURA MUNICIPAL DE BARBACENA;23.001;AGM;2.132;PESSOAL E ENCARGOS SOCIAIS DA AGM;11;APOIO A ADMINISTRAÇAO PUBLICA;3;Essencial à Justiça;122;Administração Geral;281;3.3.90.08.00.00.00.00;OUTROS BENEFÍCIOS ASSISTENCIAIS-SERVIDOR/MILITAR;1.500.000.0000;RECURSOS NÃO VINCULADOS DE IMPOSTOS;10.845,22
PREFEITURA MUNICIPAL DE BARBACENA;23.001;AGM;2.132;PESSOAL E ENCARGOS SOCIAIS DA AGM;11;APOIO A ADMINISTRAÇAO PUBLICA;3;Essencial à Justiça;122;Administração Geral;282;3.3.90.18.00.00.00.00;AUXÍLIO FINANCEIRO A ESTUDANTES;1.500.000.0000;RECURSOS NÃO VINCULADOS DE IMPOSTOS;2.000,00
PREFEITURA MUNICIPAL DE BARBACENA;23.001;AGM;2.132;PESSOAL E ENCARGOS SOCIAIS DA AGM;11;APOIO A ADMINISTRAÇAO PUBLICA;3;Essencial à Justiça;122;Administração Geral;283;3.3.90.46.00.00.00.00;AUXÍLIO-ALIMENTAÇÃO;1.500.000.0000;RECURSOS NÃO VINCULADOS DE IMPOSTOS;146.320,00
PREFEITURA MUNICIPAL DE BARBACENA;23.002;FUNDO MUN. PROTEÇÃO E DEFESA DO CONSUMIDOR - FMDC;2.191;MANUTENÇÃO DO PROCON;11;APOIO A ADMINISTRAÇAO PUBLICA;3;Essencial à Justiça;122;Administração Geral;284;3.1.90.04.00.00.00.00;CONTRATAÇÃO POR TEMPO DETERMINADO;1.500.000.0000;RECURSOS NÃO VINCULADOS DE IMPOSTOS;48.590,94
PREFEITURA MUNICIPAL DE BARBACENA;23.002;FUNDO MUN. PROTEÇÃO E DEFESA DO CONSUMIDOR - FMDC;2.191;MANUTENÇÃO DO PROCON;11;APOIO A ADMINISTRAÇAO PUBLICA;3;Essencial à Justiça;122;Administração Geral;285;3.1.90.11.00.00.00.00;VENCIMENTOS E VANTAGENS FIXAS - PESSOAL CIVIL;1.500.000.0000;RECURSOS NÃO VINCULADOS DE IMPOSTOS;214.504,36
PREFEITURA MUNICIPAL DE BARBACENA;23.002;FUNDO MUN. PROTEÇÃO E DEFESA DO CONSUMIDOR - FMDC;2.191;MANUTENÇÃO DO PROCON;11;APOIO A ADMINISTRAÇAO PUBLICA;3;Essencial à Justiça;122;Administração Geral;286;3.1.90.13.00.00.00.00;OBRIGAÇÕES PATRONAIS;1.500.000.0000;RECURSOS NÃO VINCULADOS DE IMPOSTOS;1.000,00
PREFEITURA MUNICIPAL DE BARBACENA;23.002;FUNDO MUN. PROTEÇÃO E DEFESA DO CONSUMIDOR - FMDC;2.191;MANUTENÇÃO DO PROCON;11;APOIO A ADMINISTRAÇAO PUBLICA;3;Essencial à Justiça;122;Administração Geral;287;3.1.91.13.00.00.00.00;OBRIGAÇÕES PATRONAIS;1.500.000.0000;RECURSOS NÃO VINCULADOS DE IMPOSTOS;49.712,47
PREFEITURA MUNICIPAL DE BARBACENA;23.002;FUNDO MUN. PROTEÇÃO E DEFESA DO CONSUMIDOR - FMDC;2.191;MANUTENÇÃO DO PROCON;11;APOIO A ADMINISTRAÇAO PUBLICA;3;Essencial à Justiça;122;Administração Geral;288;3.3.90.18.00.00.00.00;AUXÍLIO FINANCEIRO A ESTUDANTES;1.500.000.0000;RECURSOS NÃO VINCULADOS DE IMPOSTOS;1.000,00
PREFEITURA MUNICIPAL DE BARBACENA;23.002;FUNDO MUN. PROTEÇÃO E DEFESA DO CONSUMIDOR - FMDC;2.191;MANUTENÇÃO DO PROCON;11;APOIO A ADMINISTRAÇAO PUBLICA;3;Essencial à Justiça;122;Administração Geral;289;3.3.90.30.00.00.00.00;MATERIAL DE CONSUMO;1.500.000.0000;RECURSOS NÃO VINCULADOS DE IMPOSTOS;500,00
PREFEITURA MUNICIPAL DE BARBACENA;23.002;FUNDO MUN. PROTEÇÃO E DEFESA DO CONSUMIDOR - FMDC;2.191;MANUTENÇÃO DO PROCON;11;APOIO A ADMINISTRAÇAO PUBLICA;3;Essencial à Justiça;122;Administração Geral;290;3.3.90.36.00.00.00.00;OUTROS SERVIÇOS DE TERCEIROS - PESSOA FÍSICA;1.500.000.0000;RECURSOS NÃO VINCULADOS DE IMPOSTOS;500,00
PREFEITURA MUNICIPAL DE BARBACENA;23.002;FUNDO MUN. PROTEÇÃO E DEFESA DO CONSUMIDOR - FMDC;2.191;MANUTENÇÃO DO PROCON;11;APOIO A ADMINISTRAÇAO PUBLICA;3;Essencial à Justiça;122;Administração Geral;291;3.3.90.39.00.00.00.00;OUTROS SERVIÇOS DE TERCEIROS - PESSOA JURÍDICA;1.500.000.0000;RECURSOS NÃO VINCULADOS DE IMPOSTOS;1.500,00
PREFEITURA MUNICIPAL DE BARBACENA;23.002;FUNDO MUN. PROTEÇÃO E DEFESA DO CONSUMIDOR - FMDC;2.191;MANUTENÇÃO DO PROCON;11;APOIO A ADMINISTRAÇAO PUBLICA;3;Essencial à Justiça;122;Administração Geral;292;3.3.90.46.00.00.00.00;AUXÍLIO-ALIMENTAÇÃO;1.500.000.0000;RECURSOS NÃO VINCULADOS DE IMPOSTOS;22.680,00
PREFEITURA MUNICIPAL DE BARBACENA;23.002;FUNDO MUN. PROTEÇÃO E DEFESA DO CONSUMIDOR - FMDC;2.191;MANUTENÇÃO DO PROCON;11;APOIO A ADMINISTRAÇAO PUBLICA;3;Essencial à Justiça;122;Administração Geral;293;4.4.90.52.00.00.00.00;EQUIPAMENTOS E MATERIAL PERMANENTE;1.500.000.0000;RECURSOS NÃO VINCULADOS DE IMPOSTOS;1.000,00
PREFEITURA MUNICIPAL DE BARBACENA;25.001;SEMAS;2.309;MANUTENÇAO DE AÇÕES DA ASSISTÊNCIA SOCIAL;11;APOIO A ADMINISTRAÇAO PUBLICA;8;Assistência Social;122;Administração Geral;294;3.3.90.14.00.00.00.00;DIÁRIAS - PESSOAL CIVIL;1.500.000.0000;RECURSOS NÃO VINCULADOS DE IMPOSTOS;7.975,76
PREFEITURA MUNICIPAL DE BARBACENA;25.001;SEMAS;2.309;MANUTENÇAO DE AÇÕES DA ASSISTÊNCIA SOCIAL;11;APOIO A ADMINISTRAÇAO PUBLICA;8;Assistência Social;122;Administração Geral;294;3.3.90.14.00.00.00.00;DIÁRIAS - PESSOAL CIVIL;1.501.000.0000;OUTROS RECURSOS NÃO VINCULADOS;25.000,00
PREFEITURA MUNICIPAL DE BARBACENA;25.001;SEMAS;2.309;MANUTENÇAO DE AÇÕES DA ASSISTÊNCIA SOCIAL;11;APOIO A ADMINISTRAÇAO PUBLICA;8;Assistência Social;122;Administração Geral;295;3.3.90.30.00.00.00.00;MATERIAL DE CONSUMO;1.500.000.0000;RECURSOS NÃO VINCULADOS DE IMPOSTOS;21.090,20
PREFEITURA MUNICIPAL DE BARBACENA;25.001;SEMAS;2.309;MANUTENÇAO DE AÇÕES DA ASSISTÊNCIA SOCIAL;11;APOIO A ADMINISTRAÇAO PUBLICA;8;Assistência Social;122;Administração Geral;295;3.3.90.30.00.00.00.00;MATERIAL DE CONSUMO;1.501.000.0000;OUTROS RECURSOS NÃO VINCULADOS;25.000,00
PREFEITURA MUNICIPAL DE BARBACENA;25.001;SEMAS;2.309;MANUTENÇAO DE AÇÕES DA ASSISTÊNCIA SOCIAL;11;APOIO A ADMINISTRAÇAO PUBLICA;8;Assistência Social;122;Administração Geral;295;3.3.90.30.00.00.00.00;MATERIAL DE CONSUMO;1.660.000.0000;TRANSFERÊNCIA DE RECURSOS DO FUNDO NACIONAL DE ASSISTÊNCIA SOCIAL - FNAS;1.000,00
PREFEITURA MUNICIPAL DE BARBACENA;25.001;SEMAS;2.309;MANUTENÇAO DE AÇÕES DA ASSISTÊNCIA SOCIAL;11;APOIO A ADMINISTRAÇAO PUBLICA;8;Assistência Social;122;Administração Geral;295;3.3.90.30.00.00.00.00;MATERIAL DE CONSUMO;1.661.000.0000;TRANSFERÊNCIA DE RECURSOS DOS FUNDOS ESTADUAIS DE ASSISTÊNCIA SOCIAL;8.000,01
PREFEITURA MUNICIPAL DE BARBACENA;25.001;SEMAS;2.309;MANUTENÇAO DE AÇÕES DA ASSISTÊNCIA SOCIAL;11;APOIO A ADMINISTRAÇAO PUBLICA;8;Assistência Social;122;Administração Geral;296;3.3.90.33.00.00.00.00;PASSAGENS E DESPESAS COM LOCOMOÇÃO;1.500.000.0000;RECURSOS NÃO VINCULADOS DE IMPOSTOS;18.500,00
PREFEITURA MUNICIPAL DE BARBACENA;25.001;SEMAS;2.309;MANUTENÇAO DE AÇÕES DA ASSISTÊNCIA SOCIAL;11;APOIO A ADMINISTRAÇAO PUBLICA;8;Assistência Social;122;Administração Geral;297;3.3.90.35.00.00.00.00;SERVIÇOS DE CONSULTORIA;1.500.000.0000;RECURSOS NÃO VINCULADOS DE IMPOSTOS;500,00
PREFEITURA MUNICIPAL DE BARBACENA;25.001;SEMAS;2.309;MANUTENÇAO DE AÇÕES DA ASSISTÊNCIA SOCIAL;11;APOIO A ADMINISTRAÇAO PUBLICA;8;Assistência Social;122;Administração Geral;298;3.3.90.36.00.00.00.00;OUTROS SERVIÇOS DE TERCEIROS - PESSOA FÍSICA;1.500.000.0000;RECURSOS NÃO VINCULADOS DE IMPOSTOS;1.000,00
PREFEITURA MUNICIPAL DE BARBACENA;25.001;SEMAS;2.309;MANUTENÇAO DE AÇÕES DA ASSISTÊNCIA SOCIAL;11;APOIO A ADMINISTRAÇAO PUBLICA;8;Assistência Social;122;Administração Geral;299;3.3.90.39.00.00.00.00;OUTROS SERVIÇOS DE TERCEIROS - PESSOA JURÍDICA;1.500.000.0000;RECURSOS NÃO VINCULADOS DE IMPOSTOS;83.190,56
PREFEITURA MUNICIPAL DE BARBACENA;25.001;SEMAS;2.309;MANUTENÇAO DE AÇÕES DA ASSISTÊNCIA SOCIAL;11;APOIO A ADMINISTRAÇAO PUBLICA;8;Assistência Social;122;Administração Geral;299;3.3.90.39.00.00.00.00;OUTROS SERVIÇOS DE TERCEIROS - PESSOA JURÍDICA;1.660.000.0000;TRANSFERÊNCIA DE RECURSOS DO FUNDO NACIONAL DE ASSISTÊNCIA SOCIAL - FNAS;91.171,83
PREFEITURA MUNICIPAL DE BARBACENA;25.001;SEMAS;2.309;MANUTENÇAO DE AÇÕES DA ASSISTÊNCIA SOCIAL;11;APOIO A ADMINISTRAÇAO PUBLICA;8;Assistência Social;122;Administração Geral;300;3.3.90.40.00.00.00.00;SERVIÇOS DE TECNOLOGIA DA INFORMAÇÃO E COMUNICAÇ;1.500.000.0000;RECURSOS NÃO VINCULADOS DE IMPOSTOS;10.000,00
PREFEITURA MUNICIPAL DE BARBACENA;25.001;SEMAS;2.309;MANUTENÇAO DE AÇÕES DA ASSISTÊNCIA SOCIAL;11;APOIO A ADMINISTRAÇAO PUBLICA;8;Assistência Social;122;Administração Geral;301;3.3.90.47.00.00.00.00;OBRIGAÇÕES TRIBUTÁRIAS E CONTRIBUTIVAS;1.500.000.0000;RECURSOS NÃO VINCULADOS DE IMPOSTOS;1.000,00
PREFEITURA MUNICIPAL DE BARBACENA;25.001;SEMAS;2.309;MANUTENÇAO DE AÇÕES DA ASSISTÊNCIA SOCIAL;11;APOIO A ADMINISTRAÇAO PUBLICA;8;Assistência Social;122;Administração Geral;302;3.3.90.48.00.00.00.00;OUTROS AUXÍLIOS FINANCEIROS A PESSOAS FÍSICAS;1.500.000.0000;RECURSOS NÃO VINCULADOS DE IMPOSTOS;25.000,00
PREFEITURA MUNICIPAL DE BARBACENA;25.001;SEMAS;2.309;MANUTENÇAO DE AÇÕES DA ASSISTÊNCIA SOCIAL;11;APOIO A ADMINISTRAÇAO PUBLICA;8;Assistência Social;122;Administração Geral;303;3.3.90.92.00.00.00.00;DESPESAS DE EXERCÍCIOS ANTERIORES;1.500.000.0000;RECURSOS NÃO VINCULADOS DE IMPOSTOS;1.000,00
PREFEITURA MUNICIPAL DE BARBACENA;25.001;SEMAS;2.309;MANUTENÇAO DE AÇÕES DA ASSISTÊNCIA SOCIAL;11;APOIO A ADMINISTRAÇAO PUBLICA;8;Assistência Social;122;Administração Geral;303;3.3.90.92.00.00.00.00;DESPESAS DE EXERCÍCIOS ANTERIORES;1.660.000.0000;TRANSFERÊNCIA DE RECURSOS DO FUNDO NACIONAL DE ASSISTÊNCIA SOCIAL - FNAS;1.000,00
PREFEITURA MUNICIPAL DE BARBACENA;25.001;SEMAS;2.309;MANUTENÇAO DE AÇÕES DA ASSISTÊNCIA SOCIAL;11;APOIO A ADMINISTRAÇAO PUBLICA;8;Assistência Social;122;Administração Geral;304;3.3.90.93.00.00.00.00;INDENIZAÇÕES E RESTITUIÇÕES;1.500.000.0000;RECURSOS NÃO VINCULADOS DE IMPOSTOS;500,00
PREFEITURA MUNICIPAL DE BARBACENA;25.001;SEMAS;2.309;MANUTENÇAO DE AÇÕES DA ASSISTÊNCIA SOCIAL;11;APOIO A ADMINISTRAÇAO PUBLICA;8;Assistência Social;122;Administração Geral;305;4.4.90.52.00.00.00.00;EQUIPAMENTOS E MATERIAL PERMANENTE;1.500.000.0000;RECURSOS NÃO VINCULADOS DE IMPOSTOS;1.514,60
PREFEITURA MUNICIPAL DE BARBACENA;25.001;SEMAS;2.309;MANUTENÇAO DE AÇÕES DA ASSISTÊNCIA SOCIAL;11;APOIO A ADMINISTRAÇAO PUBLICA;8;Assistência Social;122;Administração Geral;305;4.4.90.52.00.00.00.00;EQUIPAMENTOS E MATERIAL PERMANENTE;1.501.000.0000;OUTROS RECURSOS NÃO VINCULADOS;15.000,00
PREFEITURA MUNICIPAL DE BARBACENA;25.001;SEMAS;2.309;MANUTENÇAO DE AÇÕES DA ASSISTÊNCIA SOCIAL;11;APOIO A ADMINISTRAÇAO PUBLICA;8;Assistência Social;122;Administração Geral;305;4.4.90.52.00.00.00.00;EQUIPAMENTOS E MATERIAL PERMANENTE;1.665.000.0000;TRANSFERÊNCIAS DE CONVÊNIOS E INSTRUMENTOS CONGÊNERES VINCULADOS À ASSISTÊNCIA SOCIAL;2.114,87
PREFEITURA MUNICIPAL DE BARBACENA;25.001;SEMAS;2.309;MANUTENÇAO DE AÇÕES DA ASSISTÊNCIA SOCIAL;11;APOIO A ADMINISTRAÇAO PUBLICA;8;Assistência Social;122;Administração Geral;306;4.4.90.61.00.00.00.00;AQUISIÇÃO DE IMÓVEIS;1.500.000.0000;RECURSOS NÃO VINCULADOS DE IMPOSTOS;1.000,00
PREFEITURA MUNICIPAL DE BARBACENA;25.001;SEMAS;2.309;MANUTENÇAO DE AÇÕES DA ASSISTÊNCIA SOCIAL;11;APOIO A ADMINISTRAÇAO PUBLICA;8;Assistência Social;122;Administração Geral;1213;3.3.67.83.00.00.00.00;DESPESAS DECORRENTES DE CONTRATO DE PARCERIA PÚB.;1.500.000.0000;RECURSOS NÃO VINCULADOS DE IMPOSTOS;60.064,20
PREFEITURA MUNICIPAL DE BARBACENA;25.001;SEMAS;2.322;PESSOAL E ENCARGOS SOCIAIS DA ASSISTÊNCIA SOCIAL;11;APOIO A ADMINISTRAÇAO PUBLICA;8;Assistência Social;122;Administração Geral;307;3.1.90.04.00.00.00.00;CONTRATAÇÃO POR TEMPO DETERMINADO;1.500.000.0000;RECURSOS NÃO VINCULADOS DE IMPOSTOS;879.097,59
PREFEITURA MUNICIPAL DE BARBACENA;25.001;SEMAS;2.322;PESSOAL E ENCARGOS SOCIAIS DA ASSISTÊNCIA SOCIAL;11;APOIO A ADMINISTRAÇAO PUBLICA;8;Assistência Social;122;Administração Geral;307;3.1.90.04.00.00.00.00;CONTRATAÇÃO POR TEMPO DETERMINADO;1.660.000.0000;TRANSFERÊNCIA DE RECURSOS DO FUNDO NACIONAL DE ASSISTÊNCIA SOCIAL - FNAS;5.000,00
PREFEITURA MUNICIPAL DE BARBACENA;25.001;SEMAS;2.322;PESSOAL E ENCARGOS SOCIAIS DA ASSISTÊNCIA SOCIAL;11;APOIO A ADMINISTRAÇAO PUBLICA;8;Assistência Social;122;Administração Geral;308;3.1.90.11.00.00.00.00;VENCIMENTOS E VANTAGENS FIXAS - PESSOAL CIVIL;1.500.000.0000;RECURSOS NÃO VINCULADOS DE IMPOSTOS;1.231.290,70
PREFEITURA MUNICIPAL DE BARBACENA;25.001;SEMAS;2.322;PESSOAL E ENCARGOS SOCIAIS DA ASSISTÊNCIA SOCIAL;11;APOIO A ADMINISTRAÇAO PUBLICA;8;Assistência Social;122;Administração Geral;308;3.1.90.11.00.00.00.00;VENCIMENTOS E VANTAGENS FIXAS - PESSOAL CIVIL;1.660.000.0000;TRANSFERÊNCIA DE RECURSOS DO FUNDO NACIONAL DE ASSISTÊNCIA SOCIAL - FNAS;6.000,00
PREFEITURA MUNICIPAL DE BARBACENA;25.001;SEMAS;2.322;PESSOAL E ENCARGOS SOCIAIS DA ASSISTÊNCIA SOCIAL;11;APOIO A ADMINISTRAÇAO PUBLICA;8;Assistência Social;122;Administração Geral;309;3.1.90.13.00.00.00.00;OBRIGAÇÕES PATRONAIS;1.500.000.0000;RECURSOS NÃO VINCULADOS DE IMPOSTOS;139.576,68
PREFEITURA MUNICIPAL DE BARBACENA;25.001;SEMAS;2.322;PESSOAL E ENCARGOS SOCIAIS DA ASSISTÊNCIA SOCIAL;11;APOIO A ADMINISTRAÇAO PUBLICA;8;Assistência Social;122;Administração Geral;310;3.1.90.16.00.00.00.00;OUTRAS DESPESAS VARIÁVEIS - PESSOAL CIVIL;1.500.000.0000;RECURSOS NÃO VINCULADOS DE IMPOSTOS;500,00
PREFEITURA MUNICIPAL DE BARBACENA;25.001;SEMAS;2.322;PESSOAL E ENCARGOS SOCIAIS DA ASSISTÊNCIA SOCIAL;11;APOIO A ADMINISTRAÇAO PUBLICA;8;Assistência Social;122;Administração Geral;311;3.1.90.92.00.00.00.00;DESPESAS DE EXERCÍCIOS ANTERIORES;1.500.000.0000;RECURSOS NÃO VINCULADOS DE IMPOSTOS;1.000,00
PREFEITURA MUNICIPAL DE BARBACENA;25.001;SEMAS;2.322;PESSOAL E ENCARGOS SOCIAIS DA ASSISTÊNCIA SOCIAL;11;APOIO A ADMINISTRAÇAO PUBLICA;8;Assistência Social;122;Administração Geral;312;3.1.90.94.00.00.00.00;INDENIZAÇÕES E RESTITUIÇÕES TRABALHISTAS;1.500.000.0000;RECURSOS NÃO VINCULADOS DE IMPOSTOS;500,00
PREFEITURA MUNICIPAL DE BARBACENA;25.001;SEMAS;2.322;PESSOAL E ENCARGOS SOCIAIS DA ASSISTÊNCIA SOCIAL;11;APOIO A ADMINISTRAÇAO PUBLICA;8;Assistência Social;122;Administração Geral;313;3.1.91.13.00.00.00.00;OBRIGAÇÕES PATRONAIS;1.500.000.0000;RECURSOS NÃO VINCULADOS DE IMPOSTOS;124.833,14
PREFEITURA MUNICIPAL DE BARBACENA;25.001;SEMAS;2.322;PESSOAL E ENCARGOS SOCIAIS DA ASSISTÊNCIA SOCIAL;11;APOIO A ADMINISTRAÇAO PUBLICA;8;Assistência Social;122;Administração Geral;313;3.1.91.13.00.00.00.00;OBRIGAÇÕES PATRONAIS;1.660.000.0000;TRANSFERÊNCIA DE RECURSOS DO FUNDO NACIONAL DE ASSISTÊNCIA SOCIAL - FNAS;1.000,00
PREFEITURA MUNICIPAL DE BARBACENA;25.001;SEMAS;2.322;PESSOAL E ENCARGOS SOCIAIS DA ASSISTÊNCIA SOCIAL;11;APOIO A ADMINISTRAÇAO PUBLICA;8;Assistência Social;122;Administração Geral;314;3.1.91.92.00.00.00.00;DESPESAS DE EXERCÍCIOS ANTERIORES;1.500.000.0000;RECURSOS NÃO VINCULADOS DE IMPOSTOS;500,00
PREFEITURA MUNICIPAL DE BARBACENA;25.001;SEMAS;2.322;PESSOAL E ENCARGOS SOCIAIS DA ASSISTÊNCIA SOCIAL;11;APOIO A ADMINISTRAÇAO PUBLICA;8;Assistência Social;122;Administração Geral;315;3.3.90.08.00.00.00.00;OUTROS BENEFÍCIOS ASSISTENCIAIS-SERVIDOR/MILITAR;1.500.000.0000;RECURSOS NÃO VINCULADOS DE IMPOSTOS;1.000,00
PREFEITURA MUNICIPAL DE BARBACENA;25.001;SEMAS;2.322;PESSOAL E ENCARGOS SOCIAIS DA ASSISTÊNCIA SOCIAL;11;APOIO A ADMINISTRAÇAO PUBLICA;8;Assistência Social;122;Administração Geral;315;3.3.90.08.00.00.00.00;OUTROS BENEFÍCIOS ASSISTENCIAIS-SERVIDOR/MILITAR;1.660.000.0000;TRANSFERÊNCIA DE RECURSOS DO FUNDO NACIONAL DE ASSISTÊNCIA SOCIAL - FNAS;1.000,00
PREFEITURA MUNICIPAL DE BARBACENA;25.001;SEMAS;2.322;PESSOAL E ENCARGOS SOCIAIS DA ASSISTÊNCIA SOCIAL;11;APOIO A ADMINISTRAÇAO PUBLICA;8;Assistência Social;122;Administração Geral;316;3.3.90.18.00.00.00.00;AUXÍLIO FINANCEIRO A ESTUDANTES;1.500.000.0000;RECURSOS NÃO VINCULADOS DE IMPOSTOS;1.393,01
PREFEITURA MUNICIPAL DE BARBACENA;25.001;SEMAS;2.322;PESSOAL E ENCARGOS SOCIAIS DA ASSISTÊNCIA SOCIAL;11;APOIO A ADMINISTRAÇAO PUBLICA;8;Assistência Social;122;Administração Geral;317;3.3.90.46.00.00.00.00;AUXÍLIO-ALIMENTAÇÃO;1.500.000.0000;RECURSOS NÃO VINCULADOS DE IMPOSTOS;331.140,00
PREFEITURA MUNICIPAL DE BARBACENA;25.001;SEMAS;2.230;APOIO A ASSOCIAÇÃO ÁGAPE;56;PROTEÇÃO SOCIAL BÁSICA;8;Assistência Social;244;Assistência Comunitária;320;3.3.50.41.00.00.00.00;CONTRIBUIÇÕES;1.501.000.0000;OUTROS RECURSOS NÃO VINCULADOS;0,00
PREFEITURA MUNICIPAL DE BARBACENA;25.001;SEMAS;2.230;APOIO A ASSOCIAÇÃO ÁGAPE;56;PROTEÇÃO SOCIAL BÁSICA;8;Assistência Social;244;Assistência Comunitária;320;3.3.50.41.00.00.00.00;CONTRIBUIÇÕES;1.501.505.0000;OUTROS RECURSOS NÃO VINCULADOS - EMENDAS FAUSTA TATA;5.000,00
PREFEITURA MUNICIPAL DE BARBACENA;25.001;SEMAS;2.230;APOIO A ASSOCIAÇÃO ÁGAPE;56;PROTEÇÃO SOCIAL BÁSICA;8;Assistência Social;244;Assistência Comunitária;320;3.3.50.41.00.00.00.00;CONTRIBUIÇÕES;1.501.515.0000;OUTROS RECURSOS NÃO VINCULADOS - EMENDAS PAULINHO DO GAS;5.000,00
PREFEITURA MUNICIPAL DE BARBACENA;25.001;SEMAS;2.230;APOIO A ASSOCIAÇÃO ÁGAPE;56;PROTEÇÃO SOCIAL BÁSICA;8;Assistência Social;244;Assistência Comunitária;320;3.3.50.41.00.00.00.00;CONTRIBUIÇÕES;1.753.000.0000;RECURSOS PROVENIENTES DE TAXAS, CONTRIBUIÇÕES E PREÇOS PÚBLICOS;0,00
PREFEITURA MUNICIPAL DE BARBACENA;25.001;SEMAS;2.230;APOIO A ASSOCIAÇÃO ÁGAPE;56;PROTEÇÃO SOCIAL BÁSICA;8;Assistência Social;244;Assistência Comunitária;320;3.3.50.41.00.00.00.00;CONTRIBUIÇÕES;1.753.508.0000;RECURSOS PROVENIENTES DE TAXAS, CONTRIBUIÇÕES E PREÇOS PÚBLICOS - EMENDAS GLAUBER MILAGRES;2.500,00
PREFEITURA MUNICIPAL DE BARBACENA;25.001;SEMAS;2.230;APOIO A ASSOCIAÇÃO ÁGAPE;56;PROTEÇÃO SOCIAL BÁSICA;8;Assistência Social;244;Assistência Comunitária;321;4.4.50.41.00.00.00.00;CONTRIBUIÇÕES;1.501.000.0000;OUTROS RECURSOS NÃO VINCULADOS;0,00
PREFEITURA MUNICIPAL DE BARBACENA;25.001;SEMAS;2.230;APOIO A ASSOCIAÇÃO ÁGAPE;56;PROTEÇÃO SOCIAL BÁSICA;8;Assistência Social;244;Assistência Comunitária;321;4.4.50.41.00.00.00.00;CONTRIBUIÇÕES;1.501.505.0000;OUTROS RECURSOS NÃO VINCULADOS - EMENDAS FAUSTA TATA;5.000,00
PREFEITURA MUNICIPAL DE BARBACENA;25.001;SEMAS;2.230;APOIO A ASSOCIAÇÃO ÁGAPE;56;PROTEÇÃO SOCIAL BÁSICA;8;Assistência Social;244;Assistência Comunitária;321;4.4.50.41.00.00.00.00;CONTRIBUIÇÕES;1.501.515.0000;OUTROS RECURSOS NÃO VINCULADOS - EMENDAS PAULINHO DO GAS;5.000,00
PREFEITURA MUNICIPAL DE BARBACENA;25.001;SEMAS;2.230;APOIO A ASSOCIAÇÃO ÁGAPE;56;PROTEÇÃO SOCIAL BÁSICA;8;Assistência Social;244;Assistência Comunitária;321;4.4.50.41.00.00.00.00;CONTRIBUIÇÕES;1.753.000.0000;RECURSOS PROVENIENTES DE TAXAS, CONTRIBUIÇÕES E PREÇOS PÚBLICOS;0,00
PREFEITURA MUNICIPAL DE BARBACENA;25.001;SEMAS;2.230;APOIO A ASSOCIAÇÃO ÁGAPE;56;PROTEÇÃO SOCIAL BÁSICA;8;Assistência Social;244;Assistência Comunitária;321;4.4.50.41.00.00.00.00;CONTRIBUIÇÕES;1.753.508.0000;RECURSOS PROVENIENTES DE TAXAS, CONTRIBUIÇÕES E PREÇOS PÚBLICOS - EMENDAS GLAUBER MILAGRES;2.500,00
PREFEITURA MUNICIPAL DE BARBACENA;25.001;SEMAS;2.238;APOIO A ASSOCIAÇÃO MARY JANE WILSON - AMAJW;56;PROTEÇÃO SOCIAL BÁSICA;8;Assistência Social;244;Assistência Comunitária;322;3.3.50.41.00.00.00.00;CONTRIBUIÇÕES;1.501.000.0000;OUTROS RECURSOS NÃO VINCULADOS;0,00
PREFEITURA MUNICIPAL DE BARBACENA;25.001;SEMAS;2.238;APOIO A ASSOCIAÇÃO MARY JANE WILSON - AMAJW;56;PROTEÇÃO SOCIAL BÁSICA;8;Assistência Social;244;Assistência Comunitária;322;3.3.50.41.00.00.00.00;CONTRIBUIÇÕES;1.501.505.0000;OUTROS RECURSOS NÃO VINCULADOS - EMENDAS FAUSTA TATA;5.000,00
PREFEITURA MUNICIPAL DE BARBACENA;25.001;SEMAS;2.238;APOIO A ASSOCIAÇÃO MARY JANE WILSON - AMAJW;56;PROTEÇÃO SOCIAL BÁSICA;8;Assistência Social;244;Assistência Comunitária;322;3.3.50.41.00.00.00.00;CONTRIBUIÇÕES;1.501.510.0000;OUTROS RECURSOS NÃO VINCULADOS - EMENDAS TODINHO;10.000,00
PREFEITURA MUNICIPAL DE BARBACENA;25.001;SEMAS;2.238;APOIO A ASSOCIAÇÃO MARY JANE WILSON - AMAJW;56;PROTEÇÃO SOCIAL BÁSICA;8;Assistência Social;244;Assistência Comunitária;322;3.3.50.41.00.00.00.00;CONTRIBUIÇÕES;1.501.512.0000;OUTROS RECURSOS NÃO VINCULADOS - EMENDAS MARILENE FRANCO;5.000,00
PREFEITURA MUNICIPAL DE BARBACENA;25.001;SEMAS;2.238;APOIO A ASSOCIAÇÃO MARY JANE WILSON - AMAJW;56;PROTEÇÃO SOCIAL BÁSICA;8;Assistência Social;244;Assistência Comunitária;322;3.3.50.41.00.00.00.00;CONTRIBUIÇÕES;1.501.515.0000;OUTROS RECURSOS NÃO VINCULADOS - EMENDAS PAULINHO DO GAS;5.000,00
PREFEITURA MUNICIPAL DE BARBACENA;25.001;SEMAS;2.238;APOIO A ASSOCIAÇÃO MARY JANE WILSON - AMAJW;56;PROTEÇÃO SOCIAL BÁSICA;8;Assistência Social;244;Assistência Comunitária;322;3.3.50.41.00.00.00.00;CONTRIBUIÇÕES;1.501.516.0000;OUTROS RECURSOS NÃO VINCULADOS - EMENDAS ROBERTO DA FARMACIA;10.000,00
PREFEITURA MUNICIPAL DE BARBACENA;25.001;SEMAS;2.238;APOIO A ASSOCIAÇÃO MARY JANE WILSON - AMAJW;56;PROTEÇÃO SOCIAL BÁSICA;8;Assistência Social;244;Assistência Comunitária;322;3.3.50.41.00.00.00.00;CONTRIBUIÇÕES;1.753.000.0000;RECURSOS PROVENIENTES DE TAXAS, CONTRIBUIÇÕES E PREÇOS PÚBLICOS;0,00
PREFEITURA MUNICIPAL DE BARBACENA;25.001;SEMAS;2.238;APOIO A ASSOCIAÇÃO MARY JANE WILSON - AMAJW;56;PROTEÇÃO SOCIAL BÁSICA;8;Assistência Social;244;Assistência Comunitária;322;3.3.50.41.00.00.00.00;CONTRIBUIÇÕES;1.753.502.0000;RECURSOS PROVENIENTES DE TAXAS, CONTRIBUIÇÕES E PREÇOS PÚBLICOS - EMENDAS DIEGO BAIANO;5.000,00
PREFEITURA MUNICIPAL DE BARBACENA;25.001;SEMAS;2.238;APOIO A ASSOCIAÇÃO MARY JANE WILSON - AMAJW;56;PROTEÇÃO SOCIAL BÁSICA;8;Assistência Social;244;Assistência Comunitária;322;3.3.50.41.00.00.00.00;CONTRIBUIÇÕES;1.753.503.0000;RECURSOS PROVENIENTES DE TAXAS, CONTRIBUIÇÕES E PREÇOS PÚBLICOS - EMENDAS EVERTON WALLACE;10.750,00
PREFEITURA MUNICIPAL DE BARBACENA;25.001;SEMAS;2.238;APOIO A ASSOCIAÇÃO MARY JANE WILSON - AMAJW;56;PROTEÇÃO SOCIAL BÁSICA;8;Assistência Social;244;Assistência Comunitária;322;3.3.50.41.00.00.00.00;CONTRIBUIÇÕES;1.753.508.0000;RECURSOS PROVENIENTES DE TAXAS, CONTRIBUIÇÕES E PREÇOS PÚBLICOS - EMENDAS GLAUBER MILAGRES;2.500,00
PREFEITURA MUNICIPAL DE BARBACENA;25.001;SEMAS;2.238;APOIO A ASSOCIAÇÃO MARY JANE WILSON - AMAJW;56;PROTEÇÃO SOCIAL BÁSICA;8;Assistência Social;244;Assistência Comunitária;322;3.3.50.41.00.00.00.00;CONTRIBUIÇÕES;1.753.517.0000;RECURSOS PROVENIENTES DE TAXAS, CONTRIBUIÇÕES E PREÇOS PÚBLICOS - EMENDAS SANDRO HELENO;5.000,00
PREFEITURA MUNICIPAL DE BARBACENA;25.001;SEMAS;2.238;APOIO A ASSOCIAÇÃO MARY JANE WILSON - AMAJW;56;PROTEÇÃO SOCIAL BÁSICA;8;Assistência Social;244;Assistência Comunitária;323;4.4.50.41.00.00.00.00;CONTRIBUIÇÕES;1.501.000.0000;OUTROS RECURSOS NÃO VINCULADOS;0,00
PREFEITURA MUNICIPAL DE BARBACENA;25.001;SEMAS;2.238;APOIO A ASSOCIAÇÃO MARY JANE WILSON - AMAJW;56;PROTEÇÃO SOCIAL BÁSICA;8;Assistência Social;244;Assistência Comunitária;323;4.4.50.41.00.00.00.00;CONTRIBUIÇÕES;1.501.505.0000;OUTROS RECURSOS NÃO VINCULADOS - EMENDAS FAUSTA TATA;5.000,00
PREFEITURA MUNICIPAL DE BARBACENA;25.001;SEMAS;2.238;APOIO A ASSOCIAÇÃO MARY JANE WILSON - AMAJW;56;PROTEÇÃO SOCIAL BÁSICA;8;Assistência Social;244;Assistência Comunitária;323;4.4.50.41.00.00.00.00;CONTRIBUIÇÕES;1.501.510.0000;OUTROS RECURSOS NÃO VINCULADOS - EMENDAS TODINHO;10.000,00
PREFEITURA MUNICIPAL DE BARBACENA;25.001;SEMAS;2.238;APOIO A ASSOCIAÇÃO MARY JANE WILSON - AMAJW;56;PROTEÇÃO SOCIAL BÁSICA;8;Assistência Social;244;Assistência Comunitária;323;4.4.50.41.00.00.00.00;CONTRIBUIÇÕES;1.501.512.0000;OUTROS RECURSOS NÃO VINCULADOS - EMENDAS MARILENE FRANCO;5.000,00
PREFEITURA MUNICIPAL DE BARBACENA;25.001;SEMAS;2.238;APOIO A ASSOCIAÇÃO MARY JANE WILSON - AMAJW;56;PROTEÇÃO SOCIAL BÁSICA;8;Assistência Social;244;Assistência Comunitária;323;4.4.50.41.00.00.00.00;CONTRIBUIÇÕES;1.501.515.0000;OUTROS RECURSOS NÃO VINCULADOS - EMENDAS PAULINHO DO GAS;5.000,00
PREFEITURA MUNICIPAL DE BARBACENA;25.001;SEMAS;2.238;APOIO A ASSOCIAÇÃO MARY JANE WILSON - AMAJW;56;PROTEÇÃO SOCIAL BÁSICA;8;Assistência Social;244;Assistência Comunitária;323;4.4.50.41.00.00.00.00;CONTRIBUIÇÕES;1.501.516.0000;OUTROS RECURSOS NÃO VINCULADOS - EMENDAS ROBERTO DA FARMACIA;10.000,00
PREFEITURA MUNICIPAL DE BARBACENA;25.001;SEMAS;2.238;APOIO A ASSOCIAÇÃO MARY JANE WILSON - AMAJW;56;PROTEÇÃO SOCIAL BÁSICA;8;Assistência Social;244;Assistência Comunitária;323;4.4.50.41.00.00.00.00;CONTRIBUIÇÕES;1.753.000.0000;RECURSOS PROVENIENTES DE TAXAS, CONTRIBUIÇÕES E PREÇOS PÚBLICOS;0,00
PREFEITURA MUNICIPAL DE BARBACENA;25.001;SEMAS;2.238;APOIO A ASSOCIAÇÃO MARY JANE WILSON - AMAJW;56;PROTEÇÃO SOCIAL BÁSICA;8;Assistência Social;244;Assistência Comunitária;323;4.4.50.41.00.00.00.00;CONTRIBUIÇÕES;1.753.502.0000;RECURSOS PROVENIENTES DE TAXAS, CONTRIBUIÇÕES E PREÇOS PÚBLICOS - EMENDAS DIEGO BAIANO;5.000,00
PREFEITURA MUNICIPAL DE BARBACENA;25.001;SEMAS;2.238;APOIO A ASSOCIAÇÃO MARY JANE WILSON - AMAJW;56;PROTEÇÃO SOCIAL BÁSICA;8;Assistência Social;244;Assistência Comunitária;323;4.4.50.41.00.00.00.00;CONTRIBUIÇÕES;1.753.503.0000;RECURSOS PROVENIENTES DE TAXAS, CONTRIBUIÇÕES E PREÇOS PÚBLICOS - EMENDAS EVERTON WALLACE;10.750,00
PREFEITURA MUNICIPAL DE BARBACENA;25.001;SEMAS;2.238;APOIO A ASSOCIAÇÃO MARY JANE WILSON - AMAJW;56;PROTEÇÃO SOCIAL BÁSICA;8;Assistência Social;244;Assistência Comunitária;323;4.4.50.41.00.00.00.00;CONTRIBUIÇÕES;1.753.508.0000;RECURSOS PROVENIENTES DE TAXAS, CONTRIBUIÇÕES E PREÇOS PÚBLICOS - EMENDAS GLAUBER MILAGRES;2.500,00
PREFEITURA MUNICIPAL DE BARBACENA;25.001;SEMAS;2.238;APOIO A ASSOCIAÇÃO MARY JANE WILSON - AMAJW;56;PROTEÇÃO SOCIAL BÁSICA;8;Assistência Social;244;Assistência Comunitária;323;4.4.50.41.00.00.00.00;CONTRIBUIÇÕES;1.753.517.0000;RECURSOS PROVENIENTES DE TAXAS, CONTRIBUIÇÕES E PREÇOS PÚBLICOS - EMENDAS SANDRO HELENO;5.000,00
PREFEITURA MUNICIPAL DE BARBACENA;25.001;SEMAS;2.440;APOIO A ASSOCIAÇÃO DE APOIO A PESSOA PORTADORA DE CÂNCER E SEUS FAMILIARES -APPC;56;PROTEÇÃO SOCIAL BÁSICA;8;Assistência Social;244;Assistência Comunitária;324;3.3.50.41.00.00.00.00;CONTRIBUIÇÕES;1.501.000.0000;OUTROS RECURSOS NÃO VINCULADOS;0,00
PREFEITURA MUNICIPAL DE BARBACENA;25.001;SEMAS;2.440;APOIO A ASSOCIAÇÃO DE APOIO A PESSOA PORTADORA DE CÂNCER E SEUS FAMILIARES -APPC;56;PROTEÇÃO SOCIAL BÁSICA;8;Assistência Social;244;Assistência Comunitária;324;3.3.50.41.00.00.00.00;CONTRIBUIÇÕES;1.501.518.0000;OUTROS RECURSOS NÃO VINCULADOS - EMENDAS XINAIDER;7.000,00
PREFEITURA MUNICIPAL DE BARBACENA;25.001;SEMAS;2.440;APOIO A ASSOCIAÇÃO DE APOIO A PESSOA PORTADORA DE CÂNCER E SEUS FAMILIARES -APPC;56;PROTEÇÃO SOCIAL BÁSICA;8;Assistência Social;244;Assistência Comunitária;324;3.3.50.41.00.00.00.00;CONTRIBUIÇÕES;1.501.519.0000;OUTROS RECURSOS NÃO VINCULADOS - EMENDAS THIAGO MARTINS;15.000,00
PREFEITURA MUNICIPAL DE BARBACENA;25.001;SEMAS;2.440;APOIO A ASSOCIAÇÃO DE APOIO A PESSOA PORTADORA DE CÂNCER E SEUS FAMILIARES -APPC;56;PROTEÇÃO SOCIAL BÁSICA;8;Assistência Social;244;Assistência Comunitária;325;4.4.50.41.00.00.00.00;CONTRIBUIÇÕES;1.501.000.0000;OUTROS RECURSOS NÃO VINCULADOS;0,00
PREFEITURA MUNICIPAL DE BARBACENA;25.001;SEMAS;2.440;APOIO A ASSOCIAÇÃO DE APOIO A PESSOA PORTADORA DE CÂNCER E SEUS FAMILIARES -APPC;56;PROTEÇÃO SOCIAL BÁSICA;8;Assistência Social;244;Assistência Comunitária;325;4.4.50.41.00.00.00.00;CONTRIBUIÇÕES;1.501.518.0000;OUTROS RECURSOS NÃO VINCULADOS - EMENDAS XINAIDER;7.000,00
PREFEITURA MUNICIPAL DE BARBACENA;25.001;SEMAS;2.440;APOIO A ASSOCIAÇÃO DE APOIO A PESSOA PORTADORA DE CÂNCER E SEUS FAMILIARES -APPC;56;PROTEÇÃO SOCIAL BÁSICA;8;Assistência Social;244;Assistência Comunitária;325;4.4.50.41.00.00.00.00;CONTRIBUIÇÕES;1.501.519.0000;OUTROS RECURSOS NÃO VINCULADOS - EMENDAS THIAGO MARTINS;15.000,00
PREFEITURA MUNICIPAL DE BARBACENA;25.001;SEMAS;2.460;APOIO A ASSOCIAÇÃO REN. CIDADÃ ORG. DE MEMBROS DA SOC. CIVIL - ARCOM-SC;56;PROTEÇÃO SOCIAL BÁSICA;8;Assistência Social;244;Assistência Comunitária;326;3.3.50.41.00.00.00.00;CONTRIBUIÇÕES;1.501.000.0000;OUTROS RECURSOS NÃO VINCULADOS;0,00
PREFEITURA MUNICIPAL DE BARBACENA;25.001;SEMAS;2.460;APOIO A ASSOCIAÇÃO REN. CIDADÃ ORG. DE MEMBROS DA SOC. CIVIL - ARCOM-SC;56;PROTEÇÃO SOCIAL BÁSICA;8;Assistência Social;244;Assistência Comunitária;326;3.3.50.41.00.00.00.00;CONTRIBUIÇÕES;1.501.510.0000;OUTROS RECURSOS NÃO VINCULADOS - EMENDAS TODINHO;21.720,83
PREFEITURA MUNICIPAL DE BARBACENA;25.001;SEMAS;2.460;APOIO A ASSOCIAÇÃO REN. CIDADÃ ORG. DE MEMBROS DA SOC. CIVIL - ARCOM-SC;56;PROTEÇÃO SOCIAL BÁSICA;8;Assistência Social;244;Assistência Comunitária;326;3.3.50.41.00.00.00.00;CONTRIBUIÇÕES;1.501.515.0000;OUTROS RECURSOS NÃO VINCULADOS - EMENDAS PAULINHO DO GAS;5.000,00
PREFEITURA MUNICIPAL DE BARBACENA;25.001;SEMAS;2.460;APOIO A ASSOCIAÇÃO REN. CIDADÃ ORG. DE MEMBROS DA SOC. CIVIL - ARCOM-SC;56;PROTEÇÃO SOCIAL BÁSICA;8;Assistência Social;244;Assistência Comunitária;326;3.3.50.41.00.00.00.00;CONTRIBUIÇÕES;1.753.000.0000;RECURSOS PROVENIENTES DE TAXAS, CONTRIBUIÇÕES E PREÇOS PÚBLICOS;0,00
PREFEITURA MUNICIPAL DE BARBACENA;25.001;SEMAS;2.460;APOIO A ASSOCIAÇÃO REN. CIDADÃ ORG. DE MEMBROS DA SOC. CIVIL - ARCOM-SC;56;PROTEÇÃO SOCIAL BÁSICA;8;Assistência Social;244;Assistência Comunitária;326;3.3.50.41.00.00.00.00;CONTRIBUIÇÕES;1.753.503.0000;RECURSOS PROVENIENTES DE TAXAS, CONTRIBUIÇÕES E PREÇOS PÚBLICOS - EMENDAS EVERTON WALLACE;2.500,00
PREFEITURA MUNICIPAL DE BARBACENA;25.001;SEMAS;2.460;APOIO A ASSOCIAÇÃO REN. CIDADÃ ORG. DE MEMBROS DA SOC. CIVIL - ARCOM-SC;56;PROTEÇÃO SOCIAL BÁSICA;8;Assistência Social;244;Assistência Comunitária;326;3.3.50.41.00.00.00.00;CONTRIBUIÇÕES;1.753.517.0000;RECURSOS PROVENIENTES DE TAXAS, CONTRIBUIÇÕES E PREÇOS PÚBLICOS - EMENDAS SANDRO HELENO;11.220,83
PREFEITURA MUNICIPAL DE BARBACENA;25.001;SEMAS;2.460;APOIO A ASSOCIAÇÃO REN. CIDADÃ ORG. DE MEMBROS DA SOC. CIVIL - ARCOM-SC;56;PROTEÇÃO SOCIAL BÁSICA;8;Assistência Social;244;Assistência Comunitária;326;3.3.50.41.00.00.00.00;CONTRIBUIÇÕES;2.500.000.0000;RECURSOS NÃO VINCULADOS DE IMPOSTOS;151.722,99
PREFEITURA MUNICIPAL DE BARBACENA;25.001;SEMAS;2.460;APOIO A ASSOCIAÇÃO REN. CIDADÃ ORG. DE MEMBROS DA SOC. CIVIL - ARCOM-SC;56;PROTEÇÃO SOCIAL BÁSICA;8;Assistência Social;244;Assistência Comunitária;327;4.4.50.41.00.00.00.00;CONTRIBUIÇÕES;1.501.000.0000;OUTROS RECURSOS NÃO VINCULADOS;0,00
PREFEITURA MUNICIPAL DE BARBACENA;25.001;SEMAS;2.460;APOIO A ASSOCIAÇÃO REN. CIDADÃ ORG. DE MEMBROS DA SOC. CIVIL - ARCOM-SC;56;PROTEÇÃO SOCIAL BÁSICA;8;Assistência Social;244;Assistência Comunitária;327;4.4.50.41.00.00.00.00;CONTRIBUIÇÕES;1.501.510.0000;OUTROS RECURSOS NÃO VINCULADOS - EMENDAS TODINHO;21.720,82
PREFEITURA MUNICIPAL DE BARBACENA;25.001;SEMAS;2.460;APOIO A ASSOCIAÇÃO REN. CIDADÃ ORG. DE MEMBROS DA SOC. CIVIL - ARCOM-SC;56;PROTEÇÃO SOCIAL BÁSICA;8;Assistência Social;244;Assistência Comunitária;327;4.4.50.41.00.00.00.00;CONTRIBUIÇÕES;1.501.515.0000;OUTROS RECURSOS NÃO VINCULADOS - EMENDAS PAULINHO DO GAS;5.000,00
PREFEITURA MUNICIPAL DE BARBACENA;25.001;SEMAS;2.460;APOIO A ASSOCIAÇÃO REN. CIDADÃ ORG. DE MEMBROS DA SOC. CIVIL - ARCOM-SC;56;PROTEÇÃO SOCIAL BÁSICA;8;Assistência Social;244;Assistência Comunitária;327;4.4.50.41.00.00.00.00;CONTRIBUIÇÕES;1.753.000.0000;RECURSOS PROVENIENTES DE TAXAS, CONTRIBUIÇÕES E PREÇOS PÚBLICOS;0,00
PREFEITURA MUNICIPAL DE BARBACENA;25.001;SEMAS;2.460;APOIO A ASSOCIAÇÃO REN. CIDADÃ ORG. DE MEMBROS DA SOC. CIVIL - ARCOM-SC;56;PROTEÇÃO SOCIAL BÁSICA;8;Assistência Social;244;Assistência Comunitária;327;4.4.50.41.00.00.00.00;CONTRIBUIÇÕES;1.753.503.0000;RECURSOS PROVENIENTES DE TAXAS, CONTRIBUIÇÕES E PREÇOS PÚBLICOS - EMENDAS EVERTON WALLACE;2.500,00
PREFEITURA MUNICIPAL DE BARBACENA;25.001;SEMAS;2.460;APOIO A ASSOCIAÇÃO REN. CIDADÃ ORG. DE MEMBROS DA SOC. CIVIL - ARCOM-SC;56;PROTEÇÃO SOCIAL BÁSICA;8;Assistência Social;244;Assistência Comunitária;327;4.4.50.41.00.00.00.00;CONTRIBUIÇÕES;1.753.517.0000;RECURSOS PROVENIENTES DE TAXAS, CONTRIBUIÇÕES E PREÇOS PÚBLICOS - EMENDAS SANDRO HELENO;11.220,82
PREFEITURA MUNICIPAL DE BARBACENA;25.001;SEMAS;2.460;APOIO A ASSOCIAÇÃO REN. CIDADÃ ORG. DE MEMBROS DA SOC. CIVIL - ARCOM-SC;56;PROTEÇÃO SOCIAL BÁSICA;8;Assistência Social;244;Assistência Comunitária;327;4.4.50.41.00.00.00.00;CONTRIBUIÇÕES;2.500.000.0000;RECURSOS NÃO VINCULADOS DE IMPOSTOS;17.358,98
PREFEITURA MUNICIPAL DE BARBACENA;25.001;SEMAS;2.462;APOIO A CRECHE IRMÃOS DO CAMINHO;56;PROTEÇÃO SOCIAL BÁSICA;8;Assistência Social;244;Assistência Comunitária;328;3.3.50.41.00.00.00.00;CONTRIBUIÇÕES;1.753.000.0000;RECURSOS PROVENIENTES DE TAXAS, CONTRIBUIÇÕES E PREÇOS PÚBLICOS;0,00
PREFEITURA MUNICIPAL DE BARBACENA;25.001;SEMAS;2.462;APOIO A CRECHE IRMÃOS DO CAMINHO;56;PROTEÇÃO SOCIAL BÁSICA;8;Assistência Social;244;Assistência Comunitária;328;3.3.50.41.00.00.00.00;CONTRIBUIÇÕES;1.753.503.0000;RECURSOS PROVENIENTES DE TAXAS, CONTRIBUIÇÕES E PREÇOS PÚBLICOS - EMENDAS EVERTON WALLACE;2.500,00
PREFEITURA MUNICIPAL DE BARBACENA;25.001;SEMAS;2.462;APOIO A CRECHE IRMÃOS DO CAMINHO;56;PROTEÇÃO SOCIAL BÁSICA;8;Assistência Social;244;Assistência Comunitária;329;4.4.50.41.00.00.00.00;CONTRIBUIÇÕES;1.753.000.0000;RECURSOS PROVENIENTES DE TAXAS, CONTRIBUIÇÕES E PREÇOS PÚBLICOS;0,00
PREFEITURA MUNICIPAL DE BARBACENA;25.001;SEMAS;2.462;APOIO A CRECHE IRMÃOS DO CAMINHO;56;PROTEÇÃO SOCIAL BÁSICA;8;Assistência Social;244;Assistência Comunitária;329;4.4.50.41.00.00.00.00;CONTRIBUIÇÕES;1.753.503.0000;RECURSOS PROVENIENTES DE TAXAS, CONTRIBUIÇÕES E PREÇOS PÚBLICOS - EMENDAS EVERTON WALLACE;2.500,00
PREFEITURA MUNICIPAL DE BARBACENA;25.001;SEMAS;2.463;APOIO A CRECHE SÃO PAULO DA CRUZ;56;PROTEÇÃO SOCIAL BÁSICA;8;Assistência Social;244;Assistência Comunitária;330;3.3.50.41.00.00.00.00;CONTRIBUIÇÕES;1.501.000.0000;OUTROS RECURSOS NÃO VINCULADOS;0,00
PREFEITURA MUNICIPAL DE BARBACENA;25.001;SEMAS;2.463;APOIO A CRECHE SÃO PAULO DA CRUZ;56;PROTEÇÃO SOCIAL BÁSICA;8;Assistência Social;244;Assistência Comunitária;330;3.3.50.41.00.00.00.00;CONTRIBUIÇÕES;1.501.506.0000;OUTROS RECURSOS NÃO VINCULADOS - EMENDAS FLAVIO BARBOSA;15.000,00
PREFEITURA MUNICIPAL DE BARBACENA;25.001;SEMAS;2.463;APOIO A CRECHE SÃO PAULO DA CRUZ;56;PROTEÇÃO SOCIAL BÁSICA;8;Assistência Social;244;Assistência Comunitária;331;4.4.50.41.00.00.00.00;CONTRIBUIÇÕES;1.501.000.0000;OUTROS RECURSOS NÃO VINCULADOS;0,00
PREFEITURA MUNICIPAL DE BARBACENA;25.001;SEMAS;2.463;APOIO A CRECHE SÃO PAULO DA CRUZ;56;PROTEÇÃO SOCIAL BÁSICA;8;Assistência Social;244;Assistência Comunitária;331;4.4.50.41.00.00.00.00;CONTRIBUIÇÕES;1.501.506.0000;OUTROS RECURSOS NÃO VINCULADOS - EMENDAS FLAVIO BARBOSA;15.000,00
PREFEITURA MUNICIPAL DE BARBACENA;25.001;SEMAS;2.464;APOIO A MARTIN LUTHER KING PELA VIDA;56;PROTEÇÃO SOCIAL BÁSICA;8;Assistência Social;244;Assistência Comunitária;332;3.3.50.41.00.00.00.00;CONTRIBUIÇÕES;1.753.000.0000;RECURSOS PROVENIENTES DE TAXAS, CONTRIBUIÇÕES E PREÇOS PÚBLICOS;0,00
PREFEITURA MUNICIPAL DE BARBACENA;25.001;SEMAS;2.464;APOIO A MARTIN LUTHER KING PELA VIDA;56;PROTEÇÃO SOCIAL BÁSICA;8;Assistência Social;244;Assistência Comunitária;332;3.3.50.41.00.00.00.00;CONTRIBUIÇÕES;1.753.508.0000;RECURSOS PROVENIENTES DE TAXAS, CONTRIBUIÇÕES E PREÇOS PÚBLICOS - EMENDAS GLAUBER MILAGRES;30.000,00
PREFEITURA MUNICIPAL DE BARBACENA;25.001;SEMAS;2.464;APOIO A MARTIN LUTHER KING PELA VIDA;56;PROTEÇÃO SOCIAL BÁSICA;8;Assistência Social;244;Assistência Comunitária;333;4.4.50.41.00.00.00.00;CONTRIBUIÇÕES;1.753.000.0000;RECURSOS PROVENIENTES DE TAXAS, CONTRIBUIÇÕES E PREÇOS PÚBLICOS;0,00
PREFEITURA MUNICIPAL DE BARBACENA;25.001;SEMAS;2.464;APOIO A MARTIN LUTHER KING PELA VIDA;56;PROTEÇÃO SOCIAL BÁSICA;8;Assistência Social;244;Assistência Comunitária;333;4.4.50.41.00.00.00.00;CONTRIBUIÇÕES;1.753.508.0000;RECURSOS PROVENIENTES DE TAXAS, CONTRIBUIÇÕES E PREÇOS PÚBLICOS - EMENDAS GLAUBER MILAGRES;30.000,00
PREFEITURA MUNICIPAL DE BARBACENA;25.001;SEMAS;2.465;APOIO A OBRAS PASSIONISTAS SÃO PAULO DA CRUZ;56;PROTEÇÃO SOCIAL BÁSICA;8;Assistência Social;244;Assistência Comunitária;334;3.3.50.41.00.00.00.00;CONTRIBUIÇÕES;1.501.000.0000;OUTROS RECURSOS NÃO VINCULADOS;0,00
PREFEITURA MUNICIPAL DE BARBACENA;25.001;SEMAS;2.465;APOIO A OBRAS PASSIONISTAS SÃO PAULO DA CRUZ;56;PROTEÇÃO SOCIAL BÁSICA;8;Assistência Social;244;Assistência Comunitária;334;3.3.50.41.00.00.00.00;CONTRIBUIÇÕES;1.501.501.0000;OUTROS RECURSOS NÃO VINCULADOS - EMENDAS AMARILIO ANDRADE;12.500,00
PREFEITURA MUNICIPAL DE BARBACENA;25.001;SEMAS;2.465;APOIO A OBRAS PASSIONISTAS SÃO PAULO DA CRUZ;56;PROTEÇÃO SOCIAL BÁSICA;8;Assistência Social;244;Assistência Comunitária;334;3.3.50.41.00.00.00.00;CONTRIBUIÇÕES;1.501.516.0000;OUTROS RECURSOS NÃO VINCULADOS - EMENDAS ROBERTO DA FARMACIA;35.000,00
PREFEITURA MUNICIPAL DE BARBACENA;25.001;SEMAS;2.465;APOIO A OBRAS PASSIONISTAS SÃO PAULO DA CRUZ;56;PROTEÇÃO SOCIAL BÁSICA;8;Assistência Social;244;Assistência Comunitária;334;3.3.50.41.00.00.00.00;CONTRIBUIÇÕES;1.753.000.0000;RECURSOS PROVENIENTES DE TAXAS, CONTRIBUIÇÕES E PREÇOS PÚBLICOS;0,00
PREFEITURA MUNICIPAL DE BARBACENA;25.001;SEMAS;2.465;APOIO A OBRAS PASSIONISTAS SÃO PAULO DA CRUZ;56;PROTEÇÃO SOCIAL BÁSICA;8;Assistência Social;244;Assistência Comunitária;334;3.3.50.41.00.00.00.00;CONTRIBUIÇÕES;1.753.502.0000;RECURSOS PROVENIENTES DE TAXAS, CONTRIBUIÇÕES E PREÇOS PÚBLICOS - EMENDAS DIEGO BAIANO;7.500,00
PREFEITURA MUNICIPAL DE BARBACENA;25.001;SEMAS;2.465;APOIO A OBRAS PASSIONISTAS SÃO PAULO DA CRUZ;56;PROTEÇÃO SOCIAL BÁSICA;8;Assistência Social;244;Assistência Comunitária;334;3.3.50.41.00.00.00.00;CONTRIBUIÇÕES;1.753.503.0000;RECURSOS PROVENIENTES DE TAXAS, CONTRIBUIÇÕES E PREÇOS PÚBLICOS - EMENDAS EVERTON WALLACE;15.000,00
PREFEITURA MUNICIPAL DE BARBACENA;25.001;SEMAS;2.465;APOIO A OBRAS PASSIONISTAS SÃO PAULO DA CRUZ;56;PROTEÇÃO SOCIAL BÁSICA;8;Assistência Social;244;Assistência Comunitária;334;3.3.50.41.00.00.00.00;CONTRIBUIÇÕES;1.753.508.0000;RECURSOS PROVENIENTES DE TAXAS, CONTRIBUIÇÕES E PREÇOS PÚBLICOS - EMENDAS GLAUBER MILAGRES;2.500,00
PREFEITURA MUNICIPAL DE BARBACENA;25.001;SEMAS;2.465;APOIO A OBRAS PASSIONISTAS SÃO PAULO DA CRUZ;56;PROTEÇÃO SOCIAL BÁSICA;8;Assistência Social;244;Assistência Comunitária;334;3.3.50.41.00.00.00.00;CONTRIBUIÇÕES;1.753.517.0000;RECURSOS PROVENIENTES DE TAXAS, CONTRIBUIÇÕES E PREÇOS PÚBLICOS - EMENDAS SANDRO HELENO;30.000,00
PREFEITURA MUNICIPAL DE BARBACENA;25.001;SEMAS;2.465;APOIO A OBRAS PASSIONISTAS SÃO PAULO DA CRUZ;56;PROTEÇÃO SOCIAL BÁSICA;8;Assistência Social;244;Assistência Comunitária;335;4.4.50.41.00.00.00.00;CONTRIBUIÇÕES;1.501.000.0000;OUTROS RECURSOS NÃO VINCULADOS;0,00
PREFEITURA MUNICIPAL DE BARBACENA;25.001;SEMAS;2.465;APOIO A OBRAS PASSIONISTAS SÃO PAULO DA CRUZ;56;PROTEÇÃO SOCIAL BÁSICA;8;Assistência Social;244;Assistência Comunitária;335;4.4.50.41.00.00.00.00;CONTRIBUIÇÕES;1.501.501.0000;OUTROS RECURSOS NÃO VINCULADOS - EMENDAS AMARILIO ANDRADE;12.500,00
PREFEITURA MUNICIPAL DE BARBACENA;25.001;SEMAS;2.465;APOIO A OBRAS PASSIONISTAS SÃO PAULO DA CRUZ;56;PROTEÇÃO SOCIAL BÁSICA;8;Assistência Social;244;Assistência Comunitária;335;4.4.50.41.00.00.00.00;CONTRIBUIÇÕES;1.501.516.0000;OUTROS RECURSOS NÃO VINCULADOS - EMENDAS ROBERTO DA FARMACIA;35.000,00
PREFEITURA MUNICIPAL DE BARBACENA;25.001;SEMAS;2.465;APOIO A OBRAS PASSIONISTAS SÃO PAULO DA CRUZ;56;PROTEÇÃO SOCIAL BÁSICA;8;Assistência Social;244;Assistência Comunitária;335;4.4.50.41.00.00.00.00;CONTRIBUIÇÕES;1.753.000.0000;RECURSOS PROVENIENTES DE TAXAS, CONTRIBUIÇÕES E PREÇOS PÚBLICOS;0,00
PREFEITURA MUNICIPAL DE BARBACENA;25.001;SEMAS;2.465;APOIO A OBRAS PASSIONISTAS SÃO PAULO DA CRUZ;56;PROTEÇÃO SOCIAL BÁSICA;8;Assistência Social;244;Assistência Comunitária;335;4.4.50.41.00.00.00.00;CONTRIBUIÇÕES;1.753.502.0000;RECURSOS PROVENIENTES DE TAXAS, CONTRIBUIÇÕES E PREÇOS PÚBLICOS - EMENDAS DIEGO BAIANO;7.500,00
PREFEITURA MUNICIPAL DE BARBACENA;25.001;SEMAS;2.465;APOIO A OBRAS PASSIONISTAS SÃO PAULO DA CRUZ;56;PROTEÇÃO SOCIAL BÁSICA;8;Assistência Social;244;Assistência Comunitária;335;4.4.50.41.00.00.00.00;CONTRIBUIÇÕES;1.753.503.0000;RECURSOS PROVENIENTES DE TAXAS, CONTRIBUIÇÕES E PREÇOS PÚBLICOS - EMENDAS EVERTON WALLACE;15.000,00
PREFEITURA MUNICIPAL DE BARBACENA;25.001;SEMAS;2.465;APOIO A OBRAS PASSIONISTAS SÃO PAULO DA CRUZ;56;PROTEÇÃO SOCIAL BÁSICA;8;Assistência Social;244;Assistência Comunitária;335;4.4.50.41.00.00.00.00;CONTRIBUIÇÕES;1.753.508.0000;RECURSOS PROVENIENTES DE TAXAS, CONTRIBUIÇÕES E PREÇOS PÚBLICOS - EMENDAS GLAUBER MILAGRES;2.500,00
PREFEITURA MUNICIPAL DE BARBACENA;25.001;SEMAS;2.465;APOIO A OBRAS PASSIONISTAS SÃO PAULO DA CRUZ;56;PROTEÇÃO SOCIAL BÁSICA;8;Assistência Social;244;Assistência Comunitária;335;4.4.50.41.00.00.00.00;CONTRIBUIÇÕES;1.753.517.0000;RECURSOS PROVENIENTES DE TAXAS, CONTRIBUIÇÕES E PREÇOS PÚBLICOS - EMENDAS SANDRO HELENO;30.000,00
PREFEITURA MUNICIPAL DE BARBACENA;25.001;SEMAS;2.465;APOIO A OBRAS PASSIONISTAS SÃO PAULO DA CRUZ;56;PROTEÇÃO SOCIAL BÁSICA;8;Assistência Social;244;Assistência Comunitária;335;4.4.50.41.00.00.00.00;CONTRIBUIÇÕES;2.500.000.0000;RECURSOS NÃO VINCULADOS DE IMPOSTOS;530.000,00
PREFEITURA MUNICIPAL DE BARBACENA;25.001;SEMAS;2.466;APOIO A OBRAS SOCIAIS DE NOSSA SENHORA DE FÁTIMA;56;PROTEÇÃO SOCIAL BÁSICA;8;Assistência Social;244;Assistência Comunitária;336;3.3.50.41.00.00.00.00;CONTRIBUIÇÕES;1.501.000.0000;OUTROS RECURSOS NÃO VINCULADOS;0,00
PREFEITURA MUNICIPAL DE BARBACENA;25.001;SEMAS;2.466;APOIO A OBRAS SOCIAIS DE NOSSA SENHORA DE FÁTIMA;56;PROTEÇÃO SOCIAL BÁSICA;8;Assistência Social;244;Assistência Comunitária;336;3.3.50.41.00.00.00.00;CONTRIBUIÇÕES;1.501.507.0000;OUTROS RECURSOS NÃO VINCULADOS - EMENDAS FLAVIO MALUF;25.000,00
PREFEITURA MUNICIPAL DE BARBACENA;25.001;SEMAS;2.466;APOIO A OBRAS SOCIAIS DE NOSSA SENHORA DE FÁTIMA;56;PROTEÇÃO SOCIAL BÁSICA;8;Assistência Social;244;Assistência Comunitária;336;3.3.50.41.00.00.00.00;CONTRIBUIÇÕES;1.501.509.0000;OUTROS RECURSOS NÃO VINCULADOS - EMENDAS DONIZETE MEDEIROS;37.500,00
PREFEITURA MUNICIPAL DE BARBACENA;25.001;SEMAS;2.466;APOIO A OBRAS SOCIAIS DE NOSSA SENHORA DE FÁTIMA;56;PROTEÇÃO SOCIAL BÁSICA;8;Assistência Social;244;Assistência Comunitária;336;3.3.50.41.00.00.00.00;CONTRIBUIÇÕES;1.501.510.0000;OUTROS RECURSOS NÃO VINCULADOS - EMENDAS TODINHO;5.000,00
PREFEITURA MUNICIPAL DE BARBACENA;25.001;SEMAS;2.466;APOIO A OBRAS SOCIAIS DE NOSSA SENHORA DE FÁTIMA;56;PROTEÇÃO SOCIAL BÁSICA;8;Assistência Social;244;Assistência Comunitária;336;3.3.50.41.00.00.00.00;CONTRIBUIÇÕES;1.501.512.0000;OUTROS RECURSOS NÃO VINCULADOS - EMENDAS MARILENE FRANCO;5.000,00
PREFEITURA MUNICIPAL DE BARBACENA;25.001;SEMAS;2.466;APOIO A OBRAS SOCIAIS DE NOSSA SENHORA DE FÁTIMA;56;PROTEÇÃO SOCIAL BÁSICA;8;Assistência Social;244;Assistência Comunitária;336;3.3.50.41.00.00.00.00;CONTRIBUIÇÕES;1.501.514.0000;OUTROS RECURSOS NÃO VINCULADOS - EMENDAS JOAO DA SEMENTE;12.500,00
PREFEITURA MUNICIPAL DE BARBACENA;25.001;SEMAS;2.466;APOIO A OBRAS SOCIAIS DE NOSSA SENHORA DE FÁTIMA;56;PROTEÇÃO SOCIAL BÁSICA;8;Assistência Social;244;Assistência Comunitária;336;3.3.50.41.00.00.00.00;CONTRIBUIÇÕES;1.501.518.0000;OUTROS RECURSOS NÃO VINCULADOS - EMENDAS XINAIDER;7.000,00
PREFEITURA MUNICIPAL DE BARBACENA;25.001;SEMAS;2.466;APOIO A OBRAS SOCIAIS DE NOSSA SENHORA DE FÁTIMA;56;PROTEÇÃO SOCIAL BÁSICA;8;Assistência Social;244;Assistência Comunitária;336;3.3.50.41.00.00.00.00;CONTRIBUIÇÕES;1.753.000.0000;RECURSOS PROVENIENTES DE TAXAS, CONTRIBUIÇÕES E PREÇOS PÚBLICOS;0,00
PREFEITURA MUNICIPAL DE BARBACENA;25.001;SEMAS;2.466;APOIO A OBRAS SOCIAIS DE NOSSA SENHORA DE FÁTIMA;56;PROTEÇÃO SOCIAL BÁSICA;8;Assistência Social;244;Assistência Comunitária;336;3.3.50.41.00.00.00.00;CONTRIBUIÇÕES;1.753.502.0000;RECURSOS PROVENIENTES DE TAXAS, CONTRIBUIÇÕES E PREÇOS PÚBLICOS - EMENDAS DIEGO BAIANO;5.000,00
PREFEITURA MUNICIPAL DE BARBACENA;25.001;SEMAS;2.466;APOIO A OBRAS SOCIAIS DE NOSSA SENHORA DE FÁTIMA;56;PROTEÇÃO SOCIAL BÁSICA;8;Assistência Social;244;Assistência Comunitária;336;3.3.50.41.00.00.00.00;CONTRIBUIÇÕES;1.753.503.0000;RECURSOS PROVENIENTES DE TAXAS, CONTRIBUIÇÕES E PREÇOS PÚBLICOS - EMENDAS EVERTON WALLACE;3.670,83
PREFEITURA MUNICIPAL DE BARBACENA;25.001;SEMAS;2.466;APOIO A OBRAS SOCIAIS DE NOSSA SENHORA DE FÁTIMA;56;PROTEÇÃO SOCIAL BÁSICA;8;Assistência Social;244;Assistência Comunitária;336;3.3.50.41.00.00.00.00;CONTRIBUIÇÕES;1.753.508.0000;RECURSOS PROVENIENTES DE TAXAS, CONTRIBUIÇÕES E PREÇOS PÚBLICOS - EMENDAS GLAUBER MILAGRES;2.500,00
PREFEITURA MUNICIPAL DE BARBACENA;25.001;SEMAS;2.466;APOIO A OBRAS SOCIAIS DE NOSSA SENHORA DE FÁTIMA;56;PROTEÇÃO SOCIAL BÁSICA;8;Assistência Social;244;Assistência Comunitária;336;3.3.50.41.00.00.00.00;CONTRIBUIÇÕES;1.753.511.0000;RECURSOS PROVENIENTES DE TAXAS, CONTRIBUIÇÕES E PREÇOS PÚBLICOS - EMENDAS CARLINHOS PLAY BOY;7.000,00
PREFEITURA MUNICIPAL DE BARBACENA;25.001;SEMAS;2.466;APOIO A OBRAS SOCIAIS DE NOSSA SENHORA DE FÁTIMA;56;PROTEÇÃO SOCIAL BÁSICA;8;Assistência Social;244;Assistência Comunitária;337;4.4.50.41.00.00.00.00;CONTRIBUIÇÕES;1.501.000.0000;OUTROS RECURSOS NÃO VINCULADOS;0,00
PREFEITURA MUNICIPAL DE BARBACENA;25.001;SEMAS;2.466;APOIO A OBRAS SOCIAIS DE NOSSA SENHORA DE FÁTIMA;56;PROTEÇÃO SOCIAL BÁSICA;8;Assistência Social;244;Assistência Comunitária;337;4.4.50.41.00.00.00.00;CONTRIBUIÇÕES;1.501.507.0000;OUTROS RECURSOS NÃO VINCULADOS - EMENDAS FLAVIO MALUF;25.000,00
PREFEITURA MUNICIPAL DE BARBACENA;25.001;SEMAS;2.466;APOIO A OBRAS SOCIAIS DE NOSSA SENHORA DE FÁTIMA;56;PROTEÇÃO SOCIAL BÁSICA;8;Assistência Social;244;Assistência Comunitária;337;4.4.50.41.00.00.00.00;CONTRIBUIÇÕES;1.501.509.0000;OUTROS RECURSOS NÃO VINCULADOS - EMENDAS DONIZETE MEDEIROS;37.500,00
PREFEITURA MUNICIPAL DE BARBACENA;25.001;SEMAS;2.466;APOIO A OBRAS SOCIAIS DE NOSSA SENHORA DE FÁTIMA;56;PROTEÇÃO SOCIAL BÁSICA;8;Assistência Social;244;Assistência Comunitária;337;4.4.50.41.00.00.00.00;CONTRIBUIÇÕES;1.501.510.0000;OUTROS RECURSOS NÃO VINCULADOS - EMENDAS TODINHO;5.000,00
PREFEITURA MUNICIPAL DE BARBACENA;25.001;SEMAS;2.466;APOIO A OBRAS SOCIAIS DE NOSSA SENHORA DE FÁTIMA;56;PROTEÇÃO SOCIAL BÁSICA;8;Assistência Social;244;Assistência Comunitária;337;4.4.50.41.00.00.00.00;CONTRIBUIÇÕES;1.501.512.0000;OUTROS RECURSOS NÃO VINCULADOS - EMENDAS MARILENE FRANCO;5.000,00
PREFEITURA MUNICIPAL DE BARBACENA;25.001;SEMAS;2.466;APOIO A OBRAS SOCIAIS DE NOSSA SENHORA DE FÁTIMA;56;PROTEÇÃO SOCIAL BÁSICA;8;Assistência Social;244;Assistência Comunitária;337;4.4.50.41.00.00.00.00;CONTRIBUIÇÕES;1.501.514.0000;OUTROS RECURSOS NÃO VINCULADOS - EMENDAS JOAO DA SEMENTE;12.500,00
PREFEITURA MUNICIPAL DE BARBACENA;25.001;SEMAS;2.466;APOIO A OBRAS SOCIAIS DE NOSSA SENHORA DE FÁTIMA;56;PROTEÇÃO SOCIAL BÁSICA;8;Assistência Social;244;Assistência Comunitária;337;4.4.50.41.00.00.00.00;CONTRIBUIÇÕES;1.501.518.0000;OUTROS RECURSOS NÃO VINCULADOS - EMENDAS XINAIDER;7.000,00
PREFEITURA MUNICIPAL DE BARBACENA;25.001;SEMAS;2.466;APOIO A OBRAS SOCIAIS DE NOSSA SENHORA DE FÁTIMA;56;PROTEÇÃO SOCIAL BÁSICA;8;Assistência Social;244;Assistência Comunitária;337;4.4.50.41.00.00.00.00;CONTRIBUIÇÕES;1.753.000.0000;RECURSOS PROVENIENTES DE TAXAS, CONTRIBUIÇÕES E PREÇOS PÚBLICOS;0,00
PREFEITURA MUNICIPAL DE BARBACENA;25.001;SEMAS;2.466;APOIO A OBRAS SOCIAIS DE NOSSA SENHORA DE FÁTIMA;56;PROTEÇÃO SOCIAL BÁSICA;8;Assistência Social;244;Assistência Comunitária;337;4.4.50.41.00.00.00.00;CONTRIBUIÇÕES;1.753.502.0000;RECURSOS PROVENIENTES DE TAXAS, CONTRIBUIÇÕES E PREÇOS PÚBLICOS - EMENDAS DIEGO BAIANO;5.000,00
PREFEITURA MUNICIPAL DE BARBACENA;25.001;SEMAS;2.466;APOIO A OBRAS SOCIAIS DE NOSSA SENHORA DE FÁTIMA;56;PROTEÇÃO SOCIAL BÁSICA;8;Assistência Social;244;Assistência Comunitária;337;4.4.50.41.00.00.00.00;CONTRIBUIÇÕES;1.753.503.0000;RECURSOS PROVENIENTES DE TAXAS, CONTRIBUIÇÕES E PREÇOS PÚBLICOS - EMENDAS EVERTON WALLACE;3.670,82
PREFEITURA MUNICIPAL DE BARBACENA;25.001;SEMAS;2.466;APOIO A OBRAS SOCIAIS DE NOSSA SENHORA DE FÁTIMA;56;PROTEÇÃO SOCIAL BÁSICA;8;Assistência Social;244;Assistência Comunitária;337;4.4.50.41.00.00.00.00;CONTRIBUIÇÕES;1.753.508.0000;RECURSOS PROVENIENTES DE TAXAS, CONTRIBUIÇÕES E PREÇOS PÚBLICOS - EMENDAS GLAUBER MILAGRES;2.500,00
PREFEITURA MUNICIPAL DE BARBACENA;25.001;SEMAS;2.466;APOIO A OBRAS SOCIAIS DE NOSSA SENHORA DE FÁTIMA;56;PROTEÇÃO SOCIAL BÁSICA;8;Assistência Social;244;Assistência Comunitária;337;4.4.50.41.00.00.00.00;CONTRIBUIÇÕES;1.753.511.0000;RECURSOS PROVENIENTES DE TAXAS, CONTRIBUIÇÕES E PREÇOS PÚBLICOS - EMENDAS CARLINHOS PLAY BOY;7.000,00
PREFEITURA MUNICIPAL DE BARBACENA;25.001;SEMAS;2.467;APOIO A UNIAO COMUNITARIA DE BARBACENA (UCB);56;PROTEÇÃO SOCIAL BÁSICA;8;Assistência Social;244;Assistência Comunitária;338;3.3.50.41.00.00.00.00;CONTRIBUIÇÕES;1.753.000.0000;RECURSOS PROVENIENTES DE TAXAS, CONTRIBUIÇÕES E PREÇOS PÚBLICOS;0,00
PREFEITURA MUNICIPAL DE BARBACENA;25.001;SEMAS;2.467;APOIO A UNIAO COMUNITARIA DE BARBACENA (UCB);56;PROTEÇÃO SOCIAL BÁSICA;8;Assistência Social;244;Assistência Comunitária;338;3.3.50.41.00.00.00.00;CONTRIBUIÇÕES;1.753.502.0000;RECURSOS PROVENIENTES DE TAXAS, CONTRIBUIÇÕES E PREÇOS PÚBLICOS - EMENDAS DIEGO BAIANO;15.000,00
PREFEITURA MUNICIPAL DE BARBACENA;25.001;SEMAS;2.467;APOIO A UNIAO COMUNITARIA DE BARBACENA (UCB);56;PROTEÇÃO SOCIAL BÁSICA;8;Assistência Social;244;Assistência Comunitária;339;4.4.50.41.00.00.00.00;CONTRIBUIÇÕES;1.753.000.0000;RECURSOS PROVENIENTES DE TAXAS, CONTRIBUIÇÕES E PREÇOS PÚBLICOS;0,00
PREFEITURA MUNICIPAL DE BARBACENA;25.001;SEMAS;2.467;APOIO A UNIAO COMUNITARIA DE BARBACENA (UCB);56;PROTEÇÃO SOCIAL BÁSICA;8;Assistência Social;244;Assistência Comunitária;339;4.4.50.41.00.00.00.00;CONTRIBUIÇÕES;1.753.502.0000;RECURSOS PROVENIENTES DE TAXAS, CONTRIBUIÇÕES E PREÇOS PÚBLICOS - EMENDAS DIEGO BAIANO;15.000,00
PREFEITURA MUNICIPAL DE BARBACENA;25.001;SEMAS;2.479;APOIO AS OBRAS SOCIAIS SANTO ANTÔNIO;56;PROTEÇÃO SOCIAL BÁSICA;8;Assistência Social;244;Assistência Comunitária;340;3.3.50.41.00.00.00.00;CONTRIBUIÇÕES;1.501.000.0000;OUTROS RECURSOS NÃO VINCULADOS;0,00
PREFEITURA MUNICIPAL DE BARBACENA;25.001;SEMAS;2.479;APOIO AS OBRAS SOCIAIS SANTO ANTÔNIO;56;PROTEÇÃO SOCIAL BÁSICA;8;Assistência Social;244;Assistência Comunitária;340;3.3.50.41.00.00.00.00;CONTRIBUIÇÕES;1.501.501.0000;OUTROS RECURSOS NÃO VINCULADOS - EMENDAS AMARILIO ANDRADE;12.500,00
PREFEITURA MUNICIPAL DE BARBACENA;25.001;SEMAS;2.479;APOIO AS OBRAS SOCIAIS SANTO ANTÔNIO;56;PROTEÇÃO SOCIAL BÁSICA;8;Assistência Social;244;Assistência Comunitária;340;3.3.50.41.00.00.00.00;CONTRIBUIÇÕES;1.501.507.0000;OUTROS RECURSOS NÃO VINCULADOS - EMENDAS FLAVIO MALUF;10.000,00
PREFEITURA MUNICIPAL DE BARBACENA;25.001;SEMAS;2.479;APOIO AS OBRAS SOCIAIS SANTO ANTÔNIO;56;PROTEÇÃO SOCIAL BÁSICA;8;Assistência Social;244;Assistência Comunitária;340;3.3.50.41.00.00.00.00;CONTRIBUIÇÕES;1.501.515.0000;OUTROS RECURSOS NÃO VINCULADOS - EMENDAS PAULINHO DO GAS;10.000,00
PREFEITURA MUNICIPAL DE BARBACENA;25.001;SEMAS;2.479;APOIO AS OBRAS SOCIAIS SANTO ANTÔNIO;56;PROTEÇÃO SOCIAL BÁSICA;8;Assistência Social;244;Assistência Comunitária;340;3.3.50.41.00.00.00.00;CONTRIBUIÇÕES;1.501.518.0000;OUTROS RECURSOS NÃO VINCULADOS - EMENDAS XINAIDER;15.000,00
PREFEITURA MUNICIPAL DE BARBACENA;25.001;SEMAS;2.479;APOIO AS OBRAS SOCIAIS SANTO ANTÔNIO;56;PROTEÇÃO SOCIAL BÁSICA;8;Assistência Social;244;Assistência Comunitária;340;3.3.50.41.00.00.00.00;CONTRIBUIÇÕES;1.753.000.0000;RECURSOS PROVENIENTES DE TAXAS, CONTRIBUIÇÕES E PREÇOS PÚBLICOS;0,00
PREFEITURA MUNICIPAL DE BARBACENA;25.001;SEMAS;2.479;APOIO AS OBRAS SOCIAIS SANTO ANTÔNIO;56;PROTEÇÃO SOCIAL BÁSICA;8;Assistência Social;244;Assistência Comunitária;340;3.3.50.41.00.00.00.00;CONTRIBUIÇÕES;1.753.502.0000;RECURSOS PROVENIENTES DE TAXAS, CONTRIBUIÇÕES E PREÇOS PÚBLICOS - EMENDAS DIEGO BAIANO;2.500,00
PREFEITURA MUNICIPAL DE BARBACENA;25.001;SEMAS;2.479;APOIO AS OBRAS SOCIAIS SANTO ANTÔNIO;56;PROTEÇÃO SOCIAL BÁSICA;8;Assistência Social;244;Assistência Comunitária;340;3.3.50.41.00.00.00.00;CONTRIBUIÇÕES;1.753.503.0000;RECURSOS PROVENIENTES DE TAXAS, CONTRIBUIÇÕES E PREÇOS PÚBLICOS - EMENDAS EVERTON WALLACE;5.000,00
PREFEITURA MUNICIPAL DE BARBACENA;25.001;SEMAS;2.479;APOIO AS OBRAS SOCIAIS SANTO ANTÔNIO;56;PROTEÇÃO SOCIAL BÁSICA;8;Assistência Social;244;Assistência Comunitária;340;3.3.50.41.00.00.00.00;CONTRIBUIÇÕES;1.753.508.0000;RECURSOS PROVENIENTES DE TAXAS, CONTRIBUIÇÕES E PREÇOS PÚBLICOS - EMENDAS GLAUBER MILAGRES;2.500,00
PREFEITURA MUNICIPAL DE BARBACENA;25.001;SEMAS;2.479;APOIO AS OBRAS SOCIAIS SANTO ANTÔNIO;56;PROTEÇÃO SOCIAL BÁSICA;8;Assistência Social;244;Assistência Comunitária;340;3.3.50.41.00.00.00.00;CONTRIBUIÇÕES;1.753.517.0000;RECURSOS PROVENIENTES DE TAXAS, CONTRIBUIÇÕES E PREÇOS PÚBLICOS - EMENDAS SANDRO HELENO;9.500,00
PREFEITURA MUNICIPAL DE BARBACENA;25.001;SEMAS;2.479;APOIO AS OBRAS SOCIAIS SANTO ANTÔNIO;56;PROTEÇÃO SOCIAL BÁSICA;8;Assistência Social;244;Assistência Comunitária;341;4.4.50.41.00.00.00.00;CONTRIBUIÇÕES;1.501.000.0000;OUTROS RECURSOS NÃO VINCULADOS;0,00
PREFEITURA MUNICIPAL DE BARBACENA;25.001;SEMAS;2.479;APOIO AS OBRAS SOCIAIS SANTO ANTÔNIO;56;PROTEÇÃO SOCIAL BÁSICA;8;Assistência Social;244;Assistência Comunitária;341;4.4.50.41.00.00.00.00;CONTRIBUIÇÕES;1.501.501.0000;OUTROS RECURSOS NÃO VINCULADOS - EMENDAS AMARILIO ANDRADE;12.500,00
PREFEITURA MUNICIPAL DE BARBACENA;25.001;SEMAS;2.479;APOIO AS OBRAS SOCIAIS SANTO ANTÔNIO;56;PROTEÇÃO SOCIAL BÁSICA;8;Assistência Social;244;Assistência Comunitária;341;4.4.50.41.00.00.00.00;CONTRIBUIÇÕES;1.501.507.0000;OUTROS RECURSOS NÃO VINCULADOS - EMENDAS FLAVIO MALUF;10.000,00
PREFEITURA MUNICIPAL DE BARBACENA;25.001;SEMAS;2.479;APOIO AS OBRAS SOCIAIS SANTO ANTÔNIO;56;PROTEÇÃO SOCIAL BÁSICA;8;Assistência Social;244;Assistência Comunitária;341;4.4.50.41.00.00.00.00;CONTRIBUIÇÕES;1.501.515.0000;OUTROS RECURSOS NÃO VINCULADOS - EMENDAS PAULINHO DO GAS;10.000,00
PREFEITURA MUNICIPAL DE BARBACENA;25.001;SEMAS;2.479;APOIO AS OBRAS SOCIAIS SANTO ANTÔNIO;56;PROTEÇÃO SOCIAL BÁSICA;8;Assistência Social;244;Assistência Comunitária;341;4.4.50.41.00.00.00.00;CONTRIBUIÇÕES;1.501.518.0000;OUTROS RECURSOS NÃO VINCULADOS - EMENDAS XINAIDER;15.000,00
PREFEITURA MUNICIPAL DE BARBACENA;25.001;SEMAS;2.479;APOIO AS OBRAS SOCIAIS SANTO ANTÔNIO;56;PROTEÇÃO SOCIAL BÁSICA;8;Assistência Social;244;Assistência Comunitária;341;4.4.50.41.00.00.00.00;CONTRIBUIÇÕES;1.753.000.0000;RECURSOS PROVENIENTES DE TAXAS, CONTRIBUIÇÕES E PREÇOS PÚBLICOS;0,00
PREFEITURA MUNICIPAL DE BARBACENA;25.001;SEMAS;2.479;APOIO AS OBRAS SOCIAIS SANTO ANTÔNIO;56;PROTEÇÃO SOCIAL BÁSICA;8;Assistência Social;244;Assistência Comunitária;341;4.4.50.41.00.00.00.00;CONTRIBUIÇÕES;1.753.502.0000;RECURSOS PROVENIENTES DE TAXAS, CONTRIBUIÇÕES E PREÇOS PÚBLICOS - EMENDAS DIEGO BAIANO;2.500,00
PREFEITURA MUNICIPAL DE BARBACENA;25.001;SEMAS;2.479;APOIO AS OBRAS SOCIAIS SANTO ANTÔNIO;56;PROTEÇÃO SOCIAL BÁSICA;8;Assistência Social;244;Assistência Comunitária;341;4.4.50.41.00.00.00.00;CONTRIBUIÇÕES;1.753.503.0000;RECURSOS PROVENIENTES DE TAXAS, CONTRIBUIÇÕES E PREÇOS PÚBLICOS - EMENDAS EVERTON WALLACE;5.000,00
PREFEITURA MUNICIPAL DE BARBACENA;25.001;SEMAS;2.479;APOIO AS OBRAS SOCIAIS SANTO ANTÔNIO;56;PROTEÇÃO SOCIAL BÁSICA;8;Assistência Social;244;Assistência Comunitária;341;4.4.50.41.00.00.00.00;CONTRIBUIÇÕES;1.753.508.0000;RECURSOS PROVENIENTES DE TAXAS, CONTRIBUIÇÕES E PREÇOS PÚBLICOS - EMENDAS GLAUBER MILAGRES;2.500,00
PREFEITURA MUNICIPAL DE BARBACENA;25.001;SEMAS;2.479;APOIO AS OBRAS SOCIAIS SANTO ANTÔNIO;56;PROTEÇÃO SOCIAL BÁSICA;8;Assistência Social;244;Assistência Comunitária;341;4.4.50.41.00.00.00.00;CONTRIBUIÇÕES;1.753.517.0000;RECURSOS PROVENIENTES DE TAXAS, CONTRIBUIÇÕES E PREÇOS PÚBLICOS - EMENDAS SANDRO HELENO;9.500,00
PREFEITURA MUNICIPAL DE BARBACENA;25.001;SEMAS;2.485;APOIO A ASSOCIAÇÃO DOS DIABÉTICOS DE BARBACENA - ASSODIBAR;56;PROTEÇÃO SOCIAL BÁSICA;8;Assistência Social;244;Assistência Comunitária;342;3.3.50.41.00.00.00.00;CONTRIBUIÇÕES;1.501.000.0000;OUTROS RECURSOS NÃO VINCULADOS;0,00
PREFEITURA MUNICIPAL DE BARBACENA;25.001;SEMAS;2.485;APOIO A ASSOCIAÇÃO DOS DIABÉTICOS DE BARBACENA - ASSODIBAR;56;PROTEÇÃO SOCIAL BÁSICA;8;Assistência Social;244;Assistência Comunitária;342;3.3.50.41.00.00.00.00;CONTRIBUIÇÕES;1.501.507.0000;OUTROS RECURSOS NÃO VINCULADOS - EMENDAS FLAVIO MALUF;5.000,00
PREFEITURA MUNICIPAL DE BARBACENA;25.001;SEMAS;2.485;APOIO A ASSOCIAÇÃO DOS DIABÉTICOS DE BARBACENA - ASSODIBAR;56;PROTEÇÃO SOCIAL BÁSICA;8;Assistência Social;244;Assistência Comunitária;342;3.3.50.41.00.00.00.00;CONTRIBUIÇÕES;1.501.515.0000;OUTROS RECURSOS NÃO VINCULADOS - EMENDAS PAULINHO DO GAS;15.000,00
PREFEITURA MUNICIPAL DE BARBACENA;25.001;SEMAS;2.485;APOIO A ASSOCIAÇÃO DOS DIABÉTICOS DE BARBACENA - ASSODIBAR;56;PROTEÇÃO SOCIAL BÁSICA;8;Assistência Social;244;Assistência Comunitária;342;3.3.50.41.00.00.00.00;CONTRIBUIÇÕES;1.753.000.0000;RECURSOS PROVENIENTES DE TAXAS, CONTRIBUIÇÕES E PREÇOS PÚBLICOS;0,00
PREFEITURA MUNICIPAL DE BARBACENA;25.001;SEMAS;2.485;APOIO A ASSOCIAÇÃO DOS DIABÉTICOS DE BARBACENA - ASSODIBAR;56;PROTEÇÃO SOCIAL BÁSICA;8;Assistência Social;244;Assistência Comunitária;342;3.3.50.41.00.00.00.00;CONTRIBUIÇÕES;1.753.508.0000;RECURSOS PROVENIENTES DE TAXAS, CONTRIBUIÇÕES E PREÇOS PÚBLICOS - EMENDAS GLAUBER MILAGRES;2.500,00
PREFEITURA MUNICIPAL DE BARBACENA;25.001;SEMAS;2.485;APOIO A ASSOCIAÇÃO DOS DIABÉTICOS DE BARBACENA - ASSODIBAR;56;PROTEÇÃO SOCIAL BÁSICA;8;Assistência Social;244;Assistência Comunitária;343;4.4.50.41.00.00.00.00;CONTRIBUIÇÕES;1.501.000.0000;OUTROS RECURSOS NÃO VINCULADOS;0,00
PREFEITURA MUNICIPAL DE BARBACENA;25.001;SEMAS;2.485;APOIO A ASSOCIAÇÃO DOS DIABÉTICOS DE BARBACENA - ASSODIBAR;56;PROTEÇÃO SOCIAL BÁSICA;8;Assistência Social;244;Assistência Comunitária;343;4.4.50.41.00.00.00.00;CONTRIBUIÇÕES;1.501.507.0000;OUTROS RECURSOS NÃO VINCULADOS - EMENDAS FLAVIO MALUF;5.000,00
PREFEITURA MUNICIPAL DE BARBACENA;25.001;SEMAS;2.485;APOIO A ASSOCIAÇÃO DOS DIABÉTICOS DE BARBACENA - ASSODIBAR;56;PROTEÇÃO SOCIAL BÁSICA;8;Assistência Social;244;Assistência Comunitária;343;4.4.50.41.00.00.00.00;CONTRIBUIÇÕES;1.501.515.0000;OUTROS RECURSOS NÃO VINCULADOS - EMENDAS PAULINHO DO GAS;15.000,00
PREFEITURA MUNICIPAL DE BARBACENA;25.001;SEMAS;2.485;APOIO A ASSOCIAÇÃO DOS DIABÉTICOS DE BARBACENA - ASSODIBAR;56;PROTEÇÃO SOCIAL BÁSICA;8;Assistência Social;244;Assistência Comunitária;343;4.4.50.41.00.00.00.00;CONTRIBUIÇÕES;1.753.000.0000;RECURSOS PROVENIENTES DE TAXAS, CONTRIBUIÇÕES E PREÇOS PÚBLICOS;0,00
PREFEITURA MUNICIPAL DE BARBACENA;25.001;SEMAS;2.485;APOIO A ASSOCIAÇÃO DOS DIABÉTICOS DE BARBACENA - ASSODIBAR;56;PROTEÇÃO SOCIAL BÁSICA;8;Assistência Social;244;Assistência Comunitária;343;4.4.50.41.00.00.00.00;CONTRIBUIÇÕES;1.753.508.0000;RECURSOS PROVENIENTES DE TAXAS, CONTRIBUIÇÕES E PREÇOS PÚBLICOS - EMENDAS GLAUBER MILAGRES;2.500,00
PREFEITURA MUNICIPAL DE BARBACENA;25.001;SEMAS;2.491;APOIO A ASSOCIAÇÃO DO AMPARO AS PESSOAS CARENTES E COM CANCER - ANAPECC;56;PROTEÇÃO SOCIAL BÁSICA;8;Assistência Social;244;Assistência Comunitária;344;3.3.50.41.00.00.00.00;CONTRIBUIÇÕES;1.501.000.0000;OUTROS RECURSOS NÃO VINCULADOS;0,00
PREFEITURA MUNICIPAL DE BARBACENA;25.001;SEMAS;2.491;APOIO A ASSOCIAÇÃO DO AMPARO AS PESSOAS CARENTES E COM CANCER - ANAPECC;56;PROTEÇÃO SOCIAL BÁSICA;8;Assistência Social;244;Assistência Comunitária;344;3.3.50.41.00.00.00.00;CONTRIBUIÇÕES;1.501.516.0000;OUTROS RECURSOS NÃO VINCULADOS - EMENDAS ROBERTO DA FARMACIA;31.720,83
PREFEITURA MUNICIPAL DE BARBACENA;25.001;SEMAS;2.491;APOIO A ASSOCIAÇÃO DO AMPARO AS PESSOAS CARENTES E COM CANCER - ANAPECC;56;PROTEÇÃO SOCIAL BÁSICA;8;Assistência Social;244;Assistência Comunitária;344;3.3.50.41.00.00.00.00;CONTRIBUIÇÕES;1.753.000.0000;RECURSOS PROVENIENTES DE TAXAS, CONTRIBUIÇÕES E PREÇOS PÚBLICOS;0,00
PREFEITURA MUNICIPAL DE BARBACENA;25.001;SEMAS;2.491;APOIO A ASSOCIAÇÃO DO AMPARO AS PESSOAS CARENTES E COM CANCER - ANAPECC;56;PROTEÇÃO SOCIAL BÁSICA;8;Assistência Social;244;Assistência Comunitária;344;3.3.50.41.00.00.00.00;CONTRIBUIÇÕES;1.753.502.0000;RECURSOS PROVENIENTES DE TAXAS, CONTRIBUIÇÕES E PREÇOS PÚBLICOS - EMENDAS DIEGO BAIANO;2.500,00
PREFEITURA MUNICIPAL DE BARBACENA;25.001;SEMAS;2.491;APOIO A ASSOCIAÇÃO DO AMPARO AS PESSOAS CARENTES E COM CANCER - ANAPECC;56;PROTEÇÃO SOCIAL BÁSICA;8;Assistência Social;244;Assistência Comunitária;345;4.4.50.41.00.00.00.00;CONTRIBUIÇÕES;1.501.000.0000;OUTROS RECURSOS NÃO VINCULADOS;0,00
PREFEITURA MUNICIPAL DE BARBACENA;25.001;SEMAS;2.491;APOIO A ASSOCIAÇÃO DO AMPARO AS PESSOAS CARENTES E COM CANCER - ANAPECC;56;PROTEÇÃO SOCIAL BÁSICA;8;Assistência Social;244;Assistência Comunitária;345;4.4.50.41.00.00.00.00;CONTRIBUIÇÕES;1.501.516.0000;OUTROS RECURSOS NÃO VINCULADOS - EMENDAS ROBERTO DA FARMACIA;31.720,82
PREFEITURA MUNICIPAL DE BARBACENA;25.001;SEMAS;2.491;APOIO A ASSOCIAÇÃO DO AMPARO AS PESSOAS CARENTES E COM CANCER - ANAPECC;56;PROTEÇÃO SOCIAL BÁSICA;8;Assistência Social;244;Assistência Comunitária;345;4.4.50.41.00.00.00.00;CONTRIBUIÇÕES;1.753.000.0000;RECURSOS PROVENIENTES DE TAXAS, CONTRIBUIÇÕES E PREÇOS PÚBLICOS;0,00
PREFEITURA MUNICIPAL DE BARBACENA;25.001;SEMAS;2.491;APOIO A ASSOCIAÇÃO DO AMPARO AS PESSOAS CARENTES E COM CANCER - ANAPECC;56;PROTEÇÃO SOCIAL BÁSICA;8;Assistência Social;244;Assistência Comunitária;345;4.4.50.41.00.00.00.00;CONTRIBUIÇÕES;1.753.502.0000;RECURSOS PROVENIENTES DE TAXAS, CONTRIBUIÇÕES E PREÇOS PÚBLICOS - EMENDAS DIEGO BAIANO;2.500,00
PREFEITURA MUNICIPAL DE BARBACENA;25.001;SEMAS;2.492;APOIO AO INSTITUTO SOCIOAMBIENTAL DAS VERTENTES - IVERT;56;PROTEÇÃO SOCIAL BÁSICA;8;Assistência Social;244;Assistência Comunitária;346;3.3.50.41.00.00.00.00;CONTRIBUIÇÕES;1.501.000.0000;OUTROS RECURSOS NÃO VINCULADOS;0,00
PREFEITURA MUNICIPAL DE BARBACENA;25.001;SEMAS;2.492;APOIO AO INSTITUTO SOCIOAMBIENTAL DAS VERTENTES - IVERT;56;PROTEÇÃO SOCIAL BÁSICA;8;Assistência Social;244;Assistência Comunitária;346;3.3.50.41.00.00.00.00;CONTRIBUIÇÕES;1.501.509.0000;OUTROS RECURSOS NÃO VINCULADOS - EMENDAS DONIZETE MEDEIROS;6.720,83
PREFEITURA MUNICIPAL DE BARBACENA;25.001;SEMAS;2.492;APOIO AO INSTITUTO SOCIOAMBIENTAL DAS VERTENTES - IVERT;56;PROTEÇÃO SOCIAL BÁSICA;8;Assistência Social;244;Assistência Comunitária;346;3.3.50.41.00.00.00.00;CONTRIBUIÇÕES;1.753.000.0000;RECURSOS PROVENIENTES DE TAXAS, CONTRIBUIÇÕES E PREÇOS PÚBLICOS;0,00
PREFEITURA MUNICIPAL DE BARBACENA;25.001;SEMAS;2.492;APOIO AO INSTITUTO SOCIOAMBIENTAL DAS VERTENTES - IVERT;56;PROTEÇÃO SOCIAL BÁSICA;8;Assistência Social;244;Assistência Comunitária;346;3.3.50.41.00.00.00.00;CONTRIBUIÇÕES;1.753.502.0000;RECURSOS PROVENIENTES DE TAXAS, CONTRIBUIÇÕES E PREÇOS PÚBLICOS - EMENDAS DIEGO BAIANO;5.000,00
PREFEITURA MUNICIPAL DE BARBACENA;25.001;SEMAS;2.492;APOIO AO INSTITUTO SOCIOAMBIENTAL DAS VERTENTES - IVERT;56;PROTEÇÃO SOCIAL BÁSICA;8;Assistência Social;244;Assistência Comunitária;346;3.3.50.41.00.00.00.00;CONTRIBUIÇÕES;1.753.508.0000;RECURSOS PROVENIENTES DE TAXAS, CONTRIBUIÇÕES E PREÇOS PÚBLICOS - EMENDAS GLAUBER MILAGRES;11.500,00
PREFEITURA MUNICIPAL DE BARBACENA;25.001;SEMAS;2.492;APOIO AO INSTITUTO SOCIOAMBIENTAL DAS VERTENTES - IVERT;56;PROTEÇÃO SOCIAL BÁSICA;8;Assistência Social;244;Assistência Comunitária;347;4.4.50.41.00.00.00.00;CONTRIBUIÇÕES;1.501.000.0000;OUTROS RECURSOS NÃO VINCULADOS;0,00
PREFEITURA MUNICIPAL DE BARBACENA;25.001;SEMAS;2.492;APOIO AO INSTITUTO SOCIOAMBIENTAL DAS VERTENTES - IVERT;56;PROTEÇÃO SOCIAL BÁSICA;8;Assistência Social;244;Assistência Comunitária;347;4.4.50.41.00.00.00.00;CONTRIBUIÇÕES;1.501.509.0000;OUTROS RECURSOS NÃO VINCULADOS - EMENDAS DONIZETE MEDEIROS;6.720,82
PREFEITURA MUNICIPAL DE BARBACENA;25.001;SEMAS;2.492;APOIO AO INSTITUTO SOCIOAMBIENTAL DAS VERTENTES - IVERT;56;PROTEÇÃO SOCIAL BÁSICA;8;Assistência Social;244;Assistência Comunitária;347;4.4.50.41.00.00.00.00;CONTRIBUIÇÕES;1.753.000.0000;RECURSOS PROVENIENTES DE TAXAS, CONTRIBUIÇÕES E PREÇOS PÚBLICOS;0,00
PREFEITURA MUNICIPAL DE BARBACENA;25.001;SEMAS;2.492;APOIO AO INSTITUTO SOCIOAMBIENTAL DAS VERTENTES - IVERT;56;PROTEÇÃO SOCIAL BÁSICA;8;Assistência Social;244;Assistência Comunitária;347;4.4.50.41.00.00.00.00;CONTRIBUIÇÕES;1.753.502.0000;RECURSOS PROVENIENTES DE TAXAS, CONTRIBUIÇÕES E PREÇOS PÚBLICOS - EMENDAS DIEGO BAIANO;5.000,00
PREFEITURA MUNICIPAL DE BARBACENA;25.001;SEMAS;2.492;APOIO AO INSTITUTO SOCIOAMBIENTAL DAS VERTENTES - IVERT;56;PROTEÇÃO SOCIAL BÁSICA;8;Assistência Social;244;Assistência Comunitária;347;4.4.50.41.00.00.00.00;CONTRIBUIÇÕES;1.753.508.0000;RECURSOS PROVENIENTES DE TAXAS, CONTRIBUIÇÕES E PREÇOS PÚBLICOS - EMENDAS GLAUBER MILAGRES;11.500,00
PREFEITURA MUNICIPAL DE BARBACENA;25.001;SEMAS;2.498;APOIO AO PROJETO MARIA MARIA - INSTITUTO BOM PASTOR;56;PROTEÇÃO SOCIAL BÁSICA;8;Assistência Social;244;Assistência Comunitária;348;3.3.50.41.00.00.00.00;CONTRIBUIÇÕES;1.501.000.0000;OUTROS RECURSOS NÃO VINCULADOS;0,00
PREFEITURA MUNICIPAL DE BARBACENA;25.001;SEMAS;2.498;APOIO AO PROJETO MARIA MARIA - INSTITUTO BOM PASTOR;56;PROTEÇÃO SOCIAL BÁSICA;8;Assistência Social;244;Assistência Comunitária;348;3.3.50.41.00.00.00.00;CONTRIBUIÇÕES;1.501.512.0000;OUTROS RECURSOS NÃO VINCULADOS - EMENDAS MARILENE FRANCO;5.000,00
PREFEITURA MUNICIPAL DE BARBACENA;25.001;SEMAS;2.498;APOIO AO PROJETO MARIA MARIA - INSTITUTO BOM PASTOR;56;PROTEÇÃO SOCIAL BÁSICA;8;Assistência Social;244;Assistência Comunitária;348;3.3.50.41.00.00.00.00;CONTRIBUIÇÕES;1.501.515.0000;OUTROS RECURSOS NÃO VINCULADOS - EMENDAS PAULINHO DO GAS;5.000,00
PREFEITURA MUNICIPAL DE BARBACENA;25.001;SEMAS;2.498;APOIO AO PROJETO MARIA MARIA - INSTITUTO BOM PASTOR;56;PROTEÇÃO SOCIAL BÁSICA;8;Assistência Social;244;Assistência Comunitária;349;4.4.50.41.00.00.00.00;CONTRIBUIÇÕES;1.501.000.0000;OUTROS RECURSOS NÃO VINCULADOS;0,00
PREFEITURA MUNICIPAL DE BARBACENA;25.001;SEMAS;2.498;APOIO AO PROJETO MARIA MARIA - INSTITUTO BOM PASTOR;56;PROTEÇÃO SOCIAL BÁSICA;8;Assistência Social;244;Assistência Comunitária;349;4.4.50.41.00.00.00.00;CONTRIBUIÇÕES;1.501.512.0000;OUTROS RECURSOS NÃO VINCULADOS - EMENDAS MARILENE FRANCO;5.000,00
PREFEITURA MUNICIPAL DE BARBACENA;25.001;SEMAS;2.498;APOIO AO PROJETO MARIA MARIA - INSTITUTO BOM PASTOR;56;PROTEÇÃO SOCIAL BÁSICA;8;Assistência Social;244;Assistência Comunitária;349;4.4.50.41.00.00.00.00;CONTRIBUIÇÕES;1.501.515.0000;OUTROS RECURSOS NÃO VINCULADOS - EMENDAS PAULINHO DO GAS;5.000,00
PREFEITURA MUNICIPAL DE BARBACENA;25.001;SEMAS;2.501;APOIO A ASSOCIACAO ALIANCA DE MISERICORDIA;56;PROTEÇÃO SOCIAL BÁSICA;8;Assistência Social;244;Assistência Comunitária;350;3.3.50.41.00.00.00.00;CONTRIBUIÇÕES;1.501.000.0000;OUTROS RECURSOS NÃO VINCULADOS;0,00
PREFEITURA MUNICIPAL DE BARBACENA;25.001;SEMAS;2.501;APOIO A ASSOCIACAO ALIANCA DE MISERICORDIA;56;PROTEÇÃO SOCIAL BÁSICA;8;Assistência Social;244;Assistência Comunitária;350;3.3.50.41.00.00.00.00;CONTRIBUIÇÕES;1.501.515.0000;OUTROS RECURSOS NÃO VINCULADOS - EMENDAS PAULINHO DO GAS;5.000,00
PREFEITURA MUNICIPAL DE BARBACENA;25.001;SEMAS;2.501;APOIO A ASSOCIACAO ALIANCA DE MISERICORDIA;56;PROTEÇÃO SOCIAL BÁSICA;8;Assistência Social;244;Assistência Comunitária;350;3.3.50.41.00.00.00.00;CONTRIBUIÇÕES;1.753.000.0000;RECURSOS PROVENIENTES DE TAXAS, CONTRIBUIÇÕES E PREÇOS PÚBLICOS;0,00
PREFEITURA MUNICIPAL DE BARBACENA;25.001;SEMAS;2.501;APOIO A ASSOCIACAO ALIANCA DE MISERICORDIA;56;PROTEÇÃO SOCIAL BÁSICA;8;Assistência Social;244;Assistência Comunitária;350;3.3.50.41.00.00.00.00;CONTRIBUIÇÕES;1.753.511.0000;RECURSOS PROVENIENTES DE TAXAS, CONTRIBUIÇÕES E PREÇOS PÚBLICOS - EMENDAS CARLINHOS PLAY BOY;5.000,00
PREFEITURA MUNICIPAL DE BARBACENA;25.001;SEMAS;2.501;APOIO A ASSOCIACAO ALIANCA DE MISERICORDIA;56;PROTEÇÃO SOCIAL BÁSICA;8;Assistência Social;244;Assistência Comunitária;351;4.4.50.41.00.00.00.00;CONTRIBUIÇÕES;1.501.000.0000;OUTROS RECURSOS NÃO VINCULADOS;0,00
PREFEITURA MUNICIPAL DE BARBACENA;25.001;SEMAS;2.501;APOIO A ASSOCIACAO ALIANCA DE MISERICORDIA;56;PROTEÇÃO SOCIAL BÁSICA;8;Assistência Social;244;Assistência Comunitária;351;4.4.50.41.00.00.00.00;CONTRIBUIÇÕES;1.501.515.0000;OUTROS RECURSOS NÃO VINCULADOS - EMENDAS PAULINHO DO GAS;5.000,00
PREFEITURA MUNICIPAL DE BARBACENA;25.001;SEMAS;2.501;APOIO A ASSOCIACAO ALIANCA DE MISERICORDIA;56;PROTEÇÃO SOCIAL BÁSICA;8;Assistência Social;244;Assistência Comunitária;351;4.4.50.41.00.00.00.00;CONTRIBUIÇÕES;1.753.000.0000;RECURSOS PROVENIENTES DE TAXAS, CONTRIBUIÇÕES E PREÇOS PÚBLICOS;0,00
PREFEITURA MUNICIPAL DE BARBACENA;25.001;SEMAS;2.501;APOIO A ASSOCIACAO ALIANCA DE MISERICORDIA;56;PROTEÇÃO SOCIAL BÁSICA;8;Assistência Social;244;Assistência Comunitária;351;4.4.50.41.00.00.00.00;CONTRIBUIÇÕES;1.753.511.0000;RECURSOS PROVENIENTES DE TAXAS, CONTRIBUIÇÕES E PREÇOS PÚBLICOS - EMENDAS CARLINHOS PLAY BOY;5.000,00
PREFEITURA MUNICIPAL DE BARBACENA;25.001;SEMAS;2.503;APOIO A ASSOCIACAO COMUNITARIA PROJETO DE VIDA;56;PROTEÇÃO SOCIAL BÁSICA;8;Assistência Social;244;Assistência Comunitária;352;3.3.50.41.00.00.00.00;CONTRIBUIÇÕES;1.501.000.0000;OUTROS RECURSOS NÃO VINCULADOS;0,00
PREFEITURA MUNICIPAL DE BARBACENA;25.001;SEMAS;2.503;APOIO A ASSOCIACAO COMUNITARIA PROJETO DE VIDA;56;PROTEÇÃO SOCIAL BÁSICA;8;Assistência Social;244;Assistência Comunitária;352;3.3.50.41.00.00.00.00;CONTRIBUIÇÕES;1.501.515.0000;OUTROS RECURSOS NÃO VINCULADOS - EMENDAS PAULINHO DO GAS;14.220,83
PREFEITURA MUNICIPAL DE BARBACENA;25.001;SEMAS;2.503;APOIO A ASSOCIACAO COMUNITARIA PROJETO DE VIDA;56;PROTEÇÃO SOCIAL BÁSICA;8;Assistência Social;244;Assistência Comunitária;353;4.4.50.41.00.00.00.00;CONTRIBUIÇÕES;1.501.000.0000;OUTROS RECURSOS NÃO VINCULADOS;0,00
PREFEITURA MUNICIPAL DE BARBACENA;25.001;SEMAS;2.503;APOIO A ASSOCIACAO COMUNITARIA PROJETO DE VIDA;56;PROTEÇÃO SOCIAL BÁSICA;8;Assistência Social;244;Assistência Comunitária;353;4.4.50.41.00.00.00.00;CONTRIBUIÇÕES;1.501.515.0000;OUTROS RECURSOS NÃO VINCULADOS - EMENDAS PAULINHO DO GAS;14.220,82
PREFEITURA MUNICIPAL DE BARBACENA;25.001;SEMAS;2.505;APOIO AO INSTITUTO JOSE LUIZ FERREIRA;56;PROTEÇÃO SOCIAL BÁSICA;8;Assistência Social;244;Assistência Comunitária;354;3.3.50.41.00.00.00.00;CONTRIBUIÇÕES;1.501.000.0000;OUTROS RECURSOS NÃO VINCULADOS;0,00
PREFEITURA MUNICIPAL DE BARBACENA;25.001;SEMAS;2.505;APOIO AO INSTITUTO JOSE LUIZ FERREIRA;56;PROTEÇÃO SOCIAL BÁSICA;8;Assistência Social;244;Assistência Comunitária;354;3.3.50.41.00.00.00.00;CONTRIBUIÇÕES;1.501.510.0000;OUTROS RECURSOS NÃO VINCULADOS - EMENDAS TODINHO;10.000,00
PREFEITURA MUNICIPAL DE BARBACENA;25.001;SEMAS;2.505;APOIO AO INSTITUTO JOSE LUIZ FERREIRA;56;PROTEÇÃO SOCIAL BÁSICA;8;Assistência Social;244;Assistência Comunitária;354;3.3.50.41.00.00.00.00;CONTRIBUIÇÕES;1.501.514.0000;OUTROS RECURSOS NÃO VINCULADOS - EMENDAS JOAO DA SEMENTE;5.000,00
PREFEITURA MUNICIPAL DE BARBACENA;25.001;SEMAS;2.505;APOIO AO INSTITUTO JOSE LUIZ FERREIRA;56;PROTEÇÃO SOCIAL BÁSICA;8;Assistência Social;244;Assistência Comunitária;354;3.3.50.41.00.00.00.00;CONTRIBUIÇÕES;1.753.000.0000;RECURSOS PROVENIENTES DE TAXAS, CONTRIBUIÇÕES E PREÇOS PÚBLICOS;0,00
PREFEITURA MUNICIPAL DE BARBACENA;25.001;SEMAS;2.505;APOIO AO INSTITUTO JOSE LUIZ FERREIRA;56;PROTEÇÃO SOCIAL BÁSICA;8;Assistência Social;244;Assistência Comunitária;354;3.3.50.41.00.00.00.00;CONTRIBUIÇÕES;1.753.508.0000;RECURSOS PROVENIENTES DE TAXAS, CONTRIBUIÇÕES E PREÇOS PÚBLICOS - EMENDAS GLAUBER MILAGRES;2.500,00
PREFEITURA MUNICIPAL DE BARBACENA;25.001;SEMAS;2.505;APOIO AO INSTITUTO JOSE LUIZ FERREIRA;56;PROTEÇÃO SOCIAL BÁSICA;8;Assistência Social;244;Assistência Comunitária;355;4.4.50.41.00.00.00.00;CONTRIBUIÇÕES;1.501.000.0000;OUTROS RECURSOS NÃO VINCULADOS;0,00
PREFEITURA MUNICIPAL DE BARBACENA;25.001;SEMAS;2.505;APOIO AO INSTITUTO JOSE LUIZ FERREIRA;56;PROTEÇÃO SOCIAL BÁSICA;8;Assistência Social;244;Assistência Comunitária;355;4.4.50.41.00.00.00.00;CONTRIBUIÇÕES;1.501.510.0000;OUTROS RECURSOS NÃO VINCULADOS - EMENDAS TODINHO;10.000,00
PREFEITURA MUNICIPAL DE BARBACENA;25.001;SEMAS;2.505;APOIO AO INSTITUTO JOSE LUIZ FERREIRA;56;PROTEÇÃO SOCIAL BÁSICA;8;Assistência Social;244;Assistência Comunitária;355;4.4.50.41.00.00.00.00;CONTRIBUIÇÕES;1.501.514.0000;OUTROS RECURSOS NÃO VINCULADOS - EMENDAS JOAO DA SEMENTE;5.000,00
PREFEITURA MUNICIPAL DE BARBACENA;25.001;SEMAS;2.505;APOIO AO INSTITUTO JOSE LUIZ FERREIRA;56;PROTEÇÃO SOCIAL BÁSICA;8;Assistência Social;244;Assistência Comunitária;355;4.4.50.41.00.00.00.00;CONTRIBUIÇÕES;1.753.000.0000;RECURSOS PROVENIENTES DE TAXAS, CONTRIBUIÇÕES E PREÇOS PÚBLICOS;0,00
PREFEITURA MUNICIPAL DE BARBACENA;25.001;SEMAS;2.505;APOIO AO INSTITUTO JOSE LUIZ FERREIRA;56;PROTEÇÃO SOCIAL BÁSICA;8;Assistência Social;244;Assistência Comunitária;355;4.4.50.41.00.00.00.00;CONTRIBUIÇÕES;1.753.508.0000;RECURSOS PROVENIENTES DE TAXAS, CONTRIBUIÇÕES E PREÇOS PÚBLICOS - EMENDAS GLAUBER MILAGRES;2.500,00
PREFEITURA MUNICIPAL DE BARBACENA;25.001;SEMAS;2.506;APOIO A PAROQUIA DE SENHORA DAS DORES;56;PROTEÇÃO SOCIAL BÁSICA;8;Assistência Social;244;Assistência Comunitária;356;3.3.50.41.00.00.00.00;CONTRIBUIÇÕES;1.501.000.0000;OUTROS RECURSOS NÃO VINCULADOS;0,00
PREFEITURA MUNICIPAL DE BARBACENA;25.001;SEMAS;2.506;APOIO A PAROQUIA DE SENHORA DAS DORES;56;PROTEÇÃO SOCIAL BÁSICA;8;Assistência Social;244;Assistência Comunitária;356;3.3.50.41.00.00.00.00;CONTRIBUIÇÕES;1.501.514.0000;OUTROS RECURSOS NÃO VINCULADOS - EMENDAS JOAO DA SEMENTE;5.000,00
PREFEITURA MUNICIPAL DE BARBACENA;25.001;SEMAS;2.506;APOIO A PAROQUIA DE SENHORA DAS DORES;56;PROTEÇÃO SOCIAL BÁSICA;8;Assistência Social;244;Assistência Comunitária;356;3.3.50.41.00.00.00.00;CONTRIBUIÇÕES;1.753.000.0000;RECURSOS PROVENIENTES DE TAXAS, CONTRIBUIÇÕES E PREÇOS PÚBLICOS;0,00
PREFEITURA MUNICIPAL DE BARBACENA;25.001;SEMAS;2.506;APOIO A PAROQUIA DE SENHORA DAS DORES;56;PROTEÇÃO SOCIAL BÁSICA;8;Assistência Social;244;Assistência Comunitária;356;3.3.50.41.00.00.00.00;CONTRIBUIÇÕES;1.753.502.0000;RECURSOS PROVENIENTES DE TAXAS, CONTRIBUIÇÕES E PREÇOS PÚBLICOS - EMENDAS DIEGO BAIANO;5.000,00
PREFEITURA MUNICIPAL DE BARBACENA;25.001;SEMAS;2.506;APOIO A PAROQUIA DE SENHORA DAS DORES;56;PROTEÇÃO SOCIAL BÁSICA;8;Assistência Social;244;Assistência Comunitária;356;3.3.50.41.00.00.00.00;CONTRIBUIÇÕES;1.753.511.0000;RECURSOS PROVENIENTES DE TAXAS, CONTRIBUIÇÕES E PREÇOS PÚBLICOS - EMENDAS CARLINHOS PLAY BOY;5.000,00
PREFEITURA MUNICIPAL DE BARBACENA;25.001;SEMAS;2.506;APOIO A PAROQUIA DE SENHORA DAS DORES;56;PROTEÇÃO SOCIAL BÁSICA;8;Assistência Social;244;Assistência Comunitária;357;4.4.50.41.00.00.00.00;CONTRIBUIÇÕES;1.501.000.0000;OUTROS RECURSOS NÃO VINCULADOS;0,00
PREFEITURA MUNICIPAL DE BARBACENA;25.001;SEMAS;2.506;APOIO A PAROQUIA DE SENHORA DAS DORES;56;PROTEÇÃO SOCIAL BÁSICA;8;Assistência Social;244;Assistência Comunitária;357;4.4.50.41.00.00.00.00;CONTRIBUIÇÕES;1.501.514.0000;OUTROS RECURSOS NÃO VINCULADOS - EMENDAS JOAO DA SEMENTE;5.000,00
PREFEITURA MUNICIPAL DE BARBACENA;25.001;SEMAS;2.506;APOIO A PAROQUIA DE SENHORA DAS DORES;56;PROTEÇÃO SOCIAL BÁSICA;8;Assistência Social;244;Assistência Comunitária;357;4.4.50.41.00.00.00.00;CONTRIBUIÇÕES;1.753.000.0000;RECURSOS PROVENIENTES DE TAXAS, CONTRIBUIÇÕES E PREÇOS PÚBLICOS;0,00
PREFEITURA MUNICIPAL DE BARBACENA;25.001;SEMAS;2.506;APOIO A PAROQUIA DE SENHORA DAS DORES;56;PROTEÇÃO SOCIAL BÁSICA;8;Assistência Social;244;Assistência Comunitária;357;4.4.50.41.00.00.00.00;CONTRIBUIÇÕES;1.753.502.0000;RECURSOS PROVENIENTES DE TAXAS, CONTRIBUIÇÕES E PREÇOS PÚBLICOS - EMENDAS DIEGO BAIANO;5.000,00
PREFEITURA MUNICIPAL DE BARBACENA;25.001;SEMAS;2.506;APOIO A PAROQUIA DE SENHORA DAS DORES;56;PROTEÇÃO SOCIAL BÁSICA;8;Assistência Social;244;Assistência Comunitária;357;4.4.50.41.00.00.00.00;CONTRIBUIÇÕES;1.753.511.0000;RECURSOS PROVENIENTES DE TAXAS, CONTRIBUIÇÕES E PREÇOS PÚBLICOS - EMENDAS CARLINHOS PLAY BOY;5.000,00
PREFEITURA MUNICIPAL DE BARBACENA;25.001;SEMAS;2.507;APOIO A ASSOCIACAO FAMILIA DE MARIA (INSTITUTO PE. CUNHA);56;PROTEÇÃO SOCIAL BÁSICA;8;Assistência Social;244;Assistência Comunitária;358;3.3.50.41.00.00.00.00;CONTRIBUIÇÕES;1.501.000.0000;OUTROS RECURSOS NÃO VINCULADOS;0,00
PREFEITURA MUNICIPAL DE BARBACENA;25.001;SEMAS;2.507;APOIO A ASSOCIACAO FAMILIA DE MARIA (INSTITUTO PE. CUNHA);56;PROTEÇÃO SOCIAL BÁSICA;8;Assistência Social;244;Assistência Comunitária;358;3.3.50.41.00.00.00.00;CONTRIBUIÇÕES;1.501.507.0000;OUTROS RECURSOS NÃO VINCULADOS - EMENDAS FLAVIO MALUF;25.000,00
PREFEITURA MUNICIPAL DE BARBACENA;25.001;SEMAS;2.507;APOIO A ASSOCIACAO FAMILIA DE MARIA (INSTITUTO PE. CUNHA);56;PROTEÇÃO SOCIAL BÁSICA;8;Assistência Social;244;Assistência Comunitária;358;3.3.50.41.00.00.00.00;CONTRIBUIÇÕES;1.501.510.0000;OUTROS RECURSOS NÃO VINCULADOS - EMENDAS TODINHO;5.000,00
PREFEITURA MUNICIPAL DE BARBACENA;25.001;SEMAS;2.507;APOIO A ASSOCIACAO FAMILIA DE MARIA (INSTITUTO PE. CUNHA);56;PROTEÇÃO SOCIAL BÁSICA;8;Assistência Social;244;Assistência Comunitária;358;3.3.50.41.00.00.00.00;CONTRIBUIÇÕES;1.501.514.0000;OUTROS RECURSOS NÃO VINCULADOS - EMENDAS JOAO DA SEMENTE;5.000,00
PREFEITURA MUNICIPAL DE BARBACENA;25.001;SEMAS;2.507;APOIO A ASSOCIACAO FAMILIA DE MARIA (INSTITUTO PE. CUNHA);56;PROTEÇÃO SOCIAL BÁSICA;8;Assistência Social;244;Assistência Comunitária;358;3.3.50.41.00.00.00.00;CONTRIBUIÇÕES;1.753.000.0000;RECURSOS PROVENIENTES DE TAXAS, CONTRIBUIÇÕES E PREÇOS PÚBLICOS;0,00
PREFEITURA MUNICIPAL DE BARBACENA;25.001;SEMAS;2.507;APOIO A ASSOCIACAO FAMILIA DE MARIA (INSTITUTO PE. CUNHA);56;PROTEÇÃO SOCIAL BÁSICA;8;Assistência Social;244;Assistência Comunitária;358;3.3.50.41.00.00.00.00;CONTRIBUIÇÕES;1.753.502.0000;RECURSOS PROVENIENTES DE TAXAS, CONTRIBUIÇÕES E PREÇOS PÚBLICOS - EMENDAS DIEGO BAIANO;12.500,00
PREFEITURA MUNICIPAL DE BARBACENA;25.001;SEMAS;2.507;APOIO A ASSOCIACAO FAMILIA DE MARIA (INSTITUTO PE. CUNHA);56;PROTEÇÃO SOCIAL BÁSICA;8;Assistência Social;244;Assistência Comunitária;359;4.4.50.41.00.00.00.00;CONTRIBUIÇÕES;1.501.000.0000;OUTROS RECURSOS NÃO VINCULADOS;0,00
PREFEITURA MUNICIPAL DE BARBACENA;25.001;SEMAS;2.507;APOIO A ASSOCIACAO FAMILIA DE MARIA (INSTITUTO PE. CUNHA);56;PROTEÇÃO SOCIAL BÁSICA;8;Assistência Social;244;Assistência Comunitária;359;4.4.50.41.00.00.00.00;CONTRIBUIÇÕES;1.501.507.0000;OUTROS RECURSOS NÃO VINCULADOS - EMENDAS FLAVIO MALUF;25.000,00
PREFEITURA MUNICIPAL DE BARBACENA;25.001;SEMAS;2.507;APOIO A ASSOCIACAO FAMILIA DE MARIA (INSTITUTO PE. CUNHA);56;PROTEÇÃO SOCIAL BÁSICA;8;Assistência Social;244;Assistência Comunitária;359;4.4.50.41.00.00.00.00;CONTRIBUIÇÕES;1.501.510.0000;OUTROS RECURSOS NÃO VINCULADOS - EMENDAS TODINHO;5.000,00
PREFEITURA MUNICIPAL DE BARBACENA;25.001;SEMAS;2.507;APOIO A ASSOCIACAO FAMILIA DE MARIA (INSTITUTO PE. CUNHA);56;PROTEÇÃO SOCIAL BÁSICA;8;Assistência Social;244;Assistência Comunitária;359;4.4.50.41.00.00.00.00;CONTRIBUIÇÕES;1.501.514.0000;OUTROS RECURSOS NÃO VINCULADOS - EMENDAS JOAO DA SEMENTE;5.000,00
PREFEITURA MUNICIPAL DE BARBACENA;25.001;SEMAS;2.507;APOIO A ASSOCIACAO FAMILIA DE MARIA (INSTITUTO PE. CUNHA);56;PROTEÇÃO SOCIAL BÁSICA;8;Assistência Social;244;Assistência Comunitária;359;4.4.50.41.00.00.00.00;CONTRIBUIÇÕES;1.753.000.0000;RECURSOS PROVENIENTES DE TAXAS, CONTRIBUIÇÕES E PREÇOS PÚBLICOS;0,00
PREFEITURA MUNICIPAL DE BARBACENA;25.001;SEMAS;2.507;APOIO A ASSOCIACAO FAMILIA DE MARIA (INSTITUTO PE. CUNHA);56;PROTEÇÃO SOCIAL BÁSICA;8;Assistência Social;244;Assistência Comunitária;359;4.4.50.41.00.00.00.00;CONTRIBUIÇÕES;1.753.502.0000;RECURSOS PROVENIENTES DE TAXAS, CONTRIBUIÇÕES E PREÇOS PÚBLICOS - EMENDAS DIEGO BAIANO;12.500,00
PREFEITURA MUNICIPAL DE BARBACENA;25.001;SEMAS;2.534;APOIO A ASSOCIAÇÃO SOCIOAMBIENTAL FILHOS DAS ESTRELAS - ASAFE;56;PROTEÇÃO SOCIAL BÁSICA;8;Assistência Social;244;Assistência Comunitária;360;3.3.50.41.00.00.00.00;CONTRIBUIÇÕES;1.501.000.0000;OUTROS RECURSOS NÃO VINCULADOS;0,00
PREFEITURA MUNICIPAL DE BARBACENA;25.001;SEMAS;2.534;APOIO A ASSOCIAÇÃO SOCIOAMBIENTAL FILHOS DAS ESTRELAS - ASAFE;56;PROTEÇÃO SOCIAL BÁSICA;8;Assistência Social;244;Assistência Comunitária;360;3.3.50.41.00.00.00.00;CONTRIBUIÇÕES;1.501.516.0000;OUTROS RECURSOS NÃO VINCULADOS - EMENDAS ROBERTO DA FARMACIA;15.000,00
PREFEITURA MUNICIPAL DE BARBACENA;25.001;SEMAS;2.534;APOIO A ASSOCIAÇÃO SOCIOAMBIENTAL FILHOS DAS ESTRELAS - ASAFE;56;PROTEÇÃO SOCIAL BÁSICA;8;Assistência Social;244;Assistência Comunitária;361;4.4.50.41.00.00.00.00;CONTRIBUIÇÕES;1.501.000.0000;OUTROS RECURSOS NÃO VINCULADOS;0,00
PREFEITURA MUNICIPAL DE BARBACENA;25.001;SEMAS;2.534;APOIO A ASSOCIAÇÃO SOCIOAMBIENTAL FILHOS DAS ESTRELAS - ASAFE;56;PROTEÇÃO SOCIAL BÁSICA;8;Assistência Social;244;Assistência Comunitária;361;4.4.50.41.00.00.00.00;CONTRIBUIÇÕES;1.501.516.0000;OUTROS RECURSOS NÃO VINCULADOS - EMENDAS ROBERTO DA FARMACIA;15.000,00
PREFEITURA MUNICIPAL DE BARBACENA;25.001;SEMAS;2.536;APOIO AO INSTITUTO JOAO BOSCO;56;PROTEÇÃO SOCIAL BÁSICA;8;Assistência Social;244;Assistência Comunitária;362;3.3.50.41.00.00.00.00;CONTRIBUIÇÕES;1.501.000.0000;OUTROS RECURSOS NÃO VINCULADOS;0,00
PREFEITURA MUNICIPAL DE BARBACENA;25.001;SEMAS;2.536;APOIO AO INSTITUTO JOAO BOSCO;56;PROTEÇÃO SOCIAL BÁSICA;8;Assistência Social;244;Assistência Comunitária;362;3.3.50.41.00.00.00.00;CONTRIBUIÇÕES;1.501.501.0000;OUTROS RECURSOS NÃO VINCULADOS - EMENDAS AMARILIO ANDRADE;12.500,00
PREFEITURA MUNICIPAL DE BARBACENA;25.001;SEMAS;2.536;APOIO AO INSTITUTO JOAO BOSCO;56;PROTEÇÃO SOCIAL BÁSICA;8;Assistência Social;244;Assistência Comunitária;363;4.4.50.41.00.00.00.00;CONTRIBUIÇÕES;1.501.000.0000;OUTROS RECURSOS NÃO VINCULADOS;0,00
PREFEITURA MUNICIPAL DE BARBACENA;25.001;SEMAS;2.536;APOIO AO INSTITUTO JOAO BOSCO;56;PROTEÇÃO SOCIAL BÁSICA;8;Assistência Social;244;Assistência Comunitária;363;4.4.50.41.00.00.00.00;CONTRIBUIÇÕES;1.501.501.0000;OUTROS RECURSOS NÃO VINCULADOS - EMENDAS AMARILIO ANDRADE;12.500,00
PREFEITURA MUNICIPAL DE BARBACENA;25.001;SEMAS;2.537;APOIO AO INSTITUTO MARIA IMACULADA - ESCOLA N.SA AUXILIADORA;56;PROTEÇÃO SOCIAL BÁSICA;8;Assistência Social;244;Assistência Comunitária;364;3.3.50.41.00.00.00.00;CONTRIBUIÇÕES;1.501.000.0000;OUTROS RECURSOS NÃO VINCULADOS;0,00
PREFEITURA MUNICIPAL DE BARBACENA;25.001;SEMAS;2.537;APOIO AO INSTITUTO MARIA IMACULADA - ESCOLA N.SA AUXILIADORA;56;PROTEÇÃO SOCIAL BÁSICA;8;Assistência Social;244;Assistência Comunitária;364;3.3.50.41.00.00.00.00;CONTRIBUIÇÕES;1.501.516.0000;OUTROS RECURSOS NÃO VINCULADOS - EMENDAS ROBERTO DA FARMACIA;25.000,00
PREFEITURA MUNICIPAL DE BARBACENA;25.001;SEMAS;2.537;APOIO AO INSTITUTO MARIA IMACULADA - ESCOLA N.SA AUXILIADORA;56;PROTEÇÃO SOCIAL BÁSICA;8;Assistência Social;244;Assistência Comunitária;364;3.3.50.41.00.00.00.00;CONTRIBUIÇÕES;1.753.000.0000;RECURSOS PROVENIENTES DE TAXAS, CONTRIBUIÇÕES E PREÇOS PÚBLICOS;0,00
PREFEITURA MUNICIPAL DE BARBACENA;25.001;SEMAS;2.537;APOIO AO INSTITUTO MARIA IMACULADA - ESCOLA N.SA AUXILIADORA;56;PROTEÇÃO SOCIAL BÁSICA;8;Assistência Social;244;Assistência Comunitária;364;3.3.50.41.00.00.00.00;CONTRIBUIÇÕES;1.753.503.0000;RECURSOS PROVENIENTES DE TAXAS, CONTRIBUIÇÕES E PREÇOS PÚBLICOS - EMENDAS EVERTON WALLACE;20.000,00
PREFEITURA MUNICIPAL DE BARBACENA;25.001;SEMAS;2.537;APOIO AO INSTITUTO MARIA IMACULADA - ESCOLA N.SA AUXILIADORA;56;PROTEÇÃO SOCIAL BÁSICA;8;Assistência Social;244;Assistência Comunitária;365;4.4.50.41.00.00.00.00;CONTRIBUIÇÕES;1.501.000.0000;OUTROS RECURSOS NÃO VINCULADOS;0,00
PREFEITURA MUNICIPAL DE BARBACENA;25.001;SEMAS;2.537;APOIO AO INSTITUTO MARIA IMACULADA - ESCOLA N.SA AUXILIADORA;56;PROTEÇÃO SOCIAL BÁSICA;8;Assistência Social;244;Assistência Comunitária;365;4.4.50.41.00.00.00.00;CONTRIBUIÇÕES;1.501.516.0000;OUTROS RECURSOS NÃO VINCULADOS - EMENDAS ROBERTO DA FARMACIA;25.000,00
PREFEITURA MUNICIPAL DE BARBACENA;25.001;SEMAS;2.537;APOIO AO INSTITUTO MARIA IMACULADA - ESCOLA N.SA AUXILIADORA;56;PROTEÇÃO SOCIAL BÁSICA;8;Assistência Social;244;Assistência Comunitária;365;4.4.50.41.00.00.00.00;CONTRIBUIÇÕES;1.753.000.0000;RECURSOS PROVENIENTES DE TAXAS, CONTRIBUIÇÕES E PREÇOS PÚBLICOS;0,00
PREFEITURA MUNICIPAL DE BARBACENA;25.001;SEMAS;2.537;APOIO AO INSTITUTO MARIA IMACULADA - ESCOLA N.SA AUXILIADORA;56;PROTEÇÃO SOCIAL BÁSICA;8;Assistência Social;244;Assistência Comunitária;365;4.4.50.41.00.00.00.00;CONTRIBUIÇÕES;1.753.503.0000;RECURSOS PROVENIENTES DE TAXAS, CONTRIBUIÇÕES E PREÇOS PÚBLICOS - EMENDAS EVERTON WALLACE;20.000,00
PREFEITURA MUNICIPAL DE BARBACENA;25.001;SEMAS;2.546;APOIO AO INSTITUTO BENEFICENTE PADRE MESTRE CORREA DE ALMEIDA;56;PROTEÇÃO SOCIAL BÁSICA;8;Assistência Social;244;Assistência Comunitária;366;3.3.50.41.00.00.00.00;CONTRIBUIÇÕES;1.753.000.0000;RECURSOS PROVENIENTES DE TAXAS, CONTRIBUIÇÕES E PREÇOS PÚBLICOS;0,00
PREFEITURA MUNICIPAL DE BARBACENA;25.001;SEMAS;2.546;APOIO AO INSTITUTO BENEFICENTE PADRE MESTRE CORREA DE ALMEIDA;56;PROTEÇÃO SOCIAL BÁSICA;8;Assistência Social;244;Assistência Comunitária;366;3.3.50.41.00.00.00.00;CONTRIBUIÇÕES;1.753.517.0000;RECURSOS PROVENIENTES DE TAXAS, CONTRIBUIÇÕES E PREÇOS PÚBLICOS - EMENDAS SANDRO HELENO;9.500,00
PREFEITURA MUNICIPAL DE BARBACENA;25.001;SEMAS;2.546;APOIO AO INSTITUTO BENEFICENTE PADRE MESTRE CORREA DE ALMEIDA;56;PROTEÇÃO SOCIAL BÁSICA;8;Assistência Social;244;Assistência Comunitária;367;4.4.50.41.00.00.00.00;CONTRIBUIÇÕES;1.753.000.0000;RECURSOS PROVENIENTES DE TAXAS, CONTRIBUIÇÕES E PREÇOS PÚBLICOS;0,00
PREFEITURA MUNICIPAL DE BARBACENA;25.001;SEMAS;2.546;APOIO AO INSTITUTO BENEFICENTE PADRE MESTRE CORREA DE ALMEIDA;56;PROTEÇÃO SOCIAL BÁSICA;8;Assistência Social;244;Assistência Comunitária;367;4.4.50.41.00.00.00.00;CONTRIBUIÇÕES;1.753.517.0000;RECURSOS PROVENIENTES DE TAXAS, CONTRIBUIÇÕES E PREÇOS PÚBLICOS - EMENDAS SANDRO HELENO;9.500,00
PREFEITURA MUNICIPAL DE BARBACENA;25.001;SEMAS;2.547;APOIO AO CONSELHO CENTRAL BARBACENA SOC. SÃO VICENTE DE PAULO;56;PROTEÇÃO SOCIAL BÁSICA;8;Assistência Social;244;Assistência Comunitária;368;3.3.50.41.00.00.00.00;CONTRIBUIÇÕES;1.753.000.0000;RECURSOS PROVENIENTES DE TAXAS, CONTRIBUIÇÕES E PREÇOS PÚBLICOS;0,00
PREFEITURA MUNICIPAL DE BARBACENA;25.001;SEMAS;2.547;APOIO AO CONSELHO CENTRAL BARBACENA SOC. SÃO VICENTE DE PAULO;56;PROTEÇÃO SOCIAL BÁSICA;8;Assistência Social;244;Assistência Comunitária;368;3.3.50.41.00.00.00.00;CONTRIBUIÇÕES;1.753.517.0000;RECURSOS PROVENIENTES DE TAXAS, CONTRIBUIÇÕES E PREÇOS PÚBLICOS - EMENDAS SANDRO HELENO;7.000,00
PREFEITURA MUNICIPAL DE BARBACENA;25.001;SEMAS;2.547;APOIO AO CONSELHO CENTRAL BARBACENA SOC. SÃO VICENTE DE PAULO;56;PROTEÇÃO SOCIAL BÁSICA;8;Assistência Social;244;Assistência Comunitária;369;4.4.50.41.00.00.00.00;CONTRIBUIÇÕES;1.753.000.0000;RECURSOS PROVENIENTES DE TAXAS, CONTRIBUIÇÕES E PREÇOS PÚBLICOS;0,00
PREFEITURA MUNICIPAL DE BARBACENA;25.001;SEMAS;2.547;APOIO AO CONSELHO CENTRAL BARBACENA SOC. SÃO VICENTE DE PAULO;56;PROTEÇÃO SOCIAL BÁSICA;8;Assistência Social;244;Assistência Comunitária;369;4.4.50.41.00.00.00.00;CONTRIBUIÇÕES;1.753.517.0000;RECURSOS PROVENIENTES DE TAXAS, CONTRIBUIÇÕES E PREÇOS PÚBLICOS - EMENDAS SANDRO HELENO;7.000,00
PREFEITURA MUNICIPAL DE BARBACENA;25.001;SEMAS;2.560;APOIO A ASSOCIAÇÃO COMUNITÁRIA DE DESENVOL. SOCIAL E CULTURAL;56;PROTEÇÃO SOCIAL BÁSICA;8;Assistência Social;244;Assistência Comunitária;370;3.3.50.41.00.00.00.00;CONTRIBUIÇÕES;1.753.000.0000;RECURSOS PROVENIENTES DE TAXAS, CONTRIBUIÇÕES E PREÇOS PÚBLICOS;0,00
PREFEITURA MUNICIPAL DE BARBACENA;25.001;SEMAS;2.560;APOIO A ASSOCIAÇÃO COMUNITÁRIA DE DESENVOL. SOCIAL E CULTURAL;56;PROTEÇÃO SOCIAL BÁSICA;8;Assistência Social;244;Assistência Comunitária;370;3.3.50.41.00.00.00.00;CONTRIBUIÇÕES;1.753.511.0000;RECURSOS PROVENIENTES DE TAXAS, CONTRIBUIÇÕES E PREÇOS PÚBLICOS - EMENDAS CARLINHOS PLAY BOY;2.500,00
PREFEITURA MUNICIPAL DE BARBACENA;25.001;SEMAS;2.560;APOIO A ASSOCIAÇÃO COMUNITÁRIA DE DESENVOL. SOCIAL E CULTURAL;56;PROTEÇÃO SOCIAL BÁSICA;8;Assistência Social;244;Assistência Comunitária;371;4.4.50.41.00.00.00.00;CONTRIBUIÇÕES;1.753.000.0000;RECURSOS PROVENIENTES DE TAXAS, CONTRIBUIÇÕES E PREÇOS PÚBLICOS;0,00
PREFEITURA MUNICIPAL DE BARBACENA;25.001;SEMAS;2.560;APOIO A ASSOCIAÇÃO COMUNITÁRIA DE DESENVOL. SOCIAL E CULTURAL;56;PROTEÇÃO SOCIAL BÁSICA;8;Assistência Social;244;Assistência Comunitária;371;4.4.50.41.00.00.00.00;CONTRIBUIÇÕES;1.753.511.0000;RECURSOS PROVENIENTES DE TAXAS, CONTRIBUIÇÕES E PREÇOS PÚBLICOS - EMENDAS CARLINHOS PLAY BOY;2.500,00
PREFEITURA MUNICIPAL DE BARBACENA;25.001;SEMAS;2.526;APOIO AO INSTITUTO RAFAELA DRUMOND;57;PROTEÇÃO SOCIAL ESPECIAL DE MÉDIA COMPLEXIDADE;8;Assistência Social;244;Assistência Comunitária;372;3.3.50.41.00.00.00.00;CONTRIBUIÇÕES;1.501.000.0000;OUTROS RECURSOS NÃO VINCULADOS;0,00
PREFEITURA MUNICIPAL DE BARBACENA;25.001;SEMAS;2.526;APOIO AO INSTITUTO RAFAELA DRUMOND;57;PROTEÇÃO SOCIAL ESPECIAL DE MÉDIA COMPLEXIDADE;8;Assistência Social;244;Assistência Comunitária;372;3.3.50.41.00.00.00.00;CONTRIBUIÇÕES;1.501.505.0000;OUTROS RECURSOS NÃO VINCULADOS - EMENDAS FAUSTA TATA;5.000,00
PREFEITURA MUNICIPAL DE BARBACENA;25.001;SEMAS;2.526;APOIO AO INSTITUTO RAFAELA DRUMOND;57;PROTEÇÃO SOCIAL ESPECIAL DE MÉDIA COMPLEXIDADE;8;Assistência Social;244;Assistência Comunitária;372;3.3.50.41.00.00.00.00;CONTRIBUIÇÕES;1.501.512.0000;OUTROS RECURSOS NÃO VINCULADOS - EMENDAS MARILENE FRANCO;5.000,00
PREFEITURA MUNICIPAL DE BARBACENA;25.001;SEMAS;2.526;APOIO AO INSTITUTO RAFAELA DRUMOND;57;PROTEÇÃO SOCIAL ESPECIAL DE MÉDIA COMPLEXIDADE;8;Assistência Social;244;Assistência Comunitária;372;3.3.50.41.00.00.00.00;CONTRIBUIÇÕES;1.753.000.0000;RECURSOS PROVENIENTES DE TAXAS, CONTRIBUIÇÕES E PREÇOS PÚBLICOS;0,00
PREFEITURA MUNICIPAL DE BARBACENA;25.001;SEMAS;2.526;APOIO AO INSTITUTO RAFAELA DRUMOND;57;PROTEÇÃO SOCIAL ESPECIAL DE MÉDIA COMPLEXIDADE;8;Assistência Social;244;Assistência Comunitária;372;3.3.50.41.00.00.00.00;CONTRIBUIÇÕES;1.753.502.0000;RECURSOS PROVENIENTES DE TAXAS, CONTRIBUIÇÕES E PREÇOS PÚBLICOS - EMENDAS DIEGO BAIANO;2.500,00
PREFEITURA MUNICIPAL DE BARBACENA;25.001;SEMAS;2.526;APOIO AO INSTITUTO RAFAELA DRUMOND;57;PROTEÇÃO SOCIAL ESPECIAL DE MÉDIA COMPLEXIDADE;8;Assistência Social;244;Assistência Comunitária;372;3.3.50.41.00.00.00.00;CONTRIBUIÇÕES;1.753.508.0000;RECURSOS PROVENIENTES DE TAXAS, CONTRIBUIÇÕES E PREÇOS PÚBLICOS - EMENDAS GLAUBER MILAGRES;2.500,00
PREFEITURA MUNICIPAL DE BARBACENA;25.001;SEMAS;2.526;APOIO AO INSTITUTO RAFAELA DRUMOND;57;PROTEÇÃO SOCIAL ESPECIAL DE MÉDIA COMPLEXIDADE;8;Assistência Social;244;Assistência Comunitária;373;4.4.50.41.00.00.00.00;CONTRIBUIÇÕES;1.501.000.0000;OUTROS RECURSOS NÃO VINCULADOS;0,00
PREFEITURA MUNICIPAL DE BARBACENA;25.001;SEMAS;2.526;APOIO AO INSTITUTO RAFAELA DRUMOND;57;PROTEÇÃO SOCIAL ESPECIAL DE MÉDIA COMPLEXIDADE;8;Assistência Social;244;Assistência Comunitária;373;4.4.50.41.00.00.00.00;CONTRIBUIÇÕES;1.501.505.0000;OUTROS RECURSOS NÃO VINCULADOS - EMENDAS FAUSTA TATA;5.000,00
PREFEITURA MUNICIPAL DE BARBACENA;25.001;SEMAS;2.526;APOIO AO INSTITUTO RAFAELA DRUMOND;57;PROTEÇÃO SOCIAL ESPECIAL DE MÉDIA COMPLEXIDADE;8;Assistência Social;244;Assistência Comunitária;373;4.4.50.41.00.00.00.00;CONTRIBUIÇÕES;1.501.512.0000;OUTROS RECURSOS NÃO VINCULADOS - EMENDAS MARILENE FRANCO;5.000,00
PREFEITURA MUNICIPAL DE BARBACENA;25.001;SEMAS;2.526;APOIO AO INSTITUTO RAFAELA DRUMOND;57;PROTEÇÃO SOCIAL ESPECIAL DE MÉDIA COMPLEXIDADE;8;Assistência Social;244;Assistência Comunitária;373;4.4.50.41.00.00.00.00;CONTRIBUIÇÕES;1.753.000.0000;RECURSOS PROVENIENTES DE TAXAS, CONTRIBUIÇÕES E PREÇOS PÚBLICOS;0,00
PREFEITURA MUNICIPAL DE BARBACENA;25.001;SEMAS;2.526;APOIO AO INSTITUTO RAFAELA DRUMOND;57;PROTEÇÃO SOCIAL ESPECIAL DE MÉDIA COMPLEXIDADE;8;Assistência Social;244;Assistência Comunitária;373;4.4.50.41.00.00.00.00;CONTRIBUIÇÕES;1.753.502.0000;RECURSOS PROVENIENTES DE TAXAS, CONTRIBUIÇÕES E PREÇOS PÚBLICOS - EMENDAS DIEGO BAIANO;2.500,00
PREFEITURA MUNICIPAL DE BARBACENA;25.001;SEMAS;2.526;APOIO AO INSTITUTO RAFAELA DRUMOND;57;PROTEÇÃO SOCIAL ESPECIAL DE MÉDIA COMPLEXIDADE;8;Assistência Social;244;Assistência Comunitária;373;4.4.50.41.00.00.00.00;CONTRIBUIÇÕES;1.753.508.0000;RECURSOS PROVENIENTES DE TAXAS, CONTRIBUIÇÕES E PREÇOS PÚBLICOS - EMENDAS GLAUBER MILAGRES;2.500,00
PREFEITURA MUNICIPAL DE BARBACENA;25.001;SEMAS;2.417;CRIAÇÃO, IMPLANTAÇÃO E MANUTENÇÃO DA REGULARIZAÇÃO FUNDIÁRIA;59;PROGRAMAS FEDERAIS E MUNICIPAIS;8;Assistência Social;122;Administração Geral;318;3.3.90.30.00.00.00.00;MATERIAL DE CONSUMO;1.500.000.0000;RECURSOS NÃO VINCULADOS DE IMPOSTOS;1.000,00
PREFEITURA MUNICIPAL DE BARBACENA;25.001;SEMAS;2.417;CRIAÇÃO, IMPLANTAÇÃO E MANUTENÇÃO DA REGULARIZAÇÃO FUNDIÁRIA;59;PROGRAMAS FEDERAIS E MUNICIPAIS;8;Assistência Social;122;Administração Geral;319;3.3.90.39.00.00.00.00;OUTROS SERVIÇOS DE TERCEIROS - PESSOA JURÍDICA;1.500.000.0000;RECURSOS NÃO VINCULADOS DE IMPOSTOS;9.675,75
PREFEITURA MUNICIPAL DE BARBACENA;25.001;SEMAS;2.417;CRIAÇÃO, IMPLANTAÇÃO E MANUTENÇÃO DA REGULARIZAÇÃO FUNDIÁRIA;59;PROGRAMAS FEDERAIS E MUNICIPAIS;8;Assistência Social;122;Administração Geral;319;3.3.90.39.00.00.00.00;OUTROS SERVIÇOS DE TERCEIROS - PESSOA JURÍDICA;1.501.000.0000;OUTROS RECURSOS NÃO VINCULADOS;90.000,00
PREFEITURA MUNICIPAL DE BARBACENA;25.001;SEMAS;2.417;CRIAÇÃO, IMPLANTAÇÃO E MANUTENÇÃO DA REGULARIZAÇÃO FUNDIÁRIA;59;PROGRAMAS FEDERAIS E MUNICIPAIS;8;Assistência Social;122;Administração Geral;319;3.3.90.39.00.00.00.00;OUTROS SERVIÇOS DE TERCEIROS - PESSOA JURÍDICA;2.500.000.0000;RECURSOS NÃO VINCULADOS DE IMPOSTOS;682.966,00
PREFEITURA MUNICIPAL DE BARBACENA;25.001;SEMAS;2.661;PROJETO DE TRABALHO TÉCNICO SOCIAL (PTTS);59;PROGRAMAS FEDERAIS E MUNICIPAIS;8;Assistência Social;482;Habitação Urbana;374;3.3.90.30.00.00.00.00;MATERIAL DE CONSUMO;1.500.000.0000;RECURSOS NÃO VINCULADOS DE IMPOSTOS;1.000,00
PREFEITURA MUNICIPAL DE BARBACENA;25.001;SEMAS;2.661;PROJETO DE TRABALHO TÉCNICO SOCIAL (PTTS);59;PROGRAMAS FEDERAIS E MUNICIPAIS;8;Assistência Social;482;Habitação Urbana;375;3.3.90.39.00.00.00.00;OUTROS SERVIÇOS DE TERCEIROS - PESSOA JURÍDICA;1.500.000.0000;RECURSOS NÃO VINCULADOS DE IMPOSTOS;500,00
PREFEITURA MUNICIPAL DE BARBACENA;25.001;SEMAS;2.661;PROJETO DE TRABALHO TÉCNICO SOCIAL (PTTS);59;PROGRAMAS FEDERAIS E MUNICIPAIS;8;Assistência Social;482;Habitação Urbana;376;4.4.90.51.00.00.00.00;OBRAS E INSTALAÇÕES;1.500.000.0000;RECURSOS NÃO VINCULADOS DE IMPOSTOS;1.000,00
PREFEITURA MUNICIPAL DE BARBACENA;25.001;SEMAS;2.661;PROJETO DE TRABALHO TÉCNICO SOCIAL (PTTS);59;PROGRAMAS FEDERAIS E MUNICIPAIS;8;Assistência Social;482;Habitação Urbana;377;4.4.90.52.00.00.00.00;EQUIPAMENTOS E MATERIAL PERMANENTE;1.500.000.0000;RECURSOS NÃO VINCULADOS DE IMPOSTOS;1.000,00
PREFEITURA MUNICIPAL DE BARBACENA;25.003;FUNDO MUNICIPAL DE ASSISTENCIA SOCIAL - FMAS;2.321;MANUTENÇAO DO CONSELHO TUTELAR;11;APOIO A ADMINISTRAÇAO PUBLICA;8;Assistência Social;244;Assistência Comunitária;378;3.1.90.04.00.00.00.00;CONTRATAÇÃO POR TEMPO DETERMINADO;1.500.000.0000;RECURSOS NÃO VINCULADOS DE IMPOSTOS;1.000,00
PREFEITURA MUNICIPAL DE BARBACENA;25.003;FUNDO MUNICIPAL DE ASSISTENCIA SOCIAL - FMAS;2.321;MANUTENÇAO DO CONSELHO TUTELAR;11;APOIO A ADMINISTRAÇAO PUBLICA;8;Assistência Social;244;Assistência Comunitária;378;3.1.90.04.00.00.00.00;CONTRATAÇÃO POR TEMPO DETERMINADO;1.660.000.0000;TRANSFERÊNCIA DE RECURSOS DO FUNDO NACIONAL DE ASSISTÊNCIA SOCIAL - FNAS;1.000,00
PREFEITURA MUNICIPAL DE BARBACENA;25.003;FUNDO MUNICIPAL DE ASSISTENCIA SOCIAL - FMAS;2.321;MANUTENÇAO DO CONSELHO TUTELAR;11;APOIO A ADMINISTRAÇAO PUBLICA;8;Assistência Social;244;Assistência Comunitária;379;3.1.90.11.00.00.00.00;VENCIMENTOS E VANTAGENS FIXAS - PESSOAL CIVIL;1.500.000.0000;RECURSOS NÃO VINCULADOS DE IMPOSTOS;250.478,18
PREFEITURA MUNICIPAL DE BARBACENA;25.003;FUNDO MUNICIPAL DE ASSISTENCIA SOCIAL - FMAS;2.321;MANUTENÇAO DO CONSELHO TUTELAR;11;APOIO A ADMINISTRAÇAO PUBLICA;8;Assistência Social;244;Assistência Comunitária;380;3.1.90.13.00.00.00.00;OBRIGAÇÕES PATRONAIS;1.500.000.0000;RECURSOS NÃO VINCULADOS DE IMPOSTOS;45.000,00
PREFEITURA MUNICIPAL DE BARBACENA;25.003;FUNDO MUNICIPAL DE ASSISTENCIA SOCIAL - FMAS;2.321;MANUTENÇAO DO CONSELHO TUTELAR;11;APOIO A ADMINISTRAÇAO PUBLICA;8;Assistência Social;244;Assistência Comunitária;381;3.3.90.08.00.00.00.00;OUTROS BENEFÍCIOS ASSISTENCIAIS-SERVIDOR/MILITAR;1.660.000.0000;TRANSFERÊNCIA DE RECURSOS DO FUNDO NACIONAL DE ASSISTÊNCIA SOCIAL - FNAS;1.000,00
PREFEITURA MUNICIPAL DE BARBACENA;25.003;FUNDO MUNICIPAL DE ASSISTENCIA SOCIAL - FMAS;2.321;MANUTENÇAO DO CONSELHO TUTELAR;11;APOIO A ADMINISTRAÇAO PUBLICA;8;Assistência Social;244;Assistência Comunitária;382;3.3.90.14.00.00.00.00;DIÁRIAS - PESSOAL CIVIL;1.500.000.0000;RECURSOS NÃO VINCULADOS DE IMPOSTOS;1.000,00
PREFEITURA MUNICIPAL DE BARBACENA;25.003;FUNDO MUNICIPAL DE ASSISTENCIA SOCIAL - FMAS;2.321;MANUTENÇAO DO CONSELHO TUTELAR;11;APOIO A ADMINISTRAÇAO PUBLICA;8;Assistência Social;244;Assistência Comunitária;383;3.3.90.30.00.00.00.00;MATERIAL DE CONSUMO;1.500.000.0000;RECURSOS NÃO VINCULADOS DE IMPOSTOS;1.000,00
PREFEITURA MUNICIPAL DE BARBACENA;25.003;FUNDO MUNICIPAL DE ASSISTENCIA SOCIAL - FMAS;2.321;MANUTENÇAO DO CONSELHO TUTELAR;11;APOIO A ADMINISTRAÇAO PUBLICA;8;Assistência Social;244;Assistência Comunitária;384;3.3.90.36.00.00.00.00;OUTROS SERVIÇOS DE TERCEIROS - PESSOA FÍSICA;1.500.000.0000;RECURSOS NÃO VINCULADOS DE IMPOSTOS;15.557,09
PREFEITURA MUNICIPAL DE BARBACENA;25.003;FUNDO MUNICIPAL DE ASSISTENCIA SOCIAL - FMAS;2.321;MANUTENÇAO DO CONSELHO TUTELAR;11;APOIO A ADMINISTRAÇAO PUBLICA;8;Assistência Social;244;Assistência Comunitária;385;3.3.90.39.00.00.00.00;OUTROS SERVIÇOS DE TERCEIROS - PESSOA JURÍDICA;1.500.000.0000;RECURSOS NÃO VINCULADOS DE IMPOSTOS;61.890,62
PREFEITURA MUNICIPAL DE BARBACENA;25.003;FUNDO MUNICIPAL DE ASSISTENCIA SOCIAL - FMAS;2.321;MANUTENÇAO DO CONSELHO TUTELAR;11;APOIO A ADMINISTRAÇAO PUBLICA;8;Assistência Social;244;Assistência Comunitária;386;3.3.90.40.00.00.00.00;SERVIÇOS DE TECNOLOGIA DA INFORMAÇÃO E COMUNICAÇ;1.500.000.0000;RECURSOS NÃO VINCULADOS DE IMPOSTOS;1.500,00
PREFEITURA MUNICIPAL DE BARBACENA;25.003;FUNDO MUNICIPAL DE ASSISTENCIA SOCIAL - FMAS;2.321;MANUTENÇAO DO CONSELHO TUTELAR;11;APOIO A ADMINISTRAÇAO PUBLICA;8;Assistência Social;244;Assistência Comunitária;387;3.3.90.46.00.00.00.00;AUXÍLIO-ALIMENTAÇÃO;1.500.000.0000;RECURSOS NÃO VINCULADOS DE IMPOSTOS;37.800,00
PREFEITURA MUNICIPAL DE BARBACENA;25.003;FUNDO MUNICIPAL DE ASSISTENCIA SOCIAL - FMAS;2.321;MANUTENÇAO DO CONSELHO TUTELAR;11;APOIO A ADMINISTRAÇAO PUBLICA;8;Assistência Social;244;Assistência Comunitária;388;3.3.90.47.00.00.00.00;OBRIGAÇÕES TRIBUTÁRIAS E CONTRIBUTIVAS;1.500.000.0000;RECURSOS NÃO VINCULADOS DE IMPOSTOS;5.000,00
PREFEITURA MUNICIPAL DE BARBACENA;25.003;FUNDO MUNICIPAL DE ASSISTENCIA SOCIAL - FMAS;2.321;MANUTENÇAO DO CONSELHO TUTELAR;11;APOIO A ADMINISTRAÇAO PUBLICA;8;Assistência Social;244;Assistência Comunitária;389;4.4.90.51.00.00.00.00;OBRAS E INSTALAÇÕES;1.500.000.0000;RECURSOS NÃO VINCULADOS DE IMPOSTOS;1.000,00
PREFEITURA MUNICIPAL DE BARBACENA;25.003;FUNDO MUNICIPAL DE ASSISTENCIA SOCIAL - FMAS;2.321;MANUTENÇAO DO CONSELHO TUTELAR;11;APOIO A ADMINISTRAÇAO PUBLICA;8;Assistência Social;244;Assistência Comunitária;390;4.4.90.52.00.00.00.00;EQUIPAMENTOS E MATERIAL PERMANENTE;1.500.000.0000;RECURSOS NÃO VINCULADOS DE IMPOSTOS;5.000,00
PREFEITURA MUNICIPAL DE BARBACENA;25.003;FUNDO MUNICIPAL DE ASSISTENCIA SOCIAL - FMAS;2.312;MANUTENÇÃO DE BENEFICIOS EVENTUAIS;56;PROTEÇÃO SOCIAL BÁSICA;8;Assistência Social;244;Assistência Comunitária;391;3.3.90.32.00.00.00.00;MATERIAL, BEM OU SERVIÇO PARA DISTRIB. GRATUITA;1.500.000.0000;RECURSOS NÃO VINCULADOS DE IMPOSTOS;5.000,00
PREFEITURA MUNICIPAL DE BARBACENA;25.003;FUNDO MUNICIPAL DE ASSISTENCIA SOCIAL - FMAS;2.312;MANUTENÇÃO DE BENEFICIOS EVENTUAIS;56;PROTEÇÃO SOCIAL BÁSICA;8;Assistência Social;244;Assistência Comunitária;391;3.3.90.32.00.00.00.00;MATERIAL, BEM OU SERVIÇO PARA DISTRIB. GRATUITA;1.501.000.0000;OUTROS RECURSOS NÃO VINCULADOS;32.000,00
PREFEITURA MUNICIPAL DE BARBACENA;25.003;FUNDO MUNICIPAL DE ASSISTENCIA SOCIAL - FMAS;2.312;MANUTENÇÃO DE BENEFICIOS EVENTUAIS;56;PROTEÇÃO SOCIAL BÁSICA;8;Assistência Social;244;Assistência Comunitária;391;3.3.90.32.00.00.00.00;MATERIAL, BEM OU SERVIÇO PARA DISTRIB. GRATUITA;1.661.000.0000;TRANSFERÊNCIA DE RECURSOS DOS FUNDOS ESTADUAIS DE ASSISTÊNCIA SOCIAL;104.652,79
PREFEITURA MUNICIPAL DE BARBACENA;25.003;FUNDO MUNICIPAL DE ASSISTENCIA SOCIAL - FMAS;2.312;MANUTENÇÃO DE BENEFICIOS EVENTUAIS;56;PROTEÇÃO SOCIAL BÁSICA;8;Assistência Social;244;Assistência Comunitária;392;3.3.90.39.00.00.00.00;OUTROS SERVIÇOS DE TERCEIROS - PESSOA JURÍDICA;1.500.000.0000;RECURSOS NÃO VINCULADOS DE IMPOSTOS;1.000,00
PREFEITURA MUNICIPAL DE BARBACENA;25.003;FUNDO MUNICIPAL DE ASSISTENCIA SOCIAL - FMAS;2.312;MANUTENÇÃO DE BENEFICIOS EVENTUAIS;56;PROTEÇÃO SOCIAL BÁSICA;8;Assistência Social;244;Assistência Comunitária;392;3.3.90.39.00.00.00.00;OUTROS SERVIÇOS DE TERCEIROS - PESSOA JURÍDICA;1.661.000.0000;TRANSFERÊNCIA DE RECURSOS DOS FUNDOS ESTADUAIS DE ASSISTÊNCIA SOCIAL;367.213,00
PREFEITURA MUNICIPAL DE BARBACENA;25.003;FUNDO MUNICIPAL DE ASSISTENCIA SOCIAL - FMAS;2.312;MANUTENÇÃO DE BENEFICIOS EVENTUAIS;56;PROTEÇÃO SOCIAL BÁSICA;8;Assistência Social;244;Assistência Comunitária;393;3.3.90.48.00.00.00.00;OUTROS AUXÍLIOS FINANCEIROS A PESSOAS FÍSICAS;1.500.000.0000;RECURSOS NÃO VINCULADOS DE IMPOSTOS;74.500,00
PREFEITURA MUNICIPAL DE BARBACENA;25.003;FUNDO MUNICIPAL DE ASSISTENCIA SOCIAL - FMAS;2.312;MANUTENÇÃO DE BENEFICIOS EVENTUAIS;56;PROTEÇÃO SOCIAL BÁSICA;8;Assistência Social;244;Assistência Comunitária;393;3.3.90.48.00.00.00.00;OUTROS AUXÍLIOS FINANCEIROS A PESSOAS FÍSICAS;1.501.000.0000;OUTROS RECURSOS NÃO VINCULADOS;10.500,00
PREFEITURA MUNICIPAL DE BARBACENA;25.003;FUNDO MUNICIPAL DE ASSISTENCIA SOCIAL - FMAS;2.312;MANUTENÇÃO DE BENEFICIOS EVENTUAIS;56;PROTEÇÃO SOCIAL BÁSICA;8;Assistência Social;244;Assistência Comunitária;393;3.3.90.48.00.00.00.00;OUTROS AUXÍLIOS FINANCEIROS A PESSOAS FÍSICAS;1.661.000.0000;TRANSFERÊNCIA DE RECURSOS DOS FUNDOS ESTADUAIS DE ASSISTÊNCIA SOCIAL;174.768,00
PREFEITURA MUNICIPAL DE BARBACENA;25.003;FUNDO MUNICIPAL DE ASSISTENCIA SOCIAL - FMAS;2.312;MANUTENÇÃO DE BENEFICIOS EVENTUAIS;56;PROTEÇÃO SOCIAL BÁSICA;8;Assistência Social;244;Assistência Comunitária;394;3.3.90.93.00.00.00.00;INDENIZAÇÕES E RESTITUIÇÕES;1.500.000.0000;RECURSOS NÃO VINCULADOS DE IMPOSTOS;1.000,00
PREFEITURA MUNICIPAL DE BARBACENA;25.003;FUNDO MUNICIPAL DE ASSISTENCIA SOCIAL - FMAS;2.312;MANUTENÇÃO DE BENEFICIOS EVENTUAIS;56;PROTEÇÃO SOCIAL BÁSICA;8;Assistência Social;244;Assistência Comunitária;394;3.3.90.93.00.00.00.00;INDENIZAÇÕES E RESTITUIÇÕES;1.661.000.0000;TRANSFERÊNCIA DE RECURSOS DOS FUNDOS ESTADUAIS DE ASSISTÊNCIA SOCIAL;1.000,00
PREFEITURA MUNICIPAL DE BARBACENA;25.003;FUNDO MUNICIPAL DE ASSISTENCIA SOCIAL - FMAS;2.313;SERVIÇO DE CONVIVENCIA E FORTALECIMENTO DE VINCULOS;56;PROTEÇÃO SOCIAL BÁSICA;8;Assistência Social;244;Assistência Comunitária;395;3.3.50.43.00.00.00.00;SUBVENÇÕES SOCIAIS;1.500.000.0000;RECURSOS NÃO VINCULADOS DE IMPOSTOS;193.800,79
PREFEITURA MUNICIPAL DE BARBACENA;25.003;FUNDO MUNICIPAL DE ASSISTENCIA SOCIAL - FMAS;2.313;SERVIÇO DE CONVIVENCIA E FORTALECIMENTO DE VINCULOS;56;PROTEÇÃO SOCIAL BÁSICA;8;Assistência Social;244;Assistência Comunitária;395;3.3.50.43.00.00.00.00;SUBVENÇÕES SOCIAIS;1.660.000.0000;TRANSFERÊNCIA DE RECURSOS DO FUNDO NACIONAL DE ASSISTÊNCIA SOCIAL - FNAS;331.976,40
PREFEITURA MUNICIPAL DE BARBACENA;25.003;FUNDO MUNICIPAL DE ASSISTENCIA SOCIAL - FMAS;2.313;SERVIÇO DE CONVIVENCIA E FORTALECIMENTO DE VINCULOS;56;PROTEÇÃO SOCIAL BÁSICA;8;Assistência Social;244;Assistência Comunitária;396;3.3.90.30.00.00.00.00;MATERIAL DE CONSUMO;1.500.000.0000;RECURSOS NÃO VINCULADOS DE IMPOSTOS;5.000,00
PREFEITURA MUNICIPAL DE BARBACENA;25.003;FUNDO MUNICIPAL DE ASSISTENCIA SOCIAL - FMAS;2.313;SERVIÇO DE CONVIVENCIA E FORTALECIMENTO DE VINCULOS;56;PROTEÇÃO SOCIAL BÁSICA;8;Assistência Social;244;Assistência Comunitária;397;3.3.90.39.00.00.00.00;OUTROS SERVIÇOS DE TERCEIROS - PESSOA JURÍDICA;1.500.000.0000;RECURSOS NÃO VINCULADOS DE IMPOSTOS;25.000,00
PREFEITURA MUNICIPAL DE BARBACENA;25.003;FUNDO MUNICIPAL DE ASSISTENCIA SOCIAL - FMAS;2.313;SERVIÇO DE CONVIVENCIA E FORTALECIMENTO DE VINCULOS;56;PROTEÇÃO SOCIAL BÁSICA;8;Assistência Social;244;Assistência Comunitária;397;3.3.90.39.00.00.00.00;OUTROS SERVIÇOS DE TERCEIROS - PESSOA JURÍDICA;1.501.000.0000;OUTROS RECURSOS NÃO VINCULADOS;80.000,00
PREFEITURA MUNICIPAL DE BARBACENA;25.003;FUNDO MUNICIPAL DE ASSISTENCIA SOCIAL - FMAS;2.313;SERVIÇO DE CONVIVENCIA E FORTALECIMENTO DE VINCULOS;56;PROTEÇÃO SOCIAL BÁSICA;8;Assistência Social;244;Assistência Comunitária;397;3.3.90.39.00.00.00.00;OUTROS SERVIÇOS DE TERCEIROS - PESSOA JURÍDICA;1.660.000.0000;TRANSFERÊNCIA DE RECURSOS DO FUNDO NACIONAL DE ASSISTÊNCIA SOCIAL - FNAS;250.000,00
PREFEITURA MUNICIPAL DE BARBACENA;25.003;FUNDO MUNICIPAL DE ASSISTENCIA SOCIAL - FMAS;2.313;SERVIÇO DE CONVIVENCIA E FORTALECIMENTO DE VINCULOS;56;PROTEÇÃO SOCIAL BÁSICA;8;Assistência Social;244;Assistência Comunitária;398;3.3.90.48.00.00.00.00;OUTROS AUXÍLIOS FINANCEIROS A PESSOAS FÍSICAS;1.500.000.0000;RECURSOS NÃO VINCULADOS DE IMPOSTOS;10.000,00
PREFEITURA MUNICIPAL DE BARBACENA;25.003;FUNDO MUNICIPAL DE ASSISTENCIA SOCIAL - FMAS;2.319;MANUTENÇAO DE CRAS - PAIF;56;PROTEÇÃO SOCIAL BÁSICA;8;Assistência Social;244;Assistência Comunitária;399;3.1.90.04.00.00.00.00;CONTRATAÇÃO POR TEMPO DETERMINADO;1.500.000.0000;RECURSOS NÃO VINCULADOS DE IMPOSTOS;1.247.351,57
PREFEITURA MUNICIPAL DE BARBACENA;25.003;FUNDO MUNICIPAL DE ASSISTENCIA SOCIAL - FMAS;2.319;MANUTENÇAO DE CRAS - PAIF;56;PROTEÇÃO SOCIAL BÁSICA;8;Assistência Social;244;Assistência Comunitária;399;3.1.90.04.00.00.00.00;CONTRATAÇÃO POR TEMPO DETERMINADO;1.660.000.0000;TRANSFERÊNCIA DE RECURSOS DO FUNDO NACIONAL DE ASSISTÊNCIA SOCIAL - FNAS;126.000,00
PREFEITURA MUNICIPAL DE BARBACENA;25.003;FUNDO MUNICIPAL DE ASSISTENCIA SOCIAL - FMAS;2.319;MANUTENÇAO DE CRAS - PAIF;56;PROTEÇÃO SOCIAL BÁSICA;8;Assistência Social;244;Assistência Comunitária;400;3.1.90.11.00.00.00.00;VENCIMENTOS E VANTAGENS FIXAS - PESSOAL CIVIL;1.500.000.0000;RECURSOS NÃO VINCULADOS DE IMPOSTOS;307.360,29
PREFEITURA MUNICIPAL DE BARBACENA;25.003;FUNDO MUNICIPAL DE ASSISTENCIA SOCIAL - FMAS;2.319;MANUTENÇAO DE CRAS - PAIF;56;PROTEÇÃO SOCIAL BÁSICA;8;Assistência Social;244;Assistência Comunitária;400;3.1.90.11.00.00.00.00;VENCIMENTOS E VANTAGENS FIXAS - PESSOAL CIVIL;1.660.000.0000;TRANSFERÊNCIA DE RECURSOS DO FUNDO NACIONAL DE ASSISTÊNCIA SOCIAL - FNAS;116.544,07
PREFEITURA MUNICIPAL DE BARBACENA;25.003;FUNDO MUNICIPAL DE ASSISTENCIA SOCIAL - FMAS;2.319;MANUTENÇAO DE CRAS - PAIF;56;PROTEÇÃO SOCIAL BÁSICA;8;Assistência Social;244;Assistência Comunitária;400;3.1.90.11.00.00.00.00;VENCIMENTOS E VANTAGENS FIXAS - PESSOAL CIVIL;1.661.000.0000;TRANSFERÊNCIA DE RECURSOS DOS FUNDOS ESTADUAIS DE ASSISTÊNCIA SOCIAL;1.050,00
PREFEITURA MUNICIPAL DE BARBACENA;25.003;FUNDO MUNICIPAL DE ASSISTENCIA SOCIAL - FMAS;2.319;MANUTENÇAO DE CRAS - PAIF;56;PROTEÇÃO SOCIAL BÁSICA;8;Assistência Social;244;Assistência Comunitária;401;3.1.90.13.00.00.00.00;OBRIGAÇÕES PATRONAIS;1.500.000.0000;RECURSOS NÃO VINCULADOS DE IMPOSTOS;5.250,00
PREFEITURA MUNICIPAL DE BARBACENA;25.003;FUNDO MUNICIPAL DE ASSISTENCIA SOCIAL - FMAS;2.319;MANUTENÇAO DE CRAS - PAIF;56;PROTEÇÃO SOCIAL BÁSICA;8;Assistência Social;244;Assistência Comunitária;401;3.1.90.13.00.00.00.00;OBRIGAÇÕES PATRONAIS;1.660.000.0000;TRANSFERÊNCIA DE RECURSOS DO FUNDO NACIONAL DE ASSISTÊNCIA SOCIAL - FNAS;2.500,00
PREFEITURA MUNICIPAL DE BARBACENA;25.003;FUNDO MUNICIPAL DE ASSISTENCIA SOCIAL - FMAS;2.319;MANUTENÇAO DE CRAS - PAIF;56;PROTEÇÃO SOCIAL BÁSICA;8;Assistência Social;244;Assistência Comunitária;402;3.1.91.13.00.00.00.00;OBRIGAÇÕES PATRONAIS;1.500.000.0000;RECURSOS NÃO VINCULADOS DE IMPOSTOS;81.293,90
PREFEITURA MUNICIPAL DE BARBACENA;25.003;FUNDO MUNICIPAL DE ASSISTENCIA SOCIAL - FMAS;2.319;MANUTENÇAO DE CRAS - PAIF;56;PROTEÇÃO SOCIAL BÁSICA;8;Assistência Social;244;Assistência Comunitária;402;3.1.91.13.00.00.00.00;OBRIGAÇÕES PATRONAIS;1.660.000.0000;TRANSFERÊNCIA DE RECURSOS DO FUNDO NACIONAL DE ASSISTÊNCIA SOCIAL - FNAS;25.000,00
PREFEITURA MUNICIPAL DE BARBACENA;25.003;FUNDO MUNICIPAL DE ASSISTENCIA SOCIAL - FMAS;2.319;MANUTENÇAO DE CRAS - PAIF;56;PROTEÇÃO SOCIAL BÁSICA;8;Assistência Social;244;Assistência Comunitária;403;3.1.91.92.00.00.00.00;DESPESAS DE EXERCÍCIOS ANTERIORES;1.660.000.0000;TRANSFERÊNCIA DE RECURSOS DO FUNDO NACIONAL DE ASSISTÊNCIA SOCIAL - FNAS;1.000,00
PREFEITURA MUNICIPAL DE BARBACENA;25.003;FUNDO MUNICIPAL DE ASSISTENCIA SOCIAL - FMAS;2.319;MANUTENÇAO DE CRAS - PAIF;56;PROTEÇÃO SOCIAL BÁSICA;8;Assistência Social;244;Assistência Comunitária;404;3.3.90.08.00.00.00.00;OUTROS BENEFÍCIOS ASSISTENCIAIS-SERVIDOR/MILITAR;1.500.000.0000;RECURSOS NÃO VINCULADOS DE IMPOSTOS;10.599,44
PREFEITURA MUNICIPAL DE BARBACENA;25.003;FUNDO MUNICIPAL DE ASSISTENCIA SOCIAL - FMAS;2.319;MANUTENÇAO DE CRAS - PAIF;56;PROTEÇÃO SOCIAL BÁSICA;8;Assistência Social;244;Assistência Comunitária;404;3.3.90.08.00.00.00.00;OUTROS BENEFÍCIOS ASSISTENCIAIS-SERVIDOR/MILITAR;1.660.000.0000;TRANSFERÊNCIA DE RECURSOS DO FUNDO NACIONAL DE ASSISTÊNCIA SOCIAL - FNAS;1.000,00
PREFEITURA MUNICIPAL DE BARBACENA;25.003;FUNDO MUNICIPAL DE ASSISTENCIA SOCIAL - FMAS;2.319;MANUTENÇAO DE CRAS - PAIF;56;PROTEÇÃO SOCIAL BÁSICA;8;Assistência Social;244;Assistência Comunitária;405;3.3.90.14.00.00.00.00;DIÁRIAS - PESSOAL CIVIL;1.500.000.0000;RECURSOS NÃO VINCULADOS DE IMPOSTOS;1.000,00
PREFEITURA MUNICIPAL DE BARBACENA;25.003;FUNDO MUNICIPAL DE ASSISTENCIA SOCIAL - FMAS;2.319;MANUTENÇAO DE CRAS - PAIF;56;PROTEÇÃO SOCIAL BÁSICA;8;Assistência Social;244;Assistência Comunitária;405;3.3.90.14.00.00.00.00;DIÁRIAS - PESSOAL CIVIL;1.660.000.0000;TRANSFERÊNCIA DE RECURSOS DO FUNDO NACIONAL DE ASSISTÊNCIA SOCIAL - FNAS;1.000,00
PREFEITURA MUNICIPAL DE BARBACENA;25.003;FUNDO MUNICIPAL DE ASSISTENCIA SOCIAL - FMAS;2.319;MANUTENÇAO DE CRAS - PAIF;56;PROTEÇÃO SOCIAL BÁSICA;8;Assistência Social;244;Assistência Comunitária;406;3.3.90.18.00.00.00.00;AUXÍLIO FINANCEIRO A ESTUDANTES;1.500.000.0000;RECURSOS NÃO VINCULADOS DE IMPOSTOS;1.000,00
PREFEITURA MUNICIPAL DE BARBACENA;25.003;FUNDO MUNICIPAL DE ASSISTENCIA SOCIAL - FMAS;2.319;MANUTENÇAO DE CRAS - PAIF;56;PROTEÇÃO SOCIAL BÁSICA;8;Assistência Social;244;Assistência Comunitária;406;3.3.90.18.00.00.00.00;AUXÍLIO FINANCEIRO A ESTUDANTES;1.660.000.0000;TRANSFERÊNCIA DE RECURSOS DO FUNDO NACIONAL DE ASSISTÊNCIA SOCIAL - FNAS;1.000,00
PREFEITURA MUNICIPAL DE BARBACENA;25.003;FUNDO MUNICIPAL DE ASSISTENCIA SOCIAL - FMAS;2.319;MANUTENÇAO DE CRAS - PAIF;56;PROTEÇÃO SOCIAL BÁSICA;8;Assistência Social;244;Assistência Comunitária;407;3.3.90.30.00.00.00.00;MATERIAL DE CONSUMO;1.500.000.0000;RECURSOS NÃO VINCULADOS DE IMPOSTOS;1.000,00
PREFEITURA MUNICIPAL DE BARBACENA;25.003;FUNDO MUNICIPAL DE ASSISTENCIA SOCIAL - FMAS;2.319;MANUTENÇAO DE CRAS - PAIF;56;PROTEÇÃO SOCIAL BÁSICA;8;Assistência Social;244;Assistência Comunitária;407;3.3.90.30.00.00.00.00;MATERIAL DE CONSUMO;1.660.000.0000;TRANSFERÊNCIA DE RECURSOS DO FUNDO NACIONAL DE ASSISTÊNCIA SOCIAL - FNAS;26.187,20
PREFEITURA MUNICIPAL DE BARBACENA;25.003;FUNDO MUNICIPAL DE ASSISTENCIA SOCIAL - FMAS;2.319;MANUTENÇAO DE CRAS - PAIF;56;PROTEÇÃO SOCIAL BÁSICA;8;Assistência Social;244;Assistência Comunitária;408;3.3.90.36.00.00.00.00;OUTROS SERVIÇOS DE TERCEIROS - PESSOA FÍSICA;1.500.000.0000;RECURSOS NÃO VINCULADOS DE IMPOSTOS;1.000,00
PREFEITURA MUNICIPAL DE BARBACENA;25.003;FUNDO MUNICIPAL DE ASSISTENCIA SOCIAL - FMAS;2.319;MANUTENÇAO DE CRAS - PAIF;56;PROTEÇÃO SOCIAL BÁSICA;8;Assistência Social;244;Assistência Comunitária;408;3.3.90.36.00.00.00.00;OUTROS SERVIÇOS DE TERCEIROS - PESSOA FÍSICA;1.660.000.0000;TRANSFERÊNCIA DE RECURSOS DO FUNDO NACIONAL DE ASSISTÊNCIA SOCIAL - FNAS;1.500,00
PREFEITURA MUNICIPAL DE BARBACENA;25.003;FUNDO MUNICIPAL DE ASSISTENCIA SOCIAL - FMAS;2.319;MANUTENÇAO DE CRAS - PAIF;56;PROTEÇÃO SOCIAL BÁSICA;8;Assistência Social;244;Assistência Comunitária;409;3.3.90.39.00.00.00.00;OUTROS SERVIÇOS DE TERCEIROS - PESSOA JURÍDICA;1.500.000.0000;RECURSOS NÃO VINCULADOS DE IMPOSTOS;247.572,16
PREFEITURA MUNICIPAL DE BARBACENA;25.003;FUNDO MUNICIPAL DE ASSISTENCIA SOCIAL - FMAS;2.319;MANUTENÇAO DE CRAS - PAIF;56;PROTEÇÃO SOCIAL BÁSICA;8;Assistência Social;244;Assistência Comunitária;409;3.3.90.39.00.00.00.00;OUTROS SERVIÇOS DE TERCEIROS - PESSOA JURÍDICA;1.660.000.0000;TRANSFERÊNCIA DE RECURSOS DO FUNDO NACIONAL DE ASSISTÊNCIA SOCIAL - FNAS;25.000,00
PREFEITURA MUNICIPAL DE BARBACENA;25.003;FUNDO MUNICIPAL DE ASSISTENCIA SOCIAL - FMAS;2.319;MANUTENÇAO DE CRAS - PAIF;56;PROTEÇÃO SOCIAL BÁSICA;8;Assistência Social;244;Assistência Comunitária;410;3.3.90.46.00.00.00.00;AUXÍLIO-ALIMENTAÇÃO;1.500.000.0000;RECURSOS NÃO VINCULADOS DE IMPOSTOS;274.932,00
PREFEITURA MUNICIPAL DE BARBACENA;25.003;FUNDO MUNICIPAL DE ASSISTENCIA SOCIAL - FMAS;2.319;MANUTENÇAO DE CRAS - PAIF;56;PROTEÇÃO SOCIAL BÁSICA;8;Assistência Social;244;Assistência Comunitária;410;3.3.90.46.00.00.00.00;AUXÍLIO-ALIMENTAÇÃO;1.660.000.0000;TRANSFERÊNCIA DE RECURSOS DO FUNDO NACIONAL DE ASSISTÊNCIA SOCIAL - FNAS;42.000,00
PREFEITURA MUNICIPAL DE BARBACENA;25.003;FUNDO MUNICIPAL DE ASSISTENCIA SOCIAL - FMAS;2.319;MANUTENÇAO DE CRAS - PAIF;56;PROTEÇÃO SOCIAL BÁSICA;8;Assistência Social;244;Assistência Comunitária;411;4.4.90.51.00.00.00.00;OBRAS E INSTALAÇÕES;1.500.000.0000;RECURSOS NÃO VINCULADOS DE IMPOSTOS;1.000,00
PREFEITURA MUNICIPAL DE BARBACENA;25.003;FUNDO MUNICIPAL DE ASSISTENCIA SOCIAL - FMAS;2.319;MANUTENÇAO DE CRAS - PAIF;56;PROTEÇÃO SOCIAL BÁSICA;8;Assistência Social;244;Assistência Comunitária;411;4.4.90.51.00.00.00.00;OBRAS E INSTALAÇÕES;1.660.000.0000;TRANSFERÊNCIA DE RECURSOS DO FUNDO NACIONAL DE ASSISTÊNCIA SOCIAL - FNAS;1.000,00
PREFEITURA MUNICIPAL DE BARBACENA;25.003;FUNDO MUNICIPAL DE ASSISTENCIA SOCIAL - FMAS;2.319;MANUTENÇAO DE CRAS - PAIF;56;PROTEÇÃO SOCIAL BÁSICA;8;Assistência Social;244;Assistência Comunitária;412;4.4.90.52.00.00.00.00;EQUIPAMENTOS E MATERIAL PERMANENTE;1.500.000.0000;RECURSOS NÃO VINCULADOS DE IMPOSTOS;1.000,00
PREFEITURA MUNICIPAL DE BARBACENA;25.003;FUNDO MUNICIPAL DE ASSISTENCIA SOCIAL - FMAS;2.319;MANUTENÇAO DE CRAS - PAIF;56;PROTEÇÃO SOCIAL BÁSICA;8;Assistência Social;244;Assistência Comunitária;412;4.4.90.52.00.00.00.00;EQUIPAMENTOS E MATERIAL PERMANENTE;1.501.000.0000;OUTROS RECURSOS NÃO VINCULADOS;5.000,00
PREFEITURA MUNICIPAL DE BARBACENA;25.003;FUNDO MUNICIPAL DE ASSISTENCIA SOCIAL - FMAS;2.319;MANUTENÇAO DE CRAS - PAIF;56;PROTEÇÃO SOCIAL BÁSICA;8;Assistência Social;244;Assistência Comunitária;412;4.4.90.52.00.00.00.00;EQUIPAMENTOS E MATERIAL PERMANENTE;1.660.000.0000;TRANSFERÊNCIA DE RECURSOS DO FUNDO NACIONAL DE ASSISTÊNCIA SOCIAL - FNAS;5.000,00
PREFEITURA MUNICIPAL DE BARBACENA;25.003;FUNDO MUNICIPAL DE ASSISTENCIA SOCIAL - FMAS;2.386;CRIAÇÃO, IMPLANTAÇÃO E MANUTENÇÃO CRAS SANTA MARIA, CRAS FARIA E CRAS ZONA RURAL;56;PROTEÇÃO SOCIAL BÁSICA;8;Assistência Social;244;Assistência Comunitária;413;3.3.90.30.00.00.00.00;MATERIAL DE CONSUMO;1.500.000.0000;RECURSOS NÃO VINCULADOS DE IMPOSTOS;15.000,00
PREFEITURA MUNICIPAL DE BARBACENA;25.003;FUNDO MUNICIPAL DE ASSISTENCIA SOCIAL - FMAS;2.386;CRIAÇÃO, IMPLANTAÇÃO E MANUTENÇÃO CRAS SANTA MARIA, CRAS FARIA E CRAS ZONA RURAL;56;PROTEÇÃO SOCIAL BÁSICA;8;Assistência Social;244;Assistência Comunitária;413;3.3.90.30.00.00.00.00;MATERIAL DE CONSUMO;1.660.000.0000;TRANSFERÊNCIA DE RECURSOS DO FUNDO NACIONAL DE ASSISTÊNCIA SOCIAL - FNAS;2.500,00
PREFEITURA MUNICIPAL DE BARBACENA;25.003;FUNDO MUNICIPAL DE ASSISTENCIA SOCIAL - FMAS;2.386;CRIAÇÃO, IMPLANTAÇÃO E MANUTENÇÃO CRAS SANTA MARIA, CRAS FARIA E CRAS ZONA RURAL;56;PROTEÇÃO SOCIAL BÁSICA;8;Assistência Social;244;Assistência Comunitária;414;3.3.90.39.00.00.00.00;OUTROS SERVIÇOS DE TERCEIROS - PESSOA JURÍDICA;1.501.000.0000;OUTROS RECURSOS NÃO VINCULADOS;15.000,00
PREFEITURA MUNICIPAL DE BARBACENA;25.003;FUNDO MUNICIPAL DE ASSISTENCIA SOCIAL - FMAS;2.386;CRIAÇÃO, IMPLANTAÇÃO E MANUTENÇÃO CRAS SANTA MARIA, CRAS FARIA E CRAS ZONA RURAL;56;PROTEÇÃO SOCIAL BÁSICA;8;Assistência Social;244;Assistência Comunitária;415;4.4.90.51.00.00.00.00;OBRAS E INSTALAÇÕES;1.660.000.0000;TRANSFERÊNCIA DE RECURSOS DO FUNDO NACIONAL DE ASSISTÊNCIA SOCIAL - FNAS;20.000,00
PREFEITURA MUNICIPAL DE BARBACENA;25.003;FUNDO MUNICIPAL DE ASSISTENCIA SOCIAL - FMAS;2.386;CRIAÇÃO, IMPLANTAÇÃO E MANUTENÇÃO CRAS SANTA MARIA, CRAS FARIA E CRAS ZONA RURAL;56;PROTEÇÃO SOCIAL BÁSICA;8;Assistência Social;244;Assistência Comunitária;416;4.4.90.52.00.00.00.00;EQUIPAMENTOS E MATERIAL PERMANENTE;1.660.000.0000;TRANSFERÊNCIA DE RECURSOS DO FUNDO NACIONAL DE ASSISTÊNCIA SOCIAL - FNAS;5.000,00
PREFEITURA MUNICIPAL DE BARBACENA;25.003;FUNDO MUNICIPAL DE ASSISTENCIA SOCIAL - FMAS;2.608;CONTRATOS E PARCERIAS COM ENTIDADES DE ASSISTENCIA SOCIAL;56;PROTEÇÃO SOCIAL BÁSICA;8;Assistência Social;244;Assistência Comunitária;417;3.3.50.41.00.00.00.00;CONTRIBUIÇÕES;1.500.000.0000;RECURSOS NÃO VINCULADOS DE IMPOSTOS;1.000,00
PREFEITURA MUNICIPAL DE BARBACENA;25.003;FUNDO MUNICIPAL DE ASSISTENCIA SOCIAL - FMAS;2.608;CONTRATOS E PARCERIAS COM ENTIDADES DE ASSISTENCIA SOCIAL;56;PROTEÇÃO SOCIAL BÁSICA;8;Assistência Social;244;Assistência Comunitária;418;3.3.50.43.00.00.00.00;SUBVENÇÕES SOCIAIS;1.500.000.0000;RECURSOS NÃO VINCULADOS DE IMPOSTOS;368.103,96
PREFEITURA MUNICIPAL DE BARBACENA;25.003;FUNDO MUNICIPAL DE ASSISTENCIA SOCIAL - FMAS;2.608;CONTRATOS E PARCERIAS COM ENTIDADES DE ASSISTENCIA SOCIAL;56;PROTEÇÃO SOCIAL BÁSICA;8;Assistência Social;244;Assistência Comunitária;418;3.3.50.43.00.00.00.00;SUBVENÇÕES SOCIAIS;1.501.000.0000;OUTROS RECURSOS NÃO VINCULADOS;680.000,00
PREFEITURA MUNICIPAL DE BARBACENA;25.003;FUNDO MUNICIPAL DE ASSISTENCIA SOCIAL - FMAS;2.608;CONTRATOS E PARCERIAS COM ENTIDADES DE ASSISTENCIA SOCIAL;56;PROTEÇÃO SOCIAL BÁSICA;8;Assistência Social;244;Assistência Comunitária;419;3.3.90.39.00.00.00.00;OUTROS SERVIÇOS DE TERCEIROS - PESSOA JURÍDICA;1.500.000.0000;RECURSOS NÃO VINCULADOS DE IMPOSTOS;116.280,55
PREFEITURA MUNICIPAL DE BARBACENA;25.003;FUNDO MUNICIPAL DE ASSISTENCIA SOCIAL - FMAS;2.608;CONTRATOS E PARCERIAS COM ENTIDADES DE ASSISTENCIA SOCIAL;56;PROTEÇÃO SOCIAL BÁSICA;8;Assistência Social;244;Assistência Comunitária;419;3.3.90.39.00.00.00.00;OUTROS SERVIÇOS DE TERCEIROS - PESSOA JURÍDICA;1.501.000.0000;OUTROS RECURSOS NÃO VINCULADOS;300.000,00
PREFEITURA MUNICIPAL DE BARBACENA;25.003;FUNDO MUNICIPAL DE ASSISTENCIA SOCIAL - FMAS;2.608;CONTRATOS E PARCERIAS COM ENTIDADES DE ASSISTENCIA SOCIAL;56;PROTEÇÃO SOCIAL BÁSICA;8;Assistência Social;244;Assistência Comunitária;420;4.4.50.41.00.00.00.00;CONTRIBUIÇÕES;1.501.000.0000;OUTROS RECURSOS NÃO VINCULADOS;119.000,00
PREFEITURA MUNICIPAL DE BARBACENA;25.003;FUNDO MUNICIPAL DE ASSISTENCIA SOCIAL - FMAS;2.315;MANUTENÇAO DO CREAS - PAEFI;57;PROTEÇÃO SOCIAL ESPECIAL DE MÉDIA COMPLEXIDADE;8;Assistência Social;244;Assistência Comunitária;421;3.1.90.04.00.00.00.00;CONTRATAÇÃO POR TEMPO DETERMINADO;1.500.000.0000;RECURSOS NÃO VINCULADOS DE IMPOSTOS;714.133,37
PREFEITURA MUNICIPAL DE BARBACENA;25.003;FUNDO MUNICIPAL DE ASSISTENCIA SOCIAL - FMAS;2.315;MANUTENÇAO DO CREAS - PAEFI;57;PROTEÇÃO SOCIAL ESPECIAL DE MÉDIA COMPLEXIDADE;8;Assistência Social;244;Assistência Comunitária;421;3.1.90.04.00.00.00.00;CONTRATAÇÃO POR TEMPO DETERMINADO;1.660.000.0000;TRANSFERÊNCIA DE RECURSOS DO FUNDO NACIONAL DE ASSISTÊNCIA SOCIAL - FNAS;250.000,00
PREFEITURA MUNICIPAL DE BARBACENA;25.003;FUNDO MUNICIPAL DE ASSISTENCIA SOCIAL - FMAS;2.315;MANUTENÇAO DO CREAS - PAEFI;57;PROTEÇÃO SOCIAL ESPECIAL DE MÉDIA COMPLEXIDADE;8;Assistência Social;244;Assistência Comunitária;422;3.1.90.11.00.00.00.00;VENCIMENTOS E VANTAGENS FIXAS - PESSOAL CIVIL;1.500.000.0000;RECURSOS NÃO VINCULADOS DE IMPOSTOS;221.291,90
PREFEITURA MUNICIPAL DE BARBACENA;25.003;FUNDO MUNICIPAL DE ASSISTENCIA SOCIAL - FMAS;2.315;MANUTENÇAO DO CREAS - PAEFI;57;PROTEÇÃO SOCIAL ESPECIAL DE MÉDIA COMPLEXIDADE;8;Assistência Social;244;Assistência Comunitária;422;3.1.90.11.00.00.00.00;VENCIMENTOS E VANTAGENS FIXAS - PESSOAL CIVIL;1.660.000.0000;TRANSFERÊNCIA DE RECURSOS DO FUNDO NACIONAL DE ASSISTÊNCIA SOCIAL - FNAS;1.500,00
PREFEITURA MUNICIPAL DE BARBACENA;25.003;FUNDO MUNICIPAL DE ASSISTENCIA SOCIAL - FMAS;2.315;MANUTENÇAO DO CREAS - PAEFI;57;PROTEÇÃO SOCIAL ESPECIAL DE MÉDIA COMPLEXIDADE;8;Assistência Social;244;Assistência Comunitária;423;3.1.90.13.00.00.00.00;OBRIGAÇÕES PATRONAIS;1.500.000.0000;RECURSOS NÃO VINCULADOS DE IMPOSTOS;1.000,00
PREFEITURA MUNICIPAL DE BARBACENA;25.003;FUNDO MUNICIPAL DE ASSISTENCIA SOCIAL - FMAS;2.315;MANUTENÇAO DO CREAS - PAEFI;57;PROTEÇÃO SOCIAL ESPECIAL DE MÉDIA COMPLEXIDADE;8;Assistência Social;244;Assistência Comunitária;424;3.1.91.13.00.00.00.00;OBRIGAÇÕES PATRONAIS;1.500.000.0000;RECURSOS NÃO VINCULADOS DE IMPOSTOS;61.961,59
PREFEITURA MUNICIPAL DE BARBACENA;25.003;FUNDO MUNICIPAL DE ASSISTENCIA SOCIAL - FMAS;2.315;MANUTENÇAO DO CREAS - PAEFI;57;PROTEÇÃO SOCIAL ESPECIAL DE MÉDIA COMPLEXIDADE;8;Assistência Social;244;Assistência Comunitária;424;3.1.91.13.00.00.00.00;OBRIGAÇÕES PATRONAIS;1.660.000.0000;TRANSFERÊNCIA DE RECURSOS DO FUNDO NACIONAL DE ASSISTÊNCIA SOCIAL - FNAS;1.500,00
PREFEITURA MUNICIPAL DE BARBACENA;25.003;FUNDO MUNICIPAL DE ASSISTENCIA SOCIAL - FMAS;2.315;MANUTENÇAO DO CREAS - PAEFI;57;PROTEÇÃO SOCIAL ESPECIAL DE MÉDIA COMPLEXIDADE;8;Assistência Social;244;Assistência Comunitária;425;3.3.90.18.00.00.00.00;AUXÍLIO FINANCEIRO A ESTUDANTES;1.500.000.0000;RECURSOS NÃO VINCULADOS DE IMPOSTOS;1.000,00
PREFEITURA MUNICIPAL DE BARBACENA;25.003;FUNDO MUNICIPAL DE ASSISTENCIA SOCIAL - FMAS;2.315;MANUTENÇAO DO CREAS - PAEFI;57;PROTEÇÃO SOCIAL ESPECIAL DE MÉDIA COMPLEXIDADE;8;Assistência Social;244;Assistência Comunitária;426;3.3.90.30.00.00.00.00;MATERIAL DE CONSUMO;1.500.000.0000;RECURSOS NÃO VINCULADOS DE IMPOSTOS;1.000,00
PREFEITURA MUNICIPAL DE BARBACENA;25.003;FUNDO MUNICIPAL DE ASSISTENCIA SOCIAL - FMAS;2.315;MANUTENÇAO DO CREAS - PAEFI;57;PROTEÇÃO SOCIAL ESPECIAL DE MÉDIA COMPLEXIDADE;8;Assistência Social;244;Assistência Comunitária;426;3.3.90.30.00.00.00.00;MATERIAL DE CONSUMO;1.660.000.0000;TRANSFERÊNCIA DE RECURSOS DO FUNDO NACIONAL DE ASSISTÊNCIA SOCIAL - FNAS;6.500,00
PREFEITURA MUNICIPAL DE BARBACENA;25.003;FUNDO MUNICIPAL DE ASSISTENCIA SOCIAL - FMAS;2.315;MANUTENÇAO DO CREAS - PAEFI;57;PROTEÇÃO SOCIAL ESPECIAL DE MÉDIA COMPLEXIDADE;8;Assistência Social;244;Assistência Comunitária;427;3.3.90.36.00.00.00.00;OUTROS SERVIÇOS DE TERCEIROS - PESSOA FÍSICA;1.660.000.0000;TRANSFERÊNCIA DE RECURSOS DO FUNDO NACIONAL DE ASSISTÊNCIA SOCIAL - FNAS;72.010,85
PREFEITURA MUNICIPAL DE BARBACENA;25.003;FUNDO MUNICIPAL DE ASSISTENCIA SOCIAL - FMAS;2.315;MANUTENÇAO DO CREAS - PAEFI;57;PROTEÇÃO SOCIAL ESPECIAL DE MÉDIA COMPLEXIDADE;8;Assistência Social;244;Assistência Comunitária;428;3.3.90.39.00.00.00.00;OUTROS SERVIÇOS DE TERCEIROS - PESSOA JURÍDICA;1.500.000.0000;RECURSOS NÃO VINCULADOS DE IMPOSTOS;2.000,00
PREFEITURA MUNICIPAL DE BARBACENA;25.003;FUNDO MUNICIPAL DE ASSISTENCIA SOCIAL - FMAS;2.315;MANUTENÇAO DO CREAS - PAEFI;57;PROTEÇÃO SOCIAL ESPECIAL DE MÉDIA COMPLEXIDADE;8;Assistência Social;244;Assistência Comunitária;428;3.3.90.39.00.00.00.00;OUTROS SERVIÇOS DE TERCEIROS - PESSOA JURÍDICA;1.660.000.0000;TRANSFERÊNCIA DE RECURSOS DO FUNDO NACIONAL DE ASSISTÊNCIA SOCIAL - FNAS;1.500,00
PREFEITURA MUNICIPAL DE BARBACENA;25.003;FUNDO MUNICIPAL DE ASSISTENCIA SOCIAL - FMAS;2.315;MANUTENÇAO DO CREAS - PAEFI;57;PROTEÇÃO SOCIAL ESPECIAL DE MÉDIA COMPLEXIDADE;8;Assistência Social;244;Assistência Comunitária;429;3.3.90.46.00.00.00.00;AUXÍLIO-ALIMENTAÇÃO;1.500.000.0000;RECURSOS NÃO VINCULADOS DE IMPOSTOS;113.400,00
PREFEITURA MUNICIPAL DE BARBACENA;25.003;FUNDO MUNICIPAL DE ASSISTENCIA SOCIAL - FMAS;2.315;MANUTENÇAO DO CREAS - PAEFI;57;PROTEÇÃO SOCIAL ESPECIAL DE MÉDIA COMPLEXIDADE;8;Assistência Social;244;Assistência Comunitária;429;3.3.90.46.00.00.00.00;AUXÍLIO-ALIMENTAÇÃO;1.660.000.0000;TRANSFERÊNCIA DE RECURSOS DO FUNDO NACIONAL DE ASSISTÊNCIA SOCIAL - FNAS;25.000,00
PREFEITURA MUNICIPAL DE BARBACENA;25.003;FUNDO MUNICIPAL DE ASSISTENCIA SOCIAL - FMAS;2.315;MANUTENÇAO DO CREAS - PAEFI;57;PROTEÇÃO SOCIAL ESPECIAL DE MÉDIA COMPLEXIDADE;8;Assistência Social;244;Assistência Comunitária;430;3.3.90.92.00.00.00.00;DESPESAS DE EXERCÍCIOS ANTERIORES;1.660.000.0000;TRANSFERÊNCIA DE RECURSOS DO FUNDO NACIONAL DE ASSISTÊNCIA SOCIAL - FNAS;1.000,00
PREFEITURA MUNICIPAL DE BARBACENA;25.003;FUNDO MUNICIPAL DE ASSISTENCIA SOCIAL - FMAS;2.315;MANUTENÇAO DO CREAS - PAEFI;57;PROTEÇÃO SOCIAL ESPECIAL DE MÉDIA COMPLEXIDADE;8;Assistência Social;244;Assistência Comunitária;431;4.4.90.52.00.00.00.00;EQUIPAMENTOS E MATERIAL PERMANENTE;1.501.000.0000;OUTROS RECURSOS NÃO VINCULADOS;6.000,00
PREFEITURA MUNICIPAL DE BARBACENA;25.003;FUNDO MUNICIPAL DE ASSISTENCIA SOCIAL - FMAS;2.315;MANUTENÇAO DO CREAS - PAEFI;57;PROTEÇÃO SOCIAL ESPECIAL DE MÉDIA COMPLEXIDADE;8;Assistência Social;244;Assistência Comunitária;431;4.4.90.52.00.00.00.00;EQUIPAMENTOS E MATERIAL PERMANENTE;1.660.000.0000;TRANSFERÊNCIA DE RECURSOS DO FUNDO NACIONAL DE ASSISTÊNCIA SOCIAL - FNAS;5.000,00
PREFEITURA MUNICIPAL DE BARBACENA;25.003;FUNDO MUNICIPAL DE ASSISTENCIA SOCIAL - FMAS;2.310;MANUTENÇÃO DA CASA DE ACOLHIMENTO INSTITUCIONAL CRIANÇA E ADOLESCENTE;58;PROTEÇÃO SOCIAL ESPECIAL DE ALTA COMPLEXIDADE;8;Assistência Social;244;Assistência Comunitária;432;3.1.90.04.00.00.00.00;CONTRATAÇÃO POR TEMPO DETERMINADO;1.500.000.0000;RECURSOS NÃO VINCULADOS DE IMPOSTOS;809.089,37
PREFEITURA MUNICIPAL DE BARBACENA;25.003;FUNDO MUNICIPAL DE ASSISTENCIA SOCIAL - FMAS;2.310;MANUTENÇÃO DA CASA DE ACOLHIMENTO INSTITUCIONAL CRIANÇA E ADOLESCENTE;58;PROTEÇÃO SOCIAL ESPECIAL DE ALTA COMPLEXIDADE;8;Assistência Social;244;Assistência Comunitária;432;3.1.90.04.00.00.00.00;CONTRATAÇÃO POR TEMPO DETERMINADO;1.660.000.0000;TRANSFERÊNCIA DE RECURSOS DO FUNDO NACIONAL DE ASSISTÊNCIA SOCIAL - FNAS;100.000,00
PREFEITURA MUNICIPAL DE BARBACENA;25.003;FUNDO MUNICIPAL DE ASSISTENCIA SOCIAL - FMAS;2.310;MANUTENÇÃO DA CASA DE ACOLHIMENTO INSTITUCIONAL CRIANÇA E ADOLESCENTE;58;PROTEÇÃO SOCIAL ESPECIAL DE ALTA COMPLEXIDADE;8;Assistência Social;244;Assistência Comunitária;433;3.1.90.11.00.00.00.00;VENCIMENTOS E VANTAGENS FIXAS - PESSOAL CIVIL;1.500.000.0000;RECURSOS NÃO VINCULADOS DE IMPOSTOS;35.011,37
PREFEITURA MUNICIPAL DE BARBACENA;25.003;FUNDO MUNICIPAL DE ASSISTENCIA SOCIAL - FMAS;2.310;MANUTENÇÃO DA CASA DE ACOLHIMENTO INSTITUCIONAL CRIANÇA E ADOLESCENTE;58;PROTEÇÃO SOCIAL ESPECIAL DE ALTA COMPLEXIDADE;8;Assistência Social;244;Assistência Comunitária;433;3.1.90.11.00.00.00.00;VENCIMENTOS E VANTAGENS FIXAS - PESSOAL CIVIL;1.660.000.0000;TRANSFERÊNCIA DE RECURSOS DO FUNDO NACIONAL DE ASSISTÊNCIA SOCIAL - FNAS;15.000,00
PREFEITURA MUNICIPAL DE BARBACENA;25.003;FUNDO MUNICIPAL DE ASSISTENCIA SOCIAL - FMAS;2.310;MANUTENÇÃO DA CASA DE ACOLHIMENTO INSTITUCIONAL CRIANÇA E ADOLESCENTE;58;PROTEÇÃO SOCIAL ESPECIAL DE ALTA COMPLEXIDADE;8;Assistência Social;244;Assistência Comunitária;434;3.1.90.13.00.00.00.00;OBRIGAÇÕES PATRONAIS;1.660.000.0000;TRANSFERÊNCIA DE RECURSOS DO FUNDO NACIONAL DE ASSISTÊNCIA SOCIAL - FNAS;2.500,00
PREFEITURA MUNICIPAL DE BARBACENA;25.003;FUNDO MUNICIPAL DE ASSISTENCIA SOCIAL - FMAS;2.310;MANUTENÇÃO DA CASA DE ACOLHIMENTO INSTITUCIONAL CRIANÇA E ADOLESCENTE;58;PROTEÇÃO SOCIAL ESPECIAL DE ALTA COMPLEXIDADE;8;Assistência Social;244;Assistência Comunitária;434;3.1.90.13.00.00.00.00;OBRIGAÇÕES PATRONAIS;1.661.000.0000;TRANSFERÊNCIA DE RECURSOS DOS FUNDOS ESTADUAIS DE ASSISTÊNCIA SOCIAL;1.000,00
PREFEITURA MUNICIPAL DE BARBACENA;25.003;FUNDO MUNICIPAL DE ASSISTENCIA SOCIAL - FMAS;2.310;MANUTENÇÃO DA CASA DE ACOLHIMENTO INSTITUCIONAL CRIANÇA E ADOLESCENTE;58;PROTEÇÃO SOCIAL ESPECIAL DE ALTA COMPLEXIDADE;8;Assistência Social;244;Assistência Comunitária;435;3.1.91.13.00.00.00.00;OBRIGAÇÕES PATRONAIS;1.500.000.0000;RECURSOS NÃO VINCULADOS DE IMPOSTOS;9.803,15
PREFEITURA MUNICIPAL DE BARBACENA;25.003;FUNDO MUNICIPAL DE ASSISTENCIA SOCIAL - FMAS;2.310;MANUTENÇÃO DA CASA DE ACOLHIMENTO INSTITUCIONAL CRIANÇA E ADOLESCENTE;58;PROTEÇÃO SOCIAL ESPECIAL DE ALTA COMPLEXIDADE;8;Assistência Social;244;Assistência Comunitária;435;3.1.91.13.00.00.00.00;OBRIGAÇÕES PATRONAIS;1.661.000.0000;TRANSFERÊNCIA DE RECURSOS DOS FUNDOS ESTADUAIS DE ASSISTÊNCIA SOCIAL;1.000,00
PREFEITURA MUNICIPAL DE BARBACENA;25.003;FUNDO MUNICIPAL DE ASSISTENCIA SOCIAL - FMAS;2.310;MANUTENÇÃO DA CASA DE ACOLHIMENTO INSTITUCIONAL CRIANÇA E ADOLESCENTE;58;PROTEÇÃO SOCIAL ESPECIAL DE ALTA COMPLEXIDADE;8;Assistência Social;244;Assistência Comunitária;436;3.3.90.08.00.00.00.00;OUTROS BENEFÍCIOS ASSISTENCIAIS-SERVIDOR/MILITAR;1.500.000.0000;RECURSOS NÃO VINCULADOS DE IMPOSTOS;5.000,00
PREFEITURA MUNICIPAL DE BARBACENA;25.003;FUNDO MUNICIPAL DE ASSISTENCIA SOCIAL - FMAS;2.310;MANUTENÇÃO DA CASA DE ACOLHIMENTO INSTITUCIONAL CRIANÇA E ADOLESCENTE;58;PROTEÇÃO SOCIAL ESPECIAL DE ALTA COMPLEXIDADE;8;Assistência Social;244;Assistência Comunitária;436;3.3.90.08.00.00.00.00;OUTROS BENEFÍCIOS ASSISTENCIAIS-SERVIDOR/MILITAR;1.660.000.0000;TRANSFERÊNCIA DE RECURSOS DO FUNDO NACIONAL DE ASSISTÊNCIA SOCIAL - FNAS;1.000,00
PREFEITURA MUNICIPAL DE BARBACENA;25.003;FUNDO MUNICIPAL DE ASSISTENCIA SOCIAL - FMAS;2.310;MANUTENÇÃO DA CASA DE ACOLHIMENTO INSTITUCIONAL CRIANÇA E ADOLESCENTE;58;PROTEÇÃO SOCIAL ESPECIAL DE ALTA COMPLEXIDADE;8;Assistência Social;244;Assistência Comunitária;436;3.3.90.08.00.00.00.00;OUTROS BENEFÍCIOS ASSISTENCIAIS-SERVIDOR/MILITAR;1.661.000.0000;TRANSFERÊNCIA DE RECURSOS DOS FUNDOS ESTADUAIS DE ASSISTÊNCIA SOCIAL;1.000,00
PREFEITURA MUNICIPAL DE BARBACENA;25.003;FUNDO MUNICIPAL DE ASSISTENCIA SOCIAL - FMAS;2.310;MANUTENÇÃO DA CASA DE ACOLHIMENTO INSTITUCIONAL CRIANÇA E ADOLESCENTE;58;PROTEÇÃO SOCIAL ESPECIAL DE ALTA COMPLEXIDADE;8;Assistência Social;244;Assistência Comunitária;437;3.3.90.14.00.00.00.00;DIÁRIAS - PESSOAL CIVIL;1.660.000.0000;TRANSFERÊNCIA DE RECURSOS DO FUNDO NACIONAL DE ASSISTÊNCIA SOCIAL - FNAS;2.500,00
PREFEITURA MUNICIPAL DE BARBACENA;25.003;FUNDO MUNICIPAL DE ASSISTENCIA SOCIAL - FMAS;2.310;MANUTENÇÃO DA CASA DE ACOLHIMENTO INSTITUCIONAL CRIANÇA E ADOLESCENTE;58;PROTEÇÃO SOCIAL ESPECIAL DE ALTA COMPLEXIDADE;8;Assistência Social;244;Assistência Comunitária;438;3.3.90.18.00.00.00.00;AUXÍLIO FINANCEIRO A ESTUDANTES;1.660.000.0000;TRANSFERÊNCIA DE RECURSOS DO FUNDO NACIONAL DE ASSISTÊNCIA SOCIAL - FNAS;1.000,00
PREFEITURA MUNICIPAL DE BARBACENA;25.003;FUNDO MUNICIPAL DE ASSISTENCIA SOCIAL - FMAS;2.310;MANUTENÇÃO DA CASA DE ACOLHIMENTO INSTITUCIONAL CRIANÇA E ADOLESCENTE;58;PROTEÇÃO SOCIAL ESPECIAL DE ALTA COMPLEXIDADE;8;Assistência Social;244;Assistência Comunitária;438;3.3.90.18.00.00.00.00;AUXÍLIO FINANCEIRO A ESTUDANTES;1.661.000.0000;TRANSFERÊNCIA DE RECURSOS DOS FUNDOS ESTADUAIS DE ASSISTÊNCIA SOCIAL;1.000,00
PREFEITURA MUNICIPAL DE BARBACENA;25.003;FUNDO MUNICIPAL DE ASSISTENCIA SOCIAL - FMAS;2.310;MANUTENÇÃO DA CASA DE ACOLHIMENTO INSTITUCIONAL CRIANÇA E ADOLESCENTE;58;PROTEÇÃO SOCIAL ESPECIAL DE ALTA COMPLEXIDADE;8;Assistência Social;244;Assistência Comunitária;439;3.3.90.30.00.00.00.00;MATERIAL DE CONSUMO;1.500.000.0000;RECURSOS NÃO VINCULADOS DE IMPOSTOS;1.000,00
PREFEITURA MUNICIPAL DE BARBACENA;25.003;FUNDO MUNICIPAL DE ASSISTENCIA SOCIAL - FMAS;2.310;MANUTENÇÃO DA CASA DE ACOLHIMENTO INSTITUCIONAL CRIANÇA E ADOLESCENTE;58;PROTEÇÃO SOCIAL ESPECIAL DE ALTA COMPLEXIDADE;8;Assistência Social;244;Assistência Comunitária;439;3.3.90.30.00.00.00.00;MATERIAL DE CONSUMO;1.501.000.0000;OUTROS RECURSOS NÃO VINCULADOS;2.500,00
PREFEITURA MUNICIPAL DE BARBACENA;25.003;FUNDO MUNICIPAL DE ASSISTENCIA SOCIAL - FMAS;2.310;MANUTENÇÃO DA CASA DE ACOLHIMENTO INSTITUCIONAL CRIANÇA E ADOLESCENTE;58;PROTEÇÃO SOCIAL ESPECIAL DE ALTA COMPLEXIDADE;8;Assistência Social;244;Assistência Comunitária;439;3.3.90.30.00.00.00.00;MATERIAL DE CONSUMO;1.660.000.0000;TRANSFERÊNCIA DE RECURSOS DO FUNDO NACIONAL DE ASSISTÊNCIA SOCIAL - FNAS;35.000,00
PREFEITURA MUNICIPAL DE BARBACENA;25.003;FUNDO MUNICIPAL DE ASSISTENCIA SOCIAL - FMAS;2.310;MANUTENÇÃO DA CASA DE ACOLHIMENTO INSTITUCIONAL CRIANÇA E ADOLESCENTE;58;PROTEÇÃO SOCIAL ESPECIAL DE ALTA COMPLEXIDADE;8;Assistência Social;244;Assistência Comunitária;439;3.3.90.30.00.00.00.00;MATERIAL DE CONSUMO;1.661.000.0000;TRANSFERÊNCIA DE RECURSOS DOS FUNDOS ESTADUAIS DE ASSISTÊNCIA SOCIAL;11.999,99
PREFEITURA MUNICIPAL DE BARBACENA;25.003;FUNDO MUNICIPAL DE ASSISTENCIA SOCIAL - FMAS;2.310;MANUTENÇÃO DA CASA DE ACOLHIMENTO INSTITUCIONAL CRIANÇA E ADOLESCENTE;58;PROTEÇÃO SOCIAL ESPECIAL DE ALTA COMPLEXIDADE;8;Assistência Social;244;Assistência Comunitária;440;3.3.90.33.00.00.00.00;PASSAGENS E DESPESAS COM LOCOMOÇÃO;1.660.000.0000;TRANSFERÊNCIA DE RECURSOS DO FUNDO NACIONAL DE ASSISTÊNCIA SOCIAL - FNAS;1.000,00
PREFEITURA MUNICIPAL DE BARBACENA;25.003;FUNDO MUNICIPAL DE ASSISTENCIA SOCIAL - FMAS;2.310;MANUTENÇÃO DA CASA DE ACOLHIMENTO INSTITUCIONAL CRIANÇA E ADOLESCENTE;58;PROTEÇÃO SOCIAL ESPECIAL DE ALTA COMPLEXIDADE;8;Assistência Social;244;Assistência Comunitária;441;3.3.90.36.00.00.00.00;OUTROS SERVIÇOS DE TERCEIROS - PESSOA FÍSICA;1.660.000.0000;TRANSFERÊNCIA DE RECURSOS DO FUNDO NACIONAL DE ASSISTÊNCIA SOCIAL - FNAS;45.600,00
PREFEITURA MUNICIPAL DE BARBACENA;25.003;FUNDO MUNICIPAL DE ASSISTENCIA SOCIAL - FMAS;2.310;MANUTENÇÃO DA CASA DE ACOLHIMENTO INSTITUCIONAL CRIANÇA E ADOLESCENTE;58;PROTEÇÃO SOCIAL ESPECIAL DE ALTA COMPLEXIDADE;8;Assistência Social;244;Assistência Comunitária;442;3.3.90.39.00.00.00.00;OUTROS SERVIÇOS DE TERCEIROS - PESSOA JURÍDICA;1.500.000.0000;RECURSOS NÃO VINCULADOS DE IMPOSTOS;131.783,98
PREFEITURA MUNICIPAL DE BARBACENA;25.003;FUNDO MUNICIPAL DE ASSISTENCIA SOCIAL - FMAS;2.310;MANUTENÇÃO DA CASA DE ACOLHIMENTO INSTITUCIONAL CRIANÇA E ADOLESCENTE;58;PROTEÇÃO SOCIAL ESPECIAL DE ALTA COMPLEXIDADE;8;Assistência Social;244;Assistência Comunitária;442;3.3.90.39.00.00.00.00;OUTROS SERVIÇOS DE TERCEIROS - PESSOA JURÍDICA;1.501.000.0000;OUTROS RECURSOS NÃO VINCULADOS;90.000,00
PREFEITURA MUNICIPAL DE BARBACENA;25.003;FUNDO MUNICIPAL DE ASSISTENCIA SOCIAL - FMAS;2.310;MANUTENÇÃO DA CASA DE ACOLHIMENTO INSTITUCIONAL CRIANÇA E ADOLESCENTE;58;PROTEÇÃO SOCIAL ESPECIAL DE ALTA COMPLEXIDADE;8;Assistência Social;244;Assistência Comunitária;442;3.3.90.39.00.00.00.00;OUTROS SERVIÇOS DE TERCEIROS - PESSOA JURÍDICA;1.660.000.0000;TRANSFERÊNCIA DE RECURSOS DO FUNDO NACIONAL DE ASSISTÊNCIA SOCIAL - FNAS;100.004,22
PREFEITURA MUNICIPAL DE BARBACENA;25.003;FUNDO MUNICIPAL DE ASSISTENCIA SOCIAL - FMAS;2.310;MANUTENÇÃO DA CASA DE ACOLHIMENTO INSTITUCIONAL CRIANÇA E ADOLESCENTE;58;PROTEÇÃO SOCIAL ESPECIAL DE ALTA COMPLEXIDADE;8;Assistência Social;244;Assistência Comunitária;442;3.3.90.39.00.00.00.00;OUTROS SERVIÇOS DE TERCEIROS - PESSOA JURÍDICA;1.661.000.0000;TRANSFERÊNCIA DE RECURSOS DOS FUNDOS ESTADUAIS DE ASSISTÊNCIA SOCIAL;1.000,00
PREFEITURA MUNICIPAL DE BARBACENA;25.003;FUNDO MUNICIPAL DE ASSISTENCIA SOCIAL - FMAS;2.310;MANUTENÇÃO DA CASA DE ACOLHIMENTO INSTITUCIONAL CRIANÇA E ADOLESCENTE;58;PROTEÇÃO SOCIAL ESPECIAL DE ALTA COMPLEXIDADE;8;Assistência Social;244;Assistência Comunitária;443;3.3.90.46.00.00.00.00;AUXÍLIO-ALIMENTAÇÃO;1.500.000.0000;RECURSOS NÃO VINCULADOS DE IMPOSTOS;193.536,00
PREFEITURA MUNICIPAL DE BARBACENA;25.003;FUNDO MUNICIPAL DE ASSISTENCIA SOCIAL - FMAS;2.310;MANUTENÇÃO DA CASA DE ACOLHIMENTO INSTITUCIONAL CRIANÇA E ADOLESCENTE;58;PROTEÇÃO SOCIAL ESPECIAL DE ALTA COMPLEXIDADE;8;Assistência Social;244;Assistência Comunitária;443;3.3.90.46.00.00.00.00;AUXÍLIO-ALIMENTAÇÃO;1.660.000.0000;TRANSFERÊNCIA DE RECURSOS DO FUNDO NACIONAL DE ASSISTÊNCIA SOCIAL - FNAS;25.000,00
PREFEITURA MUNICIPAL DE BARBACENA;25.003;FUNDO MUNICIPAL DE ASSISTENCIA SOCIAL - FMAS;2.310;MANUTENÇÃO DA CASA DE ACOLHIMENTO INSTITUCIONAL CRIANÇA E ADOLESCENTE;58;PROTEÇÃO SOCIAL ESPECIAL DE ALTA COMPLEXIDADE;8;Assistência Social;244;Assistência Comunitária;443;3.3.90.46.00.00.00.00;AUXÍLIO-ALIMENTAÇÃO;1.661.000.0000;TRANSFERÊNCIA DE RECURSOS DOS FUNDOS ESTADUAIS DE ASSISTÊNCIA SOCIAL;1.000,00
PREFEITURA MUNICIPAL DE BARBACENA;25.003;FUNDO MUNICIPAL DE ASSISTENCIA SOCIAL - FMAS;2.310;MANUTENÇÃO DA CASA DE ACOLHIMENTO INSTITUCIONAL CRIANÇA E ADOLESCENTE;58;PROTEÇÃO SOCIAL ESPECIAL DE ALTA COMPLEXIDADE;8;Assistência Social;244;Assistência Comunitária;444;3.3.90.92.00.00.00.00;DESPESAS DE EXERCÍCIOS ANTERIORES;1.660.000.0000;TRANSFERÊNCIA DE RECURSOS DO FUNDO NACIONAL DE ASSISTÊNCIA SOCIAL - FNAS;1.000,00
PREFEITURA MUNICIPAL DE BARBACENA;25.003;FUNDO MUNICIPAL DE ASSISTENCIA SOCIAL - FMAS;2.310;MANUTENÇÃO DA CASA DE ACOLHIMENTO INSTITUCIONAL CRIANÇA E ADOLESCENTE;58;PROTEÇÃO SOCIAL ESPECIAL DE ALTA COMPLEXIDADE;8;Assistência Social;244;Assistência Comunitária;445;4.4.90.51.00.00.00.00;OBRAS E INSTALAÇÕES;1.501.000.0000;OUTROS RECURSOS NÃO VINCULADOS;5.000,00
PREFEITURA MUNICIPAL DE BARBACENA;25.003;FUNDO MUNICIPAL DE ASSISTENCIA SOCIAL - FMAS;2.310;MANUTENÇÃO DA CASA DE ACOLHIMENTO INSTITUCIONAL CRIANÇA E ADOLESCENTE;58;PROTEÇÃO SOCIAL ESPECIAL DE ALTA COMPLEXIDADE;8;Assistência Social;244;Assistência Comunitária;445;4.4.90.51.00.00.00.00;OBRAS E INSTALAÇÕES;1.661.000.0000;TRANSFERÊNCIA DE RECURSOS DOS FUNDOS ESTADUAIS DE ASSISTÊNCIA SOCIAL;0,01
PREFEITURA MUNICIPAL DE BARBACENA;25.003;FUNDO MUNICIPAL DE ASSISTENCIA SOCIAL - FMAS;2.310;MANUTENÇÃO DA CASA DE ACOLHIMENTO INSTITUCIONAL CRIANÇA E ADOLESCENTE;58;PROTEÇÃO SOCIAL ESPECIAL DE ALTA COMPLEXIDADE;8;Assistência Social;244;Assistência Comunitária;446;4.4.90.52.00.00.00.00;EQUIPAMENTOS E MATERIAL PERMANENTE;1.501.000.0000;OUTROS RECURSOS NÃO VINCULADOS;5.000,00
PREFEITURA MUNICIPAL DE BARBACENA;25.003;FUNDO MUNICIPAL DE ASSISTENCIA SOCIAL - FMAS;2.310;MANUTENÇÃO DA CASA DE ACOLHIMENTO INSTITUCIONAL CRIANÇA E ADOLESCENTE;58;PROTEÇÃO SOCIAL ESPECIAL DE ALTA COMPLEXIDADE;8;Assistência Social;244;Assistência Comunitária;446;4.4.90.52.00.00.00.00;EQUIPAMENTOS E MATERIAL PERMANENTE;1.660.000.0000;TRANSFERÊNCIA DE RECURSOS DO FUNDO NACIONAL DE ASSISTÊNCIA SOCIAL - FNAS;5.000,00
PREFEITURA MUNICIPAL DE BARBACENA;25.003;FUNDO MUNICIPAL DE ASSISTENCIA SOCIAL - FMAS;2.411;CRIAÇÃO, IMPLANTAÇÃO E MANUTENÇÃO CENTRO DE ACOLHIMENTO FAMILIAR;58;PROTEÇÃO SOCIAL ESPECIAL DE ALTA COMPLEXIDADE;8;Assistência Social;244;Assistência Comunitária;447;3.3.90.30.00.00.00.00;MATERIAL DE CONSUMO;1.500.000.0000;RECURSOS NÃO VINCULADOS DE IMPOSTOS;500,00
PREFEITURA MUNICIPAL DE BARBACENA;25.003;FUNDO MUNICIPAL DE ASSISTENCIA SOCIAL - FMAS;2.411;CRIAÇÃO, IMPLANTAÇÃO E MANUTENÇÃO CENTRO DE ACOLHIMENTO FAMILIAR;58;PROTEÇÃO SOCIAL ESPECIAL DE ALTA COMPLEXIDADE;8;Assistência Social;244;Assistência Comunitária;447;3.3.90.30.00.00.00.00;MATERIAL DE CONSUMO;1.660.000.0000;TRANSFERÊNCIA DE RECURSOS DO FUNDO NACIONAL DE ASSISTÊNCIA SOCIAL - FNAS;2.000,00
PREFEITURA MUNICIPAL DE BARBACENA;25.003;FUNDO MUNICIPAL DE ASSISTENCIA SOCIAL - FMAS;2.411;CRIAÇÃO, IMPLANTAÇÃO E MANUTENÇÃO CENTRO DE ACOLHIMENTO FAMILIAR;58;PROTEÇÃO SOCIAL ESPECIAL DE ALTA COMPLEXIDADE;8;Assistência Social;244;Assistência Comunitária;447;3.3.90.30.00.00.00.00;MATERIAL DE CONSUMO;1.661.000.0000;TRANSFERÊNCIA DE RECURSOS DOS FUNDOS ESTADUAIS DE ASSISTÊNCIA SOCIAL;1.000,00
PREFEITURA MUNICIPAL DE BARBACENA;25.003;FUNDO MUNICIPAL DE ASSISTENCIA SOCIAL - FMAS;2.411;CRIAÇÃO, IMPLANTAÇÃO E MANUTENÇÃO CENTRO DE ACOLHIMENTO FAMILIAR;58;PROTEÇÃO SOCIAL ESPECIAL DE ALTA COMPLEXIDADE;8;Assistência Social;244;Assistência Comunitária;448;3.3.90.36.00.00.00.00;OUTROS SERVIÇOS DE TERCEIROS - PESSOA FÍSICA;1.660.000.0000;TRANSFERÊNCIA DE RECURSOS DO FUNDO NACIONAL DE ASSISTÊNCIA SOCIAL - FNAS;39.355,78
PREFEITURA MUNICIPAL DE BARBACENA;25.003;FUNDO MUNICIPAL DE ASSISTENCIA SOCIAL - FMAS;2.411;CRIAÇÃO, IMPLANTAÇÃO E MANUTENÇÃO CENTRO DE ACOLHIMENTO FAMILIAR;58;PROTEÇÃO SOCIAL ESPECIAL DE ALTA COMPLEXIDADE;8;Assistência Social;244;Assistência Comunitária;449;3.3.90.39.00.00.00.00;OUTROS SERVIÇOS DE TERCEIROS - PESSOA JURÍDICA;1.660.000.0000;TRANSFERÊNCIA DE RECURSOS DO FUNDO NACIONAL DE ASSISTÊNCIA SOCIAL - FNAS;1.000,00
PREFEITURA MUNICIPAL DE BARBACENA;25.003;FUNDO MUNICIPAL DE ASSISTENCIA SOCIAL - FMAS;2.665;MANUTENÇÃO DA CASA DE PASSAGEM;58;PROTEÇÃO SOCIAL ESPECIAL DE ALTA COMPLEXIDADE;8;Assistência Social;244;Assistência Comunitária;450;3.1.90.04.00.00.00.00;CONTRATAÇÃO POR TEMPO DETERMINADO;1.500.000.0000;RECURSOS NÃO VINCULADOS DE IMPOSTOS;74.063,24
PREFEITURA MUNICIPAL DE BARBACENA;25.003;FUNDO MUNICIPAL DE ASSISTENCIA SOCIAL - FMAS;2.665;MANUTENÇÃO DA CASA DE PASSAGEM;58;PROTEÇÃO SOCIAL ESPECIAL DE ALTA COMPLEXIDADE;8;Assistência Social;244;Assistência Comunitária;450;3.1.90.04.00.00.00.00;CONTRATAÇÃO POR TEMPO DETERMINADO;1.660.000.0000;TRANSFERÊNCIA DE RECURSOS DO FUNDO NACIONAL DE ASSISTÊNCIA SOCIAL - FNAS;74.461,03
PREFEITURA MUNICIPAL DE BARBACENA;25.003;FUNDO MUNICIPAL DE ASSISTENCIA SOCIAL - FMAS;2.665;MANUTENÇÃO DA CASA DE PASSAGEM;58;PROTEÇÃO SOCIAL ESPECIAL DE ALTA COMPLEXIDADE;8;Assistência Social;244;Assistência Comunitária;451;3.1.90.11.00.00.00.00;VENCIMENTOS E VANTAGENS FIXAS - PESSOAL CIVIL;1.500.000.0000;RECURSOS NÃO VINCULADOS DE IMPOSTOS;2.000,00
PREFEITURA MUNICIPAL DE BARBACENA;25.003;FUNDO MUNICIPAL DE ASSISTENCIA SOCIAL - FMAS;2.665;MANUTENÇÃO DA CASA DE PASSAGEM;58;PROTEÇÃO SOCIAL ESPECIAL DE ALTA COMPLEXIDADE;8;Assistência Social;244;Assistência Comunitária;451;3.1.90.11.00.00.00.00;VENCIMENTOS E VANTAGENS FIXAS - PESSOAL CIVIL;1.660.000.0000;TRANSFERÊNCIA DE RECURSOS DO FUNDO NACIONAL DE ASSISTÊNCIA SOCIAL - FNAS;1.000,00
PREFEITURA MUNICIPAL DE BARBACENA;25.003;FUNDO MUNICIPAL DE ASSISTENCIA SOCIAL - FMAS;2.665;MANUTENÇÃO DA CASA DE PASSAGEM;58;PROTEÇÃO SOCIAL ESPECIAL DE ALTA COMPLEXIDADE;8;Assistência Social;244;Assistência Comunitária;452;3.1.90.13.00.00.00.00;OBRIGAÇÕES PATRONAIS;1.500.000.0000;RECURSOS NÃO VINCULADOS DE IMPOSTOS;1.000,00
PREFEITURA MUNICIPAL DE BARBACENA;25.003;FUNDO MUNICIPAL DE ASSISTENCIA SOCIAL - FMAS;2.665;MANUTENÇÃO DA CASA DE PASSAGEM;58;PROTEÇÃO SOCIAL ESPECIAL DE ALTA COMPLEXIDADE;8;Assistência Social;244;Assistência Comunitária;452;3.1.90.13.00.00.00.00;OBRIGAÇÕES PATRONAIS;1.660.000.0000;TRANSFERÊNCIA DE RECURSOS DO FUNDO NACIONAL DE ASSISTÊNCIA SOCIAL - FNAS;3.000,00
PREFEITURA MUNICIPAL DE BARBACENA;25.003;FUNDO MUNICIPAL DE ASSISTENCIA SOCIAL - FMAS;2.665;MANUTENÇÃO DA CASA DE PASSAGEM;58;PROTEÇÃO SOCIAL ESPECIAL DE ALTA COMPLEXIDADE;8;Assistência Social;244;Assistência Comunitária;453;3.1.91.13.00.00.00.00;OBRIGAÇÕES PATRONAIS;1.500.000.0000;RECURSOS NÃO VINCULADOS DE IMPOSTOS;1.000,00
PREFEITURA MUNICIPAL DE BARBACENA;25.003;FUNDO MUNICIPAL DE ASSISTENCIA SOCIAL - FMAS;2.665;MANUTENÇÃO DA CASA DE PASSAGEM;58;PROTEÇÃO SOCIAL ESPECIAL DE ALTA COMPLEXIDADE;8;Assistência Social;244;Assistência Comunitária;453;3.1.91.13.00.00.00.00;OBRIGAÇÕES PATRONAIS;1.660.000.0000;TRANSFERÊNCIA DE RECURSOS DO FUNDO NACIONAL DE ASSISTÊNCIA SOCIAL - FNAS;1.000,00
PREFEITURA MUNICIPAL DE BARBACENA;25.003;FUNDO MUNICIPAL DE ASSISTENCIA SOCIAL - FMAS;2.665;MANUTENÇÃO DA CASA DE PASSAGEM;58;PROTEÇÃO SOCIAL ESPECIAL DE ALTA COMPLEXIDADE;8;Assistência Social;244;Assistência Comunitária;454;3.3.90.08.00.00.00.00;OUTROS BENEFÍCIOS ASSISTENCIAIS-SERVIDOR/MILITAR;1.500.000.0000;RECURSOS NÃO VINCULADOS DE IMPOSTOS;1.000,00
PREFEITURA MUNICIPAL DE BARBACENA;25.003;FUNDO MUNICIPAL DE ASSISTENCIA SOCIAL - FMAS;2.665;MANUTENÇÃO DA CASA DE PASSAGEM;58;PROTEÇÃO SOCIAL ESPECIAL DE ALTA COMPLEXIDADE;8;Assistência Social;244;Assistência Comunitária;454;3.3.90.08.00.00.00.00;OUTROS BENEFÍCIOS ASSISTENCIAIS-SERVIDOR/MILITAR;1.660.000.0000;TRANSFERÊNCIA DE RECURSOS DO FUNDO NACIONAL DE ASSISTÊNCIA SOCIAL - FNAS;1.000,00
PREFEITURA MUNICIPAL DE BARBACENA;25.003;FUNDO MUNICIPAL DE ASSISTENCIA SOCIAL - FMAS;2.665;MANUTENÇÃO DA CASA DE PASSAGEM;58;PROTEÇÃO SOCIAL ESPECIAL DE ALTA COMPLEXIDADE;8;Assistência Social;244;Assistência Comunitária;455;3.3.90.18.00.00.00.00;AUXÍLIO FINANCEIRO A ESTUDANTES;1.500.000.0000;RECURSOS NÃO VINCULADOS DE IMPOSTOS;1.000,00
PREFEITURA MUNICIPAL DE BARBACENA;25.003;FUNDO MUNICIPAL DE ASSISTENCIA SOCIAL - FMAS;2.665;MANUTENÇÃO DA CASA DE PASSAGEM;58;PROTEÇÃO SOCIAL ESPECIAL DE ALTA COMPLEXIDADE;8;Assistência Social;244;Assistência Comunitária;455;3.3.90.18.00.00.00.00;AUXÍLIO FINANCEIRO A ESTUDANTES;1.660.000.0000;TRANSFERÊNCIA DE RECURSOS DO FUNDO NACIONAL DE ASSISTÊNCIA SOCIAL - FNAS;1.000,00
PREFEITURA MUNICIPAL DE BARBACENA;25.003;FUNDO MUNICIPAL DE ASSISTENCIA SOCIAL - FMAS;2.665;MANUTENÇÃO DA CASA DE PASSAGEM;58;PROTEÇÃO SOCIAL ESPECIAL DE ALTA COMPLEXIDADE;8;Assistência Social;244;Assistência Comunitária;456;3.3.90.30.00.00.00.00;MATERIAL DE CONSUMO;1.500.000.0000;RECURSOS NÃO VINCULADOS DE IMPOSTOS;1.500,00
PREFEITURA MUNICIPAL DE BARBACENA;25.003;FUNDO MUNICIPAL DE ASSISTENCIA SOCIAL - FMAS;2.665;MANUTENÇÃO DA CASA DE PASSAGEM;58;PROTEÇÃO SOCIAL ESPECIAL DE ALTA COMPLEXIDADE;8;Assistência Social;244;Assistência Comunitária;456;3.3.90.30.00.00.00.00;MATERIAL DE CONSUMO;1.660.000.0000;TRANSFERÊNCIA DE RECURSOS DO FUNDO NACIONAL DE ASSISTÊNCIA SOCIAL - FNAS;6.000,00
PREFEITURA MUNICIPAL DE BARBACENA;25.003;FUNDO MUNICIPAL DE ASSISTENCIA SOCIAL - FMAS;2.665;MANUTENÇÃO DA CASA DE PASSAGEM;58;PROTEÇÃO SOCIAL ESPECIAL DE ALTA COMPLEXIDADE;8;Assistência Social;244;Assistência Comunitária;457;3.3.90.36.00.00.00.00;OUTROS SERVIÇOS DE TERCEIROS - PESSOA FÍSICA;1.661.000.0000;TRANSFERÊNCIA DE RECURSOS DOS FUNDOS ESTADUAIS DE ASSISTÊNCIA SOCIAL;44.100,00
PREFEITURA MUNICIPAL DE BARBACENA;25.003;FUNDO MUNICIPAL DE ASSISTENCIA SOCIAL - FMAS;2.665;MANUTENÇÃO DA CASA DE PASSAGEM;58;PROTEÇÃO SOCIAL ESPECIAL DE ALTA COMPLEXIDADE;8;Assistência Social;244;Assistência Comunitária;458;3.3.90.39.00.00.00.00;OUTROS SERVIÇOS DE TERCEIROS - PESSOA JURÍDICA;1.500.000.0000;RECURSOS NÃO VINCULADOS DE IMPOSTOS;101.706,33
PREFEITURA MUNICIPAL DE BARBACENA;25.003;FUNDO MUNICIPAL DE ASSISTENCIA SOCIAL - FMAS;2.665;MANUTENÇÃO DA CASA DE PASSAGEM;58;PROTEÇÃO SOCIAL ESPECIAL DE ALTA COMPLEXIDADE;8;Assistência Social;244;Assistência Comunitária;458;3.3.90.39.00.00.00.00;OUTROS SERVIÇOS DE TERCEIROS - PESSOA JURÍDICA;1.501.000.0000;OUTROS RECURSOS NÃO VINCULADOS;57.000,00
PREFEITURA MUNICIPAL DE BARBACENA;25.003;FUNDO MUNICIPAL DE ASSISTENCIA SOCIAL - FMAS;2.665;MANUTENÇÃO DA CASA DE PASSAGEM;58;PROTEÇÃO SOCIAL ESPECIAL DE ALTA COMPLEXIDADE;8;Assistência Social;244;Assistência Comunitária;458;3.3.90.39.00.00.00.00;OUTROS SERVIÇOS DE TERCEIROS - PESSOA JURÍDICA;1.660.000.0000;TRANSFERÊNCIA DE RECURSOS DO FUNDO NACIONAL DE ASSISTÊNCIA SOCIAL - FNAS;53.568,75
PREFEITURA MUNICIPAL DE BARBACENA;25.003;FUNDO MUNICIPAL DE ASSISTENCIA SOCIAL - FMAS;2.665;MANUTENÇÃO DA CASA DE PASSAGEM;58;PROTEÇÃO SOCIAL ESPECIAL DE ALTA COMPLEXIDADE;8;Assistência Social;244;Assistência Comunitária;459;3.3.90.46.00.00.00.00;AUXÍLIO-ALIMENTAÇÃO;1.500.000.0000;RECURSOS NÃO VINCULADOS DE IMPOSTOS;15.120,00
PREFEITURA MUNICIPAL DE BARBACENA;25.003;FUNDO MUNICIPAL DE ASSISTENCIA SOCIAL - FMAS;2.665;MANUTENÇÃO DA CASA DE PASSAGEM;58;PROTEÇÃO SOCIAL ESPECIAL DE ALTA COMPLEXIDADE;8;Assistência Social;244;Assistência Comunitária;459;3.3.90.46.00.00.00.00;AUXÍLIO-ALIMENTAÇÃO;1.660.000.0000;TRANSFERÊNCIA DE RECURSOS DO FUNDO NACIONAL DE ASSISTÊNCIA SOCIAL - FNAS;16.632,00
PREFEITURA MUNICIPAL DE BARBACENA;25.003;FUNDO MUNICIPAL DE ASSISTENCIA SOCIAL - FMAS;2.665;MANUTENÇÃO DA CASA DE PASSAGEM;58;PROTEÇÃO SOCIAL ESPECIAL DE ALTA COMPLEXIDADE;8;Assistência Social;244;Assistência Comunitária;460;4.4.90.51.00.00.00.00;OBRAS E INSTALAÇÕES;1.660.000.0000;TRANSFERÊNCIA DE RECURSOS DO FUNDO NACIONAL DE ASSISTÊNCIA SOCIAL - FNAS;1.000,00
PREFEITURA MUNICIPAL DE BARBACENA;25.003;FUNDO MUNICIPAL DE ASSISTENCIA SOCIAL - FMAS;2.665;MANUTENÇÃO DA CASA DE PASSAGEM;58;PROTEÇÃO SOCIAL ESPECIAL DE ALTA COMPLEXIDADE;8;Assistência Social;244;Assistência Comunitária;461;4.4.90.52.00.00.00.00;EQUIPAMENTOS E MATERIAL PERMANENTE;1.501.000.0000;OUTROS RECURSOS NÃO VINCULADOS;5.000,00
PREFEITURA MUNICIPAL DE BARBACENA;25.003;FUNDO MUNICIPAL DE ASSISTENCIA SOCIAL - FMAS;2.665;MANUTENÇÃO DA CASA DE PASSAGEM;58;PROTEÇÃO SOCIAL ESPECIAL DE ALTA COMPLEXIDADE;8;Assistência Social;244;Assistência Comunitária;461;4.4.90.52.00.00.00.00;EQUIPAMENTOS E MATERIAL PERMANENTE;1.660.000.0000;TRANSFERÊNCIA DE RECURSOS DO FUNDO NACIONAL DE ASSISTÊNCIA SOCIAL - FNAS;1.000,00
PREFEITURA MUNICIPAL DE BARBACENA;25.003;FUNDO MUNICIPAL DE ASSISTENCIA SOCIAL - FMAS;2.317;MANUTENÇÃO DE PROGRAMAS MUNICIPAIS DE HABITAÇAO DE INTERESSE SOCIAL;59;PROGRAMAS FEDERAIS E MUNICIPAIS;8;Assistência Social;244;Assistência Comunitária;462;3.3.90.30.00.00.00.00;MATERIAL DE CONSUMO;1.500.000.0000;RECURSOS NÃO VINCULADOS DE IMPOSTOS;1.000,00
PREFEITURA MUNICIPAL DE BARBACENA;25.003;FUNDO MUNICIPAL DE ASSISTENCIA SOCIAL - FMAS;2.317;MANUTENÇÃO DE PROGRAMAS MUNICIPAIS DE HABITAÇAO DE INTERESSE SOCIAL;59;PROGRAMAS FEDERAIS E MUNICIPAIS;8;Assistência Social;244;Assistência Comunitária;463;3.3.90.36.00.00.00.00;OUTROS SERVIÇOS DE TERCEIROS - PESSOA FÍSICA;1.500.000.0000;RECURSOS NÃO VINCULADOS DE IMPOSTOS;1.000,00
PREFEITURA MUNICIPAL DE BARBACENA;25.003;FUNDO MUNICIPAL DE ASSISTENCIA SOCIAL - FMAS;2.317;MANUTENÇÃO DE PROGRAMAS MUNICIPAIS DE HABITAÇAO DE INTERESSE SOCIAL;59;PROGRAMAS FEDERAIS E MUNICIPAIS;8;Assistência Social;244;Assistência Comunitária;464;3.3.90.39.00.00.00.00;OUTROS SERVIÇOS DE TERCEIROS - PESSOA JURÍDICA;1.500.000.0000;RECURSOS NÃO VINCULADOS DE IMPOSTOS;1.000,00
PREFEITURA MUNICIPAL DE BARBACENA;25.003;FUNDO MUNICIPAL DE ASSISTENCIA SOCIAL - FMAS;2.317;MANUTENÇÃO DE PROGRAMAS MUNICIPAIS DE HABITAÇAO DE INTERESSE SOCIAL;59;PROGRAMAS FEDERAIS E MUNICIPAIS;8;Assistência Social;244;Assistência Comunitária;465;4.4.90.52.00.00.00.00;EQUIPAMENTOS E MATERIAL PERMANENTE;1.500.000.0000;RECURSOS NÃO VINCULADOS DE IMPOSTOS;1.500,00
PREFEITURA MUNICIPAL DE BARBACENA;25.003;FUNDO MUNICIPAL DE ASSISTENCIA SOCIAL - FMAS;2.318;MANUTENÇÃO DO CADUNICO E PROGRAMA BOLSA FAMILIA;59;PROGRAMAS FEDERAIS E MUNICIPAIS;8;Assistência Social;244;Assistência Comunitária;466;3.1.90.04.00.00.00.00;CONTRATAÇÃO POR TEMPO DETERMINADO;1.500.000.0000;RECURSOS NÃO VINCULADOS DE IMPOSTOS;202.842,60
PREFEITURA MUNICIPAL DE BARBACENA;25.003;FUNDO MUNICIPAL DE ASSISTENCIA SOCIAL - FMAS;2.318;MANUTENÇÃO DO CADUNICO E PROGRAMA BOLSA FAMILIA;59;PROGRAMAS FEDERAIS E MUNICIPAIS;8;Assistência Social;244;Assistência Comunitária;466;3.1.90.04.00.00.00.00;CONTRATAÇÃO POR TEMPO DETERMINADO;1.660.000.0000;TRANSFERÊNCIA DE RECURSOS DO FUNDO NACIONAL DE ASSISTÊNCIA SOCIAL - FNAS;44.300,36
PREFEITURA MUNICIPAL DE BARBACENA;25.003;FUNDO MUNICIPAL DE ASSISTENCIA SOCIAL - FMAS;2.318;MANUTENÇÃO DO CADUNICO E PROGRAMA BOLSA FAMILIA;59;PROGRAMAS FEDERAIS E MUNICIPAIS;8;Assistência Social;244;Assistência Comunitária;467;3.1.90.11.00.00.00.00;VENCIMENTOS E VANTAGENS FIXAS - PESSOAL CIVIL;1.500.000.0000;RECURSOS NÃO VINCULADOS DE IMPOSTOS;204.805,24
PREFEITURA MUNICIPAL DE BARBACENA;25.003;FUNDO MUNICIPAL DE ASSISTENCIA SOCIAL - FMAS;2.318;MANUTENÇÃO DO CADUNICO E PROGRAMA BOLSA FAMILIA;59;PROGRAMAS FEDERAIS E MUNICIPAIS;8;Assistência Social;244;Assistência Comunitária;467;3.1.90.11.00.00.00.00;VENCIMENTOS E VANTAGENS FIXAS - PESSOAL CIVIL;1.660.000.0000;TRANSFERÊNCIA DE RECURSOS DO FUNDO NACIONAL DE ASSISTÊNCIA SOCIAL - FNAS;1.000,00
PREFEITURA MUNICIPAL DE BARBACENA;25.003;FUNDO MUNICIPAL DE ASSISTENCIA SOCIAL - FMAS;2.318;MANUTENÇÃO DO CADUNICO E PROGRAMA BOLSA FAMILIA;59;PROGRAMAS FEDERAIS E MUNICIPAIS;8;Assistência Social;244;Assistência Comunitária;468;3.1.90.13.00.00.00.00;OBRIGAÇÕES PATRONAIS;1.500.000.0000;RECURSOS NÃO VINCULADOS DE IMPOSTOS;2.507,52
PREFEITURA MUNICIPAL DE BARBACENA;25.003;FUNDO MUNICIPAL DE ASSISTENCIA SOCIAL - FMAS;2.318;MANUTENÇÃO DO CADUNICO E PROGRAMA BOLSA FAMILIA;59;PROGRAMAS FEDERAIS E MUNICIPAIS;8;Assistência Social;244;Assistência Comunitária;468;3.1.90.13.00.00.00.00;OBRIGAÇÕES PATRONAIS;1.660.000.0000;TRANSFERÊNCIA DE RECURSOS DO FUNDO NACIONAL DE ASSISTÊNCIA SOCIAL - FNAS;1.000,00
PREFEITURA MUNICIPAL DE BARBACENA;25.003;FUNDO MUNICIPAL DE ASSISTENCIA SOCIAL - FMAS;2.318;MANUTENÇÃO DO CADUNICO E PROGRAMA BOLSA FAMILIA;59;PROGRAMAS FEDERAIS E MUNICIPAIS;8;Assistência Social;244;Assistência Comunitária;469;3.1.91.13.00.00.00.00;OBRIGAÇÕES PATRONAIS;1.500.000.0000;RECURSOS NÃO VINCULADOS DE IMPOSTOS;57.345,32
PREFEITURA MUNICIPAL DE BARBACENA;25.003;FUNDO MUNICIPAL DE ASSISTENCIA SOCIAL - FMAS;2.318;MANUTENÇÃO DO CADUNICO E PROGRAMA BOLSA FAMILIA;59;PROGRAMAS FEDERAIS E MUNICIPAIS;8;Assistência Social;244;Assistência Comunitária;470;3.3.90.14.00.00.00.00;DIÁRIAS - PESSOAL CIVIL;1.660.000.0000;TRANSFERÊNCIA DE RECURSOS DO FUNDO NACIONAL DE ASSISTÊNCIA SOCIAL - FNAS;1.000,00
PREFEITURA MUNICIPAL DE BARBACENA;25.003;FUNDO MUNICIPAL DE ASSISTENCIA SOCIAL - FMAS;2.318;MANUTENÇÃO DO CADUNICO E PROGRAMA BOLSA FAMILIA;59;PROGRAMAS FEDERAIS E MUNICIPAIS;8;Assistência Social;244;Assistência Comunitária;471;3.3.90.18.00.00.00.00;AUXÍLIO FINANCEIRO A ESTUDANTES;1.660.000.0000;TRANSFERÊNCIA DE RECURSOS DO FUNDO NACIONAL DE ASSISTÊNCIA SOCIAL - FNAS;1.000,00
PREFEITURA MUNICIPAL DE BARBACENA;25.003;FUNDO MUNICIPAL DE ASSISTENCIA SOCIAL - FMAS;2.318;MANUTENÇÃO DO CADUNICO E PROGRAMA BOLSA FAMILIA;59;PROGRAMAS FEDERAIS E MUNICIPAIS;8;Assistência Social;244;Assistência Comunitária;472;3.3.90.30.00.00.00.00;MATERIAL DE CONSUMO;1.500.000.0000;RECURSOS NÃO VINCULADOS DE IMPOSTOS;1.500,00
PREFEITURA MUNICIPAL DE BARBACENA;25.003;FUNDO MUNICIPAL DE ASSISTENCIA SOCIAL - FMAS;2.318;MANUTENÇÃO DO CADUNICO E PROGRAMA BOLSA FAMILIA;59;PROGRAMAS FEDERAIS E MUNICIPAIS;8;Assistência Social;244;Assistência Comunitária;472;3.3.90.30.00.00.00.00;MATERIAL DE CONSUMO;1.660.000.0000;TRANSFERÊNCIA DE RECURSOS DO FUNDO NACIONAL DE ASSISTÊNCIA SOCIAL - FNAS;27.045,60
PREFEITURA MUNICIPAL DE BARBACENA;25.003;FUNDO MUNICIPAL DE ASSISTENCIA SOCIAL - FMAS;2.318;MANUTENÇÃO DO CADUNICO E PROGRAMA BOLSA FAMILIA;59;PROGRAMAS FEDERAIS E MUNICIPAIS;8;Assistência Social;244;Assistência Comunitária;473;3.3.90.36.00.00.00.00;OUTROS SERVIÇOS DE TERCEIROS - PESSOA FÍSICA;1.660.000.0000;TRANSFERÊNCIA DE RECURSOS DO FUNDO NACIONAL DE ASSISTÊNCIA SOCIAL - FNAS;1.500,00
PREFEITURA MUNICIPAL DE BARBACENA;25.003;FUNDO MUNICIPAL DE ASSISTENCIA SOCIAL - FMAS;2.318;MANUTENÇÃO DO CADUNICO E PROGRAMA BOLSA FAMILIA;59;PROGRAMAS FEDERAIS E MUNICIPAIS;8;Assistência Social;244;Assistência Comunitária;474;3.3.90.39.00.00.00.00;OUTROS SERVIÇOS DE TERCEIROS - PESSOA JURÍDICA;1.500.000.0000;RECURSOS NÃO VINCULADOS DE IMPOSTOS;5.000,00
PREFEITURA MUNICIPAL DE BARBACENA;25.003;FUNDO MUNICIPAL DE ASSISTENCIA SOCIAL - FMAS;2.318;MANUTENÇÃO DO CADUNICO E PROGRAMA BOLSA FAMILIA;59;PROGRAMAS FEDERAIS E MUNICIPAIS;8;Assistência Social;244;Assistência Comunitária;474;3.3.90.39.00.00.00.00;OUTROS SERVIÇOS DE TERCEIROS - PESSOA JURÍDICA;1.660.000.0000;TRANSFERÊNCIA DE RECURSOS DO FUNDO NACIONAL DE ASSISTÊNCIA SOCIAL - FNAS;86.546,54
PREFEITURA MUNICIPAL DE BARBACENA;25.003;FUNDO MUNICIPAL DE ASSISTENCIA SOCIAL - FMAS;2.318;MANUTENÇÃO DO CADUNICO E PROGRAMA BOLSA FAMILIA;59;PROGRAMAS FEDERAIS E MUNICIPAIS;8;Assistência Social;244;Assistência Comunitária;475;3.3.90.46.00.00.00.00;AUXÍLIO-ALIMENTAÇÃO;1.500.000.0000;RECURSOS NÃO VINCULADOS DE IMPOSTOS;55.944,00
PREFEITURA MUNICIPAL DE BARBACENA;25.003;FUNDO MUNICIPAL DE ASSISTENCIA SOCIAL - FMAS;2.318;MANUTENÇÃO DO CADUNICO E PROGRAMA BOLSA FAMILIA;59;PROGRAMAS FEDERAIS E MUNICIPAIS;8;Assistência Social;244;Assistência Comunitária;475;3.3.90.46.00.00.00.00;AUXÍLIO-ALIMENTAÇÃO;1.660.000.0000;TRANSFERÊNCIA DE RECURSOS DO FUNDO NACIONAL DE ASSISTÊNCIA SOCIAL - FNAS;14.805,00
PREFEITURA MUNICIPAL DE BARBACENA;25.003;FUNDO MUNICIPAL DE ASSISTENCIA SOCIAL - FMAS;2.318;MANUTENÇÃO DO CADUNICO E PROGRAMA BOLSA FAMILIA;59;PROGRAMAS FEDERAIS E MUNICIPAIS;8;Assistência Social;244;Assistência Comunitária;476;3.3.90.92.00.00.00.00;DESPESAS DE EXERCÍCIOS ANTERIORES;1.660.000.0000;TRANSFERÊNCIA DE RECURSOS DO FUNDO NACIONAL DE ASSISTÊNCIA SOCIAL - FNAS;2.100,00
PREFEITURA MUNICIPAL DE BARBACENA;25.003;FUNDO MUNICIPAL DE ASSISTENCIA SOCIAL - FMAS;2.318;MANUTENÇÃO DO CADUNICO E PROGRAMA BOLSA FAMILIA;59;PROGRAMAS FEDERAIS E MUNICIPAIS;8;Assistência Social;244;Assistência Comunitária;477;4.4.90.52.00.00.00.00;EQUIPAMENTOS E MATERIAL PERMANENTE;1.500.000.0000;RECURSOS NÃO VINCULADOS DE IMPOSTOS;5.250,00
PREFEITURA MUNICIPAL DE BARBACENA;25.003;FUNDO MUNICIPAL DE ASSISTENCIA SOCIAL - FMAS;2.318;MANUTENÇÃO DO CADUNICO E PROGRAMA BOLSA FAMILIA;59;PROGRAMAS FEDERAIS E MUNICIPAIS;8;Assistência Social;244;Assistência Comunitária;477;4.4.90.52.00.00.00.00;EQUIPAMENTOS E MATERIAL PERMANENTE;1.660.000.0000;TRANSFERÊNCIA DE RECURSOS DO FUNDO NACIONAL DE ASSISTÊNCIA SOCIAL - FNAS;4.240,00
PREFEITURA MUNICIPAL DE BARBACENA;25.004;FUNDO MUN DE APOIO DAS PESSOAS COM DEFICIENCIA;2.325;IMPLANTAÇÃO E PROMOÇÃO DAS POLITICAS DOS DIREITOS DA PESSOA COM DEFICIENCIA;55;FORTALECIMENTO DO CONTROLE SOCIAL;8;Assistência Social;242;Assistência à Pessoa com Deficiência;478;3.3.50.43.00.00.00.00;SUBVENÇÕES SOCIAIS;1.500.000.0000;RECURSOS NÃO VINCULADOS DE IMPOSTOS;15.750,00
PREFEITURA MUNICIPAL DE BARBACENA;25.004;FUNDO MUN DE APOIO DAS PESSOAS COM DEFICIENCIA;2.325;IMPLANTAÇÃO E PROMOÇÃO DAS POLITICAS DOS DIREITOS DA PESSOA COM DEFICIENCIA;55;FORTALECIMENTO DO CONTROLE SOCIAL;8;Assistência Social;242;Assistência à Pessoa com Deficiência;478;3.3.50.43.00.00.00.00;SUBVENÇÕES SOCIAIS;1.501.000.0000;OUTROS RECURSOS NÃO VINCULADOS;89.000,00
PREFEITURA MUNICIPAL DE BARBACENA;25.004;FUNDO MUN DE APOIO DAS PESSOAS COM DEFICIENCIA;2.325;IMPLANTAÇÃO E PROMOÇÃO DAS POLITICAS DOS DIREITOS DA PESSOA COM DEFICIENCIA;55;FORTALECIMENTO DO CONTROLE SOCIAL;8;Assistência Social;242;Assistência à Pessoa com Deficiência;479;3.3.90.39.00.00.00.00;OUTROS SERVIÇOS DE TERCEIROS - PESSOA JURÍDICA;1.500.000.0000;RECURSOS NÃO VINCULADOS DE IMPOSTOS;1.500,00
PREFEITURA MUNICIPAL DE BARBACENA;25.004;FUNDO MUN DE APOIO DAS PESSOAS COM DEFICIENCIA;2.325;IMPLANTAÇÃO E PROMOÇÃO DAS POLITICAS DOS DIREITOS DA PESSOA COM DEFICIENCIA;55;FORTALECIMENTO DO CONTROLE SOCIAL;8;Assistência Social;242;Assistência à Pessoa com Deficiência;480;4.4.90.52.00.00.00.00;EQUIPAMENTOS E MATERIAL PERMANENTE;1.500.000.0000;RECURSOS NÃO VINCULADOS DE IMPOSTOS;15.000,00
PREFEITURA MUNICIPAL DE BARBACENA;25.004;FUNDO MUN DE APOIO DAS PESSOAS COM DEFICIENCIA;2.325;IMPLANTAÇÃO E PROMOÇÃO DAS POLITICAS DOS DIREITOS DA PESSOA COM DEFICIENCIA;55;FORTALECIMENTO DO CONTROLE SOCIAL;8;Assistência Social;242;Assistência à Pessoa com Deficiência;480;4.4.90.52.00.00.00.00;EQUIPAMENTOS E MATERIAL PERMANENTE;1.501.000.0000;OUTROS RECURSOS NÃO VINCULADOS;5.000,00
PREFEITURA MUNICIPAL DE BARBACENA;25.004;FUNDO MUN DE APOIO DAS PESSOAS COM DEFICIENCIA;2.234;APOIO A ASSOCIACAO DE APOIO AOS SURDOS DE BARBACENA - ASSB;57;PROTEÇÃO SOCIAL ESPECIAL DE MÉDIA COMPLEXIDADE;8;Assistência Social;244;Assistência Comunitária;481;3.3.50.41.00.00.00.00;CONTRIBUIÇÕES;1.501.000.0000;OUTROS RECURSOS NÃO VINCULADOS;0,00
PREFEITURA MUNICIPAL DE BARBACENA;25.004;FUNDO MUN DE APOIO DAS PESSOAS COM DEFICIENCIA;2.234;APOIO A ASSOCIACAO DE APOIO AOS SURDOS DE BARBACENA - ASSB;57;PROTEÇÃO SOCIAL ESPECIAL DE MÉDIA COMPLEXIDADE;8;Assistência Social;244;Assistência Comunitária;481;3.3.50.41.00.00.00.00;CONTRIBUIÇÕES;1.501.514.0000;OUTROS RECURSOS NÃO VINCULADOS - EMENDAS JOAO DA SEMENTE;7.500,00
PREFEITURA MUNICIPAL DE BARBACENA;25.004;FUNDO MUN DE APOIO DAS PESSOAS COM DEFICIENCIA;2.234;APOIO A ASSOCIACAO DE APOIO AOS SURDOS DE BARBACENA - ASSB;57;PROTEÇÃO SOCIAL ESPECIAL DE MÉDIA COMPLEXIDADE;8;Assistência Social;244;Assistência Comunitária;482;4.4.50.41.00.00.00.00;CONTRIBUIÇÕES;1.501.000.0000;OUTROS RECURSOS NÃO VINCULADOS;0,00
PREFEITURA MUNICIPAL DE BARBACENA;25.004;FUNDO MUN DE APOIO DAS PESSOAS COM DEFICIENCIA;2.234;APOIO A ASSOCIACAO DE APOIO AOS SURDOS DE BARBACENA - ASSB;57;PROTEÇÃO SOCIAL ESPECIAL DE MÉDIA COMPLEXIDADE;8;Assistência Social;244;Assistência Comunitária;482;4.4.50.41.00.00.00.00;CONTRIBUIÇÕES;1.501.514.0000;OUTROS RECURSOS NÃO VINCULADOS - EMENDAS JOAO DA SEMENTE;7.500,00
PREFEITURA MUNICIPAL DE BARBACENA;25.004;FUNDO MUN DE APOIO DAS PESSOAS COM DEFICIENCIA;2.459;APOIO A ASSOCIAÇÃO DE MÃES E AMIGOS DO AUTISTA DE BARBACENA - AMAB;57;PROTEÇÃO SOCIAL ESPECIAL DE MÉDIA COMPLEXIDADE;8;Assistência Social;244;Assistência Comunitária;483;3.3.50.41.00.00.00.00;CONTRIBUIÇÕES;1.501.000.0000;OUTROS RECURSOS NÃO VINCULADOS;0,00
PREFEITURA MUNICIPAL DE BARBACENA;25.004;FUNDO MUN DE APOIO DAS PESSOAS COM DEFICIENCIA;2.459;APOIO A ASSOCIAÇÃO DE MÃES E AMIGOS DO AUTISTA DE BARBACENA - AMAB;57;PROTEÇÃO SOCIAL ESPECIAL DE MÉDIA COMPLEXIDADE;8;Assistência Social;244;Assistência Comunitária;483;3.3.50.41.00.00.00.00;CONTRIBUIÇÕES;1.501.505.0000;OUTROS RECURSOS NÃO VINCULADOS - EMENDAS FAUSTA TATA;10.000,00
PREFEITURA MUNICIPAL DE BARBACENA;25.004;FUNDO MUN DE APOIO DAS PESSOAS COM DEFICIENCIA;2.459;APOIO A ASSOCIAÇÃO DE MÃES E AMIGOS DO AUTISTA DE BARBACENA - AMAB;57;PROTEÇÃO SOCIAL ESPECIAL DE MÉDIA COMPLEXIDADE;8;Assistência Social;244;Assistência Comunitária;483;3.3.50.41.00.00.00.00;CONTRIBUIÇÕES;1.501.510.0000;OUTROS RECURSOS NÃO VINCULADOS - EMENDAS TODINHO;5.000,00
PREFEITURA MUNICIPAL DE BARBACENA;25.004;FUNDO MUN DE APOIO DAS PESSOAS COM DEFICIENCIA;2.459;APOIO A ASSOCIAÇÃO DE MÃES E AMIGOS DO AUTISTA DE BARBACENA - AMAB;57;PROTEÇÃO SOCIAL ESPECIAL DE MÉDIA COMPLEXIDADE;8;Assistência Social;244;Assistência Comunitária;483;3.3.50.41.00.00.00.00;CONTRIBUIÇÕES;1.501.514.0000;OUTROS RECURSOS NÃO VINCULADOS - EMENDAS JOAO DA SEMENTE;12.500,00
PREFEITURA MUNICIPAL DE BARBACENA;25.004;FUNDO MUN DE APOIO DAS PESSOAS COM DEFICIENCIA;2.459;APOIO A ASSOCIAÇÃO DE MÃES E AMIGOS DO AUTISTA DE BARBACENA - AMAB;57;PROTEÇÃO SOCIAL ESPECIAL DE MÉDIA COMPLEXIDADE;8;Assistência Social;244;Assistência Comunitária;483;3.3.50.41.00.00.00.00;CONTRIBUIÇÕES;1.501.515.0000;OUTROS RECURSOS NÃO VINCULADOS - EMENDAS PAULINHO DO GAS;10.000,00
PREFEITURA MUNICIPAL DE BARBACENA;25.004;FUNDO MUN DE APOIO DAS PESSOAS COM DEFICIENCIA;2.459;APOIO A ASSOCIAÇÃO DE MÃES E AMIGOS DO AUTISTA DE BARBACENA - AMAB;57;PROTEÇÃO SOCIAL ESPECIAL DE MÉDIA COMPLEXIDADE;8;Assistência Social;244;Assistência Comunitária;483;3.3.50.41.00.00.00.00;CONTRIBUIÇÕES;1.501.517.0000;OUTROS RECURSOS NÃO VINCULADOS - EMENDAS SANDRO HELENO;14.500,00
PREFEITURA MUNICIPAL DE BARBACENA;25.004;FUNDO MUN DE APOIO DAS PESSOAS COM DEFICIENCIA;2.459;APOIO A ASSOCIAÇÃO DE MÃES E AMIGOS DO AUTISTA DE BARBACENA - AMAB;57;PROTEÇÃO SOCIAL ESPECIAL DE MÉDIA COMPLEXIDADE;8;Assistência Social;244;Assistência Comunitária;483;3.3.50.41.00.00.00.00;CONTRIBUIÇÕES;1.501.518.0000;OUTROS RECURSOS NÃO VINCULADOS - EMENDAS XINAIDER;7.000,00
PREFEITURA MUNICIPAL DE BARBACENA;25.004;FUNDO MUN DE APOIO DAS PESSOAS COM DEFICIENCIA;2.459;APOIO A ASSOCIAÇÃO DE MÃES E AMIGOS DO AUTISTA DE BARBACENA - AMAB;57;PROTEÇÃO SOCIAL ESPECIAL DE MÉDIA COMPLEXIDADE;8;Assistência Social;244;Assistência Comunitária;483;3.3.50.41.00.00.00.00;CONTRIBUIÇÕES;1.753.000.0000;RECURSOS PROVENIENTES DE TAXAS, CONTRIBUIÇÕES E PREÇOS PÚBLICOS;0,00
PREFEITURA MUNICIPAL DE BARBACENA;25.004;FUNDO MUN DE APOIO DAS PESSOAS COM DEFICIENCIA;2.459;APOIO A ASSOCIAÇÃO DE MÃES E AMIGOS DO AUTISTA DE BARBACENA - AMAB;57;PROTEÇÃO SOCIAL ESPECIAL DE MÉDIA COMPLEXIDADE;8;Assistência Social;244;Assistência Comunitária;483;3.3.50.41.00.00.00.00;CONTRIBUIÇÕES;1.753.502.0000;RECURSOS PROVENIENTES DE TAXAS, CONTRIBUIÇÕES E PREÇOS PÚBLICOS - EMENDAS DIEGO BAIANO;7.500,00
PREFEITURA MUNICIPAL DE BARBACENA;25.004;FUNDO MUN DE APOIO DAS PESSOAS COM DEFICIENCIA;2.459;APOIO A ASSOCIAÇÃO DE MÃES E AMIGOS DO AUTISTA DE BARBACENA - AMAB;57;PROTEÇÃO SOCIAL ESPECIAL DE MÉDIA COMPLEXIDADE;8;Assistência Social;244;Assistência Comunitária;483;3.3.50.41.00.00.00.00;CONTRIBUIÇÕES;1.753.503.0000;RECURSOS PROVENIENTES DE TAXAS, CONTRIBUIÇÕES E PREÇOS PÚBLICOS - EMENDAS EVERTON WALLACE;11.750,00
PREFEITURA MUNICIPAL DE BARBACENA;25.004;FUNDO MUN DE APOIO DAS PESSOAS COM DEFICIENCIA;2.459;APOIO A ASSOCIAÇÃO DE MÃES E AMIGOS DO AUTISTA DE BARBACENA - AMAB;57;PROTEÇÃO SOCIAL ESPECIAL DE MÉDIA COMPLEXIDADE;8;Assistência Social;244;Assistência Comunitária;483;3.3.50.41.00.00.00.00;CONTRIBUIÇÕES;1.753.508.0000;RECURSOS PROVENIENTES DE TAXAS, CONTRIBUIÇÕES E PREÇOS PÚBLICOS - EMENDAS GLAUBER MILAGRES;15.000,00
PREFEITURA MUNICIPAL DE BARBACENA;25.004;FUNDO MUN DE APOIO DAS PESSOAS COM DEFICIENCIA;2.459;APOIO A ASSOCIAÇÃO DE MÃES E AMIGOS DO AUTISTA DE BARBACENA - AMAB;57;PROTEÇÃO SOCIAL ESPECIAL DE MÉDIA COMPLEXIDADE;8;Assistência Social;244;Assistência Comunitária;484;4.4.50.41.00.00.00.00;CONTRIBUIÇÕES;1.501.000.0000;OUTROS RECURSOS NÃO VINCULADOS;0,00
PREFEITURA MUNICIPAL DE BARBACENA;25.004;FUNDO MUN DE APOIO DAS PESSOAS COM DEFICIENCIA;2.459;APOIO A ASSOCIAÇÃO DE MÃES E AMIGOS DO AUTISTA DE BARBACENA - AMAB;57;PROTEÇÃO SOCIAL ESPECIAL DE MÉDIA COMPLEXIDADE;8;Assistência Social;244;Assistência Comunitária;484;4.4.50.41.00.00.00.00;CONTRIBUIÇÕES;1.501.505.0000;OUTROS RECURSOS NÃO VINCULADOS - EMENDAS FAUSTA TATA;10.000,00
PREFEITURA MUNICIPAL DE BARBACENA;25.004;FUNDO MUN DE APOIO DAS PESSOAS COM DEFICIENCIA;2.459;APOIO A ASSOCIAÇÃO DE MÃES E AMIGOS DO AUTISTA DE BARBACENA - AMAB;57;PROTEÇÃO SOCIAL ESPECIAL DE MÉDIA COMPLEXIDADE;8;Assistência Social;244;Assistência Comunitária;484;4.4.50.41.00.00.00.00;CONTRIBUIÇÕES;1.501.510.0000;OUTROS RECURSOS NÃO VINCULADOS - EMENDAS TODINHO;5.000,00
PREFEITURA MUNICIPAL DE BARBACENA;25.004;FUNDO MUN DE APOIO DAS PESSOAS COM DEFICIENCIA;2.459;APOIO A ASSOCIAÇÃO DE MÃES E AMIGOS DO AUTISTA DE BARBACENA - AMAB;57;PROTEÇÃO SOCIAL ESPECIAL DE MÉDIA COMPLEXIDADE;8;Assistência Social;244;Assistência Comunitária;484;4.4.50.41.00.00.00.00;CONTRIBUIÇÕES;1.501.514.0000;OUTROS RECURSOS NÃO VINCULADOS - EMENDAS JOAO DA SEMENTE;12.500,00
PREFEITURA MUNICIPAL DE BARBACENA;25.004;FUNDO MUN DE APOIO DAS PESSOAS COM DEFICIENCIA;2.459;APOIO A ASSOCIAÇÃO DE MÃES E AMIGOS DO AUTISTA DE BARBACENA - AMAB;57;PROTEÇÃO SOCIAL ESPECIAL DE MÉDIA COMPLEXIDADE;8;Assistência Social;244;Assistência Comunitária;484;4.4.50.41.00.00.00.00;CONTRIBUIÇÕES;1.501.515.0000;OUTROS RECURSOS NÃO VINCULADOS - EMENDAS PAULINHO DO GAS;10.000,00
PREFEITURA MUNICIPAL DE BARBACENA;25.004;FUNDO MUN DE APOIO DAS PESSOAS COM DEFICIENCIA;2.459;APOIO A ASSOCIAÇÃO DE MÃES E AMIGOS DO AUTISTA DE BARBACENA - AMAB;57;PROTEÇÃO SOCIAL ESPECIAL DE MÉDIA COMPLEXIDADE;8;Assistência Social;244;Assistência Comunitária;484;4.4.50.41.00.00.00.00;CONTRIBUIÇÕES;1.501.517.0000;OUTROS RECURSOS NÃO VINCULADOS - EMENDAS SANDRO HELENO;14.500,00
PREFEITURA MUNICIPAL DE BARBACENA;25.004;FUNDO MUN DE APOIO DAS PESSOAS COM DEFICIENCIA;2.459;APOIO A ASSOCIAÇÃO DE MÃES E AMIGOS DO AUTISTA DE BARBACENA - AMAB;57;PROTEÇÃO SOCIAL ESPECIAL DE MÉDIA COMPLEXIDADE;8;Assistência Social;244;Assistência Comunitária;484;4.4.50.41.00.00.00.00;CONTRIBUIÇÕES;1.501.518.0000;OUTROS RECURSOS NÃO VINCULADOS - EMENDAS XINAIDER;7.000,00
PREFEITURA MUNICIPAL DE BARBACENA;25.004;FUNDO MUN DE APOIO DAS PESSOAS COM DEFICIENCIA;2.459;APOIO A ASSOCIAÇÃO DE MÃES E AMIGOS DO AUTISTA DE BARBACENA - AMAB;57;PROTEÇÃO SOCIAL ESPECIAL DE MÉDIA COMPLEXIDADE;8;Assistência Social;244;Assistência Comunitária;484;4.4.50.41.00.00.00.00;CONTRIBUIÇÕES;1.753.000.0000;RECURSOS PROVENIENTES DE TAXAS, CONTRIBUIÇÕES E PREÇOS PÚBLICOS;0,00
PREFEITURA MUNICIPAL DE BARBACENA;25.004;FUNDO MUN DE APOIO DAS PESSOAS COM DEFICIENCIA;2.459;APOIO A ASSOCIAÇÃO DE MÃES E AMIGOS DO AUTISTA DE BARBACENA - AMAB;57;PROTEÇÃO SOCIAL ESPECIAL DE MÉDIA COMPLEXIDADE;8;Assistência Social;244;Assistência Comunitária;484;4.4.50.41.00.00.00.00;CONTRIBUIÇÕES;1.753.502.0000;RECURSOS PROVENIENTES DE TAXAS, CONTRIBUIÇÕES E PREÇOS PÚBLICOS - EMENDAS DIEGO BAIANO;7.500,00
PREFEITURA MUNICIPAL DE BARBACENA;25.004;FUNDO MUN DE APOIO DAS PESSOAS COM DEFICIENCIA;2.459;APOIO A ASSOCIAÇÃO DE MÃES E AMIGOS DO AUTISTA DE BARBACENA - AMAB;57;PROTEÇÃO SOCIAL ESPECIAL DE MÉDIA COMPLEXIDADE;8;Assistência Social;244;Assistência Comunitária;484;4.4.50.41.00.00.00.00;CONTRIBUIÇÕES;1.753.503.0000;RECURSOS PROVENIENTES DE TAXAS, CONTRIBUIÇÕES E PREÇOS PÚBLICOS - EMENDAS EVERTON WALLACE;11.750,00
PREFEITURA MUNICIPAL DE BARBACENA;25.004;FUNDO MUN DE APOIO DAS PESSOAS COM DEFICIENCIA;2.459;APOIO A ASSOCIAÇÃO DE MÃES E AMIGOS DO AUTISTA DE BARBACENA - AMAB;57;PROTEÇÃO SOCIAL ESPECIAL DE MÉDIA COMPLEXIDADE;8;Assistência Social;244;Assistência Comunitária;484;4.4.50.41.00.00.00.00;CONTRIBUIÇÕES;1.753.508.0000;RECURSOS PROVENIENTES DE TAXAS, CONTRIBUIÇÕES E PREÇOS PÚBLICOS - EMENDAS GLAUBER MILAGRES;15.000,00
PREFEITURA MUNICIPAL DE BARBACENA;25.004;FUNDO MUN DE APOIO DAS PESSOAS COM DEFICIENCIA;2.471;APOIO ASSOCIAÇÃO REGIONAL DE PESSOAS PORTADORAS DE DEFICIÊNCIA (ASDEF);57;PROTEÇÃO SOCIAL ESPECIAL DE MÉDIA COMPLEXIDADE;8;Assistência Social;244;Assistência Comunitária;485;3.3.50.41.00.00.00.00;CONTRIBUIÇÕES;1.501.000.0000;OUTROS RECURSOS NÃO VINCULADOS;0,00
PREFEITURA MUNICIPAL DE BARBACENA;25.004;FUNDO MUN DE APOIO DAS PESSOAS COM DEFICIENCIA;2.471;APOIO ASSOCIAÇÃO REGIONAL DE PESSOAS PORTADORAS DE DEFICIÊNCIA (ASDEF);57;PROTEÇÃO SOCIAL ESPECIAL DE MÉDIA COMPLEXIDADE;8;Assistência Social;244;Assistência Comunitária;485;3.3.50.41.00.00.00.00;CONTRIBUIÇÕES;1.501.510.0000;OUTROS RECURSOS NÃO VINCULADOS - EMENDAS TODINHO;5.000,00
PREFEITURA MUNICIPAL DE BARBACENA;25.004;FUNDO MUN DE APOIO DAS PESSOAS COM DEFICIENCIA;2.471;APOIO ASSOCIAÇÃO REGIONAL DE PESSOAS PORTADORAS DE DEFICIÊNCIA (ASDEF);57;PROTEÇÃO SOCIAL ESPECIAL DE MÉDIA COMPLEXIDADE;8;Assistência Social;244;Assistência Comunitária;485;3.3.50.41.00.00.00.00;CONTRIBUIÇÕES;1.501.512.0000;OUTROS RECURSOS NÃO VINCULADOS - EMENDAS MARILENE FRANCO;2.500,00
PREFEITURA MUNICIPAL DE BARBACENA;25.004;FUNDO MUN DE APOIO DAS PESSOAS COM DEFICIENCIA;2.471;APOIO ASSOCIAÇÃO REGIONAL DE PESSOAS PORTADORAS DE DEFICIÊNCIA (ASDEF);57;PROTEÇÃO SOCIAL ESPECIAL DE MÉDIA COMPLEXIDADE;8;Assistência Social;244;Assistência Comunitária;485;3.3.50.41.00.00.00.00;CONTRIBUIÇÕES;1.501.514.0000;OUTROS RECURSOS NÃO VINCULADOS - EMENDAS JOAO DA SEMENTE;7.500,00
PREFEITURA MUNICIPAL DE BARBACENA;25.004;FUNDO MUN DE APOIO DAS PESSOAS COM DEFICIENCIA;2.471;APOIO ASSOCIAÇÃO REGIONAL DE PESSOAS PORTADORAS DE DEFICIÊNCIA (ASDEF);57;PROTEÇÃO SOCIAL ESPECIAL DE MÉDIA COMPLEXIDADE;8;Assistência Social;244;Assistência Comunitária;485;3.3.50.41.00.00.00.00;CONTRIBUIÇÕES;1.501.515.0000;OUTROS RECURSOS NÃO VINCULADOS - EMENDAS PAULINHO DO GAS;5.000,00
PREFEITURA MUNICIPAL DE BARBACENA;25.004;FUNDO MUN DE APOIO DAS PESSOAS COM DEFICIENCIA;2.471;APOIO ASSOCIAÇÃO REGIONAL DE PESSOAS PORTADORAS DE DEFICIÊNCIA (ASDEF);57;PROTEÇÃO SOCIAL ESPECIAL DE MÉDIA COMPLEXIDADE;8;Assistência Social;244;Assistência Comunitária;485;3.3.50.41.00.00.00.00;CONTRIBUIÇÕES;1.501.518.0000;OUTROS RECURSOS NÃO VINCULADOS - EMENDAS XINAIDER;7.000,00
PREFEITURA MUNICIPAL DE BARBACENA;25.004;FUNDO MUN DE APOIO DAS PESSOAS COM DEFICIENCIA;2.471;APOIO ASSOCIAÇÃO REGIONAL DE PESSOAS PORTADORAS DE DEFICIÊNCIA (ASDEF);57;PROTEÇÃO SOCIAL ESPECIAL DE MÉDIA COMPLEXIDADE;8;Assistência Social;244;Assistência Comunitária;485;3.3.50.41.00.00.00.00;CONTRIBUIÇÕES;1.753.000.0000;RECURSOS PROVENIENTES DE TAXAS, CONTRIBUIÇÕES E PREÇOS PÚBLICOS;0,00
PREFEITURA MUNICIPAL DE BARBACENA;25.004;FUNDO MUN DE APOIO DAS PESSOAS COM DEFICIENCIA;2.471;APOIO ASSOCIAÇÃO REGIONAL DE PESSOAS PORTADORAS DE DEFICIÊNCIA (ASDEF);57;PROTEÇÃO SOCIAL ESPECIAL DE MÉDIA COMPLEXIDADE;8;Assistência Social;244;Assistência Comunitária;485;3.3.50.41.00.00.00.00;CONTRIBUIÇÕES;1.753.502.0000;RECURSOS PROVENIENTES DE TAXAS, CONTRIBUIÇÕES E PREÇOS PÚBLICOS - EMENDAS DIEGO BAIANO;5.000,00
PREFEITURA MUNICIPAL DE BARBACENA;25.004;FUNDO MUN DE APOIO DAS PESSOAS COM DEFICIENCIA;2.471;APOIO ASSOCIAÇÃO REGIONAL DE PESSOAS PORTADORAS DE DEFICIÊNCIA (ASDEF);57;PROTEÇÃO SOCIAL ESPECIAL DE MÉDIA COMPLEXIDADE;8;Assistência Social;244;Assistência Comunitária;485;3.3.50.41.00.00.00.00;CONTRIBUIÇÕES;1.753.503.0000;RECURSOS PROVENIENTES DE TAXAS, CONTRIBUIÇÕES E PREÇOS PÚBLICOS - EMENDAS EVERTON WALLACE;2.500,00
PREFEITURA MUNICIPAL DE BARBACENA;25.004;FUNDO MUN DE APOIO DAS PESSOAS COM DEFICIENCIA;2.471;APOIO ASSOCIAÇÃO REGIONAL DE PESSOAS PORTADORAS DE DEFICIÊNCIA (ASDEF);57;PROTEÇÃO SOCIAL ESPECIAL DE MÉDIA COMPLEXIDADE;8;Assistência Social;244;Assistência Comunitária;485;3.3.50.41.00.00.00.00;CONTRIBUIÇÕES;1.753.508.0000;RECURSOS PROVENIENTES DE TAXAS, CONTRIBUIÇÕES E PREÇOS PÚBLICOS - EMENDAS GLAUBER MILAGRES;2.500,00
PREFEITURA MUNICIPAL DE BARBACENA;25.004;FUNDO MUN DE APOIO DAS PESSOAS COM DEFICIENCIA;2.471;APOIO ASSOCIAÇÃO REGIONAL DE PESSOAS PORTADORAS DE DEFICIÊNCIA (ASDEF);57;PROTEÇÃO SOCIAL ESPECIAL DE MÉDIA COMPLEXIDADE;8;Assistência Social;244;Assistência Comunitária;485;3.3.50.41.00.00.00.00;CONTRIBUIÇÕES;1.753.517.0000;RECURSOS PROVENIENTES DE TAXAS, CONTRIBUIÇÕES E PREÇOS PÚBLICOS - EMENDAS SANDRO HELENO;9.500,00
PREFEITURA MUNICIPAL DE BARBACENA;25.004;FUNDO MUN DE APOIO DAS PESSOAS COM DEFICIENCIA;2.471;APOIO ASSOCIAÇÃO REGIONAL DE PESSOAS PORTADORAS DE DEFICIÊNCIA (ASDEF);57;PROTEÇÃO SOCIAL ESPECIAL DE MÉDIA COMPLEXIDADE;8;Assistência Social;244;Assistência Comunitária;485;3.3.50.41.00.00.00.00;CONTRIBUIÇÕES;2.500.000.0000;RECURSOS NÃO VINCULADOS DE IMPOSTOS;46.829,41
PREFEITURA MUNICIPAL DE BARBACENA;25.004;FUNDO MUN DE APOIO DAS PESSOAS COM DEFICIENCIA;2.471;APOIO ASSOCIAÇÃO REGIONAL DE PESSOAS PORTADORAS DE DEFICIÊNCIA (ASDEF);57;PROTEÇÃO SOCIAL ESPECIAL DE MÉDIA COMPLEXIDADE;8;Assistência Social;244;Assistência Comunitária;485;3.3.50.41.00.00.00.00;CONTRIBUIÇÕES;2.501.000.0000;OUTROS RECURSOS NÃO VINCULADOS;60.000,00
PREFEITURA MUNICIPAL DE BARBACENA;25.004;FUNDO MUN DE APOIO DAS PESSOAS COM DEFICIENCIA;2.471;APOIO ASSOCIAÇÃO REGIONAL DE PESSOAS PORTADORAS DE DEFICIÊNCIA (ASDEF);57;PROTEÇÃO SOCIAL ESPECIAL DE MÉDIA COMPLEXIDADE;8;Assistência Social;244;Assistência Comunitária;486;4.4.50.41.00.00.00.00;CONTRIBUIÇÕES;1.501.000.0000;OUTROS RECURSOS NÃO VINCULADOS;0,00
PREFEITURA MUNICIPAL DE BARBACENA;25.004;FUNDO MUN DE APOIO DAS PESSOAS COM DEFICIENCIA;2.471;APOIO ASSOCIAÇÃO REGIONAL DE PESSOAS PORTADORAS DE DEFICIÊNCIA (ASDEF);57;PROTEÇÃO SOCIAL ESPECIAL DE MÉDIA COMPLEXIDADE;8;Assistência Social;244;Assistência Comunitária;486;4.4.50.41.00.00.00.00;CONTRIBUIÇÕES;1.501.510.0000;OUTROS RECURSOS NÃO VINCULADOS - EMENDAS TODINHO;5.000,00
PREFEITURA MUNICIPAL DE BARBACENA;25.004;FUNDO MUN DE APOIO DAS PESSOAS COM DEFICIENCIA;2.471;APOIO ASSOCIAÇÃO REGIONAL DE PESSOAS PORTADORAS DE DEFICIÊNCIA (ASDEF);57;PROTEÇÃO SOCIAL ESPECIAL DE MÉDIA COMPLEXIDADE;8;Assistência Social;244;Assistência Comunitária;486;4.4.50.41.00.00.00.00;CONTRIBUIÇÕES;1.501.512.0000;OUTROS RECURSOS NÃO VINCULADOS - EMENDAS MARILENE FRANCO;2.500,00
PREFEITURA MUNICIPAL DE BARBACENA;25.004;FUNDO MUN DE APOIO DAS PESSOAS COM DEFICIENCIA;2.471;APOIO ASSOCIAÇÃO REGIONAL DE PESSOAS PORTADORAS DE DEFICIÊNCIA (ASDEF);57;PROTEÇÃO SOCIAL ESPECIAL DE MÉDIA COMPLEXIDADE;8;Assistência Social;244;Assistência Comunitária;486;4.4.50.41.00.00.00.00;CONTRIBUIÇÕES;1.501.514.0000;OUTROS RECURSOS NÃO VINCULADOS - EMENDAS JOAO DA SEMENTE;7.500,00
PREFEITURA MUNICIPAL DE BARBACENA;25.004;FUNDO MUN DE APOIO DAS PESSOAS COM DEFICIENCIA;2.471;APOIO ASSOCIAÇÃO REGIONAL DE PESSOAS PORTADORAS DE DEFICIÊNCIA (ASDEF);57;PROTEÇÃO SOCIAL ESPECIAL DE MÉDIA COMPLEXIDADE;8;Assistência Social;244;Assistência Comunitária;486;4.4.50.41.00.00.00.00;CONTRIBUIÇÕES;1.501.515.0000;OUTROS RECURSOS NÃO VINCULADOS - EMENDAS PAULINHO DO GAS;5.000,00
PREFEITURA MUNICIPAL DE BARBACENA;25.004;FUNDO MUN DE APOIO DAS PESSOAS COM DEFICIENCIA;2.471;APOIO ASSOCIAÇÃO REGIONAL DE PESSOAS PORTADORAS DE DEFICIÊNCIA (ASDEF);57;PROTEÇÃO SOCIAL ESPECIAL DE MÉDIA COMPLEXIDADE;8;Assistência Social;244;Assistência Comunitária;486;4.4.50.41.00.00.00.00;CONTRIBUIÇÕES;1.501.518.0000;OUTROS RECURSOS NÃO VINCULADOS - EMENDAS XINAIDER;7.000,00
PREFEITURA MUNICIPAL DE BARBACENA;25.004;FUNDO MUN DE APOIO DAS PESSOAS COM DEFICIENCIA;2.471;APOIO ASSOCIAÇÃO REGIONAL DE PESSOAS PORTADORAS DE DEFICIÊNCIA (ASDEF);57;PROTEÇÃO SOCIAL ESPECIAL DE MÉDIA COMPLEXIDADE;8;Assistência Social;244;Assistência Comunitária;486;4.4.50.41.00.00.00.00;CONTRIBUIÇÕES;1.753.000.0000;RECURSOS PROVENIENTES DE TAXAS, CONTRIBUIÇÕES E PREÇOS PÚBLICOS;0,00
PREFEITURA MUNICIPAL DE BARBACENA;25.004;FUNDO MUN DE APOIO DAS PESSOAS COM DEFICIENCIA;2.471;APOIO ASSOCIAÇÃO REGIONAL DE PESSOAS PORTADORAS DE DEFICIÊNCIA (ASDEF);57;PROTEÇÃO SOCIAL ESPECIAL DE MÉDIA COMPLEXIDADE;8;Assistência Social;244;Assistência Comunitária;486;4.4.50.41.00.00.00.00;CONTRIBUIÇÕES;1.753.502.0000;RECURSOS PROVENIENTES DE TAXAS, CONTRIBUIÇÕES E PREÇOS PÚBLICOS - EMENDAS DIEGO BAIANO;5.000,00
PREFEITURA MUNICIPAL DE BARBACENA;25.004;FUNDO MUN DE APOIO DAS PESSOAS COM DEFICIENCIA;2.471;APOIO ASSOCIAÇÃO REGIONAL DE PESSOAS PORTADORAS DE DEFICIÊNCIA (ASDEF);57;PROTEÇÃO SOCIAL ESPECIAL DE MÉDIA COMPLEXIDADE;8;Assistência Social;244;Assistência Comunitária;486;4.4.50.41.00.00.00.00;CONTRIBUIÇÕES;1.753.503.0000;RECURSOS PROVENIENTES DE TAXAS, CONTRIBUIÇÕES E PREÇOS PÚBLICOS - EMENDAS EVERTON WALLACE;2.500,00
PREFEITURA MUNICIPAL DE BARBACENA;25.004;FUNDO MUN DE APOIO DAS PESSOAS COM DEFICIENCIA;2.471;APOIO ASSOCIAÇÃO REGIONAL DE PESSOAS PORTADORAS DE DEFICIÊNCIA (ASDEF);57;PROTEÇÃO SOCIAL ESPECIAL DE MÉDIA COMPLEXIDADE;8;Assistência Social;244;Assistência Comunitária;486;4.4.50.41.00.00.00.00;CONTRIBUIÇÕES;1.753.508.0000;RECURSOS PROVENIENTES DE TAXAS, CONTRIBUIÇÕES E PREÇOS PÚBLICOS - EMENDAS GLAUBER MILAGRES;2.500,00
PREFEITURA MUNICIPAL DE BARBACENA;25.004;FUNDO MUN DE APOIO DAS PESSOAS COM DEFICIENCIA;2.471;APOIO ASSOCIAÇÃO REGIONAL DE PESSOAS PORTADORAS DE DEFICIÊNCIA (ASDEF);57;PROTEÇÃO SOCIAL ESPECIAL DE MÉDIA COMPLEXIDADE;8;Assistência Social;244;Assistência Comunitária;486;4.4.50.41.00.00.00.00;CONTRIBUIÇÕES;1.753.517.0000;RECURSOS PROVENIENTES DE TAXAS, CONTRIBUIÇÕES E PREÇOS PÚBLICOS - EMENDAS SANDRO HELENO;9.500,00
PREFEITURA MUNICIPAL DE BARBACENA;25.005;FUNDO MUN DE SEGUR ALIMENTAR E NUTRICIONAL - FMSAN;2.384;MANUTENÇÃO DE RESTAURANTE POPULAR;55;FORTALECIMENTO DO CONTROLE SOCIAL;8;Assistência Social;306;Alimentação e Nutrição;487;3.3.90.39.00.00.00.00;OUTROS SERVIÇOS DE TERCEIROS - PESSOA JURÍDICA;1.500.000.0000;RECURSOS NÃO VINCULADOS DE IMPOSTOS;766.086,74
PREFEITURA MUNICIPAL DE BARBACENA;25.005;FUNDO MUN DE SEGUR ALIMENTAR E NUTRICIONAL - FMSAN;2.384;MANUTENÇÃO DE RESTAURANTE POPULAR;55;FORTALECIMENTO DO CONTROLE SOCIAL;8;Assistência Social;306;Alimentação e Nutrição;487;3.3.90.39.00.00.00.00;OUTROS SERVIÇOS DE TERCEIROS - PESSOA JURÍDICA;1.501.000.0000;OUTROS RECURSOS NÃO VINCULADOS;196.218,91
PREFEITURA MUNICIPAL DE BARBACENA;25.006;FUNDO MUNICIPAL DA CRIANÇA - FMDCA;2.305;IMPLANTAÇÃO E PROMOÇAO DAS POLITICAS DOS DIREITOS DA CRIANÇA E DO ADOLESCENTE;55;FORTALECIMENTO DO CONTROLE SOCIAL;8;Assistência Social;243;Assistência à Criança e ao Adolescente;488;3.3.50.43.00.00.00.00;SUBVENÇÕES SOCIAIS;1.500.000.0000;RECURSOS NÃO VINCULADOS DE IMPOSTOS;255.000,00
PREFEITURA MUNICIPAL DE BARBACENA;25.006;FUNDO MUNICIPAL DA CRIANÇA - FMDCA;2.305;IMPLANTAÇÃO E PROMOÇAO DAS POLITICAS DOS DIREITOS DA CRIANÇA E DO ADOLESCENTE;55;FORTALECIMENTO DO CONTROLE SOCIAL;8;Assistência Social;243;Assistência à Criança e ao Adolescente;488;3.3.50.43.00.00.00.00;SUBVENÇÕES SOCIAIS;1.501.000.0000;OUTROS RECURSOS NÃO VINCULADOS;45.000,00
PREFEITURA MUNICIPAL DE BARBACENA;25.006;FUNDO MUNICIPAL DA CRIANÇA - FMDCA;2.305;IMPLANTAÇÃO E PROMOÇAO DAS POLITICAS DOS DIREITOS DA CRIANÇA E DO ADOLESCENTE;55;FORTALECIMENTO DO CONTROLE SOCIAL;8;Assistência Social;243;Assistência à Criança e ao Adolescente;489;3.3.90.39.00.00.00.00;OUTROS SERVIÇOS DE TERCEIROS - PESSOA JURÍDICA;1.500.000.0000;RECURSOS NÃO VINCULADOS DE IMPOSTOS;1.000,00
PREFEITURA MUNICIPAL DE BARBACENA;25.006;FUNDO MUNICIPAL DA CRIANÇA - FMDCA;2.305;IMPLANTAÇÃO E PROMOÇAO DAS POLITICAS DOS DIREITOS DA CRIANÇA E DO ADOLESCENTE;55;FORTALECIMENTO DO CONTROLE SOCIAL;8;Assistência Social;243;Assistência à Criança e ao Adolescente;490;4.4.90.51.00.00.00.00;OBRAS E INSTALAÇÕES;1.501.000.0000;OUTROS RECURSOS NÃO VINCULADOS;45.000,00
PREFEITURA MUNICIPAL DE BARBACENA;25.007;FUNDO MUNICIPAL DOS DIREITOS DA MULHER - FMDM;2.326;IMPLANTAÇÃO E PROMOÇAO DAS POLITICAS DOS DIREITOS DA MULHER;55;FORTALECIMENTO DO CONTROLE SOCIAL;8;Assistência Social;244;Assistência Comunitária;491;3.3.90.39.00.00.00.00;OUTROS SERVIÇOS DE TERCEIROS - PESSOA JURÍDICA;1.500.000.0000;RECURSOS NÃO VINCULADOS DE IMPOSTOS;1.500,00
PREFEITURA MUNICIPAL DE BARBACENA;25.008;FUNDO MUNICIPAL DA JUVENTUDE - FMJU;2.667;PROMOÇÃO DAS POLÍTICAS  DOS DIRETOS DA JUVENTUDE;55;FORTALECIMENTO DO CONTROLE SOCIAL;8;Assistência Social;243;Assistência à Criança e ao Adolescente;492;3.3.90.39.00.00.00.00;OUTROS SERVIÇOS DE TERCEIROS - PESSOA JURÍDICA;1.500.000.0000;RECURSOS NÃO VINCULADOS DE IMPOSTOS;3.000,00
PREFEITURA MUNICIPAL DE BARBACENA;25.009;FUNDO MUNICIPAL DA IGUALDADE RACIAL;2.323;IMPLANTAÇÃO E PROMOÇAO DAS POLITICAS DA IGUALDADE RACIAL;55;FORTALECIMENTO DO CONTROLE SOCIAL;8;Assistência Social;244;Assistência Comunitária;493;3.3.90.39.00.00.00.00;OUTROS SERVIÇOS DE TERCEIROS - PESSOA JURÍDICA;1.500.000.0000;RECURSOS NÃO VINCULADOS DE IMPOSTOS;5.000,00
PREFEITURA MUNICIPAL DE BARBACENA;25.010;FUNDO MUNICIPAL DO IDOSO;2.099;PROMOÇAO DOS DIREITOS DO IDOSO E DEMAIS POLITICAS ESPECIAIS;55;FORTALECIMENTO DO CONTROLE SOCIAL;8;Assistência Social;241;Assistência à Pessoa Idosa;494;3.3.90.14.00.00.00.00;DIÁRIAS - PESSOAL CIVIL;1.500.000.0000;RECURSOS NÃO VINCULADOS DE IMPOSTOS;1.500,00
PREFEITURA MUNICIPAL DE BARBACENA;25.010;FUNDO MUNICIPAL DO IDOSO;2.099;PROMOÇAO DOS DIREITOS DO IDOSO E DEMAIS POLITICAS ESPECIAIS;55;FORTALECIMENTO DO CONTROLE SOCIAL;8;Assistência Social;241;Assistência à Pessoa Idosa;495;3.3.90.30.00.00.00.00;MATERIAL DE CONSUMO;1.500.000.0000;RECURSOS NÃO VINCULADOS DE IMPOSTOS;1.500,00
PREFEITURA MUNICIPAL DE BARBACENA;25.010;FUNDO MUNICIPAL DO IDOSO;2.470;APOIO AO LAR DAS VELHINHAS;58;PROTEÇÃO SOCIAL ESPECIAL DE ALTA COMPLEXIDADE;8;Assistência Social;244;Assistência Comunitária;496;3.3.50.41.00.00.00.00;CONTRIBUIÇÕES;1.501.000.0000;OUTROS RECURSOS NÃO VINCULADOS;0,00
PREFEITURA MUNICIPAL DE BARBACENA;25.010;FUNDO MUNICIPAL DO IDOSO;2.470;APOIO AO LAR DAS VELHINHAS;58;PROTEÇÃO SOCIAL ESPECIAL DE ALTA COMPLEXIDADE;8;Assistência Social;244;Assistência Comunitária;496;3.3.50.41.00.00.00.00;CONTRIBUIÇÕES;1.501.505.0000;OUTROS RECURSOS NÃO VINCULADOS - EMENDAS FAUSTA TATA;10.000,00
PREFEITURA MUNICIPAL DE BARBACENA;25.010;FUNDO MUNICIPAL DO IDOSO;2.470;APOIO AO LAR DAS VELHINHAS;58;PROTEÇÃO SOCIAL ESPECIAL DE ALTA COMPLEXIDADE;8;Assistência Social;244;Assistência Comunitária;496;3.3.50.41.00.00.00.00;CONTRIBUIÇÕES;1.753.000.0000;RECURSOS PROVENIENTES DE TAXAS, CONTRIBUIÇÕES E PREÇOS PÚBLICOS;0,00
PREFEITURA MUNICIPAL DE BARBACENA;25.010;FUNDO MUNICIPAL DO IDOSO;2.470;APOIO AO LAR DAS VELHINHAS;58;PROTEÇÃO SOCIAL ESPECIAL DE ALTA COMPLEXIDADE;8;Assistência Social;244;Assistência Comunitária;496;3.3.50.41.00.00.00.00;CONTRIBUIÇÕES;1.753.508.0000;RECURSOS PROVENIENTES DE TAXAS, CONTRIBUIÇÕES E PREÇOS PÚBLICOS - EMENDAS GLAUBER MILAGRES;2.500,00
PREFEITURA MUNICIPAL DE BARBACENA;25.010;FUNDO MUNICIPAL DO IDOSO;2.470;APOIO AO LAR DAS VELHINHAS;58;PROTEÇÃO SOCIAL ESPECIAL DE ALTA COMPLEXIDADE;8;Assistência Social;244;Assistência Comunitária;496;3.3.50.41.00.00.00.00;CONTRIBUIÇÕES;1.753.511.0000;RECURSOS PROVENIENTES DE TAXAS, CONTRIBUIÇÕES E PREÇOS PÚBLICOS - EMENDAS CARLINHOS PLAY BOY;7.000,00
PREFEITURA MUNICIPAL DE BARBACENA;25.010;FUNDO MUNICIPAL DO IDOSO;2.470;APOIO AO LAR DAS VELHINHAS;58;PROTEÇÃO SOCIAL ESPECIAL DE ALTA COMPLEXIDADE;8;Assistência Social;244;Assistência Comunitária;497;4.4.50.41.00.00.00.00;CONTRIBUIÇÕES;1.501.000.0000;OUTROS RECURSOS NÃO VINCULADOS;0,00
PREFEITURA MUNICIPAL DE BARBACENA;25.010;FUNDO MUNICIPAL DO IDOSO;2.470;APOIO AO LAR DAS VELHINHAS;58;PROTEÇÃO SOCIAL ESPECIAL DE ALTA COMPLEXIDADE;8;Assistência Social;244;Assistência Comunitária;497;4.4.50.41.00.00.00.00;CONTRIBUIÇÕES;1.501.505.0000;OUTROS RECURSOS NÃO VINCULADOS - EMENDAS FAUSTA TATA;10.000,00
PREFEITURA MUNICIPAL DE BARBACENA;25.010;FUNDO MUNICIPAL DO IDOSO;2.470;APOIO AO LAR DAS VELHINHAS;58;PROTEÇÃO SOCIAL ESPECIAL DE ALTA COMPLEXIDADE;8;Assistência Social;244;Assistência Comunitária;497;4.4.50.41.00.00.00.00;CONTRIBUIÇÕES;1.753.000.0000;RECURSOS PROVENIENTES DE TAXAS, CONTRIBUIÇÕES E PREÇOS PÚBLICOS;0,00
PREFEITURA MUNICIPAL DE BARBACENA;25.010;FUNDO MUNICIPAL DO IDOSO;2.470;APOIO AO LAR DAS VELHINHAS;58;PROTEÇÃO SOCIAL ESPECIAL DE ALTA COMPLEXIDADE;8;Assistência Social;244;Assistência Comunitária;497;4.4.50.41.00.00.00.00;CONTRIBUIÇÕES;1.753.508.0000;RECURSOS PROVENIENTES DE TAXAS, CONTRIBUIÇÕES E PREÇOS PÚBLICOS - EMENDAS GLAUBER MILAGRES;2.500,00
PREFEITURA MUNICIPAL DE BARBACENA;25.010;FUNDO MUNICIPAL DO IDOSO;2.470;APOIO AO LAR DAS VELHINHAS;58;PROTEÇÃO SOCIAL ESPECIAL DE ALTA COMPLEXIDADE;8;Assistência Social;244;Assistência Comunitária;497;4.4.50.41.00.00.00.00;CONTRIBUIÇÕES;1.753.511.0000;RECURSOS PROVENIENTES DE TAXAS, CONTRIBUIÇÕES E PREÇOS PÚBLICOS - EMENDAS CARLINHOS PLAY BOY;7.000,00
PREFEITURA MUNICIPAL DE BARBACENA;25.010;FUNDO MUNICIPAL DO IDOSO;2.488;APOIO AO LAR FREDERICO OZANAM;58;PROTEÇÃO SOCIAL ESPECIAL DE ALTA COMPLEXIDADE;8;Assistência Social;244;Assistência Comunitária;498;3.3.50.41.00.00.00.00;CONTRIBUIÇÕES;1.501.000.0000;OUTROS RECURSOS NÃO VINCULADOS;0,00
PREFEITURA MUNICIPAL DE BARBACENA;25.010;FUNDO MUNICIPAL DO IDOSO;2.488;APOIO AO LAR FREDERICO OZANAM;58;PROTEÇÃO SOCIAL ESPECIAL DE ALTA COMPLEXIDADE;8;Assistência Social;244;Assistência Comunitária;498;3.3.50.41.00.00.00.00;CONTRIBUIÇÕES;1.501.515.0000;OUTROS RECURSOS NÃO VINCULADOS - EMENDAS PAULINHO DO GAS;12.500,00
PREFEITURA MUNICIPAL DE BARBACENA;25.010;FUNDO MUNICIPAL DO IDOSO;2.488;APOIO AO LAR FREDERICO OZANAM;58;PROTEÇÃO SOCIAL ESPECIAL DE ALTA COMPLEXIDADE;8;Assistência Social;244;Assistência Comunitária;498;3.3.50.41.00.00.00.00;CONTRIBUIÇÕES;1.753.000.0000;RECURSOS PROVENIENTES DE TAXAS, CONTRIBUIÇÕES E PREÇOS PÚBLICOS;0,00
PREFEITURA MUNICIPAL DE BARBACENA;25.010;FUNDO MUNICIPAL DO IDOSO;2.488;APOIO AO LAR FREDERICO OZANAM;58;PROTEÇÃO SOCIAL ESPECIAL DE ALTA COMPLEXIDADE;8;Assistência Social;244;Assistência Comunitária;498;3.3.50.41.00.00.00.00;CONTRIBUIÇÕES;1.753.502.0000;RECURSOS PROVENIENTES DE TAXAS, CONTRIBUIÇÕES E PREÇOS PÚBLICOS - EMENDAS DIEGO BAIANO;2.500,00
PREFEITURA MUNICIPAL DE BARBACENA;25.010;FUNDO MUNICIPAL DO IDOSO;2.488;APOIO AO LAR FREDERICO OZANAM;58;PROTEÇÃO SOCIAL ESPECIAL DE ALTA COMPLEXIDADE;8;Assistência Social;244;Assistência Comunitária;499;4.4.50.41.00.00.00.00;CONTRIBUIÇÕES;1.501.000.0000;OUTROS RECURSOS NÃO VINCULADOS;0,00
PREFEITURA MUNICIPAL DE BARBACENA;25.010;FUNDO MUNICIPAL DO IDOSO;2.488;APOIO AO LAR FREDERICO OZANAM;58;PROTEÇÃO SOCIAL ESPECIAL DE ALTA COMPLEXIDADE;8;Assistência Social;244;Assistência Comunitária;499;4.4.50.41.00.00.00.00;CONTRIBUIÇÕES;1.501.515.0000;OUTROS RECURSOS NÃO VINCULADOS - EMENDAS PAULINHO DO GAS;12.500,00
PREFEITURA MUNICIPAL DE BARBACENA;25.010;FUNDO MUNICIPAL DO IDOSO;2.488;APOIO AO LAR FREDERICO OZANAM;58;PROTEÇÃO SOCIAL ESPECIAL DE ALTA COMPLEXIDADE;8;Assistência Social;244;Assistência Comunitária;499;4.4.50.41.00.00.00.00;CONTRIBUIÇÕES;1.753.000.0000;RECURSOS PROVENIENTES DE TAXAS, CONTRIBUIÇÕES E PREÇOS PÚBLICOS;0,00
PREFEITURA MUNICIPAL DE BARBACENA;25.010;FUNDO MUNICIPAL DO IDOSO;2.488;APOIO AO LAR FREDERICO OZANAM;58;PROTEÇÃO SOCIAL ESPECIAL DE ALTA COMPLEXIDADE;8;Assistência Social;244;Assistência Comunitária;499;4.4.50.41.00.00.00.00;CONTRIBUIÇÕES;1.753.502.0000;RECURSOS PROVENIENTES DE TAXAS, CONTRIBUIÇÕES E PREÇOS PÚBLICOS - EMENDAS DIEGO BAIANO;2.500,00
PREFEITURA MUNICIPAL DE BARBACENA;25.010;FUNDO MUNICIPAL DO IDOSO;2.497;APOIO AO LAR SÃO CAETANO;58;PROTEÇÃO SOCIAL ESPECIAL DE ALTA COMPLEXIDADE;8;Assistência Social;244;Assistência Comunitária;500;3.3.50.41.00.00.00.00;CONTRIBUIÇÕES;1.501.000.0000;OUTROS RECURSOS NÃO VINCULADOS;0,00
PREFEITURA MUNICIPAL DE BARBACENA;25.010;FUNDO MUNICIPAL DO IDOSO;2.497;APOIO AO LAR SÃO CAETANO;58;PROTEÇÃO SOCIAL ESPECIAL DE ALTA COMPLEXIDADE;8;Assistência Social;244;Assistência Comunitária;500;3.3.50.41.00.00.00.00;CONTRIBUIÇÕES;1.501.512.0000;OUTROS RECURSOS NÃO VINCULADOS - EMENDAS MARILENE FRANCO;5.000,00
PREFEITURA MUNICIPAL DE BARBACENA;25.010;FUNDO MUNICIPAL DO IDOSO;2.497;APOIO AO LAR SÃO CAETANO;58;PROTEÇÃO SOCIAL ESPECIAL DE ALTA COMPLEXIDADE;8;Assistência Social;244;Assistência Comunitária;501;4.4.50.41.00.00.00.00;CONTRIBUIÇÕES;1.501.000.0000;OUTROS RECURSOS NÃO VINCULADOS;0,00
PREFEITURA MUNICIPAL DE BARBACENA;25.010;FUNDO MUNICIPAL DO IDOSO;2.497;APOIO AO LAR SÃO CAETANO;58;PROTEÇÃO SOCIAL ESPECIAL DE ALTA COMPLEXIDADE;8;Assistência Social;244;Assistência Comunitária;501;4.4.50.41.00.00.00.00;CONTRIBUIÇÕES;1.501.512.0000;OUTROS RECURSOS NÃO VINCULADOS - EMENDAS MARILENE FRANCO;5.000,00
PREFEITURA MUNICIPAL DE BARBACENA;25.010;FUNDO MUNICIPAL DO IDOSO;2.543;APOIO A ASSOCIAÇÃO NOVA CANAA BARBACENA (FAZENDINHA DOS IDOSOS);58;PROTEÇÃO SOCIAL ESPECIAL DE ALTA COMPLEXIDADE;8;Assistência Social;244;Assistência Comunitária;502;3.3.50.41.00.00.00.00;CONTRIBUIÇÕES;1.501.000.0000;OUTROS RECURSOS NÃO VINCULADOS;0,00
PREFEITURA MUNICIPAL DE BARBACENA;25.010;FUNDO MUNICIPAL DO IDOSO;2.543;APOIO A ASSOCIAÇÃO NOVA CANAA BARBACENA (FAZENDINHA DOS IDOSOS);58;PROTEÇÃO SOCIAL ESPECIAL DE ALTA COMPLEXIDADE;8;Assistência Social;244;Assistência Comunitária;502;3.3.50.41.00.00.00.00;CONTRIBUIÇÕES;1.501.512.0000;OUTROS RECURSOS NÃO VINCULADOS - EMENDAS MARILENE FRANCO;5.000,00
PREFEITURA MUNICIPAL DE BARBACENA;25.010;FUNDO MUNICIPAL DO IDOSO;2.543;APOIO A ASSOCIAÇÃO NOVA CANAA BARBACENA (FAZENDINHA DOS IDOSOS);58;PROTEÇÃO SOCIAL ESPECIAL DE ALTA COMPLEXIDADE;8;Assistência Social;244;Assistência Comunitária;502;3.3.50.41.00.00.00.00;CONTRIBUIÇÕES;1.501.518.0000;OUTROS RECURSOS NÃO VINCULADOS - EMENDAS XINAIDER;5.000,00
PREFEITURA MUNICIPAL DE BARBACENA;25.010;FUNDO MUNICIPAL DO IDOSO;2.543;APOIO A ASSOCIAÇÃO NOVA CANAA BARBACENA (FAZENDINHA DOS IDOSOS);58;PROTEÇÃO SOCIAL ESPECIAL DE ALTA COMPLEXIDADE;8;Assistência Social;244;Assistência Comunitária;502;3.3.50.41.00.00.00.00;CONTRIBUIÇÕES;1.753.000.0000;RECURSOS PROVENIENTES DE TAXAS, CONTRIBUIÇÕES E PREÇOS PÚBLICOS;0,00
PREFEITURA MUNICIPAL DE BARBACENA;25.010;FUNDO MUNICIPAL DO IDOSO;2.543;APOIO A ASSOCIAÇÃO NOVA CANAA BARBACENA (FAZENDINHA DOS IDOSOS);58;PROTEÇÃO SOCIAL ESPECIAL DE ALTA COMPLEXIDADE;8;Assistência Social;244;Assistência Comunitária;502;3.3.50.41.00.00.00.00;CONTRIBUIÇÕES;1.753.508.0000;RECURSOS PROVENIENTES DE TAXAS, CONTRIBUIÇÕES E PREÇOS PÚBLICOS - EMENDAS GLAUBER MILAGRES;5.000,00
PREFEITURA MUNICIPAL DE BARBACENA;25.010;FUNDO MUNICIPAL DO IDOSO;2.543;APOIO A ASSOCIAÇÃO NOVA CANAA BARBACENA (FAZENDINHA DOS IDOSOS);58;PROTEÇÃO SOCIAL ESPECIAL DE ALTA COMPLEXIDADE;8;Assistência Social;244;Assistência Comunitária;502;3.3.50.41.00.00.00.00;CONTRIBUIÇÕES;1.753.517.0000;RECURSOS PROVENIENTES DE TAXAS, CONTRIBUIÇÕES E PREÇOS PÚBLICOS - EMENDAS SANDRO HELENO;5.000,00
PREFEITURA MUNICIPAL DE BARBACENA;25.010;FUNDO MUNICIPAL DO IDOSO;2.543;APOIO A ASSOCIAÇÃO NOVA CANAA BARBACENA (FAZENDINHA DOS IDOSOS);58;PROTEÇÃO SOCIAL ESPECIAL DE ALTA COMPLEXIDADE;8;Assistência Social;244;Assistência Comunitária;503;4.4.50.41.00.00.00.00;CONTRIBUIÇÕES;1.501.000.0000;OUTROS RECURSOS NÃO VINCULADOS;0,00
PREFEITURA MUNICIPAL DE BARBACENA;25.010;FUNDO MUNICIPAL DO IDOSO;2.543;APOIO A ASSOCIAÇÃO NOVA CANAA BARBACENA (FAZENDINHA DOS IDOSOS);58;PROTEÇÃO SOCIAL ESPECIAL DE ALTA COMPLEXIDADE;8;Assistência Social;244;Assistência Comunitária;503;4.4.50.41.00.00.00.00;CONTRIBUIÇÕES;1.501.512.0000;OUTROS RECURSOS NÃO VINCULADOS - EMENDAS MARILENE FRANCO;5.000,00
PREFEITURA MUNICIPAL DE BARBACENA;25.010;FUNDO MUNICIPAL DO IDOSO;2.543;APOIO A ASSOCIAÇÃO NOVA CANAA BARBACENA (FAZENDINHA DOS IDOSOS);58;PROTEÇÃO SOCIAL ESPECIAL DE ALTA COMPLEXIDADE;8;Assistência Social;244;Assistência Comunitária;503;4.4.50.41.00.00.00.00;CONTRIBUIÇÕES;1.501.518.0000;OUTROS RECURSOS NÃO VINCULADOS - EMENDAS XINAIDER;5.000,00
PREFEITURA MUNICIPAL DE BARBACENA;25.010;FUNDO MUNICIPAL DO IDOSO;2.543;APOIO A ASSOCIAÇÃO NOVA CANAA BARBACENA (FAZENDINHA DOS IDOSOS);58;PROTEÇÃO SOCIAL ESPECIAL DE ALTA COMPLEXIDADE;8;Assistência Social;244;Assistência Comunitária;503;4.4.50.41.00.00.00.00;CONTRIBUIÇÕES;1.753.000.0000;RECURSOS PROVENIENTES DE TAXAS, CONTRIBUIÇÕES E PREÇOS PÚBLICOS;0,00
PREFEITURA MUNICIPAL DE BARBACENA;25.010;FUNDO MUNICIPAL DO IDOSO;2.543;APOIO A ASSOCIAÇÃO NOVA CANAA BARBACENA (FAZENDINHA DOS IDOSOS);58;PROTEÇÃO SOCIAL ESPECIAL DE ALTA COMPLEXIDADE;8;Assistência Social;244;Assistência Comunitária;503;4.4.50.41.00.00.00.00;CONTRIBUIÇÕES;1.753.508.0000;RECURSOS PROVENIENTES DE TAXAS, CONTRIBUIÇÕES E PREÇOS PÚBLICOS - EMENDAS GLAUBER MILAGRES;5.000,00
PREFEITURA MUNICIPAL DE BARBACENA;25.010;FUNDO MUNICIPAL DO IDOSO;2.543;APOIO A ASSOCIAÇÃO NOVA CANAA BARBACENA (FAZENDINHA DOS IDOSOS);58;PROTEÇÃO SOCIAL ESPECIAL DE ALTA COMPLEXIDADE;8;Assistência Social;244;Assistência Comunitária;503;4.4.50.41.00.00.00.00;CONTRIBUIÇÕES;1.753.517.0000;RECURSOS PROVENIENTES DE TAXAS, CONTRIBUIÇÕES E PREÇOS PÚBLICOS - EMENDAS SANDRO HELENO;5.000,00
PREFEITURA MUNICIPAL DE BARBACENA;25.010;FUNDO MUNICIPAL DO IDOSO;2.548;APOIO AO INSTITUTO MAURO E ALCIDES FERREIRA;58;PROTEÇÃO SOCIAL ESPECIAL DE ALTA COMPLEXIDADE;8;Assistência Social;244;Assistência Comunitária;504;3.3.50.41.00.00.00.00;CONTRIBUIÇÕES;1.753.000.0000;RECURSOS PROVENIENTES DE TAXAS, CONTRIBUIÇÕES E PREÇOS PÚBLICOS;0,00
PREFEITURA MUNICIPAL DE BARBACENA;25.010;FUNDO MUNICIPAL DO IDOSO;2.548;APOIO AO INSTITUTO MAURO E ALCIDES FERREIRA;58;PROTEÇÃO SOCIAL ESPECIAL DE ALTA COMPLEXIDADE;8;Assistência Social;244;Assistência Comunitária;504;3.3.50.41.00.00.00.00;CONTRIBUIÇÕES;1.753.502.0000;RECURSOS PROVENIENTES DE TAXAS, CONTRIBUIÇÕES E PREÇOS PÚBLICOS - EMENDAS DIEGO BAIANO;7.500,00
PREFEITURA MUNICIPAL DE BARBACENA;25.010;FUNDO MUNICIPAL DO IDOSO;2.548;APOIO AO INSTITUTO MAURO E ALCIDES FERREIRA;58;PROTEÇÃO SOCIAL ESPECIAL DE ALTA COMPLEXIDADE;8;Assistência Social;244;Assistência Comunitária;504;3.3.50.41.00.00.00.00;CONTRIBUIÇÕES;1.753.508.0000;RECURSOS PROVENIENTES DE TAXAS, CONTRIBUIÇÕES E PREÇOS PÚBLICOS - EMENDAS GLAUBER MILAGRES;5.000,00
PREFEITURA MUNICIPAL DE BARBACENA;25.010;FUNDO MUNICIPAL DO IDOSO;2.548;APOIO AO INSTITUTO MAURO E ALCIDES FERREIRA;58;PROTEÇÃO SOCIAL ESPECIAL DE ALTA COMPLEXIDADE;8;Assistência Social;244;Assistência Comunitária;505;4.4.50.41.00.00.00.00;CONTRIBUIÇÕES;1.753.000.0000;RECURSOS PROVENIENTES DE TAXAS, CONTRIBUIÇÕES E PREÇOS PÚBLICOS;0,00
PREFEITURA MUNICIPAL DE BARBACENA;25.010;FUNDO MUNICIPAL DO IDOSO;2.548;APOIO AO INSTITUTO MAURO E ALCIDES FERREIRA;58;PROTEÇÃO SOCIAL ESPECIAL DE ALTA COMPLEXIDADE;8;Assistência Social;244;Assistência Comunitária;505;4.4.50.41.00.00.00.00;CONTRIBUIÇÕES;1.753.502.0000;RECURSOS PROVENIENTES DE TAXAS, CONTRIBUIÇÕES E PREÇOS PÚBLICOS - EMENDAS DIEGO BAIANO;7.500,00
PREFEITURA MUNICIPAL DE BARBACENA;25.010;FUNDO MUNICIPAL DO IDOSO;2.548;APOIO AO INSTITUTO MAURO E ALCIDES FERREIRA;58;PROTEÇÃO SOCIAL ESPECIAL DE ALTA COMPLEXIDADE;8;Assistência Social;244;Assistência Comunitária;505;4.4.50.41.00.00.00.00;CONTRIBUIÇÕES;1.753.508.0000;RECURSOS PROVENIENTES DE TAXAS, CONTRIBUIÇÕES E PREÇOS PÚBLICOS - EMENDAS GLAUBER MILAGRES;5.000,00
PREFEITURA MUNICIPAL DE BARBACENA;26.001;SEMAD;2.055;MANUTENÇÃO DA SEMAD;11;APOIO A ADMINISTRAÇAO PUBLICA;4;Administração;122;Administração Geral;506;3.1.90.91.00.00.00.00;SENTENÇAS JUDICIAIS;1.500.000.0000;RECURSOS NÃO VINCULADOS DE IMPOSTOS;0,00
PREFEITURA MUNICIPAL DE BARBACENA;26.001;SEMAD;2.055;MANUTENÇÃO DA SEMAD;11;APOIO A ADMINISTRAÇAO PUBLICA;4;Administração;122;Administração Geral;507;3.3.90.14.00.00.00.00;DIÁRIAS - PESSOAL CIVIL;1.500.000.0000;RECURSOS NÃO VINCULADOS DE IMPOSTOS;0,00
PREFEITURA MUNICIPAL DE BARBACENA;26.001;SEMAD;2.055;MANUTENÇÃO DA SEMAD;11;APOIO A ADMINISTRAÇAO PUBLICA;4;Administração;122;Administração Geral;508;3.3.90.30.00.00.00.00;MATERIAL DE CONSUMO;1.500.000.0000;RECURSOS NÃO VINCULADOS DE IMPOSTOS;117.532,44
PREFEITURA MUNICIPAL DE BARBACENA;26.001;SEMAD;2.055;MANUTENÇÃO DA SEMAD;11;APOIO A ADMINISTRAÇAO PUBLICA;4;Administração;122;Administração Geral;508;3.3.90.30.00.00.00.00;MATERIAL DE CONSUMO;1.501.000.0000;OUTROS RECURSOS NÃO VINCULADOS;100.000,00
PREFEITURA MUNICIPAL DE BARBACENA;26.001;SEMAD;2.055;MANUTENÇÃO DA SEMAD;11;APOIO A ADMINISTRAÇAO PUBLICA;4;Administração;122;Administração Geral;509;3.3.90.33.00.00.00.00;PASSAGENS E DESPESAS COM LOCOMOÇÃO;1.500.000.0000;RECURSOS NÃO VINCULADOS DE IMPOSTOS;0,00
PREFEITURA MUNICIPAL DE BARBACENA;26.001;SEMAD;2.055;MANUTENÇÃO DA SEMAD;11;APOIO A ADMINISTRAÇAO PUBLICA;4;Administração;122;Administração Geral;510;3.3.90.36.00.00.00.00;OUTROS SERVIÇOS DE TERCEIROS - PESSOA FÍSICA;1.500.000.0000;RECURSOS NÃO VINCULADOS DE IMPOSTOS;0,00
PREFEITURA MUNICIPAL DE BARBACENA;26.001;SEMAD;2.055;MANUTENÇÃO DA SEMAD;11;APOIO A ADMINISTRAÇAO PUBLICA;4;Administração;122;Administração Geral;511;3.3.90.39.00.00.00.00;OUTROS SERVIÇOS DE TERCEIROS - PESSOA JURÍDICA;1.500.000.0000;RECURSOS NÃO VINCULADOS DE IMPOSTOS;297.706,24
PREFEITURA MUNICIPAL DE BARBACENA;26.001;SEMAD;2.055;MANUTENÇÃO DA SEMAD;11;APOIO A ADMINISTRAÇAO PUBLICA;4;Administração;122;Administração Geral;511;3.3.90.39.00.00.00.00;OUTROS SERVIÇOS DE TERCEIROS - PESSOA JURÍDICA;1.501.000.0000;OUTROS RECURSOS NÃO VINCULADOS;292.530,37
PREFEITURA MUNICIPAL DE BARBACENA;26.001;SEMAD;2.055;MANUTENÇÃO DA SEMAD;11;APOIO A ADMINISTRAÇAO PUBLICA;4;Administração;122;Administração Geral;512;3.3.90.40.00.00.00.00;SERVIÇOS DE TECNOLOGIA DA INFORMAÇÃO E COMUNICAÇ;1.500.000.0000;RECURSOS NÃO VINCULADOS DE IMPOSTOS;988.721,86
PREFEITURA MUNICIPAL DE BARBACENA;26.001;SEMAD;2.055;MANUTENÇÃO DA SEMAD;11;APOIO A ADMINISTRAÇAO PUBLICA;4;Administração;122;Administração Geral;512;3.3.90.40.00.00.00.00;SERVIÇOS DE TECNOLOGIA DA INFORMAÇÃO E COMUNICAÇ;1.501.000.0000;OUTROS RECURSOS NÃO VINCULADOS;589.073,60
PREFEITURA MUNICIPAL DE BARBACENA;26.001;SEMAD;2.055;MANUTENÇÃO DA SEMAD;11;APOIO A ADMINISTRAÇAO PUBLICA;4;Administração;122;Administração Geral;513;3.3.90.47.00.00.00.00;OBRIGAÇÕES TRIBUTÁRIAS E CONTRIBUTIVAS;1.500.000.0000;RECURSOS NÃO VINCULADOS DE IMPOSTOS;22.374,60
PREFEITURA MUNICIPAL DE BARBACENA;26.001;SEMAD;2.055;MANUTENÇÃO DA SEMAD;11;APOIO A ADMINISTRAÇAO PUBLICA;4;Administração;122;Administração Geral;514;3.3.90.48.00.00.00.00;OUTROS AUXÍLIOS FINANCEIROS A PESSOAS FÍSICAS;1.500.000.0000;RECURSOS NÃO VINCULADOS DE IMPOSTOS;0,00
PREFEITURA MUNICIPAL DE BARBACENA;26.001;SEMAD;2.055;MANUTENÇÃO DA SEMAD;11;APOIO A ADMINISTRAÇAO PUBLICA;4;Administração;122;Administração Geral;515;3.3.90.49.00.00.00.00;AUXÍLIO-TRANSPORTE;1.500.000.0000;RECURSOS NÃO VINCULADOS DE IMPOSTOS;13,70
PREFEITURA MUNICIPAL DE BARBACENA;26.001;SEMAD;2.055;MANUTENÇÃO DA SEMAD;11;APOIO A ADMINISTRAÇAO PUBLICA;4;Administração;122;Administração Geral;516;3.3.90.92.00.00.00.00;DESPESAS DE EXERCÍCIOS ANTERIORES;1.500.000.0000;RECURSOS NÃO VINCULADOS DE IMPOSTOS;0,00
PREFEITURA MUNICIPAL DE BARBACENA;26.001;SEMAD;2.055;MANUTENÇÃO DA SEMAD;11;APOIO A ADMINISTRAÇAO PUBLICA;4;Administração;122;Administração Geral;517;3.3.90.93.00.00.00.00;INDENIZAÇÕES E RESTITUIÇÕES;1.500.000.0000;RECURSOS NÃO VINCULADOS DE IMPOSTOS;0,00
PREFEITURA MUNICIPAL DE BARBACENA;26.001;SEMAD;2.055;MANUTENÇÃO DA SEMAD;11;APOIO A ADMINISTRAÇAO PUBLICA;4;Administração;122;Administração Geral;518;4.4.90.52.00.00.00.00;EQUIPAMENTOS E MATERIAL PERMANENTE;1.500.000.0000;RECURSOS NÃO VINCULADOS DE IMPOSTOS;0,00
PREFEITURA MUNICIPAL DE BARBACENA;26.001;SEMAD;2.055;MANUTENÇÃO DA SEMAD;11;APOIO A ADMINISTRAÇAO PUBLICA;4;Administração;122;Administração Geral;518;4.4.90.52.00.00.00.00;EQUIPAMENTOS E MATERIAL PERMANENTE;1.501.000.0000;OUTROS RECURSOS NÃO VINCULADOS;0,00
PREFEITURA MUNICIPAL DE BARBACENA;26.001;SEMAD;2.055;MANUTENÇÃO DA SEMAD;11;APOIO A ADMINISTRAÇAO PUBLICA;4;Administração;122;Administração Geral;518;4.4.90.52.00.00.00.00;EQUIPAMENTOS E MATERIAL PERMANENTE;1.755.000.0000;RECURSOS DE ALIENAÇÃO DE BENS/ATIVOS - ADMINISTRAÇÃO DIRETA;1.000,00
PREFEITURA MUNICIPAL DE BARBACENA;26.001;SEMAD;2.055;MANUTENÇÃO DA SEMAD;11;APOIO A ADMINISTRAÇAO PUBLICA;4;Administração;122;Administração Geral;1210;3.3.67.83.00.00.00.00;DESPESAS DECORRENTES DE CONTRATO DE PARCERIA PÚB.;1.500.000.0000;RECURSOS NÃO VINCULADOS DE IMPOSTOS;717.520,44
PREFEITURA MUNICIPAL DE BARBACENA;26.001;SEMAD;2.056;PESSOAL E ENCARGOS SOCIAIS DA SEMAD;11;APOIO A ADMINISTRAÇAO PUBLICA;4;Administração;122;Administração Geral;519;3.1.90.04.00.00.00.00;CONTRATAÇÃO POR TEMPO DETERMINADO;1.500.000.0000;RECURSOS NÃO VINCULADOS DE IMPOSTOS;879.103,87
PREFEITURA MUNICIPAL DE BARBACENA;26.001;SEMAD;2.056;PESSOAL E ENCARGOS SOCIAIS DA SEMAD;11;APOIO A ADMINISTRAÇAO PUBLICA;4;Administração;122;Administração Geral;520;3.1.90.11.00.00.00.00;VENCIMENTOS E VANTAGENS FIXAS - PESSOAL CIVIL;1.500.000.0000;RECURSOS NÃO VINCULADOS DE IMPOSTOS;2.945.067,91
PREFEITURA MUNICIPAL DE BARBACENA;26.001;SEMAD;2.056;PESSOAL E ENCARGOS SOCIAIS DA SEMAD;11;APOIO A ADMINISTRAÇAO PUBLICA;4;Administração;122;Administração Geral;521;3.1.90.13.00.00.00.00;OBRIGAÇÕES PATRONAIS;1.500.000.0000;RECURSOS NÃO VINCULADOS DE IMPOSTOS;273.407,47
PREFEITURA MUNICIPAL DE BARBACENA;26.001;SEMAD;2.056;PESSOAL E ENCARGOS SOCIAIS DA SEMAD;11;APOIO A ADMINISTRAÇAO PUBLICA;4;Administração;122;Administração Geral;522;3.1.90.16.00.00.00.00;OUTRAS DESPESAS VARIÁVEIS - PESSOAL CIVIL;1.500.000.0000;RECURSOS NÃO VINCULADOS DE IMPOSTOS;500,00
PREFEITURA MUNICIPAL DE BARBACENA;26.001;SEMAD;2.056;PESSOAL E ENCARGOS SOCIAIS DA SEMAD;11;APOIO A ADMINISTRAÇAO PUBLICA;4;Administração;122;Administração Geral;523;3.1.90.92.00.00.00.00;DESPESAS DE EXERCÍCIOS ANTERIORES;1.500.000.0000;RECURSOS NÃO VINCULADOS DE IMPOSTOS;0,00
PREFEITURA MUNICIPAL DE BARBACENA;26.001;SEMAD;2.056;PESSOAL E ENCARGOS SOCIAIS DA SEMAD;11;APOIO A ADMINISTRAÇAO PUBLICA;4;Administração;122;Administração Geral;524;3.1.90.94.00.00.00.00;INDENIZAÇÕES E RESTITUIÇÕES TRABALHISTAS;1.500.000.0000;RECURSOS NÃO VINCULADOS DE IMPOSTOS;5.159,68
PREFEITURA MUNICIPAL DE BARBACENA;26.001;SEMAD;2.056;PESSOAL E ENCARGOS SOCIAIS DA SEMAD;11;APOIO A ADMINISTRAÇAO PUBLICA;4;Administração;122;Administração Geral;525;3.1.91.13.00.00.00.00;OBRIGAÇÕES PATRONAIS;1.500.000.0000;RECURSOS NÃO VINCULADOS DE IMPOSTOS;432.703,57
PREFEITURA MUNICIPAL DE BARBACENA;26.001;SEMAD;2.056;PESSOAL E ENCARGOS SOCIAIS DA SEMAD;11;APOIO A ADMINISTRAÇAO PUBLICA;4;Administração;122;Administração Geral;526;3.1.91.92.00.00.00.00;DESPESAS DE EXERCÍCIOS ANTERIORES;1.500.000.0000;RECURSOS NÃO VINCULADOS DE IMPOSTOS;0,00
PREFEITURA MUNICIPAL DE BARBACENA;26.001;SEMAD;2.056;PESSOAL E ENCARGOS SOCIAIS DA SEMAD;11;APOIO A ADMINISTRAÇAO PUBLICA;4;Administração;122;Administração Geral;527;3.3.90.08.00.00.00.00;OUTROS BENEFÍCIOS ASSISTENCIAIS-SERVIDOR/MILITAR;1.500.000.0000;RECURSOS NÃO VINCULADOS DE IMPOSTOS;31.703,02
PREFEITURA MUNICIPAL DE BARBACENA;26.001;SEMAD;2.056;PESSOAL E ENCARGOS SOCIAIS DA SEMAD;11;APOIO A ADMINISTRAÇAO PUBLICA;4;Administração;122;Administração Geral;528;3.3.90.18.00.00.00.00;AUXÍLIO FINANCEIRO A ESTUDANTES;1.500.000.0000;RECURSOS NÃO VINCULADOS DE IMPOSTOS;902,98
PREFEITURA MUNICIPAL DE BARBACENA;26.001;SEMAD;2.056;PESSOAL E ENCARGOS SOCIAIS DA SEMAD;11;APOIO A ADMINISTRAÇAO PUBLICA;4;Administração;122;Administração Geral;529;3.3.90.46.00.00.00.00;AUXÍLIO-ALIMENTAÇÃO;1.500.000.0000;RECURSOS NÃO VINCULADOS DE IMPOSTOS;606.472,00
PREFEITURA MUNICIPAL DE BARBACENA;26.001;SEMAD;2.056;PESSOAL E ENCARGOS SOCIAIS DA SEMAD;11;APOIO A ADMINISTRAÇAO PUBLICA;4;Administração;122;Administração Geral;530;3.3.90.93.00.00.00.00;INDENIZAÇÕES E RESTITUIÇÕES;1.500.000.0000;RECURSOS NÃO VINCULADOS DE IMPOSTOS;10.000,00
PREFEITURA MUNICIPAL DE BARBACENA;26.001;SEMAD;2.056;PESSOAL E ENCARGOS SOCIAIS DA SEMAD;11;APOIO A ADMINISTRAÇAO PUBLICA;4;Administração;122;Administração Geral;530;3.3.90.93.00.00.00.00;INDENIZAÇÕES E RESTITUIÇÕES;1.501.000.0000;OUTROS RECURSOS NÃO VINCULADOS;0,00
PREFEITURA MUNICIPAL DE BARBACENA;26.001;SEMAD;2.741;MANUTENÇÃO DE ATIVIDADES DA GESTÃO DE RECURSOS HUMANOS;26;MODERNIZAÇÃO DA ADMINISTRAÇÃO PÚBLICA;4;Administração;122;Administração Geral;531;3.3.90.30.00.00.00.00;MATERIAL DE CONSUMO;1.500.000.0000;RECURSOS NÃO VINCULADOS DE IMPOSTOS;0,00
PREFEITURA MUNICIPAL DE BARBACENA;26.001;SEMAD;2.741;MANUTENÇÃO DE ATIVIDADES DA GESTÃO DE RECURSOS HUMANOS;26;MODERNIZAÇÃO DA ADMINISTRAÇÃO PÚBLICA;4;Administração;122;Administração Geral;532;3.3.90.39.00.00.00.00;OUTROS SERVIÇOS DE TERCEIROS - PESSOA JURÍDICA;1.500.000.0000;RECURSOS NÃO VINCULADOS DE IMPOSTOS;32.663,10
PREFEITURA MUNICIPAL DE BARBACENA;26.001;SEMAD;2.741;MANUTENÇÃO DE ATIVIDADES DA GESTÃO DE RECURSOS HUMANOS;26;MODERNIZAÇÃO DA ADMINISTRAÇÃO PÚBLICA;4;Administração;122;Administração Geral;532;3.3.90.39.00.00.00.00;OUTROS SERVIÇOS DE TERCEIROS - PESSOA JURÍDICA;1.501.000.0000;OUTROS RECURSOS NÃO VINCULADOS;0,00
PREFEITURA MUNICIPAL DE BARBACENA;27.001;SEPLAN;2.057;MANUTENÇÃO DA SEPLAN;11;APOIO A ADMINISTRAÇAO PUBLICA;4;Administração;121;Planejamento e Orçamento;533;3.3.90.14.00.00.00.00;DIÁRIAS - PESSOAL CIVIL;1.500.000.0000;RECURSOS NÃO VINCULADOS DE IMPOSTOS;30.000,00
PREFEITURA MUNICIPAL DE BARBACENA;27.001;SEPLAN;2.057;MANUTENÇÃO DA SEPLAN;11;APOIO A ADMINISTRAÇAO PUBLICA;4;Administração;121;Planejamento e Orçamento;534;3.3.90.30.00.00.00.00;MATERIAL DE CONSUMO;1.500.000.0000;RECURSOS NÃO VINCULADOS DE IMPOSTOS;50.000,00
PREFEITURA MUNICIPAL DE BARBACENA;27.001;SEPLAN;2.057;MANUTENÇÃO DA SEPLAN;11;APOIO A ADMINISTRAÇAO PUBLICA;4;Administração;121;Planejamento e Orçamento;535;3.3.90.33.00.00.00.00;PASSAGENS E DESPESAS COM LOCOMOÇÃO;1.500.000.0000;RECURSOS NÃO VINCULADOS DE IMPOSTOS;500,00
PREFEITURA MUNICIPAL DE BARBACENA;27.001;SEPLAN;2.057;MANUTENÇÃO DA SEPLAN;11;APOIO A ADMINISTRAÇAO PUBLICA;4;Administração;121;Planejamento e Orçamento;536;3.3.90.35.00.00.00.00;SERVIÇOS DE CONSULTORIA;1.500.000.0000;RECURSOS NÃO VINCULADOS DE IMPOSTOS;500,00
PREFEITURA MUNICIPAL DE BARBACENA;27.001;SEPLAN;2.057;MANUTENÇÃO DA SEPLAN;11;APOIO A ADMINISTRAÇAO PUBLICA;4;Administração;121;Planejamento e Orçamento;537;3.3.90.36.00.00.00.00;OUTROS SERVIÇOS DE TERCEIROS - PESSOA FÍSICA;1.500.000.0000;RECURSOS NÃO VINCULADOS DE IMPOSTOS;1.000,00
PREFEITURA MUNICIPAL DE BARBACENA;27.001;SEPLAN;2.057;MANUTENÇÃO DA SEPLAN;11;APOIO A ADMINISTRAÇAO PUBLICA;4;Administração;121;Planejamento e Orçamento;538;3.3.90.39.00.00.00.00;OUTROS SERVIÇOS DE TERCEIROS - PESSOA JURÍDICA;1.500.000.0000;RECURSOS NÃO VINCULADOS DE IMPOSTOS;154.340,24
PREFEITURA MUNICIPAL DE BARBACENA;27.001;SEPLAN;2.057;MANUTENÇÃO DA SEPLAN;11;APOIO A ADMINISTRAÇAO PUBLICA;4;Administração;121;Planejamento e Orçamento;539;3.3.90.40.00.00.00.00;SERVIÇOS DE TECNOLOGIA DA INFORMAÇÃO E COMUNICAÇ;1.500.000.0000;RECURSOS NÃO VINCULADOS DE IMPOSTOS;30.000,00
PREFEITURA MUNICIPAL DE BARBACENA;27.001;SEPLAN;2.057;MANUTENÇÃO DA SEPLAN;11;APOIO A ADMINISTRAÇAO PUBLICA;4;Administração;121;Planejamento e Orçamento;540;3.3.90.47.00.00.00.00;OBRIGAÇÕES TRIBUTÁRIAS E CONTRIBUTIVAS;1.500.000.0000;RECURSOS NÃO VINCULADOS DE IMPOSTOS;500,00
PREFEITURA MUNICIPAL DE BARBACENA;27.001;SEPLAN;2.057;MANUTENÇÃO DA SEPLAN;11;APOIO A ADMINISTRAÇAO PUBLICA;4;Administração;121;Planejamento e Orçamento;541;3.3.90.48.00.00.00.00;OUTROS AUXÍLIOS FINANCEIROS A PESSOAS FÍSICAS;1.500.000.0000;RECURSOS NÃO VINCULADOS DE IMPOSTOS;500,00
PREFEITURA MUNICIPAL DE BARBACENA;27.001;SEPLAN;2.057;MANUTENÇÃO DA SEPLAN;11;APOIO A ADMINISTRAÇAO PUBLICA;4;Administração;121;Planejamento e Orçamento;542;3.3.90.49.00.00.00.00;AUXÍLIO-TRANSPORTE;1.500.000.0000;RECURSOS NÃO VINCULADOS DE IMPOSTOS;500,00
PREFEITURA MUNICIPAL DE BARBACENA;27.001;SEPLAN;2.057;MANUTENÇÃO DA SEPLAN;11;APOIO A ADMINISTRAÇAO PUBLICA;4;Administração;121;Planejamento e Orçamento;543;3.3.90.93.00.00.00.00;INDENIZAÇÕES E RESTITUIÇÕES;1.500.000.0000;RECURSOS NÃO VINCULADOS DE IMPOSTOS;500,00
PREFEITURA MUNICIPAL DE BARBACENA;27.001;SEPLAN;2.057;MANUTENÇÃO DA SEPLAN;11;APOIO A ADMINISTRAÇAO PUBLICA;4;Administração;121;Planejamento e Orçamento;544;4.4.90.52.00.00.00.00;EQUIPAMENTOS E MATERIAL PERMANENTE;1.500.000.0000;RECURSOS NÃO VINCULADOS DE IMPOSTOS;0,00
PREFEITURA MUNICIPAL DE BARBACENA;27.001;SEPLAN;2.057;MANUTENÇÃO DA SEPLAN;11;APOIO A ADMINISTRAÇAO PUBLICA;4;Administração;121;Planejamento e Orçamento;1202;3.3.67.83.00.00.00.00;DESPESAS DECORRENTES DE CONTRATO DE PARCERIA PÚB.;1.500.000.0000;RECURSOS NÃO VINCULADOS DE IMPOSTOS;55.755,00
PREFEITURA MUNICIPAL DE BARBACENA;27.001;SEPLAN;2.058;PESSOAL E ENCARGOS SOCIAIS DA SEPLAN;11;APOIO A ADMINISTRAÇAO PUBLICA;4;Administração;121;Planejamento e Orçamento;545;3.1.90.04.00.00.00.00;CONTRATAÇÃO POR TEMPO DETERMINADO;1.500.000.0000;RECURSOS NÃO VINCULADOS DE IMPOSTOS;15.000,00
PREFEITURA MUNICIPAL DE BARBACENA;27.001;SEPLAN;2.058;PESSOAL E ENCARGOS SOCIAIS DA SEPLAN;11;APOIO A ADMINISTRAÇAO PUBLICA;4;Administração;121;Planejamento e Orçamento;546;3.1.90.11.00.00.00.00;VENCIMENTOS E VANTAGENS FIXAS - PESSOAL CIVIL;1.500.000.0000;RECURSOS NÃO VINCULADOS DE IMPOSTOS;861.664,66
PREFEITURA MUNICIPAL DE BARBACENA;27.001;SEPLAN;2.058;PESSOAL E ENCARGOS SOCIAIS DA SEPLAN;11;APOIO A ADMINISTRAÇAO PUBLICA;4;Administração;121;Planejamento e Orçamento;547;3.1.90.13.00.00.00.00;OBRIGAÇÕES PATRONAIS;1.500.000.0000;RECURSOS NÃO VINCULADOS DE IMPOSTOS;72.641,74
PREFEITURA MUNICIPAL DE BARBACENA;27.001;SEPLAN;2.058;PESSOAL E ENCARGOS SOCIAIS DA SEPLAN;11;APOIO A ADMINISTRAÇAO PUBLICA;4;Administração;121;Planejamento e Orçamento;548;3.1.90.16.00.00.00.00;OUTRAS DESPESAS VARIÁVEIS - PESSOAL CIVIL;1.500.000.0000;RECURSOS NÃO VINCULADOS DE IMPOSTOS;500,00
PREFEITURA MUNICIPAL DE BARBACENA;27.001;SEPLAN;2.058;PESSOAL E ENCARGOS SOCIAIS DA SEPLAN;11;APOIO A ADMINISTRAÇAO PUBLICA;4;Administração;121;Planejamento e Orçamento;549;3.1.90.92.00.00.00.00;DESPESAS DE EXERCÍCIOS ANTERIORES;1.500.000.0000;RECURSOS NÃO VINCULADOS DE IMPOSTOS;0,00
PREFEITURA MUNICIPAL DE BARBACENA;27.001;SEPLAN;2.058;PESSOAL E ENCARGOS SOCIAIS DA SEPLAN;11;APOIO A ADMINISTRAÇAO PUBLICA;4;Administração;121;Planejamento e Orçamento;550;3.1.90.94.00.00.00.00;INDENIZAÇÕES E RESTITUIÇÕES TRABALHISTAS;1.500.000.0000;RECURSOS NÃO VINCULADOS DE IMPOSTOS;500,00
PREFEITURA MUNICIPAL DE BARBACENA;27.001;SEPLAN;2.058;PESSOAL E ENCARGOS SOCIAIS DA SEPLAN;11;APOIO A ADMINISTRAÇAO PUBLICA;4;Administração;121;Planejamento e Orçamento;551;3.1.91.13.00.00.00.00;OBRIGAÇÕES PATRONAIS;1.500.000.0000;RECURSOS NÃO VINCULADOS DE IMPOSTOS;94.877,37
PREFEITURA MUNICIPAL DE BARBACENA;27.001;SEPLAN;2.058;PESSOAL E ENCARGOS SOCIAIS DA SEPLAN;11;APOIO A ADMINISTRAÇAO PUBLICA;4;Administração;121;Planejamento e Orçamento;552;3.1.91.92.00.00.00.00;DESPESAS DE EXERCÍCIOS ANTERIORES;1.500.000.0000;RECURSOS NÃO VINCULADOS DE IMPOSTOS;0,00
PREFEITURA MUNICIPAL DE BARBACENA;27.001;SEPLAN;2.058;PESSOAL E ENCARGOS SOCIAIS DA SEPLAN;11;APOIO A ADMINISTRAÇAO PUBLICA;4;Administração;121;Planejamento e Orçamento;553;3.3.90.08.00.00.00.00;OUTROS BENEFÍCIOS ASSISTENCIAIS-SERVIDOR/MILITAR;1.500.000.0000;RECURSOS NÃO VINCULADOS DE IMPOSTOS;0,00
PREFEITURA MUNICIPAL DE BARBACENA;27.001;SEPLAN;2.058;PESSOAL E ENCARGOS SOCIAIS DA SEPLAN;11;APOIO A ADMINISTRAÇAO PUBLICA;4;Administração;121;Planejamento e Orçamento;554;3.3.90.18.00.00.00.00;AUXÍLIO FINANCEIRO A ESTUDANTES;1.500.000.0000;RECURSOS NÃO VINCULADOS DE IMPOSTOS;3.000,00
PREFEITURA MUNICIPAL DE BARBACENA;27.001;SEPLAN;2.058;PESSOAL E ENCARGOS SOCIAIS DA SEPLAN;11;APOIO A ADMINISTRAÇAO PUBLICA;4;Administração;121;Planejamento e Orçamento;555;3.3.90.46.00.00.00.00;AUXÍLIO-ALIMENTAÇÃO;1.500.000.0000;RECURSOS NÃO VINCULADOS DE IMPOSTOS;66.040,00
PREFEITURA MUNICIPAL DE BARBACENA;27.001;SEPLAN;2.900;RESERVA DE RECURSOS PARA EMENDAS IMPOSITIVAS INDIVIDUAIS (GERAL);11;APOIO A ADMINISTRAÇAO PUBLICA;4;Administração;846;Outros Encargos Especiais;559;3.3.50.41.00.00.00.00;CONTRIBUIÇÕES;1.501.000.0000;OUTROS RECURSOS NÃO VINCULADOS;0,00
PREFEITURA MUNICIPAL DE BARBACENA;27.001;SEPLAN;2.900;RESERVA DE RECURSOS PARA EMENDAS IMPOSITIVAS INDIVIDUAIS (GERAL);11;APOIO A ADMINISTRAÇAO PUBLICA;4;Administração;846;Outros Encargos Especiais;559;3.3.50.41.00.00.00.00;CONTRIBUIÇÕES;1.501.506.0000;OUTROS RECURSOS NÃO VINCULADOS - EMENDAS FLAVIO BARBOSA;273.441,65
PREFEITURA MUNICIPAL DE BARBACENA;27.001;SEPLAN;2.902;RESERVA DE RECURSOS PARA EMENDAS DE BANCADAS;11;APOIO A ADMINISTRAÇAO PUBLICA;4;Administração;846;Outros Encargos Especiais;560;3.3.50.41.00.00.00.00;CONTRIBUIÇÕES;1.500.000.0000;RECURSOS NÃO VINCULADOS DE IMPOSTOS;0,00
PREFEITURA MUNICIPAL DE BARBACENA;27.001;SEPLAN;2.902;RESERVA DE RECURSOS PARA EMENDAS DE BANCADAS;11;APOIO A ADMINISTRAÇAO PUBLICA;4;Administração;846;Outros Encargos Especiais;560;3.3.50.41.00.00.00.00;CONTRIBUIÇÕES;1.500.516.0000;RECURSOS NÃO VINCULADOS DE IMPOSTOS - EMENDAS  ROBERTO DA FARMACIA;316.223,50
PREFEITURA MUNICIPAL DE BARBACENA;27.001;SEPLAN;2.902;RESERVA DE RECURSOS PARA EMENDAS DE BANCADAS;11;APOIO A ADMINISTRAÇAO PUBLICA;4;Administração;846;Outros Encargos Especiais;560;3.3.50.41.00.00.00.00;CONTRIBUIÇÕES;1.501.000.0000;OUTROS RECURSOS NÃO VINCULADOS;0,00
PREFEITURA MUNICIPAL DE BARBACENA;27.001;SEPLAN;2.902;RESERVA DE RECURSOS PARA EMENDAS DE BANCADAS;11;APOIO A ADMINISTRAÇAO PUBLICA;4;Administração;846;Outros Encargos Especiais;560;3.3.50.41.00.00.00.00;CONTRIBUIÇÕES;1.501.503.0000;OUTROS RECURSOS NÃO VINCULADOS - EMENDAS EVERTON WALLACE;316.223,50
PREFEITURA MUNICIPAL DE BARBACENA;27.001;SEPLAN;2.902;RESERVA DE RECURSOS PARA EMENDAS DE BANCADAS;11;APOIO A ADMINISTRAÇAO PUBLICA;4;Administração;846;Outros Encargos Especiais;560;3.3.50.41.00.00.00.00;CONTRIBUIÇÕES;1.753.000.0000;RECURSOS PROVENIENTES DE TAXAS, CONTRIBUIÇÕES E PREÇOS PÚBLICOS;0,00
PREFEITURA MUNICIPAL DE BARBACENA;27.001;SEPLAN;2.902;RESERVA DE RECURSOS PARA EMENDAS DE BANCADAS;11;APOIO A ADMINISTRAÇAO PUBLICA;4;Administração;846;Outros Encargos Especiais;560;3.3.50.41.00.00.00.00;CONTRIBUIÇÕES;1.753.506.0000;RECURSOS PROVENIENTES DE TAXAS, CONTRIBUIÇÕES E PREÇOS PÚBLICOS - EMENDAS FLAVIO BARBOSA;316.223,50
PREFEITURA MUNICIPAL DE BARBACENA;27.001;SEPLAN;2.742;ADEQUAÇÃO E MODERNIZAÇÃO DOS SERVIÇOS PÚBLICOS;26;MODERNIZAÇÃO DA ADMINISTRAÇÃO PÚBLICA;4;Administração;121;Planejamento e Orçamento;556;3.3.90.30.00.00.00.00;MATERIAL DE CONSUMO;1.500.000.0000;RECURSOS NÃO VINCULADOS DE IMPOSTOS;0,00
PREFEITURA MUNICIPAL DE BARBACENA;27.001;SEPLAN;2.742;ADEQUAÇÃO E MODERNIZAÇÃO DOS SERVIÇOS PÚBLICOS;26;MODERNIZAÇÃO DA ADMINISTRAÇÃO PÚBLICA;4;Administração;121;Planejamento e Orçamento;557;3.3.90.39.00.00.00.00;OUTROS SERVIÇOS DE TERCEIROS - PESSOA JURÍDICA;1.500.000.0000;RECURSOS NÃO VINCULADOS DE IMPOSTOS;0,00
PREFEITURA MUNICIPAL DE BARBACENA;27.001;SEPLAN;2.742;ADEQUAÇÃO E MODERNIZAÇÃO DOS SERVIÇOS PÚBLICOS;26;MODERNIZAÇÃO DA ADMINISTRAÇÃO PÚBLICA;4;Administração;121;Planejamento e Orçamento;557;3.3.90.39.00.00.00.00;OUTROS SERVIÇOS DE TERCEIROS - PESSOA JURÍDICA;1.501.000.0000;OUTROS RECURSOS NÃO VINCULADOS;15.000,00
PREFEITURA MUNICIPAL DE BARBACENA;27.001;SEPLAN;2.742;ADEQUAÇÃO E MODERNIZAÇÃO DOS SERVIÇOS PÚBLICOS;26;MODERNIZAÇÃO DA ADMINISTRAÇÃO PÚBLICA;4;Administração;121;Planejamento e Orçamento;558;4.4.90.52.00.00.00.00;EQUIPAMENTOS E MATERIAL PERMANENTE;1.500.000.0000;RECURSOS NÃO VINCULADOS DE IMPOSTOS;0,00
PREFEITURA MUNICIPAL DE BARBACENA;27.001;SEPLAN;9.999;RESERVA DE CONTINGENCIA;9999;RESERVAS;99;Reserva de Contingência;999;Reserva de Contingência;561;9.9.99.99.00.00.00.00;RESERVA DE CONTINGÊNCIA OU RESERVA DO RPPS;1.500.000.0000;RECURSOS NÃO VINCULADOS DE IMPOSTOS;600.000,00
PREFEITURA MUNICIPAL DE BARBACENA;28.001;SEMUR;2.059;MANUTENÇÃO DA SEMUR;11;APOIO A ADMINISTRAÇAO PUBLICA;15;Urbanismo;122;Administração Geral;562;3.3.90.14.00.00.00.00;DIÁRIAS - PESSOAL CIVIL;1.500.000.0000;RECURSOS NÃO VINCULADOS DE IMPOSTOS;10.000,00
PREFEITURA MUNICIPAL DE BARBACENA;28.001;SEMUR;2.059;MANUTENÇÃO DA SEMUR;11;APOIO A ADMINISTRAÇAO PUBLICA;15;Urbanismo;122;Administração Geral;563;3.3.90.30.00.00.00.00;MATERIAL DE CONSUMO;1.500.000.0000;RECURSOS NÃO VINCULADOS DE IMPOSTOS;10.000,00
PREFEITURA MUNICIPAL DE BARBACENA;28.001;SEMUR;2.059;MANUTENÇÃO DA SEMUR;11;APOIO A ADMINISTRAÇAO PUBLICA;15;Urbanismo;122;Administração Geral;563;3.3.90.30.00.00.00.00;MATERIAL DE CONSUMO;1.753.000.0000;RECURSOS PROVENIENTES DE TAXAS, CONTRIBUIÇÕES E PREÇOS PÚBLICOS;100.000,00
PREFEITURA MUNICIPAL DE BARBACENA;28.001;SEMUR;2.059;MANUTENÇÃO DA SEMUR;11;APOIO A ADMINISTRAÇAO PUBLICA;15;Urbanismo;122;Administração Geral;564;3.3.90.33.00.00.00.00;PASSAGENS E DESPESAS COM LOCOMOÇÃO;1.500.000.0000;RECURSOS NÃO VINCULADOS DE IMPOSTOS;500,00
PREFEITURA MUNICIPAL DE BARBACENA;28.001;SEMUR;2.059;MANUTENÇÃO DA SEMUR;11;APOIO A ADMINISTRAÇAO PUBLICA;15;Urbanismo;122;Administração Geral;565;3.3.90.35.00.00.00.00;SERVIÇOS DE CONSULTORIA;1.500.000.0000;RECURSOS NÃO VINCULADOS DE IMPOSTOS;500,00
PREFEITURA MUNICIPAL DE BARBACENA;28.001;SEMUR;2.059;MANUTENÇÃO DA SEMUR;11;APOIO A ADMINISTRAÇAO PUBLICA;15;Urbanismo;122;Administração Geral;566;3.3.90.36.00.00.00.00;OUTROS SERVIÇOS DE TERCEIROS - PESSOA FÍSICA;1.500.000.0000;RECURSOS NÃO VINCULADOS DE IMPOSTOS;1.000,00
PREFEITURA MUNICIPAL DE BARBACENA;28.001;SEMUR;2.059;MANUTENÇÃO DA SEMUR;11;APOIO A ADMINISTRAÇAO PUBLICA;15;Urbanismo;122;Administração Geral;567;3.3.90.39.00.00.00.00;OUTROS SERVIÇOS DE TERCEIROS - PESSOA JURÍDICA;1.500.000.0000;RECURSOS NÃO VINCULADOS DE IMPOSTOS;132.000,00
PREFEITURA MUNICIPAL DE BARBACENA;28.001;SEMUR;2.059;MANUTENÇÃO DA SEMUR;11;APOIO A ADMINISTRAÇAO PUBLICA;15;Urbanismo;122;Administração Geral;567;3.3.90.39.00.00.00.00;OUTROS SERVIÇOS DE TERCEIROS - PESSOA JURÍDICA;1.501.000.0000;OUTROS RECURSOS NÃO VINCULADOS;80.000,00
PREFEITURA MUNICIPAL DE BARBACENA;28.001;SEMUR;2.059;MANUTENÇÃO DA SEMUR;11;APOIO A ADMINISTRAÇAO PUBLICA;15;Urbanismo;122;Administração Geral;567;3.3.90.39.00.00.00.00;OUTROS SERVIÇOS DE TERCEIROS - PESSOA JURÍDICA;1.753.000.0000;RECURSOS PROVENIENTES DE TAXAS, CONTRIBUIÇÕES E PREÇOS PÚBLICOS;100.000,00
PREFEITURA MUNICIPAL DE BARBACENA;28.001;SEMUR;2.059;MANUTENÇÃO DA SEMUR;11;APOIO A ADMINISTRAÇAO PUBLICA;15;Urbanismo;122;Administração Geral;568;3.3.90.40.00.00.00.00;SERVIÇOS DE TECNOLOGIA DA INFORMAÇÃO E COMUNICAÇ;1.500.000.0000;RECURSOS NÃO VINCULADOS DE IMPOSTOS;5.000,00
PREFEITURA MUNICIPAL DE BARBACENA;28.001;SEMUR;2.059;MANUTENÇÃO DA SEMUR;11;APOIO A ADMINISTRAÇAO PUBLICA;15;Urbanismo;122;Administração Geral;569;3.3.90.47.00.00.00.00;OBRIGAÇÕES TRIBUTÁRIAS E CONTRIBUTIVAS;1.500.000.0000;RECURSOS NÃO VINCULADOS DE IMPOSTOS;500,00
PREFEITURA MUNICIPAL DE BARBACENA;28.001;SEMUR;2.059;MANUTENÇÃO DA SEMUR;11;APOIO A ADMINISTRAÇAO PUBLICA;15;Urbanismo;122;Administração Geral;570;3.3.90.48.00.00.00.00;OUTROS AUXÍLIOS FINANCEIROS A PESSOAS FÍSICAS;1.500.000.0000;RECURSOS NÃO VINCULADOS DE IMPOSTOS;500,00
PREFEITURA MUNICIPAL DE BARBACENA;28.001;SEMUR;2.059;MANUTENÇÃO DA SEMUR;11;APOIO A ADMINISTRAÇAO PUBLICA;15;Urbanismo;122;Administração Geral;571;3.3.90.49.00.00.00.00;AUXÍLIO-TRANSPORTE;1.500.000.0000;RECURSOS NÃO VINCULADOS DE IMPOSTOS;500,00
PREFEITURA MUNICIPAL DE BARBACENA;28.001;SEMUR;2.059;MANUTENÇÃO DA SEMUR;11;APOIO A ADMINISTRAÇAO PUBLICA;15;Urbanismo;122;Administração Geral;572;3.3.90.93.00.00.00.00;INDENIZAÇÕES E RESTITUIÇÕES;1.500.000.0000;RECURSOS NÃO VINCULADOS DE IMPOSTOS;500,00
PREFEITURA MUNICIPAL DE BARBACENA;28.001;SEMUR;2.059;MANUTENÇÃO DA SEMUR;11;APOIO A ADMINISTRAÇAO PUBLICA;15;Urbanismo;122;Administração Geral;573;4.4.90.52.00.00.00.00;EQUIPAMENTOS E MATERIAL PERMANENTE;1.500.000.0000;RECURSOS NÃO VINCULADOS DE IMPOSTOS;7.000,00
PREFEITURA MUNICIPAL DE BARBACENA;28.001;SEMUR;2.060;PESSOAL E ENCARGOS SOCIAIS DA SEMUR;11;APOIO A ADMINISTRAÇAO PUBLICA;15;Urbanismo;122;Administração Geral;574;3.1.90.04.00.00.00.00;CONTRATAÇÃO POR TEMPO DETERMINADO;1.500.000.0000;RECURSOS NÃO VINCULADOS DE IMPOSTOS;295.824,78
PREFEITURA MUNICIPAL DE BARBACENA;28.001;SEMUR;2.060;PESSOAL E ENCARGOS SOCIAIS DA SEMUR;11;APOIO A ADMINISTRAÇAO PUBLICA;15;Urbanismo;122;Administração Geral;575;3.1.90.11.00.00.00.00;VENCIMENTOS E VANTAGENS FIXAS - PESSOAL CIVIL;1.500.000.0000;RECURSOS NÃO VINCULADOS DE IMPOSTOS;1.938.162,97
PREFEITURA MUNICIPAL DE BARBACENA;28.001;SEMUR;2.060;PESSOAL E ENCARGOS SOCIAIS DA SEMUR;11;APOIO A ADMINISTRAÇAO PUBLICA;15;Urbanismo;122;Administração Geral;576;3.1.90.13.00.00.00.00;OBRIGAÇÕES PATRONAIS;1.500.000.0000;RECURSOS NÃO VINCULADOS DE IMPOSTOS;110.329,09
PREFEITURA MUNICIPAL DE BARBACENA;28.001;SEMUR;2.060;PESSOAL E ENCARGOS SOCIAIS DA SEMUR;11;APOIO A ADMINISTRAÇAO PUBLICA;15;Urbanismo;122;Administração Geral;577;3.1.90.16.00.00.00.00;OUTRAS DESPESAS VARIÁVEIS - PESSOAL CIVIL;1.500.000.0000;RECURSOS NÃO VINCULADOS DE IMPOSTOS;500,00
PREFEITURA MUNICIPAL DE BARBACENA;28.001;SEMUR;2.060;PESSOAL E ENCARGOS SOCIAIS DA SEMUR;11;APOIO A ADMINISTRAÇAO PUBLICA;15;Urbanismo;122;Administração Geral;578;3.1.90.92.00.00.00.00;DESPESAS DE EXERCÍCIOS ANTERIORES;1.500.000.0000;RECURSOS NÃO VINCULADOS DE IMPOSTOS;500,00
PREFEITURA MUNICIPAL DE BARBACENA;28.001;SEMUR;2.060;PESSOAL E ENCARGOS SOCIAIS DA SEMUR;11;APOIO A ADMINISTRAÇAO PUBLICA;15;Urbanismo;122;Administração Geral;579;3.1.90.94.00.00.00.00;INDENIZAÇÕES E RESTITUIÇÕES TRABALHISTAS;1.500.000.0000;RECURSOS NÃO VINCULADOS DE IMPOSTOS;500,00
PREFEITURA MUNICIPAL DE BARBACENA;28.001;SEMUR;2.060;PESSOAL E ENCARGOS SOCIAIS DA SEMUR;11;APOIO A ADMINISTRAÇAO PUBLICA;15;Urbanismo;122;Administração Geral;580;3.1.91.13.00.00.00.00;OBRIGAÇÕES PATRONAIS;1.500.000.0000;RECURSOS NÃO VINCULADOS DE IMPOSTOS;314.523,36
PREFEITURA MUNICIPAL DE BARBACENA;28.001;SEMUR;2.060;PESSOAL E ENCARGOS SOCIAIS DA SEMUR;11;APOIO A ADMINISTRAÇAO PUBLICA;15;Urbanismo;122;Administração Geral;581;3.1.91.92.00.00.00.00;DESPESAS DE EXERCÍCIOS ANTERIORES;1.500.000.0000;RECURSOS NÃO VINCULADOS DE IMPOSTOS;500,00
PREFEITURA MUNICIPAL DE BARBACENA;28.001;SEMUR;2.060;PESSOAL E ENCARGOS SOCIAIS DA SEMUR;11;APOIO A ADMINISTRAÇAO PUBLICA;15;Urbanismo;122;Administração Geral;582;3.3.90.08.00.00.00.00;OUTROS BENEFÍCIOS ASSISTENCIAIS-SERVIDOR/MILITAR;1.500.000.0000;RECURSOS NÃO VINCULADOS DE IMPOSTOS;1.000,00
PREFEITURA MUNICIPAL DE BARBACENA;28.001;SEMUR;2.060;PESSOAL E ENCARGOS SOCIAIS DA SEMUR;11;APOIO A ADMINISTRAÇAO PUBLICA;15;Urbanismo;122;Administração Geral;583;3.3.90.18.00.00.00.00;AUXÍLIO FINANCEIRO A ESTUDANTES;1.500.000.0000;RECURSOS NÃO VINCULADOS DE IMPOSTOS;3.166,01
PREFEITURA MUNICIPAL DE BARBACENA;28.001;SEMUR;2.060;PESSOAL E ENCARGOS SOCIAIS DA SEMUR;11;APOIO A ADMINISTRAÇAO PUBLICA;15;Urbanismo;122;Administração Geral;584;3.3.90.46.00.00.00.00;AUXÍLIO-ALIMENTAÇÃO;1.500.000.0000;RECURSOS NÃO VINCULADOS DE IMPOSTOS;285.028,00
PREFEITURA MUNICIPAL DE BARBACENA;28.001;SEMUR;2.340;ELABORAÇAO E MANUTENCAO DO PLANO DIRETOR E MOBILIDADE;17;INFRAESTRUTURA URBANA E RURAL;15;Urbanismo;122;Administração Geral;585;3.3.90.30.00.00.00.00;MATERIAL DE CONSUMO;1.500.000.0000;RECURSOS NÃO VINCULADOS DE IMPOSTOS;5.000,00
PREFEITURA MUNICIPAL DE BARBACENA;28.001;SEMUR;2.340;ELABORAÇAO E MANUTENCAO DO PLANO DIRETOR E MOBILIDADE;17;INFRAESTRUTURA URBANA E RURAL;15;Urbanismo;122;Administração Geral;586;3.3.90.39.00.00.00.00;OUTROS SERVIÇOS DE TERCEIROS - PESSOA JURÍDICA;1.500.000.0000;RECURSOS NÃO VINCULADOS DE IMPOSTOS;5.000,00
PREFEITURA MUNICIPAL DE BARBACENA;28.001;SEMUR;2.340;ELABORAÇAO E MANUTENCAO DO PLANO DIRETOR E MOBILIDADE;17;INFRAESTRUTURA URBANA E RURAL;15;Urbanismo;122;Administração Geral;586;3.3.90.39.00.00.00.00;OUTROS SERVIÇOS DE TERCEIROS - PESSOA JURÍDICA;1.753.000.0000;RECURSOS PROVENIENTES DE TAXAS, CONTRIBUIÇÕES E PREÇOS PÚBLICOS;30.000,00
PREFEITURA MUNICIPAL DE BARBACENA;28.001;SEMUR;2.110;IMPLANTAÇAO E MANUTENÇAO DO SISTEMA DE GEOPROCESSAMENTO E CADASTRO MULTIFINALITARIO;26;MODERNIZAÇÃO DA ADMINISTRAÇÃO PÚBLICA;15;Urbanismo;122;Administração Geral;587;3.3.90.30.00.00.00.00;MATERIAL DE CONSUMO;1.500.000.0000;RECURSOS NÃO VINCULADOS DE IMPOSTOS;5.000,00
PREFEITURA MUNICIPAL DE BARBACENA;28.001;SEMUR;2.110;IMPLANTAÇAO E MANUTENÇAO DO SISTEMA DE GEOPROCESSAMENTO E CADASTRO MULTIFINALITARIO;26;MODERNIZAÇÃO DA ADMINISTRAÇÃO PÚBLICA;15;Urbanismo;122;Administração Geral;588;3.3.90.39.00.00.00.00;OUTROS SERVIÇOS DE TERCEIROS - PESSOA JURÍDICA;1.500.000.0000;RECURSOS NÃO VINCULADOS DE IMPOSTOS;10.000,00
PREFEITURA MUNICIPAL DE BARBACENA;28.001;SEMUR;2.110;IMPLANTAÇAO E MANUTENÇAO DO SISTEMA DE GEOPROCESSAMENTO E CADASTRO MULTIFINALITARIO;26;MODERNIZAÇÃO DA ADMINISTRAÇÃO PÚBLICA;15;Urbanismo;122;Administração Geral;588;3.3.90.39.00.00.00.00;OUTROS SERVIÇOS DE TERCEIROS - PESSOA JURÍDICA;1.753.000.0000;RECURSOS PROVENIENTES DE TAXAS, CONTRIBUIÇÕES E PREÇOS PÚBLICOS;50.000,00
PREFEITURA MUNICIPAL DE BARBACENA;28.001;SEMUR;2.110;IMPLANTAÇAO E MANUTENÇAO DO SISTEMA DE GEOPROCESSAMENTO E CADASTRO MULTIFINALITARIO;26;MODERNIZAÇÃO DA ADMINISTRAÇÃO PÚBLICA;15;Urbanismo;122;Administração Geral;589;4.4.90.52.00.00.00.00;EQUIPAMENTOS E MATERIAL PERMANENTE;1.500.000.0000;RECURSOS NÃO VINCULADOS DE IMPOSTOS;1.000,00
PREFEITURA MUNICIPAL DE BARBACENA;29.001;SEDEC;2.061;MANUTENÇÃO DA SEDEC;11;APOIO A ADMINISTRAÇAO PUBLICA;23;Comércio e Serviços;122;Administração Geral;590;3.3.90.14.00.00.00.00;DIÁRIAS - PESSOAL CIVIL;1.500.000.0000;RECURSOS NÃO VINCULADOS DE IMPOSTOS;10.000,00
PREFEITURA MUNICIPAL DE BARBACENA;29.001;SEDEC;2.061;MANUTENÇÃO DA SEDEC;11;APOIO A ADMINISTRAÇAO PUBLICA;23;Comércio e Serviços;122;Administração Geral;591;3.3.90.30.00.00.00.00;MATERIAL DE CONSUMO;1.500.000.0000;RECURSOS NÃO VINCULADOS DE IMPOSTOS;5.000,00
PREFEITURA MUNICIPAL DE BARBACENA;29.001;SEDEC;2.061;MANUTENÇÃO DA SEDEC;11;APOIO A ADMINISTRAÇAO PUBLICA;23;Comércio e Serviços;122;Administração Geral;592;3.3.90.33.00.00.00.00;PASSAGENS E DESPESAS COM LOCOMOÇÃO;1.500.000.0000;RECURSOS NÃO VINCULADOS DE IMPOSTOS;500,00
PREFEITURA MUNICIPAL DE BARBACENA;29.001;SEDEC;2.061;MANUTENÇÃO DA SEDEC;11;APOIO A ADMINISTRAÇAO PUBLICA;23;Comércio e Serviços;122;Administração Geral;593;3.3.90.35.00.00.00.00;SERVIÇOS DE CONSULTORIA;1.500.000.0000;RECURSOS NÃO VINCULADOS DE IMPOSTOS;500,00
PREFEITURA MUNICIPAL DE BARBACENA;29.001;SEDEC;2.061;MANUTENÇÃO DA SEDEC;11;APOIO A ADMINISTRAÇAO PUBLICA;23;Comércio e Serviços;122;Administração Geral;594;3.3.90.36.00.00.00.00;OUTROS SERVIÇOS DE TERCEIROS - PESSOA FÍSICA;1.500.000.0000;RECURSOS NÃO VINCULADOS DE IMPOSTOS;10.000,00
PREFEITURA MUNICIPAL DE BARBACENA;29.001;SEDEC;2.061;MANUTENÇÃO DA SEDEC;11;APOIO A ADMINISTRAÇAO PUBLICA;23;Comércio e Serviços;122;Administração Geral;595;3.3.90.39.00.00.00.00;OUTROS SERVIÇOS DE TERCEIROS - PESSOA JURÍDICA;1.500.000.0000;RECURSOS NÃO VINCULADOS DE IMPOSTOS;20.000,00
PREFEITURA MUNICIPAL DE BARBACENA;29.001;SEDEC;2.061;MANUTENÇÃO DA SEDEC;11;APOIO A ADMINISTRAÇAO PUBLICA;23;Comércio e Serviços;122;Administração Geral;596;3.3.90.40.00.00.00.00;SERVIÇOS DE TECNOLOGIA DA INFORMAÇÃO E COMUNICAÇ;1.500.000.0000;RECURSOS NÃO VINCULADOS DE IMPOSTOS;10.000,00
PREFEITURA MUNICIPAL DE BARBACENA;29.001;SEDEC;2.061;MANUTENÇÃO DA SEDEC;11;APOIO A ADMINISTRAÇAO PUBLICA;23;Comércio e Serviços;122;Administração Geral;597;3.3.90.47.00.00.00.00;OBRIGAÇÕES TRIBUTÁRIAS E CONTRIBUTIVAS;1.500.000.0000;RECURSOS NÃO VINCULADOS DE IMPOSTOS;500,00
PREFEITURA MUNICIPAL DE BARBACENA;29.001;SEDEC;2.061;MANUTENÇÃO DA SEDEC;11;APOIO A ADMINISTRAÇAO PUBLICA;23;Comércio e Serviços;122;Administração Geral;598;3.3.90.48.00.00.00.00;OUTROS AUXÍLIOS FINANCEIROS A PESSOAS FÍSICAS;1.500.000.0000;RECURSOS NÃO VINCULADOS DE IMPOSTOS;500,00
PREFEITURA MUNICIPAL DE BARBACENA;29.001;SEDEC;2.061;MANUTENÇÃO DA SEDEC;11;APOIO A ADMINISTRAÇAO PUBLICA;23;Comércio e Serviços;122;Administração Geral;599;3.3.90.49.00.00.00.00;AUXÍLIO-TRANSPORTE;1.500.000.0000;RECURSOS NÃO VINCULADOS DE IMPOSTOS;500,00
PREFEITURA MUNICIPAL DE BARBACENA;29.001;SEDEC;2.061;MANUTENÇÃO DA SEDEC;11;APOIO A ADMINISTRAÇAO PUBLICA;23;Comércio e Serviços;122;Administração Geral;600;3.3.90.93.00.00.00.00;INDENIZAÇÕES E RESTITUIÇÕES;1.500.000.0000;RECURSOS NÃO VINCULADOS DE IMPOSTOS;500,00
PREFEITURA MUNICIPAL DE BARBACENA;29.001;SEDEC;2.061;MANUTENÇÃO DA SEDEC;11;APOIO A ADMINISTRAÇAO PUBLICA;23;Comércio e Serviços;122;Administração Geral;601;4.4.90.52.00.00.00.00;EQUIPAMENTOS E MATERIAL PERMANENTE;1.500.000.0000;RECURSOS NÃO VINCULADOS DE IMPOSTOS;2.000,00
PREFEITURA MUNICIPAL DE BARBACENA;29.001;SEDEC;2.062;PESSOAL E ENCARGOS SOCIAIS DA SEDEC;11;APOIO A ADMINISTRAÇAO PUBLICA;23;Comércio e Serviços;122;Administração Geral;602;3.1.90.04.00.00.00.00;CONTRATAÇÃO POR TEMPO DETERMINADO;1.500.000.0000;RECURSOS NÃO VINCULADOS DE IMPOSTOS;39.516,34
PREFEITURA MUNICIPAL DE BARBACENA;29.001;SEDEC;2.062;PESSOAL E ENCARGOS SOCIAIS DA SEDEC;11;APOIO A ADMINISTRAÇAO PUBLICA;23;Comércio e Serviços;122;Administração Geral;603;3.1.90.11.00.00.00.00;VENCIMENTOS E VANTAGENS FIXAS - PESSOAL CIVIL;1.500.000.0000;RECURSOS NÃO VINCULADOS DE IMPOSTOS;465.118,01
PREFEITURA MUNICIPAL DE BARBACENA;29.001;SEDEC;2.062;PESSOAL E ENCARGOS SOCIAIS DA SEDEC;11;APOIO A ADMINISTRAÇAO PUBLICA;23;Comércio e Serviços;122;Administração Geral;604;3.1.90.13.00.00.00.00;OBRIGAÇÕES PATRONAIS;1.500.000.0000;RECURSOS NÃO VINCULADOS DE IMPOSTOS;21.896,84
PREFEITURA MUNICIPAL DE BARBACENA;29.001;SEDEC;2.062;PESSOAL E ENCARGOS SOCIAIS DA SEDEC;11;APOIO A ADMINISTRAÇAO PUBLICA;23;Comércio e Serviços;122;Administração Geral;605;3.1.90.16.00.00.00.00;OUTRAS DESPESAS VARIÁVEIS - PESSOAL CIVIL;1.500.000.0000;RECURSOS NÃO VINCULADOS DE IMPOSTOS;500,00
PREFEITURA MUNICIPAL DE BARBACENA;29.001;SEDEC;2.062;PESSOAL E ENCARGOS SOCIAIS DA SEDEC;11;APOIO A ADMINISTRAÇAO PUBLICA;23;Comércio e Serviços;122;Administração Geral;606;3.1.90.92.00.00.00.00;DESPESAS DE EXERCÍCIOS ANTERIORES;1.500.000.0000;RECURSOS NÃO VINCULADOS DE IMPOSTOS;500,00
PREFEITURA MUNICIPAL DE BARBACENA;29.001;SEDEC;2.062;PESSOAL E ENCARGOS SOCIAIS DA SEDEC;11;APOIO A ADMINISTRAÇAO PUBLICA;23;Comércio e Serviços;122;Administração Geral;607;3.1.90.94.00.00.00.00;INDENIZAÇÕES E RESTITUIÇÕES TRABALHISTAS;1.500.000.0000;RECURSOS NÃO VINCULADOS DE IMPOSTOS;500,00
PREFEITURA MUNICIPAL DE BARBACENA;29.001;SEDEC;2.062;PESSOAL E ENCARGOS SOCIAIS DA SEDEC;11;APOIO A ADMINISTRAÇAO PUBLICA;23;Comércio e Serviços;122;Administração Geral;608;3.1.91.13.00.00.00.00;OBRIGAÇÕES PATRONAIS;1.500.000.0000;RECURSOS NÃO VINCULADOS DE IMPOSTOS;101.760,72
PREFEITURA MUNICIPAL DE BARBACENA;29.001;SEDEC;2.062;PESSOAL E ENCARGOS SOCIAIS DA SEDEC;11;APOIO A ADMINISTRAÇAO PUBLICA;23;Comércio e Serviços;122;Administração Geral;609;3.1.91.92.00.00.00.00;DESPESAS DE EXERCÍCIOS ANTERIORES;1.500.000.0000;RECURSOS NÃO VINCULADOS DE IMPOSTOS;500,00
PREFEITURA MUNICIPAL DE BARBACENA;29.001;SEDEC;2.062;PESSOAL E ENCARGOS SOCIAIS DA SEDEC;11;APOIO A ADMINISTRAÇAO PUBLICA;23;Comércio e Serviços;122;Administração Geral;610;3.3.90.08.00.00.00.00;OUTROS BENEFÍCIOS ASSISTENCIAIS-SERVIDOR/MILITAR;1.500.000.0000;RECURSOS NÃO VINCULADOS DE IMPOSTOS;2.000,00
PREFEITURA MUNICIPAL DE BARBACENA;29.001;SEDEC;2.062;PESSOAL E ENCARGOS SOCIAIS DA SEDEC;11;APOIO A ADMINISTRAÇAO PUBLICA;23;Comércio e Serviços;122;Administração Geral;611;3.3.90.18.00.00.00.00;AUXÍLIO FINANCEIRO A ESTUDANTES;1.500.000.0000;RECURSOS NÃO VINCULADOS DE IMPOSTOS;815,70
PREFEITURA MUNICIPAL DE BARBACENA;29.001;SEDEC;2.062;PESSOAL E ENCARGOS SOCIAIS DA SEDEC;11;APOIO A ADMINISTRAÇAO PUBLICA;23;Comércio e Serviços;122;Administração Geral;612;3.3.90.46.00.00.00.00;AUXÍLIO-ALIMENTAÇÃO;1.500.000.0000;RECURSOS NÃO VINCULADOS DE IMPOSTOS;65.032,00
PREFEITURA MUNICIPAL DE BARBACENA;29.001;SEDEC;2.409;PROMOÇÃO DO DESENVOLVIMENTO ECONÔMICO,  TECNOLÓGICO E DE INOVAÇÃO;22;FOMENTO ECONOMICO;23;Comércio e Serviços;122;Administração Geral;613;3.3.90.30.00.00.00.00;MATERIAL DE CONSUMO;1.500.000.0000;RECURSOS NÃO VINCULADOS DE IMPOSTOS;3.204,00
PREFEITURA MUNICIPAL DE BARBACENA;29.001;SEDEC;2.409;PROMOÇÃO DO DESENVOLVIMENTO ECONÔMICO,  TECNOLÓGICO E DE INOVAÇÃO;22;FOMENTO ECONOMICO;23;Comércio e Serviços;122;Administração Geral;614;3.3.90.39.00.00.00.00;OUTROS SERVIÇOS DE TERCEIROS - PESSOA JURÍDICA;1.500.000.0000;RECURSOS NÃO VINCULADOS DE IMPOSTOS;25.000,00
PREFEITURA MUNICIPAL DE BARBACENA;29.001;SEDEC;2.409;PROMOÇÃO DO DESENVOLVIMENTO ECONÔMICO,  TECNOLÓGICO E DE INOVAÇÃO;22;FOMENTO ECONOMICO;23;Comércio e Serviços;122;Administração Geral;614;3.3.90.39.00.00.00.00;OUTROS SERVIÇOS DE TERCEIROS - PESSOA JURÍDICA;1.501.000.0000;OUTROS RECURSOS NÃO VINCULADOS;36.083,76
PREFEITURA MUNICIPAL DE BARBACENA;29.001;SEDEC;2.409;PROMOÇÃO DO DESENVOLVIMENTO ECONÔMICO,  TECNOLÓGICO E DE INOVAÇÃO;22;FOMENTO ECONOMICO;23;Comércio e Serviços;122;Administração Geral;615;4.4.90.52.00.00.00.00;EQUIPAMENTOS E MATERIAL PERMANENTE;1.500.000.0000;RECURSOS NÃO VINCULADOS DE IMPOSTOS;15.000,00
PREFEITURA MUNICIPAL DE BARBACENA;29.001;SEDEC;2.746;MANUTENÇÃO DAS ATIVIDADES DA SALA MINEIRA DO EMPREENDEDOR;22;FOMENTO ECONOMICO;23;Comércio e Serviços;122;Administração Geral;616;3.3.90.30.00.00.00.00;MATERIAL DE CONSUMO;1.500.000.0000;RECURSOS NÃO VINCULADOS DE IMPOSTOS;10.000,00
PREFEITURA MUNICIPAL DE BARBACENA;29.001;SEDEC;2.746;MANUTENÇÃO DAS ATIVIDADES DA SALA MINEIRA DO EMPREENDEDOR;22;FOMENTO ECONOMICO;23;Comércio e Serviços;122;Administração Geral;617;3.3.90.31.00.00.00.00;PREMIAÇÕES CULTURAIS, ARTÍSTICAS, CIENT., DESPORT;1.500.000.0000;RECURSOS NÃO VINCULADOS DE IMPOSTOS;5.000,00
PREFEITURA MUNICIPAL DE BARBACENA;29.001;SEDEC;2.746;MANUTENÇÃO DAS ATIVIDADES DA SALA MINEIRA DO EMPREENDEDOR;22;FOMENTO ECONOMICO;23;Comércio e Serviços;122;Administração Geral;618;3.3.90.36.00.00.00.00;OUTROS SERVIÇOS DE TERCEIROS - PESSOA FÍSICA;1.500.000.0000;RECURSOS NÃO VINCULADOS DE IMPOSTOS;1.000,00
PREFEITURA MUNICIPAL DE BARBACENA;29.001;SEDEC;2.746;MANUTENÇÃO DAS ATIVIDADES DA SALA MINEIRA DO EMPREENDEDOR;22;FOMENTO ECONOMICO;23;Comércio e Serviços;122;Administração Geral;618;3.3.90.36.00.00.00.00;OUTROS SERVIÇOS DE TERCEIROS - PESSOA FÍSICA;1.501.000.0000;OUTROS RECURSOS NÃO VINCULADOS;15.000,00
PREFEITURA MUNICIPAL DE BARBACENA;29.001;SEDEC;2.746;MANUTENÇÃO DAS ATIVIDADES DA SALA MINEIRA DO EMPREENDEDOR;22;FOMENTO ECONOMICO;23;Comércio e Serviços;122;Administração Geral;619;3.3.90.39.00.00.00.00;OUTROS SERVIÇOS DE TERCEIROS - PESSOA JURÍDICA;1.500.000.0000;RECURSOS NÃO VINCULADOS DE IMPOSTOS;80.000,00
PREFEITURA MUNICIPAL DE BARBACENA;29.001;SEDEC;2.746;MANUTENÇÃO DAS ATIVIDADES DA SALA MINEIRA DO EMPREENDEDOR;22;FOMENTO ECONOMICO;23;Comércio e Serviços;122;Administração Geral;619;3.3.90.39.00.00.00.00;OUTROS SERVIÇOS DE TERCEIROS - PESSOA JURÍDICA;1.501.000.0000;OUTROS RECURSOS NÃO VINCULADOS;187.416,24
PREFEITURA MUNICIPAL DE BARBACENA;29.001;SEDEC;2.746;MANUTENÇÃO DAS ATIVIDADES DA SALA MINEIRA DO EMPREENDEDOR;22;FOMENTO ECONOMICO;23;Comércio e Serviços;122;Administração Geral;620;3.3.90.92.00.00.00.00;DESPESAS DE EXERCÍCIOS ANTERIORES;1.500.000.0000;RECURSOS NÃO VINCULADOS DE IMPOSTOS;5.000,00
PREFEITURA MUNICIPAL DE BARBACENA;29.001;SEDEC;2.746;MANUTENÇÃO DAS ATIVIDADES DA SALA MINEIRA DO EMPREENDEDOR;22;FOMENTO ECONOMICO;23;Comércio e Serviços;122;Administração Geral;621;4.4.90.52.00.00.00.00;EQUIPAMENTOS E MATERIAL PERMANENTE;1.500.000.0000;RECURSOS NÃO VINCULADOS DE IMPOSTOS;10.000,00
PREFEITURA MUNICIPAL DE BARBACENA;29.002;FUNDO MUN DE DES SUSTENT E DEFESA AMBIENTAL FUNDAL;1.173;IMPLANTAÇAO E MANUTENÇÃO DE DISTRITOS INDUSTRIAIS;22;FOMENTO ECONOMICO;22;Indústria;661;Promoção Industrial;622;3.3.90.39.00.00.00.00;OUTROS SERVIÇOS DE TERCEIROS - PESSOA JURÍDICA;1.500.000.0000;RECURSOS NÃO VINCULADOS DE IMPOSTOS;1.000,00
PREFEITURA MUNICIPAL DE BARBACENA;29.002;FUNDO MUN DE DES SUSTENT E DEFESA AMBIENTAL FUNDAL;2.253;PROMOÇAO, DESENVOLVIMENTO E FORTALECIMENTO DA ECONOMIA DE BARBACENA E REGIAO;22;FOMENTO ECONOMICO;23;Comércio e Serviços;122;Administração Geral;623;3.3.90.39.00.00.00.00;OUTROS SERVIÇOS DE TERCEIROS - PESSOA JURÍDICA;1.500.000.0000;RECURSOS NÃO VINCULADOS DE IMPOSTOS;5.000,00
PREFEITURA MUNICIPAL DE BARBACENA;29.002;FUNDO MUN DE DES SUSTENT E DEFESA AMBIENTAL FUNDAL;2.253;PROMOÇAO, DESENVOLVIMENTO E FORTALECIMENTO DA ECONOMIA DE BARBACENA E REGIAO;22;FOMENTO ECONOMICO;23;Comércio e Serviços;122;Administração Geral;1199;4.4.90.61.00.00.00.00;AQUISIÇÃO DE IMÓVEIS;1.501.000.0000;OUTROS RECURSOS NÃO VINCULADOS;262.500,00
PREFEITURA MUNICIPAL DE BARBACENA;29.002;FUNDO MUN DE DES SUSTENT E DEFESA AMBIENTAL FUNDAL;2.253;PROMOÇAO, DESENVOLVIMENTO E FORTALECIMENTO DA ECONOMIA DE BARBACENA E REGIAO;22;FOMENTO ECONOMICO;23;Comércio e Serviços;122;Administração Geral;1199;4.4.90.61.00.00.00.00;AQUISIÇÃO DE IMÓVEIS;2.500.000.0000;RECURSOS NÃO VINCULADOS DE IMPOSTOS;2.100.000,00
PREFEITURA MUNICIPAL DE BARBACENA;29.002;FUNDO MUN DE DES SUSTENT E DEFESA AMBIENTAL FUNDAL;2.253;PROMOÇAO, DESENVOLVIMENTO E FORTALECIMENTO DA ECONOMIA DE BARBACENA E REGIAO;22;FOMENTO ECONOMICO;23;Comércio e Serviços;122;Administração Geral;1199;4.4.90.61.00.00.00.00;AQUISIÇÃO DE IMÓVEIS;2.501.000.0000;OUTROS RECURSOS NÃO VINCULADOS;1.050.000,00
PREFEITURA MUNICIPAL DE BARBACENA;29.002;FUNDO MUN DE DES SUSTENT E DEFESA AMBIENTAL FUNDAL;2.253;PROMOÇAO, DESENVOLVIMENTO E FORTALECIMENTO DA ECONOMIA DE BARBACENA E REGIAO;22;FOMENTO ECONOMICO;23;Comércio e Serviços;122;Administração Geral;1199;4.4.90.61.00.00.00.00;AQUISIÇÃO DE IMÓVEIS;2.710.000.3210;IDENTIFICAÇÃO DAS TRANSFERÊNCIAS DOS ESTADOS DECORRENTES DE EMENDAS PARLAMENTARES INDIVIDUAIS;233.961,92
PREFEITURA MUNICIPAL DE BARBACENA;29.002;FUNDO MUN DE DES SUSTENT E DEFESA AMBIENTAL FUNDAL;2.253;PROMOÇAO, DESENVOLVIMENTO E FORTALECIMENTO DA ECONOMIA DE BARBACENA E REGIAO;22;FOMENTO ECONOMICO;23;Comércio e Serviços;122;Administração Geral;1199;4.4.90.61.00.00.00.00;AQUISIÇÃO DE IMÓVEIS;2.710.000.3220;IDENTIFICAÇÃO DAS TRANSFERÊNCIAS DOS ESTADOS DECORRENTES DE EMENDAS PARLAMENTARES DE BANCADA;553.538,08
PREFEITURA MUNICIPAL DE BARBACENA;30.001;SESP;2.063;MANUTENÇÃO DA SESP;11;APOIO A ADMINISTRAÇAO PUBLICA;15;Urbanismo;452;Serviços Urbanos;624;3.3.90.14.00.00.00.00;DIÁRIAS - PESSOAL CIVIL;1.500.000.0000;RECURSOS NÃO VINCULADOS DE IMPOSTOS;1.200,00
PREFEITURA MUNICIPAL DE BARBACENA;30.001;SESP;2.063;MANUTENÇÃO DA SESP;11;APOIO A ADMINISTRAÇAO PUBLICA;15;Urbanismo;452;Serviços Urbanos;625;3.3.90.30.00.00.00.00;MATERIAL DE CONSUMO;1.500.000.0000;RECURSOS NÃO VINCULADOS DE IMPOSTOS;201.000,00
PREFEITURA MUNICIPAL DE BARBACENA;30.001;SESP;2.063;MANUTENÇÃO DA SESP;11;APOIO A ADMINISTRAÇAO PUBLICA;15;Urbanismo;452;Serviços Urbanos;626;3.3.90.33.00.00.00.00;PASSAGENS E DESPESAS COM LOCOMOÇÃO;1.500.000.0000;RECURSOS NÃO VINCULADOS DE IMPOSTOS;21.500,00
PREFEITURA MUNICIPAL DE BARBACENA;30.001;SESP;2.063;MANUTENÇÃO DA SESP;11;APOIO A ADMINISTRAÇAO PUBLICA;15;Urbanismo;452;Serviços Urbanos;627;3.3.90.35.00.00.00.00;SERVIÇOS DE CONSULTORIA;1.500.000.0000;RECURSOS NÃO VINCULADOS DE IMPOSTOS;500,00
PREFEITURA MUNICIPAL DE BARBACENA;30.001;SESP;2.063;MANUTENÇÃO DA SESP;11;APOIO A ADMINISTRAÇAO PUBLICA;15;Urbanismo;452;Serviços Urbanos;628;3.3.90.36.00.00.00.00;OUTROS SERVIÇOS DE TERCEIROS - PESSOA FÍSICA;1.500.000.0000;RECURSOS NÃO VINCULADOS DE IMPOSTOS;0,00
PREFEITURA MUNICIPAL DE BARBACENA;30.001;SESP;2.063;MANUTENÇÃO DA SESP;11;APOIO A ADMINISTRAÇAO PUBLICA;15;Urbanismo;452;Serviços Urbanos;629;3.3.90.39.00.00.00.00;OUTROS SERVIÇOS DE TERCEIROS - PESSOA JURÍDICA;1.500.000.0000;RECURSOS NÃO VINCULADOS DE IMPOSTOS;486.789,50
PREFEITURA MUNICIPAL DE BARBACENA;30.001;SESP;2.063;MANUTENÇÃO DA SESP;11;APOIO A ADMINISTRAÇAO PUBLICA;15;Urbanismo;452;Serviços Urbanos;629;3.3.90.39.00.00.00.00;OUTROS SERVIÇOS DE TERCEIROS - PESSOA JURÍDICA;1.501.000.0000;OUTROS RECURSOS NÃO VINCULADOS;50.000,00
PREFEITURA MUNICIPAL DE BARBACENA;30.001;SESP;2.063;MANUTENÇÃO DA SESP;11;APOIO A ADMINISTRAÇAO PUBLICA;15;Urbanismo;452;Serviços Urbanos;629;3.3.90.39.00.00.00.00;OUTROS SERVIÇOS DE TERCEIROS - PESSOA JURÍDICA;1.753.000.0000;RECURSOS PROVENIENTES DE TAXAS, CONTRIBUIÇÕES E PREÇOS PÚBLICOS;123.400,00
PREFEITURA MUNICIPAL DE BARBACENA;30.001;SESP;2.063;MANUTENÇÃO DA SESP;11;APOIO A ADMINISTRAÇAO PUBLICA;15;Urbanismo;452;Serviços Urbanos;630;3.3.90.40.00.00.00.00;SERVIÇOS DE TECNOLOGIA DA INFORMAÇÃO E COMUNICAÇ;1.500.000.0000;RECURSOS NÃO VINCULADOS DE IMPOSTOS;0,00
PREFEITURA MUNICIPAL DE BARBACENA;30.001;SESP;2.063;MANUTENÇÃO DA SESP;11;APOIO A ADMINISTRAÇAO PUBLICA;15;Urbanismo;452;Serviços Urbanos;631;3.3.90.47.00.00.00.00;OBRIGAÇÕES TRIBUTÁRIAS E CONTRIBUTIVAS;1.500.000.0000;RECURSOS NÃO VINCULADOS DE IMPOSTOS;540,72
PREFEITURA MUNICIPAL DE BARBACENA;30.001;SESP;2.063;MANUTENÇÃO DA SESP;11;APOIO A ADMINISTRAÇAO PUBLICA;15;Urbanismo;452;Serviços Urbanos;632;3.3.90.93.00.00.00.00;INDENIZAÇÕES E RESTITUIÇÕES;1.500.000.0000;RECURSOS NÃO VINCULADOS DE IMPOSTOS;500,00
PREFEITURA MUNICIPAL DE BARBACENA;30.001;SESP;2.063;MANUTENÇÃO DA SESP;11;APOIO A ADMINISTRAÇAO PUBLICA;15;Urbanismo;452;Serviços Urbanos;633;4.4.90.52.00.00.00.00;EQUIPAMENTOS E MATERIAL PERMANENTE;1.500.000.0000;RECURSOS NÃO VINCULADOS DE IMPOSTOS;0,00
PREFEITURA MUNICIPAL DE BARBACENA;30.001;SESP;2.063;MANUTENÇÃO DA SESP;11;APOIO A ADMINISTRAÇAO PUBLICA;15;Urbanismo;452;Serviços Urbanos;1205;3.3.90.92.00.00.00.00;DESPESAS DE EXERCÍCIOS ANTERIORES;1.500.000.0000;RECURSOS NÃO VINCULADOS DE IMPOSTOS;78.557,92
PREFEITURA MUNICIPAL DE BARBACENA;30.001;SESP;2.063;MANUTENÇÃO DA SESP;11;APOIO A ADMINISTRAÇAO PUBLICA;15;Urbanismo;452;Serviços Urbanos;1209;3.3.67.83.00.00.00.00;DESPESAS DECORRENTES DE CONTRATO DE PARCERIA PÚB.;1.500.000.0000;RECURSOS NÃO VINCULADOS DE IMPOSTOS;75.564,60
PREFEITURA MUNICIPAL DE BARBACENA;30.001;SESP;2.064;PESSOAL E ENCARGOS SOCIAIS DA SESP;11;APOIO A ADMINISTRAÇAO PUBLICA;15;Urbanismo;452;Serviços Urbanos;634;3.1.90.04.00.00.00.00;CONTRATAÇÃO POR TEMPO DETERMINADO;1.500.000.0000;RECURSOS NÃO VINCULADOS DE IMPOSTOS;2.412.551,92
PREFEITURA MUNICIPAL DE BARBACENA;30.001;SESP;2.064;PESSOAL E ENCARGOS SOCIAIS DA SESP;11;APOIO A ADMINISTRAÇAO PUBLICA;15;Urbanismo;452;Serviços Urbanos;635;3.1.90.11.00.00.00.00;VENCIMENTOS E VANTAGENS FIXAS - PESSOAL CIVIL;1.500.000.0000;RECURSOS NÃO VINCULADOS DE IMPOSTOS;3.059.817,27
PREFEITURA MUNICIPAL DE BARBACENA;30.001;SESP;2.064;PESSOAL E ENCARGOS SOCIAIS DA SESP;11;APOIO A ADMINISTRAÇAO PUBLICA;15;Urbanismo;452;Serviços Urbanos;636;3.1.90.13.00.00.00.00;OBRIGAÇÕES PATRONAIS;1.500.000.0000;RECURSOS NÃO VINCULADOS DE IMPOSTOS;276.500,30
PREFEITURA MUNICIPAL DE BARBACENA;30.001;SESP;2.064;PESSOAL E ENCARGOS SOCIAIS DA SESP;11;APOIO A ADMINISTRAÇAO PUBLICA;15;Urbanismo;452;Serviços Urbanos;637;3.1.90.16.00.00.00.00;OUTRAS DESPESAS VARIÁVEIS - PESSOAL CIVIL;1.500.000.0000;RECURSOS NÃO VINCULADOS DE IMPOSTOS;500,00
PREFEITURA MUNICIPAL DE BARBACENA;30.001;SESP;2.064;PESSOAL E ENCARGOS SOCIAIS DA SESP;11;APOIO A ADMINISTRAÇAO PUBLICA;15;Urbanismo;452;Serviços Urbanos;638;3.1.90.92.00.00.00.00;DESPESAS DE EXERCÍCIOS ANTERIORES;1.500.000.0000;RECURSOS NÃO VINCULADOS DE IMPOSTOS;459,28
PREFEITURA MUNICIPAL DE BARBACENA;30.001;SESP;2.064;PESSOAL E ENCARGOS SOCIAIS DA SESP;11;APOIO A ADMINISTRAÇAO PUBLICA;15;Urbanismo;452;Serviços Urbanos;639;3.1.90.94.00.00.00.00;INDENIZAÇÕES E RESTITUIÇÕES TRABALHISTAS;1.500.000.0000;RECURSOS NÃO VINCULADOS DE IMPOSTOS;500,00
PREFEITURA MUNICIPAL DE BARBACENA;30.001;SESP;2.064;PESSOAL E ENCARGOS SOCIAIS DA SESP;11;APOIO A ADMINISTRAÇAO PUBLICA;15;Urbanismo;452;Serviços Urbanos;640;3.1.91.13.00.00.00.00;OBRIGAÇÕES PATRONAIS;1.500.000.0000;RECURSOS NÃO VINCULADOS DE IMPOSTOS;349.228,90
PREFEITURA MUNICIPAL DE BARBACENA;30.001;SESP;2.064;PESSOAL E ENCARGOS SOCIAIS DA SESP;11;APOIO A ADMINISTRAÇAO PUBLICA;15;Urbanismo;452;Serviços Urbanos;641;3.1.91.92.00.00.00.00;DESPESAS DE EXERCÍCIOS ANTERIORES;1.500.000.0000;RECURSOS NÃO VINCULADOS DE IMPOSTOS;500,00
PREFEITURA MUNICIPAL DE BARBACENA;30.001;SESP;2.064;PESSOAL E ENCARGOS SOCIAIS DA SESP;11;APOIO A ADMINISTRAÇAO PUBLICA;15;Urbanismo;452;Serviços Urbanos;642;3.3.90.08.00.00.00.00;OUTROS BENEFÍCIOS ASSISTENCIAIS-SERVIDOR/MILITAR;1.500.000.0000;RECURSOS NÃO VINCULADOS DE IMPOSTOS;3.000,00
PREFEITURA MUNICIPAL DE BARBACENA;30.001;SESP;2.064;PESSOAL E ENCARGOS SOCIAIS DA SESP;11;APOIO A ADMINISTRAÇAO PUBLICA;15;Urbanismo;452;Serviços Urbanos;643;3.3.90.18.00.00.00.00;AUXÍLIO FINANCEIRO A ESTUDANTES;1.500.000.0000;RECURSOS NÃO VINCULADOS DE IMPOSTOS;5.000,00
PREFEITURA MUNICIPAL DE BARBACENA;30.001;SESP;2.064;PESSOAL E ENCARGOS SOCIAIS DA SESP;11;APOIO A ADMINISTRAÇAO PUBLICA;15;Urbanismo;452;Serviços Urbanos;644;3.3.90.46.00.00.00.00;AUXÍLIO-ALIMENTAÇÃO;1.500.000.0000;RECURSOS NÃO VINCULADOS DE IMPOSTOS;798.280,00
PREFEITURA MUNICIPAL DE BARBACENA;30.001;SESP;2.672;MANUTENÇÃO DO TERMINAL RODOVIÁRIO DE BARBACENA;11;APOIO A ADMINISTRAÇAO PUBLICA;15;Urbanismo;452;Serviços Urbanos;645;3.1.90.04.00.00.00.00;CONTRATAÇÃO POR TEMPO DETERMINADO;1.500.000.0000;RECURSOS NÃO VINCULADOS DE IMPOSTOS;234.024,04
PREFEITURA MUNICIPAL DE BARBACENA;30.001;SESP;2.672;MANUTENÇÃO DO TERMINAL RODOVIÁRIO DE BARBACENA;11;APOIO A ADMINISTRAÇAO PUBLICA;15;Urbanismo;452;Serviços Urbanos;646;3.1.90.11.00.00.00.00;VENCIMENTOS E VANTAGENS FIXAS - PESSOAL CIVIL;1.500.000.0000;RECURSOS NÃO VINCULADOS DE IMPOSTOS;24.122,91
PREFEITURA MUNICIPAL DE BARBACENA;30.001;SESP;2.672;MANUTENÇÃO DO TERMINAL RODOVIÁRIO DE BARBACENA;11;APOIO A ADMINISTRAÇAO PUBLICA;15;Urbanismo;452;Serviços Urbanos;647;3.1.90.13.00.00.00.00;OBRIGAÇÕES PATRONAIS;1.500.000.0000;RECURSOS NÃO VINCULADOS DE IMPOSTOS;4.000,00
PREFEITURA MUNICIPAL DE BARBACENA;30.001;SESP;2.672;MANUTENÇÃO DO TERMINAL RODOVIÁRIO DE BARBACENA;11;APOIO A ADMINISTRAÇAO PUBLICA;15;Urbanismo;452;Serviços Urbanos;648;3.1.91.13.00.00.00.00;OBRIGAÇÕES PATRONAIS;1.500.000.0000;RECURSOS NÃO VINCULADOS DE IMPOSTOS;1.000,00
PREFEITURA MUNICIPAL DE BARBACENA;30.001;SESP;2.672;MANUTENÇÃO DO TERMINAL RODOVIÁRIO DE BARBACENA;11;APOIO A ADMINISTRAÇAO PUBLICA;15;Urbanismo;452;Serviços Urbanos;649;3.3.90.14.00.00.00.00;DIÁRIAS - PESSOAL CIVIL;1.500.000.0000;RECURSOS NÃO VINCULADOS DE IMPOSTOS;1.000,00
PREFEITURA MUNICIPAL DE BARBACENA;30.001;SESP;2.672;MANUTENÇÃO DO TERMINAL RODOVIÁRIO DE BARBACENA;11;APOIO A ADMINISTRAÇAO PUBLICA;15;Urbanismo;452;Serviços Urbanos;650;3.3.90.18.00.00.00.00;AUXÍLIO FINANCEIRO A ESTUDANTES;1.500.000.0000;RECURSOS NÃO VINCULADOS DE IMPOSTOS;1.000,00
PREFEITURA MUNICIPAL DE BARBACENA;30.001;SESP;2.672;MANUTENÇÃO DO TERMINAL RODOVIÁRIO DE BARBACENA;11;APOIO A ADMINISTRAÇAO PUBLICA;15;Urbanismo;452;Serviços Urbanos;651;3.3.90.30.00.00.00.00;MATERIAL DE CONSUMO;1.500.000.0000;RECURSOS NÃO VINCULADOS DE IMPOSTOS;0,00
PREFEITURA MUNICIPAL DE BARBACENA;30.001;SESP;2.672;MANUTENÇÃO DO TERMINAL RODOVIÁRIO DE BARBACENA;11;APOIO A ADMINISTRAÇAO PUBLICA;15;Urbanismo;452;Serviços Urbanos;652;3.3.90.36.00.00.00.00;OUTROS SERVIÇOS DE TERCEIROS - PESSOA FÍSICA;1.500.000.0000;RECURSOS NÃO VINCULADOS DE IMPOSTOS;1.000,00
PREFEITURA MUNICIPAL DE BARBACENA;30.001;SESP;2.672;MANUTENÇÃO DO TERMINAL RODOVIÁRIO DE BARBACENA;11;APOIO A ADMINISTRAÇAO PUBLICA;15;Urbanismo;452;Serviços Urbanos;653;3.3.90.39.00.00.00.00;OUTROS SERVIÇOS DE TERCEIROS - PESSOA JURÍDICA;1.500.000.0000;RECURSOS NÃO VINCULADOS DE IMPOSTOS;539.874,61
PREFEITURA MUNICIPAL DE BARBACENA;30.001;SESP;2.672;MANUTENÇÃO DO TERMINAL RODOVIÁRIO DE BARBACENA;11;APOIO A ADMINISTRAÇAO PUBLICA;15;Urbanismo;452;Serviços Urbanos;653;3.3.90.39.00.00.00.00;OUTROS SERVIÇOS DE TERCEIROS - PESSOA JURÍDICA;1.501.000.0000;OUTROS RECURSOS NÃO VINCULADOS;0,00
PREFEITURA MUNICIPAL DE BARBACENA;30.001;SESP;2.672;MANUTENÇÃO DO TERMINAL RODOVIÁRIO DE BARBACENA;11;APOIO A ADMINISTRAÇAO PUBLICA;15;Urbanismo;452;Serviços Urbanos;654;3.3.90.40.00.00.00.00;SERVIÇOS DE TECNOLOGIA DA INFORMAÇÃO E COMUNICAÇ;1.500.000.0000;RECURSOS NÃO VINCULADOS DE IMPOSTOS;1.000,00
PREFEITURA MUNICIPAL DE BARBACENA;30.001;SESP;2.672;MANUTENÇÃO DO TERMINAL RODOVIÁRIO DE BARBACENA;11;APOIO A ADMINISTRAÇAO PUBLICA;15;Urbanismo;452;Serviços Urbanos;655;3.3.90.46.00.00.00.00;AUXÍLIO-ALIMENTAÇÃO;1.500.000.0000;RECURSOS NÃO VINCULADOS DE IMPOSTOS;173.020,00
PREFEITURA MUNICIPAL DE BARBACENA;30.001;SESP;2.672;MANUTENÇÃO DO TERMINAL RODOVIÁRIO DE BARBACENA;11;APOIO A ADMINISTRAÇAO PUBLICA;15;Urbanismo;452;Serviços Urbanos;656;3.3.90.47.00.00.00.00;OBRIGAÇÕES TRIBUTÁRIAS E CONTRIBUTIVAS;1.500.000.0000;RECURSOS NÃO VINCULADOS DE IMPOSTOS;1.000,00
PREFEITURA MUNICIPAL DE BARBACENA;30.001;SESP;2.672;MANUTENÇÃO DO TERMINAL RODOVIÁRIO DE BARBACENA;11;APOIO A ADMINISTRAÇAO PUBLICA;15;Urbanismo;452;Serviços Urbanos;657;3.3.90.92.00.00.00.00;DESPESAS DE EXERCÍCIOS ANTERIORES;1.500.000.0000;RECURSOS NÃO VINCULADOS DE IMPOSTOS;447,85
PREFEITURA MUNICIPAL DE BARBACENA;30.001;SESP;2.672;MANUTENÇÃO DO TERMINAL RODOVIÁRIO DE BARBACENA;11;APOIO A ADMINISTRAÇAO PUBLICA;15;Urbanismo;452;Serviços Urbanos;658;4.4.90.52.00.00.00.00;EQUIPAMENTOS E MATERIAL PERMANENTE;1.500.000.0000;RECURSOS NÃO VINCULADOS DE IMPOSTOS;1.000,00
PREFEITURA MUNICIPAL DE BARBACENA;30.001;SESP;2.672;MANUTENÇÃO DO TERMINAL RODOVIÁRIO DE BARBACENA;11;APOIO A ADMINISTRAÇAO PUBLICA;15;Urbanismo;452;Serviços Urbanos;658;4.4.90.52.00.00.00.00;EQUIPAMENTOS E MATERIAL PERMANENTE;1.501.000.0000;OUTROS RECURSOS NÃO VINCULADOS;2.000,00
PREFEITURA MUNICIPAL DE BARBACENA;30.001;SESP;1.036;MANUTENÇÃO NA INFRAESTRUTURA URBANA;17;INFRAESTRUTURA URBANA E RURAL;15;Urbanismo;452;Serviços Urbanos;659;3.3.90.30.00.00.00.00;MATERIAL DE CONSUMO;1.500.000.0000;RECURSOS NÃO VINCULADOS DE IMPOSTOS;0,00
PREFEITURA MUNICIPAL DE BARBACENA;30.001;SESP;1.036;MANUTENÇÃO NA INFRAESTRUTURA URBANA;17;INFRAESTRUTURA URBANA E RURAL;15;Urbanismo;452;Serviços Urbanos;660;4.4.90.51.00.00.00.00;OBRAS E INSTALAÇÕES;1.500.000.0000;RECURSOS NÃO VINCULADOS DE IMPOSTOS;200.000,00
PREFEITURA MUNICIPAL DE BARBACENA;30.001;SESP;1.036;MANUTENÇÃO NA INFRAESTRUTURA URBANA;17;INFRAESTRUTURA URBANA E RURAL;15;Urbanismo;452;Serviços Urbanos;660;4.4.90.51.00.00.00.00;OBRAS E INSTALAÇÕES;1.501.000.0000;OUTROS RECURSOS NÃO VINCULADOS;200.000,00
PREFEITURA MUNICIPAL DE BARBACENA;30.001;SESP;1.036;MANUTENÇÃO NA INFRAESTRUTURA URBANA;17;INFRAESTRUTURA URBANA E RURAL;15;Urbanismo;452;Serviços Urbanos;660;4.4.90.51.00.00.00.00;OBRAS E INSTALAÇÕES;1.753.000.0000;RECURSOS PROVENIENTES DE TAXAS, CONTRIBUIÇÕES E PREÇOS PÚBLICOS;200.000,00
PREFEITURA MUNICIPAL DE BARBACENA;30.001;SESP;1.036;MANUTENÇÃO NA INFRAESTRUTURA URBANA;17;INFRAESTRUTURA URBANA E RURAL;15;Urbanismo;452;Serviços Urbanos;661;4.4.90.52.00.00.00.00;EQUIPAMENTOS E MATERIAL PERMANENTE;1.500.000.0000;RECURSOS NÃO VINCULADOS DE IMPOSTOS;0,00
PREFEITURA MUNICIPAL DE BARBACENA;30.001;SESP;1.044;MANUTENÇÃO NA INFRAESTRUTURA RURAL;17;INFRAESTRUTURA URBANA E RURAL;15;Urbanismo;452;Serviços Urbanos;662;3.3.90.30.00.00.00.00;MATERIAL DE CONSUMO;1.500.000.0000;RECURSOS NÃO VINCULADOS DE IMPOSTOS;0,00
PREFEITURA MUNICIPAL DE BARBACENA;30.001;SESP;1.044;MANUTENÇÃO NA INFRAESTRUTURA RURAL;17;INFRAESTRUTURA URBANA E RURAL;15;Urbanismo;452;Serviços Urbanos;663;3.3.90.39.00.00.00.00;OUTROS SERVIÇOS DE TERCEIROS - PESSOA JURÍDICA;1.500.000.0000;RECURSOS NÃO VINCULADOS DE IMPOSTOS;0,00
PREFEITURA MUNICIPAL DE BARBACENA;30.001;SESP;1.044;MANUTENÇÃO NA INFRAESTRUTURA RURAL;17;INFRAESTRUTURA URBANA E RURAL;15;Urbanismo;452;Serviços Urbanos;663;3.3.90.39.00.00.00.00;OUTROS SERVIÇOS DE TERCEIROS - PESSOA JURÍDICA;1.753.000.0000;RECURSOS PROVENIENTES DE TAXAS, CONTRIBUIÇÕES E PREÇOS PÚBLICOS;25.000,00
PREFEITURA MUNICIPAL DE BARBACENA;30.001;SESP;1.044;MANUTENÇÃO NA INFRAESTRUTURA RURAL;17;INFRAESTRUTURA URBANA E RURAL;15;Urbanismo;452;Serviços Urbanos;664;4.4.90.51.00.00.00.00;OBRAS E INSTALAÇÕES;1.500.000.0000;RECURSOS NÃO VINCULADOS DE IMPOSTOS;0,00
PREFEITURA MUNICIPAL DE BARBACENA;30.001;SESP;1.044;MANUTENÇÃO NA INFRAESTRUTURA RURAL;17;INFRAESTRUTURA URBANA E RURAL;15;Urbanismo;452;Serviços Urbanos;665;4.4.90.52.00.00.00.00;EQUIPAMENTOS E MATERIAL PERMANENTE;1.500.000.0000;RECURSOS NÃO VINCULADOS DE IMPOSTOS;0,00
PREFEITURA MUNICIPAL DE BARBACENA;30.001;SESP;2.117;MANUTENÇAO E CONSERVAÇAO DE CEMITERIOS;17;INFRAESTRUTURA URBANA E RURAL;15;Urbanismo;452;Serviços Urbanos;666;3.1.90.04.00.00.00.00;CONTRATAÇÃO POR TEMPO DETERMINADO;1.500.000.0000;RECURSOS NÃO VINCULADOS DE IMPOSTOS;380.100,63
PREFEITURA MUNICIPAL DE BARBACENA;30.001;SESP;2.117;MANUTENÇAO E CONSERVAÇAO DE CEMITERIOS;17;INFRAESTRUTURA URBANA E RURAL;15;Urbanismo;452;Serviços Urbanos;667;3.1.90.11.00.00.00.00;VENCIMENTOS E VANTAGENS FIXAS - PESSOAL CIVIL;1.500.000.0000;RECURSOS NÃO VINCULADOS DE IMPOSTOS;299.570,90
PREFEITURA MUNICIPAL DE BARBACENA;30.001;SESP;2.117;MANUTENÇAO E CONSERVAÇAO DE CEMITERIOS;17;INFRAESTRUTURA URBANA E RURAL;15;Urbanismo;452;Serviços Urbanos;668;3.1.90.13.00.00.00.00;OBRIGAÇÕES PATRONAIS;1.500.000.0000;RECURSOS NÃO VINCULADOS DE IMPOSTOS;5.015,39
PREFEITURA MUNICIPAL DE BARBACENA;30.001;SESP;2.117;MANUTENÇAO E CONSERVAÇAO DE CEMITERIOS;17;INFRAESTRUTURA URBANA E RURAL;15;Urbanismo;452;Serviços Urbanos;669;3.1.91.13.00.00.00.00;OBRIGAÇÕES PATRONAIS;1.500.000.0000;RECURSOS NÃO VINCULADOS DE IMPOSTOS;74.265,17
PREFEITURA MUNICIPAL DE BARBACENA;30.001;SESP;2.117;MANUTENÇAO E CONSERVAÇAO DE CEMITERIOS;17;INFRAESTRUTURA URBANA E RURAL;15;Urbanismo;452;Serviços Urbanos;670;3.3.90.18.00.00.00.00;AUXÍLIO FINANCEIRO A ESTUDANTES;1.500.000.0000;RECURSOS NÃO VINCULADOS DE IMPOSTOS;1.000,00
PREFEITURA MUNICIPAL DE BARBACENA;30.001;SESP;2.117;MANUTENÇAO E CONSERVAÇAO DE CEMITERIOS;17;INFRAESTRUTURA URBANA E RURAL;15;Urbanismo;452;Serviços Urbanos;671;3.3.90.30.00.00.00.00;MATERIAL DE CONSUMO;1.500.000.0000;RECURSOS NÃO VINCULADOS DE IMPOSTOS;368,00
PREFEITURA MUNICIPAL DE BARBACENA;30.001;SESP;2.117;MANUTENÇAO E CONSERVAÇAO DE CEMITERIOS;17;INFRAESTRUTURA URBANA E RURAL;15;Urbanismo;452;Serviços Urbanos;672;3.3.90.39.00.00.00.00;OUTROS SERVIÇOS DE TERCEIROS - PESSOA JURÍDICA;1.500.000.0000;RECURSOS NÃO VINCULADOS DE IMPOSTOS;0,00
PREFEITURA MUNICIPAL DE BARBACENA;30.001;SESP;2.117;MANUTENÇAO E CONSERVAÇAO DE CEMITERIOS;17;INFRAESTRUTURA URBANA E RURAL;15;Urbanismo;452;Serviços Urbanos;673;3.3.90.46.00.00.00.00;AUXÍLIO-ALIMENTAÇÃO;1.500.000.0000;RECURSOS NÃO VINCULADOS DE IMPOSTOS;136.080,00
PREFEITURA MUNICIPAL DE BARBACENA;30.001;SESP;2.117;MANUTENÇAO E CONSERVAÇAO DE CEMITERIOS;17;INFRAESTRUTURA URBANA E RURAL;15;Urbanismo;452;Serviços Urbanos;674;4.4.90.52.00.00.00.00;EQUIPAMENTOS E MATERIAL PERMANENTE;1.500.000.0000;RECURSOS NÃO VINCULADOS DE IMPOSTOS;500,00
PREFEITURA MUNICIPAL DE BARBACENA;30.001;SESP;2.422;MANUTENÇÃO DE PRÉDIOS PÚBLICOS;17;INFRAESTRUTURA URBANA E RURAL;15;Urbanismo;452;Serviços Urbanos;675;3.3.90.30.00.00.00.00;MATERIAL DE CONSUMO;1.500.000.0000;RECURSOS NÃO VINCULADOS DE IMPOSTOS;0,00
PREFEITURA MUNICIPAL DE BARBACENA;30.001;SESP;2.422;MANUTENÇÃO DE PRÉDIOS PÚBLICOS;17;INFRAESTRUTURA URBANA E RURAL;15;Urbanismo;452;Serviços Urbanos;675;3.3.90.30.00.00.00.00;MATERIAL DE CONSUMO;1.753.000.0000;RECURSOS PROVENIENTES DE TAXAS, CONTRIBUIÇÕES E PREÇOS PÚBLICOS;46.600,00
PREFEITURA MUNICIPAL DE BARBACENA;30.001;SESP;2.422;MANUTENÇÃO DE PRÉDIOS PÚBLICOS;17;INFRAESTRUTURA URBANA E RURAL;15;Urbanismo;452;Serviços Urbanos;676;3.3.90.39.00.00.00.00;OUTROS SERVIÇOS DE TERCEIROS - PESSOA JURÍDICA;1.500.000.0000;RECURSOS NÃO VINCULADOS DE IMPOSTOS;0,00
PREFEITURA MUNICIPAL DE BARBACENA;30.001;SESP;2.422;MANUTENÇÃO DE PRÉDIOS PÚBLICOS;17;INFRAESTRUTURA URBANA E RURAL;15;Urbanismo;452;Serviços Urbanos;677;4.4.90.51.00.00.00.00;OBRAS E INSTALAÇÕES;1.753.000.0000;RECURSOS PROVENIENTES DE TAXAS, CONTRIBUIÇÕES E PREÇOS PÚBLICOS;80.000,00
PREFEITURA MUNICIPAL DE BARBACENA;30.001;SESP;2.423;MANUTENÇÃO DE PRAÇAS E PARQUES;17;INFRAESTRUTURA URBANA E RURAL;15;Urbanismo;452;Serviços Urbanos;678;3.3.90.30.00.00.00.00;MATERIAL DE CONSUMO;1.500.000.0000;RECURSOS NÃO VINCULADOS DE IMPOSTOS;0,00
PREFEITURA MUNICIPAL DE BARBACENA;30.001;SESP;2.423;MANUTENÇÃO DE PRAÇAS E PARQUES;17;INFRAESTRUTURA URBANA E RURAL;15;Urbanismo;452;Serviços Urbanos;679;3.3.90.39.00.00.00.00;OUTROS SERVIÇOS DE TERCEIROS - PESSOA JURÍDICA;1.500.000.0000;RECURSOS NÃO VINCULADOS DE IMPOSTOS;0,00
PREFEITURA MUNICIPAL DE BARBACENA;30.001;SESP;2.423;MANUTENÇÃO DE PRAÇAS E PARQUES;17;INFRAESTRUTURA URBANA E RURAL;15;Urbanismo;452;Serviços Urbanos;679;3.3.90.39.00.00.00.00;OUTROS SERVIÇOS DE TERCEIROS - PESSOA JURÍDICA;1.700.000.0000;OUTRAS TRANSFERÊNCIAS DE CONVÊNIOS OU INSTRUMENTOS CONGÊNERES DA UNIÃO;50.000,00
PREFEITURA MUNICIPAL DE BARBACENA;30.001;SESP;2.423;MANUTENÇÃO DE PRAÇAS E PARQUES;17;INFRAESTRUTURA URBANA E RURAL;15;Urbanismo;452;Serviços Urbanos;680;4.4.90.51.00.00.00.00;OBRAS E INSTALAÇÕES;1.500.000.0000;RECURSOS NÃO VINCULADOS DE IMPOSTOS;0,00
PREFEITURA MUNICIPAL DE BARBACENA;30.001;SESP;2.423;MANUTENÇÃO DE PRAÇAS E PARQUES;17;INFRAESTRUTURA URBANA E RURAL;15;Urbanismo;452;Serviços Urbanos;680;4.4.90.51.00.00.00.00;OBRAS E INSTALAÇÕES;1.753.000.0000;RECURSOS PROVENIENTES DE TAXAS, CONTRIBUIÇÕES E PREÇOS PÚBLICOS;185.000,00
PREFEITURA MUNICIPAL DE BARBACENA;30.001;SESP;2.161;MANUTENÇAO DAS ATIVIDADES DE LIMPEZA URBANA E DESTINAÇAO FINAL DE RESIDUOS;18;MEIO AMBIENTE E SANEAMENTO BASICO;17;Saneamento;452;Serviços Urbanos;688;3.3.67.83.00.00.00.00;DESPESAS DECORRENTES DE CONTRATO DE PARCERIA PÚB.;1.753.000.0000;RECURSOS PROVENIENTES DE TAXAS, CONTRIBUIÇÕES E PREÇOS PÚBLICOS;1.000,00
PREFEITURA MUNICIPAL DE BARBACENA;30.001;SESP;2.161;MANUTENÇAO DAS ATIVIDADES DE LIMPEZA URBANA E DESTINAÇAO FINAL DE RESIDUOS;18;MEIO AMBIENTE E SANEAMENTO BASICO;17;Saneamento;452;Serviços Urbanos;689;3.3.90.30.00.00.00.00;MATERIAL DE CONSUMO;1.500.000.0000;RECURSOS NÃO VINCULADOS DE IMPOSTOS;0,00
PREFEITURA MUNICIPAL DE BARBACENA;30.001;SESP;2.161;MANUTENÇAO DAS ATIVIDADES DE LIMPEZA URBANA E DESTINAÇAO FINAL DE RESIDUOS;18;MEIO AMBIENTE E SANEAMENTO BASICO;17;Saneamento;452;Serviços Urbanos;689;3.3.90.30.00.00.00.00;MATERIAL DE CONSUMO;1.753.000.0000;RECURSOS PROVENIENTES DE TAXAS, CONTRIBUIÇÕES E PREÇOS PÚBLICOS;495.125,00
PREFEITURA MUNICIPAL DE BARBACENA;30.001;SESP;2.161;MANUTENÇAO DAS ATIVIDADES DE LIMPEZA URBANA E DESTINAÇAO FINAL DE RESIDUOS;18;MEIO AMBIENTE E SANEAMENTO BASICO;17;Saneamento;452;Serviços Urbanos;690;3.3.90.39.00.00.00.00;OUTROS SERVIÇOS DE TERCEIROS - PESSOA JURÍDICA;1.500.000.0000;RECURSOS NÃO VINCULADOS DE IMPOSTOS;0,00
PREFEITURA MUNICIPAL DE BARBACENA;30.001;SESP;2.161;MANUTENÇAO DAS ATIVIDADES DE LIMPEZA URBANA E DESTINAÇAO FINAL DE RESIDUOS;18;MEIO AMBIENTE E SANEAMENTO BASICO;17;Saneamento;452;Serviços Urbanos;690;3.3.90.39.00.00.00.00;OUTROS SERVIÇOS DE TERCEIROS - PESSOA JURÍDICA;1.704.000.0000;TRANSFERÊNCIAS DA UNIÃO REFERENTES A COMPENSAÇÕES FINANCEIRAS PELA EXPLORAÇÃO DE RECURSOS NATURAIS;6.528.326,57
PREFEITURA MUNICIPAL DE BARBACENA;30.001;SESP;2.161;MANUTENÇAO DAS ATIVIDADES DE LIMPEZA URBANA E DESTINAÇAO FINAL DE RESIDUOS;18;MEIO AMBIENTE E SANEAMENTO BASICO;17;Saneamento;452;Serviços Urbanos;690;3.3.90.39.00.00.00.00;OUTROS SERVIÇOS DE TERCEIROS - PESSOA JURÍDICA;1.720.000.0000;TRANSFERÊNCIA DA UNIÃO REFERENTES ÀS PARTICIPAÇÕES NA EXPLORAÇÃO DE PETRÓLEO E GÁS NATURAL DESTINADAS AO FEP - LEI 9.478/1997;2.116.571,45
PREFEITURA MUNICIPAL DE BARBACENA;30.001;SESP;2.161;MANUTENÇAO DAS ATIVIDADES DE LIMPEZA URBANA E DESTINAÇAO FINAL DE RESIDUOS;18;MEIO AMBIENTE E SANEAMENTO BASICO;17;Saneamento;452;Serviços Urbanos;690;3.3.90.39.00.00.00.00;OUTROS SERVIÇOS DE TERCEIROS - PESSOA JURÍDICA;1.753.000.0000;RECURSOS PROVENIENTES DE TAXAS, CONTRIBUIÇÕES E PREÇOS PÚBLICOS;4.370.398,01
PREFEITURA MUNICIPAL DE BARBACENA;30.001;SESP;2.161;MANUTENÇAO DAS ATIVIDADES DE LIMPEZA URBANA E DESTINAÇAO FINAL DE RESIDUOS;18;MEIO AMBIENTE E SANEAMENTO BASICO;17;Saneamento;452;Serviços Urbanos;691;3.3.90.92.00.00.00.00;DESPESAS DE EXERCÍCIOS ANTERIORES;1.500.000.0000;RECURSOS NÃO VINCULADOS DE IMPOSTOS;1.000,00
PREFEITURA MUNICIPAL DE BARBACENA;30.001;SESP;2.161;MANUTENÇAO DAS ATIVIDADES DE LIMPEZA URBANA E DESTINAÇAO FINAL DE RESIDUOS;18;MEIO AMBIENTE E SANEAMENTO BASICO;17;Saneamento;452;Serviços Urbanos;691;3.3.90.92.00.00.00.00;DESPESAS DE EXERCÍCIOS ANTERIORES;1.753.000.0000;RECURSOS PROVENIENTES DE TAXAS, CONTRIBUIÇÕES E PREÇOS PÚBLICOS;1.000,00
PREFEITURA MUNICIPAL DE BARBACENA;30.001;SESP;2.161;MANUTENÇAO DAS ATIVIDADES DE LIMPEZA URBANA E DESTINAÇAO FINAL DE RESIDUOS;18;MEIO AMBIENTE E SANEAMENTO BASICO;17;Saneamento;452;Serviços Urbanos;691;3.3.90.92.00.00.00.00;DESPESAS DE EXERCÍCIOS ANTERIORES;2.753.000.0000;RECURSOS PROVENIENTES DE TAXAS, CONTRIBUIÇÕES E PREÇOS PÚBLICOS;342.316,71
PREFEITURA MUNICIPAL DE BARBACENA;30.001;SESP;2.161;MANUTENÇAO DAS ATIVIDADES DE LIMPEZA URBANA E DESTINAÇAO FINAL DE RESIDUOS;18;MEIO AMBIENTE E SANEAMENTO BASICO;17;Saneamento;452;Serviços Urbanos;692;3.3.90.93.00.00.00.00;INDENIZAÇÕES E RESTITUIÇÕES;1.500.000.0000;RECURSOS NÃO VINCULADOS DE IMPOSTOS;150.000,00
PREFEITURA MUNICIPAL DE BARBACENA;30.001;SESP;2.161;MANUTENÇAO DAS ATIVIDADES DE LIMPEZA URBANA E DESTINAÇAO FINAL DE RESIDUOS;18;MEIO AMBIENTE E SANEAMENTO BASICO;17;Saneamento;452;Serviços Urbanos;692;3.3.90.93.00.00.00.00;INDENIZAÇÕES E RESTITUIÇÕES;1.753.000.0000;RECURSOS PROVENIENTES DE TAXAS, CONTRIBUIÇÕES E PREÇOS PÚBLICOS;282.660,52
PREFEITURA MUNICIPAL DE BARBACENA;30.001;SESP;2.161;MANUTENÇAO DAS ATIVIDADES DE LIMPEZA URBANA E DESTINAÇAO FINAL DE RESIDUOS;18;MEIO AMBIENTE E SANEAMENTO BASICO;17;Saneamento;452;Serviços Urbanos;693;4.4.90.52.00.00.00.00;EQUIPAMENTOS E MATERIAL PERMANENTE;1.500.000.0000;RECURSOS NÃO VINCULADOS DE IMPOSTOS;1.000,00
PREFEITURA MUNICIPAL DE BARBACENA;30.001;SESP;2.161;MANUTENÇAO DAS ATIVIDADES DE LIMPEZA URBANA E DESTINAÇAO FINAL DE RESIDUOS;18;MEIO AMBIENTE E SANEAMENTO BASICO;17;Saneamento;452;Serviços Urbanos;693;4.4.90.52.00.00.00.00;EQUIPAMENTOS E MATERIAL PERMANENTE;1.753.000.0000;RECURSOS PROVENIENTES DE TAXAS, CONTRIBUIÇÕES E PREÇOS PÚBLICOS;1.000,00
PREFEITURA MUNICIPAL DE BARBACENA;30.001;SESP;1.028;OBRAS DE AMPLIAÇAO E MELHORIA DA REDE DE ILUMINAÇAO PUBLICA;20;ILUMINAÇAO PUBLICA;25;Energia;752;Energia Elétrica;694;4.4.90.51.00.00.00.00;OBRAS E INSTALAÇÕES;1.751.000.0000;RECURSOS DA CONTRIBUIÇÃO PARA O CUSTEIO DO SERVIÇO DE ILUMINAÇÃO PÚBLICA - COSIP;1.531.163,56
PREFEITURA MUNICIPAL DE BARBACENA;30.001;SESP;1.028;OBRAS DE AMPLIAÇAO E MELHORIA DA REDE DE ILUMINAÇAO PUBLICA;20;ILUMINAÇAO PUBLICA;25;Energia;752;Energia Elétrica;694;4.4.90.51.00.00.00.00;OBRAS E INSTALAÇÕES;2.751.000.0000;RECURSOS DA CONTRIBUIÇÃO PARA O CUSTEIO DO SERVIÇO DE ILUMINAÇÃO PÚBLICA - COSIP;5.017.789,59
PREFEITURA MUNICIPAL DE BARBACENA;30.001;SESP;2.104;MANUTENÇAO DA REDE DE ILUMINAÇAO PUBLICA;20;ILUMINAÇAO PUBLICA;25;Energia;752;Energia Elétrica;695;3.3.67.83.00.00.00.00;DESPESAS DECORRENTES DE CONTRATO DE PARCERIA PÚB.;1.751.000.0000;RECURSOS DA CONTRIBUIÇÃO PARA O CUSTEIO DO SERVIÇO DE ILUMINAÇÃO PÚBLICA - COSIP;4.961.019,84
PREFEITURA MUNICIPAL DE BARBACENA;30.001;SESP;2.104;MANUTENÇAO DA REDE DE ILUMINAÇAO PUBLICA;20;ILUMINAÇAO PUBLICA;25;Energia;752;Energia Elétrica;696;3.3.90.39.00.00.00.00;OUTROS SERVIÇOS DE TERCEIROS - PESSOA JURÍDICA;1.751.000.0000;RECURSOS DA CONTRIBUIÇÃO PARA O CUSTEIO DO SERVIÇO DE ILUMINAÇÃO PÚBLICA - COSIP;5.160.000,00
PREFEITURA MUNICIPAL DE BARBACENA;30.001;SESP;2.104;MANUTENÇAO DA REDE DE ILUMINAÇAO PUBLICA;20;ILUMINAÇAO PUBLICA;25;Energia;752;Energia Elétrica;697;3.3.90.47.00.00.00.00;OBRIGAÇÕES TRIBUTÁRIAS E CONTRIBUTIVAS;1.751.000.0000;RECURSOS DA CONTRIBUIÇÃO PARA O CUSTEIO DO SERVIÇO DE ILUMINAÇÃO PÚBLICA - COSIP;10.000,00
PREFEITURA MUNICIPAL DE BARBACENA;30.001;SESP;2.745;ATUALIZAÇÃO DAS INFORMAÇÕES DO CADASTRO DE PATRIMÔNIO MÓVEL E IMÓVEL;26;MODERNIZAÇÃO DA ADMINISTRAÇÃO PÚBLICA;15;Urbanismo;452;Serviços Urbanos;681;3.3.90.30.00.00.00.00;MATERIAL DE CONSUMO;1.500.000.0000;RECURSOS NÃO VINCULADOS DE IMPOSTOS;1.500,00
PREFEITURA MUNICIPAL DE BARBACENA;30.001;SESP;2.745;ATUALIZAÇÃO DAS INFORMAÇÕES DO CADASTRO DE PATRIMÔNIO MÓVEL E IMÓVEL;26;MODERNIZAÇÃO DA ADMINISTRAÇÃO PÚBLICA;15;Urbanismo;452;Serviços Urbanos;682;3.3.90.36.00.00.00.00;OUTROS SERVIÇOS DE TERCEIROS - PESSOA FÍSICA;1.500.000.0000;RECURSOS NÃO VINCULADOS DE IMPOSTOS;0,00
PREFEITURA MUNICIPAL DE BARBACENA;30.001;SESP;2.745;ATUALIZAÇÃO DAS INFORMAÇÕES DO CADASTRO DE PATRIMÔNIO MÓVEL E IMÓVEL;26;MODERNIZAÇÃO DA ADMINISTRAÇÃO PÚBLICA;15;Urbanismo;452;Serviços Urbanos;683;3.3.90.39.00.00.00.00;OUTROS SERVIÇOS DE TERCEIROS - PESSOA JURÍDICA;1.500.000.0000;RECURSOS NÃO VINCULADOS DE IMPOSTOS;1.500,00
PREFEITURA MUNICIPAL DE BARBACENA;30.001;SESP;2.745;ATUALIZAÇÃO DAS INFORMAÇÕES DO CADASTRO DE PATRIMÔNIO MÓVEL E IMÓVEL;26;MODERNIZAÇÃO DA ADMINISTRAÇÃO PÚBLICA;15;Urbanismo;452;Serviços Urbanos;684;4.4.90.52.00.00.00.00;EQUIPAMENTOS E MATERIAL PERMANENTE;1.500.000.0000;RECURSOS NÃO VINCULADOS DE IMPOSTOS;0,00
PREFEITURA MUNICIPAL DE BARBACENA;30.001;SESP;1.030;MANUTENCAO, RECUPERACAO E MELHORIAS DE VIAS PUBLICAS;27;MOBILIDADE URBANA;15;Urbanismo;452;Serviços Urbanos;685;3.3.90.30.00.00.00.00;MATERIAL DE CONSUMO;1.500.000.0000;RECURSOS NÃO VINCULADOS DE IMPOSTOS;375,15
PREFEITURA MUNICIPAL DE BARBACENA;30.001;SESP;1.030;MANUTENCAO, RECUPERACAO E MELHORIAS DE VIAS PUBLICAS;27;MOBILIDADE URBANA;15;Urbanismo;452;Serviços Urbanos;686;3.3.90.39.00.00.00.00;OUTROS SERVIÇOS DE TERCEIROS - PESSOA JURÍDICA;1.500.000.0000;RECURSOS NÃO VINCULADOS DE IMPOSTOS;0,00
PREFEITURA MUNICIPAL DE BARBACENA;30.001;SESP;1.030;MANUTENCAO, RECUPERACAO E MELHORIAS DE VIAS PUBLICAS;27;MOBILIDADE URBANA;15;Urbanismo;452;Serviços Urbanos;687;4.4.90.51.00.00.00.00;OBRAS E INSTALAÇÕES;1.500.000.0000;RECURSOS NÃO VINCULADOS DE IMPOSTOS;1.629,44
PREFEITURA MUNICIPAL DE BARBACENA;30.001;SESP;1.030;MANUTENCAO, RECUPERACAO E MELHORIAS DE VIAS PUBLICAS;27;MOBILIDADE URBANA;15;Urbanismo;452;Serviços Urbanos;687;4.4.90.51.00.00.00.00;OBRAS E INSTALAÇÕES;1.753.000.0000;RECURSOS PROVENIENTES DE TAXAS, CONTRIBUIÇÕES E PREÇOS PÚBLICOS;2.393.876,00
PREFEITURA MUNICIPAL DE BARBACENA;30.001;SESP;1.030;MANUTENCAO, RECUPERACAO E MELHORIAS DE VIAS PUBLICAS;27;MOBILIDADE URBANA;15;Urbanismo;452;Serviços Urbanos;687;4.4.90.51.00.00.00.00;OBRAS E INSTALAÇÕES;2.753.000.0000;RECURSOS PROVENIENTES DE TAXAS, CONTRIBUIÇÕES E PREÇOS PÚBLICOS;200.000,00
PREFEITURA MUNICIPAL DE BARBACENA;31.001;SEMMA;2.121;MANUTENÇÃO DA SEMMA;11;APOIO A ADMINISTRAÇAO PUBLICA;18;Gestão Ambiental;122;Administração Geral;698;3.3.90.14.00.00.00.00;DIÁRIAS - PESSOAL CIVIL;1.500.000.0000;RECURSOS NÃO VINCULADOS DE IMPOSTOS;5.000,00
PREFEITURA MUNICIPAL DE BARBACENA;31.001;SEMMA;2.121;MANUTENÇÃO DA SEMMA;11;APOIO A ADMINISTRAÇAO PUBLICA;18;Gestão Ambiental;122;Administração Geral;699;3.3.90.30.00.00.00.00;MATERIAL DE CONSUMO;1.500.000.0000;RECURSOS NÃO VINCULADOS DE IMPOSTOS;15.000,00
PREFEITURA MUNICIPAL DE BARBACENA;31.001;SEMMA;2.121;MANUTENÇÃO DA SEMMA;11;APOIO A ADMINISTRAÇAO PUBLICA;18;Gestão Ambiental;122;Administração Geral;700;3.3.90.33.00.00.00.00;PASSAGENS E DESPESAS COM LOCOMOÇÃO;1.500.000.0000;RECURSOS NÃO VINCULADOS DE IMPOSTOS;500,00
PREFEITURA MUNICIPAL DE BARBACENA;31.001;SEMMA;2.121;MANUTENÇÃO DA SEMMA;11;APOIO A ADMINISTRAÇAO PUBLICA;18;Gestão Ambiental;122;Administração Geral;701;3.3.90.35.00.00.00.00;SERVIÇOS DE CONSULTORIA;1.500.000.0000;RECURSOS NÃO VINCULADOS DE IMPOSTOS;500,00
PREFEITURA MUNICIPAL DE BARBACENA;31.001;SEMMA;2.121;MANUTENÇÃO DA SEMMA;11;APOIO A ADMINISTRAÇAO PUBLICA;18;Gestão Ambiental;122;Administração Geral;702;3.3.90.36.00.00.00.00;OUTROS SERVIÇOS DE TERCEIROS - PESSOA FÍSICA;1.500.000.0000;RECURSOS NÃO VINCULADOS DE IMPOSTOS;25.000,00
PREFEITURA MUNICIPAL DE BARBACENA;31.001;SEMMA;2.121;MANUTENÇÃO DA SEMMA;11;APOIO A ADMINISTRAÇAO PUBLICA;18;Gestão Ambiental;122;Administração Geral;703;3.3.90.39.00.00.00.00;OUTROS SERVIÇOS DE TERCEIROS - PESSOA JURÍDICA;1.500.000.0000;RECURSOS NÃO VINCULADOS DE IMPOSTOS;15.000,00
PREFEITURA MUNICIPAL DE BARBACENA;31.001;SEMMA;2.121;MANUTENÇÃO DA SEMMA;11;APOIO A ADMINISTRAÇAO PUBLICA;18;Gestão Ambiental;122;Administração Geral;704;3.3.90.40.00.00.00.00;SERVIÇOS DE TECNOLOGIA DA INFORMAÇÃO E COMUNICAÇ;1.500.000.0000;RECURSOS NÃO VINCULADOS DE IMPOSTOS;1.500,00
PREFEITURA MUNICIPAL DE BARBACENA;31.001;SEMMA;2.121;MANUTENÇÃO DA SEMMA;11;APOIO A ADMINISTRAÇAO PUBLICA;18;Gestão Ambiental;122;Administração Geral;705;3.3.90.47.00.00.00.00;OBRIGAÇÕES TRIBUTÁRIAS E CONTRIBUTIVAS;1.500.000.0000;RECURSOS NÃO VINCULADOS DE IMPOSTOS;500,00
PREFEITURA MUNICIPAL DE BARBACENA;31.001;SEMMA;2.121;MANUTENÇÃO DA SEMMA;11;APOIO A ADMINISTRAÇAO PUBLICA;18;Gestão Ambiental;122;Administração Geral;706;3.3.90.48.00.00.00.00;OUTROS AUXÍLIOS FINANCEIROS A PESSOAS FÍSICAS;1.500.000.0000;RECURSOS NÃO VINCULADOS DE IMPOSTOS;500,00
PREFEITURA MUNICIPAL DE BARBACENA;31.001;SEMMA;2.121;MANUTENÇÃO DA SEMMA;11;APOIO A ADMINISTRAÇAO PUBLICA;18;Gestão Ambiental;122;Administração Geral;707;3.3.90.49.00.00.00.00;AUXÍLIO-TRANSPORTE;1.500.000.0000;RECURSOS NÃO VINCULADOS DE IMPOSTOS;230,67
PREFEITURA MUNICIPAL DE BARBACENA;31.001;SEMMA;2.121;MANUTENÇÃO DA SEMMA;11;APOIO A ADMINISTRAÇAO PUBLICA;18;Gestão Ambiental;122;Administração Geral;708;3.3.90.93.00.00.00.00;INDENIZAÇÕES E RESTITUIÇÕES;1.500.000.0000;RECURSOS NÃO VINCULADOS DE IMPOSTOS;500,00
PREFEITURA MUNICIPAL DE BARBACENA;31.001;SEMMA;2.121;MANUTENÇÃO DA SEMMA;11;APOIO A ADMINISTRAÇAO PUBLICA;18;Gestão Ambiental;122;Administração Geral;709;4.4.90.52.00.00.00.00;EQUIPAMENTOS E MATERIAL PERMANENTE;1.500.000.0000;RECURSOS NÃO VINCULADOS DE IMPOSTOS;500,00
PREFEITURA MUNICIPAL DE BARBACENA;31.001;SEMMA;2.122;PESSOAL E ENCARGOS SOCIAIS DA SEMMA;11;APOIO A ADMINISTRAÇAO PUBLICA;18;Gestão Ambiental;122;Administração Geral;710;3.1.90.04.00.00.00.00;CONTRATAÇÃO POR TEMPO DETERMINADO;1.500.000.0000;RECURSOS NÃO VINCULADOS DE IMPOSTOS;50.268,41
PREFEITURA MUNICIPAL DE BARBACENA;31.001;SEMMA;2.122;PESSOAL E ENCARGOS SOCIAIS DA SEMMA;11;APOIO A ADMINISTRAÇAO PUBLICA;18;Gestão Ambiental;122;Administração Geral;711;3.1.90.11.00.00.00.00;VENCIMENTOS E VANTAGENS FIXAS - PESSOAL CIVIL;1.500.000.0000;RECURSOS NÃO VINCULADOS DE IMPOSTOS;353.050,93
PREFEITURA MUNICIPAL DE BARBACENA;31.001;SEMMA;2.122;PESSOAL E ENCARGOS SOCIAIS DA SEMMA;11;APOIO A ADMINISTRAÇAO PUBLICA;18;Gestão Ambiental;122;Administração Geral;712;3.1.90.13.00.00.00.00;OBRIGAÇÕES PATRONAIS;1.500.000.0000;RECURSOS NÃO VINCULADOS DE IMPOSTOS;51.756,94
PREFEITURA MUNICIPAL DE BARBACENA;31.001;SEMMA;2.122;PESSOAL E ENCARGOS SOCIAIS DA SEMMA;11;APOIO A ADMINISTRAÇAO PUBLICA;18;Gestão Ambiental;122;Administração Geral;713;3.1.90.16.00.00.00.00;OUTRAS DESPESAS VARIÁVEIS - PESSOAL CIVIL;1.500.000.0000;RECURSOS NÃO VINCULADOS DE IMPOSTOS;500,00
PREFEITURA MUNICIPAL DE BARBACENA;31.001;SEMMA;2.122;PESSOAL E ENCARGOS SOCIAIS DA SEMMA;11;APOIO A ADMINISTRAÇAO PUBLICA;18;Gestão Ambiental;122;Administração Geral;714;3.1.90.92.00.00.00.00;DESPESAS DE EXERCÍCIOS ANTERIORES;1.500.000.0000;RECURSOS NÃO VINCULADOS DE IMPOSTOS;500,00
PREFEITURA MUNICIPAL DE BARBACENA;31.001;SEMMA;2.122;PESSOAL E ENCARGOS SOCIAIS DA SEMMA;11;APOIO A ADMINISTRAÇAO PUBLICA;18;Gestão Ambiental;122;Administração Geral;715;3.1.90.94.00.00.00.00;INDENIZAÇÕES E RESTITUIÇÕES TRABALHISTAS;1.500.000.0000;RECURSOS NÃO VINCULADOS DE IMPOSTOS;500,00
PREFEITURA MUNICIPAL DE BARBACENA;31.001;SEMMA;2.122;PESSOAL E ENCARGOS SOCIAIS DA SEMMA;11;APOIO A ADMINISTRAÇAO PUBLICA;18;Gestão Ambiental;122;Administração Geral;716;3.1.91.13.00.00.00.00;OBRIGAÇÕES PATRONAIS;1.500.000.0000;RECURSOS NÃO VINCULADOS DE IMPOSTOS;2.538,66
PREFEITURA MUNICIPAL DE BARBACENA;31.001;SEMMA;2.122;PESSOAL E ENCARGOS SOCIAIS DA SEMMA;11;APOIO A ADMINISTRAÇAO PUBLICA;18;Gestão Ambiental;122;Administração Geral;717;3.1.91.92.00.00.00.00;DESPESAS DE EXERCÍCIOS ANTERIORES;1.500.000.0000;RECURSOS NÃO VINCULADOS DE IMPOSTOS;500,00
PREFEITURA MUNICIPAL DE BARBACENA;31.001;SEMMA;2.122;PESSOAL E ENCARGOS SOCIAIS DA SEMMA;11;APOIO A ADMINISTRAÇAO PUBLICA;18;Gestão Ambiental;122;Administração Geral;718;3.3.90.08.00.00.00.00;OUTROS BENEFÍCIOS ASSISTENCIAIS-SERVIDOR/MILITAR;1.500.000.0000;RECURSOS NÃO VINCULADOS DE IMPOSTOS;1.000,00
PREFEITURA MUNICIPAL DE BARBACENA;31.001;SEMMA;2.122;PESSOAL E ENCARGOS SOCIAIS DA SEMMA;11;APOIO A ADMINISTRAÇAO PUBLICA;18;Gestão Ambiental;122;Administração Geral;719;3.3.90.18.00.00.00.00;AUXÍLIO FINANCEIRO A ESTUDANTES;1.500.000.0000;RECURSOS NÃO VINCULADOS DE IMPOSTOS;1.000,00
PREFEITURA MUNICIPAL DE BARBACENA;31.001;SEMMA;2.122;PESSOAL E ENCARGOS SOCIAIS DA SEMMA;11;APOIO A ADMINISTRAÇAO PUBLICA;18;Gestão Ambiental;122;Administração Geral;720;3.3.90.46.00.00.00.00;AUXÍLIO-ALIMENTAÇÃO;1.500.000.0000;RECURSOS NÃO VINCULADOS DE IMPOSTOS;33.280,00
PREFEITURA MUNICIPAL DE BARBACENA;31.002;FUNDO MUNICIPAL DE MEIO AMBIENTE - FMMA;2.250;MANUTENÇÃO DAS ATIVIDADES  DE MEIO AMBIENTE;19;POLÍTICA MUNICIPAL DE MEIO AMBIENTE E BEM-ESTAR ANIMAL;18;Gestão Ambiental;541;Preservação e Conservação Ambiental;721;3.3.90.30.00.00.00.00;MATERIAL DE CONSUMO;1.500.000.0000;RECURSOS NÃO VINCULADOS DE IMPOSTOS;5.000,00
PREFEITURA MUNICIPAL DE BARBACENA;31.002;FUNDO MUNICIPAL DE MEIO AMBIENTE - FMMA;2.250;MANUTENÇÃO DAS ATIVIDADES  DE MEIO AMBIENTE;19;POLÍTICA MUNICIPAL DE MEIO AMBIENTE E BEM-ESTAR ANIMAL;18;Gestão Ambiental;541;Preservação e Conservação Ambiental;722;3.3.90.39.00.00.00.00;OUTROS SERVIÇOS DE TERCEIROS - PESSOA JURÍDICA;1.500.000.0000;RECURSOS NÃO VINCULADOS DE IMPOSTOS;10.000,00
PREFEITURA MUNICIPAL DE BARBACENA;31.002;FUNDO MUNICIPAL DE MEIO AMBIENTE - FMMA;2.435;MANUTENÇÃO DE AÇÕES DE CUIDADOS AOS ANIMAIS;19;POLÍTICA MUNICIPAL DE MEIO AMBIENTE E BEM-ESTAR ANIMAL;18;Gestão Ambiental;541;Preservação e Conservação Ambiental;723;3.3.50.41.00.00.00.00;CONTRIBUIÇÕES;1.753.000.0000;RECURSOS PROVENIENTES DE TAXAS, CONTRIBUIÇÕES E PREÇOS PÚBLICOS;100.000,00
PREFEITURA MUNICIPAL DE BARBACENA;31.002;FUNDO MUNICIPAL DE MEIO AMBIENTE - FMMA;2.435;MANUTENÇÃO DE AÇÕES DE CUIDADOS AOS ANIMAIS;19;POLÍTICA MUNICIPAL DE MEIO AMBIENTE E BEM-ESTAR ANIMAL;18;Gestão Ambiental;541;Preservação e Conservação Ambiental;724;3.3.90.30.00.00.00.00;MATERIAL DE CONSUMO;1.500.000.0000;RECURSOS NÃO VINCULADOS DE IMPOSTOS;25.000,00
PREFEITURA MUNICIPAL DE BARBACENA;31.002;FUNDO MUNICIPAL DE MEIO AMBIENTE - FMMA;2.435;MANUTENÇÃO DE AÇÕES DE CUIDADOS AOS ANIMAIS;19;POLÍTICA MUNICIPAL DE MEIO AMBIENTE E BEM-ESTAR ANIMAL;18;Gestão Ambiental;541;Preservação e Conservação Ambiental;725;3.3.90.39.00.00.00.00;OUTROS SERVIÇOS DE TERCEIROS - PESSOA JURÍDICA;1.500.000.0000;RECURSOS NÃO VINCULADOS DE IMPOSTOS;120.000,00
PREFEITURA MUNICIPAL DE BARBACENA;31.002;FUNDO MUNICIPAL DE MEIO AMBIENTE - FMMA;2.435;MANUTENÇÃO DE AÇÕES DE CUIDADOS AOS ANIMAIS;19;POLÍTICA MUNICIPAL DE MEIO AMBIENTE E BEM-ESTAR ANIMAL;18;Gestão Ambiental;541;Preservação e Conservação Ambiental;725;3.3.90.39.00.00.00.00;OUTROS SERVIÇOS DE TERCEIROS - PESSOA JURÍDICA;1.753.000.0000;RECURSOS PROVENIENTES DE TAXAS, CONTRIBUIÇÕES E PREÇOS PÚBLICOS;50.000,00
PREFEITURA MUNICIPAL DE BARBACENA;31.002;FUNDO MUNICIPAL DE MEIO AMBIENTE - FMMA;2.435;MANUTENÇÃO DE AÇÕES DE CUIDADOS AOS ANIMAIS;19;POLÍTICA MUNICIPAL DE MEIO AMBIENTE E BEM-ESTAR ANIMAL;18;Gestão Ambiental;541;Preservação e Conservação Ambiental;726;4.4.90.52.00.00.00.00;EQUIPAMENTOS E MATERIAL PERMANENTE;1.500.000.0000;RECURSOS NÃO VINCULADOS DE IMPOSTOS;15.000,00
PREFEITURA MUNICIPAL DE BARBACENA;31.002;FUNDO MUNICIPAL DE MEIO AMBIENTE - FMMA;2.457;APOIO A ASSOCIAÇÃO COMUNITÁRIA DE PINHEIRO GROSSO;19;POLÍTICA MUNICIPAL DE MEIO AMBIENTE E BEM-ESTAR ANIMAL;18;Gestão Ambiental;541;Preservação e Conservação Ambiental;727;3.3.50.41.00.00.00.00;CONTRIBUIÇÕES;1.501.000.0000;OUTROS RECURSOS NÃO VINCULADOS;0,00
PREFEITURA MUNICIPAL DE BARBACENA;31.002;FUNDO MUNICIPAL DE MEIO AMBIENTE - FMMA;2.457;APOIO A ASSOCIAÇÃO COMUNITÁRIA DE PINHEIRO GROSSO;19;POLÍTICA MUNICIPAL DE MEIO AMBIENTE E BEM-ESTAR ANIMAL;18;Gestão Ambiental;541;Preservação e Conservação Ambiental;727;3.3.50.41.00.00.00.00;CONTRIBUIÇÕES;1.501.505.0000;OUTROS RECURSOS NÃO VINCULADOS - EMENDAS FAUSTA TATA;50.000,00
PREFEITURA MUNICIPAL DE BARBACENA;31.002;FUNDO MUNICIPAL DE MEIO AMBIENTE - FMMA;2.457;APOIO A ASSOCIAÇÃO COMUNITÁRIA DE PINHEIRO GROSSO;19;POLÍTICA MUNICIPAL DE MEIO AMBIENTE E BEM-ESTAR ANIMAL;18;Gestão Ambiental;541;Preservação e Conservação Ambiental;728;4.4.50.41.00.00.00.00;CONTRIBUIÇÕES;1.501.000.0000;OUTROS RECURSOS NÃO VINCULADOS;0,00
PREFEITURA MUNICIPAL DE BARBACENA;31.002;FUNDO MUNICIPAL DE MEIO AMBIENTE - FMMA;2.457;APOIO A ASSOCIAÇÃO COMUNITÁRIA DE PINHEIRO GROSSO;19;POLÍTICA MUNICIPAL DE MEIO AMBIENTE E BEM-ESTAR ANIMAL;18;Gestão Ambiental;541;Preservação e Conservação Ambiental;728;4.4.50.41.00.00.00.00;CONTRIBUIÇÕES;1.501.505.0000;OUTROS RECURSOS NÃO VINCULADOS - EMENDAS FAUSTA TATA;50.000,00
PREFEITURA MUNICIPAL DE BARBACENA;31.002;FUNDO MUNICIPAL DE MEIO AMBIENTE - FMMA;2.480;APOIO A ASSOCIAÇÃO BARBACENENSE DE PROTEÇÃO AOS ANIMAIS - ABPA;19;POLÍTICA MUNICIPAL DE MEIO AMBIENTE E BEM-ESTAR ANIMAL;18;Gestão Ambiental;541;Preservação e Conservação Ambiental;729;3.3.50.41.00.00.00.00;CONTRIBUIÇÕES;1.501.000.0000;OUTROS RECURSOS NÃO VINCULADOS;0,00
PREFEITURA MUNICIPAL DE BARBACENA;31.002;FUNDO MUNICIPAL DE MEIO AMBIENTE - FMMA;2.480;APOIO A ASSOCIAÇÃO BARBACENENSE DE PROTEÇÃO AOS ANIMAIS - ABPA;19;POLÍTICA MUNICIPAL DE MEIO AMBIENTE E BEM-ESTAR ANIMAL;18;Gestão Ambiental;541;Preservação e Conservação Ambiental;729;3.3.50.41.00.00.00.00;CONTRIBUIÇÕES;1.501.501.0000;OUTROS RECURSOS NÃO VINCULADOS - EMENDAS AMARILIO ANDRADE;5.776,70
PREFEITURA MUNICIPAL DE BARBACENA;31.002;FUNDO MUNICIPAL DE MEIO AMBIENTE - FMMA;2.480;APOIO A ASSOCIAÇÃO BARBACENENSE DE PROTEÇÃO AOS ANIMAIS - ABPA;19;POLÍTICA MUNICIPAL DE MEIO AMBIENTE E BEM-ESTAR ANIMAL;18;Gestão Ambiental;541;Preservação e Conservação Ambiental;729;3.3.50.41.00.00.00.00;CONTRIBUIÇÕES;1.501.505.0000;OUTROS RECURSOS NÃO VINCULADOS - EMENDAS FAUSTA TATA;5.000,00
PREFEITURA MUNICIPAL DE BARBACENA;31.002;FUNDO MUNICIPAL DE MEIO AMBIENTE - FMMA;2.480;APOIO A ASSOCIAÇÃO BARBACENENSE DE PROTEÇÃO AOS ANIMAIS - ABPA;19;POLÍTICA MUNICIPAL DE MEIO AMBIENTE E BEM-ESTAR ANIMAL;18;Gestão Ambiental;541;Preservação e Conservação Ambiental;729;3.3.50.41.00.00.00.00;CONTRIBUIÇÕES;1.501.507.0000;OUTROS RECURSOS NÃO VINCULADOS - EMENDAS FLAVIO MALUF;5.000,00
PREFEITURA MUNICIPAL DE BARBACENA;31.002;FUNDO MUNICIPAL DE MEIO AMBIENTE - FMMA;2.480;APOIO A ASSOCIAÇÃO BARBACENENSE DE PROTEÇÃO AOS ANIMAIS - ABPA;19;POLÍTICA MUNICIPAL DE MEIO AMBIENTE E BEM-ESTAR ANIMAL;18;Gestão Ambiental;541;Preservação e Conservação Ambiental;729;3.3.50.41.00.00.00.00;CONTRIBUIÇÕES;1.501.510.0000;OUTROS RECURSOS NÃO VINCULADOS - EMENDAS TODINHO;5.000,00
PREFEITURA MUNICIPAL DE BARBACENA;31.002;FUNDO MUNICIPAL DE MEIO AMBIENTE - FMMA;2.480;APOIO A ASSOCIAÇÃO BARBACENENSE DE PROTEÇÃO AOS ANIMAIS - ABPA;19;POLÍTICA MUNICIPAL DE MEIO AMBIENTE E BEM-ESTAR ANIMAL;18;Gestão Ambiental;541;Preservação e Conservação Ambiental;729;3.3.50.41.00.00.00.00;CONTRIBUIÇÕES;1.501.514.0000;OUTROS RECURSOS NÃO VINCULADOS - EMENDAS JOAO DA SEMENTE;5.000,00
PREFEITURA MUNICIPAL DE BARBACENA;31.002;FUNDO MUNICIPAL DE MEIO AMBIENTE - FMMA;2.480;APOIO A ASSOCIAÇÃO BARBACENENSE DE PROTEÇÃO AOS ANIMAIS - ABPA;19;POLÍTICA MUNICIPAL DE MEIO AMBIENTE E BEM-ESTAR ANIMAL;18;Gestão Ambiental;541;Preservação e Conservação Ambiental;729;3.3.50.41.00.00.00.00;CONTRIBUIÇÕES;1.501.517.0000;OUTROS RECURSOS NÃO VINCULADOS - EMENDAS SANDRO HELENO;7.000,00
PREFEITURA MUNICIPAL DE BARBACENA;31.002;FUNDO MUNICIPAL DE MEIO AMBIENTE - FMMA;2.480;APOIO A ASSOCIAÇÃO BARBACENENSE DE PROTEÇÃO AOS ANIMAIS - ABPA;19;POLÍTICA MUNICIPAL DE MEIO AMBIENTE E BEM-ESTAR ANIMAL;18;Gestão Ambiental;541;Preservação e Conservação Ambiental;729;3.3.50.41.00.00.00.00;CONTRIBUIÇÕES;1.501.518.0000;OUTROS RECURSOS NÃO VINCULADOS - EMENDAS XINAIDER;15.000,00
PREFEITURA MUNICIPAL DE BARBACENA;31.002;FUNDO MUNICIPAL DE MEIO AMBIENTE - FMMA;2.480;APOIO A ASSOCIAÇÃO BARBACENENSE DE PROTEÇÃO AOS ANIMAIS - ABPA;19;POLÍTICA MUNICIPAL DE MEIO AMBIENTE E BEM-ESTAR ANIMAL;18;Gestão Ambiental;541;Preservação e Conservação Ambiental;729;3.3.50.41.00.00.00.00;CONTRIBUIÇÕES;1.753.000.0000;RECURSOS PROVENIENTES DE TAXAS, CONTRIBUIÇÕES E PREÇOS PÚBLICOS;0,00
PREFEITURA MUNICIPAL DE BARBACENA;31.002;FUNDO MUNICIPAL DE MEIO AMBIENTE - FMMA;2.480;APOIO A ASSOCIAÇÃO BARBACENENSE DE PROTEÇÃO AOS ANIMAIS - ABPA;19;POLÍTICA MUNICIPAL DE MEIO AMBIENTE E BEM-ESTAR ANIMAL;18;Gestão Ambiental;541;Preservação e Conservação Ambiental;729;3.3.50.41.00.00.00.00;CONTRIBUIÇÕES;1.753.502.0000;RECURSOS PROVENIENTES DE TAXAS, CONTRIBUIÇÕES E PREÇOS PÚBLICOS - EMENDAS DIEGO BAIANO;5.000,00
PREFEITURA MUNICIPAL DE BARBACENA;31.002;FUNDO MUNICIPAL DE MEIO AMBIENTE - FMMA;2.480;APOIO A ASSOCIAÇÃO BARBACENENSE DE PROTEÇÃO AOS ANIMAIS - ABPA;19;POLÍTICA MUNICIPAL DE MEIO AMBIENTE E BEM-ESTAR ANIMAL;18;Gestão Ambiental;541;Preservação e Conservação Ambiental;729;3.3.50.41.00.00.00.00;CONTRIBUIÇÕES;1.753.508.0000;RECURSOS PROVENIENTES DE TAXAS, CONTRIBUIÇÕES E PREÇOS PÚBLICOS - EMENDAS GLAUBER MILAGRES;1.500,00
PREFEITURA MUNICIPAL DE BARBACENA;31.002;FUNDO MUNICIPAL DE MEIO AMBIENTE - FMMA;2.480;APOIO A ASSOCIAÇÃO BARBACENENSE DE PROTEÇÃO AOS ANIMAIS - ABPA;19;POLÍTICA MUNICIPAL DE MEIO AMBIENTE E BEM-ESTAR ANIMAL;18;Gestão Ambiental;541;Preservação e Conservação Ambiental;729;3.3.50.41.00.00.00.00;CONTRIBUIÇÕES;1.753.511.0000;RECURSOS PROVENIENTES DE TAXAS, CONTRIBUIÇÕES E PREÇOS PÚBLICOS - EMENDAS CARLINHOS PLAY BOY;5.000,00
PREFEITURA MUNICIPAL DE BARBACENA;31.002;FUNDO MUNICIPAL DE MEIO AMBIENTE - FMMA;2.480;APOIO A ASSOCIAÇÃO BARBACENENSE DE PROTEÇÃO AOS ANIMAIS - ABPA;19;POLÍTICA MUNICIPAL DE MEIO AMBIENTE E BEM-ESTAR ANIMAL;18;Gestão Ambiental;541;Preservação e Conservação Ambiental;730;4.4.50.41.00.00.00.00;CONTRIBUIÇÕES;1.501.000.0000;OUTROS RECURSOS NÃO VINCULADOS;0,00
PREFEITURA MUNICIPAL DE BARBACENA;31.002;FUNDO MUNICIPAL DE MEIO AMBIENTE - FMMA;2.480;APOIO A ASSOCIAÇÃO BARBACENENSE DE PROTEÇÃO AOS ANIMAIS - ABPA;19;POLÍTICA MUNICIPAL DE MEIO AMBIENTE E BEM-ESTAR ANIMAL;18;Gestão Ambiental;541;Preservação e Conservação Ambiental;730;4.4.50.41.00.00.00.00;CONTRIBUIÇÕES;1.501.501.0000;OUTROS RECURSOS NÃO VINCULADOS - EMENDAS AMARILIO ANDRADE;5.776,70
PREFEITURA MUNICIPAL DE BARBACENA;31.002;FUNDO MUNICIPAL DE MEIO AMBIENTE - FMMA;2.480;APOIO A ASSOCIAÇÃO BARBACENENSE DE PROTEÇÃO AOS ANIMAIS - ABPA;19;POLÍTICA MUNICIPAL DE MEIO AMBIENTE E BEM-ESTAR ANIMAL;18;Gestão Ambiental;541;Preservação e Conservação Ambiental;730;4.4.50.41.00.00.00.00;CONTRIBUIÇÕES;1.501.505.0000;OUTROS RECURSOS NÃO VINCULADOS - EMENDAS FAUSTA TATA;5.000,00
PREFEITURA MUNICIPAL DE BARBACENA;31.002;FUNDO MUNICIPAL DE MEIO AMBIENTE - FMMA;2.480;APOIO A ASSOCIAÇÃO BARBACENENSE DE PROTEÇÃO AOS ANIMAIS - ABPA;19;POLÍTICA MUNICIPAL DE MEIO AMBIENTE E BEM-ESTAR ANIMAL;18;Gestão Ambiental;541;Preservação e Conservação Ambiental;730;4.4.50.41.00.00.00.00;CONTRIBUIÇÕES;1.501.507.0000;OUTROS RECURSOS NÃO VINCULADOS - EMENDAS FLAVIO MALUF;5.000,00
PREFEITURA MUNICIPAL DE BARBACENA;31.002;FUNDO MUNICIPAL DE MEIO AMBIENTE - FMMA;2.480;APOIO A ASSOCIAÇÃO BARBACENENSE DE PROTEÇÃO AOS ANIMAIS - ABPA;19;POLÍTICA MUNICIPAL DE MEIO AMBIENTE E BEM-ESTAR ANIMAL;18;Gestão Ambiental;541;Preservação e Conservação Ambiental;730;4.4.50.41.00.00.00.00;CONTRIBUIÇÕES;1.501.510.0000;OUTROS RECURSOS NÃO VINCULADOS - EMENDAS TODINHO;5.000,00
PREFEITURA MUNICIPAL DE BARBACENA;31.002;FUNDO MUNICIPAL DE MEIO AMBIENTE - FMMA;2.480;APOIO A ASSOCIAÇÃO BARBACENENSE DE PROTEÇÃO AOS ANIMAIS - ABPA;19;POLÍTICA MUNICIPAL DE MEIO AMBIENTE E BEM-ESTAR ANIMAL;18;Gestão Ambiental;541;Preservação e Conservação Ambiental;730;4.4.50.41.00.00.00.00;CONTRIBUIÇÕES;1.501.514.0000;OUTROS RECURSOS NÃO VINCULADOS - EMENDAS JOAO DA SEMENTE;5.000,00
PREFEITURA MUNICIPAL DE BARBACENA;31.002;FUNDO MUNICIPAL DE MEIO AMBIENTE - FMMA;2.480;APOIO A ASSOCIAÇÃO BARBACENENSE DE PROTEÇÃO AOS ANIMAIS - ABPA;19;POLÍTICA MUNICIPAL DE MEIO AMBIENTE E BEM-ESTAR ANIMAL;18;Gestão Ambiental;541;Preservação e Conservação Ambiental;730;4.4.50.41.00.00.00.00;CONTRIBUIÇÕES;1.501.517.0000;OUTROS RECURSOS NÃO VINCULADOS - EMENDAS SANDRO HELENO;7.000,00
PREFEITURA MUNICIPAL DE BARBACENA;31.002;FUNDO MUNICIPAL DE MEIO AMBIENTE - FMMA;2.480;APOIO A ASSOCIAÇÃO BARBACENENSE DE PROTEÇÃO AOS ANIMAIS - ABPA;19;POLÍTICA MUNICIPAL DE MEIO AMBIENTE E BEM-ESTAR ANIMAL;18;Gestão Ambiental;541;Preservação e Conservação Ambiental;730;4.4.50.41.00.00.00.00;CONTRIBUIÇÕES;1.501.518.0000;OUTROS RECURSOS NÃO VINCULADOS - EMENDAS XINAIDER;15.000,00
PREFEITURA MUNICIPAL DE BARBACENA;31.002;FUNDO MUNICIPAL DE MEIO AMBIENTE - FMMA;2.480;APOIO A ASSOCIAÇÃO BARBACENENSE DE PROTEÇÃO AOS ANIMAIS - ABPA;19;POLÍTICA MUNICIPAL DE MEIO AMBIENTE E BEM-ESTAR ANIMAL;18;Gestão Ambiental;541;Preservação e Conservação Ambiental;730;4.4.50.41.00.00.00.00;CONTRIBUIÇÕES;1.753.000.0000;RECURSOS PROVENIENTES DE TAXAS, CONTRIBUIÇÕES E PREÇOS PÚBLICOS;0,00
PREFEITURA MUNICIPAL DE BARBACENA;31.002;FUNDO MUNICIPAL DE MEIO AMBIENTE - FMMA;2.480;APOIO A ASSOCIAÇÃO BARBACENENSE DE PROTEÇÃO AOS ANIMAIS - ABPA;19;POLÍTICA MUNICIPAL DE MEIO AMBIENTE E BEM-ESTAR ANIMAL;18;Gestão Ambiental;541;Preservação e Conservação Ambiental;730;4.4.50.41.00.00.00.00;CONTRIBUIÇÕES;1.753.502.0000;RECURSOS PROVENIENTES DE TAXAS, CONTRIBUIÇÕES E PREÇOS PÚBLICOS - EMENDAS DIEGO BAIANO;5.000,00
PREFEITURA MUNICIPAL DE BARBACENA;31.002;FUNDO MUNICIPAL DE MEIO AMBIENTE - FMMA;2.480;APOIO A ASSOCIAÇÃO BARBACENENSE DE PROTEÇÃO AOS ANIMAIS - ABPA;19;POLÍTICA MUNICIPAL DE MEIO AMBIENTE E BEM-ESTAR ANIMAL;18;Gestão Ambiental;541;Preservação e Conservação Ambiental;730;4.4.50.41.00.00.00.00;CONTRIBUIÇÕES;1.753.508.0000;RECURSOS PROVENIENTES DE TAXAS, CONTRIBUIÇÕES E PREÇOS PÚBLICOS - EMENDAS GLAUBER MILAGRES;1.500,00
PREFEITURA MUNICIPAL DE BARBACENA;31.002;FUNDO MUNICIPAL DE MEIO AMBIENTE - FMMA;2.480;APOIO A ASSOCIAÇÃO BARBACENENSE DE PROTEÇÃO AOS ANIMAIS - ABPA;19;POLÍTICA MUNICIPAL DE MEIO AMBIENTE E BEM-ESTAR ANIMAL;18;Gestão Ambiental;541;Preservação e Conservação Ambiental;730;4.4.50.41.00.00.00.00;CONTRIBUIÇÕES;1.753.511.0000;RECURSOS PROVENIENTES DE TAXAS, CONTRIBUIÇÕES E PREÇOS PÚBLICOS - EMENDAS CARLINHOS PLAY BOY;5.000,00
PREFEITURA MUNICIPAL DE BARBACENA;31.002;FUNDO MUNICIPAL DE MEIO AMBIENTE - FMMA;2.494;APOIO AO INSTITUTO LOBO-GUARÁ DE CONSERVAÇÃO DA BIODIVERSIDADE;19;POLÍTICA MUNICIPAL DE MEIO AMBIENTE E BEM-ESTAR ANIMAL;18;Gestão Ambiental;541;Preservação e Conservação Ambiental;731;3.3.50.41.00.00.00.00;CONTRIBUIÇÕES;1.501.000.0000;OUTROS RECURSOS NÃO VINCULADOS;0,00
PREFEITURA MUNICIPAL DE BARBACENA;31.002;FUNDO MUNICIPAL DE MEIO AMBIENTE - FMMA;2.494;APOIO AO INSTITUTO LOBO-GUARÁ DE CONSERVAÇÃO DA BIODIVERSIDADE;19;POLÍTICA MUNICIPAL DE MEIO AMBIENTE E BEM-ESTAR ANIMAL;18;Gestão Ambiental;541;Preservação e Conservação Ambiental;731;3.3.50.41.00.00.00.00;CONTRIBUIÇÕES;1.501.519.0000;OUTROS RECURSOS NÃO VINCULADOS - EMENDAS THIAGO MARTINS;72.664,95
PREFEITURA MUNICIPAL DE BARBACENA;31.002;FUNDO MUNICIPAL DE MEIO AMBIENTE - FMMA;2.494;APOIO AO INSTITUTO LOBO-GUARÁ DE CONSERVAÇÃO DA BIODIVERSIDADE;19;POLÍTICA MUNICIPAL DE MEIO AMBIENTE E BEM-ESTAR ANIMAL;18;Gestão Ambiental;541;Preservação e Conservação Ambiental;732;4.4.50.41.00.00.00.00;CONTRIBUIÇÕES;1.501.000.0000;OUTROS RECURSOS NÃO VINCULADOS;0,00
PREFEITURA MUNICIPAL DE BARBACENA;31.002;FUNDO MUNICIPAL DE MEIO AMBIENTE - FMMA;2.494;APOIO AO INSTITUTO LOBO-GUARÁ DE CONSERVAÇÃO DA BIODIVERSIDADE;19;POLÍTICA MUNICIPAL DE MEIO AMBIENTE E BEM-ESTAR ANIMAL;18;Gestão Ambiental;541;Preservação e Conservação Ambiental;732;4.4.50.41.00.00.00.00;CONTRIBUIÇÕES;1.501.519.0000;OUTROS RECURSOS NÃO VINCULADOS - EMENDAS THIAGO MARTINS;72.664,95
PREFEITURA MUNICIPAL DE BARBACENA;31.002;FUNDO MUNICIPAL DE MEIO AMBIENTE - FMMA;2.499;APOIO AO PROJETO AROACI - ASSOCIACAO SOCIOAMBIENTAL FILHOS DAS ESTRELAS;19;POLÍTICA MUNICIPAL DE MEIO AMBIENTE E BEM-ESTAR ANIMAL;18;Gestão Ambiental;541;Preservação e Conservação Ambiental;733;3.3.50.41.00.00.00.00;CONTRIBUIÇÕES;1.501.000.0000;OUTROS RECURSOS NÃO VINCULADOS;0,00
PREFEITURA MUNICIPAL DE BARBACENA;31.002;FUNDO MUNICIPAL DE MEIO AMBIENTE - FMMA;2.499;APOIO AO PROJETO AROACI - ASSOCIACAO SOCIOAMBIENTAL FILHOS DAS ESTRELAS;19;POLÍTICA MUNICIPAL DE MEIO AMBIENTE E BEM-ESTAR ANIMAL;18;Gestão Ambiental;541;Preservação e Conservação Ambiental;733;3.3.50.41.00.00.00.00;CONTRIBUIÇÕES;1.501.515.0000;OUTROS RECURSOS NÃO VINCULADOS - EMENDAS PAULINHO DO GAS;10.000,00
PREFEITURA MUNICIPAL DE BARBACENA;31.002;FUNDO MUNICIPAL DE MEIO AMBIENTE - FMMA;2.499;APOIO AO PROJETO AROACI - ASSOCIACAO SOCIOAMBIENTAL FILHOS DAS ESTRELAS;19;POLÍTICA MUNICIPAL DE MEIO AMBIENTE E BEM-ESTAR ANIMAL;18;Gestão Ambiental;541;Preservação e Conservação Ambiental;733;3.3.50.41.00.00.00.00;CONTRIBUIÇÕES;1.501.518.0000;OUTROS RECURSOS NÃO VINCULADOS - EMENDAS XINAIDER;7.000,00
PREFEITURA MUNICIPAL DE BARBACENA;31.002;FUNDO MUNICIPAL DE MEIO AMBIENTE - FMMA;2.499;APOIO AO PROJETO AROACI - ASSOCIACAO SOCIOAMBIENTAL FILHOS DAS ESTRELAS;19;POLÍTICA MUNICIPAL DE MEIO AMBIENTE E BEM-ESTAR ANIMAL;18;Gestão Ambiental;541;Preservação e Conservação Ambiental;734;4.4.50.41.00.00.00.00;CONTRIBUIÇÕES;1.501.000.0000;OUTROS RECURSOS NÃO VINCULADOS;0,00
PREFEITURA MUNICIPAL DE BARBACENA;31.002;FUNDO MUNICIPAL DE MEIO AMBIENTE - FMMA;2.499;APOIO AO PROJETO AROACI - ASSOCIACAO SOCIOAMBIENTAL FILHOS DAS ESTRELAS;19;POLÍTICA MUNICIPAL DE MEIO AMBIENTE E BEM-ESTAR ANIMAL;18;Gestão Ambiental;541;Preservação e Conservação Ambiental;734;4.4.50.41.00.00.00.00;CONTRIBUIÇÕES;1.501.515.0000;OUTROS RECURSOS NÃO VINCULADOS - EMENDAS PAULINHO DO GAS;10.000,00
PREFEITURA MUNICIPAL DE BARBACENA;31.002;FUNDO MUNICIPAL DE MEIO AMBIENTE - FMMA;2.499;APOIO AO PROJETO AROACI - ASSOCIACAO SOCIOAMBIENTAL FILHOS DAS ESTRELAS;19;POLÍTICA MUNICIPAL DE MEIO AMBIENTE E BEM-ESTAR ANIMAL;18;Gestão Ambiental;541;Preservação e Conservação Ambiental;734;4.4.50.41.00.00.00.00;CONTRIBUIÇÕES;1.501.518.0000;OUTROS RECURSOS NÃO VINCULADOS - EMENDAS XINAIDER;7.000,00
PREFEITURA MUNICIPAL DE BARBACENA;31.002;FUNDO MUNICIPAL DE MEIO AMBIENTE - FMMA;2.502;APOIO A ASSOCIACAO AGROAMBIENTAL DE BARBACENA E REGIÃO;19;POLÍTICA MUNICIPAL DE MEIO AMBIENTE E BEM-ESTAR ANIMAL;18;Gestão Ambiental;541;Preservação e Conservação Ambiental;735;3.3.50.41.00.00.00.00;CONTRIBUIÇÕES;1.501.000.0000;OUTROS RECURSOS NÃO VINCULADOS;0,00
PREFEITURA MUNICIPAL DE BARBACENA;31.002;FUNDO MUNICIPAL DE MEIO AMBIENTE - FMMA;2.502;APOIO A ASSOCIACAO AGROAMBIENTAL DE BARBACENA E REGIÃO;19;POLÍTICA MUNICIPAL DE MEIO AMBIENTE E BEM-ESTAR ANIMAL;18;Gestão Ambiental;541;Preservação e Conservação Ambiental;735;3.3.50.41.00.00.00.00;CONTRIBUIÇÕES;1.501.514.0000;OUTROS RECURSOS NÃO VINCULADOS - EMENDAS JOAO DA SEMENTE;5.000,00
PREFEITURA MUNICIPAL DE BARBACENA;31.002;FUNDO MUNICIPAL DE MEIO AMBIENTE - FMMA;2.502;APOIO A ASSOCIACAO AGROAMBIENTAL DE BARBACENA E REGIÃO;19;POLÍTICA MUNICIPAL DE MEIO AMBIENTE E BEM-ESTAR ANIMAL;18;Gestão Ambiental;541;Preservação e Conservação Ambiental;735;3.3.50.41.00.00.00.00;CONTRIBUIÇÕES;1.501.515.0000;OUTROS RECURSOS NÃO VINCULADOS - EMENDAS PAULINHO DO GAS;5.000,00
PREFEITURA MUNICIPAL DE BARBACENA;31.002;FUNDO MUNICIPAL DE MEIO AMBIENTE - FMMA;2.502;APOIO A ASSOCIACAO AGROAMBIENTAL DE BARBACENA E REGIÃO;19;POLÍTICA MUNICIPAL DE MEIO AMBIENTE E BEM-ESTAR ANIMAL;18;Gestão Ambiental;541;Preservação e Conservação Ambiental;735;3.3.50.41.00.00.00.00;CONTRIBUIÇÕES;1.753.000.0000;RECURSOS PROVENIENTES DE TAXAS, CONTRIBUIÇÕES E PREÇOS PÚBLICOS;0,00
PREFEITURA MUNICIPAL DE BARBACENA;31.002;FUNDO MUNICIPAL DE MEIO AMBIENTE - FMMA;2.502;APOIO A ASSOCIACAO AGROAMBIENTAL DE BARBACENA E REGIÃO;19;POLÍTICA MUNICIPAL DE MEIO AMBIENTE E BEM-ESTAR ANIMAL;18;Gestão Ambiental;541;Preservação e Conservação Ambiental;735;3.3.50.41.00.00.00.00;CONTRIBUIÇÕES;1.753.502.0000;RECURSOS PROVENIENTES DE TAXAS, CONTRIBUIÇÕES E PREÇOS PÚBLICOS - EMENDAS DIEGO BAIANO;2.500,00
PREFEITURA MUNICIPAL DE BARBACENA;31.002;FUNDO MUNICIPAL DE MEIO AMBIENTE - FMMA;2.502;APOIO A ASSOCIACAO AGROAMBIENTAL DE BARBACENA E REGIÃO;19;POLÍTICA MUNICIPAL DE MEIO AMBIENTE E BEM-ESTAR ANIMAL;18;Gestão Ambiental;541;Preservação e Conservação Ambiental;735;3.3.50.41.00.00.00.00;CONTRIBUIÇÕES;1.753.508.0000;RECURSOS PROVENIENTES DE TAXAS, CONTRIBUIÇÕES E PREÇOS PÚBLICOS - EMENDAS GLAUBER MILAGRES;1.500,00
PREFEITURA MUNICIPAL DE BARBACENA;31.002;FUNDO MUNICIPAL DE MEIO AMBIENTE - FMMA;2.502;APOIO A ASSOCIACAO AGROAMBIENTAL DE BARBACENA E REGIÃO;19;POLÍTICA MUNICIPAL DE MEIO AMBIENTE E BEM-ESTAR ANIMAL;18;Gestão Ambiental;541;Preservação e Conservação Ambiental;735;3.3.50.41.00.00.00.00;CONTRIBUIÇÕES;1.753.517.0000;RECURSOS PROVENIENTES DE TAXAS, CONTRIBUIÇÕES E PREÇOS PÚBLICOS - EMENDAS SANDRO HELENO;2.500,00
PREFEITURA MUNICIPAL DE BARBACENA;31.002;FUNDO MUNICIPAL DE MEIO AMBIENTE - FMMA;2.502;APOIO A ASSOCIACAO AGROAMBIENTAL DE BARBACENA E REGIÃO;19;POLÍTICA MUNICIPAL DE MEIO AMBIENTE E BEM-ESTAR ANIMAL;18;Gestão Ambiental;541;Preservação e Conservação Ambiental;736;4.4.50.41.00.00.00.00;CONTRIBUIÇÕES;1.501.000.0000;OUTROS RECURSOS NÃO VINCULADOS;0,00
PREFEITURA MUNICIPAL DE BARBACENA;31.002;FUNDO MUNICIPAL DE MEIO AMBIENTE - FMMA;2.502;APOIO A ASSOCIACAO AGROAMBIENTAL DE BARBACENA E REGIÃO;19;POLÍTICA MUNICIPAL DE MEIO AMBIENTE E BEM-ESTAR ANIMAL;18;Gestão Ambiental;541;Preservação e Conservação Ambiental;736;4.4.50.41.00.00.00.00;CONTRIBUIÇÕES;1.501.514.0000;OUTROS RECURSOS NÃO VINCULADOS - EMENDAS JOAO DA SEMENTE;5.000,00
PREFEITURA MUNICIPAL DE BARBACENA;31.002;FUNDO MUNICIPAL DE MEIO AMBIENTE - FMMA;2.502;APOIO A ASSOCIACAO AGROAMBIENTAL DE BARBACENA E REGIÃO;19;POLÍTICA MUNICIPAL DE MEIO AMBIENTE E BEM-ESTAR ANIMAL;18;Gestão Ambiental;541;Preservação e Conservação Ambiental;736;4.4.50.41.00.00.00.00;CONTRIBUIÇÕES;1.501.515.0000;OUTROS RECURSOS NÃO VINCULADOS - EMENDAS PAULINHO DO GAS;5.000,00
PREFEITURA MUNICIPAL DE BARBACENA;31.002;FUNDO MUNICIPAL DE MEIO AMBIENTE - FMMA;2.502;APOIO A ASSOCIACAO AGROAMBIENTAL DE BARBACENA E REGIÃO;19;POLÍTICA MUNICIPAL DE MEIO AMBIENTE E BEM-ESTAR ANIMAL;18;Gestão Ambiental;541;Preservação e Conservação Ambiental;736;4.4.50.41.00.00.00.00;CONTRIBUIÇÕES;1.753.000.0000;RECURSOS PROVENIENTES DE TAXAS, CONTRIBUIÇÕES E PREÇOS PÚBLICOS;0,00
PREFEITURA MUNICIPAL DE BARBACENA;31.002;FUNDO MUNICIPAL DE MEIO AMBIENTE - FMMA;2.502;APOIO A ASSOCIACAO AGROAMBIENTAL DE BARBACENA E REGIÃO;19;POLÍTICA MUNICIPAL DE MEIO AMBIENTE E BEM-ESTAR ANIMAL;18;Gestão Ambiental;541;Preservação e Conservação Ambiental;736;4.4.50.41.00.00.00.00;CONTRIBUIÇÕES;1.753.502.0000;RECURSOS PROVENIENTES DE TAXAS, CONTRIBUIÇÕES E PREÇOS PÚBLICOS - EMENDAS DIEGO BAIANO;2.500,00
PREFEITURA MUNICIPAL DE BARBACENA;31.002;FUNDO MUNICIPAL DE MEIO AMBIENTE - FMMA;2.502;APOIO A ASSOCIACAO AGROAMBIENTAL DE BARBACENA E REGIÃO;19;POLÍTICA MUNICIPAL DE MEIO AMBIENTE E BEM-ESTAR ANIMAL;18;Gestão Ambiental;541;Preservação e Conservação Ambiental;736;4.4.50.41.00.00.00.00;CONTRIBUIÇÕES;1.753.508.0000;RECURSOS PROVENIENTES DE TAXAS, CONTRIBUIÇÕES E PREÇOS PÚBLICOS - EMENDAS GLAUBER MILAGRES;1.500,00
PREFEITURA MUNICIPAL DE BARBACENA;31.002;FUNDO MUNICIPAL DE MEIO AMBIENTE - FMMA;2.502;APOIO A ASSOCIACAO AGROAMBIENTAL DE BARBACENA E REGIÃO;19;POLÍTICA MUNICIPAL DE MEIO AMBIENTE E BEM-ESTAR ANIMAL;18;Gestão Ambiental;541;Preservação e Conservação Ambiental;736;4.4.50.41.00.00.00.00;CONTRIBUIÇÕES;1.753.517.0000;RECURSOS PROVENIENTES DE TAXAS, CONTRIBUIÇÕES E PREÇOS PÚBLICOS - EMENDAS SANDRO HELENO;2.500,00
PREFEITURA MUNICIPAL DE BARBACENA;31.002;FUNDO MUNICIPAL DE MEIO AMBIENTE - FMMA;2.527;APOIO A ASSOCIACAO AUMIGOS DO ABRIGO DA MADALENA TAVARES;19;POLÍTICA MUNICIPAL DE MEIO AMBIENTE E BEM-ESTAR ANIMAL;18;Gestão Ambiental;541;Preservação e Conservação Ambiental;737;3.3.50.41.00.00.00.00;CONTRIBUIÇÕES;1.501.000.0000;OUTROS RECURSOS NÃO VINCULADOS;0,00
PREFEITURA MUNICIPAL DE BARBACENA;31.002;FUNDO MUNICIPAL DE MEIO AMBIENTE - FMMA;2.527;APOIO A ASSOCIACAO AUMIGOS DO ABRIGO DA MADALENA TAVARES;19;POLÍTICA MUNICIPAL DE MEIO AMBIENTE E BEM-ESTAR ANIMAL;18;Gestão Ambiental;541;Preservação e Conservação Ambiental;737;3.3.50.41.00.00.00.00;CONTRIBUIÇÕES;1.501.505.0000;OUTROS RECURSOS NÃO VINCULADOS - EMENDAS FAUSTA TATA;5.000,00
PREFEITURA MUNICIPAL DE BARBACENA;31.002;FUNDO MUNICIPAL DE MEIO AMBIENTE - FMMA;2.527;APOIO A ASSOCIACAO AUMIGOS DO ABRIGO DA MADALENA TAVARES;19;POLÍTICA MUNICIPAL DE MEIO AMBIENTE E BEM-ESTAR ANIMAL;18;Gestão Ambiental;541;Preservação e Conservação Ambiental;738;4.4.50.41.00.00.00.00;CONTRIBUIÇÕES;1.501.000.0000;OUTROS RECURSOS NÃO VINCULADOS;0,00
PREFEITURA MUNICIPAL DE BARBACENA;31.002;FUNDO MUNICIPAL DE MEIO AMBIENTE - FMMA;2.527;APOIO A ASSOCIACAO AUMIGOS DO ABRIGO DA MADALENA TAVARES;19;POLÍTICA MUNICIPAL DE MEIO AMBIENTE E BEM-ESTAR ANIMAL;18;Gestão Ambiental;541;Preservação e Conservação Ambiental;738;4.4.50.41.00.00.00.00;CONTRIBUIÇÕES;1.501.505.0000;OUTROS RECURSOS NÃO VINCULADOS - EMENDAS FAUSTA TATA;5.000,00
PREFEITURA MUNICIPAL DE BARBACENA;31.002;FUNDO MUNICIPAL DE MEIO AMBIENTE - FMMA;2.534;APOIO A ASSOCIAÇÃO SOCIOAMBIENTAL FILHOS DAS ESTRELAS - ASAFE;19;POLÍTICA MUNICIPAL DE MEIO AMBIENTE E BEM-ESTAR ANIMAL;18;Gestão Ambiental;541;Preservação e Conservação Ambiental;739;3.3.50.41.00.00.00.00;CONTRIBUIÇÕES;1.501.000.0000;OUTROS RECURSOS NÃO VINCULADOS;0,00
PREFEITURA MUNICIPAL DE BARBACENA;31.002;FUNDO MUNICIPAL DE MEIO AMBIENTE - FMMA;2.534;APOIO A ASSOCIAÇÃO SOCIOAMBIENTAL FILHOS DAS ESTRELAS - ASAFE;19;POLÍTICA MUNICIPAL DE MEIO AMBIENTE E BEM-ESTAR ANIMAL;18;Gestão Ambiental;541;Preservação e Conservação Ambiental;739;3.3.50.41.00.00.00.00;CONTRIBUIÇÕES;1.501.510.0000;OUTROS RECURSOS NÃO VINCULADOS - EMENDAS TODINHO;5.000,00
PREFEITURA MUNICIPAL DE BARBACENA;31.002;FUNDO MUNICIPAL DE MEIO AMBIENTE - FMMA;2.534;APOIO A ASSOCIAÇÃO SOCIOAMBIENTAL FILHOS DAS ESTRELAS - ASAFE;19;POLÍTICA MUNICIPAL DE MEIO AMBIENTE E BEM-ESTAR ANIMAL;18;Gestão Ambiental;541;Preservação e Conservação Ambiental;739;3.3.50.41.00.00.00.00;CONTRIBUIÇÕES;1.753.000.0000;RECURSOS PROVENIENTES DE TAXAS, CONTRIBUIÇÕES E PREÇOS PÚBLICOS;0,00
PREFEITURA MUNICIPAL DE BARBACENA;31.002;FUNDO MUNICIPAL DE MEIO AMBIENTE - FMMA;2.534;APOIO A ASSOCIAÇÃO SOCIOAMBIENTAL FILHOS DAS ESTRELAS - ASAFE;19;POLÍTICA MUNICIPAL DE MEIO AMBIENTE E BEM-ESTAR ANIMAL;18;Gestão Ambiental;541;Preservação e Conservação Ambiental;739;3.3.50.41.00.00.00.00;CONTRIBUIÇÕES;1.753.502.0000;RECURSOS PROVENIENTES DE TAXAS, CONTRIBUIÇÕES E PREÇOS PÚBLICOS - EMENDAS DIEGO BAIANO;5.000,00
PREFEITURA MUNICIPAL DE BARBACENA;31.002;FUNDO MUNICIPAL DE MEIO AMBIENTE - FMMA;2.534;APOIO A ASSOCIAÇÃO SOCIOAMBIENTAL FILHOS DAS ESTRELAS - ASAFE;19;POLÍTICA MUNICIPAL DE MEIO AMBIENTE E BEM-ESTAR ANIMAL;18;Gestão Ambiental;541;Preservação e Conservação Ambiental;739;3.3.50.41.00.00.00.00;CONTRIBUIÇÕES;1.753.503.0000;RECURSOS PROVENIENTES DE TAXAS, CONTRIBUIÇÕES E PREÇOS PÚBLICOS - EMENDAS EVERTON WALLACE;2.500,00
PREFEITURA MUNICIPAL DE BARBACENA;31.002;FUNDO MUNICIPAL DE MEIO AMBIENTE - FMMA;2.534;APOIO A ASSOCIAÇÃO SOCIOAMBIENTAL FILHOS DAS ESTRELAS - ASAFE;19;POLÍTICA MUNICIPAL DE MEIO AMBIENTE E BEM-ESTAR ANIMAL;18;Gestão Ambiental;541;Preservação e Conservação Ambiental;739;3.3.50.41.00.00.00.00;CONTRIBUIÇÕES;1.753.508.0000;RECURSOS PROVENIENTES DE TAXAS, CONTRIBUIÇÕES E PREÇOS PÚBLICOS - EMENDAS GLAUBER MILAGRES;2.500,00
PREFEITURA MUNICIPAL DE BARBACENA;31.002;FUNDO MUNICIPAL DE MEIO AMBIENTE - FMMA;2.534;APOIO A ASSOCIAÇÃO SOCIOAMBIENTAL FILHOS DAS ESTRELAS - ASAFE;19;POLÍTICA MUNICIPAL DE MEIO AMBIENTE E BEM-ESTAR ANIMAL;18;Gestão Ambiental;541;Preservação e Conservação Ambiental;740;4.4.50.41.00.00.00.00;CONTRIBUIÇÕES;1.501.000.0000;OUTROS RECURSOS NÃO VINCULADOS;0,00
PREFEITURA MUNICIPAL DE BARBACENA;31.002;FUNDO MUNICIPAL DE MEIO AMBIENTE - FMMA;2.534;APOIO A ASSOCIAÇÃO SOCIOAMBIENTAL FILHOS DAS ESTRELAS - ASAFE;19;POLÍTICA MUNICIPAL DE MEIO AMBIENTE E BEM-ESTAR ANIMAL;18;Gestão Ambiental;541;Preservação e Conservação Ambiental;740;4.4.50.41.00.00.00.00;CONTRIBUIÇÕES;1.501.510.0000;OUTROS RECURSOS NÃO VINCULADOS - EMENDAS TODINHO;5.000,00
PREFEITURA MUNICIPAL DE BARBACENA;31.002;FUNDO MUNICIPAL DE MEIO AMBIENTE - FMMA;2.534;APOIO A ASSOCIAÇÃO SOCIOAMBIENTAL FILHOS DAS ESTRELAS - ASAFE;19;POLÍTICA MUNICIPAL DE MEIO AMBIENTE E BEM-ESTAR ANIMAL;18;Gestão Ambiental;541;Preservação e Conservação Ambiental;740;4.4.50.41.00.00.00.00;CONTRIBUIÇÕES;1.753.000.0000;RECURSOS PROVENIENTES DE TAXAS, CONTRIBUIÇÕES E PREÇOS PÚBLICOS;0,00
PREFEITURA MUNICIPAL DE BARBACENA;31.002;FUNDO MUNICIPAL DE MEIO AMBIENTE - FMMA;2.534;APOIO A ASSOCIAÇÃO SOCIOAMBIENTAL FILHOS DAS ESTRELAS - ASAFE;19;POLÍTICA MUNICIPAL DE MEIO AMBIENTE E BEM-ESTAR ANIMAL;18;Gestão Ambiental;541;Preservação e Conservação Ambiental;740;4.4.50.41.00.00.00.00;CONTRIBUIÇÕES;1.753.502.0000;RECURSOS PROVENIENTES DE TAXAS, CONTRIBUIÇÕES E PREÇOS PÚBLICOS - EMENDAS DIEGO BAIANO;5.000,00
PREFEITURA MUNICIPAL DE BARBACENA;31.002;FUNDO MUNICIPAL DE MEIO AMBIENTE - FMMA;2.534;APOIO A ASSOCIAÇÃO SOCIOAMBIENTAL FILHOS DAS ESTRELAS - ASAFE;19;POLÍTICA MUNICIPAL DE MEIO AMBIENTE E BEM-ESTAR ANIMAL;18;Gestão Ambiental;541;Preservação e Conservação Ambiental;740;4.4.50.41.00.00.00.00;CONTRIBUIÇÕES;1.753.503.0000;RECURSOS PROVENIENTES DE TAXAS, CONTRIBUIÇÕES E PREÇOS PÚBLICOS - EMENDAS EVERTON WALLACE;2.500,00
PREFEITURA MUNICIPAL DE BARBACENA;31.002;FUNDO MUNICIPAL DE MEIO AMBIENTE - FMMA;2.534;APOIO A ASSOCIAÇÃO SOCIOAMBIENTAL FILHOS DAS ESTRELAS - ASAFE;19;POLÍTICA MUNICIPAL DE MEIO AMBIENTE E BEM-ESTAR ANIMAL;18;Gestão Ambiental;541;Preservação e Conservação Ambiental;740;4.4.50.41.00.00.00.00;CONTRIBUIÇÕES;1.753.508.0000;RECURSOS PROVENIENTES DE TAXAS, CONTRIBUIÇÕES E PREÇOS PÚBLICOS - EMENDAS GLAUBER MILAGRES;2.500,00
PREFEITURA MUNICIPAL DE BARBACENA;31.002;FUNDO MUNICIPAL DE MEIO AMBIENTE - FMMA;4.494;APOIO AO INSTITUTO LOBO-GUARÁ DE CONSERVAÇÃO DA BIODIVERSIDADE;19;POLÍTICA MUNICIPAL DE MEIO AMBIENTE E BEM-ESTAR ANIMAL;18;Gestão Ambiental;541;Preservação e Conservação Ambiental;741;3.3.50.41.00.00.00.00;CONTRIBUIÇÕES;1.501.000.0000;OUTROS RECURSOS NÃO VINCULADOS;0,00
PREFEITURA MUNICIPAL DE BARBACENA;31.002;FUNDO MUNICIPAL DE MEIO AMBIENTE - FMMA;4.494;APOIO AO INSTITUTO LOBO-GUARÁ DE CONSERVAÇÃO DA BIODIVERSIDADE;19;POLÍTICA MUNICIPAL DE MEIO AMBIENTE E BEM-ESTAR ANIMAL;18;Gestão Ambiental;541;Preservação e Conservação Ambiental;741;3.3.50.41.00.00.00.00;CONTRIBUIÇÕES;1.501.527.0000;OUTROS RECURSOS NÃO VINCULADOS - EMENDAS BANCADA PSD;79.055,88
PREFEITURA MUNICIPAL DE BARBACENA;31.002;FUNDO MUNICIPAL DE MEIO AMBIENTE - FMMA;4.494;APOIO AO INSTITUTO LOBO-GUARÁ DE CONSERVAÇÃO DA BIODIVERSIDADE;19;POLÍTICA MUNICIPAL DE MEIO AMBIENTE E BEM-ESTAR ANIMAL;18;Gestão Ambiental;541;Preservação e Conservação Ambiental;742;4.4.50.41.00.00.00.00;CONTRIBUIÇÕES;1.501.000.0000;OUTROS RECURSOS NÃO VINCULADOS;0,00
PREFEITURA MUNICIPAL DE BARBACENA;31.002;FUNDO MUNICIPAL DE MEIO AMBIENTE - FMMA;4.494;APOIO AO INSTITUTO LOBO-GUARÁ DE CONSERVAÇÃO DA BIODIVERSIDADE;19;POLÍTICA MUNICIPAL DE MEIO AMBIENTE E BEM-ESTAR ANIMAL;18;Gestão Ambiental;541;Preservação e Conservação Ambiental;742;4.4.50.41.00.00.00.00;CONTRIBUIÇÕES;1.501.527.0000;OUTROS RECURSOS NÃO VINCULADOS - EMENDAS BANCADA PSD;79.055,87
PREFEITURA MUNICIPAL DE BARBACENA;32.001;SEDUC;2.125;MANUTENÇÃO DA SEDUC;11;APOIO A ADMINISTRAÇAO PUBLICA;12;Educação;122;Administração Geral;743;3.3.90.14.00.00.00.00;DIÁRIAS - PESSOAL CIVIL;1.500.000.1001;RECURSOS NÃO VINCULADOS DE IMPOSTOS (EDUCAÇÃO);45.000,00
PREFEITURA MUNICIPAL DE BARBACENA;32.001;SEDUC;2.125;MANUTENÇÃO DA SEDUC;11;APOIO A ADMINISTRAÇAO PUBLICA;12;Educação;122;Administração Geral;744;3.3.90.30.00.00.00.00;MATERIAL DE CONSUMO;1.500.000.0000;RECURSOS NÃO VINCULADOS DE IMPOSTOS;500,00
PREFEITURA MUNICIPAL DE BARBACENA;32.001;SEDUC;2.125;MANUTENÇÃO DA SEDUC;11;APOIO A ADMINISTRAÇAO PUBLICA;12;Educação;122;Administração Geral;744;3.3.90.30.00.00.00.00;MATERIAL DE CONSUMO;1.500.000.1001;RECURSOS NÃO VINCULADOS DE IMPOSTOS (EDUCAÇÃO);80.931,93
PREFEITURA MUNICIPAL DE BARBACENA;32.001;SEDUC;2.125;MANUTENÇÃO DA SEDUC;11;APOIO A ADMINISTRAÇAO PUBLICA;12;Educação;122;Administração Geral;745;3.3.90.33.00.00.00.00;PASSAGENS E DESPESAS COM LOCOMOÇÃO;1.500.000.1001;RECURSOS NÃO VINCULADOS DE IMPOSTOS (EDUCAÇÃO);1.000,00
PREFEITURA MUNICIPAL DE BARBACENA;32.001;SEDUC;2.125;MANUTENÇÃO DA SEDUC;11;APOIO A ADMINISTRAÇAO PUBLICA;12;Educação;122;Administração Geral;746;3.3.90.35.00.00.00.00;SERVIÇOS DE CONSULTORIA;1.500.000.1001;RECURSOS NÃO VINCULADOS DE IMPOSTOS (EDUCAÇÃO);5.000,00
PREFEITURA MUNICIPAL DE BARBACENA;32.001;SEDUC;2.125;MANUTENÇÃO DA SEDUC;11;APOIO A ADMINISTRAÇAO PUBLICA;12;Educação;122;Administração Geral;747;3.3.90.36.00.00.00.00;OUTROS SERVIÇOS DE TERCEIROS - PESSOA FÍSICA;1.500.000.1001;RECURSOS NÃO VINCULADOS DE IMPOSTOS (EDUCAÇÃO);101.718,90
PREFEITURA MUNICIPAL DE BARBACENA;32.001;SEDUC;2.125;MANUTENÇÃO DA SEDUC;11;APOIO A ADMINISTRAÇAO PUBLICA;12;Educação;122;Administração Geral;748;3.3.90.39.00.00.00.00;OUTROS SERVIÇOS DE TERCEIROS - PESSOA JURÍDICA;1.500.000.0000;RECURSOS NÃO VINCULADOS DE IMPOSTOS;33.920,00
PREFEITURA MUNICIPAL DE BARBACENA;32.001;SEDUC;2.125;MANUTENÇÃO DA SEDUC;11;APOIO A ADMINISTRAÇAO PUBLICA;12;Educação;122;Administração Geral;748;3.3.90.39.00.00.00.00;OUTROS SERVIÇOS DE TERCEIROS - PESSOA JURÍDICA;1.500.000.1001;RECURSOS NÃO VINCULADOS DE IMPOSTOS (EDUCAÇÃO);549.383,04
PREFEITURA MUNICIPAL DE BARBACENA;32.001;SEDUC;2.125;MANUTENÇÃO DA SEDUC;11;APOIO A ADMINISTRAÇAO PUBLICA;12;Educação;122;Administração Geral;749;3.3.90.40.00.00.00.00;SERVIÇOS DE TECNOLOGIA DA INFORMAÇÃO E COMUNICAÇ;1.500.000.0000;RECURSOS NÃO VINCULADOS DE IMPOSTOS;500,00
PREFEITURA MUNICIPAL DE BARBACENA;32.001;SEDUC;2.125;MANUTENÇÃO DA SEDUC;11;APOIO A ADMINISTRAÇAO PUBLICA;12;Educação;122;Administração Geral;749;3.3.90.40.00.00.00.00;SERVIÇOS DE TECNOLOGIA DA INFORMAÇÃO E COMUNICAÇ;1.500.000.1001;RECURSOS NÃO VINCULADOS DE IMPOSTOS (EDUCAÇÃO);45.745,10
PREFEITURA MUNICIPAL DE BARBACENA;32.001;SEDUC;2.125;MANUTENÇÃO DA SEDUC;11;APOIO A ADMINISTRAÇAO PUBLICA;12;Educação;122;Administração Geral;750;3.3.90.47.00.00.00.00;OBRIGAÇÕES TRIBUTÁRIAS E CONTRIBUTIVAS;1.500.000.0000;RECURSOS NÃO VINCULADOS DE IMPOSTOS;500,00
PREFEITURA MUNICIPAL DE BARBACENA;32.001;SEDUC;2.125;MANUTENÇÃO DA SEDUC;11;APOIO A ADMINISTRAÇAO PUBLICA;12;Educação;122;Administração Geral;750;3.3.90.47.00.00.00.00;OBRIGAÇÕES TRIBUTÁRIAS E CONTRIBUTIVAS;1.500.000.1001;RECURSOS NÃO VINCULADOS DE IMPOSTOS (EDUCAÇÃO);1.000,00
PREFEITURA MUNICIPAL DE BARBACENA;32.001;SEDUC;2.125;MANUTENÇÃO DA SEDUC;11;APOIO A ADMINISTRAÇAO PUBLICA;12;Educação;122;Administração Geral;751;3.3.90.48.00.00.00.00;OUTROS AUXÍLIOS FINANCEIROS A PESSOAS FÍSICAS;1.500.000.1001;RECURSOS NÃO VINCULADOS DE IMPOSTOS (EDUCAÇÃO);10.000,00
PREFEITURA MUNICIPAL DE BARBACENA;32.001;SEDUC;2.125;MANUTENÇÃO DA SEDUC;11;APOIO A ADMINISTRAÇAO PUBLICA;12;Educação;122;Administração Geral;752;3.3.90.49.00.00.00.00;AUXÍLIO-TRANSPORTE;1.500.000.1001;RECURSOS NÃO VINCULADOS DE IMPOSTOS (EDUCAÇÃO);1.000,00
PREFEITURA MUNICIPAL DE BARBACENA;32.001;SEDUC;2.125;MANUTENÇÃO DA SEDUC;11;APOIO A ADMINISTRAÇAO PUBLICA;12;Educação;122;Administração Geral;753;3.3.90.92.00.00.00.00;DESPESAS DE EXERCÍCIOS ANTERIORES;1.500.000.1001;RECURSOS NÃO VINCULADOS DE IMPOSTOS (EDUCAÇÃO);21.505,00
PREFEITURA MUNICIPAL DE BARBACENA;32.001;SEDUC;2.125;MANUTENÇÃO DA SEDUC;11;APOIO A ADMINISTRAÇAO PUBLICA;12;Educação;122;Administração Geral;754;3.3.90.93.00.00.00.00;INDENIZAÇÕES E RESTITUIÇÕES;1.500.000.0000;RECURSOS NÃO VINCULADOS DE IMPOSTOS;500,00
PREFEITURA MUNICIPAL DE BARBACENA;32.001;SEDUC;2.125;MANUTENÇÃO DA SEDUC;11;APOIO A ADMINISTRAÇAO PUBLICA;12;Educação;122;Administração Geral;754;3.3.90.93.00.00.00.00;INDENIZAÇÕES E RESTITUIÇÕES;1.500.000.1001;RECURSOS NÃO VINCULADOS DE IMPOSTOS (EDUCAÇÃO);40.000,00
PREFEITURA MUNICIPAL DE BARBACENA;32.001;SEDUC;2.125;MANUTENÇÃO DA SEDUC;11;APOIO A ADMINISTRAÇAO PUBLICA;12;Educação;122;Administração Geral;754;3.3.90.93.00.00.00.00;INDENIZAÇÕES E RESTITUIÇÕES;1.569.000.0000;OUTRAS TRANSFERÊNCIAS DE RECURSOS DO FNDE;14,22
PREFEITURA MUNICIPAL DE BARBACENA;32.001;SEDUC;2.125;MANUTENÇÃO DA SEDUC;11;APOIO A ADMINISTRAÇAO PUBLICA;12;Educação;122;Administração Geral;754;3.3.90.93.00.00.00.00;INDENIZAÇÕES E RESTITUIÇÕES;2.569.000.0000;OUTRAS TRANSFERÊNCIAS DE RECURSOS DO FNDE;938,32
PREFEITURA MUNICIPAL DE BARBACENA;32.001;SEDUC;2.125;MANUTENÇÃO DA SEDUC;11;APOIO A ADMINISTRAÇAO PUBLICA;12;Educação;122;Administração Geral;755;4.4.90.52.00.00.00.00;EQUIPAMENTOS E MATERIAL PERMANENTE;1.500.000.1001;RECURSOS NÃO VINCULADOS DE IMPOSTOS (EDUCAÇÃO);0,00
PREFEITURA MUNICIPAL DE BARBACENA;32.001;SEDUC;2.125;MANUTENÇÃO DA SEDUC;11;APOIO A ADMINISTRAÇAO PUBLICA;12;Educação;122;Administração Geral;756;4.4.90.61.00.00.00.00;AQUISIÇÃO DE IMÓVEIS;1.500.000.1001;RECURSOS NÃO VINCULADOS DE IMPOSTOS (EDUCAÇÃO);0,00
PREFEITURA MUNICIPAL DE BARBACENA;32.001;SEDUC;2.125;MANUTENÇÃO DA SEDUC;11;APOIO A ADMINISTRAÇAO PUBLICA;12;Educação;122;Administração Geral;1214;3.3.67.83.00.00.00.00;DESPESAS DECORRENTES DE CONTRATO DE PARCERIA PÚB.;1.500.000.1001;RECURSOS NÃO VINCULADOS DE IMPOSTOS (EDUCAÇÃO);266.481,84
PREFEITURA MUNICIPAL DE BARBACENA;32.001;SEDUC;2.126;PESSOAL E ENCARGOS SOCIAIS DA SEDUC;11;APOIO A ADMINISTRAÇAO PUBLICA;12;Educação;122;Administração Geral;757;3.1.90.04.00.00.00.00;CONTRATAÇÃO POR TEMPO DETERMINADO;1.500.000.1001;RECURSOS NÃO VINCULADOS DE IMPOSTOS (EDUCAÇÃO);2.050.679,29
PREFEITURA MUNICIPAL DE BARBACENA;32.001;SEDUC;2.126;PESSOAL E ENCARGOS SOCIAIS DA SEDUC;11;APOIO A ADMINISTRAÇAO PUBLICA;12;Educação;122;Administração Geral;758;3.1.90.11.00.00.00.00;VENCIMENTOS E VANTAGENS FIXAS - PESSOAL CIVIL;1.500.000.0000;RECURSOS NÃO VINCULADOS DE IMPOSTOS;66.213,17
PREFEITURA MUNICIPAL DE BARBACENA;32.001;SEDUC;2.126;PESSOAL E ENCARGOS SOCIAIS DA SEDUC;11;APOIO A ADMINISTRAÇAO PUBLICA;12;Educação;122;Administração Geral;758;3.1.90.11.00.00.00.00;VENCIMENTOS E VANTAGENS FIXAS - PESSOAL CIVIL;1.500.000.1001;RECURSOS NÃO VINCULADOS DE IMPOSTOS (EDUCAÇÃO);2.445.034,59
PREFEITURA MUNICIPAL DE BARBACENA;32.001;SEDUC;2.126;PESSOAL E ENCARGOS SOCIAIS DA SEDUC;11;APOIO A ADMINISTRAÇAO PUBLICA;12;Educação;122;Administração Geral;759;3.1.90.13.00.00.00.00;OBRIGAÇÕES PATRONAIS;1.500.000.0000;RECURSOS NÃO VINCULADOS DE IMPOSTOS;3.211,29
PREFEITURA MUNICIPAL DE BARBACENA;32.001;SEDUC;2.126;PESSOAL E ENCARGOS SOCIAIS DA SEDUC;11;APOIO A ADMINISTRAÇAO PUBLICA;12;Educação;122;Administração Geral;759;3.1.90.13.00.00.00.00;OBRIGAÇÕES PATRONAIS;1.500.000.1001;RECURSOS NÃO VINCULADOS DE IMPOSTOS (EDUCAÇÃO);126.201,43
PREFEITURA MUNICIPAL DE BARBACENA;32.001;SEDUC;2.126;PESSOAL E ENCARGOS SOCIAIS DA SEDUC;11;APOIO A ADMINISTRAÇAO PUBLICA;12;Educação;122;Administração Geral;760;3.1.90.16.00.00.00.00;OUTRAS DESPESAS VARIÁVEIS - PESSOAL CIVIL;1.500.000.1001;RECURSOS NÃO VINCULADOS DE IMPOSTOS (EDUCAÇÃO);1.000,00
PREFEITURA MUNICIPAL DE BARBACENA;32.001;SEDUC;2.126;PESSOAL E ENCARGOS SOCIAIS DA SEDUC;11;APOIO A ADMINISTRAÇAO PUBLICA;12;Educação;122;Administração Geral;761;3.1.90.92.00.00.00.00;DESPESAS DE EXERCÍCIOS ANTERIORES;1.500.000.1001;RECURSOS NÃO VINCULADOS DE IMPOSTOS (EDUCAÇÃO);5.000,00
PREFEITURA MUNICIPAL DE BARBACENA;32.001;SEDUC;2.126;PESSOAL E ENCARGOS SOCIAIS DA SEDUC;11;APOIO A ADMINISTRAÇAO PUBLICA;12;Educação;122;Administração Geral;762;3.1.90.94.00.00.00.00;INDENIZAÇÕES E RESTITUIÇÕES TRABALHISTAS;1.500.000.1001;RECURSOS NÃO VINCULADOS DE IMPOSTOS (EDUCAÇÃO);5.000,00
PREFEITURA MUNICIPAL DE BARBACENA;32.001;SEDUC;2.126;PESSOAL E ENCARGOS SOCIAIS DA SEDUC;11;APOIO A ADMINISTRAÇAO PUBLICA;12;Educação;122;Administração Geral;763;3.1.91.13.00.00.00.00;OBRIGAÇÕES PATRONAIS;1.500.000.0000;RECURSOS NÃO VINCULADOS DE IMPOSTOS;13.720,62
PREFEITURA MUNICIPAL DE BARBACENA;32.001;SEDUC;2.126;PESSOAL E ENCARGOS SOCIAIS DA SEDUC;11;APOIO A ADMINISTRAÇAO PUBLICA;12;Educação;122;Administração Geral;763;3.1.91.13.00.00.00.00;OBRIGAÇÕES PATRONAIS;1.500.000.1001;RECURSOS NÃO VINCULADOS DE IMPOSTOS (EDUCAÇÃO);278.324,82
PREFEITURA MUNICIPAL DE BARBACENA;32.001;SEDUC;2.126;PESSOAL E ENCARGOS SOCIAIS DA SEDUC;11;APOIO A ADMINISTRAÇAO PUBLICA;12;Educação;122;Administração Geral;764;3.1.91.92.00.00.00.00;DESPESAS DE EXERCÍCIOS ANTERIORES;1.500.000.1001;RECURSOS NÃO VINCULADOS DE IMPOSTOS (EDUCAÇÃO);1.000,00
PREFEITURA MUNICIPAL DE BARBACENA;32.001;SEDUC;2.126;PESSOAL E ENCARGOS SOCIAIS DA SEDUC;11;APOIO A ADMINISTRAÇAO PUBLICA;12;Educação;122;Administração Geral;765;3.3.90.08.00.00.00.00;OUTROS BENEFÍCIOS ASSISTENCIAIS-SERVIDOR/MILITAR;1.500.000.1001;RECURSOS NÃO VINCULADOS DE IMPOSTOS (EDUCAÇÃO);3.731,24
PREFEITURA MUNICIPAL DE BARBACENA;32.001;SEDUC;2.126;PESSOAL E ENCARGOS SOCIAIS DA SEDUC;11;APOIO A ADMINISTRAÇAO PUBLICA;12;Educação;122;Administração Geral;766;3.3.90.18.00.00.00.00;AUXÍLIO FINANCEIRO A ESTUDANTES;1.500.000.1001;RECURSOS NÃO VINCULADOS DE IMPOSTOS (EDUCAÇÃO);10.000,00
PREFEITURA MUNICIPAL DE BARBACENA;32.001;SEDUC;2.126;PESSOAL E ENCARGOS SOCIAIS DA SEDUC;11;APOIO A ADMINISTRAÇAO PUBLICA;12;Educação;122;Administração Geral;767;3.3.90.46.00.00.00.00;AUXÍLIO-ALIMENTAÇÃO;1.500.000.0000;RECURSOS NÃO VINCULADOS DE IMPOSTOS;6.000,00
PREFEITURA MUNICIPAL DE BARBACENA;32.001;SEDUC;2.126;PESSOAL E ENCARGOS SOCIAIS DA SEDUC;11;APOIO A ADMINISTRAÇAO PUBLICA;12;Educação;122;Administração Geral;767;3.3.90.46.00.00.00.00;AUXÍLIO-ALIMENTAÇÃO;1.500.000.1001;RECURSOS NÃO VINCULADOS DE IMPOSTOS (EDUCAÇÃO);627.244,00
PREFEITURA MUNICIPAL DE BARBACENA;32.001;SEDUC;2.248;APOIO AO INSTITUTO ALIANCA DE GERACOES;11;APOIO A ADMINISTRAÇAO PUBLICA;12;Educação;122;Administração Geral;768;3.3.50.41.00.00.00.00;CONTRIBUIÇÕES;1.500.000.0000;RECURSOS NÃO VINCULADOS DE IMPOSTOS;0,00
PREFEITURA MUNICIPAL DE BARBACENA;32.001;SEDUC;2.248;APOIO AO INSTITUTO ALIANCA DE GERACOES;11;APOIO A ADMINISTRAÇAO PUBLICA;12;Educação;122;Administração Geral;768;3.3.50.41.00.00.00.00;CONTRIBUIÇÕES;1.500.504.0000;RECURSOS NÃO VINCULADOS DE IMPOSTOS - EMENDAS PASTOR EWERTON;151.720,82
PREFEITURA MUNICIPAL DE BARBACENA;32.001;SEDUC;2.248;APOIO AO INSTITUTO ALIANCA DE GERACOES;11;APOIO A ADMINISTRAÇAO PUBLICA;12;Educação;122;Administração Geral;768;3.3.50.41.00.00.00.00;CONTRIBUIÇÕES;1.500.511.0000;RECURSOS NÃO VINCULADOS DE IMPOSTOS - EMENDAS CARLINHOS PLAY BOY;25.000,00
PREFEITURA MUNICIPAL DE BARBACENA;32.001;SEDUC;2.248;APOIO AO INSTITUTO ALIANCA DE GERACOES;11;APOIO A ADMINISTRAÇAO PUBLICA;12;Educação;122;Administração Geral;768;3.3.50.41.00.00.00.00;CONTRIBUIÇÕES;1.500.519.0000;RECURSOS NÃO VINCULADOS DE IMPOSTOS - EMENDAS THIAGO MARTINS;49.055,88
PREFEITURA MUNICIPAL DE BARBACENA;32.001;SEDUC;2.248;APOIO AO INSTITUTO ALIANCA DE GERACOES;11;APOIO A ADMINISTRAÇAO PUBLICA;12;Educação;122;Administração Geral;768;3.3.50.41.00.00.00.00;CONTRIBUIÇÕES;1.753.000.0000;RECURSOS PROVENIENTES DE TAXAS, CONTRIBUIÇÕES E PREÇOS PÚBLICOS;0,00
PREFEITURA MUNICIPAL DE BARBACENA;32.001;SEDUC;2.248;APOIO AO INSTITUTO ALIANCA DE GERACOES;11;APOIO A ADMINISTRAÇAO PUBLICA;12;Educação;122;Administração Geral;768;3.3.50.41.00.00.00.00;CONTRIBUIÇÕES;1.753.508.0000;RECURSOS PROVENIENTES DE TAXAS, CONTRIBUIÇÕES E PREÇOS PÚBLICOS - EMENDAS GLAUBER MILAGRES;10.000,00
PREFEITURA MUNICIPAL DE BARBACENA;32.001;SEDUC;2.248;APOIO AO INSTITUTO ALIANCA DE GERACOES;11;APOIO A ADMINISTRAÇAO PUBLICA;12;Educação;122;Administração Geral;769;4.4.50.41.00.00.00.00;CONTRIBUIÇÕES;1.500.000.0000;RECURSOS NÃO VINCULADOS DE IMPOSTOS;0,00
PREFEITURA MUNICIPAL DE BARBACENA;32.001;SEDUC;2.248;APOIO AO INSTITUTO ALIANCA DE GERACOES;11;APOIO A ADMINISTRAÇAO PUBLICA;12;Educação;122;Administração Geral;769;4.4.50.41.00.00.00.00;CONTRIBUIÇÕES;1.500.504.0000;RECURSOS NÃO VINCULADOS DE IMPOSTOS - EMENDAS PASTOR EWERTON;151.720,83
PREFEITURA MUNICIPAL DE BARBACENA;32.001;SEDUC;2.248;APOIO AO INSTITUTO ALIANCA DE GERACOES;11;APOIO A ADMINISTRAÇAO PUBLICA;12;Educação;122;Administração Geral;769;4.4.50.41.00.00.00.00;CONTRIBUIÇÕES;1.500.511.0000;RECURSOS NÃO VINCULADOS DE IMPOSTOS - EMENDAS CARLINHOS PLAY BOY;25.000,00
PREFEITURA MUNICIPAL DE BARBACENA;32.001;SEDUC;2.248;APOIO AO INSTITUTO ALIANCA DE GERACOES;11;APOIO A ADMINISTRAÇAO PUBLICA;12;Educação;122;Administração Geral;769;4.4.50.41.00.00.00.00;CONTRIBUIÇÕES;1.500.519.0000;RECURSOS NÃO VINCULADOS DE IMPOSTOS - EMENDAS THIAGO MARTINS;49.055,87
PREFEITURA MUNICIPAL DE BARBACENA;32.001;SEDUC;2.248;APOIO AO INSTITUTO ALIANCA DE GERACOES;11;APOIO A ADMINISTRAÇAO PUBLICA;12;Educação;122;Administração Geral;769;4.4.50.41.00.00.00.00;CONTRIBUIÇÕES;1.753.000.0000;RECURSOS PROVENIENTES DE TAXAS, CONTRIBUIÇÕES E PREÇOS PÚBLICOS;0,00
PREFEITURA MUNICIPAL DE BARBACENA;32.001;SEDUC;2.248;APOIO AO INSTITUTO ALIANCA DE GERACOES;11;APOIO A ADMINISTRAÇAO PUBLICA;12;Educação;122;Administração Geral;769;4.4.50.41.00.00.00.00;CONTRIBUIÇÕES;1.753.508.0000;RECURSOS PROVENIENTES DE TAXAS, CONTRIBUIÇÕES E PREÇOS PÚBLICOS - EMENDAS GLAUBER MILAGRES;10.000,00
PREFEITURA MUNICIPAL DE BARBACENA;32.001;SEDUC;2.530;ACOES DE APOIO A EDUCACAO MUNICIPAL - EMENDAS MUNICIPAIS;11;APOIO A ADMINISTRAÇAO PUBLICA;12;Educação;122;Administração Geral;770;3.3.90.30.00.00.00.00;MATERIAL DE CONSUMO;1.500.000.0000;RECURSOS NÃO VINCULADOS DE IMPOSTOS;0,00
PREFEITURA MUNICIPAL DE BARBACENA;32.001;SEDUC;2.530;ACOES DE APOIO A EDUCACAO MUNICIPAL - EMENDAS MUNICIPAIS;11;APOIO A ADMINISTRAÇAO PUBLICA;12;Educação;122;Administração Geral;770;3.3.90.30.00.00.00.00;MATERIAL DE CONSUMO;1.500.502.0000;RECURSOS NÃO VINCULADOS DE IMPOSTOS - EMENDAS DIEGO BAIANO;5.000,00
PREFEITURA MUNICIPAL DE BARBACENA;32.001;SEDUC;2.530;ACOES DE APOIO A EDUCACAO MUNICIPAL - EMENDAS MUNICIPAIS;11;APOIO A ADMINISTRAÇAO PUBLICA;12;Educação;122;Administração Geral;770;3.3.90.30.00.00.00.00;MATERIAL DE CONSUMO;1.500.511.0000;RECURSOS NÃO VINCULADOS DE IMPOSTOS - EMENDAS CARLINHOS PLAY BOY;45.000,00
PREFEITURA MUNICIPAL DE BARBACENA;32.001;SEDUC;2.530;ACOES DE APOIO A EDUCACAO MUNICIPAL - EMENDAS MUNICIPAIS;11;APOIO A ADMINISTRAÇAO PUBLICA;12;Educação;122;Administração Geral;771;4.4.90.52.00.00.00.00;EQUIPAMENTOS E MATERIAL PERMANENTE;1.500.000.0000;RECURSOS NÃO VINCULADOS DE IMPOSTOS;0,00
PREFEITURA MUNICIPAL DE BARBACENA;32.001;SEDUC;2.530;ACOES DE APOIO A EDUCACAO MUNICIPAL - EMENDAS MUNICIPAIS;11;APOIO A ADMINISTRAÇAO PUBLICA;12;Educação;122;Administração Geral;771;4.4.90.52.00.00.00.00;EQUIPAMENTOS E MATERIAL PERMANENTE;1.500.502.0000;RECURSOS NÃO VINCULADOS DE IMPOSTOS - EMENDAS DIEGO BAIANO;5.000,00
PREFEITURA MUNICIPAL DE BARBACENA;32.001;SEDUC;2.530;ACOES DE APOIO A EDUCACAO MUNICIPAL - EMENDAS MUNICIPAIS;11;APOIO A ADMINISTRAÇAO PUBLICA;12;Educação;122;Administração Geral;771;4.4.90.52.00.00.00.00;EQUIPAMENTOS E MATERIAL PERMANENTE;1.500.511.0000;RECURSOS NÃO VINCULADOS DE IMPOSTOS - EMENDAS CARLINHOS PLAY BOY;45.000,00
PREFEITURA MUNICIPAL DE BARBACENA;32.001;SEDUC;4.248;APOIO AO INSTITUTO ALIANCA DE GERACOES;11;APOIO A ADMINISTRAÇAO PUBLICA;12;Educação;122;Administração Geral;772;3.3.50.41.00.00.00.00;CONTRIBUIÇÕES;1.500.000.0000;RECURSOS NÃO VINCULADOS DE IMPOSTOS;0,00
PREFEITURA MUNICIPAL DE BARBACENA;32.001;SEDUC;4.248;APOIO AO INSTITUTO ALIANCA DE GERACOES;11;APOIO A ADMINISTRAÇAO PUBLICA;12;Educação;122;Administração Geral;772;3.3.50.41.00.00.00.00;CONTRIBUIÇÕES;1.500.521.0000;RECURSOS NÃO VINCULADOS DE IMPOSTOS - EMENDAS BANCADA MDB;105.407,83
PREFEITURA MUNICIPAL DE BARBACENA;32.001;SEDUC;4.248;APOIO AO INSTITUTO ALIANCA DE GERACOES;11;APOIO A ADMINISTRAÇAO PUBLICA;12;Educação;122;Administração Geral;773;4.4.50.41.00.00.00.00;CONTRIBUIÇÕES;1.500.000.0000;RECURSOS NÃO VINCULADOS DE IMPOSTOS;0,00
PREFEITURA MUNICIPAL DE BARBACENA;32.001;SEDUC;4.248;APOIO AO INSTITUTO ALIANCA DE GERACOES;11;APOIO A ADMINISTRAÇAO PUBLICA;12;Educação;122;Administração Geral;773;4.4.50.41.00.00.00.00;CONTRIBUIÇÕES;1.500.521.0000;RECURSOS NÃO VINCULADOS DE IMPOSTOS - EMENDAS BANCADA MDB;105.407,83
PREFEITURA MUNICIPAL DE BARBACENA;32.001;SEDUC;2.080;MANUTENCAO DAS UNIDADES DE ENSINO DA EDUCACAO INFANTIL;14;GESTÃO DA EDUCAÇÃO INFANTIL;12;Educação;365;Educação Infantil;817;3.3.50.41.00.00.00.00;CONTRIBUIÇÕES;1.500.000.1001;RECURSOS NÃO VINCULADOS DE IMPOSTOS (EDUCAÇÃO);558.321,00
PREFEITURA MUNICIPAL DE BARBACENA;32.001;SEDUC;2.080;MANUTENCAO DAS UNIDADES DE ENSINO DA EDUCACAO INFANTIL;14;GESTÃO DA EDUCAÇÃO INFANTIL;12;Educação;365;Educação Infantil;818;3.3.50.43.00.00.00.00;SUBVENÇÕES SOCIAIS;1.500.000.1001;RECURSOS NÃO VINCULADOS DE IMPOSTOS (EDUCAÇÃO);3.097.692,54
PREFEITURA MUNICIPAL DE BARBACENA;32.001;SEDUC;2.080;MANUTENCAO DAS UNIDADES DE ENSINO DA EDUCACAO INFANTIL;14;GESTÃO DA EDUCAÇÃO INFANTIL;12;Educação;365;Educação Infantil;819;3.3.90.30.00.00.00.00;MATERIAL DE CONSUMO;1.500.000.1001;RECURSOS NÃO VINCULADOS DE IMPOSTOS (EDUCAÇÃO);61.610,00
PREFEITURA MUNICIPAL DE BARBACENA;32.001;SEDUC;2.080;MANUTENCAO DAS UNIDADES DE ENSINO DA EDUCACAO INFANTIL;14;GESTÃO DA EDUCAÇÃO INFANTIL;12;Educação;365;Educação Infantil;819;3.3.90.30.00.00.00.00;MATERIAL DE CONSUMO;1.550.000.0000;QESE - TRANSFERÊNCIA DO SALÁRIO-EDUCAÇÃO;294.468,51
PREFEITURA MUNICIPAL DE BARBACENA;32.001;SEDUC;2.080;MANUTENCAO DAS UNIDADES DE ENSINO DA EDUCACAO INFANTIL;14;GESTÃO DA EDUCAÇÃO INFANTIL;12;Educação;365;Educação Infantil;819;3.3.90.30.00.00.00.00;MATERIAL DE CONSUMO;1.552.000.0000;PNAE - TRANSFERÊNCIAS DE RECURSOS DO FNDE REFERENTES AO PROGRAMA NACIONAL DE ALIMENTAÇÃO ESCOLAR;479.433,00
PREFEITURA MUNICIPAL DE BARBACENA;32.001;SEDUC;2.080;MANUTENCAO DAS UNIDADES DE ENSINO DA EDUCACAO INFANTIL;14;GESTÃO DA EDUCAÇÃO INFANTIL;12;Educação;365;Educação Infantil;819;3.3.90.30.00.00.00.00;MATERIAL DE CONSUMO;2.552.000.0000;PNAE - TRANSFERÊNCIAS DE RECURSOS DO FNDE REFERENTES AO PROGRAMA NACIONAL DE ALIMENTAÇÃO ESCOLAR;106.402,93
PREFEITURA MUNICIPAL DE BARBACENA;32.001;SEDUC;2.080;MANUTENCAO DAS UNIDADES DE ENSINO DA EDUCACAO INFANTIL;14;GESTÃO DA EDUCAÇÃO INFANTIL;12;Educação;365;Educação Infantil;820;3.3.90.36.00.00.00.00;OUTROS SERVIÇOS DE TERCEIROS - PESSOA FÍSICA;1.500.000.1001;RECURSOS NÃO VINCULADOS DE IMPOSTOS (EDUCAÇÃO);3.000,00
PREFEITURA MUNICIPAL DE BARBACENA;32.001;SEDUC;2.080;MANUTENCAO DAS UNIDADES DE ENSINO DA EDUCACAO INFANTIL;14;GESTÃO DA EDUCAÇÃO INFANTIL;12;Educação;365;Educação Infantil;821;3.3.90.39.00.00.00.00;OUTROS SERVIÇOS DE TERCEIROS - PESSOA JURÍDICA;1.500.000.1001;RECURSOS NÃO VINCULADOS DE IMPOSTOS (EDUCAÇÃO);381.456,23
PREFEITURA MUNICIPAL DE BARBACENA;32.001;SEDUC;2.080;MANUTENCAO DAS UNIDADES DE ENSINO DA EDUCACAO INFANTIL;14;GESTÃO DA EDUCAÇÃO INFANTIL;12;Educação;365;Educação Infantil;821;3.3.90.39.00.00.00.00;OUTROS SERVIÇOS DE TERCEIROS - PESSOA JURÍDICA;1.550.000.0000;QESE - TRANSFERÊNCIA DO SALÁRIO-EDUCAÇÃO;2.000,00
PREFEITURA MUNICIPAL DE BARBACENA;32.001;SEDUC;2.080;MANUTENCAO DAS UNIDADES DE ENSINO DA EDUCACAO INFANTIL;14;GESTÃO DA EDUCAÇÃO INFANTIL;12;Educação;365;Educação Infantil;821;3.3.90.39.00.00.00.00;OUTROS SERVIÇOS DE TERCEIROS - PESSOA JURÍDICA;1.569.000.0000;OUTRAS TRANSFERÊNCIAS DE RECURSOS DO FNDE;8.820,00
PREFEITURA MUNICIPAL DE BARBACENA;32.001;SEDUC;2.080;MANUTENCAO DAS UNIDADES DE ENSINO DA EDUCACAO INFANTIL;14;GESTÃO DA EDUCAÇÃO INFANTIL;12;Educação;365;Educação Infantil;822;3.3.90.92.00.00.00.00;DESPESAS DE EXERCÍCIOS ANTERIORES;1.500.000.1001;RECURSOS NÃO VINCULADOS DE IMPOSTOS (EDUCAÇÃO);2.000,00
PREFEITURA MUNICIPAL DE BARBACENA;32.001;SEDUC;2.080;MANUTENCAO DAS UNIDADES DE ENSINO DA EDUCACAO INFANTIL;14;GESTÃO DA EDUCAÇÃO INFANTIL;12;Educação;365;Educação Infantil;823;3.3.90.93.00.00.00.00;INDENIZAÇÕES E RESTITUIÇÕES;1.569.000.0000;OUTRAS TRANSFERÊNCIAS DE RECURSOS DO FNDE;3.150,00
PREFEITURA MUNICIPAL DE BARBACENA;32.001;SEDUC;2.080;MANUTENCAO DAS UNIDADES DE ENSINO DA EDUCACAO INFANTIL;14;GESTÃO DA EDUCAÇÃO INFANTIL;12;Educação;365;Educação Infantil;824;4.4.50.41.00.00.00.00;CONTRIBUIÇÕES;1.500.000.1001;RECURSOS NÃO VINCULADOS DE IMPOSTOS (EDUCAÇÃO);10.000,00
PREFEITURA MUNICIPAL DE BARBACENA;32.001;SEDUC;2.080;MANUTENCAO DAS UNIDADES DE ENSINO DA EDUCACAO INFANTIL;14;GESTÃO DA EDUCAÇÃO INFANTIL;12;Educação;365;Educação Infantil;825;4.4.90.51.00.00.00.00;OBRAS E INSTALAÇÕES;1.500.000.1001;RECURSOS NÃO VINCULADOS DE IMPOSTOS (EDUCAÇÃO);10.000,00
PREFEITURA MUNICIPAL DE BARBACENA;32.001;SEDUC;2.080;MANUTENCAO DAS UNIDADES DE ENSINO DA EDUCACAO INFANTIL;14;GESTÃO DA EDUCAÇÃO INFANTIL;12;Educação;365;Educação Infantil;825;4.4.90.51.00.00.00.00;OBRAS E INSTALAÇÕES;1.550.000.0000;QESE - TRANSFERÊNCIA DO SALÁRIO-EDUCAÇÃO;1.000,00
PREFEITURA MUNICIPAL DE BARBACENA;32.001;SEDUC;2.080;MANUTENCAO DAS UNIDADES DE ENSINO DA EDUCACAO INFANTIL;14;GESTÃO DA EDUCAÇÃO INFANTIL;12;Educação;365;Educação Infantil;826;4.4.90.52.00.00.00.00;EQUIPAMENTOS E MATERIAL PERMANENTE;1.500.000.1001;RECURSOS NÃO VINCULADOS DE IMPOSTOS (EDUCAÇÃO);5.000,00
PREFEITURA MUNICIPAL DE BARBACENA;32.001;SEDUC;2.080;MANUTENCAO DAS UNIDADES DE ENSINO DA EDUCACAO INFANTIL;14;GESTÃO DA EDUCAÇÃO INFANTIL;12;Educação;365;Educação Infantil;826;4.4.90.52.00.00.00.00;EQUIPAMENTOS E MATERIAL PERMANENTE;1.550.000.0000;QESE - TRANSFERÊNCIA DO SALÁRIO-EDUCAÇÃO;1.000,00
PREFEITURA MUNICIPAL DE BARBACENA;32.001;SEDUC;2.080;MANUTENCAO DAS UNIDADES DE ENSINO DA EDUCACAO INFANTIL;14;GESTÃO DA EDUCAÇÃO INFANTIL;12;Educação;365;Educação Infantil;826;4.4.90.52.00.00.00.00;EQUIPAMENTOS E MATERIAL PERMANENTE;1.569.000.0000;OUTRAS TRANSFERÊNCIAS DE RECURSOS DO FNDE;3.150,00
PREFEITURA MUNICIPAL DE BARBACENA;32.001;SEDUC;2.082;PESSOAL E ENCARGOS SOCIAIS DA EDUCACAO INFANTIL;14;GESTÃO DA EDUCAÇÃO INFANTIL;12;Educação;365;Educação Infantil;827;3.1.90.04.00.00.00.00;CONTRATAÇÃO POR TEMPO DETERMINADO;1.500.000.1001;RECURSOS NÃO VINCULADOS DE IMPOSTOS (EDUCAÇÃO);613.757,04
PREFEITURA MUNICIPAL DE BARBACENA;32.001;SEDUC;2.082;PESSOAL E ENCARGOS SOCIAIS DA EDUCACAO INFANTIL;14;GESTÃO DA EDUCAÇÃO INFANTIL;12;Educação;365;Educação Infantil;827;3.1.90.04.00.00.00.00;CONTRATAÇÃO POR TEMPO DETERMINADO;1.540.000.0000;TRANSFERÊNCIAS DO FUNDEB - IMPOSTOS E TRANSFERÊNCIAS DE IMPOSTOS (30%);1.523.477,07
PREFEITURA MUNICIPAL DE BARBACENA;32.001;SEDUC;2.082;PESSOAL E ENCARGOS SOCIAIS DA EDUCACAO INFANTIL;14;GESTÃO DA EDUCAÇÃO INFANTIL;12;Educação;365;Educação Infantil;827;3.1.90.04.00.00.00.00;CONTRATAÇÃO POR TEMPO DETERMINADO;1.540.000.1070;TRANSFERÊNCIAS DO FUNDEB - IMPOSTOS E TRANSFERÊNCIAS DE IMPOSTOS (70% -PAGTO DA REMUNERAÇÃO DOS PROFISSIONAIS DA EDUCAÇÃO BÁSICA EM EFETIVO EXERCÍCIO);2.307.877,15
PREFEITURA MUNICIPAL DE BARBACENA;32.001;SEDUC;2.082;PESSOAL E ENCARGOS SOCIAIS DA EDUCACAO INFANTIL;14;GESTÃO DA EDUCAÇÃO INFANTIL;12;Educação;365;Educação Infantil;827;3.1.90.04.00.00.00.00;CONTRATAÇÃO POR TEMPO DETERMINADO;1.546.000.1070;TRANSFERÊNCIAS DO FUNDEB - COMPLEMENTAÇÃO DA UNIÃO - ETI - 70%;0,01
PREFEITURA MUNICIPAL DE BARBACENA;32.001;SEDUC;2.082;PESSOAL E ENCARGOS SOCIAIS DA EDUCACAO INFANTIL;14;GESTÃO DA EDUCAÇÃO INFANTIL;12;Educação;365;Educação Infantil;827;3.1.90.04.00.00.00.00;CONTRATAÇÃO POR TEMPO DETERMINADO;1.569.000.0000;OUTRAS TRANSFERÊNCIAS DE RECURSOS DO FNDE;1.050,00
PREFEITURA MUNICIPAL DE BARBACENA;32.001;SEDUC;2.082;PESSOAL E ENCARGOS SOCIAIS DA EDUCACAO INFANTIL;14;GESTÃO DA EDUCAÇÃO INFANTIL;12;Educação;365;Educação Infantil;827;3.1.90.04.00.00.00.00;CONTRATAÇÃO POR TEMPO DETERMINADO;2.546.000.1070;TRANSFERÊNCIAS DO FUNDEB - COMPLEMENTAÇÃO DA UNIÃO - ETI - 70%;170.361,70
PREFEITURA MUNICIPAL DE BARBACENA;32.001;SEDUC;2.082;PESSOAL E ENCARGOS SOCIAIS DA EDUCACAO INFANTIL;14;GESTÃO DA EDUCAÇÃO INFANTIL;12;Educação;365;Educação Infantil;828;3.1.90.11.00.00.00.00;VENCIMENTOS E VANTAGENS FIXAS - PESSOAL CIVIL;1.500.000.1001;RECURSOS NÃO VINCULADOS DE IMPOSTOS (EDUCAÇÃO);1.946.038,66
PREFEITURA MUNICIPAL DE BARBACENA;32.001;SEDUC;2.082;PESSOAL E ENCARGOS SOCIAIS DA EDUCACAO INFANTIL;14;GESTÃO DA EDUCAÇÃO INFANTIL;12;Educação;365;Educação Infantil;828;3.1.90.11.00.00.00.00;VENCIMENTOS E VANTAGENS FIXAS - PESSOAL CIVIL;1.540.000.0000;TRANSFERÊNCIAS DO FUNDEB - IMPOSTOS E TRANSFERÊNCIAS DE IMPOSTOS (30%);67.836,38
PREFEITURA MUNICIPAL DE BARBACENA;32.001;SEDUC;2.082;PESSOAL E ENCARGOS SOCIAIS DA EDUCACAO INFANTIL;14;GESTÃO DA EDUCAÇÃO INFANTIL;12;Educação;365;Educação Infantil;828;3.1.90.11.00.00.00.00;VENCIMENTOS E VANTAGENS FIXAS - PESSOAL CIVIL;1.540.000.1070;TRANSFERÊNCIAS DO FUNDEB - IMPOSTOS E TRANSFERÊNCIAS DE IMPOSTOS (70% -PAGTO DA REMUNERAÇÃO DOS PROFISSIONAIS DA EDUCAÇÃO BÁSICA EM EFETIVO EXERCÍCIO);3.251.220,13
PREFEITURA MUNICIPAL DE BARBACENA;32.001;SEDUC;2.082;PESSOAL E ENCARGOS SOCIAIS DA EDUCACAO INFANTIL;14;GESTÃO DA EDUCAÇÃO INFANTIL;12;Educação;365;Educação Infantil;828;3.1.90.11.00.00.00.00;VENCIMENTOS E VANTAGENS FIXAS - PESSOAL CIVIL;1.546.000.1070;TRANSFERÊNCIAS DO FUNDEB - COMPLEMENTAÇÃO DA UNIÃO - ETI - 70%;0,01
PREFEITURA MUNICIPAL DE BARBACENA;32.001;SEDUC;2.082;PESSOAL E ENCARGOS SOCIAIS DA EDUCACAO INFANTIL;14;GESTÃO DA EDUCAÇÃO INFANTIL;12;Educação;365;Educação Infantil;828;3.1.90.11.00.00.00.00;VENCIMENTOS E VANTAGENS FIXAS - PESSOAL CIVIL;2.546.000.1070;TRANSFERÊNCIAS DO FUNDEB - COMPLEMENTAÇÃO DA UNIÃO - ETI - 70%;28.599,52
PREFEITURA MUNICIPAL DE BARBACENA;32.001;SEDUC;2.082;PESSOAL E ENCARGOS SOCIAIS DA EDUCACAO INFANTIL;14;GESTÃO DA EDUCAÇÃO INFANTIL;12;Educação;365;Educação Infantil;829;3.1.90.13.00.00.00.00;OBRIGAÇÕES PATRONAIS;1.540.000.1070;TRANSFERÊNCIAS DO FUNDEB - IMPOSTOS E TRANSFERÊNCIAS DE IMPOSTOS (70% -PAGTO DA REMUNERAÇÃO DOS PROFISSIONAIS DA EDUCAÇÃO BÁSICA EM EFETIVO EXERCÍCIO);50.000,00
PREFEITURA MUNICIPAL DE BARBACENA;32.001;SEDUC;2.082;PESSOAL E ENCARGOS SOCIAIS DA EDUCACAO INFANTIL;14;GESTÃO DA EDUCAÇÃO INFANTIL;12;Educação;365;Educação Infantil;829;3.1.90.13.00.00.00.00;OBRIGAÇÕES PATRONAIS;1.569.000.0000;OUTRAS TRANSFERÊNCIAS DE RECURSOS DO FNDE;2.100,00
PREFEITURA MUNICIPAL DE BARBACENA;32.001;SEDUC;2.082;PESSOAL E ENCARGOS SOCIAIS DA EDUCACAO INFANTIL;14;GESTÃO DA EDUCAÇÃO INFANTIL;12;Educação;365;Educação Infantil;830;3.1.91.13.00.00.00.00;OBRIGAÇÕES PATRONAIS;1.500.000.1001;RECURSOS NÃO VINCULADOS DE IMPOSTOS (EDUCAÇÃO);168.868,55
PREFEITURA MUNICIPAL DE BARBACENA;32.001;SEDUC;2.082;PESSOAL E ENCARGOS SOCIAIS DA EDUCACAO INFANTIL;14;GESTÃO DA EDUCAÇÃO INFANTIL;12;Educação;365;Educação Infantil;830;3.1.91.13.00.00.00.00;OBRIGAÇÕES PATRONAIS;1.540.000.0000;TRANSFERÊNCIAS DO FUNDEB - IMPOSTOS E TRANSFERÊNCIAS DE IMPOSTOS (30%);18.994,08
PREFEITURA MUNICIPAL DE BARBACENA;32.001;SEDUC;2.082;PESSOAL E ENCARGOS SOCIAIS DA EDUCACAO INFANTIL;14;GESTÃO DA EDUCAÇÃO INFANTIL;12;Educação;365;Educação Infantil;830;3.1.91.13.00.00.00.00;OBRIGAÇÕES PATRONAIS;1.540.000.1070;TRANSFERÊNCIAS DO FUNDEB - IMPOSTOS E TRANSFERÊNCIAS DE IMPOSTOS (70% -PAGTO DA REMUNERAÇÃO DOS PROFISSIONAIS DA EDUCAÇÃO BÁSICA EM EFETIVO EXERCÍCIO);1.104.810,37
PREFEITURA MUNICIPAL DE BARBACENA;32.001;SEDUC;2.082;PESSOAL E ENCARGOS SOCIAIS DA EDUCACAO INFANTIL;14;GESTÃO DA EDUCAÇÃO INFANTIL;12;Educação;365;Educação Infantil;830;3.1.91.13.00.00.00.00;OBRIGAÇÕES PATRONAIS;1.546.000.1070;TRANSFERÊNCIAS DO FUNDEB - COMPLEMENTAÇÃO DA UNIÃO - ETI - 70%;0,01
PREFEITURA MUNICIPAL DE BARBACENA;32.001;SEDUC;2.082;PESSOAL E ENCARGOS SOCIAIS DA EDUCACAO INFANTIL;14;GESTÃO DA EDUCAÇÃO INFANTIL;12;Educação;365;Educação Infantil;830;3.1.91.13.00.00.00.00;OBRIGAÇÕES PATRONAIS;2.546.000.1070;TRANSFERÊNCIAS DO FUNDEB - COMPLEMENTAÇÃO DA UNIÃO - ETI - 70%;8.007,85
PREFEITURA MUNICIPAL DE BARBACENA;32.001;SEDUC;2.082;PESSOAL E ENCARGOS SOCIAIS DA EDUCACAO INFANTIL;14;GESTÃO DA EDUCAÇÃO INFANTIL;12;Educação;365;Educação Infantil;831;3.3.90.08.00.00.00.00;OUTROS BENEFÍCIOS ASSISTENCIAIS-SERVIDOR/MILITAR;1.500.000.1001;RECURSOS NÃO VINCULADOS DE IMPOSTOS (EDUCAÇÃO);50.000,00
PREFEITURA MUNICIPAL DE BARBACENA;32.001;SEDUC;2.082;PESSOAL E ENCARGOS SOCIAIS DA EDUCACAO INFANTIL;14;GESTÃO DA EDUCAÇÃO INFANTIL;12;Educação;365;Educação Infantil;831;3.3.90.08.00.00.00.00;OUTROS BENEFÍCIOS ASSISTENCIAIS-SERVIDOR/MILITAR;1.540.000.0000;TRANSFERÊNCIAS DO FUNDEB - IMPOSTOS E TRANSFERÊNCIAS DE IMPOSTOS (30%);2.119,89
PREFEITURA MUNICIPAL DE BARBACENA;32.001;SEDUC;2.082;PESSOAL E ENCARGOS SOCIAIS DA EDUCACAO INFANTIL;14;GESTÃO DA EDUCAÇÃO INFANTIL;12;Educação;365;Educação Infantil;831;3.3.90.08.00.00.00.00;OUTROS BENEFÍCIOS ASSISTENCIAIS-SERVIDOR/MILITAR;1.540.000.1070;TRANSFERÊNCIAS DO FUNDEB - IMPOSTOS E TRANSFERÊNCIAS DE IMPOSTOS (70% -PAGTO DA REMUNERAÇÃO DOS PROFISSIONAIS DA EDUCAÇÃO BÁSICA EM EFETIVO EXERCÍCIO);1.000,00
PREFEITURA MUNICIPAL DE BARBACENA;32.001;SEDUC;2.082;PESSOAL E ENCARGOS SOCIAIS DA EDUCACAO INFANTIL;14;GESTÃO DA EDUCAÇÃO INFANTIL;12;Educação;365;Educação Infantil;831;3.3.90.08.00.00.00.00;OUTROS BENEFÍCIOS ASSISTENCIAIS-SERVIDOR/MILITAR;1.546.000.0000;TRANSFERÊNCIAS DO FUNDEB - COMPLEMENTAÇÃO DA UNIÃO - ETI;0,01
PREFEITURA MUNICIPAL DE BARBACENA;32.001;SEDUC;2.082;PESSOAL E ENCARGOS SOCIAIS DA EDUCACAO INFANTIL;14;GESTÃO DA EDUCAÇÃO INFANTIL;12;Educação;365;Educação Infantil;831;3.3.90.08.00.00.00.00;OUTROS BENEFÍCIOS ASSISTENCIAIS-SERVIDOR/MILITAR;1.569.000.0000;OUTRAS TRANSFERÊNCIAS DE RECURSOS DO FNDE;1.050,00
PREFEITURA MUNICIPAL DE BARBACENA;32.001;SEDUC;2.082;PESSOAL E ENCARGOS SOCIAIS DA EDUCACAO INFANTIL;14;GESTÃO DA EDUCAÇÃO INFANTIL;12;Educação;365;Educação Infantil;831;3.3.90.08.00.00.00.00;OUTROS BENEFÍCIOS ASSISTENCIAIS-SERVIDOR/MILITAR;2.540.000.0000;TRANSFERÊNCIAS DO FUNDEB - IMPOSTOS E TRANSFERÊNCIAS DE IMPOSTOS (30%);81,50
PREFEITURA MUNICIPAL DE BARBACENA;32.001;SEDUC;2.082;PESSOAL E ENCARGOS SOCIAIS DA EDUCACAO INFANTIL;14;GESTÃO DA EDUCAÇÃO INFANTIL;12;Educação;365;Educação Infantil;831;3.3.90.08.00.00.00.00;OUTROS BENEFÍCIOS ASSISTENCIAIS-SERVIDOR/MILITAR;2.546.000.0000;TRANSFERÊNCIAS DO FUNDEB - COMPLEMENTAÇÃO DA UNIÃO - ETI;162,10
PREFEITURA MUNICIPAL DE BARBACENA;32.001;SEDUC;2.082;PESSOAL E ENCARGOS SOCIAIS DA EDUCACAO INFANTIL;14;GESTÃO DA EDUCAÇÃO INFANTIL;12;Educação;365;Educação Infantil;832;3.3.90.18.00.00.00.00;AUXÍLIO FINANCEIRO A ESTUDANTES;1.500.000.1001;RECURSOS NÃO VINCULADOS DE IMPOSTOS (EDUCAÇÃO);397,97
PREFEITURA MUNICIPAL DE BARBACENA;32.001;SEDUC;2.082;PESSOAL E ENCARGOS SOCIAIS DA EDUCACAO INFANTIL;14;GESTÃO DA EDUCAÇÃO INFANTIL;12;Educação;365;Educação Infantil;832;3.3.90.18.00.00.00.00;AUXÍLIO FINANCEIRO A ESTUDANTES;1.540.000.0000;TRANSFERÊNCIAS DO FUNDEB - IMPOSTOS E TRANSFERÊNCIAS DE IMPOSTOS (30%);2.000,00
PREFEITURA MUNICIPAL DE BARBACENA;32.001;SEDUC;2.082;PESSOAL E ENCARGOS SOCIAIS DA EDUCACAO INFANTIL;14;GESTÃO DA EDUCAÇÃO INFANTIL;12;Educação;365;Educação Infantil;832;3.3.90.18.00.00.00.00;AUXÍLIO FINANCEIRO A ESTUDANTES;1.540.000.1070;TRANSFERÊNCIAS DO FUNDEB - IMPOSTOS E TRANSFERÊNCIAS DE IMPOSTOS (70% -PAGTO DA REMUNERAÇÃO DOS PROFISSIONAIS DA EDUCAÇÃO BÁSICA EM EFETIVO EXERCÍCIO);1.000,00
PREFEITURA MUNICIPAL DE BARBACENA;32.001;SEDUC;2.082;PESSOAL E ENCARGOS SOCIAIS DA EDUCACAO INFANTIL;14;GESTÃO DA EDUCAÇÃO INFANTIL;12;Educação;365;Educação Infantil;832;3.3.90.18.00.00.00.00;AUXÍLIO FINANCEIRO A ESTUDANTES;1.569.000.0000;OUTRAS TRANSFERÊNCIAS DE RECURSOS DO FNDE;1.050,00
PREFEITURA MUNICIPAL DE BARBACENA;32.001;SEDUC;2.082;PESSOAL E ENCARGOS SOCIAIS DA EDUCACAO INFANTIL;14;GESTÃO DA EDUCAÇÃO INFANTIL;12;Educação;365;Educação Infantil;833;3.3.90.46.00.00.00.00;AUXÍLIO-ALIMENTAÇÃO;1.500.000.1001;RECURSOS NÃO VINCULADOS DE IMPOSTOS (EDUCAÇÃO);15.372,00
PREFEITURA MUNICIPAL DE BARBACENA;32.001;SEDUC;2.082;PESSOAL E ENCARGOS SOCIAIS DA EDUCACAO INFANTIL;14;GESTÃO DA EDUCAÇÃO INFANTIL;12;Educação;365;Educação Infantil;833;3.3.90.46.00.00.00.00;AUXÍLIO-ALIMENTAÇÃO;1.540.000.0000;TRANSFERÊNCIAS DO FUNDEB - IMPOSTOS E TRANSFERÊNCIAS DE IMPOSTOS (30%);1.609.020,00
PREFEITURA MUNICIPAL DE BARBACENA;32.001;SEDUC;2.082;PESSOAL E ENCARGOS SOCIAIS DA EDUCACAO INFANTIL;14;GESTÃO DA EDUCAÇÃO INFANTIL;12;Educação;365;Educação Infantil;833;3.3.90.46.00.00.00.00;AUXÍLIO-ALIMENTAÇÃO;1.540.000.1070;TRANSFERÊNCIAS DO FUNDEB - IMPOSTOS E TRANSFERÊNCIAS DE IMPOSTOS (70% -PAGTO DA REMUNERAÇÃO DOS PROFISSIONAIS DA EDUCAÇÃO BÁSICA EM EFETIVO EXERCÍCIO);1.000,00
PREFEITURA MUNICIPAL DE BARBACENA;32.001;SEDUC;2.082;PESSOAL E ENCARGOS SOCIAIS DA EDUCACAO INFANTIL;14;GESTÃO DA EDUCAÇÃO INFANTIL;12;Educação;365;Educação Infantil;833;3.3.90.46.00.00.00.00;AUXÍLIO-ALIMENTAÇÃO;1.546.000.0000;TRANSFERÊNCIAS DO FUNDEB - COMPLEMENTAÇÃO DA UNIÃO - ETI;0,01
PREFEITURA MUNICIPAL DE BARBACENA;32.001;SEDUC;2.082;PESSOAL E ENCARGOS SOCIAIS DA EDUCACAO INFANTIL;14;GESTÃO DA EDUCAÇÃO INFANTIL;12;Educação;365;Educação Infantil;833;3.3.90.46.00.00.00.00;AUXÍLIO-ALIMENTAÇÃO;2.540.000.0000;TRANSFERÊNCIAS DO FUNDEB - IMPOSTOS E TRANSFERÊNCIAS DE IMPOSTOS (30%);112.200,00
PREFEITURA MUNICIPAL DE BARBACENA;32.001;SEDUC;2.082;PESSOAL E ENCARGOS SOCIAIS DA EDUCACAO INFANTIL;14;GESTÃO DA EDUCAÇÃO INFANTIL;12;Educação;365;Educação Infantil;833;3.3.90.46.00.00.00.00;AUXÍLIO-ALIMENTAÇÃO;2.546.000.0000;TRANSFERÊNCIAS DO FUNDEB - COMPLEMENTAÇÃO DA UNIÃO - ETI;50.940,00
PREFEITURA MUNICIPAL DE BARBACENA;32.001;SEDUC;2.135;MANUTENÇÃO DE CRECHES;14;GESTÃO DA EDUCAÇÃO INFANTIL;12;Educação;365;Educação Infantil;834;3.3.50.41.00.00.00.00;CONTRIBUIÇÕES;1.500.000.1001;RECURSOS NÃO VINCULADOS DE IMPOSTOS (EDUCAÇÃO);362.908,65
PREFEITURA MUNICIPAL DE BARBACENA;32.001;SEDUC;2.135;MANUTENÇÃO DE CRECHES;14;GESTÃO DA EDUCAÇÃO INFANTIL;12;Educação;365;Educação Infantil;835;3.3.90.30.00.00.00.00;MATERIAL DE CONSUMO;1.500.000.1001;RECURSOS NÃO VINCULADOS DE IMPOSTOS (EDUCAÇÃO);36.324,36
PREFEITURA MUNICIPAL DE BARBACENA;32.001;SEDUC;2.135;MANUTENÇÃO DE CRECHES;14;GESTÃO DA EDUCAÇÃO INFANTIL;12;Educação;365;Educação Infantil;835;3.3.90.30.00.00.00.00;MATERIAL DE CONSUMO;1.550.000.0000;QESE - TRANSFERÊNCIA DO SALÁRIO-EDUCAÇÃO;153.153,42
PREFEITURA MUNICIPAL DE BARBACENA;32.001;SEDUC;2.135;MANUTENÇÃO DE CRECHES;14;GESTÃO DA EDUCAÇÃO INFANTIL;12;Educação;365;Educação Infantil;835;3.3.90.30.00.00.00.00;MATERIAL DE CONSUMO;1.552.000.0000;PNAE - TRANSFERÊNCIAS DE RECURSOS DO FNDE REFERENTES AO PROGRAMA NACIONAL DE ALIMENTAÇÃO ESCOLAR;70.763,53
PREFEITURA MUNICIPAL DE BARBACENA;32.001;SEDUC;2.135;MANUTENÇÃO DE CRECHES;14;GESTÃO DA EDUCAÇÃO INFANTIL;12;Educação;365;Educação Infantil;835;3.3.90.30.00.00.00.00;MATERIAL DE CONSUMO;2.552.000.0000;PNAE - TRANSFERÊNCIAS DE RECURSOS DO FNDE REFERENTES AO PROGRAMA NACIONAL DE ALIMENTAÇÃO ESCOLAR;177.178,97
PREFEITURA MUNICIPAL DE BARBACENA;32.001;SEDUC;2.135;MANUTENÇÃO DE CRECHES;14;GESTÃO DA EDUCAÇÃO INFANTIL;12;Educação;365;Educação Infantil;836;3.3.90.36.00.00.00.00;OUTROS SERVIÇOS DE TERCEIROS - PESSOA FÍSICA;1.500.000.1001;RECURSOS NÃO VINCULADOS DE IMPOSTOS (EDUCAÇÃO);5.000,00
PREFEITURA MUNICIPAL DE BARBACENA;32.001;SEDUC;2.135;MANUTENÇÃO DE CRECHES;14;GESTÃO DA EDUCAÇÃO INFANTIL;12;Educação;365;Educação Infantil;837;3.3.90.39.00.00.00.00;OUTROS SERVIÇOS DE TERCEIROS - PESSOA JURÍDICA;1.500.000.1001;RECURSOS NÃO VINCULADOS DE IMPOSTOS (EDUCAÇÃO);89.760,00
PREFEITURA MUNICIPAL DE BARBACENA;32.001;SEDUC;2.135;MANUTENÇÃO DE CRECHES;14;GESTÃO DA EDUCAÇÃO INFANTIL;12;Educação;365;Educação Infantil;837;3.3.90.39.00.00.00.00;OUTROS SERVIÇOS DE TERCEIROS - PESSOA JURÍDICA;1.550.000.0000;QESE - TRANSFERÊNCIA DO SALÁRIO-EDUCAÇÃO;2.000,00
PREFEITURA MUNICIPAL DE BARBACENA;32.001;SEDUC;2.135;MANUTENÇÃO DE CRECHES;14;GESTÃO DA EDUCAÇÃO INFANTIL;12;Educação;365;Educação Infantil;837;3.3.90.39.00.00.00.00;OUTROS SERVIÇOS DE TERCEIROS - PESSOA JURÍDICA;1.551.000.0000;TRANSFERÊNCIAS DE RECURSOS DO FNDE REFERENTES AO PROGRAMA DINHEIRO DIRETO NA ESCOLA (PDDE);5.470,64
PREFEITURA MUNICIPAL DE BARBACENA;32.001;SEDUC;2.135;MANUTENÇÃO DE CRECHES;14;GESTÃO DA EDUCAÇÃO INFANTIL;12;Educação;365;Educação Infantil;837;3.3.90.39.00.00.00.00;OUTROS SERVIÇOS DE TERCEIROS - PESSOA JURÍDICA;1.553.000.0000;PNATE - TRANSFERÊNCIAS DE RECURSOS DO FNDE REFERENTES AO PROGRAMA NACIONAL DE APOIO AO TRANSPORTE ESCOLAR;22.472,76
PREFEITURA MUNICIPAL DE BARBACENA;32.001;SEDUC;2.135;MANUTENÇÃO DE CRECHES;14;GESTÃO DA EDUCAÇÃO INFANTIL;12;Educação;365;Educação Infantil;838;3.3.90.43.00.00.00.00;SUBVENÇÕES SOCIAIS;1.500.000.1001;RECURSOS NÃO VINCULADOS DE IMPOSTOS (EDUCAÇÃO);2.244.936,80
PREFEITURA MUNICIPAL DE BARBACENA;32.001;SEDUC;2.135;MANUTENÇÃO DE CRECHES;14;GESTÃO DA EDUCAÇÃO INFANTIL;12;Educação;365;Educação Infantil;839;3.3.90.92.00.00.00.00;DESPESAS DE EXERCÍCIOS ANTERIORES;1.500.000.1001;RECURSOS NÃO VINCULADOS DE IMPOSTOS (EDUCAÇÃO);5.000,00
PREFEITURA MUNICIPAL DE BARBACENA;32.001;SEDUC;2.135;MANUTENÇÃO DE CRECHES;14;GESTÃO DA EDUCAÇÃO INFANTIL;12;Educação;365;Educação Infantil;840;4.4.50.41.00.00.00.00;CONTRIBUIÇÕES;1.500.000.1001;RECURSOS NÃO VINCULADOS DE IMPOSTOS (EDUCAÇÃO);10.000,00
PREFEITURA MUNICIPAL DE BARBACENA;32.001;SEDUC;2.135;MANUTENÇÃO DE CRECHES;14;GESTÃO DA EDUCAÇÃO INFANTIL;12;Educação;365;Educação Infantil;841;4.4.90.51.00.00.00.00;OBRAS E INSTALAÇÕES;1.500.000.1001;RECURSOS NÃO VINCULADOS DE IMPOSTOS (EDUCAÇÃO);1.930,77
PREFEITURA MUNICIPAL DE BARBACENA;32.001;SEDUC;2.135;MANUTENÇÃO DE CRECHES;14;GESTÃO DA EDUCAÇÃO INFANTIL;12;Educação;365;Educação Infantil;841;4.4.90.51.00.00.00.00;OBRAS E INSTALAÇÕES;1.550.000.0000;QESE - TRANSFERÊNCIA DO SALÁRIO-EDUCAÇÃO;1.000,00
PREFEITURA MUNICIPAL DE BARBACENA;32.001;SEDUC;2.135;MANUTENÇÃO DE CRECHES;14;GESTÃO DA EDUCAÇÃO INFANTIL;12;Educação;365;Educação Infantil;842;4.4.90.52.00.00.00.00;EQUIPAMENTOS E MATERIAL PERMANENTE;1.500.000.1001;RECURSOS NÃO VINCULADOS DE IMPOSTOS (EDUCAÇÃO);1.000,00
PREFEITURA MUNICIPAL DE BARBACENA;32.001;SEDUC;2.135;MANUTENÇÃO DE CRECHES;14;GESTÃO DA EDUCAÇÃO INFANTIL;12;Educação;365;Educação Infantil;842;4.4.90.52.00.00.00.00;EQUIPAMENTOS E MATERIAL PERMANENTE;1.550.000.0000;QESE - TRANSFERÊNCIA DO SALÁRIO-EDUCAÇÃO;3.000,00
PREFEITURA MUNICIPAL DE BARBACENA;32.001;SEDUC;2.135;MANUTENÇÃO DE CRECHES;14;GESTÃO DA EDUCAÇÃO INFANTIL;12;Educação;365;Educação Infantil;843;4.4.90.92.00.00.00.00;DESPESAS DE EXERCÍCIOS ANTERIORES;1.569.000.0000;OUTRAS TRANSFERÊNCIAS DE RECURSOS DO FNDE;5.498,28
PREFEITURA MUNICIPAL DE BARBACENA;32.001;SEDUC;2.138;PESSOAL E ENCARGOS SOCIAIS DE CRECHES;14;GESTÃO DA EDUCAÇÃO INFANTIL;12;Educação;365;Educação Infantil;844;3.1.90.04.00.00.00.00;CONTRATAÇÃO POR TEMPO DETERMINADO;1.500.000.1001;RECURSOS NÃO VINCULADOS DE IMPOSTOS (EDUCAÇÃO);269.929,95
PREFEITURA MUNICIPAL DE BARBACENA;32.001;SEDUC;2.138;PESSOAL E ENCARGOS SOCIAIS DE CRECHES;14;GESTÃO DA EDUCAÇÃO INFANTIL;12;Educação;365;Educação Infantil;844;3.1.90.04.00.00.00.00;CONTRATAÇÃO POR TEMPO DETERMINADO;1.540.000.0000;TRANSFERÊNCIAS DO FUNDEB - IMPOSTOS E TRANSFERÊNCIAS DE IMPOSTOS (30%);495.512,94
PREFEITURA MUNICIPAL DE BARBACENA;32.001;SEDUC;2.138;PESSOAL E ENCARGOS SOCIAIS DE CRECHES;14;GESTÃO DA EDUCAÇÃO INFANTIL;12;Educação;365;Educação Infantil;844;3.1.90.04.00.00.00.00;CONTRATAÇÃO POR TEMPO DETERMINADO;1.540.000.1070;TRANSFERÊNCIAS DO FUNDEB - IMPOSTOS E TRANSFERÊNCIAS DE IMPOSTOS (70% -PAGTO DA REMUNERAÇÃO DOS PROFISSIONAIS DA EDUCAÇÃO BÁSICA EM EFETIVO EXERCÍCIO);622.593,67
PREFEITURA MUNICIPAL DE BARBACENA;32.001;SEDUC;2.138;PESSOAL E ENCARGOS SOCIAIS DE CRECHES;14;GESTÃO DA EDUCAÇÃO INFANTIL;12;Educação;365;Educação Infantil;845;3.1.90.11.00.00.00.00;VENCIMENTOS E VANTAGENS FIXAS - PESSOAL CIVIL;1.500.000.1001;RECURSOS NÃO VINCULADOS DE IMPOSTOS (EDUCAÇÃO);817.194,50
PREFEITURA MUNICIPAL DE BARBACENA;32.001;SEDUC;2.138;PESSOAL E ENCARGOS SOCIAIS DE CRECHES;14;GESTÃO DA EDUCAÇÃO INFANTIL;12;Educação;365;Educação Infantil;845;3.1.90.11.00.00.00.00;VENCIMENTOS E VANTAGENS FIXAS - PESSOAL CIVIL;1.540.000.0000;TRANSFERÊNCIAS DO FUNDEB - IMPOSTOS E TRANSFERÊNCIAS DE IMPOSTOS (30%);237.957,46
PREFEITURA MUNICIPAL DE BARBACENA;32.001;SEDUC;2.138;PESSOAL E ENCARGOS SOCIAIS DE CRECHES;14;GESTÃO DA EDUCAÇÃO INFANTIL;12;Educação;365;Educação Infantil;845;3.1.90.11.00.00.00.00;VENCIMENTOS E VANTAGENS FIXAS - PESSOAL CIVIL;1.540.000.1070;TRANSFERÊNCIAS DO FUNDEB - IMPOSTOS E TRANSFERÊNCIAS DE IMPOSTOS (70% -PAGTO DA REMUNERAÇÃO DOS PROFISSIONAIS DA EDUCAÇÃO BÁSICA EM EFETIVO EXERCÍCIO);2.536.192,33
PREFEITURA MUNICIPAL DE BARBACENA;32.001;SEDUC;2.138;PESSOAL E ENCARGOS SOCIAIS DE CRECHES;14;GESTÃO DA EDUCAÇÃO INFANTIL;12;Educação;365;Educação Infantil;846;3.1.90.13.00.00.00.00;OBRIGAÇÕES PATRONAIS;1.500.000.1001;RECURSOS NÃO VINCULADOS DE IMPOSTOS (EDUCAÇÃO);5.000,00
PREFEITURA MUNICIPAL DE BARBACENA;32.001;SEDUC;2.138;PESSOAL E ENCARGOS SOCIAIS DE CRECHES;14;GESTÃO DA EDUCAÇÃO INFANTIL;12;Educação;365;Educação Infantil;846;3.1.90.13.00.00.00.00;OBRIGAÇÕES PATRONAIS;1.540.000.0000;TRANSFERÊNCIAS DO FUNDEB - IMPOSTOS E TRANSFERÊNCIAS DE IMPOSTOS (30%);2.000,00
PREFEITURA MUNICIPAL DE BARBACENA;32.001;SEDUC;2.138;PESSOAL E ENCARGOS SOCIAIS DE CRECHES;14;GESTÃO DA EDUCAÇÃO INFANTIL;12;Educação;365;Educação Infantil;846;3.1.90.13.00.00.00.00;OBRIGAÇÕES PATRONAIS;1.540.000.1070;TRANSFERÊNCIAS DO FUNDEB - IMPOSTOS E TRANSFERÊNCIAS DE IMPOSTOS (70% -PAGTO DA REMUNERAÇÃO DOS PROFISSIONAIS DA EDUCAÇÃO BÁSICA EM EFETIVO EXERCÍCIO);9.990,00
PREFEITURA MUNICIPAL DE BARBACENA;32.001;SEDUC;2.138;PESSOAL E ENCARGOS SOCIAIS DE CRECHES;14;GESTÃO DA EDUCAÇÃO INFANTIL;12;Educação;365;Educação Infantil;847;3.1.91.13.00.00.00.00;OBRIGAÇÕES PATRONAIS;1.500.000.1001;RECURSOS NÃO VINCULADOS DE IMPOSTOS (EDUCAÇÃO);87.215,75
PREFEITURA MUNICIPAL DE BARBACENA;32.001;SEDUC;2.138;PESSOAL E ENCARGOS SOCIAIS DE CRECHES;14;GESTÃO DA EDUCAÇÃO INFANTIL;12;Educação;365;Educação Infantil;847;3.1.91.13.00.00.00.00;OBRIGAÇÕES PATRONAIS;1.540.000.0000;TRANSFERÊNCIAS DO FUNDEB - IMPOSTOS E TRANSFERÊNCIAS DE IMPOSTOS (30%);64.627,85
PREFEITURA MUNICIPAL DE BARBACENA;32.001;SEDUC;2.138;PESSOAL E ENCARGOS SOCIAIS DE CRECHES;14;GESTÃO DA EDUCAÇÃO INFANTIL;12;Educação;365;Educação Infantil;847;3.1.91.13.00.00.00.00;OBRIGAÇÕES PATRONAIS;1.540.000.1070;TRANSFERÊNCIAS DO FUNDEB - IMPOSTOS E TRANSFERÊNCIAS DE IMPOSTOS (70% -PAGTO DA REMUNERAÇÃO DOS PROFISSIONAIS DA EDUCAÇÃO BÁSICA EM EFETIVO EXERCÍCIO);941.391,13
PREFEITURA MUNICIPAL DE BARBACENA;32.001;SEDUC;2.138;PESSOAL E ENCARGOS SOCIAIS DE CRECHES;14;GESTÃO DA EDUCAÇÃO INFANTIL;12;Educação;365;Educação Infantil;848;3.3.90.08.00.00.00.00;OUTROS BENEFÍCIOS ASSISTENCIAIS-SERVIDOR/MILITAR;1.500.000.1001;RECURSOS NÃO VINCULADOS DE IMPOSTOS (EDUCAÇÃO);1.115,93
PREFEITURA MUNICIPAL DE BARBACENA;32.001;SEDUC;2.138;PESSOAL E ENCARGOS SOCIAIS DE CRECHES;14;GESTÃO DA EDUCAÇÃO INFANTIL;12;Educação;365;Educação Infantil;848;3.3.90.08.00.00.00.00;OUTROS BENEFÍCIOS ASSISTENCIAIS-SERVIDOR/MILITAR;1.540.000.0000;TRANSFERÊNCIAS DO FUNDEB - IMPOSTOS E TRANSFERÊNCIAS DE IMPOSTOS (30%);6.359,66
PREFEITURA MUNICIPAL DE BARBACENA;32.001;SEDUC;2.138;PESSOAL E ENCARGOS SOCIAIS DE CRECHES;14;GESTÃO DA EDUCAÇÃO INFANTIL;12;Educação;365;Educação Infantil;848;3.3.90.08.00.00.00.00;OUTROS BENEFÍCIOS ASSISTENCIAIS-SERVIDOR/MILITAR;1.540.000.1070;TRANSFERÊNCIAS DO FUNDEB - IMPOSTOS E TRANSFERÊNCIAS DE IMPOSTOS (70% -PAGTO DA REMUNERAÇÃO DOS PROFISSIONAIS DA EDUCAÇÃO BÁSICA EM EFETIVO EXERCÍCIO);10.810,50
PREFEITURA MUNICIPAL DE BARBACENA;32.001;SEDUC;2.138;PESSOAL E ENCARGOS SOCIAIS DE CRECHES;14;GESTÃO DA EDUCAÇÃO INFANTIL;12;Educação;365;Educação Infantil;848;3.3.90.08.00.00.00.00;OUTROS BENEFÍCIOS ASSISTENCIAIS-SERVIDOR/MILITAR;2.540.000.0000;TRANSFERÊNCIAS DO FUNDEB - IMPOSTOS E TRANSFERÊNCIAS DE IMPOSTOS (30%);405,25
PREFEITURA MUNICIPAL DE BARBACENA;32.001;SEDUC;2.138;PESSOAL E ENCARGOS SOCIAIS DE CRECHES;14;GESTÃO DA EDUCAÇÃO INFANTIL;12;Educação;365;Educação Infantil;849;3.3.90.46.00.00.00.00;AUXÍLIO-ALIMENTAÇÃO;1.500.000.1001;RECURSOS NÃO VINCULADOS DE IMPOSTOS (EDUCAÇÃO);10.000,00
PREFEITURA MUNICIPAL DE BARBACENA;32.001;SEDUC;2.138;PESSOAL E ENCARGOS SOCIAIS DE CRECHES;14;GESTÃO DA EDUCAÇÃO INFANTIL;12;Educação;365;Educação Infantil;849;3.3.90.46.00.00.00.00;AUXÍLIO-ALIMENTAÇÃO;1.540.000.0000;TRANSFERÊNCIAS DO FUNDEB - IMPOSTOS E TRANSFERÊNCIAS DE IMPOSTOS (30%);611.843,35
PREFEITURA MUNICIPAL DE BARBACENA;32.001;SEDUC;2.138;PESSOAL E ENCARGOS SOCIAIS DE CRECHES;14;GESTÃO DA EDUCAÇÃO INFANTIL;12;Educação;365;Educação Infantil;849;3.3.90.46.00.00.00.00;AUXÍLIO-ALIMENTAÇÃO;1.540.000.1070;TRANSFERÊNCIAS DO FUNDEB - IMPOSTOS E TRANSFERÊNCIAS DE IMPOSTOS (70% -PAGTO DA REMUNERAÇÃO DOS PROFISSIONAIS DA EDUCAÇÃO BÁSICA EM EFETIVO EXERCÍCIO);10.000,00
PREFEITURA MUNICIPAL DE BARBACENA;32.001;SEDUC;2.138;PESSOAL E ENCARGOS SOCIAIS DE CRECHES;14;GESTÃO DA EDUCAÇÃO INFANTIL;12;Educação;365;Educação Infantil;849;3.3.90.46.00.00.00.00;AUXÍLIO-ALIMENTAÇÃO;2.540.000.0000;TRANSFERÊNCIAS DO FUNDEB - IMPOSTOS E TRANSFERÊNCIAS DE IMPOSTOS (30%);54.600,00
PREFEITURA MUNICIPAL DE BARBACENA;32.001;SEDUC;2.217;TRANSPORTE ESCOLAR DE CRECHES;14;GESTÃO DA EDUCAÇÃO INFANTIL;12;Educação;365;Educação Infantil;850;3.3.90.30.00.00.00.00;MATERIAL DE CONSUMO;1.500.000.1001;RECURSOS NÃO VINCULADOS DE IMPOSTOS (EDUCAÇÃO);50.000,00
PREFEITURA MUNICIPAL DE BARBACENA;32.001;SEDUC;2.217;TRANSPORTE ESCOLAR DE CRECHES;14;GESTÃO DA EDUCAÇÃO INFANTIL;12;Educação;365;Educação Infantil;850;3.3.90.30.00.00.00.00;MATERIAL DE CONSUMO;1.550.000.0000;QESE - TRANSFERÊNCIA DO SALÁRIO-EDUCAÇÃO;102.433,80
PREFEITURA MUNICIPAL DE BARBACENA;32.001;SEDUC;2.217;TRANSPORTE ESCOLAR DE CRECHES;14;GESTÃO DA EDUCAÇÃO INFANTIL;12;Educação;365;Educação Infantil;851;3.3.90.36.00.00.00.00;OUTROS SERVIÇOS DE TERCEIROS - PESSOA FÍSICA;1.500.000.1001;RECURSOS NÃO VINCULADOS DE IMPOSTOS (EDUCAÇÃO);11.074,24
PREFEITURA MUNICIPAL DE BARBACENA;32.001;SEDUC;2.217;TRANSPORTE ESCOLAR DE CRECHES;14;GESTÃO DA EDUCAÇÃO INFANTIL;12;Educação;365;Educação Infantil;851;3.3.90.36.00.00.00.00;OUTROS SERVIÇOS DE TERCEIROS - PESSOA FÍSICA;1.550.000.0000;QESE - TRANSFERÊNCIA DO SALÁRIO-EDUCAÇÃO;49.612,50
PREFEITURA MUNICIPAL DE BARBACENA;32.001;SEDUC;2.217;TRANSPORTE ESCOLAR DE CRECHES;14;GESTÃO DA EDUCAÇÃO INFANTIL;12;Educação;365;Educação Infantil;852;3.3.90.39.00.00.00.00;OUTROS SERVIÇOS DE TERCEIROS - PESSOA JURÍDICA;1.500.000.1001;RECURSOS NÃO VINCULADOS DE IMPOSTOS (EDUCAÇÃO);38.674,06
PREFEITURA MUNICIPAL DE BARBACENA;32.001;SEDUC;2.217;TRANSPORTE ESCOLAR DE CRECHES;14;GESTÃO DA EDUCAÇÃO INFANTIL;12;Educação;365;Educação Infantil;852;3.3.90.39.00.00.00.00;OUTROS SERVIÇOS DE TERCEIROS - PESSOA JURÍDICA;1.550.000.0000;QESE - TRANSFERÊNCIA DO SALÁRIO-EDUCAÇÃO;37.485,00
PREFEITURA MUNICIPAL DE BARBACENA;32.001;SEDUC;2.217;TRANSPORTE ESCOLAR DE CRECHES;14;GESTÃO DA EDUCAÇÃO INFANTIL;12;Educação;365;Educação Infantil;852;3.3.90.39.00.00.00.00;OUTROS SERVIÇOS DE TERCEIROS - PESSOA JURÍDICA;1.553.000.0000;PNATE - TRANSFERÊNCIAS DE RECURSOS DO FNDE REFERENTES AO PROGRAMA NACIONAL DE APOIO AO TRANSPORTE ESCOLAR;23.374,84
PREFEITURA MUNICIPAL DE BARBACENA;32.001;SEDUC;2.217;TRANSPORTE ESCOLAR DE CRECHES;14;GESTÃO DA EDUCAÇÃO INFANTIL;12;Educação;365;Educação Infantil;852;3.3.90.39.00.00.00.00;OUTROS SERVIÇOS DE TERCEIROS - PESSOA JURÍDICA;1.576.001.0000;PTE- TRANSFERÊNCIAS DE RECURSOS DOS ESTADOS PARA PROGRAMAS DE EDUCAÇÃO (TRANSFERÊNCIAS DE RECURSOS PARA O PROGRAMA ESTADUAL DE TRANSPORTE ESCOLAR);6.340,44
PREFEITURA MUNICIPAL DE BARBACENA;32.001;SEDUC;2.217;TRANSPORTE ESCOLAR DE CRECHES;14;GESTÃO DA EDUCAÇÃO INFANTIL;12;Educação;365;Educação Infantil;852;3.3.90.39.00.00.00.00;OUTROS SERVIÇOS DE TERCEIROS - PESSOA JURÍDICA;2.576.001.0000;PTE - TRANSFERÊNCIAS DE RECURSOS DOS ESTADOS PARA PROGRAMAS DE EDUCAÇÃO (TRANSFERÊNCIAS DE RECURSOS PARA O PROGRAMA ESTADUAL DE TRANSPORTE ESCOLAR );10.512,16
PREFEITURA MUNICIPAL DE BARBACENA;32.001;SEDUC;2.332;TRANSPORTE ESCOLAR DA EDUCAÇÃO INFANTIL;14;GESTÃO DA EDUCAÇÃO INFANTIL;12;Educação;365;Educação Infantil;853;3.3.90.36.00.00.00.00;OUTROS SERVIÇOS DE TERCEIROS - PESSOA FÍSICA;1.500.000.1001;RECURSOS NÃO VINCULADOS DE IMPOSTOS (EDUCAÇÃO);70.145,94
PREFEITURA MUNICIPAL DE BARBACENA;32.001;SEDUC;2.332;TRANSPORTE ESCOLAR DA EDUCAÇÃO INFANTIL;14;GESTÃO DA EDUCAÇÃO INFANTIL;12;Educação;365;Educação Infantil;853;3.3.90.36.00.00.00.00;OUTROS SERVIÇOS DE TERCEIROS - PESSOA FÍSICA;1.550.000.0000;QESE - TRANSFERÊNCIA DO SALÁRIO-EDUCAÇÃO;2.000,00
PREFEITURA MUNICIPAL DE BARBACENA;32.001;SEDUC;2.332;TRANSPORTE ESCOLAR DA EDUCAÇÃO INFANTIL;14;GESTÃO DA EDUCAÇÃO INFANTIL;12;Educação;365;Educação Infantil;853;3.3.90.36.00.00.00.00;OUTROS SERVIÇOS DE TERCEIROS - PESSOA FÍSICA;1.553.000.0000;PNATE - TRANSFERÊNCIAS DE RECURSOS DO FNDE REFERENTES AO PROGRAMA NACIONAL DE APOIO AO TRANSPORTE ESCOLAR;73.156,46
PREFEITURA MUNICIPAL DE BARBACENA;32.001;SEDUC;2.332;TRANSPORTE ESCOLAR DA EDUCAÇÃO INFANTIL;14;GESTÃO DA EDUCAÇÃO INFANTIL;12;Educação;365;Educação Infantil;853;3.3.90.36.00.00.00.00;OUTROS SERVIÇOS DE TERCEIROS - PESSOA FÍSICA;1.576.001.0000;PTE- TRANSFERÊNCIAS DE RECURSOS DOS ESTADOS PARA PROGRAMAS DE EDUCAÇÃO (TRANSFERÊNCIAS DE RECURSOS PARA O PROGRAMA ESTADUAL DE TRANSPORTE ESCOLAR);25.143,94
PREFEITURA MUNICIPAL DE BARBACENA;32.001;SEDUC;2.332;TRANSPORTE ESCOLAR DA EDUCAÇÃO INFANTIL;14;GESTÃO DA EDUCAÇÃO INFANTIL;12;Educação;365;Educação Infantil;853;3.3.90.36.00.00.00.00;OUTROS SERVIÇOS DE TERCEIROS - PESSOA FÍSICA;2.576.001.0000;PTE - TRANSFERÊNCIAS DE RECURSOS DOS ESTADOS PARA PROGRAMAS DE EDUCAÇÃO (TRANSFERÊNCIAS DE RECURSOS PARA O PROGRAMA ESTADUAL DE TRANSPORTE ESCOLAR );0,01
PREFEITURA MUNICIPAL DE BARBACENA;32.001;SEDUC;2.332;TRANSPORTE ESCOLAR DA EDUCAÇÃO INFANTIL;14;GESTÃO DA EDUCAÇÃO INFANTIL;12;Educação;365;Educação Infantil;854;3.3.90.39.00.00.00.00;OUTROS SERVIÇOS DE TERCEIROS - PESSOA JURÍDICA;1.500.000.1001;RECURSOS NÃO VINCULADOS DE IMPOSTOS (EDUCAÇÃO);98.708,92
PREFEITURA MUNICIPAL DE BARBACENA;32.001;SEDUC;2.332;TRANSPORTE ESCOLAR DA EDUCAÇÃO INFANTIL;14;GESTÃO DA EDUCAÇÃO INFANTIL;12;Educação;365;Educação Infantil;854;3.3.90.39.00.00.00.00;OUTROS SERVIÇOS DE TERCEIROS - PESSOA JURÍDICA;1.550.000.0000;QESE - TRANSFERÊNCIA DO SALÁRIO-EDUCAÇÃO;2.000,00
PREFEITURA MUNICIPAL DE BARBACENA;32.001;SEDUC;2.332;TRANSPORTE ESCOLAR DA EDUCAÇÃO INFANTIL;14;GESTÃO DA EDUCAÇÃO INFANTIL;12;Educação;365;Educação Infantil;854;3.3.90.39.00.00.00.00;OUTROS SERVIÇOS DE TERCEIROS - PESSOA JURÍDICA;1.553.000.0000;PNATE - TRANSFERÊNCIAS DE RECURSOS DO FNDE REFERENTES AO PROGRAMA NACIONAL DE APOIO AO TRANSPORTE ESCOLAR;79.223,82
PREFEITURA MUNICIPAL DE BARBACENA;32.001;SEDUC;2.332;TRANSPORTE ESCOLAR DA EDUCAÇÃO INFANTIL;14;GESTÃO DA EDUCAÇÃO INFANTIL;12;Educação;365;Educação Infantil;854;3.3.90.39.00.00.00.00;OUTROS SERVIÇOS DE TERCEIROS - PESSOA JURÍDICA;1.570.000.0000;TRANSFERÊNCIAS DO GOVERNO FEDERAL REFERENTES A CONVÊNIOS E INSTRUMENTOS CONGÊNERES VINCULADOS À EDUCAÇÃO;1.575,00
PREFEITURA MUNICIPAL DE BARBACENA;32.001;SEDUC;2.332;TRANSPORTE ESCOLAR DA EDUCAÇÃO INFANTIL;14;GESTÃO DA EDUCAÇÃO INFANTIL;12;Educação;365;Educação Infantil;854;3.3.90.39.00.00.00.00;OUTROS SERVIÇOS DE TERCEIROS - PESSOA JURÍDICA;2.576.001.0000;PTE - TRANSFERÊNCIAS DE RECURSOS DOS ESTADOS PARA PROGRAMAS DE EDUCAÇÃO (TRANSFERÊNCIAS DE RECURSOS PARA O PROGRAMA ESTADUAL DE TRANSPORTE ESCOLAR );35.306,17
PREFEITURA MUNICIPAL DE BARBACENA;32.001;SEDUC;2.461;APOIO A ASSOCIAÇÃO SÃO MIGUEL ARCANJO;14;GESTÃO DA EDUCAÇÃO INFANTIL;12;Educação;365;Educação Infantil;855;3.3.50.41.00.00.00.00;CONTRIBUIÇÕES;1.500.000.0000;RECURSOS NÃO VINCULADOS DE IMPOSTOS;0,00
PREFEITURA MUNICIPAL DE BARBACENA;32.001;SEDUC;2.461;APOIO A ASSOCIAÇÃO SÃO MIGUEL ARCANJO;14;GESTÃO DA EDUCAÇÃO INFANTIL;12;Educação;365;Educação Infantil;855;3.3.50.41.00.00.00.00;CONTRIBUIÇÕES;1.500.507.0000;RECURSOS NÃO VINCULADOS DE IMPOSTOS - EMENDAS FLAVIO MALUF;25.000,00
PREFEITURA MUNICIPAL DE BARBACENA;32.001;SEDUC;2.461;APOIO A ASSOCIAÇÃO SÃO MIGUEL ARCANJO;14;GESTÃO DA EDUCAÇÃO INFANTIL;12;Educação;365;Educação Infantil;855;3.3.50.41.00.00.00.00;CONTRIBUIÇÕES;1.500.516.0000;RECURSOS NÃO VINCULADOS DE IMPOSTOS - EMENDAS  ROBERTO DA FARMACIA;25.000,00
PREFEITURA MUNICIPAL DE BARBACENA;32.001;SEDUC;2.461;APOIO A ASSOCIAÇÃO SÃO MIGUEL ARCANJO;14;GESTÃO DA EDUCAÇÃO INFANTIL;12;Educação;365;Educação Infantil;856;4.4.50.41.00.00.00.00;CONTRIBUIÇÕES;1.500.000.0000;RECURSOS NÃO VINCULADOS DE IMPOSTOS;0,00
PREFEITURA MUNICIPAL DE BARBACENA;32.001;SEDUC;2.461;APOIO A ASSOCIAÇÃO SÃO MIGUEL ARCANJO;14;GESTÃO DA EDUCAÇÃO INFANTIL;12;Educação;365;Educação Infantil;856;4.4.50.41.00.00.00.00;CONTRIBUIÇÕES;1.500.507.0000;RECURSOS NÃO VINCULADOS DE IMPOSTOS - EMENDAS FLAVIO MALUF;25.000,00
PREFEITURA MUNICIPAL DE BARBACENA;32.001;SEDUC;2.461;APOIO A ASSOCIAÇÃO SÃO MIGUEL ARCANJO;14;GESTÃO DA EDUCAÇÃO INFANTIL;12;Educação;365;Educação Infantil;856;4.4.50.41.00.00.00.00;CONTRIBUIÇÕES;1.500.516.0000;RECURSOS NÃO VINCULADOS DE IMPOSTOS - EMENDAS  ROBERTO DA FARMACIA;25.000,00
PREFEITURA MUNICIPAL DE BARBACENA;32.001;SEDUC;2.462;APOIO A CRECHE IRMÃOS DO CAMINHO;14;GESTÃO DA EDUCAÇÃO INFANTIL;12;Educação;365;Educação Infantil;857;3.3.50.41.00.00.00.00;CONTRIBUIÇÕES;1.500.000.0000;RECURSOS NÃO VINCULADOS DE IMPOSTOS;0,00
PREFEITURA MUNICIPAL DE BARBACENA;32.001;SEDUC;2.462;APOIO A CRECHE IRMÃOS DO CAMINHO;14;GESTÃO DA EDUCAÇÃO INFANTIL;12;Educação;365;Educação Infantil;857;3.3.50.41.00.00.00.00;CONTRIBUIÇÕES;1.500.511.0000;RECURSOS NÃO VINCULADOS DE IMPOSTOS - EMENDAS CARLINHOS PLAY BOY;30.220,83
PREFEITURA MUNICIPAL DE BARBACENA;32.001;SEDUC;2.462;APOIO A CRECHE IRMÃOS DO CAMINHO;14;GESTÃO DA EDUCAÇÃO INFANTIL;12;Educação;365;Educação Infantil;857;3.3.50.41.00.00.00.00;CONTRIBUIÇÕES;1.501.000.0000;OUTROS RECURSOS NÃO VINCULADOS;0,00
PREFEITURA MUNICIPAL DE BARBACENA;32.001;SEDUC;2.462;APOIO A CRECHE IRMÃOS DO CAMINHO;14;GESTÃO DA EDUCAÇÃO INFANTIL;12;Educação;365;Educação Infantil;857;3.3.50.41.00.00.00.00;CONTRIBUIÇÕES;1.501.515.0000;OUTROS RECURSOS NÃO VINCULADOS - EMENDAS PAULINHO DO GAS;12.500,00
PREFEITURA MUNICIPAL DE BARBACENA;32.001;SEDUC;2.462;APOIO A CRECHE IRMÃOS DO CAMINHO;14;GESTÃO DA EDUCAÇÃO INFANTIL;12;Educação;365;Educação Infantil;858;4.4.50.41.00.00.00.00;CONTRIBUIÇÕES;1.500.000.0000;RECURSOS NÃO VINCULADOS DE IMPOSTOS;0,00
PREFEITURA MUNICIPAL DE BARBACENA;32.001;SEDUC;2.462;APOIO A CRECHE IRMÃOS DO CAMINHO;14;GESTÃO DA EDUCAÇÃO INFANTIL;12;Educação;365;Educação Infantil;858;4.4.50.41.00.00.00.00;CONTRIBUIÇÕES;1.500.511.0000;RECURSOS NÃO VINCULADOS DE IMPOSTOS - EMENDAS CARLINHOS PLAY BOY;30.220,82
PREFEITURA MUNICIPAL DE BARBACENA;32.001;SEDUC;2.462;APOIO A CRECHE IRMÃOS DO CAMINHO;14;GESTÃO DA EDUCAÇÃO INFANTIL;12;Educação;365;Educação Infantil;858;4.4.50.41.00.00.00.00;CONTRIBUIÇÕES;1.501.000.0000;OUTROS RECURSOS NÃO VINCULADOS;0,00
PREFEITURA MUNICIPAL DE BARBACENA;32.001;SEDUC;2.462;APOIO A CRECHE IRMÃOS DO CAMINHO;14;GESTÃO DA EDUCAÇÃO INFANTIL;12;Educação;365;Educação Infantil;858;4.4.50.41.00.00.00.00;CONTRIBUIÇÕES;1.501.515.0000;OUTROS RECURSOS NÃO VINCULADOS - EMENDAS PAULINHO DO GAS;12.500,00
PREFEITURA MUNICIPAL DE BARBACENA;32.001;SEDUC;2.465;APOIO A OBRAS PASSIONISTAS SÃO PAULO DA CRUZ;14;GESTÃO DA EDUCAÇÃO INFANTIL;12;Educação;365;Educação Infantil;859;3.3.50.41.00.00.00.00;CONTRIBUIÇÕES;1.500.000.0000;RECURSOS NÃO VINCULADOS DE IMPOSTOS;0,00
PREFEITURA MUNICIPAL DE BARBACENA;32.001;SEDUC;2.465;APOIO A OBRAS PASSIONISTAS SÃO PAULO DA CRUZ;14;GESTÃO DA EDUCAÇÃO INFANTIL;12;Educação;365;Educação Infantil;859;3.3.50.41.00.00.00.00;CONTRIBUIÇÕES;1.500.507.0000;RECURSOS NÃO VINCULADOS DE IMPOSTOS - EMENDAS FLAVIO MALUF;10.000,00
PREFEITURA MUNICIPAL DE BARBACENA;32.001;SEDUC;2.465;APOIO A OBRAS PASSIONISTAS SÃO PAULO DA CRUZ;14;GESTÃO DA EDUCAÇÃO INFANTIL;12;Educação;365;Educação Infantil;859;3.3.50.41.00.00.00.00;CONTRIBUIÇÕES;1.500.511.0000;RECURSOS NÃO VINCULADOS DE IMPOSTOS - EMENDAS CARLINHOS PLAY BOY;15.000,00
PREFEITURA MUNICIPAL DE BARBACENA;32.001;SEDUC;2.465;APOIO A OBRAS PASSIONISTAS SÃO PAULO DA CRUZ;14;GESTÃO DA EDUCAÇÃO INFANTIL;12;Educação;365;Educação Infantil;859;3.3.50.41.00.00.00.00;CONTRIBUIÇÕES;1.501.000.0000;OUTROS RECURSOS NÃO VINCULADOS;0,00
PREFEITURA MUNICIPAL DE BARBACENA;32.001;SEDUC;2.465;APOIO A OBRAS PASSIONISTAS SÃO PAULO DA CRUZ;14;GESTÃO DA EDUCAÇÃO INFANTIL;12;Educação;365;Educação Infantil;859;3.3.50.41.00.00.00.00;CONTRIBUIÇÕES;1.501.512.0000;OUTROS RECURSOS NÃO VINCULADOS - EMENDAS MARILENE FRANCO;5.000,00
PREFEITURA MUNICIPAL DE BARBACENA;32.001;SEDUC;2.465;APOIO A OBRAS PASSIONISTAS SÃO PAULO DA CRUZ;14;GESTÃO DA EDUCAÇÃO INFANTIL;12;Educação;365;Educação Infantil;859;3.3.50.41.00.00.00.00;CONTRIBUIÇÕES;1.501.514.0000;OUTROS RECURSOS NÃO VINCULADOS - EMENDAS JOAO DA SEMENTE;10.000,00
PREFEITURA MUNICIPAL DE BARBACENA;32.001;SEDUC;2.465;APOIO A OBRAS PASSIONISTAS SÃO PAULO DA CRUZ;14;GESTÃO DA EDUCAÇÃO INFANTIL;12;Educação;365;Educação Infantil;859;3.3.50.41.00.00.00.00;CONTRIBUIÇÕES;1.501.515.0000;OUTROS RECURSOS NÃO VINCULADOS - EMENDAS PAULINHO DO GAS;12.500,00
PREFEITURA MUNICIPAL DE BARBACENA;32.001;SEDUC;2.465;APOIO A OBRAS PASSIONISTAS SÃO PAULO DA CRUZ;14;GESTÃO DA EDUCAÇÃO INFANTIL;12;Educação;365;Educação Infantil;860;4.4.50.41.00.00.00.00;CONTRIBUIÇÕES;1.500.000.0000;RECURSOS NÃO VINCULADOS DE IMPOSTOS;0,00
PREFEITURA MUNICIPAL DE BARBACENA;32.001;SEDUC;2.465;APOIO A OBRAS PASSIONISTAS SÃO PAULO DA CRUZ;14;GESTÃO DA EDUCAÇÃO INFANTIL;12;Educação;365;Educação Infantil;860;4.4.50.41.00.00.00.00;CONTRIBUIÇÕES;1.500.507.0000;RECURSOS NÃO VINCULADOS DE IMPOSTOS - EMENDAS FLAVIO MALUF;10.000,00
PREFEITURA MUNICIPAL DE BARBACENA;32.001;SEDUC;2.465;APOIO A OBRAS PASSIONISTAS SÃO PAULO DA CRUZ;14;GESTÃO DA EDUCAÇÃO INFANTIL;12;Educação;365;Educação Infantil;860;4.4.50.41.00.00.00.00;CONTRIBUIÇÕES;1.500.511.0000;RECURSOS NÃO VINCULADOS DE IMPOSTOS - EMENDAS CARLINHOS PLAY BOY;15.000,00
PREFEITURA MUNICIPAL DE BARBACENA;32.001;SEDUC;2.465;APOIO A OBRAS PASSIONISTAS SÃO PAULO DA CRUZ;14;GESTÃO DA EDUCAÇÃO INFANTIL;12;Educação;365;Educação Infantil;860;4.4.50.41.00.00.00.00;CONTRIBUIÇÕES;1.501.000.0000;OUTROS RECURSOS NÃO VINCULADOS;0,00
PREFEITURA MUNICIPAL DE BARBACENA;32.001;SEDUC;2.465;APOIO A OBRAS PASSIONISTAS SÃO PAULO DA CRUZ;14;GESTÃO DA EDUCAÇÃO INFANTIL;12;Educação;365;Educação Infantil;860;4.4.50.41.00.00.00.00;CONTRIBUIÇÕES;1.501.512.0000;OUTROS RECURSOS NÃO VINCULADOS - EMENDAS MARILENE FRANCO;5.000,00
PREFEITURA MUNICIPAL DE BARBACENA;32.001;SEDUC;2.465;APOIO A OBRAS PASSIONISTAS SÃO PAULO DA CRUZ;14;GESTÃO DA EDUCAÇÃO INFANTIL;12;Educação;365;Educação Infantil;860;4.4.50.41.00.00.00.00;CONTRIBUIÇÕES;1.501.514.0000;OUTROS RECURSOS NÃO VINCULADOS - EMENDAS JOAO DA SEMENTE;10.000,00
PREFEITURA MUNICIPAL DE BARBACENA;32.001;SEDUC;2.465;APOIO A OBRAS PASSIONISTAS SÃO PAULO DA CRUZ;14;GESTÃO DA EDUCAÇÃO INFANTIL;12;Educação;365;Educação Infantil;860;4.4.50.41.00.00.00.00;CONTRIBUIÇÕES;1.501.515.0000;OUTROS RECURSOS NÃO VINCULADOS - EMENDAS PAULINHO DO GAS;12.500,00
PREFEITURA MUNICIPAL DE BARBACENA;32.001;SEDUC;2.468;APOIO AO INSTITUTO APRENDIZ SOLIDÁRIO;14;GESTÃO DA EDUCAÇÃO INFANTIL;12;Educação;365;Educação Infantil;861;3.3.50.41.00.00.00.00;CONTRIBUIÇÕES;1.753.000.0000;RECURSOS PROVENIENTES DE TAXAS, CONTRIBUIÇÕES E PREÇOS PÚBLICOS;0,00
PREFEITURA MUNICIPAL DE BARBACENA;32.001;SEDUC;2.468;APOIO AO INSTITUTO APRENDIZ SOLIDÁRIO;14;GESTÃO DA EDUCAÇÃO INFANTIL;12;Educação;365;Educação Infantil;861;3.3.50.41.00.00.00.00;CONTRIBUIÇÕES;1.753.508.0000;RECURSOS PROVENIENTES DE TAXAS, CONTRIBUIÇÕES E PREÇOS PÚBLICOS - EMENDAS GLAUBER MILAGRES;2.500,00
PREFEITURA MUNICIPAL DE BARBACENA;32.001;SEDUC;2.468;APOIO AO INSTITUTO APRENDIZ SOLIDÁRIO;14;GESTÃO DA EDUCAÇÃO INFANTIL;12;Educação;365;Educação Infantil;861;3.3.50.41.00.00.00.00;CONTRIBUIÇÕES;1.753.517.0000;RECURSOS PROVENIENTES DE TAXAS, CONTRIBUIÇÕES E PREÇOS PÚBLICOS - EMENDAS SANDRO HELENO;19.500,00
PREFEITURA MUNICIPAL DE BARBACENA;32.001;SEDUC;2.468;APOIO AO INSTITUTO APRENDIZ SOLIDÁRIO;14;GESTÃO DA EDUCAÇÃO INFANTIL;12;Educação;365;Educação Infantil;862;4.4.50.41.00.00.00.00;CONTRIBUIÇÕES;1.753.000.0000;RECURSOS PROVENIENTES DE TAXAS, CONTRIBUIÇÕES E PREÇOS PÚBLICOS;0,00
PREFEITURA MUNICIPAL DE BARBACENA;32.001;SEDUC;2.468;APOIO AO INSTITUTO APRENDIZ SOLIDÁRIO;14;GESTÃO DA EDUCAÇÃO INFANTIL;12;Educação;365;Educação Infantil;862;4.4.50.41.00.00.00.00;CONTRIBUIÇÕES;1.753.508.0000;RECURSOS PROVENIENTES DE TAXAS, CONTRIBUIÇÕES E PREÇOS PÚBLICOS - EMENDAS GLAUBER MILAGRES;2.500,00
PREFEITURA MUNICIPAL DE BARBACENA;32.001;SEDUC;2.468;APOIO AO INSTITUTO APRENDIZ SOLIDÁRIO;14;GESTÃO DA EDUCAÇÃO INFANTIL;12;Educação;365;Educação Infantil;862;4.4.50.41.00.00.00.00;CONTRIBUIÇÕES;1.753.517.0000;RECURSOS PROVENIENTES DE TAXAS, CONTRIBUIÇÕES E PREÇOS PÚBLICOS - EMENDAS SANDRO HELENO;19.500,00
PREFEITURA MUNICIPAL DE BARBACENA;32.001;SEDUC;2.553;APOIO AO INSTITUTO IMACULADO CORACAO DE MARIA DE BARBACENA;14;GESTÃO DA EDUCAÇÃO INFANTIL;12;Educação;365;Educação Infantil;863;3.3.50.41.00.00.00.00;CONTRIBUIÇÕES;1.500.000.0000;RECURSOS NÃO VINCULADOS DE IMPOSTOS;0,00
PREFEITURA MUNICIPAL DE BARBACENA;32.001;SEDUC;2.553;APOIO AO INSTITUTO IMACULADO CORACAO DE MARIA DE BARBACENA;14;GESTÃO DA EDUCAÇÃO INFANTIL;12;Educação;365;Educação Infantil;863;3.3.50.41.00.00.00.00;CONTRIBUIÇÕES;1.500.503.0000;RECURSOS NÃO VINCULADOS DE IMPOSTOS - EMENDAS EVERTON WALLACE;5.000,00
PREFEITURA MUNICIPAL DE BARBACENA;32.001;SEDUC;2.553;APOIO AO INSTITUTO IMACULADO CORACAO DE MARIA DE BARBACENA;14;GESTÃO DA EDUCAÇÃO INFANTIL;12;Educação;365;Educação Infantil;864;4.4.50.41.00.00.00.00;CONTRIBUIÇÕES;1.500.000.0000;RECURSOS NÃO VINCULADOS DE IMPOSTOS;0,00
PREFEITURA MUNICIPAL DE BARBACENA;32.001;SEDUC;2.553;APOIO AO INSTITUTO IMACULADO CORACAO DE MARIA DE BARBACENA;14;GESTÃO DA EDUCAÇÃO INFANTIL;12;Educação;365;Educação Infantil;864;4.4.50.41.00.00.00.00;CONTRIBUIÇÕES;1.500.503.0000;RECURSOS NÃO VINCULADOS DE IMPOSTOS - EMENDAS EVERTON WALLACE;5.000,00
PREFEITURA MUNICIPAL DE BARBACENA;32.001;SEDUC;1.450;AQUISIÇÃO DE UNIFORMES PARA ECIM CAIC;15;GESTÃO DO ENSINO FUNDAMENTAL;12;Educação;361;Ensino Fundamental;776;3.3.90.30.00.00.00.00;MATERIAL DE CONSUMO;1.550.000.0000;QESE - TRANSFERÊNCIA DO SALÁRIO-EDUCAÇÃO;5.000,00
PREFEITURA MUNICIPAL DE BARBACENA;32.001;SEDUC;2.202;TRANSPORTE ESCOLAR DO ENSINO FUNDAMENTAL;15;GESTÃO DO ENSINO FUNDAMENTAL;12;Educação;361;Ensino Fundamental;777;3.3.90.30.00.00.00.00;MATERIAL DE CONSUMO;1.500.000.1001;RECURSOS NÃO VINCULADOS DE IMPOSTOS (EDUCAÇÃO);178.559,51
PREFEITURA MUNICIPAL DE BARBACENA;32.001;SEDUC;2.202;TRANSPORTE ESCOLAR DO ENSINO FUNDAMENTAL;15;GESTÃO DO ENSINO FUNDAMENTAL;12;Educação;361;Ensino Fundamental;777;3.3.90.30.00.00.00.00;MATERIAL DE CONSUMO;1.550.000.0000;QESE - TRANSFERÊNCIA DO SALÁRIO-EDUCAÇÃO;201.658,80
PREFEITURA MUNICIPAL DE BARBACENA;32.001;SEDUC;2.202;TRANSPORTE ESCOLAR DO ENSINO FUNDAMENTAL;15;GESTÃO DO ENSINO FUNDAMENTAL;12;Educação;361;Ensino Fundamental;778;3.3.90.34.00.00.00.00;OUTRAS DESP.DE PESSOAL DECOR.DE CONT.TERCEIRIZAÇÃO;1.500.000.1001;RECURSOS NÃO VINCULADOS DE IMPOSTOS (EDUCAÇÃO);2.000,00
PREFEITURA MUNICIPAL DE BARBACENA;32.001;SEDUC;2.202;TRANSPORTE ESCOLAR DO ENSINO FUNDAMENTAL;15;GESTÃO DO ENSINO FUNDAMENTAL;12;Educação;361;Ensino Fundamental;778;3.3.90.34.00.00.00.00;OUTRAS DESP.DE PESSOAL DECOR.DE CONT.TERCEIRIZAÇÃO;1.550.000.0000;QESE - TRANSFERÊNCIA DO SALÁRIO-EDUCAÇÃO;5.512,50
PREFEITURA MUNICIPAL DE BARBACENA;32.001;SEDUC;2.202;TRANSPORTE ESCOLAR DO ENSINO FUNDAMENTAL;15;GESTÃO DO ENSINO FUNDAMENTAL;12;Educação;361;Ensino Fundamental;778;3.3.90.34.00.00.00.00;OUTRAS DESP.DE PESSOAL DECOR.DE CONT.TERCEIRIZAÇÃO;1.553.000.0000;PNATE - TRANSFERÊNCIAS DE RECURSOS DO FNDE REFERENTES AO PROGRAMA NACIONAL DE APOIO AO TRANSPORTE ESCOLAR;3.150,00
PREFEITURA MUNICIPAL DE BARBACENA;32.001;SEDUC;2.202;TRANSPORTE ESCOLAR DO ENSINO FUNDAMENTAL;15;GESTÃO DO ENSINO FUNDAMENTAL;12;Educação;361;Ensino Fundamental;778;3.3.90.34.00.00.00.00;OUTRAS DESP.DE PESSOAL DECOR.DE CONT.TERCEIRIZAÇÃO;1.570.000.0000;TRANSFERÊNCIAS DO GOVERNO FEDERAL REFERENTES A CONVÊNIOS E INSTRUMENTOS CONGÊNERES VINCULADOS À EDUCAÇÃO;4.200,00
PREFEITURA MUNICIPAL DE BARBACENA;32.001;SEDUC;2.202;TRANSPORTE ESCOLAR DO ENSINO FUNDAMENTAL;15;GESTÃO DO ENSINO FUNDAMENTAL;12;Educação;361;Ensino Fundamental;779;3.3.90.36.00.00.00.00;OUTROS SERVIÇOS DE TERCEIROS - PESSOA FÍSICA;1.500.000.1001;RECURSOS NÃO VINCULADOS DE IMPOSTOS (EDUCAÇÃO);292.127,24
PREFEITURA MUNICIPAL DE BARBACENA;32.001;SEDUC;2.202;TRANSPORTE ESCOLAR DO ENSINO FUNDAMENTAL;15;GESTÃO DO ENSINO FUNDAMENTAL;12;Educação;361;Ensino Fundamental;779;3.3.90.36.00.00.00.00;OUTROS SERVIÇOS DE TERCEIROS - PESSOA FÍSICA;1.550.000.0000;QESE - TRANSFERÊNCIA DO SALÁRIO-EDUCAÇÃO;2.345.541,58
PREFEITURA MUNICIPAL DE BARBACENA;32.001;SEDUC;2.202;TRANSPORTE ESCOLAR DO ENSINO FUNDAMENTAL;15;GESTÃO DO ENSINO FUNDAMENTAL;12;Educação;361;Ensino Fundamental;779;3.3.90.36.00.00.00.00;OUTROS SERVIÇOS DE TERCEIROS - PESSOA FÍSICA;1.553.000.0000;PNATE - TRANSFERÊNCIAS DE RECURSOS DO FNDE REFERENTES AO PROGRAMA NACIONAL DE APOIO AO TRANSPORTE ESCOLAR;21.888,76
PREFEITURA MUNICIPAL DE BARBACENA;32.001;SEDUC;2.202;TRANSPORTE ESCOLAR DO ENSINO FUNDAMENTAL;15;GESTÃO DO ENSINO FUNDAMENTAL;12;Educação;361;Ensino Fundamental;779;3.3.90.36.00.00.00.00;OUTROS SERVIÇOS DE TERCEIROS - PESSOA FÍSICA;1.570.000.0000;TRANSFERÊNCIAS DO GOVERNO FEDERAL REFERENTES A CONVÊNIOS E INSTRUMENTOS CONGÊNERES VINCULADOS À EDUCAÇÃO;44.036,13
PREFEITURA MUNICIPAL DE BARBACENA;32.001;SEDUC;2.202;TRANSPORTE ESCOLAR DO ENSINO FUNDAMENTAL;15;GESTÃO DO ENSINO FUNDAMENTAL;12;Educação;361;Ensino Fundamental;779;3.3.90.36.00.00.00.00;OUTROS SERVIÇOS DE TERCEIROS - PESSOA FÍSICA;1.576.001.0000;PTE- TRANSFERÊNCIAS DE RECURSOS DOS ESTADOS PARA PROGRAMAS DE EDUCAÇÃO (TRANSFERÊNCIAS DE RECURSOS PARA O PROGRAMA ESTADUAL DE TRANSPORTE ESCOLAR);157.500,00
PREFEITURA MUNICIPAL DE BARBACENA;32.001;SEDUC;2.202;TRANSPORTE ESCOLAR DO ENSINO FUNDAMENTAL;15;GESTÃO DO ENSINO FUNDAMENTAL;12;Educação;361;Ensino Fundamental;779;3.3.90.36.00.00.00.00;OUTROS SERVIÇOS DE TERCEIROS - PESSOA FÍSICA;2.576.001.0000;PTE - TRANSFERÊNCIAS DE RECURSOS DOS ESTADOS PARA PROGRAMAS DE EDUCAÇÃO (TRANSFERÊNCIAS DE RECURSOS PARA O PROGRAMA ESTADUAL DE TRANSPORTE ESCOLAR );0,01
PREFEITURA MUNICIPAL DE BARBACENA;32.001;SEDUC;2.202;TRANSPORTE ESCOLAR DO ENSINO FUNDAMENTAL;15;GESTÃO DO ENSINO FUNDAMENTAL;12;Educação;361;Ensino Fundamental;780;3.3.90.39.00.00.00.00;OUTROS SERVIÇOS DE TERCEIROS - PESSOA JURÍDICA;1.500.000.1001;RECURSOS NÃO VINCULADOS DE IMPOSTOS (EDUCAÇÃO);1.137.523,98
PREFEITURA MUNICIPAL DE BARBACENA;32.001;SEDUC;2.202;TRANSPORTE ESCOLAR DO ENSINO FUNDAMENTAL;15;GESTÃO DO ENSINO FUNDAMENTAL;12;Educação;361;Ensino Fundamental;780;3.3.90.39.00.00.00.00;OUTROS SERVIÇOS DE TERCEIROS - PESSOA JURÍDICA;1.550.000.0000;QESE - TRANSFERÊNCIA DO SALÁRIO-EDUCAÇÃO;618.870,75
PREFEITURA MUNICIPAL DE BARBACENA;32.001;SEDUC;2.202;TRANSPORTE ESCOLAR DO ENSINO FUNDAMENTAL;15;GESTÃO DO ENSINO FUNDAMENTAL;12;Educação;361;Ensino Fundamental;780;3.3.90.39.00.00.00.00;OUTROS SERVIÇOS DE TERCEIROS - PESSOA JURÍDICA;1.553.000.0000;PNATE - TRANSFERÊNCIAS DE RECURSOS DO FNDE REFERENTES AO PROGRAMA NACIONAL DE APOIO AO TRANSPORTE ESCOLAR;525,00
PREFEITURA MUNICIPAL DE BARBACENA;32.001;SEDUC;2.202;TRANSPORTE ESCOLAR DO ENSINO FUNDAMENTAL;15;GESTÃO DO ENSINO FUNDAMENTAL;12;Educação;361;Ensino Fundamental;780;3.3.90.39.00.00.00.00;OUTROS SERVIÇOS DE TERCEIROS - PESSOA JURÍDICA;1.569.000.0000;OUTRAS TRANSFERÊNCIAS DE RECURSOS DO FNDE;45.439,02
PREFEITURA MUNICIPAL DE BARBACENA;32.001;SEDUC;2.202;TRANSPORTE ESCOLAR DO ENSINO FUNDAMENTAL;15;GESTÃO DO ENSINO FUNDAMENTAL;12;Educação;361;Ensino Fundamental;780;3.3.90.39.00.00.00.00;OUTROS SERVIÇOS DE TERCEIROS - PESSOA JURÍDICA;1.570.000.0000;TRANSFERÊNCIAS DO GOVERNO FEDERAL REFERENTES A CONVÊNIOS E INSTRUMENTOS CONGÊNERES VINCULADOS À EDUCAÇÃO;77.490,00
PREFEITURA MUNICIPAL DE BARBACENA;32.001;SEDUC;2.202;TRANSPORTE ESCOLAR DO ENSINO FUNDAMENTAL;15;GESTÃO DO ENSINO FUNDAMENTAL;12;Educação;361;Ensino Fundamental;780;3.3.90.39.00.00.00.00;OUTROS SERVIÇOS DE TERCEIROS - PESSOA JURÍDICA;1.576.001.0000;PTE- TRANSFERÊNCIAS DE RECURSOS DOS ESTADOS PARA PROGRAMAS DE EDUCAÇÃO (TRANSFERÊNCIAS DE RECURSOS PARA O PROGRAMA ESTADUAL DE TRANSPORTE ESCOLAR);480.616,95
PREFEITURA MUNICIPAL DE BARBACENA;32.001;SEDUC;2.202;TRANSPORTE ESCOLAR DO ENSINO FUNDAMENTAL;15;GESTÃO DO ENSINO FUNDAMENTAL;12;Educação;361;Ensino Fundamental;780;3.3.90.39.00.00.00.00;OUTROS SERVIÇOS DE TERCEIROS - PESSOA JURÍDICA;2.576.001.0000;PTE - TRANSFERÊNCIAS DE RECURSOS DOS ESTADOS PARA PROGRAMAS DE EDUCAÇÃO (TRANSFERÊNCIAS DE RECURSOS PARA O PROGRAMA ESTADUAL DE TRANSPORTE ESCOLAR );83.199,06
PREFEITURA MUNICIPAL DE BARBACENA;32.001;SEDUC;2.202;TRANSPORTE ESCOLAR DO ENSINO FUNDAMENTAL;15;GESTÃO DO ENSINO FUNDAMENTAL;12;Educação;361;Ensino Fundamental;781;3.3.90.47.00.00.00.00;OBRIGAÇÕES TRIBUTÁRIAS E CONTRIBUTIVAS;1.500.000.1001;RECURSOS NÃO VINCULADOS DE IMPOSTOS (EDUCAÇÃO);20.838,24
PREFEITURA MUNICIPAL DE BARBACENA;32.001;SEDUC;2.202;TRANSPORTE ESCOLAR DO ENSINO FUNDAMENTAL;15;GESTÃO DO ENSINO FUNDAMENTAL;12;Educação;361;Ensino Fundamental;781;3.3.90.47.00.00.00.00;OBRIGAÇÕES TRIBUTÁRIAS E CONTRIBUTIVAS;1.550.000.0000;QESE - TRANSFERÊNCIA DO SALÁRIO-EDUCAÇÃO;16.537,50
PREFEITURA MUNICIPAL DE BARBACENA;32.001;SEDUC;2.202;TRANSPORTE ESCOLAR DO ENSINO FUNDAMENTAL;15;GESTÃO DO ENSINO FUNDAMENTAL;12;Educação;361;Ensino Fundamental;782;3.3.90.92.00.00.00.00;DESPESAS DE EXERCÍCIOS ANTERIORES;1.500.000.1001;RECURSOS NÃO VINCULADOS DE IMPOSTOS (EDUCAÇÃO);2.000,00
PREFEITURA MUNICIPAL DE BARBACENA;32.001;SEDUC;2.202;TRANSPORTE ESCOLAR DO ENSINO FUNDAMENTAL;15;GESTÃO DO ENSINO FUNDAMENTAL;12;Educação;361;Ensino Fundamental;782;3.3.90.92.00.00.00.00;DESPESAS DE EXERCÍCIOS ANTERIORES;1.550.000.0000;QESE - TRANSFERÊNCIA DO SALÁRIO-EDUCAÇÃO;44.100,00
PREFEITURA MUNICIPAL DE BARBACENA;32.001;SEDUC;2.202;TRANSPORTE ESCOLAR DO ENSINO FUNDAMENTAL;15;GESTÃO DO ENSINO FUNDAMENTAL;12;Educação;361;Ensino Fundamental;783;3.3.90.93.00.00.00.00;INDENIZAÇÕES E RESTITUIÇÕES;1.500.000.1001;RECURSOS NÃO VINCULADOS DE IMPOSTOS (EDUCAÇÃO);1.000,00
PREFEITURA MUNICIPAL DE BARBACENA;32.001;SEDUC;2.202;TRANSPORTE ESCOLAR DO ENSINO FUNDAMENTAL;15;GESTÃO DO ENSINO FUNDAMENTAL;12;Educação;361;Ensino Fundamental;783;3.3.90.93.00.00.00.00;INDENIZAÇÕES E RESTITUIÇÕES;1.550.000.0000;QESE - TRANSFERÊNCIA DO SALÁRIO-EDUCAÇÃO;1.102,50
PREFEITURA MUNICIPAL DE BARBACENA;32.001;SEDUC;2.202;TRANSPORTE ESCOLAR DO ENSINO FUNDAMENTAL;15;GESTÃO DO ENSINO FUNDAMENTAL;12;Educação;361;Ensino Fundamental;783;3.3.90.93.00.00.00.00;INDENIZAÇÕES E RESTITUIÇÕES;1.570.000.0000;TRANSFERÊNCIAS DO GOVERNO FEDERAL REFERENTES A CONVÊNIOS E INSTRUMENTOS CONGÊNERES VINCULADOS À EDUCAÇÃO;2.756,25
PREFEITURA MUNICIPAL DE BARBACENA;32.001;SEDUC;2.202;TRANSPORTE ESCOLAR DO ENSINO FUNDAMENTAL;15;GESTÃO DO ENSINO FUNDAMENTAL;12;Educação;361;Ensino Fundamental;784;4.4.90.52.00.00.00.00;EQUIPAMENTOS E MATERIAL PERMANENTE;1.500.000.1001;RECURSOS NÃO VINCULADOS DE IMPOSTOS (EDUCAÇÃO);194.040,00
PREFEITURA MUNICIPAL DE BARBACENA;32.001;SEDUC;2.202;TRANSPORTE ESCOLAR DO ENSINO FUNDAMENTAL;15;GESTÃO DO ENSINO FUNDAMENTAL;12;Educação;361;Ensino Fundamental;784;4.4.90.52.00.00.00.00;EQUIPAMENTOS E MATERIAL PERMANENTE;1.571.000.0000;TRANSFERÊNCIAS DO ESTADO REFERENTES A CONVÊNIOS E INSTRUMENTOS CONGÊNERES VINCULADOS À EDUCAÇÃO;1.378,31
PREFEITURA MUNICIPAL DE BARBACENA;32.001;SEDUC;2.203;MANUTENÇAO DAS UNIDADES DE ENSINO FUNDAMENTAL;15;GESTÃO DO ENSINO FUNDAMENTAL;12;Educação;361;Ensino Fundamental;785;3.3.50.41.00.00.00.00;CONTRIBUIÇÕES;1.500.000.1001;RECURSOS NÃO VINCULADOS DE IMPOSTOS (EDUCAÇÃO);1.870.375,35
PREFEITURA MUNICIPAL DE BARBACENA;32.001;SEDUC;2.203;MANUTENÇAO DAS UNIDADES DE ENSINO FUNDAMENTAL;15;GESTÃO DO ENSINO FUNDAMENTAL;12;Educação;361;Ensino Fundamental;786;3.3.50.43.00.00.00.00;SUBVENÇÕES SOCIAIS;1.500.000.1001;RECURSOS NÃO VINCULADOS DE IMPOSTOS (EDUCAÇÃO);97.018,04
PREFEITURA MUNICIPAL DE BARBACENA;32.001;SEDUC;2.203;MANUTENÇAO DAS UNIDADES DE ENSINO FUNDAMENTAL;15;GESTÃO DO ENSINO FUNDAMENTAL;12;Educação;361;Ensino Fundamental;787;3.3.90.30.00.00.00.00;MATERIAL DE CONSUMO;1.500.000.1001;RECURSOS NÃO VINCULADOS DE IMPOSTOS (EDUCAÇÃO);126.289,31
PREFEITURA MUNICIPAL DE BARBACENA;32.001;SEDUC;2.203;MANUTENÇAO DAS UNIDADES DE ENSINO FUNDAMENTAL;15;GESTÃO DO ENSINO FUNDAMENTAL;12;Educação;361;Ensino Fundamental;787;3.3.90.30.00.00.00.00;MATERIAL DE CONSUMO;1.550.000.0000;QESE - TRANSFERÊNCIA DO SALÁRIO-EDUCAÇÃO;179.744,03
PREFEITURA MUNICIPAL DE BARBACENA;32.001;SEDUC;2.203;MANUTENÇAO DAS UNIDADES DE ENSINO FUNDAMENTAL;15;GESTÃO DO ENSINO FUNDAMENTAL;12;Educação;361;Ensino Fundamental;787;3.3.90.30.00.00.00.00;MATERIAL DE CONSUMO;1.552.000.0000;PNAE - TRANSFERÊNCIAS DE RECURSOS DO FNDE REFERENTES AO PROGRAMA NACIONAL DE ALIMENTAÇÃO ESCOLAR;756.351,03
PREFEITURA MUNICIPAL DE BARBACENA;32.001;SEDUC;2.203;MANUTENÇAO DAS UNIDADES DE ENSINO FUNDAMENTAL;15;GESTÃO DO ENSINO FUNDAMENTAL;12;Educação;361;Ensino Fundamental;787;3.3.90.30.00.00.00.00;MATERIAL DE CONSUMO;1.569.000.0000;OUTRAS TRANSFERÊNCIAS DE RECURSOS DO FNDE;4.410,01
PREFEITURA MUNICIPAL DE BARBACENA;32.001;SEDUC;2.203;MANUTENÇAO DAS UNIDADES DE ENSINO FUNDAMENTAL;15;GESTÃO DO ENSINO FUNDAMENTAL;12;Educação;361;Ensino Fundamental;787;3.3.90.30.00.00.00.00;MATERIAL DE CONSUMO;2.552.000.0000;PNAE - TRANSFERÊNCIAS DE RECURSOS DO FNDE REFERENTES AO PROGRAMA NACIONAL DE ALIMENTAÇÃO ESCOLAR;416.481,31
PREFEITURA MUNICIPAL DE BARBACENA;32.001;SEDUC;2.203;MANUTENÇAO DAS UNIDADES DE ENSINO FUNDAMENTAL;15;GESTÃO DO ENSINO FUNDAMENTAL;12;Educação;361;Ensino Fundamental;788;3.3.90.36.00.00.00.00;OUTROS SERVIÇOS DE TERCEIROS - PESSOA FÍSICA;1.550.000.0000;QESE - TRANSFERÊNCIA DO SALÁRIO-EDUCAÇÃO;2.756,25
PREFEITURA MUNICIPAL DE BARBACENA;32.001;SEDUC;2.203;MANUTENÇAO DAS UNIDADES DE ENSINO FUNDAMENTAL;15;GESTÃO DO ENSINO FUNDAMENTAL;12;Educação;361;Ensino Fundamental;789;3.3.90.39.00.00.00.00;OUTROS SERVIÇOS DE TERCEIROS - PESSOA JURÍDICA;1.500.000.1001;RECURSOS NÃO VINCULADOS DE IMPOSTOS (EDUCAÇÃO);1.549.427,53
PREFEITURA MUNICIPAL DE BARBACENA;32.001;SEDUC;2.203;MANUTENÇAO DAS UNIDADES DE ENSINO FUNDAMENTAL;15;GESTÃO DO ENSINO FUNDAMENTAL;12;Educação;361;Ensino Fundamental;789;3.3.90.39.00.00.00.00;OUTROS SERVIÇOS DE TERCEIROS - PESSOA JURÍDICA;1.550.000.0000;QESE - TRANSFERÊNCIA DO SALÁRIO-EDUCAÇÃO;36.958,70
PREFEITURA MUNICIPAL DE BARBACENA;32.001;SEDUC;2.203;MANUTENÇAO DAS UNIDADES DE ENSINO FUNDAMENTAL;15;GESTÃO DO ENSINO FUNDAMENTAL;12;Educação;361;Ensino Fundamental;790;3.3.90.92.00.00.00.00;DESPESAS DE EXERCÍCIOS ANTERIORES;1.500.000.1001;RECURSOS NÃO VINCULADOS DE IMPOSTOS (EDUCAÇÃO);25.000,00
PREFEITURA MUNICIPAL DE BARBACENA;32.001;SEDUC;2.203;MANUTENÇAO DAS UNIDADES DE ENSINO FUNDAMENTAL;15;GESTÃO DO ENSINO FUNDAMENTAL;12;Educação;361;Ensino Fundamental;791;3.3.90.93.00.00.00.00;INDENIZAÇÕES E RESTITUIÇÕES;1.569.000.0000;OUTRAS TRANSFERÊNCIAS DE RECURSOS DO FNDE;45.439,02
PREFEITURA MUNICIPAL DE BARBACENA;32.001;SEDUC;2.203;MANUTENÇAO DAS UNIDADES DE ENSINO FUNDAMENTAL;15;GESTÃO DO ENSINO FUNDAMENTAL;12;Educação;361;Ensino Fundamental;792;4.4.50.41.00.00.00.00;CONTRIBUIÇÕES;1.500.000.1001;RECURSOS NÃO VINCULADOS DE IMPOSTOS (EDUCAÇÃO);10.000,00
PREFEITURA MUNICIPAL DE BARBACENA;32.001;SEDUC;2.203;MANUTENÇAO DAS UNIDADES DE ENSINO FUNDAMENTAL;15;GESTÃO DO ENSINO FUNDAMENTAL;12;Educação;361;Ensino Fundamental;793;4.4.90.51.00.00.00.00;OBRAS E INSTALAÇÕES;1.500.000.1001;RECURSOS NÃO VINCULADOS DE IMPOSTOS (EDUCAÇÃO);2.000,00
PREFEITURA MUNICIPAL DE BARBACENA;32.001;SEDUC;2.203;MANUTENÇAO DAS UNIDADES DE ENSINO FUNDAMENTAL;15;GESTÃO DO ENSINO FUNDAMENTAL;12;Educação;361;Ensino Fundamental;793;4.4.90.51.00.00.00.00;OBRAS E INSTALAÇÕES;1.550.000.0000;QESE - TRANSFERÊNCIA DO SALÁRIO-EDUCAÇÃO;130.915,79
PREFEITURA MUNICIPAL DE BARBACENA;32.001;SEDUC;2.203;MANUTENÇAO DAS UNIDADES DE ENSINO FUNDAMENTAL;15;GESTÃO DO ENSINO FUNDAMENTAL;12;Educação;361;Ensino Fundamental;794;4.4.90.52.00.00.00.00;EQUIPAMENTOS E MATERIAL PERMANENTE;1.500.000.1001;RECURSOS NÃO VINCULADOS DE IMPOSTOS (EDUCAÇÃO);1.000,00
PREFEITURA MUNICIPAL DE BARBACENA;32.001;SEDUC;2.203;MANUTENÇAO DAS UNIDADES DE ENSINO FUNDAMENTAL;15;GESTÃO DO ENSINO FUNDAMENTAL;12;Educação;361;Ensino Fundamental;794;4.4.90.52.00.00.00.00;EQUIPAMENTOS E MATERIAL PERMANENTE;1.550.000.0000;QESE - TRANSFERÊNCIA DO SALÁRIO-EDUCAÇÃO;1.050,00
PREFEITURA MUNICIPAL DE BARBACENA;32.001;SEDUC;2.203;MANUTENÇAO DAS UNIDADES DE ENSINO FUNDAMENTAL;15;GESTÃO DO ENSINO FUNDAMENTAL;12;Educação;361;Ensino Fundamental;794;4.4.90.52.00.00.00.00;EQUIPAMENTOS E MATERIAL PERMANENTE;1.569.000.0000;OUTRAS TRANSFERÊNCIAS DE RECURSOS DO FNDE;220.702,42
PREFEITURA MUNICIPAL DE BARBACENA;32.001;SEDUC;2.203;MANUTENÇAO DAS UNIDADES DE ENSINO FUNDAMENTAL;15;GESTÃO DO ENSINO FUNDAMENTAL;12;Educação;361;Ensino Fundamental;794;4.4.90.52.00.00.00.00;EQUIPAMENTOS E MATERIAL PERMANENTE;1.571.000.0000;TRANSFERÊNCIAS DO ESTADO REFERENTES A CONVÊNIOS E INSTRUMENTOS CONGÊNERES VINCULADOS À EDUCAÇÃO;10.022,40
PREFEITURA MUNICIPAL DE BARBACENA;32.001;SEDUC;2.204;PESSOAL E ENCARGOS SOCIAIS DO ENSINO FUNDAMENTAL;15;GESTÃO DO ENSINO FUNDAMENTAL;12;Educação;361;Ensino Fundamental;795;3.1.90.04.00.00.00.00;CONTRATAÇÃO POR TEMPO DETERMINADO;1.500.000.1001;RECURSOS NÃO VINCULADOS DE IMPOSTOS (EDUCAÇÃO);5.927.723,72
PREFEITURA MUNICIPAL DE BARBACENA;32.001;SEDUC;2.204;PESSOAL E ENCARGOS SOCIAIS DO ENSINO FUNDAMENTAL;15;GESTÃO DO ENSINO FUNDAMENTAL;12;Educação;361;Ensino Fundamental;795;3.1.90.04.00.00.00.00;CONTRATAÇÃO POR TEMPO DETERMINADO;1.540.000.0000;TRANSFERÊNCIAS DO FUNDEB - IMPOSTOS E TRANSFERÊNCIAS DE IMPOSTOS (30%);4.828.712,97
PREFEITURA MUNICIPAL DE BARBACENA;32.001;SEDUC;2.204;PESSOAL E ENCARGOS SOCIAIS DO ENSINO FUNDAMENTAL;15;GESTÃO DO ENSINO FUNDAMENTAL;12;Educação;361;Ensino Fundamental;795;3.1.90.04.00.00.00.00;CONTRATAÇÃO POR TEMPO DETERMINADO;1.540.000.1070;TRANSFERÊNCIAS DO FUNDEB - IMPOSTOS E TRANSFERÊNCIAS DE IMPOSTOS (70% -PAGTO DA REMUNERAÇÃO DOS PROFISSIONAIS DA EDUCAÇÃO BÁSICA EM EFETIVO EXERCÍCIO);8.590.006,80
PREFEITURA MUNICIPAL DE BARBACENA;32.001;SEDUC;2.204;PESSOAL E ENCARGOS SOCIAIS DO ENSINO FUNDAMENTAL;15;GESTÃO DO ENSINO FUNDAMENTAL;12;Educação;361;Ensino Fundamental;795;3.1.90.04.00.00.00.00;CONTRATAÇÃO POR TEMPO DETERMINADO;2.540.000.1070;TRANSFERÊNCIAS DO FUNDEB - IMPOSTOS E TRANSFERÊNCIAS DE IMPOSTOS (70% -PAGTO DA REMUNERAÇÃO DOS PROFISSIONAIS DA EDUCAÇÃO BÁSICA EM EFETIVO EXERCÍCIO);1.423.804,77
PREFEITURA MUNICIPAL DE BARBACENA;32.001;SEDUC;2.204;PESSOAL E ENCARGOS SOCIAIS DO ENSINO FUNDAMENTAL;15;GESTÃO DO ENSINO FUNDAMENTAL;12;Educação;361;Ensino Fundamental;796;3.1.90.11.00.00.00.00;VENCIMENTOS E VANTAGENS FIXAS - PESSOAL CIVIL;1.500.000.1001;RECURSOS NÃO VINCULADOS DE IMPOSTOS (EDUCAÇÃO);2.452.981,51
PREFEITURA MUNICIPAL DE BARBACENA;32.001;SEDUC;2.204;PESSOAL E ENCARGOS SOCIAIS DO ENSINO FUNDAMENTAL;15;GESTÃO DO ENSINO FUNDAMENTAL;12;Educação;361;Ensino Fundamental;796;3.1.90.11.00.00.00.00;VENCIMENTOS E VANTAGENS FIXAS - PESSOAL CIVIL;1.540.000.0000;TRANSFERÊNCIAS DO FUNDEB - IMPOSTOS E TRANSFERÊNCIAS DE IMPOSTOS (30%);649.839,77
PREFEITURA MUNICIPAL DE BARBACENA;32.001;SEDUC;2.204;PESSOAL E ENCARGOS SOCIAIS DO ENSINO FUNDAMENTAL;15;GESTÃO DO ENSINO FUNDAMENTAL;12;Educação;361;Ensino Fundamental;796;3.1.90.11.00.00.00.00;VENCIMENTOS E VANTAGENS FIXAS - PESSOAL CIVIL;1.540.000.1070;TRANSFERÊNCIAS DO FUNDEB - IMPOSTOS E TRANSFERÊNCIAS DE IMPOSTOS (70% -PAGTO DA REMUNERAÇÃO DOS PROFISSIONAIS DA EDUCAÇÃO BÁSICA EM EFETIVO EXERCÍCIO);16.320.908,24
PREFEITURA MUNICIPAL DE BARBACENA;32.001;SEDUC;2.204;PESSOAL E ENCARGOS SOCIAIS DO ENSINO FUNDAMENTAL;15;GESTÃO DO ENSINO FUNDAMENTAL;12;Educação;361;Ensino Fundamental;796;3.1.90.11.00.00.00.00;VENCIMENTOS E VANTAGENS FIXAS - PESSOAL CIVIL;2.540.000.1070;TRANSFERÊNCIAS DO FUNDEB - IMPOSTOS E TRANSFERÊNCIAS DE IMPOSTOS (70% -PAGTO DA REMUNERAÇÃO DOS PROFISSIONAIS DA EDUCAÇÃO BÁSICA EM EFETIVO EXERCÍCIO);1.064.698,46
PREFEITURA MUNICIPAL DE BARBACENA;32.001;SEDUC;2.204;PESSOAL E ENCARGOS SOCIAIS DO ENSINO FUNDAMENTAL;15;GESTÃO DO ENSINO FUNDAMENTAL;12;Educação;361;Ensino Fundamental;797;3.1.90.92.00.00.00.00;DESPESAS DE EXERCÍCIOS ANTERIORES;1.500.000.1001;RECURSOS NÃO VINCULADOS DE IMPOSTOS (EDUCAÇÃO);2.000,00
PREFEITURA MUNICIPAL DE BARBACENA;32.001;SEDUC;2.204;PESSOAL E ENCARGOS SOCIAIS DO ENSINO FUNDAMENTAL;15;GESTÃO DO ENSINO FUNDAMENTAL;12;Educação;361;Ensino Fundamental;798;3.1.91.13.00.00.00.00;OBRIGAÇÕES PATRONAIS;1.500.000.1001;RECURSOS NÃO VINCULADOS DE IMPOSTOS (EDUCAÇÃO);541.847,30
PREFEITURA MUNICIPAL DE BARBACENA;32.001;SEDUC;2.204;PESSOAL E ENCARGOS SOCIAIS DO ENSINO FUNDAMENTAL;15;GESTÃO DO ENSINO FUNDAMENTAL;12;Educação;361;Ensino Fundamental;798;3.1.91.13.00.00.00.00;OBRIGAÇÕES PATRONAIS;1.540.000.0000;TRANSFERÊNCIAS DO FUNDEB - IMPOSTOS E TRANSFERÊNCIAS DE IMPOSTOS (30%);181.954,31
PREFEITURA MUNICIPAL DE BARBACENA;32.001;SEDUC;2.204;PESSOAL E ENCARGOS SOCIAIS DO ENSINO FUNDAMENTAL;15;GESTÃO DO ENSINO FUNDAMENTAL;12;Educação;361;Ensino Fundamental;798;3.1.91.13.00.00.00.00;OBRIGAÇÕES PATRONAIS;1.540.000.1070;TRANSFERÊNCIAS DO FUNDEB - IMPOSTOS E TRANSFERÊNCIAS DE IMPOSTOS (70% -PAGTO DA REMUNERAÇÃO DOS PROFISSIONAIS DA EDUCAÇÃO BÁSICA EM EFETIVO EXERCÍCIO);4.546.588,83
PREFEITURA MUNICIPAL DE BARBACENA;32.001;SEDUC;2.204;PESSOAL E ENCARGOS SOCIAIS DO ENSINO FUNDAMENTAL;15;GESTÃO DO ENSINO FUNDAMENTAL;12;Educação;361;Ensino Fundamental;798;3.1.91.13.00.00.00.00;OBRIGAÇÕES PATRONAIS;2.540.000.1070;TRANSFERÊNCIAS DO FUNDEB - IMPOSTOS E TRANSFERÊNCIAS DE IMPOSTOS (70% -PAGTO DA REMUNERAÇÃO DOS PROFISSIONAIS DA EDUCAÇÃO BÁSICA EM EFETIVO EXERCÍCIO);340.031,97
PREFEITURA MUNICIPAL DE BARBACENA;32.001;SEDUC;2.204;PESSOAL E ENCARGOS SOCIAIS DO ENSINO FUNDAMENTAL;15;GESTÃO DO ENSINO FUNDAMENTAL;12;Educação;361;Ensino Fundamental;799;3.3.90.08.00.00.00.00;OUTROS BENEFÍCIOS ASSISTENCIAIS-SERVIDOR/MILITAR;1.500.000.1001;RECURSOS NÃO VINCULADOS DE IMPOSTOS (EDUCAÇÃO);2.000,00
PREFEITURA MUNICIPAL DE BARBACENA;32.001;SEDUC;2.204;PESSOAL E ENCARGOS SOCIAIS DO ENSINO FUNDAMENTAL;15;GESTÃO DO ENSINO FUNDAMENTAL;12;Educação;361;Ensino Fundamental;799;3.3.90.08.00.00.00.00;OUTROS BENEFÍCIOS ASSISTENCIAIS-SERVIDOR/MILITAR;1.540.000.0000;TRANSFERÊNCIAS DO FUNDEB - IMPOSTOS E TRANSFERÊNCIAS DE IMPOSTOS (30%);10.599,44
PREFEITURA MUNICIPAL DE BARBACENA;32.001;SEDUC;2.204;PESSOAL E ENCARGOS SOCIAIS DO ENSINO FUNDAMENTAL;15;GESTÃO DO ENSINO FUNDAMENTAL;12;Educação;361;Ensino Fundamental;799;3.3.90.08.00.00.00.00;OUTROS BENEFÍCIOS ASSISTENCIAIS-SERVIDOR/MILITAR;1.540.000.1070;TRANSFERÊNCIAS DO FUNDEB - IMPOSTOS E TRANSFERÊNCIAS DE IMPOSTOS (70% -PAGTO DA REMUNERAÇÃO DOS PROFISSIONAIS DA EDUCAÇÃO BÁSICA EM EFETIVO EXERCÍCIO);10.000,00
PREFEITURA MUNICIPAL DE BARBACENA;32.001;SEDUC;2.204;PESSOAL E ENCARGOS SOCIAIS DO ENSINO FUNDAMENTAL;15;GESTÃO DO ENSINO FUNDAMENTAL;12;Educação;361;Ensino Fundamental;799;3.3.90.08.00.00.00.00;OUTROS BENEFÍCIOS ASSISTENCIAIS-SERVIDOR/MILITAR;2.540.000.0000;TRANSFERÊNCIAS DO FUNDEB - IMPOSTOS E TRANSFERÊNCIAS DE IMPOSTOS (30%);810,50
PREFEITURA MUNICIPAL DE BARBACENA;32.001;SEDUC;2.204;PESSOAL E ENCARGOS SOCIAIS DO ENSINO FUNDAMENTAL;15;GESTÃO DO ENSINO FUNDAMENTAL;12;Educação;361;Ensino Fundamental;800;3.3.90.18.00.00.00.00;AUXÍLIO FINANCEIRO A ESTUDANTES;1.540.000.0000;TRANSFERÊNCIAS DO FUNDEB - IMPOSTOS E TRANSFERÊNCIAS DE IMPOSTOS (30%);3.000,00
PREFEITURA MUNICIPAL DE BARBACENA;32.001;SEDUC;2.204;PESSOAL E ENCARGOS SOCIAIS DO ENSINO FUNDAMENTAL;15;GESTÃO DO ENSINO FUNDAMENTAL;12;Educação;361;Ensino Fundamental;800;3.3.90.18.00.00.00.00;AUXÍLIO FINANCEIRO A ESTUDANTES;1.540.000.1070;TRANSFERÊNCIAS DO FUNDEB - IMPOSTOS E TRANSFERÊNCIAS DE IMPOSTOS (70% -PAGTO DA REMUNERAÇÃO DOS PROFISSIONAIS DA EDUCAÇÃO BÁSICA EM EFETIVO EXERCÍCIO);10.000,00
PREFEITURA MUNICIPAL DE BARBACENA;32.001;SEDUC;2.204;PESSOAL E ENCARGOS SOCIAIS DO ENSINO FUNDAMENTAL;15;GESTÃO DO ENSINO FUNDAMENTAL;12;Educação;361;Ensino Fundamental;801;3.3.90.39.00.00.00.00;OUTROS SERVIÇOS DE TERCEIROS - PESSOA JURÍDICA;1.500.000.1001;RECURSOS NÃO VINCULADOS DE IMPOSTOS (EDUCAÇÃO);1.218.306,10
PREFEITURA MUNICIPAL DE BARBACENA;32.001;SEDUC;2.204;PESSOAL E ENCARGOS SOCIAIS DO ENSINO FUNDAMENTAL;15;GESTÃO DO ENSINO FUNDAMENTAL;12;Educação;361;Ensino Fundamental;802;3.3.90.46.00.00.00.00;AUXÍLIO-ALIMENTAÇÃO;1.500.000.1001;RECURSOS NÃO VINCULADOS DE IMPOSTOS (EDUCAÇÃO);30.240,00
PREFEITURA MUNICIPAL DE BARBACENA;32.001;SEDUC;2.204;PESSOAL E ENCARGOS SOCIAIS DO ENSINO FUNDAMENTAL;15;GESTÃO DO ENSINO FUNDAMENTAL;12;Educação;361;Ensino Fundamental;802;3.3.90.46.00.00.00.00;AUXÍLIO-ALIMENTAÇÃO;1.540.000.0000;TRANSFERÊNCIAS DO FUNDEB - IMPOSTOS E TRANSFERÊNCIAS DE IMPOSTOS (30%);4.268.826,73
PREFEITURA MUNICIPAL DE BARBACENA;32.001;SEDUC;2.204;PESSOAL E ENCARGOS SOCIAIS DO ENSINO FUNDAMENTAL;15;GESTÃO DO ENSINO FUNDAMENTAL;12;Educação;361;Ensino Fundamental;802;3.3.90.46.00.00.00.00;AUXÍLIO-ALIMENTAÇÃO;1.540.000.1070;TRANSFERÊNCIAS DO FUNDEB - IMPOSTOS E TRANSFERÊNCIAS DE IMPOSTOS (70% -PAGTO DA REMUNERAÇÃO DOS PROFISSIONAIS DA EDUCAÇÃO BÁSICA EM EFETIVO EXERCÍCIO);10.000,00
PREFEITURA MUNICIPAL DE BARBACENA;32.001;SEDUC;2.204;PESSOAL E ENCARGOS SOCIAIS DO ENSINO FUNDAMENTAL;15;GESTÃO DO ENSINO FUNDAMENTAL;12;Educação;361;Ensino Fundamental;802;3.3.90.46.00.00.00.00;AUXÍLIO-ALIMENTAÇÃO;2.540.000.0000;TRANSFERÊNCIAS DO FUNDEB - IMPOSTOS E TRANSFERÊNCIAS DE IMPOSTOS (30%);425.600,00
PREFEITURA MUNICIPAL DE BARBACENA;32.001;SEDUC;2.081;MANUTENÇÃO DA EDUCAÇÃO DE JOVENS E ADULTOS;16;GESTÃO DA EDUCAÇÃO DE JOVENS E ADULTOS;12;Educação;366;Educação de Jovens e Adultos;872;3.3.90.30.00.00.00.00;MATERIAL DE CONSUMO;1.500.000.1001;RECURSOS NÃO VINCULADOS DE IMPOSTOS (EDUCAÇÃO);35.000,00
PREFEITURA MUNICIPAL DE BARBACENA;32.001;SEDUC;2.081;MANUTENÇÃO DA EDUCAÇÃO DE JOVENS E ADULTOS;16;GESTÃO DA EDUCAÇÃO DE JOVENS E ADULTOS;12;Educação;366;Educação de Jovens e Adultos;872;3.3.90.30.00.00.00.00;MATERIAL DE CONSUMO;1.550.000.0000;QESE - TRANSFERÊNCIA DO SALÁRIO-EDUCAÇÃO;2.270,40
PREFEITURA MUNICIPAL DE BARBACENA;32.001;SEDUC;2.081;MANUTENÇÃO DA EDUCAÇÃO DE JOVENS E ADULTOS;16;GESTÃO DA EDUCAÇÃO DE JOVENS E ADULTOS;12;Educação;366;Educação de Jovens e Adultos;872;3.3.90.30.00.00.00.00;MATERIAL DE CONSUMO;1.552.000.0000;PNAE - TRANSFERÊNCIAS DE RECURSOS DO FNDE REFERENTES AO PROGRAMA NACIONAL DE ALIMENTAÇÃO ESCOLAR;22.801,17
PREFEITURA MUNICIPAL DE BARBACENA;32.001;SEDUC;2.081;MANUTENÇÃO DA EDUCAÇÃO DE JOVENS E ADULTOS;16;GESTÃO DA EDUCAÇÃO DE JOVENS E ADULTOS;12;Educação;366;Educação de Jovens e Adultos;872;3.3.90.30.00.00.00.00;MATERIAL DE CONSUMO;1.569.000.0000;OUTRAS TRANSFERÊNCIAS DE RECURSOS DO FNDE;27.562,51
PREFEITURA MUNICIPAL DE BARBACENA;32.001;SEDUC;2.081;MANUTENÇÃO DA EDUCAÇÃO DE JOVENS E ADULTOS;16;GESTÃO DA EDUCAÇÃO DE JOVENS E ADULTOS;12;Educação;366;Educação de Jovens e Adultos;872;3.3.90.30.00.00.00.00;MATERIAL DE CONSUMO;2.552.000.0000;PNAE - TRANSFERÊNCIAS DE RECURSOS DO FNDE REFERENTES AO PROGRAMA NACIONAL DE ALIMENTAÇÃO ESCOLAR;0,01
PREFEITURA MUNICIPAL DE BARBACENA;32.001;SEDUC;2.081;MANUTENÇÃO DA EDUCAÇÃO DE JOVENS E ADULTOS;16;GESTÃO DA EDUCAÇÃO DE JOVENS E ADULTOS;12;Educação;366;Educação de Jovens e Adultos;873;3.3.90.39.00.00.00.00;OUTROS SERVIÇOS DE TERCEIROS - PESSOA JURÍDICA;1.500.000.1001;RECURSOS NÃO VINCULADOS DE IMPOSTOS (EDUCAÇÃO);1.500,00
PREFEITURA MUNICIPAL DE BARBACENA;32.001;SEDUC;2.081;MANUTENÇÃO DA EDUCAÇÃO DE JOVENS E ADULTOS;16;GESTÃO DA EDUCAÇÃO DE JOVENS E ADULTOS;12;Educação;366;Educação de Jovens e Adultos;874;3.3.90.93.00.00.00.00;INDENIZAÇÕES E RESTITUIÇÕES;1.569.000.0000;OUTRAS TRANSFERÊNCIAS DE RECURSOS DO FNDE;8.820,00
PREFEITURA MUNICIPAL DE BARBACENA;32.001;SEDUC;2.081;MANUTENÇÃO DA EDUCAÇÃO DE JOVENS E ADULTOS;16;GESTÃO DA EDUCAÇÃO DE JOVENS E ADULTOS;12;Educação;366;Educação de Jovens e Adultos;875;4.4.90.52.00.00.00.00;EQUIPAMENTOS E MATERIAL PERMANENTE;1.500.000.1001;RECURSOS NÃO VINCULADOS DE IMPOSTOS (EDUCAÇÃO);3.000,00
PREFEITURA MUNICIPAL DE BARBACENA;32.001;SEDUC;2.083;PESSOAL E ENCARGOS SOCIAIS DA EDUCACAO DE JOVENS E ADULTOS;16;GESTÃO DA EDUCAÇÃO DE JOVENS E ADULTOS;12;Educação;366;Educação de Jovens e Adultos;876;3.1.90.04.00.00.00.00;CONTRATAÇÃO POR TEMPO DETERMINADO;1.500.000.1001;RECURSOS NÃO VINCULADOS DE IMPOSTOS (EDUCAÇÃO);10.000,00
PREFEITURA MUNICIPAL DE BARBACENA;32.001;SEDUC;2.083;PESSOAL E ENCARGOS SOCIAIS DA EDUCACAO DE JOVENS E ADULTOS;16;GESTÃO DA EDUCAÇÃO DE JOVENS E ADULTOS;12;Educação;366;Educação de Jovens e Adultos;876;3.1.90.04.00.00.00.00;CONTRATAÇÃO POR TEMPO DETERMINADO;1.569.000.0000;OUTRAS TRANSFERÊNCIAS DE RECURSOS DO FNDE;57.750,00
PREFEITURA MUNICIPAL DE BARBACENA;32.001;SEDUC;2.083;PESSOAL E ENCARGOS SOCIAIS DA EDUCACAO DE JOVENS E ADULTOS;16;GESTÃO DA EDUCAÇÃO DE JOVENS E ADULTOS;12;Educação;366;Educação de Jovens e Adultos;877;3.1.90.11.00.00.00.00;VENCIMENTOS E VANTAGENS FIXAS - PESSOAL CIVIL;1.500.000.1001;RECURSOS NÃO VINCULADOS DE IMPOSTOS (EDUCAÇÃO);61.598,15
PREFEITURA MUNICIPAL DE BARBACENA;32.001;SEDUC;2.083;PESSOAL E ENCARGOS SOCIAIS DA EDUCACAO DE JOVENS E ADULTOS;16;GESTÃO DA EDUCAÇÃO DE JOVENS E ADULTOS;12;Educação;366;Educação de Jovens e Adultos;878;3.1.91.13.00.00.00.00;OBRIGAÇÕES PATRONAIS;1.500.000.1001;RECURSOS NÃO VINCULADOS DE IMPOSTOS (EDUCAÇÃO);17.247,45
PREFEITURA MUNICIPAL DE BARBACENA;32.001;SEDUC;2.083;PESSOAL E ENCARGOS SOCIAIS DA EDUCACAO DE JOVENS E ADULTOS;16;GESTÃO DA EDUCAÇÃO DE JOVENS E ADULTOS;12;Educação;366;Educação de Jovens e Adultos;879;3.3.90.46.00.00.00.00;AUXÍLIO-ALIMENTAÇÃO;1.500.000.1001;RECURSOS NÃO VINCULADOS DE IMPOSTOS (EDUCAÇÃO);7.920,00
PREFEITURA MUNICIPAL DE BARBACENA;32.001;SEDUC;2.094;TRANSPORTE ESCOLAR PARA EDUCACAO DE JOVENS E ADULTOS;16;GESTÃO DA EDUCAÇÃO DE JOVENS E ADULTOS;12;Educação;366;Educação de Jovens e Adultos;880;3.3.90.36.00.00.00.00;OUTROS SERVIÇOS DE TERCEIROS - PESSOA FÍSICA;1.553.000.0000;PNATE - TRANSFERÊNCIAS DE RECURSOS DO FNDE REFERENTES AO PROGRAMA NACIONAL DE APOIO AO TRANSPORTE ESCOLAR;525,01
PREFEITURA MUNICIPAL DE BARBACENA;32.001;SEDUC;2.094;TRANSPORTE ESCOLAR PARA EDUCACAO DE JOVENS E ADULTOS;16;GESTÃO DA EDUCAÇÃO DE JOVENS E ADULTOS;12;Educação;366;Educação de Jovens e Adultos;881;3.3.90.39.00.00.00.00;OUTROS SERVIÇOS DE TERCEIROS - PESSOA JURÍDICA;1.553.000.0000;PNATE - TRANSFERÊNCIAS DE RECURSOS DO FNDE REFERENTES AO PROGRAMA NACIONAL DE APOIO AO TRANSPORTE ESCOLAR;1.575,00
PREFEITURA MUNICIPAL DE BARBACENA;32.001;SEDUC;2.094;TRANSPORTE ESCOLAR PARA EDUCACAO DE JOVENS E ADULTOS;16;GESTÃO DA EDUCAÇÃO DE JOVENS E ADULTOS;12;Educação;366;Educação de Jovens e Adultos;881;3.3.90.39.00.00.00.00;OUTROS SERVIÇOS DE TERCEIROS - PESSOA JURÍDICA;1.570.000.0000;TRANSFERÊNCIAS DO GOVERNO FEDERAL REFERENTES A CONVÊNIOS E INSTRUMENTOS CONGÊNERES VINCULADOS À EDUCAÇÃO;525,00
PREFEITURA MUNICIPAL DE BARBACENA;32.001;SEDUC;2.551;APOIO A AÇÕES DO CONSERVATÓRIO MUNICIPAL;37;EDUCAÇÃO PARA TODOS;12;Educação;122;Administração Geral;774;3.3.90.30.00.00.00.00;MATERIAL DE CONSUMO;1.753.000.0000;RECURSOS PROVENIENTES DE TAXAS, CONTRIBUIÇÕES E PREÇOS PÚBLICOS;0,00
PREFEITURA MUNICIPAL DE BARBACENA;32.001;SEDUC;2.551;APOIO A AÇÕES DO CONSERVATÓRIO MUNICIPAL;37;EDUCAÇÃO PARA TODOS;12;Educação;122;Administração Geral;774;3.3.90.30.00.00.00.00;MATERIAL DE CONSUMO;1.753.517.0000;RECURSOS PROVENIENTES DE TAXAS, CONTRIBUIÇÕES E PREÇOS PÚBLICOS - EMENDAS SANDRO HELENO;5.000,00
PREFEITURA MUNICIPAL DE BARBACENA;32.001;SEDUC;2.551;APOIO A AÇÕES DO CONSERVATÓRIO MUNICIPAL;37;EDUCAÇÃO PARA TODOS;12;Educação;122;Administração Geral;775;4.4.90.52.00.00.00.00;EQUIPAMENTOS E MATERIAL PERMANENTE;1.753.000.0000;RECURSOS PROVENIENTES DE TAXAS, CONTRIBUIÇÕES E PREÇOS PÚBLICOS;0,00
PREFEITURA MUNICIPAL DE BARBACENA;32.001;SEDUC;2.551;APOIO A AÇÕES DO CONSERVATÓRIO MUNICIPAL;37;EDUCAÇÃO PARA TODOS;12;Educação;122;Administração Geral;775;4.4.90.52.00.00.00.00;EQUIPAMENTOS E MATERIAL PERMANENTE;1.753.517.0000;RECURSOS PROVENIENTES DE TAXAS, CONTRIBUIÇÕES E PREÇOS PÚBLICOS - EMENDAS SANDRO HELENO;5.000,00
PREFEITURA MUNICIPAL DE BARBACENA;32.001;SEDUC;1.101;AQUISIÇÃO DE MATERIAIS PEDAGÓGICOS PARA O ENSINO FUNDAMENTAL;37;EDUCAÇÃO PARA TODOS;12;Educação;361;Ensino Fundamental;803;4.4.90.52.00.00.00.00;EQUIPAMENTOS E MATERIAL PERMANENTE;1.569.000.0000;OUTRAS TRANSFERÊNCIAS DE RECURSOS DO FNDE;16.537,50
PREFEITURA MUNICIPAL DE BARBACENA;32.001;SEDUC;1.149;CONSTRUÇAO, REFORMA E AMPLIAÇAO DE UNIDADES DE ENSINO DO ENSINO FUNDAMENTAL;37;EDUCAÇÃO PARA TODOS;12;Educação;361;Ensino Fundamental;804;3.3.90.30.00.00.00.00;MATERIAL DE CONSUMO;1.500.000.1001;RECURSOS NÃO VINCULADOS DE IMPOSTOS (EDUCAÇÃO);10.000,00
PREFEITURA MUNICIPAL DE BARBACENA;32.001;SEDUC;1.149;CONSTRUÇAO, REFORMA E AMPLIAÇAO DE UNIDADES DE ENSINO DO ENSINO FUNDAMENTAL;37;EDUCAÇÃO PARA TODOS;12;Educação;361;Ensino Fundamental;805;4.4.90.51.00.00.00.00;OBRAS E INSTALAÇÕES;1.500.000.1001;RECURSOS NÃO VINCULADOS DE IMPOSTOS (EDUCAÇÃO);1.282.550,33
PREFEITURA MUNICIPAL DE BARBACENA;32.001;SEDUC;1.149;CONSTRUÇAO, REFORMA E AMPLIAÇAO DE UNIDADES DE ENSINO DO ENSINO FUNDAMENTAL;37;EDUCAÇÃO PARA TODOS;12;Educação;361;Ensino Fundamental;805;4.4.90.51.00.00.00.00;OBRAS E INSTALAÇÕES;1.550.000.0000;QESE - TRANSFERÊNCIA DO SALÁRIO-EDUCAÇÃO;239.476,94
PREFEITURA MUNICIPAL DE BARBACENA;32.001;SEDUC;1.149;CONSTRUÇAO, REFORMA E AMPLIAÇAO DE UNIDADES DE ENSINO DO ENSINO FUNDAMENTAL;37;EDUCAÇÃO PARA TODOS;12;Educação;361;Ensino Fundamental;805;4.4.90.51.00.00.00.00;OBRAS E INSTALAÇÕES;1.569.000.0000;OUTRAS TRANSFERÊNCIAS DE RECURSOS DO FNDE;3.518.014,17
PREFEITURA MUNICIPAL DE BARBACENA;32.001;SEDUC;1.149;CONSTRUÇAO, REFORMA E AMPLIAÇAO DE UNIDADES DE ENSINO DO ENSINO FUNDAMENTAL;37;EDUCAÇÃO PARA TODOS;12;Educação;361;Ensino Fundamental;805;4.4.90.51.00.00.00.00;OBRAS E INSTALAÇÕES;1.570.000.0000;TRANSFERÊNCIAS DO GOVERNO FEDERAL REFERENTES A CONVÊNIOS E INSTRUMENTOS CONGÊNERES VINCULADOS À EDUCAÇÃO;55.125,00
PREFEITURA MUNICIPAL DE BARBACENA;32.001;SEDUC;1.149;CONSTRUÇAO, REFORMA E AMPLIAÇAO DE UNIDADES DE ENSINO DO ENSINO FUNDAMENTAL;37;EDUCAÇÃO PARA TODOS;12;Educação;361;Ensino Fundamental;805;4.4.90.51.00.00.00.00;OBRAS E INSTALAÇÕES;1.576.000.0000;TRANSFERÊNCIAS DE RECURSOS DOS ESTADOS PARA PROGRAMAS DE EDUCAÇÃO;21.415,79
PREFEITURA MUNICIPAL DE BARBACENA;32.001;SEDUC;1.149;CONSTRUÇAO, REFORMA E AMPLIAÇAO DE UNIDADES DE ENSINO DO ENSINO FUNDAMENTAL;37;EDUCAÇÃO PARA TODOS;12;Educação;361;Ensino Fundamental;806;4.4.90.52.00.00.00.00;EQUIPAMENTOS E MATERIAL PERMANENTE;1.500.000.1001;RECURSOS NÃO VINCULADOS DE IMPOSTOS (EDUCAÇÃO);10.000,00
PREFEITURA MUNICIPAL DE BARBACENA;32.001;SEDUC;1.149;CONSTRUÇAO, REFORMA E AMPLIAÇAO DE UNIDADES DE ENSINO DO ENSINO FUNDAMENTAL;37;EDUCAÇÃO PARA TODOS;12;Educação;361;Ensino Fundamental;807;4.4.90.61.00.00.00.00;AQUISIÇÃO DE IMÓVEIS;1.500.000.1001;RECURSOS NÃO VINCULADOS DE IMPOSTOS (EDUCAÇÃO);30.000,00
PREFEITURA MUNICIPAL DE BARBACENA;32.001;SEDUC;2.205;PARCERIAS E CONVENIOS PARA O DESENVOLVIMENTO E A MELHORIA DA EDUCAÇAO;37;EDUCAÇÃO PARA TODOS;12;Educação;361;Ensino Fundamental;808;3.3.50.41.00.00.00.00;CONTRIBUIÇÕES;1.500.000.1001;RECURSOS NÃO VINCULADOS DE IMPOSTOS (EDUCAÇÃO);300.000,00
PREFEITURA MUNICIPAL DE BARBACENA;32.001;SEDUC;2.205;PARCERIAS E CONVENIOS PARA O DESENVOLVIMENTO E A MELHORIA DA EDUCAÇAO;37;EDUCAÇÃO PARA TODOS;12;Educação;361;Ensino Fundamental;808;3.3.50.41.00.00.00.00;CONTRIBUIÇÕES;1.551.000.0000;TRANSFERÊNCIAS DE RECURSOS DO FNDE REFERENTES AO PROGRAMA DINHEIRO DIRETO NA ESCOLA (PDDE);50.739,49
PREFEITURA MUNICIPAL DE BARBACENA;32.001;SEDUC;2.205;PARCERIAS E CONVENIOS PARA O DESENVOLVIMENTO E A MELHORIA DA EDUCAÇAO;37;EDUCAÇÃO PARA TODOS;12;Educação;361;Ensino Fundamental;809;3.3.50.43.00.00.00.00;SUBVENÇÕES SOCIAIS;1.500.000.1001;RECURSOS NÃO VINCULADOS DE IMPOSTOS (EDUCAÇÃO);40.000,00
PREFEITURA MUNICIPAL DE BARBACENA;32.001;SEDUC;2.205;PARCERIAS E CONVENIOS PARA O DESENVOLVIMENTO E A MELHORIA DA EDUCAÇAO;37;EDUCAÇÃO PARA TODOS;12;Educação;361;Ensino Fundamental;810;4.4.50.41.00.00.00.00;CONTRIBUIÇÕES;1.500.000.1001;RECURSOS NÃO VINCULADOS DE IMPOSTOS (EDUCAÇÃO);10.000,00
PREFEITURA MUNICIPAL DE BARBACENA;32.001;SEDUC;2.205;PARCERIAS E CONVENIOS PARA O DESENVOLVIMENTO E A MELHORIA DA EDUCAÇAO;37;EDUCAÇÃO PARA TODOS;12;Educação;361;Ensino Fundamental;811;4.4.90.52.00.00.00.00;EQUIPAMENTOS E MATERIAL PERMANENTE;1.500.000.1001;RECURSOS NÃO VINCULADOS DE IMPOSTOS (EDUCAÇÃO);100.000,00
PREFEITURA MUNICIPAL DE BARBACENA;32.001;SEDUC;2.530;ACOES DE APOIO A EDUCACAO MUNICIPAL - EMENDAS MUNICIPAIS;37;EDUCAÇÃO PARA TODOS;12;Educação;361;Ensino Fundamental;812;3.3.90.30.00.00.00.00;MATERIAL DE CONSUMO;1.501.000.0000;OUTROS RECURSOS NÃO VINCULADOS;0,00
PREFEITURA MUNICIPAL DE BARBACENA;32.001;SEDUC;2.530;ACOES DE APOIO A EDUCACAO MUNICIPAL - EMENDAS MUNICIPAIS;37;EDUCAÇÃO PARA TODOS;12;Educação;361;Ensino Fundamental;812;3.3.90.30.00.00.00.00;MATERIAL DE CONSUMO;1.501.514.0000;OUTROS RECURSOS NÃO VINCULADOS - EMENDAS JOAO DA SEMENTE;7.500,00
PREFEITURA MUNICIPAL DE BARBACENA;32.001;SEDUC;2.530;ACOES DE APOIO A EDUCACAO MUNICIPAL - EMENDAS MUNICIPAIS;37;EDUCAÇÃO PARA TODOS;12;Educação;361;Ensino Fundamental;813;4.4.90.51.00.00.00.00;OBRAS E INSTALAÇÕES;1.501.000.0000;OUTROS RECURSOS NÃO VINCULADOS;0,00
PREFEITURA MUNICIPAL DE BARBACENA;32.001;SEDUC;2.530;ACOES DE APOIO A EDUCACAO MUNICIPAL - EMENDAS MUNICIPAIS;37;EDUCAÇÃO PARA TODOS;12;Educação;361;Ensino Fundamental;813;4.4.90.51.00.00.00.00;OBRAS E INSTALAÇÕES;1.501.514.0000;OUTROS RECURSOS NÃO VINCULADOS - EMENDAS JOAO DA SEMENTE;7.500,00
PREFEITURA MUNICIPAL DE BARBACENA;32.001;SEDUC;2.093;TRANSPORTE ESCOLAR PARA O ENSINO MÉDIO;37;EDUCAÇÃO PARA TODOS;12;Educação;362;Ensino Médio;814;3.3.90.36.00.00.00.00;OUTROS SERVIÇOS DE TERCEIROS - PESSOA FÍSICA;1.500.000.0000;RECURSOS NÃO VINCULADOS DE IMPOSTOS;24.936,80
PREFEITURA MUNICIPAL DE BARBACENA;32.001;SEDUC;2.093;TRANSPORTE ESCOLAR PARA O ENSINO MÉDIO;37;EDUCAÇÃO PARA TODOS;12;Educação;362;Ensino Médio;814;3.3.90.36.00.00.00.00;OUTROS SERVIÇOS DE TERCEIROS - PESSOA FÍSICA;1.576.001.0000;PTE- TRANSFERÊNCIAS DE RECURSOS DOS ESTADOS PARA PROGRAMAS DE EDUCAÇÃO (TRANSFERÊNCIAS DE RECURSOS PARA O PROGRAMA ESTADUAL DE TRANSPORTE ESCOLAR);25.000,00
PREFEITURA MUNICIPAL DE BARBACENA;32.001;SEDUC;2.093;TRANSPORTE ESCOLAR PARA O ENSINO MÉDIO;37;EDUCAÇÃO PARA TODOS;12;Educação;362;Ensino Médio;815;3.3.90.39.00.00.00.00;OUTROS SERVIÇOS DE TERCEIROS - PESSOA JURÍDICA;1.500.000.0000;RECURSOS NÃO VINCULADOS DE IMPOSTOS;1.000,00
PREFEITURA MUNICIPAL DE BARBACENA;32.001;SEDUC;2.093;TRANSPORTE ESCOLAR PARA O ENSINO MÉDIO;37;EDUCAÇÃO PARA TODOS;12;Educação;362;Ensino Médio;815;3.3.90.39.00.00.00.00;OUTROS SERVIÇOS DE TERCEIROS - PESSOA JURÍDICA;1.576.001.0000;PTE- TRANSFERÊNCIAS DE RECURSOS DOS ESTADOS PARA PROGRAMAS DE EDUCAÇÃO (TRANSFERÊNCIAS DE RECURSOS PARA O PROGRAMA ESTADUAL DE TRANSPORTE ESCOLAR);417.065,18
PREFEITURA MUNICIPAL DE BARBACENA;32.001;SEDUC;2.093;TRANSPORTE ESCOLAR PARA O ENSINO MÉDIO;37;EDUCAÇÃO PARA TODOS;12;Educação;362;Ensino Médio;815;3.3.90.39.00.00.00.00;OUTROS SERVIÇOS DE TERCEIROS - PESSOA JURÍDICA;2.576.001.0000;PTE - TRANSFERÊNCIAS DE RECURSOS DOS ESTADOS PARA PROGRAMAS DE EDUCAÇÃO (TRANSFERÊNCIAS DE RECURSOS PARA O PROGRAMA ESTADUAL DE TRANSPORTE ESCOLAR );7.855,66
PREFEITURA MUNICIPAL DE BARBACENA;32.001;SEDUC;2.093;TRANSPORTE ESCOLAR PARA O ENSINO MÉDIO;37;EDUCAÇÃO PARA TODOS;12;Educação;362;Ensino Médio;816;3.3.90.47.00.00.00.00;OBRIGAÇÕES TRIBUTÁRIAS E CONTRIBUTIVAS;1.500.000.0000;RECURSOS NÃO VINCULADOS DE IMPOSTOS;1.000,00
PREFEITURA MUNICIPAL DE BARBACENA;32.001;SEDUC;1.040;CONSTRUCAO, REFORMA E AMPLIACAO DE UNIDADES DA EDUCACAO INFANTIL;37;EDUCAÇÃO PARA TODOS;12;Educação;365;Educação Infantil;865;3.3.90.30.00.00.00.00;MATERIAL DE CONSUMO;1.500.000.1001;RECURSOS NÃO VINCULADOS DE IMPOSTOS (EDUCAÇÃO);10.000,00
PREFEITURA MUNICIPAL DE BARBACENA;32.001;SEDUC;1.040;CONSTRUCAO, REFORMA E AMPLIACAO DE UNIDADES DA EDUCACAO INFANTIL;37;EDUCAÇÃO PARA TODOS;12;Educação;365;Educação Infantil;866;4.4.90.51.00.00.00.00;OBRAS E INSTALAÇÕES;1.500.000.1001;RECURSOS NÃO VINCULADOS DE IMPOSTOS (EDUCAÇÃO);1.252.088,36
PREFEITURA MUNICIPAL DE BARBACENA;32.001;SEDUC;1.040;CONSTRUCAO, REFORMA E AMPLIACAO DE UNIDADES DA EDUCACAO INFANTIL;37;EDUCAÇÃO PARA TODOS;12;Educação;365;Educação Infantil;866;4.4.90.51.00.00.00.00;OBRAS E INSTALAÇÕES;1.550.000.0000;QESE - TRANSFERÊNCIA DO SALÁRIO-EDUCAÇÃO;2.000,00
PREFEITURA MUNICIPAL DE BARBACENA;32.001;SEDUC;1.040;CONSTRUCAO, REFORMA E AMPLIACAO DE UNIDADES DA EDUCACAO INFANTIL;37;EDUCAÇÃO PARA TODOS;12;Educação;365;Educação Infantil;866;4.4.90.51.00.00.00.00;OBRAS E INSTALAÇÕES;1.569.000.0000;OUTRAS TRANSFERÊNCIAS DE RECURSOS DO FNDE;3.485.524,12
PREFEITURA MUNICIPAL DE BARBACENA;32.001;SEDUC;1.040;CONSTRUCAO, REFORMA E AMPLIACAO DE UNIDADES DA EDUCACAO INFANTIL;37;EDUCAÇÃO PARA TODOS;12;Educação;365;Educação Infantil;866;4.4.90.51.00.00.00.00;OBRAS E INSTALAÇÕES;1.570.000.0000;TRANSFERÊNCIAS DO GOVERNO FEDERAL REFERENTES A CONVÊNIOS E INSTRUMENTOS CONGÊNERES VINCULADOS À EDUCAÇÃO;62.240,69
PREFEITURA MUNICIPAL DE BARBACENA;32.001;SEDUC;1.040;CONSTRUCAO, REFORMA E AMPLIACAO DE UNIDADES DA EDUCACAO INFANTIL;37;EDUCAÇÃO PARA TODOS;12;Educação;365;Educação Infantil;867;4.4.90.52.00.00.00.00;EQUIPAMENTOS E MATERIAL PERMANENTE;1.500.000.1001;RECURSOS NÃO VINCULADOS DE IMPOSTOS (EDUCAÇÃO);10.000,00
PREFEITURA MUNICIPAL DE BARBACENA;32.001;SEDUC;1.040;CONSTRUCAO, REFORMA E AMPLIACAO DE UNIDADES DA EDUCACAO INFANTIL;37;EDUCAÇÃO PARA TODOS;12;Educação;365;Educação Infantil;868;4.4.90.61.00.00.00.00;AQUISIÇÃO DE IMÓVEIS;1.500.000.1001;RECURSOS NÃO VINCULADOS DE IMPOSTOS (EDUCAÇÃO);10.000,00
PREFEITURA MUNICIPAL DE BARBACENA;32.001;SEDUC;1.100;AQUISIÇÃO DE MATERIAIS PEDAGÓGICOS PARA A EDUCAÇÃO INFANTIL;37;EDUCAÇÃO PARA TODOS;12;Educação;365;Educação Infantil;869;3.3.90.30.00.00.00.00;MATERIAL DE CONSUMO;1.569.000.0000;OUTRAS TRANSFERÊNCIAS DE RECURSOS DO FNDE;44.343,00
PREFEITURA MUNICIPAL DE BARBACENA;32.001;SEDUC;1.100;AQUISIÇÃO DE MATERIAIS PEDAGÓGICOS PARA A EDUCAÇÃO INFANTIL;37;EDUCAÇÃO PARA TODOS;12;Educação;365;Educação Infantil;870;3.3.90.93.00.00.00.00;INDENIZAÇÕES E RESTITUIÇÕES;1.569.000.0000;OUTRAS TRANSFERÊNCIAS DE RECURSOS DO FNDE;1.102,50
PREFEITURA MUNICIPAL DE BARBACENA;32.001;SEDUC;1.100;AQUISIÇÃO DE MATERIAIS PEDAGÓGICOS PARA A EDUCAÇÃO INFANTIL;37;EDUCAÇÃO PARA TODOS;12;Educação;365;Educação Infantil;871;4.4.90.52.00.00.00.00;EQUIPAMENTOS E MATERIAL PERMANENTE;1.569.000.0000;OUTRAS TRANSFERÊNCIAS DE RECURSOS DO FNDE;11.025,00
PREFEITURA MUNICIPAL DE BARBACENA;32.001;SEDUC;2.079;MANUTENÇÃO DE AÇÕES DO CONSERVATÓRIO MUNICIPAL;37;EDUCAÇÃO PARA TODOS;12;Educação;392;Difusão Cultural;901;3.1.90.04.00.00.00.00;CONTRATAÇÃO POR TEMPO DETERMINADO;1.500.000.0000;RECURSOS NÃO VINCULADOS DE IMPOSTOS;687.812,75
PREFEITURA MUNICIPAL DE BARBACENA;32.001;SEDUC;2.079;MANUTENÇÃO DE AÇÕES DO CONSERVATÓRIO MUNICIPAL;37;EDUCAÇÃO PARA TODOS;12;Educação;392;Difusão Cultural;902;3.1.90.11.00.00.00.00;VENCIMENTOS E VANTAGENS FIXAS - PESSOAL CIVIL;1.500.000.0000;RECURSOS NÃO VINCULADOS DE IMPOSTOS;251.075,73
PREFEITURA MUNICIPAL DE BARBACENA;32.001;SEDUC;2.079;MANUTENÇÃO DE AÇÕES DO CONSERVATÓRIO MUNICIPAL;37;EDUCAÇÃO PARA TODOS;12;Educação;392;Difusão Cultural;903;3.1.90.13.00.00.00.00;OBRIGAÇÕES PATRONAIS;1.500.000.0000;RECURSOS NÃO VINCULADOS DE IMPOSTOS;5.000,00
PREFEITURA MUNICIPAL DE BARBACENA;32.001;SEDUC;2.079;MANUTENÇÃO DE AÇÕES DO CONSERVATÓRIO MUNICIPAL;37;EDUCAÇÃO PARA TODOS;12;Educação;392;Difusão Cultural;904;3.1.90.16.00.00.00.00;OUTRAS DESPESAS VARIÁVEIS - PESSOAL CIVIL;1.500.000.0000;RECURSOS NÃO VINCULADOS DE IMPOSTOS;500,00
PREFEITURA MUNICIPAL DE BARBACENA;32.001;SEDUC;2.079;MANUTENÇÃO DE AÇÕES DO CONSERVATÓRIO MUNICIPAL;37;EDUCAÇÃO PARA TODOS;12;Educação;392;Difusão Cultural;905;3.1.90.92.00.00.00.00;DESPESAS DE EXERCÍCIOS ANTERIORES;1.500.000.0000;RECURSOS NÃO VINCULADOS DE IMPOSTOS;500,00
PREFEITURA MUNICIPAL DE BARBACENA;32.001;SEDUC;2.079;MANUTENÇÃO DE AÇÕES DO CONSERVATÓRIO MUNICIPAL;37;EDUCAÇÃO PARA TODOS;12;Educação;392;Difusão Cultural;906;3.1.90.94.00.00.00.00;INDENIZAÇÕES E RESTITUIÇÕES TRABALHISTAS;1.500.000.0000;RECURSOS NÃO VINCULADOS DE IMPOSTOS;500,00
PREFEITURA MUNICIPAL DE BARBACENA;32.001;SEDUC;2.079;MANUTENÇÃO DE AÇÕES DO CONSERVATÓRIO MUNICIPAL;37;EDUCAÇÃO PARA TODOS;12;Educação;392;Difusão Cultural;907;3.1.91.13.00.00.00.00;OBRIGAÇÕES PATRONAIS;1.500.000.0000;RECURSOS NÃO VINCULADOS DE IMPOSTOS;75.901,03
PREFEITURA MUNICIPAL DE BARBACENA;32.001;SEDUC;2.079;MANUTENÇÃO DE AÇÕES DO CONSERVATÓRIO MUNICIPAL;37;EDUCAÇÃO PARA TODOS;12;Educação;392;Difusão Cultural;908;3.1.91.92.00.00.00.00;DESPESAS DE EXERCÍCIOS ANTERIORES;1.500.000.0000;RECURSOS NÃO VINCULADOS DE IMPOSTOS;500,00
PREFEITURA MUNICIPAL DE BARBACENA;32.001;SEDUC;2.079;MANUTENÇÃO DE AÇÕES DO CONSERVATÓRIO MUNICIPAL;37;EDUCAÇÃO PARA TODOS;12;Educação;392;Difusão Cultural;909;3.3.90.08.00.00.00.00;OUTROS BENEFÍCIOS ASSISTENCIAIS-SERVIDOR/MILITAR;1.500.000.0000;RECURSOS NÃO VINCULADOS DE IMPOSTOS;5.000,00
PREFEITURA MUNICIPAL DE BARBACENA;32.001;SEDUC;2.079;MANUTENÇÃO DE AÇÕES DO CONSERVATÓRIO MUNICIPAL;37;EDUCAÇÃO PARA TODOS;12;Educação;392;Difusão Cultural;910;3.3.90.14.00.00.00.00;DIÁRIAS - PESSOAL CIVIL;1.500.000.0000;RECURSOS NÃO VINCULADOS DE IMPOSTOS;500,00
PREFEITURA MUNICIPAL DE BARBACENA;32.001;SEDUC;2.079;MANUTENÇÃO DE AÇÕES DO CONSERVATÓRIO MUNICIPAL;37;EDUCAÇÃO PARA TODOS;12;Educação;392;Difusão Cultural;911;3.3.90.18.00.00.00.00;AUXÍLIO FINANCEIRO A ESTUDANTES;1.500.000.0000;RECURSOS NÃO VINCULADOS DE IMPOSTOS;5.000,00
PREFEITURA MUNICIPAL DE BARBACENA;32.001;SEDUC;2.079;MANUTENÇÃO DE AÇÕES DO CONSERVATÓRIO MUNICIPAL;37;EDUCAÇÃO PARA TODOS;12;Educação;392;Difusão Cultural;912;3.3.90.30.00.00.00.00;MATERIAL DE CONSUMO;1.500.000.0000;RECURSOS NÃO VINCULADOS DE IMPOSTOS;5.000,00
PREFEITURA MUNICIPAL DE BARBACENA;32.001;SEDUC;2.079;MANUTENÇÃO DE AÇÕES DO CONSERVATÓRIO MUNICIPAL;37;EDUCAÇÃO PARA TODOS;12;Educação;392;Difusão Cultural;912;3.3.90.30.00.00.00.00;MATERIAL DE CONSUMO;1.599.003.0000;OUTROS RECURSOS VINCULADOS À EDUCAÇÃO (SERVIÇOS EDUCACIONAIS);11.925,44
PREFEITURA MUNICIPAL DE BARBACENA;32.001;SEDUC;2.079;MANUTENÇÃO DE AÇÕES DO CONSERVATÓRIO MUNICIPAL;37;EDUCAÇÃO PARA TODOS;12;Educação;392;Difusão Cultural;913;3.3.90.31.00.00.00.00;PREMIAÇÕES CULTURAIS, ARTÍSTICAS, CIENT., DESPORT;1.500.000.0000;RECURSOS NÃO VINCULADOS DE IMPOSTOS;500,00
PREFEITURA MUNICIPAL DE BARBACENA;32.001;SEDUC;2.079;MANUTENÇÃO DE AÇÕES DO CONSERVATÓRIO MUNICIPAL;37;EDUCAÇÃO PARA TODOS;12;Educação;392;Difusão Cultural;914;3.3.90.33.00.00.00.00;PASSAGENS E DESPESAS COM LOCOMOÇÃO;1.500.000.0000;RECURSOS NÃO VINCULADOS DE IMPOSTOS;500,00
PREFEITURA MUNICIPAL DE BARBACENA;32.001;SEDUC;2.079;MANUTENÇÃO DE AÇÕES DO CONSERVATÓRIO MUNICIPAL;37;EDUCAÇÃO PARA TODOS;12;Educação;392;Difusão Cultural;915;3.3.90.35.00.00.00.00;SERVIÇOS DE CONSULTORIA;1.500.000.0000;RECURSOS NÃO VINCULADOS DE IMPOSTOS;500,00
PREFEITURA MUNICIPAL DE BARBACENA;32.001;SEDUC;2.079;MANUTENÇÃO DE AÇÕES DO CONSERVATÓRIO MUNICIPAL;37;EDUCAÇÃO PARA TODOS;12;Educação;392;Difusão Cultural;916;3.3.90.36.00.00.00.00;OUTROS SERVIÇOS DE TERCEIROS - PESSOA FÍSICA;1.500.000.0000;RECURSOS NÃO VINCULADOS DE IMPOSTOS;500,00
PREFEITURA MUNICIPAL DE BARBACENA;32.001;SEDUC;2.079;MANUTENÇÃO DE AÇÕES DO CONSERVATÓRIO MUNICIPAL;37;EDUCAÇÃO PARA TODOS;12;Educação;392;Difusão Cultural;917;3.3.90.39.00.00.00.00;OUTROS SERVIÇOS DE TERCEIROS - PESSOA JURÍDICA;1.500.000.0000;RECURSOS NÃO VINCULADOS DE IMPOSTOS;41.080,00
PREFEITURA MUNICIPAL DE BARBACENA;32.001;SEDUC;2.079;MANUTENÇÃO DE AÇÕES DO CONSERVATÓRIO MUNICIPAL;37;EDUCAÇÃO PARA TODOS;12;Educação;392;Difusão Cultural;917;3.3.90.39.00.00.00.00;OUTROS SERVIÇOS DE TERCEIROS - PESSOA JURÍDICA;1.501.000.0000;OUTROS RECURSOS NÃO VINCULADOS;180.000,00
PREFEITURA MUNICIPAL DE BARBACENA;32.001;SEDUC;2.079;MANUTENÇÃO DE AÇÕES DO CONSERVATÓRIO MUNICIPAL;37;EDUCAÇÃO PARA TODOS;12;Educação;392;Difusão Cultural;918;3.3.90.40.00.00.00.00;SERVIÇOS DE TECNOLOGIA DA INFORMAÇÃO E COMUNICAÇ;1.500.000.0000;RECURSOS NÃO VINCULADOS DE IMPOSTOS;1.000,00
PREFEITURA MUNICIPAL DE BARBACENA;32.001;SEDUC;2.079;MANUTENÇÃO DE AÇÕES DO CONSERVATÓRIO MUNICIPAL;37;EDUCAÇÃO PARA TODOS;12;Educação;392;Difusão Cultural;919;3.3.90.46.00.00.00.00;AUXÍLIO-ALIMENTAÇÃO;1.500.000.0000;RECURSOS NÃO VINCULADOS DE IMPOSTOS;89.900,00
PREFEITURA MUNICIPAL DE BARBACENA;32.001;SEDUC;2.079;MANUTENÇÃO DE AÇÕES DO CONSERVATÓRIO MUNICIPAL;37;EDUCAÇÃO PARA TODOS;12;Educação;392;Difusão Cultural;920;3.3.90.47.00.00.00.00;OBRIGAÇÕES TRIBUTÁRIAS E CONTRIBUTIVAS;1.500.000.0000;RECURSOS NÃO VINCULADOS DE IMPOSTOS;500,00
PREFEITURA MUNICIPAL DE BARBACENA;32.001;SEDUC;2.079;MANUTENÇÃO DE AÇÕES DO CONSERVATÓRIO MUNICIPAL;37;EDUCAÇÃO PARA TODOS;12;Educação;392;Difusão Cultural;921;3.3.90.93.00.00.00.00;INDENIZAÇÕES E RESTITUIÇÕES;1.500.000.0000;RECURSOS NÃO VINCULADOS DE IMPOSTOS;500,00
PREFEITURA MUNICIPAL DE BARBACENA;32.001;SEDUC;2.079;MANUTENÇÃO DE AÇÕES DO CONSERVATÓRIO MUNICIPAL;37;EDUCAÇÃO PARA TODOS;12;Educação;392;Difusão Cultural;922;4.4.90.52.00.00.00.00;EQUIPAMENTOS E MATERIAL PERMANENTE;1.500.000.0000;RECURSOS NÃO VINCULADOS DE IMPOSTOS;3.000,00
PREFEITURA MUNICIPAL DE BARBACENA;32.001;SEDUC;2.221;MANUTENÇÃO DO ATENDIMENTO EDUCACIONAL ESPECIALIZADO;38;GESTÃO DA EDUCAÇÃO ESPECIAL;12;Educação;367;Educação Especial;882;3.3.50.41.00.00.00.00;CONTRIBUIÇÕES;1.500.000.1001;RECURSOS NÃO VINCULADOS DE IMPOSTOS (EDUCAÇÃO);1.000,00
PREFEITURA MUNICIPAL DE BARBACENA;32.001;SEDUC;2.221;MANUTENÇÃO DO ATENDIMENTO EDUCACIONAL ESPECIALIZADO;38;GESTÃO DA EDUCAÇÃO ESPECIAL;12;Educação;367;Educação Especial;883;3.3.50.43.00.00.00.00;SUBVENÇÕES SOCIAIS;1.500.000.1001;RECURSOS NÃO VINCULADOS DE IMPOSTOS (EDUCAÇÃO);3.000,00
PREFEITURA MUNICIPAL DE BARBACENA;32.001;SEDUC;2.221;MANUTENÇÃO DO ATENDIMENTO EDUCACIONAL ESPECIALIZADO;38;GESTÃO DA EDUCAÇÃO ESPECIAL;12;Educação;367;Educação Especial;883;3.3.50.43.00.00.00.00;SUBVENÇÕES SOCIAIS;1.550.000.0000;QESE - TRANSFERÊNCIA DO SALÁRIO-EDUCAÇÃO;3.000,00
PREFEITURA MUNICIPAL DE BARBACENA;32.001;SEDUC;2.221;MANUTENÇÃO DO ATENDIMENTO EDUCACIONAL ESPECIALIZADO;38;GESTÃO DA EDUCAÇÃO ESPECIAL;12;Educação;367;Educação Especial;884;3.3.90.30.00.00.00.00;MATERIAL DE CONSUMO;1.500.000.1001;RECURSOS NÃO VINCULADOS DE IMPOSTOS (EDUCAÇÃO);50.000,00
PREFEITURA MUNICIPAL DE BARBACENA;32.001;SEDUC;2.221;MANUTENÇÃO DO ATENDIMENTO EDUCACIONAL ESPECIALIZADO;38;GESTÃO DA EDUCAÇÃO ESPECIAL;12;Educação;367;Educação Especial;884;3.3.90.30.00.00.00.00;MATERIAL DE CONSUMO;1.550.000.0000;QESE - TRANSFERÊNCIA DO SALÁRIO-EDUCAÇÃO;167.121,51
PREFEITURA MUNICIPAL DE BARBACENA;32.001;SEDUC;2.221;MANUTENÇÃO DO ATENDIMENTO EDUCACIONAL ESPECIALIZADO;38;GESTÃO DA EDUCAÇÃO ESPECIAL;12;Educação;367;Educação Especial;884;3.3.90.30.00.00.00.00;MATERIAL DE CONSUMO;1.552.000.0000;PNAE - TRANSFERÊNCIAS DE RECURSOS DO FNDE REFERENTES AO PROGRAMA NACIONAL DE ALIMENTAÇÃO ESCOLAR;77.227,63
PREFEITURA MUNICIPAL DE BARBACENA;32.001;SEDUC;2.221;MANUTENÇÃO DO ATENDIMENTO EDUCACIONAL ESPECIALIZADO;38;GESTÃO DA EDUCAÇÃO ESPECIAL;12;Educação;367;Educação Especial;884;3.3.90.30.00.00.00.00;MATERIAL DE CONSUMO;2.552.000.0000;PNAE - TRANSFERÊNCIAS DE RECURSOS DO FNDE REFERENTES AO PROGRAMA NACIONAL DE ALIMENTAÇÃO ESCOLAR;166.948,72
PREFEITURA MUNICIPAL DE BARBACENA;32.001;SEDUC;2.221;MANUTENÇÃO DO ATENDIMENTO EDUCACIONAL ESPECIALIZADO;38;GESTÃO DA EDUCAÇÃO ESPECIAL;12;Educação;367;Educação Especial;885;3.3.90.36.00.00.00.00;OUTROS SERVIÇOS DE TERCEIROS - PESSOA FÍSICA;1.500.000.1001;RECURSOS NÃO VINCULADOS DE IMPOSTOS (EDUCAÇÃO);1.000,00
PREFEITURA MUNICIPAL DE BARBACENA;32.001;SEDUC;2.221;MANUTENÇÃO DO ATENDIMENTO EDUCACIONAL ESPECIALIZADO;38;GESTÃO DA EDUCAÇÃO ESPECIAL;12;Educação;367;Educação Especial;886;3.3.90.39.00.00.00.00;OUTROS SERVIÇOS DE TERCEIROS - PESSOA JURÍDICA;1.500.000.1001;RECURSOS NÃO VINCULADOS DE IMPOSTOS (EDUCAÇÃO);88.660,74
PREFEITURA MUNICIPAL DE BARBACENA;32.001;SEDUC;2.221;MANUTENÇÃO DO ATENDIMENTO EDUCACIONAL ESPECIALIZADO;38;GESTÃO DA EDUCAÇÃO ESPECIAL;12;Educação;367;Educação Especial;886;3.3.90.39.00.00.00.00;OUTROS SERVIÇOS DE TERCEIROS - PESSOA JURÍDICA;1.576.001.0000;PTE- TRANSFERÊNCIAS DE RECURSOS DOS ESTADOS PARA PROGRAMAS DE EDUCAÇÃO (TRANSFERÊNCIAS DE RECURSOS PARA O PROGRAMA ESTADUAL DE TRANSPORTE ESCOLAR);74.235,74
PREFEITURA MUNICIPAL DE BARBACENA;32.001;SEDUC;2.221;MANUTENÇÃO DO ATENDIMENTO EDUCACIONAL ESPECIALIZADO;38;GESTÃO DA EDUCAÇÃO ESPECIAL;12;Educação;367;Educação Especial;887;4.4.50.41.00.00.00.00;CONTRIBUIÇÕES;1.500.000.1001;RECURSOS NÃO VINCULADOS DE IMPOSTOS (EDUCAÇÃO);1.000,00
PREFEITURA MUNICIPAL DE BARBACENA;32.001;SEDUC;2.221;MANUTENÇÃO DO ATENDIMENTO EDUCACIONAL ESPECIALIZADO;38;GESTÃO DA EDUCAÇÃO ESPECIAL;12;Educação;367;Educação Especial;888;4.4.90.52.00.00.00.00;EQUIPAMENTOS E MATERIAL PERMANENTE;1.500.000.1001;RECURSOS NÃO VINCULADOS DE IMPOSTOS (EDUCAÇÃO);1.000,00
PREFEITURA MUNICIPAL DE BARBACENA;32.001;SEDUC;2.222;PESSOAL E ENCARGOS SOCIAIS DO ATENDIMENTO EDUCACIONAL ESPECIALIZADO;38;GESTÃO DA EDUCAÇÃO ESPECIAL;12;Educação;367;Educação Especial;889;3.1.90.04.00.00.00.00;CONTRATAÇÃO POR TEMPO DETERMINADO;1.500.000.1001;RECURSOS NÃO VINCULADOS DE IMPOSTOS (EDUCAÇÃO);1.534.548,80
PREFEITURA MUNICIPAL DE BARBACENA;32.001;SEDUC;2.222;PESSOAL E ENCARGOS SOCIAIS DO ATENDIMENTO EDUCACIONAL ESPECIALIZADO;38;GESTÃO DA EDUCAÇÃO ESPECIAL;12;Educação;367;Educação Especial;889;3.1.90.04.00.00.00.00;CONTRATAÇÃO POR TEMPO DETERMINADO;1.540.000.0000;TRANSFERÊNCIAS DO FUNDEB - IMPOSTOS E TRANSFERÊNCIAS DE IMPOSTOS (30%);2.909.534,61
PREFEITURA MUNICIPAL DE BARBACENA;32.001;SEDUC;2.222;PESSOAL E ENCARGOS SOCIAIS DO ATENDIMENTO EDUCACIONAL ESPECIALIZADO;38;GESTÃO DA EDUCAÇÃO ESPECIAL;12;Educação;367;Educação Especial;889;3.1.90.04.00.00.00.00;CONTRATAÇÃO POR TEMPO DETERMINADO;1.540.000.1070;TRANSFERÊNCIAS DO FUNDEB - IMPOSTOS E TRANSFERÊNCIAS DE IMPOSTOS (70% -PAGTO DA REMUNERAÇÃO DOS PROFISSIONAIS DA EDUCAÇÃO BÁSICA EM EFETIVO EXERCÍCIO);2.734.164,76
PREFEITURA MUNICIPAL DE BARBACENA;32.001;SEDUC;2.222;PESSOAL E ENCARGOS SOCIAIS DO ATENDIMENTO EDUCACIONAL ESPECIALIZADO;38;GESTÃO DA EDUCAÇÃO ESPECIAL;12;Educação;367;Educação Especial;889;3.1.90.04.00.00.00.00;CONTRATAÇÃO POR TEMPO DETERMINADO;2.540.000.1070;TRANSFERÊNCIAS DO FUNDEB - IMPOSTOS E TRANSFERÊNCIAS DE IMPOSTOS (70% -PAGTO DA REMUNERAÇÃO DOS PROFISSIONAIS DA EDUCAÇÃO BÁSICA EM EFETIVO EXERCÍCIO);143.962,17
PREFEITURA MUNICIPAL DE BARBACENA;32.001;SEDUC;2.222;PESSOAL E ENCARGOS SOCIAIS DO ATENDIMENTO EDUCACIONAL ESPECIALIZADO;38;GESTÃO DA EDUCAÇÃO ESPECIAL;12;Educação;367;Educação Especial;890;3.1.90.11.00.00.00.00;VENCIMENTOS E VANTAGENS FIXAS - PESSOAL CIVIL;1.500.000.1001;RECURSOS NÃO VINCULADOS DE IMPOSTOS (EDUCAÇÃO);48.718,19
PREFEITURA MUNICIPAL DE BARBACENA;32.001;SEDUC;2.222;PESSOAL E ENCARGOS SOCIAIS DO ATENDIMENTO EDUCACIONAL ESPECIALIZADO;38;GESTÃO DA EDUCAÇÃO ESPECIAL;12;Educação;367;Educação Especial;890;3.1.90.11.00.00.00.00;VENCIMENTOS E VANTAGENS FIXAS - PESSOAL CIVIL;1.540.000.0000;TRANSFERÊNCIAS DO FUNDEB - IMPOSTOS E TRANSFERÊNCIAS DE IMPOSTOS (30%);3.000,00
PREFEITURA MUNICIPAL DE BARBACENA;32.001;SEDUC;2.222;PESSOAL E ENCARGOS SOCIAIS DO ATENDIMENTO EDUCACIONAL ESPECIALIZADO;38;GESTÃO DA EDUCAÇÃO ESPECIAL;12;Educação;367;Educação Especial;890;3.1.90.11.00.00.00.00;VENCIMENTOS E VANTAGENS FIXAS - PESSOAL CIVIL;1.540.000.1070;TRANSFERÊNCIAS DO FUNDEB - IMPOSTOS E TRANSFERÊNCIAS DE IMPOSTOS (70% -PAGTO DA REMUNERAÇÃO DOS PROFISSIONAIS DA EDUCAÇÃO BÁSICA EM EFETIVO EXERCÍCIO);701.605,51
PREFEITURA MUNICIPAL DE BARBACENA;32.001;SEDUC;2.222;PESSOAL E ENCARGOS SOCIAIS DO ATENDIMENTO EDUCACIONAL ESPECIALIZADO;38;GESTÃO DA EDUCAÇÃO ESPECIAL;12;Educação;367;Educação Especial;891;3.1.90.13.00.00.00.00;OBRIGAÇÕES PATRONAIS;1.500.000.1001;RECURSOS NÃO VINCULADOS DE IMPOSTOS (EDUCAÇÃO);1.000,00
PREFEITURA MUNICIPAL DE BARBACENA;32.001;SEDUC;2.222;PESSOAL E ENCARGOS SOCIAIS DO ATENDIMENTO EDUCACIONAL ESPECIALIZADO;38;GESTÃO DA EDUCAÇÃO ESPECIAL;12;Educação;367;Educação Especial;892;3.1.91.13.00.00.00.00;OBRIGAÇÕES PATRONAIS;1.500.000.1001;RECURSOS NÃO VINCULADOS DE IMPOSTOS (EDUCAÇÃO);1.000,00
PREFEITURA MUNICIPAL DE BARBACENA;32.001;SEDUC;2.222;PESSOAL E ENCARGOS SOCIAIS DO ATENDIMENTO EDUCACIONAL ESPECIALIZADO;38;GESTÃO DA EDUCAÇÃO ESPECIAL;12;Educação;367;Educação Especial;892;3.1.91.13.00.00.00.00;OBRIGAÇÕES PATRONAIS;1.540.000.0000;TRANSFERÊNCIAS DO FUNDEB - IMPOSTOS E TRANSFERÊNCIAS DE IMPOSTOS (30%);10.000,00
PREFEITURA MUNICIPAL DE BARBACENA;32.001;SEDUC;2.222;PESSOAL E ENCARGOS SOCIAIS DO ATENDIMENTO EDUCACIONAL ESPECIALIZADO;38;GESTÃO DA EDUCAÇÃO ESPECIAL;12;Educação;367;Educação Especial;892;3.1.91.13.00.00.00.00;OBRIGAÇÕES PATRONAIS;1.540.000.1070;TRANSFERÊNCIAS DO FUNDEB - IMPOSTOS E TRANSFERÊNCIAS DE IMPOSTOS (70% -PAGTO DA REMUNERAÇÃO DOS PROFISSIONAIS DA EDUCAÇÃO BÁSICA EM EFETIVO EXERCÍCIO);196.448,85
PREFEITURA MUNICIPAL DE BARBACENA;32.001;SEDUC;2.222;PESSOAL E ENCARGOS SOCIAIS DO ATENDIMENTO EDUCACIONAL ESPECIALIZADO;38;GESTÃO DA EDUCAÇÃO ESPECIAL;12;Educação;367;Educação Especial;893;3.3.90.08.00.00.00.00;OUTROS BENEFÍCIOS ASSISTENCIAIS-SERVIDOR/MILITAR;1.500.000.1001;RECURSOS NÃO VINCULADOS DE IMPOSTOS (EDUCAÇÃO);48.718,19
PREFEITURA MUNICIPAL DE BARBACENA;32.001;SEDUC;2.222;PESSOAL E ENCARGOS SOCIAIS DO ATENDIMENTO EDUCACIONAL ESPECIALIZADO;38;GESTÃO DA EDUCAÇÃO ESPECIAL;12;Educação;367;Educação Especial;893;3.3.90.08.00.00.00.00;OUTROS BENEFÍCIOS ASSISTENCIAIS-SERVIDOR/MILITAR;1.540.000.0000;TRANSFERÊNCIAS DO FUNDEB - IMPOSTOS E TRANSFERÊNCIAS DE IMPOSTOS (30%);5.000,00
PREFEITURA MUNICIPAL DE BARBACENA;32.001;SEDUC;2.222;PESSOAL E ENCARGOS SOCIAIS DO ATENDIMENTO EDUCACIONAL ESPECIALIZADO;38;GESTÃO DA EDUCAÇÃO ESPECIAL;12;Educação;367;Educação Especial;893;3.3.90.08.00.00.00.00;OUTROS BENEFÍCIOS ASSISTENCIAIS-SERVIDOR/MILITAR;1.540.000.1070;TRANSFERÊNCIAS DO FUNDEB - IMPOSTOS E TRANSFERÊNCIAS DE IMPOSTOS (70% -PAGTO DA REMUNERAÇÃO DOS PROFISSIONAIS DA EDUCAÇÃO BÁSICA EM EFETIVO EXERCÍCIO);10.000,00
PREFEITURA MUNICIPAL DE BARBACENA;32.001;SEDUC;2.222;PESSOAL E ENCARGOS SOCIAIS DO ATENDIMENTO EDUCACIONAL ESPECIALIZADO;38;GESTÃO DA EDUCAÇÃO ESPECIAL;12;Educação;367;Educação Especial;894;3.3.90.18.00.00.00.00;AUXÍLIO FINANCEIRO A ESTUDANTES;1.500.000.1001;RECURSOS NÃO VINCULADOS DE IMPOSTOS (EDUCAÇÃO);1.500,00
PREFEITURA MUNICIPAL DE BARBACENA;32.001;SEDUC;2.222;PESSOAL E ENCARGOS SOCIAIS DO ATENDIMENTO EDUCACIONAL ESPECIALIZADO;38;GESTÃO DA EDUCAÇÃO ESPECIAL;12;Educação;367;Educação Especial;895;3.3.90.46.00.00.00.00;AUXÍLIO-ALIMENTAÇÃO;1.500.000.1001;RECURSOS NÃO VINCULADOS DE IMPOSTOS (EDUCAÇÃO);500.000,00
PREFEITURA MUNICIPAL DE BARBACENA;32.001;SEDUC;2.222;PESSOAL E ENCARGOS SOCIAIS DO ATENDIMENTO EDUCACIONAL ESPECIALIZADO;38;GESTÃO DA EDUCAÇÃO ESPECIAL;12;Educação;367;Educação Especial;895;3.3.90.46.00.00.00.00;AUXÍLIO-ALIMENTAÇÃO;1.540.000.0000;TRANSFERÊNCIAS DO FUNDEB - IMPOSTOS E TRANSFERÊNCIAS DE IMPOSTOS (30%);1.339.615,61
PREFEITURA MUNICIPAL DE BARBACENA;32.001;SEDUC;2.222;PESSOAL E ENCARGOS SOCIAIS DO ATENDIMENTO EDUCACIONAL ESPECIALIZADO;38;GESTÃO DA EDUCAÇÃO ESPECIAL;12;Educação;367;Educação Especial;895;3.3.90.46.00.00.00.00;AUXÍLIO-ALIMENTAÇÃO;1.540.000.1070;TRANSFERÊNCIAS DO FUNDEB - IMPOSTOS E TRANSFERÊNCIAS DE IMPOSTOS (70% -PAGTO DA REMUNERAÇÃO DOS PROFISSIONAIS DA EDUCAÇÃO BÁSICA EM EFETIVO EXERCÍCIO);10.000,00
PREFEITURA MUNICIPAL DE BARBACENA;32.001;SEDUC;2.222;PESSOAL E ENCARGOS SOCIAIS DO ATENDIMENTO EDUCACIONAL ESPECIALIZADO;38;GESTÃO DA EDUCAÇÃO ESPECIAL;12;Educação;367;Educação Especial;895;3.3.90.46.00.00.00.00;AUXÍLIO-ALIMENTAÇÃO;2.540.000.0000;TRANSFERÊNCIAS DO FUNDEB - IMPOSTOS E TRANSFERÊNCIAS DE IMPOSTOS (30%);118.200,00
PREFEITURA MUNICIPAL DE BARBACENA;32.001;SEDUC;2.225;TRANSPORTE ESCOLAR DO ATENDIMENTO EDUCACIONAL ESPECIALIZADO;38;GESTÃO DA EDUCAÇÃO ESPECIAL;12;Educação;367;Educação Especial;896;3.3.90.30.00.00.00.00;MATERIAL DE CONSUMO;1.500.000.1001;RECURSOS NÃO VINCULADOS DE IMPOSTOS (EDUCAÇÃO);5.000,00
PREFEITURA MUNICIPAL DE BARBACENA;32.001;SEDUC;2.225;TRANSPORTE ESCOLAR DO ATENDIMENTO EDUCACIONAL ESPECIALIZADO;38;GESTÃO DA EDUCAÇÃO ESPECIAL;12;Educação;367;Educação Especial;896;3.3.90.30.00.00.00.00;MATERIAL DE CONSUMO;1.553.000.0000;PNATE - TRANSFERÊNCIAS DE RECURSOS DO FNDE REFERENTES AO PROGRAMA NACIONAL DE APOIO AO TRANSPORTE ESCOLAR;1.575,00
PREFEITURA MUNICIPAL DE BARBACENA;32.001;SEDUC;2.225;TRANSPORTE ESCOLAR DO ATENDIMENTO EDUCACIONAL ESPECIALIZADO;38;GESTÃO DA EDUCAÇÃO ESPECIAL;12;Educação;367;Educação Especial;897;3.3.90.36.00.00.00.00;OUTROS SERVIÇOS DE TERCEIROS - PESSOA FÍSICA;1.500.000.1001;RECURSOS NÃO VINCULADOS DE IMPOSTOS (EDUCAÇÃO);10.000,00
PREFEITURA MUNICIPAL DE BARBACENA;32.001;SEDUC;2.225;TRANSPORTE ESCOLAR DO ATENDIMENTO EDUCACIONAL ESPECIALIZADO;38;GESTÃO DA EDUCAÇÃO ESPECIAL;12;Educação;367;Educação Especial;897;3.3.90.36.00.00.00.00;OUTROS SERVIÇOS DE TERCEIROS - PESSOA FÍSICA;1.553.000.0000;PNATE - TRANSFERÊNCIAS DE RECURSOS DO FNDE REFERENTES AO PROGRAMA NACIONAL DE APOIO AO TRANSPORTE ESCOLAR;1.575,00
PREFEITURA MUNICIPAL DE BARBACENA;32.001;SEDUC;2.225;TRANSPORTE ESCOLAR DO ATENDIMENTO EDUCACIONAL ESPECIALIZADO;38;GESTÃO DA EDUCAÇÃO ESPECIAL;12;Educação;367;Educação Especial;898;3.3.90.39.00.00.00.00;OUTROS SERVIÇOS DE TERCEIROS - PESSOA JURÍDICA;1.500.000.1001;RECURSOS NÃO VINCULADOS DE IMPOSTOS (EDUCAÇÃO);47.995,42
PREFEITURA MUNICIPAL DE BARBACENA;32.001;SEDUC;2.225;TRANSPORTE ESCOLAR DO ATENDIMENTO EDUCACIONAL ESPECIALIZADO;38;GESTÃO DA EDUCAÇÃO ESPECIAL;12;Educação;367;Educação Especial;898;3.3.90.39.00.00.00.00;OUTROS SERVIÇOS DE TERCEIROS - PESSOA JURÍDICA;1.553.000.0000;PNATE - TRANSFERÊNCIAS DE RECURSOS DO FNDE REFERENTES AO PROGRAMA NACIONAL DE APOIO AO TRANSPORTE ESCOLAR;1.500,00
PREFEITURA MUNICIPAL DE BARBACENA;32.001;SEDUC;2.225;TRANSPORTE ESCOLAR DO ATENDIMENTO EDUCACIONAL ESPECIALIZADO;38;GESTÃO DA EDUCAÇÃO ESPECIAL;12;Educação;367;Educação Especial;898;3.3.90.39.00.00.00.00;OUTROS SERVIÇOS DE TERCEIROS - PESSOA JURÍDICA;1.576.001.0000;PTE- TRANSFERÊNCIAS DE RECURSOS DOS ESTADOS PARA PROGRAMAS DE EDUCAÇÃO (TRANSFERÊNCIAS DE RECURSOS PARA O PROGRAMA ESTADUAL DE TRANSPORTE ESCOLAR);5.000,00
PREFEITURA MUNICIPAL DE BARBACENA;32.001;SEDUC;2.225;TRANSPORTE ESCOLAR DO ATENDIMENTO EDUCACIONAL ESPECIALIZADO;38;GESTÃO DA EDUCAÇÃO ESPECIAL;12;Educação;367;Educação Especial;898;3.3.90.39.00.00.00.00;OUTROS SERVIÇOS DE TERCEIROS - PESSOA JURÍDICA;2.576.001.0000;PTE - TRANSFERÊNCIAS DE RECURSOS DOS ESTADOS PARA PROGRAMAS DE EDUCAÇÃO (TRANSFERÊNCIAS DE RECURSOS PARA O PROGRAMA ESTADUAL DE TRANSPORTE ESCOLAR );0,01
PREFEITURA MUNICIPAL DE BARBACENA;32.001;SEDUC;2.459;APOIO A ASSOCIAÇÃO DE MÃES E AMIGOS DO AUTISTA DE BARBACENA - AMAB;38;GESTÃO DA EDUCAÇÃO ESPECIAL;12;Educação;367;Educação Especial;899;3.3.50.41.00.00.00.00;CONTRIBUIÇÕES;1.501.000.0000;OUTROS RECURSOS NÃO VINCULADOS;0,00
PREFEITURA MUNICIPAL DE BARBACENA;32.001;SEDUC;2.459;APOIO A ASSOCIAÇÃO DE MÃES E AMIGOS DO AUTISTA DE BARBACENA - AMAB;38;GESTÃO DA EDUCAÇÃO ESPECIAL;12;Educação;367;Educação Especial;899;3.3.50.41.00.00.00.00;CONTRIBUIÇÕES;1.501.509.0000;OUTROS RECURSOS NÃO VINCULADOS - EMENDAS DONIZETE MEDEIROS;10.000,00
PREFEITURA MUNICIPAL DE BARBACENA;32.001;SEDUC;2.459;APOIO A ASSOCIAÇÃO DE MÃES E AMIGOS DO AUTISTA DE BARBACENA - AMAB;38;GESTÃO DA EDUCAÇÃO ESPECIAL;12;Educação;367;Educação Especial;900;4.4.50.41.00.00.00.00;CONTRIBUIÇÕES;1.501.000.0000;OUTROS RECURSOS NÃO VINCULADOS;0,00
PREFEITURA MUNICIPAL DE BARBACENA;32.001;SEDUC;2.459;APOIO A ASSOCIAÇÃO DE MÃES E AMIGOS DO AUTISTA DE BARBACENA - AMAB;38;GESTÃO DA EDUCAÇÃO ESPECIAL;12;Educação;367;Educação Especial;900;4.4.50.41.00.00.00.00;CONTRIBUIÇÕES;1.501.509.0000;OUTROS RECURSOS NÃO VINCULADOS - EMENDAS DONIZETE MEDEIROS;10.000,00
PREFEITURA MUNICIPAL DE BARBACENA;33.001;SSP;2.144;PESSOAL E ENCARGOS SOCIAIS DA GCM;11;APOIO A ADMINISTRAÇAO PUBLICA;6;Segurança Pública;122;Administração Geral;923;3.1.90.04.00.00.00.00;CONTRATAÇÃO POR TEMPO DETERMINADO;1.500.000.0000;RECURSOS NÃO VINCULADOS DE IMPOSTOS;82.820,59
PREFEITURA MUNICIPAL DE BARBACENA;33.001;SSP;2.144;PESSOAL E ENCARGOS SOCIAIS DA GCM;11;APOIO A ADMINISTRAÇAO PUBLICA;6;Segurança Pública;122;Administração Geral;924;3.1.90.11.00.00.00.00;VENCIMENTOS E VANTAGENS FIXAS - PESSOAL CIVIL;1.500.000.0000;RECURSOS NÃO VINCULADOS DE IMPOSTOS;5.845.547,49
PREFEITURA MUNICIPAL DE BARBACENA;33.001;SSP;2.144;PESSOAL E ENCARGOS SOCIAIS DA GCM;11;APOIO A ADMINISTRAÇAO PUBLICA;6;Segurança Pública;122;Administração Geral;925;3.1.90.13.00.00.00.00;OBRIGAÇÕES PATRONAIS;1.500.000.0000;RECURSOS NÃO VINCULADOS DE IMPOSTOS;10.000,00
PREFEITURA MUNICIPAL DE BARBACENA;33.001;SSP;2.144;PESSOAL E ENCARGOS SOCIAIS DA GCM;11;APOIO A ADMINISTRAÇAO PUBLICA;6;Segurança Pública;122;Administração Geral;926;3.1.90.16.00.00.00.00;OUTRAS DESPESAS VARIÁVEIS - PESSOAL CIVIL;1.500.000.0000;RECURSOS NÃO VINCULADOS DE IMPOSTOS;500,00
PREFEITURA MUNICIPAL DE BARBACENA;33.001;SSP;2.144;PESSOAL E ENCARGOS SOCIAIS DA GCM;11;APOIO A ADMINISTRAÇAO PUBLICA;6;Segurança Pública;122;Administração Geral;927;3.1.90.92.00.00.00.00;DESPESAS DE EXERCÍCIOS ANTERIORES;1.500.000.0000;RECURSOS NÃO VINCULADOS DE IMPOSTOS;500,00
PREFEITURA MUNICIPAL DE BARBACENA;33.001;SSP;2.144;PESSOAL E ENCARGOS SOCIAIS DA GCM;11;APOIO A ADMINISTRAÇAO PUBLICA;6;Segurança Pública;122;Administração Geral;928;3.1.90.94.00.00.00.00;INDENIZAÇÕES E RESTITUIÇÕES TRABALHISTAS;1.500.000.0000;RECURSOS NÃO VINCULADOS DE IMPOSTOS;1.000,00
PREFEITURA MUNICIPAL DE BARBACENA;33.001;SSP;2.144;PESSOAL E ENCARGOS SOCIAIS DA GCM;11;APOIO A ADMINISTRAÇAO PUBLICA;6;Segurança Pública;122;Administração Geral;929;3.1.91.13.00.00.00.00;OBRIGAÇÕES PATRONAIS;1.500.000.0000;RECURSOS NÃO VINCULADOS DE IMPOSTOS;1.278.082,67
PREFEITURA MUNICIPAL DE BARBACENA;33.001;SSP;2.144;PESSOAL E ENCARGOS SOCIAIS DA GCM;11;APOIO A ADMINISTRAÇAO PUBLICA;6;Segurança Pública;122;Administração Geral;930;3.1.91.92.00.00.00.00;DESPESAS DE EXERCÍCIOS ANTERIORES;1.500.000.0000;RECURSOS NÃO VINCULADOS DE IMPOSTOS;500,00
PREFEITURA MUNICIPAL DE BARBACENA;33.001;SSP;2.144;PESSOAL E ENCARGOS SOCIAIS DA GCM;11;APOIO A ADMINISTRAÇAO PUBLICA;6;Segurança Pública;122;Administração Geral;931;3.3.90.08.00.00.00.00;OUTROS BENEFÍCIOS ASSISTENCIAIS-SERVIDOR/MILITAR;1.500.000.0000;RECURSOS NÃO VINCULADOS DE IMPOSTOS;1.500,00
PREFEITURA MUNICIPAL DE BARBACENA;33.001;SSP;2.144;PESSOAL E ENCARGOS SOCIAIS DA GCM;11;APOIO A ADMINISTRAÇAO PUBLICA;6;Segurança Pública;122;Administração Geral;932;3.3.90.18.00.00.00.00;AUXÍLIO FINANCEIRO A ESTUDANTES;1.500.000.0000;RECURSOS NÃO VINCULADOS DE IMPOSTOS;3.115,03
PREFEITURA MUNICIPAL DE BARBACENA;33.001;SSP;2.144;PESSOAL E ENCARGOS SOCIAIS DA GCM;11;APOIO A ADMINISTRAÇAO PUBLICA;6;Segurança Pública;122;Administração Geral;933;3.3.90.19.00.00.00.00;AUXÍLIO-FARDAMENTO;1.500.000.0000;RECURSOS NÃO VINCULADOS DE IMPOSTOS;85.240,32
PREFEITURA MUNICIPAL DE BARBACENA;33.001;SSP;2.144;PESSOAL E ENCARGOS SOCIAIS DA GCM;11;APOIO A ADMINISTRAÇAO PUBLICA;6;Segurança Pública;122;Administração Geral;934;3.3.90.46.00.00.00.00;AUXÍLIO-ALIMENTAÇÃO;1.500.000.0000;RECURSOS NÃO VINCULADOS DE IMPOSTOS;418.720,00
PREFEITURA MUNICIPAL DE BARBACENA;33.001;SSP;2.145;MANUTENÇAO DA GCM;11;APOIO A ADMINISTRAÇAO PUBLICA;6;Segurança Pública;122;Administração Geral;935;3.3.90.14.00.00.00.00;DIÁRIAS - PESSOAL CIVIL;1.500.000.0000;RECURSOS NÃO VINCULADOS DE IMPOSTOS;55.840,72
PREFEITURA MUNICIPAL DE BARBACENA;33.001;SSP;2.145;MANUTENÇAO DA GCM;11;APOIO A ADMINISTRAÇAO PUBLICA;6;Segurança Pública;122;Administração Geral;936;3.3.90.30.00.00.00.00;MATERIAL DE CONSUMO;1.500.000.0000;RECURSOS NÃO VINCULADOS DE IMPOSTOS;43.230,86
PREFEITURA MUNICIPAL DE BARBACENA;33.001;SSP;2.145;MANUTENÇAO DA GCM;11;APOIO A ADMINISTRAÇAO PUBLICA;6;Segurança Pública;122;Administração Geral;936;3.3.90.30.00.00.00.00;MATERIAL DE CONSUMO;1.501.000.0000;OUTROS RECURSOS NÃO VINCULADOS;20.000,00
PREFEITURA MUNICIPAL DE BARBACENA;33.001;SSP;2.145;MANUTENÇAO DA GCM;11;APOIO A ADMINISTRAÇAO PUBLICA;6;Segurança Pública;122;Administração Geral;937;3.3.90.33.00.00.00.00;PASSAGENS E DESPESAS COM LOCOMOÇÃO;1.500.000.0000;RECURSOS NÃO VINCULADOS DE IMPOSTOS;1.000,00
PREFEITURA MUNICIPAL DE BARBACENA;33.001;SSP;2.145;MANUTENÇAO DA GCM;11;APOIO A ADMINISTRAÇAO PUBLICA;6;Segurança Pública;122;Administração Geral;938;3.3.90.35.00.00.00.00;SERVIÇOS DE CONSULTORIA;1.500.000.0000;RECURSOS NÃO VINCULADOS DE IMPOSTOS;500,00
PREFEITURA MUNICIPAL DE BARBACENA;33.001;SSP;2.145;MANUTENÇAO DA GCM;11;APOIO A ADMINISTRAÇAO PUBLICA;6;Segurança Pública;122;Administração Geral;939;3.3.90.36.00.00.00.00;OUTROS SERVIÇOS DE TERCEIROS - PESSOA FÍSICA;1.500.000.0000;RECURSOS NÃO VINCULADOS DE IMPOSTOS;1.000,00
PREFEITURA MUNICIPAL DE BARBACENA;33.001;SSP;2.145;MANUTENÇAO DA GCM;11;APOIO A ADMINISTRAÇAO PUBLICA;6;Segurança Pública;122;Administração Geral;940;3.3.90.39.00.00.00.00;OUTROS SERVIÇOS DE TERCEIROS - PESSOA JURÍDICA;1.500.000.0000;RECURSOS NÃO VINCULADOS DE IMPOSTOS;397.951,53
PREFEITURA MUNICIPAL DE BARBACENA;33.001;SSP;2.145;MANUTENÇAO DA GCM;11;APOIO A ADMINISTRAÇAO PUBLICA;6;Segurança Pública;122;Administração Geral;941;3.3.90.40.00.00.00.00;SERVIÇOS DE TECNOLOGIA DA INFORMAÇÃO E COMUNICAÇ;1.500.000.0000;RECURSOS NÃO VINCULADOS DE IMPOSTOS;64.664,16
PREFEITURA MUNICIPAL DE BARBACENA;33.001;SSP;2.145;MANUTENÇAO DA GCM;11;APOIO A ADMINISTRAÇAO PUBLICA;6;Segurança Pública;122;Administração Geral;942;3.3.90.47.00.00.00.00;OBRIGAÇÕES TRIBUTÁRIAS E CONTRIBUTIVAS;1.500.000.0000;RECURSOS NÃO VINCULADOS DE IMPOSTOS;1.000,00
PREFEITURA MUNICIPAL DE BARBACENA;33.001;SSP;2.145;MANUTENÇAO DA GCM;11;APOIO A ADMINISTRAÇAO PUBLICA;6;Segurança Pública;122;Administração Geral;943;3.3.90.48.00.00.00.00;OUTROS AUXÍLIOS FINANCEIROS A PESSOAS FÍSICAS;1.500.000.0000;RECURSOS NÃO VINCULADOS DE IMPOSTOS;500,00
PREFEITURA MUNICIPAL DE BARBACENA;33.001;SSP;2.145;MANUTENÇAO DA GCM;11;APOIO A ADMINISTRAÇAO PUBLICA;6;Segurança Pública;122;Administração Geral;944;3.3.90.49.00.00.00.00;AUXÍLIO-TRANSPORTE;1.500.000.0000;RECURSOS NÃO VINCULADOS DE IMPOSTOS;500,00
PREFEITURA MUNICIPAL DE BARBACENA;33.001;SSP;2.145;MANUTENÇAO DA GCM;11;APOIO A ADMINISTRAÇAO PUBLICA;6;Segurança Pública;122;Administração Geral;945;3.3.90.92.00.00.00.00;DESPESAS DE EXERCÍCIOS ANTERIORES;1.500.000.0000;RECURSOS NÃO VINCULADOS DE IMPOSTOS;5.000,00
PREFEITURA MUNICIPAL DE BARBACENA;33.001;SSP;2.145;MANUTENÇAO DA GCM;11;APOIO A ADMINISTRAÇAO PUBLICA;6;Segurança Pública;122;Administração Geral;946;3.3.90.93.00.00.00.00;INDENIZAÇÕES E RESTITUIÇÕES;1.500.000.0000;RECURSOS NÃO VINCULADOS DE IMPOSTOS;500,00
PREFEITURA MUNICIPAL DE BARBACENA;33.001;SSP;2.145;MANUTENÇAO DA GCM;11;APOIO A ADMINISTRAÇAO PUBLICA;6;Segurança Pública;122;Administração Geral;947;4.4.90.51.00.00.00.00;OBRAS E INSTALAÇÕES;1.500.000.0000;RECURSOS NÃO VINCULADOS DE IMPOSTOS;500,00
PREFEITURA MUNICIPAL DE BARBACENA;33.001;SSP;2.145;MANUTENÇAO DA GCM;11;APOIO A ADMINISTRAÇAO PUBLICA;6;Segurança Pública;122;Administração Geral;948;4.4.90.52.00.00.00.00;EQUIPAMENTOS E MATERIAL PERMANENTE;1.500.000.0000;RECURSOS NÃO VINCULADOS DE IMPOSTOS;7.500,00
PREFEITURA MUNICIPAL DE BARBACENA;33.001;SSP;2.266;MANUTENÇÃO DA SSP;11;APOIO A ADMINISTRAÇAO PUBLICA;6;Segurança Pública;122;Administração Geral;949;3.3.90.14.00.00.00.00;DIÁRIAS - PESSOAL CIVIL;1.500.000.0000;RECURSOS NÃO VINCULADOS DE IMPOSTOS;3.000,00
PREFEITURA MUNICIPAL DE BARBACENA;33.001;SSP;2.266;MANUTENÇÃO DA SSP;11;APOIO A ADMINISTRAÇAO PUBLICA;6;Segurança Pública;122;Administração Geral;950;3.3.90.30.00.00.00.00;MATERIAL DE CONSUMO;1.500.000.0000;RECURSOS NÃO VINCULADOS DE IMPOSTOS;2.000,00
PREFEITURA MUNICIPAL DE BARBACENA;33.001;SSP;2.266;MANUTENÇÃO DA SSP;11;APOIO A ADMINISTRAÇAO PUBLICA;6;Segurança Pública;122;Administração Geral;951;3.3.90.33.00.00.00.00;PASSAGENS E DESPESAS COM LOCOMOÇÃO;1.500.000.0000;RECURSOS NÃO VINCULADOS DE IMPOSTOS;1.000,00
PREFEITURA MUNICIPAL DE BARBACENA;33.001;SSP;2.266;MANUTENÇÃO DA SSP;11;APOIO A ADMINISTRAÇAO PUBLICA;6;Segurança Pública;122;Administração Geral;952;3.3.90.35.00.00.00.00;SERVIÇOS DE CONSULTORIA;1.500.000.0000;RECURSOS NÃO VINCULADOS DE IMPOSTOS;500,00
PREFEITURA MUNICIPAL DE BARBACENA;33.001;SSP;2.266;MANUTENÇÃO DA SSP;11;APOIO A ADMINISTRAÇAO PUBLICA;6;Segurança Pública;122;Administração Geral;953;3.3.90.36.00.00.00.00;OUTROS SERVIÇOS DE TERCEIROS - PESSOA FÍSICA;1.500.000.0000;RECURSOS NÃO VINCULADOS DE IMPOSTOS;1.000,00
PREFEITURA MUNICIPAL DE BARBACENA;33.001;SSP;2.266;MANUTENÇÃO DA SSP;11;APOIO A ADMINISTRAÇAO PUBLICA;6;Segurança Pública;122;Administração Geral;954;3.3.90.39.00.00.00.00;OUTROS SERVIÇOS DE TERCEIROS - PESSOA JURÍDICA;1.500.000.0000;RECURSOS NÃO VINCULADOS DE IMPOSTOS;25.000,00
PREFEITURA MUNICIPAL DE BARBACENA;33.001;SSP;2.266;MANUTENÇÃO DA SSP;11;APOIO A ADMINISTRAÇAO PUBLICA;6;Segurança Pública;122;Administração Geral;955;3.3.90.40.00.00.00.00;SERVIÇOS DE TECNOLOGIA DA INFORMAÇÃO E COMUNICAÇ;1.500.000.0000;RECURSOS NÃO VINCULADOS DE IMPOSTOS;3.000,00
PREFEITURA MUNICIPAL DE BARBACENA;33.001;SSP;2.266;MANUTENÇÃO DA SSP;11;APOIO A ADMINISTRAÇAO PUBLICA;6;Segurança Pública;122;Administração Geral;956;3.3.90.48.00.00.00.00;OUTROS AUXÍLIOS FINANCEIROS A PESSOAS FÍSICAS;1.500.000.0000;RECURSOS NÃO VINCULADOS DE IMPOSTOS;500,00
PREFEITURA MUNICIPAL DE BARBACENA;33.001;SSP;2.266;MANUTENÇÃO DA SSP;11;APOIO A ADMINISTRAÇAO PUBLICA;6;Segurança Pública;122;Administração Geral;957;3.3.90.49.00.00.00.00;AUXÍLIO-TRANSPORTE;1.500.000.0000;RECURSOS NÃO VINCULADOS DE IMPOSTOS;500,00
PREFEITURA MUNICIPAL DE BARBACENA;33.001;SSP;2.266;MANUTENÇÃO DA SSP;11;APOIO A ADMINISTRAÇAO PUBLICA;6;Segurança Pública;122;Administração Geral;958;3.3.90.93.00.00.00.00;INDENIZAÇÕES E RESTITUIÇÕES;1.500.000.0000;RECURSOS NÃO VINCULADOS DE IMPOSTOS;500,00
PREFEITURA MUNICIPAL DE BARBACENA;33.001;SSP;2.266;MANUTENÇÃO DA SSP;11;APOIO A ADMINISTRAÇAO PUBLICA;6;Segurança Pública;122;Administração Geral;959;4.4.90.52.00.00.00.00;EQUIPAMENTOS E MATERIAL PERMANENTE;1.500.000.0000;RECURSOS NÃO VINCULADOS DE IMPOSTOS;3.000,00
PREFEITURA MUNICIPAL DE BARBACENA;33.001;SSP;2.266;MANUTENÇÃO DA SSP;11;APOIO A ADMINISTRAÇAO PUBLICA;6;Segurança Pública;122;Administração Geral;1215;3.3.67.83.00.00.00.00;DESPESAS DECORRENTES DE CONTRATO DE PARCERIA PÚB.;1.500.000.0000;RECURSOS NÃO VINCULADOS DE IMPOSTOS;630.159,12
PREFEITURA MUNICIPAL DE BARBACENA;33.001;SSP;2.267;PESSOAL E ENCARGOS SOCIAIS DA SSP;11;APOIO A ADMINISTRAÇAO PUBLICA;6;Segurança Pública;122;Administração Geral;960;3.1.90.04.00.00.00.00;CONTRATAÇÃO POR TEMPO DETERMINADO;1.500.000.0000;RECURSOS NÃO VINCULADOS DE IMPOSTOS;686.325,98
PREFEITURA MUNICIPAL DE BARBACENA;33.001;SSP;2.267;PESSOAL E ENCARGOS SOCIAIS DA SSP;11;APOIO A ADMINISTRAÇAO PUBLICA;6;Segurança Pública;122;Administração Geral;961;3.1.90.11.00.00.00.00;VENCIMENTOS E VANTAGENS FIXAS - PESSOAL CIVIL;1.500.000.0000;RECURSOS NÃO VINCULADOS DE IMPOSTOS;482.073,67
PREFEITURA MUNICIPAL DE BARBACENA;33.001;SSP;2.267;PESSOAL E ENCARGOS SOCIAIS DA SSP;11;APOIO A ADMINISTRAÇAO PUBLICA;6;Segurança Pública;122;Administração Geral;962;3.1.90.13.00.00.00.00;OBRIGAÇÕES PATRONAIS;1.500.000.0000;RECURSOS NÃO VINCULADOS DE IMPOSTOS;113.865,16
PREFEITURA MUNICIPAL DE BARBACENA;33.001;SSP;2.267;PESSOAL E ENCARGOS SOCIAIS DA SSP;11;APOIO A ADMINISTRAÇAO PUBLICA;6;Segurança Pública;122;Administração Geral;963;3.1.90.16.00.00.00.00;OUTRAS DESPESAS VARIÁVEIS - PESSOAL CIVIL;1.500.000.0000;RECURSOS NÃO VINCULADOS DE IMPOSTOS;500,00
PREFEITURA MUNICIPAL DE BARBACENA;33.001;SSP;2.267;PESSOAL E ENCARGOS SOCIAIS DA SSP;11;APOIO A ADMINISTRAÇAO PUBLICA;6;Segurança Pública;122;Administração Geral;964;3.1.90.92.00.00.00.00;DESPESAS DE EXERCÍCIOS ANTERIORES;1.500.000.0000;RECURSOS NÃO VINCULADOS DE IMPOSTOS;500,00
PREFEITURA MUNICIPAL DE BARBACENA;33.001;SSP;2.267;PESSOAL E ENCARGOS SOCIAIS DA SSP;11;APOIO A ADMINISTRAÇAO PUBLICA;6;Segurança Pública;122;Administração Geral;965;3.1.90.94.00.00.00.00;INDENIZAÇÕES E RESTITUIÇÕES TRABALHISTAS;1.500.000.0000;RECURSOS NÃO VINCULADOS DE IMPOSTOS;500,00
PREFEITURA MUNICIPAL DE BARBACENA;33.001;SSP;2.267;PESSOAL E ENCARGOS SOCIAIS DA SSP;11;APOIO A ADMINISTRAÇAO PUBLICA;6;Segurança Pública;122;Administração Geral;966;3.1.91.13.00.00.00.00;OBRIGAÇÕES PATRONAIS;1.500.000.0000;RECURSOS NÃO VINCULADOS DE IMPOSTOS;75.908,01
PREFEITURA MUNICIPAL DE BARBACENA;33.001;SSP;2.267;PESSOAL E ENCARGOS SOCIAIS DA SSP;11;APOIO A ADMINISTRAÇAO PUBLICA;6;Segurança Pública;122;Administração Geral;967;3.1.91.92.00.00.00.00;DESPESAS DE EXERCÍCIOS ANTERIORES;1.500.000.0000;RECURSOS NÃO VINCULADOS DE IMPOSTOS;500,00
PREFEITURA MUNICIPAL DE BARBACENA;33.001;SSP;2.267;PESSOAL E ENCARGOS SOCIAIS DA SSP;11;APOIO A ADMINISTRAÇAO PUBLICA;6;Segurança Pública;122;Administração Geral;968;3.3.90.08.00.00.00.00;OUTROS BENEFÍCIOS ASSISTENCIAIS-SERVIDOR/MILITAR;1.500.000.0000;RECURSOS NÃO VINCULADOS DE IMPOSTOS;5.000,00
PREFEITURA MUNICIPAL DE BARBACENA;33.001;SSP;2.267;PESSOAL E ENCARGOS SOCIAIS DA SSP;11;APOIO A ADMINISTRAÇAO PUBLICA;6;Segurança Pública;122;Administração Geral;969;3.3.90.18.00.00.00.00;AUXÍLIO FINANCEIRO A ESTUDANTES;1.500.000.0000;RECURSOS NÃO VINCULADOS DE IMPOSTOS;8.000,00
PREFEITURA MUNICIPAL DE BARBACENA;33.001;SSP;2.267;PESSOAL E ENCARGOS SOCIAIS DA SSP;11;APOIO A ADMINISTRAÇAO PUBLICA;6;Segurança Pública;122;Administração Geral;970;3.3.90.46.00.00.00.00;AUXÍLIO-ALIMENTAÇÃO;1.500.000.0000;RECURSOS NÃO VINCULADOS DE IMPOSTOS;272.160,00
PREFEITURA MUNICIPAL DE BARBACENA;33.001;SSP;2.156;GESTAO OPERACIONAL DO TRANSITO MUNICIPAL;27;MOBILIDADE URBANA;15;Urbanismo;451;Infra-Estrutura Urbana;973;3.3.90.14.00.00.00.00;DIÁRIAS - PESSOAL CIVIL;1.500.000.0000;RECURSOS NÃO VINCULADOS DE IMPOSTOS;1.000,00
PREFEITURA MUNICIPAL DE BARBACENA;33.001;SSP;2.156;GESTAO OPERACIONAL DO TRANSITO MUNICIPAL;27;MOBILIDADE URBANA;15;Urbanismo;451;Infra-Estrutura Urbana;974;3.3.90.30.00.00.00.00;MATERIAL DE CONSUMO;1.500.000.0000;RECURSOS NÃO VINCULADOS DE IMPOSTOS;1.000,00
PREFEITURA MUNICIPAL DE BARBACENA;33.001;SSP;2.156;GESTAO OPERACIONAL DO TRANSITO MUNICIPAL;27;MOBILIDADE URBANA;15;Urbanismo;451;Infra-Estrutura Urbana;975;3.3.90.39.00.00.00.00;OUTROS SERVIÇOS DE TERCEIROS - PESSOA JURÍDICA;1.500.000.0000;RECURSOS NÃO VINCULADOS DE IMPOSTOS;5.000,00
PREFEITURA MUNICIPAL DE BARBACENA;33.001;SSP;2.156;GESTAO OPERACIONAL DO TRANSITO MUNICIPAL;27;MOBILIDADE URBANA;15;Urbanismo;451;Infra-Estrutura Urbana;975;3.3.90.39.00.00.00.00;OUTROS SERVIÇOS DE TERCEIROS - PESSOA JURÍDICA;1.501.000.0000;OUTROS RECURSOS NÃO VINCULADOS;1.000,00
PREFEITURA MUNICIPAL DE BARBACENA;33.001;SSP;2.156;GESTAO OPERACIONAL DO TRANSITO MUNICIPAL;27;MOBILIDADE URBANA;15;Urbanismo;451;Infra-Estrutura Urbana;976;3.3.90.40.00.00.00.00;SERVIÇOS DE TECNOLOGIA DA INFORMAÇÃO E COMUNICAÇ;1.500.000.0000;RECURSOS NÃO VINCULADOS DE IMPOSTOS;2.000,00
PREFEITURA MUNICIPAL DE BARBACENA;33.001;SSP;2.156;GESTAO OPERACIONAL DO TRANSITO MUNICIPAL;27;MOBILIDADE URBANA;15;Urbanismo;451;Infra-Estrutura Urbana;977;3.3.90.47.00.00.00.00;OBRIGAÇÕES TRIBUTÁRIAS E CONTRIBUTIVAS;1.500.000.0000;RECURSOS NÃO VINCULADOS DE IMPOSTOS;1.000,00
PREFEITURA MUNICIPAL DE BARBACENA;33.001;SSP;2.156;GESTAO OPERACIONAL DO TRANSITO MUNICIPAL;27;MOBILIDADE URBANA;15;Urbanismo;451;Infra-Estrutura Urbana;978;3.3.90.92.00.00.00.00;DESPESAS DE EXERCÍCIOS ANTERIORES;1.500.000.0000;RECURSOS NÃO VINCULADOS DE IMPOSTOS;1.000,00
PREFEITURA MUNICIPAL DE BARBACENA;33.001;SSP;2.156;GESTAO OPERACIONAL DO TRANSITO MUNICIPAL;27;MOBILIDADE URBANA;15;Urbanismo;451;Infra-Estrutura Urbana;979;3.3.90.93.00.00.00.00;INDENIZAÇÕES E RESTITUIÇÕES;1.500.000.0000;RECURSOS NÃO VINCULADOS DE IMPOSTOS;1.000,00
PREFEITURA MUNICIPAL DE BARBACENA;33.001;SSP;2.156;GESTAO OPERACIONAL DO TRANSITO MUNICIPAL;27;MOBILIDADE URBANA;15;Urbanismo;451;Infra-Estrutura Urbana;980;4.4.90.52.00.00.00.00;EQUIPAMENTOS E MATERIAL PERMANENTE;1.500.000.0000;RECURSOS NÃO VINCULADOS DE IMPOSTOS;1.000,00
PREFEITURA MUNICIPAL DE BARBACENA;33.001;SSP;2.268;PESSOAL E ENCARGOS SOCIAIS DE TRANSITO;27;MOBILIDADE URBANA;15;Urbanismo;451;Infra-Estrutura Urbana;981;3.1.90.04.00.00.00.00;CONTRATAÇÃO POR TEMPO DETERMINADO;1.500.000.0000;RECURSOS NÃO VINCULADOS DE IMPOSTOS;500,00
PREFEITURA MUNICIPAL DE BARBACENA;33.001;SSP;2.268;PESSOAL E ENCARGOS SOCIAIS DE TRANSITO;27;MOBILIDADE URBANA;15;Urbanismo;451;Infra-Estrutura Urbana;982;3.1.90.11.00.00.00.00;VENCIMENTOS E VANTAGENS FIXAS - PESSOAL CIVIL;1.500.000.0000;RECURSOS NÃO VINCULADOS DE IMPOSTOS;1.048.960,17
PREFEITURA MUNICIPAL DE BARBACENA;33.001;SSP;2.268;PESSOAL E ENCARGOS SOCIAIS DE TRANSITO;27;MOBILIDADE URBANA;15;Urbanismo;451;Infra-Estrutura Urbana;983;3.1.90.13.00.00.00.00;OBRIGAÇÕES PATRONAIS;1.500.000.0000;RECURSOS NÃO VINCULADOS DE IMPOSTOS;65.453,80
PREFEITURA MUNICIPAL DE BARBACENA;33.001;SSP;2.268;PESSOAL E ENCARGOS SOCIAIS DE TRANSITO;27;MOBILIDADE URBANA;15;Urbanismo;451;Infra-Estrutura Urbana;984;3.1.90.16.00.00.00.00;OUTRAS DESPESAS VARIÁVEIS - PESSOAL CIVIL;1.500.000.0000;RECURSOS NÃO VINCULADOS DE IMPOSTOS;1.000,00
PREFEITURA MUNICIPAL DE BARBACENA;33.001;SSP;2.268;PESSOAL E ENCARGOS SOCIAIS DE TRANSITO;27;MOBILIDADE URBANA;15;Urbanismo;451;Infra-Estrutura Urbana;985;3.1.90.92.00.00.00.00;DESPESAS DE EXERCÍCIOS ANTERIORES;1.500.000.0000;RECURSOS NÃO VINCULADOS DE IMPOSTOS;500,00
PREFEITURA MUNICIPAL DE BARBACENA;33.001;SSP;2.268;PESSOAL E ENCARGOS SOCIAIS DE TRANSITO;27;MOBILIDADE URBANA;15;Urbanismo;451;Infra-Estrutura Urbana;986;3.1.90.94.00.00.00.00;INDENIZAÇÕES E RESTITUIÇÕES TRABALHISTAS;1.500.000.0000;RECURSOS NÃO VINCULADOS DE IMPOSTOS;500,00
PREFEITURA MUNICIPAL DE BARBACENA;33.001;SSP;2.268;PESSOAL E ENCARGOS SOCIAIS DE TRANSITO;27;MOBILIDADE URBANA;15;Urbanismo;451;Infra-Estrutura Urbana;987;3.1.91.13.00.00.00.00;OBRIGAÇÕES PATRONAIS;1.500.000.0000;RECURSOS NÃO VINCULADOS DE IMPOSTOS;218.048,95
PREFEITURA MUNICIPAL DE BARBACENA;33.001;SSP;2.268;PESSOAL E ENCARGOS SOCIAIS DE TRANSITO;27;MOBILIDADE URBANA;15;Urbanismo;451;Infra-Estrutura Urbana;988;3.1.91.92.00.00.00.00;DESPESAS DE EXERCÍCIOS ANTERIORES;1.500.000.0000;RECURSOS NÃO VINCULADOS DE IMPOSTOS;500,00
PREFEITURA MUNICIPAL DE BARBACENA;33.001;SSP;2.268;PESSOAL E ENCARGOS SOCIAIS DE TRANSITO;27;MOBILIDADE URBANA;15;Urbanismo;451;Infra-Estrutura Urbana;989;3.3.90.08.00.00.00.00;OUTROS BENEFÍCIOS ASSISTENCIAIS-SERVIDOR/MILITAR;1.500.000.0000;RECURSOS NÃO VINCULADOS DE IMPOSTOS;1.000,00
PREFEITURA MUNICIPAL DE BARBACENA;33.001;SSP;2.268;PESSOAL E ENCARGOS SOCIAIS DE TRANSITO;27;MOBILIDADE URBANA;15;Urbanismo;451;Infra-Estrutura Urbana;990;3.3.90.18.00.00.00.00;AUXÍLIO FINANCEIRO A ESTUDANTES;1.500.000.0000;RECURSOS NÃO VINCULADOS DE IMPOSTOS;1.000,00
PREFEITURA MUNICIPAL DE BARBACENA;33.001;SSP;2.268;PESSOAL E ENCARGOS SOCIAIS DE TRANSITO;27;MOBILIDADE URBANA;15;Urbanismo;451;Infra-Estrutura Urbana;991;3.3.90.19.00.00.00.00;AUXÍLIO-FARDAMENTO;1.500.000.0000;RECURSOS NÃO VINCULADOS DE IMPOSTOS;30.000,00
PREFEITURA MUNICIPAL DE BARBACENA;33.001;SSP;2.268;PESSOAL E ENCARGOS SOCIAIS DE TRANSITO;27;MOBILIDADE URBANA;15;Urbanismo;451;Infra-Estrutura Urbana;992;3.3.90.46.00.00.00.00;AUXÍLIO-ALIMENTAÇÃO;1.500.000.0000;RECURSOS NÃO VINCULADOS DE IMPOSTOS;73.600,00
PREFEITURA MUNICIPAL DE BARBACENA;33.001;SSP;2.269;MANUTENCAO DAS ATIVIDADES DE TRANSITO;27;MOBILIDADE URBANA;15;Urbanismo;451;Infra-Estrutura Urbana;993;3.3.90.14.00.00.00.00;DIÁRIAS - PESSOAL CIVIL;1.500.000.0000;RECURSOS NÃO VINCULADOS DE IMPOSTOS;2.000,00
PREFEITURA MUNICIPAL DE BARBACENA;33.001;SSP;2.269;MANUTENCAO DAS ATIVIDADES DE TRANSITO;27;MOBILIDADE URBANA;15;Urbanismo;451;Infra-Estrutura Urbana;994;3.3.90.30.00.00.00.00;MATERIAL DE CONSUMO;1.500.000.0000;RECURSOS NÃO VINCULADOS DE IMPOSTOS;13.500,00
PREFEITURA MUNICIPAL DE BARBACENA;33.001;SSP;2.269;MANUTENCAO DAS ATIVIDADES DE TRANSITO;27;MOBILIDADE URBANA;15;Urbanismo;451;Infra-Estrutura Urbana;995;3.3.90.33.00.00.00.00;PASSAGENS E DESPESAS COM LOCOMOÇÃO;1.500.000.0000;RECURSOS NÃO VINCULADOS DE IMPOSTOS;1.000,00
PREFEITURA MUNICIPAL DE BARBACENA;33.001;SSP;2.269;MANUTENCAO DAS ATIVIDADES DE TRANSITO;27;MOBILIDADE URBANA;15;Urbanismo;451;Infra-Estrutura Urbana;996;3.3.90.35.00.00.00.00;SERVIÇOS DE CONSULTORIA;1.500.000.0000;RECURSOS NÃO VINCULADOS DE IMPOSTOS;500,00
PREFEITURA MUNICIPAL DE BARBACENA;33.001;SSP;2.269;MANUTENCAO DAS ATIVIDADES DE TRANSITO;27;MOBILIDADE URBANA;15;Urbanismo;451;Infra-Estrutura Urbana;997;3.3.90.39.00.00.00.00;OUTROS SERVIÇOS DE TERCEIROS - PESSOA JURÍDICA;1.500.000.0000;RECURSOS NÃO VINCULADOS DE IMPOSTOS;1.000,00
PREFEITURA MUNICIPAL DE BARBACENA;33.001;SSP;2.269;MANUTENCAO DAS ATIVIDADES DE TRANSITO;27;MOBILIDADE URBANA;15;Urbanismo;451;Infra-Estrutura Urbana;997;3.3.90.39.00.00.00.00;OUTROS SERVIÇOS DE TERCEIROS - PESSOA JURÍDICA;1.501.000.0000;OUTROS RECURSOS NÃO VINCULADOS;25.000,00
PREFEITURA MUNICIPAL DE BARBACENA;33.001;SSP;2.269;MANUTENCAO DAS ATIVIDADES DE TRANSITO;27;MOBILIDADE URBANA;15;Urbanismo;451;Infra-Estrutura Urbana;998;3.3.90.40.00.00.00.00;SERVIÇOS DE TECNOLOGIA DA INFORMAÇÃO E COMUNICAÇ;1.500.000.0000;RECURSOS NÃO VINCULADOS DE IMPOSTOS;1.000,00
PREFEITURA MUNICIPAL DE BARBACENA;33.001;SSP;2.269;MANUTENCAO DAS ATIVIDADES DE TRANSITO;27;MOBILIDADE URBANA;15;Urbanismo;451;Infra-Estrutura Urbana;999;3.3.90.48.00.00.00.00;OUTROS AUXÍLIOS FINANCEIROS A PESSOAS FÍSICAS;1.500.000.0000;RECURSOS NÃO VINCULADOS DE IMPOSTOS;500,00
PREFEITURA MUNICIPAL DE BARBACENA;33.001;SSP;2.269;MANUTENCAO DAS ATIVIDADES DE TRANSITO;27;MOBILIDADE URBANA;15;Urbanismo;451;Infra-Estrutura Urbana;1000;3.3.90.49.00.00.00.00;AUXÍLIO-TRANSPORTE;1.500.000.0000;RECURSOS NÃO VINCULADOS DE IMPOSTOS;500,00
PREFEITURA MUNICIPAL DE BARBACENA;33.001;SSP;2.269;MANUTENCAO DAS ATIVIDADES DE TRANSITO;27;MOBILIDADE URBANA;15;Urbanismo;451;Infra-Estrutura Urbana;1001;3.3.90.92.00.00.00.00;DESPESAS DE EXERCÍCIOS ANTERIORES;1.500.000.0000;RECURSOS NÃO VINCULADOS DE IMPOSTOS;1.000,00
PREFEITURA MUNICIPAL DE BARBACENA;33.001;SSP;2.269;MANUTENCAO DAS ATIVIDADES DE TRANSITO;27;MOBILIDADE URBANA;15;Urbanismo;451;Infra-Estrutura Urbana;1002;4.4.90.52.00.00.00.00;EQUIPAMENTOS E MATERIAL PERMANENTE;1.500.000.0000;RECURSOS NÃO VINCULADOS DE IMPOSTOS;1.000,00
PREFEITURA MUNICIPAL DE BARBACENA;33.001;SSP;2.269;MANUTENCAO DAS ATIVIDADES DE TRANSITO;27;MOBILIDADE URBANA;15;Urbanismo;451;Infra-Estrutura Urbana;1002;4.4.90.52.00.00.00.00;EQUIPAMENTOS E MATERIAL PERMANENTE;1.501.000.0000;OUTROS RECURSOS NÃO VINCULADOS;1.000,00
PREFEITURA MUNICIPAL DE BARBACENA;33.001;SSP;2.155;TRANSPORTE PUBLICO MUNICIPAL;27;MOBILIDADE URBANA;15;Urbanismo;453;Transportes Coletivos Urbanos;1003;3.3.90.39.00.00.00.00;OUTROS SERVIÇOS DE TERCEIROS - PESSOA JURÍDICA;1.500.000.0000;RECURSOS NÃO VINCULADOS DE IMPOSTOS;1.000,00
PREFEITURA MUNICIPAL DE BARBACENA;33.001;SSP;2.146;FORTALECIMENTO DA GUARDA CIVIL MUNICIPAL;30;SEGURANÇA MUNICIPAL;6;Segurança Pública;122;Administração Geral;971;3.3.90.30.00.00.00.00;MATERIAL DE CONSUMO;1.500.000.0000;RECURSOS NÃO VINCULADOS DE IMPOSTOS;21.296,75
PREFEITURA MUNICIPAL DE BARBACENA;33.001;SSP;2.146;FORTALECIMENTO DA GUARDA CIVIL MUNICIPAL;30;SEGURANÇA MUNICIPAL;6;Segurança Pública;122;Administração Geral;972;4.4.90.52.00.00.00.00;EQUIPAMENTOS E MATERIAL PERMANENTE;1.500.000.0000;RECURSOS NÃO VINCULADOS DE IMPOSTOS;0,00
PREFEITURA MUNICIPAL DE BARBACENA;33.002;FUNDO MUNICIPAL DE DEFESA CIVIL;2.182;MANUTENÇAO DAS ATIVIDADES DA DEFESA CIVIL;32;BARBACENA RESILIENTE;6;Segurança Pública;182;Defesa Civil;1004;3.3.90.30.00.00.00.00;MATERIAL DE CONSUMO;1.500.000.0000;RECURSOS NÃO VINCULADOS DE IMPOSTOS;2.000,00
PREFEITURA MUNICIPAL DE BARBACENA;33.002;FUNDO MUNICIPAL DE DEFESA CIVIL;2.182;MANUTENÇAO DAS ATIVIDADES DA DEFESA CIVIL;32;BARBACENA RESILIENTE;6;Segurança Pública;182;Defesa Civil;1005;3.3.90.39.00.00.00.00;OUTROS SERVIÇOS DE TERCEIROS - PESSOA JURÍDICA;1.500.000.0000;RECURSOS NÃO VINCULADOS DE IMPOSTOS;3.000,00
PREFEITURA MUNICIPAL DE BARBACENA;33.002;FUNDO MUNICIPAL DE DEFESA CIVIL;2.182;MANUTENÇAO DAS ATIVIDADES DA DEFESA CIVIL;32;BARBACENA RESILIENTE;6;Segurança Pública;182;Defesa Civil;1006;4.4.90.52.00.00.00.00;EQUIPAMENTOS E MATERIAL PERMANENTE;1.500.000.0000;RECURSOS NÃO VINCULADOS DE IMPOSTOS;10.000,00
PREFEITURA MUNICIPAL DE BARBACENA;33.002;FUNDO MUNICIPAL DE DEFESA CIVIL;2.430;GESTÃO DE PREVENÇÃO E REDUÇÃO DO RISCO DE DESASTRES;32;BARBACENA RESILIENTE;6;Segurança Pública;182;Defesa Civil;1007;3.3.90.30.00.00.00.00;MATERIAL DE CONSUMO;1.500.000.0000;RECURSOS NÃO VINCULADOS DE IMPOSTOS;2.000,00
PREFEITURA MUNICIPAL DE BARBACENA;33.002;FUNDO MUNICIPAL DE DEFESA CIVIL;2.430;GESTÃO DE PREVENÇÃO E REDUÇÃO DO RISCO DE DESASTRES;32;BARBACENA RESILIENTE;6;Segurança Pública;182;Defesa Civil;1008;3.3.90.39.00.00.00.00;OUTROS SERVIÇOS DE TERCEIROS - PESSOA JURÍDICA;1.500.000.0000;RECURSOS NÃO VINCULADOS DE IMPOSTOS;2.000,00
PREFEITURA MUNICIPAL DE BARBACENA;33.002;FUNDO MUNICIPAL DE DEFESA CIVIL;2.431;GESTÃO DE RESPOSTA AOS DESASTRES;32;BARBACENA RESILIENTE;6;Segurança Pública;182;Defesa Civil;1009;3.3.90.30.00.00.00.00;MATERIAL DE CONSUMO;1.500.000.0000;RECURSOS NÃO VINCULADOS DE IMPOSTOS;3.000,00
PREFEITURA MUNICIPAL DE BARBACENA;33.002;FUNDO MUNICIPAL DE DEFESA CIVIL;2.431;GESTÃO DE RESPOSTA AOS DESASTRES;32;BARBACENA RESILIENTE;6;Segurança Pública;182;Defesa Civil;1010;3.3.90.39.00.00.00.00;OUTROS SERVIÇOS DE TERCEIROS - PESSOA JURÍDICA;1.500.000.0000;RECURSOS NÃO VINCULADOS DE IMPOSTOS;3.000,00
PREFEITURA MUNICIPAL DE BARBACENA;33.002;FUNDO MUNICIPAL DE DEFESA CIVIL;2.432;GESTÃO DE RECUPERAÇÃO DE DESASTRES;32;BARBACENA RESILIENTE;6;Segurança Pública;182;Defesa Civil;1011;3.3.90.30.00.00.00.00;MATERIAL DE CONSUMO;1.500.000.0000;RECURSOS NÃO VINCULADOS DE IMPOSTOS;5.000,00
PREFEITURA MUNICIPAL DE BARBACENA;33.002;FUNDO MUNICIPAL DE DEFESA CIVIL;2.432;GESTÃO DE RECUPERAÇÃO DE DESASTRES;32;BARBACENA RESILIENTE;6;Segurança Pública;182;Defesa Civil;1012;3.3.90.39.00.00.00.00;OUTROS SERVIÇOS DE TERCEIROS - PESSOA JURÍDICA;1.500.000.0000;RECURSOS NÃO VINCULADOS DE IMPOSTOS;5.000,00
PREFEITURA MUNICIPAL DE BARBACENA;33.003;FUNDO MUNICIPAL DE TRANSPORTES E TRÂNSITO - FMTT;2.156;GESTAO OPERACIONAL DO TRANSITO MUNICIPAL;27;MOBILIDADE URBANA;15;Urbanismo;451;Infra-Estrutura Urbana;1013;3.3.90.30.00.00.00.00;MATERIAL DE CONSUMO;1.752.000.0000;RECURSOS VINCULADOS AO TRÂNSITO;143.494,03
PREFEITURA MUNICIPAL DE BARBACENA;33.003;FUNDO MUNICIPAL DE TRANSPORTES E TRÂNSITO - FMTT;2.156;GESTAO OPERACIONAL DO TRANSITO MUNICIPAL;27;MOBILIDADE URBANA;15;Urbanismo;451;Infra-Estrutura Urbana;1014;3.3.90.39.00.00.00.00;OUTROS SERVIÇOS DE TERCEIROS - PESSOA JURÍDICA;1.752.000.0000;RECURSOS VINCULADOS AO TRÂNSITO;1.297.718,61
PREFEITURA MUNICIPAL DE BARBACENA;33.003;FUNDO MUNICIPAL DE TRANSPORTES E TRÂNSITO - FMTT;2.156;GESTAO OPERACIONAL DO TRANSITO MUNICIPAL;27;MOBILIDADE URBANA;15;Urbanismo;451;Infra-Estrutura Urbana;1015;3.3.90.40.00.00.00.00;SERVIÇOS DE TECNOLOGIA DA INFORMAÇÃO E COMUNICAÇ;1.752.000.0000;RECURSOS VINCULADOS AO TRÂNSITO;731.479,98
PREFEITURA MUNICIPAL DE BARBACENA;33.003;FUNDO MUNICIPAL DE TRANSPORTES E TRÂNSITO - FMTT;2.156;GESTAO OPERACIONAL DO TRANSITO MUNICIPAL;27;MOBILIDADE URBANA;15;Urbanismo;451;Infra-Estrutura Urbana;1016;3.3.90.92.00.00.00.00;DESPESAS DE EXERCÍCIOS ANTERIORES;1.752.000.0000;RECURSOS VINCULADOS AO TRÂNSITO;10.000,00
PREFEITURA MUNICIPAL DE BARBACENA;33.003;FUNDO MUNICIPAL DE TRANSPORTES E TRÂNSITO - FMTT;2.156;GESTAO OPERACIONAL DO TRANSITO MUNICIPAL;27;MOBILIDADE URBANA;15;Urbanismo;451;Infra-Estrutura Urbana;1017;3.3.90.93.00.00.00.00;INDENIZAÇÕES E RESTITUIÇÕES;1.752.000.0000;RECURSOS VINCULADOS AO TRÂNSITO;1.000,00
PREFEITURA MUNICIPAL DE BARBACENA;33.003;FUNDO MUNICIPAL DE TRANSPORTES E TRÂNSITO - FMTT;2.156;GESTAO OPERACIONAL DO TRANSITO MUNICIPAL;27;MOBILIDADE URBANA;15;Urbanismo;451;Infra-Estrutura Urbana;1018;4.4.90.52.00.00.00.00;EQUIPAMENTOS E MATERIAL PERMANENTE;1.752.000.0000;RECURSOS VINCULADOS AO TRÂNSITO;32.104,90
PREFEITURA MUNICIPAL DE BARBACENA;33.003;FUNDO MUNICIPAL DE TRANSPORTES E TRÂNSITO - FMTT;2.673;MANUTENÇÃO DAS ATIVIDADES DE MELHORIA E SEGURANÇA DO TRÂNSITO;27;MOBILIDADE URBANA;15;Urbanismo;451;Infra-Estrutura Urbana;1019;3.3.90.30.00.00.00.00;MATERIAL DE CONSUMO;1.752.000.0000;RECURSOS VINCULADOS AO TRÂNSITO;1.000,00
PREFEITURA MUNICIPAL DE BARBACENA;33.003;FUNDO MUNICIPAL DE TRANSPORTES E TRÂNSITO - FMTT;2.673;MANUTENÇÃO DAS ATIVIDADES DE MELHORIA E SEGURANÇA DO TRÂNSITO;27;MOBILIDADE URBANA;15;Urbanismo;451;Infra-Estrutura Urbana;1020;3.3.90.39.00.00.00.00;OUTROS SERVIÇOS DE TERCEIROS - PESSOA JURÍDICA;1.752.000.0000;RECURSOS VINCULADOS AO TRÂNSITO;10.000,00
PREFEITURA MUNICIPAL DE BARBACENA;33.003;FUNDO MUNICIPAL DE TRANSPORTES E TRÂNSITO - FMTT;2.673;MANUTENÇÃO DAS ATIVIDADES DE MELHORIA E SEGURANÇA DO TRÂNSITO;27;MOBILIDADE URBANA;15;Urbanismo;451;Infra-Estrutura Urbana;1021;4.4.90.51.00.00.00.00;OBRAS E INSTALAÇÕES;1.752.000.0000;RECURSOS VINCULADOS AO TRÂNSITO;20.000,00
PREFEITURA MUNICIPAL DE BARBACENA;33.003;FUNDO MUNICIPAL DE TRANSPORTES E TRÂNSITO - FMTT;2.673;MANUTENÇÃO DAS ATIVIDADES DE MELHORIA E SEGURANÇA DO TRÂNSITO;27;MOBILIDADE URBANA;15;Urbanismo;451;Infra-Estrutura Urbana;1022;4.4.90.52.00.00.00.00;EQUIPAMENTOS E MATERIAL PERMANENTE;1.752.000.0000;RECURSOS VINCULADOS AO TRÂNSITO;10.000,00
PREFEITURA MUNICIPAL DE BARBACENA;34.001;SECULT;2.277;MANUTENÇÃO DA SECULT;11;APOIO A ADMINISTRAÇAO PUBLICA;13;Cultura;122;Administração Geral;1023;3.3.90.14.00.00.00.00;DIÁRIAS - PESSOAL CIVIL;1.500.000.0000;RECURSOS NÃO VINCULADOS DE IMPOSTOS;14.064,79
PREFEITURA MUNICIPAL DE BARBACENA;34.001;SECULT;2.277;MANUTENÇÃO DA SECULT;11;APOIO A ADMINISTRAÇAO PUBLICA;13;Cultura;122;Administração Geral;1024;3.3.90.30.00.00.00.00;MATERIAL DE CONSUMO;1.500.000.0000;RECURSOS NÃO VINCULADOS DE IMPOSTOS;0,00
PREFEITURA MUNICIPAL DE BARBACENA;34.001;SECULT;2.277;MANUTENÇÃO DA SECULT;11;APOIO A ADMINISTRAÇAO PUBLICA;13;Cultura;122;Administração Geral;1025;3.3.90.33.00.00.00.00;PASSAGENS E DESPESAS COM LOCOMOÇÃO;1.500.000.0000;RECURSOS NÃO VINCULADOS DE IMPOSTOS;500,00
PREFEITURA MUNICIPAL DE BARBACENA;34.001;SECULT;2.277;MANUTENÇÃO DA SECULT;11;APOIO A ADMINISTRAÇAO PUBLICA;13;Cultura;122;Administração Geral;1026;3.3.90.35.00.00.00.00;SERVIÇOS DE CONSULTORIA;1.500.000.0000;RECURSOS NÃO VINCULADOS DE IMPOSTOS;500,00
PREFEITURA MUNICIPAL DE BARBACENA;34.001;SECULT;2.277;MANUTENÇÃO DA SECULT;11;APOIO A ADMINISTRAÇAO PUBLICA;13;Cultura;122;Administração Geral;1027;3.3.90.36.00.00.00.00;OUTROS SERVIÇOS DE TERCEIROS - PESSOA FÍSICA;1.500.000.0000;RECURSOS NÃO VINCULADOS DE IMPOSTOS;5.000,00
PREFEITURA MUNICIPAL DE BARBACENA;34.001;SECULT;2.277;MANUTENÇÃO DA SECULT;11;APOIO A ADMINISTRAÇAO PUBLICA;13;Cultura;122;Administração Geral;1028;3.3.90.39.00.00.00.00;OUTROS SERVIÇOS DE TERCEIROS - PESSOA JURÍDICA;1.500.000.0000;RECURSOS NÃO VINCULADOS DE IMPOSTOS;34.001,78
PREFEITURA MUNICIPAL DE BARBACENA;34.001;SECULT;2.277;MANUTENÇÃO DA SECULT;11;APOIO A ADMINISTRAÇAO PUBLICA;13;Cultura;122;Administração Geral;1029;3.3.90.40.00.00.00.00;SERVIÇOS DE TECNOLOGIA DA INFORMAÇÃO E COMUNICAÇ;1.500.000.0000;RECURSOS NÃO VINCULADOS DE IMPOSTOS;3.000,00
PREFEITURA MUNICIPAL DE BARBACENA;34.001;SECULT;2.277;MANUTENÇÃO DA SECULT;11;APOIO A ADMINISTRAÇAO PUBLICA;13;Cultura;122;Administração Geral;1030;3.3.90.47.00.00.00.00;OBRIGAÇÕES TRIBUTÁRIAS E CONTRIBUTIVAS;1.500.000.0000;RECURSOS NÃO VINCULADOS DE IMPOSTOS;500,00
PREFEITURA MUNICIPAL DE BARBACENA;34.001;SECULT;2.277;MANUTENÇÃO DA SECULT;11;APOIO A ADMINISTRAÇAO PUBLICA;13;Cultura;122;Administração Geral;1031;3.3.90.48.00.00.00.00;OUTROS AUXÍLIOS FINANCEIROS A PESSOAS FÍSICAS;1.500.000.0000;RECURSOS NÃO VINCULADOS DE IMPOSTOS;500,00
PREFEITURA MUNICIPAL DE BARBACENA;34.001;SECULT;2.277;MANUTENÇÃO DA SECULT;11;APOIO A ADMINISTRAÇAO PUBLICA;13;Cultura;122;Administração Geral;1032;3.3.90.49.00.00.00.00;AUXÍLIO-TRANSPORTE;1.500.000.0000;RECURSOS NÃO VINCULADOS DE IMPOSTOS;500,00
PREFEITURA MUNICIPAL DE BARBACENA;34.001;SECULT;2.277;MANUTENÇÃO DA SECULT;11;APOIO A ADMINISTRAÇAO PUBLICA;13;Cultura;122;Administração Geral;1033;3.3.90.93.00.00.00.00;INDENIZAÇÕES E RESTITUIÇÕES;1.500.000.0000;RECURSOS NÃO VINCULADOS DE IMPOSTOS;500,00
PREFEITURA MUNICIPAL DE BARBACENA;34.001;SECULT;2.277;MANUTENÇÃO DA SECULT;11;APOIO A ADMINISTRAÇAO PUBLICA;13;Cultura;122;Administração Geral;1034;4.4.90.52.00.00.00.00;EQUIPAMENTOS E MATERIAL PERMANENTE;1.500.000.0000;RECURSOS NÃO VINCULADOS DE IMPOSTOS;2.000,00
PREFEITURA MUNICIPAL DE BARBACENA;34.001;SECULT;2.277;MANUTENÇÃO DA SECULT;11;APOIO A ADMINISTRAÇAO PUBLICA;13;Cultura;122;Administração Geral;1203;3.3.67.83.00.00.00.00;DESPESAS DECORRENTES DE CONTRATO DE PARCERIA PÚB.;1.500.000.0000;RECURSOS NÃO VINCULADOS DE IMPOSTOS;197.917,56
PREFEITURA MUNICIPAL DE BARBACENA;34.001;SECULT;2.278;PESSOAL E ENCARGOS SOCIAIS DA SECULT;11;APOIO A ADMINISTRAÇAO PUBLICA;13;Cultura;122;Administração Geral;1035;3.1.90.04.00.00.00.00;CONTRATAÇÃO POR TEMPO DETERMINADO;1.500.000.0000;RECURSOS NÃO VINCULADOS DE IMPOSTOS;123.624,46
PREFEITURA MUNICIPAL DE BARBACENA;34.001;SECULT;2.278;PESSOAL E ENCARGOS SOCIAIS DA SECULT;11;APOIO A ADMINISTRAÇAO PUBLICA;13;Cultura;122;Administração Geral;1036;3.1.90.11.00.00.00.00;VENCIMENTOS E VANTAGENS FIXAS - PESSOAL CIVIL;1.500.000.0000;RECURSOS NÃO VINCULADOS DE IMPOSTOS;744.141,72
PREFEITURA MUNICIPAL DE BARBACENA;34.001;SECULT;2.278;PESSOAL E ENCARGOS SOCIAIS DA SECULT;11;APOIO A ADMINISTRAÇAO PUBLICA;13;Cultura;122;Administração Geral;1037;3.1.90.13.00.00.00.00;OBRIGAÇÕES PATRONAIS;1.500.000.0000;RECURSOS NÃO VINCULADOS DE IMPOSTOS;77.610,21
PREFEITURA MUNICIPAL DE BARBACENA;34.001;SECULT;2.278;PESSOAL E ENCARGOS SOCIAIS DA SECULT;11;APOIO A ADMINISTRAÇAO PUBLICA;13;Cultura;122;Administração Geral;1038;3.1.90.16.00.00.00.00;OUTRAS DESPESAS VARIÁVEIS - PESSOAL CIVIL;1.500.000.0000;RECURSOS NÃO VINCULADOS DE IMPOSTOS;500,00
PREFEITURA MUNICIPAL DE BARBACENA;34.001;SECULT;2.278;PESSOAL E ENCARGOS SOCIAIS DA SECULT;11;APOIO A ADMINISTRAÇAO PUBLICA;13;Cultura;122;Administração Geral;1039;3.1.90.92.00.00.00.00;DESPESAS DE EXERCÍCIOS ANTERIORES;1.500.000.0000;RECURSOS NÃO VINCULADOS DE IMPOSTOS;500,00
PREFEITURA MUNICIPAL DE BARBACENA;34.001;SECULT;2.278;PESSOAL E ENCARGOS SOCIAIS DA SECULT;11;APOIO A ADMINISTRAÇAO PUBLICA;13;Cultura;122;Administração Geral;1040;3.1.90.94.00.00.00.00;INDENIZAÇÕES E RESTITUIÇÕES TRABALHISTAS;1.500.000.0000;RECURSOS NÃO VINCULADOS DE IMPOSTOS;500,00
PREFEITURA MUNICIPAL DE BARBACENA;34.001;SECULT;2.278;PESSOAL E ENCARGOS SOCIAIS DA SECULT;11;APOIO A ADMINISTRAÇAO PUBLICA;13;Cultura;122;Administração Geral;1041;3.1.91.13.00.00.00.00;OBRIGAÇÕES PATRONAIS;1.500.000.0000;RECURSOS NÃO VINCULADOS DE IMPOSTOS;53.016,31
PREFEITURA MUNICIPAL DE BARBACENA;34.001;SECULT;2.278;PESSOAL E ENCARGOS SOCIAIS DA SECULT;11;APOIO A ADMINISTRAÇAO PUBLICA;13;Cultura;122;Administração Geral;1042;3.1.91.92.00.00.00.00;DESPESAS DE EXERCÍCIOS ANTERIORES;1.500.000.0000;RECURSOS NÃO VINCULADOS DE IMPOSTOS;500,00
PREFEITURA MUNICIPAL DE BARBACENA;34.001;SECULT;2.278;PESSOAL E ENCARGOS SOCIAIS DA SECULT;11;APOIO A ADMINISTRAÇAO PUBLICA;13;Cultura;122;Administração Geral;1043;3.3.90.08.00.00.00.00;OUTROS BENEFÍCIOS ASSISTENCIAIS-SERVIDOR/MILITAR;1.500.000.0000;RECURSOS NÃO VINCULADOS DE IMPOSTOS;2.119,89
PREFEITURA MUNICIPAL DE BARBACENA;34.001;SECULT;2.278;PESSOAL E ENCARGOS SOCIAIS DA SECULT;11;APOIO A ADMINISTRAÇAO PUBLICA;13;Cultura;122;Administração Geral;1044;3.3.90.18.00.00.00.00;AUXÍLIO FINANCEIRO A ESTUDANTES;1.500.000.0000;RECURSOS NÃO VINCULADOS DE IMPOSTOS;2.000,00
PREFEITURA MUNICIPAL DE BARBACENA;34.001;SECULT;2.278;PESSOAL E ENCARGOS SOCIAIS DA SECULT;11;APOIO A ADMINISTRAÇAO PUBLICA;13;Cultura;122;Administração Geral;1045;3.3.90.46.00.00.00.00;AUXÍLIO-ALIMENTAÇÃO;1.500.000.0000;RECURSOS NÃO VINCULADOS DE IMPOSTOS;88.720,00
PREFEITURA MUNICIPAL DE BARBACENA;34.001;SECULT;2.529;APOIO A ACADEMIA BARBACENENSE DE CIENCIAS JURIDICAS;11;APOIO A ADMINISTRAÇAO PUBLICA;13;Cultura;122;Administração Geral;1046;3.3.50.41.00.00.00.00;CONTRIBUIÇÕES;1.501.000.0000;OUTROS RECURSOS NÃO VINCULADOS;0,00
PREFEITURA MUNICIPAL DE BARBACENA;34.001;SECULT;2.529;APOIO A ACADEMIA BARBACENENSE DE CIENCIAS JURIDICAS;11;APOIO A ADMINISTRAÇAO PUBLICA;13;Cultura;122;Administração Geral;1046;3.3.50.41.00.00.00.00;CONTRIBUIÇÕES;1.501.501.0000;OUTROS RECURSOS NÃO VINCULADOS - EMENDAS AMARILIO ANDRADE;12.500,00
PREFEITURA MUNICIPAL DE BARBACENA;34.001;SECULT;2.529;APOIO A ACADEMIA BARBACENENSE DE CIENCIAS JURIDICAS;11;APOIO A ADMINISTRAÇAO PUBLICA;13;Cultura;122;Administração Geral;1046;3.3.50.41.00.00.00.00;CONTRIBUIÇÕES;1.501.509.0000;OUTROS RECURSOS NÃO VINCULADOS - EMENDAS DONIZETE MEDEIROS;7.500,00
PREFEITURA MUNICIPAL DE BARBACENA;34.001;SECULT;2.529;APOIO A ACADEMIA BARBACENENSE DE CIENCIAS JURIDICAS;11;APOIO A ADMINISTRAÇAO PUBLICA;13;Cultura;122;Administração Geral;1047;4.4.50.41.00.00.00.00;CONTRIBUIÇÕES;1.501.000.0000;OUTROS RECURSOS NÃO VINCULADOS;0,00
PREFEITURA MUNICIPAL DE BARBACENA;34.001;SECULT;2.529;APOIO A ACADEMIA BARBACENENSE DE CIENCIAS JURIDICAS;11;APOIO A ADMINISTRAÇAO PUBLICA;13;Cultura;122;Administração Geral;1047;4.4.50.41.00.00.00.00;CONTRIBUIÇÕES;1.501.501.0000;OUTROS RECURSOS NÃO VINCULADOS - EMENDAS AMARILIO ANDRADE;12.500,00
PREFEITURA MUNICIPAL DE BARBACENA;34.001;SECULT;2.529;APOIO A ACADEMIA BARBACENENSE DE CIENCIAS JURIDICAS;11;APOIO A ADMINISTRAÇAO PUBLICA;13;Cultura;122;Administração Geral;1047;4.4.50.41.00.00.00.00;CONTRIBUIÇÕES;1.501.509.0000;OUTROS RECURSOS NÃO VINCULADOS - EMENDAS DONIZETE MEDEIROS;7.500,00
PREFEITURA MUNICIPAL DE BARBACENA;34.001;SECULT;2.532;APOIO A ACADEMIA BARBACENENSE DE LETRAS;11;APOIO A ADMINISTRAÇAO PUBLICA;13;Cultura;122;Administração Geral;1048;3.3.50.41.00.00.00.00;CONTRIBUIÇÕES;1.501.000.0000;OUTROS RECURSOS NÃO VINCULADOS;0,00
PREFEITURA MUNICIPAL DE BARBACENA;34.001;SECULT;2.532;APOIO A ACADEMIA BARBACENENSE DE LETRAS;11;APOIO A ADMINISTRAÇAO PUBLICA;13;Cultura;122;Administração Geral;1048;3.3.50.41.00.00.00.00;CONTRIBUIÇÕES;1.501.501.0000;OUTROS RECURSOS NÃO VINCULADOS - EMENDAS AMARILIO ANDRADE;12.500,00
PREFEITURA MUNICIPAL DE BARBACENA;34.001;SECULT;2.532;APOIO A ACADEMIA BARBACENENSE DE LETRAS;11;APOIO A ADMINISTRAÇAO PUBLICA;13;Cultura;122;Administração Geral;1049;4.4.50.41.00.00.00.00;CONTRIBUIÇÕES;1.501.000.0000;OUTROS RECURSOS NÃO VINCULADOS;0,00
PREFEITURA MUNICIPAL DE BARBACENA;34.001;SECULT;2.532;APOIO A ACADEMIA BARBACENENSE DE LETRAS;11;APOIO A ADMINISTRAÇAO PUBLICA;13;Cultura;122;Administração Geral;1049;4.4.50.41.00.00.00.00;CONTRIBUIÇÕES;1.501.501.0000;OUTROS RECURSOS NÃO VINCULADOS - EMENDAS AMARILIO ANDRADE;12.500,00
PREFEITURA MUNICIPAL DE BARBACENA;34.002;FUNDO MUNICIPAL DE CULTURA;2.071;MANUTENÇÃO DA BIBLIOTECA PÚBLICA MUNICIPAL E DEMAIS APARELHOS CULTURAIS;62;VALORIZAÇÃO E AMPLITUDE CULTURAL;13;Cultura;392;Difusão Cultural;1050;3.1.90.04.00.00.00.00;CONTRATAÇÃO POR TEMPO DETERMINADO;1.500.000.0000;RECURSOS NÃO VINCULADOS DE IMPOSTOS;53.679,92
PREFEITURA MUNICIPAL DE BARBACENA;34.002;FUNDO MUNICIPAL DE CULTURA;2.071;MANUTENÇÃO DA BIBLIOTECA PÚBLICA MUNICIPAL E DEMAIS APARELHOS CULTURAIS;62;VALORIZAÇÃO E AMPLITUDE CULTURAL;13;Cultura;392;Difusão Cultural;1051;3.1.90.11.00.00.00.00;VENCIMENTOS E VANTAGENS FIXAS - PESSOAL CIVIL;1.500.000.0000;RECURSOS NÃO VINCULADOS DE IMPOSTOS;100.618,33
PREFEITURA MUNICIPAL DE BARBACENA;34.002;FUNDO MUNICIPAL DE CULTURA;2.071;MANUTENÇÃO DA BIBLIOTECA PÚBLICA MUNICIPAL E DEMAIS APARELHOS CULTURAIS;62;VALORIZAÇÃO E AMPLITUDE CULTURAL;13;Cultura;392;Difusão Cultural;1052;3.1.90.13.00.00.00.00;OBRIGAÇÕES PATRONAIS;1.500.000.0000;RECURSOS NÃO VINCULADOS DE IMPOSTOS;6.687,28
PREFEITURA MUNICIPAL DE BARBACENA;34.002;FUNDO MUNICIPAL DE CULTURA;2.071;MANUTENÇÃO DA BIBLIOTECA PÚBLICA MUNICIPAL E DEMAIS APARELHOS CULTURAIS;62;VALORIZAÇÃO E AMPLITUDE CULTURAL;13;Cultura;392;Difusão Cultural;1053;3.1.91.13.00.00.00.00;OBRIGAÇÕES PATRONAIS;1.500.000.0000;RECURSOS NÃO VINCULADOS DE IMPOSTOS;15.377,00
PREFEITURA MUNICIPAL DE BARBACENA;34.002;FUNDO MUNICIPAL DE CULTURA;2.071;MANUTENÇÃO DA BIBLIOTECA PÚBLICA MUNICIPAL E DEMAIS APARELHOS CULTURAIS;62;VALORIZAÇÃO E AMPLITUDE CULTURAL;13;Cultura;392;Difusão Cultural;1054;3.3.90.08.00.00.00.00;OUTROS BENEFÍCIOS ASSISTENCIAIS-SERVIDOR/MILITAR;1.500.000.0000;RECURSOS NÃO VINCULADOS DE IMPOSTOS;162,10
PREFEITURA MUNICIPAL DE BARBACENA;34.002;FUNDO MUNICIPAL DE CULTURA;2.071;MANUTENÇÃO DA BIBLIOTECA PÚBLICA MUNICIPAL E DEMAIS APARELHOS CULTURAIS;62;VALORIZAÇÃO E AMPLITUDE CULTURAL;13;Cultura;392;Difusão Cultural;1055;3.3.90.14.00.00.00.00;DIÁRIAS - PESSOAL CIVIL;1.500.000.0000;RECURSOS NÃO VINCULADOS DE IMPOSTOS;0,00
PREFEITURA MUNICIPAL DE BARBACENA;34.002;FUNDO MUNICIPAL DE CULTURA;2.071;MANUTENÇÃO DA BIBLIOTECA PÚBLICA MUNICIPAL E DEMAIS APARELHOS CULTURAIS;62;VALORIZAÇÃO E AMPLITUDE CULTURAL;13;Cultura;392;Difusão Cultural;1056;3.3.90.18.00.00.00.00;AUXÍLIO FINANCEIRO A ESTUDANTES;1.500.000.0000;RECURSOS NÃO VINCULADOS DE IMPOSTOS;1.000,00
PREFEITURA MUNICIPAL DE BARBACENA;34.002;FUNDO MUNICIPAL DE CULTURA;2.071;MANUTENÇÃO DA BIBLIOTECA PÚBLICA MUNICIPAL E DEMAIS APARELHOS CULTURAIS;62;VALORIZAÇÃO E AMPLITUDE CULTURAL;13;Cultura;392;Difusão Cultural;1057;3.3.90.30.00.00.00.00;MATERIAL DE CONSUMO;1.500.000.0000;RECURSOS NÃO VINCULADOS DE IMPOSTOS;0,00
PREFEITURA MUNICIPAL DE BARBACENA;34.002;FUNDO MUNICIPAL DE CULTURA;2.071;MANUTENÇÃO DA BIBLIOTECA PÚBLICA MUNICIPAL E DEMAIS APARELHOS CULTURAIS;62;VALORIZAÇÃO E AMPLITUDE CULTURAL;13;Cultura;392;Difusão Cultural;1057;3.3.90.30.00.00.00.00;MATERIAL DE CONSUMO;1.700.000.0000;OUTRAS TRANSFERÊNCIAS DE CONVÊNIOS OU INSTRUMENTOS CONGÊNERES DA UNIÃO;5.000,00
PREFEITURA MUNICIPAL DE BARBACENA;34.002;FUNDO MUNICIPAL DE CULTURA;2.071;MANUTENÇÃO DA BIBLIOTECA PÚBLICA MUNICIPAL E DEMAIS APARELHOS CULTURAIS;62;VALORIZAÇÃO E AMPLITUDE CULTURAL;13;Cultura;392;Difusão Cultural;1058;3.3.90.33.00.00.00.00;PASSAGENS E DESPESAS COM LOCOMOÇÃO;1.500.000.0000;RECURSOS NÃO VINCULADOS DE IMPOSTOS;0,00
PREFEITURA MUNICIPAL DE BARBACENA;34.002;FUNDO MUNICIPAL DE CULTURA;2.071;MANUTENÇÃO DA BIBLIOTECA PÚBLICA MUNICIPAL E DEMAIS APARELHOS CULTURAIS;62;VALORIZAÇÃO E AMPLITUDE CULTURAL;13;Cultura;392;Difusão Cultural;1059;3.3.90.36.00.00.00.00;OUTROS SERVIÇOS DE TERCEIROS - PESSOA FÍSICA;1.500.000.0000;RECURSOS NÃO VINCULADOS DE IMPOSTOS;0,00
PREFEITURA MUNICIPAL DE BARBACENA;34.002;FUNDO MUNICIPAL DE CULTURA;2.071;MANUTENÇÃO DA BIBLIOTECA PÚBLICA MUNICIPAL E DEMAIS APARELHOS CULTURAIS;62;VALORIZAÇÃO E AMPLITUDE CULTURAL;13;Cultura;392;Difusão Cultural;1060;3.3.90.39.00.00.00.00;OUTROS SERVIÇOS DE TERCEIROS - PESSOA JURÍDICA;1.500.000.0000;RECURSOS NÃO VINCULADOS DE IMPOSTOS;13.042,44
PREFEITURA MUNICIPAL DE BARBACENA;34.002;FUNDO MUNICIPAL DE CULTURA;2.071;MANUTENÇÃO DA BIBLIOTECA PÚBLICA MUNICIPAL E DEMAIS APARELHOS CULTURAIS;62;VALORIZAÇÃO E AMPLITUDE CULTURAL;13;Cultura;392;Difusão Cultural;1060;3.3.90.39.00.00.00.00;OUTROS SERVIÇOS DE TERCEIROS - PESSOA JURÍDICA;1.700.000.0000;OUTRAS TRANSFERÊNCIAS DE CONVÊNIOS OU INSTRUMENTOS CONGÊNERES DA UNIÃO;5.000,00
PREFEITURA MUNICIPAL DE BARBACENA;34.002;FUNDO MUNICIPAL DE CULTURA;2.071;MANUTENÇÃO DA BIBLIOTECA PÚBLICA MUNICIPAL E DEMAIS APARELHOS CULTURAIS;62;VALORIZAÇÃO E AMPLITUDE CULTURAL;13;Cultura;392;Difusão Cultural;1060;3.3.90.39.00.00.00.00;OUTROS SERVIÇOS DE TERCEIROS - PESSOA JURÍDICA;1.753.000.0000;RECURSOS PROVENIENTES DE TAXAS, CONTRIBUIÇÕES E PREÇOS PÚBLICOS;5.000,00
PREFEITURA MUNICIPAL DE BARBACENA;34.002;FUNDO MUNICIPAL DE CULTURA;2.071;MANUTENÇÃO DA BIBLIOTECA PÚBLICA MUNICIPAL E DEMAIS APARELHOS CULTURAIS;62;VALORIZAÇÃO E AMPLITUDE CULTURAL;13;Cultura;392;Difusão Cultural;1061;3.3.90.40.00.00.00.00;SERVIÇOS DE TECNOLOGIA DA INFORMAÇÃO E COMUNICAÇ;1.500.000.0000;RECURSOS NÃO VINCULADOS DE IMPOSTOS;0,00
PREFEITURA MUNICIPAL DE BARBACENA;34.002;FUNDO MUNICIPAL DE CULTURA;2.071;MANUTENÇÃO DA BIBLIOTECA PÚBLICA MUNICIPAL E DEMAIS APARELHOS CULTURAIS;62;VALORIZAÇÃO E AMPLITUDE CULTURAL;13;Cultura;392;Difusão Cultural;1062;3.3.90.46.00.00.00.00;AUXÍLIO-ALIMENTAÇÃO;1.500.000.0000;RECURSOS NÃO VINCULADOS DE IMPOSTOS;37.800,00
PREFEITURA MUNICIPAL DE BARBACENA;34.002;FUNDO MUNICIPAL DE CULTURA;2.071;MANUTENÇÃO DA BIBLIOTECA PÚBLICA MUNICIPAL E DEMAIS APARELHOS CULTURAIS;62;VALORIZAÇÃO E AMPLITUDE CULTURAL;13;Cultura;392;Difusão Cultural;1063;3.3.90.93.00.00.00.00;INDENIZAÇÕES E RESTITUIÇÕES;1.700.000.0000;OUTRAS TRANSFERÊNCIAS DE CONVÊNIOS OU INSTRUMENTOS CONGÊNERES DA UNIÃO;1.000,00
PREFEITURA MUNICIPAL DE BARBACENA;34.002;FUNDO MUNICIPAL DE CULTURA;2.071;MANUTENÇÃO DA BIBLIOTECA PÚBLICA MUNICIPAL E DEMAIS APARELHOS CULTURAIS;62;VALORIZAÇÃO E AMPLITUDE CULTURAL;13;Cultura;392;Difusão Cultural;1064;4.4.90.52.00.00.00.00;EQUIPAMENTOS E MATERIAL PERMANENTE;1.500.000.0000;RECURSOS NÃO VINCULADOS DE IMPOSTOS;0,00
PREFEITURA MUNICIPAL DE BARBACENA;34.002;FUNDO MUNICIPAL DE CULTURA;2.071;MANUTENÇÃO DA BIBLIOTECA PÚBLICA MUNICIPAL E DEMAIS APARELHOS CULTURAIS;62;VALORIZAÇÃO E AMPLITUDE CULTURAL;13;Cultura;392;Difusão Cultural;1064;4.4.90.52.00.00.00.00;EQUIPAMENTOS E MATERIAL PERMANENTE;1.700.000.0000;OUTRAS TRANSFERÊNCIAS DE CONVÊNIOS OU INSTRUMENTOS CONGÊNERES DA UNIÃO;31.000,00
PREFEITURA MUNICIPAL DE BARBACENA;34.002;FUNDO MUNICIPAL DE CULTURA;2.071;MANUTENÇÃO DA BIBLIOTECA PÚBLICA MUNICIPAL E DEMAIS APARELHOS CULTURAIS;62;VALORIZAÇÃO E AMPLITUDE CULTURAL;13;Cultura;392;Difusão Cultural;1064;4.4.90.52.00.00.00.00;EQUIPAMENTOS E MATERIAL PERMANENTE;1.753.000.0000;RECURSOS PROVENIENTES DE TAXAS, CONTRIBUIÇÕES E PREÇOS PÚBLICOS;1.000,00
PREFEITURA MUNICIPAL DE BARBACENA;34.002;FUNDO MUNICIPAL DE CULTURA;2.072;MANUTENÇAO DE MUSEUS;62;VALORIZAÇÃO E AMPLITUDE CULTURAL;13;Cultura;392;Difusão Cultural;1065;3.1.90.04.00.00.00.00;CONTRATAÇÃO POR TEMPO DETERMINADO;1.500.000.0000;RECURSOS NÃO VINCULADOS DE IMPOSTOS;4.000,00
PREFEITURA MUNICIPAL DE BARBACENA;34.002;FUNDO MUNICIPAL DE CULTURA;2.072;MANUTENÇAO DE MUSEUS;62;VALORIZAÇÃO E AMPLITUDE CULTURAL;13;Cultura;392;Difusão Cultural;1066;3.1.90.11.00.00.00.00;VENCIMENTOS E VANTAGENS FIXAS - PESSOAL CIVIL;1.500.000.0000;RECURSOS NÃO VINCULADOS DE IMPOSTOS;60.834,61
PREFEITURA MUNICIPAL DE BARBACENA;34.002;FUNDO MUNICIPAL DE CULTURA;2.072;MANUTENÇAO DE MUSEUS;62;VALORIZAÇÃO E AMPLITUDE CULTURAL;13;Cultura;392;Difusão Cultural;1067;3.1.90.13.00.00.00.00;OBRIGAÇÕES PATRONAIS;1.500.000.0000;RECURSOS NÃO VINCULADOS DE IMPOSTOS;5.015,39
PREFEITURA MUNICIPAL DE BARBACENA;34.002;FUNDO MUNICIPAL DE CULTURA;2.072;MANUTENÇAO DE MUSEUS;62;VALORIZAÇÃO E AMPLITUDE CULTURAL;13;Cultura;392;Difusão Cultural;1068;3.1.91.13.00.00.00.00;OBRIGAÇÕES PATRONAIS;1.500.000.0000;RECURSOS NÃO VINCULADOS DE IMPOSTOS;7.419,60
PREFEITURA MUNICIPAL DE BARBACENA;34.002;FUNDO MUNICIPAL DE CULTURA;2.072;MANUTENÇAO DE MUSEUS;62;VALORIZAÇÃO E AMPLITUDE CULTURAL;13;Cultura;392;Difusão Cultural;1069;3.3.90.08.00.00.00.00;OUTROS BENEFÍCIOS ASSISTENCIAIS-SERVIDOR/MILITAR;1.500.000.0000;RECURSOS NÃO VINCULADOS DE IMPOSTOS;0,00
PREFEITURA MUNICIPAL DE BARBACENA;34.002;FUNDO MUNICIPAL DE CULTURA;2.072;MANUTENÇAO DE MUSEUS;62;VALORIZAÇÃO E AMPLITUDE CULTURAL;13;Cultura;392;Difusão Cultural;1070;3.3.90.14.00.00.00.00;DIÁRIAS - PESSOAL CIVIL;1.500.000.0000;RECURSOS NÃO VINCULADOS DE IMPOSTOS;0,00
PREFEITURA MUNICIPAL DE BARBACENA;34.002;FUNDO MUNICIPAL DE CULTURA;2.072;MANUTENÇAO DE MUSEUS;62;VALORIZAÇÃO E AMPLITUDE CULTURAL;13;Cultura;392;Difusão Cultural;1071;3.3.90.18.00.00.00.00;AUXÍLIO FINANCEIRO A ESTUDANTES;1.500.000.0000;RECURSOS NÃO VINCULADOS DE IMPOSTOS;1.000,00
PREFEITURA MUNICIPAL DE BARBACENA;34.002;FUNDO MUNICIPAL DE CULTURA;2.072;MANUTENÇAO DE MUSEUS;62;VALORIZAÇÃO E AMPLITUDE CULTURAL;13;Cultura;392;Difusão Cultural;1072;3.3.90.30.00.00.00.00;MATERIAL DE CONSUMO;1.500.000.0000;RECURSOS NÃO VINCULADOS DE IMPOSTOS;0,00
PREFEITURA MUNICIPAL DE BARBACENA;34.002;FUNDO MUNICIPAL DE CULTURA;2.072;MANUTENÇAO DE MUSEUS;62;VALORIZAÇÃO E AMPLITUDE CULTURAL;13;Cultura;392;Difusão Cultural;1072;3.3.90.30.00.00.00.00;MATERIAL DE CONSUMO;1.700.000.0000;OUTRAS TRANSFERÊNCIAS DE CONVÊNIOS OU INSTRUMENTOS CONGÊNERES DA UNIÃO;4.500,00
PREFEITURA MUNICIPAL DE BARBACENA;34.002;FUNDO MUNICIPAL DE CULTURA;2.072;MANUTENÇAO DE MUSEUS;62;VALORIZAÇÃO E AMPLITUDE CULTURAL;13;Cultura;392;Difusão Cultural;1073;3.3.90.36.00.00.00.00;OUTROS SERVIÇOS DE TERCEIROS - PESSOA FÍSICA;1.500.000.0000;RECURSOS NÃO VINCULADOS DE IMPOSTOS;0,00
PREFEITURA MUNICIPAL DE BARBACENA;34.002;FUNDO MUNICIPAL DE CULTURA;2.072;MANUTENÇAO DE MUSEUS;62;VALORIZAÇÃO E AMPLITUDE CULTURAL;13;Cultura;392;Difusão Cultural;1074;3.3.90.39.00.00.00.00;OUTROS SERVIÇOS DE TERCEIROS - PESSOA JURÍDICA;1.500.000.0000;RECURSOS NÃO VINCULADOS DE IMPOSTOS;247.572,16
PREFEITURA MUNICIPAL DE BARBACENA;34.002;FUNDO MUNICIPAL DE CULTURA;2.072;MANUTENÇAO DE MUSEUS;62;VALORIZAÇÃO E AMPLITUDE CULTURAL;13;Cultura;392;Difusão Cultural;1074;3.3.90.39.00.00.00.00;OUTROS SERVIÇOS DE TERCEIROS - PESSOA JURÍDICA;1.700.000.0000;OUTRAS TRANSFERÊNCIAS DE CONVÊNIOS OU INSTRUMENTOS CONGÊNERES DA UNIÃO;3.000,00
PREFEITURA MUNICIPAL DE BARBACENA;34.002;FUNDO MUNICIPAL DE CULTURA;2.072;MANUTENÇAO DE MUSEUS;62;VALORIZAÇÃO E AMPLITUDE CULTURAL;13;Cultura;392;Difusão Cultural;1075;3.3.90.46.00.00.00.00;AUXÍLIO-ALIMENTAÇÃO;1.500.000.0000;RECURSOS NÃO VINCULADOS DE IMPOSTOS;15.038,95
PREFEITURA MUNICIPAL DE BARBACENA;34.002;FUNDO MUNICIPAL DE CULTURA;2.072;MANUTENÇAO DE MUSEUS;62;VALORIZAÇÃO E AMPLITUDE CULTURAL;13;Cultura;392;Difusão Cultural;1076;3.3.90.93.00.00.00.00;INDENIZAÇÕES E RESTITUIÇÕES;1.700.000.0000;OUTRAS TRANSFERÊNCIAS DE CONVÊNIOS OU INSTRUMENTOS CONGÊNERES DA UNIÃO;3.000,00
PREFEITURA MUNICIPAL DE BARBACENA;34.002;FUNDO MUNICIPAL DE CULTURA;2.072;MANUTENÇAO DE MUSEUS;62;VALORIZAÇÃO E AMPLITUDE CULTURAL;13;Cultura;392;Difusão Cultural;1077;4.4.90.51.00.00.00.00;OBRAS E INSTALAÇÕES;1.500.000.0000;RECURSOS NÃO VINCULADOS DE IMPOSTOS;0,00
PREFEITURA MUNICIPAL DE BARBACENA;34.002;FUNDO MUNICIPAL DE CULTURA;2.072;MANUTENÇAO DE MUSEUS;62;VALORIZAÇÃO E AMPLITUDE CULTURAL;13;Cultura;392;Difusão Cultural;1078;4.4.90.52.00.00.00.00;EQUIPAMENTOS E MATERIAL PERMANENTE;1.500.000.0000;RECURSOS NÃO VINCULADOS DE IMPOSTOS;0,00
PREFEITURA MUNICIPAL DE BARBACENA;34.002;FUNDO MUNICIPAL DE CULTURA;2.072;MANUTENÇAO DE MUSEUS;62;VALORIZAÇÃO E AMPLITUDE CULTURAL;13;Cultura;392;Difusão Cultural;1078;4.4.90.52.00.00.00.00;EQUIPAMENTOS E MATERIAL PERMANENTE;1.700.000.0000;OUTRAS TRANSFERÊNCIAS DE CONVÊNIOS OU INSTRUMENTOS CONGÊNERES DA UNIÃO;7.000,00
PREFEITURA MUNICIPAL DE BARBACENA;34.002;FUNDO MUNICIPAL DE CULTURA;2.344;REALIZAÇÃO DE AÇÕES DA POLÍTICA NACIONAL ALDIR BLANC DE FOMENTO À CULTURA;62;VALORIZAÇÃO E AMPLITUDE CULTURAL;13;Cultura;392;Difusão Cultural;1079;3.3.50.41.00.00.00.00;CONTRIBUIÇÕES;1.719.000.0000;TRANSFERÊNCIAS DA POLÍTICA NACIONAL ALDIR BLANC DE FOMENTO À CULTURA - LEI Nº 14.399/202;14.999,99
PREFEITURA MUNICIPAL DE BARBACENA;34.002;FUNDO MUNICIPAL DE CULTURA;2.344;REALIZAÇÃO DE AÇÕES DA POLÍTICA NACIONAL ALDIR BLANC DE FOMENTO À CULTURA;62;VALORIZAÇÃO E AMPLITUDE CULTURAL;13;Cultura;392;Difusão Cultural;1080;3.3.60.45.00.00.00.00;SUBVENÇÕES ECONÔMICAS;1.719.000.0000;TRANSFERÊNCIAS DA POLÍTICA NACIONAL ALDIR BLANC DE FOMENTO À CULTURA - LEI Nº 14.399/202;16.000,00
PREFEITURA MUNICIPAL DE BARBACENA;34.002;FUNDO MUNICIPAL DE CULTURA;2.344;REALIZAÇÃO DE AÇÕES DA POLÍTICA NACIONAL ALDIR BLANC DE FOMENTO À CULTURA;62;VALORIZAÇÃO E AMPLITUDE CULTURAL;13;Cultura;392;Difusão Cultural;1081;3.3.90.31.00.00.00.00;PREMIAÇÕES CULTURAIS, ARTÍSTICAS, CIENT., DESPORT;1.719.000.0000;TRANSFERÊNCIAS DA POLÍTICA NACIONAL ALDIR BLANC DE FOMENTO À CULTURA - LEI Nº 14.399/202;15.000,00
PREFEITURA MUNICIPAL DE BARBACENA;34.002;FUNDO MUNICIPAL DE CULTURA;2.344;REALIZAÇÃO DE AÇÕES DA POLÍTICA NACIONAL ALDIR BLANC DE FOMENTO À CULTURA;62;VALORIZAÇÃO E AMPLITUDE CULTURAL;13;Cultura;392;Difusão Cultural;1082;3.3.90.36.00.00.00.00;OUTROS SERVIÇOS DE TERCEIROS - PESSOA FÍSICA;1.719.000.0000;TRANSFERÊNCIAS DA POLÍTICA NACIONAL ALDIR BLANC DE FOMENTO À CULTURA - LEI Nº 14.399/202;2.000,00
PREFEITURA MUNICIPAL DE BARBACENA;34.002;FUNDO MUNICIPAL DE CULTURA;2.344;REALIZAÇÃO DE AÇÕES DA POLÍTICA NACIONAL ALDIR BLANC DE FOMENTO À CULTURA;62;VALORIZAÇÃO E AMPLITUDE CULTURAL;13;Cultura;392;Difusão Cultural;1083;3.3.90.39.00.00.00.00;OUTROS SERVIÇOS DE TERCEIROS - PESSOA JURÍDICA;1.719.000.0000;TRANSFERÊNCIAS DA POLÍTICA NACIONAL ALDIR BLANC DE FOMENTO À CULTURA - LEI Nº 14.399/202;2.000,00
PREFEITURA MUNICIPAL DE BARBACENA;34.002;FUNDO MUNICIPAL DE CULTURA;2.344;REALIZAÇÃO DE AÇÕES DA POLÍTICA NACIONAL ALDIR BLANC DE FOMENTO À CULTURA;62;VALORIZAÇÃO E AMPLITUDE CULTURAL;13;Cultura;392;Difusão Cultural;1084;3.3.90.48.00.00.00.00;OUTROS AUXÍLIOS FINANCEIROS A PESSOAS FÍSICAS;1.718.000.0000;AUXÍLIO FINANCEIRO - OUTORGA CRÉDITO TRIBUTÁRIO ICMS - ART. 5º, INCISO V, EC Nº 123/2022;34.002,28
PREFEITURA MUNICIPAL DE BARBACENA;34.002;FUNDO MUNICIPAL DE CULTURA;2.344;REALIZAÇÃO DE AÇÕES DA POLÍTICA NACIONAL ALDIR BLANC DE FOMENTO À CULTURA;62;VALORIZAÇÃO E AMPLITUDE CULTURAL;13;Cultura;392;Difusão Cultural;1084;3.3.90.48.00.00.00.00;OUTROS AUXÍLIOS FINANCEIROS A PESSOAS FÍSICAS;1.719.000.0000;TRANSFERÊNCIAS DA POLÍTICA NACIONAL ALDIR BLANC DE FOMENTO À CULTURA - LEI Nº 14.399/202;23.864,88
PREFEITURA MUNICIPAL DE BARBACENA;34.002;FUNDO MUNICIPAL DE CULTURA;2.482;APOIO A ASSOCIAÇÃO GRUPO CULTURAL CÍTARA DE DAVI;62;VALORIZAÇÃO E AMPLITUDE CULTURAL;13;Cultura;392;Difusão Cultural;1085;3.3.50.41.00.00.00.00;CONTRIBUIÇÕES;1.501.000.0000;OUTROS RECURSOS NÃO VINCULADOS;0,00
PREFEITURA MUNICIPAL DE BARBACENA;34.002;FUNDO MUNICIPAL DE CULTURA;2.482;APOIO A ASSOCIAÇÃO GRUPO CULTURAL CÍTARA DE DAVI;62;VALORIZAÇÃO E AMPLITUDE CULTURAL;13;Cultura;392;Difusão Cultural;1085;3.3.50.41.00.00.00.00;CONTRIBUIÇÕES;1.501.509.0000;OUTROS RECURSOS NÃO VINCULADOS - EMENDAS DONIZETE MEDEIROS;15.000,00
PREFEITURA MUNICIPAL DE BARBACENA;34.002;FUNDO MUNICIPAL DE CULTURA;2.482;APOIO A ASSOCIAÇÃO GRUPO CULTURAL CÍTARA DE DAVI;62;VALORIZAÇÃO E AMPLITUDE CULTURAL;13;Cultura;392;Difusão Cultural;1086;4.4.50.41.00.00.00.00;CONTRIBUIÇÕES;1.501.000.0000;OUTROS RECURSOS NÃO VINCULADOS;0,00
PREFEITURA MUNICIPAL DE BARBACENA;34.002;FUNDO MUNICIPAL DE CULTURA;2.482;APOIO A ASSOCIAÇÃO GRUPO CULTURAL CÍTARA DE DAVI;62;VALORIZAÇÃO E AMPLITUDE CULTURAL;13;Cultura;392;Difusão Cultural;1086;4.4.50.41.00.00.00.00;CONTRIBUIÇÕES;1.501.509.0000;OUTROS RECURSOS NÃO VINCULADOS - EMENDAS DONIZETE MEDEIROS;15.000,00
PREFEITURA MUNICIPAL DE BARBACENA;34.002;FUNDO MUNICIPAL DE CULTURA;2.484;APOIO A ASSOCIAÇÃO BANDA DANÇANTE DO ROSÁRIO DE SANTA EFIGENIA;62;VALORIZAÇÃO E AMPLITUDE CULTURAL;13;Cultura;392;Difusão Cultural;1087;3.3.50.41.00.00.00.00;CONTRIBUIÇÕES;1.501.000.0000;OUTROS RECURSOS NÃO VINCULADOS;0,00
PREFEITURA MUNICIPAL DE BARBACENA;34.002;FUNDO MUNICIPAL DE CULTURA;2.484;APOIO A ASSOCIAÇÃO BANDA DANÇANTE DO ROSÁRIO DE SANTA EFIGENIA;62;VALORIZAÇÃO E AMPLITUDE CULTURAL;13;Cultura;392;Difusão Cultural;1087;3.3.50.41.00.00.00.00;CONTRIBUIÇÕES;1.501.509.0000;OUTROS RECURSOS NÃO VINCULADOS - EMENDAS DONIZETE MEDEIROS;5.000,00
PREFEITURA MUNICIPAL DE BARBACENA;34.002;FUNDO MUNICIPAL DE CULTURA;2.484;APOIO A ASSOCIAÇÃO BANDA DANÇANTE DO ROSÁRIO DE SANTA EFIGENIA;62;VALORIZAÇÃO E AMPLITUDE CULTURAL;13;Cultura;392;Difusão Cultural;1087;3.3.50.41.00.00.00.00;CONTRIBUIÇÕES;1.753.000.0000;RECURSOS PROVENIENTES DE TAXAS, CONTRIBUIÇÕES E PREÇOS PÚBLICOS;0,00
PREFEITURA MUNICIPAL DE BARBACENA;34.002;FUNDO MUNICIPAL DE CULTURA;2.484;APOIO A ASSOCIAÇÃO BANDA DANÇANTE DO ROSÁRIO DE SANTA EFIGENIA;62;VALORIZAÇÃO E AMPLITUDE CULTURAL;13;Cultura;392;Difusão Cultural;1087;3.3.50.41.00.00.00.00;CONTRIBUIÇÕES;1.753.503.0000;RECURSOS PROVENIENTES DE TAXAS, CONTRIBUIÇÕES E PREÇOS PÚBLICOS - EMENDAS EVERTON WALLACE;5.000,00
PREFEITURA MUNICIPAL DE BARBACENA;34.002;FUNDO MUNICIPAL DE CULTURA;2.484;APOIO A ASSOCIAÇÃO BANDA DANÇANTE DO ROSÁRIO DE SANTA EFIGENIA;62;VALORIZAÇÃO E AMPLITUDE CULTURAL;13;Cultura;392;Difusão Cultural;1088;4.4.50.41.00.00.00.00;CONTRIBUIÇÕES;1.501.000.0000;OUTROS RECURSOS NÃO VINCULADOS;0,00
PREFEITURA MUNICIPAL DE BARBACENA;34.002;FUNDO MUNICIPAL DE CULTURA;2.484;APOIO A ASSOCIAÇÃO BANDA DANÇANTE DO ROSÁRIO DE SANTA EFIGENIA;62;VALORIZAÇÃO E AMPLITUDE CULTURAL;13;Cultura;392;Difusão Cultural;1088;4.4.50.41.00.00.00.00;CONTRIBUIÇÕES;1.501.509.0000;OUTROS RECURSOS NÃO VINCULADOS - EMENDAS DONIZETE MEDEIROS;5.000,00
PREFEITURA MUNICIPAL DE BARBACENA;34.002;FUNDO MUNICIPAL DE CULTURA;2.484;APOIO A ASSOCIAÇÃO BANDA DANÇANTE DO ROSÁRIO DE SANTA EFIGENIA;62;VALORIZAÇÃO E AMPLITUDE CULTURAL;13;Cultura;392;Difusão Cultural;1088;4.4.50.41.00.00.00.00;CONTRIBUIÇÕES;1.753.000.0000;RECURSOS PROVENIENTES DE TAXAS, CONTRIBUIÇÕES E PREÇOS PÚBLICOS;0,00
PREFEITURA MUNICIPAL DE BARBACENA;34.002;FUNDO MUNICIPAL DE CULTURA;2.484;APOIO A ASSOCIAÇÃO BANDA DANÇANTE DO ROSÁRIO DE SANTA EFIGENIA;62;VALORIZAÇÃO E AMPLITUDE CULTURAL;13;Cultura;392;Difusão Cultural;1088;4.4.50.41.00.00.00.00;CONTRIBUIÇÕES;1.753.503.0000;RECURSOS PROVENIENTES DE TAXAS, CONTRIBUIÇÕES E PREÇOS PÚBLICOS - EMENDAS EVERTON WALLACE;5.000,00
PREFEITURA MUNICIPAL DE BARBACENA;34.002;FUNDO MUNICIPAL DE CULTURA;2.508;APOIO AO GREMIO RECREATIVO BLOCO CARNAVALESCO UNIDOS DO ZE;62;VALORIZAÇÃO E AMPLITUDE CULTURAL;13;Cultura;392;Difusão Cultural;1089;3.3.50.41.00.00.00.00;CONTRIBUIÇÕES;1.501.000.0000;OUTROS RECURSOS NÃO VINCULADOS;0,00
PREFEITURA MUNICIPAL DE BARBACENA;34.002;FUNDO MUNICIPAL DE CULTURA;2.508;APOIO AO GREMIO RECREATIVO BLOCO CARNAVALESCO UNIDOS DO ZE;62;VALORIZAÇÃO E AMPLITUDE CULTURAL;13;Cultura;392;Difusão Cultural;1089;3.3.50.41.00.00.00.00;CONTRIBUIÇÕES;1.501.514.0000;OUTROS RECURSOS NÃO VINCULADOS - EMENDAS JOAO DA SEMENTE;5.000,00
PREFEITURA MUNICIPAL DE BARBACENA;34.002;FUNDO MUNICIPAL DE CULTURA;2.508;APOIO AO GREMIO RECREATIVO BLOCO CARNAVALESCO UNIDOS DO ZE;62;VALORIZAÇÃO E AMPLITUDE CULTURAL;13;Cultura;392;Difusão Cultural;1090;4.4.50.41.00.00.00.00;CONTRIBUIÇÕES;1.501.000.0000;OUTROS RECURSOS NÃO VINCULADOS;0,00
PREFEITURA MUNICIPAL DE BARBACENA;34.002;FUNDO MUNICIPAL DE CULTURA;2.508;APOIO AO GREMIO RECREATIVO BLOCO CARNAVALESCO UNIDOS DO ZE;62;VALORIZAÇÃO E AMPLITUDE CULTURAL;13;Cultura;392;Difusão Cultural;1090;4.4.50.41.00.00.00.00;CONTRIBUIÇÕES;1.501.514.0000;OUTROS RECURSOS NÃO VINCULADOS - EMENDAS JOAO DA SEMENTE;5.000,00
PREFEITURA MUNICIPAL DE BARBACENA;34.002;FUNDO MUNICIPAL DE CULTURA;2.535;APOIO A ASSOCIACAO CULTURAL PONTO DE PARTIDA;62;VALORIZAÇÃO E AMPLITUDE CULTURAL;13;Cultura;392;Difusão Cultural;1091;3.3.50.41.00.00.00.00;CONTRIBUIÇÕES;1.501.000.0000;OUTROS RECURSOS NÃO VINCULADOS;0,00
PREFEITURA MUNICIPAL DE BARBACENA;34.002;FUNDO MUNICIPAL DE CULTURA;2.535;APOIO A ASSOCIACAO CULTURAL PONTO DE PARTIDA;62;VALORIZAÇÃO E AMPLITUDE CULTURAL;13;Cultura;392;Difusão Cultural;1091;3.3.50.41.00.00.00.00;CONTRIBUIÇÕES;1.501.509.0000;OUTROS RECURSOS NÃO VINCULADOS - EMENDAS DONIZETE MEDEIROS;12.500,00
PREFEITURA MUNICIPAL DE BARBACENA;34.002;FUNDO MUNICIPAL DE CULTURA;2.535;APOIO A ASSOCIACAO CULTURAL PONTO DE PARTIDA;62;VALORIZAÇÃO E AMPLITUDE CULTURAL;13;Cultura;392;Difusão Cultural;1091;3.3.50.41.00.00.00.00;CONTRIBUIÇÕES;1.501.510.0000;OUTROS RECURSOS NÃO VINCULADOS - EMENDAS TODINHO;12.500,00
PREFEITURA MUNICIPAL DE BARBACENA;34.002;FUNDO MUNICIPAL DE CULTURA;2.535;APOIO A ASSOCIACAO CULTURAL PONTO DE PARTIDA;62;VALORIZAÇÃO E AMPLITUDE CULTURAL;13;Cultura;392;Difusão Cultural;1092;4.4.50.41.00.00.00.00;CONTRIBUIÇÕES;1.501.000.0000;OUTROS RECURSOS NÃO VINCULADOS;0,00
PREFEITURA MUNICIPAL DE BARBACENA;34.002;FUNDO MUNICIPAL DE CULTURA;2.535;APOIO A ASSOCIACAO CULTURAL PONTO DE PARTIDA;62;VALORIZAÇÃO E AMPLITUDE CULTURAL;13;Cultura;392;Difusão Cultural;1092;4.4.50.41.00.00.00.00;CONTRIBUIÇÕES;1.501.509.0000;OUTROS RECURSOS NÃO VINCULADOS - EMENDAS DONIZETE MEDEIROS;12.500,00
PREFEITURA MUNICIPAL DE BARBACENA;34.002;FUNDO MUNICIPAL DE CULTURA;2.535;APOIO A ASSOCIACAO CULTURAL PONTO DE PARTIDA;62;VALORIZAÇÃO E AMPLITUDE CULTURAL;13;Cultura;392;Difusão Cultural;1092;4.4.50.41.00.00.00.00;CONTRIBUIÇÕES;1.501.510.0000;OUTROS RECURSOS NÃO VINCULADOS - EMENDAS TODINHO;12.500,00
PREFEITURA MUNICIPAL DE BARBACENA;34.003;FUNDO MUN. PATRIM.ART, HIST. E CULTURAL - FUMPAC;2.338;MANUTENÇÃO, REF. E ADEQ. DOS APARELHOS CULTURAIS E PATRIMÔNIO HISTÓRICO CULTURAL;62;VALORIZAÇÃO E AMPLITUDE CULTURAL;13;Cultura;392;Difusão Cultural;1093;3.3.90.30.00.00.00.00;MATERIAL DE CONSUMO;1.500.000.0000;RECURSOS NÃO VINCULADOS DE IMPOSTOS;5.000,00
PREFEITURA MUNICIPAL DE BARBACENA;34.003;FUNDO MUN. PATRIM.ART, HIST. E CULTURAL - FUMPAC;2.338;MANUTENÇÃO, REF. E ADEQ. DOS APARELHOS CULTURAIS E PATRIMÔNIO HISTÓRICO CULTURAL;62;VALORIZAÇÃO E AMPLITUDE CULTURAL;13;Cultura;392;Difusão Cultural;1094;3.3.90.35.00.00.00.00;SERVIÇOS DE CONSULTORIA;1.500.000.0000;RECURSOS NÃO VINCULADOS DE IMPOSTOS;7.087,50
PREFEITURA MUNICIPAL DE BARBACENA;34.003;FUNDO MUN. PATRIM.ART, HIST. E CULTURAL - FUMPAC;2.338;MANUTENÇÃO, REF. E ADEQ. DOS APARELHOS CULTURAIS E PATRIMÔNIO HISTÓRICO CULTURAL;62;VALORIZAÇÃO E AMPLITUDE CULTURAL;13;Cultura;392;Difusão Cultural;1095;3.3.90.36.00.00.00.00;OUTROS SERVIÇOS DE TERCEIROS - PESSOA FÍSICA;1.500.000.0000;RECURSOS NÃO VINCULADOS DE IMPOSTOS;3.500,00
PREFEITURA MUNICIPAL DE BARBACENA;34.003;FUNDO MUN. PATRIM.ART, HIST. E CULTURAL - FUMPAC;2.338;MANUTENÇÃO, REF. E ADEQ. DOS APARELHOS CULTURAIS E PATRIMÔNIO HISTÓRICO CULTURAL;62;VALORIZAÇÃO E AMPLITUDE CULTURAL;13;Cultura;392;Difusão Cultural;1096;3.3.90.39.00.00.00.00;OUTROS SERVIÇOS DE TERCEIROS - PESSOA JURÍDICA;1.500.000.0000;RECURSOS NÃO VINCULADOS DE IMPOSTOS;124.836,08
PREFEITURA MUNICIPAL DE BARBACENA;34.003;FUNDO MUN. PATRIM.ART, HIST. E CULTURAL - FUMPAC;2.338;MANUTENÇÃO, REF. E ADEQ. DOS APARELHOS CULTURAIS E PATRIMÔNIO HISTÓRICO CULTURAL;62;VALORIZAÇÃO E AMPLITUDE CULTURAL;13;Cultura;392;Difusão Cultural;1096;3.3.90.39.00.00.00.00;OUTROS SERVIÇOS DE TERCEIROS - PESSOA JURÍDICA;2.500.000.0000;RECURSOS NÃO VINCULADOS DE IMPOSTOS;0,01
PREFEITURA MUNICIPAL DE BARBACENA;34.003;FUNDO MUN. PATRIM.ART, HIST. E CULTURAL - FUMPAC;2.338;MANUTENÇÃO, REF. E ADEQ. DOS APARELHOS CULTURAIS E PATRIMÔNIO HISTÓRICO CULTURAL;62;VALORIZAÇÃO E AMPLITUDE CULTURAL;13;Cultura;392;Difusão Cultural;1097;3.3.90.47.00.00.00.00;OBRIGAÇÕES TRIBUTÁRIAS E CONTRIBUTIVAS;1.500.000.0000;RECURSOS NÃO VINCULADOS DE IMPOSTOS;1.000,00
PREFEITURA MUNICIPAL DE BARBACENA;34.003;FUNDO MUN. PATRIM.ART, HIST. E CULTURAL - FUMPAC;2.338;MANUTENÇÃO, REF. E ADEQ. DOS APARELHOS CULTURAIS E PATRIMÔNIO HISTÓRICO CULTURAL;62;VALORIZAÇÃO E AMPLITUDE CULTURAL;13;Cultura;392;Difusão Cultural;1098;3.3.90.92.00.00.00.00;DESPESAS DE EXERCÍCIOS ANTERIORES;1.500.000.0000;RECURSOS NÃO VINCULADOS DE IMPOSTOS;5.000,00
PREFEITURA MUNICIPAL DE BARBACENA;34.003;FUNDO MUN. PATRIM.ART, HIST. E CULTURAL - FUMPAC;2.338;MANUTENÇÃO, REF. E ADEQ. DOS APARELHOS CULTURAIS E PATRIMÔNIO HISTÓRICO CULTURAL;62;VALORIZAÇÃO E AMPLITUDE CULTURAL;13;Cultura;392;Difusão Cultural;1099;4.4.90.51.00.00.00.00;OBRAS E INSTALAÇÕES;1.500.000.0000;RECURSOS NÃO VINCULADOS DE IMPOSTOS;17.756,30
PREFEITURA MUNICIPAL DE BARBACENA;34.003;FUNDO MUN. PATRIM.ART, HIST. E CULTURAL - FUMPAC;2.338;MANUTENÇÃO, REF. E ADEQ. DOS APARELHOS CULTURAIS E PATRIMÔNIO HISTÓRICO CULTURAL;62;VALORIZAÇÃO E AMPLITUDE CULTURAL;13;Cultura;392;Difusão Cultural;1100;4.4.90.52.00.00.00.00;EQUIPAMENTOS E MATERIAL PERMANENTE;1.500.000.0000;RECURSOS NÃO VINCULADOS DE IMPOSTOS;3.950,00
PREFEITURA MUNICIPAL DE BARBACENA;34.004;FUNDO MUNICIPAL DE TURISMO;2.290;MANUTENÇÃO DOS PARQUES DE EXPOSIÇÕES;11;APOIO A ADMINISTRAÇAO PUBLICA;4;Administração;695;Turismo;1101;3.3.90.30.00.00.00.00;MATERIAL DE CONSUMO;1.500.000.0000;RECURSOS NÃO VINCULADOS DE IMPOSTOS;5.000,00
PREFEITURA MUNICIPAL DE BARBACENA;34.004;FUNDO MUNICIPAL DE TURISMO;2.290;MANUTENÇÃO DOS PARQUES DE EXPOSIÇÕES;11;APOIO A ADMINISTRAÇAO PUBLICA;4;Administração;695;Turismo;1101;3.3.90.30.00.00.00.00;MATERIAL DE CONSUMO;1.501.000.0000;OUTROS RECURSOS NÃO VINCULADOS;5.485,95
PREFEITURA MUNICIPAL DE BARBACENA;34.004;FUNDO MUNICIPAL DE TURISMO;2.290;MANUTENÇÃO DOS PARQUES DE EXPOSIÇÕES;11;APOIO A ADMINISTRAÇAO PUBLICA;4;Administração;695;Turismo;1102;3.3.90.34.00.00.00.00;OUTRAS DESP.DE PESSOAL DECOR.DE CONT.TERCEIRIZAÇÃO;1.500.000.0000;RECURSOS NÃO VINCULADOS DE IMPOSTOS;2.000,00
PREFEITURA MUNICIPAL DE BARBACENA;34.004;FUNDO MUNICIPAL DE TURISMO;2.290;MANUTENÇÃO DOS PARQUES DE EXPOSIÇÕES;11;APOIO A ADMINISTRAÇAO PUBLICA;4;Administração;695;Turismo;1103;3.3.90.39.00.00.00.00;OUTROS SERVIÇOS DE TERCEIROS - PESSOA JURÍDICA;1.500.000.0000;RECURSOS NÃO VINCULADOS DE IMPOSTOS;615.821,00
PREFEITURA MUNICIPAL DE BARBACENA;34.004;FUNDO MUNICIPAL DE TURISMO;2.290;MANUTENÇÃO DOS PARQUES DE EXPOSIÇÕES;11;APOIO A ADMINISTRAÇAO PUBLICA;4;Administração;695;Turismo;1103;3.3.90.39.00.00.00.00;OUTROS SERVIÇOS DE TERCEIROS - PESSOA JURÍDICA;1.501.000.0000;OUTROS RECURSOS NÃO VINCULADOS;90.000,00
PREFEITURA MUNICIPAL DE BARBACENA;34.004;FUNDO MUNICIPAL DE TURISMO;2.290;MANUTENÇÃO DOS PARQUES DE EXPOSIÇÕES;11;APOIO A ADMINISTRAÇAO PUBLICA;4;Administração;695;Turismo;1104;4.4.90.51.00.00.00.00;OBRAS E INSTALAÇÕES;1.501.000.0000;OUTROS RECURSOS NÃO VINCULADOS;5.000,00
PREFEITURA MUNICIPAL DE BARBACENA;34.004;FUNDO MUNICIPAL DE TURISMO;2.256;REALIZAÇAO DO CARNAVAL;40;CALENDÁRIO OFICIAL DE EVENTOS;13;Cultura;392;Difusão Cultural;1111;3.3.50.41.00.00.00.00;CONTRIBUIÇÕES;1.500.000.0000;RECURSOS NÃO VINCULADOS DE IMPOSTOS;10.000,00
PREFEITURA MUNICIPAL DE BARBACENA;34.004;FUNDO MUNICIPAL DE TURISMO;2.256;REALIZAÇAO DO CARNAVAL;40;CALENDÁRIO OFICIAL DE EVENTOS;13;Cultura;392;Difusão Cultural;1112;3.3.90.30.00.00.00.00;MATERIAL DE CONSUMO;1.500.000.0000;RECURSOS NÃO VINCULADOS DE IMPOSTOS;10.000,00
PREFEITURA MUNICIPAL DE BARBACENA;34.004;FUNDO MUNICIPAL DE TURISMO;2.256;REALIZAÇAO DO CARNAVAL;40;CALENDÁRIO OFICIAL DE EVENTOS;13;Cultura;392;Difusão Cultural;1113;3.3.90.36.00.00.00.00;OUTROS SERVIÇOS DE TERCEIROS - PESSOA FÍSICA;1.500.000.0000;RECURSOS NÃO VINCULADOS DE IMPOSTOS;5.000,00
PREFEITURA MUNICIPAL DE BARBACENA;34.004;FUNDO MUNICIPAL DE TURISMO;2.256;REALIZAÇAO DO CARNAVAL;40;CALENDÁRIO OFICIAL DE EVENTOS;13;Cultura;392;Difusão Cultural;1114;3.3.90.39.00.00.00.00;OUTROS SERVIÇOS DE TERCEIROS - PESSOA JURÍDICA;1.500.000.0000;RECURSOS NÃO VINCULADOS DE IMPOSTOS;200.000,00
PREFEITURA MUNICIPAL DE BARBACENA;34.004;FUNDO MUNICIPAL DE TURISMO;2.256;REALIZAÇAO DO CARNAVAL;40;CALENDÁRIO OFICIAL DE EVENTOS;13;Cultura;392;Difusão Cultural;1114;3.3.90.39.00.00.00.00;OUTROS SERVIÇOS DE TERCEIROS - PESSOA JURÍDICA;1.501.000.0000;OUTROS RECURSOS NÃO VINCULADOS;199.514,05
PREFEITURA MUNICIPAL DE BARBACENA;34.004;FUNDO MUNICIPAL DE TURISMO;2.256;REALIZAÇAO DO CARNAVAL;40;CALENDÁRIO OFICIAL DE EVENTOS;13;Cultura;392;Difusão Cultural;1114;3.3.90.39.00.00.00.00;OUTROS SERVIÇOS DE TERCEIROS - PESSOA JURÍDICA;1.753.000.0000;RECURSOS PROVENIENTES DE TAXAS, CONTRIBUIÇÕES E PREÇOS PÚBLICOS;2.000,00
PREFEITURA MUNICIPAL DE BARBACENA;34.004;FUNDO MUNICIPAL DE TURISMO;2.256;REALIZAÇAO DO CARNAVAL;40;CALENDÁRIO OFICIAL DE EVENTOS;13;Cultura;392;Difusão Cultural;1115;3.3.90.47.00.00.00.00;OBRIGAÇÕES TRIBUTÁRIAS E CONTRIBUTIVAS;1.500.000.0000;RECURSOS NÃO VINCULADOS DE IMPOSTOS;9.900,00
PREFEITURA MUNICIPAL DE BARBACENA;34.004;FUNDO MUNICIPAL DE TURISMO;2.257;REALIZAÇAO DA EXPOSIÇAO AGROPECUARIA DE BARBACENA;40;CALENDÁRIO OFICIAL DE EVENTOS;13;Cultura;392;Difusão Cultural;1116;3.3.50.41.00.00.00.00;CONTRIBUIÇÕES;1.753.000.0000;RECURSOS PROVENIENTES DE TAXAS, CONTRIBUIÇÕES E PREÇOS PÚBLICOS;130.000,00
PREFEITURA MUNICIPAL DE BARBACENA;34.004;FUNDO MUNICIPAL DE TURISMO;2.257;REALIZAÇAO DA EXPOSIÇAO AGROPECUARIA DE BARBACENA;40;CALENDÁRIO OFICIAL DE EVENTOS;13;Cultura;392;Difusão Cultural;1117;3.3.90.39.00.00.00.00;OUTROS SERVIÇOS DE TERCEIROS - PESSOA JURÍDICA;1.500.000.0000;RECURSOS NÃO VINCULADOS DE IMPOSTOS;890.935,91
PREFEITURA MUNICIPAL DE BARBACENA;34.004;FUNDO MUNICIPAL DE TURISMO;2.257;REALIZAÇAO DA EXPOSIÇAO AGROPECUARIA DE BARBACENA;40;CALENDÁRIO OFICIAL DE EVENTOS;13;Cultura;392;Difusão Cultural;1117;3.3.90.39.00.00.00.00;OUTROS SERVIÇOS DE TERCEIROS - PESSOA JURÍDICA;1.501.000.0000;OUTROS RECURSOS NÃO VINCULADOS;990.000,00
PREFEITURA MUNICIPAL DE BARBACENA;34.004;FUNDO MUNICIPAL DE TURISMO;2.257;REALIZAÇAO DA EXPOSIÇAO AGROPECUARIA DE BARBACENA;40;CALENDÁRIO OFICIAL DE EVENTOS;13;Cultura;392;Difusão Cultural;1117;3.3.90.39.00.00.00.00;OUTROS SERVIÇOS DE TERCEIROS - PESSOA JURÍDICA;1.753.000.0000;RECURSOS PROVENIENTES DE TAXAS, CONTRIBUIÇÕES E PREÇOS PÚBLICOS;50.000,00
PREFEITURA MUNICIPAL DE BARBACENA;34.004;FUNDO MUNICIPAL DE TURISMO;2.257;REALIZAÇAO DA EXPOSIÇAO AGROPECUARIA DE BARBACENA;40;CALENDÁRIO OFICIAL DE EVENTOS;13;Cultura;392;Difusão Cultural;1118;3.3.90.47.00.00.00.00;OBRIGAÇÕES TRIBUTÁRIAS E CONTRIBUTIVAS;1.500.000.0000;RECURSOS NÃO VINCULADOS DE IMPOSTOS;43.200,00
PREFEITURA MUNICIPAL DE BARBACENA;34.004;FUNDO MUNICIPAL DE TURISMO;2.261;REALIZAÇAO DA FESTA DAS ROSAS E FLORES;40;CALENDÁRIO OFICIAL DE EVENTOS;13;Cultura;392;Difusão Cultural;1119;3.3.50.41.00.00.00.00;CONTRIBUIÇÕES;1.500.000.0000;RECURSOS NÃO VINCULADOS DE IMPOSTOS;13.313,27
PREFEITURA MUNICIPAL DE BARBACENA;34.004;FUNDO MUNICIPAL DE TURISMO;2.261;REALIZAÇAO DA FESTA DAS ROSAS E FLORES;40;CALENDÁRIO OFICIAL DE EVENTOS;13;Cultura;392;Difusão Cultural;1120;3.3.90.39.00.00.00.00;OUTROS SERVIÇOS DE TERCEIROS - PESSOA JURÍDICA;1.500.000.0000;RECURSOS NÃO VINCULADOS DE IMPOSTOS;20.000,00
PREFEITURA MUNICIPAL DE BARBACENA;34.004;FUNDO MUNICIPAL DE TURISMO;2.261;REALIZAÇAO DA FESTA DAS ROSAS E FLORES;40;CALENDÁRIO OFICIAL DE EVENTOS;13;Cultura;392;Difusão Cultural;1120;3.3.90.39.00.00.00.00;OUTROS SERVIÇOS DE TERCEIROS - PESSOA JURÍDICA;1.501.000.0000;OUTROS RECURSOS NÃO VINCULADOS;908.672,83
PREFEITURA MUNICIPAL DE BARBACENA;34.004;FUNDO MUNICIPAL DE TURISMO;2.261;REALIZAÇAO DA FESTA DAS ROSAS E FLORES;40;CALENDÁRIO OFICIAL DE EVENTOS;13;Cultura;392;Difusão Cultural;1120;3.3.90.39.00.00.00.00;OUTROS SERVIÇOS DE TERCEIROS - PESSOA JURÍDICA;1.753.000.0000;RECURSOS PROVENIENTES DE TAXAS, CONTRIBUIÇÕES E PREÇOS PÚBLICOS;100.000,00
PREFEITURA MUNICIPAL DE BARBACENA;34.004;FUNDO MUNICIPAL DE TURISMO;2.261;REALIZAÇAO DA FESTA DAS ROSAS E FLORES;40;CALENDÁRIO OFICIAL DE EVENTOS;13;Cultura;392;Difusão Cultural;1121;3.3.90.47.00.00.00.00;OBRIGAÇÕES TRIBUTÁRIAS E CONTRIBUTIVAS;1.500.000.0000;RECURSOS NÃO VINCULADOS DE IMPOSTOS;15.000,00
PREFEITURA MUNICIPAL DE BARBACENA;34.004;FUNDO MUNICIPAL DE TURISMO;2.261;REALIZAÇAO DA FESTA DAS ROSAS E FLORES;40;CALENDÁRIO OFICIAL DE EVENTOS;13;Cultura;392;Difusão Cultural;1207;3.3.90.92.00.00.00.00;DESPESAS DE EXERCÍCIOS ANTERIORES;2.700.000.0000;OUTRAS TRANSFERÊNCIAS DE CONVÊNIOS OU INSTRUMENTOS CONGÊNERES DA UNIÃO;84.470,00
PREFEITURA MUNICIPAL DE BARBACENA;34.004;FUNDO MUNICIPAL DE TURISMO;2.509;ACOES DE APOIO A EVENTOS E FESTIVIDADES - EMENDAS MUNICIPAIS;40;CALENDÁRIO OFICIAL DE EVENTOS;13;Cultura;392;Difusão Cultural;1122;3.3.50.41.00.00.00.00;CONTRIBUIÇÕES;1.501.000.0000;OUTROS RECURSOS NÃO VINCULADOS;0,00
PREFEITURA MUNICIPAL DE BARBACENA;34.004;FUNDO MUNICIPAL DE TURISMO;2.509;ACOES DE APOIO A EVENTOS E FESTIVIDADES - EMENDAS MUNICIPAIS;40;CALENDÁRIO OFICIAL DE EVENTOS;13;Cultura;392;Difusão Cultural;1122;3.3.50.41.00.00.00.00;CONTRIBUIÇÕES;1.753.000.0000;RECURSOS PROVENIENTES DE TAXAS, CONTRIBUIÇÕES E PREÇOS PÚBLICOS;0,00
PREFEITURA MUNICIPAL DE BARBACENA;34.004;FUNDO MUNICIPAL DE TURISMO;2.509;ACOES DE APOIO A EVENTOS E FESTIVIDADES - EMENDAS MUNICIPAIS;40;CALENDÁRIO OFICIAL DE EVENTOS;13;Cultura;392;Difusão Cultural;1122;3.3.50.41.00.00.00.00;CONTRIBUIÇÕES;1.753.517.0000;RECURSOS PROVENIENTES DE TAXAS, CONTRIBUIÇÕES E PREÇOS PÚBLICOS - EMENDAS SANDRO HELENO;14.000,00
PREFEITURA MUNICIPAL DE BARBACENA;34.004;FUNDO MUNICIPAL DE TURISMO;2.509;ACOES DE APOIO A EVENTOS E FESTIVIDADES - EMENDAS MUNICIPAIS;40;CALENDÁRIO OFICIAL DE EVENTOS;13;Cultura;392;Difusão Cultural;1206;3.3.90.39.00.00.00.00;OUTROS SERVIÇOS DE TERCEIROS - PESSOA JURÍDICA;1.501.514.0000;OUTROS RECURSOS NÃO VINCULADOS - EMENDAS JOAO DA SEMENTE;40.000,00
PREFEITURA MUNICIPAL DE BARBACENA;34.004;FUNDO MUNICIPAL DE TURISMO;2.670;APOIO A REALIZAÇÃO DE EVENTOS E FESTIVIDADES EM GERAL;40;CALENDÁRIO OFICIAL DE EVENTOS;13;Cultura;392;Difusão Cultural;1123;3.3.50.41.00.00.00.00;CONTRIBUIÇÕES;1.500.000.0000;RECURSOS NÃO VINCULADOS DE IMPOSTOS;15.000,00
PREFEITURA MUNICIPAL DE BARBACENA;34.004;FUNDO MUNICIPAL DE TURISMO;2.670;APOIO A REALIZAÇÃO DE EVENTOS E FESTIVIDADES EM GERAL;40;CALENDÁRIO OFICIAL DE EVENTOS;13;Cultura;392;Difusão Cultural;1124;3.3.90.39.00.00.00.00;OUTROS SERVIÇOS DE TERCEIROS - PESSOA JURÍDICA;1.753.000.0000;RECURSOS PROVENIENTES DE TAXAS, CONTRIBUIÇÕES E PREÇOS PÚBLICOS;120.000,00
PREFEITURA MUNICIPAL DE BARBACENA;34.004;FUNDO MUNICIPAL DE TURISMO;2.734;REALIZAÇÃO DE DEMAIS EVENTOS DO CALENDÁRIO OFICIAL DO MUNICÍPIO;40;CALENDÁRIO OFICIAL DE EVENTOS;13;Cultura;392;Difusão Cultural;1125;3.3.50.41.00.00.00.00;CONTRIBUIÇÕES;1.500.000.0000;RECURSOS NÃO VINCULADOS DE IMPOSTOS;85.250,00
PREFEITURA MUNICIPAL DE BARBACENA;34.004;FUNDO MUNICIPAL DE TURISMO;2.734;REALIZAÇÃO DE DEMAIS EVENTOS DO CALENDÁRIO OFICIAL DO MUNICÍPIO;40;CALENDÁRIO OFICIAL DE EVENTOS;13;Cultura;392;Difusão Cultural;1126;3.3.90.30.00.00.00.00;MATERIAL DE CONSUMO;1.500.000.0000;RECURSOS NÃO VINCULADOS DE IMPOSTOS;5.000,00
PREFEITURA MUNICIPAL DE BARBACENA;34.004;FUNDO MUNICIPAL DE TURISMO;2.734;REALIZAÇÃO DE DEMAIS EVENTOS DO CALENDÁRIO OFICIAL DO MUNICÍPIO;40;CALENDÁRIO OFICIAL DE EVENTOS;13;Cultura;392;Difusão Cultural;1127;3.3.90.39.00.00.00.00;OUTROS SERVIÇOS DE TERCEIROS - PESSOA JURÍDICA;1.500.000.0000;RECURSOS NÃO VINCULADOS DE IMPOSTOS;20.000,00
PREFEITURA MUNICIPAL DE BARBACENA;34.004;FUNDO MUNICIPAL DE TURISMO;2.734;REALIZAÇÃO DE DEMAIS EVENTOS DO CALENDÁRIO OFICIAL DO MUNICÍPIO;40;CALENDÁRIO OFICIAL DE EVENTOS;13;Cultura;392;Difusão Cultural;1127;3.3.90.39.00.00.00.00;OUTROS SERVIÇOS DE TERCEIROS - PESSOA JURÍDICA;1.501.000.0000;OUTROS RECURSOS NÃO VINCULADOS;335.000,00
PREFEITURA MUNICIPAL DE BARBACENA;34.004;FUNDO MUNICIPAL DE TURISMO;2.734;REALIZAÇÃO DE DEMAIS EVENTOS DO CALENDÁRIO OFICIAL DO MUNICÍPIO;40;CALENDÁRIO OFICIAL DE EVENTOS;13;Cultura;392;Difusão Cultural;1127;3.3.90.39.00.00.00.00;OUTROS SERVIÇOS DE TERCEIROS - PESSOA JURÍDICA;1.753.000.0000;RECURSOS PROVENIENTES DE TAXAS, CONTRIBUIÇÕES E PREÇOS PÚBLICOS;140.000,00
PREFEITURA MUNICIPAL DE BARBACENA;34.004;FUNDO MUNICIPAL DE TURISMO;2.734;REALIZAÇÃO DE DEMAIS EVENTOS DO CALENDÁRIO OFICIAL DO MUNICÍPIO;40;CALENDÁRIO OFICIAL DE EVENTOS;13;Cultura;392;Difusão Cultural;1128;3.3.90.47.00.00.00.00;OBRIGAÇÕES TRIBUTÁRIAS E CONTRIBUTIVAS;1.500.000.0000;RECURSOS NÃO VINCULADOS DE IMPOSTOS;16.650,00
PREFEITURA MUNICIPAL DE BARBACENA;34.004;FUNDO MUNICIPAL DE TURISMO;2.735;REALIZAÇÃO DO ARRAIA BQ;40;CALENDÁRIO OFICIAL DE EVENTOS;13;Cultura;392;Difusão Cultural;1129;3.3.90.30.00.00.00.00;MATERIAL DE CONSUMO;1.500.000.0000;RECURSOS NÃO VINCULADOS DE IMPOSTOS;0,00
PREFEITURA MUNICIPAL DE BARBACENA;34.004;FUNDO MUNICIPAL DE TURISMO;2.735;REALIZAÇÃO DO ARRAIA BQ;40;CALENDÁRIO OFICIAL DE EVENTOS;13;Cultura;392;Difusão Cultural;1130;3.3.90.39.00.00.00.00;OUTROS SERVIÇOS DE TERCEIROS - PESSOA JURÍDICA;1.753.000.0000;RECURSOS PROVENIENTES DE TAXAS, CONTRIBUIÇÕES E PREÇOS PÚBLICOS;48.879,54
PREFEITURA MUNICIPAL DE BARBACENA;34.004;FUNDO MUNICIPAL DE TURISMO;2.735;REALIZAÇÃO DO ARRAIA BQ;40;CALENDÁRIO OFICIAL DE EVENTOS;13;Cultura;392;Difusão Cultural;1131;3.3.90.47.00.00.00.00;OBRIGAÇÕES TRIBUTÁRIAS E CONTRIBUTIVAS;1.500.000.0000;RECURSOS NÃO VINCULADOS DE IMPOSTOS;0,00
PREFEITURA MUNICIPAL DE BARBACENA;34.004;FUNDO MUNICIPAL DE TURISMO;2.736;REALIZAÇÃO DAS FESTIVIDADES DO SONHO DE NATAL;40;CALENDÁRIO OFICIAL DE EVENTOS;13;Cultura;392;Difusão Cultural;1132;3.3.50.41.00.00.00.00;CONTRIBUIÇÕES;1.500.000.0000;RECURSOS NÃO VINCULADOS DE IMPOSTOS;10.000,00
PREFEITURA MUNICIPAL DE BARBACENA;34.004;FUNDO MUNICIPAL DE TURISMO;2.736;REALIZAÇÃO DAS FESTIVIDADES DO SONHO DE NATAL;40;CALENDÁRIO OFICIAL DE EVENTOS;13;Cultura;392;Difusão Cultural;1133;3.3.90.30.00.00.00.00;MATERIAL DE CONSUMO;1.500.000.0000;RECURSOS NÃO VINCULADOS DE IMPOSTOS;10.000,00
PREFEITURA MUNICIPAL DE BARBACENA;34.004;FUNDO MUNICIPAL DE TURISMO;2.736;REALIZAÇÃO DAS FESTIVIDADES DO SONHO DE NATAL;40;CALENDÁRIO OFICIAL DE EVENTOS;13;Cultura;392;Difusão Cultural;1134;3.3.90.39.00.00.00.00;OUTROS SERVIÇOS DE TERCEIROS - PESSOA JURÍDICA;1.500.000.0000;RECURSOS NÃO VINCULADOS DE IMPOSTOS;26.419,94
PREFEITURA MUNICIPAL DE BARBACENA;34.004;FUNDO MUNICIPAL DE TURISMO;2.736;REALIZAÇÃO DAS FESTIVIDADES DO SONHO DE NATAL;40;CALENDÁRIO OFICIAL DE EVENTOS;13;Cultura;392;Difusão Cultural;1134;3.3.90.39.00.00.00.00;OUTROS SERVIÇOS DE TERCEIROS - PESSOA JURÍDICA;1.501.000.0000;OUTROS RECURSOS NÃO VINCULADOS;1.276.276,26
PREFEITURA MUNICIPAL DE BARBACENA;34.004;FUNDO MUNICIPAL DE TURISMO;2.736;REALIZAÇÃO DAS FESTIVIDADES DO SONHO DE NATAL;40;CALENDÁRIO OFICIAL DE EVENTOS;13;Cultura;392;Difusão Cultural;1134;3.3.90.39.00.00.00.00;OUTROS SERVIÇOS DE TERCEIROS - PESSOA JURÍDICA;1.753.000.0000;RECURSOS PROVENIENTES DE TAXAS, CONTRIBUIÇÕES E PREÇOS PÚBLICOS;120.000,00
PREFEITURA MUNICIPAL DE BARBACENA;34.004;FUNDO MUNICIPAL DE TURISMO;2.736;REALIZAÇÃO DAS FESTIVIDADES DO SONHO DE NATAL;40;CALENDÁRIO OFICIAL DE EVENTOS;13;Cultura;392;Difusão Cultural;1135;3.3.90.47.00.00.00.00;OBRIGAÇÕES TRIBUTÁRIAS E CONTRIBUTIVAS;1.500.000.0000;RECURSOS NÃO VINCULADOS DE IMPOSTOS;5.000,00
PREFEITURA MUNICIPAL DE BARBACENA;34.004;FUNDO MUNICIPAL DE TURISMO;2.732;IMPLANTAÇÃO E MANUTENÇÃO DO CENTRO DE APOIO TURÍSTICO (CAT);64;BARBACENA DESTINO TURÍSTICO;4;Administração;695;Turismo;1105;3.3.90.30.00.00.00.00;MATERIAL DE CONSUMO;1.500.000.0000;RECURSOS NÃO VINCULADOS DE IMPOSTOS;0,00
PREFEITURA MUNICIPAL DE BARBACENA;34.004;FUNDO MUNICIPAL DE TURISMO;2.732;IMPLANTAÇÃO E MANUTENÇÃO DO CENTRO DE APOIO TURÍSTICO (CAT);64;BARBACENA DESTINO TURÍSTICO;4;Administração;695;Turismo;1106;3.3.90.39.00.00.00.00;OUTROS SERVIÇOS DE TERCEIROS - PESSOA JURÍDICA;1.500.000.0000;RECURSOS NÃO VINCULADOS DE IMPOSTOS;0,00
PREFEITURA MUNICIPAL DE BARBACENA;34.004;FUNDO MUNICIPAL DE TURISMO;2.732;IMPLANTAÇÃO E MANUTENÇÃO DO CENTRO DE APOIO TURÍSTICO (CAT);64;BARBACENA DESTINO TURÍSTICO;4;Administração;695;Turismo;1107;4.4.90.52.00.00.00.00;EQUIPAMENTOS E MATERIAL PERMANENTE;1.753.000.0000;RECURSOS PROVENIENTES DE TAXAS, CONTRIBUIÇÕES E PREÇOS PÚBLICOS;7.000,00
PREFEITURA MUNICIPAL DE BARBACENA;34.004;FUNDO MUNICIPAL DE TURISMO;2.733;REALIZAÇÃO E APOIO A ATIVIDADES, CAPACITAÇÕES, CONCURSOS E AÇÕES TURÍSTICAS;64;BARBACENA DESTINO TURÍSTICO;4;Administração;695;Turismo;1108;3.3.90.30.00.00.00.00;MATERIAL DE CONSUMO;1.500.000.0000;RECURSOS NÃO VINCULADOS DE IMPOSTOS;0,00
PREFEITURA MUNICIPAL DE BARBACENA;34.004;FUNDO MUNICIPAL DE TURISMO;2.733;REALIZAÇÃO E APOIO A ATIVIDADES, CAPACITAÇÕES, CONCURSOS E AÇÕES TURÍSTICAS;64;BARBACENA DESTINO TURÍSTICO;4;Administração;695;Turismo;1109;3.3.90.39.00.00.00.00;OUTROS SERVIÇOS DE TERCEIROS - PESSOA JURÍDICA;1.753.000.0000;RECURSOS PROVENIENTES DE TAXAS, CONTRIBUIÇÕES E PREÇOS PÚBLICOS;15.000,00
PREFEITURA MUNICIPAL DE BARBACENA;34.004;FUNDO MUNICIPAL DE TURISMO;2.733;REALIZAÇÃO E APOIO A ATIVIDADES, CAPACITAÇÕES, CONCURSOS E AÇÕES TURÍSTICAS;64;BARBACENA DESTINO TURÍSTICO;4;Administração;695;Turismo;1110;4.4.90.52.00.00.00.00;EQUIPAMENTOS E MATERIAL PERMANENTE;1.500.000.0000;RECURSOS NÃO VINCULADOS DE IMPOSTOS;0,00
PREFEITURA MUNICIPAL DE BARBACENA;34.004;FUNDO MUNICIPAL DE TURISMO;2.737;REALIZAÇÃO DAS FESTIVIDADES E TURISMO RELIGIOSO;64;BARBACENA DESTINO TURÍSTICO;13;Cultura;392;Difusão Cultural;1136;3.3.90.30.00.00.00.00;MATERIAL DE CONSUMO;1.500.000.0000;RECURSOS NÃO VINCULADOS DE IMPOSTOS;0,00
PREFEITURA MUNICIPAL DE BARBACENA;34.004;FUNDO MUNICIPAL DE TURISMO;2.737;REALIZAÇÃO DAS FESTIVIDADES E TURISMO RELIGIOSO;64;BARBACENA DESTINO TURÍSTICO;13;Cultura;392;Difusão Cultural;1137;3.3.90.39.00.00.00.00;OUTROS SERVIÇOS DE TERCEIROS - PESSOA JURÍDICA;1.500.000.0000;RECURSOS NÃO VINCULADOS DE IMPOSTOS;0,00
PREFEITURA MUNICIPAL DE BARBACENA;34.004;FUNDO MUNICIPAL DE TURISMO;2.737;REALIZAÇÃO DAS FESTIVIDADES E TURISMO RELIGIOSO;64;BARBACENA DESTINO TURÍSTICO;13;Cultura;392;Difusão Cultural;1137;3.3.90.39.00.00.00.00;OUTROS SERVIÇOS DE TERCEIROS - PESSOA JURÍDICA;1.501.000.0000;OUTROS RECURSOS NÃO VINCULADOS;210.000,00
PREFEITURA MUNICIPAL DE BARBACENA;34.004;FUNDO MUNICIPAL DE TURISMO;2.737;REALIZAÇÃO DAS FESTIVIDADES E TURISMO RELIGIOSO;64;BARBACENA DESTINO TURÍSTICO;13;Cultura;392;Difusão Cultural;1137;3.3.90.39.00.00.00.00;OUTROS SERVIÇOS DE TERCEIROS - PESSOA JURÍDICA;1.753.000.0000;RECURSOS PROVENIENTES DE TAXAS, CONTRIBUIÇÕES E PREÇOS PÚBLICOS;60.000,00
PREFEITURA MUNICIPAL DE BARBACENA;35.001;SEMESP;2.281;MANUTENÇÃO DA SEMESP;11;APOIO A ADMINISTRAÇAO PUBLICA;27;Desporto e Lazer;122;Administração Geral;1138;3.3.90.14.00.00.00.00;DIÁRIAS - PESSOAL CIVIL;1.500.000.0000;RECURSOS NÃO VINCULADOS DE IMPOSTOS;6.568,38
PREFEITURA MUNICIPAL DE BARBACENA;35.001;SEMESP;2.281;MANUTENÇÃO DA SEMESP;11;APOIO A ADMINISTRAÇAO PUBLICA;27;Desporto e Lazer;122;Administração Geral;1139;3.3.90.30.00.00.00.00;MATERIAL DE CONSUMO;1.500.000.0000;RECURSOS NÃO VINCULADOS DE IMPOSTOS;4.302,00
PREFEITURA MUNICIPAL DE BARBACENA;35.001;SEMESP;2.281;MANUTENÇÃO DA SEMESP;11;APOIO A ADMINISTRAÇAO PUBLICA;27;Desporto e Lazer;122;Administração Geral;1140;3.3.90.33.00.00.00.00;PASSAGENS E DESPESAS COM LOCOMOÇÃO;1.500.000.0000;RECURSOS NÃO VINCULADOS DE IMPOSTOS;500,00
PREFEITURA MUNICIPAL DE BARBACENA;35.001;SEMESP;2.281;MANUTENÇÃO DA SEMESP;11;APOIO A ADMINISTRAÇAO PUBLICA;27;Desporto e Lazer;122;Administração Geral;1141;3.3.90.35.00.00.00.00;SERVIÇOS DE CONSULTORIA;1.500.000.0000;RECURSOS NÃO VINCULADOS DE IMPOSTOS;500,00
PREFEITURA MUNICIPAL DE BARBACENA;35.001;SEMESP;2.281;MANUTENÇÃO DA SEMESP;11;APOIO A ADMINISTRAÇAO PUBLICA;27;Desporto e Lazer;122;Administração Geral;1142;3.3.90.36.00.00.00.00;OUTROS SERVIÇOS DE TERCEIROS - PESSOA FÍSICA;1.500.000.0000;RECURSOS NÃO VINCULADOS DE IMPOSTOS;2.500,00
PREFEITURA MUNICIPAL DE BARBACENA;35.001;SEMESP;2.281;MANUTENÇÃO DA SEMESP;11;APOIO A ADMINISTRAÇAO PUBLICA;27;Desporto e Lazer;122;Administração Geral;1143;3.3.90.39.00.00.00.00;OUTROS SERVIÇOS DE TERCEIROS - PESSOA JURÍDICA;1.500.000.0000;RECURSOS NÃO VINCULADOS DE IMPOSTOS;3.182,58
PREFEITURA MUNICIPAL DE BARBACENA;35.001;SEMESP;2.281;MANUTENÇÃO DA SEMESP;11;APOIO A ADMINISTRAÇAO PUBLICA;27;Desporto e Lazer;122;Administração Geral;1144;3.3.90.40.00.00.00.00;SERVIÇOS DE TECNOLOGIA DA INFORMAÇÃO E COMUNICAÇ;1.500.000.0000;RECURSOS NÃO VINCULADOS DE IMPOSTOS;1.500,00
PREFEITURA MUNICIPAL DE BARBACENA;35.001;SEMESP;2.281;MANUTENÇÃO DA SEMESP;11;APOIO A ADMINISTRAÇAO PUBLICA;27;Desporto e Lazer;122;Administração Geral;1145;3.3.90.47.00.00.00.00;OBRIGAÇÕES TRIBUTÁRIAS E CONTRIBUTIVAS;1.500.000.0000;RECURSOS NÃO VINCULADOS DE IMPOSTOS;500,00
PREFEITURA MUNICIPAL DE BARBACENA;35.001;SEMESP;2.281;MANUTENÇÃO DA SEMESP;11;APOIO A ADMINISTRAÇAO PUBLICA;27;Desporto e Lazer;122;Administração Geral;1146;3.3.90.48.00.00.00.00;OUTROS AUXÍLIOS FINANCEIROS A PESSOAS FÍSICAS;1.500.000.0000;RECURSOS NÃO VINCULADOS DE IMPOSTOS;500,00
PREFEITURA MUNICIPAL DE BARBACENA;35.001;SEMESP;2.281;MANUTENÇÃO DA SEMESP;11;APOIO A ADMINISTRAÇAO PUBLICA;27;Desporto e Lazer;122;Administração Geral;1147;3.3.90.49.00.00.00.00;AUXÍLIO-TRANSPORTE;1.500.000.0000;RECURSOS NÃO VINCULADOS DE IMPOSTOS;500,00
PREFEITURA MUNICIPAL DE BARBACENA;35.001;SEMESP;2.281;MANUTENÇÃO DA SEMESP;11;APOIO A ADMINISTRAÇAO PUBLICA;27;Desporto e Lazer;122;Administração Geral;1148;3.3.90.93.00.00.00.00;INDENIZAÇÕES E RESTITUIÇÕES;1.500.000.0000;RECURSOS NÃO VINCULADOS DE IMPOSTOS;500,00
PREFEITURA MUNICIPAL DE BARBACENA;35.001;SEMESP;2.281;MANUTENÇÃO DA SEMESP;11;APOIO A ADMINISTRAÇAO PUBLICA;27;Desporto e Lazer;122;Administração Geral;1149;4.4.90.52.00.00.00.00;EQUIPAMENTOS E MATERIAL PERMANENTE;1.500.000.0000;RECURSOS NÃO VINCULADOS DE IMPOSTOS;47.000,00
PREFEITURA MUNICIPAL DE BARBACENA;35.001;SEMESP;2.281;MANUTENÇÃO DA SEMESP;11;APOIO A ADMINISTRAÇAO PUBLICA;27;Desporto e Lazer;122;Administração Geral;1208;3.3.67.83.00.00.00.00;DESPESAS DECORRENTES DE CONTRATO DE PARCERIA PÚB.;1.500.000.0000;RECURSOS NÃO VINCULADOS DE IMPOSTOS;13.182,36
PREFEITURA MUNICIPAL DE BARBACENA;35.001;SEMESP;2.282;PESSOAL E ENCARGOS SOCIAIS DA SEMESP;11;APOIO A ADMINISTRAÇAO PUBLICA;27;Desporto e Lazer;122;Administração Geral;1150;3.1.90.04.00.00.00.00;CONTRATAÇÃO POR TEMPO DETERMINADO;1.500.000.0000;RECURSOS NÃO VINCULADOS DE IMPOSTOS;24.525,33
PREFEITURA MUNICIPAL DE BARBACENA;35.001;SEMESP;2.282;PESSOAL E ENCARGOS SOCIAIS DA SEMESP;11;APOIO A ADMINISTRAÇAO PUBLICA;27;Desporto e Lazer;122;Administração Geral;1151;3.1.90.11.00.00.00.00;VENCIMENTOS E VANTAGENS FIXAS - PESSOAL CIVIL;1.500.000.0000;RECURSOS NÃO VINCULADOS DE IMPOSTOS;255.518,30
PREFEITURA MUNICIPAL DE BARBACENA;35.001;SEMESP;2.282;PESSOAL E ENCARGOS SOCIAIS DA SEMESP;11;APOIO A ADMINISTRAÇAO PUBLICA;27;Desporto e Lazer;122;Administração Geral;1152;3.1.90.13.00.00.00.00;OBRIGAÇÕES PATRONAIS;1.500.000.0000;RECURSOS NÃO VINCULADOS DE IMPOSTOS;40.306,76
PREFEITURA MUNICIPAL DE BARBACENA;35.001;SEMESP;2.282;PESSOAL E ENCARGOS SOCIAIS DA SEMESP;11;APOIO A ADMINISTRAÇAO PUBLICA;27;Desporto e Lazer;122;Administração Geral;1153;3.1.90.16.00.00.00.00;OUTRAS DESPESAS VARIÁVEIS - PESSOAL CIVIL;1.500.000.0000;RECURSOS NÃO VINCULADOS DE IMPOSTOS;500,00
PREFEITURA MUNICIPAL DE BARBACENA;35.001;SEMESP;2.282;PESSOAL E ENCARGOS SOCIAIS DA SEMESP;11;APOIO A ADMINISTRAÇAO PUBLICA;27;Desporto e Lazer;122;Administração Geral;1154;3.1.90.92.00.00.00.00;DESPESAS DE EXERCÍCIOS ANTERIORES;1.500.000.0000;RECURSOS NÃO VINCULADOS DE IMPOSTOS;0,00
PREFEITURA MUNICIPAL DE BARBACENA;35.001;SEMESP;2.282;PESSOAL E ENCARGOS SOCIAIS DA SEMESP;11;APOIO A ADMINISTRAÇAO PUBLICA;27;Desporto e Lazer;122;Administração Geral;1155;3.1.90.94.00.00.00.00;INDENIZAÇÕES E RESTITUIÇÕES TRABALHISTAS;1.500.000.0000;RECURSOS NÃO VINCULADOS DE IMPOSTOS;500,00
PREFEITURA MUNICIPAL DE BARBACENA;35.001;SEMESP;2.282;PESSOAL E ENCARGOS SOCIAIS DA SEMESP;11;APOIO A ADMINISTRAÇAO PUBLICA;27;Desporto e Lazer;122;Administração Geral;1156;3.1.91.13.00.00.00.00;OBRIGAÇÕES PATRONAIS;1.500.000.0000;RECURSOS NÃO VINCULADOS DE IMPOSTOS;16.644,46
PREFEITURA MUNICIPAL DE BARBACENA;35.001;SEMESP;2.282;PESSOAL E ENCARGOS SOCIAIS DA SEMESP;11;APOIO A ADMINISTRAÇAO PUBLICA;27;Desporto e Lazer;122;Administração Geral;1157;3.1.91.92.00.00.00.00;DESPESAS DE EXERCÍCIOS ANTERIORES;1.500.000.0000;RECURSOS NÃO VINCULADOS DE IMPOSTOS;0,00
PREFEITURA MUNICIPAL DE BARBACENA;35.001;SEMESP;2.282;PESSOAL E ENCARGOS SOCIAIS DA SEMESP;11;APOIO A ADMINISTRAÇAO PUBLICA;27;Desporto e Lazer;122;Administração Geral;1158;3.3.90.08.00.00.00.00;OUTROS BENEFÍCIOS ASSISTENCIAIS-SERVIDOR/MILITAR;1.500.000.0000;RECURSOS NÃO VINCULADOS DE IMPOSTOS;315,80
PREFEITURA MUNICIPAL DE BARBACENA;35.001;SEMESP;2.282;PESSOAL E ENCARGOS SOCIAIS DA SEMESP;11;APOIO A ADMINISTRAÇAO PUBLICA;27;Desporto e Lazer;122;Administração Geral;1159;3.3.90.18.00.00.00.00;AUXÍLIO FINANCEIRO A ESTUDANTES;1.500.000.0000;RECURSOS NÃO VINCULADOS DE IMPOSTOS;1.000,00
PREFEITURA MUNICIPAL DE BARBACENA;35.001;SEMESP;2.282;PESSOAL E ENCARGOS SOCIAIS DA SEMESP;11;APOIO A ADMINISTRAÇAO PUBLICA;27;Desporto e Lazer;122;Administração Geral;1160;3.3.90.46.00.00.00.00;AUXÍLIO-ALIMENTAÇÃO;1.500.000.0000;RECURSOS NÃO VINCULADOS DE IMPOSTOS;35.800,00
PREFEITURA MUNICIPAL DE BARBACENA;35.002;FUNDO MUNICIPAL PRO-ESPORTE E LAZER;2.731;MANTER, QUALIFICAR E VALORIZAR AS ATIVIDADES DE RENDIMENTO ESPORTIVO;63;ESPORTE E LAZER TRANSFORMANDO BARBACENA;27;Desporto e Lazer;811;Desporto de Rendimento;1161;3.3.90.30.00.00.00.00;MATERIAL DE CONSUMO;1.500.000.0000;RECURSOS NÃO VINCULADOS DE IMPOSTOS;16.537,50
PREFEITURA MUNICIPAL DE BARBACENA;35.002;FUNDO MUNICIPAL PRO-ESPORTE E LAZER;2.731;MANTER, QUALIFICAR E VALORIZAR AS ATIVIDADES DE RENDIMENTO ESPORTIVO;63;ESPORTE E LAZER TRANSFORMANDO BARBACENA;27;Desporto e Lazer;811;Desporto de Rendimento;1162;3.3.90.39.00.00.00.00;OUTROS SERVIÇOS DE TERCEIROS - PESSOA JURÍDICA;1.500.000.0000;RECURSOS NÃO VINCULADOS DE IMPOSTOS;6.016,59
PREFEITURA MUNICIPAL DE BARBACENA;35.002;FUNDO MUNICIPAL PRO-ESPORTE E LAZER;1.151;CONSTRUÇAO, REFORMA E MODERNIZAÇÃO DE LOCAIS E INFRAESTRUTURA DE ESPORTE E LAZER;63;ESPORTE E LAZER TRANSFORMANDO BARBACENA;27;Desporto e Lazer;812;Desporto Comunitário;1163;3.3.90.30.00.00.00.00;MATERIAL DE CONSUMO;1.500.000.0000;RECURSOS NÃO VINCULADOS DE IMPOSTOS;0,00
PREFEITURA MUNICIPAL DE BARBACENA;35.002;FUNDO MUNICIPAL PRO-ESPORTE E LAZER;1.151;CONSTRUÇAO, REFORMA E MODERNIZAÇÃO DE LOCAIS E INFRAESTRUTURA DE ESPORTE E LAZER;63;ESPORTE E LAZER TRANSFORMANDO BARBACENA;27;Desporto e Lazer;812;Desporto Comunitário;1164;4.4.90.51.00.00.00.00;OBRAS E INSTALAÇÕES;1.500.000.0000;RECURSOS NÃO VINCULADOS DE IMPOSTOS;0,00
PREFEITURA MUNICIPAL DE BARBACENA;35.002;FUNDO MUNICIPAL PRO-ESPORTE E LAZER;1.151;CONSTRUÇAO, REFORMA E MODERNIZAÇÃO DE LOCAIS E INFRAESTRUTURA DE ESPORTE E LAZER;63;ESPORTE E LAZER TRANSFORMANDO BARBACENA;27;Desporto e Lazer;812;Desporto Comunitário;1164;4.4.90.51.00.00.00.00;OBRAS E INSTALAÇÕES;1.501.000.0000;OUTROS RECURSOS NÃO VINCULADOS;20.000,00
PREFEITURA MUNICIPAL DE BARBACENA;35.002;FUNDO MUNICIPAL PRO-ESPORTE E LAZER;1.151;CONSTRUÇAO, REFORMA E MODERNIZAÇÃO DE LOCAIS E INFRAESTRUTURA DE ESPORTE E LAZER;63;ESPORTE E LAZER TRANSFORMANDO BARBACENA;27;Desporto e Lazer;812;Desporto Comunitário;1164;4.4.90.51.00.00.00.00;OBRAS E INSTALAÇÕES;1.700.000.0000;OUTRAS TRANSFERÊNCIAS DE CONVÊNIOS OU INSTRUMENTOS CONGÊNERES DA UNIÃO;668.117,37
PREFEITURA MUNICIPAL DE BARBACENA;35.002;FUNDO MUNICIPAL PRO-ESPORTE E LAZER;1.151;CONSTRUÇAO, REFORMA E MODERNIZAÇÃO DE LOCAIS E INFRAESTRUTURA DE ESPORTE E LAZER;63;ESPORTE E LAZER TRANSFORMANDO BARBACENA;27;Desporto e Lazer;812;Desporto Comunitário;1164;4.4.90.51.00.00.00.00;OBRAS E INSTALAÇÕES;1.753.000.0000;RECURSOS PROVENIENTES DE TAXAS, CONTRIBUIÇÕES E PREÇOS PÚBLICOS;60.000,00
PREFEITURA MUNICIPAL DE BARBACENA;35.002;FUNDO MUNICIPAL PRO-ESPORTE E LAZER;1.151;CONSTRUÇAO, REFORMA E MODERNIZAÇÃO DE LOCAIS E INFRAESTRUTURA DE ESPORTE E LAZER;63;ESPORTE E LAZER TRANSFORMANDO BARBACENA;27;Desporto e Lazer;812;Desporto Comunitário;1165;4.4.90.52.00.00.00.00;EQUIPAMENTOS E MATERIAL PERMANENTE;1.500.000.0000;RECURSOS NÃO VINCULADOS DE IMPOSTOS;0,00
PREFEITURA MUNICIPAL DE BARBACENA;35.002;FUNDO MUNICIPAL PRO-ESPORTE E LAZER;2.223;MANUTENÇÃO  DO CALENDÁRIO ANUAL DE  ATIVIDADES DE ESPORTE E LAZER PARTICIPATIVO;63;ESPORTE E LAZER TRANSFORMANDO BARBACENA;27;Desporto e Lazer;812;Desporto Comunitário;1166;3.3.50.41.00.00.00.00;CONTRIBUIÇÕES;1.753.000.0000;RECURSOS PROVENIENTES DE TAXAS, CONTRIBUIÇÕES E PREÇOS PÚBLICOS;80.000,00
PREFEITURA MUNICIPAL DE BARBACENA;35.002;FUNDO MUNICIPAL PRO-ESPORTE E LAZER;2.223;MANUTENÇÃO  DO CALENDÁRIO ANUAL DE  ATIVIDADES DE ESPORTE E LAZER PARTICIPATIVO;63;ESPORTE E LAZER TRANSFORMANDO BARBACENA;27;Desporto e Lazer;812;Desporto Comunitário;1167;3.3.90.30.00.00.00.00;MATERIAL DE CONSUMO;1.500.000.0000;RECURSOS NÃO VINCULADOS DE IMPOSTOS;0,00
PREFEITURA MUNICIPAL DE BARBACENA;35.002;FUNDO MUNICIPAL PRO-ESPORTE E LAZER;2.223;MANUTENÇÃO  DO CALENDÁRIO ANUAL DE  ATIVIDADES DE ESPORTE E LAZER PARTICIPATIVO;63;ESPORTE E LAZER TRANSFORMANDO BARBACENA;27;Desporto e Lazer;812;Desporto Comunitário;1168;3.3.90.31.00.00.00.00;PREMIAÇÕES CULTURAIS, ARTÍSTICAS, CIENT., DESPORT;1.500.000.0000;RECURSOS NÃO VINCULADOS DE IMPOSTOS;0,00
PREFEITURA MUNICIPAL DE BARBACENA;35.002;FUNDO MUNICIPAL PRO-ESPORTE E LAZER;2.223;MANUTENÇÃO  DO CALENDÁRIO ANUAL DE  ATIVIDADES DE ESPORTE E LAZER PARTICIPATIVO;63;ESPORTE E LAZER TRANSFORMANDO BARBACENA;27;Desporto e Lazer;812;Desporto Comunitário;1168;3.3.90.31.00.00.00.00;PREMIAÇÕES CULTURAIS, ARTÍSTICAS, CIENT., DESPORT;1.501.000.0000;OUTROS RECURSOS NÃO VINCULADOS;749,99
PREFEITURA MUNICIPAL DE BARBACENA;35.002;FUNDO MUNICIPAL PRO-ESPORTE E LAZER;2.223;MANUTENÇÃO  DO CALENDÁRIO ANUAL DE  ATIVIDADES DE ESPORTE E LAZER PARTICIPATIVO;63;ESPORTE E LAZER TRANSFORMANDO BARBACENA;27;Desporto e Lazer;812;Desporto Comunitário;1168;3.3.90.31.00.00.00.00;PREMIAÇÕES CULTURAIS, ARTÍSTICAS, CIENT., DESPORT;1.753.000.0000;RECURSOS PROVENIENTES DE TAXAS, CONTRIBUIÇÕES E PREÇOS PÚBLICOS;19.071,42
PREFEITURA MUNICIPAL DE BARBACENA;35.002;FUNDO MUNICIPAL PRO-ESPORTE E LAZER;2.223;MANUTENÇÃO  DO CALENDÁRIO ANUAL DE  ATIVIDADES DE ESPORTE E LAZER PARTICIPATIVO;63;ESPORTE E LAZER TRANSFORMANDO BARBACENA;27;Desporto e Lazer;812;Desporto Comunitário;1169;3.3.90.36.00.00.00.00;OUTROS SERVIÇOS DE TERCEIROS - PESSOA FÍSICA;1.500.000.0000;RECURSOS NÃO VINCULADOS DE IMPOSTOS;0,00
PREFEITURA MUNICIPAL DE BARBACENA;35.002;FUNDO MUNICIPAL PRO-ESPORTE E LAZER;2.223;MANUTENÇÃO  DO CALENDÁRIO ANUAL DE  ATIVIDADES DE ESPORTE E LAZER PARTICIPATIVO;63;ESPORTE E LAZER TRANSFORMANDO BARBACENA;27;Desporto e Lazer;812;Desporto Comunitário;1170;3.3.90.39.00.00.00.00;OUTROS SERVIÇOS DE TERCEIROS - PESSOA JURÍDICA;1.500.000.0000;RECURSOS NÃO VINCULADOS DE IMPOSTOS;484.175,75
PREFEITURA MUNICIPAL DE BARBACENA;35.002;FUNDO MUNICIPAL PRO-ESPORTE E LAZER;2.223;MANUTENÇÃO  DO CALENDÁRIO ANUAL DE  ATIVIDADES DE ESPORTE E LAZER PARTICIPATIVO;63;ESPORTE E LAZER TRANSFORMANDO BARBACENA;27;Desporto e Lazer;812;Desporto Comunitário;1170;3.3.90.39.00.00.00.00;OUTROS SERVIÇOS DE TERCEIROS - PESSOA JURÍDICA;1.501.000.0000;OUTROS RECURSOS NÃO VINCULADOS;22.010,01
PREFEITURA MUNICIPAL DE BARBACENA;35.002;FUNDO MUNICIPAL PRO-ESPORTE E LAZER;2.223;MANUTENÇÃO  DO CALENDÁRIO ANUAL DE  ATIVIDADES DE ESPORTE E LAZER PARTICIPATIVO;63;ESPORTE E LAZER TRANSFORMANDO BARBACENA;27;Desporto e Lazer;812;Desporto Comunitário;1170;3.3.90.39.00.00.00.00;OUTROS SERVIÇOS DE TERCEIROS - PESSOA JURÍDICA;1.700.000.0000;OUTRAS TRANSFERÊNCIAS DE CONVÊNIOS OU INSTRUMENTOS CONGÊNERES DA UNIÃO;21.000,00
PREFEITURA MUNICIPAL DE BARBACENA;35.002;FUNDO MUNICIPAL PRO-ESPORTE E LAZER;2.223;MANUTENÇÃO  DO CALENDÁRIO ANUAL DE  ATIVIDADES DE ESPORTE E LAZER PARTICIPATIVO;63;ESPORTE E LAZER TRANSFORMANDO BARBACENA;27;Desporto e Lazer;812;Desporto Comunitário;1170;3.3.90.39.00.00.00.00;OUTROS SERVIÇOS DE TERCEIROS - PESSOA JURÍDICA;1.753.000.0000;RECURSOS PROVENIENTES DE TAXAS, CONTRIBUIÇÕES E PREÇOS PÚBLICOS;296.042,82
PREFEITURA MUNICIPAL DE BARBACENA;35.002;FUNDO MUNICIPAL PRO-ESPORTE E LAZER;2.223;MANUTENÇÃO  DO CALENDÁRIO ANUAL DE  ATIVIDADES DE ESPORTE E LAZER PARTICIPATIVO;63;ESPORTE E LAZER TRANSFORMANDO BARBACENA;27;Desporto e Lazer;812;Desporto Comunitário;1171;3.3.90.47.00.00.00.00;OBRIGAÇÕES TRIBUTÁRIAS E CONTRIBUTIVAS;1.500.000.0000;RECURSOS NÃO VINCULADOS DE IMPOSTOS;0,00
PREFEITURA MUNICIPAL DE BARBACENA;35.002;FUNDO MUNICIPAL PRO-ESPORTE E LAZER;2.223;MANUTENÇÃO  DO CALENDÁRIO ANUAL DE  ATIVIDADES DE ESPORTE E LAZER PARTICIPATIVO;63;ESPORTE E LAZER TRANSFORMANDO BARBACENA;27;Desporto e Lazer;812;Desporto Comunitário;1172;4.4.90.52.00.00.00.00;EQUIPAMENTOS E MATERIAL PERMANENTE;1.500.000.0000;RECURSOS NÃO VINCULADOS DE IMPOSTOS;0,00
PREFEITURA MUNICIPAL DE BARBACENA;35.002;FUNDO MUNICIPAL PRO-ESPORTE E LAZER;2.223;MANUTENÇÃO  DO CALENDÁRIO ANUAL DE  ATIVIDADES DE ESPORTE E LAZER PARTICIPATIVO;63;ESPORTE E LAZER TRANSFORMANDO BARBACENA;27;Desporto e Lazer;812;Desporto Comunitário;1172;4.4.90.52.00.00.00.00;EQUIPAMENTOS E MATERIAL PERMANENTE;1.700.000.0000;OUTRAS TRANSFERÊNCIAS DE CONVÊNIOS OU INSTRUMENTOS CONGÊNERES DA UNIÃO;35.000,00
PREFEITURA MUNICIPAL DE BARBACENA;35.002;FUNDO MUNICIPAL PRO-ESPORTE E LAZER;2.231;APOIO A ASSOCIACAO BOA FORMA;63;ESPORTE E LAZER TRANSFORMANDO BARBACENA;27;Desporto e Lazer;812;Desporto Comunitário;1173;3.3.50.41.00.00.00.00;CONTRIBUIÇÕES;1.501.000.0000;OUTROS RECURSOS NÃO VINCULADOS;0,00
PREFEITURA MUNICIPAL DE BARBACENA;35.002;FUNDO MUNICIPAL PRO-ESPORTE E LAZER;2.231;APOIO A ASSOCIACAO BOA FORMA;63;ESPORTE E LAZER TRANSFORMANDO BARBACENA;27;Desporto e Lazer;812;Desporto Comunitário;1173;3.3.50.41.00.00.00.00;CONTRIBUIÇÕES;1.501.501.0000;OUTROS RECURSOS NÃO VINCULADOS - EMENDAS AMARILIO ANDRADE;12.500,00
PREFEITURA MUNICIPAL DE BARBACENA;35.002;FUNDO MUNICIPAL PRO-ESPORTE E LAZER;2.231;APOIO A ASSOCIACAO BOA FORMA;63;ESPORTE E LAZER TRANSFORMANDO BARBACENA;27;Desporto e Lazer;812;Desporto Comunitário;1173;3.3.50.41.00.00.00.00;CONTRIBUIÇÕES;1.501.505.0000;OUTROS RECURSOS NÃO VINCULADOS - EMENDAS FAUSTA TATA;5.000,00
PREFEITURA MUNICIPAL DE BARBACENA;35.002;FUNDO MUNICIPAL PRO-ESPORTE E LAZER;2.231;APOIO A ASSOCIACAO BOA FORMA;63;ESPORTE E LAZER TRANSFORMANDO BARBACENA;27;Desporto e Lazer;812;Desporto Comunitário;1173;3.3.50.41.00.00.00.00;CONTRIBUIÇÕES;1.501.510.0000;OUTROS RECURSOS NÃO VINCULADOS - EMENDAS TODINHO;5.000,00
PREFEITURA MUNICIPAL DE BARBACENA;35.002;FUNDO MUNICIPAL PRO-ESPORTE E LAZER;2.231;APOIO A ASSOCIACAO BOA FORMA;63;ESPORTE E LAZER TRANSFORMANDO BARBACENA;27;Desporto e Lazer;812;Desporto Comunitário;1173;3.3.50.41.00.00.00.00;CONTRIBUIÇÕES;1.501.518.0000;OUTROS RECURSOS NÃO VINCULADOS - EMENDAS XINAIDER;5.000,00
PREFEITURA MUNICIPAL DE BARBACENA;35.002;FUNDO MUNICIPAL PRO-ESPORTE E LAZER;2.231;APOIO A ASSOCIACAO BOA FORMA;63;ESPORTE E LAZER TRANSFORMANDO BARBACENA;27;Desporto e Lazer;812;Desporto Comunitário;1173;3.3.50.41.00.00.00.00;CONTRIBUIÇÕES;1.753.000.0000;RECURSOS PROVENIENTES DE TAXAS, CONTRIBUIÇÕES E PREÇOS PÚBLICOS;0,00
PREFEITURA MUNICIPAL DE BARBACENA;35.002;FUNDO MUNICIPAL PRO-ESPORTE E LAZER;2.231;APOIO A ASSOCIACAO BOA FORMA;63;ESPORTE E LAZER TRANSFORMANDO BARBACENA;27;Desporto e Lazer;812;Desporto Comunitário;1173;3.3.50.41.00.00.00.00;CONTRIBUIÇÕES;1.753.502.0000;RECURSOS PROVENIENTES DE TAXAS, CONTRIBUIÇÕES E PREÇOS PÚBLICOS - EMENDAS DIEGO BAIANO;5.000,00
PREFEITURA MUNICIPAL DE BARBACENA;35.002;FUNDO MUNICIPAL PRO-ESPORTE E LAZER;2.231;APOIO A ASSOCIACAO BOA FORMA;63;ESPORTE E LAZER TRANSFORMANDO BARBACENA;27;Desporto e Lazer;812;Desporto Comunitário;1173;3.3.50.41.00.00.00.00;CONTRIBUIÇÕES;1.753.508.0000;RECURSOS PROVENIENTES DE TAXAS, CONTRIBUIÇÕES E PREÇOS PÚBLICOS - EMENDAS GLAUBER MILAGRES;7.500,00
PREFEITURA MUNICIPAL DE BARBACENA;35.002;FUNDO MUNICIPAL PRO-ESPORTE E LAZER;2.231;APOIO A ASSOCIACAO BOA FORMA;63;ESPORTE E LAZER TRANSFORMANDO BARBACENA;27;Desporto e Lazer;812;Desporto Comunitário;1173;3.3.50.41.00.00.00.00;CONTRIBUIÇÕES;1.753.511.0000;RECURSOS PROVENIENTES DE TAXAS, CONTRIBUIÇÕES E PREÇOS PÚBLICOS - EMENDAS CARLINHOS PLAY BOY;5.000,00
PREFEITURA MUNICIPAL DE BARBACENA;35.002;FUNDO MUNICIPAL PRO-ESPORTE E LAZER;2.231;APOIO A ASSOCIACAO BOA FORMA;63;ESPORTE E LAZER TRANSFORMANDO BARBACENA;27;Desporto e Lazer;812;Desporto Comunitário;1173;3.3.50.41.00.00.00.00;CONTRIBUIÇÕES;1.753.517.0000;RECURSOS PROVENIENTES DE TAXAS, CONTRIBUIÇÕES E PREÇOS PÚBLICOS - EMENDAS SANDRO HELENO;9.500,00
PREFEITURA MUNICIPAL DE BARBACENA;35.002;FUNDO MUNICIPAL PRO-ESPORTE E LAZER;2.231;APOIO A ASSOCIACAO BOA FORMA;63;ESPORTE E LAZER TRANSFORMANDO BARBACENA;27;Desporto e Lazer;812;Desporto Comunitário;1174;4.4.50.41.00.00.00.00;CONTRIBUIÇÕES;1.501.000.0000;OUTROS RECURSOS NÃO VINCULADOS;0,00
PREFEITURA MUNICIPAL DE BARBACENA;35.002;FUNDO MUNICIPAL PRO-ESPORTE E LAZER;2.231;APOIO A ASSOCIACAO BOA FORMA;63;ESPORTE E LAZER TRANSFORMANDO BARBACENA;27;Desporto e Lazer;812;Desporto Comunitário;1174;4.4.50.41.00.00.00.00;CONTRIBUIÇÕES;1.501.501.0000;OUTROS RECURSOS NÃO VINCULADOS - EMENDAS AMARILIO ANDRADE;12.500,00
PREFEITURA MUNICIPAL DE BARBACENA;35.002;FUNDO MUNICIPAL PRO-ESPORTE E LAZER;2.231;APOIO A ASSOCIACAO BOA FORMA;63;ESPORTE E LAZER TRANSFORMANDO BARBACENA;27;Desporto e Lazer;812;Desporto Comunitário;1174;4.4.50.41.00.00.00.00;CONTRIBUIÇÕES;1.501.505.0000;OUTROS RECURSOS NÃO VINCULADOS - EMENDAS FAUSTA TATA;5.000,00
PREFEITURA MUNICIPAL DE BARBACENA;35.002;FUNDO MUNICIPAL PRO-ESPORTE E LAZER;2.231;APOIO A ASSOCIACAO BOA FORMA;63;ESPORTE E LAZER TRANSFORMANDO BARBACENA;27;Desporto e Lazer;812;Desporto Comunitário;1174;4.4.50.41.00.00.00.00;CONTRIBUIÇÕES;1.501.510.0000;OUTROS RECURSOS NÃO VINCULADOS - EMENDAS TODINHO;5.000,00
PREFEITURA MUNICIPAL DE BARBACENA;35.002;FUNDO MUNICIPAL PRO-ESPORTE E LAZER;2.231;APOIO A ASSOCIACAO BOA FORMA;63;ESPORTE E LAZER TRANSFORMANDO BARBACENA;27;Desporto e Lazer;812;Desporto Comunitário;1174;4.4.50.41.00.00.00.00;CONTRIBUIÇÕES;1.501.518.0000;OUTROS RECURSOS NÃO VINCULADOS - EMENDAS XINAIDER;5.000,00
PREFEITURA MUNICIPAL DE BARBACENA;35.002;FUNDO MUNICIPAL PRO-ESPORTE E LAZER;2.231;APOIO A ASSOCIACAO BOA FORMA;63;ESPORTE E LAZER TRANSFORMANDO BARBACENA;27;Desporto e Lazer;812;Desporto Comunitário;1174;4.4.50.41.00.00.00.00;CONTRIBUIÇÕES;1.753.000.0000;RECURSOS PROVENIENTES DE TAXAS, CONTRIBUIÇÕES E PREÇOS PÚBLICOS;0,00
PREFEITURA MUNICIPAL DE BARBACENA;35.002;FUNDO MUNICIPAL PRO-ESPORTE E LAZER;2.231;APOIO A ASSOCIACAO BOA FORMA;63;ESPORTE E LAZER TRANSFORMANDO BARBACENA;27;Desporto e Lazer;812;Desporto Comunitário;1174;4.4.50.41.00.00.00.00;CONTRIBUIÇÕES;1.753.502.0000;RECURSOS PROVENIENTES DE TAXAS, CONTRIBUIÇÕES E PREÇOS PÚBLICOS - EMENDAS DIEGO BAIANO;5.000,00
PREFEITURA MUNICIPAL DE BARBACENA;35.002;FUNDO MUNICIPAL PRO-ESPORTE E LAZER;2.231;APOIO A ASSOCIACAO BOA FORMA;63;ESPORTE E LAZER TRANSFORMANDO BARBACENA;27;Desporto e Lazer;812;Desporto Comunitário;1174;4.4.50.41.00.00.00.00;CONTRIBUIÇÕES;1.753.508.0000;RECURSOS PROVENIENTES DE TAXAS, CONTRIBUIÇÕES E PREÇOS PÚBLICOS - EMENDAS GLAUBER MILAGRES;7.500,00
PREFEITURA MUNICIPAL DE BARBACENA;35.002;FUNDO MUNICIPAL PRO-ESPORTE E LAZER;2.231;APOIO A ASSOCIACAO BOA FORMA;63;ESPORTE E LAZER TRANSFORMANDO BARBACENA;27;Desporto e Lazer;812;Desporto Comunitário;1174;4.4.50.41.00.00.00.00;CONTRIBUIÇÕES;1.753.511.0000;RECURSOS PROVENIENTES DE TAXAS, CONTRIBUIÇÕES E PREÇOS PÚBLICOS - EMENDAS CARLINHOS PLAY BOY;5.000,00
PREFEITURA MUNICIPAL DE BARBACENA;35.002;FUNDO MUNICIPAL PRO-ESPORTE E LAZER;2.231;APOIO A ASSOCIACAO BOA FORMA;63;ESPORTE E LAZER TRANSFORMANDO BARBACENA;27;Desporto e Lazer;812;Desporto Comunitário;1174;4.4.50.41.00.00.00.00;CONTRIBUIÇÕES;1.753.517.0000;RECURSOS PROVENIENTES DE TAXAS, CONTRIBUIÇÕES E PREÇOS PÚBLICOS - EMENDAS SANDRO HELENO;9.500,00
PREFEITURA MUNICIPAL DE BARBACENA;35.002;FUNDO MUNICIPAL PRO-ESPORTE E LAZER;2.237;APOIO A ASSOCIAÇÃO FÊNIX;63;ESPORTE E LAZER TRANSFORMANDO BARBACENA;27;Desporto e Lazer;812;Desporto Comunitário;1175;3.3.50.41.00.00.00.00;CONTRIBUIÇÕES;1.501.000.0000;OUTROS RECURSOS NÃO VINCULADOS;0,00
PREFEITURA MUNICIPAL DE BARBACENA;35.002;FUNDO MUNICIPAL PRO-ESPORTE E LAZER;2.237;APOIO A ASSOCIAÇÃO FÊNIX;63;ESPORTE E LAZER TRANSFORMANDO BARBACENA;27;Desporto e Lazer;812;Desporto Comunitário;1175;3.3.50.41.00.00.00.00;CONTRIBUIÇÕES;1.501.515.0000;OUTROS RECURSOS NÃO VINCULADOS - EMENDAS PAULINHO DO GAS;10.000,00
PREFEITURA MUNICIPAL DE BARBACENA;35.002;FUNDO MUNICIPAL PRO-ESPORTE E LAZER;2.237;APOIO A ASSOCIAÇÃO FÊNIX;63;ESPORTE E LAZER TRANSFORMANDO BARBACENA;27;Desporto e Lazer;812;Desporto Comunitário;1176;4.4.50.41.00.00.00.00;CONTRIBUIÇÕES;1.501.000.0000;OUTROS RECURSOS NÃO VINCULADOS;0,00
PREFEITURA MUNICIPAL DE BARBACENA;35.002;FUNDO MUNICIPAL PRO-ESPORTE E LAZER;2.237;APOIO A ASSOCIAÇÃO FÊNIX;63;ESPORTE E LAZER TRANSFORMANDO BARBACENA;27;Desporto e Lazer;812;Desporto Comunitário;1176;4.4.50.41.00.00.00.00;CONTRIBUIÇÕES;1.501.515.0000;OUTROS RECURSOS NÃO VINCULADOS - EMENDAS PAULINHO DO GAS;10.000,00
PREFEITURA MUNICIPAL DE BARBACENA;35.002;FUNDO MUNICIPAL PRO-ESPORTE E LAZER;2.243;APOIO AO ESPORTE CLUBE BARBACENA;63;ESPORTE E LAZER TRANSFORMANDO BARBACENA;27;Desporto e Lazer;812;Desporto Comunitário;1177;3.3.50.41.00.00.00.00;CONTRIBUIÇÕES;1.501.000.0000;OUTROS RECURSOS NÃO VINCULADOS;0,00
PREFEITURA MUNICIPAL DE BARBACENA;35.002;FUNDO MUNICIPAL PRO-ESPORTE E LAZER;2.243;APOIO AO ESPORTE CLUBE BARBACENA;63;ESPORTE E LAZER TRANSFORMANDO BARBACENA;27;Desporto e Lazer;812;Desporto Comunitário;1177;3.3.50.41.00.00.00.00;CONTRIBUIÇÕES;1.501.515.0000;OUTROS RECURSOS NÃO VINCULADOS - EMENDAS PAULINHO DO GAS;10.000,00
PREFEITURA MUNICIPAL DE BARBACENA;35.002;FUNDO MUNICIPAL PRO-ESPORTE E LAZER;2.243;APOIO AO ESPORTE CLUBE BARBACENA;63;ESPORTE E LAZER TRANSFORMANDO BARBACENA;27;Desporto e Lazer;812;Desporto Comunitário;1178;4.4.50.41.00.00.00.00;CONTRIBUIÇÕES;1.501.000.0000;OUTROS RECURSOS NÃO VINCULADOS;0,00
PREFEITURA MUNICIPAL DE BARBACENA;35.002;FUNDO MUNICIPAL PRO-ESPORTE E LAZER;2.243;APOIO AO ESPORTE CLUBE BARBACENA;63;ESPORTE E LAZER TRANSFORMANDO BARBACENA;27;Desporto e Lazer;812;Desporto Comunitário;1178;4.4.50.41.00.00.00.00;CONTRIBUIÇÕES;1.501.515.0000;OUTROS RECURSOS NÃO VINCULADOS - EMENDAS PAULINHO DO GAS;10.000,00
PREFEITURA MUNICIPAL DE BARBACENA;35.002;FUNDO MUNICIPAL PRO-ESPORTE E LAZER;2.458;APOIO A ASSOCIAÇÃO DE CAPOEIRA BALANÇA BRASIL;63;ESPORTE E LAZER TRANSFORMANDO BARBACENA;27;Desporto e Lazer;812;Desporto Comunitário;1179;3.3.50.41.00.00.00.00;CONTRIBUIÇÕES;1.501.000.0000;OUTROS RECURSOS NÃO VINCULADOS;0,00
PREFEITURA MUNICIPAL DE BARBACENA;35.002;FUNDO MUNICIPAL PRO-ESPORTE E LAZER;2.458;APOIO A ASSOCIAÇÃO DE CAPOEIRA BALANÇA BRASIL;63;ESPORTE E LAZER TRANSFORMANDO BARBACENA;27;Desporto e Lazer;812;Desporto Comunitário;1179;3.3.50.41.00.00.00.00;CONTRIBUIÇÕES;1.501.509.0000;OUTROS RECURSOS NÃO VINCULADOS - EMENDAS DONIZETE MEDEIROS;27.500,00
PREFEITURA MUNICIPAL DE BARBACENA;35.002;FUNDO MUNICIPAL PRO-ESPORTE E LAZER;2.458;APOIO A ASSOCIAÇÃO DE CAPOEIRA BALANÇA BRASIL;63;ESPORTE E LAZER TRANSFORMANDO BARBACENA;27;Desporto e Lazer;812;Desporto Comunitário;1179;3.3.50.41.00.00.00.00;CONTRIBUIÇÕES;1.501.510.0000;OUTROS RECURSOS NÃO VINCULADOS - EMENDAS TODINHO;10.000,00
PREFEITURA MUNICIPAL DE BARBACENA;35.002;FUNDO MUNICIPAL PRO-ESPORTE E LAZER;2.458;APOIO A ASSOCIAÇÃO DE CAPOEIRA BALANÇA BRASIL;63;ESPORTE E LAZER TRANSFORMANDO BARBACENA;27;Desporto e Lazer;812;Desporto Comunitário;1179;3.3.50.41.00.00.00.00;CONTRIBUIÇÕES;1.753.000.0000;RECURSOS PROVENIENTES DE TAXAS, CONTRIBUIÇÕES E PREÇOS PÚBLICOS;0,00
PREFEITURA MUNICIPAL DE BARBACENA;35.002;FUNDO MUNICIPAL PRO-ESPORTE E LAZER;2.458;APOIO A ASSOCIAÇÃO DE CAPOEIRA BALANÇA BRASIL;63;ESPORTE E LAZER TRANSFORMANDO BARBACENA;27;Desporto e Lazer;812;Desporto Comunitário;1179;3.3.50.41.00.00.00.00;CONTRIBUIÇÕES;1.753.508.0000;RECURSOS PROVENIENTES DE TAXAS, CONTRIBUIÇÕES E PREÇOS PÚBLICOS - EMENDAS GLAUBER MILAGRES;12.500,00
PREFEITURA MUNICIPAL DE BARBACENA;35.002;FUNDO MUNICIPAL PRO-ESPORTE E LAZER;2.458;APOIO A ASSOCIAÇÃO DE CAPOEIRA BALANÇA BRASIL;63;ESPORTE E LAZER TRANSFORMANDO BARBACENA;27;Desporto e Lazer;812;Desporto Comunitário;1180;4.4.50.41.00.00.00.00;CONTRIBUIÇÕES;1.501.000.0000;OUTROS RECURSOS NÃO VINCULADOS;0,00
PREFEITURA MUNICIPAL DE BARBACENA;35.002;FUNDO MUNICIPAL PRO-ESPORTE E LAZER;2.458;APOIO A ASSOCIAÇÃO DE CAPOEIRA BALANÇA BRASIL;63;ESPORTE E LAZER TRANSFORMANDO BARBACENA;27;Desporto e Lazer;812;Desporto Comunitário;1180;4.4.50.41.00.00.00.00;CONTRIBUIÇÕES;1.501.509.0000;OUTROS RECURSOS NÃO VINCULADOS - EMENDAS DONIZETE MEDEIROS;27.500,00
PREFEITURA MUNICIPAL DE BARBACENA;35.002;FUNDO MUNICIPAL PRO-ESPORTE E LAZER;2.458;APOIO A ASSOCIAÇÃO DE CAPOEIRA BALANÇA BRASIL;63;ESPORTE E LAZER TRANSFORMANDO BARBACENA;27;Desporto e Lazer;812;Desporto Comunitário;1180;4.4.50.41.00.00.00.00;CONTRIBUIÇÕES;1.501.510.0000;OUTROS RECURSOS NÃO VINCULADOS - EMENDAS TODINHO;10.000,00
PREFEITURA MUNICIPAL DE BARBACENA;35.002;FUNDO MUNICIPAL PRO-ESPORTE E LAZER;2.458;APOIO A ASSOCIAÇÃO DE CAPOEIRA BALANÇA BRASIL;63;ESPORTE E LAZER TRANSFORMANDO BARBACENA;27;Desporto e Lazer;812;Desporto Comunitário;1180;4.4.50.41.00.00.00.00;CONTRIBUIÇÕES;1.753.000.0000;RECURSOS PROVENIENTES DE TAXAS, CONTRIBUIÇÕES E PREÇOS PÚBLICOS;0,00
PREFEITURA MUNICIPAL DE BARBACENA;35.002;FUNDO MUNICIPAL PRO-ESPORTE E LAZER;2.458;APOIO A ASSOCIAÇÃO DE CAPOEIRA BALANÇA BRASIL;63;ESPORTE E LAZER TRANSFORMANDO BARBACENA;27;Desporto e Lazer;812;Desporto Comunitário;1180;4.4.50.41.00.00.00.00;CONTRIBUIÇÕES;1.753.508.0000;RECURSOS PROVENIENTES DE TAXAS, CONTRIBUIÇÕES E PREÇOS PÚBLICOS - EMENDAS GLAUBER MILAGRES;12.500,00
PREFEITURA MUNICIPAL DE BARBACENA;35.002;FUNDO MUNICIPAL PRO-ESPORTE E LAZER;2.460;APOIO A ASSOCIAÇÃO REN. CIDADÃ ORG. DE MEMBROS DA SOC. CIVIL - ARCOM-SC;63;ESPORTE E LAZER TRANSFORMANDO BARBACENA;27;Desporto e Lazer;812;Desporto Comunitário;1181;3.3.50.41.00.00.00.00;CONTRIBUIÇÕES;1.501.000.0000;OUTROS RECURSOS NÃO VINCULADOS;0,00
PREFEITURA MUNICIPAL DE BARBACENA;35.002;FUNDO MUNICIPAL PRO-ESPORTE E LAZER;2.460;APOIO A ASSOCIAÇÃO REN. CIDADÃ ORG. DE MEMBROS DA SOC. CIVIL - ARCOM-SC;63;ESPORTE E LAZER TRANSFORMANDO BARBACENA;27;Desporto e Lazer;812;Desporto Comunitário;1181;3.3.50.41.00.00.00.00;CONTRIBUIÇÕES;1.501.509.0000;OUTROS RECURSOS NÃO VINCULADOS - EMENDAS DONIZETE MEDEIROS;10.000,00
PREFEITURA MUNICIPAL DE BARBACENA;35.002;FUNDO MUNICIPAL PRO-ESPORTE E LAZER;2.460;APOIO A ASSOCIAÇÃO REN. CIDADÃ ORG. DE MEMBROS DA SOC. CIVIL - ARCOM-SC;63;ESPORTE E LAZER TRANSFORMANDO BARBACENA;27;Desporto e Lazer;812;Desporto Comunitário;1182;4.4.50.41.00.00.00.00;CONTRIBUIÇÕES;1.501.000.0000;OUTROS RECURSOS NÃO VINCULADOS;0,00
PREFEITURA MUNICIPAL DE BARBACENA;35.002;FUNDO MUNICIPAL PRO-ESPORTE E LAZER;2.460;APOIO A ASSOCIAÇÃO REN. CIDADÃ ORG. DE MEMBROS DA SOC. CIVIL - ARCOM-SC;63;ESPORTE E LAZER TRANSFORMANDO BARBACENA;27;Desporto e Lazer;812;Desporto Comunitário;1182;4.4.50.41.00.00.00.00;CONTRIBUIÇÕES;1.501.509.0000;OUTROS RECURSOS NÃO VINCULADOS - EMENDAS DONIZETE MEDEIROS;10.000,00
PREFEITURA MUNICIPAL DE BARBACENA;35.002;FUNDO MUNICIPAL PRO-ESPORTE E LAZER;2.475;APOIO A ASSOCIACAO DOS AMIGOS CICLISTAS DE BARBACENA E REGIAO -  AACB;63;ESPORTE E LAZER TRANSFORMANDO BARBACENA;27;Desporto e Lazer;812;Desporto Comunitário;1183;3.3.50.41.00.00.00.00;CONTRIBUIÇÕES;1.501.000.0000;OUTROS RECURSOS NÃO VINCULADOS;0,00
PREFEITURA MUNICIPAL DE BARBACENA;35.002;FUNDO MUNICIPAL PRO-ESPORTE E LAZER;2.475;APOIO A ASSOCIACAO DOS AMIGOS CICLISTAS DE BARBACENA E REGIAO -  AACB;63;ESPORTE E LAZER TRANSFORMANDO BARBACENA;27;Desporto e Lazer;812;Desporto Comunitário;1183;3.3.50.41.00.00.00.00;CONTRIBUIÇÕES;1.501.520.0000;OUTROS RECURSOS NÃO VINCULADOS - EMENDAS BANCADA AVANTE;316.223,50
PREFEITURA MUNICIPAL DE BARBACENA;35.002;FUNDO MUNICIPAL PRO-ESPORTE E LAZER;2.475;APOIO A ASSOCIACAO DOS AMIGOS CICLISTAS DE BARBACENA E REGIAO -  AACB;63;ESPORTE E LAZER TRANSFORMANDO BARBACENA;27;Desporto e Lazer;812;Desporto Comunitário;1184;4.4.50.41.00.00.00.00;CONTRIBUIÇÕES;1.501.000.0000;OUTROS RECURSOS NÃO VINCULADOS;0,00
PREFEITURA MUNICIPAL DE BARBACENA;35.002;FUNDO MUNICIPAL PRO-ESPORTE E LAZER;2.475;APOIO A ASSOCIACAO DOS AMIGOS CICLISTAS DE BARBACENA E REGIAO -  AACB;63;ESPORTE E LAZER TRANSFORMANDO BARBACENA;27;Desporto e Lazer;812;Desporto Comunitário;1184;4.4.50.41.00.00.00.00;CONTRIBUIÇÕES;1.501.520.0000;OUTROS RECURSOS NÃO VINCULADOS - EMENDAS BANCADA AVANTE;316.223,49
PREFEITURA MUNICIPAL DE BARBACENA;35.002;FUNDO MUNICIPAL PRO-ESPORTE E LAZER;2.489;APOIO A HO SHIN SUL TAE KWONDO CLUBE;63;ESPORTE E LAZER TRANSFORMANDO BARBACENA;27;Desporto e Lazer;812;Desporto Comunitário;1185;3.3.50.41.00.00.00.00;CONTRIBUIÇÕES;1.501.000.0000;OUTROS RECURSOS NÃO VINCULADOS;0,00
PREFEITURA MUNICIPAL DE BARBACENA;35.002;FUNDO MUNICIPAL PRO-ESPORTE E LAZER;2.489;APOIO A HO SHIN SUL TAE KWONDO CLUBE;63;ESPORTE E LAZER TRANSFORMANDO BARBACENA;27;Desporto e Lazer;812;Desporto Comunitário;1185;3.3.50.41.00.00.00.00;CONTRIBUIÇÕES;1.501.507.0000;OUTROS RECURSOS NÃO VINCULADOS - EMENDAS FLAVIO MALUF;26.720,83
PREFEITURA MUNICIPAL DE BARBACENA;35.002;FUNDO MUNICIPAL PRO-ESPORTE E LAZER;2.489;APOIO A HO SHIN SUL TAE KWONDO CLUBE;63;ESPORTE E LAZER TRANSFORMANDO BARBACENA;27;Desporto e Lazer;812;Desporto Comunitário;1185;3.3.50.41.00.00.00.00;CONTRIBUIÇÕES;1.501.516.0000;OUTROS RECURSOS NÃO VINCULADOS - EMENDAS ROBERTO DA FARMACIA;10.000,00
PREFEITURA MUNICIPAL DE BARBACENA;35.002;FUNDO MUNICIPAL PRO-ESPORTE E LAZER;2.489;APOIO A HO SHIN SUL TAE KWONDO CLUBE;63;ESPORTE E LAZER TRANSFORMANDO BARBACENA;27;Desporto e Lazer;812;Desporto Comunitário;1186;4.4.50.41.00.00.00.00;CONTRIBUIÇÕES;1.501.000.0000;OUTROS RECURSOS NÃO VINCULADOS;0,00
PREFEITURA MUNICIPAL DE BARBACENA;35.002;FUNDO MUNICIPAL PRO-ESPORTE E LAZER;2.489;APOIO A HO SHIN SUL TAE KWONDO CLUBE;63;ESPORTE E LAZER TRANSFORMANDO BARBACENA;27;Desporto e Lazer;812;Desporto Comunitário;1186;4.4.50.41.00.00.00.00;CONTRIBUIÇÕES;1.501.507.0000;OUTROS RECURSOS NÃO VINCULADOS - EMENDAS FLAVIO MALUF;26.720,82
PREFEITURA MUNICIPAL DE BARBACENA;35.002;FUNDO MUNICIPAL PRO-ESPORTE E LAZER;2.489;APOIO A HO SHIN SUL TAE KWONDO CLUBE;63;ESPORTE E LAZER TRANSFORMANDO BARBACENA;27;Desporto e Lazer;812;Desporto Comunitário;1186;4.4.50.41.00.00.00.00;CONTRIBUIÇÕES;1.501.516.0000;OUTROS RECURSOS NÃO VINCULADOS - EMENDAS ROBERTO DA FARMACIA;10.000,00
PREFEITURA MUNICIPAL DE BARBACENA;35.002;FUNDO MUNICIPAL PRO-ESPORTE E LAZER;2.544;AÇÕES DE APOIO AO ESPORTE E LAZER - EMENDAS MUNICIPAIS;63;ESPORTE E LAZER TRANSFORMANDO BARBACENA;27;Desporto e Lazer;812;Desporto Comunitário;1187;3.3.90.30.00.00.00.00;MATERIAL DE CONSUMO;1.501.000.0000;OUTROS RECURSOS NÃO VINCULADOS;0,00
PREFEITURA MUNICIPAL DE BARBACENA;35.002;FUNDO MUNICIPAL PRO-ESPORTE E LAZER;2.544;AÇÕES DE APOIO AO ESPORTE E LAZER - EMENDAS MUNICIPAIS;63;ESPORTE E LAZER TRANSFORMANDO BARBACENA;27;Desporto e Lazer;812;Desporto Comunitário;1187;3.3.90.30.00.00.00.00;MATERIAL DE CONSUMO;1.501.512.0000;OUTROS RECURSOS NÃO VINCULADOS - EMENDAS MARILENE FRANCO;5.000,00
PREFEITURA MUNICIPAL DE BARBACENA;35.002;FUNDO MUNICIPAL PRO-ESPORTE E LAZER;2.544;AÇÕES DE APOIO AO ESPORTE E LAZER - EMENDAS MUNICIPAIS;63;ESPORTE E LAZER TRANSFORMANDO BARBACENA;27;Desporto e Lazer;812;Desporto Comunitário;1188;4.4.90.52.00.00.00.00;EQUIPAMENTOS E MATERIAL PERMANENTE;1.501.000.0000;OUTROS RECURSOS NÃO VINCULADOS;0,00
PREFEITURA MUNICIPAL DE BARBACENA;35.002;FUNDO MUNICIPAL PRO-ESPORTE E LAZER;2.544;AÇÕES DE APOIO AO ESPORTE E LAZER - EMENDAS MUNICIPAIS;63;ESPORTE E LAZER TRANSFORMANDO BARBACENA;27;Desporto e Lazer;812;Desporto Comunitário;1188;4.4.90.52.00.00.00.00;EQUIPAMENTOS E MATERIAL PERMANENTE;1.501.512.0000;OUTROS RECURSOS NÃO VINCULADOS - EMENDAS MARILENE FRANCO;5.000,00
PREFEITURA MUNICIPAL DE BARBACENA;35.002;FUNDO MUNICIPAL PRO-ESPORTE E LAZER;2.545;APOIO A ASSOCIAÇÃO ESPORTE CLUBE BARBACENA MG - AECB;63;ESPORTE E LAZER TRANSFORMANDO BARBACENA;27;Desporto e Lazer;812;Desporto Comunitário;1189;3.3.50.41.00.00.00.00;CONTRIBUIÇÕES;1.501.000.0000;OUTROS RECURSOS NÃO VINCULADOS;0,00
PREFEITURA MUNICIPAL DE BARBACENA;35.002;FUNDO MUNICIPAL PRO-ESPORTE E LAZER;2.545;APOIO A ASSOCIAÇÃO ESPORTE CLUBE BARBACENA MG - AECB;63;ESPORTE E LAZER TRANSFORMANDO BARBACENA;27;Desporto e Lazer;812;Desporto Comunitário;1189;3.3.50.41.00.00.00.00;CONTRIBUIÇÕES;1.501.518.0000;OUTROS RECURSOS NÃO VINCULADOS - EMENDAS XINAIDER;76.720,82
PREFEITURA MUNICIPAL DE BARBACENA;35.002;FUNDO MUNICIPAL PRO-ESPORTE E LAZER;2.545;APOIO A ASSOCIAÇÃO ESPORTE CLUBE BARBACENA MG - AECB;63;ESPORTE E LAZER TRANSFORMANDO BARBACENA;27;Desporto e Lazer;812;Desporto Comunitário;1190;4.4.50.41.00.00.00.00;CONTRIBUIÇÕES;1.501.000.0000;OUTROS RECURSOS NÃO VINCULADOS;0,00
PREFEITURA MUNICIPAL DE BARBACENA;35.002;FUNDO MUNICIPAL PRO-ESPORTE E LAZER;2.545;APOIO A ASSOCIAÇÃO ESPORTE CLUBE BARBACENA MG - AECB;63;ESPORTE E LAZER TRANSFORMANDO BARBACENA;27;Desporto e Lazer;812;Desporto Comunitário;1190;4.4.50.41.00.00.00.00;CONTRIBUIÇÕES;1.501.518.0000;OUTROS RECURSOS NÃO VINCULADOS - EMENDAS XINAIDER;76.720,83
PREFEITURA MUNICIPAL DE BARBACENA;35.002;FUNDO MUNICIPAL PRO-ESPORTE E LAZER;2.555;APOIO AO BARCELONA ESPORTE CLUBE;63;ESPORTE E LAZER TRANSFORMANDO BARBACENA;27;Desporto e Lazer;812;Desporto Comunitário;1191;3.3.50.41.00.00.00.00;CONTRIBUIÇÕES;1.753.000.0000;RECURSOS PROVENIENTES DE TAXAS, CONTRIBUIÇÕES E PREÇOS PÚBLICOS;0,00
PREFEITURA MUNICIPAL DE BARBACENA;35.002;FUNDO MUNICIPAL PRO-ESPORTE E LAZER;2.555;APOIO AO BARCELONA ESPORTE CLUBE;63;ESPORTE E LAZER TRANSFORMANDO BARBACENA;27;Desporto e Lazer;812;Desporto Comunitário;1191;3.3.50.41.00.00.00.00;CONTRIBUIÇÕES;1.753.502.0000;RECURSOS PROVENIENTES DE TAXAS, CONTRIBUIÇÕES E PREÇOS PÚBLICOS - EMENDAS DIEGO BAIANO;15.000,00
PREFEITURA MUNICIPAL DE BARBACENA;35.002;FUNDO MUNICIPAL PRO-ESPORTE E LAZER;2.555;APOIO AO BARCELONA ESPORTE CLUBE;63;ESPORTE E LAZER TRANSFORMANDO BARBACENA;27;Desporto e Lazer;812;Desporto Comunitário;1192;4.4.50.41.00.00.00.00;CONTRIBUIÇÕES;1.753.000.0000;RECURSOS PROVENIENTES DE TAXAS, CONTRIBUIÇÕES E PREÇOS PÚBLICOS;0,00
PREFEITURA MUNICIPAL DE BARBACENA;35.002;FUNDO MUNICIPAL PRO-ESPORTE E LAZER;2.555;APOIO AO BARCELONA ESPORTE CLUBE;63;ESPORTE E LAZER TRANSFORMANDO BARBACENA;27;Desporto e Lazer;812;Desporto Comunitário;1192;4.4.50.41.00.00.00.00;CONTRIBUIÇÕES;1.753.502.0000;RECURSOS PROVENIENTES DE TAXAS, CONTRIBUIÇÕES E PREÇOS PÚBLICOS - EMENDAS DIEGO BAIANO;15.000,00
PREFEITURA MUNICIPAL DE BARBACENA;35.002;FUNDO MUNICIPAL PRO-ESPORTE E LAZER;2.730;FOMENTAR E VALORIZAR PROJETOS SÓCIO-EDUCACIONAIS E APOIAR OS JOGOS ESCOLARES;63;ESPORTE E LAZER TRANSFORMANDO BARBACENA;27;Desporto e Lazer;812;Desporto Comunitário;1193;3.3.50.41.00.00.00.00;CONTRIBUIÇÕES;1.500.000.0000;RECURSOS NÃO VINCULADOS DE IMPOSTOS;0,00
PREFEITURA MUNICIPAL DE BARBACENA;35.002;FUNDO MUNICIPAL PRO-ESPORTE E LAZER;2.730;FOMENTAR E VALORIZAR PROJETOS SÓCIO-EDUCACIONAIS E APOIAR OS JOGOS ESCOLARES;63;ESPORTE E LAZER TRANSFORMANDO BARBACENA;27;Desporto e Lazer;812;Desporto Comunitário;1194;3.3.90.30.00.00.00.00;MATERIAL DE CONSUMO;1.500.000.0000;RECURSOS NÃO VINCULADOS DE IMPOSTOS;0,00
PREFEITURA MUNICIPAL DE BARBACENA;35.002;FUNDO MUNICIPAL PRO-ESPORTE E LAZER;2.730;FOMENTAR E VALORIZAR PROJETOS SÓCIO-EDUCACIONAIS E APOIAR OS JOGOS ESCOLARES;63;ESPORTE E LAZER TRANSFORMANDO BARBACENA;27;Desporto e Lazer;812;Desporto Comunitário;1195;3.3.90.39.00.00.00.00;OUTROS SERVIÇOS DE TERCEIROS - PESSOA JURÍDICA;1.500.000.0000;RECURSOS NÃO VINCULADOS DE IMPOSTOS;0,00
PREFEITURA MUNICIPAL DE BARBACENA;35.002;FUNDO MUNICIPAL PRO-ESPORTE E LAZER;2.730;FOMENTAR E VALORIZAR PROJETOS SÓCIO-EDUCACIONAIS E APOIAR OS JOGOS ESCOLARES;63;ESPORTE E LAZER TRANSFORMANDO BARBACENA;27;Desporto e Lazer;812;Desporto Comunitário;1195;3.3.90.39.00.00.00.00;OUTROS SERVIÇOS DE TERCEIROS - PESSOA JURÍDICA;1.501.000.0000;OUTROS RECURSOS NÃO VINCULADOS;49.740,00
PREFEITURA MUNICIPAL DE BARBACENA;35.002;FUNDO MUNICIPAL PRO-ESPORTE E LAZER;2.730;FOMENTAR E VALORIZAR PROJETOS SÓCIO-EDUCACIONAIS E APOIAR OS JOGOS ESCOLARES;63;ESPORTE E LAZER TRANSFORMANDO BARBACENA;27;Desporto e Lazer;812;Desporto Comunitário;1195;3.3.90.39.00.00.00.00;OUTROS SERVIÇOS DE TERCEIROS - PESSOA JURÍDICA;1.753.000.0000;RECURSOS PROVENIENTES DE TAXAS, CONTRIBUIÇÕES E PREÇOS PÚBLICOS;270.478,16
PREFEITURA MUNICIPAL DE BARBACENA;35.002;FUNDO MUNICIPAL PRO-ESPORTE E LAZER;4.545;APOIO A ASSOCIAÇÃO ESPORTE CLUBE BARBACENA MG - AECB;63;ESPORTE E LAZER TRANSFORMANDO BARBACENA;27;Desporto e Lazer;812;Desporto Comunitário;1196;3.3.50.41.00.00.00.00;CONTRIBUIÇÕES;1.501.000.0000;OUTROS RECURSOS NÃO VINCULADOS;0,00
PREFEITURA MUNICIPAL DE BARBACENA;35.002;FUNDO MUNICIPAL PRO-ESPORTE E LAZER;4.545;APOIO A ASSOCIAÇÃO ESPORTE CLUBE BARBACENA MG - AECB;63;ESPORTE E LAZER TRANSFORMANDO BARBACENA;27;Desporto e Lazer;812;Desporto Comunitário;1196;3.3.50.41.00.00.00.00;CONTRIBUIÇÕES;1.501.525.0000;OUTROS RECURSOS NÃO VINCULADOS - EMENDAS BANCADA PODEMOS;158.111,75
PREFEITURA MUNICIPAL DE BARBACENA;35.002;FUNDO MUNICIPAL PRO-ESPORTE E LAZER;4.545;APOIO A ASSOCIAÇÃO ESPORTE CLUBE BARBACENA MG - AECB;63;ESPORTE E LAZER TRANSFORMANDO BARBACENA;27;Desporto e Lazer;812;Desporto Comunitário;1197;4.4.50.41.00.00.00.00;CONTRIBUIÇÕES;1.501.000.0000;OUTROS RECURSOS NÃO VINCULADOS;0,00
PREFEITURA MUNICIPAL DE BARBACENA;35.002;FUNDO MUNICIPAL PRO-ESPORTE E LAZER;4.545;APOIO A ASSOCIAÇÃO ESPORTE CLUBE BARBACENA MG - AECB;63;ESPORTE E LAZER TRANSFORMANDO BARBACENA;27;Desporto e Lazer;812;Desporto Comunitário;1197;4.4.50.41.00.00.00.00;CONTRIBUIÇÕES;1.501.525.0000;OUTROS RECURSOS NÃO VINCULADOS - EMENDAS BANCADA PODEMOS;158.111,75
